veh_id,kind,length_m,origin,destination,depart_s,arrive_s,travel_s,dist_m,avg_kmh,stops
12,car,4.5,road_loopA_f0,xloopA_0Bb,2155.3,2196.3,41.0,478.8,42.1,0
66,car,4.5,xloopA_0Ba,xloopA_0Bb,2213.6,2231.5,17.9,84.2,16.9,1
31,car,4.5,xloopA_0Aa,xloopA_0Ab,2174.4,2232.5,58.1,84.7,5.2,1
47,car,4.5,xloopA_0Aa,xloopA_0Ab,2194.1,2235.3,41.2,84.2,7.4,1
10,car,4.5,road_loopA_r0,road_loopA_r1,2152.7,2241.7,89.0,1297.3,52.5,0
11,suv,4.8,road_loopA_f0,road_loopA_f1,2154.8,2244.2,89.4,1302.8,52.4,0
14,car,4.5,road_loopA_r0,road_loopA_r1,2156.4,2245.3,88.9,1297.3,52.5,0
15,car,4.5,road_loopA_f0,road_loopA_f1,2157.5,2246.9,89.4,1303.1,52.5,0
16,car,4.5,road_loopA_r0,road_loopA_r1,2159.1,2248.0,88.9,1297.3,52.5,0
17,car,4.5,road_loopA_r0,road_loopA_r1,2160.2,2249.1,88.9,1297.3,52.5,0
20,suv,4.8,road_loopA_r0,road_loopA_r1,2161.7,2250.7,89.0,1297.3,52.5,0
21,car,4.5,road_loopA_f0,road_loopA_f1,2162.4,2253.6,91.2,1303.6,51.4,0
38,suv,4.8,road_loopA_f0,xloopA_0Bb,2179.3,2254.3,75.0,479.0,23.0,2
13,truck,8.5,road_loopA_f0,road_loopA_f1,2155.5,2255.5,100.0,1304.1,46.9,0
22,suv,4.8,road_loopA_f0,road_loopA_f1,2163.4,2255.8,92.4,1303.3,50.8,0
43,car,4.5,road_loopA_f0,xloopA_0Bb,2186.9,2257.9,71.0,478.7,24.3,2
19,truck,8.5,road_loopA_f0,road_loopA_f1,2161.8,2262.0,100.2,1303.3,46.8,0
51,truck,8.5,road_loopA_f0,xloopA_0Bb,2196.1,2263.4,67.3,478.9,25.6,2
9,suv,4.8,road_loopA_f0,road_loopA_f1,2151.6,2263.5,111.9,1303.4,41.9,0
24,car,4.5,road_loopA_f0,road_loopA_f1,2164.6,2265.2,100.6,1303.0,46.6,0
76,car,4.5,road_loopA_f0,xloopA_0Bb,2222.3,2268.1,45.8,478.7,37.6,0
18,car,4.5,road_loopA_r0,road_loopA_r1,2161.6,2269.9,108.3,1297.5,43.1,1
27,car,4.5,road_loopA_r0,road_loopA_r1,2165.4,2270.5,105.1,1297.6,44.5,1
32,car,4.5,road_loopA_f0,road_loopA_f1,2174.4,2270.5,96.1,1303.5,48.8,0
34,car,4.5,road_loopA_r0,road_loopA_r1,2176.1,2272.3,96.2,1298.7,48.6,0
36,car,4.5,road_loopA_f0,road_loopA_f1,2178.3,2272.3,94.0,1303.7,49.9,0
37,car,4.5,road_loopA_r0,road_loopA_r1,2178.6,2274.7,96.1,1297.9,48.6,0
45,car,4.5,road_loopA_f0,road_loopA_f1,2188.1,2277.7,89.6,1303.8,52.4,0
42,car,4.5,road_loopA_r0,road_loopA_r1,2185.1,2277.9,92.8,1297.7,50.3,0
23,truck,8.5,road_loopA_r0,road_loopA_r1,2163.9,2279.1,115.2,1298.0,40.6,0
30,car,4.5,road_loopA_r0,road_loopA_r1,2173.3,2279.1,105.8,1298.0,44.2,0
25,truck,8.5,road_loopA_f0,road_loopA_f1,2164.9,2279.2,114.3,1303.0,41.0,0
26,truck,8.5,road_loopA_f0,road_loopA_f1,2165.2,2279.4,114.2,1303.2,41.1,0
40,car,4.5,road_loopA_r0,road_loopA_r1,2182.5,2280.6,98.1,1297.8,47.6,0
41,car,4.5,road_loopA_r0,road_loopA_r1,2185.0,2280.8,95.8,1298.4,48.8,0
29,suv,4.8,road_loopA_f0,road_loopA_f1,2170.2,2281.3,111.1,1303.4,42.2,0
100,suv,4.8,road_loopA_f0,xloopA_0Bb,2240.9,2281.5,40.6,479.2,42.5,0
35,suv,4.8,road_loopA_f0,road_loopA_f1,2177.9,2281.7,103.8,1303.3,45.2,0
39,car,4.5,road_loopA_f0,road_loopA_f1,2180.4,2283.5,103.1,1303.5,45.5,0
48,car,4.5,road_loopA_r0,road_loopA_r1,2194.6,2283.7,89.1,1297.8,52.4,0
53,suv,4.8,road_loopA_r0,road_loopA_r1,2199.1,2288.0,88.9,1297.3,52.5,0
58,car,4.5,road_loopA_r0,road_loopA_r1,2205.8,2294.9,89.1,1298.6,52.5,0
59,suv,4.8,road_loopA_r0,road_loopA_r1,2208.5,2297.5,89.0,1297.3,52.5,0
50,suv,4.8,road_loopA_f0,road_loopA_f1,2196.0,2298.0,102.0,1303.0,46.0,1
44,truck,8.5,road_loopA_r0,road_loopA_r1,2187.1,2298.5,111.4,1297.6,42.0,0
54,car,4.5,road_loopA_f0,road_loopA_f1,2202.3,2300.4,98.1,1304.1,47.8,0
61,car,4.5,road_loopA_r0,road_loopA_r1,2210.2,2300.6,90.4,1297.8,51.7,0
60,car,4.5,road_loopA_f0,road_loopA_f1,2208.7,2300.7,92.0,1303.3,51.0,0
62,car,4.5,road_loopA_f0,road_loopA_f1,2211.7,2303.3,91.6,1303.5,51.2,0
64,car,4.5,road_loopA_r0,road_loopA_r1,2212.3,2304.8,92.5,1298.0,50.5,0
68,car,4.5,road_loopA_f0,road_loopA_f1,2215.6,2305.2,89.6,1303.9,52.4,0
46,truck,8.5,road_loopA_f0,road_loopA_f1,2193.1,2305.6,112.5,1303.2,41.7,0
69,car,4.5,road_loopA_r0,road_loopA_r1,2217.0,2306.9,89.9,1297.7,52.0,0
52,suv,4.8,road_loopA_f0,road_loopA_f1,2198.4,2307.6,109.2,1303.3,43.0,0
71,car,4.5,road_loopA_r0,road_loopA_r1,2218.7,2308.7,90.0,1297.9,51.9,0
55,car,4.5,road_loopA_f0,road_loopA_f1,2202.3,2309.4,107.1,1304.0,43.8,0
73,car,4.5,road_loopA_f0,road_loopA_f1,2219.9,2309.5,89.6,1303.3,52.4,0
74,car,4.5,road_loopA_r0,road_loopA_r1,2221.5,2310.9,89.4,1297.4,52.2,0
56,car,4.5,road_loopA_f0,road_loopA_f1,2203.5,2311.2,107.7,1303.0,43.5,0
49,car,4.5,road_loopA_r0,road_loopA_r1,2194.7,2313.9,119.2,1298.2,39.2,0
63,suv,4.8,road_loopA_r0,road_loopA_r1,2211.9,2316.8,104.9,1297.7,44.6,0
81,car,4.5,road_loopA_f0,road_loopA_f1,2228.4,2317.7,89.3,1303.1,52.5,0
70,car,4.5,road_loopA_r0,road_loopA_r1,2217.6,2319.0,101.4,1297.7,46.1,0
77,car,4.5,road_loopA_r0,road_loopA_r1,2223.2,2323.8,100.6,1297.8,46.4,0
78,car,4.5,road_loopA_r0,road_loopA_r1,2224.7,2324.7,100.0,1297.3,46.7,0
79,car,4.5,road_loopA_r0,road_loopA_r1,2226.5,2324.7,98.2,1298.3,47.6,0
91,car,4.5,road_loopA_f0,road_loopA_f1,2236.0,2325.4,89.4,1303.1,52.5,0
150,car,4.5,road_loopA_f0,xloopA_0Bb,2283.0,2326.3,43.3,478.7,39.8,0
92,car,4.5,road_loopA_f0,road_loopA_f1,2236.1,2327.2,91.1,1302.9,51.5,0
93,suv,4.8,road_loopA_f0,road_loopA_f1,2236.3,2327.3,91.0,1303.7,51.6,0
83,truck,8.5,road_loopA_r0,road_loopA_r1,2229.3,2327.9,98.6,1297.6,47.4,0
84,car,4.5,road_loopA_r0,road_loopA_r1,2231.3,2328.1,96.8,1297.7,48.2,0
75,truck,8.5,road_loopA_f0,road_loopA_f1,2221.5,2328.8,107.3,1303.3,43.7,0
89,car,4.5,road_loopA_r0,road_loopA_r1,2235.2,2329.1,93.9,1297.7,49.8,0
157,car,4.5,road_loopA_f0,xloopA_0Bb,2288.2,2329.7,41.5,478.8,41.5,0
97,car,4.5,road_loopA_f0,road_loopA_f1,2238.8,2330.1,91.3,1303.2,51.4,0
86,car,4.5,road_loopA_r0,road_loopA_r1,2232.3,2330.9,98.6,1298.0,47.4,0
101,car,4.5,road_loopA_f0,road_loopA_f1,2241.8,2331.1,89.3,1303.1,52.5,0
94,suv,4.8,road_loopA_r0,road_loopA_r1,2237.0,2331.5,94.5,1298.5,49.5,0
65,car,4.5,road_loopA_r0,road_loopA_r1,2212.8,2333.2,120.4,1297.2,38.8,0
98,car,4.5,road_loopA_r0,road_loopA_r1,2239.9,2333.2,93.3,1297.7,50.1,0
104,suv,4.8,road_loopA_f0,road_loopA_f1,2244.0,2333.4,89.4,1303.1,52.5,0
80,car,4.5,road_loopA_r0,road_loopA_r1,2228.3,2333.7,105.4,1298.1,44.3,0
102,suv,4.8,road_loopA_f0,road_loopA_f1,2242.5,2334.5,92.0,1303.1,51.0,0
106,suv,4.8,road_loopA_f0,road_loopA_f1,2244.7,2335.3,90.6,1303.2,51.8,0
107,car,4.5,road_loopA_f0,road_loopA_f1,2246.1,2336.3,90.2,1303.9,52.0,0
109,car,4.5,road_loopA_r0,road_loopA_r1,2246.6,2336.5,89.9,1298.0,52.0,0
110,car,4.5,road_loopA_f0,road_loopA_f1,2246.8,2337.6,90.8,1303.2,51.7,0
82,car,4.5,road_loopA_f0,road_loopA_f1,2228.9,2338.0,109.1,1303.8,43.0,0
96,car,4.5,road_loopA_r0,road_loopA_r1,2238.2,2338.0,99.8,1298.0,46.8,0
114,suv,4.8,road_loopA_r0,road_loopA_r1,2249.9,2339.6,89.7,1298.2,52.1,0
112,car,4.5,road_loopA_r0,road_loopA_r1,2248.8,2342.2,93.4,1297.5,50.0,0
108,car,4.5,road_loopA_r0,road_loopA_r1,2246.6,2342.4,95.8,1297.4,48.7,0
117,car,4.5,road_loopA_r0,road_loopA_r1,2252.5,2344.2,91.7,1297.3,50.9,0
105,truck,8.5,road_loopA_f0,road_loopA_f1,2244.4,2344.9,100.5,1303.1,46.7,0
28,car,4.5,road_loopA_r0,xloopA_0Bb,2166.4,2345.0,178.6,895.8,18.1,1
57,car,4.5,road_loopA_f0,xloopA_0Ab,2205.0,2345.5,140.5,505.2,12.9,1
121,car,4.5,road_loopA_r0,road_loopA_r1,2254.9,2346.0,91.1,1298.3,51.3,0
87,car,4.5,road_loopA_r0,xloopA_0Bb,2232.8,2347.6,114.8,895.8,28.1,1
103,car,4.5,road_loopA_r0,road_loopA_r1,2242.7,2347.7,105.0,1297.9,44.5,0
67,car,4.5,road_loopA_f0,xloopA_0Ab,2213.7,2348.1,134.4,505.3,13.5,1
120,car,4.5,road_loopA_r0,road_loopA_r1,2254.7,2348.1,93.4,1298.2,50.0,0
118,suv,4.8,road_loopA_r0,xloopA_0Bb,2252.5,2350.2,97.7,895.2,33.0,1
95,car,4.5,road_loopA_f0,xloopA_0Ab,2237.7,2350.7,113.0,505.0,16.1,1
123,car,4.5,road_loopA_r0,road_loopA_r1,2256.8,2351.1,94.3,1297.7,49.6,0
125,suv,4.8,road_loopA_r0,road_loopA_r1,2258.6,2352.9,94.3,1298.1,49.5,0
127,suv,4.8,road_loopA_r0,road_loopA_r1,2259.6,2353.9,94.3,1297.7,49.6,0
113,car,4.5,road_loopA_f0,road_loopA_f1,2249.8,2354.3,104.5,1303.9,44.9,0
126,car,4.5,road_loopA_f0,road_loopA_f1,2258.8,2354.6,95.8,1303.4,49.0,0
128,car,4.5,road_loopA_r0,road_loopA_r1,2259.9,2354.8,94.9,1298.0,49.3,0
135,car,4.5,road_loopA_f0,road_loopA_f1,2265.1,2355.6,90.5,1303.4,51.9,0
130,car,4.5,road_loopA_f0,road_loopA_f1,2264.0,2356.5,92.5,1303.3,50.7,0
129,car,4.5,road_loopA_r0,road_loopA_r1,2263.6,2356.8,93.2,1297.6,50.1,0
85,car,4.5,xloopA_0Ba,xloopA_0Bb,2232.0,2357.0,125.0,84.3,2.4,1
124,car,4.5,road_loopA_f0,road_loopA_f1,2257.8,2358.2,100.4,1302.8,46.7,0
132,car,4.5,road_loopA_f0,road_loopA_f1,2264.5,2358.6,94.1,1303.3,49.9,0
111,truck,8.5,road_loopA_r0,road_loopA_r1,2248.1,2358.7,110.6,1297.3,42.2,0
138,car,4.5,road_loopA_r0,road_loopA_r1,2269.6,2359.0,89.4,1297.3,52.2,0
116,car,4.5,xloopA_0Ba,xloopA_0Bb,2252.1,2359.1,107.0,84.8,2.9,1
90,car,4.5,xloopA_0Aa,xloopA_0Ab,2235.6,2360.1,124.5,84.2,2.4,1
133,car,4.5,road_loopA_r0,road_loopA_r1,2264.9,2360.3,95.4,1297.3,49.0,0
122,car,4.5,xloopA_0Ba,xloopA_0Bb,2256.2,2361.2,105.0,84.6,2.9,1
99,car,4.5,xloopA_0Aa,xloopA_0Ab,2241.0,2362.3,121.3,84.5,2.5,1
131,suv,4.8,road_loopA_r0,road_loopA_r1,2264.2,2362.4,98.2,1297.4,47.5,0
136,truck,8.5,road_loopA_f0,road_loopA_f1,2267.6,2362.5,94.9,1304.1,49.4,0
134,suv,4.8,road_loopA_r0,road_loopA_r1,2264.9,2363.8,98.9,1297.4,47.2,0
137,car,4.5,road_loopA_f0,road_loopA_f1,2269.6,2364.3,94.7,1302.8,49.5,0
146,car,4.5,xloopA_0Aa,xloopA_0Ab,2280.3,2364.3,84.0,84.2,3.6,0
139,car,4.5,road_loopA_f0,road_loopA_f1,2270.5,2366.4,95.9,1303.0,48.9,0
147,car,4.5,road_loopA_f0,road_loopA_f1,2280.6,2369.9,89.3,1303.1,52.5,0
148,car,4.5,road_loopA_f0,road_loopA_f1,2281.6,2376.2,94.6,1303.9,49.6,0
163,suv,4.8,road_loopA_f0,xloopA_0Bb,2291.1,2377.2,86.1,479.0,20.0,2
119,car,4.5,road_loopA_r0,xloopA_0Ab,2253.0,2377.5,124.5,868.9,25.1,2
158,car,4.5,road_loopA_f0,road_loopA_f1,2288.5,2378.0,89.5,1303.3,52.4,0
160,suv,4.8,road_loopA_f0,road_loopA_f1,2289.9,2380.9,91.0,1304.1,51.6,0
166,car,4.5,road_loopA_f0,road_loopA_f1,2292.6,2382.3,89.7,1303.5,52.3,0
179,truck,8.5,road_loopA_f0,xloopA_0Bb,2303.0,2382.5,79.5,479.1,21.7,2
144,car,4.5,road_loopA_r0,xloopA_0Ab,2276.6,2386.8,110.2,869.2,28.4,1
152,car,4.5,road_loopA_f0,road_loopA_f1,2284.9,2386.8,101.9,1302.9,46.0,0
140,suv,4.8,road_loopA_r0,road_loopA_r1,2273.9,2394.7,120.8,1298.2,38.7,1
143,car,4.5,road_loopA_r0,road_loopA_r1,2275.7,2396.2,120.5,1297.5,38.8,1
155,car,4.5,road_loopA_f0,road_loopA_f1,2287.8,2397.7,109.9,1303.3,42.7,0
149,car,4.5,road_loopA_r0,road_loopA_r1,2282.3,2399.1,116.8,1298.2,40.0,1
167,car,4.5,road_loopA_r0,road_loopA_r1,2292.6,2400.9,108.3,1297.5,43.1,1
159,car,4.5,road_loopA_r0,road_loopA_r1,2288.9,2401.3,112.4,1297.5,41.5,1
170,car,4.5,road_loopA_r0,road_loopA_r1,2295.7,2402.6,106.9,1297.5,43.7,1
174,car,4.5,road_loopA_r0,road_loopA_r1,2299.0,2404.4,105.4,1297.4,44.3,1
161,car,4.5,road_loopA_r0,road_loopA_r1,2290.9,2407.2,116.3,1297.6,40.2,1
176,truck,8.5,road_loopA_r0,road_loopA_r1,2302.2,2410.5,108.3,1297.8,43.1,0
172,car,4.5,road_loopA_r0,road_loopA_r1,2298.2,2411.2,113.0,1298.2,41.4,1
168,suv,4.8,road_loopA_r0,road_loopA_r1,2293.6,2412.4,118.8,1298.5,39.3,1
151,suv,4.8,road_loopA_r0,road_loopA_r1,2284.0,2414.9,130.9,1297.9,35.7,1
141,car,4.5,road_loopA_r0,road_loopA_r1,2274.2,2415.1,140.9,1297.9,33.2,1
142,car,4.5,road_loopA_r0,road_loopA_r1,2275.4,2416.5,141.1,1298.3,33.1,1
182,car,4.5,road_loopA_r0,road_loopA_r1,2312.0,2418.1,106.1,1298.0,44.1,0
88,car,4.5,xloopA_0Aa,road_loopA_r1,2233.4,2418.5,185.1,506.5,9.9,1
175,car,4.5,road_loopA_r0,road_loopA_r1,2300.1,2419.2,119.1,1297.7,39.2,0
145,car,4.5,road_loopA_r0,road_loopA_r1,2279.4,2420.6,141.2,1297.7,33.1,1
162,suv,4.8,road_loopA_f0,xloopA_0Ab,2291.1,2420.8,129.7,505.7,14.0,2
188,car,4.5,road_loopA_r0,road_loopA_r1,2327.4,2420.8,93.4,1297.6,50.0,0
115,truck,8.5,road_loopA_r0,xloopA_0Bb,2251.0,2421.5,170.5,895.9,18.9,1
178,car,4.5,road_loopA_f0,road_loopA_f1,2302.4,2422.2,119.8,1304.2,39.2,1
184,car,4.5,road_loopA_r0,road_loopA_r1,2322.2,2422.3,100.1,1298.5,46.7,0
191,suv,4.8,road_loopA_r0,road_loopA_r1,2330.4,2423.1,92.7,1297.8,50.4,0
181,car,4.5,road_loopA_f0,xloopA_0Ab,2310.7,2423.4,112.7,505.4,16.1,1
156,car,4.5,road_loopA_r0,xloopA_0Bb,2287.9,2424.4,136.5,895.4,23.6,1
187,car,4.5,road_loopA_r0,road_loopA_r1,2326.9,2426.4,99.5,1297.8,47.0,0
190,car,4.5,road_loopA_f0,road_loopA_f1,2329.5,2427.1,97.6,1303.4,48.1,0
180,car,4.5,road_loopA_r0,road_loopA_r1,2308.8,2427.6,118.8,1297.9,39.3,0
183,car,4.5,road_loopA_r0,road_loopA_r1,2320.1,2429.3,109.2,1297.5,42.8,0
199,car,4.5,road_loopA_r0,road_loopA_r1,2339.7,2429.4,89.7,1298.4,52.1,0
186,car,4.5,road_loopA_f0,road_loopA_f1,2324.2,2429.5,105.3,1303.5,44.6,0
219,car,4.5,road_loopA_r0,xloopA_0Bb,2356.3,2429.7,73.4,895.3,43.9,0
192,car,4.5,road_loopA_f0,road_loopA_f1,2331.8,2430.2,98.4,1303.8,47.7,0
197,car,4.5,road_loopA_r0,road_loopA_r1,2337.5,2430.8,93.3,1298.1,50.1,0
203,suv,4.8,road_loopA_r0,road_loopA_r1,2341.6,2431.8,90.2,1298.3,51.8,0
195,suv,4.8,road_loopA_f0,road_loopA_f1,2332.7,2432.0,99.3,1303.7,47.3,0
206,car,4.5,road_loopA_r0,road_loopA_r1,2344.9,2433.9,89.0,1297.3,52.5,0
201,suv,4.8,road_loopA_f0,road_loopA_f1,2340.4,2434.1,93.7,1303.7,50.1,0
153,car,4.5,xloopA_0Aa,xloopA_0Ab,2285.3,2435.4,150.1,84.2,2.0,1
202,suv,4.8,road_loopA_r0,road_loopA_r1,2340.9,2435.8,94.9,1297.9,49.3,0
207,car,4.5,road_loopA_f0,road_loopA_f1,2345.2,2436.0,90.8,1304.1,51.7,0
208,car,4.5,road_loopA_r0,road_loopA_r1,2345.6,2436.4,90.8,1298.5,51.5,0
171,car,4.5,xloopA_0Aa,xloopA_0Ab,2297.2,2437.5,140.3,84.7,2.2,1
194,car,4.5,road_loopA_f0,road_loopA_f1,2332.7,2437.9,105.2,1303.1,44.6,0
210,car,4.5,road_loopA_f0,road_loopA_f1,2348.5,2439.7,91.2,1303.9,51.5,0
173,car,4.5,xloopA_0Ba,xloopA_0Bb,2298.4,2441.3,142.9,84.5,2.1,1
193,car,4.5,road_loopA_f0,road_loopA_f1,2331.8,2441.6,109.8,1303.3,42.8,0
211,car,4.5,road_loopA_f0,road_loopA_f1,2349.1,2441.6,92.5,1303.7,50.7,0
214,car,4.5,xloopA_0Aa,xloopA_0Ab,2351.5,2441.7,90.2,84.2,3.4,0
196,car,4.5,road_loopA_f0,road_loopA_f1,2336.8,2443.6,106.8,1302.9,43.9,0
268,car,4.5,xloopA_0Aa,xloopA_0Ab,2397.8,2444.0,46.2,84.3,6.6,0
216,truck,8.5,road_loopA_f0,road_loopA_f1,2354.1,2447.3,93.2,1303.2,50.4,0
200,suv,4.8,road_loopA_r0,xloopA_0Ab,2340.1,2449.1,109.0,869.4,28.7,2
221,car,4.5,road_loopA_f0,road_loopA_f1,2360.2,2450.4,90.2,1303.5,52.0,0
244,car,4.5,road_loopA_f0,xloopA_0Bb,2376.2,2450.6,74.4,478.6,23.2,1
169,truck,8.5,road_loopA_f0,road_loopA_f1,2293.7,2450.7,157.0,1303.0,29.9,1
204,car,4.5,road_loopA_f0,road_loopA_f1,2344.1,2450.8,106.7,1303.7,44.0,0
223,car,4.5,road_loopA_f0,road_loopA_f1,2361.5,2452.3,90.8,1303.9,51.7,0
209,suv,4.8,road_loopA_f0,road_loopA_f1,2347.1,2453.4,106.3,1303.4,44.1,0
218,suv,4.8,road_loopA_f0,road_loopA_f1,2354.5,2453.8,99.3,1302.9,47.2,0
231,suv,4.8,road_loopA_f0,road_loopA_f1,2365.2,2454.9,89.7,1303.2,52.3,0
212,car,4.5,road_loopA_f0,road_loopA_f1,2350.8,2455.2,104.4,1303.4,44.9,0
185,car,4.5,road_loopA_f0,road_loopA_f1,2322.8,2456.7,133.9,1302.9,35.0,0
215,truck,8.5,road_loopA_f0,road_loopA_f1,2351.8,2457.4,105.6,1303.8,44.5,0
246,car,4.5,road_loopA_f0,xloopA_0Bb,2377.5,2457.8,80.3,478.8,21.5,2
189,truck,8.5,road_loopA_f0,road_loopA_f1,2328.5,2461.4,132.9,1303.7,35.3,0
273,suv,4.8,road_loopA_f0,xloopA_0Bb,2402.0,2464.8,62.8,479.0,27.5,1
232,truck,8.5,road_loopA_f0,road_loopA_f1,2365.5,2469.9,104.4,1302.9,44.9,0
236,car,4.5,road_loopA_f0,road_loopA_f1,2369.6,2472.0,102.4,1303.8,45.8,0
154,car,4.5,xloopA_0Ba,road_loopA_f1,2286.1,2472.4,186.3,902.3,17.4,0
205,suv,4.8,road_loopA_r0,road_loopA_r1,2344.5,2477.9,133.4,1298.3,35.0,1
226,car,4.5,road_loopA_r0,road_loopA_r1,2362.9,2479.1,116.2,1298.4,40.2,1
237,car,4.5,road_loopA_r0,road_loopA_r1,2369.6,2481.5,111.9,1297.5,41.7,1
224,suv,4.8,road_loopA_f0,road_loopA_f1,2362.5,2486.2,123.7,1302.9,37.9,0
230,car,4.5,road_loopA_r0,road_loopA_r1,2365.2,2487.3,122.1,1297.5,38.3,1
241,suv,4.8,road_loopA_r0,road_loopA_r1,2372.5,2489.0,116.5,1297.7,40.1,1
242,truck,8.5,road_loopA_r0,road_loopA_r1,2373.3,2491.1,117.8,1297.5,39.7,1
257,car,4.5,road_loopA_r0,road_loopA_r1,2389.8,2492.0,102.2,1298.3,45.7,0
263,suv,4.8,road_loopA_r0,road_loopA_r1,2393.0,2494.0,101.0,1298.0,46.2,0
198,car,4.5,xloopA_0Ba,road_loopA_r1,2339.2,2495.3,156.1,476.8,11.0,0
277,car,4.5,xloopA_0Aa,road_loopA_r1,2405.6,2497.2,91.6,506.5,19.9,0
217,car,4.5,road_loopA_r0,road_loopA_r1,2354.4,2497.3,142.9,1297.3,32.7,1
265,car,4.5,road_loopA_r0,road_loopA_r1,2393.6,2498.3,104.7,1298.0,44.6,0
213,truck,8.5,road_loopA_r0,road_loopA_r1,2351.3,2499.4,148.1,1297.3,31.5,1
177,car,4.5,xloopA_0Aa,road_loopA_r1,2302.4,2500.1,197.7,506.9,9.2,1
262,car,4.5,road_loopA_r0,road_loopA_r1,2392.9,2500.1,107.2,1297.9,43.6,0
278,car,4.5,road_loopA_r0,road_loopA_r1,2405.7,2501.2,95.5,1297.7,48.9,0
222,car,4.5,road_loopA_r0,road_loopA_r1,2360.8,2501.4,140.6,1297.8,33.2,1
220,suv,4.8,road_loopA_r0,road_loopA_r1,2357.1,2502.1,145.0,1297.7,32.2,1
240,car,4.5,road_loopA_f0,road_loopA_f1,2372.0,2502.4,130.4,1304.2,36.0,1
225,car,4.5,road_loopA_r0,road_loopA_r1,2362.7,2503.1,140.4,1298.2,33.3,1
279,suv,4.8,road_loopA_r0,road_loopA_r1,2406.4,2503.4,97.0,1298.5,48.2,0
227,car,4.5,road_loopA_r0,road_loopA_r1,2363.1,2503.8,140.7,1298.2,33.2,1
275,suv,4.8,road_loopA_r0,road_loopA_r1,2404.5,2504.5,100.0,1298.3,46.7,0
238,car,4.5,road_loopA_r0,road_loopA_r1,2370.1,2504.8,134.7,1298.2,34.7,1
260,suv,4.8,road_loopA_r0,road_loopA_r1,2391.3,2505.5,114.2,1298.0,40.9,0
250,car,4.5,road_loopA_f0,road_loopA_f1,2382.3,2506.4,124.1,1302.9,37.8,1
288,car,4.5,road_loopA_r0,road_loopA_r1,2415.8,2506.4,90.6,1298.6,51.6,0
234,suv,4.8,road_loopA_r0,road_loopA_r1,2366.3,2507.4,141.1,1297.6,33.1,0
281,suv,4.8,road_loopA_r0,road_loopA_r1,2410.0,2507.6,97.6,1297.5,47.8,0
258,suv,4.8,road_loopA_f0,road_loopA_f1,2390.3,2508.8,118.5,1303.2,39.6,1
284,car,4.5,road_loopA_r0,road_loopA_r1,2412.2,2509.1,96.9,1297.5,48.2,0
256,car,4.5,road_loopA_r0,road_loopA_r1,2389.2,2509.2,120.0,1298.1,38.9,0
274,car,4.5,road_loopA_r0,road_loopA_r1,2403.0,2510.4,107.4,1297.3,43.5,0
247,suv,4.8,road_loopA_f0,road_loopA_f1,2379.8,2510.6,130.8,1303.2,35.9,1
259,suv,4.8,road_loopA_r0,road_loopA_r1,2390.7,2512.2,121.5,1298.1,38.4,0
252,suv,4.8,road_loopA_r0,xloopA_0Bb,2385.7,2513.8,128.1,895.8,25.2,1
286,car,4.5,road_loopA_f0,xloopA_0Ab,2415.4,2514.3,98.9,505.1,18.4,1
298,suv,4.8,road_loopA_r0,road_loopA_r1,2422.0,2514.4,92.4,1298.5,50.6,0
239,car,4.5,road_loopA_f0,road_loopA_f1,2370.4,2514.6,144.2,1303.7,32.5,1
270,suv,4.8,road_loopA_f0,road_loopA_f1,2399.9,2514.6,114.7,1303.6,40.9,1
300,suv,4.8,road_loopA_r0,road_loopA_r1,2423.2,2515.5,92.3,1298.2,50.6,0
276,car,4.5,road_loopA_r0,xloopA_0Bb,2405.3,2516.4,111.1,895.6,29.0,1
292,car,4.5,road_loopA_f0,xloopA_0Ab,2419.2,2516.9,97.7,505.2,18.6,1
255,car,4.5,road_loopA_f0,road_loopA_f1,2387.9,2517.6,129.7,1304.0,36.2,1
264,suv,4.8,road_loopA_f0,road_loopA_f1,2393.3,2517.9,124.6,1303.4,37.7,1
282,car,4.5,road_loopA_r0,xloopA_0Bb,2410.2,2519.0,108.8,895.4,29.6,1
283,car,4.5,road_loopA_f0,road_loopA_f1,2410.3,2519.0,108.7,1303.1,43.2,4
299,car,4.5,road_loopA_f0,xloopA_0Ab,2422.2,2519.6,97.4,505.4,18.7,1
253,suv,4.8,road_loopA_f0,road_loopA_f1,2385.9,2520.2,134.3,1303.4,34.9,1
307,car,4.5,road_loopA_r0,road_loopA_r1,2431.2,2520.2,89.0,1297.3,52.5,0
308,car,4.5,road_loopA_r0,road_loopA_r1,2431.3,2520.2,88.9,1297.3,52.5,0
293,suv,4.8,road_loopA_r0,xloopA_0Bb,2419.3,2521.7,102.4,895.6,31.5,1
291,car,4.5,road_loopA_f0,road_loopA_f1,2418.5,2521.8,103.3,1302.9,45.4,0
297,suv,4.8,road_loopA_f0,road_loopA_f1,2421.7,2522.1,100.4,1303.3,46.7,0
310,car,4.5,road_loopA_r0,road_loopA_r1,2431.4,2522.1,90.7,1297.5,51.5,0
329,car,4.5,road_loopA_f0,xloopA_0Ab,2457.2,2522.2,65.0,505.1,28.0,1
311,truck,8.5,road_loopA_r0,road_loopA_r1,2431.6,2523.8,92.2,1297.7,50.7,0
303,car,4.5,road_loopA_f0,road_loopA_f1,2425.4,2524.1,98.7,1303.7,47.6,0
272,car,4.5,road_loopA_f0,road_loopA_f1,2402.1,2528.0,125.9,1303.2,37.3,1
313,suv,4.8,road_loopA_r0,road_loopA_r1,2433.5,2528.0,94.5,1297.8,49.4,0
229,bus,11.0,road_loopA_f0,road_loopA_f1,2364.4,2528.1,163.7,1302.8,28.7,2
306,car,4.5,road_loopA_f0,road_loopA_f1,2430.1,2528.5,98.4,1303.3,47.7,0
267,car,4.5,road_loopA_f0,road_loopA_f1,2395.7,2529.3,133.6,1303.8,35.1,1
287,car,4.5,road_loopA_f0,road_loopA_f1,2415.7,2529.8,114.1,1303.9,41.1,0
228,car,4.5,xloopA_0Ba,xloopA_0Bb,2363.3,2530.4,167.1,84.5,1.8,1
295,car,4.5,xloopA_0Aa,xloopA_0Ab,2420.7,2530.4,109.7,84.3,2.8,1
309,truck,8.5,road_loopA_f0,road_loopA_f1,2431.4,2530.7,99.3,1304.1,47.3,0
280,car,4.5,road_loopA_f0,road_loopA_f1,2407.2,2532.0,124.8,1303.4,37.6,1
314,car,4.5,road_loopA_f0,road_loopA_f1,2437.4,2532.3,94.9,1303.2,49.4,0
304,car,4.5,xloopA_0Aa,xloopA_0Ab,2426.2,2532.5,106.3,84.6,2.9,1
233,car,4.5,xloopA_0Ba,xloopA_0Bb,2366.4,2532.6,166.2,84.6,1.8,1
289,car,4.5,road_loopA_f0,road_loopA_f1,2416.2,2533.5,117.3,1303.2,40.0,0
315,car,4.5,road_loopA_f0,road_loopA_f1,2439.3,2534.1,94.8,1304.1,49.5,0
353,car,4.5,xloopA_0Aa,xloopA_0Ab,2477.3,2534.6,57.3,84.6,5.3,1
235,car,4.5,xloopA_0Ba,xloopA_0Bb,2366.6,2534.8,168.2,84.3,1.8,1
317,car,4.5,road_loopA_f0,road_loopA_f1,2443.3,2535.9,92.6,1303.1,50.7,0
395,car,4.5,xloopA_0Aa,xloopA_0Ab,2504.3,2536.7,32.4,84.8,9.4,0
254,suv,4.8,road_loopA_f0,road_loopA_f1,2385.9,2536.8,150.9,1303.9,31.1,1
266,car,4.5,xloopA_0Ba,xloopA_0Bb,2395.2,2537.1,141.9,84.6,2.1,0
319,car,4.5,road_loopA_f0,road_loopA_f1,2444.5,2537.5,93.0,1303.2,50.5,0
321,suv,4.8,road_loopA_f0,road_loopA_f1,2449.0,2538.9,89.9,1303.5,52.2,0
302,suv,4.8,road_loopA_f0,road_loopA_f1,2424.5,2540.4,115.9,1302.9,40.5,0
165,car,4.5,xloopA_0Ba,road_loopA_f1,2291.5,2540.7,249.2,902.6,13.0,1
323,car,4.5,road_loopA_f0,road_loopA_f1,2450.6,2540.7,90.1,1304.0,52.1,0
285,car,4.5,road_loopA_f0,road_loopA_f1,2414.9,2543.4,128.5,1303.4,36.5,0
371,truck,8.5,road_loopA_f0,xloopA_0Bb,2486.9,2545.6,58.7,478.4,29.4,0
271,car,4.5,road_loopA_f0,road_loopA_f1,2400.9,2546.4,145.5,1303.0,32.2,1
290,suv,4.8,road_loopA_r0,xloopA_0Ab,2417.7,2550.0,132.3,869.4,23.6,3
301,bus,11.0,road_loopA_f0,road_loopA_f1,2423.3,2550.5,127.2,1302.9,36.9,1
305,car,4.5,road_loopA_f0,road_loopA_f1,2427.9,2552.4,124.5,1303.0,37.7,0
322,car,4.5,road_loopA_f0,road_loopA_f1,2449.6,2552.8,103.2,1303.1,45.5,0
248,bus,11.0,road_loopA_r0,road_loopA_r1,2381.1,2553.3,172.2,1297.3,27.1,2
350,suv,4.8,road_loopA_r0,xloopA_0Ab,2471.9,2553.6,81.7,869.3,38.3,0
333,car,4.5,road_loopA_f0,road_loopA_f1,2458.9,2554.1,95.2,1303.8,49.3,0
331,car,4.5,road_loopA_f0,road_loopA_f1,2458.1,2554.7,96.6,1302.9,48.6,0
342,car,4.5,road_loopA_f0,road_loopA_f1,2467.7,2557.2,89.5,1303.3,52.4,0
330,suv,4.8,road_loopA_f0,road_loopA_f1,2457.2,2557.3,100.1,1304.0,46.9,0
341,car,4.5,road_loopA_f0,road_loopA_f1,2467.1,2559.9,92.8,1304.2,50.6,0
164,car,4.5,xloopA_0Ba,road_loopA_f1,2291.3,2560.9,269.6,902.6,12.1,1
243,suv,4.8,road_loopA_f0,road_loopA_f1,2374.0,2562.6,188.6,1303.3,24.9,1
249,car,4.5,road_loopA_f0,road_loopA_f1,2382.2,2562.8,180.6,1303.8,26.0,1
251,suv,4.8,road_loopA_f0,road_loopA_f1,2383.1,2563.8,180.7,1304.1,26.0,1
336,car,4.5,road_loopA_f0,road_loopA_f1,2463.6,2563.8,100.2,1302.8,46.8,0
261,car,4.5,road_loopA_f0,road_loopA_f1,2392.6,2565.3,172.7,1303.7,27.2,2
294,truck,8.5,road_loopA_f0,road_loopA_f1,2419.8,2566.5,146.7,1302.8,32.0,0
332,car,4.5,road_loopA_f0,road_loopA_f1,2458.2,2567.4,109.2,1303.1,42.9,0
316,car,4.5,road_loopA_r0,road_loopA_r1,2443.1,2568.5,125.4,1298.4,37.3,1
318,car,4.5,road_loopA_r0,road_loopA_r1,2443.5,2569.8,126.3,1297.6,37.0,1
328,car,4.5,road_loopA_r0,road_loopA_r1,2456.7,2571.4,114.7,1297.4,40.7,1
325,suv,4.8,road_loopA_r0,road_loopA_r1,2452.0,2571.6,119.6,1298.2,39.1,1
320,car,4.5,road_loopA_r0,road_loopA_r1,2448.8,2572.6,123.8,1297.4,37.7,1
335,car,4.5,road_loopA_r0,road_loopA_r1,2463.2,2574.9,111.7,1298.6,41.8,1
327,suv,4.8,road_loopA_r0,road_loopA_r1,2453.7,2577.3,123.6,1298.2,37.8,1
340,car,4.5,road_loopA_r0,road_loopA_r1,2465.2,2577.7,112.5,1297.6,41.5,1
326,car,4.5,road_loopA_r0,road_loopA_r1,2452.9,2579.2,126.3,1298.0,37.0,1
334,truck,8.5,road_loopA_r0,road_loopA_r1,2459.0,2579.5,120.5,1298.0,38.8,1
351,car,4.5,road_loopA_r0,road_loopA_r1,2472.7,2579.8,107.1,1297.9,43.6,0
337,car,4.5,road_loopA_r0,road_loopA_r1,2463.6,2581.5,117.9,1298.5,39.6,1
339,car,4.5,road_loopA_r0,road_loopA_r1,2464.7,2582.8,118.1,1298.4,39.6,1
349,car,4.5,road_loopA_r0,road_loopA_r1,2471.0,2583.2,112.2,1298.0,41.7,1
361,car,4.5,road_loopA_r0,road_loopA_r1,2482.8,2584.5,101.7,1297.3,45.9,0
354,suv,4.8,road_loopA_r0,road_loopA_r1,2477.3,2584.9,107.6,1297.7,43.4,0
356,suv,4.8,road_loopA_r0,road_loopA_r1,2477.6,2585.1,107.5,1298.1,43.5,0
359,car,4.5,road_loopA_r0,road_loopA_r1,2481.5,2586.8,105.3,1298.6,44.4,0
366,car,4.5,road_loopA_r0,road_loopA_r1,2485.7,2586.8,101.1,1298.1,46.2,0
442,truck,8.5,road_loopA_f0,xloopA_0Bb,2544.2,2587.6,43.4,478.8,39.7,0
381,car,4.5,road_loopA_r0,road_loopA_r1,2493.4,2588.2,94.8,1297.5,49.3,0
362,car,4.5,road_loopA_r0,road_loopA_r1,2483.5,2588.5,105.0,1297.7,44.5,0
376,car,4.5,road_loopA_r0,road_loopA_r1,2490.0,2589.6,99.6,1297.3,46.9,0
373,car,4.5,road_loopA_r0,road_loopA_r1,2488.1,2591.3,103.2,1297.9,45.3,0
245,bus,11.0,road_loopA_f0,road_loopA_f1,2376.4,2592.5,216.1,1302.8,21.7,3
377,car,4.5,road_loopA_r0,road_loopA_r1,2490.1,2592.8,102.7,1297.8,45.5,0
449,car,4.5,road_loopA_f0,xloopA_0Bb,2551.7,2594.6,42.9,478.9,40.2,0
380,car,4.5,road_loopA_r0,road_loopA_r1,2493.0,2595.1,102.1,1298.1,45.8,0
346,car,4.5,road_loopA_f0,road_loopA_f1,2469.5,2595.9,126.4,1304.2,37.1,1
389,car,4.5,road_loopA_r0,road_loopA_r1,2500.6,2596.6,96.0,1298.5,48.7,0
384,car,4.5,road_loopA_r0,road_loopA_r1,2494.9,2596.7,101.8,1297.5,45.9,0
344,car,4.5,road_loopA_f0,road_loopA_f1,2469.0,2598.3,129.3,1303.3,36.3,1
394,suv,4.8,road_loopA_r0,road_loopA_r1,2503.5,2598.4,94.9,1298.3,49.2,0
365,truck,8.5,road_loopA_r0,road_loopA_r1,2484.8,2598.7,113.9,1298.2,41.0,0
387,suv,4.8,road_loopA_r0,road_loopA_r1,2498.3,2601.0,102.7,1297.3,45.5,0
383,truck,8.5,road_loopA_r0,road_loopA_r1,2494.6,2601.1,106.5,1298.2,43.9,0
345,car,4.5,road_loopA_f0,road_loopA_f1,2469.2,2601.5,132.3,1303.1,35.5,1
385,car,4.5,road_loopA_r0,road_loopA_r1,2496.1,2601.5,105.4,1298.5,44.4,0
348,car,4.5,road_loopA_f0,road_loopA_f1,2470.7,2602.0,131.3,1303.1,35.7,1
399,car,4.5,road_loopA_r0,road_loopA_r1,2506.2,2602.8,96.6,1298.7,48.4,0
386,suv,4.8,road_loopA_r0,road_loopA_r1,2498.0,2603.0,105.0,1297.7,44.5,0
400,suv,4.8,road_loopA_r0,road_loopA_r1,2506.5,2603.5,97.0,1298.6,48.2,0
343,car,4.5,road_loopA_f0,road_loopA_f1,2468.2,2603.7,135.5,1303.4,34.6,1
357,suv,4.8,road_loopA_f0,road_loopA_f1,2479.6,2604.0,124.4,1303.5,37.7,1
388,car,4.5,road_loopA_r0,road_loopA_r1,2498.8,2604.8,106.0,1298.5,44.1,0
396,truck,8.5,road_loopA_r0,road_loopA_r1,2505.1,2604.9,99.8,1298.4,46.8,0
407,car,4.5,road_loopA_r0,road_loopA_r1,2512.7,2605.9,93.2,1297.8,50.1,0
358,suv,4.8,road_loopA_f0,road_loopA_f1,2481.2,2606.4,125.2,1303.3,37.5,1
392,car,4.5,road_loopA_r0,road_loopA_r1,2502.1,2606.5,104.4,1297.9,44.8,0
360,car,4.5,road_loopA_r0,xloopA_0Bb,2482.5,2607.2,124.7,895.3,25.8,1
378,car,4.5,road_loopA_f0,xloopA_0Ab,2491.3,2607.8,116.5,505.2,15.6,1
404,car,4.5,road_loopA_f0,road_loopA_f1,2507.5,2608.1,100.6,1304.0,46.6,0
415,suv,4.8,road_loopA_r0,road_loopA_r1,2518.3,2608.1,89.8,1297.5,52.0,0
398,car,4.5,road_loopA_r0,road_loopA_r1,2505.4,2608.3,102.9,1298.5,45.4,0
363,car,4.5,road_loopA_f0,road_loopA_f1,2484.2,2609.8,125.6,1303.8,37.4,1
420,suv,4.8,road_loopA_r0,xloopA_0Bb,2525.6,2609.9,84.3,895.8,38.2,1
417,car,4.5,road_loopA_r0,road_loopA_r1,2520.8,2610.0,89.2,1298.4,52.4,0
367,suv,4.8,road_loopA_f0,road_loopA_f1,2485.9,2611.6,125.7,1303.6,37.3,1
409,bus,11.0,road_loopA_r0,road_loopA_r1,2513.8,2612.3,98.5,1298.5,47.5,0
418,car,4.5,road_loopA_r0,road_loopA_r1,2521.3,2613.7,92.4,1298.2,50.6,0
369,suv,4.8,road_loopA_f0,road_loopA_f1,2486.2,2614.9,128.7,1303.6,36.5,1
463,car,4.5,road_loopA_f0,xloopA_0Ab,2569.0,2614.9,45.9,505.0,39.6,0
374,car,4.5,road_loopA_f0,road_loopA_f1,2488.7,2615.7,127.0,1304.1,37.0,1
424,car,4.5,road_loopA_r0,road_loopA_r1,2526.8,2615.9,89.1,1297.8,52.4,0
379,car,4.5,road_loopA_f0,road_loopA_f1,2491.4,2617.3,125.9,1303.3,37.3,1
338,car,4.5,road_loopA_f0,road_loopA_f1,2464.4,2619.0,154.6,1303.4,30.3,1
391,suv,4.8,road_loopA_f0,road_loopA_f1,2500.8,2619.2,118.4,1304.1,39.7,1
427,car,4.5,road_loopA_r0,road_loopA_r1,2528.7,2620.5,91.8,1298.4,50.9,0
397,car,4.5,road_loopA_f0,road_loopA_f1,2505.3,2621.0,115.7,1304.0,40.6,0
324,bus,11.0,road_loopA_r0,road_loopA_r1,2451.0,2621.7,170.7,1298.3,27.4,2
375,suv,4.8,road_loopA_f0,road_loopA_f1,2489.9,2623.4,133.5,1304.1,35.2,1
296,car,4.5,xloopA_0Ba,xloopA_0Bb,2421.5,2623.8,202.3,84.4,1.5,1
416,car,4.5,road_loopA_r0,road_loopA_r1,2519.1,2623.9,104.8,1297.9,44.6,0
431,car,4.5,road_loopA_r0,road_loopA_r1,2534.8,2624.5,89.7,1298.2,52.1,0
402,truck,8.5,road_loopA_f0,road_loopA_f1,2507.1,2626.7,119.6,1303.5,39.2,0
408,car,4.5,xloopA_0Aa,xloopA_0Ab,2513.7,2627.3,113.6,84.6,2.7,1
426,suv,4.8,road_loopA_f0,road_loopA_f1,2527.6,2628.1,100.5,1303.2,46.7,0
411,car,4.5,xloopA_0Aa,xloopA_0Ab,2514.7,2629.4,114.7,84.5,2.7,1
372,car,4.5,xloopA_0Ba,xloopA_0Bb,2487.4,2630.1,142.7,84.2,2.1,0
347,car,4.5,road_loopA_f0,road_loopA_f1,2469.7,2630.2,160.5,1302.8,29.2,1
405,suv,4.8,road_loopA_f0,road_loopA_f1,2511.1,2630.4,119.3,1303.3,39.3,0
269,car,4.5,xloopA_0Ba,road_loopA_f1,2398.8,2631.6,232.8,902.3,14.0,0
425,car,4.5,xloopA_0Aa,xloopA_0Ab,2527.3,2631.8,104.5,84.9,2.9,0
410,car,4.5,xloopA_0Ba,xloopA_0Bb,2514.4,2632.2,117.8,84.0,2.6,0
428,suv,4.8,road_loopA_f0,road_loopA_f1,2531.5,2632.3,100.8,1303.9,46.6,0
355,car,4.5,road_loopA_f0,road_loopA_f1,2477.4,2633.7,156.3,1303.4,30.0,1
364,suv,4.8,road_loopA_f0,road_loopA_f1,2484.4,2635.3,150.9,1302.8,31.1,1
423,suv,4.8,road_loopA_f0,road_loopA_f1,2526.7,2635.4,108.7,1304.0,43.2,0
401,car,4.5,road_loopA_f0,road_loopA_f1,2506.9,2636.9,130.0,1303.4,36.1,0
368,suv,4.8,road_loopA_f0,road_loopA_f1,2485.9,2637.1,151.2,1303.9,31.1,1
382,car,4.5,road_loopA_f0,road_loopA_f1,2494.1,2637.6,143.5,1304.0,32.7,1
370,suv,4.8,road_loopA_f0,road_loopA_f1,2486.8,2638.8,152.0,1303.2,30.9,1
403,car,4.5,road_loopA_f0,road_loopA_f1,2507.4,2641.1,133.7,1303.6,35.1,0
393,suv,4.8,road_loopA_f0,road_loopA_f1,2502.7,2641.8,139.1,1303.2,33.7,0
412,car,4.5,road_loopA_f0,road_loopA_f1,2515.0,2642.6,127.6,1303.7,36.8,0
414,car,4.5,road_loopA_f0,road_loopA_f1,2516.4,2643.4,127.0,1302.9,36.9,0
422,car,4.5,road_loopA_f0,road_loopA_f1,2526.2,2644.3,118.1,1304.1,39.8,0
430,car,4.5,road_loopA_f0,road_loopA_f1,2534.2,2645.1,110.9,1302.9,42.3,0
390,car,4.5,road_loopA_r0,xloopA_0Ab,2500.6,2645.2,144.6,869.2,21.6,2
465,suv,4.8,road_loopA_f0,xloopA_0Bb,2570.0,2645.2,75.2,478.9,22.9,1
413,car,4.5,road_loopA_f0,road_loopA_f1,2515.3,2646.4,131.1,1303.5,35.8,0
440,suv,4.8,road_loopA_f0,road_loopA_f1,2543.6,2646.4,102.8,1303.7,45.7,0
441,suv,4.8,road_loopA_f0,road_loopA_f1,2544.1,2646.9,102.8,1303.4,45.6,0
452,car,4.5,road_loopA_f0,road_loopA_f1,2554.8,2647.5,92.7,1303.3,50.6,0
447,car,4.5,road_loopA_f0,road_loopA_f1,2550.4,2648.7,98.3,1303.0,47.7,0
462,suv,4.8,road_loopA_r0,xloopA_0Ab,2568.4,2648.8,80.4,869.5,38.9,0
446,truck,8.5,road_loopA_f0,road_loopA_f1,2548.2,2649.1,100.9,1303.7,46.5,0
450,suv,4.8,road_loopA_f0,road_loopA_f1,2552.6,2650.5,97.9,1303.4,47.9,0
495,car,4.5,road_loopA_f0,xloopA_0Bb,2605.3,2652.2,46.9,478.9,36.8,0
433,suv,4.8,road_loopA_r0,road_loopA_r1,2538.5,2663.5,125.0,1297.8,37.4,1
451,car,4.5,road_loopA_f0,road_loopA_f1,2552.7,2663.5,110.8,1303.3,42.3,0
429,suv,4.8,road_loopA_r0,road_loopA_r1,2534.0,2664.0,130.0,1297.6,35.9,1
437,suv,4.8,road_loopA_r0,road_loopA_r1,2541.5,2665.1,123.6,1298.4,37.8,1
439,car,4.5,road_loopA_r0,road_loopA_r1,2543.2,2666.6,123.4,1298.2,37.9,1
443,car,4.5,road_loopA_r0,road_loopA_r1,2544.7,2668.6,123.9,1298.0,37.7,1
448,car,4.5,road_loopA_r0,road_loopA_r1,2550.6,2670.3,119.7,1298.4,39.1,1
434,car,4.5,road_loopA_r0,road_loopA_r1,2538.5,2674.0,135.5,1298.4,34.5,1
518,car,4.5,road_loopA_f0,xloopA_0Bb,2634.2,2674.1,39.9,478.7,43.1,0
444,suv,4.8,road_loopA_r0,road_loopA_r1,2545.7,2675.6,129.9,1297.6,36.0,1
453,car,4.5,road_loopA_r0,road_loopA_r1,2555.5,2677.1,121.6,1297.3,38.4,1
458,car,4.5,road_loopA_r0,road_loopA_r1,2566.0,2678.7,112.7,1297.6,41.4,1
352,car,4.5,xloopA_0Ba,road_loopA_r1,2474.9,2680.5,205.6,476.6,8.3,1
457,suv,4.8,road_loopA_r0,road_loopA_r1,2562.8,2681.3,118.5,1297.8,39.4,0
471,suv,4.8,road_loopA_r0,road_loopA_r1,2573.0,2683.0,110.0,1297.3,42.5,0
474,suv,4.8,road_loopA_r0,road_loopA_r1,2575.5,2683.9,108.4,1298.1,43.1,0
476,car,4.5,road_loopA_r0,road_loopA_r1,2581.0,2685.7,104.7,1297.7,44.6,0
438,car,4.5,road_loopA_r0,road_loopA_r1,2541.9,2686.3,144.4,1297.6,32.4,1
482,car,4.5,road_loopA_r0,road_loopA_r1,2586.5,2687.4,100.9,1297.8,46.3,0
489,car,4.5,road_loopA_r0,road_loopA_r1,2595.0,2688.8,93.8,1298.1,49.8,0
421,car,4.5,xloopA_0Aa,road_loopA_r1,2526.2,2689.7,163.5,506.9,11.2,0
435,car,4.5,road_loopA_r0,road_loopA_r1,2539.2,2691.3,152.1,1297.5,30.7,1
419,bus,11.0,road_loopA_f0,road_loopA_f1,2521.5,2691.9,170.4,1303.0,27.5,2
486,suv,4.8,road_loopA_r0,road_loopA_r1,2591.0,2691.9,100.9,1298.3,46.3,0
445,truck,8.5,road_loopA_r0,road_loopA_r1,2545.9,2693.5,147.6,1297.8,31.7,1
459,suv,4.8,road_loopA_f0,road_loopA_f1,2567.5,2693.8,126.3,1303.2,37.1,1
485,car,4.5,road_loopA_r0,road_loopA_r1,2590.9,2693.8,102.9,1298.5,45.4,0
460,car,4.5,road_loopA_r0,road_loopA_r1,2567.5,2694.6,127.1,1298.5,36.8,0
456,car,4.5,road_loopA_r0,road_loopA_r1,2561.9,2695.5,133.6,1298.0,35.0,1
496,car,4.5,road_loopA_r0,road_loopA_r1,2605.4,2695.5,90.1,1297.6,51.9,0
467,suv,4.8,road_loopA_f0,road_loopA_f1,2571.1,2695.6,124.5,1303.5,37.7,1
473,car,4.5,road_loopA_f0,road_loopA_f1,2575.4,2695.6,120.2,1303.6,39.1,1
475,truck,8.5,road_loopA_f0,road_loopA_f1,2579.7,2697.9,118.2,1304.1,39.7,1
479,car,4.5,road_loopA_r0,road_loopA_r1,2582.7,2698.4,115.7,1297.9,40.4,0
454,car,4.5,road_loopA_r0,road_loopA_r1,2555.9,2698.6,142.7,1298.2,32.8,0
477,car,4.5,road_loopA_r0,road_loopA_r1,2582.0,2698.9,116.9,1298.0,40.0,0
478,suv,4.8,road_loopA_f0,road_loopA_f1,2582.5,2699.9,117.4,1303.9,40.0,1
468,car,4.5,road_loopA_r0,road_loopA_r1,2571.1,2700.0,128.9,1298.4,36.3,0
472,car,4.5,road_loopA_r0,xloopA_0Bb,2575.1,2700.8,125.7,895.8,25.7,1
488,suv,4.8,road_loopA_f0,road_loopA_f1,2593.6,2701.0,107.4,1303.7,43.7,1
490,car,4.5,road_loopA_f0,xloopA_0Ab,2596.7,2701.3,104.6,505.3,17.4,1
492,suv,4.8,road_loopA_f0,road_loopA_f1,2601.0,2703.5,102.5,1302.8,45.8,0
540,car,4.5,road_loopA_f0,xloopA_0Ab,2651.0,2704.0,53.0,505.4,34.3,0
499,suv,4.8,road_loopA_f0,road_loopA_f1,2609.8,2707.4,97.6,1303.3,48.1,0
493,car,4.5,road_loopA_f0,road_loopA_f1,2602.2,2710.3,108.1,1302.9,43.4,0
505,car,4.5,road_loopA_f0,road_loopA_f1,2620.3,2711.9,91.6,1303.3,51.2,0
503,truck,8.5,road_loopA_r0,road_loopA_r1,2615.4,2712.1,96.7,1298.3,48.3,0
432,car,4.5,xloopA_0Ba,xloopA_0Bb,2535.6,2713.8,178.2,84.4,1.7,1
481,car,4.5,xloopA_0Aa,xloopA_0Ab,2584.1,2715.0,130.9,84.5,2.3,1
510,car,4.5,road_loopA_r0,road_loopA_r1,2625.9,2715.0,89.1,1298.7,52.5,0
500,car,4.5,road_loopA_f0,road_loopA_f1,2614.2,2716.0,101.8,1303.5,46.1,0
501,suv,4.8,road_loopA_r0,road_loopA_r1,2615.0,2716.1,101.1,1298.4,46.2,0
548,car,4.5,xloopA_0Aa,xloopA_0Ab,2658.7,2717.1,58.4,84.6,5.2,1
436,bus,11.0,road_loopA_r0,road_loopA_r1,2541.1,2717.4,176.3,1298.2,26.5,2
507,car,4.5,road_loopA_f0,road_loopA_f1,2622.0,2717.5,95.5,1302.9,49.1,0
511,car,4.5,road_loopA_r0,road_loopA_r1,2626.0,2717.6,91.6,1297.4,51.0,0
509,suv,4.8,road_loopA_f0,road_loopA_f1,2625.7,2719.2,93.5,1303.5,50.2,0
312,car,4.5,xloopA_0Ba,road_loopA_f1,2432.4,2721.0,288.6,902.9,11.3,1
538,car,4.5,xloopA_0Ba,xloopA_0Bb,2648.6,2722.1,73.5,84.6,4.1,0
502,car,4.5,road_loopA_f0,road_loopA_f1,2615.0,2722.5,107.5,1304.0,43.7,0
466,suv,4.8,road_loopA_f0,road_loopA_f1,2570.4,2722.6,152.2,1303.0,30.8,1
406,car,4.5,xloopA_0Aa,road_loopA_f1,2512.2,2723.7,211.5,872.8,14.9,1
539,car,4.5,xloopA_0Ba,xloopA_0Bb,2649.2,2724.0,74.8,84.0,4.0,0
512,suv,4.8,road_loopA_f0,road_loopA_f1,2630.1,2724.2,94.1,1303.5,49.9,0
483,car,4.5,road_loopA_f0,road_loopA_f1,2588.9,2724.4,135.5,1303.0,34.6,1
464,car,4.5,road_loopA_f0,road_loopA_f1,2569.8,2725.3,155.5,1303.4,30.2,1
480,car,4.5,road_loopA_f0,road_loopA_f1,2583.5,2726.1,142.6,1303.2,32.9,1
498,suv,4.8,road_loopA_f0,road_loopA_f1,2608.1,2726.5,118.4,1303.7,39.6,0
461,truck,8.5,road_loopA_f0,road_loopA_f1,2567.9,2727.4,159.5,1303.0,29.4,1
497,car,4.5,road_loopA_f0,road_loopA_f1,2608.1,2728.0,119.9,1303.3,39.1,0
506,truck,8.5,road_loopA_f0,road_loopA_f1,2620.8,2729.1,108.3,1303.7,43.3,0
469,car,4.5,road_loopA_f0,road_loopA_f1,2571.6,2729.6,158.0,1303.3,29.7,1
528,car,4.5,road_loopA_r0,xloopA_0Ab,2638.7,2729.6,90.9,869.2,34.4,1
491,car,4.5,road_loopA_f0,road_loopA_f1,2599.9,2730.1,130.2,1303.5,36.0,0
484,car,4.5,road_loopA_f0,road_loopA_f1,2589.7,2731.5,141.8,1303.8,33.1,0
516,truck,8.5,road_loopA_f0,road_loopA_f1,2631.7,2732.3,100.6,1302.9,46.6,0
533,car,4.5,road_loopA_f0,road_loopA_f1,2642.1,2734.4,92.3,1303.9,50.8,0
523,truck,8.5,road_loopA_f0,road_loopA_f1,2636.6,2735.0,98.4,1302.8,47.7,0
530,suv,4.8,road_loopA_f0,road_loopA_f1,2639.9,2736.9,97.0,1302.9,48.4,0
535,car,4.5,road_loopA_r0,xloopA_0Ab,2645.5,2737.5,92.0,869.1,34.0,1
566,car,4.5,road_loopA_f0,xloopA_0Bb,2675.2,2738.2,63.0,478.7,27.3,2
531,car,4.5,road_loopA_f0,road_loopA_f1,2640.7,2741.2,100.5,1303.4,46.7,0
541,car,4.5,road_loopA_f0,road_loopA_f1,2652.3,2743.0,90.7,1303.7,51.7,0
542,car,4.5,road_loopA_f0,road_loopA_f1,2654.7,2745.0,90.3,1303.9,52.0,0
525,truck,8.5,road_loopA_r0,xloopA_0Ab,2638.5,2746.3,107.8,868.9,29.0,0
560,car,4.5,road_loopA_r0,xloopA_0Ab,2671.9,2749.8,77.9,869.1,40.2,0
524,suv,4.8,road_loopA_f0,road_loopA_f1,2637.1,2754.2,117.1,1303.3,40.1,0
508,car,4.5,road_loopA_r0,road_loopA_r1,2622.0,2760.9,138.9,1297.5,33.6,1
514,car,4.5,road_loopA_r0,road_loopA_r1,2631.5,2761.1,129.6,1297.3,36.0,1
519,car,4.5,road_loopA_r0,road_loopA_r1,2634.6,2762.8,128.2,1298.6,36.5,1
522,car,4.5,road_loopA_r0,road_loopA_r1,2635.6,2764.4,128.8,1298.6,36.3,1
534,car,4.5,road_loopA_r0,road_loopA_r1,2644.1,2766.9,122.8,1297.9,38.0,1
557,car,4.5,road_loopA_r0,xloopA_0Ab,2669.0,2767.7,98.7,869.1,31.7,1
527,car,4.5,road_loopA_r0,road_loopA_r1,2638.6,2769.8,131.2,1298.5,35.6,1
547,truck,8.5,road_loopA_r0,road_loopA_r1,2655.7,2771.4,115.7,1297.8,40.4,0
455,car,4.5,xloopA_0Aa,road_loopA_r1,2560.9,2773.6,212.7,506.9,8.6,1
545,car,4.5,road_loopA_r0,road_loopA_r1,2655.4,2773.8,118.4,1298.4,39.5,1
517,suv,4.8,road_loopA_r0,road_loopA_r1,2632.7,2775.2,142.5,1297.5,32.8,1
553,suv,4.8,road_loopA_r0,road_loopA_r1,2662.1,2775.7,113.6,1298.0,41.1,0
470,car,4.5,xloopA_0Ba,road_loopA_r1,2572.9,2776.1,203.2,476.2,8.4,1
520,suv,4.8,road_loopA_r0,road_loopA_r1,2635.1,2776.9,141.8,1297.6,32.9,1
513,car,4.5,road_loopA_r0,road_loopA_r1,2630.8,2777.8,147.0,1297.5,31.8,1
558,suv,4.8,road_loopA_r0,road_loopA_r1,2670.1,2778.0,107.9,1298.2,43.3,0
529,car,4.5,road_loopA_r0,road_loopA_r1,2638.9,2778.7,139.8,1298.0,33.4,1
564,car,4.5,road_loopA_r0,road_loopA_r1,2673.6,2779.0,105.4,1297.7,44.3,0
515,car,4.5,road_loopA_r0,road_loopA_r1,2631.6,2779.6,148.0,1298.4,31.6,1
532,car,4.5,road_loopA_r0,road_loopA_r1,2642.0,2780.6,138.6,1297.7,33.7,1
521,car,4.5,road_loopA_r0,road_loopA_r1,2635.2,2781.2,146.0,1297.4,32.0,1
575,suv,4.8,road_loopA_r0,road_loopA_r1,2688.6,2781.4,92.8,1298.1,50.4,0
550,car,4.5,road_loopA_r0,road_loopA_r1,2660.0,2782.4,122.4,1298.0,38.2,0
526,car,4.5,road_loopA_r0,road_loopA_r1,2638.5,2783.0,144.5,1298.4,32.4,1
570,car,4.5,road_loopA_r0,road_loopA_r1,2676.8,2784.1,107.3,1297.9,43.5,0
576,car,4.5,road_loopA_r0,road_loopA_r1,2692.9,2784.3,91.4,1298.6,51.1,0
536,suv,4.8,road_loopA_r0,road_loopA_r1,2646.7,2784.7,138.0,1298.2,33.9,1
554,car,4.5,road_loopA_r0,road_loopA_r1,2665.9,2786.0,120.1,1297.5,38.9,0
552,car,4.5,road_loopA_r0,road_loopA_r1,2661.8,2786.5,124.7,1298.1,37.5,0
572,car,4.5,road_loopA_r0,road_loopA_r1,2680.2,2787.3,107.1,1298.1,43.6,0
565,car,4.5,road_loopA_r0,road_loopA_r1,2674.3,2788.3,114.0,1297.3,41.0,0
562,car,4.5,road_loopA_f0,road_loopA_f1,2672.9,2790.1,117.2,1303.0,40.0,1
543,truck,8.5,road_loopA_f0,road_loopA_f1,2654.7,2792.1,137.4,1303.9,34.2,1
567,car,4.5,road_loopA_f0,road_loopA_f1,2675.9,2793.1,117.2,1303.9,40.1,1
556,car,4.5,road_loopA_r0,xloopA_0Bb,2666.3,2794.2,127.9,895.4,25.2,1
584,car,4.5,road_loopA_r0,road_loopA_r1,2701.1,2795.1,94.0,1297.6,49.7,0
583,car,4.5,road_loopA_r0,road_loopA_r1,2699.9,2795.3,95.4,1298.4,49.0,0
569,car,4.5,road_loopA_f0,road_loopA_f1,2676.7,2795.5,118.8,1303.2,39.5,1
594,truck,8.5,road_loopA_f0,xloopA_0Ab,2709.8,2796.0,86.2,505.1,21.1,1
589,suv,4.8,road_loopA_r0,road_loopA_r1,2705.4,2796.6,91.2,1297.7,51.2,0
577,car,4.5,road_loopA_f0,road_loopA_f1,2695.9,2796.8,100.9,1303.4,46.5,0
586,car,4.5,road_loopA_r0,xloopA_0Bb,2704.5,2796.8,92.3,895.4,34.9,1
588,car,4.5,road_loopA_r0,road_loopA_r1,2705.5,2796.8,91.3,1297.9,51.2,0
585,car,4.5,road_loopA_r0,road_loopA_r1,2701.9,2797.1,95.2,1298.6,49.1,0
591,car,4.5,road_loopA_r0,road_loopA_r1,2708.3,2798.6,90.3,1297.8,51.8,0
601,suv,4.8,road_loopA_f0,xloopA_0Ab,2717.1,2799.0,81.9,505.3,22.2,1
549,car,4.5,road_loopA_f0,road_loopA_f1,2659.0,2800.8,141.8,1303.1,33.1,1
608,suv,4.8,road_loopA_f0,xloopA_0Ab,2723.0,2801.7,78.7,505.2,23.1,1
568,car,4.5,road_loopA_f0,road_loopA_f1,2676.6,2802.5,125.9,1303.6,37.3,1
592,car,4.5,road_loopA_r0,road_loopA_r1,2708.4,2803.8,95.4,1298.5,49.0,0
579,car,4.5,road_loopA_f0,road_loopA_f1,2697.8,2804.4,106.6,1303.1,44.0,0
593,suv,4.8,road_loopA_f0,road_loopA_f1,2708.5,2804.5,96.0,1303.4,48.9,0
627,truck,8.5,road_loopA_f0,xloopA_0Ab,2740.8,2805.3,64.5,505.3,28.2,0
598,car,4.5,road_loopA_f0,road_loopA_f1,2711.8,2806.4,94.6,1303.5,49.6,0
600,car,4.5,road_loopA_r0,road_loopA_r1,2713.3,2807.5,94.2,1298.5,49.6,0
595,suv,4.8,road_loopA_f0,road_loopA_f1,2710.0,2808.2,98.2,1303.6,47.8,0
504,bus,11.0,road_loopA_r0,road_loopA_r1,2617.6,2808.9,191.3,1297.4,24.4,3
603,car,4.5,road_loopA_r0,road_loopA_r1,2720.3,2809.6,89.3,1298.3,52.3,0
559,car,4.5,road_loopA_f0,road_loopA_f1,2671.8,2809.8,138.0,1302.9,34.0,1
590,suv,4.8,road_loopA_r0,road_loopA_r1,2707.5,2810.7,103.2,1298.5,45.3,0
555,car,4.5,xloopA_0Ba,xloopA_0Bb,2666.1,2811.6,145.5,84.1,2.1,1
582,car,4.5,road_loopA_f0,road_loopA_f1,2699.5,2812.0,112.5,1304.1,41.7,0
659,car,4.5,xloopA_0Aa,xloopA_0Ab,2762.8,2812.0,49.2,84.2,6.2,1
597,car,4.5,road_loopA_f0,road_loopA_f1,2710.4,2813.4,103.0,1303.9,45.6,0
573,car,4.5,road_loopA_f0,road_loopA_f1,2684.4,2814.3,129.9,1303.4,36.1,1
684,car,4.5,xloopA_0Aa,xloopA_0Ab,2777.8,2814.5,36.7,84.4,8.3,1
602,suv,4.8,road_loopA_f0,road_loopA_f1,2718.3,2815.1,96.8,1303.2,48.5,0
657,car,4.5,xloopA_0Ba,xloopA_0Bb,2762.0,2815.5,53.5,84.2,5.7,1
686,car,4.5,xloopA_0Aa,xloopA_0Ab,2777.8,2816.5,38.7,84.2,7.8,0
606,car,4.5,road_loopA_f0,road_loopA_f1,2722.5,2816.9,94.4,1303.5,49.7,0
581,car,4.5,road_loopA_f0,road_loopA_f1,2699.2,2818.1,118.9,1303.9,39.5,0
494,car,4.5,xloopA_0Ba,road_loopA_f1,2602.3,2818.4,216.1,902.3,15.0,0
709,car,4.5,xloopA_0Aa,xloopA_0Ab,2803.5,2818.5,15.0,84.3,20.2,0
605,suv,4.8,road_loopA_f0,road_loopA_f1,2721.3,2818.7,97.4,1302.9,48.1,0
711,car,4.5,xloopA_0Ba,xloopA_0Bb,2803.9,2818.8,14.9,84.2,20.4,0
599,car,4.5,road_loopA_f0,road_loopA_f1,2712.4,2820.6,108.2,1304.1,43.4,0
596,car,4.5,road_loopA_f0,road_loopA_f1,2710.1,2821.1,111.0,1303.9,42.3,0
574,car,4.5,road_loopA_f0,road_loopA_f1,2687.5,2822.8,135.3,1304.0,34.7,1
487,car,4.5,xloopA_0Ba,road_loopA_f1,2591.2,2823.7,232.5,902.6,14.0,1
611,truck,8.5,road_loopA_f0,road_loopA_f1,2724.1,2824.4,100.3,1302.9,46.8,0
587,car,4.5,road_loopA_f0,road_loopA_f1,2704.6,2824.5,119.9,1303.7,39.2,0
537,car,4.5,road_loopA_f0,road_loopA_f1,2647.6,2825.4,177.8,1303.0,26.4,1
618,suv,4.8,road_loopA_f0,road_loopA_f1,2733.5,2826.4,92.9,1303.1,50.5,0
571,car,4.5,road_loopA_f0,road_loopA_f1,2679.8,2826.5,146.7,1303.1,32.0,1
544,truck,8.5,road_loopA_f0,road_loopA_f1,2654.8,2827.6,172.8,1303.5,27.2,1
578,car,4.5,road_loopA_f0,road_loopA_f1,2696.0,2828.1,132.1,1303.5,35.5,0
615,suv,4.8,road_loopA_f0,road_loopA_f1,2730.6,2828.5,97.9,1303.0,47.9,0
551,car,4.5,road_loopA_f0,road_loopA_f1,2660.3,2829.6,169.3,1303.3,27.7,1
609,truck,8.5,road_loopA_f0,road_loopA_f1,2723.3,2830.1,106.8,1304.0,44.0,0
561,suv,4.8,road_loopA_f0,road_loopA_f1,2672.4,2831.3,158.9,1303.5,29.5,1
621,car,4.5,road_loopA_f0,road_loopA_f1,2736.7,2832.7,96.0,1303.7,48.9,0
563,car,4.5,road_loopA_f0,road_loopA_f1,2673.3,2833.1,159.8,1303.2,29.4,1
613,suv,4.8,road_loopA_f0,road_loopA_f1,2728.6,2834.9,106.3,1302.9,44.1,0
624,suv,4.8,road_loopA_f0,road_loopA_f1,2738.2,2835.3,97.1,1304.2,48.3,0
628,suv,4.8,road_loopA_f0,road_loopA_f1,2741.4,2836.0,94.6,1303.6,49.6,0
632,car,4.5,road_loopA_f0,road_loopA_f1,2742.0,2840.0,98.0,1303.5,47.9,0
619,suv,4.8,road_loopA_f0,road_loopA_f1,2736.4,2840.7,104.3,1303.7,45.0,0
630,car,4.5,road_loopA_f0,road_loopA_f1,2741.7,2845.8,104.1,1303.3,45.1,0
625,suv,4.8,road_loopA_f0,road_loopA_f1,2738.9,2845.9,107.0,1303.3,43.9,0
626,car,4.5,road_loopA_f0,road_loopA_f1,2740.2,2847.7,107.5,1303.8,43.7,0
617,car,4.5,road_loopA_f0,road_loopA_f1,2732.5,2850.1,117.6,1303.3,39.9,0
610,car,4.5,road_loopA_r0,road_loopA_r1,2723.8,2850.4,126.6,1297.8,36.9,1
623,truck,8.5,road_loopA_f0,road_loopA_f1,2737.2,2850.7,113.5,1303.5,41.3,0
607,suv,4.8,road_loopA_r0,road_loopA_r1,2722.5,2851.5,129.0,1297.5,36.2,1
622,car,4.5,road_loopA_r0,road_loopA_r1,2737.1,2853.1,116.0,1297.6,40.3,1
616,suv,4.8,road_loopA_r0,road_loopA_r1,2732.1,2855.1,123.0,1297.4,38.0,1
642,suv,4.8,road_loopA_r0,road_loopA_r1,2748.8,2855.4,106.6,1298.2,43.8,1
629,suv,4.8,road_loopA_r0,road_loopA_r1,2741.6,2857.0,115.4,1298.3,40.5,1
614,car,4.5,xloopA_0Ba,road_loopA_r1,2729.4,2858.8,129.4,476.4,13.3,1
635,car,4.5,road_loopA_r0,road_loopA_r1,2743.1,2859.0,115.9,1297.4,40.3,1
637,suv,4.8,road_loopA_r0,road_loopA_r1,2743.8,2860.4,116.6,1297.8,40.1,1
641,suv,4.8,road_loopA_r0,road_loopA_r1,2746.7,2860.7,114.0,1297.8,41.0,1
638,suv,4.8,road_loopA_r0,road_loopA_r1,2744.8,2862.3,117.5,1298.3,39.8,1
644,truck,8.5,road_loopA_r0,road_loopA_r1,2750.0,2863.0,113.0,1297.3,41.3,0
726,car,4.5,road_loopA_f0,xloopA_0Bb,2822.7,2863.3,40.6,478.8,42.4,0
643,car,4.5,road_loopA_r0,road_loopA_r1,2749.1,2864.2,115.1,1298.0,40.6,0
649,car,4.5,road_loopA_r0,road_loopA_r1,2752.1,2864.3,112.2,1297.9,41.7,0
656,car,4.5,road_loopA_r0,road_loopA_r1,2759.5,2865.9,106.4,1297.4,43.9,0
652,suv,4.8,road_loopA_r0,road_loopA_r1,2756.7,2866.0,109.3,1298.2,42.8,0
654,car,4.5,road_loopA_r0,road_loopA_r1,2757.1,2868.7,111.6,1297.4,41.9,0
653,suv,4.8,road_loopA_r0,road_loopA_r1,2756.7,2869.2,112.5,1297.7,41.5,0
665,car,4.5,road_loopA_r0,road_loopA_r1,2765.9,2871.0,105.1,1298.6,44.5,0
648,car,4.5,road_loopA_r0,road_loopA_r1,2751.9,2871.8,119.9,1298.1,39.0,0
670,car,4.5,road_loopA_r0,road_loopA_r1,2773.2,2872.7,99.5,1297.4,47.0,0
620,car,4.5,xloopA_0Aa,road_loopA_r1,2736.6,2873.3,136.7,507.1,13.4,1
661,suv,4.8,road_loopA_r0,road_loopA_r1,2764.0,2873.3,109.3,1297.7,42.7,0
679,car,4.5,road_loopA_r0,road_loopA_r1,2776.1,2874.6,98.5,1297.9,47.4,0
612,car,4.5,road_loopA_r0,road_loopA_r1,2725.8,2874.9,149.1,1297.5,31.3,1
677,suv,4.8,road_loopA_r0,road_loopA_r1,2775.7,2875.0,99.3,1297.5,47.0,0
634,car,4.5,road_loopA_f0,road_loopA_f1,2742.1,2876.2,134.1,1302.9,35.0,1
636,suv,4.8,road_loopA_f0,road_loopA_f1,2743.5,2876.3,132.8,1303.5,35.3,1
664,car,4.5,road_loopA_r0,road_loopA_r1,2765.0,2876.8,111.8,1298.0,41.8,0
682,suv,4.8,road_loopA_r0,road_loopA_r1,2777.5,2876.9,99.4,1298.0,47.0,0
680,car,4.5,road_loopA_r0,road_loopA_r1,2777.5,2877.8,100.3,1297.3,46.6,0
672,car,4.5,road_loopA_r0,road_loopA_r1,2773.4,2878.5,105.1,1298.2,44.5,0
690,car,4.5,road_loopA_r0,road_loopA_r1,2780.8,2878.6,97.8,1297.7,47.8,0
688,car,4.5,road_loopA_r0,road_loopA_r1,2779.3,2879.3,100.0,1298.1,46.7,0
675,car,4.5,road_loopA_r0,road_loopA_r1,2775.3,2880.2,104.9,1298.4,44.6,0
695,car,4.5,road_loopA_r0,road_loopA_r1,2785.5,2881.7,96.2,1298.0,48.6,0
646,car,4.5,road_loopA_f0,road_loopA_f1,2750.9,2881.8,130.9,1304.0,35.9,1
685,car,4.5,road_loopA_r0,road_loopA_r1,2777.7,2882.9,105.2,1298.1,44.4,0
604,bus,11.0,road_loopA_f0,road_loopA_f1,2720.4,2883.7,163.3,1303.0,28.7,2
678,suv,4.8,road_loopA_r0,road_loopA_r1,2775.8,2883.7,107.9,1297.8,43.3,0
633,truck,8.5,road_loopA_f0,road_loopA_f1,2742.1,2883.9,141.8,1303.4,33.1,1
647,car,4.5,road_loopA_f0,road_loopA_f1,2751.1,2885.9,134.8,1304.1,34.8,1
631,truck,8.5,road_loopA_f0,road_loopA_f1,2741.9,2886.1,144.2,1303.5,32.5,1
645,suv,4.8,road_loopA_f0,road_loopA_f1,2750.7,2888.2,137.5,1304.0,34.2,1
640,car,4.5,road_loopA_f0,xloopA_0Ab,2745.8,2888.3,142.5,505.3,12.8,1
691,car,4.5,road_loopA_r0,road_loopA_r1,2781.1,2890.3,109.2,1298.2,42.8,0
651,truck,8.5,road_loopA_f0,road_loopA_f1,2754.1,2890.4,136.3,1303.5,34.4,1
699,car,4.5,road_loopA_f0,xloopA_0Ab,2794.6,2890.9,96.3,505.3,18.9,1
655,car,4.5,road_loopA_f0,road_loopA_f1,2757.4,2891.2,133.8,1303.9,35.1,1
663,car,4.5,road_loopA_f0,road_loopA_f1,2765.0,2892.4,127.4,1303.9,36.8,1
703,suv,4.8,road_loopA_r0,road_loopA_r1,2799.2,2892.6,93.4,1297.7,50.0,0
650,truck,8.5,road_loopA_f0,road_loopA_f1,2752.8,2892.8,140.0,1303.7,33.5,1
666,suv,4.8,road_loopA_f0,road_loopA_f1,2770.2,2892.9,122.7,1303.4,38.3,1
700,truck,8.5,road_loopA_r0,road_loopA_r1,2796.1,2894.3,98.2,1297.8,47.6,0
668,suv,4.8,road_loopA_f0,road_loopA_f1,2771.5,2894.4,122.9,1303.4,38.2,1
660,suv,4.8,road_loopA_f0,road_loopA_f1,2762.9,2894.7,131.8,1303.5,35.6,1
705,suv,4.8,road_loopA_r0,road_loopA_r1,2801.1,2895.2,94.1,1297.7,49.7,0
673,suv,4.8,road_loopA_f0,road_loopA_f1,2774.1,2895.5,121.4,1302.8,38.6,1
708,car,4.5,road_loopA_r0,road_loopA_r1,2801.6,2896.6,95.0,1298.6,49.2,0
669,car,4.5,road_loopA_f0,road_loopA_f1,2772.1,2898.3,126.2,1303.5,37.2,1
713,suv,4.8,road_loopA_r0,road_loopA_r1,2807.6,2898.3,90.7,1298.1,51.5,0
683,suv,4.8,road_loopA_f0,road_loopA_f1,2777.6,2898.4,120.8,1303.1,38.8,1
734,car,4.5,xloopA_0Ba,xloopA_0Bb,2828.7,2899.3,70.6,84.3,4.3,1
693,car,4.5,road_loopA_r0,road_loopA_r1,2783.6,2899.7,116.1,1297.6,40.2,0
658,car,4.5,road_loopA_f0,road_loopA_f1,2762.3,2899.9,137.6,1302.9,34.1,1
723,car,4.5,xloopA_0Aa,xloopA_0Ab,2819.7,2899.9,80.2,84.7,3.8,1
674,suv,4.8,road_loopA_f0,road_loopA_f1,2774.8,2900.1,125.3,1303.6,37.5,1
712,suv,4.8,road_loopA_r0,road_loopA_r1,2805.4,2900.1,94.7,1298.2,49.3,0
689,car,4.5,road_loopA_f0,road_loopA_f1,2779.3,2901.3,122.0,1302.9,38.4,1
662,suv,4.8,road_loopA_f0,road_loopA_f1,2764.6,2901.7,137.1,1303.5,34.2,1
757,car,4.5,xloopA_0Aa,xloopA_0Ab,2852.9,2901.9,49.0,84.2,6.2,1
738,car,4.5,xloopA_0Ba,xloopA_0Bb,2830.6,2902.8,72.2,84.5,4.2,1
667,car,4.5,road_loopA_f0,road_loopA_f1,2771.2,2903.0,131.8,1303.9,35.6,1
697,car,4.5,road_loopA_f0,road_loopA_f1,2791.1,2904.1,113.0,1303.5,41.5,0
718,car,4.5,road_loopA_r0,road_loopA_r1,2814.7,2904.2,89.5,1297.3,52.2,0
639,bus,11.0,road_loopA_r0,road_loopA_r1,2745.3,2904.4,159.1,1297.4,29.4,2
762,car,4.5,xloopA_0Aa,xloopA_0Ab,2857.3,2905.0,47.7,84.6,6.4,1
782,car,4.5,xloopA_0Ba,xloopA_0Bb,2882.2,2906.6,24.4,84.1,12.4,0
794,car,4.5,xloopA_0Aa,xloopA_0Ab,2892.1,2907.1,15.0,84.1,20.1,0
701,suv,4.8,road_loopA_f0,road_loopA_f1,2798.1,2907.3,109.2,1303.2,43.0,0
671,car,4.5,road_loopA_f0,road_loopA_f1,2773.5,2909.4,135.9,1302.8,34.5,1
676,truck,8.5,road_loopA_f0,road_loopA_f1,2775.7,2912.0,136.3,1303.6,34.4,1
715,suv,4.8,road_loopA_f0,road_loopA_f1,2810.6,2912.4,101.8,1303.8,46.1,0
687,car,4.5,road_loopA_f0,road_loopA_f1,2779.1,2913.9,134.8,1303.8,34.8,1
694,car,4.5,road_loopA_f0,road_loopA_f1,2785.5,2914.9,129.4,1303.7,36.3,0
692,car,4.5,road_loopA_f0,road_loopA_f1,2783.7,2915.8,132.1,1303.3,35.5,1
724,car,4.5,road_loopA_f0,road_loopA_f1,2820.2,2916.1,95.9,1303.7,48.9,0
696,car,4.5,road_loopA_f0,road_loopA_f1,2787.2,2917.6,130.4,1303.1,36.0,0
704,car,4.5,road_loopA_f0,road_loopA_f1,2801.1,2918.0,116.9,1303.6,40.2,0
728,car,4.5,road_loopA_f0,road_loopA_f1,2825.3,2918.8,93.5,1303.6,50.2,0
698,suv,4.8,road_loopA_f0,road_loopA_f1,2792.4,2919.4,127.0,1303.3,36.9,0
731,suv,4.8,road_loopA_f0,road_loopA_f1,2828.0,2920.6,92.6,1303.3,50.7,0
702,truck,8.5,road_loopA_f0,road_loopA_f1,2798.1,2922.0,123.9,1303.1,37.9,0
707,truck,8.5,road_loopA_f0,road_loopA_f1,2801.6,2922.4,120.8,1303.0,38.8,0
730,car,4.5,road_loopA_f0,road_loopA_f1,2827.1,2923.0,95.9,1303.8,48.9,0
706,suv,4.8,road_loopA_f0,road_loopA_f1,2801.5,2924.0,122.5,1303.5,38.3,0
719,car,4.5,road_loopA_f0,road_loopA_f1,2815.0,2924.5,109.5,1303.2,42.9,0
742,suv,4.8,road_loopA_f0,road_loopA_f1,2835.4,2925.7,90.3,1303.6,51.9,0
710,car,4.5,road_loopA_f0,road_loopA_f1,2803.5,2925.8,122.3,1303.7,38.4,0
717,car,4.5,road_loopA_f0,road_loopA_f1,2814.5,2926.2,111.7,1302.8,42.0,0
714,car,4.5,road_loopA_f0,road_loopA_f1,2810.2,2927.6,117.4,1304.0,40.0,0
725,car,4.5,road_loopA_f0,road_loopA_f1,2822.2,2928.0,105.8,1303.5,44.4,0
720,car,4.5,road_loopA_f0,road_loopA_f1,2815.8,2929.4,113.6,1303.9,41.3,0
739,car,4.5,road_loopA_f0,road_loopA_f1,2834.0,2932.6,98.6,1303.4,47.6,0
721,car,4.5,road_loopA_r0,road_loopA_r1,2815.8,2938.3,122.5,1298.2,38.2,1
716,car,4.5,road_loopA_r0,road_loopA_r1,2813.4,2939.0,125.6,1298.0,37.2,1
807,car,4.5,road_loopA_f0,xloopA_0Bb,2899.7,2939.7,40.0,478.7,43.1,0
735,car,4.5,road_loopA_r0,road_loopA_r1,2828.8,2940.5,111.7,1297.8,41.8,1
727,car,4.5,road_loopA_r0,road_loopA_r1,2823.4,2940.7,117.3,1297.9,39.8,1
722,suv,4.8,road_loopA_r0,road_loopA_r1,2815.8,2940.8,125.0,1297.4,37.4,1
733,car,4.5,road_loopA_r0,road_loopA_r1,2828.7,2942.5,113.8,1298.4,41.1,1
736,car,4.5,road_loopA_r0,road_loopA_r1,2829.1,2945.0,115.9,1298.4,40.3,1
729,car,4.5,road_loopA_r0,road_loopA_r1,2825.8,2946.1,120.3,1297.8,38.8,1
737,truck,8.5,road_loopA_r0,road_loopA_r1,2829.6,2946.4,116.8,1298.5,40.0,1
740,car,4.5,road_loopA_r0,road_loopA_r1,2834.7,2946.7,112.0,1298.1,41.7,1
743,suv,4.8,road_loopA_r0,road_loopA_r1,2836.0,2947.8,111.8,1297.8,41.8,1
748,suv,4.8,road_loopA_r0,road_loopA_r1,2842.6,2948.4,105.8,1297.3,44.1,1
754,car,4.5,road_loopA_r0,road_loopA_r1,2851.3,2949.0,97.7,1298.5,47.8,0
749,car,4.5,road_loopA_r0,road_loopA_r1,2842.7,2950.2,107.5,1298.0,43.5,1
732,bus,11.0,road_loopA_f0,road_loopA_f1,2828.5,2950.4,121.9,1303.4,38.5,1
681,bus,11.0,road_loopA_f0,road_loopA_f1,2777.4,2951.7,174.3,1302.8,26.9,2
756,car,4.5,road_loopA_r0,road_loopA_r1,2852.6,2951.8,99.2,1298.4,47.1,0
741,car,4.5,road_loopA_r0,road_loopA_r1,2835.1,2952.7,117.6,1297.9,39.7,0
760,car,4.5,road_loopA_r0,road_loopA_r1,2855.0,2954.9,99.9,1298.6,46.8,0
767,car,4.5,road_loopA_r0,road_loopA_r1,2863.1,2956.6,93.5,1297.6,50.0,0
752,truck,8.5,road_loopA_r0,road_loopA_r1,2845.8,2956.9,111.1,1297.3,42.0,0
771,suv,4.8,road_loopA_r0,road_loopA_r1,2865.1,2958.7,93.6,1297.7,49.9,0
765,car,4.5,road_loopA_r0,road_loopA_r1,2862.6,2958.9,96.3,1298.6,48.5,0
774,car,4.5,road_loopA_r0,road_loopA_r1,2871.1,2960.2,89.1,1297.5,52.4,0
747,car,4.5,road_loopA_f0,road_loopA_f1,2840.5,2966.5,126.0,1302.9,37.2,1
780,car,4.5,road_loopA_r0,road_loopA_r1,2878.1,2967.0,88.9,1297.3,52.5,0
751,car,4.5,road_loopA_f0,road_loopA_f1,2844.5,2968.9,124.4,1303.2,37.7,1
758,car,4.5,road_loopA_f0,road_loopA_f1,2853.5,2970.1,116.6,1303.1,40.2,1
784,car,4.5,road_loopA_r0,road_loopA_r1,2883.3,2972.3,89.0,1297.3,52.5,0
770,car,4.5,road_loopA_f0,road_loopA_f1,2865.1,2972.8,107.7,1303.5,43.6,1
745,car,4.5,road_loopA_f0,road_loopA_f1,2839.3,2974.9,135.6,1303.2,34.6,1
763,car,4.5,road_loopA_f0,road_loopA_f1,2860.5,2976.2,115.7,1303.3,40.5,1
777,car,4.5,road_loopA_f0,road_loopA_f1,2874.2,2978.1,103.9,1303.5,45.2,0
778,car,4.5,road_loopA_f0,road_loopA_f1,2875.6,2979.7,104.1,1303.1,45.1,0
793,car,4.5,road_loopA_r0,road_loopA_r1,2891.5,2980.5,89.0,1297.3,52.5,0
744,car,4.5,road_loopA_f0,road_loopA_f1,2836.8,2981.0,144.2,1303.8,32.6,1
761,car,4.5,road_loopA_r0,xloopA_0Bb,2857.0,2981.3,124.3,895.8,25.9,1
781,suv,4.8,road_loopA_f0,road_loopA_f1,2878.3,2981.6,103.3,1302.8,45.4,0
755,car,4.5,road_loopA_f0,xloopA_0Ab,2851.9,2981.8,129.9,505.2,14.0,1
779,truck,8.5,road_loopA_r0,road_loopA_r1,2877.1,2982.1,105.0,1297.5,44.5,0
759,car,4.5,road_loopA_f0,road_loopA_f1,2854.6,2982.7,128.1,1303.1,36.6,1
796,car,4.5,road_loopA_r0,road_loopA_r1,2892.5,2983.2,90.7,1297.3,51.5,0
772,car,4.5,road_loopA_f0,road_loopA_f1,2867.2,2983.7,116.5,1303.1,40.3,1
768,suv,4.8,road_loopA_r0,xloopA_0Bb,2864.1,2983.9,119.8,895.8,26.9,1
846,suv,4.8,road_loopA_f0,xloopA_0Ab,2936.0,2985.2,49.2,505.5,37.0,0
753,car,4.5,road_loopA_f0,road_loopA_f1,2850.5,2986.5,136.0,1302.9,34.5,1
795,car,4.5,road_loopA_r0,xloopA_0Bb,2892.2,2986.6,94.4,895.7,34.1,1
790,car,4.5,road_loopA_r0,road_loopA_r1,2888.3,2986.9,98.6,1297.6,47.4,0
766,truck,8.5,road_loopA_f0,road_loopA_f1,2862.6,2987.4,124.8,1303.1,37.6,1
815,car,4.5,road_loopA_r0,xloopA_0Bb,2907.0,2989.2,82.2,895.4,39.2,1
788,car,4.5,road_loopA_f0,road_loopA_f1,2886.7,2989.3,102.6,1302.9,45.7,0
798,car,4.5,road_loopA_r0,road_loopA_r1,2895.6,2989.3,93.7,1297.8,49.9,0
800,car,4.5,road_loopA_f0,road_loopA_f1,2895.8,2989.6,93.8,1304.2,50.0,0
865,car,4.5,road_loopA_f0,xloopA_0Ab,2948.4,2990.4,42.0,505.4,43.4,0
802,car,4.5,road_loopA_r0,road_loopA_r1,2896.5,2991.0,94.5,1297.9,49.4,0
821,suv,4.8,road_loopA_r0,xloopA_0Bb,2913.4,2991.9,78.5,895.6,41.1,0
809,car,4.5,road_loopA_r0,road_loopA_r1,2900.9,2994.0,93.1,1298.5,50.2,0
776,car,4.5,road_loopA_f0,road_loopA_f1,2873.9,2994.4,120.5,1302.8,38.9,0
805,truck,8.5,road_loopA_f0,road_loopA_f1,2898.4,2995.0,96.6,1304.0,48.6,0
810,car,4.5,road_loopA_r0,road_loopA_r1,2903.6,2996.4,92.8,1298.1,50.4,0
797,truck,8.5,road_loopA_r0,road_loopA_r1,2894.4,2996.6,102.2,1297.9,45.7,0
852,car,4.5,xloopA_0Ba,xloopA_0Bb,2941.1,2996.7,55.6,84.2,5.4,1
812,car,4.5,road_loopA_f0,road_loopA_f1,2904.9,2997.0,92.1,1303.6,51.0,0
814,car,4.5,road_loopA_r0,road_loopA_r1,2906.8,2997.2,90.4,1298.4,51.7,0
817,car,4.5,road_loopA_r0,road_loopA_r1,2907.5,2998.1,90.6,1298.3,51.6,0
785,car,4.5,road_loopA_f0,road_loopA_f1,2883.5,2998.6,115.1,1303.3,40.8,0
803,car,4.5,road_loopA_f0,road_loopA_f1,2896.7,2998.6,101.9,1302.9,46.0,0
799,car,4.5,road_loopA_r0,road_loopA_r1,2895.6,2998.8,103.2,1298.0,45.3,0
854,car,4.5,xloopA_0Ba,xloopA_0Bb,2942.1,2998.8,56.7,84.8,5.4,1
816,car,4.5,road_loopA_f0,road_loopA_f1,2907.4,2998.9,91.5,1303.0,51.3,0
818,car,4.5,road_loopA_r0,road_loopA_r1,2907.6,2999.0,91.4,1298.3,51.1,0
791,car,4.5,road_loopA_f0,road_loopA_f1,2890.1,3000.6,110.5,1302.9,42.4,0
806,car,4.5,road_loopA_f0,road_loopA_f1,2899.2,3000.8,101.6,1303.4,46.2,0
808,car,4.5,road_loopA_f0,road_loopA_f1,2899.8,3002.4,102.6,1303.4,45.8,0
804,car,4.5,road_loopA_f0,road_loopA_f1,2897.1,3003.4,106.3,1303.4,44.1,0
789,car,4.5,road_loopA_f0,road_loopA_f1,2888.1,3003.9,115.8,1303.7,40.5,0
783,car,4.5,road_loopA_f0,road_loopA_f1,2882.6,3005.7,123.1,1304.2,38.1,0
824,car,4.5,road_loopA_f0,road_loopA_f1,2916.5,3007.4,90.9,1303.8,51.6,0
773,car,4.5,xloopA_0Ba,road_loopA_f1,2868.4,3007.8,139.4,902.6,23.3,1
813,car,4.5,road_loopA_f0,road_loopA_f1,2906.7,3007.8,101.1,1303.7,46.4,0
746,car,4.5,road_loopA_f0,road_loopA_f1,2839.6,3009.5,169.9,1303.9,27.6,1
820,car,4.5,road_loopA_f0,road_loopA_f1,2910.0,3010.0,100.0,1303.7,46.9,0
825,car,4.5,road_loopA_f0,road_loopA_f1,2918.0,3010.8,92.8,1303.2,50.5,0
750,car,4.5,road_loopA_f0,road_loopA_f1,2843.2,3011.2,168.0,1303.6,27.9,1
822,car,4.5,road_loopA_f0,road_loopA_f1,2916.0,3011.7,95.7,1303.6,49.0,0
764,truck,8.5,road_loopA_f0,road_loopA_f1,2860.5,3013.3,152.8,1303.6,30.7,1
823,car,4.5,road_loopA_f0,road_loopA_f1,2916.3,3013.4,97.1,1303.3,48.3,0
833,car,4.5,road_loopA_f0,road_loopA_f1,2923.9,3013.7,89.8,1302.9,52.2,0
819,car,4.5,road_loopA_f0,road_loopA_f1,2908.4,3015.2,106.8,1303.0,43.9,0
769,car,4.5,road_loopA_f0,road_loopA_f1,2865.0,3015.3,150.3,1303.4,31.2,1
836,car,4.5,road_loopA_f0,road_loopA_f1,2925.3,3016.4,91.1,1303.3,51.5,0
786,car,4.5,road_loopA_f0,road_loopA_f1,2885.4,3017.0,131.6,1303.3,35.7,0
801,car,4.5,road_loopA_f0,road_loopA_f1,2896.2,3017.8,121.6,1303.8,38.6,0
840,car,4.5,road_loopA_f0,road_loopA_f1,2929.0,3018.4,89.4,1302.9,52.5,0
792,car,4.5,road_loopA_f0,road_loopA_f1,2890.4,3019.0,128.6,1303.7,36.5,0
832,suv,4.8,road_loopA_r0,xloopA_0Ab,2922.2,3019.2,97.0,869.4,32.3,1
837,car,4.5,road_loopA_f0,road_loopA_f1,2927.1,3019.3,92.2,1304.2,50.9,0
811,truck,8.5,road_loopA_f0,road_loopA_f1,2904.9,3021.2,116.3,1302.9,40.3,0
835,car,4.5,road_loopA_f0,road_loopA_f1,2925.2,3021.7,96.5,1302.9,48.6,0
844,suv,4.8,road_loopA_f0,road_loopA_f1,2933.7,3024.7,91.0,1303.4,51.6,0
847,suv,4.8,road_loopA_f0,road_loopA_f1,2936.0,3026.8,90.8,1304.0,51.7,0
827,car,4.5,road_loopA_r0,road_loopA_r1,2919.0,3036.0,117.0,1297.4,39.9,1
838,truck,8.5,road_loopA_f0,road_loopA_f1,2927.4,3036.8,109.4,1303.1,42.9,0
775,bus,11.0,road_loopA_f0,road_loopA_f1,2871.2,3038.0,166.8,1303.0,28.1,2
841,car,4.5,road_loopA_r0,road_loopA_r1,2931.2,3041.1,109.9,1298.6,42.5,1
830,truck,8.5,road_loopA_r0,road_loopA_r1,2921.3,3043.0,121.7,1298.5,38.4,1
843,car,4.5,road_loopA_r0,road_loopA_r1,2933.3,3044.0,110.7,1298.0,42.2,1
848,car,4.5,road_loopA_r0,road_loopA_r1,2939.4,3046.1,106.7,1298.3,43.8,1
828,truck,8.5,road_loopA_r0,road_loopA_r1,2919.1,3049.2,130.1,1297.7,35.9,1
866,car,4.5,road_loopA_r0,road_loopA_r1,2949.1,3049.3,100.2,1297.7,46.6,0
834,car,4.5,road_loopA_r0,road_loopA_r1,2924.4,3053.1,128.7,1297.4,36.3,1
845,car,4.5,road_loopA_r0,road_loopA_r1,2935.1,3053.5,118.4,1297.9,39.5,1
857,car,4.5,road_loopA_r0,road_loopA_r1,2944.1,3054.0,109.9,1297.3,42.5,0
859,car,4.5,road_loopA_r0,road_loopA_r1,2945.3,3056.6,111.3,1298.5,42.0,0
853,car,4.5,road_loopA_r0,road_loopA_r1,2941.6,3057.2,115.6,1298.4,40.4,0
896,car,4.5,road_loopA_r0,xloopA_0Ab,2979.0,3057.4,78.4,869.0,39.9,0
870,car,4.5,road_loopA_r0,road_loopA_r1,2951.1,3058.8,107.7,1297.8,43.4,0
871,car,4.5,xloopA_0Ba,road_loopA_r1,2953.0,3058.9,105.9,476.5,16.2,0
887,suv,4.8,road_loopA_r0,road_loopA_r1,2968.4,3059.2,90.8,1298.6,51.5,0
826,truck,8.5,road_loopA_r0,road_loopA_r1,2918.4,3061.1,142.7,1297.5,32.7,1
872,suv,4.8,road_loopA_r0,road_loopA_r1,2953.1,3061.9,108.8,1298.0,42.9,0
884,suv,4.8,road_loopA_r0,road_loopA_r1,2963.7,3061.9,98.2,1297.3,47.6,0
829,car,4.5,road_loopA_r0,road_loopA_r1,2920.3,3063.2,142.9,1297.3,32.7,1
851,suv,4.8,road_loopA_r0,road_loopA_r1,2940.9,3064.0,123.1,1298.1,38.0,0
839,car,4.5,road_loopA_r0,road_loopA_r1,2928.9,3065.0,136.1,1297.6,34.3,1
860,suv,4.8,road_loopA_r0,road_loopA_r1,2945.4,3065.2,119.8,1298.3,39.0,0
855,truck,8.5,road_loopA_r0,road_loopA_r1,2942.4,3066.0,123.6,1297.7,37.8,0
842,truck,8.5,road_loopA_r0,road_loopA_r1,2931.7,3067.1,135.4,1297.3,34.5,1
849,car,4.5,road_loopA_f0,road_loopA_f1,2940.4,3068.2,127.8,1304.0,36.7,1
861,truck,8.5,road_loopA_f0,road_loopA_f1,2946.5,3070.0,123.5,1303.7,38.0,1
862,suv,4.8,road_loopA_f0,road_loopA_f1,2946.8,3071.9,125.1,1303.9,37.5,1
890,suv,4.8,road_loopA_r0,road_loopA_r1,2971.1,3072.8,101.7,1297.3,45.9,0
893,car,4.5,road_loopA_r0,road_loopA_r1,2978.3,3073.6,95.3,1298.5,49.1,0
875,car,4.5,road_loopA_f0,road_loopA_f1,2956.0,3073.8,117.8,1303.6,39.9,1
881,car,4.5,road_loopA_r0,xloopA_0Bb,2962.0,3074.7,112.7,895.3,28.6,1
850,car,4.5,road_loopA_f0,road_loopA_f1,2940.6,3074.8,134.2,1303.4,35.0,1
899,car,4.5,road_loopA_f0,xloopA_0Ab,2984.5,3075.3,90.8,505.2,20.0,1
858,car,4.5,road_loopA_f0,road_loopA_f1,2944.4,3077.4,133.0,1303.1,35.3,1
868,car,4.5,road_loopA_f0,road_loopA_f1,2950.2,3077.4,127.2,1303.0,36.9,1
936,suv,4.8,road_loopA_f0,xloopA_0Ab,3026.6,3078.2,51.6,505.6,35.3,0
787,bus,11.0,road_loopA_r0,road_loopA_r1,2885.7,3078.9,193.2,1297.8,24.2,3
873,car,4.5,road_loopA_f0,road_loopA_f1,2953.7,3080.1,126.4,1304.0,37.1,1
879,car,4.5,road_loopA_f0,road_loopA_f1,2960.3,3081.5,121.2,1304.0,38.7,1
891,car,4.5,road_loopA_f0,road_loopA_f1,2977.4,3083.1,105.7,1303.4,44.4,0
876,suv,4.8,road_loopA_f0,road_loopA_f1,2958.1,3083.6,125.5,1303.6,37.4,1
897,truck,8.5,road_loopA_r0,road_loopA_r1,2979.7,3084.6,104.9,1298.2,44.5,0
892,truck,8.5,road_loopA_r0,road_loopA_r1,2977.8,3085.0,107.2,1297.5,43.6,0
895,car,4.5,road_loopA_r0,road_loopA_r1,2978.9,3086.0,107.1,1298.2,43.6,0
916,car,4.5,xloopA_0Aa,xloopA_0Ab,3006.5,3086.3,79.8,84.0,3.8,1
905,car,4.5,road_loopA_r0,road_loopA_r1,2995.4,3086.5,91.1,1298.0,51.3,0
877,suv,4.8,road_loopA_f0,road_loopA_f1,2960.0,3086.7,126.7,1303.7,37.0,1
902,suv,4.8,road_loopA_f0,road_loopA_f1,2989.4,3087.8,98.4,1303.9,47.7,0
831,bus,11.0,road_loopA_f0,road_loopA_f1,2921.7,3088.4,166.7,1303.2,28.1,2
949,car,4.5,xloopA_0Aa,xloopA_0Ab,3037.0,3088.4,51.4,84.4,5.9,1
901,car,4.5,road_loopA_r0,road_loopA_r1,2986.8,3088.8,102.0,1297.7,45.8,0
927,car,4.5,xloopA_0Ba,xloopA_0Bb,3017.7,3089.2,71.5,84.2,4.2,1
885,car,4.5,road_loopA_r0,road_loopA_r1,2964.5,3089.8,125.3,1297.6,37.3,0
878,bus,11.0,road_loopA_r0,road_loopA_r1,2960.2,3090.0,129.8,1298.0,36.0,1
909,car,4.5,road_loopA_r0,road_loopA_r1,3000.5,3090.2,89.7,1297.7,52.1,0
961,car,4.5,xloopA_0Aa,xloopA_0Ab,3048.3,3090.6,42.3,84.1,7.1,1
939,car,4.5,xloopA_0Ba,xloopA_0Bb,3030.2,3091.4,61.2,84.4,5.0,1
856,car,4.5,road_loopA_f0,road_loopA_f1,2943.5,3091.9,148.4,1302.8,31.6,1
882,suv,4.8,road_loopA_f0,road_loopA_f1,2962.4,3092.5,130.1,1302.9,36.0,1
898,suv,4.8,road_loopA_f0,road_loopA_f1,2980.0,3092.6,112.6,1303.6,41.7,0
906,car,4.5,road_loopA_f0,road_loopA_f1,2997.6,3093.6,96.0,1304.1,48.9,0
969,car,4.5,xloopA_0Aa,xloopA_0Ab,3051.9,3094.6,42.7,84.6,7.1,0
900,suv,4.8,road_loopA_f0,road_loopA_f1,2984.8,3094.8,110.0,1303.2,42.6,0
908,car,4.5,road_loopA_f0,road_loopA_f1,2999.1,3095.3,96.2,1302.9,48.8,0
910,car,4.5,road_loopA_f0,road_loopA_f1,3001.6,3095.4,93.8,1303.1,50.0,0
994,car,4.5,xloopA_0Aa,xloopA_0Ab,3073.5,3096.8,23.3,84.1,13.0,0
913,car,4.5,road_loopA_f0,road_loopA_f1,3004.6,3097.1,92.5,1304.1,50.8,0
894,truck,8.5,road_loopA_f0,road_loopA_f1,2978.8,3097.3,118.5,1303.3,39.6,0
915,suv,4.8,road_loopA_f0,road_loopA_f1,3006.4,3098.1,91.7,1303.6,51.2,0
1007,car,4.5,xloopA_0Aa,xloopA_0Ab,3088.4,3099.4,11.0,84.5,27.8,0
880,suv,4.8,road_loopA_f0,road_loopA_f1,2961.9,3099.9,138.0,1303.3,34.0,1
886,car,4.5,road_loopA_f0,road_loopA_f1,2965.6,3102.1,136.5,1304.0,34.4,1
914,suv,4.8,road_loopA_f0,road_loopA_f1,3005.2,3102.7,97.5,1302.9,48.1,0
907,car,4.5,road_loopA_f0,road_loopA_f1,2999.1,3104.5,105.4,1304.0,44.5,0
903,suv,4.8,road_loopA_f0,road_loopA_f1,2990.5,3104.7,114.2,1303.2,41.1,0
889,car,4.5,road_loopA_f0,road_loopA_f1,2970.7,3108.4,137.7,1302.9,34.1,15
965,car,4.5,road_loopA_f0,xloopA_0Bb,3050.3,3111.1,60.8,478.8,28.4,2
911,car,4.5,road_loopA_r0,xloopA_0Ab,3002.1,3111.9,109.8,869.2,28.5,1
923,suv,4.8,road_loopA_f0,road_loopA_f1,3014.1,3113.6,99.5,1303.4,47.2,0
904,car,4.5,road_loopA_r0,xloopA_0Ab,2994.9,3115.5,120.6,869.0,25.9,2
930,truck,8.5,road_loopA_f0,road_loopA_f1,3021.4,3115.8,94.4,1303.0,49.7,0
975,car,4.5,road_loopA_f0,xloopA_0Bb,3056.2,3117.7,61.5,478.6,28.0,1
955,car,4.5,road_loopA_r0,xloopA_0Ab,3042.8,3119.3,76.5,869.1,40.9,0
924,car,4.5,road_loopA_f0,road_loopA_f1,3014.5,3120.7,106.2,1303.6,44.2,0
874,car,4.5,road_loopA_f0,road_loopA_f1,2954.1,3123.3,169.2,1303.3,27.7,1
883,suv,4.8,road_loopA_f0,road_loopA_f1,2962.6,3124.1,161.5,1303.9,29.1,1
925,truck,8.5,road_loopA_f0,road_loopA_f1,3016.3,3124.4,108.1,1303.6,43.4,0
933,truck,8.5,road_loopA_r0,xloopA_0Ab,3023.2,3124.6,101.4,869.2,30.8,1
888,car,4.5,xloopA_0Ba,road_loopA_f1,2968.8,3125.9,157.1,902.5,20.7,0
931,car,4.5,road_loopA_f0,road_loopA_f1,3022.4,3126.6,104.2,1303.5,45.0,0
864,car,4.5,road_loopA_f0,road_loopA_f1,2947.5,3128.2,180.7,1302.8,26.0,1
917,car,4.5,road_loopA_r0,road_loopA_r1,3007.0,3129.5,122.5,1298.6,38.2,1
937,truck,8.5,road_loopA_f0,road_loopA_f1,3026.8,3130.0,103.2,1304.0,45.5,0
921,car,4.5,road_loopA_r0,road_loopA_r1,3010.8,3131.0,120.2,1298.3,38.9,1
869,car,4.5,xloopA_0Ba,road_loopA_f1,2951.1,3131.7,180.6,902.6,18.0,1
863,truck,8.5,road_loopA_f0,road_loopA_f1,2947.4,3132.1,184.7,1303.1,25.4,1
929,car,4.5,road_loopA_r0,road_loopA_r1,3020.7,3134.0,113.3,1297.7,41.2,1
926,car,4.5,road_loopA_r0,road_loopA_r1,3016.9,3134.1,117.2,1297.9,39.9,1
918,car,4.5,road_loopA_r0,road_loopA_r1,3008.0,3137.1,129.1,1298.6,36.2,1
932,car,4.5,road_loopA_r0,road_loopA_r1,3022.5,3137.2,114.7,1297.3,40.7,1
934,suv,4.8,road_loopA_r0,road_loopA_r1,3023.5,3138.4,114.9,1298.3,40.7,1
941,car,4.5,road_loopA_r0,road_loopA_r1,3031.9,3139.4,107.5,1297.8,43.5,1
944,car,4.5,road_loopA_r0,road_loopA_r1,3033.5,3142.1,108.6,1297.9,43.0,1
919,car,4.5,road_loopA_r0,road_loopA_r1,3009.5,3144.7,135.2,1297.7,34.5,1
943,car,4.5,road_loopA_r0,road_loopA_r1,3032.8,3146.0,113.2,1298.2,41.3,0
963,car,4.5,road_loopA_r0,road_loopA_r1,3049.6,3146.1,96.5,1297.9,48.4,0
948,car,4.5,road_loopA_r0,road_loopA_r1,3036.0,3147.8,111.8,1298.2,41.8,0
946,car,4.5,xloopA_0Ba,road_loopA_r1,3034.3,3147.8,113.5,476.7,15.1,0
867,bus,11.0,road_loopA_f0,road_loopA_f1,2949.6,3147.9,198.3,1303.1,23.7,3
972,car,4.5,road_loopA_r0,road_loopA_r1,3053.6,3149.4,95.8,1297.7,48.8,0
973,car,4.5,road_loopA_r0,road_loopA_r1,3054.3,3149.6,95.3,1298.1,49.1,0
920,car,4.5,road_loopA_r0,road_loopA_r1,3010.6,3149.7,139.1,1297.5,33.6,1
922,car,4.5,road_loopA_r0,road_loopA_r1,3013.3,3151.4,138.1,1297.9,33.8,1
970,car,4.5,road_loopA_r0,road_loopA_r1,3052.8,3151.4,98.6,1297.5,47.4,0
976,car,4.5,road_loopA_r0,road_loopA_r1,3057.1,3153.7,96.6,1297.5,48.3,0
928,truck,8.5,road_loopA_r0,road_loopA_r1,3017.9,3153.9,136.0,1298.3,34.4,0
956,bus,11.0,road_loopA_r0,road_loopA_r1,3043.5,3155.7,112.2,1298.4,41.7,0
951,suv,4.8,road_loopA_r0,road_loopA_r1,3038.0,3155.9,117.9,1298.2,39.6,0
974,suv,4.8,road_loopA_r0,road_loopA_r1,3055.5,3156.0,100.5,1297.5,46.5,0
954,car,4.5,road_loopA_r0,road_loopA_r1,3042.4,3157.7,115.3,1297.6,40.5,0
984,car,4.5,road_loopA_r0,road_loopA_r1,3066.1,3157.8,91.7,1297.4,51.0,0
940,suv,4.8,road_loopA_f0,road_loopA_f1,3031.3,3159.2,127.9,1302.9,36.7,1
967,suv,4.8,road_loopA_r0,road_loopA_r1,3050.9,3159.7,108.8,1297.4,42.9,0
978,car,4.5,road_loopA_r0,road_loopA_r1,3061.4,3161.2,99.8,1297.5,46.8,0
942,suv,4.8,road_loopA_f0,road_loopA_f1,3032.4,3161.5,129.1,1303.6,36.4,1
938,car,4.5,road_loopA_f0,road_loopA_f1,3029.5,3163.1,133.6,1302.9,35.1,1
985,car,4.5,road_loopA_r0,road_loopA_r1,3067.4,3166.4,99.0,1297.8,47.2,0
958,truck,8.5,road_loopA_f0,road_loopA_f1,3044.9,3167.4,122.5,1303.1,38.3,1
998,car,4.5,road_loopA_r0,road_loopA_r1,3076.5,3167.9,91.4,1298.6,51.1,0
952,car,4.5,road_loopA_r0,xloopA_0Bb,3038.2,3168.2,130.0,895.3,24.8,1
935,truck,8.5,road_loopA_f0,road_loopA_f1,3026.5,3168.7,142.2,1302.9,33.0,1
1036,car,4.5,road_loopA_f0,xloopA_0Ab,3107.8,3168.8,61.0,505.3,29.8,0
966,car,4.5,road_loopA_f0,road_loopA_f1,3050.5,3169.5,119.0,1303.9,39.4,1
987,car,4.5,road_loopA_r0,road_loopA_r1,3068.1,3170.2,102.1,1297.4,45.7,0
993,suv,4.8,road_loopA_r0,road_loopA_r1,3072.9,3170.6,97.7,1297.8,47.8,0
953,car,4.5,road_loopA_f0,road_loopA_f1,3039.2,3170.8,131.6,1303.7,35.7,1
1006,car,4.5,road_loopA_r0,xloopA_0Bb,3087.8,3170.8,83.0,895.3,38.8,1
1049,car,4.5,road_loopA_f0,xloopA_0Ab,3118.0,3171.4,53.4,505.3,34.0,0
957,suv,4.8,road_loopA_f0,road_loopA_f1,3043.8,3171.7,127.9,1303.5,36.7,1
960,suv,4.8,road_loopA_f0,road_loopA_f1,3046.8,3172.1,125.3,1302.8,37.4,1
982,truck,8.5,road_loopA_r0,road_loopA_r1,3065.6,3172.9,107.3,1298.0,43.6,0
1021,car,4.5,road_loopA_r0,xloopA_0Bb,3098.1,3173.5,75.4,895.8,42.8,0
950,suv,4.8,road_loopA_f0,road_loopA_f1,3037.1,3174.8,137.7,1302.9,34.1,1
912,car,4.5,xloopA_0Ba,road_loopA_f1,3003.0,3176.1,173.1,903.1,18.8,1
964,car,4.5,road_loopA_f0,road_loopA_f1,3049.8,3176.1,126.3,1303.8,37.2,1
971,car,4.5,road_loopA_f0,road_loopA_f1,3053.1,3176.7,123.6,1303.2,38.0,1
947,car,4.5,road_loopA_f0,road_loopA_f1,3035.5,3177.7,142.2,1303.7,33.0,1
983,car,4.5,road_loopA_f0,road_loopA_f1,3065.9,3178.4,112.5,1303.7,41.7,15
977,suv,4.8,road_loopA_f0,road_loopA_f1,3058.3,3178.6,120.3,1303.5,39.0,1
945,car,4.5,road_loopA_f0,road_loopA_f1,3033.8,3179.4,145.6,1303.4,32.2,1
988,car,4.5,road_loopA_f0,road_loopA_f1,3068.2,3180.3,112.1,1303.2,41.8,0
959,car,4.5,road_loopA_f0,road_loopA_f1,3045.0,3181.1,136.1,1303.9,34.5,1
1011,car,4.5,xloopA_0Ba,xloopA_0Bb,3092.0,3181.8,89.8,84.4,3.4,1
990,suv,4.8,road_loopA_f0,road_loopA_f1,3069.8,3182.0,112.2,1303.9,41.8,1
1016,car,4.5,xloopA_0Aa,xloopA_0Ab,3094.6,3182.2,87.6,84.0,3.5,1
1009,suv,4.8,road_loopA_r0,road_loopA_r1,3089.2,3182.6,93.4,1297.7,50.0,0
991,suv,4.8,road_loopA_f0,road_loopA_f1,3070.7,3183.7,113.0,1302.9,41.5,0
1018,car,4.5,xloopA_0Ba,xloopA_0Bb,3095.9,3184.2,88.3,84.6,3.5,1
980,car,4.5,road_loopA_f0,road_loopA_f1,3063.1,3184.6,121.5,1303.3,38.6,0
1003,car,4.5,road_loopA_r0,road_loopA_r1,3085.8,3184.7,98.9,1297.6,47.2,0
1023,car,4.5,xloopA_0Aa,xloopA_0Ab,3099.5,3185.4,85.9,84.2,3.5,1
995,car,4.5,road_loopA_f0,road_loopA_f1,3074.0,3185.7,111.7,1303.6,42.0,0
986,suv,4.8,road_loopA_f0,road_loopA_f1,3067.6,3186.3,118.7,1304.1,39.5,0
1010,car,4.5,road_loopA_r0,road_loopA_r1,3091.2,3187.0,95.8,1297.8,48.8,0
968,suv,4.8,road_loopA_f0,road_loopA_f1,3051.4,3187.7,136.3,1303.6,34.4,1
989,car,4.5,road_loopA_f0,road_loopA_f1,3069.3,3188.0,118.7,1303.1,39.5,0
981,car,4.5,road_loopA_f0,road_loopA_f1,3063.2,3188.3,125.1,1302.9,37.5,1
1058,car,4.5,xloopA_0Aa,xloopA_0Ab,3126.7,3188.4,61.7,84.8,5.0,0
1091,car,4.5,xloopA_0Ba,xloopA_0Bb,3155.1,3189.7,34.6,84.2,8.8,0
999,car,4.5,road_loopA_f0,road_loopA_f1,3079.3,3189.9,110.6,1303.1,42.4,0
996,truck,8.5,road_loopA_f0,road_loopA_f1,3075.8,3190.3,114.5,1303.1,41.0,0
1062,car,4.5,xloopA_0Aa,xloopA_0Ab,3128.3,3190.6,62.3,84.7,4.9,0
1001,car,4.5,road_loopA_f0,road_loopA_f1,3083.3,3191.1,107.8,1303.9,43.6,0
1000,car,4.5,road_loopA_f0,road_loopA_f1,3083.0,3192.5,109.5,1302.8,42.8,0
1004,suv,4.8,road_loopA_f0,road_loopA_f1,3086.2,3192.8,106.6,1302.9,44.0,0
1087,car,4.5,xloopA_0Aa,xloopA_0Ab,3149.9,3192.8,42.9,84.4,7.1,0
1002,car,4.5,road_loopA_f0,road_loopA_f1,3084.5,3194.5,110.0,1303.1,42.7,0
1014,suv,4.8,road_loopA_f0,road_loopA_f1,3092.8,3195.7,102.9,1303.2,45.6,0
1028,suv,4.8,road_loopA_f0,road_loopA_f1,3104.3,3197.4,93.1,1302.9,50.4,0
992,car,4.5,road_loopA_r0,xloopA_0Ab,3072.6,3197.9,125.3,869.0,25.0,2
1012,car,4.5,road_loopA_f0,road_loopA_f1,3092.3,3198.9,106.6,1303.1,44.0,0
1033,car,4.5,road_loopA_f0,road_loopA_f1,3107.0,3199.2,92.2,1303.8,50.9,0
1037,car,4.5,road_loopA_f0,road_loopA_f1,3110.7,3200.3,89.6,1303.4,52.4,0
1024,car,4.5,road_loopA_f0,road_loopA_f1,3100.5,3200.6,100.1,1303.9,46.9,0
1039,car,4.5,road_loopA_f0,road_loopA_f1,3111.6,3202.7,91.1,1303.0,51.5,0
1025,car,4.5,road_loopA_f0,road_loopA_f1,3101.3,3203.0,101.7,1304.0,46.2,0
1029,car,4.5,road_loopA_f0,road_loopA_f1,3104.6,3204.6,100.0,1303.3,46.9,0
1047,suv,4.8,road_loopA_f0,road_loopA_f1,3116.2,3206.0,89.8,1303.2,52.2,0
1034,car,4.5,road_loopA_f0,road_loopA_f1,3107.1,3206.3,99.2,1303.3,47.3,0
1100,truck,8.5,road_loopA_f0,xloopA_0Bb,3160.0,3207.5,47.5,478.5,36.2,0
1050,car,4.5,road_loopA_f0,road_loopA_f1,3118.5,3208.8,90.3,1302.8,51.9,0
1103,car,4.5,road_loopA_f0,xloopA_0Bb,3163.5,3210.8,47.3,478.7,36.5,0
1053,car,4.5,road_loopA_f0,road_loopA_f1,3120.0,3211.5,91.5,1302.9,51.3,0
1013,suv,4.8,road_loopA_r0,road_loopA_r1,3092.3,3227.7,135.4,1297.6,34.5,1
1008,bus,11.0,road_loopA_f0,road_loopA_f1,3089.0,3228.2,139.2,1303.3,33.7,2
1022,car,4.5,road_loopA_r0,road_loopA_r1,3098.5,3229.3,130.8,1297.8,35.7,1
1040,suv,4.8,road_loopA_f0,road_loopA_f1,3112.7,3231.0,118.3,1303.2,39.6,0
1027,car,4.5,road_loopA_r0,road_loopA_r1,3102.5,3231.8,129.3,1298.7,36.1,1
1060,car,4.5,xloopA_0Ba,road_loopA_r1,3127.2,3233.7,106.5,477.0,16.1,0
1017,suv,4.8,road_loopA_r0,road_loopA_r1,3095.4,3235.3,139.9,1297.5,33.4,1
1032,truck,8.5,road_loopA_r0,road_loopA_r1,3105.1,3235.3,130.2,1297.3,35.9,1
997,car,4.5,road_loopA_r0,road_loopA_r1,3075.7,3237.2,161.5,1298.2,28.9,1
1152,car,4.5,road_loopA_f0,xloopA_0Bb,3197.6,3237.6,40.0,478.8,43.1,0
1038,car,4.5,road_loopA_r0,road_loopA_r1,3111.3,3237.9,126.6,1298.0,36.9,1
1020,truck,8.5,road_loopA_r0,road_loopA_r1,3097.6,3239.2,141.6,1297.3,33.0,1
962,bus,11.0,road_loopA_f0,road_loopA_f1,3049.0,3240.6,191.6,1303.0,24.5,3
1031,suv,4.8,road_loopA_r0,road_loopA_r1,3104.9,3240.9,136.0,1298.1,34.4,1
979,suv,4.8,road_loopA_r0,road_loopA_r1,3061.5,3241.5,180.0,1297.8,26.0,1
1015,car,4.5,road_loopA_r0,road_loopA_r1,3094.0,3241.5,147.5,1298.4,31.7,1
1046,car,4.5,road_loopA_r0,road_loopA_r1,3115.6,3242.5,126.9,1297.5,36.8,1
1019,car,4.5,road_loopA_r0,road_loopA_r1,3097.2,3243.1,145.9,1297.6,32.0,1
1035,car,4.5,road_loopA_r0,road_loopA_r1,3107.3,3243.2,135.9,1298.6,34.4,1
1043,suv,4.8,road_loopA_r0,road_loopA_r1,3114.6,3244.4,129.8,1298.3,36.0,1
1041,car,4.5,road_loopA_r0,road_loopA_r1,3112.7,3244.9,132.2,1298.5,35.4,1
1005,car,4.5,road_loopA_r0,road_loopA_r1,3086.6,3245.0,158.4,1297.5,29.5,1
1045,car,4.5,road_loopA_r0,road_loopA_r1,3115.6,3246.1,130.5,1298.5,35.8,1
1054,car,4.5,road_loopA_r0,road_loopA_r1,3121.0,3246.6,125.6,1297.6,37.2,1
1030,suv,4.8,road_loopA_r0,road_loopA_r1,3104.8,3246.7,141.9,1298.1,32.9,1
1061,car,4.5,road_loopA_r0,road_loopA_r1,3127.7,3247.8,120.1,1298.0,38.9,1
1026,suv,4.8,road_loopA_r0,road_loopA_r1,3101.2,3248.6,147.4,1297.9,31.7,1
1063,car,4.5,road_loopA_r0,road_loopA_r1,3130.4,3248.6,118.2,1297.6,39.5,2
1067,car,4.5,road_loopA_r0,road_loopA_r1,3131.9,3249.5,117.6,1297.5,39.7,1
1076,car,4.5,road_loopA_r0,road_loopA_r1,3140.6,3249.6,109.0,1297.3,42.9,0
1044,truck,8.5,road_loopA_r0,road_loopA_r1,3115.3,3250.7,135.4,1297.7,34.5,1
1057,suv,4.8,road_loopA_r0,road_loopA_r1,3126.1,3251.7,125.6,1298.1,37.2,0
1055,suv,4.8,road_loopA_f0,road_loopA_f1,3122.0,3252.1,130.1,1303.2,36.1,1
1080,car,4.5,road_loopA_r0,road_loopA_r1,3143.9,3252.6,108.7,1298.0,43.0,0
1072,car,4.5,road_loopA_r0,road_loopA_r1,3137.6,3252.8,115.2,1297.3,40.5,0
1065,suv,4.8,road_loopA_f0,road_loopA_f1,3130.9,3253.4,122.5,1302.8,38.3,1
1077,car,4.5,road_loopA_r0,road_loopA_r1,3141.1,3253.8,112.7,1298.3,41.5,0
1085,car,4.5,road_loopA_r0,road_loopA_r1,3148.2,3255.5,107.3,1297.4,43.5,0
1069,car,4.5,road_loopA_r0,road_loopA_r1,3134.7,3257.0,122.3,1297.4,38.2,0
1185,car,4.5,road_loopA_f0,xloopA_0Bb,3217.7,3257.1,39.4,478.9,43.8,0
1094,car,4.5,road_loopA_r0,road_loopA_r1,3157.0,3257.2,100.2,1297.3,46.6,0
1092,truck,8.5,road_loopA_r0,road_loopA_r1,3155.3,3258.4,103.1,1297.9,45.3,0
1083,car,4.5,road_loopA_r0,road_loopA_r1,3146.8,3258.7,111.9,1297.4,41.7,0
1086,car,4.5,road_loopA_r0,road_loopA_r1,3149.8,3259.9,110.1,1298.0,42.4,0
1064,car,4.5,road_loopA_f0,road_loopA_f1,3130.7,3260.2,129.5,1303.3,36.2,1
1084,car,4.5,road_loopA_r0,road_loopA_r1,3147.9,3261.1,113.2,1298.5,41.3,0
1101,car,4.5,road_loopA_r0,road_loopA_r1,3161.1,3262.5,101.4,1297.9,46.1,0
1074,car,4.5,road_loopA_f0,road_loopA_f1,3139.8,3263.3,123.5,1303.0,38.0,1
1066,truck,8.5,road_loopA_f0,road_loopA_f1,3131.7,3265.1,133.4,1303.0,35.2,1
1105,car,4.5,road_loopA_r0,road_loopA_r1,3166.7,3265.4,98.7,1297.9,47.4,0
1090,car,4.5,road_loopA_f0,road_loopA_f1,3153.9,3266.4,112.5,1304.0,41.7,1
1082,car,4.5,road_loopA_r0,road_loopA_r1,3146.2,3267.2,121.0,1297.5,38.6,0
1104,truck,8.5,road_loopA_r0,road_loopA_r1,3164.2,3268.4,104.2,1297.4,44.8,0
1096,car,4.5,road_loopA_f0,road_loopA_f1,3157.4,3268.5,111.1,1303.4,42.2,1
1097,suv,4.8,road_loopA_r0,road_loopA_r1,3158.1,3268.9,110.8,1297.3,42.2,0
1111,suv,4.8,road_loopA_r0,road_loopA_r1,3173.4,3269.9,96.5,1298.6,48.4,0
1108,car,4.5,road_loopA_r0,xloopA_0Bb,3170.2,3270.0,99.8,895.8,32.3,1
1110,suv,4.8,road_loopA_r0,road_loopA_r1,3171.8,3270.6,98.8,1298.0,47.3,0
1117,suv,4.8,road_loopA_f0,xloopA_0Ab,3177.7,3270.6,92.9,505.6,19.6,1
1106,truck,8.5,road_loopA_r0,road_loopA_r1,3168.8,3270.9,102.1,1297.3,45.8,0
1113,car,4.5,road_loopA_f0,road_loopA_f1,3174.6,3271.4,96.8,1303.2,48.5,0
1112,car,4.5,road_loopA_r0,road_loopA_r1,3174.5,3272.3,97.8,1297.6,47.7,0
1123,car,4.5,road_loopA_r0,xloopA_0Bb,3181.4,3272.5,91.1,895.3,35.4,1
1121,car,4.5,road_loopA_r0,road_loopA_r1,3180.2,3273.1,92.9,1298.0,50.3,0
1137,suv,4.8,road_loopA_f0,xloopA_0Ab,3189.0,3273.2,84.2,505.3,21.6,1
1116,car,4.5,road_loopA_r0,road_loopA_r1,3176.5,3274.0,97.5,1297.8,47.9,0
1073,car,4.5,road_loopA_f0,road_loopA_f1,3139.4,3274.4,135.0,1302.8,34.7,1
1109,car,4.5,road_loopA_r0,road_loopA_r1,3171.3,3274.4,103.1,1298.4,45.3,0
1056,car,4.5,road_loopA_f0,road_loopA_f1,3126.1,3275.1,149.0,1302.8,31.5,1
1127,car,4.5,road_loopA_r0,road_loopA_r1,3183.8,3275.7,91.9,1298.4,50.8,0
1129,car,4.5,road_loopA_r0,road_loopA_r1,3185.3,3276.9,91.6,1298.4,51.0,0
1081,suv,4.8,road_loopA_f0,road_loopA_f1,3144.4,3277.2,132.8,1303.8,35.3,1
1115,car,4.5,road_loopA_r0,road_loopA_r1,3175.7,3277.2,101.5,1297.3,46.0,0
1126,car,4.5,road_loopA_f0,road_loopA_f1,3182.4,3277.4,95.0,1303.4,49.4,0
1133,car,4.5,road_loopA_r0,road_loopA_r1,3186.9,3278.5,91.6,1297.5,51.0,0
1118,car,4.5,road_loopA_r0,road_loopA_r1,3178.2,3278.9,100.7,1298.0,46.4,0
1203,truck,8.5,road_loopA_f0,xloopA_0Ab,3231.3,3278.9,47.6,505.4,38.3,0
1122,car,4.5,road_loopA_f0,road_loopA_f1,3180.6,3279.2,98.6,1303.6,47.6,0
1068,suv,4.8,road_loopA_f0,road_loopA_f1,3133.2,3279.9,146.7,1303.5,32.0,1
1135,car,4.5,road_loopA_r0,road_loopA_r1,3188.5,3280.4,91.9,1297.4,50.8,0
1125,car,4.5,road_loopA_r0,road_loopA_r1,3182.1,3280.6,98.5,1298.0,47.4,0
1130,suv,4.8,road_loopA_f0,road_loopA_f1,3185.8,3280.9,95.1,1304.1,49.4,0
1128,car,4.5,road_loopA_r0,road_loopA_r1,3184.1,3282.3,98.2,1297.5,47.6,0
1140,car,4.5,road_loopA_r0,road_loopA_r1,3191.5,3282.6,91.1,1297.8,51.3,0
1120,car,4.5,road_loopA_f0,road_loopA_f1,3178.9,3282.8,103.9,1303.6,45.2,0
1145,suv,4.8,road_loopA_r0,road_loopA_r1,3193.8,3284.4,90.6,1298.0,51.6,0
1134,car,4.5,xloopA_0Ba,xloopA_0Bb,3187.7,3285.0,97.3,84.6,3.1,1
1048,bus,11.0,road_loopA_r0,road_loopA_r1,3116.8,3285.5,168.7,1297.6,27.7,2
1132,car,4.5,road_loopA_r0,road_loopA_r1,3186.9,3286.1,99.2,1297.5,47.1,0
1149,suv,4.8,road_loopA_r0,road_loopA_r1,3195.4,3286.2,90.8,1298.7,51.5,0
1089,car,4.5,xloopA_0Aa,xloopA_0Ab,3153.7,3286.8,133.1,84.4,2.3,1
1071,truck,8.5,road_loopA_f0,road_loopA_f1,3136.3,3287.3,151.0,1303.9,31.1,1
1114,car,4.5,road_loopA_f0,road_loopA_f1,3174.8,3288.2,113.4,1302.8,41.4,0
1138,truck,8.5,road_loopA_r0,road_loopA_r1,3189.2,3288.3,99.1,1297.3,47.1,0
1143,car,4.5,road_loopA_r0,road_loopA_r1,3192.6,3288.7,96.1,1297.6,48.6,0
1052,car,4.5,xloopA_0Ba,road_loopA_f1,3118.8,3288.9,170.1,902.4,19.1,1
1099,car,4.5,xloopA_0Aa,xloopA_0Ab,3159.7,3289.0,129.3,84.6,2.4,1
1139,suv,4.8,road_loopA_f0,road_loopA_f1,3191.4,3289.8,98.4,1304.0,47.7,0
1227,car,4.5,xloopA_0Ba,xloopA_0Bb,3249.8,3290.0,40.2,84.0,7.5,1
1102,car,4.5,road_loopA_f0,road_loopA_f1,3161.6,3290.8,129.2,1303.2,36.3,0
1141,car,4.5,xloopA_0Aa,xloopA_0Ab,3191.8,3291.2,99.4,84.6,3.1,1
1148,suv,4.8,road_loopA_f0,road_loopA_f1,3195.3,3291.5,96.2,1302.8,48.8,0
1107,car,4.5,road_loopA_f0,road_loopA_f1,3169.4,3292.1,122.7,1302.8,38.2,0
1250,car,4.5,xloopA_0Ba,xloopA_0Bb,3266.7,3292.3,25.6,84.8,11.9,0
1155,car,4.5,road_loopA_f0,road_loopA_f1,3198.2,3293.3,95.1,1303.3,49.4,0
1131,suv,4.8,road_loopA_f0,road_loopA_f1,3186.7,3293.9,107.2,1303.0,43.8,0
1144,suv,4.8,road_loopA_f0,road_loopA_f1,3193.2,3295.1,101.9,1303.7,46.0,0
1042,car,4.5,xloopA_0Aa,road_loopA_f1,3114.0,3295.3,181.3,872.7,17.3,1
1136,car,4.5,road_loopA_f0,road_loopA_f1,3189.0,3295.8,106.8,1302.9,43.9,0
1158,car,4.5,road_loopA_f0,road_loopA_f1,3202.1,3296.9,94.8,1304.2,49.5,0
1051,truck,8.5,road_loopA_f0,road_loopA_f1,3118.6,3297.5,178.9,1303.7,26.2,1
1124,car,4.5,road_loopA_f0,road_loopA_f1,3181.8,3298.5,116.7,1303.7,40.2,0
1163,car,4.5,road_loopA_f0,road_loopA_f1,3206.6,3298.7,92.1,1304.0,51.0,0
1059,truck,8.5,road_loopA_f0,road_loopA_f1,3126.8,3300.0,173.2,1303.8,27.1,1
1151,car,4.5,road_loopA_f0,road_loopA_f1,3196.5,3300.2,103.7,1304.1,45.3,0
1170,car,4.5,road_loopA_f0,road_loopA_f1,3210.0,3300.6,90.6,1303.9,51.8,0
1078,car,4.5,road_loopA_f0,road_loopA_f1,3141.9,3301.9,160.0,1302.8,29.3,1
1160,car,4.5,road_loopA_f0,road_loopA_f1,3204.3,3301.9,97.6,1303.8,48.1,0
1146,suv,4.8,road_loopA_f0,road_loopA_f1,3194.8,3303.6,108.8,1303.3,43.1,0
1162,car,4.5,road_loopA_f0,road_loopA_f1,3205.2,3303.6,98.4,1303.2,47.7,0
1075,car,4.5,road_loopA_f0,road_loopA_f1,3140.6,3304.0,163.4,1303.3,28.7,1
1180,suv,4.8,road_loopA_r0,xloopA_0Ab,3213.3,3305.2,91.9,869.6,34.1,2
1079,car,4.5,road_loopA_f0,road_loopA_f1,3143.7,3305.7,162.0,1303.3,29.0,1
1098,car,4.5,road_loopA_f0,road_loopA_f1,3159.1,3306.1,147.0,1304.1,31.9,0
1142,suv,4.8,road_loopA_f0,road_loopA_f1,3192.5,3307.2,114.7,1302.8,40.9,0
1088,suv,4.8,road_loopA_f0,road_loopA_f1,3150.3,3307.6,157.3,1303.0,29.8,1
1182,car,4.5,road_loopA_f0,road_loopA_f1,3214.3,3308.1,93.8,1303.5,50.0,0
1093,suv,4.8,road_loopA_f0,road_loopA_f1,3156.9,3309.1,152.2,1303.9,30.8,0
1164,car,4.5,road_loopA_f0,road_loopA_f1,3206.7,3310.8,104.1,1303.2,45.1,0
1165,car,4.5,road_loopA_r0,xloopA_0Ab,3206.8,3311.9,105.1,869.1,29.8,1
1168,truck,8.5,road_loopA_f0,road_loopA_f1,3209.6,3314.8,105.2,1303.1,44.6,0
1173,car,4.5,road_loopA_f0,road_loopA_f1,3211.3,3315.1,103.8,1304.0,45.2,0
1188,suv,4.8,road_loopA_f0,road_loopA_f1,3218.6,3316.7,98.1,1303.5,47.8,0
1193,car,4.5,road_loopA_f0,road_loopA_f1,3220.0,3320.4,100.4,1303.8,46.8,0
1153,car,4.5,road_loopA_r0,road_loopA_r1,3197.9,3323.2,125.3,1297.6,37.3,1
1270,car,4.5,road_loopA_f0,xloopA_0Bb,3284.0,3324.1,40.1,478.7,43.0,0
1095,bus,11.0,road_loopA_f0,road_loopA_f1,3157.1,3325.9,168.8,1302.8,27.8,2
1159,suv,4.8,road_loopA_r0,road_loopA_r1,3204.2,3327.1,122.9,1297.7,38.0,1
1150,truck,8.5,road_loopA_r0,road_loopA_r1,3195.6,3327.6,132.0,1297.7,35.4,1
1156,truck,8.5,road_loopA_r0,road_loopA_r1,3198.3,3330.1,131.8,1298.4,35.5,1
1157,suv,4.8,road_loopA_r0,road_loopA_r1,3199.3,3331.5,132.2,1298.2,35.3,1
1167,car,4.5,road_loopA_r0,road_loopA_r1,3208.3,3332.9,124.6,1298.4,37.5,1
1147,suv,4.8,road_loopA_r0,road_loopA_r1,3195.1,3334.4,139.3,1297.5,33.5,1
1169,car,4.5,road_loopA_r0,road_loopA_r1,3209.9,3335.0,125.1,1297.7,37.3,1
1176,car,4.5,road_loopA_r0,road_loopA_r1,3212.0,3335.9,123.9,1297.5,37.7,1
1187,car,4.5,road_loopA_r0,road_loopA_r1,3218.0,3338.3,120.3,1297.9,38.8,1
1154,suv,4.8,road_loopA_r0,road_loopA_r1,3197.8,3340.9,143.1,1297.8,32.7,1
1174,suv,4.8,road_loopA_r0,road_loopA_r1,3211.6,3341.1,129.5,1298.5,36.1,1
1192,car,4.5,road_loopA_r0,road_loopA_r1,3219.8,3341.2,121.4,1298.6,38.5,1
1186,car,4.5,road_loopA_r0,road_loopA_r1,3218.0,3343.6,125.6,1297.9,37.2,1
1197,suv,4.8,road_loopA_r0,road_loopA_r1,3223.5,3343.9,120.4,1297.4,38.8,1
1171,car,4.5,road_loopA_r0,road_loopA_r1,3210.8,3346.7,135.9,1297.5,34.4,1
1175,suv,4.8,road_loopA_r0,road_loopA_r1,3211.9,3348.6,136.7,1297.6,34.2,1
1184,car,4.5,road_loopA_r0,road_loopA_r1,3216.9,3350.3,133.4,1297.5,35.0,1
1194,car,4.5,road_loopA_r0,road_loopA_r1,3221.4,3350.5,129.1,1297.4,36.2,1
1177,car,4.5,xloopA_0Ba,road_loopA_r1,3212.4,3352.0,139.6,476.8,12.3,1
1220,car,4.5,road_loopA_r0,road_loopA_r1,3244.7,3352.2,107.5,1298.2,43.5,0
1179,car,4.5,road_loopA_r0,road_loopA_r1,3213.3,3352.7,139.4,1297.9,33.5,1
1204,car,4.5,road_loopA_f0,road_loopA_f1,3231.7,3352.9,121.2,1303.2,38.7,1
1166,suv,4.8,road_loopA_r0,road_loopA_r1,3208.0,3353.7,145.7,1297.7,32.1,1
1217,suv,4.8,road_loopA_r0,road_loopA_r1,3243.6,3354.3,110.7,1297.8,42.2,0
1234,car,4.5,road_loopA_r0,road_loopA_r1,3253.1,3354.7,101.6,1298.4,46.0,0
1183,car,4.5,road_loopA_r0,road_loopA_r1,3216.1,3355.4,139.3,1297.7,33.5,1
1257,car,4.5,road_loopA_r0,xloopA_0Bb,3273.9,3355.5,81.6,895.6,39.5,0
1216,car,4.5,road_loopA_f0,xloopA_0Ab,3243.6,3355.8,112.2,505.2,16.2,1
1241,car,4.5,road_loopA_r0,road_loopA_r1,3257.9,3356.2,98.3,1298.2,47.5,0
1215,car,4.5,road_loopA_f0,road_loopA_f1,3242.8,3356.9,114.1,1303.8,41.1,1
1189,suv,4.8,road_loopA_r0,road_loopA_r1,3218.9,3357.1,138.2,1298.3,33.8,1
1201,car,4.5,road_loopA_r0,road_loopA_r1,3229.6,3357.3,127.7,1298.2,36.6,0
1205,car,4.5,road_loopA_f0,road_loopA_f1,3233.6,3357.6,124.0,1303.7,37.8,1
1245,car,4.5,road_loopA_r0,road_loopA_r1,3260.5,3357.6,97.1,1297.6,48.1,0
1246,suv,4.8,road_loopA_f0,xloopA_0Ab,3263.8,3358.4,94.6,505.2,19.2,1
1199,car,4.5,road_loopA_f0,road_loopA_f1,3225.0,3358.6,133.6,1303.1,35.1,1
1196,car,4.5,road_loopA_r0,road_loopA_r1,3222.6,3358.8,136.2,1298.5,34.3,1
1208,truck,8.5,road_loopA_r0,road_loopA_r1,3236.5,3359.9,123.4,1297.9,37.9,0
1206,car,4.5,road_loopA_f0,road_loopA_f1,3233.8,3360.3,126.5,1302.9,37.1,1
1200,car,4.5,road_loopA_r0,road_loopA_r1,3227.8,3360.5,132.7,1298.5,35.2,1
1213,car,4.5,road_loopA_f0,road_loopA_f1,3242.0,3360.5,118.5,1303.7,39.6,1
1230,suv,4.8,road_loopA_r0,road_loopA_r1,3251.1,3360.5,109.4,1298.5,42.7,0
1181,bus,11.0,road_loopA_f0,road_loopA_f1,3213.5,3361.1,147.6,1303.2,31.8,2
1290,car,4.5,road_loopA_f0,xloopA_0Ab,3301.5,3361.1,59.6,505.2,30.5,1
1240,truck,8.5,road_loopA_r0,road_loopA_r1,3257.6,3361.9,104.3,1298.3,44.8,0
1210,car,4.5,road_loopA_r0,road_loopA_r1,3240.5,3362.2,121.7,1297.2,38.4,0
1244,car,4.5,road_loopA_r0,road_loopA_r1,3259.7,3362.4,102.7,1297.6,45.5,0
1242,car,4.5,road_loopA_r0,road_loopA_r1,3258.4,3363.3,104.9,1297.9,44.5,0
1281,car,4.5,road_loopA_r0,xloopA_0Bb,3292.7,3363.7,71.0,895.3,45.4,0
1211,car,4.5,road_loopA_r0,road_loopA_r1,3240.7,3364.1,123.4,1297.5,37.9,0
1247,car,4.5,road_loopA_r0,road_loopA_r1,3263.8,3365.4,101.6,1298.3,46.0,0
1252,car,4.5,road_loopA_r0,road_loopA_r1,3268.1,3365.4,97.3,1298.5,48.1,0
1253,truck,8.5,road_loopA_r0,road_loopA_r1,3269.9,3367.2,97.3,1298.5,48.1,0
1254,car,4.5,road_loopA_r0,road_loopA_r1,3270.1,3367.8,97.7,1298.3,47.8,0
1218,suv,4.8,road_loopA_f0,road_loopA_f1,3244.0,3369.1,125.1,1303.5,37.5,1
1226,car,4.5,road_loopA_r0,road_loopA_r1,3249.4,3369.2,119.8,1297.8,39.0,0
1259,suv,4.8,road_loopA_r0,road_loopA_r1,3274.4,3369.2,94.8,1297.8,49.3,0
1202,car,4.5,road_loopA_f0,road_loopA_f1,3230.5,3370.1,139.6,1303.9,33.6,1
1198,car,4.5,road_loopA_r0,road_loopA_r1,3224.4,3370.3,145.9,1297.5,32.0,1
1235,car,4.5,road_loopA_f0,road_loopA_f1,3254.6,3370.8,116.2,1303.5,40.4,1
1231,suv,4.8,road_loopA_f0,road_loopA_f1,3251.7,3370.9,119.2,1303.1,39.4,1
1239,car,4.5,road_loopA_r0,road_loopA_r1,3257.4,3371.0,113.6,1297.5,41.1,0
1263,car,4.5,road_loopA_r0,road_loopA_r1,3277.1,3371.1,94.0,1298.5,49.7,0
1261,car,4.5,xloopA_0Ba,xloopA_0Bb,3275.4,3371.2,95.8,84.4,3.2,1
1172,bus,11.0,road_loopA_r0,road_loopA_r1,3211.0,3371.7,160.7,1298.1,29.1,3
1178,car,4.5,xloopA_0Aa,xloopA_0Ab,3213.0,3372.2,159.2,84.3,1.9,1
1237,suv,4.8,road_loopA_f0,road_loopA_f1,3256.4,3372.7,116.3,1304.1,40.4,1
1191,car,4.5,road_loopA_r0,road_loopA_r1,3219.5,3372.9,153.4,1297.5,30.4,1
1268,car,4.5,road_loopA_r0,road_loopA_r1,3283.2,3373.2,90.0,1298.2,51.9,0
1276,car,4.5,xloopA_0Ba,xloopA_0Bb,3289.7,3373.3,83.6,84.7,3.6,1
1248,car,4.5,road_loopA_f0,road_loopA_f1,3265.4,3373.8,108.4,1303.4,43.3,0
1190,car,4.5,xloopA_0Aa,xloopA_0Ab,3219.3,3374.3,155.0,84.7,2.0,1
1209,suv,4.8,road_loopA_f0,road_loopA_f1,3237.4,3374.8,137.4,1303.8,34.2,1
1251,car,4.5,road_loopA_f0,road_loopA_f1,3266.7,3374.9,108.2,1303.3,43.4,0
1287,car,4.5,xloopA_0Ba,xloopA_0Bb,3295.8,3375.6,79.8,84.7,3.8,1
1223,car,4.5,road_loopA_f0,road_loopA_f1,3247.9,3376.5,128.6,1302.9,36.5,1
1219,car,4.5,xloopA_0Aa,xloopA_0Ab,3244.8,3376.6,131.8,84.4,2.3,1
1225,car,4.5,xloopA_0Aa,xloopA_0Ab,3249.1,3378.8,129.7,84.1,2.3,0
1266,suv,4.8,road_loopA_f0,road_loopA_f1,3279.8,3379.0,99.2,1303.9,47.3,0
1262,car,4.5,road_loopA_f0,road_loopA_f1,3276.0,3379.4,103.4,1302.9,45.3,0
1236,car,4.5,road_loopA_f0,road_loopA_f1,3255.5,3379.7,124.2,1303.2,37.8,0
1229,car,4.5,xloopA_0Aa,xloopA_0Ab,3250.6,3381.4,130.8,84.5,2.3,0
1267,car,4.5,road_loopA_f0,road_loopA_f1,3280.2,3382.0,101.8,1302.8,46.1,0
1249,car,4.5,road_loopA_f0,road_loopA_f1,3266.5,3386.6,120.1,1302.8,39.1,0
1195,truck,8.5,road_loopA_f0,road_loopA_f1,3222.1,3387.2,165.1,1303.5,28.4,1
1221,car,4.5,road_loopA_f0,road_loopA_f1,3247.3,3387.5,140.2,1303.0,33.5,1
1271,car,4.5,road_loopA_f0,road_loopA_f1,3285.3,3388.4,103.1,1303.5,45.5,0
1279,suv,4.8,road_loopA_f0,road_loopA_f1,3292.6,3390.1,97.5,1302.9,48.1,0
1212,car,4.5,road_loopA_f0,road_loopA_f1,3241.7,3390.7,149.0,1303.2,31.5,1
1282,suv,4.8,road_loopA_f0,road_loopA_f1,3292.9,3391.9,99.0,1303.2,47.4,0
1338,car,4.5,road_loopA_f0,xloopA_0Bb,3348.4,3391.9,43.5,478.9,39.6,0
1291,car,4.5,road_loopA_f0,road_loopA_f1,3301.5,3393.7,92.2,1303.9,50.9,0
1258,car,4.5,road_loopA_f0,road_loopA_f1,3274.2,3395.0,120.8,1303.1,38.8,0
1286,car,4.5,road_loopA_f0,road_loopA_f1,3295.6,3395.6,100.0,1303.7,46.9,0
1161,car,4.5,xloopA_0Aa,road_loopA_f1,3204.8,3395.7,190.9,872.7,16.5,0
1238,car,4.5,road_loopA_f0,road_loopA_f1,3257.0,3396.7,139.7,1303.9,33.6,0
1207,suv,4.8,road_loopA_f0,road_loopA_f1,3235.5,3397.4,161.9,1303.5,29.0,1
1309,suv,4.8,road_loopA_r0,xloopA_0Ab,3322.5,3397.7,75.2,869.3,41.6,0
1293,suv,4.8,road_loopA_f0,road_loopA_f1,3302.1,3397.8,95.7,1303.9,49.1,0
1269,car,4.5,road_loopA_f0,road_loopA_f1,3283.2,3398.4,115.2,1302.9,40.7,0
1214,car,4.5,road_loopA_f0,road_loopA_f1,3242.4,3399.1,156.7,1303.7,29.9,1
1274,suv,4.8,road_loopA_f0,road_loopA_f1,3287.5,3400.1,112.6,1303.8,41.7,0
1277,truck,8.5,road_loopA_f0,road_loopA_f1,3289.9,3400.8,110.9,1303.6,42.3,0
1224,truck,8.5,road_loopA_f0,road_loopA_f1,3248.8,3401.3,152.5,1303.3,30.8,1
1283,car,4.5,road_loopA_f0,road_loopA_f1,3293.1,3401.9,108.8,1303.3,43.1,0
1357,car,4.5,road_loopA_f0,xloopA_0Bb,3360.2,3403.3,43.1,478.7,40.0,0
1232,suv,4.8,road_loopA_f0,road_loopA_f1,3252.2,3403.4,151.2,1303.7,31.0,1
1264,truck,8.5,road_loopA_f0,road_loopA_f1,3277.8,3403.6,125.8,1303.2,37.3,0
1260,car,4.5,road_loopA_f0,road_loopA_f1,3274.9,3405.2,130.3,1302.9,36.0,0
1265,suv,4.8,road_loopA_f0,road_loopA_f1,3279.0,3405.6,126.6,1303.2,37.1,0
1296,car,4.5,road_loopA_f0,road_loopA_f1,3307.4,3405.6,98.2,1303.1,47.8,0
1362,car,4.5,road_loopA_f0,xloopA_0Bb,3363.9,3406.7,42.8,478.7,40.3,0
1288,car,4.5,road_loopA_f0,road_loopA_f1,3299.4,3408.6,109.2,1303.7,43.0,0
1302,car,4.5,road_loopA_r0,xloopA_0Ab,3315.9,3409.0,93.1,869.2,33.6,1
1278,car,4.5,road_loopA_r0,road_loopA_r1,3292.3,3409.9,117.6,1297.9,39.7,1
1294,car,4.5,road_loopA_f0,road_loopA_f1,3303.0,3410.5,107.5,1303.6,43.7,0
1243,bus,11.0,road_loopA_f0,road_loopA_f1,3258.7,3412.2,153.5,1303.9,30.6,2
1289,car,4.5,road_loopA_r0,road_loopA_r1,3300.8,3417.1,116.3,1297.6,40.2,1
1305,suv,4.8,road_loopA_r0,road_loopA_r1,3317.0,3418.4,101.4,1298.1,46.1,0
1228,bus,11.0,road_loopA_f0,road_loopA_f1,3250.4,3418.6,168.2,1303.0,27.9,2
1295,car,4.5,road_loopA_r0,road_loopA_r1,3306.2,3419.1,112.9,1297.8,41.4,1
1273,car,4.5,road_loopA_r0,road_loopA_r1,3286.8,3420.6,133.8,1297.5,34.9,1
1314,truck,8.5,road_loopA_r0,road_loopA_r1,3326.0,3420.7,94.7,1298.6,49.4,0
1280,car,4.5,road_loopA_r0,road_loopA_r1,3292.7,3421.9,129.2,1298.6,36.2,1
1319,car,4.5,road_loopA_r0,road_loopA_r1,3329.7,3423.0,93.3,1297.5,50.1,0
1297,suv,4.8,road_loopA_r0,road_loopA_r1,3311.1,3423.8,112.7,1298.2,41.5,1
1222,bus,11.0,road_loopA_f0,road_loopA_f1,3247.3,3424.0,176.7,1303.5,26.6,2
1298,suv,4.8,road_loopA_r0,road_loopA_r1,3311.3,3424.0,112.7,1298.3,41.5,0
1304,suv,4.8,road_loopA_r0,road_loopA_r1,3316.3,3426.1,109.8,1298.3,42.6,1
1307,suv,4.8,road_loopA_r0,road_loopA_r1,3320.5,3427.2,106.7,1298.2,43.8,0
1316,car,4.5,road_loopA_r0,road_loopA_r1,3326.4,3427.2,100.8,1297.7,46.3,0
1317,suv,4.8,road_loopA_r0,road_loopA_r1,3328.6,3429.3,100.7,1297.3,46.4,0
1331,car,4.5,road_loopA_r0,road_loopA_r1,3339.4,3430.7,91.3,1297.8,51.2,0
1322,car,4.5,road_loopA_r0,road_loopA_r1,3333.0,3431.7,98.7,1297.7,47.3,0
1328,car,4.5,road_loopA_r0,road_loopA_r1,3338.3,3433.4,95.1,1298.3,49.1,0
1315,car,4.5,road_loopA_r0,road_loopA_r1,3326.3,3435.6,109.3,1297.6,42.7,0
1308,car,4.5,xloopA_0Ba,road_loopA_r1,3321.2,3436.0,114.8,476.5,14.9,0
1300,suv,4.8,road_loopA_f0,road_loopA_f1,3311.5,3437.2,125.7,1303.1,37.3,1
1301,car,4.5,road_loopA_f0,road_loopA_f1,3311.5,3437.3,125.8,1303.1,37.3,1
1272,car,4.5,road_loopA_r0,road_loopA_r1,3286.6,3437.7,151.1,1297.5,30.9,1
1313,car,4.5,road_loopA_r0,road_loopA_r1,3325.4,3438.3,112.9,1297.8,41.4,0
1329,truck,8.5,road_loopA_r0,road_loopA_r1,3339.4,3438.8,99.4,1298.5,47.0,0
1275,truck,8.5,road_loopA_r0,road_loopA_r1,3288.8,3440.0,151.2,1298.2,30.9,1
1256,bus,11.0,road_loopA_r0,road_loopA_r1,3271.6,3441.0,169.4,1297.5,27.6,3
1303,car,4.5,road_loopA_f0,road_loopA_f1,3316.2,3441.2,125.0,1303.8,37.5,1
1292,suv,4.8,road_loopA_r0,road_loopA_r1,3302.0,3441.4,139.4,1298.2,33.5,1
1311,truck,8.5,road_loopA_f0,road_loopA_f1,3323.4,3441.7,118.3,1303.5,39.7,1
1284,car,4.5,road_loopA_r0,road_loopA_r1,3293.3,3442.0,148.7,1298.4,31.4,1
1320,truck,8.5,road_loopA_r0,road_loopA_r1,3330.2,3443.1,112.9,1298.3,41.4,0
1255,bus,11.0,road_loopA_f0,road_loopA_f1,3271.0,3443.2,172.2,1303.2,27.2,3
1335,truck,8.5,road_loopA_r0,road_loopA_r1,3345.7,3445.3,99.6,1298.6,46.9,0
1343,car,4.5,road_loopA_r0,road_loopA_r1,3352.9,3445.3,92.4,1298.2,50.6,0
1325,truck,8.5,road_loopA_r0,road_loopA_r1,3333.9,3445.7,111.8,1297.7,41.8,0
1299,car,4.5,road_loopA_f0,road_loopA_f1,3311.4,3445.8,134.4,1303.4,34.9,1
1312,truck,8.5,road_loopA_f0,road_loopA_f1,3323.5,3447.1,123.6,1303.8,38.0,1
1285,bus,11.0,road_loopA_r0,road_loopA_r1,3295.3,3447.3,152.0,1297.6,30.7,2
1352,car,4.5,road_loopA_r0,road_loopA_r1,3356.3,3447.3,91.0,1297.8,51.3,0
1321,car,4.5,road_loopA_f0,road_loopA_f1,3331.1,3447.5,116.4,1304.0,40.3,1
1330,car,4.5,road_loopA_r0,xloopA_0Bb,3339.4,3448.7,109.3,895.4,29.5,1
1324,truck,8.5,road_loopA_f0,road_loopA_f1,3333.6,3449.0,115.4,1303.1,40.7,1
1310,car,4.5,road_loopA_f0,xloopA_0Ab,3322.5,3449.3,126.8,505.4,14.4,1
1334,suv,4.8,road_loopA_f0,road_loopA_f1,3342.7,3451.3,108.6,1303.4,43.2,1
1337,car,4.5,road_loopA_r0,xloopA_0Bb,3347.2,3451.3,104.1,895.4,31.0,1
1348,car,4.5,road_loopA_f0,xloopA_0Ab,3354.8,3451.9,97.1,505.4,18.7,1
1336,car,4.5,road_loopA_f0,road_loopA_f1,3345.9,3453.2,107.3,1304.0,43.8,0
1327,car,4.5,road_loopA_f0,road_loopA_f1,3335.5,3454.1,118.6,1303.8,39.6,1
1397,car,4.5,road_loopA_f0,xloopA_0Ab,3404.5,3455.0,50.5,505.1,36.0,0
1318,car,4.5,road_loopA_f0,road_loopA_f1,3328.6,3455.6,127.0,1303.1,36.9,1
1341,car,4.5,road_loopA_f0,road_loopA_f1,3352.2,3455.8,103.6,1303.4,45.3,0
1351,car,4.5,road_loopA_r0,road_loopA_r1,3356.1,3456.7,100.6,1298.2,46.4,0
1353,car,4.5,road_loopA_r0,road_loopA_r1,3357.0,3457.2,100.2,1298.5,46.6,0
1399,car,4.5,road_loopA_f0,xloopA_0Ab,3406.3,3457.5,51.2,505.2,35.5,0
1323,truck,8.5,road_loopA_f0,road_loopA_f1,3333.1,3457.7,124.6,1303.0,37.6,1
1326,car,4.5,road_loopA_f0,road_loopA_f1,3334.2,3458.5,124.3,1303.9,37.8,1
1356,car,4.5,road_loopA_f0,road_loopA_f1,3359.7,3458.6,98.9,1303.7,47.5,0
1359,car,4.5,road_loopA_r0,road_loopA_r1,3362.2,3459.0,96.8,1298.4,48.3,0
1354,car,4.5,road_loopA_r0,road_loopA_r1,3357.2,3459.6,102.4,1297.9,45.6,0
1366,car,4.5,road_loopA_r0,road_loopA_r1,3370.1,3460.1,90.0,1298.4,52.0,0
1358,suv,4.8,road_loopA_f0,road_loopA_f1,3361.9,3461.3,99.4,1303.4,47.2,0
1360,suv,4.8,road_loopA_r0,road_loopA_r1,3362.2,3461.3,99.1,1297.6,47.1,0
1372,car,4.5,road_loopA_r0,road_loopA_r1,3372.5,3462.0,89.5,1298.4,52.2,0
1346,car,4.5,road_loopA_f0,road_loopA_f1,3354.3,3462.5,108.2,1302.8,43.3,0
1364,car,4.5,road_loopA_f0,road_loopA_f1,3366.0,3463.2,97.2,1303.7,48.3,0
1333,car,4.5,road_loopA_f0,road_loopA_f1,3342.7,3463.6,120.9,1302.8,38.8,0
1347,car,4.5,road_loopA_f0,road_loopA_f1,3354.8,3465.1,110.3,1303.7,42.5,0
1350,car,4.5,road_loopA_f0,road_loopA_f1,3356.1,3465.1,109.0,1303.0,43.0,0
1344,suv,4.8,road_loopA_f0,road_loopA_f1,3353.5,3465.3,111.8,1303.3,42.0,0
1363,car,4.5,road_loopA_r0,road_loopA_r1,3363.9,3465.8,101.9,1298.5,45.9,0
1375,car,4.5,road_loopA_r0,road_loopA_r1,3376.9,3465.8,88.9,1297.3,52.5,0
1349,car,4.5,xloopA_0Ba,xloopA_0Bb,3355.3,3466.6,111.3,84.6,2.7,1
1342,truck,8.5,road_loopA_f0,road_loopA_f1,3352.7,3467.3,114.6,1303.9,41.0,0
1233,car,4.5,xloopA_0Aa,xloopA_0Ab,3252.7,3467.4,214.7,84.3,1.4,1
1367,truck,8.5,road_loopA_r0,road_loopA_r1,3370.4,3468.0,97.6,1298.4,47.9,0
1382,car,4.5,xloopA_0Ba,xloopA_0Bb,3386.5,3469.3,82.8,84.0,3.7,1
1369,car,4.5,road_loopA_f0,road_loopA_f1,3372.0,3469.4,97.4,1303.9,48.2,0
1306,car,4.5,xloopA_0Aa,xloopA_0Ab,3319.1,3469.4,150.3,84.6,2.0,1
1371,car,4.5,road_loopA_f0,road_loopA_f1,3372.6,3470.5,97.9,1303.3,47.9,0
1405,car,4.5,xloopA_0Ba,xloopA_0Bb,3413.4,3471.4,58.0,84.7,5.3,0
1361,car,4.5,xloopA_0Aa,xloopA_0Ab,3363.9,3471.6,107.7,84.6,2.8,1
1340,car,4.5,road_loopA_f0,road_loopA_f1,3350.4,3472.7,122.3,1303.5,38.4,0
1365,car,4.5,road_loopA_f0,road_loopA_f1,3369.0,3473.1,104.1,1304.1,45.1,0
1409,car,4.5,xloopA_0Ba,xloopA_0Bb,3419.2,3473.4,54.2,84.5,5.6,0
1381,car,4.5,xloopA_0Aa,xloopA_0Ab,3384.0,3474.0,90.0,84.2,3.4,0
1345,suv,4.8,road_loopA_f0,road_loopA_f1,3354.0,3474.4,120.4,1303.9,39.0,0
1355,car,4.5,road_loopA_f0,road_loopA_f1,3359.4,3476.1,116.7,1303.6,40.2,0
1384,suv,4.8,road_loopA_f0,road_loopA_f1,3387.1,3479.6,92.5,1303.2,50.7,0
1379,truck,8.5,road_loopA_f0,road_loopA_f1,3382.3,3482.7,100.4,1302.8,46.7,0
1387,car,4.5,road_loopA_f0,road_loopA_f1,3392.3,3485.2,92.9,1303.2,50.5,0
1391,car,4.5,road_loopA_f0,road_loopA_f1,3395.9,3486.0,90.1,1303.5,52.1,0
1390,car,4.5,road_loopA_r0,xloopA_0Ab,3394.8,3486.9,92.1,869.1,34.0,1
1386,car,4.5,road_loopA_f0,road_loopA_f1,3391.0,3490.4,99.4,1302.9,47.2,0
1388,car,4.5,road_loopA_f0,road_loopA_f1,3394.6,3492.1,97.5,1303.0,48.1,0
1394,car,4.5,road_loopA_f0,road_loopA_f1,3401.1,3498.6,97.5,1304.0,48.2,0
1373,suv,4.8,road_loopA_r0,road_loopA_r1,3374.4,3506.3,131.9,1298.3,35.4,1
1378,car,4.5,road_loopA_r0,road_loopA_r1,3381.5,3508.1,126.6,1298.4,36.9,1
1368,car,4.5,road_loopA_r0,road_loopA_r1,3371.6,3508.3,136.7,1297.5,34.2,1
1339,bus,11.0,road_loopA_f0,road_loopA_f1,3350.1,3508.7,158.6,1303.2,29.6,2
1383,car,4.5,road_loopA_r0,road_loopA_r1,3386.5,3509.7,123.2,1297.8,37.9,1
1376,car,4.5,road_loopA_r0,road_loopA_r1,3379.5,3511.4,131.9,1298.1,35.4,1
1385,suv,4.8,road_loopA_r0,road_loopA_r1,3390.8,3512.2,121.4,1297.5,38.5,1
1392,car,4.5,road_loopA_r0,road_loopA_r1,3396.8,3513.9,117.1,1297.9,39.9,1
1402,suv,4.8,road_loopA_r0,road_loopA_r1,3410.6,3514.6,104.0,1297.9,44.9,0
1407,car,4.5,road_loopA_r0,road_loopA_r1,3414.2,3516.2,102.0,1298.1,45.8,0
1491,car,4.5,road_loopA_f0,xloopA_0Bb,3475.6,3516.6,41.0,478.8,42.1,0
1420,truck,8.5,road_loopA_r0,road_loopA_r1,3427.3,3519.2,91.9,1297.8,50.8,0
1494,suv,4.8,road_loopA_f0,xloopA_0Bb,3479.5,3519.7,40.2,479.0,42.9,0
1332,car,4.5,xloopA_0Ba,road_loopA_r1,3340.8,3522.4,181.6,476.7,9.5,1
1424,car,4.5,road_loopA_r0,road_loopA_r1,3429.4,3522.8,93.4,1298.1,50.0,0
1370,suv,4.8,road_loopA_r0,road_loopA_r1,3372.3,3524.1,151.8,1297.9,30.8,1
1418,car,4.5,road_loopA_r0,road_loopA_r1,3424.1,3525.0,100.9,1298.1,46.3,0
1374,car,4.5,road_loopA_r0,road_loopA_r1,3374.7,3525.9,151.2,1297.6,30.9,1
1431,car,4.5,road_loopA_r0,road_loopA_r1,3431.9,3526.2,94.3,1297.9,49.5,0
1502,car,4.5,road_loopA_f0,xloopA_0Bb,3485.9,3526.6,40.7,478.8,42.3,0
1377,suv,4.8,road_loopA_r0,road_loopA_r1,3380.4,3527.6,147.2,1297.4,31.7,1
1423,car,4.5,road_loopA_r0,road_loopA_r1,3429.0,3528.6,99.6,1297.3,46.9,0
1389,car,4.5,road_loopA_r0,road_loopA_r1,3394.8,3529.4,134.6,1298.4,34.7,1
1380,car,4.5,road_loopA_r0,road_loopA_r1,3382.8,3529.5,146.7,1298.6,31.9,1
1395,car,4.5,road_loopA_r0,road_loopA_r1,3402.3,3531.1,128.8,1298.3,36.3,1
1438,car,4.5,road_loopA_r0,road_loopA_r1,3440.0,3531.2,91.2,1298.4,51.2,0
1398,car,4.5,road_loopA_f0,road_loopA_f1,3405.4,3531.9,126.5,1304.0,37.1,1
1400,car,4.5,road_loopA_r0,road_loopA_r1,3407.6,3532.0,124.4,1298.4,37.6,0
1401,suv,4.8,road_loopA_f0,road_loopA_f1,3409.6,3532.9,123.3,1303.9,38.1,1
1422,car,4.5,road_loopA_r0,road_loopA_r1,3429.0,3533.0,104.0,1297.3,44.9,0
1393,truck,8.5,road_loopA_r0,road_loopA_r1,3399.9,3533.3,133.4,1297.4,35.0,1
1441,suv,4.8,road_loopA_r0,road_loopA_r1,3440.9,3534.3,93.4,1298.5,50.1,0
1404,car,4.5,road_loopA_f0,road_loopA_f1,3412.0,3534.7,122.7,1303.7,38.2,1
1406,suv,4.8,road_loopA_f0,road_loopA_f1,3413.4,3535.2,121.8,1303.6,38.5,1
1403,truck,8.5,road_loopA_r0,road_loopA_r1,3411.8,3536.0,124.2,1298.1,37.6,0
1426,suv,4.8,road_loopA_r0,road_loopA_r1,3429.7,3537.0,107.3,1298.7,43.6,0
1450,car,4.5,road_loopA_r0,road_loopA_r1,3448.4,3538.1,89.7,1297.5,52.1,0
1413,suv,4.8,road_loopA_f0,road_loopA_f1,3420.7,3539.5,118.8,1303.4,39.5,1
1449,car,4.5,road_loopA_r0,road_loopA_r1,3447.6,3541.1,93.5,1298.2,50.0,0
1414,car,4.5,road_loopA_r0,xloopA_0Bb,3421.7,3542.3,120.6,895.6,26.7,2
1437,car,4.5,road_loopA_f0,xloopA_0Ab,3435.5,3542.8,107.3,505.1,16.9,1
1411,truck,8.5,road_loopA_f0,road_loopA_f1,3420.0,3543.2,123.2,1303.9,38.1,1
1458,car,4.5,road_loopA_r0,road_loopA_r1,3452.6,3544.1,91.5,1297.8,51.1,0
1408,suv,4.8,road_loopA_f0,road_loopA_f1,3417.4,3544.5,127.1,1303.3,36.9,1
1448,suv,4.8,road_loopA_r0,xloopA_0Bb,3447.4,3544.9,97.5,895.6,33.1,1
1421,suv,4.8,road_loopA_f0,road_loopA_f1,3428.3,3545.3,117.0,1303.9,40.1,5
1453,car,4.5,road_loopA_f0,xloopA_0Ab,3449.2,3545.4,96.2,505.1,18.9,1
1412,car,4.5,road_loopA_f0,road_loopA_f1,3420.5,3546.2,125.7,1303.3,37.3,1
1410,bus,11.0,road_loopA_r0,road_loopA_r1,3419.9,3546.6,126.7,1298.5,36.9,1
1396,truck,8.5,road_loopA_f0,road_loopA_f1,3402.8,3547.2,144.4,1303.5,32.5,1
1455,car,4.5,road_loopA_r0,xloopA_0Bb,3451.3,3547.6,96.3,895.6,33.5,1
1465,car,4.5,road_loopA_f0,xloopA_0Ab,3456.2,3548.1,91.9,505.4,19.8,1
1416,truck,8.5,road_loopA_f0,road_loopA_f1,3422.2,3548.5,126.3,1302.9,37.1,1
1462,truck,8.5,road_loopA_r0,road_loopA_r1,3455.9,3548.7,92.8,1298.1,50.3,0
1443,bus,11.0,road_loopA_r0,road_loopA_r1,3443.9,3549.2,105.3,1297.3,44.3,0
1428,car,4.5,road_loopA_f0,road_loopA_f1,3430.9,3549.5,118.6,1303.8,39.6,0
1429,car,4.5,road_loopA_r0,road_loopA_r1,3430.9,3549.9,119.0,1297.4,39.3,0
1457,car,4.5,road_loopA_r0,xloopA_0Bb,3451.9,3550.3,98.4,895.8,32.8,1
1419,suv,4.8,road_loopA_f0,road_loopA_f1,3426.4,3550.7,124.3,1303.8,37.8,1
1471,suv,4.8,road_loopA_r0,road_loopA_r1,3460.5,3550.7,90.2,1297.7,51.8,0
1456,car,4.5,road_loopA_r0,road_loopA_r1,3451.6,3551.5,99.9,1297.3,46.8,0
1435,car,4.5,road_loopA_r0,road_loopA_r1,3434.0,3551.8,117.8,1298.0,39.7,0
1427,car,4.5,road_loopA_f0,road_loopA_f1,3430.3,3552.0,121.7,1304.1,38.6,1
1436,car,4.5,road_loopA_f0,road_loopA_f1,3435.4,3552.6,117.2,1303.7,40.0,0
1469,car,4.5,road_loopA_r0,xloopA_0Bb,3459.7,3552.9,93.2,895.5,34.6,1
1461,car,4.5,road_loopA_r0,road_loopA_r1,3455.7,3553.4,97.7,1298.5,47.8,0
1432,car,4.5,road_loopA_f0,road_loopA_f1,3432.4,3553.9,121.5,1303.2,38.6,1
1477,suv,4.8,road_loopA_r0,road_loopA_r1,3464.0,3554.9,90.9,1297.3,51.4,0
1434,suv,4.8,road_loopA_f0,road_loopA_f1,3433.6,3555.2,121.6,1303.7,38.6,1
1479,car,4.5,road_loopA_r0,road_loopA_r1,3466.5,3555.6,89.1,1298.4,52.5,0
1440,car,4.5,road_loopA_f0,road_loopA_f1,3440.7,3556.6,115.9,1303.8,40.5,0
1480,suv,4.8,road_loopA_r0,road_loopA_r1,3466.6,3556.7,90.1,1298.2,51.9,0
1439,car,4.5,road_loopA_f0,road_loopA_f1,3440.4,3557.4,117.0,1304.0,40.1,0
1415,car,4.5,xloopA_0Aa,xloopA_0Ab,3422.2,3557.5,135.3,84.3,2.2,1
1459,suv,4.8,road_loopA_f0,road_loopA_f1,3453.3,3558.3,105.0,1304.0,44.7,0
1442,car,4.5,road_loopA_f0,road_loopA_f1,3442.2,3559.0,116.8,1303.7,40.2,0
1452,car,4.5,xloopA_0Ba,xloopA_0Bb,3449.2,3559.7,110.5,84.2,2.7,1
1463,car,4.5,road_loopA_f0,road_loopA_f1,3456.1,3560.4,104.3,1303.4,45.0,0
1447,car,4.5,road_loopA_f0,road_loopA_f1,3445.5,3560.6,115.1,1303.4,40.8,0
1451,car,4.5,xloopA_0Aa,xloopA_0Ab,3449.1,3560.8,111.7,84.4,2.7,1
1417,car,4.5,road_loopA_f0,road_loopA_f1,3423.3,3561.4,138.1,1303.5,34.0,1
1476,car,4.5,road_loopA_f0,road_loopA_f1,3463.4,3562.2,98.8,1304.0,47.5,0
1466,car,4.5,xloopA_0Ba,xloopA_0Bb,3458.7,3562.4,103.7,84.1,2.9,1
1454,car,4.5,road_loopA_f0,road_loopA_f1,3451.3,3562.9,111.6,1303.8,42.0,0
1433,suv,4.8,road_loopA_f0,road_loopA_f1,3432.7,3563.1,130.4,1302.9,36.0,0
1468,car,4.5,xloopA_0Ba,xloopA_0Bb,3459.6,3564.5,104.9,84.4,2.9,0
1460,suv,4.8,road_loopA_f0,road_loopA_f1,3455.1,3564.6,109.5,1303.0,42.8,0
1482,suv,4.8,road_loopA_f0,road_loopA_f1,3469.2,3565.3,96.1,1304.1,48.8,0
1444,truck,8.5,road_loopA_f0,road_loopA_f1,3444.6,3565.4,120.8,1303.7,38.9,0
1464,suv,4.8,road_loopA_f0,road_loopA_f1,3456.1,3566.4,110.3,1303.1,42.5,0
1467,truck,8.5,road_loopA_f0,road_loopA_f1,3459.5,3568.2,108.7,1303.4,43.2,0
1472,car,4.5,xloopA_0Ba,xloopA_0Bb,3460.7,3568.5,107.8,84.2,2.8,0
1470,car,4.5,road_loopA_f0,road_loopA_f1,3460.3,3568.7,108.4,1304.0,43.3,0
1489,suv,4.8,road_loopA_f0,road_loopA_f1,3473.7,3568.7,95.0,1302.9,49.4,0
1474,car,4.5,road_loopA_f0,road_loopA_f1,3462.0,3570.4,108.4,1303.1,43.3,0
1481,suv,4.8,road_loopA_f0,road_loopA_f1,3466.7,3570.6,103.9,1303.2,45.2,0
1486,car,4.5,road_loopA_f0,road_loopA_f1,3471.2,3572.4,101.2,1303.8,46.4,0
1473,truck,8.5,road_loopA_f0,road_loopA_f1,3461.4,3575.3,113.9,1303.5,41.2,0
1504,suv,4.8,road_loopA_f0,road_loopA_f1,3487.0,3577.7,90.7,1302.8,51.7,0
1487,car,4.5,road_loopA_f0,road_loopA_f1,3471.6,3579.1,107.5,1303.7,43.6,0
1496,suv,4.8,road_loopA_f0,road_loopA_f1,3481.7,3580.8,99.1,1303.6,47.4,0
1512,car,4.5,road_loopA_f0,road_loopA_f1,3489.7,3581.5,91.8,1303.3,51.1,0
1536,car,4.5,road_loopA_f0,xloopA_0Bb,3508.6,3581.7,73.1,478.5,23.6,1
1500,suv,4.8,road_loopA_f0,road_loopA_f1,3483.9,3582.5,98.6,1302.9,47.6,0
1484,truck,8.5,road_loopA_f0,road_loopA_f1,3469.8,3582.9,113.1,1303.8,41.5,0
1508,car,4.5,road_loopA_f0,road_loopA_f1,3488.2,3584.3,96.1,1303.0,48.8,0
1541,car,4.5,road_loopA_f0,xloopA_0Bb,3511.6,3585.3,73.7,478.7,23.4,1
1517,car,4.5,road_loopA_f0,road_loopA_f1,3492.9,3586.5,93.6,1303.9,50.2,0
1520,car,4.5,road_loopA_f0,road_loopA_f1,3495.0,3588.2,93.2,1302.9,50.3,0
1492,car,4.5,road_loopA_f0,road_loopA_f1,3479.2,3591.2,112.0,1303.6,41.9,0
1498,suv,4.8,road_loopA_f0,road_loopA_f1,3483.4,3592.9,109.5,1303.1,42.9,0
1501,truck,8.5,road_loopA_f0,road_loopA_f1,3484.0,3595.0,111.0,1303.0,42.3,0
1485,suv,4.8,road_loopA_r0,road_loopA_r1,3470.9,3596.9,126.0,1297.8,37.1,1
1505,truck,8.5,road_loopA_f0,road_loopA_f1,3487.2,3597.7,110.5,1303.8,42.5,0
1475,car,4.5,road_loopA_r0,road_loopA_r1,3462.8,3607.2,144.4,1297.8,32.3,1
1514,car,4.5,road_loopA_r0,road_loopA_r1,3491.8,3608.9,117.1,1298.2,39.9,1
1493,car,4.5,road_loopA_r0,road_loopA_r1,3479.4,3609.0,129.6,1297.3,36.0,1
1446,car,4.5,xloopA_0Ba,road_loopA_r1,3445.4,3610.1,164.7,476.7,10.4,1
1516,truck,8.5,road_loopA_r0,road_loopA_r1,3492.5,3612.0,119.5,1298.3,39.1,1
1529,car,4.5,road_loopA_r0,road_loopA_r1,3505.1,3614.0,108.9,1298.3,42.9,1
1425,car,4.5,xloopA_0Aa,road_loopA_r1,3429.4,3616.2,186.8,506.8,9.8,1
1510,car,4.5,road_loopA_r0,road_loopA_r1,3489.3,3616.5,127.2,1297.5,36.7,1
1478,car,4.5,xloopA_0Aa,road_loopA_r1,3465.6,3616.6,151.0,506.5,12.1,0
1515,suv,4.8,road_loopA_r0,road_loopA_r1,3492.5,3618.1,125.6,1297.5,37.2,1
1488,suv,4.8,road_loopA_r0,road_loopA_r1,3471.6,3618.3,146.7,1297.6,31.8,1
1534,car,4.5,road_loopA_r0,road_loopA_r1,3507.0,3618.9,111.9,1297.6,41.8,0
1503,car,4.5,road_loopA_r0,road_loopA_r1,3486.8,3620.0,133.2,1298.0,35.1,1
1530,suv,4.8,road_loopA_r0,road_loopA_r1,3505.1,3620.6,115.5,1297.3,40.4,0
1499,car,4.5,xloopA_0Aa,road_loopA_r1,3483.6,3620.8,137.2,507.0,13.3,0
1513,car,4.5,road_loopA_r0,road_loopA_r1,3491.4,3621.8,130.4,1298.5,35.9,0
1551,suv,4.8,road_loopA_r0,road_loopA_r1,3518.7,3622.4,103.7,1298.3,45.1,0
1483,car,4.5,road_loopA_r0,road_loopA_r1,3469.7,3622.5,152.8,1297.8,30.6,1
1521,car,4.5,road_loopA_r0,road_loopA_r1,3494.9,3623.5,128.6,1298.1,36.4,0
1495,truck,8.5,road_loopA_r0,road_loopA_r1,3480.8,3624.7,143.9,1298.0,32.5,1
1549,car,4.5,road_loopA_r0,road_loopA_r1,3517.2,3624.9,107.7,1298.5,43.4,0
1519,car,4.5,road_loopA_r0,road_loopA_r1,3494.0,3625.7,131.7,1297.9,35.5,0
1528,car,4.5,road_loopA_f0,road_loopA_f1,3503.2,3625.9,122.7,1303.0,38.2,1
1507,truck,8.5,road_loopA_r0,road_loopA_r1,3487.9,3627.4,139.5,1297.5,33.5,0
1527,car,4.5,road_loopA_r0,road_loopA_r1,3501.1,3627.4,126.3,1298.5,37.0,0
1518,suv,4.8,road_loopA_r0,road_loopA_r1,3493.1,3629.4,136.3,1297.5,34.3,0
1552,suv,4.8,road_loopA_r0,road_loopA_r1,3520.9,3629.5,108.6,1298.4,43.0,0
1523,car,4.5,road_loopA_r0,road_loopA_r1,3497.6,3629.7,132.1,1298.3,35.4,0
1526,car,4.5,road_loopA_f0,road_loopA_f1,3499.9,3630.0,130.1,1304.0,36.1,1
1559,car,4.5,road_loopA_r0,road_loopA_r1,3528.9,3630.7,101.8,1297.6,45.9,0
1522,car,4.5,road_loopA_f0,road_loopA_f1,3497.1,3631.5,134.4,1303.4,34.9,1
1524,truck,8.5,road_loopA_r0,road_loopA_r1,3497.7,3631.7,134.0,1298.4,34.9,0
1531,car,4.5,road_loopA_f0,road_loopA_f1,3505.4,3631.9,126.5,1304.0,37.1,1
1543,car,4.5,road_loopA_r0,road_loopA_r1,3512.9,3632.2,119.3,1298.1,39.2,0
1566,suv,4.8,road_loopA_r0,road_loopA_r1,3537.3,3632.8,95.5,1297.8,48.9,0
1533,suv,4.8,road_loopA_f0,road_loopA_f1,3506.6,3633.9,127.3,1303.9,36.9,1
1538,truck,8.5,road_loopA_r0,road_loopA_r1,3509.3,3634.2,124.9,1297.7,37.4,0
1539,suv,4.8,road_loopA_r0,road_loopA_r1,3511.4,3634.2,122.8,1297.4,38.0,0
1537,car,4.5,road_loopA_f0,road_loopA_f1,3509.2,3634.4,125.2,1303.4,37.5,1
1535,car,4.5,road_loopA_f0,road_loopA_f1,3508.5,3635.4,126.9,1303.9,37.0,1
1569,car,4.5,road_loopA_r0,xloopA_0Bb,3539.0,3635.7,96.7,895.3,33.3,1
1547,car,4.5,road_loopA_f0,road_loopA_f1,3516.7,3636.1,119.4,1303.7,39.3,1
1545,suv,4.8,road_loopA_r0,road_loopA_r1,3514.7,3636.3,121.6,1297.6,38.4,0
1558,car,4.5,road_loopA_r0,road_loopA_r1,3528.2,3636.3,108.1,1297.9,43.2,0
1556,suv,4.8,road_loopA_f0,xloopA_0Ab,3526.0,3636.4,110.4,505.7,16.5,1
1540,suv,4.8,road_loopA_f0,road_loopA_f1,3511.5,3637.2,125.7,1303.4,37.3,1
1568,truck,8.5,road_loopA_r0,road_loopA_r1,3538.3,3637.3,99.0,1297.5,47.2,0
1550,car,4.5,road_loopA_f0,road_loopA_f1,3518.6,3638.1,119.5,1303.4,39.3,1
1560,suv,4.8,road_loopA_r0,road_loopA_r1,3529.1,3638.1,109.0,1297.9,42.9,0
1561,suv,4.8,road_loopA_r0,road_loopA_r1,3530.5,3638.3,107.8,1297.8,43.3,0
1430,bus,11.0,road_loopA_r0,road_loopA_r1,3431.2,3638.6,207.4,1297.8,22.5,3
1578,car,4.5,road_loopA_f0,xloopA_0Ab,3545.0,3639.0,94.0,505.4,19.4,1
1546,truck,8.5,road_loopA_f0,road_loopA_f1,3515.1,3639.5,124.4,1303.7,37.7,1
1565,suv,4.8,road_loopA_r0,road_loopA_r1,3535.0,3640.0,105.0,1297.8,44.5,0
1580,suv,4.8,road_loopA_r0,road_loopA_r1,3547.7,3640.0,92.3,1298.0,50.6,0
1557,suv,4.8,road_loopA_f0,road_loopA_f1,3527.2,3640.2,113.0,1303.6,41.5,1
1548,car,4.5,road_loopA_f0,road_loopA_f1,3516.7,3640.9,124.2,1303.9,37.8,1
1584,car,4.5,road_loopA_f0,xloopA_0Ab,3552.3,3641.6,89.3,505.1,20.4,1
1567,suv,4.8,road_loopA_r0,road_loopA_r1,3537.6,3641.8,104.2,1297.6,44.8,0
1553,car,4.5,road_loopA_f0,road_loopA_f1,3521.3,3642.5,121.2,1304.1,38.7,1
1571,car,4.5,road_loopA_r0,road_loopA_r1,3541.4,3642.7,101.3,1298.1,46.2,0
1573,car,4.5,road_loopA_r0,road_loopA_r1,3542.2,3643.7,101.5,1298.5,46.1,0
1532,truck,8.5,road_loopA_f0,road_loopA_f1,3506.4,3644.9,138.5,1303.5,33.9,1
1599,suv,4.8,road_loopA_r0,xloopA_0Bb,3568.4,3644.9,76.5,895.9,42.2,0
1554,car,4.5,road_loopA_f0,road_loopA_f1,3524.4,3645.1,120.7,1303.5,38.9,1
1582,suv,4.8,road_loopA_r0,road_loopA_r1,3549.9,3645.4,95.5,1297.7,48.9,0
1577,suv,4.8,road_loopA_r0,road_loopA_r1,3544.1,3645.5,101.4,1298.1,46.1,0
1575,car,4.5,road_loopA_f0,road_loopA_f1,3542.7,3646.6,103.9,1303.4,45.1,0
1555,car,4.5,road_loopA_f0,road_loopA_f1,3525.1,3647.0,121.9,1303.0,38.5,1
1589,suv,4.8,road_loopA_r0,road_loopA_r1,3557.0,3647.3,90.3,1298.1,51.7,0
1542,truck,8.5,road_loopA_f0,road_loopA_f1,3511.9,3647.4,135.5,1303.1,34.6,1
1581,car,4.5,road_loopA_r0,road_loopA_r1,3549.7,3647.7,98.0,1297.7,47.7,0
1587,car,4.5,road_loopA_f0,road_loopA_f1,3556.0,3648.7,92.7,1304.1,50.6,0
1562,car,4.5,road_loopA_f0,road_loopA_f1,3531.9,3648.8,116.9,1303.6,40.1,0
1570,suv,4.8,road_loopA_f0,road_loopA_f1,3540.2,3649.5,109.3,1303.6,42.9,0
1572,suv,4.8,road_loopA_f0,road_loopA_f1,3541.5,3650.5,109.0,1303.6,43.1,0
1593,car,4.5,road_loopA_r0,road_loopA_r1,3562.3,3651.3,89.0,1297.3,52.5,0
1509,car,4.5,xloopA_0Aa,xloopA_0Ab,3488.4,3651.7,163.3,84.2,1.9,1
1579,car,4.5,road_loopA_f0,road_loopA_f1,3545.4,3652.3,106.9,1303.9,43.9,0
1511,car,4.5,xloopA_0Aa,xloopA_0Ab,3489.5,3653.8,164.3,84.1,1.8,1
1586,car,4.5,road_loopA_f0,road_loopA_f1,3553.7,3654.0,100.3,1303.9,46.8,0
1576,car,4.5,road_loopA_f0,road_loopA_f1,3543.6,3654.1,110.5,1303.3,42.5,0
1497,car,4.5,xloopA_0Ba,xloopA_0Bb,3482.7,3655.3,172.6,84.2,1.8,1
1588,car,4.5,road_loopA_f0,road_loopA_f1,3556.7,3655.7,99.0,1303.4,47.4,0
1506,car,4.5,xloopA_0Ba,xloopA_0Bb,3488.0,3657.3,169.3,84.2,1.8,1
1591,car,4.5,road_loopA_f0,road_loopA_f1,3559.4,3657.4,98.0,1304.1,47.9,0
1592,car,4.5,road_loopA_f0,road_loopA_f1,3559.8,3659.4,99.6,1302.8,47.1,0
1544,car,4.5,xloopA_0Ba,xloopA_0Bb,3513.4,3659.5,146.1,84.2,2.1,0
1585,car,4.5,road_loopA_f0,road_loopA_f1,3553.6,3659.9,106.3,1302.9,44.1,0
1595,truck,8.5,road_loopA_f0,road_loopA_f1,3564.4,3661.6,97.2,1304.1,48.3,0
1594,suv,4.8,road_loopA_f0,road_loopA_f1,3563.6,3662.5,98.9,1303.9,47.4,0
1445,bus,11.0,road_loopA_r0,road_loopA_r1,3444.9,3662.8,217.9,1298.3,21.4,5
1602,car,4.5,road_loopA_f0,road_loopA_f1,3570.2,3672.5,102.3,1303.2,45.9,0
1590,car,4.5,road_loopA_r0,xloopA_0Ab,3558.6,3673.1,114.5,869.0,27.3,2
1607,car,4.5,road_loopA_f0,road_loopA_f1,3573.7,3673.1,99.4,1303.3,47.2,0
1611,car,4.5,road_loopA_f0,road_loopA_f1,3578.6,3674.8,96.2,1303.4,48.8,0
1615,car,4.5,road_loopA_f0,road_loopA_f1,3583.0,3676.6,93.6,1304.0,50.2,0
1625,truck,8.5,road_loopA_f0,xloopA_0Bb,3594.2,3676.6,82.4,479.0,20.9,2
1583,car,4.5,road_loopA_r0,xloopA_0Ab,3551.0,3676.8,125.8,869.0,24.9,2
1598,car,4.5,road_loopA_f0,road_loopA_f1,3568.1,3677.7,109.6,1303.1,42.8,0
1652,suv,4.8,road_loopA_f0,xloopA_0Bb,3617.4,3680.4,63.0,479.1,27.4,2
1622,car,4.5,road_loopA_f0,road_loopA_f1,3591.3,3680.6,89.3,1303.1,52.5,0
1606,car,4.5,road_loopA_f0,road_loopA_f1,3573.2,3687.7,114.5,1302.8,41.0,0
1619,car,4.5,road_loopA_r0,xloopA_0Ab,3587.9,3690.1,102.2,869.1,30.6,2
1597,car,4.5,road_loopA_r0,road_loopA_r1,3567.4,3690.4,123.0,1297.3,38.0,1
1605,car,4.5,road_loopA_r0,road_loopA_r1,3572.5,3690.4,117.9,1298.0,39.6,1
1701,car,4.5,road_loopA_f0,xloopA_0Bb,3649.6,3692.9,43.3,478.7,39.8,0
1651,car,4.5,road_loopA_r0,xloopA_0Ab,3615.9,3693.2,77.3,869.1,40.5,0
1610,suv,4.8,road_loopA_r0,road_loopA_r1,3577.3,3695.5,118.2,1297.3,39.5,1
1600,car,4.5,road_loopA_r0,road_loopA_r1,3568.9,3696.5,127.6,1297.6,36.6,1
1601,car,4.5,road_loopA_r0,road_loopA_r1,3569.0,3697.1,128.1,1297.5,36.5,1
1614,car,4.5,road_loopA_r0,road_loopA_r1,3582.6,3698.2,115.6,1298.6,40.4,1
1608,truck,8.5,road_loopA_r0,road_loopA_r1,3574.0,3699.3,125.3,1297.8,37.3,1
1613,car,4.5,road_loopA_r0,road_loopA_r1,3582.3,3700.1,117.8,1297.5,39.6,1
1627,car,4.5,road_loopA_r0,road_loopA_r1,3596.9,3700.1,103.2,1297.5,45.3,0
1612,car,4.5,road_loopA_r0,road_loopA_r1,3580.3,3701.3,121.0,1298.4,38.6,1
1616,car,4.5,road_loopA_r0,road_loopA_r1,3585.8,3703.0,117.2,1298.1,39.9,1
1617,car,4.5,road_loopA_r0,road_loopA_r1,3587.1,3703.2,116.1,1297.5,40.2,1
1634,car,4.5,road_loopA_r0,road_loopA_r1,3603.4,3703.3,99.9,1297.4,46.8,0
1620,car,4.5,road_loopA_r0,road_loopA_r1,3588.8,3704.8,116.0,1298.6,40.3,1
1636,car,4.5,road_loopA_r0,road_loopA_r1,3604.9,3704.9,100.0,1297.4,46.7,0
1628,suv,4.8,road_loopA_r0,road_loopA_r1,3596.9,3706.1,109.2,1297.3,42.8,1
1623,car,4.5,road_loopA_r0,road_loopA_r1,3592.8,3706.5,113.7,1298.1,41.1,1
1630,car,4.5,road_loopA_r0,road_loopA_r1,3597.3,3708.2,110.9,1298.5,42.1,0
1629,truck,8.5,road_loopA_r0,road_loopA_r1,3596.9,3713.0,116.1,1297.3,40.2,0
1637,car,4.5,road_loopA_r0,road_loopA_r1,3605.8,3713.7,107.9,1298.0,43.3,0
1631,truck,8.5,road_loopA_r0,road_loopA_r1,3599.8,3717.0,117.2,1298.1,39.9,0
1639,truck,8.5,road_loopA_r0,road_loopA_r1,3607.4,3717.0,109.6,1298.0,42.6,0
1624,car,4.5,road_loopA_f0,road_loopA_f1,3593.3,3717.8,124.5,1304.0,37.7,1
1654,car,4.5,road_loopA_r0,road_loopA_r1,3618.7,3719.1,100.4,1297.5,46.5,0
1621,suv,4.8,road_loopA_r0,road_loopA_r1,3590.0,3719.8,129.8,1297.5,36.0,0
1632,car,4.5,road_loopA_f0,road_loopA_f1,3600.5,3720.8,120.3,1303.3,39.0,1
1665,car,4.5,road_loopA_r0,road_loopA_r1,3624.9,3720.8,95.9,1297.9,48.7,0
1645,car,4.5,road_loopA_r0,road_loopA_r1,3611.8,3721.2,109.4,1297.5,42.7,0
1643,car,4.5,road_loopA_r0,road_loopA_r1,3610.2,3721.5,111.3,1298.2,42.0,0
1656,car,4.5,road_loopA_r0,road_loopA_r1,3620.7,3722.9,102.2,1297.8,45.7,0
1657,car,4.5,road_loopA_r0,road_loopA_r1,3622.2,3723.2,101.0,1298.2,46.3,0
1669,car,4.5,road_loopA_r0,road_loopA_r1,3628.5,3723.6,95.1,1298.0,49.1,0
1659,car,4.5,road_loopA_r0,road_loopA_r1,3622.2,3724.6,102.4,1298.0,45.6,0
1641,car,4.5,road_loopA_f0,road_loopA_f1,3608.6,3727.9,119.3,1303.1,39.3,1
1675,suv,4.8,road_loopA_r0,road_loopA_r1,3633.5,3728.0,94.5,1297.8,49.4,0
1618,car,4.5,road_loopA_r0,xloopA_0Bb,3587.8,3729.2,141.4,895.3,22.8,1
1648,suv,4.8,road_loopA_f0,road_loopA_f1,3614.4,3729.6,115.2,1303.5,40.7,1
1728,suv,4.8,road_loopA_f0,xloopA_0Ab,3675.7,3729.8,54.1,504.9,33.6,1
1667,suv,4.8,road_loopA_r0,road_loopA_r1,3626.5,3730.0,103.5,1298.4,45.2,0
1673,car,4.5,road_loopA_r0,road_loopA_r1,3633.1,3730.0,96.9,1297.6,48.2,0
1682,car,4.5,road_loopA_r0,road_loopA_r1,3637.0,3730.5,93.5,1298.0,50.0,0
1649,car,4.5,road_loopA_f0,road_loopA_f1,3615.1,3731.6,116.5,1304.1,40.3,1
1664,truck,8.5,road_loopA_r0,xloopA_0Bb,3624.1,3732.6,108.5,895.4,29.7,1
1676,car,4.5,road_loopA_r0,road_loopA_r1,3635.0,3733.0,98.0,1297.4,47.7,0
1681,car,4.5,road_loopA_r0,road_loopA_r1,3636.5,3734.2,97.7,1297.7,47.8,0
1686,car,4.5,road_loopA_r0,xloopA_0Bb,3641.1,3735.7,94.6,895.7,34.1,1
1666,car,4.5,road_loopA_r0,road_loopA_r1,3626.1,3735.8,109.7,1298.3,42.6,0
1663,truck,8.5,road_loopA_r0,road_loopA_r1,3623.7,3735.9,112.2,1298.0,41.6,0
1683,car,4.5,road_loopA_r0,road_loopA_r1,3637.5,3735.9,98.4,1298.3,47.5,0
1694,suv,4.8,road_loopA_r0,road_loopA_r1,3646.3,3737.1,90.8,1298.2,51.5,0
1661,car,4.5,road_loopA_f0,road_loopA_f1,3623.2,3737.3,114.1,1304.1,41.1,1
1653,car,4.5,road_loopA_f0,road_loopA_f1,3618.4,3737.6,119.2,1304.0,39.4,1
1692,truck,8.5,road_loopA_r0,road_loopA_r1,3644.9,3737.7,92.8,1297.6,50.3,0
1688,car,4.5,road_loopA_r0,xloopA_0Bb,3642.9,3738.3,95.4,895.3,33.8,1
1696,car,4.5,road_loopA_r0,road_loopA_r1,3647.9,3739.0,91.1,1298.6,51.3,0
1671,suv,4.8,road_loopA_f0,road_loopA_f1,3632.2,3739.4,107.2,1303.2,43.8,0
1638,car,4.5,road_loopA_f0,road_loopA_f1,3606.3,3741.8,135.5,1303.4,34.6,1
1490,car,4.5,xloopA_0Ba,road_loopA_f1,3475.3,3742.1,266.8,902.6,12.2,1
1693,car,4.5,road_loopA_r0,road_loopA_r1,3645.5,3743.3,97.8,1297.8,47.8,0
1646,car,4.5,road_loopA_f0,road_loopA_f1,3612.0,3744.6,132.6,1304.1,35.4,1
1674,truck,8.5,road_loopA_f0,road_loopA_f1,3633.4,3744.7,111.3,1303.7,42.2,0
1564,car,4.5,xloopA_0Aa,xloopA_0Ab,3534.3,3744.9,210.6,84.7,1.4,1
1603,car,4.5,xloopA_0Ba,xloopA_0Bb,3570.5,3745.4,174.9,84.0,1.7,1
1699,car,4.5,road_loopA_f0,road_loopA_f1,3648.7,3746.1,97.4,1303.8,48.2,0
1609,bus,11.0,road_loopA_r0,road_loopA_r1,3576.5,3746.2,169.7,1298.3,27.5,2
1690,car,4.5,road_loopA_f0,road_loopA_f1,3644.5,3747.7,103.2,1303.0,45.4,0
1633,car,4.5,xloopA_0Ba,xloopA_0Bb,3602.5,3747.7,145.2,84.4,2.1,1
1700,car,4.5,road_loopA_f0,road_loopA_f1,3649.5,3749.6,100.1,1303.8,46.9,0
1685,car,4.5,xloopA_0Aa,xloopA_0Ab,3640.1,3750.6,110.5,84.2,2.7,0
1708,suv,4.8,road_loopA_f0,road_loopA_f1,3656.2,3751.4,95.2,1304.1,49.3,0
1525,car,4.5,xloopA_0Aa,road_loopA_f1,3499.9,3752.6,252.7,872.5,12.4,1
1647,car,4.5,road_loopA_f0,road_loopA_f1,3613.4,3753.5,140.1,1303.6,33.5,1
1709,car,4.5,road_loopA_f0,road_loopA_f1,3656.6,3753.8,97.2,1303.0,48.2,0
1658,suv,4.8,road_loopA_f0,road_loopA_f1,3622.3,3755.1,132.8,1303.5,35.3,1
1715,car,4.5,road_loopA_f0,road_loopA_f1,3661.8,3755.6,93.8,1303.6,50.0,0
1660,suv,4.8,road_loopA_f0,road_loopA_f1,3622.6,3756.4,133.8,1303.2,35.1,1
1717,suv,4.8,road_loopA_f0,road_loopA_f1,3663.7,3757.4,93.7,1303.3,50.1,0
1672,suv,4.8,road_loopA_f0,road_loopA_f1,3632.3,3759.2,126.9,1303.1,37.0,0
1722,car,4.5,road_loopA_f0,road_loopA_f1,3668.3,3759.2,90.9,1302.8,51.6,0
1725,car,4.5,road_loopA_f0,road_loopA_f1,3671.1,3761.4,90.3,1303.8,52.0,0
1679,truck,8.5,road_loopA_f0,road_loopA_f1,3635.8,3762.3,126.5,1303.2,37.1,0
1684,car,4.5,road_loopA_f0,road_loopA_f1,3639.9,3763.9,124.0,1303.4,37.8,0
1727,truck,8.5,road_loopA_f0,road_loopA_f1,3672.9,3764.5,91.6,1303.0,51.2,0
1687,suv,4.8,road_loopA_f0,road_loopA_f1,3642.6,3766.1,123.5,1303.3,38.0,0
1748,car,4.5,road_loopA_f0,xloopA_0Bb,3696.9,3767.1,70.2,478.7,24.6,2
1731,car,4.5,road_loopA_f0,road_loopA_f1,3677.6,3767.4,89.8,1302.8,52.2,0
1704,car,4.5,road_loopA_r0,xloopA_0Ab,3650.3,3767.8,117.5,869.1,26.6,2
1702,suv,4.8,road_loopA_f0,road_loopA_f1,3649.8,3768.0,118.2,1302.8,39.7,0
1680,car,4.5,road_loopA_f0,road_loopA_f1,3636.3,3768.8,132.5,1303.6,35.4,0
1596,car,4.5,xloopA_0Ba,road_loopA_f1,3565.6,3769.5,203.9,902.3,15.9,0
1733,car,4.5,road_loopA_f0,road_loopA_f1,3680.1,3770.4,90.3,1304.0,52.0,0
1755,car,4.5,road_loopA_f0,xloopA_0Bb,3700.2,3770.7,70.5,478.5,24.4,2
1691,suv,4.8,road_loopA_f0,road_loopA_f1,3644.8,3771.9,127.1,1302.8,36.9,0
1716,suv,4.8,road_loopA_f0,road_loopA_f1,3662.6,3773.3,110.7,1303.3,42.4,0
1718,suv,4.8,road_loopA_f0,road_loopA_f1,3665.2,3774.1,108.9,1303.2,43.1,0
1640,car,4.5,road_loopA_f0,road_loopA_f1,3607.8,3775.2,167.4,1303.5,28.0,1
1678,car,4.5,road_loopA_f0,road_loopA_f1,3635.2,3775.5,140.3,1303.8,33.5,0
1779,suv,4.8,road_loopA_f0,xloopA_0Bb,3724.3,3777.6,53.3,479.2,32.4,1
1644,car,4.5,road_loopA_f0,road_loopA_f1,3611.8,3777.8,166.0,1303.0,28.3,1
1734,car,4.5,road_loopA_f0,road_loopA_f1,3680.5,3778.6,98.1,1303.2,47.8,0
1670,truck,8.5,road_loopA_f0,road_loopA_f1,3629.8,3780.1,150.3,1303.4,31.2,0
1724,truck,8.5,road_loopA_f0,road_loopA_f1,3669.3,3782.6,113.3,1302.9,41.4,0
1713,suv,4.8,road_loopA_r0,road_loopA_r1,3659.9,3784.1,124.2,1297.4,37.6,1
1655,suv,4.8,road_loopA_f0,road_loopA_f1,3619.6,3785.3,165.7,1303.0,28.3,1
1563,car,4.5,xloopA_0Aa,road_loopA_f1,3534.2,3785.7,251.5,872.5,12.5,0
1730,car,4.5,road_loopA_f0,road_loopA_f1,3676.9,3785.9,109.0,1303.0,43.0,0
1697,car,4.5,road_loopA_r0,road_loopA_r1,3647.9,3786.7,138.8,1298.1,33.7,1
1626,suv,4.8,road_loopA_f0,road_loopA_f1,3595.0,3787.4,192.4,1303.2,24.4,1
1714,car,4.5,road_loopA_r0,road_loopA_r1,3661.5,3789.6,128.1,1297.4,36.5,1
1635,truck,8.5,road_loopA_f0,road_loopA_f1,3603.8,3789.7,185.9,1303.8,25.3,1
1689,suv,4.8,road_loopA_f0,road_loopA_f1,3644.3,3793.6,149.3,1303.1,31.4,0
1695,car,4.5,road_loopA_r0,road_loopA_r1,3647.4,3797.2,149.8,1297.9,31.2,1
1698,suv,4.8,road_loopA_r0,road_loopA_r1,3648.0,3798.9,150.9,1297.5,31.0,1
1574,car,4.5,xloopA_0Aa,road_loopA_r1,3542.6,3799.2,256.6,506.9,7.1,1
1710,car,4.5,road_loopA_r0,road_loopA_r1,3657.1,3800.7,143.6,1297.9,32.5,1
1821,suv,4.8,road_loopA_f0,xloopA_0Bb,3760.9,3800.9,40.0,478.9,43.1,0
1729,suv,4.8,road_loopA_r0,road_loopA_r1,3675.9,3802.2,126.3,1297.7,37.0,1
1743,car,4.5,road_loopA_r0,road_loopA_r1,3693.1,3803.7,110.6,1298.1,42.3,0
1604,car,4.5,xloopA_0Aa,road_loopA_r1,3571.4,3805.4,234.0,507.0,7.8,1
1754,suv,4.8,road_loopA_r0,road_loopA_r1,3700.2,3806.2,106.0,1297.9,44.1,0
1705,car,4.5,road_loopA_r0,road_loopA_r1,3652.9,3807.1,154.2,1298.1,30.3,0
1766,suv,4.8,road_loopA_r0,road_loopA_r1,3708.5,3808.2,99.7,1298.2,46.9,0
1642,car,4.5,xloopA_0Ba,road_loopA_r1,3610.0,3808.6,198.6,476.6,8.6,1
1721,suv,4.8,road_loopA_r0,road_loopA_r1,3667.7,3808.7,141.0,1297.6,33.1,1
1768,car,4.5,road_loopA_r0,road_loopA_r1,3709.9,3809.9,100.0,1297.8,46.7,0
1737,suv,4.8,road_loopA_r0,road_loopA_r1,3683.5,3810.4,126.9,1298.2,36.8,1
1668,car,4.5,xloopA_0Ba,road_loopA_r1,3627.8,3810.7,182.9,476.8,9.4,0
1736,car,4.5,road_loopA_f0,road_loopA_f1,3683.1,3811.3,128.2,1303.5,36.6,1
1771,suv,4.8,road_loopA_r0,road_loopA_r1,3712.4,3811.9,99.5,1297.6,47.0,0
1738,suv,4.8,road_loopA_r0,road_loopA_r1,3687.0,3812.1,125.1,1298.1,37.3,1
1741,suv,4.8,road_loopA_f0,road_loopA_f1,3692.5,3813.1,120.6,1302.9,38.9,1
1777,car,4.5,road_loopA_r0,road_loopA_r1,3720.9,3813.7,92.8,1298.5,50.4,0
1762,suv,4.8,road_loopA_r0,road_loopA_r1,3705.1,3813.8,108.7,1298.0,43.0,0
1744,car,4.5,road_loopA_f0,road_loopA_f1,3693.3,3815.0,121.7,1303.9,38.6,1
1739,car,4.5,road_loopA_f0,road_loopA_f1,3688.8,3815.1,126.3,1303.4,37.2,1
1719,car,4.5,road_loopA_r0,road_loopA_r1,3665.9,3815.5,149.6,1297.4,31.2,1
1735,car,4.5,road_loopA_r0,road_loopA_r1,3681.5,3815.7,134.2,1297.3,34.8,1
1706,car,4.5,xloopA_0Aa,road_loopA_r1,3654.4,3817.0,162.6,506.9,11.2,0
1776,car,4.5,road_loopA_r0,road_loopA_r1,3717.9,3817.1,99.2,1297.5,47.1,0
1723,car,4.5,road_loopA_r0,road_loopA_r1,3669.1,3817.3,148.2,1298.3,31.5,1
1703,car,4.5,road_loopA_r0,road_loopA_r1,3650.3,3818.6,168.3,1297.4,27.8,1
1785,car,4.5,road_loopA_r0,road_loopA_r1,3728.5,3818.8,90.3,1297.7,51.7,0
1760,suv,4.8,road_loopA_r0,road_loopA_r1,3703.6,3819.2,115.6,1297.7,40.4,0
1707,car,4.5,road_loopA_r0,road_loopA_r1,3655.9,3820.3,164.4,1297.9,28.4,1
1746,car,4.5,road_loopA_f0,road_loopA_f1,3693.3,3820.6,127.3,1303.1,36.9,1
1780,car,4.5,road_loopA_r0,road_loopA_r1,3724.5,3820.9,96.4,1298.1,48.5,0
1765,suv,4.8,road_loopA_r0,road_loopA_r1,3708.2,3821.0,112.8,1297.4,41.4,0
1711,suv,4.8,road_loopA_r0,road_loopA_r1,3658.6,3821.9,163.3,1297.3,28.6,1
1750,car,4.5,road_loopA_f0,road_loopA_f1,3697.2,3822.3,125.1,1303.5,37.5,1
1742,suv,4.8,road_loopA_f0,road_loopA_f1,3693.2,3822.4,129.2,1303.8,36.3,1
1753,suv,4.8,road_loopA_r0,xloopA_0Bb,3700.1,3822.8,122.7,895.8,26.3,1
1767,suv,4.8,road_loopA_r0,road_loopA_r1,3709.9,3822.9,113.0,1297.4,41.3,0
1806,car,4.5,road_loopA_f0,xloopA_0Ab,3747.8,3823.3,75.5,505.1,24.1,1
1752,car,4.5,road_loopA_r0,road_loopA_r1,3699.8,3823.6,123.8,1297.7,37.7,0
1745,car,4.5,road_loopA_f0,road_loopA_f1,3693.3,3824.0,130.7,1302.9,35.9,1
1751,car,4.5,road_loopA_f0,road_loopA_f1,3697.9,3824.0,126.1,1303.3,37.2,1
1662,bus,11.0,road_loopA_r0,road_loopA_r1,3623.5,3825.0,201.5,1297.6,23.2,3
1788,car,4.5,road_loopA_r0,road_loopA_r1,3731.4,3825.2,93.8,1298.3,49.8,0
1770,suv,4.8,road_loopA_r0,road_loopA_r1,3712.3,3825.3,113.0,1297.9,41.4,0
1799,suv,4.8,road_loopA_r0,xloopA_0Bb,3741.3,3825.8,84.5,895.8,38.2,0
1816,suv,4.8,road_loopA_f0,xloopA_0Ab,3758.1,3825.9,67.8,504.9,26.8,1
1757,car,4.5,road_loopA_f0,road_loopA_f1,3701.2,3826.0,124.8,1302.9,37.6,1
1749,truck,8.5,road_loopA_f0,road_loopA_f1,3697.0,3826.1,129.1,1302.8,36.3,1
1773,suv,4.8,road_loopA_r0,road_loopA_r1,3715.8,3826.1,110.3,1298.4,42.4,0
1769,suv,4.8,road_loopA_f0,road_loopA_f1,3710.9,3827.7,116.8,1304.2,40.2,1
1791,suv,4.8,road_loopA_r0,road_loopA_r1,3732.7,3828.1,95.4,1297.8,49.0,0
1756,suv,4.8,road_loopA_f0,road_loopA_f1,3700.4,3828.2,127.8,1303.9,36.7,1
1833,suv,4.8,road_loopA_f0,xloopA_0Ab,3775.4,3828.8,53.4,505.5,34.1,0
1781,car,4.5,road_loopA_f0,road_loopA_f1,3725.1,3829.6,104.5,1303.9,44.9,0
1774,car,4.5,road_loopA_f0,road_loopA_f1,3716.1,3829.7,113.6,1303.6,41.3,1
1758,car,4.5,road_loopA_f0,road_loopA_f1,3701.7,3830.0,128.3,1304.2,36.6,1
1795,suv,4.8,road_loopA_r0,road_loopA_r1,3736.3,3830.2,93.9,1298.1,49.8,0
1797,car,4.5,road_loopA_r0,road_loopA_r1,3740.0,3832.0,92.0,1297.9,50.8,0
1778,suv,4.8,road_loopA_f0,road_loopA_f1,3723.7,3834.5,110.8,1303.0,42.3,0
1789,car,4.5,road_loopA_f0,road_loopA_f1,3731.8,3835.1,103.3,1303.6,45.4,0
1759,car,4.5,road_loopA_f0,road_loopA_f1,3702.4,3835.2,132.8,1303.9,35.4,1
1782,suv,4.8,road_loopA_f0,road_loopA_f1,3725.1,3836.2,111.1,1303.1,42.2,0
1677,car,4.5,xloopA_0Ba,xloopA_0Bb,3635.1,3836.3,201.2,84.4,1.5,1
1796,car,4.5,road_loopA_f0,road_loopA_f1,3736.8,3836.8,100.0,1303.4,46.9,0
1801,car,4.5,road_loopA_r0,road_loopA_r1,3744.5,3837.0,92.5,1297.5,50.5,0
1720,car,4.5,xloopA_0Aa,xloopA_0Ab,3667.6,3837.2,169.6,84.4,1.8,1
1786,car,4.5,road_loopA_f0,road_loopA_f1,3730.2,3838.0,107.8,1304.2,43.5,0
1798,suv,4.8,road_loopA_r0,road_loopA_r1,3740.2,3838.1,97.9,1298.5,47.8,0
1784,suv,4.8,road_loopA_r0,road_loopA_r1,3727.9,3839.0,111.1,1298.4,42.1,0
1726,car,4.5,xloopA_0Aa,xloopA_0Ab,3672.1,3839.3,167.2,84.0,1.8,1
1792,car,4.5,road_loopA_f0,road_loopA_f1,3733.4,3839.7,106.3,1303.1,44.1,0
1794,car,4.5,road_loopA_r0,road_loopA_r1,3734.8,3839.7,104.9,1297.4,44.5,0
1747,car,4.5,xloopA_0Ba,xloopA_0Bb,3694.7,3840.5,145.8,84.3,2.1,1
1775,suv,4.8,road_loopA_f0,road_loopA_f1,3717.3,3841.1,123.8,1303.1,37.9,0
1787,car,4.5,road_loopA_r0,road_loopA_r1,3730.3,3841.5,111.2,1297.9,42.0,0
1800,car,4.5,road_loopA_f0,road_loopA_f1,3743.8,3841.5,97.7,1303.9,48.0,0
1732,car,4.5,xloopA_0Aa,xloopA_0Ab,3678.1,3841.7,163.6,84.1,1.9,1
1761,car,4.5,xloopA_0Ba,xloopA_0Bb,3705.2,3843.9,138.7,84.1,2.2,0
1790,car,4.5,road_loopA_r0,road_loopA_r1,3732.2,3844.7,112.5,1297.3,41.5,0
1793,car,4.5,xloopA_0Aa,xloopA_0Ab,3733.8,3846.3,112.5,84.5,2.7,0
1763,car,4.5,xloopA_0Ba,xloopA_0Bb,3707.8,3846.6,138.8,84.2,2.2,0
1814,car,4.5,road_loopA_f0,road_loopA_f1,3757.8,3847.6,89.8,1303.7,52.3,0
1783,car,4.5,road_loopA_f0,road_loopA_f1,3727.2,3848.3,121.1,1303.8,38.8,0
1802,car,4.5,road_loopA_f0,road_loopA_f1,3745.0,3850.0,105.0,1304.0,44.7,0
1818,car,4.5,road_loopA_f0,road_loopA_f1,3758.6,3850.8,92.2,1303.7,50.9,0
1772,car,4.5,road_loopA_f0,road_loopA_f1,3715.5,3851.4,135.9,1303.2,34.5,0
1812,car,4.5,road_loopA_f0,road_loopA_f1,3756.9,3853.1,96.2,1303.4,48.8,0
1815,suv,4.8,road_loopA_f0,road_loopA_f1,3758.1,3853.4,95.3,1303.1,49.2,0
1827,suv,4.8,road_loopA_f0,road_loopA_f1,3767.3,3859.1,91.8,1303.7,51.1,0
1825,car,4.5,road_loopA_f0,road_loopA_f1,3765.1,3859.9,94.8,1304.0,49.5,0
1849,car,4.5,road_loopA_f0,xloopA_0Bb,3788.4,3860.2,71.8,478.7,24.0,2
1829,suv,4.8,road_loopA_f0,road_loopA_f1,3769.9,3861.5,91.6,1302.9,51.2,0
1857,car,4.5,road_loopA_f0,xloopA_0Bb,3797.4,3863.9,66.5,478.8,25.9,2
1836,car,4.5,road_loopA_f0,road_loopA_f1,3777.4,3866.8,89.4,1303.1,52.5,0
1902,car,4.5,road_loopA_f0,xloopA_0Bb,3829.0,3874.8,45.8,478.8,37.6,0
1808,suv,4.8,road_loopA_r0,road_loopA_r1,3749.7,3880.2,130.5,1298.2,35.8,1
1846,suv,4.8,road_loopA_r0,xloopA_0Ab,3786.8,3881.1,94.3,869.4,33.2,1
1805,suv,4.8,road_loopA_r0,road_loopA_r1,3746.4,3882.8,136.4,1297.8,34.3,1
1811,car,4.5,road_loopA_r0,road_loopA_r1,3756.8,3884.5,127.7,1297.7,36.6,1
1803,truck,8.5,road_loopA_r0,road_loopA_r1,3745.9,3885.0,139.1,1297.6,33.6,1
1817,car,4.5,road_loopA_r0,road_loopA_r1,3758.2,3885.7,127.5,1297.8,36.7,1
1820,car,4.5,road_loopA_r0,road_loopA_r1,3760.1,3887.5,127.4,1298.1,36.7,1
1823,suv,4.8,road_loopA_r0,road_loopA_r1,3762.1,3889.3,127.2,1297.4,36.7,1
1826,car,4.5,road_loopA_r0,road_loopA_r1,3765.8,3891.1,125.3,1297.3,37.3,1
1929,car,4.5,road_loopA_f0,xloopA_0Bb,3849.3,3892.3,43.0,478.7,40.0,0
1828,car,4.5,road_loopA_r0,road_loopA_r1,3768.0,3892.8,124.8,1297.9,37.4,1
1872,car,4.5,xloopA_0Ba,road_loopA_r1,3809.4,3893.0,83.6,476.9,20.5,0
1813,car,4.5,road_loopA_r0,road_loopA_r1,3757.6,3894.1,136.5,1297.8,34.2,1
1804,car,4.5,road_loopA_r0,road_loopA_r1,3746.1,3894.7,148.6,1297.8,31.4,1
1830,suv,4.8,road_loopA_r0,road_loopA_r1,3773.2,3894.7,121.5,1298.5,38.5,1
1932,car,4.5,road_loopA_f0,xloopA_0Bb,3852.5,3895.1,42.6,479.2,40.5,0
1810,car,4.5,road_loopA_r0,road_loopA_r1,3755.2,3896.4,141.2,1298.0,33.1,1
1832,car,4.5,road_loopA_r0,road_loopA_r1,3775.0,3896.4,121.4,1297.5,38.5,1
1819,suv,4.8,road_loopA_r0,road_loopA_r1,3759.3,3898.2,138.9,1298.1,33.6,1
1764,bus,11.0,road_loopA_f0,road_loopA_f1,3707.9,3898.8,190.9,1303.1,24.6,3
1822,car,4.5,road_loopA_r0,road_loopA_r1,3761.2,3899.9,138.7,1297.6,33.7,1
1835,car,4.5,road_loopA_r0,road_loopA_r1,3776.5,3900.1,123.6,1298.1,37.8,1
1944,car,4.5,road_loopA_f0,xloopA_0Bb,3860.1,3900.5,40.4,478.5,42.6,0
1824,car,4.5,road_loopA_r0,road_loopA_r1,3764.5,3901.7,137.2,1298.1,34.0,1
1840,car,4.5,road_loopA_r0,road_loopA_r1,3783.7,3902.4,118.7,1298.3,39.4,0
1831,car,4.5,road_loopA_r0,road_loopA_r1,3774.2,3903.5,129.3,1297.7,36.1,1
1851,car,4.5,road_loopA_r0,road_loopA_r1,3790.8,3904.1,113.3,1298.1,41.2,0
1838,car,4.5,road_loopA_f0,road_loopA_f1,3779.7,3904.9,125.2,1303.8,37.5,1
1834,car,4.5,road_loopA_r0,road_loopA_r1,3775.8,3905.5,129.7,1298.4,36.0,1
1839,car,4.5,road_loopA_r0,road_loopA_r1,3782.1,3907.2,125.1,1297.3,37.3,1
1853,suv,4.8,road_loopA_r0,road_loopA_r1,3792.6,3908.1,115.5,1298.0,40.5,0
1848,car,4.5,road_loopA_f0,road_loopA_f1,3788.0,3908.5,120.5,1303.1,38.9,1
1856,suv,4.8,road_loopA_r0,road_loopA_r1,3796.5,3908.6,112.1,1298.2,41.7,0
1837,car,4.5,road_loopA_f0,road_loopA_f1,3779.4,3909.0,129.6,1302.8,36.2,1
1842,car,4.5,road_loopA_r0,road_loopA_r1,3783.9,3909.1,125.2,1298.6,37.3,0
1875,suv,4.8,road_loopA_r0,road_loopA_r1,3810.3,3909.8,99.5,1298.1,47.0,0
1865,car,4.5,road_loopA_r0,road_loopA_r1,3803.7,3911.3,107.6,1297.7,43.4,0
1841,truck,8.5,road_loopA_r0,road_loopA_r1,3783.7,3911.8,128.1,1297.7,36.5,0
1845,car,4.5,road_loopA_f0,road_loopA_f1,3786.8,3912.4,125.6,1304.2,37.4,1
1874,car,4.5,road_loopA_r0,road_loopA_r1,3810.3,3912.4,102.1,1298.0,45.8,0
1844,car,4.5,road_loopA_f0,road_loopA_f1,3785.2,3912.6,127.4,1302.9,36.8,1
1870,car,4.5,road_loopA_r0,road_loopA_r1,3806.0,3913.2,107.2,1298.2,43.6,0
1859,bus,11.0,road_loopA_r0,road_loopA_r1,3798.1,3913.7,115.6,1297.3,40.4,0
1855,suv,4.8,road_loopA_r0,road_loopA_r1,3795.0,3913.9,118.9,1298.3,39.3,0
1881,suv,4.8,road_loopA_r0,road_loopA_r1,3815.8,3915.1,99.3,1298.7,47.1,0
1887,car,4.5,road_loopA_r0,road_loopA_r1,3819.4,3915.6,96.2,1297.3,48.5,0
1862,car,4.5,road_loopA_r0,road_loopA_r1,3801.9,3915.7,113.8,1297.6,41.0,0
1864,car,4.5,road_loopA_f0,road_loopA_f1,3803.6,3915.9,112.3,1302.8,41.8,1
1897,car,4.5,road_loopA_f0,xloopA_0Ab,3826.1,3916.8,90.7,505.2,20.1,1
1867,suv,4.8,road_loopA_f0,road_loopA_f1,3804.8,3917.4,112.6,1303.2,41.7,0
1883,car,4.5,road_loopA_r0,road_loopA_r1,3816.8,3917.5,100.7,1298.3,46.4,0
1868,car,4.5,road_loopA_r0,road_loopA_r1,3805.7,3917.6,111.9,1298.5,41.8,0
1880,car,4.5,road_loopA_f0,road_loopA_f1,3815.7,3919.1,103.4,1302.9,45.3,0
1925,suv,4.8,road_loopA_f0,xloopA_0Ab,3842.7,3919.4,76.7,504.9,23.7,1
1888,car,4.5,road_loopA_r0,road_loopA_r1,3820.4,3919.6,99.2,1298.0,47.1,0
1877,car,4.5,road_loopA_r0,road_loopA_r1,3811.7,3919.7,108.0,1298.3,43.3,0
1861,car,4.5,road_loopA_f0,road_loopA_f1,3801.5,3920.2,118.7,1304.0,39.6,1
1895,car,4.5,road_loopA_r0,road_loopA_r1,3825.2,3921.4,96.2,1298.3,48.6,0
1894,car,4.5,road_loopA_r0,road_loopA_r1,3825.1,3921.5,96.4,1298.2,48.5,0
1898,car,4.5,road_loopA_r0,road_loopA_r1,3826.3,3923.3,97.0,1298.3,48.2,0
1903,suv,4.8,road_loopA_r0,road_loopA_r1,3829.9,3923.3,93.4,1297.3,50.0,0
1962,suv,4.8,road_loopA_f0,xloopA_0Ab,3875.6,3923.3,47.7,505.6,38.1,0
1847,car,4.5,road_loopA_f0,road_loopA_f1,3787.1,3923.4,136.3,1303.9,34.4,1
1866,car,4.5,road_loopA_f0,road_loopA_f1,3804.3,3923.8,119.5,1304.2,39.3,1
1899,car,4.5,road_loopA_r0,road_loopA_r1,3826.8,3925.4,98.6,1297.8,47.4,0
1885,suv,4.8,road_loopA_f0,road_loopA_f1,3818.8,3925.8,107.0,1303.5,43.8,0
1852,suv,4.8,road_loopA_f0,road_loopA_f1,3791.9,3925.9,134.0,1303.2,35.0,1
1876,car,4.5,road_loopA_f0,road_loopA_f1,3810.3,3929.9,119.6,1303.3,39.2,1
1909,car,4.5,road_loopA_r0,road_loopA_r1,3833.1,3930.3,97.2,1297.7,48.1,0
1911,car,4.5,road_loopA_r0,road_loopA_r1,3833.5,3930.8,97.3,1298.0,48.0,0
1906,car,4.5,xloopA_0Ba,xloopA_0Bb,3832.8,3931.5,98.7,84.5,3.1,1
1891,car,4.5,road_loopA_f0,road_loopA_f1,3822.3,3931.6,109.3,1302.9,42.9,0
1900,car,4.5,road_loopA_r0,road_loopA_r1,3827.5,3931.7,104.2,1298.1,44.8,0
1858,bus,11.0,road_loopA_r0,road_loopA_r1,3797.8,3932.0,134.2,1297.6,34.8,1
1809,car,4.5,xloopA_0Aa,xloopA_0Ab,3753.3,3932.2,178.9,84.6,1.7,1
1854,car,4.5,road_loopA_f0,road_loopA_f1,3794.8,3932.9,138.1,1303.4,34.0,1
1893,car,4.5,road_loopA_f0,road_loopA_f1,3824.1,3933.0,108.9,1302.8,43.1,0
1920,car,4.5,road_loopA_r0,road_loopA_r1,3840.9,3933.3,92.4,1297.6,50.5,0
1924,suv,4.8,road_loopA_r0,road_loopA_r1,3842.3,3933.4,91.1,1297.3,51.2,0
1908,car,4.5,road_loopA_r0,road_loopA_r1,3833.0,3934.1,101.1,1297.4,46.2,0
1889,car,4.5,road_loopA_f0,road_loopA_f1,3820.8,3934.2,113.4,1303.1,41.4,0
1871,suv,4.8,road_loopA_f0,road_loopA_f1,3808.4,3934.7,126.3,1303.0,37.1,0
1882,suv,4.8,road_loopA_f0,road_loopA_f1,3816.2,3935.4,119.2,1302.9,39.4,0
1914,car,4.5,road_loopA_f0,road_loopA_f1,3834.9,3937.1,102.2,1303.9,45.9,0
1890,car,4.5,road_loopA_f0,road_loopA_f1,3821.0,3937.2,116.2,1304.2,40.4,0
1918,car,4.5,road_loopA_f0,road_loopA_f1,3839.8,3938.5,98.7,1302.9,47.5,0
1850,car,4.5,xloopA_0Aa,xloopA_0Ab,3789.5,3939.2,149.7,84.0,2.0,1
1884,truck,8.5,road_loopA_r0,road_loopA_r1,3818.0,3939.6,121.6,1298.3,38.4,0
1922,suv,4.8,road_loopA_f0,road_loopA_f1,3841.7,3940.0,98.3,1304.1,47.8,0
1879,suv,4.8,road_loopA_f0,road_loopA_f1,3814.6,3940.2,125.6,1304.1,37.4,1
1896,suv,4.8,road_loopA_f0,road_loopA_f1,3825.4,3941.3,115.9,1303.6,40.5,0
1860,car,4.5,xloopA_0Aa,xloopA_0Ab,3800.6,3941.6,141.0,84.6,2.2,0
1923,suv,4.8,road_loopA_f0,road_loopA_f1,3842.1,3941.8,99.7,1303.1,47.0,0
1740,car,4.5,xloopA_0Ba,road_loopA_f1,3690.8,3942.7,251.9,902.8,12.9,1
1863,car,4.5,xloopA_0Aa,xloopA_0Ab,3801.9,3943.6,141.7,84.6,2.2,0
1926,suv,4.8,road_loopA_f0,road_loopA_f1,3844.5,3943.9,99.4,1303.8,47.2,0
1869,truck,8.5,road_loopA_f0,road_loopA_f1,3805.9,3944.9,139.0,1303.7,33.8,1
1905,truck,8.5,road_loopA_f0,road_loopA_f1,3832.6,3945.3,112.7,1303.8,41.6,0
1930,car,4.5,road_loopA_f0,road_loopA_f1,3850.0,3945.8,95.8,1303.8,49.0,0
1913,car,4.5,road_loopA_f0,road_loopA_f1,3834.9,3946.6,111.7,1302.8,42.0,0
1934,suv,4.8,road_loopA_f0,road_loopA_f1,3852.7,3947.7,95.0,1303.6,49.4,0
1915,car,4.5,road_loopA_f0,road_loopA_f1,3836.0,3948.5,112.5,1303.6,41.7,0
1936,truck,8.5,road_loopA_f0,road_loopA_f1,3853.9,3949.8,95.9,1303.7,48.9,0
1919,suv,4.8,road_loopA_f0,road_loopA_f1,3839.8,3950.0,110.2,1303.8,42.6,0
1935,car,4.5,road_loopA_f0,road_loopA_f1,3852.7,3951.6,98.9,1303.7,47.5,0
1940,car,4.5,road_loopA_f0,road_loopA_f1,3856.2,3951.8,95.6,1303.5,49.1,0
1939,car,4.5,road_loopA_f0,road_loopA_f1,3855.7,3953.4,97.7,1303.8,48.0,0
1901,suv,4.8,road_loopA_r0,xloopA_0Ab,3827.5,3954.4,126.9,869.4,24.7,2
1938,suv,4.8,road_loopA_f0,road_loopA_f1,3855.2,3954.5,99.3,1303.0,47.2,0
1987,car,4.5,road_loopA_f0,xloopA_0Bb,3895.0,3955.2,60.2,478.5,28.6,2
1807,car,4.5,xloopA_0Aa,road_loopA_f1,3749.1,3956.5,207.4,872.5,15.1,0
1937,suv,4.8,road_loopA_f0,road_loopA_f1,3854.0,3956.7,102.7,1303.9,45.7,0
1886,car,4.5,road_loopA_f0,road_loopA_f1,3818.8,3957.3,138.5,1304.1,33.9,0
1878,car,4.5,road_loopA_f0,road_loopA_f1,3814.1,3958.1,144.0,1303.0,32.6,0
1910,car,4.5,road_loopA_f0,road_loopA_f1,3833.3,3958.4,125.1,1303.5,37.5,0
2006,car,4.5,road_loopA_f0,xloopA_0Bb,3906.5,3958.9,52.4,478.8,32.9,1
1892,car,4.5,road_loopA_f0,road_loopA_f1,3822.9,3959.2,136.3,1304.0,34.4,0
1907,car,4.5,road_loopA_f0,road_loopA_f1,3832.7,3960.1,127.4,1303.9,36.8,0
1948,suv,4.8,road_loopA_f0,road_loopA_f1,3864.6,3960.1,95.5,1303.1,49.1,0
1952,suv,4.8,road_loopA_f0,road_loopA_f1,3867.4,3961.9,94.5,1304.1,49.7,0
1942,truck,8.5,road_loopA_f0,road_loopA_f1,3857.9,3963.4,105.5,1303.8,44.5,0
1941,suv,4.8,road_loopA_f0,road_loopA_f1,3857.8,3965.0,107.2,1303.3,43.8,0
1947,suv,4.8,road_loopA_f0,road_loopA_f1,3863.3,3965.5,102.2,1303.7,45.9,0
1956,suv,4.8,road_loopA_f0,road_loopA_f1,3869.6,3967.3,97.7,1304.1,48.0,0
1945,suv,4.8,road_loopA_f0,road_loopA_f1,3861.6,3967.4,105.8,1303.7,44.3,0
1921,car,4.5,road_loopA_r0,road_loopA_r1,3841.2,3971.4,130.2,1297.5,35.9,1
1931,car,4.5,road_loopA_r0,road_loopA_r1,3851.0,3974.7,123.7,1297.4,37.8,1
1954,car,4.5,road_loopA_r0,road_loopA_r1,3869.1,3977.6,108.5,1297.8,43.1,1
1904,car,4.5,road_loopA_r0,road_loopA_r1,3832.1,3982.3,150.2,1298.2,31.1,1
1943,suv,4.8,road_loopA_r0,road_loopA_r1,3858.8,3983.3,124.5,1298.2,37.5,1
1927,truck,8.5,road_loopA_r0,road_loopA_r1,3846.2,3985.0,138.8,1298.0,33.7,1
1958,suv,4.8,road_loopA_r0,road_loopA_r1,3871.4,3985.0,113.6,1297.4,41.1,1
1917,car,4.5,xloopA_0Ba,road_loopA_r1,3838.1,3987.8,149.7,476.9,11.5,1
1933,car,4.5,road_loopA_r0,road_loopA_r1,3852.6,3987.9,135.3,1298.2,34.5,1
1951,car,4.5,road_loopA_r0,road_loopA_r1,3865.9,3989.5,123.6,1298.2,37.8,0
1970,car,4.5,road_loopA_r0,road_loopA_r1,3880.6,3990.7,110.1,1297.7,42.4,0
1843,car,4.5,xloopA_0Aa,road_loopA_r1,3784.0,3991.7,207.7,506.6,8.8,1
1991,car,4.5,road_loopA_r0,road_loopA_r1,3895.9,3992.2,96.3,1298.1,48.5,0
1949,car,4.5,road_loopA_r0,road_loopA_r1,3864.8,3993.8,129.0,1297.3,36.2,0
1983,suv,4.8,road_loopA_r0,road_loopA_r1,3893.1,3993.8,100.7,1298.1,46.4,0
1966,car,4.5,road_loopA_r0,road_loopA_r1,3878.8,3995.0,116.2,1298.1,40.2,0
1994,suv,4.8,road_loopA_r0,road_loopA_r1,3899.8,3995.1,95.3,1297.9,49.0,0
1971,car,4.5,road_loopA_r0,road_loopA_r1,3883.0,3996.2,113.2,1298.2,41.3,0
1976,car,4.5,road_loopA_r0,road_loopA_r1,3887.7,3997.9,110.2,1297.4,42.4,0
1980,car,4.5,road_loopA_r0,road_loopA_r1,3890.7,3998.1,107.4,1298.5,43.5,0
1959,suv,4.8,road_loopA_f0,road_loopA_f1,3871.9,3998.2,126.3,1303.0,37.1,1
1873,bus,11.0,road_loopA_f0,road_loopA_f1,3810.2,3999.2,189.0,1303.2,24.8,2
1979,car,4.5,road_loopA_r0,road_loopA_r1,3890.3,3999.7,109.4,1297.6,42.7,0
1960,suv,4.8,road_loopA_f0,road_loopA_f1,3873.3,3999.8,126.5,1303.7,37.1,1
1998,suv,4.8,road_loopA_r0,road_loopA_r1,3901.6,3999.8,98.2,1297.7,47.5,0
1928,car,4.5,xloopA_0Ba,road_loopA_r1,3848.6,4000.6,152.0,476.3,11.3,1
1977,suv,4.8,road_loopA_r0,road_loopA_r1,3888.0,4001.5,113.5,1297.7,41.2,0
1916,car,4.5,road_loopA_r0,road_loopA_r1,3837.8,4002.3,164.5,1297.5,28.4,1
1967,car,4.5,road_loopA_f0,road_loopA_f1,3879.1,4002.9,123.8,1303.3,37.9,1
1978,suv,4.8,road_loopA_r0,road_loopA_r1,3888.4,4003.3,114.9,1298.4,40.7,0
1975,car,4.5,road_loopA_r0,road_loopA_r1,3887.5,4003.7,116.2,1298.1,40.2,0
1953,suv,4.8,road_loopA_r0,road_loopA_r1,3867.9,4004.0,136.1,1298.3,34.3,1
1964,car,4.5,road_loopA_f0,road_loopA_f1,3877.6,4004.0,126.4,1303.3,37.1,1
1995,car,4.5,road_loopA_r0,road_loopA_r1,3901.0,4005.1,104.1,1297.5,44.9,0
1985,suv,4.8,road_loopA_r0,road_loopA_r1,3894.2,4005.4,111.2,1298.2,42.0,0
1984,car,4.5,road_loopA_f0,road_loopA_f1,3893.9,4005.7,111.8,1303.6,42.0,1
1957,truck,8.5,road_loopA_r0,road_loopA_r1,3870.2,4006.2,136.0,1297.4,34.3,0
1990,car,4.5,road_loopA_r0,road_loopA_r1,3895.8,4007.2,111.4,1298.2,41.9,0
1982,car,4.5,road_loopA_f0,road_loopA_f1,3892.0,4007.5,115.5,1303.5,40.6,1
2007,car,4.5,road_loopA_r0,road_loopA_r1,3906.7,4007.9,101.2,1298.4,46.2,0
1986,car,4.5,road_loopA_r0,road_loopA_r1,3894.3,4008.2,113.9,1297.8,41.0,0
1955,car,4.5,road_loopA_f0,road_loopA_f1,3869.4,4009.2,139.8,1303.2,33.6,1
1988,truck,8.5,road_loopA_r0,road_loopA_r1,3895.2,4009.3,114.1,1297.7,41.0,0
1961,suv,4.8,road_loopA_r0,xloopA_0Bb,3873.9,4009.8,135.9,895.9,23.7,1
1997,suv,4.8,road_loopA_f0,xloopA_0Ab,3901.5,4010.4,108.9,505.5,16.7,1
1973,car,4.5,road_loopA_r0,road_loopA_r1,3886.3,4010.5,124.2,1297.6,37.6,0
1989,car,4.5,road_loopA_f0,road_loopA_f1,3895.7,4010.8,115.1,1303.1,40.7,1
1965,car,4.5,road_loopA_f0,road_loopA_f1,3877.9,4010.9,133.0,1303.2,35.3,1
2002,car,4.5,road_loopA_r0,road_loopA_r1,3904.5,4011.9,107.4,1298.5,43.5,0
2003,car,4.5,road_loopA_r0,xloopA_0Bb,3905.2,4012.4,107.2,895.6,30.1,1
2005,suv,4.8,road_loopA_f0,xloopA_0Ab,3905.9,4013.0,107.1,505.3,17.0,1
1972,truck,8.5,road_loopA_f0,road_loopA_f1,3883.1,4013.1,130.0,1303.7,36.1,1
1993,suv,4.8,road_loopA_f0,road_loopA_f1,3898.0,4013.3,115.3,1303.5,40.7,1
1992,car,4.5,road_loopA_f0,road_loopA_f1,3896.5,4013.6,117.1,1304.0,40.1,1
2012,car,4.5,road_loopA_r0,road_loopA_r1,3911.0,4013.7,102.7,1298.5,45.5,0
2009,car,4.5,road_loopA_r0,road_loopA_r1,3908.2,4015.1,106.9,1298.1,43.7,0
2000,car,4.5,road_loopA_f0,road_loopA_f1,3903.0,4015.2,112.2,1303.2,41.8,1
2022,suv,4.8,road_loopA_r0,road_loopA_r1,3918.5,4015.4,96.9,1298.2,48.3,0
2041,car,4.5,road_loopA_f0,xloopA_0Ab,3942.1,4015.7,73.6,505.2,24.7,1
1999,car,4.5,road_loopA_f0,road_loopA_f1,3902.3,4015.8,113.5,1303.4,41.3,1
2008,car,4.5,road_loopA_f0,road_loopA_f1,3906.9,4016.9,110.0,1303.0,42.7,0
1981,suv,4.8,road_loopA_f0,road_loopA_f1,3891.3,4017.2,125.9,1303.1,37.3,1
2017,car,4.5,road_loopA_r0,road_loopA_r1,3915.0,4017.3,102.3,1297.4,45.6,0
2020,car,4.5,road_loopA_r0,road_loopA_r1,3917.8,4017.7,99.9,1297.5,46.8,0
1950,bus,11.0,road_loopA_r0,road_loopA_r1,3865.6,4017.8,152.2,1298.1,30.7,2
1996,car,4.5,road_loopA_f0,road_loopA_f1,3901.3,4018.4,117.1,1304.1,40.1,1
2070,car,4.5,road_loopA_f0,xloopA_0Ab,3961.6,4018.6,57.0,505.3,31.9,0
2011,car,4.5,road_loopA_f0,road_loopA_f1,3910.4,4020.2,109.8,1303.7,42.7,0
2021,car,4.5,road_loopA_f0,road_loopA_f1,3918.0,4020.3,102.3,1303.4,45.9,0
2026,car,4.5,road_loopA_r0,road_loopA_r1,3923.5,4020.5,97.0,1298.3,48.2,0
2018,suv,4.8,road_loopA_f0,road_loopA_f1,3915.7,4022.0,106.3,1303.6,44.2,0
2032,car,4.5,road_loopA_r0,road_loopA_r1,3926.7,4022.2,95.5,1297.9,49.0,0
2023,suv,4.8,road_loopA_f0,road_loopA_f1,3920.5,4022.9,102.4,1303.1,45.8,0
2031,suv,4.8,road_loopA_r0,road_loopA_r1,3925.3,4023.8,98.5,1298.1,47.5,0
2001,truck,8.5,road_loopA_f0,road_loopA_f1,3902.9,4024.0,121.1,1303.8,38.8,0
2024,car,4.5,road_loopA_f0,road_loopA_f1,3921.1,4024.2,103.1,1303.2,45.5,0
2010,suv,4.8,road_loopA_f0,road_loopA_f1,3908.4,4025.0,116.6,1302.9,40.2,0
2025,car,4.5,road_loopA_r0,road_loopA_r1,3921.9,4025.6,103.7,1298.0,45.1,0
2004,car,4.5,road_loopA_r0,road_loopA_r1,3905.4,4026.2,120.8,1298.0,38.7,0
2033,car,4.5,road_loopA_f0,road_loopA_f1,3928.1,4026.2,98.1,1303.7,47.9,0
2028,car,4.5,road_loopA_f0,road_loopA_f1,3924.4,4026.3,101.9,1303.5,46.1,0
2013,suv,4.8,road_loopA_f0,road_loopA_f1,3914.1,4026.7,112.6,1303.2,41.7,0
1946,car,4.5,xloopA_0Aa,xloopA_0Ab,3862.0,4027.5,165.5,84.1,1.8,1
2034,car,4.5,road_loopA_f0,road_loopA_f1,3931.4,4028.0,96.6,1302.8,48.6,0
2049,car,4.5,xloopA_0Ba,xloopA_0Bb,3946.8,4029.5,82.7,84.3,3.7,1
1963,car,4.5,xloopA_0Aa,xloopA_0Ab,3877.7,4029.8,152.1,84.4,2.0,1
2037,car,4.5,road_loopA_f0,road_loopA_f1,3935.8,4029.9,94.1,1303.1,49.9,0
2039,car,4.5,road_loopA_f0,road_loopA_f1,3938.1,4032.6,94.5,1302.9,49.7,0
2038,car,4.5,road_loopA_f0,road_loopA_f1,3936.7,4033.7,97.0,1303.0,48.3,0
2019,car,4.5,road_loopA_f0,road_loopA_f1,3917.8,4034.5,116.7,1303.5,40.2,0
2030,car,4.5,road_loopA_f0,road_loopA_f1,3924.8,4035.5,110.7,1303.0,42.4,0
2048,suv,4.8,road_loopA_f0,road_loopA_f1,3946.7,4036.3,89.6,1303.0,52.3,0
1974,car,4.5,xloopA_0Aa,xloopA_0Ab,3887.4,4036.3,148.9,84.0,2.0,0
2043,car,4.5,road_loopA_f0,road_loopA_f1,3943.8,4037.5,93.7,1303.2,50.1,0
2047,car,4.5,road_loopA_f0,road_loopA_f1,3946.4,4039.0,92.6,1303.6,50.7,0
2053,car,4.5,road_loopA_f0,road_loopA_f1,3949.1,4040.9,91.8,1303.2,51.1,0
2054,car,4.5,road_loopA_f0,road_loopA_f1,3950.8,4042.7,91.9,1304.2,51.1,0
2061,car,4.5,road_loopA_f0,road_loopA_f1,3954.1,4045.3,91.2,1303.6,51.5,0
2057,suv,4.8,road_loopA_f0,road_loopA_f1,3952.8,4046.6,93.8,1304.1,50.0,0
2071,suv,4.8,road_loopA_f0,xloopA_0Bb,3963.2,4049.3,86.1,479.1,20.0,2
2060,car,4.5,road_loopA_f0,road_loopA_f1,3953.8,4049.8,96.0,1302.8,48.8,0
2066,car,4.5,road_loopA_f0,road_loopA_f1,3957.1,4050.6,93.5,1304.0,50.2,0
2062,car,4.5,road_loopA_f0,road_loopA_f1,3954.2,4051.6,97.4,1303.0,48.1,0
2027,car,4.5,road_loopA_f0,road_loopA_f1,3924.4,4052.9,128.5,1302.9,36.5,0
2077,car,4.5,road_loopA_f0,xloopA_0Bb,3968.3,4052.9,84.6,478.5,20.4,2
2050,car,4.5,road_loopA_f0,road_loopA_f1,3947.8,4054.4,106.6,1303.0,44.0,0
2042,car,4.5,road_loopA_f0,road_loopA_f1,3942.6,4054.6,112.0,1303.2,41.9,0
2044,car,4.5,road_loopA_f0,road_loopA_f1,3945.1,4056.3,111.2,1304.0,42.2,0
2064,car,4.5,road_loopA_f0,road_loopA_f1,3956.3,4056.8,100.5,1303.5,46.7,0
2067,car,4.5,road_loopA_f0,road_loopA_f1,3957.7,4063.8,106.1,1303.8,44.2,0
2129,suv,4.8,road_loopA_f0,xloopA_0Bb,4024.7,4066.0,41.3,478.9,41.8,0
2014,suv,4.8,road_loopA_r0,road_loopA_r1,3914.4,4077.0,162.6,1297.5,28.7,1
1912,car,4.5,xloopA_0Aa,road_loopA_r1,3834.1,4077.0,242.9,507.1,7.5,1
2040,car,4.5,road_loopA_r0,road_loopA_r1,3940.0,4078.7,138.7,1297.8,33.7,1
1968,car,4.5,xloopA_0Aa,road_loopA_r1,3879.7,4080.3,200.6,507.0,9.1,0
2063,car,4.5,road_loopA_r0,road_loopA_r1,3954.7,4080.4,125.7,1297.9,37.2,1
2035,car,4.5,road_loopA_r0,road_loopA_r1,3934.0,4080.9,146.9,1297.7,31.8,1
2068,truck,8.5,road_loopA_r0,road_loopA_r1,3959.0,4082.6,123.6,1298.3,37.8,1
2052,car,4.5,road_loopA_r0,road_loopA_r1,3948.6,4082.8,134.2,1298.2,34.8,1
2058,car,4.5,road_loopA_r0,road_loopA_r1,3953.0,4084.6,131.6,1297.9,35.5,1
2085,car,4.5,road_loopA_r0,road_loopA_r1,3977.2,4084.6,107.4,1298.3,43.5,0
1969,car,4.5,xloopA_0Ba,road_loopA_r1,3880.7,4085.3,204.6,476.8,8.4,1
2082,car,4.5,road_loopA_r0,road_loopA_r1,3973.5,4086.3,112.8,1297.4,41.4,0
2089,truck,8.5,road_loopA_r0,road_loopA_r1,3980.9,4086.8,105.9,1297.9,44.1,0
2059,suv,4.8,road_loopA_r0,road_loopA_r1,3952.9,4088.2,135.3,1297.9,34.5,1
2098,car,4.5,road_loopA_r0,road_loopA_r1,3992.0,4088.9,96.9,1298.3,48.3,0
2094,car,4.5,xloopA_0Ba,road_loopA_r1,3988.4,4089.8,101.4,476.7,16.9,0
2100,suv,4.8,road_loopA_r0,road_loopA_r1,3993.1,4090.0,96.9,1297.7,48.2,0
2104,car,4.5,road_loopA_r0,road_loopA_r1,3999.4,4090.7,91.3,1298.5,51.2,0
2036,car,4.5,road_loopA_r0,road_loopA_r1,3934.7,4091.5,156.8,1297.8,29.8,1
2084,car,4.5,road_loopA_r0,road_loopA_r1,3974.2,4091.8,117.6,1297.5,39.7,0
2075,car,4.5,road_loopA_f0,road_loopA_f1,3965.3,4091.9,126.6,1303.5,37.1,1
2046,suv,4.8,road_loopA_r0,road_loopA_r1,3946.4,4093.2,146.8,1298.3,31.8,1
2088,suv,4.8,road_loopA_r0,road_loopA_r1,3980.4,4093.5,113.1,1297.5,41.3,0
2154,car,4.5,road_loopA_f0,xloopA_0Bb,4050.3,4093.7,43.4,478.8,39.8,0
2056,car,4.5,road_loopA_r0,road_loopA_r1,3952.7,4094.9,142.2,1298.5,32.9,1
2087,car,4.5,road_loopA_r0,road_loopA_r1,3979.4,4095.3,115.9,1297.9,40.3,0
2095,car,4.5,road_loopA_r0,road_loopA_r1,3991.1,4096.3,105.2,1297.4,44.4,0
2065,car,4.5,road_loopA_r0,road_loopA_r1,3956.7,4096.5,139.8,1297.3,33.4,1
2111,car,4.5,road_loopA_r0,road_loopA_r1,4006.2,4098.1,91.9,1298.3,50.9,0
2073,car,4.5,road_loopA_r0,road_loopA_r1,3964.2,4098.3,134.1,1298.5,34.8,1
2096,car,4.5,road_loopA_f0,road_loopA_f1,3991.5,4098.7,107.2,1302.8,43.7,1
2083,car,4.5,road_loopA_f0,road_loopA_f1,3973.6,4099.1,125.5,1303.1,37.4,1
2115,car,4.5,road_loopA_r0,road_loopA_r1,4010.1,4100.0,89.9,1297.3,52.0,0
2109,truck,8.5,road_loopA_r0,road_loopA_r1,4005.4,4102.2,96.8,1298.0,48.3,0
2118,car,4.5,road_loopA_r0,road_loopA_r1,4012.1,4102.8,90.7,1298.6,51.6,0
2055,car,4.5,road_loopA_r0,xloopA_0Bb,3952.4,4103.2,150.8,895.5,21.4,1
2097,car,4.5,road_loopA_f0,road_loopA_f1,3991.5,4103.3,111.8,1304.2,42.0,1
2106,car,4.5,road_loopA_f0,road_loopA_f1,4000.9,4106.1,105.2,1304.0,44.6,0
2074,truck,8.5,road_loopA_r0,xloopA_0Bb,3965.1,4106.6,141.5,895.6,22.8,1
2113,suv,4.8,road_loopA_r0,road_loopA_r1,4007.0,4106.7,99.7,1298.1,46.9,0
2121,car,4.5,road_loopA_r0,road_loopA_r1,4015.1,4106.7,91.6,1297.9,51.0,0
2090,car,4.5,road_loopA_f0,road_loopA_f1,3982.7,4106.8,124.1,1302.9,37.8,1
2117,car,4.5,road_loopA_r0,road_loopA_r1,4012.0,4108.2,96.2,1297.8,48.6,0
2103,car,4.5,road_loopA_f0,road_loopA_f1,3998.5,4108.9,110.4,1303.0,42.5,0
2171,car,4.5,road_loopA_f0,xloopA_0Ab,4060.2,4109.4,49.2,505.1,36.9,0
2092,car,4.5,road_loopA_r0,xloopA_0Bb,3985.7,4109.6,123.9,895.4,26.0,1
2120,suv,4.8,road_loopA_f0,road_loopA_f1,4013.9,4111.3,97.4,1302.8,48.1,0
2114,car,4.5,road_loopA_f0,road_loopA_f1,4010.0,4111.8,101.8,1303.3,46.1,0
2110,suv,4.8,road_loopA_r0,xloopA_0Bb,4005.7,4112.4,106.7,896.0,30.2,1
2080,car,4.5,road_loopA_f0,road_loopA_f1,3972.7,4112.9,140.2,1304.0,33.5,1
2124,car,4.5,road_loopA_f0,road_loopA_f1,4019.4,4113.5,94.1,1302.9,49.9,0
2099,car,4.5,road_loopA_f0,road_loopA_f1,3992.1,4114.1,122.0,1303.9,38.5,1
2127,car,4.5,road_loopA_f0,road_loopA_f1,4021.4,4115.4,94.0,1303.6,49.9,0
2051,bus,11.0,road_loopA_r0,road_loopA_r1,3948.3,4115.5,167.2,1297.7,27.9,2
2102,car,4.5,road_loopA_f0,road_loopA_f1,3997.9,4115.9,118.0,1303.9,39.8,0
2130,suv,4.8,road_loopA_f0,road_loopA_f1,4025.3,4117.3,92.0,1303.0,51.0,0
2015,car,4.5,xloopA_0Aa,xloopA_0Ab,3914.7,4118.6,203.9,84.7,1.5,1
2131,car,4.5,xloopA_0Ba,xloopA_0Bb,4027.2,4118.9,91.7,84.5,3.3,1
2128,bus,11.0,road_loopA_r0,road_loopA_r1,4024.6,4119.1,94.5,1297.5,49.4,0
2119,car,4.5,road_loopA_f0,road_loopA_f1,4012.7,4120.4,107.7,1304.0,43.6,0
2133,suv,4.8,road_loopA_f0,road_loopA_f1,4029.6,4120.4,90.8,1302.8,51.6,0
2029,car,4.5,xloopA_0Aa,xloopA_0Ab,3924.6,4120.7,196.1,84.6,1.6,1
2126,car,4.5,road_loopA_f0,road_loopA_f1,4020.7,4121.6,100.9,1303.3,46.5,0
2135,car,4.5,road_loopA_f0,road_loopA_f1,4030.5,4122.3,91.8,1304.0,51.2,0
2112,truck,8.5,road_loopA_r0,road_loopA_r1,4006.1,4123.4,117.3,1297.3,39.8,0
2125,car,4.5,road_loopA_f0,road_loopA_f1,4020.0,4124.8,104.8,1303.9,44.8,0
2045,car,4.5,xloopA_0Aa,xloopA_0Ab,3946.4,4125.8,179.4,84.4,1.7,1
2107,car,4.5,road_loopA_f0,road_loopA_f1,4004.3,4126.9,122.6,1303.9,38.3,0
2069,car,4.5,xloopA_0Aa,xloopA_0Ab,3960.2,4127.8,167.6,84.0,1.8,0
2086,suv,4.8,road_loopA_f0,road_loopA_f1,3977.5,4128.3,150.8,1303.4,31.1,1
2142,car,4.5,road_loopA_f0,road_loopA_f1,4038.4,4129.8,91.4,1303.8,51.3,0
2078,car,4.5,xloopA_0Aa,xloopA_0Ab,3970.4,4129.9,159.5,84.6,1.9,0
2081,car,4.5,road_loopA_f0,road_loopA_f1,3973.0,4130.5,157.5,1303.7,29.8,1
2143,car,4.5,road_loopA_f0,road_loopA_f1,4039.6,4132.1,92.5,1302.9,50.7,0
2079,car,4.5,xloopA_0Ba,road_loopA_f1,3970.7,4132.2,161.5,902.8,20.1,0
2145,suv,4.8,road_loopA_f0,road_loopA_f1,4041.1,4133.0,91.9,1303.5,51.1,0
2072,suv,4.8,road_loopA_f0,road_loopA_f1,3964.0,4133.8,169.8,1303.2,27.6,1
2122,truck,8.5,road_loopA_f0,road_loopA_f1,4017.1,4135.6,118.5,1303.8,39.6,0
2138,suv,4.8,road_loopA_f0,road_loopA_f1,4036.8,4137.6,100.8,1303.1,46.5,0
2141,suv,4.8,road_loopA_f0,road_loopA_f1,4038.0,4137.7,99.7,1303.9,47.1,0
2105,truck,8.5,road_loopA_f0,road_loopA_f1,3999.6,4140.6,141.0,1303.9,33.3,0
2201,suv,4.8,road_loopA_f0,xloopA_0Bb,4088.6,4141.1,52.5,479.1,32.8,0
2108,car,4.5,road_loopA_r0,xloopA_0Ab,4005.1,4141.2,136.1,869.3,23.0,2
2156,car,4.5,road_loopA_f0,road_loopA_f1,4051.3,4143.6,92.3,1303.2,50.8,0
2161,car,4.5,road_loopA_f0,road_loopA_f1,4053.6,4144.7,91.1,1302.9,51.5,0
2158,suv,4.8,road_loopA_f0,road_loopA_f1,4052.3,4147.1,94.8,1303.7,49.5,0
2165,car,4.5,road_loopA_f0,road_loopA_f1,4055.6,4147.9,92.3,1303.4,50.8,0
2184,car,4.5,road_loopA_r0,xloopA_0Ab,4072.1,4148.0,75.9,869.1,41.2,0
2016,car,4.5,xloopA_0Ba,road_loopA_f1,3915.0,4148.1,233.1,902.6,13.9,1
2076,car,4.5,road_loopA_f0,road_loopA_f1,3965.7,4149.8,184.1,1303.0,25.5,1
2093,truck,8.5,road_loopA_f0,road_loopA_f1,3987.8,4152.1,164.3,1303.0,28.6,0
2137,car,4.5,road_loopA_r0,road_loopA_r1,4034.9,4159.4,124.5,1298.5,37.5,1
2134,suv,4.8,road_loopA_r0,road_loopA_r1,4029.7,4159.6,129.9,1298.6,36.0,1
2202,car,4.5,road_loopA_r0,xloopA_0Ab,4091.2,4159.7,68.5,869.2,45.7,0
2132,car,4.5,road_loopA_r0,road_loopA_r1,4028.2,4160.9,132.7,1298.0,35.2,1
2144,car,4.5,road_loopA_r0,road_loopA_r1,4040.7,4161.4,120.7,1297.8,38.7,1
2148,car,4.5,road_loopA_r0,road_loopA_r1,4044.1,4162.4,118.3,1298.1,39.5,1
2136,car,4.5,road_loopA_r0,road_loopA_r1,4034.3,4162.6,128.3,1298.3,36.4,1
2149,suv,4.8,road_loopA_r0,road_loopA_r1,4044.9,4163.9,119.0,1298.0,39.3,1
2139,car,4.5,road_loopA_r0,road_loopA_r1,4036.9,4164.3,127.4,1297.6,36.7,1
2151,suv,4.8,road_loopA_r0,road_loopA_r1,4048.6,4165.8,117.2,1298.4,39.9,1
2155,car,4.5,road_loopA_r0,road_loopA_r1,4051.1,4167.3,116.2,1298.0,40.2,1
2159,car,4.5,road_loopA_r0,road_loopA_r1,4052.3,4168.8,116.5,1297.4,40.1,1
2147,car,4.5,road_loopA_r0,road_loopA_r1,4042.5,4169.7,127.2,1297.3,36.7,1
2241,suv,4.8,road_loopA_f0,xloopA_0Bb,4127.3,4169.8,42.5,479.2,40.6,0
2146,suv,4.8,road_loopA_f0,road_loopA_f1,4041.7,4170.1,128.4,1302.9,36.5,0
2162,suv,4.8,road_loopA_r0,road_loopA_r1,4054.6,4170.7,116.1,1297.8,40.2,1
2153,car,4.5,road_loopA_r0,road_loopA_r1,4049.6,4171.4,121.8,1298.0,38.4,1
2157,suv,4.8,road_loopA_r0,road_loopA_r1,4051.8,4173.3,121.5,1298.1,38.4,0
2163,car,4.5,road_loopA_r0,road_loopA_r1,4054.7,4174.1,119.4,1297.5,39.1,1
2164,car,4.5,road_loopA_r0,road_loopA_r1,4055.5,4174.3,118.8,1297.4,39.3,1
2160,truck,8.5,road_loopA_r0,road_loopA_r1,4053.0,4176.2,123.2,1298.4,37.9,0
2174,car,4.5,road_loopA_r0,road_loopA_r1,4061.1,4177.6,116.5,1297.7,40.1,1
2177,car,4.5,road_loopA_r0,road_loopA_r1,4065.0,4177.6,112.6,1297.3,41.5,1
2168,car,4.5,road_loopA_r0,road_loopA_r1,4058.5,4178.2,119.7,1298.4,39.0,0
2182,car,4.5,road_loopA_r0,road_loopA_r1,4068.9,4179.8,110.9,1297.3,42.1,0
2181,car,4.5,road_loopA_r0,road_loopA_r1,4068.4,4180.6,112.2,1297.6,41.6,0
2186,car,4.5,road_loopA_r0,road_loopA_r1,4075.5,4181.6,106.1,1298.5,44.1,0
2192,suv,4.8,road_loopA_r0,road_loopA_r1,4081.0,4182.9,101.9,1297.4,45.8,0
2188,car,4.5,road_loopA_r0,road_loopA_r1,4076.2,4183.3,107.1,1297.3,43.6,0
2101,bus,11.0,road_loopA_f0,road_loopA_f1,3996.9,4184.9,188.0,1303.4,25.0,2
2208,suv,4.8,road_loopA_r0,road_loopA_r1,4096.1,4185.4,89.3,1298.3,52.3,0
2194,car,4.5,road_loopA_r0,road_loopA_r1,4082.0,4185.5,103.5,1297.5,45.1,0
2210,suv,4.8,road_loopA_r0,road_loopA_r1,4099.1,4188.0,88.9,1297.3,52.5,0
2166,car,4.5,road_loopA_f0,road_loopA_f1,4057.9,4190.3,132.4,1303.0,35.4,1
2178,suv,4.8,road_loopA_f0,road_loopA_f1,4065.0,4190.6,125.6,1303.4,37.4,1
2167,truck,8.5,road_loopA_f0,road_loopA_f1,4058.1,4191.1,133.0,1303.9,35.3,1
2183,car,4.5,road_loopA_f0,road_loopA_f1,4069.2,4193.0,123.8,1303.2,37.9,1
2176,car,4.5,road_loopA_f0,road_loopA_f1,4062.0,4195.2,133.2,1303.1,35.2,1
2213,car,4.5,road_loopA_r0,road_loopA_r1,4103.3,4196.3,93.0,1298.6,50.3,0
2169,car,4.5,road_loopA_r0,xloopA_0Bb,4059.1,4196.5,137.4,895.3,23.5,1
2172,suv,4.8,road_loopA_f0,road_loopA_f1,4060.2,4196.6,136.4,1303.0,34.4,1
2215,car,4.5,road_loopA_f0,xloopA_0Ab,4108.9,4197.1,88.2,505.2,20.6,1
2189,car,4.5,road_loopA_f0,road_loopA_f1,4076.4,4197.7,121.3,1303.6,38.7,1
2179,car,4.5,road_loopA_f0,road_loopA_f1,4065.3,4198.3,133.0,1303.0,35.3,1
2185,car,4.5,road_loopA_r0,xloopA_0Bb,4073.2,4199.1,125.9,895.3,25.6,1
2218,truck,8.5,road_loopA_r0,road_loopA_r1,4109.5,4200.2,90.7,1297.4,51.5,0
2219,car,4.5,road_loopA_r0,road_loopA_r1,4110.5,4200.2,89.7,1297.3,52.1,0
2187,truck,8.5,road_loopA_f0,road_loopA_f1,4075.7,4200.4,124.7,1303.1,37.6,1
2212,car,4.5,road_loopA_r0,xloopA_0Bb,4101.7,4201.8,100.1,895.5,32.2,1
2220,suv,4.8,road_loopA_r0,road_loopA_r1,4111.0,4202.3,91.3,1297.7,51.2,0
2190,car,4.5,road_loopA_f0,road_loopA_f1,4077.7,4202.6,124.9,1303.6,37.6,1
2173,car,4.5,road_loopA_f0,road_loopA_f1,4060.8,4203.2,142.4,1302.9,32.9,1
2191,car,4.5,road_loopA_f0,road_loopA_f1,4080.1,4203.5,123.4,1303.0,38.0,1
2193,suv,4.8,road_loopA_f0,road_loopA_f1,4081.4,4204.3,122.9,1302.9,38.2,1
2221,car,4.5,road_loopA_r0,xloopA_0Bb,4113.2,4204.5,91.3,895.8,35.3,1
2198,car,4.5,road_loopA_f0,road_loopA_f1,4087.2,4205.2,118.0,1302.8,39.7,1
2196,car,4.5,road_loopA_f0,road_loopA_f1,4082.5,4206.1,123.6,1304.2,38.0,1
2200,car,4.5,road_loopA_f0,road_loopA_f1,4088.5,4206.8,118.3,1303.8,39.7,1
2233,car,4.5,road_loopA_r0,xloopA_0Bb,4123.1,4207.1,84.0,895.5,38.4,1
2197,car,4.5,road_loopA_f0,road_loopA_f1,4086.1,4207.9,121.8,1303.5,38.5,1
2265,suv,4.8,road_loopA_f0,xloopA_0Ab,4161.9,4208.1,46.2,505.6,39.4,0
2204,car,4.5,road_loopA_f0,road_loopA_f1,4094.3,4208.3,114.0,1303.0,41.2,0
2195,truck,8.5,road_loopA_r0,road_loopA_r1,4082.4,4208.9,126.5,1297.6,36.9,0
2199,suv,4.8,road_loopA_f0,road_loopA_f1,4088.3,4209.6,121.3,1303.2,38.7,1
2206,car,4.5,road_loopA_f0,road_loopA_f1,4095.3,4210.1,114.8,1303.3,40.9,0
2203,car,4.5,road_loopA_f0,road_loopA_f1,4093.5,4211.4,117.9,1303.2,39.8,1
2211,car,4.5,road_loopA_f0,road_loopA_f1,4101.5,4211.5,110.0,1304.1,42.7,0
2300,car,4.5,xloopA_0Ba,xloopA_0Bb,4187.0,4213.4,26.4,84.3,11.5,0
2224,suv,4.8,road_loopA_r0,road_loopA_r1,4113.7,4213.6,99.9,1297.7,46.8,0
2216,truck,8.5,road_loopA_f0,road_loopA_f1,4109.0,4213.8,104.8,1302.8,44.8,0
2205,truck,8.5,road_loopA_f0,road_loopA_f1,4094.5,4214.0,119.5,1304.1,39.3,0
2223,car,4.5,road_loopA_f0,road_loopA_f1,4113.6,4215.4,101.8,1304.1,46.1,0
2315,car,4.5,xloopA_0Ba,xloopA_0Bb,4194.9,4215.6,20.7,84.3,14.7,0
2225,suv,4.8,road_loopA_f0,road_loopA_f1,4114.6,4216.0,101.4,1304.1,46.3,0
2123,car,4.5,xloopA_0Aa,xloopA_0Ab,4018.1,4218.3,200.2,84.7,1.5,1
2226,truck,8.5,road_loopA_f0,road_loopA_f1,4117.0,4219.5,102.5,1303.5,45.8,0
2230,suv,4.8,road_loopA_f0,road_loopA_f1,4122.3,4220.2,97.9,1303.1,47.9,0
2140,car,4.5,xloopA_0Aa,xloopA_0Ab,4037.4,4220.3,182.9,84.1,1.7,0
2209,suv,4.8,road_loopA_f0,road_loopA_f1,4098.1,4221.5,123.4,1302.9,38.0,0
2235,truck,8.5,road_loopA_f0,road_loopA_f1,4124.6,4222.6,98.0,1303.2,47.9,0
2239,suv,4.8,road_loopA_f0,road_loopA_f1,4127.0,4225.3,98.3,1302.8,47.7,0
2180,bus,11.0,road_loopA_r0,road_loopA_r1,4065.6,4225.8,160.2,1298.1,29.2,2
2247,car,4.5,road_loopA_f0,road_loopA_f1,4136.7,4227.7,91.0,1303.1,51.6,0
2237,car,4.5,road_loopA_f0,road_loopA_f1,4126.5,4228.1,101.6,1304.0,46.2,0
2214,truck,8.5,road_loopA_f0,road_loopA_f1,4103.7,4229.1,125.4,1302.8,37.4,0
2232,suv,4.8,road_loopA_f0,road_loopA_f1,4123.0,4229.9,106.9,1303.3,43.9,0
2222,car,4.5,road_loopA_f0,road_loopA_f1,4113.5,4231.1,117.6,1303.7,39.9,0
2227,suv,4.8,road_loopA_f0,road_loopA_f1,4118.0,4232.7,114.7,1303.7,40.9,0
2277,car,4.5,road_loopA_f0,xloopA_0Bb,4170.3,4233.9,63.6,478.8,27.1,2
2249,suv,4.8,road_loopA_f0,road_loopA_f1,4138.8,4236.5,97.7,1303.9,48.1,0
2255,car,4.5,road_loopA_f0,road_loopA_f1,4142.6,4237.2,94.6,1303.5,49.6,0
2253,car,4.5,road_loopA_f0,road_loopA_f1,4141.7,4238.2,96.5,1303.5,48.6,0
2245,truck,8.5,road_loopA_f0,road_loopA_f1,4135.0,4243.4,108.4,1302.8,43.3,0
2311,truck,8.5,road_loopA_f0,xloopA_0Bb,4192.9,4244.3,51.4,479.0,33.5,0
2248,truck,8.5,road_loopA_f0,road_loopA_f1,4137.2,4245.9,108.7,1303.7,43.2,0
2252,car,4.5,road_loopA_f0,road_loopA_f1,4140.1,4248.0,107.9,1303.7,43.5,0
2170,bus,11.0,road_loopA_f0,road_loopA_f1,4059.9,4251.2,191.3,1303.1,24.5,3
2242,car,4.5,road_loopA_r0,road_loopA_r1,4130.8,4251.3,120.5,1298.0,38.8,1
2217,bus,11.0,road_loopA_f0,road_loopA_f1,4109.4,4252.6,143.2,1302.8,32.7,2
2236,car,4.5,road_loopA_r0,road_loopA_r1,4125.1,4253.4,128.3,1298.2,36.4,1
2283,car,4.5,road_loopA_r0,xloopA_0Ab,4170.7,4254.8,84.1,869.1,37.2,0
2234,car,4.5,road_loopA_r0,road_loopA_r1,4123.6,4255.3,131.7,1298.0,35.5,1
2302,car,4.5,road_loopA_r0,xloopA_0Ab,4188.4,4257.0,68.6,869.3,45.6,0
2246,car,4.5,road_loopA_r0,road_loopA_r1,4135.3,4257.6,122.3,1298.7,38.2,0
2325,truck,8.5,road_loopA_f0,xloopA_0Bb,4203.9,4258.1,54.2,478.8,31.8,0
2244,car,4.5,road_loopA_r0,road_loopA_r1,4133.6,4258.5,124.9,1298.7,37.4,1
2231,car,4.5,road_loopA_r0,road_loopA_r1,4122.2,4259.1,136.9,1297.7,34.1,1
2243,suv,4.8,road_loopA_r0,road_loopA_r1,4132.2,4260.7,128.5,1298.0,36.4,1
2251,car,4.5,road_loopA_r0,road_loopA_r1,4139.9,4262.5,122.6,1297.4,38.1,1
2262,car,4.5,road_loopA_r0,road_loopA_r1,4157.8,4262.6,104.8,1298.3,44.6,0
2228,car,4.5,road_loopA_r0,road_loopA_r1,4119.0,4264.0,145.0,1297.8,32.2,1
2278,car,4.5,road_loopA_r0,road_loopA_r1,4170.4,4264.4,94.0,1297.8,49.7,0
2240,car,4.5,road_loopA_r0,road_loopA_r1,4127.0,4265.7,138.7,1298.0,33.7,1
2264,suv,4.8,road_loopA_r0,road_loopA_r1,4160.6,4265.7,105.1,1298.6,44.5,0
2256,car,4.5,road_loopA_r0,road_loopA_r1,4145.8,4267.2,121.4,1297.6,38.5,1
2254,car,4.5,road_loopA_r0,road_loopA_r1,4142.5,4267.4,124.9,1298.5,37.4,1
2266,suv,4.8,road_loopA_r0,road_loopA_r1,4161.9,4267.5,105.6,1297.7,44.2,0
2257,car,4.5,road_loopA_r0,road_loopA_r1,4146.1,4268.7,122.6,1297.4,38.1,1
2279,car,4.5,road_loopA_r0,road_loopA_r1,4170.5,4269.7,99.2,1297.5,47.1,0
2276,car,4.5,road_loopA_r0,xloopA_0Ab,4169.8,4270.0,100.2,869.3,31.2,1
2261,car,4.5,road_loopA_r0,road_loopA_r1,4156.4,4271.4,115.0,1298.0,40.6,0
2263,car,4.5,road_loopA_r0,road_loopA_r1,4160.0,4271.8,111.8,1297.5,41.8,0
2269,suv,4.8,road_loopA_r0,road_loopA_r1,4164.8,4273.0,108.2,1298.2,43.2,0
2288,car,4.5,road_loopA_r0,road_loopA_r1,4175.6,4273.4,97.8,1297.5,47.8,0
2286,car,4.5,road_loopA_r0,road_loopA_r1,4172.3,4274.9,102.6,1298.5,45.6,0
2292,car,4.5,road_loopA_r0,road_loopA_r1,4177.6,4275.3,97.7,1297.8,47.8,0
2259,car,4.5,road_loopA_r0,road_loopA_r1,4154.0,4276.5,122.5,1297.7,38.1,0
2297,car,4.5,road_loopA_r0,road_loopA_r1,4180.6,4277.1,96.5,1297.6,48.4,0
2273,suv,4.8,road_loopA_r0,road_loopA_r1,4166.6,4277.6,111.0,1298.4,42.1,0
2299,car,4.5,road_loopA_r0,road_loopA_r1,4182.4,4278.5,96.1,1298.3,48.6,0
2280,suv,4.8,road_loopA_r0,road_loopA_r1,4170.4,4279.3,108.9,1297.3,42.9,0
2270,truck,8.5,road_loopA_r0,road_loopA_r1,4165.0,4280.5,115.5,1297.8,40.4,0
2298,suv,4.8,road_loopA_r0,road_loopA_r1,4180.7,4281.1,100.4,1298.4,46.6,0
2295,car,4.5,road_loopA_r0,road_loopA_r1,4178.8,4282.7,103.9,1297.8,45.0,0
2258,car,4.5,road_loopA_f0,road_loopA_f1,4150.9,4285.8,134.9,1303.9,34.8,1
2290,suv,4.8,road_loopA_f0,road_loopA_f1,4176.0,4286.0,110.0,1303.7,42.7,1
2306,suv,4.8,road_loopA_r0,road_loopA_r1,4190.7,4286.6,95.9,1298.1,48.7,0
2275,suv,4.8,road_loopA_f0,road_loopA_f1,4169.3,4288.7,119.4,1303.9,39.3,1
2303,suv,4.8,road_loopA_f0,road_loopA_f1,4188.9,4289.1,100.2,1302.9,46.8,0
2260,car,4.5,road_loopA_r0,xloopA_0Bb,4155.7,4290.0,134.3,895.4,24.0,1
2321,car,4.5,road_loopA_r0,road_loopA_r1,4197.7,4290.1,92.4,1297.5,50.6,0
2289,car,4.5,road_loopA_f0,xloopA_0Ab,4175.7,4290.6,114.9,505.2,15.8,1
2307,car,4.5,road_loopA_f0,road_loopA_f1,4191.2,4291.2,100.0,1303.9,47.0,0
2312,car,4.5,road_loopA_f0,road_loopA_f1,4193.6,4292.5,98.9,1303.6,47.5,0
2296,suv,4.8,road_loopA_r0,road_loopA_r1,4179.3,4292.7,113.4,1298.3,41.2,0
2316,car,4.5,road_loopA_r0,road_loopA_r1,4195.5,4292.8,97.3,1298.0,48.0,0
2335,suv,4.8,road_loopA_r0,xloopA_0Bb,4214.9,4292.9,78.0,895.9,41.4,0
2301,suv,4.8,road_loopA_f0,road_loopA_f1,4188.0,4294.3,106.3,1303.6,44.1,0
2310,car,4.5,road_loopA_r0,road_loopA_r1,4192.3,4294.3,102.0,1298.2,45.8,0
2318,car,4.5,road_loopA_r0,road_loopA_r1,4196.8,4296.3,99.5,1298.0,47.0,0
2267,suv,4.8,road_loopA_r0,road_loopA_r1,4162.5,4296.4,133.9,1297.6,34.9,0
2271,car,4.5,road_loopA_f0,road_loopA_f1,4166.0,4297.0,131.0,1302.9,35.8,1
2324,car,4.5,road_loopA_r0,road_loopA_r1,4199.8,4297.9,98.1,1298.5,47.7,0
2274,truck,8.5,road_loopA_r0,road_loopA_r1,4167.5,4298.5,131.0,1297.3,35.6,0
2293,suv,4.8,road_loopA_r0,road_loopA_r1,4178.1,4299.6,121.5,1297.7,38.4,0
2320,car,4.5,road_loopA_r0,road_loopA_r1,4197.3,4300.5,103.2,1297.5,45.3,0
2322,car,4.5,road_loopA_f0,road_loopA_f1,4198.1,4300.7,102.6,1303.9,45.7,0
2305,car,4.5,road_loopA_r0,road_loopA_r1,4190.1,4301.2,111.1,1298.6,42.1,0
2150,car,4.5,xloopA_0Aa,xloopA_0Ab,4046.8,4301.3,254.5,84.2,1.2,1
2350,car,4.5,xloopA_0Ba,xloopA_0Bb,4227.5,4301.4,73.9,84.8,4.1,1
2314,suv,4.8,road_loopA_f0,road_loopA_f1,4194.1,4301.9,107.8,1303.8,43.5,0
2317,suv,4.8,road_loopA_r0,road_loopA_r1,4196.6,4303.0,106.4,1298.4,43.9,0
2323,car,4.5,road_loopA_f0,road_loopA_f1,4198.6,4303.6,105.0,1303.3,44.7,0
2334,car,4.5,road_loopA_r0,road_loopA_r1,4214.8,4304.4,89.6,1298.5,52.2,0
2152,car,4.5,xloopA_0Aa,xloopA_0Ab,4048.8,4305.0,256.2,84.0,1.2,1
2337,car,4.5,road_loopA_r0,road_loopA_r1,4215.5,4306.7,91.2,1298.2,51.3,0
2326,truck,8.5,road_loopA_f0,road_loopA_f1,4204.8,4307.5,102.7,1303.0,45.7,0
2285,car,4.5,road_loopA_f0,road_loopA_f1,4171.2,4307.7,136.5,1302.8,34.4,1
2229,car,4.5,xloopA_0Aa,xloopA_0Ab,4120.5,4307.7,187.2,84.3,1.6,0
2331,car,4.5,road_loopA_r0,road_loopA_r1,4212.1,4308.9,96.8,1298.1,48.3,0
2328,car,4.5,road_loopA_f0,road_loopA_f1,4206.7,4309.5,102.8,1303.2,45.6,0
2284,car,4.5,xloopA_0Aa,xloopA_0Ab,4171.0,4310.2,139.2,84.3,2.2,0
2336,truck,8.5,road_loopA_f0,road_loopA_f1,4215.6,4311.7,96.1,1303.8,48.8,0
2353,car,4.5,xloopA_0Aa,xloopA_0Ab,4229.9,4312.3,82.4,84.7,3.7,0
2294,car,4.5,road_loopA_f0,road_loopA_f1,4178.3,4312.5,134.2,1303.4,35.0,1
2342,car,4.5,road_loopA_f0,road_loopA_f1,4218.0,4313.0,95.0,1303.1,49.4,0
2344,suv,4.8,road_loopA_f0,road_loopA_f1,4220.1,4314.6,94.5,1303.3,49.6,0
2364,car,4.5,xloopA_0Aa,xloopA_0Ab,4242.4,4315.1,72.7,84.2,4.2,0
2291,car,4.5,road_loopA_f0,road_loopA_f1,4177.3,4316.6,139.3,1303.0,33.7,1
2338,car,4.5,road_loopA_f0,road_loopA_f1,4217.1,4317.5,100.4,1303.9,46.8,0
2341,car,4.5,road_loopA_f0,road_loopA_f1,4217.8,4319.8,102.0,1303.1,46.0,0
2116,car,4.5,xloopA_0Aa,road_loopA_f1,4010.3,4321.2,310.9,872.5,10.1,1
2308,car,4.5,road_loopA_f0,road_loopA_f1,4191.4,4321.4,130.0,1303.1,36.1,0
2319,suv,4.8,road_loopA_f0,road_loopA_f1,4196.8,4323.5,126.7,1302.8,37.0,0
2340,car,4.5,road_loopA_f0,road_loopA_f1,4217.8,4324.5,106.7,1303.8,44.0,0
2330,car,4.5,road_loopA_f0,road_loopA_f1,4211.4,4324.9,113.5,1303.2,41.3,0
2351,car,4.5,road_loopA_f0,road_loopA_f1,4228.1,4326.2,98.1,1303.8,47.9,0
2329,car,4.5,road_loopA_f0,road_loopA_f1,4206.9,4326.7,119.8,1303.8,39.2,0
2091,car,4.5,xloopA_0Aa,road_loopA_f1,3984.1,4327.7,343.6,872.5,9.1,1
2354,car,4.5,road_loopA_f0,road_loopA_f1,4229.9,4327.9,98.0,1303.4,47.9,0
2333,suv,4.8,road_loopA_r0,xloopA_0Ab,4214.1,4329.2,115.1,869.4,27.2,2
2313,car,4.5,road_loopA_f0,road_loopA_f1,4193.7,4329.6,135.9,1303.4,34.5,0
2238,car,4.5,xloopA_0Ba,road_loopA_f1,4126.8,4329.8,203.0,902.4,16.0,1
2357,suv,4.8,road_loopA_f0,road_loopA_f1,4232.1,4331.1,99.0,1303.9,47.4,0
2332,car,4.5,road_loopA_f0,road_loopA_f1,4213.3,4331.4,118.1,1303.9,39.7,0
2268,suv,4.8,road_loopA_f0,road_loopA_f1,4164.1,4331.6,167.5,1303.9,28.0,1
2272,suv,4.8,road_loopA_f0,road_loopA_f1,4166.2,4333.2,167.0,1303.0,28.1,1
2304,truck,8.5,road_loopA_f0,road_loopA_f1,4189.7,4334.1,144.4,1303.1,32.5,0
2282,car,4.5,road_loopA_f0,road_loopA_f1,4170.6,4334.9,164.3,1303.6,28.6,1
2352,bus,11.0,road_loopA_f0,road_loopA_f1,4229.7,4335.4,105.7,1303.8,44.4,0
2327,car,4.5,road_loopA_f0,road_loopA_f1,4206.7,4336.1,129.4,1302.8,36.2,0
2281,suv,4.8,road_loopA_f0,road_loopA_f1,4170.6,4336.9,166.3,1303.1,28.2,1
2287,car,4.5,road_loopA_f0,road_loopA_f1,4175.1,4338.6,163.5,1302.8,28.7,1
2343,car,4.5,road_loopA_f0,road_loopA_f1,4219.1,4341.5,122.4,1303.1,38.3,0
2355,bus,11.0,road_loopA_f0,road_loopA_f1,4230.0,4343.9,113.9,1303.4,41.2,0
2345,suv,4.8,road_loopA_r0,road_loopA_r1,4222.6,4346.1,123.5,1298.4,37.9,1
2348,suv,4.8,road_loopA_r0,road_loopA_r1,4224.3,4347.9,123.6,1297.6,37.8,1
2358,car,4.5,road_loopA_r0,road_loopA_r1,4233.0,4350.2,117.2,1298.3,39.9,1
2362,car,4.5,road_loopA_r0,road_loopA_r1,4237.2,4352.2,115.0,1297.9,40.6,1
2361,car,4.5,road_loopA_r0,road_loopA_r1,4237.1,4354.2,117.1,1298.2,39.9,1
2339,car,4.5,road_loopA_r0,road_loopA_r1,4217.6,4355.0,137.4,1298.1,34.0,1
2363,car,4.5,road_loopA_r0,road_loopA_r1,4241.3,4355.6,114.3,1298.4,40.9,1
2378,car,4.5,road_loopA_r0,road_loopA_r1,4256.2,4357.6,101.4,1297.3,46.0,0
2356,car,4.5,road_loopA_r0,road_loopA_r1,4231.7,4358.5,126.8,1297.5,36.8,0
2384,car,4.5,xloopA_0Ba,road_loopA_r1,4263.6,4358.6,95.0,476.3,18.1,1
2359,suv,4.8,road_loopA_r0,road_loopA_r1,4235.1,4360.9,125.8,1297.4,37.1,0
2380,car,4.5,road_loopA_r0,road_loopA_r1,4259.2,4361.2,102.0,1298.4,45.8,0
2309,bus,11.0,road_loopA_f0,road_loopA_f1,4191.4,4362.5,171.1,1303.4,27.4,2
2371,car,4.5,road_loopA_r0,road_loopA_r1,4250.6,4362.7,112.1,1298.1,41.7,0
2379,car,4.5,road_loopA_r0,road_loopA_r1,4258.7,4362.9,104.2,1297.9,44.8,0
2373,car,4.5,road_loopA_r0,road_loopA_r1,4251.3,4364.5,113.2,1298.1,41.3,0
2175,car,4.5,xloopA_0Aa,road_loopA_r1,4062.0,4364.6,302.6,506.7,6.0,1
2381,suv,4.8,road_loopA_r0,road_loopA_r1,4260.8,4365.1,104.3,1298.7,44.8,0
2375,suv,4.8,road_loopA_r0,road_loopA_r1,4253.4,4366.2,112.8,1297.5,41.4,0
2347,car,4.5,road_loopA_r0,road_loopA_r1,4224.1,4366.3,142.2,1297.8,32.9,1
2349,bus,11.0,road_loopA_f0,road_loopA_f1,4227.1,4367.5,140.4,1303.9,33.4,1
2360,car,4.5,road_loopA_r0,road_loopA_r1,4236.9,4368.0,131.1,1298.2,35.7,1
2385,car,4.5,road_loopA_r0,road_loopA_r1,4263.6,4368.0,104.4,1297.7,44.8,0
2392,car,4.5,road_loopA_r0,road_loopA_r1,4272.2,4368.0,95.8,1298.0,48.8,0
2401,suv,4.8,road_loopA_r0,road_loopA_r1,4279.3,4369.4,90.1,1298.2,51.9,0
2367,car,4.5,road_loopA_r0,road_loopA_r1,4247.6,4369.6,122.0,1297.3,38.3,1
2388,car,4.5,road_loopA_r0,road_loopA_r1,4268.1,4369.8,101.7,1298.1,46.0,0
2386,suv,4.8,road_loopA_r0,road_loopA_r1,4263.9,4371.6,107.7,1298.3,43.4,0
2374,truck,8.5,road_loopA_r0,road_loopA_r1,4252.7,4371.9,119.2,1297.5,39.2,0
2370,car,4.5,road_loopA_f0,road_loopA_f1,4250.0,4372.1,122.1,1304.2,38.5,1
2365,car,4.5,road_loopA_r0,road_loopA_r1,4243.8,4373.1,129.3,1297.4,36.1,1
2389,suv,4.8,road_loopA_r0,road_loopA_r1,4268.4,4373.5,105.1,1298.0,44.4,0
2387,suv,4.8,road_loopA_r0,road_loopA_r1,4264.6,4375.8,111.2,1298.3,42.0,0
2393,car,4.5,road_loopA_r0,road_loopA_r1,4272.3,4376.8,104.5,1298.5,44.7,0
2376,suv,4.8,road_loopA_f0,road_loopA_f1,4253.7,4377.6,123.9,1303.2,37.9,1
2404,car,4.5,road_loopA_r0,road_loopA_r1,4283.5,4377.9,94.4,1298.3,49.5,0
2383,car,4.5,road_loopA_f0,road_loopA_f1,4263.0,4379.2,116.2,1302.8,40.4,1
2405,suv,4.8,road_loopA_r0,road_loopA_r1,4286.0,4379.7,93.7,1298.6,49.9,0
2368,car,4.5,road_loopA_f0,road_loopA_f1,4247.8,4380.2,132.4,1303.0,35.4,1
2399,car,4.5,road_loopA_r0,road_loopA_r1,4277.2,4380.5,103.3,1298.0,45.2,0
2407,car,4.5,road_loopA_r0,road_loopA_r1,4287.1,4382.2,95.1,1297.4,49.1,0
2412,car,4.5,road_loopA_r0,road_loopA_r1,4289.7,4383.3,93.6,1297.6,49.9,0
2411,suv,4.8,road_loopA_r0,road_loopA_r1,4289.7,4383.9,94.2,1297.6,49.6,0
2390,truck,8.5,road_loopA_f0,xloopA_0Ab,4270.2,4385.5,115.3,505.4,15.8,1
2372,car,4.5,road_loopA_f0,road_loopA_f1,4250.9,4385.6,134.7,1303.5,34.8,1
2398,car,4.5,road_loopA_r0,road_loopA_r1,4274.2,4385.7,111.5,1298.2,41.9,0
2416,car,4.5,road_loopA_r0,road_loopA_r1,4290.7,4385.7,95.0,1298.6,49.2,0
2377,car,4.5,road_loopA_f0,road_loopA_f1,4255.3,4385.9,130.6,1302.8,35.9,1
2346,bus,11.0,road_loopA_r0,road_loopA_r1,4223.7,4386.7,163.0,1297.6,28.7,2
2433,car,4.5,road_loopA_r0,xloopA_0Bb,4309.5,4387.1,77.6,895.6,41.5,0
2403,car,4.5,road_loopA_f0,road_loopA_f1,4282.7,4387.2,104.5,1303.0,44.9,0
2415,suv,4.8,road_loopA_r0,road_loopA_r1,4290.3,4387.4,97.1,1298.1,48.1,0
2418,truck,8.5,road_loopA_r0,road_loopA_r1,4291.2,4387.4,96.2,1298.5,48.6,0
2402,truck,8.5,road_loopA_r0,road_loopA_r1,4282.6,4387.8,105.2,1297.4,44.4,0
2413,car,4.5,road_loopA_f0,road_loopA_f1,4290.1,4388.4,98.3,1303.6,47.7,0
2426,suv,4.8,road_loopA_r0,road_loopA_r1,4298.3,4389.2,90.9,1298.7,51.4,0
2442,car,4.5,road_loopA_r0,xloopA_0Bb,4318.1,4389.5,71.4,895.5,45.2,0
2408,car,4.5,road_loopA_f0,road_loopA_f1,4288.1,4390.7,102.6,1304.0,45.8,0
2417,car,4.5,road_loopA_f0,road_loopA_f1,4291.0,4391.3,100.3,1303.7,46.8,0
2410,suv,4.8,road_loopA_r0,road_loopA_r1,4289.4,4391.4,102.0,1298.1,45.8,0
2394,car,4.5,road_loopA_f0,road_loopA_f1,4272.3,4392.1,119.8,1303.5,39.2,0
2424,car,4.5,road_loopA_f0,road_loopA_f1,4296.6,4393.5,96.9,1303.2,48.4,0
2395,car,4.5,road_loopA_f0,road_loopA_f1,4273.0,4393.7,120.7,1304.0,38.9,0
2396,car,4.5,road_loopA_f0,road_loopA_f1,4273.7,4393.8,120.1,1303.0,39.1,0
2397,car,4.5,road_loopA_f0,road_loopA_f1,4274.0,4395.9,121.9,1303.4,38.5,0
2423,car,4.5,road_loopA_r0,road_loopA_r1,4296.0,4396.1,100.1,1297.5,46.7,0
2400,car,4.5,road_loopA_f0,road_loopA_f1,4277.4,4396.3,118.9,1303.6,39.5,0
2425,car,4.5,road_loopA_f0,road_loopA_f1,4296.7,4396.3,99.6,1304.0,47.1,0
2428,car,4.5,xloopA_0Ba,xloopA_0Bb,4305.4,4398.6,93.2,84.5,3.3,1
2382,car,4.5,xloopA_0Aa,xloopA_0Ab,4261.9,4398.8,136.9,84.7,2.2,1
2421,truck,8.5,road_loopA_f0,road_loopA_f1,4293.5,4400.6,107.1,1303.8,43.8,0
2511,car,4.5,xloopA_0Ba,xloopA_0Bb,4383.1,4401.3,18.2,84.2,16.7,0
2420,car,4.5,xloopA_0Aa,xloopA_0Ab,4293.6,4401.9,108.3,84.0,2.8,1
2409,car,4.5,road_loopA_f0,road_loopA_f1,4288.8,4402.6,113.8,1303.5,41.3,0
2515,car,4.5,xloopA_0Ba,xloopA_0Bb,4387.9,4403.4,15.5,84.7,19.7,0
2436,suv,4.8,road_loopA_f0,road_loopA_f1,4310.7,4404.1,93.4,1303.3,50.2,0
2460,car,4.5,xloopA_0Aa,xloopA_0Ab,4328.9,4404.1,75.2,84.0,4.0,1
2427,suv,4.8,road_loopA_f0,road_loopA_f1,4303.2,4404.4,101.2,1303.4,46.3,0
2522,car,4.5,xloopA_0Ba,xloopA_0Bb,4391.8,4405.6,13.8,84.5,22.0,0
2464,car,4.5,xloopA_0Aa,xloopA_0Ab,4333.1,4406.4,73.3,84.6,4.2,0
2431,truck,8.5,road_loopA_f0,road_loopA_f1,4307.1,4406.6,99.5,1303.6,47.1,0
2432,car,4.5,road_loopA_f0,road_loopA_f1,4308.6,4406.9,98.3,1303.3,47.7,0
2528,car,4.5,xloopA_0Ba,xloopA_0Bb,4395.4,4407.4,12.0,84.2,25.2,0
2471,car,4.5,xloopA_0Aa,xloopA_0Ab,4339.1,4408.3,69.2,84.4,4.4,0
2439,suv,4.8,road_loopA_f0,road_loopA_f1,4314.4,4408.7,94.3,1304.1,49.8,0
2391,suv,4.8,road_loopA_f0,road_loopA_f1,4271.7,4409.3,137.6,1303.5,34.1,0
2446,car,4.5,road_loopA_f0,road_loopA_f1,4320.3,4410.5,90.2,1303.8,52.0,0
2406,truck,8.5,road_loopA_f0,road_loopA_f1,4286.7,4410.8,124.1,1302.8,37.8,0
2419,car,4.5,xloopA_0Ba,road_loopA_f1,4291.7,4412.6,120.9,902.7,26.9,0
2438,car,4.5,road_loopA_f0,road_loopA_f1,4313.9,4412.8,98.9,1304.0,47.5,0
2366,car,4.5,road_loopA_f0,road_loopA_f1,4247.3,4414.2,166.9,1303.0,28.1,1
2369,car,4.5,road_loopA_f0,road_loopA_f1,4249.3,4414.6,165.3,1303.2,28.4,1
2443,car,4.5,road_loopA_f0,road_loopA_f1,4319.9,4414.6,94.7,1303.8,49.5,0
2414,car,4.5,road_loopA_f0,road_loopA_f1,4290.3,4415.9,125.6,1302.9,37.4,0
2440,suv,4.8,road_loopA_f0,road_loopA_f1,4316.0,4416.6,100.6,1303.9,46.6,0
2429,suv,4.8,road_loopA_f0,road_loopA_f1,4305.3,4416.8,111.5,1304.0,42.1,0
2422,truck,8.5,road_loopA_f0,road_loopA_f1,4294.7,4417.6,122.9,1303.0,38.2,0
2451,car,4.5,road_loopA_f0,road_loopA_f1,4323.6,4418.6,95.0,1304.1,49.4,0
2441,suv,4.8,road_loopA_f0,road_loopA_f1,4317.7,4419.6,101.9,1303.9,46.1,0
2448,car,4.5,road_loopA_f0,road_loopA_f1,4320.9,4420.3,99.4,1303.0,47.2,0
2458,car,4.5,road_loopA_f0,road_loopA_f1,4327.3,4421.3,94.0,1302.9,49.9,0
2462,car,4.5,road_loopA_f0,road_loopA_f1,4332.1,4422.6,90.5,1302.9,51.9,0
2476,car,4.5,road_loopA_f0,xloopA_0Bb,4343.1,4422.7,79.6,478.7,21.7,2
2435,car,4.5,road_loopA_f0,road_loopA_f1,4309.9,4423.8,113.9,1303.6,41.2,0
2466,suv,4.8,road_loopA_f0,road_loopA_f1,4335.1,4424.7,89.6,1303.4,52.4,0
2481,suv,4.8,road_loopA_f0,xloopA_0Bb,4352.3,4426.5,74.2,478.9,23.2,7
2469,car,4.5,road_loopA_f0,road_loopA_f1,4337.9,4427.3,89.4,1303.1,52.5,0
2454,car,4.5,road_loopA_f0,road_loopA_f1,4325.8,4428.8,103.0,1304.0,45.6,0
1,tram,34.0,loopB,loopB,255.5,4429.7,4174.2,33672.8,29.0,40
2461,suv,4.8,road_loopA_f0,road_loopA_f1,4331.6,4430.4,98.8,1303.1,47.5,0
2492,car,4.5,road_loopA_f0,xloopA_0Bb,4359.4,4433.1,73.7,478.8,23.4,7
2463,car,4.5,road_loopA_f0,road_loopA_f1,4332.4,4433.3,100.9,1303.1,46.5,0
2467,car,4.5,road_loopA_f0,road_loopA_f1,4335.7,4435.0,99.3,1302.8,47.3,0
2437,suv,4.8,road_loopA_r0,road_loopA_r1,4311.4,4438.3,126.9,1298.1,36.8,1
2450,suv,4.8,road_loopA_r0,road_loopA_r1,4322.3,4442.3,120.0,1297.4,38.9,1
2434,truck,8.5,road_loopA_r0,road_loopA_r1,4309.5,4442.5,133.0,1297.3,35.1,1
2430,suv,4.8,road_loopA_r0,road_loopA_r1,4306.8,4444.7,137.9,1298.5,33.9,1
2444,car,4.5,road_loopA_r0,road_loopA_r1,4319.8,4447.3,127.5,1298.2,36.7,1
2445,suv,4.8,road_loopA_r0,road_loopA_r1,4319.9,4447.3,127.4,1297.8,36.7,1
2447,car,4.5,road_loopA_r0,road_loopA_r1,4320.7,4448.2,127.5,1297.5,36.6,1
2452,car,4.5,road_loopA_r0,road_loopA_r1,4325.0,4449.0,124.0,1297.7,37.7,1
2449,car,4.5,road_loopA_r0,road_loopA_r1,4322.0,4449.2,127.2,1298.5,36.8,1
2453,truck,8.5,road_loopA_r0,road_loopA_r1,4325.0,4451.4,126.4,1298.1,37.0,1
2456,car,4.5,road_loopA_r0,road_loopA_r1,4326.2,4451.4,125.2,1298.5,37.3,1
2459,suv,4.8,road_loopA_r0,road_loopA_r1,4327.4,4453.5,126.1,1298.0,37.1,1
2457,suv,4.8,road_loopA_r0,road_loopA_r1,4326.4,4453.6,127.2,1297.9,36.7,1
2455,car,4.5,road_loopA_r0,road_loopA_r1,4326.0,4454.8,128.8,1298.2,36.3,1
2465,car,4.5,road_loopA_r0,road_loopA_r1,4334.7,4455.4,120.7,1298.2,38.7,1
2468,suv,4.8,road_loopA_r0,road_loopA_r1,4336.7,4456.1,119.4,1298.5,39.2,1
2473,suv,4.8,road_loopA_r0,road_loopA_r1,4339.8,4457.1,117.3,1298.4,39.9,1
2544,truck,8.5,road_loopA_f0,xloopA_0Bb,4409.5,4458.6,49.1,478.7,35.1,0
2474,car,4.5,road_loopA_r0,road_loopA_r1,4340.1,4458.9,118.8,1298.5,39.3,7
2477,car,4.5,road_loopA_r0,road_loopA_r1,4343.2,4459.7,116.5,1297.4,40.1,0
2554,car,4.5,road_loopA_f0,xloopA_0Bb,4416.2,4461.6,45.4,478.7,37.9,0
2494,truck,8.5,road_loopA_r0,road_loopA_r1,4359.6,4461.9,102.3,1298.1,45.7,0
2493,car,4.5,road_loopA_r0,road_loopA_r1,4359.6,4463.7,104.1,1298.5,44.9,0
2501,suv,4.8,road_loopA_r0,road_loopA_r1,4365.7,4465.2,99.5,1297.6,46.9,0
2497,suv,4.8,road_loopA_r0,road_loopA_r1,4362.6,4465.4,102.8,1297.8,45.5,0
2470,suv,4.8,road_loopA_f0,road_loopA_f1,4338.2,4465.6,127.4,1304.2,36.8,1
2475,suv,4.8,road_loopA_f0,road_loopA_f1,4342.1,4465.6,123.5,1303.7,38.0,1
2505,suv,4.8,road_loopA_r0,road_loopA_r1,4371.3,4467.1,95.8,1297.6,48.8,0
2490,car,4.5,road_loopA_r0,road_loopA_r1,4358.3,4467.7,109.4,1297.5,42.7,0
2483,suv,4.8,road_loopA_f0,road_loopA_f1,4352.7,4468.1,115.4,1304.2,40.7,1
2509,car,4.5,road_loopA_r0,road_loopA_r1,4381.2,4470.2,89.0,1297.3,52.5,0
2488,suv,4.8,road_loopA_f0,road_loopA_f1,4357.6,4471.4,113.8,1303.3,41.2,1
2485,car,4.5,road_loopA_f0,road_loopA_f1,4354.8,4471.8,117.0,1302.9,40.1,1
2514,car,4.5,road_loopA_r0,road_loopA_r1,4386.7,4475.7,89.0,1297.3,52.5,0
2486,truck,8.5,road_loopA_f0,road_loopA_f1,4355.6,4477.1,121.5,1302.8,38.6,1
2480,car,4.5,road_loopA_f0,road_loopA_f1,4347.6,4477.2,129.6,1303.8,36.2,1
2503,suv,4.8,road_loopA_f0,xloopA_0Ab,4367.4,4477.7,110.3,505.7,16.5,1
2479,truck,8.5,road_loopA_r0,xloopA_0Bb,4347.6,4478.3,130.7,895.9,24.7,2
2489,car,4.5,road_loopA_f0,road_loopA_f1,4358.2,4479.2,121.0,1303.7,38.8,1
2491,car,4.5,road_loopA_f0,road_loopA_f1,4359.2,4480.0,120.8,1303.5,38.8,1
2562,car,4.5,road_loopA_f0,xloopA_0Ab,4420.2,4480.3,60.1,505.4,30.3,1
2496,car,4.5,road_loopA_f0,road_loopA_f1,4361.4,4480.9,119.5,1303.6,39.3,1
2482,car,4.5,road_loopA_r0,xloopA_0Bb,4352.7,4481.3,128.6,895.8,25.1,1
2498,car,4.5,road_loopA_f0,road_loopA_f1,4362.8,4481.4,118.6,1303.4,39.6,1
2523,suv,4.8,road_loopA_r0,road_loopA_r1,4392.3,4482.0,89.7,1298.1,52.1,0
2499,car,4.5,road_loopA_f0,road_loopA_f1,4363.6,4482.7,119.1,1303.5,39.4,1
2500,truck,8.5,road_loopA_f0,road_loopA_f1,4365.0,4483.7,118.7,1303.3,39.5,1
2495,car,4.5,road_loopA_r0,xloopA_0Bb,4360.5,4483.9,123.4,895.5,26.1,1
2502,car,4.5,road_loopA_f0,road_loopA_f1,4366.3,4484.5,118.2,1303.1,39.7,1
2530,car,4.5,road_loopA_r0,road_loopA_r1,4395.5,4485.0,89.5,1297.6,52.2,0
2519,suv,4.8,road_loopA_f0,road_loopA_f1,4389.8,4485.4,95.6,1302.9,49.1,0
2506,car,4.5,road_loopA_f0,road_loopA_f1,4374.9,4485.8,110.9,1303.7,42.3,0
2507,car,4.5,road_loopA_f0,road_loopA_f1,4376.5,4486.6,110.1,1304.1,42.6,0
2512,suv,4.8,road_loopA_r0,xloopA_0Bb,4384.3,4486.6,102.3,895.7,31.5,1
2517,suv,4.8,road_loopA_r0,road_loopA_r1,4388.7,4488.1,99.4,1297.8,47.0,0
2510,car,4.5,road_loopA_f0,road_loopA_f1,4382.2,4488.3,106.1,1303.1,44.2,0
2533,suv,4.8,road_loopA_r0,road_loopA_r1,4397.5,4489.8,92.3,1298.0,50.6,0
2516,suv,4.8,road_loopA_f0,road_loopA_f1,4388.1,4490.1,102.0,1304.0,46.0,0
2527,car,4.5,road_loopA_r0,road_loopA_r1,4395.0,4490.2,95.2,1297.3,49.1,0
2525,car,4.5,road_loopA_f0,road_loopA_f1,4394.1,4490.8,96.7,1303.2,48.5,0
2508,truck,8.5,road_loopA_f0,road_loopA_f1,4379.2,4491.0,111.8,1303.6,42.0,0
2472,car,4.5,xloopA_0Aa,xloopA_0Ab,4339.1,4491.8,152.7,84.1,2.0,1
2520,suv,4.8,road_loopA_f0,road_loopA_f1,4389.9,4491.9,102.0,1304.0,46.0,0
2561,car,4.5,xloopA_0Ba,xloopA_0Bb,4419.5,4491.9,72.4,84.5,4.2,1
2536,suv,4.8,road_loopA_r0,road_loopA_r1,4401.9,4492.9,91.0,1298.4,51.4,0
2513,truck,8.5,road_loopA_f0,road_loopA_f1,4385.0,4493.5,108.5,1303.5,43.2,0
2524,car,4.5,road_loopA_f0,road_loopA_f1,4393.1,4493.7,100.6,1304.0,46.7,0
2529,car,4.5,road_loopA_f0,road_loopA_f1,4395.4,4493.7,98.3,1303.0,47.7,0
2566,car,4.5,xloopA_0Ba,xloopA_0Bb,4422.9,4494.7,71.8,84.2,4.2,1
2604,car,4.5,xloopA_0Ba,xloopA_0Bb,4453.9,4496.7,42.8,84.2,7.1,1
2526,truck,8.5,road_loopA_f0,road_loopA_f1,4394.9,4496.8,101.9,1303.2,46.1,0
2518,truck,8.5,road_loopA_r0,road_loopA_r1,4389.6,4497.1,107.5,1298.4,43.5,0
2484,car,4.5,xloopA_0Aa,xloopA_0Ab,4353.4,4497.6,144.2,84.2,2.1,1
2532,suv,4.8,road_loopA_f0,road_loopA_f1,4397.0,4498.8,101.8,1303.6,46.1,0
2531,car,4.5,road_loopA_r0,road_loopA_r1,4396.5,4499.1,102.6,1297.9,45.5,0
2504,car,4.5,xloopA_0Aa,xloopA_0Ab,4369.3,4499.6,130.3,84.6,2.3,0
2620,car,4.5,xloopA_0Ba,xloopA_0Bb,4469.1,4499.6,30.5,84.4,9.9,0
2539,car,4.5,road_loopA_f0,road_loopA_f1,4406.7,4500.0,93.3,1304.0,50.3,0
2542,car,4.5,road_loopA_f0,road_loopA_f1,4408.0,4501.5,93.5,1303.0,50.2,0
2588,car,4.5,xloopA_0Aa,xloopA_0Ab,4438.4,4501.7,63.3,84.1,4.8,0
2541,car,4.5,road_loopA_f0,road_loopA_f1,4407.5,4502.3,94.8,1303.7,49.5,0
2546,car,4.5,road_loopA_f0,road_loopA_f1,4411.9,4503.4,91.5,1304.0,51.3,0
2521,suv,4.8,road_loopA_f0,road_loopA_f1,4390.5,4504.0,113.5,1303.3,41.3,0
2545,suv,4.8,road_loopA_f0,road_loopA_f1,4410.0,4505.1,95.1,1304.1,49.4,0
2535,car,4.5,road_loopA_f0,road_loopA_f1,4399.7,4505.8,106.1,1303.4,44.2,0
2553,car,4.5,road_loopA_f0,road_loopA_f1,4415.9,4507.6,91.7,1303.7,51.2,0
2552,car,4.5,road_loopA_f0,road_loopA_f1,4415.0,4508.5,93.5,1303.7,50.2,0
2555,car,4.5,road_loopA_f0,road_loopA_f1,4416.2,4510.1,93.9,1303.3,50.0,0
2548,truck,8.5,road_loopA_f0,road_loopA_f1,4413.0,4511.2,98.2,1302.8,47.7,0
2565,car,4.5,road_loopA_f0,road_loopA_f1,4422.4,4511.9,89.5,1303.7,52.4,0
2556,car,4.5,road_loopA_f0,road_loopA_f1,4416.6,4513.4,96.8,1303.6,48.5,0
2584,car,4.5,road_loopA_f0,xloopA_0Bb,4432.2,4515.2,83.0,478.8,20.8,1
2587,car,4.5,road_loopA_f0,xloopA_0Bb,4437.3,4518.6,81.3,478.8,21.2,1
2567,car,4.5,road_loopA_f0,road_loopA_f1,4423.4,4520.7,97.3,1303.6,48.2,0
2570,car,4.5,road_loopA_f0,road_loopA_f1,4425.4,4521.2,95.8,1303.2,49.0,0
2589,suv,4.8,road_loopA_f0,xloopA_0Bb,4438.5,4522.7,84.2,478.9,20.5,1
2575,car,4.5,road_loopA_f0,road_loopA_f1,4427.0,4522.9,95.9,1303.8,48.9,0
2611,car,4.5,road_loopA_f0,xloopA_0Bb,4459.8,4526.5,66.7,478.7,25.8,0
2610,suv,4.8,road_loopA_r0,xloopA_0Ab,4458.0,4527.1,69.1,869.3,45.3,0
2543,car,4.5,road_loopA_r0,road_loopA_r1,4408.6,4533.2,124.6,1297.3,37.5,1
2540,car,4.5,road_loopA_r0,road_loopA_r1,4407.2,4533.5,126.3,1298.3,37.0,1
2640,suv,4.8,road_loopA_f0,xloopA_0Bb,4489.4,4534.1,44.7,479.1,38.6,0
2549,car,4.5,road_loopA_r0,road_loopA_r1,4413.5,4535.2,121.7,1298.2,38.4,1
2550,car,4.5,road_loopA_r0,road_loopA_r1,4414.2,4536.3,122.1,1298.2,38.3,1
2557,car,4.5,road_loopA_r0,road_loopA_r1,4417.7,4539.4,121.7,1297.4,38.4,1
2558,car,4.5,road_loopA_r0,road_loopA_r1,4418.1,4543.5,125.4,1297.5,37.2,1
2569,suv,4.8,road_loopA_r0,road_loopA_r1,4425.3,4544.9,119.6,1297.2,39.1,1
2547,suv,4.8,road_loopA_r0,road_loopA_r1,4412.5,4545.3,132.8,1297.5,35.2,1
2551,truck,8.5,road_loopA_r0,road_loopA_r1,4414.9,4547.7,132.8,1297.5,35.2,1
2564,car,4.5,road_loopA_r0,road_loopA_r1,4420.6,4547.7,127.1,1298.3,36.8,1
2623,car,4.5,road_loopA_r0,xloopA_0Ab,4473.0,4548.9,75.9,869.0,41.2,0
2563,car,4.5,road_loopA_r0,road_loopA_r1,4420.4,4549.5,129.1,1297.9,36.2,1
2578,car,4.5,road_loopA_r0,road_loopA_r1,4429.5,4551.7,122.2,1297.5,38.2,1
2625,suv,4.8,road_loopA_r0,xloopA_0Ab,4476.0,4552.3,76.3,869.3,41.0,0
2560,car,4.5,road_loopA_r0,road_loopA_r1,4419.0,4552.7,133.7,1297.8,34.9,1
2574,car,4.5,road_loopA_r0,road_loopA_r1,4426.6,4553.4,126.8,1297.6,36.8,1
2487,bus,11.0,road_loopA_f0,road_loopA_f1,4356.5,4553.6,197.1,1303.3,23.8,9
2572,car,4.5,road_loopA_r0,road_loopA_r1,4425.8,4554.2,128.4,1298.6,36.4,1
2591,car,4.5,road_loopA_r0,road_loopA_r1,4438.9,4555.9,117.0,1298.2,39.9,1
2577,car,4.5,road_loopA_r0,road_loopA_r1,4427.5,4556.3,128.8,1298.6,36.3,1
2478,car,4.5,xloopA_0Aa,road_loopA_r1,4344.6,4556.6,212.0,506.7,8.6,1
2590,car,4.5,road_loopA_r0,road_loopA_r1,4438.5,4557.7,119.2,1298.1,39.2,0
2534,car,4.5,road_loopA_r0,road_loopA_r1,4399.6,4558.3,158.7,1298.4,29.5,1
2559,car,4.5,road_loopA_r0,road_loopA_r1,4418.2,4559.3,141.1,1297.5,33.1,1
2614,suv,4.8,road_loopA_r0,road_loopA_r1,4462.6,4559.6,97.0,1297.9,48.2,0
2538,car,4.5,road_loopA_r0,road_loopA_r1,4404.2,4560.0,155.8,1297.7,30.0,1
2580,truck,8.5,road_loopA_r0,road_loopA_r1,4431.1,4561.2,130.1,1298.3,35.9,0
2,tram,34.0,loopA,loopA,298.9,4561.7,4262.8,33702.5,28.5,41
2608,suv,4.8,road_loopA_r0,road_loopA_r1,4455.9,4562.4,106.5,1298.3,43.9,0
2583,truck,8.5,road_loopA_f0,road_loopA_f1,4432.0,4563.0,131.0,1303.1,35.8,1
2582,car,4.5,road_loopA_r0,road_loopA_r1,4431.8,4563.4,131.6,1297.4,35.5,1
2571,suv,4.8,road_loopA_r0,road_loopA_r1,4425.5,4564.4,138.9,1297.5,33.6,0
2606,suv,4.8,road_loopA_r0,road_loopA_r1,4454.9,4564.5,109.6,1297.5,42.6,0
2579,car,4.5,road_loopA_f0,road_loopA_f1,4429.9,4565.6,135.7,1303.4,34.6,1
2581,car,4.5,road_loopA_r0,road_loopA_r1,4431.8,4566.1,134.3,1297.8,34.8,0
2585,car,4.5,road_loopA_f0,road_loopA_f1,4436.6,4566.1,129.5,1303.7,36.2,1
2593,car,4.5,road_loopA_r0,road_loopA_r1,4440.6,4566.2,125.6,1297.9,37.2,0
2618,suv,4.8,road_loopA_r0,road_loopA_r1,4467.2,4567.3,100.1,1297.7,46.7,0
2605,car,4.5,road_loopA_r0,road_loopA_r1,4454.4,4567.8,113.4,1297.8,41.2,0
2615,car,4.5,road_loopA_r0,road_loopA_r1,4463.9,4568.6,104.7,1298.5,44.7,0
2629,car,4.5,road_loopA_r0,road_loopA_r1,4478.1,4569.1,91.0,1297.8,51.3,0
2592,car,4.5,road_loopA_f0,road_loopA_f1,4440.4,4569.9,129.5,1303.1,36.2,1
2621,car,4.5,road_loopA_r0,road_loopA_r1,4471.8,4570.3,98.5,1298.1,47.4,0
2537,car,4.5,road_loopA_r0,xloopA_0Bb,4402.0,4570.5,168.5,895.5,19.1,2
2638,car,4.5,road_loopA_f0,xloopA_0Ab,4487.8,4571.1,83.3,505.2,21.8,1
2601,suv,4.8,road_loopA_f0,road_loopA_f1,4451.1,4571.7,120.6,1303.7,38.9,1
2628,car,4.5,road_loopA_r0,road_loopA_r1,4477.1,4571.8,94.7,1297.6,49.3,0
2627,car,4.5,road_loopA_r0,road_loopA_r1,4476.8,4572.1,95.3,1298.4,49.1,0
2576,truck,8.5,road_loopA_f0,road_loopA_f1,4427.6,4572.3,144.7,1303.6,32.4,1
2599,suv,4.8,road_loopA_r0,road_loopA_r1,4450.3,4572.4,122.1,1297.9,38.3,0
2597,car,4.5,road_loopA_r0,xloopA_0Bb,4444.8,4573.1,128.3,895.5,25.1,1
2603,car,4.5,road_loopA_f0,road_loopA_f1,4453.2,4573.2,120.0,1304.0,39.1,1
2594,car,4.5,road_loopA_f0,road_loopA_f1,4442.5,4574.2,131.7,1303.2,35.6,1
2616,car,4.5,road_loopA_r0,road_loopA_r1,4465.2,4574.2,109.0,1298.2,42.9,0
2637,car,4.5,road_loopA_r0,road_loopA_r1,4485.9,4575.3,89.4,1297.9,52.2,0
2641,suv,4.8,road_loopA_r0,xloopA_0Bb,4489.4,4575.8,86.4,895.7,37.3,1
2586,suv,4.8,road_loopA_f0,road_loopA_f1,4437.1,4575.9,138.8,1303.0,33.8,1
2568,car,4.5,road_loopA_f0,road_loopA_f1,4425.4,4576.0,150.6,1303.8,31.2,1
2677,suv,4.8,road_loopA_f0,xloopA_0Ab,4526.6,4577.1,50.5,505.6,36.1,0
2595,car,4.5,road_loopA_f0,road_loopA_f1,4442.5,4577.9,135.4,1303.0,34.6,1
2632,car,4.5,road_loopA_f0,road_loopA_f1,4480.3,4578.2,97.9,1302.9,47.9,0
2634,suv,4.8,road_loopA_r0,road_loopA_r1,4482.0,4578.8,96.8,1297.4,48.2,0
2607,car,4.5,road_loopA_f0,road_loopA_f1,4455.6,4579.2,123.6,1303.7,38.0,1
2609,truck,8.5,road_loopA_f0,road_loopA_f1,4458.1,4580.3,122.2,1303.2,38.4,1
2612,car,4.5,road_loopA_f0,road_loopA_f1,4461.9,4580.8,118.9,1304.1,39.5,1
2644,car,4.5,road_loopA_r0,road_loopA_r1,4491.6,4580.8,89.2,1298.2,52.4,0
2613,car,4.5,road_loopA_f0,road_loopA_f1,4462.3,4582.3,120.0,1303.3,39.1,1
2619,car,4.5,road_loopA_f0,road_loopA_f1,4467.3,4582.4,115.1,1302.8,40.8,1
2647,suv,4.8,road_loopA_r0,road_loopA_r1,4493.6,4582.6,89.0,1298.6,52.5,0
2626,car,4.5,road_loopA_f0,road_loopA_f1,4476.6,4583.5,106.9,1304.0,43.9,0
2600,car,4.5,xloopA_0Aa,xloopA_0Ab,4451.1,4584.9,133.8,84.0,2.3,1
2631,car,4.5,road_loopA_f0,road_loopA_f1,4479.2,4585.1,105.9,1303.2,44.3,0
2596,suv,4.8,road_loopA_f0,road_loopA_f1,4444.6,4585.3,140.7,1304.0,33.4,1
2646,car,4.5,road_loopA_r0,road_loopA_r1,4493.4,4585.3,91.9,1297.5,50.8,0
2635,car,4.5,road_loopA_f0,road_loopA_f1,4482.5,4587.0,104.5,1303.7,44.9,0
2643,car,4.5,xloopA_0Aa,xloopA_0Ab,4490.8,4587.0,96.2,84.4,3.2,1
2655,car,4.5,road_loopA_r0,road_loopA_r1,4498.8,4587.9,89.1,1298.6,52.5,0
2633,car,4.5,road_loopA_f0,road_loopA_f1,4481.7,4589.0,107.3,1303.4,43.7,0
2660,car,4.5,xloopA_0Aa,xloopA_0Ab,4505.0,4589.3,84.3,84.7,3.6,1
2636,car,4.5,road_loopA_f0,road_loopA_f1,4484.8,4592.1,107.3,1303.4,43.7,0
2653,suv,4.8,road_loopA_f0,road_loopA_f1,4497.7,4594.4,96.7,1303.5,48.5,0
2624,car,4.5,road_loopA_f0,road_loopA_f1,4474.1,4595.4,121.3,1303.3,38.7,0
2645,car,4.5,road_loopA_f0,road_loopA_f1,4492.4,4595.9,103.5,1303.9,45.4,0
2662,suv,4.8,road_loopA_f0,road_loopA_f1,4506.1,4596.8,90.7,1302.9,51.7,0
2598,bus,11.0,road_loopA_r0,road_loopA_r1,4446.9,4597.6,150.7,1298.5,31.0,2
2661,car,4.5,road_loopA_f0,road_loopA_f1,4506.0,4599.6,93.6,1304.2,50.1,0
2622,suv,4.8,road_loopA_f0,road_loopA_f1,4472.0,4599.9,127.9,1303.0,36.7,0
2648,suv,4.8,road_loopA_f0,road_loopA_f1,4494.2,4601.2,107.0,1303.3,43.8,0
2659,car,4.5,road_loopA_f0,road_loopA_f1,4504.0,4602.3,98.3,1303.5,47.7,0
2650,car,4.5,road_loopA_f0,road_loopA_f1,4494.8,4603.0,108.2,1303.0,43.4,0
2672,car,4.5,road_loopA_f0,road_loopA_f1,4517.3,4606.8,89.5,1304.0,52.4,0
2652,car,4.5,road_loopA_f0,road_loopA_f1,4497.0,4607.1,110.1,1303.2,42.6,0
2654,truck,8.5,road_loopA_f0,road_loopA_f1,4498.8,4609.3,110.5,1302.8,42.5,0
2639,car,4.5,road_loopA_f0,road_loopA_f1,4488.8,4610.9,122.1,1302.9,38.4,0
2675,suv,4.8,road_loopA_f0,road_loopA_f1,4523.9,4613.3,89.4,1304.0,52.5,0
2663,truck,8.5,road_loopA_f0,road_loopA_f1,4507.1,4614.2,107.1,1303.0,43.8,0
2617,car,4.5,xloopA_0Ba,road_loopA_f1,4466.6,4616.8,150.2,902.6,21.6,0
2630,truck,8.5,road_loopA_f0,road_loopA_f1,4478.7,4618.6,139.9,1303.2,33.5,0
2602,truck,8.5,road_loopA_f0,road_loopA_f1,4451.2,4619.0,167.8,1303.3,28.0,1
2657,car,4.5,road_loopA_r0,road_loopA_r1,4499.6,4625.2,125.6,1297.5,37.2,1
2658,car,4.5,road_loopA_r0,road_loopA_r1,4502.3,4627.9,125.6,1297.5,37.2,1
2664,car,4.5,road_loopA_r0,road_loopA_r1,4508.1,4629.2,121.1,1297.5,38.6,1
2674,car,4.5,road_loopA_r0,road_loopA_r1,4523.5,4632.5,109.0,1298.2,42.9,1
2669,car,4.5,xloopA_0Ba,road_loopA_r1,4512.3,4633.1,120.8,476.3,14.2,1
2642,car,4.5,road_loopA_r0,road_loopA_r1,4489.8,4633.2,143.4,1298.0,32.6,1
2680,car,4.5,road_loopA_r0,road_loopA_r1,4528.6,4635.5,106.9,1298.5,43.7,0
2693,suv,4.8,road_loopA_r0,road_loopA_r1,4542.5,4637.4,94.9,1298.1,49.2,0
2696,car,4.5,road_loopA_r0,road_loopA_r1,4543.4,4640.2,96.8,1297.8,48.2,0
2573,bus,11.0,road_loopA_f0,road_loopA_f1,4425.9,4641.9,216.0,1303.0,21.7,3
2695,car,4.5,road_loopA_r0,road_loopA_r1,4543.2,4642.6,99.4,1297.7,47.0,0
2676,car,4.5,xloopA_0Ba,road_loopA_r1,4525.9,4642.7,116.8,476.5,14.7,1
2667,car,4.5,road_loopA_r0,road_loopA_r1,4511.3,4643.8,132.5,1297.8,35.3,1
2705,car,4.5,road_loopA_r0,road_loopA_r1,4552.8,4645.3,92.5,1298.2,50.5,0
2687,car,4.5,road_loopA_r0,road_loopA_r1,4537.1,4645.4,108.3,1297.9,43.1,0
2670,car,4.5,road_loopA_r0,road_loopA_r1,4513.6,4647.1,133.5,1297.5,35.0,1
2706,car,4.5,road_loopA_r0,road_loopA_r1,4553.0,4648.2,95.2,1298.7,49.1,0
2673,car,4.5,road_loopA_r0,road_loopA_r1,4521.0,4649.3,128.3,1298.2,36.4,0
2690,car,4.5,xloopA_0Ba,road_loopA_r1,4539.4,4649.4,110.0,476.8,15.6,0
2704,car,4.5,road_loopA_r0,road_loopA_r1,4550.7,4650.9,100.2,1297.7,46.6,0
2703,car,4.5,road_loopA_r0,road_loopA_r1,4549.7,4651.0,101.3,1297.5,46.1,0
2713,car,4.5,road_loopA_r0,xloopA_0Ab,4559.1,4651.5,92.4,869.1,33.9,1
2651,truck,8.5,road_loopA_r0,road_loopA_r1,4496.8,4651.6,154.8,1297.8,30.2,1
2698,car,4.5,road_loopA_r0,road_loopA_r1,4545.7,4653.2,107.5,1298.5,43.5,0
2656,car,4.5,road_loopA_r0,road_loopA_r1,4499.3,4653.6,154.3,1297.6,30.3,1
2649,bus,11.0,road_loopA_r0,road_loopA_r1,4494.3,4654.1,159.8,1297.5,29.2,1
2665,suv,4.8,road_loopA_r0,road_loopA_r1,4510.4,4655.3,144.9,1297.6,32.2,1
2712,car,4.5,road_loopA_r0,road_loopA_r1,4557.8,4657.0,99.2,1298.1,47.1,0
2692,truck,8.5,road_loopA_r0,road_loopA_r1,4540.0,4658.8,118.8,1298.2,39.3,0
2714,car,4.5,road_loopA_r0,road_loopA_r1,4560.1,4658.8,98.7,1297.9,47.3,0
2725,car,4.5,road_loopA_r0,road_loopA_r1,4568.8,4659.2,90.4,1298.0,51.7,0
2678,suv,4.8,road_loopA_f0,road_loopA_f1,4528.4,4660.4,132.0,1302.9,35.5,1
2723,suv,4.8,road_loopA_r0,road_loopA_r1,4566.0,4660.7,94.7,1298.0,49.3,0
2671,car,4.5,road_loopA_r0,xloopA_0Bb,4515.5,4664.0,148.5,895.4,21.7,1
2688,suv,4.8,road_loopA_f0,road_loopA_f1,4538.1,4664.6,126.5,1303.9,37.1,1
2726,suv,4.8,road_loopA_f0,xloopA_0Ab,4568.8,4664.6,95.8,504.9,19.0,1
2719,car,4.5,road_loopA_r0,road_loopA_r1,4562.5,4664.8,102.3,1297.8,45.7,0
2699,suv,4.8,road_loopA_r0,xloopA_0Bb,4547.5,4666.7,119.2,895.9,27.0,1
2668,bus,11.0,road_loopA_r0,road_loopA_r1,4511.4,4668.5,157.1,1298.3,29.8,1
2721,car,4.5,road_loopA_r0,xloopA_0Bb,4563.8,4669.3,105.5,895.3,30.6,1
2731,car,4.5,road_loopA_r0,road_loopA_r1,4578.6,4669.6,91.0,1297.4,51.3,0
2709,car,4.5,road_loopA_r0,road_loopA_r1,4556.3,4671.5,115.2,1297.6,40.5,0
2740,car,4.5,road_loopA_r0,xloopA_0Bb,4586.2,4672.0,85.8,895.5,37.6,0
2732,suv,4.8,road_loopA_r0,road_loopA_r1,4578.5,4672.1,93.6,1297.5,49.9,0
2697,suv,4.8,road_loopA_f0,road_loopA_f1,4544.8,4672.3,127.5,1303.7,36.8,1
2700,truck,8.5,road_loopA_r0,road_loopA_r1,4549.0,4672.8,123.8,1298.0,37.7,0
2720,car,4.5,road_loopA_r0,road_loopA_r1,4563.8,4673.2,109.4,1298.5,42.7,0
2724,car,4.5,road_loopA_f0,road_loopA_f1,4568.0,4674.7,106.7,1303.7,44.0,0
2707,truck,8.5,road_loopA_f0,road_loopA_f1,4555.0,4674.8,119.8,1302.8,39.1,1
2716,car,4.5,road_loopA_r0,road_loopA_r1,4560.5,4675.0,114.5,1298.0,40.8,0
2733,suv,4.8,road_loopA_r0,road_loopA_r1,4580.0,4675.4,95.4,1298.4,49.0,0
2743,car,4.5,road_loopA_r0,road_loopA_r1,4586.7,4675.8,89.1,1298.3,52.5,0
2684,car,4.5,road_loopA_f0,road_loopA_f1,4535.8,4675.9,140.1,1303.8,33.5,1
2737,car,4.5,road_loopA_r0,road_loopA_r1,4583.6,4676.9,93.3,1298.5,50.1,0
2729,suv,4.8,road_loopA_f0,road_loopA_f1,4575.8,4678.6,102.8,1303.7,45.7,0
2739,car,4.5,road_loopA_f0,road_loopA_f1,4585.9,4679.3,93.4,1303.1,50.2,0
2710,car,4.5,xloopA_0Ba,xloopA_0Bb,4556.6,4679.4,122.8,84.6,2.5,1
2735,car,4.5,road_loopA_f0,road_loopA_f1,4582.8,4681.0,98.2,1303.7,47.8,0
2748,car,4.5,xloopA_0Aa,xloopA_0Ab,4593.0,4681.0,88.0,84.7,3.5,1
2744,car,4.5,road_loopA_f0,road_loopA_f1,4587.0,4683.4,96.4,1304.0,48.7,0
2758,car,4.5,xloopA_0Aa,xloopA_0Ab,4601.6,4683.5,81.9,84.1,3.7,1
2741,suv,4.8,road_loopA_f0,road_loopA_f1,4586.4,4685.1,98.7,1302.8,47.5,0
2691,car,4.5,road_loopA_f0,road_loopA_f1,4539.8,4685.6,145.8,1303.6,32.2,1
2800,car,4.5,xloopA_0Aa,xloopA_0Ab,4638.7,4685.6,46.9,84.4,6.5,0
2775,car,4.5,xloopA_0Ba,xloopA_0Bb,4616.0,4687.0,71.0,84.7,4.3,0
2681,car,4.5,xloopA_0Ba,road_loopA_f1,4533.7,4687.1,153.4,903.1,21.2,1
2825,car,4.5,xloopA_0Aa,xloopA_0Ab,4656.3,4687.4,31.1,84.0,9.7,0
2746,suv,4.8,road_loopA_f0,road_loopA_f1,4588.7,4688.8,100.1,1304.1,46.9,0
2717,car,4.5,road_loopA_f0,road_loopA_f1,4561.0,4689.0,128.0,1304.0,36.7,0
2749,suv,4.8,road_loopA_f0,road_loopA_f1,4595.1,4690.5,95.4,1303.2,49.2,0
2701,car,4.5,road_loopA_f0,road_loopA_f1,4549.3,4690.6,141.3,1303.0,33.2,1
2666,car,4.5,xloopA_0Aa,road_loopA_f1,4511.4,4690.9,179.5,872.4,17.5,0
2755,car,4.5,road_loopA_f0,road_loopA_f1,4598.5,4692.4,93.9,1303.3,50.0,0
2679,car,4.5,road_loopA_f0,road_loopA_f1,4528.5,4692.5,164.0,1303.1,28.6,1
2722,truck,8.5,road_loopA_f0,road_loopA_f1,4564.9,4693.1,128.2,1303.3,36.6,0
2682,car,4.5,road_loopA_f0,road_loopA_f1,4534.7,4694.1,159.4,1302.9,29.4,1
2753,truck,8.5,road_loopA_f0,road_loopA_f1,4596.6,4694.7,98.1,1303.2,47.8,0
2734,truck,8.5,road_loopA_f0,road_loopA_f1,4580.2,4695.6,115.4,1304.0,40.7,0
2685,car,4.5,road_loopA_f0,road_loopA_f1,4536.0,4695.8,159.8,1303.0,29.3,1
2715,car,4.5,road_loopA_f0,road_loopA_f1,4560.4,4697.6,137.2,1303.8,34.2,1
2686,truck,8.5,road_loopA_f0,road_loopA_f1,4537.0,4698.0,161.0,1303.4,29.1,1
2745,car,4.5,road_loopA_f0,road_loopA_f1,4587.9,4698.7,110.8,1303.9,42.4,0
2718,suv,4.8,road_loopA_f0,road_loopA_f1,4562.2,4699.4,137.2,1303.7,34.2,0
2689,suv,4.8,road_loopA_f0,road_loopA_f1,4538.9,4700.0,161.1,1302.8,29.1,1
2761,car,4.5,road_loopA_f0,road_loopA_f1,4605.9,4700.4,94.5,1303.7,49.7,0
2738,suv,4.8,road_loopA_f0,road_loopA_f1,4584.6,4701.3,116.7,1304.0,40.2,0
2694,car,4.5,road_loopA_f0,road_loopA_f1,4542.9,4702.0,159.1,1303.0,29.5,1
2765,suv,4.8,road_loopA_f0,road_loopA_f1,4608.0,4702.3,94.3,1304.1,49.8,0
2759,car,4.5,road_loopA_f0,road_loopA_f1,4604.7,4703.0,98.3,1303.6,47.7,0
2763,suv,4.8,road_loopA_f0,road_loopA_f1,4607.2,4703.7,96.5,1303.7,48.7,0
2708,car,4.5,road_loopA_f0,road_loopA_f1,4555.3,4703.8,148.5,1304.0,31.6,1
2747,suv,4.8,road_loopA_f0,road_loopA_f1,4592.3,4705.6,113.3,1303.4,41.4,0
2787,truck,8.5,road_loopA_f0,xloopA_0Bb,4622.6,4705.6,83.0,479.1,20.8,2
2757,suv,4.8,road_loopA_f0,road_loopA_f1,4600.2,4706.4,106.2,1303.3,44.2,0
2773,car,4.5,road_loopA_f0,road_loopA_f1,4614.2,4707.8,93.6,1304.1,50.1,0
2760,car,4.5,road_loopA_f0,road_loopA_f1,4604.7,4709.3,104.6,1303.4,44.9,0
2809,car,4.5,road_loopA_f0,xloopA_0Bb,4646.3,4711.9,65.6,478.5,26.3,4
2767,car,4.5,road_loopA_f0,road_loopA_f1,4608.9,4716.1,107.2,1303.5,43.8,0
2771,car,4.5,road_loopA_f0,road_loopA_f1,4611.4,4717.8,106.4,1302.9,44.1,0
2768,car,4.5,road_loopA_f0,road_loopA_f1,4609.0,4719.1,110.1,1303.8,42.6,0
2777,car,4.5,road_loopA_f0,road_loopA_f1,4617.3,4719.5,102.2,1303.4,45.9,0
2754,car,4.5,road_loopA_r0,road_loopA_r1,4598.0,4720.3,122.3,1297.5,38.2,1
2742,car,4.5,road_loopA_r0,road_loopA_r1,4586.4,4723.0,136.6,1297.3,34.2,1
2756,car,4.5,road_loopA_r0,road_loopA_r1,4598.4,4723.3,124.9,1297.4,37.4,1
2702,bus,11.0,road_loopA_f0,road_loopA_f1,4549.2,4724.5,175.3,1302.9,26.8,3
2764,car,4.5,road_loopA_r0,road_loopA_r1,4607.6,4725.3,117.7,1298.5,39.7,1
2769,car,4.5,road_loopA_r0,road_loopA_r1,4609.7,4726.8,117.1,1297.6,39.9,1
2751,truck,8.5,road_loopA_r0,road_loopA_r1,4595.4,4727.7,132.3,1297.3,35.3,1
2774,car,4.5,road_loopA_r0,road_loopA_r1,4614.2,4728.6,114.4,1298.6,40.9,1
2780,suv,4.8,road_loopA_r0,road_loopA_r1,4618.3,4730.4,112.1,1297.8,41.7,1
2683,bus,11.0,road_loopA_f0,road_loopA_f1,4534.9,4732.9,198.0,1303.6,23.7,3
2727,car,4.5,xloopA_0Ba,road_loopA_r1,4573.2,4733.0,159.8,476.2,10.7,1
2782,car,4.5,road_loopA_r0,road_loopA_r1,4618.9,4734.1,115.2,1297.4,40.6,1
2750,suv,4.8,road_loopA_r0,road_loopA_r1,4595.2,4736.3,141.1,1297.9,33.1,1
2766,car,4.5,road_loopA_r0,road_loopA_r1,4608.3,4738.6,130.3,1298.2,35.9,1
2808,car,4.5,road_loopA_r0,road_loopA_r1,4646.0,4739.1,93.1,1298.6,50.2,0
2772,suv,4.8,road_loopA_r0,road_loopA_r1,4613.5,4741.1,127.6,1297.6,36.6,0
2815,suv,4.8,road_loopA_r0,road_loopA_r1,4650.4,4741.3,90.9,1297.3,51.4,0
2776,car,4.5,road_loopA_r0,road_loopA_r1,4616.3,4743.3,127.0,1298.1,36.8,0
2817,car,4.5,road_loopA_r0,road_loopA_r1,4652.8,4744.0,91.2,1297.4,51.2,0
2778,car,4.5,xloopA_0Ba,road_loopA_r1,4617.7,4744.7,127.0,476.4,13.5,0
2799,car,4.5,road_loopA_r0,road_loopA_r1,4637.7,4744.9,107.2,1297.4,43.6,0
2822,car,4.5,road_loopA_r0,road_loopA_r1,4655.2,4745.4,90.2,1298.2,51.8,0
2784,car,4.5,road_loopA_f0,road_loopA_f1,4621.6,4746.2,124.6,1304.0,37.7,1
2752,truck,8.5,road_loopA_r0,road_loopA_r1,4595.6,4746.8,151.2,1297.4,30.9,1
2785,car,4.5,road_loopA_r0,road_loopA_r1,4621.7,4747.3,125.6,1297.8,37.2,0
2818,car,4.5,road_loopA_r0,road_loopA_r1,4653.0,4747.4,94.4,1297.8,49.5,0
2792,suv,4.8,road_loopA_r0,road_loopA_r1,4625.8,4748.4,122.6,1297.7,38.1,0
2762,car,4.5,road_loopA_r0,road_loopA_r1,4606.3,4748.9,142.6,1298.3,32.8,1
2830,car,4.5,road_loopA_r0,road_loopA_r1,4659.3,4749.0,89.7,1298.0,52.1,0
2788,truck,8.5,road_loopA_r0,road_loopA_r1,4622.8,4750.5,127.7,1297.8,36.6,0
2770,suv,4.8,road_loopA_r0,road_loopA_r1,4610.9,4750.6,139.7,1297.9,33.5,1
2791,car,4.5,road_loopA_f0,road_loopA_f1,4625.1,4752.3,127.2,1302.9,36.9,1
2806,suv,4.8,road_loopA_r0,road_loopA_r1,4643.9,4752.4,108.5,1297.6,43.0,0
2884,car,4.5,road_loopA_f0,xloopA_0Bb,4712.8,4752.7,39.9,478.7,43.2,0
2789,car,4.5,road_loopA_f0,road_loopA_f1,4623.4,4754.0,130.6,1302.9,35.9,1
2832,car,4.5,road_loopA_r0,road_loopA_r1,4661.3,4754.7,93.4,1297.8,50.0,0
2711,bus,11.0,road_loopA_f0,road_loopA_f1,4556.8,4755.1,198.3,1302.8,23.7,3
2803,car,4.5,road_loopA_f0,road_loopA_f1,4639.2,4755.7,116.5,1303.5,40.3,1
2837,car,4.5,road_loopA_r0,road_loopA_r1,4665.5,4756.6,91.1,1297.7,51.3,0
2811,car,4.5,road_loopA_f0,road_loopA_f1,4647.4,4757.8,110.4,1303.9,42.5,1
2842,car,4.5,road_loopA_r0,road_loopA_r1,4668.7,4758.3,89.6,1297.5,52.2,0
2838,car,4.5,road_loopA_r0,road_loopA_r1,4666.2,4760.6,94.4,1298.7,49.5,0
2824,truck,8.5,road_loopA_r0,road_loopA_r1,4656.1,4762.6,106.5,1298.0,43.9,0
2814,car,4.5,road_loopA_f0,road_loopA_f1,4649.3,4763.9,114.6,1303.9,41.0,0
2807,car,4.5,road_loopA_f0,road_loopA_f1,4644.0,4766.7,122.7,1303.0,38.2,1
2819,car,4.5,road_loopA_f0,road_loopA_f1,4653.8,4767.3,113.5,1303.1,41.4,0
2823,car,4.5,road_loopA_f0,road_loopA_f1,4655.9,4768.0,112.1,1303.7,41.9,0
2848,suv,4.8,road_loopA_r0,road_loopA_r1,4675.8,4770.0,94.2,1298.1,49.6,0
2779,car,4.5,road_loopA_r0,xloopA_0Bb,4618.2,4771.0,152.8,895.4,21.1,1
2798,car,4.5,road_loopA_f0,xloopA_0Ab,4634.5,4771.6,137.1,505.4,13.3,1
2805,car,4.5,road_loopA_f0,road_loopA_f1,4643.6,4772.0,128.4,1303.9,36.6,1
2794,truck,8.5,road_loopA_f0,road_loopA_f1,4628.7,4772.8,144.1,1303.8,32.6,1
2854,suv,4.8,road_loopA_r0,road_loopA_r1,4680.6,4773.5,92.9,1297.3,50.2,0
2827,suv,4.8,road_loopA_f0,road_loopA_f1,4657.0,4773.7,116.7,1302.8,40.2,0
2804,car,4.5,road_loopA_f0,xloopA_0Ab,4642.6,4774.2,131.6,505.5,13.8,1
2812,car,4.5,road_loopA_f0,road_loopA_f1,4648.1,4775.0,126.9,1303.6,37.0,0
2829,car,4.5,road_loopA_f0,road_loopA_f1,4658.6,4775.1,116.5,1304.1,40.3,0
2834,suv,4.8,road_loopA_f0,road_loopA_f1,4662.7,4776.7,114.0,1303.2,41.1,0
2796,suv,4.8,road_loopA_f0,road_loopA_f1,4630.0,4776.8,146.8,1303.3,32.0,1
2821,suv,4.8,road_loopA_f0,xloopA_0Ab,4654.8,4776.9,122.1,505.7,14.9,1
2859,car,4.5,road_loopA_r0,road_loopA_r1,4686.5,4778.4,91.9,1298.3,50.9,0
2841,truck,8.5,road_loopA_f0,road_loopA_f1,4668.4,4779.0,110.6,1302.9,42.4,0
2836,car,4.5,road_loopA_f0,xloopA_0Ab,4664.8,4779.5,114.7,505.1,15.9,1
2816,car,4.5,road_loopA_f0,road_loopA_f1,4652.7,4780.3,127.6,1303.1,36.8,12
2730,car,4.5,xloopA_0Ba,road_loopA_f1,4576.7,4780.6,203.9,902.3,15.9,1
2857,truck,8.5,road_loopA_r0,road_loopA_r1,4683.9,4781.0,97.1,1297.8,48.1,0
2850,car,4.5,road_loopA_f0,road_loopA_f1,4678.9,4781.3,102.4,1303.3,45.8,0
2810,car,4.5,road_loopA_f0,road_loopA_f1,4647.0,4782.2,135.2,1302.8,34.7,1
2839,car,4.5,road_loopA_f0,xloopA_0Ab,4666.5,4782.2,115.7,505.3,15.7,1
2858,car,4.5,road_loopA_f0,road_loopA_f1,4686.1,4783.0,96.9,1303.0,48.4,0
2826,car,4.5,road_loopA_f0,road_loopA_f1,4656.7,4783.1,126.4,1302.8,37.1,0
2868,car,4.5,road_loopA_r0,road_loopA_r1,4694.8,4783.8,89.0,1297.3,52.5,0
2828,car,4.5,road_loopA_f0,road_loopA_f1,4657.4,4784.3,126.9,1303.2,37.0,0
2862,car,4.5,road_loopA_f0,road_loopA_f1,4690.1,4784.8,94.7,1303.1,49.5,0
2831,car,4.5,road_loopA_f0,road_loopA_f1,4659.9,4785.5,125.6,1303.0,37.4,0
2871,car,4.5,road_loopA_r0,road_loopA_r1,4697.1,4786.1,89.0,1297.3,52.5,0
2865,car,4.5,road_loopA_f0,road_loopA_f1,4691.9,4786.6,94.7,1302.9,49.5,0
2783,car,4.5,xloopA_0Ba,xloopA_0Bb,4621.3,4786.9,165.6,84.7,1.8,1
2847,car,4.5,xloopA_0Aa,xloopA_0Ab,4673.2,4787.1,113.9,84.2,2.7,1
2867,car,4.5,road_loopA_f0,road_loopA_f1,4694.0,4788.4,94.4,1302.9,49.7,0
2844,car,4.5,road_loopA_f0,road_loopA_f1,4668.9,4788.8,119.9,1303.5,39.1,0
2908,car,4.5,xloopA_0Aa,xloopA_0Ab,4736.2,4789.3,53.1,84.5,5.7,1
2866,car,4.5,road_loopA_f0,road_loopA_f1,4693.2,4790.2,97.0,1303.5,48.4,0
2855,car,4.5,road_loopA_f0,road_loopA_f1,4682.8,4790.5,107.7,1304.0,43.6,0
2835,car,4.5,xloopA_0Ba,xloopA_0Bb,4664.3,4791.4,127.1,84.4,2.4,1
2932,car,4.5,xloopA_0Aa,xloopA_0Ab,4769.6,4791.5,21.9,84.6,13.9,0
2863,car,4.5,road_loopA_f0,road_loopA_f1,4690.7,4792.0,101.3,1303.8,46.3,0
2846,car,4.5,road_loopA_f0,road_loopA_f1,4671.5,4792.2,120.7,1303.3,38.9,0
2860,car,4.5,road_loopA_r0,road_loopA_r1,4687.9,4792.3,104.4,1298.1,44.8,0
2736,car,4.5,xloopA_0Aa,road_loopA_f1,4583.4,4792.4,209.0,872.5,15.0,1
2933,car,4.5,xloopA_0Aa,xloopA_0Ab,4770.5,4793.6,23.1,84.8,13.2,0
2786,car,4.5,road_loopA_f0,road_loopA_f1,4622.4,4794.0,171.6,1302.9,27.3,1
2852,suv,4.8,road_loopA_f0,road_loopA_f1,4679.6,4794.0,114.4,1303.0,41.0,0
2861,car,4.5,road_loopA_f0,road_loopA_f1,4688.0,4794.8,106.8,1302.8,43.9,0
2790,car,4.5,road_loopA_f0,road_loopA_f1,4624.3,4795.7,171.4,1303.2,27.4,1
2849,car,4.5,road_loopA_f0,road_loopA_f1,4677.4,4795.8,118.4,1302.9,39.6,0
2845,car,4.5,road_loopA_f0,road_loopA_f1,4670.4,4796.8,126.4,1304.1,37.2,0
2793,suv,4.8,road_loopA_f0,road_loopA_f1,4627.9,4797.4,169.5,1303.7,27.7,1
2843,car,4.5,road_loopA_f0,road_loopA_f1,4668.8,4797.7,128.9,1302.8,36.4,0
2795,car,4.5,road_loopA_f0,road_loopA_f1,4629.1,4799.1,170.0,1303.9,27.6,1
2877,truck,8.5,road_loopA_f0,road_loopA_f1,4701.2,4799.3,98.1,1303.6,47.8,0
2813,car,4.5,road_loopA_f0,road_loopA_f1,4649.3,4800.0,150.7,1303.7,31.1,1
2797,car,4.5,road_loopA_f0,road_loopA_f1,4630.7,4800.8,170.1,1303.4,27.6,1
2851,suv,4.8,road_loopA_r0,xloopA_0Ab,4679.4,4800.9,121.5,869.3,25.8,2
2856,suv,4.8,road_loopA_f0,road_loopA_f1,4683.6,4802.2,118.6,1302.9,39.5,0
2802,car,4.5,road_loopA_f0,road_loopA_f1,4639.0,4802.5,163.5,1303.0,28.7,1
2840,car,4.5,road_loopA_f0,road_loopA_f1,4667.8,4803.9,136.1,1304.2,34.5,0
2820,car,4.5,road_loopA_f0,road_loopA_f1,4653.9,4804.4,150.5,1303.9,31.2,0
2887,car,4.5,road_loopA_f0,road_loopA_f1,4713.4,4805.7,92.3,1303.5,50.9,0
2891,car,4.5,road_loopA_f0,road_loopA_f1,4715.9,4807.0,91.1,1302.9,51.5,0
2874,car,4.5,road_loopA_f0,road_loopA_f1,4699.7,4811.7,112.0,1303.4,41.9,0
2880,car,4.5,road_loopA_f0,road_loopA_f1,4707.6,4813.8,106.2,1303.7,44.2,0
2886,suv,4.8,road_loopA_f0,road_loopA_f1,4713.3,4815.2,101.9,1303.1,46.0,0
2938,suv,4.8,road_loopA_f0,xloopA_0Bb,4774.0,4816.0,42.0,478.9,41.0,0
2890,car,4.5,road_loopA_f0,road_loopA_f1,4715.5,4817.3,101.8,1303.0,46.1,0
2876,car,4.5,road_loopA_r0,road_loopA_r1,4700.6,4823.8,123.2,1298.0,37.9,1
2947,truck,8.5,road_loopA_f0,xloopA_0Bb,4780.0,4825.1,45.1,478.7,38.2,0
2878,car,4.5,road_loopA_r0,road_loopA_r1,4706.9,4825.3,118.4,1297.8,39.5,1
2881,suv,4.8,road_loopA_r0,road_loopA_r1,4709.2,4827.8,118.6,1298.2,39.4,1
2885,car,4.5,road_loopA_r0,road_loopA_r1,4712.8,4828.4,115.6,1298.1,40.4,1
2894,car,4.5,road_loopA_f0,road_loopA_f1,4717.9,4828.7,110.8,1303.5,42.3,0
2801,bus,11.0,road_loopA_f0,road_loopA_f1,4638.7,4829.2,190.5,1302.9,24.6,4
2882,car,4.5,road_loopA_r0,road_loopA_r1,4711.7,4829.7,118.0,1297.8,39.6,1
2898,car,4.5,road_loopA_r0,road_loopA_r1,4722.5,4831.9,109.4,1297.6,42.7,0
2875,car,4.5,road_loopA_r0,road_loopA_r1,4700.2,4835.3,135.1,1297.4,34.6,1
2900,car,4.5,road_loopA_r0,road_loopA_r1,4725.2,4836.1,110.9,1297.9,42.1,0
2892,suv,4.8,road_loopA_r0,road_loopA_r1,4716.2,4837.4,121.2,1297.4,38.5,0
2909,car,4.5,road_loopA_r0,road_loopA_r1,4736.8,4838.1,101.3,1297.8,46.1,0
2905,car,4.5,road_loopA_r0,road_loopA_r1,4731.5,4838.3,106.8,1297.9,43.8,0
2883,car,4.5,road_loopA_f0,road_loopA_f1,4712.7,4839.7,127.0,1303.0,36.9,0
2902,car,4.5,road_loopA_r0,road_loopA_r1,4730.6,4840.6,110.0,1297.4,42.4,0
2912,car,4.5,road_loopA_r0,road_loopA_r1,4738.4,4840.8,102.4,1298.4,45.7,0
2915,suv,4.8,road_loopA_r0,road_loopA_r1,4744.2,4842.7,98.5,1297.4,47.4,0
2893,suv,4.8,road_loopA_r0,road_loopA_r1,4716.5,4843.0,126.5,1298.2,36.9,0
2833,car,4.5,xloopA_0Ba,road_loopA_r1,4661.6,4844.5,182.9,476.4,9.4,1
2904,car,4.5,road_loopA_r0,road_loopA_r1,4731.4,4844.8,113.4,1298.6,41.2,0
2907,car,4.5,road_loopA_r0,road_loopA_r1,4733.1,4846.1,113.0,1297.8,41.3,0
2869,car,4.5,road_loopA_r0,road_loopA_r1,4696.6,4846.2,149.6,1297.7,31.2,1
2879,car,4.5,road_loopA_r0,road_loopA_r1,4707.0,4847.9,140.9,1298.5,33.2,1
2906,bus,11.0,road_loopA_r0,road_loopA_r1,4732.1,4847.9,115.8,1297.2,40.3,0
2910,car,4.5,road_loopA_r0,road_loopA_r1,4737.8,4848.1,110.3,1297.8,42.4,0
2888,truck,8.5,road_loopA_r0,road_loopA_r1,4713.5,4848.8,135.3,1297.6,34.5,0
2920,suv,4.8,road_loopA_r0,road_loopA_r1,4755.9,4850.3,94.4,1297.9,49.5,0
2928,car,4.5,road_loopA_r0,road_loopA_r1,4761.8,4850.9,89.1,1298.4,52.5,0
2919,car,4.5,road_loopA_r0,xloopA_0Bb,4755.9,4851.0,95.1,895.4,33.9,1
2895,car,4.5,road_loopA_f0,road_loopA_f1,4720.1,4851.1,131.0,1303.3,35.8,1
2853,car,4.5,road_loopA_f0,xloopA_0Ab,4679.9,4851.6,171.7,505.4,10.6,2
2899,car,4.5,road_loopA_f0,road_loopA_f1,4723.8,4853.5,129.7,1303.1,36.2,1
2864,car,4.5,road_loopA_f0,xloopA_0Ab,4691.6,4854.2,162.6,505.4,11.2,2
2870,car,4.5,road_loopA_f0,xloopA_0Ab,4697.0,4856.8,159.8,505.1,11.4,2
2889,bus,11.0,road_loopA_r0,road_loopA_r1,4713.9,4858.3,144.4,1298.1,32.4,1
2950,car,4.5,road_loopA_r0,xloopA_0Bb,4787.0,4858.9,71.9,895.4,44.8,0
2901,car,4.5,road_loopA_f0,road_loopA_f1,4730.4,4859.1,128.7,1303.5,36.4,1
2917,suv,4.8,road_loopA_r0,road_loopA_r1,4755.1,4859.2,104.1,1297.8,44.9,0
2897,truck,8.5,road_loopA_f0,road_loopA_f1,4722.3,4859.3,137.0,1303.3,34.2,1
2964,car,4.5,road_loopA_f0,xloopA_0Ab,4795.7,4859.5,63.8,505.3,28.5,1
2911,suv,4.8,road_loopA_f0,road_loopA_f1,4737.9,4860.8,122.9,1303.2,38.2,1
2956,truck,8.5,road_loopA_r0,xloopA_0Bb,4791.9,4862.1,70.2,895.3,45.9,0
2924,suv,4.8,road_loopA_f0,road_loopA_f1,4758.2,4863.2,105.0,1303.5,44.7,0
2916,car,4.5,road_loopA_f0,road_loopA_f1,4747.7,4863.8,116.1,1303.5,40.4,1
2937,car,4.5,road_loopA_r0,road_loopA_r1,4773.4,4865.5,92.1,1297.4,50.7,0
2926,truck,8.5,road_loopA_f0,road_loopA_f1,4761.0,4866.5,105.5,1303.6,44.5,0
2873,car,4.5,xloopA_0Ba,xloopA_0Bb,4699.7,4867.2,167.5,84.4,1.8,1
2935,car,4.5,xloopA_0Aa,xloopA_0Ab,4772.0,4867.3,95.3,84.1,3.2,1
2941,car,4.5,road_loopA_f0,road_loopA_f1,4775.8,4868.6,92.8,1303.0,50.5,0
2913,car,4.5,road_loopA_f0,road_loopA_f1,4743.2,4868.9,125.7,1304.1,37.4,1
2914,car,4.5,xloopA_0Ba,xloopA_0Bb,4744.3,4869.2,124.9,84.1,2.4,1
2934,suv,4.8,road_loopA_r0,road_loopA_r1,4770.5,4869.3,98.8,1298.1,47.3,0
2939,car,4.5,xloopA_0Aa,xloopA_0Ab,4774.6,4869.4,94.8,84.5,3.2,1
2931,car,4.5,road_loopA_r0,road_loopA_r1,4766.6,4869.6,103.0,1297.4,45.3,0
2896,bus,11.0,road_loopA_r0,road_loopA_r1,4721.7,4870.5,148.8,1297.4,31.4,1
2922,suv,4.8,road_loopA_f0,road_loopA_f1,4757.1,4871.0,113.9,1303.7,41.2,0
2923,suv,4.8,road_loopA_f0,road_loopA_f1,4758.2,4871.4,113.2,1304.0,41.5,0
2982,car,4.5,xloopA_0Aa,xloopA_0Ab,4812.3,4871.5,59.2,84.6,5.1,1
2903,car,4.5,road_loopA_f0,road_loopA_f1,4731.1,4871.7,140.6,1303.9,33.4,1
2955,car,4.5,xloopA_0Ba,xloopA_0Bb,4791.9,4872.1,80.2,84.0,3.8,1
3003,car,4.5,xloopA_0Aa,xloopA_0Ab,4838.8,4874.1,35.3,84.6,8.6,0
2940,suv,4.8,road_loopA_f0,road_loopA_f1,4775.0,4874.7,99.7,1303.5,47.1,0
2995,car,4.5,xloopA_0Ba,xloopA_0Bb,4824.7,4875.2,50.5,84.8,6.0,0
2925,truck,8.5,road_loopA_f0,road_loopA_f1,4759.6,4876.0,116.4,1303.6,40.3,0
2946,car,4.5,road_loopA_f0,road_loopA_f1,4780.0,4876.4,96.4,1303.7,48.7,0
2942,car,4.5,road_loopA_f0,road_loopA_f1,4777.7,4878.1,100.4,1303.6,46.7,0
2936,car,4.5,road_loopA_f0,road_loopA_f1,4772.2,4879.8,107.6,1303.0,43.6,0
2927,car,4.5,road_loopA_f0,road_loopA_f1,4761.6,4884.5,122.9,1304.1,38.2,0
2930,car,4.5,road_loopA_f0,road_loopA_f1,4763.9,4884.6,120.7,1303.8,38.9,0
2918,car,4.5,road_loopA_f0,road_loopA_f1,4755.3,4886.4,131.1,1302.8,35.8,0
2954,car,4.5,road_loopA_f0,road_loopA_f1,4791.6,4889.5,97.9,1303.3,47.9,0
2970,car,4.5,road_loopA_f0,road_loopA_f1,4801.1,4893.4,92.3,1303.6,50.8,0
2952,car,4.5,road_loopA_f0,road_loopA_f1,4788.4,4894.6,106.2,1303.9,44.2,0
2958,truck,8.5,road_loopA_f0,road_loopA_f1,4792.4,4897.6,105.2,1302.9,44.6,0
2872,car,4.5,xloopA_0Ba,road_loopA_f1,4698.0,4897.9,199.9,902.8,16.3,0
2965,car,4.5,road_loopA_f0,road_loopA_f1,4797.6,4899.0,101.4,1304.0,46.3,0
2960,car,4.5,road_loopA_f0,road_loopA_f1,4793.9,4899.6,105.7,1303.8,44.4,0
2966,truck,8.5,road_loopA_f0,road_loopA_f1,4798.0,4900.1,102.1,1303.2,46.0,0
2968,suv,4.8,road_loopA_f0,road_loopA_f1,4798.2,4901.2,103.0,1303.4,45.6,0
2948,car,4.5,road_loopA_r0,road_loopA_r1,4782.7,4905.8,123.1,1298.5,38.0,1
2949,car,4.5,road_loopA_r0,road_loopA_r1,4784.6,4907.3,122.7,1298.3,38.1,1
2959,suv,4.8,road_loopA_f0,road_loopA_f1,4793.1,4907.6,114.5,1303.8,41.0,0
2944,car,4.5,road_loopA_r0,road_loopA_r1,4778.6,4908.8,130.2,1298.7,35.9,1
2953,car,4.5,road_loopA_r0,road_loopA_r1,4789.1,4913.9,124.8,1298.6,37.5,1
2945,suv,4.8,road_loopA_r0,road_loopA_r1,4779.7,4914.5,134.8,1298.2,34.7,1
2943,suv,4.8,road_loopA_r0,road_loopA_r1,4778.0,4914.7,136.7,1297.3,34.2,1
2961,car,4.5,road_loopA_r0,road_loopA_r1,4794.7,4916.6,121.9,1298.5,38.4,1
2963,suv,4.8,road_loopA_r0,road_loopA_r1,4795.3,4917.3,122.0,1297.3,38.3,1
3036,truck,8.5,road_loopA_f0,xloopA_0Bb,4872.1,4918.3,46.2,478.8,37.3,0
2969,car,4.5,road_loopA_r0,road_loopA_r1,4800.9,4919.7,118.8,1298.0,39.3,1
2972,truck,8.5,road_loopA_r0,road_loopA_r1,4803.1,4922.6,119.5,1297.7,39.1,1
2984,car,4.5,road_loopA_r0,road_loopA_r1,4814.5,4924.6,110.1,1297.5,42.4,1
2986,suv,4.8,road_loopA_r0,road_loopA_r1,4816.2,4925.7,109.5,1298.1,42.7,0
2990,suv,4.8,road_loopA_r0,road_loopA_r1,4819.3,4928.0,108.7,1298.0,43.0,0
2978,car,4.5,xloopA_0Ba,road_loopA_r1,4807.7,4929.8,122.1,476.9,14.1,0
2973,suv,4.8,road_loopA_r0,road_loopA_r1,4803.9,4931.7,127.8,1297.4,36.6,1
2921,car,4.5,road_loopA_r0,road_loopA_r1,4756.4,4931.8,175.4,1298.2,26.6,1
3006,car,4.5,road_loopA_r0,road_loopA_r1,4840.1,4933.0,92.9,1297.7,50.3,0
2983,car,4.5,road_loopA_f0,road_loopA_f1,4813.9,4933.1,119.2,1302.8,39.4,1
2951,truck,8.5,road_loopA_r0,road_loopA_r1,4787.1,4934.6,147.5,1297.4,31.7,1
2992,car,4.5,road_loopA_f0,road_loopA_f1,4820.7,4935.9,115.2,1303.7,40.8,1
2988,car,4.5,xloopA_0Aa,road_loopA_r1,4817.5,4936.3,118.8,506.5,15.3,0
2979,car,4.5,road_loopA_r0,road_loopA_r1,4807.9,4936.5,128.6,1298.2,36.3,0
2976,car,4.5,road_loopA_r0,road_loopA_r1,4807.3,4936.8,129.5,1298.6,36.1,1
2987,suv,4.8,road_loopA_f0,road_loopA_f1,4817.2,4938.1,120.9,1303.2,38.8,1
2957,car,4.5,road_loopA_r0,road_loopA_r1,4792.1,4938.4,146.3,1297.9,31.9,1
2996,car,4.5,road_loopA_r0,road_loopA_r1,4824.8,4938.4,113.6,1298.4,41.1,0
3001,car,4.5,road_loopA_r0,road_loopA_r1,4836.5,4939.4,102.9,1297.6,45.4,0
2962,car,4.5,road_loopA_r0,road_loopA_r1,4795.4,4940.1,144.7,1298.2,32.3,1
3002,car,4.5,road_loopA_r0,road_loopA_r1,4838.3,4940.1,101.8,1298.0,45.9,0
2993,suv,4.8,road_loopA_f0,road_loopA_f1,4821.8,4940.9,119.1,1304.2,39.4,1
2975,car,4.5,road_loopA_f0,road_loopA_f1,4805.3,4941.3,136.0,1303.5,34.5,1
3011,car,4.5,road_loopA_r0,road_loopA_r1,4849.8,4941.4,91.6,1298.2,51.0,0
2967,car,4.5,road_loopA_r0,road_loopA_r1,4798.0,4941.8,143.8,1297.8,32.5,1
2981,truck,8.5,road_loopA_f0,road_loopA_f1,4811.0,4942.3,131.3,1303.2,35.7,1
2991,car,4.5,road_loopA_r0,road_loopA_r1,4820.4,4942.3,121.9,1298.5,38.3,0
2971,suv,4.8,road_loopA_r0,road_loopA_r1,4802.0,4943.5,141.5,1297.7,33.0,1
2999,car,4.5,road_loopA_f0,road_loopA_f1,4833.1,4944.2,111.1,1304.1,42.3,1
2974,car,4.5,road_loopA_r0,xloopA_0Bb,4804.5,4944.5,140.0,895.4,23.0,1
2985,suv,4.8,road_loopA_r0,road_loopA_r1,4814.9,4944.5,129.6,1298.3,36.1,0
3020,car,4.5,road_loopA_f0,xloopA_0Ab,4858.7,4945.1,86.4,505.2,21.0,1
2997,truck,8.5,road_loopA_f0,road_loopA_f1,4825.7,4945.2,119.5,1303.1,39.3,1
2977,car,4.5,road_loopA_r0,road_loopA_r1,4807.6,4945.4,137.8,1297.7,33.9,1
3005,car,4.5,road_loopA_f0,road_loopA_f1,4840.0,4946.9,106.9,1303.9,43.9,1
3008,car,4.5,road_loopA_r0,xloopA_0Bb,4842.6,4947.1,104.5,895.4,30.8,1
2989,car,4.5,road_loopA_r0,road_loopA_r1,4817.8,4947.4,129.6,1297.5,36.0,0
2994,car,4.5,road_loopA_f0,road_loopA_f1,4823.1,4948.6,125.5,1303.4,37.4,1
3010,car,4.5,road_loopA_f0,road_loopA_f1,4846.9,4948.6,101.7,1303.1,46.1,0
3067,suv,4.8,road_loopA_f0,xloopA_0Ab,4902.2,4949.5,47.3,505.5,38.5,0
2980,suv,4.8,road_loopA_r0,road_loopA_r1,4809.5,4949.9,140.4,1298.0,33.3,0
3012,suv,4.8,road_loopA_r0,road_loopA_r1,4850.9,4950.0,99.1,1297.5,47.1,0
2998,suv,4.8,road_loopA_f0,road_loopA_f1,4832.1,4950.3,118.2,1303.4,39.7,1
2929,bus,11.0,road_loopA_r0,road_loopA_r1,4761.8,4950.4,188.6,1298.2,24.8,3
3007,car,4.5,road_loopA_f0,road_loopA_f1,4842.0,4951.2,109.2,1302.8,43.0,0
3017,car,4.5,road_loopA_r0,road_loopA_r1,4855.9,4951.8,95.9,1297.4,48.7,0
3004,car,4.5,road_loopA_f0,road_loopA_f1,4839.1,4952.1,113.0,1304.0,41.6,1
3024,car,4.5,road_loopA_r0,road_loopA_r1,4860.4,4953.6,93.2,1297.8,50.2,0
3015,car,4.5,road_loopA_r0,road_loopA_r1,4854.3,4954.2,99.9,1298.3,46.8,0
3009,car,4.5,road_loopA_f0,road_loopA_f1,4842.6,4954.6,112.0,1304.0,41.9,0
3028,car,4.5,road_loopA_r0,road_loopA_r1,4867.1,4956.1,89.0,1298.0,52.5,0
3021,truck,8.5,road_loopA_r0,road_loopA_r1,4859.1,4957.2,98.1,1297.5,47.6,0
3030,suv,4.8,road_loopA_r0,road_loopA_r1,4869.6,4958.5,88.9,1297.3,52.5,0
3019,car,4.5,xloopA_0Aa,xloopA_0Ab,4857.6,4960.7,103.1,84.6,3.0,1
3000,car,4.5,xloopA_0Ba,xloopA_0Bb,4834.4,4960.7,126.3,84.5,2.4,1
3023,car,4.5,road_loopA_f0,road_loopA_f1,4859.7,4962.1,102.4,1303.1,45.8,0
3018,car,4.5,road_loopA_f0,road_loopA_f1,4857.1,4962.3,105.2,1304.0,44.6,0
3025,suv,4.8,road_loopA_f0,road_loopA_f1,4862.0,4962.8,100.8,1303.1,46.5,0
3032,car,4.5,xloopA_0Aa,xloopA_0Ab,4869.8,4962.8,93.0,84.8,3.3,1
3050,car,4.5,xloopA_0Ba,xloopA_0Bb,4889.1,4962.9,73.8,84.4,4.1,1
3034,car,4.5,road_loopA_f0,road_loopA_f1,4871.4,4965.1,93.7,1303.1,50.1,0
3056,car,4.5,xloopA_0Ba,xloopA_0Bb,4894.6,4965.1,70.5,84.8,4.3,1
3100,car,4.5,xloopA_0Aa,xloopA_0Ab,4927.5,4965.8,38.3,84.4,7.9,1
3013,car,4.5,road_loopA_f0,road_loopA_f1,4851.8,4966.4,114.6,1302.8,40.9,0
3033,suv,4.8,road_loopA_f0,road_loopA_f1,4870.4,4966.9,96.5,1303.7,48.6,0
3112,car,4.5,xloopA_0Aa,xloopA_0Ab,4936.0,4967.8,31.8,84.2,9.5,0
3016,car,4.5,road_loopA_f0,road_loopA_f1,4854.4,4968.2,113.8,1302.8,41.2,0
3029,car,4.5,road_loopA_f0,road_loopA_f1,4868.4,4968.2,99.8,1303.1,47.0,0
3040,car,4.5,road_loopA_f0,road_loopA_f1,4876.1,4968.8,92.7,1303.1,50.6,0
3128,car,4.5,xloopA_0Aa,xloopA_0Ab,4949.0,4970.0,21.0,84.4,14.5,0
3022,suv,4.8,road_loopA_f0,road_loopA_f1,4859.4,4971.0,111.6,1303.5,42.1,0
3047,car,4.5,road_loopA_f0,road_loopA_f1,4883.2,4973.9,90.7,1302.9,51.7,0
3027,car,4.5,road_loopA_f0,road_loopA_f1,4866.8,4976.6,109.8,1303.7,42.8,0
3044,suv,4.8,road_loopA_f0,road_loopA_f1,4876.9,4977.3,100.4,1303.5,46.7,0
3014,suv,4.8,road_loopA_f0,road_loopA_f1,4854.2,4977.7,123.5,1303.3,38.0,0
3039,car,4.5,road_loopA_f0,road_loopA_f1,4875.9,4979.0,103.1,1303.6,45.5,0
3037,car,4.5,road_loopA_f0,road_loopA_f1,4874.2,4979.3,105.1,1302.9,44.6,0
3042,car,4.5,road_loopA_f0,road_loopA_f1,4876.3,4979.3,103.0,1303.7,45.6,0
3048,car,4.5,road_loopA_f0,road_loopA_f1,4886.5,4981.4,94.9,1303.3,49.5,0
3041,truck,8.5,road_loopA_r0,xloopA_0Ab,4876.1,4983.6,107.5,869.3,29.1,1
3045,car,4.5,road_loopA_f0,road_loopA_f1,4878.8,4984.7,105.9,1303.1,44.3,0
3049,car,4.5,road_loopA_f0,road_loopA_f1,4889.0,4992.3,103.3,1304.0,45.4,0
3051,suv,4.8,road_loopA_f0,road_loopA_f1,4891.2,4993.5,102.3,1303.3,45.9,0
3054,car,4.5,road_loopA_f0,road_loopA_f1,4893.7,4995.2,101.5,1303.9,46.3,0
3052,car,4.5,road_loopA_f0,road_loopA_f1,4891.3,4997.5,106.2,1302.8,44.2,0
3026,car,4.5,road_loopA_r0,road_loopA_r1,4865.2,5004.3,139.1,1298.0,33.6,1
3035,truck,8.5,road_loopA_r0,road_loopA_r1,4871.7,5005.0,133.3,1297.9,35.0,1
3046,car,4.5,road_loopA_r0,road_loopA_r1,4882.7,5006.0,123.3,1297.9,37.9,1
3053,car,4.5,road_loopA_r0,road_loopA_r1,4891.7,5007.0,115.3,1298.6,40.5,1
3092,car,4.5,road_loopA_r0,xloopA_0Ab,4921.9,5009.4,87.5,869.2,35.8,1
3077,car,4.5,road_loopA_r0,road_loopA_r1,4907.8,5010.1,102.3,1298.5,45.7,0
3043,car,4.5,road_loopA_r0,road_loopA_r1,4876.5,5010.4,133.9,1297.8,34.9,1
3060,truck,8.5,road_loopA_r0,road_loopA_r1,4897.8,5011.7,113.9,1297.3,41.0,1
3068,car,4.5,road_loopA_r0,road_loopA_r1,4902.7,5013.4,110.7,1298.0,42.2,0
3038,car,4.5,road_loopA_r0,road_loopA_r1,4874.3,5014.0,139.7,1298.4,33.5,1
3086,truck,8.5,road_loopA_r0,xloopA_0Ab,4916.5,5014.8,98.3,869.0,31.8,1
3079,truck,8.5,road_loopA_r0,road_loopA_r1,4908.9,5015.2,106.3,1297.5,43.9,0
3065,suv,4.8,road_loopA_r0,road_loopA_r1,4900.9,5017.2,116.3,1298.3,40.2,0
3099,suv,4.8,road_loopA_r0,road_loopA_r1,4927.3,5018.1,90.8,1297.7,51.5,0
3151,car,4.5,road_loopA_f0,xloopA_0Bb,4974.0,5018.7,44.7,478.7,38.6,0
3087,car,4.5,road_loopA_r0,road_loopA_r1,4917.8,5018.9,101.1,1298.4,46.2,0
3091,car,4.5,xloopA_0Ba,road_loopA_r1,4919.8,5019.7,99.9,476.6,17.2,0
3085,suv,4.8,road_loopA_r0,road_loopA_r1,4913.1,5021.5,108.4,1297.5,43.1,0
3055,truck,8.5,road_loopA_r0,road_loopA_r1,4894.4,5022.0,127.6,1297.4,36.6,0
3031,bus,11.0,road_loopA_f0,road_loopA_f1,4869.5,5023.3,153.8,1303.2,30.5,2
3084,suv,4.8,road_loopA_r0,road_loopA_r1,4912.3,5024.1,111.8,1298.2,41.8,0
3088,car,4.5,road_loopA_r0,road_loopA_r1,4918.3,5024.3,106.0,1297.9,44.1,0
3095,car,4.5,road_loopA_r0,road_loopA_r1,4923.6,5025.6,102.0,1298.0,45.8,0
3061,car,4.5,road_loopA_f0,road_loopA_f1,4898.7,5026.6,127.9,1303.3,36.7,1
3105,car,4.5,road_loopA_r0,road_loopA_r1,4929.4,5026.6,97.2,1297.3,48.1,0
3097,truck,8.5,road_loopA_r0,road_loopA_r1,4926.3,5027.9,101.6,1297.5,46.0,0
3114,car,4.5,road_loopA_r0,road_loopA_r1,4936.1,5028.4,92.3,1298.1,50.6,0
3059,car,4.5,road_loopA_f0,road_loopA_f1,4897.5,5030.1,132.6,1303.8,35.4,1
3093,truck,8.5,road_loopA_r0,road_loopA_r1,4922.7,5031.4,108.7,1297.8,43.0,0
3062,car,4.5,road_loopA_f0,road_loopA_f1,4898.9,5031.8,132.9,1303.7,35.3,1
3064,car,4.5,road_loopA_f0,road_loopA_f1,4899.2,5033.5,134.3,1303.6,35.0,1
3069,car,4.5,road_loopA_f0,road_loopA_f1,4903.8,5035.2,131.4,1303.4,35.7,1
3125,car,4.5,road_loopA_r0,road_loopA_r1,4942.6,5036.7,94.1,1298.4,49.7,0
3116,car,4.5,road_loopA_r0,road_loopA_r1,4936.9,5037.3,100.4,1298.5,46.5,0
3110,car,4.5,road_loopA_r0,xloopA_0Bb,4934.8,5038.0,103.2,895.3,31.2,1
3074,car,4.5,road_loopA_f0,road_loopA_f1,4905.6,5038.4,132.8,1304.1,35.4,1
3094,suv,4.8,road_loopA_f0,xloopA_0Ab,4923.1,5039.0,115.9,505.5,15.7,2
3122,car,4.5,road_loopA_r0,road_loopA_r1,4941.1,5039.0,97.9,1297.7,47.7,0
3076,suv,4.8,road_loopA_f0,road_loopA_f1,4907.4,5040.1,132.7,1304.0,35.4,1
3115,car,4.5,road_loopA_r0,road_loopA_r1,4936.2,5040.6,104.4,1297.4,44.7,0
3138,car,4.5,road_loopA_r0,xloopA_0Bb,4960.9,5040.7,79.8,895.8,40.4,0
3104,car,4.5,road_loopA_f0,xloopA_0Ab,4929.3,5041.6,112.3,505.2,16.2,2
3118,suv,4.8,road_loopA_r0,road_loopA_r1,4938.3,5042.2,103.9,1297.6,45.0,0
3,tram,34.0,loopB,loopB,735.5,5042.3,4306.8,33673.3,28.1,40
3057,suv,4.8,road_loopA_f0,road_loopA_f1,4895.7,5042.9,147.2,1303.0,31.9,1
3133,car,4.5,road_loopA_r0,road_loopA_r1,4951.7,5043.1,91.4,1297.5,51.1,0
3111,suv,4.8,road_loopA_r0,road_loopA_r1,4934.9,5043.9,109.0,1298.3,42.9,0
3129,truck,8.5,road_loopA_f0,xloopA_0Ab,4949.8,5045.1,95.3,505.3,19.1,2
3130,suv,4.8,road_loopA_r0,road_loopA_r1,4951.2,5046.3,95.1,1298.3,49.1,0
3147,truck,8.5,road_loopA_r0,xloopA_0Bb,4968.4,5046.4,78.0,895.8,41.3,0
3080,suv,4.8,road_loopA_f0,road_loopA_f1,4910.7,5047.5,136.8,1303.4,34.3,1
3153,suv,4.8,road_loopA_r0,xloopA_0Bb,4975.1,5049.2,74.1,896.0,43.5,0
3082,car,4.5,road_loopA_f0,road_loopA_f1,4911.4,5050.3,138.9,1302.8,33.8,1
3113,car,4.5,road_loopA_f0,road_loopA_f1,4936.0,5051.8,115.8,1302.9,40.5,1
3124,suv,4.8,road_loopA_r0,road_loopA_r1,4941.9,5052.0,110.1,1297.3,42.4,0
3096,suv,4.8,road_loopA_f0,road_loopA_f1,4924.8,5052.1,127.3,1303.6,36.9,1
3107,car,4.5,road_loopA_r0,road_loopA_r1,4932.0,5053.4,121.4,1297.7,38.5,0
3103,car,4.5,xloopA_0Ba,xloopA_0Bb,4928.9,5053.9,125.0,84.3,2.4,1
3134,suv,4.8,road_loopA_r0,road_loopA_r1,4952.3,5054.3,102.0,1298.0,45.8,0
3101,truck,8.5,road_loopA_f0,road_loopA_f1,4927.8,5054.4,126.6,1303.9,37.1,1
3123,car,4.5,road_loopA_f0,road_loopA_f1,4941.3,5055.8,114.5,1303.5,41.0,1
3187,car,4.5,xloopA_0Aa,xloopA_0Ab,4991.8,5055.9,64.1,84.3,4.7,1
3139,suv,4.8,road_loopA_r0,road_loopA_r1,4965.0,5056.0,91.0,1298.1,51.3,0
3120,car,4.5,xloopA_0Ba,xloopA_0Bb,4939.7,5056.3,116.6,84.6,2.6,1
3119,suv,4.8,road_loopA_f0,road_loopA_f1,4938.3,5057.1,118.8,1303.6,39.5,0
3131,car,4.5,road_loopA_f0,road_loopA_f1,4951.6,5057.7,106.1,1303.3,44.2,0
3200,car,4.5,xloopA_0Aa,xloopA_0Ab,5004.4,5058.0,53.6,84.8,5.7,1
3127,car,4.5,xloopA_0Ba,xloopA_0Bb,4947.9,5058.4,110.5,84.7,2.8,1
3126,suv,4.8,road_loopA_r0,road_loopA_r1,4947.5,5059.8,112.3,1298.0,41.6,0
3136,car,4.5,road_loopA_r0,road_loopA_r1,4958.3,5060.3,102.0,1297.7,45.8,0
3215,car,4.5,xloopA_0Aa,xloopA_0Ab,5015.0,5060.3,45.3,84.4,6.7,1
3132,car,4.5,xloopA_0Ba,xloopA_0Bb,4951.7,5061.0,109.3,84.2,2.8,0
3083,car,4.5,road_loopA_f0,road_loopA_f1,4911.6,5062.1,150.5,1304.0,31.2,1
3221,car,4.5,xloopA_0Aa,xloopA_0Ab,5023.4,5062.5,39.1,84.7,7.8,0
3137,suv,4.8,road_loopA_f0,road_loopA_f1,4959.5,5063.0,103.5,1302.9,45.3,0
3098,car,4.5,road_loopA_f0,road_loopA_f1,4926.6,5063.8,137.2,1303.9,34.2,1
3102,car,4.5,road_loopA_f0,road_loopA_f1,4928.1,5065.6,137.5,1303.6,34.1,1
3146,suv,4.8,road_loopA_f0,road_loopA_f1,4968.2,5067.6,99.4,1304.0,47.2,0
3066,suv,4.8,road_loopA_f0,road_loopA_f1,4901.7,5070.5,168.8,1303.4,27.8,1
3135,car,4.5,road_loopA_f0,road_loopA_f1,4958.3,5072.3,114.0,1302.8,41.1,0
3140,suv,4.8,road_loopA_f0,road_loopA_f1,4965.4,5073.2,107.8,1303.2,43.5,0
3075,car,4.5,road_loopA_f0,road_loopA_f1,4906.3,5074.7,168.4,1303.5,27.9,1
3143,suv,4.8,road_loopA_f0,road_loopA_f1,4967.1,5075.0,107.9,1303.3,43.5,0
3194,car,4.5,road_loopA_f0,xloopA_0Bb,4997.2,5075.8,78.6,478.7,21.9,2
3150,car,4.5,road_loopA_f0,road_loopA_f1,4971.2,5076.8,105.6,1303.2,44.4,0
3121,car,4.5,road_loopA_f0,road_loopA_f1,4940.2,5077.5,137.3,1303.4,34.2,0
3109,car,4.5,road_loopA_f0,road_loopA_f1,4934.9,5077.8,142.9,1303.1,32.8,0
3154,car,4.5,road_loopA_f0,road_loopA_f1,4975.3,5078.6,103.3,1304.1,45.4,0
3207,car,4.5,road_loopA_f0,xloopA_0Bb,5010.1,5079.5,69.4,478.8,24.8,2
3141,car,4.5,road_loopA_f0,road_loopA_f1,4966.8,5080.6,113.8,1303.4,41.2,0
3156,suv,4.8,road_loopA_f0,road_loopA_f1,4975.8,5081.0,105.2,1303.9,44.6,0
3073,suv,4.8,road_loopA_f0,road_loopA_f1,4905.3,5082.8,177.5,1304.0,26.4,1
3160,truck,8.5,road_loopA_f0,road_loopA_f1,4977.8,5082.8,105.0,1303.8,44.7,0
3161,car,4.5,road_loopA_f0,road_loopA_f1,4978.5,5084.6,106.1,1303.0,44.2,0
3165,suv,4.8,road_loopA_f0,road_loopA_f1,4978.9,5086.3,107.4,1303.8,43.7,0
3089,car,4.5,road_loopA_f0,road_loopA_f1,4918.7,5086.4,167.7,1302.9,28.0,1
3174,truck,8.5,road_loopA_f0,road_loopA_f1,4987.0,5088.5,101.5,1303.1,46.2,0
3106,car,4.5,road_loopA_f0,road_loopA_f1,4932.0,5090.1,158.1,1303.7,29.7,0
3177,suv,4.8,road_loopA_f0,road_loopA_f1,4987.9,5090.6,102.7,1303.3,45.7,0
3145,suv,4.8,road_loopA_f0,road_loopA_f1,4967.9,5092.0,124.1,1303.5,37.8,0
3183,suv,4.8,road_loopA_f0,road_loopA_f1,4989.9,5092.3,102.4,1303.0,45.8,0
3142,car,4.5,road_loopA_r0,road_loopA_r1,4966.9,5092.8,125.9,1297.8,37.1,1
3090,car,4.5,xloopA_0Ba,road_loopA_f1,4919.0,5093.4,174.4,902.6,18.6,0
3071,car,4.5,road_loopA_f0,road_loopA_f1,4903.9,5094.3,190.4,1303.8,24.7,1
3163,suv,4.8,road_loopA_r0,road_loopA_r1,4978.6,5094.3,115.7,1297.5,40.4,1
3159,truck,8.5,road_loopA_f0,road_loopA_f1,4977.6,5094.4,116.8,1302.9,40.2,0
3144,car,4.5,road_loopA_r0,road_loopA_r1,4967.4,5094.5,127.1,1297.5,36.8,1
3058,car,4.5,road_loopA_f0,road_loopA_f1,4896.5,5095.1,198.6,1303.6,23.6,1
3164,suv,4.8,road_loopA_r0,road_loopA_r1,4978.7,5095.6,116.9,1298.0,40.0,1
3166,car,4.5,road_loopA_f0,road_loopA_f1,4979.2,5096.5,117.3,1303.5,40.0,0
3063,car,4.5,road_loopA_f0,road_loopA_f1,4899.2,5096.7,197.5,1303.2,23.8,1
3175,suv,4.8,road_loopA_f0,road_loopA_f1,4987.4,5096.7,109.3,1303.8,42.9,0
3070,suv,4.8,road_loopA_f0,road_loopA_f1,4903.7,5098.3,194.6,1302.8,24.1,1
3081,car,4.5,road_loopA_f0,road_loopA_f1,4911.0,5098.8,187.8,1303.9,25.0,1
3072,suv,4.8,road_loopA_f0,road_loopA_f1,4905.2,5100.0,194.8,1303.0,24.1,1
3171,car,4.5,road_loopA_r0,road_loopA_r1,4984.2,5100.2,116.0,1297.8,40.3,1
3117,car,4.5,road_loopA_f0,road_loopA_f1,4937.6,5100.5,162.9,1303.1,28.8,0
3267,car,4.5,road_loopA_f0,xloopA_0Bb,5060.8,5100.8,40.0,478.7,43.1,0
3201,suv,4.8,road_loopA_r0,xloopA_0Ab,5007.4,5101.4,94.0,869.4,33.3,1
3078,car,4.5,road_loopA_f0,road_loopA_f1,4908.1,5101.8,193.7,1304.1,24.2,1
3155,car,4.5,road_loopA_r0,road_loopA_r1,4975.4,5101.8,126.4,1297.4,36.9,1
3162,truck,8.5,road_loopA_f0,road_loopA_f1,4978.4,5101.8,123.4,1302.8,38.0,0
3148,suv,4.8,road_loopA_r0,road_loopA_r1,4969.2,5102.4,133.2,1297.6,35.1,1
3108,suv,4.8,road_loopA_f0,road_loopA_f1,4934.4,5103.4,169.0,1303.6,27.8,1
3172,car,4.5,road_loopA_r0,road_loopA_r1,4985.9,5104.5,118.6,1298.1,39.4,1
3167,car,4.5,road_loopA_r0,road_loopA_r1,4980.3,5106.0,125.7,1297.6,37.2,1
3277,car,4.5,road_loopA_f0,xloopA_0Bb,5068.2,5106.2,38.0,478.6,45.3,0
3169,car,4.5,road_loopA_r0,road_loopA_r1,4981.5,5107.8,126.3,1297.7,37.0,1
3176,car,4.5,road_loopA_r0,road_loopA_r1,4987.3,5109.6,122.3,1297.9,38.2,1
3191,suv,4.8,road_loopA_r0,road_loopA_r1,4995.0,5110.5,115.5,1297.3,40.4,0
3149,truck,8.5,road_loopA_r0,road_loopA_r1,4970.7,5110.9,140.2,1297.5,33.3,0
3182,suv,4.8,road_loopA_r0,road_loopA_r1,4989.4,5113.1,123.7,1297.9,37.8,1
3196,car,4.5,road_loopA_r0,road_loopA_r1,5001.0,5113.1,112.1,1298.6,41.7,1
3157,truck,8.5,road_loopA_r0,road_loopA_r1,4976.1,5113.3,137.2,1297.6,34.0,0
3197,car,4.5,road_loopA_r0,road_loopA_r1,5001.5,5114.2,112.7,1298.5,41.5,1
3170,suv,4.8,road_loopA_r0,road_loopA_r1,4982.8,5115.3,132.5,1297.4,35.3,0
3168,suv,4.8,road_loopA_r0,road_loopA_r1,4981.2,5115.4,134.2,1297.3,34.8,0
3204,suv,4.8,road_loopA_r0,road_loopA_r1,5008.8,5116.0,107.2,1298.4,43.6,0
3179,truck,8.5,road_loopA_r0,road_loopA_r1,4989.3,5116.7,127.4,1297.3,36.6,0
3209,car,4.5,road_loopA_r0,road_loopA_r1,5011.0,5117.8,106.8,1297.6,43.7,0
3211,car,4.5,road_loopA_r0,road_loopA_r1,5013.3,5117.8,104.5,1297.7,44.7,0
3186,car,4.5,road_loopA_r0,road_loopA_r1,4991.6,5118.2,126.6,1298.1,36.9,0
3214,car,4.5,road_loopA_r0,road_loopA_r1,5014.7,5119.2,104.5,1297.5,44.7,0
3219,suv,4.8,road_loopA_r0,road_loopA_r1,5018.9,5120.1,101.2,1298.1,46.2,0
3223,car,4.5,road_loopA_r0,road_loopA_r1,5024.6,5120.5,95.9,1298.6,48.8,0
3185,car,4.5,road_loopA_f0,road_loopA_f1,4991.4,5121.9,130.5,1304.1,36.0,1
3225,car,4.5,road_loopA_r0,road_loopA_r1,5026.6,5122.0,95.4,1298.5,49.0,0
3224,car,4.5,road_loopA_r0,road_loopA_r1,5025.7,5123.7,98.0,1298.0,47.7,0
3212,truck,8.5,road_loopA_r0,road_loopA_r1,5013.2,5123.9,110.7,1297.3,42.2,0
3232,car,4.5,road_loopA_r0,road_loopA_r1,5032.3,5125.4,93.1,1297.6,50.2,0
3198,suv,4.8,road_loopA_r0,road_loopA_r1,5002.8,5126.3,123.5,1297.4,37.8,0
3238,car,4.5,road_loopA_r0,road_loopA_r1,5034.7,5127.1,92.4,1298.3,50.6,0
3233,car,4.5,road_loopA_r0,road_loopA_r1,5032.5,5127.3,94.8,1297.5,49.3,0
3188,car,4.5,road_loopA_f0,road_loopA_f1,4991.9,5127.5,135.6,1303.8,34.6,1
3189,car,4.5,road_loopA_r0,road_loopA_r1,4992.3,5128.0,135.7,1297.5,34.4,1
3178,suv,4.8,road_loopA_r0,road_loopA_r1,4988.6,5129.8,141.2,1297.4,33.1,1
3190,truck,8.5,road_loopA_f0,road_loopA_f1,4994.7,5130.2,135.5,1303.4,34.6,1
3173,suv,4.8,road_loopA_r0,xloopA_0Bb,4986.4,5131.6,145.2,895.9,22.2,1
3236,car,4.5,road_loopA_r0,road_loopA_r1,5033.6,5131.8,98.2,1298.6,47.6,0
3193,suv,4.8,road_loopA_f0,road_loopA_f1,4995.8,5131.9,136.1,1303.0,34.5,1
3203,car,4.5,road_loopA_f0,road_loopA_f1,5008.7,5133.1,124.4,1303.4,37.7,1
3206,car,4.5,road_loopA_f0,road_loopA_f1,5009.2,5134.0,124.8,1303.5,37.6,1
3248,car,4.5,road_loopA_r0,road_loopA_r1,5041.3,5134.4,93.1,1298.4,50.2,0
3227,suv,4.8,road_loopA_r0,road_loopA_r1,5030.1,5134.8,104.7,1298.3,44.6,0
3213,suv,4.8,road_loopA_f0,road_loopA_f1,5014.1,5134.9,120.8,1303.9,38.9,1
3239,suv,4.8,road_loopA_r0,road_loopA_r1,5035.2,5135.3,100.1,1297.6,46.7,0
3210,car,4.5,road_loopA_f0,road_loopA_f1,5011.3,5135.5,124.2,1303.3,37.8,1
3262,car,4.5,road_loopA_r0,xloopA_0Bb,5058.7,5135.6,76.9,895.5,41.9,0
3181,suv,4.8,road_loopA_f0,road_loopA_f1,4989.4,5135.9,146.5,1303.2,32.0,1
3245,car,4.5,road_loopA_f0,road_loopA_f1,5039.6,5136.6,97.0,1302.8,48.3,0
3247,car,4.5,road_loopA_r0,road_loopA_r1,5040.6,5137.0,96.4,1298.3,48.5,0
3205,car,4.5,road_loopA_f0,road_loopA_f1,5009.0,5137.8,128.8,1303.2,36.4,1
3237,car,4.5,road_loopA_f0,road_loopA_f1,5033.8,5138.7,104.9,1303.0,44.7,0
3249,car,4.5,road_loopA_r0,road_loopA_r1,5043.7,5138.7,95.0,1298.0,49.2,0
3226,truck,8.5,road_loopA_r0,road_loopA_r1,5029.2,5139.0,109.8,1297.5,42.5,0
3192,car,4.5,road_loopA_f0,road_loopA_f1,4995.6,5139.3,143.7,1303.1,32.6,1
3252,suv,4.8,road_loopA_r0,road_loopA_r1,5048.0,5140.4,92.4,1297.4,50.5,0
3234,car,4.5,road_loopA_f0,road_loopA_f1,5033.1,5141.4,108.3,1303.5,43.3,0
3242,truck,8.5,road_loopA_r0,road_loopA_r1,5038.7,5141.4,102.7,1297.2,45.5,0
3180,car,4.5,road_loopA_f0,road_loopA_f1,4989.4,5142.4,153.0,1302.9,30.7,1
3246,car,4.5,road_loopA_f0,road_loopA_f1,5040.4,5143.2,102.8,1302.8,45.6,0
3158,car,4.5,xloopA_0Ba,xloopA_0Bb,4976.7,5143.9,167.2,84.1,1.8,1
3228,car,4.5,xloopA_0Aa,xloopA_0Ab,5030.4,5145.5,115.1,84.2,2.6,1
3256,car,4.5,road_loopA_f0,road_loopA_f1,5048.5,5145.7,97.2,1304.1,48.3,0
3184,car,4.5,xloopA_0Ba,xloopA_0Bb,4990.2,5146.7,156.5,84.4,1.9,1
3258,car,4.5,road_loopA_f0,road_loopA_f1,5052.2,5147.5,95.3,1303.8,49.2,0
3282,car,4.5,xloopA_0Aa,xloopA_0Ab,5073.7,5147.6,73.9,84.4,4.1,1
3199,car,4.5,xloopA_0Ba,xloopA_0Bb,5003.2,5148.7,145.5,84.1,2.1,1
3310,car,4.5,xloopA_0Aa,xloopA_0Ab,5095.1,5150.1,55.0,84.5,5.5,1
3250,car,4.5,road_loopA_f0,road_loopA_f1,5044.9,5150.5,105.6,1304.1,44.5,0
3243,suv,4.8,road_loopA_f0,road_loopA_f1,5038.9,5151.5,112.6,1302.9,41.7,0
3202,car,4.5,xloopA_0Ba,xloopA_0Bb,5008.0,5151.6,143.6,84.2,2.1,0
3315,car,4.5,xloopA_0Aa,xloopA_0Ab,5101.6,5152.3,50.7,84.6,6.0,0
3265,car,4.5,road_loopA_f0,road_loopA_f1,5060.0,5152.5,92.5,1303.1,50.7,0
3251,suv,4.8,road_loopA_f0,road_loopA_f1,5046.9,5155.1,108.2,1302.9,43.4,0
3253,suv,4.8,road_loopA_f0,road_loopA_f1,5048.0,5156.2,108.2,1303.1,43.4,0
3218,car,4.5,road_loopA_f0,road_loopA_f1,5017.8,5157.3,139.5,1303.0,33.6,0
3230,suv,4.8,road_loopA_f0,road_loopA_f1,5031.3,5158.1,126.8,1304.1,37.0,0
3235,car,4.5,road_loopA_f0,road_loopA_f1,5033.5,5158.9,125.4,1303.7,37.4,0
3244,car,4.5,road_loopA_f0,road_loopA_f1,5039.4,5159.0,119.6,1304.1,39.2,0
3268,car,4.5,road_loopA_f0,road_loopA_f1,5062.8,5160.4,97.6,1304.0,48.1,0
3241,suv,4.8,road_loopA_f0,road_loopA_f1,5037.9,5160.8,122.9,1303.3,38.2,0
3264,car,4.5,road_loopA_f0,road_loopA_f1,5059.3,5162.1,102.8,1304.1,45.7,0
3270,car,4.5,road_loopA_f0,road_loopA_f1,5063.7,5162.8,99.1,1302.8,47.3,0
3319,car,4.5,road_loopA_f0,xloopA_0Bb,5104.8,5164.7,59.9,478.7,28.8,1
3220,suv,4.8,road_loopA_f0,road_loopA_f1,5021.4,5164.8,143.4,1303.1,32.7,1
3283,car,4.5,road_loopA_r0,xloopA_0Ab,5073.9,5164.9,91.0,869.0,34.4,1
3260,car,4.5,road_loopA_f0,road_loopA_f1,5056.3,5167.4,111.1,1303.3,42.2,0
3152,car,4.5,xloopA_0Ba,road_loopA_f1,4974.6,5170.3,195.7,902.8,16.6,0
3271,suv,4.8,road_loopA_f0,road_loopA_f1,5063.9,5170.8,106.9,1303.8,43.9,0
3255,car,4.5,road_loopA_f0,road_loopA_f1,5048.3,5171.6,123.3,1303.3,38.1,0
3195,truck,8.5,road_loopA_f0,road_loopA_f1,4997.3,5172.5,175.2,1303.4,26.8,1
3276,car,4.5,road_loopA_f0,road_loopA_f1,5067.8,5172.7,104.9,1303.8,44.8,0
3272,car,4.5,road_loopA_f0,road_loopA_f1,5065.9,5173.1,107.2,1303.5,43.8,0
3281,car,4.5,road_loopA_f0,road_loopA_f1,5071.6,5174.4,102.8,1303.9,45.7,0
3217,suv,4.8,road_loopA_f0,road_loopA_f1,5017.6,5174.5,156.9,1303.4,29.9,1
3278,car,4.5,road_loopA_f0,road_loopA_f1,5070.9,5174.9,104.0,1303.9,45.1,0
3290,car,4.5,road_loopA_f0,road_loopA_f1,5078.7,5176.0,97.3,1302.8,48.2,0
3344,truck,8.5,road_loopA_f0,xloopA_0Bb,5125.1,5176.0,50.9,478.5,33.8,0
3222,car,4.5,road_loopA_f0,road_loopA_f1,5024.3,5176.2,151.9,1303.8,30.9,1
3286,truck,8.5,road_loopA_f0,road_loopA_f1,5076.4,5177.0,100.6,1303.5,46.7,0
3293,car,4.5,road_loopA_f0,road_loopA_f1,5080.6,5177.7,97.1,1302.9,48.3,0
3284,car,4.5,road_loopA_f0,road_loopA_f1,5074.9,5177.9,103.0,1303.6,45.5,0
3297,suv,4.8,road_loopA_f0,road_loopA_f1,5082.1,5179.2,97.1,1303.5,48.3,0
3299,car,4.5,road_loopA_f0,road_loopA_f1,5085.3,5179.5,94.2,1303.6,49.8,0
3289,car,4.5,road_loopA_f0,road_loopA_f1,5077.0,5179.6,102.6,1303.6,45.8,0
3296,car,4.5,road_loopA_f0,road_loopA_f1,5081.5,5181.3,99.8,1303.2,47.0,0
3294,car,4.5,road_loopA_f0,road_loopA_f1,5081.2,5181.8,100.6,1304.0,46.7,0
3263,suv,4.8,road_loopA_r0,road_loopA_r1,5059.3,5184.0,124.7,1297.9,37.5,1
3274,car,4.5,road_loopA_r0,road_loopA_r1,5067.5,5184.2,116.7,1297.3,40.0,1
3292,car,4.5,road_loopA_f0,road_loopA_f1,5080.1,5185.2,105.1,1303.1,44.6,0
3266,car,4.5,road_loopA_r0,road_loopA_r1,5060.3,5186.6,126.3,1297.5,37.0,1
3279,truck,8.5,road_loopA_f0,road_loopA_f1,5071.4,5187.9,116.5,1303.7,40.3,0
3287,car,4.5,road_loopA_r0,road_loopA_r1,5076.5,5188.3,111.8,1297.6,41.8,1
3285,suv,4.8,road_loopA_f0,road_loopA_f1,5075.7,5189.0,113.3,1303.7,41.4,0
3273,car,4.5,road_loopA_r0,road_loopA_r1,5065.9,5189.7,123.8,1298.4,37.8,1
3254,car,4.5,road_loopA_r0,road_loopA_r1,5048.3,5190.1,141.8,1297.9,32.9,1
3291,car,4.5,road_loopA_r0,road_loopA_r1,5079.2,5190.3,111.1,1297.3,42.0,1
3295,suv,4.8,road_loopA_r0,road_loopA_r1,5081.3,5191.3,110.0,1297.3,42.5,1
3275,car,4.5,road_loopA_r0,road_loopA_r1,5067.7,5191.8,124.1,1297.8,37.6,1
3288,bus,11.0,road_loopA_r0,road_loopA_r1,5076.8,5194.6,117.8,1298.2,39.7,0
3300,car,4.5,road_loopA_r0,road_loopA_r1,5086.1,5195.2,109.1,1297.4,42.8,0
3347,car,4.5,road_loopA_r0,xloopA_0Ab,5128.8,5196.7,67.9,869.1,46.1,0
3301,suv,4.8,road_loopA_r0,road_loopA_r1,5086.3,5197.0,110.7,1297.9,42.2,0
3304,truck,8.5,road_loopA_r0,road_loopA_r1,5090.9,5197.3,106.4,1298.3,43.9,0
3307,car,4.5,road_loopA_r0,road_loopA_r1,5093.2,5199.3,106.1,1298.0,44.0,0
3305,suv,4.8,road_loopA_r0,road_loopA_r1,5092.2,5200.8,108.6,1297.7,43.0,0
3280,truck,8.5,road_loopA_r0,road_loopA_r1,5071.4,5200.9,129.5,1297.8,36.1,0
3316,suv,4.8,road_loopA_r0,road_loopA_r1,5102.1,5201.0,98.9,1297.4,47.2,0
3321,car,4.5,road_loopA_r0,road_loopA_r1,5107.7,5202.8,95.1,1298.1,49.2,0
3327,car,4.5,road_loopA_r0,road_loopA_r1,5111.4,5202.9,91.5,1298.4,51.1,0
3330,car,4.5,road_loopA_r0,road_loopA_r1,5113.7,5204.0,90.3,1298.5,51.8,0
3325,car,4.5,road_loopA_r0,road_loopA_r1,5110.3,5204.5,94.2,1297.3,49.6,0
4,tram,34.0,loopA,loopA,778.9,5205.5,4426.6,33702.2,27.4,40
3229,bus,11.0,road_loopA_f0,road_loopA_f1,5030.7,5208.0,177.3,1303.2,26.5,2
3335,suv,4.8,road_loopA_r0,road_loopA_r1,5118.9,5208.3,89.4,1298.6,52.3,0
3331,car,4.5,road_loopA_r0,xloopA_0Ab,5114.7,5209.5,94.8,869.1,33.0,1
3340,suv,4.8,road_loopA_r0,road_loopA_r1,5122.7,5211.6,88.9,1297.3,52.5,0
3334,car,4.5,road_loopA_r0,road_loopA_r1,5118.5,5211.9,93.4,1298.5,50.1,0
3308,car,4.5,road_loopA_f0,road_loopA_f1,5093.5,5212.3,118.8,1303.3,39.5,1
3298,car,4.5,road_loopA_f0,road_loopA_f1,5083.5,5212.4,128.9,1303.0,36.4,1
3342,suv,4.8,road_loopA_r0,road_loopA_r1,5123.8,5213.5,89.7,1297.8,52.1,0
3313,car,4.5,road_loopA_f0,road_loopA_f1,5097.0,5215.4,118.4,1304.0,39.7,1
3302,suv,4.8,road_loopA_f0,road_loopA_f1,5088.1,5215.6,127.5,1304.1,36.8,1
3341,car,4.5,road_loopA_r0,road_loopA_r1,5123.7,5216.3,92.6,1298.3,50.5,0
3303,truck,8.5,road_loopA_f0,road_loopA_f1,5088.4,5216.8,128.4,1303.1,36.5,1
3306,suv,4.8,road_loopA_f0,road_loopA_f1,5092.5,5217.7,125.2,1304.1,37.5,1
3322,car,4.5,road_loopA_f0,road_loopA_f1,5109.1,5218.1,109.0,1303.8,43.0,1
3309,car,4.5,road_loopA_f0,road_loopA_f1,5093.6,5219.1,125.5,1304.0,37.4,1
3311,car,4.5,road_loopA_f0,road_loopA_f1,5095.1,5219.4,124.3,1304.0,37.8,1
3326,car,4.5,road_loopA_f0,road_loopA_f1,5110.4,5219.9,109.5,1304.2,42.9,1
3339,car,4.5,road_loopA_r0,road_loopA_r1,5122.1,5221.5,99.4,1297.4,47.0,0
3329,car,4.5,road_loopA_f0,road_loopA_f1,5113.3,5221.8,108.5,1304.0,43.3,1
3337,car,4.5,road_loopA_f0,road_loopA_f1,5121.4,5221.8,100.4,1303.4,46.7,0
3312,car,4.5,road_loopA_r0,road_loopA_r1,5096.5,5222.3,125.8,1297.5,37.1,0
3317,truck,8.5,road_loopA_f0,road_loopA_f1,5102.8,5223.4,120.6,1303.4,38.9,1
3345,car,4.5,road_loopA_f0,road_loopA_f1,5125.6,5223.7,98.1,1304.0,47.9,0
3333,car,4.5,road_loopA_r0,xloopA_0Bb,5117.1,5225.0,107.9,895.4,29.9,1
3323,suv,4.8,road_loopA_f0,xloopA_0Ab,5109.0,5225.7,116.7,505.7,15.6,1
3356,car,4.5,road_loopA_r0,road_loopA_r1,5137.0,5226.0,89.0,1297.3,52.5,0
3343,car,4.5,road_loopA_f0,road_loopA_f1,5124.6,5226.3,101.7,1304.0,46.1,0
3354,car,4.5,road_loopA_f0,road_loopA_f1,5135.2,5227.4,92.2,1303.2,50.9,0
3336,car,4.5,road_loopA_r0,xloopA_0Bb,5120.7,5227.6,106.9,895.5,30.2,1
3352,truck,8.5,road_loopA_r0,road_loopA_r1,5134.4,5227.7,93.3,1297.8,50.1,0
3359,car,4.5,road_loopA_f0,xloopA_0Ab,5140.2,5228.3,88.1,505.4,20.7,1
3324,car,4.5,road_loopA_f0,road_loopA_f1,5109.5,5229.0,119.5,1303.7,39.3,1
3346,car,4.5,road_loopA_r0,xloopA_0Bb,5128.4,5230.3,101.9,895.7,31.6,1
3269,bus,11.0,road_loopA_r0,road_loopA_r1,5063.6,5230.6,167.0,1298.3,28.0,2
3373,suv,4.8,road_loopA_f0,xloopA_0Ab,5150.6,5231.0,80.4,505.6,22.6,1
3349,suv,4.8,road_loopA_f0,road_loopA_f1,5130.6,5231.8,101.2,1303.0,46.4,0
3358,suv,4.8,road_loopA_r0,xloopA_0Bb,5138.9,5233.0,94.1,895.9,34.3,1
3338,car,4.5,road_loopA_f0,road_loopA_f1,5122.0,5233.5,111.5,1303.1,42.1,0
3355,car,4.5,road_loopA_f0,road_loopA_f1,5136.6,5233.5,96.9,1303.0,48.4,0
3362,suv,4.8,road_loopA_r0,road_loopA_r1,5143.6,5233.6,90.0,1298.0,51.9,0
3378,car,4.5,road_loopA_f0,xloopA_0Ab,5155.2,5233.6,78.4,505.0,23.2,1
3357,car,4.5,road_loopA_r0,road_loopA_r1,5137.4,5234.3,96.9,1298.4,48.3,0
3350,car,4.5,road_loopA_f0,road_loopA_f1,5131.4,5235.1,103.7,1302.9,45.3,0
3353,car,4.5,road_loopA_f0,road_loopA_f1,5135.1,5235.3,100.2,1303.9,46.8,0
3371,car,4.5,road_loopA_r0,xloopA_0Bb,5149.9,5235.8,85.9,895.3,37.5,0
3365,car,4.5,road_loopA_r0,road_loopA_r1,5145.9,5236.3,90.4,1297.4,51.7,0
3351,car,4.5,road_loopA_f0,road_loopA_f1,5133.3,5236.8,103.5,1303.1,45.3,0
3382,truck,8.5,road_loopA_f0,xloopA_0Ab,5159.7,5237.1,77.4,505.4,23.5,1
3368,car,4.5,road_loopA_r0,road_loopA_r1,5146.9,5237.8,90.9,1298.1,51.4,0
3208,car,4.5,xloopA_0Ba,xloopA_0Bb,5010.3,5240.3,230.0,84.8,1.3,1
3364,suv,4.8,road_loopA_r0,road_loopA_r1,5145.7,5240.4,94.7,1297.5,49.3,0
3372,car,4.5,road_loopA_f0,road_loopA_f1,5150.0,5241.0,91.0,1303.6,51.6,0
3361,car,4.5,road_loopA_r0,road_loopA_r1,5141.4,5241.1,99.7,1298.2,46.9,0
3367,car,4.5,road_loopA_f0,road_loopA_f1,5146.8,5242.2,95.4,1303.6,49.2,0
3216,car,4.5,xloopA_0Ba,xloopA_0Bb,5016.1,5242.3,226.2,84.5,1.3,1
3366,suv,4.8,road_loopA_r0,road_loopA_r1,5146.4,5242.4,96.0,1298.0,48.7,0
3328,car,4.5,xloopA_0Aa,xloopA_0Ab,5112.2,5242.8,130.6,84.0,2.3,1
3374,car,4.5,road_loopA_f0,road_loopA_f1,5151.7,5243.9,92.2,1303.7,50.9,0
3231,car,4.5,xloopA_0Ba,xloopA_0Bb,5031.6,5245.1,213.5,84.1,1.4,1
3332,car,4.5,xloopA_0Aa,xloopA_0Ab,5115.2,5245.1,129.9,84.7,2.3,1
3377,car,4.5,road_loopA_f0,road_loopA_f1,5153.3,5245.2,91.9,1303.4,51.1,0
3376,car,4.5,xloopA_0Aa,xloopA_0Ab,5152.8,5247.6,94.8,84.3,3.2,0
3375,car,4.5,road_loopA_f0,road_loopA_f1,5152.6,5248.0,95.4,1303.9,49.2,0
3257,car,4.5,xloopA_0Ba,xloopA_0Bb,5051.7,5248.8,197.1,84.6,1.5,0
3388,car,4.5,road_loopA_f0,road_loopA_f1,5168.5,5257.9,89.4,1303.1,52.5,0
3381,car,4.5,road_loopA_f0,road_loopA_f1,5159.7,5259.7,100.0,1303.4,46.9,0
3391,car,4.5,road_loopA_f0,road_loopA_f1,5172.0,5261.4,89.4,1303.1,52.5,0
3431,car,4.5,road_loopA_f0,xloopA_0Bb,5212.4,5263.2,50.8,478.5,33.9,1
3395,suv,4.8,road_loopA_f0,road_loopA_f1,5174.8,5264.2,89.4,1303.1,52.5,0
3360,truck,8.5,road_loopA_r0,xloopA_0Ab,5140.2,5265.4,125.2,869.1,25.0,3
3390,suv,4.8,road_loopA_f0,road_loopA_f1,5170.4,5267.7,97.3,1304.1,48.3,0
3393,car,4.5,road_loopA_f0,road_loopA_f1,5173.7,5269.3,95.6,1302.9,49.0,0
3399,car,4.5,road_loopA_f0,road_loopA_f1,5180.2,5269.5,89.3,1303.1,52.5,0
3455,car,4.5,road_loopA_f0,xloopA_0Bb,5229.6,5273.9,44.3,478.7,38.9,0
3385,car,4.5,road_loopA_r0,road_loopA_r1,5165.5,5282.4,116.9,1297.8,40.0,1
3394,car,4.5,road_loopA_r0,road_loopA_r1,5173.8,5284.1,110.3,1297.8,42.4,1
3370,car,4.5,road_loopA_r0,road_loopA_r1,5148.3,5284.4,136.1,1298.4,34.3,1
3369,suv,4.8,road_loopA_r0,road_loopA_r1,5147.5,5286.2,138.7,1298.1,33.7,1
3397,car,4.5,road_loopA_r0,road_loopA_r1,5178.9,5286.8,107.9,1298.0,43.3,1
3400,car,4.5,road_loopA_r0,road_loopA_r1,5182.0,5288.1,106.1,1297.8,44.0,0
3405,car,4.5,road_loopA_r0,road_loopA_r1,5188.8,5289.9,101.1,1298.5,46.2,0
3412,suv,4.8,road_loopA_r0,road_loopA_r1,5193.5,5289.9,96.4,1297.7,48.5,0
3386,suv,4.8,road_loopA_r0,road_loopA_r1,5166.8,5291.6,124.8,1298.3,37.4,1
3415,car,4.5,road_loopA_r0,road_loopA_r1,5195.9,5291.7,95.8,1297.3,48.8,0
3411,car,4.5,road_loopA_r0,xloopA_0Ab,5193.3,5292.6,99.3,869.1,31.5,1
3389,car,4.5,road_loopA_r0,road_loopA_r1,5168.8,5293.4,124.6,1298.5,37.5,1
3417,car,4.5,road_loopA_r0,road_loopA_r1,5198.3,5295.0,96.7,1298.2,48.4,0
3419,car,4.5,road_loopA_r0,road_loopA_r1,5200.5,5295.0,94.5,1297.3,49.4,0
3398,car,4.5,road_loopA_r0,road_loopA_r1,5179.2,5296.8,117.6,1298.7,39.8,1
3240,car,4.5,xloopA_0Ba,road_loopA_r1,5036.1,5298.4,262.3,476.5,6.5,0
3404,suv,4.8,road_loopA_r0,road_loopA_r1,5188.3,5298.6,110.3,1298.1,42.4,0
3396,suv,4.8,road_loopA_r0,road_loopA_r1,5178.4,5301.4,123.0,1298.2,38.0,1
3416,car,4.5,road_loopA_r0,road_loopA_r1,5198.1,5301.8,103.7,1297.5,45.0,0
3407,suv,4.8,road_loopA_r0,road_loopA_r1,5189.1,5303.5,114.4,1297.8,40.9,0
3392,suv,4.8,road_loopA_r0,road_loopA_r1,5172.2,5304.4,132.2,1297.8,35.3,1
3490,truck,8.5,road_loopA_f0,xloopA_0Bb,5260.9,5306.8,45.9,479.0,37.6,0
3384,suv,4.8,road_loopA_r0,road_loopA_r1,5162.4,5307.4,145.0,1297.5,32.2,1
3402,car,4.5,road_loopA_f0,road_loopA_f1,5184.5,5307.6,123.1,1303.1,38.1,1
3424,suv,4.8,road_loopA_r0,road_loopA_r1,5207.4,5307.7,100.3,1298.0,46.6,0
3410,car,4.5,road_loopA_f0,road_loopA_f1,5191.7,5310.8,119.1,1304.1,39.4,1
3401,truck,8.5,road_loopA_f0,road_loopA_f1,5183.9,5311.2,127.3,1303.3,36.9,1
3409,car,4.5,road_loopA_f0,road_loopA_f1,5190.7,5312.6,121.9,1303.3,38.5,1
3403,car,4.5,road_loopA_f0,road_loopA_f1,5186.5,5313.2,126.7,1302.8,37.0,1
3408,truck,8.5,road_loopA_r0,road_loopA_r1,5190.2,5313.3,123.1,1297.3,37.9,0
3437,car,4.5,road_loopA_r0,road_loopA_r1,5215.9,5315.1,99.2,1297.9,47.1,0
3418,car,4.5,road_loopA_f0,road_loopA_f1,5200.3,5316.0,115.7,1303.0,40.5,1
3438,car,4.5,road_loopA_r0,road_loopA_r1,5218.1,5316.1,98.0,1298.3,47.7,0
3425,suv,4.8,road_loopA_r0,road_loopA_r1,5208.0,5316.8,108.8,1298.1,43.0,0
3448,car,4.5,road_loopA_r0,road_loopA_r1,5223.7,5317.3,93.6,1297.6,49.9,0
3379,car,4.5,road_loopA_r0,xloopA_0Bb,5157.4,5318.5,161.1,895.5,20.0,1
3445,car,4.5,road_loopA_r0,road_loopA_r1,5222.3,5318.6,96.3,1298.6,48.5,0
3420,car,4.5,road_loopA_f0,road_loopA_f1,5202.6,5318.9,116.3,1303.3,40.3,1
3387,suv,4.8,road_loopA_f0,xloopA_0Ab,5167.7,5319.1,151.4,505.2,12.0,2
3456,car,4.5,road_loopA_r0,road_loopA_r1,5229.7,5320.0,90.3,1298.5,51.7,0
3422,car,4.5,road_loopA_f0,road_loopA_f1,5203.7,5320.6,116.9,1304.2,40.2,1
3426,car,4.5,road_loopA_f0,road_loopA_f1,5210.1,5320.6,110.5,1303.6,42.5,1
3444,car,4.5,road_loopA_r0,road_loopA_r1,5221.5,5320.6,99.1,1298.1,47.1,0
3476,car,4.5,road_loopA_f0,xloopA_0Ab,5242.4,5321.7,79.3,505.0,22.9,1
3427,car,4.5,xloopA_0Aa,road_loopA_r1,5211.2,5322.4,111.2,506.9,16.4,0
3433,suv,4.8,road_loopA_f0,road_loopA_f1,5212.8,5322.7,109.9,1303.9,42.7,1
3462,suv,4.8,road_loopA_r0,road_loopA_r1,5233.1,5322.7,89.6,1298.0,52.2,0
3413,car,4.5,road_loopA_f0,road_loopA_f1,5195.7,5323.1,127.4,1303.6,36.9,1
3439,car,4.5,road_loopA_r0,road_loopA_r1,5218.5,5324.2,105.7,1297.9,44.2,0
3464,car,4.5,road_loopA_r0,road_loopA_r1,5233.7,5324.2,90.5,1298.0,51.7,0
3434,car,4.5,road_loopA_f0,road_loopA_f1,5213.4,5324.3,110.9,1303.1,42.3,0
3492,suv,4.8,road_loopA_f0,xloopA_0Ab,5261.9,5324.4,62.5,504.9,29.1,1
3429,car,4.5,road_loopA_f0,road_loopA_f1,5212.1,5324.7,112.6,1302.8,41.6,1
3463,car,4.5,road_loopA_r0,road_loopA_r1,5233.5,5325.2,91.7,1298.4,50.9,0
3483,car,4.5,road_loopA_r0,xloopA_0Bb,5253.6,5325.7,72.1,895.7,44.7,0
3450,car,4.5,road_loopA_r0,road_loopA_r1,5228.2,5325.8,97.6,1297.6,47.9,0
3440,car,4.5,road_loopA_f0,road_loopA_f1,5220.4,5326.4,106.0,1303.6,44.3,0
3466,suv,4.8,road_loopA_r0,road_loopA_r1,5235.5,5326.8,91.3,1297.5,51.2,0
3506,car,4.5,road_loopA_f0,xloopA_0Ab,5270.2,5327.1,56.9,505.0,32.0,0
3428,car,4.5,road_loopA_f0,road_loopA_f1,5211.2,5327.2,116.0,1303.7,40.5,1
3453,car,4.5,road_loopA_r0,road_loopA_r1,5229.0,5327.5,98.5,1298.3,47.4,0
3432,truck,8.5,road_loopA_f0,road_loopA_f1,5212.5,5329.6,117.1,1303.9,40.1,0
3383,bus,11.0,road_loopA_r0,road_loopA_r1,5161.4,5330.8,169.4,1297.5,27.6,2
3451,truck,8.5,road_loopA_r0,road_loopA_r1,5228.5,5331.0,102.5,1298.3,45.6,0
3469,car,4.5,road_loopA_r0,road_loopA_r1,5238.1,5331.5,93.4,1298.4,50.0,0
3446,car,4.5,road_loopA_f0,road_loopA_f1,5222.7,5331.7,109.0,1303.3,43.1,0
3472,suv,4.8,road_loopA_r0,road_loopA_r1,5240.5,5333.3,92.8,1297.7,50.3,0
3461,car,4.5,xloopA_0Aa,xloopA_0Ab,5231.1,5333.4,102.3,84.5,3.0,1
3443,car,4.5,road_loopA_f0,road_loopA_f1,5221.4,5333.9,112.5,1303.1,41.7,0
3261,car,4.5,xloopA_0Ba,xloopA_0Bb,5056.5,5333.9,277.4,84.6,1.1,1
3474,car,4.5,road_loopA_r0,road_loopA_r1,5241.5,5334.5,93.0,1297.8,50.2,0
3435,car,4.5,road_loopA_f0,road_loopA_f1,5214.4,5334.8,120.4,1302.9,38.9,0
3467,car,4.5,xloopA_0Aa,xloopA_0Ab,5236.5,5335.4,98.9,84.1,3.1,1
3318,car,4.5,xloopA_0Ba,xloopA_0Bb,5103.0,5335.9,232.9,84.2,1.3,1
3423,suv,4.8,road_loopA_f0,road_loopA_f1,5205.9,5336.2,130.3,1303.0,36.0,1
3465,car,4.5,road_loopA_f0,road_loopA_f1,5235.2,5336.6,101.4,1302.9,46.2,0
3447,suv,4.8,road_loopA_r0,road_loopA_r1,5223.0,5338.5,115.5,1297.8,40.5,0
3449,truck,8.5,road_loopA_f0,road_loopA_f1,5226.9,5338.5,111.6,1303.2,42.1,0
3348,car,4.5,xloopA_0Ba,xloopA_0Bb,5130.0,5338.7,208.7,84.4,1.5,1
3468,suv,4.8,road_loopA_f0,road_loopA_f1,5237.9,5340.5,102.6,1303.2,45.7,0
3487,car,4.5,xloopA_0Aa,xloopA_0Ab,5259.0,5341.4,82.4,84.1,3.7,0
3459,car,4.5,road_loopA_f0,road_loopA_f1,5230.7,5342.9,112.2,1303.6,41.8,0
3520,car,4.5,xloopA_0Aa,xloopA_0Ab,5281.8,5343.6,61.8,84.6,4.9,0
3471,suv,4.8,road_loopA_f0,road_loopA_f1,5239.9,5344.2,104.3,1303.1,45.0,0
3470,car,4.5,road_loopA_f0,road_loopA_f1,5238.9,5345.2,106.3,1302.9,44.1,0
3406,car,4.5,road_loopA_f0,road_loopA_f1,5189.0,5346.6,157.6,1302.9,29.8,1
3479,suv,4.8,road_loopA_f0,road_loopA_f1,5245.5,5348.2,102.7,1303.4,45.7,0
3480,truck,8.5,road_loopA_f0,road_loopA_f1,5251.6,5349.9,98.3,1302.8,47.7,0
3320,car,4.5,xloopA_0Aa,road_loopA_f1,5107.4,5350.1,242.7,872.1,12.9,1
3488,suv,4.8,road_loopA_f0,road_loopA_f1,5260.1,5350.7,90.6,1304.0,51.8,0
3421,car,4.5,road_loopA_f0,road_loopA_f1,5203.4,5352.0,148.6,1303.4,31.6,1
3493,car,4.5,road_loopA_f0,road_loopA_f1,5262.4,5352.9,90.5,1303.6,51.9,0
3436,truck,8.5,road_loopA_f0,road_loopA_f1,5215.4,5353.7,138.3,1303.1,33.9,0
3441,car,4.5,road_loopA_f0,road_loopA_f1,5220.7,5354.7,134.0,1303.0,35.0,0
3452,car,4.5,road_loopA_f0,road_loopA_f1,5228.7,5355.3,126.6,1303.5,37.1,0
3514,car,4.5,road_loopA_f0,xloopA_0Bb,5276.0,5356.5,80.5,478.8,21.4,2
3473,truck,8.5,road_loopA_r0,xloopA_0Ab,5241.1,5356.6,115.5,869.4,27.1,1
3499,truck,8.5,road_loopA_f0,road_loopA_f1,5265.9,5359.3,93.4,1304.0,50.3,0
3457,car,4.5,road_loopA_r0,xloopA_0Ab,5230.3,5360.2,129.9,869.0,24.1,2
3548,suv,4.8,road_loopA_f0,xloopA_0Bb,5301.7,5360.3,58.6,479.2,29.5,1
3504,suv,4.8,road_loopA_f0,road_loopA_f1,5268.0,5361.2,93.2,1302.8,50.3,0
3515,car,4.5,road_loopA_r0,xloopA_0Ab,5276.2,5363.9,87.7,869.1,35.7,0
3507,car,4.5,road_loopA_f0,road_loopA_f1,5271.0,5366.7,95.7,1303.2,49.0,0
3486,suv,4.8,road_loopA_f0,road_loopA_f1,5258.2,5368.6,110.4,1303.8,42.5,0
3489,suv,4.8,road_loopA_f0,road_loopA_f1,5260.7,5370.4,109.7,1303.1,42.8,0
3482,car,4.5,road_loopA_r0,road_loopA_r1,5253.4,5374.2,120.8,1298.0,38.7,1
3484,suv,4.8,road_loopA_r0,road_loopA_r1,5257.5,5378.3,120.8,1297.7,38.7,1
3503,car,4.5,road_loopA_r0,road_loopA_r1,5267.6,5380.3,112.7,1298.1,41.5,1
3494,truck,8.5,road_loopA_r0,road_loopA_r1,5264.1,5385.1,121.0,1298.1,38.6,1
3594,car,4.5,road_loopA_f0,xloopA_0Bb,5345.4,5385.3,39.9,478.7,43.1,0
6,tram,34.0,loopA,loopA,1258.9,5385.4,4126.5,33703.1,29.4,40
3512,car,4.5,road_loopA_r0,road_loopA_r1,5272.9,5386.1,113.2,1298.4,41.3,1
3517,car,4.5,road_loopA_r0,road_loopA_r1,5278.1,5387.7,109.6,1297.9,42.6,0
3523,car,4.5,road_loopA_r0,road_loopA_r1,5283.5,5389.8,106.3,1297.9,43.9,0
3363,car,4.5,xloopA_0Ba,road_loopA_r1,5143.7,5390.7,247.0,476.7,6.9,0
3491,car,4.5,road_loopA_r0,road_loopA_r1,5261.3,5392.7,131.4,1298.3,35.6,1
3516,car,4.5,road_loopA_r0,road_loopA_r1,5276.4,5394.3,117.9,1298.4,39.6,0
3477,car,4.5,xloopA_0Aa,road_loopA_r1,5243.8,5395.7,151.9,507.2,12.0,0
3460,bus,11.0,road_loopA_f0,road_loopA_f1,5230.7,5395.8,165.1,1303.5,28.4,2
3481,suv,4.8,road_loopA_r0,road_loopA_r1,5252.8,5397.3,144.5,1297.6,32.3,1
3478,car,4.5,road_loopA_r0,road_loopA_r1,5244.4,5397.5,153.1,1298.3,30.5,1
3475,car,4.5,xloopA_0Aa,road_loopA_r1,5242.1,5397.7,155.6,506.6,11.7,1
3497,car,4.5,road_loopA_r0,road_loopA_r1,5264.9,5399.2,134.3,1297.8,34.8,0
3485,truck,8.5,road_loopA_r0,road_loopA_r1,5257.8,5399.7,141.9,1298.0,32.9,1
3539,car,4.5,road_loopA_r0,road_loopA_r1,5295.0,5399.9,104.9,1297.4,44.5,0
3521,suv,4.8,road_loopA_r0,road_loopA_r1,5281.8,5401.1,119.3,1297.6,39.2,0
3550,car,4.5,road_loopA_r0,road_loopA_r1,5305.8,5401.6,95.8,1297.7,48.8,0
3495,truck,8.5,road_loopA_r0,road_loopA_r1,5264.2,5402.1,137.9,1297.7,33.9,1
3508,car,4.5,road_loopA_f0,road_loopA_f1,5271.1,5402.4,131.3,1302.9,35.7,1
3533,suv,4.8,road_loopA_r0,road_loopA_r1,5290.0,5403.0,113.0,1298.1,41.4,0
3544,car,4.5,road_loopA_r0,road_loopA_r1,5299.4,5403.3,103.9,1298.3,45.0,0
3511,suv,4.8,road_loopA_r0,road_loopA_r1,5272.7,5404.1,131.4,1298.0,35.6,1
3543,car,4.5,road_loopA_r0,road_loopA_r1,5298.9,5404.7,105.8,1297.5,44.2,0
3558,car,4.5,road_loopA_r0,road_loopA_r1,5311.6,5405.5,93.9,1297.3,49.7,0
3513,car,4.5,road_loopA_r0,road_loopA_r1,5275.7,5406.0,130.3,1297.3,35.8,0
3537,suv,4.8,road_loopA_r0,road_loopA_r1,5293.8,5406.5,112.7,1298.4,41.5,0
3519,car,4.5,road_loopA_f0,road_loopA_f1,5280.1,5407.1,127.0,1303.7,37.0,1
3524,suv,4.8,road_loopA_f0,road_loopA_f1,5284.8,5407.1,122.3,1303.1,38.4,1
3528,car,4.5,road_loopA_r0,road_loopA_r1,5286.4,5407.8,121.4,1298.4,38.5,0
3556,car,4.5,road_loopA_r0,road_loopA_r1,5310.0,5408.2,98.2,1297.6,47.6,0
3501,bus,11.0,road_loopA_r0,road_loopA_r1,5267.2,5409.5,142.3,1298.3,32.8,2
3531,suv,4.8,road_loopA_r0,road_loopA_r1,5288.6,5409.8,121.2,1298.5,38.6,0
3536,car,4.5,road_loopA_r0,road_loopA_r1,5292.3,5411.2,118.9,1298.2,39.3,0
3534,car,4.5,road_loopA_r0,road_loopA_r1,5290.5,5411.5,121.0,1297.8,38.6,0
3546,car,4.5,road_loopA_r0,road_loopA_r1,5301.5,5411.8,110.3,1297.3,42.3,0
3500,car,4.5,road_loopA_r0,xloopA_0Bb,5266.4,5412.0,145.6,895.4,22.1,1
3509,car,4.5,road_loopA_f0,road_loopA_f1,5272.4,5412.6,140.2,1303.1,33.5,1
3525,suv,4.8,road_loopA_f0,xloopA_0Ab,5285.0,5412.6,127.6,505.5,14.3,1
3563,suv,4.8,road_loopA_r0,road_loopA_r1,5315.9,5413.1,97.2,1298.2,48.1,0
3552,suv,4.8,road_loopA_r0,road_loopA_r1,5308.8,5413.3,104.5,1297.7,44.7,0
3529,car,4.5,road_loopA_f0,road_loopA_f1,5288.4,5415.0,126.6,1303.8,37.1,1
3559,car,4.5,road_loopA_r0,road_loopA_r1,5313.5,5415.1,101.6,1297.9,46.0,0
3527,suv,4.8,road_loopA_f0,xloopA_0Ab,5286.2,5415.2,129.0,505.2,14.1,1
3569,car,4.5,road_loopA_r0,road_loopA_r1,5322.5,5415.3,92.8,1298.1,50.3,0
3541,car,4.5,road_loopA_f0,road_loopA_f1,5297.8,5415.6,117.8,1303.6,39.8,1
3570,suv,4.8,road_loopA_r0,road_loopA_r1,5325.4,5415.8,90.4,1297.7,51.6,0
3538,suv,4.8,road_loopA_f0,road_loopA_f1,5294.2,5416.0,121.8,1303.5,38.5,1
3572,suv,4.8,road_loopA_r0,road_loopA_r1,5326.4,5416.1,89.7,1298.1,52.1,0
3545,suv,4.8,road_loopA_f0,road_loopA_f1,5299.5,5417.7,118.2,1304.1,39.7,1
3549,car,4.5,road_loopA_f0,xloopA_0Ab,5303.7,5417.9,114.2,505.2,15.9,1
3574,suv,4.8,road_loopA_r0,road_loopA_r1,5328.6,5418.6,90.0,1298.1,51.9,0
3502,suv,4.8,road_loopA_f0,road_loopA_f1,5267.5,5418.7,151.2,1303.4,31.0,1
3510,suv,4.8,road_loopA_f0,road_loopA_f1,5272.4,5418.8,146.4,1303.8,32.1,1
3560,car,4.5,road_loopA_r0,road_loopA_r1,5314.9,5419.0,104.1,1298.3,44.9,0
3547,car,4.5,road_loopA_f0,road_loopA_f1,5301.8,5419.5,117.7,1303.8,39.9,1
3562,car,4.5,road_loopA_f0,road_loopA_f1,5316.0,5421.3,105.3,1304.1,44.6,0
3555,truck,8.5,road_loopA_f0,xloopA_0Ab,5309.9,5421.4,111.5,505.6,16.3,1
3518,car,4.5,road_loopA_f0,road_loopA_f1,5279.6,5423.0,143.4,1304.0,32.7,1
3565,suv,4.8,road_loopA_r0,road_loopA_r1,5319.4,5423.4,104.0,1297.8,44.9,0
3590,truck,8.5,road_loopA_r0,xloopA_0Bb,5339.3,5423.6,84.3,895.7,38.3,0
3532,car,4.5,road_loopA_f0,road_loopA_f1,5289.7,5424.3,134.6,1303.8,34.9,1
3530,suv,4.8,road_loopA_f0,road_loopA_f1,5288.6,5426.8,138.2,1302.8,33.9,1
3586,car,4.5,road_loopA_r0,road_loopA_r1,5336.8,5427.7,90.9,1298.3,51.4,0
3414,car,4.5,xloopA_0Ba,xloopA_0Bb,5196.0,5427.8,231.8,84.3,1.3,1
3564,suv,4.8,road_loopA_f0,road_loopA_f1,5318.6,5429.1,110.5,1303.1,42.5,0
3430,car,4.5,xloopA_0Ba,xloopA_0Bb,5212.4,5429.9,217.5,84.4,1.4,1
3567,car,4.5,road_loopA_f0,road_loopA_f1,5321.1,5430.9,109.8,1303.3,42.7,0
3496,bus,11.0,road_loopA_r0,road_loopA_r1,5264.7,5431.3,166.6,1298.1,28.1,2
3442,car,4.5,xloopA_0Ba,xloopA_0Bb,5221.1,5432.0,210.9,84.2,1.4,1
3571,car,4.5,road_loopA_f0,road_loopA_f1,5325.6,5432.3,106.7,1304.2,44.0,0
3554,car,4.5,road_loopA_f0,road_loopA_f1,5309.5,5433.4,123.9,1303.1,37.8,0
3566,car,4.5,road_loopA_f0,road_loopA_f1,5320.3,5433.9,113.6,1303.8,41.3,0
3454,car,4.5,xloopA_0Ba,xloopA_0Bb,5229.3,5434.6,205.3,84.1,1.5,0
3551,car,4.5,road_loopA_f0,road_loopA_f1,5306.1,5435.2,129.1,1303.2,36.3,0
3583,car,4.5,road_loopA_f0,road_loopA_f1,5335.7,5436.2,100.5,1303.1,46.7,0
3576,suv,4.8,road_loopA_f0,road_loopA_f1,5331.0,5436.4,105.4,1303.6,44.5,0
3540,truck,8.5,road_loopA_f0,road_loopA_f1,5297.2,5437.5,140.3,1303.9,33.5,1
3561,suv,4.8,road_loopA_f0,road_loopA_f1,5315.7,5438.2,122.5,1303.4,38.3,0
3589,car,4.5,road_loopA_f0,road_loopA_f1,5339.1,5441.1,102.0,1303.1,46.0,0
3582,suv,4.8,road_loopA_f0,road_loopA_f1,5334.0,5442.9,108.9,1303.9,43.1,0
3573,suv,4.8,road_loopA_f0,road_loopA_f1,5328.1,5443.0,114.9,1304.1,40.8,0
3592,truck,8.5,road_loopA_f0,road_loopA_f1,5342.9,5443.3,100.4,1303.9,46.7,0
3568,suv,4.8,road_loopA_f0,road_loopA_f1,5321.3,5445.4,124.1,1303.5,37.8,0
3599,car,4.5,road_loopA_f0,road_loopA_f1,5351.2,5445.4,94.2,1303.2,49.8,0
3598,suv,4.8,road_loopA_f0,road_loopA_f1,5350.8,5447.2,96.4,1303.6,48.7,0
3557,suv,4.8,road_loopA_f0,road_loopA_f1,5311.5,5447.3,135.8,1304.1,34.6,0
3542,car,4.5,road_loopA_f0,road_loopA_f1,5298.2,5449.9,151.7,1303.7,30.9,1
3614,suv,4.8,road_loopA_f0,road_loopA_f1,5359.9,5450.7,90.8,1303.8,51.7,0
3526,car,4.5,road_loopA_f0,road_loopA_f1,5285.4,5452.8,167.4,1303.0,28.0,1
3380,car,4.5,xloopA_0Ba,road_loopA_f1,5158.7,5452.8,294.1,902.9,11.1,0
3522,car,4.5,road_loopA_f0,road_loopA_f1,5282.2,5454.4,172.2,1303.2,27.3,1
3535,car,4.5,road_loopA_f0,road_loopA_f1,5290.9,5454.6,163.7,1303.0,28.7,1
3617,suv,4.8,road_loopA_r0,xloopA_0Ab,5364.1,5454.7,90.6,869.4,34.5,1
3657,car,4.5,road_loopA_f0,xloopA_0Bb,5414.9,5455.0,40.1,478.8,43.0,0
3580,car,4.5,road_loopA_f0,road_loopA_f1,5333.2,5456.0,122.8,1303.5,38.2,0
5,tram,34.0,loopB,loopB,1215.5,5457.6,4242.1,33673.1,28.6,40
3593,suv,4.8,road_loopA_f0,road_loopA_f1,5345.3,5465.2,119.9,1303.8,39.1,0
3601,suv,4.8,road_loopA_f0,road_loopA_f1,5351.7,5465.7,114.0,1303.5,41.2,0
3596,suv,4.8,road_loopA_f0,road_loopA_f1,5349.9,5465.9,116.0,1302.8,40.4,0
3587,car,4.5,road_loopA_r0,road_loopA_r1,5338.0,5466.7,128.7,1297.7,36.3,1
3663,suv,4.8,road_loopA_f0,xloopA_0Bb,5427.3,5468.1,40.8,479.2,42.3,0
3585,car,4.5,road_loopA_f0,road_loopA_f1,5336.0,5468.7,132.7,1303.3,35.3,0
3588,suv,4.8,road_loopA_r0,road_loopA_r1,5338.1,5470.1,132.0,1298.0,35.4,1
3581,suv,4.8,road_loopA_r0,road_loopA_r1,5333.3,5470.6,137.3,1297.3,34.0,1
3584,truck,8.5,road_loopA_r0,road_loopA_r1,5335.8,5473.0,137.2,1297.3,34.0,1
3602,suv,4.8,road_loopA_r0,road_loopA_r1,5352.5,5475.2,122.7,1298.3,38.1,1
3609,car,4.5,road_loopA_f0,road_loopA_f1,5357.1,5476.0,118.9,1303.0,39.5,0
3591,suv,4.8,road_loopA_r0,road_loopA_r1,5341.3,5476.6,135.3,1297.6,34.5,1
3600,car,4.5,road_loopA_r0,road_loopA_r1,5351.5,5478.3,126.8,1297.6,36.8,1
3575,car,4.5,road_loopA_r0,road_loopA_r1,5330.7,5478.7,148.0,1297.5,31.6,1
3595,car,4.5,road_loopA_r0,road_loopA_r1,5346.6,5479.7,133.1,1297.8,35.1,1
3597,suv,4.8,road_loopA_r0,road_loopA_r1,5350.5,5480.4,129.9,1297.9,36.0,1
3603,car,4.5,road_loopA_r0,road_loopA_r1,5353.7,5480.9,127.2,1298.5,36.8,1
3612,suv,4.8,road_loopA_r0,road_loopA_r1,5357.8,5481.7,123.9,1297.3,37.7,1
3604,car,4.5,road_loopA_r0,road_loopA_r1,5353.8,5482.1,128.3,1298.3,36.4,1
3607,car,4.5,road_loopA_r0,road_loopA_r1,5356.0,5482.7,126.7,1298.1,36.9,1
3605,car,4.5,road_loopA_r0,road_loopA_r1,5354.9,5483.9,129.0,1297.6,36.2,1
3613,car,4.5,road_loopA_r0,road_loopA_r1,5358.0,5484.5,126.5,1297.8,36.9,3
3618,car,4.5,road_loopA_r0,road_loopA_r1,5364.3,5485.2,120.9,1298.5,38.7,1
3606,car,4.5,road_loopA_r0,road_loopA_r1,5355.0,5486.1,131.1,1298.0,35.6,1
3615,car,4.5,road_loopA_r0,road_loopA_r1,5361.8,5486.6,124.8,1297.7,37.4,1
3610,car,4.5,road_loopA_r0,road_loopA_r1,5357.6,5487.7,130.1,1297.3,35.9,5
3620,car,4.5,road_loopA_r0,road_loopA_r1,5370.1,5487.9,117.8,1298.3,39.7,1
3621,car,4.5,road_loopA_r0,road_loopA_r1,5372.4,5489.4,117.0,1297.3,39.9,0
3623,suv,4.8,road_loopA_r0,road_loopA_r1,5374.2,5489.8,115.6,1297.9,40.4,0
3625,suv,4.8,road_loopA_r0,road_loopA_r1,5375.0,5490.4,115.4,1297.3,40.5,0
3622,car,4.5,road_loopA_r0,road_loopA_r1,5372.9,5491.5,118.6,1297.4,39.4,0
3627,suv,4.8,road_loopA_r0,road_loopA_r1,5376.0,5491.7,115.7,1297.3,40.3,0
3629,car,4.5,road_loopA_r0,road_loopA_r1,5378.6,5493.5,114.9,1297.4,40.6,0
3638,car,4.5,road_loopA_r0,road_loopA_r1,5387.5,5494.1,106.6,1297.5,43.8,0
3619,car,4.5,road_loopA_f0,road_loopA_f1,5368.8,5494.2,125.4,1303.8,37.4,1
3632,car,4.5,road_loopA_r0,road_loopA_r1,5382.3,5495.2,112.9,1298.5,41.4,0
3631,truck,8.5,road_loopA_r0,road_loopA_r1,5381.9,5497.0,115.1,1297.4,40.6,0
3643,car,4.5,road_loopA_r0,road_loopA_r1,5398.4,5497.0,98.6,1298.1,47.4,0
3644,suv,4.8,road_loopA_r0,road_loopA_r1,5399.8,5499.4,99.6,1297.5,46.9,0
3645,truck,8.5,road_loopA_r0,road_loopA_r1,5400.9,5499.6,98.7,1298.5,47.4,0
3648,car,4.5,road_loopA_r0,road_loopA_r1,5403.5,5501.6,98.1,1298.4,47.7,0
3626,car,4.5,road_loopA_f0,road_loopA_f1,5375.7,5502.4,126.7,1303.1,37.0,1
3640,car,4.5,road_loopA_f0,road_loopA_f1,5389.3,5505.8,116.5,1303.6,40.3,1
3579,car,4.5,road_loopA_f0,xloopA_0Ab,5333.0,5506.1,173.1,505.3,10.5,2
3636,car,4.5,road_loopA_f0,road_loopA_f1,5387.2,5508.2,121.0,1303.6,38.8,1
3654,car,4.5,road_loopA_r0,road_loopA_r1,5413.9,5508.6,94.7,1297.3,49.3,0
3616,suv,4.8,road_loopA_f0,xloopA_0Ab,5364.0,5508.7,144.7,505.4,12.6,1
3649,car,4.5,road_loopA_r0,road_loopA_r1,5404.7,5509.9,105.2,1298.3,44.4,0
3647,car,4.5,road_loopA_r0,road_loopA_r1,5402.1,5510.5,108.4,1297.2,43.1,0
3674,suv,4.8,road_loopA_f0,xloopA_0Ab,5433.1,5511.4,78.3,505.3,23.2,1
3660,car,4.5,road_loopA_r0,road_loopA_r1,5421.0,5511.8,90.8,1298.1,51.5,0
3656,car,4.5,road_loopA_r0,road_loopA_r1,5414.3,5512.2,97.9,1298.5,47.7,0
3661,car,4.5,road_loopA_r0,road_loopA_r1,5421.4,5513.9,92.5,1298.6,50.5,0
3684,car,4.5,road_loopA_f0,xloopA_0Ab,5440.4,5514.1,73.7,505.2,24.7,1
3646,suv,4.8,road_loopA_r0,road_loopA_r1,5401.8,5514.9,113.1,1298.2,41.3,0
3653,car,4.5,road_loopA_f0,road_loopA_f1,5410.1,5515.5,105.4,1303.3,44.5,0
3668,car,4.5,road_loopA_r0,road_loopA_r1,5428.8,5518.0,89.2,1298.0,52.4,0
3498,car,4.5,xloopA_0Ba,xloopA_0Bb,5265.4,5521.1,255.7,84.1,1.2,1
3642,car,4.5,road_loopA_f0,road_loopA_f1,5392.5,5521.6,129.1,1303.3,36.3,0
3664,car,4.5,road_loopA_f0,road_loopA_f1,5428.0,5522.2,94.2,1302.9,49.8,0
3659,car,4.5,road_loopA_f0,road_loopA_f1,5415.8,5523.3,107.5,1303.1,43.7,0
3505,car,4.5,xloopA_0Ba,xloopA_0Bb,5269.5,5524.1,254.6,84.0,1.2,1
3670,car,4.5,road_loopA_f0,road_loopA_f1,5429.9,5525.0,95.1,1303.6,49.3,0
3658,car,4.5,road_loopA_f0,road_loopA_f1,5415.4,5525.1,109.7,1303.7,42.8,0
3667,car,4.5,road_loopA_f0,road_loopA_f1,5428.7,5527.5,98.8,1303.2,47.5,0
3672,car,4.5,road_loopA_f0,road_loopA_f1,5431.4,5528.5,97.1,1304.0,48.4,0
3675,car,4.5,road_loopA_f0,road_loopA_f1,5433.4,5530.3,96.9,1303.7,48.4,0
3666,car,4.5,xloopA_0Ba,xloopA_0Bb,5428.7,5530.8,102.1,84.5,3.0,0
3652,car,4.5,road_loopA_r0,xloopA_0Ab,5410.1,5536.2,126.1,868.8,24.8,2
3662,car,4.5,road_loopA_f0,road_loopA_f1,5424.3,5536.3,112.0,1303.7,41.9,0
3685,car,4.5,road_loopA_f0,road_loopA_f1,5440.6,5537.6,97.0,1303.3,48.4,0
3628,car,4.5,road_loopA_f0,road_loopA_f1,5377.4,5539.8,162.4,1303.2,28.9,1
3577,car,4.5,xloopA_0Aa,road_loopA_f1,5331.6,5542.3,210.7,872.5,14.9,1
3669,car,4.5,road_loopA_f0,road_loopA_f1,5429.3,5543.8,114.5,1303.4,41.0,0
3680,truck,8.5,road_loopA_r0,xloopA_0Ab,5438.7,5545.0,106.3,869.3,29.4,1
3692,car,4.5,road_loopA_f0,road_loopA_f1,5447.0,5545.4,98.4,1303.5,47.7,0
3689,truck,8.5,road_loopA_f0,road_loopA_f1,5444.8,5547.3,102.5,1302.9,45.8,0
3553,car,4.5,xloopA_0Aa,road_loopA_f1,5309.2,5547.4,238.2,872.2,13.2,1
3721,car,4.5,road_loopA_r0,xloopA_0Ab,5468.1,5548.4,80.3,869.2,39.0,0
3697,suv,4.8,road_loopA_f0,road_loopA_f1,5449.9,5548.9,99.0,1303.7,47.4,0
3693,car,4.5,road_loopA_f0,road_loopA_f1,5448.1,5550.7,102.6,1303.7,45.8,0
3630,car,4.5,road_loopA_f0,road_loopA_f1,5380.4,5552.0,171.6,1303.9,27.4,1
3458,car,4.5,xloopA_0Ba,road_loopA_f1,5230.8,5552.4,321.6,902.4,10.1,0
3691,truck,8.5,road_loopA_f0,road_loopA_f1,5445.2,5553.7,108.5,1303.3,43.2,0
3641,car,4.5,road_loopA_f0,road_loopA_f1,5389.5,5554.5,165.0,1303.2,28.4,1
3637,suv,4.8,road_loopA_f0,road_loopA_f1,5387.4,5554.7,167.3,1303.0,28.0,1
3651,car,4.5,road_loopA_f0,road_loopA_f1,5409.1,5556.2,147.1,1302.8,31.9,0
3690,car,4.5,road_loopA_f0,road_loopA_f1,5444.9,5556.2,111.3,1303.2,42.2,0
3705,car,4.5,road_loopA_f0,road_loopA_f1,5454.7,5557.9,103.2,1303.5,45.5,0
3677,truck,8.5,road_loopA_f0,road_loopA_f1,5435.9,5558.3,122.4,1303.3,38.3,0
3682,suv,4.8,road_loopA_f0,road_loopA_f1,5440.0,5559.3,119.3,1302.8,39.3,0
3700,car,4.5,road_loopA_f0,road_loopA_f1,5452.1,5560.1,108.0,1304.0,43.5,0
3704,car,4.5,road_loopA_f0,road_loopA_f1,5453.2,5562.0,108.8,1303.7,43.1,0
3665,car,4.5,road_loopA_f0,road_loopA_f1,5428.2,5562.4,134.2,1303.9,35.0,0
3673,car,4.5,road_loopA_r0,road_loopA_r1,5431.5,5562.9,131.4,1298.5,35.6,1
3707,suv,4.8,road_loopA_f0,road_loopA_f1,5455.2,5563.7,108.5,1303.4,43.2,0
3676,truck,8.5,road_loopA_f0,road_loopA_f1,5435.1,5564.7,129.6,1303.7,36.2,0
3703,car,4.5,road_loopA_f0,road_loopA_f1,5453.0,5565.6,112.6,1304.1,41.7,0
3687,car,4.5,road_loopA_r0,road_loopA_r1,5443.9,5566.3,122.4,1298.5,38.2,1
3695,truck,8.5,road_loopA_f0,road_loopA_f1,5448.3,5566.8,118.5,1304.0,39.6,0
3681,car,4.5,road_loopA_r0,road_loopA_r1,5439.2,5568.4,129.2,1297.7,36.2,1
3635,suv,4.8,road_loopA_f0,road_loopA_f1,5386.6,5569.6,183.0,1303.2,25.6,1
3608,car,4.5,xloopA_0Aa,road_loopA_f1,5356.1,5570.1,214.0,872.1,14.7,1
3686,car,4.5,road_loopA_r0,road_loopA_r1,5443.0,5570.3,127.3,1298.6,36.7,1
3701,suv,4.8,road_loopA_r0,road_loopA_r1,5452.9,5570.8,117.9,1297.5,39.6,1
3639,car,4.5,xloopA_0Ba,road_loopA_r1,5387.6,5572.1,184.5,476.4,9.3,0
3624,truck,8.5,road_loopA_f0,road_loopA_f1,5374.5,5572.4,197.9,1303.3,23.7,1
3706,suv,4.8,road_loopA_r0,road_loopA_r1,5455.1,5573.9,118.8,1297.3,39.3,1
3710,car,4.5,road_loopA_r0,road_loopA_r1,5456.2,5575.4,119.2,1297.8,39.2,1
3723,car,4.5,road_loopA_r0,road_loopA_r1,5473.5,5577.0,103.5,1297.3,45.1,0
3712,car,4.5,road_loopA_r0,road_loopA_r1,5457.3,5577.1,119.8,1297.5,39.0,0
3720,car,4.5,road_loopA_r0,road_loopA_r1,5466.6,5578.8,112.2,1297.6,41.6,0
3728,car,4.5,road_loopA_r0,road_loopA_r1,5476.4,5579.3,102.9,1297.7,45.4,0
3633,car,4.5,xloopA_0Aa,road_loopA_r1,5383.4,5580.6,197.2,506.8,9.3,1
3694,car,4.5,road_loopA_r0,road_loopA_r1,5448.2,5580.9,132.7,1297.8,35.2,1
3736,car,4.5,road_loopA_r0,road_loopA_r1,5482.2,5581.5,99.3,1297.4,47.0,0
3726,suv,4.8,road_loopA_r0,road_loopA_r1,5474.7,5582.0,107.3,1298.0,43.6,0
3678,car,4.5,road_loopA_r0,road_loopA_r1,5437.4,5582.3,144.9,1297.7,32.2,1
3745,car,4.5,road_loopA_r0,road_loopA_r1,5490.1,5583.9,93.8,1298.3,49.8,0
3671,car,4.5,road_loopA_r0,road_loopA_r1,5431.1,5584.1,153.0,1298.3,30.6,1
3679,suv,4.8,road_loopA_r0,road_loopA_r1,5438.5,5585.8,147.3,1297.5,31.7,1
3709,suv,4.8,road_loopA_r0,road_loopA_r1,5455.9,5586.2,130.3,1298.5,35.9,1
3702,suv,4.8,road_loopA_r0,road_loopA_r1,5452.9,5587.7,134.8,1298.1,34.7,1
3715,car,4.5,road_loopA_f0,road_loopA_f1,5460.7,5587.9,127.2,1303.8,36.9,1
3743,car,4.5,road_loopA_r0,road_loopA_r1,5487.6,5587.9,100.3,1298.0,46.6,0
3683,bus,11.0,road_loopA_r0,road_loopA_r1,5440.2,5588.3,148.1,1298.0,31.6,2
3742,suv,4.8,road_loopA_r0,road_loopA_r1,5486.8,5589.0,102.2,1298.0,45.7,0
3708,car,4.5,road_loopA_r0,road_loopA_r1,5455.7,5589.4,133.7,1297.9,35.0,1
3765,suv,4.8,road_loopA_r0,xloopA_0Ab,5505.9,5589.5,83.6,869.3,37.4,1
3716,car,4.5,road_loopA_r0,road_loopA_r1,5460.9,5589.9,129.0,1297.4,36.2,1
3748,car,4.5,road_loopA_r0,road_loopA_r1,5491.3,5591.0,99.7,1298.5,46.9,0
3713,truck,8.5,road_loopA_r0,road_loopA_r1,5459.1,5591.7,132.6,1298.0,35.2,1
3714,suv,4.8,road_loopA_r0,road_loopA_r1,5459.6,5593.3,133.7,1298.1,35.0,1
3727,car,4.5,road_loopA_r0,road_loopA_r1,5476.1,5594.4,118.3,1298.1,39.5,0
3722,car,4.5,road_loopA_r0,road_loopA_r1,5468.8,5594.9,126.1,1297.9,37.0,0
3758,car,4.5,road_loopA_r0,road_loopA_r1,5502.5,5595.3,92.8,1297.5,50.3,0
3718,suv,4.8,road_loopA_f0,road_loopA_f1,5465.8,5595.9,130.1,1303.4,36.1,1
3756,suv,4.8,road_loopA_r0,road_loopA_r1,5497.2,5596.0,98.8,1297.7,47.3,0
3746,car,4.5,road_loopA_r0,road_loopA_r1,5490.8,5596.6,105.8,1298.4,44.2,0
3737,car,4.5,road_loopA_f0,road_loopA_f1,5484.5,5596.7,112.2,1303.2,41.8,1
3729,truck,8.5,road_loopA_r0,road_loopA_r1,5476.9,5596.8,119.9,1298.2,39.0,1
3731,car,4.5,road_loopA_f0,road_loopA_f1,5477.8,5597.6,119.8,1302.8,39.2,1
3757,suv,4.8,road_loopA_r0,road_loopA_r1,5499.9,5598.3,98.4,1298.4,47.5,0
3767,car,4.5,road_loopA_r0,road_loopA_r1,5507.4,5598.4,91.0,1298.0,51.3,0
3698,car,4.5,road_loopA_r0,xloopA_0Bb,5451.7,5599.0,147.3,895.4,21.9,1
3739,suv,4.8,road_loopA_f0,road_loopA_f1,5486.2,5599.4,113.2,1303.3,41.5,1
3744,car,4.5,road_loopA_f0,xloopA_0Ab,5488.1,5599.6,111.5,505.1,16.3,1
3764,car,4.5,road_loopA_r0,road_loopA_r1,5504.7,5600.0,95.3,1297.8,49.0,0
3770,car,4.5,road_loopA_r0,road_loopA_r1,5509.1,5601.0,91.9,1297.4,50.8,0
3749,suv,4.8,road_loopA_f0,road_loopA_f1,5491.5,5601.9,110.4,1303.5,42.5,1
3761,car,4.5,road_loopA_f0,xloopA_0Ab,5503.6,5602.2,98.6,505.1,18.4,1
3699,truck,8.5,road_loopA_r0,xloopA_0Bb,5451.8,5602.4,150.6,895.5,21.4,1
3741,car,4.5,road_loopA_f0,road_loopA_f1,5486.6,5602.5,115.9,1303.4,40.5,1
3773,car,4.5,road_loopA_r0,road_loopA_r1,5510.4,5603.5,93.1,1297.7,50.2,0
3772,truck,8.5,road_loopA_r0,road_loopA_r1,5509.6,5603.6,94.0,1297.9,49.7,0
3752,car,4.5,road_loopA_f0,road_loopA_f1,5493.5,5604.2,110.7,1303.7,42.4,1
3725,car,4.5,road_loopA_r0,xloopA_0Bb,5474.1,5605.5,131.4,895.7,24.5,2
3754,car,4.5,road_loopA_f0,road_loopA_f1,5495.1,5606.2,111.1,1304.0,42.3,0
3747,car,4.5,road_loopA_r0,xloopA_0Bb,5490.9,5608.1,117.2,895.3,27.5,1
3775,car,4.5,road_loopA_r0,road_loopA_r1,5514.3,5608.9,94.6,1297.5,49.4,0
3777,suv,4.8,road_loopA_r0,road_loopA_r1,5515.6,5609.7,94.1,1298.1,49.6,0
3782,suv,4.8,road_loopA_r0,road_loopA_r1,5520.5,5611.3,90.8,1297.5,51.4,0
3711,car,4.5,road_loopA_f0,road_loopA_f1,5456.7,5612.4,155.7,1303.3,30.1,1
3733,car,4.5,road_loopA_f0,road_loopA_f1,5479.7,5612.7,133.0,1303.4,35.3,1
3783,suv,4.8,road_loopA_r0,road_loopA_r1,5522.5,5613.2,90.7,1297.8,51.5,0
3751,car,4.5,road_loopA_f0,road_loopA_f1,5493.4,5614.0,120.6,1303.7,38.9,1
3766,car,4.5,road_loopA_r0,road_loopA_r1,5506.2,5614.7,108.5,1297.3,43.0,0
3788,car,4.5,road_loopA_r0,road_loopA_r1,5525.6,5615.0,89.4,1297.4,52.3,0
3776,car,4.5,road_loopA_r0,road_loopA_r1,5515.0,5616.2,101.2,1298.2,46.2,0
3655,car,4.5,xloopA_0Aa,xloopA_0Ab,5414.2,5616.3,202.1,84.6,1.5,1
3768,suv,4.8,road_loopA_r0,road_loopA_r1,5508.5,5616.4,107.9,1298.5,43.3,0
3781,suv,4.8,road_loopA_f0,road_loopA_f1,5517.8,5617.8,100.0,1303.8,46.9,0
3759,suv,4.8,road_loopA_f0,road_loopA_f1,5502.8,5618.1,115.3,1303.5,40.7,0
3688,car,4.5,xloopA_0Aa,xloopA_0Ab,5444.3,5618.2,173.9,84.2,1.7,1
3771,suv,4.8,road_loopA_r0,road_loopA_r1,5509.5,5618.3,108.8,1297.4,42.9,0
3786,suv,4.8,road_loopA_f0,road_loopA_f1,5524.1,5620.1,96.0,1303.8,48.9,0
3696,car,4.5,xloopA_0Aa,xloopA_0Ab,5449.1,5620.6,171.5,84.4,1.8,1
3780,car,4.5,road_loopA_f0,road_loopA_f1,5517.2,5621.6,104.4,1304.2,45.0,0
3730,car,4.5,xloopA_0Aa,xloopA_0Ab,5477.6,5623.6,146.0,84.4,2.1,0
3719,car,4.5,road_loopA_f0,road_loopA_f1,5466.0,5624.2,158.2,1302.9,29.7,1
3785,car,4.5,road_loopA_f0,road_loopA_f1,5523.4,5626.0,102.6,1304.0,45.8,0
3790,car,4.5,road_loopA_f0,road_loopA_f1,5527.8,5627.8,100.0,1302.9,46.9,0
3634,car,4.5,xloopA_0Aa,road_loopA_f1,5385.4,5628.8,243.4,872.8,12.9,1
3796,car,4.5,road_loopA_f0,road_loopA_f1,5535.9,5629.2,93.3,1304.1,50.3,0
3779,suv,4.8,road_loopA_r0,xloopA_0Ab,5516.9,5629.8,112.9,869.1,27.7,1
3734,car,4.5,road_loopA_f0,road_loopA_f1,5480.2,5630.5,150.3,1303.3,31.2,1
3800,car,4.5,road_loopA_f0,road_loopA_f1,5537.4,5630.9,93.5,1303.5,50.2,0
3611,car,4.5,xloopA_0Aa,road_loopA_f1,5357.8,5631.2,273.4,872.1,11.5,1
3735,car,4.5,road_loopA_f0,road_loopA_f1,5480.6,5632.1,151.5,1303.0,31.0,1
3755,car,4.5,road_loopA_f0,road_loopA_f1,5496.8,5632.9,136.1,1302.9,34.5,0
3578,car,4.5,xloopA_0Ba,road_loopA_f1,5332.0,5633.7,301.7,902.6,10.8,1
3750,car,4.5,road_loopA_f0,road_loopA_f1,5492.6,5634.2,141.6,1303.0,33.1,0
3787,car,4.5,road_loopA_f0,road_loopA_f1,5525.3,5635.1,109.8,1303.0,42.7,0
3740,suv,4.8,road_loopA_f0,road_loopA_f1,5486.3,5635.3,149.0,1302.9,31.5,1
3760,car,4.5,road_loopA_f0,road_loopA_f1,5503.3,5635.9,132.6,1303.5,35.4,0
3797,car,4.5,road_loopA_f0,road_loopA_f1,5536.8,5636.9,100.1,1304.1,46.9,0
3762,truck,8.5,road_loopA_f0,road_loopA_f1,5504.2,5638.2,134.0,1302.8,35.0,0
3802,truck,8.5,road_loopA_f0,road_loopA_f1,5539.6,5640.0,100.4,1304.0,46.7,0
3724,suv,4.8,road_loopA_f0,road_loopA_f1,5474.0,5640.6,166.6,1303.2,28.2,1
3650,car,4.5,xloopA_0Aa,road_loopA_f1,5405.8,5641.5,235.7,872.7,13.3,0
3807,suv,4.8,road_loopA_f0,road_loopA_f1,5546.4,5642.4,96.0,1303.1,48.9,0
3809,car,4.5,road_loopA_f0,road_loopA_f1,5547.8,5642.8,95.0,1303.6,49.4,0
3717,car,4.5,road_loopA_f0,road_loopA_f1,5461.6,5643.1,181.5,1302.8,25.8,1
3810,car,4.5,road_loopA_f0,road_loopA_f1,5548.8,5644.7,95.9,1303.9,49.0,0
3738,suv,4.8,road_loopA_f0,road_loopA_f1,5484.5,5645.1,160.6,1302.9,29.2,1
3798,car,4.5,road_loopA_f0,road_loopA_f1,5536.9,5646.8,109.9,1302.9,42.7,0
3805,suv,4.8,road_loopA_f0,road_loopA_f1,5540.8,5647.6,106.8,1303.6,43.9,0
3792,suv,4.8,road_loopA_r0,road_loopA_r1,5531.7,5653.8,122.1,1297.6,38.2,1
3793,suv,4.8,road_loopA_r0,road_loopA_r1,5533.5,5655.4,121.9,1298.4,38.3,1
3791,suv,4.8,road_loopA_r0,road_loopA_r1,5527.9,5656.4,128.5,1298.3,36.4,1
3799,car,4.5,road_loopA_r0,road_loopA_r1,5537.3,5658.2,120.9,1297.8,38.6,1
3801,car,4.5,road_loopA_r0,road_loopA_r1,5538.5,5658.7,120.2,1298.2,38.9,1
3804,suv,4.8,road_loopA_f0,road_loopA_f1,5540.8,5659.5,118.7,1303.1,39.5,0
3732,car,4.5,xloopA_0Ba,road_loopA_r1,5479.2,5663.6,184.4,476.3,9.3,1
3826,car,4.5,road_loopA_r0,road_loopA_r1,5564.8,5663.6,98.8,1298.1,47.3,0
3794,car,4.5,road_loopA_r0,road_loopA_r1,5535.5,5663.7,128.2,1298.6,36.5,1
3806,truck,8.5,road_loopA_r0,road_loopA_r1,5544.2,5666.8,122.6,1298.2,38.1,1
3811,car,4.5,road_loopA_r0,road_loopA_r1,5549.0,5669.0,120.0,1297.9,38.9,1
3769,car,4.5,xloopA_0Aa,road_loopA_r1,5508.9,5670.1,161.2,506.9,11.3,0
3808,car,4.5,road_loopA_r0,road_loopA_r1,5547.0,5671.8,124.8,1297.6,37.4,1
3815,suv,4.8,road_loopA_r0,road_loopA_r1,5558.0,5671.9,113.9,1297.3,41.0,0
3814,car,4.5,road_loopA_r0,road_loopA_r1,5557.0,5673.5,116.5,1298.5,40.1,1
3818,suv,4.8,road_loopA_r0,road_loopA_r1,5560.7,5674.1,113.4,1297.4,41.2,0
3821,car,4.5,road_loopA_r0,road_loopA_r1,5561.9,5674.1,112.2,1298.5,41.7,0
3817,suv,4.8,road_loopA_r0,road_loopA_r1,5559.0,5675.1,116.1,1297.5,40.2,1
3823,truck,8.5,road_loopA_r0,road_loopA_r1,5562.4,5676.3,113.9,1298.0,41.0,0
3820,car,4.5,road_loopA_r0,road_loopA_r1,5561.5,5676.9,115.4,1298.6,40.5,0
3830,car,4.5,road_loopA_r0,road_loopA_r1,5570.1,5678.5,108.4,1297.9,43.1,0
3822,suv,4.8,road_loopA_r0,road_loopA_r1,5561.9,5678.6,116.7,1298.1,40.1,0
3825,suv,4.8,road_loopA_r0,road_loopA_r1,5564.3,5680.6,116.3,1297.4,40.2,0
3832,car,4.5,road_loopA_r0,road_loopA_r1,5572.0,5681.0,109.0,1298.1,42.9,0
3828,car,4.5,road_loopA_r0,road_loopA_r1,5569.8,5682.4,112.6,1298.2,41.5,0
3835,car,4.5,road_loopA_r0,road_loopA_r1,5580.1,5682.4,102.3,1297.7,45.7,0
3898,suv,4.8,road_loopA_f0,xloopA_0Bb,5639.9,5683.0,43.1,479.2,40.1,0
3838,car,4.5,road_loopA_r0,road_loopA_r1,5581.8,5683.8,102.0,1297.7,45.8,0
3839,car,4.5,road_loopA_r0,road_loopA_r1,5582.8,5684.2,101.4,1297.9,46.1,0
3840,truck,8.5,road_loopA_r0,road_loopA_r1,5583.5,5685.1,101.6,1297.9,46.0,0
3842,suv,4.8,road_loopA_r0,road_loopA_r1,5586.0,5685.6,99.6,1297.3,46.9,0
3789,bus,11.0,road_loopA_r0,road_loopA_r1,5527.7,5685.7,158.0,1297.3,29.6,2
3824,car,4.5,road_loopA_f0,road_loopA_f1,5563.0,5685.8,122.8,1303.2,38.2,1
3845,car,4.5,road_loopA_f0,road_loopA_f1,5589.3,5687.3,98.0,1303.8,47.9,0
3829,car,4.5,road_loopA_f0,road_loopA_f1,5569.9,5687.6,117.7,1303.8,39.9,1
3843,car,4.5,road_loopA_r0,road_loopA_r1,5587.2,5688.6,101.4,1297.8,46.1,0
3836,car,4.5,road_loopA_f0,road_loopA_f1,5580.3,5689.2,108.9,1303.1,43.1,1
3849,car,4.5,road_loopA_r0,road_loopA_r1,5593.8,5689.7,95.9,1297.9,48.7,0
3853,suv,4.8,road_loopA_f0,road_loopA_f1,5599.6,5691.3,91.7,1303.7,51.2,0
3851,truck,8.5,road_loopA_f0,road_loopA_f1,5595.9,5691.9,96.0,1303.8,48.9,0
3763,car,4.5,road_loopA_r0,xloopA_0Bb,5504.4,5692.5,188.1,895.7,17.1,2
3837,car,4.5,road_loopA_f0,xloopA_0Ab,5580.8,5693.1,112.3,505.2,16.2,1
3813,car,4.5,road_loopA_f0,road_loopA_f1,5556.9,5693.5,136.6,1303.5,34.4,1
3841,car,4.5,road_loopA_f0,road_loopA_f1,5584.8,5694.4,109.6,1303.5,42.8,0
3778,car,4.5,road_loopA_r0,xloopA_0Bb,5515.7,5695.1,179.4,895.7,18.0,2
3844,car,4.5,road_loopA_f0,xloopA_0Ab,5587.3,5695.7,108.4,505.2,16.8,1
3847,car,4.5,road_loopA_r0,road_loopA_r1,5591.0,5696.3,105.3,1297.3,44.4,0
3753,bus,11.0,road_loopA_r0,road_loopA_r1,5494.6,5696.9,202.3,1298.0,23.1,3
3860,car,4.5,road_loopA_f0,road_loopA_f1,5604.9,5697.5,92.6,1302.8,50.6,0
3784,car,4.5,road_loopA_r0,xloopA_0Bb,5522.7,5697.7,175.0,895.4,18.4,1
3854,car,4.5,road_loopA_r0,road_loopA_r1,5599.7,5698.1,98.4,1298.4,47.5,0
3816,car,4.5,road_loopA_f0,road_loopA_f1,5558.3,5698.3,140.0,1303.0,33.5,1
3865,car,4.5,road_loopA_f0,xloopA_0Ab,5613.3,5698.3,85.0,504.9,21.4,1
3846,suv,4.8,road_loopA_r0,road_loopA_r1,5590.2,5699.1,108.9,1297.5,42.9,0
3831,car,4.5,road_loopA_f0,road_loopA_f1,5570.7,5699.6,128.9,1303.5,36.4,1
3827,truck,8.5,road_loopA_f0,road_loopA_f1,5566.3,5700.4,134.1,1303.4,35.0,1
3861,suv,4.8,road_loopA_r0,road_loopA_r1,5605.0,5700.5,95.5,1297.6,48.9,0
3848,car,4.5,road_loopA_r0,road_loopA_r1,5592.9,5700.8,107.9,1298.0,43.3,0
3874,car,4.5,road_loopA_f0,xloopA_0Ab,5623.0,5701.0,78.0,505.2,23.3,1
3862,car,4.5,road_loopA_f0,road_loopA_f1,5607.4,5701.9,94.5,1303.6,49.7,0
3850,suv,4.8,road_loopA_f0,road_loopA_f1,5595.3,5702.5,107.2,1303.2,43.8,0
3859,car,4.5,road_loopA_r0,road_loopA_r1,5604.7,5702.5,97.8,1298.2,47.8,0
3856,car,4.5,road_loopA_f0,road_loopA_f1,5601.6,5704.3,102.7,1304.0,45.7,0
3858,suv,4.8,road_loopA_f0,road_loopA_f1,5604.6,5704.3,99.7,1303.5,47.1,0
3863,car,4.5,road_loopA_f0,road_loopA_f1,5608.5,5706.0,97.5,1303.1,48.1,0
3868,car,4.5,road_loopA_f0,road_loopA_f1,5617.2,5706.6,89.4,1303.0,52.5,0
3886,car,4.5,xloopA_0Ba,xloopA_0Bb,5630.9,5708.2,77.3,84.1,3.9,1
3870,suv,4.8,road_loopA_f0,road_loopA_f1,5619.3,5708.7,89.4,1303.1,52.5,0
3864,truck,8.5,road_loopA_f0,road_loopA_f1,5610.1,5711.8,101.7,1303.0,46.1,0
3929,car,4.5,xloopA_0Ba,xloopA_0Bb,5659.0,5712.3,53.3,84.3,5.7,1
3812,car,4.5,xloopA_0Aa,xloopA_0Ab,5550.4,5712.6,162.2,84.2,1.9,1
3857,truck,8.5,road_loopA_r0,road_loopA_r1,5603.9,5713.6,109.7,1298.3,42.6,0
3876,car,4.5,road_loopA_f0,road_loopA_f1,5624.7,5714.3,89.6,1303.0,52.4,0
3959,car,4.5,xloopA_0Ba,xloopA_0Bb,5679.4,5715.0,35.6,84.7,8.6,0
3819,car,4.5,xloopA_0Aa,xloopA_0Ab,5561.0,5716.5,155.5,84.0,1.9,0
3964,car,4.5,xloopA_0Ba,xloopA_0Bb,5681.1,5716.9,35.8,84.4,8.5,0
3869,suv,4.8,road_loopA_f0,road_loopA_f1,5617.6,5717.1,99.5,1303.7,47.2,0
3866,truck,8.5,road_loopA_f0,road_loopA_f1,5615.1,5718.0,102.9,1303.3,45.6,0
3888,car,4.5,xloopA_0Aa,xloopA_0Ab,5631.8,5718.4,86.6,84.6,3.5,0
3855,car,4.5,road_loopA_r0,road_loopA_r1,5601.4,5718.8,117.4,1297.9,39.8,0
3966,car,4.5,xloopA_0Ba,xloopA_0Bb,5684.8,5718.9,34.1,84.6,8.9,0
3873,suv,4.8,road_loopA_f0,road_loopA_f1,5621.1,5720.7,99.6,1304.0,47.1,0
3878,car,4.5,road_loopA_f0,road_loopA_f1,5626.4,5720.7,94.3,1303.3,49.8,0
3884,truck,8.5,road_loopA_f0,road_loopA_f1,5629.5,5722.9,93.4,1303.1,50.2,0
3889,car,4.5,road_loopA_f0,road_loopA_f1,5631.7,5723.0,91.3,1304.2,51.4,0
3892,car,4.5,road_loopA_f0,road_loopA_f1,5634.9,5725.0,90.1,1303.8,52.1,0
3885,suv,4.8,road_loopA_f0,road_loopA_f1,5629.8,5726.4,96.6,1303.1,48.5,0
3834,car,4.5,road_loopA_r0,xloopA_0Ab,5579.4,5731.1,151.7,869.3,20.6,2
3882,car,4.5,road_loopA_f0,road_loopA_f1,5629.1,5740.1,111.0,1302.8,42.3,0
3897,car,4.5,road_loopA_f0,road_loopA_f1,5637.6,5741.9,104.3,1303.6,45.0,0
3901,car,4.5,road_loopA_f0,road_loopA_f1,5640.9,5742.4,101.5,1303.3,46.2,0
3896,suv,4.8,road_loopA_f0,road_loopA_f1,5637.2,5743.5,106.3,1303.6,44.1,0
3867,suv,4.8,road_loopA_r0,road_loopA_r1,5615.4,5747.3,131.9,1298.7,35.4,1
3894,truck,8.5,road_loopA_f0,road_loopA_f1,5636.5,5747.7,111.2,1303.2,42.2,0
3871,car,4.5,road_loopA_r0,road_loopA_r1,5620.2,5749.7,129.5,1298.0,36.1,1
3877,car,4.5,road_loopA_r0,road_loopA_r1,5624.7,5750.7,126.0,1297.9,37.1,1
3879,car,4.5,road_loopA_r0,road_loopA_r1,5627.8,5752.4,124.6,1297.3,37.5,1
3881,suv,4.8,road_loopA_r0,road_loopA_r1,5629.0,5753.5,124.5,1297.8,37.5,1
3893,truck,8.5,road_loopA_f0,road_loopA_f1,5635.0,5754.4,119.4,1303.1,39.3,0
3887,car,4.5,road_loopA_r0,road_loopA_r1,5631.6,5755.0,123.4,1297.6,37.8,1
3890,car,4.5,road_loopA_r0,road_loopA_r1,5631.9,5756.9,125.0,1298.2,37.4,1
3895,car,4.5,road_loopA_r0,road_loopA_r1,5636.5,5758.4,121.9,1297.6,38.3,1
3914,car,4.5,road_loopA_r0,road_loopA_r1,5649.8,5759.7,109.9,1298.2,42.5,0
3900,car,4.5,road_loopA_r0,road_loopA_r1,5640.4,5760.9,120.5,1298.2,38.8,1
3910,car,4.5,road_loopA_r0,road_loopA_r1,5646.0,5762.1,116.1,1298.3,40.3,1
3880,car,4.5,road_loopA_r0,road_loopA_r1,5628.1,5763.4,135.3,1297.4,34.5,1
3912,car,4.5,road_loopA_r0,road_loopA_r1,5648.4,5763.9,115.5,1297.9,40.5,1
3803,car,4.5,xloopA_0Aa,road_loopA_r1,5540.0,5765.6,225.6,507.1,8.1,1
3924,car,4.5,road_loopA_r0,road_loopA_r1,5655.1,5766.2,111.1,1297.5,42.1,0
3872,car,4.5,road_loopA_r0,road_loopA_r1,5620.4,5767.2,146.8,1297.8,31.8,1
3883,car,4.5,road_loopA_r0,road_loopA_r1,5629.2,5767.2,138.0,1297.3,33.8,1
3919,car,4.5,road_loopA_r0,road_loopA_r1,5651.5,5768.3,116.8,1298.2,40.0,0
3927,car,4.5,road_loopA_r0,road_loopA_r1,5656.7,5769.1,112.4,1298.2,41.6,0
3852,car,4.5,road_loopA_r0,road_loopA_r1,5599.4,5769.2,169.8,1297.6,27.5,1
3908,suv,4.8,road_loopA_r0,road_loopA_r1,5645.5,5770.3,124.8,1298.3,37.4,1
3917,suv,4.8,road_loopA_r0,road_loopA_r1,5650.9,5771.0,120.1,1297.8,38.9,0
3931,car,4.5,road_loopA_r0,road_loopA_r1,5660.0,5771.8,111.8,1298.7,41.8,0
3923,suv,4.8,road_loopA_r0,road_loopA_r1,5653.5,5772.0,118.5,1297.5,39.4,0
3921,suv,4.8,road_loopA_r0,road_loopA_r1,5652.3,5772.7,120.4,1298.3,38.8,0
3940,car,4.5,road_loopA_r0,road_loopA_r1,5668.2,5774.3,106.1,1298.7,44.1,0
3930,car,4.5,road_loopA_r0,road_loopA_r1,5659.7,5774.4,114.7,1297.9,40.7,0
3961,car,4.5,road_loopA_r0,road_loopA_r1,5680.4,5774.6,94.2,1298.0,49.6,0
3903,car,4.5,road_loopA_f0,road_loopA_f1,5642.4,5775.5,133.1,1303.1,35.3,1
3899,car,4.5,road_loopA_f0,road_loopA_f1,5640.2,5776.1,135.9,1303.0,34.5,1
3944,car,4.5,road_loopA_r0,road_loopA_r1,5670.6,5776.7,106.1,1298.2,44.0,0
3913,car,4.5,road_loopA_r0,road_loopA_r1,5648.9,5777.1,128.2,1297.5,36.4,0
3951,car,4.5,road_loopA_r0,road_loopA_r1,5675.0,5777.5,102.5,1298.0,45.6,0
3918,car,4.5,road_loopA_r0,road_loopA_r1,5651.1,5779.0,127.9,1298.4,36.5,0
3902,suv,4.8,road_loopA_f0,road_loopA_f1,5641.0,5781.3,140.3,1303.4,33.4,1
3938,suv,4.8,road_loopA_r0,road_loopA_r1,5666.7,5781.7,115.0,1297.3,40.6,0
3920,car,4.5,road_loopA_r0,road_loopA_r1,5652.0,5781.9,129.9,1297.3,36.0,0
3945,car,4.5,road_loopA_r0,road_loopA_r1,5671.2,5782.7,111.5,1297.4,41.9,0
3907,suv,4.8,road_loopA_f0,road_loopA_f1,5645.0,5783.6,138.6,1303.7,33.9,1
3946,truck,8.5,road_loopA_r0,road_loopA_r1,5671.7,5784.0,112.3,1298.1,41.6,0
3955,car,4.5,road_loopA_r0,road_loopA_r1,5678.3,5784.5,106.2,1297.8,44.0,0
3949,truck,8.5,road_loopA_r0,road_loopA_r1,5673.2,5785.1,111.9,1297.7,41.8,0
3953,car,4.5,road_loopA_r0,road_loopA_r1,5676.7,5786.0,109.3,1297.6,42.8,0
3935,car,4.5,road_loopA_f0,xloopA_0Ab,5663.7,5786.6,122.9,505.2,14.8,1
3977,car,4.5,road_loopA_r0,road_loopA_r1,5694.8,5787.0,92.2,1297.6,50.7,0
3969,car,4.5,road_loopA_r0,road_loopA_r1,5687.5,5787.1,99.6,1297.7,46.9,0
3939,car,4.5,road_loopA_f0,xloopA_0Ab,5667.4,5789.2,121.8,505.1,14.9,1
3950,suv,4.8,road_loopA_r0,road_loopA_r1,5674.8,5789.4,114.6,1297.3,40.8,0
3974,truck,8.5,road_loopA_r0,road_loopA_r1,5690.9,5790.4,99.5,1298.3,47.0,0
3916,car,4.5,road_loopA_r0,road_loopA_r1,5650.9,5790.5,139.6,1297.4,33.5,1
3906,suv,4.8,road_loopA_f0,road_loopA_f1,5644.9,5791.2,146.3,1303.8,32.1,1
3960,suv,4.8,road_loopA_r0,road_loopA_r1,5679.5,5791.3,111.8,1297.7,41.8,0
3934,car,4.5,road_loopA_f0,road_loopA_f1,5663.4,5791.4,128.0,1303.4,36.7,1
3978,suv,4.8,road_loopA_r0,road_loopA_r1,5695.1,5792.8,97.7,1298.3,47.8,0
3922,car,4.5,road_loopA_f0,road_loopA_f1,5652.6,5792.9,140.3,1303.5,33.4,1
3915,car,4.5,road_loopA_f0,road_loopA_f1,5650.9,5793.0,142.1,1303.9,33.0,1
3967,car,4.5,road_loopA_r0,road_loopA_r1,5685.1,5793.1,108.0,1297.6,43.3,0
3937,car,4.5,road_loopA_f0,road_loopA_f1,5665.2,5794.1,128.9,1303.2,36.4,1
3981,car,4.5,road_loopA_r0,road_loopA_r1,5697.6,5794.3,96.7,1297.5,48.3,0
3928,car,4.5,road_loopA_f0,road_loopA_f1,5658.2,5794.6,136.4,1303.7,34.4,1
3973,car,4.5,road_loopA_r0,road_loopA_r1,5689.9,5794.8,104.9,1297.7,44.6,0
4044,suv,4.8,road_loopA_f0,xloopA_0Ab,5748.2,5794.8,46.6,505.7,39.1,0
3941,car,4.5,road_loopA_f0,road_loopA_f1,5669.0,5795.1,126.1,1304.2,37.2,1
3984,car,4.5,road_loopA_r0,road_loopA_r1,5699.0,5795.8,96.8,1297.4,48.2,0
3942,car,4.5,road_loopA_f0,road_loopA_f1,5669.7,5796.2,126.5,1302.9,37.1,1
3954,car,4.5,road_loopA_f0,road_loopA_f1,5677.3,5797.5,120.2,1303.4,39.0,1
3911,suv,4.8,road_loopA_f0,road_loopA_f1,5646.2,5797.6,151.4,1303.8,31.0,1
3875,bus,11.0,road_loopA_r0,road_loopA_r1,5622.9,5799.0,176.1,1298.2,26.5,2
3948,suv,4.8,road_loopA_f0,road_loopA_f1,5672.7,5799.9,127.2,1302.8,36.9,1
3933,car,4.5,road_loopA_f0,road_loopA_f1,5661.8,5800.9,139.1,1303.2,33.7,1
3971,car,4.5,xloopA_0Ba,xloopA_0Bb,5689.7,5801.8,112.1,84.5,2.7,1
3979,truck,8.5,road_loopA_r0,road_loopA_r1,5696.5,5802.7,106.2,1297.9,44.0,0
3891,car,4.5,xloopA_0Aa,xloopA_0Ab,5632.2,5802.9,170.7,84.5,1.8,1
3972,truck,8.5,road_loopA_f0,road_loopA_f1,5689.7,5803.0,113.3,1303.2,41.4,0
3995,car,4.5,road_loopA_r0,road_loopA_r1,5708.1,5804.3,96.2,1297.3,48.6,0
4018,car,4.5,xloopA_0Ba,xloopA_0Bb,5728.8,5804.3,75.5,84.4,4.0,1
3952,car,4.5,xloopA_0Aa,xloopA_0Ab,5675.4,5804.9,129.5,84.1,2.3,1
3909,bus,11.0,road_loopA_r0,road_loopA_r1,5645.8,5805.1,159.3,1298.3,29.3,2
3975,suv,4.8,road_loopA_f0,road_loopA_f1,5692.3,5805.1,112.8,1303.2,41.6,0
3962,car,4.5,road_loopA_f0,road_loopA_f1,5680.5,5805.9,125.4,1303.4,37.4,1
3943,car,4.5,road_loopA_f0,road_loopA_f1,5670.0,5806.1,136.1,1303.7,34.5,1
4063,car,4.5,xloopA_0Ba,xloopA_0Bb,5764.7,5806.4,41.7,84.4,7.3,1
3956,car,4.5,road_loopA_r0,road_loopA_r1,5678.7,5806.9,128.2,1297.6,36.4,0
3963,car,4.5,road_loopA_f0,road_loopA_f1,5680.8,5806.9,126.1,1303.4,37.2,1
3983,car,4.5,road_loopA_r0,road_loopA_r1,5698.4,5807.2,108.8,1298.0,43.0,0
3957,car,4.5,xloopA_0Aa,xloopA_0Ab,5678.7,5807.2,128.5,84.4,2.4,1
3986,suv,4.8,road_loopA_r0,road_loopA_r1,5699.5,5808.0,108.5,1297.9,43.1,0
3932,suv,4.8,road_loopA_f0,road_loopA_f1,5660.6,5808.4,147.8,1304.1,31.8,1
4069,car,4.5,xloopA_0Ba,xloopA_0Bb,5768.3,5808.5,40.2,84.3,7.5,0
3992,car,4.5,road_loopA_f0,road_loopA_f1,5704.1,5808.7,104.6,1303.9,44.9,0
3985,suv,4.8,road_loopA_r0,road_loopA_r1,5699.2,5809.0,109.8,1298.5,42.6,0
3965,car,4.5,xloopA_0Aa,xloopA_0Ab,5681.3,5809.6,128.3,84.1,2.4,0
3980,car,4.5,road_loopA_f0,road_loopA_f1,5696.6,5810.4,113.8,1303.3,41.2,0
3994,car,4.5,road_loopA_r0,road_loopA_r1,5708.0,5810.4,102.4,1298.2,45.6,0
4087,car,4.5,xloopA_0Ba,xloopA_0Bb,5791.6,5810.5,18.9,84.3,16.1,0
3947,car,4.5,road_loopA_f0,road_loopA_f1,5672.6,5811.5,138.9,1302.9,33.8,1
3774,car,4.5,xloopA_0Aa,road_loopA_f1,5513.4,5811.6,298.2,872.6,10.5,1
3991,suv,4.8,road_loopA_f0,road_loopA_f1,5703.8,5813.1,109.3,1304.1,42.9,0
4002,car,4.5,road_loopA_f0,road_loopA_f1,5714.2,5813.3,99.1,1304.0,47.4,0
3968,car,4.5,road_loopA_f0,road_loopA_f1,5686.1,5813.7,127.6,1303.7,36.8,0
3958,car,4.5,road_loopA_r0,xloopA_0Ab,5679.3,5814.7,135.4,869.2,23.1,2
3925,car,4.5,road_loopA_f0,road_loopA_f1,5655.3,5815.2,159.9,1303.7,29.4,1
3987,car,4.5,road_loopA_f0,road_loopA_f1,5699.7,5815.3,115.6,1303.1,40.6,0
3993,car,4.5,road_loopA_f0,road_loopA_f1,5707.6,5815.5,107.9,1303.2,43.5,0
3996,car,4.5,road_loopA_f0,road_loopA_f1,5709.7,5816.3,106.6,1303.6,44.0,0
4001,truck,8.5,road_loopA_f0,road_loopA_f1,5713.5,5819.3,105.8,1304.0,44.4,0
3982,car,4.5,road_loopA_f0,road_loopA_f1,5698.1,5820.0,121.9,1303.7,38.5,0
4016,car,4.5,road_loopA_f0,road_loopA_f1,5722.3,5821.0,98.7,1303.4,47.6,0
4003,car,4.5,road_loopA_f0,road_loopA_f1,5714.9,5821.3,106.4,1303.4,44.1,0
4005,car,4.5,road_loopA_f0,road_loopA_f1,5715.2,5823.1,107.9,1303.4,43.5,0
3905,car,4.5,road_loopA_f0,road_loopA_f1,5644.8,5823.3,178.5,1303.3,26.3,1
4062,car,4.5,road_loopA_f0,xloopA_0Bb,5763.0,5823.6,60.6,478.6,28.4,0
4004,car,4.5,road_loopA_f0,road_loopA_f1,5715.0,5825.5,110.5,1303.9,42.5,0
4017,truck,8.5,road_loopA_r0,xloopA_0Ab,5727.9,5825.8,97.9,868.9,31.9,0
3904,car,4.5,xloopA_0Ba,road_loopA_f1,5643.3,5826.2,182.9,902.7,17.8,1
4025,car,4.5,road_loopA_f0,road_loopA_f1,5735.7,5827.1,91.4,1303.5,51.4,0
3976,car,4.5,road_loopA_f0,road_loopA_f1,5693.3,5827.5,134.2,1303.1,35.0,0
4008,car,4.5,road_loopA_f0,road_loopA_f1,5717.8,5828.1,110.3,1303.0,42.5,0
4012,car,4.5,road_loopA_f0,road_loopA_f1,5720.2,5829.7,109.5,1303.3,42.9,0
3989,truck,8.5,road_loopA_f0,road_loopA_f1,5701.7,5829.8,128.1,1303.2,36.6,0
4024,car,4.5,road_loopA_f0,road_loopA_f1,5735.2,5830.0,94.8,1303.2,49.5,0
4019,suv,4.8,road_loopA_f0,road_loopA_f1,5729.6,5831.4,101.8,1304.1,46.1,0
4023,suv,4.8,road_loopA_f0,road_loopA_f1,5731.9,5833.0,101.1,1303.3,46.4,0
4029,car,4.5,road_loopA_f0,road_loopA_f1,5737.7,5834.4,96.7,1303.8,48.5,0
4038,truck,8.5,road_loopA_r0,xloopA_0Ab,5742.9,5834.8,91.9,869.1,34.1,0
4007,car,4.5,road_loopA_f0,road_loopA_f1,5717.6,5835.1,117.5,1303.6,39.9,0
4032,suv,4.8,road_loopA_f0,road_loopA_f1,5738.7,5836.2,97.5,1303.8,48.1,0
3998,car,4.5,road_loopA_r0,road_loopA_r1,5711.4,5842.2,130.8,1298.5,35.8,1
3997,car,4.5,road_loopA_r0,road_loopA_r1,5709.7,5842.6,132.9,1297.4,35.1,1
4020,suv,4.8,road_loopA_f0,road_loopA_f1,5729.8,5844.1,114.3,1303.9,41.1,0
4009,truck,8.5,road_loopA_r0,road_loopA_r1,5717.8,5845.7,127.9,1297.4,36.5,1
4078,car,4.5,road_loopA_r0,xloopA_0Ab,5776.2,5847.2,71.0,869.2,44.1,0
3936,bus,11.0,road_loopA_f0,road_loopA_f1,5664.0,5848.1,184.1,1302.8,25.5,3
4011,suv,4.8,road_loopA_r0,road_loopA_r1,5719.9,5848.5,128.6,1297.6,36.3,1
3999,suv,4.8,road_loopA_r0,road_loopA_r1,5712.5,5848.7,136.2,1297.9,34.3,1
3926,bus,11.0,road_loopA_f0,road_loopA_f1,5655.7,5848.8,193.1,1303.5,24.3,3
4000,car,4.5,road_loopA_r0,road_loopA_r1,5713.0,5848.9,135.9,1298.0,34.4,1
4006,suv,4.8,road_loopA_r0,road_loopA_r1,5717.1,5850.4,133.3,1298.4,35.1,1
4010,car,4.5,road_loopA_r0,road_loopA_r1,5719.5,5850.6,131.1,1297.3,35.6,1
4014,car,4.5,road_loopA_r0,road_loopA_r1,5720.7,5852.1,131.4,1298.0,35.6,1
4027,car,4.5,road_loopA_r0,road_loopA_r1,5737.4,5852.6,115.2,1297.8,40.6,1
4021,car,4.5,road_loopA_r0,road_loopA_r1,5729.9,5853.8,123.9,1297.5,37.7,1
4013,truck,8.5,road_loopA_r0,road_loopA_r1,5720.4,5854.2,133.8,1297.4,34.9,1
4028,car,4.5,road_loopA_r0,road_loopA_r1,5737.4,5854.4,117.0,1298.0,39.9,1
4033,car,4.5,road_loopA_r0,road_loopA_r1,5739.3,5855.6,116.3,1298.2,40.2,0
4037,car,4.5,road_loopA_r0,road_loopA_r1,5742.9,5856.1,113.2,1297.7,41.3,1
4036,car,4.5,road_loopA_r0,road_loopA_r1,5741.7,5857.4,115.7,1298.6,40.4,0
4056,suv,4.8,road_loopA_r0,road_loopA_r1,5755.0,5858.3,103.3,1297.5,45.2,0
4042,car,4.5,road_loopA_r0,road_loopA_r1,5746.9,5859.1,112.2,1297.4,41.6,0
4068,car,4.5,road_loopA_r0,xloopA_0Ab,5768.1,5859.4,91.3,868.9,34.3,1
4054,truck,8.5,road_loopA_r0,road_loopA_r1,5753.8,5862.4,108.6,1297.7,43.0,0
4045,car,4.5,road_loopA_r0,road_loopA_r1,5748.7,5862.7,114.0,1297.6,41.0,0
4030,suv,4.8,road_loopA_r0,road_loopA_r1,5737.7,5862.9,125.2,1297.6,37.3,1
4071,car,4.5,road_loopA_r0,road_loopA_r1,5770.0,5864.7,94.7,1298.4,49.4,0
4035,suv,4.8,road_loopA_r0,road_loopA_r1,5739.9,5864.8,124.9,1297.9,37.4,0
4057,truck,8.5,road_loopA_r0,road_loopA_r1,5755.9,5865.2,109.3,1297.7,42.7,0
4061,truck,8.5,road_loopA_r0,road_loopA_r1,5762.5,5867.6,105.1,1297.3,44.4,0
4043,car,4.5,road_loopA_f0,road_loopA_f1,5747.2,5869.7,122.5,1303.7,38.3,1
4031,suv,4.8,road_loopA_f0,road_loopA_f1,5738.2,5869.8,131.6,1302.8,35.6,1
4066,car,4.5,road_loopA_r0,road_loopA_r1,5767.6,5869.9,102.3,1298.2,45.7,0
4039,car,4.5,road_loopA_r0,road_loopA_r1,5744.0,5870.5,126.5,1298.4,36.9,0
4040,car,4.5,road_loopA_f0,road_loopA_f1,5745.8,5871.6,125.8,1303.1,37.3,1
4072,car,4.5,road_loopA_r0,road_loopA_r1,5771.9,5871.7,99.8,1297.6,46.8,0
4073,truck,8.5,road_loopA_r0,road_loopA_r1,5772.1,5871.7,99.6,1297.8,46.9,0
4049,car,4.5,road_loopA_f0,road_loopA_f1,5751.4,5872.4,121.0,1303.4,38.8,1
4060,truck,8.5,road_loopA_r0,road_loopA_r1,5762.4,5872.7,110.3,1298.1,42.4,0
4074,car,4.5,road_loopA_r0,road_loopA_r1,5773.1,5873.5,100.4,1298.5,46.5,0
4051,suv,4.8,road_loopA_f0,road_loopA_f1,5753.1,5874.5,121.4,1303.5,38.6,1
4080,suv,4.8,road_loopA_r0,road_loopA_r1,5777.2,5874.7,97.5,1298.1,48.0,0
4026,car,4.5,road_loopA_f0,road_loopA_f1,5736.9,5875.2,138.3,1303.7,33.9,1
4046,suv,4.8,road_loopA_f0,road_loopA_f1,5749.7,5875.8,126.1,1303.5,37.2,1
4048,car,4.5,road_loopA_f0,road_loopA_f1,5749.8,5877.5,127.7,1303.4,36.7,1
4058,suv,4.8,road_loopA_f0,road_loopA_f1,5761.0,5877.7,116.7,1303.4,40.2,1
3970,suv,4.8,road_loopA_r0,xloopA_0Bb,5688.0,5879.7,191.7,895.4,16.8,1
7,tram,34.0,loopB,loopB,1695.5,5879.9,4184.4,33673.3,29.0,40
4075,suv,4.8,road_loopA_f0,xloopA_0Ab,5774.0,5880.1,106.1,504.9,17.1,1
4065,car,4.5,road_loopA_f0,road_loopA_f1,5766.1,5881.6,115.5,1304.2,40.7,1
4022,car,4.5,road_loopA_r0,xloopA_0Bb,5731.2,5882.2,151.0,895.6,21.3,1
4047,car,4.5,road_loopA_f0,road_loopA_f1,5749.7,5882.3,132.6,1303.7,35.4,1
4083,car,4.5,road_loopA_f0,xloopA_0Ab,5779.9,5882.8,102.9,505.4,17.7,1
4079,car,4.5,road_loopA_f0,road_loopA_f1,5776.7,5883.2,106.5,1302.8,44.1,1
4052,suv,4.8,road_loopA_f0,road_loopA_f1,5753.1,5883.4,130.3,1303.5,36.0,1
4053,car,4.5,road_loopA_f0,road_loopA_f1,5753.8,5884.0,130.2,1303.8,36.0,1
4041,car,4.5,road_loopA_r0,xloopA_0Bb,5746.6,5884.8,138.2,895.3,23.3,1
4055,car,4.5,road_loopA_f0,road_loopA_f1,5754.9,5885.1,130.2,1303.9,36.0,1
4070,car,4.5,road_loopA_f0,road_loopA_f1,5769.3,5885.9,116.6,1303.7,40.2,1
4059,car,4.5,road_loopA_f0,road_loopA_f1,5762.2,5886.8,124.6,1303.1,37.7,1
4082,car,4.5,road_loopA_r0,xloopA_0Bb,5779.7,5887.5,107.8,895.5,29.9,1
4067,car,4.5,road_loopA_f0,road_loopA_f1,5767.8,5888.6,120.8,1303.9,38.8,1
4086,car,4.5,road_loopA_r0,road_loopA_r1,5782.2,5888.6,106.4,1298.1,43.9,0
4092,car,4.5,road_loopA_f0,road_loopA_f1,5798.8,5891.0,92.2,1303.1,50.9,0
4015,bus,11.0,road_loopA_r0,road_loopA_r1,5721.7,5892.3,170.6,1297.6,27.4,2
4097,suv,4.8,road_loopA_f0,road_loopA_f1,5803.2,5893.8,90.6,1303.6,51.8,0
4096,car,4.5,xloopA_0Ba,xloopA_0Bb,5802.7,5895.0,92.3,84.6,3.3,1
4090,car,4.5,road_loopA_f0,road_loopA_f1,5796.1,5895.5,99.4,1304.1,47.2,0
3990,car,4.5,xloopA_0Aa,xloopA_0Ab,5702.5,5897.0,194.5,84.3,1.6,1
4099,car,4.5,xloopA_0Ba,xloopA_0Bb,5806.0,5897.1,91.1,84.5,3.3,1
4091,suv,4.8,road_loopA_f0,road_loopA_f1,5796.9,5898.7,101.8,1304.1,46.1,0
4050,car,4.5,xloopA_0Aa,xloopA_0Ab,5752.0,5899.1,147.1,84.1,2.1,1
4123,car,4.5,xloopA_0Ba,xloopA_0Bb,5830.9,5900.6,69.7,84.2,4.3,1
4076,car,4.5,xloopA_0Aa,xloopA_0Ab,5774.8,5901.3,126.5,84.1,2.4,0
4084,car,4.5,road_loopA_r0,road_loopA_r1,5781.5,5902.2,120.7,1298.0,38.7,0
4129,car,4.5,xloopA_0Ba,xloopA_0Bb,5837.7,5902.8,65.1,84.5,4.7,0
4085,bus,11.0,road_loopA_f0,road_loopA_f1,5781.5,5904.0,122.5,1303.3,38.3,0
4133,car,4.5,xloopA_0Ba,xloopA_0Bb,5838.0,5904.8,66.8,84.5,4.6,0
4109,car,4.5,road_loopA_f0,road_loopA_f1,5816.5,5906.6,90.1,1303.8,52.1,0
4098,suv,4.8,road_loopA_f0,road_loopA_f1,5804.4,5906.9,102.5,1303.2,45.8,0
4088,car,4.5,road_loopA_r0,xloopA_0Ab,5793.4,5909.1,115.7,868.8,27.0,1
4108,car,4.5,road_loopA_f0,road_loopA_f1,5815.5,5909.5,94.0,1303.5,49.9,0
4077,car,4.5,road_loopA_f0,road_loopA_f1,5775.4,5909.8,134.4,1302.8,34.9,0
4111,car,4.5,road_loopA_f0,road_loopA_f1,5819.4,5909.9,90.5,1304.1,51.9,0
4112,car,4.5,road_loopA_f0,road_loopA_f1,5820.4,5911.8,91.4,1304.0,51.3,0
4064,bus,11.0,road_loopA_f0,road_loopA_f1,5765.5,5911.9,146.4,1303.0,32.0,1
4132,car,4.5,road_loopA_f0,xloopA_0Bb,5837.9,5916.8,78.9,478.8,21.9,1
4170,car,4.5,road_loopA_f0,xloopA_0Bb,5866.2,5920.4,54.2,478.7,31.8,1
4124,suv,4.8,road_loopA_f0,road_loopA_f1,5830.9,5924.4,93.5,1303.4,50.2,0
4121,truck,8.5,road_loopA_f0,road_loopA_f1,5830.1,5925.6,95.5,1303.6,49.1,0
4110,car,4.5,road_loopA_f0,road_loopA_f1,5817.0,5928.6,111.6,1303.4,42.0,0
4120,car,4.5,road_loopA_f0,road_loopA_f1,5830.0,5931.4,101.4,1304.0,46.3,0
4192,truck,8.5,road_loopA_f0,xloopA_0Bb,5884.9,5931.5,46.6,478.5,37.0,0
4095,suv,4.8,road_loopA_r0,road_loopA_r1,5802.4,5939.7,137.3,1298.0,34.0,1
4089,car,4.5,road_loopA_r0,road_loopA_r1,5795.0,5941.7,146.7,1297.4,31.8,1
4094,truck,8.5,road_loopA_r0,road_loopA_r1,5800.6,5942.3,141.7,1298.1,33.0,1
4105,car,4.5,road_loopA_r0,road_loopA_r1,5812.7,5942.5,129.8,1297.9,36.0,1
4093,suv,4.8,road_loopA_r0,road_loopA_r1,5799.3,5943.5,144.2,1298.2,32.4,1
4034,bus,11.0,road_loopA_f0,road_loopA_f1,5739.3,5944.4,205.1,1303.4,22.9,3
4106,suv,4.8,road_loopA_r0,road_loopA_r1,5813.3,5945.3,132.0,1297.4,35.4,1
4113,car,4.5,road_loopA_r0,road_loopA_r1,5821.3,5945.4,124.1,1297.4,37.6,1
4114,car,4.5,road_loopA_r0,road_loopA_r1,5822.2,5947.4,125.2,1298.6,37.3,1
4100,suv,4.8,road_loopA_r0,road_loopA_r1,5806.1,5947.8,141.7,1298.4,33.0,1
4116,car,4.5,road_loopA_r0,road_loopA_r1,5824.1,5949.2,125.1,1298.6,37.4,1
4115,car,4.5,road_loopA_r0,road_loopA_r1,5824.0,5951.7,127.7,1297.8,36.6,1
4126,suv,4.8,road_loopA_r0,road_loopA_r1,5832.2,5952.4,120.2,1297.7,38.9,1
4153,car,4.5,road_loopA_r0,xloopA_0Ab,5855.7,5952.5,96.8,869.2,32.3,1
4103,suv,4.8,road_loopA_r0,road_loopA_r1,5810.4,5954.8,144.4,1298.5,32.4,1
4216,car,4.5,road_loopA_f0,xloopA_0Bb,5914.9,5955.0,40.1,478.5,42.9,0
4137,car,4.5,road_loopA_r0,road_loopA_r1,5843.2,5956.6,113.4,1297.8,41.2,1
4190,truck,8.5,road_loopA_r0,xloopA_0Ab,5881.4,5957.3,75.9,869.0,41.2,0
4130,car,4.5,road_loopA_r0,road_loopA_r1,5837.7,5958.0,120.3,1298.6,38.9,1
4142,car,4.5,road_loopA_r0,road_loopA_r1,5846.0,5960.2,114.2,1298.4,40.9,0
4102,car,4.5,road_loopA_r0,road_loopA_r1,5810.4,5962.6,152.2,1297.4,30.7,1
4140,car,4.5,road_loopA_r0,road_loopA_r1,5845.1,5964.2,119.1,1298.1,39.2,0
4156,car,4.5,road_loopA_r0,road_loopA_r1,5857.4,5964.3,106.9,1298.5,43.7,0
4166,suv,4.8,road_loopA_r0,road_loopA_r1,5865.2,5965.4,100.2,1297.4,46.6,0
4171,car,4.5,road_loopA_r0,road_loopA_r1,5866.2,5966.0,99.8,1298.0,46.8,0
4134,car,4.5,road_loopA_r0,road_loopA_r1,5840.3,5967.1,126.8,1297.8,36.9,1
4162,car,4.5,road_loopA_r0,road_loopA_r1,5863.1,5967.9,104.8,1297.9,44.6,0
4131,car,4.5,road_loopA_f0,road_loopA_f1,5837.8,5968.7,130.9,1303.4,35.8,1
4138,suv,4.8,road_loopA_r0,road_loopA_r1,5844.5,5968.9,124.4,1298.1,37.6,1
4185,suv,4.8,road_loopA_r0,road_loopA_r1,5878.2,5970.4,92.2,1297.3,50.7,0
4122,car,4.5,road_loopA_r0,road_loopA_r1,5830.1,5971.4,141.3,1298.0,33.1,1
4081,car,4.5,xloopA_0Aa,road_loopA_r1,5778.1,5971.8,193.7,506.7,9.4,0
4189,car,4.5,road_loopA_r0,xloopA_0Bb,5880.2,5973.0,92.8,895.4,34.8,1
4101,car,4.5,road_loopA_r0,road_loopA_r1,5807.0,5973.5,166.5,1297.7,28.1,1
4157,car,4.5,road_loopA_f0,xloopA_0Ab,5857.7,5973.6,115.9,505.1,15.7,1
4174,suv,4.8,road_loopA_r0,road_loopA_r1,5868.2,5973.8,105.6,1298.4,44.3,0
4139,suv,4.8,road_loopA_f0,road_loopA_f1,5845.0,5974.6,129.6,1303.0,36.2,1
4104,car,4.5,road_loopA_r0,road_loopA_r1,5812.1,5975.2,163.1,1298.4,28.6,1
4146,car,4.5,road_loopA_f0,road_loopA_f1,5850.0,5975.2,125.2,1303.5,37.5,1
4168,car,4.5,road_loopA_r0,road_loopA_r1,5865.4,5975.5,110.1,1297.3,42.4,0
4127,car,4.5,road_loopA_f0,road_loopA_f1,5833.8,5975.6,141.8,1303.4,33.1,1
4164,car,4.5,road_loopA_f0,xloopA_0Ab,5864.4,5976.2,111.8,505.1,16.3,1
4107,car,4.5,road_loopA_r0,road_loopA_r1,5813.5,5976.8,163.3,1298.1,28.6,1
4144,truck,8.5,road_loopA_f0,road_loopA_f1,5848.2,5976.8,128.6,1304.1,36.5,1
4151,car,4.5,road_loopA_r0,road_loopA_r1,5854.1,5977.5,123.4,1297.6,37.9,0
4118,suv,4.8,road_loopA_r0,road_loopA_r1,5825.8,5978.4,152.6,1297.7,30.6,1
4150,car,4.5,road_loopA_f0,road_loopA_f1,5853.7,5978.8,125.1,1303.2,37.5,1
4169,car,4.5,road_loopA_f0,xloopA_0Ab,5866.0,5978.9,112.9,505.3,16.1,1
4119,car,4.5,road_loopA_r0,road_loopA_r1,5826.8,5980.1,153.3,1298.1,30.5,1
4154,suv,4.8,road_loopA_f0,road_loopA_f1,5856.9,5980.5,123.6,1303.8,38.0,1
4141,car,4.5,road_loopA_r0,road_loopA_r1,5845.1,5980.7,135.6,1297.9,34.5,0
4220,car,4.5,road_loopA_f0,xloopA_0Ab,5917.4,5981.5,64.1,505.0,28.4,1
4193,car,4.5,road_loopA_r0,road_loopA_r1,5887.3,5981.6,94.3,1298.2,49.6,0
4128,suv,4.8,road_loopA_r0,road_loopA_r1,5836.4,5981.8,145.4,1298.2,32.2,1
4165,car,4.5,road_loopA_f0,road_loopA_f1,5865.0,5982.3,117.3,1303.8,40.0,1
4152,car,4.5,road_loopA_f0,road_loopA_f1,5854.7,5982.4,127.7,1302.8,36.7,1
4125,truck,8.5,road_loopA_f0,road_loopA_f1,5831.8,5983.3,151.5,1302.9,31.0,1
4179,car,4.5,road_loopA_r0,road_loopA_r1,5873.5,5984.6,111.1,1297.8,42.1,0
4159,car,4.5,road_loopA_f0,road_loopA_f1,5858.5,5985.2,126.7,1303.8,37.1,1
4148,car,4.5,road_loopA_f0,road_loopA_f1,5852.0,5985.4,133.4,1303.8,35.2,1
4155,suv,4.8,road_loopA_f0,road_loopA_f1,5857.4,5985.6,128.2,1303.7,36.6,1
4176,car,4.5,road_loopA_f0,road_loopA_f1,5870.9,5987.1,116.2,1303.1,40.4,1
4160,car,4.5,xloopA_0Ba,xloopA_0Bb,5861.5,5988.1,126.6,84.8,2.4,1
4198,suv,4.8,road_loopA_r0,road_loopA_r1,5899.0,5988.1,89.1,1298.3,52.5,0
4136,car,4.5,xloopA_0Aa,xloopA_0Ab,5841.8,5988.5,146.7,84.7,2.1,1
4182,car,4.5,road_loopA_f0,road_loopA_f1,5875.6,5988.9,113.3,1303.9,41.4,1
4145,car,4.5,road_loopA_f0,road_loopA_f1,5849.2,5989.0,139.8,1304.0,33.6,1
4177,car,4.5,road_loopA_f0,road_loopA_f1,5873.3,5991.0,117.7,1303.2,39.9,0
4161,car,4.5,xloopA_0Ba,xloopA_0Bb,5862.1,5991.1,129.0,84.1,2.3,1
4181,car,4.5,xloopA_0Aa,xloopA_0Ab,5874.2,5991.3,117.1,84.1,2.6,1
4194,car,4.5,xloopA_0Aa,xloopA_0Ab,5888.5,5993.6,105.1,84.5,2.9,1
4188,car,4.5,xloopA_0Ba,xloopA_0Bb,5880.2,5993.6,113.4,84.6,2.7,1
4187,car,4.5,road_loopA_f0,road_loopA_f1,5879.8,5995.0,115.2,1303.4,40.7,0
4238,car,4.5,xloopA_0Aa,xloopA_0Ab,5932.5,5995.7,63.2,84.4,4.8,0
4196,car,4.5,xloopA_0Ba,xloopA_0Bb,5894.0,5995.8,101.8,84.7,3.0,0
4158,suv,4.8,road_loopA_f0,road_loopA_f1,5858.2,5996.1,137.9,1303.2,34.0,1
4173,car,4.5,road_loopA_f0,road_loopA_f1,5866.7,5997.1,130.4,1303.4,36.0,1
4117,bus,11.0,road_loopA_f0,road_loopA_f1,5824.6,5997.7,173.1,1302.8,27.1,2
4202,car,4.5,road_loopA_f0,road_loopA_f1,5902.1,5998.0,95.9,1304.0,49.0,0
4178,car,4.5,road_loopA_f0,road_loopA_f1,5873.6,5998.1,124.5,1303.3,37.7,1
4200,car,4.5,xloopA_0Ba,xloopA_0Bb,5901.6,5998.1,96.5,84.5,3.2,0
4239,car,4.5,xloopA_0Aa,xloopA_0Ab,5933.1,5998.2,65.1,84.5,4.7,0
8,tram,34.0,loopA,loopA,1738.9,5999.2,4260.3,33702.3,28.5,40
4204,car,4.5,road_loopA_f0,road_loopA_f1,5905.1,5999.7,94.6,1303.9,49.6,0
4175,car,4.5,road_loopA_r0,road_loopA_r1,5869.0,6000.1,131.1,1297.5,35.6,0
4180,car,4.5,road_loopA_f0,road_loopA_f1,5874.1,6000.4,126.3,1303.0,37.1,0
4184,car,4.5,road_loopA_f0,road_loopA_f1,5877.1,6002.3,125.2,1303.9,37.5,0
4214,car,4.5,road_loopA_f0,road_loopA_f1,5911.6,6002.3,90.7,1303.7,51.8,0
4186,car,4.5,road_loopA_f0,road_loopA_f1,5878.6,6004.0,125.4,1303.0,37.4,0
4215,car,4.5,road_loopA_f0,road_loopA_f1,5913.0,6005.0,92.0,1303.7,51.0,0
3988,car,4.5,xloopA_0Aa,road_loopA_f1,5701.1,6005.9,304.8,872.5,10.3,1
4195,suv,4.8,road_loopA_f0,road_loopA_f1,5889.1,6006.4,117.3,1303.8,40.0,0
4135,suv,4.8,road_loopA_f0,road_loopA_f1,5840.8,6007.5,166.7,1302.8,28.1,1
4203,car,4.5,road_loopA_f0,road_loopA_f1,5902.5,6007.7,105.2,1303.5,44.6,0
4201,truck,8.5,road_loopA_f0,road_loopA_f1,5901.8,6008.7,106.9,1303.7,43.9,0
4221,car,4.5,road_loopA_f0,road_loopA_f1,5917.8,6008.9,91.1,1303.9,51.5,0
4143,car,4.5,road_loopA_f0,road_loopA_f1,5846.0,6009.3,163.3,1304.0,28.7,1
4224,car,4.5,road_loopA_f0,road_loopA_f1,5919.0,6010.7,91.7,1302.8,51.2,0
4213,car,4.5,road_loopA_f0,road_loopA_f1,5910.1,6010.8,100.7,1303.4,46.6,0
4147,car,4.5,road_loopA_f0,road_loopA_f1,5850.5,6010.9,160.4,1303.1,29.3,1
4234,car,4.5,road_loopA_f0,xloopA_0Bb,5929.8,6011.7,81.9,478.6,21.0,1
4149,car,4.5,road_loopA_f0,road_loopA_f1,5853.4,6012.6,159.2,1303.4,29.5,1
4226,car,4.5,road_loopA_f0,road_loopA_f1,5920.2,6012.9,92.7,1303.5,50.6,0
4218,truck,8.5,road_loopA_f0,road_loopA_f1,5915.2,6013.0,97.8,1302.8,48.0,0
4163,car,4.5,road_loopA_f0,road_loopA_f1,5863.8,6014.4,150.6,1304.1,31.2,1
4227,suv,4.8,road_loopA_f0,road_loopA_f1,5922.8,6015.1,92.3,1303.6,50.9,0
4252,car,4.5,road_loopA_f0,xloopA_0Bb,5939.1,6015.4,76.3,478.8,22.6,1
4172,car,4.5,road_loopA_f0,road_loopA_f1,5866.5,6016.1,149.6,1303.4,31.4,1
4199,car,4.5,road_loopA_f0,road_loopA_f1,5900.8,6017.5,116.7,1303.0,40.2,0
4183,car,4.5,road_loopA_f0,road_loopA_f1,5875.8,6017.8,142.0,1303.1,33.0,0
4167,truck,8.5,road_loopA_f0,road_loopA_f1,5865.4,6019.0,153.6,1303.3,30.5,0
4229,car,4.5,road_loopA_f0,road_loopA_f1,5926.5,6020.8,94.3,1303.5,49.8,0
4191,car,4.5,road_loopA_f0,road_loopA_f1,5884.9,6021.3,136.4,1303.1,34.4,0
4293,suv,4.8,road_loopA_f0,xloopA_0Bb,5982.1,6025.5,43.4,479.1,39.7,0
4205,car,4.5,road_loopA_r0,road_loopA_r1,5906.0,6027.7,121.7,1298.0,38.4,1
4206,car,4.5,road_loopA_r0,road_loopA_r1,5907.7,6029.3,121.6,1298.7,38.4,1
4211,suv,4.8,road_loopA_r0,road_loopA_r1,5909.4,6030.7,121.3,1298.0,38.5,1
4225,car,4.5,road_loopA_f0,road_loopA_f1,5919.9,6031.0,111.1,1303.2,42.2,0
4197,suv,4.8,road_loopA_r0,road_loopA_r1,5897.3,6031.1,133.8,1298.1,34.9,1
4208,car,4.5,road_loopA_r0,road_loopA_r1,5908.5,6032.8,124.3,1298.1,37.6,1
4210,suv,4.8,road_loopA_r0,road_loopA_r1,5908.7,6033.5,124.8,1298.4,37.5,1
4219,truck,8.5,road_loopA_r0,road_loopA_r1,5917.0,6036.3,119.3,1297.7,39.2,1
4209,suv,4.8,road_loopA_r0,road_loopA_r1,5908.7,6037.4,128.7,1298.0,36.3,1
4222,suv,4.8,road_loopA_r0,road_loopA_r1,5917.8,6038.6,120.8,1297.7,38.7,1
4231,car,4.5,road_loopA_r0,road_loopA_r1,5927.1,6039.1,112.0,1298.4,41.7,1
4212,truck,8.5,road_loopA_r0,road_loopA_r1,5909.4,6039.3,129.9,1298.1,36.0,1
4235,suv,4.8,road_loopA_r0,road_loopA_r1,5931.6,6042.0,110.4,1298.0,42.3,0
4232,car,4.5,road_loopA_r0,road_loopA_r1,5928.6,6042.3,113.7,1298.2,41.1,0
4314,car,4.5,road_loopA_f0,xloopA_0Bb,6002.4,6042.4,40.0,478.8,43.1,0
4247,car,4.5,road_loopA_r0,road_loopA_r1,5937.2,6043.7,106.5,1298.0,43.9,0
4244,car,4.5,road_loopA_r0,road_loopA_r1,5935.3,6043.8,108.5,1298.2,43.1,0
4243,car,4.5,road_loopA_r0,road_loopA_r1,5935.2,6045.7,110.5,1297.6,42.3,0
4248,car,4.5,road_loopA_r0,road_loopA_r1,5937.9,6045.7,107.8,1298.3,43.4,0
4251,car,4.5,road_loopA_r0,road_loopA_r1,5939.0,6047.0,108.0,1298.0,43.3,0
4254,car,4.5,road_loopA_r0,road_loopA_r1,5941.1,6047.3,106.2,1297.3,44.0,0
4257,car,4.5,road_loopA_r0,road_loopA_r1,5943.7,6048.2,104.5,1297.9,44.7,0
4253,car,4.5,road_loopA_r0,road_loopA_r1,5940.3,6048.8,108.5,1298.1,43.1,0
4260,car,4.5,road_loopA_r0,road_loopA_r1,5946.8,6049.9,103.1,1298.1,45.3,0
4255,car,4.5,road_loopA_r0,road_loopA_r1,5941.1,6051.3,110.2,1298.0,42.4,0
4264,suv,4.8,road_loopA_r0,road_loopA_r1,5951.2,6051.7,100.5,1297.6,46.5,0
4258,truck,8.5,road_loopA_r0,road_loopA_r1,5945.1,6053.5,108.4,1298.1,43.1,0
4268,suv,4.8,road_loopA_r0,road_loopA_r1,5953.0,6053.6,100.6,1298.6,46.5,0
4265,car,4.5,road_loopA_r0,road_loopA_r1,5951.6,6054.5,102.9,1297.5,45.4,0
4272,car,4.5,road_loopA_r0,road_loopA_r1,5955.0,6055.7,100.7,1297.4,46.4,0
4270,car,4.5,road_loopA_r0,road_loopA_r1,5953.5,6056.2,102.7,1297.7,45.5,0
4230,car,4.5,road_loopA_f0,road_loopA_f1,5926.9,6056.5,129.6,1303.6,36.2,1
4236,car,4.5,road_loopA_f0,road_loopA_f1,5932.3,6056.7,124.4,1303.9,37.7,1
4274,car,4.5,road_loopA_r0,xloopA_0Ab,5961.9,6056.8,94.9,869.1,33.0,1
4266,car,4.5,road_loopA_r0,road_loopA_r1,5952.2,6058.1,105.9,1298.3,44.1,0
4271,car,4.5,road_loopA_r0,road_loopA_r1,5954.3,6058.3,104.0,1297.4,44.9,0
4242,car,4.5,road_loopA_f0,road_loopA_f1,5934.5,6058.5,124.0,1303.1,37.8,1
4273,suv,4.8,road_loopA_r0,road_loopA_r1,5956.9,6059.6,102.7,1297.7,45.5,0
4276,car,4.5,road_loopA_r0,road_loopA_r1,5963.0,6061.0,98.0,1298.2,47.7,0
4275,car,4.5,road_loopA_r0,road_loopA_r1,5962.2,6061.5,99.3,1298.1,47.1,0
4279,car,4.5,road_loopA_r0,road_loopA_r1,5966.1,6062.1,96.0,1298.4,48.7,0
4228,suv,4.8,road_loopA_f0,road_loopA_f1,5926.1,6063.4,137.3,1304.0,34.2,1
4280,car,4.5,road_loopA_r0,road_loopA_r1,5967.3,6064.0,96.7,1297.5,48.3,0
4240,car,4.5,road_loopA_f0,road_loopA_f1,5933.1,6065.0,131.9,1302.8,35.5,1
4284,car,4.5,road_loopA_r0,road_loopA_r1,5969.8,6065.8,96.0,1298.5,48.7,0
4249,car,4.5,road_loopA_f0,road_loopA_f1,5938.2,6066.1,127.9,1303.7,36.7,1
4281,car,4.5,road_loopA_r0,road_loopA_r1,5968.1,6066.4,98.3,1298.0,47.6,0
4217,car,4.5,road_loopA_r0,xloopA_0Bb,5915.1,6066.5,151.4,895.6,21.3,1
4263,car,4.5,road_loopA_f0,xloopA_0Ab,5951.2,6067.1,115.9,505.0,15.7,1
4256,truck,8.5,road_loopA_f0,road_loopA_f1,5942.2,6067.2,125.0,1303.9,37.6,1
4250,car,4.5,road_loopA_f0,road_loopA_f1,5938.9,6067.3,128.4,1303.0,36.5,1
4261,car,4.5,road_loopA_f0,road_loopA_f1,5947.8,6067.7,119.9,1303.0,39.1,1
4262,truck,8.5,road_loopA_r0,road_loopA_r1,5948.3,6068.4,120.1,1297.3,38.9,0
4289,car,4.5,road_loopA_r0,road_loopA_r1,5976.3,6068.5,92.2,1297.4,50.6,0
4241,car,4.5,road_loopA_r0,xloopA_0Bb,5934.2,6069.1,134.9,895.6,23.9,1
4282,truck,8.5,road_loopA_r0,road_loopA_r1,5968.5,6069.1,100.6,1297.5,46.4,0
4267,car,4.5,road_loopA_f0,road_loopA_f1,5952.4,6069.4,117.0,1303.0,40.1,1
4283,car,4.5,road_loopA_r0,road_loopA_r1,5969.3,6070.4,101.1,1297.4,46.2,0
4278,car,4.5,road_loopA_f0,road_loopA_f1,5966.1,6070.9,104.8,1303.5,44.8,0
4291,car,4.5,road_loopA_r0,road_loopA_r1,5981.0,6071.1,90.1,1298.6,51.9,0
4286,suv,4.8,road_loopA_f0,road_loopA_f1,5970.7,6071.3,100.6,1303.1,46.6,0
4285,car,4.5,road_loopA_r0,xloopA_0Bb,5970.2,6071.7,101.5,895.3,31.7,1
4294,car,4.5,road_loopA_r0,road_loopA_r1,5982.1,6071.8,89.7,1298.7,52.1,0
4288,car,4.5,road_loopA_r0,road_loopA_r1,5974.6,6072.1,97.5,1297.7,47.9,0
4296,car,4.5,road_loopA_r0,road_loopA_r1,5982.5,6072.8,90.3,1298.4,51.8,0
4292,suv,4.8,road_loopA_f0,road_loopA_f1,5981.1,6074.7,93.6,1303.9,50.2,0
4223,bus,11.0,road_loopA_f0,road_loopA_f1,5918.6,6076.8,158.2,1302.9,29.6,2
4290,suv,4.8,road_loopA_f0,road_loopA_f1,5978.0,6077.1,99.1,1303.8,47.4,0
4312,truck,8.5,road_loopA_r0,xloopA_0Bb,5999.6,6077.4,77.8,896.0,41.5,0
4299,car,4.5,road_loopA_f0,road_loopA_f1,5987.9,6078.9,91.0,1303.2,51.5,0
4287,suv,4.8,road_loopA_f0,road_loopA_f1,5972.8,6080.2,107.4,1303.8,43.7,0
4355,car,4.5,xloopA_0Aa,xloopA_0Ab,6044.0,6082.1,38.1,84.8,8.0,1
4302,car,4.5,road_loopA_r0,road_loopA_r1,5990.7,6083.1,92.4,1298.2,50.6,0
4305,car,4.5,road_loopA_f0,road_loopA_f1,5994.0,6084.0,90.0,1303.7,52.2,0
4301,car,4.5,road_loopA_r0,road_loopA_r1,5989.8,6086.1,96.3,1298.5,48.5,0
4259,car,4.5,road_loopA_f0,road_loopA_f1,5945.6,6086.9,141.3,1303.8,33.2,1
4237,car,4.5,xloopA_0Ba,xloopA_0Bb,5932.4,6087.3,154.9,84.6,2.0,1
4277,car,4.5,road_loopA_f0,road_loopA_f1,5963.6,6088.7,125.1,1303.6,37.5,0
4246,car,4.5,xloopA_0Ba,xloopA_0Bb,5936.7,6090.0,153.3,84.7,2.0,0
4245,car,4.5,road_loopA_f0,road_loopA_f1,5936.0,6092.6,156.6,1303.4,30.0,1
4315,suv,4.8,road_loopA_f0,road_loopA_f1,6003.2,6092.6,89.4,1303.1,52.5,0
4298,suv,4.8,road_loopA_f0,road_loopA_f1,5987.2,6096.6,109.4,1303.5,42.9,0
4334,car,4.5,road_loopA_f0,xloopA_0Bb,6020.8,6096.7,75.9,478.7,22.7,1
4330,car,4.5,road_loopA_r0,xloopA_0Ab,6015.9,6096.9,81.0,869.0,38.6,0
4316,truck,8.5,road_loopA_f0,road_loopA_f1,6006.3,6100.0,93.7,1303.3,50.1,0
4321,car,4.5,road_loopA_f0,road_loopA_f1,6010.5,6100.1,89.6,1303.5,52.4,0
4324,car,4.5,road_loopA_f0,road_loopA_f1,6011.3,6102.0,90.7,1303.1,51.7,0
4306,truck,8.5,road_loopA_f0,road_loopA_f1,5994.7,6102.5,107.8,1303.5,43.5,0
4323,car,4.5,road_loopA_f0,road_loopA_f1,6011.3,6104.5,93.2,1303.6,50.3,0
4325,car,4.5,road_loopA_f0,road_loopA_f1,6013.5,6104.6,91.1,1303.7,51.5,0
4328,car,4.5,road_loopA_f0,road_loopA_f1,6014.9,6106.6,91.7,1303.0,51.1,0
4332,suv,4.8,road_loopA_f0,road_loopA_f1,6017.3,6107.1,89.8,1303.9,52.3,0
4333,car,4.5,road_loopA_f0,road_loopA_f1,6020.3,6109.7,89.4,1303.1,52.5,0
4322,car,4.5,road_loopA_r0,xloopA_0Ab,6010.6,6110.0,99.4,869.1,31.5,1
4345,suv,4.8,road_loopA_r0,xloopA_0Ab,6033.0,6113.3,80.3,868.8,39.0,0
4300,suv,4.8,road_loopA_r0,road_loopA_r1,5989.3,6124.9,135.6,1298.3,34.5,1
4308,suv,4.8,road_loopA_r0,road_loopA_r1,5996.9,6125.1,128.2,1298.6,36.5,1
4317,car,4.5,road_loopA_r0,road_loopA_r1,6006.6,6127.5,120.9,1297.9,38.7,1
4310,car,4.5,road_loopA_r0,road_loopA_r1,5997.9,6131.7,133.8,1298.4,34.9,1
4319,truck,8.5,road_loopA_r0,road_loopA_r1,6009.1,6132.4,123.3,1297.7,37.9,1
4320,suv,4.8,road_loopA_r0,road_loopA_r1,6010.2,6134.8,124.6,1297.3,37.5,1
4408,car,4.5,road_loopA_f0,xloopA_0Bb,6092.7,6136.1,43.4,478.7,39.7,0
4331,car,4.5,road_loopA_r0,road_loopA_r1,6017.0,6136.8,119.8,1297.6,39.0,1
4207,car,4.5,xloopA_0Ba,road_loopA_r1,5907.9,6138.5,230.6,476.4,7.4,1
4344,car,4.5,road_loopA_r0,road_loopA_r1,6032.5,6139.3,106.8,1298.1,43.8,0
4233,car,4.5,xloopA_0Ba,road_loopA_r1,5929.6,6139.4,209.8,476.6,8.2,1
4303,car,4.5,road_loopA_r0,road_loopA_r1,5991.9,6140.2,148.3,1298.3,31.5,1
4327,car,4.5,road_loopA_r0,road_loopA_r1,6014.0,6140.9,126.9,1297.9,36.8,1
4304,car,4.5,road_loopA_r0,road_loopA_r1,5992.6,6141.1,148.5,1298.2,31.5,1
4421,car,4.5,road_loopA_f0,xloopA_0Bb,6101.3,6141.2,39.9,478.8,43.2,0
4307,car,4.5,road_loopA_r0,road_loopA_r1,5995.4,6141.8,146.4,1297.4,31.9,1
4338,car,4.5,road_loopA_r0,road_loopA_r1,6024.7,6142.5,117.8,1298.6,39.7,1
4326,car,4.5,road_loopA_r0,road_loopA_r1,6013.5,6142.7,129.2,1297.6,36.2,1
4309,car,4.5,road_loopA_r0,road_loopA_r1,5997.1,6143.5,146.4,1298.2,31.9,1
4347,bus,11.0,road_loopA_r0,road_loopA_r1,6035.4,6144.8,109.4,1297.6,42.7,0
4313,car,4.5,road_loopA_r0,road_loopA_r1,6001.0,6145.2,144.2,1297.7,32.4,1
4318,truck,8.5,road_loopA_r0,road_loopA_r1,6006.7,6145.4,138.7,1297.7,33.7,0
4335,suv,4.8,road_loopA_r0,road_loopA_r1,6020.9,6147.2,126.3,1297.5,37.0,0
4342,car,4.5,road_loopA_r0,road_loopA_r1,6026.6,6147.5,120.9,1297.7,38.6,0
4359,car,4.5,road_loopA_r0,road_loopA_r1,6049.4,6147.6,98.2,1297.3,47.5,0
4337,car,4.5,road_loopA_f0,road_loopA_f1,6024.5,6148.7,124.2,1303.9,37.8,1
4354,car,4.5,road_loopA_r0,road_loopA_r1,6042.4,6148.7,106.3,1297.7,43.9,0
4352,car,4.5,road_loopA_r0,road_loopA_r1,6042.1,6149.1,107.0,1297.5,43.6,0
4341,suv,4.8,road_loopA_f0,road_loopA_f1,6026.0,6150.2,124.2,1303.4,37.8,1
4336,car,4.5,road_loopA_f0,road_loopA_f1,6023.6,6151.3,127.7,1303.9,36.8,1
4343,suv,4.8,road_loopA_r0,road_loopA_r1,6031.5,6151.4,119.9,1297.6,39.0,0
4348,car,4.5,road_loopA_f0,road_loopA_f1,6037.5,6153.6,116.1,1303.5,40.4,1
4339,car,4.5,road_loopA_f0,road_loopA_f1,6025.1,6154.1,129.0,1303.7,36.4,1
4360,truck,8.5,road_loopA_r0,road_loopA_r1,6049.7,6154.3,104.6,1298.1,44.7,0
4364,car,4.5,road_loopA_r0,road_loopA_r1,6055.8,6154.7,98.9,1297.5,47.2,0
4349,suv,4.8,road_loopA_f0,road_loopA_f1,6039.6,6155.7,116.1,1303.6,40.4,1
4361,car,4.5,road_loopA_r0,road_loopA_r1,6053.4,6156.2,102.8,1297.9,45.4,0
4357,car,4.5,road_loopA_f0,road_loopA_f1,6046.0,6157.5,111.5,1302.9,42.1,1
4346,car,4.5,road_loopA_f0,road_loopA_f1,6034.9,6157.9,123.0,1303.9,38.2,1
4375,car,4.5,road_loopA_r0,road_loopA_r1,6068.8,6158.0,89.2,1297.9,52.4,0
4358,suv,4.8,road_loopA_f0,road_loopA_f1,6048.0,6159.7,111.7,1303.8,42.0,1
4365,truck,8.5,road_loopA_r0,xloopA_0Bb,6057.0,6161.2,104.2,895.4,30.9,1
4373,car,4.5,road_loopA_r0,road_loopA_r1,6065.4,6161.2,95.8,1297.6,48.7,0
4362,car,4.5,road_loopA_r0,road_loopA_r1,6053.9,6161.4,107.5,1298.1,43.5,0
4371,car,4.5,road_loopA_f0,road_loopA_f1,6063.5,6161.8,98.3,1303.9,47.7,0
4356,truck,8.5,road_loopA_f0,road_loopA_f1,6045.4,6163.5,118.1,1304.0,39.7,1
4372,car,4.5,road_loopA_f0,road_loopA_f1,6063.7,6164.5,100.8,1304.0,46.6,0
4394,truck,8.5,road_loopA_r0,xloopA_0Bb,6082.9,6165.4,82.5,895.4,39.1,0
4369,car,4.5,road_loopA_r0,road_loopA_r1,6061.1,6165.9,104.8,1297.7,44.6,0
4382,car,4.5,road_loopA_f0,road_loopA_f1,6075.8,6166.4,90.6,1303.3,51.8,0
4366,truck,8.5,road_loopA_f0,road_loopA_f1,6057.3,6167.3,110.0,1303.2,42.7,0
4340,car,4.5,road_loopA_f0,road_loopA_f1,6025.4,6167.6,142.2,1303.2,33.0,1
4450,truck,8.5,road_loopA_f0,xloopA_0Ab,6123.4,6168.6,45.2,505.2,40.2,0
4351,car,4.5,road_loopA_f0,road_loopA_f1,6040.4,6169.2,128.8,1303.2,36.4,1
4385,car,4.5,road_loopA_f0,road_loopA_f1,6076.8,6169.2,92.4,1302.8,50.8,0
4370,car,4.5,road_loopA_f0,road_loopA_f1,6062.9,6169.3,106.4,1303.8,44.1,0
4391,car,4.5,road_loopA_r0,road_loopA_r1,6079.9,6170.1,90.2,1298.5,51.8,0
4383,car,4.5,road_loopA_r0,road_loopA_r1,6076.3,6170.2,93.9,1298.6,49.8,0
4363,car,4.5,road_loopA_f0,road_loopA_f1,6054.6,6171.0,116.4,1303.5,40.3,0
4374,suv,4.8,road_loopA_f0,road_loopA_f1,6065.5,6171.0,105.5,1302.9,44.5,0
4387,car,4.5,road_loopA_f0,road_loopA_f1,6078.8,6172.5,93.7,1303.2,50.1,0
4377,car,4.5,road_loopA_f0,road_loopA_f1,6071.9,6172.9,101.0,1304.0,46.5,0
4459,car,4.5,xloopA_0Aa,xloopA_0Ab,6138.4,6175.7,37.3,84.6,8.2,1
4392,car,4.5,road_loopA_r0,road_loopA_r1,6082.7,6176.5,93.8,1298.7,49.8,0
4389,car,4.5,road_loopA_f0,road_loopA_f1,6079.4,6177.2,97.8,1302.9,48.0,0
4269,car,4.5,xloopA_0Ba,xloopA_0Bb,5953.5,6177.5,224.0,84.1,1.4,1
4380,car,4.5,road_loopA_r0,road_loopA_r1,6073.5,6177.6,104.1,1298.0,44.9,0
4462,car,4.5,xloopA_0Aa,xloopA_0Ab,6141.3,6178.2,36.9,84.6,8.3,1
4378,suv,4.8,road_loopA_r0,road_loopA_r1,6072.8,6178.3,105.5,1297.9,44.3,0
4406,car,4.5,road_loopA_f0,road_loopA_f1,6090.3,6179.6,89.3,1303.1,52.5,0
4381,car,4.5,road_loopA_f0,road_loopA_f1,6074.4,6180.1,105.7,1303.3,44.4,0
4395,car,4.5,road_loopA_f0,road_loopA_f1,6083.3,6180.5,97.2,1303.9,48.3,0
4379,truck,8.5,road_loopA_r0,road_loopA_r1,6073.0,6181.5,108.5,1297.6,43.0,0
4403,car,4.5,road_loopA_f0,road_loopA_f1,6088.5,6181.9,93.4,1304.1,50.3,0
4407,car,4.5,road_loopA_f0,road_loopA_f1,6092.5,6182.4,89.9,1304.1,52.2,0
4311,car,4.5,xloopA_0Ba,xloopA_0Bb,5998.4,6183.8,185.4,84.3,1.6,0
4416,car,4.5,road_loopA_f0,road_loopA_f1,6096.1,6187.3,91.2,1303.0,51.4,0
4353,bus,11.0,road_loopA_r0,road_loopA_r1,6042.3,6190.5,148.2,1298.5,31.5,2
4418,suv,4.8,road_loopA_f0,road_loopA_f1,6098.4,6195.6,97.2,1304.1,48.3,0
4411,car,4.5,road_loopA_r0,xloopA_0Ab,6093.6,6196.0,102.4,868.9,30.5,2
4423,car,4.5,road_loopA_f0,road_loopA_f1,6103.2,6196.1,92.9,1303.4,50.5,0
4427,suv,4.8,road_loopA_f0,road_loopA_f1,6105.7,6196.4,90.7,1304.1,51.7,0
4439,car,4.5,road_loopA_f0,xloopA_0Bb,6114.4,6197.1,82.7,478.7,20.8,1
4451,suv,4.8,road_loopA_f0,xloopA_0Bb,6127.5,6200.8,73.3,478.9,23.5,1
4415,truck,8.5,road_loopA_r0,xloopA_0Ab,6095.9,6201.4,105.5,869.1,29.6,1
4467,suv,4.8,road_loopA_f0,xloopA_0Bb,6147.4,6204.5,57.1,478.9,30.2,1
4410,suv,4.8,road_loopA_r0,xloopA_0Ab,6093.4,6205.3,111.9,869.5,28.0,1
4409,truck,8.5,road_loopA_f0,road_loopA_f1,6092.9,6205.5,112.6,1303.7,41.7,0
4414,car,4.5,road_loopA_f0,road_loopA_f1,6095.4,6208.3,112.9,1303.2,41.5,0
4419,suv,4.8,road_loopA_f0,road_loopA_f1,6099.3,6208.7,109.4,1303.8,42.9,0
4430,truck,8.5,road_loopA_f0,road_loopA_f1,6107.4,6211.2,103.8,1303.9,45.2,0
4434,truck,8.5,road_loopA_f0,road_loopA_f1,6109.8,6213.6,103.8,1303.6,45.2,0
4368,car,4.5,road_loopA_f0,road_loopA_f1,6061.0,6215.6,154.6,1302.9,30.3,0
4493,suv,4.8,road_loopA_f0,xloopA_0Bb,6174.8,6216.4,41.6,479.0,41.4,0
4397,car,4.5,road_loopA_r0,road_loopA_r1,6084.5,6216.9,132.4,1298.3,35.3,1
4386,car,4.5,road_loopA_r0,road_loopA_r1,6078.1,6218.3,140.2,1297.3,33.3,1
4428,car,4.5,road_loopA_f0,road_loopA_f1,6106.2,6218.4,112.2,1303.9,41.8,0
4422,car,4.5,road_loopA_f0,road_loopA_f1,6102.2,6218.8,116.6,1302.8,40.2,0
4388,truck,8.5,road_loopA_r0,road_loopA_r1,6079.0,6219.1,140.1,1297.9,33.3,1
4404,suv,4.8,road_loopA_r0,road_loopA_r1,6088.6,6219.9,131.3,1298.4,35.6,1
4390,car,4.5,road_loopA_r0,road_loopA_r1,6079.7,6220.0,140.3,1298.0,33.3,1
4399,car,4.5,road_loopA_r0,road_loopA_r1,6086.0,6221.6,135.6,1298.0,34.5,1
4393,suv,4.8,road_loopA_r0,road_loopA_r1,6082.8,6221.8,139.0,1298.4,33.6,1
4401,car,4.5,road_loopA_r0,road_loopA_r1,6087.1,6222.6,135.5,1297.9,34.5,1
4398,car,4.5,road_loopA_r0,road_loopA_r1,6085.6,6223.6,138.0,1298.4,33.9,1
4405,car,4.5,road_loopA_r0,road_loopA_r1,6090.0,6226.5,136.5,1298.0,34.2,1
4412,car,4.5,road_loopA_r0,road_loopA_r1,6094.2,6226.6,132.4,1297.8,35.3,1
4400,suv,4.8,road_loopA_r0,road_loopA_r1,6086.2,6226.7,140.5,1298.1,33.3,1
4420,car,4.5,road_loopA_r0,road_loopA_r1,6099.4,6228.1,128.7,1297.3,36.3,1
4402,car,4.5,road_loopA_r0,road_loopA_r1,6088.4,6228.4,140.0,1297.4,33.4,1
4413,car,4.5,road_loopA_r0,road_loopA_r1,6094.4,6230.1,135.7,1297.8,34.4,1
4425,suv,4.8,road_loopA_r0,road_loopA_r1,6104.5,6230.6,126.1,1298.4,37.1,1
4417,car,4.5,road_loopA_r0,road_loopA_r1,6096.7,6231.8,135.1,1297.3,34.6,1
4431,suv,4.8,road_loopA_r0,road_loopA_r1,6108.2,6232.1,123.9,1298.5,37.7,1
4432,car,4.5,road_loopA_r0,road_loopA_r1,6109.0,6233.7,124.7,1297.7,37.5,1
4435,car,4.5,road_loopA_r0,road_loopA_r1,6110.0,6233.7,123.7,1298.6,37.8,1
4424,car,4.5,road_loopA_r0,road_loopA_r1,6103.5,6235.4,131.9,1297.3,35.4,0
4438,car,4.5,road_loopA_r0,road_loopA_r1,6114.3,6235.7,121.4,1298.7,38.5,1
4426,suv,4.8,road_loopA_r0,road_loopA_r1,6104.6,6237.1,132.5,1297.6,35.3,0
4449,car,4.5,road_loopA_r0,road_loopA_r1,6121.5,6238.1,116.6,1298.4,40.1,0
4437,car,4.5,road_loopA_r0,road_loopA_r1,6111.6,6239.0,127.4,1297.9,36.7,0
4441,car,4.5,road_loopA_f0,road_loopA_f1,6115.7,6240.1,124.4,1303.0,37.7,1
4445,car,4.5,road_loopA_r0,road_loopA_r1,6120.4,6240.6,120.2,1297.4,38.9,0
4452,suv,4.8,road_loopA_r0,road_loopA_r1,6131.4,6241.0,109.6,1298.6,42.6,0
4446,suv,4.8,road_loopA_f0,road_loopA_f1,6120.8,6243.3,122.5,1303.1,38.3,1
4454,car,4.5,road_loopA_r0,road_loopA_r1,6132.1,6243.5,111.4,1298.6,42.0,0
4456,car,4.5,road_loopA_r0,road_loopA_r1,6136.6,6245.2,108.6,1298.6,43.1,0
4453,truck,8.5,road_loopA_r0,road_loopA_r1,6131.9,6245.4,113.5,1298.2,41.2,0
4433,truck,8.5,road_loopA_r0,road_loopA_r1,6109.1,6245.9,136.8,1297.8,34.2,1
4443,car,4.5,road_loopA_f0,road_loopA_f1,6117.8,6246.2,128.4,1303.7,36.6,1
4466,car,4.5,road_loopA_r0,road_loopA_r1,6144.7,6247.6,102.9,1298.6,45.4,0
4457,car,4.5,road_loopA_r0,road_loopA_r1,6136.7,6247.9,111.2,1298.1,42.0,0
4468,car,4.5,road_loopA_f0,road_loopA_f1,6150.4,6248.0,97.6,1302.9,48.1,0
4458,truck,8.5,road_loopA_r0,road_loopA_r1,6136.7,6248.5,111.8,1297.4,41.8,0
4436,suv,4.8,road_loopA_r0,road_loopA_r1,6111.0,6249.7,138.7,1298.4,33.7,1
4469,suv,4.8,road_loopA_r0,road_loopA_r1,6154.8,6250.5,95.7,1298.5,48.8,0
4442,car,4.5,road_loopA_f0,road_loopA_f1,6117.0,6250.7,133.7,1302.8,35.1,1
4472,car,4.5,road_loopA_r0,road_loopA_r1,6157.4,6251.9,94.5,1297.8,49.5,0
4471,car,4.5,road_loopA_f0,road_loopA_f1,6157.4,6252.4,95.0,1302.8,49.4,0
4496,car,4.5,road_loopA_f0,xloopA_0Ab,6178.6,6254.1,75.5,505.2,24.1,1
4440,truck,8.5,road_loopA_r0,xloopA_0Bb,6115.6,6254.8,139.2,895.5,23.2,2
4463,car,4.5,road_loopA_f0,road_loopA_f1,6142.6,6256.3,113.7,1302.8,41.3,0
4479,car,4.5,road_loopA_r0,road_loopA_r1,6164.0,6256.9,92.9,1297.6,50.3,0
4448,car,4.5,road_loopA_r0,xloopA_0Bb,6121.1,6257.8,136.7,895.6,23.6,2
4473,car,4.5,road_loopA_r0,road_loopA_r1,6158.0,6257.9,99.9,1297.3,46.7,0
4533,suv,4.8,road_loopA_f0,xloopA_0Ab,6211.5,6258.6,47.1,505.4,38.6,0
4481,car,4.5,road_loopA_r0,road_loopA_r1,6166.3,6259.0,92.7,1297.6,50.4,0
4474,suv,4.8,road_loopA_f0,road_loopA_f1,6158.6,6259.4,100.8,1303.3,46.6,0
4477,suv,4.8,road_loopA_f0,road_loopA_f1,6163.5,6259.4,95.9,1303.3,48.9,0
4461,car,4.5,road_loopA_r0,xloopA_0Bb,6139.4,6260.4,121.0,895.3,26.6,1
4484,car,4.5,road_loopA_f0,road_loopA_f1,6168.9,6261.2,92.3,1303.9,50.9,0
4476,car,4.5,road_loopA_r0,road_loopA_r1,6162.4,6261.4,99.0,1297.6,47.2,0
4486,car,4.5,road_loopA_f0,road_loopA_f1,6169.2,6262.7,93.5,1303.8,50.2,0
4460,suv,4.8,road_loopA_r0,xloopA_0Bb,6139.1,6263.2,124.1,896.0,26.0,1
4482,car,4.5,road_loopA_r0,road_loopA_r1,6166.7,6265.4,98.7,1298.5,47.3,0
4455,car,4.5,road_loopA_f0,road_loopA_f1,6135.9,6266.5,130.6,1303.2,35.9,0
4297,car,4.5,xloopA_0Ba,road_loopA_f1,5984.2,6266.6,282.4,902.8,11.5,1
4480,car,4.5,road_loopA_f0,road_loopA_f1,6165.7,6266.7,101.0,1303.2,46.4,0
4478,car,4.5,road_loopA_f0,road_loopA_f1,6163.8,6267.5,103.7,1303.1,45.3,0
4487,car,4.5,road_loopA_r0,road_loopA_r1,6170.5,6267.6,97.1,1297.9,48.1,0
4490,car,4.5,road_loopA_f0,road_loopA_f1,6171.7,6268.0,96.3,1303.7,48.7,0
4494,car,4.5,road_loopA_r0,road_loopA_r1,6176.0,6268.2,92.2,1298.3,50.7,0
4465,suv,4.8,road_loopA_r0,road_loopA_r1,6143.7,6268.4,124.7,1298.2,37.5,0
4491,car,4.5,xloopA_0Aa,xloopA_0Ab,6173.8,6268.7,94.9,84.1,3.2,1
4350,car,4.5,xloopA_0Ba,xloopA_0Bb,6039.6,6269.3,229.7,84.1,1.3,1
4489,car,4.5,road_loopA_r0,road_loopA_r1,6171.4,6269.5,98.1,1297.6,47.6,0
4485,car,4.5,road_loopA_f0,road_loopA_f1,6169.1,6269.7,100.6,1303.8,46.7,0
4475,suv,4.8,road_loopA_f0,road_loopA_f1,6159.1,6270.2,111.1,1303.5,42.3,0
4488,car,4.5,road_loopA_r0,road_loopA_r1,6171.0,6270.9,99.9,1297.4,46.8,0
4376,car,4.5,xloopA_0Ba,xloopA_0Bb,6070.5,6271.8,201.3,84.2,1.5,1
4483,car,4.5,road_loopA_r0,road_loopA_r1,6167.3,6273.1,105.8,1297.4,44.1,0
4520,car,4.5,xloopA_0Aa,xloopA_0Ab,6198.5,6273.4,74.9,84.6,4.1,1
4384,car,4.5,xloopA_0Ba,xloopA_0Bb,6076.5,6274.0,197.5,84.6,1.5,1
4447,car,4.5,road_loopA_f0,road_loopA_f1,6121.0,6275.6,154.6,1302.9,30.3,1
4396,car,4.5,xloopA_0Ba,xloopA_0Bb,6084.6,6276.1,191.5,84.0,1.6,0
4546,car,4.5,xloopA_0Aa,xloopA_0Ab,6223.5,6277.4,53.9,84.3,5.6,0
4444,suv,4.8,road_loopA_f0,road_loopA_f1,6119.5,6277.7,158.2,1304.0,29.7,1
4429,car,4.5,xloopA_0Ba,xloopA_0Bb,6106.5,6278.5,172.0,84.5,1.8,0
4492,truck,8.5,road_loopA_f0,road_loopA_f1,6173.9,6281.0,107.1,1303.7,43.8,0
4522,car,4.5,road_loopA_r0,xloopA_0Ab,6201.3,6283.7,82.4,869.1,38.0,0
4295,car,4.5,xloopA_0Ba,road_loopA_f1,5982.5,6284.5,302.0,902.9,10.8,1
4500,truck,8.5,road_loopA_f0,road_loopA_f1,6182.6,6289.1,106.5,1303.1,44.1,0
4502,car,4.5,road_loopA_r0,xloopA_0Ab,6184.2,6291.9,107.7,869.1,29.0,2
4513,car,4.5,road_loopA_f0,road_loopA_f1,6191.4,6292.0,100.6,1303.6,46.6,0
4503,car,4.5,road_loopA_f0,road_loopA_f1,6185.1,6294.4,109.3,1303.8,42.9,0
4523,car,4.5,road_loopA_f0,road_loopA_f1,6201.4,6296.2,94.8,1304.0,49.5,0
4528,car,4.5,road_loopA_f0,road_loopA_f1,6209.0,6298.4,89.4,1303.1,52.5,0
4587,suv,4.8,road_loopA_f0,xloopA_0Bb,6259.8,6300.2,40.4,479.2,42.7,0
4589,suv,4.8,road_loopA_f0,xloopA_0Bb,6260.6,6303.6,43.0,478.9,40.1,0
4519,car,4.5,road_loopA_r0,xloopA_0Ab,6198.2,6304.4,106.2,869.0,29.5,2
4501,car,4.5,road_loopA_r0,road_loopA_r1,6184.0,6309.9,125.9,1298.5,37.1,1
4508,car,4.5,road_loopA_r0,road_loopA_r1,6187.1,6312.9,125.8,1297.5,37.1,1
4495,car,4.5,road_loopA_r0,road_loopA_r1,6176.9,6313.0,136.1,1298.5,34.3,1
4498,suv,4.8,road_loopA_r0,road_loopA_r1,6181.4,6314.7,133.3,1298.6,35.1,1
4509,suv,4.8,road_loopA_r0,road_loopA_r1,6187.9,6316.1,128.2,1297.6,36.4,0
4505,car,4.5,road_loopA_r0,road_loopA_r1,6185.9,6316.9,131.0,1298.5,35.7,1
4510,suv,4.8,road_loopA_r0,road_loopA_r1,6189.7,6319.4,129.7,1297.6,36.0,1
4512,suv,4.8,road_loopA_r0,road_loopA_r1,6191.2,6319.5,128.3,1297.7,36.4,1
4514,car,4.5,road_loopA_r0,road_loopA_r1,6191.4,6321.0,129.6,1298.6,36.1,1
4511,suv,4.8,road_loopA_r0,road_loopA_r1,6190.5,6323.6,133.1,1298.1,35.1,1
4517,truck,8.5,road_loopA_r0,road_loopA_r1,6196.9,6324.6,127.7,1297.6,36.6,1
4499,car,4.5,road_loopA_r0,road_loopA_r1,6182.3,6326.7,144.4,1298.6,32.4,1
4521,car,4.5,road_loopA_r0,road_loopA_r1,6198.8,6328.8,130.0,1297.5,35.9,1
4562,car,4.5,road_loopA_r0,xloopA_0Ab,6235.5,6329.7,94.2,869.3,33.2,1
4532,car,4.5,road_loopA_r0,road_loopA_r1,6210.6,6330.4,119.8,1297.6,39.0,1
4526,car,4.5,road_loopA_r0,road_loopA_r1,6203.6,6330.7,127.1,1298.3,36.8,1
4524,car,4.5,xloopA_0Aa,road_loopA_r1,6202.5,6331.3,128.8,506.7,14.2,0
4518,suv,4.8,road_loopA_r0,road_loopA_r1,6197.5,6332.7,135.2,1297.9,34.6,0
4497,truck,8.5,road_loopA_r0,road_loopA_r1,6178.9,6333.5,154.6,1297.5,30.2,1
4536,truck,8.5,road_loopA_r0,road_loopA_r1,6213.9,6334.1,120.2,1298.5,38.9,1
4538,suv,4.8,road_loopA_r0,road_loopA_r1,6217.9,6334.4,116.5,1297.3,40.1,1
4504,car,4.5,road_loopA_r0,road_loopA_r1,6185.6,6335.5,149.9,1297.5,31.2,1
4531,car,4.5,road_loopA_r0,road_loopA_r1,6209.8,6336.4,126.6,1297.5,36.9,0
4506,truck,8.5,road_loopA_r0,road_loopA_r1,6186.1,6337.8,151.7,1298.2,30.8,1
4549,car,4.5,road_loopA_r0,road_loopA_r1,6225.1,6338.1,113.0,1298.2,41.3,0
4553,suv,4.8,road_loopA_r0,road_loopA_r1,6230.0,6338.3,108.3,1297.8,43.1,0
4539,car,4.5,road_loopA_f0,road_loopA_f1,6218.9,6339.1,120.2,1302.9,39.0,1
4525,car,4.5,road_loopA_r0,road_loopA_r1,6203.5,6339.8,136.3,1298.6,34.3,0
4534,truck,8.5,road_loopA_r0,road_loopA_r1,6213.0,6341.3,128.3,1298.2,36.4,0
4544,car,4.5,road_loopA_f0,road_loopA_f1,6223.1,6341.9,118.8,1304.1,39.5,1
4529,car,4.5,road_loopA_f0,road_loopA_f1,6209.2,6342.2,133.0,1303.0,35.3,1
4535,suv,4.8,road_loopA_f0,road_loopA_f1,6213.2,6343.1,129.9,1303.6,36.1,1
4543,truck,8.5,road_loopA_r0,road_loopA_r1,6221.9,6343.3,121.4,1297.7,38.5,0
4552,suv,4.8,road_loopA_f0,road_loopA_f1,6227.7,6343.3,115.6,1302.9,40.6,1
4542,suv,4.8,road_loopA_r0,road_loopA_r1,6221.7,6344.2,122.5,1298.5,38.2,0
4545,suv,4.8,road_loopA_r0,road_loopA_r1,6223.3,6344.3,121.0,1297.3,38.6,0
4557,suv,4.8,road_loopA_f0,road_loopA_f1,6232.9,6344.9,112.0,1303.6,41.9,1
4548,truck,8.5,road_loopA_r0,road_loopA_r1,6224.1,6345.8,121.7,1298.1,38.4,0
4573,car,4.5,road_loopA_r0,road_loopA_r1,6241.2,6346.1,104.9,1297.9,44.5,0
4559,suv,4.8,road_loopA_f0,road_loopA_f1,6233.8,6346.3,112.5,1304.0,41.7,1
4470,car,4.5,road_loopA_r0,xloopA_0Bb,6155.8,6347.0,191.2,895.3,16.9,2
4594,car,4.5,road_loopA_f0,xloopA_0Ab,6265.7,6347.6,81.9,505.2,22.2,1
4554,car,4.5,road_loopA_r0,road_loopA_r1,6230.1,6347.8,117.7,1297.8,39.7,0
4565,suv,4.8,road_loopA_f0,road_loopA_f1,6237.4,6348.0,110.6,1302.9,42.4,1
4541,car,4.5,road_loopA_r0,road_loopA_r1,6220.3,6348.7,128.4,1297.7,36.4,0
4556,car,4.5,road_loopA_r0,road_loopA_r1,6232.7,6349.0,116.3,1298.5,40.2,0
4560,car,4.5,road_loopA_r0,road_loopA_r1,6234.1,6349.6,115.5,1298.1,40.5,0
4567,car,4.5,road_loopA_f0,road_loopA_f1,6238.3,6349.9,111.6,1302.8,42.0,1
4616,truck,8.5,road_loopA_f0,xloopA_0Ab,6289.6,6351.0,61.4,505.4,29.6,1
4564,car,4.5,road_loopA_r0,road_loopA_r1,6236.4,6351.3,114.9,1297.6,40.6,0
4570,suv,4.8,road_loopA_f0,road_loopA_f1,6239.7,6351.8,112.1,1303.9,41.9,1
4571,suv,4.8,road_loopA_r0,road_loopA_r1,6240.3,6352.7,112.4,1298.5,41.6,0
4572,suv,4.8,road_loopA_r0,road_loopA_r1,6240.6,6353.3,112.7,1297.3,41.4,0
4621,car,4.5,road_loopA_f0,xloopA_0Ab,6293.1,6354.0,60.9,505.0,29.9,1
4588,car,4.5,road_loopA_r0,road_loopA_r1,6260.0,6354.6,94.6,1297.5,49.4,0
4574,car,4.5,road_loopA_r0,road_loopA_r1,6241.3,6355.1,113.8,1297.9,41.1,0
4547,car,4.5,road_loopA_f0,road_loopA_f1,6223.7,6355.8,132.1,1304.1,35.5,1
4561,car,4.5,road_loopA_r0,road_loopA_r1,6234.1,6355.8,121.7,1297.5,38.4,0
4626,car,4.5,road_loopA_f0,xloopA_0Ab,6298.0,6356.6,58.6,505.0,31.0,0
4575,car,4.5,road_loopA_r0,road_loopA_r1,6244.4,6356.9,112.5,1298.4,41.6,0
4576,suv,4.8,road_loopA_f0,road_loopA_f1,6246.6,6357.0,110.4,1303.0,42.5,0
4597,car,4.5,road_loopA_r0,road_loopA_r1,6267.5,6358.2,90.7,1298.1,51.5,0
4586,car,4.5,road_loopA_r0,road_loopA_r1,6257.0,6358.4,101.4,1297.4,46.1,0
4585,car,4.5,road_loopA_r0,road_loopA_r1,6256.2,6358.6,102.4,1297.6,45.6,0
4581,car,4.5,road_loopA_f0,road_loopA_f1,6251.4,6359.3,107.9,1303.0,43.5,0
4566,car,4.5,road_loopA_f0,road_loopA_f1,6238.0,6359.5,121.5,1303.3,38.6,0
4569,truck,8.5,road_loopA_f0,road_loopA_f1,6238.9,6360.5,121.6,1303.1,38.6,0
33,tram,34.0,loopB,loopB,2175.5,6360.7,4185.2,33673.2,29.0,40
4464,car,4.5,xloopA_0Ba,xloopA_0Bb,6143.1,6363.8,220.7,84.2,1.4,1
4550,car,4.5,xloopA_0Aa,xloopA_0Ab,6225.6,6364.7,139.1,84.1,2.2,1
4579,suv,4.8,road_loopA_f0,road_loopA_f1,6250.9,6365.2,114.3,1303.8,41.1,0
4530,car,4.5,road_loopA_f0,road_loopA_f1,6209.5,6365.4,155.9,1303.3,30.1,1
4507,bus,11.0,road_loopA_r0,road_loopA_r1,6186.2,6365.8,179.6,1298.2,26.0,2
4604,suv,4.8,road_loopA_f0,road_loopA_f1,6276.7,6367.0,90.3,1304.2,52.0,0
4590,suv,4.8,road_loopA_f0,road_loopA_f1,6260.8,6367.1,106.3,1303.0,44.1,0
4631,car,4.5,xloopA_0Aa,xloopA_0Ab,6307.8,6367.2,59.4,84.8,5.1,1
4527,car,4.5,xloopA_0Ba,xloopA_0Bb,6207.3,6367.8,160.5,84.6,1.9,1
4578,truck,8.5,road_loopA_r0,road_loopA_r1,6250.5,6368.1,117.6,1298.1,39.8,0
4601,car,4.5,road_loopA_f0,road_loopA_f1,6272.1,6369.1,97.0,1302.9,48.4,0
4595,suv,4.8,road_loopA_f0,road_loopA_f1,6266.7,6369.3,102.6,1303.9,45.8,0
4695,car,4.5,xloopA_0Aa,xloopA_0Ab,6355.6,6369.3,13.7,84.1,22.2,0
4602,car,4.5,road_loopA_f0,road_loopA_f1,6276.1,6371.1,95.0,1303.1,49.4,0
4558,car,4.5,xloopA_0Ba,xloopA_0Bb,6233.4,6371.4,138.0,84.6,2.2,0
4607,suv,4.8,road_loopA_f0,road_loopA_f1,6278.5,6374.6,96.1,1303.9,48.9,0
4611,car,4.5,road_loopA_f0,road_loopA_f1,6283.5,6376.3,92.8,1304.0,50.6,0
4599,suv,4.8,road_loopA_f0,road_loopA_f1,6268.2,6378.0,109.8,1303.7,42.8,0
4540,car,4.5,road_loopA_f0,road_loopA_f1,6219.5,6380.5,161.0,1303.4,29.1,1
4605,suv,4.8,road_loopA_f0,road_loopA_f1,6276.9,6383.6,106.7,1303.2,44.0,0
4662,suv,4.8,road_loopA_f0,xloopA_0Bb,6331.7,6383.8,52.1,479.0,33.1,1
4615,car,4.5,road_loopA_f0,road_loopA_f1,6288.6,6383.9,95.3,1303.3,49.2,0
4591,car,4.5,road_loopA_f0,road_loopA_f1,6262.3,6385.7,123.4,1303.8,38.0,0
4637,car,4.5,road_loopA_r0,xloopA_0Ab,6313.2,6385.7,72.5,869.2,43.1,0
4582,suv,4.8,road_loopA_f0,road_loopA_f1,6252.0,6388.0,136.0,1304.1,34.5,0
4583,car,4.5,road_loopA_f0,road_loopA_f1,6252.4,6390.8,138.4,1303.2,33.9,0
4516,car,4.5,xloopA_0Aa,road_loopA_f1,6196.4,6391.8,195.4,872.6,16.1,1
4537,truck,8.5,road_loopA_f0,road_loopA_f1,6213.9,6392.0,178.1,1303.7,26.4,1
4555,truck,8.5,road_loopA_f0,road_loopA_f1,6232.6,6393.5,160.9,1303.8,29.2,0
4618,car,4.5,road_loopA_f0,road_loopA_f1,6291.1,6394.3,103.2,1303.4,45.5,0
4563,suv,4.8,road_loopA_f0,road_loopA_f1,6235.9,6394.8,158.9,1302.9,29.5,0
4580,car,4.5,road_loopA_f0,road_loopA_f1,6251.3,6395.8,144.5,1303.6,32.5,0
4577,car,4.5,road_loopA_f0,road_loopA_f1,6247.8,6396.6,148.8,1303.7,31.5,0
4629,car,4.5,road_loopA_r0,xloopA_0Ab,6304.6,6404.6,100.0,869.1,31.3,1
4600,car,4.5,road_loopA_r0,road_loopA_r1,6270.5,6411.8,141.3,1297.7,33.1,1
4584,car,4.5,road_loopA_r0,road_loopA_r1,6256.1,6413.1,157.0,1297.7,29.8,1
4606,car,4.5,road_loopA_r0,road_loopA_r1,6277.1,6414.8,137.7,1297.7,33.9,1
4620,car,4.5,road_loopA_r0,road_loopA_r1,6291.7,6415.1,123.4,1298.3,37.9,0
4617,car,4.5,road_loopA_r0,road_loopA_r1,6290.8,6417.0,126.2,1298.1,37.0,1
4638,car,4.5,road_loopA_r0,road_loopA_r1,6313.5,6419.1,105.6,1298.2,44.2,0
4598,suv,4.8,road_loopA_r0,road_loopA_r1,6268.0,6421.4,153.4,1298.1,30.5,1
4551,car,4.5,xloopA_0Ba,road_loopA_r1,6226.6,6422.3,195.7,476.5,8.8,0
4624,suv,4.8,road_loopA_r0,road_loopA_r1,6296.2,6423.7,127.5,1297.6,36.6,1
4656,suv,4.8,road_loopA_r0,road_loopA_r1,6326.0,6424.5,98.5,1297.9,47.4,0
4612,truck,8.5,road_loopA_r0,road_loopA_r1,6283.9,6425.2,141.3,1298.2,33.1,1
4628,car,4.5,road_loopA_r0,road_loopA_r1,6301.5,6426.3,124.8,1298.4,37.4,1
4515,car,4.5,xloopA_0Ba,road_loopA_r1,6192.5,6427.0,234.5,476.1,7.3,1
4609,car,4.5,road_loopA_r0,road_loopA_r1,6282.5,6427.5,145.0,1297.7,32.2,1
4632,car,4.5,road_loopA_f0,road_loopA_f1,6308.2,6429.1,120.9,1303.7,38.8,1
4633,car,4.5,road_loopA_f0,road_loopA_f1,6308.4,6429.1,120.7,1303.6,38.9,1
4643,car,4.5,road_loopA_r0,road_loopA_r1,6316.7,6429.2,112.5,1298.1,41.5,0
4654,car,4.5,road_loopA_r0,road_loopA_r1,6325.1,6430.1,105.0,1297.7,44.5,0
4592,car,4.5,xloopA_0Aa,road_loopA_r1,6263.6,6430.6,167.0,506.6,10.9,1
4635,car,4.5,road_loopA_f0,road_loopA_f1,6309.7,6430.9,121.2,1303.0,38.7,1
4614,car,4.5,road_loopA_r0,road_loopA_r1,6286.7,6431.1,144.4,1297.5,32.3,1
4666,suv,4.8,road_loopA_r0,road_loopA_r1,6336.5,6431.8,95.3,1297.5,49.0,0
4596,car,4.5,road_loopA_r0,road_loopA_r1,6267.0,6432.3,165.3,1298.1,28.3,1
4658,car,4.5,road_loopA_r0,road_loopA_r1,6327.8,6432.9,105.1,1298.4,44.5,0
4593,bus,11.0,road_loopA_r0,road_loopA_r1,6264.0,6433.6,169.6,1297.3,27.5,2
4603,car,4.5,road_loopA_r0,road_loopA_r1,6276.1,6433.9,157.8,1297.7,29.6,1
4663,suv,4.8,road_loopA_r0,road_loopA_r1,6333.1,6434.6,101.5,1298.2,46.0,0
4664,car,4.5,road_loopA_r0,road_loopA_r1,6333.6,6434.6,101.0,1298.4,46.3,0
4608,car,4.5,road_loopA_r0,road_loopA_r1,6281.6,6435.6,154.0,1298.3,30.3,1
4640,car,4.5,road_loopA_f0,road_loopA_f1,6314.3,6436.1,121.8,1302.9,38.5,1
4623,car,4.5,road_loopA_r0,road_loopA_r1,6294.4,6436.5,142.1,1297.4,32.9,1
4644,car,4.5,road_loopA_f0,road_loopA_f1,6317.8,6437.6,119.8,1304.1,39.2,1
4660,car,4.5,road_loopA_r0,road_loopA_r1,6329.3,6437.7,108.4,1298.2,43.1,0
4646,car,4.5,road_loopA_f0,road_loopA_f1,6320.9,6437.8,116.9,1304.2,40.1,1
4610,truck,8.5,road_loopA_r0,road_loopA_r1,6282.5,6437.9,155.4,1298.4,30.1,1
4625,car,4.5,road_loopA_r0,road_loopA_r1,6297.2,6438.3,141.1,1298.1,33.1,1
4648,suv,4.8,road_loopA_f0,road_loopA_f1,6322.1,6439.5,117.4,1302.9,39.9,1
4619,car,4.5,road_loopA_r0,road_loopA_r1,6291.5,6439.8,148.3,1297.5,31.5,1
4647,car,4.5,road_loopA_f0,road_loopA_f1,6321.3,6440.4,119.1,1303.4,39.4,1
4630,car,4.5,road_loopA_r0,xloopA_0Bb,6307.1,6440.5,133.4,895.4,24.2,1
4639,suv,4.8,road_loopA_r0,road_loopA_r1,6314.1,6440.5,126.4,1298.0,37.0,0
4634,truck,8.5,road_loopA_f0,road_loopA_f1,6309.2,6440.8,131.6,1303.4,35.6,1
72,tram,34.0,loopA,loopA,2218.9,6441.0,4222.1,33703.5,28.7,40
4659,car,4.5,road_loopA_f0,xloopA_0Ab,6328.7,6441.1,112.4,505.2,16.2,1
4665,car,4.5,road_loopA_r0,road_loopA_r1,6336.3,6441.1,104.8,1297.5,44.6,0
4627,car,4.5,road_loopA_r0,road_loopA_r1,6298.7,6441.7,143.0,1298.5,32.7,1
4650,suv,4.8,road_loopA_f0,road_loopA_f1,6322.6,6442.3,119.7,1304.2,39.2,1
4678,car,4.5,road_loopA_r0,road_loopA_r1,6346.8,6442.8,96.0,1297.5,48.6,0
4674,car,4.5,road_loopA_r0,road_loopA_r1,6344.8,6442.9,98.1,1297.3,47.6,0
4673,car,4.5,road_loopA_f0,xloopA_0Ab,6343.6,6443.7,100.1,505.2,18.2,1
4681,car,4.5,road_loopA_r0,road_loopA_r1,6348.4,6444.4,96.0,1298.3,48.7,0
4652,car,4.5,road_loopA_f0,road_loopA_f1,6324.3,6444.8,120.5,1303.2,38.9,1
4653,car,4.5,road_loopA_f0,road_loopA_f1,6324.9,6445.6,120.7,1303.9,38.9,1
4669,car,4.5,road_loopA_r0,road_loopA_r1,6342.4,6446.1,103.7,1297.7,45.0,0
4682,car,4.5,road_loopA_r0,road_loopA_r1,6348.5,6446.1,97.6,1297.3,47.8,0
4715,suv,4.8,road_loopA_f0,xloopA_0Ab,6381.3,6446.4,65.1,505.4,28.0,1
4661,car,4.5,road_loopA_f0,road_loopA_f1,6329.6,6446.6,117.0,1303.2,40.1,1
4676,suv,4.8,road_loopA_r0,road_loopA_r1,6346.4,6447.9,101.5,1298.3,46.0,0
4679,car,4.5,road_loopA_r0,road_loopA_r1,6346.8,6448.8,102.0,1297.7,45.8,0
4636,suv,4.8,road_loopA_f0,road_loopA_f1,6309.6,6449.2,139.6,1303.4,33.6,1
4641,suv,4.8,road_loopA_f0,road_loopA_f1,6315.2,6449.3,134.1,1304.0,35.0,1
4668,suv,4.8,road_loopA_f0,road_loopA_f1,6341.6,6450.4,108.8,1302.9,43.1,0
4670,car,4.5,road_loopA_f0,road_loopA_f1,6342.5,6450.4,107.9,1304.2,43.5,0
4645,truck,8.5,road_loopA_f0,road_loopA_f1,6320.3,6451.8,131.5,1303.6,35.7,1
4694,car,4.5,road_loopA_f0,road_loopA_f1,6355.5,6452.3,96.8,1303.4,48.5,0
4677,car,4.5,road_loopA_f0,road_loopA_f1,6346.5,6452.7,106.2,1303.9,44.2,0
4700,car,4.5,xloopA_0Aa,xloopA_0Ab,6367.8,6453.7,85.9,84.6,3.5,1
4649,car,4.5,road_loopA_f0,road_loopA_f1,6322.3,6454.1,131.8,1303.0,35.6,1
4697,suv,4.8,road_loopA_r0,road_loopA_r1,6359.1,6454.2,95.1,1297.6,49.1,0
4568,car,4.5,xloopA_0Ba,xloopA_0Bb,6238.7,6454.4,215.7,84.7,1.4,1
4696,suv,4.8,road_loopA_r0,road_loopA_r1,6356.2,6455.4,99.2,1297.8,47.1,0
4671,suv,4.8,road_loopA_f0,road_loopA_f1,6342.7,6455.9,113.2,1303.5,41.4,0
4684,car,4.5,road_loopA_f0,road_loopA_f1,6350.5,6456.0,105.5,1303.9,44.5,0
4728,car,4.5,xloopA_0Aa,xloopA_0Ab,6394.0,6456.0,62.0,84.0,4.9,1
4667,car,4.5,road_loopA_f0,road_loopA_f1,6340.8,6456.2,115.4,1303.7,40.7,0
4622,bus,11.0,road_loopA_f0,road_loopA_f1,6293.4,6456.5,163.1,1303.5,28.8,2
4613,car,4.5,xloopA_0Ba,xloopA_0Bb,6284.5,6456.5,172.0,84.7,1.8,1
4683,suv,4.8,road_loopA_f0,road_loopA_f1,6350.2,6457.6,107.4,1303.2,43.7,0
4767,car,4.5,xloopA_0Aa,xloopA_0Ab,6427.6,6458.1,30.5,84.1,9.9,1
4686,car,4.5,road_loopA_f0,road_loopA_f1,6350.8,6458.3,107.5,1303.4,43.7,0
4642,car,4.5,xloopA_0Ba,xloopA_0Bb,6315.4,6458.6,143.2,84.1,2.1,1
4685,truck,8.5,road_loopA_f0,road_loopA_f1,6350.4,6459.1,108.7,1303.1,43.2,0
4688,suv,4.8,road_loopA_f0,road_loopA_f1,6351.6,6459.7,108.1,1303.6,43.4,0
4687,car,4.5,road_loopA_f0,road_loopA_f1,6350.9,6461.3,110.4,1304.2,42.5,0
4672,car,4.5,road_loopA_f0,road_loopA_f1,6343.2,6461.4,118.2,1303.6,39.7,0
4691,suv,4.8,road_loopA_f0,road_loopA_f1,6353.4,6461.4,108.0,1302.9,43.4,0
4655,car,4.5,xloopA_0Ba,xloopA_0Bb,6325.1,6462.1,137.0,84.1,2.2,0
4680,car,4.5,road_loopA_f0,road_loopA_f1,6346.9,6463.2,116.3,1303.7,40.3,0
4692,suv,4.8,road_loopA_f0,road_loopA_f1,6354.1,6463.2,109.1,1303.1,43.0,0
4693,car,4.5,road_loopA_f0,road_loopA_f1,6355.3,6463.2,107.9,1303.4,43.5,0
4657,car,4.5,xloopA_0Ba,xloopA_0Bb,6327.0,6464.1,137.1,84.2,2.2,0
4703,car,4.5,road_loopA_f0,road_loopA_f1,6369.6,6465.5,95.9,1303.1,48.9,0
4690,truck,8.5,road_loopA_f0,road_loopA_f1,6353.2,6466.6,113.4,1303.7,41.4,0
4706,car,4.5,road_loopA_f0,road_loopA_f1,6372.4,6469.3,96.9,1302.8,48.4,0
4675,car,4.5,road_loopA_r0,xloopA_0Ab,6345.2,6469.7,124.5,869.0,25.1,2
4689,car,4.5,road_loopA_f0,road_loopA_f1,6352.9,6471.0,118.1,1303.2,39.7,0
4731,truck,8.5,road_loopA_f0,xloopA_0Bb,6397.7,6472.7,75.0,478.5,23.0,1
4701,car,4.5,road_loopA_f0,road_loopA_f1,6369.0,6472.8,103.8,1303.7,45.2,0
4702,suv,4.8,road_loopA_f0,road_loopA_f1,6369.4,6476.1,106.7,1303.4,44.0,0
4721,suv,4.8,road_loopA_r0,xloopA_0Ab,6388.2,6478.7,90.5,869.4,34.6,2
4717,suv,4.8,road_loopA_f0,road_loopA_f1,6385.7,6480.3,94.6,1303.7,49.6,0
4723,suv,4.8,road_loopA_r0,xloopA_0Ab,6390.6,6482.4,91.8,869.4,34.1,1
4708,truck,8.5,road_loopA_f0,road_loopA_f1,6375.0,6482.7,107.7,1302.9,43.5,0
4711,car,4.5,road_loopA_f0,road_loopA_f1,6376.5,6484.5,108.0,1303.7,43.4,0
4707,truck,8.5,road_loopA_f0,road_loopA_f1,6374.7,6486.1,111.4,1302.9,42.1,0
4713,suv,4.8,road_loopA_r0,xloopA_0Ab,6378.5,6486.1,107.6,869.3,29.1,1
4719,car,4.5,road_loopA_f0,road_loopA_f1,6386.4,6487.6,101.2,1303.9,46.4,0
4726,car,4.5,road_loopA_f0,road_loopA_f1,6392.8,6489.2,96.4,1303.5,48.7,0
4698,suv,4.8,road_loopA_f0,road_loopA_f1,6360.4,6492.7,132.3,1302.8,35.4,0
4722,car,4.5,road_loopA_f0,road_loopA_f1,6390.1,6492.8,102.7,1302.9,45.7,0
4704,suv,4.8,road_loopA_r0,road_loopA_r1,6371.2,6496.2,125.0,1297.3,37.4,1
4724,car,4.5,road_loopA_r0,road_loopA_r1,6391.2,6504.6,113.4,1297.8,41.2,0
4712,car,4.5,road_loopA_r0,road_loopA_r1,6376.8,6505.1,128.3,1297.7,36.4,1
4733,suv,4.8,road_loopA_r0,road_loopA_r1,6398.5,6505.4,106.9,1298.6,43.7,0
4739,car,4.5,road_loopA_r0,road_loopA_r1,6402.6,6506.4,103.8,1298.1,45.0,0
4727,suv,4.8,road_loopA_r0,road_loopA_r1,6392.9,6508.2,115.3,1297.8,40.5,0
4749,car,4.5,road_loopA_r0,road_loopA_r1,6410.6,6508.9,98.3,1298.0,47.6,0
4737,car,4.5,road_loopA_r0,road_loopA_r1,6401.8,6509.9,108.1,1297.3,43.2,0
4785,car,4.5,xloopA_0Aa,road_loopA_r1,6438.3,6510.4,72.1,506.9,25.3,0
4751,car,4.5,road_loopA_r0,road_loopA_r1,6412.0,6511.4,99.4,1298.1,47.0,0
4744,car,4.5,road_loopA_r0,road_loopA_r1,6407.0,6511.8,104.8,1298.2,44.6,0
4709,suv,4.8,road_loopA_r0,road_loopA_r1,6375.5,6512.1,136.6,1298.5,34.2,1
4755,car,4.5,road_loopA_r0,road_loopA_r1,6414.7,6512.6,97.9,1297.5,47.7,0
4714,car,4.5,road_loopA_r0,road_loopA_r1,6379.8,6513.8,134.0,1298.0,34.9,1
4760,car,4.5,road_loopA_r0,road_loopA_r1,6422.0,6514.4,92.4,1298.1,50.6,0
4718,car,4.5,road_loopA_r0,road_loopA_r1,6385.8,6515.4,129.6,1297.6,36.1,1
4720,car,4.5,road_loopA_r0,road_loopA_r1,6387.1,6515.5,128.4,1298.0,36.4,1
4735,suv,4.8,road_loopA_r0,road_loopA_r1,6399.6,6517.2,117.6,1298.3,39.7,0
4716,car,4.5,road_loopA_r0,road_loopA_r1,6384.5,6517.4,132.9,1298.0,35.2,1
4738,car,4.5,road_loopA_r0,road_loopA_r1,6402.5,6519.0,116.5,1298.6,40.1,0
4766,car,4.5,road_loopA_r0,xloopA_0Ab,6427.3,6519.1,91.8,869.0,34.1,1
4729,suv,4.8,road_loopA_r0,road_loopA_r1,6395.7,6519.2,123.5,1297.9,37.8,1
4740,car,4.5,road_loopA_r0,road_loopA_r1,6402.6,6519.3,116.7,1297.5,40.0,0
4764,suv,4.8,road_loopA_r0,road_loopA_r1,6425.7,6520.1,94.4,1297.8,49.5,0
4758,car,4.5,road_loopA_r0,road_loopA_r1,6419.6,6520.8,101.2,1297.4,46.2,0
4747,car,4.5,road_loopA_r0,road_loopA_r1,6408.8,6521.0,112.2,1297.6,41.6,0
4765,car,4.5,road_loopA_r0,road_loopA_r1,6426.9,6522.1,95.2,1298.7,49.1,0
4734,car,4.5,road_loopA_f0,road_loopA_f1,6399.4,6522.6,123.2,1303.5,38.1,1
4769,car,4.5,road_loopA_r0,road_loopA_r1,6428.4,6522.6,94.2,1297.4,49.6,0
4750,bus,11.0,road_loopA_r0,road_loopA_r1,6411.0,6524.6,113.6,1297.5,41.1,0
4743,suv,4.8,road_loopA_f0,road_loopA_f1,6406.7,6525.9,119.2,1303.5,39.4,1
4763,truck,8.5,road_loopA_r0,road_loopA_r1,6424.9,6527.3,102.4,1298.1,45.6,0
4746,car,4.5,road_loopA_f0,road_loopA_f1,6408.0,6528.9,120.9,1304.1,38.8,1
4784,suv,4.8,road_loopA_r0,road_loopA_r1,6438.1,6530.9,92.8,1298.6,50.4,0
4736,car,4.5,road_loopA_f0,road_loopA_f1,6401.3,6531.2,129.9,1303.8,36.1,1
4770,truck,8.5,road_loopA_r0,road_loopA_r1,6428.5,6533.7,105.2,1298.1,44.4,0
4781,car,4.5,road_loopA_r0,road_loopA_r1,6436.1,6533.7,97.6,1298.4,47.9,0
4756,car,4.5,road_loopA_f0,road_loopA_f1,6417.0,6533.8,116.8,1302.9,40.1,1
4725,suv,4.8,road_loopA_r0,xloopA_0Bb,6392.3,6534.1,141.8,895.8,22.8,1
4786,car,4.5,road_loopA_f0,xloopA_0Ab,6439.1,6534.6,95.5,505.1,19.0,1
4772,car,4.5,road_loopA_r0,road_loopA_r1,6429.8,6534.7,104.9,1297.7,44.5,0
4748,suv,4.8,road_loopA_f0,road_loopA_f1,6410.4,6535.4,125.0,1303.0,37.5,1
4752,car,4.5,road_loopA_f0,road_loopA_f1,6413.3,6535.6,122.3,1303.1,38.3,1
4774,car,4.5,road_loopA_r0,road_loopA_r1,6429.9,6535.6,105.7,1298.0,44.2,0
4776,car,4.5,road_loopA_r0,road_loopA_r1,6432.3,6536.4,104.1,1297.6,44.9,0
4768,car,4.5,road_loopA_r0,xloopA_0Bb,6428.0,6536.7,108.7,895.5,29.7,1
4798,car,4.5,road_loopA_f0,xloopA_0Ab,6449.8,6537.2,87.4,505.1,20.8,1
4779,car,4.5,road_loopA_r0,road_loopA_r1,6435.0,6537.4,102.4,1298.0,45.6,0
4792,suv,4.8,road_loopA_r0,road_loopA_r1,6444.6,6537.4,92.8,1297.5,50.4,0
4730,suv,4.8,road_loopA_f0,road_loopA_f1,6397.4,6537.5,140.1,1303.3,33.5,1
4790,truck,8.5,road_loopA_r0,road_loopA_r1,6441.5,6538.6,97.1,1298.0,48.1,0
4782,car,4.5,road_loopA_r0,road_loopA_r1,6436.2,6539.2,103.0,1298.4,45.4,0
4777,car,4.5,road_loopA_r0,xloopA_0Bb,6433.6,6539.4,105.8,895.8,30.5,1
4742,car,4.5,road_loopA_f0,road_loopA_f1,6406.7,6539.5,132.8,1303.2,35.3,1
4835,suv,4.8,road_loopA_f0,xloopA_0Ab,6474.5,6539.9,65.4,505.4,27.8,1
4787,car,4.5,road_loopA_r0,road_loopA_r1,6439.6,6540.9,101.3,1297.3,46.1,0
4834,car,4.5,road_loopA_f0,xloopA_0Ab,6473.7,6542.6,68.9,505.3,26.4,1
4795,car,4.5,road_loopA_r0,road_loopA_r1,6447.4,6545.0,97.6,1298.5,47.9,0
4762,suv,4.8,road_loopA_f0,road_loopA_f1,6423.6,6545.9,122.3,1303.8,38.4,0
4797,car,4.5,road_loopA_r0,road_loopA_r1,6449.1,6546.7,97.6,1298.0,47.9,0
4800,car,4.5,road_loopA_r0,road_loopA_r1,6450.7,6547.0,96.3,1297.9,48.5,0
4789,truck,8.5,road_loopA_r0,road_loopA_r1,6441.0,6547.4,106.4,1297.8,43.9,0
4788,car,4.5,road_loopA_f0,road_loopA_f1,6440.7,6548.0,107.3,1303.2,43.7,0
4802,car,4.5,road_loopA_r0,road_loopA_r1,6451.7,6548.5,96.8,1297.8,48.3,0
4812,car,4.5,road_loopA_r0,road_loopA_r1,6456.6,6548.8,92.2,1298.5,50.7,0
4796,suv,4.8,road_loopA_r0,road_loopA_r1,6448.4,6549.5,101.1,1297.6,46.2,0
4819,car,4.5,xloopA_0Aa,xloopA_0Ab,6461.9,6549.6,87.7,84.7,3.5,1
4759,car,4.5,road_loopA_f0,road_loopA_f1,6422.0,6549.8,127.8,1303.6,36.7,0
4699,car,4.5,xloopA_0Ba,xloopA_0Bb,6362.4,6550.2,187.8,84.3,1.6,1
4810,suv,4.8,road_loopA_r0,road_loopA_r1,6456.3,6550.2,93.9,1298.2,49.8,0
4804,truck,8.5,road_loopA_f0,road_loopA_f1,6453.8,6550.3,96.5,1304.1,48.6,0
4808,suv,4.8,road_loopA_r0,road_loopA_r1,6455.4,6551.2,95.8,1297.3,48.7,0
4817,suv,4.8,road_loopA_r0,road_loopA_r1,6460.4,6551.2,90.8,1297.3,51.5,0
4780,car,4.5,road_loopA_f0,road_loopA_f1,6435.1,6551.3,116.2,1303.7,40.4,0
4775,car,4.5,road_loopA_f0,road_loopA_f1,6430.8,6551.5,120.7,1302.9,38.8,0
4818,car,4.5,road_loopA_r0,road_loopA_r1,6461.6,6552.0,90.4,1297.5,51.7,0
4806,car,4.5,road_loopA_r0,road_loopA_r1,6454.7,6553.0,98.3,1297.8,47.5,0
4807,car,4.5,road_loopA_f0,road_loopA_f1,6454.9,6553.0,98.1,1303.8,47.9,0
4710,car,4.5,xloopA_0Ba,xloopA_0Bb,6376.2,6553.3,177.1,84.1,1.7,1
4793,suv,4.8,road_loopA_f0,road_loopA_f1,6444.9,6553.5,108.6,1303.9,43.2,0
4801,car,4.5,road_loopA_f0,road_loopA_f1,6451.3,6553.9,102.6,1304.0,45.8,0
4814,car,4.5,road_loopA_f0,road_loopA_f1,6459.0,6554.8,95.8,1303.8,49.0,0
4773,suv,4.8,road_loopA_f0,road_loopA_f1,6429.9,6556.0,126.1,1303.4,37.2,0
4820,suv,4.8,road_loopA_f0,road_loopA_f1,6462.1,6556.5,94.4,1303.0,49.7,0
4778,car,4.5,road_loopA_f0,road_loopA_f1,6434.2,6557.5,123.3,1304.1,38.1,0
4824,car,4.5,road_loopA_f0,road_loopA_f1,6463.7,6558.3,94.6,1303.4,49.6,0
4783,car,4.5,road_loopA_f0,road_loopA_f1,6436.7,6559.1,122.4,1303.1,38.3,0
4754,car,4.5,xloopA_0Ba,xloopA_0Bb,6413.9,6559.8,145.9,84.1,2.1,0
4741,bus,11.0,road_loopA_r0,road_loopA_r1,6402.9,6560.2,157.3,1297.5,29.7,2
4827,car,4.5,road_loopA_f0,road_loopA_f1,6470.3,6560.8,90.5,1303.9,51.9,0
4791,car,4.5,road_loopA_f0,road_loopA_f1,6442.1,6560.9,118.8,1303.0,39.5,0
4651,car,4.5,xloopA_0Ba,road_loopA_f1,6324.3,6562.2,237.9,902.5,13.7,0
4732,car,4.5,road_loopA_f0,road_loopA_f1,6398.1,6563.8,165.7,1302.8,28.3,1
4805,car,4.5,road_loopA_f0,road_loopA_f1,6453.9,6564.0,110.1,1303.5,42.6,0
4828,car,4.5,road_loopA_f0,road_loopA_f1,6471.2,6564.9,93.7,1303.0,50.0,0
4753,suv,4.8,road_loopA_f0,road_loopA_f1,6413.6,6565.5,151.9,1303.4,30.9,1
4813,truck,8.5,road_loopA_f0,road_loopA_f1,6458.8,6566.6,107.8,1303.9,43.5,0
4837,car,4.5,road_loopA_f0,road_loopA_f1,6475.8,6566.7,90.9,1303.9,51.7,0
4757,car,4.5,road_loopA_f0,road_loopA_f1,6419.5,6567.3,147.8,1303.1,31.7,1
4823,car,4.5,road_loopA_f0,road_loopA_f1,6463.4,6568.5,105.1,1302.8,44.6,0
4761,car,4.5,road_loopA_f0,road_loopA_f1,6423.4,6569.2,145.8,1302.9,32.2,0
4833,car,4.5,road_loopA_f0,road_loopA_f1,6472.3,6569.7,97.4,1303.9,48.2,0
4809,suv,4.8,road_loopA_f0,road_loopA_f1,6455.4,6571.1,115.7,1304.1,40.6,0
4799,truck,8.5,road_loopA_f0,road_loopA_f1,6450.2,6571.4,121.2,1304.0,38.7,0
4822,suv,4.8,road_loopA_f0,road_loopA_f1,6463.1,6571.4,108.3,1304.0,43.3,0
4854,car,4.5,road_loopA_f0,xloopA_0Bb,6488.4,6572.3,83.9,478.8,20.6,1
4847,car,4.5,road_loopA_r0,xloopA_0Ab,6481.4,6573.1,91.7,868.9,34.1,1
4844,car,4.5,road_loopA_f0,road_loopA_f1,6479.6,6573.2,93.6,1303.0,50.1,0
4803,car,4.5,road_loopA_f0,road_loopA_f1,6453.6,6573.4,119.8,1303.0,39.2,0
4816,truck,8.5,road_loopA_f0,road_loopA_f1,6460.3,6574.0,113.7,1303.8,41.3,0
4851,car,4.5,road_loopA_f0,road_loopA_f1,6486.0,6576.2,90.2,1303.9,52.0,0
4839,suv,4.8,road_loopA_r0,xloopA_0Ab,6476.7,6576.7,100.0,869.4,31.3,1
4841,car,4.5,road_loopA_f0,road_loopA_f1,6478.4,6577.3,98.9,1303.3,47.4,0
4843,car,4.5,road_loopA_f0,road_loopA_f1,6479.0,6578.7,99.7,1303.9,47.1,0
4853,car,4.5,road_loopA_f0,road_loopA_f1,6488.1,6579.5,91.4,1303.7,51.3,0
4848,car,4.5,road_loopA_f0,road_loopA_f1,6482.3,6580.4,98.1,1303.1,47.8,0
4903,suv,4.8,road_loopA_f0,xloopA_0Bb,6537.4,6582.4,45.0,479.1,38.3,0
4821,car,4.5,road_loopA_r0,road_loopA_r1,6462.4,6588.8,126.4,1298.4,37.0,1
4829,truck,8.5,road_loopA_f0,road_loopA_f1,6471.6,6588.8,117.2,1303.0,40.0,0
4912,car,4.5,road_loopA_f0,xloopA_0Bb,6552.0,6592.6,40.6,478.9,42.4,0
4831,car,4.5,road_loopA_r0,road_loopA_r1,6471.8,6593.5,121.7,1298.3,38.4,1
4845,car,4.5,road_loopA_r0,road_loopA_r1,6481.1,6595.4,114.3,1298.2,40.9,1
4842,car,4.5,road_loopA_r0,road_loopA_r1,6478.9,6598.0,119.1,1297.3,39.2,1
4846,truck,8.5,road_loopA_r0,road_loopA_r1,6481.0,6600.3,119.3,1298.2,39.2,1
4850,car,4.5,road_loopA_r0,road_loopA_r1,6485.1,6602.1,117.0,1297.8,39.9,1
4862,car,4.5,road_loopA_r0,road_loopA_r1,6495.6,6604.7,109.1,1298.4,42.8,0
4880,car,4.5,road_loopA_r0,xloopA_0Ab,6512.6,6607.0,94.4,869.0,33.1,1
4875,car,4.5,road_loopA_r0,road_loopA_r1,6507.4,6607.4,100.0,1297.8,46.7,0
4872,car,4.5,road_loopA_r0,road_loopA_r1,6504.0,6610.1,106.1,1297.9,44.1,0
4907,car,4.5,road_loopA_r0,xloopA_0Ab,6542.7,6610.3,67.6,869.2,46.3,0
4745,car,4.5,xloopA_0Ba,road_loopA_r1,6407.6,6611.3,203.7,476.7,8.4,0
4885,suv,4.8,road_loopA_r0,road_loopA_r1,6516.6,6611.8,95.2,1298.2,49.1,0
4830,suv,4.8,road_loopA_r0,road_loopA_r1,6471.7,6612.9,141.2,1297.6,33.1,1
4705,car,4.5,xloopA_0Ba,road_loopA_r1,6371.5,6613.6,242.1,476.6,7.1,1
4852,car,4.5,road_loopA_r0,road_loopA_r1,6486.3,6614.7,128.4,1298.2,36.4,0
4882,suv,4.8,road_loopA_r0,road_loopA_r1,6514.8,6614.8,100.0,1298.0,46.8,0
4825,car,4.5,road_loopA_r0,road_loopA_r1,6468.5,6615.2,146.7,1297.3,31.8,1
4857,car,4.5,road_loopA_f0,road_loopA_f1,6492.9,6616.1,123.2,1303.7,38.1,1
4864,car,4.5,road_loopA_r0,road_loopA_r1,6496.6,6616.4,119.8,1298.3,39.0,0
4815,car,4.5,road_loopA_r0,road_loopA_r1,6459.3,6617.0,157.7,1298.1,29.6,1
4891,suv,4.8,road_loopA_r0,road_loopA_r1,6524.1,6617.7,93.6,1298.0,49.9,0
4838,car,4.5,road_loopA_r0,road_loopA_r1,6476.6,6618.6,142.0,1297.7,32.9,0
4826,truck,8.5,road_loopA_r0,road_loopA_r1,6469.4,6619.1,149.7,1297.6,31.2,1
4863,car,4.5,road_loopA_f0,road_loopA_f1,6496.4,6619.9,123.5,1302.8,38.0,1
4860,car,4.5,road_loopA_f0,road_loopA_f1,6494.4,6620.2,125.8,1303.7,37.3,1
4873,car,4.5,road_loopA_r0,road_loopA_r1,6506.1,6620.4,114.3,1298.2,40.9,0
4879,car,4.5,road_loopA_r0,road_loopA_r1,6512.0,6620.4,108.4,1298.2,43.1,0
4855,car,4.5,road_loopA_f0,road_loopA_f1,6490.3,6620.5,130.2,1303.4,36.0,1
4849,car,4.5,road_loopA_r0,road_loopA_r1,6484.4,6621.1,136.7,1297.3,34.2,1
4840,car,4.5,road_loopA_r0,road_loopA_r1,6478.1,6621.3,143.2,1298.3,32.6,1
4889,car,4.5,road_loopA_r0,road_loopA_r1,6518.8,6622.1,103.3,1297.4,45.2,0
4866,truck,8.5,road_loopA_f0,road_loopA_f1,6498.4,6622.7,124.3,1304.1,37.8,1
4865,car,4.5,road_loopA_r0,road_loopA_r1,6497.0,6623.0,126.0,1298.0,37.1,0
4893,suv,4.8,road_loopA_r0,road_loopA_r1,6525.4,6623.9,98.5,1297.3,47.4,0
4869,car,4.5,road_loopA_r0,road_loopA_r1,6502.9,6624.8,121.9,1298.6,38.3,0
4856,car,4.5,road_loopA_f0,road_loopA_f1,6492.5,6625.0,132.5,1303.0,35.4,1
4881,car,4.5,road_loopA_f0,road_loopA_f1,6514.7,6625.5,110.8,1303.2,42.3,1
4878,car,4.5,road_loopA_r0,road_loopA_r1,6511.2,6626.1,114.9,1297.9,40.7,0
4877,car,4.5,road_loopA_r0,road_loopA_r1,6508.5,6626.5,118.0,1298.1,39.6,0
4858,truck,8.5,road_loopA_f0,road_loopA_f1,6494.1,6627.1,133.0,1302.8,35.3,1
4887,suv,4.8,road_loopA_f0,road_loopA_f1,6517.9,6627.4,109.5,1303.5,42.8,1
4899,car,4.5,road_loopA_r0,road_loopA_r1,6530.3,6627.4,97.1,1297.9,48.1,0
4836,car,4.5,road_loopA_r0,xloopA_0Bb,6475.5,6627.5,152.0,895.4,21.2,1
4868,car,4.5,road_loopA_f0,road_loopA_f1,6501.2,6628.4,127.2,1303.9,36.9,1
4871,suv,4.8,road_loopA_f0,road_loopA_f1,6504.1,6630.0,125.9,1304.1,37.3,1
4859,car,4.5,road_loopA_r0,xloopA_0Bb,6494.3,6630.1,135.8,895.4,23.7,2
4890,suv,4.8,road_loopA_f0,road_loopA_f1,6520.7,6631.8,111.1,1303.2,42.2,1
4876,car,4.5,road_loopA_r0,road_loopA_r1,6508.5,6632.4,123.9,1298.0,37.7,0
4883,car,4.5,road_loopA_r0,xloopA_0Bb,6515.1,6632.8,117.7,895.6,27.4,2
4870,suv,4.8,road_loopA_f0,road_loopA_f1,6503.8,6633.4,129.6,1303.4,36.2,1
4895,suv,4.8,road_loopA_f0,road_loopA_f1,6529.9,6633.5,103.6,1302.9,45.3,0
4874,car,4.5,road_loopA_f0,road_loopA_f1,6506.5,6633.6,127.1,1303.2,36.9,1
4884,suv,4.8,road_loopA_f0,road_loopA_f1,6515.4,6635.3,119.9,1303.7,39.1,1
4900,car,4.5,road_loopA_f0,road_loopA_f1,6531.2,6635.3,104.1,1303.5,45.1,0
4894,car,4.5,road_loopA_f0,road_loopA_f1,6528.9,6637.7,108.8,1303.0,43.1,0
4888,suv,4.8,road_loopA_f0,road_loopA_f1,6518.7,6639.3,120.6,1303.1,38.9,1
4973,car,4.5,xloopA_0Aa,xloopA_0Ab,6609.4,6640.1,30.7,84.1,9.9,1
4832,bus,11.0,road_loopA_f0,road_loopA_f1,6471.9,6640.4,168.5,1303.4,27.9,2
4901,car,4.5,road_loopA_f0,road_loopA_f1,6533.9,6640.7,106.8,1303.6,43.9,0
4896,suv,4.8,road_loopA_f0,road_loopA_f1,6530.2,6641.0,110.8,1303.1,42.3,0
4902,suv,4.8,road_loopA_r0,road_loopA_r1,6535.0,6642.0,107.0,1297.9,43.7,0
4974,car,4.5,xloopA_0Aa,xloopA_0Ab,6609.7,6642.3,32.6,84.4,9.3,1
4886,car,4.5,road_loopA_r0,road_loopA_r1,6517.2,6642.9,125.7,1297.8,37.2,0
4910,car,4.5,road_loopA_f0,road_loopA_f1,6550.6,6642.9,92.3,1303.4,50.8,0
4914,suv,4.8,road_loopA_r0,road_loopA_r1,6553.0,6643.7,90.7,1298.6,51.6,0
4980,car,4.5,xloopA_0Aa,xloopA_0Ab,6614.6,6644.5,29.9,84.7,10.2,1
4905,car,4.5,road_loopA_f0,road_loopA_f1,6540.1,6645.1,105.0,1302.9,44.7,0
4811,car,4.5,xloopA_0Ba,xloopA_0Bb,6456.7,6645.1,188.4,84.5,1.6,1
4897,car,4.5,road_loopA_f0,road_loopA_f1,6530.3,6645.4,115.1,1303.6,40.8,0
4916,suv,4.8,road_loopA_f0,road_loopA_f1,6553.3,6645.7,92.4,1303.3,50.8,0
4867,bus,11.0,road_loopA_r0,road_loopA_r1,6498.6,6645.8,147.2,1297.8,31.7,1
4984,car,4.5,xloopA_0Aa,xloopA_0Ab,6615.8,6646.6,30.8,84.3,9.9,0
4892,car,4.5,xloopA_0Ba,xloopA_0Bb,6524.8,6647.1,122.3,84.2,2.5,0
4898,truck,8.5,road_loopA_f0,road_loopA_f1,6530.3,6648.2,117.9,1303.1,39.8,1
4911,suv,4.8,road_loopA_f0,road_loopA_f1,6551.0,6648.5,97.5,1303.4,48.1,0
4917,suv,4.8,road_loopA_f0,road_loopA_f1,6554.6,6650.7,96.1,1302.9,48.8,0
4909,car,4.5,road_loopA_f0,road_loopA_f1,6547.7,6654.9,107.2,1303.2,43.8,0
4915,suv,4.8,road_loopA_f0,road_loopA_f1,6553.2,6656.4,103.2,1302.9,45.5,0
4926,car,4.5,road_loopA_f0,road_loopA_f1,6558.6,6656.6,98.0,1304.1,47.9,0
4927,suv,4.8,road_loopA_f0,road_loopA_f1,6560.0,6659.5,99.5,1303.7,47.2,0
4934,suv,4.8,road_loopA_f0,road_loopA_f1,6570.4,6659.8,89.4,1304.1,52.5,0
4930,car,4.5,road_loopA_f0,road_loopA_f1,6565.6,6660.9,95.3,1302.9,49.2,0
4936,suv,4.8,road_loopA_f0,road_loopA_f1,6571.7,6663.2,91.5,1303.3,51.3,0
4940,car,4.5,road_loopA_f0,road_loopA_f1,6578.8,6668.2,89.4,1303.1,52.5,0
4922,suv,4.8,road_loopA_f0,road_loopA_f1,6556.5,6671.4,114.9,1302.8,40.8,0
4935,suv,4.8,road_loopA_f0,road_loopA_f1,6571.1,6675.7,104.6,1303.2,44.8,0
4948,car,4.5,road_loopA_r0,xloopA_0Ab,6585.5,6676.8,91.3,868.9,34.3,1
4925,car,4.5,road_loopA_r0,road_loopA_r1,6558.1,6679.1,121.0,1297.5,38.6,1
4939,car,4.5,road_loopA_f0,road_loopA_f1,6577.4,6681.4,104.0,1303.3,45.1,0
5009,car,4.5,road_loopA_f0,xloopA_0Bb,6640.5,6681.6,41.1,478.9,41.9,0
4929,car,4.5,road_loopA_r0,road_loopA_r1,6563.7,6683.9,120.2,1298.3,38.9,1
4908,car,4.5,road_loopA_r0,road_loopA_r1,6545.5,6684.8,139.3,1297.8,33.5,1
4918,suv,4.8,road_loopA_r0,road_loopA_r1,6555.1,6685.2,130.1,1297.9,35.9,1
4938,suv,4.8,road_loopA_r0,road_loopA_r1,6575.0,6685.6,110.6,1298.2,42.3,1
4921,car,4.5,road_loopA_r0,road_loopA_r1,6555.3,6686.9,131.6,1297.7,35.5,1
4941,suv,4.8,road_loopA_r0,road_loopA_r1,6580.8,6688.1,107.3,1298.3,43.5,1
4913,car,4.5,road_loopA_r0,road_loopA_r1,6552.1,6689.8,137.7,1298.1,33.9,1
4952,car,4.5,road_loopA_r0,road_loopA_r1,6596.1,6691.4,95.3,1297.5,49.0,0
4771,car,4.5,xloopA_0Ba,road_loopA_r1,6428.9,6692.1,263.2,476.6,6.5,1
4920,car,4.5,road_loopA_r0,road_loopA_r1,6555.3,6693.2,137.9,1297.8,33.9,1
4924,car,4.5,road_loopA_r0,road_loopA_r1,6556.8,6694.0,137.2,1298.1,34.1,1
4954,car,4.5,road_loopA_r0,road_loopA_r1,6597.9,6694.1,96.2,1298.6,48.6,0
4933,truck,8.5,road_loopA_r0,road_loopA_r1,6570.0,6695.4,125.4,1298.2,37.3,1
4923,car,4.5,road_loopA_r0,road_loopA_r1,6556.5,6695.9,139.4,1298.1,33.5,1
4958,car,4.5,road_loopA_r0,road_loopA_r1,6600.9,6697.2,96.3,1297.3,48.5,0
4946,suv,4.8,road_loopA_r0,road_loopA_r1,6584.4,6697.4,113.0,1298.5,41.4,0
4928,car,4.5,road_loopA_r0,road_loopA_r1,6563.0,6697.6,134.6,1298.2,34.7,1
4931,car,4.5,road_loopA_r0,road_loopA_r1,6567.1,6699.4,132.3,1298.1,35.3,1
4962,suv,4.8,road_loopA_r0,road_loopA_r1,6604.6,6699.5,94.9,1297.4,49.2,0
4937,car,4.5,road_loopA_r0,road_loopA_r1,6574.1,6701.2,127.1,1298.2,36.8,1
4975,car,4.5,road_loopA_r0,road_loopA_r1,6609.8,6701.3,91.5,1297.7,51.0,0
4942,car,4.5,road_loopA_r0,road_loopA_r1,6581.9,6702.9,121.0,1297.7,38.6,1
4970,car,4.5,road_loopA_r0,road_loopA_r1,6608.2,6703.4,95.2,1298.5,49.1,0
4951,car,4.5,road_loopA_r0,road_loopA_r1,6593.3,6704.9,111.6,1297.9,41.9,0
4968,car,4.5,road_loopA_r0,road_loopA_r1,6607.4,6706.1,98.7,1297.3,47.3,0
4976,car,4.5,road_loopA_r0,road_loopA_r1,6610.6,6706.3,95.7,1297.3,48.8,0
4967,suv,4.8,road_loopA_r0,road_loopA_r1,6606.8,6706.7,99.9,1298.0,46.8,0
4955,car,4.5,road_loopA_f0,road_loopA_f1,6599.3,6707.4,108.1,1302.9,43.4,1
4943,suv,4.8,road_loopA_f0,road_loopA_f1,6582.4,6707.5,125.1,1303.1,37.5,1
4950,car,4.5,road_loopA_f0,road_loopA_f1,6590.5,6709.8,119.3,1303.2,39.3,1
4983,car,4.5,road_loopA_r0,xloopA_0Ab,6615.6,6710.4,94.8,869.2,33.0,1
4977,car,4.5,road_loopA_r0,road_loopA_r1,6610.6,6711.3,100.7,1298.2,46.4,0
4956,car,4.5,road_loopA_r0,road_loopA_r1,6600.5,6712.0,111.5,1298.1,41.9,0
4959,car,4.5,road_loopA_f0,road_loopA_f1,6603.9,6712.9,109.0,1302.8,43.0,1
4979,suv,4.8,road_loopA_r0,road_loopA_r1,6611.5,6713.1,101.6,1298.5,46.0,0
4995,car,4.5,road_loopA_r0,road_loopA_r1,6620.7,6714.4,93.7,1298.1,49.9,0
4961,car,4.5,road_loopA_f0,road_loopA_f1,6604.1,6714.7,110.6,1303.8,42.4,1
4989,car,4.5,road_loopA_r0,road_loopA_r1,6618.4,6714.9,96.5,1298.5,48.5,0
4964,car,4.5,road_loopA_f0,road_loopA_f1,6606.2,6716.2,110.0,1303.7,42.7,0
4991,suv,4.8,road_loopA_f0,road_loopA_f1,6619.0,6716.3,97.3,1302.8,48.2,0
4966,suv,4.8,road_loopA_r0,road_loopA_r1,6606.6,6716.4,109.8,1297.7,42.6,0
4971,car,4.5,road_loopA_f0,road_loopA_f1,6608.4,6716.4,108.0,1303.5,43.5,0
4993,car,4.5,road_loopA_r0,road_loopA_r1,6620.1,6716.6,96.5,1297.3,48.4,0
4999,car,4.5,road_loopA_r0,road_loopA_r1,6624.9,6718.4,93.5,1298.0,50.0,0
4906,bus,11.0,road_loopA_r0,road_loopA_r1,6540.6,6718.6,178.0,1298.3,26.3,2
4945,suv,4.8,road_loopA_f0,road_loopA_f1,6584.1,6718.7,134.6,1303.2,34.9,1
4982,truck,8.5,road_loopA_f0,road_loopA_f1,6615.2,6718.9,103.7,1303.2,45.2,0
4998,car,4.5,road_loopA_r0,road_loopA_r1,6623.3,6720.1,96.8,1298.5,48.3,0
4932,car,4.5,road_loopA_r0,xloopA_0Bb,6569.3,6721.0,151.7,895.3,21.2,1
4978,car,4.5,road_loopA_f0,road_loopA_f1,6610.7,6721.5,110.8,1302.9,42.3,0
4992,car,4.5,road_loopA_f0,road_loopA_f1,6619.8,6721.8,102.0,1303.3,46.0,0
4987,car,4.5,road_loopA_f0,road_loopA_f1,6618.1,6722.2,104.1,1303.9,45.1,0
4994,suv,4.8,road_loopA_r0,road_loopA_r1,6620.3,6722.8,102.5,1298.0,45.6,0
4944,car,4.5,road_loopA_r0,xloopA_0Bb,6582.6,6723.6,141.0,895.3,22.9,1
4972,suv,4.8,road_loopA_f0,road_loopA_f1,6609.2,6723.9,114.7,1303.7,40.9,0
4996,suv,4.8,road_loopA_f0,road_loopA_f1,6621.4,6724.2,102.8,1303.6,45.7,0
4919,bus,11.0,road_loopA_f0,road_loopA_f1,6555.3,6724.4,169.1,1302.9,27.7,2
5001,car,4.5,road_loopA_r0,road_loopA_r1,6631.3,6724.7,93.4,1297.7,50.0,0
5048,car,4.5,road_loopA_f0,xloopA_0Ab,6678.7,6725.3,46.6,505.3,39.1,0
4960,car,4.5,road_loopA_f0,road_loopA_f1,6604.1,6726.4,122.3,1304.0,38.4,1
5022,suv,4.8,road_loopA_r0,xloopA_0Bb,6652.7,6727.7,75.0,895.9,43.0,0
4988,car,4.5,road_loopA_r0,road_loopA_r1,6618.1,6728.9,110.8,1297.3,42.2,0
4969,car,4.5,road_loopA_r0,road_loopA_r1,6607.9,6729.2,121.3,1298.0,38.5,0
5002,suv,4.8,road_loopA_f0,road_loopA_f1,6633.3,6729.7,96.4,1303.4,48.7,0
4965,suv,4.8,road_loopA_f0,road_loopA_f1,6606.6,6730.9,124.3,1303.9,37.8,0
5005,truck,8.5,road_loopA_f0,road_loopA_f1,6638.0,6731.8,93.8,1303.1,50.0,0
4794,car,4.5,xloopA_0Ba,road_loopA_f1,6446.3,6731.9,285.6,902.7,11.4,1
4981,suv,4.8,road_loopA_f0,road_loopA_f1,6614.5,6732.7,118.2,1303.3,39.7,0
4953,car,4.5,road_loopA_f0,road_loopA_f1,6596.5,6733.5,137.0,1303.2,34.2,1
5010,car,4.5,road_loopA_f0,road_loopA_f1,6641.5,6733.8,92.3,1302.9,50.8,0
5014,suv,4.8,road_loopA_r0,road_loopA_r1,6645.6,6734.5,88.9,1297.3,52.5,0
4957,car,4.5,road_loopA_f0,road_loopA_f1,6600.8,6735.2,134.4,1303.6,34.9,1
4997,truck,8.5,road_loopA_f0,road_loopA_f1,6622.6,6735.8,113.2,1303.0,41.5,0
4947,car,4.5,xloopA_0Ba,xloopA_0Bb,6584.8,6736.4,151.6,84.7,2.0,1
5008,car,4.5,road_loopA_f0,road_loopA_f1,6639.2,6736.9,97.7,1304.0,48.1,0
4963,car,4.5,road_loopA_f0,road_loopA_f1,6604.8,6737.0,132.2,1303.7,35.5,1
4986,car,4.5,xloopA_0Aa,xloopA_0Ab,6618.0,6737.4,119.4,84.1,2.5,1
5004,car,4.5,road_loopA_f0,road_loopA_f1,6634.5,6738.2,103.7,1303.6,45.3,0
5000,car,4.5,road_loopA_f0,road_loopA_f1,6628.6,6738.7,110.1,1303.3,42.6,0
5019,suv,4.8,road_loopA_r0,road_loopA_r1,6648.2,6739.0,90.8,1297.6,51.4,0
5006,truck,8.5,road_loopA_f0,road_loopA_f1,6638.8,6740.1,101.3,1302.8,46.3,0
5021,car,4.5,xloopA_0Ba,xloopA_0Bb,6649.5,6741.4,91.9,84.4,3.3,1
4990,car,4.5,xloopA_0Aa,xloopA_0Ab,6618.7,6742.3,123.6,84.1,2.4,1
5011,car,4.5,road_loopA_f0,road_loopA_f1,6644.0,6742.9,98.9,1303.9,47.5,0
5003,car,4.5,xloopA_0Aa,xloopA_0Ab,6633.6,6744.4,110.8,84.4,2.7,0
5095,car,4.5,xloopA_0Ba,xloopA_0Bb,6724.9,6744.7,19.8,84.1,15.3,0
5024,car,4.5,road_loopA_r0,xloopA_0Ab,6656.4,6751.3,94.9,869.1,33.0,1
5026,car,4.5,road_loopA_f0,road_loopA_f1,6658.2,6751.7,93.5,1302.9,50.2,0
5012,car,4.5,road_loopA_f0,road_loopA_f1,6645.1,6751.8,106.7,1303.3,44.0,0
5029,suv,4.8,road_loopA_f0,road_loopA_f1,6658.8,6753.5,94.7,1304.0,49.6,0
5035,car,4.5,road_loopA_f0,road_loopA_f1,6664.1,6755.3,91.2,1303.9,51.5,0
5017,car,4.5,road_loopA_f0,road_loopA_f1,6647.2,6757.0,109.8,1303.7,42.8,0
5007,truck,8.5,road_loopA_f0,road_loopA_f1,6639.0,6757.6,118.6,1303.0,39.6,0
5034,car,4.5,road_loopA_f0,road_loopA_f1,6661.3,6757.6,96.3,1303.7,48.7,0
5078,car,4.5,road_loopA_f0,xloopA_0Bb,6709.7,6758.1,48.4,478.8,35.6,1
5032,car,4.5,road_loopA_f0,road_loopA_f1,6659.2,6758.6,99.4,1303.1,47.2,0
5038,car,4.5,road_loopA_f0,road_loopA_f1,6665.9,6759.3,93.4,1303.5,50.2,0
5016,car,4.5,road_loopA_f0,road_loopA_f1,6646.6,6759.6,113.0,1303.6,41.5,0
5079,suv,4.8,road_loopA_f0,xloopA_0Bb,6709.9,6761.8,51.9,479.0,33.2,0
5023,truck,8.5,road_loopA_f0,road_loopA_f1,6653.8,6761.9,108.1,1302.9,43.4,0
5027,suv,4.8,road_loopA_f0,road_loopA_f1,6658.3,6763.2,104.9,1303.8,44.7,0
5041,car,4.5,road_loopA_f0,road_loopA_f1,6672.2,6767.1,94.9,1303.9,49.4,0
5043,truck,8.5,road_loopA_f0,road_loopA_f1,6674.3,6768.1,93.8,1303.4,50.0,0
5042,car,4.5,road_loopA_f0,road_loopA_f1,6674.4,6768.8,94.4,1304.1,49.7,0
5018,car,4.5,road_loopA_r0,road_loopA_r1,6647.8,6776.9,129.1,1298.1,36.2,1
5020,car,4.5,road_loopA_r0,road_loopA_r1,6648.9,6777.3,128.4,1298.3,36.4,1
5113,suv,4.8,road_loopA_f0,xloopA_0Bb,6738.1,6778.1,40.0,478.8,43.0,0
5030,car,4.5,road_loopA_r0,road_loopA_r1,6658.8,6778.8,120.0,1298.2,39.0,1
5053,car,4.5,road_loopA_r0,xloopA_0Ab,6684.7,6779.6,94.9,869.1,33.0,1
5036,suv,4.8,road_loopA_r0,road_loopA_r1,6664.9,6780.3,115.4,1298.2,40.5,1
5117,suv,4.8,road_loopA_f0,xloopA_0Bb,6738.7,6781.6,42.9,479.1,40.3,0
5037,car,4.5,road_loopA_r0,road_loopA_r1,6665.1,6781.8,116.7,1298.1,40.0,1
5039,suv,4.8,road_loopA_r0,road_loopA_r1,6669.4,6783.9,114.5,1297.8,40.8,1
5049,car,4.5,road_loopA_r0,road_loopA_r1,6680.9,6786.4,105.5,1297.5,44.3,0
5055,car,4.5,road_loopA_r0,road_loopA_r1,6685.8,6786.7,100.9,1298.2,46.3,0
5061,suv,4.8,road_loopA_r0,road_loopA_r1,6692.6,6788.6,96.0,1298.6,48.7,0
5065,car,4.5,road_loopA_r0,road_loopA_r1,6697.4,6791.7,94.3,1298.7,49.6,0
5071,car,4.5,road_loopA_r0,road_loopA_r1,6703.1,6794.9,91.8,1297.8,50.9,0
5047,car,4.5,road_loopA_r0,road_loopA_r1,6678.4,6795.1,116.7,1298.0,40.0,0
5058,truck,8.5,road_loopA_r0,road_loopA_r1,6687.7,6797.1,109.4,1298.2,42.7,0
5075,car,4.5,road_loopA_r0,road_loopA_r1,6705.6,6798.0,92.4,1297.9,50.6,0
4949,car,4.5,xloopA_0Ba,road_loopA_r1,6585.7,6798.3,212.6,476.4,8.1,1
5069,truck,8.5,road_loopA_r0,road_loopA_r1,6701.4,6799.5,98.1,1298.6,47.7,0
5025,car,4.5,road_loopA_r0,road_loopA_r1,6657.1,6800.0,142.9,1298.3,32.7,1
5068,car,4.5,road_loopA_r0,road_loopA_r1,6700.4,6801.0,100.6,1297.8,46.5,0
5033,car,4.5,road_loopA_r0,road_loopA_r1,6659.8,6801.6,141.8,1297.6,32.9,1
5060,car,4.5,road_loopA_r0,road_loopA_r1,6691.5,6802.2,110.7,1297.7,42.2,0
5050,suv,4.8,road_loopA_r0,road_loopA_r1,6681.9,6803.3,121.4,1298.5,38.5,0
5057,car,4.5,road_loopA_r0,road_loopA_r1,6687.4,6804.9,117.5,1297.6,39.7,0
5063,car,4.5,road_loopA_r0,road_loopA_r1,6693.5,6805.5,112.0,1298.3,41.7,0
5083,suv,4.8,road_loopA_r0,road_loopA_r1,6713.8,6806.6,92.8,1297.9,50.3,0
5076,car,4.5,road_loopA_r0,road_loopA_r1,6708.2,6806.7,98.5,1298.6,47.5,0
5052,car,4.5,road_loopA_f0,road_loopA_f1,6683.3,6807.9,124.6,1304.0,37.7,1
5081,suv,4.8,road_loopA_r0,road_loopA_r1,6711.4,6808.2,96.8,1298.3,48.3,0
5074,bus,11.0,road_loopA_r0,road_loopA_r1,6705.1,6809.4,104.3,1297.5,44.8,0
5080,car,4.5,road_loopA_r0,road_loopA_r1,6710.6,6810.6,100.0,1298.3,46.8,0
5091,suv,4.8,road_loopA_r0,xloopA_0Bb,6722.7,6814.6,91.9,895.9,35.1,1
5094,car,4.5,road_loopA_r0,road_loopA_r1,6724.8,6815.0,90.2,1297.8,51.8,0
5082,car,4.5,road_loopA_r0,road_loopA_r1,6713.8,6815.2,101.4,1297.3,46.0,0
5093,car,4.5,road_loopA_r0,road_loopA_r1,6723.2,6816.9,93.7,1297.9,49.8,0
5040,car,4.5,road_loopA_f0,road_loopA_f1,6672.0,6817.0,145.0,1302.9,32.4,1
5100,car,4.5,road_loopA_r0,road_loopA_r1,6728.1,6817.9,89.8,1298.3,52.0,0
5064,suv,4.8,road_loopA_f0,road_loopA_f1,6696.3,6818.7,122.4,1304.2,38.4,1
5089,car,4.5,road_loopA_r0,road_loopA_r1,6721.9,6818.7,96.8,1297.5,48.3,0
5097,car,4.5,road_loopA_r0,road_loopA_r1,6726.4,6818.9,92.5,1298.6,50.5,0
5015,bus,11.0,road_loopA_r0,road_loopA_r1,6646.1,6820.0,173.9,1297.7,26.9,2
5103,car,4.5,road_loopA_r0,road_loopA_r1,6729.0,6820.6,91.6,1298.3,51.0,0
5031,bus,11.0,road_loopA_f0,road_loopA_f1,6658.9,6821.8,162.9,1303.5,28.8,2
5077,car,4.5,road_loopA_f0,road_loopA_f1,6709.0,6821.9,112.9,1303.3,41.5,5
5106,car,4.5,road_loopA_r0,road_loopA_r1,6735.7,6824.6,88.9,1297.3,52.5,0
5087,car,4.5,road_loopA_f0,road_loopA_f1,6715.1,6825.2,110.1,1303.3,42.6,0
5090,car,4.5,road_loopA_f0,road_loopA_f1,6722.4,6826.0,103.6,1303.0,45.3,0
5028,car,4.5,xloopA_0Aa,xloopA_0Ab,6658.6,6826.3,167.7,84.6,1.8,1
5136,car,4.5,xloopA_0Ba,xloopA_0Bb,6752.5,6826.8,74.3,84.2,4.1,1
5115,car,4.5,road_loopA_r0,road_loopA_r1,6738.3,6827.2,88.9,1297.3,52.5,0
5062,car,4.5,xloopA_0Aa,xloopA_0Ab,6692.9,6828.3,135.4,84.1,2.2,1
5151,car,4.5,xloopA_0Ba,xloopA_0Bb,6767.1,6828.9,61.8,84.7,4.9,1
5099,car,4.5,road_loopA_f0,road_loopA_f1,6728.0,6829.1,101.1,1303.6,46.4,0
5070,car,4.5,xloopA_0Aa,xloopA_0Ab,6701.6,6831.1,129.5,84.6,2.4,1
5201,car,4.5,xloopA_0Ba,xloopA_0Bb,6808.0,6831.2,23.2,84.5,13.1,0
5101,car,4.5,road_loopA_f0,road_loopA_f1,6728.4,6831.8,103.4,1303.5,45.4,0
5111,car,4.5,road_loopA_r0,road_loopA_r1,6737.4,6832.7,95.3,1298.2,49.0,0
5112,car,4.5,road_loopA_f0,road_loopA_f1,6737.9,6832.7,94.8,1304.0,49.5,0
5155,car,4.5,xloopA_0Aa,xloopA_0Ab,6768.5,6833.2,64.7,84.0,4.7,0
5212,car,4.5,xloopA_0Ba,xloopA_0Bb,6820.2,6833.4,13.2,84.2,23.0,0
5096,car,4.5,road_loopA_f0,road_loopA_f1,6725.4,6834.5,109.1,1303.2,43.0,0
5044,suv,4.8,road_loopA_f0,road_loopA_f1,6674.7,6835.1,160.4,1303.5,29.3,1
5092,car,4.5,road_loopA_f0,road_loopA_f1,6723.1,6835.3,112.2,1303.9,41.8,0
5193,car,4.5,xloopA_0Aa,xloopA_0Ab,6802.3,6836.4,34.1,84.0,8.9,0
5114,car,4.5,road_loopA_f0,road_loopA_f1,6738.2,6838.1,99.9,1302.8,46.9,0
5104,truck,8.5,road_loopA_r0,road_loopA_r1,6728.9,6838.6,109.7,1297.9,42.6,0
5119,car,4.5,road_loopA_f0,road_loopA_f1,6741.1,6838.7,97.6,1303.7,48.1,0
5223,car,4.5,xloopA_0Ba,xloopA_0Bb,6829.3,6838.9,9.6,84.5,31.6,0
5128,car,4.5,road_loopA_f0,road_loopA_f1,6746.4,6842.0,95.6,1303.0,49.0,0
5132,car,4.5,road_loopA_f0,road_loopA_f1,6747.7,6843.6,95.9,1303.4,48.9,0
5133,car,4.5,road_loopA_f0,road_loopA_f1,6748.3,6847.5,99.2,1303.2,47.3,0
5066,car,4.5,road_loopA_f0,road_loopA_f1,6700.1,6849.4,149.3,1303.5,31.4,1
5102,car,4.5,road_loopA_f0,road_loopA_f1,6728.4,6852.4,124.0,1304.0,37.9,0
5127,car,4.5,road_loopA_f0,road_loopA_f1,6746.0,6854.1,108.1,1303.7,43.4,0
5160,suv,4.8,road_loopA_f0,xloopA_0Bb,6772.7,6854.3,81.6,479.2,21.1,2
5134,car,4.5,road_loopA_f0,road_loopA_f1,6749.0,6855.9,106.9,1303.1,43.9,0
4985,car,4.5,xloopA_0Aa,road_loopA_f1,6616.1,6856.3,240.2,872.3,13.1,1
5013,car,4.5,xloopA_0Aa,road_loopA_f1,6645.4,6857.4,212.0,872.2,14.8,0
5139,car,4.5,road_loopA_f0,road_loopA_f1,6757.0,6857.8,100.8,1303.9,46.6,0
5144,car,4.5,road_loopA_f0,road_loopA_f1,6761.6,6859.5,97.9,1303.0,47.9,0
5056,truck,8.5,road_loopA_f0,road_loopA_f1,6687.0,6859.6,172.6,1303.3,27.2,1
5067,suv,4.8,road_loopA_f0,road_loopA_f1,6700.4,6860.2,159.8,1302.8,29.4,1
5149,suv,4.8,road_loopA_f0,road_loopA_f1,6766.6,6861.3,94.7,1303.5,49.5,0
5085,car,4.5,road_loopA_f0,road_loopA_f1,6714.2,6862.1,147.9,1303.9,31.7,0
5180,truck,8.5,road_loopA_f0,xloopA_0Bb,6788.6,6862.5,73.9,478.8,23.3,3
5051,car,4.5,road_loopA_f0,road_loopA_f1,6682.9,6863.2,180.3,1303.4,26.0,1
5135,car,4.5,road_loopA_f0,road_loopA_f1,6751.9,6863.5,111.6,1303.7,42.1,0
5105,car,4.5,road_loopA_f0,road_loopA_f1,6730.4,6864.5,134.1,1302.9,35.0,0
5137,truck,8.5,road_loopA_f0,road_loopA_f1,6753.0,6866.5,113.5,1303.1,41.3,0
5108,truck,8.5,road_loopA_f0,road_loopA_f1,6736.4,6866.6,130.2,1303.0,36.0,0
5086,suv,4.8,road_loopA_f0,road_loopA_f1,6714.8,6867.2,152.4,1303.7,30.8,0
5210,suv,4.8,road_loopA_f0,xloopA_0Bb,6819.7,6867.5,47.8,479.0,36.1,0
5150,car,4.5,road_loopA_f0,road_loopA_f1,6767.1,6868.4,101.3,1302.9,46.3,0
5120,car,4.5,road_loopA_r0,road_loopA_r1,6741.9,6869.6,127.7,1298.3,36.6,1
5125,truck,8.5,road_loopA_f0,road_loopA_f1,6744.4,6870.0,125.6,1302.8,37.3,0
5217,car,4.5,road_loopA_f0,xloopA_0Bb,6822.2,6870.7,48.5,478.7,35.5,0
5147,suv,4.8,road_loopA_f0,road_loopA_f1,6764.2,6870.8,106.6,1303.5,44.0,0
5107,car,4.5,road_loopA_f0,road_loopA_f1,6736.0,6872.1,136.1,1304.2,34.5,0
5129,car,4.5,road_loopA_f0,road_loopA_f1,6746.7,6872.5,125.8,1302.9,37.3,0
5140,car,4.5,road_loopA_r0,road_loopA_r1,6757.9,6872.6,114.7,1297.5,40.7,1
5159,car,4.5,road_loopA_r0,xloopA_0Ab,6771.6,6873.9,102.3,869.3,30.6,1
5110,car,4.5,road_loopA_f0,road_loopA_f1,6736.8,6874.0,137.2,1303.4,34.2,0
5109,truck,8.5,road_loopA_r0,road_loopA_r1,6736.7,6874.3,137.6,1297.5,33.9,1
5145,suv,4.8,road_loopA_r0,road_loopA_r1,6762.7,6874.4,111.7,1298.0,41.8,1
5131,truck,8.5,road_loopA_f0,road_loopA_f1,6747.6,6875.8,128.2,1303.1,36.6,0
5148,car,4.5,road_loopA_r0,road_loopA_r1,6764.3,6876.2,111.9,1297.7,41.7,1
5073,car,4.5,xloopA_0Ba,road_loopA_f1,6704.8,6876.5,171.7,902.5,18.9,0
5130,car,4.5,road_loopA_f0,road_loopA_f1,6746.8,6877.1,130.3,1303.3,36.0,0
5116,car,4.5,road_loopA_f0,road_loopA_f1,6738.6,6877.9,139.3,1303.5,33.7,0
5045,truck,8.5,road_loopA_f0,road_loopA_f1,6676.1,6878.7,202.6,1302.8,23.1,1
5121,car,4.5,road_loopA_f0,road_loopA_f1,6742.4,6878.8,136.4,1303.6,34.4,0
5146,car,4.5,road_loopA_r0,road_loopA_r1,6763.4,6878.8,115.4,1297.4,40.5,1
5123,suv,4.8,road_loopA_r0,road_loopA_r1,6742.8,6878.9,136.1,1298.0,34.3,1
5098,car,4.5,road_loopA_f0,road_loopA_f1,6726.7,6880.5,153.8,1303.2,30.5,0
5156,car,4.5,road_loopA_r0,road_loopA_r1,6769.2,6880.7,111.5,1298.4,41.9,1
5046,suv,4.8,road_loopA_f0,road_loopA_f1,6677.8,6880.9,203.1,1303.6,23.1,1
5122,car,4.5,road_loopA_r0,road_loopA_r1,6742.6,6881.2,138.6,1298.4,33.7,1
5054,car,4.5,road_loopA_f0,road_loopA_f1,6685.2,6882.6,197.4,1303.6,23.8,1
5141,bus,11.0,road_loopA_f0,road_loopA_f1,6759.1,6882.6,123.5,1303.5,38.0,0
5088,car,4.5,road_loopA_f0,road_loopA_f1,6716.5,6882.8,166.3,1303.5,28.2,0
5158,car,4.5,road_loopA_r0,road_loopA_r1,6771.1,6883.9,112.8,1298.2,41.4,1
5153,car,4.5,road_loopA_r0,road_loopA_r1,6767.8,6884.2,116.4,1298.5,40.1,1
5059,car,4.5,road_loopA_f0,road_loopA_f1,6689.8,6884.3,194.5,1303.3,24.1,1
5084,car,4.5,road_loopA_f0,road_loopA_f1,6713.8,6885.5,171.7,1304.0,27.3,0
5164,car,4.5,road_loopA_r0,road_loopA_r1,6776.5,6885.9,109.4,1298.1,42.7,0
5072,suv,4.8,road_loopA_f0,road_loopA_f1,6704.0,6886.0,182.0,1303.8,25.8,1
5161,car,4.5,road_loopA_r0,road_loopA_r1,6774.3,6887.7,113.4,1298.2,41.2,0
5168,car,4.5,xloopA_0Aa,road_loopA_r1,6779.6,6888.7,109.1,507.1,16.7,0
5165,car,4.5,road_loopA_r0,road_loopA_r1,6777.2,6889.8,112.6,1298.4,41.5,0
5126,car,4.5,road_loopA_r0,road_loopA_r1,6745.5,6890.3,144.8,1297.8,32.3,1
5124,car,4.5,road_loopA_r0,road_loopA_r1,6743.2,6891.9,148.7,1297.5,31.4,1
5171,car,4.5,road_loopA_r0,road_loopA_r1,6782.3,6891.9,109.6,1298.1,42.7,0
5143,suv,4.8,road_loopA_r0,road_loopA_r1,6761.5,6892.6,131.1,1297.5,35.6,1
5138,suv,4.8,road_loopA_r0,road_loopA_r1,6755.0,6893.6,138.6,1298.4,33.7,1
5154,suv,4.8,road_loopA_r0,road_loopA_r1,6768.3,6894.6,126.3,1298.4,37.0,1
5162,car,4.5,road_loopA_r0,road_loopA_r1,6776.1,6895.3,119.2,1297.7,39.2,0
5152,car,4.5,road_loopA_r0,road_loopA_r1,6767.6,6895.8,128.2,1297.9,36.5,0
5185,car,4.5,road_loopA_r0,road_loopA_r1,6794.1,6897.0,102.9,1298.4,45.4,0
5181,car,4.5,road_loopA_r0,road_loopA_r1,6791.3,6897.3,106.0,1298.2,44.1,0
5166,car,4.5,road_loopA_r0,road_loopA_r1,6779.0,6897.5,118.5,1297.4,39.4,0
5167,truck,8.5,road_loopA_f0,road_loopA_f1,6779.2,6899.2,120.0,1303.0,39.1,1
5184,car,4.5,road_loopA_r0,road_loopA_r1,6793.2,6899.2,106.0,1297.7,44.1,0
5172,suv,4.8,road_loopA_r0,road_loopA_r1,6783.1,6899.3,116.2,1298.0,40.2,0
5163,car,4.5,road_loopA_f0,road_loopA_f1,6776.4,6899.8,123.4,1303.5,38.0,1
5175,suv,4.8,road_loopA_r0,road_loopA_r1,6784.3,6901.1,116.8,1298.2,40.0,0
5173,car,4.5,road_loopA_f0,road_loopA_f1,6783.7,6901.5,117.8,1303.2,39.8,1
5190,car,4.5,road_loopA_r0,road_loopA_r1,6799.2,6902.1,102.9,1297.4,45.4,0
5203,car,4.5,road_loopA_r0,road_loopA_r1,6809.4,6902.4,93.0,1297.7,50.2,0
5178,car,4.5,road_loopA_r0,road_loopA_r1,6786.4,6902.9,116.5,1298.2,40.1,0
5186,car,4.5,road_loopA_f0,road_loopA_f1,6794.3,6903.2,108.9,1303.3,43.1,1
5176,car,4.5,road_loopA_f0,road_loopA_f1,6785.0,6903.3,118.3,1304.1,39.7,1
5196,car,4.5,road_loopA_r0,road_loopA_r1,6805.2,6903.9,98.7,1297.4,47.3,0
5179,car,4.5,road_loopA_f0,road_loopA_f1,6787.6,6905.0,117.4,1303.6,40.0,1
5177,suv,4.8,road_loopA_r0,road_loopA_r1,6785.7,6905.2,119.5,1297.8,39.1,0
5157,car,4.5,road_loopA_r0,road_loopA_r1,6769.8,6905.3,135.5,1297.8,34.5,1
5199,suv,4.8,road_loopA_r0,road_loopA_r1,6806.7,6905.6,98.9,1297.8,47.2,0
5187,car,4.5,road_loopA_r0,road_loopA_r1,6795.7,6906.9,111.2,1297.9,42.0,0
5188,suv,4.8,road_loopA_f0,road_loopA_f1,6796.2,6907.5,111.3,1303.7,42.2,1
5208,suv,4.8,road_loopA_r0,road_loopA_r1,6818.4,6908.2,89.8,1298.5,52.0,0
5195,suv,4.8,road_loopA_r0,road_loopA_r1,6804.7,6908.5,103.8,1298.1,45.0,0
5236,car,4.5,road_loopA_f0,xloopA_0Ab,6836.8,6908.6,71.8,505.1,25.3,1
5118,bus,11.0,road_loopA_f0,road_loopA_f1,6739.8,6908.7,168.9,1302.9,27.8,2
5206,suv,4.8,road_loopA_r0,road_loopA_r1,6817.1,6910.3,93.2,1298.1,50.2,0
5214,car,4.5,road_loopA_r0,road_loopA_r1,6821.2,6910.9,89.7,1297.3,52.1,0
5248,car,4.5,road_loopA_f0,xloopA_0Ab,6848.3,6911.2,62.9,505.2,28.9,1
5174,car,4.5,road_loopA_f0,road_loopA_f1,6783.8,6912.5,128.7,1302.8,36.4,1
5215,suv,4.8,road_loopA_r0,road_loopA_r1,6821.5,6912.9,91.4,1297.7,51.1,0
5213,truck,8.5,road_loopA_r0,road_loopA_r1,6820.9,6913.6,92.7,1298.2,50.4,0
5263,car,4.5,road_loopA_f0,xloopA_0Ab,6857.8,6913.9,56.1,505.5,32.5,1
5200,truck,8.5,road_loopA_r0,road_loopA_r1,6806.9,6914.1,107.2,1297.7,43.6,0
5189,suv,4.8,road_loopA_f0,road_loopA_f1,6798.6,6914.8,116.2,1303.8,40.4,1
5218,car,4.5,road_loopA_r0,road_loopA_r1,6825.2,6914.8,89.6,1298.2,52.1,0
5245,truck,8.5,road_loopA_r0,xloopA_0Bb,6844.4,6915.1,70.7,895.9,45.6,0
5219,car,4.5,road_loopA_r0,road_loopA_r1,6826.0,6916.4,90.4,1298.2,51.7,0
5198,suv,4.8,road_loopA_f0,road_loopA_f1,6806.6,6916.8,110.2,1302.8,42.6,0
5220,car,4.5,road_loopA_r0,road_loopA_r1,6827.0,6916.8,89.8,1298.4,52.1,0
5182,car,4.5,road_loopA_f0,road_loopA_f1,6791.5,6917.4,125.9,1303.1,37.3,1
5197,car,4.5,road_loopA_f0,road_loopA_f1,6805.9,6917.4,111.5,1303.0,42.1,0
5222,car,4.5,road_loopA_r0,road_loopA_r1,6828.3,6917.7,89.4,1297.3,52.2,0
5204,car,4.5,road_loopA_f0,road_loopA_f1,6809.8,6919.6,109.8,1302.8,42.7,0
5202,suv,4.8,road_loopA_f0,road_loopA_f1,6808.3,6920.0,111.7,1303.2,42.0,0
5211,car,4.5,road_loopA_f0,road_loopA_f1,6819.8,6921.4,101.6,1304.1,46.2,0
5227,car,4.5,road_loopA_r0,road_loopA_r1,6832.5,6921.4,88.9,1297.3,52.5,0
5192,car,4.5,road_loopA_f0,road_loopA_f1,6800.5,6922.1,121.6,1303.0,38.6,0
5225,suv,4.8,road_loopA_r0,road_loopA_r1,6830.2,6922.2,92.0,1297.5,50.8,0
5260,car,4.5,xloopA_0Ba,xloopA_0Bb,6856.5,6922.8,66.3,84.3,4.6,1
5209,car,4.5,road_loopA_f0,road_loopA_f1,6818.4,6923.1,104.7,1303.5,44.8,0
5230,car,4.5,road_loopA_r0,road_loopA_r1,6834.1,6923.3,89.2,1298.4,52.4,0
5226,car,4.5,road_loopA_f0,road_loopA_f1,6831.4,6923.4,92.0,1303.1,51.0,0
5251,car,4.5,xloopA_0Aa,xloopA_0Ab,6851.2,6924.7,73.5,84.7,4.1,1
5229,car,4.5,road_loopA_r0,road_loopA_r1,6833.9,6925.4,91.5,1297.5,51.1,0
5231,truck,8.5,road_loopA_r0,road_loopA_r1,6834.3,6925.7,91.4,1298.0,51.1,0
5194,car,4.5,road_loopA_f0,road_loopA_f1,6804.7,6926.5,121.8,1303.7,38.5,0
5205,car,4.5,road_loopA_f0,road_loopA_f1,6816.1,6927.4,111.3,1303.1,42.2,0
5234,suv,4.8,road_loopA_f0,road_loopA_f1,6836.2,6928.7,92.5,1303.7,50.7,0
5207,truck,8.5,road_loopA_f0,road_loopA_f1,6817.7,6930.5,112.8,1303.8,41.6,0
5237,suv,4.8,road_loopA_f0,road_loopA_f1,6838.4,6930.5,92.1,1303.1,51.0,0
5292,car,4.5,xloopA_0Aa,xloopA_0Ab,6887.9,6931.9,44.0,84.0,6.9,0
5142,bus,11.0,road_loopA_r0,road_loopA_r1,6759.1,6932.3,173.2,1298.3,27.0,2
5228,car,4.5,road_loopA_f0,road_loopA_f1,6833.9,6932.5,98.6,1303.2,47.6,0
5238,suv,4.8,road_loopA_f0,road_loopA_f1,6839.6,6933.0,93.4,1303.8,50.3,0
5183,car,4.5,road_loopA_f0,road_loopA_f1,6791.9,6936.0,144.1,1303.9,32.6,1
5240,truck,8.5,road_loopA_f0,road_loopA_f1,6841.9,6938.7,96.8,1303.4,48.5,0
5170,car,4.5,road_loopA_f0,road_loopA_f1,6781.2,6939.0,157.8,1304.0,29.7,1
5241,car,4.5,road_loopA_f0,road_loopA_f1,6842.8,6941.3,98.5,1303.6,47.6,0
5252,car,4.5,road_loopA_f0,road_loopA_f1,6851.6,6943.1,91.5,1302.9,51.3,0
5254,car,4.5,road_loopA_f0,road_loopA_f1,6852.2,6944.9,92.7,1303.4,50.6,0
5250,car,4.5,road_loopA_r0,xloopA_0Ab,6849.5,6945.0,95.5,868.9,32.8,1
5169,bus,11.0,road_loopA_f0,road_loopA_f1,6780.4,6946.7,166.3,1303.4,28.2,3
5264,suv,4.8,road_loopA_f0,road_loopA_f1,6858.8,6948.2,89.4,1303.1,52.5,0
5232,car,4.5,road_loopA_f0,road_loopA_f1,6834.4,6949.1,114.7,1303.6,40.9,0
5261,car,4.5,road_loopA_f0,road_loopA_f1,6856.8,6952.0,95.2,1303.6,49.3,0
5253,car,4.5,road_loopA_f0,road_loopA_f1,6852.1,6952.4,100.3,1302.8,46.8,0
5221,bus,11.0,road_loopA_f0,road_loopA_f1,6827.6,6953.6,126.0,1304.0,37.2,0
5265,car,4.5,road_loopA_f0,road_loopA_f1,6859.2,6954.2,95.0,1303.7,49.4,0
580,tram,34.0,loopA,loopA,2698.9,6955.0,4256.1,33702.9,28.5,40
5191,car,4.5,road_loopA_f0,road_loopA_f1,6800.0,6958.5,158.5,1303.8,29.6,0
5235,suv,4.8,road_loopA_r0,road_loopA_r1,6836.4,6962.8,126.4,1298.5,37.0,1
5216,car,4.5,xloopA_0Aa,road_loopA_f1,6821.9,6964.2,142.3,872.5,22.1,0
5243,car,4.5,road_loopA_r0,road_loopA_r1,6843.5,6964.3,120.8,1297.8,38.7,1
5246,car,4.5,road_loopA_r0,road_loopA_r1,6845.4,6965.8,120.4,1298.3,38.8,1
5242,car,4.5,road_loopA_r0,road_loopA_r1,6843.0,6968.5,125.5,1298.3,37.2,1
5247,car,4.5,road_loopA_r0,road_loopA_r1,6846.6,6969.4,122.8,1297.6,38.0,1
5255,car,4.5,road_loopA_r0,road_loopA_r1,6854.8,6971.2,116.4,1298.0,40.2,1
5233,car,4.5,road_loopA_r0,road_loopA_r1,6834.8,6974.5,139.7,1298.2,33.5,1
5249,truck,8.5,road_loopA_r0,road_loopA_r1,6849.0,6974.6,125.6,1298.1,37.2,1
5258,car,4.5,road_loopA_r0,road_loopA_r1,6855.9,6974.8,118.9,1297.8,39.3,1
5262,car,4.5,road_loopA_r0,road_loopA_r1,6857.2,6976.4,119.2,1298.3,39.2,1
5224,bus,11.0,road_loopA_f0,road_loopA_f1,6829.4,6976.8,147.4,1303.5,31.8,1
5244,car,4.5,road_loopA_r0,road_loopA_r1,6843.9,6977.2,133.3,1298.3,35.1,1
5268,car,4.5,road_loopA_r0,road_loopA_r1,6865.9,6977.5,111.6,1298.7,41.9,1
5270,car,4.5,road_loopA_r0,road_loopA_r1,6867.6,6978.3,110.7,1298.0,42.2,1
5274,car,4.5,road_loopA_r0,road_loopA_r1,6873.1,6979.9,106.8,1297.6,43.7,0
5278,car,4.5,road_loopA_r0,road_loopA_r1,6874.9,6981.7,106.8,1298.5,43.8,0
5321,car,4.5,road_loopA_r0,xloopA_0Ab,6916.5,6984.7,68.2,869.2,45.9,0
5257,suv,4.8,road_loopA_r0,road_loopA_r1,6855.9,6985.1,129.2,1298.1,36.2,1
5289,car,4.5,road_loopA_r0,road_loopA_r1,6886.7,6985.4,98.7,1298.6,47.4,0
5277,car,4.5,road_loopA_r0,road_loopA_r1,6874.1,6986.7,112.6,1297.7,41.5,0
546,tram,34.0,loopB,loopB,2655.5,6987.6,4332.1,33673.0,28.0,40
5298,suv,4.8,road_loopA_r0,road_loopA_r1,6895.1,6988.2,93.1,1297.3,50.2,0
5276,car,4.5,road_loopA_r0,road_loopA_r1,6873.7,6989.3,115.6,1297.5,40.4,0
5279,truck,8.5,road_loopA_r0,road_loopA_r1,6876.1,6991.6,115.5,1297.7,40.4,0
5239,car,4.5,xloopA_0Aa,road_loopA_r1,6841.6,6992.5,150.9,506.6,12.1,1
5291,car,4.5,road_loopA_r0,road_loopA_r1,6887.7,6993.0,105.3,1298.2,44.4,0
5272,car,4.5,road_loopA_f0,road_loopA_f1,6869.9,6993.8,123.9,1303.1,37.9,1
5266,car,4.5,road_loopA_r0,road_loopA_r1,6859.2,6993.9,134.7,1297.4,34.7,1
5282,car,4.5,road_loopA_r0,road_loopA_r1,6879.5,6994.1,114.6,1297.8,40.8,0
5259,truck,8.5,road_loopA_r0,road_loopA_r1,6856.4,6994.8,138.4,1297.8,33.8,1
5302,suv,4.8,road_loopA_r0,road_loopA_r1,6902.1,6995.7,93.6,1297.6,49.9,0
5273,car,4.5,road_loopA_r0,road_loopA_r1,6871.9,6996.8,124.9,1297.9,37.4,0
5267,suv,4.8,road_loopA_f0,road_loopA_f1,6864.7,6997.4,132.7,1303.2,35.4,1
5307,car,4.5,road_loopA_r0,road_loopA_r1,6906.2,6997.6,91.4,1298.4,51.1,0
5286,car,4.5,road_loopA_r0,road_loopA_r1,6884.4,6998.2,113.8,1297.5,41.0,0
5281,car,4.5,road_loopA_r0,road_loopA_r1,6878.5,6998.6,120.1,1298.2,38.9,0
5285,car,4.5,road_loopA_f0,road_loopA_f1,6883.0,6999.2,116.2,1303.8,40.4,1
5299,car,4.5,road_loopA_f0,road_loopA_f1,6899.2,7000.2,101.0,1303.5,46.5,0
5296,car,4.5,road_loopA_f0,road_loopA_f1,6891.3,7000.9,109.6,1303.1,42.8,1
5309,car,4.5,road_loopA_r0,road_loopA_r1,6906.8,7001.0,94.2,1297.8,49.6,0
5322,car,4.5,road_loopA_r0,xloopA_0Bb,6918.6,7001.5,82.9,895.3,38.9,1
5283,suv,4.8,road_loopA_r0,road_loopA_r1,6879.4,7002.0,122.6,1297.7,38.1,0
5294,car,4.5,road_loopA_f0,xloopA_0Ab,6890.1,7002.1,112.0,505.2,16.2,1
5303,car,4.5,road_loopA_r0,road_loopA_r1,6904.7,7002.2,97.5,1298.0,47.9,0
5301,truck,8.5,road_loopA_f0,road_loopA_f1,6901.5,7004.6,103.1,1303.8,45.5,0
5317,car,4.5,road_loopA_r0,road_loopA_r1,6914.4,7004.7,90.3,1298.2,51.8,0
5325,suv,4.8,road_loopA_f0,xloopA_0Ab,6919.7,7004.7,85.0,505.2,21.4,1
5311,suv,4.8,road_loopA_r0,road_loopA_r1,6907.7,7005.4,97.7,1297.6,47.8,0
5341,car,4.5,road_loopA_r0,xloopA_0Bb,6935.1,7006.2,71.1,895.4,45.3,0
5306,car,4.5,road_loopA_f0,road_loopA_f1,6905.9,7006.5,100.6,1303.1,46.7,0
5312,car,4.5,road_loopA_r0,road_loopA_r1,6909.6,7007.0,97.4,1298.3,48.0,0
5329,car,4.5,road_loopA_f0,xloopA_0Ab,6927.0,7007.4,80.4,505.2,22.6,1
5315,suv,4.8,road_loopA_f0,road_loopA_f1,6911.1,7008.3,97.2,1303.3,48.3,0
5284,car,4.5,road_loopA_f0,road_loopA_f1,6881.0,7009.1,128.1,1303.6,36.6,1
5310,suv,4.8,road_loopA_r0,road_loopA_r1,6907.1,7009.5,102.4,1298.2,45.6,0
5320,car,4.5,road_loopA_f0,road_loopA_f1,6916.0,7010.1,94.1,1302.9,49.9,0
5355,car,4.5,road_loopA_f0,xloopA_0Ab,6947.1,7010.1,63.0,505.4,28.9,1
5271,truck,8.5,road_loopA_f0,road_loopA_f1,6868.2,7010.4,142.2,1303.1,33.0,1
5323,suv,4.8,road_loopA_f0,road_loopA_f1,6918.9,7012.7,93.8,1304.0,50.1,0
5364,car,4.5,road_loopA_f0,xloopA_0Ab,6957.1,7012.7,55.6,505.2,32.7,1
5326,car,4.5,road_loopA_f0,road_loopA_f1,6920.3,7014.4,94.1,1303.0,49.8,0
5287,car,4.5,road_loopA_f0,road_loopA_f1,6884.9,7014.8,129.9,1303.7,36.1,1
5297,car,4.5,road_loopA_f0,road_loopA_f1,6895.0,7016.4,121.4,1303.6,38.7,1
5293,car,4.5,road_loopA_f0,road_loopA_f1,6889.0,7016.5,127.5,1303.1,36.8,1
5330,car,4.5,xloopA_0Ba,xloopA_0Bb,6927.0,7016.8,89.8,84.4,3.4,1
5304,truck,8.5,road_loopA_r0,road_loopA_r1,6905.0,7017.2,112.2,1297.4,41.6,0
5324,suv,4.8,road_loopA_r0,road_loopA_r1,6919.2,7017.4,98.2,1298.1,47.6,0
5334,car,4.5,xloopA_0Aa,xloopA_0Ab,6929.9,7018.5,88.6,84.5,3.4,1
5319,truck,8.5,road_loopA_f0,road_loopA_f1,6915.7,7020.4,104.7,1302.8,44.8,0
5300,suv,4.8,road_loopA_f0,road_loopA_f1,6899.5,7020.5,121.0,1302.9,38.8,0
5338,car,4.5,xloopA_0Aa,xloopA_0Ab,6934.2,7020.7,86.5,84.7,3.5,1
5328,truck,8.5,road_loopA_f0,road_loopA_f1,6926.4,7022.6,96.2,1303.4,48.8,0
5305,car,4.5,road_loopA_f0,road_loopA_f1,6905.2,7022.7,117.5,1303.6,39.9,0
5403,car,4.5,xloopA_0Ba,xloopA_0Bb,6991.0,7022.9,31.9,84.8,9.6,0
5387,car,4.5,xloopA_0Aa,xloopA_0Ab,6981.6,7023.9,42.3,84.6,7.2,0
5290,car,4.5,road_loopA_f0,road_loopA_f1,6887.4,7025.6,138.2,1303.1,33.9,1
5308,car,4.5,road_loopA_f0,road_loopA_f1,6906.7,7025.9,119.2,1304.2,39.4,0
5313,truck,8.5,road_loopA_f0,road_loopA_f1,6909.8,7027.6,117.8,1303.9,39.9,0
5256,car,4.5,xloopA_0Aa,road_loopA_f1,6855.5,7028.9,173.4,872.3,18.1,1
5280,car,4.5,road_loopA_f0,road_loopA_f1,6876.1,7029.4,153.3,1304.1,30.6,1
5316,car,4.5,road_loopA_f0,road_loopA_f1,6912.2,7031.0,118.8,1303.3,39.5,0
5332,car,4.5,road_loopA_f0,road_loopA_f1,6928.2,7032.2,104.0,1304.0,45.1,0
5327,truck,8.5,road_loopA_f0,road_loopA_f1,6922.6,7034.9,112.3,1302.8,41.7,0
5269,bus,11.0,road_loopA_f0,road_loopA_f1,6867.0,7035.2,168.2,1303.3,27.9,2
5288,car,4.5,xloopA_0Aa,road_loopA_f1,6885.8,7036.8,151.0,872.4,20.8,0
5342,car,4.5,road_loopA_f0,road_loopA_f1,6935.6,7037.0,101.4,1303.7,46.3,0
5275,bus,11.0,road_loopA_f0,road_loopA_f1,6873.3,7038.6,165.3,1303.3,28.4,2
5349,car,4.5,road_loopA_f0,road_loopA_f1,6943.5,7038.6,95.1,1302.8,49.3,0
5336,car,4.5,road_loopA_r0,xloopA_0Ab,6931.9,7039.6,107.7,869.0,29.0,1
5363,car,4.5,road_loopA_f0,xloopA_0Bb,6956.3,7039.6,83.3,478.8,20.7,2
5350,car,4.5,road_loopA_f0,road_loopA_f1,6944.9,7040.2,95.3,1304.0,49.3,0
5337,car,4.5,road_loopA_f0,road_loopA_f1,6932.1,7041.6,109.5,1302.9,42.8,0
5346,car,4.5,road_loopA_f0,road_loopA_f1,6940.3,7041.9,101.6,1303.3,46.2,0
5375,car,4.5,road_loopA_f0,xloopA_0Bb,6973.5,7043.2,69.7,478.7,24.7,2
5362,suv,4.8,road_loopA_f0,road_loopA_f1,6951.9,7043.3,91.4,1303.7,51.3,0
5343,truck,8.5,road_loopA_f0,road_loopA_f1,6937.7,7043.8,106.1,1303.4,44.2,0
5331,car,4.5,road_loopA_f0,road_loopA_f1,6927.4,7045.7,118.3,1303.6,39.7,0
5347,car,4.5,road_loopA_f0,road_loopA_f1,6941.5,7045.8,104.3,1303.8,45.0,0
5381,car,4.5,road_loopA_r0,xloopA_0Ab,6975.8,7046.4,70.6,869.1,44.3,0
5382,suv,4.8,road_loopA_f0,xloopA_0Bb,6979.0,7047.0,68.0,479.1,25.4,2
5360,car,4.5,road_loopA_f0,road_loopA_f1,6951.2,7047.5,96.3,1302.9,48.7,0
5400,suv,4.8,road_loopA_f0,xloopA_0Bb,6989.5,7050.7,61.2,479.2,28.2,0
5344,car,4.5,road_loopA_r0,road_loopA_r1,6938.2,7056.3,118.1,1298.0,39.6,1
5314,bus,11.0,road_loopA_f0,road_loopA_f1,6910.1,7058.1,148.0,1303.0,31.7,1
5339,car,4.5,road_loopA_r0,road_loopA_r1,6934.3,7059.5,125.2,1298.4,37.3,1
5335,suv,4.8,road_loopA_r0,road_loopA_r1,6930.6,7060.5,129.9,1298.2,36.0,1
5356,suv,4.8,road_loopA_f0,road_loopA_f1,6948.6,7061.0,112.4,1303.3,41.8,0
5340,suv,4.8,road_loopA_r0,road_loopA_r1,6934.6,7062.2,127.6,1297.3,36.6,1
5357,suv,4.8,road_loopA_r0,road_loopA_r1,6949.0,7062.6,113.6,1298.3,41.1,1
5333,suv,4.8,road_loopA_r0,road_loopA_r1,6929.4,7062.8,133.4,1298.3,35.0,1
5373,car,4.5,road_loopA_r0,xloopA_0Ab,6969.4,7063.3,93.9,869.3,33.3,1
5345,car,4.5,road_loopA_r0,road_loopA_r1,6939.2,7064.0,124.8,1298.3,37.4,1
5348,car,4.5,road_loopA_r0,road_loopA_r1,6942.6,7064.5,121.9,1298.4,38.4,1
5358,car,4.5,road_loopA_r0,road_loopA_r1,6949.2,7065.3,116.1,1298.3,40.2,1
5351,car,4.5,road_loopA_r0,road_loopA_r1,6945.3,7065.8,120.5,1298.6,38.8,1
5353,car,4.5,road_loopA_r0,road_loopA_r1,6946.6,7067.4,120.8,1297.3,38.7,1
5367,car,4.5,road_loopA_r0,road_loopA_r1,6959.1,7067.7,108.6,1298.6,43.0,1
5359,car,4.5,road_loopA_r0,road_loopA_r1,6950.8,7069.1,118.3,1297.9,39.5,1
5352,car,4.5,road_loopA_r0,road_loopA_r1,6945.6,7070.9,125.3,1297.6,37.3,1
5383,car,4.5,road_loopA_r0,road_loopA_r1,6979.6,7071.4,91.8,1297.5,50.9,0
5371,car,4.5,road_loopA_r0,road_loopA_r1,6966.6,7072.5,105.9,1297.8,44.1,0
5388,car,4.5,road_loopA_r0,road_loopA_r1,6983.6,7078.4,94.8,1298.5,49.3,0
5450,car,4.5,road_loopA_f0,xloopA_0Bb,7039.0,7079.0,40.0,478.6,43.1,0
5386,truck,8.5,road_loopA_r0,road_loopA_r1,6981.3,7083.0,101.7,1297.8,45.9,0
5399,suv,4.8,road_loopA_r0,road_loopA_r1,6989.2,7084.8,95.6,1298.2,48.9,0
5390,car,4.5,road_loopA_r0,road_loopA_r1,6984.9,7087.3,102.4,1298.3,45.6,0
5404,car,4.5,road_loopA_r0,road_loopA_r1,6991.7,7087.5,95.8,1298.1,48.8,0
5398,car,4.5,road_loopA_r0,road_loopA_r1,6988.9,7089.0,100.1,1298.1,46.7,0
5395,car,4.5,road_loopA_r0,road_loopA_r1,6987.7,7090.2,102.5,1298.3,45.6,0
5397,car,4.5,road_loopA_r0,road_loopA_r1,6988.8,7090.6,101.8,1297.6,45.9,0
5408,car,4.5,road_loopA_r0,road_loopA_r1,6993.9,7092.4,98.5,1297.7,47.4,0
5377,suv,4.8,road_loopA_f0,road_loopA_f1,6973.8,7092.7,118.9,1303.1,39.5,1
5405,car,4.5,road_loopA_r0,road_loopA_r1,6992.8,7094.1,101.3,1298.1,46.1,0
5420,car,4.5,road_loopA_r0,xloopA_0Bb,7005.9,7095.0,89.1,895.3,36.2,1
5368,car,4.5,road_loopA_f0,xloopA_0Ab,6960.4,7095.6,135.2,505.5,13.5,1
5415,car,4.5,road_loopA_r0,road_loopA_r1,7000.9,7095.6,94.7,1298.3,49.4,0
5393,car,4.5,road_loopA_f0,road_loopA_f1,6985.9,7095.7,109.8,1303.7,42.8,1
5372,suv,4.8,road_loopA_r0,road_loopA_r1,6968.6,7096.1,127.5,1297.4,36.6,0
5361,car,4.5,road_loopA_f0,road_loopA_f1,6951.4,7096.3,144.9,1302.8,32.4,1
5401,suv,4.8,road_loopA_f0,road_loopA_f1,6989.5,7097.0,107.5,1304.0,43.7,0
5406,car,4.5,road_loopA_f0,xloopA_0Ab,6993.0,7098.1,105.1,504.9,17.3,1
5295,bus,11.0,road_loopA_r0,road_loopA_r1,6891.0,7098.9,207.9,1298.2,22.5,3
5407,suv,4.8,road_loopA_f0,road_loopA_f1,6993.3,7098.9,105.6,1304.2,44.5,0
5412,car,4.5,road_loopA_f0,xloopA_0Ab,6996.6,7100.8,104.2,505.1,17.5,1
5411,car,4.5,road_loopA_f0,road_loopA_f1,6996.4,7100.9,104.5,1303.6,44.9,0
5354,bus,11.0,road_loopA_f0,road_loopA_f1,6946.7,7101.6,154.9,1303.0,30.3,2
5426,suv,4.8,road_loopA_r0,road_loopA_r1,7011.4,7101.7,90.3,1298.0,51.8,0
5374,suv,4.8,road_loopA_f0,road_loopA_f1,6970.8,7102.0,131.2,1302.9,35.7,1
5417,car,4.5,road_loopA_f0,road_loopA_f1,7003.8,7102.7,98.9,1304.2,47.5,0
5424,car,4.5,road_loopA_f0,xloopA_0Ab,7008.7,7103.5,94.8,505.4,19.2,1
5428,suv,4.8,road_loopA_r0,road_loopA_r1,7013.1,7104.4,91.3,1298.2,51.2,0
5385,car,4.5,road_loopA_f0,road_loopA_f1,6980.7,7104.5,123.8,1304.1,37.9,1
5448,car,4.5,road_loopA_f0,xloopA_0Ab,7038.6,7106.1,67.5,505.1,26.9,1
5391,car,4.5,road_loopA_r0,road_loopA_r1,6985.0,7106.2,121.2,1298.3,38.6,0
5425,suv,4.8,road_loopA_f0,road_loopA_f1,7010.9,7106.2,95.3,1303.0,49.2,0
5369,car,4.5,xloopA_0Ba,road_loopA_f1,6961.8,7106.6,144.8,902.7,22.4,1
5421,car,4.5,road_loopA_r0,road_loopA_r1,7006.6,7107.4,100.8,1297.4,46.3,0
5429,car,4.5,road_loopA_f0,road_loopA_f1,7014.0,7108.0,94.0,1303.3,49.9,0
5380,car,4.5,road_loopA_f0,road_loopA_f1,6975.9,7109.5,133.6,1303.1,35.1,1
5430,suv,4.8,road_loopA_f0,road_loopA_f1,7018.1,7109.7,91.6,1302.8,51.2,0
5376,car,4.5,road_loopA_f0,road_loopA_f1,6973.6,7110.8,137.2,1303.3,34.2,1
5503,car,4.5,xloopA_0Ba,xloopA_0Bb,7093.9,7111.0,17.1,84.7,17.8,1
5419,car,4.5,xloopA_0Aa,xloopA_0Ab,7004.9,7111.4,106.5,84.2,2.8,1
5432,suv,4.8,road_loopA_f0,road_loopA_f1,7019.2,7111.6,92.4,1303.7,50.8,0
5384,suv,4.8,road_loopA_f0,road_loopA_f1,6979.9,7112.9,133.0,1302.9,35.3,1
5413,car,4.5,road_loopA_f0,road_loopA_f1,6998.4,7114.9,116.5,1303.5,40.3,0
5389,car,4.5,xloopA_0Ba,road_loopA_f1,6983.7,7115.8,132.1,903.0,24.6,1
5396,car,4.5,road_loopA_f0,road_loopA_f1,6988.9,7115.8,126.9,1303.0,37.0,1
5423,car,4.5,road_loopA_f0,road_loopA_f1,7006.8,7116.6,109.8,1303.2,42.7,0
5443,car,4.5,xloopA_0Aa,xloopA_0Ab,7030.5,7117.1,86.6,84.5,3.5,0
5414,suv,4.8,road_loopA_f0,road_loopA_f1,7000.4,7118.0,117.6,1303.0,39.9,0
5418,car,4.5,road_loopA_f0,road_loopA_f1,7004.6,7119.4,114.8,1303.6,40.9,0
5444,car,4.5,xloopA_0Aa,xloopA_0Ab,7037.1,7119.6,82.5,84.3,3.7,0
5410,car,4.5,road_loopA_f0,road_loopA_f1,6995.2,7120.0,124.8,1302.8,37.6,0
5433,truck,8.5,road_loopA_f0,road_loopA_f1,7019.7,7121.6,101.9,1303.2,46.1,0
5416,car,4.5,road_loopA_f0,road_loopA_f1,7003.8,7122.3,118.5,1303.8,39.6,0
5436,car,4.5,road_loopA_f0,road_loopA_f1,7023.4,7123.6,100.2,1303.7,46.8,0
5442,car,4.5,road_loopA_f0,road_loopA_f1,7029.7,7124.0,94.3,1304.0,49.8,0
5370,car,4.5,road_loopA_f0,road_loopA_f1,6962.8,7125.4,162.6,1302.9,28.8,1
5378,car,4.5,road_loopA_f0,road_loopA_f1,6974.0,7127.2,153.2,1302.8,30.6,1
5394,car,4.5,road_loopA_f0,road_loopA_f1,6987.6,7129.2,141.6,1303.2,33.1,0
5318,car,4.5,xloopA_0Aa,road_loopA_f1,6915.3,7129.3,214.0,872.4,14.7,1
5445,car,4.5,road_loopA_f0,road_loopA_f1,7037.6,7129.6,92.0,1303.0,51.0,0
5446,car,4.5,road_loopA_f0,road_loopA_f1,7037.6,7130.3,92.7,1303.8,50.7,0
5402,car,4.5,xloopA_0Aa,road_loopA_f1,6990.0,7131.3,141.3,872.0,22.2,0
5451,car,4.5,road_loopA_f0,road_loopA_f1,7039.1,7131.3,92.2,1303.5,50.9,0
5366,suv,4.8,road_loopA_f0,road_loopA_f1,6958.9,7133.1,174.2,1303.8,26.9,1
5476,car,4.5,road_loopA_f0,xloopA_0Bb,7065.6,7133.4,67.8,478.7,25.4,2
5434,car,4.5,road_loopA_r0,xloopA_0Ab,7021.5,7133.6,112.1,869.0,27.9,2
5449,car,4.5,road_loopA_f0,road_loopA_f1,7038.7,7133.9,95.2,1304.1,49.3,0
5365,suv,4.8,road_loopA_f0,road_loopA_f1,6958.1,7134.8,176.7,1303.4,26.6,1
5452,suv,4.8,road_loopA_f0,road_loopA_f1,7039.1,7135.8,96.7,1304.1,48.6,0
5392,suv,4.8,road_loopA_f0,road_loopA_f1,6985.2,7136.5,151.3,1303.9,31.0,1
5459,car,4.5,road_loopA_f0,road_loopA_f1,7046.0,7136.5,90.5,1303.9,51.9,0
5497,car,4.5,road_loopA_f0,xloopA_0Bb,7088.8,7138.5,49.7,478.6,34.7,0
5457,car,4.5,road_loopA_f0,road_loopA_f1,7042.3,7140.4,98.1,1303.9,47.9,0
5455,car,4.5,road_loopA_f0,road_loopA_f1,7041.2,7141.8,100.6,1303.1,46.6,0
5460,truck,8.5,road_loopA_f0,road_loopA_f1,7046.4,7143.4,97.0,1303.2,48.3,0
5464,suv,4.8,road_loopA_r0,xloopA_0Ab,7051.7,7150.5,98.8,869.3,31.7,1
5485,car,4.5,road_loopA_r0,xloopA_0Ab,7069.7,7154.0,84.3,868.8,37.1,1
5435,car,4.5,road_loopA_r0,road_loopA_r1,7022.5,7155.3,132.8,1297.4,35.2,1
5427,suv,4.8,road_loopA_r0,road_loopA_r1,7011.9,7156.9,145.0,1297.7,32.2,1
5437,car,4.5,road_loopA_r0,road_loopA_r1,7023.9,7157.7,133.8,1297.5,34.9,1
5447,car,4.5,road_loopA_r0,road_loopA_r1,7038.2,7158.5,120.3,1297.4,38.8,1
5491,truck,8.5,road_loopA_r0,xloopA_0Ab,7075.8,7159.3,83.5,868.9,37.5,0
5454,car,4.5,road_loopA_r0,road_loopA_r1,7039.5,7160.3,120.8,1298.5,38.7,1
5458,car,4.5,road_loopA_r0,road_loopA_r1,7043.2,7160.5,117.3,1298.4,39.9,1
5468,car,4.5,road_loopA_r0,road_loopA_r1,7058.8,7162.9,104.1,1298.1,44.9,0
5438,car,4.5,road_loopA_r0,road_loopA_r1,7025.0,7165.7,140.7,1298.2,33.2,1
5456,car,4.5,road_loopA_r0,road_loopA_r1,7042.0,7167.2,125.2,1298.4,37.3,1
5488,car,4.5,road_loopA_r0,road_loopA_r1,7071.1,7168.9,97.8,1297.8,47.8,0
5409,car,4.5,xloopA_0Aa,road_loopA_r1,6994.0,7169.1,175.1,506.4,10.4,1
5453,car,4.5,road_loopA_r0,road_loopA_r1,7039.3,7169.4,130.1,1297.3,35.9,1
5490,car,4.5,road_loopA_r0,road_loopA_r1,7074.9,7170.6,95.7,1297.8,48.8,0
5441,suv,4.8,road_loopA_r0,road_loopA_r1,7028.9,7170.8,141.9,1297.4,32.9,1
5539,car,4.5,road_loopA_f0,xloopA_0Bb,7124.4,7172.2,47.8,478.8,36.1,0
5489,suv,4.8,road_loopA_r0,road_loopA_r1,7074.8,7172.3,97.5,1298.1,47.9,0
5484,car,4.5,road_loopA_r0,xloopA_0Ab,7069.2,7172.4,103.2,869.0,30.3,1
5462,car,4.5,road_loopA_r0,road_loopA_r1,7051.6,7172.6,121.0,1298.3,38.6,0
5467,car,4.5,road_loopA_r0,road_loopA_r1,7057.4,7173.5,116.1,1297.9,40.2,1
5493,car,4.5,road_loopA_r0,road_loopA_r1,7082.6,7174.2,91.6,1297.8,51.0,0
5470,car,4.5,road_loopA_r0,road_loopA_r1,7061.3,7174.9,113.6,1298.5,41.2,0
5477,suv,4.8,road_loopA_r0,road_loopA_r1,7067.7,7176.7,109.0,1297.7,42.8,0
5487,suv,4.8,road_loopA_r0,road_loopA_r1,7070.7,7177.7,107.0,1298.5,43.7,0
5480,suv,4.8,road_loopA_r0,road_loopA_r1,7068.2,7178.6,110.4,1297.9,42.3,0
5514,car,4.5,xloopA_0Ba,road_loopA_r1,7103.2,7178.8,75.6,476.8,22.7,0
5500,car,4.5,road_loopA_r0,road_loopA_r1,7091.2,7180.5,89.3,1298.2,52.3,0
5422,car,4.5,road_loopA_r0,road_loopA_r1,7006.6,7180.6,174.0,1298.0,26.9,1
5482,suv,4.8,road_loopA_r0,road_loopA_r1,7068.6,7180.9,112.3,1298.2,41.6,0
5471,suv,4.8,road_loopA_f0,road_loopA_f1,7061.9,7181.5,119.6,1303.3,39.2,1
5440,car,4.5,road_loopA_r0,road_loopA_r1,7027.2,7182.4,155.2,1297.9,30.1,1
5473,suv,4.8,road_loopA_f0,road_loopA_f1,7064.3,7184.3,120.0,1304.2,39.1,1
5461,truck,8.5,road_loopA_r0,road_loopA_r1,7051.5,7184.5,133.0,1297.6,35.1,0
5496,car,4.5,road_loopA_r0,road_loopA_r1,7086.4,7184.5,98.1,1297.4,47.6,0
5479,car,4.5,road_loopA_f0,road_loopA_f1,7068.2,7185.8,117.6,1303.5,39.9,1
5466,suv,4.8,road_loopA_f0,road_loopA_f1,7056.7,7185.9,129.2,1303.9,36.3,1
5486,car,4.5,road_loopA_f0,road_loopA_f1,7070.2,7187.7,117.5,1303.9,39.9,1
5463,truck,8.5,road_loopA_f0,road_loopA_f1,7051.7,7188.4,136.7,1302.9,34.3,1
5510,car,4.5,road_loopA_r0,road_loopA_r1,7098.8,7188.5,89.7,1297.9,52.1,0
5483,suv,4.8,road_loopA_f0,road_loopA_f1,7069.1,7189.2,120.1,1303.3,39.1,1
5501,truck,8.5,road_loopA_r0,road_loopA_r1,7092.8,7191.1,98.3,1297.5,47.5,0
5513,suv,4.8,road_loopA_r0,road_loopA_r1,7101.3,7193.1,91.8,1298.4,50.9,0
5472,car,4.5,road_loopA_f0,road_loopA_f1,7062.3,7193.4,131.1,1303.7,35.8,1
5519,suv,4.8,road_loopA_r0,road_loopA_r1,7107.2,7196.7,89.5,1297.6,52.2,0
5494,truck,8.5,road_loopA_f0,road_loopA_f1,7083.5,7197.1,113.6,1302.9,41.3,0
5520,car,4.5,road_loopA_r0,road_loopA_r1,7108.1,7197.2,89.1,1297.9,52.4,0
5506,car,4.5,road_loopA_f0,road_loopA_f1,7097.0,7198.0,101.0,1303.0,46.4,0
5498,suv,4.8,road_loopA_f0,road_loopA_f1,7089.5,7199.2,109.7,1303.5,42.8,0
5508,car,4.5,road_loopA_f0,road_loopA_f1,7098.3,7200.0,101.7,1303.5,46.1,0
5523,car,4.5,road_loopA_f0,road_loopA_f1,7111.9,7202.3,90.4,1303.2,51.9,0
5527,car,4.5,road_loopA_r0,road_loopA_r1,7114.4,7203.5,89.1,1298.5,52.5,0
5511,car,4.5,road_loopA_f0,road_loopA_f1,7099.8,7204.0,104.2,1302.8,45.0,0
5507,car,4.5,road_loopA_f0,road_loopA_f1,7097.0,7204.2,107.2,1303.9,43.8,0
5526,car,4.5,road_loopA_f0,road_loopA_f1,7114.4,7205.3,90.9,1303.9,51.6,0
5529,suv,4.8,road_loopA_r0,road_loopA_r1,7118.2,7207.2,89.0,1297.3,52.5,0
5517,car,4.5,road_loopA_f0,road_loopA_f1,7106.6,7208.1,101.5,1303.1,46.2,0
5475,bus,11.0,road_loopA_r0,road_loopA_r1,7065.4,7208.4,143.0,1297.8,32.7,1
5532,car,4.5,road_loopA_f0,road_loopA_f1,7119.5,7209.7,90.2,1303.1,52.0,0
5465,car,4.5,road_loopA_f0,road_loopA_f1,7053.5,7211.4,157.9,1303.2,29.7,1
5534,suv,4.8,road_loopA_f0,road_loopA_f1,7122.0,7211.6,89.6,1304.0,52.4,0
5495,car,4.5,road_loopA_f0,road_loopA_f1,7085.1,7211.9,126.8,1302.9,37.0,0
5531,car,4.5,road_loopA_r0,xloopA_0Ab,7118.5,7212.0,93.5,868.9,33.5,1
5537,car,4.5,road_loopA_r0,road_loopA_r1,7123.0,7212.0,89.0,1297.3,52.5,0
5516,car,4.5,road_loopA_r0,road_loopA_r1,7105.9,7213.6,107.7,1298.2,43.4,0
5502,car,4.5,road_loopA_f0,road_loopA_f1,7093.1,7214.2,121.1,1303.2,38.7,0
5512,car,4.5,road_loopA_f0,road_loopA_f1,7100.8,7214.8,114.0,1303.8,41.2,0
5478,suv,4.8,road_loopA_f0,road_loopA_f1,7068.0,7217.4,149.4,1302.8,31.4,1
5504,suv,4.8,road_loopA_f0,road_loopA_f1,7094.1,7218.1,124.0,1303.7,37.9,0
5515,car,4.5,road_loopA_f0,road_loopA_f1,7103.8,7219.0,115.2,1304.1,40.8,0
5518,car,4.5,road_loopA_f0,road_loopA_f1,7106.7,7219.9,113.2,1302.8,41.4,0
5535,car,4.5,road_loopA_f0,road_loopA_f1,7122.4,7221.0,98.6,1303.9,47.6,0
5439,car,4.5,xloopA_0Aa,road_loopA_f1,7025.9,7221.5,195.6,872.4,16.1,1
5530,suv,4.8,road_loopA_f0,road_loopA_f1,7118.4,7221.7,103.3,1303.3,45.4,0
5533,car,4.5,road_loopA_f0,road_loopA_f1,7121.3,7222.7,101.4,1303.7,46.3,0
5469,car,4.5,road_loopA_f0,road_loopA_f1,7059.3,7223.1,163.8,1302.9,28.6,1
5550,suv,4.8,road_loopA_f0,road_loopA_f1,7130.9,7223.4,92.5,1302.9,50.7,0
5549,car,4.5,road_loopA_f0,road_loopA_f1,7130.7,7224.4,93.7,1303.2,50.0,0
5492,car,4.5,road_loopA_f0,road_loopA_f1,7077.1,7224.8,147.7,1302.9,31.8,1
5536,truck,8.5,road_loopA_r0,road_loopA_r1,7122.7,7225.1,102.4,1298.1,45.6,0
5551,car,4.5,road_loopA_f0,road_loopA_f1,7131.0,7225.2,94.2,1303.7,49.8,0
5542,suv,4.8,road_loopA_r0,road_loopA_r1,7125.5,7225.3,99.8,1297.9,46.8,0
5555,car,4.5,road_loopA_f0,road_loopA_f1,7134.4,7226.4,92.0,1302.9,51.0,0
5499,car,4.5,road_loopA_f0,road_loopA_f1,7090.9,7226.5,135.6,1303.6,34.6,0
5540,suv,4.8,road_loopA_r0,road_loopA_r1,7124.6,7227.1,102.5,1297.6,45.6,0
5538,suv,4.8,road_loopA_r0,road_loopA_r1,7124.4,7227.4,103.0,1297.9,45.4,0
5548,car,4.5,road_loopA_r0,road_loopA_r1,7130.4,7227.9,97.5,1298.2,48.0,0
5559,car,4.5,road_loopA_f0,road_loopA_f1,7136.6,7228.6,92.0,1303.2,51.0,0
5541,car,4.5,road_loopA_r0,road_loopA_r1,7124.8,7229.1,104.3,1298.6,44.8,0
5558,car,4.5,road_loopA_r0,road_loopA_r1,7136.1,7229.5,93.4,1297.9,50.0,0
5554,car,4.5,road_loopA_r0,road_loopA_r1,7133.7,7230.7,97.0,1298.7,48.2,0
5545,suv,4.8,road_loopA_r0,road_loopA_r1,7126.6,7230.9,104.3,1298.4,44.8,0
5563,suv,4.8,road_loopA_r0,road_loopA_r1,7140.3,7232.4,92.1,1297.5,50.7,0
5561,car,4.5,road_loopA_f0,road_loopA_f1,7138.3,7233.9,95.6,1303.4,49.1,0
5565,car,4.5,road_loopA_r0,road_loopA_r1,7141.5,7234.2,92.7,1297.4,50.4,0
5524,car,4.5,road_loopA_f0,road_loopA_f1,7112.4,7235.0,122.6,1303.3,38.3,0
5564,car,4.5,road_loopA_r0,road_loopA_r1,7140.7,7236.0,95.3,1298.0,49.0,0
5547,car,4.5,road_loopA_r0,road_loopA_r1,7128.9,7238.5,109.6,1298.3,42.6,0
5566,car,4.5,road_loopA_r0,road_loopA_r1,7142.0,7240.8,98.8,1297.4,47.3,0
5546,car,4.5,road_loopA_f0,road_loopA_f1,7128.9,7240.9,112.0,1303.0,41.9,0
5568,car,4.5,road_loopA_r0,road_loopA_r1,7143.0,7241.2,98.2,1298.1,47.6,0
5562,car,4.5,road_loopA_f0,road_loopA_f1,7139.4,7241.3,101.9,1303.5,46.0,0
5553,car,4.5,road_loopA_r0,road_loopA_r1,7133.6,7241.8,108.2,1298.3,43.2,0
5560,car,4.5,road_loopA_r0,road_loopA_r1,7137.4,7243.5,106.1,1297.8,44.0,0
5552,suv,4.8,road_loopA_f0,road_loopA_f1,7132.4,7243.6,111.2,1302.9,42.2,0
5572,car,4.5,road_loopA_f0,road_loopA_f1,7149.7,7244.7,95.0,1303.6,49.4,0
5556,car,4.5,road_loopA_f0,road_loopA_f1,7134.5,7245.3,110.8,1304.0,42.4,0
5575,car,4.5,road_loopA_f0,road_loopA_f1,7152.0,7246.8,94.8,1303.7,49.5,0
5567,car,4.5,road_loopA_f0,road_loopA_f1,7142.6,7247.1,104.5,1302.9,44.9,0
5578,car,4.5,road_loopA_r0,road_loopA_r1,7159.0,7248.0,89.0,1297.3,52.5,0
5579,car,4.5,road_loopA_f0,road_loopA_f1,7159.1,7249.9,90.8,1302.8,51.7,0
5577,suv,4.8,road_loopA_r0,road_loopA_r1,7155.0,7250.9,95.9,1297.9,48.7,0
5582,car,4.5,road_loopA_r0,road_loopA_r1,7162.4,7251.3,88.9,1297.3,52.5,0
5574,car,4.5,road_loopA_f0,road_loopA_f1,7151.5,7251.9,100.4,1303.8,46.8,0
5580,suv,4.8,road_loopA_f0,road_loopA_f1,7159.2,7252.7,93.5,1303.1,50.2,0
5584,suv,4.8,road_loopA_r0,road_loopA_r1,7162.7,7253.2,90.5,1297.9,51.7,0
5573,car,4.5,road_loopA_f0,road_loopA_f1,7151.4,7253.6,102.2,1303.1,45.9,0
5569,suv,4.8,road_loopA_f0,road_loopA_f1,7143.5,7255.0,111.5,1302.8,42.0,0
5570,car,4.5,road_loopA_f0,road_loopA_f1,7145.3,7262.6,117.3,1303.1,40.0,0
5590,suv,4.8,road_loopA_r0,road_loopA_r1,7170.5,7263.4,92.9,1298.4,50.3,0
5594,car,4.5,road_loopA_r0,road_loopA_r1,7172.2,7263.4,91.2,1298.0,51.2,0
5591,car,4.5,road_loopA_f0,road_loopA_f1,7170.7,7264.6,93.9,1303.9,50.0,0
5598,car,4.5,road_loopA_r0,road_loopA_r1,7176.7,7265.6,88.9,1297.3,52.5,0
5596,car,4.5,road_loopA_f0,road_loopA_f1,7175.8,7267.3,91.5,1303.0,51.3,0
5597,car,4.5,road_loopA_r0,road_loopA_r1,7176.2,7269.5,93.3,1297.5,50.1,0
5600,suv,4.8,road_loopA_f0,road_loopA_f1,7177.3,7269.6,92.3,1302.9,50.8,0
5605,car,4.5,road_loopA_r0,road_loopA_r1,7182.7,7272.1,89.4,1298.5,52.3,0
5603,suv,4.8,road_loopA_f0,road_loopA_f1,7180.7,7272.7,92.0,1302.8,51.0,0
5585,truck,8.5,road_loopA_f0,road_loopA_f1,7163.4,7273.6,110.2,1303.3,42.6,0
5588,car,4.5,road_loopA_f0,road_loopA_f1,7169.1,7275.6,106.5,1303.0,44.0,0
5602,suv,4.8,road_loopA_f0,road_loopA_f1,7178.4,7275.6,97.2,1303.0,48.2,0
1070,tram,34.0,loopB,loopB,3135.5,7276.1,4140.6,33672.3,29.3,40
5586,truck,8.5,road_loopA_f0,road_loopA_f1,7165.6,7276.6,111.0,1303.4,42.3,0
5581,car,4.5,road_loopA_r0,road_loopA_r1,7160.6,7276.8,116.2,1297.3,40.2,0
5593,suv,4.8,road_loopA_r0,road_loopA_r1,7171.1,7277.2,106.1,1297.5,44.0,0
5589,car,4.5,road_loopA_f0,road_loopA_f1,7169.7,7278.5,108.8,1303.3,43.1,0
5604,truck,8.5,road_loopA_f0,road_loopA_f1,7181.8,7278.5,96.7,1303.2,48.5,0
5583,car,4.5,road_loopA_r0,road_loopA_r1,7162.4,7279.7,117.3,1297.6,39.8,0
5595,car,4.5,road_loopA_f0,road_loopA_f1,7175.8,7280.3,104.5,1303.7,44.9,0
5614,car,4.5,road_loopA_r0,road_loopA_r1,7189.2,7280.5,91.3,1297.6,51.2,0
5599,car,4.5,road_loopA_f0,road_loopA_f1,7176.7,7281.3,104.6,1303.2,44.9,0
5509,car,4.5,road_loopA_f0,xloopA_0Ab,7098.5,7282.6,184.1,505.2,9.9,1
5608,suv,4.8,road_loopA_r0,road_loopA_r1,7184.4,7282.6,98.2,1297.7,47.6,0
5618,suv,4.8,road_loopA_r0,road_loopA_r1,7192.4,7283.2,90.8,1297.6,51.4,0
5481,truck,8.5,road_loopA_r0,xloopA_0Bb,7068.1,7283.3,215.2,896.0,15.0,1
5620,suv,4.8,road_loopA_r0,road_loopA_r1,7193.2,7285.0,91.8,1298.6,50.9,0
5525,car,4.5,road_loopA_f0,xloopA_0Ab,7113.7,7285.2,171.5,505.2,10.6,1
5521,suv,4.8,road_loopA_r0,xloopA_0Bb,7108.8,7286.3,177.5,895.9,18.2,1
5623,car,4.5,road_loopA_r0,road_loopA_r1,7195.4,7286.7,91.3,1298.3,51.2,0
5606,car,4.5,road_loopA_r0,road_loopA_r1,7183.7,7287.7,104.0,1297.9,44.9,0
5544,car,4.5,road_loopA_f0,xloopA_0Ab,7126.5,7287.9,161.4,505.4,11.3,1
5619,car,4.5,road_loopA_r0,road_loopA_r1,7192.6,7288.4,95.8,1298.0,48.8,0
5609,suv,4.8,road_loopA_r0,road_loopA_r1,7186.6,7288.8,102.2,1297.5,45.7,0
5522,truck,8.5,road_loopA_r0,xloopA_0Bb,7108.9,7289.8,180.9,896.0,17.8,1
5629,suv,4.8,road_loopA_r0,road_loopA_r1,7198.8,7290.4,91.6,1297.6,51.0,0
5557,car,4.5,road_loopA_f0,xloopA_0Ab,7134.8,7290.5,155.7,505.1,11.7,1
1119,tram,34.0,loopA,loopA,3178.9,7292.2,4113.3,33703.3,29.5,40
5633,car,4.5,road_loopA_r0,road_loopA_r1,7201.0,7292.4,91.4,1297.8,51.1,0
5607,suv,4.8,road_loopA_r0,xloopA_0Bb,7183.9,7292.8,108.9,895.2,29.6,1
5663,car,4.5,road_loopA_f0,xloopA_0Ab,7230.2,7293.2,63.0,505.3,28.9,0
5639,car,4.5,road_loopA_r0,road_loopA_r1,7204.6,7293.6,89.0,1297.6,52.5,0
5617,car,4.5,road_loopA_r0,road_loopA_r1,7190.3,7294.4,104.1,1298.5,44.9,0
5626,car,4.5,road_loopA_f0,road_loopA_f1,7196.5,7297.7,101.2,1303.7,46.4,0
5613,truck,8.5,road_loopA_f0,road_loopA_f1,7188.8,7297.8,109.0,1303.7,43.0,0
5474,car,4.5,xloopA_0Aa,xloopA_0Ab,7064.3,7298.6,234.3,84.6,1.3,1
5642,car,4.5,road_loopA_r0,road_loopA_r1,7210.2,7299.1,88.9,1297.3,52.5,0
5636,car,4.5,road_loopA_f0,road_loopA_f1,7202.0,7299.9,97.9,1303.7,47.9,0
5528,car,4.5,xloopA_0Aa,xloopA_0Ab,7116.6,7301.1,184.5,84.6,1.7,1
5622,truck,8.5,road_loopA_r0,road_loopA_r1,7195.0,7301.4,106.4,1298.0,43.9,0
5592,car,4.5,xloopA_0Ba,xloopA_0Bb,7171.1,7301.6,130.5,84.1,2.3,1
5630,suv,4.8,road_loopA_f0,road_loopA_f1,7199.6,7301.8,102.2,1303.9,45.9,0
5611,car,4.5,road_loopA_f0,road_loopA_f1,7187.9,7302.8,114.9,1303.2,40.8,0
5543,car,4.5,xloopA_0Aa,xloopA_0Ab,7126.0,7303.4,177.4,84.2,1.7,0
5634,car,4.5,xloopA_0Ba,xloopA_0Bb,7201.6,7303.8,102.2,84.2,3.0,1
5610,car,4.5,road_loopA_f0,road_loopA_f1,7187.1,7304.2,117.1,1303.6,40.1,0
5621,car,4.5,road_loopA_f0,road_loopA_f1,7194.2,7304.3,110.1,1303.1,42.6,0
5615,car,4.5,road_loopA_f0,road_loopA_f1,7189.5,7304.5,115.0,1303.7,40.8,0
5576,car,4.5,xloopA_0Aa,xloopA_0Ab,7153.7,7305.3,151.6,84.1,2.0,0
5612,car,4.5,road_loopA_f0,road_loopA_f1,7188.0,7306.0,118.0,1303.8,39.8,0
5616,car,4.5,road_loopA_f0,road_loopA_f1,7190.3,7306.2,115.9,1304.1,40.5,0
5722,car,4.5,xloopA_0Ba,xloopA_0Bb,7288.5,7306.4,17.9,84.1,16.9,0
5640,car,4.5,road_loopA_f0,road_loopA_f1,7205.5,7306.8,101.3,1303.0,46.3,0
5587,car,4.5,xloopA_0Aa,xloopA_0Ab,7167.4,7307.8,140.4,84.4,2.2,0
5624,car,4.5,road_loopA_f0,road_loopA_f1,7196.2,7307.9,111.7,1303.8,42.0,0
5628,car,4.5,road_loopA_f0,road_loopA_f1,7197.9,7307.9,110.0,1304.0,42.7,0
5724,car,4.5,xloopA_0Ba,xloopA_0Bb,7291.1,7308.5,17.4,84.5,17.5,0
5651,car,4.5,road_loopA_f0,road_loopA_f1,7219.0,7308.8,89.8,1303.2,52.3,0
5627,car,4.5,road_loopA_f0,road_loopA_f1,7197.6,7309.6,112.0,1303.2,41.9,0
5647,car,4.5,road_loopA_f0,road_loopA_f1,7213.1,7309.6,96.5,1303.7,48.6,0
5637,car,4.5,road_loopA_f0,road_loopA_f1,7203.2,7311.4,108.2,1303.7,43.4,0
5641,car,4.5,road_loopA_f0,road_loopA_f1,7209.0,7311.5,102.5,1303.7,45.8,0
5656,car,4.5,road_loopA_f0,road_loopA_f1,7222.4,7313.2,90.8,1303.3,51.7,0
5650,car,4.5,road_loopA_f0,road_loopA_f1,7215.4,7318.0,102.6,1303.9,45.8,0
5657,car,4.5,road_loopA_f0,road_loopA_f1,7224.8,7318.5,93.7,1303.4,50.1,0
5631,car,4.5,road_loopA_r0,xloopA_0Ab,7200.1,7319.3,119.2,869.0,26.2,2
5689,suv,4.8,road_loopA_f0,xloopA_0Bb,7250.1,7319.6,69.5,478.9,24.8,1
5659,car,4.5,road_loopA_f0,road_loopA_f1,7227.4,7319.7,92.3,1303.9,50.9,0
5664,suv,4.8,road_loopA_r0,xloopA_0Ab,7231.0,7323.0,92.0,869.4,34.0,0
5685,suv,4.8,road_loopA_r0,xloopA_0Ab,7246.9,7326.5,79.6,869.4,39.3,0
5660,car,4.5,road_loopA_r0,xloopA_0Ab,7227.5,7329.8,102.3,869.0,30.6,1
5644,suv,4.8,road_loopA_r0,road_loopA_r1,7211.9,7337.7,125.8,1297.8,37.1,1
5646,suv,4.8,road_loopA_r0,road_loopA_r1,7212.9,7339.8,126.9,1298.2,36.8,1
5654,suv,4.8,road_loopA_r0,road_loopA_r1,7221.0,7342.5,121.5,1297.5,38.4,1
5733,car,4.5,road_loopA_f0,xloopA_0Bb,7302.5,7344.5,42.0,478.7,41.0,0
5648,car,4.5,road_loopA_r0,road_loopA_r1,7214.5,7345.1,130.6,1298.6,35.8,1
5739,car,4.5,road_loopA_f0,xloopA_0Bb,7307.0,7347.7,40.7,478.6,42.3,0
5665,car,4.5,road_loopA_r0,road_loopA_r1,7231.9,7348.0,116.1,1298.5,40.3,1
5682,car,4.5,road_loopA_r0,road_loopA_r1,7245.9,7349.6,103.7,1298.5,45.1,0
5688,car,4.5,road_loopA_r0,road_loopA_r1,7248.9,7351.7,102.8,1298.0,45.5,0
5505,car,4.5,xloopA_0Aa,road_loopA_r1,7095.5,7352.9,257.4,507.0,7.1,1
5667,suv,4.8,road_loopA_r0,road_loopA_r1,7233.4,7354.5,121.1,1298.0,38.6,1
5653,suv,4.8,road_loopA_r0,road_loopA_r1,7220.7,7354.6,133.9,1298.2,34.9,1
5694,suv,4.8,road_loopA_r0,road_loopA_r1,7254.3,7355.4,101.1,1297.9,46.2,0
5571,car,4.5,xloopA_0Ba,road_loopA_r1,7149.6,7355.9,206.3,476.1,8.3,1
5643,car,4.5,road_loopA_r0,road_loopA_r1,7211.8,7356.8,145.0,1298.0,32.2,1
5655,car,4.5,road_loopA_r0,road_loopA_r1,7221.8,7357.3,135.5,1297.6,34.5,1
5632,car,4.5,road_loopA_r0,road_loopA_r1,7200.4,7357.6,157.2,1297.8,29.7,1
5652,car,4.5,road_loopA_r0,road_loopA_r1,7219.2,7358.3,139.1,1297.7,33.6,1
5691,truck,8.5,road_loopA_r0,road_loopA_r1,7251.6,7358.8,107.2,1298.1,43.6,0
5662,car,4.5,road_loopA_r0,road_loopA_r1,7229.9,7360.4,130.5,1297.2,35.8,1
5693,suv,4.8,road_loopA_r0,road_loopA_r1,7253.2,7360.6,107.4,1297.7,43.5,0
5705,car,4.5,road_loopA_r0,road_loopA_r1,7266.0,7361.5,95.5,1297.3,48.9,0
5666,truck,8.5,road_loopA_r0,road_loopA_r1,7232.5,7362.6,130.1,1298.3,35.9,1
5758,car,4.5,road_loopA_f0,xloopA_0Bb,7322.0,7362.6,40.6,478.7,42.5,0
5700,car,4.5,road_loopA_r0,road_loopA_r1,7262.0,7362.7,100.7,1298.2,46.4,0
5635,bus,11.0,road_loopA_f0,road_loopA_f1,7201.8,7362.9,161.1,1303.0,29.1,2
5711,car,4.5,road_loopA_r0,road_loopA_r1,7270.6,7364.2,93.6,1298.1,49.9,0
5673,car,4.5,road_loopA_r0,road_loopA_r1,7239.6,7364.6,125.0,1297.3,37.3,1
5701,truck,8.5,road_loopA_r0,road_loopA_r1,7262.5,7364.8,102.3,1297.6,45.7,0
5713,suv,4.8,road_loopA_r0,road_loopA_r1,7273.6,7365.6,92.0,1298.5,50.8,0
5672,car,4.5,road_loopA_r0,road_loopA_r1,7239.5,7366.5,127.0,1298.4,36.8,1
5692,suv,4.8,road_loopA_r0,road_loopA_r1,7252.7,7367.0,114.3,1298.1,40.9,0
5702,car,4.5,road_loopA_r0,road_loopA_r1,7262.7,7368.3,105.6,1298.1,44.3,0
5703,car,4.5,road_loopA_r0,road_loopA_r1,7264.4,7368.5,104.1,1298.0,44.9,0
5676,truck,8.5,road_loopA_r0,road_loopA_r1,7240.2,7368.7,128.5,1297.6,36.4,1
5708,truck,8.5,road_loopA_r0,road_loopA_r1,7268.3,7370.5,102.2,1298.2,45.7,0
5709,car,4.5,road_loopA_r0,road_loopA_r1,7269.7,7371.9,102.2,1298.4,45.7,0
5668,car,4.5,road_loopA_f0,road_loopA_f1,7234.1,7372.1,138.0,1303.9,34.0,1
5715,car,4.5,road_loopA_r0,road_loopA_r1,7275.8,7372.1,96.3,1298.2,48.5,0
5669,suv,4.8,road_loopA_f0,road_loopA_f1,7235.6,7372.2,136.6,1303.7,34.4,1
5670,car,4.5,road_loopA_f0,road_loopA_f1,7238.6,7372.9,134.3,1303.8,35.0,1
5679,car,4.5,road_loopA_f0,road_loopA_f1,7244.0,7373.7,129.7,1302.9,36.2,1
5671,suv,4.8,road_loopA_f0,road_loopA_f1,7238.8,7373.8,135.0,1302.8,34.8,1
5720,car,4.5,road_loopA_r0,road_loopA_r1,7284.0,7373.8,89.8,1297.8,52.0,0
5712,truck,8.5,road_loopA_r0,road_loopA_r1,7271.2,7374.8,103.6,1298.0,45.1,0
5625,car,4.5,road_loopA_r0,xloopA_0Bb,7196.1,7375.5,179.4,895.3,18.0,2
5684,car,4.5,road_loopA_f0,road_loopA_f1,7246.2,7375.5,129.3,1304.0,36.3,1
5675,car,4.5,road_loopA_f0,road_loopA_f1,7239.7,7375.6,135.9,1304.0,34.5,1
5690,car,4.5,road_loopA_f0,road_loopA_f1,7250.9,7375.7,124.8,1303.4,37.6,1
5714,suv,4.8,road_loopA_f0,xloopA_0Ab,7275.7,7376.2,100.5,505.7,18.1,1
5677,car,4.5,road_loopA_f0,road_loopA_f1,7241.4,7377.4,136.0,1303.8,34.5,1
5696,car,4.5,road_loopA_f0,road_loopA_f1,7257.9,7377.4,119.5,1303.8,39.3,1
5732,car,4.5,road_loopA_f0,xloopA_0Ab,7300.1,7378.8,78.7,505.4,23.1,1
5645,truck,8.5,road_loopA_r0,xloopA_0Bb,7212.5,7378.9,166.4,895.5,19.4,1
5681,car,4.5,road_loopA_f0,road_loopA_f1,7244.9,7379.2,134.3,1303.0,34.9,1
5638,bus,11.0,road_loopA_r0,road_loopA_r1,7204.3,7379.4,175.1,1297.5,26.7,2
5686,truck,8.5,road_loopA_f0,road_loopA_f1,7248.2,7381.4,133.2,1303.1,35.2,1
5756,car,4.5,road_loopA_f0,xloopA_0Ab,7319.5,7381.4,61.9,505.1,29.4,1
5649,truck,8.5,road_loopA_r0,xloopA_0Bb,7214.6,7382.7,168.1,895.9,19.2,1
5698,car,4.5,road_loopA_r0,road_loopA_r1,7259.5,7382.9,123.4,1298.3,37.9,0
5721,car,4.5,road_loopA_f0,road_loopA_f1,7284.1,7384.8,100.7,1303.2,46.6,0
5658,car,4.5,road_loopA_r0,xloopA_0Bb,7226.8,7385.7,158.9,895.7,20.3,1
5697,truck,8.5,road_loopA_f0,road_loopA_f1,7259.4,7386.9,127.5,1304.0,36.8,1
5704,car,4.5,road_loopA_f0,road_loopA_f1,7264.5,7387.7,123.2,1303.5,38.1,1
5718,car,4.5,road_loopA_f0,road_loopA_f1,7279.9,7389.8,109.9,1303.8,42.7,0
5789,car,4.5,xloopA_0Ba,xloopA_0Bb,7351.9,7390.8,38.9,84.0,7.8,1
5731,car,4.5,road_loopA_r0,road_loopA_r1,7299.4,7391.6,92.2,1298.4,50.7,0
5707,car,4.5,road_loopA_r0,road_loopA_r1,7267.9,7392.8,124.9,1298.1,37.4,0
5734,car,4.5,road_loopA_r0,road_loopA_r1,7304.0,7393.1,89.1,1298.2,52.5,0
5601,car,4.5,xloopA_0Aa,xloopA_0Ab,7177.6,7394.1,216.5,84.0,1.4,1
5723,suv,4.8,road_loopA_f0,road_loopA_f1,7288.7,7394.4,105.7,1302.8,44.4,0
5683,car,4.5,road_loopA_f0,road_loopA_f1,7246.2,7395.3,149.1,1303.1,31.5,1
5728,car,4.5,road_loopA_f0,road_loopA_f1,7295.9,7396.1,100.2,1302.8,46.8,0
5674,car,4.5,road_loopA_f0,road_loopA_f1,7239.6,7396.7,157.1,1303.2,29.9,1
5687,car,4.5,road_loopA_f0,road_loopA_f1,7248.7,7396.9,148.2,1303.2,31.6,1
5729,car,4.5,road_loopA_f0,road_loopA_f1,7298.8,7397.9,99.1,1304.1,47.4,0
5680,car,4.5,xloopA_0Aa,xloopA_0Ab,7244.7,7398.1,153.4,84.1,2.0,0
5710,suv,4.8,road_loopA_f0,road_loopA_f1,7270.5,7398.3,127.8,1303.4,36.7,1
5699,car,4.5,road_loopA_f0,road_loopA_f1,7261.9,7398.6,136.7,1303.8,34.3,1
5737,car,4.5,road_loopA_f0,road_loopA_f1,7305.8,7399.6,93.8,1303.4,50.0,0
5726,suv,4.8,road_loopA_f0,road_loopA_f1,7292.4,7400.2,107.8,1303.5,43.5,0
5706,car,4.5,road_loopA_f0,road_loopA_f1,7267.5,7400.3,132.8,1303.7,35.3,1
5716,car,4.5,road_loopA_f0,road_loopA_f1,7276.5,7402.0,125.5,1303.3,37.4,0
5725,car,4.5,road_loopA_f0,road_loopA_f1,7291.2,7402.1,110.9,1303.6,42.3,0
5727,car,4.5,road_loopA_f0,road_loopA_f1,7292.9,7404.6,111.7,1302.9,42.0,0
5751,car,4.5,road_loopA_f0,road_loopA_f1,7314.7,7407.7,93.0,1304.1,50.5,0
5745,car,4.5,road_loopA_f0,road_loopA_f1,7310.8,7408.0,97.2,1303.2,48.3,0
5757,car,4.5,road_loopA_f0,road_loopA_f1,7319.6,7410.5,90.9,1304.1,51.7,0
5765,suv,4.8,road_loopA_f0,xloopA_0Bb,7333.1,7413.7,80.6,479.0,21.4,2
5747,car,4.5,road_loopA_r0,xloopA_0Ab,7311.5,7414.9,103.4,869.0,30.3,1
5770,car,4.5,road_loopA_f0,xloopA_0Bb,7337.2,7417.4,80.2,478.8,21.5,2
5764,suv,4.8,road_loopA_f0,road_loopA_f1,7330.3,7419.6,89.3,1303.1,52.5,0
5695,bus,11.0,road_loopA_f0,road_loopA_f1,7256.7,7421.1,164.4,1303.5,28.6,2
5805,suv,4.8,road_loopA_f0,xloopA_0Bb,7363.5,7421.1,57.6,478.9,29.9,1
5815,car,4.5,road_loopA_f0,xloopA_0Bb,7373.4,7424.9,51.5,478.7,33.5,0
5746,bus,11.0,road_loopA_f0,road_loopA_f1,7311.2,7429.4,118.2,1303.5,39.7,0
5761,suv,4.8,road_loopA_f0,road_loopA_f1,7325.4,7429.4,104.0,1303.0,45.1,0
5736,car,4.5,road_loopA_r0,road_loopA_r1,7304.5,7430.3,125.8,1298.7,37.2,1
5741,suv,4.8,road_loopA_r0,road_loopA_r1,7308.1,7431.8,123.7,1298.6,37.8,1
5730,bus,11.0,road_loopA_f0,road_loopA_f1,7299.1,7432.2,133.1,1303.4,35.2,1
5748,car,4.5,road_loopA_r0,road_loopA_r1,7313.2,7433.2,120.0,1297.4,38.9,1
5772,car,4.5,road_loopA_r0,xloopA_0Ab,7339.5,7433.3,93.8,869.0,33.3,1
5750,suv,4.8,road_loopA_r0,road_loopA_r1,7314.1,7435.5,121.4,1297.6,38.5,1
5749,suv,4.8,road_loopA_r0,road_loopA_r1,7313.6,7438.8,125.2,1298.0,37.3,1
5738,car,4.5,road_loopA_r0,road_loopA_r1,7306.8,7439.2,132.4,1297.4,35.3,1
5760,car,4.5,road_loopA_r0,road_loopA_r1,7324.7,7440.9,116.2,1298.2,40.2,1
5754,truck,8.5,road_loopA_r0,road_loopA_r1,7317.8,7441.6,123.8,1297.8,37.7,1
5781,car,4.5,road_loopA_r0,road_loopA_r1,7343.5,7443.8,100.3,1298.2,46.6,0
5735,car,4.5,road_loopA_r0,road_loopA_r1,7304.4,7444.1,139.7,1298.0,33.4,1
5768,car,4.5,road_loopA_r0,road_loopA_r1,7336.5,7446.3,109.8,1297.8,42.6,1
5763,car,4.5,road_loopA_r0,road_loopA_r1,7328.0,7446.6,118.6,1297.4,39.4,0
5740,car,4.5,road_loopA_r0,road_loopA_r1,7307.1,7447.8,140.7,1298.7,33.2,1
5782,suv,4.8,road_loopA_r0,road_loopA_r1,7344.0,7449.1,105.1,1297.6,44.5,0
5776,truck,8.5,road_loopA_r0,road_loopA_r1,7341.6,7450.5,108.9,1298.1,42.9,0
5793,car,4.5,road_loopA_r0,road_loopA_r1,7356.4,7451.9,95.5,1297.7,48.9,0
5779,car,4.5,road_loopA_r0,road_loopA_r1,7342.4,7452.6,110.2,1297.9,42.4,0
5778,suv,4.8,road_loopA_r0,road_loopA_r1,7341.8,7454.9,113.1,1297.9,41.3,0
5792,car,4.5,road_loopA_r0,road_loopA_r1,7354.6,7455.3,100.7,1298.0,46.4,0
5767,car,4.5,road_loopA_f0,road_loopA_f1,7334.8,7457.6,122.8,1303.5,38.2,1
5762,car,4.5,road_loopA_r0,road_loopA_r1,7328.0,7457.7,129.7,1298.1,36.0,1
5806,car,4.5,road_loopA_r0,road_loopA_r1,7363.7,7457.7,94.0,1298.0,49.7,0
5787,truck,8.5,road_loopA_r0,road_loopA_r1,7350.1,7458.9,108.8,1297.9,43.0,0
5678,car,4.5,xloopA_0Aa,road_loopA_r1,7243.8,7460.4,216.6,506.9,8.4,1
5802,suv,4.8,road_loopA_r0,road_loopA_r1,7361.9,7460.4,98.5,1297.8,47.4,0
5766,car,4.5,road_loopA_f0,road_loopA_f1,7333.9,7461.4,127.5,1303.0,36.8,1
5774,car,4.5,road_loopA_f0,road_loopA_f1,7341.5,7461.7,120.2,1303.6,39.0,1
5753,suv,4.8,road_loopA_r0,road_loopA_r1,7317.0,7462.1,145.1,1298.3,32.2,1
5809,car,4.5,road_loopA_r0,road_loopA_r1,7368.3,7462.1,93.8,1298.5,49.8,0
5791,car,4.5,road_loopA_r0,road_loopA_r1,7352.1,7462.6,110.5,1297.6,42.3,0
5810,car,4.5,road_loopA_r0,road_loopA_r1,7369.7,7463.7,94.0,1298.2,49.7,0
5755,car,4.5,road_loopA_r0,road_loopA_r1,7318.2,7463.8,145.6,1298.1,32.1,1
5777,car,4.5,road_loopA_f0,road_loopA_f1,7341.9,7463.8,121.9,1303.0,38.5,1
5799,suv,4.8,road_loopA_r0,road_loopA_r1,7360.1,7464.9,104.8,1298.0,44.6,0
5788,car,4.5,road_loopA_r0,road_loopA_r1,7350.4,7465.4,115.0,1297.6,40.6,0
5801,car,4.5,road_loopA_r0,road_loopA_r1,7361.8,7465.6,103.8,1297.3,45.0,0
5783,car,4.5,road_loopA_f0,road_loopA_f1,7345.7,7465.7,120.0,1303.6,39.1,1
5785,car,4.5,road_loopA_f0,road_loopA_f1,7348.8,7467.5,118.7,1303.8,39.5,1
5800,truck,8.5,road_loopA_r0,road_loopA_r1,7361.6,7467.6,106.0,1297.8,44.1,0
5752,car,4.5,road_loopA_r0,xloopA_0Bb,7316.2,7469.0,152.8,895.4,21.1,1
5780,car,4.5,road_loopA_f0,road_loopA_f1,7343.0,7469.2,126.2,1303.5,37.2,1
5786,car,4.5,road_loopA_f0,xloopA_0Ab,7349.8,7469.6,119.8,505.1,15.2,1
5820,car,4.5,road_loopA_r0,road_loopA_r1,7377.7,7470.2,92.5,1297.7,50.5,0
5814,car,4.5,road_loopA_r0,road_loopA_r1,7373.1,7470.7,97.6,1298.2,47.9,0
5771,car,4.5,road_loopA_f0,road_loopA_f1,7338.3,7470.8,132.5,1303.0,35.4,1
5823,suv,4.8,road_loopA_r0,road_loopA_r1,7379.6,7471.2,91.6,1298.1,51.0,0
5790,truck,8.5,road_loopA_f0,road_loopA_f1,7352.0,7471.4,119.4,1303.2,39.3,1
5759,bus,11.0,road_loopA_r0,road_loopA_r1,7322.2,7471.7,149.5,1298.5,31.3,1
5796,car,4.5,road_loopA_f0,xloopA_0Ab,7357.5,7472.2,114.7,505.2,15.9,1
5817,car,4.5,road_loopA_r0,road_loopA_r1,7376.3,7472.7,96.4,1298.6,48.5,0
5826,suv,4.8,road_loopA_r0,road_loopA_r1,7382.3,7472.9,90.6,1297.3,51.6,0
5797,car,4.5,road_loopA_f0,road_loopA_f1,7358.4,7473.5,115.1,1303.8,40.8,1
5769,truck,8.5,road_loopA_f0,road_loopA_f1,7337.1,7473.8,136.7,1302.8,34.3,1
5853,suv,4.8,road_loopA_f0,xloopA_0Ab,7409.9,7474.9,65.0,505.4,28.0,1
5808,car,4.5,road_loopA_f0,road_loopA_f1,7367.9,7476.3,108.4,1303.6,43.3,0
5827,truck,8.5,road_loopA_r0,road_loopA_r1,7384.5,7477.1,92.6,1298.2,50.4,0
5775,car,4.5,road_loopA_f0,road_loopA_f1,7341.6,7477.3,135.7,1304.0,34.6,1
5830,car,4.5,road_loopA_r0,road_loopA_r1,7386.7,7477.5,90.8,1298.4,51.5,0
5863,car,4.5,road_loopA_f0,xloopA_0Ab,7418.7,7477.6,58.9,505.2,30.9,0
5822,car,4.5,xloopA_0Ba,road_loopA_f1,7378.0,7478.5,100.5,902.4,32.3,0
5803,suv,4.8,road_loopA_f0,road_loopA_f1,7362.6,7479.0,116.4,1303.5,40.3,1
5818,car,4.5,road_loopA_f0,road_loopA_f1,7376.4,7480.3,103.9,1303.5,45.2,0
5874,car,4.5,road_loopA_f0,xloopA_0Ab,7426.0,7480.3,54.3,505.2,33.5,0
5794,suv,4.8,road_loopA_f0,road_loopA_f1,7356.6,7480.7,124.1,1303.1,37.8,1
5832,car,4.5,road_loopA_r0,road_loopA_r1,7389.0,7482.8,93.8,1298.2,49.8,0
5828,car,4.5,road_loopA_r0,road_loopA_r1,7385.9,7483.0,97.1,1297.7,48.1,0
5837,car,4.5,xloopA_0Ba,xloopA_0Bb,7395.9,7483.8,87.9,84.2,3.4,1
5719,car,4.5,xloopA_0Aa,xloopA_0Ab,7282.2,7484.1,201.9,84.3,1.5,1
5813,car,4.5,road_loopA_f0,road_loopA_f1,7371.8,7484.4,112.6,1302.9,41.7,0
5661,car,4.5,xloopA_0Aa,road_loopA_f1,7229.4,7485.9,256.5,872.0,12.2,1
5831,suv,4.8,road_loopA_r0,road_loopA_r1,7387.0,7486.0,99.0,1298.0,47.2,0
5821,car,4.5,road_loopA_f0,road_loopA_f1,7377.9,7486.6,108.7,1302.9,43.1,0
5921,car,4.5,xloopA_0Ba,xloopA_0Bb,7462.0,7487.3,25.3,84.4,12.0,1
5784,car,4.5,road_loopA_f0,road_loopA_f1,7346.1,7487.4,141.3,1303.1,33.2,1
5833,car,4.5,road_loopA_f0,road_loopA_f1,7389.4,7488.4,99.0,1302.9,47.4,0
5804,car,4.5,road_loopA_f0,road_loopA_f1,7363.0,7489.3,126.3,1303.2,37.1,0
5743,car,4.5,xloopA_0Aa,xloopA_0Ab,7310.2,7489.5,179.3,84.3,1.7,1
5795,car,4.5,road_loopA_f0,road_loopA_f1,7357.4,7490.7,133.3,1303.7,35.2,1
5835,truck,8.5,road_loopA_f0,road_loopA_f1,7393.7,7490.7,97.0,1304.1,48.4,0
5744,car,4.5,xloopA_0Aa,xloopA_0Ab,7310.4,7491.7,181.3,84.3,1.7,0
5812,car,4.5,road_loopA_f0,road_loopA_f1,7371.3,7492.2,120.9,1304.0,38.8,0
5927,car,4.5,xloopA_0Ba,xloopA_0Bb,7464.8,7492.2,27.4,84.2,11.0,0
5842,car,4.5,road_loopA_f0,road_loopA_f1,7402.5,7492.7,90.2,1304.2,52.0,0
5819,car,4.5,road_loopA_f0,road_loopA_f1,7376.6,7494.1,117.5,1304.0,39.9,0
5849,car,4.5,road_loopA_f0,road_loopA_f1,7405.4,7494.8,89.4,1303.2,52.5,0
5834,car,4.5,road_loopA_f0,road_loopA_f1,7392.5,7494.9,102.4,1303.2,45.8,0
5811,suv,4.8,road_loopA_r0,road_loopA_r1,7369.7,7496.9,127.2,1297.5,36.7,0
5825,suv,4.8,road_loopA_f0,road_loopA_f1,7381.8,7497.1,115.3,1304.0,40.7,0
5816,car,4.5,road_loopA_f0,road_loopA_f1,7375.9,7497.7,121.8,1304.1,38.6,0
5824,car,4.5,road_loopA_r0,xloopA_0Ab,7379.8,7498.9,119.1,869.1,26.3,2
5852,car,4.5,road_loopA_f0,road_loopA_f1,7409.7,7499.5,89.8,1303.4,52.2,0
5854,car,4.5,road_loopA_f0,road_loopA_f1,7411.1,7501.7,90.6,1304.1,51.8,0
5836,car,4.5,road_loopA_f0,road_loopA_f1,7394.4,7503.3,108.9,1303.3,43.1,0
5773,car,4.5,road_loopA_f0,road_loopA_f1,7339.7,7505.7,166.0,1303.8,28.3,1
5843,car,4.5,road_loopA_f0,road_loopA_f1,7402.9,7506.5,103.6,1303.7,45.3,0
5807,truck,8.5,road_loopA_f0,road_loopA_f1,7366.2,7509.8,143.6,1303.6,32.7,0
5851,car,4.5,road_loopA_f0,road_loopA_f1,7409.4,7511.1,101.7,1303.3,46.1,0
5866,car,4.5,road_loopA_f0,road_loopA_f1,7421.0,7512.8,91.8,1303.5,51.1,0
5869,suv,4.8,road_loopA_f0,road_loopA_f1,7423.4,7513.0,89.6,1303.9,52.4,0
5717,car,4.5,xloopA_0Aa,road_loopA_f1,7279.5,7514.9,235.4,872.2,13.3,0
5953,car,4.5,road_loopA_f0,xloopA_0Bb,7483.2,7523.1,39.9,478.6,43.1,0
5839,suv,4.8,road_loopA_r0,road_loopA_r1,7399.2,7523.8,124.6,1298.0,37.5,1
5841,car,4.5,road_loopA_r0,road_loopA_r1,7400.0,7524.0,124.0,1298.2,37.7,1
5844,car,4.5,road_loopA_r0,road_loopA_r1,7403.0,7525.3,122.3,1297.3,38.2,1
5846,car,4.5,road_loopA_r0,road_loopA_r1,7404.8,7526.8,122.0,1297.8,38.3,1
5845,car,4.5,road_loopA_r0,road_loopA_r1,7403.9,7528.4,124.5,1298.3,37.5,1
5855,suv,4.8,road_loopA_r0,road_loopA_r1,7411.7,7531.7,120.0,1298.6,38.9,1
5848,suv,4.8,road_loopA_r0,road_loopA_r1,7404.7,7533.1,128.4,1297.3,36.4,1
5829,car,4.5,road_loopA_r0,road_loopA_r1,7386.2,7534.0,147.8,1297.9,31.6,1
5864,car,4.5,road_loopA_r0,road_loopA_r1,7419.1,7535.1,116.0,1298.1,40.3,1
5858,car,4.5,road_loopA_r0,road_loopA_r1,7412.8,7535.3,122.5,1297.8,38.1,1
5838,car,4.5,road_loopA_r0,road_loopA_r1,7396.1,7535.8,139.7,1297.5,33.4,1
5850,car,4.5,road_loopA_r0,road_loopA_r1,7408.6,7537.2,128.6,1297.6,36.3,1
5840,suv,4.8,road_loopA_r0,road_loopA_r1,7399.8,7537.7,137.9,1298.5,33.9,1
5862,car,4.5,road_loopA_r0,road_loopA_r1,7418.6,7538.5,119.9,1298.2,39.0,1
5847,car,4.5,road_loopA_r0,road_loopA_r1,7404.8,7539.5,134.7,1298.1,34.7,1
5965,car,4.5,road_loopA_f0,xloopA_0Bb,7496.6,7539.8,43.2,478.7,39.9,0
5859,car,4.5,road_loopA_r0,road_loopA_r1,7413.0,7540.1,127.1,1297.4,36.8,1
5857,car,4.5,road_loopA_r0,road_loopA_r1,7412.6,7541.8,129.2,1298.0,36.2,1
5865,car,4.5,road_loopA_r0,road_loopA_r1,7420.1,7543.0,122.9,1298.5,38.0,1
5867,car,4.5,road_loopA_r0,road_loopA_r1,7421.6,7543.5,121.9,1297.6,38.3,1
5868,car,4.5,road_loopA_r0,road_loopA_r1,7422.8,7544.8,122.0,1297.6,38.3,1
5873,car,4.5,road_loopA_r0,road_loopA_r1,7424.3,7544.8,120.5,1297.3,38.8,1
5870,car,4.5,road_loopA_r0,road_loopA_r1,7423.5,7545.3,121.8,1297.6,38.4,1
5872,car,4.5,road_loopA_r0,road_loopA_r1,7423.8,7547.3,123.5,1297.4,37.8,0
5900,car,4.5,road_loopA_r0,road_loopA_r1,7449.4,7547.6,98.2,1298.0,47.6,0
5884,car,4.5,road_loopA_r0,road_loopA_r1,7436.8,7549.2,112.4,1298.3,41.6,0
5861,car,4.5,road_loopA_r0,road_loopA_r1,7417.3,7549.9,132.6,1297.8,35.2,1
5891,car,4.5,road_loopA_r0,road_loopA_r1,7444.3,7550.3,106.0,1298.2,44.1,0
5889,car,4.5,road_loopA_r0,road_loopA_r1,7442.3,7550.8,108.5,1297.3,43.1,0
5887,suv,4.8,road_loopA_r0,road_loopA_r1,7439.5,7551.6,112.1,1297.6,41.7,0
5907,car,4.5,road_loopA_r0,road_loopA_r1,7452.4,7551.9,99.5,1297.8,46.9,0
5878,car,4.5,road_loopA_f0,road_loopA_f1,7429.4,7552.4,123.0,1302.8,38.1,1
5904,car,4.5,road_loopA_r0,road_loopA_r1,7451.5,7552.6,101.1,1298.3,46.2,0
5906,suv,4.8,road_loopA_r0,road_loopA_r1,7451.9,7554.3,102.4,1297.7,45.6,0
5890,car,4.5,road_loopA_r0,road_loopA_r1,7443.6,7554.7,111.1,1297.9,42.1,0
5877,car,4.5,road_loopA_r0,road_loopA_r1,7427.6,7556.1,128.5,1298.4,36.4,1
5896,suv,4.8,road_loopA_r0,road_loopA_r1,7447.7,7558.0,110.3,1298.5,42.4,0
5881,car,4.5,road_loopA_f0,road_loopA_f1,7434.9,7559.9,125.0,1303.0,37.5,1
5894,car,4.5,road_loopA_f0,road_loopA_f1,7447.2,7561.1,113.9,1302.8,41.2,1
5897,truck,8.5,road_loopA_r0,road_loopA_r1,7447.8,7561.9,114.1,1298.2,41.0,0
5856,car,4.5,road_loopA_r0,xloopA_0Bb,7412.4,7562.5,150.1,895.5,21.5,1
5899,car,4.5,road_loopA_f0,road_loopA_f1,7448.9,7562.6,113.7,1302.9,41.3,1
5879,car,4.5,road_loopA_f0,xloopA_0Ab,7433.1,7563.1,130.0,505.3,14.0,1
5914,truck,8.5,road_loopA_r0,road_loopA_r1,7457.5,7563.6,106.1,1297.9,44.1,0
5913,car,4.5,road_loopA_f0,road_loopA_f1,7456.6,7563.8,107.2,1304.0,43.8,0
5871,suv,4.8,road_loopA_r0,xloopA_0Bb,7423.7,7565.2,141.5,896.0,22.8,1
5917,suv,4.8,road_loopA_r0,road_loopA_r1,7459.4,7565.6,106.2,1297.9,44.0,0
5883,truck,8.5,road_loopA_f0,xloopA_0Ab,7436.4,7566.5,130.1,505.6,14.0,1
5924,car,4.5,road_loopA_f0,road_loopA_f1,7462.5,7566.7,104.2,1304.1,45.1,0
5909,car,4.5,road_loopA_r0,road_loopA_r1,7454.1,7567.6,113.5,1297.6,41.2,0
5915,car,4.5,road_loopA_r0,xloopA_0Bb,7458.2,7567.8,109.6,895.4,29.4,1
5916,car,4.5,road_loopA_r0,road_loopA_r1,7459.0,7568.2,109.2,1297.7,42.8,0
5886,car,4.5,road_loopA_f0,xloopA_0Ab,7439.4,7569.5,130.1,505.2,14.0,1
5905,car,4.5,road_loopA_r0,road_loopA_r1,7451.7,7570.4,118.7,1297.6,39.3,0
5945,car,4.5,road_loopA_r0,xloopA_0Bb,7478.1,7570.5,92.4,895.7,34.9,1
5919,car,4.5,road_loopA_r0,road_loopA_r1,7459.6,7570.6,111.0,1297.5,42.1,0
5934,truck,8.5,road_loopA_r0,road_loopA_r1,7470.6,7571.3,100.7,1297.4,46.4,0
5911,suv,4.8,road_loopA_r0,road_loopA_r1,7455.0,7572.1,117.1,1298.3,39.9,0
5895,car,4.5,road_loopA_f0,xloopA_0Ab,7447.5,7572.2,124.7,505.3,14.6,1
5928,car,4.5,road_loopA_r0,road_loopA_r1,7464.9,7572.5,107.6,1297.6,43.4,0
5949,car,4.5,road_loopA_r0,road_loopA_r1,7480.9,7573.6,92.7,1298.6,50.4,0
5918,car,4.5,road_loopA_r0,road_loopA_r1,7459.5,7573.8,114.3,1297.9,40.9,0
5943,suv,4.8,road_loopA_r0,road_loopA_r1,7477.3,7574.3,97.0,1298.4,48.2,0
5948,car,4.5,road_loopA_r0,road_loopA_r1,7480.8,7575.4,94.6,1298.6,49.4,0
5925,car,4.5,road_loopA_r0,road_loopA_r1,7463.6,7575.9,112.3,1298.0,41.6,0
5903,car,4.5,road_loopA_f0,road_loopA_f1,7450.3,7576.1,125.8,1304.0,37.3,0
5940,car,4.5,road_loopA_r0,road_loopA_r1,7475.8,7576.3,100.5,1297.7,46.5,0
5952,car,4.5,road_loopA_r0,road_loopA_r1,7482.5,7577.2,94.7,1298.3,49.4,0
5939,car,4.5,road_loopA_r0,road_loopA_r1,7475.7,7577.6,101.9,1298.4,45.9,0
5975,car,4.5,xloopA_0Ba,xloopA_0Bb,7505.9,7577.7,71.8,84.7,4.2,1
5860,car,4.5,xloopA_0Aa,xloopA_0Ab,7416.8,7577.8,161.0,84.7,1.9,1
5929,truck,8.5,road_loopA_f0,road_loopA_f1,7466.0,7578.4,112.4,1303.1,41.7,0
5955,car,4.5,road_loopA_r0,road_loopA_r1,7484.8,7578.9,94.1,1297.6,49.7,0
5990,car,4.5,xloopA_0Ba,xloopA_0Bb,7523.7,7580.3,56.6,84.5,5.4,1
5932,car,4.5,road_loopA_f0,road_loopA_f1,7468.3,7580.5,112.2,1303.9,41.8,0
5885,car,4.5,xloopA_0Aa,xloopA_0Ab,7437.2,7581.0,143.8,84.1,2.1,1
5944,truck,8.5,road_loopA_r0,road_loopA_r1,7477.6,7581.8,104.2,1297.7,44.8,0
5937,suv,4.8,road_loopA_f0,road_loopA_f1,7472.7,7582.2,109.5,1302.9,42.8,0
5951,car,4.5,road_loopA_f0,road_loopA_f1,7481.9,7584.0,102.1,1302.8,45.9,0
5882,car,4.5,xloopA_0Ba,road_loopA_f1,7436.0,7584.4,148.4,902.8,21.9,1
5902,car,4.5,xloopA_0Aa,xloopA_0Ab,7449.9,7584.7,134.8,84.1,2.2,0
5936,car,4.5,road_loopA_f0,road_loopA_f1,7472.6,7585.7,113.1,1303.0,41.5,0
5908,car,4.5,xloopA_0Aa,xloopA_0Ab,7453.2,7586.5,133.3,84.3,2.3,0
5920,car,4.5,road_loopA_f0,road_loopA_f1,7461.5,7587.4,125.9,1303.7,37.3,0
5898,suv,4.8,road_loopA_f0,road_loopA_f1,7448.6,7588.9,140.3,1302.8,33.4,1
5935,car,4.5,xloopA_0Aa,xloopA_0Ab,7472.5,7589.1,116.6,84.4,2.6,0
5941,car,4.5,road_loopA_f0,road_loopA_f1,7476.1,7591.3,115.2,1303.9,40.7,0
5933,car,4.5,xloopA_0Ba,road_loopA_f1,7470.1,7593.0,122.9,902.8,26.4,0
5742,car,4.5,xloopA_0Aa,road_loopA_f1,7309.0,7594.3,285.3,872.2,11.0,1
5893,car,4.5,road_loopA_f0,road_loopA_f1,7447.2,7595.0,147.8,1303.5,31.7,1
5892,truck,8.5,road_loopA_f0,road_loopA_f1,7445.2,7595.1,149.9,1302.8,31.3,1
5954,car,4.5,road_loopA_f0,road_loopA_f1,7484.6,7596.2,111.6,1303.4,42.1,0
5901,suv,4.8,road_loopA_f0,road_loopA_f1,7449.8,7597.5,147.7,1303.0,31.8,0
5963,car,4.5,road_loopA_f0,road_loopA_f1,7494.0,7598.0,104.0,1303.6,45.1,0
5926,suv,4.8,road_loopA_f0,road_loopA_f1,7464.4,7598.7,134.3,1303.2,34.9,1
5969,suv,4.8,road_loopA_f0,road_loopA_f1,7500.9,7599.7,98.8,1302.9,47.5,0
5977,car,4.5,road_loopA_r0,xloopA_0Ab,7510.8,7599.9,89.1,869.0,35.1,1
5938,suv,4.8,road_loopA_f0,road_loopA_f1,7473.7,7600.1,126.4,1303.4,37.1,0
5942,suv,4.8,road_loopA_f0,road_loopA_f1,7476.7,7601.4,124.7,1302.8,37.6,0
5991,car,4.5,road_loopA_f0,xloopA_0Bb,7525.0,7601.7,76.7,478.7,22.5,2
5930,truck,8.5,road_loopA_f0,road_loopA_f1,7467.9,7602.8,134.9,1303.3,34.8,0
5910,car,4.5,road_loopA_f0,road_loopA_f1,7454.9,7603.2,148.3,1303.5,31.6,0
5966,car,4.5,road_loopA_r0,xloopA_0Ab,7496.7,7603.3,106.6,869.1,29.3,1
5979,car,4.5,road_loopA_f0,road_loopA_f1,7511.4,7604.9,93.5,1302.9,50.1,0
5888,car,4.5,road_loopA_f0,road_loopA_f1,7440.1,7605.7,165.6,1302.8,28.3,1
5947,car,4.5,road_loopA_f0,road_loopA_f1,7480.1,7606.1,126.0,1303.2,37.2,0
5984,car,4.5,road_loopA_f0,road_loopA_f1,7517.7,7607.6,89.9,1303.8,52.2,0
5950,truck,8.5,road_loopA_f0,road_loopA_f1,7481.4,7609.0,127.6,1302.8,36.7,0
5880,car,4.5,road_loopA_f0,road_loopA_f1,7434.1,7610.3,176.2,1302.9,26.6,1
5875,car,4.5,road_loopA_f0,road_loopA_f1,7426.2,7612.0,185.8,1302.9,25.2,1
5960,truck,8.5,road_loopA_r0,road_loopA_r1,7492.7,7622.2,129.5,1298.1,36.1,1
5961,suv,4.8,road_loopA_r0,road_loopA_r1,7493.6,7623.9,130.3,1298.4,35.9,1
5968,bus,11.0,road_loopA_f0,road_loopA_f1,7500.4,7624.3,123.9,1303.5,37.9,1
5982,car,4.5,road_loopA_r0,road_loopA_r1,7514.2,7624.4,110.2,1298.1,42.4,1
5946,suv,4.8,road_loopA_r0,road_loopA_r1,7478.7,7626.0,147.3,1298.1,31.7,1
5959,car,4.5,road_loopA_r0,road_loopA_r1,7492.5,7626.8,134.3,1297.8,34.8,1
5976,car,4.5,road_loopA_r0,road_loopA_r1,7510.2,7627.6,117.4,1297.3,39.8,1
5798,car,4.5,xloopA_0Aa,road_loopA_f1,7359.9,7628.6,268.7,872.5,11.7,0
5956,car,4.5,road_loopA_r0,road_loopA_r1,7485.6,7629.5,143.9,1297.9,32.5,1
5983,car,4.5,road_loopA_r0,road_loopA_r1,7517.0,7630.8,113.8,1297.8,41.0,1
5993,car,4.5,road_loopA_r0,road_loopA_r1,7526.8,7632.1,105.3,1297.7,44.4,0
5998,car,4.5,road_loopA_r0,road_loopA_r1,7530.4,7633.6,103.2,1297.6,45.3,0
5980,truck,8.5,road_loopA_r0,road_loopA_r1,7511.3,7635.5,124.2,1297.2,37.6,0
5999,car,4.5,road_loopA_r0,road_loopA_r1,7530.5,7635.9,105.4,1297.3,44.3,0
6004,car,4.5,road_loopA_r0,road_loopA_r1,7533.0,7636.9,103.9,1298.4,45.0,0
6002,car,4.5,road_loopA_r0,road_loopA_r1,7532.5,7638.9,106.4,1298.2,43.9,0
5978,car,4.5,road_loopA_r0,road_loopA_r1,7510.9,7639.5,128.6,1297.6,36.3,1
5995,car,4.5,road_loopA_r0,road_loopA_r1,7528.5,7641.0,112.5,1298.0,41.5,0
5989,car,4.5,road_loopA_r0,road_loopA_r1,7521.7,7641.3,119.6,1297.7,39.1,0
5994,car,4.5,road_loopA_r0,road_loopA_r1,7527.7,7642.4,114.7,1297.7,40.7,0
6007,car,4.5,road_loopA_r0,road_loopA_r1,7534.9,7643.3,108.4,1298.6,43.1,0
6010,car,4.5,road_loopA_r0,xloopA_0Ab,7537.3,7645.4,108.1,869.3,28.9,1
6006,car,4.5,road_loopA_r0,road_loopA_r1,7534.8,7645.8,111.0,1298.3,42.1,0
5876,car,4.5,xloopA_0Aa,road_loopA_r1,7427.1,7646.0,218.9,506.5,8.3,1
6001,car,4.5,road_loopA_f0,road_loopA_f1,7532.3,7646.2,113.9,1302.8,41.2,1
5964,suv,4.8,road_loopA_r0,road_loopA_r1,7494.1,7647.7,153.6,1297.4,30.4,1
6005,car,4.5,road_loopA_f0,road_loopA_f1,7533.8,7649.1,115.3,1302.8,40.7,1
6024,suv,4.8,road_loopA_r0,road_loopA_r1,7556.9,7649.1,92.2,1298.7,50.7,0
5992,car,4.5,road_loopA_r0,road_loopA_r1,7525.4,7649.2,123.8,1297.9,37.7,0
5973,suv,4.8,road_loopA_r0,road_loopA_r1,7505.4,7649.4,144.0,1297.4,32.4,1
5988,car,4.5,road_loopA_r0,road_loopA_r1,7519.7,7651.1,131.4,1298.2,35.6,0
6012,car,4.5,road_loopA_r0,road_loopA_r1,7543.3,7652.8,109.5,1297.6,42.7,0
6009,car,4.5,road_loopA_f0,road_loopA_f1,7535.9,7652.9,117.0,1304.1,40.1,1
5981,car,4.5,road_loopA_r0,road_loopA_r1,7512.4,7653.3,140.9,1297.3,33.2,0
6014,car,4.5,road_loopA_f0,road_loopA_f1,7546.0,7653.3,107.3,1304.1,43.7,1
6023,car,4.5,road_loopA_r0,road_loopA_r1,7556.8,7654.3,97.5,1298.0,47.9,0
6022,suv,4.8,road_loopA_r0,road_loopA_r1,7555.6,7654.5,98.9,1297.5,47.2,0
6032,suv,4.8,road_loopA_r0,road_loopA_r1,7567.0,7656.2,89.2,1298.4,52.4,0
5986,car,4.5,road_loopA_f0,road_loopA_f1,7518.2,7656.4,138.2,1303.4,34.0,1
6021,car,4.5,road_loopA_r0,road_loopA_r1,7555.0,7656.8,101.8,1298.3,45.9,0
6018,car,4.5,road_loopA_f0,road_loopA_f1,7552.5,7657.3,104.8,1302.8,44.7,0
6030,suv,4.8,road_loopA_f0,road_loopA_f1,7564.6,7659.4,94.8,1303.6,49.5,0
6016,suv,4.8,road_loopA_f0,road_loopA_f1,7548.0,7659.5,111.5,1303.6,42.1,0
6035,suv,4.8,road_loopA_r0,road_loopA_r1,7571.2,7660.4,89.2,1298.5,52.4,0
6033,suv,4.8,road_loopA_f0,road_loopA_f1,7569.4,7661.2,91.8,1303.6,51.1,0
6025,car,4.5,road_loopA_f0,road_loopA_f1,7557.1,7661.3,104.2,1303.6,45.0,0
6037,car,4.5,road_loopA_f0,road_loopA_f1,7572.4,7663.3,90.9,1303.4,51.6,0
6039,car,4.5,road_loopA_f0,road_loopA_f1,7574.6,7665.5,90.9,1304.2,51.7,0
6031,car,4.5,road_loopA_f0,road_loopA_f1,7566.0,7667.9,101.9,1303.9,46.1,0
6038,suv,4.8,road_loopA_r0,road_loopA_r1,7572.7,7668.0,95.3,1297.8,49.0,0
6042,suv,4.8,road_loopA_r0,road_loopA_r1,7579.7,7669.0,89.3,1298.2,52.3,0
6040,car,4.5,road_loopA_f0,road_loopA_f1,7577.8,7670.0,92.2,1303.6,50.9,0
6034,car,4.5,road_loopA_f0,road_loopA_f1,7570.7,7672.0,101.3,1303.8,46.4,0
6045,suv,4.8,road_loopA_r0,road_loopA_r1,7584.3,7673.4,89.1,1297.5,52.4,0
6036,bus,11.0,road_loopA_f0,road_loopA_f1,7572.0,7674.2,102.2,1304.1,45.9,0
6047,car,4.5,road_loopA_f0,road_loopA_f1,7587.6,7677.0,89.4,1303.0,52.5,0
6015,car,4.5,road_loopA_f0,road_loopA_f1,7547.3,7677.8,130.5,1304.0,36.0,1
6046,suv,4.8,road_loopA_r0,road_loopA_r1,7586.9,7678.4,91.5,1297.7,51.1,0
6019,car,4.5,road_loopA_f0,road_loopA_f1,7552.6,7680.8,128.2,1304.1,36.6,0
6027,car,4.5,road_loopA_f0,road_loopA_f1,7561.7,7681.1,119.4,1303.8,39.3,0
6048,suv,4.8,road_loopA_r0,road_loopA_r1,7588.2,7681.6,93.4,1298.4,50.1,0
6029,suv,4.8,road_loopA_r0,road_loopA_r1,7562.2,7682.0,119.8,1297.9,39.0,0
6008,car,4.5,road_loopA_f0,road_loopA_f1,7535.0,7683.0,148.0,1303.5,31.7,1
6053,car,4.5,road_loopA_f0,road_loopA_f1,7593.0,7683.7,90.7,1303.3,51.7,0
6050,suv,4.8,road_loopA_f0,road_loopA_f1,7589.5,7684.8,95.3,1303.9,49.3,0
6051,car,4.5,road_loopA_f0,road_loopA_f1,7591.8,7686.2,94.4,1303.6,49.7,0
6055,car,4.5,road_loopA_r0,road_loopA_r1,7599.4,7688.7,89.3,1298.6,52.4,0
6049,car,4.5,road_loopA_f0,road_loopA_f1,7589.5,7688.8,99.3,1303.1,47.2,0
6011,car,4.5,road_loopA_f0,road_loopA_f1,7542.1,7691.2,149.1,1303.7,31.5,1
6003,car,4.5,road_loopA_f0,road_loopA_f1,7532.8,7692.2,159.4,1302.9,29.4,1
6013,car,4.5,xloopA_0Ba,road_loopA_f1,7543.6,7692.9,149.3,903.0,21.8,1
6058,suv,4.8,road_loopA_r0,road_loopA_r1,7605.2,7694.3,89.1,1298.5,52.5,0
5985,suv,4.8,road_loopA_f0,road_loopA_f1,7517.7,7694.5,176.8,1302.8,26.5,1
6044,car,4.5,road_loopA_f0,road_loopA_f1,7582.6,7694.9,112.3,1303.7,41.8,0
5996,car,4.5,road_loopA_f0,road_loopA_f1,7529.2,7696.2,167.0,1303.0,28.1,1
6059,suv,4.8,road_loopA_f0,road_loopA_f1,7608.1,7697.4,89.3,1303.1,52.5,0
6052,car,4.5,road_loopA_f0,road_loopA_f1,7592.2,7697.7,105.5,1303.5,44.5,0
6017,suv,4.8,road_loopA_f0,road_loopA_f1,7551.5,7698.0,146.5,1303.2,32.0,0
6060,car,4.5,road_loopA_r0,road_loopA_r1,7608.4,7698.3,89.9,1297.7,52.0,0
6091,suv,4.8,road_loopA_r0,xloopA_0Ab,7628.2,7699.0,70.8,869.4,44.2,0
6054,car,4.5,road_loopA_f0,road_loopA_f1,7596.9,7701.2,104.3,1303.6,45.0,0
6061,car,4.5,road_loopA_r0,xloopA_0Ab,7609.8,7702.0,92.2,869.1,33.9,1
6069,car,4.5,road_loopA_f0,road_loopA_f1,7613.3,7702.6,89.3,1302.9,52.5,0
6056,car,4.5,road_loopA_f0,road_loopA_f1,7602.4,7704.4,102.0,1303.2,46.0,0
6062,car,4.5,road_loopA_r0,road_loopA_r1,7610.4,7704.4,94.0,1297.5,49.7,0
6043,car,4.5,road_loopA_r0,road_loopA_r1,7581.4,7704.5,123.1,1297.7,37.9,0
6064,car,4.5,road_loopA_f0,road_loopA_f1,7611.4,7705.7,94.3,1303.7,49.8,0
6067,car,4.5,road_loopA_r0,road_loopA_r1,7612.3,7708.2,95.9,1297.5,48.7,0
6072,car,4.5,road_loopA_r0,road_loopA_r1,7618.3,7708.8,90.5,1297.9,51.6,0
6077,car,4.5,road_loopA_r0,road_loopA_r1,7620.3,7710.5,90.2,1297.4,51.8,0
6063,car,4.5,road_loopA_r0,road_loopA_r1,7610.5,7711.5,101.0,1297.7,46.2,0
6068,car,4.5,road_loopA_f0,road_loopA_f1,7612.9,7711.6,98.7,1303.1,47.5,0
6080,car,4.5,road_loopA_r0,road_loopA_r1,7622.2,7712.7,90.5,1297.7,51.6,0
6057,car,4.5,road_loopA_r0,road_loopA_r1,7603.1,7713.6,110.5,1297.7,42.3,0
6079,suv,4.8,road_loopA_r0,road_loopA_r1,7621.5,7714.0,92.5,1297.6,50.5,0
6076,car,4.5,road_loopA_f0,road_loopA_f1,7619.9,7714.3,94.4,1303.9,49.7,0
6071,car,4.5,road_loopA_r0,road_loopA_r1,7616.1,7715.3,99.2,1298.4,47.1,0
6089,suv,4.8,road_loopA_r0,road_loopA_r1,7627.7,7716.8,89.1,1297.5,52.4,0
6136,car,4.5,road_loopA_f0,xloopA_0Bb,7673.3,7716.9,43.6,478.8,39.6,0
6083,suv,4.8,road_loopA_f0,road_loopA_f1,7623.3,7718.4,95.1,1302.8,49.3,0
6070,bus,11.0,road_loopA_f0,road_loopA_f1,7614.2,7719.0,104.8,1302.9,44.8,0
6074,car,4.5,road_loopA_f0,road_loopA_f1,7618.9,7720.0,101.1,1303.6,46.4,0
6073,car,4.5,road_loopA_f0,road_loopA_f1,7618.4,7721.2,102.8,1303.0,45.6,0
6088,car,4.5,road_loopA_f0,road_loopA_f1,7627.6,7721.2,93.6,1303.5,50.1,0
6081,truck,8.5,road_loopA_f0,road_loopA_f1,7622.4,7722.1,99.7,1303.6,47.1,0
6075,suv,4.8,road_loopA_f0,road_loopA_f1,7619.5,7722.9,103.4,1303.1,45.4,0
6086,car,4.5,road_loopA_f0,road_loopA_f1,7626.0,7724.7,98.7,1303.7,47.5,0
6094,car,4.5,road_loopA_f0,road_loopA_f1,7632.5,7725.2,92.7,1303.3,50.6,0
6093,suv,4.8,road_loopA_f0,road_loopA_f1,7632.2,7725.4,93.2,1303.8,50.4,0
6102,car,4.5,road_loopA_f0,road_loopA_f1,7640.8,7730.5,89.7,1302.8,52.3,0
6100,car,4.5,road_loopA_r0,road_loopA_r1,7638.5,7730.9,92.4,1298.0,50.6,0
6104,suv,4.8,road_loopA_r0,road_loopA_r1,7641.8,7732.8,91.0,1298.4,51.4,0
6105,car,4.5,road_loopA_f0,road_loopA_f1,7642.8,7733.3,90.5,1303.3,51.8,0
6026,bus,11.0,road_loopA_f0,road_loopA_f1,7560.6,7733.9,173.3,1303.3,27.1,2
1650,tram,34.0,loopB,loopB,3615.5,7734.0,4118.5,33672.6,29.4,40
6108,suv,4.8,road_loopA_f0,road_loopA_f1,7645.6,7735.4,89.8,1302.8,52.2,0
6095,car,4.5,road_loopA_f0,road_loopA_f1,7634.6,7736.0,101.4,1303.3,46.3,0
6097,truck,8.5,road_loopA_r0,road_loopA_r1,7637.5,7736.3,98.8,1297.6,47.3,0
6082,truck,8.5,road_loopA_f0,road_loopA_f1,7622.7,7738.1,115.4,1303.2,40.6,0
6106,car,4.5,road_loopA_f0,road_loopA_f1,7644.1,7738.2,94.1,1303.6,49.9,0
6101,car,4.5,road_loopA_f0,road_loopA_f1,7638.6,7738.9,100.3,1303.4,46.8,0
6112,car,4.5,road_loopA_r0,road_loopA_r1,7650.5,7739.5,89.0,1297.3,52.5,0
6113,suv,4.8,road_loopA_r0,road_loopA_r1,7650.7,7745.0,94.3,1298.3,49.5,0
6098,car,4.5,road_loopA_r0,road_loopA_r1,7638.1,7748.9,110.8,1298.0,42.2,0
6103,car,4.5,road_loopA_f0,road_loopA_f1,7641.6,7749.1,107.5,1303.8,43.7,0
5958,suv,4.8,road_loopA_r0,xloopA_0Bb,7490.0,7749.5,259.5,895.7,12.4,1
5922,car,4.5,road_loopA_f0,xloopA_0Ab,7462.1,7750.0,287.9,505.0,6.3,2
6120,suv,4.8,road_loopA_r0,road_loopA_r1,7660.1,7751.2,91.1,1298.3,51.3,0
6117,suv,4.8,road_loopA_f0,road_loopA_f1,7657.4,7751.5,94.1,1303.3,49.8,0
5970,suv,4.8,road_loopA_r0,xloopA_0Bb,7500.9,7752.2,251.3,896.0,12.8,1
5923,car,4.5,road_loopA_f0,xloopA_0Ab,7462.3,7752.6,290.3,505.0,6.3,2
5971,suv,4.8,road_loopA_r0,xloopA_0Bb,7502.9,7754.9,252.0,895.9,12.8,1
5931,car,4.5,road_loopA_f0,xloopA_0Ab,7468.0,7755.3,287.3,505.2,6.3,2
6123,car,4.5,road_loopA_f0,road_loopA_f1,7665.6,7755.7,90.1,1303.5,52.1,0
6110,car,4.5,road_loopA_r0,road_loopA_r1,7647.2,7757.2,110.0,1297.9,42.5,0
6078,car,4.5,road_loopA_f0,road_loopA_f1,7621.3,7757.3,136.0,1303.5,34.5,0
5972,car,4.5,road_loopA_r0,xloopA_0Bb,7503.1,7757.5,254.4,895.3,12.7,1
5957,car,4.5,road_loopA_f0,xloopA_0Ab,7486.8,7758.0,271.2,505.4,6.7,2
6128,car,4.5,road_loopA_r0,road_loopA_r1,7668.9,7758.2,89.3,1298.0,52.3,0
5987,car,4.5,road_loopA_r0,xloopA_0Bb,7519.0,7760.2,241.2,895.5,13.4,1
5997,car,4.5,road_loopA_f0,xloopA_0Ab,7529.6,7760.6,231.0,505.1,7.9,1
6116,car,4.5,road_loopA_f0,road_loopA_f1,7655.4,7760.6,105.2,1304.0,44.6,0
6119,suv,4.8,road_loopA_f0,road_loopA_f1,7657.9,7760.6,102.7,1304.0,45.7,0
6130,suv,4.8,road_loopA_r0,road_loopA_r1,7670.8,7760.8,90.0,1297.6,51.9,0
6121,car,4.5,road_loopA_r0,road_loopA_r1,7663.7,7761.8,98.1,1297.7,47.6,0
6118,car,4.5,road_loopA_f0,road_loopA_f1,7657.7,7762.2,104.5,1303.0,44.9,0
6122,suv,4.8,road_loopA_f0,road_loopA_f1,7664.0,7762.9,98.9,1303.4,47.4,0
6133,car,4.5,road_loopA_r0,road_loopA_r1,7671.5,7764.1,92.6,1297.7,50.4,0
6125,suv,4.8,road_loopA_f0,road_loopA_f1,7665.8,7764.7,98.9,1304.1,47.5,0
6144,car,4.5,xloopA_0Ba,xloopA_0Bb,7684.2,7764.7,80.5,84.4,3.8,1
6126,car,4.5,road_loopA_f0,road_loopA_f1,7666.8,7765.5,98.7,1303.7,47.6,0
6139,suv,4.8,road_loopA_r0,road_loopA_r1,7677.4,7766.3,88.9,1297.3,52.5,0
5974,car,4.5,xloopA_0Aa,xloopA_0Ab,7505.5,7766.4,260.9,84.8,1.2,1
6127,truck,8.5,road_loopA_f0,road_loopA_f1,7667.9,7767.2,99.3,1304.0,47.3,0
6140,suv,4.8,road_loopA_f0,road_loopA_f1,7677.7,7767.4,89.7,1303.0,52.3,0
6131,suv,4.8,road_loopA_f0,road_loopA_f1,7670.9,7767.6,96.7,1303.3,48.5,0
6124,car,4.5,road_loopA_r0,road_loopA_r1,7665.6,7768.0,102.4,1298.1,45.6,0
6184,car,4.5,xloopA_0Ba,xloopA_0Bb,7720.9,7768.1,47.2,84.6,6.5,1
6134,suv,4.8,road_loopA_f0,road_loopA_f1,7671.9,7769.2,97.3,1303.1,48.2,0
6137,suv,4.8,road_loopA_f0,road_loopA_f1,7674.5,7769.5,95.0,1303.6,49.4,0
6129,car,4.5,road_loopA_r0,road_loopA_r1,7669.6,7769.7,100.1,1298.5,46.7,0
6041,car,4.5,xloopA_0Aa,xloopA_0Ab,7578.2,7770.8,192.6,84.8,1.6,0
6085,car,4.5,xloopA_0Aa,xloopA_0Ab,7624.7,7772.6,147.9,84.4,2.1,0
6138,car,4.5,road_loopA_f0,road_loopA_f1,7676.2,7775.2,99.0,1304.0,47.4,0
6163,car,4.5,xloopA_0Aa,xloopA_0Ab,7704.0,7775.6,71.6,84.7,4.3,0
6142,car,4.5,road_loopA_f0,road_loopA_f1,7681.7,7776.8,95.1,1303.0,49.3,0
6135,suv,4.8,road_loopA_f0,road_loopA_f1,7672.4,7777.2,104.8,1303.8,44.8,0
6148,car,4.5,road_loopA_f0,road_loopA_f1,7685.9,7781.8,95.9,1303.7,49.0,0
6111,bus,11.0,road_loopA_f0,road_loopA_f1,7649.4,7782.5,133.1,1303.1,35.2,1
6107,suv,4.8,road_loopA_r0,xloopA_0Ab,7644.5,7786.6,142.1,869.2,22.0,2
6132,truck,8.5,road_loopA_f0,road_loopA_f1,7671.2,7786.7,115.5,1303.8,40.6,0
6208,car,4.5,road_loopA_f0,xloopA_0Bb,7748.2,7789.7,41.5,478.7,41.5,0
6161,suv,4.8,road_loopA_f0,road_loopA_f1,7702.0,7791.4,89.4,1303.1,52.5,0
6109,bus,11.0,road_loopA_f0,road_loopA_f1,7645.8,7791.6,145.8,1302.8,32.2,1
6215,car,4.5,road_loopA_f0,xloopA_0Bb,7752.5,7792.9,40.4,478.9,42.6,0
6149,car,4.5,road_loopA_f0,road_loopA_f1,7687.5,7796.6,109.1,1302.8,43.0,0
6147,truck,8.5,road_loopA_f0,road_loopA_f1,7685.9,7798.1,112.2,1302.9,41.8,0
6152,car,4.5,road_loopA_f0,road_loopA_f1,7694.0,7798.3,104.3,1302.9,45.0,0
6157,car,4.5,road_loopA_f0,road_loopA_f1,7699.2,7800.1,100.9,1303.5,46.5,0
6150,truck,8.5,road_loopA_f0,road_loopA_f1,7687.9,7800.6,112.7,1303.7,41.6,0
6145,car,4.5,road_loopA_r0,road_loopA_r1,7684.4,7804.2,119.8,1297.4,39.0,1
6066,bus,11.0,road_loopA_f0,road_loopA_f1,7612.0,7805.4,193.4,1303.0,24.3,3
6141,car,4.5,road_loopA_r0,road_loopA_r1,7680.0,7807.6,127.6,1298.3,36.6,1
6143,truck,8.5,road_loopA_r0,road_loopA_r1,7682.4,7811.2,128.8,1297.9,36.3,1
6177,car,4.5,road_loopA_r0,xloopA_0Ab,7717.3,7812.7,95.4,868.9,32.8,2
6146,car,4.5,road_loopA_r0,road_loopA_r1,7685.0,7812.9,127.9,1298.3,36.6,1
6156,car,4.5,road_loopA_r0,road_loopA_r1,7697.1,7813.2,116.1,1298.0,40.2,1
6155,car,4.5,road_loopA_r0,road_loopA_r1,7696.7,7813.7,117.0,1297.8,39.9,1
6159,car,4.5,road_loopA_r0,road_loopA_r1,7701.4,7815.4,114.0,1297.6,41.0,1
6166,car,4.5,road_loopA_r0,road_loopA_r1,7704.9,7816.1,111.2,1297.7,42.0,1
6173,car,4.5,road_loopA_r0,road_loopA_r1,7714.4,7818.0,103.6,1297.4,45.1,0
6162,car,4.5,road_loopA_r0,road_loopA_r1,7702.4,7821.0,118.6,1297.3,39.4,1
6164,car,4.5,road_loopA_r0,road_loopA_r1,7704.0,7821.7,117.7,1298.1,39.7,0
6176,car,4.5,road_loopA_r0,road_loopA_r1,7717.0,7823.2,106.2,1298.3,44.0,0
6153,suv,4.8,road_loopA_r0,road_loopA_r1,7695.1,7825.6,130.5,1297.9,35.8,1
6179,car,4.5,road_loopA_r0,road_loopA_r1,7719.4,7826.3,106.9,1297.6,43.7,0
6171,car,4.5,road_loopA_r0,road_loopA_r1,7712.5,7827.3,114.8,1297.3,40.7,1
6186,suv,4.8,road_loopA_r0,road_loopA_r1,7722.7,7828.5,105.8,1298.5,44.2,0
6172,car,4.5,road_loopA_r0,road_loopA_r1,7712.7,7829.4,116.7,1297.9,40.0,0
6020,car,4.5,xloopA_0Aa,road_loopA_r1,7554.0,7830.2,276.2,506.7,6.6,1
6181,car,4.5,road_loopA_r0,road_loopA_r1,7720.3,7831.0,110.7,1297.5,42.2,0
6191,suv,4.8,road_loopA_r0,road_loopA_r1,7725.6,7831.1,105.5,1297.4,44.3,0
6151,car,4.5,road_loopA_r0,road_loopA_r1,7692.1,7831.9,139.8,1297.9,33.4,1
6194,car,4.5,road_loopA_r0,road_loopA_r1,7729.4,7832.5,103.1,1298.3,45.3,0
6154,car,4.5,road_loopA_r0,road_loopA_r1,7695.3,7833.6,138.3,1298.5,33.8,1
6174,car,4.5,road_loopA_r0,road_loopA_r1,7715.7,7833.6,117.9,1297.4,39.6,0
6196,car,4.5,road_loopA_r0,road_loopA_r1,7731.8,7834.7,102.9,1298.0,45.4,0
6182,suv,4.8,road_loopA_f0,road_loopA_f1,7720.4,7835.2,114.8,1303.7,40.9,1
6160,car,4.5,road_loopA_r0,road_loopA_r1,7701.8,7835.3,133.5,1298.0,35.0,1
6180,car,4.5,road_loopA_r0,road_loopA_r1,7719.6,7835.5,115.9,1297.5,40.3,0
6204,car,4.5,road_loopA_r0,road_loopA_r1,7744.5,7836.2,91.7,1297.9,51.0,0
6165,car,4.5,road_loopA_f0,road_loopA_f1,7704.5,7836.6,132.1,1303.0,35.5,1
6170,car,4.5,road_loopA_r0,road_loopA_r1,7711.8,7837.0,125.2,1298.2,37.3,0
6185,car,4.5,road_loopA_r0,road_loopA_r1,7721.7,7837.2,115.5,1297.7,40.5,0
6168,suv,4.8,road_loopA_f0,road_loopA_f1,7708.5,7838.3,129.8,1303.1,36.1,1
6188,suv,4.8,road_loopA_r0,road_loopA_r1,7724.7,7838.6,113.9,1298.7,41.0,0
6200,suv,4.8,road_loopA_f0,road_loopA_f1,7739.7,7838.6,98.9,1303.2,47.4,0
6178,car,4.5,road_loopA_r0,road_loopA_r1,7718.2,7839.0,120.8,1298.4,38.7,0
6169,car,4.5,road_loopA_f0,road_loopA_f1,7709.2,7841.5,132.3,1302.9,35.4,1
6206,suv,4.8,road_loopA_r0,road_loopA_r1,7747.6,7841.7,94.1,1297.3,49.6,0
6217,car,4.5,road_loopA_r0,road_loopA_r1,7753.0,7842.1,89.1,1297.8,52.4,0
6065,suv,4.8,road_loopA_r0,xloopA_0Bb,7611.6,7843.1,231.5,895.9,13.9,2
6000,suv,4.8,road_loopA_f0,xloopA_0Ab,7530.6,7843.6,313.0,505.3,5.8,2
6203,car,4.5,road_loopA_f0,road_loopA_f1,7743.5,7843.6,100.1,1303.6,46.9,0
6199,car,4.5,road_loopA_r0,road_loopA_r1,7739.5,7843.8,104.3,1298.0,44.8,0
6205,car,4.5,road_loopA_r0,road_loopA_r1,7747.1,7844.4,97.3,1297.9,48.0,0
6209,car,4.5,road_loopA_f0,road_loopA_f1,7748.6,7844.9,96.3,1303.0,48.7,0
6219,suv,4.8,road_loopA_r0,road_loopA_r1,7754.5,7845.4,90.9,1298.4,51.4,0
6087,car,4.5,road_loopA_r0,xloopA_0Bb,7626.5,7845.7,219.2,895.7,14.7,2
6028,car,4.5,road_loopA_f0,xloopA_0Ab,7561.8,7846.2,284.4,505.1,6.4,2
6220,car,4.5,road_loopA_r0,road_loopA_r1,7756.8,7846.5,89.7,1297.4,52.1,0
6216,car,4.5,road_loopA_f0,road_loopA_f1,7752.7,7847.6,94.9,1303.6,49.5,0
6221,suv,4.8,road_loopA_r0,road_loopA_r1,7757.7,7848.0,90.3,1297.7,51.7,0
6084,car,4.5,road_loopA_r0,xloopA_0Bb,7624.1,7848.3,224.2,895.4,14.4,2
6092,car,4.5,road_loopA_f0,xloopA_0Ab,7630.2,7848.9,218.7,505.3,8.3,2
6218,car,4.5,road_loopA_f0,road_loopA_f1,7754.2,7849.3,95.1,1303.3,49.4,0
6090,car,4.5,road_loopA_r0,xloopA_0Bb,7628.1,7851.0,222.9,895.6,14.5,2
6096,car,4.5,road_loopA_f0,xloopA_0Ab,7635.7,7851.5,215.8,504.9,8.4,2
6222,car,4.5,road_loopA_f0,road_loopA_f1,7758.0,7852.1,94.1,1303.6,49.9,0
6224,car,4.5,road_loopA_r0,road_loopA_r1,7761.0,7853.2,92.2,1297.4,50.7,0
6099,car,4.5,road_loopA_r0,xloopA_0Bb,7638.3,7853.6,215.3,895.3,15.0,2
6210,car,4.5,road_loopA_f0,road_loopA_f1,7750.1,7853.9,103.8,1304.0,45.2,0
6114,car,4.5,road_loopA_f0,xloopA_0Ab,7651.6,7854.2,202.6,505.2,9.0,2
6227,truck,8.5,road_loopA_f0,road_loopA_f1,7763.5,7854.3,90.8,1303.8,51.7,0
6189,car,4.5,road_loopA_f0,road_loopA_f1,7725.1,7854.5,129.4,1303.2,36.3,0
6225,car,4.5,road_loopA_r0,road_loopA_r1,7761.2,7855.1,93.9,1298.1,49.7,0
6228,suv,4.8,road_loopA_f0,road_loopA_f1,7764.9,7856.5,91.6,1303.1,51.2,0
6192,suv,4.8,road_loopA_f0,road_loopA_f1,7726.1,7856.8,130.7,1303.8,35.9,1
6245,car,4.5,xloopA_0Aa,xloopA_0Ab,7784.0,7858.0,74.0,84.2,4.1,1
6214,car,4.5,road_loopA_r0,road_loopA_r1,7752.1,7858.4,106.3,1297.4,43.9,0
6232,car,4.5,xloopA_0Ba,xloopA_0Bb,7772.3,7858.4,86.1,84.8,3.5,1
6195,truck,8.5,road_loopA_f0,road_loopA_f1,7729.9,7858.9,129.0,1303.6,36.4,1
6230,car,4.5,road_loopA_r0,road_loopA_r1,7770.9,7860.0,89.1,1297.7,52.5,0
6271,car,4.5,xloopA_0Aa,xloopA_0Ab,7804.4,7860.5,56.1,84.4,5.4,1
6201,truck,8.5,road_loopA_f0,road_loopA_f1,7740.8,7860.6,119.8,1303.6,39.2,0
6235,car,4.5,xloopA_0Ba,xloopA_0Bb,7776.0,7860.8,84.8,84.2,3.6,1
5962,car,4.5,xloopA_0Aa,road_loopA_f1,7493.6,7861.1,367.5,872.0,8.5,1
6187,suv,4.8,road_loopA_f0,road_loopA_f1,7724.2,7861.7,137.5,1302.9,34.1,1
6223,truck,8.5,road_loopA_f0,road_loopA_f1,7758.2,7863.3,105.1,1302.9,44.6,0
6167,truck,8.5,road_loopA_f0,road_loopA_f1,7707.9,7863.4,155.5,1303.4,30.2,1
6158,bus,11.0,road_loopA_r0,road_loopA_r1,7699.5,7865.1,165.6,1297.6,28.2,2
6197,truck,8.5,road_loopA_f0,road_loopA_f1,7732.6,7866.1,133.5,1303.7,35.2,1
6229,car,4.5,road_loopA_f0,road_loopA_f1,7769.4,7866.3,96.9,1303.0,48.4,0
6243,car,4.5,xloopA_0Ba,xloopA_0Bb,7783.0,7868.4,85.4,84.1,3.5,0
6213,truck,8.5,road_loopA_f0,road_loopA_f1,7751.8,7868.5,116.7,1303.3,40.2,0
6233,car,4.5,road_loopA_f0,road_loopA_f1,7774.0,7868.7,94.7,1304.1,49.6,0
6238,suv,4.8,road_loopA_f0,road_loopA_f1,7780.2,7870.1,89.9,1303.7,52.2,0
6236,car,4.5,road_loopA_f0,road_loopA_f1,7779.7,7874.2,94.5,1303.0,49.6,0
6244,car,4.5,road_loopA_f0,road_loopA_f1,7783.6,7875.9,92.3,1303.1,50.8,0
6246,suv,4.8,road_loopA_f0,road_loopA_f1,7784.8,7876.2,91.4,1304.1,51.4,0
6249,car,4.5,road_loopA_f0,road_loopA_f1,7785.8,7877.9,92.1,1303.9,51.0,0
6253,suv,4.8,road_loopA_f0,road_loopA_f1,7791.9,7881.2,89.3,1303.1,52.5,0
6247,car,4.5,road_loopA_f0,road_loopA_f1,7785.2,7881.6,96.4,1303.9,48.7,0
6252,suv,4.8,road_loopA_f0,road_loopA_f1,7789.6,7884.1,94.5,1303.1,49.6,0
6255,suv,4.8,road_loopA_f0,road_loopA_f1,7793.2,7885.8,92.6,1303.1,50.7,0
6305,car,4.5,road_loopA_f0,xloopA_0Bb,7844.6,7886.8,42.2,478.8,40.8,0
6277,suv,4.8,road_loopA_r0,xloopA_0Ab,7814.8,7894.0,79.2,869.4,39.5,0
6264,suv,4.8,road_loopA_r0,xloopA_0Ab,7799.4,7897.4,98.0,869.3,31.9,1
6231,suv,4.8,road_loopA_r0,road_loopA_r1,7771.0,7897.7,126.7,1298.1,36.9,1
6242,car,4.5,road_loopA_r0,road_loopA_r1,7782.4,7901.1,118.7,1298.0,39.4,1
6226,truck,8.5,road_loopA_r0,road_loopA_r1,7762.6,7905.0,142.4,1298.3,32.8,1
6268,car,4.5,road_loopA_r0,road_loopA_r1,7802.8,7909.5,106.7,1298.2,43.8,0
6240,suv,4.8,road_loopA_r0,road_loopA_r1,7781.1,7909.8,128.7,1298.3,36.3,1
6251,car,4.5,road_loopA_r0,road_loopA_r1,7787.6,7911.5,123.9,1298.3,37.7,1
6241,car,4.5,road_loopA_r0,road_loopA_r1,7782.1,7911.9,129.8,1297.9,36.0,1
6261,truck,8.5,road_loopA_r0,road_loopA_r1,7797.7,7915.6,117.9,1297.9,39.6,0
6266,car,4.5,road_loopA_r0,road_loopA_r1,7801.0,7915.6,114.6,1298.0,40.8,0
6276,car,4.5,road_loopA_r0,road_loopA_r1,7813.8,7917.1,103.3,1297.3,45.2,0
6279,car,4.5,road_loopA_r0,road_loopA_r1,7816.9,7918.1,101.2,1297.8,46.2,0
6280,car,4.5,road_loopA_r0,road_loopA_r1,7817.4,7919.7,102.3,1297.8,45.7,0
6282,car,4.5,road_loopA_r0,road_loopA_r1,7820.9,7920.6,99.7,1297.5,46.9,0
6287,car,4.5,road_loopA_r0,road_loopA_r1,7824.1,7921.6,97.5,1297.5,47.9,0
6239,car,4.5,xloopA_0Ba,road_loopA_r1,7780.9,7921.8,140.9,476.3,12.2,0
6293,car,4.5,road_loopA_r0,road_loopA_r1,7831.2,7923.8,92.6,1298.3,50.5,0
6234,truck,8.5,road_loopA_r0,road_loopA_r1,7774.2,7924.0,149.8,1297.8,31.2,1
6248,car,4.5,road_loopA_r0,road_loopA_r1,7785.1,7926.1,141.0,1297.9,33.1,1
6256,suv,4.8,road_loopA_r0,road_loopA_r1,7793.7,7926.8,133.1,1298.3,35.1,1
6288,suv,4.8,road_loopA_r0,road_loopA_r1,7826.1,7927.6,101.5,1297.6,46.0,0
6250,suv,4.8,road_loopA_r0,road_loopA_r1,7786.8,7929.1,142.3,1297.9,32.8,0
6269,suv,4.8,road_loopA_f0,road_loopA_f1,7802.9,7929.1,126.2,1304.2,37.2,1
6295,truck,8.5,road_loopA_r0,road_loopA_r1,7834.7,7929.5,94.8,1297.8,49.3,0
6262,truck,8.5,road_loopA_r0,road_loopA_r1,7798.8,7931.0,132.2,1297.9,35.3,0
6258,truck,8.5,road_loopA_f0,road_loopA_f1,7795.0,7931.9,136.9,1302.8,34.3,1
6267,car,4.5,road_loopA_r0,road_loopA_r1,7801.7,7932.5,130.8,1298.0,35.7,0
6284,car,4.5,road_loopA_r0,road_loopA_r1,7822.0,7933.0,111.0,1297.8,42.1,0
6281,car,4.5,road_loopA_f0,road_loopA_f1,7820.5,7933.3,112.8,1303.9,41.6,1
6272,car,4.5,road_loopA_f0,road_loopA_f1,7805.3,7933.9,128.6,1303.5,36.5,1
6270,suv,4.8,road_loopA_r0,road_loopA_r1,7802.9,7934.3,131.4,1298.3,35.6,0
6294,car,4.5,road_loopA_r0,road_loopA_r1,7833.2,7935.0,101.8,1298.3,45.9,0
6278,car,4.5,road_loopA_r0,road_loopA_r1,7815.5,7936.2,120.7,1298.2,38.7,0
6254,car,4.5,road_loopA_f0,road_loopA_f1,7792.4,7936.4,144.0,1302.9,32.6,1
6115,suv,4.8,road_loopA_r0,xloopA_0Bb,7652.2,7936.6,284.4,895.9,11.3,3
6265,car,4.5,road_loopA_f0,road_loopA_f1,7800.8,7936.7,135.9,1303.5,34.5,1
6175,suv,4.8,road_loopA_f0,xloopA_0Ab,7717.1,7937.1,220.0,505.3,8.3,2
6190,suv,4.8,road_loopA_r0,xloopA_0Bb,7725.3,7939.2,213.9,895.7,15.1,2
6183,car,4.5,road_loopA_f0,xloopA_0Ab,7720.7,7939.7,219.0,505.0,8.3,2
6259,suv,4.8,road_loopA_f0,road_loopA_f1,7796.0,7940.5,144.5,1303.6,32.5,1
6198,car,4.5,road_loopA_r0,xloopA_0Bb,7734.9,7941.9,207.0,895.7,15.6,2
6193,car,4.5,road_loopA_f0,xloopA_0Ab,7727.4,7942.4,215.0,505.3,8.5,2
6309,car,4.5,road_loopA_r0,road_loopA_r1,7848.4,7944.1,95.7,1298.4,48.9,0
6211,suv,4.8,road_loopA_r0,xloopA_0Bb,7750.4,7944.6,194.2,895.8,16.6,2
6202,truck,8.5,road_loopA_f0,xloopA_0Ab,7743.3,7945.9,202.6,505.4,9.0,2
6314,car,4.5,road_loopA_r0,road_loopA_r1,7856.3,7946.5,90.2,1298.3,51.8,0
6212,suv,4.8,road_loopA_r0,xloopA_0Bb,7751.3,7947.3,196.0,895.7,16.5,2
6290,car,4.5,road_loopA_f0,road_loopA_f1,7828.5,7947.4,118.9,1303.5,39.5,0
6316,car,4.5,road_loopA_r0,road_loopA_r1,7857.5,7949.3,91.8,1297.3,50.8,0
6297,suv,4.8,road_loopA_f0,road_loopA_f1,7835.4,7950.2,114.8,1304.0,40.9,0
6302,truck,8.5,road_loopA_r0,road_loopA_r1,7842.8,7950.5,107.7,1297.7,43.4,0
6285,suv,4.8,road_loopA_f0,road_loopA_f1,7822.5,7951.1,128.6,1302.9,36.5,1
6344,car,4.5,xloopA_0Aa,xloopA_0Ab,7883.4,7951.9,68.5,84.6,4.4,1
6274,car,4.5,road_loopA_f0,road_loopA_f1,7808.3,7952.2,143.9,1303.8,32.6,1
6320,suv,4.8,road_loopA_r0,road_loopA_r1,7861.5,7952.3,90.8,1297.3,51.4,0
6299,car,4.5,road_loopA_f0,road_loopA_f1,7838.4,7952.9,114.5,1303.8,41.0,0
6312,truck,8.5,road_loopA_r0,road_loopA_r1,7852.9,7953.6,100.7,1298.2,46.4,0
6283,suv,4.8,road_loopA_f0,road_loopA_f1,7821.9,7954.0,132.1,1303.0,35.5,1
6286,truck,8.5,road_loopA_f0,road_loopA_f1,7822.7,7954.4,131.7,1303.1,35.6,0
6321,suv,4.8,road_loopA_r0,road_loopA_r1,7861.6,7954.4,92.8,1297.3,50.3,0
6371,car,4.5,xloopA_0Aa,xloopA_0Ab,7903.5,7955.1,51.6,84.5,5.9,1
6308,car,4.5,road_loopA_r0,road_loopA_r1,7847.3,7955.4,108.1,1297.3,43.2,0
6263,car,4.5,xloopA_0Ba,xloopA_0Bb,7799.3,7955.4,156.1,84.2,1.9,1
6307,suv,4.8,road_loopA_f0,road_loopA_f1,7846.2,7956.3,110.1,1303.2,42.6,0
6292,suv,4.8,road_loopA_f0,road_loopA_f1,7829.9,7956.4,126.5,1303.8,37.1,0
6304,car,4.5,xloopA_0Ba,xloopA_0Bb,7844.5,7957.4,112.9,84.0,2.7,1
6317,car,4.5,road_loopA_f0,road_loopA_f1,7857.9,7958.1,100.2,1303.3,46.8,0
6411,car,4.5,xloopA_0Aa,xloopA_0Ab,7934.9,7958.1,23.2,84.3,13.1,0
6310,suv,4.8,road_loopA_f0,road_loopA_f1,7849.6,7958.5,108.9,1303.1,43.1,0
6327,car,4.5,xloopA_0Ba,xloopA_0Bb,7865.6,7959.6,94.0,84.8,3.2,0
6323,car,4.5,road_loopA_f0,road_loopA_f1,7862.1,7961.6,99.5,1304.0,47.2,0
6330,car,4.5,xloopA_0Ba,xloopA_0Bb,7871.2,7961.6,90.4,84.0,3.3,0
6324,car,4.5,road_loopA_f0,road_loopA_f1,7864.0,7962.8,98.8,1302.9,47.5,0
6318,suv,4.8,road_loopA_f0,road_loopA_f1,7859.8,7964.6,104.8,1303.7,44.8,0
6325,suv,4.8,road_loopA_f0,road_loopA_f1,7864.0,7966.0,102.0,1303.6,46.0,0
6296,car,4.5,road_loopA_f0,road_loopA_f1,7834.8,7966.3,131.5,1303.0,35.7,0
6273,car,4.5,road_loopA_f0,road_loopA_f1,7808.2,7970.2,162.0,1304.1,29.0,1
6315,car,4.5,road_loopA_r0,xloopA_0Ab,7856.7,7973.5,116.8,869.1,26.8,3
6329,suv,4.8,road_loopA_f0,road_loopA_f1,7869.4,7973.7,104.3,1303.8,45.0,0
6333,suv,4.8,road_loopA_f0,road_loopA_f1,7874.2,7973.9,99.7,1304.0,47.1,0
6319,car,4.5,road_loopA_f0,road_loopA_f1,7861.4,7974.2,112.8,1303.7,41.6,0
6339,suv,4.8,road_loopA_f0,road_loopA_f1,7877.8,7975.8,98.0,1302.9,47.8,0
6358,car,4.5,road_loopA_f0,xloopA_0Bb,7895.4,7976.5,81.1,478.7,21.3,1
6353,car,4.5,road_loopA_r0,xloopA_0Ab,7893.0,7977.2,84.2,869.1,37.1,1
6348,suv,4.8,road_loopA_f0,road_loopA_f1,7887.7,7977.9,90.2,1303.5,52.0,0
6332,car,4.5,road_loopA_f0,road_loopA_f1,7873.8,7978.4,104.6,1303.4,44.9,0
6341,car,4.5,road_loopA_f0,road_loopA_f1,7880.2,7978.6,98.4,1303.1,47.7,0
6347,car,4.5,road_loopA_f0,road_loopA_f1,7887.1,7980.1,93.0,1303.2,50.5,0
6289,car,4.5,road_loopA_f0,road_loopA_f1,7826.3,7981.2,154.9,1303.9,30.3,0
6303,car,4.5,road_loopA_f0,road_loopA_f1,7843.8,7982.1,138.3,1303.6,33.9,0
6291,suv,4.8,road_loopA_f0,road_loopA_f1,7829.5,7983.0,153.5,1303.7,30.6,0
6363,car,4.5,road_loopA_f0,xloopA_0Bb,7899.3,7983.1,83.8,478.6,20.6,1
6301,car,4.5,road_loopA_f0,road_loopA_f1,7841.7,7984.8,143.1,1304.2,32.8,0
6362,car,4.5,road_loopA_r0,xloopA_0Ab,7899.2,7985.4,86.2,869.1,36.3,0
6337,suv,4.8,road_loopA_f0,road_loopA_f1,7876.6,7987.5,110.9,1303.8,42.3,0
6306,truck,8.5,road_loopA_f0,road_loopA_f1,7845.5,7988.2,142.7,1303.0,32.9,0
6331,car,4.5,road_loopA_f0,road_loopA_f1,7873.7,7989.1,115.4,1302.9,40.7,0
6328,car,4.5,road_loopA_f0,road_loopA_f1,7868.1,7989.8,121.7,1303.0,38.6,0
6334,car,4.5,road_loopA_r0,road_loopA_r1,7874.3,7991.3,117.0,1298.3,40.0,1
6311,car,4.5,road_loopA_f0,road_loopA_f1,7849.9,7992.4,142.5,1303.8,32.9,0
6237,car,4.5,xloopA_0Ba,road_loopA_f1,7780.1,7993.1,213.0,902.5,15.3,1
6340,car,4.5,road_loopA_r0,road_loopA_r1,7879.9,7994.6,114.7,1297.6,40.7,1
6298,car,4.5,road_loopA_f0,road_loopA_f1,7836.2,7994.8,158.6,1303.7,29.6,0
6260,bus,11.0,road_loopA_f0,road_loopA_f1,7797.2,7995.2,198.0,1303.4,23.7,3
6326,truck,8.5,road_loopA_r0,road_loopA_r1,7865.4,7998.2,132.8,1297.6,35.2,1
6345,suv,4.8,road_loopA_r0,road_loopA_r1,7885.9,7998.7,112.8,1298.1,41.4,1
6434,suv,4.8,road_loopA_f0,xloopA_0Bb,7949.0,8001.8,52.8,479.2,32.7,0
6343,suv,4.8,road_loopA_r0,road_loopA_r1,7882.8,8003.0,120.2,1298.3,38.9,1
6335,car,4.5,road_loopA_r0,road_loopA_r1,7875.9,8003.6,127.7,1298.3,36.6,1
6356,suv,4.8,road_loopA_r0,road_loopA_r1,7894.3,8004.6,110.3,1297.6,42.3,1
6440,car,4.5,road_loopA_f0,xloopA_0Bb,7953.4,8005.0,51.6,478.8,33.4,0
6346,suv,4.8,road_loopA_r0,road_loopA_r1,7886.0,8006.3,120.3,1298.7,38.9,1
6375,car,4.5,road_loopA_r0,road_loopA_r1,7905.9,8006.3,100.4,1297.4,46.5,0
6364,suv,4.8,road_loopA_r0,road_loopA_r1,7899.6,8008.1,108.5,1297.4,43.1,0
6350,car,4.5,road_loopA_r0,road_loopA_r1,7888.0,8010.0,122.0,1298.6,38.3,1
6373,car,4.5,road_loopA_r0,road_loopA_r1,7904.7,8010.0,105.3,1297.5,44.4,0
6257,car,4.5,xloopA_0Ba,road_loopA_r1,7793.7,8011.4,217.7,476.2,7.9,1
6376,car,4.5,road_loopA_r0,road_loopA_r1,7907.6,8013.2,105.6,1298.0,44.3,0
6367,car,4.5,road_loopA_r0,road_loopA_r1,7901.0,8013.5,112.5,1298.2,41.5,0
6379,suv,4.8,road_loopA_r0,road_loopA_r1,7908.8,8015.1,106.3,1298.5,44.0,0
6357,suv,4.8,road_loopA_r0,road_loopA_r1,7894.6,8015.9,121.3,1298.1,38.5,0
6394,truck,8.5,road_loopA_r0,road_loopA_r1,7919.7,8017.3,97.6,1298.2,47.9,0
6361,truck,8.5,road_loopA_r0,road_loopA_r1,7898.9,8018.0,119.1,1297.9,39.2,0
6393,car,4.5,xloopA_0Aa,road_loopA_r1,7919.7,8018.5,98.8,506.9,18.5,1
6368,car,4.5,road_loopA_f0,road_loopA_f1,7901.0,8018.7,117.7,1303.8,39.9,1
6369,car,4.5,road_loopA_r0,road_loopA_r1,7902.2,8020.0,117.8,1297.8,39.7,0
6402,suv,4.8,road_loopA_r0,road_loopA_r1,7929.2,8020.0,90.8,1297.4,51.5,0
6336,car,4.5,road_loopA_r0,road_loopA_r1,7876.3,8020.2,143.9,1297.9,32.5,1
6366,suv,4.8,road_loopA_f0,road_loopA_f1,7900.7,8020.2,119.5,1303.5,39.3,1
6355,car,4.5,road_loopA_f0,road_loopA_f1,7894.1,8020.8,126.7,1302.8,37.0,1
6386,car,4.5,road_loopA_f0,road_loopA_f1,7913.3,8021.8,108.5,1304.0,43.3,1
6349,car,4.5,road_loopA_r0,road_loopA_r1,7887.8,8021.9,134.1,1298.4,34.9,1
6372,car,4.5,road_loopA_f0,road_loopA_f1,7904.4,8022.6,118.2,1303.0,39.7,1
6374,truck,8.5,road_loopA_r0,road_loopA_r1,7905.3,8022.6,117.3,1297.5,39.8,0
6399,suv,4.8,road_loopA_r0,road_loopA_r1,7924.5,8022.9,98.4,1297.5,47.4,0
6338,bus,11.0,road_loopA_r0,road_loopA_r1,7877.1,8023.4,146.3,1298.3,31.9,2
6381,car,4.5,road_loopA_r0,road_loopA_r1,7909.4,8024.0,114.6,1298.3,40.8,1
6360,truck,8.5,road_loopA_r0,road_loopA_r1,7897.9,8024.1,126.2,1297.5,37.0,0
6388,car,4.5,road_loopA_f0,road_loopA_f1,7915.6,8024.3,108.7,1302.8,43.1,1
6377,truck,8.5,road_loopA_r0,road_loopA_r1,7907.8,8025.1,117.3,1298.2,39.9,0
6351,car,4.5,road_loopA_r0,road_loopA_r1,7888.9,8025.8,136.9,1298.5,34.2,1
6384,car,4.5,road_loopA_r0,road_loopA_r1,7911.0,8026.2,115.2,1297.6,40.5,0
6380,car,4.5,road_loopA_r0,road_loopA_r1,7909.3,8027.5,118.2,1297.4,39.5,0
6370,truck,8.5,road_loopA_f0,road_loopA_f1,7902.6,8029.0,126.4,1304.0,37.1,1
6390,truck,8.5,road_loopA_r0,road_loopA_r1,7917.7,8029.6,111.9,1297.6,41.8,0
6300,car,4.5,road_loopA_r0,xloopA_0Bb,7839.1,8030.0,190.9,895.4,16.9,2
6392,car,4.5,road_loopA_f0,road_loopA_f1,7919.2,8030.0,110.8,1304.0,42.4,1
6207,suv,4.8,road_loopA_f0,xloopA_0Ab,7747.8,8030.6,282.8,505.4,6.4,3
6421,car,4.5,road_loopA_r0,road_loopA_r1,7940.3,8030.7,90.4,1298.1,51.7,0
6400,suv,4.8,road_loopA_f0,road_loopA_f1,7925.2,8031.5,106.3,1303.2,44.1,1
6396,car,4.5,road_loopA_f0,road_loopA_f1,7921.7,8032.2,110.5,1303.7,42.5,1
6313,car,4.5,road_loopA_r0,xloopA_0Bb,7855.9,8032.6,176.7,895.4,18.2,2
6275,car,4.5,road_loopA_f0,xloopA_0Ab,7811.5,8033.2,221.7,505.1,8.2,2
6408,suv,4.8,road_loopA_f0,road_loopA_f1,7932.5,8033.7,101.2,1304.1,46.4,0
1712,tram,34.0,loopA,loopA,3658.9,8033.9,4375.0,33703.2,27.7,40
6398,car,4.5,road_loopA_f0,road_loopA_f1,7923.4,8034.6,111.2,1303.2,42.2,1
6389,car,4.5,road_loopA_f0,road_loopA_f1,7916.6,8035.3,118.7,1303.3,39.5,1
6404,suv,4.8,road_loopA_r0,xloopA_0Bb,7931.7,8035.3,103.6,895.6,31.1,1
6409,car,4.5,road_loopA_f0,road_loopA_f1,7933.8,8035.5,101.7,1304.0,46.2,0
6431,car,4.5,road_loopA_r0,road_loopA_r1,7945.9,8035.8,89.9,1298.7,52.0,0
6322,car,4.5,road_loopA_f0,xloopA_0Ab,7862.0,8035.9,173.9,505.4,10.5,2
6395,car,4.5,road_loopA_r0,road_loopA_r1,7921.6,8036.3,114.7,1297.6,40.7,0
6416,suv,4.8,road_loopA_r0,road_loopA_r1,7937.5,8036.7,99.2,1297.4,47.1,0
6413,car,4.5,road_loopA_f0,road_loopA_f1,7935.7,8037.2,101.5,1303.9,46.3,0
6397,car,4.5,road_loopA_f0,road_loopA_f1,7922.7,8038.1,115.4,1303.7,40.7,1
6342,suv,4.8,road_loopA_f0,xloopA_0Ab,7881.6,8038.6,157.0,505.6,11.6,2
6401,truck,8.5,road_loopA_r0,road_loopA_r1,7927.7,8038.6,110.9,1297.8,42.1,0
6426,car,4.5,road_loopA_r0,road_loopA_r1,7942.9,8038.7,95.8,1298.2,48.8,0
6430,car,4.5,road_loopA_r0,road_loopA_r1,7945.9,8040.5,94.6,1297.6,49.4,0
6405,car,4.5,road_loopA_r0,road_loopA_r1,7932.1,8040.6,108.5,1297.4,43.0,0
6378,truck,8.5,road_loopA_f0,road_loopA_f1,7908.1,8040.9,132.8,1303.4,35.3,1
6359,suv,4.8,road_loopA_f0,xloopA_0Ab,7896.8,8041.3,144.5,505.5,12.6,1
6419,car,4.5,road_loopA_r0,road_loopA_r1,7939.6,8041.3,101.7,1297.6,45.9,0
6415,suv,4.8,road_loopA_f0,road_loopA_f1,7937.3,8044.3,107.0,1303.1,43.8,0
6352,bus,11.0,road_loopA_r0,road_loopA_r1,7889.5,8044.9,155.4,1297.7,30.1,2
6428,car,4.5,road_loopA_f0,road_loopA_f1,7945.0,8045.3,100.3,1303.6,46.8,0
6439,car,4.5,xloopA_0Aa,xloopA_0Ab,7952.9,8045.3,92.4,84.7,3.3,1
6422,suv,4.8,road_loopA_f0,road_loopA_f1,7940.7,8046.2,105.5,1303.3,44.5,0
6417,car,4.5,road_loopA_f0,road_loopA_f1,7937.6,8046.4,108.8,1303.3,43.1,0
6435,suv,4.8,road_loopA_f0,road_loopA_f1,7950.7,8047.0,96.3,1303.3,48.7,0
6429,truck,8.5,road_loopA_r0,road_loopA_r1,7945.0,8047.3,102.3,1297.8,45.7,0
6425,suv,4.8,road_loopA_f0,road_loopA_f1,7941.8,8048.0,106.2,1303.2,44.2,0
6382,car,4.5,xloopA_0Ba,xloopA_0Bb,7909.9,8048.6,138.7,84.0,2.2,1
6427,car,4.5,road_loopA_f0,road_loopA_f1,7943.8,8048.8,105.0,1303.2,44.7,0
6432,truck,8.5,road_loopA_r0,road_loopA_r1,7947.1,8049.8,102.7,1297.9,45.5,0
6385,car,4.5,xloopA_0Ba,xloopA_0Bb,7912.8,8050.8,138.0,84.5,2.2,1
6424,suv,4.8,road_loopA_f0,road_loopA_f1,7941.1,8051.9,110.8,1303.5,42.3,0
6436,truck,8.5,road_loopA_f0,road_loopA_f1,7950.9,8052.0,101.1,1303.5,46.4,0
6442,suv,4.8,road_loopA_f0,road_loopA_f1,7956.1,8052.2,96.1,1302.9,48.8,0
6494,car,4.5,xloopA_0Aa,xloopA_0Ab,8006.8,8052.6,45.8,84.1,6.6,0
6406,car,4.5,xloopA_0Ba,xloopA_0Bb,7932.2,8052.8,120.6,84.4,2.5,0
6418,car,4.5,road_loopA_f0,road_loopA_f1,7939.5,8054.1,114.6,1303.5,40.9,1
6438,truck,8.5,road_loopA_f0,road_loopA_f1,7952.7,8054.4,101.7,1303.3,46.2,0
6502,car,4.5,xloopA_0Aa,xloopA_0Ab,8023.9,8054.5,30.6,84.4,9.9,0
6446,car,4.5,xloopA_0Ba,xloopA_0Bb,7960.8,8054.9,94.1,84.4,3.2,0
6441,suv,4.8,road_loopA_f0,road_loopA_f1,7955.9,8055.9,100.0,1304.2,47.0,0
6403,car,4.5,road_loopA_f0,road_loopA_f1,7930.6,8057.4,126.8,1303.3,37.0,0
6437,car,4.5,road_loopA_f0,road_loopA_f1,7952.1,8058.6,106.5,1304.2,44.1,0
6451,car,4.5,road_loopA_f0,road_loopA_f1,7964.0,8058.7,94.7,1303.2,49.5,0
6414,car,4.5,road_loopA_f0,road_loopA_f1,7937.0,8059.1,122.1,1304.0,38.4,0
6455,car,4.5,road_loopA_f0,road_loopA_f1,7967.6,8060.4,92.8,1303.5,50.6,0
6420,car,4.5,road_loopA_f0,road_loopA_f1,7940.2,8060.7,120.5,1303.3,38.9,0
6410,bus,11.0,road_loopA_f0,road_loopA_f1,7934.8,8061.6,126.8,1304.0,37.0,0
6456,car,4.5,road_loopA_f0,road_loopA_f1,7969.0,8063.7,94.7,1303.3,49.6,0
6383,bus,11.0,road_loopA_f0,road_loopA_f1,7910.8,8063.9,153.1,1303.5,30.7,1
6453,car,4.5,road_loopA_f0,road_loopA_f1,7966.0,8064.2,98.2,1304.0,47.8,0
6457,car,4.5,road_loopA_f0,road_loopA_f1,7976.8,8066.2,89.4,1304.0,52.5,0
6423,bus,11.0,road_loopA_f0,road_loopA_f1,7940.9,8066.6,125.7,1303.7,37.3,0
6471,car,4.5,road_loopA_f0,xloopA_0Bb,7991.7,8067.5,75.8,478.7,22.7,1
6449,car,4.5,road_loopA_f0,road_loopA_f1,7963.4,8068.9,105.5,1303.6,44.5,0
6459,suv,4.8,road_loopA_f0,road_loopA_f1,7980.4,8070.7,90.3,1302.8,52.0,0
6461,suv,4.8,road_loopA_r0,xloopA_0Ab,7982.1,8074.0,91.9,869.3,34.1,1
6391,bus,11.0,road_loopA_f0,road_loopA_f1,7918.2,8076.1,157.9,1302.8,29.7,1
6444,suv,4.8,road_loopA_r0,road_loopA_r1,7956.9,8086.4,129.5,1297.9,36.1,1
6447,car,4.5,road_loopA_r0,road_loopA_r1,7962.3,8086.6,124.3,1298.1,37.6,1
6450,car,4.5,road_loopA_r0,road_loopA_r1,7963.8,8088.2,124.4,1298.6,37.6,1
6448,truck,8.5,road_loopA_r0,road_loopA_r1,7962.4,8093.6,131.2,1298.4,35.6,1
6478,car,4.5,road_loopA_r0,road_loopA_r1,7995.5,8095.5,100.0,1298.1,46.7,0
6433,suv,4.8,road_loopA_r0,road_loopA_r1,7947.8,8096.0,148.2,1297.2,31.5,1
6464,car,4.5,road_loopA_r0,road_loopA_r1,7986.1,8096.2,110.1,1297.9,42.4,0
6463,bus,11.0,road_loopA_r0,road_loopA_r1,7985.7,8097.8,112.1,1297.7,41.7,1
6468,car,4.5,road_loopA_r0,road_loopA_r1,7990.6,8100.2,109.6,1298.1,42.6,0
6490,suv,4.8,road_loopA_r0,road_loopA_r1,8002.9,8101.0,98.1,1297.6,47.6,0
6487,car,4.5,road_loopA_r0,road_loopA_r1,8001.2,8102.7,101.5,1298.2,46.0,0
6475,car,4.5,road_loopA_r0,road_loopA_r1,7993.9,8103.1,109.2,1298.7,42.8,0
6354,bus,11.0,road_loopA_f0,road_loopA_f1,7894.1,8104.2,210.1,1303.2,22.3,3
6492,car,4.5,road_loopA_r0,road_loopA_r1,8005.2,8104.3,99.1,1298.3,47.2,0
6484,suv,4.8,road_loopA_r0,road_loopA_r1,7999.5,8106.3,106.8,1297.3,43.7,0
6500,suv,4.8,road_loopA_r0,road_loopA_r1,8013.6,8106.7,93.1,1298.7,50.2,0
6445,car,4.5,xloopA_0Aa,road_loopA_r1,7957.2,8107.7,150.5,506.8,12.1,1
6501,car,4.5,road_loopA_r0,road_loopA_r1,8019.2,8109.2,90.0,1297.5,51.9,0
6462,car,4.5,road_loopA_r0,road_loopA_r1,7984.7,8109.5,124.8,1298.3,37.5,0
6466,suv,4.8,road_loopA_r0,road_loopA_r1,7987.4,8111.2,123.8,1297.7,37.7,0
6495,truck,8.5,road_loopA_r0,road_loopA_r1,8006.8,8112.9,106.1,1298.1,44.1,0
6498,truck,8.5,road_loopA_r0,road_loopA_r1,8013.1,8113.4,100.3,1297.3,46.5,0
6467,car,4.5,road_loopA_f0,road_loopA_f1,7987.8,8115.9,128.1,1304.2,36.6,1
6465,car,4.5,road_loopA_f0,road_loopA_f1,7987.2,8116.8,129.6,1303.5,36.2,1
6469,car,4.5,road_loopA_f0,road_loopA_f1,7990.7,8118.6,127.9,1303.7,36.7,1
6472,car,4.5,road_loopA_f0,road_loopA_f1,7991.8,8119.4,127.6,1303.9,36.8,1
6489,car,4.5,road_loopA_f0,road_loopA_f1,8001.6,8122.6,121.0,1302.8,38.8,1
6474,car,4.5,road_loopA_f0,road_loopA_f1,7994.0,8122.7,128.7,1303.8,36.5,1
6510,suv,4.8,road_loopA_r0,road_loopA_r1,8034.1,8123.1,89.0,1297.3,52.5,0
6485,car,4.5,road_loopA_r0,xloopA_0Bb,8000.7,8123.5,122.8,895.3,26.3,1
6387,car,4.5,road_loopA_f0,xloopA_0Ab,7913.8,8124.1,210.3,505.4,8.7,2
6488,suv,4.8,road_loopA_f0,road_loopA_f1,8001.3,8124.1,122.8,1304.1,38.2,1
6481,car,4.5,road_loopA_f0,road_loopA_f1,7998.3,8124.4,126.1,1303.0,37.2,1
6476,car,4.5,road_loopA_f0,road_loopA_f1,7994.1,8125.5,131.4,1303.7,35.7,1
6505,car,4.5,road_loopA_r0,xloopA_0Bb,8025.6,8126.1,100.5,895.3,32.1,1
6493,car,4.5,road_loopA_f0,road_loopA_f1,8006.5,8126.2,119.7,1303.3,39.2,1
6407,suv,4.8,road_loopA_f0,xloopA_0Ab,7932.5,8126.7,194.2,505.4,9.4,2
6513,suv,4.8,road_loopA_r0,road_loopA_r1,8037.9,8126.9,89.0,1297.3,52.5,0
6470,suv,4.8,road_loopA_f0,road_loopA_f1,7991.1,8127.1,136.0,1303.0,34.5,1
6452,suv,4.8,road_loopA_f0,xloopA_0Ab,7965.8,8129.4,163.6,505.3,11.1,2
6496,car,4.5,road_loopA_f0,road_loopA_f1,8007.4,8129.9,122.5,1303.1,38.3,1
6497,suv,4.8,road_loopA_f0,road_loopA_f1,8011.8,8132.1,120.3,1303.4,39.0,1
6509,car,4.5,road_loopA_f0,xloopA_0Ab,8033.2,8132.1,98.9,505.2,18.4,1
6480,truck,8.5,road_loopA_f0,road_loopA_f1,7997.6,8134.2,136.6,1303.0,34.3,0
6538,car,4.5,road_loopA_f0,xloopA_0Ab,8063.6,8134.7,71.1,504.9,25.6,1
6518,car,4.5,road_loopA_r0,road_loopA_r1,8046.3,8135.2,88.9,1297.3,52.5,0
6507,suv,4.8,road_loopA_f0,road_loopA_f1,8030.1,8135.9,105.8,1303.3,44.3,0
6479,car,4.5,road_loopA_f0,road_loopA_f1,7997.6,8136.0,138.4,1303.9,33.9,1
6483,car,4.5,road_loopA_f0,road_loopA_f1,7999.0,8137.6,138.6,1302.8,33.8,0
6506,suv,4.8,road_loopA_f0,road_loopA_f1,8025.6,8137.6,112.0,1304.2,41.9,0
6522,car,4.5,road_loopA_r0,road_loopA_r1,8048.7,8137.7,89.0,1297.3,52.5,0
6521,car,4.5,road_loopA_r0,road_loopA_r1,8048.0,8138.2,90.2,1298.3,51.8,0
6454,car,4.5,xloopA_0Ba,xloopA_0Bb,7966.9,8138.5,171.6,84.7,1.8,1
6523,car,4.5,road_loopA_r0,road_loopA_r1,8049.8,8139.8,90.0,1297.4,51.9,0
6504,car,4.5,road_loopA_f0,road_loopA_f1,8025.6,8140.4,114.8,1303.4,40.9,0
6516,car,4.5,road_loopA_f0,road_loopA_f1,8042.3,8140.6,98.3,1303.9,47.7,0
6365,car,4.5,xloopA_0Ba,road_loopA_f1,7900.7,8141.5,240.8,902.3,13.5,1
6525,car,4.5,road_loopA_r0,road_loopA_r1,8051.5,8141.5,90.0,1297.6,51.9,0
6524,car,4.5,road_loopA_r0,road_loopA_r1,8050.9,8141.7,90.8,1298.5,51.5,0
6508,car,4.5,xloopA_0Ba,xloopA_0Bb,8032.3,8142.8,110.5,84.6,2.8,1
6482,truck,8.5,road_loopA_f0,road_loopA_f1,7998.4,8143.7,145.3,1303.1,32.3,1
6517,car,4.5,road_loopA_f0,road_loopA_f1,8043.6,8143.9,100.3,1303.9,46.8,0
6563,car,4.5,xloopA_0Aa,xloopA_0Ab,8088.3,8146.4,58.1,84.2,5.2,0
6515,suv,4.8,road_loopA_f0,road_loopA_f1,8040.9,8146.9,106.0,1302.9,44.3,0
6520,car,4.5,road_loopA_f0,road_loopA_f1,8047.4,8147.9,100.5,1303.9,46.7,0
6503,car,4.5,road_loopA_f0,road_loopA_f1,8024.9,8149.2,124.3,1303.6,37.8,0
6532,car,4.5,road_loopA_f0,road_loopA_f1,8057.7,8151.0,93.3,1304.1,50.3,0
6514,car,4.5,road_loopA_f0,road_loopA_f1,8040.5,8151.3,110.8,1302.8,42.3,0
6546,suv,4.8,road_loopA_f0,xloopA_0Bb,8076.2,8152.5,76.3,479.1,22.6,1
6511,car,4.5,road_loopA_f0,road_loopA_f1,8036.7,8155.2,118.5,1303.6,39.6,0
6530,car,4.5,road_loopA_f0,road_loopA_f1,8056.8,8157.0,100.2,1303.6,46.8,0
6486,car,4.5,road_loopA_f0,road_loopA_f1,8001.1,8157.9,156.8,1303.9,29.9,1
6539,car,4.5,road_loopA_f0,road_loopA_f1,8066.2,8158.7,92.5,1304.0,50.7,0
6512,truck,8.5,road_loopA_f0,road_loopA_f1,8037.6,8160.2,122.6,1303.3,38.3,0
6570,car,4.5,road_loopA_f0,xloopA_0Bb,8097.4,8161.0,63.6,478.7,27.1,1
6545,car,4.5,road_loopA_f0,road_loopA_f1,8072.1,8162.0,89.9,1304.0,52.2,0
6473,suv,4.8,road_loopA_f0,road_loopA_f1,7993.7,8162.5,168.8,1303.4,27.8,1
6499,bus,11.0,road_loopA_f0,road_loopA_f1,8013.4,8164.7,151.3,1303.1,31.0,1
6542,car,4.5,road_loopA_f0,road_loopA_f1,8069.5,8168.1,98.6,1303.9,47.6,0
6548,suv,4.8,road_loopA_f0,road_loopA_f1,8076.9,8168.7,91.8,1304.1,51.1,0
6443,car,4.5,xloopA_0Aa,road_loopA_f1,7956.8,8172.5,215.7,872.2,14.6,1
6526,car,4.5,road_loopA_r0,road_loopA_r1,8051.7,8178.2,126.5,1298.4,36.9,1
6477,car,4.5,road_loopA_f0,road_loopA_f1,7994.6,8179.0,184.4,1303.5,25.5,0
6534,car,4.5,road_loopA_r0,road_loopA_r1,8058.4,8180.5,122.1,1298.6,38.3,1
6531,suv,4.8,road_loopA_r0,road_loopA_r1,8057.2,8180.8,123.6,1297.8,37.8,1
6564,car,4.5,road_loopA_r0,xloopA_0Ab,8089.1,8181.7,92.6,869.1,33.8,1
6535,car,4.5,road_loopA_r0,road_loopA_r1,8058.5,8182.3,123.8,1298.3,37.8,1
6527,car,4.5,road_loopA_r0,road_loopA_r1,8053.5,8187.0,133.5,1298.0,35.0,1
6543,car,4.5,road_loopA_r0,road_loopA_r1,8071.5,8189.1,117.6,1298.4,39.7,0
6533,car,4.5,road_loopA_r0,road_loopA_r1,8058.0,8189.9,131.9,1298.4,35.4,1
6558,truck,8.5,road_loopA_r0,road_loopA_r1,8083.8,8191.2,107.4,1298.0,43.5,0
6540,car,4.5,road_loopA_r0,road_loopA_r1,8068.5,8193.1,124.6,1297.3,37.5,1
6544,suv,4.8,road_loopA_r0,road_loopA_r1,8071.7,8194.1,122.4,1297.7,38.2,1
6537,car,4.5,road_loopA_r0,road_loopA_r1,8060.7,8194.5,133.8,1298.5,34.9,1
6460,bus,11.0,road_loopA_f0,road_loopA_f1,7981.3,8195.1,213.8,1303.1,21.9,3
6549,car,4.5,xloopA_0Aa,road_loopA_r1,8078.2,8196.5,118.3,506.6,15.4,1
6578,car,4.5,road_loopA_r0,road_loopA_r1,8105.3,8197.7,92.4,1297.6,50.6,0
6556,car,4.5,road_loopA_r0,road_loopA_r1,8082.7,8199.6,116.9,1297.8,40.0,0
