veh_id,kind,length_m,origin,destination,depart_s,arrive_s,travel_s,dist_m,avg_kmh,stops
31,car,4.5,xloopA_0Aa,xloopA_0Ab,2180.1,2195.1,15.0,84.2,20.2,1
41,car,4.5,xloopA_0Ba,xloopA_0Bb,2187.3,2197.1,9.8,84.7,31.2,0
12,suv,4.8,road_loopA_r0,road_loopA_r1,2152.1,2241.7,89.6,1297.8,52.2,0
10,suv,4.8,road_loopA_r0,road_loopA_r1,2150.9,2242.3,91.4,1297.6,51.1,0
14,car,4.5,road_loopA_r0,road_loopA_r1,2156.4,2245.4,89.0,1298.6,52.5,0
15,car,4.5,road_loopA_r0,road_loopA_r1,2161.1,2251.9,90.8,1297.8,51.4,0
17,car,4.5,road_loopA_r0,xloopA_0Ab,2164.1,2257.1,93.0,869.2,33.6,1
19,suv,4.8,road_loopA_r0,road_loopA_r1,2168.6,2259.1,90.5,1298.6,51.6,0
16,car,4.5,road_loopA_r0,road_loopA_r1,2162.9,2259.7,96.8,1297.9,48.3,0
20,suv,4.8,road_loopA_r0,road_loopA_r1,2171.0,2260.1,89.1,1298.3,52.5,0
80,suv,4.8,road_loopA_f0,xloopA_0Bb,2220.8,2260.9,40.1,478.9,43.0,0
26,suv,4.8,road_loopA_r0,road_loopA_r1,2175.8,2264.8,89.0,1297.3,52.5,0
22,suv,4.8,road_loopA_r0,road_loopA_r1,2172.7,2265.3,92.6,1298.1,50.5,0
18,truck,8.5,road_loopA_r0,road_loopA_r1,2168.1,2266.8,98.7,1298.3,47.4,0
24,car,4.5,road_loopA_r0,road_loopA_r1,2175.1,2267.6,92.5,1298.2,50.5,0
25,car,4.5,road_loopA_f0,road_loopA_f1,2175.7,2268.2,92.5,1303.2,50.7,0
30,car,4.5,road_loopA_r0,road_loopA_r1,2180.0,2269.3,89.3,1298.1,52.3,0
29,car,4.5,road_loopA_f0,road_loopA_f1,2178.7,2270.3,91.6,1303.1,51.2,0
23,car,4.5,road_loopA_f0,road_loopA_f1,2174.6,2270.4,95.8,1303.5,49.0,0
32,car,4.5,road_loopA_r0,road_loopA_r1,2180.2,2271.3,91.1,1298.7,51.3,0
34,car,4.5,road_loopA_f0,road_loopA_f1,2180.6,2273.4,92.8,1303.2,50.6,0
33,car,4.5,road_loopA_r0,road_loopA_r1,2180.2,2274.8,94.6,1297.6,49.4,0
11,car,4.5,road_loopA_f0,road_loopA_f1,2151.2,2275.5,124.3,1303.4,37.7,1
28,car,4.5,road_loopA_f0,road_loopA_f1,2178.3,2275.9,97.6,1303.3,48.1,0
95,truck,8.5,road_loopA_f0,xloopA_0Bb,2231.5,2277.0,45.5,478.9,37.9,0
9,car,4.5,road_loopA_f0,road_loopA_f1,2150.2,2282.8,132.6,1302.9,35.4,1
27,car,4.5,road_loopA_r0,road_loopA_r1,2176.6,2284.3,107.7,1297.7,43.4,0
39,car,4.5,road_loopA_f0,road_loopA_f1,2186.8,2285.1,98.3,1303.6,47.7,0
44,car,4.5,road_loopA_f0,road_loopA_f1,2192.0,2287.0,95.0,1304.1,49.4,0
42,car,4.5,road_loopA_r0,road_loopA_r1,2191.0,2287.3,96.3,1297.6,48.5,0
47,truck,8.5,road_loopA_f0,road_loopA_f1,2193.9,2289.6,95.7,1303.3,49.0,0
36,bus,11.0,road_loopA_r0,road_loopA_r1,2183.2,2291.5,108.3,1298.3,43.2,0
51,car,4.5,road_loopA_f0,road_loopA_f1,2201.0,2291.9,90.9,1304.1,51.7,0
13,car,4.5,road_loopA_f0,xloopA_0Ab,2155.7,2292.7,137.0,505.2,13.3,1
53,car,4.5,road_loopA_f0,road_loopA_f1,2201.7,2293.8,92.1,1303.4,50.9,0
63,car,4.5,road_loopA_f0,xloopA_0Ab,2208.0,2295.3,87.3,505.2,20.8,1
55,car,4.5,road_loopA_f0,road_loopA_f1,2203.8,2296.4,92.6,1302.8,50.6,0
37,car,4.5,road_loopA_f0,road_loopA_f1,2183.7,2297.2,113.5,1303.3,41.3,0
65,suv,4.8,road_loopA_f0,xloopA_0Ab,2208.6,2298.0,89.4,505.4,20.3,1
62,car,4.5,road_loopA_f0,road_loopA_f1,2207.6,2298.2,90.6,1303.5,51.8,0
40,car,4.5,road_loopA_f0,road_loopA_f1,2186.9,2298.8,111.9,1302.8,41.9,0
58,car,4.5,road_loopA_r0,road_loopA_r1,2205.5,2298.9,93.4,1297.9,50.0,0
43,car,4.5,xloopA_0Aa,road_loopA_f1,2192.0,2299.2,107.2,872.0,29.3,0
50,car,4.5,road_loopA_r0,road_loopA_r1,2196.8,2300.2,103.4,1297.7,45.2,0
57,suv,4.8,road_loopA_f0,road_loopA_f1,2205.3,2300.3,95.0,1304.0,49.4,0
73,car,4.5,road_loopA_f0,xloopA_0Ab,2215.2,2300.7,85.5,505.3,21.3,1
64,car,4.5,road_loopA_r0,road_loopA_r1,2208.2,2301.1,92.9,1297.8,50.3,0
45,truck,8.5,road_loopA_f0,road_loopA_f1,2192.4,2301.5,109.1,1303.9,43.0,0
71,car,4.5,road_loopA_r0,road_loopA_r1,2214.5,2303.6,89.1,1298.2,52.5,0
48,car,4.5,road_loopA_f0,road_loopA_f1,2195.2,2305.3,110.1,1304.0,42.6,0
38,suv,4.8,road_loopA_f0,road_loopA_f1,2183.8,2306.1,122.3,1302.9,38.3,0
68,suv,4.8,road_loopA_f0,road_loopA_f1,2212.0,2306.7,94.7,1303.4,49.6,0
56,car,4.5,road_loopA_f0,road_loopA_f1,2204.1,2307.0,102.9,1302.9,45.6,0
61,suv,4.8,road_loopA_r0,road_loopA_r1,2206.8,2307.3,100.5,1297.5,46.5,0
46,truck,8.5,road_loopA_r0,road_loopA_r1,2193.0,2307.7,114.7,1297.5,40.7,0
77,car,4.5,road_loopA_f0,road_loopA_f1,2217.8,2308.5,90.7,1303.7,51.8,0
66,car,4.5,xloopA_0Ba,xloopA_0Bb,2208.7,2310.1,101.4,84.4,3.0,1
60,car,4.5,road_loopA_f0,road_loopA_f1,2206.7,2310.7,104.0,1303.4,45.1,0
67,car,4.5,road_loopA_f0,road_loopA_f1,2209.0,2312.0,103.0,1303.8,45.6,0
111,car,4.5,xloopA_0Ba,xloopA_0Bb,2245.5,2312.1,66.6,84.2,4.6,1
96,car,4.5,xloopA_0Aa,xloopA_0Ab,2233.1,2312.7,79.6,84.7,3.8,1
54,car,4.5,road_loopA_f0,road_loopA_f1,2202.1,2314.0,111.9,1304.0,41.9,0
130,car,4.5,xloopA_0Ba,xloopA_0Bb,2259.6,2314.9,55.3,84.5,5.5,0
74,suv,4.8,road_loopA_f0,road_loopA_f1,2217.4,2316.4,99.0,1304.0,47.4,0
83,suv,4.8,road_loopA_f0,road_loopA_f1,2222.1,2318.1,96.0,1303.5,48.9,0
84,car,4.5,road_loopA_f0,road_loopA_f1,2222.6,2319.7,97.1,1303.4,48.3,0
86,car,4.5,road_loopA_f0,road_loopA_f1,2224.8,2321.9,97.1,1303.4,48.3,0
52,car,4.5,road_loopA_f0,road_loopA_f1,2201.5,2323.3,121.8,1303.8,38.5,0
93,truck,8.5,road_loopA_f0,road_loopA_f1,2231.3,2326.1,94.8,1303.3,49.5,0
49,car,4.5,road_loopA_r0,xloopA_0Ab,2196.2,2326.6,130.4,869.0,24.0,3
99,suv,4.8,road_loopA_f0,road_loopA_f1,2234.8,2328.1,93.3,1303.6,50.3,0
114,car,4.5,road_loopA_f0,xloopA_0Bb,2248.6,2329.7,81.1,478.9,21.3,1
101,car,4.5,road_loopA_f0,road_loopA_f1,2239.8,2329.9,90.1,1303.3,52.1,0
78,suv,4.8,road_loopA_r0,xloopA_0Ab,2219.8,2330.4,110.6,869.3,28.3,3
79,car,4.5,road_loopA_f0,road_loopA_f1,2220.2,2333.9,113.7,1303.5,41.3,0
91,truck,8.5,road_loopA_f0,road_loopA_f1,2231.0,2336.2,105.2,1303.4,44.6,0
125,suv,4.8,road_loopA_f0,xloopA_0Bb,2253.7,2336.6,82.9,478.8,20.8,1
102,car,4.5,road_loopA_f0,road_loopA_f1,2239.9,2337.2,97.3,1303.5,48.2,0
106,car,4.5,road_loopA_f0,road_loopA_f1,2244.0,2339.0,95.0,1304.0,49.4,0
108,suv,4.8,road_loopA_f0,road_loopA_f1,2245.0,2340.7,95.7,1302.8,49.0,0
35,bus,11.0,road_loopA_f0,road_loopA_f1,2181.7,2341.0,159.3,1303.1,29.4,2
124,truck,8.5,road_loopA_f0,xloopA_0Bb,2253.4,2341.9,88.5,478.5,19.5,1
105,suv,4.8,road_loopA_f0,road_loopA_f1,2242.6,2343.8,101.2,1303.4,46.4,0
75,suv,4.8,road_loopA_r0,road_loopA_r1,2217.7,2345.5,127.8,1297.8,36.6,1
132,suv,4.8,road_loopA_f0,xloopA_0Bb,2262.1,2345.5,83.4,478.9,20.7,1
141,truck,8.5,road_loopA_f0,xloopA_0Bb,2270.7,2351.0,80.3,478.7,21.5,1
69,truck,8.5,road_loopA_r0,road_loopA_r1,2212.4,2353.4,141.0,1297.6,33.1,1
76,car,4.5,xloopA_0Aa,road_loopA_r1,2217.7,2353.7,136.0,506.4,13.4,1
72,car,4.5,road_loopA_r0,road_loopA_r1,2215.2,2356.1,140.9,1298.1,33.2,1
85,truck,8.5,road_loopA_r0,road_loopA_r1,2223.4,2358.2,134.8,1297.5,34.7,1
98,suv,4.8,road_loopA_r0,road_loopA_r1,2234.0,2359.3,125.3,1297.5,37.3,1
188,car,4.5,road_loopA_f0,xloopA_0Bb,2318.0,2359.4,41.4,478.8,41.7,0
59,suv,4.8,road_loopA_r0,road_loopA_r1,2206.6,2360.2,153.6,1297.5,30.4,1
100,car,4.5,road_loopA_r0,road_loopA_r1,2237.5,2361.1,123.6,1298.5,37.8,1
70,car,4.5,road_loopA_r0,road_loopA_r1,2212.6,2362.2,149.6,1298.2,31.2,1
190,car,4.5,road_loopA_f0,xloopA_0Bb,2319.5,2362.5,43.0,478.9,40.1,0
116,suv,4.8,road_loopA_r0,road_loopA_r1,2250.6,2362.9,112.3,1297.6,41.6,1
82,suv,4.8,road_loopA_r0,road_loopA_r1,2222.0,2363.9,141.9,1297.5,32.9,1
117,car,4.5,road_loopA_r0,road_loopA_r1,2250.7,2365.4,114.7,1298.5,40.8,0
122,car,4.5,xloopA_0Ba,road_loopA_r1,2253.3,2366.0,112.7,476.8,15.2,1
90,truck,8.5,road_loopA_r0,road_loopA_r1,2230.1,2366.1,136.0,1297.5,34.3,1
81,suv,4.8,road_loopA_r0,road_loopA_r1,2221.3,2367.6,146.3,1297.6,31.9,1
112,car,4.5,road_loopA_r0,road_loopA_r1,2247.3,2368.1,120.8,1297.6,38.7,1
128,car,4.5,road_loopA_r0,road_loopA_r1,2257.6,2368.1,110.5,1298.5,42.3,0
87,car,4.5,road_loopA_r0,road_loopA_r1,2225.4,2369.3,143.9,1298.1,32.5,1
139,suv,4.8,road_loopA_r0,road_loopA_r1,2269.2,2369.9,100.7,1297.9,46.4,0
104,car,4.5,road_loopA_r0,road_loopA_r1,2241.9,2370.1,128.2,1298.4,36.5,0
89,suv,4.8,road_loopA_r0,road_loopA_r1,2228.7,2371.1,142.4,1298.0,32.8,1
118,car,4.5,road_loopA_r0,road_loopA_r1,2251.2,2371.9,120.7,1298.3,38.7,0
103,car,4.5,road_loopA_r0,road_loopA_r1,2240.2,2372.8,132.6,1298.1,35.2,1
107,car,4.5,road_loopA_f0,road_loopA_f1,2244.2,2372.8,128.6,1304.0,36.5,1
94,suv,4.8,road_loopA_r0,road_loopA_r1,2231.3,2372.9,141.6,1297.3,33.0,1
121,car,4.5,road_loopA_r0,road_loopA_r1,2251.7,2373.7,122.0,1298.6,38.3,1
120,car,4.5,road_loopA_r0,road_loopA_r1,2251.7,2374.5,122.8,1297.9,38.0,2
113,truck,8.5,road_loopA_f0,road_loopA_f1,2247.5,2375.5,128.0,1303.4,36.7,1
131,car,4.5,road_loopA_r0,road_loopA_r1,2261.4,2375.5,114.1,1298.4,41.0,0
110,car,4.5,road_loopA_r0,road_loopA_r1,2245.3,2377.2,131.9,1297.8,35.4,0
145,car,4.5,road_loopA_r0,road_loopA_r1,2273.9,2377.6,103.7,1298.5,45.1,0
126,car,4.5,road_loopA_f0,road_loopA_f1,2255.7,2378.6,122.9,1303.5,38.2,1
129,car,4.5,road_loopA_f0,road_loopA_f1,2258.7,2380.5,121.8,1304.1,38.6,1
115,car,4.5,road_loopA_f0,road_loopA_f1,2250.4,2380.8,130.4,1303.5,36.0,1
164,suv,4.8,road_loopA_r0,road_loopA_r1,2292.0,2381.1,89.1,1298.6,52.5,0
133,suv,4.8,road_loopA_f0,road_loopA_f1,2263.0,2382.4,119.4,1303.1,39.3,1
166,suv,4.8,road_loopA_r0,road_loopA_r1,2295.5,2385.2,89.7,1298.5,52.1,0
162,suv,4.8,road_loopA_r0,road_loopA_r1,2286.6,2385.6,99.0,1297.6,47.2,0
138,suv,4.8,road_loopA_f0,road_loopA_f1,2269.0,2385.8,116.8,1304.1,40.2,1
134,car,4.5,road_loopA_f0,road_loopA_f1,2263.9,2387.1,123.2,1303.8,38.1,1
136,car,4.5,road_loopA_f0,road_loopA_f1,2264.7,2388.8,124.1,1303.1,37.8,1
144,car,4.5,road_loopA_f0,road_loopA_f1,2273.8,2389.3,115.5,1304.2,40.7,1
151,suv,4.8,road_loopA_f0,road_loopA_f1,2279.5,2390.0,110.5,1303.5,42.5,1
172,suv,4.8,road_loopA_r0,road_loopA_r1,2303.0,2392.0,89.0,1297.3,52.5,0
173,car,4.5,road_loopA_r0,road_loopA_r1,2303.2,2392.2,89.0,1297.3,52.5,0
153,car,4.5,road_loopA_f0,road_loopA_f1,2281.9,2392.3,110.4,1303.4,42.5,0
150,car,4.5,road_loopA_f0,road_loopA_f1,2279.5,2393.2,113.7,1303.5,41.3,0
127,car,4.5,road_loopA_f0,road_loopA_f1,2256.5,2394.2,137.7,1303.5,34.1,1
177,suv,4.8,road_loopA_r0,road_loopA_r1,2306.4,2395.4,89.0,1297.3,52.5,0
155,car,4.5,road_loopA_f0,road_loopA_f1,2282.4,2395.5,113.1,1304.0,41.5,0
142,car,4.5,road_loopA_f0,road_loopA_f1,2271.8,2395.9,124.1,1303.7,37.8,0
149,truck,8.5,road_loopA_f0,road_loopA_f1,2278.8,2397.2,118.4,1303.6,39.6,0
178,car,4.5,road_loopA_r0,road_loopA_r1,2307.8,2398.3,90.5,1297.5,51.6,0
174,suv,4.8,road_loopA_r0,road_loopA_r1,2304.0,2398.4,94.4,1298.3,49.5,0
135,car,4.5,road_loopA_f0,road_loopA_f1,2264.5,2399.5,135.0,1303.5,34.8,1
156,truck,8.5,road_loopA_f0,road_loopA_f1,2282.5,2400.1,117.6,1303.2,39.9,1
140,suv,4.8,road_loopA_r0,xloopA_0Bb,2270.1,2400.3,130.2,895.6,24.8,1
137,car,4.5,road_loopA_f0,xloopA_0Ab,2266.9,2400.8,133.9,505.0,13.6,1
163,car,4.5,road_loopA_f0,road_loopA_f1,2290.7,2402.2,111.5,1302.9,42.1,0
146,car,4.5,road_loopA_r0,xloopA_0Bb,2274.5,2402.9,128.4,895.3,25.1,1
148,car,4.5,road_loopA_f0,xloopA_0Ab,2277.7,2403.4,125.7,505.0,14.5,1
179,suv,4.8,road_loopA_r0,road_loopA_r1,2307.9,2404.1,96.2,1298.1,48.6,0
182,car,4.5,road_loopA_r0,road_loopA_r1,2315.2,2404.2,89.0,1297.3,52.5,0
157,car,4.5,road_loopA_f0,road_loopA_f1,2282.8,2404.5,121.7,1302.9,38.5,0
168,suv,4.8,road_loopA_f0,road_loopA_f1,2296.9,2404.9,108.0,1304.1,43.5,0
158,car,4.5,road_loopA_f0,road_loopA_f1,2283.1,2405.1,122.0,1304.0,38.5,0
88,bus,11.0,road_loopA_r0,road_loopA_r1,2228.0,2405.5,177.5,1298.2,26.3,1
147,car,4.5,road_loopA_r0,xloopA_0Bb,2274.6,2405.6,131.0,895.6,24.6,1
123,car,4.5,road_loopA_f0,road_loopA_f1,2253.3,2406.6,153.3,1303.8,30.6,1
191,truck,8.5,road_loopA_f0,xloopA_0Ab,2323.3,2406.9,83.6,505.4,21.8,1
183,car,4.5,road_loopA_r0,road_loopA_r1,2315.2,2407.2,92.0,1298.6,50.8,0
175,suv,4.8,road_loopA_f0,road_loopA_f1,2305.0,2407.5,102.5,1303.9,45.8,0
169,car,4.5,road_loopA_r0,xloopA_0Bb,2300.2,2408.2,108.0,895.3,29.8,1
218,car,4.5,road_loopA_f0,xloopA_0Ab,2341.8,2409.9,68.1,505.0,26.7,1
154,truck,8.5,road_loopA_f0,road_loopA_f1,2282.0,2412.0,130.0,1303.7,36.1,0
187,car,4.5,road_loopA_f0,road_loopA_f1,2318.0,2412.9,94.9,1304.0,49.5,0
181,car,4.5,road_loopA_f0,road_loopA_f1,2309.4,2413.2,103.8,1303.3,45.2,0
143,car,4.5,road_loopA_f0,road_loopA_f1,2273.2,2413.5,140.3,1302.9,33.4,0
194,car,4.5,road_loopA_f0,road_loopA_f1,2324.2,2414.9,90.7,1303.7,51.7,0
216,car,4.5,xloopA_0Aa,xloopA_0Ab,2341.0,2415.5,74.5,84.8,4.1,1
160,suv,4.8,road_loopA_f0,road_loopA_f1,2284.5,2415.9,131.4,1303.6,35.7,0
196,suv,4.8,road_loopA_r0,road_loopA_r1,2325.4,2416.6,91.2,1298.7,51.3,0
152,car,4.5,xloopA_0Ba,xloopA_0Bb,2279.9,2416.8,136.9,84.5,2.2,1
185,truck,8.5,road_loopA_r0,road_loopA_r1,2316.4,2416.8,100.4,1297.4,46.5,0
257,car,4.5,xloopA_0Aa,xloopA_0Ab,2386.5,2417.5,31.0,84.4,9.8,1
184,truck,8.5,road_loopA_r0,road_loopA_r1,2316.3,2418.2,101.9,1298.5,45.9,0
186,suv,4.8,road_loopA_r0,road_loopA_r1,2317.5,2418.9,101.4,1298.0,46.1,0
161,truck,8.5,road_loopA_f0,road_loopA_f1,2285.7,2419.0,133.3,1303.4,35.2,0
159,car,4.5,xloopA_0Ba,xloopA_0Bb,2283.2,2419.0,135.8,84.1,2.2,1
189,car,4.5,road_loopA_r0,road_loopA_r1,2319.4,2420.1,100.7,1298.1,46.4,0
176,car,4.5,road_loopA_f0,road_loopA_f1,2306.1,2420.2,114.1,1302.8,41.1,0
197,car,4.5,road_loopA_f0,road_loopA_f1,2326.8,2420.2,93.4,1303.6,50.3,0
201,suv,4.8,road_loopA_f0,road_loopA_f1,2329.3,2421.2,91.9,1303.2,51.1,0
171,car,4.5,xloopA_0Ba,xloopA_0Bb,2302.7,2421.4,118.7,84.4,2.6,1
199,car,4.5,road_loopA_f0,road_loopA_f1,2327.7,2422.7,95.0,1303.3,49.4,0
180,car,4.5,xloopA_0Ba,xloopA_0Bb,2308.4,2423.5,115.1,84.8,2.7,0
206,car,4.5,road_loopA_f0,road_loopA_f1,2333.9,2424.4,90.5,1303.1,51.8,0
170,suv,4.8,road_loopA_f0,road_loopA_f1,2302.1,2424.9,122.8,1303.2,38.2,0
221,car,4.5,xloopA_0Ba,xloopA_0Bb,2342.9,2425.7,82.8,84.7,3.7,0
198,car,4.5,road_loopA_f0,road_loopA_f1,2327.4,2426.8,99.4,1304.0,47.2,0
203,car,4.5,road_loopA_f0,road_loopA_f1,2333.0,2429.5,96.5,1303.2,48.6,0
92,car,4.5,xloopA_0Aa,road_loopA_f1,2231.3,2430.3,199.0,872.5,15.8,1
213,suv,4.8,road_loopA_f0,road_loopA_f1,2339.8,2430.7,90.9,1303.0,51.6,0
165,truck,8.5,road_loopA_f0,road_loopA_f1,2293.2,2432.5,139.3,1303.3,33.7,0
195,car,4.5,road_loopA_f0,road_loopA_f1,2325.1,2432.8,107.7,1303.6,43.6,0
200,car,4.5,road_loopA_f0,road_loopA_f1,2328.1,2433.6,105.5,1303.8,44.5,0
207,car,4.5,road_loopA_f0,road_loopA_f1,2334.9,2435.8,100.9,1303.3,46.5,0
208,car,4.5,road_loopA_f0,road_loopA_f1,2335.6,2436.6,101.0,1303.2,46.5,0
209,truck,8.5,road_loopA_f0,road_loopA_f1,2335.6,2438.0,102.4,1303.9,45.9,0
214,car,4.5,road_loopA_f0,road_loopA_f1,2339.8,2438.3,98.5,1303.3,47.6,0
220,car,4.5,road_loopA_f0,road_loopA_f1,2342.8,2440.0,97.2,1302.9,48.3,0
205,bus,11.0,road_loopA_f0,road_loopA_f1,2333.4,2440.9,107.5,1303.1,43.6,0
224,truck,8.5,road_loopA_f0,road_loopA_f1,2346.2,2444.7,98.5,1302.8,47.6,0
226,car,4.5,road_loopA_f0,road_loopA_f1,2351.0,2450.2,99.2,1303.3,47.3,0
229,suv,4.8,road_loopA_f0,road_loopA_f1,2353.7,2450.5,96.8,1303.3,48.5,0
109,bus,11.0,road_loopA_f0,road_loopA_f1,2245.1,2452.1,207.0,1303.0,22.7,3
217,car,4.5,road_loopA_f0,road_loopA_f1,2341.6,2455.1,113.5,1303.1,41.3,0
193,car,4.5,road_loopA_r0,road_loopA_r1,2323.7,2458.3,134.6,1297.3,34.7,1
288,car,4.5,road_loopA_f0,xloopA_0Bb,2417.3,2458.8,41.5,478.8,41.5,0
167,bus,11.0,road_loopA_f0,road_loopA_f1,2296.7,2459.8,163.1,1303.0,28.8,1
192,car,4.5,road_loopA_r0,road_loopA_r1,2323.6,2459.9,136.3,1297.9,34.3,1
202,car,4.5,road_loopA_r0,road_loopA_r1,2330.8,2461.3,130.5,1297.4,35.8,1
210,car,4.5,road_loopA_r0,road_loopA_r1,2338.0,2463.1,125.1,1298.1,37.4,1
211,car,4.5,road_loopA_r0,road_loopA_r1,2338.7,2463.2,124.5,1297.4,37.5,1
204,car,4.5,road_loopA_r0,road_loopA_r1,2333.4,2463.3,129.9,1297.5,36.0,1
215,car,4.5,road_loopA_r0,road_loopA_r1,2340.9,2464.9,124.0,1298.3,37.7,1
219,suv,4.8,road_loopA_r0,road_loopA_r1,2342.3,2464.9,122.6,1297.5,38.1,1
227,car,4.5,road_loopA_r0,road_loopA_r1,2351.9,2466.5,114.6,1297.6,40.8,1
222,suv,4.8,road_loopA_r0,road_loopA_r1,2343.5,2466.7,123.2,1298.6,37.9,1
231,suv,4.8,road_loopA_r0,road_loopA_r1,2356.7,2468.5,111.8,1298.5,41.8,1
223,suv,4.8,road_loopA_r0,road_loopA_r1,2343.5,2469.1,125.6,1298.0,37.2,1
234,car,4.5,road_loopA_r0,road_loopA_r1,2361.2,2469.8,108.6,1298.4,43.1,1
228,car,4.5,road_loopA_r0,road_loopA_r1,2352.6,2470.8,118.2,1297.8,39.5,1
238,car,4.5,road_loopA_r0,road_loopA_r1,2365.9,2471.3,105.4,1297.4,44.3,1
119,bus,11.0,road_loopA_f0,road_loopA_f1,2251.2,2472.2,221.0,1303.5,21.2,4
244,car,4.5,road_loopA_r0,road_loopA_r1,2368.4,2474.9,106.5,1297.6,43.9,0
233,car,4.5,road_loopA_r0,road_loopA_r1,2360.8,2476.4,115.6,1297.6,40.4,0
247,suv,4.8,road_loopA_r0,road_loopA_r1,2371.7,2477.5,105.8,1297.7,44.2,0
255,car,4.5,road_loopA_r0,road_loopA_r1,2385.4,2478.7,93.3,1297.5,50.0,0
258,car,4.5,road_loopA_r0,road_loopA_r1,2387.3,2480.5,93.2,1297.3,50.1,0
241,suv,4.8,road_loopA_r0,road_loopA_r1,2366.7,2481.0,114.3,1297.7,40.9,0
225,truck,8.5,road_loopA_r0,road_loopA_r1,2347.6,2481.1,133.5,1297.3,35.0,0
251,car,4.5,road_loopA_r0,road_loopA_r1,2378.2,2482.8,104.6,1297.6,44.7,0
254,car,4.5,road_loopA_r0,road_loopA_r1,2385.0,2484.0,99.0,1297.8,47.2,0
239,car,4.5,road_loopA_r0,road_loopA_r1,2366.4,2484.2,117.8,1297.5,39.6,0
230,car,4.5,road_loopA_f0,road_loopA_f1,2354.9,2485.6,130.7,1303.3,35.9,1
235,car,4.5,road_loopA_f0,road_loopA_f1,2364.6,2485.7,121.1,1303.9,38.8,1
264,car,4.5,road_loopA_r0,road_loopA_r1,2397.0,2486.1,89.1,1297.4,52.4,0
236,suv,4.8,road_loopA_f0,road_loopA_f1,2365.1,2487.1,122.0,1303.0,38.4,1
237,car,4.5,road_loopA_f0,road_loopA_f1,2365.9,2487.5,121.6,1303.3,38.6,1
240,car,4.5,road_loopA_f0,road_loopA_f1,2366.5,2488.6,122.1,1302.9,38.4,1
243,car,4.5,road_loopA_f0,road_loopA_f1,2367.7,2491.1,123.4,1303.5,38.0,1
246,car,4.5,road_loopA_f0,road_loopA_f1,2371.8,2491.9,120.1,1303.3,39.1,1
242,suv,4.8,road_loopA_f0,road_loopA_f1,2367.3,2492.8,125.5,1303.6,37.4,1
248,car,4.5,road_loopA_f0,road_loopA_f1,2372.7,2493.4,120.7,1303.4,38.9,1
263,car,4.5,road_loopA_r0,road_loopA_r1,2396.8,2493.8,97.0,1298.2,48.2,0
259,suv,4.8,road_loopA_f0,road_loopA_f1,2389.2,2496.8,107.6,1303.1,43.6,1
269,car,4.5,road_loopA_r0,road_loopA_r1,2402.9,2497.5,94.6,1298.3,49.4,0
252,car,4.5,road_loopA_f0,road_loopA_f1,2378.4,2497.6,119.2,1303.0,39.4,1
274,suv,4.8,road_loopA_r0,road_loopA_r1,2408.3,2498.8,90.5,1298.3,51.6,0
260,suv,4.8,road_loopA_f0,road_loopA_f1,2391.5,2499.1,107.6,1303.2,43.6,0
267,car,4.5,road_loopA_r0,road_loopA_r1,2401.6,2500.0,98.4,1297.4,47.5,0
266,car,4.5,road_loopA_f0,road_loopA_f1,2399.3,2500.9,101.6,1303.2,46.2,0
253,car,4.5,road_loopA_f0,road_loopA_f1,2380.7,2501.4,120.7,1303.0,38.9,1
270,car,4.5,road_loopA_r0,road_loopA_r1,2404.4,2501.7,97.3,1298.0,48.0,0
268,car,4.5,road_loopA_f0,road_loopA_f1,2402.0,2503.1,101.1,1303.3,46.4,0
284,suv,4.8,road_loopA_r0,road_loopA_r1,2412.1,2503.4,91.3,1297.8,51.2,0
249,suv,4.8,road_loopA_r0,road_loopA_r1,2375.8,2503.6,127.8,1297.6,36.6,0
273,car,4.5,road_loopA_f0,road_loopA_f1,2406.7,2504.0,97.3,1303.2,48.2,0
245,car,4.5,road_loopA_f0,road_loopA_f1,2370.9,2504.8,133.9,1303.4,35.0,1
275,car,4.5,road_loopA_f0,road_loopA_f1,2409.2,2505.3,96.1,1303.1,48.8,0
286,car,4.5,road_loopA_r0,road_loopA_r1,2414.5,2505.3,90.8,1297.7,51.4,0
265,truck,8.5,road_loopA_f0,road_loopA_f1,2397.5,2508.4,110.9,1303.7,42.3,0
290,suv,4.8,road_loopA_r0,road_loopA_r1,2419.8,2508.8,89.0,1297.3,52.5,0
280,car,4.5,road_loopA_f0,road_loopA_f1,2411.6,2509.2,97.6,1304.0,48.1,0
278,car,4.5,road_loopA_f0,road_loopA_f1,2409.9,2510.3,100.4,1303.1,46.7,0
271,suv,4.8,road_loopA_r0,road_loopA_r1,2406.0,2511.1,105.1,1297.4,44.4,0
277,car,4.5,road_loopA_f0,road_loopA_f1,2409.4,2511.9,102.5,1303.1,45.8,0
281,car,4.5,road_loopA_f0,road_loopA_f1,2411.7,2512.9,101.2,1303.7,46.4,0
291,car,4.5,road_loopA_r0,road_loopA_r1,2423.7,2513.0,89.3,1297.7,52.3,0
212,suv,4.8,road_loopA_r0,xloopA_0Bb,2338.9,2513.2,174.3,896.0,18.5,1
282,truck,8.5,road_loopA_f0,road_loopA_f1,2411.8,2513.5,101.7,1303.3,46.1,0
256,truck,8.5,road_loopA_f0,xloopA_0Ab,2385.5,2514.9,129.4,505.1,14.1,1
232,suv,4.8,road_loopA_r0,xloopA_0Bb,2357.4,2515.8,158.4,895.7,20.4,1
262,car,4.5,road_loopA_f0,road_loopA_f1,2393.6,2516.7,123.1,1303.8,38.1,0
279,truck,8.5,road_loopA_f0,road_loopA_f1,2410.5,2516.8,106.3,1303.0,44.1,0
293,suv,4.8,road_loopA_r0,road_loopA_r1,2428.3,2517.3,89.0,1297.3,52.5,0
261,suv,4.8,road_loopA_f0,xloopA_0Ab,2392.8,2517.9,125.1,505.2,14.5,1
250,truck,8.5,road_loopA_r0,xloopA_0Bb,2376.4,2519.3,142.9,895.8,22.6,1
294,car,4.5,road_loopA_r0,road_loopA_r1,2430.8,2519.8,89.0,1297.3,52.5,0
276,car,4.5,road_loopA_f0,xloopA_0Ab,2409.3,2520.6,111.3,505.2,16.3,1
285,car,4.5,road_loopA_f0,road_loopA_f1,2412.4,2520.7,108.3,1303.1,43.3,0
296,car,4.5,road_loopA_r0,road_loopA_r1,2431.9,2521.7,89.8,1297.9,52.0,0
283,car,4.5,road_loopA_r0,xloopA_0Bb,2411.8,2522.3,110.5,895.4,29.2,1
334,car,4.5,road_loopA_f0,xloopA_0Ab,2461.2,2523.3,62.1,505.4,29.3,1
300,suv,4.8,road_loopA_r0,road_loopA_r1,2436.0,2526.9,90.9,1298.0,51.4,0
301,car,4.5,xloopA_0Ba,xloopA_0Bb,2436.1,2530.2,94.1,84.0,3.2,1
305,car,4.5,road_loopA_f0,road_loopA_f1,2440.9,2530.3,89.4,1302.8,52.4,0
304,car,4.5,xloopA_0Aa,xloopA_0Ab,2439.2,2530.4,91.2,84.1,3.3,1
302,car,4.5,xloopA_0Ba,xloopA_0Bb,2437.0,2532.5,95.5,84.3,3.2,1
313,car,4.5,xloopA_0Aa,xloopA_0Ab,2448.7,2532.7,84.0,84.1,3.6,1
317,car,4.5,xloopA_0Ba,xloopA_0Bb,2450.2,2534.8,84.6,84.3,3.6,1
329,car,4.5,xloopA_0Aa,xloopA_0Ab,2458.4,2535.6,77.2,84.7,4.0,0
370,car,4.5,xloopA_0Ba,xloopA_0Bb,2488.5,2537.1,48.6,84.4,6.3,0
360,car,4.5,xloopA_0Aa,xloopA_0Ab,2479.8,2537.6,57.8,84.5,5.3,0
309,suv,4.8,road_loopA_f0,road_loopA_f1,2445.1,2538.2,93.1,1303.0,50.4,0
374,car,4.5,xloopA_0Ba,xloopA_0Bb,2491.2,2539.1,47.9,84.2,6.3,0
363,car,4.5,xloopA_0Aa,xloopA_0Ab,2480.7,2539.8,59.1,84.5,5.1,0
395,car,4.5,xloopA_0Aa,xloopA_0Ab,2511.7,2541.7,30.0,84.0,10.1,0
287,suv,4.8,road_loopA_f0,road_loopA_f1,2414.9,2543.2,128.3,1303.3,36.6,0
422,car,4.5,xloopA_0Aa,xloopA_0Ab,2530.6,2543.7,13.1,84.1,23.1,0
292,car,4.5,road_loopA_f0,road_loopA_f1,2426.7,2545.1,118.4,1303.6,39.6,0
322,car,4.5,road_loopA_f0,road_loopA_f1,2452.7,2545.4,92.7,1302.8,50.6,0
289,suv,4.8,road_loopA_f0,road_loopA_f1,2417.6,2545.8,128.2,1302.8,36.6,0
307,car,4.5,road_loopA_f0,road_loopA_f1,2444.2,2546.8,102.6,1303.8,45.8,0
315,car,4.5,road_loopA_f0,road_loopA_f1,2449.7,2547.9,98.2,1303.1,47.8,0
310,car,4.5,road_loopA_f0,road_loopA_f1,2446.5,2548.5,102.0,1303.0,46.0,0
318,car,4.5,road_loopA_f0,road_loopA_f1,2450.3,2549.8,99.5,1303.7,47.2,0
316,car,4.5,road_loopA_f0,road_loopA_f1,2449.8,2550.3,100.5,1303.2,46.7,0
303,suv,4.8,road_loopA_r0,xloopA_0Ab,2437.5,2550.8,113.3,869.5,27.6,1
331,car,4.5,road_loopA_f0,road_loopA_f1,2459.5,2551.6,92.1,1303.7,50.9,0
319,car,4.5,road_loopA_f0,road_loopA_f1,2450.6,2552.1,101.5,1303.8,46.2,0
328,car,4.5,road_loopA_f0,road_loopA_f1,2456.3,2553.1,96.8,1304.0,48.5,0
338,car,4.5,road_loopA_f0,road_loopA_f1,2463.9,2553.4,89.5,1303.4,52.4,0
332,car,4.5,road_loopA_f0,road_loopA_f1,2460.4,2554.9,94.5,1303.8,49.7,0
344,suv,4.8,road_loopA_f0,road_loopA_f1,2465.7,2555.4,89.7,1303.5,52.3,0
336,car,4.5,road_loopA_f0,road_loopA_f1,2462.4,2557.4,95.0,1303.6,49.4,0
343,car,4.5,road_loopA_f0,xloopA_0Bb,2465.7,2557.8,92.1,478.7,18.7,2
342,car,4.5,road_loopA_f0,road_loopA_f1,2465.3,2558.0,92.7,1303.4,50.6,0
333,car,4.5,road_loopA_r0,xloopA_0Ab,2460.9,2561.3,100.4,869.1,31.2,2
365,car,4.5,road_loopA_f0,xloopA_0Bb,2485.5,2561.5,76.0,478.7,22.7,2
272,bus,11.0,road_loopA_f0,road_loopA_f1,2406.3,2565.0,158.7,1303.1,29.6,2
330,truck,8.5,road_loopA_f0,road_loopA_f1,2459.1,2567.2,108.1,1303.3,43.4,0
367,suv,4.8,road_loopA_r0,xloopA_0Ab,2486.9,2568.2,81.3,869.5,38.5,1
358,car,4.5,road_loopA_r0,xloopA_0Ab,2477.7,2574.0,96.3,869.0,32.5,1
311,car,4.5,road_loopA_r0,road_loopA_r1,2447.0,2581.9,134.9,1298.3,34.6,1
295,car,4.5,road_loopA_r0,road_loopA_r1,2431.0,2582.8,151.8,1298.0,30.8,1
297,car,4.5,road_loopA_r0,road_loopA_r1,2433.6,2586.9,153.3,1297.4,30.5,1
306,truck,8.5,road_loopA_r0,road_loopA_r1,2441.1,2588.8,147.7,1298.4,31.7,1
323,car,4.5,road_loopA_r0,road_loopA_r1,2452.8,2589.9,137.1,1298.0,34.1,1
335,suv,4.8,road_loopA_r0,road_loopA_r1,2462.2,2591.6,129.4,1297.5,36.1,1
339,suv,4.8,road_loopA_r0,road_loopA_r1,2464.4,2594.1,129.7,1298.3,36.0,1
320,car,4.5,xloopA_0Aa,road_loopA_r1,2451.0,2594.2,143.2,506.9,12.7,1
393,car,4.5,xloopA_0Ba,road_loopA_r1,2508.9,2595.7,86.8,476.1,19.7,0
341,car,4.5,road_loopA_r0,road_loopA_r1,2465.3,2595.9,130.6,1298.0,35.8,1
312,car,4.5,road_loopA_r0,road_loopA_r1,2447.7,2597.4,149.7,1298.2,31.2,1
314,suv,4.8,road_loopA_r0,road_loopA_r1,2448.9,2598.7,149.8,1298.0,31.2,1
321,suv,4.8,road_loopA_r0,road_loopA_r1,2451.8,2599.0,147.2,1297.8,31.7,1
349,truck,8.5,road_loopA_r0,road_loopA_r1,2470.2,2600.3,130.1,1298.4,35.9,1
407,car,4.5,xloopA_0Ba,road_loopA_r1,2521.5,2601.1,79.6,476.1,21.5,0
327,truck,8.5,road_loopA_r0,road_loopA_r1,2455.9,2601.7,145.8,1297.5,32.0,1
369,suv,4.8,road_loopA_r0,road_loopA_r1,2488.2,2602.2,114.0,1297.3,41.0,0
298,car,4.5,road_loopA_r0,road_loopA_r1,2434.6,2602.9,168.3,1298.4,27.8,1
377,car,4.5,road_loopA_r0,road_loopA_r1,2495.6,2604.0,108.4,1298.0,43.1,0
385,car,4.5,road_loopA_r0,xloopA_0Ab,2504.9,2604.1,99.2,869.1,31.5,1
326,suv,4.8,road_loopA_r0,road_loopA_r1,2455.1,2604.2,149.1,1297.3,31.3,1
308,car,4.5,road_loopA_r0,road_loopA_r1,2445.0,2604.5,159.5,1297.5,29.3,1
347,car,4.5,road_loopA_r0,road_loopA_r1,2468.0,2605.9,137.9,1297.6,33.9,1
379,car,4.5,road_loopA_r0,road_loopA_r1,2498.9,2606.0,107.1,1297.4,43.6,0
325,car,4.5,road_loopA_r0,road_loopA_r1,2453.7,2606.2,152.5,1297.9,30.6,1
351,suv,4.8,road_loopA_f0,road_loopA_f1,2474.1,2607.3,133.2,1303.8,35.2,1
353,car,4.5,road_loopA_r0,road_loopA_r1,2475.5,2607.9,132.4,1297.8,35.3,0
337,car,4.5,road_loopA_r0,road_loopA_r1,2463.5,2608.0,144.5,1298.1,32.3,1
361,suv,4.8,road_loopA_f0,road_loopA_f1,2480.1,2608.3,128.2,1303.4,36.6,1
366,car,4.5,road_loopA_f0,road_loopA_f1,2486.3,2608.6,122.3,1303.3,38.4,1
380,car,4.5,road_loopA_r0,road_loopA_r1,2500.3,2608.9,108.6,1298.4,43.0,0
340,car,4.5,road_loopA_r0,road_loopA_r1,2465.1,2609.7,144.6,1298.2,32.3,1
371,car,4.5,road_loopA_r0,road_loopA_r1,2489.9,2609.7,119.8,1298.5,39.0,0
352,car,4.5,road_loopA_r0,road_loopA_r1,2474.9,2611.4,136.5,1298.0,34.2,1
354,car,4.5,road_loopA_r0,road_loopA_r1,2475.5,2611.7,136.2,1297.4,34.3,1
372,suv,4.8,road_loopA_f0,road_loopA_f1,2490.3,2611.8,121.5,1303.1,38.6,1
391,suv,4.8,road_loopA_r0,road_loopA_r1,2508.2,2612.6,104.4,1298.1,44.8,0
324,bus,11.0,road_loopA_f0,road_loopA_f1,2453.2,2612.9,159.7,1303.3,29.4,2
356,car,4.5,road_loopA_r0,road_loopA_r1,2477.0,2613.1,136.1,1297.5,34.3,1
376,car,4.5,road_loopA_f0,road_loopA_f1,2494.0,2613.4,119.4,1303.8,39.3,1
382,truck,8.5,road_loopA_r0,road_loopA_r1,2502.8,2613.6,110.8,1298.1,42.2,0
346,car,4.5,road_loopA_f0,road_loopA_f1,2466.4,2613.9,147.5,1303.6,31.8,1
399,car,4.5,road_loopA_r0,road_loopA_r1,2518.0,2614.3,96.3,1297.8,48.5,0
368,car,4.5,road_loopA_f0,road_loopA_f1,2487.5,2614.8,127.3,1303.3,36.9,1
357,car,4.5,road_loopA_r0,road_loopA_r1,2477.0,2615.0,138.0,1298.0,33.9,1
392,car,4.5,road_loopA_r0,road_loopA_r1,2508.4,2615.5,107.1,1297.4,43.6,0
476,car,4.5,road_loopA_f0,xloopA_0Bb,2575.9,2615.8,39.9,478.6,43.2,0
404,car,4.5,road_loopA_r0,road_loopA_r1,2520.8,2616.3,95.5,1297.6,48.9,0
350,suv,4.8,road_loopA_f0,road_loopA_f1,2471.0,2616.7,145.7,1303.2,32.2,1
394,car,4.5,road_loopA_r0,road_loopA_r1,2511.2,2617.3,106.1,1298.0,44.0,0
359,car,4.5,road_loopA_r0,road_loopA_r1,2478.8,2617.7,138.9,1298.2,33.7,0
397,suv,4.8,road_loopA_r0,road_loopA_r1,2515.7,2619.2,103.5,1298.2,45.2,0
378,car,4.5,road_loopA_r0,road_loopA_r1,2496.3,2619.6,123.3,1297.9,37.9,0
400,car,4.5,road_loopA_r0,road_loopA_r1,2518.2,2620.4,102.2,1297.4,45.7,0
401,truck,8.5,road_loopA_r0,road_loopA_r1,2519.7,2620.6,100.9,1298.6,46.3,0
388,car,4.5,road_loopA_r0,road_loopA_r1,2506.5,2621.3,114.8,1297.4,40.7,0
383,car,4.5,road_loopA_f0,road_loopA_f1,2503.4,2621.5,118.1,1303.3,39.7,1
409,car,4.5,road_loopA_r0,road_loopA_r1,2524.1,2623.3,99.2,1297.5,47.1,0
396,car,4.5,road_loopA_r0,road_loopA_r1,2513.9,2623.4,109.5,1297.6,42.7,0
420,suv,4.8,road_loopA_r0,road_loopA_r1,2530.3,2625.1,94.8,1297.8,49.3,0
416,truck,8.5,road_loopA_r0,road_loopA_r1,2528.0,2625.5,97.5,1297.7,47.9,0
364,car,4.5,road_loopA_f0,road_loopA_f1,2482.3,2627.0,144.7,1303.7,32.4,1
425,car,4.5,road_loopA_r0,road_loopA_r1,2539.3,2628.4,89.1,1298.6,52.5,0
423,truck,8.5,road_loopA_r0,road_loopA_r1,2530.9,2629.1,98.2,1297.7,47.6,0
427,car,4.5,road_loopA_r0,road_loopA_r1,2539.5,2630.2,90.7,1297.5,51.5,0
429,car,4.5,road_loopA_r0,road_loopA_r1,2540.9,2630.4,89.5,1298.2,52.2,0
375,truck,8.5,road_loopA_f0,road_loopA_f1,2493.5,2630.7,137.2,1303.5,34.2,1
345,car,4.5,road_loopA_r0,xloopA_0Bb,2466.2,2631.2,165.0,895.3,19.5,1
387,truck,8.5,road_loopA_f0,road_loopA_f1,2506.4,2632.3,125.9,1303.8,37.3,0
433,car,4.5,road_loopA_r0,road_loopA_r1,2543.4,2632.4,89.0,1298.7,52.5,0
386,suv,4.8,road_loopA_f0,road_loopA_f1,2506.0,2632.7,126.7,1303.0,37.0,0
348,truck,8.5,road_loopA_f0,xloopA_0Ab,2468.8,2633.0,164.2,505.0,11.1,1
362,car,4.5,road_loopA_r0,xloopA_0Bb,2480.4,2633.8,153.4,895.3,21.0,1
426,car,4.5,road_loopA_r0,road_loopA_r1,2539.3,2634.0,94.7,1297.5,49.3,0
405,car,4.5,road_loopA_f0,road_loopA_f1,2520.9,2634.2,113.3,1303.3,41.4,0
431,suv,4.8,road_loopA_r0,road_loopA_r1,2542.6,2635.7,93.1,1297.4,50.2,0
411,suv,4.8,road_loopA_f0,road_loopA_f1,2525.3,2635.9,110.6,1304.0,42.5,0
445,car,4.5,road_loopA_f0,xloopA_0Ab,2549.1,2636.0,86.9,505.2,20.9,1
299,bus,11.0,road_loopA_r0,road_loopA_r1,2435.0,2636.3,201.3,1297.9,23.2,3
402,car,4.5,road_loopA_f0,road_loopA_f1,2520.3,2637.4,117.1,1303.1,40.1,0
413,car,4.5,road_loopA_f0,road_loopA_f1,2527.5,2637.5,110.0,1304.2,42.7,0
384,suv,4.8,road_loopA_f0,road_loopA_f1,2503.9,2638.6,134.7,1303.0,34.8,0
472,car,4.5,road_loopA_f0,xloopA_0Ab,2573.6,2638.6,65.0,504.9,28.0,1
418,suv,4.8,road_loopA_f0,road_loopA_f1,2530.1,2639.3,109.2,1304.0,43.0,0
408,car,4.5,road_loopA_f0,road_loopA_f1,2522.9,2640.9,118.0,1303.1,39.7,0
432,car,4.5,road_loopA_f0,road_loopA_f1,2543.0,2641.1,98.1,1303.9,47.8,0
474,suv,4.8,road_loopA_f0,xloopA_0Ab,2574.3,2641.4,67.1,505.7,27.1,1
448,suv,4.8,road_loopA_r0,road_loopA_r1,2550.3,2642.3,92.0,1298.5,50.8,0
437,suv,4.8,road_loopA_r0,road_loopA_r1,2545.0,2642.6,97.6,1298.1,47.9,0
403,car,4.5,road_loopA_f0,road_loopA_f1,2520.8,2642.7,121.9,1302.9,38.5,0
435,car,4.5,road_loopA_f0,road_loopA_f1,2544.8,2642.9,98.1,1304.1,47.9,0
417,car,4.5,road_loopA_f0,road_loopA_f1,2528.6,2644.6,116.0,1303.6,40.4,0
444,suv,4.8,road_loopA_f0,road_loopA_f1,2548.7,2644.6,95.9,1302.9,48.9,0
443,car,4.5,road_loopA_r0,road_loopA_r1,2547.6,2644.9,97.3,1298.1,48.0,0
440,car,4.5,road_loopA_r0,road_loopA_r1,2546.0,2645.3,99.3,1298.3,47.1,0
456,car,4.5,road_loopA_r0,road_loopA_r1,2556.3,2645.8,89.5,1297.9,52.2,0
410,car,4.5,road_loopA_f0,road_loopA_f1,2524.4,2646.4,122.0,1303.3,38.5,0
381,car,4.5,xloopA_0Ba,road_loopA_f1,2501.5,2646.5,145.0,902.9,22.4,0
450,car,4.5,road_loopA_f0,road_loopA_f1,2552.2,2646.5,94.3,1304.1,49.8,0
451,car,4.5,road_loopA_r0,road_loopA_r1,2552.3,2646.5,94.2,1297.8,49.6,0
446,car,4.5,road_loopA_r0,road_loopA_r1,2549.4,2646.9,97.5,1297.6,47.9,0
447,car,4.5,xloopA_0Aa,xloopA_0Ab,2550.1,2647.2,97.1,84.2,3.1,1
436,car,4.5,road_loopA_f0,road_loopA_f1,2545.0,2648.2,103.2,1302.9,45.5,0
355,truck,8.5,road_loopA_f0,road_loopA_f1,2475.8,2648.6,172.8,1302.8,27.1,1
412,truck,8.5,road_loopA_f0,road_loopA_f1,2525.5,2648.6,123.1,1303.1,38.1,0
463,car,4.5,xloopA_0Ba,xloopA_0Bb,2562.1,2649.0,86.9,84.8,3.5,1
453,car,4.5,xloopA_0Aa,xloopA_0Ab,2553.5,2649.4,95.9,84.2,3.2,1
373,car,4.5,road_loopA_f0,road_loopA_f1,2490.8,2650.7,159.9,1302.9,29.3,1
499,car,4.5,xloopA_0Aa,xloopA_0Ab,2596.4,2651.6,55.2,84.2,5.5,1
414,truck,8.5,road_loopA_f0,road_loopA_f1,2527.8,2651.7,123.9,1303.0,37.9,0
452,suv,4.8,road_loopA_r0,road_loopA_r1,2552.6,2651.7,99.1,1297.7,47.2,0
389,truck,8.5,road_loopA_f0,road_loopA_f1,2507.2,2652.9,145.7,1303.6,32.2,0
514,car,4.5,xloopA_0Ba,xloopA_0Bb,2607.3,2653.0,45.7,84.6,6.7,0
509,car,4.5,xloopA_0Aa,xloopA_0Ab,2603.5,2653.7,50.2,84.4,6.0,0
430,car,4.5,road_loopA_f0,road_loopA_f1,2541.4,2653.8,112.4,1303.8,41.8,0
421,truck,8.5,road_loopA_f0,road_loopA_f1,2530.5,2654.6,124.1,1303.8,37.8,0
390,suv,4.8,road_loopA_f0,road_loopA_f1,2508.0,2654.9,146.9,1303.9,32.0,0
428,car,4.5,road_loopA_f0,road_loopA_f1,2540.8,2656.0,115.2,1303.6,40.7,0
537,car,4.5,xloopA_0Ba,xloopA_0Bb,2630.5,2656.6,26.1,84.2,11.6,0
398,car,4.5,road_loopA_f0,road_loopA_f1,2516.8,2656.7,139.9,1303.4,33.5,0
439,truck,8.5,road_loopA_f0,road_loopA_f1,2545.8,2657.1,111.3,1303.0,42.2,0
406,suv,4.8,road_loopA_f0,road_loopA_f1,2521.0,2658.4,137.4,1303.1,34.1,0
449,car,4.5,road_loopA_f0,road_loopA_f1,2550.4,2658.6,108.2,1303.5,43.4,0
455,car,4.5,road_loopA_f0,road_loopA_f1,2556.1,2659.6,103.5,1303.2,45.3,0
438,truck,8.5,road_loopA_f0,road_loopA_f1,2545.4,2659.8,114.4,1303.7,41.0,0
540,car,4.5,xloopA_0Ba,xloopA_0Bb,2633.4,2660.0,26.6,84.5,11.4,0
442,car,4.5,road_loopA_f0,road_loopA_f1,2547.6,2660.5,112.9,1303.0,41.5,0
464,car,4.5,road_loopA_f0,road_loopA_f1,2563.3,2661.5,98.2,1303.9,47.8,0
454,car,4.5,road_loopA_f0,road_loopA_f1,2554.4,2661.7,107.3,1303.2,43.7,0
461,suv,4.8,road_loopA_f0,road_loopA_f1,2558.3,2662.3,104.0,1303.1,45.1,0
457,suv,4.8,road_loopA_f0,road_loopA_f1,2556.9,2663.5,106.6,1304.0,44.0,1
441,car,4.5,road_loopA_f0,road_loopA_f1,2547.6,2663.7,116.1,1304.2,40.4,0
469,car,4.5,road_loopA_f0,road_loopA_f1,2569.2,2664.1,94.9,1304.1,49.5,0
434,suv,4.8,road_loopA_f0,road_loopA_f1,2544.7,2672.0,127.3,1303.4,36.8,0
481,car,4.5,road_loopA_f0,road_loopA_f1,2580.6,2672.3,91.7,1303.9,51.2,0
485,car,4.5,road_loopA_f0,road_loopA_f1,2583.4,2674.0,90.6,1303.4,51.8,0
475,car,4.5,road_loopA_r0,xloopA_0Ab,2574.6,2675.5,100.9,868.9,31.0,1
480,truck,8.5,road_loopA_f0,road_loopA_f1,2580.0,2676.0,96.0,1303.0,48.9,0
513,car,4.5,road_loopA_r0,xloopA_0Ab,2606.9,2678.9,72.0,869.1,43.4,0
484,suv,4.8,road_loopA_f0,road_loopA_f1,2582.7,2679.3,96.6,1304.1,48.6,0
497,suv,4.8,road_loopA_r0,xloopA_0Ab,2594.8,2691.4,96.6,869.4,32.4,1
424,bus,11.0,road_loopA_f0,road_loopA_f1,2534.7,2692.9,158.2,1302.8,29.6,2
459,suv,4.8,road_loopA_r0,road_loopA_r1,2558.2,2693.5,135.3,1297.8,34.5,1
462,suv,4.8,road_loopA_r0,road_loopA_r1,2560.3,2693.8,133.5,1298.5,35.0,1
466,car,4.5,road_loopA_r0,road_loopA_r1,2566.0,2695.4,129.4,1298.5,36.1,1
473,car,4.5,road_loopA_r0,road_loopA_r1,2574.1,2698.3,124.2,1298.4,37.6,1
467,car,4.5,road_loopA_r0,road_loopA_r1,2568.5,2699.7,131.2,1298.4,35.6,1
458,car,4.5,road_loopA_r0,road_loopA_r1,2557.3,2700.9,143.6,1298.4,32.6,1
468,suv,4.8,road_loopA_r0,road_loopA_r1,2568.9,2701.9,133.0,1298.3,35.2,1
471,truck,8.5,road_loopA_r0,road_loopA_r1,2570.3,2702.9,132.6,1298.6,35.3,1
482,car,4.5,road_loopA_r0,road_loopA_r1,2580.9,2704.4,123.5,1298.5,37.8,1
479,suv,4.8,road_loopA_r0,road_loopA_r1,2580.0,2706.1,126.1,1298.5,37.1,1
415,car,4.5,xloopA_0Ba,road_loopA_r1,2527.9,2706.9,179.0,476.7,9.6,1
486,suv,4.8,road_loopA_r0,road_loopA_r1,2583.6,2706.9,123.3,1297.7,37.9,1
491,suv,4.8,road_loopA_r0,road_loopA_r1,2591.0,2707.7,116.7,1298.1,40.1,1
460,car,4.5,road_loopA_r0,road_loopA_r1,2558.3,2708.7,150.4,1298.0,31.1,1
496,car,4.5,road_loopA_r0,road_loopA_r1,2594.5,2709.9,115.4,1297.9,40.5,1
465,car,4.5,road_loopA_r0,road_loopA_r1,2565.6,2710.4,144.8,1297.6,32.3,1
488,car,4.5,road_loopA_r0,road_loopA_r1,2586.4,2711.2,124.8,1298.4,37.4,1
483,car,4.5,road_loopA_r0,road_loopA_r1,2581.6,2712.2,130.6,1298.3,35.8,1
470,suv,4.8,road_loopA_r0,road_loopA_r1,2569.6,2713.4,143.8,1298.0,32.5,1
501,suv,4.8,road_loopA_r0,road_loopA_r1,2599.1,2713.8,114.7,1297.9,40.7,0
493,suv,4.8,road_loopA_r0,road_loopA_r1,2591.1,2714.0,122.9,1297.8,38.0,1
500,car,4.5,road_loopA_r0,road_loopA_r1,2598.3,2715.8,117.5,1298.4,39.8,1
490,car,4.5,road_loopA_r0,road_loopA_r1,2589.6,2716.2,126.6,1297.7,36.9,1
502,car,4.5,road_loopA_r0,road_loopA_r1,2599.4,2717.5,118.1,1297.5,39.5,0
505,truck,8.5,road_loopA_r0,road_loopA_r1,2600.2,2718.0,117.8,1297.9,39.7,0
507,suv,4.8,road_loopA_r0,road_loopA_r1,2601.1,2718.7,117.6,1297.7,39.7,0
526,car,4.5,road_loopA_r0,road_loopA_r1,2621.7,2719.1,97.4,1297.3,48.0,0
517,car,4.5,road_loopA_r0,road_loopA_r1,2609.0,2720.0,111.0,1297.6,42.1,0
520,car,4.5,road_loopA_r0,road_loopA_r1,2613.4,2720.1,106.7,1298.6,43.8,0
532,car,4.5,road_loopA_r0,road_loopA_r1,2626.5,2721.8,95.3,1298.3,49.0,0
518,car,4.5,road_loopA_r0,road_loopA_r1,2611.4,2722.8,111.4,1297.7,42.0,0
508,car,4.5,road_loopA_f0,road_loopA_f1,2602.2,2723.0,120.8,1303.2,38.8,1
495,suv,4.8,road_loopA_f0,road_loopA_f1,2594.1,2724.2,130.1,1302.8,36.0,1
531,car,4.5,road_loopA_r0,road_loopA_r1,2625.5,2724.6,99.1,1298.4,47.2,0
534,car,4.5,road_loopA_r0,road_loopA_r1,2629.0,2725.2,96.2,1297.4,48.6,0
523,car,4.5,road_loopA_f0,road_loopA_f1,2617.8,2726.2,108.4,1303.8,43.3,1
503,car,4.5,road_loopA_f0,road_loopA_f1,2599.8,2727.4,127.6,1303.3,36.8,1
521,car,4.5,road_loopA_r0,road_loopA_r1,2614.7,2728.2,113.5,1298.2,41.2,0
544,suv,4.8,road_loopA_r0,road_loopA_r1,2638.1,2728.6,90.5,1298.5,51.7,0
525,truck,8.5,road_loopA_r0,road_loopA_r1,2621.7,2729.3,107.6,1297.4,43.4,0
516,suv,4.8,road_loopA_f0,road_loopA_f1,2609.0,2731.2,122.2,1303.8,38.4,1
530,car,4.5,road_loopA_r0,road_loopA_r1,2624.4,2731.2,106.8,1297.9,43.8,0
522,truck,8.5,road_loopA_r0,road_loopA_r1,2616.5,2731.8,115.3,1297.6,40.5,0
529,car,4.5,road_loopA_r0,road_loopA_r1,2624.3,2732.0,107.7,1298.5,43.4,0
535,car,4.5,road_loopA_f0,road_loopA_f1,2629.9,2732.2,102.3,1304.2,45.9,0
569,suv,4.8,road_loopA_r0,xloopA_0Ab,2656.9,2732.7,75.8,869.2,41.3,0
551,car,4.5,road_loopA_r0,road_loopA_r1,2642.5,2732.9,90.4,1298.6,51.7,0
533,suv,4.8,road_loopA_r0,road_loopA_r1,2628.3,2733.0,104.7,1298.2,44.6,0
512,car,4.5,road_loopA_f0,road_loopA_f1,2605.3,2733.9,128.6,1303.3,36.5,1
504,car,4.5,road_loopA_f0,road_loopA_f1,2600.1,2734.3,134.2,1304.0,35.0,1
548,suv,4.8,road_loopA_r0,road_loopA_r1,2640.9,2735.1,94.2,1297.6,49.6,0
553,car,4.5,road_loopA_r0,road_loopA_r1,2643.9,2735.2,91.3,1298.6,51.2,0
541,car,4.5,road_loopA_f0,road_loopA_f1,2634.8,2736.0,101.2,1303.8,46.4,0
492,car,4.5,xloopA_0Ba,road_loopA_f1,2591.1,2736.9,145.8,902.6,22.3,1
519,car,4.5,road_loopA_f0,road_loopA_f1,2613.1,2737.6,124.5,1303.8,37.7,1
543,car,4.5,road_loopA_f0,road_loopA_f1,2635.6,2737.8,102.2,1303.7,45.9,0
549,suv,4.8,road_loopA_r0,road_loopA_r1,2641.1,2738.3,97.2,1298.3,48.1,0
419,bus,11.0,road_loopA_r0,road_loopA_r1,2530.0,2739.0,209.0,1297.3,22.3,3
494,truck,8.5,road_loopA_f0,road_loopA_f1,2593.9,2739.0,145.1,1303.1,32.3,1
546,car,4.5,road_loopA_f0,road_loopA_f1,2639.6,2739.6,100.0,1303.3,46.9,0
547,truck,8.5,road_loopA_r0,road_loopA_r1,2639.5,2740.1,100.6,1298.3,46.5,0
552,car,4.5,road_loopA_f0,road_loopA_f1,2643.4,2740.6,97.2,1303.7,48.3,0
506,car,4.5,road_loopA_f0,road_loopA_f1,2600.5,2741.1,140.6,1302.8,33.4,1
557,car,4.5,road_loopA_r0,road_loopA_r1,2646.6,2741.6,95.0,1298.6,49.2,0
559,car,4.5,road_loopA_r0,road_loopA_r1,2648.6,2742.0,93.4,1297.8,50.0,0
558,car,4.5,road_loopA_f0,road_loopA_f1,2648.3,2742.3,94.0,1303.6,49.9,0
556,suv,4.8,road_loopA_r0,road_loopA_r1,2645.2,2742.4,97.2,1297.3,48.0,0
527,car,4.5,road_loopA_f0,road_loopA_f1,2622.1,2743.3,121.2,1302.9,38.7,0
539,car,4.5,road_loopA_f0,road_loopA_f1,2631.5,2744.1,112.6,1303.0,41.7,0
562,car,4.5,road_loopA_r0,road_loopA_r1,2652.4,2744.1,91.7,1297.3,50.9,0
542,car,4.5,road_loopA_f0,road_loopA_f1,2635.0,2744.5,109.5,1302.8,42.8,0
536,car,4.5,road_loopA_f0,road_loopA_f1,2630.3,2745.1,114.8,1303.1,40.9,0
568,car,4.5,road_loopA_r0,road_loopA_r1,2656.2,2745.9,89.7,1298.4,52.1,0
477,suv,4.8,road_loopA_r0,xloopA_0Bb,2578.1,2746.9,168.8,895.6,19.1,1
545,suv,4.8,road_loopA_f0,road_loopA_f1,2638.3,2747.2,108.9,1303.5,43.1,0
555,car,4.5,road_loopA_r0,road_loopA_r1,2644.3,2747.2,102.9,1298.3,45.4,0
511,car,4.5,road_loopA_r0,road_loopA_r1,2605.1,2748.4,143.3,1298.1,32.6,1
538,suv,4.8,road_loopA_f0,road_loopA_f1,2630.9,2748.6,117.7,1303.3,39.9,0
510,truck,8.5,road_loopA_f0,xloopA_0Ab,2604.7,2748.7,144.0,504.9,12.6,1
563,car,4.5,road_loopA_r0,road_loopA_r1,2653.8,2748.8,95.0,1297.8,49.2,0
478,car,4.5,road_loopA_r0,xloopA_0Bb,2579.3,2749.5,170.2,895.4,18.9,1
550,car,4.5,road_loopA_f0,road_loopA_f1,2641.3,2749.8,108.5,1303.3,43.3,0
554,car,4.5,road_loopA_f0,road_loopA_f1,2644.2,2750.1,105.9,1303.8,44.3,0
498,car,4.5,road_loopA_r0,road_loopA_r1,2595.1,2750.7,155.6,1298.1,30.0,1
570,car,4.5,road_loopA_r0,road_loopA_r1,2659.6,2750.9,91.3,1298.1,51.2,0
564,car,4.5,road_loopA_f0,road_loopA_f1,2655.1,2751.5,96.4,1303.6,48.7,0
577,car,4.5,road_loopA_f0,xloopA_0Ab,2665.4,2751.7,86.3,505.1,21.1,1
487,car,4.5,road_loopA_r0,xloopA_0Bb,2586.2,2752.2,166.0,895.6,19.4,1
528,suv,4.8,road_loopA_f0,road_loopA_f1,2622.8,2752.7,129.9,1303.2,36.1,0
572,car,4.5,road_loopA_r0,road_loopA_r1,2662.1,2753.1,91.0,1298.5,51.4,0
574,car,4.5,road_loopA_f0,road_loopA_f1,2663.8,2753.5,89.7,1303.2,52.3,0
588,car,4.5,road_loopA_f0,xloopA_0Ab,2672.7,2754.4,81.7,505.5,22.3,1
489,car,4.5,road_loopA_r0,xloopA_0Bb,2587.9,2754.9,167.0,895.8,19.3,1
576,car,4.5,road_loopA_r0,road_loopA_r1,2665.2,2754.9,89.7,1297.7,52.1,0
524,car,4.5,xloopA_0Ba,road_loopA_f1,2619.5,2755.4,135.9,902.6,23.9,0
580,suv,4.8,road_loopA_r0,road_loopA_r1,2667.2,2756.2,89.0,1298.0,52.5,0
515,car,4.5,road_loopA_r0,xloopA_0Bb,2607.4,2757.5,150.1,895.4,21.5,2
584,car,4.5,road_loopA_r0,road_loopA_r1,2671.7,2760.7,89.0,1298.2,52.5,0
571,car,4.5,road_loopA_f0,road_loopA_f1,2660.2,2761.0,100.8,1303.0,46.5,0
578,car,4.5,road_loopA_r0,road_loopA_r1,2666.3,2762.5,96.2,1298.1,48.6,0
575,car,4.5,road_loopA_f0,road_loopA_f1,2664.8,2762.8,98.0,1303.7,47.9,0
567,car,4.5,xloopA_0Aa,xloopA_0Ab,2656.1,2764.0,107.9,84.6,2.8,1
581,car,4.5,road_loopA_r0,road_loopA_r1,2667.8,2764.2,96.4,1298.3,48.5,0
646,car,4.5,xloopA_0Aa,xloopA_0Ab,2723.0,2768.0,45.0,84.5,6.8,1
665,car,4.5,xloopA_0Aa,xloopA_0Ab,2738.9,2770.2,31.3,84.5,9.7,0
586,suv,4.8,road_loopA_f0,road_loopA_f1,2671.8,2770.4,98.6,1303.3,47.6,0
583,truck,8.5,road_loopA_f0,road_loopA_f1,2671.5,2771.8,100.3,1303.8,46.8,0
622,car,4.5,xloopA_0Ba,xloopA_0Bb,2704.3,2775.3,71.0,84.4,4.3,0
598,car,4.5,road_loopA_f0,road_loopA_f1,2682.3,2776.5,94.2,1303.1,49.8,0
675,car,4.5,xloopA_0Ba,xloopA_0Bb,2745.5,2777.3,31.8,84.5,9.6,0
597,car,4.5,road_loopA_f0,road_loopA_f1,2682.2,2778.6,96.4,1303.2,48.7,0
677,car,4.5,xloopA_0Ba,xloopA_0Bb,2746.6,2779.5,32.9,84.7,9.3,0
604,suv,4.8,road_loopA_f0,road_loopA_f1,2687.3,2780.4,93.1,1303.9,50.4,0
685,car,4.5,xloopA_0Ba,xloopA_0Bb,2763.5,2781.8,18.3,84.4,16.6,0
610,car,4.5,road_loopA_f0,road_loopA_f1,2693.7,2783.7,90.0,1303.7,52.1,0
607,suv,4.8,road_loopA_f0,road_loopA_f1,2690.3,2785.2,94.9,1302.8,49.4,0
579,truck,8.5,road_loopA_f0,road_loopA_f1,2667.0,2786.6,119.6,1303.4,39.2,0
592,suv,4.8,road_loopA_f0,road_loopA_f1,2679.5,2788.4,108.9,1303.4,43.1,0
602,car,4.5,road_loopA_f0,road_loopA_f1,2687.0,2791.3,104.3,1303.4,45.0,0
596,suv,4.8,road_loopA_f0,road_loopA_f1,2681.6,2791.6,110.0,1303.6,42.7,0
614,car,4.5,road_loopA_f0,road_loopA_f1,2698.1,2792.4,94.3,1303.7,49.8,0
612,truck,8.5,road_loopA_f0,xloopA_0Bb,2695.3,2796.5,101.2,478.8,17.0,1
629,suv,4.8,road_loopA_f0,xloopA_0Bb,2709.7,2800.2,90.5,479.2,19.1,1
652,truck,8.5,road_loopA_f0,xloopA_0Bb,2728.5,2808.4,79.9,478.9,21.6,1
560,bus,11.0,road_loopA_f0,road_loopA_f1,2649.6,2810.5,160.9,1303.4,29.2,2
671,car,4.5,road_loopA_f0,xloopA_0Bb,2744.1,2811.7,67.6,478.6,25.5,1
582,car,4.5,road_loopA_r0,road_loopA_r1,2670.5,2815.0,144.5,1297.9,32.3,1
585,truck,8.5,road_loopA_r0,road_loopA_r1,2671.7,2817.2,145.5,1298.6,32.1,1
605,suv,4.8,road_loopA_r0,road_loopA_r1,2688.1,2819.6,131.5,1298.6,35.5,1
601,car,4.5,xloopA_0Ba,road_loopA_r1,2685.6,2820.3,134.7,476.2,12.7,0
566,car,4.5,xloopA_0Ba,road_loopA_r1,2655.8,2821.9,166.1,476.3,10.3,1
594,car,4.5,road_loopA_r0,road_loopA_r1,2680.5,2822.0,141.5,1297.4,33.0,1
613,car,4.5,road_loopA_r0,road_loopA_r1,2697.0,2822.8,125.8,1298.5,37.2,1
589,car,4.5,road_loopA_r0,road_loopA_r1,2678.1,2823.6,145.5,1297.2,32.1,1
599,car,4.5,road_loopA_r0,road_loopA_r1,2683.1,2823.7,140.6,1298.2,33.2,1
590,car,4.5,road_loopA_r0,road_loopA_r1,2678.3,2825.3,147.0,1297.5,31.8,1
608,car,4.5,road_loopA_r0,road_loopA_r1,2691.2,2825.3,134.1,1298.1,34.8,1
616,car,4.5,road_loopA_r0,road_loopA_r1,2699.0,2825.4,126.4,1297.9,37.0,1
587,car,4.5,road_loopA_r0,road_loopA_r1,2672.4,2827.2,154.8,1297.7,30.2,1
615,car,4.5,road_loopA_r0,road_loopA_r1,2698.8,2827.2,128.4,1298.0,36.4,1
603,suv,4.8,road_loopA_r0,road_loopA_r1,2687.2,2827.8,140.6,1298.2,33.2,1
595,car,4.5,road_loopA_r0,road_loopA_r1,2681.0,2829.0,148.0,1298.1,31.6,1
606,car,4.5,road_loopA_r0,road_loopA_r1,2688.1,2829.4,141.3,1298.3,33.1,1
617,car,4.5,road_loopA_r0,road_loopA_r1,2699.9,2830.6,130.7,1297.4,35.7,1
609,suv,4.8,road_loopA_r0,road_loopA_r1,2692.0,2831.2,139.2,1298.3,33.6,1
619,car,4.5,road_loopA_r0,road_loopA_r1,2701.2,2833.2,132.0,1298.4,35.4,1
618,truck,8.5,road_loopA_r0,road_loopA_r1,2700.3,2833.5,133.2,1297.4,35.1,4
641,car,4.5,road_loopA_r0,road_loopA_r1,2718.3,2833.6,115.3,1298.3,40.5,0
624,car,4.5,road_loopA_r0,road_loopA_r1,2706.0,2835.3,129.3,1298.3,36.1,1
630,truck,8.5,road_loopA_r0,road_loopA_r1,2709.8,2836.2,126.4,1298.0,37.0,12
645,truck,8.5,road_loopA_r0,road_loopA_r1,2721.1,2836.8,115.7,1297.9,40.4,0
632,suv,4.8,road_loopA_r0,road_loopA_r1,2710.4,2837.0,126.6,1298.5,36.9,1
726,suv,4.8,road_loopA_f0,xloopA_0Bb,2797.7,2837.7,40.0,478.9,43.1,0
620,suv,4.8,road_loopA_f0,road_loopA_f1,2702.7,2838.1,135.4,1304.0,34.7,1
639,suv,4.8,road_loopA_r0,road_loopA_r1,2716.2,2838.7,122.5,1297.5,38.1,1
648,truck,8.5,road_loopA_r0,road_loopA_r1,2724.2,2839.3,115.1,1297.6,40.6,0
672,car,4.5,road_loopA_r0,road_loopA_r1,2744.0,2840.3,96.3,1297.4,48.5,0
651,suv,4.8,road_loopA_r0,road_loopA_r1,2727.3,2841.2,113.9,1297.7,41.0,0
734,suv,4.8,road_loopA_f0,xloopA_0Bb,2800.0,2841.2,41.2,479.0,41.8,0
625,car,4.5,road_loopA_f0,road_loopA_f1,2706.7,2841.3,134.6,1303.1,34.8,1
668,car,4.5,road_loopA_r0,road_loopA_r1,2739.8,2843.0,103.2,1298.1,45.3,0
628,car,4.5,road_loopA_f0,road_loopA_f1,2707.8,2843.2,135.4,1303.4,34.7,1
635,truck,8.5,road_loopA_r0,road_loopA_r1,2713.1,2843.5,130.4,1298.2,35.9,0
642,car,4.5,road_loopA_r0,road_loopA_r1,2719.8,2843.6,123.8,1297.5,37.7,0
664,car,4.5,road_loopA_r0,road_loopA_r1,2738.3,2845.0,106.7,1297.3,43.8,0
640,suv,4.8,road_loopA_r0,road_loopA_r1,2717.3,2845.5,128.2,1298.4,36.5,0
661,suv,4.8,road_loopA_r0,road_loopA_r1,2734.8,2847.1,112.3,1297.4,41.6,0
667,car,4.5,road_loopA_r0,road_loopA_r1,2739.3,2847.4,108.1,1298.2,43.3,0
659,car,4.5,road_loopA_r0,road_loopA_r1,2732.8,2847.6,114.8,1298.0,40.7,0
621,car,4.5,road_loopA_f0,road_loopA_f1,2703.0,2848.1,145.1,1303.1,32.3,1
676,car,4.5,road_loopA_r0,road_loopA_r1,2745.9,2849.9,104.0,1297.2,44.9,0
626,car,4.5,road_loopA_f0,road_loopA_f1,2707.2,2850.6,143.4,1304.0,32.7,1
663,car,4.5,road_loopA_r0,road_loopA_r1,2737.1,2851.2,114.1,1297.6,40.9,0
683,suv,4.8,road_loopA_r0,road_loopA_r1,2756.0,2852.0,96.0,1298.4,48.7,0
633,suv,4.8,road_loopA_f0,road_loopA_f1,2711.6,2852.3,140.7,1304.0,33.4,1
565,bus,11.0,road_loopA_r0,road_loopA_r1,2655.7,2852.7,197.0,1297.5,23.7,3
679,car,4.5,road_loopA_r0,road_loopA_r1,2749.7,2852.8,103.1,1297.6,45.3,0
611,car,4.5,road_loopA_f0,road_loopA_f1,2694.7,2853.2,158.5,1302.9,29.6,1
636,car,4.5,road_loopA_f0,road_loopA_f1,2713.2,2854.0,140.8,1302.8,33.3,1
684,car,4.5,road_loopA_r0,road_loopA_r1,2760.0,2854.7,94.7,1297.9,49.3,0
644,car,4.5,road_loopA_f0,road_loopA_f1,2720.8,2855.3,134.5,1302.8,34.9,1
681,car,4.5,road_loopA_r0,road_loopA_r1,2749.8,2855.6,105.8,1298.3,44.2,0
627,car,4.5,xloopA_0Aa,road_loopA_f1,2707.8,2856.4,148.6,872.1,21.1,1
631,car,4.5,road_loopA_f0,road_loopA_f1,2709.9,2858.0,148.1,1303.1,31.7,1
690,car,4.5,road_loopA_r0,road_loopA_r1,2769.1,2858.3,89.2,1298.7,52.4,0
649,car,4.5,road_loopA_f0,road_loopA_f1,2724.9,2859.7,134.8,1302.8,34.8,1
653,car,4.5,road_loopA_f0,road_loopA_f1,2728.6,2861.5,132.9,1303.3,35.3,1
647,car,4.5,road_loopA_f0,road_loopA_f1,2723.1,2863.2,140.1,1302.9,33.5,1
623,car,4.5,road_loopA_f0,road_loopA_f1,2705.4,2864.0,158.6,1303.5,29.6,1
650,car,4.5,road_loopA_f0,road_loopA_f1,2725.0,2864.1,139.1,1304.0,33.8,1
591,car,4.5,road_loopA_r0,xloopA_0Bb,2678.7,2865.0,186.3,895.4,17.3,1
658,car,4.5,road_loopA_f0,xloopA_0Ab,2730.7,2865.6,134.9,505.2,13.5,1
643,truck,8.5,road_loopA_f0,road_loopA_f1,2720.6,2866.8,146.2,1303.7,32.1,1
657,car,4.5,road_loopA_f0,road_loopA_f1,2730.3,2866.9,136.6,1303.2,34.3,1
593,car,4.5,xloopA_0Ba,road_loopA_f1,2679.8,2867.4,187.6,903.0,17.3,1
666,suv,4.8,road_loopA_r0,xloopA_0Bb,2739.1,2867.7,128.6,895.9,25.1,1
702,car,4.5,road_loopA_r0,road_loopA_r1,2777.8,2868.2,90.4,1297.4,51.6,0
654,suv,4.8,road_loopA_f0,road_loopA_f1,2728.9,2869.0,140.1,1303.4,33.5,1
656,truck,8.5,road_loopA_f0,road_loopA_f1,2730.1,2869.0,138.9,1302.9,33.8,1
696,car,4.5,road_loopA_r0,road_loopA_r1,2770.1,2869.8,99.7,1298.0,46.9,0
711,car,4.5,road_loopA_r0,xloopA_0Bb,2780.5,2870.3,89.8,895.3,35.9,1
670,suv,4.8,road_loopA_f0,road_loopA_f1,2742.6,2870.7,128.1,1304.0,36.7,1
761,car,4.5,road_loopA_f0,xloopA_0Ab,2824.7,2871.1,46.4,505.4,39.3,0
660,truck,8.5,road_loopA_f0,road_loopA_f1,2733.6,2871.2,137.6,1303.1,34.1,1
704,suv,4.8,road_loopA_r0,road_loopA_r1,2777.8,2871.3,93.5,1298.1,50.0,0
698,car,4.5,road_loopA_r0,road_loopA_r1,2774.3,2871.5,97.2,1297.4,48.1,0
600,bus,11.0,road_loopA_r0,road_loopA_r1,2683.2,2871.8,188.6,1298.6,24.8,3
674,car,4.5,road_loopA_f0,road_loopA_f1,2744.8,2872.2,127.4,1303.0,36.8,1
669,truck,8.5,road_loopA_f0,road_loopA_f1,2740.6,2872.5,131.9,1303.8,35.6,1
709,suv,4.8,road_loopA_r0,road_loopA_r1,2779.9,2872.9,93.0,1298.4,50.3,0
673,suv,4.8,road_loopA_f0,road_loopA_f1,2744.4,2873.9,129.5,1302.8,36.2,0
688,suv,4.8,road_loopA_f0,road_loopA_f1,2767.2,2874.0,106.8,1303.2,43.9,0
678,suv,4.8,road_loopA_f0,road_loopA_f1,2747.6,2875.5,127.9,1303.0,36.7,0
689,suv,4.8,road_loopA_f0,road_loopA_f1,2768.1,2875.8,107.7,1303.2,43.6,0
713,car,4.5,road_loopA_r0,road_loopA_r1,2782.8,2876.6,93.8,1297.6,49.8,0
716,car,4.5,road_loopA_r0,road_loopA_r1,2786.9,2876.8,89.9,1298.5,52.0,0
682,car,4.5,road_loopA_f0,road_loopA_f1,2751.5,2877.4,125.9,1303.3,37.3,0
705,car,4.5,road_loopA_f0,road_loopA_f1,2778.2,2877.6,99.4,1303.2,47.2,0
687,suv,4.8,road_loopA_r0,road_loopA_r1,2767.0,2878.8,111.8,1298.2,41.8,0
700,car,4.5,road_loopA_f0,road_loopA_f1,2776.8,2879.3,102.5,1303.9,45.8,0
701,suv,4.8,road_loopA_r0,road_loopA_r1,2776.8,2879.5,102.7,1298.3,45.5,0
693,car,4.5,xloopA_0Ba,xloopA_0Bb,2769.4,2879.6,110.2,84.5,2.8,1
634,suv,4.8,road_loopA_f0,road_loopA_f1,2712.7,2880.6,167.9,1303.2,27.9,1
691,car,4.5,road_loopA_r0,road_loopA_r1,2769.3,2880.6,111.3,1298.0,42.0,0
573,car,4.5,xloopA_0Ba,road_loopA_f1,2662.5,2880.8,218.3,902.8,14.9,1
712,car,4.5,road_loopA_f0,road_loopA_f1,2781.3,2881.0,99.7,1303.4,47.1,0
714,car,4.5,road_loopA_r0,road_loopA_r1,2786.4,2881.3,94.9,1297.5,49.2,0
707,car,4.5,xloopA_0Ba,xloopA_0Bb,2779.4,2881.7,102.3,84.5,3.0,1
694,car,4.5,xloopA_0Aa,xloopA_0Ab,2770.0,2881.8,111.8,84.0,2.7,1
695,truck,8.5,road_loopA_f0,road_loopA_f1,2769.9,2881.8,111.9,1303.5,41.9,0
697,car,4.5,road_loopA_r0,road_loopA_r1,2771.4,2882.4,111.0,1297.8,42.1,0
708,car,4.5,road_loopA_f0,road_loopA_f1,2779.6,2883.7,104.1,1302.9,45.1,0
721,car,4.5,xloopA_0Ba,xloopA_0Bb,2796.4,2883.8,87.4,84.7,3.5,1
662,truck,8.5,road_loopA_f0,road_loopA_f1,2735.8,2883.9,148.1,1303.8,31.7,1
778,car,4.5,xloopA_0Aa,xloopA_0Ab,2837.1,2883.9,46.8,84.3,6.5,1
710,truck,8.5,road_loopA_f0,road_loopA_f1,2780.1,2884.0,103.9,1304.0,45.2,0
686,car,4.5,road_loopA_f0,road_loopA_f1,2764.3,2885.9,121.6,1303.6,38.6,0
717,suv,4.8,road_loopA_f0,road_loopA_f1,2791.6,2885.9,94.3,1303.6,49.8,0
782,car,4.5,xloopA_0Aa,xloopA_0Ab,2840.2,2886.0,45.8,84.3,6.6,1
715,suv,4.8,road_loopA_f0,road_loopA_f1,2786.8,2886.1,99.3,1303.5,47.3,0
737,car,4.5,xloopA_0Ba,xloopA_0Bb,2804.4,2886.1,81.7,84.5,3.7,0
655,bus,11.0,road_loopA_f0,road_loopA_f1,2729.1,2886.5,157.4,1303.2,29.8,2
749,car,4.5,xloopA_0Ba,xloopA_0Bb,2819.0,2888.0,69.0,84.0,4.4,0
723,car,4.5,road_loopA_f0,road_loopA_f1,2796.7,2888.3,91.6,1303.6,51.2,0
794,car,4.5,xloopA_0Aa,xloopA_0Ab,2850.6,2888.4,37.8,84.3,8.0,0
733,car,4.5,road_loopA_f0,road_loopA_f1,2799.8,2889.3,89.5,1303.0,52.4,0
752,car,4.5,xloopA_0Ba,xloopA_0Bb,2820.7,2889.9,69.2,84.5,4.4,0
806,car,4.5,xloopA_0Aa,xloopA_0Ab,2861.8,2890.5,28.7,84.4,10.6,0
703,car,4.5,road_loopA_f0,road_loopA_f1,2777.8,2891.6,113.8,1303.6,41.2,0
776,car,4.5,xloopA_0Ba,xloopA_0Bb,2835.8,2891.7,55.9,84.7,5.5,0
736,suv,4.8,road_loopA_f0,road_loopA_f1,2802.6,2894.3,91.7,1302.8,51.2,0
680,suv,4.8,road_loopA_f0,road_loopA_f1,2749.9,2894.9,145.0,1302.9,32.3,0
718,car,4.5,road_loopA_f0,road_loopA_f1,2793.7,2895.6,101.9,1303.8,46.1,0
739,car,4.5,road_loopA_f0,road_loopA_f1,2805.9,2896.1,90.2,1302.9,52.0,0
724,car,4.5,road_loopA_f0,road_loopA_f1,2797.3,2899.1,101.8,1303.7,46.1,0
699,truck,8.5,road_loopA_f0,road_loopA_f1,2774.9,2899.9,125.0,1303.3,37.5,0
706,car,4.5,road_loopA_f0,road_loopA_f1,2778.6,2901.9,123.3,1303.5,38.1,0
740,car,4.5,road_loopA_f0,road_loopA_f1,2806.5,2902.5,96.0,1303.4,48.9,0
742,suv,4.8,road_loopA_f0,road_loopA_f1,2809.5,2906.2,96.7,1303.9,48.5,0
744,car,4.5,road_loopA_f0,xloopA_0Bb,2812.0,2907.4,95.4,478.7,18.1,2
746,car,4.5,road_loopA_f0,road_loopA_f1,2816.7,2908.0,91.3,1302.9,51.3,0
735,suv,4.8,road_loopA_r0,xloopA_0Ab,2800.1,2908.4,108.3,869.4,28.9,1
753,suv,4.8,road_loopA_f0,xloopA_0Bb,2820.8,2911.2,90.4,479.0,19.1,2
745,car,4.5,road_loopA_f0,road_loopA_f1,2814.2,2911.8,97.6,1304.0,48.1,0
781,car,4.5,road_loopA_f0,xloopA_0Bb,2840.0,2917.9,77.9,478.9,22.1,2
741,car,4.5,road_loopA_f0,road_loopA_f1,2808.9,2920.3,111.4,1303.1,42.1,0
719,car,4.5,road_loopA_r0,road_loopA_r1,2795.8,2925.1,129.3,1297.8,36.1,1
722,car,4.5,road_loopA_r0,road_loopA_r1,2796.6,2925.1,128.5,1298.4,36.4,1
755,truck,8.5,road_loopA_r0,xloopA_0Ab,2821.1,2926.1,105.0,869.3,29.8,1
725,car,4.5,road_loopA_r0,road_loopA_r1,2797.6,2927.0,129.4,1298.3,36.1,1
738,suv,4.8,road_loopA_r0,road_loopA_r1,2805.0,2928.1,123.1,1298.7,38.0,1
727,car,4.5,road_loopA_r0,road_loopA_r1,2797.9,2928.5,130.6,1297.3,35.8,1
728,truck,8.5,road_loopA_r0,road_loopA_r1,2798.2,2931.2,133.0,1297.7,35.1,1
638,bus,11.0,road_loopA_f0,road_loopA_f1,2714.7,2932.3,217.6,1303.4,21.6,3
729,suv,4.8,road_loopA_r0,road_loopA_r1,2799.0,2936.3,137.3,1298.3,34.0,1
732,suv,4.8,road_loopA_r0,road_loopA_r1,2799.5,2936.4,136.9,1297.6,34.1,1
731,car,4.5,road_loopA_r0,road_loopA_r1,2799.5,2936.6,137.1,1297.4,34.1,1
743,car,4.5,road_loopA_r0,road_loopA_r1,2811.5,2938.0,126.5,1297.8,36.9,1
750,car,4.5,road_loopA_r0,road_loopA_r1,2819.2,2938.5,119.3,1297.7,39.2,1
730,truck,8.5,road_loopA_r0,road_loopA_r1,2799.2,2938.8,139.6,1297.5,33.5,1
756,car,4.5,road_loopA_r0,road_loopA_r1,2822.6,2940.0,117.4,1297.7,39.8,1
747,suv,4.8,road_loopA_r0,road_loopA_r1,2818.1,2941.8,123.7,1298.3,37.8,1
758,truck,8.5,road_loopA_r0,road_loopA_r1,2823.5,2942.1,118.6,1297.5,39.4,1
759,car,4.5,road_loopA_r0,road_loopA_r1,2823.6,2943.6,120.0,1298.0,38.9,0
763,car,4.5,road_loopA_r0,road_loopA_r1,2825.9,2943.7,117.8,1298.2,39.7,1
770,suv,4.8,road_loopA_r0,road_loopA_r1,2830.0,2944.9,114.9,1297.7,40.7,1
766,suv,4.8,road_loopA_r0,road_loopA_r1,2827.2,2945.3,118.1,1298.1,39.6,0
771,car,4.5,road_loopA_r0,road_loopA_r1,2831.1,2945.9,114.8,1298.0,40.7,0
773,car,4.5,road_loopA_r0,road_loopA_r1,2835.1,2947.0,111.9,1298.0,41.7,0
775,suv,4.8,road_loopA_r0,road_loopA_r1,2835.7,2949.4,113.7,1297.8,41.1,0
784,suv,4.8,road_loopA_r0,road_loopA_r1,2841.3,2949.4,108.1,1298.1,43.2,0
774,truck,8.5,road_loopA_r0,road_loopA_r1,2835.4,2949.7,114.3,1298.1,40.9,0
786,car,4.5,road_loopA_r0,road_loopA_r1,2844.6,2951.6,107.0,1298.6,43.7,0
780,car,4.5,road_loopA_r0,road_loopA_r1,2838.9,2951.7,112.8,1297.6,41.4,0
760,car,4.5,road_loopA_f0,road_loopA_f1,2824.1,2952.5,128.4,1304.2,36.6,1
789,car,4.5,road_loopA_r0,road_loopA_r1,2846.1,2953.3,107.2,1298.1,43.6,0
797,suv,4.8,road_loopA_r0,road_loopA_r1,2851.5,2953.4,101.9,1297.3,45.8,0
796,car,4.5,road_loopA_r0,road_loopA_r1,2851.1,2955.2,104.1,1297.5,44.9,0
768,suv,4.8,road_loopA_f0,road_loopA_f1,2828.8,2956.0,127.2,1303.8,36.9,1
767,suv,4.8,road_loopA_r0,road_loopA_r1,2828.3,2956.9,128.6,1298.3,36.3,1
799,suv,4.8,road_loopA_r0,road_loopA_r1,2851.7,2957.1,105.4,1298.3,44.4,0
757,car,4.5,road_loopA_f0,road_loopA_f1,2822.7,2958.1,135.4,1303.4,34.7,1
765,car,4.5,road_loopA_f0,road_loopA_f1,2826.4,2958.6,132.2,1302.9,35.5,1
748,car,4.5,road_loopA_f0,road_loopA_f1,2818.7,2958.7,140.0,1303.8,33.5,1
787,suv,4.8,road_loopA_r0,road_loopA_r1,2845.0,2959.2,114.2,1297.7,40.9,0
764,suv,4.8,road_loopA_f0,road_loopA_f1,2826.2,2960.4,134.2,1304.0,35.0,1
777,suv,4.8,road_loopA_f0,road_loopA_f1,2836.5,2960.4,123.9,1302.8,37.9,1
762,truck,8.5,road_loopA_f0,road_loopA_f1,2825.9,2960.7,134.8,1303.5,34.8,1
808,car,4.5,road_loopA_r0,road_loopA_r1,2863.1,2961.0,97.9,1298.4,47.7,0
779,suv,4.8,road_loopA_f0,road_loopA_f1,2837.2,2962.1,124.9,1303.3,37.6,1
783,suv,4.8,road_loopA_f0,road_loopA_f1,2840.9,2962.3,121.4,1303.8,38.7,1
813,truck,8.5,road_loopA_r0,road_loopA_r1,2868.6,2962.6,94.0,1298.4,49.7,0
720,bus,11.0,road_loopA_r0,road_loopA_r1,2796.4,2964.0,167.6,1297.5,27.9,2
791,car,4.5,road_loopA_f0,road_loopA_f1,2848.9,2965.0,116.1,1302.8,40.4,1
692,bus,11.0,road_loopA_r0,road_loopA_r1,2769.3,2965.1,195.8,1298.0,23.9,3
792,car,4.5,road_loopA_f0,road_loopA_f1,2849.9,2967.6,117.7,1303.2,39.9,1
823,car,4.5,road_loopA_r0,road_loopA_r1,2880.1,2969.2,89.1,1298.4,52.5,0
798,car,4.5,road_loopA_f0,road_loopA_f1,2851.7,2969.4,117.7,1304.1,39.9,1
899,suv,4.8,road_loopA_f0,xloopA_0Bb,2929.4,2970.2,40.8,478.9,42.2,0
785,car,4.5,road_loopA_f0,road_loopA_f1,2842.9,2971.8,128.9,1303.3,36.4,1
824,car,4.5,road_loopA_r0,road_loopA_r1,2880.2,2972.1,91.9,1298.1,50.8,0
788,car,4.5,road_loopA_f0,road_loopA_f1,2845.1,2973.0,127.9,1303.4,36.7,1
793,car,4.5,road_loopA_f0,road_loopA_f1,2850.4,2973.4,123.0,1303.1,38.1,1
802,suv,4.8,road_loopA_f0,road_loopA_f1,2858.8,2973.5,114.7,1303.6,40.9,1
816,car,4.5,road_loopA_r0,road_loopA_r1,2870.3,2974.3,104.0,1297.6,44.9,0
812,car,4.5,road_loopA_f0,road_loopA_f1,2866.5,2975.2,108.7,1303.3,43.2,1
803,car,4.5,road_loopA_f0,road_loopA_f1,2859.9,2975.3,115.4,1303.6,40.7,0
826,suv,4.8,road_loopA_r0,road_loopA_r1,2881.0,2976.4,95.4,1298.6,49.0,0
830,car,4.5,road_loopA_r0,road_loopA_r1,2886.2,2978.1,91.9,1297.5,50.8,0
819,suv,4.8,road_loopA_r0,road_loopA_r1,2874.9,2978.7,103.8,1297.8,45.0,0
820,suv,4.8,road_loopA_f0,road_loopA_f1,2875.0,2979.2,104.2,1304.1,45.0,0
751,car,4.5,road_loopA_r0,xloopA_0Bb,2819.8,2979.8,160.0,895.3,20.1,1
801,car,4.5,road_loopA_f0,xloopA_0Ab,2856.3,2980.4,124.1,505.1,14.7,1
835,suv,4.8,road_loopA_r0,road_loopA_r1,2890.0,2980.4,90.4,1297.8,51.7,0
800,truck,8.5,road_loopA_f0,road_loopA_f1,2853.6,2982.0,128.4,1303.8,36.5,0
804,suv,4.8,road_loopA_f0,road_loopA_f1,2860.5,2982.1,121.6,1303.4,38.6,0
772,car,4.5,road_loopA_r0,xloopA_0Bb,2831.2,2982.4,151.2,895.3,21.3,2
817,suv,4.8,road_loopA_f0,road_loopA_f1,2872.8,2982.5,109.7,1303.6,42.8,0
828,car,4.5,road_loopA_r0,road_loopA_r1,2884.1,2982.6,98.5,1298.1,47.5,0
839,car,4.5,road_loopA_r0,road_loopA_r1,2893.1,2982.6,89.5,1297.6,52.2,0
811,car,4.5,road_loopA_f0,xloopA_0Ab,2864.3,2983.0,118.7,505.2,15.3,1
805,car,4.5,road_loopA_f0,road_loopA_f1,2860.7,2984.0,123.3,1303.6,38.1,0
807,suv,4.8,road_loopA_f0,road_loopA_f1,2862.3,2984.1,121.8,1303.4,38.5,0
821,car,4.5,road_loopA_f0,road_loopA_f1,2875.8,2985.2,109.4,1303.8,42.9,0
809,car,4.5,road_loopA_f0,road_loopA_f1,2863.4,2985.7,122.3,1303.1,38.3,0
838,car,4.5,road_loopA_f0,xloopA_0Ab,2892.7,2985.7,93.0,505.4,19.6,1
769,truck,8.5,road_loopA_r0,xloopA_0Bb,2829.5,2985.9,156.4,895.7,20.6,2
814,car,4.5,road_loopA_f0,road_loopA_f1,2869.4,2986.6,117.2,1303.6,40.0,0
818,truck,8.5,road_loopA_r0,road_loopA_r1,2873.2,2987.3,114.1,1297.6,40.9,0
850,car,4.5,road_loopA_f0,xloopA_0Ab,2898.3,2988.3,90.0,505.1,20.2,1
822,car,4.5,road_loopA_f0,road_loopA_f1,2878.9,2988.4,109.5,1302.9,42.8,0
790,car,4.5,road_loopA_r0,xloopA_0Bb,2846.5,2988.9,142.4,895.3,22.6,2
829,suv,4.8,road_loopA_f0,road_loopA_f1,2884.4,2988.9,104.5,1303.4,44.9,0
827,suv,4.8,road_loopA_f0,road_loopA_f1,2883.5,2989.2,105.7,1303.8,44.4,0
815,truck,8.5,road_loopA_f0,road_loopA_f1,2869.6,2990.6,121.0,1303.0,38.8,0
831,car,4.5,road_loopA_f0,road_loopA_f1,2886.6,2991.0,104.4,1303.4,45.0,0
900,car,4.5,road_loopA_f0,xloopA_0Ab,2931.9,2991.0,59.1,505.1,30.8,0
836,suv,4.8,road_loopA_f0,road_loopA_f1,2890.3,2992.9,102.6,1304.1,45.8,0
844,suv,4.8,road_loopA_r0,road_loopA_r1,2894.2,2993.4,99.2,1297.7,47.1,0
825,car,4.5,road_loopA_f0,road_loopA_f1,2880.4,2994.3,113.9,1303.4,41.2,0
852,car,4.5,road_loopA_f0,road_loopA_f1,2899.9,2994.3,94.4,1304.2,49.8,0
842,suv,4.8,road_loopA_f0,road_loopA_f1,2893.7,2994.9,101.2,1303.0,46.3,0
847,suv,4.8,road_loopA_r0,road_loopA_r1,2896.3,2995.1,98.8,1297.4,47.3,0
848,suv,4.8,road_loopA_r0,road_loopA_r1,2896.9,2995.2,98.3,1298.7,47.6,0
859,car,4.5,xloopA_0Aa,xloopA_0Ab,2905.6,2995.6,90.0,84.1,3.4,1
832,suv,4.8,road_loopA_f0,road_loopA_f1,2887.7,2996.0,108.3,1303.3,43.3,0
853,car,4.5,road_loopA_f0,road_loopA_f1,2900.9,2996.7,95.8,1303.1,48.9,0
851,car,4.5,road_loopA_r0,road_loopA_r1,2898.6,2996.9,98.3,1297.8,47.5,0
858,car,4.5,road_loopA_r0,road_loopA_r1,2904.1,2997.2,93.1,1298.4,50.2,0
845,car,4.5,road_loopA_f0,road_loopA_f1,2895.5,2997.4,101.9,1302.9,46.0,0
875,car,4.5,xloopA_0Aa,xloopA_0Ab,2917.0,2997.8,80.8,84.8,3.8,1
856,car,4.5,road_loopA_f0,road_loopA_f1,2903.3,2998.4,95.1,1302.8,49.3,0
854,car,4.5,road_loopA_f0,road_loopA_f1,2901.8,2999.4,97.6,1303.5,48.1,0
905,car,4.5,xloopA_0Aa,xloopA_0Ab,2937.0,3001.2,64.2,84.2,4.7,0
860,car,4.5,road_loopA_r0,road_loopA_r1,2905.6,3002.4,96.8,1297.5,48.3,1
867,car,4.5,road_loopA_f0,road_loopA_f1,2911.6,3002.4,90.8,1303.6,51.7,0
919,car,4.5,xloopA_0Aa,xloopA_0Ab,2953.8,3003.3,49.5,84.4,6.1,0
869,car,4.5,xloopA_0Ba,xloopA_0Bb,2912.3,3003.7,91.4,84.6,3.3,0
877,car,4.5,xloopA_0Ba,xloopA_0Bb,2918.9,3005.9,87.0,84.6,3.5,0
841,car,4.5,road_loopA_f0,road_loopA_f1,2893.7,3006.4,112.7,1303.3,41.6,0
872,car,4.5,road_loopA_f0,road_loopA_f1,2913.2,3006.6,93.4,1303.0,50.2,0
928,car,4.5,xloopA_0Aa,xloopA_0Ab,2960.5,3007.0,46.5,84.6,6.5,0
855,suv,4.8,road_loopA_f0,road_loopA_f1,2902.1,3008.5,106.4,1303.6,44.1,0
861,truck,8.5,road_loopA_f0,road_loopA_f1,2906.6,3008.6,102.0,1303.5,46.0,0
938,car,4.5,xloopA_0Aa,xloopA_0Ab,2967.5,3008.7,41.2,84.8,7.4,0
864,car,4.5,road_loopA_f0,road_loopA_f1,2910.1,3010.2,100.1,1304.1,46.9,0
944,car,4.5,xloopA_0Aa,xloopA_0Ab,2973.1,3011.5,38.4,84.1,7.9,0
871,car,4.5,road_loopA_f0,road_loopA_f1,2913.0,3011.7,98.7,1303.7,47.5,0
883,car,4.5,road_loopA_f0,road_loopA_f1,2921.8,3013.3,91.5,1302.8,51.3,0
879,car,4.5,road_loopA_f0,road_loopA_f1,2919.7,3016.2,96.5,1303.3,48.6,0
878,suv,4.8,road_loopA_f0,road_loopA_f1,2919.2,3018.8,99.6,1303.7,47.1,0
881,car,4.5,road_loopA_f0,road_loopA_f1,2921.1,3020.2,99.1,1303.4,47.4,0
889,car,4.5,road_loopA_f0,road_loopA_f1,2925.2,3021.8,96.6,1303.8,48.6,0
891,suv,4.8,road_loopA_f0,road_loopA_f1,2926.5,3023.6,97.1,1303.5,48.3,0
909,car,4.5,road_loopA_f0,xloopA_0Bb,2943.4,3026.0,82.6,478.7,20.9,1
870,suv,4.8,road_loopA_r0,xloopA_0Ab,2912.3,3026.3,114.0,869.4,27.5,1
896,car,4.5,road_loopA_f0,road_loopA_f1,2928.6,3027.5,98.9,1303.1,47.4,0
902,car,4.5,road_loopA_f0,road_loopA_f1,2932.6,3029.3,96.7,1304.0,48.6,0
834,car,4.5,road_loopA_r0,xloopA_0Ab,2889.7,3030.0,140.3,869.2,22.3,2
754,bus,11.0,road_loopA_f0,road_loopA_f1,2820.8,3038.7,217.9,1303.0,21.5,4
862,car,4.5,road_loopA_r0,road_loopA_r1,2908.7,3043.5,134.8,1297.6,34.7,1
863,suv,4.8,road_loopA_r0,road_loopA_r1,2909.3,3045.3,136.0,1297.9,34.4,1
873,car,4.5,road_loopA_r0,road_loopA_r1,2913.4,3047.8,134.4,1298.0,34.8,1
849,car,4.5,xloopA_0Ba,road_loopA_r1,2897.9,3050.1,152.2,476.8,11.3,1
846,car,4.5,road_loopA_r0,road_loopA_r1,2896.2,3050.7,154.5,1298.4,30.3,1
833,car,4.5,xloopA_0Ba,road_loopA_r1,2889.6,3051.3,161.7,476.8,10.6,1
882,car,4.5,road_loopA_r0,road_loopA_r1,2921.7,3051.5,129.8,1297.5,36.0,1
866,car,4.5,road_loopA_r0,road_loopA_r1,2911.5,3051.7,140.2,1297.4,33.3,1
874,car,4.5,road_loopA_r0,road_loopA_r1,2916.0,3053.8,137.8,1298.4,33.9,1
954,car,4.5,road_loopA_r0,xloopA_0Ab,2985.2,3053.8,68.6,869.1,45.6,0
884,car,4.5,road_loopA_r0,road_loopA_r1,2922.7,3053.9,131.2,1298.3,35.6,1
886,car,4.5,road_loopA_r0,road_loopA_r1,2924.0,3055.1,131.1,1297.8,35.6,1
892,car,4.5,road_loopA_r0,road_loopA_r1,2927.3,3056.8,129.5,1297.4,36.1,1
993,car,4.5,road_loopA_f0,xloopA_0Bb,3018.0,3057.9,39.9,478.7,43.2,0
837,car,4.5,road_loopA_r0,road_loopA_r1,2891.2,3058.1,166.9,1298.1,28.0,1
897,suv,4.8,road_loopA_r0,road_loopA_r1,2929.0,3059.3,130.3,1298.6,35.9,1
868,car,4.5,road_loopA_r0,road_loopA_r1,2911.6,3059.8,148.2,1298.0,31.5,1
895,car,4.5,road_loopA_r0,road_loopA_r1,2928.2,3060.8,132.6,1298.5,35.3,1
904,car,4.5,xloopA_0Ba,road_loopA_r1,2936.1,3060.8,124.7,476.4,13.8,0
840,car,4.5,road_loopA_r0,road_loopA_r1,2893.3,3062.4,169.1,1297.7,27.6,1
898,car,4.5,road_loopA_r0,road_loopA_r1,2929.2,3062.7,133.5,1297.5,35.0,1
880,truck,8.5,road_loopA_r0,road_loopA_r1,2919.8,3062.9,143.1,1298.1,32.7,1
857,suv,4.8,road_loopA_r0,road_loopA_r1,2903.5,3064.1,160.6,1297.8,29.1,1
894,car,4.5,road_loopA_r0,road_loopA_r1,2928.1,3065.8,137.7,1297.4,33.9,1
887,car,4.5,road_loopA_r0,road_loopA_r1,2924.7,3065.9,141.2,1297.2,33.1,1
912,truck,8.5,road_loopA_r0,road_loopA_r1,2945.7,3066.5,120.8,1297.9,38.7,1
906,car,4.5,road_loopA_r0,road_loopA_r1,2939.7,3067.8,128.1,1298.6,36.5,1
943,car,4.5,road_loopA_r0,xloopA_0Ab,2972.4,3068.0,95.6,869.2,32.7,1
914,car,4.5,road_loopA_r0,road_loopA_r1,2946.4,3068.7,122.3,1297.7,38.2,1
885,truck,8.5,road_loopA_r0,road_loopA_r1,2923.9,3068.8,144.9,1297.6,32.2,1
1002,suv,4.8,road_loopA_f0,xloopA_0Bb,3024.9,3069.7,44.8,478.4,38.5,0
913,car,4.5,road_loopA_r0,road_loopA_r1,2946.1,3070.1,124.0,1297.3,37.7,0
903,car,4.5,road_loopA_r0,road_loopA_r1,2935.6,3070.9,135.3,1297.4,34.5,1
915,car,4.5,road_loopA_r0,road_loopA_r1,2947.4,3071.6,124.2,1297.5,37.6,1
920,car,4.5,road_loopA_r0,road_loopA_r1,2954.0,3072.0,118.0,1298.2,39.6,0
932,car,4.5,road_loopA_r0,road_loopA_r1,2964.2,3072.7,108.5,1297.7,43.1,0
918,car,4.5,road_loopA_r0,road_loopA_r1,2953.4,3072.9,119.5,1297.7,39.1,10
916,car,4.5,road_loopA_f0,road_loopA_f1,2952.6,3073.4,120.8,1303.9,38.9,1
925,car,4.5,road_loopA_r0,road_loopA_r1,2958.0,3073.7,115.7,1298.3,40.4,6
939,suv,4.8,road_loopA_r0,road_loopA_r1,2969.4,3074.6,105.2,1298.7,44.4,0
924,car,4.5,road_loopA_r0,road_loopA_r1,2957.9,3075.2,117.3,1298.0,39.8,0
933,car,4.5,road_loopA_r0,road_loopA_r1,2964.3,3075.6,111.3,1297.5,42.0,0
923,car,4.5,road_loopA_f0,road_loopA_f1,2956.0,3076.8,120.8,1303.6,38.9,1
888,car,4.5,road_loopA_r0,road_loopA_r1,2925.0,3077.0,152.0,1297.9,30.7,1
931,car,4.5,road_loopA_f0,road_loopA_f1,2963.7,3078.5,114.8,1303.1,40.9,1
957,car,4.5,road_loopA_r0,road_loopA_r1,2988.2,3079.0,90.8,1297.3,51.4,0
952,car,4.5,road_loopA_r0,road_loopA_r1,2981.6,3079.1,97.5,1298.5,47.9,0
958,car,4.5,road_loopA_r0,road_loopA_r1,2988.8,3080.7,91.9,1297.5,50.9,0
959,car,4.5,road_loopA_r0,road_loopA_r1,2991.1,3080.9,89.8,1297.8,52.0,0
935,car,4.5,road_loopA_f0,road_loopA_f1,2965.7,3081.1,115.4,1303.2,40.6,1
960,car,4.5,road_loopA_r0,road_loopA_r1,2991.3,3082.4,91.1,1297.3,51.3,0
937,car,4.5,road_loopA_f0,road_loopA_f1,2966.0,3083.0,117.0,1304.0,40.1,1
927,suv,4.8,road_loopA_f0,road_loopA_f1,2959.8,3083.4,123.6,1304.0,38.0,1
843,bus,11.0,road_loopA_r0,road_loopA_r1,2893.7,3084.0,190.3,1298.3,24.6,2
941,suv,4.8,road_loopA_f0,road_loopA_f1,2970.1,3084.9,114.8,1302.9,40.9,1
969,suv,4.8,road_loopA_r0,road_loopA_r1,2999.0,3088.0,89.0,1297.3,52.5,0
921,car,4.5,road_loopA_f0,road_loopA_f1,2954.2,3088.7,134.5,1303.5,34.9,1
945,car,4.5,road_loopA_f0,road_loopA_f1,2974.8,3088.9,114.1,1303.9,41.1,1
890,car,4.5,road_loopA_f0,road_loopA_f1,2925.4,3090.0,164.6,1303.3,28.5,1
951,car,4.5,road_loopA_f0,road_loopA_f1,2979.9,3090.4,110.5,1303.9,42.5,0
970,suv,4.8,road_loopA_r0,road_loopA_r1,3000.3,3090.9,90.6,1298.3,51.6,0
910,suv,4.8,road_loopA_f0,road_loopA_f1,2943.9,3091.8,147.9,1303.3,31.7,1
936,car,4.5,road_loopA_f0,road_loopA_f1,2965.8,3092.6,126.8,1302.8,37.0,1
974,car,4.5,road_loopA_r0,road_loopA_r1,3002.9,3092.7,89.8,1297.4,52.0,0
926,car,4.5,road_loopA_f0,road_loopA_f1,2958.9,3093.1,134.2,1303.0,35.0,1
964,truck,8.5,road_loopA_f0,road_loopA_f1,2993.2,3095.0,101.8,1304.0,46.1,0
922,car,4.5,road_loopA_f0,road_loopA_f1,2955.5,3096.2,140.7,1303.3,33.3,1
948,car,4.5,road_loopA_f0,road_loopA_f1,2977.9,3096.6,118.7,1303.6,39.5,0
968,car,4.5,road_loopA_f0,road_loopA_f1,2998.1,3097.2,99.1,1303.5,47.3,0
795,car,4.5,road_loopA_r0,xloopA_0Bb,2851.0,3097.9,246.9,895.7,13.1,5
929,suv,4.8,road_loopA_f0,xloopA_0Ab,2961.3,3098.6,137.3,505.7,13.3,1
917,car,4.5,road_loopA_f0,road_loopA_f1,2953.0,3098.9,145.9,1303.3,32.2,1
978,suv,4.8,road_loopA_f0,road_loopA_f1,3004.8,3099.0,94.2,1303.1,49.8,0
810,suv,4.8,road_loopA_r0,xloopA_0Bb,2863.4,3100.5,237.1,895.7,13.6,2
966,car,4.5,road_loopA_f0,road_loopA_f1,2993.9,3100.5,106.6,1303.3,44.0,0
972,car,4.5,road_loopA_r0,road_loopA_r1,3001.2,3101.1,99.9,1298.1,46.8,0
949,car,4.5,road_loopA_f0,xloopA_0Ab,2977.9,3101.2,123.3,505.4,14.8,1
984,car,4.5,road_loopA_f0,road_loopA_f1,3008.4,3102.2,93.8,1303.0,50.0,0
961,car,4.5,road_loopA_r0,road_loopA_r1,2991.5,3102.3,110.8,1297.6,42.1,0
982,car,4.5,road_loopA_f0,road_loopA_f1,3008.4,3102.7,94.3,1303.3,49.7,0
946,car,4.5,road_loopA_r0,xloopA_0Bb,2975.1,3103.2,128.1,895.6,25.2,1
956,car,4.5,road_loopA_f0,xloopA_0Ab,2986.2,3103.8,117.6,505.2,15.5,1
985,car,4.5,road_loopA_f0,road_loopA_f1,3008.9,3104.1,95.2,1303.1,49.3,0
953,suv,4.8,road_loopA_f0,road_loopA_f1,2984.6,3105.3,120.7,1303.2,38.9,1
1000,car,4.5,road_loopA_f0,xloopA_0Ab,3024.2,3106.5,82.3,505.3,22.1,1
947,car,4.5,road_loopA_f0,road_loopA_f1,2975.7,3106.9,131.2,1303.3,35.8,1
988,car,4.5,road_loopA_f0,road_loopA_f1,3011.4,3108.1,96.7,1303.8,48.6,0
986,suv,4.8,road_loopA_r0,road_loopA_r1,3010.8,3108.6,97.8,1298.6,47.8,0
955,car,4.5,road_loopA_f0,road_loopA_f1,2985.5,3109.1,123.6,1303.1,38.0,0
1007,car,4.5,road_loopA_f0,xloopA_0Ab,3026.7,3109.1,82.4,505.1,22.1,1
977,car,4.5,road_loopA_r0,road_loopA_r1,3004.6,3109.4,104.8,1297.8,44.6,0
989,car,4.5,road_loopA_f0,road_loopA_f1,3012.7,3109.5,96.8,1302.9,48.4,0
865,car,4.5,xloopA_0Ba,road_loopA_f1,2910.7,3110.7,200.0,902.6,16.2,1
980,suv,4.8,road_loopA_r0,road_loopA_r1,3006.2,3111.1,104.9,1297.4,44.5,0
996,truck,8.5,road_loopA_f0,road_loopA_f1,3019.6,3111.9,92.3,1302.9,50.8,0
990,car,4.5,road_loopA_r0,road_loopA_r1,3012.9,3112.9,100.0,1298.0,46.7,0
979,suv,4.8,road_loopA_r0,road_loopA_r1,3005.5,3113.0,107.5,1298.1,43.5,0
908,car,4.5,xloopA_0Ba,xloopA_0Bb,2942.9,3113.5,170.6,84.2,1.8,1
965,suv,4.8,road_loopA_f0,road_loopA_f1,2993.8,3115.1,121.3,1302.9,38.7,0
963,car,4.5,xloopA_0Ba,xloopA_0Bb,2993.1,3116.0,122.9,84.0,2.5,1
992,car,4.5,xloopA_0Aa,xloopA_0Ab,3016.7,3116.2,99.5,84.5,3.1,1
987,suv,4.8,road_loopA_f0,road_loopA_f1,3011.2,3116.5,105.3,1304.2,44.6,0
995,suv,4.8,road_loopA_f0,road_loopA_f1,3019.4,3117.9,98.5,1303.0,47.6,0
1047,car,4.5,xloopA_0Ba,xloopA_0Bb,3064.6,3119.3,54.7,84.1,5.5,1
998,suv,4.8,road_loopA_f0,road_loopA_f1,3021.6,3119.7,98.1,1303.9,47.8,0
983,car,4.5,road_loopA_f0,road_loopA_f1,3008.4,3119.9,111.5,1303.2,42.1,0
1016,car,4.5,xloopA_0Aa,xloopA_0Ab,3034.6,3121.1,86.5,84.3,3.5,1
1065,car,4.5,xloopA_0Ba,xloopA_0Bb,3084.2,3121.5,37.3,84.6,8.2,0
999,suv,4.8,road_loopA_f0,road_loopA_f1,3024.1,3121.6,97.5,1304.1,48.1,0
991,car,4.5,road_loopA_r0,road_loopA_r1,3013.6,3121.7,108.1,1298.1,43.2,0
1071,car,4.5,xloopA_0Ba,xloopA_0Bb,3088.3,3123.6,35.3,84.5,8.6,0
981,suv,4.8,road_loopA_f0,road_loopA_f1,3008.3,3125.0,116.7,1303.3,40.2,0
1001,car,4.5,road_loopA_f0,road_loopA_f1,3024.2,3125.2,101.0,1302.9,46.4,0
1011,suv,4.8,road_loopA_f0,road_loopA_f1,3029.8,3127.0,97.2,1304.1,48.3,0
950,suv,4.8,road_loopA_f0,road_loopA_f1,2979.3,3129.5,150.2,1303.7,31.2,1
975,car,4.5,road_loopA_r0,xloopA_0Ab,3003.8,3130.3,126.5,869.2,24.7,2
962,suv,4.8,road_loopA_f0,road_loopA_f1,2991.8,3132.2,140.4,1303.8,33.4,0
997,suv,4.8,road_loopA_f0,road_loopA_f1,3020.9,3135.9,115.0,1303.6,40.8,0
1015,car,4.5,road_loopA_f0,road_loopA_f1,3033.2,3137.6,104.4,1302.9,44.9,0
893,car,4.5,xloopA_0Ba,road_loopA_f1,2927.8,3137.9,210.1,902.5,15.5,0
1008,car,4.5,road_loopA_r0,xloopA_0Ab,3027.0,3138.1,111.1,869.1,28.2,1
1021,suv,4.8,road_loopA_f0,road_loopA_f1,3039.9,3139.4,99.5,1303.9,47.2,0
907,car,4.5,xloopA_0Ba,road_loopA_f1,2940.4,3140.0,199.6,902.9,16.3,0
1027,car,4.5,road_loopA_f0,road_loopA_f1,3047.0,3141.1,94.1,1303.8,49.9,0
1013,suv,4.8,road_loopA_f0,road_loopA_f1,3031.1,3141.7,110.6,1303.2,42.4,0
876,car,4.5,xloopA_0Aa,road_loopA_f1,2918.3,3142.5,224.2,872.3,14.0,1
1006,car,4.5,road_loopA_f0,road_loopA_f1,3026.3,3143.5,117.2,1303.9,40.1,0
971,truck,8.5,road_loopA_f0,road_loopA_f1,3001.2,3144.3,143.1,1303.4,32.8,0
911,truck,8.5,road_loopA_f0,road_loopA_f1,2945.5,3144.9,199.4,1303.0,23.5,1
1024,car,4.5,road_loopA_f0,road_loopA_f1,3044.6,3145.2,100.6,1304.1,46.7,0
940,suv,4.8,road_loopA_f0,road_loopA_f1,2969.4,3146.9,177.5,1303.1,26.4,1
1093,suv,4.8,road_loopA_f0,xloopA_0Bb,3107.4,3147.4,40.0,479.0,43.1,0
930,truck,8.5,road_loopA_f0,road_loopA_f1,2962.5,3147.5,185.0,1303.0,25.4,1
1003,car,4.5,road_loopA_f0,road_loopA_f1,3025.5,3148.3,122.8,1303.6,38.2,0
1029,car,4.5,road_loopA_f0,road_loopA_f1,3049.9,3148.3,98.4,1302.8,47.7,0
934,car,4.5,road_loopA_f0,road_loopA_f1,2964.5,3149.5,185.0,1303.1,25.4,1
1026,car,4.5,road_loopA_f0,road_loopA_f1,3045.4,3150.0,104.6,1303.1,44.8,0
942,truck,8.5,road_loopA_f0,road_loopA_f1,2970.4,3151.8,181.4,1303.0,25.9,1
901,bus,11.0,road_loopA_f0,road_loopA_f1,2932.6,3152.4,219.8,1303.3,21.3,3
967,truck,8.5,road_loopA_f0,road_loopA_f1,2994.8,3153.9,159.1,1303.0,29.5,0
1004,car,4.5,road_loopA_r0,road_loopA_r1,3025.5,3155.6,130.1,1298.4,35.9,1
1012,car,4.5,road_loopA_r0,road_loopA_r1,3030.8,3155.6,124.8,1298.4,37.5,1
1017,car,4.5,road_loopA_r0,road_loopA_r1,3035.5,3157.5,122.0,1298.5,38.3,1
1025,suv,4.8,road_loopA_r0,road_loopA_r1,3044.6,3160.3,115.7,1297.8,40.4,1
1097,suv,4.8,road_loopA_f0,xloopA_0Bb,3117.6,3160.4,42.8,479.0,40.3,0
1020,truck,8.5,road_loopA_f0,road_loopA_f1,3039.2,3160.7,121.5,1303.2,38.6,0
994,suv,4.8,road_loopA_r0,road_loopA_r1,3019.3,3162.0,142.7,1297.4,32.7,1
1005,suv,4.8,road_loopA_r0,road_loopA_r1,3026.1,3163.7,137.6,1297.7,34.0,1
1031,car,4.5,road_loopA_r0,road_loopA_r1,3052.7,3164.3,111.6,1298.6,41.9,1
1014,car,4.5,road_loopA_r0,road_loopA_r1,3032.4,3164.6,132.2,1298.3,35.4,1
1010,suv,4.8,road_loopA_r0,road_loopA_r1,3029.2,3165.5,136.3,1298.0,34.3,1
1018,truck,8.5,road_loopA_r0,road_loopA_r1,3035.8,3167.8,132.0,1298.5,35.4,1
1030,suv,4.8,road_loopA_r0,road_loopA_r1,3050.9,3169.6,118.7,1298.6,39.4,1
1039,suv,4.8,road_loopA_r0,road_loopA_r1,3056.9,3170.6,113.7,1297.8,41.1,2
1033,car,4.5,road_loopA_r0,road_loopA_r1,3053.5,3171.2,117.7,1298.1,39.7,1
1040,car,4.5,road_loopA_r0,road_loopA_r1,3056.9,3173.0,116.1,1297.9,40.3,1
1051,car,4.5,road_loopA_r0,road_loopA_r1,3065.8,3173.7,107.9,1298.2,43.3,0
1022,bus,11.0,road_loopA_f0,road_loopA_f1,3043.5,3174.4,130.9,1303.8,35.9,1
973,bus,11.0,road_loopA_f0,road_loopA_f1,3001.7,3175.3,173.6,1303.0,27.0,3
1042,truck,8.5,road_loopA_r0,road_loopA_r1,3058.2,3175.3,117.1,1297.5,39.9,1
1058,car,4.5,road_loopA_r0,road_loopA_r1,3072.3,3175.4,103.1,1297.5,45.3,0
1009,car,4.5,road_loopA_r0,road_loopA_r1,3027.2,3176.9,149.7,1297.3,31.2,1
1044,car,4.5,road_loopA_r0,road_loopA_r1,3062.3,3177.4,115.1,1297.4,40.6,1
1056,suv,4.8,road_loopA_r0,road_loopA_r1,3071.0,3178.4,107.4,1298.0,43.5,0
1023,car,4.5,road_loopA_r0,road_loopA_r1,3043.6,3178.8,135.2,1297.9,34.6,1
1050,car,4.5,road_loopA_r0,road_loopA_r1,3065.4,3179.3,113.9,1298.6,41.0,0
1045,car,4.5,road_loopA_r0,road_loopA_r1,3062.5,3180.5,118.0,1297.7,39.6,0
1062,car,4.5,road_loopA_r0,road_loopA_r1,3082.1,3180.6,98.5,1297.9,47.4,0
1053,car,4.5,road_loopA_r0,road_loopA_r1,3067.1,3182.2,115.1,1297.7,40.6,0
1052,car,4.5,road_loopA_r0,road_loopA_r1,3066.9,3182.7,115.8,1297.6,40.4,0
1032,car,4.5,road_loopA_f0,road_loopA_f1,3052.9,3183.4,130.5,1303.9,36.0,1
1068,car,4.5,road_loopA_r0,road_loopA_r1,3087.0,3184.2,97.2,1298.1,48.1,0
1054,car,4.5,road_loopA_r0,road_loopA_r1,3067.2,3184.4,117.2,1297.3,39.8,0
1036,car,4.5,road_loopA_f0,road_loopA_f1,3055.5,3186.1,130.6,1303.1,35.9,1
1140,suv,4.8,road_loopA_f0,xloopA_0Bb,3146.3,3186.4,40.1,479.0,43.1,0
1057,truck,8.5,road_loopA_r0,road_loopA_r1,3070.9,3186.9,116.0,1298.1,40.3,0
1066,car,4.5,road_loopA_r0,road_loopA_r1,3087.0,3186.9,99.9,1298.7,46.8,0
1074,car,4.5,road_loopA_r0,road_loopA_r1,3089.7,3188.1,98.4,1297.7,47.5,0
1049,car,4.5,road_loopA_r0,road_loopA_r1,3065.1,3188.2,123.1,1298.3,38.0,0
1059,car,4.5,road_loopA_r0,road_loopA_r1,3073.6,3188.9,115.3,1298.4,40.5,0
1046,car,4.5,road_loopA_f0,road_loopA_f1,3063.2,3189.3,126.1,1303.1,37.2,1
1064,suv,4.8,road_loopA_r0,road_loopA_r1,3084.0,3190.4,106.4,1298.2,43.9,0
1063,car,4.5,road_loopA_r0,road_loopA_r1,3082.8,3190.6,107.8,1297.7,43.3,0
1080,car,4.5,road_loopA_r0,road_loopA_r1,3092.1,3192.3,100.2,1298.2,46.7,0
1072,suv,4.8,road_loopA_r0,road_loopA_r1,3089.2,3192.4,103.2,1297.9,45.3,0
1037,suv,4.8,road_loopA_f0,road_loopA_f1,3056.4,3193.2,136.8,1303.8,34.3,1
1060,suv,4.8,road_loopA_f0,road_loopA_f1,3078.1,3193.3,115.2,1303.9,40.7,1
1028,truck,8.5,road_loopA_f0,road_loopA_f1,3046.9,3193.5,146.6,1303.6,32.0,1
1035,suv,4.8,road_loopA_f0,road_loopA_f1,3055.3,3196.8,141.5,1303.5,33.2,1
1038,car,4.5,road_loopA_f0,road_loopA_f1,3056.6,3197.2,140.6,1304.1,33.4,1
1055,car,4.5,road_loopA_f0,road_loopA_f1,3070.4,3197.6,127.2,1302.9,36.9,1
1069,suv,4.8,road_loopA_f0,road_loopA_f1,3088.0,3200.1,112.1,1303.3,41.8,1
1070,truck,8.5,road_loopA_r0,xloopA_0Ab,3088.0,3202.0,114.0,868.8,27.4,1
1077,suv,4.8,road_loopA_f0,road_loopA_f1,3091.0,3202.9,111.9,1303.0,41.9,0
1091,car,4.5,road_loopA_r0,road_loopA_r1,3104.4,3203.8,99.4,1297.6,47.0,0
1088,car,4.5,road_loopA_r0,road_loopA_r1,3099.5,3204.4,104.9,1297.3,44.5,0
1079,car,4.5,road_loopA_f0,road_loopA_f1,3092.1,3205.6,113.5,1303.4,41.4,0
1067,suv,4.8,road_loopA_f0,road_loopA_f1,3087.0,3207.1,120.1,1303.3,39.1,0
1090,suv,4.8,road_loopA_f0,road_loopA_f1,3101.0,3207.4,106.4,1303.4,44.1,0
1092,suv,4.8,road_loopA_r0,road_loopA_r1,3107.0,3207.8,100.8,1297.5,46.3,0
1075,car,4.5,road_loopA_f0,road_loopA_f1,3090.4,3208.9,118.5,1303.3,39.6,0
1095,car,4.5,road_loopA_r0,road_loopA_r1,3117.1,3209.7,92.6,1297.3,50.4,0
1082,car,4.5,road_loopA_r0,xloopA_0Bb,3093.1,3210.3,117.2,895.3,27.5,1
976,car,4.5,xloopA_0Aa,road_loopA_f1,3004.5,3210.6,206.1,872.3,15.2,1
1084,car,4.5,road_loopA_f0,road_loopA_f1,3096.5,3210.6,114.1,1303.6,41.1,0
1098,car,4.5,road_loopA_r0,road_loopA_r1,3118.5,3210.6,92.1,1298.4,50.7,0
1087,suv,4.8,road_loopA_f0,road_loopA_f1,3097.4,3210.8,113.4,1303.8,41.4,0
1019,car,4.5,road_loopA_f0,xloopA_0Ab,3036.4,3210.9,174.5,505.4,10.4,2
1101,car,4.5,road_loopA_f0,road_loopA_f1,3120.3,3212.3,92.0,1303.8,51.0,0
1102,car,4.5,road_loopA_r0,road_loopA_r1,3120.8,3212.3,91.5,1298.6,51.1,0
1041,truck,8.5,road_loopA_f0,road_loopA_f1,3057.5,3212.8,155.3,1303.8,30.2,1
1043,car,4.5,road_loopA_f0,xloopA_0Ab,3059.0,3213.5,154.5,505.4,11.8,1
1061,car,4.5,road_loopA_f0,road_loopA_f1,3080.0,3213.5,133.5,1303.3,35.1,1
1034,suv,4.8,road_loopA_f0,road_loopA_f1,3054.2,3214.3,160.1,1303.7,29.3,1
1099,car,4.5,road_loopA_r0,road_loopA_r1,3118.9,3215.0,96.1,1298.3,48.6,0
1096,truck,8.5,road_loopA_r0,road_loopA_r1,3117.0,3215.2,98.2,1297.6,47.6,0
1083,suv,4.8,road_loopA_f0,road_loopA_f1,3093.9,3215.6,121.7,1302.8,38.5,0
1076,truck,8.5,road_loopA_f0,road_loopA_f1,3090.5,3215.7,125.2,1303.0,37.5,0
1078,suv,4.8,road_loopA_f0,xloopA_0Ab,3092.0,3216.2,124.2,505.7,14.7,1
1094,suv,4.8,road_loopA_f0,road_loopA_f1,3111.9,3217.5,105.6,1303.5,44.4,0
1086,car,4.5,road_loopA_f0,road_loopA_f1,3097.2,3217.6,120.4,1303.3,39.0,0
1113,suv,4.8,road_loopA_r0,road_loopA_r1,3125.1,3217.9,92.8,1297.4,50.3,0
1089,car,4.5,road_loopA_f0,road_loopA_f1,3099.7,3218.2,118.5,1303.3,39.6,0
1085,car,4.5,road_loopA_f0,xloopA_0Ab,3096.6,3218.8,122.2,505.1,14.9,1
1105,car,4.5,road_loopA_f0,road_loopA_f1,3123.0,3220.6,97.6,1303.6,48.1,0
1081,suv,4.8,road_loopA_f0,road_loopA_f1,3092.7,3220.9,128.2,1303.4,36.6,0
1100,car,4.5,road_loopA_f0,road_loopA_f1,3119.5,3221.9,102.4,1303.0,45.8,0
1111,car,4.5,road_loopA_f0,road_loopA_f1,3124.9,3222.9,98.0,1303.4,47.9,0
1107,truck,8.5,road_loopA_r0,road_loopA_r1,3124.0,3223.8,99.8,1297.7,46.8,0
1125,car,4.5,road_loopA_r0,road_loopA_r1,3134.5,3224.5,90.0,1297.7,51.9,0
1115,car,4.5,road_loopA_f0,road_loopA_f1,3127.1,3224.6,97.5,1303.1,48.1,0
1103,truck,8.5,road_loopA_f0,road_loopA_f1,3122.7,3225.2,102.5,1303.4,45.8,0
1136,car,4.5,xloopA_0Aa,xloopA_0Ab,3141.2,3225.4,84.2,84.4,3.6,1
1110,car,4.5,xloopA_0Ba,xloopA_0Bb,3124.9,3225.9,101.0,84.5,3.0,1
1117,suv,4.8,road_loopA_r0,road_loopA_r1,3130.2,3225.9,95.7,1298.5,48.9,0
1127,car,4.5,road_loopA_r0,road_loopA_r1,3135.7,3227.2,91.5,1297.5,51.0,0
1119,suv,4.8,road_loopA_f0,road_loopA_f1,3131.8,3227.3,95.5,1303.6,49.1,0
1173,car,4.5,xloopA_0Aa,xloopA_0Ab,3171.4,3227.7,56.3,84.3,5.4,1
1104,car,4.5,road_loopA_f0,road_loopA_f1,3122.8,3228.9,106.1,1303.3,44.2,0
1192,car,4.5,xloopA_0Aa,xloopA_0Ab,3191.0,3230.4,39.4,84.0,7.7,1
1116,car,4.5,road_loopA_f0,road_loopA_f1,3129.3,3230.6,101.3,1303.1,46.3,0
1108,truck,8.5,road_loopA_f0,road_loopA_f1,3124.2,3231.9,107.7,1302.9,43.5,0
1214,car,4.5,xloopA_0Aa,xloopA_0Ab,3210.1,3232.4,22.3,84.1,13.6,0
1112,car,4.5,road_loopA_r0,road_loopA_r1,3125.1,3234.3,109.2,1297.7,42.8,0
1223,car,4.5,xloopA_0Aa,xloopA_0Ab,3213.7,3234.6,20.9,84.7,14.6,0
1106,suv,4.8,road_loopA_f0,road_loopA_f1,3124.1,3236.6,112.5,1303.8,41.7,0
1048,car,4.5,xloopA_0Aa,road_loopA_f1,3064.8,3237.0,172.2,872.2,18.2,0
1128,suv,4.8,road_loopA_f0,road_loopA_f1,3135.9,3238.5,102.6,1303.5,45.7,0
1120,car,4.5,road_loopA_f0,road_loopA_f1,3133.1,3238.7,105.6,1303.2,44.4,0
1134,car,4.5,road_loopA_f0,road_loopA_f1,3138.4,3240.3,101.9,1304.1,46.1,0
1121,truck,8.5,road_loopA_f0,road_loopA_f1,3133.1,3241.4,108.3,1303.5,43.3,0
1137,car,4.5,road_loopA_f0,road_loopA_f1,3141.3,3242.5,101.2,1304.0,46.4,0
1138,car,4.5,road_loopA_r0,xloopA_0Ab,3141.7,3242.7,101.0,869.2,31.0,1
1122,truck,8.5,road_loopA_f0,road_loopA_f1,3133.3,3243.6,110.3,1303.0,42.5,0
1126,suv,4.8,road_loopA_f0,road_loopA_f1,3135.5,3244.7,109.2,1303.4,43.0,0
1130,car,4.5,road_loopA_f0,road_loopA_f1,3136.6,3244.7,108.1,1303.0,43.4,0
1144,car,4.5,road_loopA_f0,road_loopA_f1,3151.8,3246.3,94.5,1302.8,49.6,0
1133,car,4.5,road_loopA_f0,road_loopA_f1,3138.4,3248.7,110.3,1302.9,42.5,0
1123,car,4.5,road_loopA_f0,road_loopA_f1,3133.8,3249.7,115.9,1303.9,40.5,0
1143,car,4.5,road_loopA_f0,road_loopA_f1,3151.5,3250.2,98.7,1302.8,47.5,0
1129,car,4.5,road_loopA_f0,road_loopA_f1,3136.3,3251.3,115.0,1303.5,40.8,0
1109,car,4.5,road_loopA_r0,xloopA_0Ab,3124.2,3251.5,127.3,869.0,24.6,3
1152,car,4.5,road_loopA_f0,road_loopA_f1,3158.4,3254.2,95.8,1303.5,49.0,0
1218,car,4.5,road_loopA_f0,xloopA_0Bb,3211.3,3257.8,46.5,478.7,37.0,0
1154,car,4.5,road_loopA_f0,road_loopA_f1,3160.7,3258.2,97.5,1303.6,48.1,0
1182,car,4.5,road_loopA_r0,xloopA_0Ab,3180.6,3259.9,79.3,869.2,39.5,0
1228,car,4.5,road_loopA_f0,xloopA_0Bb,3219.1,3260.7,41.6,478.8,41.4,0
1073,bus,11.0,road_loopA_f0,road_loopA_f1,3089.4,3264.4,175.0,1303.4,26.8,2
1160,suv,4.8,road_loopA_r0,xloopA_0Ab,3165.4,3265.6,100.2,868.9,31.2,1
1131,car,4.5,road_loopA_r0,road_loopA_r1,3136.5,3267.6,131.1,1297.4,35.6,1
1132,suv,4.8,road_loopA_r0,road_loopA_r1,3136.6,3267.6,131.0,1297.4,35.7,1
1135,car,4.5,road_loopA_r0,road_loopA_r1,3139.7,3269.9,130.2,1297.4,35.9,1
1139,car,4.5,road_loopA_r0,road_loopA_r1,3143.9,3271.7,127.8,1298.0,36.6,1
1142,car,4.5,road_loopA_r0,road_loopA_r1,3148.2,3273.4,125.2,1297.6,37.3,1
1124,truck,8.5,road_loopA_r0,road_loopA_r1,3134.4,3273.5,139.1,1297.7,33.6,1
1145,car,4.5,road_loopA_r0,road_loopA_r1,3151.9,3276.3,124.4,1298.2,37.6,1
1141,car,4.5,road_loopA_r0,road_loopA_r1,3148.0,3276.5,128.5,1297.7,36.3,1
1146,car,4.5,road_loopA_r0,road_loopA_r1,3151.9,3278.3,126.4,1298.1,37.0,1
1114,suv,4.8,road_loopA_r0,road_loopA_r1,3125.7,3279.4,153.7,1297.7,30.4,1
1149,suv,4.8,road_loopA_r0,road_loopA_r1,3154.9,3281.0,126.1,1298.2,37.1,1
1147,car,4.5,road_loopA_r0,road_loopA_r1,3152.2,3281.2,129.0,1298.0,36.2,1
1148,truck,8.5,road_loopA_r0,road_loopA_r1,3152.7,3281.9,129.2,1297.9,36.2,1
1151,suv,4.8,road_loopA_r0,road_loopA_r1,3158.0,3282.8,124.8,1297.4,37.4,1
1155,car,4.5,road_loopA_r0,road_loopA_r1,3161.6,3283.1,121.5,1297.3,38.4,1
1150,car,4.5,road_loopA_r0,road_loopA_r1,3157.4,3283.9,126.5,1298.2,37.0,1
1157,car,4.5,road_loopA_r0,road_loopA_r1,3162.8,3284.2,121.4,1297.5,38.5,1
1153,car,4.5,road_loopA_r0,road_loopA_r1,3159.5,3285.6,126.1,1297.5,37.0,1
1156,suv,4.8,road_loopA_r0,road_loopA_r1,3162.1,3287.4,125.3,1298.4,37.3,1
1162,truck,8.5,road_loopA_r0,road_loopA_r1,3165.9,3288.2,122.3,1298.3,38.2,1
1158,car,4.5,road_loopA_r0,road_loopA_r1,3164.9,3289.2,124.3,1298.4,37.6,1
1171,suv,4.8,road_loopA_r0,road_loopA_r1,3169.7,3290.2,120.5,1298.0,38.8,1
1175,bus,11.0,road_loopA_r0,road_loopA_r1,3171.9,3292.3,120.4,1297.5,38.8,0
1185,car,4.5,road_loopA_r0,road_loopA_r1,3183.1,3293.9,110.8,1298.2,42.2,0
1263,car,4.5,road_loopA_f0,xloopA_0Bb,3252.1,3294.2,42.1,478.7,40.9,0
1180,car,4.5,road_loopA_r0,road_loopA_r1,3174.9,3294.6,119.7,1297.6,39.0,0
1166,suv,4.8,road_loopA_r0,road_loopA_r1,3167.7,3295.1,127.4,1298.1,36.7,0
1188,car,4.5,road_loopA_r0,road_loopA_r1,3187.2,3296.5,109.3,1298.5,42.8,0
1179,car,4.5,road_loopA_r0,road_loopA_r1,3174.7,3296.7,122.0,1297.6,38.3,0
1186,suv,4.8,road_loopA_r0,road_loopA_r1,3186.7,3297.5,110.8,1298.0,42.2,0
1161,car,4.5,road_loopA_f0,road_loopA_f1,3165.9,3298.0,132.1,1303.1,35.5,1
1183,suv,4.8,road_loopA_r0,road_loopA_r1,3180.8,3298.6,117.8,1298.1,39.7,0
1275,suv,4.8,road_loopA_f0,xloopA_0Bb,3259.4,3298.6,39.2,478.6,43.9,0
1206,car,4.5,road_loopA_r0,road_loopA_r1,3204.5,3299.0,94.5,1297.9,49.4,0
1189,car,4.5,road_loopA_r0,road_loopA_r1,3188.7,3299.2,110.5,1297.8,42.3,0
1159,suv,4.8,road_loopA_f0,road_loopA_f1,3165.4,3299.5,134.1,1303.1,35.0,1
1167,suv,4.8,road_loopA_f0,road_loopA_f1,3168.9,3299.7,130.8,1303.1,35.9,1
1195,car,4.5,road_loopA_r0,road_loopA_r1,3194.5,3300.1,105.6,1297.8,44.3,0
1164,car,4.5,road_loopA_f0,road_loopA_f1,3166.5,3301.1,134.6,1303.6,34.9,1
1163,car,4.5,road_loopA_f0,road_loopA_f1,3165.9,3301.2,135.3,1303.3,34.7,1
1203,car,4.5,road_loopA_r0,road_loopA_r1,3203.0,3301.8,98.8,1297.9,47.3,0
1199,car,4.5,road_loopA_r0,road_loopA_r1,3198.9,3302.3,103.4,1298.2,45.2,0
1174,car,4.5,road_loopA_f0,road_loopA_f1,3171.4,3302.6,131.2,1303.9,35.8,1
1165,truck,8.5,road_loopA_f0,road_loopA_f1,3167.0,3303.4,136.4,1302.8,34.4,1
1197,car,4.5,road_loopA_r0,road_loopA_r1,3197.6,3303.4,105.8,1297.7,44.2,0
1208,suv,4.8,road_loopA_r0,road_loopA_r1,3205.6,3303.6,98.0,1297.9,47.7,0
1181,car,4.5,road_loopA_f0,road_loopA_f1,3178.2,3304.7,126.5,1303.6,37.1,1
1200,truck,8.5,road_loopA_r0,road_loopA_r1,3199.0,3305.5,106.5,1297.5,43.8,0
1207,car,4.5,road_loopA_r0,road_loopA_r1,3205.1,3305.8,100.7,1298.0,46.4,0
1168,suv,4.8,road_loopA_f0,road_loopA_f1,3169.3,3306.8,137.5,1303.1,34.1,1
1170,car,4.5,road_loopA_f0,road_loopA_f1,3169.6,3307.6,138.0,1303.9,34.0,1
1212,car,4.5,road_loopA_r0,road_loopA_r1,3209.3,3307.6,98.3,1298.0,47.5,0
1191,car,4.5,road_loopA_f0,road_loopA_f1,3190.8,3308.1,117.3,1303.6,40.0,1
1172,car,4.5,road_loopA_f0,road_loopA_f1,3170.1,3308.6,138.5,1303.5,33.9,1
1210,suv,4.8,road_loopA_r0,road_loopA_r1,3207.3,3308.8,101.5,1297.7,46.0,0
1177,suv,4.8,road_loopA_f0,road_loopA_f1,3172.8,3309.2,136.4,1302.9,34.4,1
1220,car,4.5,road_loopA_r0,road_loopA_r1,3211.5,3309.4,97.9,1298.5,47.7,0
1198,car,4.5,road_loopA_f0,road_loopA_f1,3198.6,3310.8,112.2,1303.5,41.8,1
1217,car,4.5,road_loopA_r0,road_loopA_r1,3210.3,3311.1,100.8,1297.3,46.3,0
1187,car,4.5,road_loopA_f0,road_loopA_f1,3187.0,3312.9,125.9,1303.8,37.3,1
1209,car,4.5,road_loopA_f0,road_loopA_f1,3207.2,3313.2,106.0,1303.0,44.2,0
1176,car,4.5,road_loopA_f0,road_loopA_f1,3172.5,3313.5,141.0,1302.8,33.3,1
1229,car,4.5,road_loopA_r0,road_loopA_r1,3221.0,3314.4,93.4,1297.5,50.0,0
1178,car,4.5,road_loopA_f0,road_loopA_f1,3173.9,3315.2,141.3,1303.4,33.2,1
1204,car,4.5,road_loopA_f0,road_loopA_f1,3203.4,3315.4,112.0,1303.8,41.9,0
1215,suv,4.8,road_loopA_f0,road_loopA_f1,3210.1,3316.8,106.7,1303.1,44.0,0
1213,car,4.5,road_loopA_f0,road_loopA_f1,3209.3,3319.1,109.8,1303.2,42.7,0
1219,truck,8.5,road_loopA_r0,road_loopA_r1,3211.4,3319.8,108.4,1297.3,43.1,0
1205,car,4.5,road_loopA_f0,road_loopA_f1,3204.1,3320.8,116.7,1303.4,40.2,0
1227,car,4.5,road_loopA_f0,road_loopA_f1,3218.7,3320.8,102.1,1304.1,46.0,0
1226,suv,4.8,road_loopA_r0,road_loopA_r1,3218.2,3321.7,103.5,1297.3,45.1,0
1184,car,4.5,road_loopA_f0,road_loopA_f1,3181.2,3322.2,141.0,1303.7,33.3,1
1232,car,4.5,road_loopA_r0,road_loopA_r1,3226.4,3322.8,96.4,1297.6,48.5,0
1202,car,4.5,road_loopA_r0,road_loopA_r1,3202.2,3323.3,121.1,1298.2,38.6,0
1196,car,4.5,road_loopA_f0,road_loopA_f1,3197.5,3323.6,126.1,1303.9,37.2,1
1233,car,4.5,road_loopA_f0,road_loopA_f1,3227.5,3323.6,96.1,1303.1,48.8,0
1235,truck,8.5,road_loopA_r0,road_loopA_r1,3229.9,3323.8,93.9,1297.4,49.8,0
1193,bus,11.0,road_loopA_r0,road_loopA_r1,3191.0,3323.9,132.9,1297.3,35.2,1
1169,truck,8.5,road_loopA_f0,xloopA_0Ab,3169.6,3324.3,154.7,505.5,11.8,1
1190,truck,8.5,road_loopA_f0,road_loopA_f1,3189.4,3324.3,134.9,1304.1,34.8,1
1237,car,4.5,road_loopA_r0,road_loopA_r1,3231.6,3324.5,92.9,1297.4,50.3,0
1224,car,4.5,road_loopA_r0,road_loopA_r1,3217.0,3325.0,108.0,1297.4,43.2,0
1240,suv,4.8,road_loopA_f0,road_loopA_f1,3234.2,3325.5,91.3,1304.2,51.4,0
1201,car,4.5,road_loopA_f0,road_loopA_f1,3199.6,3326.7,127.1,1303.5,36.9,1
1243,car,4.5,road_loopA_r0,road_loopA_r1,3235.9,3326.8,90.9,1297.4,51.4,0
1261,suv,4.8,road_loopA_r0,xloopA_0Bb,3251.7,3328.4,76.7,895.8,42.1,0
1245,car,4.5,road_loopA_f0,road_loopA_f1,3238.4,3328.6,90.2,1302.8,52.0,0
1211,truck,8.5,road_loopA_f0,road_loopA_f1,3209.1,3328.8,119.7,1303.2,39.2,0
1222,car,4.5,road_loopA_f0,road_loopA_f1,3212.4,3329.9,117.5,1302.8,39.9,0
1216,suv,4.8,road_loopA_f0,road_loopA_f1,3210.3,3330.8,120.5,1303.0,38.9,0
1236,car,4.5,road_loopA_r0,road_loopA_r1,3231.0,3331.1,100.1,1297.7,46.7,0
1241,suv,4.8,road_loopA_r0,road_loopA_r1,3235.0,3331.5,96.5,1298.4,48.4,0
1230,car,4.5,road_loopA_f0,road_loopA_f1,3222.4,3331.7,109.3,1303.7,42.9,0
1221,suv,4.8,road_loopA_f0,road_loopA_f1,3211.6,3332.6,121.0,1303.4,38.8,0
1239,car,4.5,road_loopA_r0,road_loopA_r1,3233.3,3333.2,99.9,1297.6,46.8,0
1248,car,4.5,road_loopA_r0,road_loopA_r1,3241.9,3333.8,91.9,1298.4,50.9,0
1249,car,4.5,road_loopA_r0,road_loopA_r1,3242.0,3334.0,92.0,1298.6,50.8,0
1225,car,4.5,road_loopA_f0,road_loopA_f1,3217.4,3334.2,116.8,1303.2,40.2,0
1253,suv,4.8,road_loopA_r0,road_loopA_r1,3245.7,3335.8,90.1,1298.5,51.9,0
1254,car,4.5,road_loopA_r0,road_loopA_r1,3245.9,3336.2,90.3,1298.1,51.8,0
1250,car,4.5,xloopA_0Aa,xloopA_0Ab,3243.7,3336.5,92.8,84.3,3.3,1
1231,truck,8.5,road_loopA_r0,road_loopA_r1,3225.7,3338.0,112.3,1298.1,41.6,0
1257,car,4.5,road_loopA_f0,road_loopA_f1,3248.2,3338.8,90.6,1303.4,51.8,0
1328,car,4.5,xloopA_0Ba,xloopA_0Bb,3303.4,3338.9,35.5,84.1,8.5,1
1252,car,4.5,xloopA_0Aa,xloopA_0Ab,3244.6,3339.7,95.1,84.4,3.2,1
1238,truck,8.5,road_loopA_r0,road_loopA_r1,3232.1,3339.9,107.8,1298.3,43.4,0
1242,car,4.5,road_loopA_f0,road_loopA_f1,3235.1,3339.9,104.8,1303.6,44.8,0
1234,truck,8.5,road_loopA_f0,road_loopA_f1,3228.4,3340.7,112.3,1303.4,41.8,0
1289,car,4.5,xloopA_0Aa,xloopA_0Ab,3272.4,3341.9,69.5,84.2,4.4,1
1251,truck,8.5,road_loopA_f0,road_loopA_f1,3243.6,3344.2,100.6,1303.4,46.7,0
1244,suv,4.8,road_loopA_f0,road_loopA_f1,3237.9,3344.7,106.8,1303.3,43.9,0
1334,car,4.5,xloopA_0Aa,xloopA_0Ab,3309.6,3345.2,35.6,84.6,8.6,0
1259,car,4.5,road_loopA_f0,road_loopA_f1,3249.8,3346.1,96.3,1303.0,48.7,0
1264,suv,4.8,road_loopA_f0,road_loopA_f1,3252.5,3347.8,95.3,1304.0,49.3,0
1256,car,4.5,road_loopA_f0,road_loopA_f1,3247.6,3349.3,101.7,1303.4,46.1,0
1268,car,4.5,road_loopA_f0,road_loopA_f1,3255.9,3349.4,93.5,1303.7,50.2,0
1274,car,4.5,road_loopA_f0,road_loopA_f1,3258.9,3351.1,92.2,1303.1,50.9,0
1363,car,4.5,xloopA_0Aa,xloopA_0Ab,3334.6,3351.5,16.9,84.3,17.9,0
1279,suv,4.8,road_loopA_f0,road_loopA_f1,3264.7,3354.1,89.4,1303.0,52.5,0
1258,truck,8.5,road_loopA_f0,road_loopA_f1,3248.1,3355.1,107.0,1302.8,43.8,0
1282,car,4.5,road_loopA_f0,road_loopA_f1,3266.7,3356.0,89.3,1303.1,52.5,0
1260,car,4.5,road_loopA_f0,road_loopA_f1,3250.5,3357.3,106.8,1304.0,44.0,0
1283,car,4.5,road_loopA_f0,road_loopA_f1,3266.7,3357.4,90.7,1303.0,51.7,0
1284,suv,4.8,road_loopA_f0,road_loopA_f1,3268.1,3357.8,89.7,1302.9,52.3,0
1288,car,4.5,road_loopA_f0,road_loopA_f1,3272.0,3361.4,89.4,1303.1,52.5,0
1267,car,4.5,road_loopA_f0,road_loopA_f1,3255.8,3362.6,106.8,1303.6,43.9,0
1287,suv,4.8,road_loopA_f0,road_loopA_f1,3272.0,3364.2,92.2,1303.1,50.9,0
1291,car,4.5,road_loopA_f0,road_loopA_f1,3273.1,3364.6,91.5,1303.6,51.3,0
1246,car,4.5,road_loopA_f0,road_loopA_f1,3239.2,3365.5,126.3,1303.6,37.2,0
1247,suv,4.8,road_loopA_r0,xloopA_0Ab,3240.9,3367.0,126.1,869.4,24.8,2
1293,suv,4.8,road_loopA_f0,road_loopA_f1,3274.7,3367.6,92.9,1303.4,50.5,0
1296,car,4.5,road_loopA_f0,road_loopA_f1,3277.3,3367.7,90.4,1303.8,51.9,0
1361,car,4.5,road_loopA_f0,xloopA_0Bb,3333.6,3375.7,42.1,478.7,41.0,0
1323,car,4.5,road_loopA_r0,xloopA_0Ab,3297.6,3377.8,80.2,869.1,39.0,0
1266,suv,4.8,road_loopA_r0,road_loopA_r1,3255.6,3383.5,127.9,1298.2,36.5,1
1262,truck,8.5,road_loopA_r0,road_loopA_r1,3251.9,3388.4,136.5,1298.5,34.2,1
1270,car,4.5,road_loopA_r0,road_loopA_r1,3257.4,3389.0,131.6,1297.9,35.5,1
1273,suv,4.8,road_loopA_r0,road_loopA_r1,3257.9,3389.1,131.2,1297.8,35.6,1
1271,car,4.5,road_loopA_r0,road_loopA_r1,3257.5,3390.9,133.4,1298.6,35.0,1
1280,car,4.5,road_loopA_r0,road_loopA_r1,3265.0,3392.1,127.1,1298.6,36.8,1
1269,car,4.5,road_loopA_r0,road_loopA_r1,3256.1,3393.6,137.5,1298.6,34.0,1
1265,truck,8.5,road_loopA_r0,road_loopA_r1,3253.1,3396.6,143.5,1298.1,32.6,1
1286,suv,4.8,road_loopA_r0,road_loopA_r1,3268.6,3396.8,128.2,1298.1,36.4,1
1276,suv,4.8,road_loopA_r0,road_loopA_r1,3261.3,3398.7,137.4,1298.3,34.0,1
1281,suv,4.8,road_loopA_r0,road_loopA_r1,3265.4,3399.7,134.3,1298.0,34.8,1
1285,car,4.5,road_loopA_r0,road_loopA_r1,3268.5,3400.8,132.3,1298.3,35.3,1
1397,car,4.5,road_loopA_f0,xloopA_0Bb,3360.4,3401.8,41.4,478.7,41.6,0
1278,truck,8.5,road_loopA_r0,road_loopA_r1,3264.6,3401.9,137.3,1298.2,34.0,1
1277,bus,11.0,road_loopA_r0,road_loopA_r1,3262.3,3403.0,140.7,1297.7,33.2,2
1314,car,4.5,road_loopA_r0,road_loopA_r1,3290.2,3403.8,113.6,1297.3,41.1,1
1292,truck,8.5,road_loopA_r0,road_loopA_r1,3273.6,3404.1,130.5,1298.0,35.8,1
1297,suv,4.8,road_loopA_r0,road_loopA_r1,3278.4,3405.3,126.9,1298.3,36.8,1
1298,car,4.5,road_loopA_r0,road_loopA_r1,3279.0,3405.6,126.6,1298.5,36.9,1
1300,car,4.5,road_loopA_r0,road_loopA_r1,3280.2,3407.0,126.8,1297.8,36.8,1
1310,suv,4.8,road_loopA_r0,road_loopA_r1,3288.5,3407.0,118.5,1298.5,39.5,0
1332,car,4.5,road_loopA_r0,xloopA_0Ab,3307.6,3407.7,100.1,869.2,31.3,1
1324,car,4.5,road_loopA_r0,road_loopA_r1,3298.1,3408.0,109.9,1298.0,42.5,0
1299,car,4.5,road_loopA_r0,road_loopA_r1,3280.1,3408.1,128.0,1298.1,36.5,1
1329,suv,4.8,road_loopA_r0,road_loopA_r1,3305.2,3409.6,104.4,1298.2,44.7,0
1331,car,4.5,road_loopA_r0,road_loopA_r1,3306.6,3411.2,104.6,1297.3,44.7,0
1336,truck,8.5,road_loopA_r0,road_loopA_r1,3313.9,3413.0,99.1,1298.0,47.2,0
1327,car,4.5,road_loopA_r0,road_loopA_r1,3299.6,3413.4,113.8,1297.5,41.0,0
1322,truck,8.5,road_loopA_r0,road_loopA_r1,3296.4,3413.5,117.1,1298.0,39.9,0
1345,car,4.5,road_loopA_r0,road_loopA_r1,3324.8,3415.3,90.5,1297.6,51.6,0
1341,car,4.5,road_loopA_r0,road_loopA_r1,3321.0,3415.5,94.5,1298.7,49.5,0
1350,car,4.5,road_loopA_r0,road_loopA_r1,3328.4,3417.4,89.0,1298.1,52.5,0
1354,suv,4.8,road_loopA_r0,road_loopA_r1,3330.4,3419.4,89.0,1297.3,52.5,0
1307,truck,8.5,road_loopA_f0,road_loopA_f1,3286.7,3420.1,133.4,1304.2,35.2,1
1272,bus,11.0,road_loopA_r0,road_loopA_r1,3257.4,3420.9,163.5,1297.3,28.6,3
1294,car,4.5,road_loopA_f0,road_loopA_f1,3276.1,3421.3,145.2,1304.0,32.3,1
1356,car,4.5,road_loopA_r0,road_loopA_r1,3331.0,3421.3,90.3,1297.4,51.7,0
1313,suv,4.8,road_loopA_f0,road_loopA_f1,3289.7,3422.6,132.9,1304.1,35.3,1
1304,suv,4.8,road_loopA_f0,road_loopA_f1,3284.7,3423.0,138.3,1303.0,33.9,1
1335,car,4.5,road_loopA_r0,road_loopA_r1,3312.8,3423.3,110.5,1298.0,42.3,0
1360,car,4.5,road_loopA_r0,road_loopA_r1,3332.9,3423.3,90.4,1298.5,51.7,0
1311,suv,4.8,road_loopA_f0,road_loopA_f1,3288.7,3424.7,136.0,1303.1,34.5,1
1340,suv,4.8,road_loopA_r0,road_loopA_r1,3320.3,3425.1,104.8,1298.3,44.6,0
1366,truck,8.5,road_loopA_r0,road_loopA_r1,3336.0,3425.6,89.6,1297.3,52.1,0
1321,suv,4.8,road_loopA_f0,road_loopA_f1,3296.1,3426.5,130.4,1303.6,36.0,1
1306,suv,4.8,road_loopA_f0,road_loopA_f1,3286.4,3426.8,140.4,1303.4,33.4,1
1343,car,4.5,road_loopA_r0,road_loopA_r1,3323.9,3426.8,102.9,1298.3,45.4,0
1255,bus,11.0,road_loopA_r0,road_loopA_r1,3247.0,3427.6,180.6,1297.4,25.9,2
1326,car,4.5,road_loopA_f0,road_loopA_f1,3299.6,3428.3,128.7,1303.7,36.5,1
1346,car,4.5,road_loopA_r0,road_loopA_r1,3326.0,3428.5,102.5,1297.9,45.6,0
1372,car,4.5,road_loopA_r0,road_loopA_r1,3339.9,3428.8,88.9,1297.3,52.5,0
1330,car,4.5,road_loopA_f0,road_loopA_f1,3306.0,3429.5,123.5,1303.4,38.0,1
1353,car,4.5,road_loopA_r0,road_loopA_r1,3329.9,3429.5,99.6,1297.5,46.9,0
1338,suv,4.8,road_loopA_f0,road_loopA_f1,3316.7,3430.9,114.2,1303.1,41.1,1
1362,suv,4.8,road_loopA_r0,road_loopA_r1,3333.9,3431.6,97.7,1298.0,47.8,0
1355,car,4.5,road_loopA_r0,road_loopA_r1,3330.9,3432.1,101.2,1298.5,46.2,0
1320,suv,4.8,road_loopA_f0,road_loopA_f1,3294.7,3432.5,137.8,1303.8,34.1,1
1373,car,4.5,road_loopA_r0,road_loopA_r1,3340.6,3433.4,92.8,1297.3,50.3,0
1357,car,4.5,road_loopA_r0,road_loopA_r1,3331.0,3433.9,102.9,1297.5,45.4,0
1351,car,4.5,road_loopA_f0,road_loopA_f1,3328.8,3434.3,105.5,1304.2,44.5,0
1375,car,4.5,road_loopA_r0,road_loopA_r1,3343.0,3435.2,92.2,1297.6,50.7,0
1378,car,4.5,road_loopA_r0,road_loopA_r1,3345.0,3437.0,92.0,1297.3,50.8,0
1337,car,4.5,road_loopA_f0,xloopA_0Ab,3316.4,3438.8,122.4,505.2,14.9,1
1344,car,4.5,road_loopA_f0,road_loopA_f1,3324.7,3438.9,114.2,1303.9,41.1,0
1381,car,4.5,road_loopA_r0,road_loopA_r1,3346.7,3438.9,92.2,1298.2,50.7,0
1317,truck,8.5,road_loopA_r0,xloopA_0Bb,3293.4,3439.6,146.2,896.0,22.1,1
1358,car,4.5,road_loopA_f0,road_loopA_f1,3332.2,3440.7,108.5,1303.7,43.2,0
1364,car,4.5,road_loopA_f0,road_loopA_f1,3334.6,3441.2,106.6,1303.8,44.0,0
1347,car,4.5,road_loopA_f0,xloopA_0Ab,3326.2,3441.4,115.2,505.2,15.8,1
1387,car,4.5,road_loopA_r0,road_loopA_r1,3351.4,3441.8,90.4,1298.3,51.7,0
1376,car,4.5,road_loopA_r0,road_loopA_r1,3343.6,3442.6,99.0,1298.2,47.2,0
1371,car,4.5,road_loopA_f0,road_loopA_f1,3338.7,3442.8,104.1,1302.9,45.1,0
1316,truck,8.5,road_loopA_r0,xloopA_0Bb,3292.6,3443.3,150.7,895.9,21.4,1
1290,car,4.5,xloopA_0Aa,road_loopA_f1,3273.1,3444.0,170.9,872.2,18.4,0
1416,car,4.5,road_loopA_f0,xloopA_0Ab,3373.4,3444.1,70.7,505.4,25.8,1
1389,car,4.5,road_loopA_r0,road_loopA_r1,3351.8,3444.4,92.6,1298.4,50.5,0
1365,suv,4.8,road_loopA_f0,road_loopA_f1,3334.8,3444.6,109.8,1303.5,42.7,0
1319,bus,11.0,road_loopA_r0,road_loopA_r1,3294.0,3445.6,151.6,1297.4,30.8,2
1382,car,4.5,road_loopA_f0,road_loopA_f1,3347.5,3446.1,98.6,1303.2,47.6,0
1369,car,4.5,road_loopA_r0,xloopA_0Bb,3338.4,3446.3,107.9,895.4,29.9,1
1390,car,4.5,road_loopA_r0,road_loopA_r1,3353.6,3447.5,93.9,1298.2,49.8,0
1430,truck,8.5,road_loopA_f0,xloopA_0Ab,3380.6,3447.5,66.9,505.0,27.2,1
1392,suv,4.8,road_loopA_f0,road_loopA_f1,3354.8,3447.8,93.0,1303.2,50.5,0
1394,car,4.5,road_loopA_r0,road_loopA_r1,3359.0,3448.2,89.2,1298.3,52.4,0
1380,car,4.5,road_loopA_f0,road_loopA_f1,3346.6,3449.7,103.1,1303.7,45.5,0
1396,car,4.5,road_loopA_r0,road_loopA_r1,3360.3,3449.8,89.5,1298.0,52.2,0
1401,car,4.5,road_loopA_f0,road_loopA_f1,3360.7,3451.6,90.9,1302.8,51.6,0
1391,suv,4.8,road_loopA_r0,road_loopA_r1,3353.6,3452.6,99.0,1298.4,47.2,0
1385,car,4.5,xloopA_0Aa,xloopA_0Ab,3350.1,3453.3,103.2,84.5,2.9,1
1406,suv,4.8,road_loopA_r0,road_loopA_r1,3364.1,3453.3,89.2,1298.7,52.4,0
1402,car,4.5,road_loopA_f0,road_loopA_f1,3362.6,3454.5,91.9,1303.1,51.0,0
1348,car,4.5,xloopA_0Ba,road_loopA_f1,3327.4,3455.6,128.2,902.8,25.3,0
1409,car,4.5,road_loopA_r0,road_loopA_r1,3366.5,3456.2,89.7,1298.6,52.1,0
1407,car,4.5,road_loopA_f0,road_loopA_f1,3365.4,3457.2,91.8,1303.7,51.1,0
1305,car,4.5,road_loopA_f0,road_loopA_f1,3285.5,3457.3,171.8,1303.9,27.3,1
1386,car,4.5,xloopA_0Aa,xloopA_0Ab,3350.9,3457.5,106.6,84.4,2.8,1
1367,suv,4.8,road_loopA_r0,road_loopA_r1,3336.8,3458.0,121.2,1297.9,38.6,0
1342,car,4.5,xloopA_0Aa,road_loopA_f1,3323.8,3458.1,134.3,872.0,23.4,0
1308,car,4.5,road_loopA_f0,road_loopA_f1,3286.8,3459.0,172.2,1303.8,27.3,1
1379,truck,8.5,road_loopA_r0,road_loopA_r1,3346.6,3459.7,113.1,1298.2,41.3,0
1301,car,4.5,road_loopA_f0,road_loopA_f1,3281.8,3459.8,178.0,1303.3,26.4,1
1431,car,4.5,xloopA_0Aa,xloopA_0Ab,3381.1,3459.8,78.7,84.5,3.9,1
1403,car,4.5,road_loopA_f0,road_loopA_f1,3363.1,3459.9,96.8,1303.6,48.5,0
1422,car,4.5,xloopA_0Ba,xloopA_0Bb,3376.4,3460.0,83.6,84.8,3.6,1
1318,suv,4.8,road_loopA_f0,road_loopA_f1,3293.7,3460.6,166.9,1302.8,28.1,1
1303,suv,4.8,road_loopA_f0,road_loopA_f1,3282.7,3461.5,178.8,1304.0,26.3,1
1442,car,4.5,xloopA_0Aa,xloopA_0Ab,3391.6,3462.0,70.4,84.4,4.3,0
1315,truck,8.5,road_loopA_f0,road_loopA_f1,3292.1,3462.8,170.7,1302.8,27.5,1
1395,car,4.5,road_loopA_f0,road_loopA_f1,3360.1,3462.8,102.7,1303.2,45.7,0
1309,car,4.5,road_loopA_f0,road_loopA_f1,3288.5,3463.2,174.7,1303.7,26.9,1
1498,car,4.5,xloopA_0Ba,xloopA_0Bb,3435.7,3464.1,28.4,84.4,10.7,0
1312,car,4.5,road_loopA_f0,road_loopA_f1,3289.4,3464.8,175.4,1302.8,26.7,1
1325,car,4.5,road_loopA_f0,road_loopA_f1,3298.8,3465.3,166.5,1303.8,28.2,1
1405,suv,4.8,road_loopA_f0,road_loopA_f1,3364.1,3465.6,101.5,1303.6,46.2,0
1333,car,4.5,road_loopA_f0,road_loopA_f1,3309.0,3466.5,157.5,1303.2,29.8,1
1339,car,4.5,road_loopA_f0,road_loopA_f1,3319.9,3467.0,147.1,1303.2,31.9,0
1417,truck,8.5,road_loopA_f0,road_loopA_f1,3373.6,3467.1,93.5,1303.5,50.2,0
1349,suv,4.8,road_loopA_f0,road_loopA_f1,3327.9,3468.2,140.3,1302.9,33.4,0
1368,car,4.5,road_loopA_f0,road_loopA_f1,3338.1,3468.8,130.7,1303.4,35.9,0
1424,suv,4.8,road_loopA_f0,road_loopA_f1,3377.6,3469.2,91.6,1303.3,51.2,0
1352,suv,4.8,road_loopA_f0,road_loopA_f1,3329.7,3470.3,140.6,1303.5,33.4,0
1377,suv,4.8,road_loopA_f0,road_loopA_f1,3343.9,3470.6,126.7,1303.0,37.0,0
1427,suv,4.8,road_loopA_f0,road_loopA_f1,3378.5,3471.3,92.8,1304.2,50.6,0
1441,car,4.5,road_loopA_r0,xloopA_0Ab,3390.9,3471.9,81.0,868.9,38.6,1
1370,car,4.5,road_loopA_f0,road_loopA_f1,3338.7,3472.4,133.7,1303.2,35.1,0
1359,truck,8.5,road_loopA_f0,road_loopA_f1,3332.3,3472.5,140.2,1303.7,33.5,0
1421,suv,4.8,road_loopA_f0,road_loopA_f1,3376.2,3472.5,96.3,1302.8,48.7,0
1472,car,4.5,road_loopA_f0,xloopA_0Bb,3415.3,3472.9,57.6,478.8,29.9,1
1404,car,4.5,road_loopA_f0,road_loopA_f1,3363.6,3474.3,110.7,1303.8,42.4,0
1410,suv,4.8,road_loopA_f0,road_loopA_f1,3366.8,3474.4,107.6,1303.5,43.6,0
1374,car,4.5,road_loopA_f0,road_loopA_f1,3341.2,3474.8,133.6,1303.1,35.1,0
1412,car,4.5,road_loopA_f0,road_loopA_f1,3368.7,3476.1,107.4,1303.0,43.7,0
1295,bus,11.0,road_loopA_f0,road_loopA_f1,3277.0,3476.3,199.3,1303.2,23.5,3
1388,car,4.5,road_loopA_f0,road_loopA_f1,3351.7,3476.6,124.9,1303.0,37.6,0
1399,car,4.5,road_loopA_f0,road_loopA_f1,3360.6,3477.3,116.7,1303.9,40.2,0
1393,car,4.5,road_loopA_f0,road_loopA_f1,3355.4,3478.5,123.1,1303.9,38.1,0
1414,suv,4.8,road_loopA_f0,road_loopA_f1,3369.4,3479.7,110.3,1302.8,42.5,0
1400,truck,8.5,road_loopA_f0,road_loopA_f1,3360.6,3479.8,119.2,1303.1,39.3,0
1478,car,4.5,road_loopA_f0,xloopA_0Bb,3419.1,3481.2,62.1,478.7,27.7,1
1434,suv,4.8,road_loopA_f0,road_loopA_f1,3386.0,3482.1,96.1,1303.6,48.8,0
1445,car,4.5,road_loopA_f0,road_loopA_f1,3392.6,3483.6,91.0,1302.8,51.6,0
1438,car,4.5,road_loopA_f0,road_loopA_f1,3388.7,3486.3,97.6,1304.1,48.1,0
1439,car,4.5,road_loopA_f0,road_loopA_f1,3390.2,3487.9,97.7,1303.3,48.0,0
1432,car,4.5,road_loopA_f0,road_loopA_f1,3381.2,3488.1,106.9,1303.4,43.9,0
1433,car,4.5,road_loopA_f0,road_loopA_f1,3384.9,3488.6,103.7,1303.5,45.3,0
1493,truck,8.5,road_loopA_f0,xloopA_0Bb,3432.5,3489.5,57.0,479.0,30.3,0
1496,suv,4.8,road_loopA_f0,xloopA_0Bb,3435.3,3492.9,57.6,478.9,30.0,0
1479,car,4.5,road_loopA_r0,xloopA_0Ab,3419.5,3493.1,73.6,869.1,42.5,0
1503,suv,4.8,road_loopA_f0,xloopA_0Bb,3436.8,3496.5,59.7,479.2,28.9,0
1425,car,4.5,road_loopA_f0,road_loopA_f1,3378.0,3497.2,119.2,1303.4,39.4,0
1413,car,4.5,road_loopA_r0,road_loopA_r1,3368.8,3499.3,130.5,1298.1,35.8,1
1508,car,4.5,road_loopA_f0,xloopA_0Bb,3441.4,3500.0,58.6,478.8,29.4,0
1490,car,4.5,road_loopA_r0,xloopA_0Ab,3431.0,3500.8,69.8,869.2,44.8,0
1411,suv,4.8,road_loopA_r0,road_loopA_r1,3367.9,3501.0,133.1,1298.1,35.1,1
1415,car,4.5,road_loopA_r0,road_loopA_r1,3370.3,3502.4,132.1,1297.6,35.4,1
1418,car,4.5,road_loopA_r0,road_loopA_r1,3374.4,3505.0,130.6,1298.6,35.8,1
1502,car,4.5,road_loopA_r0,xloopA_0Ab,3436.7,3505.1,68.4,869.2,45.7,0
1428,suv,4.8,road_loopA_r0,road_loopA_r1,3379.9,3506.3,126.4,1298.5,37.0,1
1302,bus,11.0,road_loopA_f0,road_loopA_f1,3282.2,3508.7,226.5,1303.5,20.7,4
1408,car,4.5,road_loopA_r0,road_loopA_r1,3365.6,3508.7,143.1,1298.1,32.7,1
1423,car,4.5,road_loopA_r0,road_loopA_r1,3376.7,3510.1,133.4,1297.9,35.0,1
1398,suv,4.8,road_loopA_r0,road_loopA_r1,3360.4,3510.7,150.3,1297.9,31.1,1
1383,car,4.5,xloopA_0Ba,road_loopA_r1,3349.4,3511.4,162.0,476.3,10.6,1
1436,suv,4.8,road_loopA_r0,road_loopA_r1,3386.1,3511.6,125.5,1298.4,37.3,1
1450,car,4.5,road_loopA_r0,road_loopA_r1,3394.4,3513.4,119.0,1298.6,39.3,1
1420,suv,4.8,road_loopA_r0,road_loopA_r1,3375.8,3513.6,137.8,1298.0,33.9,1
1426,car,4.5,road_loopA_r0,road_loopA_r1,3378.2,3515.2,137.0,1297.3,34.1,1
1458,car,4.5,road_loopA_r0,road_loopA_r1,3405.0,3515.5,110.5,1298.6,42.3,0
1384,car,4.5,xloopA_0Ba,road_loopA_r1,3349.7,3515.6,165.9,476.3,10.3,1
1475,truck,8.5,road_loopA_r0,xloopA_0Ab,3416.4,3516.8,100.4,868.8,31.2,1
1429,suv,4.8,road_loopA_r0,road_loopA_r1,3380.2,3517.0,136.8,1298.5,34.2,1
1447,car,4.5,road_loopA_r0,road_loopA_r1,3392.6,3517.5,124.9,1298.2,37.4,1
1459,car,4.5,road_loopA_r0,road_loopA_r1,3405.0,3517.9,112.9,1297.5,41.4,0
1444,car,4.5,road_loopA_r0,road_loopA_r1,3392.4,3518.7,126.3,1298.1,37.0,1
1465,suv,4.8,road_loopA_r0,road_loopA_r1,3411.0,3518.8,107.8,1298.6,43.4,0
1452,truck,8.5,road_loopA_r0,road_loopA_r1,3399.1,3519.5,120.4,1297.3,38.8,0
1449,suv,4.8,road_loopA_r0,road_loopA_r1,3392.9,3520.6,127.7,1298.3,36.6,1
1468,suv,4.8,road_loopA_r0,road_loopA_r1,3414.6,3521.5,106.9,1298.5,43.7,0
1460,car,4.5,road_loopA_r0,road_loopA_r1,3405.6,3521.7,116.1,1297.8,40.2,0
1451,car,4.5,road_loopA_r0,road_loopA_r1,3398.0,3522.4,124.4,1298.5,37.6,1
1471,car,4.5,road_loopA_r0,road_loopA_r1,3415.0,3522.8,107.8,1298.4,43.4,0
1453,truck,8.5,road_loopA_r0,road_loopA_r1,3399.3,3524.5,125.2,1298.2,37.3,1
1474,car,4.5,road_loopA_r0,road_loopA_r1,3416.4,3524.6,108.2,1298.6,43.2,0
1454,car,4.5,road_loopA_f0,road_loopA_f1,3399.9,3524.8,124.9,1302.8,37.5,1
1462,truck,8.5,road_loopA_r0,road_loopA_r1,3407.0,3525.4,118.4,1298.0,39.5,0
1477,car,4.5,road_loopA_r0,road_loopA_r1,3418.0,3526.3,108.3,1297.7,43.1,0
1467,car,4.5,road_loopA_r0,road_loopA_r1,3414.2,3526.9,112.7,1298.5,41.5,0
1469,car,4.5,road_loopA_r0,road_loopA_r1,3414.8,3527.7,112.9,1298.0,41.4,0
1473,truck,8.5,road_loopA_r0,road_loopA_r1,3415.4,3529.3,113.9,1298.5,41.0,0
1483,car,4.5,road_loopA_r0,road_loopA_r1,3423.7,3529.4,105.7,1297.7,44.2,0
1491,car,4.5,road_loopA_r0,road_loopA_r1,3431.2,3529.6,98.4,1298.7,47.5,0
1481,car,4.5,road_loopA_r0,road_loopA_r1,3419.8,3531.3,111.5,1297.4,41.9,0
1470,car,4.5,road_loopA_f0,road_loopA_f1,3415.0,3531.8,116.8,1302.8,40.2,1
1485,car,4.5,road_loopA_r0,road_loopA_r1,3424.7,3532.8,108.1,1297.7,43.2,0
1463,car,4.5,road_loopA_f0,road_loopA_f1,3407.5,3533.3,125.8,1304.0,37.3,1
1497,car,4.5,road_loopA_r0,road_loopA_r1,3435.5,3534.3,98.8,1298.3,47.3,0
1511,car,4.5,road_loopA_r0,road_loopA_r1,3442.6,3534.6,92.0,1297.8,50.8,0
1506,car,4.5,road_loopA_r0,road_loopA_r1,3439.9,3534.7,94.8,1298.3,49.3,0
1482,car,4.5,road_loopA_f0,road_loopA_f1,3422.5,3535.2,112.7,1303.9,41.6,1
1487,suv,4.8,road_loopA_f0,road_loopA_f1,3426.2,3535.3,109.1,1303.6,43.0,1
1456,car,4.5,road_loopA_f0,road_loopA_f1,3402.8,3535.7,132.9,1303.0,35.3,1
1513,car,4.5,road_loopA_r0,road_loopA_r1,3443.5,3536.6,93.1,1297.4,50.2,0
1488,car,4.5,road_loopA_f0,road_loopA_f1,3427.8,3537.1,109.3,1303.7,43.0,1
1419,bus,11.0,road_loopA_r0,road_loopA_r1,3374.8,3540.6,165.8,1298.2,28.2,2
1507,suv,4.8,road_loopA_f0,road_loopA_f1,3440.7,3541.3,100.6,1304.0,46.7,0
1505,car,4.5,road_loopA_r0,road_loopA_r1,3439.9,3541.4,101.5,1298.3,46.1,0
1494,truck,8.5,road_loopA_r0,road_loopA_r1,3432.7,3543.0,110.3,1298.4,42.4,0
1448,car,4.5,road_loopA_f0,road_loopA_f1,3393.0,3543.2,150.2,1303.9,31.2,1
1515,car,4.5,road_loopA_f0,road_loopA_f1,3445.0,3544.6,99.6,1303.1,47.1,0
1489,car,4.5,road_loopA_f0,road_loopA_f1,3428.5,3544.8,116.3,1302.8,40.3,0
1518,suv,4.8,road_loopA_f0,road_loopA_f1,3450.0,3546.5,96.5,1303.6,48.6,0
1510,car,4.5,road_loopA_f0,road_loopA_f1,3442.2,3548.3,106.1,1303.6,44.2,0
1514,suv,4.8,road_loopA_f0,road_loopA_f1,3444.8,3549.3,104.5,1302.8,44.9,1
1509,suv,4.8,road_loopA_f0,road_loopA_f1,3441.8,3551.2,109.4,1303.3,42.9,0
1520,car,4.5,road_loopA_f0,road_loopA_f1,3457.2,3551.2,94.0,1303.8,49.9,0
1495,truck,8.5,road_loopA_f0,road_loopA_f1,3433.9,3551.3,117.4,1303.7,40.0,0
1519,car,4.5,road_loopA_r0,road_loopA_r1,3451.8,3551.7,99.9,1298.2,46.8,0
1437,car,4.5,road_loopA_r0,xloopA_0Bb,3387.0,3552.2,165.2,895.5,19.5,1
1524,car,4.5,road_loopA_r0,road_loopA_r1,3464.4,3553.4,89.0,1297.3,52.5,0
1521,car,4.5,road_loopA_r0,road_loopA_r1,3459.4,3553.9,94.5,1297.9,49.4,0
1435,truck,8.5,road_loopA_f0,xloopA_0Ab,3386.1,3554.2,168.1,505.5,10.8,2
1440,suv,4.8,road_loopA_r0,xloopA_0Bb,3390.2,3554.9,164.7,896.0,19.6,1
1504,suv,4.8,road_loopA_f0,road_loopA_f1,3437.0,3555.0,118.0,1303.0,39.8,0
1492,car,4.5,road_loopA_f0,road_loopA_f1,3432.4,3555.1,122.7,1304.2,38.3,0
1526,car,4.5,road_loopA_r0,road_loopA_r1,3466.1,3555.3,89.2,1298.4,52.4,0
1486,car,4.5,road_loopA_f0,road_loopA_f1,3424.8,3555.5,130.7,1303.6,35.9,0
1525,suv,4.8,road_loopA_r0,road_loopA_r1,3466.0,3555.6,89.6,1298.0,52.1,0
1516,suv,4.8,road_loopA_f0,road_loopA_f1,3447.5,3556.8,109.3,1303.3,42.9,0
1457,car,4.5,road_loopA_f0,xloopA_0Ab,3403.8,3557.1,153.3,505.1,11.9,1
1499,car,4.5,road_loopA_f0,road_loopA_f1,3435.9,3557.3,121.4,1303.7,38.7,0
1528,car,4.5,road_loopA_r0,road_loopA_r1,3468.2,3557.3,89.1,1298.6,52.5,0
1446,car,4.5,road_loopA_r0,xloopA_0Bb,3392.6,3557.5,164.9,895.4,19.6,1
1512,car,4.5,road_loopA_f0,road_loopA_f1,3443.2,3559.0,115.8,1303.3,40.5,0
1527,car,4.5,road_loopA_r0,road_loopA_r1,3467.9,3559.2,91.3,1298.0,51.2,0
1500,car,4.5,road_loopA_f0,xloopA_0Ab,3436.7,3559.8,123.1,505.3,14.8,1
1529,car,4.5,road_loopA_r0,road_loopA_r1,3468.6,3560.9,92.3,1297.9,50.6,0
1476,truck,8.5,road_loopA_r0,xloopA_0Bb,3417.0,3561.0,144.0,895.7,22.4,1
1501,car,4.5,road_loopA_f0,road_loopA_f1,3436.7,3562.5,125.8,1304.1,37.3,0
1536,suv,4.8,road_loopA_f0,xloopA_0Ab,3477.4,3562.5,85.1,505.6,21.4,1
1530,suv,4.8,road_loopA_f0,road_loopA_f1,3469.3,3564.2,94.9,1303.4,49.4,0
1484,bus,11.0,road_loopA_f0,road_loopA_f1,3424.0,3566.4,142.4,1303.1,32.9,2
1534,car,4.5,road_loopA_r0,road_loopA_r1,3473.0,3567.1,94.1,1298.4,49.7,0
1533,car,4.5,xloopA_0Ba,xloopA_0Bb,3472.5,3567.4,94.9,84.4,3.2,1
1523,suv,4.8,road_loopA_f0,road_loopA_f1,3464.5,3567.5,103.0,1303.7,45.6,0
1464,car,4.5,road_loopA_f0,road_loopA_f1,3407.9,3569.3,161.4,1303.1,29.1,1
1597,car,4.5,xloopA_0Aa,xloopA_0Ab,3537.9,3569.6,31.7,84.3,9.6,1
1578,car,4.5,xloopA_0Ba,xloopA_0Bb,3519.1,3571.4,52.3,84.4,5.8,1
1538,suv,4.8,road_loopA_f0,road_loopA_f1,3479.0,3571.5,92.5,1304.2,50.8,0
1480,car,4.5,xloopA_0Ba,road_loopA_f1,3419.7,3572.4,152.7,902.3,21.3,0
1443,car,4.5,road_loopA_f0,road_loopA_f1,3391.7,3574.1,182.4,1303.9,25.7,1
1461,car,4.5,road_loopA_f0,road_loopA_f1,3407.0,3574.2,167.2,1303.4,28.1,1
1598,car,4.5,xloopA_0Ba,xloopA_0Bb,3539.5,3574.5,35.0,84.2,8.7,1
1611,car,4.5,xloopA_0Aa,xloopA_0Ab,3546.3,3574.6,28.3,84.4,10.7,0
1543,car,4.5,road_loopA_f0,road_loopA_f1,3484.1,3575.4,91.3,1302.8,51.4,0
1455,car,4.5,road_loopA_f0,road_loopA_f1,3401.5,3575.8,174.3,1303.8,26.9,1
1615,car,4.5,xloopA_0Aa,xloopA_0Ab,3549.8,3576.8,27.0,84.5,11.3,0
1613,car,4.5,xloopA_0Ba,xloopA_0Bb,3548.5,3577.1,28.6,84.2,10.6,0
1535,car,4.5,road_loopA_f0,road_loopA_f1,3476.5,3578.6,102.1,1303.7,46.0,0
1623,car,4.5,xloopA_0Ba,xloopA_0Bb,3554.4,3579.1,24.7,84.3,12.3,0
1617,car,4.5,xloopA_0Aa,xloopA_0Ab,3550.8,3579.4,28.6,84.1,10.6,0
1638,car,4.5,xloopA_0Aa,xloopA_0Ab,3570.0,3581.4,11.4,84.4,26.6,0
1545,car,4.5,road_loopA_f0,road_loopA_f1,3484.4,3581.7,97.3,1303.8,48.2,0
1546,truck,8.5,road_loopA_f0,road_loopA_f1,3485.3,3582.0,96.7,1303.5,48.5,0
1643,car,4.5,xloopA_0Aa,xloopA_0Ab,3573.3,3583.8,10.5,84.5,28.8,0
1549,car,4.5,road_loopA_f0,road_loopA_f1,3489.8,3583.9,94.1,1302.8,49.8,0
1542,truck,8.5,road_loopA_f0,road_loopA_f1,3483.2,3584.0,100.8,1303.6,46.6,0
1547,car,4.5,road_loopA_f0,road_loopA_f1,3488.8,3584.1,95.3,1304.1,49.3,0
1551,car,4.5,road_loopA_f0,road_loopA_f1,3490.1,3586.3,96.2,1303.9,48.8,0
1517,car,4.5,road_loopA_r0,xloopA_0Ab,3448.3,3599.5,151.2,869.1,20.7,3
1554,suv,4.8,road_loopA_f0,road_loopA_f1,3493.9,3601.9,108.0,1302.8,43.4,0
1466,bus,11.0,road_loopA_f0,road_loopA_f1,3413.8,3603.2,189.4,1303.2,24.8,3
1555,car,4.5,road_loopA_f0,road_loopA_f1,3494.1,3603.8,109.7,1303.8,42.8,0
1532,truck,8.5,road_loopA_r0,xloopA_0Ab,3471.3,3604.8,133.5,868.9,23.4,1
1541,suv,4.8,road_loopA_r0,xloopA_0Ab,3482.6,3608.7,126.1,869.5,24.8,1
1558,truck,8.5,road_loopA_f0,road_loopA_f1,3498.3,3611.7,113.4,1302.9,41.3,0
1552,car,4.5,road_loopA_f0,road_loopA_f1,3492.0,3613.7,121.7,1303.1,38.5,0
1562,truck,8.5,road_loopA_f0,road_loopA_f1,3503.7,3615.0,111.3,1303.7,42.2,0
1550,car,4.5,road_loopA_r0,road_loopA_r1,3489.8,3615.6,125.8,1297.9,37.2,1
1537,car,4.5,road_loopA_r0,road_loopA_r1,3478.8,3621.8,143.0,1298.3,32.7,1
1553,suv,4.8,road_loopA_r0,road_loopA_r1,3493.1,3623.7,130.6,1297.9,35.8,1
1569,car,4.5,xloopA_0Aa,road_loopA_r1,3510.0,3625.0,115.0,506.5,15.9,1
1561,suv,4.8,road_loopA_r0,road_loopA_r1,3500.9,3625.3,124.4,1297.5,37.5,1
1567,car,4.5,road_loopA_r0,road_loopA_r1,3508.1,3627.0,118.9,1298.1,39.3,1
1579,car,4.5,road_loopA_r0,road_loopA_r1,3519.5,3628.9,109.4,1297.3,42.7,1
1539,truck,8.5,road_loopA_r0,road_loopA_r1,3479.6,3629.6,150.0,1298.2,31.1,1
1548,suv,4.8,road_loopA_r0,road_loopA_r1,3489.5,3630.2,140.7,1297.4,33.2,1
1583,car,4.5,road_loopA_r0,road_loopA_r1,3525.3,3632.5,107.2,1297.6,43.6,0
1584,suv,4.8,road_loopA_r0,xloopA_0Ab,3525.4,3634.3,108.9,869.3,28.7,1
1592,car,4.5,road_loopA_r0,road_loopA_r1,3535.4,3634.3,98.9,1298.5,47.2,0
1544,car,4.5,road_loopA_r0,road_loopA_r1,3484.2,3635.1,150.9,1297.3,30.9,1
1642,car,4.5,xloopA_0Ba,road_loopA_r1,3573.2,3635.8,62.6,476.3,27.4,0
1563,car,4.5,road_loopA_r0,road_loopA_r1,3505.8,3636.8,131.0,1298.6,35.7,1
1590,car,4.5,road_loopA_r0,road_loopA_r1,3530.4,3636.8,106.4,1298.0,43.9,0
1596,car,4.5,road_loopA_r0,road_loopA_r1,3537.4,3637.7,100.3,1297.5,46.6,0
1540,truck,8.5,road_loopA_r0,road_loopA_r1,3480.4,3638.0,157.6,1298.0,29.7,1
1560,car,4.5,road_loopA_r0,road_loopA_r1,3499.7,3638.8,139.1,1298.3,33.6,1
1556,suv,4.8,road_loopA_r0,road_loopA_r1,3495.1,3640.0,144.9,1298.4,32.3,1
1585,car,4.5,road_loopA_r0,road_loopA_r1,3527.8,3640.4,112.6,1298.5,41.5,0
1586,truck,8.5,road_loopA_r0,road_loopA_r1,3528.7,3640.5,111.8,1297.4,41.8,0
1559,suv,4.8,road_loopA_r0,road_loopA_r1,3498.4,3641.8,143.4,1297.6,32.6,1
1580,car,4.5,road_loopA_r0,road_loopA_r1,3522.9,3643.1,120.2,1298.3,38.9,0
1605,suv,4.8,road_loopA_r0,road_loopA_r1,3543.4,3643.3,99.9,1298.3,46.8,0
1565,suv,4.8,road_loopA_f0,road_loopA_f1,3506.3,3643.4,137.1,1303.4,34.2,1
1573,car,4.5,road_loopA_r0,road_loopA_r1,3511.6,3643.7,132.1,1298.3,35.4,1
1621,car,4.5,road_loopA_r0,road_loopA_r1,3553.5,3645.1,91.6,1298.6,51.0,0
1587,car,4.5,road_loopA_r0,road_loopA_r1,3528.9,3645.6,116.7,1298.5,40.1,0
1589,car,4.5,road_loopA_r0,road_loopA_r1,3530.2,3646.1,115.9,1298.0,40.3,0
1564,truck,8.5,road_loopA_f0,road_loopA_f1,3506.3,3646.8,140.5,1303.2,33.4,1
1593,car,4.5,road_loopA_r0,road_loopA_r1,3535.7,3647.4,111.7,1298.6,41.9,0
1610,suv,4.8,road_loopA_r0,road_loopA_r1,3545.9,3647.7,101.8,1297.6,45.9,0
1570,suv,4.8,road_loopA_f0,road_loopA_f1,3510.8,3647.8,137.0,1303.6,34.3,1
1622,car,4.5,road_loopA_r0,road_loopA_r1,3553.9,3648.3,94.4,1298.0,49.5,0
1568,car,4.5,road_loopA_f0,road_loopA_f1,3508.5,3648.9,140.4,1302.8,33.4,1
1603,suv,4.8,road_loopA_r0,road_loopA_r1,3542.0,3649.2,107.2,1298.2,43.6,0
1557,car,4.5,road_loopA_r0,road_loopA_r1,3497.4,3650.1,152.7,1298.4,30.6,1
1574,car,4.5,road_loopA_f0,road_loopA_f1,3512.5,3650.9,138.4,1304.1,33.9,1
1572,car,4.5,road_loopA_f0,road_loopA_f1,3511.4,3651.2,139.8,1303.9,33.6,1
1604,car,4.5,road_loopA_r0,road_loopA_r1,3542.2,3652.5,110.3,1297.4,42.4,0
1576,car,4.5,road_loopA_f0,road_loopA_f1,3517.9,3653.0,135.1,1303.1,34.7,1
1582,car,4.5,road_loopA_f0,road_loopA_f1,3525.1,3653.2,128.1,1303.9,36.6,1
1626,suv,4.8,road_loopA_r0,road_loopA_r1,3560.1,3654.0,93.9,1297.4,49.7,0
1591,suv,4.8,road_loopA_f0,road_loopA_f1,3532.2,3655.0,122.8,1304.1,38.2,1
1588,truck,8.5,road_loopA_r0,road_loopA_r1,3529.0,3655.3,126.3,1297.9,37.0,0
1594,car,4.5,road_loopA_f0,road_loopA_f1,3536.4,3655.7,119.3,1303.2,39.3,1
1602,suv,4.8,road_loopA_r0,road_loopA_r1,3541.3,3657.3,116.0,1297.3,40.3,0
1633,suv,4.8,road_loopA_r0,road_loopA_r1,3565.1,3657.3,92.2,1298.4,50.7,0
1595,suv,4.8,road_loopA_f0,road_loopA_f1,3537.4,3657.6,120.2,1303.5,39.0,1
1612,car,4.5,road_loopA_f0,road_loopA_f1,3546.5,3659.0,112.5,1304.0,41.7,1
1628,suv,4.8,road_loopA_r0,road_loopA_r1,3561.3,3659.0,97.7,1297.6,47.8,0
1634,car,4.5,road_loopA_r0,road_loopA_r1,3566.6,3659.1,92.5,1298.0,50.5,0
1577,car,4.5,road_loopA_f0,road_loopA_f1,3518.7,3660.3,141.6,1303.6,33.1,1
1635,car,4.5,road_loopA_r0,road_loopA_r1,3567.5,3660.3,92.8,1297.5,50.3,0
1566,car,4.5,road_loopA_f0,road_loopA_f1,3507.8,3661.4,153.6,1304.1,30.6,1
1663,car,4.5,road_loopA_r0,xloopA_0Ab,3593.3,3661.4,68.1,869.3,46.0,0
1637,car,4.5,road_loopA_r0,road_loopA_r1,3569.3,3662.3,93.0,1298.2,50.2,0
1616,car,4.5,road_loopA_r0,road_loopA_r1,3550.4,3662.4,112.0,1298.4,41.7,0
1581,suv,4.8,road_loopA_f0,road_loopA_f1,3524.5,3662.5,138.0,1303.0,34.0,1
1599,truck,8.5,road_loopA_f0,road_loopA_f1,3540.6,3662.5,121.9,1303.3,38.5,1
1571,car,4.5,road_loopA_f0,road_loopA_f1,3510.9,3663.9,153.0,1303.8,30.7,1
1627,car,4.5,road_loopA_f0,road_loopA_f1,3561.2,3665.7,104.5,1303.1,44.9,0
1625,car,4.5,road_loopA_f0,road_loopA_f1,3559.1,3666.2,107.1,1303.5,43.8,0
1640,car,4.5,road_loopA_r0,road_loopA_r1,3571.0,3667.6,96.6,1297.4,48.4,0
1632,car,4.5,road_loopA_f0,road_loopA_f1,3564.9,3668.0,103.1,1303.9,45.6,0
1629,car,4.5,road_loopA_f0,road_loopA_f1,3563.0,3668.7,105.7,1304.0,44.4,0
1641,car,4.5,road_loopA_r0,road_loopA_r1,3571.6,3669.4,97.8,1297.9,47.8,0
1648,suv,4.8,road_loopA_r0,road_loopA_r1,3579.5,3669.8,90.3,1298.1,51.8,0
1606,car,4.5,xloopA_0Aa,road_loopA_f1,3543.5,3670.2,126.7,872.2,24.8,0
1531,suv,4.8,road_loopA_r0,xloopA_0Bb,3470.3,3670.3,200.0,895.7,16.1,2
1600,suv,4.8,road_loopA_f0,xloopA_0Ab,3541.0,3671.0,130.0,505.6,14.0,1
1649,car,4.5,road_loopA_r0,road_loopA_r1,3580.5,3671.1,90.6,1298.4,51.6,0
1631,car,4.5,road_loopA_f0,road_loopA_f1,3563.2,3671.4,108.2,1303.8,43.4,0
1619,car,4.5,road_loopA_f0,road_loopA_f1,3552.3,3671.9,119.6,1303.6,39.2,0
1645,car,4.5,road_loopA_f0,road_loopA_f1,3575.6,3672.4,96.8,1303.7,48.5,0
1652,car,4.5,road_loopA_r0,road_loopA_r1,3581.3,3673.1,91.8,1298.4,50.9,0
1608,car,4.5,road_loopA_f0,xloopA_0Ab,3544.5,3673.6,129.1,505.4,14.1,1
1575,truck,8.5,road_loopA_r0,xloopA_0Bb,3516.1,3673.7,157.6,895.3,20.5,2
1636,suv,4.8,road_loopA_f0,road_loopA_f1,3569.1,3674.2,105.1,1303.5,44.7,0
1644,car,4.5,road_loopA_f0,road_loopA_f1,3574.9,3675.7,100.8,1303.3,46.5,0
1646,suv,4.8,road_loopA_f0,road_loopA_f1,3576.4,3675.9,99.5,1303.9,47.2,0
1614,car,4.5,road_loopA_f0,road_loopA_f1,3549.0,3676.1,127.1,1303.3,36.9,0
1653,car,4.5,road_loopA_r0,road_loopA_r1,3582.0,3676.3,94.3,1298.1,49.6,0
1609,truck,8.5,road_loopA_f0,xloopA_0Ab,3544.8,3677.0,132.2,505.0,13.8,1
1624,truck,8.5,road_loopA_r0,xloopA_0Bb,3555.1,3677.5,122.4,895.8,26.3,4
1522,bus,11.0,road_loopA_r0,road_loopA_r1,3463.8,3678.6,214.8,1297.6,21.8,3
1658,car,4.5,road_loopA_f0,road_loopA_f1,3586.2,3679.6,93.4,1303.4,50.2,0
1618,suv,4.8,road_loopA_f0,xloopA_0Ab,3552.3,3680.1,127.8,505.4,14.2,1
1657,car,4.5,road_loopA_f0,road_loopA_f1,3586.0,3680.1,94.1,1302.9,49.8,0
1630,car,4.5,road_loopA_r0,xloopA_0Bb,3563.1,3680.5,117.4,895.6,27.5,1
1654,car,4.5,road_loopA_r0,road_loopA_r1,3585.0,3682.9,97.9,1298.4,47.8,0
1647,car,4.5,xloopA_0Aa,xloopA_0Ab,3576.6,3685.6,109.0,84.3,2.8,1
1650,car,4.5,xloopA_0Ba,xloopA_0Bb,3581.2,3686.5,105.3,84.7,2.9,1
1664,car,4.5,road_loopA_f0,road_loopA_f1,3593.5,3687.3,93.8,1304.0,50.0,0
1651,car,4.5,road_loopA_r0,road_loopA_r1,3581.1,3687.8,106.7,1298.1,43.8,0
1675,car,4.5,xloopA_0Aa,xloopA_0Ab,3609.1,3688.2,79.1,84.6,3.8,1
1668,car,4.5,xloopA_0Ba,xloopA_0Bb,3599.6,3688.5,88.9,84.2,3.4,1
1655,suv,4.8,road_loopA_f0,road_loopA_f1,3585.2,3689.1,103.9,1303.2,45.1,0
1656,car,4.5,road_loopA_r0,road_loopA_r1,3585.6,3689.8,104.2,1298.0,44.9,0
1685,car,4.5,xloopA_0Aa,xloopA_0Ab,3616.4,3690.2,73.8,84.4,4.1,1
1672,car,4.5,xloopA_0Ba,xloopA_0Bb,3604.6,3690.7,86.1,84.2,3.5,1
1660,car,4.5,road_loopA_f0,road_loopA_f1,3589.2,3690.9,101.7,1303.8,46.2,0
1662,car,4.5,road_loopA_f0,road_loopA_f1,3593.2,3692.6,99.4,1304.1,47.3,0
1713,car,4.5,xloopA_0Aa,xloopA_0Ab,3638.2,3692.7,54.5,84.4,5.6,0
1673,car,4.5,xloopA_0Ba,xloopA_0Bb,3606.0,3693.2,87.2,84.5,3.5,0
1659,car,4.5,road_loopA_f0,road_loopA_f1,3587.6,3693.4,105.8,1303.6,44.3,0
1601,car,4.5,xloopA_0Ba,road_loopA_f1,3541.1,3694.2,153.1,902.7,21.2,0
1666,car,4.5,road_loopA_f0,road_loopA_f1,3596.2,3694.3,98.1,1303.5,47.8,0
1661,car,4.5,road_loopA_f0,road_loopA_f1,3590.1,3695.2,105.1,1303.4,44.6,0
1682,car,4.5,xloopA_0Ba,xloopA_0Bb,3614.9,3695.4,80.5,84.1,3.8,0
1712,car,4.5,xloopA_0Ba,xloopA_0Bb,3637.3,3697.3,60.0,84.2,5.1,0
1670,truck,8.5,road_loopA_f0,road_loopA_f1,3602.0,3698.6,96.6,1303.8,48.6,0
1750,car,4.5,xloopA_0Ba,xloopA_0Bb,3665.7,3699.3,33.6,84.5,9.1,0
1770,car,4.5,xloopA_0Ba,xloopA_0Bb,3679.3,3702.1,22.8,84.4,13.3,0
1665,car,4.5,road_loopA_f0,road_loopA_f1,3594.9,3702.6,107.7,1303.7,43.6,0
1669,car,4.5,road_loopA_f0,road_loopA_f1,3599.9,3704.3,104.4,1303.6,45.0,0
1684,car,4.5,road_loopA_f0,road_loopA_f1,3615.7,3705.0,89.3,1303.1,52.5,0
1639,car,4.5,road_loopA_r0,xloopA_0Ab,3570.8,3707.7,136.9,869.1,22.9,2
1686,car,4.5,road_loopA_f0,road_loopA_f1,3619.3,3713.1,93.8,1303.6,50.0,0
1689,suv,4.8,road_loopA_f0,road_loopA_f1,3623.1,3717.0,93.9,1303.1,49.9,0
1714,suv,4.8,road_loopA_f0,xloopA_0Bb,3638.2,3717.6,79.4,479.1,21.7,2
1735,car,4.5,road_loopA_f0,xloopA_0Bb,3655.3,3721.2,65.9,478.7,26.2,2
1607,bus,11.0,road_loopA_f0,road_loopA_f1,3544.0,3721.8,177.8,1302.8,26.4,2
1683,car,4.5,road_loopA_f0,road_loopA_f1,3615.7,3725.7,110.0,1303.8,42.7,0
1724,car,4.5,road_loopA_r0,xloopA_0Ab,3648.3,3728.4,80.1,869.3,39.1,1
1776,car,4.5,road_loopA_f0,xloopA_0Bb,3685.0,3729.7,44.7,478.8,38.6,0
1777,car,4.5,road_loopA_f0,xloopA_0Bb,3685.5,3733.0,47.5,478.6,36.3,0
1671,car,4.5,road_loopA_r0,road_loopA_r1,3602.9,3733.7,130.8,1297.5,35.7,1
1678,car,4.5,road_loopA_r0,road_loopA_r1,3612.3,3735.6,123.3,1298.3,37.9,1
1677,car,4.5,road_loopA_r0,road_loopA_r1,3611.5,3738.1,126.6,1297.9,36.9,1
1667,truck,8.5,road_loopA_r0,road_loopA_r1,3598.2,3742.1,143.9,1297.7,32.5,1
1690,car,4.5,road_loopA_r0,road_loopA_r1,3623.6,3744.1,120.5,1297.8,38.8,1
1679,car,4.5,road_loopA_r0,road_loopA_r1,3613.6,3744.3,130.7,1298.3,35.8,1
1702,car,4.5,road_loopA_r0,road_loopA_r1,3634.3,3746.2,111.9,1297.4,41.7,1
1687,suv,4.8,road_loopA_r0,road_loopA_r1,3620.3,3746.9,126.6,1297.5,36.9,1
1696,suv,4.8,road_loopA_r0,road_loopA_r1,3630.0,3750.4,120.4,1298.4,38.8,0
1803,truck,8.5,road_loopA_f0,xloopA_0Bb,3706.0,3751.5,45.5,478.9,37.9,0
1691,car,4.5,road_loopA_r0,road_loopA_r1,3626.1,3752.1,126.0,1297.8,37.1,1
1680,car,4.5,road_loopA_r0,road_loopA_r1,3614.5,3752.3,137.8,1297.9,33.9,0
1700,car,4.5,road_loopA_r0,road_loopA_r1,3632.7,3752.7,120.0,1297.3,38.9,1
1697,car,4.5,road_loopA_r0,road_loopA_r1,3630.4,3753.9,123.5,1298.3,37.8,1
1699,car,4.5,road_loopA_r0,road_loopA_r1,3630.9,3754.0,123.1,1297.7,37.9,0
1771,car,4.5,road_loopA_r0,xloopA_0Ab,3679.7,3754.1,74.4,869.1,42.1,0
1703,suv,4.8,road_loopA_r0,road_loopA_r1,3634.3,3755.6,121.3,1297.4,38.5,1
1720,car,4.5,road_loopA_r0,road_loopA_r1,3644.3,3755.7,111.4,1298.1,41.9,0
1710,car,4.5,road_loopA_r0,road_loopA_r1,3636.2,3756.7,120.5,1297.6,38.8,0
1701,car,4.5,road_loopA_r0,road_loopA_r1,3633.4,3757.8,124.4,1297.4,37.5,0
1719,car,4.5,road_loopA_r0,road_loopA_r1,3643.5,3757.9,114.4,1297.9,40.8,0
1722,car,4.5,road_loopA_r0,road_loopA_r1,3646.5,3758.2,111.7,1297.5,41.8,0
1739,suv,4.8,road_loopA_r0,road_loopA_r1,3659.0,3759.0,100.0,1297.8,46.7,0
1725,suv,4.8,road_loopA_r0,road_loopA_r1,3649.1,3760.5,111.4,1298.1,42.0,0
1730,car,4.5,road_loopA_r0,road_loopA_r1,3650.5,3761.1,110.6,1298.3,42.3,0
1729,suv,4.8,road_loopA_r0,road_loopA_r1,3650.0,3762.4,112.4,1297.9,41.6,0
1743,car,4.5,road_loopA_r0,road_loopA_r1,3661.9,3763.2,101.3,1298.5,46.1,0
1718,car,4.5,road_loopA_r0,road_loopA_r1,3641.4,3763.3,121.9,1298.1,38.4,1
1736,car,4.5,road_loopA_r0,road_loopA_r1,3655.4,3764.2,108.8,1297.9,43.0,0
1746,car,4.5,road_loopA_r0,road_loopA_r1,3664.1,3764.9,100.8,1297.9,46.4,0
1751,car,4.5,road_loopA_r0,road_loopA_r1,3667.0,3766.7,99.7,1297.7,46.9,0
1726,truck,8.5,road_loopA_r0,road_loopA_r1,3649.4,3767.2,117.8,1298.2,39.7,0
1754,suv,4.8,road_loopA_r0,road_loopA_r1,3668.5,3768.6,100.1,1298.3,46.7,0
1744,car,4.5,road_loopA_r0,road_loopA_r1,3662.6,3769.2,106.6,1298.3,43.9,0
1694,truck,8.5,road_loopA_f0,road_loopA_f1,3628.2,3769.9,141.7,1303.0,33.1,1
1717,car,4.5,road_loopA_r0,road_loopA_r1,3640.3,3770.0,129.7,1297.4,36.0,1
1749,car,4.5,road_loopA_r0,road_loopA_r1,3665.2,3770.9,105.7,1297.6,44.2,0
1752,car,4.5,road_loopA_r0,road_loopA_r1,3667.2,3771.4,104.2,1298.0,44.9,0
1708,car,4.5,road_loopA_r0,road_loopA_r1,3635.3,3772.0,136.7,1297.9,34.2,1
1707,car,4.5,road_loopA_f0,road_loopA_f1,3635.4,3772.0,136.6,1304.1,34.4,1
1692,car,4.5,road_loopA_f0,road_loopA_f1,3626.8,3772.1,145.3,1303.4,32.3,1
1698,car,4.5,road_loopA_f0,road_loopA_f1,3630.7,3772.8,142.1,1303.5,33.0,1
1756,car,4.5,road_loopA_r0,road_loopA_r1,3669.7,3773.3,103.6,1297.9,45.1,0
1798,suv,4.8,road_loopA_r0,xloopA_0Ab,3702.0,3773.4,71.4,869.3,43.9,0
1723,car,4.5,road_loopA_f0,road_loopA_f1,3646.7,3773.7,127.0,1303.0,36.9,1
1773,car,4.5,road_loopA_r0,road_loopA_r1,3682.0,3774.6,92.6,1297.6,50.5,0
1760,car,4.5,road_loopA_r0,road_loopA_r1,3672.6,3775.3,102.7,1298.1,45.5,0
1728,car,4.5,road_loopA_f0,road_loopA_f1,3649.9,3775.6,125.7,1303.8,37.3,1
1764,car,4.5,road_loopA_r0,road_loopA_r1,3676.6,3777.1,100.5,1298.4,46.5,0
1772,car,4.5,road_loopA_r0,road_loopA_r1,3680.2,3777.2,97.0,1298.6,48.2,0
1732,suv,4.8,road_loopA_f0,road_loopA_f1,3652.4,3777.3,124.9,1303.4,37.6,1
1763,car,4.5,road_loopA_r0,road_loopA_r1,3675.7,3777.4,101.7,1297.9,45.9,0
1693,car,4.5,road_loopA_f0,road_loopA_f1,3626.9,3777.9,151.0,1303.2,31.1,1
1716,suv,4.8,road_loopA_f0,road_loopA_f1,3639.1,3779.5,140.4,1303.7,33.4,1
1695,truck,8.5,road_loopA_f0,road_loopA_f1,3629.0,3780.3,151.3,1303.1,31.0,1
1715,car,4.5,road_loopA_f0,road_loopA_f1,3639.0,3781.0,142.0,1304.2,33.1,1
1768,suv,4.8,road_loopA_r0,road_loopA_r1,3677.8,3781.5,103.7,1297.3,45.0,0
1733,suv,4.8,road_loopA_f0,road_loopA_f1,3652.8,3782.1,129.3,1303.3,36.3,1
1780,suv,4.8,road_loopA_r0,road_loopA_r1,3686.3,3782.2,95.9,1298.0,48.7,0
1758,suv,4.8,road_loopA_r0,road_loopA_r1,3671.2,3782.5,111.3,1298.1,42.0,0
1705,car,4.5,road_loopA_f0,road_loopA_f1,3635.2,3782.9,147.7,1302.9,31.8,1
1779,car,4.5,road_loopA_r0,road_loopA_r1,3685.9,3783.3,97.4,1298.5,48.0,0
1711,suv,4.8,road_loopA_f0,road_loopA_f1,3637.1,3783.9,146.8,1302.8,32.0,1
1740,car,4.5,road_loopA_f0,road_loopA_f1,3660.2,3783.9,123.7,1303.6,37.9,1
1769,truck,8.5,road_loopA_r0,road_loopA_r1,3679.2,3784.8,105.6,1297.7,44.2,0
1781,suv,4.8,road_loopA_r0,road_loopA_r1,3686.7,3785.1,98.4,1298.5,47.5,0
1727,suv,4.8,road_loopA_f0,road_loopA_f1,3649.9,3785.2,135.3,1303.7,34.7,1
1753,suv,4.8,road_loopA_f0,road_loopA_f1,3667.4,3785.7,118.3,1303.7,39.7,1
1785,car,4.5,road_loopA_r0,road_loopA_r1,3689.6,3786.2,96.6,1298.0,48.4,0
1784,car,4.5,road_loopA_r0,road_loopA_r1,3688.7,3787.2,98.5,1298.1,47.4,0
1747,truck,8.5,road_loopA_f0,road_loopA_f1,3664.5,3787.3,122.8,1303.1,38.2,1
1759,car,4.5,road_loopA_f0,road_loopA_f1,3671.6,3787.5,115.9,1304.0,40.5,1
1681,car,4.5,road_loopA_r0,xloopA_0Bb,3614.7,3788.4,173.7,895.4,18.6,1
1790,suv,4.8,road_loopA_r0,road_loopA_r1,3694.4,3788.7,94.3,1298.6,49.6,0
1620,suv,4.8,road_loopA_f0,xloopA_0Ab,3552.9,3789.0,236.1,505.4,7.7,2
1767,car,4.5,road_loopA_f0,road_loopA_f1,3677.4,3789.1,111.7,1303.9,42.0,0
1734,car,4.5,road_loopA_f0,road_loopA_f1,3652.9,3789.4,136.5,1302.9,34.4,1
1794,car,4.5,road_loopA_r0,road_loopA_r1,3698.1,3790.4,92.3,1297.9,50.6,0
1782,car,4.5,road_loopA_r0,road_loopA_r1,3688.1,3790.6,102.5,1298.2,45.6,0
1742,car,4.5,road_loopA_r0,xloopA_0Bb,3661.6,3791.0,129.4,895.4,24.9,1
1674,suv,4.8,road_loopA_f0,xloopA_0Ab,3607.8,3791.7,183.9,505.6,9.9,2
1737,car,4.5,road_loopA_f0,road_loopA_f1,3656.1,3792.7,136.6,1303.3,34.4,1
1778,suv,4.8,road_loopA_f0,road_loopA_f1,3685.9,3793.3,107.4,1304.2,43.7,0
1797,car,4.5,road_loopA_r0,road_loopA_r1,3702.0,3793.4,91.4,1297.6,51.1,0
1757,car,4.5,road_loopA_f0,xloopA_0Ab,3670.9,3794.3,123.4,505.0,14.7,1
1738,car,4.5,xloopA_0Aa,road_loopA_f1,3656.5,3794.6,138.1,872.3,22.7,0
1765,truck,8.5,road_loopA_f0,road_loopA_f1,3677.3,3795.0,117.7,1303.3,39.9,0
1800,car,4.5,road_loopA_r0,road_loopA_r1,3703.3,3795.2,91.9,1298.7,50.9,0
1793,car,4.5,road_loopA_r0,road_loopA_r1,3696.4,3795.8,99.4,1298.1,47.0,0
1688,suv,4.8,road_loopA_f0,road_loopA_f1,3622.6,3796.3,173.7,1303.5,27.0,1
1775,car,4.5,road_loopA_f0,road_loopA_f1,3682.5,3797.0,114.5,1303.0,41.0,0
1788,suv,4.8,road_loopA_f0,xloopA_0Ab,3692.7,3797.0,104.3,505.2,17.4,1
1804,suv,4.8,road_loopA_r0,road_loopA_r1,3707.8,3797.0,89.2,1297.5,52.3,0
1791,car,4.5,road_loopA_f0,road_loopA_f1,3694.6,3797.1,102.5,1303.0,45.8,0
1704,car,4.5,road_loopA_f0,road_loopA_f1,3634.6,3798.0,163.4,1304.0,28.7,1
1786,suv,4.8,road_loopA_f0,road_loopA_f1,3689.8,3798.7,108.9,1303.0,43.1,0
1766,car,4.5,road_loopA_r0,road_loopA_r1,3677.2,3798.8,121.6,1297.8,38.4,0
1802,car,4.5,road_loopA_r0,road_loopA_r1,3705.5,3799.5,94.0,1297.4,49.7,0
1706,car,4.5,road_loopA_f0,road_loopA_f1,3635.2,3799.6,164.4,1303.2,28.5,1
1805,suv,4.8,road_loopA_f0,xloopA_0Ab,3708.8,3799.7,90.9,504.9,20.0,1
1795,car,4.5,road_loopA_f0,road_loopA_f1,3698.5,3799.9,101.4,1304.0,46.3,0
1801,car,4.5,road_loopA_r0,road_loopA_r1,3704.2,3800.4,96.2,1298.0,48.6,0
1741,car,4.5,road_loopA_f0,road_loopA_f1,3661.6,3801.2,139.6,1303.1,33.6,1
1721,suv,4.8,road_loopA_f0,road_loopA_f1,3645.1,3801.3,156.2,1303.4,30.0,1
1808,car,4.5,road_loopA_r0,road_loopA_r1,3710.9,3802.6,91.7,1298.2,51.0,0
1731,car,4.5,road_loopA_f0,road_loopA_f1,3652.3,3803.1,150.8,1303.6,31.1,1
1787,suv,4.8,road_loopA_f0,road_loopA_f1,3690.7,3803.4,112.7,1303.6,41.6,0
1809,suv,4.8,road_loopA_r0,road_loopA_r1,3714.1,3803.5,89.4,1298.3,52.3,0
1755,car,4.5,road_loopA_f0,road_loopA_f1,3669.0,3803.6,134.6,1303.6,34.9,0
1806,car,4.5,road_loopA_f0,road_loopA_f1,3709.2,3804.1,94.9,1303.1,49.5,0
1748,car,4.5,road_loopA_f0,road_loopA_f1,3665.2,3805.1,139.9,1303.0,33.5,1
1792,car,4.5,road_loopA_f0,road_loopA_f1,3694.7,3806.0,111.3,1303.0,42.1,0
1813,car,4.5,xloopA_0Aa,xloopA_0Ab,3717.2,3806.0,88.8,84.3,3.4,1
1745,bus,11.0,road_loopA_r0,road_loopA_r1,3662.8,3806.8,144.0,1297.8,32.4,1
1762,car,4.5,road_loopA_f0,road_loopA_f1,3675.5,3806.9,131.4,1303.1,35.7,0
1811,car,4.5,road_loopA_f0,road_loopA_f1,3715.7,3807.1,91.4,1303.3,51.3,0
1709,bus,11.0,road_loopA_r0,road_loopA_r1,3635.4,3807.2,171.8,1297.5,27.2,2
1829,car,4.5,xloopA_0Aa,xloopA_0Ab,3735.2,3808.4,73.2,84.2,4.1,1
1816,car,4.5,road_loopA_f0,road_loopA_f1,3721.4,3810.9,89.5,1303.1,52.4,0
1892,car,4.5,xloopA_0Ba,xloopA_0Bb,3787.0,3811.1,24.1,84.5,12.6,0
1851,car,4.5,xloopA_0Aa,xloopA_0Ab,3752.4,3811.1,58.7,84.3,5.2,0
1796,truck,8.5,road_loopA_f0,road_loopA_f1,3700.3,3812.7,112.4,1303.3,41.8,0
1899,car,4.5,xloopA_0Ba,xloopA_0Bb,3790.9,3813.2,22.3,84.1,13.6,0
1888,car,4.5,xloopA_0Aa,xloopA_0Ab,3782.6,3813.2,30.6,84.4,9.9,0
1815,suv,4.8,road_loopA_f0,road_loopA_f1,3720.9,3814.2,93.3,1303.8,50.3,0
1807,suv,4.8,road_loopA_f0,road_loopA_f1,3709.5,3814.8,105.3,1303.4,44.5,0
1902,car,4.5,xloopA_0Aa,xloopA_0Ab,3793.8,3815.1,21.3,84.3,14.3,0
1789,suv,4.8,road_loopA_f0,road_loopA_f1,3692.7,3816.7,124.0,1303.8,37.9,0
1774,car,4.5,road_loopA_f0,road_loopA_f1,3682.4,3820.9,138.5,1303.0,33.9,0
1824,suv,4.8,road_loopA_f0,road_loopA_f1,3730.9,3821.5,90.6,1303.1,51.8,0
1783,truck,8.5,road_loopA_r0,xloopA_0Ab,3688.4,3821.8,133.4,869.2,23.5,2
1846,car,4.5,road_loopA_f0,xloopA_0Bb,3746.4,3822.0,75.6,478.5,22.8,1
1830,car,4.5,road_loopA_f0,road_loopA_f1,3735.4,3825.4,90.0,1302.8,52.1,0
1822,car,4.5,road_loopA_f0,road_loopA_f1,3728.4,3827.3,98.9,1303.8,47.4,0
1828,suv,4.8,road_loopA_r0,xloopA_0Ab,3733.1,3829.9,96.8,869.5,32.3,1
1875,car,4.5,road_loopA_f0,xloopA_0Bb,3766.8,3830.1,63.3,478.6,27.2,1
1841,car,4.5,road_loopA_r0,xloopA_0Ab,3742.2,3833.5,91.3,869.2,34.3,0
1839,car,4.5,road_loopA_f0,road_loopA_f1,3739.8,3833.8,94.0,1303.5,49.9,0
1823,suv,4.8,road_loopA_f0,road_loopA_f1,3729.8,3843.7,113.9,1303.5,41.2,0
1826,suv,4.8,road_loopA_f0,road_loopA_f1,3731.3,3845.6,114.3,1303.1,41.0,0
1924,suv,4.8,road_loopA_f0,xloopA_0Bb,3808.8,3848.9,40.1,479.0,43.0,0
1810,car,4.5,road_loopA_r0,road_loopA_r1,3714.3,3849.5,135.2,1297.3,34.5,1
1818,car,4.5,road_loopA_r0,road_loopA_r1,3724.1,3850.7,126.6,1297.4,36.9,1
1928,car,4.5,road_loopA_f0,xloopA_0Bb,3811.2,3852.2,41.0,478.6,42.0,0
1853,car,4.5,xloopA_0Ba,road_loopA_r1,3753.6,3854.2,100.6,476.6,17.1,1
1814,truck,8.5,road_loopA_r0,road_loopA_r1,3719.4,3856.2,136.8,1297.3,34.1,1
1834,car,4.5,road_loopA_r0,road_loopA_r1,3736.9,3857.5,120.6,1297.4,38.7,1
1842,car,4.5,road_loopA_r0,road_loopA_r1,3742.3,3859.9,117.6,1297.5,39.7,1
1852,car,4.5,road_loopA_r0,road_loopA_r1,3752.7,3862.5,109.8,1298.1,42.5,0
1884,car,4.5,xloopA_0Ba,road_loopA_r1,3781.2,3864.1,82.9,476.7,20.7,0
1848,car,4.5,xloopA_0Aa,road_loopA_r1,3748.6,3864.4,115.8,507.0,15.8,1
1799,suv,4.8,road_loopA_r0,road_loopA_r1,3703.2,3865.9,162.7,1297.9,28.7,1
1819,car,4.5,road_loopA_r0,road_loopA_r1,3725.9,3866.1,140.2,1297.5,33.3,1
1838,truck,8.5,road_loopA_r0,road_loopA_r1,3738.1,3866.3,128.2,1297.6,36.4,1
1820,suv,4.8,road_loopA_r0,road_loopA_r1,3728.1,3867.6,139.5,1297.5,33.5,1
1825,suv,4.8,road_loopA_r0,road_loopA_r1,3731.1,3867.8,136.7,1298.1,34.2,1
1849,car,4.5,road_loopA_r0,road_loopA_r1,3748.7,3867.9,119.2,1298.2,39.2,1
1827,car,4.5,road_loopA_r0,road_loopA_r1,3732.6,3869.4,136.8,1298.4,34.2,1
1835,car,4.5,road_loopA_r0,road_loopA_r1,3737.1,3869.5,132.4,1297.7,35.3,1
1843,car,4.5,road_loopA_r0,road_loopA_r1,3743.6,3869.7,126.1,1297.3,37.0,1
1832,car,4.5,road_loopA_r0,road_loopA_r1,3736.0,3871.1,135.1,1297.6,34.6,1
1833,car,4.5,road_loopA_r0,road_loopA_r1,3736.4,3871.5,135.1,1298.1,34.6,1
1863,car,4.5,road_loopA_r0,road_loopA_r1,3761.3,3871.5,110.2,1297.8,42.4,0
1831,car,4.5,road_loopA_r0,road_loopA_r1,3735.4,3873.1,137.7,1298.3,34.0,1
1836,suv,4.8,road_loopA_r0,road_loopA_r1,3737.0,3873.2,136.2,1298.3,34.3,0
1871,car,4.5,road_loopA_r0,road_loopA_r1,3765.3,3873.9,108.6,1298.5,43.0,0
1858,car,4.5,road_loopA_r0,road_loopA_r1,3756.5,3874.8,118.3,1298.4,39.5,0
1847,car,4.5,road_loopA_f0,road_loopA_f1,3747.3,3874.9,127.6,1303.5,36.8,1
1855,car,4.5,road_loopA_r0,road_loopA_r1,3754.2,3875.0,120.8,1297.9,38.7,0
1867,car,4.5,road_loopA_r0,road_loopA_r1,3762.5,3876.6,114.1,1297.9,41.0,0
1891,car,4.5,road_loopA_r0,road_loopA_r1,3786.3,3877.1,90.8,1297.6,51.5,0
1873,truck,8.5,road_loopA_r0,road_loopA_r1,3765.8,3877.3,111.5,1298.0,41.9,0
1844,car,4.5,road_loopA_f0,road_loopA_f1,3744.7,3877.8,133.1,1303.1,35.3,1
1857,car,4.5,road_loopA_f0,road_loopA_f1,3755.1,3878.2,123.1,1303.5,38.1,1
1840,car,4.5,road_loopA_f0,road_loopA_f1,3741.9,3878.4,136.5,1303.6,34.4,1
1872,car,4.5,road_loopA_r0,road_loopA_r1,3765.4,3878.4,113.0,1297.9,41.4,0
1880,car,4.5,road_loopA_r0,road_loopA_r1,3776.6,3879.4,102.8,1297.9,45.4,0
1893,car,4.5,road_loopA_r0,road_loopA_r1,3787.3,3879.8,92.5,1298.0,50.5,0
1845,suv,4.8,road_loopA_f0,road_loopA_f1,3745.8,3880.1,134.3,1304.2,35.0,1
1877,car,4.5,road_loopA_r0,road_loopA_r1,3771.5,3880.1,108.6,1297.3,43.0,0
1881,car,4.5,road_loopA_r0,road_loopA_r1,3778.4,3881.5,103.1,1298.1,45.3,0
1821,car,4.5,road_loopA_r0,road_loopA_r1,3728.1,3881.6,153.5,1298.0,30.4,1
1878,suv,4.8,road_loopA_r0,road_loopA_r1,3773.3,3881.9,108.6,1297.8,43.0,0
1850,truck,8.5,road_loopA_f0,road_loopA_f1,3750.2,3882.3,132.1,1304.0,35.5,1
1856,car,4.5,road_loopA_f0,road_loopA_f1,3754.5,3883.2,128.7,1303.2,36.5,1
1817,bus,11.0,road_loopA_r0,road_loopA_r1,3723.7,3884.1,160.4,1298.2,29.1,2
1894,suv,4.8,road_loopA_r0,road_loopA_r1,3788.4,3884.1,95.7,1298.6,48.9,0
1864,car,4.5,road_loopA_f0,road_loopA_f1,3761.9,3884.4,122.5,1303.7,38.3,1
1860,suv,4.8,road_loopA_f0,road_loopA_f1,3757.4,3884.8,127.4,1304.1,36.8,1
1874,suv,4.8,road_loopA_f0,road_loopA_f1,3766.2,3885.9,119.7,1303.0,39.2,1
1903,suv,4.8,road_loopA_r0,road_loopA_r1,3794.3,3886.9,92.6,1297.7,50.5,0
1862,truck,8.5,road_loopA_f0,road_loopA_f1,3759.2,3887.2,128.0,1304.0,36.7,1
1879,car,4.5,road_loopA_r0,road_loopA_r1,3776.4,3887.4,111.0,1298.0,42.1,0
1854,suv,4.8,road_loopA_f0,road_loopA_f1,3753.9,3887.8,133.9,1303.7,35.0,1
1883,car,4.5,road_loopA_f0,road_loopA_f1,3778.9,3887.8,108.9,1304.2,43.1,1
1866,car,4.5,road_loopA_f0,road_loopA_f1,3762.5,3889.8,127.3,1303.5,36.9,1
1890,car,4.5,road_loopA_f0,road_loopA_f1,3785.2,3890.1,104.9,1303.0,44.7,0
1837,bus,11.0,road_loopA_r0,road_loopA_r1,3737.8,3890.6,152.8,1298.1,30.6,2
1887,car,4.5,road_loopA_r0,road_loopA_r1,3782.4,3890.7,108.3,1297.4,43.1,0
1913,suv,4.8,road_loopA_r0,road_loopA_r1,3801.0,3890.9,89.9,1297.8,52.0,0
1861,suv,4.8,road_loopA_f0,road_loopA_f1,3758.3,3892.1,133.8,1303.9,35.1,1
1889,car,4.5,road_loopA_f0,road_loopA_f1,3783.9,3892.8,108.9,1303.2,43.1,0
1905,car,4.5,road_loopA_r0,road_loopA_r1,3795.6,3892.8,97.2,1298.4,48.1,0
1915,car,4.5,road_loopA_r0,road_loopA_r1,3802.0,3893.4,91.4,1298.0,51.1,0
1886,car,4.5,road_loopA_f0,road_loopA_f1,3782.4,3893.8,111.4,1303.8,42.1,0
1865,truck,8.5,road_loopA_f0,road_loopA_f1,3762.1,3894.1,132.0,1303.8,35.6,1
1895,car,4.5,road_loopA_f0,road_loopA_f1,3789.3,3894.6,105.3,1302.8,44.6,0
1919,car,4.5,road_loopA_r0,road_loopA_r1,3806.3,3895.7,89.4,1298.1,52.3,0
1869,suv,4.8,road_loopA_f0,road_loopA_f1,3764.0,3896.0,132.0,1303.2,35.6,1
1876,car,4.5,road_loopA_f0,road_loopA_f1,3768.5,3897.9,129.4,1303.2,36.3,1
1908,suv,4.8,road_loopA_r0,road_loopA_r1,3797.9,3899.5,101.6,1297.9,46.0,0
1917,car,4.5,road_loopA_f0,road_loopA_f1,3803.4,3899.7,96.3,1303.9,48.8,0
1859,truck,8.5,road_loopA_r0,xloopA_0Bb,3757.2,3902.1,144.9,895.8,22.3,2
1812,truck,8.5,road_loopA_f0,xloopA_0Ab,3715.7,3902.7,187.0,505.5,9.7,2
1906,car,4.5,road_loopA_f0,road_loopA_f1,3796.0,3902.9,106.9,1303.6,43.9,0
1927,car,4.5,road_loopA_r0,road_loopA_r1,3810.8,3904.3,93.5,1297.6,50.0,0
1896,truck,8.5,road_loopA_f0,road_loopA_f1,3790.2,3904.6,114.4,1303.3,41.0,0
1868,car,4.5,road_loopA_f0,xloopA_0Ab,3762.8,3905.6,142.8,505.1,12.7,1
1904,car,4.5,road_loopA_f0,road_loopA_f1,3794.6,3906.2,111.6,1303.5,42.0,0
1898,car,4.5,road_loopA_f0,road_loopA_f1,3790.8,3906.6,115.8,1302.9,40.5,0
1914,suv,4.8,road_loopA_r0,road_loopA_r1,3801.1,3906.7,105.6,1298.0,44.2,0
1901,suv,4.8,road_loopA_f0,road_loopA_f1,3793.8,3908.2,114.4,1303.7,41.0,0
1870,car,4.5,road_loopA_f0,xloopA_0Ab,3765.0,3908.3,143.3,505.4,12.7,1
1885,truck,8.5,road_loopA_f0,road_loopA_f1,3781.5,3909.9,128.4,1303.5,36.6,0
1882,suv,4.8,road_loopA_f0,xloopA_0Ab,3778.6,3911.0,132.4,505.6,13.7,1
1916,car,4.5,road_loopA_f0,road_loopA_f1,3802.1,3911.9,109.8,1303.0,42.7,0
1922,truck,8.5,road_loopA_r0,road_loopA_r1,3808.1,3912.6,104.5,1297.3,44.7,0
1897,truck,8.5,road_loopA_f0,road_loopA_f1,3790.2,3913.0,122.8,1303.5,38.2,0
1907,suv,4.8,road_loopA_f0,road_loopA_f1,3797.3,3913.7,116.4,1303.8,40.3,0
1920,truck,8.5,road_loopA_r0,road_loopA_r1,3806.6,3914.2,107.6,1298.2,43.4,0
1940,car,4.5,road_loopA_r0,road_loopA_r1,3816.7,3914.6,97.9,1298.4,47.7,0
1900,car,4.5,road_loopA_f0,road_loopA_f1,3791.8,3914.9,123.1,1303.7,38.1,0
1911,car,4.5,road_loopA_f0,road_loopA_f1,3799.3,3915.0,115.7,1302.9,40.5,0
1933,car,4.5,xloopA_0Ba,xloopA_0Bb,3813.8,3915.8,102.0,84.5,3.0,1
1921,truck,8.5,road_loopA_f0,road_loopA_f1,3807.3,3916.2,108.9,1302.9,43.1,0
1910,car,4.5,road_loopA_f0,road_loopA_f1,3798.8,3916.6,117.8,1304.0,39.8,0
1918,car,4.5,road_loopA_f0,road_loopA_f1,3806.0,3916.7,110.7,1303.4,42.4,0
1944,suv,4.8,road_loopA_r0,road_loopA_r1,3827.4,3916.8,89.4,1298.1,52.2,0
1926,car,4.5,road_loopA_f0,road_loopA_f1,3810.5,3918.4,107.9,1303.2,43.5,0
1912,car,4.5,xloopA_0Aa,xloopA_0Ab,3799.6,3918.8,119.2,84.3,2.5,1
1925,truck,8.5,road_loopA_f0,road_loopA_f1,3809.7,3918.8,109.1,1303.9,43.0,0
1978,car,4.5,xloopA_0Ba,xloopA_0Bb,3858.1,3919.7,61.6,84.3,4.9,1
1923,car,4.5,road_loopA_f0,road_loopA_f1,3808.4,3920.1,111.7,1302.9,42.0,0
1909,car,4.5,road_loopA_f0,road_loopA_f1,3798.4,3920.6,122.2,1302.8,38.4,0
1929,truck,8.5,road_loopA_f0,road_loopA_f1,3812.0,3921.2,109.2,1303.6,43.0,0
2003,car,4.5,xloopA_0Ba,xloopA_0Bb,3892.3,3921.9,29.6,84.3,10.2,1
1936,car,4.5,road_loopA_f0,road_loopA_f1,3814.7,3922.4,107.7,1303.6,43.6,0
1930,car,4.5,road_loopA_f0,road_loopA_f1,3812.0,3922.5,110.5,1304.0,42.5,0
1976,car,4.5,xloopA_0Aa,xloopA_0Ab,3857.7,3923.2,65.5,84.1,4.6,1
1935,car,4.5,road_loopA_f0,road_loopA_f1,3814.6,3923.3,108.7,1303.7,43.2,0
1937,car,4.5,road_loopA_f0,road_loopA_f1,3815.7,3924.0,108.3,1302.8,43.3,0
2013,car,4.5,xloopA_0Ba,xloopA_0Bb,3900.1,3924.2,24.1,84.6,12.7,0
1942,car,4.5,road_loopA_f0,road_loopA_f1,3819.3,3924.9,105.6,1303.2,44.4,0
1938,suv,4.8,road_loopA_f0,road_loopA_f1,3815.8,3925.0,109.2,1303.0,43.0,0
1939,car,4.5,road_loopA_f0,road_loopA_f1,3816.3,3926.8,110.5,1303.3,42.5,0
2006,car,4.5,xloopA_0Aa,xloopA_0Ab,3895.3,3927.3,32.0,84.4,9.5,0
1943,truck,8.5,road_loopA_f0,road_loopA_f1,3823.6,3927.8,104.2,1303.2,45.0,0
1941,car,4.5,road_loopA_f0,road_loopA_f1,3818.6,3928.5,109.9,1303.2,42.7,0
1951,car,4.5,road_loopA_f0,road_loopA_f1,3834.7,3929.8,95.1,1303.3,49.4,0
1945,car,4.5,road_loopA_f0,road_loopA_f1,3830.5,3931.4,100.9,1303.9,46.5,0
1934,car,4.5,road_loopA_f0,road_loopA_f1,3814.3,3932.5,118.2,1303.3,39.7,0
2040,car,4.5,xloopA_0Ba,xloopA_0Bb,3922.3,3933.1,10.8,84.7,28.3,0
1948,car,4.5,road_loopA_f0,road_loopA_f1,3832.9,3933.2,100.3,1302.8,46.8,0
1949,truck,8.5,road_loopA_f0,road_loopA_f1,3833.0,3934.2,101.2,1303.6,46.4,0
1950,car,4.5,road_loopA_f0,road_loopA_f1,3833.3,3934.9,101.6,1303.3,46.2,0
1947,car,4.5,road_loopA_f0,road_loopA_f1,3831.6,3936.6,105.0,1303.1,44.7,0
1952,car,4.5,road_loopA_f0,road_loopA_f1,3838.1,3936.7,98.6,1303.2,47.6,0
1959,car,4.5,road_loopA_f0,road_loopA_f1,3844.5,3938.0,93.5,1304.1,50.2,0
1981,car,4.5,road_loopA_r0,xloopA_0Ab,3860.7,3938.1,77.4,869.1,40.4,0
1954,car,4.5,road_loopA_f0,road_loopA_f1,3839.8,3938.5,98.7,1303.6,47.5,0
1958,suv,4.8,road_loopA_f0,road_loopA_f1,3843.7,3940.3,96.6,1304.0,48.6,0
1964,suv,4.8,road_loopA_f0,road_loopA_f1,3847.9,3941.6,93.7,1303.5,50.1,0
1957,car,4.5,road_loopA_f0,road_loopA_f1,3842.9,3943.7,100.8,1304.0,46.6,0
1983,car,4.5,road_loopA_f0,xloopA_0Bb,3866.3,3948.3,82.0,478.8,21.0,2
1970,car,4.5,road_loopA_r0,xloopA_0Ab,3852.4,3949.0,96.6,869.1,32.4,1
2009,car,4.5,road_loopA_f0,xloopA_0Bb,3896.4,3952.0,55.6,478.7,31.0,1
1968,suv,4.8,road_loopA_f0,road_loopA_f1,3849.9,3956.6,106.7,1303.2,44.0,0
2029,truck,8.5,road_loopA_f0,xloopA_0Bb,3917.8,3963.4,45.6,478.6,37.8,0
1953,car,4.5,road_loopA_r0,road_loopA_r1,3838.7,3965.9,127.2,1297.3,36.7,1
1962,car,4.5,road_loopA_r0,road_loopA_r1,3847.7,3967.3,119.6,1298.6,39.1,1
1956,car,4.5,road_loopA_r0,road_loopA_r1,3841.8,3970.2,128.4,1297.7,36.4,1
1973,car,4.5,road_loopA_r0,road_loopA_r1,3854.0,3971.6,117.6,1297.5,39.7,1
1967,car,4.5,road_loopA_r0,road_loopA_r1,3848.9,3973.4,124.5,1298.0,37.5,1
1980,car,4.5,road_loopA_r0,road_loopA_r1,3859.2,3974.8,115.6,1298.1,40.4,1
1974,car,4.5,road_loopA_r0,road_loopA_r1,3854.4,3975.2,120.8,1298.5,38.7,1
1963,suv,4.8,road_loopA_r0,road_loopA_r1,3847.7,3976.8,129.1,1297.6,36.2,1
1979,car,4.5,xloopA_0Aa,road_loopA_r1,3859.0,3977.4,118.4,506.7,15.4,0
1984,car,4.5,road_loopA_r0,road_loopA_r1,3866.3,3978.6,112.3,1297.9,41.6,0
1986,car,4.5,road_loopA_r0,road_loopA_r1,3866.9,3980.4,113.5,1298.1,41.2,0
1997,suv,4.8,road_loopA_r0,road_loopA_r1,3882.0,3980.8,98.8,1298.1,47.3,0
1991,car,4.5,road_loopA_r0,road_loopA_r1,3873.3,3982.3,109.0,1297.8,42.9,0
2004,car,4.5,road_loopA_r0,road_loopA_r1,3892.6,3983.3,90.7,1298.3,51.5,0
1999,car,4.5,road_loopA_r0,road_loopA_r1,3882.9,3983.8,100.9,1297.7,46.3,0
1994,car,4.5,road_loopA_r0,road_loopA_r1,3879.4,3985.6,106.2,1298.3,44.0,0
2010,car,4.5,road_loopA_r0,road_loopA_r1,3896.9,3986.3,89.4,1298.2,52.3,0
2032,car,4.5,xloopA_0Ba,road_loopA_r1,3919.7,3987.6,67.9,476.6,25.3,0
1955,car,4.5,road_loopA_r0,road_loopA_r1,3840.3,3989.0,148.7,1298.5,31.4,1
2002,car,4.5,road_loopA_r0,road_loopA_r1,3889.8,3989.0,99.2,1297.5,47.1,0
1946,car,4.5,road_loopA_r0,road_loopA_r1,3830.7,3989.3,158.6,1298.0,29.5,1
1960,car,4.5,road_loopA_r0,road_loopA_r1,3844.6,3990.3,145.7,1297.4,32.1,1
1989,car,4.5,road_loopA_r0,road_loopA_r1,3872.2,3991.5,119.3,1297.7,39.1,0
1969,suv,4.8,road_loopA_r0,road_loopA_r1,3852.3,3991.6,139.3,1297.4,33.5,0
1985,car,4.5,road_loopA_r0,road_loopA_r1,3866.7,3992.4,125.7,1298.5,37.2,0
2015,car,4.5,road_loopA_r0,road_loopA_r1,3902.7,3993.2,90.5,1298.2,51.6,0
1972,suv,4.8,road_loopA_f0,road_loopA_f1,3854.0,3996.2,142.2,1303.7,33.0,1
1965,truck,8.5,road_loopA_f0,road_loopA_f1,3848.8,4000.1,151.3,1303.2,31.0,1
1971,car,4.5,road_loopA_f0,road_loopA_f1,3853.7,4001.1,147.4,1303.1,31.8,1
2017,truck,8.5,road_loopA_r0,road_loopA_r1,3905.2,4001.3,96.1,1298.4,48.6,0
2019,car,4.5,road_loopA_r0,road_loopA_r1,3910.5,4001.6,91.1,1298.5,51.3,0
1987,car,4.5,road_loopA_f0,road_loopA_f1,3867.6,4002.8,135.2,1303.2,34.7,1
1975,car,4.5,road_loopA_f0,road_loopA_f1,3854.8,4003.5,148.7,1303.7,31.6,1
1998,suv,4.8,road_loopA_f0,road_loopA_f1,3882.7,4004.0,121.3,1303.4,38.7,1
1992,car,4.5,road_loopA_f0,road_loopA_f1,3873.6,4005.7,132.1,1303.3,35.5,1
2022,car,4.5,road_loopA_r0,road_loopA_r1,3911.5,4008.1,96.6,1297.8,48.3,0
2020,suv,4.8,road_loopA_r0,road_loopA_r1,3911.2,4009.6,98.4,1298.2,47.5,0
2028,car,4.5,road_loopA_r0,road_loopA_r1,3917.3,4009.8,92.5,1297.7,50.5,0
1977,truck,8.5,road_loopA_f0,road_loopA_f1,3857.9,4010.5,152.6,1303.8,30.7,1
2054,truck,8.5,road_loopA_r0,xloopA_0Ab,3937.2,4011.3,74.1,868.9,42.2,0
2025,car,4.5,road_loopA_r0,road_loopA_r1,3915.0,4011.4,96.4,1298.1,48.5,0
1988,truck,8.5,road_loopA_f0,road_loopA_f1,3868.7,4013.4,144.7,1303.5,32.4,1
2001,car,4.5,road_loopA_f0,road_loopA_f1,3885.0,4013.7,128.7,1303.8,36.5,1
1932,car,4.5,xloopA_0Aa,road_loopA_f1,3812.8,4014.0,201.2,872.5,15.6,1
1961,suv,4.8,road_loopA_f0,road_loopA_f1,3847.1,4015.8,168.7,1302.9,27.8,1
1982,car,4.5,road_loopA_f0,road_loopA_f1,3864.6,4016.4,151.8,1303.9,30.9,1
1995,car,4.5,road_loopA_f0,road_loopA_f1,3879.4,4017.7,138.3,1303.7,33.9,1
2000,suv,4.8,road_loopA_f0,road_loopA_f1,3884.0,4017.9,133.9,1303.6,35.0,1
2016,car,4.5,road_loopA_f0,road_loopA_f1,3904.3,4018.8,114.5,1303.5,41.0,0
1990,suv,4.8,road_loopA_r0,xloopA_0Bb,3873.1,4018.9,145.8,895.9,22.1,1
1931,suv,4.8,road_loopA_f0,xloopA_0Ab,3812.6,4019.4,206.8,505.3,8.8,2
2005,car,4.5,road_loopA_f0,road_loopA_f1,3893.2,4020.1,126.9,1303.5,37.0,1
2011,suv,4.8,road_loopA_f0,road_loopA_f1,3897.0,4021.0,124.0,1304.2,37.9,0
2033,car,4.5,road_loopA_r0,road_loopA_r1,3920.4,4021.1,100.7,1297.6,46.4,0
1993,suv,4.8,road_loopA_r0,xloopA_0Bb,3876.6,4021.5,144.9,895.6,22.3,1
2035,truck,8.5,road_loopA_r0,road_loopA_r1,3921.4,4021.5,100.1,1297.7,46.7,0
2008,car,4.5,road_loopA_f0,road_loopA_f1,3895.7,4021.9,126.2,1302.9,37.2,1
1966,car,4.5,road_loopA_f0,xloopA_0Ab,3849.0,4022.0,173.0,505.0,10.5,1
2031,car,4.5,road_loopA_r0,road_loopA_r1,3919.6,4022.6,103.0,1297.5,45.3,0
2014,suv,4.8,road_loopA_f0,road_loopA_f1,3900.7,4022.7,122.0,1302.8,38.5,1
2037,suv,4.8,road_loopA_r0,road_loopA_r1,3922.0,4022.8,100.8,1298.1,46.4,0
2007,car,4.5,road_loopA_f0,road_loopA_f1,3895.4,4023.1,127.7,1303.8,36.8,0
2057,suv,4.8,road_loopA_r0,xloopA_0Bb,3940.0,4024.2,84.2,895.6,38.3,1
2049,car,4.5,road_loopA_r0,road_loopA_r1,3932.2,4024.4,92.2,1297.7,50.7,0
2044,car,4.5,road_loopA_r0,road_loopA_r1,3927.6,4024.5,96.9,1297.6,48.2,0
2012,car,4.5,road_loopA_f0,xloopA_0Ab,3897.5,4024.7,127.2,505.3,14.3,1
2027,suv,4.8,road_loopA_f0,road_loopA_f1,3916.2,4024.7,108.5,1303.5,43.3,0
2030,car,4.5,road_loopA_f0,road_loopA_f1,3918.9,4025.5,106.6,1303.6,44.0,0
2047,car,4.5,road_loopA_r0,road_loopA_r1,3930.0,4026.1,96.1,1297.9,48.6,0
2046,suv,4.8,road_loopA_r0,road_loopA_r1,3928.5,4026.3,97.8,1298.5,47.8,0
2065,car,4.5,road_loopA_r0,xloopA_0Bb,3948.9,4026.9,78.0,895.4,41.4,1
2023,car,4.5,road_loopA_f0,road_loopA_f1,3912.1,4027.0,114.9,1303.6,40.9,0
2024,car,4.5,road_loopA_f0,road_loopA_f1,3913.8,4027.7,113.9,1303.5,41.2,0
2045,car,4.5,road_loopA_r0,road_loopA_r1,3928.3,4028.1,99.8,1297.5,46.8,0
2034,car,4.5,road_loopA_f0,road_loopA_f1,3921.2,4029.3,108.1,1303.7,43.4,0
2036,suv,4.8,road_loopA_f0,road_loopA_f1,3921.9,4029.4,107.5,1304.0,43.7,0
2066,car,4.5,road_loopA_r0,xloopA_0Bb,3950.0,4029.6,79.6,895.5,40.5,0
2038,suv,4.8,road_loopA_f0,road_loopA_f1,3922.2,4031.0,108.8,1303.5,43.1,0
2021,suv,4.8,road_loopA_f0,road_loopA_f1,3911.3,4031.1,119.8,1303.2,39.1,0
2051,suv,4.8,road_loopA_f0,road_loopA_f1,3934.3,4032.8,98.5,1302.8,47.6,0
2043,suv,4.8,road_loopA_f0,road_loopA_f1,3927.2,4032.9,105.7,1303.8,44.4,0
1996,car,4.5,road_loopA_f0,road_loopA_f1,3880.4,4033.4,153.0,1303.3,30.7,1
2041,car,4.5,xloopA_0Ba,xloopA_0Bb,3926.7,4033.9,107.2,84.3,2.8,1
2050,car,4.5,road_loopA_f0,road_loopA_f1,3933.4,4034.8,101.4,1303.3,46.3,0
2055,car,4.5,road_loopA_f0,road_loopA_f1,3937.6,4034.8,97.2,1303.5,48.3,0
2018,suv,4.8,road_loopA_f0,road_loopA_f1,3906.8,4035.0,128.2,1303.0,36.6,0
2114,car,4.5,xloopA_0Aa,xloopA_0Ab,3984.2,4036.1,51.9,84.5,5.9,1
2052,car,4.5,road_loopA_f0,road_loopA_f1,3934.4,4036.5,102.1,1302.9,45.9,0
2142,car,4.5,xloopA_0Aa,xloopA_0Ab,4005.1,4038.2,33.1,84.6,9.2,1
2056,car,4.5,road_loopA_f0,road_loopA_f1,3939.9,4038.3,98.4,1302.9,47.7,0
2053,car,4.5,xloopA_0Ba,xloopA_0Bb,3937.2,4038.5,101.3,84.5,3.0,1
2039,car,4.5,road_loopA_r0,road_loopA_r1,3922.3,4038.8,116.5,1297.6,40.1,0
2048,car,4.5,road_loopA_f0,road_loopA_f1,3931.7,4039.1,107.4,1303.5,43.7,0
2026,car,4.5,road_loopA_f0,road_loopA_f1,3916.0,4039.5,123.5,1303.6,38.0,0
2061,car,4.5,road_loopA_f0,road_loopA_f1,3945.6,4040.8,95.2,1304.1,49.3,0
2073,car,4.5,xloopA_0Ba,xloopA_0Bb,3954.4,4041.8,87.4,84.4,3.5,0
2067,car,4.5,road_loopA_f0,road_loopA_f1,3950.3,4043.3,93.0,1302.9,50.5,0
2059,car,4.5,road_loopA_f0,road_loopA_f1,3943.0,4043.4,100.4,1303.2,46.7,0
2076,car,4.5,xloopA_0Ba,xloopA_0Bb,3956.2,4044.1,87.9,84.3,3.5,0
2060,suv,4.8,road_loopA_f0,road_loopA_f1,3944.4,4044.5,100.1,1303.3,46.9,0
2071,suv,4.8,road_loopA_f0,road_loopA_f1,3953.0,4045.9,92.9,1303.5,50.5,0
2149,car,4.5,xloopA_0Ba,xloopA_0Bb,4013.4,4046.0,32.6,84.5,9.3,0
2062,car,4.5,road_loopA_f0,road_loopA_f1,3946.2,4046.3,100.1,1304.1,46.9,0
2069,car,4.5,road_loopA_f0,road_loopA_f1,3952.6,4051.9,99.3,1303.3,47.2,0
2079,car,4.5,road_loopA_f0,road_loopA_f1,3960.0,4052.6,92.6,1303.4,50.7,0
2042,car,4.5,road_loopA_r0,xloopA_0Ab,3927.1,4053.1,126.0,869.1,24.8,2
2074,car,4.5,road_loopA_f0,road_loopA_f1,3955.8,4054.0,98.2,1303.9,47.8,0
2075,car,4.5,road_loopA_f0,road_loopA_f1,3955.8,4057.7,101.9,1304.0,46.1,0
2087,car,4.5,road_loopA_f0,road_loopA_f1,3967.2,4057.8,90.6,1303.4,51.8,0
2078,car,4.5,road_loopA_f0,road_loopA_f1,3957.7,4062.5,104.8,1302.9,44.8,0
2091,car,4.5,road_loopA_f0,road_loopA_f1,3970.2,4062.7,92.5,1303.0,50.7,0
2092,car,4.5,road_loopA_f0,road_loopA_f1,3970.7,4062.8,92.1,1303.3,51.0,0
2080,car,4.5,road_loopA_f0,road_loopA_f1,3961.5,4064.2,102.7,1303.9,45.7,0
2084,car,4.5,road_loopA_f0,road_loopA_f1,3963.6,4066.0,102.4,1303.6,45.8,0
2090,suv,4.8,road_loopA_f0,road_loopA_f1,3969.5,4066.1,96.6,1304.0,48.6,0
2083,car,4.5,road_loopA_f0,road_loopA_f1,3962.7,4076.5,113.8,1303.6,41.2,0
2182,suv,4.8,road_loopA_f0,xloopA_0Bb,4036.6,4076.6,40.0,479.1,43.1,0
2068,suv,4.8,road_loopA_r0,road_loopA_r1,3950.9,4078.8,127.9,1298.1,36.5,1
2070,suv,4.8,road_loopA_r0,road_loopA_r1,3952.6,4080.3,127.7,1297.5,36.6,1
2086,car,4.5,road_loopA_r0,road_loopA_r1,3966.2,4083.6,117.4,1298.1,39.8,1
2063,car,4.5,road_loopA_r0,road_loopA_r1,3948.2,4084.9,136.7,1297.7,34.2,1
2095,car,4.5,road_loopA_r0,road_loopA_r1,3972.4,4086.7,114.3,1297.8,40.9,1
2058,car,4.5,xloopA_0Ba,road_loopA_r1,3942.3,4087.3,145.0,476.5,11.8,1
2072,suv,4.8,road_loopA_r0,road_loopA_r1,3954.0,4088.0,134.0,1298.3,34.9,1
2064,car,4.5,road_loopA_r0,road_loopA_r1,3948.9,4089.3,140.4,1297.9,33.3,1
2098,car,4.5,road_loopA_r0,road_loopA_r1,3973.8,4089.4,115.6,1298.1,40.4,1
2089,car,4.5,road_loopA_r0,road_loopA_r1,3969.4,4089.6,120.2,1297.8,38.9,1
2081,suv,4.8,road_loopA_r0,road_loopA_r1,3961.8,4091.1,129.3,1297.7,36.1,1
2101,car,4.5,road_loopA_r0,road_loopA_r1,3975.8,4091.1,115.3,1298.2,40.5,1
2094,car,4.5,road_loopA_r0,road_loopA_r1,3971.3,4091.5,120.2,1298.0,38.9,1
2088,car,4.5,road_loopA_r0,road_loopA_r1,3969.2,4092.8,123.6,1298.1,37.8,1
2097,suv,4.8,road_loopA_r0,road_loopA_r1,3973.1,4093.2,120.1,1297.3,38.9,1
2102,car,4.5,road_loopA_r0,road_loopA_r1,3976.1,4094.0,117.9,1297.5,39.6,1
2108,suv,4.8,road_loopA_r0,road_loopA_r1,3979.2,4094.6,115.4,1297.9,40.5,1
2117,car,4.5,road_loopA_r0,road_loopA_r1,3986.7,4096.4,109.7,1298.6,42.6,0
2115,car,4.5,road_loopA_r0,road_loopA_r1,3985.4,4096.8,111.4,1298.6,42.0,0
2128,car,4.5,road_loopA_r0,road_loopA_r1,3994.1,4097.9,103.8,1298.6,45.0,0
2123,car,4.5,road_loopA_r0,road_loopA_r1,3991.7,4098.1,106.4,1297.7,43.9,0
2122,truck,8.5,road_loopA_r0,road_loopA_r1,3990.0,4098.9,108.9,1297.6,42.9,0
2126,car,4.5,road_loopA_r0,road_loopA_r1,3993.9,4099.9,106.0,1298.4,44.1,0
2132,car,4.5,road_loopA_r0,road_loopA_r1,3998.1,4101.0,102.9,1298.2,45.4,0
2137,suv,4.8,road_loopA_r0,road_loopA_r1,4000.9,4101.6,100.7,1297.4,46.4,0
2127,car,4.5,road_loopA_r0,road_loopA_r1,3994.0,4101.9,107.9,1298.6,43.3,0
2140,car,4.5,road_loopA_r0,road_loopA_r1,4003.2,4105.1,101.9,1298.4,45.9,0
2134,car,4.5,road_loopA_r0,road_loopA_r1,3999.7,4105.4,105.7,1298.1,44.2,0
2124,car,4.5,road_loopA_r0,road_loopA_r1,3991.8,4105.9,114.1,1298.4,41.0,0
2136,car,4.5,road_loopA_r0,road_loopA_r1,4000.7,4107.2,106.5,1298.2,43.9,0
2139,car,4.5,road_loopA_r0,road_loopA_r1,4002.6,4107.5,104.9,1297.5,44.5,0
2145,car,4.5,road_loopA_r0,road_loopA_r1,4008.5,4109.2,100.7,1297.8,46.4,0
2151,suv,4.8,road_loopA_r0,road_loopA_r1,4014.9,4110.4,95.5,1297.4,48.9,0
2104,car,4.5,road_loopA_f0,road_loopA_f1,3976.4,4110.5,134.1,1303.2,35.0,1
2150,suv,4.8,road_loopA_r0,road_loopA_r1,4014.3,4110.9,96.6,1297.6,48.4,0
2100,car,4.5,road_loopA_f0,road_loopA_f1,3975.4,4111.0,135.6,1303.2,34.6,1
2109,car,4.5,road_loopA_f0,road_loopA_f1,3979.7,4112.7,133.0,1303.0,35.3,1
2096,car,4.5,road_loopA_f0,road_loopA_f1,3972.8,4113.2,140.4,1303.7,33.4,1
2099,car,4.5,road_loopA_f0,road_loopA_f1,3975.2,4113.4,138.2,1303.0,33.9,1
2135,car,4.5,road_loopA_r0,road_loopA_r1,3999.8,4114.7,114.9,1297.3,40.7,0
2111,car,4.5,road_loopA_f0,road_loopA_f1,3981.4,4115.0,133.6,1303.2,35.1,1
2155,car,4.5,road_loopA_r0,road_loopA_r1,4016.9,4116.8,99.9,1298.2,46.8,0
2093,bus,11.0,road_loopA_r0,road_loopA_r1,3970.8,4117.3,146.5,1298.0,31.9,2
2106,car,4.5,road_loopA_f0,road_loopA_f1,3977.6,4118.0,140.4,1303.0,33.4,1
2162,truck,8.5,road_loopA_r0,road_loopA_r1,4021.5,4119.9,98.4,1298.1,47.5,0
2118,car,4.5,road_loopA_f0,road_loopA_f1,3986.9,4120.1,133.2,1303.5,35.2,1
2105,car,4.5,road_loopA_f0,road_loopA_f1,3977.5,4120.2,142.7,1303.7,32.9,1
2077,bus,11.0,road_loopA_r0,road_loopA_r1,3956.4,4121.5,165.1,1298.6,28.3,2
2125,car,4.5,road_loopA_f0,road_loopA_f1,3992.8,4121.8,129.0,1303.5,36.4,1
2107,suv,4.8,road_loopA_f0,road_loopA_f1,3977.6,4121.9,144.3,1303.2,32.5,1
2120,car,4.5,road_loopA_f0,road_loopA_f1,3988.0,4123.5,135.5,1303.6,34.6,1
2113,car,4.5,road_loopA_f0,road_loopA_f1,3984.0,4124.1,140.1,1303.7,33.5,1
2119,car,4.5,road_loopA_f0,road_loopA_f1,3987.3,4124.4,137.1,1303.9,34.2,1
2179,car,4.5,road_loopA_r0,road_loopA_r1,4031.8,4125.7,93.9,1298.4,49.8,0
2112,car,4.5,road_loopA_f0,road_loopA_f1,3982.6,4126.1,143.5,1303.7,32.7,1
2174,car,4.5,road_loopA_r0,road_loopA_r1,4029.2,4126.3,97.1,1297.8,48.1,0
2116,car,4.5,road_loopA_f0,road_loopA_f1,3986.3,4127.2,140.9,1302.8,33.3,1
2144,car,4.5,road_loopA_r0,road_loopA_r1,4007.6,4127.3,119.7,1297.6,39.0,0
2143,car,4.5,road_loopA_f0,road_loopA_f1,4005.2,4127.7,122.5,1303.4,38.3,1
2173,car,4.5,road_loopA_r0,road_loopA_r1,4027.1,4128.0,100.9,1298.3,46.3,0
2181,car,4.5,road_loopA_r0,road_loopA_r1,4034.4,4128.6,94.2,1297.7,49.6,0
2165,car,4.5,road_loopA_r0,road_loopA_r1,4023.1,4129.0,105.9,1297.3,44.1,0
2156,car,4.5,road_loopA_f0,road_loopA_f1,4017.1,4129.4,112.3,1303.2,41.8,0
2184,car,4.5,road_loopA_r0,road_loopA_r1,4037.6,4129.8,92.2,1297.4,50.7,0
2171,car,4.5,road_loopA_r0,road_loopA_r1,4026.4,4130.7,104.3,1297.5,44.8,0
2130,car,4.5,road_loopA_f0,road_loopA_f1,3996.9,4131.3,134.4,1303.5,34.9,1
2175,suv,4.8,road_loopA_r0,road_loopA_r1,4030.2,4131.4,101.2,1297.6,46.2,0
2166,suv,4.8,road_loopA_r0,road_loopA_r1,4023.6,4131.6,108.0,1298.4,43.3,0
2147,car,4.5,road_loopA_f0,road_loopA_f1,4010.1,4131.7,121.6,1303.5,38.6,1
2178,car,4.5,road_loopA_f0,road_loopA_f1,4031.4,4131.9,100.5,1303.7,46.7,0
2167,car,4.5,road_loopA_f0,road_loopA_f1,4023.7,4133.1,109.4,1303.2,42.9,0
2129,car,4.5,road_loopA_f0,road_loopA_f1,3996.4,4133.8,137.4,1302.8,34.1,1
2133,car,4.5,road_loopA_f0,xloopA_0Ab,3999.6,4133.8,134.2,505.0,13.5,1
2082,truck,8.5,road_loopA_r0,xloopA_0Bb,3962.2,4134.6,172.4,895.8,18.7,1
2187,car,4.5,road_loopA_r0,road_loopA_r1,4039.8,4134.7,94.9,1298.1,49.3,0
2185,suv,4.8,road_loopA_r0,road_loopA_r1,4038.7,4135.1,96.4,1297.7,48.5,0
2159,car,4.5,road_loopA_f0,road_loopA_f1,4018.5,4135.4,116.9,1303.1,40.1,0
2157,car,4.5,road_loopA_f0,xloopA_0Ab,4017.9,4136.4,118.5,505.1,15.3,1
2191,suv,4.8,road_loopA_r0,road_loopA_r1,4047.9,4136.9,89.0,1297.5,52.5,0
2085,truck,8.5,road_loopA_r0,xloopA_0Bb,3964.2,4138.3,174.1,895.6,18.5,1
2148,suv,4.8,road_loopA_f0,road_loopA_f1,4013.2,4138.8,125.6,1303.8,37.4,1
2168,car,4.5,road_loopA_f0,xloopA_0Ab,4024.2,4139.1,114.9,505.3,15.8,1
2193,suv,4.8,road_loopA_r0,road_loopA_r1,4049.1,4139.6,90.5,1298.2,51.7,0
2152,car,4.5,xloopA_0Aa,road_loopA_f1,4015.4,4140.2,124.8,872.5,25.2,0
2176,suv,4.8,road_loopA_f0,road_loopA_f1,4030.7,4140.9,110.2,1303.2,42.6,0
2153,car,4.5,road_loopA_r0,xloopA_0Bb,4016.9,4141.3,124.4,895.3,25.9,1
2170,truck,8.5,road_loopA_f0,road_loopA_f1,4024.8,4141.7,116.9,1303.9,40.1,0
2211,car,4.5,road_loopA_f0,xloopA_0Ab,4070.2,4141.7,71.5,505.0,25.4,1
2103,car,4.5,road_loopA_f0,road_loopA_f1,3976.4,4141.9,165.5,1303.7,28.4,1
2163,suv,4.8,road_loopA_r0,road_loopA_r1,4021.7,4142.4,120.7,1298.1,38.7,0
2172,car,4.5,road_loopA_f0,road_loopA_f1,4026.7,4142.6,115.9,1303.2,40.5,0
2110,car,4.5,road_loopA_f0,road_loopA_f1,3979.7,4143.5,163.8,1302.8,28.6,1
2180,truck,8.5,road_loopA_f0,road_loopA_f1,4032.3,4144.0,111.7,1303.1,42.0,0
2160,suv,4.8,road_loopA_r0,xloopA_0Bb,4020.4,4144.1,123.7,895.9,26.1,1
2190,suv,4.8,road_loopA_f0,road_loopA_f1,4044.4,4144.4,100.0,1303.9,47.0,0
2225,car,4.5,road_loopA_f0,xloopA_0Ab,4078.5,4144.4,65.9,505.2,27.6,1
2189,suv,4.8,road_loopA_r0,road_loopA_r1,4043.6,4145.2,101.6,1297.5,46.0,0
2121,car,4.5,road_loopA_f0,road_loopA_f1,3990.0,4145.3,155.3,1304.0,30.2,1
2195,car,4.5,road_loopA_f0,road_loopA_f1,4052.8,4146.1,93.3,1302.9,50.3,0
2131,car,4.5,road_loopA_f0,road_loopA_f1,3997.4,4147.0,149.6,1303.3,31.4,1
2164,car,4.5,road_loopA_r0,road_loopA_r1,4021.9,4147.4,125.5,1298.4,37.2,0
2194,car,4.5,road_loopA_f0,road_loopA_f1,4051.7,4147.9,96.2,1303.2,48.8,0
2138,car,4.5,road_loopA_f0,road_loopA_f1,4001.8,4148.7,146.9,1303.0,31.9,1
2213,car,4.5,xloopA_0Ba,xloopA_0Bb,4071.9,4149.1,77.2,84.5,3.9,1
2154,suv,4.8,road_loopA_r0,road_loopA_r1,4016.8,4149.2,132.4,1297.4,35.3,0
2198,car,4.5,road_loopA_f0,road_loopA_f1,4060.5,4150.0,89.5,1304.1,52.5,0
2239,car,4.5,xloopA_0Aa,xloopA_0Ab,4087.5,4150.0,62.5,84.4,4.9,1
2141,suv,4.8,road_loopA_f0,road_loopA_f1,4004.5,4150.6,146.1,1304.1,32.1,1
2146,suv,4.8,road_loopA_f0,road_loopA_f1,4009.5,4151.3,141.8,1303.4,33.1,1
2226,car,4.5,xloopA_0Ba,xloopA_0Bb,4079.2,4151.3,72.1,84.5,4.2,1
2158,suv,4.8,road_loopA_f0,road_loopA_f1,4018.0,4152.6,134.6,1302.9,34.9,0
2257,car,4.5,xloopA_0Aa,xloopA_0Ab,4102.5,4152.8,50.3,84.3,6.0,1
2177,car,4.5,road_loopA_f0,road_loopA_f1,4031.3,4153.1,121.8,1304.1,38.5,0
2230,car,4.5,xloopA_0Ba,xloopA_0Bb,4081.3,4153.6,72.3,84.2,4.2,1
2161,suv,4.8,road_loopA_f0,road_loopA_f1,4020.6,4154.1,133.5,1303.2,35.2,0
2169,car,4.5,road_loopA_f0,road_loopA_f1,4024.7,4155.6,130.9,1303.0,35.8,0
2233,car,4.5,xloopA_0Ba,xloopA_0Bb,4085.3,4155.8,70.5,84.6,4.3,0
2183,suv,4.8,road_loopA_r0,road_loopA_r1,4037.4,4157.6,120.2,1297.8,38.9,0
2245,car,4.5,xloopA_0Ba,xloopA_0Bb,4092.9,4157.7,64.8,84.1,4.7,0
2197,car,4.5,road_loopA_f0,road_loopA_f1,4059.8,4158.5,98.7,1303.3,47.6,0
2247,car,4.5,xloopA_0Ba,xloopA_0Bb,4093.9,4159.9,66.0,84.3,4.6,0
2199,car,4.5,road_loopA_f0,road_loopA_f1,4060.9,4160.3,99.4,1303.2,47.2,0
2188,suv,4.8,road_loopA_f0,road_loopA_f1,4042.3,4160.4,118.1,1303.8,39.7,0
2196,car,4.5,road_loopA_f0,road_loopA_f1,4055.0,4162.2,107.2,1303.4,43.8,0
2206,truck,8.5,road_loopA_f0,road_loopA_f1,4066.6,4162.6,96.0,1303.8,48.9,0
2200,car,4.5,road_loopA_f0,road_loopA_f1,4062.3,4163.9,101.6,1303.1,46.2,0
2209,car,4.5,road_loopA_f0,road_loopA_f1,4069.5,4164.2,94.7,1304.1,49.6,0
2201,car,4.5,road_loopA_f0,road_loopA_f1,4063.0,4165.7,102.7,1303.0,45.7,0
2203,car,4.5,road_loopA_f0,road_loopA_f1,4063.9,4166.1,102.2,1304.2,45.9,0
2212,car,4.5,road_loopA_f0,road_loopA_f1,4070.3,4167.5,97.2,1303.7,48.3,0
2216,suv,4.8,road_loopA_f0,road_loopA_f1,4073.0,4167.5,94.5,1302.9,49.7,0
2221,suv,4.8,road_loopA_f0,road_loopA_f1,4076.4,4169.4,93.0,1303.1,50.4,0
2210,car,4.5,road_loopA_f0,road_loopA_f1,4069.9,4171.3,101.4,1303.9,46.3,0
2208,suv,4.8,road_loopA_f0,road_loopA_f1,4067.8,4173.9,106.1,1303.5,44.2,0
2202,car,4.5,road_loopA_f0,road_loopA_f1,4063.2,4174.9,111.7,1302.8,42.0,0
2204,truck,8.5,road_loopA_f0,road_loopA_f1,4064.7,4175.6,110.9,1303.1,42.3,0
2229,suv,4.8,road_loopA_f0,road_loopA_f1,4080.5,4178.9,98.4,1303.2,47.7,0
2220,car,4.5,road_loopA_f0,road_loopA_f1,4076.4,4179.0,102.6,1302.8,45.7,0
2222,truck,8.5,road_loopA_f0,road_loopA_f1,4076.4,4186.0,109.6,1303.4,42.8,0
2219,car,4.5,road_loopA_f0,road_loopA_f1,4076.3,4189.3,113.0,1302.9,41.5,0
2246,suv,4.8,road_loopA_r0,xloopA_0Ab,4093.5,4195.4,101.9,869.5,30.7,1
2223,car,4.5,road_loopA_f0,road_loopA_f1,4077.1,4196.1,119.0,1302.8,39.4,0
2207,suv,4.8,road_loopA_r0,road_loopA_r1,4066.6,4198.1,131.5,1297.9,35.5,1
2205,truck,8.5,road_loopA_r0,road_loopA_r1,4065.8,4200.4,134.6,1298.5,34.7,1
2214,suv,4.8,road_loopA_r0,road_loopA_r1,4072.9,4201.9,129.0,1297.9,36.2,1
2217,car,4.5,road_loopA_r0,road_loopA_r1,4073.2,4202.1,128.9,1298.6,36.3,1
2224,car,4.5,road_loopA_r0,road_loopA_r1,4078.2,4203.6,125.4,1297.6,37.2,1
2215,car,4.5,road_loopA_r0,road_loopA_r1,4072.9,4204.2,131.3,1298.0,35.6,1
2227,car,4.5,road_loopA_r0,road_loopA_r1,4079.6,4205.5,125.9,1297.3,37.1,1
2232,suv,4.8,road_loopA_r0,road_loopA_r1,4083.8,4206.0,122.2,1298.3,38.3,1
2238,car,4.5,road_loopA_r0,road_loopA_r1,4087.0,4206.7,119.7,1297.6,39.0,1
2235,car,4.5,road_loopA_r0,road_loopA_r1,4085.8,4207.3,121.5,1297.4,38.4,1
2231,car,4.5,road_loopA_r0,road_loopA_r1,4081.2,4208.2,127.0,1297.6,36.8,1
2243,car,4.5,road_loopA_r0,road_loopA_r1,4090.5,4209.1,118.6,1297.8,39.4,1
2234,car,4.5,road_loopA_r0,road_loopA_r1,4085.6,4209.8,124.2,1297.7,37.6,1
2248,car,4.5,road_loopA_r0,road_loopA_r1,4094.5,4210.1,115.6,1298.5,40.4,1
2240,car,4.5,road_loopA_r0,road_loopA_r1,4088.7,4211.4,122.7,1298.0,38.1,0
2237,car,4.5,road_loopA_r0,road_loopA_r1,4086.6,4211.5,124.9,1298.0,37.4,0
2249,car,4.5,road_loopA_r0,road_loopA_r1,4096.4,4211.9,115.5,1298.0,40.5,1
2250,car,4.5,road_loopA_r0,road_loopA_r1,4096.6,4213.1,116.5,1297.8,40.1,0
2258,suv,4.8,road_loopA_r0,road_loopA_r1,4102.6,4214.1,111.5,1298.6,41.9,0
2260,car,4.5,road_loopA_r0,road_loopA_r1,4104.1,4214.8,110.7,1297.6,42.2,0
2269,car,4.5,road_loopA_r0,road_loopA_r1,4111.8,4215.9,104.1,1298.2,44.9,0
2253,car,4.5,road_loopA_r0,road_loopA_r1,4099.2,4216.5,117.3,1298.4,39.8,0
2273,car,4.5,road_loopA_r0,road_loopA_r1,4114.5,4217.6,103.1,1297.6,45.3,0
2259,car,4.5,road_loopA_r0,road_loopA_r1,4102.8,4219.3,116.5,1298.4,40.1,0
2285,car,4.5,road_loopA_r0,road_loopA_r1,4126.8,4219.3,92.5,1298.1,50.5,0
2271,car,4.5,road_loopA_r0,road_loopA_r1,4112.0,4219.7,107.7,1297.4,43.4,0
2277,car,4.5,road_loopA_r0,road_loopA_r1,4119.7,4221.5,101.8,1298.1,45.9,0
2266,car,4.5,road_loopA_r0,road_loopA_r1,4110.8,4222.4,111.6,1297.7,41.9,0
2287,suv,4.8,road_loopA_r0,road_loopA_r1,4131.6,4222.4,90.8,1297.7,51.5,0
2242,car,4.5,road_loopA_f0,road_loopA_f1,4089.7,4223.2,133.5,1303.2,35.1,1
2282,suv,4.8,road_loopA_r0,road_loopA_r1,4123.3,4223.3,100.0,1298.0,46.7,0
2288,suv,4.8,road_loopA_r0,road_loopA_r1,4133.8,4225.1,91.3,1297.9,51.2,0
2251,car,4.5,road_loopA_f0,road_loopA_f1,4097.6,4225.9,128.3,1302.9,36.5,1
2289,car,4.5,road_loopA_r0,road_loopA_r1,4135.4,4226.3,90.9,1298.6,51.4,0
2292,car,4.5,road_loopA_r0,road_loopA_r1,4137.5,4228.2,90.7,1298.2,51.5,0
2236,car,4.5,road_loopA_f0,road_loopA_f1,4086.2,4228.7,142.5,1303.9,32.9,1
2293,car,4.5,road_loopA_r0,road_loopA_r1,4137.9,4229.0,91.1,1298.1,51.3,0
2284,suv,4.8,road_loopA_r0,road_loopA_r1,4125.9,4229.3,103.4,1298.3,45.2,0
2337,car,4.5,road_loopA_f0,xloopA_0Bb,4183.1,4229.3,46.2,478.8,37.3,0
2295,suv,4.8,road_loopA_r0,road_loopA_r1,4138.9,4230.1,91.2,1297.8,51.2,0
2296,suv,4.8,road_loopA_r0,road_loopA_r1,4141.1,4231.0,89.9,1297.9,52.0,0
2254,truck,8.5,road_loopA_f0,road_loopA_f1,4099.6,4231.9,132.3,1304.0,35.5,1
2297,car,4.5,road_loopA_r0,road_loopA_r1,4143.0,4232.8,89.8,1297.8,52.0,0
2252,car,4.5,road_loopA_f0,road_loopA_f1,4098.4,4233.6,135.2,1303.5,34.7,1
2267,suv,4.8,road_loopA_f0,road_loopA_f1,4111.0,4236.4,125.4,1303.3,37.4,1
2301,car,4.5,road_loopA_r0,road_loopA_r1,4146.8,4237.4,90.6,1297.5,51.6,0
2241,truck,8.5,road_loopA_f0,road_loopA_f1,4088.9,4239.9,151.0,1304.1,31.1,1
2302,car,4.5,road_loopA_r0,road_loopA_r1,4147.3,4240.4,93.1,1298.3,50.2,0
2262,suv,4.8,road_loopA_f0,road_loopA_f1,4106.5,4242.5,136.0,1303.3,34.5,1
2294,car,4.5,road_loopA_r0,road_loopA_r1,4138.7,4244.7,106.0,1298.0,44.1,0
2228,car,4.5,road_loopA_f0,road_loopA_f1,4079.6,4246.3,166.7,1303.5,28.2,1
2268,car,4.5,road_loopA_f0,road_loopA_f1,4111.7,4246.4,134.7,1304.1,34.8,1
2298,car,4.5,road_loopA_r0,road_loopA_r1,4143.9,4246.5,102.6,1298.1,45.5,0
2186,suv,4.8,road_loopA_r0,xloopA_0Bb,4039.5,4248.8,209.3,895.9,15.4,2
2264,car,4.5,road_loopA_f0,xloopA_0Ab,4109.0,4249.3,140.3,505.2,13.0,1
2261,truck,8.5,road_loopA_f0,road_loopA_f1,4105.6,4249.7,144.1,1302.8,32.5,1
2280,car,4.5,road_loopA_f0,road_loopA_f1,4122.9,4249.7,126.8,1303.7,37.0,1
2307,suv,4.8,road_loopA_r0,road_loopA_r1,4152.6,4250.8,98.2,1298.2,47.6,0
2290,car,4.5,road_loopA_f0,road_loopA_f1,4135.4,4251.3,115.9,1302.9,40.5,0
2192,suv,4.8,road_loopA_r0,xloopA_0Bb,4048.6,4251.4,202.8,895.6,15.9,1
2311,car,4.5,road_loopA_r0,road_loopA_r1,4154.7,4251.7,97.0,1297.6,48.2,0
2274,car,4.5,road_loopA_f0,xloopA_0Ab,4114.6,4251.9,137.3,505.2,13.2,1
2270,truck,8.5,road_loopA_f0,road_loopA_f1,4111.9,4252.3,140.4,1303.7,33.4,1
2218,car,4.5,xloopA_0Aa,road_loopA_f1,4074.4,4253.0,178.6,872.6,17.6,1
2279,suv,4.8,road_loopA_f0,road_loopA_f1,4122.8,4253.0,130.2,1303.1,36.0,1
2322,car,4.5,road_loopA_f0,xloopA_0Ab,4170.7,4254.5,83.8,504.9,21.7,1
2306,car,4.5,road_loopA_f0,road_loopA_f1,4152.3,4254.8,102.5,1303.5,45.8,0
2317,car,4.5,road_loopA_r0,road_loopA_r1,4165.8,4254.8,89.0,1297.3,52.5,0
2275,truck,8.5,road_loopA_f0,road_loopA_f1,4114.8,4254.9,140.1,1303.6,33.5,1
2330,car,4.5,road_loopA_r0,xloopA_0Bb,4179.6,4255.6,76.0,895.6,42.4,0
2300,truck,8.5,road_loopA_r0,road_loopA_r1,4145.1,4255.7,110.6,1297.9,42.2,0
2310,car,4.5,road_loopA_f0,road_loopA_f1,4153.7,4256.7,103.0,1304.0,45.6,0
2286,suv,4.8,road_loopA_f0,road_loopA_f1,4127.7,4256.9,129.2,1303.2,36.3,1
2350,car,4.5,road_loopA_f0,xloopA_0Ab,4193.8,4257.2,63.4,505.1,28.7,1
2305,suv,4.8,road_loopA_f0,road_loopA_f1,4151.3,4257.9,106.6,1303.0,44.0,0
2299,suv,4.8,road_loopA_f0,road_loopA_f1,4144.0,4258.7,114.7,1303.0,40.9,0
2321,suv,4.8,road_loopA_r0,road_loopA_r1,4170.1,4259.0,88.9,1297.3,52.5,0
2316,car,4.5,road_loopA_f0,road_loopA_f1,4164.7,4259.5,94.8,1304.1,49.5,0
2356,car,4.5,road_loopA_f0,xloopA_0Ab,4201.2,4259.9,58.7,505.2,31.0,0
2304,car,4.5,road_loopA_f0,road_loopA_f1,4149.8,4260.6,110.8,1303.9,42.4,0
2315,car,4.5,road_loopA_f0,road_loopA_f1,4164.2,4261.6,97.4,1303.1,48.2,0
2313,car,4.5,road_loopA_f0,road_loopA_f1,4161.9,4262.4,100.5,1303.8,46.7,0
2344,car,4.5,xloopA_0Aa,xloopA_0Ab,4188.5,4263.9,75.4,84.1,4.0,1
2320,car,4.5,road_loopA_f0,road_loopA_f1,4170.0,4264.4,94.4,1303.0,49.7,0
2308,bus,11.0,road_loopA_f0,road_loopA_f1,4153.3,4264.7,111.4,1303.6,42.1,0
2324,car,4.5,road_loopA_f0,road_loopA_f1,4171.8,4266.2,94.4,1303.2,49.7,0
2371,car,4.5,xloopA_0Aa,xloopA_0Ab,4215.7,4266.3,50.6,84.4,6.0,1
2319,car,4.5,road_loopA_r0,road_loopA_r1,4169.5,4266.7,97.2,1297.6,48.0,0
2378,car,4.5,xloopA_0Ba,xloopA_0Bb,4221.9,4267.6,45.7,84.1,6.6,1
2303,suv,4.8,road_loopA_f0,road_loopA_f1,4148.1,4268.8,120.7,1303.1,38.9,0
2391,car,4.5,xloopA_0Aa,xloopA_0Ab,4230.8,4269.2,38.4,84.3,7.9,0
2392,car,4.5,xloopA_0Ba,xloopA_0Bb,4231.7,4269.7,38.0,84.6,8.0,1
2406,car,4.5,xloopA_0Aa,xloopA_0Ab,4245.5,4271.1,25.6,84.7,11.9,0
2327,car,4.5,road_loopA_f0,road_loopA_f1,4174.7,4271.9,97.2,1303.8,48.3,0
2394,car,4.5,xloopA_0Ba,xloopA_0Bb,4233.9,4272.1,38.2,84.3,7.9,0
2318,car,4.5,road_loopA_f0,road_loopA_f1,4168.5,4272.9,104.4,1303.9,45.0,0
2407,car,4.5,xloopA_0Aa,xloopA_0Ab,4245.8,4272.9,27.1,84.0,11.2,0
2291,car,4.5,road_loopA_f0,road_loopA_f1,4137.2,4273.6,136.4,1302.9,34.4,0
2401,car,4.5,xloopA_0Ba,xloopA_0Bb,4239.7,4274.3,34.6,84.2,8.8,0
2336,car,4.5,road_loopA_f0,road_loopA_f1,4181.8,4274.5,92.7,1303.1,50.6,0
2340,car,4.5,road_loopA_f0,road_loopA_f1,4186.8,4276.6,89.8,1304.1,52.3,0
2263,suv,4.8,road_loopA_f0,road_loopA_f1,4107.9,4277.5,169.6,1303.2,27.7,1
2314,car,4.5,road_loopA_f0,road_loopA_f1,4163.9,4278.9,115.0,1303.6,40.8,0
2342,car,4.5,road_loopA_f0,road_loopA_f1,4188.3,4279.6,91.3,1304.0,51.4,0
2283,car,4.5,road_loopA_f0,road_loopA_f1,4125.7,4280.7,155.0,1302.9,30.3,1
2347,car,4.5,road_loopA_f0,road_loopA_f1,4191.3,4281.4,90.1,1303.0,52.1,0
2278,car,4.5,road_loopA_f0,road_loopA_f1,4120.1,4282.7,162.6,1303.5,28.9,1
2255,car,4.5,xloopA_0Ba,road_loopA_f1,4100.7,4283.7,183.0,902.9,17.8,0
2348,truck,8.5,road_loopA_f0,road_loopA_f1,4191.5,4284.9,93.4,1303.7,50.3,0
2276,car,4.5,road_loopA_f0,road_loopA_f1,4117.5,4285.2,167.7,1303.9,28.0,1
2256,suv,4.8,road_loopA_f0,road_loopA_f1,4100.7,4285.4,184.7,1303.9,25.4,1
2332,car,4.5,road_loopA_r0,xloopA_0Ab,4180.0,4285.6,105.6,869.0,29.6,1
2265,suv,4.8,road_loopA_f0,road_loopA_f1,4110.0,4287.0,177.0,1302.8,26.5,1
2345,car,4.5,road_loopA_f0,road_loopA_f1,4188.7,4288.5,99.8,1303.8,47.0,0
2272,car,4.5,road_loopA_f0,road_loopA_f1,4114.3,4288.7,174.4,1303.4,26.9,1
2312,car,4.5,road_loopA_f0,road_loopA_f1,4160.8,4290.3,129.5,1303.6,36.3,0
2339,suv,4.8,road_loopA_f0,road_loopA_f1,4186.1,4290.8,104.7,1303.3,44.8,0
2341,car,4.5,road_loopA_f0,road_loopA_f1,4187.3,4292.5,105.2,1302.8,44.6,0
2281,bus,11.0,road_loopA_f0,road_loopA_f1,4123.1,4293.5,170.4,1303.4,27.5,2
2352,car,4.5,road_loopA_f0,road_loopA_f1,4195.4,4293.7,98.3,1303.1,47.7,0
2358,car,4.5,road_loopA_f0,road_loopA_f1,4202.7,4296.5,93.8,1303.8,50.0,0
2353,car,4.5,road_loopA_f0,road_loopA_f1,4197.5,4300.6,103.1,1303.0,45.5,0
2328,car,4.5,road_loopA_r0,road_loopA_r1,4175.3,4304.7,129.4,1297.4,36.1,1
2323,suv,4.8,road_loopA_r0,road_loopA_r1,4171.1,4309.0,137.9,1297.3,33.9,1
2331,suv,4.8,road_loopA_r0,road_loopA_r1,4179.7,4311.0,131.3,1298.4,35.6,1
2334,car,4.5,road_loopA_r0,road_loopA_r1,4181.2,4311.8,130.6,1297.4,35.8,1
2343,suv,4.8,road_loopA_r0,road_loopA_r1,4188.3,4312.7,124.4,1298.3,37.6,1
2379,car,4.5,xloopA_0Aa,road_loopA_r1,4223.6,4313.3,89.7,507.3,20.4,1
2349,suv,4.8,road_loopA_r0,road_loopA_r1,4192.3,4314.4,122.1,1298.2,38.3,1
2326,suv,4.8,road_loopA_r0,road_loopA_r1,4174.5,4315.0,140.5,1297.9,33.3,1
2354,car,4.5,road_loopA_r0,road_loopA_r1,4198.7,4315.6,116.9,1298.0,40.0,1
2329,car,4.5,road_loopA_r0,road_loopA_r1,4178.2,4316.7,138.5,1297.5,33.7,1
2440,car,4.5,road_loopA_f0,xloopA_0Bb,4277.3,4317.3,40.0,478.6,43.1,0
2361,suv,4.8,road_loopA_r0,road_loopA_r1,4207.2,4317.5,110.3,1298.4,42.4,0
2333,suv,4.8,road_loopA_r0,road_loopA_r1,4180.4,4318.4,138.0,1297.3,33.8,1
2374,car,4.5,road_loopA_r0,road_loopA_r1,4217.1,4318.8,101.7,1298.2,46.0,0
2335,suv,4.8,road_loopA_r0,road_loopA_r1,4181.2,4320.2,139.0,1297.9,33.6,1
2375,car,4.5,road_loopA_r0,road_loopA_r1,4218.8,4320.5,101.7,1298.3,45.9,0
2338,truck,8.5,road_loopA_r0,road_loopA_r1,4185.0,4321.9,136.9,1298.1,34.1,1
2357,car,4.5,road_loopA_r0,road_loopA_r1,4201.4,4322.6,121.2,1297.8,38.6,1
2387,suv,4.8,road_loopA_r0,road_loopA_r1,4227.0,4323.3,96.3,1297.9,48.5,0
2363,car,4.5,road_loopA_r0,road_loopA_r1,4209.9,4324.4,114.5,1297.6,40.8,0
2366,car,4.5,road_loopA_r0,road_loopA_r1,4212.0,4325.2,113.2,1298.5,41.3,0
2362,truck,8.5,road_loopA_r0,road_loopA_r1,4208.4,4327.0,118.6,1298.2,39.4,0
2395,car,4.5,road_loopA_r0,road_loopA_r1,4235.1,4327.1,92.0,1298.4,50.8,0
2399,car,4.5,road_loopA_r0,road_loopA_r1,4238.4,4328.5,90.1,1298.3,51.9,0
2396,car,4.5,road_loopA_r0,road_loopA_r1,4235.8,4330.3,94.5,1298.4,49.4,0
2364,suv,4.8,road_loopA_f0,road_loopA_f1,4210.1,4330.5,120.4,1303.9,39.0,1
2367,car,4.5,road_loopA_f0,road_loopA_f1,4212.8,4332.0,119.2,1303.1,39.4,1
2404,car,4.5,road_loopA_r0,road_loopA_r1,4243.6,4334.6,91.0,1298.2,51.4,0
2365,suv,4.8,road_loopA_f0,road_loopA_f1,4210.8,4335.1,124.3,1303.4,37.8,1
2325,bus,11.0,road_loopA_f0,road_loopA_f1,4172.5,4339.4,166.9,1303.3,28.1,2
2414,car,4.5,road_loopA_r0,road_loopA_r1,4250.8,4339.8,89.0,1297.3,52.5,0
2382,car,4.5,road_loopA_f0,road_loopA_f1,4224.8,4340.2,115.4,1303.3,40.7,1
2390,car,4.5,road_loopA_r0,road_loopA_r1,4230.2,4340.5,110.3,1298.3,42.4,0
2376,car,4.5,road_loopA_f0,road_loopA_f1,4219.9,4341.3,121.4,1304.0,38.7,1
2370,car,4.5,road_loopA_f0,road_loopA_f1,4214.4,4342.8,128.4,1303.1,36.5,1
2388,car,4.5,road_loopA_f0,road_loopA_f1,4227.1,4342.9,115.8,1303.2,40.5,1
2416,car,4.5,road_loopA_r0,road_loopA_r1,4251.6,4343.0,91.4,1298.2,51.1,0
2369,car,4.5,road_loopA_f0,road_loopA_f1,4214.3,4343.3,129.0,1303.1,36.4,1
2402,car,4.5,road_loopA_f0,road_loopA_f1,4243.1,4345.0,101.9,1303.8,46.0,0
2415,car,4.5,road_loopA_r0,road_loopA_r1,4250.9,4345.8,94.9,1297.9,49.2,0
2360,suv,4.8,road_loopA_f0,road_loopA_f1,4204.7,4346.8,142.1,1303.6,33.0,1
2393,bus,11.0,road_loopA_r0,road_loopA_r1,4232.7,4347.3,114.6,1298.3,40.8,0
2417,suv,4.8,road_loopA_f0,road_loopA_f1,4251.8,4348.1,96.3,1303.7,48.7,0
2483,truck,8.5,road_loopA_f0,xloopA_0Bb,4306.9,4348.3,41.4,478.6,41.6,0
2423,suv,4.8,road_loopA_r0,road_loopA_r1,4254.4,4348.7,94.3,1297.8,49.5,0
2418,truck,8.5,road_loopA_r0,road_loopA_r1,4251.7,4349.1,97.4,1297.9,48.0,0
2420,suv,4.8,road_loopA_r0,road_loopA_r1,4253.5,4349.4,95.9,1298.1,48.7,0
2368,suv,4.8,road_loopA_f0,road_loopA_f1,4213.8,4350.8,137.0,1303.2,34.2,1
2413,car,4.5,road_loopA_f0,road_loopA_f1,4250.2,4350.9,100.7,1304.2,46.6,0
2424,suv,4.8,road_loopA_r0,road_loopA_r1,4256.5,4351.2,94.7,1298.5,49.3,0
2386,car,4.5,road_loopA_f0,road_loopA_f1,4226.9,4351.7,124.8,1303.3,37.6,1
2427,car,4.5,road_loopA_f0,road_loopA_f1,4260.0,4353.5,93.5,1302.9,50.2,0
2432,suv,4.8,road_loopA_r0,road_loopA_r1,4263.3,4354.9,91.6,1298.6,51.0,0
2428,suv,4.8,road_loopA_r0,road_loopA_r1,4260.2,4355.7,95.5,1298.2,49.0,0
2426,car,4.5,road_loopA_f0,road_loopA_f1,4259.6,4356.3,96.7,1302.8,48.5,0
2434,car,4.5,road_loopA_r0,road_loopA_r1,4264.2,4357.4,93.2,1298.2,50.1,0
2377,car,4.5,road_loopA_f0,road_loopA_f1,4221.1,4357.5,136.4,1303.5,34.4,1
2346,car,4.5,road_loopA_r0,xloopA_0Bb,4190.4,4357.6,167.2,895.3,19.3,1
2359,car,4.5,road_loopA_f0,xloopA_0Ab,4203.4,4358.1,154.7,505.0,11.8,1
2410,car,4.5,road_loopA_f0,road_loopA_f1,4248.7,4359.1,110.4,1303.7,42.5,0
2355,car,4.5,road_loopA_r0,xloopA_0Bb,4200.0,4360.2,160.2,895.4,20.1,1
2373,car,4.5,road_loopA_f0,road_loopA_f1,4217.1,4360.2,143.1,1303.4,32.8,1
2435,suv,4.8,road_loopA_f0,road_loopA_f1,4268.4,4360.7,92.3,1303.0,50.8,0
2385,suv,4.8,road_loopA_f0,xloopA_0Ab,4225.7,4360.8,135.1,505.5,13.5,1
2433,car,4.5,road_loopA_r0,road_loopA_r1,4263.3,4362.8,99.5,1298.1,47.0,0
2380,car,4.5,road_loopA_r0,xloopA_0Bb,4224.0,4362.9,138.9,895.6,23.2,1
2437,suv,4.8,road_loopA_r0,road_loopA_r1,4270.7,4363.0,92.3,1297.3,50.6,0
2408,car,4.5,road_loopA_f0,road_loopA_f1,4246.0,4363.3,117.3,1303.0,40.0,0
2474,car,4.5,road_loopA_f0,xloopA_0Ab,4302.6,4363.5,60.9,505.4,29.9,1
2397,car,4.5,road_loopA_f0,road_loopA_f1,4236.5,4363.9,127.4,1303.4,36.8,0
2403,car,4.5,road_loopA_f0,road_loopA_f1,4243.1,4365.0,121.9,1303.4,38.5,0
2430,car,4.5,road_loopA_r0,road_loopA_r1,4262.6,4365.3,102.7,1297.4,45.5,0
2436,suv,4.8,road_loopA_r0,road_loopA_r1,4269.5,4365.5,96.0,1297.6,48.7,0
2411,car,4.5,road_loopA_r0,xloopA_0Bb,4249.2,4365.6,116.4,895.8,27.7,1
2351,car,4.5,xloopA_0Ba,road_loopA_f1,4194.8,4365.8,171.0,902.4,19.0,1
2485,car,4.5,road_loopA_f0,xloopA_0Ab,4309.6,4366.1,56.5,505.1,32.2,1
2421,car,4.5,road_loopA_f0,road_loopA_f1,4253.8,4366.3,112.5,1303.0,41.7,0
2438,car,4.5,road_loopA_f0,road_loopA_f1,4276.5,4366.8,90.3,1303.7,52.0,0
2372,car,4.5,road_loopA_f0,road_loopA_f1,4216.4,4367.5,151.1,1304.0,31.1,1
2425,car,4.5,road_loopA_r0,road_loopA_r1,4257.4,4368.2,110.8,1297.8,42.1,0
2429,car,4.5,road_loopA_r0,xloopA_0Bb,4261.3,4368.2,106.9,895.5,30.1,1
2486,car,4.5,road_loopA_f0,xloopA_0Ab,4311.4,4368.8,57.4,505.3,31.7,1
2383,car,4.5,road_loopA_f0,road_loopA_f1,4224.8,4369.1,144.3,1303.6,32.5,1
2400,truck,8.5,road_loopA_f0,road_loopA_f1,4238.7,4369.3,130.6,1303.0,35.9,0
2439,car,4.5,road_loopA_r0,road_loopA_r1,4277.0,4370.4,93.4,1297.4,50.0,0
2389,truck,8.5,road_loopA_f0,road_loopA_f1,4230.0,4371.2,141.2,1302.8,33.2,1
2446,car,4.5,road_loopA_f0,road_loopA_f1,4282.2,4371.7,89.5,1303.9,52.4,0
2398,bus,11.0,road_loopA_f0,road_loopA_f1,4236.5,4371.9,135.4,1303.1,34.7,1
2412,car,4.5,xloopA_0Aa,xloopA_0Ab,4249.4,4372.8,123.4,84.7,2.5,1
2449,car,4.5,road_loopA_r0,road_loopA_r1,4283.4,4373.2,89.8,1297.4,52.0,0
2405,car,4.5,xloopA_0Ba,xloopA_0Bb,4245.3,4373.4,128.1,84.7,2.4,1
2431,car,4.5,xloopA_0Ba,xloopA_0Bb,4263.2,4375.6,112.4,84.5,2.7,1
2419,car,4.5,xloopA_0Aa,xloopA_0Ab,4252.2,4375.7,123.5,84.2,2.5,1
2381,bus,11.0,road_loopA_r0,road_loopA_r1,4224.1,4375.8,151.7,1297.4,30.8,2
2445,car,4.5,xloopA_0Ba,xloopA_0Bb,4281.6,4377.7,96.1,84.2,3.2,1
2442,car,4.5,xloopA_0Aa,xloopA_0Ab,4277.7,4377.8,100.1,84.1,3.0,1
2441,car,4.5,road_loopA_r0,road_loopA_r1,4277.5,4378.2,100.7,1298.2,46.4,0
2473,car,4.5,xloopA_0Ba,xloopA_0Bb,4301.0,4380.1,79.1,84.2,3.8,0
2465,car,4.5,xloopA_0Aa,xloopA_0Ab,4296.2,4380.5,84.3,84.3,3.6,0
2448,suv,4.8,road_loopA_f0,road_loopA_f1,4282.7,4381.3,98.6,1303.4,47.6,0
2452,car,4.5,road_loopA_f0,road_loopA_f1,4285.3,4381.7,96.4,1302.8,48.7,0
2482,car,4.5,xloopA_0Ba,xloopA_0Bb,4306.2,4382.2,76.0,84.4,4.0,0
2466,car,4.5,xloopA_0Aa,xloopA_0Ab,4296.3,4382.3,86.0,84.4,3.5,0
2468,car,4.5,xloopA_0Aa,xloopA_0Ab,4298.1,4384.0,85.9,84.6,3.5,0
2447,suv,4.8,road_loopA_f0,road_loopA_f1,4282.5,4384.4,101.9,1302.8,46.0,0
2454,car,4.5,road_loopA_f0,road_loopA_f1,4286.0,4384.7,98.7,1303.9,47.6,0
2515,car,4.5,xloopA_0Ba,xloopA_0Bb,4338.7,4384.7,46.0,84.6,6.6,0
2476,car,4.5,xloopA_0Aa,xloopA_0Ab,4304.0,4386.2,82.2,84.3,3.7,0
2462,suv,4.8,road_loopA_f0,road_loopA_f1,4295.4,4386.3,90.9,1302.8,51.6,0
2530,car,4.5,xloopA_0Ba,xloopA_0Bb,4358.9,4387.9,29.0,84.1,10.4,0
2503,car,4.5,xloopA_0Aa,xloopA_0Ab,4321.8,4388.2,66.4,84.6,4.6,0
2409,suv,4.8,road_loopA_f0,road_loopA_f1,4247.9,4388.9,141.0,1303.1,33.3,0
2513,car,4.5,xloopA_0Aa,xloopA_0Ab,4334.9,4390.4,55.5,84.5,5.5,0
2444,car,4.5,road_loopA_f0,road_loopA_f1,4281.5,4391.0,109.5,1303.1,42.9,0
2475,car,4.5,road_loopA_f0,road_loopA_f1,4303.7,4393.3,89.6,1303.2,52.3,0
2469,car,4.5,road_loopA_f0,road_loopA_f1,4299.3,4394.6,95.3,1303.8,49.3,0
2478,suv,4.8,road_loopA_f0,road_loopA_f1,4305.0,4395.0,90.0,1303.7,52.2,0
2479,car,4.5,road_loopA_f0,road_loopA_f1,4305.9,4395.2,89.3,1303.0,52.5,0
2488,car,4.5,road_loopA_f0,road_loopA_f1,4312.4,4401.7,89.3,1303.1,52.5,0
2422,car,4.5,road_loopA_r0,xloopA_0Ab,4254.1,4402.8,148.7,869.0,21.0,2
2480,suv,4.8,road_loopA_f0,road_loopA_f1,4305.8,4403.6,97.8,1303.8,48.0,0
2384,bus,11.0,road_loopA_f0,road_loopA_f1,4225.3,4403.9,178.6,1302.9,26.3,2
2495,car,4.5,road_loopA_r0,xloopA_0Ab,4316.4,4406.5,90.1,868.9,34.7,1
2538,suv,4.8,road_loopA_f0,xloopA_0Bb,4365.7,4409.6,43.9,479.1,39.3,0
2498,car,4.5,road_loopA_r0,xloopA_0Ab,4318.1,4410.1,92.0,869.2,34.0,1
2497,car,4.5,road_loopA_r0,xloopA_0Ab,4317.5,4413.6,96.1,868.9,32.5,1
2477,car,4.5,road_loopA_r0,road_loopA_r1,4304.3,4423.8,119.5,1297.9,39.1,1
2492,suv,4.8,road_loopA_r0,xloopA_0Ab,4313.6,4424.8,111.2,869.3,28.1,1
2443,car,4.5,road_loopA_r0,road_loopA_r1,4278.1,4426.0,147.9,1297.9,31.6,1
2481,car,4.5,road_loopA_r0,road_loopA_r1,4306.0,4426.8,120.8,1298.4,38.7,1
2461,car,4.5,road_loopA_r0,road_loopA_r1,4293.6,4430.0,136.4,1298.6,34.3,1
2450,suv,4.8,road_loopA_r0,road_loopA_r1,4283.6,4430.7,147.1,1297.7,31.8,1
2456,suv,4.8,road_loopA_r0,road_loopA_r1,4289.3,4434.5,145.2,1297.6,32.2,1
2464,car,4.5,road_loopA_r0,road_loopA_r1,4295.7,4434.8,139.1,1298.6,33.6,1
2459,car,4.5,road_loopA_r0,road_loopA_r1,4293.0,4435.9,142.9,1297.8,32.7,1
2460,car,4.5,road_loopA_r0,road_loopA_r1,4293.4,4440.0,146.6,1297.3,31.9,1
2453,car,4.5,road_loopA_r0,road_loopA_r1,4285.9,4441.0,155.1,1297.3,30.1,0
2471,car,4.5,road_loopA_r0,road_loopA_r1,4299.7,4442.4,142.7,1297.5,32.7,1
2470,car,4.5,road_loopA_r0,road_loopA_r1,4299.5,4442.9,143.4,1297.9,32.6,1
2458,car,4.5,xloopA_0Aa,road_loopA_r1,4292.6,4443.1,150.5,506.7,12.1,0
2484,car,4.5,road_loopA_r0,road_loopA_r1,4309.5,4444.2,134.7,1298.4,34.7,1
2472,car,4.5,road_loopA_r0,road_loopA_r1,4299.9,4444.8,144.9,1297.5,32.2,1
2491,suv,4.8,road_loopA_r0,road_loopA_r1,4313.4,4444.9,131.5,1298.4,35.5,1
2508,suv,4.8,road_loopA_r0,road_loopA_r1,4327.6,4446.0,118.4,1297.7,39.4,1
2569,car,4.5,road_loopA_f0,xloopA_0Ab,4394.0,4446.4,52.4,505.1,34.7,0
2505,car,4.5,road_loopA_r0,road_loopA_r1,4323.7,4446.6,122.9,1298.4,38.0,1
2467,truck,8.5,road_loopA_r0,xloopA_0Bb,4297.7,4447.2,149.5,895.9,21.6,1
2451,car,4.5,road_loopA_r0,road_loopA_r1,4284.3,4447.7,163.4,1298.1,28.6,1
2509,suv,4.8,road_loopA_r0,road_loopA_r1,4329.0,4448.3,119.3,1298.1,39.2,1
2521,truck,8.5,road_loopA_r0,road_loopA_r1,4348.5,4448.9,100.4,1298.5,46.6,0
2573,car,4.5,road_loopA_f0,xloopA_0Ab,4399.2,4449.0,49.8,505.3,36.5,0
2455,car,4.5,road_loopA_r0,road_loopA_r1,4286.9,4449.3,162.4,1297.5,28.8,1
2501,suv,4.8,road_loopA_f0,road_loopA_f1,4320.6,4449.4,128.8,1304.0,36.4,1
2487,car,4.5,road_loopA_r0,xloopA_0Bb,4311.5,4450.1,138.6,895.3,23.2,1
2512,car,4.5,road_loopA_r0,road_loopA_r1,4333.8,4450.2,116.4,1297.4,40.1,0
2457,car,4.5,road_loopA_r0,road_loopA_r1,4291.2,4451.0,159.8,1298.3,29.2,1
2526,suv,4.8,road_loopA_r0,road_loopA_r1,4352.6,4451.9,99.3,1297.2,47.0,0
2525,car,4.5,road_loopA_r0,road_loopA_r1,4351.7,4452.0,100.3,1298.6,46.6,0
2516,suv,4.8,road_loopA_f0,road_loopA_f1,4341.7,4452.5,110.8,1302.8,42.3,1
2463,car,4.5,road_loopA_r0,road_loopA_r1,4295.6,4452.7,157.1,1298.3,29.8,1
2494,car,4.5,road_loopA_r0,xloopA_0Bb,4314.2,4452.8,138.6,895.7,23.3,1
2524,car,4.5,road_loopA_r0,road_loopA_r1,4351.3,4453.7,102.4,1297.9,45.6,0
2490,car,4.5,road_loopA_r0,road_loopA_r1,4313.0,4454.4,141.4,1297.6,33.0,1
2533,car,4.5,road_loopA_r0,road_loopA_r1,4359.4,4455.1,95.7,1297.7,48.8,0
2520,suv,4.8,road_loopA_f0,road_loopA_f1,4348.6,4455.3,106.7,1303.1,44.0,1
2528,car,4.5,road_loopA_r0,road_loopA_r1,4354.9,4455.5,100.6,1298.3,46.5,0
2507,car,4.5,road_loopA_r0,road_loopA_r1,4327.0,4456.2,129.2,1298.5,36.2,0
2523,truck,8.5,road_loopA_r0,xloopA_0Bb,4350.9,4456.2,105.3,895.2,30.6,1
2496,car,4.5,road_loopA_f0,road_loopA_f1,4317.3,4457.0,139.7,1303.2,33.6,1
2534,car,4.5,road_loopA_r0,road_loopA_r1,4360.4,4457.2,96.8,1298.2,48.3,0
2531,car,4.5,road_loopA_f0,road_loopA_f1,4358.8,4457.8,99.0,1304.2,47.4,0
2519,suv,4.8,road_loopA_r0,road_loopA_r1,4345.8,4457.9,112.1,1298.1,41.7,0
2489,suv,4.8,road_loopA_f0,road_loopA_f1,4312.9,4458.1,145.2,1303.9,32.3,1
2540,car,4.5,road_loopA_r0,road_loopA_r1,4365.8,4459.0,93.2,1298.3,50.2,0
2510,car,4.5,road_loopA_f0,road_loopA_f1,4330.2,4459.9,129.7,1302.9,36.2,1
2514,suv,4.8,road_loopA_r0,road_loopA_r1,4338.4,4459.9,121.5,1297.4,38.5,0
2500,car,4.5,road_loopA_f0,road_loopA_f1,4320.4,4460.2,139.8,1304.0,33.6,1
2539,car,4.5,road_loopA_r0,road_loopA_r1,4365.7,4460.9,95.2,1298.3,49.1,0
2537,suv,4.8,road_loopA_f0,road_loopA_f1,4365.1,4461.1,96.0,1304.0,48.9,0
2560,car,4.5,xloopA_0Ba,xloopA_0Bb,4388.8,4461.2,72.4,84.4,4.2,1
2499,car,4.5,road_loopA_f0,road_loopA_f1,4319.2,4461.6,142.4,1303.4,32.9,1
2527,car,4.5,road_loopA_r0,road_loopA_r1,4352.7,4461.7,109.0,1297.6,42.9,0
2529,car,4.5,road_loopA_r0,road_loopA_r1,4356.0,4463.5,107.5,1298.3,43.5,0
2532,car,4.5,xloopA_0Aa,xloopA_0Ab,4359.4,4463.6,104.2,84.7,2.9,1
2535,car,4.5,road_loopA_f0,road_loopA_f1,4360.6,4463.8,103.2,1303.6,45.5,0
2581,car,4.5,xloopA_0Ba,xloopA_0Bb,4405.3,4464.5,59.2,84.2,5.1,1
2544,suv,4.8,road_loopA_f0,road_loopA_f1,4371.7,4465.6,93.9,1304.0,50.0,0
2614,car,4.5,xloopA_0Ba,xloopA_0Bb,4429.4,4466.8,37.4,84.6,8.1,1
2536,suv,4.8,road_loopA_f0,road_loopA_f1,4363.0,4467.6,104.6,1303.5,44.9,0
2549,car,4.5,road_loopA_f0,road_loopA_f1,4378.8,4468.6,89.8,1304.0,52.3,0
2550,car,4.5,xloopA_0Aa,xloopA_0Ab,4379.6,4468.6,89.0,84.6,3.4,0
2522,car,4.5,road_loopA_f0,road_loopA_f1,4348.8,4469.6,120.8,1303.5,38.8,0
2511,suv,4.8,road_loopA_f0,road_loopA_f1,4332.0,4470.7,138.7,1304.1,33.8,1
2551,suv,4.8,road_loopA_f0,road_loopA_f1,4380.4,4471.5,91.1,1303.7,51.5,0
2552,car,4.5,road_loopA_f0,road_loopA_f1,4381.6,4473.4,91.8,1303.5,51.1,0
2604,car,4.5,xloopA_0Aa,xloopA_0Ab,4420.1,4473.9,53.8,84.3,5.6,0
2554,suv,4.8,road_loopA_f0,road_loopA_f1,4384.3,4474.2,89.9,1303.9,52.2,0
2553,car,4.5,road_loopA_f0,road_loopA_f1,4383.2,4475.6,92.4,1303.1,50.8,0
2609,car,4.5,xloopA_0Aa,xloopA_0Ab,4427.1,4476.1,49.0,84.1,6.2,0
2557,car,4.5,road_loopA_f0,road_loopA_f1,4386.7,4476.8,90.1,1303.0,52.1,0
2556,suv,4.8,road_loopA_f0,road_loopA_f1,4386.0,4478.0,92.0,1302.9,51.0,0
2615,car,4.5,xloopA_0Aa,xloopA_0Ab,4429.5,4478.9,49.4,84.6,6.2,0
2558,suv,4.8,road_loopA_f0,road_loopA_f1,4387.5,4479.8,92.3,1304.0,50.9,0
2564,car,4.5,road_loopA_f0,road_loopA_f1,4389.6,4479.9,90.3,1303.2,52.0,0
2506,car,4.5,xloopA_0Ba,road_loopA_f1,4324.3,4480.4,156.1,903.0,20.8,0
2567,car,4.5,road_loopA_f0,road_loopA_f1,4391.7,4481.8,90.1,1304.0,52.1,0
2493,car,4.5,road_loopA_f0,road_loopA_f1,4313.8,4482.0,168.2,1303.4,27.9,1
2504,suv,4.8,road_loopA_f0,road_loopA_f1,4322.2,4483.6,161.4,1303.1,29.1,1
2565,suv,4.8,road_loopA_f0,road_loopA_f1,4389.8,4483.9,94.1,1302.9,49.9,0
2583,car,4.5,road_loopA_f0,xloopA_0Bb,4405.6,4484.3,78.7,478.8,21.9,1
2502,bus,11.0,road_loopA_r0,road_loopA_r1,4320.6,4484.6,164.0,1297.4,28.5,2
2542,suv,4.8,road_loopA_r0,xloopA_0Ab,4369.9,4485.6,115.7,869.3,27.0,2
2518,truck,8.5,road_loopA_f0,road_loopA_f1,4345.4,4485.8,140.4,1302.9,33.4,0
2630,car,4.5,road_loopA_f0,xloopA_0Bb,4437.8,4491.2,53.4,478.7,32.2,0
2,tram,34.0,loopA,loopA,313.7,4494.6,4180.9,33702.5,29.0,40
2555,truck,8.5,road_loopA_f0,road_loopA_f1,4385.8,4498.4,112.6,1302.8,41.7,0
2589,car,4.5,road_loopA_r0,xloopA_0Ab,4408.3,4504.7,96.4,869.1,32.5,1
2546,car,4.5,road_loopA_r0,road_loopA_r1,4375.8,4511.7,135.9,1298.5,34.4,1
2541,car,4.5,road_loopA_r0,road_loopA_r1,4369.5,4512.5,143.0,1298.0,32.7,1
2548,suv,4.8,road_loopA_r0,road_loopA_r1,4377.0,4516.1,139.1,1297.8,33.6,1
2559,car,4.5,road_loopA_r0,road_loopA_r1,4387.6,4516.2,128.6,1298.2,36.4,1
2563,car,4.5,road_loopA_r0,road_loopA_r1,4389.4,4520.4,131.0,1298.0,35.7,1
2561,car,4.5,road_loopA_r0,road_loopA_r1,4388.7,4520.6,131.9,1298.3,35.4,1
2584,car,4.5,road_loopA_r0,road_loopA_r1,4405.7,4523.2,117.5,1298.6,39.8,1
2570,car,4.5,road_loopA_r0,road_loopA_r1,4394.3,4523.4,129.1,1297.6,36.2,1
2672,car,4.5,road_loopA_f0,xloopA_0Bb,4485.9,4526.3,40.4,478.6,42.6,0
2582,car,4.5,road_loopA_r0,road_loopA_r1,4405.4,4526.4,121.0,1297.9,38.6,1
2588,suv,4.8,road_loopA_r0,road_loopA_r1,4407.6,4527.2,119.6,1297.9,39.1,0
2592,car,4.5,road_loopA_r0,road_loopA_r1,4410.0,4530.3,120.3,1298.4,38.8,0
2596,suv,4.8,road_loopA_r0,road_loopA_r1,4412.4,4530.7,118.3,1298.6,39.5,0
2649,suv,4.8,road_loopA_r0,xloopA_0Ab,4463.9,4531.5,67.6,869.4,46.3,0
2599,car,4.5,road_loopA_r0,road_loopA_r1,4416.4,4533.6,117.2,1297.6,39.8,1
2607,car,4.5,road_loopA_r0,road_loopA_r1,4425.6,4533.8,108.2,1297.8,43.2,0
2652,car,4.5,road_loopA_r0,xloopA_0Ab,4465.3,4534.7,69.4,869.0,45.1,0
2616,car,4.5,road_loopA_r0,road_loopA_r1,4429.4,4535.6,106.2,1297.9,44.0,0
2571,car,4.5,road_loopA_r0,road_loopA_r1,4396.5,4535.8,139.3,1298.5,33.6,1
2574,car,4.5,road_loopA_r0,road_loopA_r1,4399.9,4537.4,137.5,1298.1,34.0,1
2618,car,4.5,road_loopA_r0,road_loopA_r1,4430.9,4537.5,106.6,1298.7,43.8,0
2585,car,4.5,road_loopA_f0,road_loopA_f1,4406.5,4538.5,132.0,1303.7,35.6,1
2579,suv,4.8,road_loopA_r0,road_loopA_r1,4403.1,4539.2,136.1,1297.7,34.3,1
2626,car,4.5,xloopA_0Ba,road_loopA_r1,4436.1,4539.6,103.5,476.7,16.6,0
2629,car,4.5,road_loopA_r0,road_loopA_r1,4436.9,4539.9,103.0,1297.6,45.4,0
2591,suv,4.8,road_loopA_f0,road_loopA_f1,4409.9,4540.5,130.6,1302.8,35.9,1
2622,car,4.5,road_loopA_r0,road_loopA_r1,4434.1,4541.1,107.0,1298.7,43.7,0
2543,car,4.5,road_loopA_r0,road_loopA_r1,4370.1,4541.2,171.1,1297.3,27.3,1
2547,car,4.5,road_loopA_r0,road_loopA_r1,4376.3,4542.9,166.6,1297.5,28.0,1
2632,car,4.5,road_loopA_r0,road_loopA_r1,4440.1,4543.2,103.1,1298.4,45.4,0
2619,car,4.5,road_loopA_r0,road_loopA_r1,4431.3,4543.3,112.0,1298.6,41.7,0
2595,suv,4.8,road_loopA_f0,road_loopA_f1,4411.9,4543.9,132.0,1302.9,35.5,1
2562,suv,4.8,road_loopA_r0,road_loopA_r1,4389.2,4544.6,155.4,1298.0,30.1,1
2620,car,4.5,road_loopA_f0,road_loopA_f1,4431.5,4544.7,113.2,1304.1,41.5,1
2631,car,4.5,road_loopA_r0,road_loopA_r1,4439.8,4545.4,105.6,1297.5,44.2,0
2566,suv,4.8,road_loopA_r0,road_loopA_r1,4390.9,4546.3,155.4,1297.4,30.1,1
2638,car,4.5,road_loopA_r0,road_loopA_r1,4445.5,4546.4,100.9,1298.3,46.3,0
2625,suv,4.8,road_loopA_f0,road_loopA_f1,4434.8,4547.0,112.2,1303.9,41.8,1
2617,car,4.5,road_loopA_r0,road_loopA_r1,4430.5,4547.4,116.9,1298.3,40.0,0
2644,car,4.5,road_loopA_r0,xloopA_0Ab,4452.4,4547.9,95.5,869.2,32.8,1
2576,car,4.5,road_loopA_r0,road_loopA_r1,4400.3,4548.1,147.8,1297.9,31.6,1
2634,car,4.5,road_loopA_f0,road_loopA_f1,4443.1,4549.3,106.2,1302.8,44.1,0
2640,car,4.5,road_loopA_r0,road_loopA_r1,4446.4,4549.5,103.1,1298.5,45.4,0
2580,suv,4.8,road_loopA_r0,road_loopA_r1,4403.2,4549.9,146.7,1298.3,31.9,1
2623,car,4.5,road_loopA_r0,road_loopA_r1,4434.4,4551.5,117.1,1298.2,39.9,0
2590,car,4.5,road_loopA_r0,road_loopA_r1,4408.4,4551.6,143.2,1298.0,32.6,1
2593,car,4.5,road_loopA_r0,road_loopA_r1,4410.1,4553.3,143.2,1297.6,32.6,1
2517,car,4.5,xloopA_0Aa,road_loopA_f1,4342.4,4553.8,211.4,872.0,14.8,1
2602,suv,4.8,road_loopA_r0,road_loopA_r1,4418.0,4554.9,136.9,1298.6,34.2,0
2594,suv,4.8,road_loopA_r0,road_loopA_r1,4410.7,4555.1,144.4,1297.8,32.4,1
2605,suv,4.8,road_loopA_f0,road_loopA_f1,4422.9,4555.3,132.4,1303.6,35.4,1
2597,car,4.5,road_loopA_r0,road_loopA_r1,4413.5,4556.9,143.4,1298.1,32.6,1
2635,car,4.5,road_loopA_r0,road_loopA_r1,4444.1,4557.3,113.2,1297.5,41.3,0
2628,suv,4.8,road_loopA_f0,road_loopA_f1,4436.8,4558.0,121.2,1303.5,38.7,1
2645,car,4.5,road_loopA_r0,road_loopA_r1,4456.2,4558.1,101.9,1298.2,45.9,0
2600,car,4.5,road_loopA_r0,road_loopA_r1,4416.6,4558.7,142.1,1298.6,32.9,1
2612,suv,4.8,road_loopA_f0,road_loopA_f1,4428.4,4559.7,131.3,1303.5,35.7,1
2611,suv,4.8,road_loopA_r0,road_loopA_r1,4427.8,4559.8,132.0,1297.6,35.4,0
2586,car,4.5,road_loopA_r0,xloopA_0Bb,4407.1,4561.0,153.9,895.4,20.9,1
2603,suv,4.8,road_loopA_r0,road_loopA_r1,4420.0,4561.3,141.3,1297.9,33.1,0
2601,car,4.5,road_loopA_f0,xloopA_0Ab,4417.8,4561.5,143.7,505.0,12.6,1
2650,suv,4.8,road_loopA_f0,road_loopA_f1,4464.2,4561.5,97.3,1303.4,48.2,0
2633,car,4.5,road_loopA_r0,road_loopA_r1,4441.9,4561.7,119.8,1298.4,39.0,0
2568,car,4.5,xloopA_0Aa,road_loopA_f1,4391.8,4562.0,170.2,872.0,18.4,0
2545,car,4.5,xloopA_0Aa,road_loopA_f1,4373.7,4562.1,188.4,872.1,16.7,1
2651,car,4.5,road_loopA_f0,road_loopA_f1,4464.5,4563.3,98.8,1303.0,47.5,0
2587,car,4.5,road_loopA_r0,xloopA_0Bb,4407.2,4563.6,156.4,895.4,20.6,1
2575,car,4.5,road_loopA_f0,road_loopA_f1,4400.3,4563.8,163.5,1303.6,28.7,1
2613,suv,4.8,road_loopA_f0,xloopA_0Ab,4429.1,4564.2,135.1,505.6,13.5,1
2639,car,4.5,road_loopA_r0,road_loopA_r1,4445.6,4564.3,118.7,1298.0,39.4,0
2654,car,4.5,road_loopA_r0,road_loopA_r1,4468.0,4564.4,96.4,1298.2,48.5,0
2572,car,4.5,road_loopA_f0,road_loopA_f1,4397.2,4565.6,168.4,1303.0,27.9,1
2657,truck,8.5,road_loopA_f0,road_loopA_f1,4469.8,4565.6,95.8,1304.0,49.0,0
2661,car,4.5,road_loopA_r0,road_loopA_r1,4472.1,4565.6,93.5,1297.3,50.0,0
2636,car,4.5,road_loopA_r0,xloopA_0Bb,4444.2,4566.3,122.1,895.6,26.4,1
2656,car,4.5,road_loopA_r0,road_loopA_r1,4468.8,4566.7,97.9,1297.8,47.7,0
2621,car,4.5,road_loopA_f0,xloopA_0Ab,4433.2,4566.8,133.6,504.9,13.6,1
2577,truck,8.5,road_loopA_f0,road_loopA_f1,4402.1,4566.9,164.8,1303.2,28.5,1
2658,car,4.5,road_loopA_f0,road_loopA_f1,4470.1,4567.6,97.5,1304.1,48.2,0
2659,car,4.5,road_loopA_r0,road_loopA_r1,4471.1,4568.5,97.4,1298.3,48.0,0
2642,truck,8.5,road_loopA_f0,road_loopA_f1,4449.0,4568.9,119.9,1303.4,39.1,0
2663,suv,4.8,road_loopA_r0,road_loopA_r1,4474.5,4569.1,94.6,1298.3,49.4,0
2648,suv,4.8,road_loopA_f0,road_loopA_f1,4463.8,4569.3,105.5,1303.2,44.5,0
2664,suv,4.8,road_loopA_f0,xloopA_0Ab,4476.9,4569.6,92.7,505.7,19.6,1
2646,car,4.5,road_loopA_f0,road_loopA_f1,4457.6,4571.1,113.5,1303.3,41.3,0
2643,suv,4.8,road_loopA_f0,road_loopA_f1,4451.9,4571.3,119.4,1303.2,39.3,0
2624,car,4.5,road_loopA_f0,road_loopA_f1,4434.7,4572.8,138.1,1302.8,34.0,1
2668,car,4.5,road_loopA_r0,road_loopA_r1,4480.4,4572.8,92.4,1297.3,50.6,0
2653,car,4.5,road_loopA_r0,road_loopA_r1,4465.8,4573.5,107.7,1297.2,43.4,0
2610,car,4.5,xloopA_0Aa,road_loopA_f1,4427.5,4574.5,147.0,872.6,21.4,0
2671,car,4.5,road_loopA_r0,road_loopA_r1,4484.6,4574.7,90.1,1297.9,51.8,0
2637,car,4.5,road_loopA_f0,road_loopA_f1,4445.6,4574.8,129.2,1303.2,36.3,0
2655,truck,8.5,road_loopA_r0,road_loopA_r1,4468.7,4575.7,107.0,1297.6,43.7,0
2578,suv,4.8,road_loopA_f0,road_loopA_f1,4402.5,4576.1,173.6,1303.1,27.0,1
2598,truck,8.5,road_loopA_f0,road_loopA_f1,4414.2,4576.8,162.6,1303.6,28.9,1
2696,car,4.5,xloopA_0Ba,xloopA_0Bb,4507.9,4576.9,69.0,84.1,4.4,1
2641,car,4.5,road_loopA_r0,road_loopA_r1,4448.0,4577.2,129.2,1298.1,36.2,0
2667,car,4.5,xloopA_0Aa,xloopA_0Ab,4480.0,4577.3,97.3,84.5,3.1,1
2627,truck,8.5,road_loopA_f0,road_loopA_f1,4436.4,4577.8,141.4,1303.3,33.2,1
2665,car,4.5,road_loopA_r0,road_loopA_r1,4478.0,4577.9,99.9,1298.6,46.8,0
2606,car,4.5,road_loopA_f0,road_loopA_f1,4425.1,4578.4,153.3,1303.8,30.6,1
2724,car,4.5,xloopA_0Ba,xloopA_0Bb,4545.5,4579.0,33.5,84.7,9.1,1
2608,car,4.5,road_loopA_f0,road_loopA_f1,4425.8,4579.2,153.4,1303.2,30.6,1
2686,car,4.5,xloopA_0Aa,xloopA_0Ab,4497.8,4579.4,81.6,84.0,3.7,1
2666,car,4.5,road_loopA_f0,road_loopA_f1,4478.4,4580.0,101.6,1303.4,46.2,0
2660,car,4.5,road_loopA_f0,road_loopA_f1,4471.6,4580.4,108.8,1303.1,43.1,0
2662,car,4.5,road_loopA_f0,road_loopA_f1,4474.3,4581.5,107.2,1303.6,43.8,0
2677,car,4.5,road_loopA_f0,road_loopA_f1,4489.3,4582.1,92.8,1304.1,50.6,0
2675,suv,4.8,road_loopA_f0,road_loopA_f1,4488.8,4583.7,94.9,1303.1,49.4,0
2745,car,4.5,xloopA_0Aa,xloopA_0Ab,4571.0,4583.8,12.8,84.2,23.7,0
2679,suv,4.8,road_loopA_f0,road_loopA_f1,4491.0,4584.4,93.4,1304.1,50.2,0
2670,truck,8.5,road_loopA_f0,road_loopA_f1,4482.4,4585.1,102.7,1303.2,45.7,0
2683,car,4.5,road_loopA_f0,road_loopA_f1,4493.5,4587.3,93.8,1304.1,50.1,0
2673,car,4.5,road_loopA_f0,road_loopA_f1,4487.4,4588.3,100.9,1303.4,46.5,0
2676,car,4.5,road_loopA_f0,road_loopA_f1,4489.0,4590.0,101.0,1303.9,46.5,0
2682,suv,4.8,road_loopA_f0,road_loopA_f1,4493.5,4591.7,98.2,1304.0,47.8,0
2684,car,4.5,road_loopA_r0,xloopA_0Ab,4493.6,4595.5,101.9,869.1,30.7,1
2699,suv,4.8,road_loopA_f0,road_loopA_f1,4510.4,4600.6,90.2,1302.9,52.0,0
2695,car,4.5,road_loopA_r0,xloopA_0Ab,4507.6,4600.9,93.3,868.9,33.5,1
2687,car,4.5,road_loopA_f0,road_loopA_f1,4498.0,4608.5,110.5,1303.8,42.5,0
2689,truck,8.5,road_loopA_f0,road_loopA_f1,4500.8,4609.7,108.9,1303.7,43.1,0
2690,car,4.5,road_loopA_f0,road_loopA_f1,4501.3,4610.1,108.8,1303.7,43.1,0
2740,car,4.5,road_loopA_f0,xloopA_0Bb,4570.3,4610.2,39.9,478.7,43.2,0
2694,car,4.5,road_loopA_f0,road_loopA_f1,4505.2,4611.8,106.6,1304.0,44.0,0
2721,car,4.5,road_loopA_r0,xloopA_0Ab,4542.5,4612.4,69.9,868.9,44.7,0
2757,car,4.5,road_loopA_f0,xloopA_0Bb,4578.7,4618.7,40.0,478.8,43.1,0
2678,suv,4.8,road_loopA_r0,road_loopA_r1,4490.9,4618.9,128.0,1297.9,36.5,1
2680,car,4.5,road_loopA_r0,road_loopA_r1,4493.2,4620.6,127.4,1297.8,36.7,1
2685,car,4.5,road_loopA_r0,road_loopA_r1,4495.2,4621.9,126.7,1298.0,36.9,1
2688,car,4.5,road_loopA_r0,road_loopA_r1,4499.9,4623.7,123.8,1297.4,37.7,1
2718,car,4.5,road_loopA_r0,xloopA_0Ab,4540.9,4624.0,83.1,869.0,37.7,0
2691,car,4.5,road_loopA_r0,road_loopA_r1,4503.8,4625.1,121.3,1297.5,38.5,1
2669,car,4.5,road_loopA_r0,road_loopA_r1,4482.0,4625.6,143.6,1297.4,32.5,1
2693,suv,4.8,road_loopA_r0,road_loopA_r1,4505.1,4626.6,121.5,1297.8,38.4,1
2698,car,4.5,road_loopA_r0,road_loopA_r1,4510.0,4628.5,118.5,1298.1,39.4,1
2674,car,4.5,road_loopA_r0,road_loopA_r1,4488.2,4630.2,142.0,1297.4,32.9,1
2647,bus,11.0,road_loopA_f0,road_loopA_f1,4460.9,4630.8,169.9,1303.0,27.6,2
2712,suv,4.8,road_loopA_r0,road_loopA_r1,4529.5,4631.2,101.7,1298.0,45.9,0
2697,car,4.5,road_loopA_r0,road_loopA_r1,4509.9,4631.3,121.4,1298.1,38.5,1
2701,suv,4.8,road_loopA_r0,road_loopA_r1,4514.2,4632.7,118.5,1298.0,39.4,1
2700,truck,8.5,road_loopA_r0,road_loopA_r1,4511.8,4633.1,121.3,1298.0,38.5,1
2713,truck,8.5,road_loopA_r0,xloopA_0Ab,4529.7,4634.6,104.9,869.1,29.8,1
2704,truck,8.5,road_loopA_r0,road_loopA_r1,4516.3,4634.7,118.4,1297.9,39.5,1
2711,car,4.5,road_loopA_r0,road_loopA_r1,4525.7,4635.7,110.0,1297.3,42.5,0
2709,car,4.5,road_loopA_r0,road_loopA_r1,4521.9,4637.2,115.3,1297.8,40.5,1
2706,car,4.5,road_loopA_r0,road_loopA_r1,4517.8,4638.1,120.3,1297.6,38.8,1
2717,car,4.5,road_loopA_r0,road_loopA_r1,4540.9,4639.4,98.5,1298.1,47.4,0
2726,suv,4.8,road_loopA_r0,road_loopA_r1,4548.7,4641.0,92.3,1297.4,50.6,0
2681,car,4.5,road_loopA_r0,road_loopA_r1,4493.3,4643.5,150.2,1297.8,31.1,1
2723,car,4.5,road_loopA_r0,road_loopA_r1,4545.1,4644.4,99.3,1297.6,47.0,0
2708,car,4.5,road_loopA_f0,road_loopA_f1,4519.4,4646.3,126.9,1303.1,37.0,1
2703,car,4.5,road_loopA_f0,road_loopA_f1,4514.8,4653.1,138.3,1303.8,33.9,1
2705,car,4.5,road_loopA_f0,road_loopA_f1,4517.0,4653.8,136.8,1303.1,34.3,1
2728,bus,11.0,road_loopA_r0,road_loopA_r1,4550.0,4654.5,104.5,1298.0,44.7,0
2714,car,4.5,road_loopA_f0,road_loopA_f1,4530.8,4654.8,124.0,1303.5,37.8,1
2719,car,4.5,road_loopA_f0,road_loopA_f1,4541.5,4656.5,115.0,1303.2,40.8,1
2736,car,4.5,road_loopA_r0,road_loopA_r1,4563.8,4656.6,92.8,1297.9,50.3,0
2715,suv,4.8,road_loopA_f0,road_loopA_f1,4532.2,4657.0,124.8,1303.8,37.6,1
2730,car,4.5,road_loopA_r0,road_loopA_r1,4554.3,4657.4,103.1,1297.7,45.3,0
2727,car,4.5,road_loopA_f0,road_loopA_f1,4549.0,4659.3,110.3,1303.7,42.6,0
2692,car,4.5,xloopA_0Aa,road_loopA_f1,4504.9,4660.5,155.6,872.2,20.2,1
2737,car,4.5,road_loopA_r0,road_loopA_r1,4563.8,4661.8,98.0,1298.4,47.7,0
2702,suv,4.8,road_loopA_f0,road_loopA_f1,4514.4,4662.5,148.1,1303.9,31.7,1
2722,car,4.5,road_loopA_f0,road_loopA_f1,4544.5,4663.4,118.9,1303.1,39.4,1
2741,suv,4.8,road_loopA_r0,road_loopA_r1,4570.5,4663.5,93.0,1298.2,50.3,0
2747,truck,8.5,road_loopA_r0,road_loopA_r1,4571.6,4665.7,94.1,1298.4,49.7,0
2725,suv,4.8,road_loopA_f0,road_loopA_f1,4547.0,4666.5,119.5,1303.9,39.3,0
2753,car,4.5,road_loopA_r0,road_loopA_r1,4576.2,4667.2,91.0,1297.6,51.3,0
2755,suv,4.8,road_loopA_r0,road_loopA_r1,4578.2,4668.2,90.0,1297.7,51.9,0
2738,suv,4.8,road_loopA_f0,road_loopA_f1,4566.1,4668.3,102.2,1303.4,45.9,0
2729,car,4.5,road_loopA_f0,road_loopA_f1,4551.0,4668.6,117.6,1303.8,39.9,0
2758,car,4.5,road_loopA_r0,road_loopA_r1,4578.7,4670.0,91.3,1297.4,51.2,0
2734,suv,4.8,road_loopA_f0,road_loopA_f1,4563.1,4670.2,107.1,1302.9,43.8,0
2720,suv,4.8,road_loopA_f0,road_loopA_f1,4542.1,4671.0,128.9,1303.1,36.4,0
2750,car,4.5,road_loopA_f0,road_loopA_f1,4574.4,4671.0,96.6,1303.6,48.6,0
2743,car,4.5,road_loopA_f0,road_loopA_f1,4570.8,4672.0,101.2,1303.7,46.4,0
2756,suv,4.8,road_loopA_f0,road_loopA_f1,4578.5,4672.4,93.9,1304.1,50.0,0
2735,truck,8.5,road_loopA_r0,road_loopA_r1,4563.7,4672.7,109.0,1298.2,42.9,0
2754,car,4.5,road_loopA_r0,road_loopA_r1,4577.0,4672.7,95.7,1297.7,48.8,0
2732,car,4.5,road_loopA_f0,road_loopA_f1,4561.0,4672.8,111.8,1304.1,42.0,0
2707,car,4.5,road_loopA_r0,xloopA_0Bb,4519.0,4673.5,154.5,895.8,20.9,1
2777,suv,4.8,road_loopA_f0,xloopA_0Ab,4603.9,4674.0,70.1,504.9,25.9,1
2759,car,4.5,road_loopA_f0,road_loopA_f1,4579.0,4674.4,95.4,1303.6,49.2,0
2742,suv,4.8,road_loopA_f0,road_loopA_f1,4570.7,4674.5,103.8,1303.5,45.2,0
2744,suv,4.8,road_loopA_r0,road_loopA_r1,4570.9,4674.6,103.7,1297.8,45.0,0
2760,car,4.5,road_loopA_f0,road_loopA_f1,4579.7,4674.9,95.2,1303.0,49.3,0
2751,car,4.5,road_loopA_r0,road_loopA_r1,4574.5,4675.4,100.9,1297.8,46.3,0
2733,car,4.5,road_loopA_r0,xloopA_0Bb,4562.1,4676.0,113.9,895.3,28.3,1
2752,truck,8.5,road_loopA_f0,road_loopA_f1,4574.9,4676.6,101.7,1302.8,46.1,0
2791,car,4.5,road_loopA_f0,xloopA_0Ab,4615.7,4676.6,60.9,504.9,29.9,1
2731,suv,4.8,road_loopA_f0,road_loopA_f1,4560.3,4678.1,117.8,1303.5,39.9,0
2710,suv,4.8,road_loopA_f0,road_loopA_f1,4521.9,4678.7,156.8,1303.1,29.9,1
2762,car,4.5,road_loopA_r0,xloopA_0Bb,4584.0,4678.7,94.7,895.6,34.1,1
2798,car,4.5,road_loopA_f0,xloopA_0Ab,4618.5,4679.3,60.8,505.2,29.9,1
2739,car,4.5,road_loopA_f0,road_loopA_f1,4569.6,4679.6,110.0,1302.9,42.6,0
2765,car,4.5,road_loopA_f0,road_loopA_f1,4586.7,4681.3,94.6,1303.3,49.6,0
2770,car,4.5,road_loopA_r0,xloopA_0Bb,4596.7,4681.4,84.7,895.7,38.1,0
2815,car,4.5,road_loopA_f0,xloopA_0Ab,4631.5,4682.0,50.5,505.1,36.0,0
2764,car,4.5,road_loopA_f0,road_loopA_f1,4586.7,4684.4,97.7,1303.9,48.0,0
2763,bus,11.0,road_loopA_r0,road_loopA_r1,4585.8,4688.3,102.5,1298.4,45.6,0
2804,car,4.5,xloopA_0Aa,xloopA_0Ab,4620.8,4689.1,68.3,84.5,4.5,1
2773,car,4.5,road_loopA_r0,road_loopA_r1,4598.3,4689.4,91.1,1297.7,51.3,0
2793,car,4.5,xloopA_0Ba,xloopA_0Bb,4617.4,4689.7,72.3,84.1,4.2,1
2766,car,4.5,road_loopA_r0,road_loopA_r1,4589.5,4690.1,100.6,1298.3,46.4,0
2774,car,4.5,road_loopA_f0,road_loopA_f1,4599.2,4691.0,91.8,1304.1,51.2,0
2771,suv,4.8,road_loopA_r0,road_loopA_r1,4596.8,4691.7,94.9,1297.3,49.2,0
2761,car,4.5,road_loopA_r0,road_loopA_r1,4582.4,4691.8,109.4,1297.9,42.7,0
2821,car,4.5,xloopA_0Ba,xloopA_0Bb,4636.6,4692.9,56.3,84.3,5.4,1
2841,car,4.5,xloopA_0Aa,xloopA_0Ab,4650.2,4693.1,42.9,84.2,7.1,1
2749,car,4.5,xloopA_0Aa,road_loopA_f1,4573.1,4693.3,120.2,872.5,26.1,0
2778,car,4.5,road_loopA_f0,road_loopA_f1,4605.6,4695.0,89.4,1303.1,52.5,0
2823,car,4.5,xloopA_0Ba,xloopA_0Bb,4637.1,4695.0,57.9,84.4,5.3,0
2780,car,4.5,road_loopA_f0,road_loopA_f1,4606.9,4696.8,89.9,1303.7,52.2,0
2856,car,4.5,xloopA_0Ba,xloopA_0Bb,4665.1,4696.9,31.8,84.8,9.6,0
2864,car,4.5,xloopA_0Ba,xloopA_0Bb,4673.4,4699.7,26.3,84.2,11.5,0
2783,suv,4.8,road_loopA_f0,road_loopA_f1,4610.2,4705.3,95.1,1304.0,49.3,0
2782,suv,4.8,road_loopA_f0,road_loopA_f1,4609.9,4706.0,96.1,1304.0,48.8,0
2748,suv,4.8,road_loopA_r0,xloopA_0Ab,4572.0,4706.1,134.1,869.4,23.3,2
2789,suv,4.8,road_loopA_f0,road_loopA_f1,4615.5,4707.2,91.7,1303.8,51.2,0
2784,suv,4.8,road_loopA_f0,road_loopA_f1,4611.1,4707.9,96.8,1304.0,48.5,0
2787,car,4.5,road_loopA_f0,road_loopA_f1,4614.4,4709.4,95.0,1303.2,49.4,0
2790,car,4.5,road_loopA_f0,road_loopA_f1,4615.6,4710.0,94.4,1304.0,49.8,0
2792,car,4.5,road_loopA_f0,road_loopA_f1,4616.7,4711.2,94.5,1303.5,49.6,0
2799,suv,4.8,road_loopA_f0,road_loopA_f1,4619.5,4713.0,93.5,1304.0,50.2,0
2805,car,4.5,road_loopA_f0,road_loopA_f1,4622.5,4714.8,92.3,1303.9,50.8,0
2795,suv,4.8,road_loopA_r0,xloopA_0Ab,4617.7,4715.5,97.8,869.2,32.0,3
2785,car,4.5,road_loopA_f0,road_loopA_f1,4611.6,4715.6,104.0,1304.0,45.1,0
2786,car,4.5,road_loopA_r0,xloopA_0Ab,4612.8,4719.2,106.4,869.1,29.4,1
2868,truck,8.5,road_loopA_f0,xloopA_0Bb,4675.6,4721.5,45.9,479.0,37.6,0
2802,car,4.5,road_loopA_f0,road_loopA_f1,4620.3,4726.1,105.8,1303.6,44.3,0
2881,car,4.5,road_loopA_f0,xloopA_0Bb,4688.5,4726.3,37.8,478.8,45.6,0
2850,suv,4.8,road_loopA_r0,xloopA_0Ab,4655.6,4727.9,72.3,869.5,43.3,0
2806,truck,8.5,road_loopA_f0,road_loopA_f1,4622.8,4728.3,105.5,1304.0,44.5,0
2716,bus,11.0,road_loopA_f0,road_loopA_f1,4537.6,4728.8,191.2,1303.4,24.5,2
2769,bus,11.0,road_loopA_f0,road_loopA_f1,4596.5,4732.5,136.0,1303.4,34.5,1
2775,car,4.5,road_loopA_r0,road_loopA_r1,4600.8,4733.1,132.3,1297.5,35.3,1
2768,car,4.5,road_loopA_r0,road_loopA_r1,4595.2,4735.7,140.5,1297.5,33.3,1
2788,car,4.5,road_loopA_r0,road_loopA_r1,4614.9,4735.9,121.0,1298.5,38.6,1
2776,car,4.5,road_loopA_r0,road_loopA_r1,4602.7,4737.4,134.7,1297.9,34.7,1
2796,truck,8.5,road_loopA_r0,road_loopA_r1,4618.1,4739.5,121.4,1298.2,38.5,1
2781,suv,4.8,road_loopA_r0,road_loopA_r1,4608.5,4739.7,131.2,1298.3,35.6,1
1,tram,34.0,loopB,loopB,251.4,4740.4,4489.0,33672.8,27.0,42
2794,car,4.5,road_loopA_r0,road_loopA_r1,4617.5,4741.5,124.0,1298.4,37.7,1
2842,car,4.5,xloopA_0Aa,road_loopA_r1,4650.5,4741.9,91.4,507.0,20.0,0
2772,suv,4.8,road_loopA_r0,road_loopA_r1,4596.8,4743.6,146.8,1298.1,31.8,1
2800,truck,8.5,road_loopA_r0,road_loopA_r1,4619.7,4744.5,124.8,1298.5,37.5,1
2779,suv,4.8,road_loopA_r0,road_loopA_r1,4605.6,4745.3,139.7,1298.6,33.5,1
2822,car,4.5,road_loopA_r0,road_loopA_r1,4636.5,4746.4,109.9,1297.3,42.5,1
2797,car,4.5,road_loopA_r0,road_loopA_r1,4618.3,4747.0,128.7,1298.5,36.3,1
2826,suv,4.8,road_loopA_r0,road_loopA_r1,4638.2,4747.4,109.2,1298.4,42.8,0
2801,suv,4.8,road_loopA_r0,road_loopA_r1,4620.1,4748.7,128.6,1298.3,36.3,1
2828,car,4.5,road_loopA_r0,road_loopA_r1,4639.4,4749.0,109.6,1298.0,42.6,0
2803,car,4.5,road_loopA_r0,road_loopA_r1,4620.2,4750.5,130.3,1298.1,35.9,1
2807,suv,4.8,road_loopA_r0,road_loopA_r1,4623.6,4750.5,126.9,1298.1,36.8,1
2832,suv,4.8,road_loopA_r0,road_loopA_r1,4642.3,4750.8,108.5,1297.7,43.1,0
2811,car,4.5,road_loopA_r0,road_loopA_r1,4629.0,4752.4,123.4,1298.2,37.9,1
2835,car,4.5,road_loopA_r0,road_loopA_r1,4645.6,4752.8,107.2,1297.7,43.6,0
2816,truck,8.5,road_loopA_r0,road_loopA_r1,4631.8,4754.6,122.8,1297.7,38.0,1
2840,truck,8.5,road_loopA_r0,road_loopA_r1,4648.7,4756.2,107.5,1298.5,43.5,0
2825,car,4.5,road_loopA_r0,road_loopA_r1,4637.6,4756.7,119.1,1297.7,39.2,14
2846,car,4.5,road_loopA_r0,road_loopA_r1,4651.8,4758.1,106.3,1297.4,43.9,0
2827,suv,4.8,road_loopA_r0,road_loopA_r1,4638.3,4758.5,120.2,1297.7,38.9,0
2851,suv,4.8,road_loopA_r0,road_loopA_r1,4660.8,4759.9,99.1,1298.2,47.2,0
2831,car,4.5,road_loopA_r0,road_loopA_r1,4641.8,4760.5,118.7,1298.4,39.4,0
2855,car,4.5,road_loopA_r0,road_loopA_r1,4664.4,4760.9,96.5,1297.7,48.4,0
2838,car,4.5,road_loopA_f0,xloopA_0Ab,4647.6,4761.2,113.6,505.3,16.0,1
2813,car,4.5,road_loopA_f0,road_loopA_f1,4629.8,4762.2,132.4,1302.8,35.4,1
2819,truck,8.5,road_loopA_r0,xloopA_0Bb,4632.9,4762.2,129.3,895.8,24.9,2
2833,car,4.5,road_loopA_r0,road_loopA_r1,4645.4,4762.2,116.8,1298.4,40.0,0
2859,car,4.5,road_loopA_r0,road_loopA_r1,4667.5,4762.9,95.4,1298.1,49.0,0
2837,car,4.5,road_loopA_r0,road_loopA_r1,4646.9,4763.0,116.1,1297.5,40.2,0
2874,car,4.5,road_loopA_f0,xloopA_0Ab,4680.6,4763.8,83.2,505.3,21.9,1
2845,car,4.5,road_loopA_r0,road_loopA_r1,4651.3,4764.2,112.9,1297.9,41.4,0
2860,car,4.5,road_loopA_r0,road_loopA_r1,4667.6,4764.5,96.9,1297.3,48.2,0
2867,suv,4.8,road_loopA_r0,xloopA_0Bb,4675.5,4765.2,89.7,895.9,36.0,0
2809,car,4.5,road_loopA_f0,road_loopA_f1,4627.8,4765.9,138.1,1303.0,34.0,1
2862,car,4.5,road_loopA_r0,road_loopA_r1,4672.2,4765.9,93.7,1297.7,49.9,0
2848,truck,8.5,road_loopA_r0,road_loopA_r1,4654.1,4766.4,112.3,1298.1,41.6,0
2875,car,4.5,road_loopA_f0,xloopA_0Ab,4681.0,4766.4,85.4,505.0,21.3,1
2866,car,4.5,road_loopA_r0,road_loopA_r1,4673.4,4767.8,94.4,1298.5,49.5,0
2858,car,4.5,road_loopA_r0,road_loopA_r1,4667.0,4768.5,101.5,1298.5,46.1,0
2824,car,4.5,road_loopA_f0,road_loopA_f1,4637.2,4769.0,131.8,1302.8,35.6,1
2873,car,4.5,road_loopA_r0,road_loopA_r1,4679.7,4770.3,90.6,1298.0,51.6,0
2808,suv,4.8,road_loopA_r0,road_loopA_r1,4623.9,4770.6,146.7,1297.9,31.9,1
2830,suv,4.8,road_loopA_f0,road_loopA_f1,4641.8,4771.8,130.0,1302.8,36.1,1
2836,car,4.5,road_loopA_f0,road_loopA_f1,4646.9,4773.7,126.8,1303.4,37.0,1
2889,car,4.5,xloopA_0Ba,xloopA_0Bb,4692.7,4773.7,81.0,84.1,3.7,1
2899,car,4.5,xloopA_0Aa,xloopA_0Ab,4707.7,4774.1,66.4,84.5,4.6,1
2876,suv,4.8,road_loopA_r0,road_loopA_r1,4681.8,4774.3,92.5,1298.4,50.5,0
2869,car,4.5,road_loopA_r0,road_loopA_r1,4675.7,4775.4,99.7,1298.1,46.9,0
2844,truck,8.5,road_loopA_f0,road_loopA_f1,4651.4,4776.0,124.6,1303.8,37.7,1
2900,car,4.5,xloopA_0Aa,xloopA_0Ab,4709.5,4776.2,66.7,84.3,4.5,1
2849,car,4.5,road_loopA_f0,road_loopA_f1,4655.6,4776.3,120.7,1303.6,38.9,1
2926,car,4.5,xloopA_0Ba,xloopA_0Bb,4734.9,4777.8,42.9,84.0,7.1,1
2853,car,4.5,road_loopA_f0,road_loopA_f1,4664.0,4778.1,114.1,1303.1,41.1,1
2902,car,4.5,xloopA_0Aa,xloopA_0Ab,4712.8,4778.4,65.6,84.2,4.6,1
2935,car,4.5,xloopA_0Ba,xloopA_0Bb,4743.0,4779.9,36.9,84.4,8.2,1
2861,car,4.5,road_loopA_f0,road_loopA_f1,4668.3,4780.1,111.8,1304.0,42.0,0
2952,car,4.5,xloopA_0Aa,xloopA_0Ab,4760.4,4780.5,20.1,84.0,15.0,0
2936,car,4.5,xloopA_0Ba,xloopA_0Bb,4744.5,4781.9,37.4,84.2,8.1,0
2879,car,4.5,road_loopA_f0,road_loopA_f1,4683.1,4782.2,99.1,1303.0,47.4,0
2839,car,4.5,road_loopA_f0,road_loopA_f1,4648.4,4784.7,136.3,1302.8,34.4,1
2884,car,4.5,road_loopA_f0,road_loopA_f1,4690.3,4786.8,96.5,1304.1,48.7,0
2870,car,4.5,road_loopA_f0,road_loopA_f1,4676.1,4790.0,113.9,1304.0,41.2,0
2887,truck,8.5,road_loopA_f0,road_loopA_f1,4692.2,4792.3,100.1,1303.8,46.9,0
2891,car,4.5,road_loopA_f0,road_loopA_f1,4695.9,4795.5,99.6,1303.2,47.1,0
2894,suv,4.8,road_loopA_f0,road_loopA_f1,4700.6,4796.8,96.2,1303.9,48.8,0
2857,car,4.5,road_loopA_f0,road_loopA_f1,4665.3,4799.2,133.9,1304.1,35.1,0
2852,bus,11.0,road_loopA_r0,road_loopA_r1,4661.1,4799.3,138.2,1297.3,33.8,1
2922,truck,8.5,road_loopA_f0,xloopA_0Bb,4731.6,4802.0,70.4,479.0,24.5,1
2877,car,4.5,road_loopA_f0,road_loopA_f1,4682.1,4802.6,120.5,1303.1,38.9,0
2812,car,4.5,xloopA_0Aa,road_loopA_f1,4629.7,4802.7,173.0,872.1,18.1,1
2810,suv,4.8,road_loopA_f0,road_loopA_f1,4628.6,4804.4,175.8,1303.1,26.7,1
2882,truck,8.5,road_loopA_f0,road_loopA_f1,4688.4,4804.4,116.0,1303.8,40.5,0
2767,car,4.5,xloopA_0Ba,road_loopA_f1,4590.1,4804.6,214.5,902.8,15.2,1
2814,car,4.5,road_loopA_f0,road_loopA_f1,4630.7,4806.2,175.5,1303.7,26.7,1
2880,car,4.5,road_loopA_f0,road_loopA_f1,4683.9,4806.5,122.6,1304.2,38.3,0
2817,truck,8.5,road_loopA_f0,road_loopA_f1,4632.0,4806.8,174.8,1303.2,26.8,1
2818,car,4.5,road_loopA_f0,road_loopA_f1,4632.7,4808.1,175.4,1303.6,26.8,1
2834,car,4.5,road_loopA_f0,road_loopA_f1,4645.6,4808.8,163.2,1303.1,28.7,1
2897,car,4.5,road_loopA_f0,road_loopA_f1,4705.8,4808.8,103.0,1303.5,45.6,0
2829,car,4.5,road_loopA_f0,road_loopA_f1,4639.9,4809.8,169.9,1303.5,27.6,1
2863,car,4.5,road_loopA_f0,road_loopA_f1,4672.8,4810.5,137.7,1303.0,34.1,0
2872,car,4.5,road_loopA_f0,road_loopA_f1,4677.8,4811.4,133.6,1303.0,35.1,0
2847,car,4.5,road_loopA_f0,road_loopA_f1,4653.7,4811.5,157.8,1303.2,29.7,1
2854,suv,4.8,road_loopA_f0,road_loopA_f1,4664.2,4813.4,149.2,1302.8,31.4,0
2896,car,4.5,road_loopA_f0,road_loopA_f1,4705.4,4813.7,108.3,1303.9,43.3,0
2865,car,4.5,road_loopA_f0,road_loopA_f1,4673.4,4814.6,141.2,1302.8,33.2,0
2883,car,4.5,road_loopA_r0,road_loopA_r1,4690.0,4816.5,126.5,1298.1,36.9,1
2974,car,4.5,road_loopA_f0,xloopA_0Bb,4777.1,4817.3,40.2,478.6,42.9,0
2886,car,4.5,road_loopA_r0,road_loopA_r1,4691.1,4818.0,126.9,1297.9,36.8,1
2890,car,4.5,road_loopA_r0,road_loopA_r1,4695.9,4819.5,123.6,1298.4,37.8,1
2885,car,4.5,road_loopA_f0,road_loopA_f1,4690.6,4820.2,129.6,1303.0,36.2,0
2975,car,4.5,road_loopA_f0,xloopA_0Bb,4778.0,4820.6,42.6,478.7,40.4,0
2893,suv,4.8,road_loopA_r0,road_loopA_r1,4698.2,4822.2,124.0,1297.8,37.7,1
2910,car,4.5,road_loopA_r0,xloopA_0Ab,4719.1,4823.0,103.9,869.1,30.1,1
2892,truck,8.5,road_loopA_r0,road_loopA_r1,4698.1,4825.0,126.9,1298.6,36.8,1
2903,car,4.5,road_loopA_r0,road_loopA_r1,4715.0,4826.6,111.6,1298.1,41.9,1
2898,car,4.5,road_loopA_r0,road_loopA_r1,4707.4,4826.9,119.5,1297.9,39.1,1
2888,car,4.5,road_loopA_r0,road_loopA_r1,4692.2,4829.0,136.8,1298.3,34.2,1
2908,car,4.5,road_loopA_r0,road_loopA_r1,4718.0,4830.3,112.3,1297.5,41.6,1
2914,suv,4.8,road_loopA_r0,road_loopA_r1,4723.4,4831.1,107.7,1297.8,43.4,0
2929,suv,4.8,road_loopA_r0,road_loopA_r1,4738.8,4833.0,94.2,1297.8,49.6,0
2958,car,4.5,xloopA_0Ba,road_loopA_r1,4763.1,4833.5,70.4,476.8,24.4,0
2895,car,4.5,road_loopA_r0,road_loopA_r1,4705.3,4833.8,128.5,1297.3,36.3,1
2878,suv,4.8,road_loopA_r0,road_loopA_r1,4682.4,4835.6,153.2,1297.9,30.5,1
2909,car,4.5,road_loopA_r0,road_loopA_r1,4718.2,4836.3,118.1,1298.3,39.6,0
2907,car,4.5,road_loopA_r0,road_loopA_r1,4717.9,4837.3,119.4,1297.5,39.1,1
2918,car,4.5,road_loopA_r0,road_loopA_r1,4726.8,4838.1,111.3,1297.4,42.0,0
2905,truck,8.5,road_loopA_r0,road_loopA_r1,4716.7,4839.9,123.2,1297.5,37.9,0
2919,suv,4.8,road_loopA_r0,road_loopA_r1,4727.7,4840.2,112.5,1297.4,41.5,0
2932,car,4.5,road_loopA_r0,road_loopA_r1,4739.9,4841.3,101.4,1298.0,46.1,0
2920,suv,4.8,road_loopA_r0,road_loopA_r1,4728.8,4842.2,113.4,1297.3,41.2,0
2942,car,4.5,road_loopA_r0,road_loopA_r1,4751.2,4842.6,91.4,1298.5,51.1,0
2934,car,4.5,road_loopA_r0,road_loopA_r1,4741.8,4843.1,101.3,1298.3,46.2,0
2995,truck,8.5,road_loopA_f0,xloopA_0Bb,4792.6,4843.6,51.0,478.9,33.8,0
2913,suv,4.8,road_loopA_f0,road_loopA_f1,4722.8,4843.9,121.1,1303.7,38.8,1
2945,car,4.5,road_loopA_r0,road_loopA_r1,4753.1,4844.3,91.2,1297.6,51.2,0
3003,suv,4.8,road_loopA_f0,xloopA_0Bb,4799.1,4846.7,47.6,479.1,36.2,0
2927,car,4.5,road_loopA_r0,road_loopA_r1,4737.3,4847.2,109.9,1297.9,42.5,0
2947,truck,8.5,road_loopA_r0,road_loopA_r1,4754.2,4847.5,93.3,1298.3,50.1,0
2915,truck,8.5,road_loopA_r0,road_loopA_r1,4723.6,4848.3,124.7,1297.5,37.5,0
2871,bus,11.0,road_loopA_f0,road_loopA_f1,4677.2,4850.2,173.0,1303.5,27.1,2
2904,suv,4.8,road_loopA_f0,road_loopA_f1,4716.2,4850.2,134.0,1303.8,35.0,1
2946,car,4.5,road_loopA_r0,road_loopA_r1,4753.2,4850.9,97.7,1298.2,47.8,0
2916,car,4.5,road_loopA_f0,road_loopA_f1,4724.6,4851.0,126.4,1303.0,37.1,1
2944,car,4.5,road_loopA_r0,road_loopA_r1,4752.5,4852.9,100.4,1298.3,46.5,0
2921,car,4.5,road_loopA_f0,road_loopA_f1,4730.2,4853.2,123.0,1304.1,38.2,1
2959,car,4.5,road_loopA_r0,road_loopA_r1,4763.5,4853.6,90.1,1298.5,51.9,0
2928,car,4.5,road_loopA_f0,road_loopA_f1,4737.7,4855.8,118.1,1303.2,39.7,1
2941,car,4.5,road_loopA_f0,road_loopA_f1,4749.8,4857.7,107.9,1303.7,43.5,0
2940,car,4.5,road_loopA_r0,road_loopA_r1,4748.5,4858.5,110.0,1298.1,42.5,0
2843,bus,11.0,road_loopA_r0,road_loopA_r1,4651.1,4859.2,208.1,1297.5,22.4,3
2943,car,4.5,road_loopA_f0,road_loopA_f1,4752.1,4859.6,107.5,1303.5,43.7,0
2906,truck,8.5,road_loopA_f0,road_loopA_f1,4717.5,4859.7,142.2,1302.8,33.0,1
2963,car,4.5,road_loopA_r0,road_loopA_r1,4769.5,4859.7,90.2,1298.0,51.8,0
2912,car,4.5,road_loopA_f0,road_loopA_f1,4722.8,4860.5,137.7,1303.8,34.1,1
2968,suv,4.8,road_loopA_r0,road_loopA_r1,4772.3,4861.5,89.2,1298.3,52.4,0
2950,car,4.5,road_loopA_f0,road_loopA_f1,4756.7,4861.8,105.1,1303.3,44.6,0
2962,car,4.5,road_loopA_r0,road_loopA_r1,4768.4,4862.0,93.6,1298.1,49.9,0
2925,suv,4.8,road_loopA_f0,road_loopA_f1,4734.8,4862.1,127.3,1303.0,36.8,1
2917,truck,8.5,road_loopA_f0,road_loopA_f1,4724.7,4862.2,137.5,1303.4,34.1,1
2969,car,4.5,road_loopA_r0,road_loopA_r1,4772.8,4863.8,91.0,1298.3,51.4,0
2938,car,4.5,road_loopA_f0,road_loopA_f1,4747.4,4864.2,116.8,1303.1,40.2,1
2923,car,4.5,road_loopA_f0,road_loopA_f1,4733.8,4864.3,130.5,1303.9,36.0,1
2931,suv,4.8,road_loopA_r0,road_loopA_r1,4739.3,4864.9,125.6,1297.3,37.2,0
2955,car,4.5,road_loopA_f0,road_loopA_f1,4761.4,4865.4,104.0,1303.0,45.1,0
2930,car,4.5,road_loopA_f0,road_loopA_f1,4739.1,4865.9,126.8,1302.9,37.0,1
2971,car,4.5,road_loopA_r0,road_loopA_r1,4775.1,4866.2,91.1,1297.7,51.3,0
2953,suv,4.8,road_loopA_r0,road_loopA_r1,4760.4,4866.7,106.3,1298.3,44.0,0
2965,car,4.5,road_loopA_r0,road_loopA_r1,4770.2,4868.3,98.1,1297.4,47.6,0
2970,car,4.5,road_loopA_f0,road_loopA_f1,4773.8,4868.9,95.1,1303.9,49.4,0
2939,car,4.5,road_loopA_f0,road_loopA_f1,4748.4,4869.7,121.3,1303.8,38.7,0
2924,suv,4.8,road_loopA_f0,xloopA_0Ab,4734.3,4871.5,137.2,504.9,13.3,1
2949,suv,4.8,road_loopA_f0,road_loopA_f1,4756.0,4871.5,115.5,1304.0,40.6,0
2973,car,4.5,road_loopA_f0,road_loopA_f1,4775.9,4872.0,96.1,1303.9,48.9,0
2901,truck,8.5,road_loopA_r0,xloopA_0Bb,4709.7,4872.2,162.5,895.9,19.8,1
2966,car,4.5,road_loopA_r0,road_loopA_r1,4770.7,4873.7,103.0,1297.4,45.4,0
2964,car,4.5,road_loopA_f0,xloopA_0Ab,4770.1,4874.2,104.1,505.4,17.5,1
2979,car,4.5,road_loopA_f0,road_loopA_f1,4779.0,4874.9,95.9,1303.1,48.9,0
2933,car,4.5,road_loopA_r0,xloopA_0Bb,4740.2,4875.1,134.9,895.3,23.9,1
2951,car,4.5,road_loopA_f0,road_loopA_f1,4758.0,4875.2,117.2,1303.9,40.0,0
2937,car,4.5,road_loopA_f0,road_loopA_f1,4745.2,4876.0,130.8,1303.8,35.9,0
2984,truck,8.5,road_loopA_r0,road_loopA_r1,4781.4,4876.0,94.6,1298.1,49.4,0
2981,suv,4.8,road_loopA_r0,road_loopA_r1,4780.7,4876.2,95.5,1298.1,48.9,0
2985,suv,4.8,road_loopA_f0,road_loopA_f1,4782.0,4876.7,94.7,1303.8,49.5,0
2961,car,4.5,road_loopA_f0,road_loopA_f1,4767.2,4876.8,109.6,1303.5,42.8,0
3028,suv,4.8,road_loopA_f0,xloopA_0Ab,4819.1,4876.9,57.8,504.9,31.5,0
2954,suv,4.8,road_loopA_f0,road_loopA_f1,4760.5,4877.6,117.1,1303.9,40.1,0
2948,car,4.5,road_loopA_r0,xloopA_0Bb,4755.7,4877.8,122.1,895.6,26.4,1
2982,car,4.5,road_loopA_f0,road_loopA_f1,4781.2,4878.6,97.4,1304.1,48.2,0
2956,car,4.5,road_loopA_f0,road_loopA_f1,4761.9,4879.3,117.4,1304.0,40.0,0
2983,suv,4.8,road_loopA_f0,road_loopA_f1,4781.2,4879.5,98.3,1303.4,47.7,0
2988,car,4.5,road_loopA_r0,road_loopA_r1,4784.8,4880.4,95.6,1297.4,48.9,0
2993,car,4.5,road_loopA_f0,road_loopA_f1,4790.0,4880.6,90.6,1303.8,51.8,0
2994,suv,4.8,road_loopA_r0,road_loopA_r1,4791.7,4880.6,88.9,1297.3,52.5,0
2957,suv,4.8,road_loopA_f0,road_loopA_f1,4762.3,4881.0,118.7,1303.4,39.5,0
2989,suv,4.8,road_loopA_f0,road_loopA_f1,4786.9,4881.1,94.2,1303.6,49.8,0
2960,car,4.5,road_loopA_f0,road_loopA_f1,4766.0,4882.8,116.8,1302.8,40.1,0
2986,suv,4.8,road_loopA_f0,road_loopA_f1,4782.4,4882.9,100.5,1303.5,46.7,0
2997,suv,4.8,road_loopA_r0,road_loopA_r1,4792.8,4883.3,90.5,1297.5,51.6,0
2998,car,4.5,road_loopA_r0,road_loopA_r1,4794.1,4884.4,90.3,1297.4,51.7,0
2967,suv,4.8,road_loopA_f0,road_loopA_f1,4771.3,4884.6,113.3,1304.0,41.4,0
2972,car,4.5,road_loopA_f0,road_loopA_f1,4775.7,4885.6,109.9,1303.5,42.7,0
2999,car,4.5,road_loopA_r0,road_loopA_r1,4796.6,4886.5,89.9,1297.6,52.0,0
3007,car,4.5,xloopA_0Aa,xloopA_0Ab,4800.9,4886.6,85.7,84.8,3.6,1
3000,car,4.5,road_loopA_f0,road_loopA_f1,4797.4,4886.8,89.4,1303.1,52.5,0
2976,car,4.5,road_loopA_f0,road_loopA_f1,4778.1,4887.2,109.1,1303.1,43.0,0
2980,car,4.5,road_loopA_f0,road_loopA_f1,4779.6,4887.3,107.7,1303.6,43.6,0
3002,car,4.5,road_loopA_r0,road_loopA_r1,4799.0,4888.6,89.6,1297.3,52.1,0
3004,car,4.5,road_loopA_f0,road_loopA_f1,4799.3,4889.2,89.9,1303.3,52.2,0
2990,car,4.5,road_loopA_f0,road_loopA_f1,4787.6,4889.8,102.2,1304.0,45.9,0
3067,car,4.5,xloopA_0Ba,xloopA_0Bb,4856.1,4890.4,34.3,84.3,8.9,1
2992,car,4.5,road_loopA_r0,road_loopA_r1,4789.6,4890.6,101.0,1297.3,46.2,0
3005,car,4.5,road_loopA_f0,road_loopA_f1,4799.4,4891.0,91.6,1303.9,51.2,0
3030,car,4.5,xloopA_0Aa,xloopA_0Ab,4822.6,4891.4,68.8,84.1,4.4,1
3077,car,4.5,xloopA_0Ba,xloopA_0Bb,4864.1,4892.6,28.5,84.2,10.6,0
2996,suv,4.8,road_loopA_f0,road_loopA_f1,4792.7,4894.3,101.6,1304.0,46.2,0
3009,suv,4.8,road_loopA_f0,road_loopA_f1,4805.3,4895.3,90.0,1303.4,52.2,0
3008,car,4.5,road_loopA_f0,road_loopA_f1,4804.9,4899.3,94.4,1303.1,49.7,0
3001,car,4.5,road_loopA_f0,road_loopA_f1,4798.6,4901.2,102.6,1303.1,45.7,0
3017,car,4.5,road_loopA_f0,road_loopA_f1,4812.6,4902.0,89.4,1303.1,52.5,0
3035,car,4.5,road_loopA_f0,xloopA_0Bb,4830.3,4903.7,73.4,478.8,23.5,1
3019,car,4.5,road_loopA_f0,road_loopA_f1,4813.5,4903.9,90.4,1303.4,51.9,0
3021,suv,4.8,road_loopA_f0,road_loopA_f1,4813.8,4905.2,91.4,1303.0,51.3,0
3025,car,4.5,road_loopA_f0,road_loopA_f1,4817.3,4907.0,89.7,1303.3,52.3,0
3076,car,4.5,road_loopA_f0,xloopA_0Bb,4863.4,4913.1,49.7,478.6,34.6,0
3027,car,4.5,road_loopA_r0,xloopA_0Ab,4818.9,4913.2,94.3,869.0,33.2,1
2987,bus,11.0,road_loopA_f0,road_loopA_f1,4783.5,4915.3,131.8,1303.9,35.6,1
3029,car,4.5,road_loopA_f0,road_loopA_f1,4821.5,4916.2,94.7,1303.4,49.6,0
3044,car,4.5,road_loopA_r0,xloopA_0Ab,4834.7,4916.2,81.5,869.3,38.4,0
3020,car,4.5,road_loopA_f0,road_loopA_f1,4813.6,4918.3,104.7,1303.9,44.8,0
3026,car,4.5,road_loopA_f0,road_loopA_f1,4818.1,4920.0,101.9,1303.5,46.0,0
3022,car,4.5,road_loopA_f0,road_loopA_f1,4816.2,4921.7,105.5,1303.1,44.5,0
3018,suv,4.8,road_loopA_f0,road_loopA_f1,4812.8,4924.0,111.2,1302.9,42.2,0
2911,bus,11.0,road_loopA_f0,road_loopA_f1,4719.4,4924.2,204.8,1303.1,22.9,3
3060,suv,4.8,road_loopA_r0,xloopA_0Ab,4852.9,4926.9,74.0,869.3,42.3,0
3011,car,4.5,road_loopA_r0,road_loopA_r1,4807.2,4929.1,121.9,1297.4,38.3,1
3064,car,4.5,road_loopA_r0,xloopA_0Ab,4855.3,4930.2,74.9,869.2,41.8,0
3013,car,4.5,road_loopA_r0,road_loopA_r1,4807.9,4930.6,122.7,1298.5,38.1,1
3012,car,4.5,road_loopA_r0,road_loopA_r1,4807.3,4933.0,125.7,1298.0,37.2,1
3041,suv,4.8,road_loopA_r0,xloopA_0Ab,4833.1,4933.0,99.9,869.0,31.3,2
2991,car,4.5,xloopA_0Ba,road_loopA_r1,4788.5,4934.1,145.6,476.5,11.8,1
3014,car,4.5,road_loopA_r0,road_loopA_r1,4810.1,4934.3,124.2,1297.3,37.6,1
3111,suv,4.8,road_loopA_f0,xloopA_0Bb,4898.2,4938.3,40.1,478.9,43.0,0
3015,car,4.5,road_loopA_r0,road_loopA_r1,4810.6,4939.7,129.1,1298.5,36.2,1
3006,truck,8.5,road_loopA_r0,road_loopA_r1,4799.5,4940.0,140.5,1297.3,33.2,1
3034,suv,4.8,road_loopA_r0,road_loopA_r1,4829.6,4941.6,112.0,1297.3,41.7,1
3016,car,4.5,road_loopA_r0,road_loopA_r1,4811.6,4942.0,130.4,1297.6,35.8,1
3031,suv,4.8,road_loopA_r0,road_loopA_r1,4826.9,4943.5,116.6,1297.8,40.1,1
3024,car,4.5,road_loopA_r0,road_loopA_r1,4817.1,4943.7,126.6,1297.8,36.9,1
2977,car,4.5,xloopA_0Aa,road_loopA_r1,4778.6,4944.6,166.0,506.9,11.0,1
3038,car,4.5,road_loopA_r0,road_loopA_r1,4832.0,4944.8,112.8,1298.5,41.4,1
3032,car,4.5,road_loopA_r0,road_loopA_r1,4828.0,4945.6,117.6,1298.5,39.7,0
3047,car,4.5,road_loopA_r0,road_loopA_r1,4842.2,4946.7,104.5,1297.9,44.7,0
3010,truck,8.5,road_loopA_r0,road_loopA_r1,4806.4,4946.8,140.4,1298.1,33.3,1
3036,car,4.5,road_loopA_r0,road_loopA_r1,4831.5,4947.6,116.1,1298.4,40.3,0
3045,car,4.5,road_loopA_r0,road_loopA_r1,4835.9,4948.7,112.8,1297.8,41.4,0
3059,car,4.5,road_loopA_r0,road_loopA_r1,4852.3,4948.9,96.6,1298.2,48.4,0
3039,car,4.5,road_loopA_r0,road_loopA_r1,4832.3,4949.4,117.1,1298.1,39.9,0
3051,suv,4.8,road_loopA_r0,road_loopA_r1,4848.8,4950.3,101.5,1297.3,46.0,0
3046,suv,4.8,road_loopA_r0,road_loopA_r1,4837.8,4951.1,113.3,1297.4,41.2,0
3052,suv,4.8,road_loopA_r0,road_loopA_r1,4849.1,4951.8,102.7,1298.4,45.5,0
3040,suv,4.8,road_loopA_r0,road_loopA_r1,4832.9,4954.0,121.1,1297.3,38.6,0
3053,suv,4.8,road_loopA_r0,road_loopA_r1,4849.8,4954.6,104.8,1298.4,44.6,0
3050,car,4.5,road_loopA_r0,road_loopA_r1,4848.8,4957.5,108.7,1298.5,43.0,0
3023,suv,4.8,road_loopA_r0,road_loopA_r1,4816.6,4958.1,141.5,1297.8,33.0,1
3054,suv,4.8,road_loopA_r0,road_loopA_r1,4850.1,4959.2,109.1,1297.3,42.8,0
3042,car,4.5,road_loopA_r0,road_loopA_r1,4834.0,4959.9,125.9,1297.7,37.1,0
3081,car,4.5,road_loopA_r0,road_loopA_r1,4869.1,4960.8,91.7,1297.3,50.9,0
3048,car,4.5,road_loopA_r0,road_loopA_r1,4844.6,4961.6,117.0,1297.9,39.9,0
3037,suv,4.8,road_loopA_f0,road_loopA_f1,4831.8,4961.7,129.9,1303.8,36.1,1
3083,suv,4.8,road_loopA_r0,xloopA_0Ab,4871.9,4962.3,90.4,869.4,34.6,1
3056,car,4.5,road_loopA_r0,road_loopA_r1,4850.4,4962.4,112.0,1297.8,41.7,0
3068,suv,4.8,road_loopA_f0,road_loopA_f1,4858.0,4962.7,104.7,1303.6,44.8,0
3062,car,4.5,road_loopA_f0,road_loopA_f1,4854.7,4963.5,108.8,1303.9,43.2,1
3057,suv,4.8,road_loopA_r0,road_loopA_r1,4851.3,4963.7,112.4,1297.4,41.6,0
3066,car,4.5,road_loopA_f0,road_loopA_f1,4856.1,4965.2,109.1,1302.8,43.0,0
3088,suv,4.8,road_loopA_r0,road_loopA_r1,4876.9,4966.3,89.4,1297.8,52.3,0
3089,car,4.5,road_loopA_r0,road_loopA_r1,4876.9,4966.4,89.5,1298.2,52.2,0
2978,bus,11.0,road_loopA_r0,road_loopA_r1,4778.8,4967.3,188.5,1298.1,24.8,3
3069,car,4.5,road_loopA_f0,road_loopA_f1,4858.9,4967.8,108.9,1303.2,43.1,0
3090,suv,4.8,road_loopA_r0,road_loopA_r1,4877.0,4968.2,91.2,1298.5,51.3,0
3058,car,4.5,road_loopA_f0,road_loopA_f1,4852.4,4971.4,119.0,1303.6,39.4,1
3095,car,4.5,road_loopA_r0,road_loopA_r1,4879.5,4973.1,93.6,1298.2,49.9,0
3075,car,4.5,road_loopA_f0,road_loopA_f1,4863.3,4974.1,110.8,1302.8,42.3,0
3145,car,4.5,road_loopA_f0,xloopA_0Bb,4932.9,4975.5,42.6,478.7,40.4,0
3086,car,4.5,road_loopA_f0,road_loopA_f1,4873.8,4977.3,103.5,1304.0,45.4,0
3070,car,4.5,road_loopA_f0,road_loopA_f1,4860.7,4977.7,117.0,1304.0,40.1,0
3078,truck,8.5,road_loopA_r0,road_loopA_r1,4864.9,4979.0,114.1,1297.2,40.9,0
3091,truck,8.5,road_loopA_f0,road_loopA_f1,4877.1,4980.4,103.3,1303.4,45.4,0
3084,car,4.5,road_loopA_r0,road_loopA_r1,4872.8,4981.1,108.3,1297.6,43.1,0
3093,car,4.5,road_loopA_f0,road_loopA_f1,4879.1,4982.7,103.6,1303.5,45.3,0
3073,car,4.5,road_loopA_r0,xloopA_0Bb,4862.9,4983.2,120.3,895.7,26.8,1
3097,car,4.5,road_loopA_r0,road_loopA_r1,4884.1,4983.5,99.4,1298.0,47.0,0
3106,car,4.5,road_loopA_f0,xloopA_0Ab,4895.5,4983.7,88.2,505.1,20.6,1
3099,car,4.5,road_loopA_f0,road_loopA_f1,4885.8,4983.8,98.0,1303.6,47.9,0
3102,car,4.5,road_loopA_r0,road_loopA_r1,4890.2,4984.9,94.7,1297.4,49.3,0
3098,car,4.5,road_loopA_f0,road_loopA_f1,4884.8,4985.6,100.8,1304.0,46.6,0
3079,suv,4.8,road_loopA_r0,xloopA_0Bb,4866.7,4985.8,119.1,895.9,27.1,1
3100,car,4.5,road_loopA_r0,road_loopA_r1,4886.4,4986.3,99.9,1297.4,46.8,0
3118,suv,4.8,road_loopA_f0,xloopA_0Ab,4905.6,4986.4,80.8,505.6,22.5,1
3105,car,4.5,road_loopA_r0,road_loopA_r1,4894.3,4986.5,92.2,1297.8,50.7,0
3110,car,4.5,road_loopA_r0,road_loopA_r1,4897.4,4986.5,89.1,1297.8,52.4,0
3043,car,4.5,xloopA_0Aa,road_loopA_f1,4834.2,4987.1,152.9,872.8,20.6,0
3108,car,4.5,road_loopA_f0,road_loopA_f1,4897.0,4987.4,90.4,1303.6,51.9,0
3033,car,4.5,road_loopA_f0,road_loopA_f1,4828.5,4988.7,160.2,1303.5,29.3,1
3055,car,4.5,xloopA_0Aa,road_loopA_f1,4850.2,4988.7,138.5,872.2,22.7,0
3109,car,4.5,road_loopA_f0,road_loopA_f1,4897.2,4989.4,92.2,1304.0,50.9,0
3151,car,4.5,road_loopA_f0,xloopA_0Ab,4939.9,4990.1,50.2,505.2,36.3,0
3049,car,4.5,road_loopA_f0,road_loopA_f1,4846.9,4990.3,143.4,1303.1,32.7,1
3065,car,4.5,road_loopA_f0,road_loopA_f1,4856.0,4990.4,134.4,1303.7,34.9,0
3061,car,4.5,road_loopA_f0,road_loopA_f1,4853.6,4992.0,138.4,1303.4,33.9,1
3072,car,4.5,road_loopA_f0,road_loopA_f1,4862.5,4992.1,129.6,1303.0,36.2,0
3114,suv,4.8,road_loopA_f0,road_loopA_f1,4899.5,4992.1,92.6,1303.0,50.6,0
3074,car,4.5,road_loopA_f0,road_loopA_f1,4863.3,4993.9,130.6,1302.9,35.9,0
3116,car,4.5,road_loopA_r0,road_loopA_r1,4904.8,4993.9,89.1,1297.7,52.5,0
3063,car,4.5,road_loopA_f0,road_loopA_f1,4855.2,4994.1,138.9,1303.2,33.8,0
3101,car,4.5,road_loopA_f0,road_loopA_f1,4887.2,4995.0,107.8,1303.5,43.5,0
3096,suv,4.8,road_loopA_f0,road_loopA_f1,4880.3,4995.7,115.4,1303.8,40.7,0
3071,car,4.5,road_loopA_f0,road_loopA_f1,4862.4,4995.9,133.5,1303.7,35.2,0
3103,car,4.5,road_loopA_f0,road_loopA_f1,4890.3,4996.3,106.0,1303.8,44.3,0
3080,car,4.5,road_loopA_f0,road_loopA_f1,4866.9,4997.6,130.7,1303.2,35.9,0
3087,suv,4.8,road_loopA_f0,road_loopA_f1,4875.9,4997.7,121.8,1303.6,38.5,0
3119,suv,4.8,road_loopA_f0,road_loopA_f1,4905.7,4998.0,92.3,1303.7,50.9,0
3104,car,4.5,road_loopA_r0,road_loopA_r1,4892.5,4998.6,106.1,1298.2,44.0,0
3113,car,4.5,xloopA_0Aa,xloopA_0Ab,4898.8,4999.2,100.4,84.1,3.0,1
3082,car,4.5,road_loopA_f0,road_loopA_f1,4869.9,4999.7,129.8,1303.7,36.2,0
3112,car,4.5,road_loopA_f0,road_loopA_f1,4898.5,4999.9,101.4,1303.5,46.3,0
3190,car,4.5,xloopA_0Ba,xloopA_0Bb,4974.4,5000.3,25.9,84.6,11.8,0
3120,suv,4.8,road_loopA_f0,road_loopA_f1,4906.3,5000.6,94.3,1303.4,49.8,0
3125,car,4.5,road_loopA_r0,road_loopA_r1,4911.6,5000.9,89.3,1297.7,52.3,0
3141,car,4.5,xloopA_0Aa,xloopA_0Ab,4930.8,5001.4,70.6,84.2,4.3,1
3085,car,4.5,road_loopA_f0,road_loopA_f1,4873.1,5001.5,128.4,1302.8,36.5,0
3107,car,4.5,road_loopA_f0,road_loopA_f1,4896.3,5001.8,105.5,1304.1,44.5,0
3124,car,4.5,road_loopA_f0,road_loopA_f1,4911.5,5002.4,90.9,1303.6,51.6,0
3092,car,4.5,road_loopA_f0,road_loopA_f1,4878.5,5003.3,124.8,1303.4,37.6,0
3192,car,4.5,xloopA_0Ba,xloopA_0Bb,4976.1,5003.4,27.3,84.5,11.2,0
3191,car,4.5,xloopA_0Aa,xloopA_0Ab,4975.0,5003.6,28.6,84.6,10.6,1
3121,car,4.5,road_loopA_f0,road_loopA_f1,4907.1,5003.7,96.6,1303.5,48.6,0
3123,car,4.5,road_loopA_f0,road_loopA_f1,4908.8,5005.1,96.3,1303.7,48.7,0
3094,truck,8.5,road_loopA_f0,road_loopA_f1,4879.6,5005.4,125.8,1302.8,37.3,0
3200,car,4.5,xloopA_0Aa,xloopA_0Ab,4982.4,5005.7,23.3,84.2,13.0,0
3205,car,4.5,xloopA_0Aa,xloopA_0Ab,4986.9,5008.6,21.7,84.2,14.0,0
3130,car,4.5,road_loopA_f0,road_loopA_f1,4916.0,5012.3,96.3,1303.1,48.7,0
3122,car,4.5,road_loopA_f0,road_loopA_f1,4908.7,5012.7,104.0,1303.6,45.1,0
3137,car,4.5,road_loopA_f0,road_loopA_f1,4924.9,5014.2,89.3,1303.1,52.5,0
3128,truck,8.5,road_loopA_f0,road_loopA_f1,4914.9,5015.7,100.8,1302.8,46.5,0
3139,car,4.5,road_loopA_f0,road_loopA_f1,4926.3,5017.0,90.7,1302.8,51.7,0
3143,car,4.5,road_loopA_f0,road_loopA_f1,4932.4,5021.7,89.3,1303.1,52.5,0
3131,truck,8.5,road_loopA_f0,road_loopA_f1,4916.0,5026.6,110.6,1303.3,42.4,0
3147,suv,4.8,road_loopA_f0,road_loopA_f1,4937.1,5026.9,89.8,1304.2,52.3,0
3213,car,4.5,road_loopA_f0,xloopA_0Bb,4990.3,5030.3,40.0,478.7,43.1,0
3126,car,4.5,road_loopA_r0,road_loopA_r1,4913.7,5040.6,126.9,1297.5,36.8,1
3132,car,4.5,road_loopA_r0,road_loopA_r1,4919.5,5043.6,124.1,1298.3,37.7,1
3127,car,4.5,road_loopA_r0,road_loopA_r1,4914.6,5044.1,129.5,1297.9,36.1,1
3221,car,4.5,road_loopA_f0,xloopA_0Bb,5003.8,5044.2,40.4,478.9,42.7,0
3134,suv,4.8,road_loopA_r0,road_loopA_r1,4920.7,5045.8,125.1,1298.6,37.4,1
3133,suv,4.8,road_loopA_r0,road_loopA_r1,4920.2,5047.5,127.3,1297.4,36.7,1
3136,car,4.5,road_loopA_r0,road_loopA_r1,4924.0,5049.6,125.6,1297.5,37.2,1
3142,car,4.5,road_loopA_r0,road_loopA_r1,4931.0,5051.9,120.9,1297.4,38.6,1
3117,car,4.5,road_loopA_r0,road_loopA_r1,4905.2,5052.6,147.4,1298.4,31.7,1
3129,suv,4.8,road_loopA_r0,road_loopA_r1,4915.9,5054.4,138.5,1297.7,33.7,1
3146,car,4.5,road_loopA_r0,road_loopA_r1,4933.8,5054.6,120.8,1297.9,38.7,1
3150,car,4.5,xloopA_0Ba,road_loopA_r1,4939.8,5055.4,115.6,476.3,14.8,1
3135,car,4.5,road_loopA_r0,road_loopA_r1,4922.2,5055.8,133.6,1297.6,35.0,1
3149,suv,4.8,road_loopA_r0,road_loopA_r1,4938.0,5056.7,118.7,1298.4,39.4,1
3115,truck,8.5,road_loopA_r0,road_loopA_r1,4904.0,5057.6,153.6,1297.7,30.4,1
3148,car,4.5,road_loopA_r0,road_loopA_r1,4937.4,5058.1,120.7,1297.3,38.7,1
3173,car,4.5,road_loopA_r0,road_loopA_r1,4957.9,5058.8,100.9,1297.4,46.3,0
3138,car,4.5,road_loopA_r0,road_loopA_r1,4925.4,5059.6,134.2,1297.6,34.8,1
3168,car,4.5,road_loopA_r0,road_loopA_r1,4953.9,5059.8,105.9,1298.0,44.1,0
3144,car,4.5,road_loopA_r0,road_loopA_r1,4932.5,5061.3,128.8,1298.5,36.3,1
3182,car,4.5,road_loopA_r0,road_loopA_r1,4968.0,5061.5,93.5,1297.6,50.0,0
3187,suv,4.8,road_loopA_r0,road_loopA_r1,4972.0,5062.7,90.7,1298.1,51.5,0
3163,car,4.5,road_loopA_r0,road_loopA_r1,4952.4,5062.9,110.5,1297.9,42.3,0
3167,car,4.5,road_loopA_r0,road_loopA_r1,4953.7,5063.8,110.1,1297.6,42.4,0
3162,car,4.5,road_loopA_r0,road_loopA_r1,4951.9,5064.7,112.8,1298.3,41.5,0
3185,suv,4.8,road_loopA_r0,road_loopA_r1,4970.9,5065.6,94.7,1298.4,49.3,0
3172,truck,8.5,road_loopA_r0,road_loopA_r1,4955.7,5067.3,111.6,1297.7,41.8,0
3153,car,4.5,road_loopA_f0,road_loopA_f1,4943.6,5067.9,124.3,1303.3,37.8,1
3154,car,4.5,road_loopA_f0,road_loopA_f1,4945.1,5067.9,122.8,1303.4,38.2,1
3174,car,4.5,road_loopA_r0,road_loopA_r1,4960.4,5068.4,108.0,1298.3,43.3,0
3197,suv,4.8,road_loopA_r0,road_loopA_r1,4980.1,5069.3,89.2,1297.7,52.4,0
3156,car,4.5,road_loopA_f0,road_loopA_f1,4946.8,5069.8,123.0,1304.2,38.2,1
3194,car,4.5,road_loopA_r0,road_loopA_r1,4978.4,5070.3,91.9,1298.4,50.9,0
3157,car,4.5,road_loopA_f0,road_loopA_f1,4947.8,5070.9,123.1,1303.6,38.1,1
3199,suv,4.8,road_loopA_r0,road_loopA_r1,4981.3,5071.0,89.7,1297.3,52.0,0
3161,car,4.5,road_loopA_f0,road_loopA_f1,4950.0,5071.6,121.6,1304.0,38.6,1
3198,car,4.5,road_loopA_r0,road_loopA_r1,4980.6,5072.1,91.5,1298.5,51.1,0
3202,car,4.5,road_loopA_r0,road_loopA_r1,4983.5,5073.0,89.5,1297.8,52.2,0
3201,suv,4.8,road_loopA_r0,road_loopA_r1,4983.2,5073.9,90.7,1298.5,51.6,0
3170,car,4.5,road_loopA_f0,road_loopA_f1,4954.2,5074.8,120.6,1303.5,38.9,1
3204,car,4.5,road_loopA_r0,road_loopA_r1,4986.8,5075.9,89.1,1298.3,52.4,0
3207,suv,4.8,road_loopA_r0,road_loopA_r1,4987.5,5076.4,88.9,1297.3,52.5,0
3178,car,4.5,road_loopA_f0,road_loopA_f1,4964.9,5078.3,113.4,1303.6,41.4,1
3195,car,4.5,road_loopA_r0,xloopA_0Ab,4979.2,5079.1,99.9,869.1,31.3,1
3152,car,4.5,road_loopA_f0,road_loopA_f1,4942.0,5079.6,137.6,1302.9,34.1,1
3158,suv,4.8,road_loopA_f0,road_loopA_f1,4948.5,5080.5,132.0,1302.9,35.5,1
3260,car,4.5,road_loopA_f0,xloopA_0Bb,5035.3,5080.7,45.4,478.9,38.0,0
3171,suv,4.8,road_loopA_f0,road_loopA_f1,4955.4,5081.3,125.9,1304.1,37.3,1
3165,car,4.5,road_loopA_f0,road_loopA_f1,4953.1,5082.3,129.2,1303.1,36.3,1
3177,car,4.5,road_loopA_f0,road_loopA_f1,4962.6,5082.7,120.1,1303.3,39.1,1
3184,suv,4.8,road_loopA_f0,road_loopA_f1,4970.7,5083.0,112.3,1303.9,41.8,1
3188,car,4.5,road_loopA_f0,road_loopA_f1,4972.3,5084.8,112.5,1303.3,41.7,1
3179,suv,4.8,road_loopA_f0,road_loopA_f1,4965.5,5085.3,119.8,1302.8,39.2,1
3140,bus,11.0,road_loopA_r0,road_loopA_r1,4930.5,5085.8,155.3,1297.8,30.1,2
3169,suv,4.8,road_loopA_f0,road_loopA_f1,4954.1,5085.9,131.8,1303.5,35.6,1
3193,suv,4.8,road_loopA_f0,road_loopA_f1,4976.9,5086.6,109.7,1303.6,42.8,1
3183,car,4.5,road_loopA_f0,road_loopA_f1,4969.3,5086.9,117.6,1304.1,39.9,1
3217,car,4.5,road_loopA_r0,road_loopA_r1,4999.2,5088.2,89.0,1297.3,52.5,0
3203,car,4.5,road_loopA_f0,road_loopA_f1,4983.9,5088.4,104.5,1303.8,44.9,0
3210,suv,4.8,road_loopA_f0,road_loopA_f1,4988.8,5090.2,101.4,1303.0,46.3,0
3186,car,4.5,road_loopA_f0,road_loopA_f1,4971.0,5090.8,119.8,1303.0,39.1,1
3196,car,4.5,road_loopA_f0,road_loopA_f1,4980.0,5092.5,112.5,1303.2,41.7,0
3212,car,4.5,road_loopA_f0,road_loopA_f1,4989.7,5093.9,104.2,1303.8,45.1,0
3206,car,4.5,road_loopA_f0,road_loopA_f1,4987.3,5094.3,107.0,1303.8,43.9,0
3159,suv,4.8,road_loopA_r0,xloopA_0Bb,4949.5,5095.1,145.6,895.9,22.1,1
3164,car,4.5,road_loopA_f0,xloopA_0Ab,4952.7,5095.6,142.9,505.2,12.7,1
3219,car,4.5,road_loopA_r0,road_loopA_r1,5002.2,5095.7,93.5,1298.2,50.0,0
3208,suv,4.8,road_loopA_f0,road_loopA_f1,4987.7,5096.5,108.8,1302.8,43.1,0
3155,car,4.5,road_loopA_f0,road_loopA_f1,4945.4,5097.1,151.7,1303.0,30.9,1
3209,car,4.5,road_loopA_f0,road_loopA_f1,4988.4,5097.5,109.1,1302.8,43.0,0
3175,car,4.5,road_loopA_r0,xloopA_0Bb,4960.7,5097.7,137.0,895.6,23.5,1
3215,suv,4.8,road_loopA_f0,road_loopA_f1,4992.2,5097.9,105.7,1304.1,44.4,0
3223,car,4.5,road_loopA_r0,road_loopA_r1,5009.0,5097.9,88.9,1297.3,52.5,0
3180,suv,4.8,road_loopA_f0,road_loopA_f1,4967.2,5098.8,131.6,1303.8,35.7,1
3166,truck,8.5,road_loopA_f0,xloopA_0Ab,4953.6,5099.1,145.5,505.6,12.5,1
3211,suv,4.8,road_loopA_f0,road_loopA_f1,4989.5,5099.2,109.7,1303.4,42.8,0
3225,car,4.5,road_loopA_r0,road_loopA_r1,5011.0,5099.9,88.9,1297.3,52.5,0
3181,car,4.5,road_loopA_r0,xloopA_0Bb,4967.7,5100.3,132.6,895.3,24.3,1
3189,suv,4.8,road_loopA_f0,road_loopA_f1,4973.3,5100.5,127.2,1303.4,36.9,1
3216,car,4.5,road_loopA_f0,road_loopA_f1,4992.8,5101.5,108.7,1303.7,43.2,0
3176,car,4.5,road_loopA_f0,xloopA_0Ab,4961.9,5102.1,140.2,505.4,13.0,1
3228,truck,8.5,road_loopA_r0,road_loopA_r1,5012.4,5102.4,90.0,1298.1,51.9,0
3233,car,4.5,road_loopA_r0,road_loopA_r1,5015.1,5104.4,89.3,1298.4,52.4,0
3227,car,4.5,road_loopA_f0,road_loopA_f1,5011.7,5104.5,92.8,1302.9,50.5,0
3224,car,4.5,road_loopA_f0,xloopA_0Ab,5009.0,5104.7,95.7,504.9,19.0,1
3218,car,4.5,road_loopA_f0,road_loopA_f1,5001.1,5105.1,104.0,1303.7,45.1,0
3214,car,4.5,road_loopA_f0,road_loopA_f1,4991.4,5105.7,114.3,1303.8,41.1,0
3232,truck,8.5,road_loopA_r0,road_loopA_r1,5013.9,5106.6,92.7,1298.2,50.4,0
3235,suv,4.8,road_loopA_f0,road_loopA_f1,5016.3,5107.2,90.9,1303.6,51.6,0
3220,suv,4.8,road_loopA_f0,road_loopA_f1,5003.8,5107.3,103.5,1303.1,45.3,0
3234,car,4.5,road_loopA_r0,road_loopA_r1,5015.7,5108.3,92.6,1297.7,50.5,0
3237,car,4.5,road_loopA_f0,road_loopA_f1,5017.6,5109.2,91.6,1302.8,51.2,0
3230,car,4.5,road_loopA_r0,road_loopA_r1,5012.8,5109.8,97.0,1297.6,48.2,0
3226,suv,4.8,road_loopA_r0,road_loopA_r1,5011.4,5110.2,98.8,1297.6,47.3,0
3222,suv,4.8,road_loopA_f0,road_loopA_f1,5006.0,5110.5,104.5,1303.7,44.9,0
3244,car,4.5,road_loopA_r0,road_loopA_r1,5022.2,5111.7,89.5,1298.1,52.2,0
3240,car,4.5,road_loopA_r0,road_loopA_r1,5019.4,5112.0,92.6,1297.5,50.4,0
3243,suv,4.8,road_loopA_r0,road_loopA_r1,5021.9,5113.7,91.8,1297.3,50.9,0
3242,car,4.5,road_loopA_f0,road_loopA_f1,5021.2,5113.9,92.7,1304.2,50.6,0
3250,car,4.5,xloopA_0Aa,xloopA_0Ab,5025.7,5114.1,88.4,84.3,3.4,1
3229,car,4.5,road_loopA_f0,road_loopA_f1,5012.8,5114.3,101.5,1303.2,46.2,0
3236,car,4.5,road_loopA_f0,road_loopA_f1,5016.5,5116.4,99.9,1303.9,47.0,0
3287,car,4.5,xloopA_0Aa,xloopA_0Ab,5063.0,5116.5,53.5,84.2,5.7,1
3246,car,4.5,road_loopA_f0,road_loopA_f1,5022.6,5116.7,94.1,1303.6,49.9,0
3238,car,4.5,road_loopA_f0,road_loopA_f1,5017.8,5121.1,103.3,1303.9,45.4,0
3239,car,4.5,road_loopA_f0,road_loopA_f1,5018.3,5121.5,103.2,1303.8,45.5,0
3248,car,4.5,road_loopA_f0,road_loopA_f1,5023.7,5123.2,99.5,1304.1,47.2,0
3261,car,4.5,road_loopA_f0,road_loopA_f1,5035.4,5125.4,90.0,1303.1,52.1,0
3282,car,4.5,road_loopA_r0,xloopA_0Ab,5059.2,5135.2,76.0,868.9,41.1,1
3267,suv,4.8,road_loopA_f0,road_loopA_f1,5046.3,5135.7,89.4,1303.1,52.5,0
3268,car,4.5,road_loopA_f0,road_loopA_f1,5046.6,5136.0,89.4,1303.1,52.5,0
3274,car,4.5,road_loopA_f0,xloopA_0Bb,5050.4,5137.6,87.2,478.8,19.8,2
3269,suv,4.8,road_loopA_f0,road_loopA_f1,5048.7,5138.1,89.4,1303.1,52.5,0
3264,car,4.5,road_loopA_r0,xloopA_0Ab,5042.0,5138.7,96.7,869.1,32.3,1
3160,bus,11.0,road_loopA_f0,road_loopA_f1,4949.6,5139.7,190.1,1302.8,24.7,3
3283,suv,4.8,road_loopA_f0,xloopA_0Bb,5060.0,5141.4,81.4,479.0,21.2,2
3255,car,4.5,xloopA_0Ba,road_loopA_r1,5032.1,5149.9,117.8,476.3,14.6,1
3245,car,4.5,road_loopA_r0,road_loopA_r1,5022.2,5153.1,130.9,1298.6,35.7,1
3252,suv,4.8,road_loopA_r0,road_loopA_r1,5026.0,5154.2,128.2,1298.0,36.4,1
3247,suv,4.8,road_loopA_r0,road_loopA_r1,5023.1,5154.3,131.2,1297.8,35.6,1
3251,suv,4.8,road_loopA_r0,road_loopA_r1,5025.8,5154.8,129.0,1298.2,36.2,1
3241,suv,4.8,road_loopA_r0,road_loopA_r1,5020.6,5156.8,136.2,1297.8,34.3,1
3,tram,34.0,loopB,loopB,731.4,5158.0,4426.6,33673.0,27.4,42
3256,suv,4.8,road_loopA_r0,road_loopA_r1,5032.3,5159.9,127.6,1298.3,36.6,1
3259,car,4.5,road_loopA_r0,road_loopA_r1,5035.2,5161.6,126.4,1297.8,37.0,1
3263,suv,4.8,road_loopA_r0,road_loopA_r1,5039.8,5163.4,123.6,1297.3,37.8,1
3253,truck,8.5,road_loopA_r0,road_loopA_r1,5027.2,5163.8,136.6,1297.7,34.2,1
3266,car,4.5,road_loopA_r0,road_loopA_r1,5043.2,5165.2,122.0,1298.2,38.3,1
3265,suv,4.8,road_loopA_r0,road_loopA_r1,5042.6,5165.7,123.1,1297.6,37.9,1
3231,car,4.5,road_loopA_r0,road_loopA_r1,5013.3,5167.3,154.0,1298.0,30.3,1
3271,car,4.5,road_loopA_r0,road_loopA_r1,5049.7,5167.4,117.7,1297.9,39.7,1
3257,suv,4.8,road_loopA_r0,road_loopA_r1,5034.3,5168.5,134.2,1297.9,34.8,1
3262,truck,8.5,road_loopA_r0,road_loopA_r1,5037.5,5169.6,132.1,1298.0,35.4,1
3294,car,4.5,road_loopA_r0,road_loopA_r1,5069.9,5169.7,99.8,1297.7,46.8,0
3285,car,4.5,road_loopA_r0,road_loopA_r1,5061.7,5169.8,108.1,1297.9,43.2,0
3276,car,4.5,road_loopA_r0,road_loopA_r1,5052.1,5171.5,119.4,1297.7,39.1,1
3298,suv,4.8,road_loopA_r0,road_loopA_r1,5075.5,5172.2,96.7,1298.3,48.3,0
3284,car,4.5,road_loopA_r0,road_loopA_r1,5061.5,5173.0,111.5,1298.3,41.9,0
3288,car,4.5,road_loopA_r0,road_loopA_r1,5063.5,5173.3,109.8,1298.0,42.6,0
3303,car,4.5,road_loopA_r0,road_loopA_r1,5079.5,5175.1,95.6,1298.5,48.9,0
3295,car,4.5,road_loopA_r0,road_loopA_r1,5070.6,5175.9,105.3,1297.8,44.4,0
3311,car,4.5,road_loopA_r0,road_loopA_r1,5087.2,5177.0,89.8,1298.5,52.0,0
3306,car,4.5,road_loopA_r0,road_loopA_r1,5080.7,5177.6,96.9,1298.6,48.3,0
3312,car,4.5,road_loopA_r0,road_loopA_r1,5087.3,5179.8,92.5,1298.4,50.5,0
3277,suv,4.8,road_loopA_f0,road_loopA_f1,5052.4,5180.0,127.6,1303.1,36.8,1
3355,car,4.5,road_loopA_f0,xloopA_0Bb,5136.7,5180.5,43.8,478.6,39.4,0
3286,car,4.5,road_loopA_r0,road_loopA_r1,5062.3,5183.2,120.9,1298.0,38.6,0
3310,car,4.5,road_loopA_r0,road_loopA_r1,5086.5,5187.1,100.6,1298.2,46.4,0
3313,car,4.5,road_loopA_r0,road_loopA_r1,5087.5,5188.8,101.3,1298.6,46.1,0
3318,car,4.5,road_loopA_r0,road_loopA_r1,5092.9,5188.9,96.0,1298.6,48.7,0
3308,car,4.5,road_loopA_r0,road_loopA_r1,5083.4,5189.0,105.6,1298.0,44.2,0
3270,suv,4.8,road_loopA_f0,road_loopA_f1,5049.4,5190.2,140.8,1303.8,33.3,1
3272,car,4.5,road_loopA_f0,road_loopA_f1,5050.2,5190.6,140.4,1303.8,33.4,1
3317,car,4.5,road_loopA_r0,road_loopA_r1,5091.6,5190.6,99.0,1298.1,47.2,0
3316,suv,4.8,road_loopA_r0,road_loopA_r1,5088.9,5190.8,101.9,1298.5,45.9,0
3258,bus,11.0,road_loopA_f0,road_loopA_f1,5034.5,5191.1,156.6,1303.2,30.0,2
3322,suv,4.8,road_loopA_r0,road_loopA_r1,5095.7,5191.2,95.5,1297.6,48.9,0
3326,car,4.5,road_loopA_r0,road_loopA_r1,5100.1,5192.3,92.2,1298.1,50.7,0
3325,suv,4.8,road_loopA_r0,road_loopA_r1,5099.2,5193.4,94.2,1297.3,49.6,0
3319,truck,8.5,road_loopA_r0,road_loopA_r1,5093.5,5196.3,102.8,1297.4,45.4,0
3334,suv,4.8,road_loopA_r0,road_loopA_r1,5107.3,5196.3,89.0,1297.3,52.5,0
3330,car,4.5,road_loopA_r0,road_loopA_r1,5104.1,5197.4,93.3,1298.3,50.1,0
3273,car,4.5,road_loopA_f0,road_loopA_f1,5050.3,5197.5,147.2,1303.7,31.9,1
3304,car,4.5,road_loopA_r0,xloopA_0Bb,5080.4,5197.7,117.3,895.3,27.5,1
3254,car,4.5,road_loopA_f0,xloopA_0Ab,5030.2,5198.3,168.1,505.4,10.8,2
3336,car,4.5,road_loopA_r0,road_loopA_r1,5108.2,5199.2,91.0,1298.6,51.4,0
3339,suv,4.8,road_loopA_r0,road_loopA_r1,5110.8,5199.7,88.9,1297.3,52.5,0
3321,suv,4.8,road_loopA_r0,xloopA_0Bb,5095.5,5200.4,104.9,895.9,30.7,1
3340,car,4.5,road_loopA_r0,road_loopA_r1,5111.0,5200.4,89.4,1298.0,52.3,0
3301,car,4.5,road_loopA_f0,xloopA_0Ab,5077.5,5200.8,123.3,504.9,14.7,1
3296,truck,8.5,road_loopA_f0,road_loopA_f1,5071.1,5201.7,130.6,1303.7,35.9,1
3309,car,4.5,road_loopA_f0,road_loopA_f1,5085.2,5202.8,117.6,1303.4,39.9,0
3329,car,4.5,road_loopA_r0,xloopA_0Bb,5101.5,5203.0,101.5,895.4,31.8,1
3279,bus,11.0,road_loopA_r0,road_loopA_r1,5056.6,5203.4,146.8,1297.4,31.8,1
3320,car,4.5,road_loopA_f0,xloopA_0Ab,5094.7,5203.5,108.8,505.2,16.7,1
3323,car,4.5,road_loopA_f0,road_loopA_f1,5096.5,5204.7,108.2,1303.8,43.4,0
3343,car,4.5,road_loopA_r0,road_loopA_r1,5116.2,5205.2,89.0,1297.3,52.5,0
3327,suv,4.8,road_loopA_f0,road_loopA_f1,5100.6,5206.3,105.7,1304.1,44.4,0
3335,truck,8.5,road_loopA_r0,xloopA_0Bb,5107.6,5206.5,98.9,895.8,32.6,1
3333,car,4.5,road_loopA_f0,road_loopA_f1,5106.1,5207.4,101.3,1303.3,46.3,0
3382,car,4.5,road_loopA_f0,xloopA_0Ab,5159.1,5207.5,48.4,505.3,37.6,0
3346,car,4.5,road_loopA_r0,road_loopA_r1,5119.7,5208.6,88.9,1297.3,52.5,0
3338,suv,4.8,road_loopA_f0,road_loopA_f1,5110.3,5209.2,98.9,1303.8,47.5,0
3289,suv,4.8,road_loopA_f0,road_loopA_f1,5064.4,5210.0,145.6,1303.4,32.2,1
3249,car,4.5,xloopA_0Aa,road_loopA_f1,5025.4,5211.0,185.6,872.4,16.9,1
3307,car,4.5,road_loopA_f0,road_loopA_f1,5082.8,5211.7,128.9,1303.8,36.4,1
3342,car,4.5,xloopA_0Ba,xloopA_0Bb,5116.1,5212.5,96.4,84.6,3.2,1
3364,car,4.5,xloopA_0Aa,xloopA_0Ab,5144.4,5212.5,68.1,84.7,4.5,1
3332,car,4.5,road_loopA_f0,road_loopA_f1,5104.9,5213.3,108.4,1303.8,43.3,0
3314,suv,4.8,road_loopA_f0,road_loopA_f1,5087.7,5213.4,125.7,1304.1,37.4,0
3293,suv,4.8,road_loopA_f0,road_loopA_f1,5067.3,5214.7,147.4,1303.2,31.8,1
3347,car,4.5,xloopA_0Ba,xloopA_0Bb,5123.1,5214.7,91.6,84.8,3.3,1
3315,truck,8.5,road_loopA_f0,road_loopA_f1,5088.1,5215.5,127.4,1303.6,36.8,8
3370,car,4.5,xloopA_0Aa,xloopA_0Ab,5155.3,5215.6,60.3,84.3,5.0,1
3292,suv,4.8,road_loopA_f0,road_loopA_f1,5065.1,5216.5,151.4,1303.1,31.0,1
3374,car,4.5,xloopA_0Ba,xloopA_0Bb,5156.4,5217.0,60.6,84.5,5.0,1
3297,car,4.5,road_loopA_f0,road_loopA_f1,5073.2,5217.5,144.3,1304.0,32.5,1
3328,car,4.5,road_loopA_f0,road_loopA_f1,5101.4,5217.7,116.3,1303.6,40.3,0
3381,car,4.5,xloopA_0Aa,xloopA_0Ab,5159.1,5217.8,58.7,84.6,5.2,1
3300,car,4.5,road_loopA_f0,road_loopA_f1,5075.8,5219.3,143.5,1304.2,32.7,1
3345,car,4.5,road_loopA_f0,road_loopA_f1,5117.8,5219.5,101.7,1303.4,46.1,0
3409,car,4.5,xloopA_0Aa,xloopA_0Ab,5181.5,5219.8,38.3,84.2,7.9,0
3344,car,4.5,road_loopA_f0,road_loopA_f1,5117.6,5221.0,103.4,1303.9,45.4,0
3324,suv,4.8,road_loopA_f0,road_loopA_f1,5096.9,5221.2,124.3,1303.5,37.8,0
3299,car,4.5,road_loopA_f0,road_loopA_f1,5075.6,5223.0,147.4,1303.6,31.8,1
3305,truck,8.5,road_loopA_f0,road_loopA_f1,5080.7,5223.3,142.6,1303.9,32.9,1
3337,car,4.5,xloopA_0Ba,road_loopA_f1,5108.4,5223.9,115.5,902.4,28.1,0
3348,car,4.5,road_loopA_f0,road_loopA_f1,5123.9,5225.2,101.3,1303.4,46.3,0
3353,car,4.5,road_loopA_f0,road_loopA_f1,5132.5,5225.2,92.7,1303.1,50.6,0
3278,car,4.5,road_loopA_f0,road_loopA_f1,5053.5,5225.6,172.1,1303.2,27.3,1
3423,car,4.5,xloopA_0Ba,xloopA_0Bb,5194.8,5226.0,31.2,84.6,9.8,0
3281,car,4.5,road_loopA_f0,road_loopA_f1,5057.6,5227.3,169.7,1303.5,27.6,1
3291,car,4.5,road_loopA_f0,road_loopA_f1,5064.7,5227.6,162.9,1303.4,28.8,1
3425,car,4.5,xloopA_0Ba,xloopA_0Bb,5196.6,5228.9,32.3,84.3,9.4,0
3290,suv,4.8,road_loopA_f0,road_loopA_f1,5064.5,5229.0,164.5,1303.6,28.5,1
3437,car,4.5,xloopA_0Ba,xloopA_0Bb,5205.8,5230.8,25.0,84.5,12.2,0
3359,suv,4.8,road_loopA_f0,road_loopA_f1,5141.6,5231.1,89.5,1303.9,52.5,0
3361,car,4.5,road_loopA_f0,road_loopA_f1,5142.7,5233.0,90.3,1303.3,52.0,0
3331,car,4.5,road_loopA_r0,xloopA_0Ab,5104.6,5234.5,129.9,869.0,24.1,2
3360,car,4.5,road_loopA_f0,road_loopA_f1,5142.5,5236.0,93.5,1303.4,50.2,0
3302,bus,11.0,road_loopA_r0,road_loopA_r1,5079.3,5242.4,163.1,1298.4,28.7,2
3349,suv,4.8,road_loopA_r0,xloopA_0Ab,5127.5,5244.4,116.9,869.4,26.8,2
3433,suv,4.8,road_loopA_f0,xloopA_0Bb,5203.3,5244.7,41.4,479.1,41.7,0
3356,car,4.5,road_loopA_f0,road_loopA_f1,5137.4,5247.3,109.9,1303.4,42.7,0
4,tram,34.0,loopA,loopA,793.7,5258.0,4464.3,33703.4,27.2,41
3454,car,4.5,road_loopA_f0,xloopA_0Bb,5214.7,5258.6,43.9,478.9,39.3,0
3350,car,4.5,road_loopA_r0,road_loopA_r1,5130.8,5260.5,129.7,1297.6,36.0,1
3390,car,4.5,road_loopA_r0,xloopA_0Ab,5166.6,5260.9,94.3,869.3,33.2,1
3357,car,4.5,road_loopA_r0,road_loopA_r1,5137.7,5262.0,124.3,1297.5,37.6,1
3466,car,4.5,road_loopA_f0,xloopA_0Bb,5225.4,5263.1,37.7,478.7,45.8,0
3362,car,4.5,road_loopA_r0,road_loopA_r1,5143.4,5264.3,120.9,1298.4,38.7,1
3367,car,4.5,road_loopA_r0,road_loopA_r1,5151.6,5266.6,115.0,1298.2,40.6,1
3363,car,4.5,road_loopA_r0,road_loopA_r1,5144.0,5267.1,123.1,1298.6,38.0,1
3391,car,4.5,xloopA_0Ba,road_loopA_r1,5168.2,5270.0,101.8,476.9,16.9,0
3368,car,4.5,road_loopA_r0,road_loopA_r1,5151.7,5270.8,119.1,1297.5,39.2,1
3383,suv,4.8,road_loopA_r0,road_loopA_r1,5159.1,5271.8,112.7,1298.7,41.5,1
3376,car,4.5,road_loopA_r0,road_loopA_r1,5156.9,5272.6,115.7,1298.5,40.4,1
3388,car,4.5,road_loopA_r0,road_loopA_r1,5161.0,5274.1,113.1,1297.9,41.3,1
3393,suv,4.8,road_loopA_r0,road_loopA_r1,5172.6,5275.2,102.6,1298.5,45.5,0
3399,suv,4.8,road_loopA_r0,road_loopA_r1,5174.6,5276.9,102.3,1298.1,45.7,0
3280,bus,11.0,road_loopA_f0,road_loopA_f1,5057.1,5277.9,220.8,1303.0,21.2,5
3441,car,4.5,xloopA_0Aa,road_loopA_r1,5207.1,5279.1,72.0,506.6,25.3,0
3377,car,4.5,road_loopA_r0,road_loopA_r1,5157.1,5279.8,122.7,1298.6,38.1,1
3354,car,4.5,road_loopA_r0,road_loopA_r1,5132.9,5280.4,147.5,1297.4,31.7,1
3352,car,4.5,road_loopA_r0,road_loopA_r1,5131.4,5280.8,149.4,1297.9,31.3,1
3408,car,4.5,road_loopA_r0,road_loopA_r1,5180.8,5282.3,101.5,1298.0,46.0,0
3411,car,4.5,road_loopA_r0,road_loopA_r1,5183.9,5282.3,98.4,1298.0,47.5,0
3351,car,4.5,road_loopA_r0,road_loopA_r1,5131.0,5282.9,151.9,1297.6,30.8,1
3358,car,4.5,road_loopA_r0,road_loopA_r1,5141.5,5285.1,143.6,1298.0,32.5,1
3405,suv,4.8,road_loopA_r0,road_loopA_r1,5179.3,5285.1,105.8,1298.1,44.2,0
3402,car,4.5,road_loopA_r0,road_loopA_r1,5177.6,5285.6,108.0,1297.9,43.3,0
3375,suv,4.8,road_loopA_r0,road_loopA_r1,5156.6,5286.8,130.2,1297.7,35.9,1
3395,car,4.5,road_loopA_r0,road_loopA_r1,5173.8,5288.5,114.7,1297.8,40.7,0
3384,suv,4.8,road_loopA_r0,road_loopA_r1,5159.3,5288.6,129.3,1297.5,36.1,1
3403,car,4.5,road_loopA_r0,road_loopA_r1,5177.8,5290.4,112.6,1298.4,41.5,0
3392,car,4.5,road_loopA_r0,road_loopA_r1,5170.2,5290.5,120.3,1297.4,38.8,0
3416,suv,4.8,road_loopA_r0,road_loopA_r1,5188.2,5291.6,103.4,1298.1,45.2,0
3369,car,4.5,road_loopA_f0,road_loopA_f1,5154.9,5291.7,136.8,1303.9,34.3,1
3401,truck,8.5,road_loopA_r0,road_loopA_r1,5177.1,5293.1,116.0,1297.4,40.3,0
3427,car,4.5,road_loopA_r0,road_loopA_r1,5199.4,5293.2,93.8,1297.3,49.8,0
3378,suv,4.8,road_loopA_f0,road_loopA_f1,5157.7,5293.3,135.6,1302.9,34.6,1
3404,car,4.5,road_loopA_r0,road_loopA_r1,5178.3,5293.5,115.2,1298.3,40.6,0
3422,suv,4.8,road_loopA_r0,road_loopA_r1,5193.0,5295.1,102.1,1298.3,45.8,0
3410,truck,8.5,road_loopA_r0,road_loopA_r1,5183.3,5295.6,112.3,1298.5,41.6,0
3435,car,4.5,road_loopA_r0,road_loopA_r1,5203.5,5295.7,92.2,1298.5,50.7,0
3373,car,4.5,road_loopA_f0,road_loopA_f1,5155.7,5295.8,140.1,1303.5,33.5,1
3424,car,4.5,road_loopA_r0,road_loopA_r1,5195.0,5296.9,101.9,1297.4,45.8,0
3449,suv,4.8,road_loopA_r0,xloopA_0Ab,5213.7,5296.9,83.2,869.4,37.6,1
3415,car,4.5,road_loopA_r0,road_loopA_r1,5187.5,5297.6,110.1,1298.1,42.4,0
3365,car,4.5,road_loopA_r0,road_loopA_r1,5148.5,5298.6,150.1,1297.3,31.1,1
3387,suv,4.8,road_loopA_f0,road_loopA_f1,5160.6,5298.9,138.3,1303.7,33.9,1
3431,car,4.5,road_loopA_r0,road_loopA_r1,5202.6,5299.5,96.9,1298.6,48.2,0
3439,suv,4.8,road_loopA_r0,xloopA_0Ab,5206.8,5299.9,93.1,869.1,33.6,1
3438,suv,4.8,road_loopA_r0,road_loopA_r1,5206.0,5300.6,94.6,1298.3,49.4,0
3434,car,4.5,road_loopA_r0,road_loopA_r1,5203.5,5301.3,97.8,1298.5,47.8,0
3380,truck,8.5,road_loopA_f0,road_loopA_f1,5158.0,5301.7,143.7,1302.8,32.6,1
3397,car,4.5,road_loopA_f0,road_loopA_f1,5174.2,5301.7,127.5,1303.3,36.8,1
3440,car,4.5,road_loopA_r0,road_loopA_r1,5206.8,5302.5,95.7,1298.2,48.8,0
3432,car,4.5,road_loopA_r0,road_loopA_r1,5202.9,5303.2,100.3,1297.9,46.6,0
3429,car,4.5,road_loopA_r0,road_loopA_r1,5200.6,5303.8,103.2,1297.3,45.3,0
3407,suv,4.8,road_loopA_f0,road_loopA_f1,5179.9,5303.9,124.0,1303.2,37.8,1
3446,car,4.5,road_loopA_r0,road_loopA_r1,5212.2,5305.0,92.8,1298.5,50.4,0
3413,car,4.5,road_loopA_f0,road_loopA_f1,5185.3,5305.7,120.4,1303.6,39.0,1
3417,truck,8.5,road_loopA_f0,road_loopA_f1,5188.6,5307.4,118.8,1302.9,39.5,1
3452,car,4.5,road_loopA_r0,road_loopA_r1,5214.3,5309.4,95.1,1297.4,49.1,0
3385,car,4.5,road_loopA_f0,road_loopA_f1,5160.1,5310.4,150.3,1303.6,31.2,1
3451,car,4.5,road_loopA_r0,road_loopA_r1,5214.0,5312.3,98.3,1298.4,47.6,0
3459,suv,4.8,road_loopA_r0,road_loopA_r1,5218.0,5313.6,95.6,1298.4,48.9,0
3453,car,4.5,road_loopA_r0,road_loopA_r1,5214.7,5314.0,99.3,1298.4,47.1,0
3457,suv,4.8,road_loopA_r0,road_loopA_r1,5216.7,5314.8,98.1,1298.1,47.6,0
3394,car,4.5,road_loopA_r0,xloopA_0Bb,5172.6,5315.0,142.4,895.7,22.6,2
3414,suv,4.8,road_loopA_f0,road_loopA_f1,5185.8,5315.5,129.7,1302.9,36.2,1
3428,car,4.5,road_loopA_f0,road_loopA_f1,5200.0,5315.6,115.6,1302.9,40.6,0
3442,car,4.5,road_loopA_f0,xloopA_0Ab,5207.4,5315.6,108.2,505.4,16.8,2
3462,car,4.5,road_loopA_r0,road_loopA_r1,5218.8,5315.8,97.0,1297.5,48.1,0
3445,car,4.5,road_loopA_r0,xloopA_0Bb,5210.0,5317.6,107.6,895.7,30.0,1
3450,car,4.5,road_loopA_f0,road_loopA_f1,5213.9,5317.6,103.7,1303.8,45.3,0
3443,car,4.5,road_loopA_f0,xloopA_0Ab,5208.2,5318.2,110.0,505.4,16.5,2
3448,suv,4.8,road_loopA_r0,road_loopA_r1,5213.0,5318.5,105.5,1297.7,44.3,0
3436,car,4.5,xloopA_0Aa,road_loopA_f1,5205.3,5319.2,113.9,872.5,27.6,0
3447,car,4.5,road_loopA_f0,road_loopA_f1,5212.9,5319.3,106.4,1303.4,44.1,0
3455,car,4.5,road_loopA_r0,xloopA_0Bb,5215.1,5320.2,105.1,895.4,30.7,1
3468,car,4.5,road_loopA_f0,road_loopA_f1,5228.1,5320.8,92.7,1302.8,50.6,0
3484,car,4.5,road_loopA_f0,xloopA_0Ab,5242.3,5320.8,78.5,505.1,23.2,1
3465,car,4.5,road_loopA_r0,road_loopA_r1,5223.2,5321.1,97.9,1297.9,47.7,0
3460,suv,4.8,road_loopA_r0,road_loopA_r1,5218.3,5322.0,103.7,1298.5,45.1,0
3461,suv,4.8,road_loopA_r0,road_loopA_r1,5218.6,5323.8,105.2,1298.2,44.4,0
3470,car,4.5,road_loopA_r0,road_loopA_r1,5229.6,5323.8,94.2,1298.0,49.6,0
3412,suv,4.8,road_loopA_f0,road_loopA_f1,5184.4,5324.6,140.2,1302.9,33.5,1
3458,car,4.5,road_loopA_f0,road_loopA_f1,5217.7,5326.7,109.0,1302.8,43.0,0
3464,truck,8.5,road_loopA_r0,road_loopA_r1,5220.0,5327.1,107.1,1297.4,43.6,0
3476,car,4.5,road_loopA_r0,road_loopA_r1,5238.3,5327.5,89.2,1298.2,52.4,0
3481,car,4.5,xloopA_0Aa,xloopA_0Ab,5241.7,5327.7,86.0,84.4,3.5,1
3421,car,4.5,xloopA_0Ba,road_loopA_f1,5189.5,5327.8,138.3,902.6,23.5,0
3386,car,4.5,road_loopA_f0,road_loopA_f1,5160.2,5328.5,168.3,1303.6,27.9,1
3366,car,4.5,road_loopA_f0,road_loopA_f1,5151.0,5329.4,178.4,1303.0,26.3,1
3418,car,4.5,xloopA_0Ba,road_loopA_f1,5188.8,5329.4,140.6,903.0,23.1,0
3479,car,4.5,road_loopA_r0,road_loopA_r1,5240.0,5329.6,89.6,1297.5,52.1,0
3483,car,4.5,xloopA_0Aa,xloopA_0Ab,5242.2,5329.8,87.6,84.7,3.5,1
3463,car,4.5,road_loopA_f0,road_loopA_f1,5219.0,5330.3,111.3,1303.0,42.1,0
3372,car,4.5,road_loopA_f0,road_loopA_f1,5155.6,5331.0,175.4,1303.3,26.7,1
3371,suv,4.8,road_loopA_f0,road_loopA_f1,5155.5,5331.2,175.7,1303.6,26.7,1
3482,car,4.5,road_loopA_r0,road_loopA_r1,5242.2,5331.8,89.6,1297.8,52.1,0
3471,suv,4.8,road_loopA_f0,road_loopA_f1,5232.3,5332.2,99.9,1304.1,47.0,0
3502,car,4.5,xloopA_0Aa,xloopA_0Ab,5254.9,5332.5,77.6,84.4,3.9,1
3379,car,4.5,road_loopA_f0,road_loopA_f1,5157.8,5332.7,174.9,1303.9,26.8,1
3396,car,4.5,road_loopA_f0,road_loopA_f1,5174.2,5332.9,158.7,1303.9,29.6,1
3475,suv,4.8,road_loopA_f0,road_loopA_f1,5238.1,5334.0,95.9,1303.7,48.9,0
3477,car,4.5,road_loopA_r0,road_loopA_r1,5239.0,5334.5,95.5,1297.8,48.9,0
3389,suv,4.8,road_loopA_f0,road_loopA_f1,5166.4,5334.6,168.2,1303.7,27.9,1
3398,car,4.5,road_loopA_f0,road_loopA_f1,5174.3,5334.6,160.3,1304.0,29.3,1
3513,car,4.5,xloopA_0Aa,xloopA_0Ab,5266.4,5335.8,69.4,84.6,4.4,0
3474,car,4.5,road_loopA_f0,road_loopA_f1,5237.8,5336.2,98.4,1303.2,47.7,0
3400,car,4.5,road_loopA_f0,road_loopA_f1,5175.7,5336.3,160.6,1303.5,29.2,1
3406,car,4.5,road_loopA_f0,road_loopA_f1,5179.4,5336.3,156.9,1303.0,29.9,1
3420,suv,4.8,road_loopA_f0,road_loopA_f1,5189.0,5338.2,149.2,1303.0,31.4,1
3419,truck,8.5,road_loopA_f0,road_loopA_f1,5188.7,5338.7,150.0,1303.4,31.3,1
3478,car,4.5,road_loopA_f0,road_loopA_f1,5239.2,5339.4,100.2,1303.8,46.8,0
3444,suv,4.8,road_loopA_f0,road_loopA_f1,5208.7,5340.0,131.3,1304.0,35.8,0
3426,suv,4.8,road_loopA_f0,road_loopA_f1,5198.2,5340.7,142.5,1303.4,32.9,0
3456,truck,8.5,road_loopA_f0,road_loopA_f1,5216.8,5342.1,125.3,1303.8,37.5,0
3485,car,4.5,road_loopA_f0,road_loopA_f1,5242.6,5342.4,99.8,1304.1,47.0,0
3430,car,4.5,road_loopA_f0,road_loopA_f1,5201.3,5343.0,141.7,1303.3,33.1,0
3473,truck,8.5,road_loopA_f0,road_loopA_f1,5237.2,5344.6,107.4,1303.1,43.7,0
3469,truck,8.5,road_loopA_f0,road_loopA_f1,5229.1,5345.1,116.0,1303.7,40.5,0
3501,car,4.5,road_loopA_f0,road_loopA_f1,5254.4,5348.4,94.0,1303.7,49.9,0
3472,suv,4.8,road_loopA_f0,road_loopA_f1,5235.8,5348.8,113.0,1302.9,41.5,0
3480,car,4.5,road_loopA_f0,road_loopA_f1,5240.6,5351.1,110.5,1303.8,42.5,0
3507,car,4.5,road_loopA_f0,road_loopA_f1,5259.9,5351.3,91.4,1304.0,51.3,0
3486,suv,4.8,road_loopA_f0,road_loopA_f1,5243.2,5352.8,109.6,1302.9,42.8,0
3514,car,4.5,road_loopA_f0,road_loopA_f1,5266.7,5356.0,89.3,1302.9,52.5,0
3495,car,4.5,road_loopA_f0,road_loopA_f1,5251.2,5357.0,105.8,1302.8,44.3,0
3489,truck,8.5,road_loopA_f0,road_loopA_f1,5248.0,5357.6,109.6,1302.8,42.8,0
3520,car,4.5,road_loopA_f0,road_loopA_f1,5268.4,5358.8,90.4,1303.1,51.9,0
3496,car,4.5,road_loopA_f0,road_loopA_f1,5251.4,5359.6,108.2,1303.9,43.4,0
3512,car,4.5,road_loopA_f0,road_loopA_f1,5266.3,5361.0,94.7,1303.5,49.5,0
3500,car,4.5,road_loopA_f0,road_loopA_f1,5253.5,5361.3,107.8,1303.4,43.5,0
3503,car,4.5,road_loopA_f0,road_loopA_f1,5254.8,5363.2,108.4,1302.8,43.3,0
3491,car,4.5,road_loopA_r0,road_loopA_r1,5249.9,5364.4,114.5,1298.3,40.8,1
3515,car,4.5,road_loopA_f0,road_loopA_f1,5266.7,5365.1,98.4,1303.7,47.7,0
3487,car,4.5,road_loopA_r0,road_loopA_r1,5243.9,5366.1,122.2,1297.4,38.2,1
3506,car,4.5,road_loopA_r0,road_loopA_r1,5258.0,5368.2,110.2,1298.4,42.4,1
3493,suv,4.8,road_loopA_r0,road_loopA_r1,5250.5,5369.7,119.2,1297.7,39.2,1
3498,suv,4.8,road_loopA_r0,road_loopA_r1,5251.7,5371.5,119.8,1297.6,39.0,1
3497,car,4.5,road_loopA_r0,road_loopA_r1,5251.5,5372.1,120.6,1298.2,38.7,1
3505,suv,4.8,road_loopA_r0,road_loopA_r1,5256.9,5374.0,117.1,1297.3,39.9,1
3492,car,4.5,road_loopA_r0,xloopA_0Bb,5250.1,5375.9,125.8,895.3,25.6,1
3499,car,4.5,road_loopA_r0,road_loopA_r1,5252.7,5375.9,123.2,1297.9,37.9,1
3537,car,4.5,road_loopA_f0,xloopA_0Ab,5292.3,5376.5,84.2,505.2,21.6,1
3504,car,4.5,road_loopA_r0,road_loopA_r1,5256.4,5377.7,121.3,1297.5,38.5,1
3543,suv,4.8,road_loopA_f0,xloopA_0Ab,5300.0,5379.1,79.1,505.2,23.0,1
3490,car,4.5,road_loopA_r0,road_loopA_r1,5248.3,5379.7,131.4,1297.5,35.5,1
3510,car,4.5,road_loopA_r0,road_loopA_r1,5265.2,5381.4,116.2,1297.5,40.2,0
3509,car,4.5,road_loopA_r0,road_loopA_r1,5264.7,5381.6,116.9,1297.5,39.9,0
3467,car,4.5,xloopA_0Ba,road_loopA_r1,5226.3,5381.8,155.5,476.5,11.0,1
3511,car,4.5,road_loopA_r0,road_loopA_r1,5265.2,5382.6,117.4,1298.5,39.8,0
3521,car,4.5,road_loopA_r0,road_loopA_r1,5269.2,5383.1,113.9,1297.9,41.0,0
3516,car,4.5,road_loopA_r0,road_loopA_r1,5267.2,5383.4,116.2,1297.5,40.2,1
3575,truck,8.5,road_loopA_f0,xloopA_0Ab,5335.4,5384.8,49.4,505.1,36.8,0
3527,car,4.5,road_loopA_r0,road_loopA_r1,5274.6,5385.0,110.4,1298.2,42.3,0
3518,car,4.5,road_loopA_r0,road_loopA_r1,5267.4,5385.1,117.7,1297.7,39.7,0
3533,car,4.5,road_loopA_r0,road_loopA_r1,5283.2,5386.1,102.9,1298.5,45.5,0
3526,suv,4.8,road_loopA_r0,road_loopA_r1,5274.2,5386.3,112.1,1297.7,41.7,1
3535,car,4.5,road_loopA_r0,road_loopA_r1,5290.8,5387.6,96.8,1298.7,48.3,0
3519,car,4.5,road_loopA_r0,road_loopA_r1,5268.0,5389.0,121.0,1298.2,38.6,0
3538,car,4.5,road_loopA_r0,road_loopA_r1,5296.0,5389.0,93.0,1298.6,50.3,0
3540,car,4.5,road_loopA_r0,road_loopA_r1,5298.4,5390.7,92.3,1298.7,50.6,0
3517,car,4.5,xloopA_0Aa,xloopA_0Ab,5267.3,5391.2,123.9,84.2,2.4,1
3524,car,4.5,road_loopA_f0,road_loopA_f1,5271.4,5391.4,120.0,1302.8,39.1,1
3508,suv,4.8,road_loopA_r0,road_loopA_r1,5263.3,5391.6,128.3,1298.5,36.4,1
3532,car,4.5,xloopA_0Ba,xloopA_0Bb,5281.1,5392.7,111.6,84.8,2.7,1
3529,car,4.5,road_loopA_f0,road_loopA_f1,5278.1,5394.3,116.2,1304.1,40.4,1
3547,car,4.5,xloopA_0Aa,xloopA_0Ab,5304.4,5394.4,90.0,84.4,3.4,1
3557,car,4.5,xloopA_0Ba,xloopA_0Bb,5312.2,5395.0,82.8,84.3,3.7,1
3580,car,4.5,xloopA_0Aa,xloopA_0Ab,5339.9,5396.6,56.7,84.5,5.4,1
3525,car,4.5,road_loopA_r0,road_loopA_r1,5273.3,5397.1,123.8,1298.2,37.7,0
3541,car,4.5,road_loopA_f0,road_loopA_f1,5299.0,5398.0,99.0,1303.7,47.4,0
3562,car,4.5,xloopA_0Ba,xloopA_0Bb,5314.7,5398.2,83.5,84.0,3.6,0
3592,car,4.5,xloopA_0Aa,xloopA_0Ab,5351.9,5398.7,46.8,84.3,6.5,0
3571,car,4.5,xloopA_0Ba,xloopA_0Bb,5331.1,5400.7,69.6,84.1,4.3,0
3593,car,4.5,xloopA_0Aa,xloopA_0Ab,5352.2,5400.8,48.6,84.4,6.3,0
3531,car,4.5,road_loopA_f0,road_loopA_f1,5278.9,5400.9,122.0,1302.8,38.4,1
3551,car,4.5,road_loopA_f0,road_loopA_f1,5306.4,5401.2,94.8,1303.1,49.5,0
3545,car,4.5,road_loopA_f0,road_loopA_f1,5302.1,5401.5,99.4,1303.7,47.2,0
3494,car,4.5,xloopA_0Ba,road_loopA_r1,5251.2,5404.3,153.1,476.6,11.2,1
3614,car,4.5,xloopA_0Aa,xloopA_0Ab,5370.9,5405.5,34.6,84.8,8.8,0
3539,car,4.5,road_loopA_f0,road_loopA_f1,5296.8,5406.6,109.8,1303.2,42.7,0
3536,suv,4.8,road_loopA_f0,road_loopA_f1,5291.0,5406.7,115.7,1302.9,40.5,0
3542,suv,4.8,road_loopA_f0,road_loopA_f1,5299.6,5407.1,107.5,1303.1,43.6,0
3654,car,4.5,xloopA_0Ba,xloopA_0Bb,5396.0,5407.2,11.2,84.3,27.2,0
3554,suv,4.8,road_loopA_f0,road_loopA_f1,5309.6,5410.9,101.3,1303.4,46.3,0
3550,car,4.5,road_loopA_f0,road_loopA_f1,5306.1,5412.0,105.9,1303.0,44.3,0
3626,car,4.5,xloopA_0Aa,xloopA_0Ab,5378.9,5412.1,33.2,84.4,9.2,0
3523,car,4.5,road_loopA_f0,road_loopA_f1,5270.6,5413.7,143.1,1303.6,32.8,1
3556,suv,4.8,road_loopA_f0,road_loopA_f1,5310.3,5414.9,104.6,1303.8,44.9,0
3548,car,4.5,road_loopA_f0,road_loopA_f1,5305.1,5415.3,110.2,1302.8,42.6,0
3553,car,4.5,road_loopA_f0,road_loopA_f1,5309.6,5416.5,106.9,1303.0,43.9,0
3559,car,4.5,road_loopA_f0,road_loopA_f1,5313.1,5416.6,103.5,1303.8,45.3,0
3565,car,4.5,road_loopA_f0,road_loopA_f1,5321.8,5418.4,96.6,1303.8,48.6,0
3534,car,4.5,road_loopA_f0,road_loopA_f1,5284.2,5419.0,134.8,1303.1,34.8,1
3566,car,4.5,road_loopA_f0,road_loopA_f1,5325.5,5420.1,94.6,1303.7,49.6,0
3528,car,4.5,road_loopA_f0,road_loopA_f1,5276.5,5420.9,144.4,1303.1,32.5,1
3563,suv,4.8,road_loopA_f0,road_loopA_f1,5318.8,5421.8,103.0,1303.2,45.6,0
3530,truck,8.5,road_loopA_f0,road_loopA_f1,5278.5,5423.2,144.7,1303.3,32.4,1
3576,suv,4.8,road_loopA_r0,xloopA_0Ab,5335.9,5423.3,87.4,869.4,35.8,0
3560,car,4.5,road_loopA_f0,road_loopA_f1,5313.6,5430.6,117.0,1302.9,40.1,0
3561,car,4.5,road_loopA_f0,road_loopA_f1,5313.7,5433.8,120.1,1303.7,39.1,0
3549,suv,4.8,road_loopA_f0,road_loopA_f1,5305.3,5434.6,129.3,1303.1,36.3,0
3555,car,4.5,road_loopA_r0,road_loopA_r1,5309.8,5438.7,128.9,1297.9,36.2,1
3488,car,4.5,xloopA_0Ba,road_loopA_f1,5244.7,5442.7,198.0,902.4,16.4,1
3564,suv,4.8,road_loopA_r0,road_loopA_r1,5318.9,5442.8,123.9,1297.5,37.7,1
3552,suv,4.8,road_loopA_r0,road_loopA_r1,5308.1,5444.4,136.3,1297.7,34.3,1
3581,car,4.5,road_loopA_r0,road_loopA_r1,5341.1,5445.1,104.0,1298.5,44.9,1
3569,car,4.5,road_loopA_r0,road_loopA_r1,5328.7,5446.5,117.8,1297.6,39.6,1
3586,suv,4.8,road_loopA_r0,road_loopA_r1,5345.1,5448.9,103.8,1298.3,45.0,0
3582,suv,4.8,road_loopA_r0,road_loopA_r1,5342.1,5450.8,108.7,1297.9,43.0,0
3567,car,4.5,road_loopA_r0,road_loopA_r1,5325.6,5454.0,128.4,1297.4,36.4,1
3609,car,4.5,xloopA_0Aa,road_loopA_r1,5364.0,5455.3,91.3,506.4,20.0,0
3584,car,4.5,road_loopA_r0,road_loopA_r1,5344.2,5455.9,111.7,1297.8,41.8,0
3588,suv,4.8,road_loopA_r0,road_loopA_r1,5347.3,5457.0,109.7,1297.7,42.6,0
3544,car,4.5,road_loopA_r0,road_loopA_r1,5301.7,5457.1,155.4,1298.2,30.1,1
3604,car,4.5,road_loopA_r0,road_loopA_r1,5362.4,5458.6,96.2,1297.4,48.5,0
3589,suv,4.8,road_loopA_r0,road_loopA_r1,5348.4,5458.8,110.4,1297.5,42.3,0
3570,suv,4.8,road_loopA_r0,road_loopA_r1,5330.5,5459.4,128.9,1298.1,36.2,0
3595,car,4.5,road_loopA_r0,road_loopA_r1,5353.3,5460.6,107.3,1298.6,43.6,0
3590,car,4.5,road_loopA_r0,road_loopA_r1,5348.5,5461.1,112.6,1298.2,41.5,0
3606,car,4.5,road_loopA_r0,road_loopA_r1,5362.7,5461.4,98.7,1298.1,47.3,0
3546,bus,11.0,road_loopA_r0,road_loopA_r1,5304.1,5461.8,157.7,1297.8,29.6,1
3596,car,4.5,road_loopA_r0,road_loopA_r1,5353.4,5462.3,108.9,1298.0,42.9,0
3612,car,4.5,road_loopA_r0,road_loopA_r1,5368.0,5463.3,95.3,1297.7,49.0,0
3607,truck,8.5,road_loopA_r0,road_loopA_r1,5363.6,5465.4,101.8,1297.9,45.9,0
3613,suv,4.8,road_loopA_r0,road_loopA_r1,5370.9,5465.8,94.9,1298.3,49.2,0
3573,suv,4.8,road_loopA_f0,road_loopA_f1,5334.2,5466.2,132.0,1303.1,35.5,1
3621,car,4.5,road_loopA_r0,road_loopA_r1,5375.1,5467.8,92.7,1297.7,50.4,0
3579,car,4.5,road_loopA_f0,road_loopA_f1,5339.1,5468.1,129.0,1303.9,36.4,1
3622,suv,4.8,road_loopA_r0,road_loopA_r1,5375.5,5469.5,94.0,1297.3,49.7,0
3597,car,4.5,road_loopA_r0,road_loopA_r1,5355.4,5469.8,114.4,1297.5,40.8,0
3610,car,4.5,road_loopA_r0,road_loopA_r1,5364.4,5471.5,107.1,1297.4,43.6,0
3619,suv,4.8,road_loopA_r0,road_loopA_r1,5374.4,5472.1,97.7,1297.8,47.8,0
3635,car,4.5,road_loopA_r0,road_loopA_r1,5383.9,5473.0,89.1,1297.7,52.5,0
3636,car,4.5,road_loopA_r0,road_loopA_r1,5384.2,5475.2,91.0,1298.0,51.3,0
3583,car,4.5,road_loopA_r0,xloopA_0Bb,5342.8,5476.2,133.4,895.3,24.2,1
3643,car,4.5,road_loopA_f0,xloopA_0Ab,5390.4,5476.8,86.4,505.1,21.0,1
3577,suv,4.8,road_loopA_f0,road_loopA_f1,5338.7,5477.5,138.8,1303.2,33.8,1
3568,bus,11.0,road_loopA_r0,road_loopA_r1,5327.9,5478.9,151.0,1297.4,30.9,1
3585,suv,4.8,road_loopA_r0,xloopA_0Bb,5345.0,5478.9,133.9,895.8,24.1,1
3599,car,4.5,road_loopA_f0,road_loopA_f1,5358.9,5480.1,121.2,1302.8,38.7,1
3641,car,4.5,road_loopA_r0,road_loopA_r1,5388.9,5481.5,92.6,1298.2,50.5,0
3587,car,4.5,road_loopA_r0,xloopA_0Bb,5345.9,5481.6,135.7,895.7,23.8,1
3600,car,4.5,road_loopA_f0,road_loopA_f1,5360.5,5481.8,121.3,1303.2,38.7,1
3638,truck,8.5,road_loopA_r0,road_loopA_r1,5386.3,5483.9,97.6,1297.7,47.9,0
3591,car,4.5,road_loopA_f0,road_loopA_f1,5351.4,5484.1,132.7,1304.1,35.4,1
3628,suv,4.8,road_loopA_r0,xloopA_0Bb,5379.5,5484.3,104.8,896.0,30.8,1
3624,car,4.5,road_loopA_r0,road_loopA_r1,5376.7,5484.9,108.2,1297.3,43.2,0
3692,car,4.5,road_loopA_f0,xloopA_0Ab,5441.0,5485.1,44.1,505.4,41.3,0
3647,car,4.5,road_loopA_r0,road_loopA_r1,5392.8,5485.9,93.1,1297.8,50.2,0
3644,suv,4.8,road_loopA_r0,road_loopA_r1,5391.1,5487.4,96.3,1298.5,48.5,0
3656,car,4.5,road_loopA_r0,road_loopA_r1,5397.6,5488.5,90.9,1297.9,51.4,0
3522,car,4.5,xloopA_0Ba,road_loopA_f1,5270.5,5490.5,220.0,903.0,14.8,1
3653,car,4.5,road_loopA_r0,road_loopA_r1,5395.9,5491.3,95.4,1297.3,49.0,0
3661,car,4.5,xloopA_0Ba,xloopA_0Bb,5405.3,5491.5,86.2,84.4,3.5,1
3594,truck,8.5,road_loopA_f0,road_loopA_f1,5352.1,5491.9,139.8,1303.8,33.6,1
3618,suv,4.8,road_loopA_f0,road_loopA_f1,5374.1,5492.4,118.3,1303.0,39.6,0
3670,car,4.5,xloopA_0Aa,xloopA_0Ab,5414.2,5492.5,78.3,84.6,3.9,1
3630,suv,4.8,road_loopA_r0,road_loopA_r1,5380.4,5493.5,113.1,1297.9,41.3,0
3679,car,4.5,xloopA_0Ba,xloopA_0Bb,5426.7,5494.0,67.3,84.6,4.5,1
3639,car,4.5,road_loopA_r0,road_loopA_r1,5386.9,5494.4,107.5,1298.2,43.5,0
3703,car,4.5,xloopA_0Aa,xloopA_0Ab,5449.0,5495.0,46.0,84.5,6.6,1
3616,car,4.5,road_loopA_f0,road_loopA_f1,5372.4,5495.1,122.7,1303.6,38.3,0
3684,car,4.5,xloopA_0Ba,xloopA_0Bb,5432.4,5496.5,64.1,84.2,4.7,1
3623,car,4.5,road_loopA_f0,road_loopA_f1,5376.5,5496.6,120.1,1303.5,39.1,0
3598,car,4.5,xloopA_0Aa,road_loopA_f1,5357.1,5496.8,139.7,872.6,22.5,0
3558,car,4.5,xloopA_0Ba,road_loopA_f1,5312.2,5497.6,185.4,903.0,17.5,0
3572,car,4.5,road_loopA_f0,road_loopA_f1,5333.8,5498.4,164.6,1303.0,28.5,1
3652,car,4.5,road_loopA_f0,road_loopA_f1,5395.6,5498.4,102.8,1303.7,45.7,0
3718,car,4.5,xloopA_0Ba,xloopA_0Bb,5463.0,5498.6,35.6,84.6,8.5,0
3602,suv,4.8,road_loopA_f0,road_loopA_f1,5361.9,5499.3,137.4,1303.2,34.1,1
3633,car,4.5,road_loopA_f0,road_loopA_f1,5383.0,5500.1,117.1,1303.4,40.1,0
3574,car,4.5,road_loopA_f0,road_loopA_f1,5334.6,5500.2,165.6,1303.4,28.3,1
3747,car,4.5,xloopA_0Ba,xloopA_0Bb,5487.5,5500.6,13.1,84.7,23.2,0
3608,truck,8.5,road_loopA_f0,road_loopA_f1,5363.7,5501.5,137.8,1303.0,34.0,0
3578,suv,4.8,road_loopA_f0,road_loopA_f1,5338.9,5501.9,163.0,1303.4,28.8,1
3634,car,4.5,road_loopA_f0,road_loopA_f1,5383.4,5501.9,118.5,1304.0,39.6,0
6,tram,34.0,loopA,loopA,1273.7,5502.4,4228.7,33702.8,28.7,41
3615,car,4.5,road_loopA_f0,road_loopA_f1,5371.0,5503.5,132.5,1303.7,35.4,1
3601,suv,4.8,road_loopA_f0,road_loopA_f1,5361.2,5503.6,142.4,1303.0,32.9,1
3645,suv,4.8,road_loopA_f0,road_loopA_f1,5391.5,5503.7,112.2,1302.9,41.8,0
3627,car,4.5,road_loopA_f0,road_loopA_f1,5379.2,5505.2,126.0,1303.7,37.2,0
3603,car,4.5,road_loopA_f0,road_loopA_f1,5362.0,5505.5,143.5,1303.2,32.7,1
3649,car,4.5,road_loopA_f0,road_loopA_f1,5394.2,5505.7,111.5,1303.0,42.1,0
3631,suv,4.8,road_loopA_f0,road_loopA_f1,5380.5,5507.0,126.5,1303.1,37.1,0
3617,suv,4.8,road_loopA_f0,road_loopA_f1,5373.4,5507.3,133.9,1303.9,35.0,1
3642,suv,4.8,road_loopA_f0,road_loopA_f1,5389.0,5508.1,119.1,1302.9,39.4,0
3637,car,4.5,road_loopA_f0,road_loopA_f1,5385.8,5508.8,123.0,1303.4,38.1,0
3620,car,4.5,road_loopA_f0,road_loopA_f1,5374.9,5509.1,134.2,1304.0,35.0,0
3640,car,4.5,road_loopA_f0,road_loopA_f1,5387.8,5510.4,122.6,1302.9,38.2,0
3646,car,4.5,road_loopA_f0,road_loopA_f1,5392.2,5510.7,118.5,1303.8,39.6,0
3625,suv,4.8,road_loopA_f0,road_loopA_f1,5377.1,5510.9,133.8,1303.8,35.1,0
3658,suv,4.8,road_loopA_f0,road_loopA_f1,5400.4,5512.1,111.7,1303.1,42.0,0
3629,car,4.5,road_loopA_f0,road_loopA_f1,5379.7,5512.7,133.0,1303.4,35.3,0
3648,suv,4.8,road_loopA_f0,road_loopA_f1,5393.3,5512.9,119.6,1303.4,39.2,0
3672,car,4.5,road_loopA_f0,road_loopA_f1,5415.6,5513.9,98.3,1303.5,47.7,0
3632,car,4.5,road_loopA_f0,road_loopA_f1,5382.2,5514.6,132.4,1303.6,35.5,0
3650,car,4.5,road_loopA_f0,road_loopA_f1,5394.4,5514.8,120.4,1303.9,39.0,0
3669,truck,8.5,road_loopA_f0,road_loopA_f1,5413.2,5516.3,103.1,1303.0,45.5,0
3651,car,4.5,road_loopA_f0,road_loopA_f1,5395.0,5516.5,121.5,1303.8,38.6,0
3660,car,4.5,road_loopA_f0,road_loopA_f1,5402.6,5516.6,114.0,1304.0,41.2,0
3611,truck,8.5,road_loopA_r0,xloopA_0Ab,5365.2,5518.1,152.9,869.0,20.5,3
3655,car,4.5,road_loopA_f0,road_loopA_f1,5397.1,5518.2,121.1,1302.9,38.7,0
3671,car,4.5,road_loopA_f0,road_loopA_f1,5414.7,5518.4,103.7,1304.1,45.3,0
3659,car,4.5,road_loopA_f0,road_loopA_f1,5401.2,5518.9,117.7,1303.8,39.9,0
3662,car,4.5,road_loopA_f0,road_loopA_f1,5405.5,5520.0,114.5,1303.9,41.0,0
3677,suv,4.8,road_loopA_f0,road_loopA_f1,5423.1,5520.2,97.1,1303.1,48.3,0
3676,car,4.5,road_loopA_f0,road_loopA_f1,5422.6,5521.2,98.6,1303.5,47.6,0
3674,car,4.5,road_loopA_f0,road_loopA_f1,5417.8,5526.9,109.1,1303.5,43.0,0
3657,bus,11.0,road_loopA_f0,road_loopA_f1,5397.8,5531.4,133.6,1303.5,35.1,2
3663,car,4.5,road_loopA_r0,road_loopA_r1,5407.2,5533.1,125.9,1297.6,37.1,1
3666,truck,8.5,road_loopA_r0,road_loopA_r1,5409.8,5536.3,126.5,1298.5,36.9,1
3665,car,4.5,road_loopA_r0,road_loopA_r1,5407.4,5537.6,130.2,1298.1,35.9,1
3673,car,4.5,road_loopA_r0,road_loopA_r1,5416.0,5539.2,123.2,1297.7,37.9,1
3667,suv,4.8,road_loopA_r0,road_loopA_r1,5410.1,5539.3,129.2,1297.8,36.2,1
3664,car,4.5,road_loopA_r0,road_loopA_r1,5407.2,5541.1,133.9,1298.0,34.9,1
3675,suv,4.8,road_loopA_r0,road_loopA_r1,5418.5,5541.1,122.6,1298.2,38.1,1
3680,car,4.5,road_loopA_r0,road_loopA_r1,5426.9,5543.4,116.5,1297.6,40.1,1
3688,car,4.5,road_loopA_r0,road_loopA_r1,5437.6,5544.1,106.5,1297.9,43.9,0
3678,suv,4.8,road_loopA_r0,road_loopA_r1,5424.4,5544.4,120.0,1297.9,39.0,1
3605,bus,11.0,road_loopA_f0,road_loopA_f1,5362.4,5545.0,182.6,1303.1,25.7,2
3683,car,4.5,road_loopA_r0,road_loopA_r1,5431.6,5545.1,113.5,1298.1,41.2,0
3681,car,4.5,road_loopA_r0,road_loopA_r1,5427.5,5546.2,118.7,1297.4,39.3,1
3696,suv,4.8,road_loopA_r0,road_loopA_r1,5444.1,5546.8,102.7,1298.3,45.5,0
3690,car,4.5,road_loopA_r0,road_loopA_r1,5437.8,5547.3,109.5,1298.5,42.7,0
3704,suv,4.8,road_loopA_r0,road_loopA_r1,5450.2,5548.9,98.7,1297.5,47.3,0
3702,truck,8.5,road_loopA_r0,road_loopA_r1,5447.8,5554.5,106.7,1297.8,43.8,0
3706,car,4.5,road_loopA_r0,road_loopA_r1,5451.0,5554.8,103.8,1298.5,45.0,0
3721,car,4.5,road_loopA_r0,road_loopA_r1,5465.2,5556.5,91.3,1298.6,51.2,0
3711,car,4.5,road_loopA_r0,road_loopA_r1,5455.8,5557.0,101.2,1298.1,46.2,0
3685,car,4.5,road_loopA_f0,road_loopA_f1,5432.4,5560.8,128.4,1303.3,36.6,1
3724,car,4.5,road_loopA_r0,road_loopA_r1,5469.3,5564.5,95.2,1297.7,49.1,0
3725,car,4.5,road_loopA_r0,road_loopA_r1,5471.3,5566.3,95.0,1298.1,49.2,0
3682,suv,4.8,road_loopA_f0,road_loopA_f1,5431.6,5566.7,135.1,1303.3,34.7,1
3713,car,4.5,road_loopA_r0,road_loopA_r1,5459.1,5567.5,108.4,1297.4,43.1,0
3729,suv,4.8,road_loopA_r0,road_loopA_r1,5477.2,5567.5,90.3,1298.1,51.8,0
3686,car,4.5,road_loopA_f0,road_loopA_f1,5437.5,5568.4,130.9,1303.3,35.8,1
3733,car,4.5,road_loopA_r0,road_loopA_r1,5479.7,5569.1,89.4,1297.9,52.3,0
3723,car,4.5,road_loopA_r0,road_loopA_r1,5469.3,5569.3,100.0,1297.4,46.7,0
3691,car,4.5,road_loopA_f0,road_loopA_f1,5440.2,5569.8,129.6,1303.0,36.2,1
3689,car,4.5,road_loopA_f0,road_loopA_f1,5437.6,5570.0,132.4,1303.1,35.4,1
3736,car,4.5,road_loopA_r0,road_loopA_r1,5481.6,5570.6,89.0,1297.7,52.5,0
3697,suv,4.8,road_loopA_f0,road_loopA_f1,5444.5,5571.9,127.4,1303.1,36.8,1
3737,suv,4.8,road_loopA_r0,road_loopA_r1,5482.0,5573.3,91.3,1298.5,51.2,0
3730,car,4.5,road_loopA_r0,road_loopA_r1,5477.2,5573.4,96.2,1298.3,48.6,0
3707,car,4.5,road_loopA_f0,road_loopA_f1,5451.6,5573.7,122.1,1303.9,38.4,1
3726,car,4.5,road_loopA_r0,road_loopA_r1,5473.2,5574.0,100.8,1297.8,46.4,0
3797,suv,4.8,road_loopA_f0,xloopA_0Bb,5534.5,5574.5,40.0,479.0,43.1,0
3694,car,4.5,road_loopA_f0,road_loopA_f1,5442.5,5574.6,132.1,1303.2,35.5,1
3743,car,4.5,road_loopA_r0,road_loopA_r1,5483.7,5575.2,91.5,1298.6,51.1,0
3687,car,4.5,road_loopA_f0,road_loopA_f1,5437.5,5575.8,138.3,1303.7,33.9,1
3701,car,4.5,road_loopA_f0,road_loopA_f1,5446.8,5576.3,129.5,1303.3,36.2,1
3710,car,4.5,road_loopA_f0,road_loopA_f1,5455.7,5576.7,121.0,1303.5,38.8,1
3699,suv,4.8,road_loopA_f0,road_loopA_f1,5445.7,5577.4,131.7,1303.2,35.6,1
3708,car,4.5,road_loopA_f0,road_loopA_f1,5452.1,5579.2,127.1,1303.9,36.9,1
3714,car,4.5,road_loopA_f0,road_loopA_f1,5460.1,5579.7,119.6,1304.1,39.3,1
3719,car,4.5,road_loopA_f0,road_loopA_f1,5464.2,5580.7,116.5,1303.7,40.3,1
3734,car,4.5,road_loopA_r0,road_loopA_r1,5480.1,5580.8,100.7,1298.2,46.4,0
3716,suv,4.8,road_loopA_f0,road_loopA_f1,5460.9,5581.5,120.6,1303.3,38.9,1
3668,bus,11.0,road_loopA_r0,road_loopA_r1,5412.5,5583.0,170.5,1297.4,27.4,2
3700,suv,4.8,road_loopA_f0,road_loopA_f1,5446.1,5583.4,137.3,1303.7,34.2,1
3722,suv,4.8,road_loopA_f0,road_loopA_f1,5468.4,5583.5,115.1,1303.0,40.8,0
3693,car,4.5,road_loopA_f0,road_loopA_f1,5441.5,5583.9,142.4,1303.2,33.0,1
3695,car,4.5,road_loopA_f0,road_loopA_f1,5443.1,5585.6,142.5,1304.1,32.9,1
3750,suv,4.8,road_loopA_r0,road_loopA_r1,5491.7,5585.9,94.2,1298.1,49.6,0
3731,car,4.5,road_loopA_f0,road_loopA_f1,5478.2,5586.3,108.1,1304.1,43.4,0
3698,suv,4.8,road_loopA_f0,road_loopA_f1,5444.5,5587.2,142.7,1302.8,32.9,1
3720,car,4.5,road_loopA_f0,road_loopA_f1,5464.7,5587.5,122.8,1303.9,38.2,1
3745,truck,8.5,road_loopA_r0,road_loopA_r1,5486.4,5588.1,101.7,1298.0,45.9,0
3732,car,4.5,road_loopA_f0,xloopA_0Ab,5479.1,5588.2,109.1,505.1,16.7,1
3727,truck,8.5,road_loopA_r0,xloopA_0Bb,5475.3,5588.9,113.6,895.9,28.4,1
3754,car,4.5,road_loopA_r0,road_loopA_r1,5493.2,5588.9,95.7,1298.3,48.9,0
3739,car,4.5,road_loopA_f0,road_loopA_f1,5482.6,5589.2,106.6,1303.6,44.0,0
3771,car,4.5,road_loopA_f0,xloopA_0Ab,5503.3,5590.8,87.5,505.2,20.8,1
3744,car,4.5,road_loopA_f0,road_loopA_f1,5485.1,5590.9,105.8,1303.2,44.3,0
3705,car,4.5,road_loopA_f0,road_loopA_f1,5450.5,5591.7,141.2,1302.9,33.2,1
3762,car,4.5,road_loopA_r0,road_loopA_r1,5498.9,5592.0,93.1,1298.4,50.2,0
3758,car,4.5,road_loopA_f0,road_loopA_f1,5494.3,5592.2,97.9,1302.9,47.9,0
3740,car,4.5,road_loopA_r0,road_loopA_r1,5482.6,5593.2,110.6,1298.4,42.3,0
3749,car,4.5,road_loopA_r0,road_loopA_r1,5490.7,5593.2,102.5,1298.0,45.6,0
3728,car,4.5,road_loopA_f0,road_loopA_f1,5475.5,5593.7,118.2,1303.5,39.7,0
3709,car,4.5,road_loopA_f0,road_loopA_f1,5454.1,5593.9,139.8,1303.7,33.6,1
3781,truck,8.5,road_loopA_f0,xloopA_0Ab,5514.8,5594.3,79.5,505.6,22.9,1
3751,car,4.5,road_loopA_r0,road_loopA_r1,5491.8,5594.8,103.0,1298.3,45.4,0
3746,car,4.5,road_loopA_r0,road_loopA_r1,5486.4,5594.9,108.5,1297.5,43.1,0
3717,car,4.5,road_loopA_f0,road_loopA_f1,5462.1,5595.6,133.5,1304.1,35.2,1
3753,car,4.5,road_loopA_r0,road_loopA_r1,5492.2,5595.8,103.6,1297.8,45.1,0
3712,truck,8.5,road_loopA_f0,road_loopA_f1,5457.3,5596.0,138.7,1302.9,33.8,1
3755,car,4.5,road_loopA_r0,road_loopA_r1,5493.4,5597.3,103.9,1297.9,45.0,0
3757,suv,4.8,road_loopA_r0,road_loopA_r1,5494.2,5598.0,103.8,1297.4,45.0,0
3715,truck,8.5,road_loopA_f0,road_loopA_f1,5460.3,5598.2,137.9,1303.8,34.0,1
3766,car,4.5,road_loopA_f0,road_loopA_f1,5500.6,5598.3,97.7,1303.8,48.1,0
3761,suv,4.8,road_loopA_r0,road_loopA_r1,5497.4,5599.3,101.9,1298.1,45.9,0
3735,car,4.5,road_loopA_f0,road_loopA_f1,5480.2,5599.9,119.7,1303.8,39.2,0
3738,car,4.5,road_loopA_r0,road_loopA_r1,5482.4,5600.3,117.9,1298.3,39.6,0
3768,car,4.5,road_loopA_f0,road_loopA_f1,5502.1,5600.3,98.2,1303.6,47.8,0
3767,suv,4.8,road_loopA_r0,road_loopA_r1,5501.8,5600.4,98.6,1297.4,47.4,0
3765,car,4.5,road_loopA_r0,road_loopA_r1,5500.4,5601.0,100.6,1297.5,46.4,0
3756,car,4.5,xloopA_0Ba,xloopA_0Bb,5494.2,5601.2,107.0,84.5,2.8,1
3741,suv,4.8,road_loopA_f0,road_loopA_f1,5482.8,5601.6,118.8,1302.9,39.5,0
3742,car,4.5,road_loopA_f0,road_loopA_f1,5483.5,5602.7,119.2,1303.5,39.4,0
3759,car,4.5,xloopA_0Aa,xloopA_0Ab,5495.0,5602.8,107.8,84.4,2.8,1
3770,suv,4.8,road_loopA_r0,road_loopA_r1,5502.3,5602.9,100.6,1298.6,46.5,0
3778,car,4.5,road_loopA_f0,road_loopA_f1,5513.3,5602.9,89.6,1303.0,52.3,0
3764,truck,8.5,road_loopA_r0,road_loopA_r1,5499.3,5603.3,104.0,1297.9,44.9,0
3748,car,4.5,road_loopA_f0,road_loopA_f1,5489.0,5603.4,114.4,1303.1,41.0,0
3779,car,4.5,road_loopA_r0,road_loopA_r1,5513.9,5603.4,89.5,1298.4,52.2,0
3780,car,4.5,xloopA_0Ba,xloopA_0Bb,5514.7,5603.6,88.9,84.5,3.4,1
3760,car,4.5,road_loopA_f0,road_loopA_f1,5495.8,5604.5,108.7,1303.7,43.2,0
3774,car,4.5,road_loopA_r0,road_loopA_r1,5505.9,5604.6,98.7,1297.5,47.3,0
3796,car,4.5,xloopA_0Aa,xloopA_0Ab,5533.6,5604.8,71.2,84.0,4.3,1
3763,car,4.5,road_loopA_f0,road_loopA_f1,5499.3,5605.2,105.9,1303.5,44.3,0
3772,car,4.5,road_loopA_f0,road_loopA_f1,5503.9,5605.7,101.8,1303.1,46.1,0
3840,car,4.5,xloopA_0Ba,xloopA_0Bb,5567.0,5606.4,39.4,84.3,7.7,1
3777,suv,4.8,road_loopA_f0,road_loopA_f1,5512.1,5607.0,94.9,1304.1,49.5,0
5,tram,34.0,loopB,loopB,1211.4,5607.2,4395.8,33673.3,27.6,40
3782,suv,4.8,road_loopA_f0,road_loopA_f1,5517.1,5608.8,91.7,1303.1,51.2,0
3786,car,4.5,road_loopA_f0,road_loopA_f1,5518.1,5611.0,92.9,1304.0,50.6,0
3783,car,4.5,road_loopA_f0,road_loopA_f1,5517.3,5612.6,95.3,1302.8,49.2,0
3752,car,4.5,road_loopA_r0,xloopA_0Ab,5492.1,5613.1,121.0,869.1,25.9,2
3769,car,4.5,road_loopA_f0,road_loopA_f1,5502.4,5613.8,111.4,1303.8,42.1,0
3789,suv,4.8,road_loopA_f0,road_loopA_f1,5529.3,5618.7,89.4,1303.1,52.5,0
3838,car,4.5,road_loopA_f0,xloopA_0Bb,5565.8,5621.8,56.0,478.9,30.8,1
3826,car,4.5,road_loopA_r0,xloopA_0Ab,5554.1,5625.9,71.8,869.1,43.6,0
3790,truck,8.5,road_loopA_f0,road_loopA_f1,5529.6,5628.0,98.4,1303.6,47.7,0
3802,car,4.5,road_loopA_f0,road_loopA_f1,5536.9,5628.6,91.7,1304.1,51.2,0
3801,suv,4.8,road_loopA_r0,xloopA_0Ab,5536.5,5629.2,92.7,869.4,33.8,1
3793,suv,4.8,road_loopA_f0,road_loopA_f1,5531.7,5630.0,98.3,1302.8,47.7,0
3803,car,4.5,road_loopA_f0,road_loopA_f1,5537.4,5631.8,94.4,1303.5,49.7,0
3791,truck,8.5,road_loopA_f0,road_loopA_f1,5530.9,5632.2,101.3,1303.7,46.3,0
3816,suv,4.8,road_loopA_r0,xloopA_0Ab,5546.4,5632.2,85.8,869.0,36.4,1
3806,car,4.5,road_loopA_f0,road_loopA_f1,5539.2,5633.5,94.3,1303.4,49.8,0
3794,car,4.5,road_loopA_f0,road_loopA_f1,5531.8,5634.6,102.8,1303.3,45.6,0
3872,suv,4.8,road_loopA_f0,xloopA_0Bb,5596.0,5636.3,40.3,479.1,42.8,0
3800,car,4.5,road_loopA_f0,road_loopA_f1,5536.4,5640.0,103.6,1303.2,45.3,0
3784,car,4.5,road_loopA_r0,road_loopA_r1,5517.4,5641.1,123.7,1297.3,37.8,1
3776,car,4.5,road_loopA_r0,road_loopA_r1,5509.9,5642.8,132.9,1297.6,35.2,1
3787,suv,4.8,road_loopA_r0,road_loopA_r1,5518.1,5643.9,125.8,1298.4,37.2,1
3788,car,4.5,road_loopA_r0,road_loopA_r1,5522.7,5645.3,122.6,1298.3,38.1,1
3795,car,4.5,road_loopA_r0,road_loopA_r1,5533.3,5646.9,113.6,1298.6,41.1,1
3775,car,4.5,road_loopA_r0,road_loopA_r1,5506.0,5648.5,142.5,1297.9,32.8,1
3773,truck,8.5,road_loopA_r0,road_loopA_r1,5504.4,5648.6,144.2,1297.4,32.4,1
3798,car,4.5,road_loopA_r0,road_loopA_r1,5535.5,5648.8,113.3,1297.8,41.2,1
3808,car,4.5,road_loopA_r0,road_loopA_r1,5542.8,5650.2,107.4,1298.0,43.5,0
3804,car,4.5,road_loopA_r0,road_loopA_r1,5538.0,5650.6,112.6,1298.3,41.5,1
3822,suv,4.8,road_loopA_r0,road_loopA_r1,5550.6,5651.7,101.1,1297.4,46.2,0
3820,suv,4.8,road_loopA_r0,road_loopA_r1,5550.4,5653.3,102.9,1297.5,45.4,0
3799,car,4.5,road_loopA_r0,road_loopA_r1,5535.6,5653.6,118.0,1297.5,39.6,1
3823,car,4.5,road_loopA_r0,road_loopA_r1,5550.8,5656.0,105.2,1298.3,44.4,0
3813,car,4.5,road_loopA_r0,road_loopA_r1,5545.8,5656.6,110.8,1297.6,42.2,0
3785,suv,4.8,road_loopA_r0,road_loopA_r1,5518.0,5657.1,139.1,1297.3,33.6,0
3818,car,4.5,road_loopA_r0,road_loopA_r1,5549.0,5658.4,109.4,1298.4,42.7,0
3829,truck,8.5,road_loopA_r0,road_loopA_r1,5556.7,5659.4,102.7,1297.8,45.5,0
3821,car,4.5,road_loopA_r0,road_loopA_r1,5550.4,5660.1,109.7,1298.0,42.6,0
3845,car,4.5,road_loopA_r0,road_loopA_r1,5568.5,5661.6,93.1,1298.1,50.2,0
3902,suv,4.8,road_loopA_f0,xloopA_0Bb,5621.9,5661.9,40.0,478.9,43.1,0
3825,truck,8.5,road_loopA_r0,road_loopA_r1,5552.7,5662.3,109.6,1297.7,42.6,0
3807,truck,8.5,road_loopA_r0,road_loopA_r1,5541.7,5663.1,121.4,1298.1,38.5,0
3847,suv,4.8,road_loopA_r0,road_loopA_r1,5570.2,5664.2,94.0,1297.6,49.7,0
3831,car,4.5,road_loopA_r0,road_loopA_r1,5559.1,5664.3,105.2,1297.7,44.4,0
3863,suv,4.8,road_loopA_r0,xloopA_0Ab,5589.4,5664.3,74.9,869.3,41.8,0
3814,suv,4.8,road_loopA_r0,road_loopA_r1,5546.2,5665.2,119.0,1297.3,39.3,0
3846,car,4.5,road_loopA_r0,road_loopA_r1,5570.1,5665.7,95.6,1297.7,48.9,0
3833,car,4.5,road_loopA_r0,road_loopA_r1,5561.6,5666.0,104.4,1297.3,44.7,0
3809,car,4.5,road_loopA_f0,road_loopA_f1,5543.4,5666.2,122.8,1303.7,38.2,1
3837,suv,4.8,road_loopA_r0,road_loopA_r1,5565.5,5667.0,101.5,1298.2,46.1,0
3834,truck,8.5,road_loopA_r0,road_loopA_r1,5563.9,5668.2,104.3,1297.8,44.8,0
3852,suv,4.8,road_loopA_r0,road_loopA_r1,5576.2,5669.1,92.9,1298.6,50.3,0
3835,car,4.5,road_loopA_r0,road_loopA_r1,5564.6,5670.2,105.6,1297.7,44.2,0
3817,car,4.5,road_loopA_f0,road_loopA_f1,5546.6,5670.8,124.2,1303.5,37.8,1
3877,car,4.5,road_loopA_r0,xloopA_0Ab,5601.2,5670.8,69.6,869.3,45.0,0
3844,car,4.5,road_loopA_r0,road_loopA_r1,5568.4,5671.9,103.5,1298.4,45.2,0
3850,suv,4.8,road_loopA_r0,road_loopA_r1,5574.5,5671.9,97.4,1297.6,47.9,0
3811,car,4.5,road_loopA_f0,road_loopA_f1,5544.1,5672.0,127.9,1303.5,36.7,1
3819,car,4.5,road_loopA_f0,road_loopA_f1,5549.5,5672.5,123.0,1303.3,38.1,1
3856,car,4.5,road_loopA_r0,road_loopA_r1,5581.2,5673.9,92.7,1297.4,50.4,0
3858,suv,4.8,road_loopA_r0,road_loopA_r1,5583.2,5674.1,90.9,1298.2,51.4,0
3828,suv,4.8,road_loopA_f0,road_loopA_f1,5556.0,5674.3,118.3,1303.6,39.7,1
3810,car,4.5,road_loopA_f0,road_loopA_f1,5543.6,5675.5,131.9,1303.0,35.6,1
3857,suv,4.8,road_loopA_r0,road_loopA_r1,5582.3,5675.8,93.5,1297.7,50.0,0
3841,car,4.5,road_loopA_f0,road_loopA_f1,5567.3,5677.6,110.3,1304.0,42.6,1
3925,car,4.5,road_loopA_f0,xloopA_0Bb,5638.6,5678.6,40.0,478.8,43.1,0
3853,truck,8.5,road_loopA_r0,road_loopA_r1,5576.9,5679.4,102.5,1297.4,45.6,0
3824,car,4.5,road_loopA_f0,road_loopA_f1,5552.2,5680.2,128.0,1303.9,36.7,1
3848,car,4.5,road_loopA_f0,road_loopA_f1,5573.6,5680.3,106.7,1304.0,44.0,1
3805,car,4.5,road_loopA_f0,road_loopA_f1,5539.1,5680.8,141.7,1303.4,33.1,1
3832,car,4.5,road_loopA_f0,road_loopA_f1,5559.9,5681.9,122.0,1303.1,38.5,1
3851,car,4.5,road_loopA_f0,road_loopA_f1,5575.5,5682.1,106.6,1303.7,44.0,0
3815,suv,4.8,road_loopA_f0,road_loopA_f1,5546.4,5682.4,136.0,1303.3,34.5,1
3866,car,4.5,road_loopA_r0,road_loopA_r1,5593.4,5683.3,89.9,1298.3,52.0,0
3855,car,4.5,road_loopA_f0,road_loopA_f1,5580.8,5683.9,103.1,1303.1,45.5,0
3827,car,4.5,road_loopA_f0,road_loopA_f1,5555.9,5684.1,128.2,1303.2,36.6,1
3839,car,4.5,road_loopA_f0,road_loopA_f1,5566.1,5684.3,118.2,1303.4,39.7,1
3870,car,4.5,road_loopA_r0,road_loopA_r1,5594.7,5684.5,89.8,1297.9,52.0,0
3830,car,4.5,road_loopA_f0,road_loopA_f1,5558.9,5685.8,126.9,1303.0,37.0,1
3860,suv,4.8,road_loopA_f0,road_loopA_f1,5588.5,5686.1,97.6,1304.2,48.1,0
3864,suv,4.8,road_loopA_f0,road_loopA_f1,5590.1,5687.8,97.7,1303.5,48.1,0
3843,suv,4.8,road_loopA_f0,road_loopA_f1,5568.2,5688.6,120.4,1302.8,38.9,1
3849,suv,4.8,road_loopA_f0,road_loopA_f1,5574.2,5690.4,116.2,1304.0,40.4,0
3869,car,4.5,road_loopA_f0,road_loopA_f1,5593.8,5691.2,97.4,1303.3,48.2,0
3854,car,4.5,road_loopA_f0,road_loopA_f1,5578.5,5692.1,113.6,1303.7,41.3,0
3874,car,4.5,road_loopA_f0,road_loopA_f1,5598.4,5693.0,94.6,1303.3,49.6,0
3882,car,4.5,road_loopA_r0,xloopA_0Bb,5603.7,5693.4,89.7,895.8,36.0,1
3859,car,4.5,road_loopA_f0,road_loopA_f1,5585.2,5693.9,108.7,1303.9,43.2,0
3836,suv,4.8,road_loopA_f0,xloopA_0Ab,5565.0,5694.0,129.0,505.7,14.1,1
3875,car,4.5,road_loopA_f0,road_loopA_f1,5598.6,5694.1,95.5,1303.3,49.1,0
3880,car,4.5,road_loopA_r0,road_loopA_r1,5603.2,5694.6,91.4,1298.6,51.2,0
3861,car,4.5,road_loopA_f0,road_loopA_f1,5588.7,5695.6,106.9,1303.3,43.9,0
3883,car,4.5,road_loopA_f0,road_loopA_f1,5604.0,5695.9,91.9,1302.9,51.0,0
3842,car,4.5,road_loopA_f0,xloopA_0Ab,5567.5,5696.6,129.1,505.3,14.1,1
3887,truck,8.5,road_loopA_r0,xloopA_0Bb,5606.0,5696.8,90.8,895.9,35.5,1
3867,car,4.5,road_loopA_f0,road_loopA_f1,5593.5,5697.4,103.9,1303.3,45.2,0
3881,car,4.5,road_loopA_r0,road_loopA_r1,5603.5,5698.4,94.9,1297.9,49.3,0
3865,car,4.5,road_loopA_r0,road_loopA_r1,5592.8,5698.8,106.0,1297.6,44.1,0
3878,car,4.5,road_loopA_f0,xloopA_0Ab,5601.9,5699.2,97.3,505.1,18.7,1
3873,truck,8.5,road_loopA_f0,road_loopA_f1,5596.6,5699.9,103.3,1303.7,45.4,0
3891,car,4.5,road_loopA_r0,road_loopA_r1,5609.0,5700.2,91.2,1298.4,51.3,0
3879,car,4.5,road_loopA_r0,road_loopA_r1,5602.5,5700.4,97.9,1298.4,47.8,0
3893,car,4.5,road_loopA_f0,road_loopA_f1,5611.4,5700.9,89.5,1303.1,52.4,0
3889,car,4.5,road_loopA_f0,road_loopA_f1,5608.1,5701.4,93.3,1303.2,50.3,0
3871,car,4.5,road_loopA_r0,road_loopA_r1,5595.5,5702.9,107.4,1298.2,43.5,0
3886,car,4.5,road_loopA_f0,road_loopA_f1,5605.5,5703.1,97.6,1303.3,48.1,0
3890,car,4.5,road_loopA_r0,road_loopA_r1,5608.8,5703.2,94.4,1297.6,49.5,0
3897,car,4.5,road_loopA_r0,road_loopA_r1,5615.9,5704.8,88.9,1297.2,52.5,0
3885,car,4.5,xloopA_0Ba,xloopA_0Bb,5605.3,5705.2,99.9,84.1,3.0,1
3899,suv,4.8,road_loopA_f0,road_loopA_f1,5618.1,5707.5,89.4,1303.1,52.5,0
3894,car,4.5,xloopA_0Aa,xloopA_0Ab,5612.3,5707.8,95.5,84.5,3.2,1
3896,car,4.5,road_loopA_f0,road_loopA_f1,5613.3,5709.0,95.7,1303.9,49.1,0
3895,car,4.5,road_loopA_f0,road_loopA_f1,5612.7,5710.1,97.4,1303.2,48.2,0
3961,car,4.5,xloopA_0Aa,xloopA_0Ab,5675.0,5710.5,35.5,84.0,8.5,1
3876,bus,11.0,road_loopA_r0,road_loopA_r1,5599.9,5710.9,111.0,1297.3,42.1,0
3936,car,4.5,xloopA_0Ba,xloopA_0Bb,5644.8,5711.4,66.6,84.4,4.6,1
3898,car,4.5,road_loopA_f0,road_loopA_f1,5618.0,5711.7,93.7,1302.9,50.0,0
3964,car,4.5,xloopA_0Aa,xloopA_0Ab,5680.6,5712.7,32.1,84.3,9.5,0
3888,suv,4.8,road_loopA_f0,road_loopA_f1,5606.9,5714.1,107.2,1303.7,43.8,0
3884,car,4.5,road_loopA_f0,road_loopA_f1,5604.8,5717.0,112.2,1303.1,41.8,0
3892,suv,4.8,road_loopA_f0,road_loopA_f1,5610.9,5719.2,108.3,1303.3,43.3,0
3909,car,4.5,road_loopA_f0,road_loopA_f1,5627.5,5720.7,93.2,1303.5,50.3,0
3901,car,4.5,road_loopA_f0,road_loopA_f1,5621.6,5721.3,99.7,1304.0,47.1,0
3905,car,4.5,road_loopA_f0,road_loopA_f1,5622.7,5723.0,100.3,1302.9,46.7,0
3910,car,4.5,road_loopA_f0,road_loopA_f1,5627.5,5723.1,95.6,1303.1,49.1,0
3915,car,4.5,road_loopA_f0,road_loopA_f1,5632.6,5724.6,92.0,1302.8,51.0,0
3900,car,4.5,road_loopA_r0,xloopA_0Ab,5620.9,5725.8,104.9,869.2,29.8,1
3911,car,4.5,road_loopA_f0,road_loopA_f1,5628.5,5727.2,98.7,1303.6,47.5,0
3916,car,4.5,road_loopA_f0,road_loopA_f1,5633.2,5727.4,94.2,1304.1,49.8,0
3914,suv,4.8,road_loopA_f0,road_loopA_f1,5631.9,5728.5,96.6,1303.7,48.6,0
3921,car,4.5,road_loopA_r0,xloopA_0Ab,5637.4,5729.2,91.8,868.9,34.1,0
3929,suv,4.8,road_loopA_f0,road_loopA_f1,5640.1,5733.4,93.3,1303.5,50.3,0
3931,suv,4.8,road_loopA_f0,road_loopA_f1,5641.2,5736.2,95.0,1303.1,49.4,0
3903,suv,4.8,road_loopA_f0,road_loopA_f1,5622.3,5737.8,115.5,1303.0,40.6,0
3919,suv,4.8,road_loopA_f0,road_loopA_f1,5637.1,5738.2,101.1,1302.8,46.4,0
3926,truck,8.5,road_loopA_f0,road_loopA_f1,5639.2,5739.6,100.4,1303.9,46.7,0
3928,car,4.5,road_loopA_f0,road_loopA_f1,5640.1,5739.9,99.8,1303.3,47.0,0
3930,car,4.5,road_loopA_f0,road_loopA_f1,5640.8,5741.7,100.9,1303.5,46.5,0
3904,car,4.5,road_loopA_r0,road_loopA_r1,5622.3,5742.5,120.2,1297.9,38.9,1
3908,car,4.5,road_loopA_r0,road_loopA_r1,5626.5,5742.5,116.0,1298.1,40.3,1
3983,car,4.5,road_loopA_f0,xloopA_0Bb,5699.9,5742.5,42.6,478.9,40.5,0
3937,car,4.5,road_loopA_f0,road_loopA_f1,5645.7,5743.4,97.7,1302.9,48.0,0
3812,bus,11.0,road_loopA_f0,road_loopA_f1,5545.1,5745.4,200.3,1303.5,23.4,3
3906,car,4.5,road_loopA_r0,road_loopA_r1,5625.4,5745.8,120.4,1297.9,38.8,1
3941,suv,4.8,road_loopA_r0,xloopA_0Ab,5655.6,5747.8,92.2,869.3,34.0,1
3913,car,4.5,road_loopA_r0,road_loopA_r1,5630.9,5749.4,118.5,1297.4,39.4,1
3912,truck,8.5,road_loopA_r0,road_loopA_r1,5628.8,5750.4,121.6,1297.4,38.4,1
3907,suv,4.8,road_loopA_r0,road_loopA_r1,5625.8,5750.6,124.8,1297.3,37.4,1
3917,suv,4.8,road_loopA_r0,road_loopA_r1,5635.1,5751.1,116.0,1298.0,40.3,1
3927,car,4.5,road_loopA_r0,road_loopA_r1,5639.3,5752.5,113.2,1298.3,41.3,0
3920,suv,4.8,road_loopA_r0,road_loopA_r1,5637.3,5752.8,115.5,1297.5,40.4,1
3934,car,4.5,road_loopA_r0,road_loopA_r1,5643.1,5754.4,111.3,1297.9,42.0,1
3935,car,4.5,road_loopA_r0,road_loopA_r1,5643.7,5756.0,112.3,1298.6,41.6,1
3918,car,4.5,road_loopA_r0,road_loopA_r1,5635.5,5756.6,121.1,1297.8,38.6,0
3939,suv,4.8,road_loopA_r0,road_loopA_r1,5647.5,5757.8,110.3,1298.7,42.4,0
3924,suv,4.8,road_loopA_r0,road_loopA_r1,5638.0,5758.3,120.3,1297.7,38.8,0
3948,car,4.5,road_loopA_r0,road_loopA_r1,5662.0,5759.1,97.1,1297.5,48.1,0
3933,car,4.5,road_loopA_r0,road_loopA_r1,5641.8,5760.1,118.3,1298.2,39.5,0
3951,car,4.5,road_loopA_r0,road_loopA_r1,5663.6,5760.7,97.1,1298.2,48.1,0
3945,car,4.5,road_loopA_r0,road_loopA_r1,5659.4,5761.9,102.5,1298.6,45.6,0
3950,car,4.5,road_loopA_r0,road_loopA_r1,5663.0,5763.4,100.4,1298.0,46.6,0
3958,suv,4.8,road_loopA_r0,road_loopA_r1,5671.6,5763.4,91.8,1298.5,50.9,0
3957,suv,4.8,road_loopA_r0,road_loopA_r1,5671.4,5766.3,94.9,1297.6,49.2,0
4004,car,4.5,road_loopA_f0,xloopA_0Bb,5715.7,5766.5,50.8,478.8,33.9,0
3966,car,4.5,road_loopA_r0,road_loopA_r1,5681.2,5770.1,88.9,1297.3,52.5,0
3968,car,4.5,road_loopA_r0,road_loopA_r1,5683.4,5773.4,90.0,1297.6,51.9,0
3965,car,4.5,road_loopA_r0,road_loopA_r1,5681.1,5773.7,92.6,1298.3,50.5,0
3862,bus,11.0,road_loopA_r0,road_loopA_r1,5588.9,5782.3,193.4,1298.2,24.2,3
3971,suv,4.8,road_loopA_f0,road_loopA_f1,5689.5,5782.3,92.8,1303.4,50.6,0
4032,truck,8.5,road_loopA_f0,xloopA_0Bb,5738.2,5782.3,44.1,478.8,39.1,0
3947,suv,4.8,road_loopA_f0,road_loopA_f1,5660.9,5784.6,123.7,1303.1,37.9,1
3975,car,4.5,road_loopA_r0,road_loopA_r1,5693.4,5784.6,91.2,1297.8,51.2,0
3963,suv,4.8,road_loopA_f0,road_loopA_f1,5678.1,5784.7,106.6,1302.9,44.0,0
3972,car,4.5,road_loopA_r0,road_loopA_r1,5691.1,5785.9,94.8,1298.1,49.3,0
3977,car,4.5,road_loopA_f0,road_loopA_f1,5695.6,5787.4,91.8,1303.6,51.1,0
3978,truck,8.5,road_loopA_r0,road_loopA_r1,5695.8,5788.0,92.2,1298.1,50.7,0
3932,car,4.5,road_loopA_f0,road_loopA_f1,5641.4,5790.0,148.6,1303.4,31.6,1
3981,car,4.5,road_loopA_f0,road_loopA_f1,5698.3,5790.0,91.7,1303.5,51.2,0
3980,suv,4.8,road_loopA_r0,road_loopA_r1,5698.1,5790.4,92.3,1298.6,50.6,0
3970,car,4.5,road_loopA_f0,road_loopA_f1,5688.9,5791.6,102.7,1303.1,45.7,0
3982,car,4.5,road_loopA_r0,road_loopA_r1,5699.6,5792.1,92.5,1297.3,50.5,0
3985,suv,4.8,road_loopA_f0,road_loopA_f1,5700.2,5793.3,93.1,1303.9,50.4,0
3979,truck,8.5,road_loopA_r0,road_loopA_r1,5696.2,5794.2,98.0,1297.4,47.7,0
3967,car,4.5,road_loopA_f0,road_loopA_f1,5681.9,5794.6,112.7,1304.2,41.7,0
3954,car,4.5,road_loopA_r0,xloopA_0Bb,5666.9,5797.0,130.1,895.4,24.8,1
3944,suv,4.8,road_loopA_f0,road_loopA_f1,5658.0,5797.2,139.2,1302.8,33.7,1
3922,suv,4.8,road_loopA_f0,xloopA_0Ab,5637.9,5797.6,159.7,505.5,11.4,2
3989,car,4.5,road_loopA_r0,road_loopA_r1,5703.6,5797.8,94.2,1297.7,49.6,0
3996,suv,4.8,road_loopA_r0,road_loopA_r1,5707.6,5797.8,90.2,1298.0,51.8,0
3974,car,4.5,road_loopA_f0,road_loopA_f1,5693.3,5799.6,106.3,1302.8,44.1,0
3984,suv,4.8,road_loopA_r0,xloopA_0Bb,5700.0,5799.7,99.7,895.9,32.3,1
3993,car,4.5,road_loopA_r0,road_loopA_r1,5707.0,5800.1,93.1,1297.8,50.2,0
4013,car,4.5,road_loopA_f0,xloopA_0Ab,5720.7,5800.2,79.5,505.2,22.9,1
3987,car,4.5,road_loopA_f0,road_loopA_f1,5702.7,5801.5,98.8,1304.0,47.5,0
3997,car,4.5,road_loopA_r0,road_loopA_r1,5709.6,5802.2,92.6,1298.6,50.5,0
4001,car,4.5,road_loopA_r0,xloopA_0Bb,5712.3,5802.3,90.0,895.3,35.8,1
3953,car,4.5,road_loopA_f0,road_loopA_f1,5664.9,5803.0,138.1,1302.9,34.0,1
3991,suv,4.8,road_loopA_f0,road_loopA_f1,5706.4,5803.0,96.6,1302.9,48.6,0
3990,car,4.5,road_loopA_r0,road_loopA_r1,5704.8,5805.1,100.3,1298.1,46.6,0
3973,truck,8.5,road_loopA_f0,road_loopA_f1,5691.8,5806.1,114.3,1303.0,41.0,0
3988,car,4.5,road_loopA_f0,road_loopA_f1,5703.0,5807.6,104.6,1303.1,44.9,0
3999,car,4.5,road_loopA_r0,road_loopA_r1,5710.9,5807.7,96.8,1297.9,48.3,0
3994,car,4.5,road_loopA_r0,road_loopA_r1,5707.1,5808.4,101.3,1297.7,46.1,0
3986,suv,4.8,road_loopA_r0,road_loopA_r1,5701.6,5808.7,107.1,1298.2,43.6,0
3995,car,4.5,road_loopA_f0,road_loopA_f1,5707.4,5809.3,101.9,1303.9,46.1,0
4007,car,4.5,road_loopA_r0,road_loopA_r1,5719.8,5809.6,89.8,1298.7,52.1,0
3952,car,4.5,road_loopA_f0,road_loopA_f1,5664.5,5810.2,145.7,1302.8,32.2,1
3976,car,4.5,xloopA_0Aa,xloopA_0Ab,5694.0,5810.4,116.4,84.4,2.6,1
3923,car,4.5,xloopA_0Ba,road_loopA_f1,5638.0,5810.5,172.5,902.3,18.8,1
4000,suv,4.8,road_loopA_r0,road_loopA_r1,5711.2,5810.7,99.5,1298.0,47.0,0
4006,car,4.5,road_loopA_f0,road_loopA_f1,5717.5,5811.0,93.5,1303.4,50.2,0
4010,car,4.5,road_loopA_r0,road_loopA_r1,5720.2,5812.3,92.1,1298.4,50.7,0
3960,car,4.5,road_loopA_f0,road_loopA_f1,5674.0,5813.1,139.1,1303.4,33.7,1
3998,car,4.5,xloopA_0Aa,xloopA_0Ab,5709.7,5813.3,103.6,84.2,2.9,1
4002,car,4.5,road_loopA_r0,road_loopA_r1,5714.0,5813.3,99.3,1298.4,47.1,0
3946,suv,4.8,road_loopA_f0,road_loopA_f1,5660.3,5814.1,153.8,1303.8,30.5,1
3969,car,4.5,road_loopA_r0,road_loopA_r1,5685.4,5814.6,129.2,1297.3,36.2,0
3955,car,4.5,xloopA_0Ba,xloopA_0Bb,5667.5,5815.1,147.6,84.1,2.1,1
3942,car,4.5,road_loopA_f0,road_loopA_f1,5655.7,5815.2,159.5,1303.9,29.4,1
4017,car,4.5,road_loopA_r0,road_loopA_r1,5723.5,5815.2,91.7,1297.8,51.0,0
4034,car,4.5,xloopA_0Aa,xloopA_0Ab,5739.2,5816.2,77.0,84.1,3.9,0
3943,suv,4.8,road_loopA_f0,road_loopA_f1,5656.0,5816.5,160.5,1303.2,29.2,1
4005,car,4.5,road_loopA_r0,road_loopA_r1,5717.2,5817.4,100.2,1297.5,46.6,0
4011,car,4.5,road_loopA_f0,road_loopA_f1,5720.3,5818.4,98.1,1303.1,47.8,0
3938,car,4.5,xloopA_0Aa,road_loopA_f1,5646.6,5818.6,172.0,872.2,18.3,1
3992,car,4.5,road_loopA_f0,road_loopA_f1,5706.5,5819.6,113.1,1303.4,41.5,0
4018,suv,4.8,road_loopA_f0,road_loopA_f1,5725.0,5819.8,94.8,1303.7,49.5,0
3959,car,4.5,xloopA_0Ba,xloopA_0Bb,5672.1,5820.1,148.0,84.1,2.0,0
4014,car,4.5,road_loopA_f0,road_loopA_f1,5721.1,5821.2,100.1,1302.8,46.9,0
4015,car,4.5,road_loopA_f0,road_loopA_f1,5722.2,5821.3,99.1,1303.3,47.4,0
3962,car,4.5,xloopA_0Ba,xloopA_0Bb,5678.1,5822.1,144.0,84.6,2.1,0
4025,car,4.5,road_loopA_f0,road_loopA_f1,5731.9,5822.2,90.3,1302.8,51.9,0
4016,car,4.5,road_loopA_f0,road_loopA_f1,5722.7,5822.9,100.2,1303.3,46.8,0
4003,car,4.5,xloopA_0Ba,xloopA_0Bb,5714.2,5824.4,110.2,84.2,2.8,0
4129,car,4.5,xloopA_0Aa,xloopA_0Ab,5816.1,5825.8,9.7,84.5,31.5,0
4043,car,4.5,xloopA_0Ba,xloopA_0Bb,5750.4,5829.1,78.7,84.4,3.9,0
4036,suv,4.8,road_loopA_f0,road_loopA_f1,5743.5,5833.5,90.0,1303.1,52.1,0
4019,truck,8.5,road_loopA_f0,road_loopA_f1,5725.4,5836.3,110.9,1303.3,42.3,0
4026,truck,8.5,road_loopA_f0,road_loopA_f1,5732.5,5838.8,106.3,1303.7,44.1,0
4037,suv,4.8,road_loopA_f0,road_loopA_f1,5744.3,5839.3,95.0,1303.8,49.4,0
4008,suv,4.8,road_loopA_r0,xloopA_0Ab,5719.7,5839.5,119.8,869.2,26.1,3
4045,car,4.5,road_loopA_f0,xloopA_0Bb,5750.8,5841.2,90.4,478.9,19.1,1
4071,car,4.5,road_loopA_f0,xloopA_0Bb,5770.7,5844.8,74.1,478.8,23.3,1
4033,car,4.5,road_loopA_f0,road_loopA_f1,5738.4,5846.4,108.0,1303.8,43.5,0
4038,car,4.5,road_loopA_r0,xloopA_0Ab,5744.2,5847.3,103.1,869.1,30.4,1
4073,car,4.5,road_loopA_r0,xloopA_0Ab,5773.0,5850.5,77.5,869.0,40.4,0
4115,car,4.5,road_loopA_f0,xloopA_0Bb,5805.9,5853.3,47.4,478.7,36.4,0
4012,suv,4.8,road_loopA_r0,road_loopA_r1,5720.4,5858.2,137.8,1297.6,33.9,1
4029,car,4.5,road_loopA_r0,road_loopA_r1,5735.8,5859.6,123.8,1297.6,37.7,1
4051,car,4.5,road_loopA_r0,xloopA_0Ab,5759.6,5861.9,102.3,869.1,30.6,1
3940,car,4.5,xloopA_0Ba,road_loopA_r1,5653.0,5863.8,210.8,476.3,8.1,1
4027,suv,4.8,road_loopA_r0,road_loopA_r1,5733.8,5863.9,130.1,1298.2,35.9,1
4031,car,4.5,road_loopA_r0,road_loopA_r1,5736.3,5866.0,129.7,1297.4,36.0,1
3949,car,4.5,xloopA_0Ba,road_loopA_r1,5662.1,5866.2,204.1,476.5,8.4,1
4020,car,4.5,xloopA_0Aa,road_loopA_r1,5725.5,5868.7,143.2,507.2,12.8,1
4022,car,4.5,road_loopA_r0,road_loopA_r1,5727.5,5868.7,141.2,1298.1,33.1,1
4028,car,4.5,road_loopA_r0,road_loopA_r1,5734.8,5868.9,134.1,1298.3,34.8,1
4009,car,4.5,road_loopA_r0,road_loopA_r1,5719.8,5870.4,150.6,1298.4,31.0,1
4040,car,4.5,road_loopA_r0,road_loopA_r1,5748.0,5870.7,122.7,1298.1,38.1,1
4023,car,4.5,road_loopA_r0,road_loopA_r1,5727.6,5871.2,143.6,1297.6,32.5,1
4021,car,4.5,road_loopA_r0,road_loopA_r1,5726.1,5872.1,146.0,1297.3,32.0,1
4052,suv,4.8,road_loopA_r0,road_loopA_r1,5759.6,5873.0,113.4,1298.4,41.2,1
4030,car,4.5,road_loopA_r0,road_loopA_r1,5735.9,5873.5,137.6,1297.6,33.9,1
4024,suv,4.8,road_loopA_r0,road_loopA_r1,5728.9,5874.0,145.1,1297.6,32.2,1
4057,car,4.5,road_loopA_r0,road_loopA_r1,5763.1,5874.7,111.6,1297.4,41.9,0
4044,car,4.5,road_loopA_r0,road_loopA_r1,5750.3,5875.2,124.9,1297.9,37.4,1
4069,car,4.5,road_loopA_r0,road_loopA_r1,5769.4,5876.6,107.2,1298.5,43.6,0
4055,car,4.5,road_loopA_r0,road_loopA_r1,5760.6,5876.9,116.3,1297.7,40.2,0
4035,car,4.5,road_loopA_r0,road_loopA_r1,5741.8,5877.2,135.4,1298.0,34.5,0
4066,car,4.5,road_loopA_r0,road_loopA_r1,5768.5,5878.5,110.0,1297.5,42.4,0
4059,car,4.5,road_loopA_r0,road_loopA_r1,5764.5,5878.7,114.2,1298.2,40.9,0
4050,car,4.5,road_loopA_r0,road_loopA_r1,5757.0,5878.9,121.9,1297.7,38.3,0
4062,car,4.5,road_loopA_r0,road_loopA_r1,5767.8,5880.5,112.7,1298.1,41.4,1
4063,car,4.5,road_loopA_r0,road_loopA_r1,5767.8,5880.6,112.8,1297.6,41.4,0
4064,suv,4.8,road_loopA_r0,road_loopA_r1,5768.2,5882.3,114.1,1297.8,40.9,0
4074,car,4.5,road_loopA_r0,road_loopA_r1,5773.1,5883.3,110.2,1298.0,42.4,0
4049,car,4.5,road_loopA_f0,road_loopA_f1,5757.0,5884.7,127.7,1303.3,36.7,1
4077,suv,4.8,road_loopA_r0,road_loopA_r1,5777.7,5884.9,107.2,1298.5,43.6,0
4088,car,4.5,road_loopA_r0,road_loopA_r1,5787.0,5885.7,98.7,1298.6,47.4,0
4072,car,4.5,road_loopA_r0,road_loopA_r1,5771.7,5886.0,114.3,1298.2,40.9,0
4086,car,4.5,road_loopA_r0,road_loopA_r1,5786.0,5886.7,100.7,1297.7,46.4,0
4048,car,4.5,road_loopA_f0,road_loopA_f1,5755.5,5887.7,132.2,1303.5,35.5,1
4047,car,4.5,road_loopA_r0,road_loopA_r1,5755.0,5887.9,132.9,1297.8,35.1,1
4076,suv,4.8,road_loopA_r0,road_loopA_r1,5776.3,5888.4,112.1,1297.6,41.7,0
4089,suv,4.8,road_loopA_r0,road_loopA_r1,5790.2,5888.5,98.3,1298.6,47.6,0
4054,truck,8.5,road_loopA_f0,road_loopA_f1,5760.0,5894.6,134.6,1303.5,34.9,1
4104,car,4.5,road_loopA_r0,road_loopA_r1,5800.2,5894.6,94.4,1297.8,49.5,0
4095,suv,4.8,road_loopA_r0,road_loopA_r1,5795.4,5896.6,101.2,1297.5,46.2,0
4099,car,4.5,road_loopA_r0,road_loopA_r1,5797.9,5899.4,101.5,1298.3,46.0,0
4084,car,4.5,road_loopA_r0,road_loopA_r1,5784.9,5900.8,115.9,1298.0,40.3,0
4109,suv,4.8,road_loopA_r0,road_loopA_r1,5803.0,5901.1,98.1,1297.9,47.6,0
4056,suv,4.8,road_loopA_f0,road_loopA_f1,5762.7,5901.8,139.1,1303.3,33.7,1
4039,bus,11.0,road_loopA_f0,road_loopA_f1,5746.7,5902.9,156.2,1303.5,30.0,2
4046,car,4.5,road_loopA_f0,road_loopA_f1,5752.6,5904.6,152.0,1303.4,30.9,1
4061,car,4.5,road_loopA_f0,road_loopA_f1,5767.7,5906.2,138.5,1303.1,33.9,1
4090,suv,4.8,road_loopA_r0,road_loopA_r1,5793.7,5906.9,113.2,1297.7,41.3,0
4075,car,4.5,road_loopA_f0,road_loopA_f1,5774.9,5907.5,132.6,1304.1,35.4,1
4105,truck,8.5,road_loopA_r0,road_loopA_r1,5800.4,5907.7,107.3,1297.8,43.5,0
4117,car,4.5,road_loopA_r0,road_loopA_r1,5811.3,5907.8,96.5,1298.2,48.4,0
4103,car,4.5,road_loopA_r0,road_loopA_r1,5799.8,5908.7,108.9,1298.4,42.9,0
4079,car,4.5,road_loopA_f0,road_loopA_f1,5779.2,5909.0,129.8,1302.9,36.1,1
3956,car,4.5,xloopA_0Ba,road_loopA_f1,5668.5,5910.0,241.5,902.3,13.4,0
4126,car,4.5,road_loopA_r0,road_loopA_r1,5815.3,5910.3,95.0,1298.5,49.2,0
4114,suv,4.8,road_loopA_r0,road_loopA_r1,5805.8,5910.4,104.6,1297.8,44.7,0
4060,car,4.5,road_loopA_f0,road_loopA_f1,5765.8,5911.7,145.9,1303.7,32.2,1
4081,truck,8.5,road_loopA_f0,road_loopA_f1,5780.2,5911.7,131.5,1303.9,35.7,1
4041,suv,4.8,road_loopA_r0,xloopA_0Bb,5748.1,5911.9,163.8,895.9,19.7,1
4083,suv,4.8,road_loopA_f0,road_loopA_f1,5784.1,5912.4,128.3,1303.9,36.6,1
4098,car,4.5,road_loopA_f0,xloopA_0Ab,5796.7,5912.4,115.7,505.1,15.7,1
4124,car,4.5,road_loopA_r0,road_loopA_r1,5814.9,5912.8,97.9,1297.5,47.7,0
4112,truck,8.5,road_loopA_r0,road_loopA_r1,5804.7,5913.2,108.5,1298.1,43.1,0
4065,car,4.5,road_loopA_f0,road_loopA_f1,5768.3,5913.3,145.0,1303.0,32.3,1
4087,car,4.5,road_loopA_f0,road_loopA_f1,5786.5,5914.4,127.9,1303.5,36.7,1
4042,car,4.5,road_loopA_r0,xloopA_0Bb,5749.4,5914.5,165.1,895.7,19.5,1
4070,car,4.5,road_loopA_f0,road_loopA_f1,5770.2,5915.0,144.8,1303.2,32.4,1
4118,car,4.5,road_loopA_f0,xloopA_0Ab,5812.6,5915.0,102.4,505.2,17.8,1
4130,suv,4.8,road_loopA_r0,road_loopA_r1,5821.5,5915.4,93.9,1298.0,49.7,0
4122,car,4.5,road_loopA_r0,road_loopA_r1,5813.8,5915.9,102.1,1297.7,45.8,0
4092,car,4.5,road_loopA_f0,road_loopA_f1,5794.3,5916.2,121.9,1303.8,38.5,1
4093,car,4.5,road_loopA_r0,road_loopA_r1,5794.5,5916.3,121.8,1297.5,38.3,0
4067,car,4.5,road_loopA_f0,road_loopA_f1,5768.9,5916.7,147.8,1303.0,31.7,1
4080,suv,4.8,road_loopA_f0,road_loopA_f1,5780.2,5916.7,136.5,1303.2,34.4,1
4131,car,4.5,road_loopA_f0,xloopA_0Ab,5822.8,5917.7,94.9,505.5,19.2,1
4120,car,4.5,road_loopA_r0,road_loopA_r1,5813.3,5917.8,104.5,1297.8,44.7,0
4096,car,4.5,road_loopA_f0,road_loopA_f1,5795.6,5917.9,122.3,1303.2,38.4,0
4132,suv,4.8,road_loopA_r0,road_loopA_r1,5824.0,5918.4,94.4,1298.1,49.5,0
4078,car,4.5,road_loopA_f0,road_loopA_f1,5778.1,5918.6,140.5,1304.0,33.4,1
4100,car,4.5,road_loopA_f0,road_loopA_f1,5799.0,5918.6,119.6,1303.2,39.2,0
4146,car,4.5,road_loopA_f0,xloopA_0Ab,5840.3,5920.3,80.0,505.1,22.7,1
4102,car,4.5,road_loopA_f0,road_loopA_f1,5799.8,5921.0,121.2,1302.9,38.7,0
4082,suv,4.8,road_loopA_f0,road_loopA_f1,5781.1,5921.2,140.1,1303.1,33.5,1
4108,car,4.5,road_loopA_f0,road_loopA_f1,5801.5,5922.6,121.1,1303.9,38.7,0
4149,car,4.5,road_loopA_f0,xloopA_0Ab,5842.1,5923.0,80.9,505.4,22.5,1
4138,car,4.5,road_loopA_r0,road_loopA_r1,5831.1,5923.2,92.1,1297.9,50.7,0
4085,truck,8.5,road_loopA_f0,road_loopA_f1,5785.6,5923.4,137.8,1303.1,34.0,1
4110,car,4.5,road_loopA_f0,road_loopA_f1,5803.3,5923.6,120.3,1303.9,39.0,0
4141,suv,4.8,road_loopA_r0,road_loopA_r1,5833.5,5925.3,91.8,1297.7,50.9,0
4091,car,4.5,road_loopA_f0,road_loopA_f1,5794.2,5925.5,131.3,1303.9,35.7,0
4121,suv,4.8,road_loopA_f0,road_loopA_f1,5813.8,5925.8,112.0,1303.8,41.9,0
7,tram,34.0,loopB,loopB,1691.4,5926.1,4234.7,33672.8,28.6,41
4116,car,4.5,road_loopA_f0,road_loopA_f1,5807.4,5926.1,118.7,1303.9,39.5,0
4094,car,4.5,road_loopA_f0,road_loopA_f1,5794.8,5927.3,132.5,1304.1,35.4,0
4053,car,4.5,xloopA_0Ba,xloopA_0Bb,5760.0,5927.3,167.3,84.1,1.8,1
4134,car,4.5,road_loopA_r0,road_loopA_r1,5826.6,5927.5,100.9,1297.9,46.3,0
4143,car,4.5,road_loopA_f0,road_loopA_f1,5834.4,5927.5,93.1,1303.3,50.4,0
4142,suv,4.8,road_loopA_r0,road_loopA_r1,5833.5,5928.0,94.5,1297.5,49.4,0
4140,car,4.5,road_loopA_r0,road_loopA_r1,5832.2,5928.3,96.1,1298.2,48.7,0
4127,car,4.5,road_loopA_f0,road_loopA_f1,5816.0,5928.8,112.8,1303.4,41.6,0
4097,suv,4.8,road_loopA_f0,road_loopA_f1,5795.8,5929.1,133.3,1303.9,35.2,0
4136,car,4.5,xloopA_0Aa,xloopA_0Ab,5829.8,5929.1,99.3,84.4,3.1,1
4144,car,4.5,road_loopA_r0,road_loopA_r1,5838.0,5929.9,91.9,1297.3,50.8,0
4135,suv,4.8,road_loopA_r0,road_loopA_r1,5829.1,5930.6,101.5,1297.3,46.0,0
4133,car,4.5,road_loopA_f0,road_loopA_f1,5825.9,5931.0,105.1,1303.0,44.6,0
4188,car,4.5,xloopA_0Aa,xloopA_0Ab,5888.5,5931.4,42.9,84.6,7.1,1
4101,car,4.5,road_loopA_f0,road_loopA_f1,5799.6,5931.8,132.2,1303.4,35.5,0
4128,car,4.5,road_loopA_f0,road_loopA_f1,5816.1,5931.8,115.7,1303.2,40.5,0
4123,suv,4.8,road_loopA_f0,road_loopA_f1,5813.9,5933.5,119.6,1303.9,39.3,0
4201,car,4.5,xloopA_0Aa,xloopA_0Ab,5897.7,5933.5,35.8,84.7,8.5,1
4106,car,4.5,road_loopA_f0,road_loopA_f1,5801.2,5934.4,133.2,1303.1,35.2,0
4154,suv,4.8,road_loopA_f0,road_loopA_f1,5845.9,5935.6,89.7,1303.3,52.3,0
4111,truck,8.5,road_loopA_f0,road_loopA_f1,5803.9,5936.6,132.7,1302.8,35.4,0
4137,suv,4.8,road_loopA_f0,road_loopA_f1,5830.3,5936.7,106.4,1303.7,44.1,0
4192,car,4.5,xloopA_0Ba,xloopA_0Bb,5891.7,5938.3,46.6,84.5,6.5,0
4119,suv,4.8,road_loopA_f0,road_loopA_f1,5812.9,5938.9,126.0,1303.8,37.3,0
4125,car,4.5,road_loopA_r0,xloopA_0Ab,5815.0,5946.5,131.5,869.1,23.8,2
4152,car,4.5,road_loopA_f0,road_loopA_f1,5843.6,5947.2,103.6,1303.2,45.3,0
4193,truck,8.5,road_loopA_f0,xloopA_0Bb,5891.7,5950.0,58.3,478.5,29.6,0
4162,truck,8.5,road_loopA_f0,road_loopA_f1,5854.1,5950.2,96.1,1302.9,48.8,0
4165,truck,8.5,road_loopA_f0,road_loopA_f1,5859.0,5952.7,93.7,1303.9,50.1,0
4167,suv,4.8,road_loopA_f0,road_loopA_f1,5859.4,5954.7,95.3,1304.0,49.3,0
4171,car,4.5,road_loopA_r0,xloopA_0Ab,5866.3,5956.5,90.2,869.1,34.7,0
4173,car,4.5,road_loopA_f0,road_loopA_f1,5867.1,5957.6,90.5,1304.1,51.9,0
4210,truck,8.5,road_loopA_f0,xloopA_0Bb,5908.1,5958.1,50.0,479.0,34.5,0
4153,truck,8.5,road_loopA_r0,xloopA_0Ab,5844.2,5961.7,117.5,868.8,26.6,1
4228,suv,4.8,road_loopA_f0,xloopA_0Bb,5921.9,5963.2,41.3,479.2,41.7,0
4158,car,4.5,road_loopA_f0,road_loopA_f1,5849.7,5963.7,114.0,1303.8,41.2,0
4164,car,4.5,road_loopA_f0,road_loopA_f1,5858.2,5965.4,107.2,1303.5,43.8,0
4231,car,4.5,road_loopA_f0,xloopA_0Bb,5922.8,5966.6,43.8,478.9,39.3,0
4174,car,4.5,road_loopA_r0,xloopA_0Ab,5868.4,5972.8,104.4,869.1,30.0,1
4148,suv,4.8,road_loopA_r0,road_loopA_r1,5841.8,5976.9,135.1,1297.8,34.6,1
4139,bus,11.0,road_loopA_f0,road_loopA_f1,5831.5,5977.3,145.8,1303.3,32.2,2
4161,car,4.5,road_loopA_r0,road_loopA_r1,5851.5,5978.1,126.6,1298.4,36.9,1
4170,car,4.5,road_loopA_r0,road_loopA_r1,5863.6,5980.8,117.2,1298.1,39.9,1
4168,car,4.5,road_loopA_r0,road_loopA_r1,5861.6,5983.8,122.2,1298.2,38.2,1
4107,car,4.5,xloopA_0Ba,road_loopA_r1,5801.4,5986.5,185.1,476.7,9.3,0
4182,car,4.5,road_loopA_r0,road_loopA_r1,5878.6,5986.7,108.1,1297.4,43.2,1
4068,car,4.5,xloopA_0Ba,road_loopA_r1,5769.2,5987.0,217.8,476.8,7.9,1
4145,suv,4.8,road_loopA_r0,road_loopA_r1,5838.0,5988.1,150.1,1297.4,31.1,1
4147,car,4.5,road_loopA_r0,road_loopA_r1,5841.1,5988.7,147.6,1298.2,31.7,1
4159,suv,4.8,road_loopA_r0,road_loopA_r1,5849.6,5989.8,140.2,1297.4,33.3,1
4151,suv,4.8,road_loopA_r0,road_loopA_r1,5843.0,5990.4,147.4,1298.2,31.7,1
4157,suv,4.8,road_loopA_r0,road_loopA_r1,5847.6,5990.7,143.1,1297.4,32.6,1
4156,car,4.5,road_loopA_r0,road_loopA_r1,5846.3,5992.1,145.8,1297.9,32.0,1
4172,suv,4.8,road_loopA_r0,road_loopA_r1,5866.3,5992.5,126.2,1297.8,37.0,1
4166,truck,8.5,road_loopA_r0,road_loopA_r1,5859.4,5993.4,134.0,1297.6,34.9,1
4150,car,4.5,road_loopA_r0,road_loopA_r1,5842.4,5994.1,151.7,1298.3,30.8,1
4181,suv,4.8,road_loopA_r0,road_loopA_r1,5875.2,5994.1,118.9,1297.3,39.3,1
4177,car,4.5,road_loopA_r0,road_loopA_r1,5869.1,5995.5,126.4,1297.8,37.0,1
4191,car,4.5,road_loopA_r0,road_loopA_r1,5891.6,5996.1,104.5,1297.5,44.7,0
4163,truck,8.5,road_loopA_r0,road_loopA_r1,5857.5,5996.3,138.8,1297.5,33.7,1
4187,car,4.5,road_loopA_r0,road_loopA_r1,5888.0,5997.2,109.2,1297.6,42.8,0
4178,car,4.5,road_loopA_r0,road_loopA_r1,5871.9,5998.0,126.1,1298.1,37.1,1
4183,car,4.5,road_loopA_r0,road_loopA_r1,5880.6,5998.3,117.7,1297.5,39.7,0
4196,car,4.5,road_loopA_r0,road_loopA_r1,5893.4,5999.0,105.6,1298.6,44.3,0
4176,car,4.5,road_loopA_r0,road_loopA_r1,5868.7,6000.1,131.4,1298.3,35.6,0
4197,car,4.5,road_loopA_r0,road_loopA_r1,5894.9,6000.6,105.7,1297.5,44.2,0
4204,car,4.5,road_loopA_r0,road_loopA_r1,5903.8,6001.0,97.2,1297.9,48.1,0
4186,truck,8.5,road_loopA_r0,road_loopA_r1,5885.5,6002.2,116.7,1297.3,40.0,0
4211,car,4.5,road_loopA_r0,road_loopA_r1,5908.3,6002.4,94.1,1297.8,49.7,0
4209,car,4.5,road_loopA_r0,road_loopA_r1,5906.8,6002.9,96.1,1298.6,48.6,0
4189,car,4.5,road_loopA_r0,road_loopA_r1,5889.9,6004.3,114.4,1297.8,40.8,0
4190,suv,4.8,road_loopA_f0,road_loopA_f1,5889.9,6004.3,114.4,1303.5,41.0,1
4179,car,4.5,road_loopA_f0,road_loopA_f1,5873.5,6006.0,132.5,1303.4,35.4,1
4200,suv,4.8,road_loopA_r0,road_loopA_r1,5897.1,6006.4,109.3,1298.1,42.7,0
4220,car,4.5,road_loopA_r0,road_loopA_r1,5914.8,6006.4,91.6,1297.4,51.0,0
4208,car,4.5,road_loopA_r0,road_loopA_r1,5905.9,6006.6,100.7,1297.6,46.4,0
4198,suv,4.8,road_loopA_f0,road_loopA_f1,5895.1,6007.1,112.0,1303.2,41.9,1
4218,suv,4.8,road_loopA_r0,road_loopA_r1,5913.2,6008.2,95.0,1298.4,49.2,0
4195,suv,4.8,road_loopA_f0,road_loopA_f1,5892.9,6009.3,116.4,1303.1,40.3,1
4223,suv,4.8,road_loopA_r0,road_loopA_r1,5921.1,6010.9,89.8,1298.1,52.0,0
4219,suv,4.8,road_loopA_r0,road_loopA_r1,5914.3,6012.7,98.4,1297.3,47.5,0
4222,car,4.5,road_loopA_r0,road_loopA_r1,5920.9,6013.7,92.8,1297.8,50.4,0
4160,truck,8.5,road_loopA_r0,road_loopA_r1,5850.6,6016.9,166.3,1298.3,28.1,1
4184,car,4.5,road_loopA_f0,road_loopA_f1,5881.6,6017.5,135.9,1303.9,34.5,1
4224,car,4.5,road_loopA_r0,road_loopA_r1,5921.2,6017.6,96.4,1298.6,48.5,0
4202,truck,8.5,road_loopA_f0,road_loopA_f1,5900.5,6018.3,117.8,1303.7,39.8,0
4226,suv,4.8,road_loopA_r0,road_loopA_r1,5921.4,6019.3,97.9,1297.9,47.7,0
4199,suv,4.8,road_loopA_r0,road_loopA_r1,5895.4,6020.3,124.9,1297.6,37.4,0
4213,car,4.5,road_loopA_f0,road_loopA_f1,5909.8,6020.3,110.5,1303.3,42.5,0
4203,car,4.5,road_loopA_r0,road_loopA_r1,5903.4,6022.0,118.6,1297.9,39.4,0
4225,car,4.5,road_loopA_f0,road_loopA_f1,5921.4,6022.2,100.8,1304.2,46.6,0
4229,truck,8.5,road_loopA_r0,road_loopA_r1,5921.8,6022.4,100.6,1297.7,46.4,0
4206,car,4.5,road_loopA_f0,road_loopA_f1,5904.3,6023.7,119.4,1303.9,39.3,0
4232,car,4.5,road_loopA_r0,road_loopA_r1,5922.9,6023.7,100.8,1298.5,46.4,0
4237,suv,4.8,road_loopA_f0,road_loopA_f1,5925.8,6025.0,99.2,1303.4,47.3,0
4234,car,4.5,road_loopA_r0,road_loopA_r1,5924.8,6025.4,100.6,1298.6,46.5,0
4217,car,4.5,road_loopA_f0,road_loopA_f1,5912.2,6025.5,113.3,1303.8,41.4,0
4227,suv,4.8,road_loopA_r0,xloopA_0Bb,5921.7,6027.0,105.3,895.7,30.6,1
4240,car,4.5,road_loopA_f0,road_loopA_f1,5928.3,6027.4,99.1,1303.5,47.3,0
4180,suv,4.8,road_loopA_f0,road_loopA_f1,5873.6,6027.8,154.2,1303.7,30.4,1
4155,truck,8.5,road_loopA_f0,xloopA_0Ab,5846.0,6028.8,182.8,505.5,10.0,2
4242,suv,4.8,road_loopA_f0,road_loopA_f1,5930.1,6029.1,99.0,1303.2,47.4,0
4241,car,4.5,road_loopA_f0,road_loopA_f1,5929.6,6030.9,101.3,1303.9,46.3,0
4185,suv,4.8,road_loopA_f0,road_loopA_f1,5884.8,6031.0,146.2,1303.4,32.1,1
4169,suv,4.8,road_loopA_f0,xloopA_0Ab,5862.2,6031.8,169.6,505.5,10.7,2
4249,car,4.5,road_loopA_r0,road_loopA_r1,5942.6,6031.9,89.3,1298.7,52.4,0
4233,suv,4.8,road_loopA_f0,road_loopA_f1,5923.7,6032.7,109.0,1304.0,43.1,0
4194,car,4.5,road_loopA_f0,road_loopA_f1,5892.6,6033.9,141.3,1303.2,33.2,1
4207,suv,4.8,road_loopA_f0,xloopA_0Ab,5904.7,6034.5,129.8,505.5,14.0,1
4246,suv,4.8,road_loopA_r0,road_loopA_r1,5940.1,6034.7,94.6,1298.5,49.4,0
4230,truck,8.5,road_loopA_f0,road_loopA_f1,5922.6,6038.3,115.7,1303.5,40.6,0
4058,car,4.5,xloopA_0Ba,road_loopA_f1,5764.2,6038.5,274.3,902.4,11.8,1
4254,suv,4.8,road_loopA_r0,road_loopA_r1,5950.5,6039.5,89.0,1297.3,52.5,0
4248,suv,4.8,road_loopA_f0,road_loopA_f1,5941.1,6040.3,99.2,1303.2,47.3,0
4245,car,4.5,road_loopA_f0,road_loopA_f1,5939.6,6040.4,100.8,1303.4,46.5,0
4247,car,4.5,xloopA_0Aa,xloopA_0Ab,5940.4,6042.1,101.7,84.3,3.0,1
4215,truck,8.5,road_loopA_f0,road_loopA_f1,5910.0,6042.2,132.2,1303.6,35.5,0
4251,suv,4.8,road_loopA_f0,road_loopA_f1,5948.1,6042.5,94.4,1303.8,49.7,0
4262,suv,4.8,road_loopA_r0,road_loopA_r1,5953.9,6043.0,89.1,1298.3,52.5,0
4253,car,4.5,xloopA_0Ba,xloopA_0Bb,5950.5,6043.2,92.7,84.5,3.3,1
4236,car,4.5,road_loopA_f0,road_loopA_f1,5925.1,6043.3,118.2,1304.1,39.7,0
4250,car,4.5,road_loopA_f0,road_loopA_f1,5947.3,6044.9,97.6,1303.7,48.1,0
4243,car,4.5,road_loopA_r0,road_loopA_r1,5932.6,6045.1,112.5,1297.9,41.5,0
4277,car,4.5,xloopA_0Ba,xloopA_0Bb,5969.9,6045.3,75.4,84.4,4.0,1
4266,car,4.5,xloopA_0Aa,xloopA_0Ab,5958.2,6045.8,87.6,84.0,3.5,1
4221,car,4.5,road_loopA_f0,road_loopA_f1,5919.5,6046.2,126.7,1303.9,37.1,0
4255,car,4.5,road_loopA_r0,road_loopA_r1,5950.7,6047.0,96.3,1297.4,48.5,0
4259,suv,4.8,road_loopA_f0,road_loopA_f1,5953.2,6047.2,94.0,1304.2,49.9,0
4314,car,4.5,xloopA_0Ba,xloopA_0Bb,6004.3,6048.0,43.7,84.1,6.9,0
4261,car,4.5,road_loopA_f0,road_loopA_f1,5953.5,6048.8,95.3,1303.4,49.2,0
4323,car,4.5,xloopA_0Ba,xloopA_0Bb,6011.1,6050.1,39.0,84.1,7.8,0
4238,truck,8.5,road_loopA_f0,road_loopA_f1,5925.9,6051.4,125.5,1302.9,37.4,0
4319,car,4.5,xloopA_0Aa,xloopA_0Ab,6005.3,6051.6,46.3,84.7,6.6,0
4333,car,4.5,xloopA_0Ba,xloopA_0Bb,6014.5,6052.1,37.6,84.4,8.1,0
4260,car,4.5,road_loopA_f0,road_loopA_f1,5953.5,6052.5,99.0,1304.0,47.4,0
4239,car,4.5,xloopA_0Aa,road_loopA_f1,5927.4,6053.2,125.8,872.6,25.0,0
4368,car,4.5,xloopA_0Aa,xloopA_0Ab,6041.4,6053.5,12.1,84.7,25.1,0
4340,car,4.5,xloopA_0Ba,xloopA_0Bb,6019.8,6053.8,34.0,84.6,9.0,0
4252,suv,4.8,road_loopA_f0,road_loopA_f1,5948.3,6054.8,106.5,1303.3,44.0,0
4267,car,4.5,road_loopA_f0,road_loopA_f1,5958.5,6054.8,96.3,1303.7,48.8,0
4216,truck,8.5,road_loopA_f0,road_loopA_f1,5911.5,6057.1,145.6,1304.0,32.2,0
4263,car,4.5,road_loopA_f0,road_loopA_f1,5956.0,6058.5,102.5,1303.9,45.8,0
4235,truck,8.5,road_loopA_f0,road_loopA_f1,5925.0,6059.4,134.4,1302.9,34.9,0
4113,car,4.5,xloopA_0Ba,road_loopA_f1,5805.2,6060.9,255.7,902.6,12.7,0
4268,car,4.5,road_loopA_f0,road_loopA_f1,5959.2,6061.0,101.8,1303.8,46.1,0
4258,suv,4.8,road_loopA_f0,road_loopA_f1,5951.2,6061.5,110.3,1303.1,42.5,0
4175,car,4.5,road_loopA_f0,road_loopA_f1,5868.7,6062.6,193.9,1303.2,24.2,1
4271,car,4.5,road_loopA_f0,road_loopA_f1,5962.0,6063.3,101.3,1303.3,46.3,0
4275,car,4.5,road_loopA_f0,road_loopA_f1,5968.6,6063.6,95.0,1303.1,49.4,0
4205,suv,4.8,road_loopA_f0,road_loopA_f1,5904.1,6064.3,160.2,1303.6,29.3,0
4244,suv,4.8,road_loopA_r0,xloopA_0Ab,5934.1,6064.4,130.3,869.2,24.0,2
4212,car,4.5,road_loopA_f0,road_loopA_f1,5909.3,6065.9,156.6,1302.8,29.9,0
4214,suv,4.8,road_loopA_f0,road_loopA_f1,5909.9,6066.3,156.4,1303.9,30.0,0
4270,car,4.5,road_loopA_f0,road_loopA_f1,5960.4,6067.0,106.6,1303.3,44.0,0
4269,car,4.5,road_loopA_f0,road_loopA_f1,5960.0,6069.5,109.5,1302.8,42.8,0
4287,car,4.5,road_loopA_f0,road_loopA_f1,5980.3,6071.0,90.7,1302.8,51.7,0
4282,car,4.5,road_loopA_f0,road_loopA_f1,5974.3,6071.2,96.9,1303.7,48.4,0
4278,suv,4.8,road_loopA_r0,xloopA_0Ab,5970.2,6072.8,102.6,869.4,30.5,1
4291,car,4.5,road_loopA_f0,road_loopA_f1,5981.5,6072.8,91.3,1303.5,51.4,0
4303,car,4.5,road_loopA_r0,xloopA_0Ab,5995.0,6076.3,81.3,869.1,38.5,0
4264,suv,4.8,road_loopA_f0,road_loopA_f1,5958.0,6079.4,121.4,1302.9,38.6,0
4280,car,4.5,road_loopA_f0,road_loopA_f1,5973.0,6081.1,108.1,1303.7,43.4,0
4283,car,4.5,road_loopA_f0,road_loopA_f1,5975.5,6082.8,107.3,1303.3,43.7,0
4256,bus,11.0,road_loopA_r0,road_loopA_r1,5950.7,6094.6,143.9,1298.2,32.5,1
4286,car,4.5,road_loopA_r0,road_loopA_r1,5978.9,6096.0,117.1,1297.7,39.9,1
4289,car,4.5,road_loopA_r0,road_loopA_r1,5981.3,6097.2,115.9,1297.4,40.3,1
4290,suv,4.8,road_loopA_r0,road_loopA_r1,5981.4,6099.4,118.0,1298.4,39.6,1
4296,car,4.5,road_loopA_r0,road_loopA_r1,5989.3,6102.1,112.8,1298.3,41.4,1
4299,car,4.5,road_loopA_r0,road_loopA_r1,5992.6,6103.7,111.1,1298.0,42.1,1
4355,car,4.5,xloopA_0Ba,road_loopA_r1,6030.9,6104.2,73.3,476.8,23.4,0
4300,car,4.5,road_loopA_r0,road_loopA_r1,5994.2,6105.7,111.5,1298.1,41.9,1
4276,car,4.5,road_loopA_r0,road_loopA_r1,5969.8,6105.8,136.0,1297.9,34.3,1
8,tram,34.0,loopA,loopA,1753.7,6106.2,4352.5,33702.7,27.9,40
4281,car,4.5,xloopA_0Aa,road_loopA_r1,5973.9,6106.6,132.7,507.2,13.8,0
4298,suv,4.8,road_loopA_r0,road_loopA_r1,5992.5,6107.3,114.8,1298.6,40.7,0
4292,car,4.5,road_loopA_r0,road_loopA_r1,5982.1,6107.4,125.3,1297.6,37.3,1
4272,car,4.5,road_loopA_r0,road_loopA_r1,5964.3,6108.2,143.9,1297.8,32.5,1
4285,car,4.5,road_loopA_r0,road_loopA_r1,5978.3,6109.7,131.4,1297.4,35.5,0
4327,car,4.5,road_loopA_r0,road_loopA_r1,6011.7,6109.8,98.1,1298.7,47.6,0
4257,car,4.5,road_loopA_r0,road_loopA_r1,5950.9,6110.0,159.1,1297.9,29.4,1
4321,truck,8.5,road_loopA_r0,road_loopA_r1,6006.7,6110.8,104.1,1297.4,44.9,0
4313,car,4.5,road_loopA_r0,road_loopA_r1,6003.8,6111.0,107.2,1297.6,43.6,0
4273,car,4.5,road_loopA_r0,road_loopA_r1,5966.6,6111.7,145.1,1297.9,32.2,1
4332,suv,4.8,road_loopA_r0,road_loopA_r1,6013.9,6112.4,98.5,1298.6,47.4,0
4318,car,4.5,road_loopA_r0,road_loopA_r1,6004.6,6113.4,108.8,1297.9,42.9,0
4311,car,4.5,road_loopA_r0,road_loopA_r1,6003.1,6113.6,110.5,1297.3,42.3,0
4320,car,4.5,road_loopA_r0,road_loopA_r1,6006.6,6114.3,107.7,1298.0,43.4,0
4308,truck,8.5,road_loopA_r0,road_loopA_r1,5999.9,6115.7,115.8,1297.5,40.3,0
4322,suv,4.8,road_loopA_r0,road_loopA_r1,6006.9,6116.4,109.5,1298.4,42.7,0
4317,car,4.5,road_loopA_r0,road_loopA_r1,6004.4,6116.7,112.3,1297.6,41.6,0
4294,car,4.5,road_loopA_f0,road_loopA_f1,5985.3,6117.2,131.9,1303.1,35.6,1
4337,suv,4.8,road_loopA_r0,road_loopA_r1,6017.8,6117.9,100.1,1297.8,46.7,0
4310,suv,4.8,road_loopA_r0,road_loopA_r1,6001.9,6119.2,117.3,1297.7,39.8,0
4342,car,4.5,road_loopA_r0,road_loopA_r1,6020.9,6119.3,98.4,1297.9,47.5,0
4307,car,4.5,road_loopA_r0,road_loopA_r1,5999.3,6120.5,121.2,1297.7,38.5,0
4301,car,4.5,road_loopA_f0,road_loopA_f1,5994.7,6121.0,126.3,1303.4,37.2,1
4331,suv,4.8,road_loopA_r0,road_loopA_r1,6013.6,6121.0,107.4,1297.6,43.5,0
4316,car,4.5,road_loopA_r0,road_loopA_r1,6004.2,6122.2,118.0,1297.9,39.6,0
4330,truck,8.5,road_loopA_r0,road_loopA_r1,6013.3,6124.0,110.7,1298.5,42.2,0
4297,car,4.5,road_loopA_f0,road_loopA_f1,5991.4,6124.6,133.2,1303.9,35.2,1
4325,car,4.5,road_loopA_r0,road_loopA_r1,6011.6,6126.2,114.6,1298.4,40.8,0
4357,suv,4.8,road_loopA_r0,road_loopA_r1,6036.0,6128.0,92.0,1297.6,50.8,0
4345,car,4.5,road_loopA_r0,road_loopA_r1,6025.2,6128.6,103.4,1297.6,45.2,0
4328,suv,4.8,road_loopA_f0,road_loopA_f1,6012.6,6128.9,116.3,1302.8,40.3,1
4351,car,4.5,road_loopA_r0,road_loopA_r1,6028.8,6130.4,101.6,1297.9,46.0,0
4295,suv,4.8,road_loopA_f0,road_loopA_f1,5987.2,6131.4,144.2,1303.6,32.5,1
4334,car,4.5,road_loopA_f0,road_loopA_f1,6014.6,6131.8,117.2,1303.4,40.0,1
4353,suv,4.8,road_loopA_r0,road_loopA_r1,6029.6,6132.2,102.6,1298.4,45.6,0
4362,suv,4.8,road_loopA_r0,road_loopA_r1,6038.0,6132.2,94.2,1297.5,49.6,0
4370,suv,4.8,road_loopA_r0,road_loopA_r1,6044.5,6134.2,89.7,1297.7,52.1,0
4336,truck,8.5,road_loopA_f0,road_loopA_f1,6017.0,6135.1,118.1,1303.9,39.8,1
4315,suv,4.8,road_loopA_f0,road_loopA_f1,6004.3,6137.1,132.8,1303.7,35.3,1
4352,car,4.5,road_loopA_r0,road_loopA_r1,6029.5,6137.5,108.0,1298.1,43.3,0
4305,suv,4.8,road_loopA_f0,road_loopA_f1,5998.0,6137.6,139.6,1303.6,33.6,1
4346,car,4.5,road_loopA_f0,road_loopA_f1,6025.5,6139.0,113.5,1302.8,41.3,0
4350,car,4.5,road_loopA_f0,road_loopA_f1,6027.7,6139.9,112.2,1303.8,41.8,0
4356,car,4.5,road_loopA_f0,road_loopA_f1,6032.9,6140.9,108.0,1303.0,43.4,0
4359,suv,4.8,road_loopA_f0,road_loopA_f1,6036.4,6142.8,106.4,1303.8,44.1,0
4371,car,4.5,road_loopA_r0,road_loopA_r1,6044.5,6143.5,99.0,1297.5,47.2,0
4284,car,4.5,xloopA_0Ba,road_loopA_f1,5977.4,6143.8,166.4,902.6,19.5,1
4304,car,4.5,road_loopA_f0,road_loopA_f1,5995.9,6144.1,148.2,1303.5,31.7,1
4364,suv,4.8,road_loopA_f0,road_loopA_f1,6038.3,6144.5,106.2,1303.0,44.2,0
4302,car,4.5,road_loopA_f0,road_loopA_f1,5994.9,6144.7,149.8,1303.3,31.3,1
4306,car,4.5,road_loopA_f0,xloopA_0Ab,5998.8,6144.7,145.9,505.3,12.5,1
4360,car,4.5,road_loopA_r0,road_loopA_r1,6036.9,6145.0,108.1,1297.9,43.2,0
4265,truck,8.5,road_loopA_r0,xloopA_0Bb,5958.1,6145.3,187.2,895.2,17.2,1
4379,car,4.5,road_loopA_r0,road_loopA_r1,6048.8,6145.6,96.8,1297.9,48.3,0
4341,car,4.5,road_loopA_f0,road_loopA_f1,6020.2,6146.3,126.1,1303.7,37.2,0
4366,car,4.5,road_loopA_f0,road_loopA_f1,6039.3,6146.4,107.1,1304.2,43.8,0
4363,truck,8.5,road_loopA_r0,road_loopA_r1,6037.9,6147.2,109.3,1297.6,42.7,0
4326,car,4.5,road_loopA_f0,xloopA_0Ab,6011.7,6147.3,135.6,505.3,13.4,1
4374,suv,4.8,road_loopA_f0,road_loopA_f1,6045.8,6148.2,102.4,1304.1,45.9,0
4382,truck,8.5,road_loopA_r0,road_loopA_r1,6051.3,6148.3,97.0,1297.7,48.1,0
4274,suv,4.8,road_loopA_r0,xloopA_0Bb,5967.5,6148.4,180.9,895.9,17.8,1
4335,suv,4.8,road_loopA_f0,road_loopA_f1,6015.9,6148.8,132.9,1303.5,35.3,1
4372,car,4.5,road_loopA_r0,road_loopA_r1,6044.8,6149.2,104.4,1297.7,44.7,0
4378,suv,4.8,road_loopA_f0,road_loopA_f1,6046.6,6149.9,103.3,1302.9,45.4,0
4349,car,4.5,road_loopA_f0,road_loopA_f1,6027.1,6150.2,123.1,1304.2,38.2,1
4388,car,4.5,road_loopA_r0,road_loopA_r1,6060.7,6150.4,89.7,1297.3,52.1,0
4377,suv,4.8,road_loopA_r0,road_loopA_r1,6046.5,6150.5,104.0,1297.7,44.9,0
4344,truck,8.5,road_loopA_f0,xloopA_0Ab,6024.0,6150.7,126.7,505.0,14.4,1
4347,suv,4.8,road_loopA_r0,road_loopA_r1,6026.0,6151.0,125.0,1297.9,37.4,0
4293,suv,4.8,road_loopA_r0,xloopA_0Bb,5982.6,6151.1,168.5,895.9,19.1,1
4375,car,4.5,road_loopA_f0,road_loopA_f1,6046.0,6151.8,105.8,1303.9,44.4,0
4338,car,4.5,road_loopA_f0,road_loopA_f1,6018.2,6151.9,133.7,1302.8,35.1,0
4380,suv,4.8,road_loopA_r0,road_loopA_r1,6048.9,6152.3,103.4,1298.0,45.2,0
4373,suv,4.8,road_loopA_r0,road_loopA_r1,6044.8,6152.7,107.9,1298.5,43.3,0
4358,car,4.5,road_loopA_f0,road_loopA_f1,6036.2,6153.6,117.4,1303.9,40.0,0
4339,suv,4.8,road_loopA_r0,xloopA_0Bb,6019.8,6153.8,134.0,895.8,24.1,1
4361,car,4.5,road_loopA_f0,road_loopA_f1,6036.9,6154.1,117.2,1303.9,40.1,0
4343,car,4.5,road_loopA_f0,road_loopA_f1,6021.1,6154.5,133.4,1304.1,35.2,0
4394,car,4.5,road_loopA_f0,road_loopA_f1,6064.5,6155.3,90.8,1303.2,51.7,0
4392,car,4.5,road_loopA_r0,road_loopA_r1,6062.6,6155.7,93.1,1298.5,50.2,0
4288,car,4.5,road_loopA_f0,road_loopA_f1,5980.9,6157.0,176.1,1303.0,26.6,1
4397,car,4.5,road_loopA_f0,road_loopA_f1,6067.3,6157.3,90.0,1303.8,52.2,0
4387,car,4.5,road_loopA_r0,road_loopA_r1,6060.5,6157.4,96.9,1298.6,48.2,0
4391,car,4.5,road_loopA_r0,road_loopA_r1,6062.4,6159.1,96.7,1297.5,48.3,0
4390,suv,4.8,road_loopA_f0,road_loopA_f1,6062.0,6159.7,97.7,1303.2,48.0,0
4381,car,4.5,xloopA_0Aa,xloopA_0Ab,6051.1,6159.9,108.8,84.5,2.8,1
4395,car,4.5,road_loopA_r0,road_loopA_r1,6064.5,6161.0,96.5,1298.7,48.5,0
4398,car,4.5,road_loopA_f0,road_loopA_f1,6068.5,6161.4,92.9,1303.6,50.5,0
4385,car,4.5,xloopA_0Aa,xloopA_0Ab,6058.9,6162.1,103.2,84.2,2.9,1
4376,car,4.5,road_loopA_f0,road_loopA_f1,6046.3,6162.8,116.5,1303.4,40.3,0
4329,suv,4.8,road_loopA_f0,road_loopA_f1,6012.7,6163.1,150.4,1303.3,31.2,1
4429,car,4.5,xloopA_0Ba,xloopA_0Bb,6106.0,6163.1,57.1,84.1,5.3,1
4396,car,4.5,road_loopA_f0,road_loopA_f1,6065.2,6163.3,98.1,1303.8,47.8,0
4365,suv,4.8,road_loopA_f0,road_loopA_f1,6039.2,6165.0,125.8,1303.0,37.3,0
4438,car,4.5,xloopA_0Aa,xloopA_0Ab,6114.7,6165.5,50.8,84.7,6.0,0
4393,car,4.5,road_loopA_f0,road_loopA_f1,6063.5,6165.6,102.1,1303.3,46.0,0
4369,truck,8.5,road_loopA_f0,road_loopA_f1,6043.6,6167.3,123.7,1302.9,37.9,0
4460,car,4.5,xloopA_0Aa,xloopA_0Ab,6131.9,6167.3,35.4,84.3,8.6,0
4312,bus,11.0,road_loopA_r0,road_loopA_r1,6003.7,6169.4,165.7,1298.1,28.2,2
4309,suv,4.8,road_loopA_f0,road_loopA_f1,6001.1,6170.3,169.2,1303.9,27.7,1
4354,truck,8.5,road_loopA_f0,road_loopA_f1,6029.8,6170.7,140.9,1303.2,33.3,0
4279,car,4.5,xloopA_0Aa,road_loopA_f1,5971.2,6172.8,201.6,872.2,15.6,1
4403,car,4.5,road_loopA_f0,road_loopA_f1,6075.9,6174.1,98.2,1303.1,47.8,0
4348,car,4.5,xloopA_0Ba,road_loopA_f1,6027.1,6175.0,147.9,902.8,22.0,0
4411,suv,4.8,road_loopA_f0,road_loopA_f1,6082.3,6176.0,93.7,1303.6,50.1,0
4384,car,4.5,road_loopA_f0,road_loopA_f1,6055.9,6178.3,122.4,1303.8,38.3,0
4406,suv,4.8,road_loopA_f0,road_loopA_f1,6077.9,6178.7,100.8,1303.7,46.6,0
4415,car,4.5,road_loopA_f0,road_loopA_f1,6086.2,6180.7,94.5,1303.4,49.7,0
4417,car,4.5,road_loopA_f0,road_loopA_f1,6091.3,6180.9,89.6,1303.1,52.3,0
4389,car,4.5,road_loopA_r0,xloopA_0Ab,6061.6,6182.4,120.8,869.0,25.9,1
4434,suv,4.8,road_loopA_f0,xloopA_0Bb,6111.0,6183.1,72.1,479.1,23.9,2
4478,car,4.5,road_loopA_f0,xloopA_0Bb,6147.5,6193.0,45.5,478.6,37.9,0
4419,car,4.5,road_loopA_f0,road_loopA_f1,6096.8,6194.5,97.7,1304.0,48.0,0
4399,truck,8.5,road_loopA_f0,road_loopA_f1,6073.0,6196.3,123.3,1303.6,38.1,0
4401,car,4.5,road_loopA_r0,road_loopA_r1,6073.5,6200.4,126.9,1297.6,36.8,1
4451,car,4.5,road_loopA_r0,xloopA_0Ab,6125.2,6200.6,75.4,869.2,41.5,0
4488,truck,8.5,road_loopA_f0,xloopA_0Bb,6158.2,6202.4,44.2,478.5,39.0,0
4413,car,4.5,road_loopA_r0,road_loopA_r1,6082.4,6203.6,121.2,1298.6,38.6,1
4400,car,4.5,road_loopA_r0,road_loopA_r1,6073.4,6206.2,132.8,1298.4,35.2,1
4407,car,4.5,road_loopA_r0,road_loopA_r1,6079.9,6209.0,129.1,1298.1,36.2,1
4410,car,4.5,road_loopA_r0,road_loopA_r1,6082.1,6209.2,127.1,1298.0,36.8,1
4412,car,4.5,road_loopA_r0,road_loopA_r1,6082.2,6211.6,129.4,1298.1,36.1,1
4422,car,4.5,road_loopA_r0,road_loopA_r1,6100.1,6212.2,112.1,1297.6,41.7,1
4386,car,4.5,xloopA_0Aa,road_loopA_r1,6060.3,6212.6,152.3,507.1,12.0,1
4416,truck,8.5,road_loopA_r0,road_loopA_r1,6089.2,6214.1,124.9,1297.8,37.4,1
4405,car,4.5,road_loopA_r0,road_loopA_r1,6077.5,6214.2,136.7,1297.4,34.2,1
4426,suv,4.8,road_loopA_r0,road_loopA_r1,6103.2,6214.7,111.5,1297.4,41.9,1
4432,truck,8.5,road_loopA_r0,xloopA_0Ab,6108.6,6216.0,107.4,868.8,29.1,1
4404,truck,8.5,road_loopA_r0,road_loopA_r1,6076.0,6216.4,140.4,1298.2,33.3,1
4414,suv,4.8,road_loopA_r0,road_loopA_r1,6083.8,6216.5,132.7,1297.6,35.2,1
4443,car,4.5,road_loopA_r0,road_loopA_r1,6120.3,6216.7,96.4,1297.7,48.5,0
4436,suv,4.8,road_loopA_r0,road_loopA_r1,6113.3,6217.5,104.2,1298.1,44.9,0
4408,car,4.5,road_loopA_r0,road_loopA_r1,6081.0,6218.4,137.4,1298.4,34.0,1
4449,car,4.5,road_loopA_r0,road_loopA_r1,6122.8,6219.4,96.6,1297.5,48.4,0
4418,suv,4.8,road_loopA_r0,road_loopA_r1,6096.7,6220.3,123.6,1298.3,37.8,1
4450,suv,4.8,road_loopA_r0,road_loopA_r1,6123.2,6221.1,97.9,1297.4,47.7,0
4423,car,4.5,road_loopA_r0,road_loopA_r1,6100.5,6222.1,121.6,1297.5,38.4,1
4447,car,4.5,road_loopA_r0,road_loopA_r1,6121.7,6222.8,101.1,1298.3,46.2,0
4428,car,4.5,road_loopA_r0,road_loopA_r1,6105.3,6224.0,118.7,1298.5,39.4,1
4458,car,4.5,road_loopA_r0,road_loopA_r1,6129.7,6225.3,95.6,1297.7,48.8,0
4445,suv,4.8,road_loopA_r0,road_loopA_r1,6121.1,6225.8,104.7,1298.5,44.6,0
4444,car,4.5,road_loopA_r0,road_loopA_r1,6120.6,6227.0,106.4,1298.4,43.9,0
4437,suv,4.8,road_loopA_r0,road_loopA_r1,6114.1,6228.3,114.2,1298.0,40.9,0
4452,car,4.5,road_loopA_r0,road_loopA_r1,6127.1,6229.7,102.6,1297.5,45.5,0
4421,truck,8.5,road_loopA_f0,road_loopA_f1,6099.8,6230.9,131.1,1303.5,35.8,1
4468,car,4.5,road_loopA_r0,road_loopA_r1,6136.8,6231.2,94.4,1298.6,49.5,0
4454,truck,8.5,road_loopA_r0,road_loopA_r1,6127.5,6232.1,104.6,1298.6,44.7,0
4425,suv,4.8,road_loopA_f0,road_loopA_f1,6103.0,6233.3,130.3,1303.4,36.0,1
4420,car,4.5,road_loopA_f0,road_loopA_f1,6097.7,6233.7,136.0,1303.6,34.5,1
4469,car,4.5,road_loopA_r0,road_loopA_r1,6139.2,6234.0,94.8,1297.3,49.3,0
4470,car,4.5,road_loopA_r0,road_loopA_r1,6139.3,6234.4,95.1,1297.8,49.1,0
4455,bus,11.0,road_loopA_r0,road_loopA_r1,6128.2,6235.1,106.9,1297.3,43.7,0
4439,car,4.5,road_loopA_f0,road_loopA_f1,6117.5,6236.6,119.1,1302.8,39.4,1
4424,car,4.5,road_loopA_f0,road_loopA_f1,6102.0,6237.1,135.1,1302.8,34.7,1
4430,suv,4.8,road_loopA_f0,road_loopA_f1,6106.4,6237.1,130.7,1303.0,35.9,1
4467,truck,8.5,road_loopA_r0,road_loopA_r1,6136.4,6239.4,103.0,1297.8,45.4,0
4448,car,4.5,road_loopA_f0,road_loopA_f1,6122.2,6239.8,117.6,1302.8,39.9,1
4367,bus,11.0,road_loopA_r0,road_loopA_r1,6040.2,6240.7,200.5,1298.4,23.3,3
4442,suv,4.8,road_loopA_f0,road_loopA_f1,6120.0,6240.7,120.7,1303.3,38.9,1
4441,car,4.5,road_loopA_r0,road_loopA_r1,6119.3,6240.8,121.5,1297.8,38.4,0
4483,car,4.5,road_loopA_r0,road_loopA_r1,6153.7,6243.2,89.5,1297.5,52.2,0
4459,suv,4.8,road_loopA_f0,road_loopA_f1,6130.4,6243.3,112.9,1302.9,41.5,1
4464,car,4.5,road_loopA_f0,road_loopA_f1,6134.5,6245.3,110.8,1303.3,42.3,1
4433,suv,4.8,road_loopA_f0,road_loopA_f1,6109.9,6245.4,135.5,1303.1,34.6,1
4479,car,4.5,road_loopA_r0,road_loopA_r1,6148.8,6246.0,97.2,1297.8,48.1,0
4456,car,4.5,road_loopA_f0,road_loopA_f1,6128.4,6246.4,118.0,1303.7,39.8,1
4453,suv,4.8,road_loopA_f0,road_loopA_f1,6127.4,6248.1,120.7,1303.0,38.9,1
4466,car,4.5,road_loopA_f0,road_loopA_f1,6136.4,6249.2,112.8,1302.8,41.6,0
4473,suv,4.8,road_loopA_f0,road_loopA_f1,6142.9,6252.1,109.2,1303.4,43.0,1
4475,car,4.5,road_loopA_f0,road_loopA_f1,6144.2,6254.8,110.6,1303.5,42.4,0
4383,car,4.5,road_loopA_r0,xloopA_0Bb,6053.3,6254.9,201.6,895.4,16.0,2
4477,car,4.5,road_loopA_f0,xloopA_0Ab,6147.5,6255.5,108.0,505.1,16.8,1
4472,car,4.5,road_loopA_f0,road_loopA_f1,6140.5,6255.8,115.3,1303.5,40.7,0
4431,car,4.5,road_loopA_f0,road_loopA_f1,6107.3,6257.3,150.0,1303.0,31.3,1
4499,car,4.5,road_loopA_r0,xloopA_0Bb,6171.2,6257.5,86.3,895.4,37.4,1
4481,car,4.5,road_loopA_f0,road_loopA_f1,6152.3,6257.7,105.4,1303.5,44.5,0
4462,suv,4.8,road_loopA_f0,road_loopA_f1,6132.8,6259.2,126.4,1303.8,37.1,0
4484,car,4.5,road_loopA_f0,road_loopA_f1,6153.8,6260.4,106.6,1303.8,44.0,0
4474,suv,4.8,road_loopA_f0,road_loopA_f1,6143.8,6261.0,117.2,1303.9,40.1,2
4476,car,4.5,road_loopA_f0,road_loopA_f1,6145.2,6262.7,117.5,1303.2,39.9,1
4446,car,4.5,road_loopA_f0,road_loopA_f1,6121.4,6262.8,141.4,1304.2,33.2,1
4492,car,4.5,road_loopA_r0,road_loopA_r1,6164.4,6263.3,98.9,1298.2,47.3,0
4501,suv,4.8,road_loopA_r0,road_loopA_r1,6174.4,6264.3,89.9,1297.3,52.0,0
4486,suv,4.8,road_loopA_f0,road_loopA_f1,6156.4,6264.7,108.3,1303.5,43.3,0
4498,car,4.5,road_loopA_r0,road_loopA_r1,6169.8,6265.0,95.2,1298.5,49.1,0
4457,truck,8.5,road_loopA_f0,road_loopA_f1,6128.4,6265.4,137.0,1303.3,34.3,1
4502,car,4.5,road_loopA_r0,road_loopA_r1,6176.0,6266.8,90.8,1298.5,51.5,0
4504,suv,4.8,road_loopA_r0,road_loopA_r1,6177.5,6267.3,89.8,1298.3,52.1,0
4489,car,4.5,road_loopA_f0,road_loopA_f1,6160.7,6267.6,106.9,1302.8,43.9,0
4513,car,4.5,xloopA_0Ba,xloopA_0Bb,6183.4,6268.2,84.8,84.4,3.6,1
4482,car,4.5,road_loopA_f0,road_loopA_f1,6152.7,6269.5,116.8,1303.1,40.2,0
4538,car,4.5,xloopA_0Ba,xloopA_0Bb,6206.7,6270.5,63.8,84.8,4.8,1
4527,car,4.5,xloopA_0Aa,xloopA_0Ab,6197.3,6270.7,73.4,84.4,4.1,1
4494,suv,4.8,road_loopA_r0,road_loopA_r1,6164.6,6270.8,106.2,1298.1,44.0,0
4491,suv,4.8,road_loopA_f0,road_loopA_f1,6162.7,6272.2,109.5,1303.3,42.9,0
4507,car,4.5,road_loopA_r0,road_loopA_r1,6179.6,6272.5,92.9,1297.5,50.3,0
4539,car,4.5,xloopA_0Ba,xloopA_0Bb,6207.2,6272.5,65.3,84.4,4.6,0
4558,car,4.5,xloopA_0Aa,xloopA_0Ab,6228.8,6272.8,44.0,84.0,6.9,1
4509,car,4.5,road_loopA_r0,road_loopA_r1,6181.7,6274.1,92.4,1298.3,50.6,0
4493,suv,4.8,road_loopA_f0,road_loopA_f1,6164.6,6275.4,110.8,1303.7,42.4,0
4500,car,4.5,road_loopA_f0,road_loopA_f1,6173.0,6277.1,104.1,1302.9,45.0,0
4520,car,4.5,road_loopA_r0,xloopA_0Ab,6192.2,6278.2,86.0,869.0,36.4,1
4503,truck,8.5,road_loopA_f0,road_loopA_f1,6177.5,6279.4,101.9,1303.5,46.1,0
4496,truck,8.5,road_loopA_f0,road_loopA_f1,6167.9,6281.3,113.4,1303.7,41.4,0
4495,car,4.5,road_loopA_f0,road_loopA_f1,6166.7,6281.4,114.7,1303.3,40.9,0
4506,car,4.5,road_loopA_f0,road_loopA_f1,6178.9,6285.1,106.2,1303.7,44.2,0
4409,car,4.5,xloopA_0Ba,road_loopA_f1,6081.8,6285.4,203.6,902.8,16.0,1
4517,car,4.5,road_loopA_f0,road_loopA_f1,6189.0,6286.4,97.4,1302.8,48.2,0
4487,car,4.5,road_loopA_f0,road_loopA_f1,6156.7,6286.8,130.1,1303.9,36.1,0
4427,car,4.5,road_loopA_f0,road_loopA_f1,6104.8,6287.0,182.2,1302.9,25.7,1
4497,suv,4.8,road_loopA_r0,xloopA_0Ab,6169.2,6287.0,117.8,869.5,26.6,3
4518,car,4.5,road_loopA_f0,road_loopA_f1,6190.8,6288.5,97.7,1303.9,48.1,0
4435,suv,4.8,road_loopA_f0,road_loopA_f1,6111.8,6288.7,176.9,1303.5,26.5,1
4528,suv,4.8,road_loopA_f0,road_loopA_f1,6197.4,6289.7,92.3,1303.0,50.8,0
4524,car,4.5,road_loopA_f0,road_loopA_f1,6195.1,6290.2,95.1,1303.6,49.4,0
4440,car,4.5,road_loopA_f0,road_loopA_f1,6117.7,6290.3,172.6,1302.8,27.2,1
4461,suv,4.8,road_loopA_f0,road_loopA_f1,6132.3,6292.0,159.7,1303.6,29.4,1
4485,car,4.5,road_loopA_f0,road_loopA_f1,6156.1,6293.4,137.3,1303.6,34.2,0
4463,car,4.5,road_loopA_f0,road_loopA_f1,6134.0,6293.9,159.9,1303.1,29.3,0
4465,suv,4.8,road_loopA_f0,road_loopA_f1,6135.9,6295.7,159.8,1303.9,29.4,0
4514,truck,8.5,road_loopA_f0,road_loopA_f1,6184.1,6295.7,111.6,1303.2,42.0,0
4471,car,4.5,road_loopA_f0,road_loopA_f1,6139.5,6297.5,158.0,1303.1,29.7,0
4512,car,4.5,road_loopA_f0,road_loopA_f1,6182.5,6297.5,115.0,1303.3,40.8,0
4519,suv,4.8,road_loopA_f0,road_loopA_f1,6192.2,6299.1,106.9,1303.0,43.9,0
4480,car,4.5,road_loopA_f0,road_loopA_f1,6150.5,6299.3,148.8,1303.8,31.5,0
4530,suv,4.8,road_loopA_f0,road_loopA_f1,6198.7,6299.3,100.6,1304.1,46.7,0
4533,suv,4.8,road_loopA_f0,road_loopA_f1,6200.8,6301.0,100.2,1303.0,46.8,0
4529,suv,4.8,road_loopA_f0,road_loopA_f1,6198.2,6301.1,102.9,1303.6,45.6,0
4532,car,4.5,road_loopA_f0,road_loopA_f1,6200.3,6302.9,102.6,1303.3,45.7,0
4592,suv,4.8,road_loopA_f0,xloopA_0Bb,6262.4,6303.6,41.2,478.5,41.8,0
4511,car,4.5,road_loopA_r0,road_loopA_r1,6182.1,6304.1,122.0,1298.4,38.3,1
4516,car,4.5,road_loopA_r0,road_loopA_r1,6184.9,6307.4,122.5,1298.7,38.2,1
4505,suv,4.8,road_loopA_r0,road_loopA_r1,6177.5,6308.4,130.9,1297.9,35.7,1
4521,car,4.5,road_loopA_r0,road_loopA_r1,6193.2,6310.6,117.4,1297.7,39.8,1
4522,car,4.5,road_loopA_r0,road_loopA_r1,6194.8,6312.0,117.2,1298.1,39.9,1
4490,car,4.5,xloopA_0Ba,road_loopA_r1,6162.6,6313.7,151.1,476.6,11.4,1
4536,car,4.5,road_loopA_r0,road_loopA_r1,6202.9,6315.5,112.6,1298.6,41.5,1
4508,car,4.5,road_loopA_r0,road_loopA_r1,6179.9,6315.6,135.7,1297.3,34.4,1
4510,suv,4.8,road_loopA_r0,road_loopA_r1,6181.7,6316.2,134.5,1297.9,34.7,1
4526,car,4.5,road_loopA_r0,road_loopA_r1,6195.4,6317.3,121.9,1298.2,38.3,1
4535,car,4.5,road_loopA_r0,road_loopA_r1,6201.8,6318.1,116.3,1297.3,40.1,1
4540,car,4.5,road_loopA_r0,road_loopA_r1,6209.7,6318.3,108.6,1298.5,43.0,0
4531,car,4.5,road_loopA_r0,road_loopA_r1,6199.9,6319.0,119.1,1298.6,39.2,1
4537,suv,4.8,road_loopA_r0,road_loopA_r1,6206.3,6321.0,114.7,1297.7,40.7,0
4542,car,4.5,road_loopA_r0,road_loopA_r1,6211.7,6322.1,110.4,1297.9,42.3,0
4525,car,4.5,road_loopA_r0,road_loopA_r1,6195.4,6322.4,127.0,1297.6,36.8,1
4543,suv,4.8,road_loopA_r0,road_loopA_r1,6212.5,6323.7,111.2,1297.3,42.0,0
4549,truck,8.5,road_loopA_r0,road_loopA_r1,6217.9,6323.8,105.9,1298.2,44.1,0
4545,car,4.5,road_loopA_r0,road_loopA_r1,6213.8,6326.2,112.4,1298.5,41.6,0
4551,truck,8.5,road_loopA_r0,road_loopA_r1,6220.4,6326.4,106.0,1298.2,44.1,0
4550,truck,8.5,road_loopA_r0,road_loopA_r1,6219.2,6328.3,109.1,1297.3,42.8,0
4557,suv,4.8,road_loopA_r0,road_loopA_r1,6228.1,6328.3,100.2,1297.3,46.6,0
4523,car,4.5,xloopA_0Aa,road_loopA_r1,6195.1,6329.8,134.7,506.6,13.5,1
4515,car,4.5,road_loopA_r0,road_loopA_r1,6184.2,6331.5,147.3,1298.2,31.7,1
4544,car,4.5,road_loopA_f0,road_loopA_f1,6213.0,6331.5,118.5,1303.7,39.6,1
4534,car,4.5,road_loopA_r0,road_loopA_r1,6201.0,6331.8,130.8,1297.3,35.7,0
4555,car,4.5,road_loopA_r0,road_loopA_r1,6226.5,6332.1,105.6,1298.3,44.3,0
4556,truck,8.5,road_loopA_r0,road_loopA_r1,6226.7,6332.7,106.0,1298.0,44.1,0
4546,car,4.5,road_loopA_f0,road_loopA_f1,6215.3,6333.2,117.9,1302.9,39.8,1
4560,car,4.5,road_loopA_r0,road_loopA_r1,6234.5,6334.3,99.8,1298.1,46.8,0
4569,car,4.5,road_loopA_r0,road_loopA_r1,6240.3,6334.6,94.3,1297.9,49.5,0
4565,car,4.5,road_loopA_f0,road_loopA_f1,6238.4,6334.7,96.3,1304.0,48.8,0
4559,suv,4.8,road_loopA_r0,road_loopA_r1,6234.3,6335.0,100.7,1297.5,46.4,0
4567,truck,8.5,road_loopA_r0,road_loopA_r1,6238.8,6336.4,97.6,1298.6,47.9,0
4568,car,4.5,road_loopA_f0,road_loopA_f1,6239.8,6336.5,96.7,1303.1,48.5,0
4553,suv,4.8,road_loopA_f0,road_loopA_f1,6222.2,6336.9,114.7,1304.0,40.9,1
4570,car,4.5,road_loopA_r0,road_loopA_r1,6240.6,6336.9,96.3,1298.6,48.6,0
4571,suv,4.8,road_loopA_f0,road_loopA_f1,6242.4,6338.3,95.9,1302.9,48.9,0
4572,car,4.5,road_loopA_r0,road_loopA_r1,6243.6,6338.4,94.8,1298.5,49.3,0
4576,suv,4.8,road_loopA_r0,road_loopA_r1,6248.3,6338.4,90.1,1297.7,51.9,0
4578,suv,4.8,road_loopA_r0,road_loopA_r1,6251.2,6340.3,89.1,1297.6,52.4,0
4548,car,4.5,road_loopA_f0,road_loopA_f1,6216.7,6340.4,123.7,1303.9,38.0,1
4554,car,4.5,road_loopA_f0,road_loopA_f1,6222.9,6341.1,118.2,1304.1,39.7,1
4562,car,4.5,road_loopA_r0,road_loopA_r1,6237.2,6341.7,104.5,1297.7,44.7,0
4577,suv,4.8,road_loopA_f0,road_loopA_f1,6249.0,6342.0,93.0,1303.7,50.5,0
4584,car,4.5,road_loopA_r0,road_loopA_r1,6255.1,6344.1,89.0,1297.3,52.5,0
4583,car,4.5,road_loopA_f0,road_loopA_f1,6254.9,6345.9,91.0,1303.2,51.6,0
4580,car,4.5,road_loopA_r0,road_loopA_r1,6252.2,6346.4,94.2,1297.8,49.6,0
4573,car,4.5,road_loopA_f0,road_loopA_f1,6245.2,6347.6,102.4,1304.0,45.9,0
4585,car,4.5,road_loopA_r0,road_loopA_r1,6255.7,6348.1,92.4,1297.9,50.6,0
4588,car,4.5,road_loopA_f0,road_loopA_f1,6257.6,6348.6,91.0,1303.2,51.5,0
4563,truck,8.5,road_loopA_f0,road_loopA_f1,6237.9,6349.0,111.1,1303.7,42.3,0
4581,suv,4.8,road_loopA_f0,road_loopA_f1,6252.6,6349.3,96.7,1303.1,48.5,0
4590,car,4.5,road_loopA_r0,road_loopA_r1,6259.3,6350.1,90.8,1298.4,51.5,0
4589,car,4.5,road_loopA_f0,road_loopA_f1,6258.6,6350.4,91.8,1303.8,51.2,0
4566,suv,4.8,road_loopA_f0,road_loopA_f1,6238.6,6350.9,112.3,1303.6,41.8,0
4575,car,4.5,road_loopA_f0,road_loopA_f1,6247.3,6351.5,104.2,1303.7,45.1,0
4582,car,4.5,road_loopA_f0,road_loopA_f1,6253.2,6354.1,100.9,1303.5,46.5,0
4596,suv,4.8,road_loopA_r0,road_loopA_r1,6267.6,6356.5,88.9,1297.3,52.5,0
4579,suv,4.8,road_loopA_f0,road_loopA_f1,6251.4,6357.2,105.8,1303.0,44.3,0
4612,car,4.5,road_loopA_r0,xloopA_0Bb,6281.0,6358.7,77.7,895.7,41.5,0
4586,suv,4.8,road_loopA_f0,road_loopA_f1,6256.0,6359.3,103.3,1303.6,45.4,0
4597,car,4.5,road_loopA_r0,road_loopA_r1,6268.9,6360.1,91.2,1298.4,51.2,0
4561,truck,8.5,road_loopA_f0,xloopA_0Ab,6236.2,6360.5,124.3,505.4,14.6,1
4593,suv,4.8,road_loopA_r0,road_loopA_r1,6263.5,6361.3,97.8,1298.6,47.8,0
4594,truck,8.5,road_loopA_f0,road_loopA_f1,6263.6,6361.5,97.9,1303.6,48.0,0
4591,suv,4.8,road_loopA_f0,road_loopA_f1,6260.1,6361.6,101.5,1303.6,46.2,0
4599,car,4.5,road_loopA_f0,road_loopA_f1,6272.4,6361.8,89.4,1303.1,52.5,0
4601,suv,4.8,road_loopA_r0,road_loopA_r1,6273.6,6362.5,88.9,1297.3,52.5,0
4602,suv,4.8,road_loopA_r0,road_loopA_r1,6274.2,6363.1,88.9,1297.3,52.5,0
4619,suv,4.8,road_loopA_f0,xloopA_0Ab,6285.8,6363.5,77.7,505.4,23.4,1
4595,bus,11.0,road_loopA_f0,road_loopA_f1,6266.5,6364.1,97.6,1303.6,48.1,0
4605,car,4.5,road_loopA_r0,road_loopA_r1,6275.9,6364.9,89.0,1297.3,52.5,0
4600,car,4.5,road_loopA_f0,road_loopA_f1,6272.9,6366.0,93.1,1303.6,50.4,0
4661,car,4.5,road_loopA_f0,xloopA_0Ab,6316.1,6366.5,50.4,505.1,36.1,0
4608,car,4.5,road_loopA_f0,road_loopA_f1,6279.8,6369.1,89.3,1303.1,52.5,0
4611,car,4.5,road_loopA_r0,road_loopA_r1,6280.8,6370.0,89.2,1298.0,52.4,0
4609,car,4.5,road_loopA_f0,road_loopA_f1,6279.9,6372.6,92.7,1304.1,50.6,0
4547,car,4.5,xloopA_0Ba,xloopA_0Bb,6215.4,6373.9,158.5,84.6,1.9,1
4598,car,4.5,road_loopA_f0,road_loopA_f1,6271.6,6373.9,102.3,1303.2,45.9,0
4616,car,4.5,road_loopA_r0,road_loopA_r1,6285.2,6374.4,89.2,1297.7,52.4,0
4617,car,4.5,road_loopA_f0,road_loopA_f1,6285.3,6374.7,89.4,1302.9,52.5,0
4606,car,4.5,xloopA_0Aa,xloopA_0Ab,6278.3,6375.8,97.5,84.1,3.1,1
4615,car,4.5,road_loopA_r0,road_loopA_r1,6284.1,6376.4,92.3,1297.8,50.6,0
4620,suv,4.8,road_loopA_f0,road_loopA_f1,6286.0,6377.2,91.2,1303.6,51.5,0
4633,car,4.5,xloopA_0Aa,xloopA_0Ab,6293.6,6378.0,84.4,84.4,3.6,1
4574,car,4.5,xloopA_0Ba,xloopA_0Bb,6246.0,6378.8,132.8,84.2,2.3,1
4653,car,4.5,xloopA_0Aa,xloopA_0Ab,6309.9,6380.3,70.4,84.4,4.3,1
4655,car,4.5,xloopA_0Ba,xloopA_0Bb,6311.3,6381.9,70.6,84.7,4.3,0
4627,car,4.5,road_loopA_f0,road_loopA_f1,6290.6,6382.5,91.9,1303.8,51.1,0
4668,car,4.5,xloopA_0Aa,xloopA_0Ab,6322.4,6382.9,60.5,84.7,5.0,0
4634,car,4.5,road_loopA_f0,road_loopA_f1,6294.0,6384.3,90.3,1302.9,51.9,0
4623,car,4.5,road_loopA_f0,road_loopA_f1,6287.9,6384.6,96.7,1302.9,48.5,0
4709,car,4.5,xloopA_0Aa,xloopA_0Ab,6366.9,6384.9,18.0,84.1,16.8,0
4624,car,4.5,road_loopA_f0,road_loopA_f1,6288.6,6385.4,96.8,1302.9,48.5,0
4637,suv,4.8,road_loopA_f0,road_loopA_f1,6297.5,6387.2,89.7,1303.6,52.3,0
4640,suv,4.8,road_loopA_f0,road_loopA_f1,6299.2,6388.9,89.7,1303.9,52.3,0
4604,truck,8.5,road_loopA_f0,road_loopA_f1,6275.9,6389.6,113.7,1303.7,41.3,0
4622,car,4.5,road_loopA_f0,road_loopA_f1,6287.2,6390.9,103.7,1303.5,45.3,0
4618,car,4.5,road_loopA_f0,road_loopA_f1,6285.6,6391.6,106.0,1303.6,44.3,0
4642,car,4.5,road_loopA_f0,road_loopA_f1,6300.8,6391.7,90.9,1304.1,51.6,0
4632,car,4.5,road_loopA_f0,road_loopA_f1,6293.3,6392.5,99.2,1303.4,47.3,0
4650,car,4.5,road_loopA_f0,road_loopA_f1,6307.1,6396.6,89.5,1303.3,52.4,0
4631,car,4.5,road_loopA_r0,xloopA_0Ab,6292.9,6398.1,105.2,868.9,29.7,3
4636,car,4.5,road_loopA_f0,road_loopA_f1,6295.7,6398.2,102.5,1303.2,45.8,0
4643,suv,4.8,road_loopA_f0,road_loopA_f1,6302.6,6398.6,96.0,1303.8,48.9,0
4652,car,4.5,road_loopA_f0,road_loopA_f1,6307.6,6399.3,91.7,1303.2,51.2,0
4658,car,4.5,road_loopA_f0,road_loopA_f1,6313.2,6402.5,89.3,1303.1,52.5,0
4638,suv,4.8,road_loopA_f0,road_loopA_f1,6297.6,6403.7,106.1,1303.7,44.2,0
4651,car,4.5,road_loopA_f0,road_loopA_f1,6307.5,6404.5,97.0,1303.8,48.4,0
4646,car,4.5,road_loopA_f0,road_loopA_f1,6304.0,6405.4,101.4,1303.0,46.3,0
4657,suv,4.8,road_loopA_f0,road_loopA_f1,6312.7,6407.1,94.4,1302.9,49.7,0
4564,bus,11.0,road_loopA_r0,road_loopA_r1,6238.2,6407.6,169.4,1298.1,27.6,2
4541,bus,11.0,road_loopA_f0,road_loopA_f1,6211.2,6409.3,198.1,1302.9,23.7,3
4721,car,4.5,road_loopA_f0,xloopA_0Bb,6373.7,6413.5,39.8,478.8,43.3,0
4603,bus,11.0,road_loopA_f0,road_loopA_f1,6275.4,6413.9,138.5,1303.0,33.9,1
4635,bus,11.0,road_loopA_f0,road_loopA_f1,6294.2,6417.7,123.5,1302.9,38.0,1
4613,car,4.5,road_loopA_r0,road_loopA_r1,6282.3,6422.2,139.9,1298.1,33.4,1
4626,car,4.5,road_loopA_r0,road_loopA_r1,6289.6,6424.8,135.2,1298.4,34.6,1
4639,car,4.5,road_loopA_r0,road_loopA_r1,6299.2,6426.6,127.4,1297.9,36.7,1
4610,car,4.5,road_loopA_r0,road_loopA_r1,6280.2,6427.3,147.1,1297.8,31.8,1
4621,truck,8.5,road_loopA_r0,road_loopA_r1,6286.9,6429.4,142.5,1297.3,32.8,1
4649,suv,4.8,road_loopA_r0,road_loopA_r1,6307.1,6429.7,122.6,1298.5,38.1,1
4552,car,4.5,xloopA_0Ba,road_loopA_r1,6221.5,6431.0,209.5,476.3,8.2,1
4625,car,4.5,road_loopA_r0,road_loopA_r1,6289.2,6433.0,143.8,1298.4,32.5,1
4710,car,4.5,xloopA_0Ba,road_loopA_r1,6367.5,6433.4,65.9,476.2,26.0,0
4689,suv,4.8,road_loopA_r0,xloopA_0Ab,6342.7,6433.6,90.9,869.2,34.4,1
4675,car,4.5,road_loopA_r0,road_loopA_r1,6332.9,6433.8,100.9,1298.1,46.3,0
4607,car,4.5,road_loopA_r0,road_loopA_r1,6279.2,6435.4,156.2,1298.2,29.9,1
4628,car,4.5,road_loopA_r0,road_loopA_r1,6291.3,6435.8,144.5,1298.4,32.3,1
4679,car,4.5,road_loopA_r0,road_loopA_r1,6337.0,6436.6,99.6,1298.4,46.9,0
4629,car,4.5,road_loopA_r0,road_loopA_r1,6291.3,6437.2,145.9,1297.7,32.0,1
4630,car,4.5,road_loopA_r0,road_loopA_r1,6292.6,6437.5,144.9,1298.3,32.3,1
4647,car,4.5,road_loopA_r0,road_loopA_r1,6305.6,6439.0,133.4,1297.9,35.0,1
4641,car,4.5,road_loopA_r0,road_loopA_r1,6299.5,6439.2,139.7,1298.1,33.5,1
4674,car,4.5,road_loopA_r0,road_loopA_r1,6331.6,6439.3,107.7,1298.5,43.4,0
4644,car,4.5,road_loopA_r0,road_loopA_r1,6302.9,6440.9,138.0,1297.6,33.8,1
4660,truck,8.5,road_loopA_r0,road_loopA_r1,6314.6,6441.3,126.7,1298.3,36.9,1
4680,suv,4.8,road_loopA_r0,road_loopA_r1,6337.8,6441.4,103.6,1298.2,45.1,0
4645,truck,8.5,road_loopA_r0,road_loopA_r1,6303.5,6443.1,139.6,1298.1,33.5,1
4673,car,4.5,road_loopA_r0,road_loopA_r1,6329.9,6443.9,114.0,1297.7,41.0,0
4687,truck,8.5,road_loopA_r0,road_loopA_r1,6342.0,6444.5,102.5,1297.8,45.6,0
4648,suv,4.8,road_loopA_r0,road_loopA_r1,6306.4,6445.2,138.8,1297.3,33.7,1
4656,car,4.5,road_loopA_r0,road_loopA_r1,6311.6,6447.0,135.4,1297.4,34.5,1
4691,suv,4.8,road_loopA_r0,road_loopA_r1,6345.3,6447.8,102.5,1297.6,45.6,0
4662,car,4.5,road_loopA_f0,road_loopA_f1,6318.9,6448.6,129.7,1302.9,36.2,1
4667,truck,8.5,road_loopA_r0,road_loopA_r1,6321.7,6449.2,127.5,1298.4,36.7,0
4697,car,4.5,road_loopA_r0,road_loopA_r1,6355.9,6449.6,93.7,1298.5,49.9,0
4676,car,4.5,road_loopA_r0,road_loopA_r1,6333.7,6450.0,116.3,1297.4,40.1,0
4685,truck,8.5,road_loopA_r0,road_loopA_r1,6341.0,6453.5,112.5,1298.4,41.6,0
4702,car,4.5,road_loopA_r0,road_loopA_r1,6363.4,6454.0,90.6,1297.9,51.6,0
4688,car,4.5,road_loopA_r0,road_loopA_r1,6342.7,6454.5,111.8,1297.6,41.8,0
4698,car,4.5,road_loopA_r0,road_loopA_r1,6355.9,6455.5,99.6,1298.6,46.9,0
4700,car,4.5,road_loopA_r0,road_loopA_r1,6359.0,6456.2,97.2,1297.9,48.1,0
4681,car,4.5,road_loopA_f0,road_loopA_f1,6338.9,6457.2,118.3,1304.0,39.7,1
4713,car,4.5,road_loopA_r0,road_loopA_r1,6368.3,6457.5,89.2,1298.0,52.4,0
4695,truck,8.5,road_loopA_r0,road_loopA_r1,6351.4,6458.8,107.4,1298.4,43.5,0
4686,suv,4.8,road_loopA_f0,road_loopA_f1,6341.3,6460.0,118.7,1303.1,39.5,1
4614,bus,11.0,road_loopA_f0,road_loopA_f1,6282.4,6460.8,178.4,1302.9,26.3,3
4701,car,4.5,road_loopA_r0,road_loopA_r1,6361.0,6460.8,99.8,1298.4,46.9,0
4669,suv,4.8,road_loopA_f0,road_loopA_f1,6323.0,6462.2,139.2,1303.1,33.7,1
4654,car,4.5,road_loopA_r0,road_loopA_r1,6310.2,6462.5,152.3,1298.4,30.7,1
4718,car,4.5,road_loopA_r0,road_loopA_r1,6370.5,6462.5,92.0,1298.0,50.8,0
4703,car,4.5,road_loopA_r0,road_loopA_r1,6364.5,6462.8,98.3,1297.6,47.5,0
4690,suv,4.8,road_loopA_f0,road_loopA_f1,6344.5,6462.9,118.4,1304.1,39.6,1
4587,car,4.5,xloopA_0Ba,road_loopA_f1,6257.3,6463.3,206.0,902.9,15.8,0
4692,suv,4.8,road_loopA_f0,road_loopA_f1,6347.7,6464.7,117.0,1302.9,40.1,1
4717,suv,4.8,road_loopA_r0,road_loopA_r1,6370.2,6464.8,94.6,1297.5,49.4,0
4719,car,4.5,road_loopA_r0,road_loopA_r1,6371.5,6466.2,94.7,1297.5,49.3,0
4683,car,4.5,road_loopA_f0,road_loopA_f1,6339.9,6466.9,127.0,1304.1,37.0,1
4715,truck,8.5,road_loopA_r0,road_loopA_r1,6369.2,6467.1,97.9,1297.9,47.7,0
4725,suv,4.8,road_loopA_r0,road_loopA_r1,6378.1,6468.0,89.9,1298.0,52.0,0
4728,car,4.5,road_loopA_r0,road_loopA_r1,6379.9,6470.6,90.7,1297.7,51.5,0
4682,car,4.5,road_loopA_f0,road_loopA_f1,6339.2,6471.1,131.9,1302.9,35.6,1
4732,suv,4.8,road_loopA_r0,road_loopA_r1,6383.3,6472.4,89.1,1298.6,52.4,0
4707,car,4.5,road_loopA_f0,road_loopA_f1,6366.1,6472.6,106.5,1303.5,44.1,0
4712,car,4.5,road_loopA_r0,road_loopA_r1,6368.2,6475.1,106.9,1297.5,43.7,0
4733,car,4.5,road_loopA_r0,road_loopA_r1,6384.1,6475.1,91.0,1298.3,51.3,0
4716,car,4.5,road_loopA_f0,road_loopA_f1,6369.9,6475.4,105.5,1303.1,44.5,0
4694,suv,4.8,road_loopA_f0,road_loopA_f1,6350.7,6475.7,125.0,1303.7,37.5,1
4722,suv,4.8,road_loopA_r0,xloopA_0Bb,6375.7,6475.9,100.2,895.9,32.2,1
4677,car,4.5,road_loopA_f0,xloopA_0Ab,6334.9,6476.4,141.5,505.2,12.9,1
4723,suv,4.8,road_loopA_r0,road_loopA_r1,6376.3,6476.9,100.6,1298.4,46.5,0
4729,car,4.5,road_loopA_f0,road_loopA_f1,6381.7,6477.8,96.1,1302.9,48.8,0
4724,car,4.5,road_loopA_f0,road_loopA_f1,6377.2,6477.9,100.7,1304.1,46.6,0
4738,car,4.5,road_loopA_r0,xloopA_0Bb,6388.8,6478.5,89.7,895.7,35.9,1
4726,car,4.5,road_loopA_r0,road_loopA_r1,6378.3,6478.7,100.4,1298.5,46.6,0
4735,car,4.5,road_loopA_r0,road_loopA_r1,6387.2,6478.9,91.7,1297.6,50.9,0
4730,suv,4.8,road_loopA_r0,road_loopA_r1,6381.9,6480.4,98.5,1298.7,47.5,0
4753,suv,4.8,road_loopA_r0,xloopA_0Bb,6404.0,6481.3,77.3,895.9,41.7,0
4740,car,4.5,road_loopA_r0,road_loopA_r1,6392.0,6481.4,89.4,1298.3,52.3,0
4714,truck,8.5,road_loopA_f0,road_loopA_f1,6368.7,6481.5,112.8,1303.0,41.6,0
4736,car,4.5,road_loopA_r0,road_loopA_r1,6387.3,6482.1,94.8,1298.0,49.3,0
4737,car,4.5,road_loopA_f0,road_loopA_f1,6388.7,6482.5,93.8,1303.6,50.0,0
4746,car,4.5,road_loopA_r0,road_loopA_r1,6396.7,6485.7,89.0,1297.3,52.5,0
4720,truck,8.5,road_loopA_f0,road_loopA_f1,6373.4,6486.7,113.3,1303.5,41.4,0
4745,car,4.5,road_loopA_f0,road_loopA_f1,6396.5,6487.6,91.1,1302.8,51.5,0
4748,car,4.5,xloopA_0Ba,xloopA_0Bb,6397.4,6489.3,91.9,84.0,3.3,1
4734,car,4.5,xloopA_0Aa,xloopA_0Ab,6387.2,6489.9,102.7,84.1,2.9,1
4705,suv,4.8,road_loopA_f0,road_loopA_f1,6365.3,6491.0,125.7,1303.5,37.3,0
4757,car,4.5,xloopA_0Ba,xloopA_0Bb,6410.8,6491.4,80.6,84.1,3.8,1
4743,car,4.5,road_loopA_r0,road_loopA_r1,6395.5,6492.0,96.5,1298.3,48.4,0
4751,car,4.5,road_loopA_r0,road_loopA_r1,6401.1,6492.2,91.1,1297.8,51.3,0
4744,car,4.5,xloopA_0Aa,xloopA_0Ab,6396.2,6493.5,97.3,84.6,3.1,1
4772,car,4.5,xloopA_0Ba,xloopA_0Bb,6430.3,6494.0,63.7,84.7,4.8,1
4664,car,4.5,road_loopA_f0,road_loopA_f1,6320.5,6495.8,175.3,1303.9,26.8,1
4699,suv,4.8,road_loopA_f0,road_loopA_f1,6358.3,6496.8,138.5,1302.8,33.9,0
4755,car,4.5,xloopA_0Aa,xloopA_0Ab,6406.2,6497.0,90.8,84.3,3.3,0
4731,car,4.5,road_loopA_f0,road_loopA_f1,6382.6,6498.7,116.1,1303.1,40.4,0
4739,car,4.5,road_loopA_r0,road_loopA_r1,6390.0,6499.3,109.3,1298.1,42.7,0
4763,car,4.5,xloopA_0Aa,xloopA_0Ab,6419.6,6499.7,80.1,84.5,3.8,0
4696,car,4.5,road_loopA_f0,road_loopA_f1,6353.2,6500.4,147.2,1303.5,31.9,1
4704,car,4.5,xloopA_0Ba,road_loopA_f1,6364.8,6500.4,135.6,902.6,24.0,0
4812,car,4.5,xloopA_0Ba,xloopA_0Bb,6460.9,6501.1,40.2,84.1,7.5,0
4659,car,4.5,road_loopA_f0,road_loopA_f1,6314.5,6502.0,187.5,1302.9,25.0,1
4747,car,4.5,road_loopA_f0,road_loopA_f1,6397.2,6502.2,105.0,1303.1,44.7,0
4665,car,4.5,xloopA_0Ba,road_loopA_f1,6320.6,6502.3,181.7,902.7,17.9,0
4795,car,4.5,xloopA_0Aa,xloopA_0Ab,6447.2,6502.4,55.2,84.2,5.5,0
4663,car,4.5,road_loopA_f0,road_loopA_f1,6320.4,6503.7,183.3,1303.1,25.6,1
4672,car,4.5,road_loopA_f0,road_loopA_f1,6328.0,6503.9,175.9,1303.1,26.7,1
4847,car,4.5,xloopA_0Ba,xloopA_0Bb,6493.1,6504.0,10.9,84.7,28.0,0
4752,car,4.5,road_loopA_f0,road_loopA_f1,6403.4,6504.2,100.8,1303.0,46.5,0
4805,car,4.5,xloopA_0Aa,xloopA_0Ab,6455.2,6504.2,49.0,84.1,6.2,0
4666,car,4.5,road_loopA_f0,road_loopA_f1,6321.4,6505.5,184.1,1303.1,25.5,1
4711,car,4.5,road_loopA_f0,road_loopA_f1,6367.7,6505.6,137.9,1303.8,34.0,0
4806,car,4.5,xloopA_0Aa,xloopA_0Ab,6455.8,6506.0,50.2,84.4,6.1,0
4741,car,4.5,road_loopA_f0,road_loopA_f1,6393.3,6506.8,113.5,1303.3,41.3,0
4708,suv,4.8,road_loopA_f0,road_loopA_f1,6366.8,6507.2,140.4,1303.6,33.4,0
4670,car,4.5,road_loopA_f0,road_loopA_f1,6324.9,6507.3,182.4,1303.2,25.7,1
4727,car,4.5,road_loopA_f0,road_loopA_f1,6379.5,6508.7,129.2,1303.2,36.3,0
4678,suv,4.8,road_loopA_f0,road_loopA_f1,6335.0,6509.1,174.1,1303.9,27.0,1
4706,bus,11.0,road_loopA_f0,road_loopA_f1,6366.0,6509.3,143.3,1303.6,32.7,1
4684,truck,8.5,road_loopA_f0,road_loopA_f1,6340.1,6511.2,171.1,1302.9,27.4,1
4693,car,4.5,road_loopA_f0,road_loopA_f1,6349.1,6511.5,162.4,1303.0,28.9,1
4760,car,4.5,road_loopA_f0,road_loopA_f1,6414.3,6511.7,97.4,1303.9,48.2,0
4759,truck,8.5,road_loopA_f0,road_loopA_f1,6413.9,6514.1,100.2,1303.5,46.8,0
4767,suv,4.8,road_loopA_f0,road_loopA_f1,6424.7,6514.6,89.9,1303.4,52.2,0
4780,car,4.5,road_loopA_f0,xloopA_0Bb,6436.2,6519.0,82.8,478.7,20.8,1
4754,car,4.5,road_loopA_r0,xloopA_0Ab,6405.0,6519.1,114.1,869.1,27.4,2
4770,car,4.5,road_loopA_r0,xloopA_0Ab,6429.0,6522.8,93.8,869.2,33.4,1
97,tram,34.0,loopA,loopA,2233.7,6529.6,4295.9,33702.3,28.2,41
4766,car,4.5,road_loopA_f0,road_loopA_f1,6423.4,6532.5,109.1,1303.0,43.0,0
4671,bus,11.0,road_loopA_f0,road_loopA_f1,6326.4,6533.0,206.6,1303.0,22.7,3
4750,car,4.5,road_loopA_r0,road_loopA_r1,6400.0,6538.4,138.4,1298.1,33.8,1
4756,suv,4.8,road_loopA_r0,road_loopA_r1,6409.7,6539.0,129.3,1298.5,36.1,1
4768,car,4.5,road_loopA_r0,road_loopA_r1,6426.4,6540.1,113.7,1297.4,41.1,1
4778,suv,4.8,road_loopA_r0,road_loopA_r1,6433.3,6543.1,109.8,1298.6,42.6,1
4761,suv,4.8,road_loopA_r0,road_loopA_r1,6416.9,6546.5,129.6,1298.0,36.1,1
4773,car,4.5,road_loopA_r0,road_loopA_r1,6430.3,6548.2,117.9,1297.6,39.6,1
4764,car,4.5,road_loopA_r0,road_loopA_r1,6420.4,6549.2,128.8,1298.0,36.3,1
4762,suv,4.8,road_loopA_r0,road_loopA_r1,6417.9,6551.3,133.4,1298.3,35.0,1
4791,car,4.5,road_loopA_r0,road_loopA_r1,6444.9,6551.7,106.8,1298.0,43.8,0
4784,suv,4.8,road_loopA_r0,road_loopA_r1,6437.7,6552.4,114.7,1297.6,40.7,1
4758,car,4.5,xloopA_0Aa,road_loopA_r1,6413.8,6552.4,138.6,507.0,13.2,0
4787,car,4.5,road_loopA_r0,road_loopA_r1,6443.9,6554.4,110.5,1298.4,42.3,0
4781,car,4.5,road_loopA_r0,road_loopA_r1,6436.3,6554.8,118.5,1298.1,39.4,0
4785,car,4.5,road_loopA_r0,road_loopA_r1,6441.8,6555.6,113.8,1298.0,41.0,0
4749,bus,11.0,road_loopA_f0,road_loopA_f1,6397.7,6556.6,158.9,1303.2,29.5,2
4792,car,4.5,road_loopA_r0,road_loopA_r1,6445.1,6556.9,111.8,1297.5,41.8,0
4793,car,4.5,road_loopA_r0,road_loopA_r1,6445.4,6557.0,111.6,1297.8,41.9,0
4799,car,4.5,road_loopA_r0,road_loopA_r1,6448.8,6558.3,109.5,1297.7,42.7,0
4845,suv,4.8,road_loopA_r0,xloopA_0Ab,6491.7,6558.8,67.1,869.3,46.6,0
4794,truck,8.5,road_loopA_r0,road_loopA_r1,6445.7,6559.2,113.5,1298.2,41.2,0
4807,suv,4.8,road_loopA_r0,road_loopA_r1,6456.4,6560.1,103.7,1297.4,45.1,0
4797,suv,4.8,road_loopA_r0,road_loopA_r1,6448.0,6561.2,113.2,1297.8,41.3,0
4850,suv,4.8,road_loopA_r0,xloopA_0Ab,6493.8,6561.8,68.0,868.8,46.0,0
4765,car,4.5,road_loopA_r0,road_loopA_r1,6421.0,6563.1,142.1,1298.6,32.9,1
4804,car,4.5,road_loopA_r0,road_loopA_r1,6452.6,6563.1,110.5,1297.5,42.3,0
4769,car,4.5,xloopA_0Aa,road_loopA_r1,6428.4,6563.1,134.7,506.4,13.5,0
4796,car,4.5,road_loopA_r0,road_loopA_r1,6447.5,6564.0,116.5,1297.3,40.1,0
4809,car,4.5,road_loopA_r0,road_loopA_r1,6457.0,6564.8,107.8,1297.8,43.4,0
4775,car,4.5,road_loopA_f0,road_loopA_f1,6432.0,6564.9,132.9,1303.5,35.3,1
4783,car,4.5,road_loopA_f0,road_loopA_f1,6437.6,6565.2,127.6,1303.3,36.8,1
4782,car,4.5,road_loopA_r0,road_loopA_r1,6436.8,6565.4,128.6,1297.3,36.3,1
4817,car,4.5,road_loopA_r0,road_loopA_r1,6465.6,6565.7,100.1,1298.0,46.7,0
4814,suv,4.8,road_loopA_r0,road_loopA_r1,6462.9,6566.9,104.0,1298.4,44.9,0
4811,truck,8.5,road_loopA_r0,road_loopA_r1,6460.8,6567.8,107.0,1297.8,43.7,0
4823,car,4.5,road_loopA_r0,road_loopA_r1,6472.0,6568.0,96.0,1298.4,48.7,0
4821,car,4.5,road_loopA_r0,road_loopA_r1,6469.6,6569.8,100.2,1298.0,46.7,0
4827,car,4.5,road_loopA_r0,road_loopA_r1,6474.7,6569.9,95.2,1298.5,49.1,0
4800,suv,4.8,road_loopA_f0,road_loopA_f1,6450.2,6570.4,120.2,1303.2,39.0,1
4788,car,4.5,road_loopA_f0,road_loopA_f1,6444.2,6571.7,127.5,1303.6,36.8,1
4816,suv,4.8,road_loopA_r0,road_loopA_r1,6464.3,6572.1,107.8,1298.6,43.4,0
4813,suv,4.8,road_loopA_r0,road_loopA_r1,6461.6,6574.1,112.5,1297.3,41.5,0
4828,suv,4.8,road_loopA_r0,road_loopA_r1,6474.8,6574.7,99.9,1298.5,46.8,0
4820,car,4.5,road_loopA_r0,road_loopA_r1,6469.2,6575.8,106.6,1297.8,43.8,0
4790,car,4.5,road_loopA_f0,road_loopA_f1,6444.3,6577.6,133.3,1302.9,35.2,1
4832,truck,8.5,road_loopA_r0,road_loopA_r1,6480.5,6577.8,97.3,1297.5,48.0,0
4808,truck,8.5,road_loopA_f0,road_loopA_f1,6457.1,6577.9,120.8,1303.1,38.8,1
4802,car,4.5,road_loopA_f0,road_loopA_f1,6451.9,6578.7,126.8,1302.8,37.0,1
4839,car,4.5,road_loopA_r0,road_loopA_r1,6485.6,6580.2,94.6,1297.6,49.4,0
4815,suv,4.8,road_loopA_f0,road_loopA_f1,6462.9,6580.5,117.6,1303.6,39.9,1
4819,car,4.5,road_loopA_f0,road_loopA_f1,6468.9,6581.6,112.7,1303.2,41.6,1
4771,suv,4.8,road_loopA_r0,xloopA_0Bb,6429.7,6582.3,152.6,895.8,21.1,1
4846,suv,4.8,road_loopA_r0,road_loopA_r1,6492.7,6582.7,90.0,1297.3,51.9,0
4849,truck,8.5,road_loopA_f0,xloopA_0Ab,6493.1,6584.2,91.1,505.4,20.0,1
4826,truck,8.5,road_loopA_f0,road_loopA_f1,6473.9,6584.7,110.8,1303.4,42.4,0
4779,truck,8.5,road_loopA_r0,xloopA_0Bb,6434.0,6585.7,151.7,895.9,21.3,1
4853,car,4.5,road_loopA_r0,road_loopA_r1,6497.2,6586.2,89.0,1297.3,52.5,0
4830,suv,4.8,road_loopA_f0,road_loopA_f1,6477.0,6586.3,109.3,1303.7,43.0,0
4877,truck,8.5,road_loopA_f0,xloopA_0Ab,6528.1,6588.0,59.9,504.9,30.3,0
4803,truck,8.5,road_loopA_r0,xloopA_0Bb,6452.5,6589.4,136.9,895.4,23.5,1
4856,car,4.5,road_loopA_r0,road_loopA_r1,6501.2,6590.2,89.0,1297.3,52.5,0
4837,truck,8.5,road_loopA_f0,road_loopA_f1,6482.0,6590.3,108.3,1303.7,43.3,0
4884,car,4.5,road_loopA_f0,xloopA_0Ab,6542.2,6590.9,48.7,505.2,37.4,0
4843,car,4.5,road_loopA_f0,road_loopA_f1,6490.6,6592.3,101.7,1303.0,46.1,0
4834,car,4.5,road_loopA_r0,xloopA_0Bb,6481.5,6592.4,110.9,895.3,29.1,1
4858,car,4.5,road_loopA_r0,road_loopA_r1,6501.9,6592.4,90.5,1298.3,51.7,0
4831,truck,8.5,road_loopA_f0,road_loopA_f1,6477.5,6592.7,115.2,1303.3,40.7,0
4825,suv,4.8,road_loopA_r0,road_loopA_r1,6473.0,6592.9,119.9,1297.3,39.0,0
4842,car,4.5,road_loopA_f0,road_loopA_f1,6490.5,6593.3,102.8,1302.8,45.6,0
4860,car,4.5,road_loopA_f0,road_loopA_f1,6502.5,6594.9,92.4,1303.0,50.8,0
4840,car,4.5,road_loopA_f0,road_loopA_f1,6487.5,6595.2,107.7,1303.1,43.5,0
4852,truck,8.5,road_loopA_r0,road_loopA_r1,6497.0,6595.6,98.6,1297.5,47.4,0
4861,suv,4.8,road_loopA_r0,road_loopA_r1,6504.3,6596.2,91.9,1297.3,50.8,0
4841,suv,4.8,road_loopA_f0,road_loopA_f1,6487.8,6597.0,109.2,1303.9,43.0,0
4854,car,4.5,xloopA_0Aa,xloopA_0Ab,6497.4,6597.0,99.6,84.3,3.0,1
4848,suv,4.8,road_loopA_f0,road_loopA_f1,6493.2,6597.6,104.4,1303.4,44.9,0
4899,car,4.5,xloopA_0Ba,xloopA_0Bb,6556.9,6599.6,42.7,84.5,7.1,1
4835,suv,4.8,road_loopA_r0,road_loopA_r1,6481.6,6600.0,118.4,1297.9,39.5,0
4855,car,4.5,road_loopA_f0,road_loopA_f1,6498.6,6600.8,102.2,1303.4,45.9,0
4868,car,4.5,xloopA_0Aa,xloopA_0Ab,6513.1,6601.3,88.2,84.6,3.5,1
4857,suv,4.8,road_loopA_f0,road_loopA_f1,6501.6,6601.6,100.0,1303.5,46.9,0
4798,suv,4.8,road_loopA_f0,road_loopA_f1,6448.2,6602.6,154.4,1303.8,30.4,1
4912,car,4.5,xloopA_0Ba,xloopA_0Bb,6564.3,6602.7,38.4,84.5,7.9,1
4866,car,4.5,road_loopA_f0,road_loopA_f1,6510.9,6603.4,92.5,1304.2,50.8,0
4867,suv,4.8,road_loopA_f0,road_loopA_f1,6511.1,6605.2,94.1,1304.0,49.9,0
4742,car,4.5,xloopA_0Aa,road_loopA_f1,6394.9,6606.1,211.2,872.5,14.9,1
4896,car,4.5,xloopA_0Aa,xloopA_0Ab,6555.5,6606.3,50.8,84.1,6.0,0
4824,car,4.5,road_loopA_f0,road_loopA_f1,6472.3,6607.7,135.4,1303.0,34.6,0
4833,bus,11.0,road_loopA_f0,road_loopA_f1,6481.1,6609.1,128.0,1304.1,36.7,1
4822,bus,11.0,road_loopA_f0,road_loopA_f1,6470.5,6609.9,139.4,1303.1,33.7,1
4913,car,4.5,xloopA_0Aa,xloopA_0Ab,6565.7,6609.9,44.2,84.4,6.9,0
4851,car,4.5,road_loopA_f0,road_loopA_f1,6495.4,6611.2,115.8,1303.3,40.5,0
4789,car,4.5,road_loopA_f0,road_loopA_f1,6444.3,6611.5,167.2,1303.2,28.1,1
4810,truck,8.5,road_loopA_f0,road_loopA_f1,6460.3,6613.8,153.5,1303.1,30.6,1
4872,suv,4.8,road_loopA_f0,road_loopA_f1,6521.4,6613.8,92.4,1304.0,50.8,0
4829,suv,4.8,road_loopA_f0,road_loopA_f1,6475.0,6617.0,142.0,1303.6,33.0,0
4878,car,4.5,road_loopA_f0,road_loopA_f1,6528.3,6617.7,89.4,1302.9,52.4,0
4836,car,4.5,road_loopA_f0,road_loopA_f1,6482.0,6620.9,138.9,1302.9,33.8,0
4881,car,4.5,road_loopA_f0,road_loopA_f1,6532.3,6621.7,89.4,1303.4,52.5,0
4786,car,4.5,road_loopA_f0,road_loopA_f1,6442.9,6624.0,181.1,1303.8,25.9,1
4818,car,4.5,road_loopA_f0,road_loopA_f1,6467.9,6624.7,156.8,1303.5,29.9,1
4880,suv,4.8,road_loopA_f0,road_loopA_f1,6531.9,6625.6,93.7,1302.8,50.1,0
4777,car,4.5,road_loopA_f0,road_loopA_f1,6433.0,6626.2,193.2,1303.3,24.3,1
4879,suv,4.8,road_loopA_r0,xloopA_0Ab,6530.9,6627.6,96.7,869.3,32.4,1
4873,truck,8.5,road_loopA_f0,road_loopA_f1,6523.4,6628.6,105.2,1302.8,44.6,0
4801,car,4.5,xloopA_0Ba,road_loopA_f1,6451.0,6630.9,179.9,902.4,18.1,0
21,tram,34.0,loopB,loopB,2171.4,6631.7,4460.3,33673.5,27.2,42
4776,car,4.5,road_loopA_f0,road_loopA_f1,6432.0,6632.6,200.6,1303.6,23.4,1
4774,bus,11.0,road_loopA_f0,road_loopA_f1,6432.0,6637.1,205.1,1302.8,22.9,3
4938,suv,4.8,road_loopA_f0,xloopA_0Bb,6597.8,6638.0,40.2,479.1,42.9,0
4869,car,4.5,road_loopA_r0,road_loopA_r1,6516.8,6643.5,126.7,1297.3,36.8,1
4906,suv,4.8,road_loopA_r0,xloopA_0Ab,6561.1,6644.6,83.5,869.4,37.5,0
4871,suv,4.8,road_loopA_r0,road_loopA_r1,6520.7,6647.4,126.7,1298.5,36.9,1
4888,suv,4.8,road_loopA_r0,road_loopA_r1,6546.0,6648.5,102.5,1298.5,45.6,0
4892,car,4.5,road_loopA_r0,road_loopA_r1,6549.9,6651.8,101.9,1298.0,45.9,0
4902,truck,8.5,road_loopA_r0,road_loopA_r1,6558.2,6653.6,95.4,1297.3,48.9,0
4875,suv,4.8,road_loopA_r0,road_loopA_r1,6526.1,6655.0,128.9,1297.5,36.2,0
4905,car,4.5,road_loopA_r0,road_loopA_r1,6560.1,6655.7,95.6,1297.8,48.9,0
4870,truck,8.5,road_loopA_r0,road_loopA_r1,6518.7,6657.4,138.7,1297.3,33.7,1
4909,car,4.5,road_loopA_r0,road_loopA_r1,6562.9,6658.8,95.9,1297.6,48.7,0
4886,car,4.5,road_loopA_r0,road_loopA_r1,6544.8,6659.2,114.4,1297.5,40.8,1
4865,car,4.5,xloopA_0Aa,road_loopA_r1,6510.7,6659.8,149.1,507.1,12.2,1
4897,suv,4.8,road_loopA_r0,road_loopA_r1,6555.7,6660.5,104.8,1297.9,44.6,0
4911,car,4.5,road_loopA_r0,road_loopA_r1,6564.3,6662.5,98.2,1298.1,47.6,0
4874,car,4.5,road_loopA_r0,road_loopA_r1,6525.6,6662.6,137.0,1297.4,34.1,1
4924,car,4.5,xloopA_0Aa,road_loopA_r1,6583.3,6662.7,79.4,507.1,23.0,0
4887,car,4.5,road_loopA_r0,road_loopA_r1,6545.7,6663.4,117.7,1297.3,39.7,1
4917,car,4.5,road_loopA_r0,road_loopA_r1,6573.8,6664.3,90.5,1298.6,51.7,0
4889,car,4.5,road_loopA_r0,road_loopA_r1,6546.8,6664.4,117.6,1297.7,39.7,1
4864,truck,8.5,road_loopA_r0,road_loopA_r1,6510.1,6664.9,154.8,1297.5,30.2,1
4920,suv,4.8,road_loopA_r0,road_loopA_r1,6579.5,6669.1,89.6,1297.9,52.2,0
4885,suv,4.8,road_loopA_f0,road_loopA_f1,6543.1,6672.5,129.4,1304.0,36.3,1
4903,car,4.5,road_loopA_f0,road_loopA_f1,6558.3,6674.2,115.9,1302.8,40.5,1
4922,suv,4.8,road_loopA_r0,road_loopA_r1,6582.7,6674.2,91.5,1297.3,51.1,0
4977,car,4.5,road_loopA_f0,xloopA_0Bb,6634.5,6675.0,40.5,478.7,42.5,0
4914,car,4.5,road_loopA_f0,road_loopA_f1,6567.0,6676.5,109.5,1304.1,42.9,1
4928,car,4.5,road_loopA_r0,road_loopA_r1,6584.1,6677.3,93.2,1298.7,50.2,0
4908,car,4.5,road_loopA_r0,road_loopA_r1,6562.7,6679.5,116.8,1297.8,40.0,0
4883,car,4.5,road_loopA_f0,road_loopA_f1,6540.3,6679.8,139.5,1303.2,33.6,1
4921,car,4.5,road_loopA_r0,road_loopA_r1,6581.8,6679.9,98.1,1297.3,47.6,0
4915,suv,4.8,road_loopA_f0,road_loopA_f1,6570.4,6680.9,110.5,1303.9,42.5,1
4934,suv,4.8,road_loopA_r0,road_loopA_r1,6591.0,6681.7,90.7,1297.3,51.5,0
4876,bus,11.0,road_loopA_r0,road_loopA_r1,6526.1,6682.1,156.0,1297.4,29.9,1
4838,bus,11.0,road_loopA_r0,road_loopA_r1,6482.1,6682.4,200.3,1297.3,23.3,3
4982,truck,8.5,road_loopA_f0,xloopA_0Bb,6635.4,6682.8,47.4,478.6,36.3,0
4898,suv,4.8,road_loopA_f0,road_loopA_f1,6556.9,6683.3,126.4,1303.0,37.1,1
4933,car,4.5,road_loopA_r0,road_loopA_r1,6589.6,6684.1,94.5,1298.5,49.5,0
4930,car,4.5,road_loopA_r0,road_loopA_r1,6587.2,6684.3,97.1,1298.0,48.1,0
4923,car,4.5,road_loopA_f0,road_loopA_f1,6583.0,6685.1,102.1,1303.2,45.9,0
4929,car,4.5,road_loopA_r0,road_loopA_r1,6586.0,6685.7,99.7,1297.8,46.8,0
4936,suv,4.8,road_loopA_r0,road_loopA_r1,6592.0,6686.0,94.0,1298.2,49.7,0
4932,car,4.5,road_loopA_f0,road_loopA_f1,6589.5,6686.8,97.3,1303.2,48.2,0
4935,suv,4.8,road_loopA_r0,road_loopA_r1,6591.2,6689.6,98.4,1297.7,47.5,0
4945,car,4.5,road_loopA_r0,road_loopA_r1,6601.5,6691.2,89.7,1298.6,52.1,0
4947,car,4.5,road_loopA_r0,road_loopA_r1,6603.4,6692.8,89.4,1298.1,52.3,0
4940,car,4.5,road_loopA_f0,road_loopA_f1,6600.4,6694.1,93.7,1303.7,50.1,0
4931,car,4.5,road_loopA_f0,road_loopA_f1,6587.6,6694.7,107.1,1303.6,43.8,0
4950,car,4.5,road_loopA_r0,road_loopA_r1,6606.0,6695.1,89.1,1297.9,52.4,0
4946,suv,4.8,road_loopA_r0,road_loopA_r1,6601.8,6696.0,94.2,1298.0,49.6,0
4942,car,4.5,road_loopA_f0,road_loopA_f1,6600.5,6697.5,97.0,1303.0,48.4,0
4862,car,4.5,road_loopA_r0,xloopA_0Bb,6508.8,6698.0,189.2,895.4,17.0,1
4948,suv,4.8,road_loopA_f0,xloopA_0Ab,6604.3,6698.6,94.3,504.9,19.3,1
4925,truck,8.5,road_loopA_r0,road_loopA_r1,6583.3,6699.2,115.9,1297.3,40.3,0
4943,suv,4.8,road_loopA_f0,road_loopA_f1,6600.6,6700.1,99.5,1304.0,47.2,0
4859,suv,4.8,road_loopA_r0,xloopA_0Bb,6502.2,6700.7,198.5,895.9,16.3,1
4967,car,4.5,road_loopA_f0,xloopA_0Ab,6623.6,6701.2,77.6,504.9,23.4,1
4944,car,4.5,road_loopA_r0,road_loopA_r1,6600.6,6702.3,101.7,1297.9,45.9,0
4941,truck,8.5,road_loopA_f0,road_loopA_f1,6600.5,6702.4,101.9,1303.2,46.0,0
4863,car,4.5,road_loopA_r0,xloopA_0Bb,6509.3,6703.3,194.0,895.3,16.6,1
4954,car,4.5,road_loopA_f0,road_loopA_f1,6612.7,6704.2,91.5,1303.7,51.3,0
4907,truck,8.5,road_loopA_f0,road_loopA_f1,6561.6,6704.6,143.0,1303.3,32.8,1
4901,car,4.5,road_loopA_r0,xloopA_0Bb,6557.4,6706.0,148.6,895.5,21.7,1
4956,car,4.5,road_loopA_f0,road_loopA_f1,6615.1,6706.0,90.9,1303.3,51.6,0
4910,car,4.5,road_loopA_f0,road_loopA_f1,6564.1,6706.8,142.7,1302.9,32.9,1
4957,suv,4.8,road_loopA_f0,road_loopA_f1,6615.4,6707.9,92.5,1304.0,50.7,0
4916,car,4.5,road_loopA_f0,road_loopA_f1,6570.9,6708.6,137.7,1303.3,34.1,1
4919,car,4.5,road_loopA_r0,xloopA_0Bb,6579.5,6708.7,129.2,895.8,25.0,1
4961,car,4.5,road_loopA_f0,road_loopA_f1,6620.0,6709.7,89.7,1302.9,52.3,0
4958,truck,8.5,road_loopA_r0,road_loopA_r1,6617.6,6710.0,92.4,1298.3,50.6,0
4893,car,4.5,xloopA_0Aa,road_loopA_f1,6551.9,6711.9,160.0,872.1,19.6,0
4962,suv,4.8,road_loopA_r0,road_loopA_r1,6620.4,6712.0,91.6,1298.2,51.0,0
4894,car,4.5,road_loopA_f0,road_loopA_f1,6552.7,6713.1,160.4,1303.6,29.3,1
4966,car,4.5,road_loopA_r0,road_loopA_r1,6623.2,6713.8,90.6,1297.5,51.5,0
4939,car,4.5,road_loopA_f0,road_loopA_f1,6599.0,6713.9,114.9,1303.1,40.8,0
4951,car,4.5,road_loopA_f0,road_loopA_f1,6609.8,6714.1,104.3,1303.1,45.0,0
4971,car,4.5,xloopA_0Aa,xloopA_0Ab,6627.2,6714.8,87.6,84.2,3.5,1
4927,truck,8.5,road_loopA_f0,road_loopA_f1,6583.5,6714.9,131.4,1303.5,35.7,0
4952,car,4.5,xloopA_0Ba,xloopA_0Bb,6611.0,6715.4,104.4,84.0,2.9,1
4968,suv,4.8,road_loopA_r0,road_loopA_r1,6624.0,6715.7,91.7,1297.4,50.9,0
4955,suv,4.8,road_loopA_f0,road_loopA_f1,6613.8,6716.2,102.4,1303.4,45.8,0
4904,suv,4.8,road_loopA_f0,road_loopA_f1,6558.6,6717.3,158.7,1303.9,29.6,1
4953,car,4.5,road_loopA_r0,road_loopA_r1,6611.4,6717.3,105.9,1297.9,44.1,0
4992,car,4.5,xloopA_0Aa,xloopA_0Ab,6643.8,6717.9,74.1,84.2,4.1,1
4890,truck,8.5,road_loopA_f0,road_loopA_f1,6547.1,6718.9,171.8,1303.0,27.3,1
5019,car,4.5,xloopA_0Ba,xloopA_0Bb,6674.6,6719.0,44.4,84.3,6.8,1
4959,truck,8.5,road_loopA_r0,road_loopA_r1,6617.6,6719.4,101.8,1297.5,45.9,0
4964,truck,8.5,road_loopA_f0,road_loopA_f1,6621.2,6719.7,98.5,1303.1,47.6,0
5040,car,4.5,xloopA_0Ba,xloopA_0Bb,6686.2,6721.3,35.1,84.4,8.7,0
5041,car,4.5,xloopA_0Aa,xloopA_0Ab,6688.0,6722.9,34.9,84.4,8.7,0
4960,car,4.5,road_loopA_f0,road_loopA_f1,6618.8,6727.8,109.0,1303.1,43.0,0
4988,suv,4.8,road_loopA_f0,road_loopA_f1,6641.4,6733.5,92.1,1304.1,51.0,0
4900,bus,11.0,road_loopA_r0,road_loopA_r1,6557.0,6733.8,176.8,1297.4,26.4,2
4882,car,4.5,xloopA_0Ba,road_loopA_f1,6536.8,6735.4,198.6,902.9,16.4,1
4891,bus,11.0,road_loopA_f0,road_loopA_f1,6549.0,6737.5,188.5,1302.9,24.9,3
4990,car,4.5,road_loopA_f0,road_loopA_f1,6641.7,6737.7,96.0,1302.9,48.9,0
4993,suv,4.8,road_loopA_f0,road_loopA_f1,6646.1,6739.5,93.4,1302.8,50.2,0
4986,truck,8.5,road_loopA_f0,road_loopA_f1,6638.5,6740.5,102.0,1302.8,46.0,0
4994,car,4.5,road_loopA_f0,road_loopA_f1,6646.8,6740.6,93.8,1303.2,50.0,0
4991,car,4.5,road_loopA_f0,road_loopA_f1,6643.3,6741.5,98.2,1303.2,47.8,0
4989,car,4.5,road_loopA_f0,road_loopA_f1,6641.6,6742.5,100.9,1303.6,46.5,0
4970,car,4.5,road_loopA_r0,xloopA_0Ab,6627.0,6744.1,117.1,869.3,26.7,2
5029,car,4.5,road_loopA_f0,xloopA_0Bb,6678.5,6744.6,66.1,478.7,26.1,2
4996,car,4.5,road_loopA_f0,road_loopA_f1,6647.8,6746.1,98.3,1303.8,47.8,0
4999,suv,4.8,road_loopA_r0,xloopA_0Ab,6655.1,6756.0,100.9,869.5,31.0,1
4926,bus,11.0,road_loopA_f0,road_loopA_f1,6583.2,6759.1,175.9,1303.2,26.7,3
5036,car,4.5,road_loopA_r0,xloopA_0Ab,6684.3,6762.5,78.2,869.2,40.0,0
4973,suv,4.8,road_loopA_r0,road_loopA_r1,6631.0,6762.7,131.7,1297.7,35.5,1
4949,car,4.5,xloopA_0Ba,road_loopA_r1,6604.6,6762.8,158.2,476.9,10.9,1
4978,car,4.5,road_loopA_r0,road_loopA_r1,6634.6,6764.7,130.1,1298.0,35.9,1
4969,car,4.5,road_loopA_r0,road_loopA_r1,6625.9,6765.6,139.7,1297.8,33.4,1
4981,suv,4.8,road_loopA_r0,road_loopA_r1,6635.2,6766.1,130.9,1297.3,35.7,1
4979,car,4.5,road_loopA_r0,road_loopA_r1,6635.0,6769.1,134.1,1298.4,34.8,1
4972,truck,8.5,road_loopA_r0,road_loopA_r1,6627.4,6769.8,142.4,1298.2,32.8,1
4984,car,4.5,road_loopA_r0,road_loopA_r1,6637.4,6770.8,133.4,1297.5,35.0,1
4965,truck,8.5,road_loopA_r0,road_loopA_r1,6622.5,6772.6,150.1,1297.6,31.1,1
4983,car,4.5,road_loopA_r0,road_loopA_r1,6635.4,6773.3,137.9,1297.6,33.9,1
4987,car,4.5,road_loopA_r0,road_loopA_r1,6639.3,6773.3,134.0,1298.5,34.9,1
4980,truck,8.5,road_loopA_r0,road_loopA_r1,6635.0,6774.9,139.9,1297.8,33.4,1
5003,suv,4.8,road_loopA_r0,road_loopA_r1,6659.5,6775.2,115.7,1298.2,40.4,1
4985,suv,4.8,road_loopA_r0,road_loopA_r1,6637.7,6776.9,139.2,1297.5,33.5,1
5010,suv,4.8,road_loopA_r0,road_loopA_r1,6665.2,6777.0,111.8,1297.6,41.8,0
4995,suv,4.8,road_loopA_r0,road_loopA_r1,6647.0,6778.3,131.3,1298.2,35.6,1
5016,car,4.5,road_loopA_r0,road_loopA_r1,6672.9,6779.5,106.6,1297.8,43.8,0
4976,suv,4.8,road_loopA_r0,road_loopA_r1,6633.1,6780.4,147.3,1297.6,31.7,1
5023,car,4.5,road_loopA_r0,road_loopA_r1,6675.6,6781.2,105.6,1297.3,44.2,0
4998,car,4.5,road_loopA_r0,road_loopA_r1,6652.4,6781.3,128.9,1297.4,36.2,1
5006,car,4.5,road_loopA_r0,road_loopA_r1,6662.3,6782.1,119.8,1297.3,39.0,1
5005,car,4.5,road_loopA_r0,road_loopA_r1,6661.6,6783.0,121.4,1298.0,38.5,1
5025,car,4.5,road_loopA_r0,road_loopA_r1,6675.9,6783.1,107.2,1298.3,43.6,0
5038,suv,4.8,road_loopA_r0,road_loopA_r1,6685.3,6784.5,99.2,1297.3,47.1,0
5007,car,4.5,road_loopA_r0,road_loopA_r1,6664.7,6784.7,120.0,1298.1,38.9,1
5015,car,4.5,road_loopA_r0,road_loopA_r1,6672.4,6786.4,114.0,1297.6,41.0,0
5039,bus,11.0,road_loopA_r0,road_loopA_r1,6685.7,6786.5,100.8,1297.6,46.3,0
5020,car,4.5,road_loopA_r0,road_loopA_r1,6674.7,6787.6,112.9,1298.0,41.4,1
5001,car,4.5,road_loopA_f0,road_loopA_f1,6658.5,6788.1,129.6,1304.1,36.2,1
5024,car,4.5,road_loopA_r0,road_loopA_r1,6675.7,6789.2,113.5,1298.6,41.2,0
5033,car,4.5,road_loopA_r0,road_loopA_r1,6682.4,6789.5,107.1,1298.5,43.6,0
5049,car,4.5,road_loopA_r0,road_loopA_r1,6696.1,6790.5,94.4,1298.0,49.5,0
5037,car,4.5,road_loopA_r0,road_loopA_r1,6685.2,6791.3,106.1,1298.7,44.1,0
5012,suv,4.8,road_loopA_f0,road_loopA_f1,6670.6,6793.9,123.3,1303.4,38.1,1
5056,car,4.5,road_loopA_r0,road_loopA_r1,6700.6,6793.9,93.3,1298.4,50.1,0
5042,car,4.5,road_loopA_r0,road_loopA_r1,6689.8,6794.2,104.4,1298.6,44.8,0
5008,suv,4.8,road_loopA_f0,road_loopA_f1,6664.8,6795.0,130.2,1303.4,36.0,1
5034,car,4.5,road_loopA_r0,road_loopA_r1,6682.7,6795.6,112.9,1298.0,41.4,0
5059,car,4.5,road_loopA_r0,road_loopA_r1,6703.2,6796.5,93.3,1297.5,50.1,0
5045,car,4.5,road_loopA_r0,road_loopA_r1,6690.2,6797.0,106.8,1298.5,43.8,0
5026,car,4.5,road_loopA_f0,road_loopA_f1,6676.6,6797.1,120.5,1304.1,39.0,1
5053,car,4.5,road_loopA_r0,road_loopA_r1,6699.0,6797.2,98.2,1297.8,47.6,0
5051,car,4.5,road_loopA_r0,road_loopA_r1,6697.7,6798.7,101.0,1297.4,46.2,0
5032,car,4.5,road_loopA_f0,road_loopA_f1,6680.5,6799.3,118.8,1303.8,39.5,1
5060,car,4.5,road_loopA_r0,road_loopA_r1,6703.3,6799.3,96.0,1298.3,48.7,0
4937,car,4.5,road_loopA_r0,xloopA_0Bb,6593.0,6803.0,210.0,895.4,15.3,2
5067,suv,4.8,road_loopA_r0,road_loopA_r1,6707.3,6803.4,96.1,1297.5,48.6,0
5043,suv,4.8,road_loopA_f0,xloopA_0Ab,6690.1,6803.7,113.6,505.6,16.0,1
5030,car,4.5,road_loopA_f0,road_loopA_f1,6679.1,6804.1,125.0,1303.3,37.5,1
5070,suv,4.8,road_loopA_r0,road_loopA_r1,6707.8,6805.2,97.4,1298.2,48.0,0
4963,car,4.5,road_loopA_r0,xloopA_0Bb,6620.5,6805.6,185.1,895.4,17.4,1
5046,car,4.5,road_loopA_f0,road_loopA_f1,6690.8,6805.9,115.1,1302.8,40.7,1
4918,bus,11.0,road_loopA_r0,road_loopA_r1,6579.2,6806.0,226.8,1297.9,20.6,3
5074,suv,4.8,road_loopA_f0,road_loopA_f1,6709.5,6806.2,96.7,1303.5,48.5,0
5054,suv,4.8,road_loopA_f0,xloopA_0Ab,6699.6,6806.3,106.7,505.4,17.0,1
5075,car,4.5,road_loopA_r0,road_loopA_r1,6711.5,6806.3,94.8,1298.2,49.3,0
5077,suv,4.8,road_loopA_r0,road_loopA_r1,6713.4,6807.2,93.8,1298.5,49.9,0
5066,car,4.5,road_loopA_f0,road_loopA_f1,6707.3,6808.0,100.7,1304.0,46.6,0
4974,car,4.5,road_loopA_r0,xloopA_0Bb,6631.4,6808.3,176.9,895.7,18.2,1
5073,suv,4.8,road_loopA_r0,road_loopA_r1,6708.9,6808.5,99.6,1297.8,46.9,0
5086,car,4.5,road_loopA_f0,xloopA_0Ab,6729.0,6809.0,80.0,505.3,22.7,1
5078,suv,4.8,road_loopA_r0,road_loopA_r1,6717.6,6809.3,91.7,1298.3,51.0,0
5071,car,4.5,road_loopA_f0,road_loopA_f1,6708.2,6810.4,102.2,1304.1,45.9,0
5004,suv,4.8,road_loopA_r0,xloopA_0Bb,6659.7,6811.0,151.3,895.9,21.3,1
5081,car,4.5,road_loopA_r0,road_loopA_r1,6720.6,6811.0,90.4,1298.3,51.7,0
5087,car,4.5,road_loopA_f0,xloopA_0Ab,6730.6,6811.6,81.0,505.1,22.4,1
5014,car,4.5,road_loopA_r0,xloopA_0Bb,6671.5,6813.6,142.1,895.3,22.7,1
5062,suv,4.8,road_loopA_f0,road_loopA_f1,6705.3,6814.2,108.9,1303.0,43.1,0
5090,suv,4.8,road_loopA_f0,xloopA_0Ab,6734.1,6814.3,80.2,505.3,22.7,1
5068,suv,4.8,road_loopA_r0,road_loopA_r1,6707.6,6815.8,108.2,1298.3,43.2,0
5072,car,4.5,road_loopA_f0,road_loopA_f1,6708.7,6816.3,107.6,1303.9,43.6,0
5079,car,4.5,road_loopA_f0,road_loopA_f1,6719.9,6817.6,97.7,1303.6,48.0,0
5080,car,4.5,road_loopA_r0,road_loopA_r1,6720.5,6817.7,97.2,1297.5,48.0,0
5085,suv,4.8,road_loopA_f0,road_loopA_f1,6728.6,6819.3,90.7,1303.9,51.7,0
5120,car,4.5,xloopA_0Ba,xloopA_0Bb,6757.2,6819.6,62.4,84.4,4.9,1
5093,car,4.5,xloopA_0Aa,xloopA_0Ab,6736.2,6820.3,84.1,84.1,3.6,1
5147,car,4.5,xloopA_0Ba,xloopA_0Bb,6778.8,6821.8,43.0,84.4,7.1,1
5088,suv,4.8,road_loopA_f0,road_loopA_f1,6732.3,6822.3,90.0,1303.8,52.1,0
5065,car,4.5,road_loopA_r0,road_loopA_r1,6707.0,6822.7,115.7,1298.0,40.4,0
5091,suv,4.8,road_loopA_f0,road_loopA_f1,6735.4,6825.0,89.6,1303.9,52.4,0
4997,car,4.5,xloopA_0Aa,road_loopA_f1,6649.1,6825.3,176.2,872.6,17.8,0
5137,car,4.5,xloopA_0Aa,xloopA_0Ab,6774.1,6826.1,52.0,84.3,5.8,0
5084,car,4.5,road_loopA_f0,road_loopA_f1,6727.2,6827.7,100.5,1303.2,46.7,0
5096,car,4.5,road_loopA_f0,road_loopA_f1,6739.1,6829.5,90.4,1302.8,51.9,0
5057,car,4.5,xloopA_0Aa,road_loopA_f1,6701.2,6831.1,129.9,872.5,24.2,0
4975,car,4.5,xloopA_0Aa,road_loopA_f1,6631.7,6831.4,199.7,872.4,15.7,1
5095,suv,4.8,road_loopA_f0,road_loopA_f1,6737.4,6831.5,94.1,1303.1,49.9,0
5193,car,4.5,xloopA_0Aa,xloopA_0Ab,6817.7,6831.8,14.1,84.7,21.7,0
5000,car,4.5,road_loopA_f0,road_loopA_f1,6656.0,6833.5,177.5,1303.6,26.4,1
5055,car,4.5,xloopA_0Aa,road_loopA_f1,6700.6,6833.6,133.0,872.6,23.6,0
5082,car,4.5,road_loopA_f0,road_loopA_f1,6727.0,6834.5,107.5,1303.2,43.6,0
5002,car,4.5,road_loopA_f0,road_loopA_f1,6658.6,6835.9,177.3,1303.1,26.5,1
5027,car,4.5,road_loopA_f0,road_loopA_f1,6677.8,6837.4,159.6,1303.2,29.4,1
5063,car,4.5,xloopA_0Ba,road_loopA_f1,6705.7,6837.5,131.8,902.8,24.7,0
5009,suv,4.8,road_loopA_f0,road_loopA_f1,6664.8,6837.6,172.8,1304.1,27.2,1
5011,car,4.5,road_loopA_f0,road_loopA_f1,6666.1,6839.3,173.2,1304.1,27.1,1
5017,truck,8.5,road_loopA_f0,road_loopA_f1,6673.6,6839.7,166.1,1303.1,28.2,1
5048,car,4.5,road_loopA_f0,road_loopA_f1,6695.1,6840.1,145.0,1303.4,32.4,0
5018,suv,4.8,road_loopA_f0,road_loopA_f1,6674.2,6841.1,166.9,1303.9,28.1,1
5069,car,4.5,road_loopA_f0,road_loopA_f1,6707.6,6841.2,133.6,1302.8,35.1,0
5107,suv,4.8,road_loopA_r0,xloopA_0Ab,6747.4,6841.5,94.1,869.3,33.2,1
5013,car,4.5,road_loopA_f0,road_loopA_f1,6671.3,6841.7,170.4,1303.4,27.5,1
5031,suv,4.8,road_loopA_f0,road_loopA_f1,6679.1,6842.9,163.8,1303.9,28.7,1
5103,suv,4.8,road_loopA_f0,road_loopA_f1,6745.3,6843.0,97.7,1303.6,48.0,0
5061,car,4.5,road_loopA_f0,road_loopA_f1,6704.4,6843.5,139.1,1302.9,33.7,0
5044,car,4.5,road_loopA_f0,road_loopA_f1,6690.1,6844.6,154.5,1302.9,30.4,1
5113,suv,4.8,road_loopA_f0,road_loopA_f1,6751.8,6844.8,93.0,1303.8,50.5,0
5052,car,4.5,road_loopA_f0,road_loopA_f1,6698.4,6845.3,146.9,1304.0,32.0,0
5047,car,4.5,road_loopA_f0,road_loopA_f1,6693.2,6846.4,153.2,1303.2,30.6,1
5035,bus,11.0,road_loopA_r0,road_loopA_r1,6682.9,6847.2,164.3,1298.1,28.4,2
5076,car,4.5,road_loopA_f0,road_loopA_f1,6713.3,6847.5,134.2,1303.0,35.0,0
5050,car,4.5,road_loopA_f0,road_loopA_f1,6696.3,6848.2,151.9,1303.3,30.9,1
5102,suv,4.8,road_loopA_f0,road_loopA_f1,6745.2,6848.7,103.5,1303.9,45.3,0
5083,car,4.5,road_loopA_r0,xloopA_0Ab,6727.0,6848.8,121.8,869.0,25.7,2
5064,car,4.5,road_loopA_f0,road_loopA_f1,6706.8,6849.8,143.0,1303.4,32.8,0
5098,truck,8.5,road_loopA_f0,road_loopA_f1,6740.9,6851.1,110.2,1303.5,42.6,0
5176,car,4.5,road_loopA_f0,xloopA_0Bb,6805.3,6851.2,45.9,478.7,37.6,0
5106,suv,4.8,road_loopA_f0,road_loopA_f1,6746.7,6851.5,104.8,1303.0,44.8,0
5110,car,4.5,road_loopA_f0,road_loopA_f1,6750.0,6852.1,102.1,1303.5,46.0,0
5105,suv,4.8,road_loopA_f0,road_loopA_f1,6746.3,6853.2,106.9,1303.0,43.9,0
5126,truck,8.5,road_loopA_r0,xloopA_0Ab,6764.6,6855.1,90.5,869.2,34.6,0
5136,car,4.5,road_loopA_r0,xloopA_0Ab,6773.1,6858.4,85.3,869.0,36.7,0
5094,suv,4.8,road_loopA_r0,road_loopA_r1,6736.2,6867.2,131.0,1297.4,35.7,1
5099,car,4.5,road_loopA_r0,road_loopA_r1,6741.3,6869.1,127.8,1297.6,36.5,1
5109,car,4.5,road_loopA_r0,road_loopA_r1,6748.7,6869.2,120.5,1298.2,38.8,1
5100,car,4.5,road_loopA_r0,road_loopA_r1,6741.7,6872.0,130.3,1297.6,35.8,1
5112,car,4.5,xloopA_0Aa,road_loopA_r1,6751.1,6874.1,123.0,507.0,14.8,1
5089,suv,4.8,road_loopA_r0,road_loopA_r1,6733.8,6875.0,141.2,1297.3,33.1,1
5111,car,4.5,road_loopA_r0,road_loopA_r1,6750.7,6875.6,124.9,1297.3,37.4,1
5101,bus,11.0,road_loopA_f0,road_loopA_f1,6745.0,6876.4,131.4,1303.7,35.7,1
5119,suv,4.8,road_loopA_r0,road_loopA_r1,6755.4,6877.3,121.9,1297.4,38.3,1
5132,car,4.5,road_loopA_r0,road_loopA_r1,6770.6,6879.2,108.6,1297.9,43.0,1
5097,car,4.5,road_loopA_r0,road_loopA_r1,6739.8,6879.3,139.5,1297.5,33.5,1
5058,bus,11.0,road_loopA_f0,road_loopA_f1,6702.4,6880.8,178.4,1303.2,26.3,2
5135,car,4.5,road_loopA_r0,road_loopA_r1,6772.6,6881.4,108.8,1297.9,42.9,1
5140,car,4.5,road_loopA_r0,road_loopA_r1,6775.7,6882.8,107.1,1297.4,43.6,0
5116,car,4.5,xloopA_0Aa,road_loopA_r1,6754.4,6884.2,129.8,506.6,14.0,1
5167,suv,4.8,road_loopA_r0,road_loopA_r1,6795.4,6885.5,90.1,1298.4,51.9,0
5114,suv,4.8,road_loopA_r0,road_loopA_r1,6752.8,6885.9,133.1,1298.1,35.1,1
5195,car,4.5,xloopA_0Ba,road_loopA_r1,6823.3,6886.1,62.8,476.6,27.3,0
5117,car,4.5,road_loopA_r0,road_loopA_r1,6754.5,6887.5,133.0,1297.5,35.1,1
5108,car,4.5,road_loopA_r0,road_loopA_r1,6747.9,6887.7,139.8,1297.5,33.4,1
5164,car,4.5,road_loopA_r0,road_loopA_r1,6792.4,6888.3,95.9,1297.6,48.7,0
5122,suv,4.8,road_loopA_r0,road_loopA_r1,6758.8,6889.2,130.4,1297.5,35.8,1
5115,car,4.5,road_loopA_r0,road_loopA_r1,6753.1,6889.4,136.3,1298.2,34.3,1
5131,car,4.5,road_loopA_r0,road_loopA_r1,6769.0,6890.9,121.9,1297.8,38.3,0
5130,car,4.5,road_loopA_r0,road_loopA_r1,6768.3,6891.0,122.7,1297.7,38.1,1
5154,car,4.5,road_loopA_r0,road_loopA_r1,6786.8,6891.0,104.2,1298.3,44.9,0
5144,car,4.5,road_loopA_r0,road_loopA_r1,6777.5,6892.6,115.1,1298.1,40.6,0
5155,suv,4.8,road_loopA_r0,road_loopA_r1,6786.8,6892.7,105.9,1297.9,44.1,0
5128,car,4.5,road_loopA_f0,road_loopA_f1,6766.6,6893.2,126.6,1304.0,37.1,1
5163,suv,4.8,road_loopA_r0,road_loopA_r1,6792.0,6893.3,101.3,1298.5,46.1,0
5152,suv,4.8,road_loopA_r0,road_loopA_r1,6785.9,6894.3,108.4,1298.1,43.1,0
5151,truck,8.5,road_loopA_r0,road_loopA_r1,6784.9,6895.2,110.3,1297.8,42.4,0
5177,car,4.5,road_loopA_r0,road_loopA_r1,6806.5,6895.5,89.0,1298.5,52.5,0
5157,car,4.5,road_loopA_r0,road_loopA_r1,6787.8,6896.1,108.3,1298.4,43.2,0
5133,suv,4.8,road_loopA_f0,road_loopA_f1,6770.9,6896.6,125.7,1304.0,37.4,1
5174,car,4.5,road_loopA_r0,road_loopA_r1,6803.0,6897.2,94.2,1298.1,49.6,0
5165,car,4.5,road_loopA_r0,road_loopA_r1,6793.2,6897.8,104.6,1297.5,44.7,0
5179,car,4.5,road_loopA_r0,road_loopA_r1,6807.7,6898.9,91.2,1298.4,51.2,0
5139,suv,4.8,road_loopA_f0,road_loopA_f1,6774.3,6899.6,125.3,1302.9,37.4,1
5172,suv,4.8,road_loopA_r0,road_loopA_r1,6801.6,6899.6,98.0,1297.8,47.7,0
5181,car,4.5,road_loopA_r0,road_loopA_r1,6810.6,6900.3,89.7,1297.9,52.1,0
5184,car,4.5,road_loopA_r0,road_loopA_r1,6811.9,6901.8,89.9,1297.9,52.0,0
5187,car,4.5,road_loopA_r0,road_loopA_r1,6813.0,6903.5,90.5,1298.0,51.7,0
5146,car,4.5,road_loopA_f0,road_loopA_f1,6778.5,6904.0,125.5,1303.5,37.4,1
5207,suv,4.8,road_loopA_r0,xloopA_0Ab,6831.0,6904.0,73.0,869.5,42.9,0
5190,suv,4.8,road_loopA_r0,road_loopA_r1,6813.8,6905.1,91.3,1298.4,51.2,0
5138,car,4.5,road_loopA_f0,road_loopA_f1,6774.2,6905.2,131.0,1304.0,35.8,1
5148,suv,4.8,road_loopA_f0,road_loopA_f1,6781.0,6906.8,125.8,1304.0,37.3,0
5240,car,4.5,road_loopA_f0,xloopA_0Bb,6860.1,6907.0,46.9,478.8,36.8,0
5202,suv,4.8,road_loopA_r0,xloopA_0Ab,6829.6,6907.4,77.8,869.3,40.2,0
5150,car,4.5,road_loopA_f0,road_loopA_f1,6785.0,6908.4,123.4,1303.2,38.0,1
5243,car,4.5,road_loopA_f0,xloopA_0Bb,6866.8,6910.0,43.2,478.8,39.9,0
5129,car,4.5,road_loopA_f0,road_loopA_f1,6767.0,6910.4,143.4,1303.5,32.7,1
5188,car,4.5,road_loopA_r0,road_loopA_r1,6813.5,6911.8,98.3,1297.8,47.5,0
5143,car,4.5,road_loopA_f0,road_loopA_f1,6777.0,6912.7,135.7,1303.0,34.6,1
5180,suv,4.8,road_loopA_r0,road_loopA_r1,6809.3,6912.8,103.5,1298.3,45.1,0
5145,suv,4.8,road_loopA_f0,road_loopA_f1,6777.6,6914.7,137.1,1303.2,34.2,1
5182,truck,8.5,road_loopA_r0,road_loopA_r1,6811.0,6914.9,103.9,1297.6,44.9,0
5156,car,4.5,road_loopA_f0,road_loopA_f1,6787.3,6915.7,128.4,1303.0,36.5,1
5199,car,4.5,road_loopA_r0,road_loopA_r1,6825.7,6916.1,90.4,1298.4,51.7,0
5124,car,4.5,road_loopA_f0,road_loopA_f1,6761.3,6916.6,155.3,1303.7,30.2,1
5168,car,4.5,road_loopA_f0,road_loopA_f1,6795.5,6917.5,122.0,1304.1,38.5,1
5200,car,4.5,road_loopA_r0,road_loopA_r1,6826.6,6917.5,90.9,1297.7,51.4,0
5185,car,4.5,road_loopA_r0,road_loopA_r1,6812.8,6918.5,105.7,1297.3,44.2,0
5092,suv,4.8,road_loopA_f0,xloopA_0Ab,6735.9,6920.8,184.9,505.2,9.8,2
5121,bus,11.0,road_loopA_r0,road_loopA_r1,6758.7,6920.8,162.1,1298.2,28.8,2
5021,truck,8.5,road_loopA_r0,xloopA_0Bb,6674.6,6921.6,247.0,895.7,13.1,2
5125,car,4.5,road_loopA_f0,road_loopA_f1,6764.2,6921.6,157.4,1303.4,29.8,1
5162,car,4.5,road_loopA_f0,road_loopA_f1,6790.0,6921.7,131.7,1303.3,35.6,1
5170,suv,4.8,road_loopA_f0,road_loopA_f1,6800.1,6922.3,122.2,1302.8,38.4,1
5104,car,4.5,road_loopA_f0,xloopA_0Ab,6745.6,6923.4,177.8,505.0,10.2,2
5160,car,4.5,road_loopA_f0,road_loopA_f1,6789.8,6923.4,133.6,1303.6,35.1,1
5028,suv,4.8,road_loopA_r0,xloopA_0Bb,6678.3,6924.6,246.3,895.8,13.1,2
5196,truck,8.5,road_loopA_r0,road_loopA_r1,6824.4,6925.0,100.6,1298.2,46.4,0
5123,car,4.5,road_loopA_f0,road_loopA_f1,6760.6,6925.3,164.7,1303.1,28.5,1
5118,car,4.5,road_loopA_f0,xloopA_0Ab,6755.0,6926.1,171.1,505.2,10.6,2
5173,car,4.5,road_loopA_f0,road_loopA_f1,6802.5,6926.2,123.7,1302.9,37.9,0
5208,suv,4.8,road_loopA_r0,road_loopA_r1,6831.3,6926.5,95.2,1298.2,49.1,0
5022,car,4.5,road_loopA_r0,xloopA_0Bb,6675.6,6927.3,251.7,895.8,12.8,1
5141,truck,8.5,road_loopA_f0,road_loopA_f1,6776.7,6927.5,150.8,1302.9,31.1,1
5201,car,4.5,road_loopA_r0,road_loopA_r1,6829.4,6927.9,98.5,1297.8,47.5,0
5169,car,4.5,road_loopA_f0,xloopA_0Ab,6796.8,6928.8,132.0,505.4,13.8,1
5203,car,4.5,road_loopA_r0,road_loopA_r1,6829.9,6929.0,99.1,1297.7,47.2,0
5210,car,4.5,road_loopA_r0,road_loopA_r1,6834.4,6929.2,94.8,1297.9,49.3,0
5186,car,4.5,road_loopA_f0,road_loopA_f1,6813.0,6929.5,116.5,1303.6,40.3,0
5192,car,4.5,road_loopA_r0,xloopA_0Bb,6817.7,6929.9,112.2,895.5,28.7,1
5159,car,4.5,xloopA_0Aa,road_loopA_f1,6789.1,6930.6,141.5,872.6,22.2,0
5216,car,4.5,road_loopA_r0,road_loopA_r1,6839.1,6930.7,91.6,1298.3,51.0,0
5205,car,4.5,road_loopA_f0,road_loopA_f1,6830.1,6931.5,101.4,1303.2,46.3,0
5220,car,4.5,road_loopA_r0,road_loopA_r1,6841.6,6932.5,90.9,1298.3,51.4,0
5161,car,4.5,road_loopA_f0,road_loopA_f1,6790.0,6932.8,142.8,1303.3,32.9,1
5189,car,4.5,road_loopA_f0,road_loopA_f1,6813.7,6933.2,119.5,1303.4,39.3,0
5178,car,4.5,road_loopA_f0,road_loopA_f1,6806.6,6933.4,126.8,1303.6,37.0,0
5218,car,4.5,road_loopA_r0,road_loopA_r1,6840.3,6933.4,93.1,1298.2,50.2,0
5225,suv,4.8,road_loopA_r0,road_loopA_r1,6844.7,6934.2,89.5,1297.9,52.2,0
5191,car,4.5,road_loopA_f0,road_loopA_f1,6815.9,6935.1,119.2,1303.4,39.3,0
5166,suv,4.8,road_loopA_f0,road_loopA_f1,6793.6,6935.4,141.8,1303.8,33.1,1
5229,car,4.5,xloopA_0Ba,xloopA_0Bb,6850.2,6936.2,86.0,84.6,3.5,1
5221,suv,4.8,road_loopA_r0,road_loopA_r1,6843.0,6936.6,93.6,1298.0,49.9,0
5226,car,4.5,road_loopA_r0,road_loopA_r1,6846.7,6938.3,91.6,1297.4,51.0,0
5183,car,4.5,road_loopA_f0,road_loopA_f1,6811.6,6938.5,126.9,1303.5,37.0,0
5259,car,4.5,xloopA_0Aa,xloopA_0Ab,6878.2,6939.9,61.7,84.7,4.9,1
5171,car,4.5,road_loopA_f0,road_loopA_f1,6801.2,6940.3,139.1,1303.1,33.7,0
5204,car,4.5,road_loopA_f0,road_loopA_f1,6830.0,6941.0,111.0,1302.9,42.3,0
5283,car,4.5,xloopA_0Aa,xloopA_0Ab,6901.2,6941.9,40.7,84.1,7.4,0
5212,truck,8.5,road_loopA_f0,road_loopA_f1,6835.9,6943.1,107.2,1303.4,43.8,0
5215,car,4.5,road_loopA_f0,road_loopA_f1,6837.8,6943.9,106.1,1303.5,44.2,0
5219,car,4.5,road_loopA_f0,road_loopA_f1,6841.6,6945.1,103.5,1303.5,45.3,0
5209,car,4.5,road_loopA_f0,road_loopA_f1,6833.7,6945.6,111.9,1303.8,41.9,0
5224,car,4.5,road_loopA_f0,road_loopA_f1,6844.1,6946.8,102.7,1302.9,45.7,0
5213,car,4.5,road_loopA_f0,road_loopA_f1,6836.1,6947.5,111.4,1304.0,42.1,0
5231,car,4.5,road_loopA_f0,road_loopA_f1,6852.4,6948.6,96.2,1303.5,48.8,0
5227,car,4.5,road_loopA_f0,road_loopA_f1,6847.2,6949.2,102.0,1302.8,46.0,0
5230,suv,4.8,road_loopA_f0,road_loopA_f1,6850.1,6949.4,99.3,1303.1,47.3,0
5236,suv,4.8,road_loopA_f0,road_loopA_f1,6856.7,6950.4,93.7,1303.8,50.1,0
5175,suv,4.8,road_loopA_f0,road_loopA_f1,6804.7,6951.6,146.9,1303.7,31.9,0
5228,car,4.5,road_loopA_f0,road_loopA_f1,6847.3,6952.2,104.9,1303.9,44.8,0
5217,suv,4.8,road_loopA_f0,road_loopA_f1,6839.3,6953.4,114.1,1304.2,41.1,0
5238,car,4.5,road_loopA_f0,road_loopA_f1,6859.4,6953.8,94.4,1302.9,49.7,0
5223,truck,8.5,road_loopA_f0,road_loopA_f1,6843.9,6955.6,111.7,1304.1,42.0,0
5234,truck,8.5,road_loopA_f0,road_loopA_f1,6854.4,6956.6,102.2,1303.2,45.9,0
5267,car,4.5,road_loopA_f0,xloopA_0Bb,6883.3,6957.1,73.8,478.6,23.3,1
5214,suv,4.8,road_loopA_f0,road_loopA_f1,6836.3,6957.8,121.5,1303.4,38.6,0
5244,car,4.5,road_loopA_f0,road_loopA_f1,6867.0,6959.0,92.0,1303.6,51.0,0
5246,car,4.5,road_loopA_f0,road_loopA_f1,6867.8,6960.7,92.9,1303.6,50.5,0
5211,car,4.5,road_loopA_f0,road_loopA_f1,6834.8,6960.8,126.0,1304.1,37.3,0
5197,car,4.5,road_loopA_r0,xloopA_0Ab,6825.3,6962.9,137.6,869.0,22.7,3
5247,car,4.5,road_loopA_f0,road_loopA_f1,6868.3,6963.7,95.4,1303.5,49.2,0
5206,car,4.5,road_loopA_f0,road_loopA_f1,6830.2,6967.1,136.9,1302.8,34.2,0
5142,car,4.5,xloopA_0Aa,road_loopA_f1,6776.8,6970.0,193.2,872.1,16.3,0
5198,car,4.5,road_loopA_f0,road_loopA_f1,6825.5,6970.5,145.0,1303.2,32.3,0
5127,bus,11.0,road_loopA_f0,road_loopA_f1,6765.2,6971.0,205.8,1302.9,22.8,3
5134,suv,4.8,road_loopA_f0,road_loopA_f1,6772.2,6971.7,199.5,1303.3,23.5,1
5242,car,4.5,road_loopA_f0,road_loopA_f1,6861.0,6972.4,111.4,1303.1,42.1,0
5149,car,4.5,road_loopA_f0,road_loopA_f1,6782.9,6973.4,190.5,1303.2,24.6,1
5158,suv,4.8,road_loopA_f0,road_loopA_f1,6789.0,6973.4,184.4,1303.7,25.5,1
5153,truck,8.5,road_loopA_f0,road_loopA_f1,6786.8,6975.7,188.9,1303.5,24.8,1
5241,suv,4.8,road_loopA_r0,road_loopA_r1,6860.1,6980.6,120.5,1298.5,38.8,1
5237,car,4.5,road_loopA_r0,road_loopA_r1,6858.5,6985.3,126.8,1298.3,36.9,1
5233,car,4.5,road_loopA_r0,road_loopA_r1,6854.1,6991.3,137.2,1297.9,34.0,1
5252,car,4.5,road_loopA_r0,road_loopA_r1,6875.7,6991.8,116.1,1297.3,40.2,1
5266,suv,4.8,road_loopA_r0,road_loopA_r1,6881.9,6994.2,112.3,1297.9,41.6,1
5287,car,4.5,xloopA_0Ba,road_loopA_r1,6904.6,6995.1,90.5,476.8,19.0,1
5284,car,4.5,road_loopA_r0,xloopA_0Ab,6902.1,6996.5,94.4,869.1,33.1,1
5268,car,4.5,road_loopA_r0,road_loopA_r1,6884.1,6997.2,113.1,1297.7,41.3,1
5279,suv,4.8,road_loopA_r0,road_loopA_r1,6896.5,6998.9,102.4,1297.4,45.6,0
5239,car,4.5,xloopA_0Aa,road_loopA_r1,6860.0,7000.0,140.0,506.5,13.0,1
5286,suv,4.8,road_loopA_r0,road_loopA_r1,6904.4,7001.0,96.6,1297.4,48.3,0
5295,car,4.5,xloopA_0Aa,road_loopA_r1,6915.6,7002.0,86.4,506.8,21.1,0
5313,car,4.5,xloopA_0Ba,road_loopA_r1,6935.3,7002.3,67.0,476.3,25.6,0
5290,suv,4.8,road_loopA_r0,road_loopA_r1,6911.9,7002.6,90.7,1297.6,51.5,0
5249,car,4.5,road_loopA_r0,road_loopA_r1,6871.9,7003.7,131.8,1297.3,35.4,1
5232,car,4.5,road_loopA_r0,road_loopA_r1,6853.0,7004.0,151.0,1297.6,30.9,1
5250,car,4.5,road_loopA_r0,road_loopA_r1,6873.0,7005.4,132.4,1297.6,35.3,1
5296,car,4.5,road_loopA_r0,road_loopA_r1,6916.3,7005.4,89.1,1298.5,52.5,0
5235,car,4.5,road_loopA_r0,road_loopA_r1,6856.3,7006.0,149.7,1297.4,31.2,0
5261,car,4.5,road_loopA_r0,road_loopA_r1,6878.6,7007.1,128.5,1297.6,36.4,1
5255,car,4.5,road_loopA_f0,road_loopA_f1,6876.1,7007.8,131.7,1303.2,35.6,1
5248,suv,4.8,road_loopA_r0,road_loopA_r1,6871.8,7007.9,136.1,1298.3,34.3,0
5280,car,4.5,road_loopA_r0,road_loopA_r1,6898.3,7008.1,109.8,1297.6,42.5,0
5263,suv,4.8,road_loopA_r0,road_loopA_r1,6880.3,7009.0,128.7,1298.4,36.3,0
5292,car,4.5,road_loopA_r0,road_loopA_r1,6913.9,7009.1,95.2,1297.4,49.1,0
5251,car,4.5,road_loopA_r0,road_loopA_r1,6874.2,7009.8,135.6,1298.0,34.5,0
5285,car,4.5,road_loopA_r0,road_loopA_r1,6904.3,7010.7,106.4,1297.5,43.9,0
5254,truck,8.5,road_loopA_r0,road_loopA_r1,6876.0,7012.0,136.0,1297.3,34.3,0
5293,truck,8.5,road_loopA_r0,road_loopA_r1,6914.0,7012.9,98.9,1297.9,47.3,0
5269,car,4.5,road_loopA_r0,road_loopA_r1,6889.1,7013.0,123.9,1297.9,37.7,0
5265,car,4.5,road_loopA_f0,road_loopA_f1,6881.2,7013.6,132.4,1302.9,35.4,1
5272,suv,4.8,road_loopA_r0,road_loopA_r1,6892.6,7014.1,121.5,1298.6,38.5,0
5262,car,4.5,road_loopA_f0,road_loopA_f1,6879.7,7014.3,134.6,1303.9,34.9,1
5270,suv,4.8,road_loopA_f0,road_loopA_f1,6889.9,7015.1,125.2,1303.7,37.5,1
5302,car,4.5,road_loopA_r0,road_loopA_r1,6925.9,7016.0,90.1,1298.6,51.9,0
5271,car,4.5,road_loopA_r0,road_loopA_r1,6891.1,7017.3,126.2,1297.7,37.0,0
5256,car,4.5,road_loopA_f0,road_loopA_f1,6876.2,7019.0,142.8,1303.3,32.9,1
5257,car,4.5,road_loopA_f0,road_loopA_f1,6876.5,7021.1,144.6,1303.7,32.5,1
5308,suv,4.8,road_loopA_r0,road_loopA_r1,6931.8,7021.3,89.5,1297.5,52.2,0
5273,suv,4.8,road_loopA_f0,road_loopA_f1,6892.9,7022.8,129.9,1303.1,36.1,1
5278,suv,4.8,road_loopA_f0,road_loopA_f1,6896.4,7023.2,126.8,1302.8,37.0,1
5312,car,4.5,road_loopA_r0,road_loopA_r1,6933.8,7024.2,90.4,1297.6,51.7,0
5291,car,4.5,road_loopA_f0,road_loopA_f1,6912.7,7024.9,112.2,1303.6,41.8,1
5297,suv,4.8,road_loopA_r0,road_loopA_r1,6917.4,7024.9,107.5,1297.4,43.5,0
5275,car,4.5,road_loopA_f0,road_loopA_f1,6894.7,7025.7,131.0,1303.9,35.8,1
5315,car,4.5,road_loopA_r0,road_loopA_r1,6936.0,7026.0,90.0,1297.4,51.9,0
5264,car,4.5,road_loopA_f0,road_loopA_f1,6881.2,7026.4,145.2,1303.0,32.3,1
5301,suv,4.8,road_loopA_f0,road_loopA_f1,6925.2,7026.8,101.6,1303.8,46.2,0
5294,car,4.5,road_loopA_r0,road_loopA_r1,6915.2,7026.9,111.7,1297.8,41.8,0
5319,car,4.5,road_loopA_r0,road_loopA_r1,6937.4,7027.8,90.4,1298.0,51.7,0
5299,car,4.5,road_loopA_r0,road_loopA_r1,6923.8,7028.5,104.7,1297.3,44.6,0
5282,suv,4.8,road_loopA_f0,road_loopA_f1,6900.4,7029.0,128.6,1303.1,36.5,1
5298,suv,4.8,road_loopA_f0,road_loopA_f1,6922.6,7029.0,106.4,1303.6,44.1,0
5309,car,4.5,road_loopA_f0,road_loopA_f1,6932.3,7030.0,97.7,1303.0,48.0,0
5307,car,4.5,road_loopA_r0,road_loopA_r1,6931.8,7030.3,98.5,1298.5,47.5,0
5277,car,4.5,road_loopA_f0,road_loopA_f1,6896.2,7030.9,134.7,1303.9,34.8,1
5326,car,4.5,road_loopA_r0,road_loopA_r1,6943.9,7032.8,88.9,1297.3,52.5,0
5300,truck,8.5,road_loopA_f0,road_loopA_f1,6925.1,7033.0,107.9,1303.9,43.5,0
5306,suv,4.8,road_loopA_f0,road_loopA_f1,6931.6,7033.1,101.5,1303.4,46.2,0
5222,car,4.5,xloopA_0Aa,road_loopA_f1,6843.6,7034.7,191.1,872.7,16.4,1
5318,suv,4.8,road_loopA_f0,road_loopA_f1,6937.5,7034.8,97.3,1304.0,48.2,0
5194,car,4.5,road_loopA_r0,xloopA_0Bb,6821.2,7035.0,213.8,895.4,15.1,2
5276,car,4.5,road_loopA_f0,xloopA_0Ab,6895.8,7035.6,139.8,505.0,13.0,1
5303,truck,8.5,road_loopA_f0,road_loopA_f1,6927.6,7036.3,108.7,1303.7,43.2,0
5274,car,4.5,road_loopA_f0,road_loopA_f1,6893.4,7036.4,143.0,1303.8,32.8,1
5324,car,4.5,road_loopA_f0,road_loopA_f1,6941.4,7036.7,95.3,1303.0,49.2,0
5245,suv,4.8,road_loopA_r0,xloopA_0Bb,6867.2,7037.7,170.5,895.9,18.9,1
5281,car,4.5,road_loopA_f0,road_loopA_f1,6899.9,7038.0,138.1,1302.9,34.0,1
5289,car,4.5,road_loopA_f0,xloopA_0Ab,6907.9,7038.2,130.3,505.0,14.0,1
5288,suv,4.8,road_loopA_f0,road_loopA_f1,6906.9,7039.3,132.4,1303.5,35.5,1
5330,truck,8.5,road_loopA_r0,road_loopA_r1,6949.7,7039.3,89.6,1298.3,52.2,0
5253,suv,4.8,road_loopA_r0,xloopA_0Bb,6875.8,7040.4,164.6,895.9,19.6,1
5328,car,4.5,road_loopA_f0,xloopA_0Ab,6945.4,7040.9,95.5,505.3,19.0,1
5305,car,4.5,road_loopA_f0,road_loopA_f1,6930.8,7041.1,110.3,1303.0,42.5,0
5311,truck,8.5,road_loopA_f0,road_loopA_f1,6933.6,7041.3,107.7,1304.0,43.6,0
5331,suv,4.8,road_loopA_r0,road_loopA_r1,6951.1,7042.1,91.0,1298.1,51.4,0
5314,truck,8.5,road_loopA_f0,road_loopA_f1,6935.9,7042.8,106.9,1303.7,43.9,0
5258,suv,4.8,road_loopA_r0,xloopA_0Bb,6878.0,7043.1,165.1,895.8,19.5,1
5316,car,4.5,road_loopA_f0,road_loopA_f1,6936.6,7043.3,106.7,1303.5,44.0,0
5321,car,4.5,road_loopA_f0,road_loopA_f1,6939.7,7044.0,104.3,1304.1,45.0,0
5334,car,4.5,road_loopA_r0,road_loopA_r1,6954.6,7044.7,90.1,1297.4,51.8,0
5317,truck,8.5,road_loopA_r0,road_loopA_r1,6936.6,7045.3,108.7,1297.6,43.0,0
5322,car,4.5,road_loopA_f0,road_loopA_f1,6939.7,7045.5,105.8,1304.0,44.4,0
5260,car,4.5,road_loopA_r0,xloopA_0Bb,6878.4,7045.8,167.4,895.8,19.3,1
5340,car,4.5,road_loopA_f0,road_loopA_f1,6958.6,7048.2,89.6,1303.1,52.4,0
5335,car,4.5,road_loopA_f0,road_loopA_f1,6955.3,7049.3,94.0,1304.0,50.0,0
5337,car,4.5,road_loopA_f0,road_loopA_f1,6957.2,7050.7,93.5,1303.5,50.2,0
5333,car,4.5,road_loopA_r0,road_loopA_r1,6954.5,7052.4,97.9,1298.3,47.8,0
5343,suv,4.8,road_loopA_f0,road_loopA_f1,6962.4,7052.4,90.0,1304.1,52.2,0
5327,car,4.5,xloopA_0Ba,xloopA_0Bb,6944.0,7052.5,108.5,84.4,2.8,1
5336,car,4.5,road_loopA_r0,road_loopA_r1,6955.4,7054.1,98.7,1298.3,47.3,0
5345,car,4.5,road_loopA_f0,road_loopA_f1,6963.2,7054.2,91.0,1303.1,51.6,0
5341,car,4.5,xloopA_0Ba,xloopA_0Bb,6959.4,7055.3,95.9,84.1,3.2,1
5359,car,4.5,xloopA_0Aa,xloopA_0Ab,6972.3,7055.5,83.2,84.3,3.6,1
5347,car,4.5,road_loopA_f0,road_loopA_f1,6963.7,7056.0,92.3,1303.6,50.9,0
5385,car,4.5,xloopA_0Ba,xloopA_0Bb,6992.8,7057.3,64.5,84.1,4.7,1
5329,bus,11.0,road_loopA_r0,road_loopA_r1,6947.6,7057.6,110.0,1297.8,42.5,0
5381,car,4.5,xloopA_0Aa,xloopA_0Ab,6989.4,7059.0,69.6,84.5,4.4,0
5344,suv,4.8,road_loopA_f0,road_loopA_f1,6963.2,7060.1,96.9,1303.9,48.4,0
637,tram,34.0,loopA,loopA,2713.7,7060.3,4346.6,33703.3,27.9,40
5411,car,4.5,xloopA_0Aa,xloopA_0Ab,7013.2,7061.0,47.8,84.4,6.4,0
5320,car,4.5,road_loopA_f0,road_loopA_f1,6938.1,7061.1,123.0,1302.8,38.1,0
5352,car,4.5,road_loopA_f0,road_loopA_f1,6969.1,7063.9,94.8,1303.4,49.5,0
5429,car,4.5,xloopA_0Aa,xloopA_0Ab,7024.8,7064.3,39.5,84.2,7.7,0
5358,car,4.5,road_loopA_f0,road_loopA_f1,6971.8,7069.9,98.1,1303.5,47.8,0
5361,car,4.5,road_loopA_f0,road_loopA_f1,6974.5,7070.8,96.3,1302.8,48.7,0
5348,truck,8.5,road_loopA_f0,road_loopA_f1,6967.0,7072.8,105.8,1303.4,44.3,0
5371,suv,4.8,road_loopA_f0,road_loopA_f1,6981.6,7074.0,92.4,1303.6,50.8,0
5374,car,4.5,road_loopA_f0,road_loopA_f1,6984.6,7076.4,91.8,1303.6,51.1,0
5366,car,4.5,road_loopA_f0,road_loopA_f1,6977.4,7076.7,99.3,1303.8,47.3,0
5436,car,4.5,road_loopA_f0,xloopA_0Bb,7033.6,7079.8,46.2,478.7,37.3,1
561,tram,34.0,loopB,loopB,2651.4,7080.9,4429.5,33672.4,27.4,40
5323,car,4.5,road_loopA_r0,xloopA_0Ab,6940.2,7081.6,141.4,869.2,22.1,3
5349,suv,4.8,road_loopA_f0,road_loopA_f1,6968.1,7083.2,115.1,1303.2,40.8,0
5377,car,4.5,road_loopA_f0,road_loopA_f1,6987.5,7083.3,95.8,1304.1,49.0,0
5338,suv,4.8,road_loopA_r0,xloopA_0Ab,6958.5,7085.3,126.8,869.3,24.7,2
5383,car,4.5,road_loopA_r0,xloopA_0Ab,6990.8,7091.6,100.8,869.2,31.0,1
5342,truck,8.5,road_loopA_f0,road_loopA_f1,6961.5,7097.1,135.6,1303.6,34.6,0
5461,car,4.5,road_loopA_f0,xloopA_0Bb,7059.9,7099.8,39.9,478.6,43.1,0
5353,suv,4.8,road_loopA_r0,road_loopA_r1,6969.4,7102.5,133.1,1297.3,35.1,1
5465,suv,4.8,road_loopA_f0,xloopA_0Bb,7063.2,7103.1,39.9,479.2,43.2,0
5346,suv,4.8,road_loopA_r0,road_loopA_r1,6963.3,7103.9,140.6,1297.3,33.2,1
5339,car,4.5,road_loopA_r0,road_loopA_r1,6958.6,7105.6,147.0,1297.7,31.8,1
5365,suv,4.8,road_loopA_r0,road_loopA_r1,6977.2,7105.6,128.4,1297.7,36.4,1
5350,car,4.5,xloopA_0Aa,road_loopA_r1,6969.0,7106.4,137.4,506.6,13.3,1
5372,car,4.5,road_loopA_r0,road_loopA_r1,6981.8,7107.3,125.5,1297.5,37.2,1
5375,car,4.5,road_loopA_r0,road_loopA_r1,6985.6,7108.5,122.9,1298.0,38.0,1
5446,car,4.5,xloopA_0Aa,road_loopA_r1,7041.2,7108.9,67.7,506.8,27.0,0
5369,car,4.5,road_loopA_r0,road_loopA_r1,6980.5,7109.9,129.4,1297.4,36.1,1
5354,car,4.5,road_loopA_r0,road_loopA_r1,6970.4,7110.6,140.2,1298.5,33.3,1
5362,car,4.5,road_loopA_r0,road_loopA_r1,6975.1,7111.2,136.1,1298.2,34.3,1
5380,suv,4.8,road_loopA_r0,road_loopA_r1,6989.3,7111.8,122.5,1298.2,38.1,1
5368,suv,4.8,road_loopA_r0,road_loopA_r1,6980.1,7112.3,132.2,1298.4,35.4,1
5384,truck,8.5,road_loopA_r0,road_loopA_r1,6990.9,7114.4,123.5,1298.4,37.8,1
5351,truck,8.5,road_loopA_r0,road_loopA_r1,6969.0,7116.2,147.2,1297.7,31.7,1
5389,car,4.5,road_loopA_r0,road_loopA_r1,6994.2,7116.4,122.2,1297.9,38.2,1
5378,truck,8.5,road_loopA_r0,road_loopA_r1,6987.5,7118.6,131.1,1297.7,35.6,1
5398,suv,4.8,road_loopA_r0,road_loopA_r1,7002.2,7118.7,116.5,1298.6,40.1,1
5382,car,4.5,road_loopA_r0,road_loopA_r1,6990.0,7120.6,130.6,1298.0,35.8,1
5399,car,4.5,road_loopA_r0,road_loopA_r1,7002.6,7121.3,118.7,1297.4,39.3,1
5414,car,4.5,xloopA_0Ba,road_loopA_r1,7017.6,7121.3,103.7,476.7,16.5,0
5386,suv,4.8,road_loopA_r0,road_loopA_r1,6993.2,7122.4,129.2,1298.3,36.2,1
5405,car,4.5,road_loopA_r0,road_loopA_r1,7010.9,7122.6,111.7,1298.6,41.9,0
5356,car,4.5,road_loopA_r0,road_loopA_r1,6971.3,7122.9,151.6,1297.4,30.8,1
5390,car,4.5,road_loopA_r0,road_loopA_r1,6995.5,7124.2,128.7,1297.9,36.3,1
5370,car,4.5,road_loopA_r0,road_loopA_r1,6981.0,7124.6,143.6,1297.6,32.5,1
5409,car,4.5,road_loopA_r0,road_loopA_r1,7012.5,7125.5,113.0,1297.3,41.3,0
5355,car,4.5,road_loopA_r0,road_loopA_r1,6970.9,7126.3,155.4,1298.1,30.1,1
5413,car,4.5,road_loopA_r0,road_loopA_r1,7015.5,7126.4,110.9,1298.3,42.1,0
5395,car,4.5,road_loopA_r0,road_loopA_r1,7000.6,7127.0,126.4,1297.8,37.0,0
5367,truck,8.5,road_loopA_r0,road_loopA_r1,6978.9,7128.5,149.6,1297.5,31.2,1
5407,car,4.5,road_loopA_r0,road_loopA_r1,7011.3,7128.7,117.4,1297.5,39.8,0
5394,suv,4.8,road_loopA_f0,xloopA_0Ab,6999.6,7129.2,129.6,505.4,14.0,1
5379,car,4.5,road_loopA_f0,road_loopA_f1,6989.1,7129.4,140.3,1303.0,33.4,1
5422,suv,4.8,road_loopA_r0,road_loopA_r1,7019.9,7129.4,109.5,1298.2,42.7,0
5304,truck,8.5,road_loopA_r0,xloopA_0Bb,6930.5,7130.0,199.5,895.8,16.2,2
5393,car,4.5,road_loopA_r0,road_loopA_r1,6999.0,7130.5,131.5,1297.6,35.5,1
5410,truck,8.5,road_loopA_r0,road_loopA_r1,7012.8,7130.9,118.1,1297.8,39.6,0
5404,car,4.5,road_loopA_f0,xloopA_0Ab,7010.4,7131.8,121.4,505.1,15.0,1
5418,car,4.5,road_loopA_r0,road_loopA_r1,7018.4,7132.2,113.8,1297.6,41.1,0
5424,suv,4.8,road_loopA_r0,road_loopA_r1,7021.0,7132.2,111.2,1298.6,42.0,0
5310,car,4.5,road_loopA_r0,xloopA_0Bb,6932.5,7132.9,200.4,895.4,16.1,2
5417,suv,4.8,road_loopA_r0,road_loopA_r1,7018.4,7132.9,114.5,1297.4,40.8,0
5408,car,4.5,road_loopA_f0,xloopA_0Ab,7012.6,7134.4,121.8,505.0,14.9,1
5421,suv,4.8,road_loopA_r0,road_loopA_r1,7019.8,7134.8,115.0,1298.1,40.6,0
5325,car,4.5,road_loopA_r0,xloopA_0Bb,6943.7,7135.6,191.9,895.6,16.8,2
5428,car,4.5,road_loopA_r0,road_loopA_r1,7024.8,7135.6,110.8,1297.3,42.1,0
5450,car,4.5,road_loopA_r0,road_loopA_r1,7045.3,7135.6,90.3,1297.5,51.8,0
5432,suv,4.8,road_loopA_r0,road_loopA_r1,7026.2,7136.6,110.4,1297.5,42.3,0
5444,suv,4.8,road_loopA_r0,road_loopA_r1,7040.4,7137.4,97.0,1298.4,48.2,0
5441,car,4.5,road_loopA_r0,road_loopA_r1,7036.6,7138.3,101.7,1297.2,45.9,0
5360,truck,8.5,road_loopA_r0,xloopA_0Bb,6973.3,7139.0,165.7,895.3,19.5,1
5451,car,4.5,road_loopA_r0,road_loopA_r1,7045.7,7139.2,93.5,1297.4,50.0,0
5455,suv,4.8,road_loopA_r0,road_loopA_r1,7048.8,7140.1,91.3,1298.6,51.2,0
5400,car,4.5,road_loopA_f0,road_loopA_f1,7004.7,7140.5,135.8,1303.6,34.5,1
5445,car,4.5,road_loopA_r0,road_loopA_r1,7040.9,7140.8,99.9,1297.9,46.8,0
5376,truck,8.5,road_loopA_f0,road_loopA_f1,6986.3,7141.2,154.9,1303.1,30.3,1
5457,car,4.5,road_loopA_r0,road_loopA_r1,7050.5,7141.8,91.3,1298.0,51.2,0
5453,suv,4.8,road_loopA_r0,road_loopA_r1,7047.8,7141.9,94.1,1297.4,49.7,0
5396,suv,4.8,road_loopA_f0,road_loopA_f1,7000.8,7143.2,142.4,1303.6,33.0,1
5493,car,4.5,xloopA_0Aa,xloopA_0Ab,7092.0,7143.4,51.4,84.7,5.9,1
5475,car,4.5,xloopA_0Ba,xloopA_0Bb,7072.7,7144.7,72.0,84.5,4.2,1
5420,suv,4.8,road_loopA_f0,road_loopA_f1,7019.3,7145.2,125.9,1304.0,37.3,1
5402,suv,4.8,road_loopA_f0,road_loopA_f1,7009.6,7147.7,138.1,1303.4,34.0,1
5430,car,4.5,road_loopA_f0,road_loopA_f1,7025.1,7148.2,123.1,1303.9,38.1,1
5434,car,4.5,road_loopA_f0,road_loopA_f1,7029.4,7148.9,119.5,1303.3,39.3,1
5499,car,4.5,xloopA_0Aa,xloopA_0Ab,7094.2,7149.1,54.9,84.3,5.5,1
5442,car,4.5,road_loopA_f0,road_loopA_f1,7038.6,7150.7,112.1,1303.1,41.8,0
5490,car,4.5,xloopA_0Ba,xloopA_0Bb,7088.5,7151.5,63.0,84.1,4.8,0
5439,car,4.5,road_loopA_f0,road_loopA_f1,7035.3,7152.5,117.2,1303.9,40.1,0
5545,car,4.5,xloopA_0Aa,xloopA_0Ab,7141.0,7152.5,11.5,84.3,26.4,0
5527,car,4.5,xloopA_0Ba,xloopA_0Bb,7123.8,7154.2,30.4,84.6,10.0,0
5546,car,4.5,xloopA_0Aa,xloopA_0Ab,7141.9,7154.6,12.7,84.3,23.9,0
5427,car,4.5,road_loopA_f0,road_loopA_f1,7024.8,7156.2,131.4,1303.5,35.7,1
5392,car,4.5,road_loopA_f0,road_loopA_f1,6998.7,7157.2,158.5,1303.2,29.6,1
5443,car,4.5,road_loopA_f0,road_loopA_f1,7038.8,7158.0,119.2,1303.4,39.4,0
5544,car,4.5,xloopA_0Ba,xloopA_0Bb,7140.6,7158.0,17.4,84.8,17.5,0
5447,suv,4.8,road_loopA_f0,road_loopA_f1,7044.2,7160.0,115.8,1303.9,40.6,0
5373,car,4.5,xloopA_0Aa,road_loopA_f1,6984.2,7161.6,177.4,872.3,17.7,0
5454,car,4.5,road_loopA_f0,road_loopA_f1,7048.4,7161.7,113.3,1303.9,41.4,0
5388,suv,4.8,road_loopA_f0,road_loopA_f1,6994.1,7161.8,167.7,1303.4,28.0,1
5464,car,4.5,road_loopA_f0,road_loopA_f1,7063.0,7163.5,100.5,1303.3,46.7,0
5416,car,4.5,road_loopA_f0,road_loopA_f1,7018.1,7164.3,146.2,1303.9,32.1,1
5469,car,4.5,road_loopA_f0,road_loopA_f1,7066.4,7165.3,98.9,1303.8,47.5,0
5425,car,4.5,road_loopA_f0,road_loopA_f1,7021.2,7166.0,144.8,1303.6,32.4,1
5332,car,4.5,xloopA_0Aa,road_loopA_f1,6953.3,7166.5,213.2,872.3,14.7,1
5467,car,4.5,road_loopA_f0,road_loopA_f1,7063.7,7167.1,103.4,1303.8,45.4,0
5415,suv,4.8,road_loopA_f0,road_loopA_f1,7018.0,7167.8,149.8,1303.9,31.3,1
5470,suv,4.8,road_loopA_f0,road_loopA_f1,7068.1,7168.9,100.8,1303.8,46.5,0
5419,suv,4.8,road_loopA_f0,road_loopA_f1,7018.9,7169.7,150.8,1303.0,31.1,1
5476,car,4.5,road_loopA_f0,road_loopA_f1,7073.6,7170.7,97.1,1303.6,48.3,0
5403,suv,4.8,road_loopA_f0,road_loopA_f1,7010.1,7171.5,161.4,1303.3,29.1,1
5458,car,4.5,road_loopA_f0,road_loopA_f1,7055.5,7172.5,117.0,1303.4,40.1,0
5406,truck,8.5,road_loopA_f0,road_loopA_f1,7011.1,7174.0,162.9,1303.6,28.8,1
5518,car,4.5,road_loopA_f0,xloopA_0Bb,7110.6,7174.0,63.4,478.8,27.2,2
5426,car,4.5,xloopA_0Ba,road_loopA_f1,7023.2,7175.0,151.8,902.7,21.4,0
5423,suv,4.8,road_loopA_f0,road_loopA_f1,7020.4,7175.5,155.1,1303.3,30.3,1
5387,car,4.5,road_loopA_f0,road_loopA_f1,6993.8,7176.6,182.8,1302.9,25.7,1
5437,car,4.5,road_loopA_f0,road_loopA_f1,7035.0,7177.1,142.1,1303.5,33.0,0
5468,car,4.5,road_loopA_f0,road_loopA_f1,7065.4,7177.3,111.9,1303.7,41.9,0
5391,car,4.5,road_loopA_f0,road_loopA_f1,6998.6,7178.5,179.9,1303.8,26.1,1
5449,car,4.5,road_loopA_f0,road_loopA_f1,7045.0,7179.0,134.0,1303.5,35.0,0
5459,suv,4.8,road_loopA_f0,road_loopA_f1,7055.7,7179.3,123.6,1304.0,38.0,0
5397,car,4.5,road_loopA_f0,road_loopA_f1,7000.9,7180.2,179.3,1302.8,26.2,1
5456,suv,4.8,road_loopA_f0,road_loopA_f1,7049.1,7180.8,131.7,1303.5,35.6,0
5401,car,4.5,road_loopA_f0,road_loopA_f1,7007.8,7182.0,174.2,1303.3,26.9,1
5471,car,4.5,road_loopA_f0,road_loopA_f1,7068.3,7183.3,115.0,1303.7,40.8,0
5452,car,4.5,road_loopA_f0,road_loopA_f1,7047.4,7183.6,136.2,1303.5,34.5,0
5440,car,4.5,road_loopA_f0,road_loopA_f1,7036.3,7183.7,147.4,1303.6,31.8,0
5448,car,4.5,road_loopA_f0,road_loopA_f1,7044.9,7185.5,140.6,1303.0,33.4,0
5462,suv,4.8,road_loopA_r0,road_loopA_r1,7061.3,7191.7,130.4,1297.5,35.8,1
5466,car,4.5,road_loopA_r0,road_loopA_r1,7063.2,7193.4,130.2,1298.5,35.9,1
5473,car,4.5,road_loopA_r0,road_loopA_r1,7071.2,7197.1,125.9,1297.3,37.1,1
5477,car,4.5,road_loopA_r0,road_loopA_r1,7073.7,7199.0,125.3,1297.6,37.3,1
5482,car,4.5,road_loopA_r0,road_loopA_r1,7080.7,7200.7,120.0,1297.6,38.9,1
5506,car,4.5,xloopA_0Ba,road_loopA_r1,7097.4,7202.7,105.3,476.5,16.3,0
5478,suv,4.8,road_loopA_r0,road_loopA_r1,7074.0,7203.0,129.0,1298.7,36.2,1
5460,car,4.5,road_loopA_r0,road_loopA_r1,7059.7,7205.4,145.7,1297.3,32.1,1
5479,car,4.5,road_loopA_r0,road_loopA_r1,7077.7,7206.2,128.5,1298.1,36.4,1
5543,car,4.5,xloopA_0Ba,road_loopA_r1,7140.6,7207.2,66.6,476.7,25.8,0
5488,car,4.5,road_loopA_r0,road_loopA_r1,7087.3,7207.6,120.3,1298.5,38.9,1
5463,suv,4.8,road_loopA_r0,road_loopA_r1,7061.7,7209.4,147.7,1298.2,31.6,1
5500,car,4.5,road_loopA_r0,road_loopA_r1,7094.3,7210.4,116.1,1298.1,40.3,1
5483,car,4.5,road_loopA_r0,road_loopA_r1,7083.6,7210.7,127.1,1297.5,36.7,1
5438,bus,11.0,road_loopA_f0,road_loopA_f1,7035.2,7211.9,176.7,1303.2,26.6,2
5494,car,4.5,road_loopA_r0,road_loopA_r1,7092.4,7212.5,120.1,1298.2,38.9,1
5504,car,4.5,road_loopA_r0,road_loopA_r1,7096.9,7212.9,116.0,1298.3,40.3,0
5480,car,4.5,xloopA_0Ba,road_loopA_r1,7078.1,7213.9,135.8,476.4,12.6,1
5516,car,4.5,road_loopA_r0,road_loopA_r1,7108.5,7214.0,105.5,1298.0,44.3,0
5514,car,4.5,road_loopA_r0,road_loopA_r1,7107.8,7215.0,107.2,1297.3,43.6,0
5472,truck,8.5,road_loopA_r0,road_loopA_r1,7070.6,7216.2,145.6,1297.9,32.1,1
5503,car,4.5,road_loopA_r0,road_loopA_r1,7096.7,7217.1,120.4,1297.3,38.8,0
5481,truck,8.5,road_loopA_r0,road_loopA_r1,7080.5,7218.7,138.2,1297.5,33.8,1
5485,car,4.5,road_loopA_f0,road_loopA_f1,7085.4,7219.5,134.1,1303.2,35.0,1
5491,car,4.5,road_loopA_r0,road_loopA_r1,7089.4,7220.1,130.7,1298.2,35.8,0
5524,truck,8.5,road_loopA_r0,road_loopA_r1,7123.0,7220.3,97.3,1298.1,48.0,0
5487,car,4.5,road_loopA_r0,road_loopA_r1,7086.8,7220.8,134.0,1297.8,34.9,1
5519,suv,4.8,road_loopA_r0,road_loopA_r1,7114.4,7221.8,107.4,1297.5,43.5,0
5489,car,4.5,road_loopA_r0,road_loopA_r1,7087.5,7222.6,135.1,1297.4,34.6,1
5533,car,4.5,road_loopA_r0,road_loopA_r1,7130.0,7223.1,93.1,1298.4,50.2,0
5528,car,4.5,road_loopA_r0,road_loopA_r1,7123.8,7223.6,99.8,1297.4,46.8,0
5498,car,4.5,road_loopA_f0,road_loopA_f1,7094.1,7223.8,129.7,1304.1,36.2,1
5509,suv,4.8,road_loopA_r0,road_loopA_r1,7100.1,7224.4,124.3,1298.0,37.6,0
5525,car,4.5,road_loopA_r0,road_loopA_r1,7123.2,7225.1,101.9,1297.5,45.8,0
5520,car,4.5,road_loopA_r0,road_loopA_r1,7117.5,7225.5,108.0,1298.3,43.3,0
5507,car,4.5,road_loopA_r0,road_loopA_r1,7099.5,7226.2,126.7,1297.9,36.9,0
5536,car,4.5,road_loopA_r0,road_loopA_r1,7136.0,7226.6,90.6,1297.7,51.6,0
5511,car,4.5,road_loopA_f0,road_loopA_f1,7101.0,7227.0,126.0,1303.8,37.3,1
5517,car,4.5,road_loopA_r0,road_loopA_r1,7109.5,7227.9,118.4,1297.5,39.5,0
5541,car,4.5,road_loopA_r0,road_loopA_r1,7138.7,7228.2,89.5,1297.6,52.2,0
5538,car,4.5,road_loopA_r0,xloopA_0Ab,7137.4,7229.5,92.1,869.0,34.0,1
5534,suv,4.8,road_loopA_r0,road_loopA_r1,7131.1,7229.8,98.7,1298.2,47.4,0
5501,car,4.5,road_loopA_f0,road_loopA_f1,7094.6,7230.1,135.5,1303.2,34.6,1
5474,bus,11.0,road_loopA_r0,road_loopA_r1,7071.3,7232.4,161.1,1297.4,29.0,2
5508,car,4.5,road_loopA_f0,road_loopA_f1,7100.1,7234.5,134.4,1303.5,34.9,1
5502,car,4.5,road_loopA_f0,road_loopA_f1,7095.3,7235.4,140.1,1303.6,33.5,1
5496,truck,8.5,road_loopA_f0,road_loopA_f1,7093.1,7237.6,144.5,1303.7,32.5,1
5526,suv,4.8,road_loopA_f0,road_loopA_f1,7123.5,7237.8,114.3,1303.8,41.1,0
5548,suv,4.8,road_loopA_r0,road_loopA_r1,7147.0,7238.0,91.0,1297.5,51.3,0
5542,car,4.5,road_loopA_f0,road_loopA_f1,7140.5,7239.5,99.0,1302.9,47.4,0
5486,car,4.5,xloopA_0Ba,road_loopA_f1,7085.9,7240.1,154.2,902.3,21.1,1
5497,suv,4.8,road_loopA_f0,road_loopA_f1,7093.8,7240.9,147.1,1303.1,31.9,1
5540,car,4.5,road_loopA_f0,road_loopA_f1,7137.6,7241.3,103.7,1303.8,45.3,0
5549,suv,4.8,road_loopA_f0,road_loopA_f1,7147.6,7243.1,95.5,1303.6,49.1,0
5505,car,4.5,road_loopA_f0,road_loopA_f1,7097.3,7243.3,146.0,1302.9,32.1,1
5555,car,4.5,road_loopA_f0,road_loopA_f1,7153.4,7244.8,91.4,1303.0,51.3,0
5513,suv,4.8,road_loopA_f0,road_loopA_f1,7106.7,7245.5,138.8,1303.5,33.8,1
5363,suv,4.8,road_loopA_r0,xloopA_0Bb,6975.8,7245.9,270.1,895.8,11.9,2
5495,car,4.5,xloopA_0Aa,road_loopA_f1,7092.8,7246.4,153.6,872.1,20.4,1
5529,car,4.5,road_loopA_f0,xloopA_0Ab,7125.6,7246.4,120.8,505.2,15.1,1
5552,car,4.5,road_loopA_f0,road_loopA_f1,7151.4,7246.6,95.2,1302.9,49.3,0
5539,car,4.5,road_loopA_f0,road_loopA_f1,7137.6,7247.2,109.6,1303.0,42.8,0
5535,truck,8.5,road_loopA_r0,road_loopA_r1,7135.7,7247.6,111.9,1298.3,41.8,0
5484,car,4.5,road_loopA_f0,road_loopA_f1,7085.0,7248.1,163.1,1304.0,28.8,1
5557,suv,4.8,road_loopA_f0,road_loopA_f1,7154.0,7248.4,94.4,1302.8,49.7,0
5364,car,4.5,road_loopA_r0,xloopA_0Bb,6977.2,7248.5,271.3,895.5,11.9,2
5530,car,4.5,road_loopA_f0,xloopA_0Ab,7126.2,7249.0,122.8,505.2,14.8,1
5551,truck,8.5,road_loopA_f0,road_loopA_f1,7148.9,7249.3,100.4,1303.0,46.7,0
5492,car,4.5,road_loopA_f0,road_loopA_f1,7089.7,7249.7,160.0,1303.6,29.3,1
5558,car,4.5,road_loopA_f0,road_loopA_f1,7155.8,7250.6,94.8,1302.9,49.5,0
5412,car,4.5,road_loopA_r0,xloopA_0Bb,7014.3,7251.2,236.9,895.7,13.6,2
5510,suv,4.8,road_loopA_f0,road_loopA_f1,7100.2,7251.3,151.1,1303.1,31.0,1
5550,suv,4.8,road_loopA_f0,road_loopA_f1,7148.4,7251.4,103.0,1303.9,45.6,0
5561,car,4.5,road_loopA_f0,road_loopA_f1,7160.4,7252.6,92.2,1303.9,50.9,0
5512,car,4.5,road_loopA_f0,road_loopA_f1,7101.6,7253.0,151.4,1302.9,31.0,1
5523,suv,4.8,road_loopA_f0,road_loopA_f1,7121.1,7253.6,132.5,1304.0,35.4,0
5556,car,4.5,road_loopA_f0,road_loopA_f1,7153.5,7254.5,101.0,1302.9,46.4,0
5515,car,4.5,road_loopA_f0,road_loopA_f1,7108.6,7254.8,146.2,1303.7,32.1,1
5563,car,4.5,road_loopA_f0,road_loopA_f1,7163.7,7256.3,92.6,1303.1,50.7,0
5547,car,4.5,road_loopA_f0,road_loopA_f1,7143.8,7256.6,112.8,1302.9,41.6,0
5565,car,4.5,road_loopA_r0,road_loopA_r1,7169.0,7258.0,89.0,1297.3,52.5,0
5564,car,4.5,xloopA_0Ba,xloopA_0Bb,7164.7,7258.1,93.4,84.1,3.2,1
5532,suv,4.8,road_loopA_f0,road_loopA_f1,7128.0,7258.3,130.3,1303.4,36.0,0
5553,bus,11.0,road_loopA_r0,road_loopA_r1,7151.6,7258.4,106.8,1298.0,43.8,0
5617,car,4.5,xloopA_0Aa,xloopA_0Ab,7220.6,7258.9,38.3,84.1,7.9,1
5583,car,4.5,xloopA_0Ba,xloopA_0Bb,7187.5,7260.4,72.9,84.1,4.2,1
5602,car,4.5,xloopA_0Ba,xloopA_0Bb,7210.7,7262.6,51.9,84.6,5.9,1
5554,car,4.5,road_loopA_f0,road_loopA_f1,7151.8,7263.0,111.2,1302.8,42.2,0
5569,suv,4.8,road_loopA_r0,road_loopA_r1,7172.1,7263.9,91.8,1298.3,50.9,0
5656,car,4.5,xloopA_0Ba,xloopA_0Bb,7248.6,7266.2,17.6,84.1,17.2,0
5559,bus,11.0,road_loopA_f0,road_loopA_f1,7158.1,7268.4,110.3,1303.9,42.6,0
5669,car,4.5,xloopA_0Aa,xloopA_0Ab,7259.2,7271.8,12.6,84.5,24.1,0
5566,truck,8.5,road_loopA_f0,road_loopA_f1,7169.8,7275.7,105.9,1303.0,44.3,0
5567,car,4.5,road_loopA_f0,road_loopA_f1,7170.0,7276.3,106.3,1303.1,44.2,0
5560,bus,11.0,road_loopA_f0,road_loopA_f1,7159.6,7276.5,116.9,1303.0,40.1,0
5568,car,4.5,road_loopA_f0,road_loopA_f1,7170.0,7277.6,107.6,1303.0,43.6,0
5572,suv,4.8,road_loopA_f0,road_loopA_f1,7175.9,7278.6,102.7,1303.5,45.7,0
5577,car,4.5,road_loopA_f0,road_loopA_f1,7181.8,7279.1,97.3,1303.3,48.2,0
5581,car,4.5,road_loopA_f0,road_loopA_f1,7186.2,7286.9,100.7,1303.5,46.6,0
5584,suv,4.8,road_loopA_f0,road_loopA_f1,7187.8,7287.3,99.5,1303.5,47.1,0
5639,car,4.5,road_loopA_f0,xloopA_0Bb,7236.1,7288.1,52.0,478.7,33.2,0
5582,car,4.5,road_loopA_f0,road_loopA_f1,7187.3,7289.2,101.9,1304.0,46.1,0
5586,car,4.5,road_loopA_f0,road_loopA_f1,7191.1,7292.9,101.8,1304.0,46.1,0
5587,suv,4.8,road_loopA_f0,road_loopA_f1,7192.0,7294.3,102.3,1303.8,45.9,0
5570,suv,4.8,road_loopA_f0,road_loopA_f1,7172.3,7295.3,123.0,1303.3,38.1,0
5585,car,4.5,road_loopA_f0,road_loopA_f1,7190.2,7296.6,106.4,1303.0,44.1,0
5575,car,4.5,road_loopA_f0,road_loopA_f1,7179.6,7296.9,117.3,1303.1,40.0,0
5562,suv,4.8,road_loopA_f0,road_loopA_f1,7162.1,7297.1,135.0,1303.4,34.8,0
5579,truck,8.5,road_loopA_f0,road_loopA_f1,7185.6,7299.1,113.5,1303.0,41.3,0
5571,car,4.5,road_loopA_r0,road_loopA_r1,7175.7,7303.9,128.2,1298.0,36.5,1
5573,car,4.5,road_loopA_r0,road_loopA_r1,7176.6,7305.4,128.8,1297.9,36.3,1
5574,car,4.5,road_loopA_r0,road_loopA_r1,7178.2,7306.1,127.9,1297.3,36.5,1
5578,car,4.5,road_loopA_r0,road_loopA_r1,7185.2,7306.9,121.7,1298.3,38.4,1
5629,car,4.5,road_loopA_r0,xloopA_0Ab,7228.9,7308.0,79.1,869.2,39.6,0
5580,car,4.5,road_loopA_r0,road_loopA_r1,7186.0,7308.7,122.7,1297.4,38.1,1
5522,bus,11.0,road_loopA_f0,road_loopA_f1,7120.5,7309.6,189.1,1303.3,24.8,3
5576,car,4.5,road_loopA_r0,road_loopA_r1,7180.6,7310.1,129.5,1297.5,36.1,1
5588,truck,8.5,road_loopA_r0,road_loopA_r1,7192.4,7311.8,119.4,1297.5,39.1,1
5589,car,4.5,road_loopA_r0,road_loopA_r1,7193.1,7311.8,118.7,1297.3,39.4,1
5592,car,4.5,road_loopA_r0,road_loopA_r1,7197.8,7313.5,115.7,1297.5,40.4,1
5591,car,4.5,road_loopA_r0,road_loopA_r1,7195.0,7313.6,118.6,1298.2,39.4,1
5599,car,4.5,road_loopA_r0,road_loopA_r1,7208.5,7314.9,106.4,1298.5,43.9,1
5593,truck,8.5,road_loopA_r0,road_loopA_r1,7197.9,7316.0,118.1,1298.2,39.6,1
5601,car,4.5,road_loopA_r0,road_loopA_r1,7209.9,7317.6,107.7,1297.5,43.4,0
5616,car,4.5,road_loopA_r0,road_loopA_r1,7219.8,7318.2,98.4,1298.0,47.5,0
5607,suv,4.8,road_loopA_r0,road_loopA_r1,7213.5,7319.0,105.5,1298.4,44.3,0
5606,suv,4.8,road_loopA_r0,road_loopA_r1,7213.4,7321.6,108.2,1298.5,43.2,0
5610,car,4.5,road_loopA_r0,road_loopA_r1,7215.4,7323.3,107.9,1297.9,43.3,0
5590,truck,8.5,road_loopA_r0,road_loopA_r1,7194.5,7323.4,128.9,1297.8,36.2,0
5633,car,4.5,road_loopA_r0,road_loopA_r1,7231.0,7323.4,92.4,1297.9,50.6,0
5613,car,4.5,road_loopA_r0,road_loopA_r1,7218.8,7326.3,107.5,1298.0,43.5,0
5637,suv,4.8,road_loopA_r0,road_loopA_r1,7234.1,7326.5,92.4,1298.5,50.6,0
5621,car,4.5,road_loopA_r0,road_loopA_r1,7226.1,7328.0,101.9,1298.1,45.9,0
5640,suv,4.8,road_loopA_r0,road_loopA_r1,7236.2,7328.5,92.3,1298.5,50.7,0
5609,suv,4.8,road_loopA_r0,road_loopA_r1,7214.3,7329.0,114.7,1297.7,40.7,0
5625,car,4.5,road_loopA_r0,road_loopA_r1,7227.6,7329.7,102.1,1297.9,45.8,0
5644,car,4.5,road_loopA_r0,road_loopA_r1,7237.4,7331.1,93.7,1297.8,49.9,0
5628,car,4.5,road_loopA_r0,road_loopA_r1,7227.9,7331.4,103.5,1297.4,45.1,0
5649,car,4.5,road_loopA_r0,road_loopA_r1,7241.9,7332.4,90.5,1297.5,51.6,0
5645,car,4.5,road_loopA_r0,road_loopA_r1,7237.5,7332.8,95.3,1297.3,49.0,0
5598,car,4.5,road_loopA_f0,road_loopA_f1,7205.8,7334.5,128.7,1303.5,36.5,1
5594,car,4.5,road_loopA_f0,road_loopA_f1,7199.3,7335.5,136.2,1303.9,34.5,1
5626,suv,4.8,road_loopA_r0,road_loopA_r1,7227.7,7336.1,108.4,1297.3,43.1,0
5605,car,4.5,road_loopA_f0,road_loopA_f1,7213.1,7336.4,123.3,1304.0,38.1,1
5703,suv,4.8,road_loopA_f0,xloopA_0Bb,7296.3,7336.4,40.1,479.1,43.0,0
5596,suv,4.8,road_loopA_f0,road_loopA_f1,7203.6,7337.2,133.6,1304.0,35.1,1
5651,car,4.5,road_loopA_r0,road_loopA_r1,7242.0,7337.9,95.9,1297.4,48.7,0
5623,car,4.5,road_loopA_r0,road_loopA_r1,7226.4,7338.3,111.9,1297.8,41.7,0
5655,suv,4.8,road_loopA_r0,road_loopA_r1,7247.7,7339.1,91.4,1298.5,51.2,0
5619,car,4.5,road_loopA_f0,road_loopA_f1,7222.9,7339.3,116.4,1304.0,40.3,1
5704,car,4.5,road_loopA_f0,xloopA_0Bb,7297.2,7339.5,42.3,478.7,40.7,0
5653,car,4.5,road_loopA_r0,road_loopA_r1,7243.7,7339.7,96.0,1298.5,48.7,0
5627,suv,4.8,road_loopA_r0,road_loopA_r1,7227.8,7340.0,112.2,1297.6,41.6,0
5654,suv,4.8,road_loopA_r0,road_loopA_r1,7243.8,7341.4,97.6,1297.5,47.9,0
5642,car,4.5,road_loopA_r0,road_loopA_r1,7236.9,7341.7,104.8,1298.0,44.6,0
5681,car,4.5,road_loopA_r0,xloopA_0Ab,7273.5,7341.8,68.3,869.1,45.8,0
5614,car,4.5,road_loopA_f0,road_loopA_f1,7219.3,7342.0,122.7,1303.7,38.3,1
5618,car,4.5,road_loopA_f0,road_loopA_f1,7220.5,7342.2,121.7,1303.4,38.6,1
5709,car,4.5,road_loopA_f0,xloopA_0Bb,7302.6,7342.8,40.2,478.8,42.8,0
5652,car,4.5,road_loopA_r0,road_loopA_r1,7243.5,7343.4,99.9,1297.8,46.8,0
5630,car,4.5,road_loopA_f0,road_loopA_f1,7229.9,7344.0,114.1,1303.8,41.1,1
5664,car,4.5,road_loopA_r0,road_loopA_r1,7255.6,7344.6,89.0,1298.0,52.5,0
5665,car,4.5,road_loopA_r0,xloopA_0Ab,7256.8,7345.3,88.5,869.3,35.4,1
5634,suv,4.8,road_loopA_f0,road_loopA_f1,7231.2,7345.6,114.4,1303.2,41.0,1
5622,car,4.5,road_loopA_f0,road_loopA_f1,7226.3,7347.6,121.3,1303.2,38.7,1
5638,car,4.5,road_loopA_f0,road_loopA_f1,7236.1,7348.0,111.9,1302.9,41.9,1
5690,suv,4.8,road_loopA_r0,xloopA_0Ab,7280.4,7348.6,68.2,869.3,45.9,0
5635,car,4.5,road_loopA_f0,road_loopA_f1,7232.6,7349.2,116.6,1303.9,40.3,1
5643,car,4.5,road_loopA_f0,road_loopA_f1,7237.5,7350.6,113.1,1303.6,41.5,0
5647,suv,4.8,road_loopA_f0,road_loopA_f1,7239.9,7352.0,112.1,1304.1,41.9,0
5612,car,4.5,road_loopA_f0,road_loopA_f1,7218.2,7354.6,136.4,1303.3,34.4,1
5660,car,4.5,road_loopA_f0,road_loopA_f1,7254.0,7355.1,101.1,1303.9,46.4,0
5667,car,4.5,road_loopA_r0,road_loopA_r1,7257.2,7356.2,99.0,1297.4,47.2,0
5658,car,4.5,road_loopA_r0,road_loopA_r1,7252.6,7356.6,104.0,1298.2,44.9,0
5674,car,4.5,road_loopA_r0,road_loopA_r1,7262.3,7357.2,94.9,1297.6,49.2,0
5672,car,4.5,road_loopA_f0,road_loopA_f1,7261.2,7357.8,96.6,1304.1,48.6,0
5431,car,4.5,road_loopA_r0,xloopA_0Bb,7026.3,7358.3,332.0,895.7,9.7,3
5673,suv,4.8,road_loopA_r0,road_loopA_r1,7261.2,7358.4,97.2,1297.5,48.1,0
5650,car,4.5,road_loopA_f0,road_loopA_f1,7242.1,7359.6,117.5,1302.8,39.9,0
5671,car,4.5,road_loopA_r0,road_loopA_r1,7261.0,7360.1,99.1,1298.0,47.1,0
5678,car,4.5,road_loopA_f0,road_loopA_f1,7270.4,7360.4,90.0,1304.2,52.2,0
5661,car,4.5,road_loopA_r0,road_loopA_r1,7254.0,7360.7,106.7,1298.0,43.8,0
5433,suv,4.8,road_loopA_r0,xloopA_0Bb,7027.2,7360.9,333.7,895.6,9.7,3
5632,truck,8.5,road_loopA_f0,road_loopA_f1,7230.8,7361.7,130.9,1303.0,35.8,0
5646,car,4.5,road_loopA_f0,road_loopA_f1,7239.5,7362.2,122.7,1304.1,38.3,0
5679,suv,4.8,road_loopA_f0,road_loopA_f1,7271.9,7363.2,91.3,1304.1,51.4,0
5521,car,4.5,road_loopA_r0,xloopA_0Bb,7118.4,7363.6,245.2,895.6,13.1,2
5680,car,4.5,road_loopA_r0,road_loopA_r1,7273.0,7363.9,90.9,1298.7,51.4,0
5595,car,4.5,road_loopA_f0,road_loopA_f1,7202.8,7364.6,161.8,1304.1,29.0,1
5687,car,4.5,road_loopA_r0,road_loopA_r1,7275.8,7365.5,89.7,1297.7,52.1,0
5531,car,4.5,road_loopA_r0,xloopA_0Bb,7126.5,7366.3,239.8,895.8,13.4,2
5657,suv,4.8,road_loopA_f0,road_loopA_f1,7249.4,7367.4,118.0,1303.8,39.8,0
5537,car,4.5,road_loopA_r0,xloopA_0Bb,7137.3,7368.9,231.6,895.5,13.9,2
5666,car,4.5,road_loopA_f0,road_loopA_f1,7257.2,7368.9,111.7,1303.7,42.0,0
5676,car,4.5,road_loopA_f0,road_loopA_f1,7266.9,7369.2,102.3,1303.8,45.9,0
5677,car,4.5,road_loopA_f0,road_loopA_f1,7269.2,7369.9,100.7,1304.0,46.6,0
5663,car,4.5,road_loopA_f0,road_loopA_f1,7255.0,7371.3,116.3,1303.5,40.4,0
5662,car,4.5,road_loopA_r0,road_loopA_r1,7254.7,7373.3,118.6,1298.3,39.4,0
5700,car,4.5,xloopA_0Ba,xloopA_0Bb,7293.9,7373.3,79.4,84.4,3.8,1
5603,suv,4.8,road_loopA_f0,road_loopA_f1,7212.0,7374.1,162.1,1303.5,28.9,1
5685,car,4.5,road_loopA_f0,road_loopA_f1,7274.7,7375.0,100.3,1303.3,46.8,0
5683,car,4.5,xloopA_0Aa,xloopA_0Ab,7274.0,7375.1,101.1,84.3,3.0,1
5648,car,4.5,road_loopA_f0,road_loopA_f1,7241.7,7375.9,134.2,1303.8,35.0,0
5716,car,4.5,xloopA_0Ba,xloopA_0Bb,7305.3,7376.0,70.7,84.3,4.3,1
5689,car,4.5,road_loopA_f0,road_loopA_f1,7280.4,7376.9,96.5,1303.6,48.6,0
5692,car,4.5,road_loopA_f0,road_loopA_f1,7283.4,7377.1,93.7,1303.9,50.1,0
5695,car,4.5,xloopA_0Aa,xloopA_0Ab,7288.9,7378.9,90.0,84.6,3.4,1
5686,car,4.5,road_loopA_f0,road_loopA_f1,7275.0,7380.1,105.1,1303.3,44.7,0
5611,car,4.5,xloopA_0Ba,road_loopA_f1,7216.1,7380.6,164.5,902.6,19.8,0
5714,car,4.5,xloopA_0Aa,xloopA_0Ab,7305.0,7380.9,75.9,84.6,4.0,0
5688,suv,4.8,road_loopA_f0,road_loopA_f1,7278.5,7381.1,102.6,1303.4,45.7,0
5697,suv,4.8,road_loopA_f0,road_loopA_f1,7290.2,7382.1,91.9,1302.9,51.0,0
5597,car,4.5,road_loopA_f0,road_loopA_f1,7205.7,7382.3,176.6,1303.2,26.6,1
5641,car,4.5,road_loopA_f0,road_loopA_f1,7236.9,7382.5,145.6,1304.0,32.2,0
5729,car,4.5,xloopA_0Aa,xloopA_0Ab,7324.5,7382.8,58.3,84.4,5.2,0
5682,car,4.5,road_loopA_f0,road_loopA_f1,7273.8,7384.4,110.6,1303.4,42.4,0
5620,truck,8.5,road_loopA_f0,road_loopA_f1,7225.6,7384.5,158.9,1303.6,29.5,1
5698,car,4.5,road_loopA_f0,road_loopA_f1,7292.5,7384.6,92.1,1303.6,50.9,0
5776,car,4.5,xloopA_0Aa,xloopA_0Ab,7373.0,7385.1,12.1,84.2,25.2,0
5684,suv,4.8,road_loopA_f0,road_loopA_f1,7274.4,7392.4,118.0,1302.9,39.8,0
5670,car,4.5,road_loopA_f0,road_loopA_f1,7260.8,7393.2,132.4,1303.6,35.4,0
5707,car,4.5,road_loopA_f0,road_loopA_f1,7302.0,7394.3,92.3,1303.9,50.8,0
5624,bus,11.0,road_loopA_r0,road_loopA_r1,7226.6,7394.7,168.1,1298.4,27.8,2
5699,car,4.5,road_loopA_f0,road_loopA_f1,7293.5,7397.2,103.7,1303.7,45.2,0
5712,car,4.5,road_loopA_f0,road_loopA_f1,7304.1,7397.6,93.5,1303.6,50.2,0
5706,suv,4.8,road_loopA_f0,road_loopA_f1,7301.7,7398.4,96.7,1304.0,48.6,0
5636,bus,11.0,road_loopA_f0,road_loopA_f1,7232.7,7398.7,166.0,1303.5,28.3,2
5710,car,4.5,road_loopA_f0,road_loopA_f1,7303.3,7400.0,96.7,1304.0,48.5,0
5713,suv,4.8,road_loopA_f0,road_loopA_f1,7304.5,7400.4,95.9,1303.9,48.9,0
5746,car,4.5,road_loopA_f0,xloopA_0Bb,7341.0,7400.8,59.8,478.7,28.8,2
5708,car,4.5,road_loopA_r0,xloopA_0Ab,7302.5,7401.4,98.9,869.0,31.6,2
5719,suv,4.8,road_loopA_f0,road_loopA_f1,7309.6,7402.5,92.9,1303.4,50.5,0
5717,car,4.5,road_loopA_f0,road_loopA_f1,7308.1,7403.6,95.5,1303.4,49.1,0
5701,suv,4.8,road_loopA_f0,road_loopA_f1,7294.8,7407.5,112.7,1303.6,41.6,0
5691,truck,8.5,road_loopA_f0,road_loopA_f1,7283.3,7407.8,124.5,1303.3,37.7,0
5720,suv,4.8,road_loopA_f0,road_loopA_f1,7309.9,7409.3,99.4,1302.9,47.2,0
5694,car,4.5,road_loopA_r0,road_loopA_r1,7287.9,7418.7,130.8,1298.1,35.7,1
5702,car,4.5,road_loopA_r0,road_loopA_r1,7294.7,7419.0,124.3,1298.2,37.6,1
5696,car,4.5,road_loopA_r0,road_loopA_r1,7289.1,7419.4,130.3,1297.3,35.8,1
5715,car,4.5,road_loopA_r0,road_loopA_r1,7305.1,7420.9,115.8,1297.6,40.3,1
5705,car,4.5,road_loopA_r0,road_loopA_r1,7300.1,7421.1,121.0,1297.3,38.6,1
1118,tram,34.0,loopB,loopB,3131.4,7421.9,4290.5,33673.2,28.3,40
5718,car,4.5,road_loopA_r0,road_loopA_r1,7309.1,7422.9,113.8,1297.8,41.1,1
5604,bus,11.0,road_loopA_f0,road_loopA_f1,7212.5,7423.2,210.7,1302.8,22.3,4
5693,car,4.5,road_loopA_f0,road_loopA_f1,7284.6,7423.4,138.8,1302.8,33.8,0
5725,car,4.5,road_loopA_r0,road_loopA_r1,7314.3,7423.5,109.2,1298.1,42.8,1
5724,car,4.5,road_loopA_r0,road_loopA_r1,7314.1,7424.6,110.5,1297.4,42.3,1
5711,truck,8.5,road_loopA_r0,road_loopA_r1,7303.4,7425.2,121.8,1297.4,38.3,1
5733,suv,4.8,road_loopA_r0,road_loopA_r1,7329.9,7425.4,95.5,1298.5,48.9,0
5738,car,4.5,road_loopA_r0,road_loopA_r1,7335.9,7427.2,91.3,1297.5,51.1,0
5742,car,4.5,road_loopA_r0,road_loopA_r1,7337.8,7429.0,91.2,1297.5,51.2,0
5786,suv,4.8,road_loopA_f0,xloopA_0Bb,7386.5,7430.1,43.6,479.2,39.5,0
5732,truck,8.5,road_loopA_r0,road_loopA_r1,7329.4,7431.0,101.6,1297.5,46.0,0
5748,car,4.5,road_loopA_r0,road_loopA_r1,7341.5,7431.3,89.8,1297.8,52.0,0
5735,car,4.5,road_loopA_r0,road_loopA_r1,7330.8,7433.1,102.3,1298.0,45.7,0
5798,car,4.5,road_loopA_f0,xloopA_0Bb,7392.6,7433.5,40.9,478.7,42.2,0
5739,car,4.5,road_loopA_r0,road_loopA_r1,7336.2,7434.1,97.9,1298.7,47.8,0
5801,car,4.5,road_loopA_f0,xloopA_0Bb,7394.5,7436.6,42.1,478.8,40.9,0
5741,car,4.5,road_loopA_r0,road_loopA_r1,7337.6,7442.9,105.3,1297.6,44.4,0
5751,car,4.5,road_loopA_r0,road_loopA_r1,7342.7,7442.9,100.2,1297.7,46.6,0
5749,car,4.5,road_loopA_r0,road_loopA_r1,7342.1,7444.7,102.6,1298.5,45.5,0
5760,car,4.5,road_loopA_r0,road_loopA_r1,7354.0,7445.1,91.1,1297.5,51.3,0
5722,car,4.5,road_loopA_f0,road_loopA_f1,7313.8,7446.2,132.4,1303.4,35.4,1
5747,car,4.5,road_loopA_r0,road_loopA_r1,7341.2,7447.0,105.8,1298.0,44.2,0
5723,suv,4.8,road_loopA_f0,road_loopA_f1,7313.9,7447.5,133.6,1303.1,35.1,1
5761,car,4.5,road_loopA_r0,road_loopA_r1,7356.0,7447.5,91.5,1297.7,51.0,0
5727,suv,4.8,road_loopA_f0,road_loopA_f1,7323.7,7448.8,125.1,1303.3,37.5,1
5820,car,4.5,road_loopA_f0,xloopA_0Bb,7409.3,7448.9,39.6,478.9,43.6,0
5766,car,4.5,road_loopA_r0,road_loopA_r1,7360.4,7449.4,89.0,1297.3,52.5,0
5726,truck,8.5,road_loopA_f0,road_loopA_f1,7321.4,7451.2,129.8,1303.7,36.1,1
5763,car,4.5,road_loopA_r0,road_loopA_r1,7357.1,7451.8,94.7,1297.5,49.3,0
5731,car,4.5,road_loopA_f0,road_loopA_f1,7328.3,7453.6,125.3,1303.6,37.5,1
5768,car,4.5,road_loopA_r0,road_loopA_r1,7361.8,7453.6,91.8,1297.9,50.9,0
5769,suv,4.8,road_loopA_r0,road_loopA_r1,7362.6,7454.4,91.8,1297.9,50.9,0
5736,suv,4.8,road_loopA_f0,road_loopA_f1,7332.6,7455.3,122.7,1303.1,38.2,1
5767,car,4.5,road_loopA_r0,road_loopA_r1,7360.9,7456.6,95.7,1297.8,48.8,0
5728,car,4.5,road_loopA_f0,road_loopA_f1,7324.2,7459.8,135.6,1303.7,34.6,1
5730,car,4.5,road_loopA_f0,road_loopA_f1,7325.2,7461.2,136.0,1303.4,34.5,1
5740,suv,4.8,road_loopA_f0,road_loopA_f1,7336.6,7461.5,124.9,1303.4,37.6,1
5744,car,4.5,road_loopA_f0,road_loopA_f1,7340.0,7462.9,122.9,1302.9,38.2,1
5753,car,4.5,road_loopA_f0,road_loopA_f1,7343.1,7463.5,120.4,1303.9,39.0,1
5777,car,4.5,road_loopA_r0,road_loopA_r1,7373.3,7463.8,90.5,1298.2,51.6,0
5771,car,4.5,road_loopA_r0,road_loopA_r1,7365.8,7464.5,98.7,1298.5,47.4,0
5754,car,4.5,road_loopA_f0,road_loopA_f1,7346.1,7465.2,119.1,1303.4,39.4,1
5782,car,4.5,road_loopA_r0,road_loopA_r1,7377.8,7467.3,89.5,1298.3,52.2,0
5756,truck,8.5,road_loopA_f0,road_loopA_f1,7347.9,7468.6,120.7,1303.3,38.9,1
5773,car,4.5,road_loopA_r0,road_loopA_r1,7367.8,7469.5,101.7,1297.8,45.9,0
5758,car,4.5,road_loopA_f0,road_loopA_f1,7349.9,7470.1,120.2,1304.0,39.1,1
5770,car,4.5,road_loopA_f0,road_loopA_f1,7365.2,7471.7,106.5,1303.8,44.1,0
5600,car,4.5,road_loopA_r0,xloopA_0Bb,7209.5,7471.9,262.4,895.3,12.3,2
5764,car,4.5,road_loopA_r0,road_loopA_r1,7357.7,7472.4,114.7,1297.8,40.7,0
5745,car,4.5,road_loopA_f0,xloopA_0Ab,7340.4,7472.5,132.1,505.1,13.8,1
5775,car,4.5,road_loopA_f0,road_loopA_f1,7370.9,7473.5,102.6,1303.4,45.7,0
5675,car,4.5,xloopA_0Aa,road_loopA_f1,7265.3,7474.3,209.0,872.2,15.0,1
5608,car,4.5,road_loopA_r0,xloopA_0Bb,7213.7,7474.5,260.8,895.4,12.4,2
5762,car,4.5,road_loopA_f0,xloopA_0Ab,7356.9,7475.1,118.2,505.1,15.4,1
5781,car,4.5,road_loopA_f0,road_loopA_f1,7376.8,7475.3,98.5,1303.6,47.6,0
5721,suv,4.8,road_loopA_f0,road_loopA_f1,7310.7,7476.0,165.3,1303.2,28.4,1
5787,car,4.5,road_loopA_f0,road_loopA_f1,7386.5,7476.0,89.5,1304.0,52.5,0
5780,car,4.5,road_loopA_f0,road_loopA_f1,7375.3,7477.1,101.8,1304.1,46.1,0
5615,suv,4.8,road_loopA_r0,xloopA_0Bb,7219.4,7477.2,257.8,895.7,12.5,2
5734,truck,8.5,road_loopA_f0,road_loopA_f1,7330.6,7478.2,147.6,1303.9,31.8,1
5772,truck,8.5,road_loopA_f0,xloopA_0Ab,7367.7,7478.6,110.9,505.4,16.4,1
5790,suv,4.8,road_loopA_r0,road_loopA_r1,7389.7,7478.7,89.0,1297.3,52.5,0
5631,car,4.5,road_loopA_r0,xloopA_0Bb,7230.6,7479.9,249.3,895.5,12.9,2
5789,suv,4.8,road_loopA_f0,road_loopA_f1,7388.9,7480.0,91.1,1303.5,51.5,0
5737,car,4.5,road_loopA_f0,road_loopA_f1,7333.5,7480.1,146.6,1303.1,32.0,1
5779,car,4.5,road_loopA_f0,road_loopA_f1,7374.9,7480.3,105.4,1302.9,44.5,0
5793,car,4.5,road_loopA_r0,road_loopA_r1,7390.9,7481.3,90.4,1298.3,51.7,0
5783,car,4.5,road_loopA_f0,xloopA_0Ab,7383.3,7481.6,98.3,505.0,18.5,1
5743,car,4.5,road_loopA_f0,road_loopA_f1,7338.0,7481.8,143.8,1303.4,32.6,1
5797,car,4.5,road_loopA_f0,road_loopA_f1,7392.3,7482.0,89.7,1303.2,52.3,0
5659,car,4.5,road_loopA_r0,xloopA_0Bb,7252.9,7482.6,229.7,895.7,14.0,2
5759,car,4.5,road_loopA_f0,road_loopA_f1,7353.8,7482.8,129.0,1303.5,36.4,0
5800,car,4.5,road_loopA_r0,road_loopA_r1,7393.9,7482.8,88.9,1297.3,52.5,0
5752,car,4.5,road_loopA_f0,road_loopA_f1,7343.0,7483.5,140.5,1303.3,33.4,1
5792,car,4.5,road_loopA_f0,road_loopA_f1,7389.9,7485.0,95.1,1303.7,49.4,0
5750,car,4.5,road_loopA_f0,road_loopA_f1,7342.4,7485.4,143.0,1303.3,32.8,1
5803,car,4.5,road_loopA_r0,road_loopA_r1,7395.0,7485.6,90.6,1297.3,51.6,0
5778,car,4.5,road_loopA_f0,road_loopA_f1,7374.4,7486.0,111.6,1303.2,42.0,0
5791,car,4.5,road_loopA_r0,road_loopA_r1,7389.9,7487.1,97.2,1298.5,48.1,0
5755,suv,4.8,road_loopA_f0,road_loopA_f1,7347.8,7487.2,139.4,1304.1,33.7,1
5774,car,4.5,road_loopA_f0,road_loopA_f1,7368.7,7487.8,119.1,1303.4,39.4,0
5806,car,4.5,road_loopA_r0,road_loopA_r1,7397.5,7488.4,90.9,1297.6,51.4,0
5807,car,4.5,road_loopA_f0,road_loopA_f1,7398.2,7488.4,90.2,1304.2,52.0,0
5757,car,4.5,road_loopA_f0,road_loopA_f1,7349.1,7489.0,139.9,1303.6,33.5,1
5804,car,4.5,road_loopA_r0,road_loopA_r1,7396.4,7489.4,93.0,1298.0,50.2,0
5795,car,4.5,road_loopA_r0,road_loopA_r1,7391.8,7489.6,97.8,1297.9,47.8,0
5796,truck,8.5,road_loopA_f0,road_loopA_f1,7392.1,7489.9,97.8,1303.2,48.0,0
5805,car,4.5,xloopA_0Ba,xloopA_0Bb,7397.2,7490.7,93.5,84.0,3.2,1
5765,car,4.5,road_loopA_f0,road_loopA_f1,7360.4,7490.8,130.4,1303.5,36.0,0
5809,suv,4.8,road_loopA_f0,road_loopA_f1,7398.9,7492.7,93.8,1303.2,50.0,0
5817,car,4.5,xloopA_0Ba,xloopA_0Bb,7403.6,7493.5,89.9,84.7,3.4,0
5813,car,4.5,road_loopA_f0,road_loopA_f1,7401.8,7494.8,93.0,1303.2,50.4,0
5844,car,4.5,xloopA_0Ba,xloopA_0Bb,7435.8,7495.7,59.9,84.4,5.1,0
5815,car,4.5,road_loopA_f0,road_loopA_f1,7403.0,7496.2,93.2,1303.0,50.4,0
5819,truck,8.5,road_loopA_f0,road_loopA_f1,7407.6,7498.8,91.2,1302.9,51.4,0
5802,car,4.5,road_loopA_f0,road_loopA_f1,7394.6,7501.0,106.4,1302.9,44.1,0
5821,truck,8.5,road_loopA_f0,road_loopA_f1,7411.1,7502.5,91.4,1303.9,51.3,0
5810,car,4.5,road_loopA_f0,road_loopA_f1,7400.2,7502.8,102.6,1303.6,45.7,0
5827,suv,4.8,road_loopA_f0,road_loopA_f1,7415.4,7504.8,89.4,1303.1,52.5,0
5811,suv,4.8,road_loopA_f0,road_loopA_f1,7400.6,7505.3,104.7,1303.9,44.8,0
5818,car,4.5,road_loopA_f0,road_loopA_f1,7406.0,7506.6,100.6,1303.9,46.7,0
5836,car,4.5,road_loopA_f0,road_loopA_f1,7422.6,7514.8,92.2,1303.2,50.9,0
5825,car,4.5,road_loopA_f0,road_loopA_f1,7414.1,7517.7,103.6,1303.9,45.3,0
5863,truck,8.5,road_loopA_f0,xloopA_0Bb,7456.4,7519.6,63.2,479.0,27.3,1
5830,car,4.5,road_loopA_f0,road_loopA_f1,7418.2,7524.7,106.5,1304.0,44.1,0
5887,car,4.5,road_loopA_f0,xloopA_0Bb,7479.9,7525.7,45.8,478.8,37.6,0
5826,car,4.5,road_loopA_f0,road_loopA_f1,7414.3,7526.5,112.2,1303.0,41.8,0
5831,truck,8.5,road_loopA_f0,road_loopA_f1,7419.4,7528.6,109.2,1303.4,43.0,0
5833,car,4.5,road_loopA_f0,road_loopA_f1,7420.3,7529.0,108.7,1303.2,43.1,0
5835,truck,8.5,road_loopA_f0,road_loopA_f1,7421.6,7531.3,109.7,1303.9,42.8,0
5882,car,4.5,xloopA_0Aa,road_loopA_r1,7477.5,7534.1,56.6,507.0,32.2,0
5812,suv,4.8,road_loopA_r0,road_loopA_r1,7400.5,7534.6,134.1,1297.6,34.8,1
5785,car,4.5,xloopA_0Ba,road_loopA_r1,7386.5,7542.1,155.6,476.2,11.0,1
5823,suv,4.8,road_loopA_r0,road_loopA_r1,7411.5,7544.8,133.3,1297.4,35.0,1
5850,car,4.5,road_loopA_r0,road_loopA_r1,7448.3,7546.6,98.3,1297.4,47.5,0
5834,truck,8.5,road_loopA_r0,road_loopA_r1,7421.0,7547.1,126.1,1298.4,37.1,1
5858,suv,4.8,road_loopA_r0,road_loopA_r1,7453.7,7549.4,95.7,1297.9,48.8,0
5857,car,4.5,road_loopA_r0,road_loopA_r1,7453.3,7550.7,97.4,1298.6,48.0,0
5808,suv,4.8,road_loopA_r0,road_loopA_r1,7398.6,7552.3,153.7,1298.0,30.4,1
5861,suv,4.8,road_loopA_r0,road_loopA_r1,7456.2,7552.5,96.3,1297.5,48.5,0
5856,car,4.5,road_loopA_r0,road_loopA_r1,7452.9,7554.8,101.9,1298.4,45.9,0
5852,car,4.5,road_loopA_r0,road_loopA_r1,7450.7,7556.4,105.7,1297.6,44.2,0
5837,car,4.5,road_loopA_r0,road_loopA_r1,7426.1,7557.9,131.8,1298.2,35.5,1
5869,car,4.5,road_loopA_r0,road_loopA_r1,7464.8,7558.2,93.4,1298.0,50.0,0
5894,car,4.5,xloopA_0Ba,road_loopA_r1,7483.9,7558.5,74.6,476.5,23.0,0
5865,truck,8.5,road_loopA_r0,xloopA_0Ab,7460.8,7559.7,98.9,868.8,31.6,1
5842,car,4.5,road_loopA_r0,road_loopA_r1,7433.3,7560.2,126.9,1297.9,36.8,1
5848,car,4.5,road_loopA_r0,road_loopA_r1,7442.9,7561.9,119.0,1297.4,39.2,0
5838,car,4.5,road_loopA_f0,road_loopA_f1,7427.7,7562.0,134.3,1303.0,34.9,1
5883,car,4.5,road_loopA_r0,xloopA_0Ab,7477.4,7563.3,85.9,869.1,36.4,1
5840,suv,4.8,road_loopA_f0,road_loopA_f1,7430.1,7563.6,133.5,1304.0,35.2,1
5855,truck,8.5,road_loopA_r0,road_loopA_r1,7452.3,7563.6,111.3,1297.7,42.0,0
5816,bus,11.0,road_loopA_f0,road_loopA_f1,7403.6,7563.8,160.2,1302.8,29.3,2
5873,car,4.5,road_loopA_r0,road_loopA_r1,7468.0,7564.2,96.2,1297.9,48.6,0
5845,car,4.5,road_loopA_f0,road_loopA_f1,7436.7,7565.0,128.3,1302.9,36.6,1
5877,suv,4.8,road_loopA_r0,road_loopA_r1,7473.5,7565.9,92.4,1298.1,50.6,0
5847,car,4.5,road_loopA_f0,road_loopA_f1,7440.3,7567.9,127.6,1303.3,36.8,1
5870,car,4.5,road_loopA_r0,road_loopA_r1,7465.0,7568.0,103.0,1297.3,45.3,0
5860,car,4.5,road_loopA_f0,road_loopA_f1,7454.2,7568.3,114.1,1303.2,41.1,1
5884,car,4.5,road_loopA_r0,road_loopA_r1,7477.7,7570.0,92.3,1297.3,50.6,0
5841,car,4.5,road_loopA_f0,road_loopA_f1,7431.4,7570.1,138.7,1304.1,33.8,1
5896,car,4.5,xloopA_0Aa,road_loopA_r1,7488.4,7571.0,82.6,506.5,22.1,0
5822,truck,8.5,road_loopA_r0,road_loopA_r1,7411.4,7572.5,161.1,1298.0,29.0,1
5828,car,4.5,road_loopA_r0,road_loopA_r1,7415.6,7572.8,157.2,1297.2,29.7,1
5799,bus,11.0,road_loopA_r0,road_loopA_r1,7393.5,7573.0,179.5,1297.3,26.0,3
5859,car,4.5,road_loopA_f0,road_loopA_f1,7454.0,7573.6,119.6,1303.4,39.2,1
5889,car,4.5,xloopA_0Ba,road_loopA_r1,7482.2,7574.3,92.1,476.5,18.6,0
5888,car,4.5,road_loopA_r0,road_loopA_r1,7480.0,7574.6,94.6,1297.8,49.4,0
5906,car,4.5,road_loopA_r0,xloopA_0Ab,7495.8,7575.2,79.4,869.0,39.4,0
5892,car,4.5,road_loopA_r0,road_loopA_r1,7483.3,7575.6,92.3,1297.7,50.6,0
5851,car,4.5,road_loopA_f0,road_loopA_f1,7449.3,7575.9,126.6,1303.7,37.1,1
5839,car,4.5,road_loopA_f0,road_loopA_f1,7428.8,7576.9,148.1,1303.7,31.7,1
5846,suv,4.8,road_loopA_f0,road_loopA_f1,7436.9,7578.3,141.4,1303.3,33.2,1
5895,car,4.5,road_loopA_r0,road_loopA_r1,7484.6,7578.3,93.7,1297.7,49.9,0
5875,truck,8.5,road_loopA_r0,road_loopA_r1,7469.4,7579.3,109.9,1297.4,42.5,0
5862,car,4.5,road_loopA_f0,road_loopA_f1,7456.4,7580.5,124.1,1303.7,37.8,1
5878,car,4.5,road_loopA_r0,road_loopA_r1,7473.8,7581.4,107.6,1297.5,43.4,0
5872,car,4.5,road_loopA_f0,road_loopA_f1,7466.4,7582.2,115.8,1303.0,40.5,1
5886,car,4.5,road_loopA_r0,road_loopA_r1,7478.9,7582.3,103.4,1297.5,45.2,0
5893,car,4.5,road_loopA_r0,road_loopA_r1,7483.4,7583.5,100.1,1297.4,46.6,0
5867,car,4.5,road_loopA_f0,road_loopA_f1,7463.0,7583.7,120.7,1303.7,38.9,1
5854,car,4.5,road_loopA_f0,road_loopA_f1,7451.5,7584.0,132.5,1303.0,35.4,1
5891,car,4.5,road_loopA_r0,road_loopA_r1,7483.0,7584.4,101.4,1298.6,46.1,0
5902,car,4.5,road_loopA_f0,road_loopA_f1,7493.3,7584.7,91.4,1304.0,51.4,0
5879,truck,8.5,road_loopA_r0,road_loopA_r1,7474.7,7585.5,110.8,1297.6,42.2,0
5876,suv,4.8,road_loopA_f0,road_loopA_f1,7470.7,7586.8,116.1,1303.2,40.4,0
5908,car,4.5,road_loopA_f0,road_loopA_f1,7497.0,7587.4,90.4,1303.9,51.9,0
5885,bus,11.0,road_loopA_r0,road_loopA_r1,7477.7,7588.1,110.4,1298.3,42.3,0
5881,car,4.5,road_loopA_f0,road_loopA_f1,7477.2,7588.6,111.4,1303.5,42.1,0
5824,car,4.5,road_loopA_f0,xloopA_0Ab,7413.3,7589.7,176.4,505.4,10.3,2
5909,car,4.5,road_loopA_f0,road_loopA_f1,7498.6,7590.4,91.8,1303.7,51.1,0
5668,truck,8.5,road_loopA_r0,xloopA_0Bb,7257.5,7590.6,333.1,896.0,9.7,3
5912,suv,4.8,road_loopA_f0,road_loopA_f1,7500.6,7592.0,91.4,1303.2,51.3,0
5794,car,4.5,xloopA_0Ba,road_loopA_f1,7391.6,7592.3,200.7,902.4,16.2,1
5849,suv,4.8,road_loopA_f0,xloopA_0Ab,7448.2,7592.3,144.1,505.5,12.6,1
5788,car,4.5,road_loopA_r0,xloopA_0Bb,7386.8,7593.5,206.7,895.7,15.6,2
5907,suv,4.8,road_loopA_f0,road_loopA_f1,7496.7,7593.7,97.0,1303.5,48.4,0
5864,suv,4.8,road_loopA_f0,road_loopA_f1,7460.8,7594.0,133.2,1302.9,35.2,1
5866,car,4.5,road_loopA_f0,xloopA_0Ab,7462.1,7595.0,132.9,505.4,13.7,1
5890,suv,4.8,road_loopA_f0,road_loopA_f1,7482.3,7595.0,112.7,1303.1,41.6,0
5910,car,4.5,road_loopA_r0,road_loopA_r1,7498.7,7595.4,96.7,1298.6,48.3,0
5871,suv,4.8,road_loopA_f0,road_loopA_f1,7465.3,7595.8,130.5,1303.8,36.0,0
5903,car,4.5,road_loopA_r0,road_loopA_r1,7493.5,7595.8,102.3,1298.1,45.7,0
5784,car,4.5,road_loopA_r0,xloopA_0Bb,7386.1,7596.1,210.0,895.4,15.3,2
5901,suv,4.8,road_loopA_f0,road_loopA_f1,7491.8,7596.4,104.6,1303.6,44.8,0
5899,truck,8.5,road_loopA_f0,road_loopA_f1,7489.7,7597.4,107.7,1303.7,43.6,0
5874,suv,4.8,road_loopA_f0,road_loopA_f1,7469.1,7597.5,128.4,1303.0,36.5,0
5897,suv,4.8,road_loopA_f0,xloopA_0Ab,7489.3,7597.7,108.4,505.6,16.8,1
5914,suv,4.8,road_loopA_r0,road_loopA_r1,7500.9,7598.1,97.2,1297.8,48.1,0
5814,car,4.5,road_loopA_r0,xloopA_0Bb,7402.9,7598.8,195.9,895.6,16.5,2
5880,truck,8.5,road_loopA_f0,road_loopA_f1,7476.8,7599.8,123.0,1303.1,38.1,0
5916,car,4.5,road_loopA_r0,road_loopA_r1,7506.1,7599.8,93.7,1297.6,49.8,0
5920,car,4.5,road_loopA_f0,xloopA_0Ab,7507.6,7600.3,92.7,505.0,19.6,1
5898,car,4.5,road_loopA_f0,road_loopA_f1,7489.4,7601.8,112.4,1303.6,41.8,0
5925,car,4.5,road_loopA_f0,road_loopA_f1,7510.4,7601.8,91.4,1304.0,51.4,0
5911,car,4.5,road_loopA_r0,road_loopA_r1,7500.4,7602.3,101.9,1298.4,45.9,0
5913,suv,4.8,road_loopA_f0,road_loopA_f1,7500.7,7603.9,103.2,1303.9,45.5,0
5915,car,4.5,xloopA_0Aa,xloopA_0Ab,7501.1,7604.2,103.1,84.7,3.0,1
5927,car,4.5,road_loopA_f0,road_loopA_f1,7512.5,7604.7,92.2,1303.6,50.9,0
5921,suv,4.8,road_loopA_f0,road_loopA_f1,7507.8,7605.9,98.1,1303.3,47.8,0
5929,car,4.5,road_loopA_f0,road_loopA_f1,7512.9,7606.0,93.1,1303.6,50.4,0
5939,car,4.5,xloopA_0Aa,xloopA_0Ab,7527.9,7609.5,81.6,84.5,3.7,1
5917,truck,8.5,road_loopA_r0,road_loopA_r1,7506.3,7609.9,103.6,1298.1,45.1,0
6020,car,4.5,xloopA_0Ba,xloopA_0Bb,7600.0,7609.9,9.9,84.2,30.5,0
5919,truck,8.5,road_loopA_r0,road_loopA_r1,7507.4,7611.7,104.3,1297.6,44.8,0
5980,car,4.5,xloopA_0Aa,xloopA_0Ab,7559.0,7611.7,52.7,84.6,5.8,1
5900,car,4.5,road_loopA_r0,road_loopA_r1,7489.9,7613.4,123.5,1297.4,37.8,0
6002,car,4.5,xloopA_0Aa,xloopA_0Ab,7578.8,7613.8,35.0,84.4,8.7,0
5936,suv,4.8,road_loopA_f0,road_loopA_f1,7524.8,7614.1,89.3,1303.1,52.5,0
5904,suv,4.8,road_loopA_r0,road_loopA_r1,7494.4,7615.2,120.8,1298.0,38.7,0
5937,car,4.5,road_loopA_f0,road_loopA_f1,7524.9,7616.9,92.0,1303.8,51.0,0
5932,car,4.5,road_loopA_f0,road_loopA_f1,7516.8,7618.8,102.0,1303.9,46.0,0
5918,car,4.5,road_loopA_f0,road_loopA_f1,7506.4,7619.1,112.7,1303.6,41.6,0
5941,car,4.5,road_loopA_f0,road_loopA_f1,7528.9,7620.5,91.6,1303.6,51.2,0
5947,car,4.5,road_loopA_f0,road_loopA_f1,7533.9,7624.0,90.1,1303.6,52.1,0
5945,car,4.5,road_loopA_r0,xloopA_0Ab,7530.9,7628.6,97.7,869.1,32.0,1
5992,suv,4.8,road_loopA_f0,xloopA_0Bb,7567.9,7628.7,60.8,479.2,28.4,0
5953,truck,8.5,road_loopA_f0,road_loopA_f1,7539.2,7629.2,90.0,1303.0,52.1,0
5960,suv,4.8,road_loopA_f0,road_loopA_f1,7542.9,7632.3,89.4,1303.1,52.5,0
5961,suv,4.8,road_loopA_f0,road_loopA_f1,7543.5,7635.0,91.5,1302.8,51.3,0
5959,car,4.5,road_loopA_f0,road_loopA_f1,7543.0,7635.8,92.8,1303.3,50.5,0
5948,suv,4.8,road_loopA_f0,road_loopA_f1,7534.3,7636.6,102.3,1303.9,45.9,0
5928,car,4.5,road_loopA_r0,road_loopA_r1,7512.8,7645.6,132.8,1297.4,35.2,1
5868,bus,11.0,road_loopA_f0,road_loopA_f1,7463.8,7646.6,182.8,1303.5,25.7,3
5923,car,4.5,road_loopA_r0,road_loopA_r1,7509.9,7649.5,139.6,1298.3,33.5,1
5922,car,4.5,road_loopA_r0,road_loopA_r1,7509.5,7650.4,140.9,1297.9,33.2,1
1194,tram,34.0,loopA,loopA,3193.7,7650.9,4457.2,33703.5,27.2,40
5940,car,4.5,road_loopA_r0,road_loopA_r1,7528.5,7650.9,122.4,1297.6,38.2,1
5942,car,4.5,road_loopA_r0,road_loopA_r1,7529.1,7653.3,124.2,1297.4,37.6,1
5933,car,4.5,road_loopA_r0,road_loopA_r1,7518.7,7653.5,134.8,1298.1,34.7,1
6021,car,4.5,xloopA_0Ba,road_loopA_r1,7600.3,7655.8,55.5,476.9,30.9,0
5943,car,4.5,road_loopA_r0,road_loopA_r1,7529.9,7657.2,127.3,1298.5,36.7,1
5938,car,4.5,road_loopA_r0,road_loopA_r1,7526.7,7657.9,131.2,1297.4,35.6,1
5949,car,4.5,road_loopA_r0,road_loopA_r1,7534.5,7658.8,124.3,1298.6,37.6,1
5952,car,4.5,road_loopA_r0,road_loopA_r1,7538.4,7660.1,121.7,1298.7,38.4,1
6034,car,4.5,road_loopA_f0,xloopA_0Bb,7620.2,7660.1,39.9,478.8,43.2,0
5958,truck,8.5,road_loopA_r0,road_loopA_r1,7542.6,7660.8,118.2,1298.3,39.6,1
5946,car,4.5,road_loopA_r0,road_loopA_r1,7532.8,7662.0,129.2,1297.8,36.1,1
5964,car,4.5,road_loopA_r0,road_loopA_r1,7546.0,7663.5,117.5,1297.9,39.7,1
5951,car,4.5,road_loopA_r0,road_loopA_r1,7535.9,7663.8,127.9,1298.7,36.6,1
5967,suv,4.8,road_loopA_r0,road_loopA_r1,7549.5,7665.2,115.7,1297.3,40.4,1
5956,car,4.5,road_loopA_r0,road_loopA_r1,7541.6,7666.3,124.7,1298.2,37.5,1
5997,car,4.5,road_loopA_r0,xloopA_0Ab,7575.3,7666.4,91.1,869.1,34.3,1
5986,suv,4.8,road_loopA_r0,road_loopA_r1,7561.9,7667.6,105.7,1297.7,44.2,0
5963,car,4.5,road_loopA_r0,road_loopA_r1,7545.3,7667.8,122.5,1298.5,38.1,1
5934,car,4.5,xloopA_0Ba,road_loopA_r1,7519.6,7668.2,148.6,476.3,11.5,1
5966,car,4.5,road_loopA_r0,road_loopA_r1,7548.7,7669.6,120.9,1298.1,38.6,1
5924,car,4.5,road_loopA_r0,road_loopA_r1,7510.2,7670.0,159.8,1298.4,29.3,1
5993,car,4.5,road_loopA_r0,road_loopA_r1,7569.2,7671.2,102.0,1298.0,45.8,0
5931,car,4.5,road_loopA_r0,road_loopA_r1,7514.1,7671.6,157.5,1297.3,29.7,1
5955,truck,8.5,road_loopA_r0,road_loopA_r1,7541.0,7673.2,132.2,1297.8,35.3,1
5935,car,4.5,road_loopA_r0,road_loopA_r1,7524.3,7673.3,149.0,1297.3,31.3,1
5954,car,4.5,road_loopA_r0,road_loopA_r1,7539.6,7675.0,135.4,1298.1,34.5,1
5976,car,4.5,road_loopA_r0,road_loopA_r1,7557.1,7675.4,118.3,1298.3,39.5,0
6000,car,4.5,road_loopA_r0,road_loopA_r1,7577.7,7675.7,98.0,1297.5,47.7,0
5974,car,4.5,road_loopA_r0,road_loopA_r1,7554.4,7676.6,122.2,1297.3,38.2,1
5965,car,4.5,road_loopA_f0,road_loopA_f1,7548.1,7677.0,128.9,1303.4,36.4,1
5968,car,4.5,road_loopA_f0,road_loopA_f1,7551.4,7677.3,125.9,1303.8,37.3,1
5978,car,4.5,road_loopA_r0,road_loopA_r1,7557.8,7677.6,119.8,1297.6,39.0,0
5970,car,4.5,road_loopA_f0,road_loopA_f1,7552.7,7678.4,125.7,1303.2,37.3,1
5983,car,4.5,road_loopA_r0,road_loopA_r1,7559.8,7678.4,118.6,1297.5,39.4,0
6004,car,4.5,road_loopA_r0,road_loopA_r1,7579.8,7678.8,99.0,1297.6,47.2,0
5973,car,4.5,road_loopA_f0,road_loopA_f1,7553.5,7679.0,125.5,1304.0,37.4,1
5972,car,4.5,road_loopA_f0,road_loopA_f1,7553.2,7680.2,127.0,1304.2,37.0,1
5962,car,4.5,road_loopA_f0,road_loopA_f1,7544.8,7680.3,135.5,1303.3,34.6,1
6007,car,4.5,road_loopA_r0,road_loopA_r1,7580.9,7681.7,100.8,1298.2,46.4,0
5975,suv,4.8,road_loopA_f0,road_loopA_f1,7554.7,7681.9,127.2,1302.9,36.9,1
5971,car,4.5,road_loopA_f0,road_loopA_f1,7553.1,7682.0,128.9,1303.7,36.4,1
5981,car,4.5,road_loopA_f0,road_loopA_f1,7559.1,7682.2,123.1,1303.1,38.1,1
5969,car,4.5,road_loopA_r0,road_loopA_r1,7552.3,7683.6,131.3,1298.0,35.6,0
5905,bus,11.0,road_loopA_r0,road_loopA_r1,7495.2,7683.8,188.6,1297.7,24.8,3
5995,suv,4.8,road_loopA_f0,road_loopA_f1,7572.4,7684.0,111.6,1303.8,42.1,1
5984,car,4.5,road_loopA_r0,road_loopA_r1,7561.4,7685.2,123.8,1297.4,37.7,0
5977,suv,4.8,road_loopA_r0,road_loopA_r1,7557.5,7685.5,128.0,1298.0,36.5,0
6009,car,4.5,road_loopA_r0,road_loopA_r1,7583.8,7685.9,102.1,1298.4,45.8,0
5990,car,4.5,road_loopA_f0,road_loopA_f1,7567.0,7686.8,119.8,1303.8,39.2,1
6003,car,4.5,road_loopA_f0,road_loopA_f1,7579.6,7686.9,107.3,1303.5,43.7,1
5998,car,4.5,road_loopA_r0,road_loopA_r1,7576.1,7687.2,111.1,1297.5,42.1,0
5988,car,4.5,road_loopA_r0,road_loopA_r1,7562.4,7687.4,125.0,1297.8,37.4,0
5999,car,4.5,road_loopA_r0,road_loopA_r1,7576.4,7688.8,112.4,1298.4,41.6,0
5994,car,4.5,road_loopA_r0,road_loopA_r1,7570.8,7689.1,118.3,1297.9,39.5,0
5991,truck,8.5,road_loopA_f0,road_loopA_f1,7567.2,7690.4,123.2,1303.8,38.1,1
6001,car,4.5,road_loopA_r0,road_loopA_r1,7578.2,7690.6,112.4,1298.2,41.6,0
5985,car,4.5,road_loopA_f0,road_loopA_f1,7561.5,7691.0,129.5,1303.7,36.2,1
6015,car,4.5,road_loopA_r0,road_loopA_r1,7595.5,7691.1,95.6,1298.5,48.9,0
6008,car,4.5,road_loopA_r0,road_loopA_r1,7583.6,7692.2,108.6,1298.1,43.0,0
6012,truck,8.5,road_loopA_f0,road_loopA_f1,7592.9,7692.2,99.3,1303.3,47.3,0
5996,suv,4.8,road_loopA_f0,road_loopA_f1,7573.6,7694.0,120.4,1303.3,39.0,1
6017,car,4.5,road_loopA_f0,road_loopA_f1,7597.2,7694.2,97.0,1304.0,48.4,0
6005,truck,8.5,road_loopA_f0,road_loopA_f1,7580.3,7696.3,116.0,1303.8,40.5,0
6027,car,4.5,road_loopA_r0,road_loopA_r1,7607.5,7696.5,89.0,1297.3,52.5,0
5979,bus,11.0,road_loopA_r0,road_loopA_r1,7557.9,7697.1,139.2,1298.3,33.6,1
6010,car,4.5,road_loopA_f0,road_loopA_f1,7584.6,7697.5,112.9,1303.3,41.6,0
6024,suv,4.8,road_loopA_f0,road_loopA_f1,7602.8,7697.6,94.8,1303.8,49.5,0
6011,car,4.5,road_loopA_f0,road_loopA_f1,7585.4,7698.9,113.5,1303.0,41.3,0
6014,car,4.5,road_loopA_f0,road_loopA_f1,7594.3,7699.3,105.0,1303.0,44.7,0
5829,car,4.5,road_loopA_r0,xloopA_0Bb,7417.1,7699.9,282.8,895.4,11.4,2
5950,car,4.5,road_loopA_f0,xloopA_0Ab,7534.8,7700.5,165.7,505.2,11.0,2
6013,car,4.5,road_loopA_f0,road_loopA_f1,7593.3,7700.6,107.3,1303.3,43.7,0
5832,car,4.5,road_loopA_r0,xloopA_0Bb,7420.0,7702.5,282.5,895.4,11.4,2
6018,truck,8.5,road_loopA_f0,road_loopA_f1,7598.5,7702.9,104.4,1303.3,44.9,0
5982,suv,4.8,road_loopA_f0,xloopA_0Ab,7559.6,7703.1,143.5,504.9,12.7,1
6016,car,4.5,road_loopA_f0,road_loopA_f1,7596.2,7704.0,107.8,1303.9,43.6,0
6023,suv,4.8,road_loopA_f0,road_loopA_f1,7602.5,7704.9,102.4,1302.8,45.8,0
5957,bus,11.0,road_loopA_r0,road_loopA_r1,7542.4,7705.5,163.1,1298.1,28.7,2
6022,suv,4.8,road_loopA_f0,road_loopA_f1,7600.8,7705.8,105.0,1304.0,44.7,0
6063,car,4.5,road_loopA_f0,xloopA_0Ab,7649.8,7705.8,56.0,505.2,32.5,0
5843,truck,8.5,road_loopA_r0,xloopA_0Bb,7434.7,7706.0,271.3,895.8,11.9,2
6026,car,4.5,road_loopA_f0,road_loopA_f1,7604.5,7706.7,102.2,1303.9,45.9,0
6028,car,4.5,road_loopA_r0,road_loopA_r1,7608.1,7708.5,100.4,1298.5,46.5,0
6025,bus,11.0,road_loopA_f0,road_loopA_f1,7603.9,7710.3,106.4,1303.6,44.1,0
6032,car,4.5,road_loopA_f0,road_loopA_f1,7617.5,7712.4,94.9,1302.9,49.4,0
6051,car,4.5,xloopA_0Ba,xloopA_0Bb,7636.9,7712.7,75.8,84.6,4.0,1
6029,car,4.5,road_loopA_f0,road_loopA_f1,7609.6,7712.9,103.3,1303.7,45.5,0
6031,car,4.5,xloopA_0Aa,xloopA_0Ab,7612.7,7713.8,101.1,84.3,3.0,1
6038,car,4.5,xloopA_0Aa,xloopA_0Ab,7622.7,7716.0,93.3,84.3,3.3,1
6006,bus,11.0,road_loopA_f0,road_loopA_f1,7580.5,7717.1,136.6,1303.1,34.3,1
6131,car,4.5,xloopA_0Ba,xloopA_0Bb,7708.1,7717.7,9.6,84.5,31.6,0
6074,car,4.5,xloopA_0Aa,xloopA_0Ab,7658.0,7718.2,60.2,84.3,5.0,1
6133,car,4.5,xloopA_0Ba,xloopA_0Bb,7709.6,7719.7,10.1,84.5,30.1,0
6076,car,4.5,xloopA_0Aa,xloopA_0Ab,7659.5,7720.5,61.0,84.2,5.0,0
6043,car,4.5,road_loopA_f0,road_loopA_f1,7626.6,7721.1,94.5,1303.8,49.7,0
6040,car,4.5,road_loopA_f0,road_loopA_f1,7625.4,7728.4,103.0,1303.2,45.6,0
6052,suv,4.8,road_loopA_f0,road_loopA_f1,7638.0,7732.7,94.7,1304.0,49.6,0
6019,car,4.5,road_loopA_r0,xloopA_0Ab,7599.6,7733.4,133.8,869.1,23.4,3
6049,car,4.5,road_loopA_f0,road_loopA_f1,7635.7,7733.8,98.1,1303.9,47.9,0
6054,suv,4.8,road_loopA_f0,road_loopA_f1,7638.9,7734.4,95.5,1303.8,49.1,0
6058,car,4.5,road_loopA_f0,road_loopA_f1,7645.3,7735.2,89.9,1303.1,52.2,0
6053,car,4.5,road_loopA_f0,road_loopA_f1,7638.6,7735.5,96.9,1303.3,48.4,0
6055,car,4.5,road_loopA_f0,road_loopA_f1,7642.8,7737.3,94.5,1304.1,49.7,0
6067,suv,4.8,road_loopA_f0,road_loopA_f1,7651.6,7741.0,89.4,1302.9,52.5,0
6070,car,4.5,road_loopA_f0,road_loopA_f1,7654.1,7744.0,89.9,1303.4,52.2,0
6080,truck,8.5,road_loopA_r0,xloopA_0Ab,7666.9,7749.9,83.0,869.2,37.7,0
5989,bus,11.0,road_loopA_f0,road_loopA_f1,7565.8,7750.5,184.7,1303.3,25.4,2
6056,car,4.5,road_loopA_f0,road_loopA_f1,7644.2,7751.6,107.4,1303.8,43.7,0
6061,car,4.5,road_loopA_f0,road_loopA_f1,7647.1,7753.3,106.2,1303.0,44.2,0
6036,suv,4.8,road_loopA_r0,road_loopA_r1,7621.4,7753.5,132.1,1298.2,35.4,1
6035,car,4.5,road_loopA_r0,road_loopA_r1,7620.7,7753.8,133.1,1297.3,35.1,1
6033,suv,4.8,road_loopA_r0,road_loopA_r1,7618.3,7755.6,137.3,1298.5,34.0,1
6044,car,4.5,road_loopA_r0,road_loopA_r1,7626.6,7756.6,130.0,1297.6,35.9,1
6041,car,4.5,road_loopA_r0,road_loopA_r1,7625.9,7757.1,131.2,1298.1,35.6,1
6137,car,4.5,road_loopA_f0,xloopA_0Bb,7713.1,7758.3,45.2,478.7,38.1,0
6046,car,4.5,road_loopA_r0,road_loopA_r1,7629.5,7758.5,129.0,1297.6,36.2,1
6045,suv,4.8,road_loopA_r0,road_loopA_r1,7629.4,7760.1,130.7,1298.3,35.8,1
6037,suv,4.8,road_loopA_r0,road_loopA_r1,7622.0,7761.0,139.0,1297.5,33.6,1
6030,truck,8.5,road_loopA_r0,road_loopA_r1,7612.4,7761.2,148.8,1297.3,31.4,1
6047,car,4.5,road_loopA_r0,road_loopA_r1,7632.1,7763.4,131.3,1297.8,35.6,1
6050,suv,4.8,road_loopA_r0,road_loopA_r1,7636.0,7764.6,128.6,1297.6,36.3,1
6039,car,4.5,road_loopA_r0,road_loopA_r1,7624.5,7765.4,140.9,1298.0,33.2,1
6059,car,4.5,road_loopA_r0,road_loopA_r1,7645.9,7766.4,120.5,1297.9,38.8,1
6057,car,4.5,road_loopA_r0,road_loopA_r1,7645.2,7767.0,121.8,1297.4,38.3,1
6042,suv,4.8,road_loopA_r0,road_loopA_r1,7626.0,7767.1,141.1,1298.0,33.1,1
6062,car,4.5,road_loopA_r0,road_loopA_r1,7647.4,7769.0,121.6,1298.4,38.4,1
6078,car,4.5,road_loopA_r0,road_loopA_r1,7662.5,7769.3,106.8,1298.2,43.8,0
6048,car,4.5,road_loopA_r0,road_loopA_r1,7633.5,7769.5,136.0,1297.9,34.4,1
6065,car,4.5,road_loopA_r0,road_loopA_r1,7651.1,7770.7,119.6,1298.0,39.1,1
6085,car,4.5,road_loopA_r0,road_loopA_r1,7670.3,7772.3,102.0,1298.5,45.8,0
6069,car,4.5,road_loopA_r0,road_loopA_r1,7653.6,7772.6,119.0,1298.0,39.3,1
6091,car,4.5,road_loopA_r0,road_loopA_r1,7675.6,7774.6,99.0,1298.4,47.2,0
6068,suv,4.8,road_loopA_r0,road_loopA_r1,7651.9,7775.7,123.8,1297.5,37.7,1
6060,suv,4.8,road_loopA_r0,road_loopA_r1,7646.5,7776.0,129.5,1297.4,36.1,0
6097,car,4.5,road_loopA_r0,road_loopA_r1,7680.5,7777.3,96.8,1298.6,48.3,0
6075,suv,4.8,road_loopA_r0,road_loopA_r1,7659.3,7777.4,118.1,1297.5,39.5,0
6089,car,4.5,road_loopA_r0,road_loopA_r1,7672.6,7777.7,105.1,1297.5,44.4,0
6099,car,4.5,road_loopA_r0,road_loopA_r1,7681.4,7778.4,97.0,1297.6,48.2,0
6086,suv,4.8,road_loopA_r0,road_loopA_r1,7671.8,7779.3,107.5,1298.6,43.5,0
6095,suv,4.8,road_loopA_r0,road_loopA_r1,7678.9,7781.1,102.2,1298.3,45.7,0
6090,truck,8.5,road_loopA_r0,road_loopA_r1,7674.0,7781.5,107.5,1298.2,43.5,0
6072,car,4.5,road_loopA_f0,road_loopA_f1,7657.7,7783.1,125.4,1303.2,37.4,1
6098,truck,8.5,road_loopA_r0,road_loopA_r1,7681.2,7784.0,102.8,1298.6,45.5,0
6100,car,4.5,road_loopA_r0,road_loopA_r1,7681.5,7784.0,102.5,1297.9,45.6,0
6105,car,4.5,road_loopA_r0,road_loopA_r1,7688.4,7784.0,95.6,1297.8,48.9,0
6104,car,4.5,road_loopA_r0,road_loopA_r1,7686.8,7785.8,99.0,1298.5,47.2,0
6107,car,4.5,road_loopA_r0,road_loopA_r1,7691.2,7786.0,94.8,1297.9,49.3,0
6073,suv,4.8,road_loopA_f0,road_loopA_f1,7657.8,7786.9,129.1,1303.9,36.4,1
6082,truck,8.5,road_loopA_f0,road_loopA_f1,7667.9,7789.0,121.1,1302.8,38.7,1
6112,car,4.5,road_loopA_r0,road_loopA_r1,7701.2,7790.1,88.9,1297.3,52.5,0
6084,car,4.5,road_loopA_f0,road_loopA_f1,7669.7,7790.9,121.2,1303.3,38.7,1
6071,car,4.5,road_loopA_f0,road_loopA_f1,7657.5,7791.7,134.2,1303.7,35.0,1
6102,suv,4.8,road_loopA_r0,road_loopA_r1,7685.8,7791.7,105.9,1297.7,44.1,0
6088,car,4.5,road_loopA_f0,road_loopA_f1,7672.5,7792.4,119.9,1302.8,39.1,1
6083,car,4.5,road_loopA_f0,road_loopA_f1,7669.4,7793.4,124.0,1304.0,37.9,1
6066,car,4.5,road_loopA_f0,road_loopA_f1,7651.3,7793.5,142.2,1303.1,33.0,1
6093,car,4.5,road_loopA_f0,road_loopA_f1,7678.3,7794.3,116.0,1302.9,40.4,1
6077,car,4.5,road_loopA_f0,road_loopA_f1,7661.4,7795.1,133.7,1302.9,35.1,1
6092,suv,4.8,road_loopA_f0,road_loopA_f1,7677.0,7795.1,118.1,1303.3,39.7,1
6101,car,4.5,road_loopA_f0,road_loopA_f1,7682.2,7796.2,114.0,1304.0,41.2,1
6094,car,4.5,road_loopA_f0,road_loopA_f1,7678.7,7796.9,118.2,1303.6,39.7,1
6079,car,4.5,road_loopA_f0,road_loopA_f1,7663.8,7797.0,133.2,1303.5,35.2,1
6106,suv,4.8,road_loopA_f0,road_loopA_f1,7688.9,7797.9,109.0,1303.4,43.0,0
6087,car,4.5,road_loopA_f0,road_loopA_f1,7672.4,7798.7,126.3,1303.5,37.2,1
6108,car,4.5,road_loopA_f0,road_loopA_f1,7695.5,7798.7,103.2,1304.1,45.5,0
6110,car,4.5,road_loopA_f0,road_loopA_f1,7700.4,7799.7,99.3,1304.1,47.3,0
6064,bus,11.0,road_loopA_r0,road_loopA_r1,7650.1,7800.0,149.9,1298.1,31.2,1
6103,car,4.5,road_loopA_f0,road_loopA_f1,7686.8,7800.4,113.6,1302.8,41.3,0
6122,car,4.5,road_loopA_f0,road_loopA_f1,7704.4,7800.4,96.0,1303.6,48.9,0
6109,truck,8.5,road_loopA_f0,road_loopA_f1,7699.9,7801.9,102.0,1303.9,46.0,0
6124,car,4.5,road_loopA_f0,road_loopA_f1,7705.7,7802.2,96.5,1303.3,48.6,0
6111,truck,8.5,road_loopA_r0,road_loopA_r1,7700.4,7802.6,102.2,1298.1,45.7,0
6117,truck,8.5,road_loopA_f0,road_loopA_f1,7702.4,7802.6,100.2,1303.5,46.8,0
6081,bus,11.0,road_loopA_r0,road_loopA_r1,7667.0,7802.7,135.7,1298.5,34.4,1
6114,car,4.5,road_loopA_r0,road_loopA_r1,7701.4,7802.8,101.4,1297.3,46.0,0
6115,car,4.5,road_loopA_f0,road_loopA_f1,7702.1,7803.9,101.8,1303.7,46.1,0
6121,car,4.5,road_loopA_r0,road_loopA_r1,7704.2,7804.0,99.8,1298.6,46.9,0
6129,car,4.5,road_loopA_f0,road_loopA_f1,7707.6,7804.3,96.7,1303.3,48.5,0
5926,suv,4.8,road_loopA_r0,xloopA_0Bb,7511.2,7804.4,293.2,896.0,11.0,3
6113,car,4.5,road_loopA_r0,road_loopA_r1,7701.2,7804.5,103.3,1297.5,45.2,0
6096,car,4.5,road_loopA_f0,xloopA_0Ab,7679.3,7804.9,125.6,505.1,14.5,1
6118,car,4.5,road_loopA_r0,road_loopA_r1,7702.8,7806.1,103.3,1297.5,45.2,0
6119,truck,8.5,road_loopA_f0,road_loopA_f1,7703.3,7806.1,102.8,1304.1,45.7,0
6116,suv,4.8,road_loopA_r0,road_loopA_r1,7702.2,7806.4,104.2,1298.5,44.9,0
5944,suv,4.8,road_loopA_r0,xloopA_0Bb,7529.9,7807.0,277.1,895.7,11.6,2
6134,car,4.5,road_loopA_r0,road_loopA_r1,7711.0,7807.4,96.4,1297.7,48.4,0
6142,car,4.5,road_loopA_f0,xloopA_0Ab,7717.1,7807.5,90.4,505.1,20.1,1
6130,suv,4.8,road_loopA_r0,road_loopA_r1,7707.9,7807.8,99.9,1297.4,46.7,0
6135,suv,4.8,road_loopA_f0,road_loopA_f1,7711.9,7808.0,96.1,1304.1,48.9,0
6120,car,4.5,road_loopA_r0,road_loopA_r1,7704.0,7808.1,104.1,1298.0,44.9,0
6132,suv,4.8,road_loopA_f0,road_loopA_f1,7708.6,7808.5,99.9,1303.3,47.0,0
6127,suv,4.8,road_loopA_r0,road_loopA_r1,7706.9,7809.6,102.7,1297.3,45.5,0
5987,car,4.5,road_loopA_r0,xloopA_0Bb,7562.3,7809.7,247.4,895.7,13.0,2
6126,truck,8.5,road_loopA_f0,road_loopA_f1,7706.8,7809.8,103.0,1303.4,45.5,0
6125,suv,4.8,road_loopA_r0,road_loopA_r1,7705.9,7809.9,104.0,1298.1,44.9,0
6182,car,4.5,road_loopA_f0,xloopA_0Ab,7749.7,7810.2,60.5,505.4,30.1,1
6141,car,4.5,road_loopA_r0,road_loopA_r1,7716.1,7811.4,95.3,1297.8,49.0,0
6128,car,4.5,road_loopA_r0,road_loopA_r1,7707.3,7811.7,104.4,1298.3,44.8,0
6143,suv,4.8,road_loopA_f0,road_loopA_f1,7717.2,7812.2,95.0,1303.5,49.4,0
6123,car,4.5,road_loopA_r0,xloopA_0Bb,7705.7,7812.3,106.6,895.4,30.2,1
6136,truck,8.5,road_loopA_r0,road_loopA_r1,7712.3,7813.0,100.7,1298.5,46.4,0
6140,car,4.5,road_loopA_r0,road_loopA_r1,7716.0,7813.5,97.5,1298.2,47.9,0
6145,car,4.5,road_loopA_r0,road_loopA_r1,7719.1,7813.8,94.7,1298.1,49.4,0
6148,car,4.5,road_loopA_f0,road_loopA_f1,7720.0,7813.8,93.8,1303.8,50.0,0
6154,car,4.5,road_loopA_f0,road_loopA_f1,7723.7,7814.9,91.2,1303.2,51.4,0
6166,car,4.5,road_loopA_r0,xloopA_0Bb,7732.6,7815.0,82.4,895.6,39.1,0
6147,suv,4.8,road_loopA_r0,road_loopA_r1,7719.5,7815.5,96.0,1297.4,48.7,0
6150,suv,4.8,road_loopA_f0,road_loopA_f1,7721.5,7816.7,95.2,1303.0,49.2,0
6156,car,4.5,road_loopA_f0,road_loopA_f1,7725.7,7818.4,92.7,1302.9,50.6,0
6144,car,4.5,road_loopA_f0,road_loopA_f1,7718.1,7818.7,100.6,1303.4,46.6,0
6149,suv,4.8,road_loopA_r0,road_loopA_r1,7720.6,7818.9,98.3,1297.5,47.5,0
6153,car,4.5,road_loopA_r0,road_loopA_r1,7723.2,7819.5,96.3,1297.5,48.5,0
6151,car,4.5,xloopA_0Ba,xloopA_0Bb,7721.8,7820.1,98.3,84.5,3.1,1
6161,suv,4.8,road_loopA_f0,road_loopA_f1,7730.0,7820.4,90.4,1303.5,51.9,0
6157,suv,4.8,road_loopA_r0,road_loopA_r1,7726.8,7821.3,94.5,1298.0,49.4,0
6139,car,4.5,xloopA_0Aa,xloopA_0Ab,7715.6,7821.6,106.0,84.5,2.9,1
6159,suv,4.8,road_loopA_f0,road_loopA_f1,7728.0,7823.4,95.4,1303.0,49.2,0
6160,car,4.5,road_loopA_r0,road_loopA_r1,7728.4,7824.2,95.8,1297.8,48.8,0
6146,truck,8.5,road_loopA_r0,road_loopA_r1,7719.2,7825.0,105.8,1298.4,44.2,0
6170,car,4.5,road_loopA_f0,road_loopA_f1,7736.1,7825.5,89.4,1303.1,52.5,0
6164,car,4.5,xloopA_0Aa,xloopA_0Ab,7732.3,7826.7,94.4,84.5,3.2,1
6206,car,4.5,xloopA_0Ba,xloopA_0Bb,7769.0,7827.0,58.0,84.8,5.3,0
6165,car,4.5,xloopA_0Aa,xloopA_0Ab,7732.5,7828.9,96.4,84.4,3.2,0
6234,car,4.5,xloopA_0Ba,xloopA_0Bb,7795.4,7830.5,35.1,84.4,8.6,0
6193,car,4.5,xloopA_0Aa,xloopA_0Ab,7761.0,7831.2,70.2,84.5,4.3,0
6169,car,4.5,road_loopA_f0,road_loopA_f1,7736.0,7831.5,95.5,1303.3,49.1,0
6254,car,4.5,xloopA_0Ba,xloopA_0Bb,7809.3,7832.6,23.3,84.2,13.0,0
6178,car,4.5,road_loopA_f0,road_loopA_f1,7743.4,7832.8,89.4,1304.1,52.5,0
6180,suv,4.8,road_loopA_f0,road_loopA_f1,7745.5,7835.7,90.2,1303.4,52.0,0
6185,car,4.5,road_loopA_f0,road_loopA_f1,7754.2,7843.7,89.5,1304.0,52.5,0
6181,car,4.5,road_loopA_f0,road_loopA_f1,7746.9,7844.3,97.4,1303.9,48.2,0
6205,car,4.5,road_loopA_f0,xloopA_0Bb,7768.8,7848.9,80.1,479.0,21.5,1
6187,suv,4.8,road_loopA_f0,road_loopA_f1,7754.6,7849.3,94.7,1303.0,49.5,0
6174,suv,4.8,road_loopA_f0,road_loopA_f1,7740.1,7849.9,109.8,1303.1,42.7,0
6183,car,4.5,road_loopA_f0,road_loopA_f1,7752.9,7859.5,106.6,1303.3,44.0,0
6167,car,4.5,road_loopA_r0,road_loopA_r1,7734.0,7867.5,133.5,1297.7,35.0,1
6162,car,4.5,road_loopA_r0,road_loopA_r1,7731.8,7872.1,140.3,1297.6,33.3,1
6172,car,4.5,road_loopA_r0,road_loopA_r1,7738.0,7872.2,134.2,1297.7,34.8,1
6175,car,4.5,road_loopA_r0,road_loopA_r1,7740.4,7875.1,134.7,1297.5,34.7,1
6176,suv,4.8,road_loopA_r0,road_loopA_r1,7740.5,7875.7,135.2,1298.0,34.6,1
6186,car,4.5,xloopA_0Ba,road_loopA_r1,7754.3,7875.9,121.6,476.4,14.1,1
6173,car,4.5,road_loopA_r0,road_loopA_r1,7738.8,7878.8,140.0,1298.1,33.4,1
6195,car,4.5,road_loopA_r0,road_loopA_r1,7761.2,7880.3,119.1,1298.4,39.3,1
6155,car,4.5,road_loopA_r0,road_loopA_r1,7724.9,7880.4,155.5,1297.7,30.0,1
6290,suv,4.8,road_loopA_f0,xloopA_0Bb,7842.1,7882.1,40.0,478.9,43.1,0
6168,car,4.5,road_loopA_r0,road_loopA_r1,7735.7,7882.7,147.0,1297.8,31.8,1
6203,truck,8.5,road_loopA_r0,road_loopA_r1,7767.6,7883.4,115.8,1297.5,40.3,1
6171,car,4.5,xloopA_0Ba,road_loopA_r1,7737.8,7885.5,147.7,476.2,11.6,1
6210,truck,8.5,road_loopA_r0,road_loopA_r1,7772.1,7885.5,113.4,1298.1,41.2,1
6179,car,4.5,road_loopA_r0,road_loopA_r1,7745.2,7886.2,141.0,1298.3,33.2,1
6152,truck,8.5,road_loopA_r0,road_loopA_r1,7722.1,7887.8,165.7,1297.5,28.2,1
6208,car,4.5,road_loopA_r0,road_loopA_r1,7770.0,7888.9,118.9,1297.8,39.3,1
6177,car,4.5,road_loopA_r0,road_loopA_r1,7741.7,7889.3,147.6,1297.6,31.6,1
6163,suv,4.8,road_loopA_r0,road_loopA_r1,7731.9,7889.9,158.0,1298.1,29.6,1
6220,car,4.5,road_loopA_r0,road_loopA_r1,7779.4,7890.1,110.7,1298.6,42.2,0
6188,car,4.5,road_loopA_r0,road_loopA_r1,7755.6,7891.6,136.0,1298.3,34.4,1
6215,suv,4.8,road_loopA_r0,road_loopA_r1,7777.3,7891.6,114.3,1298.0,40.9,0
6230,truck,8.5,road_loopA_r0,road_loopA_r1,7788.5,7892.9,104.4,1298.4,44.8,0
6191,suv,4.8,road_loopA_r0,road_loopA_r1,7758.4,7893.3,134.9,1297.6,34.6,1
6211,car,4.5,road_loopA_r0,road_loopA_r1,7774.5,7894.1,119.6,1298.5,39.1,0
6228,car,4.5,road_loopA_r0,road_loopA_r1,7787.0,7894.1,107.1,1298.4,43.7,0
1761,tram,34.0,loopA,loopA,3673.7,7894.7,4221.0,33702.4,28.7,41
6198,car,4.5,road_loopA_r0,road_loopA_r1,7763.4,7895.0,131.6,1297.8,35.5,1
6235,car,4.5,road_loopA_r0,road_loopA_r1,7795.8,7895.3,99.5,1297.7,46.9,0
6222,car,4.5,road_loopA_r0,road_loopA_r1,7781.0,7895.8,114.8,1298.4,40.7,0
6217,truck,8.5,road_loopA_r0,road_loopA_r1,7778.0,7897.4,119.4,1298.3,39.1,0
6243,car,4.5,road_loopA_r0,road_loopA_r1,7801.9,7897.6,95.7,1298.5,48.8,0
6199,car,4.5,road_loopA_f0,road_loopA_f1,7763.9,7898.1,134.2,1302.9,35.0,1
6231,car,4.5,road_loopA_r0,road_loopA_r1,7790.6,7899.5,108.9,1298.6,42.9,0
6223,truck,8.5,road_loopA_r0,road_loopA_r1,7783.4,7900.0,116.6,1297.8,40.1,0
6189,car,4.5,road_loopA_f0,road_loopA_f1,7757.0,7900.7,143.7,1303.8,32.7,1
6236,car,4.5,road_loopA_r0,road_loopA_r1,7796.1,7901.3,105.2,1298.6,44.4,0
6207,suv,4.8,road_loopA_f0,road_loopA_f1,7769.5,7901.7,132.2,1303.9,35.5,1
6238,suv,4.8,road_loopA_r0,road_loopA_r1,7798.3,7903.1,104.8,1298.6,44.6,0
6240,suv,4.8,road_loopA_r0,road_loopA_r1,7799.2,7903.2,104.0,1298.2,44.9,0
6209,car,4.5,road_loopA_f0,road_loopA_f1,7771.0,7904.6,133.6,1303.6,35.1,1
6249,car,4.5,road_loopA_r0,road_loopA_r1,7804.5,7904.6,100.1,1297.4,46.7,0
6317,car,4.5,road_loopA_f0,xloopA_0Bb,7863.9,7905.1,41.2,478.7,41.9,0
6244,truck,8.5,road_loopA_r0,road_loopA_r1,7802.9,7905.3,102.4,1297.5,45.6,0
6239,truck,8.5,road_loopA_r0,road_loopA_r1,7798.4,7905.4,107.0,1298.3,43.7,0
6138,bus,11.0,road_loopA_r0,road_loopA_r1,7713.2,7906.5,193.3,1297.5,24.2,3
6250,car,4.5,road_loopA_r0,road_loopA_r1,7804.7,7906.6,101.9,1298.6,45.9,0
6247,car,4.5,road_loopA_r0,road_loopA_r1,7804.5,7907.4,102.9,1298.5,45.4,0
6241,car,4.5,road_loopA_r0,road_loopA_r1,7800.5,7907.5,107.0,1297.3,43.7,0
6218,suv,4.8,road_loopA_f0,road_loopA_f1,7778.4,7907.7,129.3,1303.9,36.3,1
6252,car,4.5,road_loopA_r0,road_loopA_r1,7806.7,7909.1,102.4,1297.9,45.6,0
6221,car,4.5,road_loopA_f0,road_loopA_f1,7780.8,7909.3,128.5,1304.1,36.5,1
6245,suv,4.8,road_loopA_r0,road_loopA_r1,7803.6,7909.6,106.0,1297.4,44.0,0
6262,car,4.5,road_loopA_r0,road_loopA_r1,7817.6,7911.4,93.8,1297.4,49.8,0
6194,car,4.5,road_loopA_f0,road_loopA_f1,7761.2,7915.0,153.8,1303.7,30.5,1
6268,car,4.5,road_loopA_r0,road_loopA_r1,7823.2,7916.2,93.0,1298.4,50.3,0
6224,suv,4.8,road_loopA_f0,road_loopA_f1,7784.2,7916.6,132.4,1303.7,35.4,1
6237,car,4.5,road_loopA_f0,road_loopA_f1,7796.7,7916.8,120.1,1303.4,39.1,1
6271,suv,4.8,road_loopA_r0,road_loopA_r1,7827.0,7918.0,91.0,1298.2,51.4,0
6248,suv,4.8,road_loopA_f0,road_loopA_f1,7804.5,7918.6,114.1,1303.6,41.1,0
6246,car,4.5,road_loopA_r0,road_loopA_r1,7804.1,7919.2,115.1,1298.1,40.6,0
6255,car,4.5,road_loopA_f0,road_loopA_f1,7809.9,7920.6,110.7,1303.2,42.4,0
6253,truck,8.5,road_loopA_r0,road_loopA_r1,7808.8,7920.7,111.9,1297.4,41.7,0
6260,car,4.5,road_loopA_r0,road_loopA_r1,7815.6,7921.0,105.4,1298.2,44.3,0
6261,car,4.5,road_loopA_r0,road_loopA_r1,7816.6,7921.4,104.8,1297.5,44.6,0
6184,car,4.5,road_loopA_r0,xloopA_0Bb,7753.2,7921.5,168.3,895.4,19.1,1
6212,car,4.5,road_loopA_f0,xloopA_0Ab,7775.6,7922.1,146.5,505.2,12.4,1
6257,car,4.5,road_loopA_f0,road_loopA_f1,7813.7,7922.3,108.6,1304.1,43.2,0
6273,truck,8.5,road_loopA_r0,road_loopA_r1,7829.0,7922.6,93.6,1297.4,49.9,0
6259,car,4.5,road_loopA_r0,road_loopA_r1,7814.6,7922.8,108.2,1297.5,43.2,0
6276,car,4.5,road_loopA_r0,road_loopA_r1,7831.1,7924.0,92.9,1298.2,50.3,0
6226,car,4.5,road_loopA_r0,xloopA_0Bb,7785.9,7924.1,138.2,895.4,23.3,1
6267,car,4.5,road_loopA_r0,road_loopA_r1,7822.9,7924.5,101.6,1298.2,46.0,0
6232,car,4.5,road_loopA_f0,xloopA_0Ab,7791.2,7924.7,133.5,505.2,13.6,1
6200,car,4.5,road_loopA_f0,road_loopA_f1,7765.3,7924.8,159.5,1304.0,29.4,1
6225,car,4.5,xloopA_0Aa,road_loopA_f1,7785.4,7925.7,140.3,872.1,22.4,0
6272,car,4.5,road_loopA_r0,road_loopA_r1,7827.2,7926.5,99.3,1298.6,47.1,0
6269,truck,8.5,road_loopA_r0,road_loopA_r1,7824.9,7926.6,101.7,1297.4,45.9,0
6280,car,4.5,road_loopA_r0,xloopA_0Bb,7833.4,7926.8,93.4,895.6,34.5,1
6258,car,4.5,road_loopA_f0,xloopA_0Ab,7814.4,7927.3,112.9,505.0,16.1,1
6251,car,4.5,road_loopA_f0,road_loopA_f1,7805.6,7927.6,122.0,1303.9,38.5,0
6270,suv,4.8,road_loopA_f0,road_loopA_f1,7825.6,7929.0,103.4,1303.5,45.4,0
6284,suv,4.8,road_loopA_r0,xloopA_0Bb,7835.4,7929.5,94.1,895.7,34.3,0
6263,car,4.5,road_loopA_f0,xloopA_0Ab,7818.4,7930.0,111.6,505.2,16.3,1
6287,suv,4.8,road_loopA_r0,road_loopA_r1,7836.5,7930.2,93.7,1297.4,49.8,0
6192,bus,11.0,road_loopA_r0,road_loopA_r1,7759.2,7930.5,171.3,1298.1,27.3,3
6277,car,4.5,road_loopA_f0,road_loopA_f1,7831.4,7930.8,99.4,1302.9,47.2,0
6274,truck,8.5,road_loopA_r0,road_loopA_r1,7829.7,7931.2,101.5,1297.8,46.0,0
6281,car,4.5,road_loopA_r0,road_loopA_r1,7833.5,7931.5,98.0,1297.9,47.7,0
6216,car,4.5,xloopA_0Aa,road_loopA_f1,7777.8,7932.5,154.7,872.0,20.3,0
6285,car,4.5,road_loopA_f0,road_loopA_f1,7835.5,7932.6,97.1,1303.3,48.3,0
6321,suv,4.8,road_loopA_f0,xloopA_0Ab,7867.5,7932.7,65.2,505.4,27.9,1
6158,car,4.5,xloopA_0Aa,road_loopA_f1,7727.5,7933.2,205.7,872.4,15.3,1
6291,car,4.5,road_loopA_r0,road_loopA_r1,7843.0,7933.2,90.2,1298.3,51.8,0
6279,car,4.5,road_loopA_r0,road_loopA_r1,7832.5,7933.3,100.8,1298.3,46.4,0
6213,car,4.5,road_loopA_f0,road_loopA_f1,7775.6,7934.2,158.6,1303.5,29.6,1
6289,car,4.5,road_loopA_f0,road_loopA_f1,7841.7,7934.3,92.6,1302.8,50.7,0
6296,car,4.5,road_loopA_r0,road_loopA_r1,7845.9,7934.8,88.9,1297.3,52.5,0
6190,car,4.5,road_loopA_f0,road_loopA_f1,7757.3,7934.9,177.6,1303.2,26.4,1
6282,car,4.5,road_loopA_r0,road_loopA_r1,7833.5,7935.0,101.5,1297.6,46.0,0
6283,car,4.5,road_loopA_r0,road_loopA_r1,7834.2,7935.3,101.1,1297.4,46.2,0
6286,car,4.5,road_loopA_f0,road_loopA_f1,7835.6,7936.1,100.5,1303.0,46.7,0
6227,truck,8.5,road_loopA_f0,road_loopA_f1,7786.6,7936.3,149.7,1303.1,31.3,1
6196,car,4.5,road_loopA_f0,road_loopA_f1,7761.3,7936.6,175.3,1303.2,26.8,1
6319,car,4.5,xloopA_0Aa,xloopA_0Ab,7866.4,7936.6,70.2,84.6,4.3,1
6327,car,4.5,xloopA_0Ba,xloopA_0Bb,7872.1,7936.6,64.5,84.4,4.7,1
6300,car,4.5,road_loopA_r0,road_loopA_r1,7847.3,7937.6,90.3,1298.5,51.8,0
6278,suv,4.8,road_loopA_f0,road_loopA_f1,7831.5,7937.9,106.4,1303.7,44.1,0
6202,car,4.5,road_loopA_f0,road_loopA_f1,7765.9,7938.3,172.4,1303.6,27.2,1
6229,car,4.5,road_loopA_f0,road_loopA_f1,7787.3,7938.3,151.0,1303.8,31.1,1
6288,car,4.5,road_loopA_r0,road_loopA_r1,7841.3,7938.4,97.1,1297.5,48.1,0
6233,car,4.5,road_loopA_f0,road_loopA_f1,7792.4,7940.0,147.6,1303.9,31.8,1
6201,car,4.5,road_loopA_f0,road_loopA_f1,7765.7,7940.2,174.5,1303.8,26.9,1
6295,suv,4.8,road_loopA_r0,road_loopA_r1,7845.5,7940.2,94.7,1298.2,49.3,0
6360,car,4.5,xloopA_0Ba,xloopA_0Bb,7899.5,7940.2,40.7,84.0,7.4,1
6293,truck,8.5,road_loopA_f0,road_loopA_f1,7843.6,7940.3,96.7,1303.2,48.5,0
6378,car,4.5,xloopA_0Aa,xloopA_0Ab,7920.2,7941.0,20.8,84.3,14.6,0
6242,suv,4.8,road_loopA_f0,road_loopA_f1,7801.3,7941.7,140.4,1303.8,33.4,1
6204,car,4.5,road_loopA_f0,road_loopA_f1,7768.0,7941.9,173.9,1303.6,27.0,1
6292,suv,4.8,road_loopA_f0,road_loopA_f1,7843.1,7942.7,99.6,1303.5,47.1,0
6214,car,4.5,road_loopA_f0,road_loopA_f1,7776.7,7943.7,167.0,1303.3,28.1,1
6265,car,4.5,road_loopA_f0,road_loopA_f1,7820.6,7943.7,123.1,1303.9,38.1,0
6384,car,4.5,xloopA_0Ba,xloopA_0Bb,7928.1,7944.2,16.1,84.1,18.8,0
6294,truck,8.5,road_loopA_f0,road_loopA_f1,7844.5,7945.1,100.6,1303.9,46.7,0
6266,car,4.5,road_loopA_f0,road_loopA_f1,7821.6,7945.4,123.8,1303.7,37.9,0
6219,car,4.5,road_loopA_f0,road_loopA_f1,7779.0,7945.6,166.6,1303.8,28.2,1
6302,suv,4.8,road_loopA_f0,road_loopA_f1,7849.0,7946.3,97.3,1302.9,48.2,0
6392,car,4.5,xloopA_0Ba,xloopA_0Bb,7932.9,7946.5,13.6,84.3,22.3,0
6297,car,4.5,road_loopA_f0,road_loopA_f1,7846.2,7947.1,100.9,1303.3,46.5,0
6256,truck,8.5,road_loopA_f0,road_loopA_f1,7811.0,7947.9,136.9,1303.8,34.3,0
6397,car,4.5,xloopA_0Aa,xloopA_0Ab,7935.5,7948.3,12.8,84.3,23.7,0
6301,suv,4.8,road_loopA_f0,road_loopA_f1,7847.5,7948.9,101.4,1303.2,46.3,0
6307,car,4.5,road_loopA_f0,road_loopA_f1,7853.1,7949.0,95.9,1304.1,49.0,0
6264,car,4.5,road_loopA_f0,road_loopA_f1,7819.7,7949.9,130.2,1303.5,36.0,0
6275,car,4.5,road_loopA_f0,road_loopA_f1,7829.9,7951.8,121.9,1303.9,38.5,0
6312,car,4.5,road_loopA_f0,road_loopA_f1,7857.8,7952.0,94.2,1303.8,49.8,0
6299,truck,8.5,road_loopA_f0,road_loopA_f1,7846.9,7953.1,106.2,1303.8,44.2,0
6304,car,4.5,road_loopA_r0,xloopA_0Ab,7849.6,7954.5,104.9,869.0,29.8,2
6314,car,4.5,road_loopA_f0,road_loopA_f1,7859.3,7954.8,95.5,1303.8,49.2,0
6309,truck,8.5,road_loopA_f0,road_loopA_f1,7855.1,7955.7,100.6,1303.2,46.6,0
6330,suv,4.8,road_loopA_f0,xloopA_0Bb,7874.4,7962.9,88.5,479.2,19.5,2
6323,suv,4.8,road_loopA_f0,road_loopA_f1,7868.8,7963.3,94.5,1303.2,49.7,0
6298,truck,8.5,road_loopA_f0,road_loopA_f1,7846.3,7966.0,119.7,1303.0,39.2,0
6322,suv,4.8,road_loopA_f0,road_loopA_f1,7868.0,7966.0,98.0,1303.1,47.9,0
6331,suv,4.8,road_loopA_f0,road_loopA_f1,7875.8,7967.7,91.9,1303.4,51.1,0
6320,suv,4.8,road_loopA_f0,road_loopA_f1,7866.3,7971.6,105.3,1303.1,44.6,0
6329,suv,4.8,road_loopA_f0,road_loopA_f1,7873.1,7972.5,99.4,1304.1,47.2,0
6334,car,4.5,road_loopA_f0,road_loopA_f1,7876.6,7974.2,97.6,1304.1,48.1,1
6197,bus,11.0,road_loopA_f0,road_loopA_f1,7762.8,7976.3,213.5,1303.0,22.0,3
6305,car,4.5,road_loopA_r0,road_loopA_r1,7852.0,7980.8,128.8,1297.8,36.3,1
6306,car,4.5,road_loopA_r0,road_loopA_r1,7853.0,7982.6,129.6,1298.4,36.1,1
6303,car,4.5,road_loopA_r0,road_loopA_r1,7849.1,7983.7,134.6,1298.1,34.7,1
6315,truck,8.5,road_loopA_r0,road_loopA_r1,7861.1,7985.9,124.8,1298.4,37.5,1
6311,car,4.5,road_loopA_r0,road_loopA_r1,7855.6,7986.6,131.0,1298.1,35.7,1
6308,car,4.5,road_loopA_r0,road_loopA_r1,7854.4,7987.3,132.9,1297.3,35.1,1
6316,car,4.5,road_loopA_r0,road_loopA_r1,7861.9,7988.2,126.3,1297.8,37.0,1
6325,car,4.5,road_loopA_r0,road_loopA_r1,7870.7,7988.2,117.5,1297.3,39.7,1
6313,suv,4.8,road_loopA_r0,road_loopA_r1,7858.7,7989.0,130.3,1297.4,35.8,1
6326,truck,8.5,road_loopA_r0,road_loopA_r1,7871.0,7990.0,119.0,1298.6,39.3,1
6318,car,4.5,road_loopA_r0,road_loopA_r1,7866.2,7990.9,124.7,1298.4,37.5,1
6324,car,4.5,road_loopA_r0,road_loopA_r1,7869.2,7991.7,122.5,1297.4,38.1,1
6335,car,4.5,road_loopA_r0,road_loopA_r1,7877.3,7995.0,117.7,1297.6,39.7,1
6332,car,4.5,road_loopA_r0,road_loopA_r1,7876.0,7995.4,119.4,1297.4,39.1,1
6338,car,4.5,road_loopA_r0,road_loopA_r1,7883.4,7996.7,113.3,1298.2,41.3,0
6348,suv,4.8,road_loopA_r0,road_loopA_r1,7888.3,7998.4,110.1,1298.1,42.5,0
6333,suv,4.8,road_loopA_r0,road_loopA_r1,7876.3,7998.5,122.2,1297.3,38.2,1
6352,car,4.5,road_loopA_r0,road_loopA_r1,7890.9,8000.1,109.2,1297.3,42.8,0
6344,car,4.5,road_loopA_r0,road_loopA_r1,7887.0,8000.4,113.4,1298.3,41.2,0
6328,suv,4.8,road_loopA_r0,road_loopA_r1,7872.9,8001.5,128.6,1298.2,36.3,1
6356,car,4.5,road_loopA_r0,road_loopA_r1,7898.5,8002.0,103.5,1298.0,45.2,0
6358,suv,4.8,road_loopA_r0,road_loopA_r1,7899.2,8002.8,103.6,1297.7,45.1,0
6336,suv,4.8,road_loopA_r0,road_loopA_r1,7877.5,8003.1,125.6,1297.8,37.2,0
6362,car,4.5,road_loopA_r0,road_loopA_r1,7900.5,8003.7,103.2,1297.3,45.3,0
6368,suv,4.8,road_loopA_r0,road_loopA_r1,7904.1,8003.8,99.7,1297.5,46.8,0
6374,suv,4.8,road_loopA_r0,road_loopA_r1,7911.8,8005.4,93.6,1298.2,49.9,0
6371,car,4.5,road_loopA_r0,road_loopA_r1,7908.8,8005.5,96.7,1298.0,48.3,0
6375,car,4.5,road_loopA_r0,road_loopA_r1,7913.6,8005.6,92.0,1298.4,50.8,0
6339,car,4.5,road_loopA_f0,road_loopA_f1,7883.5,8007.9,124.4,1304.1,37.7,1
6377,car,4.5,road_loopA_r0,road_loopA_r1,7919.4,8008.9,89.5,1298.5,52.3,0
6341,car,4.5,road_loopA_f0,road_loopA_f1,7884.3,8009.7,125.4,1303.9,37.4,1
6340,car,4.5,road_loopA_f0,road_loopA_f1,7883.7,8010.0,126.3,1304.1,37.2,1
6343,car,4.5,road_loopA_f0,road_loopA_f1,7886.9,8013.7,126.8,1302.9,37.0,1
6366,car,4.5,road_loopA_r0,road_loopA_r1,7902.4,8015.0,112.6,1298.1,41.5,0
6351,car,4.5,road_loopA_f0,road_loopA_f1,7889.7,8017.1,127.4,1304.0,36.8,1
6385,suv,4.8,road_loopA_r0,road_loopA_r1,7928.9,8018.2,89.3,1298.3,52.4,0
6387,suv,4.8,road_loopA_r0,road_loopA_r1,7929.5,8018.6,89.1,1298.0,52.5,0
6354,suv,4.8,road_loopA_f0,road_loopA_f1,7896.8,8018.7,121.9,1303.0,38.5,1
6357,car,4.5,road_loopA_f0,road_loopA_f1,7898.6,8019.2,120.6,1304.0,38.9,1
6388,suv,4.8,road_loopA_r0,road_loopA_r1,7930.4,8019.9,89.5,1297.5,52.2,0
6403,car,4.5,road_loopA_r0,xloopA_0Bb,7941.6,8019.9,78.3,895.5,41.2,0
6401,suv,4.8,road_loopA_f0,xloopA_0Ab,7940.6,8020.5,79.9,504.9,22.7,1
6361,car,4.5,road_loopA_f0,road_loopA_f1,7900.5,8020.7,120.2,1303.3,39.1,1
6408,car,4.5,road_loopA_f0,xloopA_0Ab,7950.0,8023.2,73.2,505.4,24.9,1
6396,car,4.5,road_loopA_r0,road_loopA_r1,7934.5,8023.4,88.9,1297.3,52.5,0
6353,car,4.5,road_loopA_f0,road_loopA_f1,7893.4,8024.2,130.8,1303.0,35.9,1
6364,car,4.5,road_loopA_f0,road_loopA_f1,7902.0,8026.4,124.4,1303.6,37.7,1
6398,car,4.5,road_loopA_r0,road_loopA_r1,7936.9,8026.4,89.5,1297.4,52.2,0
6345,car,4.5,road_loopA_f0,road_loopA_f1,7887.3,8026.6,139.3,1303.4,33.7,1
6342,car,4.5,road_loopA_f0,road_loopA_f1,7884.5,8026.8,142.3,1303.8,33.0,1
6367,car,4.5,road_loopA_f0,road_loopA_f1,7902.7,8028.1,125.4,1303.1,37.4,1
6310,bus,11.0,road_loopA_r0,road_loopA_r1,7855.0,8028.5,173.5,1298.1,26.9,2
6370,car,4.5,road_loopA_f0,road_loopA_f1,7907.4,8029.9,122.5,1302.9,38.3,1
6442,car,4.5,road_loopA_f0,xloopA_0Ab,7982.4,8030.0,47.6,505.1,38.2,0
6390,car,4.5,road_loopA_r0,road_loopA_r1,7931.4,8030.2,98.8,1298.2,47.3,0
6379,car,4.5,road_loopA_f0,road_loopA_f1,7922.2,8031.7,109.5,1303.5,42.9,0
6393,car,4.5,road_loopA_r0,road_loopA_r1,7933.2,8031.9,98.7,1298.0,47.3,0
6346,truck,8.5,road_loopA_f0,road_loopA_f1,7887.4,8032.1,144.7,1303.7,32.4,1
6391,car,4.5,road_loopA_r0,road_loopA_r1,7931.6,8032.9,101.3,1298.2,46.1,0
6381,car,4.5,road_loopA_f0,road_loopA_f1,7922.6,8033.5,110.9,1303.5,42.3,0
6404,suv,4.8,road_loopA_r0,road_loopA_r1,7943.6,8033.6,90.0,1298.2,51.9,0
6337,car,4.5,xloopA_0Aa,road_loopA_f1,7880.8,8034.7,153.9,872.0,20.4,1
6363,car,4.5,road_loopA_f0,road_loopA_f1,7901.6,8035.1,133.5,1303.0,35.1,1
6383,car,4.5,road_loopA_f0,road_loopA_f1,7925.2,8036.4,111.2,1303.4,42.2,0
6359,car,4.5,road_loopA_f0,road_loopA_f1,7899.2,8036.5,137.3,1303.8,34.2,1
6420,car,4.5,xloopA_0Aa,xloopA_0Ab,7957.5,8037.3,79.8,84.6,3.8,1
6456,car,4.5,xloopA_0Ba,xloopA_0Bb,7997.4,8037.6,40.2,84.6,7.6,1
6394,car,4.5,road_loopA_f0,road_loopA_f1,7933.3,8038.1,104.8,1303.0,44.8,0
6365,car,4.5,road_loopA_f0,road_loopA_f1,7902.2,8038.4,136.2,1304.1,34.5,1
6372,car,4.5,road_loopA_f0,road_loopA_f1,7910.3,8040.2,129.9,1302.9,36.1,1
6399,car,4.5,road_loopA_f0,road_loopA_f1,7939.2,8040.9,101.7,1303.2,46.1,0
6376,car,4.5,road_loopA_f0,road_loopA_f1,7919.5,8041.9,122.4,1302.9,38.3,0
6405,car,4.5,road_loopA_f0,road_loopA_f1,7943.7,8042.0,98.3,1303.3,47.7,0
6349,car,4.5,xloopA_0Ba,road_loopA_f1,7889.0,8042.3,153.3,902.9,21.2,1
6380,car,4.5,road_loopA_f0,road_loopA_f1,7922.3,8043.7,121.4,1303.6,38.6,0
6347,suv,4.8,road_loopA_f0,road_loopA_f1,7888.2,8043.9,155.7,1303.1,30.1,1
6412,car,4.5,road_loopA_f0,road_loopA_f1,7952.6,8044.6,92.0,1304.0,51.0,0
6382,car,4.5,road_loopA_f0,road_loopA_f1,7924.0,8045.4,121.4,1303.2,38.6,0
6355,car,4.5,road_loopA_f0,road_loopA_f1,7898.0,8045.6,147.6,1303.7,31.8,1
6369,suv,4.8,road_loopA_f0,road_loopA_f1,7905.2,8047.2,142.0,1303.1,33.0,1
6395,suv,4.8,road_loopA_f0,road_loopA_f1,7934.2,8047.3,113.1,1303.7,41.5,0
6386,truck,8.5,road_loopA_f0,road_loopA_f1,7929.2,8047.6,118.4,1302.9,39.6,0
6414,suv,4.8,road_loopA_f0,road_loopA_f1,7953.7,8048.3,94.6,1303.8,49.6,0
6373,car,4.5,road_loopA_f0,road_loopA_f1,7911.2,8049.2,138.0,1303.5,34.0,0
1676,tram,34.0,loopB,loopB,3611.4,8050.2,4438.8,33672.6,27.3,41
6421,car,4.5,road_loopA_f0,road_loopA_f1,7957.7,8050.2,92.5,1303.3,50.7,0
6402,truck,8.5,road_loopA_f0,road_loopA_f1,7940.5,8051.1,110.6,1303.3,42.4,0
6425,car,4.5,road_loopA_f0,road_loopA_f1,7961.4,8053.3,91.9,1303.8,51.0,0
6406,truck,8.5,road_loopA_f0,road_loopA_f1,7943.7,8053.6,109.9,1303.0,42.7,0
6413,car,4.5,road_loopA_f0,road_loopA_f1,7953.1,8053.9,100.8,1303.0,46.5,0
6424,suv,4.8,road_loopA_f0,road_loopA_f1,7960.9,8056.0,95.1,1304.1,49.4,0
6417,car,4.5,road_loopA_f0,road_loopA_f1,7955.1,8056.1,101.0,1303.1,46.4,0
6428,car,4.5,road_loopA_f0,road_loopA_f1,7967.4,8057.5,90.1,1303.5,52.1,0
6415,car,4.5,road_loopA_f0,road_loopA_f1,7954.0,8058.0,104.0,1302.9,45.1,0
6400,car,4.5,road_loopA_f0,road_loopA_f1,7939.3,8058.7,119.4,1303.5,39.3,0
6419,suv,4.8,road_loopA_f0,road_loopA_f1,7956.2,8059.6,103.4,1303.6,45.4,0
6431,car,4.5,road_loopA_f0,road_loopA_f1,7970.0,8060.0,90.0,1303.1,52.1,0
6407,car,4.5,road_loopA_f0,road_loopA_f1,7948.6,8060.3,111.7,1303.5,42.0,0
6423,car,4.5,road_loopA_f0,road_loopA_f1,7960.0,8066.1,106.1,1303.0,44.2,0
6411,car,4.5,road_loopA_r0,road_loopA_r1,7952.2,8074.3,122.1,1297.4,38.3,1
6418,car,4.5,road_loopA_r0,road_loopA_r1,7955.5,8074.8,119.3,1298.6,39.2,1
6410,car,4.5,road_loopA_r0,road_loopA_r1,7951.2,8076.3,125.1,1297.7,37.4,1
6409,truck,8.5,road_loopA_r0,road_loopA_r1,7950.1,8082.7,132.6,1298.5,35.3,1
6426,suv,4.8,road_loopA_r0,road_loopA_r1,7961.7,8083.7,122.0,1297.4,38.3,1
6416,car,4.5,road_loopA_r0,road_loopA_r1,7954.6,8084.4,129.8,1297.5,36.0,0
6427,car,4.5,road_loopA_r0,road_loopA_r1,7963.3,8084.6,121.3,1298.2,38.5,1
6429,car,4.5,road_loopA_r0,road_loopA_r1,7969.3,8086.6,117.3,1297.6,39.8,1
6433,car,4.5,road_loopA_r0,road_loopA_r1,7973.3,8086.7,113.4,1298.4,41.2,1
6350,bus,11.0,road_loopA_f0,road_loopA_f1,7889.4,8089.2,199.8,1302.8,23.5,4
6436,car,4.5,road_loopA_r0,road_loopA_r1,7976.7,8089.2,112.5,1298.0,41.5,0
6439,suv,4.8,road_loopA_r0,road_loopA_r1,7978.9,8090.3,111.4,1297.3,41.9,0
6459,suv,4.8,road_loopA_r0,road_loopA_r1,7998.5,8091.3,92.8,1297.9,50.4,0
6496,car,4.5,xloopA_0Aa,road_loopA_r1,8025.4,8091.5,66.1,507.1,27.6,0
6444,car,4.5,road_loopA_r0,road_loopA_r1,7985.1,8092.8,107.7,1298.4,43.4,0
6422,car,4.5,road_loopA_r0,road_loopA_r1,7958.0,8093.1,135.1,1297.3,34.6,0
6461,car,4.5,road_loopA_r0,road_loopA_r1,8002.3,8093.2,90.9,1298.1,51.4,0
6465,car,4.5,road_loopA_r0,road_loopA_r1,8003.5,8094.6,91.1,1297.3,51.3,0
6430,car,4.5,road_loopA_r0,road_loopA_r1,7969.5,8094.8,125.3,1298.0,37.3,0
6448,car,4.5,road_loopA_r0,road_loopA_r1,7988.9,8096.7,107.8,1298.3,43.4,0
6472,suv,4.8,road_loopA_r0,road_loopA_r1,8006.5,8096.8,90.3,1297.6,51.8,0
6446,truck,8.5,road_loopA_r0,road_loopA_r1,7987.9,8098.8,110.9,1297.4,42.1,0
6454,truck,8.5,road_loopA_r0,road_loopA_r1,7995.1,8099.0,103.9,1297.3,45.0,0
6470,car,4.5,road_loopA_r0,road_loopA_r1,8005.0,8100.9,95.9,1298.2,48.7,0
6475,suv,4.8,road_loopA_r0,road_loopA_r1,8009.3,8101.3,92.0,1298.0,50.8,0
6435,car,4.5,road_loopA_f0,road_loopA_f1,7976.3,8101.7,125.4,1304.0,37.4,1
6469,car,4.5,road_loopA_r0,road_loopA_r1,8004.9,8102.7,97.8,1298.4,47.8,0
6481,suv,4.8,road_loopA_r0,road_loopA_r1,8014.9,8104.1,89.2,1298.4,52.4,0
6440,car,4.5,road_loopA_f0,road_loopA_f1,7981.4,8104.5,123.1,1302.8,38.1,1
6478,suv,4.8,road_loopA_r0,road_loopA_r1,8012.5,8104.5,92.0,1297.8,50.8,0
6477,car,4.5,road_loopA_r0,road_loopA_r1,8012.1,8105.9,93.8,1298.3,49.9,0
6438,truck,8.5,road_loopA_f0,road_loopA_f1,7978.0,8107.5,129.5,1303.2,36.2,1
6441,car,4.5,road_loopA_f0,road_loopA_f1,7982.3,8108.9,126.6,1302.8,37.0,1
6432,car,4.5,road_loopA_f0,road_loopA_f1,7972.8,8109.3,136.5,1303.0,34.4,1
6447,suv,4.8,road_loopA_f0,road_loopA_f1,7988.3,8109.5,121.2,1303.6,38.7,1
6482,car,4.5,road_loopA_r0,road_loopA_r1,8015.1,8110.0,94.9,1297.5,49.2,0
6460,suv,4.8,road_loopA_r0,road_loopA_r1,8002.2,8110.4,108.2,1297.6,43.2,0
6434,car,4.5,road_loopA_f0,road_loopA_f1,7976.0,8111.0,135.0,1302.8,34.7,1
6451,car,4.5,road_loopA_f0,road_loopA_f1,7991.0,8111.3,120.3,1304.1,39.0,1
6443,suv,4.8,road_loopA_f0,road_loopA_f1,7982.4,8111.4,129.0,1303.1,36.4,1
6449,car,4.5,road_loopA_f0,road_loopA_f1,7989.7,8112.9,123.2,1303.0,38.1,1
6455,suv,4.8,road_loopA_f0,road_loopA_f1,7996.5,8113.0,116.5,1303.4,40.3,1
6462,car,4.5,road_loopA_f0,road_loopA_f1,8002.6,8114.9,112.3,1303.1,41.8,1
6495,suv,4.8,road_loopA_r0,road_loopA_r1,8025.1,8115.5,90.4,1298.0,51.7,0
6480,car,4.5,road_loopA_r0,road_loopA_r1,8014.4,8116.3,101.9,1297.6,45.8,0
6485,car,4.5,road_loopA_r0,road_loopA_r1,8017.9,8118.1,100.2,1298.3,46.6,0
6457,car,4.5,road_loopA_f0,road_loopA_f1,7997.8,8118.5,120.7,1303.3,38.9,1
6484,car,4.5,road_loopA_r0,road_loopA_r1,8017.2,8119.2,102.0,1297.4,45.8,0
6500,car,4.5,road_loopA_r0,road_loopA_r1,8030.0,8120.0,90.0,1298.0,51.9,0
6458,car,4.5,road_loopA_f0,road_loopA_f1,7997.8,8120.3,122.5,1303.9,38.3,1
6464,car,4.5,road_loopA_f0,road_loopA_f1,8003.4,8122.0,118.6,1302.8,39.5,1
6479,car,4.5,road_loopA_f0,road_loopA_f1,8013.5,8122.0,108.5,1303.0,43.2,1
6505,car,4.5,road_loopA_r0,road_loopA_r1,8032.2,8123.5,91.3,1298.3,51.2,0
6468,suv,4.8,road_loopA_f0,road_loopA_f1,8004.8,8123.8,119.0,1303.2,39.4,1
6487,car,4.5,road_loopA_f0,road_loopA_f1,8018.2,8124.8,106.6,1304.0,44.1,0
6473,car,4.5,road_loopA_f0,road_loopA_f1,8006.8,8125.6,118.8,1303.3,39.5,0
6490,car,4.5,road_loopA_f0,road_loopA_f1,8022.4,8126.6,104.2,1302.9,45.0,0
6466,car,4.5,road_loopA_r0,xloopA_0Bb,8003.9,8127.1,123.2,895.4,26.2,1
6492,suv,4.8,road_loopA_r0,road_loopA_r1,8024.4,8127.2,102.8,1297.4,45.4,0
6486,car,4.5,road_loopA_f0,road_loopA_f1,8017.9,8127.3,109.4,1303.5,42.9,0
6507,suv,4.8,road_loopA_r0,road_loopA_r1,8032.8,8127.5,94.7,1298.6,49.4,0
6445,car,4.5,road_loopA_f0,xloopA_0Ab,7987.1,8127.7,140.6,505.4,12.9,1
6450,car,4.5,xloopA_0Ba,road_loopA_f1,7990.2,8128.2,138.0,902.7,23.5,1
6491,car,4.5,road_loopA_r0,road_loopA_r1,8022.4,8129.1,106.7,1297.4,43.8,0
6501,car,4.5,road_loopA_r0,road_loopA_r1,8030.8,8129.1,98.3,1298.5,47.6,0
6494,car,4.5,road_loopA_f0,road_loopA_f1,8025.2,8129.4,104.2,1302.8,45.0,0
6476,car,4.5,road_loopA_r0,xloopA_0Bb,8010.0,8129.7,119.7,895.4,26.9,1
6437,suv,4.8,road_loopA_f0,road_loopA_f1,7977.3,8129.9,152.6,1303.7,30.8,1
6499,suv,4.8,road_loopA_f0,xloopA_0Ab,8029.6,8130.3,100.7,505.4,18.1,1
6508,car,4.5,road_loopA_r0,road_loopA_r1,8034.4,8130.5,96.1,1298.4,48.7,0
6514,car,4.5,road_loopA_r0,road_loopA_r1,8040.8,8131.2,90.4,1297.5,51.7,0
6452,suv,4.8,road_loopA_f0,road_loopA_f1,7993.3,8131.6,138.3,1304.1,34.0,1
6474,car,4.5,road_loopA_f0,road_loopA_f1,8008.3,8132.3,124.0,1303.8,37.9,0
6510,car,4.5,road_loopA_f0,road_loopA_f1,8036.3,8133.0,96.7,1302.8,48.5,0
6535,car,4.5,road_loopA_f0,xloopA_0Ab,8061.3,8133.0,71.7,505.3,25.4,1
6463,car,4.5,road_loopA_f0,road_loopA_f1,8003.2,8133.4,130.2,1303.6,36.0,1
6488,truck,8.5,road_loopA_r0,road_loopA_r1,8021.9,8133.4,111.5,1297.3,41.9,0
6506,car,4.5,road_loopA_r0,road_loopA_r1,8032.7,8134.7,102.0,1298.3,45.8,0
6467,car,4.5,road_loopA_f0,road_loopA_f1,8004.6,8135.2,130.6,1303.7,35.9,0
6483,car,4.5,road_loopA_f0,road_loopA_f1,8016.8,8135.2,118.4,1303.4,39.6,0
6536,car,4.5,road_loopA_f0,xloopA_0Ab,8061.3,8135.6,74.3,505.0,24.5,1
6497,car,4.5,road_loopA_f0,road_loopA_f1,8026.9,8135.7,108.8,1302.9,43.1,0
6521,suv,4.8,road_loopA_r0,road_loopA_r1,8045.5,8136.2,90.7,1297.4,51.5,0
6471,car,4.5,road_loopA_f0,road_loopA_f1,8006.2,8136.9,130.7,1303.1,35.9,0
6509,car,4.5,road_loopA_r0,road_loopA_r1,8035.4,8137.4,102.0,1297.7,45.8,0
6502,car,4.5,road_loopA_f0,road_loopA_f1,8030.8,8137.7,106.9,1303.7,43.9,0
6493,car,4.5,road_loopA_f0,road_loopA_f1,8025.1,8138.7,113.6,1303.1,41.3,0
6516,truck,8.5,road_loopA_f0,road_loopA_f1,8042.9,8138.8,95.9,1302.9,48.9,0
6517,suv,4.8,road_loopA_r0,road_loopA_r1,8044.4,8139.1,94.7,1298.0,49.4,0
6498,car,4.5,road_loopA_f0,road_loopA_f1,8028.1,8139.5,111.4,1303.2,42.1,0
6522,car,4.5,road_loopA_f0,road_loopA_f1,8046.9,8140.9,94.0,1303.4,49.9,0
6504,truck,8.5,road_loopA_f0,road_loopA_f1,8032.2,8141.0,108.8,1303.3,43.1,0
6520,truck,8.5,road_loopA_r0,road_loopA_r1,8045.4,8141.3,95.9,1298.4,48.7,0
6503,car,4.5,road_loopA_f0,road_loopA_f1,8031.4,8141.4,110.0,1303.1,42.6,0
6519,car,4.5,road_loopA_r0,road_loopA_r1,8045.2,8141.9,96.7,1297.6,48.3,0
6513,car,4.5,road_loopA_f0,road_loopA_f1,8040.7,8143.0,102.3,1303.3,45.9,0
6518,car,4.5,road_loopA_f0,road_loopA_f1,8044.9,8143.1,98.2,1303.1,47.8,0
6525,car,4.5,xloopA_0Ba,xloopA_0Bb,8049.7,8143.4,93.7,84.1,3.2,1
6524,car,4.5,road_loopA_r0,road_loopA_r1,8049.0,8143.6,94.6,1298.0,49.4,0
6511,car,4.5,xloopA_0Aa,xloopA_0Ab,8037.1,8143.7,106.6,84.2,2.8,1
6529,suv,4.8,road_loopA_f0,road_loopA_f1,8054.4,8143.8,89.4,1303.1,52.5,0
6515,car,4.5,road_loopA_f0,road_loopA_f1,8041.2,8144.8,103.6,1302.9,45.3,0
6526,car,4.5,road_loopA_r0,road_loopA_r1,8049.9,8144.8,94.9,1298.0,49.3,0
6527,truck,8.5,road_loopA_f0,road_loopA_f1,8051.3,8145.9,94.6,1303.9,49.6,0
6539,car,4.5,xloopA_0Aa,xloopA_0Ab,8063.6,8146.4,82.8,84.7,3.7,1
6530,car,4.5,road_loopA_r0,road_loopA_r1,8055.7,8146.5,90.8,1298.4,51.5,0
6560,car,4.5,xloopA_0Ba,xloopA_0Bb,8081.6,8147.1,65.5,84.6,4.6,1
6564,car,4.5,xloopA_0Ba,xloopA_0Bb,8086.3,8149.1,62.8,84.1,4.8,0
6534,car,4.5,road_loopA_f0,road_loopA_f1,8060.2,8149.5,89.3,1303.1,52.5,0
6571,car,4.5,xloopA_0Ba,xloopA_0Bb,8092.3,8151.2,58.9,84.4,5.2,0
6538,suv,4.8,road_loopA_f0,road_loopA_f1,8062.5,8151.8,89.3,1303.1,52.5,0
6546,car,4.5,xloopA_0Aa,xloopA_0Ab,8069.0,8152.6,83.6,84.2,3.6,0
6587,car,4.5,xloopA_0Ba,xloopA_0Bb,8106.3,8152.9,46.6,84.4,6.5,0
6540,car,4.5,road_loopA_f0,road_loopA_f1,8064.6,8154.5,89.9,1302.9,52.2,0
6561,car,4.5,xloopA_0Aa,xloopA_0Ab,8083.4,8154.6,71.2,84.8,4.3,0
6627,car,4.5,xloopA_0Ba,xloopA_0Bb,8133.0,8155.5,22.5,84.2,13.4,0
6601,car,4.5,xloopA_0Aa,xloopA_0Ab,8117.8,8156.5,38.7,84.2,7.8,0
6628,car,4.5,xloopA_0Ba,xloopA_0Bb,8134.7,8157.5,22.8,84.3,13.3,0
6542,car,4.5,road_loopA_f0,road_loopA_f1,8067.0,8157.8,90.8,1303.3,51.7,0
6610,car,4.5,xloopA_0Aa,xloopA_0Ab,8121.1,8158.4,37.3,84.2,8.1,0
6544,car,4.5,road_loopA_f0,road_loopA_f1,8068.2,8159.4,91.2,1303.0,51.4,0
6532,car,4.5,road_loopA_f0,road_loopA_f1,8057.9,8162.9,105.0,1303.6,44.7,0
6543,car,4.5,road_loopA_f0,road_loopA_f1,8067.5,8163.1,95.6,1303.0,49.0,0
6537,car,4.5,road_loopA_f0,road_loopA_f1,8062.1,8164.5,102.4,1302.9,45.8,0
6553,car,4.5,road_loopA_f0,road_loopA_f1,8077.3,8172.9,95.6,1303.2,49.1,0
6582,car,4.5,road_loopA_f0,xloopA_0Bb,8101.7,8173.7,72.0,478.6,23.9,1
6551,truck,8.5,road_loopA_f0,road_loopA_f1,8073.3,8177.0,103.7,1303.4,45.3,0
6533,car,4.5,road_loopA_r0,road_loopA_r1,8059.0,8189.9,130.9,1298.7,35.7,1
6548,car,4.5,road_loopA_r0,road_loopA_r1,8071.9,8191.4,119.5,1298.4,39.1,1
6550,car,4.5,road_loopA_r0,road_loopA_r1,8073.0,8193.0,120.0,1297.7,38.9,1
6552,car,4.5,road_loopA_r0,road_loopA_r1,8074.5,8194.4,119.9,1297.7,39.0,1
6567,car,4.5,road_loopA_r0,road_loopA_r1,8089.5,8199.3,109.8,1297.6,42.5,1
