veh_id,kind,length_m,origin,destination,depart_s,arrive_s,travel_s,dist_m,avg_kmh,stops
14,car,4.5,xloopA_0Ba,xloopA_0Bb,2152.2,2165.7,13.5,84.4,22.4,0
11,car,4.5,xloopA_0Aa,xloopA_0Ab,2151.1,2166.1,15.0,84.0,20.2,1
28,car,4.5,xloopA_0Ba,xloopA_0Bb,2161.3,2172.7,11.4,84.5,26.8,0
33,car,4.5,xloopA_0Ba,xloopA_0Bb,2164.7,2175.0,10.3,84.8,29.7,0
55,car,4.5,road_loopA_f0,xloopA_0Bb,2186.5,2228.2,41.7,478.6,41.3,0
10,car,4.5,road_loopA_f0,road_loopA_f1,2150.1,2240.5,90.4,1303.4,51.9,0
15,suv,4.8,road_loopA_r0,road_loopA_r1,2152.9,2243.2,90.3,1298.2,51.8,0
13,suv,4.8,road_loopA_f0,road_loopA_f1,2151.8,2246.8,95.0,1304.0,49.4,0
16,car,4.5,road_loopA_f0,road_loopA_f1,2154.1,2247.5,93.4,1304.1,50.3,0
18,truck,8.5,road_loopA_r0,road_loopA_r1,2154.6,2247.6,93.0,1297.6,50.2,0
12,car,4.5,road_loopA_f0,road_loopA_f1,2151.1,2249.5,98.4,1302.8,47.6,0
20,car,4.5,road_loopA_f0,road_loopA_f1,2156.4,2249.5,93.1,1303.1,50.4,0
27,suv,4.8,road_loopA_f0,road_loopA_f1,2160.4,2251.6,91.2,1303.6,51.4,0
31,suv,4.8,road_loopA_r0,road_loopA_r1,2163.6,2252.5,88.9,1297.3,52.5,0
17,suv,4.8,road_loopA_f0,road_loopA_f1,2154.6,2254.9,100.3,1303.8,46.8,0
34,car,4.5,road_loopA_r0,road_loopA_r1,2165.1,2255.3,90.2,1298.1,51.8,0
23,car,4.5,road_loopA_r0,road_loopA_r1,2158.5,2255.4,96.9,1297.8,48.2,0
30,suv,4.8,road_loopA_f0,road_loopA_f1,2163.2,2258.0,94.8,1303.6,49.5,0
22,car,4.5,road_loopA_f0,road_loopA_f1,2157.5,2259.8,102.3,1303.4,45.9,0
32,car,4.5,road_loopA_f0,road_loopA_f1,2164.2,2260.0,95.8,1303.2,49.0,0
25,car,4.5,xloopA_0Ba,road_loopA_f1,2159.1,2263.0,103.9,902.3,31.3,0
38,car,4.5,road_loopA_f0,road_loopA_f1,2171.6,2263.4,91.8,1303.9,51.1,0
29,suv,4.8,road_loopA_r0,xloopA_0Bb,2162.1,2263.8,101.7,895.8,31.7,1
26,car,4.5,road_loopA_f0,road_loopA_f1,2159.2,2264.0,104.8,1303.9,44.8,0
44,suv,4.8,road_loopA_f0,xloopA_0Ab,2177.6,2264.3,86.7,505.2,21.0,1
41,car,4.5,road_loopA_r0,road_loopA_r1,2175.8,2264.7,88.9,1297.3,52.5,0
42,suv,4.8,road_loopA_f0,road_loopA_f1,2176.0,2265.9,89.9,1302.9,52.2,0
60,car,4.5,road_loopA_f0,xloopA_0Ab,2188.2,2266.9,78.7,505.0,23.1,1
24,suv,4.8,road_loopA_f0,road_loopA_f1,2158.9,2267.4,108.5,1302.9,43.2,0
36,suv,4.8,road_loopA_f0,road_loopA_f1,2170.6,2268.7,98.1,1303.9,47.8,0
68,car,4.5,road_loopA_f0,xloopA_0Ab,2191.6,2269.6,78.0,505.2,23.3,1
37,car,4.5,road_loopA_r0,road_loopA_r1,2171.2,2270.0,98.8,1297.4,47.3,0
39,suv,4.8,road_loopA_f0,road_loopA_f1,2171.6,2270.6,99.0,1303.3,47.4,0
19,car,4.5,road_loopA_f0,road_loopA_f1,2155.6,2271.5,115.9,1303.6,40.5,0
35,car,4.5,road_loopA_f0,road_loopA_f1,2166.2,2271.6,105.4,1302.8,44.5,0
106,car,4.5,road_loopA_f0,xloopA_0Ab,2220.3,2272.6,52.3,505.2,34.7,0
21,suv,4.8,road_loopA_f0,road_loopA_f1,2156.6,2273.3,116.7,1302.8,40.2,0
51,car,4.5,road_loopA_f0,road_loopA_f1,2182.8,2274.2,91.4,1304.1,51.4,0
54,car,4.5,road_loopA_r0,road_loopA_r1,2184.7,2278.6,93.9,1297.4,49.7,0
47,car,4.5,road_loopA_f0,road_loopA_f1,2178.6,2278.8,100.2,1302.8,46.8,0
43,suv,4.8,road_loopA_r0,road_loopA_r1,2176.3,2278.9,102.6,1298.4,45.6,0
49,car,4.5,road_loopA_r0,road_loopA_r1,2180.8,2279.6,98.8,1297.3,47.3,0
40,car,4.5,xloopA_0Ba,xloopA_0Bb,2172.9,2280.2,107.3,84.4,2.8,1
48,truck,8.5,road_loopA_r0,road_loopA_r1,2180.2,2281.1,100.9,1298.1,46.3,0
100,car,4.5,xloopA_0Ba,xloopA_0Bb,2214.8,2282.3,67.5,84.3,4.5,1
153,car,4.5,xloopA_0Aa,xloopA_0Ab,2262.9,2283.0,20.1,84.5,15.1,0
56,car,4.5,road_loopA_r0,road_loopA_r1,2186.9,2283.1,96.2,1297.7,48.5,0
59,car,4.5,road_loopA_f0,road_loopA_f1,2188.2,2283.1,94.9,1304.0,49.5,0
45,car,4.5,road_loopA_f0,road_loopA_f1,2178.3,2284.3,106.0,1303.5,44.3,0
105,car,4.5,xloopA_0Ba,xloopA_0Bb,2220.1,2284.5,64.4,84.4,4.7,1
71,car,4.5,road_loopA_f0,road_loopA_f1,2192.7,2284.8,92.1,1304.0,51.0,0
164,car,4.5,xloopA_0Aa,xloopA_0Ab,2271.7,2285.0,13.3,84.6,23.0,0
53,suv,4.8,road_loopA_f0,road_loopA_f1,2184.5,2286.0,101.5,1303.5,46.2,0
76,car,4.5,road_loopA_f0,road_loopA_f1,2195.6,2287.7,92.1,1302.8,50.9,0
66,car,4.5,road_loopA_f0,road_loopA_f1,2191.2,2288.3,97.1,1304.1,48.4,0
52,truck,8.5,road_loopA_f0,road_loopA_f1,2184.2,2291.7,107.5,1303.6,43.7,0
81,car,4.5,road_loopA_f0,road_loopA_f1,2197.5,2292.5,95.0,1303.2,49.4,0
77,car,4.5,road_loopA_f0,road_loopA_f1,2195.8,2294.5,98.7,1303.0,47.5,0
74,truck,8.5,road_loopA_f0,road_loopA_f1,2193.6,2295.3,101.7,1303.6,46.1,0
85,car,4.5,road_loopA_f0,road_loopA_f1,2203.7,2296.3,92.6,1303.8,50.7,0
58,truck,8.5,road_loopA_f0,road_loopA_f1,2187.8,2296.5,108.7,1302.8,43.1,0
72,suv,4.8,road_loopA_f0,road_loopA_f1,2192.7,2297.3,104.6,1303.8,44.9,0
70,suv,4.8,road_loopA_f0,road_loopA_f1,2192.7,2298.6,105.9,1303.4,44.3,0
93,car,4.5,road_loopA_f0,road_loopA_f1,2210.2,2299.7,89.5,1302.9,52.4,0
73,car,4.5,road_loopA_r0,xloopA_0Ab,2193.1,2300.1,107.0,869.0,29.2,2
75,suv,4.8,road_loopA_f0,road_loopA_f1,2194.5,2301.2,106.7,1303.2,44.0,0
89,car,4.5,road_loopA_f0,road_loopA_f1,2206.0,2304.3,98.3,1302.9,47.7,0
99,car,4.5,road_loopA_f0,road_loopA_f1,2214.2,2306.0,91.8,1304.1,51.1,0
78,car,4.5,road_loopA_f0,road_loopA_f1,2197.0,2307.5,110.5,1303.1,42.5,0
80,truck,8.5,road_loopA_f0,road_loopA_f1,2197.3,2307.7,110.4,1303.4,42.5,0
86,suv,4.8,road_loopA_f0,road_loopA_f1,2203.8,2309.6,105.8,1302.9,44.3,0
92,car,4.5,road_loopA_f0,road_loopA_f1,2209.7,2311.2,101.5,1303.8,46.2,0
103,car,4.5,road_loopA_f0,road_loopA_f1,2218.7,2312.7,94.0,1302.8,49.9,0
57,car,4.5,road_loopA_r0,road_loopA_r1,2187.1,2321.1,134.0,1297.8,34.9,1
61,car,4.5,road_loopA_r0,road_loopA_r1,2188.6,2321.7,133.1,1297.5,35.1,1
64,car,4.5,road_loopA_r0,road_loopA_r1,2191.1,2326.9,135.8,1297.7,34.4,1
87,car,4.5,road_loopA_r0,road_loopA_r1,2204.3,2328.6,124.3,1297.3,37.6,1
46,car,4.5,road_loopA_r0,road_loopA_r1,2178.4,2330.1,151.7,1297.8,30.8,1
82,car,4.5,road_loopA_r0,road_loopA_r1,2199.1,2330.9,131.8,1297.7,35.5,1
97,car,4.5,road_loopA_r0,road_loopA_r1,2212.9,2330.9,118.0,1298.1,39.6,1
50,car,4.5,road_loopA_r0,road_loopA_r1,2180.9,2332.1,151.2,1298.0,30.9,1
126,car,4.5,road_loopA_r0,xloopA_0Ab,2235.6,2332.8,97.2,869.1,32.2,1
102,suv,4.8,road_loopA_r0,road_loopA_r1,2214.8,2333.6,118.8,1297.4,39.3,1
95,car,4.5,road_loopA_r0,road_loopA_r1,2211.9,2334.0,122.1,1297.3,38.2,1
62,car,4.5,road_loopA_r0,road_loopA_r1,2190.4,2335.5,145.1,1298.4,32.2,1
65,truck,8.5,road_loopA_r0,road_loopA_r1,2191.1,2337.1,146.0,1297.4,32.0,1
104,car,4.5,road_loopA_r0,road_loopA_r1,2219.9,2337.3,117.4,1298.3,39.8,1
110,suv,4.8,road_loopA_r0,road_loopA_r1,2224.2,2339.5,115.3,1298.3,40.5,0
96,car,4.5,road_loopA_r0,road_loopA_r1,2212.0,2340.3,128.3,1298.2,36.4,1
108,car,4.5,road_loopA_r0,road_loopA_r1,2220.9,2342.0,121.1,1298.1,38.6,1
131,suv,4.8,road_loopA_r0,road_loopA_r1,2239.9,2342.3,102.4,1297.4,45.6,0
98,car,4.5,xloopA_0Aa,road_loopA_r1,2214.0,2342.7,128.7,507.0,14.2,1
109,car,4.5,road_loopA_r0,road_loopA_r1,2222.4,2343.8,121.4,1297.2,38.5,0
69,car,4.5,road_loopA_r0,road_loopA_r1,2191.8,2344.3,152.5,1297.5,30.6,1
140,car,4.5,road_loopA_r0,road_loopA_r1,2250.8,2345.3,94.5,1297.7,49.5,0
114,car,4.5,road_loopA_r0,road_loopA_r1,2227.4,2345.7,118.3,1297.7,39.5,0
166,car,4.5,road_loopA_r0,xloopA_0Ab,2275.7,2346.0,70.3,869.1,44.5,0
84,truck,8.5,road_loopA_r0,road_loopA_r1,2202.4,2346.5,144.1,1298.0,32.4,1
113,car,4.5,road_loopA_f0,road_loopA_f1,2227.4,2346.5,119.1,1303.0,39.4,1
141,car,4.5,road_loopA_r0,road_loopA_r1,2252.2,2348.0,95.8,1297.4,48.8,0
117,truck,8.5,road_loopA_r0,road_loopA_r1,2228.9,2348.5,119.6,1297.7,39.1,0
90,truck,8.5,road_loopA_r0,road_loopA_r1,2206.8,2349.1,142.3,1298.0,32.8,0
107,suv,4.8,road_loopA_r0,road_loopA_r1,2220.4,2351.1,130.7,1297.9,35.7,0
151,car,4.5,road_loopA_r0,road_loopA_r1,2259.6,2351.4,91.8,1298.2,50.9,0
122,car,4.5,road_loopA_r0,road_loopA_r1,2234.4,2351.7,117.3,1298.1,39.8,0
67,bus,11.0,road_loopA_r0,road_loopA_r1,2191.2,2352.5,161.3,1297.6,29.0,2
118,car,4.5,road_loopA_r0,road_loopA_r1,2232.6,2352.8,120.2,1297.7,38.9,0
136,suv,4.8,road_loopA_r0,road_loopA_r1,2243.1,2353.4,110.3,1297.4,42.3,0
155,car,4.5,road_loopA_r0,road_loopA_r1,2263.7,2354.4,90.7,1297.3,51.5,0
121,truck,8.5,road_loopA_r0,road_loopA_r1,2234.1,2355.0,120.9,1297.6,38.6,0
157,car,4.5,road_loopA_r0,road_loopA_r1,2264.6,2355.5,90.9,1298.2,51.4,0
132,car,4.5,road_loopA_r0,road_loopA_r1,2240.1,2356.1,116.0,1297.4,40.3,0
190,car,4.5,road_loopA_f0,xloopA_0Bb,2310.4,2356.9,46.5,478.6,37.0,0
139,truck,8.5,road_loopA_r0,road_loopA_r1,2250.6,2358.0,107.4,1297.9,43.5,0
143,car,4.5,road_loopA_r0,road_loopA_r1,2252.8,2358.0,105.2,1297.6,44.4,0
116,truck,8.5,road_loopA_f0,road_loopA_f1,2228.2,2358.3,130.1,1303.8,36.1,1
123,car,4.5,road_loopA_f0,road_loopA_f1,2234.6,2358.7,124.1,1304.0,37.8,1
161,car,4.5,road_loopA_r0,road_loopA_r1,2267.1,2358.8,91.7,1297.8,51.0,0
148,car,4.5,road_loopA_r0,road_loopA_r1,2256.2,2359.7,103.5,1298.3,45.2,0
197,suv,4.8,road_loopA_f0,xloopA_0Bb,2315.8,2360.4,44.6,479.0,38.6,0
160,car,4.5,road_loopA_r0,xloopA_0Ab,2266.9,2360.5,93.6,869.0,33.4,1
133,car,4.5,road_loopA_f0,road_loopA_f1,2240.4,2360.6,120.2,1303.9,39.1,1
79,bus,11.0,road_loopA_f0,road_loopA_f1,2197.2,2361.7,164.5,1303.0,28.5,2
135,truck,8.5,road_loopA_f0,road_loopA_f1,2241.2,2362.9,121.7,1304.0,38.6,1
101,car,4.5,road_loopA_f0,road_loopA_f1,2214.8,2363.0,148.2,1302.9,31.7,1
94,suv,4.8,road_loopA_f0,road_loopA_f1,2210.8,2364.5,153.7,1303.4,30.5,1
137,car,4.5,road_loopA_f0,road_loopA_f1,2244.5,2364.9,120.4,1303.3,39.0,1
112,truck,8.5,road_loopA_f0,road_loopA_f1,2226.8,2365.1,138.3,1303.6,33.9,1
91,bus,11.0,road_loopA_r0,road_loopA_r1,2208.9,2366.0,157.1,1298.0,29.7,2
111,car,4.5,road_loopA_f0,road_loopA_f1,2224.3,2366.3,142.0,1303.8,33.1,1
115,suv,4.8,road_loopA_f0,road_loopA_f1,2228.0,2367.0,139.0,1302.9,33.7,1
119,car,4.5,road_loopA_f0,road_loopA_f1,2233.2,2368.0,134.8,1304.0,34.8,1
145,car,4.5,road_loopA_f0,road_loopA_f1,2255.2,2368.3,113.1,1303.2,41.5,0
124,car,4.5,road_loopA_f0,road_loopA_f1,2234.9,2368.8,133.9,1303.3,35.0,1
120,car,4.5,road_loopA_f0,road_loopA_f1,2233.5,2369.7,136.2,1303.6,34.4,1
156,car,4.5,road_loopA_r0,road_loopA_r1,2264.5,2369.7,105.2,1297.9,44.4,0
127,car,4.5,road_loopA_f0,road_loopA_f1,2235.6,2370.6,135.0,1303.2,34.8,1
63,bus,11.0,road_loopA_r0,road_loopA_r1,2190.6,2371.3,180.7,1297.7,25.9,4
142,car,4.5,road_loopA_f0,road_loopA_f1,2252.5,2371.4,118.9,1302.8,39.4,1
146,car,4.5,road_loopA_r0,road_loopA_r1,2255.3,2371.8,116.5,1297.7,40.1,0
158,suv,4.8,road_loopA_f0,road_loopA_f1,2265.7,2371.9,106.2,1303.6,44.2,0
83,suv,4.8,road_loopA_r0,xloopA_0Bb,2201.9,2372.1,170.2,895.2,18.9,1
182,car,4.5,road_loopA_f0,xloopA_0Ab,2299.8,2372.7,72.9,505.2,25.0,1
129,car,4.5,road_loopA_f0,road_loopA_f1,2235.9,2373.0,137.1,1302.9,34.2,1
147,car,4.5,road_loopA_f0,road_loopA_f1,2255.8,2373.3,117.5,1304.1,40.0,0
149,car,4.5,road_loopA_r0,road_loopA_r1,2256.7,2373.6,116.9,1297.7,40.0,0
165,suv,4.8,road_loopA_f0,road_loopA_f1,2272.5,2373.7,101.2,1304.0,46.4,0
163,truck,8.5,road_loopA_r0,road_loopA_r1,2269.8,2374.7,104.9,1297.5,44.5,0
88,suv,4.8,road_loopA_r0,xloopA_0Bb,2204.4,2374.8,170.4,895.8,18.9,1
134,suv,4.8,road_loopA_f0,road_loopA_f1,2240.8,2374.9,134.1,1303.7,35.0,1
189,truck,8.5,road_loopA_f0,xloopA_0Ab,2309.9,2376.1,66.2,505.4,27.5,1
138,truck,8.5,road_loopA_f0,road_loopA_f1,2249.4,2376.2,126.8,1303.4,37.0,0
162,car,4.5,road_loopA_r0,road_loopA_r1,2269.3,2376.4,107.1,1298.5,43.7,0
154,suv,4.8,road_loopA_f0,road_loopA_f1,2263.2,2376.6,113.4,1303.7,41.4,0
169,car,4.5,road_loopA_r0,road_loopA_r1,2279.2,2376.6,97.4,1297.4,48.0,0
125,car,4.5,road_loopA_r0,xloopA_0Bb,2235.2,2377.5,142.3,895.7,22.7,1
144,car,4.5,road_loopA_f0,road_loopA_f1,2254.2,2378.0,123.8,1303.4,37.9,0
167,car,4.5,road_loopA_r0,road_loopA_r1,2278.7,2378.1,99.4,1297.3,47.0,0
159,suv,4.8,road_loopA_f0,road_loopA_f1,2266.4,2378.3,111.9,1302.9,41.9,0
174,car,4.5,road_loopA_f0,road_loopA_f1,2288.3,2378.5,90.2,1303.4,52.0,0
168,truck,8.5,road_loopA_r0,road_loopA_r1,2278.8,2378.9,100.1,1297.8,46.7,0
194,suv,4.8,road_loopA_f0,xloopA_0Ab,2312.7,2379.2,66.5,505.5,27.4,1
173,suv,4.8,road_loopA_r0,road_loopA_r1,2287.8,2379.8,92.0,1297.5,50.8,0
172,car,4.5,road_loopA_f0,road_loopA_f1,2287.7,2379.9,92.2,1303.4,50.9,0
150,car,4.5,road_loopA_r0,xloopA_0Bb,2258.8,2380.1,121.3,895.4,26.6,1
152,suv,4.8,road_loopA_r0,road_loopA_r1,2260.7,2380.1,119.4,1297.4,39.1,0
170,car,4.5,road_loopA_r0,road_loopA_r1,2283.4,2381.0,97.6,1298.4,47.9,0
175,suv,4.8,road_loopA_r0,road_loopA_r1,2288.4,2382.6,94.2,1298.5,49.6,0
220,truck,8.5,road_loopA_f0,xloopA_0Ab,2331.5,2383.6,52.1,504.9,34.9,0
176,car,4.5,road_loopA_f0,road_loopA_f1,2295.3,2384.6,89.3,1303.1,52.5,0
177,car,4.5,road_loopA_f0,road_loopA_f1,2295.7,2385.1,89.4,1303.1,52.5,0
178,suv,4.8,road_loopA_f0,road_loopA_f1,2295.9,2386.5,90.6,1303.7,51.8,0
180,suv,4.8,road_loopA_f0,road_loopA_f1,2298.6,2387.9,89.3,1303.1,52.5,0
196,car,4.5,xloopA_0Ba,xloopA_0Bb,2314.9,2391.0,76.1,84.6,4.0,1
130,bus,11.0,road_loopA_r0,road_loopA_r1,2237.8,2391.4,153.6,1298.3,30.4,3
212,car,4.5,xloopA_0Ba,xloopA_0Bb,2327.6,2393.1,65.5,84.5,4.6,1
243,car,4.5,xloopA_0Ba,xloopA_0Bb,2354.7,2395.1,40.4,84.2,7.5,0
188,suv,4.8,road_loopA_f0,road_loopA_f1,2307.8,2397.1,89.3,1303.1,52.5,0
253,car,4.5,xloopA_0Ba,xloopA_0Bb,2361.5,2397.3,35.8,84.3,8.5,0
256,car,4.5,xloopA_0Ba,xloopA_0Bb,2364.7,2399.4,34.7,84.5,8.8,0
191,car,4.5,road_loopA_f0,road_loopA_f1,2310.4,2399.8,89.4,1303.1,52.5,0
276,car,4.5,xloopA_0Ba,xloopA_0Bb,2383.3,2401.2,17.9,84.8,17.0,0
192,suv,4.8,road_loopA_f0,road_loopA_f1,2311.9,2401.3,89.4,1303.1,52.5,0
284,car,4.5,xloopA_0Aa,xloopA_0Ab,2389.9,2403.2,13.3,84.0,22.8,0
193,car,4.5,road_loopA_f0,road_loopA_f1,2312.2,2406.3,94.1,1303.4,49.9,0
203,suv,4.8,road_loopA_f0,road_loopA_f1,2321.6,2411.0,89.4,1303.1,52.5,0
204,suv,4.8,road_loopA_f0,road_loopA_f1,2321.7,2413.3,91.6,1304.1,51.2,0
208,suv,4.8,road_loopA_f0,road_loopA_f1,2324.6,2413.9,89.3,1303.1,52.5,0
207,suv,4.8,road_loopA_f0,road_loopA_f1,2323.5,2416.0,92.5,1303.2,50.7,0
211,car,4.5,road_loopA_f0,road_loopA_f1,2327.2,2417.8,90.6,1303.1,51.8,0
236,car,4.5,road_loopA_f0,xloopA_0Bb,2343.9,2419.6,75.7,478.7,22.8,1
199,suv,4.8,road_loopA_f0,road_loopA_f1,2316.6,2421.1,104.5,1303.9,44.9,0
238,truck,8.5,road_loopA_r0,xloopA_0Ab,2349.1,2431.1,82.0,868.8,38.1,0
285,suv,4.8,road_loopA_f0,xloopA_0Bb,2389.9,2431.4,41.5,479.1,41.6,0
185,car,4.5,xloopA_0Ba,road_loopA_r1,2303.1,2436.8,133.7,476.2,12.8,1
179,suv,4.8,road_loopA_r0,road_loopA_r1,2297.9,2440.3,142.4,1297.8,32.8,1
183,suv,4.8,road_loopA_r0,road_loopA_r1,2300.1,2441.9,141.8,1298.6,33.0,1
181,car,4.5,road_loopA_r0,road_loopA_r1,2299.0,2442.8,143.8,1297.8,32.5,1
187,car,4.5,road_loopA_r0,road_loopA_r1,2306.2,2444.4,138.2,1297.4,33.8,1
201,truck,8.5,road_loopA_r0,road_loopA_r1,2317.4,2444.9,127.5,1298.3,36.6,1
195,car,4.5,xloopA_0Aa,road_loopA_r1,2314.9,2445.7,130.8,506.5,13.9,1
205,car,4.5,road_loopA_r0,road_loopA_r1,2321.9,2447.8,125.9,1297.5,37.1,1
200,car,4.5,road_loopA_r0,road_loopA_r1,2316.6,2448.3,131.7,1298.0,35.5,1
171,car,4.5,road_loopA_r0,road_loopA_r1,2284.7,2448.4,163.7,1297.4,28.5,1
202,suv,4.8,road_loopA_r0,road_loopA_r1,2317.7,2450.1,132.4,1297.7,35.3,1
186,truck,8.5,road_loopA_r0,road_loopA_r1,2303.5,2450.6,147.1,1297.7,31.8,1
198,car,4.5,road_loopA_r0,road_loopA_r1,2316.1,2451.6,135.5,1297.5,34.5,1
206,car,4.5,road_loopA_r0,road_loopA_r1,2323.1,2451.8,128.7,1297.4,36.3,1
213,car,4.5,road_loopA_r0,road_loopA_r1,2327.7,2453.5,125.8,1297.4,37.1,1
210,truck,8.5,road_loopA_r0,road_loopA_r1,2325.3,2453.8,128.5,1298.3,36.4,1
221,truck,8.5,road_loopA_r0,road_loopA_r1,2332.1,2453.8,121.7,1298.5,38.4,1
217,car,4.5,road_loopA_r0,road_loopA_r1,2330.7,2455.5,124.8,1298.0,37.4,1
307,car,4.5,road_loopA_f0,xloopA_0Bb,2414.8,2455.8,41.0,478.7,42.0,0
227,car,4.5,road_loopA_r0,road_loopA_r1,2336.1,2456.6,120.5,1298.4,38.8,0
231,car,4.5,road_loopA_r0,road_loopA_r1,2339.2,2456.7,117.5,1298.1,39.8,1
223,car,4.5,road_loopA_r0,road_loopA_r1,2333.4,2457.2,123.8,1297.9,37.7,0
216,car,4.5,road_loopA_r0,road_loopA_r1,2330.5,2458.8,128.3,1297.9,36.4,1
230,suv,4.8,road_loopA_r0,road_loopA_r1,2338.8,2459.1,120.3,1298.0,38.8,0
314,car,4.5,road_loopA_f0,xloopA_0Bb,2417.7,2459.1,41.4,479.0,41.7,0
242,car,4.5,road_loopA_r0,road_loopA_r1,2354.5,2460.4,105.9,1297.3,44.1,0
233,car,4.5,road_loopA_r0,road_loopA_r1,2340.7,2461.0,120.3,1298.4,38.8,0
226,car,4.5,road_loopA_r0,road_loopA_r1,2335.3,2462.1,126.8,1297.7,36.8,0
318,car,4.5,road_loopA_f0,xloopA_0Bb,2420.6,2462.5,41.9,478.8,41.2,0
214,suv,4.8,road_loopA_f0,road_loopA_f1,2328.0,2462.8,134.8,1303.2,34.8,1
235,car,4.5,road_loopA_r0,road_loopA_r1,2342.9,2462.8,119.9,1297.8,39.0,0
252,suv,4.8,road_loopA_r0,road_loopA_r1,2361.3,2463.4,102.1,1297.6,45.8,0
244,car,4.5,road_loopA_r0,road_loopA_r1,2354.8,2464.6,109.8,1298.4,42.6,0
250,suv,4.8,road_loopA_r0,road_loopA_r1,2360.6,2466.3,105.7,1297.5,44.2,0
261,suv,4.8,road_loopA_r0,road_loopA_r1,2370.1,2466.4,96.3,1297.4,48.5,0
229,suv,4.8,road_loopA_r0,road_loopA_r1,2337.8,2466.5,128.7,1298.2,36.3,0
255,car,4.5,road_loopA_r0,road_loopA_r1,2364.0,2468.1,104.1,1298.0,44.9,0
248,truck,8.5,road_loopA_r0,road_loopA_r1,2358.4,2468.6,110.2,1298.4,42.4,0
269,car,4.5,road_loopA_r0,road_loopA_r1,2374.9,2469.1,94.2,1297.3,49.6,0
184,bus,11.0,road_loopA_f0,road_loopA_f1,2302.6,2469.7,167.1,1303.4,28.1,2
262,car,4.5,road_loopA_r0,road_loopA_r1,2370.3,2469.9,99.6,1297.6,46.9,0
266,car,4.5,road_loopA_r0,road_loopA_r1,2372.5,2471.3,98.8,1297.7,47.3,0
272,truck,8.5,road_loopA_r0,road_loopA_r1,2379.4,2471.5,92.1,1297.3,50.7,0
268,car,4.5,road_loopA_r0,road_loopA_r1,2374.2,2471.7,97.5,1298.5,47.9,0
224,car,4.5,road_loopA_f0,road_loopA_f1,2334.7,2472.4,137.7,1303.1,34.1,1
273,car,4.5,road_loopA_r0,road_loopA_r1,2379.5,2473.3,93.8,1298.2,49.8,0
270,car,4.5,road_loopA_r0,road_loopA_r1,2375.0,2473.4,98.4,1297.4,47.5,0
279,suv,4.8,road_loopA_r0,road_loopA_r1,2384.9,2475.0,90.1,1298.0,51.8,0
219,car,4.5,road_loopA_f0,road_loopA_f1,2331.2,2475.4,144.2,1303.6,32.6,1
232,car,4.5,road_loopA_f0,road_loopA_f1,2339.8,2475.4,135.6,1304.1,34.6,1
215,car,4.5,road_loopA_f0,road_loopA_f1,2329.0,2476.2,147.2,1302.8,31.9,1
237,suv,4.8,road_loopA_f0,road_loopA_f1,2348.1,2477.1,129.0,1303.8,36.4,1
234,car,4.5,road_loopA_f0,road_loopA_f1,2341.3,2478.4,137.1,1303.3,34.2,1
245,car,4.5,road_loopA_f0,road_loopA_f1,2355.3,2478.9,123.6,1303.8,38.0,1
218,suv,4.8,road_loopA_f0,road_loopA_f1,2331.1,2480.0,148.9,1303.2,31.5,1
239,car,4.5,road_loopA_f0,road_loopA_f1,2352.7,2480.1,127.4,1302.9,36.8,1
332,car,4.5,road_loopA_f0,xloopA_0Bb,2436.1,2480.6,44.5,478.6,38.7,0
257,car,4.5,road_loopA_f0,road_loopA_f1,2364.6,2480.7,116.1,1302.8,40.4,4
225,car,4.5,road_loopA_f0,road_loopA_f1,2335.0,2481.7,146.7,1303.4,32.0,1
263,car,4.5,road_loopA_f0,road_loopA_f1,2370.7,2482.4,111.7,1302.8,42.0,1
282,car,4.5,road_loopA_r0,road_loopA_r1,2389.2,2482.5,93.3,1297.3,50.1,0
246,truck,8.5,road_loopA_f0,road_loopA_f1,2357.6,2482.6,125.0,1303.3,37.5,1
277,car,4.5,road_loopA_r0,road_loopA_r1,2384.2,2482.9,98.7,1297.8,47.3,0
241,car,4.5,road_loopA_f0,road_loopA_f1,2354.4,2483.4,129.0,1302.8,36.4,1
265,car,4.5,road_loopA_f0,road_loopA_f1,2372.2,2484.2,112.0,1302.8,41.9,0
286,car,4.5,road_loopA_r0,road_loopA_r1,2392.5,2484.8,92.3,1298.3,50.6,0
249,suv,4.8,road_loopA_f0,road_loopA_f1,2358.7,2485.3,126.6,1303.6,37.1,1
274,car,4.5,road_loopA_r0,road_loopA_r1,2381.3,2485.9,104.6,1297.3,44.6,0
275,car,4.5,road_loopA_f0,road_loopA_f1,2381.4,2486.0,104.6,1303.4,44.9,0
292,suv,4.8,road_loopA_r0,road_loopA_r1,2397.0,2486.4,89.4,1298.0,52.3,0
251,suv,4.8,road_loopA_f0,road_loopA_f1,2361.1,2487.2,126.1,1303.1,37.2,1
278,suv,4.8,road_loopA_r0,road_loopA_r1,2384.7,2487.7,103.0,1298.4,45.4,0
240,car,4.5,road_loopA_f0,road_loopA_f1,2353.6,2488.2,134.6,1303.1,34.9,1
271,suv,4.8,road_loopA_f0,road_loopA_f1,2376.5,2488.3,111.8,1303.8,42.0,0
291,car,4.5,road_loopA_r0,road_loopA_r1,2396.5,2488.6,92.1,1297.5,50.7,0
247,suv,4.8,road_loopA_f0,road_loopA_f1,2358.1,2489.9,131.8,1303.4,35.6,1
288,suv,4.8,road_loopA_f0,road_loopA_f1,2395.4,2490.2,94.8,1303.9,49.5,0
287,car,4.5,road_loopA_r0,road_loopA_r1,2393.6,2490.9,97.3,1298.3,48.0,0
254,truck,8.5,road_loopA_f0,road_loopA_f1,2362.4,2491.5,129.1,1302.8,36.3,1
293,truck,8.5,road_loopA_f0,xloopA_0Ab,2398.3,2492.1,93.8,505.6,19.4,1
295,suv,4.8,road_loopA_f0,road_loopA_f1,2401.4,2492.2,90.8,1304.0,51.7,0
297,car,4.5,road_loopA_r0,road_loopA_r1,2402.7,2492.6,89.9,1297.8,52.0,0
298,suv,4.8,road_loopA_r0,road_loopA_r1,2405.3,2494.2,88.9,1297.3,52.5,0
267,car,4.5,road_loopA_f0,road_loopA_f1,2373.0,2494.6,121.6,1303.5,38.6,0
333,suv,4.8,road_loopA_f0,xloopA_0Ab,2439.0,2495.1,56.1,505.7,32.5,0
259,car,4.5,road_loopA_f0,road_loopA_f1,2367.3,2495.7,128.4,1303.2,36.5,0
290,truck,8.5,road_loopA_f0,road_loopA_f1,2395.6,2496.4,100.8,1303.0,46.5,0
302,car,4.5,road_loopA_r0,road_loopA_r1,2407.6,2496.5,88.9,1297.3,52.5,0
280,car,4.5,road_loopA_f0,road_loopA_f1,2385.9,2497.4,111.5,1303.3,42.1,0
338,car,4.5,road_loopA_f0,xloopA_0Ab,2445.1,2497.7,52.6,505.0,34.5,0
258,suv,4.8,road_loopA_f0,road_loopA_f1,2366.7,2498.2,131.5,1302.9,35.7,0
281,car,4.5,road_loopA_f0,road_loopA_f1,2386.0,2499.1,113.1,1303.8,41.5,0
296,suv,4.8,road_loopA_f0,road_loopA_f1,2402.7,2500.0,97.3,1303.0,48.2,0
341,car,4.5,road_loopA_f0,xloopA_0Ab,2450.4,2500.3,49.9,504.9,36.4,0
260,truck,8.5,road_loopA_f0,road_loopA_f1,2368.0,2500.4,132.4,1303.4,35.4,0
264,car,4.5,road_loopA_f0,road_loopA_f1,2372.1,2502.2,130.1,1303.7,36.1,0
305,car,4.5,road_loopA_f0,road_loopA_f1,2413.2,2503.5,90.3,1303.0,51.9,0
303,truck,8.5,road_loopA_r0,road_loopA_r1,2407.8,2503.9,96.1,1297.5,48.6,0
283,car,4.5,road_loopA_f0,road_loopA_f1,2389.5,2504.0,114.5,1303.5,41.0,0
299,car,4.5,road_loopA_f0,road_loopA_f1,2405.4,2504.9,99.5,1303.7,47.2,0
309,car,4.5,road_loopA_r0,road_loopA_r1,2415.5,2505.1,89.6,1298.0,52.1,0
209,bus,11.0,road_loopA_r0,road_loopA_r1,2325.0,2506.1,181.1,1298.3,25.8,2
228,bus,11.0,road_loopA_f0,road_loopA_f1,2336.7,2506.3,169.6,1304.1,27.7,2
310,car,4.5,road_loopA_r0,road_loopA_r1,2416.5,2506.5,90.0,1298.7,51.9,0
294,car,4.5,xloopA_0Ba,xloopA_0Bb,2400.2,2507.3,107.1,84.3,2.8,1
301,truck,8.5,road_loopA_r0,road_loopA_r1,2407.4,2508.4,101.0,1298.1,46.3,0
380,car,4.5,xloopA_0Aa,xloopA_0Ab,2489.9,2508.7,18.8,84.1,16.1,0
300,car,4.5,xloopA_0Ba,xloopA_0Bb,2407.0,2510.8,103.8,84.2,2.9,1
322,car,4.5,xloopA_0Ba,xloopA_0Bb,2424.9,2513.0,88.1,84.3,3.4,0
315,suv,4.8,road_loopA_f0,road_loopA_f1,2419.0,2515.5,96.5,1304.1,48.6,0
370,car,4.5,xloopA_0Ba,xloopA_0Bb,2480.6,2516.1,35.5,84.6,8.6,0
319,car,4.5,road_loopA_f0,road_loopA_f1,2421.1,2519.7,98.6,1304.0,47.6,0
397,car,4.5,xloopA_0Aa,xloopA_0Ab,2510.3,2521.0,10.7,84.3,28.4,0
390,car,4.5,xloopA_0Ba,xloopA_0Bb,2502.1,2521.4,19.3,84.3,15.7,0
323,truck,8.5,road_loopA_f0,road_loopA_f1,2425.4,2522.6,97.2,1303.7,48.3,0
324,car,4.5,road_loopA_f0,road_loopA_f1,2427.1,2524.6,97.5,1303.5,48.1,0
328,suv,4.8,road_loopA_f0,road_loopA_f1,2433.5,2526.3,92.8,1303.5,50.5,0
222,bus,11.0,road_loopA_f0,road_loopA_f1,2332.6,2527.1,194.5,1303.0,24.1,3
321,car,4.5,road_loopA_f0,road_loopA_f1,2423.7,2528.3,104.6,1303.8,44.9,0
316,truck,8.5,road_loopA_f0,road_loopA_f1,2419.4,2528.4,109.0,1303.8,43.1,0
325,truck,8.5,road_loopA_f0,road_loopA_f1,2430.6,2532.8,102.2,1303.8,45.9,0
331,suv,4.8,road_loopA_f0,road_loopA_f1,2435.9,2534.8,98.9,1303.2,47.4,0
306,car,4.5,road_loopA_f0,road_loopA_f1,2414.3,2535.1,120.8,1303.8,38.9,0
350,car,4.5,road_loopA_f0,xloopA_0Bb,2461.1,2536.3,75.2,478.9,22.9,2
330,car,4.5,road_loopA_f0,road_loopA_f1,2435.8,2536.5,100.7,1302.9,46.6,0
378,suv,4.8,road_loopA_f0,xloopA_0Bb,2487.9,2540.1,52.2,479.1,33.0,0
327,car,4.5,road_loopA_f0,road_loopA_f1,2431.0,2556.9,125.9,1302.8,37.3,0
311,car,4.5,road_loopA_r0,road_loopA_r1,2416.7,2557.8,141.1,1298.1,33.1,1
334,car,4.5,road_loopA_r0,road_loopA_r1,2441.6,2559.1,117.5,1298.5,39.8,1
403,car,4.5,road_loopA_f0,xloopA_0Bb,2516.1,2559.5,43.4,478.8,39.7,0
304,truck,8.5,road_loopA_r0,road_loopA_r1,2410.9,2560.4,149.5,1298.1,31.2,1
320,suv,4.8,road_loopA_r0,road_loopA_r1,2422.2,2560.6,138.4,1297.3,33.7,1
329,car,4.5,road_loopA_r0,road_loopA_r1,2433.6,2562.4,128.8,1297.4,36.3,1
312,car,4.5,road_loopA_r0,road_loopA_r1,2416.8,2562.5,145.7,1298.1,32.1,1
336,car,4.5,road_loopA_r0,road_loopA_r1,2444.7,2564.2,119.5,1297.9,39.1,1
289,car,4.5,xloopA_0Ba,road_loopA_r1,2395.4,2564.7,169.3,476.5,10.1,1
340,car,4.5,road_loopA_r0,road_loopA_r1,2449.3,2566.0,116.7,1298.2,40.0,1
349,car,4.5,road_loopA_r0,road_loopA_r1,2460.4,2567.6,107.2,1297.4,43.6,0
359,car,4.5,road_loopA_r0,road_loopA_r1,2469.5,2569.3,99.8,1297.5,46.8,0
362,car,4.5,road_loopA_r0,road_loopA_r1,2476.1,2571.0,94.9,1298.6,49.2,0
346,suv,4.8,road_loopA_r0,road_loopA_r1,2456.6,2572.7,116.1,1297.3,40.2,0
335,car,4.5,xloopA_0Ba,road_loopA_r1,2443.7,2573.5,129.8,476.2,13.2,0
364,suv,4.8,road_loopA_r0,road_loopA_r1,2477.1,2574.0,96.9,1298.2,48.2,0
313,car,4.5,road_loopA_r0,road_loopA_r1,2417.0,2575.2,158.2,1298.2,29.5,1
366,car,4.5,road_loopA_r0,road_loopA_r1,2477.5,2575.7,98.2,1297.7,47.6,0
358,car,4.5,road_loopA_r0,road_loopA_r1,2466.4,2576.1,109.7,1297.9,42.6,0
339,suv,4.8,road_loopA_r0,road_loopA_r1,2446.4,2576.9,130.5,1298.1,35.8,0
371,car,4.5,road_loopA_r0,road_loopA_r1,2481.9,2577.9,96.0,1298.1,48.7,0
354,car,4.5,road_loopA_r0,road_loopA_r1,2464.7,2578.7,114.0,1298.6,41.0,0
369,suv,4.8,road_loopA_r0,road_loopA_r1,2480.2,2578.8,98.6,1297.3,47.4,0
375,car,4.5,road_loopA_r0,road_loopA_r1,2487.0,2580.4,93.4,1297.4,50.0,0
343,suv,4.8,road_loopA_r0,road_loopA_r1,2453.3,2581.7,128.4,1297.7,36.4,0
344,car,4.5,road_loopA_f0,road_loopA_f1,2453.6,2582.1,128.5,1304.1,36.5,1
317,truck,8.5,road_loopA_r0,road_loopA_r1,2420.2,2583.0,162.8,1298.3,28.7,1
357,suv,4.8,road_loopA_r0,road_loopA_r1,2466.1,2583.4,117.3,1297.3,39.8,0
356,car,4.5,road_loopA_f0,road_loopA_f1,2464.9,2584.8,119.9,1303.6,39.1,1
363,car,4.5,road_loopA_r0,road_loopA_r1,2476.1,2585.2,109.1,1297.9,42.8,0
365,car,4.5,road_loopA_r0,road_loopA_r1,2477.2,2585.8,108.6,1297.6,43.0,0
337,car,4.5,road_loopA_f0,road_loopA_f1,2444.9,2586.9,142.0,1302.8,33.0,1
386,car,4.5,road_loopA_r0,road_loopA_r1,2497.3,2587.0,89.7,1297.9,52.1,0
388,suv,4.8,road_loopA_r0,road_loopA_r1,2498.7,2588.4,89.7,1298.7,52.1,0
351,car,4.5,road_loopA_f0,road_loopA_f1,2463.7,2589.7,126.0,1303.1,37.2,1
391,car,4.5,road_loopA_r0,road_loopA_r1,2502.1,2592.1,90.0,1297.3,51.9,0
352,car,4.5,road_loopA_f0,road_loopA_f1,2463.7,2592.3,128.6,1304.1,36.5,1
394,car,4.5,road_loopA_r0,xloopA_0Ab,2503.7,2594.0,90.3,869.1,34.7,1
348,suv,4.8,road_loopA_f0,road_loopA_f1,2459.2,2594.5,135.3,1303.5,34.7,1
308,bus,11.0,road_loopA_r0,road_loopA_r1,2415.0,2597.0,182.0,1297.5,25.7,2
389,car,4.5,road_loopA_r0,road_loopA_r1,2500.7,2598.0,97.3,1298.1,48.0,0
392,car,4.5,road_loopA_f0,road_loopA_f1,2503.2,2601.4,98.2,1303.4,47.8,0
382,car,4.5,road_loopA_r0,road_loopA_r1,2489.9,2603.0,113.1,1298.1,41.3,0
361,truck,8.5,road_loopA_f0,road_loopA_f1,2474.3,2603.1,128.8,1303.0,36.4,0
353,suv,4.8,road_loopA_f0,road_loopA_f1,2464.1,2603.8,139.7,1303.7,33.6,1
373,suv,4.8,road_loopA_f0,road_loopA_f1,2483.9,2604.3,120.4,1302.8,39.0,1
372,suv,4.8,road_loopA_f0,road_loopA_f1,2483.8,2605.0,121.2,1302.8,38.7,0
393,car,4.5,road_loopA_r0,road_loopA_r1,2503.7,2605.7,102.0,1297.5,45.8,0
379,suv,4.8,road_loopA_f0,road_loopA_f1,2488.6,2606.8,118.2,1303.7,39.7,0
401,car,4.5,road_loopA_r0,road_loopA_r1,2514.2,2608.0,93.8,1297.7,49.8,0
376,suv,4.8,road_loopA_f0,road_loopA_f1,2487.6,2608.1,120.5,1303.6,38.9,0
326,car,4.5,road_loopA_r0,xloopA_0Bb,2430.9,2608.4,177.5,895.6,18.2,2
400,car,4.5,road_loopA_f0,road_loopA_f1,2513.1,2608.4,95.3,1303.6,49.3,0
383,car,4.5,road_loopA_f0,road_loopA_f1,2490.1,2608.8,118.7,1303.5,39.5,0
342,truck,8.5,road_loopA_f0,xloopA_0Ab,2451.3,2610.1,158.8,505.5,11.5,1
374,car,4.5,road_loopA_f0,road_loopA_f1,2485.9,2610.3,124.4,1304.1,37.7,0
398,car,4.5,road_loopA_f0,road_loopA_f1,2511.3,2610.5,99.2,1304.2,47.4,0
355,car,4.5,road_loopA_r0,xloopA_0Bb,2464.8,2611.0,146.2,895.6,22.1,2
406,car,4.5,road_loopA_f0,road_loopA_f1,2520.7,2611.7,91.0,1302.8,51.5,0
368,car,4.5,road_loopA_f0,xloopA_0Ab,2478.1,2613.1,135.0,505.4,13.5,1
360,car,4.5,road_loopA_r0,xloopA_0Bb,2473.3,2613.6,140.3,895.3,23.0,2
411,car,4.5,road_loopA_r0,road_loopA_r1,2525.4,2614.3,88.9,1297.3,52.5,0
395,suv,4.8,road_loopA_f0,road_loopA_f1,2508.3,2615.4,107.1,1303.8,43.8,0
387,car,4.5,road_loopA_f0,xloopA_0Ab,2497.5,2615.7,118.2,505.2,15.4,1
385,car,4.5,road_loopA_r0,xloopA_0Bb,2490.8,2616.3,125.5,895.5,25.7,1
408,car,4.5,road_loopA_f0,road_loopA_f1,2524.6,2617.2,92.6,1303.9,50.7,0
412,car,4.5,road_loopA_f0,xloopA_0Ab,2525.5,2618.4,92.9,505.4,19.6,1
377,car,4.5,road_loopA_r0,xloopA_0Bb,2487.6,2619.0,131.4,895.7,24.5,1
396,car,4.5,road_loopA_f0,road_loopA_f1,2509.6,2619.4,109.8,1303.7,42.8,0
367,car,4.5,road_loopA_f0,road_loopA_f1,2477.9,2619.7,141.8,1302.8,33.1,1
416,suv,4.8,road_loopA_r0,road_loopA_r1,2531.4,2620.4,89.0,1298.6,52.5,0
405,car,4.5,road_loopA_r0,road_loopA_r1,2520.4,2621.3,100.9,1297.9,46.3,0
404,car,4.5,road_loopA_f0,road_loopA_f1,2518.1,2621.7,103.6,1303.2,45.3,0
414,car,4.5,road_loopA_f0,road_loopA_f1,2530.6,2622.0,91.4,1303.6,51.4,0
347,car,4.5,xloopA_0Aa,road_loopA_f1,2457.5,2622.6,165.1,872.5,19.0,1
431,car,4.5,xloopA_0Aa,xloopA_0Ab,2542.4,2623.4,81.0,84.2,3.7,1
421,car,4.5,road_loopA_r0,road_loopA_r1,2535.2,2624.2,89.0,1297.3,52.5,0
381,car,4.5,xloopA_0Ba,road_loopA_f1,2490.0,2624.5,134.5,902.3,24.1,0
418,car,4.5,road_loopA_f0,road_loopA_f1,2533.2,2626.1,92.9,1304.1,50.5,0
467,car,4.5,xloopA_0Aa,xloopA_0Ab,2574.8,2627.4,52.6,84.4,5.8,1
407,car,4.5,xloopA_0Ba,xloopA_0Bb,2522.2,2628.8,106.6,84.1,2.8,1
413,suv,4.8,road_loopA_f0,road_loopA_f1,2528.3,2628.8,100.5,1303.0,46.7,0
425,car,4.5,road_loopA_f0,road_loopA_f1,2537.9,2629.4,91.5,1303.2,51.3,0
415,car,4.5,road_loopA_f0,road_loopA_f1,2530.9,2630.0,99.1,1304.1,47.4,0
419,car,4.5,xloopA_0Ba,xloopA_0Bb,2533.6,2631.0,97.4,84.2,3.1,1
423,car,4.5,road_loopA_f0,road_loopA_f1,2537.2,2631.1,93.9,1302.9,50.0,0
427,car,4.5,road_loopA_f0,road_loopA_f1,2538.0,2631.3,93.3,1303.2,50.3,0
477,car,4.5,xloopA_0Ba,xloopA_0Bb,2585.4,2633.0,47.6,84.5,6.4,0
428,suv,4.8,road_loopA_f0,road_loopA_f1,2538.7,2634.7,96.0,1303.0,48.9,0
516,car,4.5,xloopA_0Ba,xloopA_0Bb,2619.5,2635.1,15.6,84.5,19.5,0
384,car,4.5,xloopA_0Ba,road_loopA_f1,2490.7,2638.3,147.6,902.4,22.0,0
435,car,4.5,road_loopA_f0,road_loopA_f1,2545.4,2640.9,95.5,1302.9,49.1,0
426,car,4.5,road_loopA_f0,road_loopA_f1,2537.9,2641.6,103.7,1303.0,45.2,0
438,car,4.5,road_loopA_f0,road_loopA_f1,2547.8,2644.0,96.2,1304.0,48.8,0
432,car,4.5,road_loopA_f0,road_loopA_f1,2543.0,2649.3,106.3,1302.9,44.1,0
448,car,4.5,road_loopA_f0,road_loopA_f1,2560.4,2649.8,89.4,1303.1,52.5,0
437,car,4.5,road_loopA_f0,road_loopA_f1,2547.8,2650.4,102.6,1303.0,45.7,0
440,suv,4.8,road_loopA_f0,road_loopA_f1,2551.6,2651.2,99.6,1303.4,47.1,0
420,truck,8.5,road_loopA_r0,xloopA_0Ab,2534.0,2651.7,117.7,869.1,26.6,2
445,car,4.5,road_loopA_f0,road_loopA_f1,2555.4,2652.5,97.1,1303.3,48.3,0
429,suv,4.8,road_loopA_f0,road_loopA_f1,2540.3,2655.4,115.1,1303.4,40.8,0
505,car,4.5,road_loopA_f0,xloopA_0Bb,2611.1,2656.5,45.4,478.7,37.9,0
517,car,4.5,road_loopA_f0,xloopA_0Bb,2619.6,2659.6,40.0,478.9,43.1,0
524,car,4.5,road_loopA_f0,xloopA_0Bb,2626.0,2664.9,38.9,478.8,44.3,0
422,suv,4.8,road_loopA_r0,road_loopA_r1,2535.6,2666.8,131.2,1298.3,35.6,1
430,car,4.5,road_loopA_r0,road_loopA_r1,2542.0,2668.3,126.3,1297.7,37.0,1
433,car,4.5,road_loopA_r0,road_loopA_r1,2543.8,2669.8,126.0,1297.9,37.1,1
417,car,4.5,road_loopA_r0,road_loopA_r1,2532.5,2674.4,141.9,1298.4,32.9,1
441,car,4.5,road_loopA_r0,road_loopA_r1,2551.7,2674.6,122.9,1297.9,38.0,1
409,bus,11.0,road_loopA_r0,road_loopA_r1,2524.8,2674.8,150.0,1298.4,31.2,1
424,truck,8.5,road_loopA_r0,road_loopA_r1,2537.8,2677.6,139.8,1297.3,33.4,1
399,bus,11.0,road_loopA_f0,road_loopA_f1,2512.7,2679.5,166.8,1303.2,28.1,2
436,car,4.5,road_loopA_r0,road_loopA_r1,2547.4,2680.3,132.9,1298.4,35.2,1
443,truck,8.5,road_loopA_r0,road_loopA_r1,2553.2,2681.0,127.8,1297.8,36.6,1
465,car,4.5,xloopA_0Aa,road_loopA_r1,2573.9,2681.4,107.5,506.8,17.0,1
449,car,4.5,road_loopA_r0,road_loopA_r1,2560.5,2681.9,121.4,1297.8,38.5,1
554,suv,4.8,road_loopA_f0,xloopA_0Bb,2643.4,2683.4,40.0,478.9,43.1,0
434,truck,8.5,road_loopA_r0,road_loopA_r1,2545.1,2683.6,138.5,1298.1,33.7,1
444,suv,4.8,road_loopA_r0,road_loopA_r1,2555.1,2683.8,128.7,1297.5,36.3,1
452,suv,4.8,road_loopA_r0,road_loopA_r1,2562.8,2684.7,121.9,1297.3,38.3,1
439,truck,8.5,road_loopA_r0,road_loopA_r1,2550.3,2686.1,135.8,1298.2,34.4,1
446,truck,8.5,road_loopA_r0,road_loopA_r1,2556.4,2686.9,130.5,1297.5,35.8,1
442,car,4.5,road_loopA_r0,road_loopA_r1,2553.2,2688.1,134.9,1298.6,34.7,1
461,car,4.5,road_loopA_r0,road_loopA_r1,2569.6,2688.2,118.6,1298.0,39.4,1
460,car,4.5,road_loopA_r0,road_loopA_r1,2569.2,2688.9,119.7,1298.4,39.1,1
451,car,4.5,road_loopA_r0,road_loopA_r1,2561.9,2689.7,127.8,1297.5,36.5,1
458,car,4.5,road_loopA_r0,road_loopA_r1,2567.5,2691.2,123.7,1298.3,37.8,1
454,suv,4.8,road_loopA_r0,road_loopA_r1,2565.4,2691.4,126.0,1297.7,37.1,1
468,car,4.5,road_loopA_r0,road_loopA_r1,2575.8,2691.8,116.0,1298.2,40.3,0
463,car,4.5,road_loopA_r0,road_loopA_r1,2571.8,2692.7,120.9,1298.0,38.6,1
456,suv,4.8,road_loopA_f0,road_loopA_f1,2566.3,2694.2,127.9,1304.2,36.7,1
464,suv,4.8,road_loopA_r0,road_loopA_r1,2572.9,2694.4,121.5,1298.4,38.5,1
447,truck,8.5,road_loopA_r0,road_loopA_r1,2559.2,2695.2,136.0,1298.0,34.4,1
472,car,4.5,road_loopA_r0,road_loopA_r1,2581.9,2696.1,114.2,1297.7,40.9,1
450,truck,8.5,road_loopA_r0,road_loopA_r1,2561.7,2697.8,136.1,1297.3,34.3,1
471,suv,4.8,road_loopA_r0,road_loopA_r1,2581.8,2698.4,116.6,1297.9,40.1,0
455,car,4.5,road_loopA_f0,road_loopA_f1,2565.9,2699.3,133.4,1303.6,35.2,1
474,car,4.5,road_loopA_r0,road_loopA_r1,2584.1,2699.5,115.4,1297.9,40.5,1
459,suv,4.8,road_loopA_r0,road_loopA_r1,2568.8,2700.1,131.3,1298.1,35.6,0
457,suv,4.8,road_loopA_f0,road_loopA_f1,2566.7,2700.8,134.1,1303.3,35.0,1
473,car,4.5,road_loopA_r0,road_loopA_r1,2583.0,2701.4,118.4,1298.6,39.5,0
475,car,4.5,road_loopA_f0,road_loopA_f1,2584.4,2702.2,117.8,1304.1,39.9,1
478,car,4.5,road_loopA_r0,road_loopA_r1,2585.5,2702.4,116.9,1297.4,39.9,0
577,car,4.5,road_loopA_f0,xloopA_0Bb,2662.9,2702.8,39.9,478.7,43.2,0
476,car,4.5,road_loopA_r0,road_loopA_r1,2584.5,2703.1,118.6,1298.2,39.4,0
469,car,4.5,road_loopA_r0,road_loopA_r1,2576.2,2704.0,127.8,1297.7,36.5,1
481,car,4.5,road_loopA_r0,road_loopA_r1,2586.9,2704.8,117.9,1297.4,39.6,0
484,suv,4.8,road_loopA_f0,road_loopA_f1,2588.7,2705.0,116.3,1304.1,40.4,1
490,car,4.5,road_loopA_f0,road_loopA_f1,2596.7,2705.1,108.4,1303.7,43.3,1
581,suv,4.8,road_loopA_f0,xloopA_0Bb,2666.3,2706.2,39.9,479.1,43.3,0
486,car,4.5,road_loopA_r0,road_loopA_r1,2590.1,2706.6,116.5,1297.6,40.1,0
491,suv,4.8,road_loopA_f0,road_loopA_f1,2598.8,2707.6,108.8,1303.3,43.1,0
485,car,4.5,road_loopA_r0,road_loopA_r1,2589.3,2708.1,118.8,1297.3,39.3,0
489,car,4.5,road_loopA_r0,road_loopA_r1,2594.8,2708.4,113.6,1297.3,41.1,0
487,suv,4.8,road_loopA_r0,road_loopA_r1,2592.5,2709.9,117.4,1298.3,39.8,0
492,car,4.5,road_loopA_r0,road_loopA_r1,2598.8,2710.2,111.4,1297.9,41.9,0
480,car,4.5,road_loopA_f0,road_loopA_f1,2586.9,2710.3,123.4,1303.2,38.0,1
462,suv,4.8,road_loopA_f0,road_loopA_f1,2571.7,2710.6,138.9,1304.2,33.8,1
508,car,4.5,road_loopA_r0,road_loopA_r1,2612.8,2711.0,98.2,1298.6,47.6,0
498,suv,4.8,road_loopA_r0,road_loopA_r1,2605.2,2711.7,106.5,1297.8,43.9,0
497,car,4.5,road_loopA_f0,road_loopA_f1,2604.4,2712.0,107.6,1303.4,43.6,0
500,car,4.5,road_loopA_r0,road_loopA_r1,2606.2,2713.4,107.2,1297.8,43.6,0
503,car,4.5,road_loopA_r0,road_loopA_r1,2609.0,2713.5,104.5,1298.0,44.7,0
466,car,4.5,road_loopA_r0,road_loopA_r1,2573.9,2713.9,140.0,1297.9,33.4,1
523,suv,4.8,road_loopA_r0,road_loopA_r1,2623.5,2716.8,93.3,1297.7,50.1,0
527,car,4.5,road_loopA_f0,road_loopA_f1,2627.8,2717.4,89.6,1302.9,52.3,0
493,suv,4.8,road_loopA_r0,road_loopA_r1,2600.3,2718.3,118.0,1297.9,39.6,0
494,suv,4.8,road_loopA_f0,road_loopA_f1,2601.9,2718.4,116.5,1303.0,40.3,0
521,car,4.5,road_loopA_r0,road_loopA_r1,2622.9,2719.9,97.0,1297.3,48.2,0
530,car,4.5,road_loopA_f0,road_loopA_f1,2629.1,2720.6,91.5,1302.8,51.2,0
501,truck,8.5,road_loopA_f0,road_loopA_f1,2606.4,2720.7,114.3,1303.6,41.0,0
410,suv,4.8,road_loopA_r0,xloopA_0Bb,2525.1,2721.7,196.6,896.0,16.4,2
512,suv,4.8,road_loopA_r0,road_loopA_r1,2615.8,2721.7,105.9,1297.7,44.1,0
483,car,4.5,road_loopA_f0,xloopA_0Ab,2587.1,2722.2,135.1,505.2,13.5,1
513,car,4.5,road_loopA_r0,road_loopA_r1,2616.3,2722.6,106.3,1298.7,44.0,0
506,car,4.5,road_loopA_f0,road_loopA_f1,2611.2,2722.8,111.6,1303.4,42.1,0
531,suv,4.8,road_loopA_r0,road_loopA_r1,2629.7,2724.0,94.3,1297.7,49.5,0
470,car,4.5,road_loopA_r0,xloopA_0Bb,2580.8,2724.3,143.5,895.7,22.5,2
496,car,4.5,road_loopA_f0,xloopA_0Ab,2602.8,2724.8,122.0,505.2,14.9,1
511,car,4.5,road_loopA_f0,road_loopA_f1,2615.7,2724.9,109.2,1303.7,43.0,0
540,car,4.5,road_loopA_f0,road_loopA_f1,2634.6,2725.3,90.7,1304.2,51.8,0
509,suv,4.8,road_loopA_f0,road_loopA_f1,2613.0,2726.7,113.7,1304.0,41.3,0
529,truck,8.5,road_loopA_f0,road_loopA_f1,2628.1,2727.0,98.9,1303.6,47.4,0
528,car,4.5,road_loopA_f0,xloopA_0Ab,2628.0,2727.5,99.5,505.4,18.3,1
538,car,4.5,road_loopA_r0,road_loopA_r1,2634.0,2727.6,93.6,1298.6,49.9,0
535,suv,4.8,road_loopA_f0,road_loopA_f1,2632.8,2727.7,94.9,1304.2,49.5,0
519,suv,4.8,road_loopA_r0,road_loopA_r1,2621.6,2728.6,107.0,1297.9,43.6,0
504,suv,4.8,road_loopA_f0,road_loopA_f1,2610.2,2728.8,118.6,1303.4,39.6,0
514,truck,8.5,road_loopA_r0,road_loopA_r1,2618.9,2729.2,110.3,1297.5,42.4,0
543,car,4.5,road_loopA_f0,road_loopA_f1,2635.9,2729.6,93.7,1302.9,50.1,0
522,car,4.5,road_loopA_r0,road_loopA_r1,2623.1,2730.2,107.1,1297.9,43.6,0
565,truck,8.5,road_loopA_f0,xloopA_0Ab,2651.0,2730.9,79.9,505.0,22.8,1
453,car,4.5,road_loopA_f0,road_loopA_f1,2564.8,2731.2,166.4,1303.6,28.2,1
526,car,4.5,road_loopA_r0,road_loopA_r1,2627.4,2732.8,105.4,1297.7,44.3,0
542,car,4.5,road_loopA_f0,road_loopA_f1,2635.4,2733.1,97.7,1303.8,48.0,0
499,suv,4.8,road_loopA_f0,road_loopA_f1,2605.5,2733.6,128.1,1303.8,36.6,0
551,suv,4.8,road_loopA_r0,road_loopA_r1,2640.5,2734.4,93.9,1297.4,49.7,0
534,truck,8.5,road_loopA_r0,road_loopA_r1,2632.2,2735.1,102.9,1298.3,45.4,0
533,car,4.5,road_loopA_f0,road_loopA_f1,2632.2,2736.0,103.8,1303.9,45.2,0
536,car,4.5,road_loopA_r0,road_loopA_r1,2633.6,2737.2,103.6,1298.5,45.1,0
552,suv,4.8,road_loopA_r0,road_loopA_r1,2642.7,2738.1,95.4,1298.7,49.0,0
515,car,4.5,road_loopA_f0,road_loopA_f1,2619.2,2738.4,119.2,1302.8,39.3,0
547,car,4.5,road_loopA_f0,road_loopA_f1,2639.1,2739.3,100.2,1303.9,46.9,0
553,car,4.5,road_loopA_r0,road_loopA_r1,2643.1,2739.6,96.5,1297.7,48.4,0
495,car,4.5,road_loopA_f0,road_loopA_f1,2602.6,2740.2,137.6,1303.8,34.1,0
573,car,4.5,xloopA_0Aa,xloopA_0Ab,2656.2,2740.2,84.0,84.2,3.6,1
545,car,4.5,road_loopA_f0,road_loopA_f1,2637.7,2741.7,104.0,1303.9,45.1,0
402,car,4.5,xloopA_0Ba,road_loopA_f1,2515.3,2742.3,227.0,902.3,14.3,1
507,car,4.5,road_loopA_r0,road_loopA_r1,2611.4,2742.3,130.9,1298.0,35.7,0
597,car,4.5,xloopA_0Aa,xloopA_0Ab,2682.3,2742.5,60.2,84.0,5.0,1
520,car,4.5,road_loopA_r0,road_loopA_r1,2621.8,2742.9,121.1,1298.0,38.6,0
525,car,4.5,road_loopA_f0,road_loopA_f1,2627.0,2743.0,116.0,1302.8,40.4,0
561,car,4.5,road_loopA_f0,road_loopA_f1,2648.2,2743.5,95.3,1303.3,49.2,0
510,car,4.5,road_loopA_r0,road_loopA_r1,2614.9,2743.9,129.0,1297.9,36.2,0
479,suv,4.8,road_loopA_f0,road_loopA_f1,2586.6,2744.0,157.4,1303.2,29.8,1
532,truck,8.5,road_loopA_r0,road_loopA_r1,2629.9,2744.2,114.3,1298.4,40.9,0
548,suv,4.8,road_loopA_f0,road_loopA_f1,2639.9,2745.3,105.4,1302.9,44.5,0
544,truck,8.5,road_loopA_f0,road_loopA_f1,2637.5,2745.4,107.9,1304.1,43.5,0
518,car,4.5,road_loopA_r0,road_loopA_r1,2620.3,2745.6,125.3,1298.4,37.3,0
482,car,4.5,road_loopA_f0,road_loopA_f1,2587.0,2745.7,158.7,1303.5,29.6,1
488,car,4.5,road_loopA_f0,road_loopA_f1,2594.7,2747.3,152.6,1303.1,30.8,1
559,suv,4.8,road_loopA_f0,road_loopA_f1,2647.7,2748.4,100.7,1304.0,46.6,0
502,suv,4.8,road_loopA_f0,road_loopA_f1,2606.5,2748.5,142.0,1303.7,33.1,0
649,car,4.5,xloopA_0Aa,xloopA_0Ab,2722.5,2748.9,26.4,84.4,11.5,0
570,suv,4.8,road_loopA_f0,road_loopA_f1,2652.9,2750.1,97.2,1303.2,48.2,0
571,suv,4.8,road_loopA_f0,road_loopA_f1,2653.6,2751.1,97.5,1304.1,48.1,0
539,suv,4.8,road_loopA_f0,road_loopA_f1,2634.5,2752.7,118.2,1303.7,39.7,0
580,car,4.5,road_loopA_f0,road_loopA_f1,2664.4,2753.9,89.5,1303.0,52.4,0
575,car,4.5,road_loopA_f0,road_loopA_f1,2660.3,2755.2,94.9,1303.8,49.4,0
564,truck,8.5,road_loopA_f0,road_loopA_f1,2650.6,2755.4,104.8,1303.3,44.8,0
576,car,4.5,road_loopA_f0,road_loopA_f1,2660.6,2757.3,96.7,1303.9,48.5,0
583,suv,4.8,road_loopA_f0,road_loopA_f1,2668.3,2758.2,89.9,1303.9,52.2,0
582,suv,4.8,road_loopA_f0,road_loopA_f1,2667.7,2760.6,92.9,1303.5,50.5,0
566,truck,8.5,road_loopA_f0,road_loopA_f1,2651.5,2765.5,114.0,1304.0,41.2,0
558,car,4.5,road_loopA_f0,road_loopA_f1,2647.6,2765.7,118.1,1302.9,39.7,0
585,car,4.5,road_loopA_f0,road_loopA_f1,2674.1,2766.1,92.0,1303.1,51.0,0
550,car,4.5,road_loopA_r0,xloopA_0Ab,2640.6,2766.4,125.8,869.1,24.9,2
549,car,4.5,road_loopA_r0,xloopA_0Ab,2640.0,2770.1,130.1,869.3,24.1,3
556,car,4.5,road_loopA_r0,road_loopA_r1,2643.6,2783.5,139.9,1298.1,33.4,1
567,suv,4.8,road_loopA_r0,road_loopA_r1,2652.1,2784.7,132.6,1297.7,35.2,1
541,car,4.5,road_loopA_f0,road_loopA_f1,2634.8,2787.5,152.7,1303.0,30.7,0
555,car,4.5,road_loopA_r0,road_loopA_r1,2643.4,2789.2,145.8,1297.5,32.0,1
546,truck,8.5,road_loopA_r0,road_loopA_r1,2639.0,2790.7,151.7,1297.4,30.8,1
568,car,4.5,road_loopA_r0,road_loopA_r1,2652.4,2791.5,139.1,1297.4,33.6,1
560,suv,4.8,road_loopA_r0,road_loopA_r1,2647.8,2795.3,147.5,1298.1,31.7,1
563,suv,4.8,road_loopA_r0,road_loopA_r1,2649.5,2798.6,149.1,1297.7,31.3,1
592,car,4.5,road_loopA_r0,road_loopA_r1,2679.6,2800.2,120.6,1297.9,38.8,1
590,car,4.5,road_loopA_r0,road_loopA_r1,2679.3,2800.7,121.4,1298.0,38.5,1
602,suv,4.8,road_loopA_r0,road_loopA_r1,2687.0,2801.8,114.8,1297.3,40.7,0
562,car,4.5,xloopA_0Ba,road_loopA_r1,2648.7,2802.2,153.5,476.3,11.2,1
578,car,4.5,road_loopA_r0,road_loopA_r1,2663.1,2803.4,140.3,1297.3,33.3,1
596,suv,4.8,road_loopA_r0,road_loopA_r1,2682.1,2803.6,121.5,1298.3,38.5,0
569,car,4.5,road_loopA_r0,road_loopA_r1,2652.7,2803.9,151.2,1297.3,30.9,1
601,car,4.5,road_loopA_r0,road_loopA_r1,2684.9,2805.2,120.3,1298.5,38.8,0
574,car,4.5,road_loopA_r0,road_loopA_r1,2659.5,2805.6,146.1,1297.6,32.0,1
579,car,4.5,road_loopA_r0,road_loopA_r1,2663.3,2807.3,144.0,1298.0,32.5,1
586,car,4.5,road_loopA_r0,road_loopA_r1,2675.4,2808.9,133.5,1297.4,35.0,1
594,car,4.5,road_loopA_r0,road_loopA_r1,2681.5,2808.9,127.4,1298.2,36.7,0
632,car,4.5,road_loopA_r0,road_loopA_r1,2711.2,2809.7,98.5,1297.9,47.4,0
588,car,4.5,road_loopA_f0,road_loopA_f1,2677.9,2810.6,132.7,1302.9,35.3,1
593,suv,4.8,road_loopA_r0,road_loopA_r1,2680.2,2810.6,130.4,1297.8,35.8,1
589,car,4.5,road_loopA_r0,road_loopA_r1,2679.2,2810.8,131.6,1297.9,35.5,0
591,truck,8.5,road_loopA_r0,road_loopA_r1,2679.4,2812.8,133.4,1298.4,35.0,4
603,car,4.5,road_loopA_r0,road_loopA_r1,2687.2,2812.9,125.7,1297.3,37.1,0
642,suv,4.8,road_loopA_r0,road_loopA_r1,2717.5,2812.9,95.4,1298.6,49.0,0
599,car,4.5,road_loopA_r0,road_loopA_r1,2682.6,2814.8,132.2,1298.3,35.4,0
612,truck,8.5,road_loopA_r0,road_loopA_r1,2696.1,2815.2,119.1,1297.6,39.2,0
644,car,4.5,road_loopA_r0,road_loopA_r1,2719.8,2815.5,95.7,1297.4,48.8,0
608,car,4.5,road_loopA_r0,road_loopA_r1,2694.1,2816.8,122.7,1297.4,38.1,0
636,car,4.5,road_loopA_r0,road_loopA_r1,2713.7,2817.2,103.5,1297.4,45.1,0
652,car,4.5,road_loopA_r0,road_loopA_r1,2723.3,2817.3,94.0,1297.6,49.7,0
606,car,4.5,road_loopA_f0,road_loopA_f1,2693.9,2818.4,124.5,1302.9,37.7,1
653,car,4.5,road_loopA_r0,road_loopA_r1,2723.6,2818.8,95.2,1297.4,49.0,0
633,car,4.5,road_loopA_r0,road_loopA_r1,2711.4,2818.9,107.5,1297.7,43.5,0
615,truck,8.5,road_loopA_r0,road_loopA_r1,2698.9,2819.0,120.1,1297.5,38.9,0
638,suv,4.8,road_loopA_r0,road_loopA_r1,2714.5,2820.7,106.2,1297.3,44.0,0
623,suv,4.8,road_loopA_r0,road_loopA_r1,2705.2,2821.1,115.9,1298.4,40.3,0
611,suv,4.8,road_loopA_f0,road_loopA_f1,2695.9,2821.2,125.3,1303.8,37.5,1
650,car,4.5,road_loopA_r0,road_loopA_r1,2722.6,2821.2,98.6,1298.6,47.4,0
598,truck,8.5,road_loopA_f0,road_loopA_f1,2682.6,2821.4,138.8,1304.0,33.8,1
631,car,4.5,road_loopA_r0,road_loopA_r1,2710.5,2822.9,112.4,1298.2,41.6,0
557,truck,8.5,road_loopA_r0,road_loopA_r1,2644.7,2823.6,178.9,1297.9,26.1,1
648,suv,4.8,road_loopA_r0,road_loopA_r1,2721.3,2824.0,102.7,1297.7,45.5,0
619,car,4.5,road_loopA_f0,road_loopA_f1,2701.3,2825.1,123.8,1303.4,37.9,1
627,suv,4.8,road_loopA_f0,road_loopA_f1,2707.8,2825.6,117.8,1303.9,39.8,1
726,car,4.5,road_loopA_f0,xloopA_0Bb,2786.8,2826.7,39.9,478.7,43.1,0
662,car,4.5,road_loopA_r0,road_loopA_r1,2730.3,2827.4,97.1,1297.5,48.1,0
663,suv,4.8,road_loopA_r0,road_loopA_r1,2732.1,2828.9,96.8,1298.7,48.3,0
673,car,4.5,road_loopA_r0,road_loopA_r1,2739.1,2830.7,91.6,1297.7,51.0,0
621,car,4.5,road_loopA_f0,road_loopA_f1,2702.0,2832.4,130.4,1302.9,36.0,1
595,car,4.5,road_loopA_f0,road_loopA_f1,2681.7,2834.1,152.4,1302.8,30.8,1
647,truck,8.5,road_loopA_r0,road_loopA_r1,2721.0,2835.1,114.1,1297.4,40.9,0
620,truck,8.5,road_loopA_f0,road_loopA_f1,2701.5,2836.6,135.1,1303.5,34.7,1
572,car,4.5,road_loopA_r0,xloopA_0Bb,2655.9,2837.7,181.8,895.5,17.7,2
657,car,4.5,road_loopA_r0,road_loopA_r1,2727.9,2838.1,110.2,1297.7,42.4,0
616,car,4.5,road_loopA_f0,xloopA_0Ab,2699.5,2838.2,138.7,505.1,13.1,1
630,suv,4.8,road_loopA_f0,road_loopA_f1,2710.0,2840.0,130.0,1302.9,36.1,1
618,car,4.5,road_loopA_r0,xloopA_0Bb,2701.0,2840.3,139.3,895.5,23.2,2
714,suv,4.8,road_loopA_f0,xloopA_0Ab,2775.3,2840.9,65.6,505.6,27.8,1
639,suv,4.8,road_loopA_f0,road_loopA_f1,2714.6,2841.8,127.2,1303.5,36.9,1
686,suv,4.8,road_loopA_r0,road_loopA_r1,2750.9,2843.3,92.4,1298.0,50.6,0
646,car,4.5,road_loopA_f0,road_loopA_f1,2720.6,2843.6,123.0,1303.4,38.2,0
634,truck,8.5,road_loopA_r0,xloopA_0Bb,2711.6,2843.8,132.2,895.9,24.4,2
656,car,4.5,road_loopA_f0,road_loopA_f1,2726.3,2843.9,117.6,1302.8,39.9,0
661,car,4.5,road_loopA_f0,road_loopA_f1,2729.3,2845.9,116.6,1303.6,40.2,0
692,car,4.5,road_loopA_r0,road_loopA_r1,2754.3,2846.6,92.3,1297.7,50.6,0
671,car,4.5,road_loopA_r0,xloopA_0Bb,2737.4,2846.8,109.4,895.5,29.5,1
664,suv,4.8,road_loopA_f0,road_loopA_f1,2732.8,2847.5,114.7,1303.8,40.9,0
672,car,4.5,road_loopA_f0,road_loopA_f1,2738.9,2849.3,110.4,1304.0,42.5,0
696,suv,4.8,road_loopA_r0,road_loopA_r1,2758.5,2849.4,90.9,1297.9,51.4,0
699,car,4.5,road_loopA_r0,road_loopA_r1,2759.4,2850.7,91.3,1298.5,51.2,0
665,suv,4.8,road_loopA_r0,road_loopA_r1,2733.4,2851.1,117.7,1298.3,39.7,0
659,suv,4.8,road_loopA_f0,road_loopA_f1,2728.5,2851.3,122.8,1303.3,38.2,0
666,car,4.5,road_loopA_r0,road_loopA_r1,2733.5,2851.3,117.8,1298.0,39.7,0
679,car,4.5,xloopA_0Aa,xloopA_0Ab,2744.1,2852.7,108.6,84.7,2.8,1
688,car,4.5,road_loopA_r0,road_loopA_r1,2752.4,2852.7,100.3,1298.0,46.6,0
690,car,4.5,xloopA_0Ba,xloopA_0Bb,2753.7,2852.7,99.0,84.8,3.1,1
684,car,4.5,road_loopA_r0,road_loopA_r1,2748.6,2852.9,104.3,1298.0,44.8,0
680,suv,4.8,road_loopA_f0,road_loopA_f1,2744.1,2853.0,108.9,1303.1,43.1,0
537,car,4.5,xloopA_0Aa,road_loopA_f1,2633.9,2853.5,219.6,872.4,14.3,1
655,car,4.5,xloopA_0Ba,road_loopA_f1,2725.2,2853.8,128.6,903.0,25.3,0
702,car,4.5,road_loopA_r0,road_loopA_r1,2761.0,2854.2,93.2,1298.3,50.2,0
693,car,4.5,road_loopA_r0,road_loopA_r1,2755.0,2854.5,99.5,1298.2,47.0,0
687,car,4.5,road_loopA_r0,road_loopA_r1,2751.1,2854.6,103.5,1298.3,45.2,0
681,car,4.5,road_loopA_f0,road_loopA_f1,2745.3,2855.0,109.7,1303.9,42.8,0
700,car,4.5,xloopA_0Ba,xloopA_0Bb,2760.4,2855.2,94.8,84.3,3.2,1
635,car,4.5,xloopA_0Aa,road_loopA_f1,2713.0,2855.6,142.6,872.6,22.0,0
689,car,4.5,road_loopA_r0,road_loopA_r1,2752.8,2856.4,103.6,1298.4,45.1,0
685,car,4.5,road_loopA_f0,road_loopA_f1,2750.4,2856.8,106.4,1304.1,44.1,0
698,car,4.5,road_loopA_r0,road_loopA_r1,2759.0,2856.8,97.8,1297.8,47.8,0
626,car,4.5,xloopA_0Aa,road_loopA_f1,2707.5,2857.2,149.7,872.5,21.0,0
584,car,4.5,road_loopA_f0,road_loopA_f1,2670.8,2857.3,186.5,1303.5,25.2,1
730,car,4.5,xloopA_0Ba,xloopA_0Bb,2788.7,2857.4,68.7,84.2,4.4,1
694,car,4.5,xloopA_0Aa,xloopA_0Ab,2756.9,2857.7,100.8,84.1,3.0,1
695,suv,4.8,road_loopA_f0,road_loopA_f1,2757.2,2858.6,101.4,1303.6,46.3,0
587,suv,4.8,road_loopA_f0,road_loopA_f1,2677.5,2858.9,181.4,1303.1,25.9,1
604,car,4.5,road_loopA_f0,road_loopA_f1,2690.0,2858.9,168.9,1303.1,27.8,1
720,car,4.5,xloopA_0Aa,xloopA_0Ab,2779.8,2859.9,80.1,84.5,3.8,1
609,car,4.5,road_loopA_f0,road_loopA_f1,2694.6,2860.6,166.0,1303.7,28.3,1
600,car,4.5,road_loopA_f0,road_loopA_f1,2683.6,2860.7,177.1,1303.7,26.5,1
703,car,4.5,road_loopA_f0,road_loopA_f1,2763.5,2860.8,97.3,1304.2,48.3,0
724,car,4.5,xloopA_0Aa,xloopA_0Ab,2783.9,2862.1,78.2,84.6,3.9,0
610,suv,4.8,road_loopA_f0,road_loopA_f1,2695.7,2862.2,166.5,1303.0,28.2,1
605,car,4.5,road_loopA_f0,road_loopA_f1,2693.4,2862.3,168.9,1302.9,27.8,1
645,suv,4.8,road_loopA_f0,road_loopA_f1,2720.5,2863.7,143.2,1303.5,32.8,1
607,car,4.5,road_loopA_f0,road_loopA_f1,2694.1,2864.0,169.9,1303.3,27.6,1
624,suv,4.8,road_loopA_f0,road_loopA_f1,2706.4,2864.2,157.8,1303.9,29.8,1
765,car,4.5,xloopA_0Aa,xloopA_0Ab,2821.0,2865.5,44.5,84.5,6.8,0
629,car,4.5,road_loopA_f0,road_loopA_f1,2709.1,2865.9,156.8,1303.5,29.9,1
613,truck,8.5,road_loopA_f0,road_loopA_f1,2696.2,2866.3,170.1,1303.7,27.6,1
669,car,4.5,road_loopA_f0,road_loopA_f1,2736.1,2866.5,130.4,1303.1,36.0,0
677,suv,4.8,road_loopA_f0,road_loopA_f1,2742.1,2868.1,126.0,1303.8,37.2,0
622,suv,4.8,road_loopA_f0,road_loopA_f1,2702.5,2868.3,165.8,1302.8,28.3,1
628,car,4.5,road_loopA_f0,road_loopA_f1,2708.8,2868.3,159.5,1303.0,29.4,1
709,suv,4.8,road_loopA_f0,road_loopA_f1,2771.4,2869.9,98.5,1303.8,47.6,0
625,suv,4.8,road_loopA_f0,road_loopA_f1,2707.3,2870.1,162.8,1303.3,28.8,1
643,car,4.5,road_loopA_f0,road_loopA_f1,2717.7,2870.4,152.7,1302.8,30.7,0
715,car,4.5,road_loopA_f0,road_loopA_f1,2775.8,2871.6,95.8,1303.2,49.0,0
637,car,4.5,road_loopA_f0,road_loopA_f1,2713.8,2871.9,158.1,1303.6,29.7,1
676,car,4.5,road_loopA_f0,road_loopA_f1,2741.9,2872.1,130.2,1303.5,36.1,0
641,car,4.5,road_loopA_f0,road_loopA_f1,2716.0,2873.7,157.7,1303.9,29.8,1
721,truck,8.5,road_loopA_f0,road_loopA_f1,2780.1,2873.7,93.6,1302.9,50.1,0
667,car,4.5,road_loopA_f0,road_loopA_f1,2734.9,2873.8,138.9,1303.0,33.8,0
651,car,4.5,road_loopA_f0,road_loopA_f1,2722.9,2875.5,152.6,1304.0,30.8,0
670,car,4.5,road_loopA_f0,road_loopA_f1,2736.4,2875.5,139.1,1303.0,33.7,0
712,car,4.5,road_loopA_f0,road_loopA_f1,2774.4,2875.8,101.4,1303.4,46.3,0
654,car,4.5,road_loopA_f0,road_loopA_f1,2724.7,2877.5,152.8,1303.0,30.7,1
701,car,4.5,road_loopA_f0,road_loopA_f1,2761.1,2877.5,116.4,1303.5,40.3,0
722,car,4.5,road_loopA_f0,road_loopA_f1,2781.4,2877.7,96.3,1304.0,48.7,0
697,car,4.5,road_loopA_f0,road_loopA_f1,2758.9,2879.5,120.6,1303.3,38.9,0
729,car,4.5,road_loopA_f0,road_loopA_f1,2788.6,2879.5,90.9,1303.1,51.6,0
658,car,4.5,road_loopA_f0,road_loopA_f1,2728.0,2879.8,151.8,1303.6,30.9,0
706,suv,4.8,road_loopA_f0,road_loopA_f1,2765.0,2881.2,116.2,1303.1,40.4,0
660,car,4.5,road_loopA_f0,road_loopA_f1,2728.9,2881.6,152.7,1303.6,30.7,0
711,suv,4.8,road_loopA_f0,road_loopA_f1,2772.4,2882.4,110.0,1303.9,42.7,0
682,suv,4.8,road_loopA_r0,xloopA_0Ab,2746.5,2883.2,136.7,869.4,22.9,3
736,car,4.5,road_loopA_f0,xloopA_0Bb,2795.9,2883.3,87.4,478.7,19.7,2
675,car,4.5,road_loopA_f0,road_loopA_f1,2740.0,2883.6,143.6,1303.9,32.7,0
705,car,4.5,road_loopA_f0,road_loopA_f1,2765.0,2883.9,118.9,1304.2,39.5,0
708,suv,4.8,road_loopA_f0,road_loopA_f1,2769.4,2886.5,117.1,1303.9,40.1,0
742,car,4.5,road_loopA_f0,xloopA_0Bb,2802.6,2887.0,84.4,478.9,20.4,2
704,truck,8.5,road_loopA_f0,road_loopA_f1,2764.5,2887.2,122.7,1303.7,38.2,0
717,truck,8.5,road_loopA_r0,xloopA_0Ab,2777.7,2888.4,110.7,868.9,28.3,1
768,car,4.5,road_loopA_f0,xloopA_0Bb,2823.6,2890.6,67.0,478.8,25.7,2
614,bus,11.0,road_loopA_f0,road_loopA_f1,2697.1,2892.3,195.2,1303.1,24.0,3
792,car,4.5,road_loopA_f0,xloopA_0Bb,2842.3,2897.5,55.2,478.7,31.2,0
710,car,4.5,road_loopA_r0,road_loopA_r1,2771.5,2901.0,129.5,1298.4,36.1,1
668,bus,11.0,road_loopA_f0,road_loopA_f1,2735.5,2903.5,168.0,1303.1,27.9,3
718,suv,4.8,road_loopA_r0,road_loopA_r1,2778.2,2905.9,127.7,1297.7,36.6,1
683,bus,11.0,road_loopA_r0,road_loopA_r1,2747.4,2907.6,160.2,1297.9,29.2,2
734,suv,4.8,road_loopA_r0,road_loopA_r1,2795.3,2909.3,114.0,1297.6,41.0,1
723,suv,4.8,road_loopA_r0,road_loopA_r1,2782.2,2909.9,127.7,1297.3,36.6,1
738,car,4.5,road_loopA_r0,road_loopA_r1,2797.4,2911.7,114.3,1298.0,40.9,1
766,car,4.5,road_loopA_r0,xloopA_0Ab,2821.1,2912.1,91.0,868.9,34.4,1
740,suv,4.8,road_loopA_r0,road_loopA_r1,2797.9,2913.3,115.4,1297.4,40.5,1
743,car,4.5,road_loopA_r0,road_loopA_r1,2802.8,2914.2,111.4,1297.5,41.9,1
829,suv,4.8,road_loopA_f0,xloopA_0Bb,2870.4,2914.7,44.3,479.0,38.9,0
617,bus,11.0,road_loopA_f0,road_loopA_f1,2700.1,2915.3,215.2,1303.0,21.8,4
735,suv,4.8,road_loopA_r0,road_loopA_r1,2795.4,2915.7,120.3,1297.7,38.8,1
746,car,4.5,road_loopA_r0,road_loopA_r1,2804.9,2919.8,114.9,1298.3,40.7,1
759,car,4.5,road_loopA_r0,road_loopA_r1,2816.3,2921.5,105.2,1297.6,44.4,0
756,car,4.5,road_loopA_r0,road_loopA_r1,2814.7,2924.4,109.7,1298.6,42.6,0
772,suv,4.8,road_loopA_r0,road_loopA_r1,2827.0,2925.2,98.2,1298.6,47.6,0
761,car,4.5,road_loopA_r0,road_loopA_r1,2818.2,2926.1,107.9,1297.7,43.3,0
777,suv,4.8,road_loopA_r0,road_loopA_r1,2833.8,2926.9,93.1,1297.6,50.2,0
764,car,4.5,road_loopA_r0,road_loopA_r1,2819.8,2927.8,108.0,1297.5,43.2,0
782,car,4.5,road_loopA_r0,road_loopA_r1,2836.0,2929.5,93.5,1297.5,50.0,0
788,car,4.5,road_loopA_r0,road_loopA_r1,2840.5,2930.6,90.1,1298.7,51.9,0
795,car,4.5,xloopA_0Aa,road_loopA_r1,2843.7,2931.3,87.6,506.5,20.8,0
747,car,4.5,road_loopA_r0,road_loopA_r1,2807.5,2931.7,124.2,1298.5,37.6,0
707,suv,4.8,road_loopA_r0,road_loopA_r1,2768.1,2933.0,164.9,1297.5,28.3,1
767,car,4.5,road_loopA_r0,road_loopA_r1,2821.6,2933.5,111.9,1298.6,41.8,1
737,car,4.5,road_loopA_f0,road_loopA_f1,2797.4,2934.6,137.2,1303.3,34.2,1
713,suv,4.8,road_loopA_r0,road_loopA_r1,2774.4,2934.7,160.3,1298.2,29.2,1
719,car,4.5,road_loopA_r0,road_loopA_r1,2778.5,2934.7,156.2,1298.6,29.9,1
848,truck,8.5,road_loopA_f0,xloopA_0Bb,2890.9,2934.9,44.0,478.8,39.2,0
716,car,4.5,road_loopA_r0,road_loopA_r1,2775.9,2936.4,160.5,1298.5,29.1,1
745,truck,8.5,road_loopA_r0,road_loopA_r1,2804.2,2936.6,132.4,1298.0,35.3,0
784,car,4.5,road_loopA_r0,road_loopA_r1,2837.4,2937.0,99.6,1297.8,46.9,0
749,car,4.5,road_loopA_f0,road_loopA_f1,2808.7,2937.3,128.6,1302.8,36.5,1
731,car,4.5,road_loopA_r0,road_loopA_r1,2794.0,2938.5,144.5,1297.5,32.3,0
741,car,4.5,road_loopA_f0,road_loopA_f1,2798.1,2939.0,140.9,1302.9,33.3,1
758,car,4.5,road_loopA_r0,road_loopA_r1,2816.2,2939.3,123.1,1298.2,38.0,0
733,bus,11.0,road_loopA_r0,road_loopA_r1,2794.7,2939.9,145.2,1298.2,32.2,1
801,car,4.5,road_loopA_r0,road_loopA_r1,2847.0,2940.3,93.3,1297.3,50.0,0
748,suv,4.8,road_loopA_r0,road_loopA_r1,2807.9,2940.4,132.5,1297.4,35.2,0
781,car,4.5,road_loopA_r0,road_loopA_r1,2835.2,2941.0,105.8,1297.8,44.1,0
776,truck,8.5,road_loopA_r0,road_loopA_r1,2833.3,2942.7,109.4,1298.7,42.7,0
786,car,4.5,road_loopA_r0,road_loopA_r1,2839.6,2943.0,103.4,1297.6,45.2,0
807,suv,4.8,road_loopA_r0,road_loopA_r1,2852.2,2943.1,90.9,1297.8,51.4,0
752,suv,4.8,road_loopA_f0,road_loopA_f1,2811.3,2943.3,132.0,1303.7,35.6,1
769,bus,11.0,road_loopA_r0,road_loopA_r1,2824.5,2944.1,119.6,1298.2,39.1,1
799,car,4.5,road_loopA_r0,road_loopA_r1,2846.3,2945.5,99.2,1298.0,47.1,0
798,car,4.5,road_loopA_r0,road_loopA_r1,2846.0,2948.0,102.0,1298.2,45.8,0
814,car,4.5,road_loopA_r0,road_loopA_r1,2859.2,2948.2,89.0,1297.9,52.5,0
757,car,4.5,road_loopA_f0,road_loopA_f1,2814.9,2948.6,133.7,1303.3,35.1,1
771,suv,4.8,road_loopA_f0,road_loopA_f1,2826.0,2950.4,124.4,1303.7,37.7,1
762,car,4.5,road_loopA_f0,road_loopA_f1,2818.5,2951.8,133.3,1303.7,35.2,1
819,suv,4.8,road_loopA_r0,road_loopA_r1,2863.4,2952.3,88.9,1297.3,52.5,0
779,car,4.5,road_loopA_f0,road_loopA_f1,2834.6,2952.8,118.2,1303.7,39.7,0
822,car,4.5,road_loopA_r0,road_loopA_r1,2863.6,2954.2,90.6,1297.4,51.6,0
678,suv,4.8,road_loopA_r0,xloopA_0Bb,2743.7,2955.7,212.0,895.7,15.2,2
823,car,4.5,road_loopA_r0,road_loopA_r1,2864.4,2956.1,91.7,1298.2,51.0,0
760,car,4.5,road_loopA_f0,xloopA_0Ab,2816.8,2956.3,139.5,505.3,13.0,1
780,suv,4.8,road_loopA_f0,road_loopA_f1,2834.8,2956.4,121.6,1303.5,38.6,0
674,car,4.5,road_loopA_r0,xloopA_0Bb,2739.8,2958.3,218.5,895.4,14.8,2
727,car,4.5,xloopA_0Aa,road_loopA_f1,2787.3,2958.3,171.0,872.5,18.4,0
825,car,4.5,road_loopA_r0,road_loopA_r1,2868.9,2958.4,89.5,1298.4,52.2,0
793,car,4.5,road_loopA_f0,xloopA_0Ab,2843.1,2958.9,115.8,505.3,15.7,1
794,car,4.5,road_loopA_f0,road_loopA_f1,2843.6,2959.4,115.8,1303.7,40.5,0
797,car,4.5,road_loopA_f0,road_loopA_f1,2845.4,2959.9,114.5,1303.8,41.0,0
821,suv,4.8,road_loopA_r0,road_loopA_r1,2863.5,2960.7,97.2,1298.2,48.1,0
830,car,4.5,road_loopA_r0,road_loopA_r1,2870.3,2961.2,90.9,1298.5,51.5,0
800,car,4.5,road_loopA_f0,xloopA_0Ab,2846.4,2961.5,115.1,504.9,15.8,1
691,truck,8.5,road_loopA_r0,xloopA_0Bb,2754.0,2961.8,207.8,896.0,15.5,2
783,car,4.5,road_loopA_f0,road_loopA_f1,2836.1,2962.3,126.2,1303.5,37.2,0
808,car,4.5,road_loopA_f0,road_loopA_f1,2853.8,2962.4,108.6,1303.2,43.2,0
834,car,4.5,road_loopA_f0,xloopA_0Ab,2872.7,2964.2,91.5,505.2,19.9,1
804,suv,4.8,road_loopA_f0,road_loopA_f1,2848.6,2964.5,115.9,1303.5,40.5,0
810,suv,4.8,road_loopA_f0,road_loopA_f1,2855.6,2964.5,108.9,1303.3,43.1,0
725,suv,4.8,road_loopA_r0,xloopA_0Bb,2785.2,2964.9,179.7,895.9,18.0,1
816,car,4.5,road_loopA_f0,road_loopA_f1,2859.4,2966.0,106.6,1303.5,44.0,0
790,car,4.5,road_loopA_f0,road_loopA_f1,2841.2,2968.1,126.9,1303.5,37.0,0
755,car,4.5,xloopA_0Ba,road_loopA_f1,2813.6,2968.7,155.1,903.1,21.0,0
796,car,4.5,road_loopA_r0,road_loopA_r1,2844.8,2971.4,126.6,1298.3,36.9,0
843,car,4.5,road_loopA_r0,road_loopA_r1,2881.5,2971.6,90.1,1297.8,51.9,0
813,car,4.5,road_loopA_f0,road_loopA_f1,2858.7,2972.5,113.8,1303.6,41.3,0
824,car,4.5,road_loopA_f0,road_loopA_f1,2867.1,2973.0,105.9,1303.8,44.3,0
815,car,4.5,xloopA_0Aa,xloopA_0Ab,2859.4,2973.9,114.5,84.5,2.7,1
831,car,4.5,road_loopA_r0,road_loopA_r1,2870.7,2973.9,103.2,1298.0,45.3,0
817,truck,8.5,road_loopA_f0,road_loopA_f1,2861.1,2974.3,113.2,1303.6,41.5,0
833,car,4.5,road_loopA_r0,road_loopA_r1,2871.9,2974.5,102.6,1298.4,45.6,0
871,car,4.5,xloopA_0Ba,xloopA_0Bb,2912.3,2975.2,62.9,84.3,4.8,1
837,suv,4.8,road_loopA_r0,road_loopA_r1,2874.1,2975.5,101.4,1297.4,46.1,0
828,car,4.5,road_loopA_f0,road_loopA_f1,2869.6,2976.2,106.6,1303.9,44.0,0
840,car,4.5,road_loopA_r0,road_loopA_r1,2875.9,2977.3,101.4,1297.5,46.1,0
773,car,4.5,xloopA_0Aa,road_loopA_f1,2827.3,2977.4,150.1,872.7,20.9,0
921,car,4.5,xloopA_0Aa,xloopA_0Ab,2960.9,2978.0,17.1,84.6,17.8,0
929,car,4.5,xloopA_0Aa,xloopA_0Ab,2966.3,2980.0,13.7,84.4,22.1,0
827,truck,8.5,road_loopA_f0,road_loopA_f1,2868.9,2981.6,112.7,1303.1,41.6,0
836,truck,8.5,road_loopA_f0,road_loopA_f1,2873.3,2981.8,108.5,1303.0,43.2,0
841,car,4.5,road_loopA_f0,road_loopA_f1,2876.2,2983.4,107.2,1303.2,43.8,0
846,car,4.5,road_loopA_f0,road_loopA_f1,2887.7,2985.0,97.3,1302.8,48.2,0
838,car,4.5,road_loopA_f0,road_loopA_f1,2874.5,2986.7,112.2,1303.9,41.8,0
856,car,4.5,road_loopA_f0,road_loopA_f1,2895.1,2991.5,96.4,1303.0,48.7,0
844,car,4.5,road_loopA_f0,road_loopA_f1,2883.6,2992.2,108.6,1303.8,43.2,0
855,suv,4.8,road_loopA_f0,road_loopA_f1,2894.8,2993.4,98.6,1304.2,47.6,0
739,car,4.5,road_loopA_f0,road_loopA_f1,2797.5,2994.3,196.8,1303.0,23.8,1
835,suv,4.8,road_loopA_r0,xloopA_0Ab,2873.0,2995.1,122.1,869.4,25.6,3
854,car,4.5,road_loopA_f0,road_loopA_f1,2894.4,2995.2,100.8,1303.8,46.6,0
750,suv,4.8,road_loopA_f0,road_loopA_f1,2808.9,2996.2,187.3,1303.0,25.1,1
809,car,4.5,road_loopA_f0,road_loopA_f1,2854.8,2997.0,142.2,1304.1,33.0,0
753,car,4.5,road_loopA_f0,road_loopA_f1,2812.4,2998.0,185.6,1303.8,25.3,1
859,car,4.5,road_loopA_r0,xloopA_0Ab,2898.6,2998.8,100.2,869.1,31.2,2
863,suv,4.8,road_loopA_f0,road_loopA_f1,2902.7,2999.8,97.1,1303.6,48.3,0
870,car,4.5,road_loopA_f0,road_loopA_f1,2907.6,3001.4,93.8,1303.4,50.0,0
869,car,4.5,road_loopA_r0,xloopA_0Ab,2907.2,3002.4,95.2,869.2,32.9,3
853,suv,4.8,road_loopA_f0,road_loopA_f1,2893.5,3003.2,109.7,1303.2,42.8,0
805,car,4.5,road_loopA_f0,road_loopA_f1,2851.6,3003.6,152.0,1303.0,30.9,0
865,car,4.5,road_loopA_f0,road_loopA_f1,2904.2,3004.9,100.7,1303.4,46.6,0
818,car,4.5,road_loopA_f0,road_loopA_f1,2861.5,3005.4,143.9,1303.1,32.6,0
926,car,4.5,road_loopA_f0,xloopA_0Bb,2965.0,3006.2,41.2,478.8,41.8,0
866,suv,4.8,road_loopA_f0,road_loopA_f1,2904.3,3007.1,102.8,1302.8,45.6,0
791,car,4.5,road_loopA_f0,road_loopA_f1,2841.8,3008.1,166.3,1303.1,28.2,0
864,car,4.5,road_loopA_f0,road_loopA_f1,2903.4,3008.9,105.5,1304.0,44.5,0
774,car,4.5,xloopA_0Ba,road_loopA_f1,2829.2,3009.7,180.5,902.3,18.0,0
820,truck,8.5,road_loopA_f0,road_loopA_f1,2863.4,3010.6,147.2,1302.8,31.9,0
826,car,4.5,road_loopA_f0,road_loopA_f1,2869.0,3010.6,141.6,1303.5,33.1,0
732,car,4.5,road_loopA_f0,road_loopA_f1,2794.1,3011.5,217.4,1303.5,21.6,1
939,car,4.5,road_loopA_f0,xloopA_0Bb,2973.2,3012.2,39.0,478.9,44.2,0
851,suv,4.8,road_loopA_f0,road_loopA_f1,2891.5,3012.8,121.3,1303.9,38.7,0
845,car,4.5,road_loopA_r0,road_loopA_r1,2887.4,3013.0,125.6,1298.4,37.2,1
744,truck,8.5,road_loopA_f0,road_loopA_f1,2803.2,3013.7,210.5,1302.8,22.3,1
861,truck,8.5,road_loopA_f0,road_loopA_f1,2900.9,3013.9,113.0,1303.7,41.5,0
802,car,4.5,road_loopA_f0,road_loopA_f1,2847.2,3015.0,167.8,1303.0,28.0,0
754,car,4.5,road_loopA_f0,road_loopA_f1,2813.1,3015.7,202.6,1303.0,23.2,1
849,car,4.5,road_loopA_r0,road_loopA_r1,2890.9,3016.0,125.1,1298.4,37.4,1
811,car,4.5,road_loopA_f0,road_loopA_f1,2856.0,3017.3,161.3,1303.6,29.1,0
763,car,4.5,road_loopA_f0,road_loopA_f1,2819.0,3017.5,198.5,1303.9,23.6,1
770,suv,4.8,road_loopA_f0,road_loopA_f1,2824.9,3019.1,194.2,1303.0,24.2,1
842,car,4.5,road_loopA_r0,road_loopA_r1,2880.0,3019.1,139.1,1298.4,33.6,1
789,suv,4.8,road_loopA_f0,road_loopA_f1,2841.0,3019.6,178.6,1303.0,26.3,0
862,car,4.5,road_loopA_r0,road_loopA_r1,2902.4,3020.8,118.4,1298.2,39.5,1
775,truck,8.5,road_loopA_f0,road_loopA_f1,2832.6,3021.4,188.8,1303.1,24.8,0
803,truck,8.5,road_loopA_f0,road_loopA_f1,2847.9,3022.0,174.1,1303.4,26.9,0
832,car,4.5,xloopA_0Ba,road_loopA_r1,2871.5,3022.3,150.8,476.6,11.4,1
880,car,4.5,road_loopA_r0,road_loopA_r1,2919.6,3022.7,103.1,1297.5,45.3,0
812,car,4.5,xloopA_0Aa,road_loopA_r1,2856.8,3022.9,166.1,507.2,11.0,1
951,suv,4.8,road_loopA_f0,xloopA_0Bb,2982.6,3022.9,40.3,479.1,42.8,0
839,suv,4.8,road_loopA_r0,road_loopA_r1,2875.7,3024.8,149.1,1297.6,31.3,1
860,suv,4.8,road_loopA_r0,road_loopA_r1,2900.7,3025.7,125.0,1297.3,37.4,1
876,car,4.5,road_loopA_r0,road_loopA_r1,2917.3,3026.0,108.7,1298.5,43.0,0
874,car,4.5,road_loopA_r0,road_loopA_r1,2916.9,3027.5,110.6,1298.4,42.3,0
889,car,4.5,road_loopA_r0,road_loopA_r1,2928.5,3027.8,99.3,1297.7,47.0,0
806,bus,11.0,road_loopA_f0,road_loopA_f1,2851.9,3028.6,176.7,1303.2,26.6,2
879,car,4.5,road_loopA_r0,road_loopA_r1,2919.3,3028.8,109.5,1297.9,42.7,0
886,car,4.5,road_loopA_r0,road_loopA_r1,2927.0,3030.4,103.4,1297.9,45.2,0
898,car,4.5,road_loopA_r0,road_loopA_r1,2937.4,3031.1,93.7,1298.2,49.9,0
895,car,4.5,road_loopA_r0,road_loopA_r1,2935.2,3031.3,96.1,1298.2,48.6,0
881,car,4.5,road_loopA_r0,road_loopA_r1,2921.6,3033.2,111.6,1297.8,41.9,0
847,suv,4.8,road_loopA_r0,road_loopA_r1,2890.5,3036.2,145.7,1298.1,32.1,1
888,truck,8.5,road_loopA_r0,road_loopA_r1,2928.3,3037.4,109.1,1297.5,42.8,0
907,car,4.5,xloopA_0Aa,road_loopA_r1,2946.1,3037.6,91.5,506.4,19.9,1
908,suv,4.8,road_loopA_r0,road_loopA_r1,2946.4,3038.0,91.6,1297.5,51.0,0
938,car,4.5,road_loopA_r0,xloopA_0Ab,2971.6,3039.5,67.9,869.1,46.1,0
875,car,4.5,road_loopA_r0,road_loopA_r1,2917.2,3039.6,122.4,1297.8,38.2,0
852,suv,4.8,road_loopA_r0,road_loopA_r1,2891.5,3039.9,148.4,1298.2,31.5,1
974,car,4.5,road_loopA_f0,xloopA_0Bb,2997.4,3039.9,42.5,478.6,40.5,0
850,suv,4.8,road_loopA_r0,road_loopA_r1,2891.0,3041.6,150.6,1297.7,31.0,1
900,car,4.5,road_loopA_r0,road_loopA_r1,2938.2,3041.7,103.5,1297.4,45.1,0
892,car,4.5,road_loopA_r0,road_loopA_r1,2933.6,3042.4,108.8,1298.1,42.9,0
857,suv,4.8,road_loopA_r0,road_loopA_r1,2895.9,3043.4,147.5,1298.6,31.7,1
896,suv,4.8,road_loopA_r0,road_loopA_r1,2935.6,3044.3,108.7,1298.2,43.0,0
893,car,4.5,road_loopA_r0,road_loopA_r1,2934.6,3045.7,111.1,1297.9,42.1,0
903,suv,4.8,road_loopA_r0,road_loopA_r1,2940.7,3046.2,105.5,1298.0,44.3,0
905,suv,4.8,road_loopA_r0,road_loopA_r1,2941.1,3048.0,106.9,1298.2,43.7,0
915,car,4.5,road_loopA_r0,road_loopA_r1,2952.3,3049.7,97.4,1297.3,48.0,0
901,car,4.5,road_loopA_r0,road_loopA_r1,2938.7,3050.6,111.9,1297.6,41.7,0
887,car,4.5,road_loopA_f0,road_loopA_f1,2928.1,3051.9,123.8,1302.8,37.9,1
910,car,4.5,road_loopA_r0,road_loopA_r1,2948.4,3052.2,103.8,1297.9,45.0,0
918,suv,4.8,road_loopA_r0,xloopA_0Ab,2954.2,3052.4,98.2,869.3,31.9,1
909,car,4.5,road_loopA_r0,road_loopA_r1,2947.5,3052.7,105.2,1298.4,44.4,0
882,suv,4.8,road_loopA_f0,road_loopA_f1,2921.7,3053.6,131.9,1302.9,35.6,1
911,car,4.5,road_loopA_f0,road_loopA_f1,2948.6,3053.7,105.1,1304.0,44.7,0
904,car,4.5,road_loopA_r0,road_loopA_r1,2941.0,3053.8,112.8,1298.4,41.4,0
913,car,4.5,road_loopA_r0,road_loopA_r1,2950.5,3054.3,103.8,1297.8,45.0,0
922,suv,4.8,road_loopA_r0,road_loopA_r1,2962.0,3054.7,92.7,1297.9,50.4,0
917,car,4.5,road_loopA_f0,road_loopA_f1,2953.3,3055.4,102.1,1303.9,46.0,0
925,car,4.5,road_loopA_r0,road_loopA_r1,2964.2,3055.5,91.3,1297.6,51.2,0
878,suv,4.8,road_loopA_f0,road_loopA_f1,2918.3,3056.9,138.6,1303.2,33.8,1
899,car,4.5,road_loopA_f0,road_loopA_f1,2937.9,3057.0,119.1,1303.8,39.4,1
930,car,4.5,road_loopA_r0,road_loopA_r1,2966.4,3058.1,91.7,1298.2,51.0,0
867,car,4.5,road_loopA_f0,road_loopA_f1,2904.8,3058.6,153.8,1302.8,30.5,1
897,car,4.5,road_loopA_f0,road_loopA_f1,2937.2,3059.7,122.5,1303.6,38.3,1
902,car,4.5,road_loopA_f0,road_loopA_f1,2939.5,3060.4,120.9,1304.0,38.8,1
932,suv,4.8,road_loopA_f0,road_loopA_f1,2968.3,3060.8,92.5,1304.0,50.7,0
923,suv,4.8,road_loopA_f0,road_loopA_f1,2962.8,3061.6,98.8,1303.0,47.5,0
916,truck,8.5,road_loopA_r0,road_loopA_r1,2953.1,3063.1,110.0,1297.3,42.5,0
891,suv,4.8,road_loopA_f0,road_loopA_f1,2932.4,3063.5,131.1,1302.9,35.8,1
935,car,4.5,road_loopA_f0,road_loopA_f1,2970.1,3063.7,93.6,1303.9,50.2,0
937,truck,8.5,road_loopA_f0,road_loopA_f1,2971.4,3066.2,94.8,1302.8,49.5,0
728,car,4.5,road_loopA_r0,xloopA_0Bb,2788.5,3067.4,278.9,895.6,11.6,2
920,car,4.5,road_loopA_f0,road_loopA_f1,2960.7,3067.8,107.1,1303.6,43.8,0
946,suv,4.8,road_loopA_r0,road_loopA_r1,2978.1,3068.5,90.4,1298.7,51.7,0
858,bus,11.0,road_loopA_r0,road_loopA_r1,2896.1,3069.2,173.1,1297.3,27.0,2
998,car,4.5,road_loopA_f0,xloopA_0Ab,3008.4,3069.4,61.0,505.0,29.8,0
927,suv,4.8,road_loopA_r0,road_loopA_r1,2964.9,3069.9,105.0,1298.2,44.5,0
751,car,4.5,road_loopA_r0,xloopA_0Bb,2810.6,3070.0,259.4,895.6,12.4,2
933,car,4.5,road_loopA_f0,road_loopA_f1,2968.9,3070.3,101.4,1303.3,46.3,0
942,car,4.5,road_loopA_f0,road_loopA_f1,2977.4,3071.8,94.4,1303.1,49.7,0
1014,car,4.5,road_loopA_f0,xloopA_0Ab,3018.2,3071.9,53.7,505.4,33.9,0
778,car,4.5,road_loopA_r0,xloopA_0Bb,2834.3,3072.6,238.3,895.3,13.5,3
949,car,4.5,road_loopA_f0,road_loopA_f1,2982.1,3073.5,91.4,1302.9,51.3,0
944,truck,8.5,road_loopA_r0,road_loopA_r1,2977.7,3074.7,97.0,1298.4,48.2,0
914,truck,8.5,road_loopA_f0,road_loopA_f1,2950.8,3075.7,124.9,1303.8,37.6,0
785,truck,8.5,road_loopA_r0,xloopA_0Bb,2838.0,3076.1,238.1,895.6,13.5,2
919,suv,4.8,road_loopA_f0,road_loopA_f1,2957.6,3077.0,119.4,1303.2,39.3,0
928,car,4.5,road_loopA_f0,road_loopA_f1,2966.2,3077.6,111.4,1303.3,42.1,0
884,car,4.5,xloopA_0Ba,road_loopA_f1,2923.4,3078.8,155.4,902.7,20.9,0
959,car,4.5,road_loopA_f0,road_loopA_f1,2986.9,3078.8,91.9,1303.3,51.1,0
950,car,4.5,road_loopA_f0,road_loopA_f1,2982.4,3079.9,97.5,1303.0,48.1,0
947,truck,8.5,road_loopA_r0,road_loopA_r1,2979.9,3080.3,100.4,1297.7,46.5,0
940,suv,4.8,road_loopA_f0,road_loopA_f1,2974.4,3080.4,106.0,1303.1,44.2,0
941,car,4.5,road_loopA_f0,road_loopA_f1,2976.7,3082.7,106.0,1304.0,44.3,0
958,car,4.5,road_loopA_f0,road_loopA_f1,2986.5,3082.8,96.3,1303.5,48.8,0
990,car,4.5,xloopA_0Aa,xloopA_0Ab,3005.8,3083.2,77.4,84.5,3.9,1
931,car,4.5,road_loopA_f0,road_loopA_f1,2968.1,3084.9,116.8,1302.9,40.2,0
1065,car,4.5,xloopA_0Ba,xloopA_0Bb,3053.2,3085.4,32.2,84.7,9.5,1
953,car,4.5,road_loopA_r0,road_loopA_r1,2983.5,3086.1,102.6,1298.4,45.6,0
1005,car,4.5,xloopA_0Aa,xloopA_0Ab,3013.6,3086.8,73.2,84.4,4.2,1
957,car,4.5,road_loopA_r0,road_loopA_r1,2985.9,3087.8,101.9,1298.6,45.9,0
1074,car,4.5,xloopA_0Ba,xloopA_0Bb,3064.0,3088.3,24.3,84.1,12.4,0
885,car,4.5,road_loopA_f0,road_loopA_f1,2924.6,3089.1,164.5,1303.0,28.5,1
945,truck,8.5,road_loopA_r0,road_loopA_r1,2977.9,3089.2,111.3,1298.3,42.0,0
1011,car,4.5,xloopA_0Aa,xloopA_0Ab,3016.1,3089.4,73.3,84.4,4.1,0
956,truck,8.5,road_loopA_f0,road_loopA_f1,2984.5,3091.2,106.7,1302.9,44.0,0
943,car,4.5,road_loopA_f0,road_loopA_f1,2977.7,3091.3,113.6,1303.5,41.3,0
948,suv,4.8,road_loopA_r0,road_loopA_r1,2980.3,3091.4,111.1,1298.1,42.1,0
1012,car,4.5,xloopA_0Aa,xloopA_0Ab,3016.6,3091.4,74.8,84.8,4.1,0
973,car,4.5,road_loopA_f0,road_loopA_f1,2996.2,3092.9,96.7,1303.5,48.5,0
955,car,4.5,road_loopA_f0,road_loopA_f1,2984.1,3093.3,109.2,1303.7,43.0,0
1029,car,4.5,xloopA_0Aa,xloopA_0Ab,3027.6,3093.5,65.9,84.2,4.6,0
971,car,4.5,road_loopA_f0,road_loopA_f1,2995.7,3094.6,98.9,1303.3,47.4,0
961,suv,4.8,road_loopA_f0,road_loopA_f1,2988.4,3095.0,106.6,1303.7,44.0,0
1097,car,4.5,xloopA_0Ba,xloopA_0Bb,3085.2,3095.7,10.5,84.6,28.9,0
1087,car,4.5,xloopA_0Aa,xloopA_0Ab,3074.7,3096.2,21.5,84.4,14.1,0
987,car,4.5,road_loopA_f0,road_loopA_f1,3003.2,3096.4,93.2,1304.0,50.4,0
965,car,4.5,road_loopA_f0,road_loopA_f1,2992.1,3098.2,106.1,1303.2,44.2,0
877,car,4.5,xloopA_0Ba,road_loopA_f1,2918.2,3098.9,180.7,902.6,18.0,1
936,suv,4.8,road_loopA_f0,road_loopA_f1,2970.6,3099.5,128.9,1303.1,36.4,0
872,truck,8.5,road_loopA_f0,road_loopA_f1,2914.6,3101.1,186.5,1303.2,25.1,1
906,car,4.5,road_loopA_f0,road_loopA_f1,2943.4,3101.1,157.7,1303.3,29.8,0
912,car,4.5,road_loopA_f0,road_loopA_f1,2949.5,3101.9,152.4,1304.1,30.8,0
996,car,4.5,road_loopA_f0,road_loopA_f1,3007.6,3103.0,95.4,1304.2,49.2,0
970,car,4.5,road_loopA_f0,road_loopA_f1,2994.8,3103.9,109.1,1303.1,43.0,0
924,truck,8.5,road_loopA_f0,road_loopA_f1,2962.9,3104.4,141.5,1302.9,33.1,0
999,car,4.5,road_loopA_f0,road_loopA_f1,3008.5,3104.9,96.4,1303.4,48.7,0
983,truck,8.5,road_loopA_f0,road_loopA_f1,3002.5,3106.1,103.6,1303.2,45.3,0
993,car,4.5,road_loopA_f0,road_loopA_f1,3006.3,3106.6,100.3,1303.9,46.8,0
934,truck,8.5,road_loopA_f0,road_loopA_f1,2969.2,3106.8,137.6,1303.0,34.1,0
1001,car,4.5,road_loopA_f0,road_loopA_f1,3010.6,3108.2,97.6,1304.1,48.1,0
1013,suv,4.8,road_loopA_f0,road_loopA_f1,3017.9,3108.3,90.4,1303.8,51.9,0
980,car,4.5,road_loopA_f0,road_loopA_f1,3000.8,3109.1,108.3,1303.8,43.3,0
1016,car,4.5,road_loopA_f0,road_loopA_f1,3019.4,3110.3,90.9,1303.9,51.6,0
1003,car,4.5,road_loopA_f0,road_loopA_f1,3012.6,3110.9,98.3,1302.8,47.7,0
1007,car,4.5,road_loopA_f0,road_loopA_f1,3014.2,3111.1,96.9,1303.3,48.4,0
1063,car,4.5,road_loopA_f0,xloopA_0Bb,3050.6,3112.7,62.1,479.0,27.8,2
1018,suv,4.8,road_loopA_f0,road_loopA_f1,3021.9,3113.4,91.5,1303.6,51.3,0
1010,car,4.5,road_loopA_f0,road_loopA_f1,3015.6,3115.7,100.1,1304.1,46.9,0
1083,suv,4.8,road_loopA_f0,xloopA_0Bb,3070.2,3117.0,46.8,479.2,36.8,0
978,car,4.5,road_loopA_f0,road_loopA_f1,3000.0,3117.4,117.4,1303.0,39.9,0
1015,car,4.5,road_loopA_r0,xloopA_0Ab,3019.2,3119.5,100.3,869.1,31.2,1
982,car,4.5,road_loopA_f0,road_loopA_f1,3001.9,3120.5,118.6,1302.8,39.5,0
1000,car,4.5,road_loopA_f0,road_loopA_f1,3008.7,3123.7,115.0,1303.5,40.8,0
962,car,4.5,road_loopA_r0,road_loopA_r1,2990.2,3130.0,139.8,1298.0,33.4,1
964,suv,4.8,road_loopA_r0,road_loopA_r1,2992.0,3131.5,139.5,1297.6,33.5,1
967,car,4.5,road_loopA_r0,road_loopA_r1,2992.3,3133.0,140.7,1298.4,33.2,1
954,suv,4.8,road_loopA_r0,road_loopA_r1,2983.9,3136.0,152.1,1298.6,30.7,1
979,car,4.5,road_loopA_r0,road_loopA_r1,3000.0,3136.2,136.2,1297.4,34.3,1
969,car,4.5,road_loopA_r0,road_loopA_r1,2993.6,3138.1,144.5,1297.3,32.3,1
981,car,4.5,road_loopA_r0,road_loopA_r1,3001.7,3139.6,137.9,1298.5,33.9,1
975,suv,4.8,road_loopA_r0,road_loopA_r1,2997.4,3141.2,143.8,1298.3,32.5,1
988,car,4.5,road_loopA_r0,road_loopA_r1,3003.5,3143.1,139.6,1297.5,33.5,1
968,suv,4.8,road_loopA_r0,road_loopA_r1,2993.2,3144.0,150.8,1298.2,31.0,1
1118,car,4.5,road_loopA_f0,xloopA_0Bb,3106.0,3146.1,40.1,478.7,43.0,0
1002,car,4.5,xloopA_0Aa,road_loopA_r1,3011.1,3146.2,135.1,506.9,13.5,1
991,suv,4.8,road_loopA_r0,road_loopA_r1,3005.9,3146.5,140.6,1298.0,33.2,0
984,suv,4.8,road_loopA_r0,road_loopA_r1,3003.0,3146.7,143.7,1298.4,32.5,1
960,truck,8.5,road_loopA_r0,road_loopA_r1,2987.8,3148.4,160.6,1298.1,29.1,1
994,car,4.5,road_loopA_r0,road_loopA_r1,3006.6,3148.4,141.8,1298.3,33.0,1
995,suv,4.8,road_loopA_r0,road_loopA_r1,3006.9,3149.2,142.3,1297.8,32.8,1
963,car,4.5,road_loopA_r0,road_loopA_r1,2990.7,3150.4,159.7,1298.3,29.3,1
1006,suv,4.8,road_loopA_r0,road_loopA_r1,3014.1,3151.1,137.0,1298.6,34.1,1
966,car,4.5,road_loopA_r0,road_loopA_r1,2992.1,3152.0,159.9,1297.9,29.2,1
1009,suv,4.8,road_loopA_r0,road_loopA_r1,3015.2,3152.1,136.9,1297.7,34.1,1
992,suv,4.8,road_loopA_r0,road_loopA_r1,3006.0,3153.5,147.5,1298.7,31.7,1
972,car,4.5,road_loopA_r0,road_loopA_r1,2995.9,3153.7,157.8,1298.6,29.6,1
1021,car,4.5,road_loopA_r0,road_loopA_r1,3022.7,3154.6,131.9,1297.9,35.4,1
976,car,4.5,road_loopA_r0,road_loopA_r1,2998.3,3155.3,157.0,1297.5,29.8,1
1023,suv,4.8,road_loopA_r0,road_loopA_r1,3024.4,3155.7,131.3,1297.7,35.6,1
1008,car,4.5,road_loopA_r0,road_loopA_r1,3015.0,3156.8,141.8,1298.3,33.0,1
986,suv,4.8,road_loopA_r0,road_loopA_r1,3003.1,3157.5,154.4,1298.0,30.3,1
1031,car,4.5,road_loopA_r0,road_loopA_r1,3029.4,3157.9,128.5,1297.3,36.3,1
1098,car,4.5,road_loopA_r0,xloopA_0Ab,3087.9,3158.7,70.8,868.9,44.2,0
1019,car,4.5,road_loopA_f0,road_loopA_f1,3022.2,3158.8,136.6,1304.2,34.4,1
989,car,4.5,road_loopA_r0,road_loopA_r1,3004.9,3159.4,154.5,1297.3,30.2,1
1024,car,4.5,road_loopA_f0,road_loopA_f1,3025.7,3159.6,133.9,1303.2,35.0,1
1017,suv,4.8,road_loopA_r0,road_loopA_r1,3021.7,3160.7,139.0,1298.6,33.6,1
1004,car,4.5,road_loopA_r0,road_loopA_r1,3012.7,3161.2,148.5,1298.1,31.5,1
1034,suv,4.8,road_loopA_f0,road_loopA_f1,3031.0,3161.4,130.4,1304.1,36.0,1
1026,car,4.5,road_loopA_r0,road_loopA_r1,3026.9,3161.8,134.9,1297.7,34.6,1
1138,car,4.5,road_loopA_f0,xloopA_0Bb,3121.9,3162.9,41.0,478.7,42.0,0
1022,truck,8.5,road_loopA_r0,road_loopA_r1,3023.4,3163.5,140.1,1298.0,33.4,1
1049,car,4.5,road_loopA_r0,road_loopA_r1,3041.9,3163.8,121.9,1297.8,38.3,1
1037,suv,4.8,road_loopA_f0,road_loopA_f1,3033.4,3164.3,130.9,1303.2,35.8,1
1033,truck,8.5,road_loopA_r0,road_loopA_r1,3030.4,3165.3,134.9,1297.9,34.6,1
1025,car,4.5,road_loopA_r0,road_loopA_r1,3026.7,3165.8,139.1,1298.5,33.6,1
1044,car,4.5,road_loopA_f0,road_loopA_f1,3037.1,3166.0,128.9,1303.0,36.4,1
1030,car,4.5,road_loopA_f0,road_loopA_f1,3027.8,3166.8,139.0,1303.3,33.8,1
1032,car,4.5,road_loopA_r0,road_loopA_r1,3029.8,3167.3,137.5,1297.8,34.0,1
1056,car,4.5,road_loopA_r0,road_loopA_r1,3046.0,3167.7,121.7,1297.4,38.4,2
1028,truck,8.5,road_loopA_r0,road_loopA_r1,3027.2,3168.2,141.0,1297.3,33.1,1
1085,car,4.5,road_loopA_f0,road_loopA_f1,3072.2,3168.5,96.3,1303.0,48.7,0
1043,bus,11.0,road_loopA_r0,road_loopA_r1,3036.8,3169.7,132.9,1297.6,35.1,1
1047,suv,4.8,road_loopA_r0,road_loopA_r1,3038.2,3170.1,131.9,1298.2,35.4,1
1054,car,4.5,road_loopA_r0,road_loopA_r1,3045.1,3170.9,125.8,1297.2,37.1,1
1051,suv,4.8,road_loopA_f0,road_loopA_f1,3042.4,3171.2,128.8,1303.4,36.4,1
1072,car,4.5,road_loopA_r0,road_loopA_r1,3060.4,3173.1,112.7,1298.1,41.5,1
1059,car,4.5,road_loopA_f0,road_loopA_f1,3048.3,3173.4,125.1,1304.0,37.5,1
1039,car,4.5,road_loopA_r0,road_loopA_r1,3034.1,3173.8,139.7,1297.5,33.4,0
1060,car,4.5,road_loopA_r0,road_loopA_r1,3048.7,3175.6,126.9,1297.6,36.8,0
1068,car,4.5,road_loopA_r0,road_loopA_r1,3055.0,3176.0,121.0,1298.4,38.6,0
1046,car,4.5,road_loopA_f0,road_loopA_f1,3038.3,3176.5,138.2,1303.5,33.9,1
1057,suv,4.8,road_loopA_r0,road_loopA_r1,3047.2,3177.9,130.7,1297.8,35.8,0
1075,car,4.5,road_loopA_f0,road_loopA_f1,3065.8,3178.5,112.7,1303.3,41.6,0
1036,car,4.5,road_loopA_r0,road_loopA_r1,3033.1,3179.4,146.3,1297.9,31.9,1
1076,car,4.5,road_loopA_r0,road_loopA_r1,3066.0,3180.2,114.2,1297.4,40.9,0
1061,car,4.5,road_loopA_r0,road_loopA_r1,3050.3,3181.3,131.0,1298.2,35.7,0
1070,car,4.5,road_loopA_r0,road_loopA_r1,3059.3,3181.4,122.1,1297.8,38.3,0
1079,car,4.5,road_loopA_f0,road_loopA_f1,3068.4,3181.6,113.2,1303.8,41.4,0
1071,suv,4.8,road_loopA_r0,road_loopA_r1,3059.6,3183.0,123.4,1298.3,37.9,1
1090,truck,8.5,road_loopA_r0,road_loopA_r1,3081.2,3183.5,102.3,1298.1,45.7,0
1058,car,4.5,xloopA_0Aa,road_loopA_f1,3047.3,3183.9,136.6,872.8,23.0,0
1100,car,4.5,road_loopA_r0,road_loopA_r1,3089.7,3184.6,94.9,1297.7,49.2,0
1073,car,4.5,road_loopA_r0,road_loopA_r1,3062.1,3184.7,122.6,1297.5,38.1,1
787,car,4.5,road_loopA_r0,xloopA_0Bb,2840.4,3184.8,344.4,895.5,9.4,3
1053,car,4.5,road_loopA_f0,road_loopA_f1,3044.8,3185.1,140.3,1303.9,33.5,1
1148,car,4.5,road_loopA_f0,xloopA_0Ab,3127.2,3185.4,58.2,505.1,31.3,1
1092,car,4.5,road_loopA_r0,road_loopA_r1,3082.8,3185.7,102.9,1298.5,45.4,0
1040,truck,8.5,road_loopA_f0,road_loopA_f1,3034.3,3186.0,151.7,1303.4,30.9,1
1050,car,4.5,xloopA_0Ba,road_loopA_f1,3042.3,3186.0,143.7,903.0,22.6,1
1082,car,4.5,road_loopA_f0,road_loopA_f1,3070.0,3186.2,116.2,1303.8,40.4,0
1077,car,4.5,road_loopA_r0,road_loopA_r1,3066.1,3186.4,120.3,1297.3,38.8,0
868,suv,4.8,road_loopA_r0,xloopA_0Bb,2906.6,3187.4,280.8,895.2,11.5,2
1035,suv,4.8,road_loopA_f0,road_loopA_f1,3032.5,3187.6,155.1,1302.8,30.2,1
1091,car,4.5,road_loopA_f0,road_loopA_f1,3082.0,3187.6,105.6,1304.0,44.4,0
1048,suv,4.8,road_loopA_f0,road_loopA_f1,3040.1,3188.1,148.0,1303.0,31.7,1
1093,car,4.5,road_loopA_r0,road_loopA_r1,3083.0,3188.2,105.2,1297.6,44.4,0
1151,truck,8.5,road_loopA_f0,xloopA_0Ab,3128.2,3188.9,60.7,505.6,30.0,1
1102,car,4.5,road_loopA_f0,road_loopA_f1,3091.9,3189.3,97.4,1303.4,48.2,0
1038,car,4.5,road_loopA_f0,road_loopA_f1,3033.8,3189.4,155.6,1303.0,30.1,1
1112,suv,4.8,road_loopA_r0,road_loopA_r1,3099.6,3189.8,90.2,1297.4,51.8,0
1108,car,4.5,road_loopA_r0,road_loopA_r1,3095.0,3189.9,94.9,1297.9,49.3,0
1078,car,4.5,road_loopA_f0,road_loopA_f1,3067.5,3190.0,122.5,1303.7,38.3,0
873,car,4.5,road_loopA_r0,xloopA_0Bb,2915.1,3190.1,275.0,895.5,11.7,2
1041,car,4.5,road_loopA_f0,road_loopA_f1,3035.1,3191.1,156.0,1303.2,30.1,1
1095,car,4.5,road_loopA_f0,road_loopA_f1,3084.0,3191.5,107.5,1304.0,43.7,0
1109,suv,4.8,road_loopA_r0,road_loopA_r1,3095.4,3191.6,96.2,1298.1,48.6,0
1084,car,4.5,road_loopA_f0,road_loopA_f1,3072.1,3192.2,120.1,1302.9,39.0,0
1069,bus,11.0,road_loopA_r0,road_loopA_r1,3055.4,3192.3,136.9,1297.7,34.1,2
1027,bus,11.0,road_loopA_r0,road_loopA_r1,3027.1,3192.7,165.6,1298.2,28.2,3
1042,car,4.5,road_loopA_f0,road_loopA_f1,3035.3,3192.8,157.5,1303.2,29.8,1
883,truck,8.5,road_loopA_r0,xloopA_0Bb,2923.1,3193.6,270.5,895.7,11.9,2
1066,car,4.5,road_loopA_f0,road_loopA_f1,3053.3,3194.0,140.7,1304.0,33.4,1
1106,car,4.5,road_loopA_f0,road_loopA_f1,3094.4,3194.0,99.6,1303.6,47.1,0
1045,car,4.5,road_loopA_f0,road_loopA_f1,3037.4,3194.5,157.1,1302.8,29.9,1
1107,car,4.5,road_loopA_r0,road_loopA_r1,3095.0,3195.0,100.0,1297.8,46.7,0
1089,car,4.5,road_loopA_f0,road_loopA_f1,3081.1,3195.5,114.4,1304.2,41.0,0
1114,car,4.5,road_loopA_f0,road_loopA_f1,3102.2,3195.7,93.5,1303.4,50.2,0
1052,car,4.5,road_loopA_f0,road_loopA_f1,3044.3,3196.3,152.0,1303.6,30.9,1
1117,car,4.5,road_loopA_r0,road_loopA_r1,3104.0,3196.7,92.7,1297.5,50.4,0
1120,car,4.5,road_loopA_f0,road_loopA_f1,3107.3,3197.7,90.4,1302.9,51.9,0
1055,truck,8.5,road_loopA_f0,road_loopA_f1,3045.2,3198.5,153.3,1303.4,30.6,1
1081,truck,8.5,road_loopA_f0,road_loopA_f1,3069.3,3198.9,129.6,1303.3,36.2,0
1064,car,4.5,road_loopA_r0,road_loopA_r1,3051.0,3200.3,149.3,1298.4,31.3,1
1099,suv,4.8,road_loopA_f0,road_loopA_f1,3088.0,3200.8,112.8,1303.2,41.6,0
1104,car,4.5,road_loopA_f0,road_loopA_f1,3094.1,3201.6,107.5,1303.6,43.7,0
1088,car,4.5,road_loopA_f0,road_loopA_f1,3076.3,3201.8,125.5,1303.0,37.4,0
1113,car,4.5,road_loopA_f0,road_loopA_f1,3101.1,3202.6,101.5,1303.5,46.2,0
997,suv,4.8,road_loopA_r0,road_loopA_r1,3007.8,3203.7,195.9,1297.3,23.8,1
1111,car,4.5,road_loopA_f0,road_loopA_f1,3098.0,3204.0,106.0,1304.0,44.3,0
1096,truck,8.5,road_loopA_f0,road_loopA_f1,3084.9,3204.2,119.3,1303.0,39.3,0
1094,suv,4.8,road_loopA_r0,road_loopA_r1,3083.1,3204.4,121.3,1297.7,38.5,0
1105,car,4.5,road_loopA_f0,road_loopA_f1,3094.3,3205.0,110.7,1303.0,42.4,0
1123,car,4.5,road_loopA_r0,road_loopA_r1,3109.7,3205.3,95.6,1298.5,48.9,0
1153,car,4.5,xloopA_0Aa,xloopA_0Ab,3131.8,3205.9,74.1,84.5,4.1,1
1101,car,4.5,road_loopA_f0,road_loopA_f1,3090.4,3206.5,116.1,1303.1,40.4,0
1119,truck,8.5,road_loopA_r0,road_loopA_r1,3106.1,3206.6,100.5,1298.5,46.5,0
1080,car,4.5,road_loopA_r0,road_loopA_r1,3068.4,3207.5,139.1,1297.6,33.6,1
1206,car,4.5,xloopA_0Aa,xloopA_0Ab,3186.9,3207.9,21.0,84.3,14.5,0
1103,car,4.5,road_loopA_f0,road_loopA_f1,3092.9,3208.2,115.3,1303.4,40.7,0
1110,car,4.5,road_loopA_f0,road_loopA_f1,3097.3,3208.2,110.9,1303.3,42.3,0
1125,car,4.5,road_loopA_f0,road_loopA_f1,3110.7,3210.0,99.3,1303.2,47.2,0
1133,car,4.5,road_loopA_f0,road_loopA_f1,3115.5,3210.2,94.7,1303.5,49.6,0
1131,car,4.5,road_loopA_f0,road_loopA_f1,3113.0,3210.3,97.3,1303.4,48.2,0
1212,car,4.5,xloopA_0Aa,xloopA_0Ab,3191.2,3210.3,19.1,84.6,15.9,0
1121,car,4.5,road_loopA_f0,road_loopA_f1,3108.9,3215.6,106.7,1303.4,44.0,0
1137,suv,4.8,road_loopA_f0,road_loopA_f1,3121.4,3216.5,95.1,1303.4,49.3,0
1130,car,4.5,road_loopA_r0,xloopA_0Ab,3112.8,3216.6,103.8,869.1,30.2,1
1134,car,4.5,road_loopA_f0,road_loopA_f1,3116.9,3217.4,100.5,1303.3,46.7,0
1135,truck,8.5,road_loopA_f0,road_loopA_f1,3118.4,3217.9,99.5,1303.2,47.2,0
1141,car,4.5,road_loopA_f0,road_loopA_f1,3124.1,3219.9,95.8,1304.2,49.0,0
1142,suv,4.8,road_loopA_f0,road_loopA_f1,3124.9,3220.4,95.5,1302.8,49.1,0
1145,car,4.5,road_loopA_f0,road_loopA_f1,3125.8,3221.6,95.8,1304.0,49.0,0
1146,car,4.5,road_loopA_f0,road_loopA_f1,3126.5,3222.2,95.7,1303.9,49.0,0
1147,car,4.5,road_loopA_f0,road_loopA_f1,3126.6,3223.3,96.7,1303.4,48.5,0
1150,suv,4.8,road_loopA_f0,road_loopA_f1,3127.6,3223.6,96.0,1304.1,48.9,0
1157,car,4.5,road_loopA_f0,road_loopA_f1,3134.7,3225.4,90.7,1304.0,51.7,0
1156,car,4.5,road_loopA_r0,xloopA_0Ab,3132.5,3225.8,93.3,869.2,33.5,2
1160,truck,8.5,road_loopA_f0,road_loopA_f1,3139.3,3228.6,89.3,1303.1,52.5,0
1086,bus,11.0,road_loopA_r0,road_loopA_r1,3074.5,3229.7,155.2,1298.0,30.1,2
1126,car,4.5,road_loopA_r0,road_loopA_r1,3111.8,3242.5,130.7,1297.4,35.7,1
1139,car,4.5,road_loopA_r0,road_loopA_r1,3122.3,3245.3,123.0,1297.3,38.0,1
1124,car,4.5,road_loopA_r0,road_loopA_r1,3110.5,3246.4,135.9,1298.3,34.4,1
1132,car,4.5,road_loopA_r0,road_loopA_r1,3115.5,3249.8,134.3,1297.3,34.8,1
1122,car,4.5,road_loopA_r0,road_loopA_r1,3109.5,3251.1,141.6,1297.4,33.0,1
1140,car,4.5,road_loopA_r0,road_loopA_r1,3123.0,3252.1,129.1,1297.9,36.2,1
1154,car,4.5,road_loopA_r0,road_loopA_r1,3131.9,3253.8,121.9,1297.9,38.3,1
1164,suv,4.8,road_loopA_r0,road_loopA_r1,3141.3,3254.5,113.2,1298.0,41.3,1
1155,car,4.5,road_loopA_r0,road_loopA_r1,3131.9,3255.4,123.5,1297.8,37.8,1
1158,car,4.5,road_loopA_r0,road_loopA_r1,3137.2,3257.6,120.4,1297.9,38.8,1
1143,car,4.5,xloopA_0Aa,road_loopA_r1,3125.2,3258.0,132.8,507.1,13.7,1
1170,car,4.5,road_loopA_r0,road_loopA_r1,3150.9,3258.0,107.1,1297.3,43.6,0
1127,car,4.5,road_loopA_r0,road_loopA_r1,3112.1,3259.6,147.5,1297.8,31.7,1
1152,car,4.5,road_loopA_r0,road_loopA_r1,3130.3,3260.4,130.1,1298.4,35.9,1
1182,car,4.5,road_loopA_r0,road_loopA_r1,3164.6,3260.5,95.9,1298.2,48.7,0
1149,car,4.5,road_loopA_r0,road_loopA_r1,3127.4,3261.2,133.8,1297.4,34.9,1
1183,car,4.5,road_loopA_r0,road_loopA_r1,3165.1,3263.1,98.0,1298.2,47.7,0
1166,suv,4.8,road_loopA_r0,road_loopA_r1,3148.2,3263.5,115.3,1298.3,40.5,0
1128,car,4.5,road_loopA_r0,road_loopA_r1,3112.2,3263.9,151.7,1297.5,30.8,1
1169,car,4.5,road_loopA_r0,road_loopA_r1,3150.3,3265.2,114.9,1297.6,40.6,0
1168,car,4.5,road_loopA_r0,road_loopA_r1,3149.8,3265.7,115.9,1298.5,40.3,1
1172,suv,4.8,road_loopA_r0,road_loopA_r1,3151.7,3265.9,114.2,1297.7,40.9,0
1192,car,4.5,road_loopA_r0,xloopA_0Ab,3176.3,3266.8,90.5,869.1,34.6,1
1171,car,4.5,road_loopA_r0,road_loopA_r1,3151.4,3267.0,115.6,1297.8,40.4,0
1177,car,4.5,road_loopA_r0,road_loopA_r1,3158.5,3269.1,110.6,1297.6,42.2,0
1184,suv,4.8,road_loopA_r0,road_loopA_r1,3166.0,3269.7,103.7,1298.2,45.1,0
1163,suv,4.8,road_loopA_f0,road_loopA_f1,3140.1,3270.2,130.1,1303.6,36.1,1
1190,suv,4.8,road_loopA_r0,road_loopA_r1,3174.6,3270.8,96.2,1297.5,48.5,0
1191,car,4.5,road_loopA_r0,road_loopA_r1,3175.6,3270.9,95.3,1298.4,49.0,0
1165,car,4.5,road_loopA_f0,road_loopA_f1,3145.6,3272.4,126.8,1303.1,37.0,1
1197,car,4.5,road_loopA_r0,road_loopA_r1,3182.4,3272.5,90.1,1297.4,51.8,0
1189,truck,8.5,road_loopA_r0,road_loopA_r1,3172.7,3273.4,100.7,1298.4,46.4,0
1181,truck,8.5,road_loopA_r0,road_loopA_r1,3164.1,3274.4,110.3,1297.8,42.4,0
1199,suv,4.8,road_loopA_r0,road_loopA_r1,3183.6,3275.1,91.5,1297.6,51.0,0
1200,car,4.5,road_loopA_r0,road_loopA_r1,3184.0,3276.2,92.2,1298.0,50.7,0
1173,car,4.5,road_loopA_f0,road_loopA_f1,3154.0,3277.9,123.9,1303.0,37.8,1
1162,suv,4.8,road_loopA_f0,road_loopA_f1,3139.7,3280.1,140.4,1303.9,33.4,1
1185,suv,4.8,road_loopA_f0,road_loopA_f1,3167.7,3280.1,112.4,1303.0,41.7,1
1175,car,4.5,road_loopA_f0,road_loopA_f1,3155.5,3280.2,124.7,1302.9,37.6,1
1198,car,4.5,road_loopA_r0,road_loopA_r1,3182.4,3280.4,98.0,1297.9,47.7,0
1205,car,4.5,road_loopA_r0,road_loopA_r1,3185.7,3282.0,96.3,1297.9,48.5,0
1203,suv,4.8,road_loopA_r0,road_loopA_r1,3185.2,3282.1,96.9,1297.6,48.2,0
1194,car,4.5,road_loopA_f0,road_loopA_f1,3178.8,3283.0,104.2,1303.1,45.0,0
1211,car,4.5,road_loopA_r0,road_loopA_r1,3191.1,3283.8,92.7,1297.3,50.4,0
1204,car,4.5,road_loopA_r0,road_loopA_r1,3185.5,3284.0,98.5,1298.4,47.5,0
1261,car,4.5,road_loopA_f0,xloopA_0Bb,3242.5,3284.9,42.4,478.6,40.7,0
1176,car,4.5,road_loopA_f0,road_loopA_f1,3156.6,3285.0,128.4,1302.9,36.5,1
1196,car,4.5,road_loopA_f0,road_loopA_f1,3181.3,3285.7,104.4,1303.7,45.0,0
1202,car,4.5,road_loopA_r0,road_loopA_r1,3184.5,3286.6,102.1,1297.7,45.7,0
1207,car,4.5,road_loopA_r0,road_loopA_r1,3187.9,3288.3,100.4,1297.8,46.5,0
1208,truck,8.5,road_loopA_f0,road_loopA_f1,3189.6,3288.6,99.0,1303.2,47.4,0
1178,car,4.5,road_loopA_f0,road_loopA_f1,3159.7,3289.8,130.1,1303.8,36.1,1
1214,suv,4.8,road_loopA_r0,road_loopA_r1,3193.3,3289.8,96.5,1298.5,48.4,0
1218,car,4.5,road_loopA_f0,road_loopA_f1,3197.6,3290.6,93.0,1302.9,50.5,0
1179,suv,4.8,road_loopA_f0,road_loopA_f1,3159.9,3292.3,132.4,1303.3,35.4,1
1201,car,4.5,road_loopA_f0,road_loopA_f1,3184.4,3292.4,108.0,1302.8,43.4,0
1209,car,4.5,road_loopA_r0,road_loopA_r1,3189.8,3292.8,103.0,1297.7,45.4,0
1188,car,4.5,xloopA_0Ba,road_loopA_f1,3169.2,3294.6,125.4,903.0,25.9,1
1195,suv,4.8,road_loopA_f0,road_loopA_f1,3180.7,3294.8,114.1,1303.7,41.1,0
1186,car,4.5,road_loopA_f0,road_loopA_f1,3168.6,3295.3,126.7,1303.6,37.1,1
1223,car,4.5,road_loopA_r0,road_loopA_r1,3200.4,3295.7,95.3,1298.1,49.0,0
1187,suv,4.8,road_loopA_f0,road_loopA_f1,3168.8,3296.2,127.4,1303.3,36.8,1
1226,car,4.5,road_loopA_f0,road_loopA_f1,3203.8,3296.9,93.1,1303.0,50.4,0
1129,bus,11.0,road_loopA_r0,road_loopA_r1,3112.2,3297.4,185.2,1298.4,25.2,4
1239,car,4.5,road_loopA_f0,xloopA_0Ab,3223.3,3297.9,74.6,505.2,24.4,1
1193,car,4.5,road_loopA_f0,road_loopA_f1,3177.9,3298.3,120.4,1303.4,39.0,0
890,truck,8.5,road_loopA_r0,xloopA_0Bb,2931.1,3298.5,367.4,895.3,8.8,3
1222,car,4.5,road_loopA_f0,road_loopA_f1,3200.0,3299.3,99.3,1303.5,47.3,0
1219,car,4.5,road_loopA_f0,road_loopA_f1,3198.3,3300.2,101.9,1303.9,46.0,0
1241,car,4.5,road_loopA_f0,xloopA_0Ab,3225.3,3300.5,75.2,505.3,24.2,1
1216,suv,4.8,road_loopA_r0,road_loopA_r1,3195.7,3300.8,105.1,1297.7,44.4,0
952,car,4.5,road_loopA_r0,xloopA_0Bb,2983.0,3301.5,318.5,895.5,10.1,3
1224,suv,4.8,road_loopA_f0,road_loopA_f1,3201.5,3301.9,100.4,1303.0,46.7,0
1225,car,4.5,road_loopA_f0,road_loopA_f1,3203.1,3302.0,98.9,1303.8,47.5,0
1115,car,4.5,xloopA_0Aa,road_loopA_f1,3103.0,3303.7,200.7,872.0,15.6,1
1180,suv,4.8,road_loopA_f0,road_loopA_f1,3162.8,3304.0,141.2,1303.3,33.2,1
977,car,4.5,road_loopA_r0,xloopA_0Bb,2999.0,3304.2,305.2,895.8,10.6,3
1282,car,4.5,road_loopA_f0,xloopA_0Ab,3255.1,3304.2,49.1,505.5,37.1,0
1161,suv,4.8,road_loopA_f0,road_loopA_f1,3139.4,3305.6,166.2,1303.6,28.2,1
1215,car,4.5,road_loopA_f0,road_loopA_f1,3193.5,3306.2,112.7,1302.8,41.6,0
985,car,4.5,road_loopA_r0,xloopA_0Bb,3003.1,3306.8,303.7,895.5,10.6,2
1221,car,4.5,road_loopA_r0,road_loopA_r1,3199.2,3307.0,107.8,1297.5,43.3,0
1289,truck,8.5,road_loopA_f0,xloopA_0Ab,3260.4,3307.2,46.8,505.6,38.9,0
1167,car,4.5,road_loopA_f0,road_loopA_f1,3148.3,3307.4,159.1,1303.2,29.5,1
1228,truck,8.5,road_loopA_f0,road_loopA_f1,3209.0,3307.4,98.4,1303.6,47.7,0
1174,car,4.5,road_loopA_f0,road_loopA_f1,3154.5,3309.3,154.8,1302.9,30.3,1
1230,suv,4.8,road_loopA_r0,road_loopA_r1,3209.7,3309.5,99.8,1297.6,46.8,0
1237,car,4.5,road_loopA_f0,road_loopA_f1,3218.4,3309.6,91.2,1302.9,51.4,0
1210,car,4.5,road_loopA_f0,road_loopA_f1,3190.8,3310.0,119.2,1303.8,39.4,0
1227,truck,8.5,road_loopA_f0,road_loopA_f1,3206.5,3311.1,104.6,1303.3,44.9,0
1238,car,4.5,road_loopA_f0,road_loopA_f1,3219.5,3313.0,93.5,1304.0,50.2,0
1233,suv,4.8,road_loopA_f0,road_loopA_f1,3213.9,3313.7,99.8,1303.8,47.1,0
1231,car,4.5,xloopA_0Ba,xloopA_0Bb,3210.7,3314.2,103.5,84.7,2.9,1
1272,car,4.5,xloopA_0Aa,xloopA_0Ab,3249.0,3315.2,66.2,84.3,4.6,1
1220,car,4.5,road_loopA_r0,road_loopA_r1,3199.0,3315.7,116.7,1297.5,40.0,0
1236,truck,8.5,road_loopA_r0,road_loopA_r1,3217.2,3315.9,98.7,1297.4,47.3,0
1232,truck,8.5,road_loopA_f0,road_loopA_f1,3213.3,3316.5,103.2,1303.1,45.4,0
1243,car,4.5,xloopA_0Ba,xloopA_0Bb,3225.8,3316.5,90.7,84.5,3.4,1
1318,car,4.5,xloopA_0Aa,xloopA_0Ab,3289.4,3317.9,28.5,84.2,10.6,1
1235,car,4.5,road_loopA_f0,road_loopA_f1,3216.2,3318.5,102.3,1303.3,45.9,0
1229,suv,4.8,road_loopA_r0,road_loopA_r1,3209.4,3318.9,109.5,1297.9,42.7,0
1246,truck,8.5,road_loopA_f0,road_loopA_f1,3230.1,3320.0,89.9,1303.6,52.2,0
1336,car,4.5,xloopA_0Aa,xloopA_0Ab,3305.2,3321.0,15.8,84.1,19.1,0
1251,car,4.5,road_loopA_f0,road_loopA_f1,3234.9,3325.1,90.2,1303.4,52.0,0
1213,car,4.5,road_loopA_f0,road_loopA_f1,3191.6,3326.1,134.5,1303.1,34.9,0
1285,car,4.5,road_loopA_f0,xloopA_0Bb,3257.1,3330.1,73.0,478.7,23.6,1
1257,car,4.5,road_loopA_f0,road_loopA_f1,3239.7,3335.2,95.5,1303.8,49.1,0
1252,car,4.5,road_loopA_f0,road_loopA_f1,3236.8,3336.4,99.6,1303.9,47.1,0
1253,car,4.5,road_loopA_f0,road_loopA_f1,3237.2,3337.9,100.7,1304.0,46.6,0
1256,car,4.5,road_loopA_f0,road_loopA_f1,3239.3,3338.0,98.7,1303.2,47.5,0
1291,car,4.5,road_loopA_f0,xloopA_0Bb,3265.0,3338.7,73.7,478.9,23.4,2
1268,suv,4.8,road_loopA_f0,road_loopA_f1,3246.7,3338.9,92.2,1303.2,50.9,0
1280,car,4.5,road_loopA_r0,xloopA_0Ab,3254.5,3339.4,84.9,869.1,36.9,1
1262,car,4.5,road_loopA_f0,road_loopA_f1,3244.4,3339.7,95.3,1303.1,49.2,0
1264,suv,4.8,road_loopA_r0,xloopA_0Ab,3245.3,3343.1,97.8,869.3,32.0,2
1159,bus,11.0,road_loopA_f0,road_loopA_f1,3138.3,3348.4,210.1,1303.0,22.3,3
1270,suv,4.8,road_loopA_f0,road_loopA_f1,3248.3,3349.7,101.4,1303.7,46.3,0
1333,truck,8.5,road_loopA_f0,xloopA_0Bb,3302.3,3349.7,47.4,478.8,36.3,0
1258,car,4.5,road_loopA_r0,xloopA_0Ab,3240.3,3352.7,112.4,869.2,27.8,1
1242,car,4.5,road_loopA_r0,road_loopA_r1,3225.5,3355.8,130.3,1297.7,35.8,1
1248,car,4.5,road_loopA_r0,road_loopA_r1,3232.4,3356.1,123.7,1297.8,37.8,1
1247,suv,4.8,road_loopA_r0,road_loopA_r1,3232.0,3359.2,127.2,1298.5,36.8,1
1259,car,4.5,xloopA_0Aa,road_loopA_r1,3241.4,3359.4,118.0,507.3,15.5,1
1249,car,4.5,road_loopA_r0,road_loopA_r1,3233.8,3360.0,126.2,1297.4,37.0,1
1260,car,4.5,road_loopA_r0,road_loopA_r1,3242.4,3360.9,118.5,1297.4,39.4,1
1265,car,4.5,road_loopA_r0,road_loopA_r1,3245.6,3362.6,117.0,1297.7,39.9,1
1263,car,4.5,road_loopA_r0,road_loopA_r1,3244.6,3365.8,121.2,1297.7,38.5,1
1269,car,4.5,road_loopA_r0,road_loopA_r1,3246.7,3367.6,120.9,1297.8,38.6,0
1234,car,4.5,road_loopA_r0,road_loopA_r1,3215.0,3367.8,152.8,1297.9,30.6,1
1271,car,4.5,road_loopA_r0,road_loopA_r1,3248.5,3368.4,119.9,1298.1,39.0,0
1365,suv,4.8,road_loopA_f0,xloopA_0Bb,3329.3,3369.3,40.0,478.8,43.1,0
1306,car,4.5,road_loopA_r0,road_loopA_r1,3278.2,3371.4,93.2,1297.4,50.1,0
1266,car,4.5,road_loopA_r0,road_loopA_r1,3245.8,3371.8,126.0,1297.9,37.1,0
1338,car,4.5,xloopA_0Aa,road_loopA_r1,3305.5,3372.4,66.9,507.2,27.3,0
1240,car,4.5,road_loopA_r0,road_loopA_r1,3224.0,3374.0,150.0,1297.8,31.2,1
1295,car,4.5,road_loopA_r0,road_loopA_r1,3268.3,3374.1,105.8,1297.7,44.2,0
1267,suv,4.8,road_loopA_r0,road_loopA_r1,3245.9,3375.4,129.5,1297.8,36.1,0
1244,car,4.5,road_loopA_r0,road_loopA_r1,3228.8,3375.6,146.8,1297.5,31.8,1
1308,suv,4.8,road_loopA_r0,road_loopA_r1,3278.5,3376.6,98.1,1298.5,47.7,0
1284,car,4.5,road_loopA_r0,road_loopA_r1,3256.7,3377.2,120.5,1298.2,38.8,0
1255,car,4.5,road_loopA_r0,road_loopA_r1,3238.9,3377.4,138.5,1298.0,33.7,1
1281,car,4.5,road_loopA_r0,road_loopA_r1,3254.7,3379.1,124.4,1298.1,37.6,1
1274,suv,4.8,road_loopA_r0,road_loopA_r1,3250.5,3379.2,128.7,1297.8,36.3,0
1304,car,4.5,road_loopA_r0,road_loopA_r1,3276.5,3379.9,103.4,1298.4,45.2,0
1313,car,4.5,road_loopA_r0,road_loopA_r1,3283.2,3380.7,97.5,1298.0,47.9,0
1283,car,4.5,road_loopA_r0,road_loopA_r1,3255.8,3381.0,125.2,1298.5,37.3,0
1317,suv,4.8,road_loopA_r0,road_loopA_r1,3289.0,3381.7,92.7,1297.9,50.4,0
1300,car,4.5,road_loopA_r0,road_loopA_r1,3274.9,3382.7,107.8,1298.3,43.4,0
1276,suv,4.8,road_loopA_f0,road_loopA_f1,3251.6,3383.4,131.8,1304.2,35.6,1
1277,car,4.5,road_loopA_f0,road_loopA_f1,3251.9,3383.5,131.6,1303.8,35.7,1
1314,car,4.5,road_loopA_r0,road_loopA_r1,3284.4,3384.0,99.6,1298.5,46.9,0
1309,car,4.5,road_loopA_r0,road_loopA_r1,3278.8,3384.4,105.6,1297.4,44.2,0
1278,suv,4.8,road_loopA_f0,road_loopA_f1,3252.7,3385.3,132.6,1303.4,35.4,1
1307,car,4.5,road_loopA_r0,road_loopA_r1,3278.5,3386.2,107.7,1298.2,43.4,0
1286,car,4.5,road_loopA_f0,road_loopA_f1,3257.2,3386.5,129.3,1303.2,36.3,1
1287,car,4.5,road_loopA_f0,road_loopA_f1,3258.8,3386.6,127.8,1304.2,36.7,1
1311,car,4.5,road_loopA_r0,road_loopA_r1,3281.0,3387.0,106.0,1297.5,44.0,0
1379,car,4.5,road_loopA_f0,xloopA_0Bb,3347.3,3387.3,40.0,478.7,43.1,0
1319,car,4.5,road_loopA_r0,road_loopA_r1,3291.1,3388.1,97.0,1297.8,48.2,0
1292,car,4.5,road_loopA_f0,road_loopA_f1,3265.2,3390.3,125.1,1303.3,37.5,1
1275,car,4.5,road_loopA_f0,road_loopA_f1,3251.0,3391.0,140.0,1303.3,33.5,1
1322,truck,8.5,road_loopA_r0,road_loopA_r1,3291.5,3391.3,99.8,1298.2,46.8,0
1315,car,4.5,road_loopA_r0,road_loopA_r1,3286.3,3391.8,105.5,1297.7,44.3,0
1294,suv,4.8,road_loopA_f0,road_loopA_f1,3268.0,3392.0,124.0,1302.9,37.8,1
1354,suv,4.8,road_loopA_r0,xloopA_0Ab,3320.8,3392.3,71.5,869.5,43.8,0
1325,suv,4.8,road_loopA_r0,road_loopA_r1,3293.4,3393.3,99.9,1297.7,46.7,0
1332,car,4.5,road_loopA_r0,road_loopA_r1,3299.0,3394.4,95.4,1297.5,49.0,0
1331,car,4.5,road_loopA_r0,road_loopA_r1,3298.0,3395.2,97.2,1297.7,48.1,0
1366,car,4.5,road_loopA_r0,xloopA_0Ab,3329.7,3395.2,65.5,869.2,47.8,0
1290,truck,8.5,road_loopA_f0,road_loopA_f1,3260.4,3395.9,135.5,1303.6,34.6,1
1340,car,4.5,road_loopA_r0,road_loopA_r1,3306.4,3396.2,89.8,1298.6,52.0,0
1335,car,4.5,road_loopA_r0,road_loopA_r1,3304.3,3396.9,92.6,1297.5,50.4,0
1293,car,4.5,road_loopA_f0,road_loopA_f1,3267.5,3397.9,130.4,1303.5,36.0,1
1341,car,4.5,road_loopA_r0,road_loopA_r1,3309.8,3399.1,89.3,1298.4,52.4,0
1288,suv,4.8,road_loopA_f0,road_loopA_f1,3259.2,3400.3,141.1,1303.8,33.3,1
1301,car,4.5,road_loopA_f0,road_loopA_f1,3275.4,3401.2,125.8,1303.5,37.3,1
1296,car,4.5,road_loopA_f0,road_loopA_f1,3268.5,3403.2,134.7,1303.4,34.8,1
1321,truck,8.5,road_loopA_f0,road_loopA_f1,3291.2,3403.3,112.1,1303.8,41.9,1
1327,suv,4.8,road_loopA_f0,road_loopA_f1,3294.2,3405.0,110.8,1303.5,42.4,0
1298,car,4.5,road_loopA_f0,road_loopA_f1,3273.2,3405.7,132.5,1303.6,35.4,1
1302,car,4.5,road_loopA_f0,road_loopA_f1,3275.6,3406.7,131.1,1303.8,35.8,1
1328,car,4.5,road_loopA_f0,road_loopA_f1,3296.9,3407.0,110.1,1303.3,42.6,0
1312,car,4.5,road_loopA_f0,road_loopA_f1,3282.5,3408.3,125.8,1303.9,37.3,1
1330,suv,4.8,road_loopA_f0,road_loopA_f1,3298.0,3408.8,110.8,1302.9,42.3,0
1020,car,4.5,road_loopA_r0,xloopA_0Bb,3022.4,3409.3,386.9,895.4,8.3,4
1299,suv,4.8,road_loopA_f0,xloopA_0Ab,3274.6,3409.9,135.3,505.3,13.4,1
1320,suv,4.8,road_loopA_f0,road_loopA_f1,3291.3,3411.0,119.7,1303.2,39.2,0
1353,car,4.5,road_loopA_r0,road_loopA_r1,3320.4,3411.1,90.7,1298.0,51.5,0
1344,suv,4.8,road_loopA_r0,road_loopA_r1,3311.7,3411.3,99.6,1298.1,46.9,0
1347,suv,4.8,road_loopA_f0,road_loopA_f1,3315.1,3411.5,96.4,1303.5,48.7,0
1062,suv,4.8,road_loopA_r0,xloopA_0Bb,3050.3,3412.0,361.7,896.0,8.9,4
1297,car,4.5,road_loopA_f0,road_loopA_f1,3270.3,3412.1,141.8,1303.5,33.1,1
1303,car,4.5,road_loopA_f0,xloopA_0Ab,3275.9,3412.5,136.6,505.0,13.3,1
1324,car,4.5,road_loopA_f0,road_loopA_f1,3293.2,3412.8,119.6,1304.1,39.2,0
1358,car,4.5,road_loopA_r0,road_loopA_r1,3322.1,3413.1,91.0,1297.4,51.3,0
1310,truck,8.5,road_loopA_f0,road_loopA_f1,3280.7,3414.2,133.5,1303.0,35.1,1
1326,car,4.5,road_loopA_f0,road_loopA_f1,3293.7,3414.3,120.6,1304.0,38.9,0
1329,car,4.5,road_loopA_f0,road_loopA_f1,3296.9,3414.5,117.6,1303.2,39.9,0
1067,car,4.5,road_loopA_r0,xloopA_0Bb,3054.7,3414.6,359.9,895.3,9.0,3
1343,car,4.5,road_loopA_r0,road_loopA_r1,3311.5,3414.7,103.2,1297.4,45.3,0
1305,suv,4.8,road_loopA_f0,xloopA_0Ab,3277.3,3415.2,137.9,504.9,13.2,1
1356,car,4.5,road_loopA_r0,road_loopA_r1,3321.5,3415.7,94.2,1298.1,49.6,0
1316,car,4.5,road_loopA_f0,road_loopA_f1,3288.9,3416.3,127.4,1303.1,36.8,0
1334,car,4.5,road_loopA_f0,road_loopA_f1,3302.6,3416.3,113.7,1303.6,41.3,0
1337,car,4.5,road_loopA_f0,road_loopA_f1,3305.3,3416.5,111.2,1303.7,42.2,0
1116,suv,4.8,road_loopA_r0,xloopA_0Bb,3103.5,3417.3,313.8,895.2,10.3,2
1349,suv,4.8,road_loopA_f0,xloopA_0Ab,3316.1,3418.0,101.9,505.7,17.9,1
1342,suv,4.8,road_loopA_f0,road_loopA_f1,3309.9,3418.1,108.2,1303.7,43.4,0
1339,suv,4.8,road_loopA_f0,road_loopA_f1,3306.2,3418.2,112.0,1303.0,41.9,0
1350,car,4.5,road_loopA_f0,road_loopA_f1,3318.0,3418.3,100.3,1303.6,46.8,0
1323,car,4.5,road_loopA_r0,road_loopA_r1,3292.2,3419.4,127.2,1297.5,36.7,0
1136,suv,4.8,road_loopA_r0,xloopA_0Bb,3119.9,3420.1,300.2,896.0,10.7,2
1345,car,4.5,road_loopA_f0,road_loopA_f1,3312.8,3420.6,107.8,1303.8,43.5,0
1363,car,4.5,road_loopA_r0,road_loopA_r1,3324.7,3421.2,96.5,1297.8,48.4,0
1360,truck,8.5,road_loopA_r0,road_loopA_r1,3323.1,3421.5,98.4,1298.1,47.5,0
1355,suv,4.8,road_loopA_f0,road_loopA_f1,3321.3,3422.2,100.9,1302.8,46.5,0
1357,car,4.5,road_loopA_f0,road_loopA_f1,3322.0,3422.2,100.2,1303.1,46.8,0
1367,suv,4.8,road_loopA_r0,road_loopA_r1,3329.7,3423.3,93.6,1297.7,49.9,0
1359,car,4.5,road_loopA_f0,road_loopA_f1,3322.4,3424.0,101.6,1303.6,46.2,0
1351,car,4.5,xloopA_0Aa,xloopA_0Ab,3318.6,3425.2,106.6,84.3,2.8,1
1361,car,4.5,road_loopA_f0,road_loopA_f1,3323.9,3425.7,101.8,1303.2,46.1,0
1370,suv,4.8,road_loopA_f0,road_loopA_f1,3334.3,3425.7,91.4,1303.5,51.4,0
1368,car,4.5,road_loopA_f0,road_loopA_f1,3333.2,3425.8,92.6,1303.9,50.7,0
1373,car,4.5,road_loopA_r0,road_loopA_r1,3337.8,3426.8,89.0,1297.3,52.5,0
1346,truck,8.5,road_loopA_r0,road_loopA_r1,3313.6,3427.0,113.4,1297.4,41.2,0
1364,car,4.5,xloopA_0Aa,xloopA_0Ab,3327.3,3427.3,100.0,84.4,3.0,1
1371,car,4.5,xloopA_0Aa,xloopA_0Ab,3335.8,3429.5,93.7,84.5,3.2,1
1401,car,4.5,xloopA_0Ba,xloopA_0Bb,3363.9,3429.5,65.6,84.1,4.6,1
1374,car,4.5,road_loopA_f0,road_loopA_f1,3340.6,3430.0,89.4,1303.1,52.5,0
1417,car,4.5,xloopA_0Ba,xloopA_0Bb,3378.6,3431.7,53.1,84.0,5.7,0
1389,car,4.5,xloopA_0Aa,xloopA_0Ab,3355.3,3432.9,77.6,84.0,3.9,0
1420,car,4.5,xloopA_0Ba,xloopA_0Bb,3385.0,3433.6,48.6,84.7,6.3,0
1377,car,4.5,road_loopA_f0,road_loopA_f1,3345.1,3434.5,89.4,1303.1,52.5,0
1393,car,4.5,xloopA_0Aa,xloopA_0Ab,3356.4,3435.0,78.6,84.6,3.9,0
1464,car,4.5,xloopA_0Aa,xloopA_0Ab,3424.9,3436.9,12.0,84.2,25.2,0
1384,car,4.5,road_loopA_f0,road_loopA_f1,3350.7,3440.1,89.4,1303.1,52.5,0
1387,car,4.5,road_loopA_f0,road_loopA_f1,3354.5,3443.8,89.3,1303.1,52.5,0
1390,car,4.5,road_loopA_f0,road_loopA_f1,3355.5,3447.3,91.8,1303.9,51.1,0
1385,car,4.5,road_loopA_f0,road_loopA_f1,3351.7,3448.5,96.8,1304.1,48.5,0
1398,suv,4.8,road_loopA_f0,road_loopA_f1,3359.9,3450.4,90.5,1303.6,51.9,0
1380,suv,4.8,road_loopA_f0,road_loopA_f1,3347.3,3455.7,108.4,1303.6,43.3,0
1381,car,4.5,road_loopA_r0,road_loopA_r1,3347.4,3471.2,123.8,1298.1,37.8,1
1352,bus,11.0,road_loopA_f0,road_loopA_f1,3318.6,3472.1,153.5,1303.1,30.6,2
1386,car,4.5,road_loopA_r0,road_loopA_r1,3352.5,3474.2,121.7,1298.2,38.4,1
1362,car,4.5,road_loopA_r0,road_loopA_r1,3324.6,3476.4,151.8,1298.2,30.8,1
1396,car,4.5,road_loopA_r0,road_loopA_r1,3359.2,3476.9,117.7,1298.0,39.7,1
1383,car,4.5,road_loopA_r0,road_loopA_r1,3350.5,3477.1,126.6,1297.5,36.9,1
1395,car,4.5,road_loopA_r0,road_loopA_r1,3358.2,3479.4,121.2,1298.3,38.6,1
1394,car,4.5,road_loopA_r0,road_loopA_r1,3358.0,3480.0,122.0,1297.9,38.3,1
1388,car,4.5,road_loopA_r0,road_loopA_r1,3354.5,3481.2,126.7,1298.4,36.9,1
1400,truck,8.5,road_loopA_r0,road_loopA_r1,3362.0,3482.3,120.3,1298.4,38.9,1
1391,car,4.5,xloopA_0Ba,road_loopA_r1,3355.7,3483.0,127.3,476.6,13.5,1
1397,car,4.5,road_loopA_r0,road_loopA_r1,3359.7,3483.3,123.6,1298.5,37.8,1
1372,car,4.5,road_loopA_r0,road_loopA_r1,3336.3,3484.7,148.4,1297.8,31.5,1
1405,car,4.5,road_loopA_r0,road_loopA_r1,3368.7,3485.0,116.3,1297.7,40.2,1
1409,car,4.5,road_loopA_r0,road_loopA_r1,3370.8,3485.2,114.4,1298.6,40.9,0
1375,suv,4.8,road_loopA_r0,road_loopA_r1,3344.3,3486.4,142.1,1298.3,32.9,1
1434,car,4.5,road_loopA_r0,xloopA_0Ab,3394.0,3487.6,93.6,869.2,33.4,1
1410,car,4.5,road_loopA_r0,road_loopA_r1,3371.6,3487.7,116.1,1297.5,40.2,1
1406,car,4.5,road_loopA_r0,road_loopA_r1,3369.1,3488.1,119.0,1298.1,39.3,1
1378,car,4.5,road_loopA_r0,road_loopA_r1,3346.3,3488.2,141.9,1297.5,32.9,1
1421,suv,4.8,road_loopA_r0,road_loopA_r1,3385.7,3489.8,104.1,1297.3,44.9,0
1413,car,4.5,road_loopA_r0,road_loopA_r1,3375.4,3489.9,114.5,1298.1,40.8,0
1411,truck,8.5,road_loopA_r0,road_loopA_r1,3373.1,3492.2,119.1,1298.5,39.2,0
1412,suv,4.8,road_loopA_r0,road_loopA_r1,3375.3,3492.6,117.3,1298.0,39.8,1
1425,car,4.5,road_loopA_r0,road_loopA_r1,3391.8,3494.1,102.3,1297.5,45.6,0
1348,bus,11.0,road_loopA_r0,road_loopA_r1,3315.4,3494.8,179.4,1297.5,26.0,2
1427,car,4.5,road_loopA_r0,road_loopA_r1,3392.2,3495.8,103.6,1298.0,45.1,0
1444,car,4.5,road_loopA_r0,xloopA_0Ab,3411.0,3496.7,85.7,869.0,36.5,0
1415,truck,8.5,road_loopA_r0,road_loopA_r1,3377.2,3497.5,120.3,1297.9,38.8,0
1423,suv,4.8,road_loopA_r0,road_loopA_r1,3391.4,3498.0,106.6,1297.7,43.8,0
1403,car,4.5,road_loopA_f0,road_loopA_f1,3367.6,3498.4,130.8,1303.0,35.9,1
1436,suv,4.8,road_loopA_r0,road_loopA_r1,3396.8,3498.9,102.1,1298.3,45.8,0
1432,car,4.5,road_loopA_r0,road_loopA_r1,3393.5,3499.5,106.0,1298.2,44.1,0
1426,car,4.5,road_loopA_r0,road_loopA_r1,3392.0,3499.8,107.8,1297.9,43.4,0
1407,suv,4.8,road_loopA_f0,road_loopA_f1,3370.0,3501.1,131.1,1302.8,35.8,1
1428,car,4.5,road_loopA_r0,road_loopA_r1,3392.8,3501.5,108.7,1297.7,43.0,0
1507,suv,4.8,road_loopA_f0,xloopA_0Bb,3461.7,3501.8,40.1,479.0,43.0,0
1439,car,4.5,road_loopA_r0,road_loopA_r1,3404.3,3502.7,98.4,1297.4,47.5,0
1399,suv,4.8,road_loopA_f0,road_loopA_f1,3361.8,3503.1,141.3,1303.4,33.2,1
1404,car,4.5,road_loopA_f0,road_loopA_f1,3367.9,3503.2,135.3,1303.2,34.7,1
1440,suv,4.8,road_loopA_r0,road_loopA_r1,3407.0,3503.3,96.3,1298.4,48.6,0
1402,car,4.5,road_loopA_f0,road_loopA_f1,3365.2,3505.0,139.8,1303.9,33.6,1
1408,car,4.5,road_loopA_f0,road_loopA_f1,3370.1,3506.7,136.6,1303.9,34.4,1
1418,car,4.5,road_loopA_f0,road_loopA_f1,3382.5,3509.8,127.3,1303.0,36.8,1
1433,suv,4.8,road_loopA_f0,road_loopA_f1,3393.7,3511.0,117.3,1302.9,40.0,1
1422,car,4.5,road_loopA_f0,road_loopA_f1,3389.7,3511.6,121.9,1303.4,38.5,1
1443,car,4.5,road_loopA_r0,road_loopA_r1,3410.8,3512.2,101.4,1298.2,46.1,0
1445,car,4.5,road_loopA_r0,road_loopA_r1,3412.5,3512.3,99.8,1298.0,46.8,0
1376,bus,11.0,road_loopA_r0,road_loopA_r1,3344.9,3512.4,167.5,1297.6,27.9,2
1446,car,4.5,road_loopA_f0,road_loopA_f1,3412.9,3512.6,99.7,1303.0,47.0,0
1414,car,4.5,road_loopA_f0,road_loopA_f1,3376.7,3513.0,136.3,1303.6,34.4,1
1457,car,4.5,road_loopA_r0,xloopA_0Ab,3420.2,3513.6,93.4,869.1,33.5,1
1448,car,4.5,road_loopA_r0,road_loopA_r1,3415.5,3513.9,98.4,1297.6,47.5,0
1449,car,4.5,road_loopA_f0,road_loopA_f1,3416.3,3515.5,99.2,1303.6,47.3,0
1458,car,4.5,road_loopA_f0,road_loopA_f1,3420.4,3517.3,96.9,1303.9,48.4,0
1430,suv,4.8,road_loopA_f0,road_loopA_f1,3393.3,3517.4,124.1,1303.2,37.8,1
1441,car,4.5,road_loopA_f0,road_loopA_f1,3409.2,3518.1,108.9,1303.6,43.1,0
1452,car,4.5,road_loopA_r0,road_loopA_r1,3417.8,3518.4,100.6,1297.8,46.5,0
1465,car,4.5,road_loopA_f0,road_loopA_f1,3425.2,3519.2,94.0,1304.0,49.9,0
1467,car,4.5,road_loopA_r0,road_loopA_r1,3426.8,3519.7,92.9,1298.1,50.3,0
1438,car,4.5,road_loopA_f0,road_loopA_f1,3400.0,3519.8,119.8,1304.2,39.2,1
1435,suv,4.8,road_loopA_f0,road_loopA_f1,3394.4,3521.6,127.2,1303.2,36.9,1
1468,car,4.5,road_loopA_f0,road_loopA_f1,3428.0,3521.9,93.9,1303.1,49.9,0
1459,suv,4.8,road_loopA_r0,road_loopA_r1,3420.7,3522.4,101.7,1297.6,46.0,0
1456,suv,4.8,road_loopA_r0,road_loopA_r1,3420.2,3522.6,102.4,1297.9,45.6,0
1451,car,4.5,road_loopA_r0,road_loopA_r1,3417.7,3522.9,105.2,1298.4,44.4,0
1473,car,4.5,road_loopA_f0,road_loopA_f1,3431.2,3523.8,92.6,1303.6,50.7,0
1144,suv,4.8,road_loopA_r0,xloopA_0Bb,3125.7,3524.4,398.7,895.8,8.1,3
1476,car,4.5,road_loopA_r0,road_loopA_r1,3433.7,3524.4,90.7,1298.1,51.5,0
1455,car,4.5,road_loopA_r0,road_loopA_r1,3419.0,3524.6,105.6,1298.3,44.3,0
1472,car,4.5,road_loopA_r0,road_loopA_r1,3430.3,3524.7,94.4,1297.9,49.5,0
1369,car,4.5,xloopA_0Ba,road_loopA_f1,3333.6,3524.8,191.2,903.0,17.0,1
1431,suv,4.8,road_loopA_f0,road_loopA_f1,3393.5,3524.8,131.3,1303.9,35.7,1
1475,car,4.5,road_loopA_f0,xloopA_0Ab,3432.6,3524.9,92.3,505.1,19.7,1
1474,suv,4.8,road_loopA_f0,road_loopA_f1,3432.2,3525.6,93.4,1303.2,50.2,0
1461,car,4.5,road_loopA_r0,road_loopA_r1,3422.4,3526.3,103.9,1298.5,45.0,0
1416,suv,4.8,road_loopA_f0,road_loopA_f1,3378.2,3526.5,148.3,1304.0,31.7,1
1245,car,4.5,road_loopA_r0,xloopA_0Bb,3228.9,3527.0,298.1,895.6,10.8,2
1506,suv,4.8,road_loopA_f0,xloopA_0Ab,3460.9,3527.5,66.6,504.9,27.3,1
1463,suv,4.8,road_loopA_r0,road_loopA_r1,3423.4,3528.1,104.7,1298.3,44.6,0
1462,car,4.5,road_loopA_f0,road_loopA_f1,3423.0,3528.2,105.2,1303.1,44.6,0
1453,suv,4.8,road_loopA_f0,road_loopA_f1,3418.4,3528.3,109.9,1303.8,42.7,0
1419,truck,8.5,road_loopA_f0,road_loopA_f1,3384.4,3528.7,144.3,1303.8,32.5,1
1250,car,4.5,road_loopA_r0,xloopA_0Bb,3234.4,3529.6,295.2,895.3,10.9,2
1454,car,4.5,road_loopA_f0,road_loopA_f1,3418.8,3530.0,111.2,1303.2,42.2,0
1479,car,4.5,road_loopA_f0,road_loopA_f1,3437.7,3530.0,92.3,1304.0,50.9,0
1513,suv,4.8,road_loopA_f0,xloopA_0Ab,3466.3,3530.3,64.0,505.6,28.4,1
1424,car,4.5,road_loopA_f0,road_loopA_f1,3391.7,3530.7,139.0,1303.9,33.8,1
1471,truck,8.5,road_loopA_r0,road_loopA_r1,3430.1,3531.6,101.5,1298.0,46.0,0
1450,car,4.5,road_loopA_f0,road_loopA_f1,3417.4,3531.8,114.4,1303.0,41.0,0
1254,suv,4.8,road_loopA_r0,xloopA_0Bb,3238.4,3532.4,294.0,896.0,11.0,2
1483,suv,4.8,road_loopA_f0,road_loopA_f1,3442.6,3532.5,89.9,1303.2,52.2,0
1481,truck,8.5,road_loopA_r0,road_loopA_r1,3438.5,3532.8,94.3,1297.5,49.5,0
1437,car,4.5,road_loopA_f0,road_loopA_f1,3398.3,3533.0,134.7,1303.2,34.8,1
1480,car,4.5,road_loopA_r0,road_loopA_r1,3437.9,3533.6,95.7,1298.2,48.8,0
1466,truck,8.5,road_loopA_f0,road_loopA_f1,3426.0,3533.9,107.9,1303.0,43.5,0
1487,car,4.5,road_loopA_r0,road_loopA_r1,3445.0,3534.6,89.6,1297.7,52.1,0
1442,car,4.5,road_loopA_f0,road_loopA_f1,3410.7,3534.7,124.0,1304.1,37.9,0
1488,suv,4.8,road_loopA_r0,road_loopA_r1,3445.6,3536.3,90.7,1297.4,51.5,0
1470,truck,8.5,road_loopA_f0,road_loopA_f1,3430.1,3536.7,106.6,1303.8,44.0,0
1469,truck,8.5,road_loopA_f0,road_loopA_f1,3428.5,3536.8,108.3,1302.9,43.3,0
1460,car,4.5,road_loopA_r0,road_loopA_r1,3422.2,3537.6,115.4,1297.3,40.5,0
1490,suv,4.8,road_loopA_r0,road_loopA_r1,3445.9,3538.9,93.0,1297.8,50.3,0
1525,car,4.5,xloopA_0Ba,xloopA_0Bb,3472.8,3540.1,67.3,84.5,4.5,1
1508,car,4.5,xloopA_0Aa,xloopA_0Ab,3463.2,3540.2,77.0,84.5,4.0,1
1570,car,4.5,xloopA_0Aa,xloopA_0Ab,3517.3,3542.2,24.9,84.3,12.2,1
1485,car,4.5,road_loopA_f0,road_loopA_f1,3444.7,3542.4,97.7,1303.7,48.0,0
1530,car,4.5,xloopA_0Ba,xloopA_0Bb,3482.7,3542.4,59.7,84.6,5.1,1
1491,car,4.5,road_loopA_f0,road_loopA_f1,3447.3,3544.2,96.9,1304.0,48.5,0
1566,car,4.5,xloopA_0Ba,xloopA_0Bb,3513.6,3544.5,30.9,84.8,9.9,0
1494,car,4.5,road_loopA_f0,road_loopA_f1,3450.2,3546.0,95.8,1303.6,49.0,0
1499,suv,4.8,road_loopA_f0,road_loopA_f1,3455.6,3548.0,92.4,1303.6,50.8,0
1484,car,4.5,road_loopA_f0,road_loopA_f1,3444.3,3548.3,104.0,1303.0,45.1,0
1478,car,4.5,road_loopA_f0,road_loopA_f1,3437.7,3548.8,111.1,1302.9,42.2,0
1493,car,4.5,road_loopA_r0,xloopA_0Ab,3449.4,3550.2,100.8,869.2,31.0,1
1503,suv,4.8,road_loopA_f0,road_loopA_f1,3458.7,3550.7,92.0,1303.5,51.0,0
1492,car,4.5,road_loopA_f0,road_loopA_f1,3447.7,3552.2,104.5,1303.2,44.9,0
1496,suv,4.8,road_loopA_f0,road_loopA_f1,3452.9,3554.0,101.1,1304.0,46.4,0
1511,suv,4.8,road_loopA_f0,road_loopA_f1,3464.7,3554.0,89.3,1303.1,52.5,0
1510,truck,8.5,road_loopA_f0,road_loopA_f1,3464.1,3556.3,92.2,1302.8,50.8,0
1498,suv,4.8,road_loopA_f0,road_loopA_f1,3454.8,3557.4,102.6,1303.3,45.7,0
1518,suv,4.8,road_loopA_f0,road_loopA_f1,3468.2,3558.2,90.0,1303.0,52.1,0
1512,car,4.5,road_loopA_f0,road_loopA_f1,3464.8,3558.3,93.5,1302.8,50.1,0
1489,car,4.5,road_loopA_r0,xloopA_0Ab,3445.7,3558.9,113.2,869.1,27.6,3
1545,car,4.5,road_loopA_f0,xloopA_0Bb,3499.4,3559.1,59.7,478.8,28.9,2
1521,car,4.5,road_loopA_f0,road_loopA_f1,3470.8,3561.0,90.2,1303.7,52.0,0
1500,car,4.5,road_loopA_f0,road_loopA_f1,3457.5,3562.7,105.2,1303.6,44.6,0
1571,car,4.5,road_loopA_f0,xloopA_0Bb,3517.4,3563.1,45.7,478.9,37.7,0
1524,car,4.5,road_loopA_f0,road_loopA_f1,3472.6,3563.7,91.1,1303.6,51.5,0
1526,suv,4.8,road_loopA_f0,road_loopA_f1,3473.7,3566.2,92.5,1303.7,50.7,0
1515,car,4.5,road_loopA_f0,road_loopA_f1,3467.5,3573.7,106.2,1303.7,44.2,0
1497,car,4.5,road_loopA_r0,road_loopA_r1,3454.1,3577.2,123.1,1298.1,38.0,1
1549,car,4.5,road_loopA_r0,xloopA_0Ab,3501.5,3585.0,83.5,869.0,37.5,1
1523,suv,4.8,road_loopA_r0,road_loopA_r1,3472.6,3586.2,113.6,1298.3,41.1,0
1502,truck,8.5,road_loopA_r0,road_loopA_r1,3458.1,3587.6,129.5,1297.3,36.1,1
1509,suv,4.8,road_loopA_r0,road_loopA_r1,3463.6,3588.8,125.2,1297.4,37.3,1
1528,car,4.5,road_loopA_r0,road_loopA_r1,3478.6,3589.0,110.4,1297.8,42.3,0
1535,car,4.5,road_loopA_r0,road_loopA_r1,3487.6,3590.0,102.4,1298.1,45.6,0
1540,car,4.5,road_loopA_r0,road_loopA_r1,3492.4,3592.1,99.7,1297.2,46.8,0
1533,car,4.5,road_loopA_r0,road_loopA_r1,3485.9,3594.8,108.9,1298.2,42.9,0
1517,car,4.5,road_loopA_r0,road_loopA_r1,3467.8,3595.9,128.1,1297.9,36.5,1
1546,car,4.5,road_loopA_r0,road_loopA_r1,3499.4,3596.5,97.1,1297.8,48.1,0
1585,car,4.5,xloopA_0Aa,road_loopA_r1,3529.3,3596.7,67.4,506.7,27.1,0
1553,suv,4.8,road_loopA_r0,road_loopA_r1,3506.0,3598.3,92.3,1298.4,50.6,0
1537,suv,4.8,road_loopA_r0,road_loopA_r1,3489.0,3598.5,109.5,1297.7,42.7,0
1539,car,4.5,road_loopA_r0,road_loopA_r1,3492.4,3599.6,107.2,1297.8,43.6,0
1556,car,4.5,road_loopA_r0,road_loopA_r1,3506.9,3600.2,93.3,1298.0,50.1,0
1555,car,4.5,road_loopA_r0,road_loopA_r1,3506.5,3601.0,94.5,1297.8,49.5,0
1564,car,4.5,road_loopA_r0,road_loopA_r1,3512.0,3602.5,90.5,1298.3,51.7,0
1547,car,4.5,road_loopA_r0,road_loopA_r1,3499.9,3604.4,104.5,1298.3,44.7,0
1565,truck,8.5,road_loopA_r0,road_loopA_r1,3512.5,3605.0,92.5,1297.6,50.5,0
1529,car,4.5,road_loopA_f0,road_loopA_f1,3479.0,3605.2,126.2,1303.6,37.2,1
1568,car,4.5,road_loopA_r0,road_loopA_r1,3516.2,3606.8,90.6,1298.5,51.6,0
1536,car,4.5,road_loopA_f0,road_loopA_f1,3488.6,3608.2,119.6,1303.5,39.2,1
1477,car,4.5,xloopA_0Aa,road_loopA_r1,3434.2,3608.9,174.7,506.9,10.4,1
1504,car,4.5,road_loopA_r0,road_loopA_r1,3458.7,3609.8,151.1,1298.3,30.9,1
1544,car,4.5,road_loopA_f0,road_loopA_f1,3498.9,3610.0,111.1,1303.9,42.2,1
1501,car,4.5,road_loopA_r0,road_loopA_r1,3457.6,3610.6,153.0,1297.7,30.5,1
1516,car,4.5,road_loopA_r0,road_loopA_r1,3467.6,3610.7,143.1,1298.1,32.6,1
1557,car,4.5,road_loopA_f0,road_loopA_f1,3507.5,3611.9,104.4,1303.3,44.9,1
1531,car,4.5,road_loopA_f0,road_loopA_f1,3484.1,3612.1,128.0,1302.9,36.6,1
1519,truck,8.5,road_loopA_r0,road_loopA_r1,3468.2,3612.3,144.1,1297.9,32.4,1
1522,car,4.5,road_loopA_r0,road_loopA_r1,3472.3,3612.5,140.2,1298.2,33.3,1
1520,truck,8.5,road_loopA_r0,road_loopA_r1,3469.2,3612.9,143.7,1298.1,32.5,1
1551,car,4.5,road_loopA_f0,road_loopA_f1,3503.7,3613.4,109.7,1303.1,42.7,1
1642,suv,4.8,road_loopA_f0,xloopA_0Bb,3573.4,3613.8,40.4,479.0,42.7,0
1572,suv,4.8,road_loopA_r0,road_loopA_r1,3519.0,3613.9,94.9,1297.3,49.2,0
1563,car,4.5,road_loopA_f0,road_loopA_f1,3511.3,3614.9,103.6,1303.1,45.3,0
1554,truck,8.5,road_loopA_r0,road_loopA_r1,3506.3,3615.0,108.7,1298.6,43.0,0
1576,car,4.5,road_loopA_r0,road_loopA_r1,3525.8,3615.8,90.0,1298.0,51.9,0
1550,car,4.5,road_loopA_r0,road_loopA_r1,3502.7,3616.2,113.5,1298.3,41.2,0
1542,suv,4.8,road_loopA_f0,road_loopA_f1,3496.0,3616.5,120.5,1303.5,39.0,1
1573,suv,4.8,road_loopA_r0,road_loopA_r1,3522.3,3617.0,94.7,1298.1,49.3,0
1558,suv,4.8,road_loopA_f0,road_loopA_f1,3509.0,3617.6,108.6,1303.9,43.2,0
1574,car,4.5,road_loopA_r0,road_loopA_r1,3524.5,3618.2,93.7,1298.4,49.9,0
1579,suv,4.8,road_loopA_r0,road_loopA_r1,3526.6,3618.2,91.6,1298.6,51.1,0
1559,suv,4.8,road_loopA_f0,road_loopA_f1,3509.0,3618.4,109.4,1303.9,42.9,1
1569,car,4.5,road_loopA_f0,road_loopA_f1,3516.4,3618.7,102.3,1303.5,45.9,0
1583,suv,4.8,road_loopA_r0,road_loopA_r1,3528.9,3619.6,90.7,1298.3,51.5,0
1577,car,4.5,road_loopA_r0,road_loopA_r1,3525.8,3619.7,93.9,1297.4,49.8,0
1552,suv,4.8,road_loopA_f0,road_loopA_f1,3504.0,3620.2,116.2,1303.4,40.4,1
1582,car,4.5,road_loopA_r0,road_loopA_r1,3528.9,3620.8,91.9,1298.1,50.8,0
1589,car,4.5,road_loopA_r0,road_loopA_r1,3532.4,3622.2,89.8,1297.6,52.0,0
1586,car,4.5,road_loopA_f0,road_loopA_f1,3530.3,3623.2,92.9,1303.1,50.5,0
1591,suv,4.8,road_loopA_r0,road_loopA_r1,3536.0,3624.9,88.9,1297.3,52.5,0
1538,car,4.5,road_loopA_f0,road_loopA_f1,3490.3,3625.2,134.9,1303.6,34.8,1
1581,car,4.5,road_loopA_f0,road_loopA_f1,3527.2,3627.7,100.5,1302.8,46.7,0
1595,suv,4.8,road_loopA_r0,road_loopA_r1,3539.5,3629.0,89.5,1297.8,52.2,0
1561,suv,4.8,road_loopA_f0,road_loopA_f1,3510.3,3629.3,119.0,1303.8,39.4,0
1590,car,4.5,road_loopA_f0,road_loopA_f1,3534.6,3629.4,94.8,1303.0,49.5,0
1273,car,4.5,road_loopA_r0,xloopA_0Bb,3250.4,3630.9,380.5,895.5,8.5,3
1562,car,4.5,road_loopA_f0,road_loopA_f1,3510.8,3631.3,120.5,1303.9,39.0,0
1541,suv,4.8,road_loopA_f0,xloopA_0Ab,3493.8,3631.5,137.7,505.2,13.2,1
1548,suv,4.8,road_loopA_f0,road_loopA_f1,3501.0,3631.8,130.8,1303.6,35.9,1
1279,car,4.5,road_loopA_r0,xloopA_0Bb,3254.5,3633.5,379.0,895.5,8.5,3
1592,truck,8.5,road_loopA_f0,road_loopA_f1,3537.0,3633.5,96.5,1302.8,48.6,0
1560,car,4.5,road_loopA_f0,road_loopA_f1,3509.1,3633.6,124.5,1303.7,37.7,0
1567,car,4.5,road_loopA_f0,xloopA_0Ab,3514.7,3634.1,119.4,504.9,15.2,1
1584,car,4.5,road_loopA_f0,road_loopA_f1,3529.1,3635.4,106.3,1303.5,44.1,0
1601,car,4.5,road_loopA_f0,road_loopA_f1,3543.9,3635.6,91.7,1302.9,51.2,0
1382,car,4.5,road_loopA_r0,xloopA_0Bb,3348.5,3636.2,287.7,895.8,11.2,2
1606,suv,4.8,road_loopA_f0,xloopA_0Ab,3549.1,3636.8,87.7,504.9,20.7,1
1598,car,4.5,road_loopA_f0,road_loopA_f1,3542.2,3637.2,95.0,1303.9,49.4,0
1534,bus,11.0,road_loopA_r0,road_loopA_r1,3487.4,3637.8,150.4,1298.0,31.1,1
1486,car,4.5,xloopA_0Ba,road_loopA_f1,3445.0,3638.8,193.8,902.3,16.8,1
1392,suv,4.8,road_loopA_r0,xloopA_0Bb,3356.0,3638.9,282.9,896.0,11.4,2
1596,car,4.5,road_loopA_f0,road_loopA_f1,3539.7,3639.0,99.3,1303.2,47.3,0
1608,car,4.5,road_loopA_f0,xloopA_0Ab,3552.0,3639.5,87.5,505.1,20.8,1
1527,car,4.5,road_loopA_f0,road_loopA_f1,3477.7,3640.5,162.8,1303.9,28.8,1
1607,car,4.5,road_loopA_r0,road_loopA_r1,3550.7,3641.3,90.6,1298.7,51.6,0
1605,car,4.5,road_loopA_f0,road_loopA_f1,3548.8,3641.4,92.6,1303.3,50.6,0
1429,suv,4.8,road_loopA_r0,xloopA_0Bb,3393.3,3641.6,248.3,895.9,13.0,2
1543,car,4.5,road_loopA_f0,road_loopA_f1,3496.4,3642.2,145.8,1303.5,32.2,1
1664,suv,4.8,road_loopA_f0,xloopA_0Ab,3590.3,3642.7,52.4,505.5,34.8,0
1532,bus,11.0,road_loopA_r0,road_loopA_r1,3485.2,3642.8,157.6,1297.9,29.7,1
1575,car,4.5,road_loopA_f0,road_loopA_f1,3525.5,3643.9,118.4,1303.2,39.6,0
1603,car,4.5,road_loopA_f0,road_loopA_f1,3545.8,3645.2,99.4,1304.0,47.2,0
1616,car,4.5,road_loopA_f0,road_loopA_f1,3556.0,3645.8,89.8,1303.0,52.3,0
1594,car,4.5,xloopA_0Ba,xloopA_0Bb,3538.3,3646.5,108.2,84.3,2.8,1
1617,suv,4.8,road_loopA_f0,road_loopA_f1,3556.0,3647.5,91.5,1303.1,51.3,0
1612,car,4.5,road_loopA_r0,road_loopA_r1,3554.8,3648.0,93.2,1298.0,50.2,0
1604,car,4.5,road_loopA_r0,road_loopA_r1,3548.3,3648.6,100.3,1297.9,46.6,0
1588,car,4.5,xloopA_0Aa,xloopA_0Ab,3532.5,3648.7,116.2,84.5,2.6,1
1609,suv,4.8,road_loopA_r0,road_loopA_r1,3552.1,3650.3,98.2,1297.4,47.6,0
1622,car,4.5,road_loopA_f0,road_loopA_f1,3560.0,3650.3,90.3,1303.2,52.0,0
1600,suv,4.8,road_loopA_r0,road_loopA_r1,3543.7,3650.4,106.7,1298.4,43.8,0
1597,car,4.5,xloopA_0Aa,xloopA_0Ab,3540.0,3650.8,110.8,84.4,2.7,1
1626,car,4.5,xloopA_0Ba,xloopA_0Bb,3561.7,3651.1,89.4,84.6,3.4,1
1614,car,4.5,road_loopA_f0,road_loopA_f1,3555.6,3652.6,97.0,1304.0,48.4,0
1599,car,4.5,xloopA_0Aa,xloopA_0Ab,3542.7,3653.0,110.3,84.5,2.8,0
1633,car,4.5,xloopA_0Ba,xloopA_0Bb,3564.5,3653.3,88.8,84.6,3.4,0
1621,car,4.5,xloopA_0Aa,xloopA_0Ab,3558.2,3655.1,96.9,84.7,3.1,0
1656,car,4.5,xloopA_0Ba,xloopA_0Bb,3585.9,3657.1,71.2,84.4,4.3,0
1657,car,4.5,xloopA_0Aa,xloopA_0Ab,3586.3,3658.4,72.1,84.4,4.2,0
1620,car,4.5,road_loopA_f0,road_loopA_f1,3557.8,3659.8,102.0,1304.0,46.0,0
1665,car,4.5,xloopA_0Aa,xloopA_0Ab,3590.6,3660.2,69.6,84.5,4.4,0
1628,car,4.5,road_loopA_f0,road_loopA_f1,3562.4,3661.6,99.2,1304.1,47.3,0
1627,truck,8.5,road_loopA_f0,road_loopA_f1,3562.0,3661.9,99.9,1303.2,47.0,0
1690,car,4.5,xloopA_0Ba,xloopA_0Bb,3606.9,3662.7,55.8,84.6,5.5,0
1711,car,4.5,xloopA_0Aa,xloopA_0Ab,3625.5,3662.7,37.2,84.1,8.1,0
1632,car,4.5,road_loopA_f0,road_loopA_f1,3564.3,3663.5,99.2,1304.1,47.3,0
1725,car,4.5,xloopA_0Ba,xloopA_0Bb,3638.3,3664.9,26.6,84.4,11.4,0
1618,car,4.5,road_loopA_f0,road_loopA_f1,3556.4,3666.2,109.8,1304.0,42.8,0
1647,car,4.5,road_loopA_f0,road_loopA_f1,3576.8,3666.6,89.8,1304.1,52.3,0
1602,car,4.5,road_loopA_f0,road_loopA_f1,3545.1,3667.6,122.5,1303.5,38.3,0
1644,car,4.5,road_loopA_r0,xloopA_0Ab,3574.9,3668.3,93.4,869.1,33.5,1
1649,suv,4.8,road_loopA_f0,road_loopA_f1,3579.3,3669.5,90.2,1303.2,52.0,0
1652,car,4.5,road_loopA_f0,road_loopA_f1,3581.6,3672.3,90.7,1303.7,51.7,0
1624,car,4.5,road_loopA_f0,road_loopA_f1,3560.7,3673.3,112.6,1303.0,41.7,0
1653,car,4.5,road_loopA_f0,road_loopA_f1,3582.0,3674.1,92.1,1303.2,50.9,0
1639,truck,8.5,road_loopA_f0,road_loopA_f1,3568.6,3674.2,105.6,1303.8,44.5,0
1634,truck,8.5,road_loopA_f0,road_loopA_f1,3564.5,3675.5,111.0,1303.3,42.3,0
1648,car,4.5,road_loopA_f0,road_loopA_f1,3578.0,3676.1,98.1,1303.8,47.8,0
1658,car,4.5,road_loopA_f0,xloopA_0Bb,3586.5,3677.1,90.6,478.7,19.0,1
1672,car,4.5,road_loopA_r0,xloopA_0Ab,3593.7,3678.2,84.5,869.3,37.0,1
1679,car,4.5,road_loopA_f0,xloopA_0Bb,3597.9,3680.7,82.8,478.7,20.8,1
1643,car,4.5,road_loopA_r0,xloopA_0Ab,3573.8,3681.8,108.0,869.0,29.0,2
1650,truck,8.5,road_loopA_f0,road_loopA_f1,3579.6,3682.0,102.4,1303.9,45.8,0
1640,car,4.5,road_loopA_f0,road_loopA_f1,3570.4,3684.3,113.9,1303.7,41.2,0
1709,car,4.5,road_loopA_f0,xloopA_0Bb,3625.0,3684.3,59.3,478.7,29.1,1
1715,car,4.5,road_loopA_f0,xloopA_0Bb,3629.9,3688.0,58.1,478.6,29.7,1
1619,bus,11.0,road_loopA_f0,road_loopA_f1,3557.7,3688.9,131.2,1303.8,35.8,1
1721,truck,8.5,road_loopA_f0,xloopA_0Bb,3635.5,3693.5,58.0,478.6,29.7,0
1611,car,4.5,xloopA_0Ba,road_loopA_r1,3554.1,3693.9,139.8,476.7,12.3,1
1710,car,4.5,road_loopA_r0,xloopA_0Ab,3625.3,3694.9,69.6,868.9,45.0,0
1734,car,4.5,road_loopA_f0,xloopA_0Bb,3648.0,3697.3,49.3,478.8,34.9,0
1615,car,4.5,road_loopA_r0,road_loopA_r1,3555.8,3698.6,142.8,1298.5,32.7,1
1636,bus,11.0,road_loopA_f0,road_loopA_f1,3566.2,3699.2,133.0,1302.9,35.3,1
1743,suv,4.8,road_loopA_f0,xloopA_0Bb,3652.7,3700.7,48.0,478.9,35.9,0
1610,truck,8.5,road_loopA_r0,road_loopA_r1,3553.6,3700.9,147.3,1298.3,31.7,1
1635,car,4.5,road_loopA_r0,road_loopA_r1,3565.9,3702.9,137.0,1298.1,34.1,1
1613,car,4.5,road_loopA_r0,road_loopA_r1,3555.1,3703.8,148.7,1298.4,31.4,1
1641,car,4.5,xloopA_0Aa,road_loopA_r1,3571.1,3705.9,134.8,507.2,13.5,0
1629,car,4.5,road_loopA_r0,road_loopA_r1,3563.6,3706.3,142.7,1298.3,32.7,1
1638,car,4.5,road_loopA_r0,road_loopA_r1,3567.0,3706.8,139.8,1298.7,33.4,1
1623,car,4.5,road_loopA_r0,road_loopA_r1,3560.5,3708.0,147.5,1297.4,31.7,1
1646,car,4.5,road_loopA_r0,road_loopA_r1,3575.9,3708.1,132.2,1297.4,35.3,1
1625,suv,4.8,road_loopA_r0,road_loopA_r1,3561.5,3709.9,148.4,1297.6,31.5,1
1655,car,4.5,road_loopA_r0,road_loopA_r1,3585.7,3709.9,124.2,1298.7,37.6,1
1767,car,4.5,road_loopA_f0,xloopA_0Bb,3669.9,3710.8,40.9,478.9,42.1,0
1630,car,4.5,road_loopA_r0,road_loopA_r1,3563.6,3711.0,147.4,1297.8,31.7,1
1637,truck,8.5,road_loopA_r0,road_loopA_r1,3566.9,3713.2,146.3,1298.6,32.0,1
1660,truck,8.5,road_loopA_r0,road_loopA_r1,3588.2,3714.5,126.3,1298.3,37.0,1
1676,car,4.5,road_loopA_r0,road_loopA_r1,3595.8,3716.5,120.7,1298.6,38.7,1
1681,car,4.5,road_loopA_r0,road_loopA_r1,3599.6,3716.5,116.9,1298.0,40.0,0
1683,truck,8.5,road_loopA_r0,road_loopA_r1,3600.5,3718.2,117.7,1298.1,39.7,1
1687,car,4.5,road_loopA_r0,road_loopA_r1,3604.4,3718.2,113.8,1298.3,41.1,1
1689,car,4.5,xloopA_0Ba,road_loopA_r1,3605.0,3718.5,113.5,476.6,15.1,0
1667,car,4.5,xloopA_0Aa,road_loopA_r1,3590.7,3720.5,129.8,506.8,14.1,0
1701,truck,8.5,road_loopA_r0,road_loopA_r1,3612.1,3720.6,108.5,1297.7,43.0,0
1631,car,4.5,road_loopA_r0,road_loopA_r1,3563.9,3722.2,158.3,1297.4,29.5,1
1712,suv,4.8,road_loopA_r0,road_loopA_r1,3628.6,3722.6,94.0,1298.4,49.7,0
1691,car,4.5,road_loopA_r0,road_loopA_r1,3607.5,3723.5,116.0,1298.4,40.3,0
1651,car,4.5,road_loopA_r0,road_loopA_r1,3580.2,3723.9,143.7,1297.7,32.5,1
1692,truck,8.5,road_loopA_r0,road_loopA_r1,3607.8,3725.2,117.4,1297.6,39.8,0
1659,car,4.5,road_loopA_r0,road_loopA_r1,3586.5,3725.6,139.1,1298.4,33.6,1
1662,car,4.5,road_loopA_f0,road_loopA_f1,3589.5,3725.6,136.1,1303.3,34.5,1
1671,car,4.5,road_loopA_f0,road_loopA_f1,3593.6,3727.3,133.7,1303.5,35.1,1
1699,suv,4.8,road_loopA_r0,road_loopA_r1,3611.2,3727.4,116.2,1298.0,40.2,0
1700,suv,4.8,road_loopA_r0,road_loopA_r1,3611.8,3729.1,117.3,1297.3,39.8,0
1704,suv,4.8,road_loopA_r0,road_loopA_r1,3614.3,3729.1,114.8,1297.8,40.7,0
1697,car,4.5,road_loopA_r0,road_loopA_r1,3609.7,3730.6,120.9,1298.0,38.6,0
1702,car,4.5,road_loopA_r0,road_loopA_r1,3612.6,3730.9,118.3,1297.7,39.5,0
1719,suv,4.8,road_loopA_r0,road_loopA_r1,3634.2,3731.5,97.3,1298.4,48.1,0
1654,car,4.5,road_loopA_f0,road_loopA_f1,3584.3,3732.0,147.7,1302.9,31.7,1
1714,car,4.5,road_loopA_r0,road_loopA_r1,3629.6,3732.4,102.8,1297.6,45.4,0
1705,car,4.5,road_loopA_r0,road_loopA_r1,3615.0,3732.7,117.7,1298.0,39.7,0
1673,truck,8.5,road_loopA_f0,road_loopA_f1,3593.8,3732.8,139.0,1303.4,33.7,1
1717,truck,8.5,road_loopA_r0,road_loopA_r1,3632.7,3733.7,101.0,1298.2,46.3,0
1729,car,4.5,road_loopA_r0,road_loopA_r1,3642.6,3734.1,91.5,1297.5,51.0,0
1674,car,4.5,road_loopA_f0,road_loopA_f1,3594.6,3734.8,140.2,1303.9,33.5,1
1730,car,4.5,road_loopA_r0,road_loopA_r1,3642.9,3736.1,93.2,1297.5,50.1,0
1668,car,4.5,road_loopA_f0,road_loopA_f1,3591.5,3738.8,147.3,1302.9,31.8,1
1686,car,4.5,road_loopA_f0,road_loopA_f1,3602.2,3738.9,136.7,1303.8,34.3,1
1684,car,4.5,road_loopA_f0,road_loopA_f1,3602.0,3739.9,137.9,1303.2,34.0,1
1680,car,4.5,road_loopA_f0,road_loopA_f1,3598.3,3740.5,142.2,1302.9,33.0,1
1694,car,4.5,road_loopA_f0,road_loopA_f1,3608.7,3741.6,132.9,1302.8,35.3,1
1713,suv,4.8,road_loopA_f0,road_loopA_f1,3629.2,3743.0,113.8,1303.2,41.2,1
1698,car,4.5,road_loopA_f0,road_loopA_f1,3609.8,3744.2,134.4,1303.5,34.9,1
1685,car,4.5,road_loopA_f0,road_loopA_f1,3602.1,3744.8,142.7,1303.5,32.9,1
1724,car,4.5,road_loopA_f0,road_loopA_f1,3637.5,3746.5,109.0,1303.3,43.1,0
1688,car,4.5,road_loopA_r0,road_loopA_r1,3604.5,3747.0,142.5,1298.0,32.8,0
1661,suv,4.8,road_loopA_f0,road_loopA_f1,3588.9,3748.5,159.6,1303.8,29.4,1
1482,car,4.5,road_loopA_r0,xloopA_0Bb,3441.7,3749.0,307.3,895.5,10.5,3
1727,car,4.5,road_loopA_f0,road_loopA_f1,3641.4,3749.6,108.2,1302.8,43.3,0
1677,car,4.5,road_loopA_f0,xloopA_0Ab,3596.7,3749.7,153.0,505.4,11.9,2
1754,car,4.5,road_loopA_r0,road_loopA_r1,3661.0,3750.0,89.0,1298.1,52.5,0
1728,car,4.5,road_loopA_f0,road_loopA_f1,3642.2,3751.5,109.3,1303.2,42.9,0
1505,car,4.5,road_loopA_r0,xloopA_0Bb,3459.0,3751.6,292.6,895.5,11.0,2
1716,car,4.5,road_loopA_f0,xloopA_0Ab,3631.4,3752.3,120.9,505.4,15.0,1
1693,car,4.5,road_loopA_f0,road_loopA_f1,3608.4,3754.3,145.9,1302.9,32.1,1
1797,suv,4.8,road_loopA_f0,xloopA_0Ab,3692.2,3755.0,62.8,505.5,29.0,0
1495,truck,8.5,road_loopA_r0,xloopA_0Bb,3452.7,3755.1,302.4,895.8,10.7,2
1726,truck,8.5,road_loopA_r0,road_loopA_r1,3640.9,3756.0,115.1,1298.1,40.6,0
1706,truck,8.5,road_loopA_f0,road_loopA_f1,3616.4,3756.4,140.0,1303.6,33.5,1
1761,car,4.5,road_loopA_r0,road_loopA_r1,3666.5,3756.5,90.0,1297.4,51.9,0
1744,car,4.5,road_loopA_f0,road_loopA_f1,3652.9,3757.0,104.1,1302.9,45.1,0
1514,car,4.5,road_loopA_r0,xloopA_0Bb,3466.2,3758.1,291.9,895.4,11.0,2
1720,car,4.5,road_loopA_f0,road_loopA_f1,3635.1,3758.3,123.2,1303.1,38.1,1
1762,car,4.5,road_loopA_r0,road_loopA_r1,3667.1,3759.4,92.3,1298.2,50.6,0
1587,car,4.5,xloopA_0Aa,road_loopA_f1,3532.2,3759.5,227.3,872.4,13.8,1
1746,car,4.5,road_loopA_r0,road_loopA_r1,3653.8,3760.4,106.6,1297.6,43.8,0
1708,car,4.5,road_loopA_f0,road_loopA_f1,3620.6,3761.7,141.1,1303.9,33.3,1
1759,car,4.5,road_loopA_r0,road_loopA_r1,3666.2,3762.2,96.0,1297.6,48.6,0
1718,car,4.5,road_loopA_f0,road_loopA_f1,3633.5,3762.8,129.3,1303.1,36.3,0
1703,car,4.5,road_loopA_f0,road_loopA_f1,3612.9,3763.1,150.2,1303.8,31.3,1
1737,suv,4.8,road_loopA_r0,road_loopA_r1,3649.5,3763.5,114.0,1297.6,41.0,0
1748,car,4.5,xloopA_0Aa,xloopA_0Ab,3658.4,3764.1,105.7,84.3,2.9,1
1750,car,4.5,xloopA_0Ba,xloopA_0Bb,3658.8,3764.4,105.6,84.1,2.9,1
1722,suv,4.8,road_loopA_f0,road_loopA_f1,3636.3,3764.6,128.3,1303.5,36.6,0
1707,suv,4.8,road_loopA_f0,road_loopA_f1,3616.8,3764.8,148.0,1303.4,31.7,1
1751,suv,4.8,road_loopA_r0,road_loopA_r1,3659.1,3765.2,106.1,1297.7,44.0,0
1755,car,4.5,road_loopA_r0,road_loopA_r1,3661.3,3766.1,104.8,1298.0,44.6,0
1731,car,4.5,road_loopA_f0,road_loopA_f1,3646.5,3766.6,120.1,1303.6,39.1,0
1732,suv,4.8,road_loopA_f0,road_loopA_f1,3647.4,3766.7,119.3,1303.4,39.3,0
1765,car,4.5,xloopA_0Aa,xloopA_0Ab,3668.2,3767.6,99.4,84.0,3.0,1
1764,truck,8.5,road_loopA_r0,road_loopA_r1,3668.0,3767.8,99.8,1298.2,46.8,0
1696,suv,4.8,road_loopA_f0,road_loopA_f1,3609.2,3768.0,158.8,1304.1,29.6,1
1733,car,4.5,road_loopA_f0,road_loopA_f1,3647.9,3768.4,120.5,1303.6,38.9,0
1793,car,4.5,xloopA_0Ba,xloopA_0Bb,3689.6,3768.5,78.9,84.4,3.9,1
1776,car,4.5,xloopA_0Aa,xloopA_0Ab,3675.9,3769.9,94.0,84.4,3.2,1
1742,car,4.5,road_loopA_f0,road_loopA_f1,3651.3,3770.2,118.9,1304.0,39.5,0
1752,car,4.5,road_loopA_f0,road_loopA_f1,3659.4,3770.3,110.9,1303.3,42.3,0
1663,truck,8.5,road_loopA_f0,road_loopA_f1,3589.7,3772.4,182.7,1302.8,25.7,1
1756,truck,8.5,road_loopA_f0,road_loopA_f1,3663.4,3772.5,109.1,1303.1,43.0,0
1804,car,4.5,xloopA_0Ba,xloopA_0Bb,3696.5,3773.0,76.5,84.5,4.0,0
1760,car,4.5,road_loopA_f0,road_loopA_f1,3666.3,3774.5,108.2,1303.1,43.4,0
1670,bus,11.0,road_loopA_r0,road_loopA_r1,3592.8,3774.7,181.9,1297.3,25.7,2
1669,truck,8.5,road_loopA_f0,road_loopA_f1,3591.5,3775.0,183.5,1302.9,25.6,1
1812,car,4.5,xloopA_0Ba,xloopA_0Bb,3703.5,3775.2,71.7,84.5,4.2,0
1849,car,4.5,xloopA_0Aa,xloopA_0Ab,3736.9,3775.2,38.3,84.3,7.9,0
1772,car,4.5,road_loopA_f0,road_loopA_f1,3674.3,3776.3,102.0,1303.8,46.0,0
1814,car,4.5,xloopA_0Ba,xloopA_0Bb,3704.8,3777.3,72.5,84.5,4.2,0
1773,car,4.5,road_loopA_f0,road_loopA_f1,3674.5,3778.0,103.5,1303.1,45.3,0
1818,car,4.5,xloopA_0Ba,xloopA_0Bb,3705.8,3779.0,73.2,84.1,4.1,0
1836,car,4.5,xloopA_0Ba,xloopA_0Bb,3723.9,3780.6,56.7,84.3,5.4,0
1736,car,4.5,road_loopA_f0,road_loopA_f1,3649.1,3782.4,133.3,1303.8,35.2,0
1770,car,4.5,road_loopA_f0,road_loopA_f1,3672.4,3782.4,110.0,1303.3,42.6,0
1842,car,4.5,xloopA_0Ba,xloopA_0Bb,3730.6,3782.9,52.3,84.4,5.8,0
1723,car,4.5,road_loopA_f0,road_loopA_f1,3636.5,3783.9,147.4,1302.8,31.8,0
1780,car,4.5,road_loopA_f0,road_loopA_f1,3681.9,3784.1,102.2,1303.5,45.9,0
1749,suv,4.8,road_loopA_f0,road_loopA_f1,3658.7,3784.8,126.1,1303.1,37.2,0
1738,car,4.5,road_loopA_f0,road_loopA_f1,3649.9,3785.6,135.7,1302.9,34.6,0
1766,car,4.5,road_loopA_r0,xloopA_0Ab,3669.8,3786.5,116.7,868.9,26.8,1
1781,suv,4.8,road_loopA_f0,road_loopA_f1,3681.9,3786.5,104.6,1303.0,44.9,0
1753,truck,8.5,road_loopA_f0,road_loopA_f1,3659.7,3787.9,128.2,1303.3,36.6,0
1798,suv,4.8,road_loopA_f0,road_loopA_f1,3692.4,3788.2,95.8,1303.2,49.0,0
1801,car,4.5,road_loopA_f0,road_loopA_f1,3694.7,3789.9,95.2,1302.8,49.3,0
1757,suv,4.8,road_loopA_f0,road_loopA_f1,3663.7,3790.6,126.9,1303.9,37.0,0
1805,car,4.5,road_loopA_f0,road_loopA_f1,3697.8,3791.7,93.9,1303.7,50.0,0
1778,truck,8.5,road_loopA_f0,road_loopA_f1,3678.5,3792.8,114.3,1303.7,41.1,0
1796,car,4.5,road_loopA_f0,road_loopA_f1,3690.8,3793.5,102.7,1303.8,45.7,0
1785,car,4.5,road_loopA_f0,road_loopA_f1,3684.6,3794.8,110.2,1303.5,42.6,0
1763,car,4.5,road_loopA_r0,xloopA_0Ab,3667.6,3795.5,127.9,869.2,24.5,3
1675,car,4.5,road_loopA_f0,road_loopA_f1,3595.4,3796.6,201.2,1303.3,23.3,1
1795,truck,8.5,road_loopA_f0,road_loopA_f1,3690.5,3797.0,106.5,1303.3,44.0,0
1799,car,4.5,road_loopA_f0,road_loopA_f1,3694.2,3799.1,104.9,1303.4,44.8,0
1666,car,4.5,xloopA_0Ba,road_loopA_f1,3590.5,3799.5,209.0,902.3,15.5,0
1789,suv,4.8,road_loopA_f0,road_loopA_f1,3687.4,3799.6,112.2,1304.2,41.8,0
1774,car,4.5,road_loopA_f0,road_loopA_f1,3675.1,3801.1,126.0,1303.6,37.2,0
1678,car,4.5,road_loopA_f0,road_loopA_f1,3597.4,3801.3,203.9,1303.4,23.0,1
1794,truck,8.5,road_loopA_f0,road_loopA_f1,3690.1,3801.5,111.4,1303.5,42.1,0
1876,car,4.5,road_loopA_f0,xloopA_0Bb,3761.4,3802.7,41.3,478.8,41.7,0
1682,car,4.5,road_loopA_f0,road_loopA_f1,3599.8,3803.0,203.2,1302.8,23.1,1
1779,truck,8.5,road_loopA_f0,road_loopA_f1,3681.0,3803.2,122.2,1303.1,38.4,0
1740,car,4.5,road_loopA_f0,road_loopA_f1,3650.2,3804.8,154.6,1303.8,30.4,0
1771,car,4.5,road_loopA_f0,road_loopA_f1,3672.7,3806.4,133.7,1303.0,35.1,0
1745,car,4.5,road_loopA_f0,road_loopA_f1,3653.0,3806.5,153.5,1303.8,30.6,0
1735,car,4.5,road_loopA_f0,road_loopA_f1,3648.6,3808.9,160.3,1303.3,29.3,0
1825,car,4.5,road_loopA_r0,xloopA_0Ab,3714.6,3809.1,94.5,869.0,33.1,1
1769,suv,4.8,road_loopA_f0,road_loopA_f1,3671.6,3809.4,137.8,1303.8,34.1,0
1889,suv,4.8,road_loopA_f0,xloopA_0Bb,3771.1,3815.4,44.3,479.1,39.0,0
1786,car,4.5,xloopA_0Ba,road_loopA_r1,3685.8,3816.2,130.4,476.2,13.1,1
1777,suv,4.8,road_loopA_r0,road_loopA_r1,3677.3,3817.0,139.7,1298.2,33.5,1
1807,car,4.5,xloopA_0Aa,road_loopA_r1,3698.7,3821.0,122.3,507.2,14.9,0
1758,truck,8.5,road_loopA_r0,road_loopA_r1,3664.6,3821.7,157.1,1297.6,29.7,1
1829,car,4.5,xloopA_0Aa,road_loopA_r1,3718.3,3822.4,104.1,506.6,17.5,0
1788,suv,4.8,road_loopA_r0,road_loopA_r1,3686.5,3823.7,137.2,1297.3,34.0,1
1783,suv,4.8,road_loopA_r0,road_loopA_r1,3682.6,3824.1,141.5,1298.1,33.0,1
1791,car,4.5,road_loopA_r0,road_loopA_r1,3689.2,3824.8,135.6,1297.8,34.5,1
1802,car,4.5,road_loopA_r0,road_loopA_r1,3695.9,3825.4,129.5,1297.5,36.1,1
1808,car,4.5,road_loopA_r0,road_loopA_r1,3698.9,3827.2,128.3,1298.7,36.4,1
1782,car,4.5,road_loopA_r0,road_loopA_r1,3682.3,3828.0,145.7,1298.4,32.1,1
1803,car,4.5,road_loopA_r0,road_loopA_r1,3696.2,3828.9,132.7,1298.3,35.2,1
1806,car,4.5,road_loopA_r0,road_loopA_r1,3697.9,3830.2,132.3,1297.5,35.3,1
1832,car,4.5,xloopA_0Aa,road_loopA_r1,3722.3,3831.2,108.9,506.5,16.7,0
1906,car,4.5,road_loopA_f0,xloopA_0Bb,3790.8,3831.2,40.4,478.8,42.7,0
1790,suv,4.8,road_loopA_r0,road_loopA_r1,3687.6,3831.9,144.3,1298.3,32.4,1
1809,suv,4.8,road_loopA_r0,road_loopA_r1,3699.5,3832.1,132.6,1297.9,35.3,1
1811,suv,4.8,road_loopA_r0,road_loopA_r1,3703.5,3833.8,130.3,1297.3,35.8,1
1815,car,4.5,road_loopA_r0,road_loopA_r1,3704.9,3834.4,129.5,1297.3,36.1,1
1813,suv,4.8,road_loopA_r0,road_loopA_r1,3704.5,3835.8,131.3,1298.3,35.6,1
1821,car,4.5,road_loopA_r0,road_loopA_r1,3708.8,3836.4,127.6,1298.5,36.6,1
1873,car,4.5,xloopA_0Aa,road_loopA_r1,3757.4,3837.4,80.0,506.5,22.8,0
1816,car,4.5,road_loopA_r0,road_loopA_r1,3705.1,3837.6,132.5,1297.4,35.2,1
1826,car,4.5,road_loopA_r0,road_loopA_r1,3714.6,3837.8,123.2,1298.1,37.9,1
1768,bus,11.0,road_loopA_f0,road_loopA_f1,3671.5,3838.4,166.9,1303.1,28.1,2
1784,suv,4.8,road_loopA_r0,road_loopA_r1,3682.7,3839.1,156.4,1297.6,29.9,1
1820,car,4.5,road_loopA_r0,road_loopA_r1,3707.5,3839.4,131.9,1298.1,35.4,1
1822,car,4.5,road_loopA_f0,road_loopA_f1,3710.9,3840.0,129.1,1303.4,36.4,1
1792,car,4.5,road_loopA_r0,road_loopA_r1,3689.5,3840.8,151.3,1297.7,30.9,1
1824,car,4.5,road_loopA_r0,road_loopA_r1,3712.7,3841.2,128.5,1297.8,36.4,1
1819,car,4.5,road_loopA_r0,road_loopA_r1,3707.0,3841.3,134.3,1297.7,34.8,1
1800,car,4.5,road_loopA_r0,road_loopA_r1,3694.6,3842.6,148.0,1297.6,31.6,1
1835,car,4.5,road_loopA_r0,road_loopA_r1,3723.4,3842.6,119.2,1298.0,39.2,0
1833,car,4.5,road_loopA_r0,road_loopA_r1,3722.2,3843.0,120.8,1298.2,38.7,11
1837,car,4.5,road_loopA_r0,road_loopA_r1,3723.8,3844.8,121.0,1298.1,38.6,0
1823,car,4.5,road_loopA_r0,road_loopA_r1,3711.1,3845.4,134.3,1297.4,34.8,1
1857,car,4.5,road_loopA_r0,road_loopA_r1,3741.9,3845.5,103.6,1298.2,45.1,0
1827,car,4.5,road_loopA_r0,road_loopA_r1,3715.5,3847.0,131.5,1297.9,35.5,1
1871,suv,4.8,road_loopA_r0,xloopA_0Ab,3756.8,3847.0,90.2,869.4,34.7,1
1852,suv,4.8,road_loopA_r0,road_loopA_r1,3739.4,3847.2,107.8,1298.1,43.4,0
1848,suv,4.8,road_loopA_r0,road_loopA_r1,3736.2,3848.8,112.6,1298.1,41.5,0
1863,car,4.5,road_loopA_r0,road_loopA_r1,3750.3,3849.8,99.5,1298.1,47.0,0
1844,suv,4.8,road_loopA_r0,road_loopA_r1,3731.8,3851.1,119.3,1297.8,39.2,0
1856,truck,8.5,road_loopA_r0,road_loopA_r1,3741.1,3851.2,110.1,1298.1,42.4,0
1817,suv,4.8,road_loopA_f0,road_loopA_f1,3705.1,3851.5,146.4,1303.0,32.0,1
1831,suv,4.8,road_loopA_f0,road_loopA_f1,3722.0,3853.6,131.6,1304.0,35.7,1
1868,suv,4.8,road_loopA_r0,road_loopA_r1,3755.7,3853.8,98.1,1298.6,47.7,0
1858,truck,8.5,road_loopA_r0,road_loopA_r1,3742.5,3853.9,111.4,1297.9,41.9,0
1866,car,4.5,road_loopA_r0,road_loopA_r1,3753.4,3855.9,102.5,1298.2,45.6,0
1828,car,4.5,road_loopA_f0,road_loopA_f1,3715.8,3856.6,140.8,1303.9,33.3,1
1838,car,4.5,road_loopA_r0,road_loopA_r1,3725.6,3857.0,131.4,1298.1,35.6,0
1883,car,4.5,road_loopA_r0,road_loopA_r1,3767.5,3857.0,89.5,1297.4,52.2,0
1874,car,4.5,road_loopA_r0,road_loopA_r1,3759.4,3857.7,98.3,1297.5,47.5,0
1845,car,4.5,road_loopA_f0,road_loopA_f1,3732.1,3858.4,126.3,1303.2,37.1,1
1855,car,4.5,road_loopA_f0,road_loopA_f1,3741.1,3858.9,117.8,1303.4,39.8,1
1853,truck,8.5,road_loopA_r0,road_loopA_r1,3740.2,3859.1,118.9,1297.7,39.3,0
1879,car,4.5,road_loopA_r0,road_loopA_r1,3763.3,3859.2,95.9,1297.7,48.7,0
1846,car,4.5,road_loopA_f0,road_loopA_f1,3732.3,3861.2,128.9,1303.2,36.4,1
1878,suv,4.8,road_loopA_r0,road_loopA_r1,3763.2,3862.0,98.8,1297.5,47.3,0
1847,suv,4.8,road_loopA_f0,road_loopA_f1,3736.1,3864.0,127.9,1304.1,36.7,1
1854,suv,4.8,road_loopA_f0,road_loopA_f1,3740.8,3866.2,125.4,1303.6,37.4,1
1578,suv,4.8,road_loopA_r0,xloopA_0Bb,3526.5,3867.1,340.6,895.2,9.5,3
1909,car,4.5,road_loopA_f0,xloopA_0Ab,3795.0,3867.7,72.7,505.1,25.0,1
1810,suv,4.8,road_loopA_f0,road_loopA_f1,3701.1,3868.0,166.9,1303.0,28.1,1
1882,car,4.5,road_loopA_f0,road_loopA_f1,3765.9,3868.5,102.6,1303.2,45.7,0
1861,car,4.5,road_loopA_f0,road_loopA_f1,3747.0,3869.7,122.7,1303.6,38.2,1
1580,suv,4.8,road_loopA_r0,xloopA_0Bb,3526.7,3869.8,343.1,895.8,9.4,3
1860,suv,4.8,road_loopA_f0,road_loopA_f1,3746.7,3870.2,123.5,1303.2,38.0,0
1888,truck,8.5,road_loopA_r0,road_loopA_r1,3770.2,3870.2,100.0,1297.5,46.7,0
1877,suv,4.8,road_loopA_r0,road_loopA_r1,3763.2,3870.6,107.4,1297.7,43.5,0
1870,car,4.5,road_loopA_f0,road_loopA_f1,3756.5,3871.4,114.9,1303.8,40.8,0
1894,car,4.5,road_loopA_r0,road_loopA_r1,3776.9,3872.2,95.3,1298.6,49.0,0
1593,suv,4.8,road_loopA_r0,xloopA_0Bb,3538.0,3872.5,334.5,895.7,9.6,3
1862,suv,4.8,road_loopA_f0,road_loopA_f1,3747.4,3873.1,125.7,1302.9,37.3,0
1885,suv,4.8,road_loopA_f0,road_loopA_f1,3768.4,3873.1,104.7,1303.2,44.8,0
1887,suv,4.8,road_loopA_r0,road_loopA_r1,3770.0,3873.7,103.7,1297.2,45.0,0
1869,car,4.5,xloopA_0Aa,road_loopA_f1,3756.1,3874.6,118.5,872.4,26.5,0
1893,car,4.5,road_loopA_f0,road_loopA_f1,3775.8,3874.9,99.1,1303.9,47.4,0
1645,suv,4.8,road_loopA_r0,xloopA_0Bb,3575.5,3875.2,299.7,895.7,10.8,2
1899,car,4.5,road_loopA_r0,road_loopA_r1,3787.0,3876.2,89.2,1297.7,52.4,0
1864,car,4.5,road_loopA_f0,road_loopA_f1,3750.9,3876.3,125.4,1303.5,37.4,0
1841,truck,8.5,road_loopA_f0,road_loopA_f1,3728.7,3876.7,148.0,1302.8,31.7,1
1895,car,4.5,road_loopA_r0,road_loopA_r1,3780.2,3876.7,96.5,1298.5,48.5,0
1865,car,4.5,road_loopA_f0,road_loopA_f1,3751.0,3877.8,126.8,1303.6,37.0,0
1695,car,4.5,road_loopA_r0,xloopA_0Bb,3608.8,3877.9,269.1,895.6,12.0,2
1886,car,4.5,road_loopA_f0,road_loopA_f1,3769.4,3878.3,108.9,1303.2,43.1,0
1851,suv,4.8,road_loopA_f0,road_loopA_f1,3739.1,3880.4,141.3,1303.8,33.2,1
1872,truck,8.5,road_loopA_f0,road_loopA_f1,3757.0,3880.4,123.4,1302.9,38.0,0
1867,car,4.5,road_loopA_r0,road_loopA_r1,3755.7,3881.1,125.4,1297.3,37.2,0
1880,car,4.5,road_loopA_f0,road_loopA_f1,3765.1,3882.4,117.3,1304.1,40.0,0
1859,car,4.5,xloopA_0Ba,xloopA_0Bb,3745.5,3882.7,137.2,84.4,2.2,1
1839,car,4.5,xloopA_0Ba,road_loopA_f1,3725.9,3883.2,157.3,902.9,20.7,0
1900,car,4.5,road_loopA_r0,road_loopA_r1,3787.0,3883.7,96.7,1298.5,48.3,0
1890,car,4.5,xloopA_0Aa,xloopA_0Ab,3772.3,3884.1,111.8,84.3,2.7,1
1881,car,4.5,road_loopA_f0,road_loopA_f1,3765.5,3884.3,118.8,1303.3,39.5,0
1892,truck,8.5,road_loopA_f0,road_loopA_f1,3775.8,3884.5,108.7,1303.6,43.2,0
1843,car,4.5,road_loopA_f0,road_loopA_f1,3731.0,3884.8,153.8,1303.2,30.5,1
1904,truck,8.5,road_loopA_r0,road_loopA_r1,3789.7,3885.9,96.2,1297.7,48.5,0
1902,car,4.5,road_loopA_f0,road_loopA_f1,3787.7,3886.1,98.4,1303.9,47.7,0
1926,car,4.5,xloopA_0Aa,xloopA_0Ab,3810.0,3886.1,76.1,84.6,4.0,1
1891,suv,4.8,road_loopA_f0,road_loopA_f1,3774.8,3886.7,111.9,1303.9,41.9,0
1875,truck,8.5,road_loopA_f0,road_loopA_f1,3760.2,3887.0,126.8,1303.6,37.0,0
1897,suv,4.8,road_loopA_f0,road_loopA_f1,3786.1,3887.8,101.7,1303.5,46.1,0
1941,car,4.5,xloopA_0Aa,xloopA_0Ab,3827.5,3888.2,60.7,84.1,5.0,1
1898,car,4.5,road_loopA_f0,road_loopA_f1,3786.9,3888.5,101.6,1303.7,46.2,0
1884,suv,4.8,road_loopA_f0,road_loopA_f1,3768.1,3889.4,121.3,1303.8,38.7,0
1960,car,4.5,xloopA_0Aa,xloopA_0Ab,3853.2,3890.5,37.3,84.1,8.1,0
1840,bus,11.0,road_loopA_f0,road_loopA_f1,3727.8,3892.4,164.6,1303.7,28.5,2
1918,suv,4.8,road_loopA_f0,road_loopA_f1,3802.0,3893.1,91.1,1304.0,51.5,0
1923,car,4.5,road_loopA_f0,road_loopA_f1,3806.3,3896.0,89.7,1303.7,52.3,0
1914,car,4.5,road_loopA_f0,road_loopA_f1,3799.2,3896.1,96.9,1303.0,48.4,0
1924,suv,4.8,road_loopA_f0,road_loopA_f1,3806.9,3898.4,91.5,1304.0,51.3,0
1922,car,4.5,road_loopA_f0,road_loopA_f1,3806.0,3901.1,95.1,1303.8,49.4,0
1907,car,4.5,road_loopA_f0,road_loopA_f1,3792.1,3903.2,111.1,1303.6,42.2,0
1925,car,4.5,road_loopA_f0,road_loopA_f1,3808.5,3903.7,95.2,1303.7,49.3,0
1930,suv,4.8,road_loopA_f0,road_loopA_f1,3813.3,3903.9,90.6,1303.2,51.8,0
1917,car,4.5,road_loopA_f0,road_loopA_f1,3801.8,3904.8,103.0,1303.1,45.6,0
1950,car,4.5,road_loopA_f0,xloopA_0Bb,3839.2,3906.2,67.0,478.8,25.7,2
1928,car,4.5,road_loopA_f0,road_loopA_f1,3811.5,3906.9,95.4,1304.0,49.2,0
1931,car,4.5,road_loopA_f0,road_loopA_f1,3814.5,3907.6,93.1,1303.1,50.4,0
1850,bus,11.0,road_loopA_f0,road_loopA_f1,3738.8,3908.8,170.0,1302.9,27.6,2
1935,car,4.5,road_loopA_f0,road_loopA_f1,3818.5,3909.3,90.8,1303.7,51.7,0
1933,car,4.5,road_loopA_f0,road_loopA_f1,3816.2,3916.9,100.7,1303.8,46.6,0
1936,car,4.5,road_loopA_f0,road_loopA_f1,3818.8,3918.5,99.7,1302.8,47.0,0
1958,car,4.5,road_loopA_r0,xloopA_0Ab,3850.9,3922.1,71.2,869.2,44.0,0
1905,car,4.5,road_loopA_r0,road_loopA_r1,3790.5,3925.8,135.3,1298.4,34.5,1
1910,car,4.5,road_loopA_r0,road_loopA_r1,3795.2,3926.5,131.3,1297.7,35.6,1
1916,suv,4.8,road_loopA_r0,road_loopA_r1,3801.0,3929.5,128.5,1298.4,36.4,1
1903,car,4.5,road_loopA_r0,road_loopA_r1,3789.6,3929.8,140.2,1298.3,33.3,1
2000,car,4.5,road_loopA_f0,xloopA_0Bb,3886.2,3929.9,43.7,478.5,39.4,0
1913,suv,4.8,road_loopA_r0,road_loopA_r1,3798.4,3931.4,133.0,1297.3,35.1,1
1927,suv,4.8,road_loopA_r0,road_loopA_r1,3810.7,3931.4,120.7,1298.2,38.7,1
1949,car,4.5,road_loopA_r0,xloopA_0Ab,3836.7,3934.1,97.4,869.0,32.1,1
1929,suv,4.8,road_loopA_r0,road_loopA_r1,3812.0,3934.2,122.2,1297.7,38.2,1
1920,car,4.5,road_loopA_r0,road_loopA_r1,3803.2,3934.3,131.1,1297.8,35.6,1
1921,car,4.5,xloopA_0Ba,road_loopA_r1,3804.9,3934.6,129.7,476.9,13.2,1
1908,suv,4.8,road_loopA_r0,road_loopA_r1,3792.7,3936.2,143.5,1297.4,32.5,1
1919,car,4.5,road_loopA_r0,road_loopA_r1,3803.0,3936.2,133.2,1297.7,35.1,1
1940,suv,4.8,road_loopA_r0,road_loopA_r1,3827.3,3936.4,109.1,1297.7,42.8,0
2017,suv,4.8,road_loopA_f0,xloopA_0Bb,3897.5,3937.0,39.5,479.1,43.7,0
1938,suv,4.8,road_loopA_r0,road_loopA_r1,3823.8,3937.5,113.7,1297.5,41.1,0
1912,suv,4.8,road_loopA_r0,road_loopA_r1,3796.8,3937.9,141.1,1297.5,33.1,1
1896,bus,11.0,road_loopA_f0,road_loopA_f1,3785.6,3939.0,153.4,1302.9,30.6,2
1915,car,4.5,road_loopA_r0,road_loopA_r1,3800.2,3939.9,139.7,1298.2,33.5,1
1939,car,4.5,road_loopA_r0,road_loopA_r1,3825.5,3939.9,114.4,1297.5,40.8,1
1932,car,4.5,road_loopA_r0,road_loopA_r1,3815.1,3941.5,126.4,1297.5,37.0,1
1937,car,4.5,road_loopA_r0,road_loopA_r1,3821.4,3942.7,121.3,1298.0,38.5,1
1942,car,4.5,road_loopA_r0,road_loopA_r1,3828.8,3944.8,116.0,1297.3,40.3,0
1946,car,4.5,road_loopA_r0,road_loopA_r1,3833.0,3945.7,112.7,1298.2,41.5,0
1944,truck,8.5,road_loopA_r0,road_loopA_r1,3829.8,3946.3,116.5,1297.4,40.1,0
1948,car,4.5,road_loopA_r0,road_loopA_r1,3833.7,3947.2,113.5,1298.5,41.2,0
1959,car,4.5,road_loopA_r0,road_loopA_r1,3852.8,3948.3,95.5,1298.1,48.9,0
1951,suv,4.8,road_loopA_r0,road_loopA_r1,3839.5,3949.0,109.5,1298.6,42.7,0
1934,car,4.5,road_loopA_r0,road_loopA_r1,3816.6,3949.8,133.2,1297.3,35.1,0
1962,suv,4.8,road_loopA_r0,road_loopA_r1,3853.8,3950.2,96.4,1297.5,48.5,0
1945,suv,4.8,road_loopA_f0,road_loopA_f1,3832.8,3950.8,118.0,1304.0,39.8,1
1954,car,4.5,road_loopA_r0,road_loopA_r1,3847.9,3950.9,103.0,1297.7,45.3,0
1947,truck,8.5,road_loopA_r0,road_loopA_r1,3833.4,3951.9,118.5,1297.5,39.4,0
1964,truck,8.5,road_loopA_r0,road_loopA_r1,3857.0,3952.1,95.1,1298.1,49.2,0
1955,suv,4.8,road_loopA_f0,road_loopA_f1,3848.1,3952.3,104.2,1303.4,45.0,1
1952,car,4.5,road_loopA_r0,road_loopA_r1,3844.6,3953.6,109.0,1297.7,42.9,0
1957,car,4.5,road_loopA_f0,road_loopA_f1,3850.5,3953.8,103.3,1303.0,45.4,1
1967,suv,4.8,road_loopA_r0,road_loopA_r1,3860.7,3953.8,93.1,1297.9,50.2,0
1965,car,4.5,road_loopA_f0,road_loopA_f1,3857.8,3955.7,97.9,1303.6,48.0,0
1963,truck,8.5,road_loopA_r0,road_loopA_r1,3856.1,3955.8,99.7,1298.3,46.9,0
1973,car,4.5,road_loopA_r0,road_loopA_r1,3863.0,3955.8,92.8,1298.0,50.4,0
1971,car,4.5,road_loopA_r0,road_loopA_r1,3862.4,3957.7,95.3,1297.4,49.0,0
1969,car,4.5,road_loopA_r0,road_loopA_r1,3861.7,3957.8,96.1,1297.7,48.6,0
1972,car,4.5,road_loopA_f0,road_loopA_f1,3862.4,3958.3,95.9,1303.7,49.0,0
1966,truck,8.5,road_loopA_r0,road_loopA_r1,3860.6,3960.1,99.5,1297.6,46.9,0
1968,car,4.5,road_loopA_f0,road_loopA_f1,3860.8,3961.0,100.2,1302.9,46.8,0
1981,car,4.5,road_loopA_f0,road_loopA_f1,3872.4,3962.4,90.0,1304.0,52.2,0
1974,truck,8.5,road_loopA_r0,road_loopA_r1,3865.0,3962.7,97.7,1298.0,47.8,0
1984,suv,4.8,road_loopA_r0,road_loopA_r1,3876.1,3966.1,90.0,1297.6,51.9,0
1976,suv,4.8,road_loopA_r0,road_loopA_r1,3866.4,3966.2,99.8,1297.9,46.8,0
1978,suv,4.8,road_loopA_r0,road_loopA_r1,3870.9,3968.0,97.1,1297.7,48.1,0
1943,car,4.5,road_loopA_f0,road_loopA_f1,3829.7,3968.2,138.5,1303.8,33.9,1
1986,car,4.5,road_loopA_r0,road_loopA_r1,3878.7,3968.8,90.1,1297.8,51.8,0
1977,car,4.5,road_loopA_r0,road_loopA_r1,3870.3,3970.0,99.7,1298.1,46.9,0
1975,suv,4.8,road_loopA_f0,road_loopA_f1,3865.1,3971.5,106.4,1303.7,44.1,0
1953,car,4.5,road_loopA_f0,road_loopA_f1,3845.1,3972.1,127.0,1303.5,36.9,0
1979,truck,8.5,road_loopA_f0,road_loopA_f1,3871.0,3973.6,102.6,1303.4,45.7,0
1982,car,4.5,road_loopA_f0,road_loopA_f1,3873.7,3974.0,100.3,1303.4,46.8,0
1989,car,4.5,road_loopA_r0,road_loopA_r1,3880.0,3974.1,94.1,1298.3,49.7,0
1995,car,4.5,road_loopA_f0,road_loopA_f1,3884.0,3975.4,91.4,1303.7,51.4,0
1987,car,4.5,road_loopA_f0,road_loopA_f1,3879.0,3975.6,96.6,1303.3,48.6,0
1991,car,4.5,road_loopA_r0,road_loopA_r1,3881.0,3975.8,94.8,1298.6,49.3,0
1980,car,4.5,road_loopA_r0,road_loopA_r1,3871.8,3977.0,105.2,1297.3,44.4,0
1988,car,4.5,road_loopA_r0,road_loopA_r1,3879.5,3977.7,98.2,1298.2,47.6,0
1739,suv,4.8,road_loopA_r0,xloopA_0Bb,3649.9,3978.2,328.3,896.0,9.8,3
1996,car,4.5,road_loopA_f0,road_loopA_f1,3885.1,3978.6,93.5,1303.5,50.2,0
1956,car,4.5,road_loopA_f0,xloopA_0Ab,3848.9,3978.7,129.8,505.1,14.0,1
1985,suv,4.8,road_loopA_r0,road_loopA_r1,3877.1,3978.8,101.7,1298.1,45.9,0
2001,car,4.5,road_loopA_f0,road_loopA_f1,3887.5,3980.0,92.5,1303.0,50.7,0
2007,car,4.5,road_loopA_f0,road_loopA_f1,3888.7,3980.6,91.9,1303.2,51.1,0
1741,suv,4.8,road_loopA_r0,xloopA_0Bb,3650.8,3980.8,330.0,895.7,9.8,3
2023,car,4.5,road_loopA_f0,xloopA_0Ab,3909.0,3981.3,72.3,505.1,25.2,1
1747,car,4.5,road_loopA_r0,xloopA_0Bb,3653.9,3983.5,329.6,895.6,9.8,3
2003,car,4.5,road_loopA_f0,road_loopA_f1,3887.8,3983.5,95.7,1304.1,49.1,0
2009,car,4.5,road_loopA_r0,road_loopA_r1,3889.1,3984.1,95.0,1297.5,49.2,0
2010,suv,4.8,road_loopA_f0,road_loopA_f1,3889.5,3985.4,95.9,1304.1,49.0,0
1961,car,4.5,xloopA_0Ba,road_loopA_f1,3853.1,3985.8,132.7,902.9,24.5,1
2044,suv,4.8,road_loopA_f0,xloopA_0Ab,3938.6,3986.0,47.4,505.3,38.4,0
1787,truck,8.5,road_loopA_r0,xloopA_0Bb,3686.2,3986.9,300.7,895.3,10.7,2
1970,truck,8.5,road_loopA_f0,road_loopA_f1,3862.0,3987.2,125.2,1303.3,37.5,0
1992,car,4.5,road_loopA_r0,road_loopA_r1,3882.2,3987.8,105.6,1298.0,44.3,0
2013,car,4.5,road_loopA_f0,road_loopA_f1,3892.6,3988.1,95.5,1303.6,49.1,0
1993,car,4.5,road_loopA_r0,road_loopA_r1,3883.4,3989.1,105.7,1298.2,44.2,0
1997,suv,4.8,road_loopA_f0,road_loopA_f1,3885.9,3989.1,103.2,1302.8,45.4,0
1983,car,4.5,road_loopA_f0,road_loopA_f1,3875.6,3989.4,113.8,1303.2,41.2,0
1994,suv,4.8,road_loopA_r0,road_loopA_r1,3883.3,3990.3,107.0,1298.2,43.7,0
2002,car,4.5,road_loopA_r0,road_loopA_r1,3887.8,3990.8,103.0,1297.8,45.3,0
2008,car,4.5,road_loopA_f0,road_loopA_f1,3888.9,3990.9,102.0,1303.4,46.0,0
2012,truck,8.5,road_loopA_f0,road_loopA_f1,3892.3,3991.5,99.2,1303.4,47.3,0
2005,car,4.5,road_loopA_r0,road_loopA_r1,3888.3,3992.5,104.2,1297.6,44.8,0
2006,suv,4.8,road_loopA_f0,road_loopA_f1,3888.7,3993.3,104.6,1303.9,44.9,0
2014,car,4.5,road_loopA_f0,road_loopA_f1,3894.5,3993.5,99.0,1302.8,47.4,0
2021,car,4.5,road_loopA_r0,road_loopA_r1,3903.2,3994.1,90.9,1298.0,51.4,0
2018,car,4.5,road_loopA_f0,road_loopA_f1,3899.7,3995.3,95.6,1303.8,49.1,0
2020,car,4.5,road_loopA_f0,road_loopA_f1,3902.0,3996.4,94.4,1304.0,49.8,0
2025,car,4.5,xloopA_0Ba,xloopA_0Bb,3916.0,3997.5,81.5,84.3,3.7,1
2032,car,4.5,xloopA_0Aa,xloopA_0Ab,3922.8,3997.9,75.1,84.8,4.1,1
2029,car,4.5,xloopA_0Ba,xloopA_0Bb,3921.7,3999.7,78.0,84.6,3.9,1
2016,car,4.5,road_loopA_f0,road_loopA_f1,3896.0,4000.5,104.5,1303.2,44.9,0
2042,car,4.5,xloopA_0Aa,xloopA_0Ab,3933.4,4001.1,67.7,84.3,4.5,0
2033,car,4.5,xloopA_0Ba,xloopA_0Bb,3924.1,4001.7,77.6,84.4,3.9,0
2077,car,4.5,xloopA_0Aa,xloopA_0Ab,3973.2,4003.0,29.8,84.6,10.2,0
2050,car,4.5,xloopA_0Ba,xloopA_0Bb,3943.8,4003.8,60.0,84.5,5.1,0
2004,suv,4.8,road_loopA_r0,road_loopA_r1,3887.9,4004.1,116.2,1298.3,40.2,0
2062,car,4.5,xloopA_0Ba,xloopA_0Bb,3950.1,4006.3,56.2,84.1,5.4,0
2099,car,4.5,xloopA_0Aa,xloopA_0Ab,3994.3,4006.6,12.3,84.7,24.8,0
2102,car,4.5,xloopA_0Ba,xloopA_0Bb,3997.0,4008.4,11.4,84.7,26.8,0
2026,car,4.5,road_loopA_f0,road_loopA_f1,3916.7,4009.2,92.5,1304.0,50.8,0
2030,suv,4.8,road_loopA_f0,road_loopA_f1,3921.8,4014.5,92.7,1302.8,50.6,0
2035,truck,8.5,road_loopA_f0,road_loopA_f1,3925.5,4017.4,91.9,1304.0,51.1,0
2039,car,4.5,road_loopA_f0,road_loopA_f1,3929.2,4019.3,90.1,1303.0,52.0,0
2037,car,4.5,road_loopA_f0,road_loopA_f1,3926.8,4023.7,96.9,1304.1,48.5,0
2028,suv,4.8,road_loopA_r0,xloopA_0Ab,3921.1,4024.2,103.1,869.6,30.4,2
2034,car,4.5,road_loopA_f0,road_loopA_f1,3925.5,4028.6,103.1,1303.5,45.5,0
2052,truck,8.5,road_loopA_r0,xloopA_0Ab,3943.9,4030.3,86.4,869.2,36.2,0
2090,car,4.5,road_loopA_f0,xloopA_0Bb,3987.7,4033.3,45.6,478.6,37.8,0
2106,car,4.5,road_loopA_f0,xloopA_0Bb,4000.4,4043.0,42.6,478.7,40.5,0
1999,car,4.5,xloopA_0Ba,road_loopA_r1,3886.2,4045.8,159.6,476.9,10.8,1
2022,truck,8.5,road_loopA_r0,road_loopA_r1,3908.9,4046.4,137.5,1297.8,34.0,1
2011,car,4.5,road_loopA_r0,road_loopA_r1,3890.3,4047.0,156.7,1298.4,29.8,1
2043,car,4.5,road_loopA_r0,road_loopA_r1,3935.2,4048.4,113.2,1298.2,41.3,1
2051,car,4.5,road_loopA_r0,road_loopA_r1,3943.8,4048.6,104.8,1297.6,44.6,0
2027,suv,4.8,road_loopA_r0,road_loopA_r1,3920.6,4050.2,129.6,1298.6,36.1,1
2048,car,4.5,road_loopA_r0,road_loopA_r1,3941.1,4050.9,109.8,1297.9,42.6,1
2053,car,4.5,road_loopA_r0,road_loopA_r1,3944.8,4053.1,108.3,1298.6,43.2,1
2058,car,4.5,road_loopA_r0,road_loopA_r1,3947.3,4053.5,106.2,1297.7,44.0,0
2080,car,4.5,road_loopA_r0,xloopA_0Ab,3976.7,4055.9,79.2,869.1,39.5,0
2068,car,4.5,road_loopA_r0,road_loopA_r1,3963.3,4057.1,93.8,1298.4,49.8,0
2041,car,4.5,road_loopA_r0,road_loopA_r1,3932.1,4058.0,125.9,1297.5,37.1,1
2066,car,4.5,road_loopA_r0,road_loopA_r1,3959.1,4059.9,100.8,1297.9,46.4,0
2075,car,4.5,road_loopA_r0,road_loopA_r1,3970.9,4061.0,90.1,1298.1,51.8,0
2024,car,4.5,road_loopA_r0,road_loopA_r1,3910.4,4062.9,152.5,1297.6,30.6,1
2076,car,4.5,road_loopA_r0,road_loopA_r1,3971.8,4064.2,92.4,1297.3,50.6,0
2069,suv,4.8,road_loopA_r0,xloopA_0Ab,3964.5,4065.7,101.2,869.4,30.9,1
2078,car,4.5,road_loopA_r0,road_loopA_r1,3973.5,4065.9,92.4,1297.5,50.6,0
2072,car,4.5,road_loopA_r0,road_loopA_r1,3969.3,4068.8,99.5,1297.8,47.0,0
2084,car,4.5,road_loopA_r0,road_loopA_r1,3980.3,4069.7,89.4,1297.6,52.2,0
1998,car,4.5,xloopA_0Aa,road_loopA_r1,3886.0,4069.8,183.8,506.6,9.9,1
2047,car,4.5,road_loopA_f0,road_loopA_f1,3939.5,4070.4,130.9,1303.6,35.9,1
2038,suv,4.8,road_loopA_r0,road_loopA_r1,3928.3,4071.7,143.4,1298.3,32.6,1
2057,car,4.5,road_loopA_r0,road_loopA_r1,3947.3,4071.8,124.5,1297.9,37.5,0
2081,car,4.5,road_loopA_r0,road_loopA_r1,3978.7,4072.7,94.0,1298.6,49.7,0
2056,suv,4.8,road_loopA_r0,road_loopA_r1,3945.9,4072.9,127.0,1297.4,36.8,1
2054,suv,4.8,road_loopA_r0,road_loopA_r1,3944.7,4073.3,128.6,1297.5,36.3,0
2082,suv,4.8,road_loopA_r0,road_loopA_r1,3979.6,4074.9,95.3,1297.4,49.0,0
2079,car,4.5,road_loopA_r0,road_loopA_r1,3976.3,4075.6,99.3,1298.0,47.0,0
2091,car,4.5,road_loopA_r0,road_loopA_r1,3987.8,4078.3,90.5,1297.3,51.6,0
2089,suv,4.8,road_loopA_r0,road_loopA_r1,3987.1,4078.4,91.3,1297.9,51.2,0
2046,car,4.5,road_loopA_f0,road_loopA_f1,3939.1,4078.5,139.4,1303.7,33.7,1
2059,car,4.5,road_loopA_f0,road_loopA_f1,3948.0,4080.0,132.0,1303.3,35.5,1
2049,car,4.5,road_loopA_f0,road_loopA_f1,3942.2,4080.3,138.1,1303.7,34.0,1
2055,truck,8.5,road_loopA_f0,road_loopA_f1,3945.4,4081.0,135.6,1302.9,34.6,1
2092,car,4.5,road_loopA_r0,road_loopA_r1,3990.2,4081.1,90.9,1298.0,51.4,0
2071,suv,4.8,road_loopA_r0,road_loopA_r1,3967.9,4081.4,113.5,1298.0,41.2,0
2093,car,4.5,road_loopA_r0,road_loopA_r1,3990.2,4081.4,91.2,1298.4,51.3,0
2064,suv,4.8,road_loopA_f0,road_loopA_f1,3953.6,4081.7,128.1,1303.8,36.6,1
2060,car,4.5,road_loopA_f0,road_loopA_f1,3948.1,4082.7,134.6,1303.6,34.9,1
2095,car,4.5,road_loopA_r0,road_loopA_r1,3991.8,4082.8,91.0,1298.1,51.4,0
2070,car,4.5,road_loopA_f0,road_loopA_f1,3966.7,4083.4,116.7,1303.1,40.2,1
2097,car,4.5,road_loopA_r0,road_loopA_r1,3992.9,4085.0,92.1,1297.9,50.7,0
2074,car,4.5,road_loopA_f0,road_loopA_f1,3969.7,4085.1,115.4,1303.3,40.6,1
2083,car,4.5,road_loopA_f0,road_loopA_f1,3980.1,4086.8,106.7,1303.5,44.0,1
2098,car,4.5,road_loopA_r0,road_loopA_r1,3994.1,4087.4,93.3,1298.5,50.1,0
2100,suv,4.8,road_loopA_f0,road_loopA_f1,3995.5,4089.0,93.5,1302.8,50.1,0
2061,suv,4.8,road_loopA_f0,road_loopA_f1,3949.4,4089.5,140.1,1303.9,33.5,1
2101,car,4.5,road_loopA_f0,road_loopA_f1,3996.5,4091.7,95.2,1302.8,49.2,0
2045,truck,8.5,road_loopA_f0,road_loopA_f1,3938.6,4092.5,153.9,1303.8,30.5,1
2065,suv,4.8,road_loopA_f0,road_loopA_f1,3957.8,4092.5,134.7,1303.1,34.8,1
2096,car,4.5,road_loopA_f0,road_loopA_f1,3992.2,4093.6,101.4,1303.5,46.3,0
2094,car,4.5,road_loopA_f0,road_loopA_f1,3991.1,4094.2,103.1,1303.0,45.5,0
2088,car,4.5,road_loopA_f0,road_loopA_f1,3986.4,4095.7,109.3,1302.8,42.9,0
1834,suv,4.8,road_loopA_r0,xloopA_0Bb,3722.9,4096.2,373.3,895.6,8.6,3
2107,car,4.5,road_loopA_f0,xloopA_0Ab,4002.2,4096.8,94.6,505.1,19.2,1
2109,car,4.5,road_loopA_r0,road_loopA_r1,4006.5,4097.0,90.5,1298.0,51.7,0
2108,car,4.5,road_loopA_f0,xloopA_0Ab,4004.2,4099.4,95.2,505.1,19.1,1
1830,truck,8.5,road_loopA_r0,xloopA_0Bb,3721.7,4099.6,377.9,895.3,8.5,3
2040,car,4.5,road_loopA_f0,road_loopA_f1,3931.5,4099.9,168.4,1303.8,27.9,1
2114,car,4.5,road_loopA_f0,road_loopA_f1,4012.0,4101.8,89.8,1303.1,52.2,0
2087,truck,8.5,road_loopA_f0,road_loopA_f1,3985.8,4101.9,116.1,1303.8,40.4,0
2112,car,4.5,road_loopA_r0,road_loopA_r1,4010.5,4101.9,91.4,1298.6,51.2,0
2110,suv,4.8,road_loopA_f0,xloopA_0Ab,4008.8,4102.1,93.3,505.3,19.5,1
1901,suv,4.8,road_loopA_r0,xloopA_0Bb,3787.1,4102.7,315.6,895.7,10.2,3
2067,suv,4.8,road_loopA_f0,road_loopA_f1,3961.8,4104.0,142.2,1302.9,33.0,1
2113,car,4.5,road_loopA_f0,road_loopA_f1,4010.7,4106.4,95.7,1302.9,49.0,0
2122,car,4.5,road_loopA_f0,road_loopA_f1,4016.9,4106.4,89.5,1303.3,52.5,0
2019,car,4.5,xloopA_0Aa,road_loopA_f1,3899.9,4106.6,206.7,872.5,15.2,1
2105,suv,4.8,road_loopA_r0,road_loopA_r1,4000.2,4106.9,106.7,1298.4,43.8,0
2120,car,4.5,road_loopA_r0,road_loopA_r1,4016.0,4108.3,92.3,1297.9,50.6,0
2166,car,4.5,xloopA_0Ba,xloopA_0Bb,4061.1,4108.6,47.5,84.5,6.4,1
2119,suv,4.8,road_loopA_r0,road_loopA_r1,4015.3,4108.7,93.4,1298.3,50.1,0
2063,truck,8.5,road_loopA_f0,road_loopA_f1,3950.5,4108.9,158.4,1303.8,29.6,1
2118,car,4.5,road_loopA_f0,road_loopA_f1,4015.2,4109.5,94.3,1303.1,49.7,0
2126,car,4.5,road_loopA_r0,road_loopA_r1,4020.2,4110.6,90.4,1297.3,51.7,0
2111,car,4.5,xloopA_0Aa,xloopA_0Ab,4009.5,4110.7,101.2,84.1,3.0,1
2073,car,4.5,road_loopA_f0,road_loopA_f1,3969.4,4110.9,141.5,1303.5,33.2,1
2134,car,4.5,xloopA_0Aa,xloopA_0Ab,4026.0,4112.9,86.9,84.6,3.5,1
2123,car,4.5,road_loopA_f0,road_loopA_f1,4017.3,4113.0,95.7,1304.1,49.1,0
2130,suv,4.8,road_loopA_f0,road_loopA_f1,4022.3,4113.0,90.7,1302.9,51.7,0
2104,bus,11.0,road_loopA_r0,road_loopA_r1,3999.3,4114.9,115.6,1297.7,40.4,0
2144,car,4.5,xloopA_0Aa,xloopA_0Ab,4037.2,4115.1,77.9,84.4,3.9,1
2128,suv,4.8,road_loopA_r0,road_loopA_r1,4021.8,4115.4,93.6,1297.9,49.9,0
2125,car,4.5,road_loopA_f0,road_loopA_f1,4019.9,4116.0,96.1,1303.6,48.9,0
2158,car,4.5,xloopA_0Aa,xloopA_0Ab,4054.4,4117.4,63.0,84.6,4.8,0
2117,car,4.5,road_loopA_r0,road_loopA_r1,4013.4,4118.4,105.0,1298.3,44.5,0
2139,car,4.5,road_loopA_f0,road_loopA_f1,4033.0,4122.3,89.3,1303.1,52.5,0
2103,car,4.5,road_loopA_r0,xloopA_0Ab,3998.7,4128.2,129.5,869.0,24.1,2
2163,car,4.5,road_loopA_f0,xloopA_0Bb,4059.6,4128.9,69.3,478.9,24.9,2
2145,car,4.5,road_loopA_f0,road_loopA_f1,4037.5,4131.6,94.1,1303.8,49.9,0
2124,car,4.5,road_loopA_r0,xloopA_0Ab,4017.7,4131.8,114.1,869.2,27.4,1
2148,suv,4.8,road_loopA_f0,road_loopA_f1,4041.2,4133.3,92.1,1303.8,51.0,0
2150,car,4.5,road_loopA_f0,road_loopA_f1,4044.0,4135.2,91.2,1303.8,51.5,0
2201,car,4.5,road_loopA_f0,xloopA_0Bb,4087.6,4138.0,50.4,478.7,34.2,0
2142,truck,8.5,road_loopA_f0,road_loopA_f1,4036.7,4141.2,104.5,1303.6,44.9,0
2172,car,4.5,road_loopA_r0,xloopA_0Ab,4063.7,4143.0,79.3,868.9,39.4,0
2036,bus,11.0,road_loopA_f0,road_loopA_f1,3926.8,4143.1,216.3,1303.4,21.7,3
2147,car,4.5,road_loopA_f0,road_loopA_f1,4040.6,4143.2,102.6,1303.0,45.7,0
2133,suv,4.8,road_loopA_r0,road_loopA_r1,4025.7,4145.5,119.8,1297.6,39.0,1
2129,car,4.5,road_loopA_r0,road_loopA_r1,4022.3,4147.1,124.8,1298.4,37.4,1
2140,suv,4.8,road_loopA_r0,road_loopA_r1,4034.5,4148.5,114.0,1298.1,41.0,1
2143,suv,4.8,road_loopA_r0,road_loopA_r1,4036.8,4150.4,113.6,1298.6,41.2,1
2121,car,4.5,road_loopA_r0,road_loopA_r1,4016.8,4151.4,134.6,1297.8,34.7,1
2151,car,4.5,road_loopA_r0,road_loopA_r1,4048.6,4151.8,103.2,1298.0,45.3,1
2127,car,4.5,road_loopA_r0,road_loopA_r1,4020.8,4153.1,132.3,1298.5,35.3,1
2160,suv,4.8,road_loopA_r0,road_loopA_r1,4056.0,4153.3,97.3,1298.5,48.0,0
2138,suv,4.8,road_loopA_r0,road_loopA_r1,4032.8,4154.8,122.0,1298.3,38.3,1
2141,car,4.5,road_loopA_r0,road_loopA_r1,4035.1,4156.0,120.9,1297.8,38.6,1
2177,car,4.5,road_loopA_r0,road_loopA_r1,4068.2,4158.5,90.3,1298.2,51.7,0
2146,truck,8.5,road_loopA_r0,road_loopA_r1,4039.6,4159.2,119.6,1297.3,39.0,0
2169,suv,4.8,road_loopA_r0,xloopA_0Ab,4062.1,4159.4,97.3,869.3,32.2,1
2179,suv,4.8,road_loopA_r0,road_loopA_r1,4069.1,4160.7,91.6,1298.5,51.0,0
2153,suv,4.8,road_loopA_r0,road_loopA_r1,4052.4,4161.2,108.8,1297.6,42.9,0
2154,truck,8.5,road_loopA_r0,road_loopA_r1,4053.1,4161.2,108.1,1297.9,43.2,0
2159,car,4.5,road_loopA_r0,road_loopA_r1,4054.9,4163.0,108.1,1297.8,43.2,0
2161,car,4.5,road_loopA_r0,road_loopA_r1,4056.2,4163.1,106.9,1297.7,43.7,0
2181,car,4.5,road_loopA_r0,road_loopA_r1,4069.9,4166.4,96.5,1298.3,48.5,0
2173,car,4.5,road_loopA_r0,road_loopA_r1,4064.8,4168.3,103.5,1298.3,45.2,0
2185,car,4.5,road_loopA_r0,road_loopA_r1,4077.3,4170.0,92.7,1298.5,50.4,0
2189,suv,4.8,road_loopA_r0,road_loopA_r1,4082.6,4171.5,88.9,1297.3,52.5,0
2176,suv,4.8,road_loopA_r0,road_loopA_r1,4067.7,4172.5,104.8,1298.3,44.6,0
2152,car,4.5,road_loopA_f0,road_loopA_f1,4051.9,4172.9,121.0,1302.9,38.8,1
2165,car,4.5,road_loopA_r0,road_loopA_r1,4060.4,4174.1,113.7,1298.3,41.1,0
2192,car,4.5,road_loopA_r0,road_loopA_r1,4083.4,4174.4,91.0,1297.8,51.3,0
2164,car,4.5,road_loopA_f0,road_loopA_f1,4059.8,4175.7,115.9,1304.1,40.5,1
2186,car,4.5,road_loopA_r0,road_loopA_r1,4079.4,4175.9,96.5,1298.6,48.4,0
2155,suv,4.8,road_loopA_f0,road_loopA_f1,4053.7,4176.7,123.0,1303.5,38.1,1
2206,car,4.5,road_loopA_r0,road_loopA_r1,4090.3,4179.3,89.0,1297.3,52.5,0
2168,car,4.5,road_loopA_f0,road_loopA_f1,4061.6,4179.7,118.1,1303.9,39.8,1
2182,car,4.5,road_loopA_f0,road_loopA_f1,4071.2,4182.8,111.6,1303.5,42.0,1
2170,car,4.5,road_loopA_f0,road_loopA_f1,4062.9,4183.0,120.1,1303.5,39.1,1
2199,suv,4.8,road_loopA_r0,road_loopA_r1,4085.9,4184.4,98.5,1297.5,47.4,0
2184,suv,4.8,road_loopA_f0,road_loopA_f1,4076.7,4185.5,108.8,1303.2,43.1,1
2198,car,4.5,road_loopA_r0,road_loopA_r1,4085.8,4185.7,99.9,1297.3,46.7,0
2208,car,4.5,road_loopA_r0,road_loopA_r1,4092.9,4185.7,92.8,1298.5,50.4,0
2202,suv,4.8,road_loopA_r0,xloopA_0Ab,4087.8,4186.5,98.7,869.3,31.7,1
2200,suv,4.8,road_loopA_r0,road_loopA_r1,4086.5,4187.5,101.0,1298.1,46.3,0
2205,car,4.5,road_loopA_r0,road_loopA_r1,4089.7,4187.5,97.8,1297.7,47.8,0
2191,car,4.5,road_loopA_f0,road_loopA_f1,4083.0,4188.3,105.3,1303.4,44.6,0
2210,suv,4.8,road_loopA_r0,road_loopA_r1,4093.7,4188.4,94.7,1298.7,49.4,0
2209,suv,4.8,road_loopA_r0,road_loopA_r1,4093.5,4189.2,95.7,1298.3,48.8,0
2220,car,4.5,road_loopA_r0,road_loopA_r1,4101.5,4190.7,89.2,1297.8,52.4,0
2196,suv,4.8,road_loopA_f0,road_loopA_f1,4085.1,4190.8,105.7,1302.9,44.4,0
2214,truck,8.5,road_loopA_r0,road_loopA_r1,4097.2,4191.3,94.1,1297.8,49.6,0
2156,truck,8.5,road_loopA_f0,road_loopA_f1,4053.6,4192.0,138.4,1303.3,33.9,1
2193,suv,4.8,road_loopA_f0,road_loopA_f1,4083.8,4193.0,109.2,1303.7,43.0,0
2149,car,4.5,road_loopA_f0,road_loopA_f1,4043.5,4193.2,149.7,1302.8,31.3,1
2174,car,4.5,road_loopA_f0,road_loopA_f1,4065.1,4193.9,128.8,1303.4,36.4,1
2203,car,4.5,road_loopA_f0,road_loopA_f1,4089.8,4194.8,105.0,1303.1,44.7,0
2178,car,4.5,road_loopA_f0,road_loopA_f1,4069.0,4195.0,126.0,1303.4,37.2,1
2188,car,4.5,road_loopA_f0,road_loopA_f1,4081.2,4195.8,114.6,1303.7,41.0,0
2190,car,4.5,road_loopA_f0,road_loopA_f1,4082.8,4197.3,114.5,1303.6,41.0,0
2187,suv,4.8,road_loopA_f0,road_loopA_f1,4080.7,4198.5,117.8,1302.9,39.8,0
1911,car,4.5,road_loopA_r0,xloopA_0Bb,3795.2,4200.0,404.8,895.4,8.0,4
2222,car,4.5,road_loopA_f0,road_loopA_f1,4104.1,4200.2,96.1,1303.8,48.9,0
2225,car,4.5,road_loopA_r0,road_loopA_r1,4107.0,4200.3,93.3,1298.6,50.1,0
2131,car,4.5,road_loopA_f0,xloopA_0Ab,4022.5,4200.5,178.0,505.0,10.2,2
2175,suv,4.8,road_loopA_f0,road_loopA_f1,4067.4,4200.8,133.4,1303.1,35.2,1
2204,truck,8.5,road_loopA_f0,road_loopA_f1,4089.7,4201.1,111.4,1303.6,42.1,0
2224,car,4.5,road_loopA_f0,road_loopA_f1,4106.6,4201.9,95.3,1304.0,49.3,0
2135,bus,11.0,road_loopA_f0,road_loopA_f1,4029.1,4202.1,173.0,1303.3,27.1,2
2180,truck,8.5,road_loopA_f0,road_loopA_f1,4069.5,4203.0,133.5,1303.7,35.2,0
2137,car,4.5,road_loopA_f0,xloopA_0Ab,4031.6,4203.1,171.5,505.0,10.6,2
2231,car,4.5,road_loopA_r0,road_loopA_r1,4109.2,4203.1,93.9,1297.6,49.7,0
2211,car,4.5,road_loopA_f0,road_loopA_f1,4094.3,4203.2,108.9,1303.5,43.1,0
1990,truck,8.5,road_loopA_r0,xloopA_0Bb,3880.1,4203.4,323.3,895.8,10.0,3
2217,car,4.5,road_loopA_r0,road_loopA_r1,4099.4,4204.1,104.7,1298.4,44.6,0
2215,truck,8.5,road_loopA_r0,road_loopA_r1,4097.5,4204.8,107.3,1297.8,43.5,0
2213,car,4.5,road_loopA_f0,road_loopA_f1,4096.7,4205.0,108.3,1303.9,43.3,0
2221,car,4.5,road_loopA_r0,road_loopA_r1,4102.8,4205.7,102.9,1297.9,45.4,0
2167,suv,4.8,road_loopA_f0,xloopA_0Ab,4061.1,4205.8,144.7,505.3,12.6,1
2234,suv,4.8,road_loopA_r0,road_loopA_r1,4113.9,4206.5,92.6,1297.5,50.4,0
2031,truck,8.5,road_loopA_r0,xloopA_0Bb,3922.6,4207.2,284.6,896.0,11.3,2
2235,car,4.5,road_loopA_r0,road_loopA_r1,4114.1,4207.4,93.3,1297.4,50.1,0
2228,suv,4.8,road_loopA_f0,road_loopA_f1,4108.4,4207.5,99.1,1303.9,47.4,0
2219,suv,4.8,road_loopA_f0,xloopA_0Ab,4101.2,4208.5,107.3,504.9,16.9,1
2218,car,4.5,road_loopA_f0,road_loopA_f1,4099.7,4208.7,109.0,1303.7,43.1,0
2236,car,4.5,road_loopA_f0,road_loopA_f1,4115.1,4209.0,93.9,1303.6,50.0,0
2237,suv,4.8,road_loopA_r0,road_loopA_r1,4117.5,4209.0,91.5,1298.3,51.1,0
2223,suv,4.8,road_loopA_f0,road_loopA_f1,4105.1,4210.3,105.2,1303.3,44.6,0
2086,truck,8.5,road_loopA_r0,xloopA_0Bb,3982.4,4210.9,228.5,895.6,14.1,2
2239,car,4.5,road_loopA_r0,road_loopA_r1,4121.7,4211.0,89.3,1298.3,52.3,0
2194,car,4.5,road_loopA_f0,road_loopA_f1,4084.1,4211.2,127.1,1303.5,36.9,0
2256,suv,4.8,road_loopA_f0,xloopA_0Ab,4141.0,4211.3,70.3,505.7,25.9,1
2229,car,4.5,road_loopA_f0,road_loopA_f1,4108.6,4212.1,103.5,1303.0,45.3,0
2207,car,4.5,road_loopA_f0,road_loopA_f1,4092.5,4213.0,120.5,1303.9,39.0,0
2233,car,4.5,road_loopA_f0,road_loopA_f1,4113.3,4213.8,100.5,1303.2,46.7,0
2227,car,4.5,road_loopA_f0,road_loopA_f1,4108.4,4214.4,106.0,1303.8,44.3,0
2241,car,4.5,xloopA_0Ba,xloopA_0Bb,4124.1,4216.6,92.5,84.5,3.3,1
2246,car,4.5,road_loopA_r0,road_loopA_r1,4127.8,4216.8,89.0,1297.3,52.5,0
2230,car,4.5,road_loopA_f0,road_loopA_f1,4109.1,4217.1,108.0,1303.5,43.5,0
2243,car,4.5,road_loopA_f0,road_loopA_f1,4124.7,4217.3,92.6,1303.5,50.7,0
2249,car,4.5,xloopA_0Ba,xloopA_0Bb,4128.7,4218.6,89.9,84.2,3.4,1
2245,car,4.5,road_loopA_f0,road_loopA_f1,4125.4,4219.3,93.9,1303.3,50.0,0
2212,car,4.5,xloopA_0Aa,xloopA_0Ab,4096.6,4219.5,122.9,84.5,2.5,1
2226,car,4.5,xloopA_0Aa,xloopA_0Ab,4108.3,4221.4,113.1,84.2,2.7,1
2244,car,4.5,road_loopA_f0,road_loopA_f1,4125.0,4223.2,98.2,1303.3,47.8,0
2287,car,4.5,xloopA_0Ba,xloopA_0Bb,4171.7,4223.7,52.0,84.1,5.8,0
2240,suv,4.8,road_loopA_f0,road_loopA_f1,4122.4,4225.0,102.6,1303.3,45.7,0
2336,car,4.5,xloopA_0Ba,xloopA_0Bb,4212.5,4225.8,13.3,84.7,22.9,0
2250,car,4.5,road_loopA_f0,road_loopA_f1,4129.0,4226.3,97.3,1303.5,48.2,0
2273,car,4.5,xloopA_0Aa,xloopA_0Ab,4159.5,4226.3,66.8,84.6,4.6,0
2232,suv,4.8,road_loopA_f0,road_loopA_f1,4111.2,4227.2,116.0,1303.5,40.5,0
2258,car,4.5,road_loopA_f0,road_loopA_f1,4141.8,4231.1,89.3,1302.8,52.5,0
2242,suv,4.8,road_loopA_f0,road_loopA_f1,4124.2,4234.7,110.5,1302.8,42.4,0
2252,car,4.5,road_loopA_r0,xloopA_0Ab,4135.2,4237.2,102.0,869.0,30.7,1
2264,suv,4.8,road_loopA_f0,road_loopA_f1,4148.7,4238.0,89.3,1303.1,52.5,0
2248,truck,8.5,road_loopA_f0,road_loopA_f1,4128.4,4242.0,113.6,1303.2,41.3,0
2263,car,4.5,road_loopA_f0,road_loopA_f1,4144.6,4244.1,99.5,1303.0,47.2,0
2312,suv,4.8,road_loopA_r0,xloopA_0Ab,4191.2,4259.1,67.9,869.6,46.1,0
2254,car,4.5,road_loopA_r0,road_loopA_r1,4138.7,4261.6,122.9,1298.5,38.0,1
2197,bus,11.0,road_loopA_f0,road_loopA_f1,4085.5,4264.3,178.8,1303.2,26.2,2
2253,car,4.5,road_loopA_r0,road_loopA_r1,4137.0,4264.4,127.4,1298.6,36.7,1
2259,car,4.5,road_loopA_r0,road_loopA_r1,4141.7,4264.5,122.8,1298.6,38.1,1
2261,car,4.5,road_loopA_r0,road_loopA_r1,4142.4,4266.3,123.9,1297.9,37.7,1
2262,car,4.5,road_loopA_r0,road_loopA_r1,4142.9,4269.1,126.2,1298.4,37.0,1
2266,suv,4.8,road_loopA_r0,road_loopA_r1,4154.1,4271.2,117.1,1297.4,39.9,1
2284,car,4.5,xloopA_0Ba,road_loopA_r1,4167.9,4271.7,103.8,476.8,16.5,0
2260,car,4.5,road_loopA_r0,road_loopA_r1,4141.8,4271.8,130.0,1298.1,35.9,1
2247,truck,8.5,road_loopA_r0,road_loopA_r1,4127.9,4273.8,145.9,1297.6,32.0,1
2280,car,4.5,road_loopA_r0,road_loopA_r1,4164.5,4274.6,110.1,1297.6,42.4,0
2255,bus,11.0,road_loopA_r0,road_loopA_r1,4140.8,4277.4,136.6,1298.1,34.2,1
2257,truck,8.5,road_loopA_r0,road_loopA_r1,4141.3,4277.4,136.1,1298.1,34.3,1
2289,car,4.5,road_loopA_r0,road_loopA_r1,4172.0,4277.4,105.4,1298.6,44.3,0
2270,car,4.5,road_loopA_r0,road_loopA_r1,4156.4,4279.4,123.0,1297.5,38.0,1
2268,car,4.5,road_loopA_r0,road_loopA_r1,4155.6,4279.6,124.0,1297.5,37.7,1
2274,car,4.5,road_loopA_r0,road_loopA_r1,4160.0,4281.5,121.5,1297.4,38.4,0
2278,suv,4.8,road_loopA_r0,road_loopA_r1,4164.4,4282.3,117.9,1297.4,39.6,0
2286,car,4.5,road_loopA_r0,road_loopA_r1,4171.5,4284.8,113.3,1297.7,41.2,0
2290,car,4.5,road_loopA_r0,road_loopA_r1,4173.2,4285.9,112.7,1297.6,41.5,0
2295,suv,4.8,road_loopA_r0,road_loopA_r1,4175.2,4286.0,110.8,1297.8,42.2,0
2297,car,4.5,road_loopA_r0,road_loopA_r1,4181.4,4287.5,106.1,1297.4,44.0,0
2298,car,4.5,road_loopA_r0,road_loopA_r1,4181.6,4287.8,106.2,1298.0,44.0,0
2276,suv,4.8,road_loopA_r0,road_loopA_r1,4161.4,4287.9,126.5,1297.3,36.9,0
2307,suv,4.8,road_loopA_r0,road_loopA_r1,4186.8,4289.3,102.5,1298.4,45.6,0
2308,car,4.5,road_loopA_r0,road_loopA_r1,4187.5,4290.1,102.6,1298.2,45.5,0
2279,truck,8.5,road_loopA_r0,road_loopA_r1,4164.4,4291.1,126.7,1297.7,36.9,0
2305,car,4.5,road_loopA_r0,road_loopA_r1,4186.4,4291.3,104.9,1297.4,44.5,0
2282,car,4.5,road_loopA_f0,road_loopA_f1,4167.1,4292.9,125.8,1304.2,37.3,1
2313,car,4.5,road_loopA_r0,road_loopA_r1,4192.8,4293.1,100.3,1297.7,46.6,0
2314,car,4.5,road_loopA_r0,road_loopA_r1,4194.3,4293.1,98.8,1297.9,47.3,0
2318,car,4.5,road_loopA_r0,road_loopA_r1,4199.5,4293.9,94.4,1298.7,49.5,0
2315,suv,4.8,road_loopA_r0,road_loopA_r1,4195.8,4295.0,99.2,1298.4,47.1,0
2400,car,4.5,road_loopA_f0,xloopA_0Bb,4256.9,4296.9,40.0,478.9,43.1,0
2321,truck,8.5,road_loopA_r0,road_loopA_r1,4203.2,4297.1,93.9,1298.1,49.8,0
2288,car,4.5,road_loopA_f0,road_loopA_f1,4171.8,4297.9,126.1,1303.2,37.2,1
2326,suv,4.8,road_loopA_r0,road_loopA_r1,4209.3,4299.3,90.0,1298.2,51.9,0
2306,car,4.5,road_loopA_r0,road_loopA_r1,4186.5,4300.2,113.7,1297.5,41.1,0
2335,car,4.5,road_loopA_r0,road_loopA_r1,4212.2,4301.3,89.1,1298.7,52.4,0
2267,car,4.5,road_loopA_f0,road_loopA_f1,4155.0,4301.5,146.5,1303.9,32.0,1
2299,car,4.5,road_loopA_f0,road_loopA_f1,4181.8,4301.8,120.0,1304.0,39.1,1
2333,car,4.5,road_loopA_r0,road_loopA_r1,4211.7,4302.4,90.7,1297.5,51.5,0
2324,car,4.5,road_loopA_r0,road_loopA_r1,4208.1,4302.8,94.7,1298.2,49.3,0
2302,car,4.5,road_loopA_f0,road_loopA_f1,4183.6,4304.9,121.3,1304.0,38.7,1
2337,car,4.5,road_loopA_r0,road_loopA_r1,4213.3,4305.4,92.1,1298.4,50.8,0
2275,car,4.5,road_loopA_f0,road_loopA_f1,4160.7,4305.5,144.8,1303.8,32.4,1
2251,bus,11.0,road_loopA_r0,road_loopA_r1,4131.2,4305.9,174.7,1298.4,26.8,2
2162,car,4.5,xloopA_0Aa,road_loopA_f1,4059.5,4306.3,246.8,872.8,12.7,1
2304,suv,4.8,road_loopA_f0,road_loopA_f1,4186.0,4306.6,120.6,1303.1,38.9,1
2339,car,4.5,road_loopA_r0,road_loopA_r1,4215.9,4307.1,91.2,1297.7,51.2,0
2311,suv,4.8,road_loopA_f0,road_loopA_f1,4190.4,4308.4,118.0,1303.5,39.8,1
2343,car,4.5,road_loopA_r0,road_loopA_r1,4217.0,4308.9,91.9,1297.9,50.8,0
2316,car,4.5,road_loopA_f0,road_loopA_f1,4197.6,4310.2,112.6,1303.5,41.7,0
2323,car,4.5,road_loopA_f0,road_loopA_f1,4207.5,4311.9,104.4,1303.7,45.0,0
2271,truck,8.5,road_loopA_f0,road_loopA_f1,4158.8,4312.1,153.3,1303.3,30.6,1
2327,suv,4.8,road_loopA_f0,road_loopA_f1,4209.8,4313.6,103.8,1303.0,45.2,0
2281,car,4.5,road_loopA_f0,road_loopA_f1,4166.5,4313.9,147.4,1303.8,31.8,1
1,tram,34.0,loopA,loopA,55.1,4315.5,4260.4,33702.3,28.5,40
2085,car,4.5,road_loopA_r0,xloopA_0Bb,3980.7,4316.0,335.3,895.3,9.6,3
2272,car,4.5,road_loopA_f0,xloopA_0Ab,4158.9,4316.6,157.7,505.4,11.5,1
2329,car,4.5,road_loopA_f0,road_loopA_f1,4210.4,4317.1,106.7,1303.2,44.0,0
2283,truck,8.5,road_loopA_f0,road_loopA_f1,4167.4,4318.5,151.1,1303.7,31.1,1
2115,car,4.5,road_loopA_r0,xloopA_0Bb,4012.3,4318.6,306.3,895.3,10.5,3
2291,suv,4.8,road_loopA_f0,xloopA_0Ab,4174.3,4319.2,144.9,505.4,12.6,1
2265,car,4.5,xloopA_0Ba,road_loopA_f1,4153.4,4319.7,166.3,903.1,19.5,1
2301,car,4.5,road_loopA_f0,road_loopA_f1,4182.8,4320.5,137.7,1303.6,34.1,1
2116,suv,4.8,road_loopA_r0,xloopA_0Bb,4013.1,4321.3,308.2,895.6,10.5,3
2309,car,4.5,road_loopA_f0,xloopA_0Ab,4189.4,4321.9,132.5,505.3,13.7,1
2338,suv,4.8,road_loopA_r0,road_loopA_r1,4213.8,4322.3,108.5,1298.1,43.1,0
2303,car,4.5,road_loopA_f0,road_loopA_f1,4186.0,4322.4,136.4,1303.1,34.4,1
2364,car,4.5,road_loopA_r0,road_loopA_r1,4229.6,4322.9,93.3,1298.4,50.1,0
2132,car,4.5,road_loopA_r0,xloopA_0Bb,4024.6,4324.0,299.4,895.5,10.8,2
2292,car,4.5,road_loopA_f0,road_loopA_f1,4174.8,4324.2,149.4,1303.0,31.4,1
2310,car,4.5,road_loopA_f0,road_loopA_f1,4190.3,4325.1,134.8,1304.0,34.8,1
2294,car,4.5,xloopA_0Aa,road_loopA_f1,4175.2,4325.1,149.9,872.4,20.9,0
2322,truck,8.5,road_loopA_f0,xloopA_0Ab,4204.7,4325.4,120.7,505.6,15.1,1
2319,car,4.5,road_loopA_f0,road_loopA_f1,4201.2,4326.1,124.9,1303.5,37.6,0
2317,car,4.5,road_loopA_f0,road_loopA_f1,4197.9,4326.4,128.5,1302.9,36.5,0
2136,car,4.5,road_loopA_r0,xloopA_0Bb,4029.2,4326.7,297.5,895.7,10.8,2
2344,car,4.5,xloopA_0Ba,road_loopA_f1,4217.1,4327.1,110.0,903.0,29.6,0
2341,car,4.5,road_loopA_f0,road_loopA_f1,4216.5,4327.9,111.4,1303.5,42.1,0
2360,suv,4.8,road_loopA_f0,road_loopA_f1,4228.6,4328.4,99.8,1303.3,47.0,0
2296,car,4.5,road_loopA_f0,road_loopA_f1,4177.6,4328.7,151.1,1303.1,31.1,1
2342,suv,4.8,road_loopA_f0,road_loopA_f1,4216.6,4329.9,113.3,1303.2,41.4,0
2354,truck,8.5,road_loopA_r0,road_loopA_r1,4225.5,4330.4,104.9,1298.2,44.5,0
2347,car,4.5,road_loopA_r0,road_loopA_r1,4218.7,4330.6,111.9,1298.1,41.8,0
2325,suv,4.8,road_loopA_f0,road_loopA_f1,4208.7,4330.8,122.1,1304.2,38.4,0
2320,car,4.5,road_loopA_f0,road_loopA_f1,4202.2,4331.3,129.1,1303.6,36.4,0
2358,car,4.5,xloopA_0Aa,xloopA_0Ab,4228.3,4331.3,103.0,84.8,3.0,1
2362,suv,4.8,road_loopA_f0,road_loopA_f1,4229.2,4331.7,102.5,1303.9,45.8,0
2351,car,4.5,road_loopA_r0,road_loopA_r1,4223.3,4332.0,108.7,1297.9,43.0,0
2369,car,4.5,road_loopA_r0,road_loopA_r1,4231.8,4332.4,100.6,1298.3,46.4,0
2346,car,4.5,road_loopA_r0,road_loopA_r1,4217.7,4333.2,115.5,1297.4,40.4,0
2377,car,4.5,xloopA_0Aa,xloopA_0Ab,4238.5,4333.3,94.8,84.1,3.2,1
2328,car,4.5,road_loopA_f0,road_loopA_f1,4210.2,4333.7,123.5,1304.0,38.0,0
2355,car,4.5,road_loopA_r0,road_loopA_r1,4225.7,4333.7,108.0,1297.8,43.3,0
2407,car,4.5,xloopA_0Ba,xloopA_0Bb,4262.9,4334.1,71.2,84.5,4.3,1
2331,suv,4.8,road_loopA_f0,road_loopA_f1,4211.1,4334.4,123.3,1304.0,38.1,0
2357,suv,4.8,road_loopA_r0,road_loopA_r1,4227.1,4335.2,108.1,1297.8,43.2,0
2406,car,4.5,xloopA_0Aa,xloopA_0Ab,4262.7,4335.6,72.9,84.1,4.2,1
2378,car,4.5,road_loopA_r0,road_loopA_r1,4238.5,4335.8,97.3,1298.1,48.0,0
2359,car,4.5,road_loopA_f0,road_loopA_f1,4228.5,4335.9,107.4,1303.1,43.7,0
2349,truck,8.5,road_loopA_f0,road_loopA_f1,4222.7,4336.5,113.8,1303.1,41.2,0
2340,car,4.5,road_loopA_r0,road_loopA_r1,4216.4,4336.7,120.3,1297.4,38.8,0
2371,car,4.5,road_loopA_f0,road_loopA_f1,4232.8,4336.7,103.9,1302.9,45.2,0
2352,suv,4.8,road_loopA_r0,road_loopA_r1,4223.7,4337.5,113.8,1297.3,41.0,0
2379,car,4.5,road_loopA_f0,road_loopA_f1,4239.4,4338.2,98.8,1303.9,47.5,0
2353,car,4.5,road_loopA_f0,road_loopA_f1,4225.1,4338.5,113.4,1303.1,41.4,0
2348,truck,8.5,road_loopA_r0,road_loopA_r1,4222.3,4338.8,116.5,1297.6,40.1,0
2373,suv,4.8,road_loopA_f0,road_loopA_f1,4234.6,4340.1,105.5,1303.9,44.5,0
2363,car,4.5,road_loopA_f0,road_loopA_f1,4229.3,4340.3,111.0,1303.3,42.3,0
2452,car,4.5,xloopA_0Ba,xloopA_0Bb,4309.1,4340.7,31.6,84.4,9.6,0
2300,bus,11.0,road_loopA_r0,road_loopA_r1,4182.5,4340.8,158.3,1297.3,29.5,2
2372,car,4.5,road_loopA_f0,road_loopA_f1,4234.3,4341.9,107.6,1303.0,43.6,0
2469,car,4.5,xloopA_0Ba,xloopA_0Bb,4323.4,4342.7,19.3,84.3,15.7,0
2361,truck,8.5,road_loopA_f0,road_loopA_f1,4229.0,4343.3,114.3,1303.3,41.0,0
2332,car,4.5,road_loopA_f0,road_loopA_f1,4211.2,4344.2,133.0,1302.8,35.3,0
2479,car,4.5,xloopA_0Ba,xloopA_0Bb,4331.8,4344.7,12.9,84.3,23.5,0
2382,car,4.5,road_loopA_f0,road_loopA_f1,4241.0,4345.2,104.2,1303.6,45.0,0
2350,car,4.5,road_loopA_f0,road_loopA_f1,4223.3,4347.1,123.8,1302.9,37.9,0
2293,suv,4.8,road_loopA_f0,road_loopA_f1,4174.9,4347.2,172.3,1302.8,27.2,1
2238,car,4.5,xloopA_0Aa,road_loopA_f1,4121.1,4348.8,227.7,872.4,13.8,0
2376,car,4.5,road_loopA_f0,road_loopA_f1,4237.5,4349.0,111.5,1303.5,42.1,0
2402,suv,4.8,road_loopA_f0,road_loopA_f1,4258.6,4349.5,90.9,1303.3,51.6,0
2401,suv,4.8,road_loopA_f0,road_loopA_f1,4257.1,4350.7,93.6,1303.1,50.1,0
2285,truck,8.5,road_loopA_f0,road_loopA_f1,4168.4,4351.1,182.7,1303.5,25.7,1
2403,suv,4.8,road_loopA_f0,road_loopA_f1,4258.9,4352.1,93.2,1303.3,50.4,0
2330,suv,4.8,road_loopA_f0,road_loopA_f1,4210.7,4353.3,142.6,1303.4,32.9,0
2345,car,4.5,road_loopA_f0,road_loopA_f1,4217.4,4353.5,136.1,1303.0,34.5,0
2386,car,4.5,road_loopA_f0,road_loopA_f1,4247.7,4354.7,107.0,1303.1,43.8,0
2394,car,4.5,road_loopA_f0,road_loopA_f1,4253.3,4356.2,102.9,1303.9,45.6,0
2410,suv,4.8,road_loopA_f0,road_loopA_f1,4268.7,4359.3,90.6,1304.0,51.8,0
2425,car,4.5,road_loopA_f0,xloopA_0Bb,4287.4,4359.6,72.2,478.8,23.9,2
2392,car,4.5,road_loopA_r0,xloopA_0Ab,4251.4,4359.9,108.5,868.9,28.8,2
2405,car,4.5,road_loopA_f0,road_loopA_f1,4262.5,4360.4,97.9,1303.7,47.9,0
2374,truck,8.5,road_loopA_r0,xloopA_0Ab,4236.8,4365.1,128.3,869.2,24.4,1
2334,bus,11.0,road_loopA_f0,road_loopA_f1,4212.1,4372.6,160.5,1303.5,29.2,2
2476,car,4.5,road_loopA_f0,xloopA_0Bb,4329.7,4375.8,46.1,478.6,37.4,0
2385,bus,11.0,road_loopA_f0,road_loopA_f1,4246.3,4377.6,131.3,1303.7,35.8,1
2397,car,4.5,road_loopA_f0,road_loopA_f1,4255.6,4377.8,122.2,1303.6,38.4,0
2366,car,4.5,road_loopA_r0,road_loopA_r1,4231.0,4385.5,154.5,1298.0,30.2,1
2393,suv,4.8,road_loopA_f0,road_loopA_f1,4252.0,4385.5,133.5,1302.9,35.1,0
2439,car,4.5,xloopA_0Ba,road_loopA_r1,4300.4,4385.5,85.1,476.9,20.2,1
2356,car,4.5,road_loopA_r0,road_loopA_r1,4226.3,4387.1,160.8,1297.3,29.0,1
2395,car,4.5,road_loopA_r0,road_loopA_r1,4253.6,4387.2,133.6,1298.4,35.0,1
2383,car,4.5,road_loopA_r0,road_loopA_r1,4242.6,4388.4,145.8,1298.2,32.1,1
2396,suv,4.8,road_loopA_r0,road_loopA_r1,4255.0,4388.9,133.9,1298.2,34.9,1
2387,suv,4.8,road_loopA_r0,road_loopA_r1,4247.8,4390.1,142.3,1297.9,32.8,1
2415,car,4.5,xloopA_0Ba,road_loopA_r1,4275.1,4391.3,116.2,476.6,14.8,1
2384,car,4.5,road_loopA_r0,road_loopA_r1,4243.5,4391.4,147.9,1297.4,31.6,1
2391,car,4.5,road_loopA_r0,road_loopA_r1,4250.4,4391.9,141.5,1298.1,33.0,1
2398,truck,8.5,road_loopA_r0,road_loopA_r1,4256.0,4393.3,137.3,1297.9,34.0,1
2370,car,4.5,road_loopA_r0,road_loopA_r1,4231.8,4393.8,162.0,1298.2,28.8,1
2375,suv,4.8,road_loopA_r0,road_loopA_r1,4237.2,4395.6,158.4,1298.6,29.5,1
2411,car,4.5,road_loopA_r0,road_loopA_r1,4269.7,4395.6,125.9,1297.4,37.1,1
2512,car,4.5,road_loopA_f0,xloopA_0Bb,4355.2,4395.6,40.4,478.8,42.7,0
2464,car,4.5,xloopA_0Aa,road_loopA_r1,4319.4,4397.5,78.1,507.1,23.4,0
2389,car,4.5,road_loopA_r0,road_loopA_r1,4249.3,4397.8,148.5,1298.3,31.5,1
2414,car,4.5,road_loopA_r0,road_loopA_r1,4273.3,4397.8,124.5,1298.0,37.5,1
2367,car,4.5,road_loopA_r0,road_loopA_r1,4231.2,4399.1,167.9,1297.6,27.8,1
2399,car,4.5,road_loopA_r0,road_loopA_r1,4256.8,4399.8,143.0,1298.3,32.7,1
2381,car,4.5,road_loopA_r0,road_loopA_r1,4240.1,4400.9,160.8,1297.6,29.1,1
2409,car,4.5,road_loopA_r0,road_loopA_r1,4267.6,4401.4,133.8,1298.5,34.9,1
2418,truck,8.5,road_loopA_r0,road_loopA_r1,4277.3,4402.7,125.4,1297.7,37.3,0
2388,truck,8.5,road_loopA_r0,road_loopA_r1,4249.0,4403.0,154.0,1298.3,30.4,1
2390,suv,4.8,road_loopA_r0,road_loopA_r1,4250.3,4404.2,153.9,1297.8,30.4,1
2413,car,4.5,road_loopA_f0,road_loopA_f1,4271.9,4404.4,132.5,1302.8,35.4,1
2432,suv,4.8,road_loopA_r0,road_loopA_r1,4293.6,4404.7,111.1,1298.4,42.1,0
2422,suv,4.8,road_loopA_r0,road_loopA_r1,4284.1,4405.5,121.4,1298.3,38.5,0
2404,car,4.5,road_loopA_r0,road_loopA_r1,4261.5,4405.6,144.1,1297.3,32.4,1
2417,car,4.5,road_loopA_f0,road_loopA_f1,4277.3,4406.0,128.7,1304.0,36.5,1
2440,car,4.5,road_loopA_r0,road_loopA_r1,4301.7,4406.4,104.7,1298.2,44.6,0
2437,car,4.5,road_loopA_r0,road_loopA_r1,4299.9,4407.3,107.4,1298.5,43.5,0
2421,suv,4.8,road_loopA_f0,road_loopA_f1,4280.6,4407.4,126.8,1303.2,37.0,1
2412,car,4.5,road_loopA_r0,road_loopA_r1,4270.9,4407.5,136.6,1297.4,34.2,1
2447,car,4.5,road_loopA_r0,road_loopA_r1,4305.8,4409.0,103.2,1297.8,45.3,0
2416,car,4.5,road_loopA_r0,road_loopA_r1,4276.8,4409.4,132.6,1297.8,35.2,1
2429,suv,4.8,road_loopA_f0,road_loopA_f1,4290.5,4410.2,119.7,1303.3,39.2,1
2446,car,4.5,road_loopA_r0,road_loopA_r1,4305.1,4410.7,105.6,1297.4,44.3,0
2419,car,4.5,road_loopA_r0,road_loopA_r1,4279.8,4411.2,131.4,1298.5,35.6,1
2424,car,4.5,road_loopA_r0,road_loopA_r1,4287.1,4412.1,125.0,1297.3,37.4,0
2426,car,4.5,road_loopA_r0,road_loopA_r1,4289.9,4412.9,123.0,1297.3,38.0,0
2458,suv,4.8,road_loopA_r0,road_loopA_r1,4316.2,4414.0,97.8,1297.3,47.8,0
2442,car,4.5,road_loopA_r0,road_loopA_r1,4302.5,4414.6,112.1,1298.3,41.7,0
2427,car,4.5,road_loopA_r0,road_loopA_r1,4290.0,4414.7,124.7,1297.3,37.4,0
2462,car,4.5,road_loopA_r0,road_loopA_r1,4318.8,4415.9,97.1,1297.7,48.1,0
2456,car,4.5,road_loopA_r0,road_loopA_r1,4314.6,4416.2,101.6,1298.1,46.0,0
2431,car,4.5,road_loopA_r0,road_loopA_r1,4292.5,4416.7,124.2,1298.4,37.6,0
2423,truck,8.5,road_loopA_f0,road_loopA_f1,4284.3,4417.9,133.6,1303.5,35.1,1
2444,car,4.5,road_loopA_r0,road_loopA_r1,4303.1,4417.9,114.8,1298.1,40.7,0
2463,car,4.5,road_loopA_r0,road_loopA_r1,4319.2,4418.6,99.4,1297.4,47.0,0
2436,car,4.5,road_loopA_f0,road_loopA_f1,4298.6,4420.0,121.4,1303.3,38.7,1
2408,car,4.5,road_loopA_f0,road_loopA_f1,4263.7,4420.6,156.9,1302.8,29.9,1
2441,car,4.5,road_loopA_f0,road_loopA_f1,4301.7,4421.7,120.0,1302.8,39.1,1
2448,car,4.5,road_loopA_f0,road_loopA_f1,4305.8,4422.4,116.6,1303.0,40.2,1
2420,car,4.5,road_loopA_f0,road_loopA_f1,4280.3,4422.5,142.2,1303.8,33.0,1
2467,truck,8.5,road_loopA_r0,road_loopA_r1,4322.0,4423.7,101.7,1297.9,45.9,0
2453,suv,4.8,road_loopA_r0,road_loopA_r1,4311.7,4423.9,112.2,1297.5,41.6,0
2435,truck,8.5,road_loopA_f0,road_loopA_f1,4296.4,4424.6,128.2,1303.0,36.6,1
2434,car,4.5,road_loopA_f0,road_loopA_f1,4295.9,4425.2,129.3,1303.3,36.3,1
2438,car,4.5,road_loopA_f0,road_loopA_f1,4300.2,4425.3,125.1,1303.6,37.5,1
2433,car,4.5,road_loopA_r0,road_loopA_r1,4293.9,4425.4,131.5,1297.6,35.5,0
2480,car,4.5,road_loopA_r0,road_loopA_r1,4331.9,4425.7,93.8,1298.4,49.8,0
2466,car,4.5,road_loopA_r0,road_loopA_r1,4321.2,4425.9,104.7,1298.1,44.7,0
2443,suv,4.8,road_loopA_f0,road_loopA_f1,4302.7,4426.5,123.8,1303.5,37.9,1
2455,car,4.5,road_loopA_f0,road_loopA_f1,4313.5,4427.1,113.6,1303.0,41.3,0
2461,car,4.5,road_loopA_r0,road_loopA_r1,4318.8,4427.1,108.3,1298.3,43.1,0
2485,car,4.5,road_loopA_r0,road_loopA_r1,4336.5,4427.9,91.4,1297.7,51.1,0
2450,truck,8.5,road_loopA_f0,road_loopA_f1,4307.4,4428.7,121.3,1303.7,38.7,1
2468,car,4.5,road_loopA_r0,road_loopA_r1,4322.3,4428.7,106.4,1297.3,43.9,0
2465,truck,8.5,road_loopA_f0,road_loopA_f1,4321.1,4429.9,108.8,1303.8,43.1,0
2457,car,4.5,road_loopA_f0,road_loopA_f1,4315.9,4430.1,114.2,1303.0,41.1,0
2460,car,4.5,road_loopA_r0,road_loopA_r1,4318.3,4430.3,112.0,1297.5,41.7,0
2474,car,4.5,road_loopA_r0,road_loopA_r1,4327.8,4430.5,102.7,1298.5,45.5,0
2491,car,4.5,road_loopA_r0,road_loopA_r1,4340.2,4431.0,90.8,1297.7,51.4,0
2157,suv,4.8,road_loopA_r0,xloopA_0Bb,4053.9,4431.6,377.7,896.0,8.5,3
2470,car,4.5,road_loopA_f0,road_loopA_f1,4324.1,4431.7,107.6,1302.9,43.6,0
2471,suv,4.8,road_loopA_f0,road_loopA_f1,4325.4,4432.0,106.6,1304.1,44.0,0
2482,suv,4.8,road_loopA_r0,road_loopA_r1,4333.4,4432.0,98.6,1298.1,47.4,0
2380,car,4.5,road_loopA_f0,xloopA_0Ab,4240.1,4432.1,192.0,505.5,9.5,2
2478,suv,4.8,road_loopA_r0,road_loopA_r1,4331.2,4432.2,101.0,1298.2,46.3,0
2475,car,4.5,road_loopA_f0,road_loopA_f1,4328.1,4433.5,105.4,1304.2,44.6,0
2477,suv,4.8,road_loopA_f0,road_loopA_f1,4330.0,4433.8,103.8,1303.4,45.2,0
2492,car,4.5,road_loopA_r0,road_loopA_r1,4342.6,4433.9,91.3,1297.4,51.2,0
2430,car,4.5,road_loopA_r0,road_loopA_r1,4291.3,4434.1,142.8,1298.6,32.7,1
2171,car,4.5,road_loopA_r0,xloopA_0Bb,4063.5,4434.2,370.7,895.7,8.7,3
2428,car,4.5,road_loopA_f0,xloopA_0Ab,4290.3,4434.6,144.3,505.0,12.6,1
2483,car,4.5,road_loopA_f0,road_loopA_f1,4333.7,4434.8,101.1,1303.5,46.4,0
2484,car,4.5,road_loopA_f0,road_loopA_f1,4334.9,4435.1,100.2,1303.5,46.8,0
2454,car,4.5,road_loopA_r0,road_loopA_r1,4312.5,4435.6,123.1,1297.7,37.9,1
2473,suv,4.8,road_loopA_r0,road_loopA_r1,4327.4,4435.6,108.2,1298.2,43.2,0
2496,suv,4.8,road_loopA_r0,road_loopA_r1,4344.6,4435.7,91.1,1298.4,51.3,0
2183,suv,4.8,road_loopA_r0,xloopA_0Bb,4072.6,4436.9,364.3,895.9,8.9,3
2489,car,4.5,road_loopA_f0,road_loopA_f1,4338.5,4436.9,98.4,1303.7,47.7,0
2451,car,4.5,road_loopA_f0,xloopA_0Ab,4307.8,4437.3,129.5,505.2,14.0,1
2497,suv,4.8,road_loopA_r0,road_loopA_r1,4345.4,4437.4,92.0,1297.6,50.8,0
2501,car,4.5,road_loopA_f0,road_loopA_f1,4348.4,4438.7,90.3,1303.0,51.9,0
2502,car,4.5,road_loopA_r0,road_loopA_r1,4349.1,4439.6,90.5,1297.3,51.6,0
2445,truck,8.5,road_loopA_r0,road_loopA_r1,4303.7,4440.2,136.5,1298.4,34.2,1
2195,truck,8.5,road_loopA_r0,xloopA_0Bb,4084.6,4440.4,355.8,895.8,9.1,3
2486,car,4.5,road_loopA_f0,road_loopA_f1,4337.4,4440.4,103.0,1303.6,45.6,0
2504,car,4.5,road_loopA_f0,road_loopA_f1,4350.1,4440.6,90.5,1303.8,51.8,0
2472,truck,8.5,road_loopA_f0,xloopA_0Ab,4327.4,4440.8,113.4,505.5,16.0,1
2506,car,4.5,road_loopA_r0,road_loopA_r1,4352.0,4441.6,89.6,1297.7,52.1,0
2508,suv,4.8,road_loopA_f0,road_loopA_f1,4353.0,4442.5,89.5,1302.8,52.4,0
2507,suv,4.8,road_loopA_r0,road_loopA_r1,4352.3,4443.8,91.5,1298.2,51.1,0
2503,car,4.5,road_loopA_f0,road_loopA_f1,4349.3,4444.2,94.9,1303.5,49.4,0
2494,car,4.5,road_loopA_f0,road_loopA_f1,4343.8,4444.6,100.8,1303.5,46.5,0
2495,suv,4.8,road_loopA_r0,road_loopA_r1,4344.0,4445.5,101.5,1298.5,46.0,0
2510,car,4.5,road_loopA_f0,road_loopA_f1,4354.5,4445.9,91.4,1303.3,51.4,0
2519,car,4.5,xloopA_0Ba,xloopA_0Bb,4361.9,4446.3,84.4,84.5,3.6,1
2526,car,4.5,xloopA_0Ba,xloopA_0Bb,4369.7,4449.4,79.7,84.1,3.8,1
2514,car,4.5,xloopA_0Aa,xloopA_0Ab,4359.1,4449.7,90.6,84.1,3.3,1
2529,car,4.5,xloopA_0Ba,xloopA_0Bb,4374.0,4451.5,77.5,84.6,3.9,1
2505,truck,8.5,road_loopA_f0,road_loopA_f1,4351.2,4451.6,100.4,1303.5,46.7,0
2515,car,4.5,xloopA_0Aa,xloopA_0Ab,4359.3,4451.9,92.6,84.6,3.3,1
2516,car,4.5,road_loopA_f0,road_loopA_f1,4359.6,4452.5,92.9,1303.0,50.5,0
2525,car,4.5,xloopA_0Aa,xloopA_0Ab,4369.7,4454.1,84.4,84.8,3.6,0
2553,car,4.5,xloopA_0Aa,xloopA_0Ab,4392.6,4456.8,64.2,84.6,4.7,0
2523,car,4.5,road_loopA_f0,road_loopA_f1,4367.4,4457.2,89.8,1302.8,52.2,0
2557,car,4.5,xloopA_0Aa,xloopA_0Ab,4395.8,4458.6,62.8,84.5,4.8,0
2560,car,4.5,xloopA_0Aa,xloopA_0Ab,4396.9,4461.4,64.5,84.4,4.7,0
2567,car,4.5,xloopA_0Aa,xloopA_0Ab,4405.0,4463.5,58.5,84.3,5.2,0
2518,car,4.5,road_loopA_f0,road_loopA_f1,4361.4,4466.3,104.9,1303.2,44.7,0
2530,suv,4.8,road_loopA_f0,road_loopA_f1,4374.2,4469.3,95.1,1303.8,49.4,0
2520,suv,4.8,road_loopA_f0,road_loopA_f1,4364.6,4470.1,105.5,1303.8,44.5,0
2522,car,4.5,road_loopA_f0,road_loopA_f1,4366.4,4471.8,105.4,1303.0,44.5,0
2527,car,4.5,road_loopA_f0,road_loopA_f1,4370.9,4473.9,103.0,1303.9,45.6,0
2531,car,4.5,road_loopA_f0,road_loopA_f1,4374.3,4474.6,100.3,1303.8,46.8,0
2546,car,4.5,road_loopA_f0,road_loopA_f1,4384.8,4475.5,90.7,1303.7,51.7,0
2540,car,4.5,road_loopA_f0,road_loopA_f1,4380.2,4476.3,96.1,1303.3,48.8,0
2545,truck,8.5,road_loopA_f0,road_loopA_f1,4383.1,4478.5,95.4,1303.1,49.2,0
2575,suv,4.8,road_loopA_f0,xloopA_0Bb,4411.8,4478.7,66.9,479.2,25.8,1
2459,bus,11.0,road_loopA_f0,road_loopA_f1,4317.4,4481.4,164.0,1303.1,28.6,2
2538,car,4.5,road_loopA_f0,road_loopA_f1,4377.9,4482.9,105.0,1303.3,44.7,0
2595,car,4.5,road_loopA_f0,xloopA_0Bb,4436.1,4483.0,46.9,478.7,36.7,0
2521,car,4.5,road_loopA_f0,road_loopA_f1,4365.6,4489.3,123.7,1303.7,37.9,0
2517,car,4.5,road_loopA_r0,road_loopA_r1,4359.7,4499.6,139.9,1297.8,33.4,1
2511,truck,8.5,road_loopA_r0,road_loopA_r1,4354.5,4499.9,145.4,1297.8,32.1,1
2500,car,4.5,road_loopA_r0,road_loopA_r1,4348.2,4500.3,152.1,1297.3,30.7,1
2533,car,4.5,road_loopA_r0,road_loopA_r1,4375.3,4502.2,126.9,1297.3,36.8,1
2524,car,4.5,road_loopA_r0,road_loopA_r1,4368.8,4502.3,133.5,1298.5,35.0,1
2536,suv,4.8,road_loopA_r0,road_loopA_r1,4375.8,4504.3,128.5,1298.5,36.4,1
2634,car,4.5,road_loopA_f0,xloopA_0Bb,4462.1,4505.6,43.5,478.7,39.6,0
2513,car,4.5,road_loopA_r0,road_loopA_r1,4357.3,4505.7,148.4,1297.7,31.5,1
2539,car,4.5,road_loopA_r0,road_loopA_r1,4379.6,4506.0,126.4,1297.4,37.0,1
2541,suv,4.8,road_loopA_r0,road_loopA_r1,4380.8,4509.1,128.3,1298.3,36.4,1
2528,suv,4.8,road_loopA_r0,road_loopA_r1,4370.9,4509.8,138.9,1297.3,33.6,1
2549,suv,4.8,road_loopA_r0,road_loopA_r1,4386.2,4510.4,124.2,1298.3,37.6,1
2544,suv,4.8,road_loopA_r0,road_loopA_r1,4382.9,4511.9,129.0,1297.8,36.2,1
2537,car,4.5,xloopA_0Aa,road_loopA_r1,4377.4,4512.9,135.5,507.0,13.5,0
2555,car,4.5,road_loopA_r0,road_loopA_r1,4393.2,4513.2,120.0,1298.1,38.9,1
2547,car,4.5,road_loopA_r0,road_loopA_r1,4385.0,4513.6,128.6,1297.9,36.3,1
2509,car,4.5,road_loopA_r0,road_loopA_r1,4354.0,4514.6,160.6,1297.9,29.1,1
2579,car,4.5,road_loopA_r0,road_loopA_r1,4416.5,4515.5,99.0,1298.1,47.2,0
2652,suv,4.8,road_loopA_f0,xloopA_0Bb,4472.8,4515.6,42.8,479.0,40.3,0
2535,car,4.5,road_loopA_r0,road_loopA_r1,4375.8,4516.3,140.5,1297.7,33.3,1
2584,suv,4.8,road_loopA_r0,road_loopA_r1,4424.8,4516.9,92.1,1298.2,50.7,0
2564,suv,4.8,road_loopA_r0,road_loopA_r1,4403.2,4517.9,114.7,1297.5,40.7,0
2543,car,4.5,road_loopA_r0,road_loopA_r1,4381.3,4518.0,136.7,1298.2,34.2,1
2611,car,4.5,road_loopA_r0,xloopA_0Ab,4447.8,4519.2,71.4,869.0,43.8,0
2562,car,4.5,road_loopA_r0,road_loopA_r1,4399.5,4519.6,120.1,1297.5,38.9,0
2582,car,4.5,road_loopA_r0,road_loopA_r1,4422.7,4519.7,97.0,1298.1,48.2,0
2587,suv,4.8,road_loopA_r0,road_loopA_r1,4429.2,4519.8,90.6,1298.4,51.6,0
2566,car,4.5,road_loopA_r0,road_loopA_r1,4404.6,4521.5,116.9,1298.1,40.0,0
2576,suv,4.8,road_loopA_r0,road_loopA_r1,4415.0,4522.2,107.2,1298.4,43.6,0
2559,car,4.5,road_loopA_f0,road_loopA_f1,4396.6,4523.3,126.7,1303.9,37.0,1
2556,suv,4.8,road_loopA_r0,road_loopA_r1,4393.4,4523.9,130.5,1298.3,35.8,0
2667,suv,4.8,road_loopA_f0,xloopA_0Bb,4484.1,4524.6,40.5,479.1,42.6,0
2597,car,4.5,road_loopA_r0,road_loopA_r1,4436.4,4525.6,89.2,1298.5,52.4,0
2570,car,4.5,road_loopA_f0,road_loopA_f1,4409.1,4526.3,117.2,1302.9,40.0,1
2598,suv,4.8,road_loopA_r0,road_loopA_r1,4436.6,4526.9,90.3,1297.9,51.7,0
2534,bus,11.0,road_loopA_r0,road_loopA_r1,4375.7,4528.1,152.4,1298.1,30.7,3
2600,car,4.5,road_loopA_r0,road_loopA_r1,4438.9,4528.6,89.7,1297.7,52.1,0
2563,suv,4.8,road_loopA_f0,road_loopA_f1,4400.3,4528.7,128.4,1303.3,36.6,1
2591,car,4.5,road_loopA_r0,xloopA_0Ab,4430.9,4529.1,98.2,869.2,31.8,1
2488,bus,11.0,road_loopA_r0,road_loopA_r1,4338.1,4535.2,197.1,1297.3,23.7,3
2571,car,4.5,road_loopA_f0,road_loopA_f1,4409.3,4535.9,126.6,1303.1,37.1,1
2542,car,4.5,road_loopA_f0,road_loopA_f1,4381.2,4536.4,155.2,1303.6,30.2,1
2561,car,4.5,road_loopA_f0,road_loopA_f1,4397.6,4537.1,139.5,1303.0,33.6,1
2679,suv,4.8,road_loopA_f0,xloopA_0Bb,4496.7,4537.3,40.6,479.1,42.5,0
2577,truck,8.5,road_loopA_f0,road_loopA_f1,4415.3,4538.1,122.8,1303.1,38.2,1
2568,suv,4.8,road_loopA_f0,road_loopA_f1,4407.2,4538.4,131.2,1303.1,35.8,1
2608,car,4.5,road_loopA_r0,road_loopA_r1,4446.9,4539.9,93.0,1298.3,50.2,0
2580,suv,4.8,road_loopA_f0,road_loopA_f1,4417.8,4540.6,122.8,1304.0,38.2,1
2589,truck,8.5,road_loopA_f0,road_loopA_f1,4430.5,4540.6,110.1,1302.9,42.6,1
2617,car,4.5,road_loopA_r0,road_loopA_r1,4451.0,4541.8,90.8,1297.5,51.5,0
2574,car,4.5,road_loopA_f0,road_loopA_f1,4411.5,4542.6,131.1,1302.8,35.8,1
2606,car,4.5,road_loopA_r0,road_loopA_r1,4445.3,4542.9,97.6,1297.9,47.9,0
2621,car,4.5,road_loopA_r0,road_loopA_r1,4453.6,4543.5,89.9,1297.4,52.0,0
2602,car,4.5,road_loopA_f0,road_loopA_f1,4442.5,4544.6,102.1,1304.1,46.0,0
2609,suv,4.8,road_loopA_r0,road_loopA_r1,4446.9,4544.6,97.7,1298.5,47.8,0
2583,suv,4.8,road_loopA_f0,road_loopA_f1,4424.5,4544.8,120.3,1303.7,39.0,1
2593,car,4.5,road_loopA_f0,road_loopA_f1,4432.5,4546.5,114.0,1303.3,41.2,0
2626,car,4.5,road_loopA_r0,road_loopA_r1,4454.5,4546.8,92.3,1297.6,50.6,0
2619,car,4.5,road_loopA_f0,road_loopA_f1,4451.6,4547.9,96.3,1303.3,48.7,0
2628,car,4.5,road_loopA_r0,road_loopA_r1,4457.4,4548.5,91.1,1297.8,51.3,0
2216,car,4.5,road_loopA_r0,xloopA_0Bb,4097.6,4548.7,451.1,895.4,7.1,4
2499,suv,4.8,road_loopA_f0,xloopA_0Ab,4347.1,4549.3,202.2,505.5,9.0,2
2627,suv,4.8,road_loopA_r0,road_loopA_r1,4455.8,4550.8,95.0,1298.0,49.2,0
2277,car,4.5,road_loopA_r0,xloopA_0Bb,4164.4,4551.3,386.9,895.4,8.3,3
2596,car,4.5,road_loopA_f0,road_loopA_f1,4436.3,4551.6,115.3,1303.7,40.7,0
2558,suv,4.8,road_loopA_f0,xloopA_0Ab,4396.5,4551.9,155.4,504.9,11.7,1
2624,car,4.5,road_loopA_r0,road_loopA_r1,4454.1,4552.7,98.6,1298.6,47.4,0
2578,car,4.5,road_loopA_f0,road_loopA_f1,4416.3,4553.3,137.0,1303.9,34.3,1
2623,suv,4.8,road_loopA_f0,road_loopA_f1,4454.1,4553.8,99.7,1303.2,47.0,0
2365,car,4.5,road_loopA_r0,xloopA_0Bb,4229.9,4554.0,324.1,895.7,9.9,3
2592,car,4.5,road_loopA_f0,xloopA_0Ab,4431.9,4554.6,122.7,505.1,14.8,2
2632,car,4.5,road_loopA_r0,road_loopA_r1,4460.9,4556.1,95.2,1297.3,49.1,0
2604,car,4.5,road_loopA_f0,road_loopA_f1,4444.5,4557.6,113.1,1303.8,41.5,0
2618,car,4.5,road_loopA_r0,road_loopA_r1,4451.3,4558.4,107.1,1297.7,43.6,0
2646,car,4.5,road_loopA_r0,road_loopA_r1,4467.4,4558.5,91.1,1298.1,51.3,0
2637,car,4.5,road_loopA_r0,road_loopA_r1,4463.8,4558.7,94.9,1298.3,49.2,0
2603,suv,4.8,road_loopA_f0,road_loopA_f1,4442.9,4559.4,116.5,1303.8,40.3,0
2610,car,4.5,road_loopA_f0,road_loopA_f1,4447.3,4559.4,112.1,1303.7,41.9,0
2630,car,4.5,road_loopA_r0,road_loopA_r1,4459.9,4560.1,100.2,1297.6,46.6,0
2647,car,4.5,road_loopA_r0,road_loopA_r1,4467.9,4560.5,92.6,1298.3,50.5,0
2493,car,4.5,xloopA_0Aa,road_loopA_f1,4342.7,4561.2,218.5,872.1,14.4,1
2614,truck,8.5,road_loopA_f0,road_loopA_f1,4448.4,4561.7,113.3,1303.0,41.4,0
2633,suv,4.8,road_loopA_r0,road_loopA_r1,4461.8,4561.9,100.1,1298.3,46.7,0
2625,suv,4.8,road_loopA_f0,road_loopA_f1,4454.6,4562.7,108.1,1303.5,43.4,0
2645,suv,4.8,road_loopA_r0,road_loopA_r1,4466.9,4562.8,95.9,1297.3,48.7,0
2638,car,4.5,road_loopA_r0,road_loopA_r1,4463.9,4563.7,99.8,1298.6,46.9,0
2573,car,4.5,road_loopA_f0,road_loopA_f1,4410.9,4564.0,153.1,1304.0,30.7,1
2650,car,4.5,road_loopA_r0,road_loopA_r1,4471.9,4565.0,93.1,1297.7,50.2,0
2642,car,4.5,road_loopA_r0,road_loopA_r1,4466.0,4565.5,99.5,1297.4,47.0,0
2548,bus,11.0,road_loopA_f0,road_loopA_f1,4385.7,4566.6,180.9,1303.3,25.9,2
2599,car,4.5,road_loopA_f0,road_loopA_f1,4438.4,4566.7,128.3,1303.5,36.6,0
2554,bus,11.0,road_loopA_f0,road_loopA_f1,4392.6,4567.0,174.4,1303.5,26.9,2
2655,car,4.5,road_loopA_r0,road_loopA_r1,4473.5,4567.2,93.7,1297.3,49.9,0
2641,car,4.5,road_loopA_r0,road_loopA_r1,4465.6,4567.8,102.2,1298.0,45.7,0
2629,truck,8.5,road_loopA_f0,road_loopA_f1,4457.9,4569.0,111.1,1303.5,42.2,0
2639,truck,8.5,road_loopA_f0,road_loopA_f1,4464.7,4569.0,104.3,1303.1,45.0,0
2644,car,4.5,road_loopA_r0,road_loopA_r1,4466.9,4569.5,102.6,1297.8,45.5,0
2648,car,4.5,road_loopA_f0,road_loopA_f1,4469.4,4571.0,101.6,1303.0,46.2,0
2640,suv,4.8,road_loopA_f0,road_loopA_f1,4465.5,4571.1,105.6,1303.5,44.4,0
2607,car,4.5,road_loopA_r0,xloopA_0Ab,4446.1,4571.9,125.8,868.9,24.9,3
2660,car,4.5,road_loopA_f0,road_loopA_f1,4479.6,4572.8,93.2,1303.0,50.3,0
2590,car,4.5,road_loopA_f0,road_loopA_f1,4430.8,4574.1,143.3,1303.8,32.7,0
2588,car,4.5,xloopA_0Aa,road_loopA_f1,4429.8,4574.4,144.6,872.2,21.7,0
2654,car,4.5,road_loopA_f0,road_loopA_f1,4473.4,4575.7,102.3,1303.4,45.9,0
2620,car,4.5,xloopA_0Ba,road_loopA_f1,4452.5,4576.5,124.0,902.5,26.2,0
2616,suv,4.8,road_loopA_f0,road_loopA_f1,4450.3,4577.3,127.0,1303.2,36.9,0
2659,suv,4.8,road_loopA_f0,road_loopA_f1,4479.6,4578.3,98.7,1302.8,47.5,0
2550,truck,8.5,road_loopA_f0,road_loopA_f1,4389.0,4578.7,189.7,1302.9,24.7,1
2649,car,4.5,road_loopA_f0,road_loopA_f1,4469.9,4579.0,109.1,1303.4,43.0,0
2622,car,4.5,road_loopA_f0,road_loopA_f1,4453.8,4580.0,126.2,1303.7,37.2,0
2565,car,4.5,road_loopA_f0,road_loopA_f1,4404.0,4580.7,176.7,1302.8,26.5,1
2701,car,4.5,road_loopA_f0,xloopA_0Bb,4518.8,4580.8,62.0,478.9,27.8,2
2586,car,4.5,road_loopA_f0,road_loopA_f1,4427.9,4580.9,153.0,1303.2,30.7,1
2671,truck,8.5,road_loopA_f0,road_loopA_f1,4487.4,4581.4,94.0,1304.0,50.0,0
2569,suv,4.8,road_loopA_f0,road_loopA_f1,4408.9,4582.5,173.6,1304.0,27.0,1
2572,car,4.5,road_loopA_f0,road_loopA_f1,4410.3,4584.2,173.9,1303.7,27.0,1
2668,suv,4.8,road_loopA_f0,road_loopA_f1,4484.5,4585.5,101.0,1303.9,46.5,0
2581,truck,8.5,road_loopA_f0,road_loopA_f1,4421.3,4586.1,164.8,1303.8,28.5,1
2605,suv,4.8,road_loopA_f0,road_loopA_f1,4444.5,4586.1,141.6,1302.8,33.1,0
2670,car,4.5,road_loopA_f0,road_loopA_f1,4486.9,4587.3,100.4,1304.1,46.7,0
2594,car,4.5,road_loopA_f0,road_loopA_f1,4434.2,4588.2,154.0,1304.0,30.5,0
2636,car,4.5,road_loopA_f0,road_loopA_f1,4462.9,4589.1,126.2,1303.0,37.2,0
2612,suv,4.8,road_loopA_f0,road_loopA_f1,4448.3,4589.9,141.6,1303.0,33.1,0
2681,car,4.5,road_loopA_f0,road_loopA_f1,4497.5,4589.9,92.4,1303.9,50.8,0
2665,car,4.5,road_loopA_f0,road_loopA_f1,4482.8,4591.7,108.9,1303.0,43.1,0
2684,car,4.5,road_loopA_f0,road_loopA_f1,4501.8,4592.4,90.6,1303.6,51.8,0
2732,car,4.5,road_loopA_f0,xloopA_0Bb,4550.3,4592.5,42.2,478.9,40.9,0
2615,bus,11.0,road_loopA_f0,road_loopA_f1,4450.1,4594.4,144.3,1303.5,32.5,1
2676,car,4.5,road_loopA_f0,road_loopA_f1,4495.3,4595.5,100.2,1303.0,46.8,0
2711,truck,8.5,road_loopA_r0,xloopA_0Ab,4524.7,4599.6,74.9,869.2,41.8,0
2656,car,4.5,road_loopA_r0,road_loopA_r1,4475.5,4599.9,124.4,1297.5,37.5,1
2675,truck,8.5,road_loopA_f0,road_loopA_f1,4494.8,4600.6,105.8,1303.9,44.4,0
2651,suv,4.8,road_loopA_r0,road_loopA_r1,4472.5,4601.7,129.2,1298.3,36.2,1
2666,car,4.5,road_loopA_r0,road_loopA_r1,4483.5,4603.4,119.9,1297.6,38.9,1
2658,truck,8.5,road_loopA_r0,road_loopA_r1,4478.8,4604.7,125.9,1297.7,37.1,1
2673,car,4.5,road_loopA_r0,road_loopA_r1,4492.4,4605.1,112.7,1297.4,41.5,1
2657,car,4.5,xloopA_0Ba,road_loopA_r1,4477.1,4605.4,128.3,476.4,13.4,1
2674,car,4.5,road_loopA_f0,road_loopA_f1,4493.3,4606.8,113.5,1303.1,41.3,0
2677,truck,8.5,road_loopA_r0,road_loopA_r1,4496.0,4609.5,113.5,1297.6,41.2,1
2685,car,4.5,road_loopA_r0,road_loopA_r1,4503.7,4610.8,107.1,1297.9,43.6,0
2680,car,4.5,road_loopA_r0,road_loopA_r1,4497.0,4611.5,114.5,1297.7,40.8,1
2682,car,4.5,road_loopA_r0,road_loopA_r1,4499.2,4612.9,113.7,1297.9,41.1,0
2551,bus,11.0,road_loopA_f0,road_loopA_f1,4389.6,4614.7,225.1,1302.9,20.8,4
2698,suv,4.8,road_loopA_r0,road_loopA_r1,4518.3,4614.7,96.4,1298.0,48.5,0
2694,car,4.5,road_loopA_r0,road_loopA_r1,4513.6,4615.6,102.0,1298.0,45.8,0
2697,car,4.5,road_loopA_r0,road_loopA_r1,4517.0,4618.4,101.4,1298.3,46.1,0
2678,suv,4.8,road_loopA_r0,road_loopA_r1,4496.5,4620.9,124.4,1297.6,37.6,0
2688,car,4.5,xloopA_0Aa,road_loopA_r1,4506.4,4621.5,115.1,507.2,15.9,1
2712,suv,4.8,road_loopA_r0,road_loopA_r1,4525.8,4623.2,97.4,1298.0,48.0,0
2643,truck,8.5,road_loopA_r0,road_loopA_r1,4466.5,4623.7,157.2,1298.1,29.7,1
2672,car,4.5,road_loopA_r0,road_loopA_r1,4492.4,4624.8,132.4,1298.2,35.3,1
2691,car,4.5,road_loopA_f0,road_loopA_f1,4512.2,4625.4,113.2,1304.2,41.5,1
2661,car,4.5,road_loopA_r0,road_loopA_r1,4479.7,4625.9,146.2,1297.4,32.0,1
2710,suv,4.8,road_loopA_r0,road_loopA_r1,4522.5,4626.7,104.2,1298.3,44.9,0
2714,car,4.5,road_loopA_r0,road_loopA_r1,4526.6,4628.0,101.4,1297.9,46.1,0
2696,bus,11.0,road_loopA_r0,road_loopA_r1,4516.3,4629.4,113.1,1297.4,41.3,0
2720,car,4.5,road_loopA_r0,road_loopA_r1,4533.7,4629.6,95.9,1297.6,48.7,0
2692,car,4.5,road_loopA_f0,road_loopA_f1,4512.7,4630.0,117.3,1303.0,40.0,1
2721,suv,4.8,road_loopA_r0,road_loopA_r1,4535.8,4630.0,94.2,1298.6,49.6,0
2727,car,4.5,road_loopA_r0,road_loopA_r1,4543.7,4632.7,89.0,1298.5,52.5,0
2703,suv,4.8,road_loopA_f0,road_loopA_f1,4519.1,4632.9,113.8,1303.3,41.2,1
2699,car,4.5,road_loopA_f0,road_loopA_f1,4518.6,4634.9,116.3,1303.0,40.4,1
2704,suv,4.8,road_loopA_f0,road_loopA_f1,4520.4,4636.7,116.3,1302.9,40.3,0
2728,car,4.5,road_loopA_r0,road_loopA_r1,4545.2,4636.7,91.5,1297.4,51.0,0
2687,suv,4.8,road_loopA_f0,road_loopA_f1,4505.9,4638.1,132.2,1303.7,35.5,1
2695,suv,4.8,road_loopA_f0,road_loopA_f1,4514.8,4638.3,123.5,1302.8,38.0,1
2713,car,4.5,road_loopA_r0,road_loopA_r1,4526.2,4638.8,112.6,1297.2,41.5,0
2719,car,4.5,road_loopA_f0,road_loopA_f1,4533.5,4639.1,105.6,1303.0,44.4,0
2686,bus,11.0,road_loopA_r0,road_loopA_r1,4504.2,4640.6,136.4,1298.1,34.3,1
2734,suv,4.8,road_loopA_r0,road_loopA_r1,4551.0,4640.8,89.8,1297.8,52.0,0
2724,car,4.5,road_loopA_f0,road_loopA_f1,4540.3,4642.0,101.7,1304.1,46.2,0
2738,car,4.5,road_loopA_r0,road_loopA_r1,4553.1,4643.6,90.5,1298.7,51.7,0
2717,car,4.5,road_loopA_f0,road_loopA_f1,4528.2,4646.2,118.0,1303.7,39.8,0
2731,suv,4.8,road_loopA_r0,road_loopA_r1,4548.7,4646.7,98.0,1298.1,47.7,0
2683,bus,11.0,road_loopA_r0,road_loopA_r1,4501.4,4647.4,146.0,1298.2,32.0,1
2730,car,4.5,road_loopA_r0,road_loopA_r1,4547.4,4647.4,100.0,1298.4,46.8,0
2693,truck,8.5,road_loopA_f0,road_loopA_f1,4512.7,4648.0,135.3,1303.4,34.7,1
2737,suv,4.8,road_loopA_f0,road_loopA_f1,4551.3,4648.1,96.8,1302.8,48.4,0
2706,car,4.5,road_loopA_f0,road_loopA_f1,4521.7,4650.3,128.6,1302.9,36.5,1
2601,car,4.5,xloopA_0Aa,road_loopA_f1,4442.1,4651.0,208.9,872.5,15.0,1
2729,car,4.5,road_loopA_r0,road_loopA_r1,4547.1,4651.7,104.6,1298.1,44.7,0
2723,car,4.5,road_loopA_f0,road_loopA_f1,4538.7,4652.0,113.3,1303.4,41.4,0
2733,car,4.5,road_loopA_f0,road_loopA_f1,4550.9,4652.3,101.4,1303.6,46.3,0
2368,car,4.5,road_loopA_r0,xloopA_0Bb,4231.6,4652.4,420.8,895.7,7.7,4
2707,car,4.5,road_loopA_f0,road_loopA_f1,4521.8,4654.1,132.3,1304.1,35.5,1
2613,truck,8.5,road_loopA_f0,xloopA_0Ab,4448.3,4654.2,205.9,505.4,8.8,3
2742,car,4.5,road_loopA_f0,road_loopA_f1,4557.6,4654.2,96.6,1304.0,48.6,0
2449,car,4.5,road_loopA_r0,xloopA_0Bb,4307.2,4655.0,347.8,895.7,9.3,4
2747,car,4.5,road_loopA_r0,road_loopA_r1,4562.3,4655.3,93.0,1298.4,50.3,0
2752,car,4.5,road_loopA_r0,road_loopA_r1,4566.4,4655.9,89.5,1298.3,52.2,0
2725,car,4.5,road_loopA_f0,road_loopA_f1,4541.6,4656.1,114.5,1303.7,41.0,0
2750,car,4.5,road_loopA_f0,road_loopA_f1,4565.3,4656.1,90.8,1304.0,51.7,0
2664,suv,4.8,road_loopA_f0,xloopA_0Ab,4482.3,4657.2,174.9,505.3,10.4,2
2481,suv,4.8,road_loopA_r0,xloopA_0Bb,4332.3,4657.7,325.4,896.0,9.9,3
2746,car,4.5,road_loopA_f0,road_loopA_f1,4562.2,4657.9,95.7,1303.7,49.0,0
2702,car,4.5,road_loopA_f0,road_loopA_f1,4518.9,4658.5,139.6,1302.9,33.6,1
2635,car,4.5,xloopA_0Ba,road_loopA_f1,4462.5,4659.2,196.7,903.0,16.5,1
2740,suv,4.8,road_loopA_f0,road_loopA_f1,4556.8,4659.4,102.6,1304.0,45.8,0
2669,car,4.5,road_loopA_f0,xloopA_0Ab,4485.2,4659.9,174.7,505.4,10.4,2
2744,car,4.5,road_loopA_r0,road_loopA_r1,4560.4,4660.0,99.6,1297.5,46.9,0
2487,car,4.5,road_loopA_r0,xloopA_0Bb,4337.6,4660.3,322.7,895.4,10.0,3
2748,car,4.5,road_loopA_f0,road_loopA_f1,4564.9,4660.4,95.5,1304.0,49.2,0
2754,suv,4.8,road_loopA_f0,road_loopA_f1,4569.3,4662.0,92.7,1303.9,50.7,0
2736,suv,4.8,road_loopA_f0,road_loopA_f1,4551.1,4662.1,111.0,1303.9,42.3,0
2751,suv,4.8,road_loopA_f0,road_loopA_f1,4565.9,4662.1,96.2,1303.6,48.8,0
2690,car,4.5,road_loopA_f0,xloopA_0Ab,4509.4,4662.5,153.1,505.0,11.9,1
2490,car,4.5,road_loopA_r0,xloopA_0Bb,4339.8,4663.0,323.2,895.6,10.0,3
2756,car,4.5,road_loopA_f0,road_loopA_f1,4571.5,4663.1,91.6,1303.2,51.2,0
2755,suv,4.8,road_loopA_f0,road_loopA_f1,4571.4,4664.1,92.7,1303.3,50.6,0
2753,car,4.5,road_loopA_r0,road_loopA_r1,4566.7,4665.2,98.5,1298.3,47.5,0
2743,suv,4.8,road_loopA_f0,road_loopA_f1,4559.5,4665.3,105.8,1304.0,44.4,0
2760,suv,4.8,road_loopA_r0,road_loopA_r1,4576.1,4666.1,90.0,1297.5,51.9,0
2745,car,4.5,road_loopA_f0,road_loopA_f1,4561.4,4667.1,105.7,1303.2,44.4,0
2763,car,4.5,road_loopA_f0,road_loopA_f1,4577.6,4667.5,89.9,1302.9,52.2,0
2708,car,4.5,xloopA_0Aa,xloopA_0Ab,4522.3,4667.8,145.5,84.2,2.1,1
2764,car,4.5,road_loopA_r0,road_loopA_r1,4578.1,4668.0,89.9,1298.5,52.0,0
2741,car,4.5,xloopA_0Ba,xloopA_0Bb,4557.4,4668.1,110.7,84.1,2.7,1
2735,car,4.5,xloopA_0Aa,xloopA_0Ab,4551.0,4669.9,118.9,84.8,2.6,1
2716,car,4.5,road_loopA_f0,road_loopA_f1,4527.2,4670.4,143.2,1302.8,32.8,0
2761,car,4.5,road_loopA_r0,road_loopA_r1,4576.7,4670.5,93.8,1297.6,49.8,0
2749,car,4.5,road_loopA_r0,road_loopA_r1,4565.2,4670.9,105.7,1297.4,44.2,0
2689,car,4.5,road_loopA_f0,road_loopA_f1,4507.2,4671.7,164.5,1303.7,28.5,1
2758,truck,8.5,road_loopA_r0,road_loopA_r1,4573.9,4671.8,97.9,1298.3,47.7,0
2823,car,4.5,xloopA_0Ba,xloopA_0Bb,4629.4,4672.2,42.8,84.4,7.1,1
2775,car,4.5,xloopA_0Aa,xloopA_0Ab,4584.7,4673.5,88.8,84.7,3.4,0
2700,car,4.5,road_loopA_f0,road_loopA_f1,4518.8,4673.7,154.9,1303.1,30.3,1
2715,car,4.5,road_loopA_f0,road_loopA_f1,4526.8,4675.0,148.2,1303.6,31.7,3
2662,car,4.5,xloopA_0Aa,road_loopA_f1,4481.6,4676.0,194.4,872.0,16.1,1
2769,car,4.5,road_loopA_f0,road_loopA_f1,4581.6,4676.7,95.1,1303.4,49.3,0
2800,car,4.5,xloopA_0Aa,xloopA_0Ab,4607.1,4677.2,70.1,84.5,4.3,0
2777,car,4.5,road_loopA_f0,road_loopA_f1,4587.0,4678.2,91.2,1303.1,51.4,0
2757,car,4.5,road_loopA_f0,road_loopA_f1,4572.0,4679.3,107.3,1303.5,43.7,0
2759,car,4.5,road_loopA_f0,road_loopA_f1,4575.7,4681.3,105.6,1303.3,44.4,0
2781,truck,8.5,road_loopA_f0,road_loopA_f1,4589.2,4681.6,92.4,1303.0,50.8,0
2767,suv,4.8,road_loopA_f0,road_loopA_f1,4579.6,4682.6,103.0,1302.8,45.5,0
2771,car,4.5,road_loopA_f0,road_loopA_f1,4582.0,4684.7,102.7,1303.4,45.7,0
2778,car,4.5,road_loopA_f0,road_loopA_f1,4587.2,4686.8,99.6,1303.3,47.1,0
2786,suv,4.8,road_loopA_f0,road_loopA_f1,4592.4,4688.5,96.1,1303.9,48.9,0
2773,car,4.5,road_loopA_f0,road_loopA_f1,4583.6,4688.9,105.3,1303.9,44.6,0
2790,car,4.5,road_loopA_f0,road_loopA_f1,4596.4,4690.1,93.7,1303.1,50.0,0
2794,car,4.5,road_loopA_f0,road_loopA_f1,4601.2,4691.2,90.0,1303.9,52.2,0
2796,car,4.5,road_loopA_f0,road_loopA_f1,4604.1,4693.8,89.7,1303.1,52.3,0
2780,truck,8.5,road_loopA_f0,road_loopA_f1,4588.7,4695.0,106.3,1302.9,44.1,0
2791,car,4.5,road_loopA_f0,road_loopA_f1,4597.1,4696.5,99.4,1302.9,47.2,0
2795,suv,4.8,road_loopA_r0,xloopA_0Ab,4603.9,4697.7,93.8,869.2,33.4,1
2770,car,4.5,road_loopA_r0,road_loopA_r1,4581.6,4715.9,134.3,1298.5,34.8,1
2776,car,4.5,road_loopA_r0,road_loopA_r1,4585.5,4718.3,132.8,1298.1,35.2,1
2810,car,4.5,xloopA_0Ba,road_loopA_r1,4617.2,4718.7,101.5,477.0,16.9,1
2774,car,4.5,road_loopA_r0,road_loopA_r1,4584.4,4722.1,137.7,1297.5,33.9,1
2829,car,4.5,xloopA_0Ba,road_loopA_r1,4639.0,4722.6,83.6,476.8,20.5,0
2768,car,4.5,road_loopA_r0,road_loopA_r1,4581.3,4723.2,141.9,1297.5,32.9,1
2772,suv,4.8,road_loopA_r0,road_loopA_r1,4582.2,4726.6,144.4,1298.1,32.4,1
2779,truck,8.5,road_loopA_r0,road_loopA_r1,4587.7,4727.9,140.2,1297.3,33.3,1
2877,car,4.5,road_loopA_f0,xloopA_0Bb,4687.0,4728.3,41.3,478.6,41.7,0
2782,suv,4.8,road_loopA_r0,road_loopA_r1,4589.2,4729.1,139.9,1297.5,33.4,1
2799,car,4.5,road_loopA_r0,road_loopA_r1,4605.9,4729.9,124.0,1298.5,37.7,1
2803,truck,8.5,road_loopA_r0,road_loopA_r1,4610.3,4732.1,121.8,1298.2,38.4,1
2849,car,4.5,xloopA_0Ba,road_loopA_r1,4659.7,4732.5,72.8,476.3,23.5,0
2784,car,4.5,road_loopA_r0,road_loopA_r1,4591.1,4732.8,141.7,1298.7,33.0,1
2812,car,4.5,road_loopA_r0,road_loopA_r1,4619.0,4734.1,115.1,1298.6,40.6,1
2789,car,4.5,road_loopA_r0,road_loopA_r1,4596.2,4735.5,139.3,1298.5,33.6,1
2817,car,4.5,road_loopA_r0,road_loopA_r1,4623.5,4735.8,112.3,1297.9,41.6,0
2792,suv,4.8,road_loopA_r0,road_loopA_r1,4598.4,4737.2,138.8,1298.2,33.7,1
2824,car,4.5,road_loopA_r0,road_loopA_r1,4630.6,4738.0,107.4,1298.2,43.5,0
2785,car,4.5,xloopA_0Aa,road_loopA_r1,4591.6,4738.5,146.9,506.6,12.4,0
2834,suv,4.8,road_loopA_r0,xloopA_0Ab,4645.4,4738.7,93.3,869.5,33.6,1
2798,car,4.5,road_loopA_r0,road_loopA_r1,4605.6,4739.3,133.7,1297.6,34.9,1
2762,suv,4.8,road_loopA_r0,road_loopA_r1,4577.4,4740.3,162.9,1297.8,28.7,1
2821,car,4.5,road_loopA_r0,road_loopA_r1,4627.1,4740.7,113.6,1297.7,41.1,0
2811,car,4.5,road_loopA_r0,road_loopA_r1,4618.3,4741.0,122.7,1297.3,38.1,0
2788,suv,4.8,road_loopA_r0,road_loopA_r1,4594.4,4742.0,147.6,1297.5,31.6,1
2831,car,4.5,road_loopA_r0,road_loopA_r1,4641.2,4742.5,101.3,1298.1,46.1,0
2814,car,4.5,road_loopA_r0,road_loopA_r1,4620.5,4742.8,122.3,1297.3,38.2,0
2783,car,4.5,road_loopA_r0,road_loopA_r1,4589.8,4743.8,154.0,1297.9,30.3,1
2816,car,4.5,road_loopA_r0,road_loopA_r1,4622.0,4744.6,122.6,1297.9,38.1,0
2805,car,4.5,road_loopA_r0,road_loopA_r1,4611.0,4745.6,134.6,1298.5,34.7,1
2825,suv,4.8,road_loopA_r0,road_loopA_r1,4632.7,4745.7,113.0,1298.1,41.4,0
2808,suv,4.8,road_loopA_f0,road_loopA_f1,4615.8,4746.1,130.3,1302.9,36.0,1
2815,suv,4.8,road_loopA_r0,road_loopA_r1,4621.2,4746.6,125.4,1298.4,37.3,0
2807,suv,4.8,road_loopA_r0,road_loopA_r1,4612.0,4747.5,135.5,1297.3,34.5,1
2835,truck,8.5,road_loopA_r0,road_loopA_r1,4647.1,4747.8,100.7,1297.9,46.4,0
2820,car,4.5,road_loopA_r0,road_loopA_r1,4626.5,4748.4,121.9,1298.3,38.4,0
2797,car,4.5,road_loopA_f0,road_loopA_f1,4605.4,4749.2,143.8,1303.7,32.6,1
2844,car,4.5,road_loopA_r0,road_loopA_r1,4653.8,4749.8,96.0,1297.8,48.7,0
2840,car,4.5,road_loopA_r0,road_loopA_r1,4650.7,4750.2,99.5,1298.6,47.0,0
2822,truck,8.5,road_loopA_r0,road_loopA_r1,4629.3,4751.5,122.2,1298.1,38.2,0
2847,suv,4.8,road_loopA_r0,road_loopA_r1,4658.2,4751.9,93.7,1297.8,49.8,0
2851,car,4.5,road_loopA_r0,road_loopA_r1,4660.4,4752.8,92.4,1297.6,50.6,0
2832,car,4.5,road_loopA_r0,road_loopA_r1,4644.6,4753.5,108.9,1297.5,42.9,0
2802,car,4.5,road_loopA_f0,road_loopA_f1,4609.1,4754.1,145.0,1303.1,32.4,1
2830,car,4.5,road_loopA_f0,road_loopA_f1,4640.0,4754.2,114.2,1302.9,41.1,1
2843,car,4.5,road_loopA_r0,road_loopA_r1,4651.5,4755.1,103.6,1297.9,45.1,0
2838,car,4.5,road_loopA_r0,road_loopA_r1,4649.4,4755.2,105.8,1297.4,44.1,0
2841,car,4.5,road_loopA_f0,road_loopA_f1,4651.3,4755.5,104.2,1302.9,45.0,1
2845,car,4.5,road_loopA_r0,road_loopA_r1,4655.2,4755.5,100.3,1297.4,46.6,0
2,tram,34.0,loopB,loopB,315.9,4755.9,4440.0,33673.6,27.3,42
2498,car,4.5,road_loopA_r0,xloopA_0Bb,4346.7,4756.1,409.4,895.3,7.9,4
2837,suv,4.8,road_loopA_f0,road_loopA_f1,4648.7,4756.1,107.4,1303.9,43.7,1
2705,suv,4.8,road_loopA_f0,xloopA_0Ab,4520.4,4756.7,236.3,505.4,7.7,2
2850,car,4.5,road_loopA_f0,road_loopA_f1,4659.9,4757.6,97.7,1303.0,48.0,0
2552,car,4.5,road_loopA_r0,xloopA_0Bb,4391.8,4758.7,366.9,895.3,8.8,3
2709,car,4.5,road_loopA_f0,xloopA_0Ab,4522.4,4759.3,236.9,505.1,7.7,2
2853,car,4.5,road_loopA_f0,road_loopA_f1,4664.9,4760.4,95.5,1304.0,49.2,0
2585,car,4.5,road_loopA_r0,xloopA_0Bb,4427.1,4761.4,334.3,895.6,9.6,3
2726,car,4.5,road_loopA_f0,xloopA_0Ab,4542.1,4762.0,219.9,505.3,8.3,2
2631,car,4.5,road_loopA_r0,xloopA_0Bb,4460.2,4764.1,303.9,895.7,10.6,3
2766,car,4.5,road_loopA_f0,xloopA_0Ab,4579.4,4764.6,185.2,505.0,9.8,2
2857,truck,8.5,road_loopA_f0,road_loopA_f1,4667.6,4766.5,98.9,1303.4,47.5,0
2787,car,4.5,road_loopA_f0,xloopA_0Ab,4593.0,4767.3,174.3,505.3,10.4,2
2859,car,4.5,road_loopA_r0,road_loopA_r1,4670.8,4767.3,96.5,1298.0,48.4,0
2653,truck,8.5,road_loopA_r0,xloopA_0Bb,4473.3,4767.6,294.3,895.9,11.0,3
2856,car,4.5,road_loopA_r0,road_loopA_r1,4667.1,4770.2,103.1,1297.4,45.3,0
2858,car,4.5,road_loopA_r0,road_loopA_r1,4669.0,4770.6,101.6,1297.3,46.0,0
2862,car,4.5,road_loopA_r0,road_loopA_r1,4675.5,4770.8,95.3,1298.2,49.1,0
2865,car,4.5,road_loopA_f0,road_loopA_f1,4679.3,4771.1,91.8,1303.6,51.1,0
2839,car,4.5,road_loopA_f0,road_loopA_f1,4650.5,4771.2,120.7,1303.4,38.9,0
2861,car,4.5,road_loopA_r0,road_loopA_r1,4671.9,4772.4,100.5,1298.3,46.5,0
2842,car,4.5,xloopA_0Aa,xloopA_0Ab,4651.5,4772.7,121.2,84.2,2.5,1
2854,car,4.5,road_loopA_f0,road_loopA_f1,4666.0,4773.1,107.1,1303.8,43.8,0
2819,car,4.5,road_loopA_f0,road_loopA_f1,4625.2,4774.5,149.3,1302.8,31.4,1
2848,car,4.5,xloopA_0Aa,xloopA_0Ab,4659.0,4774.9,115.9,84.4,2.6,1
2868,car,4.5,road_loopA_f0,road_loopA_f1,4681.4,4775.2,93.8,1304.0,50.1,0
2933,car,4.5,xloopA_0Ba,xloopA_0Bb,4736.9,4777.0,40.1,84.2,7.6,1
2855,car,4.5,xloopA_0Aa,xloopA_0Ab,4667.0,4777.2,110.2,84.6,2.8,1
2945,car,4.5,xloopA_0Ba,xloopA_0Bb,4746.7,4779.3,32.6,84.6,9.3,0
2872,car,4.5,xloopA_0Aa,xloopA_0Ab,4684.9,4779.5,94.6,84.3,3.2,0
2952,car,4.5,xloopA_0Ba,xloopA_0Bb,4751.8,4781.2,29.4,84.5,10.4,0
2765,car,4.5,xloopA_0Aa,road_loopA_f1,4579.4,4781.5,202.1,872.1,15.5,1
2836,suv,4.8,road_loopA_f0,road_loopA_f1,4647.7,4782.2,134.5,1304.0,34.9,0
2894,car,4.5,xloopA_0Aa,xloopA_0Ab,4700.2,4782.2,82.0,84.7,3.7,0
2863,truck,8.5,road_loopA_f0,road_loopA_f1,4676.2,4784.1,107.9,1303.6,43.5,0
2874,car,4.5,road_loopA_f0,road_loopA_f1,4685.7,4784.2,98.5,1303.6,47.6,0
2907,car,4.5,xloopA_0Aa,xloopA_0Ab,4716.5,4785.7,69.2,84.1,4.4,0
2886,car,4.5,road_loopA_f0,road_loopA_f1,4693.6,4786.3,92.7,1303.6,50.6,0
2909,car,4.5,xloopA_0Aa,xloopA_0Ab,4717.0,4787.5,70.5,84.2,4.3,0
2880,car,4.5,road_loopA_f0,road_loopA_f1,4689.1,4788.1,99.0,1303.5,47.4,0
2944,car,4.5,xloopA_0Aa,xloopA_0Ab,4745.1,4789.3,44.2,84.2,6.9,0
2801,suv,4.8,road_loopA_f0,road_loopA_f1,4607.2,4790.1,182.9,1303.4,25.7,1
2869,car,4.5,road_loopA_f0,road_loopA_f1,4682.0,4790.7,108.7,1303.9,43.2,0
2876,car,4.5,road_loopA_f0,road_loopA_f1,4686.2,4792.0,105.8,1304.0,44.4,0
2826,car,4.5,xloopA_0Aa,road_loopA_f1,4634.0,4793.6,159.6,872.5,19.7,0
2833,suv,4.8,road_loopA_f0,road_loopA_f1,4645.0,4794.7,149.7,1303.1,31.3,1
2912,car,4.5,road_loopA_f0,xloopA_0Bb,4720.6,4795.0,74.4,478.6,23.2,1
2804,suv,4.8,road_loopA_f0,road_loopA_f1,4610.9,4795.5,184.6,1303.2,25.4,1
2888,car,4.5,road_loopA_f0,road_loopA_f1,4694.0,4796.4,102.4,1303.4,45.8,0
2818,suv,4.8,road_loopA_f0,road_loopA_f1,4623.8,4797.2,173.4,1304.0,27.1,1
2895,car,4.5,road_loopA_f0,road_loopA_f1,4703.5,4797.7,94.2,1303.7,49.8,0
2809,car,4.5,xloopA_0Aa,road_loopA_f1,4617.3,4797.9,180.6,872.1,17.4,0
2828,car,4.5,road_loopA_f0,road_loopA_f1,4638.9,4799.5,160.6,1303.5,29.2,0
2893,suv,4.8,road_loopA_f0,road_loopA_f1,4700.0,4799.6,99.6,1303.8,47.1,0
2852,truck,8.5,road_loopA_f0,road_loopA_f1,4661.0,4800.7,139.7,1303.5,33.6,0
2846,car,4.5,road_loopA_f0,road_loopA_f1,4656.1,4801.2,145.1,1303.6,32.3,0
2891,car,4.5,road_loopA_f0,road_loopA_f1,4695.7,4801.2,105.5,1303.6,44.5,0
2864,car,4.5,road_loopA_r0,xloopA_0Ab,4676.8,4801.8,125.0,869.1,25.0,2
2879,car,4.5,road_loopA_f0,road_loopA_f1,4688.7,4802.8,114.1,1303.3,41.1,0
2860,car,4.5,road_loopA_f0,road_loopA_f1,4671.0,4803.1,132.1,1303.9,35.5,0
2892,car,4.5,road_loopA_f0,road_loopA_f1,4698.1,4804.8,106.7,1303.4,44.0,0
2977,car,4.5,road_loopA_f0,xloopA_0Bb,4770.2,4810.2,40.0,478.7,43.1,0
2906,truck,8.5,road_loopA_r0,xloopA_0Ab,4716.0,4817.0,101.0,868.9,31.0,1
2881,car,4.5,road_loopA_r0,road_loopA_r1,4689.4,4820.9,131.5,1297.3,35.5,1
2867,car,4.5,road_loopA_r0,road_loopA_r1,4679.9,4822.1,142.2,1298.4,32.9,1
2793,bus,11.0,road_loopA_f0,road_loopA_f1,4599.5,4823.7,224.2,1303.5,20.9,3
2873,bus,11.0,road_loopA_f0,road_loopA_f1,4685.3,4825.0,139.7,1303.8,33.6,1
2887,car,4.5,road_loopA_r0,road_loopA_r1,4693.8,4825.2,131.4,1298.2,35.6,1
2875,car,4.5,road_loopA_r0,road_loopA_r1,4685.9,4825.7,139.8,1298.5,33.4,1
2898,car,4.5,xloopA_0Ba,road_loopA_r1,4706.4,4827.2,120.8,476.4,14.2,1
2885,truck,8.5,road_loopA_r0,road_loopA_r1,4691.0,4827.8,136.8,1298.6,34.2,1
2890,car,4.5,road_loopA_r0,road_loopA_r1,4694.7,4827.9,133.2,1298.4,35.1,1
2897,car,4.5,road_loopA_r0,road_loopA_r1,4705.7,4829.0,123.3,1298.6,37.9,1
2883,car,4.5,xloopA_0Aa,road_loopA_r1,4690.8,4829.2,138.4,506.5,13.2,0
2901,car,4.5,road_loopA_r0,road_loopA_r1,4710.7,4830.8,120.1,1298.7,38.9,1
2866,suv,4.8,road_loopA_r0,road_loopA_r1,4679.7,4830.9,151.2,1297.8,30.9,1
2889,car,4.5,road_loopA_r0,road_loopA_r1,4694.6,4831.5,136.9,1298.4,34.1,1
2953,suv,4.8,road_loopA_r0,xloopA_0Ab,4753.1,4832.0,78.9,868.8,39.6,1
2896,suv,4.8,road_loopA_r0,road_loopA_r1,4705.3,4832.3,127.0,1298.0,36.8,1
2884,car,4.5,road_loopA_r0,road_loopA_r1,4691.1,4832.7,141.6,1297.7,33.0,1
2899,car,4.5,road_loopA_r0,road_loopA_r1,4706.3,4833.1,126.8,1298.1,36.9,1
2900,car,4.5,road_loopA_r0,road_loopA_r1,4708.9,4834.4,125.5,1298.5,37.2,1
2913,car,4.5,road_loopA_r0,road_loopA_r1,4721.1,4834.8,113.7,1298.3,41.1,1
2914,car,4.5,road_loopA_r0,road_loopA_r1,4722.5,4835.9,113.4,1298.3,41.2,1
2999,car,4.5,road_loopA_f0,xloopA_0Bb,4796.0,4835.9,39.9,478.8,43.2,0
2904,car,4.5,road_loopA_r0,road_loopA_r1,4714.7,4836.0,121.3,1297.7,38.5,1
2921,suv,4.8,road_loopA_r0,road_loopA_r1,4729.2,4837.6,108.4,1298.6,43.1,0
2939,suv,4.8,road_loopA_r0,xloopA_0Ab,4741.5,4839.1,97.6,869.5,32.1,1
3001,car,4.5,road_loopA_f0,xloopA_0Bb,4797.2,4839.3,42.1,478.7,41.0,0
2923,car,4.5,road_loopA_r0,road_loopA_r1,4729.5,4839.4,109.9,1298.5,42.5,0
2902,suv,4.8,road_loopA_r0,road_loopA_r1,4710.8,4841.8,131.0,1297.7,35.7,0
2925,car,4.5,road_loopA_r0,road_loopA_r1,4731.7,4842.0,110.3,1298.3,42.4,0
2922,truck,8.5,road_loopA_r0,road_loopA_r1,4729.4,4842.9,113.5,1298.0,41.2,0
2918,suv,4.8,road_loopA_r0,road_loopA_r1,4724.4,4843.6,119.2,1298.2,39.2,0
2920,car,4.5,road_loopA_r0,road_loopA_r1,4727.3,4845.0,117.7,1297.9,39.7,0
2928,suv,4.8,road_loopA_r0,road_loopA_r1,4734.7,4845.5,110.8,1298.3,42.2,0
2924,car,4.5,road_loopA_r0,road_loopA_r1,4729.5,4846.4,116.9,1298.0,40.0,0
2941,car,4.5,road_loopA_r0,road_loopA_r1,4742.8,4846.7,103.9,1298.4,45.0,0
2935,car,4.5,road_loopA_r0,road_loopA_r1,4737.3,4847.2,109.9,1297.4,42.5,0
2943,car,4.5,road_loopA_r0,road_loopA_r1,4743.8,4848.4,104.6,1298.4,44.7,0
2910,car,4.5,road_loopA_f0,road_loopA_f1,4717.1,4848.5,131.4,1303.8,35.7,1
2905,suv,4.8,road_loopA_f0,road_loopA_f1,4714.8,4848.8,134.0,1303.1,35.0,1
2926,suv,4.8,road_loopA_r0,road_loopA_r1,4732.8,4849.0,116.2,1298.3,40.2,0
2915,car,4.5,road_loopA_f0,road_loopA_f1,4722.6,4850.2,127.6,1303.7,36.8,1
2947,car,4.5,road_loopA_r0,road_loopA_r1,4747.5,4851.1,103.6,1298.5,45.1,0
2917,car,4.5,road_loopA_f0,road_loopA_f1,4723.7,4852.0,128.3,1303.6,36.6,1
2948,car,4.5,road_loopA_r0,road_loopA_r1,4749.0,4852.0,103.0,1298.6,45.4,0
2930,car,4.5,road_loopA_r0,road_loopA_r1,4735.9,4852.9,117.0,1298.3,40.0,0
2949,truck,8.5,road_loopA_r0,road_loopA_r1,4749.2,4853.2,104.0,1298.6,45.0,0
2927,suv,4.8,road_loopA_f0,road_loopA_f1,4734.6,4853.8,119.2,1303.5,39.4,1
2962,car,4.5,road_loopA_r0,road_loopA_r1,4756.9,4855.1,98.2,1297.3,47.6,0
2951,car,4.5,road_loopA_r0,road_loopA_r1,4750.5,4855.2,104.7,1297.6,44.6,0
2959,suv,4.8,road_loopA_r0,road_loopA_r1,4755.7,4857.0,101.3,1298.4,46.2,0
2663,suv,4.8,road_loopA_r0,xloopA_0Bb,4481.8,4857.1,375.3,895.9,8.6,3
2932,car,4.5,road_loopA_f0,road_loopA_f1,4736.8,4857.4,120.6,1303.7,38.9,1
2813,car,4.5,road_loopA_f0,xloopA_0Ab,4620.2,4857.6,237.4,505.4,7.7,2
2967,car,4.5,road_loopA_r0,road_loopA_r1,4760.8,4857.9,97.1,1298.6,48.2,0
2940,suv,4.8,road_loopA_r0,road_loopA_r1,4741.5,4858.4,116.9,1298.1,40.0,0
2938,suv,4.8,road_loopA_f0,road_loopA_f1,4740.8,4858.7,117.9,1303.0,39.8,1
2961,car,4.5,road_loopA_r0,road_loopA_r1,4756.3,4858.7,102.4,1297.6,45.6,0
2718,car,4.5,road_loopA_r0,xloopA_0Bb,4531.7,4859.7,328.0,895.6,9.8,3
2950,car,4.5,road_loopA_r0,road_loopA_r1,4749.5,4860.0,110.5,1297.8,42.3,0
2871,car,4.5,road_loopA_f0,xloopA_0Ab,4683.2,4860.2,177.0,505.4,10.3,2
2964,suv,4.8,road_loopA_r0,road_loopA_r1,4758.8,4860.5,101.7,1297.6,45.9,0
2936,car,4.5,road_loopA_f0,road_loopA_f1,4737.7,4860.9,123.2,1303.4,38.1,1
2968,suv,4.8,road_loopA_r0,road_loopA_r1,4762.8,4860.9,98.1,1297.5,47.6,0
2973,car,4.5,road_loopA_r0,road_loopA_r1,4768.3,4861.9,93.6,1298.3,49.9,0
2954,car,4.5,road_loopA_f0,road_loopA_f1,4754.2,4862.1,107.9,1303.6,43.5,0
2722,car,4.5,road_loopA_r0,xloopA_0Bb,4536.9,4862.3,325.4,895.3,9.9,3
2971,suv,4.8,road_loopA_r0,road_loopA_r1,4767.8,4862.4,94.6,1297.7,49.4,0
2870,suv,4.8,road_loopA_f0,xloopA_0Ab,4683.2,4862.9,179.7,505.7,10.1,2
2942,car,4.5,road_loopA_f0,road_loopA_f1,4743.9,4863.2,119.3,1303.2,39.3,1
2946,car,4.5,road_loopA_f0,road_loopA_f1,4746.8,4864.2,117.4,1304.0,40.0,1
2739,car,4.5,road_loopA_r0,xloopA_0Bb,4554.4,4865.0,310.6,895.5,10.4,3
2882,car,4.5,road_loopA_f0,xloopA_0Ab,4690.1,4865.5,175.4,505.0,10.4,2
2963,car,4.5,road_loopA_f0,road_loopA_f1,4758.1,4865.7,107.6,1302.8,43.6,1
2958,car,4.5,road_loopA_r0,road_loopA_r1,4755.7,4866.3,110.6,1297.5,42.2,0
2981,car,4.5,road_loopA_r0,road_loopA_r1,4777.6,4866.5,88.9,1297.3,52.5,0
2934,suv,4.8,road_loopA_f0,road_loopA_f1,4737.0,4866.6,129.6,1303.9,36.2,1
2806,suv,4.8,road_loopA_r0,xloopA_0Bb,4611.7,4867.7,256.0,895.7,12.6,2
2955,car,4.5,road_loopA_f0,xloopA_0Ab,4754.8,4868.2,113.4,505.3,16.0,1
2972,suv,4.8,road_loopA_r0,road_loopA_r1,4768.1,4868.4,100.3,1298.3,46.6,0
2966,car,4.5,road_loopA_f0,road_loopA_f1,4759.9,4868.5,108.6,1303.7,43.2,0
2908,car,4.5,road_loopA_f0,road_loopA_f1,4716.6,4869.5,152.9,1303.8,30.7,1
2976,truck,8.5,road_loopA_r0,road_loopA_r1,4769.9,4870.8,100.9,1297.9,46.3,0
2965,suv,4.8,road_loopA_f0,road_loopA_f1,4759.1,4871.6,112.5,1304.1,41.7,0
2983,car,4.5,road_loopA_r0,road_loopA_r1,4779.0,4871.6,92.6,1297.5,50.4,0
2957,car,4.5,road_loopA_f0,road_loopA_f1,4755.5,4872.3,116.8,1302.9,40.1,0
3012,car,4.5,xloopA_0Ba,xloopA_0Bb,4812.9,4873.1,60.2,84.5,5.1,1
2974,car,4.5,xloopA_0Aa,xloopA_0Ab,4769.4,4873.4,104.0,84.2,2.9,1
2916,car,4.5,road_loopA_f0,road_loopA_f1,4723.1,4873.7,150.6,1303.3,31.2,1
2978,car,4.5,road_loopA_f0,road_loopA_f1,4773.9,4874.6,100.7,1303.1,46.6,0
3014,car,4.5,xloopA_0Ba,xloopA_0Bb,4814.3,4875.2,60.9,84.7,5.0,1
2989,car,4.5,xloopA_0Aa,xloopA_0Ab,4789.0,4875.6,86.6,84.6,3.5,1
2919,car,4.5,road_loopA_f0,road_loopA_f1,4726.3,4876.6,150.3,1303.2,31.2,1
2980,suv,4.8,road_loopA_f0,road_loopA_f1,4776.3,4877.6,101.3,1303.9,46.3,0
3025,car,4.5,xloopA_0Aa,xloopA_0Ab,4828.4,4877.7,49.3,84.4,6.2,1
2969,suv,4.8,road_loopA_f0,road_loopA_f1,4765.1,4878.5,113.4,1303.2,41.4,0
2929,car,4.5,xloopA_0Ba,road_loopA_f1,4735.9,4879.1,143.2,903.0,22.7,1
2979,car,4.5,road_loopA_f0,road_loopA_f1,4776.1,4880.6,104.5,1303.9,44.9,0
2903,car,4.5,road_loopA_f0,road_loopA_f1,4712.9,4880.7,167.8,1303.2,28.0,1
3043,car,4.5,xloopA_0Aa,xloopA_0Ab,4847.2,4881.2,34.0,84.4,8.9,0
3071,car,4.5,xloopA_0Ba,xloopA_0Bb,4872.1,4882.0,9.9,84.6,30.6,0
2970,truck,8.5,road_loopA_f0,road_loopA_f1,4765.2,4882.2,117.0,1303.4,40.1,0
2911,truck,8.5,road_loopA_f0,road_loopA_f1,4718.5,4882.9,164.4,1303.9,28.6,1
3056,car,4.5,xloopA_0Aa,xloopA_0Ab,4860.0,4883.4,23.4,84.6,13.0,0
2997,suv,4.8,road_loopA_f0,road_loopA_f1,4794.6,4883.9,89.3,1303.1,52.5,0
2975,truck,8.5,road_loopA_f0,road_loopA_f1,4769.4,4884.5,115.1,1303.2,40.8,0
2931,car,4.5,road_loopA_f0,road_loopA_f1,4736.7,4884.8,148.1,1303.1,31.7,1
2937,car,4.5,road_loopA_f0,road_loopA_f1,4740.8,4886.6,145.8,1303.9,32.2,1
2985,truck,8.5,road_loopA_f0,road_loopA_f1,4785.0,4887.9,102.9,1303.1,45.6,0
2956,truck,8.5,road_loopA_f0,road_loopA_f1,4755.3,4888.8,133.5,1303.2,35.2,0
3002,car,4.5,road_loopA_f0,road_loopA_f1,4797.6,4890.3,92.7,1302.8,50.6,0
2982,car,4.5,road_loopA_f0,road_loopA_f1,4778.4,4893.0,114.6,1302.8,40.9,0
3003,car,4.5,road_loopA_f0,road_loopA_f1,4798.4,4893.1,94.7,1303.7,49.5,0
2992,suv,4.8,road_loopA_f0,road_loopA_f1,4789.6,4894.8,105.2,1303.5,44.6,0
3008,car,4.5,road_loopA_f0,road_loopA_f1,4805.6,4895.1,89.5,1304.1,52.5,0
2998,car,4.5,road_loopA_f0,road_loopA_f1,4794.8,4896.5,101.7,1303.4,46.1,0
2986,car,4.5,road_loopA_r0,xloopA_0Ab,4785.1,4898.4,113.3,869.1,27.6,2
3037,car,4.5,road_loopA_f0,xloopA_0Bb,4836.2,4899.7,63.5,478.7,27.1,0
3005,truck,8.5,road_loopA_r0,xloopA_0Ab,4801.7,4903.3,101.6,869.4,30.8,0
3065,car,4.5,road_loopA_f0,xloopA_0Bb,4866.8,4909.6,42.8,478.6,40.3,0
3074,car,4.5,road_loopA_f0,xloopA_0Bb,4874.3,4912.2,37.9,478.4,45.4,0
3016,car,4.5,road_loopA_r0,xloopA_0Ab,4818.0,4915.2,97.2,868.9,32.2,1
2988,car,4.5,road_loopA_r0,road_loopA_r1,4788.7,4916.0,127.3,1298.0,36.7,1
2991,car,4.5,road_loopA_r0,road_loopA_r1,4789.4,4918.1,128.7,1297.4,36.3,1
2994,car,4.5,road_loopA_r0,road_loopA_r1,4792.7,4919.0,126.3,1298.5,37.0,1
2995,suv,4.8,road_loopA_r0,road_loopA_r1,4793.1,4920.8,127.7,1297.9,36.6,1
3004,suv,4.8,road_loopA_r0,road_loopA_r1,4798.9,4923.6,124.7,1298.5,37.5,1
3063,car,4.5,xloopA_0Ba,road_loopA_r1,4864.7,4924.4,59.7,476.4,28.7,0
2987,car,4.5,road_loopA_r0,road_loopA_r1,4788.5,4926.0,137.5,1297.5,34.0,1
3007,truck,8.5,road_loopA_r0,road_loopA_r1,4804.1,4926.1,122.0,1297.9,38.3,1
2996,suv,4.8,road_loopA_r0,road_loopA_r1,4794.4,4927.0,132.6,1297.3,35.2,1
2990,car,4.5,road_loopA_r0,road_loopA_r1,4789.0,4927.7,138.7,1298.4,33.7,1
3010,car,4.5,road_loopA_r0,road_loopA_r1,4809.3,4929.3,120.0,1297.8,39.0,1
2993,car,4.5,road_loopA_r0,road_loopA_r1,4790.8,4929.4,138.6,1297.8,33.7,1
3093,car,4.5,road_loopA_f0,xloopA_0Bb,4889.5,4929.5,40.0,478.7,43.1,0
3015,suv,4.8,road_loopA_r0,road_loopA_r1,4815.4,4930.9,115.5,1298.2,40.5,1
3000,suv,4.8,road_loopA_r0,road_loopA_r1,4797.1,4931.1,134.0,1297.7,34.9,1
3006,car,4.5,road_loopA_r0,road_loopA_r1,4803.0,4932.6,129.6,1297.3,36.0,1
3020,car,4.5,road_loopA_r0,road_loopA_r1,4825.6,4933.4,107.8,1298.6,43.4,0
3034,car,4.5,road_loopA_r0,road_loopA_r1,4834.1,4933.7,99.6,1298.0,46.9,0
3018,car,4.5,road_loopA_r0,road_loopA_r1,4821.6,4937.0,115.4,1297.8,40.5,0
3023,car,4.5,road_loopA_r0,road_loopA_r1,4826.8,4937.4,110.6,1298.2,42.2,0
3036,suv,4.8,road_loopA_r0,road_loopA_r1,4835.9,4937.4,101.5,1298.2,46.0,0
3038,suv,4.8,road_loopA_r0,road_loopA_r1,4839.9,4939.1,99.2,1298.1,47.1,0
3039,car,4.5,road_loopA_r0,road_loopA_r1,4841.6,4939.2,97.6,1298.0,47.9,0
3041,car,4.5,road_loopA_r0,road_loopA_r1,4842.8,4940.6,97.8,1297.3,47.8,0
3040,car,4.5,road_loopA_r0,road_loopA_r1,4842.6,4940.9,98.3,1298.4,47.5,0
3048,car,4.5,road_loopA_r0,road_loopA_r1,4852.3,4941.7,89.4,1298.3,52.3,0
3042,car,4.5,road_loopA_r0,road_loopA_r1,4844.3,4942.9,98.6,1297.6,47.4,0
3049,car,4.5,road_loopA_r0,road_loopA_r1,4853.0,4943.2,90.2,1297.7,51.8,0
3013,car,4.5,road_loopA_f0,road_loopA_f1,4814.0,4943.3,129.3,1304.2,36.3,1
3019,car,4.5,road_loopA_f0,road_loopA_f1,4824.0,4944.8,120.8,1303.8,38.8,1
3054,car,4.5,road_loopA_r0,road_loopA_r1,4857.3,4946.2,88.9,1297.3,52.5,0
3022,car,4.5,road_loopA_f0,road_loopA_f1,4826.7,4946.3,119.6,1304.1,39.3,1
3011,car,4.5,road_loopA_f0,road_loopA_f1,4811.4,4947.1,135.7,1303.1,34.6,1
3028,suv,4.8,road_loopA_f0,road_loopA_f1,4829.7,4949.5,119.8,1303.0,39.2,1
3045,truck,8.5,road_loopA_r0,xloopA_0Ab,4850.7,4951.1,100.4,869.4,31.2,1
3026,car,4.5,road_loopA_f0,road_loopA_f1,4828.7,4951.4,122.7,1303.6,38.3,1
3057,car,4.5,road_loopA_r0,road_loopA_r1,4862.1,4951.7,89.6,1297.5,52.1,0
3017,car,4.5,road_loopA_f0,road_loopA_f1,4820.6,4953.1,132.5,1302.8,35.4,1
3059,suv,4.8,road_loopA_r0,road_loopA_r1,4863.4,4954.2,90.8,1298.2,51.5,0
3021,suv,4.8,road_loopA_f0,road_loopA_f1,4826.1,4955.5,129.4,1302.9,36.3,1
3060,suv,4.8,road_loopA_r0,road_loopA_r1,4863.6,4956.1,92.5,1298.2,50.5,0
3062,suv,4.8,road_loopA_r0,road_loopA_r1,4864.3,4957.4,93.1,1297.8,50.2,0
3029,suv,4.8,road_loopA_f0,road_loopA_f1,4830.0,4957.7,127.7,1303.9,36.8,1
3024,truck,8.5,road_loopA_f0,road_loopA_f1,4827.2,4957.8,130.6,1303.7,35.9,1
3064,suv,4.8,road_loopA_r0,road_loopA_r1,4864.9,4958.9,94.0,1298.2,49.7,0
3051,car,4.5,road_loopA_r0,road_loopA_r1,4855.8,4959.0,103.2,1298.0,45.3,0
3032,car,4.5,road_loopA_f0,road_loopA_f1,4831.7,4959.4,127.7,1303.0,36.7,1
3027,car,4.5,road_loopA_f0,road_loopA_f1,4829.4,4959.9,130.5,1303.3,36.0,1
3044,truck,8.5,road_loopA_f0,road_loopA_f1,4848.6,4961.6,113.0,1303.2,41.5,0
3053,suv,4.8,road_loopA_f0,road_loopA_f1,4856.9,4963.4,106.5,1303.4,44.1,0
3066,truck,8.5,road_loopA_r0,road_loopA_r1,4868.2,4964.5,96.3,1298.3,48.5,0
3033,suv,4.8,road_loopA_f0,road_loopA_f1,4833.7,4965.1,131.4,1303.2,35.7,1
3061,suv,4.8,road_loopA_f0,road_loopA_f1,4864.1,4965.1,101.0,1302.9,46.4,0
3030,car,4.5,road_loopA_f0,road_loopA_f1,4830.2,4965.4,135.2,1303.0,34.7,1
3031,suv,4.8,road_loopA_f0,road_loopA_f1,4830.1,4967.1,137.0,1303.6,34.3,1
3046,car,4.5,road_loopA_f0,road_loopA_f1,4851.1,4968.6,117.5,1304.1,40.0,0
3069,suv,4.8,road_loopA_r0,road_loopA_r1,4871.5,4969.5,98.0,1297.3,47.7,0
3052,car,4.5,road_loopA_f0,road_loopA_f1,4856.2,4970.0,113.8,1302.9,41.2,0
2878,car,4.5,road_loopA_r0,xloopA_0Bb,4687.1,4970.4,283.3,895.3,11.4,2
2984,car,4.5,road_loopA_f0,xloopA_0Ab,4781.3,4971.0,189.7,505.2,9.6,2
3077,car,4.5,road_loopA_r0,road_loopA_r1,4875.3,4971.2,95.9,1297.5,48.7,0
3055,car,4.5,road_loopA_f0,road_loopA_f1,4858.0,4971.8,113.8,1303.4,41.2,0
3082,car,4.5,road_loopA_r0,road_loopA_r1,4879.2,4971.9,92.7,1298.1,50.4,0
3047,car,4.5,road_loopA_f0,road_loopA_f1,4852.0,4972.1,120.1,1303.6,39.1,0
2960,car,4.5,road_loopA_r0,xloopA_0Bb,4756.2,4973.0,216.8,895.4,14.9,2
3087,car,4.5,road_loopA_r0,road_loopA_r1,4882.2,4973.5,91.3,1297.3,51.1,0
3035,car,4.5,road_loopA_f0,xloopA_0Ab,4835.1,4973.6,138.5,505.2,13.1,1
3058,car,4.5,road_loopA_f0,road_loopA_f1,4862.2,4974.2,112.0,1303.9,41.9,0
3085,car,4.5,road_loopA_r0,road_loopA_r1,4880.3,4974.6,94.3,1298.7,49.6,0
3068,suv,4.8,road_loopA_r0,road_loopA_r1,4871.4,4974.9,103.5,1297.4,45.1,0
3088,car,4.5,road_loopA_r0,road_loopA_r1,4885.3,4975.5,90.2,1297.7,51.8,0
3067,suv,4.8,road_loopA_f0,road_loopA_f1,4871.1,4975.8,104.7,1303.5,44.8,0
3075,suv,4.8,road_loopA_f0,road_loopA_f1,4874.3,4976.5,102.2,1303.9,45.9,0
3101,car,4.5,road_loopA_r0,xloopA_0Bb,4900.2,4976.6,76.4,895.8,42.2,0
3081,suv,4.8,road_loopA_r0,road_loopA_r1,4877.3,4976.7,99.4,1298.1,47.0,0
3080,suv,4.8,road_loopA_f0,road_loopA_f1,4877.0,4978.2,101.2,1303.8,46.4,0
3129,car,4.5,road_loopA_f0,xloopA_0Ab,4932.6,4980.1,47.5,505.0,38.3,0
3086,suv,4.8,road_loopA_f0,road_loopA_f1,4880.4,4980.4,100.0,1303.0,46.9,0
3090,car,4.5,road_loopA_r0,road_loopA_r1,4886.2,4981.5,95.3,1297.5,49.0,0
3095,suv,4.8,road_loopA_f0,road_loopA_f1,4891.4,4983.0,91.6,1303.4,51.2,0
3092,car,4.5,road_loopA_r0,road_loopA_r1,4888.4,4984.5,96.1,1297.3,48.6,0
3084,car,4.5,xloopA_0Ba,xloopA_0Bb,4880.1,4985.2,105.1,84.2,2.9,1
3094,car,4.5,road_loopA_f0,road_loopA_f1,4890.6,4985.7,95.1,1303.5,49.3,0
3105,car,4.5,xloopA_0Aa,xloopA_0Ab,4906.7,4987.3,80.6,84.1,3.8,1
3098,car,4.5,xloopA_0Ba,xloopA_0Bb,4896.2,4988.1,91.9,84.6,3.3,1
3096,car,4.5,road_loopA_r0,road_loopA_r1,4892.5,4988.5,96.0,1298.5,48.7,0
3100,car,4.5,road_loopA_f0,road_loopA_f1,4896.6,4988.8,92.2,1303.9,50.9,0
3,tram,34.0,loopA,loopA,535.1,4989.4,4454.3,33703.0,27.2,41
3135,car,4.5,xloopA_0Aa,xloopA_0Ab,4938.6,4989.4,50.8,84.4,6.0,1
3072,car,4.5,road_loopA_f0,road_loopA_f1,4872.7,4990.0,117.3,1303.0,40.0,0
3097,car,4.5,road_loopA_f0,road_loopA_f1,4894.5,4990.6,96.1,1304.1,48.9,0
3116,car,4.5,xloopA_0Ba,xloopA_0Bb,4916.2,4991.1,74.9,84.3,4.1,1
3078,suv,4.8,road_loopA_f0,road_loopA_f1,4875.4,4991.8,116.4,1303.5,40.3,0
3073,suv,4.8,road_loopA_f0,road_loopA_f1,4873.4,4992.4,119.0,1303.6,39.5,0
3083,car,4.5,road_loopA_f0,road_loopA_f1,4879.8,4993.2,113.4,1303.5,41.4,0
3132,car,4.5,xloopA_0Ba,xloopA_0Bb,4936.1,4993.2,57.1,84.4,5.3,0
3091,car,4.5,road_loopA_f0,road_loopA_f1,4886.4,4993.5,107.1,1303.3,43.8,0
3076,car,4.5,road_loopA_f0,road_loopA_f1,4874.5,4994.1,119.6,1303.8,39.2,0
3166,car,4.5,xloopA_0Ba,xloopA_0Bb,4965.6,4995.4,29.8,84.0,10.2,0
3079,suv,4.8,road_loopA_f0,road_loopA_f1,4876.2,4995.7,119.5,1302.8,39.2,0
3106,suv,4.8,road_loopA_f0,road_loopA_f1,4907.7,4997.0,89.3,1303.1,52.5,0
3099,car,4.5,road_loopA_f0,road_loopA_f1,4896.3,4997.3,101.0,1303.0,46.4,0
3089,truck,8.5,road_loopA_f0,road_loopA_f1,4885.6,4997.9,112.3,1303.8,41.8,0
3109,suv,4.8,road_loopA_f0,road_loopA_f1,4908.3,4999.3,91.0,1302.9,51.5,0
3102,suv,4.8,road_loopA_f0,road_loopA_f1,4903.6,4999.9,96.3,1303.5,48.7,0
3107,car,4.5,road_loopA_f0,road_loopA_f1,4908.1,5001.7,93.6,1303.5,50.1,0
3189,car,4.5,xloopA_0Ba,xloopA_0Bb,4990.4,5002.0,11.6,84.0,26.2,0
4,tram,34.0,loopB,loopB,795.9,5003.5,4207.6,33673.6,28.8,40
3113,truck,8.5,road_loopA_f0,road_loopA_f1,4911.5,5007.7,96.2,1303.1,48.8,0
3115,car,4.5,road_loopA_f0,road_loopA_f1,4913.6,5009.0,95.4,1303.6,49.2,0
3112,car,4.5,road_loopA_f0,road_loopA_f1,4911.2,5009.3,98.1,1303.2,47.8,0
3114,suv,4.8,road_loopA_f0,road_loopA_f1,4913.2,5011.1,97.9,1304.1,47.9,0
3118,car,4.5,road_loopA_f0,road_loopA_f1,4918.0,5012.5,94.5,1303.4,49.6,0
3117,car,4.5,road_loopA_f0,road_loopA_f1,4916.2,5012.8,96.6,1303.4,48.6,0
3122,suv,4.8,road_loopA_f0,road_loopA_f1,4921.4,5015.8,94.4,1303.7,49.7,0
3138,suv,4.8,road_loopA_f0,xloopA_0Bb,4945.8,5017.3,71.5,479.2,24.1,2
3120,suv,4.8,road_loopA_f0,road_loopA_f1,4918.8,5019.4,100.6,1303.8,46.7,0
3156,car,4.5,road_loopA_f0,xloopA_0Bb,4960.0,5020.9,60.9,478.6,28.3,2
3121,car,4.5,road_loopA_f0,road_loopA_f1,4921.1,5024.2,103.1,1303.0,45.5,0
3164,car,4.5,road_loopA_f0,xloopA_0Bb,4964.7,5024.5,59.8,478.7,28.8,2
3009,bus,11.0,road_loopA_f0,road_loopA_f1,4806.1,5025.7,219.6,1302.9,21.4,3
3131,suv,4.8,road_loopA_r0,xloopA_0Ab,4935.8,5030.3,94.5,868.8,33.1,1
3103,car,4.5,road_loopA_r0,road_loopA_r1,4905.8,5033.2,127.4,1298.5,36.7,1
3108,suv,4.8,road_loopA_r0,road_loopA_r1,4908.2,5035.3,127.1,1297.8,36.7,1
3111,car,4.5,road_loopA_r0,road_loopA_r1,4910.2,5036.2,126.0,1298.4,37.1,1
3192,truck,8.5,road_loopA_f0,xloopA_0Bb,4995.1,5037.7,42.6,478.9,40.4,0
3119,suv,4.8,road_loopA_r0,road_loopA_r1,4918.4,5038.0,119.6,1297.7,39.1,1
3125,car,4.5,road_loopA_r0,road_loopA_r1,4926.5,5040.5,114.0,1297.8,41.0,1
3134,car,4.5,road_loopA_r0,road_loopA_r1,4937.6,5041.0,103.4,1297.3,45.2,1
3179,car,4.5,xloopA_0Aa,road_loopA_r1,4977.5,5041.6,64.1,506.6,28.5,0
3136,car,4.5,road_loopA_r0,road_loopA_r1,4941.1,5042.8,101.7,1297.5,45.9,0
3137,suv,4.8,road_loopA_r0,road_loopA_r1,4944.0,5045.5,101.5,1297.8,46.0,0
3139,suv,4.8,road_loopA_r0,road_loopA_r1,4946.8,5047.4,100.6,1298.1,46.4,0
3104,car,4.5,road_loopA_r0,road_loopA_r1,4906.2,5048.4,142.2,1297.9,32.9,1
3206,car,4.5,road_loopA_f0,xloopA_0Bb,5006.6,5049.1,42.5,478.7,40.6,0
3110,car,4.5,road_loopA_r0,road_loopA_r1,4908.5,5050.6,142.1,1297.7,32.9,1
3133,car,4.5,road_loopA_r0,road_loopA_r1,4937.5,5052.2,114.7,1297.5,40.7,0
3153,car,4.5,road_loopA_r0,road_loopA_r1,4958.0,5053.1,95.1,1298.3,49.1,0
3130,car,4.5,road_loopA_r0,road_loopA_r1,4935.0,5053.9,118.9,1297.9,39.3,0
3152,truck,8.5,road_loopA_r0,road_loopA_r1,4956.5,5055.2,98.7,1297.8,47.3,0
3145,car,4.5,road_loopA_r0,road_loopA_r1,4950.3,5055.6,105.3,1297.8,44.4,0
3184,car,4.5,xloopA_0Ba,road_loopA_r1,4985.8,5056.2,70.4,476.6,24.4,0
3150,car,4.5,road_loopA_r0,road_loopA_r1,4955.2,5057.4,102.2,1297.6,45.7,0
3127,car,4.5,road_loopA_r0,road_loopA_r1,4927.9,5057.8,129.9,1297.5,35.9,1
3163,suv,4.8,road_loopA_r0,road_loopA_r1,4964.5,5058.2,93.7,1297.9,49.8,0
3148,suv,4.8,road_loopA_r0,road_loopA_r1,4954.0,5059.3,105.3,1297.5,44.4,0
3140,car,4.5,road_loopA_r0,road_loopA_r1,4947.8,5059.4,111.6,1297.3,41.8,0
3126,suv,4.8,road_loopA_f0,road_loopA_f1,4927.5,5060.5,133.0,1303.1,35.3,1
3146,suv,4.8,road_loopA_r0,road_loopA_r1,4953.8,5061.1,107.3,1298.0,43.5,0
3151,truck,8.5,road_loopA_r0,road_loopA_r1,4955.5,5061.9,106.4,1298.0,43.9,0
3142,car,4.5,road_loopA_f0,road_loopA_f1,4949.2,5062.4,113.2,1303.6,41.5,1
3231,car,4.5,road_loopA_f0,xloopA_0Bb,5022.0,5062.6,40.6,478.8,42.4,0
3155,car,4.5,road_loopA_r0,road_loopA_r1,4958.9,5062.9,104.0,1298.0,44.9,0
3128,suv,4.8,road_loopA_f0,road_loopA_f1,4932.1,5063.7,131.6,1303.6,35.7,1
3154,suv,4.8,road_loopA_r0,road_loopA_r1,4958.9,5064.0,105.1,1298.1,44.4,0
3144,car,4.5,road_loopA_f0,road_loopA_f1,4950.3,5064.2,113.9,1303.5,41.2,1
3172,suv,4.8,road_loopA_r0,road_loopA_r1,4971.7,5065.0,93.3,1297.8,50.1,0
3123,car,4.5,road_loopA_f0,road_loopA_f1,4923.7,5065.1,141.4,1303.9,33.2,1
3167,truck,8.5,road_loopA_r0,road_loopA_r1,4966.2,5066.4,100.2,1297.6,46.6,0
3147,truck,8.5,road_loopA_f0,road_loopA_f1,4953.9,5066.9,113.0,1303.2,41.5,1
3158,car,4.5,road_loopA_f0,road_loopA_f1,4960.9,5068.9,108.0,1303.5,43.5,1
3168,suv,4.8,road_loopA_f0,road_loopA_f1,4966.7,5070.6,103.9,1303.2,45.1,1
3070,bus,11.0,road_loopA_r0,road_loopA_r1,4871.7,5072.0,200.3,1297.4,23.3,3
3124,car,4.5,road_loopA_f0,road_loopA_f1,4925.0,5072.5,147.5,1303.2,31.8,1
3175,car,4.5,road_loopA_r0,road_loopA_r1,4973.4,5072.9,99.5,1298.2,47.0,0
3157,car,4.5,road_loopA_f0,road_loopA_f1,4960.3,5074.2,113.9,1302.8,41.2,1
3178,car,4.5,road_loopA_r0,road_loopA_r1,4977.0,5075.9,98.9,1297.4,47.2,0
3141,car,4.5,road_loopA_f0,road_loopA_f1,4948.4,5078.1,129.7,1303.1,36.2,1
3187,car,4.5,road_loopA_r0,road_loopA_r1,4986.8,5079.5,92.7,1297.7,50.4,0
3177,car,4.5,road_loopA_f0,road_loopA_f1,4975.6,5079.6,104.0,1303.6,45.1,0
3176,car,4.5,road_loopA_f0,road_loopA_f1,4974.7,5079.9,105.2,1303.5,44.6,0
3160,truck,8.5,road_loopA_f0,road_loopA_f1,4962.5,5080.3,117.8,1303.9,39.8,0
3159,truck,8.5,road_loopA_r0,road_loopA_r1,4962.3,5080.5,118.2,1297.9,39.5,0
3181,car,4.5,road_loopA_f0,road_loopA_f1,4984.2,5081.3,97.1,1303.9,48.3,0
3183,suv,4.8,road_loopA_r0,road_loopA_r1,4985.0,5081.5,96.5,1298.2,48.4,0
3186,car,4.5,road_loopA_r0,road_loopA_r1,4986.4,5082.6,96.2,1298.0,48.6,0
3174,truck,8.5,road_loopA_f0,road_loopA_f1,4972.9,5082.8,109.9,1303.0,42.7,0
3180,car,4.5,road_loopA_f0,road_loopA_f1,4979.5,5083.2,103.7,1303.2,45.3,0
3190,car,4.5,road_loopA_f0,road_loopA_f1,4993.1,5083.2,90.1,1303.1,52.0,0
3162,suv,4.8,road_loopA_r0,road_loopA_r1,4963.7,5083.9,120.2,1297.7,38.9,0
3165,suv,4.8,road_loopA_r0,road_loopA_r1,4965.0,5084.8,119.8,1298.7,39.0,0
3193,car,4.5,road_loopA_r0,road_loopA_r1,4996.1,5086.9,90.8,1297.8,51.5,0
3188,car,4.5,road_loopA_f0,road_loopA_f1,4988.5,5087.3,98.8,1302.9,47.5,0
3161,car,4.5,road_loopA_r0,xloopA_0Bb,4962.9,5087.7,124.8,895.8,25.8,1
3143,suv,4.8,road_loopA_f0,xloopA_0Ab,4950.2,5088.3,138.1,505.6,13.2,1
3173,truck,8.5,road_loopA_f0,road_loopA_f1,4972.2,5088.8,116.6,1302.9,40.2,0
3191,car,4.5,road_loopA_f0,road_loopA_f1,4994.4,5090.1,95.7,1303.7,49.0,0
3149,car,4.5,road_loopA_f0,xloopA_0Ab,4954.3,5090.9,136.6,505.3,13.3,1
3170,truck,8.5,road_loopA_r0,xloopA_0Bb,4971.1,5091.0,119.9,895.3,26.9,1
3182,car,4.5,road_loopA_f0,road_loopA_f1,4984.2,5091.0,106.8,1303.8,44.0,0
3185,suv,4.8,road_loopA_f0,road_loopA_f1,4986.1,5091.4,105.3,1303.1,44.5,0
3195,truck,8.5,road_loopA_r0,road_loopA_r1,4996.9,5092.8,95.9,1298.4,48.8,0
3171,suv,4.8,road_loopA_f0,xloopA_0Ab,4971.7,5093.6,121.9,505.6,14.9,1
3199,car,4.5,road_loopA_r0,xloopA_0Bb,5004.4,5094.1,89.7,895.7,36.0,1
3200,car,4.5,road_loopA_f0,road_loopA_f1,5004.8,5094.9,90.1,1303.8,52.1,0
3205,suv,4.8,road_loopA_r0,road_loopA_r1,5006.3,5096.0,89.7,1298.2,52.1,0
3201,car,4.5,road_loopA_f0,xloopA_0Ab,5004.8,5096.2,91.4,505.0,19.9,1
3202,car,4.5,road_loopA_r0,xloopA_0Bb,5005.0,5096.7,91.7,895.3,35.1,1
3194,truck,8.5,road_loopA_r0,road_loopA_r1,4996.2,5096.9,100.7,1298.2,46.4,0
3196,car,4.5,road_loopA_f0,road_loopA_f1,4997.2,5097.6,100.4,1303.1,46.7,0
3208,car,4.5,road_loopA_r0,road_loopA_r1,5007.6,5098.3,90.7,1297.7,51.5,0
3217,car,4.5,road_loopA_f0,xloopA_0Ab,5013.7,5098.9,85.2,505.2,21.4,1
3204,suv,4.8,road_loopA_f0,road_loopA_f1,5005.9,5099.2,93.3,1304.0,50.3,0
3212,car,4.5,road_loopA_r0,road_loopA_r1,5011.3,5100.4,89.1,1298.5,52.5,0
3169,suv,4.8,road_loopA_f0,road_loopA_f1,4968.7,5100.9,132.2,1303.1,35.5,0
3211,car,4.5,road_loopA_f0,road_loopA_f1,5010.5,5101.1,90.6,1303.1,51.8,0
3221,truck,8.5,road_loopA_r0,road_loopA_r1,5014.7,5103.7,89.0,1297.3,52.5,0
3198,suv,4.8,road_loopA_r0,road_loopA_r1,5002.7,5104.3,101.6,1298.2,46.0,0
3291,car,4.5,xloopA_0Ba,xloopA_0Bb,5069.4,5104.4,35.0,84.4,8.7,1
3219,car,4.5,road_loopA_f0,road_loopA_f1,5014.4,5105.4,91.0,1304.1,51.6,0
3203,car,4.5,road_loopA_f0,road_loopA_f1,5005.8,5105.8,100.0,1303.9,46.9,0
3235,car,4.5,xloopA_0Aa,xloopA_0Ab,5024.0,5106.0,82.0,84.7,3.7,1
3215,suv,4.8,road_loopA_f0,road_loopA_f1,5012.1,5107.5,95.4,1302.8,49.2,0
3222,car,4.5,road_loopA_f0,road_loopA_f1,5015.5,5107.5,92.0,1303.3,51.0,0
3273,car,4.5,xloopA_0Aa,xloopA_0Ab,5055.4,5109.5,54.1,84.3,5.6,0
3296,car,4.5,xloopA_0Ba,xloopA_0Bb,5074.1,5110.4,36.3,84.7,8.4,0
3226,car,4.5,road_loopA_f0,road_loopA_f1,5019.9,5111.3,91.4,1303.4,51.4,0
3284,car,4.5,xloopA_0Aa,xloopA_0Ab,5065.1,5112.4,47.3,84.1,6.4,0
3302,car,4.5,xloopA_0Ba,xloopA_0Bb,5083.6,5112.8,29.2,84.0,10.4,0
3292,car,4.5,xloopA_0Aa,xloopA_0Ab,5070.0,5114.6,44.6,84.0,6.8,0
3236,car,4.5,road_loopA_f0,road_loopA_f1,5025.4,5114.9,89.5,1302.8,52.4,0
3218,suv,4.8,road_loopA_f0,road_loopA_f1,5013.9,5115.0,101.1,1302.8,46.4,0
3305,car,4.5,xloopA_0Ba,xloopA_0Bb,5085.1,5115.0,29.9,84.6,10.2,0
3300,car,4.5,xloopA_0Aa,xloopA_0Ab,5078.9,5116.4,37.5,84.3,8.1,0
3237,suv,4.8,road_loopA_f0,road_loopA_f1,5026.9,5117.4,90.5,1304.2,51.9,0
3197,truck,8.5,road_loopA_f0,road_loopA_f1,4998.2,5117.6,119.4,1303.5,39.3,0
3316,car,4.5,xloopA_0Ba,xloopA_0Bb,5095.1,5117.7,22.6,84.3,13.4,0
3308,car,4.5,xloopA_0Aa,xloopA_0Ab,5086.9,5118.9,32.0,84.6,9.5,0
3336,car,4.5,xloopA_0Ba,xloopA_0Bb,5107.5,5119.8,12.3,84.0,24.6,0
3209,truck,8.5,road_loopA_f0,road_loopA_f1,5008.9,5120.0,111.1,1303.5,42.2,0
3310,car,4.5,xloopA_0Aa,xloopA_0Ab,5089.8,5120.6,30.8,84.3,9.9,0
3213,car,4.5,road_loopA_f0,road_loopA_f1,5011.6,5121.2,109.6,1303.3,42.8,0
3242,suv,4.8,road_loopA_f0,road_loopA_f1,5032.4,5127.6,95.2,1303.5,49.3,0
3248,car,4.5,road_loopA_f0,road_loopA_f1,5036.1,5128.6,92.5,1304.2,50.7,0
3238,bus,11.0,road_loopA_f0,road_loopA_f1,5027.3,5128.8,101.5,1303.6,46.2,0
3246,car,4.5,road_loopA_f0,road_loopA_f1,5033.8,5130.1,96.3,1302.8,48.7,0
3244,suv,4.8,road_loopA_f0,road_loopA_f1,5033.0,5130.9,97.9,1303.7,47.9,0
3230,suv,4.8,road_loopA_r0,xloopA_0Ab,5021.5,5133.4,111.9,869.3,28.0,1
3243,car,4.5,road_loopA_f0,road_loopA_f1,5032.7,5136.0,103.3,1303.9,45.4,0
3251,car,4.5,road_loopA_f0,road_loopA_f1,5039.3,5136.1,96.8,1303.8,48.5,0
3207,suv,4.8,road_loopA_r0,xloopA_0Ab,5006.8,5137.2,130.4,869.5,24.0,2
3241,bus,11.0,road_loopA_f0,road_loopA_f1,5030.1,5142.1,112.0,1302.9,41.9,0
3337,car,4.5,road_loopA_f0,xloopA_0Bb,5108.5,5148.8,40.3,478.7,42.7,0
3223,car,4.5,road_loopA_r0,road_loopA_r1,5017.1,5151.0,133.9,1297.9,34.9,1
3339,car,4.5,road_loopA_f0,xloopA_0Bb,5110.6,5153.4,42.8,478.9,40.3,0
3233,car,4.5,road_loopA_r0,road_loopA_r1,5023.1,5154.4,131.3,1298.6,35.6,1
3250,suv,4.8,road_loopA_r0,road_loopA_r1,5038.7,5156.7,118.0,1298.6,39.6,1
3258,car,4.5,road_loopA_r0,road_loopA_r1,5044.0,5159.4,115.4,1298.1,40.5,1
3265,car,4.5,road_loopA_r0,road_loopA_r1,5049.8,5160.5,110.7,1297.5,42.2,1
3268,car,4.5,road_loopA_r0,road_loopA_r1,5052.6,5162.3,109.7,1298.1,42.6,1
3232,car,4.5,xloopA_0Ba,road_loopA_r1,5022.4,5163.6,141.2,476.5,12.1,1
3293,car,4.5,xloopA_0Ba,road_loopA_r1,5071.1,5164.1,93.0,476.7,18.4,1
3270,car,4.5,road_loopA_r0,road_loopA_r1,5054.2,5164.3,110.1,1298.7,42.4,1
3276,car,4.5,road_loopA_r0,road_loopA_r1,5058.6,5165.4,106.8,1297.8,43.7,1
3247,car,4.5,xloopA_0Aa,road_loopA_r1,5035.7,5165.6,129.9,506.6,14.0,1
3214,car,4.5,road_loopA_r0,road_loopA_r1,5011.6,5165.8,154.2,1298.1,30.3,1
3224,car,4.5,road_loopA_r0,road_loopA_r1,5018.2,5167.4,149.2,1298.3,31.3,1
3240,car,4.5,road_loopA_r0,road_loopA_r1,5029.3,5167.5,138.2,1298.3,33.8,1
3274,suv,4.8,road_loopA_r0,road_loopA_r1,5056.8,5168.2,111.4,1297.9,41.9,0
3225,car,4.5,road_loopA_r0,road_loopA_r1,5019.8,5169.1,149.3,1298.5,31.3,1
3257,car,4.5,road_loopA_r0,road_loopA_r1,5043.8,5169.1,125.3,1298.0,37.3,1
3228,suv,4.8,road_loopA_r0,road_loopA_r1,5021.0,5170.7,149.7,1297.5,31.2,1
3269,car,4.5,road_loopA_r0,road_loopA_r1,5052.7,5170.7,118.0,1297.6,39.6,1
3278,suv,4.8,road_loopA_r0,road_loopA_r1,5059.8,5171.5,111.7,1297.3,41.8,0
3239,suv,4.8,road_loopA_r0,road_loopA_r1,5027.9,5172.5,144.6,1298.6,32.3,1
3245,suv,4.8,road_loopA_r0,road_loopA_r1,5033.5,5172.7,139.2,1297.3,33.6,1
3271,suv,4.8,road_loopA_r0,road_loopA_r1,5054.5,5174.4,119.9,1297.9,39.0,0
3277,suv,4.8,road_loopA_r0,road_loopA_r1,5058.7,5174.7,116.0,1297.2,40.2,0
3272,car,4.5,road_loopA_r0,road_loopA_r1,5055.2,5175.3,120.1,1298.3,38.9,0
3303,car,4.5,road_loopA_r0,road_loopA_r1,5084.6,5177.0,92.4,1298.1,50.6,0
3282,car,4.5,road_loopA_r0,road_loopA_r1,5063.4,5177.1,113.7,1297.3,41.1,0
3253,suv,4.8,road_loopA_f0,road_loopA_f1,5041.3,5177.7,136.4,1303.8,34.4,1
3255,car,4.5,road_loopA_f0,road_loopA_f1,5042.3,5179.2,136.9,1303.2,34.3,1
3312,car,4.5,road_loopA_r0,road_loopA_r1,5090.5,5179.6,89.1,1297.7,52.4,0
3288,car,4.5,road_loopA_r0,road_loopA_r1,5065.9,5179.8,113.9,1297.9,41.0,0
3384,car,4.5,road_loopA_f0,xloopA_0Bb,5133.8,5181.1,47.3,478.7,36.5,0
3261,suv,4.8,road_loopA_f0,road_loopA_f1,5045.6,5184.3,138.7,1303.7,33.8,1
3252,car,4.5,road_loopA_f0,road_loopA_f1,5040.9,5186.1,145.2,1303.9,32.3,1
3307,car,4.5,road_loopA_r0,road_loopA_r1,5086.8,5186.7,99.9,1297.7,46.7,0
3267,suv,4.8,road_loopA_f0,road_loopA_f1,5050.7,5187.8,137.1,1303.9,34.2,1
3259,truck,8.5,road_loopA_f0,road_loopA_f1,5044.6,5188.3,143.7,1303.4,32.7,1
3264,suv,4.8,road_loopA_f0,road_loopA_f1,5047.2,5188.6,141.4,1303.7,33.2,1
3323,car,4.5,road_loopA_r0,road_loopA_r1,5099.5,5189.3,89.8,1298.6,52.1,0
3275,car,4.5,road_loopA_f0,road_loopA_f1,5058.5,5189.6,131.1,1303.0,35.8,1
3311,car,4.5,road_loopA_r0,road_loopA_r1,5090.4,5189.6,99.2,1297.9,47.1,0
3263,car,4.5,road_loopA_f0,road_loopA_f1,5047.2,5190.5,143.3,1303.3,32.7,1
3318,car,4.5,road_loopA_r0,road_loopA_r1,5096.3,5191.3,95.0,1297.6,49.2,0
3280,car,4.5,road_loopA_f0,road_loopA_f1,5060.5,5192.1,131.6,1303.1,35.7,1
3329,suv,4.8,road_loopA_r0,road_loopA_r1,5103.0,5192.6,89.6,1298.5,52.2,0
3365,suv,4.8,road_loopA_r0,xloopA_0Ab,5123.7,5193.7,70.0,869.4,44.7,0
3254,car,4.5,road_loopA_f0,road_loopA_f1,5042.2,5195.5,153.3,1303.5,30.6,1
3290,car,4.5,road_loopA_f0,road_loopA_f1,5067.6,5195.5,127.9,1303.5,36.7,1
3227,bus,11.0,road_loopA_f0,road_loopA_f1,5020.4,5196.4,176.0,1303.2,26.7,2
3283,truck,8.5,road_loopA_f0,road_loopA_f1,5063.5,5196.7,133.2,1303.4,35.2,1
3295,suv,4.8,road_loopA_f0,road_loopA_f1,5072.7,5198.7,126.0,1303.2,37.2,1
3298,suv,4.8,road_loopA_f0,road_loopA_f1,5076.9,5199.0,122.1,1304.1,38.5,1
3279,suv,4.8,road_loopA_f0,road_loopA_f1,5060.0,5200.6,140.6,1303.1,33.4,1
3297,car,4.5,road_loopA_f0,road_loopA_f1,5074.1,5201.8,127.7,1304.1,36.8,1
3281,car,4.5,road_loopA_f0,road_loopA_f1,5060.6,5202.4,141.8,1303.9,33.1,1
3317,car,4.5,road_loopA_r0,road_loopA_r1,5095.2,5203.1,107.9,1298.2,43.3,0
3342,car,4.5,road_loopA_r0,road_loopA_r1,5111.9,5204.0,92.1,1298.3,50.8,0
3299,suv,4.8,road_loopA_f0,road_loopA_f1,5078.2,5204.8,126.6,1303.9,37.1,1
3210,suv,4.8,road_loopA_r0,xloopA_0Bb,5009.0,5204.9,195.9,896.0,16.5,2
3315,car,4.5,road_loopA_f0,road_loopA_f1,5092.8,5205.0,112.2,1303.2,41.8,0
3216,car,4.5,xloopA_0Aa,road_loopA_f1,5013.7,5205.2,191.5,872.6,16.4,1
3333,car,4.5,road_loopA_r0,road_loopA_r1,5106.3,5206.5,100.2,1298.2,46.7,0
3220,truck,8.5,road_loopA_f0,xloopA_0Ab,5014.7,5206.6,191.9,505.0,9.5,2
3249,car,4.5,road_loopA_f0,road_loopA_f1,5037.0,5206.8,169.8,1302.9,27.6,1
3229,suv,4.8,road_loopA_r0,xloopA_0Bb,5021.4,5207.5,186.1,895.7,17.3,1
5,tram,34.0,loopA,loopA,1015.1,5208.1,4193.0,33702.7,28.9,42
3260,car,4.5,road_loopA_f0,road_loopA_f1,5045.1,5208.2,163.1,1303.0,28.8,1
3256,suv,4.8,road_loopA_f0,road_loopA_f1,5042.9,5208.5,165.6,1303.7,28.3,1
3324,car,4.5,road_loopA_f0,road_loopA_f1,5099.6,5208.5,108.9,1303.7,43.1,0
3285,car,4.5,road_loopA_f0,road_loopA_f1,5065.3,5209.1,143.8,1303.1,32.6,1
3286,suv,4.8,road_loopA_f0,xloopA_0Ab,5065.5,5209.6,144.1,505.3,12.6,1
3234,car,4.5,road_loopA_r0,xloopA_0Bb,5023.4,5210.2,186.8,895.6,17.3,1
3266,car,4.5,road_loopA_f0,road_loopA_f1,5050.6,5210.7,160.1,1303.5,29.3,1
3301,car,4.5,road_loopA_f0,road_loopA_f1,5083.0,5210.9,127.9,1303.0,36.7,0
3321,car,4.5,road_loopA_f0,road_loopA_f1,5098.3,5211.2,112.9,1303.9,41.6,0
3345,car,4.5,road_loopA_r0,road_loopA_r1,5113.1,5211.6,98.5,1298.7,47.4,0
3294,suv,4.8,road_loopA_f0,road_loopA_f1,5071.1,5212.5,141.4,1303.7,33.2,1
3320,car,4.5,road_loopA_f0,road_loopA_f1,5098.1,5212.6,114.5,1303.2,41.0,0
3262,car,4.5,road_loopA_r0,xloopA_0Bb,5046.0,5212.8,166.8,895.4,19.3,1
3332,car,4.5,road_loopA_r0,road_loopA_r1,5106.2,5212.8,106.6,1297.7,43.8,0
3414,suv,4.8,road_loopA_f0,xloopA_0Ab,5159.2,5212.9,53.7,504.9,33.8,0
3330,car,4.5,road_loopA_f0,road_loopA_f1,5103.7,5213.0,109.3,1304.2,42.9,0
3334,truck,8.5,road_loopA_r0,road_loopA_r1,5106.8,5213.9,107.1,1297.7,43.6,0
3304,car,4.5,road_loopA_f0,road_loopA_f1,5084.6,5214.3,129.7,1303.9,36.2,1
3313,suv,4.8,road_loopA_f0,road_loopA_f1,5091.2,5214.9,123.7,1304.1,38.0,0
3325,car,4.5,road_loopA_f0,road_loopA_f1,5099.8,5215.0,115.2,1303.1,40.7,0
3420,car,4.5,road_loopA_f0,xloopA_0Ab,5164.9,5215.4,50.5,505.4,36.1,0
3287,car,4.5,road_loopA_r0,xloopA_0Bb,5065.7,5215.5,149.8,895.6,21.5,1
3344,car,4.5,road_loopA_r0,road_loopA_r1,5112.7,5215.8,103.1,1298.2,45.3,0
3354,suv,4.8,road_loopA_r0,road_loopA_r1,5117.8,5215.9,98.1,1298.6,47.7,0
3347,car,4.5,road_loopA_f0,road_loopA_f1,5113.5,5216.8,103.3,1304.2,45.5,0
3327,truck,8.5,road_loopA_r0,road_loopA_r1,5102.4,5217.1,114.7,1298.4,40.8,0
3359,car,4.5,road_loopA_r0,road_loopA_r1,5121.3,5218.2,96.9,1298.0,48.2,0
3335,suv,4.8,road_loopA_f0,road_loopA_f1,5107.2,5218.6,111.4,1303.0,42.1,0
3306,suv,4.8,road_loopA_f0,road_loopA_f1,5085.1,5218.9,133.8,1302.9,35.1,1
3351,truck,8.5,road_loopA_r0,road_loopA_r1,5116.1,5219.1,103.0,1298.2,45.4,0
3326,suv,4.8,road_loopA_f0,road_loopA_f1,5099.8,5219.8,120.0,1302.8,39.1,0
3353,car,4.5,xloopA_0Ba,xloopA_0Bb,5117.8,5220.0,102.2,84.2,3.0,1
3360,car,4.5,road_loopA_r0,road_loopA_r1,5121.3,5220.7,99.4,1297.3,47.0,0
3361,car,4.5,road_loopA_r0,road_loopA_r1,5121.3,5220.8,99.5,1297.7,47.0,0
3352,car,4.5,road_loopA_f0,road_loopA_f1,5117.3,5221.4,104.1,1303.4,45.1,0
3328,car,4.5,xloopA_0Aa,xloopA_0Ab,5102.5,5221.7,119.2,84.8,2.6,1
3340,car,4.5,road_loopA_f0,road_loopA_f1,5111.3,5222.1,110.8,1303.2,42.3,0
3370,car,4.5,xloopA_0Ba,xloopA_0Bb,5127.0,5222.3,95.3,84.5,3.2,1
3364,car,4.5,road_loopA_r0,road_loopA_r1,5123.6,5222.4,98.8,1297.3,47.3,0
3371,car,4.5,road_loopA_r0,road_loopA_r1,5127.0,5222.5,95.5,1297.6,48.9,0
3331,car,4.5,road_loopA_r0,road_loopA_r1,5103.9,5223.1,119.2,1298.0,39.2,0
3343,car,4.5,road_loopA_f0,road_loopA_f1,5112.2,5223.9,111.7,1303.1,42.0,0
3338,car,4.5,xloopA_0Aa,xloopA_0Ab,5110.5,5223.9,113.4,84.3,2.7,1
3397,car,4.5,xloopA_0Ba,xloopA_0Bb,5144.6,5224.5,79.9,84.1,3.8,1
3374,car,4.5,road_loopA_r0,road_loopA_r1,5127.8,5224.8,97.0,1297.9,48.2,0
3368,car,4.5,road_loopA_r0,road_loopA_r1,5126.2,5224.9,98.7,1298.2,47.3,0
3357,car,4.5,road_loopA_f0,road_loopA_f1,5119.9,5225.6,105.7,1303.4,44.4,0
3341,car,4.5,road_loopA_f0,road_loopA_f1,5111.8,5227.2,115.4,1302.8,40.7,0
3348,car,4.5,road_loopA_f0,road_loopA_f1,5114.2,5227.4,113.2,1303.8,41.5,0
3401,car,4.5,xloopA_0Aa,xloopA_0Ab,5148.0,5227.5,79.5,84.2,3.8,0
3419,car,4.5,xloopA_0Ba,xloopA_0Bb,5164.1,5228.3,64.2,84.5,4.7,0
3444,car,4.5,xloopA_0Aa,xloopA_0Ab,5199.5,5229.6,30.1,84.1,10.1,0
3441,car,4.5,xloopA_0Ba,xloopA_0Bb,5197.9,5230.8,32.9,84.0,9.2,0
3366,car,4.5,road_loopA_f0,road_loopA_f1,5124.2,5231.1,106.9,1302.9,43.9,0
3450,car,4.5,xloopA_0Aa,xloopA_0Ab,5202.6,5231.4,28.8,84.8,10.6,0
3362,truck,8.5,road_loopA_f0,road_loopA_f1,5122.4,5231.5,109.1,1303.0,43.0,0
3322,car,4.5,road_loopA_f0,road_loopA_f1,5099.0,5232.2,133.2,1303.2,35.2,0
3367,suv,4.8,road_loopA_f0,road_loopA_f1,5125.6,5233.5,107.9,1303.7,43.5,0
3346,truck,8.5,road_loopA_f0,road_loopA_f1,5113.5,5235.9,122.4,1303.1,38.3,0
3355,truck,8.5,road_loopA_f0,road_loopA_f1,5119.5,5236.6,117.1,1303.5,40.1,0
3356,car,4.5,road_loopA_f0,road_loopA_f1,5119.8,5237.9,118.1,1304.1,39.8,0
3378,car,4.5,road_loopA_f0,road_loopA_f1,5130.6,5239.2,108.6,1303.1,43.2,0
3369,car,4.5,road_loopA_f0,road_loopA_f1,5126.6,5239.6,113.0,1303.1,41.5,0
3377,suv,4.8,road_loopA_f0,road_loopA_f1,5130.2,5240.1,109.9,1302.8,42.7,0
3375,car,4.5,road_loopA_f0,road_loopA_f1,5128.4,5241.0,112.6,1303.0,41.7,0
3376,car,4.5,road_loopA_f0,road_loopA_f1,5128.8,5241.6,112.8,1303.7,41.6,0
3381,suv,4.8,road_loopA_f0,road_loopA_f1,5131.3,5242.0,110.7,1303.5,42.4,0
3389,car,4.5,road_loopA_f0,road_loopA_f1,5137.7,5242.7,105.0,1303.3,44.7,0
3383,suv,4.8,road_loopA_f0,road_loopA_f1,5133.4,5243.3,109.9,1303.1,42.7,0
3391,car,4.5,road_loopA_f0,road_loopA_f1,5138.4,5243.8,105.4,1303.9,44.6,0
3385,car,4.5,road_loopA_f0,road_loopA_f1,5134.1,5244.5,110.4,1302.9,42.5,0
3386,car,4.5,road_loopA_f0,road_loopA_f1,5134.2,5245.1,110.9,1304.2,42.3,0
3289,bus,11.0,road_loopA_f0,road_loopA_f1,5067.3,5245.6,178.3,1303.1,26.3,3
3394,suv,4.8,road_loopA_f0,road_loopA_f1,5141.8,5246.4,104.6,1304.0,44.9,0
3392,car,4.5,road_loopA_f0,road_loopA_f1,5140.0,5246.8,106.8,1302.8,43.9,0
3395,car,4.5,road_loopA_f0,road_loopA_f1,5143.1,5247.7,104.6,1302.9,44.8,0
3410,suv,4.8,road_loopA_f0,road_loopA_f1,5158.1,5247.7,89.6,1304.0,52.4,0
3373,car,4.5,road_loopA_r0,xloopA_0Ab,5127.6,5249.7,122.1,869.0,25.6,1
3393,car,4.5,road_loopA_f0,road_loopA_f1,5140.0,5249.8,109.8,1304.0,42.8,0
3413,car,4.5,road_loopA_f0,road_loopA_f1,5158.8,5250.6,91.8,1303.3,51.1,0
3409,truck,8.5,road_loopA_f0,xloopA_0Bb,5157.7,5251.2,93.5,478.6,18.4,2
3404,suv,4.8,road_loopA_f0,road_loopA_f1,5151.2,5251.6,100.4,1303.3,46.7,0
3388,truck,8.5,road_loopA_f0,road_loopA_f1,5136.7,5251.7,115.0,1303.8,40.8,0
3412,car,4.5,road_loopA_f0,road_loopA_f1,5158.6,5253.4,94.8,1303.4,49.5,0
3422,car,4.5,road_loopA_f0,xloopA_0Bb,5166.5,5254.9,88.4,478.7,19.5,2
3415,car,4.5,road_loopA_f0,road_loopA_f1,5159.7,5255.1,95.4,1302.9,49.2,0
3457,car,4.5,road_loopA_f0,xloopA_0Bb,5210.8,5258.8,48.0,478.8,35.9,0
3467,car,4.5,road_loopA_f0,xloopA_0Bb,5219.1,5261.9,42.8,479.1,40.3,0
3403,bus,11.0,road_loopA_f0,road_loopA_f1,5149.2,5265.5,116.3,1303.7,40.4,0
3382,car,4.5,road_loopA_r0,road_loopA_r1,5131.4,5266.3,134.9,1298.5,34.7,1
3398,suv,4.8,road_loopA_r0,road_loopA_r1,5145.0,5269.3,124.3,1298.5,37.6,1
3390,car,4.5,road_loopA_r0,road_loopA_r1,5137.9,5270.3,132.4,1297.4,35.3,1
3405,car,4.5,road_loopA_r0,road_loopA_r1,5152.6,5271.8,119.2,1298.1,39.2,1
3387,bus,11.0,road_loopA_f0,road_loopA_f1,5134.2,5272.2,138.0,1303.6,34.0,1
3411,car,4.5,road_loopA_r0,road_loopA_r1,5158.5,5274.3,115.8,1297.4,40.3,1
3349,bus,11.0,road_loopA_f0,road_loopA_f1,5115.6,5277.1,161.5,1303.2,29.0,2
3407,car,4.5,road_loopA_r0,road_loopA_r1,5154.9,5278.4,123.5,1298.3,37.8,1
3424,truck,8.5,road_loopA_r0,road_loopA_r1,5172.1,5278.9,106.8,1298.4,43.8,0
3380,car,4.5,road_loopA_r0,road_loopA_r1,5131.2,5279.4,148.2,1298.3,31.5,1
3433,car,4.5,road_loopA_r0,road_loopA_r1,5186.1,5280.9,94.8,1298.1,49.3,0
3428,car,4.5,road_loopA_r0,road_loopA_r1,5179.2,5282.3,103.1,1297.3,45.3,0
3406,car,4.5,road_loopA_r0,road_loopA_r1,5154.3,5282.9,128.6,1298.1,36.3,1
3427,car,4.5,road_loopA_r0,road_loopA_r1,5178.4,5286.0,107.6,1298.5,43.5,0
3435,car,4.5,road_loopA_r0,road_loopA_r1,5188.3,5286.2,97.9,1297.6,47.7,0
3408,car,4.5,road_loopA_r0,road_loopA_r1,5157.5,5288.0,130.5,1298.0,35.8,1
3493,car,4.5,road_loopA_f0,xloopA_0Bb,5246.8,5288.0,41.2,478.6,41.8,0
3421,suv,4.8,road_loopA_r0,road_loopA_r1,5166.3,5288.8,122.5,1298.2,38.2,0
3402,car,4.5,road_loopA_r0,road_loopA_r1,5149.2,5291.3,142.1,1297.7,32.9,1
3437,car,4.5,road_loopA_r0,road_loopA_r1,5191.0,5292.3,101.3,1297.3,46.1,0
3358,bus,11.0,road_loopA_r0,road_loopA_r1,5120.9,5293.3,172.4,1298.5,27.1,2
3442,car,4.5,road_loopA_r0,road_loopA_r1,5198.4,5293.3,94.9,1297.8,49.3,0
3447,car,4.5,road_loopA_r0,road_loopA_r1,5201.2,5293.3,92.1,1297.8,50.7,0
3459,car,4.5,xloopA_0Aa,road_loopA_r1,5213.2,5294.9,81.7,506.9,22.3,0
3449,suv,4.8,road_loopA_r0,road_loopA_r1,5202.4,5295.1,92.7,1298.1,50.4,0
3372,suv,4.8,road_loopA_r0,road_loopA_r1,5127.5,5296.6,169.1,1297.7,27.6,1
3451,car,4.5,road_loopA_r0,road_loopA_r1,5203.6,5297.0,93.4,1297.7,50.0,0
3396,car,4.5,road_loopA_r0,road_loopA_r1,5144.1,5298.3,154.2,1298.2,30.3,1
3416,car,4.5,road_loopA_f0,road_loopA_f1,5159.8,5298.7,138.9,1303.8,33.8,1
3446,suv,4.8,road_loopA_r0,road_loopA_r1,5200.2,5300.0,99.8,1297.5,46.8,0
3438,car,4.5,road_loopA_r0,road_loopA_r1,5191.6,5300.2,108.6,1298.0,43.0,0
3456,suv,4.8,road_loopA_r0,road_loopA_r1,5208.6,5301.0,92.4,1298.3,50.6,0
3430,car,4.5,road_loopA_f0,road_loopA_f1,5182.8,5302.0,119.2,1303.3,39.4,1
3460,car,4.5,road_loopA_r0,road_loopA_r1,5213.2,5302.9,89.7,1298.2,52.1,0
3434,car,4.5,road_loopA_f0,road_loopA_f1,5187.7,5304.7,117.0,1303.4,40.1,1
3425,car,4.5,road_loopA_f0,road_loopA_f1,5175.1,5305.0,129.9,1302.8,36.1,1
3463,car,4.5,road_loopA_r0,road_loopA_r1,5216.5,5305.4,88.9,1297.3,52.5,0
3508,car,4.5,road_loopA_f0,xloopA_0Bb,5262.4,5305.6,43.2,478.6,39.9,0
3436,suv,4.8,road_loopA_f0,road_loopA_f1,5190.3,5307.0,116.7,1303.1,40.2,1
3468,car,4.5,road_loopA_r0,road_loopA_r1,5219.3,5308.5,89.2,1297.5,52.4,0
3440,suv,4.8,road_loopA_f0,road_loopA_f1,5195.8,5308.8,113.0,1303.6,41.5,1
3319,bus,11.0,road_loopA_r0,road_loopA_r1,5096.3,5310.7,214.4,1298.0,21.8,3
3458,car,4.5,road_loopA_r0,xloopA_0Ab,5212.3,5312.4,100.1,869.1,31.3,1
3314,car,4.5,xloopA_0Aa,road_loopA_f1,5092.6,5312.7,220.1,872.0,14.3,1
3465,car,4.5,road_loopA_r0,road_loopA_r1,5218.1,5312.8,94.7,1297.9,49.4,0
3470,car,4.5,road_loopA_r0,road_loopA_r1,5220.3,5313.6,93.3,1297.3,50.1,0
3464,car,4.5,road_loopA_r0,road_loopA_r1,5217.6,5315.2,97.6,1297.4,47.9,0
3431,car,4.5,road_loopA_f0,road_loopA_f1,5183.3,5315.7,132.4,1303.2,35.4,1
3432,car,4.5,road_loopA_f0,road_loopA_f1,5184.9,5317.6,132.7,1304.0,35.4,1
3439,car,4.5,road_loopA_f0,road_loopA_f1,5195.6,5318.5,122.9,1303.4,38.2,1
3453,suv,4.8,road_loopA_r0,road_loopA_r1,5206.3,5318.7,112.4,1297.3,41.5,0
3469,truck,8.5,road_loopA_f0,road_loopA_f1,5219.8,5319.9,100.1,1303.2,46.9,0
3475,suv,4.8,road_loopA_r0,road_loopA_r1,5228.0,5320.8,92.8,1298.0,50.4,0
3309,suv,4.8,road_loopA_r0,xloopA_0Bb,5089.6,5320.9,231.3,895.9,13.9,2
3443,suv,4.8,road_loopA_f0,xloopA_0Ab,5198.5,5321.5,123.0,505.6,14.8,1
3476,car,4.5,road_loopA_f0,road_loopA_f1,5229.6,5321.8,92.2,1303.1,50.9,0
3477,car,4.5,road_loopA_r0,road_loopA_r1,5229.7,5322.8,93.1,1298.6,50.2,0
3483,car,4.5,road_loopA_f0,road_loopA_f1,5231.6,5323.4,91.8,1303.4,51.1,0
3363,suv,4.8,road_loopA_r0,xloopA_0Bb,5122.4,5323.5,201.1,895.3,16.0,1
3418,suv,4.8,road_loopA_f0,road_loopA_f1,5163.1,5323.8,160.7,1303.9,29.2,1
3486,car,4.5,road_loopA_r0,road_loopA_r1,5234.7,5324.0,89.3,1298.1,52.3,0
3473,car,4.5,road_loopA_f0,xloopA_0Ab,5223.4,5324.1,100.7,505.4,18.1,1
3480,car,4.5,road_loopA_f0,road_loopA_f1,5230.2,5325.4,95.2,1303.8,49.3,0
3379,car,4.5,road_loopA_r0,xloopA_0Bb,5130.9,5326.2,195.3,895.5,16.5,1
3481,car,4.5,road_loopA_f0,xloopA_0Ab,5230.5,5326.7,96.2,505.1,18.9,1
3462,car,4.5,road_loopA_f0,road_loopA_f1,5215.4,5327.6,112.2,1303.4,41.8,0
3471,car,4.5,road_loopA_r0,road_loopA_r1,5221.0,5327.6,106.6,1297.8,43.8,0
3448,car,4.5,road_loopA_f0,road_loopA_f1,5202.1,5328.2,126.1,1303.1,37.2,0
3472,car,4.5,xloopA_0Ba,road_loopA_f1,5222.3,5328.3,106.0,902.6,30.7,0
3400,car,4.5,road_loopA_r0,xloopA_0Bb,5147.4,5328.9,181.5,895.7,17.8,1
3484,car,4.5,road_loopA_f0,xloopA_0Ab,5231.8,5329.4,97.6,505.3,18.6,1
3429,car,4.5,road_loopA_f0,road_loopA_f1,5182.5,5330.4,147.9,1302.8,31.7,0
3489,suv,4.8,road_loopA_f0,road_loopA_f1,5236.6,5331.0,94.4,1303.5,49.7,0
3426,car,4.5,road_loopA_r0,xloopA_0Bb,5177.7,5331.5,153.8,895.4,21.0,1
3488,suv,4.8,road_loopA_r0,road_loopA_r1,5236.1,5331.8,95.7,1297.4,48.8,0
3461,truck,8.5,road_loopA_f0,road_loopA_f1,5214.9,5332.1,117.2,1303.6,40.0,0
3501,suv,4.8,road_loopA_f0,xloopA_0Ab,5254.0,5332.1,78.1,505.5,23.3,1
3466,car,4.5,road_loopA_f0,road_loopA_f1,5218.6,5334.0,115.4,1303.8,40.7,0
3474,truck,8.5,road_loopA_f0,road_loopA_f1,5224.1,5334.3,110.2,1303.6,42.6,0
3455,car,4.5,road_loopA_f0,road_loopA_f1,5207.8,5335.7,127.9,1303.1,36.7,0
3478,car,4.5,xloopA_0Aa,xloopA_0Ab,5229.9,5335.7,105.8,84.1,2.9,1
3399,car,4.5,xloopA_0Ba,road_loopA_f1,5146.8,5337.7,190.9,902.8,17.0,0
3532,car,4.5,xloopA_0Ba,xloopA_0Bb,5282.0,5337.7,55.7,84.7,5.5,1
3491,car,4.5,road_loopA_f0,road_loopA_f1,5240.2,5337.8,97.6,1303.9,48.1,0
3479,car,4.5,xloopA_0Aa,xloopA_0Ab,5230.3,5338.3,108.0,84.6,2.8,1
3417,suv,4.8,road_loopA_f0,road_loopA_f1,5162.2,5339.4,177.2,1303.4,26.5,1
3499,car,4.5,road_loopA_f0,road_loopA_f1,5249.6,5339.5,89.9,1303.5,52.2,0
3494,car,4.5,road_loopA_f0,road_loopA_f1,5246.9,5339.9,93.0,1304.1,50.5,0
3487,truck,8.5,road_loopA_r0,road_loopA_r1,5235.1,5340.6,105.5,1298.2,44.3,0
3556,car,4.5,xloopA_0Ba,xloopA_0Bb,5313.6,5340.9,27.3,84.5,11.2,1
3423,car,4.5,road_loopA_f0,road_loopA_f1,5170.3,5341.1,170.8,1303.6,27.5,1
3504,car,4.5,xloopA_0Aa,xloopA_0Ab,5257.5,5341.3,83.8,84.6,3.6,1
3445,car,4.5,road_loopA_f0,road_loopA_f1,5199.6,5342.7,143.1,1303.2,32.8,0
3454,car,4.5,road_loopA_f0,road_loopA_f1,5207.1,5343.0,135.9,1304.0,34.5,0
3565,car,4.5,xloopA_0Ba,xloopA_0Bb,5326.0,5343.0,17.0,84.1,17.8,0
3452,car,4.5,road_loopA_f0,road_loopA_f1,5205.0,5344.4,139.4,1303.9,33.7,0
3551,car,4.5,xloopA_0Aa,xloopA_0Ab,5304.5,5344.5,40.0,84.7,7.6,0
3485,car,4.5,road_loopA_r0,road_loopA_r1,5234.3,5345.7,111.4,1297.7,41.9,0
3562,car,4.5,xloopA_0Aa,xloopA_0Ab,5321.2,5346.5,25.3,84.1,12.0,0
3505,car,4.5,road_loopA_f0,road_loopA_f1,5257.7,5347.7,90.0,1303.9,52.2,0
3503,suv,4.8,road_loopA_f0,road_loopA_f1,5257.3,5348.0,90.7,1304.2,51.8,0
3490,truck,8.5,road_loopA_f0,road_loopA_f1,5239.7,5350.4,110.7,1303.9,42.4,0
3564,car,4.5,xloopA_0Aa,xloopA_0Ab,5324.0,5351.1,27.1,84.6,11.2,0
3506,car,4.5,road_loopA_f0,road_loopA_f1,5262.3,5351.7,89.4,1303.1,52.5,0
3509,suv,4.8,road_loopA_f0,road_loopA_f1,5262.5,5353.3,90.8,1303.9,51.7,0
3510,car,4.5,road_loopA_f0,road_loopA_f1,5262.8,5353.6,90.8,1303.4,51.7,0
3512,car,4.5,road_loopA_f0,road_loopA_f1,5264.3,5355.4,91.1,1303.3,51.5,0
3495,car,4.5,road_loopA_r0,xloopA_0Ab,5246.9,5356.4,109.5,869.1,28.6,1
3513,car,4.5,road_loopA_f0,road_loopA_f1,5264.7,5357.3,92.6,1303.1,50.7,0
3507,car,4.5,road_loopA_f0,road_loopA_f1,5262.4,5365.4,103.0,1303.0,45.6,0
3492,car,4.5,road_loopA_r0,xloopA_0Ab,5245.1,5365.9,120.8,869.0,25.9,3
3554,car,4.5,road_loopA_f0,xloopA_0Bb,5310.4,5366.1,55.7,478.8,31.0,0
3511,suv,4.8,road_loopA_f0,road_loopA_f1,5263.1,5367.1,104.0,1303.0,45.1,0
3539,car,4.5,road_loopA_r0,xloopA_0Ab,5290.2,5373.4,83.2,869.1,37.6,0
3520,suv,4.8,road_loopA_r0,xloopA_0Ab,5275.3,5376.5,101.2,869.6,30.9,1
3500,suv,4.8,road_loopA_r0,road_loopA_r1,5252.0,5382.4,130.4,1297.5,35.8,1
3482,car,4.5,xloopA_0Ba,road_loopA_r1,5230.6,5385.2,154.6,476.1,11.1,1
3514,car,4.5,road_loopA_r0,road_loopA_r1,5265.6,5385.2,119.6,1298.4,39.1,1
3527,car,4.5,road_loopA_r0,road_loopA_r1,5279.8,5385.4,105.6,1297.6,44.2,1
3498,suv,4.8,road_loopA_r0,road_loopA_r1,5249.6,5387.1,137.5,1297.6,34.0,1
3516,car,4.5,road_loopA_r0,road_loopA_r1,5268.2,5388.1,119.9,1297.9,39.0,1
3515,car,4.5,road_loopA_r0,road_loopA_r1,5265.7,5388.8,123.1,1298.3,38.0,1
3524,car,4.5,road_loopA_r0,road_loopA_r1,5279.2,5389.6,110.4,1298.2,42.3,1
3536,suv,4.8,road_loopA_r0,road_loopA_r1,5286.6,5391.3,104.7,1298.4,44.7,1
3525,car,4.5,road_loopA_r0,road_loopA_r1,5279.2,5391.4,112.2,1298.3,41.7,1
3534,car,4.5,road_loopA_r0,road_loopA_r1,5286.3,5393.7,107.4,1297.3,43.5,0
3529,suv,4.8,road_loopA_r0,road_loopA_r1,5280.8,5395.3,114.5,1298.0,40.8,1
3521,suv,4.8,road_loopA_r0,road_loopA_r1,5275.7,5396.1,120.4,1298.1,38.8,0
3537,suv,4.8,road_loopA_r0,road_loopA_r1,5288.3,5397.8,109.5,1297.6,42.6,0
3541,car,4.5,road_loopA_r0,road_loopA_r1,5292.9,5397.9,105.0,1298.5,44.5,0
3542,truck,8.5,road_loopA_r0,road_loopA_r1,5294.5,5402.2,107.7,1298.0,43.4,0
3545,truck,8.5,road_loopA_r0,road_loopA_r1,5298.5,5402.7,104.2,1298.4,44.9,0
3549,car,4.5,road_loopA_r0,road_loopA_r1,5302.2,5404.1,101.9,1297.4,45.8,0
3555,car,4.5,road_loopA_r0,road_loopA_r1,5310.9,5404.9,94.0,1298.6,49.8,0
3557,car,4.5,road_loopA_r0,road_loopA_r1,5314.2,5405.8,91.6,1297.3,51.0,0
3613,truck,8.5,road_loopA_f0,xloopA_0Bb,5364.7,5408.8,44.1,479.0,39.1,0
3522,suv,4.8,road_loopA_f0,road_loopA_f1,5278.9,5409.7,130.8,1303.4,35.9,1
3526,car,4.5,road_loopA_f0,road_loopA_f1,5279.6,5411.3,131.7,1304.0,35.7,1
3561,suv,4.8,road_loopA_r0,road_loopA_r1,5319.1,5411.3,92.2,1297.7,50.7,0
3559,suv,4.8,road_loopA_r0,road_loopA_r1,5316.7,5411.9,95.2,1297.6,49.0,0
3528,car,4.5,road_loopA_f0,road_loopA_f1,5280.4,5412.4,132.0,1303.3,35.5,1
3620,suv,4.8,road_loopA_f0,xloopA_0Bb,5371.0,5414.1,43.1,478.5,40.0,0
3523,suv,4.8,road_loopA_f0,road_loopA_f1,5278.9,5415.4,136.5,1303.5,34.4,1
3538,car,4.5,road_loopA_f0,road_loopA_f1,5289.5,5416.3,126.8,1303.2,37.0,1
3572,car,4.5,road_loopA_r0,road_loopA_r1,5328.1,5417.2,89.1,1298.4,52.4,0
3544,car,4.5,road_loopA_f0,road_loopA_f1,5295.8,5419.0,123.2,1303.0,38.1,1
3530,truck,8.5,road_loopA_f0,road_loopA_f1,5281.3,5420.7,139.4,1302.8,33.6,1
3546,suv,4.8,road_loopA_f0,road_loopA_f1,5300.6,5421.0,120.4,1302.8,38.9,1
3563,car,4.5,road_loopA_f0,road_loopA_f1,5323.0,5424.6,101.6,1303.1,46.2,0
3540,car,4.5,road_loopA_f0,road_loopA_f1,5290.5,5424.7,134.2,1303.7,35.0,1
3553,suv,4.8,road_loopA_f0,road_loopA_f1,5308.3,5424.7,116.4,1302.8,40.3,1
3570,car,4.5,road_loopA_r0,road_loopA_r1,5328.0,5424.8,96.8,1298.2,48.3,0
3558,car,4.5,road_loopA_f0,road_loopA_f1,5314.5,5427.0,112.5,1303.8,41.7,1
3571,car,4.5,road_loopA_f0,road_loopA_f1,5328.1,5427.1,99.0,1303.0,47.4,0
3574,car,4.5,road_loopA_f0,road_loopA_f1,5330.7,5428.6,97.9,1303.1,47.9,0
3575,car,4.5,road_loopA_f0,road_loopA_f1,5334.5,5428.9,94.4,1304.1,49.8,0
3550,suv,4.8,road_loopA_f0,road_loopA_f1,5302.4,5432.1,129.7,1302.9,36.2,1
3580,suv,4.8,road_loopA_f0,road_loopA_f1,5338.5,5432.1,93.6,1302.9,50.1,0
3579,suv,4.8,road_loopA_f0,road_loopA_f1,5338.2,5433.4,95.2,1302.8,49.3,0
3581,suv,4.8,road_loopA_f0,road_loopA_f1,5344.1,5434.1,90.0,1303.0,52.1,0
3497,bus,11.0,road_loopA_r0,road_loopA_r1,5248.9,5434.3,185.4,1297.3,25.2,3
3586,suv,4.8,road_loopA_r0,road_loopA_r1,5345.6,5434.6,89.0,1297.3,52.5,0
3531,car,4.5,xloopA_0Aa,road_loopA_f1,5282.1,5435.2,153.1,872.8,20.5,0
3560,suv,4.8,road_loopA_f0,road_loopA_f1,5317.1,5435.7,118.6,1303.9,39.6,0
3502,car,4.5,road_loopA_r0,xloopA_0Bb,5255.1,5436.8,181.7,895.5,17.7,1
3533,truck,8.5,road_loopA_f0,road_loopA_f1,5286.1,5437.3,151.2,1303.0,31.0,1
3573,car,4.5,road_loopA_f0,xloopA_0Ab,5328.9,5437.4,108.5,505.2,16.8,1
3584,suv,4.8,road_loopA_f0,road_loopA_f1,5344.5,5437.9,93.4,1303.1,50.2,0
3568,car,4.5,road_loopA_f0,road_loopA_f1,5327.7,5438.5,110.8,1304.2,42.4,0
3578,car,4.5,road_loopA_r0,road_loopA_r1,5336.3,5439.1,102.8,1297.4,45.4,0
3496,car,4.5,road_loopA_r0,xloopA_0Bb,5247.0,5439.4,192.4,895.5,16.8,1
3588,car,4.5,road_loopA_f0,road_loopA_f1,5346.6,5439.5,92.9,1303.2,50.5,0
3606,suv,4.8,road_loopA_f0,xloopA_0Ab,5359.4,5440.0,80.6,504.9,22.6,1
3591,car,4.5,road_loopA_r0,road_loopA_r1,5350.7,5440.6,89.9,1298.6,52.0,0
3518,suv,4.8,road_loopA_r0,xloopA_0Bb,5273.2,5442.1,168.9,895.8,19.1,1
3548,car,4.5,road_loopA_f0,road_loopA_f1,5301.1,5442.3,141.2,1303.8,33.2,0
3569,car,4.5,road_loopA_f0,road_loopA_f1,5327.8,5442.3,114.5,1303.5,41.0,0
3587,car,4.5,road_loopA_r0,road_loopA_r1,5345.8,5443.8,98.0,1297.8,47.7,0
3598,suv,4.8,road_loopA_r0,road_loopA_r1,5354.4,5444.5,90.1,1297.5,51.8,0
3517,car,4.5,road_loopA_r0,xloopA_0Bb,5269.1,5444.7,175.6,895.5,18.4,1
3582,car,4.5,road_loopA_f0,road_loopA_f1,5344.1,5445.0,100.9,1304.1,46.5,0
3593,car,4.5,road_loopA_r0,road_loopA_r1,5351.1,5445.5,94.4,1297.7,49.5,0
3519,car,4.5,road_loopA_r0,xloopA_0Bb,5273.5,5447.4,173.9,895.7,18.5,1
3603,car,4.5,road_loopA_f0,road_loopA_f1,5357.1,5447.5,90.4,1303.8,51.9,0
3663,car,4.5,road_loopA_f0,xloopA_0Ab,5403.0,5447.8,44.8,505.4,40.6,0
3590,suv,4.8,road_loopA_f0,road_loopA_f1,5347.5,5448.2,100.7,1303.2,46.6,0
3601,car,4.5,road_loopA_r0,road_loopA_r1,5356.5,5450.3,93.8,1297.3,49.8,0
3594,car,4.5,road_loopA_f0,road_loopA_f1,5351.5,5450.6,99.1,1304.0,47.4,0
3599,car,4.5,road_loopA_f0,road_loopA_f1,5354.7,5450.7,96.0,1303.4,48.9,0
3597,car,4.5,road_loopA_r0,road_loopA_r1,5353.1,5451.8,98.7,1297.9,47.4,0
3600,car,4.5,xloopA_0Ba,xloopA_0Bb,5356.3,5452.5,96.2,84.4,3.2,1
3608,suv,4.8,road_loopA_f0,road_loopA_f1,5361.6,5452.7,91.1,1303.7,51.5,0
3607,car,4.5,road_loopA_r0,road_loopA_r1,5360.0,5453.1,93.1,1298.6,50.2,0
3596,car,4.5,road_loopA_r0,road_loopA_r1,5352.8,5453.7,100.9,1298.0,46.3,0
3552,car,4.5,road_loopA_f0,road_loopA_f1,5306.7,5454.2,147.5,1303.5,31.8,0
3585,truck,8.5,road_loopA_f0,road_loopA_f1,5344.7,5454.5,109.8,1303.8,42.7,0
3604,car,4.5,xloopA_0Ba,xloopA_0Bb,5358.5,5454.5,96.0,84.1,3.2,1
3612,car,4.5,road_loopA_r0,road_loopA_r1,5364.5,5454.7,90.2,1298.6,51.8,0
3595,car,4.5,road_loopA_f0,road_loopA_f1,5352.8,5455.4,102.6,1303.8,45.7,0
3566,truck,8.5,road_loopA_f0,road_loopA_f1,5326.0,5456.4,130.4,1303.9,36.0,0
3624,car,4.5,xloopA_0Ba,xloopA_0Bb,5372.9,5457.0,84.1,84.0,3.6,1
3602,car,4.5,road_loopA_f0,road_loopA_f1,5356.7,5457.1,100.4,1302.9,46.7,0
3577,suv,4.8,road_loopA_f0,road_loopA_f1,5335.2,5458.4,123.2,1304.1,38.1,0
3583,truck,8.5,road_loopA_r0,road_loopA_r1,5344.2,5460.7,116.5,1297.4,40.1,0
3610,truck,8.5,road_loopA_f0,road_loopA_f1,5362.0,5460.9,98.9,1303.6,47.5,0
3647,car,4.5,xloopA_0Ba,xloopA_0Bb,5391.9,5460.9,69.0,84.1,4.4,0
3653,car,4.5,xloopA_0Aa,xloopA_0Ab,5397.5,5463.0,65.5,84.1,4.6,0
3627,car,4.5,road_loopA_f0,road_loopA_f1,5375.6,5466.5,90.9,1303.4,51.6,0
3685,car,4.5,xloopA_0Ba,xloopA_0Bb,5424.9,5466.6,41.7,84.3,7.3,0
3615,suv,4.8,road_loopA_f0,road_loopA_f1,5367.3,5467.4,100.1,1303.9,46.9,0
3622,car,4.5,road_loopA_f0,road_loopA_f1,5372.6,5469.1,96.5,1303.0,48.6,0
3636,car,4.5,road_loopA_f0,road_loopA_f1,5383.3,5473.3,90.0,1303.0,52.1,0
3619,truck,8.5,road_loopA_f0,road_loopA_f1,5370.6,5474.3,103.7,1303.2,45.3,0
3589,car,4.5,road_loopA_f0,road_loopA_f1,5347.5,5474.4,126.9,1303.2,37.0,0
3640,car,4.5,road_loopA_f0,road_loopA_f1,5386.4,5476.3,89.9,1303.3,52.2,0
3628,suv,4.8,road_loopA_f0,road_loopA_f1,5375.9,5476.7,100.8,1302.8,46.5,0
3639,car,4.5,road_loopA_f0,road_loopA_f1,5385.4,5477.8,92.4,1303.7,50.8,0
3567,car,4.5,road_loopA_r0,xloopA_0Ab,5327.0,5481.1,154.1,869.2,20.3,3
3695,suv,4.8,road_loopA_f0,xloopA_0Bb,5436.0,5482.9,46.9,479.1,36.8,0
3642,car,4.5,road_loopA_r0,xloopA_0Ab,5388.9,5484.7,95.8,869.0,32.7,2
3623,car,4.5,road_loopA_r0,xloopA_0Ab,5372.7,5488.3,115.6,869.1,27.1,2
3547,bus,11.0,road_loopA_f0,road_loopA_f1,5300.7,5489.7,189.0,1303.2,24.8,3
3670,car,4.5,road_loopA_r0,xloopA_0Ab,5408.7,5491.9,83.2,869.1,37.6,0
3662,suv,4.8,road_loopA_r0,xloopA_0Ab,5401.5,5495.7,94.2,869.4,33.2,1
3618,car,4.5,road_loopA_r0,road_loopA_r1,5370.4,5499.8,129.4,1298.2,36.1,1
3630,car,4.5,road_loopA_r0,road_loopA_r1,5377.7,5504.0,126.3,1298.3,37.0,1
3635,suv,4.8,road_loopA_r0,road_loopA_r1,5382.3,5508.3,126.0,1297.5,37.1,1
3641,suv,4.8,road_loopA_r0,road_loopA_r1,5388.8,5510.2,121.4,1297.8,38.5,1
3643,car,4.5,xloopA_0Ba,road_loopA_r1,5389.1,5510.6,121.5,476.3,14.1,0
3657,suv,4.8,road_loopA_r0,road_loopA_r1,5398.7,5512.9,114.2,1298.7,41.0,1
3727,suv,4.8,road_loopA_f0,xloopA_0Bb,5472.8,5515.1,42.3,479.1,40.8,0
3592,car,4.5,road_loopA_r0,road_loopA_r1,5351.0,5515.6,164.6,1297.7,28.4,1
3651,car,4.5,road_loopA_r0,road_loopA_r1,5397.1,5515.6,118.5,1297.9,39.4,1
3614,car,4.5,xloopA_0Aa,road_loopA_r1,5365.5,5516.1,150.6,506.7,12.1,1
3632,suv,4.8,road_loopA_r0,road_loopA_r1,5378.0,5517.2,139.2,1297.9,33.6,1
3655,suv,4.8,road_loopA_r0,road_loopA_r1,5398.3,5518.5,120.2,1297.3,38.9,1
3638,suv,4.8,road_loopA_r0,road_loopA_r1,5385.2,5518.9,133.7,1297.7,34.9,1
3726,car,4.5,road_loopA_f0,xloopA_0Bb,5472.8,5520.2,47.4,478.8,36.4,0
3633,car,4.5,road_loopA_r0,road_loopA_r1,5380.5,5520.8,140.3,1297.5,33.3,1
3664,car,4.5,road_loopA_r0,road_loopA_r1,5403.6,5520.8,117.2,1298.0,39.9,1
3686,car,4.5,xloopA_0Ba,road_loopA_r1,5426.2,5522.0,95.8,476.3,17.9,0
3659,car,4.5,road_loopA_r0,road_loopA_r1,5399.7,5522.3,122.6,1298.4,38.1,1
3626,car,4.5,road_loopA_r0,road_loopA_r1,5375.3,5523.0,147.7,1298.3,31.7,1
3665,car,4.5,road_loopA_r0,road_loopA_r1,5405.5,5523.6,118.1,1297.6,39.5,1
3611,truck,8.5,road_loopA_r0,road_loopA_r1,5363.6,5524.3,160.7,1298.0,29.1,1
3629,car,4.5,road_loopA_r0,road_loopA_r1,5377.2,5524.3,147.1,1298.2,31.8,1
3660,car,4.5,road_loopA_r0,road_loopA_r1,5400.6,5525.4,124.8,1298.4,37.5,0
3616,suv,4.8,road_loopA_r0,road_loopA_r1,5367.7,5526.3,158.6,1297.9,29.5,1
3631,suv,4.8,road_loopA_r0,road_loopA_r1,5377.9,5526.3,148.4,1298.4,31.5,1
3656,car,4.5,road_loopA_r0,road_loopA_r1,5398.7,5527.1,128.4,1297.4,36.4,0
3637,car,4.5,road_loopA_r0,road_loopA_r1,5384.1,5527.7,143.6,1298.4,32.6,1
3625,suv,4.8,road_loopA_r0,road_loopA_r1,5373.8,5528.1,154.3,1298.4,30.3,1
3674,car,4.5,road_loopA_r0,road_loopA_r1,5417.3,5528.9,111.6,1298.0,41.9,0
3671,car,4.5,road_loopA_r0,road_loopA_r1,5410.9,5529.5,118.6,1297.8,39.4,0
3682,suv,4.8,road_loopA_r0,road_loopA_r1,5422.4,5531.2,108.8,1297.3,42.9,0
3652,truck,8.5,road_loopA_r0,road_loopA_r1,5397.3,5531.3,134.0,1297.9,34.9,0
3679,car,4.5,road_loopA_r0,road_loopA_r1,5420.9,5532.4,111.5,1297.8,41.9,0
3677,car,4.5,road_loopA_r0,road_loopA_r1,5419.1,5533.2,114.1,1297.6,40.9,0
3644,car,4.5,road_loopA_f0,road_loopA_f1,5390.1,5534.3,144.2,1303.8,32.5,1
3681,car,4.5,road_loopA_r0,road_loopA_r1,5422.1,5535.0,112.9,1297.7,41.4,0
3703,suv,4.8,road_loopA_r0,road_loopA_r1,5444.3,5535.0,90.7,1298.6,51.6,0
3667,truck,8.5,road_loopA_r0,road_loopA_r1,5406.8,5535.2,128.4,1297.3,36.4,1
3646,truck,8.5,road_loopA_f0,road_loopA_f1,5391.6,5536.7,145.1,1304.0,32.3,1
3687,car,4.5,road_loopA_r0,road_loopA_r1,5428.4,5536.8,108.4,1297.6,43.1,0
3690,car,4.5,road_loopA_r0,road_loopA_r1,5432.5,5537.1,104.6,1297.4,44.6,0
3705,car,4.5,road_loopA_r0,road_loopA_r1,5447.9,5537.8,89.9,1297.8,52.0,0
3692,suv,4.8,road_loopA_r0,road_loopA_r1,5433.6,5538.6,105.0,1297.8,44.5,0
3693,car,4.5,road_loopA_r0,road_loopA_r1,5433.9,5539.4,105.5,1298.6,44.3,0
3709,car,4.5,road_loopA_r0,road_loopA_r1,5450.0,5540.0,90.0,1297.9,51.9,0
3658,car,4.5,road_loopA_f0,road_loopA_f1,5399.4,5540.6,141.2,1303.4,33.2,1
3708,car,4.5,road_loopA_r0,road_loopA_r1,5449.9,5541.9,92.0,1298.7,50.8,0
3661,car,4.5,road_loopA_f0,road_loopA_f1,5401.3,5542.2,140.9,1303.6,33.3,1
3680,car,4.5,road_loopA_f0,road_loopA_f1,5421.8,5546.0,124.2,1302.8,37.8,1
3710,truck,8.5,road_loopA_r0,road_loopA_r1,5454.2,5546.7,92.5,1297.6,50.5,0
3669,suv,4.8,road_loopA_f0,road_loopA_f1,5408.3,5551.6,143.3,1303.8,32.8,1
3535,car,4.5,road_loopA_r0,xloopA_0Bb,5286.3,5554.0,267.7,895.4,12.0,3
3704,car,4.5,road_loopA_r0,road_loopA_r1,5444.6,5554.2,109.6,1297.8,42.6,0
3702,car,4.5,road_loopA_f0,xloopA_0Ab,5443.8,5554.6,110.8,505.2,16.4,1
3697,suv,4.8,road_loopA_f0,road_loopA_f1,5440.8,5555.5,114.7,1302.9,40.9,0
3715,car,4.5,road_loopA_r0,road_loopA_r1,5460.5,5555.7,95.2,1297.6,49.1,0
3543,car,4.5,road_loopA_r0,xloopA_0Bb,5295.3,5556.6,261.3,895.4,12.3,2
3739,suv,4.8,road_loopA_f0,xloopA_0Ab,5483.4,5557.2,73.8,504.9,24.6,1
3676,car,4.5,road_loopA_f0,road_loopA_f1,5418.7,5558.5,139.8,1303.3,33.6,1
3617,car,4.5,xloopA_0Aa,road_loopA_f1,5370.3,5559.4,189.1,872.4,16.6,1
3748,car,4.5,road_loopA_f0,xloopA_0Ab,5493.9,5559.9,66.0,505.1,27.6,1
3609,truck,8.5,road_loopA_r0,xloopA_0Bb,5362.0,5560.0,198.0,895.2,16.3,1
3668,car,4.5,road_loopA_f0,road_loopA_f1,5407.6,5561.2,153.6,1303.3,30.5,1
3673,car,4.5,road_loopA_f0,road_loopA_f1,5416.8,5562.6,145.8,1303.9,32.2,1
3747,car,4.5,road_loopA_f0,xloopA_0Ab,5492.2,5562.6,70.4,505.4,25.8,1
3678,car,4.5,road_loopA_f0,road_loopA_f1,5419.8,5562.7,142.9,1303.2,32.8,1
3711,car,4.5,road_loopA_r0,road_loopA_r1,5455.8,5562.7,106.9,1298.4,43.7,0
3621,car,4.5,road_loopA_r0,xloopA_0Bb,5372.3,5563.1,190.8,895.5,16.9,1
3706,car,4.5,road_loopA_f0,road_loopA_f1,5448.5,5563.4,114.9,1303.2,40.8,0
3672,car,4.5,xloopA_0Aa,road_loopA_f1,5411.4,5563.6,152.2,872.1,20.6,0
3729,car,4.5,road_loopA_r0,road_loopA_r1,5475.0,5564.2,89.2,1298.5,52.4,0
3716,car,4.5,road_loopA_r0,road_loopA_r1,5462.2,5564.4,102.2,1298.2,45.8,0
3701,car,4.5,road_loopA_f0,road_loopA_f1,5442.6,5564.5,121.9,1304.2,38.5,0
3721,suv,4.8,road_loopA_r0,road_loopA_r1,5466.4,5564.9,98.5,1297.8,47.5,0
3755,suv,4.8,road_loopA_f0,xloopA_0Ab,5503.0,5565.3,62.3,505.7,29.2,1
6,tram,34.0,loopB,loopB,1275.9,5565.7,4289.8,33673.2,28.3,40
3645,truck,8.5,road_loopA_f0,road_loopA_f1,5390.7,5565.8,175.1,1303.6,26.8,1
3675,car,4.5,road_loopA_f0,road_loopA_f1,5418.0,5566.2,148.2,1302.8,31.6,1
3722,bus,11.0,road_loopA_r0,road_loopA_r1,5467.5,5566.8,99.3,1298.5,47.1,0
3688,car,4.5,road_loopA_f0,road_loopA_f1,5429.9,5568.2,138.3,1303.2,33.9,1
3689,truck,8.5,road_loopA_f0,road_loopA_f1,5431.5,5568.3,136.8,1302.8,34.3,0
3731,car,4.5,road_loopA_r0,road_loopA_r1,5476.4,5568.7,92.3,1297.4,50.6,0
3717,car,4.5,xloopA_0Ba,xloopA_0Bb,5463.5,5569.5,106.0,84.2,2.9,1
3732,suv,4.8,road_loopA_r0,road_loopA_r1,5476.9,5569.6,92.7,1297.3,50.4,0
3712,car,4.5,road_loopA_f0,road_loopA_f1,5459.8,5570.3,110.5,1302.9,42.4,0
3649,car,4.5,road_loopA_f0,road_loopA_f1,5394.1,5570.9,176.8,1302.8,26.5,1
3791,car,4.5,xloopA_0Aa,xloopA_0Ab,5529.8,5571.5,41.7,84.6,7.3,1
3720,car,4.5,xloopA_0Ba,xloopA_0Bb,5466.5,5571.7,105.2,84.6,2.9,1
3719,truck,8.5,road_loopA_f0,road_loopA_f1,5466.0,5572.4,106.4,1302.8,44.1,0
3794,car,4.5,xloopA_0Aa,xloopA_0Ab,5530.8,5573.6,42.8,84.1,7.1,1
3699,suv,4.8,road_loopA_f0,road_loopA_f1,5442.0,5573.9,131.9,1303.5,35.6,0
3730,car,4.5,xloopA_0Ba,xloopA_0Bb,5475.9,5574.4,98.5,84.5,3.1,1
3714,car,4.5,road_loopA_f0,road_loopA_f1,5460.2,5574.5,114.3,1304.1,41.1,0
3817,car,4.5,xloopA_0Aa,xloopA_0Ab,5550.2,5575.7,25.5,84.2,11.9,0
3771,car,4.5,xloopA_0Ba,xloopA_0Bb,5515.2,5577.5,62.3,84.6,4.9,0
3718,truck,8.5,road_loopA_f0,road_loopA_f1,5464.9,5577.9,113.0,1303.9,41.6,0
3774,car,4.5,xloopA_0Ba,xloopA_0Bb,5519.1,5580.0,60.9,84.4,5.0,0
3728,car,4.5,road_loopA_f0,road_loopA_f1,5474.5,5580.3,105.8,1303.8,44.4,0
3741,car,4.5,road_loopA_f0,road_loopA_f1,5485.9,5581.9,96.0,1302.9,48.8,0
3814,car,4.5,xloopA_0Ba,xloopA_0Bb,5545.6,5582.0,36.4,84.8,8.4,0
3634,car,4.5,xloopA_0Aa,road_loopA_f1,5382.1,5582.9,200.8,872.2,15.6,0
3605,car,4.5,xloopA_0Aa,road_loopA_f1,5359.3,5583.1,223.8,872.4,14.0,1
3736,car,4.5,road_loopA_f0,road_loopA_f1,5481.8,5583.6,101.8,1302.8,46.1,0
3691,car,4.5,road_loopA_f0,road_loopA_f1,5433.0,5584.7,151.7,1303.7,30.9,1
3694,car,4.5,road_loopA_f0,road_loopA_f1,5435.3,5584.9,149.6,1303.6,31.4,0
3698,suv,4.8,road_loopA_f0,road_loopA_f1,5441.0,5586.5,145.5,1303.3,32.2,0
3733,car,4.5,road_loopA_f0,road_loopA_f1,5477.3,5587.1,109.8,1303.9,42.7,0
3696,bus,11.0,road_loopA_r0,road_loopA_r1,5438.4,5588.1,149.7,1297.4,31.2,2
3700,car,4.5,road_loopA_f0,road_loopA_f1,5442.4,5588.4,146.0,1303.5,32.2,0
3744,car,4.5,road_loopA_f0,road_loopA_f1,5489.8,5588.8,99.0,1303.3,47.4,0
3707,car,4.5,road_loopA_f0,road_loopA_f1,5449.9,5590.1,140.2,1304.0,33.5,0
3654,car,4.5,xloopA_0Ba,road_loopA_f1,5397.4,5590.9,193.5,902.6,16.8,0
3713,car,4.5,road_loopA_f0,road_loopA_f1,5459.8,5591.7,131.9,1303.2,35.6,0
3648,suv,4.8,road_loopA_f0,road_loopA_f1,5393.7,5592.6,198.9,1303.8,23.6,1
3723,truck,8.5,road_loopA_f0,road_loopA_f1,5469.9,5592.8,122.9,1303.5,38.2,0
3724,truck,8.5,road_loopA_f0,road_loopA_f1,5470.7,5593.9,123.2,1303.8,38.1,0
3666,truck,8.5,road_loopA_f0,road_loopA_f1,5406.3,5594.8,188.5,1303.5,24.9,1
3743,car,4.5,road_loopA_f0,road_loopA_f1,5489.3,5594.9,105.6,1303.6,44.5,0
3734,car,4.5,road_loopA_f0,road_loopA_f1,5478.1,5595.9,117.8,1303.0,39.8,0
3735,suv,4.8,road_loopA_f0,road_loopA_f1,5481.4,5597.5,116.1,1303.8,40.4,0
3738,car,4.5,road_loopA_f0,road_loopA_f1,5482.2,5597.7,115.5,1303.7,40.6,0
3758,car,4.5,road_loopA_r0,xloopA_0Ab,5504.4,5598.6,94.2,869.2,33.2,1
3754,truck,8.5,road_loopA_f0,road_loopA_f1,5501.9,5599.3,97.4,1303.7,48.2,0
3746,car,4.5,road_loopA_f0,road_loopA_f1,5491.2,5599.5,108.3,1304.1,43.4,0
3776,truck,8.5,road_loopA_f0,xloopA_0Bb,5519.1,5599.8,80.7,479.0,21.4,2
3761,car,4.5,road_loopA_f0,road_loopA_f1,5508.2,5600.7,92.5,1304.1,50.7,0
3757,suv,4.8,road_loopA_f0,road_loopA_f1,5504.5,5602.5,98.0,1303.0,47.9,0
3725,bus,11.0,road_loopA_f0,road_loopA_f1,5472.3,5612.4,140.1,1303.1,33.5,1
3740,suv,4.8,road_loopA_r0,road_loopA_r1,5485.2,5615.3,130.1,1297.3,35.9,1
3742,truck,8.5,road_loopA_r0,road_loopA_r1,5489.0,5617.9,128.9,1298.7,36.3,1
3751,car,4.5,road_loopA_r0,road_loopA_r1,5499.6,5619.5,119.9,1298.1,39.0,1
3752,car,4.5,road_loopA_r0,road_loopA_r1,5499.8,5620.5,120.7,1298.0,38.7,1
3762,suv,4.8,road_loopA_r0,road_loopA_r1,5508.2,5622.1,113.9,1297.4,41.0,1
3763,car,4.5,road_loopA_r0,road_loopA_r1,5508.8,5624.1,115.3,1297.6,40.5,1
3745,car,4.5,road_loopA_r0,road_loopA_r1,5489.8,5625.0,135.2,1297.9,34.6,1
3749,car,4.5,road_loopA_r0,road_loopA_r1,5496.6,5626.8,130.2,1298.0,35.9,1
3766,truck,8.5,road_loopA_r0,road_loopA_r1,5511.8,5627.2,115.4,1298.0,40.5,1
3760,car,4.5,xloopA_0Ba,road_loopA_r1,5506.9,5628.4,121.5,476.9,14.1,0
3772,suv,4.8,road_loopA_r0,road_loopA_r1,5516.2,5628.6,112.4,1297.6,41.6,1
3768,car,4.5,road_loopA_r0,road_loopA_r1,5512.6,5629.4,116.8,1298.0,40.0,1
3856,car,4.5,road_loopA_f0,xloopA_0Bb,5589.7,5629.6,39.9,478.7,43.2,0
3750,suv,4.8,road_loopA_r0,road_loopA_r1,5499.2,5630.3,131.1,1297.4,35.6,1
3778,car,4.5,road_loopA_r0,road_loopA_r1,5521.3,5630.4,109.1,1298.4,42.8,0
3764,car,4.5,road_loopA_r0,road_loopA_r1,5509.5,5632.1,122.6,1298.2,38.1,1
3783,car,4.5,road_loopA_r0,road_loopA_r1,5526.3,5632.1,105.8,1298.0,44.2,0
3863,car,4.5,road_loopA_f0,xloopA_0Bb,5594.2,5632.6,38.4,479.1,44.9,0
3780,suv,4.8,road_loopA_r0,road_loopA_r1,5522.7,5634.0,111.3,1297.4,42.0,0
3782,car,4.5,road_loopA_r0,road_loopA_r1,5524.0,5635.0,111.0,1297.5,42.1,0
3765,truck,8.5,road_loopA_r0,road_loopA_r1,5511.7,5635.7,124.0,1297.5,37.7,1
3786,car,4.5,road_loopA_r0,road_loopA_r1,5527.1,5635.8,108.7,1298.3,43.0,0
3789,car,4.5,road_loopA_r0,road_loopA_r1,5528.6,5637.5,108.9,1297.7,42.9,0
3779,car,4.5,road_loopA_r0,road_loopA_r1,5521.3,5637.7,116.4,1297.9,40.1,0
3787,truck,8.5,road_loopA_r0,road_loopA_r1,5527.1,5639.3,112.2,1298.2,41.7,0
3795,car,4.5,road_loopA_r0,road_loopA_r1,5533.5,5639.9,106.4,1297.3,43.9,0
3800,car,4.5,road_loopA_r0,road_loopA_r1,5537.8,5640.4,102.6,1298.2,45.5,0
3777,car,4.5,road_loopA_r0,road_loopA_r1,5519.5,5641.4,121.9,1297.5,38.3,0
3756,car,4.5,road_loopA_f0,road_loopA_f1,5503.1,5642.4,139.3,1303.2,33.7,1
3804,suv,4.8,road_loopA_r0,road_loopA_r1,5539.5,5642.6,103.1,1298.5,45.4,0
3788,car,4.5,road_loopA_r0,road_loopA_r1,5527.5,5643.2,115.7,1298.5,40.4,0
3769,car,4.5,road_loopA_f0,road_loopA_f1,5513.3,5644.3,131.0,1304.0,35.8,1
3801,suv,4.8,road_loopA_r0,road_loopA_r1,5537.9,5645.5,107.6,1297.6,43.4,0
3770,car,4.5,road_loopA_f0,road_loopA_f1,5514.1,5646.1,132.0,1303.9,35.6,1
3793,car,4.5,road_loopA_r0,road_loopA_r1,5530.8,5646.4,115.6,1297.9,40.4,0
3812,suv,4.8,road_loopA_r0,road_loopA_r1,5543.6,5647.1,103.5,1297.4,45.1,0
3775,car,4.5,road_loopA_f0,road_loopA_f1,5519.1,5647.9,128.8,1303.8,36.4,1
3796,truck,8.5,road_loopA_r0,road_loopA_r1,5534.6,5648.5,113.9,1297.6,41.0,0
3784,car,4.5,road_loopA_f0,road_loopA_f1,5526.9,5649.1,122.2,1303.7,38.4,1
3816,car,4.5,road_loopA_r0,road_loopA_r1,5548.9,5649.3,100.4,1297.5,46.5,0
3819,suv,4.8,road_loopA_r0,road_loopA_r1,5552.1,5650.6,98.5,1297.9,47.4,0
3767,car,4.5,road_loopA_f0,road_loopA_f1,5512.3,5652.4,140.1,1303.6,33.5,1
3829,suv,4.8,road_loopA_r0,road_loopA_r1,5558.0,5652.7,94.7,1297.3,49.3,0
3781,car,4.5,road_loopA_f0,road_loopA_f1,5523.5,5654.1,130.6,1303.0,35.9,1
3813,suv,4.8,road_loopA_r0,road_loopA_r1,5544.1,5655.1,111.0,1297.9,42.1,0
3823,car,4.5,road_loopA_r0,road_loopA_r1,5553.7,5655.6,101.9,1297.8,45.8,0
3797,car,4.5,road_loopA_f0,road_loopA_f1,5534.7,5655.9,121.2,1303.6,38.7,1
3828,car,4.5,road_loopA_r0,road_loopA_r1,5556.8,5656.9,100.1,1298.5,46.7,0
3790,car,4.5,road_loopA_f0,road_loopA_f1,5528.8,5658.2,129.4,1303.0,36.2,1
3820,car,4.5,road_loopA_r0,road_loopA_r1,5553.3,5658.6,105.3,1298.5,44.4,0
3825,car,4.5,road_loopA_r0,road_loopA_r1,5554.9,5659.2,104.3,1297.6,44.8,0
3832,suv,4.8,road_loopA_r0,road_loopA_r1,5566.2,5660.3,94.1,1297.7,49.6,0
3834,car,4.5,road_loopA_r0,road_loopA_r1,5567.4,5660.9,93.5,1297.5,50.0,0
3753,truck,8.5,road_loopA_f0,road_loopA_f1,5501.0,5661.2,160.2,1303.7,29.3,1
3830,truck,8.5,road_loopA_r0,road_loopA_r1,5561.8,5661.4,99.6,1297.3,46.9,0
3759,car,4.5,road_loopA_f0,road_loopA_f1,5506.8,5663.2,156.4,1302.9,30.0,1
3803,suv,4.8,road_loopA_f0,road_loopA_f1,5538.5,5663.7,125.2,1303.7,37.5,1
3836,car,4.5,road_loopA_r0,road_loopA_r1,5568.0,5663.8,95.8,1297.8,48.8,0
3785,car,4.5,road_loopA_r0,road_loopA_r1,5527.0,5665.2,138.2,1297.7,33.8,1
3799,car,4.5,road_loopA_f0,road_loopA_f1,5535.1,5665.6,130.5,1302.8,35.9,1
3831,car,4.5,road_loopA_r0,road_loopA_r1,5563.4,5667.6,104.2,1298.5,44.8,0
3807,car,4.5,road_loopA_f0,road_loopA_f1,5541.8,5667.8,126.0,1303.9,37.3,1
3650,car,4.5,road_loopA_r0,xloopA_0Bb,5395.5,5669.5,274.0,895.5,11.8,2
3843,suv,4.8,road_loopA_r0,road_loopA_r1,5576.3,5669.9,93.6,1298.0,49.9,0
3810,car,4.5,road_loopA_f0,road_loopA_f1,5543.3,5670.1,126.8,1303.5,37.0,1
3805,suv,4.8,road_loopA_f0,xloopA_0Ab,5539.7,5670.2,130.5,505.7,13.9,1
3798,car,4.5,road_loopA_f0,road_loopA_f1,5535.0,5671.2,136.2,1302.9,34.4,1
3842,car,4.5,road_loopA_r0,road_loopA_r1,5576.4,5671.6,95.2,1297.4,49.1,0
3821,car,4.5,road_loopA_f0,road_loopA_f1,5553.6,5671.8,118.2,1303.4,39.7,0
3684,car,4.5,road_loopA_r0,xloopA_0Bb,5423.5,5672.1,248.6,895.6,13.0,2
3806,car,4.5,road_loopA_f0,road_loopA_f1,5541.2,5672.8,131.6,1303.0,35.6,0
3833,suv,4.8,road_loopA_f0,xloopA_0Ab,5566.8,5672.8,106.0,505.4,17.2,2
3837,car,4.5,road_loopA_r0,road_loopA_r1,5569.8,5672.8,103.0,1297.4,45.4,0
3792,suv,4.8,road_loopA_f0,road_loopA_f1,5530.0,5674.0,144.0,1303.5,32.6,1
3826,truck,8.5,road_loopA_f0,road_loopA_f1,5555.6,5674.2,118.6,1303.6,39.6,0
3822,car,4.5,road_loopA_f0,road_loopA_f1,5553.7,5674.5,120.8,1303.0,38.8,0
3683,car,4.5,road_loopA_r0,xloopA_0Bb,5422.6,5674.7,252.1,895.3,12.8,2
3877,car,4.5,road_loopA_f0,xloopA_0Ab,5612.4,5675.5,63.1,505.3,28.8,1
3802,car,4.5,road_loopA_f0,road_loopA_f1,5538.1,5675.7,137.6,1303.9,34.1,1
3840,suv,4.8,road_loopA_r0,road_loopA_r1,5574.6,5676.0,101.4,1297.7,46.1,0
3827,suv,4.8,road_loopA_f0,road_loopA_f1,5556.2,5676.4,120.2,1303.9,39.1,0
3815,car,4.5,road_loopA_r0,road_loopA_r1,5547.5,5677.2,129.7,1297.5,36.0,0
3737,car,4.5,road_loopA_r0,xloopA_0Bb,5481.8,5677.4,195.6,895.5,16.5,1
3818,car,4.5,road_loopA_f0,road_loopA_f1,5552.0,5677.4,125.4,1303.4,37.4,0
3835,truck,8.5,road_loopA_f0,road_loopA_f1,5567.8,5677.5,109.7,1304.0,42.8,0
3846,car,4.5,road_loopA_r0,road_loopA_r1,5578.8,5677.7,98.9,1297.8,47.3,0
3838,car,4.5,road_loopA_f0,road_loopA_f1,5571.8,5678.1,106.3,1302.9,44.1,0
3889,car,4.5,road_loopA_f0,xloopA_0Ab,5623.1,5678.1,55.0,504.9,33.1,1
3839,suv,4.8,road_loopA_r0,road_loopA_r1,5572.4,5678.9,106.5,1298.4,43.9,0
3855,car,4.5,road_loopA_r0,road_loopA_r1,5588.6,5678.9,90.3,1298.2,51.7,0
3844,car,4.5,road_loopA_f0,road_loopA_f1,5576.4,5679.1,102.7,1302.9,45.7,0
3847,car,4.5,road_loopA_f0,road_loopA_f1,5580.8,5679.5,98.7,1303.5,47.6,0
3849,car,4.5,road_loopA_f0,road_loopA_f1,5581.6,5679.9,98.3,1303.4,47.7,0
3773,car,4.5,road_loopA_r0,xloopA_0Bb,5518.3,5680.1,161.8,895.8,19.9,1
3851,car,4.5,road_loopA_r0,road_loopA_r1,5582.5,5680.2,97.7,1298.0,47.8,0
3850,suv,4.8,road_loopA_r0,road_loopA_r1,5581.7,5680.5,98.8,1297.6,47.3,0
3859,car,4.5,road_loopA_r0,road_loopA_r1,5591.2,5681.1,89.9,1298.3,52.0,0
3848,car,4.5,road_loopA_f0,road_loopA_f1,5581.1,5681.2,100.1,1303.0,46.9,0
3808,car,4.5,road_loopA_f0,road_loopA_f1,5542.6,5681.7,139.1,1303.7,33.8,1
3853,suv,4.8,road_loopA_r0,road_loopA_r1,5585.2,5682.7,97.5,1297.9,47.9,0
3841,car,4.5,road_loopA_f0,road_loopA_f1,5574.8,5683.1,108.3,1303.5,43.3,0
3852,truck,8.5,road_loopA_f0,road_loopA_f1,5583.4,5683.6,100.2,1303.4,46.8,0
3858,car,4.5,road_loopA_f0,road_loopA_f1,5590.3,5684.6,94.3,1303.5,49.7,0
3865,suv,4.8,road_loopA_r0,road_loopA_r1,5595.7,5684.8,89.1,1298.7,52.5,0
3857,car,4.5,road_loopA_f0,road_loopA_f1,5589.8,5685.6,95.8,1303.2,49.0,0
3862,car,4.5,xloopA_0Aa,xloopA_0Ab,5593.5,5686.4,92.9,84.2,3.3,1
3867,car,4.5,road_loopA_r0,road_loopA_r1,5597.2,5686.6,89.4,1297.9,52.2,0
3860,car,4.5,road_loopA_f0,road_loopA_f1,5592.0,5687.0,95.0,1303.3,49.4,0
3954,car,4.5,xloopA_0Ba,xloopA_0Bb,5675.9,5688.0,12.1,84.0,25.0,0
3871,car,4.5,xloopA_0Aa,xloopA_0Ab,5602.5,5688.5,86.0,84.5,3.5,1
3824,car,4.5,road_loopA_f0,road_loopA_f1,5554.3,5690.5,136.2,1303.5,34.5,0
3912,car,4.5,xloopA_0Aa,xloopA_0Ab,5644.8,5690.9,46.1,84.6,6.6,1
3854,truck,8.5,road_loopA_f0,road_loopA_f1,5588.5,5691.9,103.4,1303.0,45.4,0
3869,suv,4.8,road_loopA_f0,road_loopA_f1,5600.5,5691.9,91.4,1304.1,51.4,0
3946,car,4.5,xloopA_0Aa,xloopA_0Ab,5670.7,5693.0,22.3,84.5,13.6,0
3870,car,4.5,road_loopA_f0,road_loopA_f1,5601.6,5693.7,92.1,1303.4,51.0,0
3950,car,4.5,xloopA_0Aa,xloopA_0Ab,5673.2,5695.0,21.8,84.6,14.0,0
3878,car,4.5,road_loopA_f0,road_loopA_f1,5612.4,5701.8,89.4,1303.1,52.5,0
3864,car,4.5,road_loopA_f0,road_loopA_f1,5595.7,5704.4,108.7,1303.9,43.2,0
3882,car,4.5,road_loopA_f0,road_loopA_f1,5617.8,5707.1,89.3,1302.9,52.5,0
3881,car,4.5,road_loopA_f0,road_loopA_f1,5617.0,5708.0,91.0,1303.7,51.6,0
3888,car,4.5,road_loopA_f0,xloopA_0Bb,5622.1,5711.7,89.6,478.7,19.2,2
3876,car,4.5,road_loopA_f0,road_loopA_f1,5611.6,5711.9,100.3,1304.0,46.8,0
3809,bus,11.0,road_loopA_r0,road_loopA_r1,5543.1,5717.6,174.5,1298.1,26.8,2
3938,car,4.5,road_loopA_f0,xloopA_0Bb,5665.6,5718.3,52.7,478.6,32.7,0
3883,suv,4.8,road_loopA_f0,road_loopA_f1,5618.3,5719.3,101.0,1303.3,46.4,0
3886,car,4.5,road_loopA_f0,road_loopA_f1,5620.2,5723.0,102.8,1304.0,45.7,0
3873,car,4.5,road_loopA_r0,road_loopA_r1,5606.1,5728.1,122.0,1298.0,38.3,1
3861,suv,4.8,road_loopA_r0,road_loopA_r1,5593.2,5730.8,137.6,1298.2,34.0,1
3872,suv,4.8,road_loopA_r0,road_loopA_r1,5604.2,5732.0,127.8,1298.5,36.6,1
3875,car,4.5,road_loopA_r0,road_loopA_r1,5607.0,5733.4,126.4,1297.4,37.0,1
3874,car,4.5,road_loopA_r0,road_loopA_r1,5606.8,5733.7,126.9,1298.1,36.8,1
3895,car,4.5,road_loopA_r0,road_loopA_r1,5625.4,5734.9,109.5,1297.9,42.7,1
3880,car,4.5,road_loopA_r0,road_loopA_r1,5615.1,5735.6,120.5,1298.6,38.8,1
3897,suv,4.8,road_loopA_r0,road_loopA_r1,5630.6,5737.0,106.4,1298.4,43.9,1
3868,car,4.5,road_loopA_r0,road_loopA_r1,5598.0,5737.3,139.3,1297.4,33.5,1
3894,suv,4.8,road_loopA_r0,road_loopA_r1,5625.1,5737.4,112.3,1297.9,41.6,1
3884,car,4.5,road_loopA_r0,road_loopA_r1,5619.0,5739.0,120.0,1297.3,38.9,1
3896,suv,4.8,road_loopA_r0,road_loopA_r1,5628.5,5739.1,110.6,1297.5,42.2,1
3907,car,4.5,road_loopA_r0,road_loopA_r1,5639.7,5739.9,100.2,1298.2,46.6,0
3917,car,4.5,road_loopA_r0,road_loopA_r1,5649.4,5741.1,91.7,1298.2,51.0,0
3919,car,4.5,road_loopA_r0,road_loopA_r1,5649.5,5742.9,93.4,1297.7,50.0,0
3909,car,4.5,road_loopA_r0,road_loopA_r1,5643.6,5743.3,99.7,1297.5,46.9,0
3918,car,4.5,road_loopA_r0,road_loopA_r1,5649.5,5743.5,94.0,1297.4,49.7,0
3929,car,4.5,road_loopA_r0,road_loopA_r1,5658.0,5746.9,88.9,1297.3,52.5,0
3931,car,4.5,road_loopA_r0,road_loopA_r1,5661.6,5750.6,89.0,1298.5,52.5,0
3915,car,4.5,road_loopA_r0,road_loopA_r1,5648.3,5751.3,103.0,1298.3,45.4,0
3927,truck,8.5,road_loopA_r0,road_loopA_r1,5657.1,5753.3,96.2,1297.5,48.6,0
3893,car,4.5,road_loopA_f0,road_loopA_f1,5624.1,5754.8,130.7,1303.1,35.9,1
3941,suv,4.8,road_loopA_r0,road_loopA_r1,5667.1,5756.4,89.3,1298.0,52.3,0
3891,suv,4.8,road_loopA_f0,road_loopA_f1,5623.7,5756.9,133.2,1303.5,35.2,1
3943,car,4.5,road_loopA_r0,road_loopA_r1,5668.5,5759.0,90.5,1297.4,51.6,0
3887,car,4.5,road_loopA_f0,road_loopA_f1,5621.5,5760.6,139.1,1303.9,33.8,1
7,tram,34.0,loopA,loopA,1495.1,5761.8,4266.7,33702.3,28.4,42
3948,car,4.5,road_loopA_r0,road_loopA_r1,5671.9,5763.1,91.2,1297.9,51.2,0
3901,car,4.5,road_loopA_f0,road_loopA_f1,5634.0,5765.2,131.2,1303.5,35.8,1
3892,suv,4.8,road_loopA_f0,road_loopA_f1,5623.8,5765.3,141.5,1303.4,33.2,1
3934,car,4.5,road_loopA_r0,road_loopA_r1,5662.9,5766.0,103.1,1298.1,45.3,0
3845,bus,11.0,road_loopA_r0,road_loopA_r1,5577.4,5768.8,191.4,1297.3,24.4,3
3898,truck,8.5,road_loopA_f0,road_loopA_f1,5631.0,5769.5,138.5,1302.9,33.9,1
3885,suv,4.8,road_loopA_f0,road_loopA_f1,5619.8,5770.8,151.0,1303.9,31.1,1
3903,suv,4.8,road_loopA_f0,road_loopA_f1,5634.7,5771.5,136.8,1303.7,34.3,1
3956,car,4.5,road_loopA_r0,road_loopA_r1,5680.1,5772.2,92.1,1298.2,50.7,0
3908,car,4.5,road_loopA_f0,road_loopA_f1,5642.2,5773.2,131.0,1303.3,35.8,1
3910,suv,4.8,road_loopA_f0,road_loopA_f1,5643.9,5774.2,130.3,1304.1,36.0,1
3920,car,4.5,road_loopA_f0,road_loopA_f1,5650.1,5775.0,124.9,1303.4,37.6,1
3890,suv,4.8,road_loopA_f0,road_loopA_f1,5623.2,5775.5,152.3,1303.2,30.8,1
3959,car,4.5,road_loopA_r0,road_loopA_r1,5681.9,5775.7,93.8,1297.9,49.8,0
3921,car,4.5,road_loopA_f0,road_loopA_f1,5650.6,5776.7,126.1,1302.8,37.2,1
3900,suv,4.8,road_loopA_f0,road_loopA_f1,5633.9,5777.3,143.4,1303.2,32.7,1
3947,car,4.5,road_loopA_r0,road_loopA_r1,5671.7,5778.0,106.3,1298.3,44.0,0
3961,car,4.5,road_loopA_r0,road_loopA_r1,5684.4,5778.1,93.7,1298.2,49.9,0
3911,car,4.5,road_loopA_f0,road_loopA_f1,5644.4,5778.6,134.2,1303.0,34.9,1
3904,truck,8.5,road_loopA_f0,road_loopA_f1,5634.9,5779.6,144.7,1303.9,32.4,1
3928,car,4.5,road_loopA_f0,road_loopA_f1,5657.5,5780.4,122.9,1303.5,38.2,1
3923,car,4.5,road_loopA_f0,road_loopA_f1,5654.5,5781.3,126.8,1303.1,37.0,1
3811,car,4.5,road_loopA_r0,xloopA_0Bb,5543.3,5781.9,238.6,895.4,13.5,3
3899,car,4.5,road_loopA_f0,road_loopA_f1,5631.8,5782.1,150.3,1303.1,31.2,1
3937,car,4.5,road_loopA_f0,road_loopA_f1,5665.0,5782.1,117.1,1303.4,40.1,3
3967,car,4.5,road_loopA_r0,road_loopA_r1,5687.5,5782.2,94.7,1297.6,49.3,0
3925,car,4.5,road_loopA_f0,road_loopA_f1,5656.3,5783.0,126.7,1303.5,37.0,1
3963,truck,8.5,road_loopA_r0,road_loopA_r1,5684.7,5783.0,98.3,1298.2,47.5,0
3913,suv,4.8,road_loopA_f0,road_loopA_f1,5645.4,5783.8,138.4,1303.4,33.9,1
3916,truck,8.5,road_loopA_f0,xloopA_0Ab,5649.4,5783.8,134.4,505.4,13.5,2
3936,suv,4.8,road_loopA_f0,road_loopA_f1,5664.2,5784.0,119.8,1303.2,39.2,0
3879,suv,4.8,road_loopA_r0,xloopA_0Bb,5613.1,5784.6,171.5,895.9,18.8,1
3971,suv,4.8,road_loopA_r0,road_loopA_r1,5691.5,5784.7,93.2,1298.3,50.2,0
3926,car,4.5,road_loopA_f0,road_loopA_f1,5656.6,5785.5,128.9,1303.6,36.4,1
3942,car,4.5,road_loopA_f0,road_loopA_f1,5668.5,5785.8,117.3,1303.9,40.0,0
3939,suv,4.8,road_loopA_f0,xloopA_0Ab,5666.2,5786.8,120.6,505.4,15.1,3
3914,car,4.5,road_loopA_r0,xloopA_0Bb,5646.3,5787.2,140.9,895.3,22.9,1
3945,car,4.5,road_loopA_f0,road_loopA_f1,5670.3,5788.3,118.0,1303.7,39.8,0
3974,car,4.5,road_loopA_r0,road_loopA_r1,5694.6,5788.8,94.2,1297.8,49.6,0
3935,truck,8.5,road_loopA_r0,road_loopA_r1,5663.6,5789.3,125.7,1297.6,37.2,0
3952,car,4.5,road_loopA_f0,xloopA_0Ab,5674.6,5789.5,114.9,505.3,15.8,5
3924,truck,8.5,road_loopA_f0,road_loopA_f1,5655.8,5789.9,134.1,1303.7,35.0,1
3940,car,4.5,road_loopA_r0,xloopA_0Bb,5666.7,5789.9,123.2,895.5,26.2,1
3958,car,4.5,road_loopA_f0,road_loopA_f1,5681.8,5790.8,109.0,1303.2,43.0,0
3953,truck,8.5,road_loopA_r0,road_loopA_r1,5675.8,5791.7,115.9,1297.5,40.3,0
3957,car,4.5,road_loopA_f0,xloopA_0Ab,5681.6,5792.1,110.5,505.1,16.5,5
3902,suv,4.8,road_loopA_f0,road_loopA_f1,5634.1,5792.5,158.4,1302.8,29.6,1
3985,car,4.5,road_loopA_r0,road_loopA_r1,5701.7,5793.2,91.5,1297.5,51.0,0
3962,car,4.5,road_loopA_r0,road_loopA_r1,5684.7,5794.0,109.3,1297.8,42.7,0
3933,car,4.5,road_loopA_f0,road_loopA_f1,5662.8,5794.2,131.4,1304.1,35.7,0
3922,truck,8.5,road_loopA_f0,road_loopA_f1,5650.6,5794.7,144.1,1304.0,32.6,1
3979,car,4.5,road_loopA_f0,road_loopA_f1,5699.4,5795.1,95.7,1303.9,49.1,0
3930,suv,4.8,road_loopA_f0,road_loopA_f1,5660.8,5795.3,134.5,1303.5,34.9,0
3988,car,4.5,road_loopA_r0,road_loopA_r1,5705.5,5795.9,90.4,1297.4,51.6,0
3976,car,4.5,road_loopA_r0,road_loopA_r1,5697.4,5796.2,98.8,1298.5,47.3,0
3944,car,4.5,road_loopA_f0,road_loopA_f1,5668.9,5797.1,128.2,1303.4,36.6,0
3969,suv,4.8,road_loopA_f0,road_loopA_f1,5689.9,5797.3,107.4,1302.9,43.7,0
3932,truck,8.5,road_loopA_f0,road_loopA_f1,5662.6,5797.8,135.2,1303.6,34.7,0
3990,car,4.5,road_loopA_r0,road_loopA_r1,5706.7,5798.1,91.4,1297.9,51.1,0
3949,car,4.5,road_loopA_f0,road_loopA_f1,5672.6,5798.9,126.3,1304.0,37.2,0
3973,car,4.5,road_loopA_f0,road_loopA_f1,5694.0,5799.0,105.0,1303.7,44.7,0
4001,car,4.5,xloopA_0Aa,xloopA_0Ab,5724.1,5799.0,74.9,84.2,4.0,1
3951,car,4.5,road_loopA_f0,road_loopA_f1,5674.4,5799.9,125.5,1303.4,37.4,0
3955,car,4.5,road_loopA_f0,road_loopA_f1,5676.7,5800.7,124.0,1303.9,37.9,0
3964,suv,4.8,road_loopA_f0,road_loopA_f1,5684.9,5801.6,116.7,1302.8,40.2,0
3978,car,4.5,road_loopA_f0,road_loopA_f1,5698.0,5802.0,104.0,1303.9,45.1,0
3960,suv,4.8,road_loopA_f0,road_loopA_f1,5683.3,5802.4,119.1,1303.2,39.4,0
4005,car,4.5,xloopA_0Aa,xloopA_0Ab,5726.4,5802.5,76.1,84.1,4.0,1
3970,car,4.5,road_loopA_f0,road_loopA_f1,5691.1,5804.3,113.2,1303.0,41.4,0
3965,truck,8.5,road_loopA_f0,road_loopA_f1,5685.4,5804.7,119.3,1303.3,39.3,0
3980,suv,4.8,road_loopA_f0,road_loopA_f1,5699.5,5805.4,105.9,1303.2,44.3,0
3975,truck,8.5,road_loopA_r0,road_loopA_r1,5695.2,5805.6,110.4,1298.2,42.3,0
3991,suv,4.8,road_loopA_f0,road_loopA_f1,5707.4,5806.7,99.3,1303.9,47.3,0
3977,car,4.5,road_loopA_f0,road_loopA_f1,5698.0,5807.7,109.7,1303.1,42.8,0
3982,car,4.5,road_loopA_f0,road_loopA_f1,5700.6,5809.4,108.8,1303.1,43.1,0
3981,suv,4.8,road_loopA_f0,road_loopA_f1,5699.9,5810.9,111.0,1303.1,42.3,0
3989,car,4.5,road_loopA_f0,road_loopA_f1,5706.3,5811.1,104.8,1303.0,44.7,0
3984,car,4.5,road_loopA_f0,road_loopA_f1,5701.5,5812.1,110.6,1303.3,42.4,0
3992,car,4.5,road_loopA_f0,road_loopA_f1,5710.2,5813.0,102.8,1303.8,45.7,0
3995,suv,4.8,road_loopA_f0,road_loopA_f1,5715.7,5814.4,98.7,1303.4,47.5,0
3996,suv,4.8,road_loopA_f0,road_loopA_f1,5718.4,5814.7,96.3,1303.3,48.7,0
3998,car,4.5,road_loopA_f0,road_loopA_f1,5721.0,5816.8,95.8,1304.0,49.0,0
3999,truck,8.5,road_loopA_f0,road_loopA_f1,5722.1,5819.6,97.5,1303.0,48.1,0
3987,suv,4.8,road_loopA_r0,xloopA_0Ab,5704.9,5821.0,116.1,869.2,27.0,2
4002,car,4.5,road_loopA_f0,road_loopA_f1,5724.1,5824.6,100.5,1304.0,46.7,0
3905,car,4.5,road_loopA_f0,road_loopA_f1,5637.4,5824.7,187.3,1302.8,25.0,1
3983,car,4.5,road_loopA_f0,road_loopA_f1,5701.3,5826.2,124.9,1303.5,37.6,0
4003,suv,4.8,road_loopA_f0,road_loopA_f1,5724.1,5826.3,102.2,1303.1,45.9,0
4015,car,4.5,road_loopA_f0,road_loopA_f1,5736.6,5828.0,91.4,1302.8,51.3,0
4071,car,4.5,road_loopA_f0,xloopA_0Bb,5789.9,5829.8,39.9,478.7,43.2,0
4000,car,4.5,road_loopA_f0,road_loopA_f1,5723.5,5830.4,106.9,1303.7,43.9,0
4016,car,4.5,road_loopA_r0,xloopA_0Ab,5736.8,5834.0,97.2,869.2,32.2,1
3906,bus,11.0,road_loopA_f0,road_loopA_f1,5638.0,5835.8,197.8,1302.9,23.7,4
3994,suv,4.8,road_loopA_r0,road_loopA_r1,5712.7,5845.6,132.9,1297.9,35.2,1
4006,suv,4.8,road_loopA_r0,road_loopA_r1,5726.5,5846.3,119.8,1298.4,39.0,1
4010,car,4.5,road_loopA_r0,road_loopA_r1,5730.5,5849.0,118.5,1297.5,39.4,1
4017,suv,4.8,road_loopA_r0,road_loopA_r1,5737.2,5850.4,113.2,1297.3,41.3,1
4012,truck,8.5,road_loopA_r0,road_loopA_r1,5732.0,5852.0,120.0,1297.8,38.9,1
4018,truck,8.5,road_loopA_r0,road_loopA_r1,5738.7,5855.5,116.8,1297.6,40.0,0
3993,truck,8.5,road_loopA_r0,road_loopA_r1,5710.5,5855.6,145.1,1298.0,32.2,1
4013,car,4.5,xloopA_0Aa,road_loopA_r1,5733.0,5857.1,124.1,506.8,14.7,0
4035,car,4.5,road_loopA_r0,road_loopA_r1,5745.5,5858.3,112.8,1297.9,41.4,0
4004,suv,4.8,road_loopA_r0,road_loopA_r1,5725.6,5859.2,133.6,1298.1,35.0,1
4030,car,4.5,road_loopA_r0,road_loopA_r1,5744.1,5860.1,116.0,1297.8,40.3,0
4008,truck,8.5,road_loopA_r0,road_loopA_r1,5729.8,5861.4,131.6,1297.6,35.5,0
4046,car,4.5,xloopA_0Aa,road_loopA_r1,5758.9,5862.0,103.1,506.5,17.7,0
4037,car,4.5,road_loopA_r0,road_loopA_r1,5747.1,5862.7,115.6,1298.3,40.4,0
4019,car,4.5,road_loopA_r0,road_loopA_r1,5738.9,5863.4,124.5,1298.3,37.6,0
4009,car,4.5,road_loopA_r0,road_loopA_r1,5730.0,5863.7,133.7,1298.3,35.0,1
4043,car,4.5,road_loopA_r0,road_loopA_r1,5753.6,5864.2,110.6,1298.0,42.3,0
4028,car,4.5,road_loopA_r0,road_loopA_r1,5743.4,5865.1,121.7,1297.4,38.4,0
4014,car,4.5,road_loopA_r0,road_loopA_r1,5733.7,5865.3,131.6,1297.9,35.5,1
4054,suv,4.8,road_loopA_r0,road_loopA_r1,5765.8,5865.5,99.7,1298.2,46.9,0
4025,suv,4.8,road_loopA_r0,road_loopA_r1,5742.5,5867.1,124.6,1297.9,37.5,0
4056,car,4.5,road_loopA_r0,road_loopA_r1,5768.2,5867.3,99.1,1298.5,47.2,0
4020,car,4.5,road_loopA_r0,road_loopA_r1,5740.5,5867.4,126.9,1297.3,36.8,0
4112,car,4.5,road_loopA_f0,xloopA_0Bb,5828.3,5868.3,40.0,478.8,43.1,0
4027,car,4.5,road_loopA_r0,road_loopA_r1,5742.8,5868.8,126.0,1297.3,37.1,0
4048,suv,4.8,road_loopA_r0,road_loopA_r1,5762.1,5869.3,107.2,1298.5,43.6,0
4041,car,4.5,road_loopA_r0,road_loopA_r1,5751.7,5870.2,118.5,1297.2,39.4,0
4053,suv,4.8,road_loopA_r0,road_loopA_r1,5764.9,5871.1,106.2,1297.4,44.0,0
4022,truck,8.5,road_loopA_f0,road_loopA_f1,5741.2,5871.6,130.4,1303.6,36.0,1
4026,suv,4.8,road_loopA_f0,road_loopA_f1,5742.5,5872.2,129.7,1303.6,36.2,1
4067,car,4.5,road_loopA_r0,road_loopA_r1,5783.7,5873.0,89.3,1298.4,52.3,0
4029,car,4.5,road_loopA_f0,road_loopA_f1,5743.9,5873.6,129.7,1304.0,36.2,1
4032,car,4.5,road_loopA_f0,road_loopA_f1,5744.8,5875.0,130.2,1303.1,36.0,1
4034,car,4.5,road_loopA_f0,road_loopA_f1,5744.8,5875.2,130.4,1303.0,36.0,1
4038,car,4.5,road_loopA_f0,road_loopA_f1,5749.0,5876.7,127.7,1303.4,36.7,1
4039,suv,4.8,road_loopA_f0,road_loopA_f1,5749.3,5878.5,129.2,1303.2,36.3,1
4040,car,4.5,road_loopA_f0,road_loopA_f1,5751.5,5878.9,127.4,1303.3,36.8,1
4011,car,4.5,road_loopA_f0,road_loopA_f1,5732.0,5879.7,147.7,1303.3,31.8,1
4047,car,4.5,road_loopA_f0,road_loopA_f1,5760.1,5881.3,121.2,1303.9,38.7,1
4076,car,4.5,road_loopA_r0,road_loopA_r1,5792.5,5881.6,89.1,1297.5,52.4,0
4033,car,4.5,road_loopA_f0,road_loopA_f1,5744.8,5881.7,136.9,1303.6,34.3,1
4125,suv,4.8,road_loopA_f0,xloopA_0Bb,5838.3,5881.7,43.4,479.0,39.8,0
4061,truck,8.5,road_loopA_r0,road_loopA_r1,5776.0,5884.1,108.1,1298.4,43.2,0
4044,truck,8.5,road_loopA_f0,road_loopA_f1,5755.2,5884.2,129.0,1302.8,36.4,1
4078,truck,8.5,road_loopA_r0,road_loopA_r1,5793.5,5884.5,91.0,1297.4,51.4,0
4050,car,4.5,road_loopA_f0,road_loopA_f1,5763.3,5885.6,122.3,1303.4,38.4,1
4077,suv,4.8,road_loopA_r0,road_loopA_r1,5792.9,5886.8,93.9,1297.7,49.8,0
4021,car,4.5,road_loopA_f0,road_loopA_f1,5740.6,5889.1,148.5,1304.0,31.6,1
4052,car,4.5,road_loopA_f0,road_loopA_f1,5764.3,5890.7,126.4,1303.6,37.1,1
3966,bus,11.0,road_loopA_r0,road_loopA_r1,5687.2,5891.9,204.7,1297.4,22.8,4
4042,suv,4.8,road_loopA_f0,road_loopA_f1,5753.4,5892.4,139.0,1303.6,33.8,1
4057,car,4.5,road_loopA_f0,road_loopA_f1,5771.1,5892.7,121.6,1303.6,38.6,1
3997,car,4.5,road_loopA_r0,xloopA_0Bb,5720.3,5893.2,172.9,895.3,18.6,1
3968,car,4.5,road_loopA_f0,xloopA_0Ab,5687.6,5893.8,206.2,505.4,8.8,6
4007,car,4.5,road_loopA_r0,xloopA_0Bb,5729.1,5895.8,166.7,895.4,19.3,1
3986,car,4.5,road_loopA_f0,xloopA_0Ab,5703.0,5896.4,193.4,505.4,9.4,6
4079,suv,4.8,road_loopA_f0,road_loopA_f1,5795.2,5896.6,101.4,1303.1,46.3,0
4063,truck,8.5,road_loopA_f0,road_loopA_f1,5780.6,5898.1,117.5,1303.5,39.9,0
4023,car,4.5,road_loopA_r0,xloopA_0Bb,5741.2,5898.5,157.3,895.6,20.5,1
4087,car,4.5,road_loopA_f0,road_loopA_f1,5802.3,5898.5,96.2,1302.8,48.8,0
4024,suv,4.8,road_loopA_f0,xloopA_0Ab,5741.9,5899.1,157.2,505.7,11.6,1
4069,car,4.5,road_loopA_f0,road_loopA_f1,5788.7,5900.1,111.4,1303.2,42.1,0
4086,car,4.5,road_loopA_f0,road_loopA_f1,5801.9,5900.8,98.9,1303.7,47.4,0
4036,car,4.5,road_loopA_r0,xloopA_0Bb,5746.6,5901.2,154.6,895.8,20.9,1
4074,car,4.5,road_loopA_f0,road_loopA_f1,5790.8,5901.2,110.4,1303.7,42.5,0
4072,car,4.5,road_loopA_f0,xloopA_0Ab,5790.1,5901.7,111.6,505.0,16.3,1
4082,suv,4.8,road_loopA_r0,road_loopA_r1,5797.5,5901.9,104.4,1298.0,44.8,0
4073,car,4.5,road_loopA_f0,road_loopA_f1,5790.8,5902.0,111.2,1303.2,42.2,0
4084,suv,4.8,road_loopA_r0,road_loopA_r1,5798.7,5903.7,105.0,1297.8,44.5,0
4060,car,4.5,road_loopA_r0,xloopA_0Bb,5773.9,5903.8,129.9,895.5,24.8,1
4085,suv,4.8,road_loopA_r0,road_loopA_r1,5798.8,5904.2,105.4,1297.5,44.3,0
4080,car,4.5,road_loopA_f0,xloopA_0Ab,5795.3,5904.4,109.1,505.2,16.7,1
4051,car,4.5,road_loopA_f0,road_loopA_f1,5763.5,5904.5,141.0,1303.1,33.3,1
4090,car,4.5,road_loopA_f0,road_loopA_f1,5806.0,5904.5,98.5,1303.7,47.7,0
4081,car,4.5,road_loopA_f0,road_loopA_f1,5797.0,5905.0,108.0,1303.1,43.5,0
4098,car,4.5,road_loopA_f0,road_loopA_f1,5809.4,5906.2,96.8,1303.9,48.5,0
4097,car,4.5,road_loopA_r0,road_loopA_r1,5809.2,5906.5,97.3,1298.6,48.0,0
4099,car,4.5,road_loopA_f0,road_loopA_f1,5809.9,5907.1,97.2,1303.9,48.3,0
4083,suv,4.8,road_loopA_r0,road_loopA_r1,5798.3,5907.8,109.5,1298.4,42.7,0
4101,car,4.5,road_loopA_r0,road_loopA_r1,5814.7,5908.2,93.5,1298.2,50.0,0
4065,car,4.5,road_loopA_f0,road_loopA_f1,5781.5,5908.8,127.3,1302.9,36.8,0
4091,suv,4.8,road_loopA_r0,road_loopA_r1,5806.1,5909.5,103.4,1297.6,45.2,0
4066,car,4.5,road_loopA_r0,road_loopA_r1,5782.5,5909.8,127.3,1298.2,36.7,0
4127,car,4.5,xloopA_0Ba,xloopA_0Bb,5839.5,5910.0,70.5,84.4,4.3,1
4104,suv,4.8,road_loopA_r0,road_loopA_r1,5815.9,5910.2,94.3,1298.1,49.5,0
4095,car,4.5,road_loopA_r0,road_loopA_r1,5806.8,5911.3,104.5,1297.8,44.7,0
4089,car,4.5,road_loopA_r0,road_loopA_r1,5804.8,5911.4,106.6,1297.4,43.8,0
4134,car,4.5,xloopA_0Aa,xloopA_0Ab,5849.5,5911.5,62.0,84.0,4.9,1
4093,suv,4.8,road_loopA_f0,road_loopA_f1,5806.3,5911.8,105.5,1303.1,44.5,0
4070,suv,4.8,road_loopA_f0,road_loopA_f1,5789.7,5912.7,123.0,1304.1,38.2,0
4096,car,4.5,road_loopA_r0,road_loopA_r1,5809.0,5913.2,104.2,1297.9,44.8,0
4149,car,4.5,xloopA_0Ba,xloopA_0Bb,5861.8,5913.8,52.0,84.5,5.9,1
4088,car,4.5,road_loopA_r0,road_loopA_r1,5804.6,5914.6,110.0,1297.6,42.5,0
4152,car,4.5,xloopA_0Ba,xloopA_0Bb,5862.7,5915.7,53.0,84.2,5.7,0
4092,car,4.5,road_loopA_r0,road_loopA_r1,5806.2,5915.9,109.7,1298.2,42.6,0
4102,car,4.5,road_loopA_f0,road_loopA_f1,5814.9,5916.8,101.9,1302.8,46.0,0
4075,truck,8.5,road_loopA_f0,road_loopA_f1,5791.8,5919.0,127.2,1303.8,36.9,0
4113,car,4.5,road_loopA_f0,road_loopA_f1,5831.5,5921.0,89.5,1302.8,52.4,0
4107,suv,4.8,road_loopA_f0,road_loopA_f1,5818.9,5921.6,102.7,1303.9,45.7,0
4109,car,4.5,road_loopA_f0,road_loopA_f1,5823.1,5923.2,100.1,1303.3,46.9,0
4106,car,4.5,road_loopA_f0,road_loopA_f1,5817.8,5924.2,106.4,1303.0,44.1,0
4114,car,4.5,road_loopA_f0,road_loopA_f1,5832.4,5925.1,92.7,1303.9,50.7,0
4059,car,4.5,road_loopA_f0,road_loopA_f1,5773.3,5926.2,152.9,1303.3,30.7,1
4068,truck,8.5,road_loopA_f0,road_loopA_f1,5785.3,5928.3,143.0,1303.1,32.8,0
3972,car,4.5,xloopA_0Aa,road_loopA_f1,5692.7,5930.6,237.9,872.0,13.2,1
4058,car,4.5,road_loopA_f0,road_loopA_f1,5771.2,5931.2,160.0,1303.5,29.3,1
4049,car,4.5,road_loopA_f0,road_loopA_f1,5763.0,5931.5,168.5,1304.1,27.9,1
4031,suv,4.8,road_loopA_f0,road_loopA_f1,5744.6,5932.3,187.7,1303.4,25.0,1
4161,suv,4.8,road_loopA_f0,xloopA_0Bb,5869.7,5932.3,62.6,479.1,27.5,1
4055,suv,4.8,road_loopA_f0,road_loopA_f1,5766.7,5933.1,166.4,1303.2,28.2,1
4045,car,4.5,road_loopA_f0,road_loopA_f1,5756.3,5934.0,177.7,1303.7,26.4,1
4121,car,4.5,road_loopA_f0,road_loopA_f1,5836.7,5934.2,97.5,1302.9,48.1,0
4117,suv,4.8,road_loopA_f0,road_loopA_f1,5834.0,5938.2,104.2,1303.1,45.0,0
4123,car,4.5,road_loopA_f0,road_loopA_f1,5837.5,5941.0,103.5,1303.8,45.4,0
4131,car,4.5,road_loopA_f0,road_loopA_f1,5844.0,5941.9,97.9,1303.2,47.9,0
8,tram,34.0,loopB,loopB,1755.9,5949.6,4193.7,33672.7,28.9,41
4115,car,4.5,road_loopA_f0,road_loopA_f1,5833.2,5949.7,116.5,1303.1,40.3,0
4111,car,4.5,road_loopA_r0,road_loopA_r1,5826.2,5956.6,130.4,1298.6,35.8,1
4110,suv,4.8,road_loopA_r0,road_loopA_r1,5825.7,5967.1,141.4,1298.3,33.1,1
4122,car,4.5,road_loopA_r0,road_loopA_r1,5836.9,5968.9,132.0,1298.4,35.4,1
4128,truck,8.5,road_loopA_r0,road_loopA_r1,5839.9,5971.8,131.9,1297.9,35.4,1
4124,car,4.5,xloopA_0Ba,road_loopA_r1,5838.3,5971.9,133.6,476.3,12.8,1
4108,car,4.5,xloopA_0Aa,road_loopA_r1,5822.7,5973.5,150.8,506.4,12.1,1
4158,car,4.5,road_loopA_r0,road_loopA_r1,5866.8,5973.7,106.9,1297.4,43.7,0
4155,car,4.5,xloopA_0Ba,road_loopA_r1,5865.5,5973.7,108.2,476.1,15.8,0
4100,bus,11.0,road_loopA_r0,road_loopA_r1,5814.6,5975.7,161.1,1297.7,29.0,1
4160,suv,4.8,road_loopA_r0,road_loopA_r1,5869.5,5976.4,106.9,1298.1,43.7,0
4119,suv,4.8,road_loopA_r0,road_loopA_r1,5835.6,5976.5,140.9,1297.3,33.1,1
4175,car,4.5,road_loopA_r0,xloopA_0Ab,5883.6,5978.0,94.4,869.3,33.2,1
4176,suv,4.8,road_loopA_r0,road_loopA_r1,5884.1,5978.1,94.0,1298.3,49.7,0
4116,car,4.5,road_loopA_r0,road_loopA_r1,5833.6,5978.3,144.7,1297.9,32.3,1
4126,suv,4.8,road_loopA_r0,road_loopA_r1,5838.6,5980.1,141.5,1298.5,33.0,1
4164,car,4.5,road_loopA_r0,road_loopA_r1,5874.6,5980.1,105.5,1298.2,44.3,0
4177,car,4.5,xloopA_0Ba,road_loopA_r1,5884.5,5981.4,96.9,476.7,17.7,0
4132,truck,8.5,road_loopA_r0,road_loopA_r1,5845.7,5982.6,136.9,1297.5,34.1,0
4150,car,4.5,road_loopA_r0,road_loopA_r1,5861.7,5982.8,121.1,1297.4,38.6,1
4105,car,4.5,road_loopA_r0,road_loopA_r1,5817.3,5983.1,165.8,1297.7,28.2,1
4136,suv,4.8,road_loopA_f0,road_loopA_f1,5850.2,5983.7,133.5,1302.8,35.1,1
4181,car,4.5,road_loopA_r0,road_loopA_r1,5891.7,5983.8,92.1,1297.5,50.7,0
4140,car,4.5,road_loopA_r0,road_loopA_r1,5855.0,5984.6,129.6,1297.5,36.0,1
4120,truck,8.5,road_loopA_r0,road_loopA_r1,5835.8,5985.4,149.6,1297.9,31.2,1
4169,suv,4.8,road_loopA_r0,road_loopA_r1,5877.4,5986.5,109.1,1298.1,42.8,0
4129,car,4.5,road_loopA_r0,road_loopA_r1,5840.0,5987.4,147.4,1298.4,31.7,1
4186,car,4.5,road_loopA_r0,road_loopA_r1,5898.6,5987.7,89.1,1298.3,52.4,0
4130,suv,4.8,road_loopA_r0,road_loopA_r1,5840.8,5989.1,148.3,1298.6,31.5,1
4142,suv,4.8,road_loopA_f0,road_loopA_f1,5857.9,5989.2,131.3,1303.7,35.8,1
4165,truck,8.5,road_loopA_r0,road_loopA_r1,5876.0,5989.2,113.2,1297.9,41.3,0
4190,suv,4.8,road_loopA_r0,road_loopA_r1,5901.1,5990.5,89.4,1297.7,52.3,0
4151,car,4.5,road_loopA_f0,road_loopA_f1,5862.1,5990.6,128.5,1302.8,36.5,1
4141,car,4.5,road_loopA_r0,road_loopA_r1,5856.0,5990.8,134.8,1298.1,34.7,1
4168,truck,8.5,road_loopA_r0,road_loopA_r1,5877.0,5991.6,114.6,1297.9,40.8,0
4159,car,4.5,road_loopA_r0,road_loopA_r1,5867.5,5992.5,125.0,1297.4,37.4,0
4192,car,4.5,road_loopA_r0,road_loopA_r1,5903.4,5992.5,89.1,1297.8,52.4,0
4157,car,4.5,road_loopA_f0,road_loopA_f1,5865.9,5993.8,127.9,1303.3,36.7,1
4166,truck,8.5,road_loopA_r0,road_loopA_r1,5876.7,5994.7,118.0,1297.7,39.6,0
4178,car,4.5,road_loopA_r0,road_loopA_r1,5886.0,5995.2,109.2,1298.4,42.8,0
4193,car,4.5,road_loopA_r0,road_loopA_r1,5904.2,5995.3,91.1,1297.4,51.3,0
4194,car,4.5,road_loopA_r0,road_loopA_r1,5908.2,5998.8,90.6,1298.4,51.6,0
4183,car,4.5,road_loopA_r0,road_loopA_r1,5894.2,5999.4,105.2,1297.4,44.4,0
4162,suv,4.8,road_loopA_f0,road_loopA_f1,5870.6,6000.5,129.9,1303.0,36.1,1
4199,car,4.5,road_loopA_r0,road_loopA_r1,5912.0,6001.0,89.0,1297.3,52.5,0
4153,truck,8.5,road_loopA_f0,road_loopA_f1,5864.0,6001.3,137.3,1303.6,34.2,1
4188,car,4.5,road_loopA_r0,road_loopA_r1,5899.4,6001.3,101.9,1298.3,45.9,0
4191,car,4.5,road_loopA_r0,road_loopA_r1,5902.9,6002.9,100.0,1297.3,46.7,0
4094,bus,11.0,road_loopA_r0,road_loopA_r1,5806.5,6003.1,196.6,1298.2,23.8,2
4156,car,4.5,road_loopA_f0,road_loopA_f1,5865.5,6003.2,137.7,1303.1,34.1,1
4196,car,4.5,road_loopA_r0,road_loopA_r1,5909.3,6003.8,94.5,1297.9,49.4,0
4184,car,4.5,road_loopA_f0,road_loopA_f1,5897.8,6004.0,106.2,1304.0,44.2,0
4139,car,4.5,road_loopA_f0,road_loopA_f1,5853.3,6006.2,152.9,1304.2,30.7,1
4208,car,4.5,road_loopA_r0,road_loopA_r1,5917.1,6007.5,90.4,1298.1,51.7,0
4146,suv,4.8,road_loopA_f0,road_loopA_f1,5861.3,6010.0,148.7,1303.3,31.5,1
4206,car,4.5,road_loopA_r0,road_loopA_r1,5915.9,6010.0,94.1,1297.4,49.7,0
4133,car,4.5,road_loopA_f0,xloopA_0Ab,5845.9,6011.0,165.1,505.3,11.0,1
4062,truck,8.5,road_loopA_r0,xloopA_0Bb,5779.0,6011.9,232.9,895.8,13.8,2
4138,car,4.5,road_loopA_f0,road_loopA_f1,5851.1,6012.1,161.0,1303.6,29.2,1
4200,suv,4.8,road_loopA_r0,road_loopA_r1,5912.7,6012.8,100.1,1297.8,46.7,0
4143,car,4.5,road_loopA_f0,xloopA_0Ab,5858.4,6013.6,155.2,505.3,11.7,1
4064,car,4.5,road_loopA_r0,xloopA_0Bb,5781.2,6014.8,233.6,895.5,13.8,2
4172,car,4.5,road_loopA_f0,xloopA_0Ab,5880.5,6016.2,135.7,505.0,13.4,1
4118,car,4.5,road_loopA_r0,xloopA_0Bb,5834.5,6017.5,183.0,895.8,17.6,1
4219,car,4.5,road_loopA_r0,road_loopA_r1,5927.8,6017.6,89.8,1298.0,52.0,0
4201,car,4.5,road_loopA_r0,road_loopA_r1,5912.8,6017.7,104.9,1298.4,44.6,0
4214,car,4.5,road_loopA_f0,xloopA_0Ab,5919.8,6018.9,99.1,505.2,18.3,1
4170,car,4.5,xloopA_0Aa,road_loopA_f1,5878.8,6019.7,140.9,872.5,22.3,1
4223,car,4.5,road_loopA_r0,road_loopA_r1,5929.5,6020.0,90.5,1298.2,51.6,0
4145,car,4.5,road_loopA_r0,xloopA_0Bb,5858.6,6020.1,161.5,895.4,20.0,1
4216,car,4.5,road_loopA_f0,xloopA_0Ab,5922.2,6021.6,99.4,505.5,18.3,1
4167,car,4.5,road_loopA_f0,road_loopA_f1,5876.9,6022.5,145.6,1303.4,32.2,2
4198,car,4.5,road_loopA_f0,road_loopA_f1,5911.2,6024.2,113.0,1304.0,41.5,0
4185,car,4.5,xloopA_0Aa,road_loopA_f1,5898.2,6024.4,126.2,872.5,24.9,0
4236,car,4.5,xloopA_0Aa,xloopA_0Ab,5937.5,6025.7,88.2,84.4,3.4,1
4204,car,4.5,road_loopA_f0,road_loopA_f1,5914.8,6025.8,111.0,1303.2,42.3,0
4235,car,4.5,road_loopA_r0,road_loopA_r1,5936.9,6026.0,89.1,1298.2,52.5,0
4207,truck,8.5,road_loopA_f0,road_loopA_f1,5917.1,6028.0,110.9,1303.3,42.3,0
4310,car,4.5,xloopA_0Ba,xloopA_0Bb,6006.3,6028.4,22.1,84.3,13.8,0
4215,suv,4.8,road_loopA_f0,road_loopA_f1,5921.0,6029.7,108.7,1303.5,43.2,0
4148,truck,8.5,road_loopA_f0,road_loopA_f1,5861.5,6029.9,168.4,1303.6,27.9,1
4228,car,4.5,road_loopA_r0,road_loopA_r1,5930.2,6030.6,100.4,1297.7,46.6,0
4288,car,4.5,xloopA_0Aa,xloopA_0Ab,5983.0,6030.6,47.6,84.1,6.4,1
4213,truck,8.5,road_loopA_r0,road_loopA_r1,5919.6,6031.4,111.8,1297.3,41.8,0
4212,car,4.5,road_loopA_f0,road_loopA_f1,5918.7,6031.5,112.8,1303.8,41.6,0
4144,suv,4.8,road_loopA_f0,road_loopA_f1,5858.4,6032.4,174.0,1303.8,27.0,1
4179,car,4.5,xloopA_0Ba,road_loopA_f1,5888.3,6032.6,144.3,903.0,22.5,0
4210,suv,4.8,road_loopA_f0,road_loopA_f1,5918.3,6033.3,115.0,1303.5,40.8,0
4189,car,4.5,road_loopA_f0,road_loopA_f1,5899.5,6034.4,134.9,1303.6,34.8,0
4205,car,4.5,road_loopA_f0,road_loopA_f1,5915.3,6035.1,119.8,1302.8,39.1,0
4187,truck,8.5,road_loopA_f0,road_loopA_f1,5899.4,6035.2,135.8,1303.7,34.6,0
4154,car,4.5,road_loopA_f0,road_loopA_f1,5864.1,6037.1,173.0,1303.3,27.1,1
4221,car,4.5,road_loopA_f0,road_loopA_f1,5928.7,6037.1,108.4,1303.2,43.3,0
4211,suv,4.8,road_loopA_f0,road_loopA_f1,5918.6,6038.0,119.4,1302.8,39.3,0
4224,suv,4.8,road_loopA_r0,xloopA_0Ab,5929.6,6038.1,108.5,869.4,28.8,2
4173,truck,8.5,road_loopA_f0,road_loopA_f1,5881.9,6040.3,158.4,1302.8,29.6,1
4217,truck,8.5,road_loopA_f0,road_loopA_f1,5922.7,6040.6,117.9,1303.9,39.8,0
4203,car,4.5,road_loopA_f0,road_loopA_f1,5913.3,6041.0,127.7,1303.1,36.7,0
4229,car,4.5,road_loopA_f0,road_loopA_f1,5931.2,6042.5,111.3,1302.8,42.1,0
4197,car,4.5,road_loopA_f0,road_loopA_f1,5909.7,6042.8,133.1,1303.0,35.2,0
4237,car,4.5,road_loopA_f0,road_loopA_f1,5937.5,6044.3,106.8,1303.6,44.0,0
4240,suv,4.8,road_loopA_f0,road_loopA_f1,5942.2,6046.1,103.9,1303.8,45.2,0
4225,suv,4.8,road_loopA_f0,road_loopA_f1,5930.0,6046.4,116.4,1303.9,40.3,0
4218,car,4.5,road_loopA_r0,xloopA_0Ab,5924.6,6047.4,122.8,869.3,25.5,3
4222,car,4.5,road_loopA_f0,road_loopA_f1,5928.7,6048.1,119.4,1303.7,39.3,0
4230,car,4.5,road_loopA_f0,road_loopA_f1,5931.4,6049.4,118.0,1303.1,39.8,0
4220,car,4.5,road_loopA_f0,road_loopA_f1,5928.0,6049.8,121.8,1303.1,38.5,0
4243,car,4.5,road_loopA_f0,road_loopA_f1,5944.5,6051.1,106.6,1303.8,44.0,0
4238,suv,4.8,road_loopA_f0,road_loopA_f1,5937.8,6051.6,113.8,1303.4,41.2,0
4315,car,4.5,road_loopA_f0,xloopA_0Bb,6011.7,6051.6,39.9,478.7,43.2,0
4202,car,4.5,xloopA_0Aa,road_loopA_f1,5913.0,6052.1,139.1,872.0,22.6,0
4250,car,4.5,road_loopA_f0,road_loopA_f1,5946.9,6052.8,105.9,1303.3,44.3,0
4246,car,4.5,road_loopA_f0,road_loopA_f1,5945.3,6053.7,108.4,1304.0,43.3,0
4180,car,4.5,xloopA_0Ba,road_loopA_f1,5891.6,6054.2,162.6,902.6,20.0,0
4259,car,4.5,road_loopA_f0,road_loopA_f1,5954.1,6054.6,100.5,1304.0,46.7,0
4316,car,4.5,road_loopA_f0,xloopA_0Bb,6013.3,6054.9,41.6,478.8,41.4,0
4245,car,4.5,road_loopA_f0,road_loopA_f1,5945.3,6055.7,110.4,1303.5,42.5,0
4135,suv,4.8,road_loopA_f0,road_loopA_f1,5849.7,6055.9,206.2,1303.5,22.8,1
4258,car,4.5,road_loopA_f0,road_loopA_f1,5953.5,6056.3,102.8,1304.0,45.7,0
4137,car,4.5,road_loopA_f0,road_loopA_f1,5850.5,6057.6,207.1,1303.8,22.7,1
4252,suv,4.8,road_loopA_f0,road_loopA_f1,5949.3,6057.8,108.5,1303.3,43.2,0
4268,suv,4.8,road_loopA_f0,road_loopA_f1,5960.4,6058.0,97.6,1303.2,48.1,0
4147,truck,8.5,road_loopA_f0,road_loopA_f1,5861.5,6059.8,198.3,1302.9,23.7,1
4174,car,4.5,road_loopA_f0,road_loopA_f1,5883.1,6060.3,177.2,1303.7,26.5,1
4163,car,4.5,road_loopA_f0,road_loopA_f1,5872.0,6061.8,189.8,1303.2,24.7,1
4262,car,4.5,road_loopA_f0,road_loopA_f1,5957.2,6062.7,105.5,1303.0,44.4,0
4209,truck,8.5,road_loopA_f0,road_loopA_f1,5917.8,6063.4,145.6,1303.9,32.2,0
4171,car,4.5,road_loopA_f0,road_loopA_f1,5879.5,6063.5,184.0,1303.0,25.5,1
4232,car,4.5,road_loopA_r0,road_loopA_r1,5935.7,6064.4,128.7,1298.4,36.3,1
4242,car,4.5,road_loopA_r0,road_loopA_r1,5943.8,6065.4,121.6,1298.3,38.4,1
4233,truck,8.5,road_loopA_f0,road_loopA_f1,5936.0,6066.1,130.1,1303.2,36.1,0
4264,car,4.5,road_loopA_f0,road_loopA_f1,5958.0,6068.0,110.0,1303.7,42.7,0
4231,car,4.5,road_loopA_r0,road_loopA_r1,5932.7,6068.9,136.2,1297.7,34.3,1
4244,car,4.5,road_loopA_r0,road_loopA_r1,5944.8,6070.3,125.5,1298.5,37.3,1
4234,car,4.5,road_loopA_r0,road_loopA_r1,5936.3,6070.7,134.4,1298.0,34.8,1
4239,car,4.5,road_loopA_r0,road_loopA_r1,5938.4,6072.5,134.1,1297.8,34.8,1
4285,car,4.5,road_loopA_r0,xloopA_0Ab,5980.6,6072.9,92.3,869.1,33.9,1
4241,truck,8.5,road_loopA_r0,road_loopA_r1,5943.6,6074.4,130.8,1297.9,35.7,1
4248,car,4.5,road_loopA_r0,road_loopA_r1,5945.6,6074.8,129.2,1297.8,36.2,1
4247,car,4.5,road_loopA_r0,road_loopA_r1,5945.4,6076.1,130.7,1297.9,35.7,1
4260,suv,4.8,road_loopA_r0,road_loopA_r1,5955.4,6076.5,121.1,1297.7,38.6,1
4226,car,4.5,road_loopA_r0,road_loopA_r1,5930.0,6076.8,146.8,1297.6,31.8,1
4251,car,4.5,road_loopA_r0,road_loopA_r1,5948.5,6077.9,129.4,1297.6,36.1,1
4253,car,4.5,road_loopA_r0,road_loopA_r1,5949.6,6078.5,128.9,1298.1,36.3,1
4249,bus,11.0,road_loopA_f0,road_loopA_f1,5946.6,6079.1,132.5,1303.8,35.4,1
4267,car,4.5,road_loopA_r0,road_loopA_r1,5960.2,6079.3,119.1,1298.4,39.3,1
4254,car,4.5,road_loopA_r0,road_loopA_r1,5952.0,6080.2,128.2,1297.3,36.4,1
4256,car,4.5,road_loopA_r0,road_loopA_r1,5952.9,6080.2,127.3,1297.3,36.7,1
4261,car,4.5,road_loopA_r0,road_loopA_r1,5956.6,6082.0,125.4,1297.9,37.3,1
4271,suv,4.8,road_loopA_r0,road_loopA_r1,5961.9,6082.5,120.6,1297.3,38.7,1
4265,car,4.5,road_loopA_r0,road_loopA_r1,5958.4,6083.2,124.8,1298.6,37.4,1
4195,bus,11.0,road_loopA_f0,road_loopA_f1,5908.7,6084.6,175.9,1303.1,26.7,2
4287,car,4.5,road_loopA_r0,road_loopA_r1,5980.9,6084.6,103.7,1297.5,45.0,0
4342,truck,8.5,road_loopA_f0,xloopA_0Bb,6042.1,6085.1,43.0,478.8,40.1,0
4266,car,4.5,road_loopA_r0,road_loopA_r1,5958.9,6085.7,126.8,1297.5,36.8,1
4263,suv,4.8,road_loopA_r0,road_loopA_r1,5957.3,6087.1,129.8,1297.5,36.0,0
4274,car,4.5,road_loopA_r0,road_loopA_r1,5966.2,6088.2,122.0,1297.5,38.3,1
4280,car,4.5,road_loopA_r0,road_loopA_r1,5972.0,6088.8,116.8,1298.2,40.0,0
4283,suv,4.8,road_loopA_r0,road_loopA_r1,5979.6,6090.5,110.9,1298.6,42.1,0
4277,car,4.5,road_loopA_r0,road_loopA_r1,5968.6,6091.4,122.8,1297.7,38.1,1
4286,suv,4.8,road_loopA_r0,road_loopA_r1,5980.7,6092.1,111.4,1298.0,42.0,1
4292,car,4.5,road_loopA_r0,road_loopA_r1,5987.0,6092.2,105.2,1297.5,44.4,0
4279,car,4.5,road_loopA_r0,road_loopA_r1,5971.3,6093.1,121.8,1297.7,38.3,0
4294,car,4.5,road_loopA_r0,road_loopA_r1,5990.1,6094.0,103.9,1297.3,45.0,0
4299,car,4.5,road_loopA_r0,road_loopA_r1,5992.8,6094.8,102.0,1297.8,45.8,0
4275,car,4.5,road_loopA_f0,road_loopA_f1,5966.5,6095.2,128.7,1303.2,36.4,1
4297,car,4.5,road_loopA_r0,road_loopA_r1,5991.7,6095.8,104.1,1297.7,44.9,0
4303,car,4.5,road_loopA_r0,road_loopA_r1,6000.3,6096.7,96.4,1297.9,48.5,0
4276,car,4.5,road_loopA_f0,road_loopA_f1,5966.5,6096.8,130.3,1303.6,36.0,1
4300,car,4.5,road_loopA_r0,road_loopA_r1,5994.1,6097.6,103.5,1297.7,45.1,0
4295,suv,4.8,road_loopA_r0,road_loopA_r1,5990.3,6098.5,108.2,1298.0,43.2,0
4282,car,4.5,road_loopA_f0,road_loopA_f1,5978.7,6098.6,119.9,1303.2,39.1,1
4272,car,4.5,road_loopA_f0,road_loopA_f1,5964.0,6098.9,134.9,1302.9,34.8,1
4284,suv,4.8,road_loopA_f0,road_loopA_f1,5980.1,6099.5,119.4,1303.4,39.3,1
4301,truck,8.5,road_loopA_r0,road_loopA_r1,5997.3,6100.3,103.0,1297.7,45.4,0
4278,car,4.5,road_loopA_r0,road_loopA_r1,5970.1,6100.5,130.4,1298.0,35.8,1
4298,suv,4.8,road_loopA_f0,road_loopA_f1,5992.6,6100.9,108.3,1304.0,43.3,1
4306,car,4.5,road_loopA_r0,road_loopA_r1,6004.3,6101.7,97.4,1297.9,48.0,0
4290,car,4.5,road_loopA_f0,road_loopA_f1,5985.7,6102.1,116.4,1302.9,40.3,1
4312,car,4.5,road_loopA_r0,road_loopA_r1,6008.5,6102.9,94.4,1297.5,49.5,0
4317,car,4.5,road_loopA_r0,road_loopA_r1,6013.7,6104.7,91.0,1298.1,51.3,0
4293,car,4.5,road_loopA_f0,road_loopA_f1,5987.7,6106.3,118.6,1303.0,39.5,1
4322,car,4.5,road_loopA_r0,road_loopA_r1,6017.1,6106.5,89.4,1298.2,52.2,0
4304,car,4.5,road_loopA_f0,road_loopA_f1,6002.5,6106.8,104.3,1303.6,45.0,0
4281,car,4.5,road_loopA_r0,road_loopA_r1,5973.0,6107.8,134.8,1298.2,34.7,0
4307,car,4.5,road_loopA_f0,road_loopA_f1,6005.3,6107.9,102.6,1304.0,45.8,0
4308,car,4.5,road_loopA_f0,road_loopA_f1,6005.8,6108.5,102.7,1302.9,45.7,0
4321,car,4.5,road_loopA_r0,road_loopA_r1,6016.5,6110.1,93.6,1297.7,49.9,0
4313,car,4.5,road_loopA_f0,road_loopA_f1,6009.6,6110.3,100.7,1303.3,46.6,0
4289,car,4.5,road_loopA_f0,road_loopA_f1,5984.9,6111.3,126.4,1302.9,37.1,1
4320,car,4.5,road_loopA_f0,road_loopA_f1,6016.0,6111.3,95.3,1304.2,49.3,0
4328,car,4.5,road_loopA_r0,road_loopA_r1,6022.0,6112.2,90.2,1298.5,51.8,0
4311,car,4.5,road_loopA_f0,road_loopA_f1,6006.6,6112.8,106.2,1303.7,44.2,0
4324,suv,4.8,road_loopA_f0,road_loopA_f1,6017.8,6112.9,95.1,1303.3,49.3,0
4327,car,4.5,road_loopA_f0,road_loopA_f1,6020.8,6114.8,94.0,1303.2,49.9,0
4314,suv,4.8,road_loopA_r0,road_loopA_r1,6010.6,6116.4,105.8,1297.4,44.1,0
4319,suv,4.8,road_loopA_f0,road_loopA_f1,6016.0,6117.1,101.1,1304.1,46.4,0
4182,car,4.5,road_loopA_r0,xloopA_0Bb,5893.6,6118.1,224.5,895.5,14.4,2
4325,car,4.5,road_loopA_f0,road_loopA_f1,6018.8,6118.4,99.6,1303.5,47.1,0
4330,suv,4.8,road_loopA_f0,road_loopA_f1,6027.7,6118.4,90.7,1303.7,51.7,0
4255,car,4.5,road_loopA_f0,xloopA_0Ab,5952.5,6118.7,166.2,505.3,10.9,2
4326,suv,4.8,road_loopA_f0,road_loopA_f1,6020.3,6120.5,100.2,1304.1,46.9,0
4227,car,4.5,road_loopA_r0,xloopA_0Bb,5930.2,6120.7,190.5,895.5,16.9,2
4302,suv,4.8,road_loopA_f0,road_loopA_f1,5999.7,6120.9,121.2,1303.4,38.7,0
4309,car,4.5,road_loopA_f0,xloopA_0Ab,6006.3,6121.3,115.0,505.4,15.8,1
4257,car,4.5,xloopA_0Ba,road_loopA_f1,5953.3,6121.9,168.6,902.4,19.3,1
4318,car,4.5,road_loopA_f0,road_loopA_f1,6013.7,6123.4,109.7,1303.2,42.8,0
4329,car,4.5,road_loopA_f0,road_loopA_f1,6026.0,6123.5,97.5,1302.8,48.1,0
4291,truck,8.5,road_loopA_r0,xloopA_0Bb,5986.6,6124.2,137.6,895.8,23.4,2
4296,car,4.5,road_loopA_r0,xloopA_0Bb,5990.6,6127.2,136.6,895.5,23.6,3
4273,car,4.5,road_loopA_f0,road_loopA_f1,5965.1,6127.3,162.2,1303.0,28.9,1
4269,car,4.5,road_loopA_f0,road_loopA_f1,5960.6,6129.4,168.8,1303.8,27.8,1
4383,car,4.5,road_loopA_f0,xloopA_0Ab,6084.8,6129.9,45.1,505.5,40.4,0
4338,suv,4.8,road_loopA_f0,road_loopA_f1,6039.2,6130.4,91.2,1303.3,51.4,0
4335,truck,8.5,road_loopA_r0,road_loopA_r1,6037.2,6130.6,93.4,1298.1,50.0,0
4333,car,4.5,road_loopA_r0,road_loopA_r1,6035.3,6130.7,95.4,1298.5,49.0,0
4337,car,4.5,road_loopA_r0,road_loopA_r1,6038.5,6132.9,94.4,1297.9,49.5,0
4343,suv,4.8,road_loopA_f0,road_loopA_f1,6044.2,6133.5,89.3,1303.1,52.5,0
4339,car,4.5,xloopA_0Ba,xloopA_0Bb,6039.5,6134.6,95.1,84.1,3.2,1
4407,car,4.5,xloopA_0Aa,xloopA_0Ab,6097.9,6135.8,37.9,84.4,8.0,1
4345,car,4.5,road_loopA_f0,road_loopA_f1,6047.1,6137.3,90.2,1303.0,52.0,0
4420,car,4.5,xloopA_0Aa,xloopA_0Ab,6102.7,6137.9,35.2,84.6,8.7,1
4390,car,4.5,xloopA_0Ba,xloopA_0Bb,6089.0,6138.1,49.1,84.6,6.2,1
4349,suv,4.8,road_loopA_f0,road_loopA_f1,6050.8,6140.6,89.8,1304.0,52.3,0
4341,suv,4.8,road_loopA_r0,xloopA_0Ab,6040.6,6147.5,106.9,869.4,29.3,1
4270,car,4.5,xloopA_0Aa,road_loopA_f1,5961.4,6151.4,190.0,872.1,16.5,1
4353,car,4.5,road_loopA_f0,road_loopA_f1,6059.1,6153.5,94.4,1302.8,49.7,0
4399,suv,4.8,road_loopA_f0,xloopA_0Bb,6093.3,6155.7,62.4,479.0,27.6,2
4347,car,4.5,road_loopA_r0,xloopA_0Ab,6049.5,6156.0,106.5,868.9,29.4,2
4366,suv,4.8,road_loopA_f0,road_loopA_f1,6066.6,6158.8,92.2,1303.2,50.9,0
4305,bus,11.0,road_loopA_f0,road_loopA_f1,6002.5,6159.7,157.2,1303.2,29.8,2
4334,car,4.5,road_loopA_r0,xloopA_0Ab,6036.0,6159.8,123.8,869.2,25.3,2
4370,car,4.5,road_loopA_f0,road_loopA_f1,6071.0,6160.8,89.8,1304.0,52.3,0
4363,car,4.5,road_loopA_f0,road_loopA_f1,6063.9,6162.9,99.0,1303.3,47.4,0
4344,car,4.5,road_loopA_f0,road_loopA_f1,6045.1,6164.3,119.2,1303.0,39.3,0
4365,car,4.5,road_loopA_f0,road_loopA_f1,6066.0,6167.0,101.0,1303.6,46.5,0
4367,car,4.5,road_loopA_f0,road_loopA_f1,6068.8,6168.9,100.1,1303.5,46.9,0
4402,car,4.5,road_loopA_r0,xloopA_0Ab,6094.5,6170.3,75.8,869.1,41.3,0
4413,car,4.5,road_loopA_r0,xloopA_0Ab,6100.3,6176.4,76.1,869.3,41.1,0
4348,car,4.5,road_loopA_r0,road_loopA_r1,6050.7,6177.7,127.0,1297.4,36.8,1
4340,truck,8.5,road_loopA_r0,road_loopA_r1,6040.4,6179.8,139.4,1297.5,33.5,1
4354,car,4.5,road_loopA_r0,road_loopA_r1,6059.5,6180.4,120.9,1297.3,38.6,1
4350,car,4.5,road_loopA_r0,road_loopA_r1,6051.5,6181.8,130.3,1298.7,35.9,1
4352,car,4.5,xloopA_0Aa,road_loopA_r1,6057.4,6183.3,125.9,506.8,14.5,1
4364,suv,4.8,road_loopA_r0,road_loopA_r1,6064.0,6185.0,121.0,1297.7,38.6,1
4336,truck,8.5,road_loopA_r0,road_loopA_r1,6038.1,6185.4,147.3,1297.5,31.7,1
4357,car,4.5,road_loopA_r0,road_loopA_r1,6061.6,6187.3,125.7,1298.2,37.2,1
4346,car,4.5,road_loopA_r0,road_loopA_r1,6048.6,6187.4,138.8,1297.8,33.7,1
4426,car,4.5,road_loopA_r0,xloopA_0Ab,6111.6,6188.5,76.9,869.2,40.7,0
4355,suv,4.8,road_loopA_r0,road_loopA_r1,6060.4,6189.1,128.7,1298.2,36.3,1
4361,car,4.5,road_loopA_r0,road_loopA_r1,6062.8,6190.7,127.9,1297.8,36.5,1
4356,car,4.5,road_loopA_r0,road_loopA_r1,6060.9,6190.9,130.0,1297.3,35.9,1
4358,car,4.5,road_loopA_r0,road_loopA_r1,6061.6,6190.9,129.3,1298.7,36.2,1
4398,car,4.5,road_loopA_r0,xloopA_0Ab,6092.4,6192.2,99.8,869.3,31.4,2
4362,suv,4.8,road_loopA_r0,road_loopA_r1,6063.2,6192.6,129.4,1297.6,36.1,1
4369,car,4.5,road_loopA_r0,road_loopA_r1,6070.4,6192.6,122.2,1297.9,38.2,1
4384,suv,4.8,road_loopA_r0,road_loopA_r1,6085.0,6192.7,107.7,1298.3,43.4,0
4393,car,4.5,road_loopA_r0,road_loopA_r1,6090.1,6194.1,104.0,1298.6,44.9,0
4394,car,4.5,road_loopA_r0,road_loopA_r1,6090.7,6196.5,105.8,1298.1,44.1,0
4359,car,4.5,road_loopA_r0,road_loopA_r1,6062.1,6197.0,134.9,1298.0,34.6,1
4374,car,4.5,road_loopA_r0,road_loopA_r1,6076.7,6198.5,121.8,1298.1,38.4,0
4371,car,4.5,road_loopA_r0,road_loopA_r1,6072.9,6198.7,125.8,1297.8,37.2,1
4400,car,4.5,road_loopA_r0,road_loopA_r1,6093.3,6199.2,105.9,1298.2,44.1,0
4387,suv,4.8,road_loopA_r0,road_loopA_r1,6086.7,6200.2,113.5,1298.3,41.2,0
4379,car,4.5,road_loopA_r0,road_loopA_r1,6083.6,6200.4,116.8,1297.3,40.0,0
4412,car,4.5,road_loopA_r0,road_loopA_r1,6100.1,6200.6,100.5,1298.3,46.5,0
4385,car,4.5,road_loopA_r0,road_loopA_r1,6085.7,6202.2,116.5,1297.6,40.1,0
4417,car,4.5,road_loopA_r0,road_loopA_r1,6101.4,6202.4,101.0,1298.3,46.3,0
4372,car,4.5,road_loopA_f0,road_loopA_f1,6075.3,6202.5,127.2,1303.7,36.9,1
4421,car,4.5,road_loopA_r0,road_loopA_r1,6103.6,6203.8,100.2,1298.6,46.6,0
4392,car,4.5,road_loopA_r0,road_loopA_r1,6089.8,6204.0,114.2,1298.1,40.9,0
4351,bus,11.0,road_loopA_r0,road_loopA_r1,6053.0,6204.5,151.5,1298.1,30.8,2
4422,suv,4.8,road_loopA_r0,road_loopA_r1,6107.0,6205.5,98.5,1298.3,47.5,0
4406,suv,4.8,road_loopA_r0,road_loopA_r1,6097.7,6205.7,108.0,1297.8,43.2,0
4395,suv,4.8,road_loopA_r0,road_loopA_r1,6090.6,6207.8,117.2,1298.2,39.9,0
4408,car,4.5,road_loopA_r0,road_loopA_r1,6098.7,6208.2,109.5,1297.7,42.7,0
4425,car,4.5,road_loopA_r0,road_loopA_r1,6110.7,6209.3,98.6,1298.4,47.4,0
4405,truck,8.5,road_loopA_r0,road_loopA_r1,6096.0,6210.1,114.1,1298.2,41.0,0
4376,car,4.5,road_loopA_f0,road_loopA_f1,6079.3,6210.4,131.1,1303.2,35.8,1
4377,truck,8.5,road_loopA_f0,road_loopA_f1,6081.3,6211.6,130.3,1304.0,36.0,1
4419,car,4.5,road_loopA_r0,road_loopA_r1,6102.1,6211.8,109.7,1297.3,42.6,0
4386,car,4.5,road_loopA_f0,road_loopA_f1,6086.1,6212.1,126.0,1303.1,37.2,1
4424,suv,4.8,road_loopA_r0,road_loopA_r1,6109.0,6212.2,103.2,1298.2,45.3,0
4432,car,4.5,road_loopA_r0,road_loopA_r1,6115.3,6212.8,97.5,1298.4,48.0,0
4491,suv,4.8,road_loopA_f0,xloopA_0Bb,6173.1,6213.2,40.1,478.9,43.0,0
4431,car,4.5,road_loopA_r0,road_loopA_r1,6114.3,6213.5,99.2,1298.2,47.1,0
4427,car,4.5,road_loopA_r0,road_loopA_r1,6111.7,6214.0,102.3,1297.7,45.7,0
4380,car,4.5,road_loopA_f0,road_loopA_f1,6083.7,6214.6,130.9,1303.8,35.8,1
4434,suv,4.8,road_loopA_r0,road_loopA_r1,6115.8,6215.3,99.5,1298.7,47.0,0
4430,car,4.5,road_loopA_r0,road_loopA_r1,6114.2,6215.8,101.6,1297.8,46.0,0
4397,car,4.5,road_loopA_f0,road_loopA_f1,6092.2,6216.6,124.4,1303.2,37.7,1
4442,car,4.5,road_loopA_r0,road_loopA_r1,6122.3,6217.5,95.2,1297.9,49.1,0
4396,car,4.5,road_loopA_f0,road_loopA_f1,6090.8,6218.3,127.5,1303.7,36.8,1
4450,car,4.5,road_loopA_r0,road_loopA_r1,6130.2,6219.4,89.2,1297.6,52.4,0
4403,suv,4.8,road_loopA_f0,road_loopA_f1,6095.1,6219.9,124.8,1303.8,37.6,1
4378,car,4.5,road_loopA_f0,road_loopA_f1,6081.5,6221.1,139.6,1303.1,33.6,1
4436,car,4.5,road_loopA_r0,road_loopA_r1,6119.2,6221.3,102.1,1298.1,45.8,0
4428,truck,8.5,road_loopA_r0,road_loopA_r1,6112.6,6221.4,108.8,1297.6,43.0,0
4418,car,4.5,road_loopA_f0,road_loopA_f1,6101.7,6222.5,120.8,1303.9,38.9,1
4382,car,4.5,road_loopA_f0,road_loopA_f1,6084.1,6223.0,138.9,1303.0,33.8,1
4404,car,4.5,road_loopA_f0,road_loopA_f1,6095.3,6224.9,129.6,1303.4,36.2,1
4414,car,4.5,road_loopA_f0,road_loopA_f1,6100.9,6225.5,124.6,1302.8,37.6,1
4452,car,4.5,road_loopA_r0,road_loopA_r1,6131.5,6226.2,94.7,1298.5,49.4,0
4429,car,4.5,road_loopA_f0,road_loopA_f1,6114.0,6226.8,112.8,1304.0,41.6,0
4444,car,4.5,road_loopA_r0,road_loopA_r1,6126.0,6226.8,100.8,1298.3,46.4,0
4435,suv,4.8,road_loopA_f0,road_loopA_f1,6117.0,6227.3,110.3,1303.0,42.5,0
4323,car,4.5,road_loopA_r0,xloopA_0Bb,6017.2,6227.9,210.7,895.7,15.3,2
4438,car,4.5,road_loopA_f0,road_loopA_f1,6120.0,6227.9,107.9,1302.8,43.5,0
4459,suv,4.8,road_loopA_r0,road_loopA_r1,6138.4,6228.0,89.6,1297.8,52.1,0
4423,car,4.5,road_loopA_f0,xloopA_0Ab,6107.3,6228.5,121.2,504.9,15.0,2
4439,suv,4.8,road_loopA_f0,road_loopA_f1,6120.5,6229.2,108.7,1303.3,43.2,0
4331,car,4.5,xloopA_0Ba,road_loopA_f1,6030.5,6229.6,199.1,903.1,16.3,1
4388,car,4.5,road_loopA_f0,road_loopA_f1,6087.9,6230.7,142.8,1303.3,32.9,1
4448,car,4.5,road_loopA_f0,road_loopA_f1,6128.8,6231.0,102.2,1303.5,45.9,0
4389,suv,4.8,road_loopA_f0,road_loopA_f1,6089.0,6231.2,142.2,1303.0,33.0,1
4332,truck,8.5,road_loopA_r0,xloopA_0Bb,6033.4,6231.3,197.9,895.9,16.3,2
4461,car,4.5,road_loopA_r0,road_loopA_r1,6141.5,6231.8,90.3,1297.6,51.7,0
4458,car,4.5,road_loopA_r0,road_loopA_r1,6137.9,6232.2,94.3,1298.5,49.5,0
4409,car,4.5,road_loopA_f0,road_loopA_f1,6099.0,6232.6,133.6,1303.6,35.1,1
4415,car,4.5,road_loopA_f0,road_loopA_f1,6101.0,6232.8,131.8,1304.1,35.6,1
4360,car,4.5,road_loopA_r0,xloopA_0Bb,6062.5,6234.3,171.8,895.6,18.8,1
4401,car,4.5,road_loopA_f0,road_loopA_f1,6093.6,6234.3,140.7,1302.8,33.3,1
4440,truck,8.5,road_loopA_f0,road_loopA_f1,6121.8,6235.8,114.0,1303.7,41.2,0
4463,suv,4.8,road_loopA_r0,road_loopA_r1,6147.1,6236.0,88.9,1297.3,52.5,0
4433,truck,8.5,road_loopA_f0,road_loopA_f1,6115.4,6236.9,121.5,1303.5,38.6,0
4368,suv,4.8,road_loopA_r0,xloopA_0Bb,6069.2,6237.0,167.8,895.7,19.2,1
4456,car,4.5,road_loopA_f0,road_loopA_f1,6136.8,6238.6,101.8,1303.6,46.1,0
4437,car,4.5,road_loopA_f0,road_loopA_f1,6119.6,6239.0,119.4,1303.2,39.3,0
4416,car,4.5,road_loopA_f0,road_loopA_f1,6101.4,6240.2,138.8,1304.1,33.8,1
4441,car,4.5,road_loopA_f0,road_loopA_f1,6122.2,6240.7,118.5,1303.3,39.6,0
4375,bus,11.0,road_loopA_r0,road_loopA_r1,6077.5,6241.3,163.8,1298.4,28.5,2
4457,car,4.5,road_loopA_f0,road_loopA_f1,6137.7,6242.0,104.3,1303.1,45.0,0
4447,suv,4.8,road_loopA_f0,road_loopA_f1,6128.3,6242.5,114.2,1304.0,41.1,0
4472,car,4.5,xloopA_0Aa,xloopA_0Ab,6152.7,6243.3,90.6,84.6,3.4,1
4470,car,4.5,road_loopA_f0,road_loopA_f1,6151.5,6243.5,92.0,1303.4,51.0,0
4460,car,4.5,xloopA_0Ba,xloopA_0Bb,6139.0,6243.6,104.6,84.3,2.9,1
4445,car,4.5,xloopA_0Aa,road_loopA_f1,6126.3,6243.7,117.4,872.4,26.7,0
4449,car,4.5,road_loopA_f0,road_loopA_f1,6129.3,6244.3,115.0,1302.9,40.8,0
4469,suv,4.8,road_loopA_r0,road_loopA_r1,6151.4,6244.9,93.5,1297.8,50.0,0
4410,car,4.5,road_loopA_f0,road_loopA_f1,6099.7,6245.4,145.7,1303.2,32.2,1
4475,car,4.5,xloopA_0Ba,xloopA_0Bb,6156.7,6245.8,89.1,84.4,3.4,1
4468,car,4.5,road_loopA_f0,road_loopA_f1,6150.8,6245.9,95.1,1304.1,49.4,0
4453,car,4.5,road_loopA_f0,road_loopA_f1,6131.9,6246.2,114.3,1304.1,41.1,0
4492,car,4.5,xloopA_0Aa,xloopA_0Ab,6173.6,6246.2,72.6,84.1,4.2,1
4471,car,4.5,road_loopA_f0,road_loopA_f1,6151.5,6246.9,95.4,1303.0,49.2,0
4411,car,4.5,road_loopA_f0,road_loopA_f1,6099.9,6247.1,147.2,1303.7,31.9,1
4455,car,4.5,road_loopA_f0,road_loopA_f1,6134.9,6247.9,113.0,1303.2,41.5,0
4482,car,4.5,xloopA_0Ba,xloopA_0Bb,6163.8,6247.9,84.1,84.5,3.6,1
4497,car,4.5,xloopA_0Aa,xloopA_0Ab,6179.6,6248.4,68.8,84.8,4.4,1
4451,car,4.5,road_loopA_f0,road_loopA_f1,6130.9,6248.9,118.0,1303.5,39.8,0
4462,car,4.5,road_loopA_f0,road_loopA_f1,6145.1,6249.7,104.6,1303.5,44.9,0
4483,car,4.5,xloopA_0Ba,xloopA_0Bb,6164.0,6250.3,86.3,84.1,3.5,0
4522,car,4.5,xloopA_0Aa,xloopA_0Ab,6199.7,6250.8,51.1,84.0,5.9,0
4454,truck,8.5,road_loopA_f0,road_loopA_f1,6132.9,6251.0,118.1,1303.6,39.7,0
4391,truck,8.5,road_loopA_f0,road_loopA_f1,6089.0,6251.3,162.3,1303.8,28.9,1
4467,car,4.5,road_loopA_f0,road_loopA_f1,6150.7,6252.5,101.8,1303.8,46.1,0
4515,car,4.5,xloopA_0Ba,xloopA_0Bb,6195.2,6253.0,57.8,84.2,5.2,0
4477,car,4.5,road_loopA_f0,road_loopA_f1,6158.3,6253.3,95.0,1303.8,49.4,0
4476,truck,8.5,road_loopA_f0,road_loopA_f1,6157.2,6254.6,97.4,1303.1,48.1,0
4478,suv,4.8,road_loopA_f0,road_loopA_f1,6159.0,6256.6,97.6,1302.8,48.0,0
4532,car,4.5,xloopA_0Ba,xloopA_0Bb,6203.5,6256.9,53.4,84.2,5.7,0
4473,suv,4.8,road_loopA_f0,road_loopA_f1,6154.5,6259.1,104.6,1302.9,44.8,0
4539,car,4.5,xloopA_0Ba,xloopA_0Bb,6210.4,6259.3,48.9,84.6,6.2,0
4485,car,4.5,road_loopA_f0,road_loopA_f1,6164.8,6267.2,102.4,1303.5,45.8,0
4493,suv,4.8,road_loopA_f0,road_loopA_f1,6176.1,6268.0,91.9,1303.5,51.1,0
4495,suv,4.8,road_loopA_f0,road_loopA_f1,6177.0,6269.7,92.7,1303.4,50.6,0
4496,car,4.5,road_loopA_f0,road_loopA_f1,6178.8,6271.7,92.9,1303.4,50.5,0
4480,suv,4.8,road_loopA_f0,road_loopA_f1,6162.4,6273.5,111.1,1303.8,42.3,0
4525,truck,8.5,road_loopA_f0,xloopA_0Bb,6200.5,6274.7,74.2,479.0,23.3,2
4487,truck,8.5,road_loopA_f0,road_loopA_f1,6169.4,6274.9,105.5,1304.1,44.5,0
4479,car,4.5,road_loopA_f0,road_loopA_f1,6159.6,6275.0,115.4,1303.2,40.7,0
4486,car,4.5,road_loopA_f0,road_loopA_f1,6168.7,6275.1,106.4,1302.9,44.1,0
4488,car,4.5,road_loopA_f0,road_loopA_f1,6171.3,6276.9,105.6,1303.8,44.4,0
4494,truck,8.5,road_loopA_f0,road_loopA_f1,6176.2,6279.0,102.8,1303.3,45.6,0
4466,bus,11.0,road_loopA_f0,road_loopA_f1,6150.7,6285.9,135.2,1303.7,34.7,1
4443,bus,11.0,road_loopA_f0,road_loopA_f1,6125.4,6287.1,161.7,1303.1,29.0,2
4481,car,4.5,road_loopA_r0,road_loopA_r1,6162.9,6290.6,127.7,1297.4,36.6,1
4518,car,4.5,road_loopA_r0,xloopA_0Ab,6196.7,6293.2,96.5,869.2,32.4,1
4474,car,4.5,road_loopA_r0,road_loopA_r1,6155.5,6294.8,139.3,1298.4,33.5,1
4489,car,4.5,road_loopA_r0,road_loopA_r1,6172.2,6298.2,126.0,1298.5,37.1,1
4506,car,4.5,road_loopA_r0,road_loopA_r1,6190.4,6300.5,110.1,1298.1,42.4,1
4484,truck,8.5,road_loopA_r0,road_loopA_r1,6164.3,6300.6,136.3,1297.6,34.3,1
4592,car,4.5,road_loopA_f0,xloopA_0Bb,6257.4,6302.6,45.2,478.9,38.2,0
4516,car,4.5,road_loopA_r0,road_loopA_r1,6196.0,6305.3,109.3,1298.2,42.8,0
4502,suv,4.8,road_loopA_r0,road_loopA_r1,6187.4,6305.6,118.2,1297.6,39.5,0
4540,car,4.5,road_loopA_r0,road_loopA_r1,6210.8,6306.7,95.9,1298.6,48.8,0
4543,car,4.5,road_loopA_r0,road_loopA_r1,6213.0,6307.4,94.4,1298.5,49.5,0
4534,car,4.5,road_loopA_r0,road_loopA_r1,6204.9,6308.9,104.0,1298.4,44.9,0
4464,car,4.5,road_loopA_r0,road_loopA_r1,6148.0,6309.8,161.8,1298.1,28.9,1
4531,car,4.5,road_loopA_r0,road_loopA_r1,6203.0,6310.8,107.8,1297.7,43.3,0
4501,car,4.5,road_loopA_r0,road_loopA_r1,6187.1,6311.5,124.4,1298.5,37.6,1
4510,car,4.5,road_loopA_r0,road_loopA_r1,6192.6,6312.0,119.4,1297.7,39.1,1
4542,suv,4.8,road_loopA_r0,road_loopA_r1,6212.7,6313.4,100.7,1298.0,46.4,0
4517,car,4.5,road_loopA_r0,road_loopA_r1,6196.1,6313.8,117.7,1298.2,39.7,0
4528,suv,4.8,road_loopA_r0,road_loopA_r1,6202.5,6315.5,113.0,1297.9,41.4,0
4546,suv,4.8,road_loopA_r0,road_loopA_r1,6218.0,6315.7,97.7,1297.4,47.8,0
4509,car,4.5,road_loopA_r0,road_loopA_r1,6191.9,6315.9,124.0,1298.2,37.7,0
4547,suv,4.8,road_loopA_r0,road_loopA_r1,6218.3,6317.4,99.1,1297.3,47.1,0
4536,car,4.5,road_loopA_r0,road_loopA_r1,6206.2,6317.6,111.4,1297.8,42.0,0
4553,car,4.5,road_loopA_r0,road_loopA_r1,6225.8,6318.9,93.1,1298.6,50.2,0
4541,truck,8.5,road_loopA_r0,road_loopA_r1,6212.5,6320.4,107.9,1298.4,43.3,0
4557,suv,4.8,road_loopA_r0,road_loopA_r1,6226.9,6320.6,93.7,1298.4,49.9,0
4499,car,4.5,road_loopA_f0,road_loopA_f1,6184.6,6320.7,136.1,1303.4,34.5,1
4558,truck,8.5,road_loopA_r0,road_loopA_r1,6227.7,6322.3,94.6,1297.7,49.4,0
4556,car,4.5,road_loopA_r0,road_loopA_r1,6226.8,6322.8,96.0,1298.5,48.7,0
128,tram,34.0,loopB,loopB,2235.9,6323.3,4087.4,33672.5,29.7,40
4503,car,4.5,road_loopA_f0,road_loopA_f1,6188.0,6323.3,135.3,1304.0,34.7,1
4562,car,4.5,road_loopA_r0,road_loopA_r1,6231.4,6324.4,93.0,1297.3,50.2,0
4581,car,4.5,road_loopA_r0,xloopA_0Ab,6250.8,6324.4,73.6,869.0,42.5,0
4498,suv,4.8,road_loopA_f0,road_loopA_f1,6180.6,6324.5,143.9,1303.9,32.6,1
4519,car,4.5,road_loopA_f0,road_loopA_f1,6198.1,6327.6,129.5,1303.5,36.2,1
4523,car,4.5,road_loopA_f0,road_loopA_f1,6200.4,6330.3,129.9,1303.6,36.1,1
4505,car,4.5,road_loopA_f0,road_loopA_f1,6189.4,6331.2,141.8,1304.0,33.1,1
4563,car,4.5,road_loopA_r0,road_loopA_r1,6231.8,6331.4,99.6,1297.7,46.9,0
4571,car,4.5,road_loopA_r0,road_loopA_r1,6241.6,6331.8,90.2,1297.5,51.8,0
4527,car,4.5,road_loopA_f0,road_loopA_f1,6202.5,6332.1,129.6,1303.5,36.2,1
4508,car,4.5,road_loopA_f0,road_loopA_f1,6191.9,6332.9,141.0,1303.2,33.3,1
4560,truck,8.5,road_loopA_r0,road_loopA_r1,6228.2,6333.1,104.9,1298.0,44.6,0
4573,car,4.5,road_loopA_r0,road_loopA_r1,6242.7,6334.2,91.5,1297.6,51.0,0
4500,truck,8.5,road_loopA_f0,road_loopA_f1,6186.9,6334.4,147.5,1303.0,31.8,1
4530,suv,4.8,road_loopA_f0,road_loopA_f1,6202.9,6335.0,132.1,1302.9,35.5,1
4630,car,4.5,road_loopA_f0,xloopA_0Bb,6294.8,6335.2,40.4,478.8,42.6,0
4535,car,4.5,road_loopA_f0,road_loopA_f1,6206.2,6336.8,130.6,1304.1,35.9,1
4538,car,4.5,road_loopA_f0,road_loopA_f1,6208.4,6338.5,130.1,1303.6,36.1,1
4548,suv,4.8,road_loopA_r0,road_loopA_r1,6220.8,6339.6,118.8,1297.3,39.3,0
4545,car,4.5,road_loopA_f0,road_loopA_f1,6217.5,6340.2,122.7,1302.8,38.2,1
4552,car,4.5,road_loopA_f0,road_loopA_f1,6224.7,6340.5,115.8,1304.2,40.5,1
4559,suv,4.8,road_loopA_f0,road_loopA_f1,6228.1,6342.2,114.1,1304.2,41.1,0
4564,car,4.5,road_loopA_f0,road_loopA_f1,6232.7,6344.9,112.2,1304.1,41.8,1
4381,suv,4.8,road_loopA_r0,xloopA_0Bb,6083.9,6345.1,261.2,895.2,12.3,2
4550,car,4.5,road_loopA_f0,xloopA_0Ab,6222.8,6345.7,122.9,505.1,14.8,1
4584,car,4.5,road_loopA_r0,road_loopA_r1,6252.4,6346.3,93.9,1298.2,49.8,0
4566,car,4.5,road_loopA_f0,road_loopA_f1,6235.6,6346.5,110.9,1303.9,42.3,0
4446,car,4.5,road_loopA_r0,xloopA_0Bb,6126.6,6347.8,221.2,895.8,14.6,2
4570,suv,4.8,road_loopA_f0,road_loopA_f1,6241.6,6348.2,106.6,1303.8,44.0,0
4574,car,4.5,road_loopA_r0,road_loopA_r1,6247.2,6348.3,101.1,1298.2,46.2,0
4607,suv,4.8,road_loopA_f0,xloopA_0Ab,6269.3,6348.4,79.1,505.6,23.0,1
4578,car,4.5,road_loopA_r0,road_loopA_r1,6249.5,6348.9,99.4,1298.5,47.0,0
4576,car,4.5,road_loopA_f0,road_loopA_f1,6248.5,6350.1,101.6,1303.9,46.2,0
4465,car,4.5,road_loopA_r0,xloopA_0Bb,6150.2,6350.4,200.2,895.5,16.1,1
4577,suv,4.8,road_loopA_r0,road_loopA_r1,6248.6,6350.5,101.9,1297.8,45.8,0
4632,suv,4.8,road_loopA_f0,xloopA_0Ab,6295.8,6351.1,55.3,505.3,32.9,0
4582,car,4.5,road_loopA_f0,road_loopA_f1,6251.1,6351.9,100.8,1303.5,46.6,0
4583,car,4.5,road_loopA_r0,road_loopA_r1,6251.5,6352.0,100.5,1298.2,46.5,0
4504,car,4.5,road_loopA_r0,xloopA_0Bb,6189.2,6353.1,163.9,895.7,19.7,1
4586,car,4.5,road_loopA_f0,road_loopA_f1,6254.1,6353.7,99.6,1303.6,47.1,0
4588,suv,4.8,road_loopA_f0,road_loopA_f1,6256.4,6355.6,99.2,1303.5,47.3,0
4526,car,4.5,road_loopA_r0,xloopA_0Bb,6202.0,6355.7,153.7,895.4,21.0,1
4594,truck,8.5,road_loopA_r0,road_loopA_r1,6260.6,6356.8,96.2,1297.9,48.6,0
4591,car,4.5,road_loopA_f0,road_loopA_f1,6257.3,6356.9,99.6,1304.2,47.2,0
4590,car,4.5,road_loopA_f0,road_loopA_f1,6256.9,6359.6,102.7,1303.3,45.7,0
4597,car,4.5,road_loopA_r0,road_loopA_r1,6266.2,6360.4,94.2,1298.0,49.6,0
4596,car,4.5,road_loopA_f0,road_loopA_f1,6265.7,6361.3,95.6,1303.4,49.1,0
4666,car,4.5,xloopA_0Aa,xloopA_0Ab,6324.0,6362.0,38.0,84.1,8.0,1
4549,car,4.5,road_loopA_f0,road_loopA_f1,6221.0,6363.1,142.1,1303.4,33.0,1
4567,car,4.5,xloopA_0Ba,xloopA_0Bb,6238.5,6363.1,124.6,84.5,2.4,1
4601,car,4.5,road_loopA_r0,road_loopA_r1,6268.1,6363.6,95.5,1298.2,49.0,0
4579,car,4.5,xloopA_0Ba,xloopA_0Bb,6250.0,6365.1,115.1,84.5,2.6,1
4537,car,4.5,road_loopA_f0,road_loopA_f1,6206.6,6366.1,159.5,1304.1,29.4,1
4589,car,4.5,xloopA_0Ba,xloopA_0Bb,6256.5,6367.1,110.6,84.0,2.7,1
4544,car,4.5,road_loopA_f0,road_loopA_f1,6213.8,6367.8,154.0,1302.9,30.5,1
4705,car,4.5,xloopA_0Aa,xloopA_0Ab,6357.2,6368.0,10.8,84.2,27.9,0
4602,car,4.5,xloopA_0Ba,xloopA_0Bb,6268.3,6369.5,101.2,84.1,3.0,0
4507,suv,4.8,road_loopA_f0,road_loopA_f1,6190.7,6370.8,180.1,1303.5,26.1,1
4663,car,4.5,xloopA_0Ba,xloopA_0Bb,6321.9,6371.5,49.6,84.1,6.1,0
4561,car,4.5,road_loopA_f0,road_loopA_f1,6229.6,6371.7,142.1,1303.1,33.0,0
4604,truck,8.5,road_loopA_f0,road_loopA_f1,6268.8,6373.4,104.6,1303.6,44.8,0
4600,car,4.5,road_loopA_f0,road_loopA_f1,6267.8,6373.5,105.7,1303.3,44.4,0
4616,suv,4.8,road_loopA_f0,road_loopA_f1,6279.8,6374.8,95.0,1303.0,49.4,0
4609,car,4.5,road_loopA_f0,road_loopA_f1,6270.6,6375.2,104.6,1303.2,44.8,0
4614,car,4.5,road_loopA_f0,road_loopA_f1,6277.4,6375.9,98.5,1302.8,47.6,0
4555,car,4.5,road_loopA_f0,road_loopA_f1,6226.7,6378.8,152.1,1303.6,30.9,0
4575,car,4.5,road_loopA_r0,xloopA_0Ab,6247.8,6378.8,131.0,868.9,23.9,2
4618,car,4.5,road_loopA_f0,road_loopA_f1,6281.5,6379.9,98.4,1302.8,47.7,0
4580,car,4.5,road_loopA_f0,road_loopA_f1,6250.7,6380.5,129.8,1303.0,36.1,0
4617,suv,4.8,road_loopA_f0,road_loopA_f1,6281.2,6382.4,101.2,1304.1,46.4,0
4608,car,4.5,road_loopA_f0,road_loopA_f1,6269.9,6382.5,112.6,1303.8,41.7,0
4674,car,4.5,road_loopA_f0,xloopA_0Bb,6331.7,6384.7,53.0,478.8,32.5,1
4513,suv,4.8,road_loopA_f0,road_loopA_f1,6193.0,6385.2,192.2,1303.8,24.4,1
4603,car,4.5,road_loopA_f0,road_loopA_f1,6268.5,6385.6,117.1,1303.0,40.1,0
4490,car,4.5,xloopA_0Ba,road_loopA_f1,6172.4,6385.7,213.3,902.8,15.2,0
4615,car,4.5,road_loopA_r0,xloopA_0Ab,6278.9,6387.2,108.3,869.0,28.9,2
4521,car,4.5,xloopA_0Ba,road_loopA_f1,6199.0,6387.8,188.8,902.7,17.2,0
4511,truck,8.5,road_loopA_f0,road_loopA_f1,6192.8,6388.2,195.4,1303.4,24.0,1
4680,car,4.5,road_loopA_f0,xloopA_0Bb,6335.2,6388.3,53.1,478.7,32.5,0
4625,car,4.5,road_loopA_f0,road_loopA_f1,6289.6,6388.9,99.3,1303.3,47.3,0
4554,car,4.5,xloopA_0Ba,road_loopA_f1,6226.0,6389.9,163.9,902.6,19.8,0
4524,car,4.5,road_loopA_f0,road_loopA_f1,6200.5,6390.2,189.7,1303.9,24.8,1
4512,car,4.5,road_loopA_f0,road_loopA_f1,6193.0,6391.7,198.7,1303.4,23.6,1
4599,car,4.5,road_loopA_f0,road_loopA_f1,6267.5,6391.8,124.3,1303.9,37.8,0
4520,suv,4.8,road_loopA_f0,road_loopA_f1,6198.2,6393.1,194.9,1303.8,24.1,1
4514,car,4.5,road_loopA_f0,road_loopA_f1,6193.6,6393.3,199.7,1302.8,23.5,1
4627,truck,8.5,road_loopA_f0,road_loopA_f1,6292.6,6393.5,100.9,1303.1,46.5,0
4529,suv,4.8,road_loopA_f0,road_loopA_f1,6202.9,6395.0,192.1,1303.5,24.4,1
4533,car,4.5,road_loopA_f0,road_loopA_f1,6203.8,6396.2,192.4,1303.0,24.4,1
4565,truck,8.5,road_loopA_f0,road_loopA_f1,6233.5,6396.7,163.2,1302.9,28.7,1
4629,truck,8.5,road_loopA_f0,road_loopA_f1,6294.1,6398.7,104.6,1303.1,44.9,0
4568,truck,8.5,road_loopA_f0,road_loopA_f1,6240.2,6398.9,158.7,1303.1,29.6,0
4587,car,4.5,road_loopA_f0,road_loopA_f1,6255.1,6399.0,143.9,1303.5,32.6,0
4585,car,4.5,road_loopA_f0,road_loopA_f1,6253.1,6401.0,147.9,1303.7,31.7,0
4613,car,4.5,road_loopA_r0,road_loopA_r1,6276.5,6404.1,127.6,1298.1,36.6,1
4598,truck,8.5,road_loopA_r0,road_loopA_r1,6266.8,6409.2,142.4,1297.9,32.8,1
4605,car,4.5,road_loopA_r0,road_loopA_r1,6268.9,6409.7,140.8,1297.4,33.2,1
4606,suv,4.8,road_loopA_r0,road_loopA_r1,6269.0,6410.1,141.1,1298.4,33.1,1
4619,car,4.5,road_loopA_r0,road_loopA_r1,6283.1,6412.4,129.3,1298.6,36.2,1
4595,car,4.5,road_loopA_r0,road_loopA_r1,6264.6,6413.6,149.0,1297.9,31.4,1
4622,car,4.5,road_loopA_r0,road_loopA_r1,6285.1,6414.1,129.0,1297.5,36.2,1
4624,car,4.5,road_loopA_r0,road_loopA_r1,6287.3,6415.6,128.3,1298.1,36.4,1
4633,car,4.5,road_loopA_r0,road_loopA_r1,6296.9,6417.2,120.3,1297.3,38.8,1
9,tram,34.0,loopA,loopA,1975.1,6418.6,4443.5,33702.1,27.3,41
4640,car,4.5,road_loopA_r0,road_loopA_r1,6303.1,6419.2,116.1,1297.8,40.3,1
4642,suv,4.8,road_loopA_r0,road_loopA_r1,6305.0,6421.1,116.1,1298.0,40.3,1
4639,suv,4.8,road_loopA_r0,xloopA_0Ab,6303.0,6421.9,118.9,868.8,26.3,1
4647,suv,4.8,road_loopA_r0,road_loopA_r1,6311.2,6422.5,111.3,1297.5,42.0,1
4628,car,4.5,road_loopA_r0,road_loopA_r1,6292.7,6423.7,131.0,1298.2,35.7,1
4593,car,4.5,xloopA_0Aa,road_loopA_r1,6259.7,6424.4,164.7,506.8,11.1,1
4650,suv,4.8,road_loopA_r0,road_loopA_r1,6311.9,6425.0,113.1,1297.7,41.3,0
4612,car,4.5,road_loopA_r0,road_loopA_r1,6275.3,6426.1,150.8,1297.5,31.0,1
4660,car,4.5,road_loopA_r0,road_loopA_r1,6320.4,6426.9,106.5,1298.5,43.9,0
4641,suv,4.8,road_loopA_r0,road_loopA_r1,6304.2,6427.0,122.8,1297.4,38.0,1
4620,suv,4.8,road_loopA_r0,road_loopA_r1,6283.6,6427.8,144.2,1297.7,32.4,1
4655,car,4.5,road_loopA_r0,road_loopA_r1,6315.1,6428.5,113.4,1297.6,41.2,0
4623,car,4.5,road_loopA_r0,road_loopA_r1,6286.4,6429.5,143.1,1298.2,32.7,1
4637,car,4.5,road_loopA_r0,road_loopA_r1,6301.0,6431.2,130.2,1297.4,35.9,1
4648,truck,8.5,road_loopA_r0,road_loopA_r1,6311.3,6431.4,120.1,1297.5,38.9,0
4654,car,4.5,road_loopA_r0,road_loopA_r1,6314.7,6432.1,117.4,1298.3,39.8,0
4658,suv,4.8,road_loopA_r0,road_loopA_r1,6318.9,6433.1,114.2,1298.5,40.9,0
4662,car,4.5,road_loopA_r0,road_loopA_r1,6320.5,6433.8,113.3,1298.4,41.3,0
4667,car,4.5,road_loopA_r0,road_loopA_r1,6324.1,6434.0,109.9,1298.7,42.5,0
4743,suv,4.8,road_loopA_f0,xloopA_0Bb,6391.3,6434.5,43.2,478.9,39.9,0
4659,car,4.5,road_loopA_r0,road_loopA_r1,6319.5,6434.9,115.4,1297.7,40.5,0
4681,car,4.5,road_loopA_r0,road_loopA_r1,6335.4,6435.7,100.3,1298.3,46.6,0
4668,car,4.5,road_loopA_r0,road_loopA_r1,6324.4,6436.7,112.3,1298.4,41.6,0
4661,suv,4.8,road_loopA_r0,road_loopA_r1,6320.4,6438.6,118.2,1297.7,39.5,0
4673,suv,4.8,road_loopA_r0,road_loopA_r1,6330.8,6438.9,108.1,1297.5,43.2,0
4672,car,4.5,road_loopA_r0,road_loopA_r1,6330.2,6440.4,110.2,1298.3,42.4,0
4693,car,4.5,road_loopA_r0,road_loopA_r1,6348.7,6441.4,92.7,1298.2,50.4,0
4678,suv,4.8,road_loopA_r0,road_loopA_r1,6332.4,6441.8,109.4,1297.9,42.7,0
4677,suv,4.8,road_loopA_r0,road_loopA_r1,6332.4,6442.2,109.8,1298.6,42.6,0
4684,car,4.5,road_loopA_r0,road_loopA_r1,6338.8,6443.6,104.8,1298.0,44.6,0
4645,bus,11.0,road_loopA_r0,road_loopA_r1,6308.9,6444.0,135.1,1298.2,34.6,1
4679,car,4.5,road_loopA_r0,road_loopA_r1,6335.0,6444.0,109.0,1298.5,42.9,0
4635,truck,8.5,road_loopA_f0,road_loopA_f1,6297.6,6445.4,147.8,1303.4,31.7,1
4695,car,4.5,road_loopA_r0,road_loopA_r1,6352.4,6445.4,93.0,1298.6,50.3,0
4697,car,4.5,road_loopA_r0,road_loopA_r1,6353.1,6445.8,92.7,1297.5,50.4,0
4634,suv,4.8,road_loopA_f0,road_loopA_f1,6297.6,6446.2,148.6,1303.8,31.6,1
4686,truck,8.5,road_loopA_r0,road_loopA_r1,6340.3,6446.4,106.1,1298.3,44.0,0
4696,car,4.5,road_loopA_r0,road_loopA_r1,6352.7,6447.5,94.8,1298.1,49.3,0
4646,truck,8.5,road_loopA_f0,road_loopA_f1,6310.6,6448.3,137.7,1303.2,34.1,1
4692,car,4.5,road_loopA_r0,road_loopA_r1,6347.0,6448.5,101.5,1297.8,46.0,0
4657,car,4.5,road_loopA_f0,road_loopA_f1,6318.3,6449.8,131.5,1303.8,35.7,1
4703,car,4.5,road_loopA_r0,road_loopA_r1,6356.2,6451.2,95.0,1298.2,49.2,0
4698,suv,4.8,road_loopA_r0,road_loopA_r1,6353.0,6451.4,98.4,1298.0,47.5,0
4669,truck,8.5,road_loopA_f0,road_loopA_f1,6324.5,6451.7,127.2,1303.2,36.9,1
4709,car,4.5,road_loopA_r0,road_loopA_r1,6359.6,6453.1,93.5,1298.6,50.0,0
4676,car,4.5,road_loopA_f0,road_loopA_f1,6332.3,6453.8,121.5,1302.9,38.6,1
4685,suv,4.8,road_loopA_f0,road_loopA_f1,6339.4,6455.8,116.4,1304.0,40.3,0
4636,car,4.5,road_loopA_f0,road_loopA_f1,6300.4,6455.9,155.5,1303.6,30.2,1
4626,suv,4.8,road_loopA_f0,road_loopA_f1,6291.2,6456.6,165.4,1303.7,28.4,1
4689,truck,8.5,road_loopA_f0,road_loopA_f1,6344.0,6457.9,113.9,1303.4,41.2,0
4712,car,4.5,road_loopA_r0,road_loopA_r1,6362.9,6458.4,95.5,1298.2,48.9,0
4710,suv,4.8,road_loopA_r0,road_loopA_r1,6361.0,6458.5,97.5,1298.3,48.0,0
4653,car,4.5,road_loopA_f0,road_loopA_f1,6313.7,6458.6,144.9,1303.4,32.4,1
4551,truck,8.5,road_loopA_r0,xloopA_0Bb,6223.8,6459.3,235.5,895.2,13.7,2
4706,suv,4.8,road_loopA_r0,road_loopA_r1,6358.5,6459.6,101.1,1297.3,46.2,0
4652,truck,8.5,road_loopA_f0,xloopA_0Ab,6313.5,6459.9,146.4,504.9,12.4,1
4671,car,4.5,road_loopA_f0,road_loopA_f1,6327.9,6460.0,132.1,1303.7,35.5,1
4675,car,4.5,road_loopA_f0,road_loopA_f1,6332.2,6460.0,127.8,1303.6,36.7,1
4665,suv,4.8,road_loopA_f0,road_loopA_f1,6322.5,6461.2,138.7,1303.7,33.8,1
4700,car,4.5,road_loopA_f0,road_loopA_f1,6353.8,6461.2,107.4,1303.1,43.7,0
4718,suv,4.8,road_loopA_r0,road_loopA_r1,6367.6,6461.4,93.8,1298.4,49.8,0
4572,car,4.5,road_loopA_r0,xloopA_0Bb,6242.1,6462.3,220.2,895.5,14.6,2
4664,suv,4.8,road_loopA_f0,xloopA_0Ab,6322.0,6462.9,140.9,505.2,12.9,1
4722,car,4.5,road_loopA_r0,road_loopA_r1,6369.3,6463.1,93.8,1297.8,49.8,0
4683,car,4.5,xloopA_0Aa,road_loopA_f1,6337.4,6463.2,125.8,872.7,25.0,1
4691,car,4.5,road_loopA_f0,road_loopA_f1,6346.9,6463.3,116.4,1302.9,40.3,0
4690,truck,8.5,road_loopA_f0,road_loopA_f1,6345.1,6463.4,118.3,1303.0,39.7,0
4729,car,4.5,road_loopA_r0,road_loopA_r1,6374.3,6464.1,89.8,1298.0,52.0,0
4638,car,4.5,road_loopA_f0,road_loopA_f1,6302.6,6464.8,162.2,1303.2,28.9,1
4569,car,4.5,road_loopA_r0,xloopA_0Bb,6241.0,6465.0,224.0,895.7,14.4,2
4704,car,4.5,road_loopA_f0,road_loopA_f1,6356.8,6465.1,108.3,1303.1,43.3,0
4694,suv,4.8,road_loopA_f0,xloopA_0Ab,6352.1,6465.6,113.5,504.9,16.0,1
4688,car,4.5,road_loopA_f0,road_loopA_f1,6344.0,6465.9,121.9,1303.0,38.5,0
4643,car,4.5,road_loopA_f0,road_loopA_f1,6305.4,6466.5,161.1,1304.0,29.1,1
4716,car,4.5,road_loopA_r0,road_loopA_r1,6366.6,6467.0,100.4,1297.7,46.5,0
4714,truck,8.5,road_loopA_f0,road_loopA_f1,6365.6,6467.3,101.7,1303.8,46.2,0
4610,car,4.5,road_loopA_r0,xloopA_0Bb,6271.3,6467.6,196.3,895.4,16.4,1
4699,car,4.5,road_loopA_f0,road_loopA_f1,6353.2,6467.6,114.4,1303.1,41.0,0
4711,truck,8.5,road_loopA_r0,road_loopA_r1,6362.0,6467.6,105.6,1297.4,44.2,0
4644,car,4.5,road_loopA_f0,road_loopA_f1,6308.2,6468.1,159.9,1303.3,29.3,1
4750,suv,4.8,road_loopA_f0,xloopA_0Ab,6397.1,6468.4,71.3,505.7,25.5,1
4611,bus,11.0,road_loopA_r0,road_loopA_r1,6273.4,6469.2,195.8,1297.4,23.9,3
4719,truck,8.5,road_loopA_f0,road_loopA_f1,6368.5,6469.8,101.3,1303.6,46.3,0
4649,suv,4.8,road_loopA_f0,road_loopA_f1,6311.5,6469.9,158.4,1303.4,29.6,1
4702,suv,4.8,road_loopA_f0,road_loopA_f1,6354.1,6470.7,116.6,1303.7,40.2,0
4733,car,4.5,road_loopA_r0,road_loopA_r1,6377.7,6470.7,93.0,1297.5,50.2,0
4725,truck,8.5,road_loopA_r0,road_loopA_r1,6370.2,6471.7,101.5,1297.3,46.0,0
4656,car,4.5,road_loopA_f0,road_loopA_f1,6315.6,6471.8,156.2,1303.8,30.0,1
4724,suv,4.8,road_loopA_f0,road_loopA_f1,6370.2,6471.8,101.6,1303.2,46.2,0
4708,car,4.5,road_loopA_f0,road_loopA_f1,6359.5,6472.5,113.0,1303.6,41.5,0
4670,car,4.5,road_loopA_f0,road_loopA_f1,6325.9,6473.6,147.7,1304.0,31.8,1
4727,suv,4.8,road_loopA_f0,road_loopA_f1,6373.3,6473.6,100.3,1303.0,46.8,0
4728,suv,4.8,road_loopA_r0,road_loopA_r1,6373.6,6473.8,100.2,1298.5,46.6,0
4715,car,4.5,xloopA_0Ba,xloopA_0Bb,6366.5,6474.0,107.5,84.7,2.8,1
4721,car,4.5,road_loopA_f0,road_loopA_f1,6369.2,6474.2,105.0,1303.6,44.7,0
4773,car,4.5,xloopA_0Aa,xloopA_0Ab,6417.0,6474.4,57.4,84.2,5.3,1
4723,car,4.5,road_loopA_r0,road_loopA_r1,6369.7,6474.9,105.2,1297.3,44.4,0
4738,car,4.5,road_loopA_r0,road_loopA_r1,6386.0,6475.3,89.3,1297.9,52.3,0
4682,car,4.5,road_loopA_f0,road_loopA_f1,6335.7,6475.4,139.7,1302.9,33.6,1
4731,car,4.5,road_loopA_f0,road_loopA_f1,6375.3,6475.9,100.6,1303.1,46.6,0
4701,car,4.5,road_loopA_f0,road_loopA_f1,6353.9,6477.2,123.3,1303.7,38.0,0
4734,car,4.5,road_loopA_f0,road_loopA_f1,6381.2,6477.2,96.0,1303.3,48.9,0
4751,car,4.5,xloopA_0Ba,xloopA_0Bb,6399.0,6477.2,78.2,84.4,3.9,1
4740,car,4.5,road_loopA_f0,road_loopA_f1,6387.6,6478.1,90.5,1303.2,51.8,0
4707,car,4.5,road_loopA_f0,road_loopA_f1,6358.8,6478.5,119.7,1303.9,39.2,0
4785,car,4.5,xloopA_0Aa,xloopA_0Ab,6426.9,6480.6,53.7,84.0,5.6,0
4713,suv,4.8,road_loopA_f0,road_loopA_f1,6363.2,6480.7,117.5,1303.4,39.9,0
4736,car,4.5,road_loopA_f0,road_loopA_f1,6382.4,6481.0,98.6,1304.0,47.6,0
4717,car,4.5,road_loopA_f0,road_loopA_f1,6367.4,6481.3,113.9,1303.8,41.2,0
4726,car,4.5,road_loopA_f0,road_loopA_f1,6371.3,6481.6,110.3,1303.9,42.6,0
4720,car,4.5,road_loopA_r0,road_loopA_r1,6368.5,6482.3,113.8,1298.3,41.1,0
4730,truck,8.5,road_loopA_f0,road_loopA_f1,6374.7,6483.7,109.0,1303.9,43.0,0
4789,car,4.5,xloopA_0Aa,xloopA_0Ab,6428.6,6483.7,55.1,84.3,5.5,0
4748,car,4.5,road_loopA_f0,road_loopA_f1,6395.4,6484.8,89.4,1303.1,52.4,0
4747,car,4.5,road_loopA_f0,road_loopA_f1,6395.3,6487.5,92.2,1304.1,50.9,0
4754,car,4.5,road_loopA_f0,road_loopA_f1,6401.3,6490.7,89.4,1303.0,52.5,0
4757,car,4.5,road_loopA_f0,road_loopA_f1,6402.5,6495.0,92.5,1303.9,50.7,0
4687,bus,11.0,road_loopA_r0,road_loopA_r1,6340.2,6496.8,156.6,1297.6,29.8,2
4761,car,4.5,road_loopA_f0,road_loopA_f1,6405.9,6497.7,91.8,1303.2,51.1,0
4765,car,4.5,road_loopA_f0,road_loopA_f1,6407.9,6499.5,91.6,1303.8,51.2,0
4732,car,4.5,road_loopA_f0,road_loopA_f1,6375.7,6499.6,123.9,1303.6,37.9,0
4759,car,4.5,road_loopA_f0,road_loopA_f1,6404.5,6500.2,95.7,1302.8,49.0,0
4799,truck,8.5,road_loopA_f0,xloopA_0Bb,6440.2,6500.6,60.4,478.6,28.5,0
4749,car,4.5,road_loopA_f0,road_loopA_f1,6396.3,6501.2,104.9,1303.0,44.7,0
4755,car,4.5,road_loopA_f0,road_loopA_f1,6402.1,6502.9,100.8,1302.9,46.5,0
4831,car,4.5,road_loopA_f0,xloopA_0Bb,6464.5,6508.1,43.6,478.8,39.5,0
4741,car,4.5,road_loopA_r0,road_loopA_r1,6387.8,6515.6,127.8,1298.3,36.6,1
4842,car,4.5,road_loopA_f0,xloopA_0Bb,6475.3,6517.2,41.9,478.7,41.1,0
4746,car,4.5,road_loopA_r0,road_loopA_r1,6395.1,6518.3,123.2,1297.9,37.9,1
4744,car,4.5,road_loopA_r0,road_loopA_r1,6391.5,6518.9,127.4,1297.8,36.7,1
4752,suv,4.8,road_loopA_r0,road_loopA_r1,6399.6,6521.1,121.5,1298.1,38.5,1
4753,suv,4.8,road_loopA_r0,road_loopA_r1,6401.0,6522.9,121.9,1297.9,38.3,1
4737,truck,8.5,road_loopA_r0,road_loopA_r1,6385.7,6523.9,138.2,1298.0,33.8,1
4758,car,4.5,road_loopA_r0,road_loopA_r1,6403.9,6525.1,121.2,1298.3,38.6,1
4762,suv,4.8,road_loopA_r0,road_loopA_r1,6406.6,6526.8,120.2,1297.7,38.9,1
4742,car,4.5,xloopA_0Ba,road_loopA_r1,6388.6,6528.4,139.8,476.9,12.3,1
4792,car,4.5,road_loopA_r0,xloopA_0Ab,6432.0,6528.7,96.7,869.1,32.3,1
4767,truck,8.5,road_loopA_r0,road_loopA_r1,6410.2,6530.0,119.8,1298.1,39.0,1
4771,car,4.5,road_loopA_r0,road_loopA_r1,6415.3,6532.0,116.7,1298.2,40.0,1
4788,car,4.5,road_loopA_r0,road_loopA_r1,6428.5,6533.4,104.9,1297.8,44.5,0
4825,truck,8.5,road_loopA_r0,xloopA_0Ab,6459.9,6533.9,74.0,869.1,42.3,0
4745,car,4.5,road_loopA_r0,road_loopA_r1,6392.7,6535.4,142.7,1298.4,32.8,1
4793,car,4.5,road_loopA_r0,road_loopA_r1,6433.9,6536.0,102.1,1298.3,45.8,0
4778,car,4.5,xloopA_0Aa,road_loopA_r1,6420.5,6537.9,117.4,506.8,15.5,1
4802,truck,8.5,road_loopA_r0,road_loopA_r1,6444.5,6537.9,93.4,1297.5,50.0,0
4805,car,4.5,road_loopA_r0,road_loopA_r1,6447.1,6539.5,92.4,1298.7,50.6,0
4739,car,4.5,road_loopA_r0,road_loopA_r1,6386.3,6539.6,153.3,1297.7,30.5,1
4820,suv,4.8,road_loopA_r0,xloopA_0Ab,6458.6,6539.6,81.0,869.0,38.6,1
4769,car,4.5,road_loopA_r0,road_loopA_r1,6412.8,6540.7,127.9,1297.5,36.5,1
4756,truck,8.5,road_loopA_r0,road_loopA_r1,6402.1,6541.9,139.8,1297.3,33.4,1
4804,car,4.5,road_loopA_r0,road_loopA_r1,6445.9,6541.9,96.0,1297.8,48.7,0
4859,car,4.5,road_loopA_f0,xloopA_0Bb,6494.0,6542.0,48.0,478.9,35.9,0
4772,car,4.5,road_loopA_f0,road_loopA_f1,6416.2,6543.1,126.9,1303.6,37.0,1
4817,car,4.5,road_loopA_r0,xloopA_0Ab,6456.2,6543.5,87.3,869.1,35.8,1
4766,car,4.5,road_loopA_r0,road_loopA_r1,6410.1,6543.6,133.5,1297.8,35.0,1
4760,suv,4.8,road_loopA_r0,road_loopA_r1,6404.7,6543.9,139.2,1297.9,33.6,1
4806,truck,8.5,road_loopA_r0,road_loopA_r1,6447.6,6544.1,96.5,1297.7,48.4,0
4797,car,4.5,road_loopA_r0,road_loopA_r1,6436.3,6545.6,109.3,1298.4,42.8,0
4811,car,4.5,road_loopA_r0,road_loopA_r1,6452.1,6546.3,94.2,1298.2,49.6,0
4777,car,4.5,road_loopA_f0,road_loopA_f1,6420.0,6546.6,126.6,1303.5,37.1,1
4787,truck,8.5,road_loopA_r0,road_loopA_r1,6427.6,6546.6,119.0,1298.2,39.3,0
4795,car,4.5,road_loopA_r0,road_loopA_r1,6434.2,6547.5,113.3,1298.2,41.3,0
4814,car,4.5,road_loopA_r0,road_loopA_r1,6454.0,6548.2,94.2,1297.8,49.6,0
4770,truck,8.5,road_loopA_f0,road_loopA_f1,6414.5,6549.0,134.5,1303.9,34.9,1
4776,car,4.5,road_loopA_f0,road_loopA_f1,6417.8,6549.0,131.2,1303.6,35.8,1
4812,suv,4.8,road_loopA_r0,road_loopA_r1,6452.4,6549.2,96.8,1298.1,48.3,0
4822,suv,4.8,road_loopA_r0,road_loopA_r1,6459.2,6551.0,91.8,1298.0,50.9,0
4807,car,4.5,road_loopA_r0,road_loopA_r1,6448.5,6552.3,103.8,1297.4,45.0,0
4790,car,4.5,road_loopA_r0,road_loopA_r1,6428.7,6552.7,124.0,1297.5,37.7,0
4782,suv,4.8,road_loopA_f0,road_loopA_f1,6422.3,6553.3,131.0,1302.8,35.8,1
4826,suv,4.8,road_loopA_r0,road_loopA_r1,6460.6,6553.5,92.9,1297.5,50.3,0
4803,truck,8.5,road_loopA_r0,road_loopA_r1,6445.3,6553.9,108.6,1298.5,43.0,0
4801,car,4.5,road_loopA_r0,road_loopA_r1,6444.3,6554.5,110.2,1298.0,42.4,0
4780,car,4.5,road_loopA_f0,road_loopA_f1,6422.0,6554.9,132.9,1302.9,35.3,1
4815,car,4.5,road_loopA_r0,road_loopA_r1,6454.7,6555.5,100.8,1298.2,46.4,0
4818,car,4.5,road_loopA_r0,road_loopA_r1,6456.8,6557.3,100.5,1298.3,46.5,0
4881,truck,8.5,road_loopA_f0,xloopA_0Bb,6510.6,6558.1,47.5,478.8,36.3,0
4784,car,4.5,road_loopA_f0,road_loopA_f1,6426.9,6558.4,131.5,1303.9,35.7,1
4832,car,4.5,road_loopA_r0,road_loopA_r1,6467.9,6558.8,90.9,1297.8,51.4,0
4775,car,4.5,road_loopA_f0,road_loopA_f1,6417.5,6560.1,142.6,1303.5,32.9,1
4786,car,4.5,road_loopA_f0,road_loopA_f1,6427.5,6561.1,133.6,1304.1,35.1,1
4824,truck,8.5,road_loopA_r0,road_loopA_r1,6459.6,6561.6,102.0,1298.0,45.8,0
4763,bus,11.0,road_loopA_f0,road_loopA_f1,6406.6,6562.5,155.9,1302.9,30.1,2
4808,car,4.5,road_loopA_f0,road_loopA_f1,6448.8,6562.9,114.1,1303.7,41.1,1
4774,car,4.5,xloopA_0Aa,road_loopA_f1,6417.1,6563.3,146.2,872.0,21.5,1
4779,truck,8.5,road_loopA_f0,road_loopA_f1,6421.0,6563.3,142.3,1303.5,33.0,1
4783,car,4.5,road_loopA_f0,road_loopA_f1,6423.1,6565.0,141.9,1303.0,33.1,1
4796,suv,4.8,road_loopA_f0,road_loopA_f1,6435.4,6565.6,130.2,1302.8,36.0,1
4828,suv,4.8,road_loopA_r0,road_loopA_r1,6462.7,6566.6,103.9,1298.5,45.0,0
4791,car,4.5,road_loopA_f0,road_loopA_f1,6429.6,6566.7,137.1,1303.9,34.2,1
4840,car,4.5,road_loopA_r0,road_loopA_r1,6473.3,6566.8,93.5,1298.1,50.0,0
4810,truck,8.5,road_loopA_f0,road_loopA_f1,6451.6,6567.5,115.9,1303.2,40.5,0
4781,truck,8.5,road_loopA_f0,road_loopA_f1,6422.0,6567.9,145.9,1303.2,32.1,1
4816,car,4.5,road_loopA_f0,road_loopA_f1,6455.1,6568.6,113.5,1302.9,41.3,0
4830,truck,8.5,road_loopA_r0,road_loopA_r1,6464.2,6568.7,104.5,1298.4,44.7,0
4846,car,4.5,road_loopA_r0,road_loopA_r1,6477.6,6569.1,91.5,1297.4,51.0,0
4821,car,4.5,road_loopA_f0,road_loopA_f1,6459.0,6569.7,110.7,1303.1,42.4,0
4621,car,4.5,road_loopA_r0,xloopA_0Bb,6284.9,6570.1,285.2,895.5,11.3,2
4829,car,4.5,road_loopA_r0,road_loopA_r1,6463.2,6570.1,106.9,1297.4,43.7,0
4819,car,4.5,road_loopA_f0,road_loopA_f1,6457.4,6570.5,113.1,1302.9,41.5,0
4768,car,4.5,road_loopA_f0,xloopA_0Ab,6412.5,6570.7,158.2,505.3,11.5,1
4838,car,4.5,road_loopA_r0,road_loopA_r1,6471.9,6570.7,98.8,1298.0,47.3,0
4809,car,4.5,road_loopA_f0,road_loopA_f1,6450.2,6571.4,121.2,1303.6,38.7,0
4827,car,4.5,road_loopA_f0,road_loopA_f1,6461.1,6571.5,110.4,1304.2,42.5,0
4843,suv,4.8,road_loopA_r0,road_loopA_r1,6475.4,6572.5,97.1,1298.2,48.1,0
4651,car,4.5,road_loopA_r0,xloopA_0Bb,6312.1,6572.7,260.6,895.5,12.4,2
4823,car,4.5,road_loopA_f0,road_loopA_f1,6459.4,6573.2,113.8,1303.8,41.2,0
4839,car,4.5,road_loopA_f0,xloopA_0Ab,6472.0,6573.3,101.3,505.3,18.0,1
4841,car,4.5,road_loopA_f0,road_loopA_f1,6473.7,6573.8,100.1,1303.6,46.9,0
4845,suv,4.8,road_loopA_r0,road_loopA_r1,6476.4,6574.0,97.6,1298.0,47.9,0
4834,car,4.5,road_loopA_f0,road_loopA_f1,6470.6,6574.2,103.6,1303.2,45.3,0
4851,car,4.5,road_loopA_r0,road_loopA_r1,6484.8,6574.3,89.5,1297.9,52.2,0
4735,car,4.5,road_loopA_r0,xloopA_0Bb,6382.2,6575.4,193.2,895.7,16.7,1
4890,car,4.5,road_loopA_f0,xloopA_0Ab,6513.9,6575.9,62.0,505.1,29.3,0
4837,car,4.5,road_loopA_f0,road_loopA_f1,6471.4,6576.0,104.6,1303.6,44.9,0
4853,car,4.5,road_loopA_r0,road_loopA_r1,6487.2,6577.0,89.8,1297.6,52.0,0
4844,car,4.5,road_loopA_r0,road_loopA_r1,6475.8,6577.2,101.4,1298.2,46.1,0
4800,car,4.5,road_loopA_r0,xloopA_0Bb,6442.8,6578.0,135.2,895.4,23.8,1
4849,suv,4.8,road_loopA_f0,road_loopA_f1,6481.8,6578.1,96.3,1303.6,48.7,0
4833,truck,8.5,road_loopA_f0,road_loopA_f1,6470.5,6579.3,108.8,1303.9,43.1,0
4854,car,4.5,road_loopA_r0,road_loopA_r1,6488.8,6579.3,90.5,1297.7,51.6,0
4813,car,4.5,road_loopA_f0,road_loopA_f1,6452.8,6580.2,127.4,1303.9,36.9,0
4850,suv,4.8,road_loopA_f0,road_loopA_f1,6483.4,6580.5,97.1,1303.5,48.3,0
4847,car,4.5,road_loopA_r0,xloopA_0Bb,6478.2,6580.7,102.5,895.7,31.5,1
4861,car,4.5,road_loopA_r0,road_loopA_r1,6495.4,6585.1,89.7,1297.9,52.1,0
4794,suv,4.8,road_loopA_f0,road_loopA_f1,6434.1,6585.9,151.8,1303.8,30.9,1
4856,car,4.5,xloopA_0Ba,xloopA_0Bb,6489.7,6586.4,96.7,84.5,3.1,1
4798,car,4.5,xloopA_0Ba,road_loopA_f1,6436.9,6586.9,150.0,902.8,21.7,0
4858,car,4.5,road_loopA_f0,road_loopA_f1,6493.0,6587.7,94.7,1304.1,49.6,0
4863,car,4.5,road_loopA_f0,road_loopA_f1,6496.3,6587.7,91.4,1303.5,51.3,0
4876,car,4.5,xloopA_0Aa,xloopA_0Ab,6504.6,6587.8,83.2,84.1,3.6,1
4872,car,4.5,xloopA_0Ba,xloopA_0Bb,6500.3,6588.6,88.3,84.5,3.4,1
4855,car,4.5,road_loopA_r0,road_loopA_r1,6489.0,6588.8,99.8,1297.8,46.8,0
4867,car,4.5,road_loopA_f0,road_loopA_f1,6497.6,6589.4,91.8,1303.8,51.1,0
4888,car,4.5,xloopA_0Aa,xloopA_0Ab,6513.0,6589.8,76.8,84.0,3.9,1
4879,car,4.5,xloopA_0Ba,xloopA_0Bb,6504.9,6590.7,85.8,84.5,3.5,1
4862,truck,8.5,road_loopA_r0,road_loopA_r1,6495.8,6590.9,95.1,1298.5,49.2,0
4868,car,4.5,road_loopA_f0,road_loopA_f1,6497.9,6591.0,93.1,1303.0,50.4,0
4946,car,4.5,xloopA_0Aa,xloopA_0Ab,6569.6,6592.5,22.9,84.5,13.3,0
4835,truck,8.5,road_loopA_r0,road_loopA_r1,6470.9,6592.9,122.0,1298.1,38.3,0
4860,car,4.5,road_loopA_f0,road_loopA_f1,6494.6,6593.9,99.3,1302.9,47.2,0
4964,car,4.5,xloopA_0Ba,xloopA_0Bb,6579.7,6594.3,14.6,84.8,21.0,0
4852,truck,8.5,road_loopA_f0,road_loopA_f1,6485.6,6595.8,110.2,1303.1,42.6,0
4836,truck,8.5,road_loopA_f0,road_loopA_f1,6471.1,6597.4,126.3,1303.3,37.1,0
4865,car,4.5,road_loopA_f0,road_loopA_f1,6496.7,6597.7,101.0,1303.2,46.5,0
4870,suv,4.8,road_loopA_f0,road_loopA_f1,6498.9,6598.3,99.4,1303.4,47.2,0
4874,car,4.5,road_loopA_f0,road_loopA_f1,6502.4,6599.4,97.0,1303.2,48.4,0
4878,suv,4.8,road_loopA_f0,road_loopA_f1,6504.9,6601.6,96.7,1303.9,48.5,0
4880,truck,8.5,road_loopA_f0,road_loopA_f1,6507.8,6603.5,95.7,1303.2,49.0,0
4882,car,4.5,road_loopA_f0,road_loopA_f1,6510.9,6606.0,95.1,1304.0,49.4,0
4891,car,4.5,road_loopA_f0,road_loopA_f1,6514.4,6606.4,92.0,1304.1,51.0,0
4887,suv,4.8,road_loopA_f0,road_loopA_f1,6513.0,6607.8,94.8,1304.2,49.5,0
4895,car,4.5,road_loopA_f0,road_loopA_f1,6518.5,6609.1,90.6,1303.3,51.8,0
4877,suv,4.8,road_loopA_f0,road_loopA_f1,6504.7,6611.2,106.5,1303.4,44.1,0
4898,car,4.5,road_loopA_f0,road_loopA_f1,6522.1,6611.7,89.6,1303.2,52.4,0
4900,car,4.5,road_loopA_f0,xloopA_0Bb,6523.1,6613.6,90.5,478.8,19.0,2
4902,car,4.5,road_loopA_f0,road_loopA_f1,6523.4,6613.7,90.3,1303.7,52.0,0
4897,car,4.5,road_loopA_r0,xloopA_0Ab,6521.9,6615.8,93.9,869.1,33.3,1
4903,suv,4.8,road_loopA_f0,road_loopA_f1,6525.6,6616.2,90.6,1303.7,51.8,0
4927,car,4.5,road_loopA_f0,xloopA_0Bb,6548.5,6617.3,68.8,478.8,25.1,2
4884,car,4.5,road_loopA_f0,road_loopA_f1,6511.9,6619.1,107.2,1303.6,43.8,0
4948,car,4.5,road_loopA_f0,xloopA_0Bb,6570.6,6620.9,50.3,478.8,34.2,0
4962,car,4.5,road_loopA_f0,xloopA_0Bb,6577.6,6624.3,46.7,478.8,36.9,0
4764,bus,11.0,road_loopA_f0,road_loopA_f1,6407.6,6626.1,218.5,1303.4,21.5,3
4869,car,4.5,road_loopA_r0,road_loopA_r1,6498.3,6630.9,132.6,1298.1,35.2,1
4864,truck,8.5,road_loopA_r0,road_loopA_r1,6496.4,6634.3,137.9,1298.4,33.9,1
4873,car,4.5,road_loopA_r0,road_loopA_r1,6500.4,6636.3,135.9,1298.2,34.4,1
4875,car,4.5,road_loopA_r0,road_loopA_r1,6503.2,6637.8,134.6,1297.4,34.7,1
4883,car,4.5,road_loopA_r0,road_loopA_r1,6511.5,6638.8,127.3,1298.5,36.7,1
4886,car,4.5,road_loopA_r0,road_loopA_r1,6512.0,6640.6,128.6,1298.1,36.3,1
4894,car,4.5,road_loopA_r0,road_loopA_r1,6517.3,6642.4,125.1,1297.6,37.3,1
4905,car,4.5,xloopA_0Ba,road_loopA_r1,6529.8,6643.6,113.8,476.3,15.1,0
4866,car,4.5,road_loopA_r0,road_loopA_r1,6496.8,6643.8,147.0,1297.5,31.8,1
4896,car,4.5,road_loopA_r0,road_loopA_r1,6519.5,6644.5,125.0,1297.8,37.4,1
4901,car,4.5,road_loopA_r0,road_loopA_r1,6523.1,6645.6,122.5,1297.3,38.1,1
4885,car,4.5,road_loopA_r0,road_loopA_r1,6512.0,6646.1,134.1,1298.3,34.8,1
4914,suv,4.8,road_loopA_r0,road_loopA_r1,6534.4,6647.4,113.0,1297.4,41.3,1
4857,car,4.5,xloopA_0Aa,road_loopA_r1,6491.2,6647.8,156.6,506.5,11.6,1
4889,car,4.5,road_loopA_r0,road_loopA_r1,6513.6,6647.8,134.2,1297.4,34.8,1
4991,suv,4.8,road_loopA_f0,xloopA_0Bb,6600.7,6647.8,47.1,479.0,36.6,0
4892,suv,4.8,road_loopA_r0,road_loopA_r1,6514.5,6649.5,135.0,1297.3,34.6,1
4911,car,4.5,road_loopA_r0,road_loopA_r1,6532.9,6650.0,117.1,1298.4,39.9,1
4909,car,4.5,xloopA_0Aa,road_loopA_r1,6532.2,6650.7,118.5,507.0,15.4,0
4920,car,4.5,road_loopA_r0,road_loopA_r1,6541.9,6651.2,109.3,1297.4,42.7,0
4913,suv,4.8,road_loopA_r0,road_loopA_r1,6533.9,6651.3,117.4,1298.5,39.8,0
4871,suv,4.8,road_loopA_r0,road_loopA_r1,6499.9,6652.3,152.4,1297.6,30.7,1
4935,car,4.5,road_loopA_r0,xloopA_0Ab,6558.6,6653.0,94.4,869.3,33.2,1
4910,car,4.5,road_loopA_r0,road_loopA_r1,6532.6,6653.1,120.5,1297.7,38.8,0
4921,car,4.5,road_loopA_r0,road_loopA_r1,6542.9,6653.1,110.2,1298.1,42.4,0
4893,car,4.5,road_loopA_r0,road_loopA_r1,6516.6,6654.0,137.4,1297.3,34.0,1
4929,car,4.5,road_loopA_r0,road_loopA_r1,6551.5,6655.1,103.6,1297.4,45.1,0
4899,car,4.5,road_loopA_r0,road_loopA_r1,6522.8,6655.8,133.0,1298.1,35.1,1
4908,truck,8.5,road_loopA_r0,road_loopA_r1,6532.0,6656.2,124.2,1297.4,37.6,0
4940,car,4.5,road_loopA_r0,road_loopA_r1,6562.4,6657.3,94.9,1297.6,49.2,0
4906,car,4.5,road_loopA_f0,road_loopA_f1,6531.1,6657.6,126.5,1303.8,37.1,1
4926,car,4.5,road_loopA_r0,road_loopA_r1,6548.3,6658.5,110.2,1298.4,42.4,0
4916,car,4.5,road_loopA_r0,road_loopA_r1,6539.2,6658.7,119.5,1297.5,39.1,0
4912,car,4.5,road_loopA_f0,road_loopA_f1,6533.4,6659.1,125.7,1303.4,37.3,1
4918,suv,4.8,road_loopA_r0,road_loopA_r1,6541.7,6660.6,118.9,1297.6,39.3,0
4924,suv,4.8,road_loopA_f0,road_loopA_f1,6546.6,6660.6,114.0,1303.6,41.2,1
4922,car,4.5,road_loopA_r0,road_loopA_r1,6543.7,6660.7,117.0,1298.6,39.9,0
4930,car,4.5,road_loopA_r0,road_loopA_r1,6552.5,6661.1,108.6,1297.4,43.0,0
4937,car,4.5,road_loopA_r0,road_loopA_r1,6560.8,6662.9,102.1,1298.6,45.8,0
4925,truck,8.5,road_loopA_r0,road_loopA_r1,6548.1,6664.4,116.3,1297.4,40.2,0
4952,car,4.5,road_loopA_r0,road_loopA_r1,6572.1,6664.8,92.7,1298.1,50.4,0
4932,car,4.5,road_loopA_f0,road_loopA_f1,6554.4,6666.4,112.0,1303.4,41.9,1
4941,car,4.5,road_loopA_r0,road_loopA_r1,6565.4,6666.4,101.0,1297.8,46.3,0
4928,car,4.5,road_loopA_r0,road_loopA_r1,6549.2,6666.5,117.3,1298.3,39.9,0
4949,car,4.5,road_loopA_r0,road_loopA_r1,6570.5,6667.5,97.0,1298.0,48.2,0
4939,car,4.5,road_loopA_r0,road_loopA_r1,6562.0,6668.1,106.1,1298.3,44.0,0
4942,car,4.5,road_loopA_r0,road_loopA_r1,6566.0,6668.1,102.1,1297.5,45.7,0
4907,car,4.5,road_loopA_f0,road_loopA_f1,6531.5,6668.3,136.8,1303.4,34.3,1
4951,car,4.5,road_loopA_f0,road_loopA_f1,6571.8,6668.3,96.5,1303.1,48.6,0
4956,car,4.5,road_loopA_r0,road_loopA_r1,6574.3,6668.6,94.3,1297.7,49.5,0
4944,suv,4.8,road_loopA_r0,road_loopA_r1,6569.0,6669.9,100.9,1297.4,46.3,0
4915,suv,4.8,road_loopA_f0,road_loopA_f1,6537.6,6671.9,134.3,1303.1,34.9,1
4963,suv,4.8,road_loopA_r0,road_loopA_r1,6578.1,6673.0,94.9,1298.4,49.3,0
4950,car,4.5,road_loopA_r0,road_loopA_r1,6570.9,6674.1,103.2,1298.0,45.3,0
4943,car,4.5,road_loopA_f0,road_loopA_f1,6568.2,6674.2,106.0,1303.9,44.3,0
4945,car,4.5,road_loopA_r0,road_loopA_r1,6569.3,6675.2,105.9,1298.3,44.1,0
4958,suv,4.8,road_loopA_f0,road_loopA_f1,6575.6,6675.9,100.3,1303.1,46.8,0
4967,car,4.5,road_loopA_r0,road_loopA_r1,6581.7,6677.0,95.3,1297.5,49.0,0
4968,car,4.5,road_loopA_f0,road_loopA_f1,6582.2,6677.5,95.3,1303.8,49.3,0
4934,suv,4.8,road_loopA_r0,road_loopA_r1,6556.9,6678.4,121.5,1298.2,38.5,0
4966,car,4.5,road_loopA_f0,road_loopA_f1,6580.7,6679.4,98.7,1304.2,47.6,0
4954,car,4.5,road_loopA_r0,road_loopA_r1,6573.0,6679.7,106.7,1297.4,43.8,0
4938,car,4.5,road_loopA_r0,road_loopA_r1,6561.9,6680.2,118.3,1297.5,39.5,0
4969,car,4.5,road_loopA_r0,road_loopA_r1,6582.4,6680.7,98.3,1297.9,47.6,0
4974,suv,4.8,road_loopA_f0,road_loopA_f1,6590.3,6681.2,90.9,1303.0,51.6,0
4960,suv,4.8,road_loopA_r0,road_loopA_r1,6576.8,6682.0,105.2,1297.5,44.4,0
4972,suv,4.8,road_loopA_r0,road_loopA_r1,6583.4,6682.1,98.7,1298.2,47.4,0
4977,car,4.5,road_loopA_r0,road_loopA_r1,6592.2,6682.6,90.4,1298.3,51.7,0
4973,car,4.5,road_loopA_r0,road_loopA_r1,6584.6,6684.2,99.6,1298.4,46.9,0
4965,car,4.5,road_loopA_f0,road_loopA_f1,6580.5,6684.7,104.2,1303.1,45.0,0
4981,car,4.5,road_loopA_r0,road_loopA_r1,6594.6,6685.0,90.4,1298.1,51.7,0
4917,car,4.5,road_loopA_f0,xloopA_0Ab,6539.9,6685.2,145.3,505.4,12.5,1
4975,suv,4.8,road_loopA_r0,road_loopA_r1,6590.9,6685.9,95.0,1297.9,49.2,0
4848,truck,8.5,road_loopA_r0,xloopA_0Bb,6480.2,6686.0,205.8,895.6,15.7,2
4982,car,4.5,road_loopA_r0,road_loopA_r1,6595.8,6686.4,90.6,1297.3,51.5,0
5029,suv,4.8,road_loopA_f0,xloopA_0Ab,6630.7,6687.8,57.1,505.4,31.9,1
4985,car,4.5,road_loopA_r0,road_loopA_r1,6597.7,6688.2,90.5,1298.6,51.6,0
4904,car,4.5,road_loopA_r0,xloopA_0Bb,6527.0,6689.0,162.0,895.7,19.9,1
4919,car,4.5,road_loopA_f0,road_loopA_f1,6541.9,6689.0,147.1,1303.5,31.9,1
4983,suv,4.8,road_loopA_r0,road_loopA_r1,6596.9,6689.2,92.3,1298.1,50.6,0
4955,truck,8.5,road_loopA_f0,road_loopA_f1,6573.9,6689.5,115.6,1303.3,40.6,0
4961,truck,8.5,road_loopA_f0,road_loopA_f1,6576.9,6689.7,112.8,1303.9,41.6,0
4970,car,4.5,road_loopA_r0,xloopA_0Bb,6582.8,6691.6,108.8,895.4,29.6,1
5043,car,4.5,road_loopA_f0,xloopA_0Ab,6645.9,6691.6,45.7,505.3,39.8,0
4953,car,4.5,road_loopA_f0,road_loopA_f1,6572.6,6691.7,119.1,1302.8,39.4,0
4979,suv,4.8,road_loopA_f0,road_loopA_f1,6592.3,6691.7,99.4,1303.7,47.2,0
4993,car,4.5,road_loopA_r0,road_loopA_r1,6603.3,6692.5,89.2,1297.4,52.4,0
4987,suv,4.8,road_loopA_r0,xloopA_0Bb,6599.9,6694.3,94.4,895.7,34.2,1
4971,car,4.5,xloopA_0Ba,road_loopA_f1,6583.0,6694.8,111.8,902.7,29.1,0
4957,truck,8.5,road_loopA_f0,road_loopA_f1,6574.6,6695.1,120.5,1303.8,39.0,0
4976,truck,8.5,road_loopA_f0,road_loopA_f1,6591.2,6695.3,104.1,1303.5,45.1,0
4923,car,4.5,road_loopA_f0,road_loopA_f1,6544.2,6696.4,152.2,1303.1,30.8,1
4994,car,4.5,road_loopA_r0,road_loopA_r1,6606.4,6697.0,90.6,1297.5,51.6,0
4947,car,4.5,road_loopA_f0,road_loopA_f1,6569.7,6697.3,127.6,1304.0,36.8,0
4988,car,4.5,road_loopA_f0,road_loopA_f1,6600.0,6697.4,97.4,1304.1,48.2,0
4989,suv,4.8,road_loopA_r0,road_loopA_r1,6600.0,6697.4,97.4,1297.5,48.0,0
4931,suv,4.8,road_loopA_f0,road_loopA_f1,6553.7,6698.1,144.4,1304.1,32.5,1
4978,car,4.5,road_loopA_f0,road_loopA_f1,6592.3,6698.8,106.5,1303.0,44.0,0
4992,car,4.5,road_loopA_r0,road_loopA_r1,6602.2,6699.2,97.0,1298.2,48.2,0
4980,car,4.5,road_loopA_f0,road_loopA_f1,6594.1,6699.9,105.8,1304.2,44.4,0
4995,car,4.5,road_loopA_r0,road_loopA_r1,6608.0,6700.2,92.2,1297.5,50.7,0
4936,truck,8.5,road_loopA_f0,road_loopA_f1,6560.5,6700.3,139.8,1304.0,33.6,0
4984,car,4.5,xloopA_0Ba,xloopA_0Bb,6597.0,6700.3,103.3,84.2,2.9,1
5014,car,4.5,xloopA_0Aa,xloopA_0Ab,6619.4,6700.6,81.2,84.5,3.7,1
5019,car,4.5,xloopA_0Aa,xloopA_0Ab,6623.2,6702.9,79.7,84.6,3.8,1
4997,car,4.5,road_loopA_f0,road_loopA_f1,6609.6,6703.0,93.4,1303.5,50.3,0
5023,car,4.5,xloopA_0Ba,xloopA_0Bb,6624.9,6703.7,78.8,84.3,3.9,1
4999,car,4.5,road_loopA_f0,road_loopA_f1,6611.5,6704.3,92.8,1302.9,50.6,0
5022,car,4.5,xloopA_0Aa,xloopA_0Ab,6624.4,6705.3,80.9,84.3,3.8,1
4998,car,4.5,road_loopA_f0,road_loopA_f1,6610.8,6707.5,96.7,1304.0,48.5,0
5034,car,4.5,xloopA_0Aa,xloopA_0Ab,6633.9,6707.5,73.6,84.4,4.1,0
5004,car,4.5,road_loopA_f0,road_loopA_f1,6614.4,6708.0,93.6,1303.6,50.1,0
5002,car,4.5,road_loopA_f0,road_loopA_f1,6612.7,6708.3,95.6,1302.9,49.1,0
5009,car,4.5,road_loopA_f0,road_loopA_f1,6617.0,6709.7,92.7,1303.7,50.6,0
5078,car,4.5,xloopA_0Aa,xloopA_0Ab,6675.6,6709.8,34.2,84.6,8.9,0
5016,car,4.5,road_loopA_f0,road_loopA_f1,6620.6,6711.5,90.9,1303.9,51.6,0
5089,car,4.5,xloopA_0Aa,xloopA_0Ab,6684.1,6711.8,27.7,84.8,11.0,0
5093,car,4.5,xloopA_0Ba,xloopA_0Bb,6686.8,6712.2,25.4,84.2,11.9,0
5006,car,4.5,road_loopA_f0,road_loopA_f1,6614.6,6714.2,99.6,1303.9,47.1,0
5120,car,4.5,xloopA_0Ba,xloopA_0Bb,6705.7,6717.8,12.1,84.0,25.1,0
5011,suv,4.8,road_loopA_f0,road_loopA_f1,6617.9,6724.9,107.0,1303.2,43.9,0
5036,car,4.5,road_loopA_f0,road_loopA_f1,6635.5,6726.2,90.7,1303.0,51.7,0
5032,suv,4.8,road_loopA_f0,road_loopA_f1,6633.2,6728.0,94.8,1303.1,49.5,0
5063,car,4.5,road_loopA_f0,xloopA_0Bb,6664.1,6730.7,66.6,478.5,25.9,2
5082,suv,4.8,road_loopA_f0,xloopA_0Bb,6678.8,6734.5,55.7,478.9,30.9,1
5027,suv,4.8,road_loopA_f0,road_loopA_f1,6629.2,6734.6,105.4,1303.0,44.5,0
5071,suv,4.8,road_loopA_r0,xloopA_0Ab,6669.2,6738.6,69.4,869.3,45.1,0
4996,car,4.5,road_loopA_r0,road_loopA_r1,6609.1,6752.4,143.3,1297.5,32.6,1
5125,suv,4.8,road_loopA_f0,xloopA_0Bb,6713.0,6753.4,40.4,479.0,42.7,0
5001,car,4.5,road_loopA_r0,road_loopA_r1,6612.1,6757.3,145.2,1297.9,32.2,1
4990,suv,4.8,road_loopA_r0,road_loopA_r1,6600.4,6757.5,157.1,1298.3,29.7,1
5028,car,4.5,xloopA_0Ba,road_loopA_r1,6630.7,6757.9,127.2,476.6,13.5,0
5010,car,4.5,road_loopA_r0,road_loopA_r1,6617.3,6759.2,141.9,1297.4,32.9,1
5000,car,4.5,road_loopA_r0,road_loopA_r1,6611.7,6760.4,148.7,1298.3,31.4,1
5017,car,4.5,road_loopA_r0,road_loopA_r1,6621.1,6761.1,140.0,1298.6,33.4,1
5079,car,4.5,xloopA_0Ba,road_loopA_r1,6677.2,6761.9,84.7,476.5,20.3,0
5003,car,4.5,road_loopA_r0,road_loopA_r1,6613.6,6762.0,148.4,1297.4,31.5,1
5015,car,4.5,road_loopA_r0,road_loopA_r1,6620.3,6762.8,142.5,1298.4,32.8,1
5008,car,4.5,road_loopA_r0,road_loopA_r1,6616.6,6763.8,147.2,1297.9,31.7,1
5021,suv,4.8,road_loopA_r0,road_loopA_r1,6624.2,6764.5,140.3,1297.3,33.3,1
5012,car,4.5,road_loopA_r0,road_loopA_r1,6618.2,6765.3,147.1,1297.4,31.7,1
5031,suv,4.8,road_loopA_r0,road_loopA_r1,6633.2,6766.3,133.1,1298.7,35.1,1
5020,car,4.5,road_loopA_r0,road_loopA_r1,6623.9,6767.4,143.5,1298.2,32.6,1
5024,suv,4.8,road_loopA_r0,road_loopA_r1,6625.0,6768.2,143.2,1298.4,32.6,1
4959,suv,4.8,road_loopA_r0,road_loopA_r1,6576.3,6768.3,192.0,1297.6,24.3,1
5141,truck,8.5,road_loopA_f0,xloopA_0Bb,6723.2,6768.4,45.2,478.6,38.1,0
5026,suv,4.8,road_loopA_r0,road_loopA_r1,6628.6,6769.1,140.5,1297.4,33.3,1
5039,suv,4.8,road_loopA_r0,road_loopA_r1,6642.8,6769.1,126.3,1297.7,37.0,1
5007,truck,8.5,road_loopA_r0,road_loopA_r1,6615.0,6770.6,155.6,1297.5,30.0,1
4986,bus,11.0,road_loopA_f0,road_loopA_f1,6599.6,6770.9,171.3,1303.2,27.4,2
5042,car,4.5,road_loopA_r0,road_loopA_r1,6643.6,6770.9,127.3,1298.4,36.7,1
5030,car,4.5,road_loopA_r0,road_loopA_r1,6631.8,6771.1,139.3,1297.6,33.5,1
5013,car,4.5,road_loopA_r0,road_loopA_r1,6618.8,6772.7,153.9,1298.1,30.4,1
5037,car,4.5,road_loopA_r0,road_loopA_r1,6641.9,6772.9,131.0,1297.4,35.7,1
5058,car,4.5,road_loopA_r0,road_loopA_r1,6662.0,6773.4,111.4,1297.3,41.9,0
5035,suv,4.8,road_loopA_r0,road_loopA_r1,6635.0,6774.5,139.5,1298.3,33.5,1
5040,car,4.5,road_loopA_f0,road_loopA_f1,6643.4,6774.7,131.3,1303.4,35.7,1
5049,suv,4.8,road_loopA_r0,road_loopA_r1,6652.9,6774.7,121.8,1298.0,38.4,1
5061,car,4.5,road_loopA_r0,road_loopA_r1,6662.4,6776.1,113.7,1297.6,41.1,0
5044,car,4.5,road_loopA_f0,road_loopA_f1,6646.4,6776.2,129.8,1303.8,36.2,1
5056,car,4.5,road_loopA_r0,road_loopA_r1,6660.5,6776.2,115.7,1298.1,40.4,0
5047,car,4.5,road_loopA_r0,road_loopA_r1,6649.0,6776.7,127.7,1298.5,36.6,0
5041,car,4.5,road_loopA_f0,road_loopA_f1,6643.5,6777.3,133.8,1303.3,35.1,1
5054,car,4.5,road_loopA_r0,road_loopA_r1,6657.8,6778.0,120.2,1298.0,38.9,0
5059,car,4.5,road_loopA_r0,road_loopA_r1,6662.1,6778.5,116.4,1298.4,40.2,0
5080,car,4.5,road_loopA_r0,road_loopA_r1,6677.6,6779.0,101.4,1298.4,46.1,0
5070,car,4.5,road_loopA_r0,road_loopA_r1,6667.5,6779.9,112.4,1297.5,41.6,0
5064,car,4.5,road_loopA_r0,road_loopA_r1,6664.0,6780.3,116.3,1298.4,40.2,0
5045,suv,4.8,road_loopA_f0,road_loopA_f1,6647.1,6781.7,134.6,1303.5,34.9,1
5084,car,4.5,road_loopA_r0,road_loopA_r1,6679.5,6781.7,102.2,1298.4,45.7,0
5068,car,4.5,road_loopA_r0,road_loopA_r1,6666.8,6781.8,115.0,1297.4,40.6,0
5052,suv,4.8,road_loopA_f0,road_loopA_f1,6656.3,6781.9,125.6,1303.5,37.4,1
5081,car,4.5,road_loopA_r0,road_loopA_r1,6678.4,6782.2,103.8,1297.7,45.0,0
5085,car,4.5,road_loopA_r0,road_loopA_r1,6679.6,6783.3,103.7,1298.3,45.1,0
5092,truck,8.5,road_loopA_r0,road_loopA_r1,6686.2,6784.3,98.1,1297.5,47.6,0
5095,car,4.5,road_loopA_r0,road_loopA_r1,6688.1,6784.4,96.3,1298.7,48.5,0
5038,car,4.5,road_loopA_f0,road_loopA_f1,6642.4,6784.5,142.1,1302.9,33.0,1
5091,car,4.5,road_loopA_r0,road_loopA_r1,6684.6,6785.1,100.5,1297.3,46.5,0
5025,suv,4.8,road_loopA_r0,road_loopA_r1,6627.6,6787.1,159.5,1297.6,29.3,1
5046,truck,8.5,road_loopA_f0,road_loopA_f1,6647.9,6787.8,139.9,1303.5,33.5,1
5107,car,4.5,road_loopA_r0,road_loopA_r1,6699.2,6789.3,90.1,1297.6,51.8,0
5055,suv,4.8,road_loopA_f0,road_loopA_f1,6659.8,6789.8,130.0,1303.7,36.1,1
5053,suv,4.8,road_loopA_f0,road_loopA_f1,6656.8,6789.9,133.1,1304.1,35.3,1
5062,car,4.5,road_loopA_f0,road_loopA_f1,6663.1,6791.5,128.4,1302.9,36.5,1
5051,truck,8.5,road_loopA_f0,road_loopA_f1,6656.0,6792.4,136.4,1303.5,34.4,1
5072,car,4.5,road_loopA_f0,road_loopA_f1,6669.9,6793.3,123.4,1303.5,38.0,1
5100,car,4.5,road_loopA_r0,road_loopA_r1,6692.3,6793.8,101.5,1298.1,46.0,0
5109,suv,4.8,road_loopA_r0,road_loopA_r1,6700.0,6794.0,94.0,1297.9,49.7,0
5067,suv,4.8,road_loopA_f0,road_loopA_f1,6666.0,6794.5,128.5,1302.9,36.5,1
5087,car,4.5,road_loopA_f0,road_loopA_f1,6681.5,6795.1,113.6,1302.8,41.3,1
5074,suv,4.8,road_loopA_f0,road_loopA_f1,6671.3,6796.2,124.9,1303.8,37.6,1
5086,car,4.5,road_loopA_f0,road_loopA_f1,6680.0,6797.0,117.0,1302.9,40.1,1
5083,car,4.5,road_loopA_f0,road_loopA_f1,6679.4,6797.8,118.4,1302.9,39.6,1
5102,truck,8.5,road_loopA_r0,road_loopA_r1,6692.9,6798.0,105.1,1297.9,44.5,0
5048,suv,4.8,road_loopA_f0,road_loopA_f1,6650.0,6799.9,149.9,1303.2,31.3,1
5057,car,4.5,road_loopA_f0,road_loopA_f1,6660.8,6800.0,139.2,1303.9,33.7,1
5077,car,4.5,road_loopA_f0,road_loopA_f1,6674.8,6800.7,125.9,1303.1,37.3,1
5117,car,4.5,road_loopA_r0,road_loopA_r1,6704.5,6801.1,96.6,1297.7,48.4,0
5005,car,4.5,road_loopA_r0,xloopA_0Bb,6614.4,6801.8,187.4,895.5,17.2,1
5066,car,4.5,road_loopA_f0,xloopA_0Ab,6665.6,6802.4,136.8,505.1,13.3,1
5108,suv,4.8,road_loopA_f0,road_loopA_f1,6699.9,6802.7,102.8,1303.0,45.6,0
5105,car,4.5,road_loopA_r0,road_loopA_r1,6697.3,6803.4,106.1,1298.2,44.0,0
5106,suv,4.8,road_loopA_r0,road_loopA_r1,6698.5,6803.7,105.2,1297.9,44.4,0
5124,suv,4.8,road_loopA_r0,road_loopA_r1,6709.2,6804.0,94.8,1298.4,49.3,0
5033,suv,4.8,road_loopA_r0,xloopA_0Bb,6633.7,6804.5,170.8,896.0,18.9,2
5116,car,4.5,road_loopA_f0,road_loopA_f1,6704.2,6804.5,100.3,1304.2,46.8,0
5088,car,4.5,road_loopA_f0,xloopA_0Ab,6681.6,6805.0,123.4,505.1,14.7,1
5113,suv,4.8,road_loopA_r0,road_loopA_r1,6702.2,6805.1,102.9,1297.6,45.4,0
5096,car,4.5,road_loopA_f0,road_loopA_f1,6689.9,6805.3,115.4,1302.9,40.7,0
5050,bus,11.0,road_loopA_r0,road_loopA_r1,6653.7,6805.8,152.1,1298.2,30.7,2
5118,suv,4.8,road_loopA_r0,road_loopA_r1,6705.6,6806.9,101.3,1298.4,46.1,0
5126,car,4.5,road_loopA_r0,road_loopA_r1,6714.9,6806.9,92.0,1297.6,50.8,0
5114,car,4.5,road_loopA_f0,road_loopA_f1,6703.0,6807.0,104.0,1303.2,45.1,0
5060,car,4.5,road_loopA_r0,xloopA_0Bb,6662.3,6807.1,144.8,895.4,22.3,2
5098,car,4.5,road_loopA_f0,road_loopA_f1,6691.1,6807.1,116.0,1303.1,40.5,0
5128,car,4.5,road_loopA_r0,road_loopA_r1,6715.1,6807.1,92.0,1297.7,50.8,0
5129,car,4.5,road_loopA_f0,road_loopA_f1,6715.5,6807.1,91.6,1303.2,51.2,0
5094,car,4.5,road_loopA_f0,xloopA_0Ab,6687.0,6807.7,120.7,505.4,15.1,1
5119,car,4.5,road_loopA_r0,road_loopA_r1,6705.7,6808.6,102.9,1298.0,45.4,0
5134,car,4.5,road_loopA_r0,road_loopA_r1,6718.9,6809.0,90.1,1298.0,51.9,0
5104,car,4.5,road_loopA_f0,road_loopA_f1,6694.6,6809.2,114.6,1303.8,40.9,0
5075,car,4.5,road_loopA_r0,xloopA_0Bb,6672.1,6809.8,137.7,895.5,23.4,2
5139,car,4.5,road_loopA_f0,xloopA_0Ab,6720.6,6810.3,89.7,505.0,20.3,1
5137,car,4.5,road_loopA_r0,road_loopA_r1,6719.9,6810.7,90.8,1297.8,51.5,0
5130,suv,4.8,road_loopA_f0,road_loopA_f1,6716.8,6811.6,94.8,1304.1,49.5,0
5123,car,4.5,road_loopA_f0,road_loopA_f1,6708.9,6812.3,103.4,1303.1,45.4,0
5076,suv,4.8,road_loopA_r0,xloopA_0Bb,6673.2,6812.5,139.3,895.7,23.1,2
5135,car,4.5,road_loopA_r0,road_loopA_r1,6719.6,6812.5,92.9,1297.6,50.3,0
5166,car,4.5,road_loopA_f0,xloopA_0Ab,6743.1,6813.0,69.9,505.1,26.0,0
5073,suv,4.8,road_loopA_f0,road_loopA_f1,6670.2,6814.1,143.9,1302.9,32.6,1
5136,suv,4.8,road_loopA_f0,road_loopA_f1,6720.0,6814.7,94.7,1303.2,49.5,0
5140,car,4.5,road_loopA_r0,road_loopA_r1,6721.6,6815.2,93.6,1298.6,49.9,0
5144,car,4.5,road_loopA_r0,road_loopA_r1,6724.7,6816.5,91.8,1298.5,50.9,0
5097,truck,8.5,road_loopA_f0,road_loopA_f1,6690.7,6816.7,126.0,1303.9,37.2,0
5155,car,4.5,xloopA_0Ba,xloopA_0Bb,6733.5,6816.7,83.2,84.3,3.6,1
5121,car,4.5,xloopA_0Aa,xloopA_0Ab,6707.3,6817.5,110.2,84.5,2.8,1
5147,car,4.5,road_loopA_r0,road_loopA_r1,6726.6,6817.6,91.0,1297.5,51.3,0
5112,suv,4.8,road_loopA_r0,road_loopA_r1,6701.6,6818.7,117.1,1297.5,39.9,0
5101,truck,8.5,road_loopA_f0,road_loopA_f1,6692.6,6819.2,126.6,1303.9,37.1,1
5145,car,4.5,road_loopA_r0,road_loopA_r1,6726.4,6819.7,93.3,1298.1,50.1,0
5168,car,4.5,xloopA_0Aa,xloopA_0Ab,6745.9,6820.9,75.0,84.2,4.0,1
5146,car,4.5,road_loopA_f0,road_loopA_f1,6726.6,6821.1,94.5,1302.8,49.6,0
5132,car,4.5,road_loopA_f0,road_loopA_f1,6718.2,6821.2,103.0,1303.1,45.5,0
5103,suv,4.8,road_loopA_r0,road_loopA_r1,6694.1,6821.9,127.8,1297.8,36.5,0
5143,car,4.5,road_loopA_r0,road_loopA_r1,6723.9,6822.5,98.6,1297.4,47.4,0
5018,car,4.5,xloopA_0Ba,road_loopA_f1,6621.7,6822.9,201.2,902.3,16.1,1
5149,suv,4.8,road_loopA_f0,road_loopA_f1,6730.2,6822.9,92.7,1303.7,50.6,0
5249,car,4.5,xloopA_0Ba,xloopA_0Bb,6810.1,6823.2,13.1,84.1,23.0,0
5065,suv,4.8,road_loopA_f0,road_loopA_f1,6664.8,6824.6,159.8,1302.8,29.3,1
5127,suv,4.8,road_loopA_f0,road_loopA_f1,6715.1,6824.9,109.8,1304.1,42.7,0
5122,bus,11.0,road_loopA_r0,road_loopA_r1,6708.2,6825.8,117.6,1298.0,39.7,0
5069,suv,4.8,road_loopA_f0,road_loopA_f1,6667.2,6826.3,159.1,1303.0,29.5,1
5090,truck,8.5,road_loopA_f0,road_loopA_f1,6684.6,6827.2,142.6,1303.6,32.9,0
5111,car,4.5,road_loopA_f0,road_loopA_f1,6701.6,6828.3,126.7,1303.2,37.0,0
5099,car,4.5,road_loopA_f0,road_loopA_f1,6691.9,6828.6,136.7,1303.9,34.3,0
5148,truck,8.5,road_loopA_f0,road_loopA_f1,6728.7,6831.0,102.3,1303.4,45.9,0
345,tram,34.0,loopA,loopA,2455.1,6832.0,4376.9,33703.3,27.7,41
5151,car,4.5,road_loopA_f0,road_loopA_f1,6731.6,6832.1,100.5,1302.8,46.7,0
5158,car,4.5,road_loopA_f0,road_loopA_f1,6738.1,6832.7,94.6,1303.8,49.6,0
5110,car,4.5,road_loopA_r0,xloopA_0Ab,6701.3,6833.8,132.5,869.1,23.6,2
5153,truck,8.5,road_loopA_f0,road_loopA_f1,6732.0,6834.2,102.2,1303.1,45.9,0
5160,suv,4.8,road_loopA_f0,road_loopA_f1,6739.1,6834.5,95.4,1303.9,49.2,0
5159,suv,4.8,road_loopA_f0,road_loopA_f1,6738.1,6835.7,97.6,1304.0,48.1,0
5162,car,4.5,road_loopA_f0,road_loopA_f1,6740.5,6837.3,96.8,1303.2,48.4,0
5164,truck,8.5,road_loopA_f0,road_loopA_f1,6742.9,6838.9,96.0,1303.3,48.9,0
5167,suv,4.8,road_loopA_f0,road_loopA_f1,6745.8,6841.6,95.8,1303.4,49.0,0
5169,car,4.5,road_loopA_f0,road_loopA_f1,6747.3,6841.7,94.4,1303.3,49.7,0
5172,car,4.5,road_loopA_f0,road_loopA_f1,6751.4,6843.1,91.7,1303.9,51.2,0
5236,car,4.5,road_loopA_f0,xloopA_0Bb,6797.7,6843.3,45.6,478.7,37.8,0
5152,truck,8.5,road_loopA_r0,xloopA_0Ab,6731.7,6844.0,112.3,869.3,27.9,2
5133,truck,8.5,road_loopA_r0,xloopA_0Ab,6718.8,6849.5,130.7,869.1,23.9,2
5252,suv,4.8,road_loopA_f0,xloopA_0Bb,6811.9,6851.8,39.9,479.1,43.2,0
5150,suv,4.8,road_loopA_r0,road_loopA_r1,6731.0,6859.8,128.8,1297.9,36.3,1
5156,car,4.5,road_loopA_r0,road_loopA_r1,6736.1,6865.8,129.7,1298.5,36.0,1
5165,car,4.5,road_loopA_r0,road_loopA_r1,6742.8,6866.4,123.6,1297.3,37.8,1
5154,suv,4.8,road_loopA_r0,road_loopA_r1,6732.8,6868.8,136.0,1297.4,34.3,1
5179,car,4.5,road_loopA_r0,road_loopA_r1,6756.3,6870.2,113.9,1298.0,41.0,1
5176,suv,4.8,road_loopA_r0,road_loopA_r1,6755.9,6872.6,116.7,1298.3,40.1,1
5186,car,4.5,road_loopA_r0,road_loopA_r1,6761.5,6874.7,113.2,1298.2,41.3,1
5163,car,4.5,road_loopA_r0,road_loopA_r1,6740.8,6877.1,136.3,1297.5,34.3,1
5173,suv,4.8,road_loopA_r0,road_loopA_r1,6754.6,6880.0,125.4,1297.8,37.3,1
5195,car,4.5,road_loopA_r0,road_loopA_r1,6768.1,6881.2,113.1,1297.4,41.3,0
5171,suv,4.8,road_loopA_r0,road_loopA_r1,6748.2,6881.7,133.5,1298.0,35.0,1
5207,suv,4.8,road_loopA_r0,road_loopA_r1,6777.2,6883.0,105.8,1298.0,44.1,0
5198,car,4.5,xloopA_0Aa,road_loopA_r1,6771.1,6883.1,112.0,506.7,16.3,0
5201,car,4.5,road_loopA_r0,road_loopA_r1,6774.2,6884.9,110.7,1298.2,42.2,0
5184,car,4.5,road_loopA_r0,road_loopA_r1,6760.5,6885.6,125.1,1297.4,37.3,1
5181,car,4.5,road_loopA_f0,road_loopA_f1,6759.1,6887.2,128.1,1302.9,36.6,1
5192,car,4.5,road_loopA_r0,road_loopA_r1,6765.8,6887.4,121.6,1298.0,38.4,0
5211,truck,8.5,road_loopA_r0,road_loopA_r1,6780.7,6887.5,106.8,1297.8,43.7,0
5177,car,4.5,road_loopA_r0,road_loopA_r1,6756.2,6889.1,132.9,1297.8,35.1,1
5189,car,4.5,xloopA_0Ba,road_loopA_r1,6762.4,6889.8,127.4,476.6,13.5,1
5204,car,4.5,road_loopA_f0,road_loopA_f1,6776.0,6890.3,114.3,1303.4,41.0,1
5197,truck,8.5,road_loopA_r0,road_loopA_r1,6768.6,6891.5,122.9,1297.4,38.0,0
5138,truck,8.5,road_loopA_r0,road_loopA_r1,6720.2,6892.0,171.8,1297.5,27.2,1
5161,suv,4.8,road_loopA_r0,road_loopA_r1,6739.8,6892.1,152.3,1298.0,30.7,1
5215,suv,4.8,road_loopA_r0,road_loopA_r1,6782.5,6892.7,110.2,1298.2,42.4,0
5188,car,4.5,road_loopA_f0,road_loopA_f1,6761.8,6893.5,131.7,1303.0,35.6,1
5142,suv,4.8,road_loopA_r0,road_loopA_r1,6723.9,6894.1,170.2,1298.3,27.5,1
5235,car,4.5,road_loopA_r0,road_loopA_r1,6796.9,6894.3,97.4,1298.4,48.0,0
5217,car,4.5,road_loopA_r0,road_loopA_r1,6784.4,6894.4,110.0,1298.5,42.5,0
5157,bus,11.0,road_loopA_f0,road_loopA_f1,6737.8,6896.1,158.3,1302.8,29.6,2
5213,suv,4.8,road_loopA_r0,road_loopA_r1,6781.4,6896.2,114.8,1298.5,40.7,0
5187,car,4.5,road_loopA_f0,road_loopA_f1,6761.8,6896.4,134.6,1303.2,34.9,1
5170,truck,8.5,road_loopA_r0,road_loopA_r1,6747.9,6896.5,148.6,1297.6,31.4,1
5229,car,4.5,road_loopA_r0,road_loopA_r1,6792.8,6897.2,104.4,1297.8,44.7,0
5223,car,4.5,road_loopA_r0,road_loopA_r1,6790.0,6898.0,108.0,1298.5,43.3,0
5175,suv,4.8,road_loopA_r0,road_loopA_r1,6755.3,6898.6,143.3,1297.5,32.6,1
5230,suv,4.8,road_loopA_r0,road_loopA_r1,6793.9,6899.7,105.8,1298.1,44.2,0
5185,car,4.5,road_loopA_r0,road_loopA_r1,6760.7,6900.4,139.7,1297.9,33.4,1
5220,car,4.5,road_loopA_r0,road_loopA_r1,6786.6,6900.5,113.9,1297.7,41.0,0
5246,car,4.5,road_loopA_r0,road_loopA_r1,6807.8,6901.8,94.0,1298.1,49.7,0
5222,car,4.5,road_loopA_r0,road_loopA_r1,6788.2,6902.0,113.8,1297.5,41.0,0
5194,car,4.5,road_loopA_r0,road_loopA_r1,6767.2,6902.2,135.0,1298.6,34.6,0
5221,car,4.5,road_loopA_f0,road_loopA_f1,6787.0,6902.4,115.4,1304.0,40.7,1
5206,car,4.5,road_loopA_r0,road_loopA_r1,6777.1,6903.9,126.8,1297.6,36.9,0
5241,car,4.5,road_loopA_r0,road_loopA_r1,6804.8,6904.6,99.8,1297.4,46.8,0
5183,car,4.5,road_loopA_f0,road_loopA_f1,6760.3,6904.7,144.4,1303.6,32.5,1
5250,truck,8.5,road_loopA_r0,road_loopA_r1,6811.4,6905.2,93.8,1297.6,49.8,0
5199,car,4.5,road_loopA_f0,road_loopA_f1,6773.0,6905.4,132.4,1303.4,35.4,1
5205,suv,4.8,road_loopA_r0,road_loopA_r1,6776.8,6905.8,129.0,1298.1,36.2,0
5216,car,4.5,road_loopA_r0,road_loopA_r1,6783.5,6906.9,123.4,1298.6,37.9,0
5263,suv,4.8,road_loopA_r0,road_loopA_r1,6818.7,6908.2,89.5,1297.4,52.2,0
5210,suv,4.8,road_loopA_r0,road_loopA_r1,6780.2,6908.5,128.3,1297.5,36.4,0
5219,car,4.5,road_loopA_f0,road_loopA_f1,6785.0,6909.0,124.0,1302.8,37.8,1
5226,car,4.5,road_loopA_f0,road_loopA_f1,6791.3,6910.7,119.4,1303.2,39.3,1
5258,car,4.5,road_loopA_r0,road_loopA_r1,6817.3,6910.7,93.4,1297.8,50.0,0
5257,car,4.5,road_loopA_r0,road_loopA_r1,6817.2,6910.8,93.6,1297.5,49.9,0
5232,car,4.5,road_loopA_f0,road_loopA_f1,6795.6,6911.7,116.1,1302.8,40.4,0
5264,suv,4.8,road_loopA_r0,road_loopA_r1,6819.4,6912.1,92.7,1298.0,50.4,0
5238,car,4.5,road_loopA_f0,road_loopA_f1,6801.1,6912.3,111.2,1303.7,42.2,1
5256,car,4.5,road_loopA_r0,road_loopA_r1,6816.0,6912.6,96.6,1297.4,48.3,0
5240,car,4.5,road_loopA_f0,road_loopA_f1,6804.4,6914.4,110.0,1302.9,42.6,0
5174,car,4.5,road_loopA_f0,xloopA_0Ab,6754.8,6914.9,160.1,505.4,11.4,1
5270,car,4.5,road_loopA_r0,road_loopA_r1,6824.6,6915.1,90.5,1298.2,51.7,0
5115,truck,8.5,road_loopA_r0,xloopA_0Bb,6703.5,6915.6,212.1,895.8,15.2,2
5243,suv,4.8,road_loopA_f0,road_loopA_f1,6805.7,6916.1,110.4,1303.3,42.5,0
5190,car,4.5,road_loopA_f0,xloopA_0Ab,6764.9,6917.5,152.6,505.4,11.9,1
5266,car,4.5,road_loopA_r0,road_loopA_r1,6820.8,6917.5,96.7,1297.4,48.3,0
5271,suv,4.8,road_loopA_r0,road_loopA_r1,6825.8,6917.7,91.9,1297.9,50.8,0
5244,car,4.5,road_loopA_f0,road_loopA_f1,6806.0,6917.9,111.9,1304.1,42.0,0
5131,suv,4.8,road_loopA_r0,xloopA_0Bb,6717.7,6918.6,200.9,895.8,16.0,2
5254,car,4.5,road_loopA_f0,road_loopA_f1,6815.5,6919.7,104.2,1303.6,45.0,0
5282,car,4.5,road_loopA_r0,road_loopA_r1,6831.2,6920.7,89.5,1298.5,52.2,0
5191,truck,8.5,road_loopA_f0,road_loopA_f1,6765.4,6921.1,155.7,1303.2,30.1,1
5276,car,4.5,road_loopA_r0,xloopA_0Bb,6829.2,6921.3,92.1,895.8,35.0,1
5245,car,4.5,road_loopA_f0,road_loopA_f1,6807.1,6921.6,114.5,1302.8,41.0,0
5224,car,4.5,road_loopA_f0,road_loopA_f1,6790.3,6921.7,131.4,1303.4,35.7,1
5268,car,4.5,road_loopA_r0,road_loopA_r1,6821.8,6922.6,100.8,1298.1,46.4,0
5286,car,4.5,road_loopA_r0,road_loopA_r1,6832.6,6922.7,90.1,1297.9,51.9,0
5239,car,4.5,road_loopA_f0,road_loopA_f1,6804.1,6924.0,119.9,1304.1,39.1,1
5274,car,4.5,road_loopA_r0,road_loopA_r1,6828.9,6924.3,95.4,1297.6,49.0,0
5228,car,4.5,road_loopA_f0,road_loopA_f1,6792.7,6924.5,131.8,1303.7,35.6,14
5287,car,4.5,road_loopA_r0,road_loopA_r1,6833.2,6926.0,92.8,1297.6,50.3,0
5281,car,4.5,road_loopA_r0,road_loopA_r1,6830.5,6926.1,95.6,1298.2,48.9,0
5234,car,4.5,xloopA_0Aa,road_loopA_f1,6796.4,6926.9,130.5,872.4,24.1,0
5237,car,4.5,road_loopA_f0,road_loopA_f1,6800.5,6927.0,126.5,1303.4,37.1,0
5280,car,4.5,xloopA_0Ba,xloopA_0Bb,6830.3,6927.1,96.8,84.4,3.1,1
5214,car,4.5,road_loopA_f0,road_loopA_f1,6782.5,6927.2,144.7,1304.1,32.5,1
5285,car,4.5,xloopA_0Aa,xloopA_0Ab,6832.5,6927.6,95.1,84.7,3.2,1
5291,car,4.5,road_loopA_r0,road_loopA_r1,6836.4,6927.7,91.3,1297.3,51.2,0
5289,car,4.5,road_loopA_r0,road_loopA_r1,6835.8,6927.9,92.1,1298.1,50.8,0
5202,truck,8.5,road_loopA_f0,road_loopA_f1,6774.2,6928.2,154.0,1303.7,30.5,1
5277,suv,4.8,road_loopA_f0,road_loopA_f1,6829.3,6929.5,100.2,1304.1,46.8,0
5278,suv,4.8,road_loopA_r0,road_loopA_r1,6829.9,6929.6,99.7,1297.3,46.8,0
5295,car,4.5,road_loopA_r0,road_loopA_r1,6840.2,6929.6,89.4,1298.3,52.3,0
5290,car,4.5,xloopA_0Ba,xloopA_0Bb,6836.1,6930.0,93.9,84.3,3.2,1
5300,car,4.5,xloopA_0Aa,xloopA_0Ab,6842.3,6930.5,88.2,84.2,3.4,1
5212,suv,4.8,road_loopA_f0,road_loopA_f1,6781.0,6930.8,149.8,1303.0,31.3,1
5248,suv,4.8,road_loopA_f0,road_loopA_f1,6809.1,6931.3,122.2,1304.1,38.4,0
5247,car,4.5,road_loopA_f0,road_loopA_f1,6809.2,6931.8,122.6,1303.6,38.3,0
5336,car,4.5,xloopA_0Aa,xloopA_0Ab,6876.7,6932.7,56.0,84.1,5.4,1
5178,bus,11.0,road_loopA_r0,road_loopA_r1,6756.1,6932.9,176.8,1297.9,26.4,2
5242,car,4.5,road_loopA_f0,road_loopA_f1,6805.8,6933.3,127.5,1302.8,36.8,0
5208,car,4.5,road_loopA_f0,road_loopA_f1,6778.0,6934.1,156.1,1303.5,30.1,1
5332,car,4.5,xloopA_0Ba,xloopA_0Bb,6874.8,6935.0,60.2,84.4,5.0,0
5218,car,4.5,road_loopA_f0,road_loopA_f1,6785.0,6935.9,150.9,1303.4,31.1,1
5200,car,4.5,road_loopA_f0,road_loopA_f1,6773.1,6937.8,164.7,1303.7,28.5,1
5182,car,4.5,xloopA_0Aa,road_loopA_f1,6760.2,6938.5,178.3,872.2,17.6,1
5267,car,4.5,road_loopA_f0,road_loopA_f1,6821.4,6938.8,117.4,1302.9,40.0,0
5251,car,4.5,road_loopA_r0,xloopA_0Ab,6811.6,6938.9,127.3,869.0,24.6,2
5209,car,4.5,xloopA_0Ba,road_loopA_f1,6779.3,6940.5,161.2,902.8,20.2,1
5283,car,4.5,road_loopA_f0,road_loopA_f1,6831.5,6940.5,109.0,1303.3,43.0,0
5259,car,4.5,road_loopA_f0,road_loopA_f1,6817.8,6941.1,123.3,1303.2,38.0,0
5180,car,4.5,road_loopA_f0,road_loopA_f1,6757.7,6942.2,184.5,1303.3,25.4,1
5294,car,4.5,road_loopA_f0,road_loopA_f1,6838.9,6942.2,103.3,1303.4,45.4,0
5262,car,4.5,road_loopA_f0,road_loopA_f1,6818.2,6942.9,124.7,1302.8,37.6,0
5193,car,4.5,road_loopA_f0,road_loopA_f1,6766.2,6943.9,177.7,1303.8,26.4,1
5297,car,4.5,road_loopA_f0,road_loopA_f1,6840.9,6944.0,103.1,1303.9,45.5,0
5279,suv,4.8,road_loopA_f0,road_loopA_f1,6830.2,6944.7,114.5,1303.2,41.0,0
5227,car,4.5,road_loopA_f0,road_loopA_f1,6792.2,6945.7,153.5,1303.1,30.6,1
5196,truck,8.5,road_loopA_f0,road_loopA_f1,6768.2,6946.1,177.9,1303.1,26.4,1
5288,truck,8.5,road_loopA_f0,road_loopA_f1,6835.1,6947.0,111.9,1303.4,41.9,0
5304,car,4.5,road_loopA_f0,road_loopA_f1,6847.3,6947.5,100.2,1304.1,46.8,0
5225,truck,8.5,road_loopA_f0,road_loopA_f1,6791.1,6948.6,157.5,1303.7,29.8,1
5303,car,4.5,road_loopA_f0,road_loopA_f1,6847.2,6949.0,101.8,1302.8,46.1,0
5292,suv,4.8,road_loopA_f0,road_loopA_f1,6836.7,6949.3,112.6,1303.2,41.7,0
5231,suv,4.8,road_loopA_f0,road_loopA_f1,6794.2,6950.6,156.4,1303.9,30.0,1
5306,car,4.5,road_loopA_f0,road_loopA_f1,6853.1,6950.8,97.7,1303.4,48.0,0
5314,car,4.5,road_loopA_f0,road_loopA_f1,6860.4,6951.2,90.8,1302.8,51.7,0
5253,car,4.5,road_loopA_f0,road_loopA_f1,6815.3,6952.3,137.0,1303.2,34.3,0
5269,car,4.5,road_loopA_f0,road_loopA_f1,6822.1,6953.1,131.0,1303.8,35.8,0
5233,bus,11.0,road_loopA_f0,road_loopA_f1,6796.3,6953.4,157.1,1303.3,29.9,2
5321,car,4.5,road_loopA_f0,road_loopA_f1,6864.3,6953.7,89.4,1303.1,52.5,0
5345,suv,4.8,road_loopA_r0,xloopA_0Ab,6883.6,6954.1,70.5,869.4,44.4,0
5255,car,4.5,road_loopA_f0,road_loopA_f1,6815.6,6954.4,138.8,1303.0,33.8,0
5275,truck,8.5,road_loopA_f0,road_loopA_f1,6829.0,6954.6,125.6,1303.4,37.4,0
5261,car,4.5,road_loopA_f0,road_loopA_f1,6818.1,6956.2,138.1,1302.8,34.0,0
5323,car,4.5,road_loopA_f0,road_loopA_f1,6865.5,6957.0,91.5,1302.9,51.3,0
5312,car,4.5,road_loopA_r0,xloopA_0Ab,6858.3,6957.1,98.8,869.2,31.7,1
5265,suv,4.8,road_loopA_f0,road_loopA_f1,6820.3,6957.9,137.6,1302.9,34.1,0
5272,car,4.5,road_loopA_f0,road_loopA_f1,6826.8,6959.5,132.7,1303.3,35.4,0
5319,truck,8.5,road_loopA_f0,road_loopA_f1,6863.8,6959.6,95.8,1303.2,49.0,0
5322,car,4.5,road_loopA_f0,road_loopA_f1,6865.2,6961.5,96.3,1303.4,48.7,0
5380,truck,8.5,road_loopA_f0,xloopA_0Bb,6916.2,6961.9,45.7,478.7,37.7,0
5324,suv,4.8,road_loopA_f0,road_loopA_f1,6866.4,6963.0,96.6,1303.8,48.6,0
5308,truck,8.5,road_loopA_f0,road_loopA_f1,6853.7,6967.8,114.1,1302.8,41.1,0
5299,car,4.5,road_loopA_r0,road_loopA_r1,6842.3,6972.4,130.1,1298.5,35.9,1
5273,car,4.5,road_loopA_r0,road_loopA_r1,6828.5,6972.7,144.2,1297.5,32.4,1
5284,car,4.5,road_loopA_r0,road_loopA_r1,6832.1,6972.9,140.8,1297.8,33.2,1
5310,suv,4.8,road_loopA_r0,road_loopA_r1,6857.1,6974.5,117.4,1297.6,39.8,1
5339,car,4.5,road_loopA_r0,xloopA_0Ab,6880.1,6974.5,94.4,869.0,33.1,1
5298,suv,4.8,road_loopA_r0,road_loopA_r1,6841.4,6974.6,133.2,1298.4,35.1,1
5313,car,4.5,road_loopA_r0,road_loopA_r1,6858.9,6976.2,117.3,1297.6,39.8,1
5320,car,4.5,road_loopA_r0,road_loopA_r1,6864.1,6977.9,113.8,1297.3,41.0,1
5302,suv,4.8,road_loopA_r0,road_loopA_r1,6844.5,6978.6,134.1,1297.8,34.9,1
5305,car,4.5,road_loopA_r0,road_loopA_r1,6850.3,6979.6,129.3,1298.1,36.1,1
5331,car,4.5,road_loopA_r0,road_loopA_r1,6872.1,6980.7,108.6,1297.6,43.0,0
5307,suv,4.8,road_loopA_r0,road_loopA_r1,6853.1,6983.0,129.9,1297.9,36.0,1
5325,car,4.5,road_loopA_r0,road_loopA_r1,6868.5,6983.3,114.8,1297.8,40.7,2
5301,car,4.5,xloopA_0Ba,road_loopA_r1,6844.1,6983.5,139.4,476.7,12.3,1
5351,car,4.5,road_loopA_r0,road_loopA_r1,6887.0,6984.1,97.1,1297.6,48.1,0
5293,suv,4.8,road_loopA_r0,road_loopA_r1,6836.9,6985.1,148.2,1297.4,31.5,1
5316,car,4.5,road_loopA_r0,road_loopA_r1,6860.7,6985.4,124.7,1297.4,37.5,1
5296,suv,4.8,road_loopA_r0,road_loopA_r1,6840.5,6986.8,146.3,1297.9,31.9,1
5357,car,4.5,road_loopA_r0,road_loopA_r1,6892.7,6987.3,94.6,1297.4,49.4,0
5309,car,4.5,road_loopA_r0,road_loopA_r1,6854.2,6988.5,134.3,1298.5,34.8,1
5359,car,4.5,road_loopA_r0,road_loopA_r1,6896.1,6989.3,93.2,1298.0,50.1,0
5330,suv,4.8,road_loopA_r0,road_loopA_r1,6871.3,6989.4,118.1,1297.4,39.5,0
5311,car,4.5,road_loopA_r0,road_loopA_r1,6857.3,6990.2,132.9,1298.6,35.2,1
5353,car,4.5,road_loopA_r0,road_loopA_r1,6889.9,6991.1,101.2,1298.4,46.2,0
5315,car,4.5,road_loopA_r0,road_loopA_r1,6860.4,6991.8,131.4,1297.3,35.5,1
5356,car,4.5,road_loopA_r0,road_loopA_r1,6892.3,6992.1,99.8,1297.5,46.8,0
5346,car,4.5,road_loopA_r0,road_loopA_r1,6884.3,6992.8,108.5,1298.6,43.1,0
5318,truck,8.5,road_loopA_r0,road_loopA_r1,6863.5,6993.9,130.4,1297.6,35.8,1
5333,car,4.5,road_loopA_f0,road_loopA_f1,6875.2,6994.5,119.3,1303.9,39.4,1
5340,car,4.5,road_loopA_r0,road_loopA_r1,6880.1,6995.2,115.1,1298.3,40.6,0
5317,car,4.5,road_loopA_r0,road_loopA_r1,6863.1,6996.1,133.0,1297.7,35.1,1
5342,car,4.5,road_loopA_f0,road_loopA_f1,6881.7,6996.9,115.2,1302.9,40.7,1
5335,car,4.5,road_loopA_f0,road_loopA_f1,6876.4,6997.1,120.7,1303.4,38.9,1
5328,car,4.5,road_loopA_r0,road_loopA_r1,6870.6,6997.9,127.3,1297.5,36.7,1
5367,suv,4.8,road_loopA_r0,road_loopA_r1,6905.8,6998.6,92.8,1297.7,50.3,0
5348,car,4.5,road_loopA_f0,road_loopA_f1,6885.4,7000.1,114.7,1303.4,40.9,1
5365,car,4.5,road_loopA_r0,road_loopA_r1,6904.9,7000.4,95.5,1298.4,48.9,0
5326,car,4.5,road_loopA_f0,road_loopA_f1,6868.9,7001.6,132.7,1303.9,35.4,1
5334,car,4.5,road_loopA_f0,road_loopA_f1,6875.9,7001.9,126.0,1303.9,37.3,1
5327,car,4.5,road_loopA_f0,road_loopA_f1,6869.7,7002.6,132.9,1304.1,35.3,1
5425,car,4.5,road_loopA_f0,xloopA_0Bb,6958.6,7003.0,44.4,478.7,38.8,0
5355,car,4.5,road_loopA_f0,road_loopA_f1,6892.0,7003.7,111.7,1303.6,42.0,0
5372,car,4.5,road_loopA_r0,road_loopA_r1,6908.4,7005.4,97.0,1297.6,48.2,0
5260,bus,11.0,road_loopA_r0,road_loopA_r1,6818.0,7006.9,188.9,1298.2,24.7,3
5363,car,4.5,road_loopA_r0,road_loopA_r1,6902.1,7007.1,105.0,1298.1,44.5,0
5371,car,4.5,road_loopA_r0,road_loopA_r1,6908.3,7007.2,98.9,1298.4,47.3,0
5370,car,4.5,road_loopA_r0,road_loopA_r1,6907.4,7008.5,101.1,1298.5,46.2,0
5366,suv,4.8,road_loopA_r0,road_loopA_r1,6905.6,7008.8,103.2,1297.7,45.3,0
5376,car,4.5,road_loopA_r0,road_loopA_r1,6910.6,7008.8,98.2,1297.6,47.6,0
5378,car,4.5,road_loopA_r0,road_loopA_r1,6911.1,7010.6,99.5,1298.2,47.0,0
5329,car,4.5,road_loopA_f0,road_loopA_f1,6870.9,7011.4,140.5,1303.7,33.4,1
5377,truck,8.5,road_loopA_r0,road_loopA_r1,6910.7,7012.3,101.6,1298.1,46.0,0
5381,car,4.5,road_loopA_r0,road_loopA_r1,6916.7,7012.3,95.6,1297.5,48.8,0
5389,car,4.5,road_loopA_r0,road_loopA_r1,6920.9,7014.8,93.9,1298.5,49.8,0
5379,car,4.5,road_loopA_f0,road_loopA_f1,6913.7,7017.0,103.3,1303.9,45.4,0
5392,suv,4.8,road_loopA_r0,road_loopA_r1,6924.6,7017.0,92.4,1297.3,50.6,0
5360,suv,4.8,road_loopA_f0,road_loopA_f1,6896.3,7017.6,121.3,1303.9,38.7,0
5382,truck,8.5,road_loopA_r0,road_loopA_r1,6918.0,7018.2,100.2,1298.2,46.6,0
5393,suv,4.8,road_loopA_r0,road_loopA_r1,6925.4,7018.6,93.2,1297.5,50.1,0
5368,car,4.5,road_loopA_f0,road_loopA_f1,6906.7,7019.3,112.6,1302.9,41.7,0
5337,car,4.5,road_loopA_r0,xloopA_0Bb,6877.2,7019.4,142.2,895.4,22.7,1
5350,suv,4.8,road_loopA_f0,road_loopA_f1,6887.0,7019.8,132.8,1303.8,35.3,1
5358,car,4.5,road_loopA_f0,road_loopA_f1,6895.8,7019.9,124.1,1303.4,37.8,1
5352,car,4.5,road_loopA_f0,xloopA_0Ab,6888.6,7020.0,131.4,505.2,13.8,1
5390,truck,8.5,road_loopA_r0,road_loopA_r1,6922.0,7020.6,98.6,1298.5,47.4,0
5364,car,4.5,road_loopA_f0,road_loopA_f1,6902.4,7021.0,118.6,1303.2,39.6,0
5373,car,4.5,road_loopA_r0,xloopA_0Bb,6908.5,7022.0,113.5,895.4,28.4,1
5361,suv,4.8,road_loopA_f0,xloopA_0Ab,6900.6,7022.6,122.0,504.9,14.9,1
5338,car,4.5,road_loopA_f0,road_loopA_f1,6878.7,7022.7,144.0,1303.5,32.6,1
5394,truck,8.5,road_loopA_r0,road_loopA_r1,6926.6,7022.7,96.1,1298.1,48.6,0
5354,car,4.5,road_loopA_f0,road_loopA_f1,6891.1,7024.4,133.3,1303.4,35.2,1
5396,suv,4.8,road_loopA_r0,xloopA_0Bb,6928.3,7024.7,96.4,895.6,33.4,1
5398,car,4.5,road_loopA_r0,road_loopA_r1,6930.1,7024.7,94.6,1298.1,49.4,0
5369,car,4.5,road_loopA_f0,xloopA_0Ab,6907.4,7025.3,117.9,505.2,15.4,1
5388,truck,8.5,road_loopA_f0,road_loopA_f1,6920.8,7025.6,104.8,1303.9,44.8,0
5395,car,4.5,road_loopA_r0,road_loopA_r1,6927.2,7026.6,99.4,1297.9,47.0,0
5347,car,4.5,road_loopA_f0,road_loopA_f1,6884.4,7026.9,142.5,1302.8,32.9,0
5384,truck,8.5,road_loopA_f0,road_loopA_f1,6919.5,7028.2,108.7,1303.4,43.2,0
5403,truck,8.5,road_loopA_f0,road_loopA_f1,6937.7,7028.3,90.6,1303.1,51.8,0
5400,truck,8.5,road_loopA_r0,road_loopA_r1,6934.6,7028.7,94.1,1298.0,49.7,0
5404,truck,8.5,road_loopA_r0,road_loopA_r1,6938.5,7029.6,91.1,1298.0,51.3,0
5402,suv,4.8,road_loopA_r0,road_loopA_r1,6936.9,7030.7,93.8,1298.2,49.8,0
5405,car,4.5,road_loopA_f0,road_loopA_f1,6939.8,7030.7,90.9,1303.6,51.7,0
5385,car,4.5,road_loopA_f0,road_loopA_f1,6919.9,7031.2,111.3,1303.1,42.1,0
5391,car,4.5,road_loopA_f0,road_loopA_f1,6923.5,7032.8,109.3,1303.6,42.9,0
5386,car,4.5,road_loopA_f0,road_loopA_f1,6919.9,7033.8,113.9,1303.4,41.2,0
5375,suv,4.8,road_loopA_f0,road_loopA_f1,6910.0,7034.1,124.1,1302.8,37.8,0
5387,car,4.5,xloopA_0Aa,xloopA_0Ab,6920.6,7034.6,114.0,84.6,2.7,1
5407,car,4.5,road_loopA_r0,road_loopA_r1,6944.1,7035.1,91.0,1297.5,51.4,0
5349,car,4.5,xloopA_0Ba,xloopA_0Bb,6886.1,7036.6,150.5,84.2,2.0,1
5411,suv,4.8,road_loopA_r0,road_loopA_r1,6946.8,7036.8,90.0,1297.5,51.9,0
5435,car,4.5,xloopA_0Aa,xloopA_0Ab,6969.5,7037.6,68.1,84.2,4.5,1
5344,suv,4.8,road_loopA_f0,road_loopA_f1,6883.6,7038.4,154.8,1303.3,30.3,1
5415,car,4.5,road_loopA_f0,road_loopA_f1,6948.2,7038.8,90.6,1304.0,51.8,0
5383,car,4.5,xloopA_0Ba,xloopA_0Bb,6919.1,7040.3,121.2,84.3,2.5,0
5397,car,4.5,road_loopA_f0,road_loopA_f1,6929.5,7040.9,111.4,1303.9,42.1,0
5474,car,4.5,xloopA_0Aa,xloopA_0Ab,7001.9,7040.9,39.0,84.2,7.8,0
5408,car,4.5,road_loopA_f0,road_loopA_f1,6945.0,7041.7,96.7,1303.0,48.5,0
5401,truck,8.5,road_loopA_r0,road_loopA_r1,6935.5,7041.8,106.3,1297.4,43.9,0
5479,car,4.5,xloopA_0Aa,xloopA_0Ab,7007.8,7042.8,35.0,84.7,8.7,0
5416,car,4.5,road_loopA_f0,road_loopA_f1,6950.6,7044.2,93.6,1302.8,50.1,0
5443,car,4.5,xloopA_0Ba,xloopA_0Bb,6975.0,7045.5,70.5,84.1,4.3,0
5409,car,4.5,road_loopA_f0,road_loopA_f1,6945.3,7045.8,100.5,1303.7,46.7,0
5418,car,4.5,road_loopA_f0,road_loopA_f1,6951.7,7046.0,94.3,1303.6,49.7,0
5462,car,4.5,xloopA_0Ba,xloopA_0Bb,6991.8,7049.2,57.4,84.3,5.3,0
5362,car,4.5,xloopA_0Aa,road_loopA_f1,6901.0,7050.5,149.5,872.1,21.0,0
5426,car,4.5,road_loopA_f0,road_loopA_f1,6961.2,7050.5,89.3,1303.1,52.5,0
5417,truck,8.5,road_loopA_f0,road_loopA_f1,6950.9,7050.8,99.9,1303.3,47.0,0
5504,car,4.5,xloopA_0Ba,xloopA_0Bb,7030.2,7050.9,20.7,84.3,14.7,0
5419,car,4.5,road_loopA_f0,road_loopA_f1,6951.8,7052.8,101.0,1303.0,46.5,0
5427,suv,4.8,road_loopA_f0,road_loopA_f1,6961.4,7053.6,92.2,1304.0,50.9,0
5422,suv,4.8,road_loopA_r0,xloopA_0Ab,6953.2,7054.6,101.4,869.4,30.9,1
640,tram,34.0,loopB,loopB,2715.9,7056.4,4340.5,33673.4,27.9,42
5399,suv,4.8,road_loopA_f0,road_loopA_f1,6931.8,7061.1,129.3,1303.6,36.3,0
5440,suv,4.8,road_loopA_r0,xloopA_0Ab,6973.5,7062.8,89.3,869.2,35.0,2
5437,car,4.5,road_loopA_f0,road_loopA_f1,6970.4,7063.1,92.7,1303.6,50.6,0
5438,car,4.5,road_loopA_f0,road_loopA_f1,6970.8,7063.2,92.4,1303.1,50.8,0
5436,suv,4.8,road_loopA_f0,xloopA_0Bb,6969.7,7063.3,93.6,479.0,18.4,1
5421,truck,8.5,road_loopA_f0,road_loopA_f1,6952.3,7063.5,111.2,1303.8,42.2,0
5434,suv,4.8,road_loopA_f0,road_loopA_f1,6969.4,7065.4,96.0,1303.3,48.9,0
5444,car,4.5,road_loopA_f0,road_loopA_f1,6975.2,7065.9,90.7,1303.4,51.7,0
5412,car,4.5,road_loopA_r0,xloopA_0Ab,6947.3,7066.3,119.0,868.9,26.3,1
5441,car,4.5,road_loopA_f0,xloopA_0Bb,6974.3,7066.9,92.6,478.6,18.6,1
5341,bus,11.0,road_loopA_f0,road_loopA_f1,6880.4,7067.0,186.6,1302.9,25.1,3
5432,car,4.5,road_loopA_f0,road_loopA_f1,6966.7,7070.3,103.6,1303.0,45.3,0
5457,car,4.5,road_loopA_f0,xloopA_0Bb,6988.5,7070.7,82.2,478.6,20.9,1
5463,suv,4.8,road_loopA_f0,xloopA_0Bb,6991.8,7074.3,82.5,479.2,20.9,1
5483,car,4.5,road_loopA_f0,xloopA_0Bb,7009.4,7080.9,71.5,478.8,24.1,1
5410,car,4.5,road_loopA_r0,road_loopA_r1,6945.4,7081.3,135.9,1297.8,34.4,1
5414,suv,4.8,road_loopA_r0,road_loopA_r1,6947.5,7086.0,138.5,1298.7,33.8,1
5406,car,4.5,xloopA_0Ba,road_loopA_r1,6943.5,7087.3,143.8,476.3,11.9,0
5517,car,4.5,road_loopA_f0,xloopA_0Bb,7042.7,7087.4,44.7,478.6,38.6,0
5423,car,4.5,road_loopA_r0,road_loopA_r1,6955.2,7089.5,134.3,1297.7,34.8,1
5420,suv,4.8,road_loopA_r0,road_loopA_r1,6952.0,7090.8,138.8,1298.1,33.7,1
5450,car,4.5,road_loopA_r0,road_loopA_r1,6982.1,7091.4,109.3,1298.3,42.8,0
5455,car,4.5,road_loopA_r0,road_loopA_r1,6987.5,7093.2,105.7,1297.3,44.2,1
5343,car,4.5,xloopA_0Ba,road_loopA_r1,6882.2,7094.0,211.8,476.2,8.1,1
5471,car,4.5,road_loopA_r0,road_loopA_r1,7000.4,7095.6,95.2,1298.5,49.1,0
5424,truck,8.5,road_loopA_r0,road_loopA_r1,6957.5,7096.7,139.2,1298.2,33.6,1
5534,car,4.5,road_loopA_f0,xloopA_0Bb,7054.5,7097.4,42.9,478.9,40.2,0
5429,car,4.5,xloopA_0Aa,road_loopA_r1,6962.3,7098.4,136.1,507.0,13.4,1
5428,car,4.5,road_loopA_r0,road_loopA_r1,6961.3,7098.6,137.3,1297.6,34.0,1
5453,car,4.5,road_loopA_r0,road_loopA_r1,6986.3,7098.9,112.6,1297.7,41.5,0
5430,car,4.5,road_loopA_r0,road_loopA_r1,6963.5,7100.3,136.8,1298.2,34.2,1
5413,truck,8.5,road_loopA_r0,road_loopA_r1,6947.5,7100.6,153.1,1298.1,30.5,1
5467,truck,8.5,road_loopA_r0,road_loopA_r1,6997.7,7101.3,103.6,1297.8,45.1,0
5445,car,4.5,road_loopA_r0,road_loopA_r1,6975.4,7102.0,126.6,1298.4,36.9,1
5481,car,4.5,road_loopA_r0,xloopA_0Ab,7008.6,7102.1,93.5,869.0,33.5,1
5431,suv,4.8,road_loopA_r0,road_loopA_r1,6966.2,7102.6,136.4,1297.4,34.2,1
5484,car,4.5,road_loopA_r0,road_loopA_r1,7009.6,7103.3,93.7,1297.5,49.9,0
5447,suv,4.8,road_loopA_r0,road_loopA_r1,6976.7,7103.7,127.0,1298.2,36.8,1
5544,car,4.5,road_loopA_f0,xloopA_0Bb,7062.2,7103.8,41.6,478.8,41.4,0
5473,car,4.5,road_loopA_r0,road_loopA_r1,7001.3,7105.3,104.0,1298.1,44.9,0
5449,car,4.5,road_loopA_r0,road_loopA_r1,6981.8,7105.5,123.7,1298.6,37.8,1
5480,car,4.5,road_loopA_r0,road_loopA_r1,7008.5,7106.8,98.3,1297.8,47.5,0
5482,car,4.5,road_loopA_r0,road_loopA_r1,7008.9,7107.2,98.3,1297.7,47.5,0
5472,car,4.5,road_loopA_r0,road_loopA_r1,7000.4,7110.4,110.0,1297.5,42.5,0
5487,suv,4.8,road_loopA_r0,road_loopA_r1,7012.5,7112.2,99.7,1298.1,46.9,0
5451,suv,4.8,road_loopA_f0,road_loopA_f1,6982.4,7112.5,130.1,1303.4,36.1,1
5485,car,4.5,road_loopA_r0,road_loopA_r1,7010.3,7116.0,105.7,1297.8,44.2,0
5494,car,4.5,road_loopA_r0,road_loopA_r1,7016.3,7116.3,100.0,1298.4,46.7,0
5493,suv,4.8,road_loopA_r0,road_loopA_r1,7016.1,7117.8,101.7,1297.5,45.9,0
5439,truck,8.5,road_loopA_f0,road_loopA_f1,6973.1,7120.3,147.2,1302.9,31.9,1
5452,car,4.5,road_loopA_f0,road_loopA_f1,6984.3,7122.5,138.2,1302.9,33.9,1
5458,car,4.5,road_loopA_f0,road_loopA_f1,6988.6,7123.6,135.0,1303.2,34.8,1
5461,truck,8.5,road_loopA_f0,road_loopA_f1,6991.5,7125.1,133.6,1304.1,35.1,1
5581,car,4.5,road_loopA_f0,xloopA_0Bb,7086.7,7126.6,39.9,478.6,43.2,0
5469,car,4.5,road_loopA_f0,road_loopA_f1,6998.5,7126.9,128.4,1303.3,36.6,1
5475,car,4.5,road_loopA_f0,road_loopA_f1,7005.1,7128.5,123.4,1303.1,38.0,1
5454,truck,8.5,road_loopA_f0,road_loopA_f1,6986.9,7128.6,141.7,1303.1,33.1,1
5511,suv,4.8,road_loopA_r0,road_loopA_r1,7036.0,7129.0,93.0,1297.5,50.2,0
5499,truck,8.5,road_loopA_r0,road_loopA_r1,7022.5,7129.9,107.4,1298.3,43.5,0
5465,car,4.5,road_loopA_f0,road_loopA_f1,6994.4,7130.6,136.2,1303.7,34.5,1
5477,car,4.5,road_loopA_f0,road_loopA_f1,7005.5,7130.9,125.4,1303.6,37.4,1
5490,car,4.5,road_loopA_f0,road_loopA_f1,7014.7,7132.6,117.9,1304.1,39.8,1
5492,suv,4.8,road_loopA_f0,road_loopA_f1,7015.7,7134.3,118.6,1303.7,39.6,1
5466,car,4.5,road_loopA_f0,road_loopA_f1,6996.2,7134.7,138.5,1302.9,33.9,1
5442,car,4.5,road_loopA_r0,xloopA_0Bb,6974.3,7135.0,160.7,895.8,20.1,1
5489,car,4.5,road_loopA_f0,xloopA_0Ab,7014.3,7135.5,121.2,505.2,15.0,1
5520,car,4.5,road_loopA_r0,road_loopA_r1,7047.0,7136.0,89.0,1297.3,52.5,0
5496,car,4.5,road_loopA_f0,road_loopA_f1,7018.9,7136.1,117.2,1303.5,40.0,0
5460,car,4.5,road_loopA_r0,xloopA_0Bb,6990.2,7137.5,147.3,895.3,21.9,1
5497,car,4.5,road_loopA_f0,road_loopA_f1,7019.0,7137.9,118.9,1303.1,39.5,0
5498,car,4.5,road_loopA_f0,xloopA_0Ab,7022.2,7138.1,115.9,505.3,15.7,1
5502,car,4.5,xloopA_0Aa,road_loopA_f1,7024.4,7138.2,113.8,872.5,27.6,0
5456,car,4.5,road_loopA_f0,road_loopA_f1,6987.8,7138.6,150.8,1303.0,31.1,1
5523,suv,4.8,road_loopA_r0,road_loopA_r1,7050.0,7139.0,89.0,1297.3,52.5,0
5500,car,4.5,road_loopA_f0,road_loopA_f1,7022.9,7139.7,116.8,1303.6,40.2,0
5486,car,4.5,road_loopA_f0,road_loopA_f1,7011.0,7140.2,129.2,1304.0,36.3,1
5518,car,4.5,road_loopA_f0,xloopA_0Ab,7044.8,7140.7,95.9,505.0,18.9,1
5507,car,4.5,road_loopA_f0,road_loopA_f1,7033.3,7141.5,108.2,1304.0,43.4,0
5470,car,4.5,road_loopA_f0,road_loopA_f1,6999.1,7141.9,142.8,1303.9,32.9,1
5525,car,4.5,road_loopA_r0,road_loopA_r1,7050.5,7143.2,92.7,1298.3,50.4,0
5476,car,4.5,road_loopA_f0,road_loopA_f1,7005.4,7143.6,138.2,1303.4,34.0,1
5509,car,4.5,road_loopA_f0,road_loopA_f1,7035.6,7143.7,108.1,1304.2,43.4,0
5530,truck,8.5,road_loopA_f0,xloopA_0Ab,7053.0,7144.2,91.2,505.2,20.0,1
5529,suv,4.8,road_loopA_r0,road_loopA_r1,7052.4,7144.9,92.5,1298.2,50.5,0
5478,suv,4.8,road_loopA_f0,road_loopA_f1,7005.6,7145.7,140.1,1302.8,33.5,1
5374,car,4.5,xloopA_0Ba,road_loopA_f1,6908.5,7146.6,238.1,902.5,13.6,1
5533,car,4.5,road_loopA_r0,road_loopA_r1,7053.9,7146.6,92.7,1297.3,50.4,0
5522,car,4.5,road_loopA_f0,road_loopA_f1,7047.5,7146.8,99.3,1303.0,47.2,0
5503,suv,4.8,road_loopA_f0,road_loopA_f1,7024.4,7147.6,123.2,1303.3,38.1,0
5537,car,4.5,road_loopA_r0,road_loopA_r1,7056.8,7147.7,90.9,1297.6,51.4,0
5433,car,4.5,xloopA_0Ba,road_loopA_f1,6967.8,7148.7,180.9,902.7,18.0,0
5540,car,4.5,road_loopA_r0,road_loopA_r1,7058.3,7149.4,91.1,1298.1,51.3,0
5519,car,4.5,road_loopA_f0,road_loopA_f1,7045.4,7149.5,104.1,1303.2,45.1,0
5516,truck,8.5,road_loopA_f0,road_loopA_f1,7040.7,7149.8,109.1,1303.4,43.0,0
5551,car,4.5,xloopA_0Ba,xloopA_0Bb,7064.6,7150.2,85.6,84.1,3.5,1
5446,car,4.5,road_loopA_f0,road_loopA_f1,6975.8,7150.4,174.6,1303.6,26.9,1
5541,suv,4.8,road_loopA_r0,road_loopA_r1,7058.7,7151.4,92.7,1298.5,50.4,0
5448,car,4.5,road_loopA_f0,road_loopA_f1,6979.8,7152.0,172.2,1303.0,27.2,1
5513,car,4.5,road_loopA_f0,road_loopA_f1,7037.9,7152.1,114.2,1303.7,41.1,0
5459,suv,4.8,road_loopA_f0,road_loopA_f1,6989.0,7153.8,164.8,1303.4,28.5,1
5531,car,4.5,road_loopA_r0,road_loopA_r1,7053.1,7154.0,100.9,1297.9,46.3,0
5568,car,4.5,xloopA_0Aa,xloopA_0Ab,7077.4,7154.4,77.0,84.7,4.0,1
5648,car,4.5,xloopA_0Ba,xloopA_0Bb,7143.3,7154.8,11.5,84.0,26.3,0
5506,car,4.5,road_loopA_r0,road_loopA_r1,7032.7,7155.0,122.3,1297.8,38.2,0
5468,car,4.5,road_loopA_f0,road_loopA_f1,6998.0,7155.5,157.5,1302.9,29.8,1
5514,car,4.5,road_loopA_f0,road_loopA_f1,7039.0,7155.5,116.5,1303.8,40.3,0
5521,car,4.5,road_loopA_r0,road_loopA_r1,7047.3,7156.7,109.4,1297.4,42.7,0
5488,truck,8.5,road_loopA_f0,road_loopA_f1,7013.5,7157.7,144.2,1304.0,32.6,0
5526,car,4.5,road_loopA_r0,road_loopA_r1,7050.9,7157.8,106.9,1297.5,43.7,0
5524,car,4.5,road_loopA_r0,road_loopA_r1,7050.3,7158.5,108.2,1298.4,43.2,0
5512,suv,4.8,road_loopA_f0,road_loopA_f1,7037.7,7158.8,121.1,1303.4,38.7,0
5527,suv,4.8,road_loopA_f0,road_loopA_f1,7051.2,7159.1,107.9,1303.4,43.5,0
5491,car,4.5,road_loopA_f0,road_loopA_f1,7015.2,7159.9,144.7,1303.1,32.4,0
5535,car,4.5,road_loopA_f0,road_loopA_f1,7055.3,7160.7,105.4,1304.0,44.5,0
5528,car,4.5,road_loopA_f0,road_loopA_f1,7051.7,7161.1,109.4,1303.3,42.9,0
5495,car,4.5,road_loopA_f0,road_loopA_f1,7016.8,7161.7,144.9,1302.8,32.4,0
5539,car,4.5,road_loopA_f0,road_loopA_f1,7058.1,7162.5,104.4,1303.5,44.9,0
5549,suv,4.8,road_loopA_f0,road_loopA_f1,7064.2,7162.8,98.6,1303.8,47.6,0
5501,car,4.5,road_loopA_f0,road_loopA_f1,7024.0,7163.6,139.6,1302.9,33.6,0
5658,car,4.5,xloopA_0Aa,xloopA_0Ab,7152.8,7163.7,10.9,84.2,27.9,0
5543,car,4.5,road_loopA_f0,road_loopA_f1,7060.9,7164.4,103.5,1302.8,45.3,0
5554,car,4.5,road_loopA_f0,road_loopA_f1,7066.4,7164.5,98.1,1303.6,47.8,0
5505,car,4.5,road_loopA_f0,road_loopA_f1,7031.7,7165.5,133.8,1304.0,35.1,0
5561,suv,4.8,road_loopA_f0,road_loopA_f1,7073.0,7166.2,93.2,1303.3,50.3,0
5508,car,4.5,road_loopA_f0,road_loopA_f1,7035.3,7167.3,132.0,1304.1,35.6,0
5567,suv,4.8,road_loopA_f0,road_loopA_f1,7076.1,7167.6,91.5,1303.9,51.3,0
5565,suv,4.8,road_loopA_f0,road_loopA_f1,7075.6,7168.0,92.4,1303.4,50.8,0
5542,car,4.5,road_loopA_f0,road_loopA_f1,7059.5,7169.1,109.6,1304.0,42.8,0
5566,suv,4.8,road_loopA_f0,road_loopA_f1,7075.9,7170.0,94.1,1303.9,49.9,0
5570,car,4.5,road_loopA_f0,road_loopA_f1,7079.1,7170.7,91.6,1303.4,51.2,0
5546,truck,8.5,road_loopA_f0,road_loopA_f1,7063.6,7171.4,107.8,1303.5,43.5,0
5550,suv,4.8,road_loopA_f0,road_loopA_f1,7064.3,7172.7,108.4,1303.2,43.3,0
5576,car,4.5,road_loopA_f0,road_loopA_f1,7083.9,7173.4,89.5,1304.1,52.5,0
5580,truck,8.5,road_loopA_f0,road_loopA_f1,7085.5,7179.1,93.6,1303.5,50.1,0
5586,car,4.5,road_loopA_f0,road_loopA_f1,7089.8,7179.7,89.9,1303.8,52.2,0
5619,car,4.5,road_loopA_f0,xloopA_0Bb,7117.8,7181.1,63.3,478.8,27.2,1
5573,suv,4.8,road_loopA_f0,road_loopA_f1,7081.4,7182.0,100.6,1303.3,46.7,0
5579,car,4.5,road_loopA_f0,road_loopA_f1,7085.5,7182.8,97.3,1303.7,48.2,0
5464,bus,11.0,road_loopA_f0,road_loopA_f1,6993.8,7196.2,202.4,1303.2,23.2,3
5547,car,4.5,road_loopA_r0,road_loopA_r1,7064.0,7197.0,133.0,1298.6,35.1,1
5552,suv,4.8,road_loopA_r0,road_loopA_r1,7064.7,7198.5,133.8,1298.2,34.9,1
5538,car,4.5,road_loopA_r0,road_loopA_r1,7057.9,7199.8,141.9,1298.2,32.9,1
5604,suv,4.8,road_loopA_r0,xloopA_0Ab,7105.7,7200.5,94.8,869.3,33.0,1
5556,car,4.5,road_loopA_r0,road_loopA_r1,7067.7,7201.0,133.3,1297.3,35.0,1
5558,car,4.5,road_loopA_r0,road_loopA_r1,7068.0,7201.6,133.6,1298.6,35.0,1
5560,car,4.5,road_loopA_r0,road_loopA_r1,7072.0,7204.0,132.0,1297.7,35.4,1
5563,suv,4.8,road_loopA_r0,road_loopA_r1,7074.6,7204.7,130.1,1297.7,35.9,1
5515,car,4.5,xloopA_0Aa,road_loopA_r1,7040.7,7206.3,165.6,506.9,11.0,1
5564,car,4.5,road_loopA_r0,road_loopA_r1,7075.3,7206.3,131.0,1298.5,35.7,1
5536,car,4.5,road_loopA_r0,road_loopA_r1,7056.6,7208.0,151.4,1297.8,30.8,1
5559,suv,4.8,road_loopA_r0,road_loopA_r1,7071.9,7208.1,136.2,1297.7,34.3,1
5548,suv,4.8,road_loopA_r0,road_loopA_r1,7064.0,7209.7,145.7,1298.4,32.1,1
5571,car,4.5,road_loopA_r0,road_loopA_r1,7080.7,7209.7,129.0,1297.8,36.2,1
5562,suv,4.8,road_loopA_r0,road_loopA_r1,7074.3,7211.4,137.1,1297.8,34.1,1
5553,car,4.5,road_loopA_r0,road_loopA_r1,7066.3,7211.5,145.2,1297.9,32.2,1
5577,suv,4.8,road_loopA_r0,road_loopA_r1,7084.4,7211.5,127.1,1297.8,36.8,1
5557,suv,4.8,road_loopA_r0,road_loopA_r1,7067.7,7213.2,145.5,1298.4,32.1,1
5578,suv,4.8,road_loopA_r0,road_loopA_r1,7084.8,7213.8,129.0,1298.4,36.2,1
5574,suv,4.8,road_loopA_r0,road_loopA_r1,7081.8,7215.0,133.2,1297.9,35.1,1
5587,suv,4.8,road_loopA_r0,road_loopA_r1,7090.4,7215.9,125.5,1297.8,37.2,1
5575,car,4.5,road_loopA_r0,road_loopA_r1,7082.2,7216.4,134.2,1297.3,34.8,1
5584,car,4.5,road_loopA_r0,road_loopA_r1,7087.7,7217.0,129.3,1298.4,36.2,1
5585,car,4.5,road_loopA_r0,road_loopA_r1,7089.5,7218.1,128.6,1297.9,36.3,1
5589,suv,4.8,road_loopA_r0,road_loopA_r1,7094.2,7218.7,124.5,1297.6,37.5,2
5593,car,4.5,road_loopA_r0,road_loopA_r1,7096.5,7218.8,122.3,1298.4,38.2,1
5595,car,4.5,road_loopA_r0,road_loopA_r1,7097.7,7220.4,122.7,1297.3,38.1,1
5680,car,4.5,road_loopA_f0,xloopA_0Bb,7166.3,7220.7,54.4,478.9,31.7,0
5600,car,4.5,road_loopA_r0,road_loopA_r1,7102.2,7222.3,120.1,1298.0,38.9,1
5601,suv,4.8,road_loopA_r0,road_loopA_r1,7103.7,7224.9,121.2,1297.5,38.5,1
5582,truck,8.5,road_loopA_r0,road_loopA_r1,7086.8,7225.0,138.2,1297.9,33.8,0
5611,suv,4.8,road_loopA_r0,road_loopA_r1,7112.3,7226.7,114.4,1297.9,40.8,0
5614,car,4.5,road_loopA_r0,road_loopA_r1,7115.0,7227.5,112.5,1298.6,41.5,0
5590,car,4.5,road_loopA_f0,road_loopA_f1,7095.0,7229.0,134.0,1303.1,35.0,1
5618,suv,4.8,road_loopA_r0,road_loopA_r1,7117.2,7229.2,112.0,1297.8,41.7,0
5639,car,4.5,road_loopA_r0,road_loopA_r1,7136.7,7229.2,92.5,1298.6,50.6,0
5623,truck,8.5,road_loopA_r0,road_loopA_r1,7122.2,7229.9,107.7,1298.1,43.4,0
5592,car,4.5,road_loopA_f0,road_loopA_f1,7096.3,7230.8,134.5,1304.0,34.9,1
5633,car,4.5,road_loopA_r0,road_loopA_r1,7129.2,7231.4,102.2,1298.2,45.7,0
5598,car,4.5,road_loopA_f0,road_loopA_f1,7100.8,7232.5,131.7,1302.9,35.6,1
5603,car,4.5,road_loopA_f0,road_loopA_f1,7105.7,7232.7,127.0,1304.0,37.0,1
5637,car,4.5,road_loopA_r0,road_loopA_r1,7134.5,7233.1,98.6,1297.3,47.4,0
5643,car,4.5,road_loopA_r0,road_loopA_r1,7140.9,7236.0,95.1,1298.0,49.1,0
5596,suv,4.8,road_loopA_f0,road_loopA_f1,7098.9,7237.0,138.1,1303.9,34.0,1
5609,car,4.5,road_loopA_r0,road_loopA_r1,7110.2,7237.2,127.0,1297.6,36.8,0
5588,suv,4.8,road_loopA_f0,road_loopA_f1,7094.2,7237.3,143.1,1303.0,32.8,1
5632,truck,8.5,road_loopA_r0,road_loopA_r1,7128.1,7237.4,109.3,1297.3,42.7,0
5634,suv,4.8,road_loopA_r0,road_loopA_r1,7129.3,7238.9,109.6,1297.3,42.6,0
5591,suv,4.8,road_loopA_f0,road_loopA_f1,7095.4,7239.0,143.6,1303.7,32.7,1
5651,car,4.5,road_loopA_r0,road_loopA_r1,7148.1,7239.1,91.0,1298.5,51.4,0
5594,car,4.5,road_loopA_f0,road_loopA_f1,7097.0,7239.4,142.4,1304.1,33.0,1
5555,car,4.5,xloopA_0Aa,road_loopA_f1,7067.4,7239.5,172.1,872.5,18.3,1
5642,car,4.5,road_loopA_r0,road_loopA_r1,7140.1,7239.5,99.4,1298.4,47.0,0
5640,car,4.5,road_loopA_r0,road_loopA_r1,7137.4,7240.7,103.3,1298.0,45.2,0
5646,truck,8.5,road_loopA_r0,road_loopA_r1,7141.3,7241.6,100.3,1297.5,46.6,0
5655,suv,4.8,road_loopA_r0,road_loopA_r1,7151.7,7241.8,90.1,1298.7,51.9,0
5647,car,4.5,road_loopA_r0,road_loopA_r1,7142.7,7242.4,99.7,1297.5,46.8,0
5657,car,4.5,road_loopA_r0,road_loopA_r1,7152.2,7243.2,91.0,1298.0,51.4,0
5602,truck,8.5,road_loopA_f0,road_loopA_f1,7103.8,7243.3,139.5,1303.0,33.6,1
5650,car,4.5,road_loopA_r0,road_loopA_r1,7145.0,7243.7,98.7,1298.5,47.4,0
5597,suv,4.8,road_loopA_f0,road_loopA_f1,7100.6,7244.4,143.8,1303.6,32.6,1
5622,suv,4.8,road_loopA_f0,road_loopA_f1,7119.1,7245.2,126.1,1303.1,37.2,1
5653,car,4.5,road_loopA_r0,road_loopA_r1,7150.0,7245.4,95.4,1298.1,49.0,0
5605,car,4.5,road_loopA_f0,road_loopA_f1,7106.9,7245.5,138.6,1304.0,33.9,1
5612,car,4.5,road_loopA_f0,road_loopA_f1,7113.8,7247.0,133.2,1302.9,35.2,1
5626,car,4.5,road_loopA_f0,road_loopA_f1,7122.9,7247.2,124.3,1303.8,37.8,1
5628,car,4.5,road_loopA_f0,road_loopA_f1,7124.5,7248.0,123.5,1303.8,38.0,1
5608,bus,11.0,road_loopA_r0,road_loopA_r1,7110.0,7249.4,139.4,1298.4,33.5,1
5607,car,4.5,road_loopA_f0,road_loopA_f1,7109.3,7249.7,140.4,1302.8,33.4,1
5641,car,4.5,road_loopA_f0,road_loopA_f1,7138.9,7249.8,110.9,1303.8,42.3,0
5610,suv,4.8,road_loopA_r0,xloopA_0Bb,7112.2,7251.5,139.3,895.8,23.1,1
5645,car,4.5,road_loopA_f0,road_loopA_f1,7141.3,7251.6,110.3,1303.9,42.6,0
5669,car,4.5,road_loopA_r0,road_loopA_r1,7159.8,7251.6,91.8,1297.8,50.9,0
5532,suv,4.8,road_loopA_f0,xloopA_0Ab,7053.4,7252.0,198.6,505.4,9.2,2
5621,car,4.5,road_loopA_f0,road_loopA_f1,7119.0,7253.5,134.5,1303.2,34.9,1
5665,truck,8.5,road_loopA_r0,road_loopA_r1,7156.2,7253.5,97.3,1297.8,48.0,0
5545,suv,4.8,road_loopA_f0,xloopA_0Ab,7062.6,7254.7,192.1,505.7,9.5,2
5638,truck,8.5,road_loopA_r0,xloopA_0Bb,7135.9,7254.9,119.0,895.6,27.1,1
5625,truck,8.5,road_loopA_f0,road_loopA_f1,7122.6,7255.5,132.9,1303.8,35.3,1
5635,suv,4.8,road_loopA_f0,road_loopA_f1,7132.4,7255.5,123.1,1304.1,38.1,1
5631,car,4.5,xloopA_0Aa,road_loopA_f1,7127.7,7255.8,128.1,872.5,24.5,0
5678,car,4.5,road_loopA_r0,road_loopA_r1,7164.6,7256.3,91.7,1297.9,51.0,0
5674,car,4.5,road_loopA_r0,road_loopA_r1,7161.9,7256.4,94.5,1298.0,49.4,0
5652,car,4.5,road_loopA_f0,road_loopA_f1,7149.1,7257.1,108.0,1303.4,43.5,0
5569,car,4.5,road_loopA_f0,xloopA_0Ab,7078.0,7257.3,179.3,505.1,10.1,1
5636,suv,4.8,road_loopA_f0,road_loopA_f1,7133.2,7257.7,124.5,1303.8,37.7,0
5644,suv,4.8,road_loopA_f0,road_loopA_f1,7141.1,7258.1,117.0,1304.0,40.1,0
5676,car,4.5,road_loopA_r0,road_loopA_r1,7162.6,7258.2,95.6,1297.9,48.9,0
5661,suv,4.8,road_loopA_f0,road_loopA_f1,7153.5,7258.9,105.4,1304.0,44.6,0
5572,car,4.5,road_loopA_f0,xloopA_0Ab,7080.9,7260.0,179.1,505.4,10.2,1
5685,car,4.5,road_loopA_r0,road_loopA_r1,7170.9,7260.0,89.1,1297.7,52.4,0
5667,suv,4.8,road_loopA_f0,road_loopA_f1,7157.4,7260.6,103.2,1303.2,45.5,0
5649,car,4.5,road_loopA_f0,road_loopA_f1,7143.4,7261.7,118.3,1303.7,39.7,0
5668,car,4.5,road_loopA_f0,road_loopA_f1,7158.1,7261.9,103.8,1303.5,45.2,0
5583,car,4.5,road_loopA_f0,xloopA_0Ab,7087.1,7262.6,175.5,505.1,10.4,1
5686,car,4.5,road_loopA_r0,road_loopA_r1,7171.2,7263.0,91.8,1297.8,50.9,0
5672,car,4.5,road_loopA_f0,road_loopA_f1,7161.2,7263.7,102.5,1303.7,45.8,0
5654,truck,8.5,road_loopA_f0,road_loopA_f1,7150.4,7263.9,113.5,1303.1,41.3,0
5656,suv,4.8,road_loopA_r0,road_loopA_r1,7151.7,7264.5,112.8,1298.3,41.4,0
5660,car,4.5,road_loopA_f0,road_loopA_f1,7153.5,7265.1,111.6,1303.9,42.1,0
5684,suv,4.8,road_loopA_r0,road_loopA_r1,7170.1,7265.5,95.4,1297.7,49.0,0
5664,car,4.5,road_loopA_r0,road_loopA_r1,7155.7,7266.1,110.4,1297.7,42.3,0
5666,car,4.5,road_loopA_r0,road_loopA_r1,7157.1,7266.3,109.2,1297.3,42.8,0
5662,car,4.5,road_loopA_f0,road_loopA_f1,7154.6,7266.5,111.9,1303.9,41.9,0
5671,car,4.5,road_loopA_f0,road_loopA_f1,7161.0,7266.7,105.7,1303.3,44.4,0
5692,suv,4.8,road_loopA_r0,road_loopA_r1,7177.5,7266.7,89.2,1297.8,52.4,0
5675,car,4.5,road_loopA_f0,road_loopA_f1,7162.0,7268.3,106.3,1303.1,44.1,0
5758,car,4.5,xloopA_0Aa,xloopA_0Ab,7247.3,7268.4,21.1,84.5,14.4,0
5670,suv,4.8,road_loopA_r0,road_loopA_r1,7159.8,7268.5,108.7,1297.7,43.0,0
5682,car,4.5,xloopA_0Ba,xloopA_0Bb,7169.1,7269.5,100.4,84.5,3.0,1
5659,car,4.5,road_loopA_f0,road_loopA_f1,7153.4,7269.9,116.5,1303.7,40.3,0
5679,car,4.5,road_loopA_f0,road_loopA_f1,7164.8,7270.1,105.3,1303.4,44.6,0
5703,car,4.5,xloopA_0Ba,xloopA_0Bb,7186.7,7271.7,85.0,84.7,3.6,1
5688,car,4.5,road_loopA_f0,road_loopA_f1,7174.7,7271.9,97.2,1304.0,48.3,0
5630,car,4.5,road_loopA_f0,road_loopA_f1,7126.0,7272.5,146.5,1302.8,32.0,1
5599,car,4.5,xloopA_0Aa,road_loopA_f1,7101.5,7272.5,171.0,872.1,18.4,0
5615,suv,4.8,road_loopA_f0,road_loopA_f1,7116.8,7274.2,157.4,1302.9,29.8,1
5627,car,4.5,road_loopA_f0,road_loopA_f1,7124.4,7274.4,150.0,1303.1,31.3,1
5617,car,4.5,road_loopA_f0,road_loopA_f1,7116.9,7276.0,159.1,1303.9,29.5,1
5663,car,4.5,road_loopA_f0,road_loopA_f1,7155.0,7276.6,121.6,1302.8,38.6,0
5757,car,4.5,xloopA_0Ba,xloopA_0Bb,7247.2,7277.0,29.8,84.2,10.2,0
5624,car,4.5,road_loopA_f0,road_loopA_f1,7122.5,7277.6,155.1,1302.9,30.2,1
5689,car,4.5,road_loopA_f0,road_loopA_f1,7175.3,7278.4,103.1,1304.0,45.5,0
5690,suv,4.8,road_loopA_f0,road_loopA_f1,7176.0,7278.6,102.6,1303.3,45.7,0
5691,car,4.5,road_loopA_f0,road_loopA_f1,7176.7,7280.1,103.4,1303.6,45.4,0
5693,car,4.5,road_loopA_f0,road_loopA_f1,7178.2,7280.5,102.3,1304.1,45.9,0
5704,car,4.5,road_loopA_f0,road_loopA_f1,7187.9,7282.3,94.4,1304.0,49.7,0
5677,truck,8.5,road_loopA_f0,road_loopA_f1,7163.7,7282.6,118.9,1303.6,39.5,0
5705,car,4.5,road_loopA_f0,road_loopA_f1,7188.8,7284.0,95.2,1303.1,49.3,0
5681,car,4.5,road_loopA_f0,road_loopA_f1,7166.5,7284.1,117.6,1303.7,39.9,0
5709,suv,4.8,road_loopA_f0,road_loopA_f1,7196.0,7285.9,89.9,1303.0,52.2,0
5712,car,4.5,road_loopA_f0,road_loopA_f1,7199.7,7289.1,89.4,1302.8,52.5,0
5746,car,4.5,road_loopA_f0,xloopA_0Bb,7240.3,7293.6,53.3,478.7,32.3,1
5629,bus,11.0,road_loopA_f0,road_loopA_f1,7124.6,7294.9,170.3,1303.5,27.6,2
5715,suv,4.8,road_loopA_r0,xloopA_0Ab,7206.9,7301.4,94.5,869.4,33.1,1
5698,car,4.5,road_loopA_f0,road_loopA_f1,7181.3,7302.7,121.4,1303.7,38.7,0
5616,bus,11.0,road_loopA_f0,road_loopA_f1,7116.8,7305.4,188.6,1303.5,24.9,2
5696,suv,4.8,road_loopA_r0,road_loopA_r1,7179.8,7312.4,132.6,1298.6,35.3,1
5706,suv,4.8,road_loopA_r0,road_loopA_r1,7190.5,7316.7,126.2,1297.9,37.0,1
5700,suv,4.8,road_loopA_r0,road_loopA_r1,7184.3,7317.6,133.3,1297.4,35.0,1
5687,car,4.5,road_loopA_r0,road_loopA_r1,7173.4,7317.7,144.3,1298.1,32.4,1
5723,suv,4.8,road_loopA_r0,road_loopA_r1,7213.0,7319.4,106.4,1298.4,43.9,0
5720,car,4.5,road_loopA_r0,road_loopA_r1,7210.3,7319.6,109.3,1297.7,42.7,1
5727,car,4.5,road_loopA_r0,road_loopA_r1,7216.6,7321.2,104.6,1297.3,44.6,0
5694,car,4.5,road_loopA_r0,road_loopA_r1,7179.0,7321.8,142.8,1297.4,32.7,1
5718,car,4.5,road_loopA_r0,road_loopA_r1,7209.7,7323.6,113.9,1297.6,41.0,1
5695,truck,8.5,road_loopA_r0,road_loopA_r1,7179.6,7324.0,144.4,1297.8,32.4,1
5707,suv,4.8,road_loopA_r0,road_loopA_r1,7194.9,7325.7,130.8,1298.5,35.7,1
5721,suv,4.8,road_loopA_r0,road_loopA_r1,7210.3,7326.4,116.1,1297.5,40.2,0
5710,car,4.5,road_loopA_r0,road_loopA_r1,7196.7,7328.4,131.7,1297.3,35.5,1
5739,car,4.5,road_loopA_r0,road_loopA_r1,7233.5,7330.1,96.6,1298.1,48.4,0
5716,car,4.5,road_loopA_r0,road_loopA_r1,7207.6,7331.7,124.1,1298.0,37.7,0
5711,car,4.5,xloopA_0Aa,road_loopA_r1,7197.4,7331.9,134.5,507.0,13.6,1
5701,car,4.5,road_loopA_r0,road_loopA_r1,7185.2,7334.2,149.0,1297.8,31.4,1
5730,truck,8.5,road_loopA_r0,road_loopA_r1,7217.6,7334.9,117.3,1297.8,39.8,0
5735,bus,11.0,road_loopA_r0,road_loopA_r1,7226.6,7335.6,109.0,1297.5,42.9,0
5733,car,4.5,xloopA_0Ba,road_loopA_r1,7223.4,7336.2,112.8,476.8,15.2,0
5745,car,4.5,road_loopA_r0,road_loopA_r1,7240.2,7336.8,96.6,1297.3,48.3,0
5708,car,4.5,road_loopA_r0,road_loopA_r1,7195.1,7337.7,142.6,1297.7,32.8,0
5756,car,4.5,road_loopA_r0,road_loopA_r1,7246.8,7338.7,91.9,1297.5,50.8,0
5719,truck,8.5,road_loopA_r0,road_loopA_r1,7209.9,7339.0,129.1,1298.1,36.2,0
5722,car,4.5,road_loopA_f0,road_loopA_f1,7211.6,7339.7,128.1,1303.5,36.6,1
5717,car,4.5,road_loopA_f0,road_loopA_f1,7208.6,7339.8,131.2,1303.8,35.8,1
5747,suv,4.8,road_loopA_r0,road_loopA_r1,7241.2,7340.5,99.3,1298.2,47.1,0
5744,car,4.5,road_loopA_r0,road_loopA_r1,7239.8,7340.9,101.1,1297.3,46.2,0
5728,car,4.5,road_loopA_f0,road_loopA_f1,7217.4,7341.5,124.1,1304.0,37.8,1
5731,truck,8.5,road_loopA_r0,road_loopA_r1,7221.5,7343.6,122.1,1298.1,38.3,0
5725,bus,11.0,road_loopA_r0,road_loopA_r1,7213.7,7344.3,130.6,1298.3,35.8,1
5606,car,4.5,road_loopA_f0,xloopA_0Ab,7107.4,7344.8,237.4,505.4,7.7,2
894,tram,34.0,loopA,loopA,2935.1,7345.1,4410.0,33702.6,27.5,43
1217,tram,34.0,loopB,loopB,3195.9,7345.1,4149.2,33672.6,29.2,41
5713,truck,8.5,road_loopA_r0,xloopA_0Bb,7204.1,7345.4,141.3,895.2,22.8,1
5759,car,4.5,road_loopA_r0,road_loopA_r1,7248.1,7345.9,97.8,1297.9,47.8,0
5748,car,4.5,road_loopA_r0,road_loopA_r1,7241.8,7346.0,104.2,1298.5,44.8,0
5752,car,4.5,road_loopA_r0,road_loopA_r1,7243.7,7346.5,102.8,1297.8,45.4,0
5613,car,4.5,road_loopA_f0,xloopA_0Ab,7114.2,7347.4,233.2,505.4,7.8,2
5754,car,4.5,road_loopA_r0,road_loopA_r1,7244.6,7347.7,103.1,1298.5,45.4,0
5755,car,4.5,road_loopA_r0,road_loopA_r1,7245.3,7348.3,103.0,1297.9,45.3,0
5750,car,4.5,road_loopA_r0,xloopA_0Bb,7242.1,7348.4,106.3,895.4,30.3,1
5764,car,4.5,road_loopA_r0,road_loopA_r1,7253.3,7348.4,95.1,1298.3,49.2,0
5697,bus,11.0,road_loopA_r0,road_loopA_r1,7180.9,7349.0,168.1,1297.4,27.8,2
5620,suv,4.8,road_loopA_f0,xloopA_0Ab,7118.8,7350.0,231.2,504.9,7.9,2
5762,car,4.5,road_loopA_r0,road_loopA_r1,7252.4,7350.0,97.6,1297.7,47.9,0
5769,car,4.5,road_loopA_r0,road_loopA_r1,7258.8,7350.5,91.7,1297.3,50.9,0
5767,suv,4.8,road_loopA_r0,road_loopA_r1,7256.1,7351.8,95.7,1298.6,48.8,0
5683,car,4.5,road_loopA_f0,xloopA_0Ab,7169.6,7352.7,183.1,505.1,9.9,2
5770,car,4.5,road_loopA_r0,road_loopA_r1,7259.3,7353.2,93.9,1297.9,49.8,0
5714,suv,4.8,road_loopA_f0,road_loopA_f1,7205.2,7354.0,148.8,1303.1,31.5,1
5699,car,4.5,road_loopA_f0,xloopA_0Ab,7183.5,7355.4,171.9,505.4,10.6,2
5778,car,4.5,road_loopA_r0,road_loopA_r1,7267.8,7356.8,89.0,1297.3,52.5,0
5776,car,4.5,road_loopA_r0,road_loopA_r1,7264.5,7357.8,93.3,1298.0,50.1,0
5734,car,4.5,road_loopA_f0,road_loopA_f1,7223.8,7358.2,134.4,1303.8,34.9,1
5729,car,4.5,road_loopA_f0,road_loopA_f1,7217.7,7358.6,140.9,1303.4,33.3,1
5806,car,4.5,xloopA_0Aa,xloopA_0Ab,7300.9,7359.5,58.6,84.4,5.2,1
5702,bus,11.0,road_loopA_f0,road_loopA_f1,7185.5,7359.7,174.2,1303.1,26.9,2
5726,car,4.5,road_loopA_f0,road_loopA_f1,7215.7,7360.2,144.5,1303.8,32.5,1
5736,suv,4.8,road_loopA_f0,road_loopA_f1,7227.0,7360.3,133.3,1303.8,35.2,1
5737,car,4.5,road_loopA_f0,road_loopA_f1,7227.8,7361.2,133.4,1303.1,35.2,1
5741,car,4.5,road_loopA_f0,road_loopA_f1,7236.8,7362.1,125.3,1303.3,37.5,1
5749,suv,4.8,road_loopA_f0,road_loopA_f1,7242.2,7363.0,120.8,1303.7,38.8,1
5760,car,4.5,road_loopA_f0,road_loopA_f1,7248.7,7363.8,115.1,1303.1,40.8,0
5743,car,4.5,road_loopA_f0,road_loopA_f1,7239.0,7364.7,125.7,1303.2,37.3,1
5841,car,4.5,xloopA_0Aa,xloopA_0Ab,7327.6,7364.7,37.1,84.3,8.2,1
5763,truck,8.5,road_loopA_f0,road_loopA_f1,7252.8,7365.7,112.9,1303.7,41.6,0
5761,car,4.5,road_loopA_f0,road_loopA_f1,7251.2,7366.4,115.2,1303.7,40.7,0
5771,suv,4.8,road_loopA_f0,road_loopA_f1,7259.9,7367.9,108.0,1302.9,43.4,0
5673,car,4.5,xloopA_0Ba,road_loopA_f1,7161.5,7368.7,207.2,902.8,15.7,1
5738,suv,4.8,road_loopA_f0,road_loopA_f1,7228.8,7368.8,140.0,1303.2,33.5,1
5768,suv,4.8,road_loopA_f0,road_loopA_f1,7257.1,7369.4,112.3,1303.2,41.8,0
5870,car,4.5,xloopA_0Aa,xloopA_0Ab,7357.1,7369.6,12.5,84.1,24.1,0
5751,suv,4.8,road_loopA_f0,road_loopA_f1,7242.4,7370.6,128.2,1304.0,36.6,1
5781,truck,8.5,road_loopA_f0,road_loopA_f1,7272.4,7371.6,99.2,1304.0,47.3,0
5773,car,4.5,road_loopA_f0,road_loopA_f1,7262.7,7373.6,110.9,1303.7,42.3,0
5780,car,4.5,road_loopA_f0,road_loopA_f1,7271.2,7373.6,102.4,1302.9,45.8,0
5779,suv,4.8,road_loopA_f0,road_loopA_f1,7268.7,7375.4,106.7,1304.0,44.0,0
5784,truck,8.5,road_loopA_f0,road_loopA_f1,7274.4,7375.7,101.3,1302.9,46.3,0
5775,suv,4.8,road_loopA_f0,road_loopA_f1,7263.9,7377.2,113.3,1303.5,41.4,0
5789,car,4.5,road_loopA_f0,road_loopA_f1,7276.4,7377.9,101.5,1302.9,46.2,0
5782,car,4.5,road_loopA_f0,road_loopA_f1,7273.4,7379.0,105.6,1303.9,44.5,0
5788,car,4.5,road_loopA_f0,road_loopA_f1,7275.7,7379.7,104.0,1303.8,45.1,0
5785,car,4.5,road_loopA_f0,road_loopA_f1,7274.7,7380.8,106.1,1304.1,44.3,0
5753,car,4.5,xloopA_0Ba,road_loopA_f1,7244.3,7381.3,137.0,902.3,23.7,0
5798,car,4.5,road_loopA_f0,road_loopA_f1,7284.1,7381.5,97.4,1304.2,48.2,0
5793,car,4.5,road_loopA_f0,road_loopA_f1,7280.4,7382.7,102.3,1303.6,45.9,0
5732,car,4.5,road_loopA_f0,road_loopA_f1,7223.0,7383.0,160.0,1303.8,29.3,1
5794,car,4.5,road_loopA_f0,road_loopA_f1,7280.5,7383.3,102.8,1303.3,45.7,0
5740,car,4.5,road_loopA_f0,road_loopA_f1,7233.6,7384.6,151.0,1303.4,31.1,1
5799,car,4.5,road_loopA_f0,road_loopA_f1,7285.4,7384.8,99.4,1304.1,47.2,0
5765,car,4.5,road_loopA_r0,xloopA_0Ab,7253.5,7386.2,132.7,869.2,23.6,3
5772,car,4.5,road_loopA_f0,road_loopA_f1,7261.8,7386.2,124.4,1302.9,37.7,0
5777,car,4.5,road_loopA_f0,road_loopA_f1,7267.2,7387.8,120.6,1304.0,38.9,0
5774,car,4.5,road_loopA_f0,road_loopA_f1,7263.4,7388.0,124.6,1304.0,37.7,0
5800,car,4.5,road_loopA_f0,road_loopA_f1,7289.8,7389.0,99.2,1303.8,47.3,0
5786,truck,8.5,road_loopA_f0,road_loopA_f1,7275.4,7392.4,117.0,1303.5,40.1,0
5783,suv,4.8,road_loopA_r0,road_loopA_r1,7273.7,7403.4,129.7,1298.2,36.0,1
5795,suv,4.8,road_loopA_r0,road_loopA_r1,7281.4,7406.4,125.0,1298.1,37.4,1
5814,car,4.5,road_loopA_r0,xloopA_0Ab,7306.7,7406.9,100.2,869.1,31.2,1
5790,suv,4.8,road_loopA_r0,road_loopA_r1,7276.5,7408.2,131.7,1297.7,35.5,1
5803,suv,4.8,road_loopA_r0,road_loopA_r1,7299.2,7408.3,109.1,1298.6,42.9,1
5804,car,4.5,road_loopA_r0,road_loopA_r1,7299.7,7410.1,110.4,1298.1,42.3,1
5805,suv,4.8,road_loopA_r0,road_loopA_r1,7299.8,7413.9,114.1,1297.8,40.9,1
5809,suv,4.8,road_loopA_r0,road_loopA_r1,7304.0,7415.7,111.7,1297.3,41.8,1
5820,car,4.5,road_loopA_r0,road_loopA_r1,7311.9,7417.0,105.1,1298.7,44.5,0
5792,car,4.5,xloopA_0Ba,road_loopA_r1,7278.0,7418.8,140.8,476.6,12.2,1
5822,car,4.5,road_loopA_r0,road_loopA_r1,7314.7,7419.0,104.3,1297.4,44.8,0
5834,car,4.5,road_loopA_r0,road_loopA_r1,7320.1,7419.4,99.3,1298.1,47.1,0
5787,suv,4.8,road_loopA_r0,road_loopA_r1,7275.4,7421.9,146.5,1297.6,31.9,1
5816,truck,8.5,road_loopA_r0,road_loopA_r1,7307.7,7424.0,116.3,1297.3,40.1,0
5873,car,4.5,xloopA_0Aa,road_loopA_r1,7358.2,7424.4,66.2,507.2,27.6,0
5840,car,4.5,road_loopA_r0,road_loopA_r1,7325.8,7424.9,99.1,1298.3,47.2,0
5824,car,4.5,road_loopA_r0,road_loopA_r1,7316.1,7426.1,110.0,1297.5,42.5,0
5791,car,4.5,road_loopA_r0,road_loopA_r1,7277.4,7426.4,149.0,1297.7,31.3,1
5851,car,4.5,road_loopA_r0,road_loopA_r1,7333.9,7427.0,93.1,1298.7,50.2,0
5830,car,4.5,road_loopA_r0,road_loopA_r1,7317.3,7427.9,110.6,1297.9,42.3,0
5802,suv,4.8,road_loopA_r0,road_loopA_r1,7292.7,7428.2,135.5,1297.8,34.5,0
5831,car,4.5,road_loopA_r0,road_loopA_r1,7317.4,7429.6,112.2,1297.8,41.7,0
5808,car,4.5,road_loopA_r0,road_loopA_r1,7304.1,7430.0,125.9,1297.5,37.1,0
5846,car,4.5,road_loopA_r0,road_loopA_r1,7332.3,7430.9,98.6,1298.6,47.4,0
5807,car,4.5,road_loopA_f0,road_loopA_f1,7303.2,7431.1,127.9,1303.0,36.7,1
5811,suv,4.8,road_loopA_r0,road_loopA_r1,7305.8,7432.0,126.2,1298.1,37.0,0
5849,car,4.5,road_loopA_r0,road_loopA_r1,7333.2,7432.4,99.2,1297.7,47.1,0
5815,car,4.5,road_loopA_r0,road_loopA_r1,7307.6,7432.9,125.3,1297.5,37.3,0
5819,suv,4.8,road_loopA_f0,road_loopA_f1,7310.2,7433.2,123.0,1303.3,38.2,1
5826,car,4.5,road_loopA_f0,road_loopA_f1,7316.7,7434.2,117.5,1302.8,39.9,1
5823,suv,4.8,road_loopA_r0,road_loopA_r1,7316.1,7434.4,118.3,1298.3,39.5,0
5818,car,4.5,road_loopA_r0,road_loopA_r1,7310.0,7434.6,124.6,1297.5,37.5,0
5837,car,4.5,road_loopA_r0,road_loopA_r1,7323.5,7435.3,111.8,1298.3,41.8,0
5839,car,4.5,road_loopA_r0,road_loopA_r1,7324.0,7435.7,111.7,1298.3,41.9,0
5832,suv,4.8,road_loopA_f0,road_loopA_f1,7317.7,7436.1,118.4,1303.1,39.6,1
5842,suv,4.8,road_loopA_r0,road_loopA_r1,7328.2,7438.0,109.8,1297.4,42.5,0
5825,car,4.5,road_loopA_r0,road_loopA_r1,7316.3,7438.4,122.1,1297.6,38.3,0
5817,suv,4.8,road_loopA_f0,road_loopA_f1,7308.9,7438.8,129.9,1303.9,36.1,1
5835,car,4.5,road_loopA_f0,road_loopA_f1,7320.5,7438.9,118.4,1303.3,39.6,1
5829,car,4.5,xloopA_0Aa,road_loopA_f1,7317.1,7441.1,124.0,872.7,25.3,1
5844,car,4.5,road_loopA_f0,road_loopA_f1,7329.4,7441.6,112.2,1303.8,41.8,1
5855,suv,4.8,road_loopA_r0,road_loopA_r1,7340.3,7442.0,101.7,1298.0,46.0,0
5813,truck,8.5,road_loopA_f0,road_loopA_f1,7306.4,7442.7,136.3,1303.1,34.4,1
5847,car,4.5,road_loopA_f0,road_loopA_f1,7332.5,7443.9,111.4,1303.0,42.1,1
5857,suv,4.8,road_loopA_r0,road_loopA_r1,7347.3,7444.9,97.6,1297.3,47.8,0
5868,car,4.5,road_loopA_r0,road_loopA_r1,7356.2,7445.1,88.9,1297.3,52.5,0
5821,truck,8.5,road_loopA_f0,road_loopA_f1,7313.4,7445.6,132.2,1302.8,35.5,1
5850,car,4.5,road_loopA_f0,road_loopA_f1,7333.4,7445.9,112.5,1303.1,41.7,1
5864,car,4.5,road_loopA_r0,road_loopA_r1,7351.8,7446.6,94.8,1297.4,49.3,0
5828,car,4.5,road_loopA_f0,road_loopA_f1,7316.9,7447.9,131.0,1303.4,35.8,1
5853,car,4.5,road_loopA_f0,road_loopA_f1,7336.0,7448.8,112.8,1302.8,41.6,1
5833,car,4.5,road_loopA_f0,road_loopA_f1,7318.6,7449.2,130.6,1304.1,35.9,1
5854,suv,4.8,road_loopA_f0,road_loopA_f1,7337.2,7450.5,113.3,1303.0,41.4,0
5836,car,4.5,road_loopA_f0,road_loopA_f1,7322.0,7452.5,130.5,1303.9,36.0,1
5838,suv,4.8,road_loopA_f0,road_loopA_f1,7323.5,7452.6,129.1,1303.2,36.3,1
5876,suv,4.8,road_loopA_r0,road_loopA_r1,7362.7,7452.6,89.9,1297.7,51.9,0
5797,bus,11.0,road_loopA_r0,road_loopA_r1,7283.9,7454.4,170.5,1298.2,27.4,2
5881,car,4.5,road_loopA_r0,road_loopA_r1,7365.1,7454.7,89.6,1297.9,52.2,0
5863,truck,8.5,road_loopA_r0,road_loopA_r1,7351.5,7455.2,103.7,1297.9,45.1,0
5869,suv,4.8,road_loopA_r0,road_loopA_r1,7356.8,7457.2,100.4,1297.6,46.5,0
5812,car,4.5,road_loopA_r0,xloopA_0Bb,7306.0,7457.8,151.8,895.3,21.2,1
5810,truck,8.5,road_loopA_f0,road_loopA_f1,7305.0,7458.1,153.1,1303.7,30.6,1
5724,car,4.5,road_loopA_f0,xloopA_0Ab,7213.2,7458.4,245.2,505.4,7.4,2
5880,suv,4.8,road_loopA_r0,road_loopA_r1,7364.3,7458.4,94.1,1297.5,49.7,0
5874,car,4.5,road_loopA_f0,road_loopA_f1,7359.2,7459.9,100.7,1303.7,46.6,0
5883,car,4.5,road_loopA_r0,road_loopA_r1,7368.9,7460.0,91.1,1298.6,51.3,0
5856,car,4.5,road_loopA_f0,road_loopA_f1,7346.8,7460.2,113.4,1304.0,41.4,0
5890,car,4.5,road_loopA_r0,xloopA_0Bb,7374.1,7460.4,86.3,895.3,37.3,1
5742,car,4.5,road_loopA_f0,xloopA_0Ab,7238.5,7461.0,222.5,505.4,8.2,2
5867,car,4.5,road_loopA_f0,road_loopA_f1,7354.7,7462.7,108.0,1304.0,43.5,0
5843,car,4.5,road_loopA_f0,road_loopA_f1,7328.5,7463.1,134.6,1303.2,34.8,1
5872,suv,4.8,road_loopA_r0,road_loopA_r1,7357.4,7464.2,106.8,1298.0,43.8,0
5887,car,4.5,road_loopA_f0,road_loopA_f1,7373.0,7464.3,91.3,1302.8,51.4,0
5801,truck,8.5,road_loopA_f0,xloopA_0Ab,7290.6,7464.5,173.9,505.6,10.5,2
5884,car,4.5,road_loopA_r0,road_loopA_r1,7370.3,7466.4,96.1,1297.5,48.6,0
5893,car,4.5,road_loopA_f0,road_loopA_f1,7375.7,7466.4,90.7,1303.8,51.8,0
5865,car,4.5,road_loopA_r0,road_loopA_r1,7352.8,7466.9,114.1,1297.5,41.0,0
5906,car,4.5,road_loopA_f0,xloopA_0Ab,7383.2,7467.5,84.3,505.3,21.6,1
5845,suv,4.8,road_loopA_f0,road_loopA_f1,7331.9,7468.2,136.3,1303.4,34.4,1
5885,car,4.5,road_loopA_f0,road_loopA_f1,7372.3,7469.2,96.9,1303.3,48.4,0
5879,suv,4.8,road_loopA_r0,road_loopA_r1,7363.7,7469.4,105.7,1297.7,44.2,0
5848,car,4.5,road_loopA_f0,road_loopA_f1,7332.6,7469.8,137.2,1303.1,34.2,0
5891,suv,4.8,road_loopA_r0,road_loopA_r1,7374.2,7470.3,96.1,1297.4,48.6,0
5796,car,4.5,xloopA_0Ba,road_loopA_f1,7282.3,7470.8,188.5,902.8,17.2,1
5901,suv,4.8,road_loopA_r0,road_loopA_r1,7379.6,7471.0,91.4,1297.9,51.1,0
5858,suv,4.8,road_loopA_f0,road_loopA_f1,7347.3,7471.5,124.2,1302.9,37.8,0
5888,suv,4.8,road_loopA_r0,road_loopA_r1,7373.0,7471.5,98.5,1297.5,47.4,0
5877,car,4.5,road_loopA_f0,road_loopA_f1,7362.9,7472.5,109.6,1303.5,42.8,0
5904,car,4.5,road_loopA_r0,road_loopA_r1,7382.7,7472.7,90.0,1297.5,51.9,0
5859,truck,8.5,road_loopA_f0,road_loopA_f1,7347.7,7473.0,125.3,1303.7,37.5,0
5860,suv,4.8,road_loopA_f0,road_loopA_f1,7348.3,7473.3,125.0,1303.6,37.5,0
5882,car,4.5,xloopA_0Ba,xloopA_0Bb,7368.2,7473.8,105.6,84.3,2.9,1
5896,suv,4.8,road_loopA_f0,road_loopA_f1,7377.2,7474.2,97.0,1303.2,48.4,0
5862,car,4.5,road_loopA_f0,road_loopA_f1,7350.4,7475.0,124.6,1303.5,37.7,0
5861,suv,4.8,road_loopA_f0,road_loopA_f1,7349.8,7475.1,125.3,1304.1,37.5,0
5898,car,4.5,road_loopA_r0,road_loopA_r1,7378.6,7475.1,96.5,1298.0,48.4,0
5942,car,4.5,xloopA_0Aa,xloopA_0Ab,7420.5,7475.3,54.8,84.7,5.6,1
5897,car,4.5,road_loopA_f0,road_loopA_f1,7378.2,7476.0,97.8,1303.1,48.0,0
5866,car,4.5,road_loopA_f0,road_loopA_f1,7354.2,7476.8,122.6,1302.8,38.2,0
5886,car,4.5,xloopA_0Ba,xloopA_0Bb,7372.8,7476.9,104.1,84.6,2.9,1
5894,car,4.5,road_loopA_f0,road_loopA_f1,7375.9,7476.9,101.0,1303.9,46.5,0
5965,car,4.5,xloopA_0Aa,xloopA_0Ab,7437.5,7477.4,39.9,84.8,7.6,1
5899,truck,8.5,road_loopA_f0,road_loopA_f1,7378.7,7478.5,99.8,1304.1,47.0,0
5871,car,4.5,road_loopA_f0,road_loopA_f1,7357.4,7478.6,121.2,1304.1,38.7,0
5875,suv,4.8,road_loopA_f0,road_loopA_f1,7360.3,7478.7,118.4,1303.4,39.6,0
5923,car,4.5,xloopA_0Ba,xloopA_0Bb,7393.5,7479.0,85.5,84.6,3.6,1
5892,car,4.5,road_loopA_f0,road_loopA_f1,7375.6,7480.5,104.9,1303.6,44.7,0
5909,car,4.5,road_loopA_f0,road_loopA_f1,7384.8,7480.5,95.7,1302.9,49.0,0
5933,car,4.5,xloopA_0Ba,xloopA_0Bb,7409.8,7481.2,71.4,84.7,4.3,0
5900,car,4.5,road_loopA_f0,road_loopA_f1,7379.6,7482.4,102.8,1303.9,45.6,0
5972,car,4.5,xloopA_0Aa,xloopA_0Ab,7440.9,7482.7,41.8,84.0,7.2,0
5895,car,4.5,road_loopA_f0,road_loopA_f1,7376.3,7483.4,107.1,1303.4,43.8,0
5985,car,4.5,xloopA_0Ba,xloopA_0Bb,7455.5,7483.7,28.2,84.2,10.7,0
5984,car,4.5,xloopA_0Aa,xloopA_0Ab,7454.9,7484.7,29.8,84.6,10.2,0
5915,car,4.5,road_loopA_f0,road_loopA_f1,7389.4,7484.8,95.4,1303.1,49.2,0
5914,truck,8.5,road_loopA_f0,road_loopA_f1,7388.9,7485.5,96.6,1303.8,48.6,0
5989,car,4.5,xloopA_0Ba,xloopA_0Bb,7462.8,7485.9,23.1,84.1,13.1,0
5999,car,4.5,xloopA_0Aa,xloopA_0Ab,7470.9,7486.5,15.6,84.8,19.6,0
5905,car,4.5,road_loopA_f0,road_loopA_f1,7383.1,7487.6,104.5,1303.2,44.9,0
5921,truck,8.5,road_loopA_f0,road_loopA_f1,7392.9,7491.8,98.9,1303.6,47.4,0
5957,car,4.5,road_loopA_f0,xloopA_0Bb,7433.3,7493.6,60.3,478.5,28.6,1
5919,car,4.5,road_loopA_f0,road_loopA_f1,7392.4,7496.4,104.0,1303.5,45.1,0
5922,car,4.5,road_loopA_f0,road_loopA_f1,7393.2,7497.1,103.9,1303.7,45.2,0
5913,car,4.5,road_loopA_f0,road_loopA_f1,7388.6,7498.2,109.6,1303.3,42.8,0
5920,suv,4.8,road_loopA_f0,road_loopA_f1,7392.5,7498.3,105.8,1302.8,44.3,0
5852,bus,11.0,road_loopA_r0,road_loopA_r1,7335.8,7502.3,166.5,1298.3,28.1,2
5932,suv,4.8,road_loopA_f0,road_loopA_f1,7408.7,7504.0,95.3,1302.8,49.2,0
5827,bus,11.0,road_loopA_f0,road_loopA_f1,7316.7,7506.0,189.3,1303.0,24.8,3
5951,suv,4.8,road_loopA_r0,xloopA_0Ab,7427.5,7518.1,90.6,869.4,34.5,1
5912,suv,4.8,road_loopA_r0,road_loopA_r1,7386.2,7518.8,132.6,1297.8,35.2,1
5929,car,4.5,road_loopA_f0,road_loopA_f1,7404.0,7519.5,115.5,1302.9,40.6,0
5916,car,4.5,road_loopA_r0,road_loopA_r1,7390.7,7520.5,129.8,1298.7,36.0,1
5918,car,4.5,road_loopA_r0,road_loopA_r1,7391.5,7523.1,131.6,1298.7,35.5,1
5925,car,4.5,road_loopA_r0,road_loopA_r1,7396.0,7523.5,127.5,1298.5,36.7,0
5889,suv,4.8,road_loopA_r0,road_loopA_r1,7373.4,7527.9,154.5,1297.7,30.2,1
5910,car,4.5,road_loopA_r0,road_loopA_r1,7385.8,7528.4,142.6,1298.4,32.8,1
5903,suv,4.8,road_loopA_r0,road_loopA_r1,7380.6,7531.3,150.7,1297.8,31.0,1
5924,car,4.5,road_loopA_r0,road_loopA_r1,7395.5,7531.4,135.9,1298.6,34.4,1
5908,truck,8.5,road_loopA_r0,road_loopA_r1,7384.5,7534.0,149.5,1297.3,31.2,1
5949,car,4.5,road_loopA_r0,road_loopA_r1,7423.2,7535.4,112.2,1297.6,41.6,13
5928,car,4.5,road_loopA_r0,road_loopA_r1,7402.6,7536.1,133.5,1297.3,35.0,1
5878,car,4.5,road_loopA_r0,road_loopA_r1,7363.3,7538.3,175.0,1297.4,26.7,1
5954,suv,4.8,road_loopA_r0,road_loopA_r1,7431.9,7538.4,106.5,1298.5,43.9,0
5930,suv,4.8,road_loopA_r0,road_loopA_r1,7405.5,7538.5,133.0,1297.8,35.1,1
5907,truck,8.5,road_loopA_r0,road_loopA_r1,7383.8,7540.5,156.7,1297.8,29.8,1
5931,suv,4.8,road_loopA_r0,road_loopA_r1,7408.1,7541.4,133.3,1298.4,35.1,1
5946,truck,8.5,road_loopA_r0,road_loopA_r1,7421.2,7541.8,120.6,1298.0,38.7,0
5917,suv,4.8,road_loopA_r0,road_loopA_r1,7391.2,7542.4,151.2,1297.3,30.9,1
5940,car,4.5,road_loopA_r0,road_loopA_r1,7420.0,7543.5,123.5,1298.3,37.8,1
5944,car,4.5,road_loopA_r0,road_loopA_r1,7420.8,7544.1,123.3,1297.5,37.9,1
5953,car,4.5,road_loopA_r0,road_loopA_r1,7430.2,7546.2,116.0,1298.4,40.3,0
5937,suv,4.8,road_loopA_f0,road_loopA_f1,7417.0,7546.3,129.3,1303.1,36.3,1
5955,car,4.5,road_loopA_r0,road_loopA_r1,7432.7,7546.7,114.0,1298.0,41.0,0
5947,car,4.5,road_loopA_r0,road_loopA_r1,7421.8,7546.8,125.0,1298.0,37.4,0
5938,car,4.5,road_loopA_f0,road_loopA_f1,7418.1,7547.7,129.6,1303.8,36.2,1
5956,car,4.5,road_loopA_r0,road_loopA_r1,7433.2,7548.0,114.8,1297.9,40.7,0
5952,suv,4.8,road_loopA_r0,road_loopA_r1,7430.0,7548.6,118.6,1298.4,39.4,0
5975,car,4.5,road_loopA_r0,road_loopA_r1,7445.6,7548.8,103.2,1297.5,45.2,0
5967,car,4.5,road_loopA_r0,road_loopA_r1,7438.4,7549.7,111.3,1297.6,42.0,0
5962,car,4.5,road_loopA_r0,road_loopA_r1,7436.9,7550.3,113.4,1297.5,41.2,0
5971,car,4.5,road_loopA_r0,road_loopA_r1,7440.6,7551.5,110.9,1298.2,42.2,0
5974,car,4.5,road_loopA_r0,road_loopA_r1,7443.9,7551.8,107.9,1298.1,43.3,0
5978,car,4.5,road_loopA_r0,road_loopA_r1,7448.4,7553.5,105.1,1298.4,44.5,0
5939,suv,4.8,road_loopA_f0,road_loopA_f1,7418.2,7555.4,137.2,1303.3,34.2,1
5968,car,4.5,road_loopA_r0,road_loopA_r1,7438.7,7555.6,116.9,1297.6,40.0,0
5976,car,4.5,road_loopA_r0,road_loopA_r1,7446.9,7555.9,109.0,1297.4,42.9,0
6016,car,4.5,road_loopA_r0,xloopA_0Ab,7484.4,7556.8,72.4,869.0,43.2,0
5941,suv,4.8,road_loopA_f0,road_loopA_f1,7420.3,7557.1,136.8,1302.9,34.3,1
5981,car,4.5,road_loopA_r0,road_loopA_r1,7452.5,7557.7,105.2,1297.6,44.4,0
5943,suv,4.8,road_loopA_f0,road_loopA_f1,7420.8,7557.8,137.0,1303.8,34.3,1
5994,car,4.5,road_loopA_r0,road_loopA_r1,7468.1,7557.9,89.8,1298.2,52.0,0
5911,bus,11.0,road_loopA_r0,road_loopA_r1,7386.1,7558.6,172.5,1298.5,27.1,3
5950,car,4.5,road_loopA_f0,road_loopA_f1,7424.3,7559.5,135.2,1303.2,34.7,1
5959,suv,4.8,road_loopA_f0,road_loopA_f1,7434.5,7560.7,126.2,1303.1,37.2,1
5948,car,4.5,road_loopA_f0,road_loopA_f1,7423.0,7560.9,137.9,1303.5,34.0,1
5958,car,4.5,road_loopA_f0,road_loopA_f1,7433.4,7561.3,127.9,1304.0,36.7,1
5973,car,4.5,road_loopA_r0,road_loopA_r1,7442.5,7561.9,119.4,1297.6,39.1,0
5986,truck,8.5,road_loopA_r0,road_loopA_r1,7455.5,7562.3,106.8,1297.6,43.8,0
5964,car,4.5,road_loopA_f0,road_loopA_f1,7437.3,7563.1,125.8,1304.1,37.3,1
5977,truck,8.5,road_loopA_r0,road_loopA_r1,7448.3,7563.7,115.4,1298.4,40.5,0
5996,suv,4.8,road_loopA_r0,road_loopA_r1,7469.1,7564.3,95.2,1297.6,49.1,0
5990,car,4.5,road_loopA_r0,road_loopA_r1,7465.1,7564.7,99.6,1298.4,46.9,0
5969,suv,4.8,road_loopA_f0,road_loopA_f1,7439.6,7564.8,125.2,1304.1,37.5,1
5993,suv,4.8,road_loopA_r0,road_loopA_r1,7467.6,7565.6,98.0,1298.6,47.7,0
6001,car,4.5,road_loopA_r0,road_loopA_r1,7472.5,7566.4,93.9,1297.7,49.7,0
6004,car,4.5,road_loopA_r0,road_loopA_r1,7473.8,7566.4,92.6,1298.0,50.4,0
5982,car,4.5,road_loopA_f0,road_loopA_f1,7452.7,7566.5,113.8,1303.2,41.2,1
5995,suv,4.8,road_loopA_r0,road_loopA_r1,7468.8,7567.3,98.5,1298.5,47.4,0
5963,suv,4.8,road_loopA_f0,road_loopA_f1,7436.9,7567.7,130.8,1302.8,35.9,1
5987,car,4.5,road_loopA_f0,road_loopA_f1,7460.2,7568.3,108.1,1303.3,43.4,0
6007,car,4.5,road_loopA_r0,road_loopA_r1,7475.7,7568.3,92.6,1298.6,50.5,0
5961,car,4.5,road_loopA_f0,road_loopA_f1,7436.6,7569.5,132.9,1302.9,35.3,1
5997,truck,8.5,road_loopA_r0,road_loopA_r1,7470.5,7569.5,99.0,1298.3,47.2,0
6005,car,4.5,road_loopA_f0,road_loopA_f1,7474.1,7570.1,96.0,1303.7,48.9,0
6002,car,4.5,road_loopA_r0,road_loopA_r1,7473.2,7571.1,97.9,1297.7,47.7,0
5970,suv,4.8,road_loopA_f0,road_loopA_f1,7439.9,7571.2,131.3,1303.3,35.7,1
5992,suv,4.8,road_loopA_f0,road_loopA_f1,7467.0,7572.0,105.0,1303.3,44.7,0
6009,truck,8.5,road_loopA_r0,road_loopA_r1,7476.2,7572.8,96.6,1297.6,48.4,0
5927,car,4.5,road_loopA_r0,xloopA_0Bb,7402.5,7573.2,170.7,895.5,18.9,1
5983,car,4.5,road_loopA_f0,road_loopA_f1,7452.7,7573.2,120.5,1303.5,39.0,0
5926,car,4.5,xloopA_0Aa,road_loopA_f1,7399.7,7573.6,173.9,872.1,18.1,1
5936,car,4.5,road_loopA_f0,xloopA_0Ab,7416.6,7573.8,157.2,505.3,11.6,1
6014,car,4.5,road_loopA_r0,road_loopA_r1,7482.9,7576.2,93.3,1297.3,50.0,0
5960,suv,4.8,road_loopA_f0,xloopA_0Ab,7436.3,7576.4,140.1,505.3,13.0,1
5991,car,4.5,road_loopA_f0,road_loopA_f1,7465.7,7576.5,110.8,1302.8,42.3,0
5979,truck,8.5,road_loopA_r0,xloopA_0Bb,7448.6,7576.6,128.0,895.8,25.2,1
6008,car,4.5,road_loopA_f0,road_loopA_f1,7476.0,7576.7,100.7,1303.7,46.6,0
6011,car,4.5,road_loopA_r0,road_loopA_r1,7481.6,7577.2,95.6,1297.5,48.9,0
6020,suv,4.8,road_loopA_r0,road_loopA_r1,7486.6,7578.2,91.6,1298.1,51.0,0
6006,car,4.5,road_loopA_f0,road_loopA_f1,7474.5,7578.3,103.8,1303.9,45.2,0
6015,car,4.5,road_loopA_r0,road_loopA_r1,7483.3,7578.9,95.6,1297.3,48.9,0
6012,car,4.5,road_loopA_f0,xloopA_0Ab,7482.4,7579.1,96.7,505.3,18.8,1
6023,car,4.5,road_loopA_r0,xloopA_0Bb,7490.4,7579.6,89.2,895.3,36.1,1
6021,car,4.5,road_loopA_f0,road_loopA_f1,7488.5,7579.9,91.4,1303.7,51.3,0
6000,car,4.5,road_loopA_f0,road_loopA_f1,7471.9,7580.9,109.0,1303.8,43.0,0
6048,car,4.5,road_loopA_f0,xloopA_0Ab,7517.9,7581.7,63.8,504.9,28.5,1
6013,suv,4.8,road_loopA_f0,road_loopA_f1,7482.6,7582.6,100.0,1302.9,46.9,0
6025,car,4.5,road_loopA_f0,road_loopA_f1,7492.5,7583.1,90.6,1303.1,51.8,0
6062,car,4.5,road_loopA_f0,xloopA_0Ab,7526.2,7584.5,58.3,505.3,31.2,0
6019,car,4.5,road_loopA_r0,road_loopA_r1,7485.2,7585.0,99.8,1297.4,46.8,0
6017,car,4.5,road_loopA_f0,road_loopA_f1,7484.7,7585.3,100.6,1304.0,46.7,0
6027,suv,4.8,road_loopA_f0,road_loopA_f1,7494.8,7586.0,91.2,1303.7,51.5,0
6029,car,4.5,road_loopA_r0,road_loopA_r1,7498.2,7587.1,88.9,1297.3,52.5,0
6026,car,4.5,road_loopA_f0,road_loopA_f1,7494.1,7587.2,93.1,1302.8,50.4,0
5902,bus,11.0,road_loopA_r0,road_loopA_r1,7380.5,7587.3,206.8,1298.4,22.6,3
5935,suv,4.8,road_loopA_f0,road_loopA_f1,7415.0,7588.3,173.3,1303.8,27.1,1
6037,car,4.5,xloopA_0Ba,xloopA_0Bb,7509.8,7589.0,79.2,84.6,3.8,1
6030,car,4.5,road_loopA_f0,road_loopA_f1,7499.3,7589.2,89.9,1303.6,52.2,0
6024,car,4.5,road_loopA_f0,road_loopA_f1,7491.2,7590.0,98.8,1303.5,47.5,0
6052,car,4.5,xloopA_0Ba,xloopA_0Bb,7521.4,7591.0,69.6,84.0,4.3,1
6078,car,4.5,xloopA_0Aa,xloopA_0Ab,7541.6,7591.1,49.5,84.0,6.1,1
5980,car,4.5,xloopA_0Ba,road_loopA_f1,7450.8,7591.3,140.5,902.8,23.1,0
5988,car,4.5,road_loopA_f0,road_loopA_f1,7461.6,7592.1,130.5,1302.8,35.9,0
5934,car,4.5,road_loopA_f0,road_loopA_f1,7413.0,7593.0,180.0,1303.4,26.1,1
6054,car,4.5,xloopA_0Ba,xloopA_0Bb,7522.1,7593.3,71.2,84.4,4.3,1
6018,car,4.5,road_loopA_f0,road_loopA_f1,7484.8,7593.6,108.8,1303.1,43.1,0
5945,suv,4.8,road_loopA_f0,road_loopA_f1,7420.9,7594.9,174.0,1303.6,27.0,1
5998,car,4.5,road_loopA_f0,road_loopA_f1,7470.8,7596.0,125.2,1303.3,37.5,0
5966,suv,4.8,road_loopA_f0,road_loopA_f1,7437.7,7596.6,158.9,1303.9,29.5,1
6064,car,4.5,xloopA_0Ba,xloopA_0Bb,7528.4,7597.3,68.9,84.4,4.4,0
6003,suv,4.8,road_loopA_r0,xloopA_0Ab,7473.6,7602.6,129.0,869.4,24.3,2
6039,car,4.5,road_loopA_f0,road_loopA_f1,7513.2,7602.6,89.4,1303.1,52.5,0
6082,suv,4.8,road_loopA_f0,xloopA_0Bb,7547.3,7603.7,56.4,478.9,30.6,1
6022,truck,8.5,road_loopA_f0,road_loopA_f1,7489.8,7604.2,114.4,1303.8,41.0,0
6032,suv,4.8,road_loopA_f0,road_loopA_f1,7500.4,7604.5,104.1,1303.4,45.1,0
6043,suv,4.8,road_loopA_f0,road_loopA_f1,7514.6,7605.7,91.1,1303.8,51.5,0
6040,car,4.5,road_loopA_f0,road_loopA_f1,7513.7,7606.2,92.5,1304.1,50.8,0
6050,suv,4.8,road_loopA_f0,road_loopA_f1,7519.0,7608.6,89.6,1303.8,52.4,0
6092,truck,8.5,road_loopA_f0,xloopA_0Bb,7558.6,7612.7,54.1,478.8,31.8,0
6058,car,4.5,road_loopA_f0,road_loopA_f1,7523.7,7613.0,89.3,1303.1,52.5,0
6049,car,4.5,road_loopA_f0,road_loopA_f1,7519.0,7624.6,105.6,1303.3,44.4,0
6031,suv,4.8,road_loopA_r0,road_loopA_r1,7499.9,7629.8,129.9,1297.4,36.0,1
6035,suv,4.8,road_loopA_r0,road_loopA_r1,7504.8,7630.0,125.2,1297.8,37.3,1
6028,suv,4.8,road_loopA_r0,road_loopA_r1,7496.6,7631.8,135.2,1297.3,34.6,1
6045,car,4.5,road_loopA_r0,road_loopA_r1,7515.3,7633.0,117.7,1297.3,39.7,1
6033,car,4.5,road_loopA_r0,road_loopA_r1,7500.6,7633.1,132.5,1297.6,35.3,1
6038,car,4.5,road_loopA_r0,road_loopA_r1,7510.2,7633.5,123.3,1297.7,37.9,1
6046,car,4.5,road_loopA_r0,road_loopA_r1,7515.4,7635.2,119.8,1297.7,39.0,1
6051,suv,4.8,road_loopA_r0,road_loopA_r1,7519.8,7637.0,117.2,1298.1,39.9,1
6056,suv,4.8,road_loopA_r0,road_loopA_r1,7522.6,7637.9,115.3,1297.8,40.5,1
6036,truck,8.5,road_loopA_r0,road_loopA_r1,7506.1,7638.9,132.8,1297.4,35.2,1
6053,car,4.5,road_loopA_r0,road_loopA_r1,7522.0,7639.3,117.3,1298.6,39.8,1
6042,car,4.5,road_loopA_r0,road_loopA_r1,7514.5,7640.9,126.4,1298.4,37.0,1
6067,car,4.5,road_loopA_r0,road_loopA_r1,7532.6,7643.1,110.5,1297.4,42.3,0
6075,car,4.5,road_loopA_r0,road_loopA_r1,7537.7,7643.3,105.6,1297.8,44.2,0
6072,car,4.5,road_loopA_r0,road_loopA_r1,7536.6,7645.9,109.3,1297.7,42.7,0
6081,car,4.5,road_loopA_r0,road_loopA_r1,7546.0,7646.1,100.1,1298.0,46.7,0
6057,truck,8.5,road_loopA_r0,road_loopA_r1,7522.8,7646.7,123.9,1297.7,37.7,0
6073,suv,4.8,road_loopA_r0,road_loopA_r1,7537.0,7648.0,111.0,1298.1,42.1,0
6010,bus,11.0,road_loopA_f0,road_loopA_f1,7479.7,7648.4,168.7,1303.2,27.8,2
6069,suv,4.8,road_loopA_r0,road_loopA_r1,7533.6,7648.8,115.2,1297.3,40.5,0
6086,car,4.5,road_loopA_r0,road_loopA_r1,7552.2,7648.9,96.7,1297.3,48.3,0
6080,car,4.5,road_loopA_r0,road_loopA_r1,7544.7,7650.0,105.3,1297.4,44.4,0
6085,truck,8.5,road_loopA_r0,road_loopA_r1,7551.4,7651.5,100.1,1298.0,46.7,0
6091,suv,4.8,road_loopA_r0,road_loopA_r1,7558.4,7651.9,93.5,1297.6,50.0,0
6087,car,4.5,road_loopA_r0,road_loopA_r1,7553.2,7653.5,100.3,1298.1,46.6,0
6074,car,4.5,road_loopA_r0,road_loopA_r1,7537.3,7654.4,117.1,1297.9,39.9,0
6093,car,4.5,road_loopA_r0,road_loopA_r1,7558.6,7655.2,96.6,1297.4,48.3,0
6096,car,4.5,road_loopA_r0,road_loopA_r1,7563.2,7657.0,93.8,1298.5,49.8,0
6101,car,4.5,road_loopA_r0,road_loopA_r1,7569.0,7658.3,89.3,1298.6,52.4,0
6088,car,4.5,road_loopA_r0,road_loopA_r1,7553.8,7659.6,105.8,1298.3,44.2,0
6104,car,4.5,road_loopA_r0,road_loopA_r1,7569.8,7665.1,95.3,1297.6,49.0,0
6110,car,4.5,road_loopA_r0,road_loopA_r1,7575.9,7666.4,90.5,1298.0,51.6,0
6061,truck,8.5,road_loopA_f0,road_loopA_f1,7525.9,7666.9,141.0,1303.9,33.3,1
6070,car,4.5,road_loopA_f0,road_loopA_f1,7533.9,7668.8,134.9,1302.9,34.8,1
6060,suv,4.8,road_loopA_f0,road_loopA_f1,7525.7,7669.0,143.3,1302.8,32.7,1
6111,suv,4.8,road_loopA_r0,road_loopA_r1,7578.7,7669.0,90.3,1298.2,51.8,0
6063,car,4.5,road_loopA_f0,road_loopA_f1,7527.2,7670.1,142.9,1302.9,32.8,1
6114,suv,4.8,road_loopA_r0,road_loopA_r1,7580.1,7670.5,90.4,1298.4,51.7,0
6071,car,4.5,road_loopA_f0,road_loopA_f1,7534.0,7670.6,136.6,1303.9,34.4,1
6090,car,4.5,road_loopA_r0,road_loopA_r1,7558.1,7670.7,112.6,1297.9,41.5,0
6108,suv,4.8,road_loopA_f0,road_loopA_f1,7574.8,7672.0,97.2,1303.9,48.3,0
6083,car,4.5,road_loopA_f0,road_loopA_f1,7548.9,7672.3,123.4,1303.0,38.0,1
6094,suv,4.8,road_loopA_r0,road_loopA_r1,7558.9,7673.5,114.6,1298.4,40.8,0
6095,car,4.5,road_loopA_f0,road_loopA_f1,7561.7,7674.1,112.4,1303.3,41.7,0
6112,car,4.5,road_loopA_f0,road_loopA_f1,7579.4,7676.2,96.8,1303.4,48.5,0
6123,car,4.5,road_loopA_r0,road_loopA_r1,7589.5,7678.5,89.0,1297.3,52.5,0
6115,car,4.5,road_loopA_f0,road_loopA_f1,7581.8,7679.0,97.2,1304.0,48.3,0
6121,car,4.5,road_loopA_f0,road_loopA_f1,7588.4,7679.9,91.5,1303.8,51.3,0
6099,car,4.5,road_loopA_f0,road_loopA_f1,7565.6,7680.0,114.4,1303.3,41.0,0
6127,car,4.5,road_loopA_r0,road_loopA_r1,7590.7,7680.6,89.9,1297.6,52.0,0
6120,truck,8.5,road_loopA_r0,road_loopA_r1,7586.0,7681.8,95.8,1298.4,48.8,0
6126,truck,8.5,road_loopA_f0,road_loopA_f1,7590.0,7682.4,92.4,1303.3,50.8,0
6034,car,4.5,road_loopA_r0,xloopA_0Bb,7504.4,7682.9,178.5,895.7,18.1,1
6065,car,4.5,road_loopA_f0,xloopA_0Ab,7531.0,7683.5,152.5,505.3,11.9,1
6130,car,4.5,road_loopA_r0,road_loopA_r1,7594.0,7683.8,89.8,1298.0,52.1,0
6102,car,4.5,road_loopA_r0,road_loopA_r1,7569.5,7683.9,114.4,1298.1,40.8,0
6124,car,4.5,road_loopA_r0,road_loopA_r1,7589.6,7684.6,95.0,1297.3,49.1,0
6122,car,4.5,road_loopA_f0,road_loopA_f1,7589.5,7685.1,95.6,1303.4,49.1,0
6041,car,4.5,road_loopA_r0,xloopA_0Bb,7514.5,7685.5,171.0,895.7,18.9,1
6105,car,4.5,road_loopA_r0,road_loopA_r1,7571.5,7685.7,114.2,1297.7,40.9,0
6117,car,4.5,road_loopA_f0,road_loopA_f1,7584.8,7687.5,102.7,1303.7,45.7,0
6055,car,4.5,road_loopA_r0,xloopA_0Bb,7522.2,7688.1,165.9,895.4,19.4,1
6118,car,4.5,road_loopA_f0,road_loopA_f1,7585.2,7690.5,105.3,1303.3,44.6,0
6059,suv,4.8,road_loopA_r0,xloopA_0Bb,7523.6,7690.8,167.2,895.6,19.3,1
6132,car,4.5,road_loopA_r0,road_loopA_r1,7595.2,7694.2,99.0,1297.5,47.2,0
6103,truck,8.5,road_loopA_r0,xloopA_0Bb,7569.4,7694.3,124.9,895.3,25.8,1
6066,car,4.5,road_loopA_f0,road_loopA_f1,7531.2,7694.6,163.4,1302.8,28.7,1
6135,suv,4.8,road_loopA_r0,road_loopA_r1,7595.8,7695.8,100.0,1298.0,46.7,0
6106,suv,4.8,road_loopA_f0,road_loopA_f1,7571.8,7696.4,124.6,1302.8,37.7,0
6142,car,4.5,road_loopA_r0,road_loopA_r1,7603.0,7696.4,93.4,1297.5,50.0,0
6143,car,4.5,road_loopA_f0,road_loopA_f1,7603.5,7697.6,94.1,1303.9,49.9,0
6161,car,4.5,xloopA_0Ba,xloopA_0Bb,7621.7,7698.1,76.4,84.2,4.0,1
6136,suv,4.8,road_loopA_r0,road_loopA_r1,7599.2,7698.5,99.3,1298.0,47.1,0
6125,car,4.5,xloopA_0Aa,xloopA_0Ab,7589.6,7700.1,110.5,84.1,2.7,1
6097,suv,4.8,road_loopA_f0,road_loopA_f1,7564.5,7700.2,135.7,1303.0,34.6,0
6144,car,4.5,road_loopA_r0,road_loopA_r1,7604.3,7701.4,97.1,1298.7,48.1,0
6167,car,4.5,xloopA_0Ba,xloopA_0Bb,7625.3,7701.4,76.1,84.2,4.0,1
6129,truck,8.5,road_loopA_r0,road_loopA_r1,7593.7,7701.6,107.9,1297.4,43.3,0
6187,car,4.5,xloopA_0Aa,xloopA_0Ab,7641.0,7702.3,61.3,84.1,4.9,1
6229,car,4.5,xloopA_0Ba,xloopA_0Bb,7682.3,7703.5,21.2,84.7,14.4,0
6134,car,4.5,road_loopA_r0,road_loopA_r1,7595.7,7703.6,107.9,1297.8,43.3,0
6133,suv,4.8,road_loopA_f0,road_loopA_f1,7595.5,7704.9,109.4,1303.8,42.9,0
6138,car,4.5,road_loopA_f0,road_loopA_f1,7599.6,7706.3,106.7,1304.1,44.0,0
6199,car,4.5,xloopA_0Aa,xloopA_0Ab,7658.6,7706.3,47.7,84.0,6.3,0
6200,car,4.5,xloopA_0Aa,xloopA_0Ab,7659.3,7708.9,49.6,84.0,6.1,0
6044,car,4.5,xloopA_0Aa,road_loopA_f1,7515.2,7709.5,194.3,872.3,16.2,1
6076,car,4.5,road_loopA_f0,road_loopA_f1,7539.9,7709.5,169.6,1303.0,27.7,1
6139,truck,8.5,road_loopA_f0,road_loopA_f1,7600.6,7710.5,109.9,1303.9,42.7,0
6068,car,4.5,road_loopA_f0,road_loopA_f1,7533.5,7711.2,177.7,1302.8,26.4,1
6098,car,4.5,xloopA_0Aa,road_loopA_f1,7565.5,7711.6,146.1,872.1,21.5,1
6145,car,4.5,road_loopA_f0,road_loopA_f1,7605.3,7712.1,106.8,1303.2,43.9,0
6077,car,4.5,road_loopA_f0,road_loopA_f1,7540.0,7713.0,173.0,1303.6,27.1,1
6119,car,4.5,road_loopA_f0,road_loopA_f1,7585.7,7713.6,127.9,1303.5,36.7,0
6154,car,4.5,road_loopA_f0,road_loopA_f1,7614.9,7713.8,98.9,1303.6,47.5,0
6079,car,4.5,road_loopA_f0,road_loopA_f1,7544.1,7714.7,170.6,1303.9,27.5,1
6131,suv,4.8,road_loopA_f0,road_loopA_f1,7594.4,7715.3,120.9,1303.8,38.8,0
6162,car,4.5,road_loopA_f0,road_loopA_f1,7621.8,7715.5,93.7,1303.6,50.1,0
6084,car,4.5,road_loopA_f0,road_loopA_f1,7550.4,7716.3,165.9,1303.1,28.3,1
6107,suv,4.8,road_loopA_r0,xloopA_0Ab,7574.0,7716.6,142.6,869.4,21.9,2
6113,car,4.5,road_loopA_f0,road_loopA_f1,7579.8,7717.0,137.2,1304.0,34.2,0
6168,car,4.5,road_loopA_f0,road_loopA_f1,7625.6,7717.4,91.8,1303.9,51.1,0
6100,suv,4.8,road_loopA_f0,road_loopA_f1,7566.1,7718.1,152.0,1304.0,30.9,0
6141,car,4.5,road_loopA_f0,road_loopA_f1,7602.9,7718.8,115.9,1303.2,40.5,0
6152,suv,4.8,road_loopA_f0,road_loopA_f1,7612.6,7719.4,106.8,1302.9,43.9,0
6109,truck,8.5,road_loopA_f0,road_loopA_f1,7575.0,7720.3,145.3,1303.9,32.3,0
6150,car,4.5,road_loopA_f0,road_loopA_f1,7611.7,7720.6,108.9,1303.2,43.1,0
6137,car,4.5,road_loopA_f0,road_loopA_f1,7599.3,7722.3,123.0,1303.6,38.2,0
6147,suv,4.8,road_loopA_f0,road_loopA_f1,7608.5,7722.5,114.0,1303.2,41.1,0
6149,car,4.5,road_loopA_r0,xloopA_0Ab,7611.4,7723.6,112.2,868.8,27.9,1
6165,car,4.5,road_loopA_f0,road_loopA_f1,7624.2,7724.1,99.9,1304.0,47.0,0
6230,car,4.5,road_loopA_f0,xloopA_0Bb,7682.8,7724.5,41.7,478.8,41.3,0
6170,car,4.5,road_loopA_f0,road_loopA_f1,7628.8,7726.8,98.0,1302.9,47.9,0
6171,suv,4.8,road_loopA_f0,road_loopA_f1,7629.0,7727.7,98.7,1303.8,47.6,0
1447,tram,34.0,loopA,loopA,3415.1,7728.0,4312.9,33702.5,28.1,41
6173,car,4.5,road_loopA_f0,road_loopA_f1,7631.4,7728.7,97.3,1304.1,48.2,0
6146,car,4.5,road_loopA_f0,road_loopA_f1,7608.4,7729.2,120.8,1303.3,38.8,0
6089,bus,11.0,road_loopA_f0,road_loopA_f1,7556.2,7732.0,175.8,1303.4,26.7,2
6116,bus,11.0,road_loopA_f0,road_loopA_f1,7583.1,7733.7,150.6,1303.1,31.2,2
6151,suv,4.8,road_loopA_r0,road_loopA_r1,7612.2,7740.7,128.5,1297.6,36.3,1
6163,car,4.5,road_loopA_f0,road_loopA_f1,7621.8,7740.9,119.1,1303.3,39.4,0
6247,car,4.5,road_loopA_f0,xloopA_0Bb,7702.4,7742.3,39.9,478.7,43.2,0
6153,car,4.5,road_loopA_r0,road_loopA_r1,7612.5,7742.6,130.1,1298.2,35.9,1
6169,suv,4.8,road_loopA_f0,road_loopA_f1,7627.7,7742.8,115.1,1303.9,40.8,0
6175,truck,8.5,road_loopA_f0,road_loopA_f1,7633.0,7742.8,109.8,1303.7,42.7,0
6156,car,4.5,road_loopA_r0,road_loopA_r1,7616.3,7744.4,128.1,1298.1,36.5,1
6148,car,4.5,road_loopA_r0,road_loopA_r1,7608.5,7745.2,136.7,1298.2,34.2,1
6155,suv,4.8,road_loopA_f0,road_loopA_f1,7615.3,7746.9,131.6,1303.3,35.7,0
6159,car,4.5,road_loopA_r0,road_loopA_r1,7618.4,7747.2,128.8,1298.7,36.3,1
6157,car,4.5,road_loopA_r0,road_loopA_r1,7617.3,7747.7,130.4,1298.2,35.8,1
6166,suv,4.8,road_loopA_r0,road_loopA_r1,7625.1,7749.5,124.4,1298.5,37.6,1
6128,car,4.5,road_loopA_r0,road_loopA_r1,7593.4,7750.0,156.6,1298.3,29.8,1
6158,car,4.5,road_loopA_r0,road_loopA_r1,7617.5,7750.3,132.8,1297.5,35.2,1
6172,car,4.5,road_loopA_r0,road_loopA_r1,7630.6,7751.2,120.6,1297.8,38.7,1
6160,car,4.5,road_loopA_r0,road_loopA_r1,7620.6,7751.7,131.1,1297.8,35.6,1
6184,car,4.5,road_loopA_r0,road_loopA_r1,7638.1,7753.6,115.5,1297.3,40.4,1
6183,truck,8.5,road_loopA_r0,road_loopA_r1,7637.3,7754.1,116.8,1297.4,40.0,0
6140,bus,11.0,road_loopA_f0,road_loopA_f1,7601.8,7754.8,153.0,1303.0,30.7,2
6182,car,4.5,road_loopA_r0,road_loopA_r1,7636.9,7756.1,119.2,1298.1,39.2,1
6261,car,4.5,road_loopA_f0,xloopA_0Bb,7713.0,7756.7,43.7,478.8,39.5,0
6204,car,4.5,road_loopA_r0,road_loopA_r1,7663.9,7757.1,93.2,1298.5,50.2,0
6164,suv,4.8,road_loopA_r0,road_loopA_r1,7622.0,7757.2,135.2,1298.2,34.6,1
6195,suv,4.8,road_loopA_r0,road_loopA_r1,7655.9,7758.1,102.2,1297.8,45.7,0
6191,car,4.5,road_loopA_r0,road_loopA_r1,7651.9,7758.8,106.9,1297.8,43.7,0
6234,suv,4.8,road_loopA_r0,xloopA_0Ab,7686.7,7758.8,72.1,868.8,43.4,0
6207,car,4.5,road_loopA_r0,road_loopA_r1,7665.4,7759.6,94.2,1298.0,49.6,0
6272,car,4.5,road_loopA_f0,xloopA_0Bb,7719.9,7759.9,40.0,478.9,43.1,0
6211,car,4.5,road_loopA_r0,road_loopA_r1,7668.7,7760.9,92.2,1298.2,50.7,0
6209,suv,4.8,road_loopA_r0,road_loopA_r1,7667.1,7762.1,95.0,1298.4,49.2,0
6235,suv,4.8,road_loopA_r0,xloopA_0Ab,7687.6,7762.2,74.6,869.5,42.0,0
6214,car,4.5,road_loopA_r0,road_loopA_r1,7673.2,7762.7,89.5,1298.4,52.2,0
6206,car,4.5,road_loopA_r0,road_loopA_r1,7664.8,7765.4,100.6,1298.6,46.5,0
6219,car,4.5,road_loopA_r0,road_loopA_r1,7677.0,7767.0,90.0,1297.6,51.9,0
6178,suv,4.8,road_loopA_f0,road_loopA_f1,7634.7,7768.4,133.7,1302.8,35.1,1
6223,car,4.5,road_loopA_r0,road_loopA_r1,7678.0,7768.8,90.8,1297.5,51.4,0
6174,truck,8.5,road_loopA_f0,road_loopA_f1,7631.4,7770.7,139.3,1303.9,33.7,1
6176,suv,4.8,road_loopA_f0,road_loopA_f1,7633.1,7771.8,138.7,1302.9,33.8,1
6197,car,4.5,road_loopA_r0,road_loopA_r1,7656.7,7774.2,117.5,1298.0,39.8,0
6180,car,4.5,road_loopA_r0,xloopA_0Bb,7636.5,7774.7,138.2,895.4,23.3,1
6212,car,4.5,road_loopA_r0,road_loopA_r1,7670.6,7774.7,104.1,1297.9,44.9,0
6177,car,4.5,road_loopA_f0,road_loopA_f1,7634.0,7776.9,142.9,1303.0,32.8,1
6193,suv,4.8,road_loopA_r0,xloopA_0Bb,7652.0,7777.4,125.4,896.0,25.7,1
6179,car,4.5,road_loopA_f0,road_loopA_f1,7636.0,7777.8,141.8,1302.8,33.1,1
6189,car,4.5,road_loopA_f0,road_loopA_f1,7644.8,7778.7,133.9,1303.3,35.0,1
6196,car,4.5,road_loopA_f0,road_loopA_f1,7656.5,7780.9,124.4,1303.4,37.7,1
6192,truck,8.5,road_loopA_f0,road_loopA_f1,7652.0,7782.4,130.4,1302.9,36.0,1
6201,car,4.5,road_loopA_f0,road_loopA_f1,7659.2,7782.6,123.4,1303.5,38.0,1
6225,truck,8.5,road_loopA_r0,road_loopA_r1,7678.3,7784.3,106.0,1298.4,44.1,0
6238,suv,4.8,road_loopA_r0,road_loopA_r1,7693.8,7786.2,92.4,1298.4,50.6,0
6203,suv,4.8,road_loopA_f0,road_loopA_f1,7663.7,7786.6,122.9,1302.9,38.2,1
6208,car,4.5,road_loopA_f0,road_loopA_f1,7665.6,7786.7,121.1,1303.4,38.7,1
6220,truck,8.5,road_loopA_r0,road_loopA_r1,7677.5,7786.7,109.2,1297.8,42.8,0
6241,car,4.5,road_loopA_r0,road_loopA_r1,7697.7,7787.3,89.6,1298.4,52.2,0
6240,truck,8.5,road_loopA_r0,road_loopA_r1,7696.0,7788.3,92.3,1298.1,50.6,0
6224,car,4.5,road_loopA_r0,road_loopA_r1,7678.0,7788.9,110.9,1298.0,42.1,0
6217,car,4.5,road_loopA_f0,road_loopA_f1,7674.5,7790.3,115.8,1303.7,40.5,1
6250,car,4.5,xloopA_0Ba,xloopA_0Bb,7707.0,7790.9,83.9,84.5,3.6,1
6194,car,4.5,road_loopA_f0,road_loopA_f1,7655.0,7791.0,136.0,1303.8,34.5,1
6227,truck,8.5,road_loopA_r0,road_loopA_r1,7681.6,7791.2,109.6,1297.3,42.6,0
6259,car,4.5,xloopA_0Aa,xloopA_0Ab,7711.1,7791.7,80.6,84.6,3.8,1
6228,car,4.5,road_loopA_f0,road_loopA_f1,7681.7,7792.5,110.8,1304.0,42.4,1
6268,car,4.5,xloopA_0Ba,xloopA_0Bb,7717.2,7792.9,75.7,84.4,4.0,1
6216,car,4.5,road_loopA_f0,road_loopA_f1,7673.9,7794.5,120.6,1303.4,38.9,1
6270,car,4.5,xloopA_0Ba,xloopA_0Bb,7719.6,7795.1,75.5,84.1,4.0,1
6215,truck,8.5,road_loopA_f0,road_loopA_f1,7673.5,7797.4,123.9,1303.3,37.9,1
6186,car,4.5,road_loopA_f0,road_loopA_f1,7640.3,7797.8,157.5,1303.5,29.8,1
6190,truck,8.5,road_loopA_f0,road_loopA_f1,7646.8,7800.8,154.0,1303.1,30.5,1
6307,car,4.5,xloopA_0Ba,xloopA_0Bb,7752.5,7801.3,48.8,84.8,6.2,0
6232,truck,8.5,road_loopA_f0,road_loopA_f1,7685.0,7802.6,117.6,1303.9,39.9,0
6226,car,4.5,road_loopA_f0,road_loopA_f1,7680.0,7804.8,124.8,1303.4,37.6,0
6236,car,4.5,road_loopA_f0,road_loopA_f1,7690.5,7805.5,115.0,1303.5,40.8,0
6239,suv,4.8,road_loopA_f0,road_loopA_f1,7695.0,7807.5,112.5,1303.7,41.7,0
6237,car,4.5,road_loopA_f0,road_loopA_f1,7691.3,7808.4,117.1,1303.8,40.1,0
6248,car,4.5,road_loopA_f0,road_loopA_f1,7702.6,7809.2,106.6,1303.8,44.0,0
6242,car,4.5,road_loopA_f0,road_loopA_f1,7700.2,7810.1,109.9,1303.5,42.7,0
6254,suv,4.8,road_loopA_f0,road_loopA_f1,7709.8,7811.0,101.2,1304.0,46.4,0
6246,car,4.5,road_loopA_f0,road_loopA_f1,7702.2,7811.8,109.6,1303.4,42.8,0
6258,suv,4.8,road_loopA_f0,road_loopA_f1,7710.9,7812.7,101.8,1303.4,46.1,0
6222,car,4.5,road_loopA_f0,road_loopA_f1,7677.9,7813.5,135.6,1303.4,34.6,0
6267,car,4.5,road_loopA_f0,road_loopA_f1,7716.7,7814.5,97.8,1304.1,48.0,0
6264,suv,4.8,road_loopA_f0,road_loopA_f1,7715.0,7815.0,100.0,1303.5,46.9,0
6188,car,4.5,xloopA_0Aa,road_loopA_f1,7641.1,7816.2,175.1,872.6,17.9,1
6243,car,4.5,road_loopA_f0,road_loopA_f1,7700.6,7816.3,115.7,1303.4,40.6,0
6218,car,4.5,road_loopA_f0,road_loopA_f1,7674.9,7817.0,142.1,1304.1,33.0,1
6181,suv,4.8,road_loopA_f0,road_loopA_f1,7636.7,7817.8,181.1,1303.1,25.9,1
6293,car,4.5,road_loopA_f0,xloopA_0Bb,7741.0,7818.2,77.2,478.5,22.3,2
6276,car,4.5,road_loopA_r0,xloopA_0Ab,7731.6,7818.6,87.0,869.0,36.0,1
6213,car,4.5,road_loopA_f0,road_loopA_f1,7672.6,7819.8,147.2,1303.7,31.9,1
6185,truck,8.5,road_loopA_f0,road_loopA_f1,7639.5,7820.0,180.5,1303.2,26.0,1
6262,car,4.5,road_loopA_r0,xloopA_0Ab,7713.4,7822.0,108.6,869.1,28.8,1
6198,truck,8.5,road_loopA_f0,road_loopA_f1,7658.2,7822.5,164.3,1303.8,28.6,1
6205,car,4.5,road_loopA_f0,road_loopA_f1,7664.4,7822.7,158.3,1303.0,29.6,1
6202,suv,4.8,road_loopA_f0,road_loopA_f1,7663.5,7823.2,159.7,1303.4,29.4,1
6231,bus,11.0,road_loopA_f0,road_loopA_f1,7685.0,7826.7,141.7,1303.1,33.1,1
6256,car,4.5,road_loopA_f0,road_loopA_f1,7710.2,7827.4,117.2,1302.8,40.0,0
6221,suv,4.8,road_loopA_f0,road_loopA_f1,7677.9,7832.7,154.8,1303.4,30.3,0
6249,car,4.5,road_loopA_r0,road_loopA_r1,7705.9,7837.6,131.7,1297.9,35.5,1
6245,suv,4.8,road_loopA_r0,road_loopA_r1,7702.1,7839.3,137.2,1297.6,34.0,1
6257,car,4.5,road_loopA_r0,road_loopA_r1,7710.1,7839.4,129.3,1297.3,36.1,1
6251,car,4.5,road_loopA_r0,road_loopA_r1,7709.3,7841.1,131.8,1298.6,35.5,1
6260,car,4.5,road_loopA_r0,road_loopA_r1,7712.2,7842.2,130.0,1298.1,35.9,1
6265,car,4.5,road_loopA_r0,road_loopA_r1,7715.4,7845.0,129.6,1297.9,36.1,1
6271,car,4.5,xloopA_0Ba,road_loopA_r1,7719.8,7847.3,127.5,476.9,13.5,0
6281,car,4.5,road_loopA_r0,road_loopA_r1,7733.2,7847.5,114.3,1297.4,40.9,1
6266,truck,8.5,road_loopA_r0,road_loopA_r1,7716.3,7847.7,131.4,1297.5,35.5,1
6244,car,4.5,road_loopA_r0,road_loopA_r1,7701.3,7848.9,147.6,1297.4,31.7,1
6274,car,4.5,road_loopA_r0,road_loopA_r1,7722.5,7849.2,126.7,1297.5,36.9,1
6210,bus,11.0,road_loopA_f0,road_loopA_f1,7668.5,7849.6,181.1,1303.4,25.9,2
6282,car,4.5,road_loopA_r0,road_loopA_r1,7733.5,7849.8,116.3,1298.4,40.2,1
6253,car,4.5,road_loopA_r0,road_loopA_r1,7709.4,7850.7,141.3,1297.9,33.1,1
6286,suv,4.8,road_loopA_r0,road_loopA_r1,7735.5,7851.5,116.0,1298.6,40.3,1
6255,suv,4.8,road_loopA_r0,road_loopA_r1,7709.8,7852.4,142.6,1297.6,32.8,1
6313,car,4.5,road_loopA_r0,road_loopA_r1,7755.3,7852.8,97.5,1298.4,47.9,0
6292,car,4.5,road_loopA_r0,road_loopA_r1,7740.4,7853.6,113.2,1297.7,41.3,0
6263,car,4.5,road_loopA_r0,road_loopA_r1,7714.5,7854.1,139.6,1297.7,33.5,1
6273,car,4.5,road_loopA_r0,road_loopA_r1,7721.1,7855.9,134.8,1297.6,34.7,1
6319,car,4.5,road_loopA_r0,road_loopA_r1,7761.5,7855.9,94.4,1297.3,49.5,0
6277,car,4.5,road_loopA_r0,road_loopA_r1,7732.2,7857.1,124.9,1297.6,37.4,1
6297,truck,8.5,road_loopA_r0,road_loopA_r1,7743.3,7859.1,115.8,1297.4,40.3,0
6329,car,4.5,road_loopA_r0,road_loopA_r1,7771.1,7860.1,89.0,1298.5,52.5,0
6309,truck,8.5,road_loopA_r0,road_loopA_r1,7753.0,7860.5,107.5,1298.0,43.5,0
6310,truck,8.5,road_loopA_r0,road_loopA_r1,7753.5,7861.7,108.2,1298.2,43.2,0
6278,car,4.5,road_loopA_f0,road_loopA_f1,7732.6,7862.5,129.9,1303.5,36.1,1
6328,car,4.5,road_loopA_r0,road_loopA_r1,7770.7,7863.0,92.3,1297.5,50.6,0
6283,car,4.5,road_loopA_f0,road_loopA_f1,7733.6,7864.2,130.6,1303.3,35.9,1
6325,car,4.5,road_loopA_r0,road_loopA_r1,7768.8,7864.2,95.4,1298.2,49.0,0
6287,car,4.5,road_loopA_f0,road_loopA_f1,7737.4,7867.8,130.4,1303.9,36.0,1
6290,car,4.5,road_loopA_f0,road_loopA_f1,7740.4,7869.6,129.2,1303.4,36.3,1
6330,car,4.5,road_loopA_r0,road_loopA_r1,7771.7,7870.0,98.3,1298.2,47.6,0
6294,suv,4.8,road_loopA_f0,road_loopA_f1,7741.3,7871.4,130.1,1303.9,36.1,1
6332,car,4.5,road_loopA_r0,road_loopA_r1,7775.4,7871.7,96.3,1297.4,48.5,0
6233,bus,11.0,road_loopA_r0,road_loopA_r1,7685.6,7871.8,186.2,1298.0,25.1,3
6301,suv,4.8,road_loopA_f0,road_loopA_f1,7747.2,7873.8,126.6,1302.8,37.1,1
6279,car,4.5,road_loopA_f0,road_loopA_f1,7732.8,7876.6,143.8,1303.0,32.6,1
6302,car,4.5,road_loopA_f0,road_loopA_f1,7747.7,7877.2,129.5,1303.4,36.2,1
6298,car,4.5,road_loopA_f0,road_loopA_f1,7743.9,7877.7,133.8,1303.5,35.1,1
6360,suv,4.8,road_loopA_r0,xloopA_0Ab,7808.5,7879.6,71.1,869.2,44.0,0
6305,car,4.5,road_loopA_f0,road_loopA_f1,7750.9,7880.5,129.6,1303.9,36.2,1
6334,car,4.5,road_loopA_r0,road_loopA_r1,7777.3,7881.4,104.1,1297.8,44.9,0
6333,car,4.5,road_loopA_r0,road_loopA_r1,7776.0,7881.6,105.6,1298.1,44.3,0
6308,car,4.5,road_loopA_f0,road_loopA_f1,7752.8,7881.9,129.1,1303.3,36.3,1
6340,truck,8.5,road_loopA_r0,road_loopA_r1,7786.9,7883.8,96.9,1298.2,48.2,0
6311,suv,4.8,road_loopA_f0,road_loopA_f1,7754.4,7884.0,129.6,1303.9,36.2,1
6284,truck,8.5,road_loopA_f0,road_loopA_f1,7734.1,7885.5,151.4,1303.7,31.0,1
6346,car,4.5,road_loopA_r0,road_loopA_r1,7790.8,7885.6,94.8,1297.6,49.3,0
6314,car,4.5,road_loopA_f0,road_loopA_f1,7756.3,7885.8,129.5,1304.0,36.2,1
6321,car,4.5,road_loopA_f0,road_loopA_f1,7763.2,7887.4,124.2,1303.3,37.8,1
6317,suv,4.8,road_loopA_f0,road_loopA_f1,7757.9,7887.6,129.7,1303.6,36.2,1
6331,suv,4.8,road_loopA_r0,road_loopA_r1,7774.7,7888.1,113.4,1297.8,41.2,0
6326,car,4.5,road_loopA_f0,road_loopA_f1,7769.6,7889.4,119.8,1302.9,39.1,1
6296,suv,4.8,road_loopA_f0,xloopA_0Ab,7743.2,7890.2,147.0,505.7,12.4,1
6299,truck,8.5,road_loopA_r0,xloopA_0Bb,7745.4,7890.5,145.1,895.6,22.2,1
6289,suv,4.8,road_loopA_f0,road_loopA_f1,7739.6,7890.7,151.1,1302.9,31.0,1
6335,car,4.5,road_loopA_r0,road_loopA_r1,7777.5,7891.2,113.7,1297.5,41.1,0
6342,car,4.5,road_loopA_r0,road_loopA_r1,7788.8,7893.2,104.4,1298.2,44.8,0
6304,car,4.5,road_loopA_f0,road_loopA_f1,7750.4,7893.3,142.9,1304.0,32.9,1
6316,suv,4.8,road_loopA_r0,xloopA_0Bb,7757.7,7893.5,135.8,895.7,23.7,1
6320,truck,8.5,road_loopA_f0,xloopA_0Ab,7762.0,7893.6,131.6,505.5,13.8,1
6339,car,4.5,road_loopA_r0,road_loopA_r1,7785.7,7894.5,108.8,1297.6,42.9,0
6352,car,4.5,road_loopA_r0,road_loopA_r1,7802.7,7894.9,92.2,1297.7,50.7,0
6323,car,4.5,road_loopA_f0,road_loopA_f1,7764.7,7895.1,130.4,1303.3,36.0,1
6345,car,4.5,road_loopA_f0,road_loopA_f1,7790.3,7895.3,105.0,1303.7,44.7,0
6252,car,4.5,xloopA_0Aa,road_loopA_f1,7709.5,7895.4,185.9,872.6,16.9,1
6341,suv,4.8,road_loopA_r0,road_loopA_r1,7787.5,7896.2,108.7,1298.5,43.0,0
6350,car,4.5,road_loopA_r0,xloopA_0Bb,7798.2,7896.2,98.0,895.6,32.9,1
6338,truck,8.5,road_loopA_r0,road_loopA_r1,7779.4,7896.4,117.0,1298.2,40.0,0
6351,car,4.5,road_loopA_f0,road_loopA_f1,7798.4,7897.2,98.8,1303.5,47.5,0
6291,truck,8.5,road_loopA_f0,road_loopA_f1,7740.4,7897.5,157.1,1303.3,29.9,1
6344,car,4.5,road_loopA_r0,road_loopA_r1,7790.2,7898.1,107.9,1298.3,43.3,0
6353,suv,4.8,road_loopA_r0,road_loopA_r1,7802.8,7898.6,95.8,1298.2,48.8,0
6347,truck,8.5,road_loopA_r0,road_loopA_r1,7791.6,7898.8,107.2,1297.5,43.6,0
6355,car,4.5,road_loopA_f0,road_loopA_f1,7804.5,7899.3,94.8,1302.8,49.4,0
6374,suv,4.8,road_loopA_r0,xloopA_0Bb,7822.7,7899.4,76.7,895.3,42.0,0
6349,suv,4.8,road_loopA_r0,road_loopA_r1,7793.1,7899.9,106.8,1297.9,43.8,0
6300,car,4.5,road_loopA_f0,road_loopA_f1,7747.2,7900.8,153.6,1303.1,30.5,1
6337,suv,4.8,road_loopA_f0,road_loopA_f1,7778.1,7901.0,122.9,1304.0,38.2,0
6361,car,4.5,road_loopA_r0,road_loopA_r1,7809.7,7901.3,91.6,1297.5,51.0,0
6312,car,4.5,road_loopA_f0,road_loopA_f1,7755.3,7902.9,147.6,1303.4,31.8,1
6280,car,4.5,road_loopA_f0,road_loopA_f1,7733.0,7903.6,170.6,1304.2,27.5,1
6401,car,4.5,xloopA_0Aa,xloopA_0Ab,7850.8,7905.4,54.6,84.2,5.6,1
6392,car,4.5,xloopA_0Ba,xloopA_0Bb,7839.4,7906.1,66.7,84.1,4.5,1
6364,car,4.5,road_loopA_f0,road_loopA_f1,7816.3,7906.2,89.9,1303.6,52.2,0
6336,car,4.5,road_loopA_f0,road_loopA_f1,7777.9,7906.5,128.6,1302.8,36.5,0
6393,car,4.5,xloopA_0Ba,xloopA_0Bb,7839.7,7908.4,68.7,84.7,4.4,1
6359,suv,4.8,road_loopA_f0,road_loopA_f1,7808.5,7909.9,101.4,1302.8,46.2,0
6436,car,4.5,xloopA_0Aa,xloopA_0Ab,7887.5,7910.7,23.2,84.2,13.1,0
1775,tram,34.0,loopB,loopB,3675.9,7910.9,4235.0,33672.5,28.6,42
6437,car,4.5,xloopA_0Ba,xloopA_0Bb,7889.0,7911.1,22.1,84.2,13.7,0
6327,suv,4.8,road_loopA_f0,road_loopA_f1,7770.6,7911.2,140.6,1303.8,33.4,1
6356,car,4.5,road_loopA_f0,road_loopA_f1,7805.3,7912.5,107.2,1303.3,43.8,0
6439,car,4.5,xloopA_0Aa,xloopA_0Ab,7889.4,7912.8,23.4,84.8,13.0,0
6365,car,4.5,road_loopA_f0,road_loopA_f1,7816.8,7913.6,96.8,1302.8,48.5,0
6269,car,4.5,xloopA_0Aa,road_loopA_f1,7717.7,7913.8,196.1,872.0,16.0,1
6438,car,4.5,xloopA_0Ba,xloopA_0Bb,7889.3,7913.9,24.6,84.3,12.3,0
6454,car,4.5,xloopA_0Aa,xloopA_0Ab,7900.2,7914.6,14.4,84.4,21.1,0
6373,car,4.5,road_loopA_f0,road_loopA_f1,7822.3,7915.4,93.1,1303.0,50.4,0
6468,car,4.5,xloopA_0Ba,xloopA_0Bb,7904.5,7916.0,11.5,84.4,26.5,0
6357,truck,8.5,road_loopA_f0,road_loopA_f1,7805.9,7916.5,110.6,1302.8,42.4,0
6343,truck,8.5,road_loopA_f0,road_loopA_f1,7789.5,7918.1,128.6,1303.7,36.5,0
6318,car,4.5,road_loopA_f0,road_loopA_f1,7759.4,7918.5,159.1,1303.3,29.5,1
6288,car,4.5,xloopA_0Ba,road_loopA_f1,7738.1,7918.6,180.5,902.6,18.0,0
6275,car,4.5,road_loopA_f0,road_loopA_f1,7730.5,7920.2,189.7,1302.9,24.7,1
6362,car,4.5,road_loopA_f0,road_loopA_f1,7810.1,7920.4,110.3,1303.9,42.6,0
6322,truck,8.5,road_loopA_f0,road_loopA_f1,7764.0,7920.8,156.8,1303.7,29.9,1
6295,car,4.5,road_loopA_f0,road_loopA_f1,7741.9,7921.9,180.0,1303.7,26.1,1
6378,suv,4.8,road_loopA_f0,road_loopA_f1,7829.3,7922.1,92.8,1303.9,50.6,0
6324,car,4.5,road_loopA_f0,road_loopA_f1,7766.1,7922.8,156.7,1302.8,29.9,1
6306,car,4.5,road_loopA_f0,road_loopA_f1,7752.2,7923.5,171.3,1303.3,27.4,1
6358,suv,4.8,road_loopA_f0,road_loopA_f1,7807.6,7924.7,117.1,1303.9,40.1,0
6348,car,4.5,road_loopA_r0,xloopA_0Ab,7792.6,7925.0,132.4,869.1,23.6,3
6366,car,4.5,road_loopA_f0,road_loopA_f1,7816.9,7925.0,108.1,1303.7,43.4,0
6315,suv,4.8,road_loopA_f0,road_loopA_f1,7756.3,7925.1,168.8,1302.8,27.8,1
6354,car,4.5,road_loopA_f0,road_loopA_f1,7803.6,7926.8,123.2,1303.0,38.1,0
6388,car,4.5,road_loopA_f0,road_loopA_f1,7838.5,7929.4,90.9,1303.8,51.6,0
6377,car,4.5,road_loopA_f0,road_loopA_f1,7826.0,7929.6,103.6,1303.2,45.3,0
6385,car,4.5,road_loopA_f0,road_loopA_f1,7834.9,7932.2,97.3,1303.0,48.2,0
6380,suv,4.8,road_loopA_f0,road_loopA_f1,7832.9,7932.4,99.5,1302.8,47.2,0
6400,car,4.5,road_loopA_r0,xloopA_0Ab,7849.8,7933.5,83.7,869.1,37.4,0
6369,suv,4.8,road_loopA_f0,road_loopA_f1,7820.4,7933.7,113.3,1302.8,41.4,0
6383,car,4.5,road_loopA_f0,road_loopA_f1,7834.5,7935.4,100.9,1303.9,46.5,0
6396,car,4.5,road_loopA_r0,xloopA_0Ab,7844.5,7938.9,94.4,869.0,33.1,1
6382,car,4.5,road_loopA_f0,road_loopA_f1,7833.4,7940.7,107.3,1303.1,43.7,0
6387,car,4.5,road_loopA_f0,road_loopA_f1,7838.3,7945.2,106.9,1304.0,43.9,0
6303,bus,11.0,road_loopA_f0,road_loopA_f1,7749.0,7946.6,197.6,1302.8,23.7,4
6477,car,4.5,road_loopA_f0,xloopA_0Bb,7909.0,7948.9,39.9,478.7,43.2,0
6379,car,4.5,road_loopA_f0,road_loopA_f1,7829.9,7949.3,119.4,1303.6,39.3,0
6376,car,4.5,road_loopA_r0,road_loopA_r1,7825.0,7950.5,125.5,1298.5,37.3,1
6368,car,4.5,road_loopA_r0,road_loopA_r1,7818.0,7953.4,135.4,1297.6,34.5,1
6384,car,4.5,road_loopA_r0,road_loopA_r1,7834.8,7955.2,120.4,1297.7,38.8,1
6371,truck,8.5,road_loopA_r0,road_loopA_r1,7821.7,7955.8,134.1,1298.2,34.9,1
6389,suv,4.8,road_loopA_r0,road_loopA_r1,7838.5,7957.8,119.3,1298.4,39.2,1
6375,car,4.5,xloopA_0Aa,road_loopA_r1,7822.9,7958.4,135.5,507.1,13.5,1
6397,suv,4.8,road_loopA_r0,road_loopA_r1,7844.8,7959.2,114.4,1298.4,40.9,1
6367,car,4.5,road_loopA_r0,road_loopA_r1,7817.6,7960.1,142.5,1298.2,32.8,1
6372,car,4.5,road_loopA_r0,road_loopA_r1,7822.1,7960.6,138.5,1298.7,33.8,1
6370,suv,4.8,road_loopA_r0,road_loopA_r1,7820.9,7961.8,140.9,1298.5,33.2,1
6386,car,4.5,road_loopA_r0,road_loopA_r1,7835.9,7961.8,125.9,1298.0,37.1,1
6406,suv,4.8,road_loopA_r0,road_loopA_r1,7857.9,7962.7,104.8,1297.3,44.6,0
6403,car,4.5,road_loopA_r0,road_loopA_r1,7851.6,7963.3,111.7,1298.3,41.8,0
6381,car,4.5,road_loopA_r0,road_loopA_r1,7833.0,7963.7,130.7,1298.2,35.7,1
6411,car,4.5,road_loopA_r0,road_loopA_r1,7861.2,7965.0,103.8,1298.1,45.0,0
6412,car,4.5,road_loopA_r0,road_loopA_r1,7861.9,7965.5,103.6,1298.0,45.1,0
6410,car,4.5,road_loopA_r0,road_loopA_r1,7860.5,7967.0,106.5,1297.5,43.9,0
6391,suv,4.8,road_loopA_r0,road_loopA_r1,7839.4,7967.4,128.0,1297.6,36.5,0
6424,car,4.5,road_loopA_r0,road_loopA_r1,7877.0,7968.5,91.5,1298.0,51.0,0
6402,car,4.5,road_loopA_r0,road_loopA_r1,7851.3,7969.4,118.1,1297.9,39.6,0
6417,car,4.5,road_loopA_r0,road_loopA_r1,7870.7,7971.1,100.4,1297.8,46.5,0
6419,car,4.5,road_loopA_r0,road_loopA_r1,7873.9,7973.2,99.3,1298.3,47.1,0
6429,car,4.5,road_loopA_r0,road_loopA_r1,7881.6,7976.2,94.6,1298.1,49.4,0
6432,suv,4.8,road_loopA_r0,road_loopA_r1,7882.7,7978.7,96.0,1297.3,48.7,0
6398,car,4.5,road_loopA_f0,road_loopA_f1,7846.4,7982.7,136.3,1303.0,34.4,1
6408,car,4.5,road_loopA_f0,road_loopA_f1,7859.0,7984.6,125.6,1303.9,37.4,1
6390,car,4.5,road_loopA_f0,road_loopA_f1,7838.6,7984.9,146.3,1303.0,32.1,1
6404,car,4.5,road_loopA_f0,road_loopA_f1,7852.8,7986.7,133.9,1303.7,35.1,1
6414,suv,4.8,road_loopA_f0,road_loopA_f1,7863.3,7987.2,123.9,1302.8,37.9,1
6415,car,4.5,road_loopA_f0,road_loopA_f1,7866.4,7990.1,123.7,1304.1,37.9,1
6421,suv,4.8,road_loopA_f0,road_loopA_f1,7875.9,7991.4,115.5,1303.4,40.6,1
6441,truck,8.5,road_loopA_r0,road_loopA_r1,7890.0,7992.9,102.9,1297.9,45.4,0
6455,suv,4.8,road_loopA_r0,road_loopA_r1,7900.5,7992.9,92.4,1298.7,50.6,0
6423,car,4.5,road_loopA_f0,road_loopA_f1,7876.5,7993.1,116.6,1303.1,40.2,1
6440,car,4.5,road_loopA_r0,road_loopA_r1,7890.0,7993.3,103.3,1298.3,45.2,0
6445,car,4.5,road_loopA_r0,road_loopA_r1,7892.0,7995.0,103.0,1297.7,45.3,0
6446,truck,8.5,road_loopA_r0,xloopA_0Ab,7892.2,7995.2,103.0,869.1,30.4,1
6463,car,4.5,road_loopA_r0,road_loopA_r1,7902.4,7995.8,93.4,1298.5,50.1,0
6363,car,4.5,xloopA_0Ba,road_loopA_f1,7813.6,7996.2,182.6,902.8,17.8,1
6427,truck,8.5,road_loopA_f0,road_loopA_f1,7879.9,7996.2,116.3,1304.0,40.4,1
6460,car,4.5,road_loopA_r0,road_loopA_r1,7901.8,7996.5,94.7,1298.6,49.4,0
6461,car,4.5,road_loopA_r0,road_loopA_r1,7902.2,7997.9,95.7,1297.6,48.8,0
6469,car,4.5,road_loopA_r0,road_loopA_r1,7905.0,7998.5,93.5,1297.6,49.9,0
6449,car,4.5,road_loopA_r0,road_loopA_r1,7895.5,7998.6,103.1,1297.3,45.3,0
6476,suv,4.8,road_loopA_r0,road_loopA_r1,7908.8,7999.7,90.9,1298.3,51.4,0
6399,car,4.5,road_loopA_f0,road_loopA_f1,7849.1,8001.2,152.1,1303.7,30.9,1
6474,suv,4.8,road_loopA_r0,road_loopA_r1,7907.3,8001.7,94.4,1297.3,49.5,0
6428,car,4.5,road_loopA_r0,xloopA_0Bb,7881.3,8003.3,122.0,895.3,26.4,1
6462,suv,4.8,road_loopA_f0,xloopA_0Ab,7902.3,8004.0,101.7,505.7,17.9,1
6435,truck,8.5,road_loopA_f0,road_loopA_f1,7886.2,8004.5,118.3,1302.9,39.6,0
6405,suv,4.8,road_loopA_f0,road_loopA_f1,7854.0,8006.0,152.0,1303.0,30.9,1
6453,suv,4.8,road_loopA_r0,xloopA_0Bb,7900.0,8006.0,106.0,895.9,30.4,1
6513,car,4.5,road_loopA_f0,xloopA_0Ab,7945.4,8006.6,61.2,505.4,29.7,1
6422,car,4.5,road_loopA_f0,road_loopA_f1,7876.4,8007.7,131.3,1303.8,35.7,1
6459,truck,8.5,road_loopA_r0,road_loopA_r1,7901.6,8008.8,107.2,1297.7,43.6,0
6452,car,4.5,road_loopA_f0,road_loopA_f1,7899.2,8009.8,110.6,1303.8,42.4,0
6443,car,4.5,road_loopA_f0,road_loopA_f1,7890.2,8010.2,120.0,1303.7,39.1,0
6458,car,4.5,road_loopA_f0,road_loopA_f1,7900.8,8011.9,111.1,1303.2,42.2,0
6480,suv,4.8,road_loopA_r0,road_loopA_r1,7913.8,8013.1,99.3,1297.5,47.0,0
6467,car,4.5,road_loopA_f0,road_loopA_f1,7904.4,8013.2,108.8,1302.8,43.1,0
6481,car,4.5,road_loopA_r0,road_loopA_r1,7913.8,8014.8,101.0,1297.9,46.3,0
6471,suv,4.8,road_loopA_f0,road_loopA_f1,7906.5,8014.9,108.4,1304.2,43.3,0
6483,car,4.5,xloopA_0Ba,xloopA_0Bb,7914.5,8015.2,100.7,84.7,3.0,1
6487,car,4.5,road_loopA_r0,road_loopA_r1,7922.0,8016.5,94.5,1297.4,49.4,0
6475,car,4.5,road_loopA_f0,road_loopA_f1,7908.0,8016.7,108.7,1303.7,43.2,0
6558,car,4.5,xloopA_0Aa,xloopA_0Ab,7987.7,8016.7,29.0,84.2,10.4,1
6492,car,4.5,xloopA_0Ba,xloopA_0Bb,7927.4,8017.2,89.8,84.5,3.4,1
6489,suv,4.8,road_loopA_r0,road_loopA_r1,7922.5,8017.6,95.1,1297.3,49.1,0
6490,suv,4.8,road_loopA_r0,road_loopA_r1,7924.5,8017.9,93.4,1297.4,50.0,0
6470,suv,4.8,road_loopA_f0,road_loopA_f1,7905.8,8018.3,112.5,1303.5,41.7,0
6514,car,4.5,xloopA_0Ba,xloopA_0Bb,7945.5,8019.3,73.8,84.7,4.1,1
6482,car,4.5,road_loopA_f0,road_loopA_f1,7914.3,8021.0,106.7,1303.4,44.0,0
6473,car,4.5,road_loopA_r0,road_loopA_r1,7906.7,8021.2,114.5,1297.8,40.8,0
6484,car,4.5,road_loopA_r0,road_loopA_r1,7917.2,8021.6,104.4,1298.4,44.8,0
6486,car,4.5,road_loopA_f0,road_loopA_f1,7919.8,8022.7,102.9,1303.6,45.6,0
6457,car,4.5,road_loopA_f0,road_loopA_f1,7900.7,8025.3,124.6,1303.3,37.6,0
6451,car,4.5,road_loopA_f0,road_loopA_f1,7898.9,8028.3,129.4,1303.0,36.3,0
6551,car,4.5,xloopA_0Ba,xloopA_0Bb,7982.7,8029.4,46.7,84.5,6.5,0
6426,car,4.5,xloopA_0Aa,road_loopA_f1,7878.6,8030.7,152.1,872.3,20.6,1
6478,car,4.5,road_loopA_f0,road_loopA_f1,7909.6,8031.6,122.0,1303.9,38.5,0
6433,car,4.5,xloopA_0Ba,road_loopA_f1,7883.4,8031.9,148.5,902.8,21.9,0
6413,car,4.5,road_loopA_f0,road_loopA_f1,7862.6,8032.5,169.9,1303.4,27.6,1
6496,car,4.5,road_loopA_f0,road_loopA_f1,7934.0,8033.1,99.1,1303.6,47.4,0
6395,car,4.5,road_loopA_f0,road_loopA_f1,7843.3,8033.5,190.2,1303.0,24.7,1
6418,car,4.5,road_loopA_f0,road_loopA_f1,7871.3,8034.2,162.9,1304.0,28.8,1
6497,car,4.5,road_loopA_f0,road_loopA_f1,7934.3,8034.9,100.6,1303.4,46.6,0
6394,suv,4.8,road_loopA_f0,road_loopA_f1,7842.7,8035.3,192.6,1303.7,24.4,1
6425,car,4.5,road_loopA_f0,road_loopA_f1,7878.1,8035.8,157.7,1303.6,29.8,1
6479,suv,4.8,road_loopA_f0,road_loopA_f1,7911.1,8036.6,125.5,1303.0,37.4,0
6409,car,4.5,road_loopA_f0,road_loopA_f1,7859.0,8037.0,178.0,1303.5,26.4,1
6430,car,4.5,road_loopA_f0,road_loopA_f1,7882.5,8037.5,155.0,1303.2,30.3,0
6416,car,4.5,road_loopA_f0,road_loopA_f1,7869.6,8038.7,169.1,1303.8,27.8,1
6491,truck,8.5,road_loopA_f0,road_loopA_f1,7926.1,8039.0,112.9,1303.8,41.6,0
6447,suv,4.8,road_loopA_f0,road_loopA_f1,7892.7,8039.3,146.6,1303.8,32.0,0
6420,car,4.5,road_loopA_f0,road_loopA_f1,7874.7,8040.4,165.7,1303.6,28.3,1
6465,car,4.5,road_loopA_f0,road_loopA_f1,7903.7,8041.0,137.3,1303.3,34.2,0
6515,car,4.5,road_loopA_f0,road_loopA_f1,7946.6,8041.1,94.5,1303.9,49.7,0
6431,car,4.5,road_loopA_f0,road_loopA_f1,7882.6,8042.1,159.5,1303.1,29.4,1
6448,car,4.5,road_loopA_f0,road_loopA_f1,7894.3,8042.7,148.4,1302.9,31.6,0
6518,car,4.5,road_loopA_f0,road_loopA_f1,7949.4,8042.8,93.4,1303.4,50.2,0
6434,car,4.5,road_loopA_f0,road_loopA_f1,7883.3,8043.9,160.6,1302.9,29.2,1
6522,car,4.5,road_loopA_f0,road_loopA_f1,7951.6,8044.6,93.0,1303.8,50.4,0
6464,car,4.5,road_loopA_f0,road_loopA_f1,7903.6,8044.8,141.2,1303.5,33.2,0
6442,suv,4.8,road_loopA_f0,road_loopA_f1,7890.2,8045.7,155.5,1303.8,30.2,0
6519,car,4.5,road_loopA_f0,road_loopA_f1,7949.7,8045.9,96.2,1303.1,48.8,0
6485,car,4.5,road_loopA_f0,road_loopA_f1,7917.7,8046.5,128.8,1303.2,36.4,0
6444,car,4.5,road_loopA_f0,road_loopA_f1,7890.3,8047.5,157.2,1304.1,29.9,0
6516,car,4.5,road_loopA_f0,road_loopA_f1,7947.3,8047.7,100.4,1304.1,46.7,0
6407,bus,11.0,road_loopA_f0,road_loopA_f1,7858.2,8048.3,190.1,1302.8,24.7,3
6466,car,4.5,road_loopA_f0,road_loopA_f1,7904.3,8048.3,144.0,1303.3,32.6,0
6450,truck,8.5,road_loopA_f0,road_loopA_f1,7895.9,8049.5,153.6,1302.9,30.5,0
6532,car,4.5,road_loopA_f0,road_loopA_f1,7955.9,8049.6,93.7,1303.2,50.0,0
6504,truck,8.5,road_loopA_f0,road_loopA_f1,7939.7,8050.5,110.8,1303.1,42.4,0
6456,car,4.5,road_loopA_f0,road_loopA_f1,7900.6,8051.6,151.0,1303.4,31.1,0
6508,truck,8.5,road_loopA_f0,road_loopA_f1,7943.4,8053.0,109.6,1303.1,42.8,0
6524,car,4.5,road_loopA_f0,road_loopA_f1,7952.8,8053.2,100.4,1303.4,46.7,0
6505,car,4.5,road_loopA_f0,road_loopA_f1,7942.1,8053.5,111.4,1303.5,42.1,0
6512,car,4.5,road_loopA_f0,road_loopA_f1,7945.2,8055.1,109.9,1303.8,42.7,0
6510,car,4.5,road_loopA_f0,road_loopA_f1,7943.5,8055.3,111.8,1303.8,42.0,0
6525,truck,8.5,road_loopA_f0,road_loopA_f1,7954.5,8057.4,102.9,1303.1,45.6,0
6488,car,4.5,road_loopA_r0,road_loopA_r1,7922.4,8067.4,145.0,1297.8,32.2,1
6613,car,4.5,road_loopA_f0,xloopA_0Bb,8025.3,8067.4,42.1,478.7,40.9,0
6493,car,4.5,road_loopA_r0,road_loopA_r1,7928.2,8067.9,139.7,1297.3,33.4,1
6502,car,4.5,road_loopA_r0,road_loopA_r1,7938.6,8069.5,130.9,1298.6,35.7,1
6499,car,4.5,road_loopA_r0,road_loopA_r1,7936.1,8071.8,135.7,1298.3,34.5,1
6529,car,4.5,xloopA_0Ba,road_loopA_r1,7955.1,8073.8,118.7,476.7,14.5,0
6495,car,4.5,road_loopA_r0,road_loopA_r1,7931.8,8074.8,143.0,1298.1,32.7,1
6509,car,4.5,road_loopA_r0,road_loopA_r1,7943.4,8076.8,133.4,1297.9,35.0,1
6517,car,4.5,road_loopA_r0,road_loopA_r1,7949.0,8078.2,129.2,1297.6,36.2,1
6511,car,4.5,road_loopA_r0,road_loopA_r1,7944.6,8080.0,135.4,1298.5,34.5,1
6535,car,4.5,xloopA_0Ba,road_loopA_r1,7959.3,8080.6,121.3,476.7,14.1,0
6472,car,4.5,road_loopA_r0,road_loopA_r1,7906.5,8081.2,174.7,1298.1,26.8,1
6521,car,4.5,road_loopA_r0,road_loopA_r1,7951.4,8082.8,131.4,1298.3,35.6,1
6506,truck,8.5,road_loopA_r0,road_loopA_r1,7942.1,8083.6,141.5,1298.1,33.0,1
6500,car,4.5,road_loopA_r0,road_loopA_r1,7937.2,8083.8,146.6,1297.9,31.9,1
6530,suv,4.8,road_loopA_r0,road_loopA_r1,7955.3,8084.6,129.3,1298.4,36.1,1
6501,suv,4.8,road_loopA_r0,road_loopA_r1,7937.1,8086.2,149.1,1297.9,31.3,1
6543,suv,4.8,road_loopA_r0,road_loopA_r1,7971.0,8086.7,115.7,1298.1,40.4,0
6608,car,4.5,road_loopA_r0,xloopA_0Ab,8019.5,8087.7,68.2,869.1,45.9,0
6546,car,4.5,road_loopA_r0,road_loopA_r1,7976.8,8087.9,111.1,1298.2,42.1,0
6503,suv,4.8,road_loopA_r0,road_loopA_r1,7938.8,8088.6,149.8,1298.0,31.2,1
6534,car,4.5,road_loopA_f0,road_loopA_f1,7957.7,8089.8,132.1,1303.0,35.5,1
6545,suv,4.8,road_loopA_r0,road_loopA_r1,7972.5,8090.3,117.8,1297.4,39.6,0
6598,car,4.5,xloopA_0Ba,road_loopA_r1,8013.6,8090.5,76.9,476.6,22.3,0
6570,car,4.5,road_loopA_r0,road_loopA_r1,7995.2,8090.8,95.6,1298.2,48.9,0
6578,car,4.5,road_loopA_r0,xloopA_0Ab,7998.0,8091.1,93.1,869.2,33.6,1
6494,suv,4.8,road_loopA_r0,road_loopA_r1,7930.6,8092.2,161.6,1297.7,28.9,1
6576,car,4.5,road_loopA_r0,road_loopA_r1,7997.6,8092.5,94.9,1297.3,49.2,0
6553,truck,8.5,road_loopA_r0,road_loopA_r1,7983.9,8092.7,108.8,1298.4,43.0,0
6537,car,4.5,road_loopA_f0,road_loopA_f1,7963.7,8093.0,129.3,1303.0,36.3,1
6592,car,4.5,road_loopA_r0,xloopA_0Ab,8010.7,8093.0,82.3,869.1,38.0,0
6498,car,4.5,road_loopA_r0,road_loopA_r1,7934.5,8093.9,159.4,1298.0,29.3,1
6559,car,4.5,road_loopA_r0,road_loopA_r1,7988.1,8094.7,106.6,1298.6,43.9,0
6581,car,4.5,road_loopA_r0,road_loopA_r1,7999.8,8095.0,95.2,1298.0,49.1,0
6507,car,4.5,road_loopA_r0,road_loopA_r1,7942.4,8095.6,153.2,1298.1,30.5,1
6533,car,4.5,road_loopA_f0,road_loopA_f1,7957.4,8095.6,138.2,1303.1,33.9,1
6564,car,4.5,road_loopA_r0,road_loopA_r1,7991.0,8096.6,105.6,1298.4,44.3,0
6542,car,4.5,road_loopA_r0,road_loopA_r1,7970.0,8097.1,127.1,1298.3,36.8,0
6520,truck,8.5,road_loopA_r0,road_loopA_r1,7950.4,8097.7,147.3,1297.5,31.7,1
6651,suv,4.8,road_loopA_f0,xloopA_0Bb,8058.1,8098.1,40.0,479.0,43.1,0
6548,car,4.5,road_loopA_f0,road_loopA_f1,7981.4,8098.2,116.8,1303.5,40.2,1
6579,suv,4.8,road_loopA_r0,road_loopA_r1,7999.0,8098.2,99.2,1297.6,47.1,0
6550,car,4.5,road_loopA_r0,road_loopA_r1,7982.4,8098.5,116.1,1297.5,40.2,0
6528,suv,4.8,road_loopA_r0,road_loopA_r1,7955.0,8099.7,144.7,1297.8,32.3,1
6541,car,4.5,road_loopA_f0,road_loopA_f1,7968.7,8099.7,131.0,1303.5,35.8,1
6567,car,4.5,road_loopA_r0,road_loopA_r1,7993.5,8100.9,107.4,1297.3,43.5,0
6591,suv,4.8,road_loopA_r0,road_loopA_r1,8009.5,8100.9,91.4,1298.2,51.1,0
6526,car,4.5,road_loopA_f0,road_loopA_f1,7954.7,8101.4,146.7,1304.1,32.0,1
6555,suv,4.8,road_loopA_f0,road_loopA_f1,7985.7,8101.5,115.8,1303.1,40.5,1
6560,suv,4.8,road_loopA_r0,road_loopA_r1,7988.3,8101.8,113.5,1297.4,41.1,0
6584,car,4.5,road_loopA_r0,road_loopA_r1,8001.5,8102.7,101.2,1298.2,46.2,0
6580,car,4.5,road_loopA_r0,road_loopA_r1,7999.2,8103.6,104.4,1297.4,44.8,0
6599,suv,4.8,road_loopA_r0,road_loopA_r1,8014.1,8103.9,89.8,1298.4,52.0,0
6552,suv,4.8,road_loopA_f0,road_loopA_f1,7982.9,8104.2,121.3,1303.0,38.7,1
6588,car,4.5,road_loopA_r0,road_loopA_r1,8006.6,8105.4,98.8,1297.7,47.3,0
6571,car,4.5,road_loopA_r0,road_loopA_r1,7995.5,8105.6,110.1,1297.5,42.4,0
6563,suv,4.8,road_loopA_f0,road_loopA_f1,7990.2,8106.0,115.8,1303.3,40.5,1
6582,bus,11.0,road_loopA_r0,road_loopA_r1,8000.2,8107.8,107.6,1297.3,43.4,0
6549,car,4.5,road_loopA_f0,road_loopA_f1,7982.4,8108.0,125.6,1303.5,37.4,1
6573,car,4.5,road_loopA_f0,road_loopA_f1,7995.9,8109.8,113.9,1303.5,41.2,15
6589,truck,8.5,road_loopA_r0,road_loopA_r1,8008.4,8110.6,102.2,1297.9,45.7,0
6583,car,4.5,road_loopA_f0,road_loopA_f1,8000.2,8112.2,112.0,1303.7,41.9,0
6597,car,4.5,road_loopA_r0,road_loopA_r1,8012.7,8112.3,99.6,1298.3,46.9,0
6600,car,4.5,road_loopA_r0,road_loopA_r1,8014.2,8113.6,99.4,1297.5,47.0,0
6538,suv,4.8,road_loopA_f0,road_loopA_f1,7965.1,8114.9,149.8,1303.7,31.3,1
6611,car,4.5,road_loopA_r0,road_loopA_r1,8021.6,8115.5,93.9,1297.6,49.8,0
6539,car,4.5,road_loopA_f0,road_loopA_f1,7966.6,8116.4,149.8,1303.3,31.3,1
6527,car,4.5,road_loopA_r0,xloopA_0Bb,7954.8,8117.0,162.2,895.4,19.9,1
6614,suv,4.8,road_loopA_r0,road_loopA_r1,8026.6,8117.3,90.7,1298.0,51.5,0
6569,car,4.5,road_loopA_f0,xloopA_0Ab,7994.8,8117.6,122.8,505.1,14.8,1
6603,car,4.5,road_loopA_r0,road_loopA_r1,8018.5,8117.9,99.4,1298.2,47.0,0
6557,car,4.5,road_loopA_f0,road_loopA_f1,7987.1,8118.0,130.9,1302.8,35.8,1
6566,car,4.5,road_loopA_f0,road_loopA_f1,7992.8,8118.6,125.8,1303.2,37.3,1
6531,car,4.5,xloopA_0Aa,road_loopA_f1,7955.4,8118.8,163.4,872.3,19.2,1
6605,car,4.5,road_loopA_r0,xloopA_0Bb,8018.8,8119.6,100.8,895.4,32.0,1
6586,car,4.5,road_loopA_f0,road_loopA_f1,8004.3,8119.7,115.4,1304.1,40.7,0
6575,car,4.5,road_loopA_f0,road_loopA_f1,7996.4,8119.8,123.4,1302.8,38.0,11
6649,car,4.5,road_loopA_f0,xloopA_0Ab,8056.2,8120.2,64.0,505.2,28.4,1
6590,car,4.5,road_loopA_f0,road_loopA_f1,8008.8,8121.4,112.6,1304.1,41.7,0
6544,suv,4.8,road_loopA_f0,road_loopA_f1,7971.4,8121.6,150.2,1303.7,31.2,1
6612,truck,8.5,road_loopA_r0,road_loopA_r1,8023.2,8121.8,98.6,1298.5,47.4,0
6621,car,4.5,road_loopA_r0,xloopA_0Bb,8034.2,8122.3,88.1,895.7,36.6,1
6540,car,4.5,road_loopA_f0,road_loopA_f1,7968.4,8122.9,154.5,1303.3,30.4,1
6606,car,4.5,road_loopA_f0,road_loopA_f1,8019.0,8123.1,104.1,1304.0,45.1,0
6619,car,4.5,road_loopA_r0,road_loopA_r1,8031.6,8124.0,92.4,1297.3,50.5,0
6593,car,4.5,road_loopA_f0,road_loopA_f1,8011.7,8125.1,113.4,1304.0,41.4,0
6620,suv,4.8,road_loopA_r0,road_loopA_r1,8032.9,8125.8,92.9,1298.0,50.3,0
6610,car,4.5,road_loopA_f0,road_loopA_f1,8021.6,8126.2,104.6,1304.1,44.9,0
6617,car,4.5,road_loopA_r0,road_loopA_r1,8029.4,8126.7,97.3,1297.7,48.0,0
6596,car,4.5,road_loopA_f0,road_loopA_f1,8012.7,8126.9,114.2,1303.4,41.1,0
6561,car,4.5,road_loopA_f0,road_loopA_f1,7988.3,8127.9,139.6,1304.1,33.6,1
6616,car,4.5,road_loopA_f0,road_loopA_f1,8028.3,8127.9,99.6,1302.8,47.1,0
6587,bus,11.0,road_loopA_r0,road_loopA_r1,8005.4,8129.1,123.7,1298.0,37.8,1
6585,car,4.5,road_loopA_f0,road_loopA_f1,8003.4,8129.7,126.3,1303.0,37.1,1
6565,truck,8.5,road_loopA_f0,road_loopA_f1,7992.7,8129.9,137.2,1303.2,34.2,1
6604,car,4.5,xloopA_0Ba,xloopA_0Bb,8018.6,8130.3,111.7,84.0,2.7,1
6655,car,4.5,xloopA_0Aa,xloopA_0Ab,8062.0,8130.5,68.5,84.2,4.4,1
6624,suv,4.8,road_loopA_f0,road_loopA_f1,8037.7,8131.5,93.8,1303.1,50.0,0
6609,car,4.5,xloopA_0Ba,xloopA_0Bb,8021.3,8132.6,111.3,84.4,2.7,1
6577,car,4.5,road_loopA_f0,road_loopA_f1,7997.8,8133.4,135.6,1303.5,34.6,2
6631,car,4.5,road_loopA_f0,road_loopA_f1,8041.3,8133.7,92.4,1303.0,50.8,0
6622,car,4.5,road_loopA_f0,road_loopA_f1,8034.3,8135.2,100.9,1303.3,46.5,0
6654,car,4.5,xloopA_0Ba,xloopA_0Bb,8060.7,8135.7,75.0,84.6,4.1,1
6627,car,4.5,road_loopA_r0,road_loopA_r1,8039.7,8136.6,96.9,1298.1,48.2,0
6626,truck,8.5,road_loopA_f0,road_loopA_f1,8038.9,8137.4,98.5,1303.9,47.7,0
6594,car,4.5,xloopA_0Ba,road_loopA_f1,8011.8,8137.5,125.7,902.7,25.9,0
6669,car,4.5,xloopA_0Ba,xloopA_0Bb,8076.7,8138.5,61.8,84.2,4.9,0
6639,car,4.5,road_loopA_f0,road_loopA_f1,8046.6,8139.1,92.5,1303.9,50.7,0
6523,car,4.5,road_loopA_f0,road_loopA_f1,7952.7,8139.2,186.5,1303.8,25.2,1
6633,car,4.5,road_loopA_f0,road_loopA_f1,8042.0,8139.5,97.5,1303.5,48.1,0
6536,suv,4.8,road_loopA_f0,road_loopA_f1,7959.6,8140.9,181.3,1303.7,25.9,1
6636,suv,4.8,road_loopA_f0,road_loopA_f1,8044.4,8141.3,96.9,1303.1,48.4,0
6640,suv,4.8,road_loopA_f0,road_loopA_f1,8046.8,8141.9,95.1,1304.2,49.3,0
6547,car,4.5,road_loopA_f0,road_loopA_f1,7978.9,8142.6,163.7,1304.0,28.7,1
6601,car,4.5,road_loopA_f0,road_loopA_f1,8014.3,8143.3,129.0,1303.6,36.4,0
6646,car,4.5,road_loopA_f0,road_loopA_f1,8052.0,8143.6,91.6,1303.4,51.2,0
6554,car,4.5,road_loopA_f0,road_loopA_f1,7984.8,8144.2,159.4,1302.8,29.4,1
6634,suv,4.8,road_loopA_f0,road_loopA_f1,8042.0,8145.7,103.7,1303.0,45.2,0
6556,car,4.5,road_loopA_f0,road_loopA_f1,7985.8,8145.9,160.1,1303.1,29.3,1
6615,car,4.5,road_loopA_f0,road_loopA_f1,8026.8,8146.2,119.4,1303.1,39.3,0
6647,car,4.5,road_loopA_f0,road_loopA_f1,8052.3,8147.6,95.3,1303.6,49.2,0
6568,truck,8.5,road_loopA_f0,road_loopA_f1,7993.9,8148.1,154.2,1303.8,30.4,1
6632,car,4.5,road_loopA_f0,road_loopA_f1,8041.9,8148.2,106.3,1303.0,44.1,0
6574,car,4.5,road_loopA_f0,road_loopA_f1,7996.3,8150.1,153.8,1303.7,30.5,1
6629,suv,4.8,road_loopA_f0,road_loopA_f1,8040.8,8151.0,110.2,1304.1,42.6,0
6595,car,4.5,road_loopA_f0,road_loopA_f1,8012.6,8151.9,139.3,1303.5,33.7,0
6607,truck,8.5,road_loopA_f0,road_loopA_f1,8019.2,8154.1,134.9,1302.9,34.8,0
6700,car,4.5,road_loopA_f0,xloopA_0Bb,8114.5,8155.2,40.7,478.8,42.4,0
6625,car,4.5,road_loopA_f0,road_loopA_f1,8038.8,8155.6,116.8,1303.6,40.2,0
6562,bus,11.0,road_loopA_f0,road_loopA_f1,7989.1,8155.8,166.7,1302.8,28.1,2
6638,car,4.5,road_loopA_f0,road_loopA_f1,8046.4,8155.9,109.5,1304.0,42.9,0
6602,bus,11.0,road_loopA_f0,road_loopA_f1,8014.8,8161.0,146.2,1303.3,32.1,2
2015,tram,34.0,loopA,loopA,3895.1,8161.8,4266.7,33702.2,28.4,41
6715,car,4.5,road_loopA_f0,xloopA_0Bb,8126.8,8168.0,41.2,478.7,41.9,0
6658,car,4.5,road_loopA_f0,road_loopA_f1,8065.9,8168.5,102.6,1302.9,45.7,0
6637,car,4.5,road_loopA_r0,road_loopA_r1,8045.9,8172.9,127.0,1298.5,36.8,1
6630,car,4.5,road_loopA_r0,road_loopA_r1,8040.9,8175.0,134.1,1297.6,34.8,1
6643,car,4.5,road_loopA_r0,road_loopA_r1,8049.9,8175.9,126.0,1298.1,37.1,1
6642,car,4.5,road_loopA_r0,road_loopA_r1,8048.1,8176.7,128.6,1297.6,36.3,1
6652,suv,4.8,road_loopA_r0,road_loopA_r1,8059.3,8179.4,120.1,1298.3,38.9,1
6644,car,4.5,road_loopA_r0,road_loopA_r1,8050.7,8180.5,129.8,1297.8,36.0,1
6618,truck,8.5,road_loopA_r0,road_loopA_r1,8030.3,8181.8,151.5,1298.1,30.8,1
6653,suv,4.8,road_loopA_r0,road_loopA_r1,8059.6,8182.2,122.6,1298.4,38.1,1
6660,suv,4.8,road_loopA_r0,road_loopA_r1,8068.6,8182.8,114.2,1297.8,40.9,1
6695,car,4.5,road_loopA_r0,xloopA_0Ab,8112.8,8183.1,70.3,869.1,44.5,0
6628,truck,8.5,road_loopA_r0,road_loopA_r1,8040.0,8184.2,144.2,1297.6,32.4,1
6641,car,4.5,road_loopA_r0,road_loopA_r1,8047.1,8184.4,137.3,1297.8,34.0,1
6670,car,4.5,road_loopA_r0,road_loopA_r1,8077.1,8184.5,107.4,1297.3,43.5,1
6648,suv,4.8,road_loopA_r0,road_loopA_r1,8055.8,8186.1,130.3,1298.6,35.9,1
6635,suv,4.8,road_loopA_r0,road_loopA_r1,8043.0,8186.2,143.2,1297.9,32.6,1
6674,car,4.5,road_loopA_r0,road_loopA_r1,8091.6,8186.7,95.1,1297.2,49.1,0
6679,car,4.5,road_loopA_r0,road_loopA_r1,8096.3,8189.4,93.1,1297.4,50.1,0
6650,suv,4.8,road_loopA_r0,road_loopA_r1,8057.6,8189.8,132.2,1297.4,35.3,1
6645,truck,8.5,road_loopA_r0,road_loopA_r1,8051.1,8191.5,140.4,1297.3,33.3,1
6662,suv,4.8,road_loopA_r0,road_loopA_r1,8071.2,8192.5,121.3,1298.1,38.5,0
6681,car,4.5,road_loopA_r0,road_loopA_r1,8096.8,8194.2,97.4,1298.3,48.0,0
6712,car,4.5,road_loopA_r0,xloopA_0Ab,8124.1,8194.5,70.4,868.9,44.4,0
6677,suv,4.8,road_loopA_r0,road_loopA_r1,8093.4,8197.1,103.7,1298.1,45.1,0
6686,suv,4.8,road_loopA_r0,road_loopA_r1,8102.6,8197.5,94.9,1298.3,49.2,0
6682,car,4.5,road_loopA_r0,road_loopA_r1,8099.6,8198.8,99.2,1298.0,47.1,0
6685,truck,8.5,road_loopA_r0,road_loopA_r1,8101.4,8199.6,98.2,1297.8,47.6,0
