veh_id,kind,length_m,origin,destination,depart_s,arrive_s,travel_s,dist_m,avg_kmh,stops
44,suv,4.8,road_loopA_f0,xloopA_0Ab,2177.6,2225.4,47.8,505.5,38.1,0
60,car,4.5,road_loopA_f0,xloopA_0Ab,2188.2,2228.0,39.8,505.0,45.7,0
68,car,4.5,road_loopA_f0,xloopA_0Ab,2191.6,2230.2,38.6,505.5,47.1,0
29,suv,4.8,road_loopA_r0,xloopA_0Bb,2162.1,2231.1,69.0,895.9,46.8,0
14,car,4.5,xloopA_0Ba,xloopA_0Bb,2152.2,2237.4,85.2,84.5,3.6,1
11,car,4.5,xloopA_0Aa,xloopA_0Ab,2151.1,2237.8,86.7,84.5,3.5,1
10,car,4.5,road_loopA_f0,road_loopA_f1,2150.1,2239.5,89.4,1303.1,52.5,0
28,car,4.5,xloopA_0Ba,xloopA_0Bb,2161.3,2241.8,80.5,84.4,3.8,1
33,car,4.5,xloopA_0Ba,xloopA_0Bb,2164.7,2243.9,79.2,84.7,3.9,0
16,car,4.5,road_loopA_f0,road_loopA_f1,2154.1,2245.4,91.3,1303.2,51.4,0
13,suv,4.8,road_loopA_f0,road_loopA_f1,2151.8,2246.1,94.3,1303.7,49.7,0
40,car,4.5,xloopA_0Ba,xloopA_0Bb,2172.9,2246.2,73.3,84.3,4.1,0
17,suv,4.8,road_loopA_f0,road_loopA_f1,2154.6,2248.3,93.7,1303.0,50.1,0
12,car,4.5,road_loopA_f0,road_loopA_f1,2151.1,2249.4,98.3,1303.7,47.7,0
20,car,4.5,road_loopA_f0,road_loopA_f1,2156.4,2250.0,93.6,1303.0,50.1,0
27,suv,4.8,road_loopA_f0,road_loopA_f1,2160.4,2251.2,90.8,1303.9,51.7,0
30,suv,4.8,road_loopA_f0,road_loopA_f1,2163.2,2258.0,94.8,1303.6,49.5,0
22,car,4.5,road_loopA_f0,road_loopA_f1,2157.5,2258.5,101.0,1303.1,46.4,0
55,car,4.5,road_loopA_f0,xloopA_0Bb,2186.5,2258.7,72.2,478.5,23.9,1
32,car,4.5,road_loopA_f0,road_loopA_f1,2164.2,2259.0,94.8,1303.7,49.5,0
26,car,4.5,road_loopA_f0,road_loopA_f1,2159.2,2263.3,104.1,1303.8,45.1,0
38,car,4.5,road_loopA_f0,road_loopA_f1,2171.6,2263.4,91.8,1303.9,51.1,0
42,suv,4.8,road_loopA_f0,road_loopA_f1,2176.0,2265.9,89.9,1302.9,52.2,0
24,suv,4.8,road_loopA_f0,road_loopA_f1,2158.9,2267.4,108.5,1303.2,43.3,0
36,suv,4.8,road_loopA_f0,road_loopA_f1,2170.6,2267.9,97.3,1303.8,48.2,0
73,car,4.5,road_loopA_r0,xloopA_0Ab,2193.1,2268.5,75.4,869.1,41.5,0
39,suv,4.8,road_loopA_f0,road_loopA_f1,2171.6,2270.1,98.5,1302.8,47.6,0
19,car,4.5,road_loopA_f0,road_loopA_f1,2155.6,2271.5,115.9,1303.6,40.5,0
35,car,4.5,road_loopA_f0,road_loopA_f1,2166.2,2271.6,105.4,1302.8,44.5,0
21,suv,4.8,road_loopA_f0,road_loopA_f1,2156.6,2273.3,116.7,1302.8,40.2,0
15,suv,4.8,road_loopA_r0,road_loopA_r1,2152.9,2283.6,130.7,1298.1,35.8,1
18,truck,8.5,road_loopA_r0,road_loopA_r1,2154.6,2286.3,131.7,1297.3,35.5,1
34,car,4.5,road_loopA_r0,road_loopA_r1,2165.1,2286.3,121.2,1297.6,38.5,1
31,suv,4.8,road_loopA_r0,road_loopA_r1,2163.6,2288.4,124.8,1298.5,37.4,1
37,car,4.5,road_loopA_r0,road_loopA_r1,2171.2,2291.2,120.0,1298.2,39.0,1
61,car,4.5,road_loopA_r0,road_loopA_r1,2188.6,2294.0,105.4,1297.9,44.3,0
43,suv,4.8,road_loopA_r0,road_loopA_r1,2176.3,2294.1,117.8,1297.4,39.7,1
69,car,4.5,road_loopA_r0,road_loopA_r1,2191.8,2295.8,104.0,1298.2,45.0,0
48,truck,8.5,road_loopA_r0,road_loopA_r1,2180.2,2296.7,116.5,1297.9,40.1,1
54,car,4.5,road_loopA_r0,road_loopA_r1,2184.7,2299.0,114.3,1298.5,40.9,0
57,car,4.5,road_loopA_r0,road_loopA_r1,2187.1,2300.8,113.7,1297.4,41.1,0
62,car,4.5,road_loopA_r0,road_loopA_r1,2190.4,2302.7,112.3,1297.2,41.6,0
98,car,4.5,xloopA_0Aa,road_loopA_r1,2214.0,2302.8,88.8,506.6,20.5,0
23,car,4.5,road_loopA_r0,road_loopA_r1,2158.5,2304.5,146.0,1298.2,32.0,1
64,car,4.5,road_loopA_r0,road_loopA_r1,2191.1,2305.5,114.4,1298.3,40.9,0
49,car,4.5,road_loopA_r0,road_loopA_r1,2180.8,2305.7,124.9,1298.6,37.4,1
41,car,4.5,road_loopA_r0,road_loopA_r1,2175.8,2306.1,130.3,1297.8,35.9,1
95,car,4.5,road_loopA_r0,road_loopA_r1,2211.9,2307.1,95.2,1297.6,49.1,0
46,car,4.5,road_loopA_r0,road_loopA_r1,2178.4,2307.4,129.0,1297.2,36.2,0
56,car,4.5,road_loopA_r0,road_loopA_r1,2186.9,2309.1,122.2,1298.2,38.2,1
65,truck,8.5,road_loopA_r0,road_loopA_r1,2191.1,2309.4,118.3,1297.7,39.5,0
50,car,4.5,road_loopA_r0,road_loopA_r1,2180.9,2309.6,128.7,1297.8,36.3,0
82,car,4.5,road_loopA_r0,road_loopA_r1,2199.1,2311.3,112.2,1297.7,41.6,0
51,car,4.5,road_loopA_f0,road_loopA_f1,2182.8,2311.5,128.7,1302.8,36.4,1
87,car,4.5,road_loopA_r0,road_loopA_r1,2204.3,2311.5,107.2,1298.5,43.6,0
102,suv,4.8,road_loopA_r0,road_loopA_r1,2214.8,2312.4,97.6,1297.8,47.9,0
97,car,4.5,road_loopA_r0,road_loopA_r1,2212.9,2313.0,100.1,1297.4,46.7,0
84,truck,8.5,road_loopA_r0,road_loopA_r1,2202.4,2313.8,111.4,1297.9,42.0,0
83,suv,4.8,road_loopA_r0,xloopA_0Bb,2201.9,2315.5,113.6,895.7,28.4,1
106,car,4.5,road_loopA_f0,xloopA_0Ab,2220.3,2316.0,95.7,505.1,19.0,1
59,car,4.5,road_loopA_f0,road_loopA_f1,2188.2,2316.7,128.5,1303.9,36.5,1
47,car,4.5,road_loopA_f0,road_loopA_f1,2178.6,2316.8,138.2,1303.0,34.0,1
88,suv,4.8,road_loopA_r0,xloopA_0Bb,2204.4,2318.2,113.8,895.9,28.3,1
108,car,4.5,road_loopA_r0,road_loopA_r1,2220.9,2319.9,99.0,1297.3,47.2,0
66,car,4.5,road_loopA_f0,road_loopA_f1,2191.2,2320.2,129.0,1304.1,36.4,1
125,car,4.5,road_loopA_r0,xloopA_0Bb,2235.2,2321.0,85.8,895.6,37.6,0
71,car,4.5,road_loopA_f0,road_loopA_f1,2192.7,2321.2,128.5,1302.9,36.5,1
96,car,4.5,road_loopA_r0,road_loopA_r1,2212.0,2322.0,110.0,1298.0,42.5,0
76,car,4.5,road_loopA_f0,road_loopA_f1,2195.6,2322.9,127.3,1303.8,36.9,1
110,suv,4.8,road_loopA_r0,road_loopA_r1,2224.2,2323.0,98.8,1298.5,47.3,0
104,car,4.5,road_loopA_r0,road_loopA_r1,2219.9,2323.7,103.8,1298.0,45.0,0
118,car,4.5,road_loopA_r0,road_loopA_r1,2232.6,2325.4,92.8,1297.3,50.3,0
52,truck,8.5,road_loopA_f0,road_loopA_f1,2184.2,2326.2,142.0,1303.8,33.1,1
90,truck,8.5,road_loopA_r0,road_loopA_r1,2206.8,2327.8,121.0,1298.3,38.6,0
45,car,4.5,road_loopA_f0,road_loopA_f1,2178.3,2328.2,149.9,1303.9,31.3,1
114,car,4.5,road_loopA_r0,road_loopA_r1,2227.4,2328.9,101.5,1298.0,46.0,0
100,car,4.5,xloopA_0Ba,xloopA_0Bb,2214.8,2329.1,114.3,84.0,2.6,1
70,suv,4.8,road_loopA_f0,road_loopA_f1,2192.7,2329.6,136.9,1303.2,34.3,1
107,suv,4.8,road_loopA_r0,road_loopA_r1,2220.4,2329.7,109.3,1298.1,42.7,0
67,bus,11.0,road_loopA_r0,road_loopA_r1,2191.2,2329.9,138.7,1297.4,33.7,1
153,car,4.5,xloopA_0Aa,xloopA_0Ab,2262.9,2330.6,67.7,84.0,4.5,1
81,car,4.5,road_loopA_f0,road_loopA_f1,2197.5,2330.9,133.4,1303.5,35.2,1
105,car,4.5,xloopA_0Ba,xloopA_0Bb,2220.1,2331.3,111.2,84.3,2.7,1
109,car,4.5,road_loopA_r0,road_loopA_r1,2222.4,2331.5,109.1,1298.5,42.8,0
74,truck,8.5,road_loopA_f0,road_loopA_f1,2193.6,2331.9,138.3,1303.7,33.9,1
25,car,4.5,xloopA_0Ba,road_loopA_f1,2159.1,2332.5,173.4,902.5,18.7,1
91,bus,11.0,road_loopA_r0,road_loopA_r1,2208.9,2332.5,123.6,1297.7,37.8,0
164,car,4.5,xloopA_0Aa,xloopA_0Ab,2271.7,2332.7,61.0,84.1,5.0,1
77,car,4.5,road_loopA_f0,road_loopA_f1,2195.8,2333.9,138.1,1303.8,34.0,1
53,suv,4.8,road_loopA_f0,road_loopA_f1,2184.5,2334.1,149.6,1302.8,31.4,1
58,truck,8.5,road_loopA_f0,road_loopA_f1,2187.8,2335.7,147.9,1303.8,31.7,1
121,truck,8.5,road_loopA_r0,road_loopA_r1,2234.1,2336.0,101.9,1298.1,45.9,0
85,car,4.5,road_loopA_f0,road_loopA_f1,2203.7,2336.3,132.6,1303.9,35.4,1
196,car,4.5,xloopA_0Ba,xloopA_0Bb,2314.9,2336.7,21.8,84.4,13.9,0
72,suv,4.8,road_loopA_f0,road_loopA_f1,2192.7,2336.9,144.2,1302.8,32.5,1
75,suv,4.8,road_loopA_f0,road_loopA_f1,2194.5,2337.9,143.4,1303.6,32.7,1
113,car,4.5,road_loopA_f0,road_loopA_f1,2227.4,2338.2,110.8,1304.2,42.4,0
212,car,4.5,xloopA_0Ba,xloopA_0Bb,2327.6,2339.0,11.4,84.5,26.7,0
78,car,4.5,road_loopA_f0,road_loopA_f1,2197.0,2339.9,142.9,1302.8,32.8,1
80,truck,8.5,road_loopA_f0,road_loopA_f1,2197.3,2340.6,143.3,1303.7,32.7,1
93,car,4.5,road_loopA_f0,road_loopA_f1,2210.2,2340.8,130.6,1303.0,35.9,1
89,car,4.5,road_loopA_f0,road_loopA_f1,2206.0,2341.6,135.6,1302.8,34.6,1
86,suv,4.8,road_loopA_f0,road_loopA_f1,2203.8,2342.6,138.8,1304.0,33.8,1
112,truck,8.5,road_loopA_f0,road_loopA_f1,2226.8,2343.9,117.1,1303.9,40.1,0
92,car,4.5,road_loopA_f0,road_loopA_f1,2209.7,2344.3,134.6,1302.8,34.8,1
120,car,4.5,road_loopA_f0,road_loopA_f1,2233.5,2344.3,110.8,1302.8,42.3,0
99,car,4.5,road_loopA_f0,road_loopA_f1,2214.2,2346.1,131.9,1303.3,35.6,1
115,suv,4.8,road_loopA_f0,road_loopA_f1,2228.0,2346.2,118.2,1304.2,39.7,0
123,car,4.5,road_loopA_f0,road_loopA_f1,2234.6,2347.2,112.6,1303.9,41.7,0
103,car,4.5,road_loopA_f0,road_loopA_f1,2218.7,2347.9,129.2,1303.0,36.3,1
63,bus,11.0,road_loopA_r0,road_loopA_r1,2190.6,2348.7,158.1,1297.7,29.6,3
127,car,4.5,road_loopA_f0,road_loopA_f1,2235.6,2349.0,113.4,1302.8,41.4,0
119,car,4.5,road_loopA_f0,road_loopA_f1,2233.2,2349.2,116.0,1303.6,40.4,0
124,car,4.5,road_loopA_f0,road_loopA_f1,2234.9,2350.8,115.9,1304.1,40.5,0
133,car,4.5,road_loopA_f0,road_loopA_f1,2240.4,2351.0,110.6,1304.1,42.5,0
135,truck,8.5,road_loopA_f0,road_loopA_f1,2241.2,2353.7,112.5,1303.5,41.7,0
94,suv,4.8,road_loopA_f0,road_loopA_f1,2210.8,2353.9,143.1,1303.7,32.8,0
101,car,4.5,road_loopA_f0,road_loopA_f1,2214.8,2355.7,140.9,1303.0,33.3,1
111,car,4.5,road_loopA_f0,road_loopA_f1,2224.3,2355.7,131.4,1303.7,35.7,0
142,car,4.5,road_loopA_f0,road_loopA_f1,2252.5,2356.3,103.8,1303.4,45.2,0
116,truck,8.5,road_loopA_f0,road_loopA_f1,2228.2,2358.0,129.8,1303.5,36.2,0
129,car,4.5,road_loopA_f0,road_loopA_f1,2235.9,2358.4,122.5,1303.9,38.3,0
137,car,4.5,road_loopA_f0,road_loopA_f1,2244.5,2359.0,114.5,1303.6,41.0,0
134,suv,4.8,road_loopA_f0,road_loopA_f1,2240.8,2360.2,119.4,1303.8,39.3,0
147,car,4.5,road_loopA_f0,road_loopA_f1,2255.8,2361.2,105.4,1303.5,44.5,0
145,car,4.5,road_loopA_f0,road_loopA_f1,2255.2,2362.0,106.8,1304.1,44.0,0
126,car,4.5,road_loopA_r0,xloopA_0Ab,2235.6,2362.1,126.5,869.2,24.7,2
190,car,4.5,road_loopA_f0,xloopA_0Bb,2310.4,2362.1,51.7,478.6,33.3,0
154,suv,4.8,road_loopA_f0,road_loopA_f1,2263.2,2363.8,100.6,1303.7,46.6,0
159,suv,4.8,road_loopA_f0,road_loopA_f1,2266.4,2364.1,97.7,1302.9,48.0,0
166,car,4.5,road_loopA_r0,xloopA_0Ab,2275.7,2365.8,90.1,869.1,34.7,1
158,suv,4.8,road_loopA_f0,road_loopA_f1,2265.7,2365.9,100.2,1303.1,46.8,0
197,suv,4.8,road_loopA_f0,xloopA_0Bb,2315.8,2365.9,50.1,479.0,34.4,0
138,truck,8.5,road_loopA_f0,road_loopA_f1,2249.4,2368.5,119.1,1303.6,39.4,0
160,car,4.5,road_loopA_r0,xloopA_0Ab,2266.9,2369.3,102.4,869.1,30.6,1
144,car,4.5,road_loopA_f0,road_loopA_f1,2254.2,2370.5,116.3,1303.1,40.3,0
185,car,4.5,xloopA_0Ba,road_loopA_r1,2303.1,2382.5,79.4,476.3,21.6,1
131,suv,4.8,road_loopA_r0,road_loopA_r1,2239.9,2382.8,142.9,1298.0,32.7,1
122,car,4.5,road_loopA_r0,road_loopA_r1,2234.4,2385.5,151.1,1297.9,30.9,1
140,car,4.5,road_loopA_r0,road_loopA_r1,2250.8,2385.8,135.0,1298.4,34.6,1
236,car,4.5,road_loopA_f0,xloopA_0Bb,2343.9,2386.8,42.9,478.8,40.1,0
132,car,4.5,road_loopA_r0,road_loopA_r1,2240.1,2386.9,146.8,1298.1,31.8,1
141,car,4.5,road_loopA_r0,road_loopA_r1,2252.2,2387.7,135.5,1297.3,34.5,1
79,bus,11.0,road_loopA_f0,road_loopA_f1,2197.2,2388.2,191.0,1303.0,24.6,3
139,truck,8.5,road_loopA_r0,road_loopA_r1,2250.6,2388.9,138.3,1298.0,33.8,1
155,car,4.5,road_loopA_r0,road_loopA_r1,2263.7,2390.8,127.1,1297.9,36.8,1
143,car,4.5,road_loopA_r0,road_loopA_r1,2252.8,2390.9,138.1,1297.2,33.8,1
195,car,4.5,xloopA_0Aa,road_loopA_r1,2314.9,2391.4,76.5,506.6,23.8,0
148,car,4.5,road_loopA_r0,road_loopA_r1,2256.2,2392.9,136.7,1298.0,34.2,1
157,car,4.5,road_loopA_r0,road_loopA_r1,2264.6,2393.5,128.9,1298.3,36.3,1
117,truck,8.5,road_loopA_r0,road_loopA_r1,2228.9,2393.6,164.7,1297.9,28.4,1
161,car,4.5,road_loopA_r0,road_loopA_r1,2267.1,2394.6,127.5,1298.0,36.7,1
136,suv,4.8,road_loopA_r0,road_loopA_r1,2243.1,2395.6,152.5,1297.7,30.6,1
151,car,4.5,road_loopA_r0,road_loopA_r1,2259.6,2396.3,136.7,1297.8,34.2,1
156,car,4.5,road_loopA_r0,road_loopA_r1,2264.5,2396.5,132.0,1297.6,35.4,1
163,truck,8.5,road_loopA_r0,road_loopA_r1,2269.8,2399.0,129.2,1297.8,36.2,1
169,car,4.5,road_loopA_r0,road_loopA_r1,2279.2,2400.4,121.2,1297.5,38.6,1
168,truck,8.5,road_loopA_r0,road_loopA_r1,2278.8,2402.9,124.1,1297.4,37.6,1
146,car,4.5,road_loopA_r0,road_loopA_r1,2255.3,2403.8,148.5,1298.1,31.5,1
162,car,4.5,road_loopA_r0,road_loopA_r1,2269.3,2404.8,135.5,1297.3,34.5,1
170,car,4.5,road_loopA_r0,road_loopA_r1,2283.4,2405.0,121.6,1297.8,38.4,1
149,car,4.5,road_loopA_r0,road_loopA_r1,2256.7,2405.7,149.0,1298.4,31.4,1
172,car,4.5,road_loopA_f0,road_loopA_f1,2287.7,2406.1,118.4,1303.6,39.6,1
175,suv,4.8,road_loopA_r0,road_loopA_r1,2288.4,2406.5,118.1,1297.6,39.6,0
173,suv,4.8,road_loopA_r0,road_loopA_r1,2287.8,2406.8,119.0,1298.5,39.3,0
174,car,4.5,road_loopA_f0,road_loopA_f1,2288.3,2407.6,119.3,1303.8,39.3,1
176,car,4.5,road_loopA_f0,road_loopA_f1,2295.3,2407.9,112.6,1302.9,41.6,1
152,suv,4.8,road_loopA_r0,road_loopA_r1,2260.7,2408.6,147.9,1297.8,31.6,1
150,car,4.5,road_loopA_r0,xloopA_0Bb,2258.8,2408.9,150.1,895.5,21.5,1
179,suv,4.8,road_loopA_r0,road_loopA_r1,2297.9,2408.9,111.0,1297.8,42.1,0
165,suv,4.8,road_loopA_f0,road_loopA_f1,2272.5,2409.0,136.5,1303.7,34.4,1
167,car,4.5,road_loopA_r0,road_loopA_r1,2278.7,2409.0,130.3,1298.3,35.9,1
182,car,4.5,road_loopA_f0,xloopA_0Ab,2299.8,2409.5,109.7,505.2,16.6,1
178,suv,4.8,road_loopA_f0,road_loopA_f1,2295.9,2409.7,113.8,1302.8,41.2,1
177,car,4.5,road_loopA_f0,road_loopA_f1,2295.7,2410.7,115.0,1302.8,40.8,1
183,suv,4.8,road_loopA_r0,road_loopA_r1,2300.1,2410.7,110.6,1298.5,42.2,0
180,suv,4.8,road_loopA_f0,road_loopA_f1,2298.6,2411.1,112.5,1302.9,41.7,1
188,suv,4.8,road_loopA_f0,road_loopA_f1,2307.8,2411.6,103.8,1303.7,45.2,1
187,car,4.5,road_loopA_r0,road_loopA_r1,2306.2,2412.2,106.0,1297.6,44.1,0
189,truck,8.5,road_loopA_f0,xloopA_0Ab,2309.9,2412.9,103.0,505.4,17.7,1
191,car,4.5,road_loopA_f0,road_loopA_f1,2310.4,2413.0,102.6,1303.4,45.7,0
192,suv,4.8,road_loopA_f0,road_loopA_f1,2311.9,2413.4,101.5,1303.3,46.2,0
181,car,4.5,road_loopA_r0,road_loopA_r1,2299.0,2414.2,115.2,1297.9,40.5,0
201,truck,8.5,road_loopA_r0,road_loopA_r1,2317.4,2414.3,96.9,1298.2,48.2,0
203,suv,4.8,road_loopA_f0,road_loopA_f1,2321.6,2415.7,94.1,1303.7,49.9,0
194,suv,4.8,road_loopA_f0,xloopA_0Ab,2312.7,2416.0,103.3,505.5,17.6,1
130,bus,11.0,road_loopA_r0,road_loopA_r1,2237.8,2416.7,178.9,1298.0,26.1,2
186,truck,8.5,road_loopA_r0,road_loopA_r1,2303.5,2416.7,113.2,1298.5,41.3,0
200,car,4.5,road_loopA_r0,road_loopA_r1,2316.6,2416.7,100.1,1298.0,46.7,0
193,car,4.5,road_loopA_f0,road_loopA_f1,2312.2,2416.9,104.7,1303.8,44.8,0
208,suv,4.8,road_loopA_f0,road_loopA_f1,2324.6,2418.1,93.5,1303.2,50.2,0
220,truck,8.5,road_loopA_f0,xloopA_0Ab,2331.5,2419.4,87.9,504.9,20.7,1
171,car,4.5,road_loopA_r0,road_loopA_r1,2284.7,2419.6,134.9,1297.7,34.6,0
214,suv,4.8,road_loopA_f0,road_loopA_f1,2328.0,2419.7,91.7,1302.9,51.2,0
211,car,4.5,road_loopA_f0,road_loopA_f1,2327.2,2421.9,94.7,1303.7,49.5,0
205,car,4.5,road_loopA_r0,road_loopA_r1,2321.9,2422.9,101.0,1298.0,46.3,0
243,car,4.5,xloopA_0Ba,xloopA_0Bb,2354.7,2424.1,69.4,84.7,4.4,1
199,suv,4.8,road_loopA_f0,road_loopA_f1,2316.6,2424.5,107.9,1302.9,43.5,0
202,suv,4.8,road_loopA_r0,road_loopA_r1,2317.7,2424.5,106.8,1297.8,43.8,0
207,suv,4.8,road_loopA_f0,road_loopA_f1,2323.5,2424.6,101.1,1303.9,46.4,0
198,car,4.5,road_loopA_r0,road_loopA_r1,2316.1,2424.7,108.6,1297.4,43.0,0
204,suv,4.8,road_loopA_f0,road_loopA_f1,2321.7,2426.2,104.5,1303.2,44.9,0
206,car,4.5,road_loopA_r0,road_loopA_r1,2323.1,2426.2,103.1,1298.2,45.3,0
284,car,4.5,xloopA_0Aa,xloopA_0Ab,2389.9,2426.5,36.6,84.0,8.3,1
253,car,4.5,xloopA_0Ba,xloopA_0Bb,2361.5,2426.7,65.2,84.6,4.7,1
210,truck,8.5,road_loopA_r0,road_loopA_r1,2325.3,2427.9,102.6,1297.7,45.5,0
213,car,4.5,road_loopA_r0,road_loopA_r1,2327.7,2427.9,100.2,1298.4,46.6,0
221,truck,8.5,road_loopA_r0,road_loopA_r1,2332.1,2428.5,96.4,1297.3,48.4,0
256,car,4.5,xloopA_0Ba,xloopA_0Bb,2364.7,2429.1,64.4,84.0,4.7,1
225,car,4.5,road_loopA_f0,road_loopA_f1,2335.0,2430.7,95.7,1302.9,49.0,0
276,car,4.5,xloopA_0Ba,xloopA_0Bb,2383.3,2431.3,48.0,84.8,6.4,0
234,car,4.5,road_loopA_f0,road_loopA_f1,2341.3,2436.4,95.1,1303.5,49.4,0
224,car,4.5,road_loopA_f0,road_loopA_f1,2334.7,2436.9,102.2,1303.4,45.9,0
237,suv,4.8,road_loopA_f0,road_loopA_f1,2348.1,2439.4,91.3,1302.9,51.4,0
215,car,4.5,road_loopA_f0,road_loopA_f1,2329.0,2439.5,110.5,1303.9,42.5,0
232,car,4.5,road_loopA_f0,road_loopA_f1,2339.8,2439.8,100.0,1302.9,46.9,0
219,car,4.5,road_loopA_f0,road_loopA_f1,2331.2,2441.3,110.1,1303.3,42.6,0
228,bus,11.0,road_loopA_f0,road_loopA_f1,2336.7,2443.8,107.1,1303.9,43.8,0
218,suv,4.8,road_loopA_f0,road_loopA_f1,2331.1,2445.0,113.9,1302.9,41.2,0
239,car,4.5,road_loopA_f0,road_loopA_f1,2352.7,2445.4,92.7,1303.8,50.6,0
241,car,4.5,road_loopA_f0,road_loopA_f1,2354.4,2447.2,92.8,1303.1,50.6,0
246,truck,8.5,road_loopA_f0,road_loopA_f1,2357.6,2447.6,90.0,1303.1,52.2,0
249,suv,4.8,road_loopA_f0,road_loopA_f1,2358.7,2449.2,90.5,1303.8,51.9,0
251,suv,4.8,road_loopA_f0,road_loopA_f1,2361.1,2451.5,90.4,1303.4,51.9,0
184,bus,11.0,road_loopA_f0,road_loopA_f1,2302.6,2453.4,150.8,1303.5,31.1,1
285,suv,4.8,road_loopA_f0,xloopA_0Bb,2389.9,2453.8,63.9,479.0,27.0,2
238,truck,8.5,road_loopA_r0,xloopA_0Ab,2349.1,2455.1,106.0,868.9,29.5,2
307,car,4.5,road_loopA_f0,xloopA_0Bb,2414.8,2460.9,46.1,478.8,37.4,0
314,car,4.5,road_loopA_f0,xloopA_0Bb,2417.7,2464.2,46.5,478.6,37.1,0
318,car,4.5,road_loopA_f0,xloopA_0Bb,2420.6,2467.6,47.0,478.7,36.7,0
240,car,4.5,road_loopA_f0,road_loopA_f1,2353.6,2469.8,116.2,1303.6,40.4,0
222,bus,11.0,road_loopA_f0,road_loopA_f1,2332.6,2471.9,139.3,1303.0,33.7,2
231,car,4.5,road_loopA_r0,road_loopA_r1,2339.2,2473.2,134.0,1298.3,34.9,1
216,car,4.5,road_loopA_r0,road_loopA_r1,2330.5,2475.6,145.1,1297.8,32.2,1
242,car,4.5,road_loopA_r0,road_loopA_r1,2354.5,2477.5,123.0,1297.5,38.0,1
226,car,4.5,road_loopA_r0,road_loopA_r1,2335.3,2478.3,143.0,1297.5,32.7,1
244,car,4.5,road_loopA_r0,road_loopA_r1,2354.8,2480.8,126.0,1298.2,37.1,1
332,car,4.5,road_loopA_f0,xloopA_0Bb,2436.1,2480.9,44.8,478.7,38.5,0
217,car,4.5,road_loopA_r0,road_loopA_r1,2330.7,2481.1,150.4,1298.0,31.1,1
229,suv,4.8,road_loopA_r0,road_loopA_r1,2337.8,2482.4,144.6,1297.9,32.3,1
248,truck,8.5,road_loopA_r0,road_loopA_r1,2358.4,2483.8,125.4,1298.3,37.3,1
252,suv,4.8,road_loopA_r0,road_loopA_r1,2361.3,2485.5,124.2,1297.3,37.6,1
261,suv,4.8,road_loopA_r0,road_loopA_r1,2370.1,2487.2,117.1,1298.1,39.9,1
266,car,4.5,road_loopA_r0,road_loopA_r1,2372.5,2489.3,116.8,1298.3,40.0,1
269,car,4.5,road_loopA_r0,road_loopA_r1,2374.9,2490.6,115.7,1297.6,40.4,1
289,car,4.5,xloopA_0Ba,road_loopA_r1,2395.4,2491.6,96.2,476.5,17.8,0
233,car,4.5,road_loopA_r0,road_loopA_r1,2340.7,2492.0,151.3,1297.9,30.9,1
223,car,4.5,road_loopA_r0,road_loopA_r1,2333.4,2493.3,159.9,1297.7,29.2,1
279,suv,4.8,road_loopA_r0,road_loopA_r1,2384.9,2493.5,108.6,1298.6,43.0,0
272,truck,8.5,road_loopA_r0,road_loopA_r1,2379.4,2493.8,114.4,1298.6,40.9,14
227,car,4.5,road_loopA_r0,road_loopA_r1,2336.1,2495.0,158.9,1298.4,29.4,1
268,car,4.5,road_loopA_r0,road_loopA_r1,2374.2,2495.9,121.7,1297.6,38.4,1
230,suv,4.8,road_loopA_r0,road_loopA_r1,2338.8,2496.6,157.8,1298.1,29.6,1
282,car,4.5,road_loopA_r0,road_loopA_r1,2389.2,2497.6,108.4,1297.5,43.1,0
277,car,4.5,road_loopA_r0,road_loopA_r1,2384.2,2497.7,113.5,1298.3,41.2,0
245,car,4.5,road_loopA_f0,road_loopA_f1,2355.3,2498.2,142.9,1303.5,32.8,1
235,car,4.5,road_loopA_r0,road_loopA_r1,2342.9,2498.4,155.5,1298.6,30.1,1
286,car,4.5,road_loopA_r0,road_loopA_r1,2392.5,2499.4,106.9,1297.8,43.7,0
273,car,4.5,road_loopA_r0,road_loopA_r1,2379.5,2499.5,120.0,1298.5,38.9,0
250,suv,4.8,road_loopA_r0,road_loopA_r1,2360.6,2500.1,139.5,1298.3,33.5,1
247,suv,4.8,road_loopA_f0,road_loopA_f1,2358.1,2500.5,142.4,1303.9,33.0,1
292,suv,4.8,road_loopA_r0,road_loopA_r1,2397.0,2501.7,104.7,1298.4,44.7,0
255,car,4.5,road_loopA_r0,road_loopA_r1,2364.0,2501.8,137.8,1297.8,33.9,1
257,car,4.5,road_loopA_f0,road_loopA_f1,2364.6,2502.0,137.4,1303.2,34.1,1
274,car,4.5,road_loopA_r0,road_loopA_r1,2381.3,2502.9,121.6,1298.5,38.4,0
302,car,4.5,road_loopA_r0,road_loopA_r1,2407.6,2502.9,95.3,1298.4,49.0,0
262,car,4.5,road_loopA_r0,road_loopA_r1,2370.3,2503.6,133.3,1298.3,35.1,1
263,car,4.5,road_loopA_f0,road_loopA_f1,2370.7,2503.8,133.1,1303.8,35.3,1
293,truck,8.5,road_loopA_f0,xloopA_0Ab,2398.3,2504.3,106.0,505.6,17.2,1
291,car,4.5,road_loopA_r0,road_loopA_r1,2396.5,2504.6,108.1,1298.3,43.2,0
270,car,4.5,road_loopA_r0,road_loopA_r1,2375.0,2505.3,130.3,1297.5,35.8,1
265,car,4.5,road_loopA_f0,road_loopA_f1,2372.2,2505.6,133.4,1303.4,35.2,1
287,car,4.5,road_loopA_r0,road_loopA_r1,2393.6,2506.4,112.8,1298.5,41.5,0
271,suv,4.8,road_loopA_f0,road_loopA_f1,2376.5,2506.8,130.3,1304.1,36.0,1
303,truck,8.5,road_loopA_r0,road_loopA_r1,2407.8,2506.9,99.1,1297.5,47.2,0
278,suv,4.8,road_loopA_r0,road_loopA_r1,2384.7,2507.2,122.5,1297.4,38.1,0
333,suv,4.8,road_loopA_f0,xloopA_0Ab,2439.0,2507.3,68.3,505.6,26.6,1
326,car,4.5,road_loopA_r0,xloopA_0Bb,2430.9,2508.0,77.1,895.4,41.8,0
298,suv,4.8,road_loopA_r0,road_loopA_r1,2405.3,2508.4,103.1,1298.5,45.3,0
297,car,4.5,road_loopA_r0,road_loopA_r1,2402.7,2509.0,106.3,1298.1,44.0,0
310,car,4.5,road_loopA_r0,road_loopA_r1,2416.5,2509.1,92.6,1297.6,50.4,0
254,truck,8.5,road_loopA_f0,road_loopA_f1,2362.4,2509.2,146.8,1303.6,32.0,1
338,car,4.5,road_loopA_f0,xloopA_0Ab,2445.1,2509.9,64.8,505.0,28.0,1
301,truck,8.5,road_loopA_r0,road_loopA_r1,2407.4,2510.8,103.4,1298.0,45.2,0
309,car,4.5,road_loopA_r0,road_loopA_r1,2415.5,2510.9,95.4,1298.2,49.0,0
341,car,4.5,road_loopA_f0,xloopA_0Ab,2450.4,2512.6,62.2,505.3,29.2,1
260,truck,8.5,road_loopA_f0,road_loopA_f1,2368.0,2513.5,145.5,1303.6,32.3,1
280,car,4.5,road_loopA_f0,road_loopA_f1,2385.9,2513.5,127.6,1303.3,36.8,1
304,truck,8.5,road_loopA_r0,road_loopA_r1,2410.9,2513.7,102.8,1297.9,45.4,0
288,suv,4.8,road_loopA_f0,road_loopA_f1,2395.4,2515.2,119.8,1303.2,39.2,1
320,suv,4.8,road_loopA_r0,road_loopA_r1,2422.2,2515.3,93.1,1298.4,50.2,0
267,car,4.5,road_loopA_f0,road_loopA_f1,2373.0,2515.4,142.4,1303.4,33.0,1
259,car,4.5,road_loopA_f0,road_loopA_f1,2367.3,2515.7,148.4,1303.8,31.6,1
295,suv,4.8,road_loopA_f0,road_loopA_f1,2401.4,2517.0,115.6,1304.1,40.6,1
312,car,4.5,road_loopA_r0,road_loopA_r1,2416.8,2517.1,100.3,1297.3,46.6,0
281,car,4.5,road_loopA_f0,road_loopA_f1,2386.0,2517.2,131.2,1303.4,35.8,1
258,suv,4.8,road_loopA_f0,road_loopA_f1,2366.7,2517.5,150.8,1303.7,31.1,1
294,car,4.5,xloopA_0Ba,xloopA_0Bb,2400.2,2517.5,117.3,84.5,2.6,1
311,car,4.5,road_loopA_r0,road_loopA_r1,2416.7,2517.7,101.0,1297.8,46.3,0
296,suv,4.8,road_loopA_f0,road_loopA_f1,2402.7,2518.8,116.1,1303.8,40.4,0
264,car,4.5,road_loopA_f0,road_loopA_f1,2372.1,2519.2,147.1,1302.9,31.9,1
290,truck,8.5,road_loopA_f0,road_loopA_f1,2395.6,2519.3,123.7,1302.9,37.9,1
317,truck,8.5,road_loopA_r0,road_loopA_r1,2420.2,2519.3,99.1,1298.3,47.1,0
313,car,4.5,road_loopA_r0,road_loopA_r1,2417.0,2519.4,102.4,1298.4,45.7,0
380,car,4.5,xloopA_0Aa,xloopA_0Ab,2489.9,2520.6,30.7,84.1,9.9,1
299,car,4.5,road_loopA_f0,road_loopA_f1,2405.4,2520.7,115.3,1303.7,40.7,0
275,car,4.5,road_loopA_f0,road_loopA_f1,2381.4,2520.9,139.5,1303.7,33.6,1
300,car,4.5,xloopA_0Ba,xloopA_0Bb,2407.0,2520.9,113.9,84.6,2.7,1
305,car,4.5,road_loopA_f0,road_loopA_f1,2413.2,2521.4,108.2,1303.8,43.4,0
315,suv,4.8,road_loopA_f0,road_loopA_f1,2419.0,2522.5,103.5,1304.0,45.3,0
283,car,4.5,road_loopA_f0,road_loopA_f1,2389.5,2522.9,133.4,1303.1,35.2,1
397,car,4.5,xloopA_0Aa,xloopA_0Ab,2510.3,2522.9,12.6,84.7,24.2,0
322,car,4.5,xloopA_0Ba,xloopA_0Bb,2424.9,2523.1,98.2,84.6,3.1,1
319,car,4.5,road_loopA_f0,road_loopA_f1,2421.1,2525.7,104.6,1303.6,44.9,0
370,car,4.5,xloopA_0Ba,xloopA_0Bb,2480.6,2526.5,45.9,84.5,6.6,0
321,car,4.5,road_loopA_f0,road_loopA_f1,2423.7,2527.5,103.8,1303.4,45.2,0
323,truck,8.5,road_loopA_f0,road_loopA_f1,2425.4,2528.7,103.3,1303.5,45.4,0
324,car,4.5,road_loopA_f0,road_loopA_f1,2427.1,2529.2,102.1,1303.2,45.9,0
209,bus,11.0,road_loopA_r0,road_loopA_r1,2325.0,2530.6,205.6,1298.2,22.7,4
331,suv,4.8,road_loopA_f0,road_loopA_f1,2435.9,2533.8,97.9,1303.7,47.9,0
325,truck,8.5,road_loopA_f0,road_loopA_f1,2430.6,2534.7,104.1,1303.8,45.1,0
330,car,4.5,road_loopA_f0,road_loopA_f1,2435.8,2536.4,100.6,1303.2,46.6,0
328,suv,4.8,road_loopA_f0,road_loopA_f1,2433.5,2537.7,104.2,1303.7,45.0,0
306,car,4.5,road_loopA_f0,road_loopA_f1,2414.3,2538.6,124.3,1303.3,37.8,0
337,car,4.5,road_loopA_f0,road_loopA_f1,2444.9,2539.6,94.7,1303.8,49.6,0
316,truck,8.5,road_loopA_f0,road_loopA_f1,2419.4,2540.7,121.3,1302.9,38.7,0
350,car,4.5,road_loopA_f0,xloopA_0Bb,2461.1,2544.4,83.3,478.9,20.7,2
344,car,4.5,road_loopA_f0,road_loopA_f1,2453.6,2544.9,91.3,1303.5,51.4,0
378,suv,4.8,road_loopA_f0,xloopA_0Bb,2487.9,2548.1,60.2,479.1,28.6,1
327,car,4.5,road_loopA_f0,road_loopA_f1,2431.0,2556.9,125.9,1302.8,37.3,0
403,car,4.5,road_loopA_f0,xloopA_0Bb,2516.1,2560.6,44.5,478.7,38.7,0
329,car,4.5,road_loopA_r0,road_loopA_r1,2433.6,2561.1,127.5,1297.3,36.6,1
336,car,4.5,road_loopA_r0,road_loopA_r1,2444.7,2562.3,117.6,1298.5,39.8,1
340,car,4.5,road_loopA_r0,road_loopA_r1,2449.3,2563.7,114.4,1297.9,40.8,1
349,car,4.5,road_loopA_r0,road_loopA_r1,2460.4,2566.8,106.4,1297.8,43.9,1
346,suv,4.8,road_loopA_r0,road_loopA_r1,2456.6,2567.9,111.3,1298.0,42.0,1
354,car,4.5,road_loopA_r0,road_loopA_r1,2464.7,2568.7,104.0,1298.4,45.0,1
359,car,4.5,road_loopA_r0,road_loopA_r1,2469.5,2570.5,101.0,1297.9,46.3,0
362,car,4.5,road_loopA_r0,road_loopA_r1,2476.1,2572.3,96.2,1297.7,48.6,0
364,suv,4.8,road_loopA_r0,road_loopA_r1,2477.1,2575.5,98.4,1297.4,47.5,0
366,car,4.5,road_loopA_r0,road_loopA_r1,2477.5,2577.3,99.8,1298.1,46.8,0
371,car,4.5,road_loopA_r0,road_loopA_r1,2481.9,2579.0,97.1,1297.3,48.1,0
375,car,4.5,road_loopA_r0,road_loopA_r1,2487.0,2581.7,94.7,1298.5,49.4,0
369,suv,4.8,road_loopA_r0,road_loopA_r1,2480.2,2583.8,103.6,1297.3,45.1,0
335,car,4.5,xloopA_0Ba,road_loopA_r1,2443.7,2584.1,140.4,476.5,12.2,0
339,suv,4.8,road_loopA_r0,road_loopA_r1,2446.4,2585.1,138.7,1298.3,33.7,1
334,car,4.5,road_loopA_r0,road_loopA_r1,2441.6,2585.8,144.2,1298.2,32.4,1
363,car,4.5,road_loopA_r0,road_loopA_r1,2476.1,2586.0,109.9,1298.1,42.5,0
386,car,4.5,road_loopA_r0,road_loopA_r1,2497.3,2586.6,89.3,1298.6,52.4,0
365,car,4.5,road_loopA_r0,road_loopA_r1,2477.2,2587.6,110.4,1297.4,42.3,0
358,car,4.5,road_loopA_r0,road_loopA_r1,2466.4,2587.8,121.4,1298.5,38.5,0
388,suv,4.8,road_loopA_r0,road_loopA_r1,2498.7,2589.4,90.7,1298.2,51.5,0
352,car,4.5,road_loopA_f0,road_loopA_f1,2463.7,2589.8,126.1,1303.8,37.2,1
343,suv,4.8,road_loopA_r0,road_loopA_r1,2453.3,2590.1,136.8,1297.4,34.2,0
357,suv,4.8,road_loopA_r0,road_loopA_r1,2466.1,2591.9,125.8,1298.2,37.1,0
367,car,4.5,road_loopA_f0,road_loopA_f1,2477.9,2593.1,115.2,1303.3,40.7,1
356,car,4.5,road_loopA_f0,road_loopA_f1,2464.9,2593.4,128.5,1303.1,36.5,1
391,car,4.5,road_loopA_r0,road_loopA_r1,2502.1,2593.7,91.6,1298.7,51.1,0
355,car,4.5,road_loopA_r0,xloopA_0Bb,2464.8,2595.9,131.1,895.4,24.6,1
373,suv,4.8,road_loopA_f0,road_loopA_f1,2483.9,2596.0,112.1,1303.9,41.9,1
348,suv,4.8,road_loopA_f0,road_loopA_f1,2459.2,2596.3,137.1,1302.8,34.2,1
342,truck,8.5,road_loopA_f0,xloopA_0Ab,2451.3,2597.7,146.4,505.4,12.4,2
389,car,4.5,road_loopA_r0,road_loopA_r1,2500.7,2598.0,97.3,1298.1,48.0,0
360,car,4.5,road_loopA_r0,xloopA_0Bb,2473.3,2598.5,125.2,895.4,25.8,1
368,car,4.5,road_loopA_f0,xloopA_0Ab,2478.1,2600.7,122.6,505.3,14.8,1
385,car,4.5,road_loopA_r0,xloopA_0Bb,2490.8,2601.2,110.4,895.7,29.2,1
382,car,4.5,road_loopA_r0,road_loopA_r1,2489.9,2603.0,113.1,1298.1,41.3,0
387,car,4.5,road_loopA_f0,xloopA_0Ab,2497.5,2603.3,105.8,505.0,17.2,1
377,car,4.5,road_loopA_r0,xloopA_0Bb,2487.6,2603.8,116.2,895.4,27.7,1
308,bus,11.0,road_loopA_r0,road_loopA_r1,2415.0,2604.4,189.4,1297.5,24.7,2
353,suv,4.8,road_loopA_f0,road_loopA_f1,2464.1,2604.9,140.8,1303.6,33.3,1
393,car,4.5,road_loopA_r0,road_loopA_r1,2503.7,2605.7,102.0,1297.5,45.8,0
412,car,4.5,road_loopA_f0,xloopA_0Ab,2525.5,2606.0,80.5,505.3,22.6,1
400,car,4.5,road_loopA_f0,road_loopA_f1,2513.1,2606.5,93.4,1303.6,50.3,0
376,suv,4.8,road_loopA_f0,road_loopA_f1,2487.6,2606.6,119.0,1302.8,39.4,1
401,car,4.5,road_loopA_r0,road_loopA_r1,2514.2,2608.0,93.8,1297.7,49.8,0
383,car,4.5,road_loopA_f0,road_loopA_f1,2490.1,2608.5,118.4,1303.6,39.6,0
374,car,4.5,road_loopA_f0,road_loopA_f1,2485.9,2609.3,123.4,1303.6,38.0,1
398,car,4.5,road_loopA_f0,road_loopA_f1,2511.3,2609.3,98.0,1302.9,47.9,0
395,suv,4.8,road_loopA_f0,road_loopA_f1,2508.3,2610.3,102.0,1302.8,46.0,0
392,car,4.5,road_loopA_f0,road_loopA_f1,2503.2,2611.0,107.8,1302.8,43.5,0
431,car,4.5,xloopA_0Aa,xloopA_0Ab,2542.4,2611.0,68.6,84.2,4.4,1
406,car,4.5,road_loopA_f0,road_loopA_f1,2520.7,2611.1,90.4,1303.4,51.9,0
379,suv,4.8,road_loopA_f0,road_loopA_f1,2488.6,2613.6,125.0,1303.0,37.5,1
351,car,4.5,road_loopA_f0,road_loopA_f1,2463.7,2613.9,150.2,1304.2,31.2,1
467,car,4.5,xloopA_0Aa,xloopA_0Ab,2574.8,2615.0,40.2,84.4,7.6,1
390,car,4.5,xloopA_0Ba,xloopA_0Bb,2502.1,2615.4,113.3,84.8,2.7,1
408,car,4.5,road_loopA_f0,road_loopA_f1,2524.6,2616.1,91.5,1304.0,51.3,0
372,suv,4.8,road_loopA_f0,road_loopA_f1,2483.8,2618.8,135.0,1303.4,34.7,1
396,car,4.5,road_loopA_f0,road_loopA_f1,2509.6,2621.4,111.8,1302.9,42.0,0
414,car,4.5,road_loopA_f0,road_loopA_f1,2530.6,2623.1,92.5,1304.0,50.8,0
404,car,4.5,road_loopA_f0,road_loopA_f1,2518.1,2623.4,105.3,1303.7,44.6,0
407,car,4.5,xloopA_0Ba,xloopA_0Bb,2522.2,2623.4,101.2,84.1,3.0,0
415,car,4.5,road_loopA_f0,road_loopA_f1,2530.9,2624.7,93.8,1302.8,50.0,0
423,car,4.5,road_loopA_f0,road_loopA_f1,2537.2,2627.0,89.8,1303.3,52.3,0
361,truck,8.5,road_loopA_f0,road_loopA_f1,2474.3,2628.3,154.0,1303.0,30.5,1
413,suv,4.8,road_loopA_f0,road_loopA_f1,2528.3,2630.1,101.8,1302.8,46.1,0
428,suv,4.8,road_loopA_f0,road_loopA_f1,2538.7,2631.9,93.2,1303.3,50.3,0
427,car,4.5,road_loopA_f0,road_loopA_f1,2538.0,2634.6,96.6,1304.0,48.6,0
347,car,4.5,xloopA_0Aa,road_loopA_f1,2457.5,2634.8,177.3,872.5,17.7,1
418,car,4.5,road_loopA_f0,road_loopA_f1,2533.2,2636.4,103.2,1303.0,45.5,0
394,car,4.5,road_loopA_r0,xloopA_0Ab,2503.7,2636.6,132.9,868.9,23.5,3
425,car,4.5,road_loopA_f0,road_loopA_f1,2537.9,2638.1,100.2,1304.0,46.9,0
426,car,4.5,road_loopA_f0,road_loopA_f1,2537.9,2641.6,103.7,1303.0,45.2,0
437,car,4.5,road_loopA_f0,road_loopA_f1,2547.8,2644.6,96.8,1302.8,48.4,0
420,truck,8.5,road_loopA_r0,xloopA_0Ab,2534.0,2646.2,112.2,869.2,27.9,1
432,car,4.5,road_loopA_f0,road_loopA_f1,2543.0,2649.3,106.3,1302.9,44.1,0
411,car,4.5,road_loopA_r0,road_loopA_r1,2525.4,2655.0,129.6,1298.1,36.1,1
429,suv,4.8,road_loopA_f0,road_loopA_f1,2540.3,2655.4,115.1,1303.4,40.8,0
416,suv,4.8,road_loopA_r0,road_loopA_r1,2531.4,2656.5,125.1,1297.9,37.3,1
505,car,4.5,road_loopA_f0,xloopA_0Bb,2611.1,2656.5,45.4,478.7,37.9,0
421,car,4.5,road_loopA_r0,road_loopA_r1,2535.2,2658.0,122.8,1298.1,38.1,1
422,suv,4.8,road_loopA_r0,road_loopA_r1,2535.6,2659.6,124.0,1298.7,37.7,1
517,car,4.5,road_loopA_f0,xloopA_0Bb,2619.6,2659.6,40.0,478.9,43.1,0
430,car,4.5,road_loopA_r0,road_loopA_r1,2542.0,2661.1,119.1,1298.3,39.3,1
433,car,4.5,road_loopA_r0,road_loopA_r1,2543.8,2662.9,119.1,1297.5,39.2,1
409,bus,11.0,road_loopA_r0,road_loopA_r1,2524.8,2663.9,139.1,1297.6,33.6,1
524,car,4.5,road_loopA_f0,xloopA_0Bb,2626.0,2664.9,38.9,478.8,44.3,0
417,car,4.5,road_loopA_r0,road_loopA_r1,2532.5,2666.4,133.9,1297.5,34.9,1
434,truck,8.5,road_loopA_r0,road_loopA_r1,2545.1,2667.5,122.4,1297.7,38.2,1
439,truck,8.5,road_loopA_r0,road_loopA_r1,2550.3,2669.0,118.7,1297.6,39.3,1
465,car,4.5,xloopA_0Aa,road_loopA_r1,2573.9,2669.0,95.1,506.8,19.2,1
424,truck,8.5,road_loopA_r0,road_loopA_r1,2537.8,2670.4,132.6,1297.9,35.2,1
441,car,4.5,road_loopA_r0,road_loopA_r1,2551.7,2670.6,118.9,1297.9,39.3,1
405,car,4.5,road_loopA_r0,road_loopA_r1,2520.4,2670.7,150.3,1297.9,31.1,1
442,car,4.5,road_loopA_r0,road_loopA_r1,2553.2,2672.5,119.3,1297.9,39.2,1
436,car,4.5,road_loopA_r0,road_loopA_r1,2547.4,2673.0,125.6,1298.0,37.2,1
444,suv,4.8,road_loopA_r0,road_loopA_r1,2555.1,2674.2,119.1,1298.5,39.3,1
443,truck,8.5,road_loopA_r0,road_loopA_r1,2553.2,2675.2,122.0,1297.9,38.3,1
451,car,4.5,road_loopA_r0,road_loopA_r1,2561.9,2675.9,114.0,1298.3,41.0,0
449,car,4.5,road_loopA_r0,road_loopA_r1,2560.5,2676.7,116.2,1298.7,40.2,1
454,suv,4.8,road_loopA_r0,road_loopA_r1,2565.4,2677.6,112.2,1297.7,41.6,0
446,truck,8.5,road_loopA_r0,road_loopA_r1,2556.4,2679.8,123.4,1297.6,37.9,1
452,suv,4.8,road_loopA_r0,road_loopA_r1,2562.8,2680.6,117.8,1297.3,39.6,1
399,bus,11.0,road_loopA_f0,road_loopA_f1,2512.7,2681.1,168.4,1303.2,27.9,2
447,truck,8.5,road_loopA_r0,road_loopA_r1,2559.2,2682.1,122.9,1297.4,38.0,0
458,car,4.5,road_loopA_r0,road_loopA_r1,2567.5,2682.5,115.0,1298.4,40.6,1
440,suv,4.8,road_loopA_f0,road_loopA_f1,2551.6,2682.7,131.1,1303.6,35.8,1
460,car,4.5,road_loopA_r0,road_loopA_r1,2569.2,2684.1,114.9,1298.4,40.7,2
445,car,4.5,road_loopA_f0,road_loopA_f1,2555.4,2684.6,129.2,1304.0,36.3,1
450,truck,8.5,road_loopA_r0,road_loopA_r1,2561.7,2684.7,123.0,1297.8,38.0,0
461,car,4.5,road_loopA_r0,road_loopA_r1,2569.6,2685.6,116.0,1298.3,40.3,1
471,suv,4.8,road_loopA_r0,road_loopA_r1,2581.8,2686.9,105.1,1297.9,44.5,0
459,suv,4.8,road_loopA_r0,road_loopA_r1,2568.8,2687.0,118.2,1298.1,39.5,0
456,suv,4.8,road_loopA_f0,road_loopA_f1,2566.3,2687.1,120.8,1303.3,38.8,1
463,car,4.5,road_loopA_r0,road_loopA_r1,2571.8,2688.4,116.6,1298.2,40.1,0
468,car,4.5,road_loopA_r0,road_loopA_r1,2575.8,2688.7,112.9,1298.5,41.4,0
473,car,4.5,road_loopA_r0,road_loopA_r1,2583.0,2689.2,106.2,1298.2,44.0,0
410,suv,4.8,road_loopA_r0,xloopA_0Bb,2525.1,2689.4,164.3,895.6,19.6,1
483,car,4.5,road_loopA_f0,xloopA_0Ab,2587.1,2690.0,102.9,505.2,17.7,1
462,suv,4.8,road_loopA_f0,road_loopA_f1,2571.7,2690.3,118.6,1304.0,39.6,1
464,suv,4.8,road_loopA_r0,road_loopA_r1,2572.9,2690.4,117.5,1297.3,39.7,0
481,car,4.5,road_loopA_r0,road_loopA_r1,2586.9,2690.6,103.7,1298.7,45.1,0
476,car,4.5,road_loopA_r0,road_loopA_r1,2584.5,2690.9,106.4,1297.3,43.9,0
453,car,4.5,road_loopA_f0,road_loopA_f1,2564.8,2691.6,126.8,1304.1,37.0,1
470,car,4.5,road_loopA_r0,xloopA_0Bb,2580.8,2692.0,111.2,895.3,29.0,2
472,car,4.5,road_loopA_r0,road_loopA_r1,2581.9,2692.5,110.6,1298.5,42.3,0
496,car,4.5,road_loopA_f0,xloopA_0Ab,2602.8,2692.6,89.8,505.2,20.3,1
486,car,4.5,road_loopA_r0,road_loopA_r1,2590.1,2692.8,102.7,1297.8,45.5,0
482,car,4.5,road_loopA_f0,road_loopA_f1,2587.0,2694.0,107.0,1303.7,43.9,0
489,car,4.5,road_loopA_r0,road_loopA_r1,2594.8,2694.5,99.7,1297.4,46.8,0
528,car,4.5,road_loopA_f0,xloopA_0Ab,2628.0,2695.3,67.3,505.4,27.0,1
488,car,4.5,road_loopA_f0,road_loopA_f1,2594.7,2695.9,101.2,1302.8,46.4,0
474,car,4.5,road_loopA_r0,road_loopA_r1,2584.1,2696.1,112.0,1298.0,41.7,0
487,suv,4.8,road_loopA_r0,road_loopA_r1,2592.5,2696.9,104.4,1298.1,44.7,0
491,suv,4.8,road_loopA_f0,road_loopA_f1,2598.8,2697.7,98.9,1303.3,47.4,0
492,car,4.5,road_loopA_r0,road_loopA_r1,2598.8,2698.6,99.8,1297.3,46.8,0
479,suv,4.8,road_loopA_f0,road_loopA_f1,2586.6,2698.8,112.2,1304.0,41.8,0
469,car,4.5,road_loopA_r0,road_loopA_r1,2576.2,2699.5,123.3,1297.7,37.9,0
466,car,4.5,road_loopA_r0,road_loopA_r1,2573.9,2699.6,125.7,1297.3,37.2,1
565,truck,8.5,road_loopA_f0,xloopA_0Ab,2651.0,2700.6,49.6,505.6,36.7,0
478,car,4.5,road_loopA_r0,road_loopA_r1,2585.5,2701.1,115.6,1297.5,40.4,0
495,car,4.5,road_loopA_f0,road_loopA_f1,2602.6,2701.7,99.1,1303.3,47.4,0
485,car,4.5,road_loopA_r0,road_loopA_r1,2589.3,2702.5,113.2,1297.9,41.3,0
438,car,4.5,road_loopA_f0,road_loopA_f1,2547.8,2702.6,154.8,1303.9,30.3,1
502,suv,4.8,road_loopA_f0,road_loopA_f1,2606.5,2703.4,96.9,1303.1,48.4,0
490,car,4.5,road_loopA_f0,road_loopA_f1,2596.7,2705.3,108.6,1303.6,43.2,0
504,suv,4.8,road_loopA_f0,road_loopA_f1,2610.2,2705.3,95.1,1303.7,49.4,0
508,car,4.5,road_loopA_r0,road_loopA_r1,2612.8,2705.8,93.0,1297.7,50.2,0
419,car,4.5,xloopA_0Ba,xloopA_0Bb,2533.6,2706.0,172.4,84.1,1.8,1
498,suv,4.8,road_loopA_r0,road_loopA_r1,2605.2,2706.4,101.2,1298.3,46.2,0
503,car,4.5,road_loopA_r0,road_loopA_r1,2609.0,2706.4,97.4,1297.8,48.0,0
497,car,4.5,road_loopA_f0,road_loopA_f1,2604.4,2707.1,102.7,1302.9,45.7,0
573,car,4.5,xloopA_0Aa,xloopA_0Ab,2656.2,2708.0,51.8,84.2,5.8,1
477,car,4.5,xloopA_0Ba,xloopA_0Bb,2585.4,2708.1,122.7,84.6,2.5,1
516,car,4.5,xloopA_0Ba,xloopA_0Bb,2619.5,2710.2,90.7,84.6,3.4,1
597,car,4.5,xloopA_0Aa,xloopA_0Ab,2682.3,2710.3,28.0,84.0,10.8,1
455,car,4.5,road_loopA_f0,road_loopA_f1,2565.9,2710.8,144.9,1303.0,32.4,1
499,suv,4.8,road_loopA_f0,road_loopA_f1,2605.5,2713.2,107.7,1303.6,43.6,0
381,car,4.5,xloopA_0Ba,road_loopA_f1,2490.0,2713.7,223.7,902.3,14.5,1
475,car,4.5,road_loopA_f0,road_loopA_f1,2584.4,2713.9,129.5,1303.2,36.2,0
493,suv,4.8,road_loopA_r0,road_loopA_r1,2600.3,2715.2,114.9,1298.0,40.7,0
506,car,4.5,road_loopA_f0,road_loopA_f1,2611.2,2715.7,104.5,1303.0,44.9,0
509,suv,4.8,road_loopA_f0,road_loopA_f1,2613.0,2718.0,105.0,1303.6,44.7,0
527,car,4.5,road_loopA_f0,road_loopA_f1,2627.8,2718.4,90.6,1303.8,51.8,0
484,suv,4.8,road_loopA_f0,road_loopA_f1,2588.7,2718.9,130.2,1302.8,36.0,0
457,suv,4.8,road_loopA_f0,road_loopA_f1,2566.7,2723.7,157.0,1302.8,29.9,1
511,car,4.5,road_loopA_f0,road_loopA_f1,2615.7,2724.0,108.3,1303.7,43.3,0
530,car,4.5,road_loopA_f0,road_loopA_f1,2629.1,2724.9,95.8,1303.1,48.9,0
540,car,4.5,road_loopA_f0,road_loopA_f1,2634.6,2726.7,92.1,1303.5,50.9,0
542,car,4.5,road_loopA_f0,road_loopA_f1,2635.4,2728.5,93.1,1304.1,50.4,0
494,suv,4.8,road_loopA_f0,road_loopA_f1,2601.9,2729.8,127.9,1303.0,36.7,0
543,car,4.5,road_loopA_f0,road_loopA_f1,2635.9,2730.2,94.3,1303.1,49.7,0
384,car,4.5,xloopA_0Ba,road_loopA_f1,2490.7,2731.9,241.2,902.9,13.5,1
535,suv,4.8,road_loopA_f0,road_loopA_f1,2632.8,2732.2,99.4,1303.6,47.2,0
550,car,4.5,road_loopA_r0,xloopA_0Ab,2640.6,2732.7,92.1,868.9,34.0,1
554,suv,4.8,road_loopA_f0,xloopA_0Bb,2643.4,2733.2,89.8,479.1,19.2,2
533,car,4.5,road_loopA_f0,road_loopA_f1,2632.2,2734.0,101.8,1303.5,46.1,0
529,truck,8.5,road_loopA_f0,road_loopA_f1,2628.1,2735.6,107.5,1303.6,43.6,0
501,truck,8.5,road_loopA_f0,road_loopA_f1,2606.4,2736.1,129.7,1303.0,36.2,0
402,car,4.5,xloopA_0Ba,road_loopA_f1,2515.3,2736.3,221.0,902.3,14.7,0
577,car,4.5,road_loopA_f0,xloopA_0Bb,2662.9,2736.8,73.9,478.7,23.3,2
549,car,4.5,road_loopA_r0,xloopA_0Ab,2640.0,2737.2,97.2,869.3,32.2,1
544,truck,8.5,road_loopA_f0,road_loopA_f1,2637.5,2737.4,99.9,1303.0,47.0,0
435,car,4.5,road_loopA_f0,road_loopA_f1,2545.4,2738.0,192.6,1303.7,24.4,1
515,car,4.5,road_loopA_f0,road_loopA_f1,2619.2,2738.5,119.3,1303.7,39.3,0
448,car,4.5,road_loopA_f0,road_loopA_f1,2560.4,2739.6,179.2,1303.4,26.2,1
581,suv,4.8,road_loopA_f0,xloopA_0Bb,2666.3,2740.6,74.3,479.1,23.2,2
480,car,4.5,road_loopA_f0,road_loopA_f1,2586.9,2741.4,154.5,1304.0,30.4,0
525,car,4.5,road_loopA_f0,road_loopA_f1,2627.0,2743.1,116.1,1303.4,40.4,0
513,car,4.5,road_loopA_r0,road_loopA_r1,2616.3,2751.0,134.7,1297.7,34.7,1
539,suv,4.8,road_loopA_f0,road_loopA_f1,2634.5,2752.6,118.1,1302.8,39.7,0
512,suv,4.8,road_loopA_r0,road_loopA_r1,2615.8,2754.9,139.1,1297.7,33.6,1
521,car,4.5,road_loopA_r0,road_loopA_r1,2622.9,2754.9,132.0,1298.0,35.4,1
518,car,4.5,road_loopA_r0,road_loopA_r1,2620.3,2756.9,136.6,1298.6,34.2,1
519,suv,4.8,road_loopA_r0,road_loopA_r1,2621.6,2761.7,140.1,1297.3,33.3,1
522,car,4.5,road_loopA_r0,road_loopA_r1,2623.1,2762.0,138.9,1298.3,33.7,1
514,truck,8.5,road_loopA_r0,road_loopA_r1,2618.9,2762.3,143.4,1298.1,32.6,1
526,car,4.5,road_loopA_r0,road_loopA_r1,2627.4,2765.3,137.9,1297.5,33.9,1
534,truck,8.5,road_loopA_r0,road_loopA_r1,2632.2,2767.6,135.4,1297.7,34.5,1
536,car,4.5,road_loopA_r0,road_loopA_r1,2633.6,2769.7,136.1,1297.4,34.3,1
551,suv,4.8,road_loopA_r0,road_loopA_r1,2640.5,2770.6,130.1,1298.5,35.9,1
500,car,4.5,road_loopA_r0,road_loopA_r1,2606.2,2772.1,165.9,1297.6,28.2,1
552,suv,4.8,road_loopA_r0,road_loopA_r1,2642.7,2772.7,130.0,1297.4,35.9,1
507,car,4.5,road_loopA_r0,road_loopA_r1,2611.4,2775.4,164.0,1298.2,28.5,1
562,car,4.5,xloopA_0Ba,road_loopA_r1,2648.7,2776.9,128.2,476.4,13.4,0
546,truck,8.5,road_loopA_r0,road_loopA_r1,2639.0,2777.3,138.3,1297.5,33.8,1
520,car,4.5,road_loopA_r0,road_loopA_r1,2621.8,2777.4,155.6,1298.5,30.0,1
548,suv,4.8,road_loopA_f0,road_loopA_f1,2639.9,2778.3,138.4,1303.1,33.9,1
510,car,4.5,road_loopA_r0,road_loopA_r1,2614.9,2778.8,163.9,1298.0,28.5,1
555,car,4.5,road_loopA_r0,road_loopA_r1,2643.4,2779.0,135.6,1298.5,34.5,1
553,car,4.5,road_loopA_r0,road_loopA_r1,2643.1,2779.7,136.6,1298.6,34.2,1
547,car,4.5,road_loopA_f0,road_loopA_f1,2639.1,2779.9,140.8,1304.0,33.3,1
568,car,4.5,road_loopA_r0,road_loopA_r1,2652.4,2779.9,127.5,1297.3,36.6,1
532,truck,8.5,road_loopA_r0,road_loopA_r1,2629.9,2780.9,151.0,1297.9,30.9,1
569,car,4.5,road_loopA_r0,road_loopA_r1,2652.7,2781.3,128.6,1297.3,36.3,1
561,car,4.5,road_loopA_f0,road_loopA_f1,2648.2,2781.5,133.3,1303.1,35.2,1
545,car,4.5,road_loopA_f0,road_loopA_f1,2637.7,2781.6,143.9,1303.8,32.6,1
556,car,4.5,road_loopA_r0,road_loopA_r1,2643.6,2783.0,139.4,1298.4,33.5,1
560,suv,4.8,road_loopA_r0,road_loopA_r1,2647.8,2783.2,135.4,1297.3,34.5,1
616,car,4.5,road_loopA_f0,xloopA_0Ab,2699.5,2783.5,84.0,505.1,21.6,1
566,truck,8.5,road_loopA_f0,road_loopA_f1,2651.5,2783.8,132.3,1303.8,35.5,1
567,suv,4.8,road_loopA_r0,road_loopA_r1,2652.1,2783.9,131.8,1297.4,35.4,1
586,car,4.5,road_loopA_r0,road_loopA_r1,2675.4,2785.0,109.6,1297.9,42.6,0
574,car,4.5,road_loopA_r0,road_loopA_r1,2659.5,2785.6,126.1,1298.7,37.1,1
563,suv,4.8,road_loopA_r0,road_loopA_r1,2649.5,2785.9,136.4,1297.4,34.2,0
559,suv,4.8,road_loopA_f0,road_loopA_f1,2647.7,2786.7,139.0,1303.5,33.8,1
570,suv,4.8,road_loopA_f0,road_loopA_f1,2652.9,2786.8,133.9,1303.1,35.0,1
579,car,4.5,road_loopA_r0,road_loopA_r1,2663.3,2787.5,124.2,1298.5,37.6,0
592,car,4.5,road_loopA_r0,road_loopA_r1,2679.6,2787.8,108.2,1297.6,43.2,0
558,car,4.5,road_loopA_f0,road_loopA_f1,2647.6,2788.4,140.8,1303.1,33.3,1
601,car,4.5,road_loopA_r0,road_loopA_r1,2684.9,2789.6,104.7,1297.9,44.6,0
590,car,4.5,road_loopA_r0,road_loopA_r1,2679.3,2789.7,110.4,1297.6,42.3,0
578,car,4.5,road_loopA_r0,road_loopA_r1,2663.1,2789.8,126.7,1297.5,36.9,0
575,car,4.5,road_loopA_f0,road_loopA_f1,2660.3,2790.6,130.3,1304.0,36.0,1
580,car,4.5,road_loopA_f0,road_loopA_f1,2664.4,2791.2,126.8,1304.1,37.0,1
602,suv,4.8,road_loopA_r0,road_loopA_r1,2687.0,2791.3,104.3,1297.4,44.8,0
593,suv,4.8,road_loopA_r0,road_loopA_r1,2680.2,2791.5,111.3,1298.5,42.0,0
596,suv,4.8,road_loopA_r0,road_loopA_r1,2682.1,2791.5,109.4,1297.4,42.7,0
583,suv,4.8,road_loopA_f0,road_loopA_f1,2668.3,2792.8,124.5,1302.8,37.7,1
599,car,4.5,road_loopA_r0,road_loopA_r1,2682.6,2793.3,110.7,1298.2,42.2,0
591,truck,8.5,road_loopA_r0,road_loopA_r1,2679.4,2793.7,114.3,1298.4,40.9,0
564,truck,8.5,road_loopA_f0,road_loopA_f1,2650.6,2794.7,144.1,1303.8,32.6,1
531,suv,4.8,road_loopA_r0,road_loopA_r1,2629.7,2795.2,165.5,1298.5,28.2,1
585,car,4.5,road_loopA_f0,road_loopA_f1,2674.1,2795.4,121.3,1303.0,38.7,1
589,car,4.5,road_loopA_r0,road_loopA_r1,2679.2,2796.8,117.6,1297.5,39.7,0
588,car,4.5,road_loopA_f0,road_loopA_f1,2677.9,2797.1,119.2,1303.9,39.4,1
594,car,4.5,road_loopA_r0,road_loopA_r1,2681.5,2798.6,117.1,1297.7,39.9,0
587,suv,4.8,road_loopA_f0,road_loopA_f1,2677.5,2798.9,121.4,1303.5,38.7,1
557,truck,8.5,road_loopA_r0,road_loopA_r1,2644.7,2799.4,154.7,1298.1,30.2,1
690,car,4.5,xloopA_0Ba,xloopA_0Bb,2753.7,2799.5,45.8,84.3,6.6,1
608,car,4.5,road_loopA_r0,road_loopA_r1,2694.1,2800.4,106.3,1298.3,44.0,0
603,car,4.5,road_loopA_r0,road_loopA_r1,2687.2,2800.6,113.4,1298.3,41.2,0
700,car,4.5,xloopA_0Ba,xloopA_0Bb,2760.4,2802.1,41.7,84.1,7.3,1
615,truck,8.5,road_loopA_r0,road_loopA_r1,2698.9,2802.6,103.7,1298.5,45.1,0
606,car,4.5,road_loopA_f0,road_loopA_f1,2693.9,2802.8,108.9,1303.1,43.1,0
623,suv,4.8,road_loopA_r0,road_loopA_r1,2705.2,2804.2,99.0,1298.1,47.2,0
649,car,4.5,xloopA_0Aa,xloopA_0Ab,2722.5,2804.2,81.7,84.6,3.7,1
730,car,4.5,xloopA_0Ba,xloopA_0Bb,2788.7,2804.3,15.6,84.2,19.4,0
598,truck,8.5,road_loopA_f0,road_loopA_f1,2682.6,2805.4,122.8,1302.9,38.2,0
610,suv,4.8,road_loopA_f0,road_loopA_f1,2695.7,2806.2,110.5,1304.0,42.5,0
679,car,4.5,xloopA_0Aa,xloopA_0Ab,2744.1,2806.3,62.2,84.6,4.9,0
622,suv,4.8,road_loopA_f0,road_loopA_f1,2702.5,2807.4,104.9,1302.9,44.7,0
607,car,4.5,road_loopA_f0,road_loopA_f1,2694.1,2808.9,114.8,1302.9,40.8,0
604,car,4.5,road_loopA_f0,road_loopA_f1,2690.0,2811.1,121.1,1303.0,38.7,0
621,car,4.5,road_loopA_f0,road_loopA_f1,2702.0,2812.9,110.9,1303.8,42.3,0
629,car,4.5,road_loopA_f0,road_loopA_f1,2709.1,2813.2,104.1,1304.2,45.1,0
613,truck,8.5,road_loopA_f0,road_loopA_f1,2696.2,2816.5,120.3,1303.3,39.0,0
627,suv,4.8,road_loopA_f0,road_loopA_f1,2707.8,2818.1,110.3,1303.8,42.5,0
541,car,4.5,road_loopA_f0,road_loopA_f1,2634.8,2820.4,185.6,1303.3,25.3,1
605,car,4.5,road_loopA_f0,road_loopA_f1,2693.4,2820.6,127.2,1304.0,36.9,0
537,car,4.5,xloopA_0Aa,road_loopA_f1,2633.9,2821.3,187.4,872.4,16.8,1
620,truck,8.5,road_loopA_f0,road_loopA_f1,2701.5,2822.5,121.0,1303.6,38.8,0
571,suv,4.8,road_loopA_f0,road_loopA_f1,2653.6,2823.0,169.4,1303.3,27.7,1
600,car,4.5,road_loopA_f0,road_loopA_f1,2683.6,2823.7,140.1,1303.2,33.5,0
576,car,4.5,road_loopA_f0,road_loopA_f1,2660.6,2824.7,164.1,1304.0,28.6,1
630,suv,4.8,road_loopA_f0,road_loopA_f1,2710.0,2825.7,115.7,1303.1,40.6,0
624,suv,4.8,road_loopA_f0,road_loopA_f1,2706.4,2825.8,119.4,1303.7,39.3,0
582,suv,4.8,road_loopA_f0,road_loopA_f1,2667.7,2826.3,158.6,1303.6,29.6,1
637,car,4.5,road_loopA_f0,road_loopA_f1,2713.8,2827.5,113.7,1303.1,41.3,0
639,suv,4.8,road_loopA_f0,road_loopA_f1,2714.6,2827.5,112.9,1303.0,41.6,0
584,car,4.5,road_loopA_f0,road_loopA_f1,2670.8,2828.2,157.4,1303.7,29.8,1
726,car,4.5,road_loopA_f0,xloopA_0Bb,2786.8,2829.1,42.3,478.7,40.7,0
641,car,4.5,road_loopA_f0,road_loopA_f1,2716.0,2829.3,113.3,1304.0,41.4,0
646,car,4.5,road_loopA_f0,road_loopA_f1,2720.6,2829.3,108.7,1303.4,43.2,0
595,car,4.5,road_loopA_f0,road_loopA_f1,2681.7,2830.0,148.3,1303.2,31.6,0
656,car,4.5,road_loopA_f0,road_loopA_f1,2726.3,2831.0,104.7,1303.7,44.8,0
645,suv,4.8,road_loopA_f0,road_loopA_f1,2720.5,2831.1,110.6,1304.1,42.4,0
609,car,4.5,road_loopA_f0,road_loopA_f1,2694.6,2831.7,137.1,1302.8,34.2,0
659,suv,4.8,road_loopA_f0,road_loopA_f1,2728.5,2832.7,104.2,1303.4,45.0,0
654,car,4.5,road_loopA_f0,road_loopA_f1,2724.7,2833.1,108.4,1303.5,43.3,0
611,suv,4.8,road_loopA_f0,road_loopA_f1,2695.9,2833.5,137.6,1304.2,34.1,0
651,car,4.5,road_loopA_f0,road_loopA_f1,2722.9,2835.0,112.1,1304.0,41.9,0
619,car,4.5,road_loopA_f0,road_loopA_f1,2701.3,2835.2,133.9,1302.8,35.0,0
736,car,4.5,road_loopA_f0,xloopA_0Bb,2795.9,2835.3,39.4,478.8,43.7,0
625,suv,4.8,road_loopA_f0,road_loopA_f1,2707.3,2837.0,129.7,1303.6,36.2,0
661,car,4.5,road_loopA_f0,road_loopA_f1,2729.3,2838.8,109.5,1303.0,42.8,0
742,car,4.5,road_loopA_f0,xloopA_0Bb,2802.6,2839.3,36.7,479.0,46.9,0
628,car,4.5,road_loopA_f0,road_loopA_f1,2708.8,2840.4,131.6,1303.4,35.6,0
658,car,4.5,road_loopA_f0,road_loopA_f1,2728.0,2841.2,113.2,1303.2,41.5,0
631,car,4.5,road_loopA_r0,road_loopA_r1,2710.5,2844.8,134.3,1297.4,34.8,1
538,car,4.5,road_loopA_r0,road_loopA_r1,2634.0,2844.9,210.9,1297.7,22.1,2
682,suv,4.8,road_loopA_r0,xloopA_0Ab,2746.5,2845.6,99.1,869.3,31.6,1
614,bus,11.0,road_loopA_f0,road_loopA_f1,2697.1,2846.0,148.9,1303.6,31.5,1
643,car,4.5,road_loopA_f0,road_loopA_f1,2717.7,2846.1,128.4,1303.8,36.6,0
633,car,4.5,road_loopA_r0,road_loopA_r1,2711.4,2846.6,135.2,1297.9,34.6,1
636,car,4.5,road_loopA_r0,road_loopA_r1,2713.7,2849.2,135.5,1298.2,34.5,1
632,car,4.5,road_loopA_r0,road_loopA_r1,2711.2,2850.2,139.0,1297.5,33.6,1
638,suv,4.8,road_loopA_r0,road_loopA_r1,2714.5,2852.9,138.4,1298.2,33.8,1
644,car,4.5,road_loopA_r0,road_loopA_r1,2719.8,2852.9,133.1,1297.3,35.1,1
648,suv,4.8,road_loopA_r0,road_loopA_r1,2721.3,2855.4,134.1,1297.3,34.8,1
612,truck,8.5,road_loopA_r0,road_loopA_r1,2696.1,2855.7,159.6,1297.7,29.3,1
650,car,4.5,road_loopA_r0,road_loopA_r1,2722.6,2856.1,133.5,1297.4,35.0,1
662,car,4.5,road_loopA_r0,road_loopA_r1,2730.3,2857.2,126.9,1297.7,36.8,1
642,suv,4.8,road_loopA_r0,road_loopA_r1,2717.5,2857.7,140.2,1298.3,33.3,1
652,car,4.5,road_loopA_r0,road_loopA_r1,2723.3,2858.9,135.6,1298.3,34.5,1
663,suv,4.8,road_loopA_r0,road_loopA_r1,2732.1,2858.9,126.8,1297.6,36.8,1
673,car,4.5,road_loopA_r0,road_loopA_r1,2739.1,2861.0,121.9,1298.1,38.4,1
657,car,4.5,road_loopA_r0,road_loopA_r1,2727.9,2864.1,136.2,1297.8,34.3,1
768,car,4.5,road_loopA_f0,xloopA_0Bb,2823.6,2864.8,41.2,478.8,41.9,0
686,suv,4.8,road_loopA_r0,road_loopA_r1,2750.9,2864.9,114.0,1298.1,41.0,1
647,truck,8.5,road_loopA_r0,road_loopA_r1,2721.0,2867.0,146.0,1298.2,32.0,1
617,bus,11.0,road_loopA_f0,road_loopA_f1,2700.1,2867.2,167.1,1302.9,28.1,2
692,car,4.5,road_loopA_r0,road_loopA_r1,2754.3,2868.4,114.1,1298.1,41.0,0
666,car,4.5,road_loopA_r0,road_loopA_r1,2733.5,2868.5,135.0,1297.6,34.6,1
684,car,4.5,road_loopA_r0,road_loopA_r1,2748.6,2870.2,121.6,1298.6,38.4,0
696,suv,4.8,road_loopA_r0,road_loopA_r1,2758.5,2871.1,112.6,1297.3,41.5,0
687,car,4.5,road_loopA_r0,road_loopA_r1,2751.1,2871.8,120.7,1297.5,38.7,0
699,car,4.5,road_loopA_r0,road_loopA_r1,2759.4,2872.4,113.0,1298.5,41.4,0
665,suv,4.8,road_loopA_r0,road_loopA_r1,2733.4,2872.5,139.1,1297.4,33.6,1
664,suv,4.8,road_loopA_f0,road_loopA_f1,2732.8,2872.6,139.8,1304.0,33.6,1
689,car,4.5,road_loopA_r0,road_loopA_r1,2752.8,2873.6,120.8,1297.6,38.7,0
688,car,4.5,road_loopA_r0,road_loopA_r1,2752.4,2874.2,121.8,1298.5,38.4,0
702,car,4.5,road_loopA_r0,road_loopA_r1,2761.0,2874.4,113.4,1297.4,41.2,0
672,car,4.5,road_loopA_f0,road_loopA_f1,2738.9,2875.4,136.5,1303.7,34.4,1
693,car,4.5,road_loopA_r0,road_loopA_r1,2755.0,2875.4,120.4,1297.9,38.8,0
710,car,4.5,road_loopA_r0,road_loopA_r1,2771.5,2875.8,104.3,1297.5,44.8,0
572,car,4.5,road_loopA_r0,xloopA_0Bb,2655.9,2876.5,220.6,895.5,14.6,3
713,suv,4.8,road_loopA_r0,road_loopA_r1,2774.4,2877.1,102.7,1298.0,45.5,0
714,suv,4.8,road_loopA_f0,xloopA_0Ab,2775.3,2877.1,101.8,505.6,17.9,1
698,car,4.5,road_loopA_r0,road_loopA_r1,2759.0,2877.2,118.2,1297.8,39.5,0
680,suv,4.8,road_loopA_f0,road_loopA_f1,2744.1,2878.4,134.3,1302.9,34.9,1
718,suv,4.8,road_loopA_r0,road_loopA_r1,2778.2,2878.4,100.2,1297.9,46.6,0
707,suv,4.8,road_loopA_r0,road_loopA_r1,2768.1,2878.5,110.4,1297.3,42.3,0
618,car,4.5,road_loopA_r0,xloopA_0Bb,2701.0,2879.1,178.1,895.5,18.1,2
760,car,4.5,road_loopA_f0,xloopA_0Ab,2816.8,2879.7,62.9,505.3,28.9,1
683,bus,11.0,road_loopA_r0,road_loopA_r1,2747.4,2879.8,132.4,1298.2,35.3,1
716,car,4.5,road_loopA_r0,road_loopA_r1,2775.9,2880.0,104.1,1298.0,44.9,0
681,car,4.5,road_loopA_f0,road_loopA_f1,2745.3,2881.2,135.9,1304.0,34.5,1
719,car,4.5,road_loopA_r0,road_loopA_r1,2778.5,2881.8,103.3,1297.3,45.2,0
685,car,4.5,road_loopA_f0,road_loopA_f1,2750.4,2882.4,132.0,1304.0,35.6,1
723,suv,4.8,road_loopA_r0,road_loopA_r1,2782.2,2882.5,100.3,1297.9,46.6,0
634,truck,8.5,road_loopA_r0,xloopA_0Bb,2711.6,2882.6,171.0,895.9,18.9,2
523,suv,4.8,road_loopA_r0,road_loopA_r1,2623.5,2882.9,259.4,1298.0,18.0,1
653,car,4.5,road_loopA_r0,road_loopA_r1,2723.6,2884.5,160.9,1297.3,29.0,1
734,suv,4.8,road_loopA_r0,road_loopA_r1,2795.3,2885.1,89.8,1297.9,52.0,0
676,car,4.5,road_loopA_f0,road_loopA_f1,2741.9,2885.4,143.5,1303.1,32.7,1
671,car,4.5,road_loopA_r0,xloopA_0Bb,2737.4,2885.7,148.3,895.7,21.7,1
703,car,4.5,road_loopA_f0,road_loopA_f1,2763.5,2886.8,123.3,1304.1,38.1,1
793,car,4.5,road_loopA_f0,xloopA_0Ab,2843.1,2887.9,44.8,505.2,40.6,0
660,car,4.5,road_loopA_f0,road_loopA_f1,2728.9,2888.7,159.8,1303.6,29.4,1
738,car,4.5,road_loopA_r0,road_loopA_r1,2797.4,2888.7,91.3,1297.4,51.1,0
712,car,4.5,road_loopA_f0,road_loopA_f1,2774.4,2888.8,114.4,1304.0,41.1,1
740,suv,4.8,road_loopA_r0,road_loopA_r1,2797.9,2889.6,91.7,1298.7,51.0,0
715,car,4.5,road_loopA_f0,road_loopA_f1,2775.8,2891.4,115.6,1302.9,40.6,1
743,car,4.5,road_loopA_r0,road_loopA_r1,2802.8,2891.8,89.0,1298.4,52.5,0
669,car,4.5,road_loopA_f0,road_loopA_f1,2736.1,2892.8,156.7,1302.9,29.9,1
721,truck,8.5,road_loopA_f0,road_loopA_f1,2780.1,2893.7,113.6,1304.0,41.3,1
695,suv,4.8,road_loopA_f0,road_loopA_f1,2757.2,2894.0,136.8,1303.0,34.3,1
694,car,4.5,xloopA_0Aa,xloopA_0Ab,2756.9,2894.7,137.8,84.5,2.2,1
729,car,4.5,road_loopA_f0,road_loopA_f1,2788.6,2896.4,107.8,1303.9,43.5,0
720,car,4.5,xloopA_0Aa,xloopA_0Ab,2779.8,2896.8,117.0,84.3,2.6,1
737,car,4.5,road_loopA_f0,road_loopA_f1,2797.4,2898.3,100.9,1302.8,46.5,0
724,car,4.5,xloopA_0Aa,xloopA_0Ab,2783.9,2899.0,115.1,84.1,2.6,1
697,car,4.5,road_loopA_f0,road_loopA_f1,2758.9,2899.7,140.8,1303.7,33.3,1
749,car,4.5,road_loopA_f0,road_loopA_f1,2808.7,2900.7,92.0,1303.9,51.0,0
706,suv,4.8,road_loopA_f0,road_loopA_f1,2765.0,2902.8,137.8,1303.1,34.0,1
635,car,4.5,xloopA_0Aa,road_loopA_f1,2713.0,2903.0,190.0,872.6,16.5,1
711,suv,4.8,road_loopA_f0,road_loopA_f1,2772.4,2903.1,130.7,1303.2,35.9,1
709,suv,4.8,road_loopA_f0,road_loopA_f1,2771.4,2904.7,133.3,1303.2,35.2,1
753,car,4.5,road_loopA_f0,road_loopA_f1,2812.4,2904.7,92.3,1302.8,50.8,0
705,car,4.5,road_loopA_f0,road_loopA_f1,2765.0,2905.9,140.9,1303.6,33.3,1
750,suv,4.8,road_loopA_f0,road_loopA_f1,2808.9,2908.0,99.1,1304.1,47.4,0
704,truck,8.5,road_loopA_f0,road_loopA_f1,2764.5,2908.7,144.2,1302.8,32.5,1
741,car,4.5,road_loopA_f0,road_loopA_f1,2798.1,2910.9,112.8,1303.9,41.6,0
626,car,4.5,xloopA_0Aa,road_loopA_f1,2707.5,2911.8,204.3,872.3,15.4,1
752,suv,4.8,road_loopA_f0,road_loopA_f1,2811.3,2912.6,101.3,1302.8,46.3,0
744,truck,8.5,road_loopA_f0,road_loopA_f1,2803.2,2913.0,109.8,1303.7,42.7,0
655,car,4.5,xloopA_0Ba,road_loopA_f1,2725.2,2914.0,188.8,902.6,17.2,1
754,car,4.5,road_loopA_f0,road_loopA_f1,2813.1,2914.4,101.3,1303.5,46.3,0
667,car,4.5,road_loopA_f0,road_loopA_f1,2734.9,2915.7,180.8,1303.4,26.0,1
708,suv,4.8,road_loopA_f0,road_loopA_f1,2769.4,2916.7,147.3,1303.9,31.9,1
739,car,4.5,road_loopA_f0,road_loopA_f1,2797.5,2916.9,119.4,1303.3,39.3,0
670,car,4.5,road_loopA_f0,road_loopA_f1,2736.4,2917.3,180.9,1303.0,25.9,1
722,car,4.5,road_loopA_f0,road_loopA_f1,2781.4,2917.9,136.5,1303.3,34.4,1
792,car,4.5,road_loopA_f0,xloopA_0Bb,2842.3,2918.3,76.0,478.8,22.7,2
717,truck,8.5,road_loopA_r0,xloopA_0Ab,2777.7,2918.4,140.7,868.8,22.2,3
770,suv,4.8,road_loopA_f0,road_loopA_f1,2824.9,2918.6,93.7,1303.0,50.1,0
675,car,4.5,road_loopA_f0,road_loopA_f1,2740.0,2919.1,179.1,1302.8,26.2,1
732,car,4.5,road_loopA_f0,road_loopA_f1,2794.1,2919.6,125.5,1304.0,37.4,0
677,suv,4.8,road_loopA_f0,road_loopA_f1,2742.1,2920.9,178.8,1303.2,26.2,1
771,suv,4.8,road_loopA_f0,road_loopA_f1,2826.0,2922.2,96.2,1302.9,48.8,0
701,car,4.5,road_loopA_f0,road_loopA_f1,2761.1,2922.6,161.5,1303.6,29.1,1
766,car,4.5,road_loopA_r0,xloopA_0Ab,2821.1,2922.6,101.5,869.1,30.8,1
757,car,4.5,road_loopA_f0,road_loopA_f1,2814.9,2924.2,109.3,1303.8,42.9,0
829,suv,4.8,road_loopA_f0,xloopA_0Bb,2870.4,2925.3,54.9,479.0,31.4,0
763,car,4.5,road_loopA_f0,road_loopA_f1,2819.0,2926.1,107.1,1302.9,43.8,0
762,car,4.5,road_loopA_f0,road_loopA_f1,2818.5,2929.5,111.0,1303.1,42.3,0
735,suv,4.8,road_loopA_r0,road_loopA_r1,2795.4,2935.3,139.9,1298.1,33.4,1
848,truck,8.5,road_loopA_f0,xloopA_0Bb,2890.9,2936.5,45.6,478.8,37.8,0
747,car,4.5,road_loopA_r0,road_loopA_r1,2807.5,2938.3,130.8,1298.2,35.7,1
746,car,4.5,road_loopA_r0,road_loopA_r1,2804.9,2939.1,134.2,1298.6,34.8,1
759,car,4.5,road_loopA_r0,road_loopA_r1,2816.3,2940.6,124.3,1298.0,37.6,1
731,car,4.5,road_loopA_r0,road_loopA_r1,2794.0,2945.1,151.1,1297.9,30.9,1
756,car,4.5,road_loopA_r0,road_loopA_r1,2814.7,2945.1,130.4,1297.7,35.8,1
761,car,4.5,road_loopA_r0,road_loopA_r1,2818.2,2946.3,128.1,1298.3,36.5,1
767,car,4.5,road_loopA_r0,road_loopA_r1,2821.6,2947.0,125.4,1298.5,37.3,1
832,car,4.5,xloopA_0Ba,road_loopA_r1,2871.5,2947.8,76.3,476.4,22.5,1
668,bus,11.0,road_loopA_f0,road_loopA_f1,2735.5,2948.1,212.6,1303.1,22.1,3
772,suv,4.8,road_loopA_r0,road_loopA_r1,2827.0,2948.7,121.7,1297.4,38.4,1
777,suv,4.8,road_loopA_r0,road_loopA_r1,2833.8,2949.0,115.2,1297.6,40.5,1
745,truck,8.5,road_loopA_r0,road_loopA_r1,2804.2,2950.4,146.2,1297.7,32.0,1
782,car,4.5,road_loopA_r0,road_loopA_r1,2836.0,2951.0,115.0,1298.7,40.7,1
788,car,4.5,road_loopA_r0,road_loopA_r1,2840.5,2952.4,111.9,1298.3,41.8,1
748,suv,4.8,road_loopA_r0,road_loopA_r1,2807.9,2952.5,144.6,1298.0,32.3,1
764,car,4.5,road_loopA_r0,road_loopA_r1,2819.8,2953.5,133.7,1297.4,34.9,1
758,car,4.5,road_loopA_r0,road_loopA_r1,2816.2,2954.3,138.1,1297.9,33.8,1
776,truck,8.5,road_loopA_r0,road_loopA_r1,2833.3,2954.4,121.1,1297.3,38.6,1
781,car,4.5,road_loopA_r0,road_loopA_r1,2835.2,2955.8,120.6,1298.1,38.7,1
801,car,4.5,road_loopA_r0,road_loopA_r1,2847.0,2955.9,108.9,1297.9,42.9,0
784,car,4.5,road_loopA_r0,road_loopA_r1,2837.4,2957.3,119.9,1297.3,39.0,1
786,car,4.5,road_loopA_r0,road_loopA_r1,2839.6,2958.2,118.6,1297.2,39.4,0
814,car,4.5,road_loopA_r0,road_loopA_r1,2859.2,2959.1,99.9,1298.5,46.8,0
799,car,4.5,road_loopA_r0,road_loopA_r1,2846.3,2959.2,112.9,1297.8,41.4,0
807,suv,4.8,road_loopA_r0,road_loopA_r1,2852.2,2959.9,107.7,1298.2,43.4,0
819,suv,4.8,road_loopA_r0,road_loopA_r1,2863.4,2961.7,98.3,1298.6,47.5,0
798,car,4.5,road_loopA_r0,road_loopA_r1,2846.0,2962.2,116.2,1298.4,40.2,0
733,bus,11.0,road_loopA_r0,road_loopA_r1,2794.7,2962.7,168.0,1298.3,27.8,2
821,suv,4.8,road_loopA_r0,road_loopA_r1,2863.5,2963.9,100.4,1297.6,46.5,0
822,car,4.5,road_loopA_r0,road_loopA_r1,2863.6,2963.9,100.3,1298.2,46.6,0
779,car,4.5,road_loopA_f0,road_loopA_f1,2834.6,2965.0,130.4,1303.8,36.0,1
825,car,4.5,road_loopA_r0,road_loopA_r1,2868.9,2965.6,96.7,1298.0,48.3,0
830,car,4.5,road_loopA_r0,road_loopA_r1,2870.3,2966.9,96.6,1298.1,48.4,0
823,car,4.5,road_loopA_r0,road_loopA_r1,2864.4,2967.1,102.7,1298.3,45.5,0
678,suv,4.8,road_loopA_r0,xloopA_0Bb,2743.7,2969.9,226.2,895.6,14.3,2
800,car,4.5,road_loopA_f0,xloopA_0Ab,2846.4,2970.5,124.1,505.4,14.7,1
843,car,4.5,road_loopA_r0,road_loopA_r1,2881.5,2971.8,90.3,1298.6,51.8,0
674,car,4.5,road_loopA_r0,xloopA_0Bb,2739.8,2972.5,232.7,895.4,13.9,2
834,car,4.5,road_loopA_f0,xloopA_0Ab,2872.7,2973.1,100.4,505.5,18.1,1
831,car,4.5,road_loopA_r0,road_loopA_r1,2870.7,2973.9,103.2,1297.5,45.3,0
796,car,4.5,road_loopA_r0,road_loopA_r1,2844.8,2974.6,129.8,1297.7,36.0,0
833,car,4.5,road_loopA_r0,road_loopA_r1,2871.9,2975.5,103.6,1297.9,45.1,0
837,suv,4.8,road_loopA_r0,road_loopA_r1,2874.1,2975.6,101.5,1298.2,46.1,0
691,truck,8.5,road_loopA_r0,xloopA_0Bb,2754.0,2976.0,222.0,895.9,14.5,3
808,car,4.5,road_loopA_f0,road_loopA_f1,2853.8,2976.1,122.3,1303.8,38.4,1
840,car,4.5,road_loopA_r0,road_loopA_r1,2875.9,2977.3,101.4,1297.9,46.1,0
845,car,4.5,road_loopA_r0,road_loopA_r1,2887.4,2977.8,90.4,1298.4,51.7,0
816,car,4.5,road_loopA_f0,road_loopA_f1,2859.4,2979.0,119.6,1303.5,39.3,1
725,suv,4.8,road_loopA_r0,xloopA_0Bb,2785.2,2979.1,193.9,895.9,16.6,3
842,car,4.5,road_loopA_r0,road_loopA_r1,2880.0,2979.1,99.1,1297.7,47.2,0
789,suv,4.8,road_loopA_f0,road_loopA_f1,2841.0,2980.7,139.7,1303.9,33.6,1
790,car,4.5,road_loopA_f0,road_loopA_f1,2841.2,2980.8,139.6,1303.0,33.6,1
847,suv,4.8,road_loopA_r0,road_loopA_r1,2890.5,2981.8,91.3,1297.4,51.1,0
852,suv,4.8,road_loopA_r0,road_loopA_r1,2891.5,2984.3,92.8,1297.9,50.4,0
849,car,4.5,road_loopA_r0,road_loopA_r1,2890.9,2984.9,94.0,1297.6,49.7,0
769,bus,11.0,road_loopA_r0,road_loopA_r1,2824.5,2986.0,161.5,1298.5,28.9,2
813,car,4.5,road_loopA_f0,road_loopA_f1,2858.7,2986.4,127.7,1302.8,36.7,1
765,car,4.5,xloopA_0Aa,xloopA_0Ab,2821.0,2986.4,165.4,84.5,1.8,1
871,car,4.5,xloopA_0Ba,xloopA_0Bb,2912.3,2987.2,74.9,84.4,4.1,1
850,suv,4.8,road_loopA_r0,road_loopA_r1,2891.0,2987.6,96.6,1298.6,48.4,0
817,truck,8.5,road_loopA_f0,road_loopA_f1,2861.1,2988.6,127.5,1303.4,36.8,1
857,suv,4.8,road_loopA_r0,road_loopA_r1,2895.9,2988.7,92.8,1297.3,50.3,0
824,car,4.5,road_loopA_f0,road_loopA_f1,2867.1,2989.9,122.8,1303.5,38.2,1
828,car,4.5,road_loopA_f0,road_loopA_f1,2869.6,2991.5,121.9,1303.7,38.5,0
839,suv,4.8,road_loopA_r0,road_loopA_r1,2875.7,2992.2,116.5,1298.3,40.1,0
783,car,4.5,road_loopA_f0,road_loopA_f1,2836.1,2992.5,156.4,1302.8,30.0,1
809,car,4.5,road_loopA_f0,road_loopA_f1,2854.8,2993.3,138.5,1303.6,33.9,1
794,car,4.5,road_loopA_f0,road_loopA_f1,2843.6,2995.0,151.4,1303.4,31.0,1
727,car,4.5,xloopA_0Aa,road_loopA_f1,2787.3,2995.4,208.1,872.4,15.1,0
827,truck,8.5,road_loopA_f0,road_loopA_f1,2868.9,2997.4,128.5,1303.8,36.5,0
804,suv,4.8,road_loopA_f0,road_loopA_f1,2848.6,2997.7,149.1,1303.3,31.5,1
810,suv,4.8,road_loopA_f0,road_loopA_f1,2855.6,2999.4,143.8,1303.4,32.6,1
836,truck,8.5,road_loopA_f0,road_loopA_f1,2873.3,2999.8,126.5,1303.5,37.1,0
755,car,4.5,xloopA_0Ba,road_loopA_f1,2813.6,3000.8,187.2,902.5,17.4,1
797,car,4.5,road_loopA_f0,road_loopA_f1,2845.4,3001.2,155.8,1303.9,30.1,1
855,suv,4.8,road_loopA_f0,road_loopA_f1,2894.8,3001.9,107.1,1303.1,43.8,0
802,car,4.5,road_loopA_f0,road_loopA_f1,2847.2,3002.9,155.7,1302.8,30.1,1
863,suv,4.8,road_loopA_f0,road_loopA_f1,2902.7,3003.7,101.0,1302.8,46.4,0
835,suv,4.8,road_loopA_r0,xloopA_0Ab,2873.0,3005.1,132.1,869.5,23.7,2
803,truck,8.5,road_loopA_f0,road_loopA_f1,2847.9,3005.3,157.4,1303.7,29.8,1
870,car,4.5,road_loopA_f0,road_loopA_f1,2907.6,3005.5,97.9,1302.8,47.9,0
818,car,4.5,road_loopA_f0,road_loopA_f1,2861.5,3006.7,145.2,1303.2,32.3,1
865,car,4.5,road_loopA_f0,road_loopA_f1,2904.2,3007.3,103.1,1303.0,45.5,0
846,car,4.5,road_loopA_f0,road_loopA_f1,2887.7,3008.2,120.5,1303.7,39.0,0
851,suv,4.8,road_loopA_f0,road_loopA_f1,2891.5,3009.3,117.8,1303.7,39.8,0
826,car,4.5,road_loopA_f0,road_loopA_f1,2869.0,3009.6,140.6,1304.0,33.4,1
838,car,4.5,road_loopA_f0,road_loopA_f1,2874.5,3010.9,136.4,1303.6,34.4,1
811,car,4.5,road_loopA_f0,road_loopA_f1,2856.0,3011.6,155.6,1303.3,30.2,1
866,suv,4.8,road_loopA_f0,road_loopA_f1,2904.3,3013.4,109.1,1303.1,43.0,0
859,car,4.5,road_loopA_r0,xloopA_0Ab,2898.6,3013.5,114.9,869.0,27.2,2
805,car,4.5,road_loopA_f0,road_loopA_f1,2851.6,3013.9,162.3,1303.8,28.9,1
853,suv,4.8,road_loopA_f0,road_loopA_f1,2893.5,3014.6,121.1,1303.5,38.8,0
926,car,4.5,road_loopA_f0,xloopA_0Bb,2965.0,3014.7,49.7,478.9,34.7,1
856,car,4.5,road_loopA_f0,road_loopA_f1,2895.1,3015.1,120.0,1303.4,39.1,0
791,car,4.5,road_loopA_f0,road_loopA_f1,2841.8,3015.7,173.9,1304.2,27.0,1
869,car,4.5,road_loopA_r0,xloopA_0Ab,2907.2,3017.2,110.0,869.1,28.5,1
872,truck,8.5,road_loopA_f0,road_loopA_f1,2914.6,3017.4,102.8,1304.0,45.6,0
939,car,4.5,road_loopA_f0,xloopA_0Bb,2973.2,3018.1,44.9,478.6,38.4,0
844,car,4.5,road_loopA_f0,road_loopA_f1,2883.6,3019.1,135.5,1303.3,34.6,0
882,suv,4.8,road_loopA_f0,road_loopA_f1,2921.7,3019.4,97.7,1303.4,48.0,0
861,truck,8.5,road_loopA_f0,road_loopA_f1,2900.9,3021.0,120.1,1304.0,39.1,0
878,suv,4.8,road_loopA_f0,road_loopA_f1,2918.3,3021.2,102.9,1303.4,45.6,0
864,car,4.5,road_loopA_f0,road_loopA_f1,2903.4,3022.0,118.6,1303.3,39.6,0
951,suv,4.8,road_loopA_f0,xloopA_0Bb,2982.6,3023.8,41.2,478.9,41.8,0
841,car,4.5,road_loopA_f0,road_loopA_f1,2876.2,3024.4,148.2,1302.8,31.7,0
867,car,4.5,road_loopA_f0,road_loopA_f1,2904.8,3025.6,120.8,1303.8,38.8,0
854,car,4.5,road_loopA_f0,road_loopA_f1,2894.4,3026.6,132.2,1303.1,35.5,0
775,truck,8.5,road_loopA_f0,road_loopA_f1,2832.6,3029.4,196.8,1302.8,23.8,1
860,suv,4.8,road_loopA_r0,road_loopA_r1,2900.7,3030.4,129.7,1297.3,36.0,1
780,suv,4.8,road_loopA_f0,road_loopA_f1,2834.8,3030.9,196.1,1303.8,23.9,1
820,truck,8.5,road_loopA_f0,road_loopA_f1,2863.4,3032.8,169.4,1303.9,27.7,1
876,car,4.5,road_loopA_r0,road_loopA_r1,2917.3,3035.4,118.1,1297.3,39.5,1
889,car,4.5,road_loopA_r0,road_loopA_r1,2928.5,3037.1,108.6,1298.2,43.0,1
874,car,4.5,road_loopA_r0,road_loopA_r1,2916.9,3038.1,121.2,1297.4,38.6,1
938,car,4.5,road_loopA_r0,xloopA_0Ab,2971.6,3039.5,67.9,869.1,46.1,0
895,car,4.5,road_loopA_r0,road_loopA_r1,2935.2,3039.8,104.6,1297.5,44.7,0
974,car,4.5,road_loopA_f0,xloopA_0Bb,2997.4,3039.9,42.5,478.6,40.5,0
880,car,4.5,road_loopA_r0,road_loopA_r1,2919.6,3040.7,121.1,1297.7,38.6,1
898,car,4.5,road_loopA_r0,road_loopA_r1,2937.4,3041.6,104.2,1298.6,44.9,0
774,car,4.5,xloopA_0Ba,road_loopA_f1,2829.2,3042.1,212.9,902.5,15.3,1
908,suv,4.8,road_loopA_r0,road_loopA_r1,2946.4,3043.9,97.5,1297.7,47.9,0
812,car,4.5,xloopA_0Aa,road_loopA_r1,2856.8,3044.1,187.3,506.8,9.7,0
881,car,4.5,road_loopA_r0,road_loopA_r1,2921.6,3044.2,122.6,1298.3,38.1,1
886,car,4.5,road_loopA_r0,road_loopA_r1,2927.0,3047.0,120.0,1298.1,38.9,1
896,suv,4.8,road_loopA_r0,road_loopA_r1,2935.6,3047.1,111.5,1298.7,41.9,0
892,car,4.5,road_loopA_r0,road_loopA_r1,2933.6,3049.1,115.5,1298.2,40.5,0
806,bus,11.0,road_loopA_f0,road_loopA_f1,2851.9,3049.9,198.0,1303.2,23.7,4
893,car,4.5,road_loopA_r0,road_loopA_r1,2934.6,3051.1,116.5,1297.7,40.1,0
918,suv,4.8,road_loopA_r0,xloopA_0Ab,2954.2,3052.4,98.2,869.3,31.9,1
795,car,4.5,xloopA_0Aa,road_loopA_r1,2843.7,3052.5,208.8,506.7,8.7,1
910,car,4.5,road_loopA_r0,road_loopA_r1,2948.4,3053.5,105.1,1297.8,44.5,0
901,car,4.5,road_loopA_r0,road_loopA_r1,2938.7,3053.6,114.9,1298.2,40.7,0
862,car,4.5,road_loopA_r0,road_loopA_r1,2902.4,3054.2,151.8,1297.6,30.8,1
922,suv,4.8,road_loopA_r0,road_loopA_r1,2962.0,3055.2,93.2,1297.9,50.1,0
904,car,4.5,road_loopA_r0,road_loopA_r1,2941.0,3055.6,114.6,1297.7,40.8,0
875,car,4.5,road_loopA_r0,road_loopA_r1,2917.2,3055.9,138.7,1298.2,33.7,1
913,car,4.5,road_loopA_r0,road_loopA_r1,2950.5,3057.3,106.8,1297.7,43.8,0
879,car,4.5,road_loopA_r0,road_loopA_r1,2919.3,3057.6,138.3,1298.1,33.8,1
925,car,4.5,road_loopA_r0,road_loopA_r1,2964.2,3057.6,93.4,1297.5,50.0,0
930,car,4.5,road_loopA_r0,road_loopA_r1,2966.4,3058.8,92.4,1298.4,50.6,0
888,truck,8.5,road_loopA_r0,road_loopA_r1,2928.3,3059.9,131.6,1298.0,35.5,0
903,suv,4.8,road_loopA_r0,road_loopA_r1,2940.7,3059.9,119.2,1297.3,39.2,0
915,car,4.5,road_loopA_r0,road_loopA_r1,2952.3,3061.6,109.3,1298.0,42.8,0
900,car,4.5,road_loopA_r0,road_loopA_r1,2938.2,3061.9,123.7,1298.3,37.8,0
909,car,4.5,road_loopA_r0,road_loopA_r1,2947.5,3062.4,114.9,1297.9,40.7,0
897,car,4.5,road_loopA_f0,road_loopA_f1,2937.2,3063.0,125.8,1304.2,37.3,1
728,car,4.5,road_loopA_r0,xloopA_0Bb,2788.5,3063.4,274.9,895.6,11.7,2
905,suv,4.8,road_loopA_r0,road_loopA_r1,2941.1,3063.7,122.6,1298.1,38.1,0
887,car,4.5,road_loopA_f0,road_loopA_f1,2928.1,3064.5,136.4,1303.5,34.4,1
916,truck,8.5,road_loopA_r0,road_loopA_r1,2953.1,3065.1,112.0,1297.7,41.7,0
751,car,4.5,road_loopA_r0,xloopA_0Bb,2810.6,3066.0,255.4,895.6,12.6,3
911,car,4.5,road_loopA_f0,road_loopA_f1,2948.6,3066.2,117.6,1303.0,39.9,1
998,car,4.5,road_loopA_f0,xloopA_0Ab,3008.4,3067.0,58.6,505.3,31.1,0
902,car,4.5,road_loopA_f0,road_loopA_f1,2939.5,3067.3,127.8,1304.1,36.7,1
946,suv,4.8,road_loopA_r0,road_loopA_r1,2978.1,3068.1,90.0,1298.2,51.9,0
778,car,4.5,road_loopA_r0,xloopA_0Bb,2834.3,3068.6,234.3,895.3,13.8,2
935,car,4.5,road_loopA_f0,road_loopA_f1,2970.1,3068.6,98.5,1303.7,47.6,0
1014,car,4.5,road_loopA_f0,xloopA_0Ab,3018.2,3069.5,51.3,505.3,35.5,0
927,suv,4.8,road_loopA_r0,road_loopA_r1,2964.9,3069.9,105.0,1298.2,44.5,0
932,suv,4.8,road_loopA_f0,road_loopA_f1,2968.3,3070.4,102.1,1303.4,46.0,0
785,truck,8.5,road_loopA_r0,xloopA_0Bb,2838.0,3072.1,234.1,895.6,13.8,2
944,truck,8.5,road_loopA_r0,road_loopA_r1,2977.7,3074.7,97.0,1298.4,48.2,0
923,suv,4.8,road_loopA_f0,road_loopA_f1,2962.8,3076.0,113.2,1303.1,41.4,1
933,car,4.5,road_loopA_f0,road_loopA_f1,2968.9,3077.8,108.9,1303.9,43.1,0
815,car,4.5,xloopA_0Aa,xloopA_0Ab,2859.4,3079.9,220.5,84.5,1.4,1
947,truck,8.5,road_loopA_r0,road_loopA_r1,2979.9,3080.3,100.4,1297.7,46.5,0
891,suv,4.8,road_loopA_f0,road_loopA_f1,2932.4,3080.7,148.3,1304.1,31.7,1
1065,car,4.5,xloopA_0Ba,xloopA_0Bb,3053.2,3081.4,28.2,84.7,10.8,1
921,car,4.5,xloopA_0Aa,xloopA_0Ab,2960.9,3083.6,122.7,84.5,2.5,1
858,bus,11.0,road_loopA_r0,road_loopA_r1,2896.1,3084.3,188.2,1297.3,24.8,3
1074,car,4.5,xloopA_0Ba,xloopA_0Bb,3064.0,3084.5,20.5,84.4,14.8,0
928,car,4.5,road_loopA_f0,road_loopA_f1,2966.2,3084.8,118.6,1303.0,39.6,0
937,truck,8.5,road_loopA_f0,road_loopA_f1,2971.4,3085.3,113.9,1303.4,41.2,0
929,car,4.5,xloopA_0Aa,xloopA_0Ab,2966.3,3085.7,119.4,84.1,2.5,0
885,car,4.5,road_loopA_f0,road_loopA_f1,2924.6,3086.3,161.7,1303.0,29.0,1
942,car,4.5,road_loopA_f0,road_loopA_f1,2977.4,3087.3,109.9,1303.0,42.7,0
990,car,4.5,xloopA_0Aa,xloopA_0Ab,3005.8,3087.6,81.8,84.1,3.7,0
959,car,4.5,road_loopA_f0,road_loopA_f1,2986.9,3089.1,102.2,1303.2,45.9,0
906,car,4.5,road_loopA_f0,road_loopA_f1,2943.4,3089.8,146.4,1303.0,32.0,1
934,truck,8.5,road_loopA_f0,road_loopA_f1,2969.2,3091.4,122.2,1303.0,38.4,0
884,car,4.5,xloopA_0Ba,road_loopA_f1,2923.4,3092.0,168.6,903.0,19.3,1
917,car,4.5,road_loopA_f0,road_loopA_f1,2953.3,3093.1,139.8,1302.9,33.6,1
961,suv,4.8,road_loopA_f0,road_loopA_f1,2988.4,3093.5,105.1,1303.4,44.6,0
920,car,4.5,road_loopA_f0,road_loopA_f1,2960.7,3095.3,134.6,1303.7,34.9,1
973,car,4.5,road_loopA_f0,road_loopA_f1,2996.2,3095.3,99.1,1303.4,47.3,0
987,car,4.5,road_loopA_f0,road_loopA_f1,3003.2,3097.1,93.9,1303.8,50.0,0
912,car,4.5,road_loopA_f0,road_loopA_f1,2949.5,3097.6,148.1,1303.4,31.7,1
773,car,4.5,xloopA_0Aa,road_loopA_f1,2827.3,3098.6,271.3,872.3,11.6,1
924,truck,8.5,road_loopA_f0,road_loopA_f1,2962.9,3098.8,135.9,1303.8,34.5,0
958,car,4.5,road_loopA_f0,road_loopA_f1,2986.5,3098.9,112.4,1304.0,41.8,0
899,car,4.5,road_loopA_f0,road_loopA_f1,2937.9,3100.2,162.3,1302.8,28.9,1
940,suv,4.8,road_loopA_f0,road_loopA_f1,2974.4,3102.0,127.6,1303.9,36.8,0
931,car,4.5,road_loopA_f0,road_loopA_f1,2968.1,3102.4,134.3,1303.1,34.9,0
941,car,4.5,road_loopA_f0,road_loopA_f1,2976.7,3103.2,126.5,1302.9,37.1,0
949,car,4.5,road_loopA_f0,road_loopA_f1,2982.1,3104.6,122.5,1302.9,38.3,0
943,car,4.5,road_loopA_f0,road_loopA_f1,2977.7,3105.3,127.6,1303.0,36.8,0
950,car,4.5,road_loopA_f0,road_loopA_f1,2982.4,3106.6,124.2,1303.7,37.8,0
970,car,4.5,road_loopA_f0,road_loopA_f1,2994.8,3106.9,112.1,1303.0,41.8,0
980,car,4.5,road_loopA_f0,road_loopA_f1,3000.8,3108.7,107.9,1303.3,43.5,0
965,car,4.5,road_loopA_f0,road_loopA_f1,2992.1,3109.1,117.0,1303.3,40.1,0
1063,car,4.5,road_loopA_f0,xloopA_0Bb,3050.6,3109.8,59.2,478.8,29.1,2
993,car,4.5,road_loopA_f0,road_loopA_f1,3006.3,3110.4,104.1,1302.8,45.0,0
971,car,4.5,road_loopA_f0,road_loopA_f1,2995.7,3110.8,115.1,1302.9,40.8,0
877,car,4.5,xloopA_0Ba,road_loopA_f1,2918.2,3111.0,192.8,902.6,16.9,1
1007,car,4.5,road_loopA_f0,road_loopA_f1,3014.2,3112.2,98.0,1303.0,47.9,0
983,truck,8.5,road_loopA_f0,road_loopA_f1,3002.5,3113.0,110.5,1304.1,42.5,0
914,truck,8.5,road_loopA_f0,road_loopA_f1,2950.8,3113.2,162.4,1303.4,28.9,1
1013,suv,4.8,road_loopA_f0,road_loopA_f1,3017.9,3114.0,96.1,1304.0,48.9,0
996,car,4.5,road_loopA_f0,road_loopA_f1,3007.6,3115.0,107.4,1303.0,43.7,0
919,suv,4.8,road_loopA_f0,road_loopA_f1,2957.6,3115.2,157.6,1303.4,29.8,1
1083,suv,4.8,road_loopA_f0,xloopA_0Bb,3070.2,3115.5,45.3,479.1,38.0,0
999,car,4.5,road_loopA_f0,road_loopA_f1,3008.5,3116.8,108.3,1303.0,43.3,0
936,suv,4.8,road_loopA_f0,road_loopA_f1,2970.6,3116.9,146.3,1303.7,32.1,0
978,car,4.5,road_loopA_f0,road_loopA_f1,3000.0,3118.2,118.2,1303.3,39.7,0
1001,car,4.5,road_loopA_f0,road_loopA_f1,3010.6,3118.7,108.1,1303.7,43.4,0
956,truck,8.5,road_loopA_f0,road_loopA_f1,2984.5,3119.2,134.7,1303.7,34.8,0
1015,car,4.5,road_loopA_r0,xloopA_0Ab,3019.2,3119.4,100.2,869.2,31.2,1
955,car,4.5,road_loopA_f0,road_loopA_f1,2984.1,3121.3,137.2,1303.4,34.2,0
982,car,4.5,road_loopA_f0,road_loopA_f1,3001.9,3121.9,120.0,1303.5,39.1,0
1000,car,4.5,road_loopA_f0,road_loopA_f1,3008.7,3123.7,115.0,1303.4,40.8,0
957,car,4.5,road_loopA_r0,road_loopA_r1,2985.9,3128.3,142.4,1297.6,32.8,1
953,car,4.5,road_loopA_r0,road_loopA_r1,2983.5,3130.1,146.6,1297.9,31.9,1
962,car,4.5,road_loopA_r0,road_loopA_r1,2990.2,3130.3,140.1,1298.1,33.4,1
964,suv,4.8,road_loopA_r0,road_loopA_r1,2992.0,3130.7,138.7,1298.3,33.7,1
967,car,4.5,road_loopA_r0,road_loopA_r1,2992.3,3132.5,140.2,1298.3,33.3,1
954,suv,4.8,road_loopA_r0,road_loopA_r1,2983.9,3133.1,149.2,1298.7,31.3,1
979,car,4.5,road_loopA_r0,road_loopA_r1,3000.0,3135.2,135.2,1297.6,34.6,1
969,car,4.5,road_loopA_r0,road_loopA_r1,2993.6,3137.0,143.4,1298.5,32.6,1
981,car,4.5,road_loopA_r0,road_loopA_r1,3001.7,3138.7,137.0,1298.2,34.1,1
975,suv,4.8,road_loopA_r0,road_loopA_r1,2997.4,3140.2,142.8,1297.4,32.7,1
966,car,4.5,road_loopA_r0,road_loopA_r1,2992.1,3142.1,150.0,1297.6,31.1,1
988,car,4.5,road_loopA_r0,road_loopA_r1,3003.5,3142.3,138.8,1297.3,33.7,1
907,car,4.5,xloopA_0Aa,road_loopA_r1,2946.1,3143.3,197.2,506.5,9.2,1
945,truck,8.5,road_loopA_r0,road_loopA_r1,2977.9,3145.6,167.7,1298.2,27.9,1
984,suv,4.8,road_loopA_r0,road_loopA_r1,3003.0,3145.7,142.7,1297.6,32.7,1
991,suv,4.8,road_loopA_r0,road_loopA_r1,3005.9,3145.8,139.9,1298.3,33.4,1
1118,car,4.5,road_loopA_f0,xloopA_0Bb,3106.0,3146.1,40.1,478.7,43.0,0
994,car,4.5,road_loopA_r0,road_loopA_r1,3006.6,3147.4,140.8,1297.6,33.2,1
948,suv,4.8,road_loopA_r0,road_loopA_r1,2980.3,3147.7,167.4,1297.9,27.9,1
995,suv,4.8,road_loopA_r0,road_loopA_r1,3006.9,3148.5,141.6,1298.2,33.0,1
960,truck,8.5,road_loopA_r0,road_loopA_r1,2987.8,3149.9,162.1,1298.0,28.8,1
1006,suv,4.8,road_loopA_r0,road_loopA_r1,3014.1,3150.3,136.2,1298.2,34.3,1
1009,suv,4.8,road_loopA_r0,road_loopA_r1,3015.2,3151.5,136.3,1297.8,34.3,1
963,car,4.5,road_loopA_r0,road_loopA_r1,2990.7,3151.9,161.2,1297.7,29.0,1
1016,car,4.5,road_loopA_f0,road_loopA_f1,3019.4,3153.0,133.6,1302.8,35.1,1
972,car,4.5,road_loopA_r0,road_loopA_r1,2995.9,3153.1,157.2,1298.2,29.7,1
1021,car,4.5,road_loopA_r0,road_loopA_r1,3022.7,3153.6,130.9,1297.3,35.7,1
968,suv,4.8,road_loopA_r0,road_loopA_r1,2993.2,3153.7,160.5,1297.5,29.1,1
1018,suv,4.8,road_loopA_f0,road_loopA_f1,3021.9,3154.9,133.0,1303.6,35.3,1
986,suv,4.8,road_loopA_r0,road_loopA_r1,3003.1,3155.1,152.0,1298.3,30.8,1
1023,suv,4.8,road_loopA_r0,road_loopA_r1,3024.4,3155.4,131.0,1298.1,35.7,1
976,car,4.5,road_loopA_r0,road_loopA_r1,2998.3,3155.6,157.3,1297.9,29.7,1
787,car,4.5,road_loopA_r0,xloopA_0Bb,2840.4,3156.9,316.5,895.8,10.2,3
992,suv,4.8,road_loopA_r0,road_loopA_r1,3006.0,3157.0,151.0,1297.3,30.9,1
1031,car,4.5,road_loopA_r0,road_loopA_r1,3029.4,3157.3,127.9,1297.6,36.5,1
989,car,4.5,road_loopA_r0,road_loopA_r1,3004.9,3158.2,153.3,1297.7,30.5,1
1024,car,4.5,road_loopA_f0,road_loopA_f1,3025.7,3158.4,132.7,1302.8,35.4,1
1004,car,4.5,road_loopA_r0,road_loopA_r1,3012.7,3158.6,145.9,1298.3,32.0,1
1034,suv,4.8,road_loopA_f0,road_loopA_f1,3031.0,3159.0,128.0,1303.0,36.7,1
868,suv,4.8,road_loopA_r0,xloopA_0Bb,2906.6,3159.5,252.9,895.8,12.8,2
1019,car,4.5,road_loopA_f0,road_loopA_f1,3022.2,3160.0,137.8,1304.2,34.1,1
1008,car,4.5,road_loopA_r0,road_loopA_r1,3015.0,3160.4,145.4,1297.9,32.1,1
1026,car,4.5,road_loopA_r0,road_loopA_r1,3026.9,3161.1,134.2,1297.8,34.8,1
873,car,4.5,road_loopA_r0,xloopA_0Bb,2915.1,3162.2,247.1,895.7,13.1,2
1017,suv,4.8,road_loopA_r0,road_loopA_r1,3021.7,3162.2,140.5,1297.8,33.3,1
1037,suv,4.8,road_loopA_f0,road_loopA_f1,3033.4,3162.4,129.0,1303.8,36.4,1
1049,car,4.5,road_loopA_r0,road_loopA_r1,3041.9,3163.2,121.3,1297.5,38.5,1
1022,truck,8.5,road_loopA_r0,road_loopA_r1,3023.4,3164.4,141.0,1297.9,33.1,1
1033,truck,8.5,road_loopA_r0,road_loopA_r1,3030.4,3164.7,134.3,1297.6,34.8,1
883,truck,8.5,road_loopA_r0,xloopA_0Bb,2923.1,3165.7,242.6,896.0,13.3,2
1035,suv,4.8,road_loopA_f0,road_loopA_f1,3032.5,3166.7,134.2,1303.4,35.0,1
1025,car,4.5,road_loopA_r0,road_loopA_r1,3026.7,3166.8,140.1,1298.1,33.3,1
1056,car,4.5,road_loopA_r0,road_loopA_r1,3046.0,3167.2,121.2,1297.3,38.5,0
1044,car,4.5,road_loopA_f0,road_loopA_f1,3037.1,3167.4,130.3,1303.7,36.0,1
1032,car,4.5,road_loopA_r0,road_loopA_r1,3029.8,3168.9,139.1,1297.9,33.6,2
1028,truck,8.5,road_loopA_r0,road_loopA_r1,3027.2,3169.2,142.0,1298.1,32.9,1
1043,bus,11.0,road_loopA_r0,road_loopA_r1,3036.8,3169.5,132.7,1297.6,35.2,1
1047,suv,4.8,road_loopA_r0,road_loopA_r1,3038.2,3170.3,132.1,1298.2,35.4,1
1054,car,4.5,road_loopA_r0,road_loopA_r1,3045.1,3170.5,125.4,1298.4,37.3,0
1085,car,4.5,road_loopA_f0,road_loopA_f1,3072.2,3170.6,98.4,1303.2,47.7,0
1038,car,4.5,road_loopA_f0,road_loopA_f1,3033.8,3171.4,137.6,1302.8,34.1,1
1051,suv,4.8,road_loopA_f0,road_loopA_f1,3042.4,3172.5,130.1,1304.1,36.1,1
1072,car,4.5,road_loopA_r0,road_loopA_r1,3060.4,3172.6,112.2,1298.2,41.7,1
1097,car,4.5,xloopA_0Ba,xloopA_0Bb,3085.2,3172.6,87.4,84.5,3.5,1
1039,car,4.5,road_loopA_r0,road_loopA_r1,3034.1,3173.3,139.2,1297.5,33.6,0
1005,car,4.5,xloopA_0Aa,xloopA_0Ab,3013.6,3174.3,160.7,84.7,1.9,1
1059,car,4.5,road_loopA_f0,road_loopA_f1,3048.3,3175.0,126.7,1302.8,37.0,1
1060,car,4.5,road_loopA_r0,road_loopA_r1,3048.7,3175.1,126.4,1297.5,37.0,0
1061,car,4.5,road_loopA_r0,road_loopA_r1,3050.3,3176.0,125.7,1298.3,37.2,0
1040,truck,8.5,road_loopA_f0,road_loopA_f1,3034.3,3176.1,141.8,1303.3,33.1,1
1011,car,4.5,xloopA_0Aa,xloopA_0Ab,3016.1,3176.8,160.7,84.5,1.9,1
1046,car,4.5,road_loopA_f0,road_loopA_f1,3038.3,3177.4,139.1,1303.1,33.7,1
1052,car,4.5,road_loopA_f0,road_loopA_f1,3044.3,3177.8,133.5,1303.8,35.1,1
1057,suv,4.8,road_loopA_r0,road_loopA_r1,3047.2,3177.9,130.7,1297.8,35.8,0
1012,car,4.5,xloopA_0Aa,xloopA_0Ab,3016.6,3178.9,162.3,84.5,1.9,0
1010,car,4.5,road_loopA_f0,road_loopA_f1,3015.6,3179.6,164.0,1303.1,28.6,1
1075,car,4.5,road_loopA_f0,road_loopA_f1,3065.8,3179.9,114.1,1302.8,41.1,0
1036,car,4.5,road_loopA_r0,road_loopA_r1,3033.1,3180.8,147.7,1298.0,31.6,0
1029,car,4.5,xloopA_0Aa,xloopA_0Ab,3027.6,3181.0,153.4,84.4,2.0,0
1053,car,4.5,road_loopA_f0,road_loopA_f1,3044.8,3181.2,136.4,1302.8,34.4,1
1050,car,4.5,xloopA_0Ba,road_loopA_f1,3042.3,3182.0,139.7,903.0,23.3,1
1069,bus,11.0,road_loopA_r0,road_loopA_r1,3055.4,3182.7,127.3,1298.4,36.7,1
1079,car,4.5,road_loopA_f0,road_loopA_f1,3068.4,3183.0,114.6,1303.6,40.9,0
1003,car,4.5,road_loopA_f0,road_loopA_f1,3012.6,3183.6,171.0,1302.9,27.4,1
1027,bus,11.0,road_loopA_r0,road_loopA_r1,3027.1,3185.0,157.9,1297.9,29.6,3
1030,car,4.5,road_loopA_f0,road_loopA_f1,3027.8,3185.5,157.7,1303.6,29.8,1
1078,car,4.5,road_loopA_f0,road_loopA_f1,3067.5,3186.1,118.6,1303.9,39.6,0
1082,car,4.5,road_loopA_f0,road_loopA_f1,3070.0,3186.4,116.4,1303.7,40.3,0
1041,car,4.5,road_loopA_f0,road_loopA_f1,3035.1,3187.1,152.0,1302.8,30.8,1
1091,car,4.5,road_loopA_f0,road_loopA_f1,3082.0,3188.0,106.0,1303.0,44.2,0
1042,car,4.5,road_loopA_f0,road_loopA_f1,3035.3,3188.8,153.5,1303.0,30.5,1
1081,truck,8.5,road_loopA_f0,road_loopA_f1,3069.3,3189.4,120.1,1303.6,39.1,0
1102,car,4.5,road_loopA_f0,road_loopA_f1,3091.9,3189.8,97.9,1303.7,47.9,0
1045,car,4.5,road_loopA_f0,road_loopA_f1,3037.4,3190.5,153.1,1302.8,30.6,1
1098,car,4.5,road_loopA_r0,xloopA_0Ab,3087.9,3191.4,103.5,868.8,30.2,1
1099,suv,4.8,road_loopA_f0,road_loopA_f1,3088.0,3191.8,103.8,1303.1,45.2,0
1048,suv,4.8,road_loopA_f0,road_loopA_f1,3040.1,3192.3,152.2,1303.5,30.8,1
1084,car,4.5,road_loopA_f0,road_loopA_f1,3072.1,3193.0,120.9,1304.0,38.8,0
1138,car,4.5,road_loopA_f0,xloopA_0Bb,3121.9,3193.1,71.2,478.4,24.2,1
1106,car,4.5,road_loopA_f0,road_loopA_f1,3094.4,3194.0,99.6,1303.6,47.1,0
1055,truck,8.5,road_loopA_f0,road_loopA_f1,3045.2,3194.6,149.4,1304.1,31.4,1
1095,car,4.5,road_loopA_f0,road_loopA_f1,3084.0,3194.6,110.6,1302.8,42.4,0
1114,car,4.5,road_loopA_f0,road_loopA_f1,3102.2,3196.3,94.1,1303.7,49.9,0
1066,car,4.5,road_loopA_f0,road_loopA_f1,3053.3,3196.6,143.3,1303.4,32.7,1
1089,car,4.5,road_loopA_f0,road_loopA_f1,3081.1,3196.8,115.7,1303.1,40.5,0
1120,car,4.5,road_loopA_f0,road_loopA_f1,3107.3,3199.0,91.7,1303.1,51.1,0
1130,car,4.5,road_loopA_r0,xloopA_0Ab,3112.8,3200.7,87.9,869.1,35.6,1
1096,truck,8.5,road_loopA_f0,road_loopA_f1,3084.9,3201.2,116.3,1303.5,40.3,0
1088,car,4.5,road_loopA_f0,road_loopA_f1,3076.3,3202.5,126.2,1303.0,37.2,0
1101,car,4.5,road_loopA_f0,road_loopA_f1,3090.4,3203.4,113.0,1303.4,41.5,0
1111,car,4.5,road_loopA_f0,road_loopA_f1,3098.0,3203.4,105.4,1303.9,44.6,0
1104,car,4.5,road_loopA_f0,road_loopA_f1,3094.1,3204.3,110.2,1303.8,42.6,0
1103,car,4.5,road_loopA_f0,road_loopA_f1,3092.9,3205.1,112.2,1303.1,41.8,0
1113,car,4.5,road_loopA_f0,road_loopA_f1,3101.1,3205.2,104.1,1303.5,45.1,0
1105,car,4.5,road_loopA_f0,road_loopA_f1,3094.3,3206.8,112.5,1303.1,41.7,0
1156,car,4.5,road_loopA_r0,xloopA_0Ab,3132.5,3208.6,76.1,869.1,41.1,0
1110,car,4.5,road_loopA_f0,road_loopA_f1,3097.3,3209.0,111.7,1303.8,42.0,0
1076,car,4.5,road_loopA_r0,road_loopA_r1,3066.0,3220.6,154.6,1298.4,30.2,1
1070,car,4.5,road_loopA_r0,road_loopA_r1,3059.3,3222.9,163.6,1297.6,28.5,1
1100,car,4.5,road_loopA_r0,road_loopA_r1,3089.7,3223.3,133.6,1298.4,35.0,1
1090,truck,8.5,road_loopA_r0,road_loopA_r1,3081.2,3224.6,143.4,1297.9,32.6,1
1092,car,4.5,road_loopA_r0,road_loopA_r1,3082.8,3226.5,143.7,1298.1,32.5,1
1064,car,4.5,road_loopA_r0,road_loopA_r1,3051.0,3226.6,175.6,1298.3,26.6,2
1109,suv,4.8,road_loopA_r0,road_loopA_r1,3095.4,3230.1,134.7,1298.1,34.7,1
1093,car,4.5,road_loopA_r0,road_loopA_r1,3083.0,3230.2,147.2,1298.2,31.8,1
1080,car,4.5,road_loopA_r0,road_loopA_r1,3068.4,3232.0,163.6,1298.6,28.6,2
1112,suv,4.8,road_loopA_r0,road_loopA_r1,3099.6,3233.0,133.4,1298.6,35.0,1
997,suv,4.8,road_loopA_r0,road_loopA_r1,3007.8,3233.8,226.0,1298.4,20.7,2
1002,car,4.5,xloopA_0Aa,road_loopA_r1,3011.1,3233.8,222.7,506.9,8.2,1
1068,car,4.5,road_loopA_r0,road_loopA_r1,3055.0,3235.5,180.5,1297.7,25.9,1
1117,car,4.5,road_loopA_r0,road_loopA_r1,3104.0,3235.7,131.7,1297.8,35.5,1
1071,suv,4.8,road_loopA_r0,road_loopA_r1,3059.6,3237.2,177.6,1298.1,26.3,1
1124,car,4.5,road_loopA_r0,road_loopA_r1,3110.5,3237.7,127.2,1298.4,36.8,1
1073,car,4.5,road_loopA_r0,road_loopA_r1,3062.1,3238.9,176.8,1298.2,26.4,1
1107,car,4.5,road_loopA_r0,road_loopA_r1,3095.0,3240.3,145.3,1298.1,32.2,1
1077,car,4.5,road_loopA_r0,road_loopA_r1,3066.1,3240.6,174.5,1298.2,26.8,2
1132,car,4.5,road_loopA_r0,road_loopA_r1,3115.5,3241.6,126.1,1298.2,37.0,1
1108,car,4.5,road_loopA_r0,road_loopA_r1,3095.0,3242.3,147.3,1297.4,31.7,1
1122,car,4.5,road_loopA_r0,road_loopA_r1,3109.5,3243.0,133.5,1297.6,35.0,1
1139,car,4.5,road_loopA_r0,road_loopA_r1,3122.3,3244.5,122.2,1298.5,38.3,1
1094,suv,4.8,road_loopA_r0,road_loopA_r1,3083.1,3244.7,161.6,1297.4,28.9,1
1140,car,4.5,road_loopA_r0,road_loopA_r1,3123.0,3244.8,121.8,1298.5,38.4,1
1126,car,4.5,road_loopA_r0,road_loopA_r1,3111.8,3246.7,134.9,1298.0,34.7,1
1119,truck,8.5,road_loopA_r0,road_loopA_r1,3106.1,3246.9,140.8,1298.0,33.2,1
1155,car,4.5,road_loopA_r0,road_loopA_r1,3131.9,3247.8,115.9,1297.5,40.3,0
1127,car,4.5,road_loopA_r0,road_loopA_r1,3112.1,3247.9,135.8,1297.7,34.4,1
1123,car,4.5,road_loopA_r0,road_loopA_r1,3109.7,3248.9,139.2,1297.3,33.5,1
1149,car,4.5,road_loopA_r0,road_loopA_r1,3127.4,3249.0,121.6,1298.2,38.4,1
1131,car,4.5,road_loopA_f0,road_loopA_f1,3113.0,3249.9,136.9,1303.5,34.3,1
1164,suv,4.8,road_loopA_r0,road_loopA_r1,3141.3,3250.6,109.3,1297.8,42.7,0
1148,car,4.5,road_loopA_f0,xloopA_0Ab,3127.2,3251.0,123.8,505.4,14.7,1
1152,car,4.5,road_loopA_r0,road_loopA_r1,3130.3,3251.0,120.7,1297.9,38.7,0
890,truck,8.5,road_loopA_r0,xloopA_0Bb,2931.1,3251.6,320.5,895.3,10.1,3
1137,suv,4.8,road_loopA_f0,road_loopA_f1,3121.4,3251.6,130.2,1302.8,36.0,1
1154,car,4.5,road_loopA_r0,road_loopA_r1,3131.9,3251.7,119.8,1298.3,39.0,0
1172,suv,4.8,road_loopA_r0,road_loopA_r1,3151.7,3252.6,100.9,1298.0,46.3,0
1170,car,4.5,road_loopA_r0,road_loopA_r1,3150.9,3253.8,102.9,1298.1,45.4,0
1151,truck,8.5,road_loopA_f0,xloopA_0Ab,3128.2,3254.4,126.2,505.5,14.4,1
952,car,4.5,road_loopA_r0,xloopA_0Bb,2983.0,3254.6,271.6,895.5,11.9,2
1146,car,4.5,road_loopA_f0,road_loopA_f1,3126.5,3255.1,128.6,1303.7,36.5,1
1169,car,4.5,road_loopA_r0,road_loopA_r1,3150.3,3255.1,104.8,1297.5,44.6,0
1142,suv,4.8,road_loopA_f0,road_loopA_f1,3124.9,3255.3,130.4,1303.1,36.0,1
1121,car,4.5,road_loopA_f0,road_loopA_f1,3108.9,3255.4,146.5,1304.0,32.0,1
1166,suv,4.8,road_loopA_r0,road_loopA_r1,3148.2,3255.8,107.6,1297.6,43.4,0
1128,car,4.5,road_loopA_r0,road_loopA_r1,3112.2,3256.3,144.1,1297.3,32.4,1
1182,car,4.5,road_loopA_r0,road_loopA_r1,3164.6,3256.8,92.2,1297.7,50.7,0
1150,suv,4.8,road_loopA_f0,road_loopA_f1,3127.6,3256.9,129.3,1303.2,36.3,1
1134,car,4.5,road_loopA_f0,road_loopA_f1,3116.9,3257.1,140.2,1302.9,33.4,1
977,car,4.5,road_loopA_r0,xloopA_0Bb,2999.0,3257.3,258.3,895.8,12.5,2
1171,car,4.5,road_loopA_r0,road_loopA_r1,3151.4,3257.7,106.3,1298.5,44.0,0
1147,car,4.5,road_loopA_f0,road_loopA_f1,3126.6,3257.9,131.3,1302.9,35.7,1
1158,car,4.5,road_loopA_r0,road_loopA_r1,3137.2,3258.0,120.8,1298.0,38.7,0
1160,truck,8.5,road_loopA_f0,road_loopA_f1,3139.3,3259.2,119.9,1303.3,39.1,1
1145,car,4.5,road_loopA_f0,road_loopA_f1,3125.8,3259.4,133.6,1303.6,35.1,1
1168,car,4.5,road_loopA_r0,road_loopA_r1,3149.8,3259.7,109.9,1298.2,42.5,0
1086,bus,11.0,road_loopA_r0,road_loopA_r1,3074.5,3259.8,185.3,1297.8,25.2,3
1183,car,4.5,road_loopA_r0,road_loopA_r1,3165.1,3259.8,94.7,1298.0,49.4,0
985,car,4.5,road_loopA_r0,xloopA_0Bb,3003.1,3259.9,256.8,895.5,12.6,2
1162,suv,4.8,road_loopA_f0,road_loopA_f1,3139.7,3261.2,121.5,1303.4,38.6,1
1141,car,4.5,road_loopA_f0,road_loopA_f1,3124.1,3261.7,137.6,1303.6,34.1,1
1163,suv,4.8,road_loopA_f0,road_loopA_f1,3140.1,3263.0,122.9,1303.6,38.2,1
1165,car,4.5,road_loopA_f0,road_loopA_f1,3145.6,3263.5,117.9,1304.1,39.8,1
1190,suv,4.8,road_loopA_r0,road_loopA_r1,3174.6,3263.5,88.9,1297.3,52.5,0
1177,car,4.5,road_loopA_r0,road_loopA_r1,3158.5,3264.2,105.7,1297.7,44.2,0
1125,car,4.5,road_loopA_f0,road_loopA_f1,3110.7,3267.2,156.5,1303.3,30.0,1
1231,car,4.5,xloopA_0Ba,xloopA_0Bb,3210.7,3267.3,56.6,84.7,5.4,1
1087,car,4.5,xloopA_0Aa,xloopA_0Ab,3074.7,3267.4,192.7,84.1,1.6,1
1173,car,4.5,road_loopA_f0,road_loopA_f1,3154.0,3268.3,114.3,1303.0,41.0,0
1184,suv,4.8,road_loopA_r0,road_loopA_r1,3166.0,3269.1,103.1,1298.1,45.3,0
1185,suv,4.8,road_loopA_f0,road_loopA_f1,3167.7,3269.4,101.7,1303.6,46.1,0
1243,car,4.5,xloopA_0Ba,xloopA_0Bb,3225.8,3269.6,43.8,84.5,7.0,1
1176,car,4.5,road_loopA_f0,road_loopA_f1,3156.6,3270.2,113.6,1303.9,41.3,0
1194,car,4.5,road_loopA_f0,road_loopA_f1,3178.8,3273.1,94.3,1303.8,49.8,0
1175,car,4.5,road_loopA_f0,road_loopA_f1,3155.5,3273.5,118.0,1303.4,39.8,0
1188,car,4.5,xloopA_0Ba,road_loopA_f1,3169.2,3273.8,104.6,902.8,31.1,0
1181,truck,8.5,road_loopA_r0,road_loopA_r1,3164.1,3274.1,110.0,1298.1,42.5,0
1133,car,4.5,road_loopA_f0,road_loopA_f1,3115.5,3275.4,159.9,1303.4,29.3,1
1196,car,4.5,road_loopA_f0,road_loopA_f1,3181.3,3275.8,94.5,1304.0,49.7,0
1178,car,4.5,road_loopA_f0,road_loopA_f1,3159.7,3276.9,117.2,1303.8,40.1,0
1135,truck,8.5,road_loopA_f0,road_loopA_f1,3118.4,3277.5,159.1,1303.4,29.5,1
1201,car,4.5,road_loopA_f0,road_loopA_f1,3184.4,3277.7,93.3,1303.8,50.3,0
1187,suv,4.8,road_loopA_f0,road_loopA_f1,3168.8,3278.6,109.8,1303.1,42.7,0
1157,car,4.5,road_loopA_f0,road_loopA_f1,3134.7,3279.5,144.8,1303.9,32.4,1
1193,car,4.5,road_loopA_f0,road_loopA_f1,3177.9,3280.3,102.4,1303.1,45.8,0
1161,suv,4.8,road_loopA_f0,road_loopA_f1,3139.4,3281.8,142.4,1303.5,33.0,0
1208,truck,8.5,road_loopA_f0,road_loopA_f1,3189.6,3281.9,92.3,1303.8,50.9,0
1167,car,4.5,road_loopA_f0,road_loopA_f1,3148.3,3283.7,135.4,1303.7,34.7,0
1195,suv,4.8,road_loopA_f0,road_loopA_f1,3180.7,3283.9,103.2,1303.3,45.5,0
1174,car,4.5,road_loopA_f0,road_loopA_f1,3154.5,3284.6,130.1,1303.6,36.1,0
1129,bus,11.0,road_loopA_r0,road_loopA_r1,3112.2,3285.0,172.8,1297.5,27.0,3
1179,suv,4.8,road_loopA_f0,road_loopA_f1,3159.9,3285.7,125.8,1303.7,37.3,0
1192,car,4.5,road_loopA_r0,xloopA_0Ab,3176.3,3285.8,109.5,869.0,28.6,2
1186,car,4.5,road_loopA_f0,road_loopA_f1,3168.6,3286.2,117.6,1303.7,39.9,0
1180,suv,4.8,road_loopA_f0,road_loopA_f1,3162.8,3287.4,124.6,1302.9,37.6,0
1261,car,4.5,road_loopA_f0,xloopA_0Bb,3242.5,3293.7,51.2,478.8,33.7,1
1215,car,4.5,road_loopA_f0,road_loopA_f1,3193.5,3296.3,102.8,1303.6,45.7,0
1285,car,4.5,road_loopA_f0,xloopA_0Bb,3257.1,3298.3,41.2,478.9,41.8,0
1224,suv,4.8,road_loopA_f0,road_loopA_f1,3201.5,3300.1,98.6,1302.8,47.5,0
1210,car,4.5,road_loopA_f0,road_loopA_f1,3190.8,3300.7,109.9,1303.6,42.7,0
1291,car,4.5,road_loopA_f0,xloopA_0Bb,3265.0,3302.0,37.0,479.1,46.6,0
1219,car,4.5,road_loopA_f0,road_loopA_f1,3198.3,3302.4,104.1,1303.6,45.1,0
1191,car,4.5,road_loopA_r0,road_loopA_r1,3175.6,3311.3,135.7,1297.8,34.4,1
1197,car,4.5,road_loopA_r0,road_loopA_r1,3182.4,3312.8,130.4,1297.4,35.8,1
1199,suv,4.8,road_loopA_r0,road_loopA_r1,3183.6,3314.3,130.7,1298.4,35.8,1
1200,car,4.5,road_loopA_r0,road_loopA_r1,3184.0,3316.1,132.1,1297.5,35.4,1
1211,car,4.5,road_loopA_r0,road_loopA_r1,3191.1,3319.0,127.9,1297.3,36.5,1
1202,car,4.5,road_loopA_r0,road_loopA_r1,3184.5,3321.9,137.4,1297.5,34.0,1
1207,car,4.5,road_loopA_r0,road_loopA_r1,3187.9,3322.3,134.4,1297.3,34.8,1
1205,car,4.5,road_loopA_r0,road_loopA_r1,3185.7,3324.4,138.7,1297.7,33.7,1
1159,bus,11.0,road_loopA_f0,road_loopA_f1,3138.3,3325.5,187.2,1303.0,25.1,2
1223,car,4.5,road_loopA_r0,road_loopA_r1,3200.4,3326.4,126.0,1298.4,37.1,1
1280,car,4.5,road_loopA_r0,xloopA_0Ab,3254.5,3327.3,72.8,869.0,43.0,0
1216,suv,4.8,road_loopA_r0,road_loopA_r1,3195.7,3328.0,132.3,1298.1,35.3,1
1143,car,4.5,xloopA_0Aa,road_loopA_r1,3125.2,3328.3,203.1,506.8,9.0,0
1264,suv,4.8,road_loopA_r0,xloopA_0Ab,3245.3,3330.4,85.1,868.9,36.8,1
1189,truck,8.5,road_loopA_r0,road_loopA_r1,3172.7,3330.5,157.8,1298.3,29.6,1
1209,car,4.5,road_loopA_r0,road_loopA_r1,3189.8,3330.6,140.8,1298.1,33.2,1
1236,truck,8.5,road_loopA_r0,road_loopA_r1,3217.2,3332.4,115.2,1298.3,40.6,0
1198,car,4.5,road_loopA_r0,road_loopA_r1,3182.4,3332.5,150.1,1298.4,31.1,1
1221,car,4.5,road_loopA_r0,road_loopA_r1,3199.2,3332.6,133.4,1297.6,35.0,1
1203,suv,4.8,road_loopA_r0,road_loopA_r1,3185.2,3334.1,148.9,1297.5,31.4,1
1229,suv,4.8,road_loopA_r0,road_loopA_r1,3209.4,3335.0,125.6,1297.9,37.2,0
1242,car,4.5,road_loopA_r0,road_loopA_r1,3225.5,3335.3,109.8,1298.1,42.5,0
1204,car,4.5,road_loopA_r0,road_loopA_r1,3185.5,3335.8,150.3,1297.3,31.1,1
1247,suv,4.8,road_loopA_r0,road_loopA_r1,3232.0,3336.8,104.8,1298.3,44.6,0
1230,suv,4.8,road_loopA_r0,road_loopA_r1,3209.7,3337.3,127.6,1297.5,36.6,0
1214,suv,4.8,road_loopA_r0,road_loopA_r1,3193.3,3337.5,144.2,1297.3,32.4,1
1249,car,4.5,road_loopA_r0,road_loopA_r1,3233.8,3338.5,104.7,1298.2,44.7,0
1226,car,4.5,road_loopA_f0,road_loopA_f1,3203.8,3338.8,135.0,1302.8,34.7,1
1240,car,4.5,road_loopA_r0,road_loopA_r1,3224.0,3339.1,115.1,1298.6,40.6,1
1220,car,4.5,road_loopA_r0,road_loopA_r1,3199.0,3339.9,140.9,1298.0,33.2,1
1260,car,4.5,road_loopA_r0,road_loopA_r1,3242.4,3340.2,97.8,1298.4,47.8,0
1244,car,4.5,road_loopA_r0,road_loopA_r1,3228.8,3340.4,111.6,1297.5,41.9,0
1218,car,4.5,road_loopA_f0,road_loopA_f1,3197.6,3340.6,143.0,1302.9,32.8,1
1234,car,4.5,road_loopA_r0,road_loopA_r1,3215.0,3341.8,126.8,1297.7,36.9,0
1248,car,4.5,road_loopA_r0,road_loopA_r1,3232.4,3342.0,109.6,1298.0,42.7,0
1265,car,4.5,road_loopA_r0,road_loopA_r1,3245.6,3342.0,96.4,1298.2,48.5,0
1225,car,4.5,road_loopA_f0,road_loopA_f1,3203.1,3342.2,139.1,1303.2,33.7,1
1222,car,4.5,road_loopA_f0,road_loopA_f1,3200.0,3343.8,143.8,1303.5,32.6,1
1263,car,4.5,road_loopA_r0,road_loopA_r1,3244.6,3343.8,99.2,1297.5,47.1,0
1020,car,4.5,road_loopA_r0,xloopA_0Bb,3022.4,3343.9,321.5,895.5,10.0,3
1239,car,4.5,road_loopA_f0,xloopA_0Ab,3223.3,3344.5,121.2,505.3,15.0,1
1255,car,4.5,road_loopA_r0,road_loopA_r1,3238.9,3344.7,105.8,1298.4,44.2,0
1269,car,4.5,road_loopA_r0,road_loopA_r1,3246.7,3346.4,99.7,1297.8,46.9,0
1062,suv,4.8,road_loopA_r0,xloopA_0Bb,3050.3,3346.6,296.3,896.0,10.9,3
1241,car,4.5,road_loopA_f0,xloopA_0Ab,3225.3,3347.1,121.8,505.4,14.9,1
1228,truck,8.5,road_loopA_f0,road_loopA_f1,3209.0,3348.4,139.4,1303.7,33.7,1
1067,car,4.5,road_loopA_r0,xloopA_0Bb,3054.7,3349.2,294.5,895.4,10.9,3
1282,car,4.5,road_loopA_f0,xloopA_0Ab,3255.1,3349.7,94.6,505.1,19.2,1
1283,car,4.5,road_loopA_r0,road_loopA_r1,3255.8,3351.2,95.4,1297.9,49.0,0
1237,car,4.5,road_loopA_f0,road_loopA_f1,3218.4,3351.3,132.9,1304.2,35.3,1
1116,suv,4.8,road_loopA_r0,xloopA_0Bb,3103.5,3351.9,248.4,895.6,13.0,2
1289,truck,8.5,road_loopA_f0,xloopA_0Ab,3260.4,3353.2,92.8,505.6,19.6,1
1227,truck,8.5,road_loopA_f0,road_loopA_f1,3206.5,3353.3,146.8,1303.1,32.0,1
1233,suv,4.8,road_loopA_f0,road_loopA_f1,3213.9,3354.6,140.7,1303.7,33.4,1
1136,suv,4.8,road_loopA_r0,xloopA_0Bb,3119.9,3354.7,234.8,896.0,13.7,2
1266,car,4.5,road_loopA_r0,road_loopA_r1,3245.8,3354.9,109.1,1298.0,42.8,0
1251,car,4.5,road_loopA_f0,road_loopA_f1,3234.9,3355.2,120.3,1302.9,39.0,1
1235,car,4.5,road_loopA_f0,road_loopA_f1,3216.2,3355.4,139.2,1303.6,33.7,1
1058,car,4.5,xloopA_0Aa,road_loopA_f1,3047.3,3355.7,308.4,872.9,10.2,1
1271,car,4.5,road_loopA_r0,road_loopA_r1,3248.5,3355.9,107.4,1297.8,43.5,0
1274,suv,4.8,road_loopA_r0,road_loopA_r1,3250.5,3356.7,106.2,1298.1,44.0,0
1238,car,4.5,road_loopA_f0,road_loopA_f1,3219.5,3357.2,137.7,1302.9,34.1,1
1246,truck,8.5,road_loopA_f0,road_loopA_f1,3230.1,3358.3,128.2,1303.8,36.6,1
1256,car,4.5,road_loopA_f0,road_loopA_f1,3239.3,3358.4,119.1,1303.0,39.4,1
1284,car,4.5,road_loopA_r0,road_loopA_r1,3256.7,3358.4,101.7,1298.4,46.0,0
1281,car,4.5,road_loopA_r0,road_loopA_r1,3254.7,3358.5,103.8,1298.3,45.0,0
1257,car,4.5,road_loopA_f0,road_loopA_f1,3239.7,3359.1,119.4,1303.9,39.3,1
1252,car,4.5,road_loopA_f0,road_loopA_f1,3236.8,3360.3,123.5,1302.8,38.0,1
1295,car,4.5,road_loopA_r0,road_loopA_r1,3268.3,3360.3,92.0,1297.8,50.8,0
1153,car,4.5,xloopA_0Aa,xloopA_0Ab,3131.8,3360.7,228.9,84.6,1.3,1
1262,car,4.5,road_loopA_f0,road_loopA_f1,3244.4,3361.1,116.7,1303.1,40.2,1
1268,suv,4.8,road_loopA_f0,road_loopA_f1,3246.7,3361.1,114.4,1303.0,41.0,1
1206,car,4.5,xloopA_0Aa,xloopA_0Ab,3186.9,3362.6,175.7,84.0,1.7,1
1277,car,4.5,road_loopA_f0,road_loopA_f1,3251.9,3362.9,111.0,1303.5,42.3,0
1267,suv,4.8,road_loopA_r0,road_loopA_r1,3245.9,3363.4,117.5,1297.9,39.8,0
1286,car,4.5,road_loopA_f0,road_loopA_f1,3257.2,3364.8,107.6,1303.2,43.6,0
1270,suv,4.8,road_loopA_f0,road_loopA_f1,3248.3,3365.2,116.9,1303.5,40.2,0
1212,car,4.5,xloopA_0Aa,xloopA_0Ab,3191.2,3365.2,174.0,84.0,1.7,1
1276,suv,4.8,road_loopA_f0,road_loopA_f1,3251.6,3366.9,115.3,1303.2,40.7,0
1272,car,4.5,xloopA_0Aa,xloopA_0Ab,3249.0,3368.4,119.4,84.5,2.5,0
1278,suv,4.8,road_loopA_f0,road_loopA_f1,3252.7,3368.7,116.0,1303.5,40.5,0
1287,car,4.5,road_loopA_f0,road_loopA_f1,3258.8,3370.4,111.6,1303.7,42.0,0
1213,car,4.5,road_loopA_f0,road_loopA_f1,3191.6,3372.6,181.0,1303.0,25.9,1
1290,truck,8.5,road_loopA_f0,road_loopA_f1,3260.4,3373.4,113.0,1303.0,41.5,0
1115,car,4.5,xloopA_0Aa,road_loopA_f1,3103.0,3373.9,270.9,872.0,11.6,1
1275,car,4.5,road_loopA_f0,road_loopA_f1,3251.0,3374.4,123.4,1304.0,38.0,0
1293,car,4.5,road_loopA_f0,road_loopA_f1,3267.5,3375.5,108.0,1303.6,43.4,0
1232,truck,8.5,road_loopA_f0,road_loopA_f1,3213.3,3376.1,162.8,1303.4,28.8,1
1292,car,4.5,road_loopA_f0,road_loopA_f1,3265.2,3376.1,110.9,1303.8,42.3,0
1258,car,4.5,road_loopA_r0,xloopA_0Ab,3240.3,3377.8,137.5,869.0,22.7,2
1294,suv,4.8,road_loopA_f0,road_loopA_f1,3268.0,3377.8,109.8,1303.8,42.7,0
1253,car,4.5,road_loopA_f0,road_loopA_f1,3237.2,3378.1,140.9,1303.2,33.3,1
1288,suv,4.8,road_loopA_f0,road_loopA_f1,3259.2,3379.8,120.6,1303.2,38.9,0
1296,car,4.5,road_loopA_f0,road_loopA_f1,3268.5,3381.3,112.8,1303.0,41.6,0
1301,car,4.5,road_loopA_f0,road_loopA_f1,3275.4,3382.0,106.6,1303.6,44.0,0
1298,car,4.5,road_loopA_f0,road_loopA_f1,3273.2,3383.5,110.3,1302.8,42.5,0
1302,car,4.5,road_loopA_f0,road_loopA_f1,3275.6,3384.2,108.6,1303.0,43.2,0
1312,car,4.5,road_loopA_f0,road_loopA_f1,3282.5,3386.1,103.6,1302.9,45.3,0
1333,truck,8.5,road_loopA_f0,xloopA_0Bb,3302.3,3387.8,85.5,478.7,20.1,2
1321,truck,8.5,road_loopA_f0,road_loopA_f1,3291.2,3388.4,97.2,1304.0,48.3,0
1326,car,4.5,road_loopA_f0,road_loopA_f1,3293.7,3390.2,96.5,1302.8,48.6,0
1310,truck,8.5,road_loopA_f0,road_loopA_f1,3280.7,3391.1,110.4,1303.1,42.5,0
1354,suv,4.8,road_loopA_r0,xloopA_0Ab,3320.8,3392.5,71.7,869.5,43.7,0
1297,car,4.5,road_loopA_f0,road_loopA_f1,3270.3,3392.9,122.6,1303.6,38.3,0
1327,suv,4.8,road_loopA_f0,road_loopA_f1,3294.2,3393.1,98.9,1303.9,47.5,0
1324,car,4.5,road_loopA_f0,road_loopA_f1,3293.2,3393.4,100.2,1303.8,46.8,0
1365,suv,4.8,road_loopA_f0,xloopA_0Bb,3329.3,3394.2,64.9,478.9,26.6,5
1316,car,4.5,road_loopA_f0,road_loopA_f1,3288.9,3394.6,105.7,1303.6,44.4,0
1366,car,4.5,road_loopA_r0,xloopA_0Ab,3329.7,3395.3,65.6,868.9,47.7,0
1328,car,4.5,road_loopA_f0,road_loopA_f1,3296.9,3396.0,99.1,1303.8,47.4,1
1320,suv,4.8,road_loopA_f0,road_loopA_f1,3291.3,3397.0,105.7,1303.5,44.4,0
1379,car,4.5,road_loopA_f0,xloopA_0Bb,3347.3,3397.4,50.1,478.8,34.4,0
1306,car,4.5,road_loopA_r0,road_loopA_r1,3278.2,3403.7,125.5,1297.3,37.2,1
1308,suv,4.8,road_loopA_r0,road_loopA_r1,3278.5,3406.8,128.3,1297.9,36.4,1
1313,car,4.5,road_loopA_r0,road_loopA_r1,3283.2,3410.2,127.0,1297.3,36.8,1
1304,car,4.5,road_loopA_r0,road_loopA_r1,3276.5,3410.3,133.8,1298.5,34.9,1
1309,car,4.5,road_loopA_r0,road_loopA_r1,3278.8,3412.4,133.6,1298.2,35.0,1
1300,car,4.5,road_loopA_r0,road_loopA_r1,3274.9,3413.0,138.1,1297.6,33.8,1
1259,car,4.5,xloopA_0Aa,road_loopA_r1,3241.4,3413.1,171.7,506.8,10.6,0
1325,suv,4.8,road_loopA_r0,road_loopA_r1,3293.4,3414.3,120.9,1297.3,38.6,1
1315,car,4.5,road_loopA_r0,road_loopA_r1,3286.3,3416.2,129.9,1297.8,36.0,1
1340,car,4.5,road_loopA_r0,road_loopA_r1,3306.4,3416.2,109.8,1297.7,42.5,1
1332,car,4.5,road_loopA_r0,road_loopA_r1,3299.0,3417.4,118.4,1298.0,39.5,1
1341,car,4.5,road_loopA_r0,road_loopA_r1,3309.8,3418.8,109.0,1297.4,42.9,0
1319,car,4.5,road_loopA_r0,road_loopA_r1,3291.1,3421.3,130.2,1298.2,35.9,1
1391,car,4.5,xloopA_0Ba,road_loopA_r1,3355.7,3423.0,67.3,476.9,25.5,0
1322,truck,8.5,road_loopA_r0,road_loopA_r1,3291.5,3423.3,131.8,1297.9,35.5,1
1307,car,4.5,road_loopA_r0,road_loopA_r1,3278.5,3424.6,146.1,1297.8,32.0,1
1343,car,4.5,road_loopA_r0,road_loopA_r1,3311.5,3425.6,114.1,1297.9,40.9,0
1331,car,4.5,road_loopA_r0,road_loopA_r1,3298.0,3426.1,128.1,1297.5,36.5,1
1311,car,4.5,road_loopA_r0,road_loopA_r1,3281.0,3426.3,145.3,1298.0,32.2,1
1363,car,4.5,road_loopA_r0,road_loopA_r1,3324.7,3427.2,102.5,1297.3,45.5,0
1314,car,4.5,road_loopA_r0,road_loopA_r1,3284.4,3427.9,143.5,1297.3,32.5,1
1317,suv,4.8,road_loopA_r0,road_loopA_r1,3289.0,3428.9,139.9,1298.1,33.4,1
1367,suv,4.8,road_loopA_r0,road_loopA_r1,3329.7,3429.2,99.5,1298.6,47.0,0
1335,car,4.5,road_loopA_r0,road_loopA_r1,3304.3,3430.2,125.9,1298.4,37.1,1
1330,suv,4.8,road_loopA_f0,road_loopA_f1,3298.0,3431.1,133.1,1302.8,35.2,1
1356,car,4.5,road_loopA_r0,road_loopA_r1,3321.5,3431.8,110.3,1298.0,42.4,0
1323,car,4.5,road_loopA_r0,road_loopA_r1,3292.2,3432.0,139.8,1297.5,33.4,0
1344,suv,4.8,road_loopA_r0,road_loopA_r1,3311.7,3432.2,120.5,1298.0,38.8,0
1353,car,4.5,road_loopA_r0,road_loopA_r1,3320.4,3433.9,113.5,1297.4,41.1,0
1375,suv,4.8,road_loopA_r0,road_loopA_r1,3344.3,3435.1,90.8,1298.0,51.5,0
1346,truck,8.5,road_loopA_r0,road_loopA_r1,3313.6,3435.3,121.7,1298.0,38.4,0
1358,car,4.5,road_loopA_r0,road_loopA_r1,3322.1,3435.7,113.6,1297.7,41.1,0
1342,suv,4.8,road_loopA_f0,road_loopA_f1,3309.9,3436.0,126.1,1303.6,37.2,1
1144,suv,4.8,road_loopA_r0,xloopA_0Bb,3125.7,3437.5,311.8,895.8,10.3,3
1339,suv,4.8,road_loopA_f0,road_loopA_f1,3306.2,3437.7,131.5,1303.6,35.7,1
1362,car,4.5,road_loopA_r0,road_loopA_r1,3324.6,3437.7,113.1,1297.9,41.3,0
1347,suv,4.8,road_loopA_f0,road_loopA_f1,3315.1,3437.9,122.8,1303.7,38.2,1
1381,car,4.5,road_loopA_r0,road_loopA_r1,3347.4,3437.9,90.5,1298.1,51.6,0
1299,suv,4.8,road_loopA_f0,xloopA_0Ab,3274.6,3438.0,163.4,505.5,11.1,2
1360,truck,8.5,road_loopA_r0,road_loopA_r1,3323.1,3438.0,114.9,1297.9,40.7,0
1337,car,4.5,road_loopA_f0,road_loopA_f1,3305.3,3438.3,133.0,1303.7,35.3,1
1372,car,4.5,road_loopA_r0,road_loopA_r1,3336.3,3439.5,103.2,1298.3,45.3,0
1357,car,4.5,road_loopA_f0,road_loopA_f1,3322.0,3440.0,118.0,1303.3,39.8,1
1373,car,4.5,road_loopA_r0,road_loopA_r1,3337.8,3440.0,102.2,1297.4,45.7,0
1245,car,4.5,road_loopA_r0,xloopA_0Bb,3228.9,3440.1,211.2,895.6,15.3,2
1303,car,4.5,road_loopA_f0,xloopA_0Ab,3275.9,3440.6,164.7,505.2,11.0,2
1383,car,4.5,road_loopA_r0,road_loopA_r1,3350.5,3441.9,91.4,1298.3,51.1,0
1386,car,4.5,road_loopA_r0,road_loopA_r1,3352.5,3441.9,89.4,1297.4,52.2,0
1334,car,4.5,road_loopA_f0,road_loopA_f1,3302.6,3442.3,139.7,1303.9,33.6,1
1250,car,4.5,road_loopA_r0,xloopA_0Bb,3234.4,3442.7,208.3,895.3,15.5,2
1305,suv,4.8,road_loopA_f0,xloopA_0Ab,3277.3,3443.3,166.0,505.4,11.0,2
1254,suv,4.8,road_loopA_r0,xloopA_0Bb,3238.4,3445.5,207.1,896.0,15.6,2
1349,suv,4.8,road_loopA_f0,xloopA_0Ab,3316.1,3446.0,129.9,505.4,14.0,1
1355,suv,4.8,road_loopA_f0,road_loopA_f1,3321.3,3447.4,126.1,1303.3,37.2,1
1345,car,4.5,road_loopA_f0,road_loopA_f1,3312.8,3447.6,134.8,1303.7,34.8,1
1273,car,4.5,road_loopA_r0,xloopA_0Bb,3250.4,3448.1,197.7,895.4,16.3,2
1396,car,4.5,road_loopA_r0,road_loopA_r1,3359.2,3448.3,89.1,1297.5,52.4,0
1368,car,4.5,road_loopA_f0,road_loopA_f1,3333.2,3448.7,115.5,1303.2,40.6,1
1374,car,4.5,road_loopA_f0,road_loopA_f1,3340.6,3449.2,108.6,1302.9,43.2,0
1359,car,4.5,road_loopA_f0,road_loopA_f1,3322.4,3449.4,127.0,1304.0,37.0,1
1390,car,4.5,road_loopA_f0,road_loopA_f1,3355.5,3450.5,95.0,1303.3,49.4,0
1384,car,4.5,road_loopA_f0,road_loopA_f1,3350.7,3451.4,100.7,1304.1,46.6,0
1378,car,4.5,road_loopA_r0,road_loopA_r1,3346.3,3453.0,106.7,1298.0,43.8,0
1385,car,4.5,road_loopA_f0,road_loopA_f1,3351.7,3453.0,101.3,1303.5,46.3,0
1401,car,4.5,xloopA_0Ba,xloopA_0Bb,3363.9,3453.2,89.3,84.3,3.4,1
1394,car,4.5,road_loopA_r0,road_loopA_r1,3358.0,3454.1,96.1,1298.0,48.6,0
1318,car,4.5,xloopA_0Aa,xloopA_0Ab,3289.4,3454.2,164.8,84.0,1.8,1
1350,car,4.5,road_loopA_f0,road_loopA_f1,3318.0,3454.5,136.5,1303.9,34.4,1
1388,car,4.5,road_loopA_r0,road_loopA_r1,3354.5,3454.6,100.1,1297.6,46.7,0
1377,car,4.5,road_loopA_f0,road_loopA_f1,3345.1,3454.8,109.7,1303.2,42.8,0
1417,car,4.5,xloopA_0Ba,xloopA_0Bb,3378.6,3455.3,76.7,84.1,3.9,1
1361,car,4.5,road_loopA_f0,road_loopA_f1,3323.9,3456.2,132.3,1303.2,35.5,1
1400,truck,8.5,road_loopA_r0,road_loopA_r1,3362.0,3456.2,94.2,1297.6,49.6,0
1376,bus,11.0,road_loopA_r0,road_loopA_r1,3344.9,3456.3,111.4,1297.4,41.9,0
1403,car,4.5,road_loopA_f0,road_loopA_f1,3367.6,3457.1,89.5,1304.1,52.4,0
1336,car,4.5,xloopA_0Aa,xloopA_0Ab,3305.2,3457.2,152.0,84.1,2.0,1
1420,car,4.5,xloopA_0Ba,xloopA_0Bb,3385.0,3457.5,72.5,84.7,4.2,1
1395,car,4.5,road_loopA_r0,road_loopA_r1,3358.2,3458.3,100.1,1298.4,46.7,0
1369,car,4.5,xloopA_0Ba,road_loopA_f1,3333.6,3459.4,125.8,903.0,25.9,1
1380,suv,4.8,road_loopA_f0,road_loopA_f1,3347.3,3459.8,112.5,1303.3,41.7,0
1407,suv,4.8,road_loopA_f0,road_loopA_f1,3370.0,3459.9,89.9,1303.5,52.2,0
1351,car,4.5,xloopA_0Aa,xloopA_0Ab,3318.6,3460.0,141.4,84.7,2.2,0
1329,car,4.5,road_loopA_f0,road_loopA_f1,3296.9,3461.0,164.1,1303.5,28.6,1
1399,suv,4.8,road_loopA_f0,road_loopA_f1,3361.8,3461.6,99.8,1303.6,47.0,0
1364,car,4.5,xloopA_0Aa,xloopA_0Ab,3327.3,3461.8,134.5,84.0,2.2,0
1370,suv,4.8,road_loopA_f0,road_loopA_f1,3334.3,3462.6,128.3,1303.2,36.6,1
1404,car,4.5,road_loopA_f0,road_loopA_f1,3367.9,3462.6,94.7,1303.2,49.6,0
1398,suv,4.8,road_loopA_f0,road_loopA_f1,3359.9,3463.9,104.0,1303.3,45.1,0
1387,car,4.5,road_loopA_f0,road_loopA_f1,3354.5,3464.3,109.8,1303.4,42.7,0
1408,car,4.5,road_loopA_f0,road_loopA_f1,3370.1,3465.3,95.2,1303.1,49.3,0
1402,car,4.5,road_loopA_f0,road_loopA_f1,3365.2,3466.4,101.2,1302.9,46.4,0
1416,suv,4.8,road_loopA_f0,road_loopA_f1,3378.2,3467.5,89.3,1302.9,52.5,0
1419,truck,8.5,road_loopA_f0,road_loopA_f1,3384.4,3478.1,93.7,1303.9,50.1,0
1422,car,4.5,road_loopA_f0,road_loopA_f1,3389.7,3479.1,89.4,1303.1,52.5,0
1418,car,4.5,road_loopA_f0,road_loopA_f1,3382.5,3483.2,100.7,1303.5,46.6,0
1414,car,4.5,road_loopA_f0,road_loopA_f1,3376.7,3483.9,107.2,1303.6,43.8,0
1424,car,4.5,road_loopA_f0,road_loopA_f1,3391.7,3484.9,93.2,1303.3,50.3,0
1434,car,4.5,road_loopA_r0,xloopA_0Ab,3394.0,3487.6,93.6,869.2,33.4,1
1444,car,4.5,road_loopA_r0,xloopA_0Ab,3411.0,3496.7,85.7,869.0,36.5,0
1410,car,4.5,road_loopA_r0,road_loopA_r1,3371.6,3497.1,125.5,1297.4,37.2,1
1409,car,4.5,road_loopA_r0,road_loopA_r1,3370.8,3500.2,129.4,1298.4,36.1,1
1406,car,4.5,road_loopA_r0,road_loopA_r1,3369.1,3501.7,132.6,1298.1,35.3,1
1507,suv,4.8,road_loopA_f0,xloopA_0Bb,3461.7,3501.8,40.1,479.0,43.0,0
1411,truck,8.5,road_loopA_r0,road_loopA_r1,3373.1,3503.6,130.5,1297.6,35.8,1
1412,suv,4.8,road_loopA_r0,road_loopA_r1,3375.3,3503.9,128.6,1297.4,36.3,1
1421,suv,4.8,road_loopA_r0,road_loopA_r1,3385.7,3506.2,120.5,1298.3,38.8,1
1425,car,4.5,road_loopA_r0,road_loopA_r1,3391.8,3507.0,115.2,1297.3,40.5,1
1338,car,4.5,xloopA_0Aa,road_loopA_r1,3305.5,3508.7,203.2,506.9,9.0,1
1352,bus,11.0,road_loopA_f0,road_loopA_f1,3318.6,3508.8,190.2,1303.1,24.7,7
1413,car,4.5,road_loopA_r0,road_loopA_r1,3375.4,3509.2,133.8,1298.5,34.9,1
1427,car,4.5,road_loopA_r0,road_loopA_r1,3392.2,3509.8,117.6,1297.9,39.7,1
1397,car,4.5,road_loopA_r0,road_loopA_r1,3359.7,3510.5,150.8,1298.3,31.0,1
1405,car,4.5,road_loopA_r0,road_loopA_r1,3368.7,3512.2,143.5,1297.8,32.6,1
1423,suv,4.8,road_loopA_r0,road_loopA_r1,3391.4,3513.3,121.9,1297.6,38.3,1
1436,suv,4.8,road_loopA_r0,road_loopA_r1,3396.8,3513.6,116.8,1297.9,40.0,1
1457,car,4.5,road_loopA_r0,xloopA_0Ab,3420.2,3513.6,93.4,869.1,33.5,1
1415,truck,8.5,road_loopA_r0,road_loopA_r1,3377.2,3514.4,137.2,1297.3,34.0,1
1432,car,4.5,road_loopA_r0,road_loopA_r1,3393.5,3514.8,121.3,1297.4,38.5,1
1426,car,4.5,road_loopA_r0,road_loopA_r1,3392.0,3516.6,124.6,1298.3,37.5,1
1493,car,4.5,road_loopA_r0,xloopA_0Ab,3449.4,3516.8,67.4,869.3,46.4,0
1439,car,4.5,road_loopA_r0,road_loopA_r1,3404.3,3517.0,112.7,1298.4,41.5,0
1428,car,4.5,road_loopA_r0,road_loopA_r1,3392.8,3518.3,125.5,1298.1,37.2,0
1443,car,4.5,road_loopA_r0,road_loopA_r1,3410.8,3519.8,109.0,1297.6,42.8,0
1440,suv,4.8,road_loopA_r0,road_loopA_r1,3407.0,3520.0,113.0,1297.5,41.4,0
1467,car,4.5,road_loopA_r0,road_loopA_r1,3426.8,3521.2,94.4,1297.7,49.5,0
1448,car,4.5,road_loopA_r0,road_loopA_r1,3415.5,3521.6,106.1,1297.5,44.0,0
1445,car,4.5,road_loopA_r0,road_loopA_r1,3412.5,3522.0,109.5,1298.5,42.7,0
1452,car,4.5,road_loopA_r0,road_loopA_r1,3417.8,3523.8,106.0,1298.1,44.1,0
1456,suv,4.8,road_loopA_r0,road_loopA_r1,3420.2,3524.0,103.8,1297.4,45.0,0
1459,suv,4.8,road_loopA_r0,road_loopA_r1,3420.7,3524.0,103.3,1298.2,45.3,0
1451,car,4.5,road_loopA_r0,road_loopA_r1,3417.7,3525.6,107.9,1297.6,43.3,0
1476,car,4.5,road_loopA_r0,road_loopA_r1,3433.7,3526.0,92.3,1298.6,50.6,0
1472,car,4.5,road_loopA_r0,road_loopA_r1,3430.3,3526.2,95.9,1297.9,48.7,0
1435,suv,4.8,road_loopA_f0,road_loopA_f1,3394.4,3526.6,132.2,1303.5,35.5,1
1455,car,4.5,road_loopA_r0,road_loopA_r1,3419.0,3527.4,108.4,1298.3,43.1,0
1461,car,4.5,road_loopA_r0,road_loopA_r1,3422.4,3529.2,106.8,1298.3,43.8,0
1463,suv,4.8,road_loopA_r0,road_loopA_r1,3423.4,3529.3,105.9,1298.5,44.1,0
1441,car,4.5,road_loopA_f0,road_loopA_f1,3409.2,3529.6,120.4,1303.3,39.0,1
1446,car,4.5,road_loopA_f0,road_loopA_f1,3412.9,3530.1,117.2,1303.6,40.0,1
1471,truck,8.5,road_loopA_r0,road_loopA_r1,3430.1,3532.2,102.1,1298.1,45.8,0
1480,car,4.5,road_loopA_r0,road_loopA_r1,3437.9,3532.7,94.8,1297.4,49.3,0
1481,truck,8.5,road_loopA_r0,road_loopA_r1,3438.5,3532.8,94.3,1297.3,49.5,0
1450,car,4.5,road_loopA_f0,road_loopA_f1,3417.4,3533.0,115.6,1303.8,40.6,1
1487,car,4.5,road_loopA_r0,road_loopA_r1,3445.0,3534.6,89.6,1297.3,52.1,0
1454,car,4.5,road_loopA_f0,road_loopA_f1,3418.8,3535.6,116.8,1303.6,40.2,1
1488,suv,4.8,road_loopA_r0,road_loopA_r1,3445.6,3536.3,90.7,1297.3,51.5,0
1430,suv,4.8,road_loopA_f0,road_loopA_f1,3393.3,3536.8,143.5,1303.6,32.7,1
1489,car,4.5,road_loopA_r0,xloopA_0Ab,3445.7,3536.9,91.2,869.0,34.3,1
1458,car,4.5,road_loopA_f0,road_loopA_f1,3420.4,3537.3,116.9,1302.8,40.1,1
1460,car,4.5,road_loopA_r0,road_loopA_r1,3422.2,3537.7,115.5,1298.2,40.5,0
1462,car,4.5,road_loopA_f0,road_loopA_f1,3423.0,3537.7,114.7,1302.9,40.9,1
1490,suv,4.8,road_loopA_r0,road_loopA_r1,3445.9,3538.9,93.0,1297.8,50.3,0
1545,car,4.5,road_loopA_f0,xloopA_0Bb,3499.4,3539.3,39.9,478.6,43.2,0
1466,truck,8.5,road_loopA_f0,road_loopA_f1,3426.0,3539.8,113.8,1303.0,41.2,1
1469,truck,8.5,road_loopA_f0,road_loopA_f1,3428.5,3543.5,115.0,1303.6,40.8,1
1497,car,4.5,road_loopA_r0,road_loopA_r1,3454.1,3543.7,89.6,1298.5,52.1,0
1473,car,4.5,road_loopA_f0,road_loopA_f1,3431.2,3545.4,114.2,1302.8,41.1,0
1348,bus,11.0,road_loopA_r0,road_loopA_r1,3315.4,3545.8,230.4,1298.3,20.3,3
1501,car,4.5,road_loopA_r0,road_loopA_r1,3457.6,3546.5,88.9,1297.3,52.5,0
1474,suv,4.8,road_loopA_f0,road_loopA_f1,3432.2,3547.1,114.9,1303.0,40.8,0
1279,car,4.5,road_loopA_r0,xloopA_0Bb,3254.5,3548.1,293.6,895.4,11.0,3
1504,car,4.5,road_loopA_r0,road_loopA_r1,3458.7,3548.4,89.7,1298.4,52.1,0
1475,car,4.5,road_loopA_f0,xloopA_0Ab,3432.6,3548.7,116.1,505.1,15.7,1
1479,car,4.5,road_loopA_f0,road_loopA_f1,3437.7,3548.7,111.0,1303.8,42.3,0
1382,car,4.5,road_loopA_r0,xloopA_0Bb,3348.5,3550.7,202.2,895.5,15.9,2
1506,suv,4.8,road_loopA_f0,xloopA_0Ab,3460.9,3551.3,90.4,504.9,20.1,1
1468,car,4.5,road_loopA_f0,road_loopA_f1,3428.0,3551.5,123.5,1304.1,38.0,1
1484,car,4.5,road_loopA_f0,road_loopA_f1,3444.3,3552.4,108.1,1302.9,43.4,0
1392,suv,4.8,road_loopA_r0,xloopA_0Bb,3356.0,3553.4,197.4,895.8,16.3,2
1509,suv,4.8,road_loopA_r0,road_loopA_r1,3463.6,3553.6,90.0,1297.6,51.9,0
1513,suv,4.8,road_loopA_f0,xloopA_0Ab,3466.3,3554.1,87.8,505.6,20.7,1
1491,car,4.5,road_loopA_f0,road_loopA_f1,3447.3,3554.2,106.9,1302.8,43.9,0
1449,car,4.5,road_loopA_f0,road_loopA_f1,3416.3,3554.9,138.6,1303.7,33.9,1
1429,suv,4.8,road_loopA_r0,xloopA_0Bb,3393.3,3556.1,162.8,895.7,19.8,1
1494,car,4.5,road_loopA_f0,road_loopA_f1,3450.2,3556.3,106.1,1303.4,44.2,0
1541,suv,4.8,road_loopA_f0,xloopA_0Ab,3493.8,3556.8,63.0,505.5,28.9,1
1438,car,4.5,road_loopA_f0,road_loopA_f1,3400.0,3557.4,157.4,1303.1,29.8,1
1517,car,4.5,road_loopA_r0,road_loopA_r1,3467.8,3558.7,90.9,1297.4,51.4,0
1486,car,4.5,xloopA_0Ba,road_loopA_f1,3445.0,3559.8,114.8,902.9,28.3,0
1485,car,4.5,road_loopA_f0,road_loopA_f1,3444.7,3559.9,115.2,1303.8,40.7,0
1510,truck,8.5,road_loopA_f0,road_loopA_f1,3464.1,3561.0,96.9,1303.7,48.4,0
1478,car,4.5,road_loopA_f0,road_loopA_f1,3437.7,3561.1,123.4,1303.3,38.0,0
1371,car,4.5,xloopA_0Aa,xloopA_0Ab,3335.8,3561.1,225.3,84.5,1.4,1
1525,car,4.5,xloopA_0Ba,xloopA_0Bb,3472.8,3561.3,88.5,84.3,3.4,1
1431,suv,4.8,road_loopA_f0,road_loopA_f1,3393.5,3561.4,167.9,1303.3,27.9,1
1522,car,4.5,road_loopA_r0,road_loopA_r1,3472.3,3561.9,89.6,1298.4,52.2,0
1512,car,4.5,road_loopA_f0,road_loopA_f1,3464.8,3563.0,98.2,1303.5,47.8,0
1433,suv,4.8,road_loopA_f0,road_loopA_f1,3393.7,3563.1,169.4,1303.9,27.7,1
1492,car,4.5,road_loopA_f0,road_loopA_f1,3447.7,3563.2,115.5,1303.5,40.6,0
1530,car,4.5,xloopA_0Ba,xloopA_0Bb,3482.7,3563.6,80.9,84.6,3.8,1
1389,car,4.5,xloopA_0Aa,xloopA_0Ab,3355.3,3564.7,209.4,84.4,1.5,1
1521,car,4.5,road_loopA_f0,road_loopA_f1,3470.8,3564.8,94.0,1303.2,49.9,0
1498,suv,4.8,road_loopA_f0,road_loopA_f1,3454.8,3565.0,110.2,1303.9,42.6,0
1437,car,4.5,road_loopA_f0,road_loopA_f1,3398.3,3565.1,166.8,1302.9,28.1,1
1566,car,4.5,xloopA_0Ba,xloopA_0Bb,3513.6,3565.6,52.0,84.3,5.8,1
1519,truck,8.5,road_loopA_r0,road_loopA_r1,3468.2,3566.6,98.4,1298.4,47.5,0
1524,car,4.5,road_loopA_f0,road_loopA_f1,3472.6,3566.6,94.0,1303.7,50.0,0
1442,car,4.5,road_loopA_f0,road_loopA_f1,3410.7,3566.8,156.1,1302.8,30.0,1
1393,car,4.5,xloopA_0Aa,xloopA_0Ab,3356.4,3566.8,210.4,84.3,1.4,1
1500,car,4.5,road_loopA_f0,road_loopA_f1,3457.5,3567.2,109.7,1303.2,42.8,0
1594,car,4.5,xloopA_0Ba,xloopA_0Bb,3538.3,3567.9,29.6,84.7,10.3,0
1453,suv,4.8,road_loopA_f0,road_loopA_f1,3418.4,3568.8,150.4,1303.5,31.2,1
1518,suv,4.8,road_loopA_f0,road_loopA_f1,3468.2,3568.9,100.7,1303.9,46.6,0
1526,suv,4.8,road_loopA_f0,road_loopA_f1,3473.7,3568.9,95.2,1303.7,49.3,0
1464,car,4.5,xloopA_0Aa,xloopA_0Ab,3424.9,3568.9,144.0,84.5,2.1,0
1516,car,4.5,road_loopA_r0,road_loopA_r1,3467.6,3569.5,101.9,1298.3,45.8,0
1502,truck,8.5,road_loopA_r0,road_loopA_r1,3458.1,3570.3,112.2,1298.1,41.7,0
1465,car,4.5,road_loopA_f0,road_loopA_f1,3425.2,3570.5,145.3,1302.8,32.3,1
1503,suv,4.8,road_loopA_f0,road_loopA_f1,3458.7,3570.7,112.0,1302.8,41.9,0
1496,suv,4.8,road_loopA_f0,road_loopA_f1,3452.9,3571.7,118.8,1302.9,39.5,0
1470,truck,8.5,road_loopA_f0,road_loopA_f1,3430.1,3572.8,142.7,1303.0,32.9,0
1499,suv,4.8,road_loopA_f0,road_loopA_f1,3455.6,3573.5,117.9,1303.6,39.8,0
1527,car,4.5,road_loopA_f0,road_loopA_f1,3477.7,3574.0,96.3,1303.2,48.7,0
1483,suv,4.8,road_loopA_f0,road_loopA_f1,3442.6,3574.8,132.2,1303.0,35.5,0
1515,car,4.5,road_loopA_f0,road_loopA_f1,3467.5,3576.1,108.6,1303.5,43.2,0
1511,suv,4.8,road_loopA_f0,road_loopA_f1,3464.7,3576.7,112.0,1303.8,41.9,0
1529,car,4.5,road_loopA_f0,road_loopA_f1,3479.0,3578.5,99.5,1303.6,47.2,0
1536,car,4.5,road_loopA_f0,road_loopA_f1,3488.6,3582.9,94.3,1303.9,49.8,0
1531,car,4.5,road_loopA_f0,road_loopA_f1,3484.1,3583.1,99.0,1302.9,47.4,0
1571,car,4.5,road_loopA_f0,xloopA_0Bb,3517.4,3587.3,69.9,478.8,24.7,2
1538,car,4.5,road_loopA_f0,road_loopA_f1,3490.3,3588.4,98.1,1303.9,47.8,0
1549,car,4.5,road_loopA_r0,xloopA_0Ab,3501.5,3589.7,88.2,869.2,35.5,1
1544,car,4.5,road_loopA_f0,road_loopA_f1,3498.9,3593.1,94.2,1304.1,49.8,0
1543,car,4.5,road_loopA_f0,road_loopA_f1,3496.4,3596.2,99.8,1303.3,47.0,0
1542,suv,4.8,road_loopA_f0,road_loopA_f1,3496.0,3600.8,104.8,1303.2,44.8,0
1528,car,4.5,road_loopA_r0,road_loopA_r1,3478.6,3606.2,127.6,1297.9,36.6,1
1523,suv,4.8,road_loopA_r0,road_loopA_r1,3472.6,3607.4,134.8,1298.1,34.7,1
1540,car,4.5,road_loopA_r0,road_loopA_r1,3492.4,3607.7,115.3,1297.4,40.5,1
1642,suv,4.8,road_loopA_f0,xloopA_0Bb,3573.4,3613.8,40.4,479.0,42.7,0
1533,car,4.5,road_loopA_r0,road_loopA_r1,3485.9,3615.0,129.1,1297.3,36.2,1
1520,truck,8.5,road_loopA_r0,road_loopA_r1,3469.2,3615.5,146.3,1298.0,31.9,1
1546,car,4.5,road_loopA_r0,road_loopA_r1,3499.4,3616.7,117.3,1297.4,39.8,1
1537,suv,4.8,road_loopA_r0,road_loopA_r1,3489.0,3617.2,128.2,1297.9,36.5,1
1535,car,4.5,road_loopA_r0,road_loopA_r1,3487.6,3617.4,129.8,1297.6,36.0,1
1553,suv,4.8,road_loopA_r0,road_loopA_r1,3506.0,3618.5,112.5,1298.6,41.5,1
1539,car,4.5,road_loopA_r0,road_loopA_r1,3492.4,3619.1,126.7,1297.3,36.8,1
1555,car,4.5,road_loopA_r0,road_loopA_r1,3506.5,3620.1,113.6,1297.3,41.1,1
1547,car,4.5,road_loopA_r0,road_loopA_r1,3499.9,3620.9,121.0,1298.2,38.6,1
1556,car,4.5,road_loopA_r0,road_loopA_r1,3506.9,3621.7,114.8,1298.1,40.7,1
1564,car,4.5,road_loopA_r0,road_loopA_r1,3512.0,3623.4,111.4,1297.3,41.9,1
1550,car,4.5,road_loopA_r0,road_loopA_r1,3502.7,3623.9,121.2,1298.0,38.5,0
1482,car,4.5,road_loopA_r0,xloopA_0Bb,3441.7,3624.4,182.7,895.5,17.6,2
1567,car,4.5,road_loopA_f0,xloopA_0Ab,3514.7,3625.0,110.3,505.1,16.5,1
1565,truck,8.5,road_loopA_r0,road_loopA_r1,3512.5,3625.2,112.7,1297.3,41.4,0
1554,truck,8.5,road_loopA_r0,road_loopA_r1,3506.3,3625.7,119.4,1298.4,39.2,0
1505,car,4.5,road_loopA_r0,xloopA_0Bb,3459.0,3627.0,168.0,895.5,19.2,2
1568,car,4.5,road_loopA_r0,road_loopA_r1,3516.2,3627.1,110.9,1298.0,42.1,0
1572,suv,4.8,road_loopA_r0,road_loopA_r1,3519.0,3627.2,108.2,1298.2,43.2,0
1606,suv,4.8,road_loopA_f0,xloopA_0Ab,3549.1,3627.7,78.6,505.7,23.2,1
1573,suv,4.8,road_loopA_r0,road_loopA_r1,3522.3,3628.8,106.5,1297.7,43.9,0
1574,car,4.5,road_loopA_r0,road_loopA_r1,3524.5,3629.0,104.5,1298.3,44.7,0
1576,car,4.5,road_loopA_r0,road_loopA_r1,3525.8,3629.9,104.1,1297.6,44.9,0
1608,car,4.5,road_loopA_f0,xloopA_0Ab,3552.0,3630.3,78.3,505.1,23.2,1
1495,truck,8.5,road_loopA_r0,xloopA_0Bb,3452.7,3630.5,177.8,895.8,18.1,2
1577,car,4.5,road_loopA_r0,road_loopA_r1,3525.8,3630.7,104.9,1297.3,44.5,0
1582,car,4.5,road_loopA_r0,road_loopA_r1,3528.9,3631.5,102.6,1297.7,45.5,0
1579,suv,4.8,road_loopA_r0,road_loopA_r1,3526.6,3631.8,105.2,1297.9,44.4,0
1589,car,4.5,road_loopA_r0,road_loopA_r1,3532.4,3633.0,100.6,1297.8,46.5,0
1583,suv,4.8,road_loopA_r0,road_loopA_r1,3528.9,3633.3,104.4,1297.3,44.7,0
1514,car,4.5,road_loopA_r0,xloopA_0Bb,3466.2,3633.5,167.3,895.4,19.3,2
1591,suv,4.8,road_loopA_r0,road_loopA_r1,3536.0,3634.8,98.8,1297.6,47.3,0
1551,car,4.5,road_loopA_f0,road_loopA_f1,3503.7,3634.9,131.2,1303.0,35.7,1
1595,suv,4.8,road_loopA_r0,road_loopA_r1,3539.5,3635.3,95.8,1298.3,48.8,0
1552,suv,4.8,road_loopA_f0,road_loopA_f1,3504.0,3636.6,132.6,1303.1,35.4,1
1557,car,4.5,road_loopA_f0,road_loopA_f1,3507.5,3638.4,130.9,1303.5,35.8,1
1559,suv,4.8,road_loopA_f0,road_loopA_f1,3509.0,3640.0,131.0,1303.9,35.8,1
1558,suv,4.8,road_loopA_f0,road_loopA_f1,3509.0,3640.1,131.1,1303.0,35.8,1
1569,car,4.5,road_loopA_f0,road_loopA_f1,3516.4,3641.3,124.9,1303.1,37.6,1
1607,car,4.5,road_loopA_r0,road_loopA_r1,3550.7,3641.4,90.7,1298.3,51.5,0
1508,car,4.5,xloopA_0Aa,xloopA_0Ab,3463.2,3641.8,178.6,84.7,1.7,1
1626,car,4.5,xloopA_0Ba,xloopA_0Bb,3561.7,3642.1,80.4,84.1,3.8,1
1563,car,4.5,road_loopA_f0,road_loopA_f1,3511.3,3642.7,131.4,1304.1,35.7,1
1586,car,4.5,road_loopA_f0,road_loopA_f1,3530.3,3643.4,113.1,1304.0,41.5,1
1548,suv,4.8,road_loopA_f0,road_loopA_f1,3501.0,3643.6,142.6,1303.0,32.9,1
1570,car,4.5,xloopA_0Aa,xloopA_0Ab,3517.3,3643.9,126.6,84.7,2.4,1
1633,car,4.5,xloopA_0Ba,xloopA_0Bb,3564.5,3644.3,79.8,84.4,3.8,1
1590,car,4.5,road_loopA_f0,road_loopA_f1,3534.6,3647.1,112.5,1303.1,41.7,1
1560,car,4.5,road_loopA_f0,road_loopA_f1,3509.1,3647.3,138.2,1304.0,34.0,1
1656,car,4.5,xloopA_0Ba,xloopA_0Bb,3585.9,3648.0,62.1,84.6,4.9,0
1532,bus,11.0,road_loopA_r0,road_loopA_r1,3485.2,3648.2,163.0,1297.4,28.7,2
1562,car,4.5,road_loopA_f0,road_loopA_f1,3510.8,3648.5,137.7,1303.0,34.1,1
1601,car,4.5,road_loopA_f0,road_loopA_f1,3543.9,3648.8,104.9,1303.2,44.7,0
1561,suv,4.8,road_loopA_f0,road_loopA_f1,3510.3,3650.5,140.2,1302.9,33.4,1
1575,car,4.5,road_loopA_f0,road_loopA_f1,3525.5,3650.7,125.2,1303.7,37.5,1
1605,car,4.5,road_loopA_f0,road_loopA_f1,3548.8,3652.0,103.2,1303.1,45.4,0
1581,car,4.5,road_loopA_f0,road_loopA_f1,3527.2,3652.3,125.1,1303.0,37.5,1
1584,car,4.5,road_loopA_f0,road_loopA_f1,3529.1,3652.9,123.8,1303.8,37.9,1
1534,bus,11.0,road_loopA_r0,road_loopA_r1,3487.4,3653.7,166.3,1297.9,28.1,2
1596,car,4.5,road_loopA_f0,road_loopA_f1,3539.7,3654.2,114.5,1303.6,41.0,0
1616,car,4.5,road_loopA_f0,road_loopA_f1,3556.0,3654.7,98.7,1302.9,47.5,0
1592,truck,8.5,road_loopA_f0,road_loopA_f1,3537.0,3655.0,118.0,1303.8,39.8,1
1617,suv,4.8,road_loopA_f0,road_loopA_f1,3556.0,3656.5,100.5,1303.0,46.7,0
1603,car,4.5,road_loopA_f0,road_loopA_f1,3545.8,3656.6,110.8,1303.7,42.4,0
1598,car,4.5,road_loopA_f0,road_loopA_f1,3542.2,3657.0,114.8,1304.1,40.9,1
1622,car,4.5,road_loopA_f0,road_loopA_f1,3560.0,3658.4,98.4,1303.1,47.7,0
1614,car,4.5,road_loopA_f0,road_loopA_f1,3555.6,3660.4,104.8,1303.7,44.8,0
1632,car,4.5,road_loopA_f0,road_loopA_f1,3564.3,3661.6,97.3,1304.0,48.3,0
1627,truck,8.5,road_loopA_f0,road_loopA_f1,3562.0,3665.1,103.1,1302.9,45.5,0
1628,car,4.5,road_loopA_f0,road_loopA_f1,3562.4,3667.1,104.7,1303.4,44.8,0
1647,car,4.5,road_loopA_f0,road_loopA_f1,3576.8,3667.3,90.5,1304.0,51.9,0
1644,car,4.5,road_loopA_r0,xloopA_0Ab,3574.9,3667.7,92.8,869.1,33.7,2
1658,car,4.5,road_loopA_f0,xloopA_0Bb,3586.5,3668.5,82.0,478.7,21.0,2
1649,suv,4.8,road_loopA_f0,road_loopA_f1,3579.3,3670.1,90.8,1303.3,51.7,0
1620,car,4.5,road_loopA_f0,road_loopA_f1,3557.8,3670.8,113.0,1303.0,41.5,0
1672,car,4.5,road_loopA_r0,xloopA_0Ab,3593.7,3671.1,77.4,869.2,40.4,0
1679,car,4.5,road_loopA_f0,xloopA_0Bb,3597.9,3672.1,74.2,478.7,23.2,2
1618,car,4.5,road_loopA_f0,road_loopA_f1,3556.4,3673.1,116.7,1302.9,40.2,0
1602,car,4.5,road_loopA_f0,road_loopA_f1,3545.1,3673.5,128.4,1303.2,36.5,0
1643,car,4.5,road_loopA_r0,xloopA_0Ab,3573.8,3674.6,100.8,869.1,31.0,1
1639,truck,8.5,road_loopA_f0,road_loopA_f1,3568.6,3675.0,106.4,1302.8,44.1,0
1709,car,4.5,road_loopA_f0,xloopA_0Bb,3625.0,3676.1,51.1,478.8,33.7,0
1624,car,4.5,road_loopA_f0,road_loopA_f1,3560.7,3676.6,115.9,1303.0,40.5,0
1634,truck,8.5,road_loopA_f0,road_loopA_f1,3564.5,3678.9,114.4,1303.1,41.0,0
1715,car,4.5,road_loopA_f0,xloopA_0Bb,3629.9,3679.7,49.8,478.6,34.6,0
1640,car,4.5,road_loopA_f0,road_loopA_f1,3570.4,3682.6,112.2,1302.9,41.8,0
1611,car,4.5,xloopA_0Ba,road_loopA_r1,3554.1,3685.1,131.0,476.7,13.1,1
1721,truck,8.5,road_loopA_f0,xloopA_0Bb,3635.5,3685.3,49.8,478.8,34.6,0
1619,bus,11.0,road_loopA_f0,road_loopA_f1,3557.7,3685.5,127.8,1303.8,36.7,1
1612,car,4.5,road_loopA_r0,road_loopA_r1,3554.8,3687.4,132.6,1298.3,35.3,1
1604,car,4.5,road_loopA_r0,road_loopA_r1,3548.3,3692.3,144.0,1298.2,32.5,1
1734,car,4.5,road_loopA_f0,xloopA_0Bb,3648.0,3693.3,45.3,478.6,38.0,0
1710,car,4.5,road_loopA_r0,xloopA_0Ab,3625.3,3693.8,68.5,869.0,45.7,0
1600,suv,4.8,road_loopA_r0,road_loopA_r1,3543.7,3694.2,150.5,1298.2,31.1,1
1610,truck,8.5,road_loopA_r0,road_loopA_r1,3553.6,3695.9,142.3,1297.8,32.8,1
1743,suv,4.8,road_loopA_f0,xloopA_0Bb,3652.7,3696.7,44.0,479.1,39.2,0
1613,car,4.5,road_loopA_r0,road_loopA_r1,3555.1,3696.9,141.8,1297.3,32.9,1
1585,car,4.5,xloopA_0Aa,road_loopA_r1,3529.3,3698.3,169.0,507.2,10.8,0
1615,car,4.5,road_loopA_r0,road_loopA_r1,3555.8,3699.1,143.3,1298.4,32.6,1
1635,car,4.5,road_loopA_r0,road_loopA_r1,3565.9,3699.3,133.4,1298.3,35.0,1
1609,suv,4.8,road_loopA_r0,road_loopA_r1,3552.1,3699.9,147.8,1297.9,31.6,1
1629,car,4.5,road_loopA_r0,road_loopA_r1,3563.6,3701.1,137.5,1297.3,34.0,1
1625,suv,4.8,road_loopA_r0,road_loopA_r1,3561.5,3701.7,140.2,1297.6,33.3,1
1630,car,4.5,road_loopA_r0,road_loopA_r1,3563.6,3702.3,138.7,1297.4,33.7,1
1646,car,4.5,road_loopA_r0,road_loopA_r1,3575.9,3702.9,127.0,1297.5,36.8,1
1637,truck,8.5,road_loopA_r0,road_loopA_r1,3566.9,3704.7,137.8,1297.6,33.9,1
1655,car,4.5,road_loopA_r0,road_loopA_r1,3585.7,3704.7,119.0,1298.6,39.3,1
1636,bus,11.0,road_loopA_f0,road_loopA_f1,3566.2,3705.3,139.1,1302.8,33.7,2
1659,car,4.5,road_loopA_r0,road_loopA_r1,3586.5,3706.6,120.1,1297.7,38.9,1
1631,car,4.5,road_loopA_r0,road_loopA_r1,3563.9,3707.7,143.8,1298.0,32.5,1
1660,truck,8.5,road_loopA_r0,road_loopA_r1,3588.2,3709.4,121.2,1297.2,38.5,0
1676,car,4.5,road_loopA_r0,road_loopA_r1,3595.8,3709.5,113.7,1297.5,41.1,0
1477,car,4.5,xloopA_0Aa,road_loopA_r1,3434.2,3710.8,276.6,506.8,6.6,1
1681,car,4.5,road_loopA_r0,road_loopA_r1,3599.6,3711.3,111.7,1297.6,41.8,0
1683,truck,8.5,road_loopA_r0,road_loopA_r1,3600.5,3711.6,111.1,1297.8,42.0,0
1623,car,4.5,road_loopA_r0,road_loopA_r1,3560.5,3712.5,152.0,1297.7,30.7,1
1652,car,4.5,road_loopA_f0,road_loopA_f1,3581.6,3713.0,131.4,1303.2,35.7,1
1691,car,4.5,road_loopA_r0,road_loopA_r1,3607.5,3713.1,105.6,1298.3,44.3,0
1687,car,4.5,road_loopA_r0,road_loopA_r1,3604.4,3713.5,109.1,1297.3,42.8,0
1638,car,4.5,road_loopA_r0,road_loopA_r1,3567.0,3714.2,147.2,1298.3,31.7,1
1653,car,4.5,road_loopA_f0,road_loopA_f1,3582.0,3714.5,132.5,1302.9,35.4,1
1699,suv,4.8,road_loopA_r0,road_loopA_r1,3611.2,3714.9,103.7,1298.1,45.1,0
1651,car,4.5,road_loopA_r0,road_loopA_r1,3580.2,3715.8,135.6,1297.9,34.5,1
1701,truck,8.5,road_loopA_r0,road_loopA_r1,3612.1,3717.1,105.0,1297.8,44.5,0
1578,suv,4.8,road_loopA_r0,xloopA_0Bb,3526.5,3717.9,191.4,895.7,16.8,2
1664,suv,4.8,road_loopA_f0,xloopA_0Ab,3590.3,3718.5,128.2,505.5,14.2,1
1700,suv,4.8,road_loopA_r0,road_loopA_r1,3611.8,3719.1,107.3,1297.7,43.5,0
1692,truck,8.5,road_loopA_r0,road_loopA_r1,3607.8,3719.2,111.4,1297.2,41.9,0
1662,car,4.5,road_loopA_f0,road_loopA_f1,3589.5,3720.2,130.7,1303.8,35.9,1
1580,suv,4.8,road_loopA_r0,xloopA_0Bb,3526.7,3720.6,193.9,896.0,16.6,2
1697,car,4.5,road_loopA_r0,road_loopA_r1,3609.7,3720.8,111.1,1297.6,42.0,0
1702,car,4.5,road_loopA_r0,road_loopA_r1,3612.6,3720.8,108.2,1298.7,43.2,0
1712,suv,4.8,road_loopA_r0,road_loopA_r1,3628.6,3720.9,92.3,1297.3,50.6,0
1671,car,4.5,road_loopA_f0,road_loopA_f1,3593.6,3721.9,128.3,1303.9,36.6,1
1705,car,4.5,road_loopA_r0,road_loopA_r1,3615.0,3722.6,107.6,1298.5,43.4,0
1714,car,4.5,road_loopA_r0,road_loopA_r1,3629.6,3722.8,93.2,1298.6,50.2,0
1593,suv,4.8,road_loopA_r0,xloopA_0Bb,3538.0,3723.3,185.3,895.9,17.4,2
1719,suv,4.8,road_loopA_r0,road_loopA_r1,3634.2,3724.7,90.5,1298.6,51.7,0
1645,suv,4.8,road_loopA_r0,xloopA_0Bb,3575.5,3726.0,150.5,895.9,21.4,1
1654,car,4.5,road_loopA_f0,road_loopA_f1,3584.3,3726.5,142.2,1302.9,33.0,1
1673,truck,8.5,road_loopA_f0,road_loopA_f1,3593.8,3727.2,133.4,1303.6,35.2,1
1704,suv,4.8,road_loopA_r0,road_loopA_r1,3614.3,3727.8,113.5,1297.6,41.2,0
1695,car,4.5,road_loopA_r0,xloopA_0Bb,3608.8,3728.7,119.9,895.8,26.9,1
1717,truck,8.5,road_loopA_r0,road_loopA_r1,3632.7,3730.3,97.6,1298.5,47.9,0
1674,car,4.5,road_loopA_f0,road_loopA_f1,3594.6,3732.1,137.5,1303.7,34.1,1
1680,car,4.5,road_loopA_f0,road_loopA_f1,3598.3,3732.1,133.8,1304.0,35.1,1
1729,car,4.5,road_loopA_r0,road_loopA_r1,3642.6,3732.8,90.2,1297.6,51.8,0
1730,car,4.5,road_loopA_r0,road_loopA_r1,3642.9,3732.9,90.0,1298.2,51.9,0
1668,car,4.5,road_loopA_f0,road_loopA_f1,3591.5,3733.5,142.0,1303.0,33.0,1
1588,car,4.5,xloopA_0Aa,xloopA_0Ab,3532.5,3733.6,201.1,84.1,1.5,1
1684,car,4.5,road_loopA_f0,road_loopA_f1,3602.0,3734.5,132.5,1303.9,35.4,1
1669,truck,8.5,road_loopA_f0,road_loopA_f1,3591.5,3735.6,144.1,1302.9,32.6,1
1597,car,4.5,xloopA_0Aa,xloopA_0Ab,3540.0,3735.7,195.7,84.0,1.5,1
1686,car,4.5,road_loopA_f0,road_loopA_f1,3602.2,3736.1,133.9,1303.1,35.0,1
1690,car,4.5,xloopA_0Ba,xloopA_0Bb,3606.9,3736.5,129.6,84.7,2.4,1
1694,car,4.5,road_loopA_f0,road_loopA_f1,3608.7,3737.9,129.2,1304.1,36.3,1
1599,car,4.5,xloopA_0Aa,xloopA_0Ab,3542.7,3737.9,195.2,84.0,1.5,1
1725,car,4.5,xloopA_0Ba,xloopA_0Bb,3638.3,3738.6,100.3,84.0,3.0,1
1698,car,4.5,road_loopA_f0,road_loopA_f1,3609.8,3740.0,130.2,1303.4,36.0,1
1621,car,4.5,xloopA_0Aa,xloopA_0Ab,3558.2,3740.3,182.1,84.5,1.7,0
1750,car,4.5,xloopA_0Ba,xloopA_0Bb,3658.8,3740.8,82.0,84.8,3.7,0
1713,suv,4.8,road_loopA_f0,road_loopA_f1,3629.2,3741.4,112.2,1304.2,41.8,0
1685,car,4.5,road_loopA_f0,road_loopA_f1,3602.1,3742.1,140.0,1303.8,33.5,1
1724,car,4.5,road_loopA_f0,road_loopA_f1,3637.5,3743.0,105.5,1303.7,44.5,0
1727,car,4.5,road_loopA_f0,road_loopA_f1,3641.4,3744.8,103.4,1303.9,45.4,0
1678,car,4.5,road_loopA_f0,road_loopA_f1,3597.4,3745.2,147.8,1303.4,31.7,1
1728,car,4.5,road_loopA_f0,road_loopA_f1,3642.2,3746.5,104.3,1303.2,45.0,0
1688,car,4.5,road_loopA_r0,road_loopA_r1,3604.5,3747.0,142.5,1298.0,32.8,0
1744,car,4.5,road_loopA_f0,road_loopA_f1,3652.9,3748.3,95.4,1303.6,49.2,0
1693,car,4.5,road_loopA_f0,road_loopA_f1,3608.4,3750.4,142.0,1302.8,33.0,1
1706,truck,8.5,road_loopA_f0,road_loopA_f1,3616.4,3750.6,134.2,1303.1,35.0,0
1720,car,4.5,road_loopA_f0,road_loopA_f1,3635.1,3750.9,115.8,1303.2,40.5,0
1732,suv,4.8,road_loopA_f0,road_loopA_f1,3647.4,3753.8,106.4,1302.9,44.1,0
1682,car,4.5,road_loopA_f0,road_loopA_f1,3599.8,3755.1,155.3,1303.3,30.2,1
1731,car,4.5,road_loopA_f0,road_loopA_f1,3646.5,3756.1,109.6,1303.6,42.8,0
1703,car,4.5,road_loopA_f0,road_loopA_f1,3612.9,3756.3,143.4,1303.6,32.7,1
1722,suv,4.8,road_loopA_f0,road_loopA_f1,3636.3,3757.7,121.4,1302.8,38.6,0
1708,car,4.5,road_loopA_f0,road_loopA_f1,3620.6,3759.5,138.9,1303.5,33.8,0
1587,car,4.5,xloopA_0Aa,road_loopA_f1,3532.2,3760.7,228.5,872.3,13.7,0
1648,car,4.5,road_loopA_f0,road_loopA_f1,3578.0,3761.1,183.1,1303.1,25.6,1
1740,car,4.5,road_loopA_f0,road_loopA_f1,3650.2,3761.7,111.5,1302.9,42.1,0
1767,car,4.5,road_loopA_f0,xloopA_0Bb,3669.9,3762.2,92.3,478.8,18.7,2
1766,car,4.5,road_loopA_r0,xloopA_0Ab,3669.8,3762.5,92.7,869.0,33.7,1
1650,truck,8.5,road_loopA_f0,road_loopA_f1,3579.6,3763.3,183.7,1303.4,25.5,1
1752,car,4.5,road_loopA_f0,road_loopA_f1,3659.4,3763.5,104.1,1303.3,45.1,0
1756,truck,8.5,road_loopA_f0,road_loopA_f1,3663.4,3765.7,102.3,1303.5,45.9,0
1718,car,4.5,road_loopA_f0,road_loopA_f1,3633.5,3766.6,133.1,1303.1,35.3,0
1696,suv,4.8,road_loopA_f0,road_loopA_f1,3609.2,3767.5,158.3,1303.7,29.6,1
1749,suv,4.8,road_loopA_f0,road_loopA_f1,3658.7,3767.8,109.1,1304.0,43.0,0
1760,car,4.5,road_loopA_f0,road_loopA_f1,3666.3,3769.6,103.3,1303.6,45.4,0
1661,suv,4.8,road_loopA_f0,road_loopA_f1,3588.9,3770.0,181.1,1304.1,25.9,1
1763,car,4.5,road_loopA_r0,xloopA_0Ab,3667.6,3770.8,103.2,869.3,30.3,1
1738,car,4.5,road_loopA_f0,road_loopA_f1,3649.9,3771.6,121.7,1303.9,38.6,0
1742,car,4.5,road_loopA_f0,road_loopA_f1,3651.3,3773.3,122.0,1304.1,38.5,0
1753,truck,8.5,road_loopA_f0,road_loopA_f1,3659.7,3774.5,114.8,1303.6,40.9,0
1733,car,4.5,road_loopA_f0,road_loopA_f1,3647.9,3775.4,127.5,1303.7,36.8,0
1745,car,4.5,road_loopA_f0,road_loopA_f1,3653.0,3777.3,124.3,1303.3,37.7,0
1723,car,4.5,road_loopA_f0,road_loopA_f1,3636.5,3777.7,141.2,1303.6,33.2,0
1736,car,4.5,road_loopA_f0,road_loopA_f1,3649.1,3779.4,130.3,1303.1,36.0,0
1735,car,4.5,road_loopA_f0,road_loopA_f1,3648.6,3785.8,137.2,1303.2,34.2,0
1707,suv,4.8,road_loopA_f0,road_loopA_f1,3616.8,3787.2,170.4,1303.3,27.5,1
1746,car,4.5,road_loopA_r0,road_loopA_r1,3653.8,3788.5,134.7,1298.2,34.7,1
1663,truck,8.5,road_loopA_f0,road_loopA_f1,3589.7,3788.9,199.2,1303.8,23.6,1
1762,car,4.5,road_loopA_r0,road_loopA_r1,3667.1,3790.1,123.0,1298.0,38.0,1
1666,car,4.5,xloopA_0Ba,road_loopA_f1,3590.5,3790.6,200.1,902.6,16.2,0
1786,car,4.5,xloopA_0Ba,road_loopA_r1,3685.8,3791.4,105.6,476.2,16.2,0
1759,car,4.5,road_loopA_r0,road_loopA_r1,3666.2,3792.0,125.8,1297.9,37.1,1
1689,car,4.5,xloopA_0Ba,road_loopA_r1,3605.0,3792.4,187.4,476.6,9.2,1
1726,truck,8.5,road_loopA_r0,road_loopA_r1,3640.9,3793.6,152.7,1297.6,30.6,1
1777,suv,4.8,road_loopA_r0,road_loopA_r1,3677.3,3793.7,116.4,1297.3,40.1,1
1641,car,4.5,xloopA_0Aa,road_loopA_r1,3571.1,3794.3,223.2,506.6,8.2,0
1761,car,4.5,road_loopA_r0,road_loopA_r1,3666.5,3795.6,129.1,1297.8,36.2,1
1783,suv,4.8,road_loopA_r0,road_loopA_r1,3682.6,3795.7,113.1,1298.6,41.3,1
1754,car,4.5,road_loopA_r0,road_loopA_r1,3661.0,3796.0,135.0,1297.6,34.6,1
1784,suv,4.8,road_loopA_r0,road_loopA_r1,3682.7,3797.1,114.4,1297.9,40.8,0
1755,car,4.5,road_loopA_r0,road_loopA_r1,3661.3,3797.4,136.1,1297.8,34.3,1
1737,suv,4.8,road_loopA_r0,road_loopA_r1,3649.5,3797.8,148.3,1297.2,31.5,1
1791,car,4.5,road_loopA_r0,road_loopA_r1,3689.2,3798.3,109.1,1297.7,42.8,0
1758,truck,8.5,road_loopA_r0,road_loopA_r1,3664.6,3799.3,134.7,1297.9,34.7,1
1751,suv,4.8,road_loopA_r0,road_loopA_r1,3659.1,3799.5,140.4,1297.3,33.3,1
1792,car,4.5,road_loopA_r0,road_loopA_r1,3689.5,3800.3,110.8,1297.5,42.1,0
1802,car,4.5,road_loopA_r0,road_loopA_r1,3695.9,3801.3,105.4,1297.8,44.3,0
1764,truck,8.5,road_loopA_r0,road_loopA_r1,3668.0,3801.7,133.7,1297.4,34.9,1
1806,car,4.5,road_loopA_r0,road_loopA_r1,3697.9,3802.7,104.8,1297.7,44.6,0
1876,car,4.5,road_loopA_f0,xloopA_0Bb,3761.4,3802.7,41.3,478.8,41.7,0
1808,car,4.5,road_loopA_r0,road_loopA_r1,3698.9,3802.8,103.9,1297.3,45.0,0
1782,car,4.5,road_loopA_r0,road_loopA_r1,3682.3,3803.9,121.6,1297.4,38.4,0
1788,suv,4.8,road_loopA_r0,road_loopA_r1,3686.5,3804.7,118.2,1297.7,39.5,0
1821,car,4.5,road_loopA_r0,road_loopA_r1,3708.8,3804.9,96.1,1297.3,48.6,0
1772,car,4.5,road_loopA_f0,road_loopA_f1,3674.3,3806.1,131.8,1303.0,35.6,1
1790,suv,4.8,road_loopA_r0,road_loopA_r1,3687.6,3806.1,118.5,1297.6,39.4,0
1811,suv,4.8,road_loopA_r0,road_loopA_r1,3703.5,3807.5,104.0,1298.6,44.9,0
1826,car,4.5,road_loopA_r0,road_loopA_r1,3714.6,3808.7,94.1,1298.6,49.7,0
1800,car,4.5,road_loopA_r0,road_loopA_r1,3694.6,3809.0,114.4,1298.3,40.9,0
1815,car,4.5,road_loopA_r0,road_loopA_r1,3704.9,3809.1,104.2,1297.5,44.8,0
1773,car,4.5,road_loopA_f0,road_loopA_f1,3674.5,3809.3,134.8,1302.9,34.8,1
1813,suv,4.8,road_loopA_r0,road_loopA_r1,3704.5,3811.1,106.6,1298.1,43.8,0
1819,car,4.5,road_loopA_r0,road_loopA_r1,3707.0,3811.2,104.2,1298.2,44.9,0
1739,suv,4.8,road_loopA_r0,xloopA_0Bb,3649.9,3811.5,161.6,896.0,20.0,1
1677,car,4.5,road_loopA_f0,xloopA_0Ab,3596.7,3812.4,215.7,505.0,8.4,2
1833,car,4.5,road_loopA_r0,road_loopA_r1,3722.2,3812.4,90.2,1298.6,51.8,0
1816,car,4.5,road_loopA_r0,road_loopA_r1,3705.1,3812.9,107.8,1298.0,43.3,0
1820,car,4.5,road_loopA_r0,road_loopA_r1,3707.5,3813.5,106.0,1298.6,44.1,0
1741,suv,4.8,road_loopA_r0,xloopA_0Bb,3650.8,3814.1,163.3,895.7,19.7,1
1780,car,4.5,road_loopA_f0,road_loopA_f1,3681.9,3814.1,132.2,1302.8,35.5,1
1716,car,4.5,road_loopA_f0,xloopA_0Ab,3631.4,3815.0,183.6,505.0,9.9,2
1824,car,4.5,road_loopA_r0,road_loopA_r1,3712.7,3815.2,102.5,1298.3,45.6,0
1837,car,4.5,road_loopA_r0,road_loopA_r1,3723.8,3815.7,91.9,1297.3,50.8,0
1747,car,4.5,road_loopA_r0,xloopA_0Bb,3653.9,3816.8,162.9,895.6,19.8,1
1770,car,4.5,road_loopA_f0,road_loopA_f1,3672.4,3816.9,144.5,1303.0,32.5,1
1789,suv,4.8,road_loopA_f0,road_loopA_f1,3687.4,3817.5,130.1,1303.6,36.1,1
1757,suv,4.8,road_loopA_f0,road_loopA_f1,3663.7,3817.7,154.0,1303.6,30.5,1
1797,suv,4.8,road_loopA_f0,xloopA_0Ab,3692.2,3817.7,125.5,505.3,14.5,1
1823,car,4.5,road_loopA_r0,road_loopA_r1,3711.1,3817.7,106.6,1298.4,43.9,0
1778,truck,8.5,road_loopA_f0,road_loopA_f1,3678.5,3819.1,140.6,1302.8,33.4,1
1769,suv,4.8,road_loopA_f0,road_loopA_f1,3671.6,3819.4,147.8,1303.4,31.7,1
1827,car,4.5,road_loopA_r0,road_loopA_r1,3715.5,3819.5,104.0,1297.7,44.9,0
1835,car,4.5,road_loopA_r0,road_loopA_r1,3723.4,3819.8,96.4,1297.6,48.5,0
1787,truck,8.5,road_loopA_r0,xloopA_0Bb,3686.2,3820.3,134.1,896.0,24.0,1
1809,suv,4.8,road_loopA_r0,road_loopA_r1,3699.5,3820.7,121.2,1297.4,38.6,1
1771,car,4.5,road_loopA_f0,road_loopA_f1,3672.7,3821.2,148.5,1303.9,31.6,1
1798,suv,4.8,road_loopA_f0,road_loopA_f1,3692.4,3821.9,129.5,1303.3,36.2,1
1781,suv,4.8,road_loopA_f0,road_loopA_f1,3681.9,3822.3,140.4,1302.9,33.4,1
1803,car,4.5,road_loopA_r0,road_loopA_r1,3696.2,3822.5,126.3,1298.1,37.0,1
1774,car,4.5,road_loopA_f0,road_loopA_f1,3675.1,3822.9,147.8,1302.9,31.7,1
1795,truck,8.5,road_loopA_f0,road_loopA_f1,3690.5,3824.5,134.0,1304.0,35.0,1
1801,car,4.5,road_loopA_f0,road_loopA_f1,3694.7,3824.6,129.9,1303.0,36.1,1
1779,truck,8.5,road_loopA_f0,road_loopA_f1,3681.0,3825.1,144.1,1303.3,32.6,1
1793,car,4.5,xloopA_0Ba,xloopA_0Bb,3689.6,3826.5,136.9,84.3,2.2,1
1805,car,4.5,road_loopA_f0,road_loopA_f1,3697.8,3826.8,129.0,1303.8,36.4,1
1670,bus,11.0,road_loopA_r0,road_loopA_r1,3592.8,3827.2,234.4,1298.2,19.9,3
1785,car,4.5,road_loopA_f0,road_loopA_f1,3684.6,3827.2,142.6,1303.9,32.9,1
1657,car,4.5,xloopA_0Aa,xloopA_0Ab,3586.3,3827.4,241.1,84.4,1.3,1
1831,suv,4.8,road_loopA_f0,road_loopA_f1,3722.0,3829.0,107.0,1303.7,43.9,0
1799,car,4.5,road_loopA_f0,road_loopA_f1,3694.2,3829.1,134.9,1303.6,34.8,1
1794,truck,8.5,road_loopA_f0,road_loopA_f1,3690.1,3829.4,139.3,1304.2,33.7,1
1665,car,4.5,xloopA_0Aa,xloopA_0Ab,3590.6,3829.4,238.8,84.3,1.3,1
1804,car,4.5,xloopA_0Ba,xloopA_0Bb,3696.5,3830.4,133.9,84.3,2.3,1
1822,car,4.5,road_loopA_f0,road_loopA_f1,3710.9,3831.0,120.1,1303.1,39.1,1
1796,car,4.5,road_loopA_f0,road_loopA_f1,3690.8,3831.4,140.6,1303.1,33.4,1
1846,car,4.5,road_loopA_f0,road_loopA_f1,3732.3,3831.9,99.6,1303.1,47.1,0
1711,car,4.5,xloopA_0Aa,xloopA_0Ab,3625.5,3832.5,207.0,84.3,1.5,0
1812,car,4.5,xloopA_0Ba,xloopA_0Bb,3703.5,3832.7,129.2,84.6,2.4,1
1748,car,4.5,xloopA_0Aa,xloopA_0Ab,3658.4,3834.4,176.0,84.8,1.7,0
1843,car,4.5,road_loopA_f0,road_loopA_f1,3731.0,3834.7,103.7,1304.0,45.3,0
1814,car,4.5,xloopA_0Ba,xloopA_0Bb,3704.8,3835.0,130.2,84.5,2.3,0
1855,car,4.5,road_loopA_f0,road_loopA_f1,3741.1,3836.5,95.4,1303.3,49.2,0
1818,car,4.5,xloopA_0Ba,xloopA_0Bb,3705.8,3837.0,131.2,84.5,2.3,0
1817,suv,4.8,road_loopA_f0,road_loopA_f1,3705.1,3837.3,132.2,1304.0,35.5,1
1861,car,4.5,road_loopA_f0,road_loopA_f1,3747.0,3838.0,91.0,1302.9,51.5,0
1862,suv,4.8,road_loopA_f0,road_loopA_f1,3747.4,3840.4,93.0,1304.2,50.5,0
1841,truck,8.5,road_loopA_f0,road_loopA_f1,3728.7,3841.1,112.4,1303.7,41.7,0
1828,car,4.5,road_loopA_f0,road_loopA_f1,3715.8,3843.1,127.3,1303.5,36.9,0
1845,car,4.5,road_loopA_f0,road_loopA_f1,3732.1,3844.3,112.2,1304.1,41.8,0
1825,car,4.5,road_loopA_r0,xloopA_0Ab,3714.6,3845.3,130.7,869.2,23.9,2
1847,suv,4.8,road_loopA_f0,road_loopA_f1,3736.1,3845.7,109.6,1303.8,42.8,0
1854,suv,4.8,road_loopA_f0,road_loopA_f1,3740.8,3845.7,104.9,1303.3,44.7,0
1860,suv,4.8,road_loopA_f0,road_loopA_f1,3746.7,3847.3,100.6,1303.0,46.6,0
1851,suv,4.8,road_loopA_f0,road_loopA_f1,3739.1,3847.6,108.5,1303.6,43.3,0
1889,suv,4.8,road_loopA_f0,xloopA_0Bb,3771.1,3847.8,76.7,478.9,22.5,1
1864,car,4.5,road_loopA_f0,road_loopA_f1,3750.9,3850.2,99.3,1302.8,47.2,0
1850,bus,11.0,road_loopA_f0,road_loopA_f1,3738.8,3851.1,112.3,1303.6,41.8,1
1870,car,4.5,road_loopA_f0,road_loopA_f1,3756.5,3852.2,95.7,1302.9,49.0,0
1810,suv,4.8,road_loopA_f0,road_loopA_f1,3701.1,3852.5,151.4,1303.6,31.0,1
1675,car,4.5,road_loopA_f0,road_loopA_f1,3595.4,3854.2,258.8,1304.0,18.1,2
1871,suv,4.8,road_loopA_r0,xloopA_0Ab,3756.8,3855.1,98.3,869.2,31.8,1
1906,car,4.5,road_loopA_f0,xloopA_0Bb,3790.8,3855.4,64.6,478.6,26.7,1
1875,truck,8.5,road_loopA_f0,road_loopA_f1,3760.2,3857.8,97.6,1303.5,48.1,0
1880,car,4.5,road_loopA_f0,road_loopA_f1,3765.1,3858.3,93.2,1303.5,50.4,0
1865,car,4.5,road_loopA_f0,road_loopA_f1,3751.0,3858.9,107.9,1303.0,43.5,0
1840,bus,11.0,road_loopA_f0,road_loopA_f1,3727.8,3867.4,139.6,1303.8,33.6,1
1872,truck,8.5,road_loopA_f0,road_loopA_f1,3757.0,3870.2,113.2,1303.8,41.5,0
1852,suv,4.8,road_loopA_r0,road_loopA_r1,3739.4,3872.7,133.3,1297.5,35.1,1
1848,suv,4.8,road_loopA_r0,road_loopA_r1,3736.2,3873.9,137.7,1297.5,33.9,1
1857,car,4.5,road_loopA_r0,road_loopA_r1,3741.9,3876.4,134.5,1298.3,34.8,1
1856,truck,8.5,road_loopA_r0,road_loopA_r1,3741.1,3877.3,136.2,1298.3,34.3,1
1950,car,4.5,road_loopA_f0,xloopA_0Bb,3839.2,3879.2,40.0,478.7,43.1,0
1863,car,4.5,road_loopA_r0,road_loopA_r1,3750.3,3880.7,130.4,1298.4,35.9,1
1844,suv,4.8,road_loopA_r0,road_loopA_r1,3731.8,3882.6,150.8,1297.4,31.0,1
1883,car,4.5,road_loopA_r0,road_loopA_r1,3767.5,3883.6,116.1,1297.5,40.2,1
1667,car,4.5,xloopA_0Aa,road_loopA_r1,3590.7,3887.5,296.8,507.1,6.2,1
1838,car,4.5,road_loopA_r0,road_loopA_r1,3725.6,3887.9,162.3,1297.3,28.8,1
1853,truck,8.5,road_loopA_r0,road_loopA_r1,3740.2,3888.2,148.0,1298.3,31.6,1
1858,truck,8.5,road_loopA_r0,road_loopA_r1,3742.5,3889.6,147.1,1297.3,31.7,1
1868,suv,4.8,road_loopA_r0,road_loopA_r1,3755.7,3890.0,134.3,1298.4,34.8,1
1877,suv,4.8,road_loopA_r0,road_loopA_r1,3763.2,3890.4,127.2,1297.6,36.7,1
1866,car,4.5,road_loopA_r0,road_loopA_r1,3753.4,3891.6,138.2,1298.0,33.8,1
1879,car,4.5,road_loopA_r0,road_loopA_r1,3763.3,3891.9,128.6,1298.6,36.4,1
1887,suv,4.8,road_loopA_r0,road_loopA_r1,3770.0,3892.3,122.3,1298.2,38.2,1
1874,car,4.5,road_loopA_r0,road_loopA_r1,3759.4,3893.4,134.0,1298.3,34.9,1
1768,bus,11.0,road_loopA_f0,road_loopA_f1,3671.5,3894.0,222.5,1303.1,21.1,4
1899,car,4.5,road_loopA_r0,road_loopA_r1,3787.0,3894.1,107.1,1298.6,43.6,0
1878,suv,4.8,road_loopA_r0,road_loopA_r1,3763.2,3894.8,131.6,1297.9,35.5,1
1894,car,4.5,road_loopA_r0,road_loopA_r1,3776.9,3896.1,119.2,1297.5,39.2,0
1888,truck,8.5,road_loopA_r0,road_loopA_r1,3770.2,3896.7,126.5,1297.8,36.9,1
1905,car,4.5,road_loopA_r0,road_loopA_r1,3790.5,3896.9,106.4,1297.4,43.9,0
1867,car,4.5,road_loopA_r0,road_loopA_r1,3755.7,3898.4,142.7,1297.8,32.7,1
1882,car,4.5,road_loopA_f0,road_loopA_f1,3765.9,3898.6,132.7,1303.6,35.4,1
1885,suv,4.8,road_loopA_f0,road_loopA_f1,3768.4,3898.7,130.3,1303.8,36.0,1
1910,car,4.5,road_loopA_r0,road_loopA_r1,3795.2,3898.7,103.5,1298.5,45.2,0
1895,car,4.5,road_loopA_r0,road_loopA_r1,3780.2,3898.8,118.6,1298.1,39.4,0
1900,car,4.5,road_loopA_r0,road_loopA_r1,3787.0,3900.6,113.6,1297.8,41.1,0
1903,car,4.5,road_loopA_r0,road_loopA_r1,3789.6,3900.7,111.1,1298.3,42.1,0
1916,suv,4.8,road_loopA_r0,road_loopA_r1,3801.0,3901.0,100.0,1298.3,46.7,0
1913,suv,4.8,road_loopA_r0,road_loopA_r1,3798.4,3902.6,104.2,1298.7,44.9,0
1904,truck,8.5,road_loopA_r0,road_loopA_r1,3789.7,3902.8,113.1,1297.9,41.3,0
1912,suv,4.8,road_loopA_r0,road_loopA_r1,3796.8,3903.3,106.5,1297.6,43.9,0
1927,suv,4.8,road_loopA_r0,road_loopA_r1,3810.7,3904.4,93.7,1298.0,49.9,0
1908,suv,4.8,road_loopA_r0,road_loopA_r1,3792.7,3904.9,112.2,1298.4,41.7,0
1834,suv,4.8,road_loopA_r0,xloopA_0Bb,3722.9,3905.0,182.1,896.0,17.7,2
1909,car,4.5,road_loopA_f0,xloopA_0Ab,3795.0,3905.5,110.5,505.1,16.5,1
1892,truck,8.5,road_loopA_f0,road_loopA_f1,3775.8,3906.3,130.5,1303.5,35.9,1
1920,car,4.5,road_loopA_r0,road_loopA_r1,3803.2,3907.0,103.8,1297.8,45.0,0
1929,suv,4.8,road_loopA_r0,road_loopA_r1,3812.0,3907.1,95.1,1298.3,49.1,0
1956,car,4.5,road_loopA_f0,xloopA_0Ab,3848.9,3908.1,59.2,505.1,30.7,1
1830,truck,8.5,road_loopA_r0,xloopA_0Bb,3721.7,3908.4,186.7,895.9,17.3,2
1893,car,4.5,road_loopA_f0,road_loopA_f1,3775.8,3908.9,133.1,1302.8,35.2,1
1932,car,4.5,road_loopA_r0,road_loopA_r1,3815.1,3908.9,93.8,1297.6,49.8,0
1886,car,4.5,road_loopA_f0,road_loopA_f1,3769.4,3910.5,141.1,1303.7,33.3,1
1919,car,4.5,road_loopA_r0,road_loopA_r1,3803.0,3911.0,108.0,1297.7,43.2,0
1901,suv,4.8,road_loopA_r0,xloopA_0Bb,3787.1,3911.5,124.4,896.0,25.9,1
1898,car,4.5,road_loopA_f0,road_loopA_f1,3786.9,3912.0,125.1,1303.1,37.5,1
1897,suv,4.8,road_loopA_f0,road_loopA_f1,3786.1,3913.0,126.9,1303.8,37.0,1
1915,car,4.5,road_loopA_r0,road_loopA_r1,3800.2,3913.3,113.1,1298.0,41.3,0
1911,car,4.5,road_loopA_r0,xloopA_0Bb,3795.2,3914.1,118.9,895.5,27.1,1
1917,car,4.5,road_loopA_f0,road_loopA_f1,3801.8,3914.6,112.8,1303.1,41.6,1
1902,car,4.5,road_loopA_f0,road_loopA_f1,3787.7,3914.7,127.0,1303.7,37.0,1
1937,car,4.5,road_loopA_r0,road_loopA_r1,3821.4,3915.8,94.4,1298.2,49.5,0
1914,car,4.5,road_loopA_f0,road_loopA_f1,3799.2,3916.5,117.3,1303.8,40.0,1
1918,suv,4.8,road_loopA_f0,road_loopA_f1,3802.0,3917.4,115.4,1303.6,40.7,1
1881,car,4.5,road_loopA_f0,road_loopA_f1,3765.5,3917.6,152.1,1303.7,30.9,1
1923,car,4.5,road_loopA_f0,road_loopA_f1,3806.3,3919.0,112.7,1302.9,41.6,0
1924,suv,4.8,road_loopA_f0,road_loopA_f1,3806.9,3919.2,112.3,1303.9,41.8,0
1836,car,4.5,xloopA_0Ba,xloopA_0Bb,3723.9,3920.2,196.3,84.1,1.5,1
1931,car,4.5,road_loopA_f0,road_loopA_f1,3814.5,3920.9,106.4,1304.0,44.1,0
1938,suv,4.8,road_loopA_r0,road_loopA_r1,3823.8,3921.0,97.2,1298.0,48.1,0
1925,car,4.5,road_loopA_f0,road_loopA_f1,3808.5,3921.5,113.0,1303.7,41.5,0
1884,suv,4.8,road_loopA_f0,road_loopA_f1,3768.1,3921.6,153.5,1303.2,30.6,1
1939,car,4.5,road_loopA_r0,road_loopA_r1,3825.5,3921.7,96.2,1297.4,48.5,0
1765,car,4.5,xloopA_0Aa,xloopA_0Ab,3668.2,3921.7,253.5,84.3,1.2,1
1935,car,4.5,road_loopA_f0,road_loopA_f1,3818.5,3922.6,104.1,1303.9,45.1,0
1940,suv,4.8,road_loopA_r0,road_loopA_r1,3827.3,3922.7,95.4,1298.2,49.0,0
1930,suv,4.8,road_loopA_f0,road_loopA_f1,3813.3,3923.2,109.9,1303.2,42.7,0
1891,suv,4.8,road_loopA_f0,road_loopA_f1,3774.8,3923.3,148.5,1303.4,31.6,1
1842,car,4.5,xloopA_0Ba,xloopA_0Bb,3730.6,3923.5,192.9,84.5,1.6,1
1776,car,4.5,xloopA_0Aa,xloopA_0Ab,3675.9,3923.9,248.0,84.5,1.2,1
1936,car,4.5,road_loopA_f0,road_loopA_f1,3818.8,3924.3,105.5,1302.9,44.5,0
1907,car,4.5,road_loopA_f0,road_loopA_f1,3792.1,3925.2,133.1,1303.2,35.2,1
1922,car,4.5,road_loopA_f0,road_loopA_f1,3806.0,3925.9,119.9,1304.0,39.2,1
1859,car,4.5,xloopA_0Ba,xloopA_0Bb,3745.5,3926.1,180.6,84.5,1.7,0
1928,car,4.5,road_loopA_f0,road_loopA_f1,3811.5,3926.3,114.8,1303.4,40.9,0
1933,car,4.5,road_loopA_f0,road_loopA_f1,3816.2,3927.8,111.6,1303.1,42.0,0
1945,suv,4.8,road_loopA_f0,road_loopA_f1,3832.8,3929.2,96.4,1303.0,48.7,0
1943,car,4.5,road_loopA_f0,road_loopA_f1,3829.7,3931.4,101.7,1303.8,46.1,0
1955,suv,4.8,road_loopA_f0,road_loopA_f1,3848.1,3937.4,89.3,1303.1,52.5,0
1957,car,4.5,road_loopA_f0,road_loopA_f1,3850.5,3940.6,90.1,1302.8,52.1,0
1958,car,4.5,road_loopA_r0,xloopA_0Ab,3850.9,3940.9,90.0,869.1,34.8,1
2000,car,4.5,road_loopA_f0,xloopA_0Bb,3886.2,3942.8,56.6,478.7,30.4,1
1965,car,4.5,road_loopA_f0,road_loopA_f1,3857.8,3947.2,89.4,1303.1,52.5,0
2017,suv,4.8,road_loopA_f0,xloopA_0Bb,3897.5,3949.1,51.6,478.9,33.4,0
1949,car,4.5,road_loopA_r0,xloopA_0Ab,3836.7,3949.2,112.5,869.0,27.8,3
1953,car,4.5,road_loopA_f0,road_loopA_f1,3845.1,3954.6,109.5,1303.8,42.9,0
1896,bus,11.0,road_loopA_f0,road_loopA_f1,3785.6,3973.0,187.4,1302.8,25.0,3
1807,car,4.5,xloopA_0Aa,road_loopA_r1,3698.7,3975.2,276.5,506.6,6.6,1
1921,car,4.5,xloopA_0Ba,road_loopA_r1,3804.9,3977.8,172.9,476.9,9.9,0
1934,car,4.5,road_loopA_r0,road_loopA_r1,3816.6,3977.9,161.3,1297.6,29.0,1
1951,suv,4.8,road_loopA_r0,road_loopA_r1,3839.5,3978.8,139.3,1297.5,33.5,1
1829,car,4.5,xloopA_0Aa,road_loopA_r1,3718.3,3979.7,261.4,506.8,7.0,0
1959,car,4.5,road_loopA_r0,road_loopA_r1,3852.8,3980.5,127.7,1297.5,36.6,1
1944,truck,8.5,road_loopA_r0,road_loopA_r1,3829.8,3980.6,150.8,1297.3,31.0,1
1962,suv,4.8,road_loopA_r0,road_loopA_r1,3853.8,3982.3,128.5,1298.1,36.4,1
1942,car,4.5,road_loopA_r0,road_loopA_r1,3828.8,3982.8,154.0,1298.3,30.4,1
1964,truck,8.5,road_loopA_r0,road_loopA_r1,3857.0,3983.9,126.9,1298.3,36.8,1
1946,car,4.5,road_loopA_r0,road_loopA_r1,3833.0,3984.6,151.6,1298.1,30.8,1
1973,car,4.5,road_loopA_r0,road_loopA_r1,3863.0,3986.0,123.0,1298.6,38.0,1
1948,car,4.5,road_loopA_r0,road_loopA_r1,3833.7,3986.3,152.6,1297.7,30.6,1
1832,car,4.5,xloopA_0Aa,road_loopA_r1,3722.3,3986.6,264.3,506.4,6.9,0
1952,car,4.5,road_loopA_r0,road_loopA_r1,3844.6,3988.4,143.8,1298.4,32.5,1
1947,truck,8.5,road_loopA_r0,road_loopA_r1,3833.4,3988.8,155.4,1297.7,30.1,1
1976,suv,4.8,road_loopA_r0,road_loopA_r1,3866.4,3988.8,122.4,1297.5,38.2,1
2009,car,4.5,road_loopA_r0,road_loopA_r1,3889.1,3989.7,100.6,1297.8,46.4,0
1963,truck,8.5,road_loopA_r0,road_loopA_r1,3856.1,3990.5,134.4,1298.4,34.8,1
1954,car,4.5,road_loopA_r0,road_loopA_r1,3847.9,3990.8,142.9,1297.4,32.7,1
1986,car,4.5,road_loopA_r0,road_loopA_r1,3878.7,3991.6,112.9,1297.4,41.4,0
1967,suv,4.8,road_loopA_r0,road_loopA_r1,3860.7,3992.5,131.8,1297.7,35.5,1
1969,car,4.5,road_loopA_r0,road_loopA_r1,3861.7,3992.5,130.8,1297.3,35.7,1
1984,suv,4.8,road_loopA_r0,road_loopA_r1,3876.1,3994.2,118.1,1297.7,39.5,0
1968,car,4.5,road_loopA_f0,road_loopA_f1,3860.8,3994.3,133.5,1304.0,35.2,1
1978,suv,4.8,road_loopA_r0,road_loopA_r1,3870.9,3994.3,123.4,1298.2,37.9,1
1966,truck,8.5,road_loopA_r0,road_loopA_r1,3860.6,3994.8,134.2,1298.5,34.8,1
1991,car,4.5,road_loopA_r0,road_loopA_r1,3881.0,3995.1,114.1,1297.9,40.9,0
1977,car,4.5,road_loopA_r0,road_loopA_r1,3870.3,3996.7,126.4,1297.5,37.0,1
1971,car,4.5,road_loopA_r0,road_loopA_r1,3862.4,3996.8,134.4,1297.6,34.8,1
1972,car,4.5,road_loopA_f0,road_loopA_f1,3862.4,3997.3,134.9,1303.6,34.8,1
1981,car,4.5,road_loopA_f0,road_loopA_f1,3872.4,3997.5,125.1,1303.8,37.5,1
1989,car,4.5,road_loopA_r0,road_loopA_r1,3880.0,3997.8,117.8,1298.1,39.7,0
1974,truck,8.5,road_loopA_r0,road_loopA_r1,3865.0,3999.0,134.0,1298.3,34.9,1
2023,car,4.5,road_loopA_f0,xloopA_0Ab,3909.0,3999.0,90.0,505.1,20.2,1
1985,suv,4.8,road_loopA_r0,road_loopA_r1,3877.1,3999.6,122.5,1298.0,38.1,0
1990,truck,8.5,road_loopA_r0,xloopA_0Bb,3880.1,3999.6,119.5,895.3,27.0,1
1980,car,4.5,road_loopA_r0,road_loopA_r1,3871.8,4001.3,129.5,1297.7,36.1,7
1988,car,4.5,road_loopA_r0,road_loopA_r1,3879.5,4001.6,122.1,1298.4,38.3,0
2044,suv,4.8,road_loopA_f0,xloopA_0Ab,3938.6,4001.7,63.1,505.7,28.8,1
1992,car,4.5,road_loopA_r0,road_loopA_r1,3882.2,4002.7,120.5,1298.2,38.8,0
1997,suv,4.8,road_loopA_f0,road_loopA_f1,3885.9,4003.8,117.9,1303.1,39.8,1
2031,truck,8.5,road_loopA_r0,xloopA_0Bb,3922.6,4003.9,81.3,895.8,39.7,0
1994,suv,4.8,road_loopA_r0,road_loopA_r1,3883.3,4004.5,121.2,1298.1,38.6,0
1993,car,4.5,road_loopA_r0,road_loopA_r1,3883.4,4004.7,121.3,1298.4,38.5,0
1975,suv,4.8,road_loopA_f0,road_loopA_f1,3865.1,4005.5,140.4,1303.5,33.4,1
2007,car,4.5,road_loopA_f0,road_loopA_f1,3888.7,4005.9,117.2,1303.8,40.1,1
2002,car,4.5,road_loopA_r0,road_loopA_r1,3887.8,4006.5,118.7,1297.7,39.3,0
2022,truck,8.5,road_loopA_r0,road_loopA_r1,3908.9,4007.0,98.1,1297.8,47.6,0
1982,car,4.5,road_loopA_f0,road_loopA_f1,3873.7,4007.2,133.5,1303.0,35.1,1
2005,car,4.5,road_loopA_r0,road_loopA_r1,3888.3,4008.0,119.7,1297.4,39.0,0
2003,car,4.5,road_loopA_f0,road_loopA_f1,3887.8,4008.6,120.8,1304.2,38.9,1
2021,car,4.5,road_loopA_r0,road_loopA_r1,3903.2,4009.4,106.2,1297.3,44.0,0
2004,suv,4.8,road_loopA_r0,road_loopA_r1,3887.9,4010.1,122.2,1297.5,38.2,0
2012,truck,8.5,road_loopA_f0,road_loopA_f1,3892.3,4011.2,118.9,1302.8,39.4,1
2024,car,4.5,road_loopA_r0,road_loopA_r1,3910.4,4011.2,100.8,1297.6,46.3,0
1849,car,4.5,xloopA_0Aa,xloopA_0Ab,3736.9,4011.2,274.3,84.6,1.1,1
2011,car,4.5,road_loopA_r0,road_loopA_r1,3890.3,4011.9,121.6,1297.6,38.4,0
1996,car,4.5,road_loopA_f0,road_loopA_f1,3885.1,4014.7,129.6,1303.1,36.2,1
2027,suv,4.8,road_loopA_r0,road_loopA_r1,3920.6,4015.7,95.1,1298.1,49.1,0
2008,car,4.5,road_loopA_f0,road_loopA_f1,3888.9,4015.9,127.0,1303.6,37.0,1
1983,car,4.5,road_loopA_f0,road_loopA_f1,3875.6,4016.2,140.6,1303.5,33.4,1
2014,car,4.5,road_loopA_f0,road_loopA_f1,3894.5,4016.4,121.9,1303.6,38.5,1
2025,car,4.5,xloopA_0Ba,xloopA_0Bb,3916.0,4017.9,101.9,84.2,3.0,1
2018,car,4.5,road_loopA_f0,road_loopA_f1,3899.7,4018.2,118.5,1302.9,39.6,1
2006,suv,4.8,road_loopA_f0,road_loopA_f1,3888.7,4019.8,131.1,1302.9,35.8,1
1890,car,4.5,xloopA_0Aa,xloopA_0Ab,3772.3,4020.0,247.7,84.1,1.2,0
2026,car,4.5,road_loopA_f0,road_loopA_f1,3916.7,4020.1,103.4,1304.1,45.4,0
2029,car,4.5,xloopA_0Ba,xloopA_0Bb,3921.7,4020.1,98.4,84.7,3.1,0
2013,car,4.5,road_loopA_f0,road_loopA_f1,3892.6,4021.1,128.5,1303.3,36.5,1
2037,car,4.5,road_loopA_f0,road_loopA_f1,3926.8,4021.8,95.0,1303.2,49.4,0
1926,car,4.5,xloopA_0Aa,xloopA_0Ab,3810.0,4021.9,211.9,84.3,1.4,0
2033,car,4.5,xloopA_0Ba,xloopA_0Bb,3924.1,4022.0,97.9,84.6,3.1,0
2010,suv,4.8,road_loopA_f0,road_loopA_f1,3889.5,4022.7,133.2,1303.7,35.2,1
2039,car,4.5,road_loopA_f0,road_loopA_f1,3929.2,4023.6,94.4,1303.8,49.7,0
1941,car,4.5,xloopA_0Aa,xloopA_0Ab,3827.5,4023.8,196.3,84.5,1.5,0
2050,car,4.5,xloopA_0Ba,xloopA_0Bb,3943.8,4023.9,80.1,84.5,3.8,0
1839,car,4.5,xloopA_0Ba,road_loopA_f1,3725.9,4025.2,299.3,903.0,10.9,1
2020,car,4.5,road_loopA_f0,road_loopA_f1,3902.0,4026.0,124.0,1302.8,37.8,1
2016,car,4.5,road_loopA_f0,road_loopA_f1,3896.0,4026.1,130.1,1303.3,36.1,1
1970,truck,8.5,road_loopA_f0,road_loopA_f1,3862.0,4027.4,165.4,1303.0,28.4,1
2034,car,4.5,road_loopA_f0,road_loopA_f1,3925.5,4029.1,103.6,1303.0,45.3,0
2028,suv,4.8,road_loopA_r0,xloopA_0Ab,3921.1,4029.8,108.7,869.4,28.8,2
1979,truck,8.5,road_loopA_f0,road_loopA_f1,3871.0,4030.0,159.0,1303.8,29.5,1
2047,car,4.5,road_loopA_f0,road_loopA_f1,3939.5,4030.5,91.0,1303.3,51.6,0
2035,truck,8.5,road_loopA_f0,road_loopA_f1,3925.5,4031.5,106.0,1303.4,44.3,0
1987,car,4.5,road_loopA_f0,road_loopA_f1,3879.0,4032.0,153.0,1303.9,30.7,1
1995,car,4.5,road_loopA_f0,road_loopA_f1,3884.0,4033.7,149.7,1303.6,31.4,1
2040,car,4.5,road_loopA_f0,road_loopA_f1,3931.5,4035.0,103.5,1303.4,45.3,0
2001,car,4.5,road_loopA_f0,road_loopA_f1,3887.5,4035.4,147.9,1302.8,31.7,1
2030,suv,4.8,road_loopA_f0,road_loopA_f1,3921.8,4037.3,115.5,1304.1,40.6,0
2090,car,4.5,road_loopA_f0,xloopA_0Bb,3987.7,4038.0,50.3,478.7,34.2,0
2052,truck,8.5,road_loopA_r0,xloopA_0Ab,3943.9,4039.7,95.8,868.9,32.7,1
2060,car,4.5,road_loopA_f0,road_loopA_f1,3948.1,4040.4,92.3,1303.2,50.8,0
2106,car,4.5,road_loopA_f0,xloopA_0Bb,4000.4,4042.3,41.9,479.1,41.2,0
2061,suv,4.8,road_loopA_f0,road_loopA_f1,3949.4,4043.6,94.2,1302.8,49.8,0
2046,car,4.5,road_loopA_f0,road_loopA_f1,3939.1,4043.8,104.7,1303.6,44.8,0
2049,car,4.5,road_loopA_f0,road_loopA_f1,3942.2,4045.5,103.3,1302.8,45.4,0
2055,truck,8.5,road_loopA_f0,road_loopA_f1,3945.4,4047.7,102.3,1303.1,45.8,0
2059,car,4.5,road_loopA_f0,road_loopA_f1,3948.0,4049.8,101.8,1303.7,46.1,0
2043,car,4.5,road_loopA_r0,road_loopA_r1,3935.2,4055.6,120.4,1297.6,38.8,1
2080,car,4.5,road_loopA_r0,xloopA_0Ab,3976.7,4055.9,79.2,869.1,39.5,0
2045,truck,8.5,road_loopA_f0,road_loopA_f1,3938.6,4058.0,119.4,1303.2,39.3,0
2048,car,4.5,road_loopA_r0,road_loopA_r1,3941.1,4059.5,118.4,1298.4,39.5,1
2038,suv,4.8,road_loopA_r0,road_loopA_r1,3928.3,4061.5,133.2,1298.3,35.1,1
2051,car,4.5,road_loopA_r0,road_loopA_r1,3943.8,4064.2,120.4,1297.9,38.8,1
2041,car,4.5,road_loopA_r0,road_loopA_r1,3932.1,4065.4,133.3,1297.3,35.0,1
2054,suv,4.8,road_loopA_r0,road_loopA_r1,3944.7,4065.6,120.9,1297.7,38.6,1
2069,suv,4.8,road_loopA_r0,xloopA_0Ab,3964.5,4065.7,101.2,869.4,30.9,1
1999,car,4.5,xloopA_0Ba,road_loopA_r1,3886.2,4066.0,179.8,476.7,9.5,1
2058,car,4.5,road_loopA_r0,road_loopA_r1,3947.3,4067.2,119.9,1297.7,39.0,1
2057,car,4.5,road_loopA_r0,road_loopA_r1,3947.3,4068.7,121.4,1298.0,38.5,1
2075,car,4.5,road_loopA_r0,road_loopA_r1,3970.9,4068.8,97.9,1297.8,47.7,0
2068,car,4.5,road_loopA_r0,road_loopA_r1,3963.3,4070.4,107.1,1298.0,43.6,0
2082,suv,4.8,road_loopA_r0,road_loopA_r1,3979.6,4071.2,91.6,1297.9,51.0,0
2072,car,4.5,road_loopA_r0,road_loopA_r1,3969.3,4072.1,102.8,1297.6,45.5,0
1873,car,4.5,xloopA_0Aa,road_loopA_r1,3757.4,4073.6,316.2,506.7,5.8,1
2076,car,4.5,road_loopA_r0,road_loopA_r1,3971.8,4073.9,102.1,1298.1,45.8,0
2084,car,4.5,road_loopA_r0,road_loopA_r1,3980.3,4074.5,94.2,1298.6,49.6,0
2053,car,4.5,road_loopA_r0,road_loopA_r1,3944.8,4075.3,130.5,1297.6,35.8,1
2078,car,4.5,road_loopA_r0,road_loopA_r1,3973.5,4075.7,102.2,1298.6,45.8,0
2056,suv,4.8,road_loopA_r0,road_loopA_r1,3945.9,4077.0,131.1,1298.1,35.6,1
2081,car,4.5,road_loopA_r0,road_loopA_r1,3978.7,4077.4,98.7,1297.7,47.3,0
2091,car,4.5,road_loopA_r0,road_loopA_r1,3987.8,4077.4,89.6,1297.5,52.1,0
2066,car,4.5,road_loopA_r0,road_loopA_r1,3959.1,4078.7,119.6,1297.3,39.0,0
2079,car,4.5,road_loopA_r0,road_loopA_r1,3976.3,4079.3,103.0,1298.4,45.4,0
2089,suv,4.8,road_loopA_r0,road_loopA_r1,3987.1,4081.0,93.9,1297.9,49.7,0
2093,car,4.5,road_loopA_r0,road_loopA_r1,3990.2,4081.0,90.8,1298.6,51.5,0
2071,suv,4.8,road_loopA_r0,road_loopA_r1,3967.9,4081.9,114.0,1297.4,41.0,0
2092,car,4.5,road_loopA_r0,road_loopA_r1,3990.2,4082.8,92.6,1297.8,50.4,0
2095,car,4.5,road_loopA_r0,road_loopA_r1,3991.8,4084.6,92.8,1298.5,50.4,0
2097,car,4.5,road_loopA_r0,road_loopA_r1,3992.9,4085.1,92.2,1297.9,50.7,0
2065,suv,4.8,road_loopA_f0,road_loopA_f1,3957.8,4087.4,129.6,1303.3,36.2,1
2098,car,4.5,road_loopA_r0,road_loopA_r1,3994.1,4087.4,93.3,1297.7,50.1,0
2103,car,4.5,road_loopA_r0,xloopA_0Ab,3998.7,4089.9,91.2,869.1,34.3,1
2067,suv,4.8,road_loopA_f0,road_loopA_f1,3961.8,4090.4,128.6,1303.9,36.5,1
2036,bus,11.0,road_loopA_f0,road_loopA_f1,3926.8,4090.5,163.7,1303.4,28.7,2
2096,car,4.5,road_loopA_f0,road_loopA_f1,3992.2,4096.0,103.8,1303.9,45.2,0
2073,car,4.5,road_loopA_f0,road_loopA_f1,3969.4,4096.1,126.7,1303.7,37.0,1
2109,car,4.5,road_loopA_r0,road_loopA_r1,4006.5,4097.0,90.5,1298.0,51.7,0
2094,car,4.5,road_loopA_f0,road_loopA_f1,3991.1,4098.9,107.8,1303.9,43.5,0
2163,car,4.5,road_loopA_f0,xloopA_0Bb,4059.6,4099.6,40.0,478.8,43.1,0
2088,car,4.5,road_loopA_f0,road_loopA_f1,3986.4,4100.7,114.3,1302.9,41.0,1
2112,car,4.5,road_loopA_r0,road_loopA_r1,4010.5,4101.9,91.4,1298.6,51.2,0
2114,car,4.5,road_loopA_f0,road_loopA_f1,4012.0,4102.5,90.5,1304.0,51.9,0
2113,car,4.5,road_loopA_f0,road_loopA_f1,4010.7,4106.5,95.8,1303.2,49.0,0
2105,suv,4.8,road_loopA_r0,road_loopA_r1,4000.2,4106.9,106.7,1298.4,43.8,0
2107,car,4.5,road_loopA_f0,xloopA_0Ab,4002.2,4108.1,105.9,505.1,17.2,1
2122,car,4.5,road_loopA_f0,road_loopA_f1,4016.9,4108.2,91.3,1302.9,51.4,0
2120,car,4.5,road_loopA_r0,road_loopA_r1,4016.0,4108.3,92.3,1298.2,50.6,0
2119,suv,4.8,road_loopA_r0,road_loopA_r1,4015.3,4108.7,93.4,1298.3,50.1,0
2086,truck,8.5,road_loopA_r0,xloopA_0Bb,3982.4,4108.9,126.5,895.2,25.5,1
2118,car,4.5,road_loopA_f0,road_loopA_f1,4015.2,4110.4,95.2,1303.1,49.3,0
2126,car,4.5,road_loopA_r0,road_loopA_r1,4020.2,4110.6,90.4,1297.3,51.7,0
2108,car,4.5,road_loopA_f0,xloopA_0Ab,4004.2,4110.7,106.5,505.1,17.1,1
1869,car,4.5,xloopA_0Aa,road_loopA_f1,3756.1,4110.8,354.7,872.4,8.9,1
1961,car,4.5,xloopA_0Ba,road_loopA_f1,3853.1,4111.1,258.0,902.8,12.6,1
2085,car,4.5,road_loopA_r0,xloopA_0Bb,3980.7,4111.9,131.2,895.6,24.6,1
2064,suv,4.8,road_loopA_f0,road_loopA_f1,3953.6,4112.4,158.8,1302.9,29.5,1
2101,car,4.5,road_loopA_f0,road_loopA_f1,3996.5,4113.0,116.5,1304.1,40.3,0
2063,truck,8.5,road_loopA_f0,road_loopA_f1,3950.5,4113.2,162.7,1302.9,28.8,1
2110,suv,4.8,road_loopA_f0,xloopA_0Ab,4008.8,4113.4,104.6,505.3,17.4,1
2070,car,4.5,road_loopA_f0,road_loopA_f1,3966.7,4114.1,147.4,1303.0,31.8,1
2115,car,4.5,road_loopA_r0,xloopA_0Bb,4012.3,4114.5,102.2,895.3,31.5,1
2123,car,4.5,road_loopA_f0,road_loopA_f1,4017.3,4114.7,97.4,1303.3,48.2,0
2104,bus,11.0,road_loopA_r0,road_loopA_r1,3999.3,4114.9,115.6,1297.7,40.4,0
2128,suv,4.8,road_loopA_r0,road_loopA_r1,4021.8,4115.4,93.6,1297.9,49.9,0
2133,suv,4.8,road_loopA_r0,road_loopA_r1,4025.7,4115.5,89.8,1297.6,52.0,0
2087,truck,8.5,road_loopA_f0,road_loopA_f1,3985.8,4115.7,129.9,1302.8,36.1,0
2074,car,4.5,road_loopA_f0,road_loopA_f1,3969.7,4115.8,146.1,1303.3,32.1,1
2131,car,4.5,road_loopA_f0,xloopA_0Ab,4022.5,4116.1,93.6,505.3,19.4,1
2116,suv,4.8,road_loopA_r0,xloopA_0Bb,4013.1,4117.2,104.1,895.2,31.0,1
2083,car,4.5,road_loopA_f0,road_loopA_f1,3980.1,4117.5,137.4,1303.2,34.1,1
2129,car,4.5,road_loopA_r0,road_loopA_r1,4022.3,4118.2,95.9,1298.1,48.7,0
2125,car,4.5,road_loopA_f0,road_loopA_f1,4019.9,4118.3,98.4,1303.9,47.7,0
2117,car,4.5,road_loopA_r0,road_loopA_r1,4013.4,4118.4,105.0,1298.3,44.5,0
2100,suv,4.8,road_loopA_f0,road_loopA_f1,3995.5,4119.1,123.6,1303.0,37.9,0
2127,car,4.5,road_loopA_r0,road_loopA_r1,4020.8,4120.5,99.7,1297.8,46.9,0
2130,suv,4.8,road_loopA_f0,road_loopA_f1,4022.3,4120.5,98.2,1303.1,47.8,0
2138,suv,4.8,road_loopA_r0,road_loopA_r1,4032.8,4122.2,89.4,1297.7,52.2,0
2139,car,4.5,road_loopA_f0,road_loopA_f1,4033.0,4122.3,89.3,1303.1,52.5,0
1960,car,4.5,xloopA_0Aa,xloopA_0Ab,3853.2,4122.4,269.2,84.2,1.1,1
2062,car,4.5,xloopA_0Ba,xloopA_0Bb,3950.1,4123.1,173.0,84.4,1.8,1
2121,car,4.5,road_loopA_r0,road_loopA_r1,4016.8,4123.5,106.7,1298.1,43.8,0
2140,suv,4.8,road_loopA_r0,road_loopA_r1,4034.5,4124.1,89.6,1298.5,52.2,0
2141,car,4.5,road_loopA_r0,road_loopA_r1,4035.1,4125.2,90.1,1297.5,51.8,0
2102,car,4.5,xloopA_0Ba,xloopA_0Bb,3997.0,4125.3,128.3,84.7,2.4,1
2166,car,4.5,xloopA_0Ba,xloopA_0Bb,4061.1,4127.5,66.4,84.2,4.6,1
2032,car,4.5,xloopA_0Aa,xloopA_0Ab,3922.8,4128.0,205.2,84.8,1.5,0
2145,car,4.5,road_loopA_f0,road_loopA_f1,4037.5,4131.6,94.1,1303.8,49.9,0
2148,suv,4.8,road_loopA_f0,road_loopA_f1,4041.2,4133.3,92.1,1303.8,51.0,0
2150,car,4.5,road_loopA_f0,road_loopA_f1,4044.0,4135.2,91.2,1303.8,51.5,0
2142,truck,8.5,road_loopA_f0,road_loopA_f1,4036.7,4141.2,104.5,1303.6,44.9,0
2152,car,4.5,road_loopA_f0,road_loopA_f1,4051.9,4141.2,89.3,1303.1,52.5,0
2124,car,4.5,road_loopA_r0,xloopA_0Ab,4017.7,4141.9,124.2,869.0,25.2,2
2147,car,4.5,road_loopA_f0,road_loopA_f1,4040.6,4143.2,102.6,1303.0,45.7,0
2155,suv,4.8,road_loopA_f0,road_loopA_f1,4053.7,4147.1,93.4,1302.8,50.2,0
2164,car,4.5,road_loopA_f0,road_loopA_f1,4059.8,4149.4,89.6,1303.8,52.4,0
2172,car,4.5,road_loopA_r0,xloopA_0Ab,4063.7,4150.3,86.6,869.0,36.1,0
2201,car,4.5,road_loopA_f0,xloopA_0Bb,4087.6,4150.3,62.7,478.8,27.5,0
2168,car,4.5,road_loopA_f0,road_loopA_f1,4061.6,4153.0,91.4,1304.1,51.4,0
2169,suv,4.8,road_loopA_r0,xloopA_0Ab,4062.1,4161.0,98.9,869.3,31.6,1
2149,car,4.5,road_loopA_f0,road_loopA_f1,4043.5,4164.8,121.3,1303.7,38.7,0
2156,truck,8.5,road_loopA_f0,road_loopA_f1,4053.6,4165.8,112.2,1303.9,41.9,0
2143,suv,4.8,road_loopA_r0,road_loopA_r1,4036.8,4167.9,131.1,1298.5,35.7,1
2151,car,4.5,road_loopA_r0,road_loopA_r1,4048.6,4169.4,120.8,1297.8,38.7,1
2160,suv,4.8,road_loopA_r0,road_loopA_r1,4056.0,4170.8,114.8,1297.3,40.7,1
2153,suv,4.8,road_loopA_r0,road_loopA_r1,4052.4,4173.6,121.2,1297.5,38.5,1
2177,car,4.5,road_loopA_r0,road_loopA_r1,4068.2,4175.9,107.7,1297.7,43.4,1
2179,suv,4.8,road_loopA_r0,road_loopA_r1,4069.1,4178.8,109.7,1297.7,42.6,1
2154,truck,8.5,road_loopA_r0,road_loopA_r1,4053.1,4179.4,126.3,1297.6,37.0,1
2159,car,4.5,road_loopA_r0,road_loopA_r1,4054.9,4180.7,125.8,1297.3,37.1,1
2181,car,4.5,road_loopA_r0,road_loopA_r1,4069.9,4182.2,112.3,1298.3,41.6,0
2173,car,4.5,road_loopA_r0,road_loopA_r1,4064.8,4184.5,119.7,1297.3,39.0,1
2189,suv,4.8,road_loopA_r0,road_loopA_r1,4082.6,4184.7,102.1,1297.8,45.7,0
2132,car,4.5,road_loopA_r0,xloopA_0Bb,4024.6,4185.2,160.6,895.3,20.1,2
2185,car,4.5,road_loopA_r0,road_loopA_r1,4077.3,4185.4,108.1,1298.5,43.2,0
2137,car,4.5,road_loopA_f0,xloopA_0Ab,4031.6,4185.8,154.2,505.4,11.8,2
2206,car,4.5,road_loopA_r0,road_loopA_r1,4090.3,4187.1,96.8,1297.8,48.3,0
2136,car,4.5,road_loopA_r0,xloopA_0Bb,4029.2,4187.8,158.6,895.3,20.3,2
2167,suv,4.8,road_loopA_f0,xloopA_0Ab,4061.1,4188.4,127.3,505.5,14.3,1
2161,car,4.5,road_loopA_r0,road_loopA_r1,4056.2,4190.1,133.9,1297.5,34.9,1
2157,suv,4.8,road_loopA_r0,xloopA_0Bb,4053.9,4190.5,136.6,895.6,23.6,1
2219,suv,4.8,road_loopA_f0,xloopA_0Ab,4101.2,4191.1,89.9,505.4,20.2,1
2198,car,4.5,road_loopA_r0,road_loopA_r1,4085.8,4191.8,106.0,1297.7,44.1,0
2171,car,4.5,road_loopA_r0,xloopA_0Bb,4063.5,4193.2,129.7,895.6,24.9,1
2200,suv,4.8,road_loopA_r0,road_loopA_r1,4086.5,4193.4,106.9,1297.7,43.7,0
2208,car,4.5,road_loopA_r0,road_loopA_r1,4092.9,4193.5,100.6,1297.6,46.4,0
2256,suv,4.8,road_loopA_f0,xloopA_0Ab,4141.0,4194.0,53.0,505.3,34.3,0
2174,car,4.5,road_loopA_f0,road_loopA_f1,4065.1,4195.1,130.0,1302.9,36.1,1
2220,car,4.5,road_loopA_r0,road_loopA_r1,4101.5,4195.1,93.6,1297.5,49.9,0
2183,suv,4.8,road_loopA_r0,xloopA_0Bb,4072.6,4195.9,123.3,895.8,26.2,1
2210,suv,4.8,road_loopA_r0,road_loopA_r1,4093.7,4196.6,102.9,1297.3,45.4,1
2182,car,4.5,road_loopA_f0,road_loopA_f1,4071.2,4198.2,127.0,1303.9,37.0,1
2209,suv,4.8,road_loopA_r0,road_loopA_r1,4093.5,4199.2,105.7,1298.0,44.2,0
2146,truck,8.5,road_loopA_r0,road_loopA_r1,4039.6,4199.3,159.7,1298.1,29.3,1
1998,car,4.5,xloopA_0Aa,road_loopA_r1,3886.0,4199.5,313.5,506.4,5.8,1
2184,suv,4.8,road_loopA_f0,road_loopA_f1,4076.7,4200.0,123.3,1303.1,38.1,1
2214,truck,8.5,road_loopA_r0,road_loopA_r1,4097.2,4200.8,103.6,1298.0,45.1,0
2042,car,4.5,xloopA_0Aa,xloopA_0Ab,3933.4,4201.2,267.8,84.1,1.1,1
2225,car,4.5,road_loopA_r0,road_loopA_r1,4107.0,4201.7,94.7,1298.1,49.3,0
2241,car,4.5,xloopA_0Ba,xloopA_0Bb,4124.1,4201.8,77.7,84.5,3.9,1
2135,bus,11.0,road_loopA_f0,road_loopA_f1,4029.1,4202.1,173.0,1303.3,27.1,2
2165,car,4.5,road_loopA_r0,road_loopA_r1,4060.4,4202.3,141.9,1298.1,32.9,0
2178,car,4.5,road_loopA_f0,road_loopA_f1,4069.0,4203.2,134.2,1303.7,35.0,1
2077,car,4.5,xloopA_0Aa,xloopA_0Ab,3973.2,4203.3,230.1,84.4,1.3,1
2231,car,4.5,road_loopA_r0,road_loopA_r1,4109.2,4203.8,94.6,1298.1,49.4,0
2249,car,4.5,xloopA_0Ba,xloopA_0Bb,4128.7,4203.8,75.1,84.2,4.0,1
2176,suv,4.8,road_loopA_r0,road_loopA_r1,4067.7,4203.9,136.2,1297.4,34.3,0
2186,car,4.5,road_loopA_r0,road_loopA_r1,4079.4,4204.5,125.1,1297.7,37.3,0
2191,car,4.5,road_loopA_f0,road_loopA_f1,4083.0,4204.6,121.6,1303.1,38.6,1
2215,truck,8.5,road_loopA_r0,road_loopA_r1,4097.5,4205.8,108.3,1297.9,43.1,0
2192,car,4.5,road_loopA_r0,road_loopA_r1,4083.4,4206.0,122.6,1297.9,38.1,0
2170,car,4.5,road_loopA_f0,road_loopA_f1,4062.9,4206.1,143.2,1303.4,32.8,1
2099,car,4.5,xloopA_0Aa,xloopA_0Ab,3994.3,4206.1,211.8,84.4,1.4,1
2196,suv,4.8,road_loopA_f0,road_loopA_f1,4085.1,4206.3,121.2,1303.8,38.7,1
2221,car,4.5,road_loopA_r0,road_loopA_r1,4102.8,4207.0,104.2,1298.4,44.9,0
2199,suv,4.8,road_loopA_r0,road_loopA_r1,4085.9,4208.0,122.1,1298.2,38.3,0
2193,suv,4.8,road_loopA_f0,road_loopA_f1,4083.8,4208.1,124.3,1302.9,37.7,1
2205,car,4.5,road_loopA_r0,road_loopA_r1,4089.7,4208.5,118.8,1297.3,39.3,0
2287,car,4.5,xloopA_0Ba,xloopA_0Bb,4171.7,4208.9,37.2,84.1,8.1,0
2111,car,4.5,xloopA_0Aa,xloopA_0Ab,4009.5,4209.7,200.2,84.5,1.5,0
2203,car,4.5,road_loopA_f0,road_loopA_f1,4089.8,4210.0,120.2,1303.0,39.0,1
2188,car,4.5,road_loopA_f0,road_loopA_f1,4081.2,4210.3,129.1,1303.9,36.4,1
2217,car,4.5,road_loopA_r0,road_loopA_r1,4099.4,4210.5,111.1,1298.0,42.0,0
2134,car,4.5,xloopA_0Aa,xloopA_0Ab,4026.0,4211.8,185.8,84.5,1.6,0
2190,car,4.5,road_loopA_f0,road_loopA_f1,4082.8,4211.9,129.1,1303.2,36.3,1
2222,car,4.5,road_loopA_f0,road_loopA_f1,4104.1,4214.7,110.6,1303.4,42.4,1
2224,car,4.5,road_loopA_f0,road_loopA_f1,4106.6,4216.3,109.7,1303.4,42.8,0
2187,suv,4.8,road_loopA_f0,road_loopA_f1,4080.7,4216.4,135.7,1302.9,34.6,1
2175,suv,4.8,road_loopA_f0,road_loopA_f1,4067.4,4220.0,152.6,1303.8,30.8,1
2180,truck,8.5,road_loopA_f0,road_loopA_f1,4069.5,4220.1,150.6,1303.5,31.2,1
2202,suv,4.8,road_loopA_r0,xloopA_0Ab,4087.8,4220.3,132.5,869.3,23.6,3
2213,car,4.5,road_loopA_f0,road_loopA_f1,4096.7,4224.2,127.5,1303.2,36.8,1
2207,car,4.5,road_loopA_f0,road_loopA_f1,4092.5,4225.3,132.8,1303.6,35.3,1
2194,car,4.5,road_loopA_f0,road_loopA_f1,4084.1,4226.2,142.1,1303.8,33.0,1
2236,car,4.5,road_loopA_f0,road_loopA_f1,4115.1,4226.6,111.5,1302.8,42.1,0
2252,car,4.5,road_loopA_r0,xloopA_0Ab,4135.2,4227.0,91.8,869.0,34.1,1
2227,car,4.5,road_loopA_f0,road_loopA_f1,4108.4,4228.2,119.8,1303.2,39.2,0
2244,car,4.5,road_loopA_f0,road_loopA_f1,4125.0,4228.3,103.3,1303.2,45.4,0
2230,car,4.5,road_loopA_f0,road_loopA_f1,4109.1,4230.0,120.9,1302.9,38.8,0
2233,car,4.5,road_loopA_f0,road_loopA_f1,4113.3,4230.0,116.7,1303.2,40.2,0
2243,car,4.5,road_loopA_f0,road_loopA_f1,4124.7,4231.7,107.0,1302.8,43.8,0
2240,suv,4.8,road_loopA_f0,road_loopA_f1,4122.4,4231.8,109.4,1303.5,42.9,0
2229,car,4.5,road_loopA_f0,road_loopA_f1,4108.6,4233.7,125.1,1304.0,37.5,0
2245,car,4.5,road_loopA_f0,road_loopA_f1,4125.4,4234.1,108.7,1302.8,43.2,0
2211,car,4.5,road_loopA_f0,road_loopA_f1,4094.3,4236.0,141.7,1302.8,33.1,1
2019,car,4.5,xloopA_0Aa,road_loopA_f1,3899.9,4236.8,336.9,872.3,9.3,1
2242,suv,4.8,road_loopA_f0,road_loopA_f1,4124.2,4237.7,113.5,1303.9,41.4,0
2204,truck,8.5,road_loopA_f0,road_loopA_f1,4089.7,4239.0,149.3,1303.4,31.4,1
2228,suv,4.8,road_loopA_f0,road_loopA_f1,4108.4,4239.0,130.6,1302.9,35.9,0
2223,suv,4.8,road_loopA_f0,road_loopA_f1,4105.1,4239.8,134.7,1302.9,34.8,0
2218,car,4.5,road_loopA_f0,road_loopA_f1,4099.7,4241.2,141.5,1303.5,33.2,1
2232,suv,4.8,road_loopA_f0,road_loopA_f1,4111.2,4242.3,131.1,1302.8,35.8,0
2234,suv,4.8,road_loopA_r0,road_loopA_r1,4113.9,4244.3,130.4,1297.7,35.8,1
2248,truck,8.5,road_loopA_f0,road_loopA_f1,4128.4,4244.8,116.4,1303.6,40.3,0
2246,car,4.5,road_loopA_r0,road_loopA_r1,4127.8,4245.1,117.3,1298.2,39.8,1
2253,car,4.5,road_loopA_r0,road_loopA_r1,4137.0,4247.9,110.9,1297.9,42.1,1
2259,car,4.5,road_loopA_r0,road_loopA_r1,4141.7,4248.1,106.4,1297.4,43.9,1
2261,car,4.5,road_loopA_r0,road_loopA_r1,4142.4,4249.7,107.3,1298.6,43.6,1
2262,car,4.5,road_loopA_r0,road_loopA_r1,4142.9,4251.5,108.6,1298.2,43.0,1
2254,car,4.5,road_loopA_r0,road_loopA_r1,4138.7,4254.2,115.5,1298.1,40.4,1
2260,car,4.5,road_loopA_r0,road_loopA_r1,4141.8,4254.8,113.0,1298.2,41.3,1
2266,suv,4.8,road_loopA_r0,road_loopA_r1,4154.1,4256.6,102.5,1298.2,45.6,0
2284,car,4.5,xloopA_0Ba,road_loopA_r1,4167.9,4256.9,89.0,476.8,19.3,0
2239,car,4.5,road_loopA_r0,road_loopA_r1,4121.7,4257.0,135.3,1298.7,34.5,1
2235,car,4.5,road_loopA_r0,road_loopA_r1,4114.1,4258.6,144.5,1298.1,32.3,1
2312,suv,4.8,road_loopA_r0,xloopA_0Ab,4191.2,4259.1,67.9,869.6,46.1,0
2247,truck,8.5,road_loopA_r0,road_loopA_r1,4127.9,4259.3,131.4,1298.0,35.6,1
2237,suv,4.8,road_loopA_r0,road_loopA_r1,4117.5,4260.2,142.7,1297.3,32.7,1
2280,car,4.5,road_loopA_r0,road_loopA_r1,4164.5,4260.5,96.0,1297.3,48.7,0
2257,truck,8.5,road_loopA_r0,road_loopA_r1,4141.3,4262.6,121.3,1297.8,38.5,0
2289,car,4.5,road_loopA_r0,road_loopA_r1,4172.0,4263.3,91.3,1298.5,51.2,0
2255,bus,11.0,road_loopA_r0,road_loopA_r1,4140.8,4263.9,123.1,1298.4,38.0,0
2270,car,4.5,road_loopA_r0,road_loopA_r1,4156.4,4264.7,108.3,1297.6,43.1,0
2268,car,4.5,road_loopA_r0,road_loopA_r1,4155.6,4266.2,110.6,1298.4,42.3,0
2274,car,4.5,road_loopA_r0,road_loopA_r1,4160.0,4268.4,108.4,1297.6,43.1,0
2278,suv,4.8,road_loopA_r0,road_loopA_r1,4164.4,4269.8,105.4,1297.4,44.3,0
2258,car,4.5,road_loopA_f0,road_loopA_f1,4141.8,4270.9,129.1,1303.4,36.3,1
2264,suv,4.8,road_loopA_f0,road_loopA_f1,4148.7,4273.6,124.9,1304.0,37.6,1
2197,bus,11.0,road_loopA_f0,road_loopA_f1,4085.5,4276.4,190.9,1303.2,24.6,3
2263,car,4.5,road_loopA_f0,road_loopA_f1,4144.6,4278.4,133.8,1304.0,35.1,1
2250,car,4.5,road_loopA_f0,road_loopA_f1,4129.0,4278.6,149.6,1303.1,31.3,1
2276,suv,4.8,road_loopA_r0,road_loopA_r1,4161.4,4278.8,117.4,1297.9,39.8,0
2272,car,4.5,road_loopA_f0,xloopA_0Ab,4158.9,4279.3,120.4,505.3,15.1,1
2295,suv,4.8,road_loopA_r0,road_loopA_r1,4175.2,4279.3,104.1,1297.6,44.9,0
2195,truck,8.5,road_loopA_r0,xloopA_0Bb,4084.6,4280.1,195.5,895.5,16.5,2
2286,car,4.5,road_loopA_r0,road_loopA_r1,4171.5,4280.3,108.8,1298.4,43.0,0
2275,car,4.5,road_loopA_f0,road_loopA_f1,4160.7,4280.4,119.7,1303.2,39.2,1
2298,car,4.5,road_loopA_r0,road_loopA_r1,4181.6,4281.1,99.5,1298.0,47.0,0
2290,car,4.5,road_loopA_r0,road_loopA_r1,4173.2,4281.9,108.7,1298.1,43.0,0
2291,suv,4.8,road_loopA_f0,xloopA_0Ab,4174.3,4281.9,107.6,505.3,16.9,1
2282,car,4.5,road_loopA_f0,road_loopA_f1,4167.1,4282.2,115.1,1303.5,40.8,1
2285,truck,8.5,road_loopA_f0,road_loopA_f1,4168.4,4282.5,114.1,1303.2,41.1,1
2216,car,4.5,road_loopA_r0,xloopA_0Bb,4097.6,4283.1,185.5,895.6,17.4,3
2297,car,4.5,road_loopA_r0,road_loopA_r1,4181.4,4283.6,102.2,1298.4,45.7,0
2279,truck,8.5,road_loopA_r0,road_loopA_r1,4164.4,4284.5,120.1,1298.2,38.9,0
2309,car,4.5,road_loopA_f0,xloopA_0Ab,4189.4,4284.6,95.2,505.3,19.1,1
2307,suv,4.8,road_loopA_r0,road_loopA_r1,4186.8,4285.3,98.5,1297.8,47.4,0
2277,car,4.5,road_loopA_r0,xloopA_0Bb,4164.4,4285.7,121.3,895.3,26.6,1
2288,car,4.5,road_loopA_f0,road_loopA_f1,4171.8,4285.7,113.9,1303.1,41.2,1
2308,car,4.5,road_loopA_r0,road_loopA_r1,4187.5,4286.1,98.6,1297.4,47.4,0
2267,car,4.5,road_loopA_f0,road_loopA_f1,4155.0,4286.5,131.5,1302.9,35.7,1
2305,car,4.5,road_loopA_r0,road_loopA_r1,4186.4,4287.2,100.8,1297.8,46.3,0
2299,car,4.5,road_loopA_f0,road_loopA_f1,4181.8,4287.8,106.0,1304.1,44.3,0
2322,truck,8.5,road_loopA_f0,xloopA_0Ab,4204.7,4288.1,83.4,505.5,21.8,1
2293,suv,4.8,road_loopA_f0,road_loopA_f1,4174.9,4288.4,113.5,1304.1,41.4,1
2313,car,4.5,road_loopA_r0,road_loopA_r1,4192.8,4289.0,96.2,1298.1,48.6,0
2314,car,4.5,road_loopA_r0,road_loopA_r1,4194.3,4289.4,95.1,1298.6,49.2,0
2302,car,4.5,road_loopA_f0,road_loopA_f1,4183.6,4292.3,108.7,1303.9,43.2,0
2315,suv,4.8,road_loopA_r0,road_loopA_r1,4195.8,4293.3,97.5,1297.3,47.9,0
2336,car,4.5,xloopA_0Ba,xloopA_0Bb,4212.5,4293.6,81.1,84.8,3.8,1
2318,car,4.5,road_loopA_r0,road_loopA_r1,4199.5,4293.9,94.4,1298.5,49.5,0
2304,suv,4.8,road_loopA_f0,road_loopA_f1,4186.0,4294.1,108.1,1304.0,43.4,0
2144,car,4.5,xloopA_0Aa,xloopA_0Ab,4037.2,4294.5,257.3,84.4,1.2,1
2292,car,4.5,road_loopA_f0,road_loopA_f1,4174.8,4294.9,120.1,1303.9,39.1,0
2321,truck,8.5,road_loopA_r0,road_loopA_r1,4203.2,4295.6,92.4,1297.3,50.5,0
2311,suv,4.8,road_loopA_f0,road_loopA_f1,4190.4,4295.9,105.5,1303.4,44.5,0
2301,car,4.5,road_loopA_f0,road_loopA_f1,4182.8,4296.1,113.3,1303.7,41.4,0
2158,car,4.5,xloopA_0Aa,xloopA_0Ab,4054.4,4296.7,242.3,84.3,1.3,1
2251,bus,11.0,road_loopA_r0,road_loopA_r1,4131.2,4297.4,166.2,1297.3,28.1,2
2316,car,4.5,road_loopA_f0,road_loopA_f1,4197.6,4297.7,100.1,1303.5,46.9,0
2303,car,4.5,road_loopA_f0,road_loopA_f1,4186.0,4297.8,111.8,1303.6,42.0,0
2323,car,4.5,road_loopA_f0,road_loopA_f1,4207.5,4299.4,91.9,1303.5,51.1,0
2306,car,4.5,road_loopA_r0,road_loopA_r1,4186.5,4300.2,113.7,1297.6,41.1,0
2310,car,4.5,road_loopA_f0,road_loopA_f1,4190.3,4300.4,110.1,1303.5,42.6,0
2407,car,4.5,xloopA_0Ba,xloopA_0Bb,4262.9,4300.7,37.8,84.0,8.0,1
2317,car,4.5,road_loopA_f0,road_loopA_f1,4197.9,4302.1,104.2,1304.0,45.1,0
2212,car,4.5,xloopA_0Aa,xloopA_0Ab,4096.6,4302.7,206.1,84.5,1.5,0
2296,car,4.5,road_loopA_f0,road_loopA_f1,4177.6,4303.5,125.9,1303.7,37.3,0
2226,car,4.5,xloopA_0Aa,xloopA_0Ab,4108.3,4304.7,196.4,84.8,1.6,0
2265,car,4.5,xloopA_0Ba,road_loopA_f1,4153.4,4304.8,151.4,902.8,21.5,1
2271,truck,8.5,road_loopA_f0,road_loopA_f1,4158.8,4305.6,146.8,1303.2,32.0,1
2329,car,4.5,road_loopA_f0,road_loopA_f1,4210.4,4306.8,96.4,1302.8,48.7,0
2319,car,4.5,road_loopA_f0,road_loopA_f1,4201.2,4307.1,105.9,1303.9,44.3,0
2281,car,4.5,road_loopA_f0,road_loopA_f1,4166.5,4307.5,141.0,1303.6,33.3,1
2325,suv,4.8,road_loopA_f0,road_loopA_f1,4208.7,4308.6,99.9,1303.8,47.0,0
2283,truck,8.5,road_loopA_f0,road_loopA_f1,4167.4,4309.9,142.5,1303.6,32.9,1
2341,car,4.5,road_loopA_f0,road_loopA_f1,4216.5,4310.7,94.2,1304.1,49.8,0
2327,suv,4.8,road_loopA_f0,road_loopA_f1,4209.8,4311.0,101.2,1303.0,46.4,0
2320,car,4.5,road_loopA_f0,road_loopA_f1,4202.2,4313.0,110.8,1303.3,42.4,0
2328,car,4.5,road_loopA_f0,road_loopA_f1,4210.2,4313.8,103.6,1303.0,45.3,0
2332,car,4.5,road_loopA_f0,road_loopA_f1,4211.2,4314.2,103.0,1303.1,45.5,0
1,tram,34.0,loopA,loopA,55.1,4315.4,4260.3,33702.3,28.5,40
2330,suv,4.8,road_loopA_f0,road_loopA_f1,4210.7,4315.6,104.9,1303.1,44.7,0
2331,suv,4.8,road_loopA_f0,road_loopA_f1,4211.1,4316.4,105.3,1303.3,44.5,0
2350,car,4.5,road_loopA_f0,road_loopA_f1,4223.3,4317.2,93.9,1303.1,50.0,0
2345,car,4.5,road_loopA_f0,road_loopA_f1,4217.4,4317.3,99.9,1303.3,47.0,0
2342,suv,4.8,road_loopA_f0,road_loopA_f1,4216.6,4318.2,101.6,1304.2,46.2,0
2353,car,4.5,road_loopA_f0,road_loopA_f1,4225.1,4319.1,94.0,1304.1,49.9,0
2349,truck,8.5,road_loopA_f0,road_loopA_f1,4222.7,4320.5,97.8,1302.9,48.0,0
2360,suv,4.8,road_loopA_f0,road_loopA_f1,4228.6,4320.8,92.2,1304.0,50.9,0
2400,car,4.5,road_loopA_f0,xloopA_0Bb,4256.9,4321.4,64.5,478.8,26.7,1
2363,car,4.5,road_loopA_f0,road_loopA_f1,4229.3,4322.8,93.5,1303.3,50.2,0
2392,car,4.5,road_loopA_r0,xloopA_0Ab,4251.4,4328.9,77.5,868.9,40.3,0
2425,car,4.5,road_loopA_f0,xloopA_0Bb,4287.4,4330.5,43.1,478.6,39.9,0
2333,car,4.5,road_loopA_r0,road_loopA_r1,4211.7,4339.6,127.9,1297.4,36.5,1
2324,car,4.5,road_loopA_r0,road_loopA_r1,4208.1,4339.9,131.8,1297.9,35.4,1
2339,car,4.5,road_loopA_r0,road_loopA_r1,4215.9,4341.6,125.7,1297.5,37.1,1
2343,car,4.5,road_loopA_r0,road_loopA_r1,4217.0,4343.0,126.0,1298.6,37.1,1
2364,car,4.5,road_loopA_r0,road_loopA_r1,4229.6,4344.2,114.6,1298.4,40.8,1
2337,car,4.5,road_loopA_r0,road_loopA_r1,4213.3,4347.5,134.2,1297.6,34.8,1
2338,suv,4.8,road_loopA_r0,road_loopA_r1,4213.8,4351.5,137.7,1297.4,33.9,1
2374,truck,8.5,road_loopA_r0,xloopA_0Ab,4236.8,4351.8,115.0,869.1,27.2,1
2351,car,4.5,road_loopA_r0,road_loopA_r1,4223.3,4352.6,129.3,1297.7,36.1,1
2347,car,4.5,road_loopA_r0,road_loopA_r1,4218.7,4353.9,135.2,1297.7,34.6,1
2355,car,4.5,road_loopA_r0,road_loopA_r1,4225.7,4355.9,130.2,1298.7,35.9,1
2354,truck,8.5,road_loopA_r0,road_loopA_r1,4225.5,4356.1,130.6,1297.8,35.8,1
2357,suv,4.8,road_loopA_r0,road_loopA_r1,4227.1,4358.2,131.1,1298.1,35.6,1
2415,car,4.5,xloopA_0Ba,road_loopA_r1,4275.1,4358.2,83.1,476.5,20.6,0
2378,car,4.5,road_loopA_r0,road_loopA_r1,4238.5,4358.7,120.2,1297.6,38.9,1
2326,suv,4.8,road_loopA_r0,road_loopA_r1,4209.3,4359.9,150.6,1297.8,31.0,1
2346,car,4.5,road_loopA_r0,road_loopA_r1,4217.7,4360.4,142.7,1297.3,32.7,1
2370,car,4.5,road_loopA_r0,road_loopA_r1,4231.8,4360.5,128.7,1297.7,36.3,0
2335,car,4.5,road_loopA_r0,road_loopA_r1,4212.2,4361.6,149.4,1298.1,31.3,1
2352,suv,4.8,road_loopA_r0,road_loopA_r1,4223.7,4362.3,138.6,1297.4,33.7,1
2383,car,4.5,road_loopA_r0,road_loopA_r1,4242.6,4362.5,119.9,1297.6,39.0,0
2340,car,4.5,road_loopA_r0,road_loopA_r1,4216.4,4363.6,147.2,1298.0,31.7,1
2367,car,4.5,road_loopA_r0,road_loopA_r1,4231.2,4364.2,133.0,1297.5,35.1,1
2348,truck,8.5,road_loopA_r0,road_loopA_r1,4222.3,4365.9,143.6,1298.4,32.6,1
2356,car,4.5,road_loopA_r0,road_loopA_r1,4226.3,4367.8,141.5,1297.3,33.0,1
2375,suv,4.8,road_loopA_r0,road_loopA_r1,4237.2,4368.0,130.8,1298.6,35.7,0
2366,car,4.5,road_loopA_r0,road_loopA_r1,4231.0,4368.2,137.2,1297.7,34.1,1
2391,car,4.5,road_loopA_r0,road_loopA_r1,4250.4,4369.1,118.7,1298.0,39.4,0
2387,suv,4.8,road_loopA_r0,road_loopA_r1,4247.8,4369.6,121.8,1297.6,38.4,1
2381,car,4.5,road_loopA_r0,road_loopA_r1,4240.1,4369.8,129.7,1297.9,36.0,0
2396,suv,4.8,road_loopA_r0,road_loopA_r1,4255.0,4370.7,115.7,1298.0,40.4,1
2395,car,4.5,road_loopA_r0,road_loopA_r1,4253.6,4371.3,117.7,1297.5,39.7,0
2384,car,4.5,road_loopA_r0,road_loopA_r1,4243.5,4371.5,128.0,1297.4,36.5,0
2365,car,4.5,road_loopA_r0,xloopA_0Bb,4229.9,4372.2,142.3,895.4,22.7,1
2334,bus,11.0,road_loopA_f0,road_loopA_f1,4212.1,4372.6,160.5,1303.5,29.2,2
2380,car,4.5,road_loopA_f0,xloopA_0Ab,4240.1,4372.8,132.7,505.3,13.7,1
2371,car,4.5,road_loopA_f0,road_loopA_f1,4232.8,4373.4,140.6,1303.3,33.4,1
2398,truck,8.5,road_loopA_r0,road_loopA_r1,4256.0,4373.6,117.6,1297.3,39.7,1
2388,truck,8.5,road_loopA_r0,road_loopA_r1,4249.0,4373.7,124.7,1297.4,37.5,0
2368,car,4.5,road_loopA_r0,xloopA_0Bb,4231.6,4374.8,143.2,895.4,22.5,1
2428,car,4.5,road_loopA_f0,xloopA_0Ab,4290.3,4375.4,85.1,505.4,21.4,1
2411,car,4.5,road_loopA_r0,road_loopA_r1,4269.7,4375.8,106.1,1298.4,44.0,0
2390,suv,4.8,road_loopA_r0,road_loopA_r1,4250.3,4376.2,125.9,1298.2,37.1,0
2404,car,4.5,road_loopA_r0,road_loopA_r1,4261.5,4376.3,114.8,1298.3,40.7,0
2359,car,4.5,road_loopA_f0,road_loopA_f1,4228.5,4376.7,148.2,1302.8,31.7,1
2362,suv,4.8,road_loopA_f0,road_loopA_f1,4229.2,4377.2,148.0,1302.9,31.7,1
2399,car,4.5,road_loopA_r0,road_loopA_r1,4256.8,4377.9,121.1,1298.6,38.6,0
2451,car,4.5,road_loopA_f0,xloopA_0Ab,4307.8,4378.0,70.2,505.1,25.9,1
2373,suv,4.8,road_loopA_f0,road_loopA_f1,4234.6,4378.4,143.8,1302.8,32.6,1
2409,car,4.5,road_loopA_r0,road_loopA_r1,4267.6,4378.8,111.2,1297.3,42.0,0
2300,bus,11.0,road_loopA_r0,road_loopA_r1,4182.5,4378.9,196.4,1298.3,23.8,3
2414,car,4.5,road_loopA_r0,road_loopA_r1,4273.3,4380.7,107.4,1298.6,43.5,0
2412,car,4.5,road_loopA_r0,road_loopA_r1,4270.9,4381.0,110.1,1297.6,42.4,0
2403,suv,4.8,road_loopA_f0,road_loopA_f1,4258.9,4381.4,122.5,1303.3,38.3,1
2449,car,4.5,road_loopA_r0,xloopA_0Bb,4307.2,4381.6,74.4,895.6,43.3,0
2394,car,4.5,road_loopA_f0,road_loopA_f1,4253.3,4381.7,128.4,1302.9,36.5,1
2472,truck,8.5,road_loopA_f0,xloopA_0Ab,4327.4,4381.8,54.4,504.9,33.4,0
2389,car,4.5,road_loopA_r0,road_loopA_r1,4249.3,4382.0,132.7,1297.8,35.2,0
2369,car,4.5,road_loopA_r0,road_loopA_r1,4231.8,4382.9,151.1,1297.3,30.9,1
2416,car,4.5,road_loopA_r0,road_loopA_r1,4276.8,4382.9,106.1,1298.0,44.0,0
2410,suv,4.8,road_loopA_f0,road_loopA_f1,4268.7,4384.0,115.3,1303.5,40.7,1
2419,car,4.5,road_loopA_r0,road_loopA_r1,4279.8,4384.7,104.9,1298.3,44.5,0
2418,truck,8.5,road_loopA_r0,road_loopA_r1,4277.3,4385.4,108.1,1298.0,43.2,0
2426,car,4.5,road_loopA_r0,road_loopA_r1,4289.9,4386.4,96.5,1298.1,48.4,0
2413,car,4.5,road_loopA_f0,road_loopA_f1,4271.9,4386.5,114.6,1303.4,40.9,1
2430,car,4.5,road_loopA_r0,road_loopA_r1,4291.3,4386.8,95.5,1297.3,48.9,0
2421,suv,4.8,road_loopA_f0,road_loopA_f1,4280.6,4388.0,107.4,1303.2,43.7,1
2424,car,4.5,road_loopA_r0,road_loopA_r1,4287.1,4388.5,101.4,1297.5,46.1,0
2162,car,4.5,xloopA_0Aa,road_loopA_f1,4059.5,4389.4,329.9,872.8,9.5,1
2427,car,4.5,road_loopA_r0,road_loopA_r1,4290.0,4390.3,100.3,1298.5,46.6,0
2432,suv,4.8,road_loopA_r0,road_loopA_r1,4293.6,4390.3,96.7,1297.5,48.3,0
2452,car,4.5,xloopA_0Ba,xloopA_0Bb,4309.1,4390.9,81.8,84.2,3.7,1
2273,car,4.5,xloopA_0Aa,xloopA_0Ab,4159.5,4391.2,231.7,84.1,1.3,1
2422,suv,4.8,road_loopA_r0,road_loopA_r1,4284.1,4391.3,107.2,1298.3,43.6,0
2361,truck,8.5,road_loopA_f0,road_loopA_f1,4229.0,4391.5,162.5,1303.5,28.9,1
2386,car,4.5,road_loopA_f0,road_loopA_f1,4247.7,4391.7,144.0,1303.2,32.6,1
2431,car,4.5,road_loopA_r0,road_loopA_r1,4292.5,4392.1,99.6,1297.5,46.9,0
2405,car,4.5,road_loopA_f0,road_loopA_f1,4262.5,4392.6,130.1,1302.9,36.0,1
2469,car,4.5,xloopA_0Ba,xloopA_0Bb,4323.4,4392.9,69.5,84.5,4.4,1
2344,car,4.5,xloopA_0Ba,road_loopA_f1,4217.1,4393.2,176.1,902.4,18.5,1
2372,car,4.5,road_loopA_f0,road_loopA_f1,4234.3,4393.5,159.2,1304.1,29.5,1
2358,car,4.5,xloopA_0Aa,xloopA_0Ab,4228.3,4394.6,166.3,84.8,1.8,0
2479,car,4.5,xloopA_0Ba,xloopA_0Bb,4331.8,4395.0,63.2,84.0,4.8,0
2379,car,4.5,road_loopA_f0,road_loopA_f1,4239.4,4395.1,155.7,1302.8,30.1,1
2401,suv,4.8,road_loopA_f0,road_loopA_f1,4257.1,4395.2,138.1,1303.0,34.0,1
2423,truck,8.5,road_loopA_f0,road_loopA_f1,4284.3,4395.8,111.5,1302.8,42.1,0
2377,car,4.5,xloopA_0Aa,xloopA_0Ab,4238.5,4396.6,158.1,84.6,1.9,0
2402,suv,4.8,road_loopA_f0,road_loopA_f1,4258.6,4396.9,138.3,1303.5,33.9,1
2519,car,4.5,xloopA_0Ba,xloopA_0Bb,4361.9,4397.0,35.1,84.2,8.6,0
2376,car,4.5,road_loopA_f0,road_loopA_f1,4237.5,4397.2,159.7,1303.4,29.4,1
2435,truck,8.5,road_loopA_f0,road_loopA_f1,4296.4,4398.2,101.8,1302.9,46.1,0
2382,car,4.5,road_loopA_f0,road_loopA_f1,4241.0,4399.0,158.0,1303.2,29.7,1
2436,car,4.5,road_loopA_f0,road_loopA_f1,4298.6,4400.4,101.8,1303.7,46.1,0
2397,car,4.5,road_loopA_f0,road_loopA_f1,4255.6,4401.6,146.0,1303.5,32.1,0
2429,suv,4.8,road_loopA_f0,road_loopA_f1,4290.5,4402.0,111.5,1303.0,42.1,0
2448,car,4.5,road_loopA_f0,road_loopA_f1,4305.8,4402.2,96.4,1303.6,48.7,0
2441,car,4.5,road_loopA_f0,road_loopA_f1,4301.7,4404.3,102.6,1303.2,45.7,0
2393,suv,4.8,road_loopA_f0,road_loopA_f1,4252.0,4405.4,153.4,1303.2,30.6,6
2457,car,4.5,road_loopA_f0,road_loopA_f1,4315.9,4406.0,90.1,1302.9,52.1,0
2434,car,4.5,road_loopA_f0,road_loopA_f1,4295.9,4406.2,110.3,1303.8,42.6,0
2408,car,4.5,road_loopA_f0,road_loopA_f1,4263.7,4407.2,143.5,1303.4,32.7,0
2455,car,4.5,road_loopA_f0,road_loopA_f1,4313.5,4407.8,94.3,1303.5,49.7,0
2417,car,4.5,road_loopA_f0,road_loopA_f1,4277.3,4408.9,131.6,1303.7,35.7,0
2443,suv,4.8,road_loopA_f0,road_loopA_f1,4302.7,4409.9,107.2,1303.1,43.8,0
2420,car,4.5,road_loopA_f0,road_loopA_f1,4280.3,4410.9,130.6,1303.0,35.9,0
2438,car,4.5,road_loopA_f0,road_loopA_f1,4300.2,4412.7,112.5,1303.0,41.7,0
2450,truck,8.5,road_loopA_f0,road_loopA_f1,4307.4,4413.2,105.8,1303.1,44.3,0
2470,car,4.5,road_loopA_f0,road_loopA_f1,4324.1,4414.2,90.1,1303.0,52.0,0
2476,car,4.5,road_loopA_f0,xloopA_0Bb,4329.7,4414.6,84.9,478.8,20.3,2
2512,car,4.5,road_loopA_f0,xloopA_0Bb,4355.2,4418.3,63.1,478.8,27.3,2
2465,truck,8.5,road_loopA_f0,road_loopA_f1,4321.1,4420.0,98.9,1302.9,47.4,0
2471,suv,4.8,road_loopA_f0,road_loopA_f1,4325.4,4422.0,96.6,1303.3,48.6,0
2440,car,4.5,road_loopA_r0,road_loopA_r1,4301.7,4432.1,130.4,1297.5,35.8,1
2437,car,4.5,road_loopA_r0,road_loopA_r1,4299.9,4434.2,134.3,1298.0,34.8,1
2439,car,4.5,xloopA_0Ba,road_loopA_r1,4300.4,4435.8,135.4,476.8,12.7,1
2445,truck,8.5,road_loopA_r0,road_loopA_r1,4303.7,4436.2,132.5,1298.2,35.3,1
2385,bus,11.0,road_loopA_f0,road_loopA_f1,4246.3,4437.6,191.3,1303.4,24.5,3
2447,car,4.5,road_loopA_r0,road_loopA_r1,4305.8,4437.6,131.8,1297.6,35.4,1
2446,car,4.5,road_loopA_r0,road_loopA_r1,4305.1,4438.4,133.3,1297.6,35.1,1
2458,suv,4.8,road_loopA_r0,road_loopA_r1,4316.2,4441.4,125.2,1297.5,37.3,1
2442,car,4.5,road_loopA_r0,road_loopA_r1,4302.5,4442.1,139.6,1298.0,33.5,1
2456,car,4.5,road_loopA_r0,road_loopA_r1,4314.6,4442.9,128.3,1297.8,36.4,1
2462,car,4.5,road_loopA_r0,road_loopA_r1,4318.8,4444.1,125.3,1297.5,37.3,1
2463,car,4.5,road_loopA_r0,road_loopA_r1,4319.2,4445.4,126.2,1298.2,37.0,1
2444,car,4.5,road_loopA_r0,road_loopA_r1,4303.1,4446.0,142.9,1297.7,32.7,1
2433,car,4.5,road_loopA_r0,road_loopA_r1,4293.9,4448.0,154.1,1297.3,30.3,1
2453,suv,4.8,road_loopA_r0,road_loopA_r1,4311.7,4449.1,137.4,1297.6,34.0,1
2461,car,4.5,road_loopA_r0,road_loopA_r1,4318.8,4449.4,130.6,1297.6,35.8,1
2466,car,4.5,road_loopA_r0,road_loopA_r1,4321.2,4450.4,129.2,1297.7,36.2,1
2467,truck,8.5,road_loopA_r0,road_loopA_r1,4322.0,4451.4,129.4,1298.0,36.1,1
2480,car,4.5,road_loopA_r0,road_loopA_r1,4331.9,4451.5,119.6,1297.3,39.1,1
2575,suv,4.8,road_loopA_f0,xloopA_0Bb,4411.8,4451.9,40.1,479.0,43.0,0
2468,car,4.5,road_loopA_r0,road_loopA_r1,4322.3,4452.1,129.8,1297.7,36.0,1
2474,car,4.5,road_loopA_r0,road_loopA_r1,4327.8,4453.9,126.1,1298.3,37.1,1
2478,suv,4.8,road_loopA_r0,road_loopA_r1,4331.2,4455.6,124.4,1297.8,37.6,1
2460,car,4.5,road_loopA_r0,road_loopA_r1,4318.3,4456.7,138.4,1298.3,33.8,1
2482,suv,4.8,road_loopA_r0,road_loopA_r1,4333.4,4457.3,123.9,1297.3,37.7,1
2495,suv,4.8,road_loopA_r0,road_loopA_r1,4344.0,4458.6,114.6,1297.6,40.7,0
2485,car,4.5,road_loopA_r0,road_loopA_r1,4336.5,4459.1,122.6,1298.0,38.1,1
2473,suv,4.8,road_loopA_r0,road_loopA_r1,4327.4,4459.4,132.0,1297.4,35.4,1
2475,car,4.5,road_loopA_f0,road_loopA_f1,4328.1,4459.5,131.4,1303.2,35.7,1
2491,car,4.5,road_loopA_r0,road_loopA_r1,4340.2,4460.8,120.6,1297.4,38.7,1
2507,suv,4.8,road_loopA_r0,road_loopA_r1,4352.3,4461.1,108.8,1298.1,43.0,0
2483,car,4.5,road_loopA_f0,road_loopA_f1,4333.7,4461.3,127.6,1303.1,36.8,1
2492,car,4.5,road_loopA_r0,road_loopA_r1,4342.6,4462.6,120.0,1298.2,38.9,0
2517,car,4.5,road_loopA_r0,road_loopA_r1,4359.7,4462.9,103.2,1298.4,45.3,0
2511,truck,8.5,road_loopA_r0,road_loopA_r1,4354.5,4463.3,108.8,1297.9,43.0,0
2496,suv,4.8,road_loopA_r0,road_loopA_r1,4344.6,4464.3,119.7,1297.9,39.0,0
2497,suv,4.8,road_loopA_r0,road_loopA_r1,4345.4,4466.0,120.6,1297.2,38.7,9
2499,suv,4.8,road_loopA_f0,xloopA_0Ab,4347.1,4466.3,119.2,504.9,15.3,1
2481,suv,4.8,road_loopA_r0,xloopA_0Bb,4332.3,4466.5,134.2,895.6,24.0,1
2513,car,4.5,road_loopA_r0,road_loopA_r1,4357.3,4466.9,109.6,1297.3,42.6,0
2533,car,4.5,road_loopA_r0,road_loopA_r1,4375.3,4466.9,91.6,1297.8,51.0,0
2459,bus,11.0,road_loopA_f0,road_loopA_f1,4317.4,4467.7,150.3,1303.2,31.2,2
2477,suv,4.8,road_loopA_f0,road_loopA_f1,4330.0,4467.8,137.8,1303.8,34.1,1
2502,car,4.5,road_loopA_r0,road_loopA_r1,4349.1,4467.8,118.7,1297.6,39.3,0
2524,car,4.5,road_loopA_r0,road_loopA_r1,4368.8,4468.6,99.8,1297.6,46.8,0
2558,suv,4.8,road_loopA_f0,xloopA_0Ab,4396.5,4469.0,72.5,505.5,25.1,1
2487,car,4.5,road_loopA_r0,xloopA_0Bb,4337.6,4469.1,131.5,895.3,24.5,1
2503,car,4.5,road_loopA_f0,road_loopA_f1,4349.3,4469.6,120.3,1302.9,39.0,1
2506,car,4.5,road_loopA_r0,road_loopA_r1,4352.0,4469.6,117.6,1298.5,39.7,0
2536,suv,4.8,road_loopA_r0,road_loopA_r1,4375.8,4470.7,94.9,1297.9,49.2,0
2486,car,4.5,road_loopA_f0,road_loopA_f1,4337.4,4471.2,133.8,1303.1,35.1,1
2490,car,4.5,road_loopA_r0,xloopA_0Bb,4339.8,4471.8,132.0,895.7,24.4,1
2539,car,4.5,road_loopA_r0,road_loopA_r1,4379.6,4472.3,92.7,1297.3,50.4,0
2494,car,4.5,road_loopA_f0,road_loopA_f1,4343.8,4473.0,129.2,1303.3,36.3,1
2498,car,4.5,road_loopA_r0,xloopA_0Bb,4346.7,4474.4,127.7,895.4,25.2,1
2510,car,4.5,road_loopA_f0,road_loopA_f1,4354.5,4474.7,120.2,1303.7,39.1,1
2523,car,4.5,road_loopA_f0,road_loopA_f1,4367.4,4474.7,107.3,1303.5,43.7,0
2500,car,4.5,road_loopA_r0,road_loopA_r1,4348.2,4474.8,126.6,1298.2,36.9,0
2541,suv,4.8,road_loopA_r0,road_loopA_r1,4380.8,4476.5,95.7,1297.3,48.8,0
2509,car,4.5,road_loopA_r0,road_loopA_r1,4354.0,4476.6,122.6,1297.7,38.1,0
2592,car,4.5,road_loopA_f0,xloopA_0Ab,4431.9,4476.6,44.7,505.0,40.7,0
2505,truck,8.5,road_loopA_f0,road_loopA_f1,4351.2,4476.8,125.6,1304.0,37.4,1
2489,car,4.5,road_loopA_f0,road_loopA_f1,4338.5,4477.6,139.1,1302.9,33.7,1
2501,car,4.5,road_loopA_f0,road_loopA_f1,4348.4,4478.8,130.4,1304.0,36.0,1
2549,suv,4.8,road_loopA_r0,road_loopA_r1,4386.2,4479.1,92.9,1298.1,50.3,0
2544,suv,4.8,road_loopA_r0,road_loopA_r1,4382.9,4480.2,97.3,1297.6,48.0,0
2406,car,4.5,xloopA_0Aa,xloopA_0Ab,4262.7,4481.1,218.4,84.2,1.4,1
2547,car,4.5,road_loopA_r0,road_loopA_r1,4385.0,4481.6,96.6,1297.8,48.4,0
2526,car,4.5,xloopA_0Ba,xloopA_0Bb,4369.7,4481.9,112.2,84.7,2.7,1
2543,car,4.5,road_loopA_r0,road_loopA_r1,4381.3,4482.1,100.8,1298.1,46.4,0
2518,car,4.5,road_loopA_f0,road_loopA_f1,4361.4,4482.4,121.0,1303.2,38.8,0
2522,car,4.5,road_loopA_f0,road_loopA_f1,4366.4,4482.6,116.2,1304.0,40.4,0
2530,suv,4.8,road_loopA_f0,road_loopA_f1,4374.2,4482.9,108.7,1303.3,43.2,0
2555,car,4.5,road_loopA_r0,road_loopA_r1,4393.2,4483.4,90.2,1297.7,51.8,0
2529,car,4.5,xloopA_0Ba,xloopA_0Bb,4374.0,4483.9,109.9,84.3,2.8,1
2527,car,4.5,road_loopA_f0,road_loopA_f1,4370.9,4486.9,116.0,1303.8,40.5,0
2514,car,4.5,xloopA_0Aa,xloopA_0Ab,4359.1,4488.3,129.2,84.7,2.4,0
2504,car,4.5,road_loopA_f0,road_loopA_f1,4350.1,4489.0,138.9,1303.1,33.8,1
2538,car,4.5,road_loopA_f0,road_loopA_f1,4377.9,4489.0,111.1,1303.9,42.2,0
2535,car,4.5,road_loopA_r0,road_loopA_r1,4375.8,4489.7,113.9,1297.4,41.0,0
2294,car,4.5,xloopA_0Aa,road_loopA_f1,4175.2,4490.2,315.0,872.3,10.0,1
2515,car,4.5,xloopA_0Aa,xloopA_0Ab,4359.3,4490.4,131.1,84.1,2.3,0
2528,suv,4.8,road_loopA_r0,road_loopA_r1,4370.9,4490.6,119.7,1297.4,39.0,0
2550,truck,8.5,road_loopA_f0,road_loopA_f1,4389.0,4491.1,102.1,1303.6,46.0,0
2520,suv,4.8,road_loopA_f0,road_loopA_f1,4364.6,4491.9,127.3,1303.0,36.8,0
2559,car,4.5,road_loopA_f0,road_loopA_f1,4396.6,4493.1,96.5,1304.0,48.6,0
2563,suv,4.8,road_loopA_f0,road_loopA_f1,4400.3,4494.8,94.5,1303.4,49.7,0
2561,car,4.5,road_loopA_f0,road_loopA_f1,4397.6,4496.7,99.1,1303.8,47.4,0
2521,car,4.5,road_loopA_f0,road_loopA_f1,4365.6,4498.1,132.5,1303.0,35.4,0
2542,car,4.5,road_loopA_f0,road_loopA_f1,4381.2,4498.9,117.7,1303.8,39.9,0
2554,bus,11.0,road_loopA_f0,road_loopA_f1,4392.6,4499.2,106.6,1303.8,44.0,0
2488,bus,11.0,road_loopA_r0,road_loopA_r1,4338.1,4499.4,161.3,1297.4,29.0,2
2546,car,4.5,road_loopA_f0,road_loopA_f1,4384.8,4499.9,115.1,1303.4,40.8,0
2540,car,4.5,road_loopA_f0,road_loopA_f1,4380.2,4500.3,120.1,1304.1,39.1,0
2595,car,4.5,road_loopA_f0,xloopA_0Bb,4436.1,4500.8,64.7,478.6,26.6,1
2565,car,4.5,road_loopA_f0,road_loopA_f1,4404.0,4501.5,97.5,1303.4,48.1,0
2531,car,4.5,road_loopA_f0,road_loopA_f1,4374.3,4502.0,127.7,1303.9,36.8,0
2570,car,4.5,road_loopA_f0,road_loopA_f1,4409.1,4503.2,94.1,1302.9,49.8,0
2545,truck,8.5,road_loopA_f0,road_loopA_f1,4383.1,4503.4,120.3,1302.9,39.0,0
2573,car,4.5,road_loopA_f0,road_loopA_f1,4410.9,4505.1,94.2,1303.3,49.8,0
2551,bus,11.0,road_loopA_f0,road_loopA_f1,4389.6,4506.1,116.5,1303.7,40.3,1
2516,car,4.5,road_loopA_f0,road_loopA_f1,4359.6,4509.0,149.4,1303.5,31.4,1
2569,suv,4.8,road_loopA_f0,road_loopA_f1,4408.9,4510.1,101.2,1303.8,46.4,0
2634,car,4.5,road_loopA_f0,xloopA_0Bb,4462.1,4510.4,48.3,478.6,35.7,0
2484,car,4.5,road_loopA_f0,road_loopA_f1,4334.9,4511.9,177.0,1303.9,26.5,1
2568,suv,4.8,road_loopA_f0,road_loopA_f1,4407.2,4513.1,105.9,1303.4,44.3,0
2238,car,4.5,xloopA_0Aa,road_loopA_f1,4121.1,4514.0,392.9,872.6,8.0,1
2577,truck,8.5,road_loopA_f0,road_loopA_f1,4415.3,4514.7,99.4,1304.0,47.2,0
2571,car,4.5,road_loopA_f0,road_loopA_f1,4409.3,4515.4,106.1,1303.9,44.2,0
2652,suv,4.8,road_loopA_f0,xloopA_0Bb,4472.8,4515.8,43.0,479.1,40.1,0
2508,suv,4.8,road_loopA_f0,road_loopA_f1,4353.0,4516.0,163.0,1302.8,28.8,1
2580,suv,4.8,road_loopA_f0,road_loopA_f1,4417.8,4517.2,99.4,1303.8,47.2,0
2572,car,4.5,road_loopA_f0,road_loopA_f1,4410.3,4519.0,108.7,1302.9,43.1,0
2578,car,4.5,road_loopA_f0,road_loopA_f1,4416.3,4519.1,102.8,1303.7,45.7,0
2611,car,4.5,road_loopA_r0,xloopA_0Ab,4447.8,4519.2,71.4,869.0,43.8,0
2574,car,4.5,road_loopA_f0,road_loopA_f1,4411.5,4520.2,108.7,1303.6,43.2,0
2667,suv,4.8,road_loopA_f0,xloopA_0Bb,4484.1,4524.0,39.9,479.0,43.3,0
2454,car,4.5,road_loopA_r0,road_loopA_r1,4312.5,4526.0,213.5,1297.8,21.9,1
2562,car,4.5,road_loopA_r0,road_loopA_r1,4399.5,4527.8,128.3,1298.4,36.4,1
2564,suv,4.8,road_loopA_r0,road_loopA_r1,4403.2,4527.8,124.6,1297.5,37.5,1
2591,car,4.5,road_loopA_r0,xloopA_0Ab,4430.9,4529.1,98.2,869.2,31.8,1
2657,car,4.5,xloopA_0Ba,road_loopA_r1,4477.1,4529.6,52.5,476.6,32.7,0
2579,car,4.5,road_loopA_r0,road_loopA_r1,4416.5,4530.6,114.1,1298.5,41.0,1
2566,car,4.5,road_loopA_r0,road_loopA_r1,4404.6,4531.0,126.4,1298.6,37.0,1
2584,suv,4.8,road_loopA_r0,road_loopA_r1,4424.8,4532.3,107.5,1297.3,43.4,1
2597,car,4.5,road_loopA_r0,road_loopA_r1,4436.4,4534.0,97.6,1298.5,47.9,0
2600,car,4.5,road_loopA_r0,road_loopA_r1,4438.9,4535.7,96.8,1298.3,48.3,0
2679,suv,4.8,road_loopA_f0,xloopA_0Bb,4496.7,4537.2,40.5,479.2,42.6,0
2598,suv,4.8,road_loopA_r0,road_loopA_r1,4436.6,4537.5,100.9,1297.7,46.3,0
2556,suv,4.8,road_loopA_r0,road_loopA_r1,4393.4,4537.8,144.4,1297.8,32.4,1
2576,suv,4.8,road_loopA_r0,road_loopA_r1,4415.0,4539.5,124.5,1298.4,37.6,1
2548,bus,11.0,road_loopA_f0,road_loopA_f1,4385.7,4540.3,154.6,1303.0,30.3,2
2608,car,4.5,road_loopA_r0,road_loopA_r1,4446.9,4541.0,94.1,1298.2,49.6,0
2587,suv,4.8,road_loopA_r0,road_loopA_r1,4429.2,4541.3,112.1,1297.8,41.7,1
2464,car,4.5,xloopA_0Aa,road_loopA_r1,4319.4,4542.8,223.4,507.1,8.2,1
2617,car,4.5,road_loopA_r0,road_loopA_r1,4451.0,4543.2,92.2,1298.2,50.7,0
2607,car,4.5,road_loopA_r0,xloopA_0Ab,4446.1,4543.4,97.3,869.0,32.2,2
2621,car,4.5,road_loopA_r0,road_loopA_r1,4453.6,4543.8,90.2,1298.6,51.9,0
2582,car,4.5,road_loopA_r0,road_loopA_r1,4422.7,4544.4,121.7,1297.6,38.4,1
2609,suv,4.8,road_loopA_r0,road_loopA_r1,4446.9,4545.5,98.6,1297.3,47.4,0
2606,car,4.5,road_loopA_r0,road_loopA_r1,4445.3,4546.1,100.8,1297.5,46.3,0
2626,car,4.5,road_loopA_r0,road_loopA_r1,4454.5,4546.9,92.4,1298.0,50.6,0
2628,car,4.5,road_loopA_r0,road_loopA_r1,4457.4,4548.6,91.2,1297.5,51.2,0
2627,suv,4.8,road_loopA_r0,road_loopA_r1,4455.8,4550.8,95.0,1297.9,49.2,0
2624,car,4.5,road_loopA_r0,road_loopA_r1,4454.1,4552.7,98.6,1298.6,47.4,0
2586,car,4.5,road_loopA_f0,road_loopA_f1,4427.9,4553.7,125.8,1303.1,37.3,1
2632,car,4.5,road_loopA_r0,road_loopA_r1,4460.9,4556.1,95.2,1297.3,49.1,0
2618,car,4.5,road_loopA_r0,road_loopA_r1,4451.3,4558.4,107.1,1297.7,43.6,0
2646,car,4.5,road_loopA_r0,road_loopA_r1,4467.4,4558.5,91.1,1297.6,51.3,0
2637,car,4.5,road_loopA_r0,road_loopA_r1,4463.8,4558.7,94.9,1298.3,49.2,0
2701,car,4.5,road_loopA_f0,xloopA_0Bb,4518.8,4559.9,41.1,478.8,42.0,0
2630,car,4.5,road_loopA_r0,road_loopA_r1,4459.9,4560.1,100.2,1297.6,46.6,0
2647,car,4.5,road_loopA_r0,road_loopA_r1,4467.9,4560.5,92.6,1298.1,50.5,0
2633,suv,4.8,road_loopA_r0,road_loopA_r1,4461.8,4561.9,100.1,1298.3,46.7,0
2650,car,4.5,road_loopA_r0,road_loopA_r1,4471.9,4562.2,90.3,1297.3,51.7,0
2583,suv,4.8,road_loopA_f0,road_loopA_f1,4424.5,4563.4,138.9,1303.7,33.8,1
2602,car,4.5,road_loopA_f0,road_loopA_f1,4442.5,4563.4,120.9,1303.7,38.8,1
2638,car,4.5,road_loopA_r0,road_loopA_r1,4463.9,4563.7,99.8,1298.6,46.9,0
2645,suv,4.8,road_loopA_r0,road_loopA_r1,4466.9,4564.8,97.9,1297.4,47.7,0
2593,car,4.5,road_loopA_f0,road_loopA_f1,4432.5,4565.2,132.7,1304.0,35.4,1
2642,car,4.5,road_loopA_r0,road_loopA_r1,4466.0,4565.5,99.5,1297.4,47.0,0
2655,car,4.5,road_loopA_r0,road_loopA_r1,4473.5,4567.5,94.0,1298.7,49.7,0
2641,car,4.5,road_loopA_r0,road_loopA_r1,4465.6,4567.9,102.3,1298.5,45.7,0
2651,suv,4.8,road_loopA_r0,road_loopA_r1,4472.5,4568.1,95.6,1298.0,48.9,0
2534,bus,11.0,road_loopA_r0,road_loopA_r1,4375.7,4568.9,193.2,1298.2,24.2,3
2552,car,4.5,road_loopA_r0,xloopA_0Bb,4391.8,4569.6,177.8,895.6,18.1,1
2644,car,4.5,road_loopA_r0,road_loopA_r1,4466.9,4569.6,102.7,1297.6,45.5,0
2603,suv,4.8,road_loopA_f0,road_loopA_f1,4442.9,4570.0,127.1,1303.2,36.9,1
2613,truck,8.5,road_loopA_f0,xloopA_0Ab,4448.3,4571.4,123.1,505.0,14.8,1
2656,car,4.5,road_loopA_r0,road_loopA_r1,4475.5,4571.5,96.0,1297.9,48.7,0
2596,car,4.5,road_loopA_f0,road_loopA_f1,4436.3,4571.8,135.5,1303.4,34.6,1
2585,car,4.5,road_loopA_r0,xloopA_0Bb,4427.1,4572.2,145.1,895.7,22.2,1
2664,suv,4.8,road_loopA_f0,xloopA_0Ab,4482.3,4574.5,92.2,505.6,19.8,2
2631,car,4.5,road_loopA_r0,xloopA_0Bb,4460.2,4574.8,114.6,895.4,28.1,1
2589,truck,8.5,road_loopA_f0,road_loopA_f1,4430.5,4575.2,144.7,1303.4,32.4,1
2666,car,4.5,road_loopA_r0,road_loopA_r1,4483.5,4576.7,93.2,1298.0,50.1,0
2604,car,4.5,road_loopA_f0,road_loopA_f1,4444.5,4576.9,132.4,1302.9,35.4,1
2669,car,4.5,road_loopA_f0,xloopA_0Ab,4485.2,4577.1,91.9,505.1,19.8,2
2653,truck,8.5,road_loopA_r0,xloopA_0Bb,4473.3,4578.3,105.0,895.5,30.7,1
2658,truck,8.5,road_loopA_r0,road_loopA_r1,4478.8,4578.5,99.7,1298.3,46.9,0
2610,car,4.5,road_loopA_f0,road_loopA_f1,4447.3,4578.7,131.4,1302.9,35.7,1
2594,car,4.5,road_loopA_f0,road_loopA_f1,4434.2,4579.1,144.9,1303.9,32.4,1
2690,car,4.5,road_loopA_f0,xloopA_0Ab,4509.4,4579.8,70.4,505.3,25.8,1
2614,truck,8.5,road_loopA_f0,road_loopA_f1,4448.4,4581.0,132.6,1303.0,35.4,1
2643,truck,8.5,road_loopA_r0,road_loopA_r1,4466.5,4581.4,114.9,1297.5,40.6,0
2673,car,4.5,road_loopA_r0,road_loopA_r1,4492.4,4581.5,89.1,1298.5,52.5,0
2625,suv,4.8,road_loopA_f0,road_loopA_f1,4454.6,4582.9,128.3,1303.8,36.6,1
2599,car,4.5,road_loopA_f0,road_loopA_f1,4438.4,4584.7,146.3,1302.8,32.1,1
2640,suv,4.8,road_loopA_f0,road_loopA_f1,4465.5,4584.9,119.4,1303.3,39.3,0
2525,car,4.5,xloopA_0Aa,xloopA_0Ab,4369.7,4585.2,215.5,84.6,1.4,1
2741,car,4.5,xloopA_0Ba,xloopA_0Bb,4557.4,4585.3,27.9,84.0,10.9,1
2654,car,4.5,road_loopA_f0,road_loopA_f1,4473.4,4586.7,113.3,1303.5,41.4,0
2623,suv,4.8,road_loopA_f0,road_loopA_f1,4454.1,4587.2,133.1,1303.4,35.2,1
2660,car,4.5,road_loopA_f0,road_loopA_f1,4479.6,4588.5,108.9,1304.1,43.1,0
2553,car,4.5,xloopA_0Aa,xloopA_0Ab,4392.6,4588.5,195.9,84.8,1.6,1
2612,suv,4.8,road_loopA_f0,road_loopA_f1,4448.3,4588.9,140.6,1303.5,33.4,1
2668,suv,4.8,road_loopA_f0,road_loopA_f1,4484.5,4590.5,106.0,1302.8,44.2,0
2557,car,4.5,xloopA_0Aa,xloopA_0Ab,4395.8,4590.5,194.7,84.1,1.6,0
2620,car,4.5,xloopA_0Ba,road_loopA_f1,4452.5,4590.6,138.1,902.7,23.5,1
2671,truck,8.5,road_loopA_f0,road_loopA_f1,4487.4,4592.7,105.3,1303.8,44.6,0
2616,suv,4.8,road_loopA_f0,road_loopA_f1,4450.3,4593.1,142.8,1303.7,32.9,1
2560,car,4.5,xloopA_0Aa,xloopA_0Ab,4396.9,4593.5,196.6,84.7,1.6,0
2681,car,4.5,road_loopA_f0,road_loopA_f1,4497.5,4594.7,97.2,1303.6,48.3,0
2639,truck,8.5,road_loopA_f0,road_loopA_f1,4464.7,4594.8,130.1,1303.8,36.1,0
2661,car,4.5,road_loopA_r0,road_loopA_r1,4479.7,4594.9,115.2,1297.8,40.6,0
2684,car,4.5,road_loopA_f0,road_loopA_f1,4501.8,4596.4,94.6,1302.9,49.6,0
2649,car,4.5,road_loopA_f0,road_loopA_f1,4469.9,4596.8,126.9,1302.9,37.0,0
2619,car,4.5,road_loopA_f0,road_loopA_f1,4451.6,4598.2,146.6,1303.3,32.0,1
2493,car,4.5,xloopA_0Aa,road_loopA_f1,4342.7,4599.7,257.0,872.1,12.2,1
2676,car,4.5,road_loopA_f0,road_loopA_f1,4495.3,4600.0,104.7,1303.3,44.8,0
2636,car,4.5,road_loopA_f0,road_loopA_f1,4462.9,4600.4,137.5,1303.6,34.1,0
2635,car,4.5,xloopA_0Ba,road_loopA_f1,4462.5,4601.7,139.2,903.0,23.4,0
2670,car,4.5,road_loopA_f0,road_loopA_f1,4486.9,4602.1,115.2,1303.6,40.7,0
2665,car,4.5,road_loopA_f0,road_loopA_f1,4482.8,4602.7,119.9,1303.7,39.1,0
2581,truck,8.5,road_loopA_f0,road_loopA_f1,4421.3,4603.8,182.5,1302.8,25.7,1
2675,truck,8.5,road_loopA_f0,road_loopA_f1,4494.8,4604.1,109.3,1303.1,42.9,0
2732,car,4.5,road_loopA_f0,xloopA_0Bb,4550.3,4605.4,55.1,478.7,31.3,1
2605,suv,4.8,road_loopA_f0,road_loopA_f1,4444.5,4605.8,161.3,1302.9,29.1,1
2590,car,4.5,road_loopA_f0,road_loopA_f1,4430.8,4605.9,175.1,1303.2,26.8,1
2687,suv,4.8,road_loopA_f0,road_loopA_f1,4505.9,4606.4,100.5,1304.0,46.7,0
2629,truck,8.5,road_loopA_f0,road_loopA_f1,4457.9,4607.7,149.8,1303.5,31.3,0
2622,car,4.5,road_loopA_f0,road_loopA_f1,4453.8,4607.8,154.0,1303.7,30.5,0
2692,car,4.5,road_loopA_f0,road_loopA_f1,4512.7,4608.1,95.4,1303.6,49.2,0
2648,car,4.5,road_loopA_f0,road_loopA_f1,4469.4,4609.6,140.2,1303.1,33.5,0
2674,car,4.5,road_loopA_f0,road_loopA_f1,4493.3,4609.9,116.6,1302.9,40.2,0
2699,car,4.5,road_loopA_f0,road_loopA_f1,4518.6,4610.4,91.8,1303.4,51.1,0
2659,suv,4.8,road_loopA_f0,road_loopA_f1,4479.6,4611.4,131.8,1302.9,35.6,0
2695,suv,4.8,road_loopA_f0,road_loopA_f1,4514.8,4611.6,96.8,1303.5,48.5,0
2703,suv,4.8,road_loopA_f0,road_loopA_f1,4519.1,4612.3,93.2,1303.7,50.3,0
2691,car,4.5,road_loopA_f0,road_loopA_f1,4512.2,4613.3,101.1,1303.7,46.4,0
2702,car,4.5,road_loopA_f0,road_loopA_f1,4518.9,4614.1,95.2,1304.1,49.3,0
2711,truck,8.5,road_loopA_r0,xloopA_0Ab,4524.7,4615.6,90.9,869.2,34.4,0
2689,car,4.5,road_loopA_f0,road_loopA_f1,4507.2,4617.1,109.9,1303.5,42.7,0
2693,truck,8.5,road_loopA_f0,road_loopA_f1,4512.7,4621.1,108.4,1303.1,43.3,0
2615,bus,11.0,road_loopA_f0,road_loopA_f1,4450.1,4633.8,183.7,1303.3,25.5,2
2680,car,4.5,road_loopA_r0,road_loopA_r1,4497.0,4635.2,138.2,1297.5,33.8,1
2672,car,4.5,road_loopA_r0,road_loopA_r1,4492.4,4636.3,143.9,1297.7,32.5,1
2677,truck,8.5,road_loopA_r0,road_loopA_r1,4496.0,4636.9,140.9,1298.4,33.2,1
2685,car,4.5,road_loopA_r0,road_loopA_r1,4503.7,4637.7,134.0,1298.2,34.9,1
2698,suv,4.8,road_loopA_r0,road_loopA_r1,4518.3,4639.2,120.9,1297.5,38.6,1
2694,car,4.5,road_loopA_r0,road_loopA_r1,4513.6,4640.1,126.5,1297.4,36.9,1
2712,suv,4.8,road_loopA_r0,road_loopA_r1,4525.8,4642.3,116.5,1297.4,40.1,1
2697,car,4.5,road_loopA_r0,road_loopA_r1,4517.0,4642.7,125.7,1298.0,37.2,1
2537,car,4.5,xloopA_0Aa,road_loopA_r1,4377.4,4644.3,266.9,506.6,6.8,1
2696,bus,11.0,road_loopA_r0,road_loopA_r1,4516.3,4644.7,128.4,1298.0,36.4,1
2710,suv,4.8,road_loopA_r0,road_loopA_r1,4522.5,4645.5,123.0,1297.6,38.0,1
2678,suv,4.8,road_loopA_r0,road_loopA_r1,4496.5,4646.0,149.5,1298.3,31.3,1
2714,car,4.5,road_loopA_r0,road_loopA_r1,4526.6,4647.3,120.7,1298.4,38.7,1
2720,car,4.5,road_loopA_r0,road_loopA_r1,4533.7,4647.3,113.6,1298.5,41.1,0
2682,car,4.5,road_loopA_r0,road_loopA_r1,4499.2,4647.6,148.4,1297.6,31.5,1
2721,suv,4.8,road_loopA_r0,road_loopA_r1,4535.8,4648.9,113.1,1297.3,41.3,1
2734,suv,4.8,road_loopA_r0,road_loopA_r1,4551.0,4649.6,98.6,1298.2,47.4,0
2713,car,4.5,road_loopA_r0,road_loopA_r1,4526.2,4649.7,123.5,1298.2,37.8,0
2727,car,4.5,road_loopA_r0,road_loopA_r1,4543.7,4651.3,107.6,1297.4,43.4,0
2730,car,4.5,road_loopA_r0,road_loopA_r1,4547.4,4651.7,104.3,1297.9,44.8,0
2738,car,4.5,road_loopA_r0,road_loopA_r1,4553.1,4652.6,99.5,1298.5,47.0,0
2663,suv,4.8,road_loopA_r0,xloopA_0Bb,4481.8,4652.7,170.9,895.6,18.9,1
2728,car,4.5,road_loopA_r0,road_loopA_r1,4545.2,4653.0,107.8,1297.4,43.3,0
2705,suv,4.8,road_loopA_f0,xloopA_0Ab,4520.4,4653.3,132.9,505.4,13.7,1
2731,suv,4.8,road_loopA_r0,road_loopA_r1,4548.7,4654.8,106.1,1298.5,44.1,0
2718,car,4.5,road_loopA_r0,xloopA_0Bb,4531.7,4655.3,123.6,895.3,26.1,1
2752,car,4.5,road_loopA_r0,road_loopA_r1,4566.4,4655.7,89.3,1298.0,52.3,0
2709,car,4.5,road_loopA_f0,xloopA_0Ab,4522.4,4655.9,133.5,505.1,13.6,1
2729,car,4.5,road_loopA_r0,road_loopA_r1,4547.1,4656.4,109.3,1297.7,42.7,0
2722,car,4.5,road_loopA_r0,xloopA_0Bb,4536.9,4658.0,121.1,895.6,26.6,1
2747,car,4.5,road_loopA_r0,road_loopA_r1,4562.3,4658.3,96.0,1297.7,48.7,0
2726,car,4.5,road_loopA_f0,xloopA_0Ab,4542.1,4658.6,116.5,505.4,15.6,1
2707,car,4.5,road_loopA_f0,road_loopA_f1,4521.8,4658.8,137.0,1304.1,34.3,1
2739,car,4.5,road_loopA_r0,xloopA_0Bb,4554.4,4660.6,106.2,895.4,30.4,1
2716,car,4.5,road_loopA_f0,road_loopA_f1,4527.2,4660.7,133.5,1303.9,35.2,1
2766,car,4.5,road_loopA_f0,xloopA_0Ab,4579.4,4661.2,81.8,505.0,22.2,1
2744,car,4.5,road_loopA_r0,road_loopA_r1,4560.4,4661.4,101.0,1297.7,46.3,0
2,tram,34.0,loopB,loopB,315.9,4662.1,4346.2,33673.6,27.9,40
2719,car,4.5,road_loopA_f0,road_loopA_f1,4533.5,4662.5,129.0,1303.2,36.4,1
2683,bus,11.0,road_loopA_r0,road_loopA_r1,4501.4,4662.8,161.4,1297.3,28.9,1
2704,suv,4.8,road_loopA_f0,road_loopA_f1,4520.4,4663.4,143.0,1303.5,32.8,1
2787,car,4.5,road_loopA_f0,xloopA_0Ab,4593.0,4663.9,70.9,505.3,25.7,1
2724,car,4.5,road_loopA_f0,road_loopA_f1,4540.3,4665.2,124.9,1303.8,37.6,1
2753,car,4.5,road_loopA_r0,road_loopA_r1,4566.7,4665.2,98.5,1298.1,47.5,0
2706,car,4.5,road_loopA_f0,road_loopA_f1,4521.7,4665.6,143.9,1303.1,32.6,1
2760,suv,4.8,road_loopA_r0,road_loopA_r1,4576.1,4666.1,90.0,1297.5,51.9,0
2764,car,4.5,road_loopA_r0,road_loopA_r1,4578.1,4668.0,89.9,1298.6,52.0,0
2567,car,4.5,xloopA_0Aa,xloopA_0Ab,4405.0,4668.7,263.7,84.4,1.2,1
2733,car,4.5,road_loopA_f0,road_loopA_f1,4550.9,4669.2,118.3,1303.7,39.7,1
2823,car,4.5,xloopA_0Ba,xloopA_0Bb,4629.4,4670.1,40.7,84.1,7.4,1
2761,car,4.5,road_loopA_r0,road_loopA_r1,4576.7,4670.5,93.8,1297.6,49.8,0
2737,suv,4.8,road_loopA_f0,road_loopA_f1,4551.3,4670.9,119.6,1303.4,39.2,1
2749,car,4.5,road_loopA_r0,road_loopA_r1,4565.2,4670.9,105.7,1297.4,44.2,0
2686,bus,11.0,road_loopA_r0,road_loopA_r1,4504.2,4671.4,167.2,1298.1,28.0,2
2758,truck,8.5,road_loopA_r0,road_loopA_r1,4573.9,4671.8,97.9,1298.3,47.7,0
2742,car,4.5,road_loopA_f0,road_loopA_f1,4557.6,4672.8,115.2,1303.8,40.7,1
2715,car,4.5,road_loopA_f0,road_loopA_f1,4526.8,4673.5,146.7,1303.0,32.0,1
2745,car,4.5,road_loopA_f0,road_loopA_f1,4561.4,4674.5,113.1,1303.7,41.5,1
2717,car,4.5,road_loopA_f0,road_loopA_f1,4528.2,4675.2,147.0,1303.1,31.9,1
2748,car,4.5,road_loopA_f0,road_loopA_f1,4564.9,4676.7,111.8,1303.2,42.0,0
2723,car,4.5,road_loopA_f0,road_loopA_f1,4538.7,4676.9,138.2,1303.4,34.0,1
2751,suv,4.8,road_loopA_f0,road_loopA_f1,4565.9,4678.4,112.5,1303.3,41.7,1
2725,car,4.5,road_loopA_f0,road_loopA_f1,4541.6,4678.8,137.2,1303.0,34.2,1
2755,suv,4.8,road_loopA_f0,road_loopA_f1,4571.4,4680.2,108.8,1303.6,43.1,0
2700,car,4.5,road_loopA_f0,road_loopA_f1,4518.8,4680.4,161.6,1303.6,29.0,1
2736,suv,4.8,road_loopA_f0,road_loopA_f1,4551.1,4680.9,129.8,1303.3,36.2,1
2750,car,4.5,road_loopA_f0,road_loopA_f1,4565.3,4681.9,116.6,1303.0,40.2,0
2740,suv,4.8,road_loopA_f0,road_loopA_f1,4556.8,4682.7,125.9,1304.0,37.3,1
2754,suv,4.8,road_loopA_f0,road_loopA_f1,4569.3,4684.0,114.7,1303.5,40.9,0
2743,suv,4.8,road_loopA_f0,road_loopA_f1,4559.5,4684.4,124.9,1303.3,37.6,1
2746,car,4.5,road_loopA_f0,road_loopA_f1,4562.2,4686.2,124.0,1302.8,37.8,1
2756,car,4.5,road_loopA_f0,road_loopA_f1,4571.5,4686.9,115.4,1303.0,40.6,0
2757,car,4.5,road_loopA_f0,road_loopA_f1,4572.0,4689.5,117.5,1303.9,39.9,0
2763,car,4.5,road_loopA_f0,road_loopA_f1,4577.6,4689.7,112.1,1303.8,41.9,0
2769,car,4.5,road_loopA_f0,road_loopA_f1,4581.6,4691.7,110.1,1303.0,42.6,0
2759,car,4.5,road_loopA_f0,road_loopA_f1,4575.7,4692.7,117.0,1303.4,40.1,0
2767,suv,4.8,road_loopA_f0,road_loopA_f1,4579.6,4694.3,114.7,1303.0,40.9,0
2773,car,4.5,road_loopA_f0,road_loopA_f1,4583.6,4694.7,111.1,1303.4,42.2,0
2778,car,4.5,road_loopA_f0,road_loopA_f1,4587.2,4695.5,108.3,1303.1,43.3,0
2771,car,4.5,road_loopA_f0,road_loopA_f1,4582.0,4696.2,114.2,1303.4,41.1,0
2795,suv,4.8,road_loopA_r0,xloopA_0Ab,4603.9,4696.2,92.3,869.2,33.9,1
2781,truck,8.5,road_loopA_f0,road_loopA_f1,4589.2,4697.6,108.4,1303.6,43.3,0
2777,car,4.5,road_loopA_f0,road_loopA_f1,4587.0,4697.9,110.9,1302.9,42.3,0
2790,car,4.5,road_loopA_f0,road_loopA_f1,4596.4,4698.4,102.0,1302.9,46.0,0
2794,car,4.5,road_loopA_f0,road_loopA_f1,4601.2,4700.2,99.0,1303.7,47.4,0
2796,car,4.5,road_loopA_f0,road_loopA_f1,4604.1,4701.0,96.9,1303.1,48.4,0
2780,truck,8.5,road_loopA_f0,road_loopA_f1,4588.7,4701.1,112.4,1302.9,41.7,0
2791,car,4.5,road_loopA_f0,road_loopA_f1,4597.1,4702.5,105.4,1303.6,44.5,0
2786,suv,4.8,road_loopA_f0,road_loopA_f1,4592.4,4703.0,110.6,1302.9,42.4,0
2770,car,4.5,road_loopA_r0,road_loopA_r1,4581.6,4714.6,133.0,1298.4,35.2,1
2774,car,4.5,road_loopA_r0,road_loopA_r1,4584.4,4716.3,131.9,1297.8,35.4,1
2810,car,4.5,xloopA_0Ba,road_loopA_r1,4617.2,4716.7,99.5,476.9,17.3,1
2782,suv,4.8,road_loopA_r0,road_loopA_r1,4589.2,4719.1,129.9,1297.7,36.0,1
2776,car,4.5,road_loopA_r0,road_loopA_r1,4585.5,4721.0,135.5,1298.0,34.5,1
2829,car,4.5,xloopA_0Ba,road_loopA_r1,4639.0,4721.1,82.1,476.8,20.9,1
2772,suv,4.8,road_loopA_r0,road_loopA_r1,4582.2,4722.4,140.2,1298.3,33.3,1
2768,car,4.5,road_loopA_r0,road_loopA_r1,4581.3,4724.2,142.9,1298.5,32.7,1
2779,truck,8.5,road_loopA_r0,road_loopA_r1,4587.7,4726.3,138.6,1298.3,33.7,1
2799,car,4.5,road_loopA_r0,road_loopA_r1,4605.9,4728.3,122.4,1298.6,38.2,1
2877,car,4.5,road_loopA_f0,xloopA_0Bb,4687.0,4728.3,41.3,478.6,41.7,0
2762,suv,4.8,road_loopA_r0,road_loopA_r1,4577.4,4728.6,151.2,1297.9,30.9,1
2783,car,4.5,road_loopA_r0,road_loopA_r1,4589.8,4730.4,140.6,1298.4,33.2,1
2812,car,4.5,road_loopA_r0,road_loopA_r1,4619.0,4730.7,111.7,1297.4,41.8,1
2849,car,4.5,xloopA_0Ba,road_loopA_r1,4659.7,4731.2,71.5,476.4,24.0,0
2803,truck,8.5,road_loopA_r0,road_loopA_r1,4610.3,4732.6,122.3,1298.5,38.2,1
2817,car,4.5,road_loopA_r0,road_loopA_r1,4623.5,4732.8,109.3,1297.3,42.7,0
2784,car,4.5,road_loopA_r0,road_loopA_r1,4591.1,4732.9,141.8,1298.2,33.0,1
2789,car,4.5,road_loopA_r0,road_loopA_r1,4596.2,4734.5,138.3,1297.8,33.8,1
2811,car,4.5,road_loopA_r0,road_loopA_r1,4618.3,4734.5,116.2,1297.3,40.2,0
2792,suv,4.8,road_loopA_r0,road_loopA_r1,4598.4,4736.1,137.7,1297.4,33.9,1
2824,car,4.5,road_loopA_r0,road_loopA_r1,4630.6,4736.2,105.6,1297.6,44.2,0
2805,car,4.5,road_loopA_r0,road_loopA_r1,4611.0,4736.7,125.7,1297.3,37.2,0
2798,car,4.5,road_loopA_r0,road_loopA_r1,4605.6,4738.0,132.4,1297.6,35.3,0
2821,car,4.5,road_loopA_r0,road_loopA_r1,4627.1,4739.0,111.9,1297.8,41.8,0
2807,suv,4.8,road_loopA_r0,road_loopA_r1,4612.0,4739.1,127.1,1298.0,36.8,1
2814,car,4.5,road_loopA_r0,road_loopA_r1,4620.5,4739.9,119.4,1298.4,39.1,0
2825,suv,4.8,road_loopA_r0,road_loopA_r1,4632.7,4741.2,108.5,1298.3,43.1,0
2816,car,4.5,road_loopA_r0,road_loopA_r1,4622.0,4741.6,119.6,1297.5,39.1,1
2815,suv,4.8,road_loopA_r0,road_loopA_r1,4621.2,4741.7,120.5,1298.2,38.8,0
2820,car,4.5,road_loopA_r0,road_loopA_r1,4626.5,4743.4,116.9,1298.0,40.0,0
2831,car,4.5,road_loopA_r0,road_loopA_r1,4641.2,4744.1,102.9,1298.2,45.4,0
2832,car,4.5,road_loopA_r0,road_loopA_r1,4644.6,4744.2,99.6,1297.7,46.9,0
2840,car,4.5,road_loopA_r0,road_loopA_r1,4650.7,4746.0,95.3,1298.7,49.1,0
2835,truck,8.5,road_loopA_r0,road_loopA_r1,4647.1,4746.2,99.1,1297.7,47.1,0
2806,suv,4.8,road_loopA_r0,xloopA_0Bb,4611.7,4746.3,134.6,895.2,23.9,2
2813,car,4.5,road_loopA_f0,xloopA_0Ab,4620.2,4746.8,126.6,505.3,14.4,1
2808,suv,4.8,road_loopA_f0,road_loopA_f1,4615.8,4747.1,131.3,1302.8,35.7,1
2797,car,4.5,road_loopA_f0,road_loopA_f1,4605.4,4748.0,142.6,1303.6,32.9,1
2844,car,4.5,road_loopA_r0,road_loopA_r1,4653.8,4748.2,94.4,1297.7,49.5,0
2847,suv,4.8,road_loopA_r0,road_loopA_r1,4658.2,4748.7,90.5,1297.9,51.6,0
2819,car,4.5,road_loopA_f0,road_loopA_f1,4625.2,4749.1,123.9,1303.8,37.9,1
2822,truck,8.5,road_loopA_r0,road_loopA_r1,4629.3,4749.3,120.0,1297.6,38.9,0
2871,car,4.5,road_loopA_f0,xloopA_0Ab,4683.2,4749.4,66.2,505.3,27.5,1
2802,car,4.5,road_loopA_f0,road_loopA_f1,4609.1,4749.8,140.7,1303.2,33.3,1
2845,car,4.5,road_loopA_r0,road_loopA_r1,4655.2,4750.2,95.0,1298.3,49.2,0
2838,car,4.5,road_loopA_r0,road_loopA_r1,4649.4,4751.2,101.8,1297.6,45.9,0
2833,suv,4.8,road_loopA_f0,road_loopA_f1,4645.0,4751.3,106.3,1303.3,44.1,0
2830,car,4.5,road_loopA_f0,road_loopA_f1,4640.0,4751.7,111.7,1303.1,42.0,1
2788,suv,4.8,road_loopA_r0,road_loopA_r1,4594.4,4751.9,157.5,1297.7,29.7,1
2870,suv,4.8,road_loopA_f0,xloopA_0Ab,4683.2,4752.1,68.9,505.6,26.4,1
2843,car,4.5,road_loopA_r0,road_loopA_r1,4651.5,4753.0,101.5,1298.4,46.1,0
2841,car,4.5,road_loopA_f0,road_loopA_f1,4651.3,4754.5,103.2,1303.5,45.5,0
2851,car,4.5,road_loopA_r0,road_loopA_r1,4660.4,4754.7,94.3,1298.4,49.6,0
2882,car,4.5,road_loopA_f0,xloopA_0Ab,4690.1,4754.7,64.6,505.0,28.1,1
2850,car,4.5,road_loopA_f0,road_loopA_f1,4659.9,4756.3,96.4,1303.5,48.7,0
2853,car,4.5,road_loopA_f0,road_loopA_f1,4664.9,4758.1,93.2,1303.3,50.4,0
2839,car,4.5,road_loopA_f0,road_loopA_f1,4650.5,4760.9,110.4,1303.0,42.5,0
2846,car,4.5,road_loopA_f0,road_loopA_f1,4656.1,4763.2,107.1,1302.9,43.8,0
2708,car,4.5,xloopA_0Aa,xloopA_0Ab,4522.3,4763.2,240.9,84.2,1.3,1
2601,car,4.5,xloopA_0Aa,road_loopA_f1,4442.1,4764.2,322.1,872.6,9.8,1
2818,suv,4.8,road_loopA_f0,road_loopA_f1,4623.8,4764.2,140.4,1303.1,33.4,1
2735,car,4.5,xloopA_0Aa,xloopA_0Ab,4551.0,4765.3,214.3,84.9,1.4,1
2857,truck,8.5,road_loopA_f0,road_loopA_f1,4667.6,4766.4,98.8,1303.3,47.5,0
2933,car,4.5,xloopA_0Ba,xloopA_0Bb,4736.9,4767.4,30.5,84.7,10.0,0
2836,suv,4.8,road_loopA_f0,road_loopA_f1,4647.7,4768.8,121.1,1302.8,38.7,0
2837,suv,4.8,road_loopA_f0,road_loopA_f1,4648.7,4769.0,120.3,1303.0,39.0,0
2775,car,4.5,xloopA_0Aa,xloopA_0Ab,4584.7,4769.1,184.4,84.2,1.6,0
2945,car,4.5,xloopA_0Ba,xloopA_0Bb,4746.7,4769.5,22.8,84.0,13.3,0
2854,car,4.5,road_loopA_f0,road_loopA_f1,4666.0,4770.6,104.6,1303.7,44.9,0
2952,car,4.5,xloopA_0Ba,xloopA_0Bb,4751.8,4771.4,19.6,84.3,15.5,0
2801,suv,4.8,road_loopA_f0,road_loopA_f1,4607.2,4771.9,164.7,1303.9,28.5,1
2865,car,4.5,road_loopA_f0,road_loopA_f1,4679.3,4772.2,92.9,1303.0,50.5,0
2868,car,4.5,road_loopA_f0,road_loopA_f1,4681.4,4774.2,92.8,1303.8,50.6,0
2860,car,4.5,road_loopA_f0,road_loopA_f1,4671.0,4779.0,108.0,1303.6,43.5,0
2588,car,4.5,xloopA_0Aa,road_loopA_f1,4429.8,4780.4,350.6,872.2,9.0,1
2869,car,4.5,road_loopA_f0,road_loopA_f1,4682.0,4780.7,98.7,1303.9,47.6,0
2828,car,4.5,road_loopA_f0,road_loopA_f1,4638.9,4781.1,142.2,1303.1,33.0,0
2874,car,4.5,road_loopA_f0,road_loopA_f1,4685.7,4782.4,96.7,1303.2,48.5,0
2804,suv,4.8,road_loopA_f0,road_loopA_f1,4610.9,4782.8,171.9,1303.6,27.3,1
2852,truck,8.5,road_loopA_f0,road_loopA_f1,4661.0,4783.9,122.9,1303.1,38.2,0
2886,car,4.5,road_loopA_f0,road_loopA_f1,4693.6,4784.5,90.9,1303.0,51.6,0
2863,truck,8.5,road_loopA_f0,road_loopA_f1,4676.2,4785.6,109.4,1303.2,42.9,0
2880,car,4.5,road_loopA_f0,road_loopA_f1,4689.1,4787.6,98.5,1303.5,47.6,0
2876,car,4.5,road_loopA_f0,road_loopA_f1,4686.2,4788.6,102.4,1303.9,45.8,0
2662,car,4.5,xloopA_0Aa,road_loopA_f1,4481.6,4789.0,307.4,872.1,10.2,0
2834,suv,4.8,road_loopA_r0,xloopA_0Ab,4645.4,4789.7,144.3,869.5,21.7,3
2912,car,4.5,road_loopA_f0,xloopA_0Bb,4720.6,4790.3,69.7,478.7,24.7,2
2892,car,4.5,road_loopA_f0,road_loopA_f1,4698.1,4790.5,92.4,1304.2,50.8,0
2864,car,4.5,road_loopA_r0,xloopA_0Ab,4676.8,4793.3,116.5,869.0,26.9,2
2879,car,4.5,road_loopA_f0,road_loopA_f1,4688.7,4795.2,106.5,1302.8,44.0,0
2888,car,4.5,road_loopA_f0,road_loopA_f1,4694.0,4797.0,103.0,1303.2,45.5,0
2891,car,4.5,road_loopA_f0,road_loopA_f1,4695.7,4800.4,104.7,1303.1,44.8,0
2859,car,4.5,road_loopA_r0,road_loopA_r1,4670.8,4808.3,137.5,1298.1,34.0,1
2977,car,4.5,road_loopA_f0,xloopA_0Bb,4770.2,4810.1,39.9,478.7,43.2,0
2862,car,4.5,road_loopA_r0,road_loopA_r1,4675.5,4811.4,135.9,1298.0,34.4,1
2867,car,4.5,road_loopA_r0,road_loopA_r1,4679.9,4814.6,134.7,1297.4,34.7,1
2688,car,4.5,xloopA_0Aa,road_loopA_r1,4506.4,4816.4,310.0,506.5,5.9,1
2906,truck,8.5,road_loopA_r0,xloopA_0Ab,4716.0,4816.7,100.7,868.9,31.1,1
2881,car,4.5,road_loopA_r0,road_loopA_r1,4689.4,4817.2,127.8,1298.4,36.6,1
2898,car,4.5,xloopA_0Ba,road_loopA_r1,4706.4,4817.3,110.9,476.4,15.5,1
2856,car,4.5,road_loopA_r0,road_loopA_r1,4667.1,4818.1,151.0,1297.9,30.9,1
2858,car,4.5,road_loopA_r0,road_loopA_r1,4669.0,4818.9,149.9,1297.3,31.2,1
2885,truck,8.5,road_loopA_r0,road_loopA_r1,4691.0,4818.9,127.9,1297.3,36.5,1
2861,car,4.5,road_loopA_r0,road_loopA_r1,4671.9,4820.6,148.7,1298.0,31.4,1
2890,car,4.5,road_loopA_r0,road_loopA_r1,4694.7,4820.9,126.2,1298.6,37.0,1
2866,suv,4.8,road_loopA_r0,road_loopA_r1,4679.7,4821.2,141.5,1298.3,33.0,1
2793,bus,11.0,road_loopA_f0,road_loopA_f1,4599.5,4821.9,222.4,1303.5,21.1,3
2875,car,4.5,road_loopA_r0,road_loopA_r1,4685.9,4822.9,137.0,1297.8,34.1,1
2897,car,4.5,road_loopA_r0,road_loopA_r1,4705.7,4822.9,117.2,1298.1,39.9,1
2896,suv,4.8,road_loopA_r0,road_loopA_r1,4705.3,4823.6,118.3,1298.5,39.5,1
2887,car,4.5,road_loopA_r0,road_loopA_r1,4693.8,4824.6,130.8,1297.5,35.7,1
2899,car,4.5,road_loopA_r0,road_loopA_r1,4706.3,4824.6,118.3,1297.8,39.5,1
2873,bus,11.0,road_loopA_f0,road_loopA_f1,4685.3,4826.1,140.8,1303.4,33.3,1
2904,car,4.5,road_loopA_r0,road_loopA_r1,4714.7,4826.3,111.6,1297.7,41.9,1
2884,car,4.5,road_loopA_r0,road_loopA_r1,4691.1,4826.7,135.6,1297.4,34.4,1
2913,car,4.5,road_loopA_r0,road_loopA_r1,4721.1,4827.1,106.0,1297.6,44.1,0
2889,car,4.5,road_loopA_r0,road_loopA_r1,4694.6,4828.7,134.1,1298.4,34.8,1
2921,suv,4.8,road_loopA_r0,road_loopA_r1,4729.2,4828.9,99.7,1298.4,46.9,0
2900,car,4.5,road_loopA_r0,road_loopA_r1,4708.9,4830.4,121.5,1298.1,38.5,1
2923,car,4.5,road_loopA_r0,road_loopA_r1,4729.5,4830.7,101.2,1298.5,46.2,0
2901,car,4.5,road_loopA_r0,road_loopA_r1,4710.7,4832.2,121.5,1298.5,38.5,1
2914,car,4.5,road_loopA_r0,road_loopA_r1,4722.5,4833.5,111.0,1298.5,42.1,0
2922,truck,8.5,road_loopA_r0,road_loopA_r1,4729.4,4834.3,104.9,1298.4,44.6,0
2893,suv,4.8,road_loopA_f0,road_loopA_f1,4700.0,4834.5,134.5,1302.9,34.9,1
2918,suv,4.8,road_loopA_r0,road_loopA_r1,4724.4,4835.2,110.8,1298.5,42.2,0
2902,suv,4.8,road_loopA_r0,road_loopA_r1,4710.8,4836.8,126.0,1297.7,37.1,0
2920,car,4.5,road_loopA_r0,road_loopA_r1,4727.3,4836.9,109.6,1297.6,42.6,0
2924,car,4.5,road_loopA_r0,road_loopA_r1,4729.5,4837.4,107.9,1298.2,43.3,0
2905,suv,4.8,road_loopA_f0,road_loopA_f1,4714.8,4838.3,123.5,1303.4,38.0,1
2925,car,4.5,road_loopA_r0,road_loopA_r1,4731.7,4838.5,106.8,1297.6,43.7,0
2915,car,4.5,road_loopA_f0,road_loopA_f1,4722.6,4839.0,116.4,1303.3,40.3,1
2928,suv,4.8,road_loopA_r0,road_loopA_r1,4734.7,4839.2,104.5,1298.6,44.7,0
2878,car,4.5,road_loopA_r0,xloopA_0Bb,4687.1,4839.8,152.7,895.7,21.1,1
2926,suv,4.8,road_loopA_r0,road_loopA_r1,4732.8,4840.1,107.3,1298.5,43.6,0
2955,car,4.5,road_loopA_f0,xloopA_0Ab,4754.8,4840.3,85.5,505.1,21.3,1
2917,car,4.5,road_loopA_f0,road_loopA_f1,4723.7,4840.8,117.1,1303.0,40.1,1
2935,car,4.5,road_loopA_r0,road_loopA_r1,4737.3,4840.8,103.5,1298.5,45.2,0
2910,car,4.5,road_loopA_f0,road_loopA_f1,4717.1,4842.1,125.0,1304.1,37.6,1
2960,car,4.5,road_loopA_r0,xloopA_0Bb,4756.2,4842.4,86.2,895.8,37.4,1
2941,car,4.5,road_loopA_r0,road_loopA_r1,4742.8,4842.7,99.9,1298.2,46.8,0
2984,car,4.5,road_loopA_f0,xloopA_0Ab,4781.3,4842.9,61.6,505.2,29.5,1
2927,suv,4.8,road_loopA_f0,road_loopA_f1,4734.6,4843.4,108.8,1302.9,43.1,1
2949,truck,8.5,road_loopA_r0,road_loopA_r1,4749.2,4843.9,94.7,1297.8,49.3,0
2943,car,4.5,road_loopA_r0,road_loopA_r1,4743.8,4844.4,100.6,1297.5,46.4,0
2930,car,4.5,road_loopA_r0,road_loopA_r1,4735.9,4844.6,108.7,1297.6,43.0,0
2932,car,4.5,road_loopA_f0,road_loopA_f1,4736.8,4846.1,109.3,1303.6,42.9,1
2947,car,4.5,road_loopA_r0,road_loopA_r1,4747.5,4846.5,99.0,1298.5,47.2,0
2938,suv,4.8,road_loopA_f0,road_loopA_f1,4740.8,4847.2,106.4,1303.4,44.1,0
2908,car,4.5,road_loopA_f0,road_loopA_f1,4716.6,4847.4,130.8,1303.0,35.9,1
2951,car,4.5,road_loopA_r0,road_loopA_r1,4750.5,4848.2,97.7,1297.4,47.8,0
2948,car,4.5,road_loopA_r0,road_loopA_r1,4749.0,4849.7,100.7,1297.8,46.4,0
2959,suv,4.8,road_loopA_r0,road_loopA_r1,4755.7,4849.8,94.1,1298.0,49.7,0
2916,car,4.5,road_loopA_f0,road_loopA_f1,4723.1,4851.3,128.2,1303.3,36.6,1
2961,car,4.5,road_loopA_r0,road_loopA_r1,4756.3,4851.5,95.2,1298.0,49.1,0
2936,car,4.5,road_loopA_f0,road_loopA_f1,4737.7,4851.7,114.0,1303.0,41.2,0
3012,car,4.5,xloopA_0Ba,xloopA_0Bb,4812.9,4852.3,39.4,84.5,7.7,1
2954,car,4.5,road_loopA_f0,road_loopA_f1,4754.2,4852.4,98.2,1303.6,47.8,0
2800,car,4.5,xloopA_0Aa,xloopA_0Ab,4607.1,4852.6,245.5,84.8,1.2,1
2964,suv,4.8,road_loopA_r0,road_loopA_r1,4758.8,4852.8,94.0,1298.5,49.7,0
2962,car,4.5,road_loopA_r0,road_loopA_r1,4756.9,4852.9,96.0,1298.5,48.7,0
2963,car,4.5,road_loopA_f0,road_loopA_f1,4758.1,4854.4,96.3,1304.0,48.7,0
3014,car,4.5,xloopA_0Ba,xloopA_0Bb,4814.3,4854.4,40.1,84.7,7.6,1
2968,suv,4.8,road_loopA_r0,road_loopA_r1,4762.8,4854.6,91.8,1297.6,50.9,0
2967,car,4.5,road_loopA_r0,road_loopA_r1,4760.8,4855.6,94.8,1298.3,49.3,0
2940,suv,4.8,road_loopA_r0,road_loopA_r1,4741.5,4856.2,114.7,1298.3,40.8,0
2942,car,4.5,road_loopA_f0,road_loopA_f1,4743.9,4856.7,112.8,1303.6,41.6,0
2966,car,4.5,road_loopA_f0,road_loopA_f1,4759.9,4857.0,97.1,1303.6,48.3,0
2971,suv,4.8,road_loopA_r0,road_loopA_r1,4767.8,4857.1,89.3,1297.5,52.3,0
2950,car,4.5,road_loopA_r0,road_loopA_r1,4749.5,4857.8,108.3,1298.0,43.2,0
2965,suv,4.8,road_loopA_f0,road_loopA_f1,4759.1,4859.5,100.4,1303.3,46.7,0
2937,car,4.5,road_loopA_f0,road_loopA_f1,4740.8,4860.8,120.0,1303.9,39.1,0
2946,car,4.5,road_loopA_f0,road_loopA_f1,4746.8,4862.3,115.5,1303.8,40.6,0
2842,car,4.5,xloopA_0Aa,xloopA_0Ab,4651.5,4862.3,210.8,84.1,1.4,0
2848,car,4.5,xloopA_0Aa,xloopA_0Ab,4659.0,4864.5,205.5,84.1,1.5,0
2957,car,4.5,road_loopA_f0,road_loopA_f1,4755.5,4865.0,109.5,1303.6,42.8,0
2956,truck,8.5,road_loopA_f0,road_loopA_f1,4755.3,4867.0,111.7,1303.5,42.0,0
2903,car,4.5,road_loopA_f0,road_loopA_f1,4712.9,4867.9,155.0,1302.9,30.3,1
2969,suv,4.8,road_loopA_f0,road_loopA_f1,4765.1,4869.4,104.3,1304.0,45.0,0
2929,car,4.5,xloopA_0Ba,road_loopA_f1,4735.9,4869.6,133.7,902.6,24.3,1
2978,car,4.5,road_loopA_f0,road_loopA_f1,4773.9,4871.1,97.2,1303.7,48.3,0
2919,car,4.5,road_loopA_f0,road_loopA_f1,4726.3,4871.7,145.4,1304.0,32.3,1
2980,suv,4.8,road_loopA_f0,road_loopA_f1,4776.3,4872.8,96.5,1303.2,48.6,0
2934,suv,4.8,road_loopA_f0,road_loopA_f1,4737.0,4873.1,136.1,1304.0,34.5,1
2979,car,4.5,road_loopA_f0,road_loopA_f1,4776.1,4874.9,98.8,1303.4,47.5,0
2970,truck,8.5,road_loopA_f0,road_loopA_f1,4765.2,4875.7,110.5,1302.8,42.4,0
2953,suv,4.8,road_loopA_r0,xloopA_0Ab,4753.1,4877.1,124.0,869.4,25.2,3
2765,car,4.5,xloopA_0Aa,road_loopA_f1,4579.4,4877.1,297.7,872.6,10.6,0
2975,truck,8.5,road_loopA_f0,road_loopA_f1,4769.4,4878.2,108.8,1303.8,43.1,0
2999,car,4.5,road_loopA_f0,xloopA_0Bb,4796.0,4878.2,82.2,478.7,21.0,2
2895,car,4.5,road_loopA_f0,road_loopA_f1,4703.5,4878.7,175.2,1303.2,26.8,1
2911,truck,8.5,road_loopA_f0,road_loopA_f1,4718.5,4879.8,161.3,1303.0,29.1,1
2939,suv,4.8,road_loopA_r0,xloopA_0Ab,4741.5,4880.9,139.4,869.4,22.4,3
2931,car,4.5,road_loopA_f0,road_loopA_f1,4736.7,4881.2,144.5,1303.9,32.5,1
3001,car,4.5,road_loopA_f0,xloopA_0Bb,4797.2,4881.9,84.7,478.6,20.3,2
2997,suv,4.8,road_loopA_f0,road_loopA_f1,4794.6,4883.9,89.3,1303.1,52.5,0
2985,truck,8.5,road_loopA_f0,road_loopA_f1,4785.0,4887.9,102.9,1303.6,45.6,0
3037,car,4.5,road_loopA_f0,xloopA_0Bb,4836.2,4888.8,52.6,478.6,32.8,0
2986,car,4.5,road_loopA_r0,xloopA_0Ab,4785.1,4891.7,106.6,869.1,29.4,1
2982,car,4.5,road_loopA_f0,road_loopA_f1,4778.4,4892.6,114.2,1303.2,41.1,0
2992,suv,4.8,road_loopA_f0,road_loopA_f1,4789.6,4894.3,104.7,1302.8,44.8,0
3005,truck,8.5,road_loopA_r0,xloopA_0Ab,4801.7,4896.7,95.0,869.4,33.0,0
2972,suv,4.8,road_loopA_r0,road_loopA_r1,4768.1,4900.1,132.0,1297.8,35.4,1
2987,car,4.5,road_loopA_r0,road_loopA_r1,4788.5,4901.5,113.0,1298.2,41.4,1
2958,car,4.5,road_loopA_r0,road_loopA_r1,4755.7,4901.7,146.0,1297.7,32.0,1
2983,car,4.5,road_loopA_r0,road_loopA_r1,4779.0,4902.3,123.3,1297.5,37.9,1
2976,truck,8.5,road_loopA_r0,road_loopA_r1,4769.9,4904.4,134.5,1298.3,34.7,1
2988,car,4.5,road_loopA_r0,road_loopA_r1,4788.7,4904.6,115.9,1297.7,40.3,1
2991,car,4.5,road_loopA_r0,road_loopA_r1,4789.4,4906.1,116.7,1298.3,40.0,1
2990,car,4.5,road_loopA_r0,road_loopA_r1,4789.0,4906.6,117.6,1297.7,39.7,1
3065,car,4.5,road_loopA_f0,xloopA_0Bb,4866.8,4906.8,40.0,478.6,43.1,0
2994,car,4.5,road_loopA_r0,road_loopA_r1,4792.7,4907.3,114.6,1297.7,40.8,1
3000,suv,4.8,road_loopA_r0,road_loopA_r1,4797.1,4908.4,111.3,1298.5,42.0,1
2995,suv,4.8,road_loopA_r0,road_loopA_r1,4793.1,4910.2,117.1,1298.6,39.9,1
2785,car,4.5,xloopA_0Aa,road_loopA_r1,4591.6,4913.0,321.4,506.6,5.7,1
3016,car,4.5,road_loopA_r0,xloopA_0Ab,4818.0,4913.3,95.3,869.0,32.8,1
2993,car,4.5,road_loopA_r0,road_loopA_r1,4790.8,4913.5,122.7,1297.5,38.1,1
3010,car,4.5,road_loopA_r0,road_loopA_r1,4809.3,4913.5,104.2,1297.7,44.9,0
2996,suv,4.8,road_loopA_r0,road_loopA_r1,4794.4,4914.6,120.2,1297.5,38.9,1
2973,car,4.5,road_loopA_r0,road_loopA_r1,4768.3,4914.7,146.4,1297.5,31.9,1
3074,car,4.5,road_loopA_f0,xloopA_0Bb,4874.3,4915.2,40.9,478.9,42.1,0
3020,car,4.5,road_loopA_r0,road_loopA_r1,4825.6,4916.1,90.5,1298.2,51.6,0
3015,suv,4.8,road_loopA_r0,road_loopA_r1,4815.4,4916.3,100.9,1297.3,46.3,0
2981,car,4.5,road_loopA_r0,road_loopA_r1,4777.6,4916.4,138.8,1297.9,33.7,1
3004,suv,4.8,road_loopA_r0,road_loopA_r1,4798.9,4918.2,119.3,1298.1,39.2,0
3006,car,4.5,road_loopA_r0,road_loopA_r1,4803.0,4919.9,116.9,1297.5,40.0,0
3007,truck,8.5,road_loopA_r0,road_loopA_r1,4804.1,4920.4,116.3,1298.6,40.2,0
3002,car,4.5,road_loopA_f0,road_loopA_f1,4797.6,4924.2,126.6,1303.8,37.1,1
3034,car,4.5,road_loopA_r0,road_loopA_r1,4834.1,4924.6,90.5,1298.5,51.6,0
3013,car,4.5,road_loopA_f0,road_loopA_f1,4814.0,4925.9,111.9,1303.9,42.0,1
3018,car,4.5,road_loopA_r0,road_loopA_r1,4821.6,4928.5,106.9,1298.1,43.7,0
3022,car,4.5,road_loopA_f0,road_loopA_f1,4826.7,4928.5,101.8,1303.9,46.1,1
3038,suv,4.8,road_loopA_r0,road_loopA_r1,4839.9,4930.8,90.9,1298.6,51.4,0
3036,suv,4.8,road_loopA_r0,road_loopA_r1,4835.9,4932.4,96.5,1297.4,48.4,0
3041,car,4.5,road_loopA_r0,road_loopA_r1,4842.8,4933.4,90.6,1298.6,51.6,0
3035,car,4.5,road_loopA_f0,xloopA_0Ab,4835.1,4933.9,98.8,505.4,18.4,2
3026,car,4.5,road_loopA_f0,road_loopA_f1,4828.7,4934.1,105.4,1302.9,44.5,0
3023,car,4.5,road_loopA_r0,road_loopA_r1,4826.8,4934.9,108.1,1298.1,43.2,0
3040,car,4.5,road_loopA_r0,road_loopA_r1,4842.6,4936.6,94.0,1298.0,49.7,0
3039,car,4.5,road_loopA_r0,road_loopA_r1,4841.6,4937.0,95.4,1297.8,49.0,0
3029,suv,4.8,road_loopA_f0,road_loopA_f1,4830.0,4939.3,109.3,1303.1,42.9,0
3028,suv,4.8,road_loopA_f0,road_loopA_f1,4829.7,4939.5,109.8,1303.1,42.7,1
3032,car,4.5,road_loopA_f0,road_loopA_f1,4831.7,4941.1,109.4,1302.8,42.9,0
3048,car,4.5,road_loopA_r0,road_loopA_r1,4852.3,4941.2,88.9,1297.3,52.5,0
3042,car,4.5,road_loopA_r0,road_loopA_r1,4844.3,4942.5,98.2,1297.6,47.6,0
3049,car,4.5,road_loopA_r0,road_loopA_r1,4853.0,4943.3,90.3,1298.5,51.7,0
3046,car,4.5,road_loopA_f0,road_loopA_f1,4851.1,4945.3,94.2,1303.2,49.8,0
2855,car,4.5,xloopA_0Aa,xloopA_0Ab,4667.0,4945.6,278.6,84.5,1.1,1
3054,car,4.5,road_loopA_r0,road_loopA_r1,4857.3,4946.2,88.9,1297.3,52.5,0
3071,car,4.5,xloopA_0Ba,xloopA_0Bb,4872.1,4946.7,74.6,84.2,4.1,1
3033,suv,4.8,road_loopA_f0,road_loopA_f1,4833.7,4947.6,113.9,1303.5,41.2,0
2872,car,4.5,xloopA_0Aa,xloopA_0Ab,4684.9,4947.9,263.0,84.3,1.2,1
3084,car,4.5,xloopA_0Ba,xloopA_0Bb,4880.1,4948.8,68.7,84.6,4.4,1
3044,truck,8.5,road_loopA_f0,road_loopA_f1,4848.6,4949.8,101.2,1303.5,46.4,0
3052,car,4.5,road_loopA_f0,road_loopA_f1,4856.2,4950.0,93.8,1303.5,50.0,0
2894,car,4.5,xloopA_0Aa,xloopA_0Ab,4700.2,4950.9,250.7,84.7,1.2,0
3098,car,4.5,xloopA_0Ba,xloopA_0Bb,4896.2,4951.6,55.4,84.1,5.5,0
3053,suv,4.8,road_loopA_f0,road_loopA_f1,4856.9,4952.1,95.2,1303.2,49.3,0
3055,car,4.5,road_loopA_f0,road_loopA_f1,4858.0,4954.3,96.3,1303.9,48.7,0
3116,car,4.5,xloopA_0Ba,xloopA_0Bb,4916.2,4954.5,38.3,84.4,7.9,0
2907,car,4.5,xloopA_0Aa,xloopA_0Ab,4716.5,4954.7,238.2,84.1,1.3,0
3061,suv,4.8,road_loopA_f0,road_loopA_f1,4864.1,4956.3,92.2,1303.6,50.9,0
3132,car,4.5,xloopA_0Ba,xloopA_0Bb,4936.1,4956.3,20.2,84.1,15.0,0
2909,car,4.5,xloopA_0Aa,xloopA_0Ab,4717.0,4956.5,239.5,84.2,1.3,0
2944,car,4.5,xloopA_0Aa,xloopA_0Ab,4745.1,4958.3,213.2,84.2,1.4,0
3008,car,4.5,road_loopA_f0,road_loopA_f1,4805.6,4959.1,153.5,1304.2,30.6,1
3,tram,34.0,loopA,loopA,535.1,4959.6,4424.5,33703.0,27.4,40
3021,suv,4.8,road_loopA_f0,road_loopA_f1,4826.1,4961.9,135.8,1303.8,34.6,0
3030,car,4.5,road_loopA_f0,road_loopA_f1,4830.2,4964.0,133.8,1303.0,35.0,0
3031,suv,4.8,road_loopA_f0,road_loopA_f1,4830.1,4966.1,136.0,1304.1,34.5,0
3058,car,4.5,road_loopA_f0,road_loopA_f1,4862.2,4967.4,105.2,1303.5,44.6,0
3019,car,4.5,road_loopA_f0,road_loopA_f1,4824.0,4967.6,143.6,1303.3,32.7,1
2826,car,4.5,xloopA_0Aa,road_loopA_f1,4634.0,4969.2,335.2,872.5,9.4,0
3067,suv,4.8,road_loopA_f0,road_loopA_f1,4871.1,4969.2,98.1,1304.0,47.9,0
3003,car,4.5,road_loopA_f0,road_loopA_f1,4798.4,4971.5,173.1,1303.5,27.1,1
3047,car,4.5,road_loopA_f0,road_loopA_f1,4852.0,4972.8,120.8,1302.8,38.8,0
2809,car,4.5,xloopA_0Aa,road_loopA_f1,4617.3,4973.2,355.9,872.0,8.8,1
3024,truck,8.5,road_loopA_f0,road_loopA_f1,4827.2,4973.4,146.2,1303.6,32.1,0
3045,truck,8.5,road_loopA_r0,xloopA_0Ab,4850.7,4973.8,123.1,868.8,25.4,3
2998,car,4.5,road_loopA_f0,road_loopA_f1,4794.8,4974.9,180.1,1302.8,26.0,1
3093,car,4.5,road_loopA_f0,xloopA_0Bb,4889.5,4975.0,85.5,478.7,20.2,2
3027,car,4.5,road_loopA_f0,road_loopA_f1,4829.4,4975.7,146.3,1303.8,32.1,0
3075,suv,4.8,road_loopA_f0,road_loopA_f1,4874.3,4976.5,102.2,1303.9,45.9,0
3011,car,4.5,road_loopA_f0,road_loopA_f1,4811.4,4976.6,165.2,1303.1,28.4,1
3080,suv,4.8,road_loopA_f0,road_loopA_f1,4877.0,4978.2,101.2,1303.8,46.4,0
3017,car,4.5,road_loopA_f0,road_loopA_f1,4820.6,4978.3,157.7,1302.9,29.7,1
3078,suv,4.8,road_loopA_f0,road_loopA_f1,4875.4,4984.8,109.4,1303.3,42.9,0
3079,suv,4.8,road_loopA_f0,road_loopA_f1,4876.2,4985.3,109.1,1303.3,43.0,0
3138,suv,4.8,road_loopA_f0,xloopA_0Bb,4945.8,4987.6,41.8,479.1,41.3,0
4,tram,34.0,loopB,loopB,795.9,4987.8,4191.9,33673.6,28.9,40
3072,car,4.5,road_loopA_f0,road_loopA_f1,4872.7,4990.0,117.3,1303.0,40.0,0
3057,car,4.5,road_loopA_r0,road_loopA_r1,4862.1,4991.3,129.2,1298.2,36.2,1
3063,car,4.5,xloopA_0Ba,road_loopA_r1,4864.7,4992.1,127.4,476.2,13.5,1
3073,suv,4.8,road_loopA_f0,road_loopA_f1,4873.4,4992.4,119.0,1303.6,39.5,0
3059,suv,4.8,road_loopA_r0,road_loopA_r1,4863.4,4993.3,129.9,1297.5,36.0,1
3076,car,4.5,road_loopA_f0,road_loopA_f1,4874.5,4993.5,119.0,1303.2,39.4,0
3062,suv,4.8,road_loopA_r0,road_loopA_r1,4864.3,4995.6,131.3,1298.5,35.6,1
2883,car,4.5,xloopA_0Aa,road_loopA_r1,4690.8,4996.8,306.0,507.0,6.0,1
3064,suv,4.8,road_loopA_r0,road_loopA_r1,4864.9,4997.8,132.9,1298.2,35.2,1
3051,car,4.5,road_loopA_r0,road_loopA_r1,4855.8,4998.5,142.7,1297.5,32.7,1
3060,suv,4.8,road_loopA_r0,road_loopA_r1,4863.6,4998.7,135.1,1297.6,34.6,1
3066,truck,8.5,road_loopA_r0,road_loopA_r1,4868.2,4999.8,131.6,1297.7,35.5,1
3156,car,4.5,road_loopA_f0,xloopA_0Bb,4960.0,5000.6,40.6,478.9,42.4,0
3077,car,4.5,road_loopA_r0,road_loopA_r1,4875.3,5001.8,126.5,1297.3,36.9,1
3068,suv,4.8,road_loopA_r0,road_loopA_r1,4871.4,5001.9,130.5,1297.3,35.8,1
3069,suv,4.8,road_loopA_r0,road_loopA_r1,4871.5,5002.2,130.7,1297.5,35.7,1
3164,car,4.5,road_loopA_f0,xloopA_0Bb,4964.7,5003.2,38.5,479.0,44.7,0
3082,car,4.5,road_loopA_r0,road_loopA_r1,4879.2,5003.6,124.4,1298.5,37.6,1
3085,car,4.5,road_loopA_r0,road_loopA_r1,4880.3,5003.7,123.4,1298.4,37.9,1
3090,car,4.5,road_loopA_r0,road_loopA_r1,4886.2,5005.4,119.2,1297.2,39.2,1
3096,car,4.5,road_loopA_r0,road_loopA_r1,4892.5,5007.2,114.7,1297.5,40.7,1
3081,suv,4.8,road_loopA_r0,road_loopA_r1,4877.3,5007.4,130.1,1297.8,35.9,1
3088,car,4.5,road_loopA_r0,road_loopA_r1,4885.3,5008.6,123.3,1297.3,37.9,1
3104,car,4.5,road_loopA_r0,road_loopA_r1,4906.2,5008.9,102.7,1297.5,45.5,0
3111,car,4.5,road_loopA_r0,road_loopA_r1,4910.2,5010.7,100.5,1298.3,46.5,0
3092,car,4.5,road_loopA_r0,road_loopA_r1,4888.4,5010.8,122.4,1297.3,38.2,1
3103,car,4.5,road_loopA_r0,road_loopA_r1,4905.8,5012.0,106.2,1298.5,44.0,0
3108,suv,4.8,road_loopA_r0,road_loopA_r1,4908.2,5013.8,105.6,1298.2,44.2,0
3110,car,4.5,road_loopA_r0,road_loopA_r1,4908.5,5014.8,106.3,1298.2,44.0,0
3087,car,4.5,road_loopA_r0,road_loopA_r1,4882.2,5015.2,133.0,1297.8,35.1,1
3119,suv,4.8,road_loopA_r0,road_loopA_r1,4918.4,5016.5,98.1,1298.1,47.6,0
3127,car,4.5,road_loopA_r0,road_loopA_r1,4927.9,5017.0,89.1,1298.5,52.4,0
3009,bus,11.0,road_loopA_f0,road_loopA_f1,4806.1,5018.3,212.2,1302.9,22.1,4
3083,car,4.5,road_loopA_f0,road_loopA_f1,4879.8,5018.7,138.9,1303.2,33.8,1
3086,suv,4.8,road_loopA_f0,road_loopA_f1,4880.4,5018.7,138.3,1304.2,34.0,1
3125,car,4.5,road_loopA_r0,road_loopA_r1,4926.5,5019.2,92.7,1297.8,50.4,0
3070,bus,11.0,road_loopA_r0,road_loopA_r1,4871.7,5022.8,151.1,1297.8,30.9,2
3095,suv,4.8,road_loopA_f0,road_loopA_f1,4891.4,5023.1,131.7,1302.9,35.6,1
3091,car,4.5,road_loopA_f0,road_loopA_f1,4886.4,5023.2,136.8,1302.8,34.3,1
3089,truck,8.5,road_loopA_f0,road_loopA_f1,4885.6,5024.7,139.1,1303.6,33.7,1
3094,car,4.5,road_loopA_f0,road_loopA_f1,4890.6,5026.7,136.1,1304.0,34.5,1
3134,car,4.5,road_loopA_r0,road_loopA_r1,4937.6,5027.1,89.5,1298.3,52.2,0
3109,suv,4.8,road_loopA_f0,road_loopA_f1,4908.3,5027.2,118.9,1303.1,39.4,1
3097,car,4.5,road_loopA_f0,road_loopA_f1,4894.5,5028.3,133.8,1303.9,35.1,1
3106,suv,4.8,road_loopA_f0,road_loopA_f1,4907.7,5030.0,122.3,1303.8,38.4,1
3100,car,4.5,road_loopA_f0,road_loopA_f1,4896.6,5030.1,133.5,1304.2,35.2,1
3136,car,4.5,road_loopA_r0,road_loopA_r1,4941.1,5030.5,89.4,1297.6,52.2,0
3099,car,4.5,road_loopA_f0,road_loopA_f1,4896.3,5031.1,134.8,1302.8,34.8,1
3102,suv,4.8,road_loopA_f0,road_loopA_f1,4903.6,5031.9,128.3,1303.6,36.6,1
3115,car,4.5,road_loopA_f0,road_loopA_f1,4913.6,5031.9,118.3,1303.8,39.7,1
3107,car,4.5,road_loopA_f0,road_loopA_f1,4908.1,5033.6,125.5,1302.8,37.4,1
3113,truck,8.5,road_loopA_f0,road_loopA_f1,4911.5,5034.0,122.5,1303.2,38.3,1
3118,car,4.5,road_loopA_f0,road_loopA_f1,4918.0,5036.5,118.5,1304.1,39.6,1
3101,car,4.5,road_loopA_r0,xloopA_0Bb,4900.2,5037.1,136.9,895.7,23.6,2
3129,car,4.5,road_loopA_f0,xloopA_0Ab,4932.6,5037.6,105.0,505.2,17.3,1
3126,suv,4.8,road_loopA_f0,road_loopA_f1,4927.5,5038.7,111.2,1303.7,42.2,0
3112,car,4.5,road_loopA_f0,road_loopA_f1,4911.2,5039.2,128.0,1302.8,36.6,1
3161,car,4.5,road_loopA_r0,xloopA_0Bb,4962.9,5040.0,77.1,895.6,41.8,0
3143,suv,4.8,road_loopA_f0,xloopA_0Ab,4950.2,5040.2,90.0,505.2,20.2,1
3114,suv,4.8,road_loopA_f0,road_loopA_f1,4913.2,5041.0,127.8,1303.8,36.7,1
3128,suv,4.8,road_loopA_f0,road_loopA_f1,4932.1,5041.5,109.4,1303.3,42.9,0
3117,car,4.5,road_loopA_f0,road_loopA_f1,4916.2,5042.7,126.5,1303.4,37.1,1
3149,car,4.5,road_loopA_f0,xloopA_0Ab,4954.3,5042.9,88.6,505.1,20.5,1
3142,car,4.5,road_loopA_f0,road_loopA_f1,4949.2,5043.4,94.2,1303.6,49.8,0
3121,car,4.5,road_loopA_f0,road_loopA_f1,4921.1,5043.7,122.6,1303.1,38.3,1
3139,suv,4.8,road_loopA_r0,road_loopA_r1,4946.8,5043.8,97.0,1298.2,48.2,0
3123,car,4.5,road_loopA_f0,road_loopA_f1,4923.7,5045.5,121.8,1303.6,38.5,4
3171,suv,4.8,road_loopA_f0,xloopA_0Ab,4971.7,5045.6,73.9,505.4,24.6,1
3144,car,4.5,road_loopA_f0,road_loopA_f1,4950.3,5046.1,95.8,1303.3,49.0,0
3120,suv,4.8,road_loopA_f0,road_loopA_f1,4918.8,5046.3,127.5,1303.2,36.8,1
3133,car,4.5,road_loopA_r0,road_loopA_r1,4937.5,5047.2,109.7,1297.5,42.6,0
3145,car,4.5,road_loopA_r0,road_loopA_r1,4950.3,5047.7,97.4,1297.9,48.0,0
3122,suv,4.8,road_loopA_f0,road_loopA_f1,4921.4,5048.0,126.6,1303.5,37.1,1
3147,truck,8.5,road_loopA_f0,road_loopA_f1,4953.9,5048.0,94.1,1303.1,49.8,0
3137,suv,4.8,road_loopA_r0,road_loopA_r1,4944.0,5048.9,104.9,1298.3,44.6,0
3153,car,4.5,road_loopA_r0,road_loopA_r1,4958.0,5049.2,91.2,1298.3,51.2,0
3130,car,4.5,road_loopA_r0,road_loopA_r1,4935.0,5050.0,115.0,1297.8,40.6,0
3140,car,4.5,road_loopA_r0,road_loopA_r1,4947.8,5050.6,102.8,1297.6,45.4,0
3158,car,4.5,road_loopA_f0,road_loopA_f1,4960.9,5050.6,89.7,1303.9,52.3,0
3150,car,4.5,road_loopA_r0,road_loopA_r1,4955.2,5051.6,96.4,1297.4,48.5,0
3146,suv,4.8,road_loopA_r0,road_loopA_r1,4953.8,5052.4,98.6,1298.1,47.4,0
3166,car,4.5,xloopA_0Ba,xloopA_0Bb,4965.6,5053.2,87.6,84.1,3.5,1
2974,car,4.5,xloopA_0Aa,xloopA_0Ab,4769.4,5053.4,284.0,84.3,1.1,1
3124,car,4.5,road_loopA_f0,road_loopA_f1,4925.0,5053.5,128.5,1302.8,36.5,1
3152,truck,8.5,road_loopA_r0,road_loopA_r1,4956.5,5054.5,98.0,1297.5,47.7,0
2989,car,4.5,xloopA_0Aa,xloopA_0Ab,4789.0,5055.6,266.6,84.7,1.1,1
3168,suv,4.8,road_loopA_f0,road_loopA_f1,4966.7,5056.0,89.3,1303.1,52.5,0
3025,car,4.5,xloopA_0Aa,xloopA_0Ab,4828.4,5057.7,229.3,84.6,1.3,1
3189,car,4.5,xloopA_0Ba,xloopA_0Bb,4990.4,5057.7,67.3,84.7,4.5,1
3148,suv,4.8,road_loopA_r0,road_loopA_r1,4954.0,5058.9,104.9,1298.0,44.6,0
3141,car,4.5,road_loopA_f0,road_loopA_f1,4948.4,5060.1,111.7,1303.3,42.0,0
3043,car,4.5,xloopA_0Aa,xloopA_0Ab,4847.2,5061.2,214.0,84.4,1.4,0
3157,car,4.5,road_loopA_f0,road_loopA_f1,4960.3,5061.8,101.5,1303.3,46.2,0
3160,truck,8.5,road_loopA_f0,road_loopA_f1,4962.5,5064.3,101.8,1303.4,46.1,0
3176,car,4.5,road_loopA_f0,road_loopA_f1,4974.7,5066.1,91.4,1304.1,51.4,0
3131,suv,4.8,road_loopA_r0,xloopA_0Ab,4935.8,5070.9,135.1,869.4,23.2,2
3177,car,4.5,road_loopA_f0,road_loopA_f1,4975.6,5075.2,99.6,1303.4,47.1,0
3181,car,4.5,road_loopA_f0,road_loopA_f1,4984.2,5076.5,92.3,1303.8,50.9,0
3180,car,4.5,road_loopA_f0,road_loopA_f1,4979.5,5076.6,97.1,1303.3,48.3,0
3192,truck,8.5,road_loopA_f0,xloopA_0Bb,4995.1,5081.6,86.5,479.0,19.9,2
3174,truck,8.5,road_loopA_f0,road_loopA_f1,4972.9,5084.5,111.6,1303.8,42.1,0
3206,car,4.5,road_loopA_f0,xloopA_0Bb,5006.6,5085.4,78.8,478.7,21.9,2
3173,truck,8.5,road_loopA_f0,road_loopA_f1,4972.2,5085.7,113.5,1302.9,41.3,0
3188,car,4.5,road_loopA_f0,road_loopA_f1,4988.5,5086.5,98.0,1303.1,47.9,0
3185,suv,4.8,road_loopA_f0,road_loopA_f1,4986.1,5088.5,102.4,1303.1,45.8,0
3231,car,4.5,road_loopA_f0,xloopA_0Bb,5022.0,5089.1,67.1,478.6,25.7,2
3230,suv,4.8,road_loopA_r0,xloopA_0Ab,5021.5,5091.9,70.4,869.3,44.5,0
3182,car,4.5,road_loopA_f0,road_loopA_f1,4984.2,5092.3,108.1,1303.5,43.4,0
3169,suv,4.8,road_loopA_f0,road_loopA_f1,4968.7,5098.8,130.1,1302.9,36.1,0
3155,car,4.5,road_loopA_r0,road_loopA_r1,4958.9,5102.7,143.8,1297.9,32.5,1
3163,suv,4.8,road_loopA_r0,road_loopA_r1,4964.5,5104.1,139.6,1297.9,33.5,1
3151,truck,8.5,road_loopA_r0,road_loopA_r1,4955.5,5104.9,149.4,1298.2,31.3,1
3207,suv,4.8,road_loopA_r0,xloopA_0Ab,5006.8,5104.9,98.1,868.8,31.9,1
3167,truck,8.5,road_loopA_r0,road_loopA_r1,4966.2,5108.4,142.2,1298.4,32.9,1
3162,suv,4.8,road_loopA_r0,road_loopA_r1,4963.7,5110.2,146.5,1298.3,31.9,1
3172,suv,4.8,road_loopA_r0,road_loopA_r1,4971.7,5110.5,138.8,1298.2,33.7,1
3175,car,4.5,road_loopA_r0,road_loopA_r1,4973.4,5112.2,138.8,1297.6,33.7,1
3165,suv,4.8,road_loopA_r0,road_loopA_r1,4965.0,5112.8,147.8,1298.1,31.6,1
3184,car,4.5,xloopA_0Ba,road_loopA_r1,4985.8,5113.5,127.7,476.6,13.4,1
3178,car,4.5,road_loopA_r0,road_loopA_r1,4977.0,5114.6,137.6,1298.0,34.0,1
3186,car,4.5,road_loopA_r0,road_loopA_r1,4986.4,5116.0,129.6,1298.0,36.1,1
3183,suv,4.8,road_loopA_r0,road_loopA_r1,4985.0,5116.8,131.8,1298.1,35.5,1
3187,car,4.5,road_loopA_r0,road_loopA_r1,4986.8,5117.6,130.8,1297.4,35.7,1
3212,car,4.5,road_loopA_r0,road_loopA_r1,5011.3,5119.1,107.8,1297.4,43.3,0
3232,car,4.5,xloopA_0Ba,road_loopA_r1,5022.4,5119.6,97.2,476.4,17.6,0
3195,truck,8.5,road_loopA_r0,road_loopA_r1,4996.9,5119.8,122.9,1298.2,38.0,1
3201,car,4.5,road_loopA_f0,xloopA_0Ab,5004.8,5120.8,116.0,505.2,15.7,1
3154,suv,4.8,road_loopA_r0,road_loopA_r1,4958.9,5121.3,162.4,1298.4,28.8,1
3170,truck,8.5,road_loopA_r0,xloopA_0Bb,4971.1,5121.4,150.3,895.4,21.5,1
3194,truck,8.5,road_loopA_r0,road_loopA_r1,4996.2,5121.4,125.2,1298.3,37.3,0
3205,suv,4.8,road_loopA_r0,road_loopA_r1,5006.3,5121.8,115.5,1298.0,40.5,0
3193,car,4.5,road_loopA_r0,road_loopA_r1,4996.1,5123.0,126.9,1298.3,36.8,1
3217,car,4.5,road_loopA_f0,xloopA_0Ab,5013.7,5123.4,109.7,505.3,16.6,1
3223,car,4.5,road_loopA_r0,road_loopA_r1,5017.1,5123.4,106.3,1298.5,44.0,0
3208,car,4.5,road_loopA_r0,road_loopA_r1,5007.6,5123.6,116.0,1298.2,40.3,0
3191,car,4.5,road_loopA_f0,road_loopA_f1,4994.4,5124.1,129.7,1302.8,36.1,1
3190,car,4.5,road_loopA_f0,road_loopA_f1,4993.1,5124.2,131.1,1303.6,35.8,1
3199,car,4.5,road_loopA_r0,xloopA_0Bb,5004.4,5124.4,120.0,895.6,26.9,1
3159,truck,8.5,road_loopA_r0,road_loopA_r1,4962.3,5125.3,163.0,1297.8,28.7,1
3221,truck,8.5,road_loopA_r0,road_loopA_r1,5014.7,5125.7,111.0,1298.3,42.1,0
3233,car,4.5,road_loopA_r0,road_loopA_r1,5023.1,5125.7,102.6,1297.4,45.5,0
3220,truck,8.5,road_loopA_f0,xloopA_0Ab,5014.7,5126.8,112.1,505.0,16.2,1
3202,car,4.5,road_loopA_r0,xloopA_0Bb,5005.0,5127.0,122.0,895.3,26.4,1
3200,car,4.5,road_loopA_f0,road_loopA_f1,5004.8,5127.2,122.4,1303.7,38.3,1
3198,suv,4.8,road_loopA_r0,road_loopA_r1,5002.7,5127.4,124.7,1297.8,37.5,0
3224,car,4.5,road_loopA_r0,road_loopA_r1,5018.2,5127.7,109.5,1297.4,42.6,0
3214,car,4.5,road_loopA_r0,road_loopA_r1,5011.6,5128.7,117.1,1298.2,39.9,0
3204,suv,4.8,road_loopA_f0,road_loopA_f1,5005.9,5129.0,123.1,1303.0,38.1,1
3225,car,4.5,road_loopA_r0,road_loopA_r1,5019.8,5129.1,109.3,1297.8,42.7,0
3228,suv,4.8,road_loopA_r0,road_loopA_r1,5021.0,5129.6,108.6,1298.1,43.0,0
3210,suv,4.8,road_loopA_r0,xloopA_0Bb,5009.0,5129.7,120.7,895.2,26.7,1
3286,suv,4.8,road_loopA_f0,xloopA_0Ab,5065.5,5129.9,64.4,505.3,28.2,1
3240,car,4.5,road_loopA_r0,road_loopA_r1,5029.3,5130.3,101.0,1297.5,46.2,0
3239,suv,4.8,road_loopA_r0,road_loopA_r1,5027.9,5131.4,103.5,1297.2,45.1,0
3250,suv,4.8,road_loopA_r0,road_loopA_r1,5038.7,5131.8,93.1,1298.6,50.2,0
3196,car,4.5,road_loopA_f0,road_loopA_f1,4997.2,5132.3,135.1,1303.1,34.7,1
3245,suv,4.8,road_loopA_r0,road_loopA_r1,5033.5,5133.3,99.8,1298.7,46.9,0
3258,car,4.5,road_loopA_r0,road_loopA_r1,5044.0,5133.8,89.8,1298.7,52.1,0
3291,car,4.5,xloopA_0Ba,xloopA_0Bb,5069.4,5135.0,65.6,84.7,4.7,1
3257,car,4.5,road_loopA_r0,road_loopA_r1,5043.8,5135.2,91.4,1297.5,51.1,0
3211,car,4.5,road_loopA_f0,road_loopA_f1,5010.5,5135.4,124.9,1303.9,37.6,1
3056,car,4.5,xloopA_0Aa,xloopA_0Ab,4860.0,5136.6,276.6,84.7,1.1,1
3203,car,4.5,road_loopA_f0,road_loopA_f1,5005.8,5136.7,130.9,1302.9,35.8,1
3215,suv,4.8,road_loopA_f0,road_loopA_f1,5012.1,5137.7,125.6,1303.3,37.4,1
3219,car,4.5,road_loopA_f0,road_loopA_f1,5014.4,5138.1,123.7,1303.9,38.0,1
3105,car,4.5,xloopA_0Aa,xloopA_0Ab,4906.7,5139.2,232.5,84.2,1.3,1
3222,car,4.5,road_loopA_f0,road_loopA_f1,5015.5,5139.4,123.9,1303.4,37.9,1
3296,car,4.5,xloopA_0Ba,xloopA_0Bb,5074.1,5140.5,66.4,84.4,4.6,1
3226,car,4.5,road_loopA_f0,road_loopA_f1,5019.9,5140.7,120.8,1302.9,38.8,1
3135,car,4.5,xloopA_0Aa,xloopA_0Ab,4938.6,5141.3,202.7,84.5,1.5,1
3236,car,4.5,road_loopA_f0,road_loopA_f1,5025.4,5142.4,117.0,1302.8,40.1,1
3302,car,4.5,xloopA_0Ba,xloopA_0Bb,5083.6,5143.2,59.6,84.5,5.1,0
3244,suv,4.8,road_loopA_f0,road_loopA_f1,5033.0,5143.4,110.4,1304.0,42.5,0
3248,car,4.5,road_loopA_f0,road_loopA_f1,5036.1,5145.0,108.9,1302.8,43.1,0
3305,car,4.5,xloopA_0Ba,xloopA_0Bb,5085.1,5145.3,60.2,84.5,5.1,0
3197,truck,8.5,road_loopA_f0,road_loopA_f1,4998.2,5146.5,148.3,1302.9,31.6,1
3209,truck,8.5,road_loopA_f0,road_loopA_f1,5008.9,5148.9,140.0,1302.8,33.5,1
3213,car,4.5,road_loopA_f0,road_loopA_f1,5011.6,5149.5,137.9,1303.6,34.0,1
3242,suv,4.8,road_loopA_f0,road_loopA_f1,5032.4,5149.9,117.5,1304.0,40.0,0
3218,suv,4.8,road_loopA_f0,road_loopA_f1,5013.9,5151.2,137.3,1303.2,34.2,1
3255,car,4.5,road_loopA_f0,road_loopA_f1,5042.3,5151.6,109.3,1303.4,42.9,0
3251,car,4.5,road_loopA_f0,road_loopA_f1,5039.3,5151.7,112.4,1303.0,41.7,0
3237,suv,4.8,road_loopA_f0,road_loopA_f1,5026.9,5152.9,126.0,1303.0,37.2,1
3253,suv,4.8,road_loopA_f0,road_loopA_f1,5041.3,5153.5,112.2,1303.7,41.8,0
3254,car,4.5,road_loopA_f0,road_loopA_f1,5042.2,5154.6,112.4,1303.5,41.8,0
3243,car,4.5,road_loopA_f0,road_loopA_f1,5032.7,5155.0,122.3,1303.2,38.4,0
3246,car,4.5,road_loopA_f0,road_loopA_f1,5033.8,5156.0,122.2,1302.9,38.4,0
3261,suv,4.8,road_loopA_f0,road_loopA_f1,5045.6,5156.0,110.4,1303.6,42.5,1
3259,truck,8.5,road_loopA_f0,road_loopA_f1,5044.6,5157.8,113.2,1303.2,41.5,0
3264,suv,4.8,road_loopA_f0,road_loopA_f1,5047.2,5158.0,110.8,1304.0,42.4,0
3249,car,4.5,road_loopA_f0,road_loopA_f1,5037.0,5159.3,122.3,1303.5,38.4,0
3267,suv,4.8,road_loopA_f0,road_loopA_f1,5050.7,5159.7,109.0,1303.8,43.1,0
3256,suv,4.8,road_loopA_f0,road_loopA_f1,5042.9,5159.9,117.0,1302.9,40.1,0
3252,car,4.5,road_loopA_f0,road_loopA_f1,5040.9,5161.1,120.2,1304.0,39.1,0
3263,car,4.5,road_loopA_f0,road_loopA_f1,5047.2,5161.1,113.9,1303.0,41.2,0
3275,car,4.5,road_loopA_f0,road_loopA_f1,5058.5,5161.4,102.9,1302.9,45.6,0
3280,car,4.5,road_loopA_f0,road_loopA_f1,5060.5,5162.9,102.4,1303.9,45.9,0
3337,car,4.5,road_loopA_f0,xloopA_0Bb,5108.5,5163.5,55.0,478.8,31.3,1
3260,car,4.5,road_loopA_f0,road_loopA_f1,5045.1,5163.7,118.6,1303.2,39.6,0
3290,car,4.5,road_loopA_f0,road_loopA_f1,5067.6,5164.2,96.6,1302.9,48.6,0
5,tram,34.0,loopA,loopA,1015.1,5166.4,4151.3,33703.2,29.2,40
3281,car,4.5,road_loopA_f0,road_loopA_f1,5060.6,5166.6,106.0,1304.1,44.3,0
3266,car,4.5,road_loopA_f0,road_loopA_f1,5050.6,5167.0,116.4,1303.9,40.3,0
3339,car,4.5,road_loopA_f0,xloopA_0Bb,5110.6,5167.1,56.5,478.5,30.5,1
3283,truck,8.5,road_loopA_f0,road_loopA_f1,5063.5,5168.4,104.9,1302.9,44.7,0
3279,suv,4.8,road_loopA_f0,road_loopA_f1,5060.0,5168.6,108.6,1303.3,43.2,0
3285,car,4.5,road_loopA_f0,road_loopA_f1,5065.3,5172.6,107.3,1303.0,43.7,0
3289,bus,11.0,road_loopA_f0,road_loopA_f1,5067.3,5175.0,107.7,1302.9,43.5,0
3238,bus,11.0,road_loopA_f0,road_loopA_f1,5027.3,5178.1,150.8,1302.8,31.1,3
3268,car,4.5,road_loopA_r0,road_loopA_r1,5052.6,5179.2,126.6,1297.9,36.9,1
3384,car,4.5,road_loopA_f0,xloopA_0Bb,5133.8,5181.2,47.4,478.9,36.4,0
3276,car,4.5,road_loopA_r0,road_loopA_r1,5058.6,5182.2,123.6,1298.5,37.8,1
3241,bus,11.0,road_loopA_f0,road_loopA_f1,5030.1,5184.8,154.7,1303.3,30.3,4
3270,car,4.5,road_loopA_r0,road_loopA_r1,5054.2,5184.9,130.7,1297.4,35.7,1
3277,suv,4.8,road_loopA_r0,road_loopA_r1,5058.7,5191.2,132.5,1298.4,35.3,1
3312,car,4.5,road_loopA_r0,road_loopA_r1,5090.5,5192.8,102.3,1297.5,45.7,0
3179,car,4.5,xloopA_0Aa,road_loopA_r1,4977.5,5193.4,215.9,506.6,8.4,0
3365,suv,4.8,road_loopA_r0,xloopA_0Ab,5123.7,5193.7,70.0,869.4,44.7,0
3293,car,4.5,xloopA_0Ba,road_loopA_r1,5071.1,5194.2,123.1,476.7,13.9,1
3329,suv,4.8,road_loopA_r0,road_loopA_r1,5103.0,5195.0,92.0,1297.9,50.8,0
3272,car,4.5,road_loopA_r0,road_loopA_r1,5055.2,5195.1,139.9,1297.6,33.4,1
3265,car,4.5,road_loopA_r0,road_loopA_r1,5049.8,5195.9,146.1,1297.4,32.0,1
3282,car,4.5,road_loopA_r0,road_loopA_r1,5063.4,5196.9,133.5,1298.1,35.0,1
3269,car,4.5,road_loopA_r0,road_loopA_r1,5052.7,5197.6,144.9,1297.8,32.3,1
3323,car,4.5,road_loopA_r0,road_loopA_r1,5099.5,5197.8,98.3,1298.1,47.5,0
3303,car,4.5,road_loopA_r0,road_loopA_r1,5084.6,5198.5,113.9,1297.3,41.0,2
3271,suv,4.8,road_loopA_r0,road_loopA_r1,5054.5,5199.3,144.8,1298.2,32.3,1
3311,car,4.5,road_loopA_r0,road_loopA_r1,5090.4,5200.3,109.9,1297.8,42.5,0
3274,suv,4.8,road_loopA_r0,road_loopA_r1,5056.8,5201.0,144.2,1297.2,32.4,1
3307,car,4.5,road_loopA_r0,road_loopA_r1,5086.8,5201.4,114.6,1297.3,40.7,0
3409,truck,8.5,road_loopA_f0,xloopA_0Bb,5157.7,5201.4,43.7,478.9,39.5,0
3278,suv,4.8,road_loopA_r0,road_loopA_r1,5059.8,5202.8,143.0,1298.1,32.7,1
3288,car,4.5,road_loopA_r0,road_loopA_r1,5065.9,5203.6,137.7,1297.9,33.9,0
3317,car,4.5,road_loopA_r0,road_loopA_r1,5095.2,5204.6,109.4,1298.1,42.7,0
3318,car,4.5,road_loopA_r0,road_loopA_r1,5096.3,5204.9,108.6,1297.3,43.0,0
3295,suv,4.8,road_loopA_f0,road_loopA_f1,5072.7,5206.5,133.8,1303.9,35.1,1
3333,car,4.5,road_loopA_r0,road_loopA_r1,5106.3,5206.8,100.5,1298.2,46.5,0
3342,car,4.5,road_loopA_r0,road_loopA_r1,5111.9,5206.8,94.9,1298.5,49.3,0
3298,suv,4.8,road_loopA_f0,road_loopA_f1,5076.9,5208.0,131.1,1303.3,35.8,1
3297,car,4.5,road_loopA_f0,road_loopA_f1,5074.1,5209.2,135.1,1303.8,34.7,1
3345,car,4.5,road_loopA_r0,road_loopA_r1,5113.1,5211.6,98.5,1298.7,47.4,0
3332,car,4.5,road_loopA_r0,road_loopA_r1,5106.2,5212.8,106.6,1297.7,43.8,0
3315,car,4.5,road_loopA_f0,road_loopA_f1,5092.8,5213.1,120.3,1302.9,39.0,1
3229,suv,4.8,road_loopA_r0,xloopA_0Bb,5021.4,5213.8,192.4,895.9,16.8,2
3334,truck,8.5,road_loopA_r0,road_loopA_r1,5106.8,5213.9,107.1,1297.7,43.6,0
3414,suv,4.8,road_loopA_f0,xloopA_0Ab,5159.2,5214.5,55.3,505.6,32.9,0
3344,car,4.5,road_loopA_r0,road_loopA_r1,5112.7,5215.8,103.1,1298.2,45.3,0
3354,suv,4.8,road_loopA_r0,road_loopA_r1,5117.8,5215.9,98.1,1298.6,47.7,0
3294,suv,4.8,road_loopA_f0,road_loopA_f1,5071.1,5216.0,144.9,1302.9,32.4,1
3234,car,4.5,road_loopA_r0,xloopA_0Bb,5023.4,5216.4,193.0,895.6,16.7,2
3324,car,4.5,road_loopA_f0,road_loopA_f1,5099.6,5216.4,116.8,1304.1,40.2,1
3327,truck,8.5,road_loopA_r0,road_loopA_r1,5102.4,5217.1,114.7,1298.4,40.8,0
3420,car,4.5,road_loopA_f0,xloopA_0Ab,5164.9,5217.1,52.2,505.0,34.9,0
3359,car,4.5,road_loopA_r0,road_loopA_r1,5121.3,5218.2,96.9,1298.0,48.2,0
3301,car,4.5,road_loopA_f0,road_loopA_f1,5083.0,5218.8,135.8,1303.8,34.6,1
3262,car,4.5,road_loopA_r0,xloopA_0Bb,5046.0,5219.0,173.0,895.4,18.6,1
3321,car,4.5,road_loopA_f0,road_loopA_f1,5098.3,5219.0,120.7,1303.0,38.9,1
3351,truck,8.5,road_loopA_r0,road_loopA_r1,5116.1,5219.1,103.0,1298.2,45.4,0
3360,car,4.5,road_loopA_r0,road_loopA_r1,5121.3,5220.7,99.4,1297.3,47.0,0
3325,car,4.5,road_loopA_f0,road_loopA_f1,5099.8,5220.8,121.0,1303.7,38.8,1
3361,car,4.5,road_loopA_r0,road_loopA_r1,5121.3,5220.8,99.5,1297.7,47.0,0
3287,car,4.5,road_loopA_r0,xloopA_0Bb,5065.7,5221.7,156.0,895.6,20.7,1
3364,car,4.5,road_loopA_r0,road_loopA_r1,5123.6,5222.4,98.8,1297.3,47.3,0
3371,car,4.5,road_loopA_r0,road_loopA_r1,5127.0,5222.5,95.5,1297.6,48.9,0
3331,car,4.5,road_loopA_r0,road_loopA_r1,5103.9,5223.1,119.2,1298.0,39.2,0
3309,suv,4.8,road_loopA_r0,xloopA_0Bb,5089.6,5224.4,134.8,895.8,23.9,1
3227,bus,11.0,road_loopA_f0,road_loopA_f1,5020.4,5224.5,204.1,1303.2,23.0,4
3326,suv,4.8,road_loopA_f0,road_loopA_f1,5099.8,5224.6,124.8,1303.3,37.6,1
3335,suv,4.8,road_loopA_f0,road_loopA_f1,5107.2,5224.6,117.4,1302.8,40.0,1
3382,car,4.5,road_loopA_r0,road_loopA_r1,5131.4,5224.6,93.2,1298.6,50.2,0
3374,car,4.5,road_loopA_r0,road_loopA_r1,5127.8,5224.8,97.0,1297.9,48.2,0
3368,car,4.5,road_loopA_r0,road_loopA_r1,5126.2,5224.9,98.7,1298.2,47.3,0
3372,suv,4.8,road_loopA_r0,road_loopA_r1,5127.5,5226.7,99.2,1297.6,47.1,0
3348,car,4.5,road_loopA_f0,road_loopA_f1,5114.2,5226.8,112.6,1303.3,41.7,0
3299,suv,4.8,road_loopA_f0,road_loopA_f1,5078.2,5227.0,148.8,1304.1,31.5,1
3306,suv,4.8,road_loopA_f0,road_loopA_f1,5085.1,5227.2,142.1,1303.3,33.0,1
3340,car,4.5,road_loopA_f0,road_loopA_f1,5111.3,5228.4,117.1,1302.9,40.0,1
3380,car,4.5,road_loopA_r0,road_loopA_r1,5131.2,5228.5,97.3,1297.6,48.0,0
3386,car,4.5,road_loopA_f0,road_loopA_f1,5134.2,5229.6,95.4,1304.2,49.2,0
3235,car,4.5,xloopA_0Aa,xloopA_0Ab,5024.0,5229.9,205.9,84.3,1.5,1
3343,car,4.5,road_loopA_f0,road_loopA_f1,5112.2,5230.1,117.9,1303.0,39.8,0
3316,car,4.5,xloopA_0Ba,xloopA_0Bb,5095.1,5230.8,135.7,84.2,2.2,1
3356,car,4.5,road_loopA_f0,road_loopA_f1,5119.8,5231.4,111.6,1303.8,42.1,0
3313,suv,4.8,road_loopA_f0,road_loopA_f1,5091.2,5231.7,140.5,1303.6,33.4,1
3336,car,4.5,xloopA_0Ba,xloopA_0Bb,5107.5,5233.1,125.6,84.7,2.4,1
3273,car,4.5,xloopA_0Aa,xloopA_0Ab,5055.4,5233.1,177.7,84.0,1.7,1
3352,car,4.5,road_loopA_f0,road_loopA_f1,5117.3,5233.2,115.9,1303.7,40.5,0
3330,car,4.5,road_loopA_f0,road_loopA_f1,5103.7,5233.4,129.7,1303.4,36.2,1
3367,suv,4.8,road_loopA_f0,road_loopA_f1,5125.6,5235.0,109.4,1303.4,42.9,0
3341,car,4.5,road_loopA_f0,road_loopA_f1,5111.8,5235.2,123.4,1303.6,38.0,1
3353,car,4.5,xloopA_0Ba,xloopA_0Bb,5117.8,5235.2,117.4,84.5,2.6,1
3284,car,4.5,xloopA_0Aa,xloopA_0Ab,5065.1,5236.3,171.2,84.4,1.8,0
3347,car,4.5,road_loopA_f0,road_loopA_f1,5113.5,5237.1,123.6,1303.7,38.0,0
3370,car,4.5,xloopA_0Ba,xloopA_0Bb,5127.0,5237.4,110.4,84.1,2.7,0
3292,car,4.5,xloopA_0Aa,xloopA_0Ab,5070.0,5238.5,168.5,84.2,1.8,0
3397,car,4.5,xloopA_0Ba,xloopA_0Bb,5144.6,5239.5,94.9,84.0,3.2,0
3320,car,4.5,road_loopA_f0,road_loopA_f1,5098.1,5239.6,141.5,1303.3,33.2,1
3300,car,4.5,xloopA_0Aa,xloopA_0Ab,5078.9,5240.3,161.4,84.7,1.9,0
3304,car,4.5,road_loopA_f0,road_loopA_f1,5084.6,5242.5,157.9,1303.6,29.7,1
3355,truck,8.5,road_loopA_f0,road_loopA_f1,5119.5,5245.0,125.5,1303.9,37.4,0
3322,car,4.5,road_loopA_f0,road_loopA_f1,5099.0,5246.3,147.3,1303.5,31.9,1
3216,car,4.5,xloopA_0Aa,road_loopA_f1,5013.7,5246.4,232.7,872.5,13.5,0
3369,car,4.5,road_loopA_f0,road_loopA_f1,5126.6,5247.0,120.4,1302.8,39.0,0
3357,car,4.5,road_loopA_f0,road_loopA_f1,5119.9,5248.5,128.6,1303.6,36.5,0
3346,truck,8.5,road_loopA_f0,road_loopA_f1,5113.5,5248.6,135.1,1303.8,34.7,0
3383,suv,4.8,road_loopA_f0,road_loopA_f1,5133.4,5248.8,115.4,1303.8,40.7,0
3391,car,4.5,road_loopA_f0,road_loopA_f1,5138.4,5250.5,112.1,1302.8,41.9,0
3362,truck,8.5,road_loopA_f0,road_loopA_f1,5122.4,5250.6,128.2,1303.9,36.6,0
3394,suv,4.8,road_loopA_f0,road_loopA_f1,5141.8,5250.6,108.8,1303.7,43.1,0
3392,car,4.5,road_loopA_f0,road_loopA_f1,5140.0,5252.3,112.3,1303.2,41.8,0
3376,car,4.5,road_loopA_f0,road_loopA_f1,5128.8,5252.6,123.8,1303.9,37.9,0
3366,car,4.5,road_loopA_f0,road_loopA_f1,5124.2,5252.7,128.5,1303.7,36.5,0
3412,car,4.5,road_loopA_f0,road_loopA_f1,5158.6,5254.1,95.5,1303.4,49.2,0
3378,car,4.5,road_loopA_f0,road_loopA_f1,5130.6,5254.4,123.8,1303.0,37.9,0
3375,car,4.5,road_loopA_f0,road_loopA_f1,5128.4,5254.5,126.1,1303.3,37.2,0
3415,car,4.5,road_loopA_f0,road_loopA_f1,5159.7,5255.9,96.2,1304.1,48.8,0
3381,suv,4.8,road_loopA_f0,road_loopA_f1,5131.3,5256.2,124.9,1303.6,37.6,0
3377,suv,4.8,road_loopA_f0,road_loopA_f1,5130.2,5256.3,126.1,1302.9,37.2,0
3422,car,4.5,road_loopA_f0,xloopA_0Bb,5166.5,5256.9,90.4,478.5,19.1,2
3373,car,4.5,road_loopA_r0,xloopA_0Ab,5127.6,5257.1,129.5,869.1,24.2,2
3417,suv,4.8,road_loopA_f0,road_loopA_f1,5162.2,5257.6,95.4,1303.6,49.2,0
3385,car,4.5,road_loopA_f0,road_loopA_f1,5134.1,5258.0,123.9,1303.8,37.9,0
3389,car,4.5,road_loopA_f0,road_loopA_f1,5137.7,5258.2,120.5,1304.0,39.0,0
3418,suv,4.8,road_loopA_f0,road_loopA_f1,5163.1,5259.8,96.7,1303.8,48.5,0
3393,car,4.5,road_loopA_f0,road_loopA_f1,5140.0,5260.0,120.0,1303.3,39.1,0
3388,truck,8.5,road_loopA_f0,road_loopA_f1,5136.7,5260.4,123.7,1303.5,37.9,0
3457,car,4.5,road_loopA_f0,xloopA_0Bb,5210.8,5260.6,49.8,478.8,34.6,0
3395,car,4.5,road_loopA_f0,road_loopA_f1,5143.1,5261.7,118.6,1302.8,39.5,0
3404,suv,4.8,road_loopA_f0,road_loopA_f1,5151.2,5262.5,111.3,1303.9,42.2,0
3410,suv,4.8,road_loopA_f0,road_loopA_f1,5158.1,5263.5,105.4,1303.4,44.5,0
3467,car,4.5,road_loopA_f0,xloopA_0Bb,5219.1,5263.7,44.6,478.7,38.6,0
3319,bus,11.0,road_loopA_r0,road_loopA_r1,5096.3,5264.6,168.3,1298.1,27.8,2
3413,car,4.5,road_loopA_f0,road_loopA_f1,5158.8,5264.8,106.0,1304.1,44.3,0
3416,car,4.5,road_loopA_f0,road_loopA_f1,5159.8,5266.3,106.5,1303.4,44.1,0
3403,bus,11.0,road_loopA_f0,road_loopA_f1,5149.2,5273.2,124.0,1303.5,37.8,1
3398,suv,4.8,road_loopA_r0,road_loopA_r1,5145.0,5275.5,130.5,1297.3,35.8,1
3390,car,4.5,road_loopA_r0,road_loopA_r1,5137.9,5276.5,138.6,1297.3,33.7,1
3405,car,4.5,road_loopA_r0,road_loopA_r1,5152.6,5278.3,125.7,1298.6,37.2,1
3411,car,4.5,road_loopA_r0,road_loopA_r1,5158.5,5280.4,121.9,1298.5,38.3,1
3402,car,4.5,road_loopA_r0,road_loopA_r1,5149.2,5281.4,132.2,1298.3,35.4,1
3247,car,4.5,xloopA_0Aa,road_loopA_r1,5035.7,5283.2,247.5,507.1,7.4,1
3407,car,4.5,road_loopA_r0,road_loopA_r1,5154.9,5284.4,129.5,1297.5,36.1,1
3387,bus,11.0,road_loopA_f0,road_loopA_f1,5134.2,5284.5,150.3,1302.9,31.2,2
3396,car,4.5,road_loopA_r0,road_loopA_r1,5144.1,5284.8,140.7,1297.8,33.2,1
3428,car,4.5,road_loopA_r0,road_loopA_r1,5179.2,5284.9,105.7,1298.5,44.2,1
3424,truck,8.5,road_loopA_r0,road_loopA_r1,5172.1,5286.6,114.5,1297.6,40.8,1
3406,car,4.5,road_loopA_r0,road_loopA_r1,5154.3,5286.7,132.4,1298.0,35.3,1
3433,car,4.5,road_loopA_r0,road_loopA_r1,5186.1,5287.5,101.4,1297.4,46.1,0
3493,car,4.5,road_loopA_f0,xloopA_0Bb,5246.8,5288.0,41.2,478.6,41.8,0
3408,car,4.5,road_loopA_r0,road_loopA_r1,5157.5,5288.4,130.9,1298.1,35.7,1
3427,car,4.5,road_loopA_r0,road_loopA_r1,5178.4,5289.9,111.5,1297.4,41.9,0
3421,suv,4.8,road_loopA_r0,road_loopA_r1,5166.3,5290.1,123.8,1298.5,37.8,1
3435,car,4.5,road_loopA_r0,road_loopA_r1,5188.3,5290.1,101.8,1298.2,45.9,0
3442,car,4.5,road_loopA_r0,road_loopA_r1,5198.4,5292.3,93.9,1298.5,49.8,0
3447,car,4.5,road_loopA_r0,road_loopA_r1,5201.2,5292.5,91.3,1297.9,51.2,0
3437,car,4.5,road_loopA_r0,road_loopA_r1,5191.0,5293.7,102.7,1297.4,45.5,0
3449,suv,4.8,road_loopA_r0,road_loopA_r1,5202.4,5294.8,92.4,1297.6,50.5,0
3438,car,4.5,road_loopA_r0,road_loopA_r1,5191.6,5296.0,104.4,1297.6,44.7,0
3451,car,4.5,road_loopA_r0,road_loopA_r1,5203.6,5296.8,93.2,1297.8,50.1,0
3446,suv,4.8,road_loopA_r0,road_loopA_r1,5200.2,5298.3,98.1,1297.9,47.6,0
3349,bus,11.0,road_loopA_f0,road_loopA_f1,5115.6,5298.7,183.1,1303.1,25.6,2
3456,suv,4.8,road_loopA_r0,road_loopA_r1,5208.6,5300.2,91.6,1297.3,51.0,0
3423,car,4.5,road_loopA_f0,road_loopA_f1,5170.3,5301.4,131.1,1304.1,35.8,1
3460,car,4.5,road_loopA_r0,road_loopA_r1,5213.2,5302.7,89.5,1297.9,52.2,0
3430,car,4.5,road_loopA_f0,road_loopA_f1,5182.8,5304.1,121.3,1303.5,38.7,1
3463,car,4.5,road_loopA_r0,road_loopA_r1,5216.5,5305.4,88.9,1297.3,52.5,0
3363,suv,4.8,road_loopA_r0,xloopA_0Bb,5122.4,5307.3,184.9,895.8,17.4,2
3443,suv,4.8,road_loopA_f0,xloopA_0Ab,5198.5,5307.9,109.4,505.6,16.6,1
3468,car,4.5,road_loopA_r0,road_loopA_r1,5219.3,5308.5,89.2,1297.5,52.4,0
3434,car,4.5,road_loopA_f0,road_loopA_f1,5187.7,5309.1,121.4,1303.8,38.7,1
3425,car,4.5,road_loopA_f0,road_loopA_f1,5175.1,5309.5,134.4,1303.4,34.9,1
3379,car,4.5,road_loopA_r0,xloopA_0Bb,5130.9,5309.9,179.0,895.5,18.0,2
3473,car,4.5,road_loopA_f0,xloopA_0Ab,5223.4,5310.5,87.1,505.4,20.9,1
3432,car,4.5,road_loopA_f0,road_loopA_f1,5184.9,5312.4,127.5,1303.1,36.8,1
3400,car,4.5,road_loopA_r0,xloopA_0Bb,5147.4,5312.6,165.2,895.8,19.5,1
3465,car,4.5,road_loopA_r0,road_loopA_r1,5218.1,5312.8,94.7,1297.9,49.4,0
3481,car,4.5,road_loopA_f0,xloopA_0Ab,5230.5,5313.1,82.6,505.1,22.0,1
3436,suv,4.8,road_loopA_f0,road_loopA_f1,5190.3,5313.2,122.9,1304.1,38.2,1
3470,car,4.5,road_loopA_r0,road_loopA_r1,5220.3,5313.6,93.3,1297.3,50.1,0
3439,car,4.5,road_loopA_f0,road_loopA_f1,5195.6,5314.2,118.6,1303.9,39.6,1
3431,car,4.5,road_loopA_f0,road_loopA_f1,5183.3,5314.9,131.6,1302.9,35.6,1
3440,suv,4.8,road_loopA_f0,road_loopA_f1,5195.8,5314.9,119.1,1303.5,39.4,1
3426,car,4.5,road_loopA_r0,xloopA_0Bb,5177.7,5315.2,137.5,895.5,23.4,1
3464,car,4.5,road_loopA_r0,road_loopA_r1,5217.6,5315.2,97.6,1297.4,47.9,0
3484,car,4.5,road_loopA_f0,xloopA_0Ab,5231.8,5315.8,84.0,505.3,21.7,1
3454,car,4.5,road_loopA_f0,road_loopA_f1,5207.1,5315.9,108.8,1303.6,43.1,1
3445,car,4.5,road_loopA_f0,road_loopA_f1,5199.6,5316.6,117.0,1303.5,40.1,1
3452,car,4.5,road_loopA_f0,road_loopA_f1,5205.0,5317.3,112.3,1302.9,41.8,1
3462,car,4.5,road_loopA_f0,road_loopA_f1,5215.4,5317.6,102.2,1303.7,45.9,0
3501,suv,4.8,road_loopA_f0,xloopA_0Ab,5254.0,5318.5,64.5,505.5,28.2,1
3453,suv,4.8,road_loopA_r0,road_loopA_r1,5206.3,5318.7,112.4,1297.3,41.5,0
3455,car,4.5,road_loopA_f0,road_loopA_f1,5207.8,5319.0,111.2,1303.3,42.2,1
3448,car,4.5,road_loopA_f0,road_loopA_f1,5202.1,5319.4,117.3,1303.9,40.0,1
3469,truck,8.5,road_loopA_f0,road_loopA_f1,5219.8,5319.4,99.6,1304.2,47.1,0
3475,suv,4.8,road_loopA_r0,road_loopA_r1,5228.0,5320.8,92.8,1298.0,50.4,0
3476,car,4.5,road_loopA_f0,road_loopA_f1,5229.6,5320.9,91.3,1303.9,51.4,0
3483,car,4.5,road_loopA_f0,road_loopA_f1,5231.6,5322.1,90.5,1303.0,51.9,0
3477,car,4.5,road_loopA_r0,road_loopA_r1,5229.7,5322.8,93.1,1298.6,50.2,0
3480,car,4.5,road_loopA_f0,road_loopA_f1,5230.2,5323.0,92.8,1303.3,50.6,0
3308,car,4.5,xloopA_0Aa,xloopA_0Ab,5086.9,5323.9,237.0,84.4,1.3,1
3486,car,4.5,road_loopA_r0,road_loopA_r1,5234.7,5324.0,89.3,1298.1,52.3,0
3419,car,4.5,xloopA_0Ba,xloopA_0Bb,5164.1,5324.5,160.4,84.2,1.9,1
3310,car,4.5,xloopA_0Aa,xloopA_0Ab,5089.8,5325.9,236.1,84.3,1.3,1
3358,bus,11.0,road_loopA_r0,road_loopA_r1,5120.9,5326.4,205.5,1297.3,22.7,4
3441,car,4.5,xloopA_0Ba,xloopA_0Bb,5197.9,5327.3,129.4,84.6,2.4,1
3466,car,4.5,road_loopA_f0,road_loopA_f1,5218.6,5327.5,108.9,1303.1,43.1,0
3471,car,4.5,road_loopA_r0,road_loopA_r1,5221.0,5327.6,106.6,1297.8,43.8,0
3461,truck,8.5,road_loopA_f0,road_loopA_f1,5214.9,5327.9,113.0,1303.8,41.5,0
3328,car,4.5,xloopA_0Aa,xloopA_0Ab,5102.5,5328.9,226.4,84.4,1.3,0
3474,truck,8.5,road_loopA_f0,road_loopA_f1,5224.1,5329.2,105.1,1303.9,44.7,0
3429,car,4.5,road_loopA_f0,road_loopA_f1,5182.5,5329.7,147.2,1303.1,31.9,1
3489,suv,4.8,road_loopA_f0,road_loopA_f1,5236.6,5330.1,93.5,1303.0,50.2,0
3338,car,4.5,xloopA_0Aa,xloopA_0Ab,5110.5,5331.1,220.6,84.3,1.4,0
3491,car,4.5,road_loopA_f0,road_loopA_f1,5240.2,5332.9,92.7,1303.4,50.6,0
3494,car,4.5,road_loopA_f0,road_loopA_f1,5246.9,5336.3,89.4,1303.1,52.5,0
3499,car,4.5,road_loopA_f0,road_loopA_f1,5249.6,5339.3,89.7,1303.5,52.3,0
3458,car,4.5,road_loopA_r0,xloopA_0Ab,5212.3,5343.0,130.7,869.2,23.9,2
3503,suv,4.8,road_loopA_f0,road_loopA_f1,5257.3,5346.7,89.4,1303.1,52.5,0
3505,car,4.5,road_loopA_f0,road_loopA_f1,5257.7,5347.7,90.0,1303.9,52.2,0
3490,truck,8.5,road_loopA_f0,road_loopA_f1,5239.7,5350.4,110.7,1303.9,42.4,0
3506,car,4.5,road_loopA_f0,road_loopA_f1,5262.3,5351.7,89.4,1303.1,52.5,0
3508,car,4.5,road_loopA_f0,xloopA_0Bb,5262.4,5352.6,90.2,478.7,19.1,2
3495,car,4.5,road_loopA_r0,xloopA_0Ab,5246.9,5352.8,105.9,869.2,29.6,2
3492,car,4.5,road_loopA_r0,xloopA_0Ab,5245.1,5356.4,111.3,869.0,28.1,2
3554,car,4.5,road_loopA_f0,xloopA_0Bb,5310.4,5359.2,48.8,478.6,35.3,0
3539,car,4.5,road_loopA_r0,xloopA_0Ab,5290.2,5367.6,77.4,869.0,40.4,0
3488,suv,4.8,road_loopA_r0,road_loopA_r1,5236.1,5371.1,135.0,1298.1,34.6,1
3520,suv,4.8,road_loopA_r0,xloopA_0Ab,5275.3,5372.7,97.4,869.0,32.1,1
3487,truck,8.5,road_loopA_r0,road_loopA_r1,5235.1,5375.6,140.5,1298.0,33.3,1
3500,suv,4.8,road_loopA_r0,road_loopA_r1,5252.0,5375.8,123.8,1298.7,37.8,1
3514,car,4.5,road_loopA_r0,road_loopA_r1,5265.6,5378.1,112.5,1298.4,41.5,1
3482,car,4.5,xloopA_0Ba,road_loopA_r1,5230.6,5379.5,148.9,476.2,11.5,0
3485,car,4.5,road_loopA_r0,road_loopA_r1,5234.3,5379.8,145.5,1298.4,32.1,1
3527,car,4.5,road_loopA_r0,road_loopA_r1,5279.8,5379.8,100.0,1298.2,46.7,0
3498,suv,4.8,road_loopA_r0,road_loopA_r1,5249.6,5381.2,131.6,1298.5,35.5,1
3529,suv,4.8,road_loopA_r0,road_loopA_r1,5280.8,5381.5,100.7,1297.7,46.4,0
3515,car,4.5,road_loopA_r0,road_loopA_r1,5265.7,5382.8,117.1,1297.6,39.9,1
3525,car,4.5,road_loopA_r0,road_loopA_r1,5279.2,5383.8,104.6,1297.5,44.7,0
3516,car,4.5,road_loopA_r0,road_loopA_r1,5268.2,5384.5,116.3,1298.1,40.2,1
3534,car,4.5,road_loopA_r0,road_loopA_r1,5286.3,5385.6,99.3,1297.6,47.0,0
3524,car,4.5,road_loopA_r0,road_loopA_r1,5279.2,5386.3,107.1,1298.5,43.6,0
3541,car,4.5,road_loopA_r0,road_loopA_r1,5292.9,5386.9,94.0,1297.9,49.7,0
3536,suv,4.8,road_loopA_r0,road_loopA_r1,5286.6,5388.0,101.4,1298.5,46.1,0
3521,suv,4.8,road_loopA_r0,road_loopA_r1,5275.7,5390.5,114.8,1297.4,40.7,0
3537,suv,4.8,road_loopA_r0,road_loopA_r1,5288.3,5391.6,103.3,1298.4,45.2,0
3509,suv,4.8,road_loopA_f0,road_loopA_f1,5262.5,5396.0,133.5,1303.2,35.1,1
3510,car,4.5,road_loopA_f0,road_loopA_f1,5262.8,5399.3,136.5,1303.8,34.4,1
3502,car,4.5,road_loopA_r0,xloopA_0Bb,5255.1,5400.7,145.6,895.4,22.1,1
3545,truck,8.5,road_loopA_r0,road_loopA_r1,5298.5,5401.3,102.8,1297.9,45.5,0
3573,car,4.5,road_loopA_f0,xloopA_0Ab,5328.9,5401.3,72.4,505.2,25.1,1
3542,truck,8.5,road_loopA_r0,road_loopA_r1,5294.5,5401.9,107.4,1298.3,43.5,0
3496,car,4.5,road_loopA_r0,xloopA_0Bb,5247.0,5403.3,156.3,895.4,20.6,1
3549,car,4.5,road_loopA_r0,road_loopA_r1,5302.2,5403.8,101.6,1297.8,46.0,0
3555,car,4.5,road_loopA_r0,road_loopA_r1,5310.9,5404.4,93.5,1297.9,50.0,0
3511,suv,4.8,road_loopA_f0,road_loopA_f1,5263.1,5404.7,141.6,1303.0,33.1,1
3526,car,4.5,road_loopA_f0,road_loopA_f1,5279.6,5404.9,125.3,1303.7,37.5,1
3557,car,4.5,road_loopA_r0,road_loopA_r1,5314.2,5405.5,91.3,1297.8,51.2,0
3606,suv,4.8,road_loopA_f0,xloopA_0Ab,5359.4,5405.9,46.5,505.3,39.2,0
3507,car,4.5,road_loopA_f0,road_loopA_f1,5262.4,5406.0,143.6,1303.5,32.7,1
3518,suv,4.8,road_loopA_r0,xloopA_0Bb,5273.2,5406.0,132.8,895.7,24.3,1
3522,suv,4.8,road_loopA_f0,road_loopA_f1,5278.9,5406.6,127.7,1304.1,36.8,1
3523,suv,4.8,road_loopA_f0,road_loopA_f1,5278.9,5407.9,129.0,1303.5,36.4,1
3517,car,4.5,road_loopA_r0,xloopA_0Bb,5269.1,5408.7,139.6,895.6,23.1,1
3538,car,4.5,road_loopA_f0,road_loopA_f1,5289.5,5409.2,119.7,1304.0,39.2,1
3561,suv,4.8,road_loopA_r0,road_loopA_r1,5319.1,5411.3,92.2,1297.7,50.7,0
3519,car,4.5,road_loopA_r0,xloopA_0Bb,5273.5,5411.4,137.9,895.8,23.4,1
3544,car,4.5,road_loopA_f0,road_loopA_f1,5295.8,5411.6,115.8,1303.3,40.5,1
3559,suv,4.8,road_loopA_r0,road_loopA_r1,5316.7,5411.9,95.2,1297.6,49.0,0
3530,truck,8.5,road_loopA_f0,road_loopA_f1,5281.3,5412.7,131.4,1303.2,35.7,1
3512,car,4.5,road_loopA_f0,road_loopA_f1,5264.3,5415.5,151.2,1303.8,31.0,1
3532,car,4.5,xloopA_0Ba,xloopA_0Bb,5282.0,5415.6,133.6,84.6,2.3,1
3550,suv,4.8,road_loopA_f0,road_loopA_f1,5302.4,5415.9,113.5,1303.6,41.3,0
3528,car,4.5,road_loopA_f0,road_loopA_f1,5280.4,5416.6,136.2,1303.4,34.4,1
3572,car,4.5,road_loopA_r0,road_loopA_r1,5328.1,5417.2,89.1,1298.4,52.4,0
3401,car,4.5,xloopA_0Aa,xloopA_0Ab,5148.0,5417.4,269.4,84.4,1.1,1
3560,suv,4.8,road_loopA_f0,road_loopA_f1,5317.1,5417.7,100.6,1304.2,46.7,0
3556,car,4.5,xloopA_0Ba,xloopA_0Bb,5313.6,5418.7,105.1,84.6,2.9,1
3546,suv,4.8,road_loopA_f0,road_loopA_f1,5300.6,5419.6,119.0,1304.0,39.4,1
3444,car,4.5,xloopA_0Aa,xloopA_0Ab,5199.5,5419.7,220.2,84.0,1.4,1
3314,car,4.5,xloopA_0Aa,road_loopA_f1,5092.6,5419.8,327.2,872.4,9.6,1
3553,suv,4.8,road_loopA_f0,road_loopA_f1,5308.3,5420.7,112.4,1303.5,41.8,0
3565,car,4.5,xloopA_0Ba,xloopA_0Bb,5326.0,5420.9,94.9,84.8,3.2,1
3563,car,4.5,road_loopA_f0,road_loopA_f1,5323.0,5421.7,98.7,1303.6,47.5,0
3450,car,4.5,xloopA_0Aa,xloopA_0Ab,5202.6,5421.8,219.2,84.7,1.4,1
3600,car,4.5,xloopA_0Ba,xloopA_0Bb,5356.3,5423.1,66.8,84.4,4.6,0
3571,car,4.5,road_loopA_f0,road_loopA_f1,5328.1,5423.4,95.3,1302.9,49.2,0
3478,car,4.5,xloopA_0Aa,xloopA_0Ab,5229.9,5424.3,194.4,84.8,1.6,0
3497,bus,11.0,road_loopA_r0,road_loopA_r1,5248.9,5424.6,175.7,1297.3,26.6,2
3575,car,4.5,road_loopA_f0,road_loopA_f1,5334.5,5424.9,90.4,1303.7,51.9,0
3604,car,4.5,xloopA_0Ba,xloopA_0Bb,5358.5,5425.0,66.5,84.1,4.6,0
3574,car,4.5,road_loopA_f0,road_loopA_f1,5330.7,5427.1,96.4,1303.0,48.7,0
3579,suv,4.8,road_loopA_f0,road_loopA_f1,5338.2,5428.7,90.5,1303.7,51.9,0
3577,suv,4.8,road_loopA_f0,road_loopA_f1,5335.2,5431.0,95.8,1303.0,49.0,0
3472,car,4.5,xloopA_0Ba,road_loopA_f1,5222.3,5432.0,209.7,902.3,15.5,0
3513,car,4.5,road_loopA_f0,road_loopA_f1,5264.7,5433.4,168.7,1303.2,27.8,1
3581,suv,4.8,road_loopA_f0,road_loopA_f1,5344.1,5433.5,89.4,1304.1,52.5,0
3399,car,4.5,xloopA_0Ba,road_loopA_f1,5146.8,5433.9,287.1,902.8,11.3,1
3540,car,4.5,road_loopA_f0,road_loopA_f1,5290.5,5435.0,144.5,1303.4,32.5,1
3533,truck,8.5,road_loopA_f0,road_loopA_f1,5286.1,5436.1,150.0,1303.8,31.3,1
3548,car,4.5,road_loopA_f0,road_loopA_f1,5301.1,5437.0,135.9,1302.8,34.5,0
3584,suv,4.8,road_loopA_f0,road_loopA_f1,5344.5,5437.2,92.7,1304.1,50.6,0
3558,car,4.5,road_loopA_f0,road_loopA_f1,5314.5,5438.0,123.5,1302.9,38.0,0
3613,truck,8.5,road_loopA_f0,xloopA_0Bb,5364.7,5438.2,73.5,478.9,23.5,1
3588,car,4.5,road_loopA_f0,road_loopA_f1,5346.6,5438.6,92.0,1302.8,51.0,0
3566,truck,8.5,road_loopA_f0,road_loopA_f1,5326.0,5439.3,113.3,1303.9,41.4,0
3568,car,4.5,road_loopA_f0,road_loopA_f1,5327.7,5439.7,112.0,1303.7,41.9,0
3569,car,4.5,road_loopA_f0,road_loopA_f1,5327.8,5441.4,113.6,1304.0,41.3,0
3552,car,4.5,road_loopA_f0,road_loopA_f1,5306.7,5442.7,136.0,1303.7,34.5,0
3580,suv,4.8,road_loopA_f0,road_loopA_f1,5338.5,5443.1,104.6,1304.0,44.9,0
3567,car,4.5,road_loopA_r0,xloopA_0Ab,5327.0,5443.7,116.7,869.2,26.8,2
3620,suv,4.8,road_loopA_f0,xloopA_0Bb,5371.0,5443.8,72.8,479.2,23.7,1
3582,car,4.5,road_loopA_f0,road_loopA_f1,5344.1,5444.9,100.8,1303.9,46.6,0
3585,truck,8.5,road_loopA_f0,road_loopA_f1,5344.7,5448.1,103.4,1303.7,45.4,0
3590,suv,4.8,road_loopA_f0,road_loopA_f1,5347.5,5448.2,100.7,1303.9,46.6,0
3599,car,4.5,road_loopA_f0,road_loopA_f1,5354.7,5450.1,95.4,1303.2,49.2,0
3594,car,4.5,road_loopA_f0,road_loopA_f1,5351.5,5450.6,99.1,1304.0,47.4,0
3642,car,4.5,road_loopA_r0,xloopA_0Ab,5388.9,5459.6,70.7,869.3,44.3,0
3586,suv,4.8,road_loopA_r0,road_loopA_r1,5345.6,5461.8,116.2,1298.5,40.2,1
3570,car,4.5,road_loopA_r0,road_loopA_r1,5328.0,5462.8,134.8,1298.0,34.7,1
3591,car,4.5,road_loopA_r0,road_loopA_r1,5350.7,5464.0,113.3,1297.6,41.2,1
3598,suv,4.8,road_loopA_r0,road_loopA_r1,5354.4,5464.8,110.4,1297.7,42.3,1
3587,car,4.5,road_loopA_r0,road_loopA_r1,5345.8,5468.0,122.2,1298.1,38.3,1
3597,car,4.5,road_loopA_r0,road_loopA_r1,5353.1,5469.6,116.5,1297.6,40.1,1
3596,car,4.5,road_loopA_r0,road_loopA_r1,5352.8,5470.1,117.3,1298.0,39.8,1
3618,car,4.5,road_loopA_r0,road_loopA_r1,5370.4,5471.8,101.4,1298.2,46.1,0
3623,car,4.5,road_loopA_r0,xloopA_0Ab,5372.7,5474.0,101.3,869.2,30.9,1
3612,car,4.5,road_loopA_r0,road_loopA_r1,5364.5,5474.1,109.6,1297.5,42.6,1
3583,truck,8.5,road_loopA_r0,road_loopA_r1,5344.2,5477.0,132.8,1298.0,35.2,1
3607,car,4.5,road_loopA_r0,road_loopA_r1,5360.0,5477.0,117.0,1298.3,40.0,1
3626,car,4.5,road_loopA_r0,road_loopA_r1,5375.3,5477.7,102.4,1297.6,45.6,0
3632,suv,4.8,road_loopA_r0,road_loopA_r1,5378.0,5479.9,101.9,1297.5,45.9,0
3601,car,4.5,road_loopA_r0,road_loopA_r1,5356.5,5480.0,123.5,1298.1,37.8,1
3695,suv,4.8,road_loopA_f0,xloopA_0Bb,5436.0,5481.0,45.0,479.1,38.3,0
3670,car,4.5,road_loopA_r0,xloopA_0Ab,5408.7,5481.2,72.5,869.1,43.1,0
3630,car,4.5,road_loopA_r0,road_loopA_r1,5377.7,5482.2,104.5,1297.4,44.7,0
3593,car,4.5,road_loopA_r0,road_loopA_r1,5351.1,5483.0,131.9,1297.3,35.4,1
3638,suv,4.8,road_loopA_r0,road_loopA_r1,5385.2,5483.6,98.4,1297.3,47.4,0
3641,suv,4.8,road_loopA_r0,road_loopA_r1,5388.8,5485.7,96.9,1297.4,48.2,0
3459,car,4.5,xloopA_0Aa,road_loopA_r1,5213.2,5485.9,272.7,507.1,6.7,0
3547,bus,11.0,road_loopA_f0,road_loopA_f1,5300.7,5487.0,186.3,1303.2,25.2,2
3578,car,4.5,road_loopA_r0,road_loopA_r1,5336.3,5487.5,151.2,1297.6,30.9,1
3651,car,4.5,road_loopA_r0,road_loopA_r1,5397.1,5487.5,90.4,1297.7,51.7,0
3603,car,4.5,road_loopA_f0,road_loopA_f1,5357.1,5487.6,130.5,1303.6,36.0,1
3592,car,4.5,road_loopA_r0,road_loopA_r1,5351.0,5488.1,137.1,1298.0,34.1,0
3635,suv,4.8,road_loopA_r0,road_loopA_r1,5382.3,5489.7,107.4,1297.8,43.5,0
3611,truck,8.5,road_loopA_r0,road_loopA_r1,5363.6,5489.9,126.3,1297.7,37.0,0
3657,suv,4.8,road_loopA_r0,road_loopA_r1,5398.7,5490.1,91.4,1297.6,51.1,0
3608,suv,4.8,road_loopA_f0,road_loopA_f1,5361.6,5490.6,129.0,1303.2,36.4,1
3631,suv,4.8,road_loopA_r0,road_loopA_r1,5377.9,5491.5,113.6,1298.1,41.1,0
3616,suv,4.8,road_loopA_r0,road_loopA_r1,5367.7,5491.9,124.2,1298.1,37.6,0
3637,car,4.5,road_loopA_r0,road_loopA_r1,5384.1,5493.2,109.1,1298.3,42.8,0
3633,car,4.5,road_loopA_r0,road_loopA_r1,5380.5,5493.6,113.1,1298.5,41.3,0
3625,suv,4.8,road_loopA_r0,road_loopA_r1,5373.8,5493.7,119.9,1297.3,39.0,0
3535,car,4.5,road_loopA_r0,xloopA_0Bb,5286.3,5494.2,207.9,895.5,15.5,2
3663,car,4.5,road_loopA_f0,xloopA_0Ab,5403.0,5494.8,91.8,505.1,19.8,1
3602,car,4.5,road_loopA_f0,road_loopA_f1,5356.7,5495.4,138.7,1304.0,33.8,1
3629,car,4.5,road_loopA_r0,road_loopA_r1,5377.2,5495.5,118.3,1298.3,39.5,0
3664,car,4.5,road_loopA_r0,road_loopA_r1,5403.6,5495.6,92.0,1298.6,50.8,0
3543,car,4.5,road_loopA_r0,xloopA_0Bb,5295.3,5496.8,201.5,895.4,16.0,2
3702,car,4.5,road_loopA_f0,xloopA_0Ab,5443.8,5497.4,53.6,505.1,33.9,0
3655,suv,4.8,road_loopA_r0,road_loopA_r1,5398.3,5497.7,99.4,1297.5,47.0,0
3665,car,4.5,road_loopA_r0,road_loopA_r1,5405.5,5498.0,92.5,1297.6,50.5,0
3615,suv,4.8,road_loopA_f0,road_loopA_f1,5367.3,5499.3,132.0,1303.4,35.5,1
3659,car,4.5,road_loopA_r0,road_loopA_r1,5399.7,5500.0,100.3,1298.3,46.6,0
3609,truck,8.5,road_loopA_r0,xloopA_0Bb,5362.0,5500.2,138.2,895.2,23.3,1
3636,car,4.5,road_loopA_f0,road_loopA_f1,5383.3,5500.8,117.5,1303.6,39.9,1
3610,truck,8.5,road_loopA_f0,road_loopA_f1,5362.0,5501.6,139.6,1303.7,33.6,1
3656,car,4.5,road_loopA_r0,road_loopA_r1,5398.7,5502.9,104.2,1298.1,44.9,0
3660,car,4.5,road_loopA_r0,road_loopA_r1,5400.6,5503.1,102.5,1297.5,45.6,0
3640,car,4.5,road_loopA_f0,road_loopA_f1,5386.4,5503.2,116.8,1302.9,40.2,1
3621,car,4.5,road_loopA_r0,xloopA_0Bb,5372.3,5503.3,131.0,895.4,24.6,1
3639,car,4.5,road_loopA_f0,road_loopA_f1,5385.4,5504.3,118.9,1302.9,39.4,1
3619,truck,8.5,road_loopA_f0,road_loopA_f1,5370.6,5505.0,134.4,1303.6,34.9,1
3671,car,4.5,road_loopA_r0,road_loopA_r1,5410.9,5506.1,95.2,1297.6,49.1,0
3595,car,4.5,road_loopA_f0,road_loopA_f1,5352.8,5506.7,153.9,1304.0,30.5,1
3677,car,4.5,road_loopA_r0,road_loopA_r1,5419.1,5509.5,90.4,1297.5,51.7,0
3479,car,4.5,xloopA_0Aa,xloopA_0Ab,5230.3,5509.7,279.4,84.5,1.1,1
3645,truck,8.5,road_loopA_f0,road_loopA_f1,5390.7,5510.1,119.4,1303.1,39.3,1
3624,car,4.5,xloopA_0Ba,xloopA_0Bb,5372.9,5510.1,137.2,84.2,2.2,1
3589,car,4.5,road_loopA_f0,road_loopA_f1,5347.5,5511.6,164.1,1303.2,28.6,1
3648,suv,4.8,road_loopA_f0,road_loopA_f1,5393.7,5512.2,118.5,1303.8,39.6,0
3504,car,4.5,xloopA_0Aa,xloopA_0Ab,5257.5,5512.6,255.1,84.4,1.2,1
3658,car,4.5,road_loopA_f0,road_loopA_f1,5399.4,5513.0,113.6,1303.2,41.3,0
3622,car,4.5,road_loopA_f0,road_loopA_f1,5372.6,5513.2,140.6,1302.9,33.4,1
3647,car,4.5,xloopA_0Ba,xloopA_0Bb,5391.9,5514.0,122.1,84.6,2.5,1
3649,car,4.5,road_loopA_f0,road_loopA_f1,5394.1,5514.8,120.7,1303.4,38.9,0
3627,car,4.5,road_loopA_f0,road_loopA_f1,5375.6,5514.9,139.3,1303.7,33.7,1
3628,suv,4.8,road_loopA_f0,road_loopA_f1,5375.9,5515.2,139.3,1303.3,33.7,1
3551,car,4.5,xloopA_0Aa,xloopA_0Ab,5304.5,5515.7,211.2,84.2,1.4,0
3652,truck,8.5,road_loopA_r0,road_loopA_r1,5397.3,5516.5,119.2,1297.5,39.2,0
3644,car,4.5,road_loopA_f0,road_loopA_f1,5390.1,5517.1,127.0,1303.4,36.9,1
3667,truck,8.5,road_loopA_r0,road_loopA_r1,5406.8,5517.4,110.6,1298.4,42.3,0
3676,car,4.5,road_loopA_f0,road_loopA_f1,5418.7,5517.7,99.0,1303.3,47.4,0
3562,car,4.5,xloopA_0Aa,xloopA_0Ab,5321.2,5517.8,196.6,84.4,1.5,0
3646,truck,8.5,road_loopA_f0,road_loopA_f1,5391.6,5519.2,127.6,1303.9,36.8,0
3680,car,4.5,road_loopA_f0,road_loopA_f1,5421.8,5519.6,97.8,1304.0,48.0,0
3666,truck,8.5,road_loopA_f0,road_loopA_f1,5406.3,5519.7,113.4,1303.9,41.4,0
3685,car,4.5,xloopA_0Ba,xloopA_0Bb,5424.9,5519.8,94.9,84.5,3.2,0
3661,car,4.5,road_loopA_f0,road_loopA_f1,5401.3,5521.2,119.9,1302.9,39.1,0
3669,suv,4.8,road_loopA_f0,road_loopA_f1,5408.3,5521.7,113.4,1303.6,41.4,0
3688,car,4.5,road_loopA_f0,road_loopA_f1,5429.9,5522.2,92.3,1303.9,50.9,0
3673,car,4.5,road_loopA_f0,road_loopA_f1,5416.8,5523.0,106.2,1303.0,44.2,0
6,tram,34.0,loopB,loopB,1275.9,5523.3,4247.4,33673.2,28.5,40
3691,car,4.5,road_loopA_f0,road_loopA_f1,5433.0,5527.5,94.5,1303.5,49.7,0
3662,suv,4.8,road_loopA_r0,xloopA_0Ab,5401.5,5527.9,126.4,869.3,24.8,2
3678,car,4.5,road_loopA_f0,road_loopA_f1,5419.8,5529.6,109.8,1303.3,42.7,0
3698,suv,4.8,road_loopA_f0,road_loopA_f1,5441.0,5531.3,90.3,1303.6,51.9,0
3689,truck,8.5,road_loopA_f0,road_loopA_f1,5431.5,5531.7,100.2,1303.0,46.8,0
3697,suv,4.8,road_loopA_f0,road_loopA_f1,5440.8,5533.8,93.0,1303.9,50.5,0
3701,car,4.5,road_loopA_f0,road_loopA_f1,5442.6,5534.1,91.5,1303.7,51.3,0
3668,car,4.5,road_loopA_f0,road_loopA_f1,5407.6,5534.2,126.6,1303.3,37.1,0
3675,car,4.5,road_loopA_f0,road_loopA_f1,5418.0,5535.8,117.8,1303.3,39.8,0
3699,suv,4.8,road_loopA_f0,road_loopA_f1,5442.0,5536.1,94.1,1303.1,49.9,0
3694,car,4.5,road_loopA_f0,road_loopA_f1,5435.3,5537.5,102.2,1304.0,46.0,0
3727,suv,4.8,road_loopA_f0,xloopA_0Bb,5472.8,5537.7,64.9,479.1,26.6,2
3706,car,4.5,road_loopA_f0,road_loopA_f1,5448.5,5537.9,89.4,1303.1,52.5,0
3726,car,4.5,road_loopA_f0,xloopA_0Bb,5472.8,5544.3,71.5,478.6,24.1,2
3674,car,4.5,road_loopA_r0,road_loopA_r1,5417.3,5553.8,136.5,1298.6,34.3,1
3690,car,4.5,road_loopA_r0,road_loopA_r1,5432.5,5556.8,124.3,1298.6,37.6,1
3679,car,4.5,road_loopA_r0,road_loopA_r1,5420.9,5557.3,136.4,1297.5,34.3,1
3693,car,4.5,road_loopA_r0,road_loopA_r1,5433.9,5558.8,124.9,1297.6,37.4,1
3776,truck,8.5,road_loopA_f0,xloopA_0Bb,5519.1,5560.5,41.4,479.1,41.6,0
3692,suv,4.8,road_loopA_r0,road_loopA_r1,5433.6,5561.7,128.1,1298.3,36.5,1
3643,car,4.5,xloopA_0Ba,road_loopA_r1,5389.1,5563.5,174.4,476.3,9.8,1
3715,car,4.5,road_loopA_r0,road_loopA_r1,5460.5,5563.6,103.1,1297.8,45.3,0
3687,car,4.5,road_loopA_r0,road_loopA_r1,5428.4,5564.8,136.4,1297.9,34.2,1
3682,suv,4.8,road_loopA_r0,road_loopA_r1,5422.4,5565.2,142.8,1297.9,32.7,1
3681,car,4.5,road_loopA_r0,road_loopA_r1,5422.1,5566.9,144.8,1297.7,32.3,1
3704,car,4.5,road_loopA_r0,road_loopA_r1,5444.6,5567.1,122.5,1298.1,38.1,0
3729,car,4.5,road_loopA_r0,road_loopA_r1,5475.0,5567.1,92.1,1297.5,50.7,0
3703,suv,4.8,road_loopA_r0,road_loopA_r1,5444.3,5568.8,124.5,1298.6,37.6,1
3716,car,4.5,road_loopA_r0,road_loopA_r1,5462.2,5568.9,106.7,1298.4,43.8,0
3721,suv,4.8,road_loopA_r0,road_loopA_r1,5466.4,5570.3,103.9,1298.2,45.0,0
3705,car,4.5,road_loopA_r0,road_loopA_r1,5447.9,5570.5,122.6,1297.6,38.1,1
3709,car,4.5,road_loopA_r0,road_loopA_r1,5450.0,5571.3,121.3,1297.7,38.5,1
3732,suv,4.8,road_loopA_r0,road_loopA_r1,5476.9,5571.4,94.5,1298.1,49.5,0
3708,car,4.5,road_loopA_r0,road_loopA_r1,5449.9,5573.1,123.2,1298.0,37.9,1
3731,car,4.5,road_loopA_r0,road_loopA_r1,5476.4,5573.1,96.7,1298.2,48.3,0
3710,truck,8.5,road_loopA_r0,road_loopA_r1,5454.2,5573.9,119.7,1297.4,39.0,1
3740,suv,4.8,road_loopA_r0,road_loopA_r1,5485.2,5575.4,90.2,1298.2,51.8,0
3711,car,4.5,road_loopA_r0,road_loopA_r1,5455.8,5576.8,121.0,1297.9,38.6,0
3742,truck,8.5,road_loopA_r0,road_loopA_r1,5489.0,5578.1,89.1,1298.3,52.5,0
3722,bus,11.0,road_loopA_r0,road_loopA_r1,5467.5,5578.5,111.0,1298.1,42.1,0
3745,car,4.5,road_loopA_r0,road_loopA_r1,5489.8,5581.1,91.3,1297.4,51.1,0
3707,car,4.5,road_loopA_f0,road_loopA_f1,5449.9,5581.4,131.5,1303.9,35.7,1
3696,bus,11.0,road_loopA_r0,road_loopA_r1,5438.4,5582.6,144.2,1297.4,32.4,2
3714,car,4.5,road_loopA_f0,road_loopA_f1,5460.2,5584.9,124.7,1302.8,37.6,1
3650,car,4.5,road_loopA_r0,xloopA_0Bb,5395.5,5587.7,192.2,895.6,16.8,2
3713,car,4.5,road_loopA_f0,road_loopA_f1,5459.8,5587.7,127.9,1304.1,36.7,1
3739,suv,4.8,road_loopA_f0,xloopA_0Ab,5483.4,5588.3,104.9,504.9,17.3,1
3751,car,4.5,road_loopA_r0,road_loopA_r1,5499.6,5588.5,88.9,1297.3,52.5,0
3684,car,4.5,road_loopA_r0,xloopA_0Bb,5423.5,5590.3,166.8,895.6,19.3,1
3712,car,4.5,road_loopA_f0,road_loopA_f1,5459.8,5590.3,130.5,1303.0,35.9,1
3748,car,4.5,road_loopA_f0,xloopA_0Ab,5493.9,5590.9,97.0,504.9,18.7,1
3752,car,4.5,road_loopA_r0,road_loopA_r1,5499.8,5591.2,91.4,1297.3,51.1,0
3683,car,4.5,road_loopA_r0,xloopA_0Bb,5422.6,5592.9,170.3,895.4,18.9,1
3747,car,4.5,road_loopA_f0,xloopA_0Ab,5492.2,5593.6,101.4,505.2,17.9,1
3750,suv,4.8,road_loopA_r0,road_loopA_r1,5499.2,5593.6,94.4,1298.1,49.5,0
3724,truck,8.5,road_loopA_f0,road_loopA_f1,5470.7,5595.3,124.6,1304.0,37.7,1
3737,car,4.5,road_loopA_r0,xloopA_0Bb,5481.8,5595.6,113.8,895.5,28.3,1
3736,car,4.5,road_loopA_f0,road_loopA_f1,5481.8,5596.1,114.3,1302.9,41.0,1
3755,suv,4.8,road_loopA_f0,xloopA_0Ab,5503.0,5596.3,93.3,505.4,19.5,1
3762,suv,4.8,road_loopA_r0,road_loopA_r1,5508.2,5597.1,88.9,1297.3,52.5,0
3700,car,4.5,road_loopA_f0,road_loopA_f1,5442.4,5597.7,155.3,1303.6,30.2,1
3738,car,4.5,road_loopA_f0,road_loopA_f1,5482.2,5598.5,116.3,1302.8,40.3,1
3749,car,4.5,road_loopA_r0,road_loopA_r1,5496.6,5599.1,102.5,1298.0,45.6,0
3805,suv,4.8,road_loopA_f0,xloopA_0Ab,5539.7,5599.1,59.4,505.7,30.6,0
3741,car,4.5,road_loopA_f0,road_loopA_f1,5485.9,5599.9,114.0,1304.1,41.2,1
3763,car,4.5,road_loopA_r0,road_loopA_r1,5508.8,5599.9,91.1,1298.4,51.3,0
3718,truck,8.5,road_loopA_f0,road_loopA_f1,5464.9,5600.1,135.2,1303.3,34.7,1
3728,car,4.5,road_loopA_f0,road_loopA_f1,5474.5,5602.2,127.7,1302.8,36.7,1
3734,car,4.5,road_loopA_f0,road_loopA_f1,5478.1,5603.0,124.9,1303.5,37.6,1
3733,car,4.5,road_loopA_f0,road_loopA_f1,5477.3,5604.1,126.8,1303.7,37.0,1
3766,truck,8.5,road_loopA_r0,road_loopA_r1,5511.8,5604.4,92.6,1298.5,50.5,0
3744,car,4.5,road_loopA_f0,road_loopA_f1,5489.8,5604.6,114.8,1304.0,40.9,0
3564,car,4.5,xloopA_0Aa,xloopA_0Ab,5324.0,5605.2,281.2,84.6,1.1,1
3717,car,4.5,xloopA_0Ba,xloopA_0Bb,5463.5,5605.2,141.7,84.4,2.1,1
3746,car,4.5,road_loopA_f0,road_loopA_f1,5491.2,5606.2,115.0,1303.8,40.8,0
3531,car,4.5,xloopA_0Aa,road_loopA_f1,5282.1,5606.4,324.3,872.7,9.7,1
3720,car,4.5,xloopA_0Ba,xloopA_0Bb,5466.5,5607.4,140.9,84.3,2.2,1
3754,truck,8.5,road_loopA_f0,road_loopA_f1,5501.9,5608.2,106.3,1302.9,44.1,0
3735,suv,4.8,road_loopA_f0,road_loopA_f1,5481.4,5608.4,127.0,1302.9,36.9,1
3719,truck,8.5,road_loopA_f0,road_loopA_f1,5466.0,5608.5,142.5,1303.2,32.9,1
3730,car,4.5,xloopA_0Ba,xloopA_0Bb,5475.9,5610.1,134.2,84.5,2.3,0
3743,car,4.5,road_loopA_f0,road_loopA_f1,5489.3,5610.2,120.9,1303.7,38.8,0
3769,car,4.5,road_loopA_f0,road_loopA_f1,5513.3,5610.2,96.9,1303.0,48.4,0
3757,suv,4.8,road_loopA_f0,road_loopA_f1,5504.5,5610.8,106.3,1303.8,44.1,0
3761,car,4.5,road_loopA_f0,road_loopA_f1,5508.2,5611.9,103.7,1303.0,45.2,0
3775,car,4.5,road_loopA_f0,road_loopA_f1,5519.1,5612.6,93.5,1303.8,50.2,0
3770,car,4.5,road_loopA_f0,road_loopA_f1,5514.1,5614.0,99.9,1303.8,47.0,0
3723,truck,8.5,road_loopA_f0,road_loopA_f1,5469.9,5615.5,145.6,1303.0,32.2,1
3756,car,4.5,road_loopA_f0,road_loopA_f1,5503.1,5616.9,113.8,1303.5,41.2,0
3784,car,4.5,road_loopA_f0,road_loopA_f1,5526.9,5618.7,91.8,1303.7,51.1,0
3753,truck,8.5,road_loopA_f0,road_loopA_f1,5501.0,5620.8,119.8,1303.5,39.2,0
3759,car,4.5,road_loopA_f0,road_loopA_f1,5506.8,5621.4,114.6,1303.8,41.0,0
3781,car,4.5,road_loopA_f0,road_loopA_f1,5523.5,5621.4,97.9,1303.8,47.9,0
3767,car,4.5,road_loopA_f0,road_loopA_f1,5512.3,5622.7,110.4,1303.4,42.5,0
3790,car,4.5,road_loopA_f0,road_loopA_f1,5528.8,5623.2,94.4,1303.2,49.7,0
3758,car,4.5,road_loopA_r0,xloopA_0Ab,5504.4,5623.9,119.5,869.0,26.2,2
3797,car,4.5,road_loopA_f0,road_loopA_f1,5534.7,5625.2,90.5,1303.4,51.9,0
3856,car,4.5,road_loopA_f0,xloopA_0Bb,5589.7,5632.8,43.1,478.7,40.0,0
3803,suv,4.8,road_loopA_f0,road_loopA_f1,5538.5,5633.3,94.8,1303.0,49.5,0
3863,car,4.5,road_loopA_f0,xloopA_0Bb,5594.2,5636.1,41.9,478.7,41.1,0
3799,car,4.5,road_loopA_f0,road_loopA_f1,5535.1,5639.5,104.4,1303.5,44.9,0
3654,car,4.5,xloopA_0Ba,road_loopA_f1,5397.4,5644.2,246.8,902.8,13.2,0
3772,suv,4.8,road_loopA_r0,road_loopA_r1,5516.2,5649.6,133.4,1297.7,35.0,1
3792,suv,4.8,road_loopA_f0,road_loopA_f1,5530.0,5655.3,125.3,1302.9,37.4,0
3764,car,4.5,road_loopA_r0,road_loopA_r1,5509.5,5656.8,147.3,1298.3,31.7,1
3765,truck,8.5,road_loopA_r0,road_loopA_r1,5511.7,5657.8,146.1,1297.8,32.0,1
3686,car,4.5,xloopA_0Ba,road_loopA_r1,5426.2,5658.0,231.8,476.9,7.4,1
3779,car,4.5,road_loopA_r0,road_loopA_r1,5521.3,5659.7,138.4,1297.7,33.7,1
3768,car,4.5,road_loopA_r0,road_loopA_r1,5512.6,5660.5,147.9,1297.9,31.6,1
3788,car,4.5,road_loopA_r0,road_loopA_r1,5527.5,5661.5,134.0,1297.4,34.9,1
3888,car,4.5,road_loopA_f0,xloopA_0Bb,5622.1,5662.1,40.0,478.7,43.1,0
3804,suv,4.8,road_loopA_r0,road_loopA_r1,5539.5,5663.3,123.8,1297.6,37.7,1
3778,car,4.5,road_loopA_r0,road_loopA_r1,5521.3,5663.5,142.2,1298.3,32.9,1
3760,car,4.5,xloopA_0Ba,road_loopA_r1,5506.9,5663.7,156.8,476.8,11.0,0
3801,suv,4.8,road_loopA_r0,road_loopA_r1,5537.9,5665.2,127.3,1298.6,36.7,1
3780,suv,4.8,road_loopA_r0,road_loopA_r1,5522.7,5666.4,143.7,1298.5,32.5,1
3816,car,4.5,road_loopA_r0,road_loopA_r1,5548.9,5667.0,118.1,1297.4,39.5,1
3783,car,4.5,road_loopA_r0,road_loopA_r1,5526.3,5668.1,141.8,1297.5,32.9,1
3800,car,4.5,road_loopA_r0,road_loopA_r1,5537.8,5669.3,131.5,1297.3,35.5,1
3614,car,4.5,xloopA_0Aa,road_loopA_r1,5365.5,5669.9,304.4,507.3,6.0,1
3786,car,4.5,road_loopA_r0,road_loopA_r1,5527.1,5669.9,142.8,1298.3,32.7,1
3777,car,4.5,road_loopA_r0,road_loopA_r1,5519.5,5671.6,152.1,1297.3,30.7,1
3819,suv,4.8,road_loopA_r0,road_loopA_r1,5552.1,5672.1,120.0,1297.6,38.9,0
3787,truck,8.5,road_loopA_r0,road_loopA_r1,5527.1,5672.3,145.2,1298.1,32.2,1
3725,bus,11.0,road_loopA_f0,road_loopA_f1,5472.3,5673.3,201.0,1303.1,23.3,4
3795,car,4.5,road_loopA_r0,road_loopA_r1,5533.5,5673.3,139.8,1297.5,33.4,1
3812,suv,4.8,road_loopA_r0,road_loopA_r1,5543.6,5674.8,131.2,1298.0,35.6,1
3789,car,4.5,road_loopA_r0,road_loopA_r1,5528.6,5675.0,146.4,1298.2,31.9,1
3793,car,4.5,road_loopA_r0,road_loopA_r1,5530.8,5675.0,144.2,1298.3,32.4,1
3828,car,4.5,road_loopA_r0,road_loopA_r1,5556.8,5676.5,119.7,1298.0,39.0,1
3796,truck,8.5,road_loopA_r0,road_loopA_r1,5534.6,5677.2,142.6,1297.8,32.8,1
3813,suv,4.8,road_loopA_r0,road_loopA_r1,5544.1,5677.5,133.4,1298.2,35.0,1
3802,car,4.5,road_loopA_f0,road_loopA_f1,5538.1,5678.4,140.3,1304.1,33.5,1
3820,car,4.5,road_loopA_r0,road_loopA_r1,5553.3,5679.2,125.9,1298.4,37.1,0
3823,car,4.5,road_loopA_r0,road_loopA_r1,5553.7,5679.3,125.6,1297.7,37.2,0
3825,car,4.5,road_loopA_r0,road_loopA_r1,5554.9,5679.6,124.7,1298.1,37.5,0
3773,car,4.5,road_loopA_r0,xloopA_0Bb,5518.3,5681.2,162.9,895.4,19.8,1
3834,car,4.5,road_loopA_r0,road_loopA_r1,5567.4,5681.3,113.9,1298.4,41.0,0
3833,suv,4.8,road_loopA_f0,xloopA_0Ab,5566.8,5681.9,115.1,505.4,15.8,2
3830,truck,8.5,road_loopA_r0,road_loopA_r1,5561.8,5682.0,120.2,1297.5,38.8,0
3808,car,4.5,road_loopA_f0,road_loopA_f1,5542.6,5683.0,140.4,1304.0,33.4,1
3843,suv,4.8,road_loopA_r0,road_loopA_r1,5576.3,5683.5,107.2,1297.8,43.6,0
3877,car,4.5,road_loopA_f0,xloopA_0Ab,5612.4,5684.5,72.1,505.1,25.2,1
3806,car,4.5,road_loopA_f0,road_loopA_f1,5541.2,5684.7,143.5,1303.7,32.7,1
3839,suv,4.8,road_loopA_r0,road_loopA_r1,5572.4,5686.6,114.2,1298.5,40.9,0
3815,car,4.5,road_loopA_r0,road_loopA_r1,5547.5,5687.1,139.6,1298.1,33.5,0
3889,car,4.5,road_loopA_f0,xloopA_0Ab,5623.1,5687.2,64.1,505.4,28.4,1
3837,car,4.5,road_loopA_r0,road_loopA_r1,5569.8,5688.2,118.4,1297.9,39.5,0
3831,car,4.5,road_loopA_r0,road_loopA_r1,5563.4,5688.7,125.3,1298.2,37.3,0
3851,car,4.5,road_loopA_r0,road_loopA_r1,5582.5,5689.3,106.8,1298.5,43.8,0
3818,car,4.5,road_loopA_f0,road_loopA_f1,5552.0,5689.6,137.6,1303.1,34.1,1
3840,suv,4.8,road_loopA_r0,road_loopA_r1,5574.6,5690.0,115.4,1297.6,40.5,0
3836,car,4.5,road_loopA_r0,road_loopA_r1,5568.0,5690.4,122.4,1298.5,38.2,0
3838,car,4.5,road_loopA_f0,road_loopA_f1,5571.8,5690.5,118.7,1303.9,39.5,1
3827,suv,4.8,road_loopA_f0,road_loopA_f1,5556.2,5691.4,135.2,1303.2,34.7,1
3846,car,4.5,road_loopA_r0,road_loopA_r1,5578.8,5691.8,113.0,1297.7,41.4,0
3855,car,4.5,road_loopA_r0,road_loopA_r1,5588.6,5692.0,103.4,1297.7,45.2,0
3842,car,4.5,road_loopA_r0,road_loopA_r1,5576.4,5692.1,115.7,1298.6,40.4,0
3867,car,4.5,road_loopA_r0,road_loopA_r1,5597.2,5693.2,96.0,1298.1,48.7,0
3841,car,4.5,road_loopA_f0,road_loopA_f1,5574.8,5693.3,118.5,1303.2,39.6,1
3850,suv,4.8,road_loopA_r0,road_loopA_r1,5581.7,5693.8,112.1,1298.5,41.7,0
3859,car,4.5,road_loopA_r0,road_loopA_r1,5591.2,5693.8,102.6,1297.7,45.5,0
3848,car,4.5,road_loopA_f0,road_loopA_f1,5581.1,5695.1,114.0,1303.5,41.2,1
3810,car,4.5,road_loopA_f0,road_loopA_f1,5543.3,5695.3,152.0,1303.6,30.9,1
3853,suv,4.8,road_loopA_r0,road_loopA_r1,5585.2,5695.5,110.3,1297.4,42.4,0
3785,car,4.5,road_loopA_r0,road_loopA_r1,5527.0,5695.7,168.7,1297.7,27.7,1
3771,car,4.5,xloopA_0Ba,xloopA_0Bb,5515.2,5696.0,180.8,84.6,1.7,1
3798,car,4.5,road_loopA_f0,road_loopA_f1,5535.0,5696.3,161.3,1303.7,29.1,1
3861,suv,4.8,road_loopA_r0,road_loopA_r1,5593.2,5696.6,103.4,1297.4,45.2,0
3865,suv,4.8,road_loopA_r0,road_loopA_r1,5595.7,5697.4,101.7,1298.5,46.0,0
3832,suv,4.8,road_loopA_r0,road_loopA_r1,5566.2,5697.5,131.3,1297.3,35.6,1
3844,car,4.5,road_loopA_f0,road_loopA_f1,5576.4,5698.0,121.6,1304.0,38.6,1
3774,car,4.5,xloopA_0Ba,xloopA_0Bb,5519.1,5698.5,179.4,84.1,1.7,1
3826,truck,8.5,road_loopA_f0,road_loopA_f1,5555.6,5698.8,143.2,1303.7,32.8,1
3653,car,4.5,xloopA_0Aa,xloopA_0Ab,5397.5,5699.0,301.5,84.6,1.0,1
3873,car,4.5,road_loopA_r0,road_loopA_r1,5606.1,5699.2,93.1,1298.3,50.2,0
3858,car,4.5,road_loopA_f0,road_loopA_f1,5590.3,5699.5,109.2,1303.0,42.9,0
3814,car,4.5,xloopA_0Ba,xloopA_0Bb,5545.6,5700.8,155.2,84.2,2.0,1
3835,truck,8.5,road_loopA_f0,road_loopA_f1,5567.8,5701.4,133.6,1302.8,35.1,1
3849,car,4.5,road_loopA_f0,road_loopA_f1,5581.6,5701.4,119.8,1303.6,39.2,1
3872,suv,4.8,road_loopA_r0,road_loopA_r1,5604.2,5701.9,97.7,1298.1,47.8,0
3869,suv,4.8,road_loopA_f0,road_loopA_f1,5600.5,5703.2,102.7,1303.9,45.7,0
3954,car,4.5,xloopA_0Ba,xloopA_0Bb,5675.9,5703.7,27.8,84.3,10.9,0
3822,car,4.5,road_loopA_f0,road_loopA_f1,5553.7,5704.4,150.7,1303.1,31.1,1
3791,car,4.5,xloopA_0Aa,xloopA_0Ab,5529.8,5705.8,176.0,84.5,1.7,0
3870,car,4.5,road_loopA_f0,road_loopA_f1,5601.6,5706.2,104.6,1303.3,44.9,0
3794,car,4.5,xloopA_0Aa,xloopA_0Ab,5530.8,5707.9,177.1,84.3,1.7,0
3878,car,4.5,road_loopA_f0,road_loopA_f1,5612.4,5708.0,95.6,1302.9,49.1,0
3854,truck,8.5,road_loopA_f0,road_loopA_f1,5588.5,5708.8,120.3,1303.5,39.0,0
3881,car,4.5,road_loopA_f0,road_loopA_f1,5617.0,5709.9,92.9,1303.7,50.5,0
3860,car,4.5,road_loopA_f0,road_loopA_f1,5592.0,5711.1,119.1,1303.8,39.4,0
7,tram,34.0,loopA,loopA,1495.1,5711.7,4216.6,33702.4,28.8,40
3617,car,4.5,xloopA_0Aa,road_loopA_f1,5370.3,5712.5,342.2,872.3,9.2,0
3847,car,4.5,road_loopA_f0,road_loopA_f1,5580.8,5712.9,132.1,1303.4,35.5,1
3824,car,4.5,road_loopA_f0,road_loopA_f1,5554.3,5714.5,160.2,1303.6,29.3,1
3876,car,4.5,road_loopA_f0,road_loopA_f1,5611.6,5715.2,103.6,1303.2,45.3,0
3857,car,4.5,road_loopA_f0,road_loopA_f1,5589.8,5715.4,125.6,1303.1,37.3,0
3882,car,4.5,road_loopA_f0,road_loopA_f1,5617.8,5716.9,99.1,1303.0,47.3,0
3864,car,4.5,road_loopA_f0,road_loopA_f1,5595.7,5717.2,121.5,1303.9,38.6,0
3809,bus,11.0,road_loopA_r0,road_loopA_r1,5543.1,5717.6,174.5,1298.1,26.8,2
3883,suv,4.8,road_loopA_f0,road_loopA_f1,5618.3,5719.4,101.1,1303.0,46.4,0
3807,car,4.5,road_loopA_f0,road_loopA_f1,5541.8,5719.6,177.8,1303.8,26.4,1
3821,car,4.5,road_loopA_f0,road_loopA_f1,5553.6,5720.1,166.5,1303.7,28.2,1
3852,truck,8.5,road_loopA_f0,road_loopA_f1,5583.4,5722.6,139.2,1303.5,33.7,0
3886,car,4.5,road_loopA_f0,road_loopA_f1,5620.2,5723.1,102.9,1302.9,45.6,0
3887,car,4.5,road_loopA_f0,road_loopA_f1,5621.5,5724.7,103.2,1302.9,45.5,0
3891,suv,4.8,road_loopA_f0,road_loopA_f1,5623.7,5724.8,101.1,1303.1,46.4,0
3893,car,4.5,road_loopA_f0,road_loopA_f1,5624.1,5727.2,103.1,1303.0,45.5,0
3938,car,4.5,road_loopA_f0,xloopA_0Bb,5665.6,5730.9,65.3,478.6,26.4,1
3892,suv,4.8,road_loopA_f0,road_loopA_f1,5623.8,5731.1,107.3,1303.0,43.7,0
3898,truck,8.5,road_loopA_f0,road_loopA_f1,5631.0,5735.3,104.3,1302.8,45.0,0
3885,suv,4.8,road_loopA_f0,road_loopA_f1,5619.8,5735.7,115.9,1303.3,40.5,0
3605,car,4.5,xloopA_0Aa,road_loopA_f1,5359.3,5736.2,376.9,872.4,8.3,1
3890,suv,4.8,road_loopA_f0,road_loopA_f1,5623.2,5739.9,116.7,1303.3,40.2,0
3829,suv,4.8,road_loopA_r0,road_loopA_r1,5558.0,5747.1,189.1,1298.2,24.7,2
3874,car,4.5,road_loopA_r0,road_loopA_r1,5606.8,5747.1,140.3,1298.0,33.3,1
3884,car,4.5,road_loopA_r0,road_loopA_r1,5619.0,5750.3,131.3,1297.3,35.6,1
3875,car,4.5,road_loopA_r0,road_loopA_r1,5607.0,5751.3,144.3,1298.1,32.4,1
3880,car,4.5,road_loopA_r0,road_loopA_r1,5615.1,5753.1,138.0,1298.2,33.9,1
3897,suv,4.8,road_loopA_r0,road_loopA_r1,5630.6,5753.4,122.8,1297.4,38.0,1
3894,suv,4.8,road_loopA_r0,road_loopA_r1,5625.1,5754.9,129.8,1298.1,36.0,1
3895,car,4.5,road_loopA_r0,road_loopA_r1,5625.4,5756.1,130.7,1297.3,35.7,1
3896,suv,4.8,road_loopA_r0,road_loopA_r1,5628.5,5756.7,128.2,1298.5,36.5,1
3868,car,4.5,road_loopA_r0,road_loopA_r1,5598.0,5756.9,158.9,1297.8,29.4,1
3919,car,4.5,road_loopA_r0,road_loopA_r1,5649.5,5757.1,107.6,1297.6,43.4,0
3907,car,4.5,road_loopA_r0,road_loopA_r1,5639.7,5758.4,118.7,1297.4,39.3,1
3909,car,4.5,road_loopA_r0,road_loopA_r1,5643.6,5759.1,115.5,1298.3,40.5,0
3917,car,4.5,road_loopA_r0,road_loopA_r1,5649.4,5760.2,110.8,1297.8,42.2,1
3929,car,4.5,road_loopA_r0,road_loopA_r1,5658.0,5760.3,102.3,1298.2,45.7,0
3918,car,4.5,road_loopA_r0,road_loopA_r1,5649.5,5760.8,111.3,1298.6,42.0,0
3941,suv,4.8,road_loopA_r0,road_loopA_r1,5667.1,5762.6,95.5,1298.0,48.9,0
3915,car,4.5,road_loopA_r0,road_loopA_r1,5648.3,5764.2,115.9,1298.3,40.3,0
3948,car,4.5,road_loopA_r0,road_loopA_r1,5671.9,5765.5,93.6,1297.4,49.9,0
3927,truck,8.5,road_loopA_r0,road_loopA_r1,5657.1,5765.6,108.5,1297.6,43.1,0
3931,car,4.5,road_loopA_r0,road_loopA_r1,5661.6,5767.4,105.8,1297.9,44.2,0
3934,car,4.5,road_loopA_r0,road_loopA_r1,5662.9,5768.5,105.6,1298.3,44.3,0
3943,car,4.5,road_loopA_r0,road_loopA_r1,5668.5,5769.2,100.7,1297.8,46.4,0
3782,car,4.5,road_loopA_r0,road_loopA_r1,5524.0,5770.9,246.9,1298.6,18.9,2
3956,car,4.5,road_loopA_r0,road_loopA_r1,5680.1,5772.5,92.4,1298.0,50.6,0
3811,car,4.5,road_loopA_r0,xloopA_0Bb,5543.3,5774.8,231.5,895.7,13.9,4
3903,suv,4.8,road_loopA_f0,road_loopA_f1,5634.7,5776.1,141.4,1303.5,33.2,1
3959,car,4.5,road_loopA_r0,road_loopA_r1,5681.9,5776.2,94.3,1298.5,49.6,0
3916,truck,8.5,road_loopA_f0,xloopA_0Ab,5649.4,5776.6,127.2,505.6,14.3,1
3879,suv,4.8,road_loopA_r0,xloopA_0Bb,5613.1,5777.4,164.3,895.6,19.6,2
3961,car,4.5,road_loopA_r0,road_loopA_r1,5684.4,5778.0,93.6,1298.5,50.0,0
3947,car,4.5,road_loopA_r0,road_loopA_r1,5671.7,5778.3,106.6,1298.4,43.8,0
3939,suv,4.8,road_loopA_f0,xloopA_0Ab,5666.2,5779.6,113.4,505.6,16.1,1
3914,car,4.5,road_loopA_r0,xloopA_0Bb,5646.3,5780.1,133.8,895.5,24.1,2
3908,car,4.5,road_loopA_f0,road_loopA_f1,5642.2,5781.5,139.3,1303.0,33.7,1
3952,car,4.5,road_loopA_f0,xloopA_0Ab,5674.6,5782.2,107.6,505.1,16.9,1
3967,car,4.5,road_loopA_r0,road_loopA_r1,5687.5,5782.3,94.8,1297.6,49.3,0
3940,car,4.5,road_loopA_r0,xloopA_0Bb,5666.7,5782.8,116.1,895.8,27.8,1
3963,truck,8.5,road_loopA_r0,road_loopA_r1,5684.7,5783.0,98.3,1298.2,47.5,0
3971,suv,4.8,road_loopA_r0,road_loopA_r1,5691.5,5784.7,93.2,1298.3,50.2,0
3957,car,4.5,road_loopA_f0,xloopA_0Ab,5681.6,5784.9,103.3,505.3,17.6,1
3920,car,4.5,road_loopA_f0,road_loopA_f1,5650.1,5787.1,137.0,1303.4,34.3,1
3845,bus,11.0,road_loopA_r0,road_loopA_r1,5577.4,5788.4,211.0,1297.3,22.1,3
3905,car,4.5,road_loopA_f0,road_loopA_f1,5637.4,5788.8,151.4,1303.0,31.0,1
3974,car,4.5,road_loopA_r0,road_loopA_r1,5694.6,5788.8,94.2,1297.8,49.6,0
3935,truck,8.5,road_loopA_r0,road_loopA_r1,5663.6,5789.3,125.7,1297.6,37.2,0
3900,suv,4.8,road_loopA_f0,road_loopA_f1,5633.9,5789.6,155.7,1303.8,30.2,1
3817,car,4.5,xloopA_0Aa,xloopA_0Ab,5550.2,5789.7,239.5,84.2,1.3,1
3911,car,4.5,road_loopA_f0,road_loopA_f1,5644.4,5790.9,146.5,1303.8,32.0,1
3953,truck,8.5,road_loopA_r0,road_loopA_r1,5675.8,5791.7,115.9,1297.5,40.3,0
3904,truck,8.5,road_loopA_f0,road_loopA_f1,5634.9,5791.8,156.9,1303.0,29.9,1
3928,car,4.5,road_loopA_f0,road_loopA_f1,5657.5,5792.7,135.2,1303.1,34.7,1
3862,car,4.5,xloopA_0Aa,xloopA_0Ab,5593.5,5793.4,199.9,84.3,1.5,1
3962,car,4.5,road_loopA_r0,road_loopA_r1,5684.7,5793.9,109.2,1297.4,42.8,0
3910,suv,4.8,road_loopA_f0,road_loopA_f1,5643.9,5794.0,150.1,1303.8,31.3,1
3937,car,4.5,road_loopA_f0,road_loopA_f1,5665.0,5794.4,129.4,1303.1,36.3,1
3871,car,4.5,xloopA_0Aa,xloopA_0Ab,5602.5,5795.4,192.9,84.4,1.6,1
3925,car,4.5,road_loopA_f0,road_loopA_f1,5656.3,5796.2,139.9,1303.3,33.5,1
3913,suv,4.8,road_loopA_f0,road_loopA_f1,5645.4,5797.3,151.9,1303.9,30.9,1
3912,car,4.5,xloopA_0Aa,xloopA_0Ab,5644.8,5797.7,152.9,84.4,2.0,0
3946,car,4.5,xloopA_0Aa,xloopA_0Ab,5670.7,5799.7,129.0,84.4,2.4,0
3672,car,4.5,xloopA_0Aa,road_loopA_f1,5411.4,5800.2,388.8,872.2,8.1,1
3899,car,4.5,road_loopA_f0,road_loopA_f1,5631.8,5803.5,171.7,1303.7,27.3,1
3922,truck,8.5,road_loopA_f0,road_loopA_f1,5650.6,5804.4,153.8,1303.4,30.5,1
3902,suv,4.8,road_loopA_f0,road_loopA_f1,5634.1,5805.6,171.5,1303.0,27.4,1
3932,truck,8.5,road_loopA_f0,road_loopA_f1,5662.6,5807.4,144.8,1303.5,32.4,1
3924,truck,8.5,road_loopA_f0,road_loopA_f1,5655.8,5807.8,152.0,1303.4,30.9,1
3987,suv,4.8,road_loopA_r0,xloopA_0Ab,5704.9,5808.0,103.1,869.4,30.4,1
3936,suv,4.8,road_loopA_f0,road_loopA_f1,5664.2,5809.4,145.2,1303.7,32.3,1
3942,car,4.5,road_loopA_f0,road_loopA_f1,5668.5,5809.8,141.3,1303.8,33.2,1
3951,car,4.5,road_loopA_f0,road_loopA_f1,5674.4,5811.3,136.9,1302.8,34.3,1
3634,car,4.5,xloopA_0Aa,road_loopA_f1,5382.1,5811.4,429.3,872.0,7.3,1
3945,car,4.5,road_loopA_f0,road_loopA_f1,5670.3,5811.5,141.2,1302.8,33.2,1
3901,car,4.5,road_loopA_f0,road_loopA_f1,5634.0,5813.1,179.1,1303.7,26.2,1
3964,suv,4.8,road_loopA_f0,road_loopA_f1,5684.9,5813.1,128.2,1302.9,36.6,1
3958,car,4.5,road_loopA_f0,road_loopA_f1,5681.8,5813.3,131.5,1303.6,35.7,1
3921,car,4.5,road_loopA_f0,road_loopA_f1,5650.6,5814.7,164.1,1303.1,28.6,1
3969,suv,4.8,road_loopA_f0,road_loopA_f1,5689.9,5814.9,125.0,1303.2,37.5,0
3973,car,4.5,road_loopA_f0,road_loopA_f1,5694.0,5815.1,121.1,1304.1,38.8,0
3923,car,4.5,road_loopA_f0,road_loopA_f1,5654.5,5816.4,161.9,1303.8,29.0,1
3978,car,4.5,road_loopA_f0,road_loopA_f1,5698.0,5816.8,118.8,1303.8,39.5,1
3970,car,4.5,road_loopA_f0,road_loopA_f1,5691.1,5816.9,125.8,1304.0,37.3,0
3926,car,4.5,road_loopA_f0,road_loopA_f1,5656.6,5818.0,161.4,1303.1,29.1,1
3965,truck,8.5,road_loopA_f0,road_loopA_f1,5685.4,5819.0,133.6,1303.5,35.1,0
3991,suv,4.8,road_loopA_f0,road_loopA_f1,5707.4,5819.9,112.5,1303.3,41.7,0
3930,suv,4.8,road_loopA_f0,road_loopA_f1,5660.8,5820.1,159.3,1303.2,29.4,1
3960,suv,4.8,road_loopA_f0,road_loopA_f1,5683.3,5821.2,137.9,1303.4,34.0,1
3933,car,4.5,road_loopA_f0,road_loopA_f1,5662.8,5821.9,159.1,1303.5,29.5,1
3989,car,4.5,road_loopA_f0,road_loopA_f1,5706.3,5823.1,116.8,1304.0,40.2,0
3944,car,4.5,road_loopA_f0,road_loopA_f1,5668.9,5823.8,154.9,1303.8,30.3,1
3981,suv,4.8,road_loopA_f0,road_loopA_f1,5699.9,5824.3,124.4,1303.2,37.7,0
3949,car,4.5,road_loopA_f0,road_loopA_f1,5672.6,5825.6,153.0,1304.0,30.7,1
3984,car,4.5,road_loopA_f0,road_loopA_f1,5701.5,5826.1,124.6,1303.0,37.6,0
3955,car,4.5,road_loopA_f0,road_loopA_f1,5676.7,5827.4,150.7,1303.9,31.2,1
3982,car,4.5,road_loopA_f0,road_loopA_f1,5700.6,5828.1,127.5,1303.5,36.8,0
3977,car,4.5,road_loopA_f0,road_loopA_f1,5698.0,5829.3,131.3,1302.8,35.7,0
4071,car,4.5,road_loopA_f0,xloopA_0Bb,5789.9,5829.8,39.9,478.7,43.2,0
3980,suv,4.8,road_loopA_f0,road_loopA_f1,5699.5,5830.8,131.3,1303.0,35.7,0
4016,car,4.5,road_loopA_r0,xloopA_0Ab,5736.8,5832.4,95.6,869.1,32.7,1
3985,car,4.5,road_loopA_r0,road_loopA_r1,5701.7,5833.6,131.9,1298.6,35.4,1
3988,car,4.5,road_loopA_r0,road_loopA_r1,5705.5,5836.4,130.9,1298.6,35.7,1
3976,car,4.5,road_loopA_r0,road_loopA_r1,5697.4,5836.6,139.2,1298.4,33.6,1
3990,car,4.5,road_loopA_r0,road_loopA_r1,5706.7,5838.4,131.7,1297.5,35.5,1
3983,car,4.5,road_loopA_f0,road_loopA_f1,5701.3,5839.3,138.0,1303.2,34.0,0
3975,truck,8.5,road_loopA_r0,road_loopA_r1,5695.2,5843.8,148.6,1297.4,31.4,1
3906,bus,11.0,road_loopA_f0,road_loopA_f1,5638.0,5844.0,206.0,1302.9,22.8,3
3993,truck,8.5,road_loopA_r0,road_loopA_r1,5710.5,5845.1,134.6,1297.8,34.7,1
3994,suv,4.8,road_loopA_r0,road_loopA_r1,5712.7,5845.6,132.9,1297.3,35.1,1
4009,car,4.5,road_loopA_r0,road_loopA_r1,5730.0,5845.7,115.7,1297.6,40.4,1
4004,suv,4.8,road_loopA_r0,road_loopA_r1,5725.6,5847.1,121.5,1297.4,38.5,1
4006,suv,4.8,road_loopA_r0,road_loopA_r1,5726.5,5847.5,121.0,1297.7,38.6,1
4014,car,4.5,road_loopA_r0,road_loopA_r1,5733.7,5849.0,115.3,1297.7,40.5,1
4008,truck,8.5,road_loopA_r0,road_loopA_r1,5729.8,5850.6,120.8,1298.3,38.7,0
4010,car,4.5,road_loopA_r0,road_loopA_r1,5730.5,5851.0,120.5,1298.0,38.8,1
4017,suv,4.8,road_loopA_r0,road_loopA_r1,5737.2,5851.9,114.7,1297.5,40.7,1
4019,car,4.5,road_loopA_r0,road_loopA_r1,5738.9,5852.5,113.6,1298.1,41.2,0
4012,truck,8.5,road_loopA_r0,road_loopA_r1,5732.0,5854.1,122.1,1297.6,38.3,0
4028,car,4.5,road_loopA_r0,road_loopA_r1,5743.4,5854.2,110.8,1297.7,42.2,0
4037,car,4.5,road_loopA_r0,road_loopA_r1,5747.1,5855.9,108.8,1297.4,42.9,0
4018,truck,8.5,road_loopA_r0,road_loopA_r1,5738.7,5857.0,118.3,1297.5,39.5,0
4025,suv,4.8,road_loopA_r0,road_loopA_r1,5742.5,5858.3,115.8,1298.1,40.4,0
4020,car,4.5,road_loopA_r0,road_loopA_r1,5740.5,5859.9,119.4,1297.6,39.1,0
4035,car,4.5,road_loopA_r0,road_loopA_r1,5745.5,5860.0,114.5,1298.4,40.8,0
4027,car,4.5,road_loopA_r0,road_loopA_r1,5742.8,5861.5,118.7,1297.4,39.4,0
4030,car,4.5,road_loopA_r0,road_loopA_r1,5744.1,5861.7,117.6,1297.5,39.7,0
4043,car,4.5,road_loopA_r0,road_loopA_r1,5753.6,5863.4,109.8,1297.7,42.6,0
4054,suv,4.8,road_loopA_r0,road_loopA_r1,5765.8,5864.0,98.2,1297.8,47.6,0
4056,car,4.5,road_loopA_r0,road_loopA_r1,5768.2,5864.4,96.2,1297.8,48.6,0
4041,car,4.5,road_loopA_r0,road_loopA_r1,5751.7,5865.2,113.5,1297.9,41.2,0
3995,suv,4.8,road_loopA_f0,road_loopA_f1,5715.7,5865.8,150.1,1303.6,31.3,1
3998,car,4.5,road_loopA_f0,road_loopA_f1,5721.0,5865.9,144.9,1303.3,32.4,1
3992,car,4.5,road_loopA_f0,road_loopA_f1,5710.2,5866.6,156.4,1303.5,30.0,1
4048,suv,4.8,road_loopA_r0,road_loopA_r1,5762.1,5867.0,104.9,1298.4,44.6,0
3997,car,4.5,road_loopA_r0,xloopA_0Bb,5720.3,5868.2,147.9,895.3,21.8,1
3996,suv,4.8,road_loopA_f0,road_loopA_f1,5718.4,5868.3,149.9,1303.3,31.3,1
3968,car,4.5,road_loopA_f0,xloopA_0Ab,5687.6,5868.8,181.2,505.3,10.0,2
4053,suv,4.8,road_loopA_r0,road_loopA_r1,5764.9,5869.4,104.5,1297.4,44.7,0
4003,suv,4.8,road_loopA_f0,road_loopA_f1,5724.1,5869.9,145.8,1303.2,32.2,1
3999,truck,8.5,road_loopA_f0,road_loopA_f1,5722.1,5870.7,148.6,1303.5,31.6,1
4007,car,4.5,road_loopA_r0,xloopA_0Bb,5729.1,5870.8,141.7,895.4,22.8,1
4015,car,4.5,road_loopA_f0,road_loopA_f1,5736.6,5871.3,134.7,1303.0,34.8,1
3986,car,4.5,road_loopA_f0,xloopA_0Ab,5703.0,5871.5,168.5,505.4,10.8,2
4067,car,4.5,road_loopA_r0,road_loopA_r1,5783.7,5872.8,89.1,1298.3,52.5,0
4023,car,4.5,road_loopA_r0,xloopA_0Bb,5741.2,5873.5,132.3,895.6,24.4,1
4022,truck,8.5,road_loopA_f0,road_loopA_f1,5741.2,5873.8,132.6,1304.1,35.4,1
4024,suv,4.8,road_loopA_f0,xloopA_0Ab,5741.9,5874.2,132.3,505.5,13.8,1
4002,car,4.5,road_loopA_f0,road_loopA_f1,5724.1,5874.6,150.5,1302.9,31.2,1
4000,car,4.5,road_loopA_f0,road_loopA_f1,5723.5,5874.9,151.4,1303.3,31.0,1
4029,car,4.5,road_loopA_f0,road_loopA_f1,5743.9,5875.8,131.9,1303.3,35.6,1
4036,car,4.5,road_loopA_r0,xloopA_0Bb,5746.6,5876.2,129.6,895.8,24.9,1
4072,car,4.5,road_loopA_f0,xloopA_0Ab,5790.1,5876.9,86.8,505.2,21.0,2
4021,car,4.5,road_loopA_f0,road_loopA_f1,5740.6,5877.6,137.0,1303.5,34.3,1
4032,car,4.5,road_loopA_f0,road_loopA_f1,5744.8,5877.6,132.8,1303.4,35.3,1
4060,car,4.5,road_loopA_r0,xloopA_0Bb,5773.9,5878.8,104.9,895.5,30.7,1
4034,car,4.5,road_loopA_f0,road_loopA_f1,5744.8,5879.1,134.3,1303.3,34.9,1
3966,bus,11.0,road_loopA_r0,road_loopA_r1,5687.2,5879.2,192.0,1297.4,24.3,3
4038,car,4.5,road_loopA_f0,road_loopA_f1,5749.0,5879.5,130.5,1304.0,36.0,1
4080,car,4.5,road_loopA_f0,xloopA_0Ab,5795.3,5879.6,84.3,505.4,21.6,2
4040,car,4.5,road_loopA_f0,road_loopA_f1,5751.5,5881.0,129.5,1303.2,36.2,1
4076,car,4.5,road_loopA_r0,road_loopA_r1,5792.5,5881.6,89.1,1297.5,52.4,0
4011,car,4.5,road_loopA_f0,road_loopA_f1,5732.0,5882.6,150.6,1303.7,31.2,1
3950,car,4.5,xloopA_0Aa,xloopA_0Ab,5673.2,5883.2,210.0,84.4,1.4,1
4047,car,4.5,road_loopA_f0,road_loopA_f1,5760.1,5883.3,123.2,1303.9,38.1,1
4026,suv,4.8,road_loopA_f0,road_loopA_f1,5742.5,5883.7,141.2,1303.8,33.2,1
4061,truck,8.5,road_loopA_r0,road_loopA_r1,5776.0,5884.1,108.1,1298.4,43.2,0
4078,truck,8.5,road_loopA_r0,road_loopA_r1,5793.5,5884.4,90.9,1298.2,51.4,0
4127,car,4.5,xloopA_0Ba,xloopA_0Bb,5839.5,5885.0,45.5,84.4,6.7,1
4031,suv,4.8,road_loopA_f0,road_loopA_f1,5744.6,5885.4,140.8,1303.7,33.3,1
4033,car,4.5,road_loopA_f0,road_loopA_f1,5744.8,5885.6,140.8,1302.8,33.3,1
4050,car,4.5,road_loopA_f0,road_loopA_f1,5763.3,5886.5,123.2,1303.3,38.1,1
4039,suv,4.8,road_loopA_f0,road_loopA_f1,5749.3,5887.2,137.9,1304.2,34.0,1
4001,car,4.5,xloopA_0Aa,xloopA_0Ab,5724.1,5887.6,163.5,84.8,1.9,1
4044,truck,8.5,road_loopA_f0,road_loopA_f1,5755.2,5887.8,132.6,1302.9,35.4,1
4149,car,4.5,xloopA_0Ba,xloopA_0Bb,5861.8,5888.8,27.0,84.5,11.3,1
4042,suv,4.8,road_loopA_f0,road_loopA_f1,5753.4,5888.9,135.5,1302.9,34.6,1
4049,car,4.5,road_loopA_f0,road_loopA_f1,5763.0,5889.4,126.4,1304.0,37.1,1
4152,car,4.5,xloopA_0Ba,xloopA_0Bb,5862.7,5890.7,28.0,84.2,10.8,0
4045,car,4.5,road_loopA_f0,road_loopA_f1,5756.3,5891.0,134.7,1303.1,34.8,1
4005,car,4.5,xloopA_0Aa,xloopA_0Ab,5726.4,5891.4,165.0,84.3,1.8,0
4052,car,4.5,road_loopA_f0,road_loopA_f1,5764.3,5892.8,128.5,1303.9,36.5,1
4051,car,4.5,road_loopA_f0,road_loopA_f1,5763.5,5892.9,129.4,1303.8,36.3,1
4055,suv,4.8,road_loopA_f0,road_loopA_f1,5766.7,5894.6,127.9,1303.0,36.7,1
4057,car,4.5,road_loopA_f0,road_loopA_f1,5771.1,5894.8,123.7,1303.0,37.9,0
4058,car,4.5,road_loopA_f0,road_loopA_f1,5771.2,5896.4,125.2,1303.9,37.5,1
4059,car,4.5,road_loopA_f0,road_loopA_f1,5773.3,5897.3,124.0,1303.1,37.8,0
4065,car,4.5,road_loopA_f0,road_loopA_f1,5781.5,5898.9,117.4,1303.3,39.9,0
4086,car,4.5,road_loopA_f0,road_loopA_f1,5801.9,5899.1,97.2,1303.5,48.3,0
4063,truck,8.5,road_loopA_f0,road_loopA_f1,5780.6,5900.1,119.5,1303.1,39.3,0
4068,truck,8.5,road_loopA_f0,road_loopA_f1,5785.3,5901.4,116.1,1303.7,40.4,0
8,tram,34.0,loopB,loopB,1755.9,5901.9,4146.0,33672.7,29.2,40
4069,car,4.5,road_loopA_f0,road_loopA_f1,5788.7,5902.1,113.4,1303.2,41.4,0
4079,suv,4.8,road_loopA_f0,road_loopA_f1,5795.2,5902.5,107.3,1304.0,43.8,0
4070,suv,4.8,road_loopA_f0,road_loopA_f1,5789.7,5903.4,113.7,1303.2,41.3,0
4073,car,4.5,road_loopA_f0,road_loopA_f1,5790.8,5903.9,113.1,1302.9,41.5,0
4098,car,4.5,road_loopA_f0,road_loopA_f1,5809.4,5904.1,94.7,1304.1,49.6,0
4074,car,4.5,road_loopA_f0,road_loopA_f1,5790.8,5905.3,114.5,1303.8,41.0,0
4090,car,4.5,road_loopA_f0,road_loopA_f1,5806.0,5905.7,99.7,1302.9,47.1,0
4099,car,4.5,road_loopA_f0,road_loopA_f1,5809.9,5907.3,97.4,1303.4,48.2,0
4075,truck,8.5,road_loopA_f0,road_loopA_f1,5791.8,5907.9,116.1,1302.9,40.4,0
4081,car,4.5,road_loopA_f0,road_loopA_f1,5797.0,5908.3,111.3,1303.9,42.2,0
4112,car,4.5,road_loopA_f0,xloopA_0Bb,5828.3,5909.2,80.9,478.8,21.3,1
4087,car,4.5,road_loopA_f0,road_loopA_f1,5802.3,5909.8,107.5,1303.3,43.7,0
3979,car,4.5,road_loopA_f0,road_loopA_f1,5699.4,5912.0,212.6,1303.9,22.1,2
4093,suv,4.8,road_loopA_f0,road_loopA_f1,5806.3,5912.4,106.1,1303.7,44.2,0
4125,suv,4.8,road_loopA_f0,xloopA_0Bb,5838.3,5916.2,77.9,478.9,22.1,2
4102,car,4.5,road_loopA_f0,road_loopA_f1,5814.9,5917.2,102.3,1303.7,45.9,0
4106,car,4.5,road_loopA_f0,road_loopA_f1,5817.8,5918.9,101.1,1303.0,46.4,0
4161,suv,4.8,road_loopA_f0,xloopA_0Bb,5869.7,5920.7,51.0,479.0,33.8,0
4077,suv,4.8,road_loopA_r0,road_loopA_r1,5792.9,5933.3,140.4,1298.3,33.3,1
4155,car,4.5,xloopA_0Ba,road_loopA_r1,5865.5,5935.5,70.0,476.9,24.5,0
4089,car,4.5,road_loopA_r0,road_loopA_r1,5804.8,5936.3,131.5,1297.9,35.5,1
4082,suv,4.8,road_loopA_r0,road_loopA_r1,5797.5,5939.4,141.9,1298.1,32.9,1
4083,suv,4.8,road_loopA_r0,road_loopA_r1,5798.3,5944.6,146.3,1297.7,31.9,1
4095,car,4.5,road_loopA_r0,road_loopA_r1,5806.8,5946.3,139.5,1297.9,33.5,1
4013,car,4.5,xloopA_0Aa,road_loopA_r1,5733.0,5946.4,213.4,507.1,8.6,0
4124,car,4.5,xloopA_0Ba,road_loopA_r1,5838.3,5946.9,108.6,476.3,15.8,1
4101,car,4.5,road_loopA_r0,road_loopA_r1,5814.7,5948.1,133.4,1298.3,35.0,1
4066,car,4.5,road_loopA_r0,road_loopA_r1,5782.5,5948.2,165.7,1298.1,28.2,1
4091,suv,4.8,road_loopA_r0,road_loopA_r1,5806.1,5948.6,142.5,1298.2,32.8,1
4104,suv,4.8,road_loopA_r0,road_loopA_r1,5815.9,5949.8,133.9,1297.7,34.9,1
4084,suv,4.8,road_loopA_r0,road_loopA_r1,5798.7,5949.9,151.2,1298.4,30.9,1
4088,car,4.5,road_loopA_r0,road_loopA_r1,5804.6,5950.3,145.7,1297.6,32.1,1
4085,suv,4.8,road_loopA_r0,road_loopA_r1,5798.8,5951.6,152.8,1298.5,30.6,1
4092,car,4.5,road_loopA_r0,road_loopA_r1,5806.2,5952.0,145.8,1298.5,32.1,1
4116,car,4.5,road_loopA_r0,road_loopA_r1,5833.6,5952.1,118.5,1297.5,39.4,1
4097,car,4.5,road_loopA_r0,road_loopA_r1,5809.2,5953.3,144.1,1298.4,32.4,1
4096,car,4.5,road_loopA_r0,road_loopA_r1,5809.0,5953.6,144.6,1297.4,32.3,1
4119,suv,4.8,road_loopA_r0,road_loopA_r1,5835.6,5954.9,119.3,1297.8,39.2,1
4111,car,4.5,road_loopA_r0,road_loopA_r1,5826.2,5955.2,129.0,1297.3,36.2,1
4105,car,4.5,road_loopA_r0,road_loopA_r1,5817.3,5955.4,138.1,1297.5,33.8,1
4122,car,4.5,road_loopA_r0,road_loopA_r1,5836.9,5956.7,119.8,1297.3,39.0,0
4100,bus,11.0,road_loopA_r0,road_loopA_r1,5814.6,5957.2,142.6,1297.6,32.7,1
4110,suv,4.8,road_loopA_r0,road_loopA_r1,5825.7,5957.8,132.1,1297.4,35.4,1
4120,truck,8.5,road_loopA_r0,road_loopA_r1,5835.8,5960.0,124.2,1297.6,37.6,1
4128,truck,8.5,road_loopA_r0,road_loopA_r1,5839.9,5960.5,120.6,1298.3,38.7,0
4158,car,4.5,road_loopA_r0,road_loopA_r1,5866.8,5961.2,94.4,1298.4,49.5,0
4113,car,4.5,road_loopA_f0,road_loopA_f1,5831.5,5961.7,130.2,1303.4,36.0,1
4126,suv,4.8,road_loopA_r0,road_loopA_r1,5838.6,5962.1,123.5,1297.9,37.8,0
4133,car,4.5,road_loopA_f0,xloopA_0Ab,5845.9,5962.3,116.4,505.2,15.6,1
4130,suv,4.8,road_loopA_r0,road_loopA_r1,5840.8,5962.6,121.8,1297.4,38.3,1
4062,truck,8.5,road_loopA_r0,xloopA_0Bb,5779.0,5963.2,184.2,895.8,17.5,2
4129,car,4.5,road_loopA_r0,road_loopA_r1,5840.0,5963.9,123.9,1297.9,37.7,0
4159,car,4.5,road_loopA_r0,road_loopA_r1,5867.5,5964.5,97.0,1298.3,48.2,0
4143,car,4.5,road_loopA_f0,xloopA_0Ab,5858.4,5964.9,106.5,505.2,17.1,1
4121,car,4.5,road_loopA_f0,road_loopA_f1,5836.7,5965.1,128.4,1303.3,36.5,1
4140,car,4.5,road_loopA_r0,road_loopA_r1,5855.0,5965.8,110.8,1297.9,42.2,0
4064,car,4.5,road_loopA_r0,xloopA_0Bb,5781.2,5966.1,184.9,895.5,17.4,1
4132,truck,8.5,road_loopA_r0,road_loopA_r1,5845.7,5966.7,121.0,1297.9,38.6,0
4141,car,4.5,road_loopA_r0,road_loopA_r1,5856.0,5967.5,111.5,1297.5,41.9,0
4114,car,4.5,road_loopA_f0,road_loopA_f1,5832.4,5967.6,135.2,1303.7,34.7,1
4172,car,4.5,road_loopA_f0,xloopA_0Ab,5880.5,5967.6,87.1,505.4,20.9,2
4160,suv,4.8,road_loopA_r0,road_loopA_r1,5869.5,5968.2,98.7,1297.8,47.3,0
4138,car,4.5,road_loopA_f0,road_loopA_f1,5851.1,5968.3,117.2,1303.0,40.0,1
4107,suv,4.8,road_loopA_f0,road_loopA_f1,5818.9,5968.4,149.5,1303.9,31.4,1
4118,car,4.5,road_loopA_r0,xloopA_0Bb,5834.5,5968.8,134.3,895.8,24.0,1
4150,car,4.5,road_loopA_r0,road_loopA_r1,5861.7,5969.3,107.6,1297.8,43.4,0
4164,car,4.5,road_loopA_r0,road_loopA_r1,5874.6,5970.9,96.3,1297.7,48.5,0
4214,car,4.5,road_loopA_f0,xloopA_0Ab,5919.8,5970.9,51.1,505.1,35.6,0
4145,car,4.5,road_loopA_r0,xloopA_0Bb,5858.6,5971.4,112.8,895.4,28.6,1
4117,suv,4.8,road_loopA_f0,road_loopA_f1,5834.0,5972.4,138.4,1302.8,33.9,1
4136,suv,4.8,road_loopA_f0,road_loopA_f1,5850.2,5972.6,122.4,1303.7,38.3,1
4142,suv,4.8,road_loopA_f0,road_loopA_f1,5857.9,5972.7,114.8,1303.4,40.9,1
4176,suv,4.8,road_loopA_r0,road_loopA_r1,5884.1,5974.0,89.9,1298.6,52.0,0
4151,car,4.5,road_loopA_f0,road_loopA_f1,5862.1,5974.4,112.3,1303.3,41.8,1
4166,truck,8.5,road_loopA_r0,road_loopA_r1,5876.7,5974.5,97.8,1298.1,47.8,0
4169,suv,4.8,road_loopA_r0,road_loopA_r1,5877.4,5974.8,97.4,1297.7,48.0,0
4146,suv,4.8,road_loopA_f0,road_loopA_f1,5861.3,5976.6,115.3,1303.8,40.7,1
4168,truck,8.5,road_loopA_r0,road_loopA_r1,5877.0,5977.0,100.0,1298.2,46.7,0
4156,car,4.5,road_loopA_f0,road_loopA_f1,5865.5,5977.9,112.4,1302.8,41.7,6
4144,suv,4.8,road_loopA_f0,road_loopA_f1,5858.4,5980.0,121.6,1304.0,38.6,1
4115,car,4.5,road_loopA_f0,road_loopA_f1,5833.2,5980.6,147.4,1302.9,31.8,1
4162,suv,4.8,road_loopA_f0,road_loopA_f1,5870.6,5980.7,110.1,1304.0,42.7,2
4135,suv,4.8,road_loopA_f0,road_loopA_f1,5849.7,5982.4,132.7,1302.8,35.3,1
4174,car,4.5,road_loopA_f0,road_loopA_f1,5883.1,5982.5,99.4,1303.4,47.2,0
4134,car,4.5,xloopA_0Aa,xloopA_0Ab,5849.5,5982.5,133.0,84.0,2.3,1
4153,truck,8.5,road_loopA_f0,road_loopA_f1,5864.0,5983.2,119.2,1303.6,39.4,1
4094,bus,11.0,road_loopA_r0,road_loopA_r1,5806.5,5983.5,177.0,1298.3,26.4,2
4163,car,4.5,road_loopA_f0,road_loopA_f1,5872.0,5984.5,112.5,1303.8,41.7,0
4137,car,4.5,road_loopA_f0,road_loopA_f1,5850.5,5985.1,134.6,1303.1,34.8,1
4157,car,4.5,road_loopA_f0,road_loopA_f1,5865.9,5986.6,120.7,1304.1,38.9,1
4147,truck,8.5,road_loopA_f0,road_loopA_f1,5861.5,5986.9,125.4,1304.1,37.4,1
4154,car,4.5,road_loopA_f0,road_loopA_f1,5864.1,5988.5,124.4,1302.9,37.7,0
4171,car,4.5,road_loopA_f0,road_loopA_f1,5879.5,5990.0,110.5,1302.8,42.4,0
4184,car,4.5,road_loopA_f0,road_loopA_f1,5897.8,5990.3,92.5,1304.2,50.8,0
4139,car,4.5,road_loopA_f0,road_loopA_f1,5853.3,5993.2,139.9,1302.8,33.5,1
4175,car,4.5,road_loopA_r0,xloopA_0Ab,5883.6,5996.5,112.9,869.1,27.7,2
4131,car,4.5,road_loopA_f0,road_loopA_f1,5844.0,5997.3,153.3,1303.3,30.6,1
4148,truck,8.5,road_loopA_f0,road_loopA_f1,5861.5,5998.2,136.7,1303.7,34.3,1
4189,car,4.5,road_loopA_f0,road_loopA_f1,5899.5,5998.6,99.1,1303.9,47.4,0
4198,car,4.5,road_loopA_f0,road_loopA_f1,5911.2,6001.4,90.2,1303.8,52.0,0
4197,car,4.5,road_loopA_f0,road_loopA_f1,5909.7,6004.1,94.4,1304.2,49.7,0
4167,car,4.5,road_loopA_f0,road_loopA_f1,5876.9,6005.9,129.0,1303.0,36.4,0
4123,car,4.5,road_loopA_f0,road_loopA_f1,5837.5,6006.5,169.0,1303.7,27.8,1
4204,car,4.5,road_loopA_f0,road_loopA_f1,5914.8,6007.8,93.0,1303.5,50.5,0
4173,truck,8.5,road_loopA_f0,road_loopA_f1,5881.9,6008.8,126.9,1303.5,37.0,0
4205,car,4.5,road_loopA_f0,road_loopA_f1,5915.3,6010.5,95.2,1303.4,49.3,0
4224,suv,4.8,road_loopA_r0,xloopA_0Ab,5929.6,6010.8,81.2,869.3,38.5,1
4187,truck,8.5,road_loopA_f0,road_loopA_f1,5899.4,6012.1,112.7,1302.9,41.6,0
4109,car,4.5,road_loopA_f0,road_loopA_f1,5823.1,6012.9,189.8,1303.2,24.7,1
4203,car,4.5,road_loopA_f0,road_loopA_f1,5913.3,6014.7,101.4,1303.2,46.3,0
3972,car,4.5,xloopA_0Aa,road_loopA_f1,5692.7,6019.1,326.4,872.1,9.6,1
4218,car,4.5,road_loopA_r0,xloopA_0Ab,5924.6,6022.3,97.7,869.2,32.0,1
4181,car,4.5,road_loopA_r0,road_loopA_r1,5891.7,6023.0,131.3,1298.4,35.6,1
4186,car,4.5,road_loopA_r0,road_loopA_r1,5898.6,6026.5,127.9,1298.7,36.5,1
4192,car,4.5,road_loopA_r0,road_loopA_r1,5903.4,6029.4,126.0,1297.8,37.1,1
4190,suv,4.8,road_loopA_r0,road_loopA_r1,5901.1,6032.1,131.0,1297.9,35.7,1
4194,car,4.5,road_loopA_r0,road_loopA_r1,5908.2,6033.3,125.1,1297.7,37.4,1
4046,car,4.5,xloopA_0Aa,road_loopA_r1,5758.9,6033.8,274.9,506.6,6.6,1
4165,truck,8.5,road_loopA_r0,road_loopA_r1,5876.0,6036.0,160.0,1298.0,29.2,1
4208,car,4.5,road_loopA_r0,road_loopA_r1,5917.1,6036.3,119.2,1297.9,39.2,1
4193,car,4.5,road_loopA_r0,road_loopA_r1,5904.2,6037.9,133.7,1297.3,34.9,1
4177,car,4.5,xloopA_0Ba,road_loopA_r1,5884.5,6038.4,153.9,476.2,11.1,1
4199,car,4.5,road_loopA_r0,road_loopA_r1,5912.0,6039.0,127.0,1297.3,36.8,1
4219,car,4.5,road_loopA_r0,road_loopA_r1,5927.8,6039.7,111.9,1298.0,41.8,1
4196,car,4.5,road_loopA_r0,road_loopA_r1,5909.3,6040.3,131.0,1297.8,35.7,1
4206,car,4.5,road_loopA_r0,road_loopA_r1,5915.9,6042.1,126.2,1298.3,37.0,1
4201,car,4.5,road_loopA_r0,road_loopA_r1,5912.8,6043.4,130.6,1297.4,35.8,1
4235,car,4.5,road_loopA_r0,road_loopA_r1,5936.9,6044.0,107.1,1297.3,43.6,0
4223,car,4.5,road_loopA_r0,road_loopA_r1,5929.5,6044.1,114.6,1298.1,40.8,1
4108,car,4.5,xloopA_0Aa,road_loopA_r1,5822.7,6044.5,221.8,506.8,8.2,1
4232,car,4.5,road_loopA_r0,road_loopA_r1,5935.7,6046.0,110.3,1298.0,42.4,0
4178,car,4.5,road_loopA_r0,road_loopA_r1,5886.0,6046.2,160.2,1297.6,29.2,1
4242,car,4.5,road_loopA_r0,road_loopA_r1,5943.8,6047.8,104.0,1298.5,44.9,0
4183,car,4.5,road_loopA_r0,road_loopA_r1,5894.2,6047.9,153.7,1297.3,30.4,1
4188,car,4.5,road_loopA_r0,road_loopA_r1,5899.4,6049.7,150.3,1298.2,31.1,1
4234,car,4.5,road_loopA_r0,road_loopA_r1,5936.3,6051.3,115.0,1298.5,40.6,0
4191,car,4.5,road_loopA_r0,road_loopA_r1,5902.9,6051.4,148.5,1298.5,31.5,1
4241,truck,8.5,road_loopA_r0,road_loopA_r1,5943.6,6052.3,108.7,1297.7,43.0,0
4244,car,4.5,road_loopA_r0,road_loopA_r1,5944.8,6052.5,107.7,1297.6,43.4,0
4200,suv,4.8,road_loopA_r0,road_loopA_r1,5912.7,6053.2,140.5,1298.4,33.3,1
4253,car,4.5,road_loopA_r0,road_loopA_r1,5949.6,6054.5,104.9,1298.1,44.6,0
4239,car,4.5,road_loopA_r0,road_loopA_r1,5938.4,6055.1,116.7,1297.3,40.0,0
4182,car,4.5,road_loopA_r0,xloopA_0Bb,5893.6,6055.2,161.6,895.5,19.9,1
4213,truck,8.5,road_loopA_r0,road_loopA_r1,5919.6,6055.6,136.0,1298.2,34.4,0
4216,car,4.5,road_loopA_f0,xloopA_0Ab,5922.2,6055.7,133.5,505.2,13.6,1
4228,car,4.5,road_loopA_r0,road_loopA_r1,5930.2,6057.7,127.5,1298.2,36.7,0
4207,truck,8.5,road_loopA_f0,road_loopA_f1,5917.1,6057.8,140.7,1302.9,33.3,1
4227,car,4.5,road_loopA_r0,xloopA_0Bb,5930.2,6057.8,127.6,895.5,25.3,1
4254,car,4.5,road_loopA_r0,road_loopA_r1,5952.0,6058.0,106.0,1297.8,44.1,0
4255,car,4.5,road_loopA_f0,xloopA_0Ab,5952.5,6058.3,105.8,505.3,17.2,1
4226,car,4.5,road_loopA_r0,road_loopA_r1,5930.0,6059.0,129.0,1297.3,36.2,0
4231,car,4.5,road_loopA_r0,road_loopA_r1,5932.7,6059.6,126.9,1297.7,36.8,0
4260,suv,4.8,road_loopA_r0,road_loopA_r1,5955.4,6059.8,104.4,1298.3,44.8,0
4212,car,4.5,road_loopA_f0,road_loopA_f1,5918.7,6060.2,141.5,1303.8,33.2,1
4248,car,4.5,road_loopA_r0,road_loopA_r1,5945.6,6060.7,115.1,1297.9,40.6,0
4309,car,4.5,road_loopA_f0,xloopA_0Ab,6006.3,6061.0,54.7,505.5,33.2,0
4247,car,4.5,road_loopA_r0,road_loopA_r1,5945.4,6061.4,116.0,1298.3,40.3,0
4261,car,4.5,road_loopA_r0,road_loopA_r1,5956.6,6062.4,105.8,1298.6,44.2,0
4211,suv,4.8,road_loopA_f0,road_loopA_f1,5918.6,6063.0,144.4,1302.9,32.5,1
4251,car,4.5,road_loopA_r0,road_loopA_r1,5948.5,6063.1,114.6,1297.3,40.7,0
4265,car,4.5,road_loopA_r0,road_loopA_r1,5958.4,6063.9,105.5,1297.4,44.3,0
4221,car,4.5,road_loopA_f0,road_loopA_f1,5928.7,6064.8,136.1,1303.4,34.5,1
4256,car,4.5,road_loopA_r0,road_loopA_r1,5952.9,6065.0,112.1,1297.3,41.6,0
4278,car,4.5,road_loopA_r0,road_loopA_r1,5970.1,6065.0,94.9,1297.8,49.2,0
4271,suv,4.8,road_loopA_r0,road_loopA_r1,5961.9,6066.1,104.2,1298.0,44.8,0
4215,suv,4.8,road_loopA_f0,road_loopA_f1,5921.0,6066.5,145.5,1303.0,32.2,1
4291,truck,8.5,road_loopA_r0,xloopA_0Bb,5986.6,6066.5,79.9,895.9,40.4,0
4267,car,4.5,road_loopA_r0,road_loopA_r1,5960.2,6066.8,106.6,1297.7,43.8,0
4266,car,4.5,road_loopA_r0,road_loopA_r1,5958.9,6067.9,109.0,1297.6,42.9,0
4274,car,4.5,road_loopA_r0,road_loopA_r1,5966.2,6069.1,102.9,1298.3,45.4,0
4277,car,4.5,road_loopA_r0,road_loopA_r1,5968.6,6069.6,101.0,1298.3,46.3,0
4237,car,4.5,road_loopA_f0,road_loopA_f1,5937.5,6070.9,133.4,1303.4,35.2,1
4279,car,4.5,road_loopA_r0,road_loopA_r1,5971.3,6071.4,100.1,1298.4,46.7,0
4310,car,4.5,xloopA_0Ba,xloopA_0Bb,6006.3,6071.4,65.1,84.6,4.7,1
4286,suv,4.8,road_loopA_r0,road_loopA_r1,5980.7,6072.2,91.5,1298.3,51.1,0
4240,suv,4.8,road_loopA_f0,road_loopA_f1,5942.2,6073.9,131.7,1303.1,35.6,1
4339,car,4.5,xloopA_0Ba,xloopA_0Bb,6039.5,6074.0,34.5,84.1,8.8,1
4217,truck,8.5,road_loopA_f0,road_loopA_f1,5922.7,6074.4,151.7,1303.5,30.9,1
4287,car,4.5,road_loopA_r0,road_loopA_r1,5980.9,6074.4,93.5,1298.6,50.0,0
4263,suv,4.8,road_loopA_r0,road_loopA_r1,5957.3,6075.3,118.0,1297.4,39.6,0
4236,car,4.5,xloopA_0Aa,xloopA_0Ab,5937.5,6076.2,138.7,84.3,2.2,1
4250,car,4.5,road_loopA_f0,road_loopA_f1,5946.9,6076.9,130.0,1302.9,36.1,1
4280,car,4.5,road_loopA_r0,road_loopA_r1,5972.0,6077.0,105.0,1298.3,44.5,0
4283,suv,4.8,road_loopA_r0,road_loopA_r1,5979.6,6077.0,97.4,1297.5,47.9,0
4258,car,4.5,road_loopA_f0,road_loopA_f1,5953.5,6077.1,123.6,1303.5,38.0,1
4268,suv,4.8,road_loopA_f0,road_loopA_f1,5960.4,6079.6,119.2,1303.4,39.4,0
4275,car,4.5,road_loopA_f0,road_loopA_f1,5966.5,6080.9,114.4,1302.8,41.0,0
4276,car,4.5,road_loopA_f0,road_loopA_f1,5966.5,6082.9,116.4,1303.7,40.3,0
4284,suv,4.8,road_loopA_f0,road_loopA_f1,5980.1,6084.6,104.5,1303.0,44.9,0
4290,car,4.5,road_loopA_f0,road_loopA_f1,5985.7,6086.5,100.8,1303.9,46.6,0
4179,car,4.5,xloopA_0Ba,road_loopA_f1,5888.3,6088.4,200.1,902.4,16.2,1
4298,suv,4.8,road_loopA_f0,road_loopA_f1,5992.6,6088.6,96.0,1303.8,48.9,0
4302,suv,4.8,road_loopA_f0,road_loopA_f1,5999.7,6090.2,90.5,1302.9,51.8,0
4170,car,4.5,xloopA_0Aa,road_loopA_f1,5878.8,6091.0,212.2,872.7,14.8,0
4285,car,4.5,road_loopA_r0,xloopA_0Ab,5980.6,6091.0,110.4,868.9,28.3,2
4209,truck,8.5,road_loopA_f0,road_loopA_f1,5917.8,6093.2,175.4,1303.3,26.7,1
4269,car,4.5,road_loopA_f0,road_loopA_f1,5960.6,6093.2,132.6,1304.0,35.4,0
4293,car,4.5,road_loopA_f0,road_loopA_f1,5987.7,6095.0,107.3,1303.1,43.7,0
4225,suv,4.8,road_loopA_f0,road_loopA_f1,5930.0,6095.3,165.3,1303.0,28.4,1
4180,car,4.5,xloopA_0Ba,road_loopA_f1,5891.6,6095.4,203.8,902.8,15.9,1
4230,car,4.5,road_loopA_f0,road_loopA_f1,5931.4,6097.3,165.9,1303.3,28.3,1
4257,car,4.5,xloopA_0Ba,road_loopA_f1,5953.3,6097.3,144.0,902.9,22.6,0
4273,car,4.5,road_loopA_f0,road_loopA_f1,5965.1,6097.6,132.5,1303.5,35.4,0
4315,car,4.5,road_loopA_f0,xloopA_0Bb,6011.7,6098.7,87.0,478.8,19.8,2
4210,suv,4.8,road_loopA_f0,road_loopA_f1,5918.3,6098.9,180.6,1302.8,26.0,1
4238,suv,4.8,road_loopA_f0,road_loopA_f1,5937.8,6099.0,161.2,1302.9,29.1,1
4304,car,4.5,road_loopA_f0,road_loopA_f1,6002.5,6100.0,97.5,1303.5,48.1,0
4220,car,4.5,road_loopA_f0,road_loopA_f1,5928.0,6100.6,172.6,1303.0,27.2,1
4245,car,4.5,road_loopA_f0,road_loopA_f1,5945.3,6101.0,155.7,1303.7,30.1,1
4308,car,4.5,road_loopA_f0,road_loopA_f1,6005.8,6101.7,95.9,1302.9,48.9,0
4222,car,4.5,road_loopA_f0,road_loopA_f1,5928.7,6102.3,173.6,1303.8,27.0,1
4316,car,4.5,road_loopA_f0,xloopA_0Bb,6013.3,6102.4,89.1,478.8,19.3,2
4246,car,4.5,road_loopA_f0,road_loopA_f1,5945.3,6102.8,157.5,1303.0,29.8,1
4313,car,4.5,road_loopA_f0,road_loopA_f1,6009.6,6103.5,93.9,1303.0,49.9,0
4229,car,4.5,road_loopA_f0,road_loopA_f1,5931.2,6104.0,172.8,1304.0,27.2,1
4262,car,4.5,road_loopA_f0,road_loopA_f1,5957.2,6104.7,147.5,1302.8,31.8,0
4311,car,4.5,road_loopA_f0,road_loopA_f1,6006.6,6105.7,99.1,1302.9,47.3,0
4233,truck,8.5,road_loopA_f0,road_loopA_f1,5936.0,6106.2,170.2,1303.6,27.6,1
4272,car,4.5,road_loopA_f0,road_loopA_f1,5964.0,6106.6,142.6,1303.0,32.9,0
4342,truck,8.5,road_loopA_f0,xloopA_0Bb,6042.1,6107.8,65.7,478.8,26.2,1
4243,car,4.5,road_loopA_f0,road_loopA_f1,5944.5,6108.2,163.7,1303.3,28.7,1
4282,car,4.5,road_loopA_f0,road_loopA_f1,5978.7,6108.4,129.7,1303.6,36.2,0
4264,car,4.5,road_loopA_f0,road_loopA_f1,5958.0,6109.6,151.6,1303.1,30.9,0
4252,suv,4.8,road_loopA_f0,road_loopA_f1,5949.3,6110.1,160.8,1303.7,29.2,1
4259,car,4.5,road_loopA_f0,road_loopA_f1,5954.1,6110.6,156.5,1303.1,30.0,1
4249,bus,11.0,road_loopA_f0,road_loopA_f1,5946.6,6110.7,164.1,1303.6,28.6,1
4289,car,4.5,road_loopA_f0,road_loopA_f1,5984.9,6111.9,127.0,1303.7,37.0,0
4307,car,4.5,road_loopA_f0,road_loopA_f1,6005.3,6112.5,107.2,1303.3,43.8,0
4341,suv,4.8,road_loopA_r0,xloopA_0Ab,6040.6,6114.3,73.7,869.5,42.4,0
4292,car,4.5,road_loopA_r0,road_loopA_r1,5987.0,6116.8,129.8,1297.8,36.0,1
4294,car,4.5,road_loopA_r0,road_loopA_r1,5990.1,6117.9,127.8,1297.5,36.6,1
4297,car,4.5,road_loopA_r0,road_loopA_r1,5991.7,6118.5,126.8,1298.7,36.9,1
4300,car,4.5,road_loopA_r0,road_loopA_r1,5994.1,6118.7,124.6,1298.6,37.5,1
4299,car,4.5,road_loopA_r0,road_loopA_r1,5992.8,6120.5,127.7,1298.5,36.6,1
4303,car,4.5,road_loopA_r0,road_loopA_r1,6000.3,6122.3,122.0,1298.3,38.3,1
4295,suv,4.8,road_loopA_r0,road_loopA_r1,5990.3,6124.0,133.7,1297.7,34.9,1
4312,car,4.5,road_loopA_r0,road_loopA_r1,6008.5,6124.1,115.6,1298.2,40.4,1
4317,car,4.5,road_loopA_r0,road_loopA_r1,6013.7,6125.9,112.2,1298.0,41.6,1
4322,car,4.5,road_loopA_r0,road_loopA_r1,6017.1,6127.7,110.6,1297.9,42.2,1
4306,car,4.5,road_loopA_r0,road_loopA_r1,6004.3,6128.1,123.8,1298.0,37.8,1
4321,car,4.5,road_loopA_r0,road_loopA_r1,6016.5,6130.1,113.6,1298.5,41.1,1
4347,car,4.5,road_loopA_r0,xloopA_0Ab,6049.5,6130.4,80.9,869.1,38.7,0
4301,truck,8.5,road_loopA_r0,road_loopA_r1,5997.3,6131.7,134.4,1297.9,34.8,1
4328,car,4.5,road_loopA_r0,road_loopA_r1,6022.0,6131.8,109.8,1297.9,42.6,1
4281,car,4.5,road_loopA_r0,road_loopA_r1,5973.0,6133.4,160.4,1297.6,29.1,1
4334,car,4.5,road_loopA_r0,xloopA_0Ab,6036.0,6133.4,97.4,869.2,32.1,1
4195,bus,11.0,road_loopA_f0,road_loopA_f1,5908.7,6133.5,224.8,1303.1,20.9,3
4399,suv,4.8,road_loopA_f0,xloopA_0Bb,6093.3,6134.3,41.0,478.9,42.0,0
4314,suv,4.8,road_loopA_r0,road_loopA_r1,6010.6,6134.4,123.8,1298.2,37.7,1
4305,bus,11.0,road_loopA_f0,road_loopA_f1,6002.5,6134.7,132.2,1303.6,35.5,1
4333,car,4.5,road_loopA_r0,road_loopA_r1,6035.3,6135.6,100.3,1298.1,46.6,0
4337,car,4.5,road_loopA_r0,road_loopA_r1,6038.5,6136.3,97.8,1297.8,47.8,0
4335,truck,8.5,road_loopA_r0,road_loopA_r1,6037.2,6136.5,99.3,1297.7,47.1,0
4340,truck,8.5,road_loopA_r0,road_loopA_r1,6040.4,6141.7,101.3,1297.4,46.1,0
4348,car,4.5,road_loopA_r0,road_loopA_r1,6050.7,6143.0,92.3,1298.3,50.6,0
4336,truck,8.5,road_loopA_r0,road_loopA_r1,6038.1,6144.1,106.0,1298.0,44.1,0
4350,car,4.5,road_loopA_r0,road_loopA_r1,6051.5,6144.6,93.1,1298.4,50.2,0
4320,car,4.5,road_loopA_f0,road_loopA_f1,6016.0,6145.0,129.0,1303.4,36.4,1
4346,car,4.5,road_loopA_r0,road_loopA_r1,6048.6,6146.1,97.5,1298.2,47.9,0
4354,car,4.5,road_loopA_r0,road_loopA_r1,6059.5,6148.4,88.9,1297.3,52.5,0
4296,car,4.5,road_loopA_r0,xloopA_0Bb,5990.6,6148.7,158.1,895.4,20.4,1
4383,car,4.5,road_loopA_f0,xloopA_0Ab,6084.8,6149.3,64.5,505.2,28.2,1
4323,car,4.5,road_loopA_r0,xloopA_0Bb,6017.2,6151.3,134.1,895.5,24.0,1
4330,suv,4.8,road_loopA_f0,road_loopA_f1,6027.7,6151.9,124.2,1303.0,37.8,1
4325,car,4.5,road_loopA_f0,road_loopA_f1,6018.8,6152.2,133.4,1303.8,35.2,1
4423,car,4.5,road_loopA_f0,xloopA_0Ab,6107.3,6152.7,45.4,505.5,40.0,0
4343,suv,4.8,road_loopA_f0,road_loopA_f1,6044.2,6154.0,109.8,1303.9,42.7,1
4332,truck,8.5,road_loopA_r0,xloopA_0Bb,6033.4,6154.8,121.4,895.9,26.6,1
4355,suv,4.8,road_loopA_r0,road_loopA_r1,6060.4,6154.9,94.5,1297.8,49.4,0
4338,suv,4.8,road_loopA_f0,road_loopA_f1,6039.2,6155.7,116.5,1303.2,40.3,1
4351,bus,11.0,road_loopA_r0,road_loopA_r1,6053.0,6155.9,102.9,1297.5,45.4,0
4345,car,4.5,road_loopA_f0,road_loopA_f1,6047.1,6157.3,110.2,1304.0,42.6,0
4360,car,4.5,road_loopA_r0,xloopA_0Bb,6062.5,6157.8,95.3,895.5,33.8,1
4357,car,4.5,road_loopA_r0,road_loopA_r1,6061.6,6158.1,96.5,1298.4,48.4,0
4349,suv,4.8,road_loopA_f0,road_loopA_f1,6050.8,6158.7,107.9,1302.9,43.5,0
4358,car,4.5,road_loopA_r0,road_loopA_r1,6061.6,6159.4,97.8,1298.4,47.8,0
4353,car,4.5,road_loopA_f0,road_loopA_f1,6059.1,6161.5,102.4,1303.6,45.8,0
4369,car,4.5,road_loopA_r0,road_loopA_r1,6070.4,6162.1,91.7,1297.9,50.9,0
4364,suv,4.8,road_loopA_r0,road_loopA_r1,6064.0,6162.3,98.3,1298.0,47.5,0
4319,suv,4.8,road_loopA_f0,road_loopA_f1,6016.0,6163.2,147.2,1304.0,31.9,1
4288,car,4.5,xloopA_0Aa,xloopA_0Ab,5983.0,6164.5,181.5,84.3,1.7,1
4390,car,4.5,xloopA_0Ba,xloopA_0Bb,6089.0,6165.2,76.2,84.6,4.0,1
4363,car,4.5,road_loopA_f0,road_loopA_f1,6063.9,6165.9,102.0,1303.7,46.0,0
4460,car,4.5,xloopA_0Ba,xloopA_0Bb,6139.0,6167.3,28.3,84.2,10.7,1
4370,car,4.5,road_loopA_f0,road_loopA_f1,6071.0,6167.4,96.4,1302.9,48.7,0
4407,car,4.5,xloopA_0Aa,xloopA_0Ab,6097.9,6168.5,70.6,84.6,4.3,1
4372,car,4.5,road_loopA_f0,road_loopA_f1,6075.3,6169.0,93.7,1303.2,50.1,0
4475,car,4.5,xloopA_0Ba,xloopA_0Bb,6156.7,6169.7,13.0,84.7,23.5,0
4331,car,4.5,xloopA_0Ba,road_loopA_f1,6030.5,6170.5,140.0,903.1,23.2,1
4420,car,4.5,xloopA_0Aa,xloopA_0Ab,6102.7,6170.6,67.9,84.3,4.5,0
4366,suv,4.8,road_loopA_f0,road_loopA_f1,6066.6,6170.8,104.2,1303.1,45.0,0
4356,car,4.5,road_loopA_r0,road_loopA_r1,6060.9,6171.0,110.1,1297.4,42.4,0
4361,car,4.5,road_loopA_r0,road_loopA_r1,6062.8,6172.8,110.0,1297.9,42.5,0
4367,car,4.5,road_loopA_f0,road_loopA_f1,6068.8,6174.4,105.6,1303.2,44.4,0
4326,suv,4.8,road_loopA_f0,road_loopA_f1,6020.3,6175.7,155.4,1303.4,30.2,1
4380,car,4.5,road_loopA_f0,road_loopA_f1,6083.7,6177.3,93.6,1303.0,50.1,0
4185,car,4.5,xloopA_0Aa,road_loopA_f1,5898.2,6178.9,280.7,872.5,11.2,1
4389,suv,4.8,road_loopA_f0,road_loopA_f1,6089.0,6179.5,90.5,1303.4,51.8,0
4396,car,4.5,road_loopA_f0,road_loopA_f1,6090.8,6181.4,90.6,1303.0,51.8,0
4386,car,4.5,road_loopA_f0,road_loopA_f1,6086.1,6184.1,98.0,1303.7,47.9,0
4403,suv,4.8,road_loopA_f0,road_loopA_f1,6095.1,6186.0,90.9,1304.0,51.6,0
4391,truck,8.5,road_loopA_f0,road_loopA_f1,6089.0,6188.3,99.3,1304.0,47.3,0
4410,car,4.5,road_loopA_f0,road_loopA_f1,6099.7,6191.5,91.8,1303.1,51.1,0
4402,car,4.5,road_loopA_r0,xloopA_0Ab,6094.5,6192.4,97.9,869.0,32.0,2
4329,car,4.5,road_loopA_f0,road_loopA_f1,6026.0,6194.6,168.6,1303.9,27.8,1
4413,car,4.5,road_loopA_r0,xloopA_0Ab,6100.3,6196.1,95.8,869.1,32.7,2
4388,car,4.5,road_loopA_f0,road_loopA_f1,6087.9,6196.7,108.8,1304.1,43.2,0
4414,car,4.5,road_loopA_f0,road_loopA_f1,6100.9,6198.4,97.5,1303.1,48.1,0
4327,car,4.5,road_loopA_f0,road_loopA_f1,6020.8,6201.3,180.5,1303.1,26.0,1
4202,car,4.5,xloopA_0Aa,road_loopA_f1,5913.0,6201.8,288.8,872.6,10.9,1
4270,car,4.5,xloopA_0Aa,road_loopA_f1,5961.4,6202.8,241.4,872.2,13.0,0
4404,car,4.5,road_loopA_f0,road_loopA_f1,6095.3,6202.9,107.6,1303.2,43.6,0
4426,car,4.5,road_loopA_r0,xloopA_0Ab,6111.6,6203.0,91.4,869.3,34.2,1
4318,car,4.5,road_loopA_f0,road_loopA_f1,6013.7,6204.5,190.8,1303.6,24.6,1
4377,truck,8.5,road_loopA_f0,road_loopA_f1,6081.3,6204.9,123.6,1303.8,38.0,0
4416,car,4.5,road_loopA_f0,road_loopA_f1,6101.4,6205.1,103.7,1303.5,45.3,0
4324,suv,4.8,road_loopA_f0,road_loopA_f1,6017.8,6206.1,188.3,1303.1,24.9,1
4398,car,4.5,road_loopA_r0,xloopA_0Ab,6092.4,6206.3,113.9,868.9,27.5,2
4376,car,4.5,road_loopA_f0,road_loopA_f1,6079.3,6207.0,127.7,1304.0,36.8,0
4344,car,4.5,road_loopA_f0,road_loopA_f1,6045.1,6208.0,162.9,1303.1,28.8,0
4397,car,4.5,road_loopA_f0,road_loopA_f1,6092.2,6208.0,115.8,1303.2,40.5,0
4365,car,4.5,road_loopA_f0,road_loopA_f1,6066.0,6209.8,143.8,1303.7,32.6,0
4384,suv,4.8,road_loopA_r0,road_loopA_r1,6085.0,6209.9,124.9,1298.6,37.4,1
4382,car,4.5,road_loopA_f0,road_loopA_f1,6084.1,6210.4,126.3,1303.3,37.2,0
4378,car,4.5,road_loopA_f0,road_loopA_f1,6081.5,6210.5,129.0,1303.2,36.4,0
4362,suv,4.8,road_loopA_r0,road_loopA_r1,6063.2,6211.0,147.8,1298.1,31.6,1
4401,car,4.5,road_loopA_f0,road_loopA_f1,6093.6,6212.7,119.1,1303.7,39.4,0
4393,car,4.5,road_loopA_r0,road_loopA_r1,6090.1,6213.2,123.1,1298.6,38.0,1
4491,suv,4.8,road_loopA_f0,xloopA_0Bb,6173.1,6213.2,40.1,478.9,43.0,0
4371,car,4.5,road_loopA_r0,road_loopA_r1,6072.9,6214.6,141.7,1297.9,33.0,1
4352,car,4.5,xloopA_0Aa,road_loopA_r1,6057.4,6215.8,158.4,506.8,11.5,1
4400,car,4.5,road_loopA_r0,road_loopA_r1,6093.3,6216.4,123.1,1297.7,37.9,1
4359,car,4.5,road_loopA_r0,road_loopA_r1,6062.1,6217.8,155.7,1298.0,30.0,1
4374,car,4.5,road_loopA_r0,road_loopA_r1,6076.7,6218.9,142.2,1298.2,32.9,1
4406,suv,4.8,road_loopA_r0,road_loopA_r1,6097.7,6219.1,121.4,1298.4,38.5,1
4379,car,4.5,road_loopA_r0,road_loopA_r1,6083.6,6219.5,135.9,1298.4,34.4,1
4412,car,4.5,road_loopA_r0,road_loopA_r1,6100.1,6220.3,120.2,1298.4,38.9,1
4394,car,4.5,road_loopA_r0,road_loopA_r1,6090.7,6220.6,129.9,1298.6,36.0,1
4385,car,4.5,road_loopA_r0,road_loopA_r1,6085.7,6221.2,135.5,1298.1,34.5,1
4417,car,4.5,road_loopA_r0,road_loopA_r1,6101.4,6222.2,120.8,1298.4,38.7,1
4392,car,4.5,road_loopA_r0,road_loopA_r1,6089.8,6222.7,132.9,1298.4,35.2,1
4387,suv,4.8,road_loopA_r0,road_loopA_r1,6086.7,6223.0,136.3,1298.4,34.3,1
4421,car,4.5,road_loopA_r0,road_loopA_r1,6103.6,6224.3,120.7,1297.4,38.7,1
4422,suv,4.8,road_loopA_r0,road_loopA_r1,6107.0,6224.9,117.9,1298.7,39.7,1
4395,suv,4.8,road_loopA_r0,road_loopA_r1,6090.6,6225.6,135.0,1298.5,34.6,1
4408,car,4.5,road_loopA_r0,road_loopA_r1,6098.7,6227.5,128.8,1298.2,36.3,1
4405,truck,8.5,road_loopA_r0,road_loopA_r1,6096.0,6227.9,131.9,1298.4,35.4,1
4425,car,4.5,road_loopA_r0,road_loopA_r1,6110.7,6228.3,117.6,1297.8,39.7,1
4424,suv,4.8,road_loopA_r0,road_loopA_r1,6109.0,6230.0,121.0,1298.1,38.6,1
4419,car,4.5,road_loopA_r0,road_loopA_r1,6102.1,6230.9,128.8,1297.6,36.3,1
4432,car,4.5,road_loopA_r0,road_loopA_r1,6115.3,6231.8,116.5,1298.6,40.1,1
4427,car,4.5,road_loopA_r0,road_loopA_r1,6111.7,6232.2,120.5,1298.5,38.8,1
4431,car,4.5,road_loopA_r0,road_loopA_r1,6114.3,6232.6,118.3,1298.5,39.5,1
4430,car,4.5,road_loopA_r0,road_loopA_r1,6114.2,6234.3,120.1,1297.7,38.9,0
4434,suv,4.8,road_loopA_r0,road_loopA_r1,6115.8,6234.3,118.5,1297.9,39.4,0
4409,car,4.5,road_loopA_f0,road_loopA_f1,6099.0,6235.5,136.5,1302.9,34.4,1
4442,car,4.5,road_loopA_r0,road_loopA_r1,6122.3,6236.1,113.8,1298.1,41.1,0
4418,car,4.5,road_loopA_f0,road_loopA_f1,6101.7,6237.4,135.7,1303.7,34.6,1
4450,car,4.5,road_loopA_r0,road_loopA_r1,6130.2,6237.6,107.4,1297.6,43.5,0
4411,car,4.5,road_loopA_f0,road_loopA_f1,6099.9,6239.2,139.3,1303.6,33.7,1
4452,car,4.5,road_loopA_r0,road_loopA_r1,6131.5,6239.6,108.1,1297.9,43.2,0
4428,truck,8.5,road_loopA_r0,road_loopA_r1,6112.6,6240.0,127.4,1297.6,36.7,0
4459,suv,4.8,road_loopA_r0,road_loopA_r1,6138.4,6240.1,101.7,1298.2,45.9,0
4458,car,4.5,road_loopA_r0,road_loopA_r1,6137.9,6241.7,103.8,1297.8,45.0,0
4435,suv,4.8,road_loopA_f0,road_loopA_f1,6117.0,6241.8,124.8,1302.9,37.6,1
4436,car,4.5,road_loopA_r0,road_loopA_r1,6119.2,6242.1,122.9,1297.7,38.0,2
4368,suv,4.8,road_loopA_r0,xloopA_0Bb,6069.2,6242.2,173.0,895.7,18.6,2
4463,suv,4.8,road_loopA_r0,road_loopA_r1,6147.1,6242.9,95.8,1297.4,48.7,0
4461,car,4.5,road_loopA_r0,road_loopA_r1,6141.5,6243.4,101.9,1297.9,45.8,0
4444,car,4.5,road_loopA_r0,road_loopA_r1,6126.0,6243.9,117.9,1297.8,39.6,0
4381,suv,4.8,road_loopA_r0,xloopA_0Bb,6083.9,6244.9,161.0,895.9,20.0,1
4439,suv,4.8,road_loopA_f0,road_loopA_f1,6120.5,6245.1,124.6,1303.6,37.7,1
4469,suv,4.8,road_loopA_r0,road_loopA_r1,6151.4,6246.2,94.8,1298.6,49.3,0
4446,car,4.5,road_loopA_r0,xloopA_0Bb,6126.6,6247.5,120.9,895.3,26.7,1
4447,suv,4.8,road_loopA_f0,road_loopA_f1,6128.3,6248.8,120.5,1303.1,38.9,1
4465,car,4.5,road_loopA_r0,xloopA_0Bb,6150.2,6250.2,100.0,895.5,32.2,1
4433,truck,8.5,road_loopA_f0,road_loopA_f1,6115.4,6252.4,137.0,1303.2,34.3,1
4437,car,4.5,road_loopA_f0,road_loopA_f1,6119.6,6252.5,132.9,1303.6,35.3,1
4481,car,4.5,road_loopA_r0,road_loopA_r1,6162.9,6253.3,90.4,1298.6,51.7,0
4448,car,4.5,road_loopA_f0,road_loopA_f1,6128.8,6254.6,125.8,1303.5,37.3,1
4440,truck,8.5,road_loopA_f0,road_loopA_f1,6121.8,6255.8,134.0,1303.4,35.0,1
4482,car,4.5,xloopA_0Ba,xloopA_0Bb,6163.8,6257.2,93.4,84.3,3.2,1
4474,car,4.5,road_loopA_r0,road_loopA_r1,6155.5,6257.3,101.8,1297.3,45.9,0
4472,car,4.5,xloopA_0Aa,xloopA_0Ab,6152.7,6257.6,104.9,84.5,2.9,1
4483,car,4.5,xloopA_0Ba,xloopA_0Bb,6164.0,6259.9,95.9,84.4,3.2,1
4451,car,4.5,road_loopA_f0,road_loopA_f1,6130.9,6260.6,129.7,1303.6,36.2,1
4456,car,4.5,road_loopA_f0,road_loopA_f1,6136.8,6260.6,123.8,1304.0,37.9,1
4492,car,4.5,xloopA_0Aa,xloopA_0Ab,6173.6,6260.6,87.0,84.7,3.5,1
4470,car,4.5,road_loopA_f0,road_loopA_f1,6151.5,6262.3,110.8,1303.4,42.3,0
4468,car,4.5,road_loopA_f0,road_loopA_f1,6150.8,6262.7,111.9,1303.1,41.9,0
4497,car,4.5,xloopA_0Aa,xloopA_0Ab,6179.6,6262.7,83.1,84.6,3.7,1
4454,truck,8.5,road_loopA_f0,road_loopA_f1,6132.9,6262.9,130.0,1303.8,36.1,1
4515,car,4.5,xloopA_0Ba,xloopA_0Bb,6195.2,6263.0,67.8,84.6,4.5,0
4477,car,4.5,road_loopA_f0,road_loopA_f1,6158.3,6264.0,105.7,1303.0,44.4,0
4462,car,4.5,road_loopA_f0,road_loopA_f1,6145.1,6265.1,120.0,1303.5,39.1,0
4522,car,4.5,xloopA_0Aa,xloopA_0Ab,6199.7,6265.1,65.4,84.0,4.6,0
4471,car,4.5,road_loopA_f0,road_loopA_f1,6151.5,6266.7,115.2,1304.0,40.8,0
4532,car,4.5,xloopA_0Ba,xloopA_0Bb,6203.5,6267.0,63.5,84.2,4.8,0
4375,bus,11.0,road_loopA_r0,road_loopA_r1,6077.5,6268.0,190.5,1298.2,24.5,3
4467,car,4.5,road_loopA_f0,road_loopA_f1,6150.7,6268.2,117.5,1302.9,39.9,0
4455,car,4.5,road_loopA_f0,road_loopA_f1,6134.9,6269.2,134.3,1302.9,34.9,1
4478,suv,4.8,road_loopA_f0,road_loopA_f1,6159.0,6271.0,112.0,1302.9,41.9,0
4473,suv,4.8,road_loopA_f0,road_loopA_f1,6154.5,6271.8,117.3,1303.7,40.0,0
4453,car,4.5,road_loopA_f0,road_loopA_f1,6131.9,6273.4,141.5,1303.7,33.2,1
4485,car,4.5,road_loopA_f0,road_loopA_f1,6164.8,6274.3,109.5,1303.0,42.8,0
4476,truck,8.5,road_loopA_f0,road_loopA_f1,6157.2,6274.7,117.5,1303.4,39.9,0
4445,car,4.5,xloopA_0Aa,road_loopA_f1,6126.3,6276.0,149.7,872.5,21.0,0
4493,suv,4.8,road_loopA_f0,road_loopA_f1,6176.1,6276.1,100.0,1304.1,47.0,0
4457,car,4.5,road_loopA_f0,road_loopA_f1,6137.7,6277.1,139.4,1303.5,33.7,1
4415,car,4.5,road_loopA_f0,road_loopA_f1,6101.0,6277.6,176.6,1303.1,26.6,1
4495,suv,4.8,road_loopA_f0,road_loopA_f1,6177.0,6277.8,100.8,1302.9,46.5,0
4429,car,4.5,road_loopA_f0,road_loopA_f1,6114.0,6279.3,165.3,1303.5,28.4,1
4441,car,4.5,road_loopA_f0,road_loopA_f1,6122.2,6279.9,157.7,1303.3,29.8,1
4487,truck,8.5,road_loopA_f0,road_loopA_f1,6169.4,6280.1,110.7,1302.9,42.4,0
4438,car,4.5,road_loopA_f0,road_loopA_f1,6120.0,6280.9,160.9,1302.9,29.2,1
4507,suv,4.8,road_loopA_f0,road_loopA_f1,6190.7,6281.9,91.2,1304.2,51.5,0
4479,car,4.5,road_loopA_f0,road_loopA_f1,6159.6,6282.2,122.6,1303.2,38.3,0
4449,car,4.5,road_loopA_f0,road_loopA_f1,6129.3,6282.9,153.6,1303.0,30.5,1
4503,car,4.5,road_loopA_f0,road_loopA_f1,6188.0,6283.9,95.9,1303.8,48.9,0
4498,suv,4.8,road_loopA_f0,road_loopA_f1,6180.6,6284.0,103.4,1302.8,45.3,0
4480,suv,4.8,road_loopA_f0,road_loopA_f1,6162.4,6285.3,122.9,1303.6,38.2,0
4512,car,4.5,road_loopA_f0,road_loopA_f1,6193.0,6285.6,92.6,1303.1,50.7,0
4508,car,4.5,road_loopA_f0,road_loopA_f1,6191.9,6286.1,94.2,1303.6,49.8,0
4525,truck,8.5,road_loopA_f0,xloopA_0Bb,6200.5,6286.5,86.0,479.0,20.1,2
4486,car,4.5,road_loopA_f0,road_loopA_f1,6168.7,6287.0,118.3,1303.0,39.7,0
4514,car,4.5,road_loopA_f0,road_loopA_f1,6193.6,6287.9,94.3,1303.6,49.8,0
4488,car,4.5,road_loopA_f0,road_loopA_f1,6171.3,6288.8,117.5,1303.9,39.9,0
4499,car,4.5,road_loopA_f0,road_loopA_f1,6184.6,6290.4,105.8,1304.1,44.4,0
4494,truck,8.5,road_loopA_f0,road_loopA_f1,6176.2,6290.9,114.7,1303.0,40.9,0
4496,car,4.5,road_loopA_f0,road_loopA_f1,6178.8,6293.0,114.2,1303.3,41.1,0
4518,car,4.5,road_loopA_r0,xloopA_0Ab,6196.7,6293.2,96.5,869.2,32.4,1
4505,car,4.5,road_loopA_f0,road_loopA_f1,6189.4,6296.5,107.1,1303.4,43.8,0
4500,truck,8.5,road_loopA_f0,road_loopA_f1,6186.9,6296.9,110.0,1303.0,42.6,0
4592,car,4.5,road_loopA_f0,xloopA_0Bb,6257.4,6302.6,45.2,478.9,38.2,0
4466,bus,11.0,road_loopA_f0,road_loopA_f1,6150.7,6305.5,154.8,1303.1,30.3,2
4489,car,4.5,road_loopA_r0,road_loopA_r1,6172.2,6307.8,135.6,1298.5,34.5,1
4443,bus,11.0,road_loopA_f0,road_loopA_f1,6125.4,6309.1,183.7,1303.1,25.5,3
4484,truck,8.5,road_loopA_r0,road_loopA_r1,6164.3,6310.4,146.1,1298.4,32.0,1
4516,car,4.5,road_loopA_r0,road_loopA_r1,6196.0,6314.2,118.2,1298.1,39.5,0
4502,suv,4.8,road_loopA_r0,road_loopA_r1,6187.4,6314.6,127.2,1298.2,36.7,0
4540,car,4.5,road_loopA_r0,road_loopA_r1,6210.8,6315.5,104.7,1297.4,44.6,0
4543,car,4.5,road_loopA_r0,road_loopA_r1,6213.0,6316.1,103.1,1298.3,45.3,0
4542,suv,4.8,road_loopA_r0,road_loopA_r1,6212.7,6318.2,105.5,1297.4,44.3,0
4546,suv,4.8,road_loopA_r0,road_loopA_r1,6218.0,6318.7,100.7,1297.3,46.4,0
4464,car,4.5,road_loopA_r0,road_loopA_r1,6148.0,6318.8,170.8,1297.7,27.4,1
4501,car,4.5,road_loopA_r0,road_loopA_r1,6187.1,6320.5,133.4,1297.7,35.0,1
4547,suv,4.8,road_loopA_r0,road_loopA_r1,6218.3,6321.0,102.7,1298.2,45.5,0
4553,car,4.5,road_loopA_r0,road_loopA_r1,6225.8,6321.1,95.3,1298.1,49.0,0
4506,car,4.5,road_loopA_r0,road_loopA_r1,6190.4,6322.2,131.8,1297.8,35.4,1
128,tram,34.0,loopB,loopB,2235.9,6323.5,4087.6,33672.5,29.7,40
4557,suv,4.8,road_loopA_r0,road_loopA_r1,6226.9,6323.6,96.7,1298.5,48.4,0
4510,car,4.5,road_loopA_r0,road_loopA_r1,6192.6,6323.9,131.3,1297.9,35.6,1
4581,car,4.5,road_loopA_r0,xloopA_0Ab,6250.8,6324.4,73.6,869.0,42.5,0
4558,truck,8.5,road_loopA_r0,road_loopA_r1,6227.7,6324.9,97.2,1298.0,48.1,0
4517,car,4.5,road_loopA_r0,road_loopA_r1,6196.1,6325.6,129.5,1297.6,36.1,1
4536,car,4.5,road_loopA_r0,road_loopA_r1,6206.2,6325.7,119.5,1297.8,39.1,1
4562,car,4.5,road_loopA_r0,road_loopA_r1,6231.4,6327.0,95.6,1297.5,48.9,0
4509,car,4.5,road_loopA_r0,road_loopA_r1,6191.9,6327.6,135.7,1298.5,34.4,1
4531,car,4.5,road_loopA_r0,road_loopA_r1,6203.0,6328.5,125.5,1297.5,37.2,1
4556,car,4.5,road_loopA_r0,road_loopA_r1,6226.8,6329.4,102.6,1297.9,45.6,0
4534,car,4.5,road_loopA_r0,road_loopA_r1,6204.9,6329.9,125.0,1297.3,37.4,1
4528,suv,4.8,road_loopA_r0,road_loopA_r1,6202.5,6330.4,127.9,1297.3,36.5,0
4571,car,4.5,road_loopA_r0,road_loopA_r1,6241.6,6331.8,90.2,1297.4,51.8,0
4541,truck,8.5,road_loopA_r0,road_loopA_r1,6212.5,6332.8,120.3,1297.3,38.8,0
4527,car,4.5,road_loopA_f0,road_loopA_f1,6202.5,6333.4,130.9,1304.1,35.9,1
4560,truck,8.5,road_loopA_r0,road_loopA_r1,6228.2,6334.6,106.4,1298.4,43.9,0
4504,car,4.5,road_loopA_r0,xloopA_0Bb,6189.2,6335.7,146.5,895.4,22.0,1
4524,car,4.5,road_loopA_f0,road_loopA_f1,6200.5,6336.2,135.7,1303.8,34.6,1
4550,car,4.5,road_loopA_f0,xloopA_0Ab,6222.8,6336.3,113.5,505.0,16.0,2
4563,car,4.5,road_loopA_r0,road_loopA_r1,6231.8,6336.3,104.5,1298.3,44.7,0
4513,suv,4.8,road_loopA_f0,road_loopA_f1,6193.0,6336.4,143.4,1304.0,32.7,1
4573,car,4.5,road_loopA_r0,road_loopA_r1,6242.7,6337.9,95.2,1298.4,49.1,0
4526,car,4.5,road_loopA_r0,xloopA_0Bb,6202.0,6338.3,136.3,895.4,23.7,1
4607,suv,4.8,road_loopA_f0,xloopA_0Ab,6269.3,6339.0,69.7,505.5,26.1,1
4548,suv,4.8,road_loopA_r0,road_loopA_r1,6220.8,6339.6,118.8,1297.3,39.3,0
4551,truck,8.5,road_loopA_r0,xloopA_0Bb,6223.8,6341.8,118.0,895.8,27.3,1
4545,car,4.5,road_loopA_f0,road_loopA_f1,6217.5,6342.0,124.5,1303.3,37.7,1
4632,suv,4.8,road_loopA_f0,xloopA_0Ab,6295.8,6344.1,48.3,505.4,37.6,0
4529,suv,4.8,road_loopA_f0,road_loopA_f1,6202.9,6344.2,141.3,1303.9,33.2,1
4559,suv,4.8,road_loopA_f0,road_loopA_f1,6228.1,6344.5,116.4,1303.5,40.3,1
4572,car,4.5,road_loopA_r0,xloopA_0Bb,6242.1,6344.8,102.7,895.4,31.4,1
4584,car,4.5,road_loopA_r0,road_loopA_r1,6252.4,6346.1,93.7,1298.2,49.9,0
4533,car,4.5,road_loopA_f0,road_loopA_f1,6203.8,6346.2,142.4,1303.0,32.9,1
4566,car,4.5,road_loopA_f0,road_loopA_f1,6235.6,6347.4,111.8,1303.3,42.0,1
4564,car,4.5,road_loopA_f0,road_loopA_f1,6232.7,6347.9,115.2,1303.1,40.7,1
4574,car,4.5,road_loopA_r0,road_loopA_r1,6247.2,6348.3,101.1,1298.2,46.2,0
4578,car,4.5,road_loopA_r0,road_loopA_r1,6249.5,6348.6,99.1,1297.5,47.1,0
4570,suv,4.8,road_loopA_f0,road_loopA_f1,6241.6,6349.2,107.6,1302.8,43.6,0
4577,suv,4.8,road_loopA_r0,road_loopA_r1,6248.6,6350.5,101.9,1297.8,45.8,0
4582,car,4.5,road_loopA_f0,road_loopA_f1,6251.1,6351.6,100.5,1304.2,46.7,0
4539,car,4.5,xloopA_0Ba,xloopA_0Bb,6210.4,6351.8,141.4,84.6,2.2,1
4583,car,4.5,road_loopA_r0,road_loopA_r1,6251.5,6352.0,100.5,1298.2,46.5,0
4666,car,4.5,xloopA_0Aa,xloopA_0Ab,6324.0,6352.6,28.6,84.2,10.6,1
4586,car,4.5,road_loopA_f0,road_loopA_f1,6254.1,6354.4,100.3,1303.9,46.8,0
4588,suv,4.8,road_loopA_f0,road_loopA_f1,6256.4,6356.6,100.2,1303.5,46.8,0
4567,car,4.5,xloopA_0Ba,xloopA_0Bb,6238.5,6357.6,119.1,84.3,2.5,1
4591,car,4.5,road_loopA_f0,road_loopA_f1,6257.3,6358.3,101.0,1302.8,46.4,0
4579,car,4.5,xloopA_0Ba,xloopA_0Bb,6250.0,6359.6,109.6,84.3,2.8,0
9,tram,34.0,loopA,loopA,1975.1,6360.3,4385.2,33702.1,27.7,40
4538,car,4.5,road_loopA_f0,road_loopA_f1,6208.4,6360.3,151.9,1303.4,30.9,1
4596,car,4.5,road_loopA_f0,road_loopA_f1,6265.7,6360.3,94.6,1304.2,49.6,0
4589,car,4.5,xloopA_0Ba,xloopA_0Bb,6256.5,6361.6,105.1,84.3,2.9,0
4576,car,4.5,road_loopA_f0,road_loopA_f1,6248.5,6363.2,114.7,1303.2,40.9,0
4552,car,4.5,road_loopA_f0,road_loopA_f1,6224.7,6365.3,140.6,1302.9,33.4,1
4580,car,4.5,road_loopA_f0,road_loopA_f1,6250.7,6367.6,116.9,1303.7,40.1,0
4544,car,4.5,road_loopA_f0,road_loopA_f1,6213.8,6369.4,155.6,1303.9,30.2,1
4575,car,4.5,road_loopA_r0,xloopA_0Ab,6247.8,6370.0,122.2,869.0,25.6,2
4587,car,4.5,road_loopA_f0,road_loopA_f1,6255.1,6372.7,117.6,1303.6,39.9,0
4549,car,4.5,road_loopA_f0,road_loopA_f1,6221.0,6373.2,152.2,1302.8,30.8,1
4609,car,4.5,road_loopA_f0,road_loopA_f1,6270.6,6374.3,103.7,1303.3,45.2,0
4600,car,4.5,road_loopA_f0,road_loopA_f1,6267.8,6374.4,106.6,1302.9,44.0,0
4616,suv,4.8,road_loopA_f0,road_loopA_f1,6279.8,6376.6,96.8,1303.5,48.5,0
4537,car,4.5,road_loopA_f0,road_loopA_f1,6206.6,6378.0,171.4,1304.0,27.4,1
4555,car,4.5,road_loopA_f0,road_loopA_f1,6226.7,6378.4,151.7,1303.7,30.9,1
4630,car,4.5,road_loopA_f0,xloopA_0Bb,6294.8,6378.6,83.8,478.9,20.6,2
4615,car,4.5,road_loopA_r0,xloopA_0Ab,6278.9,6379.1,100.2,869.2,31.2,2
4608,car,4.5,road_loopA_f0,road_loopA_f1,6269.9,6379.7,109.8,1303.6,42.7,0
4618,car,4.5,road_loopA_f0,road_loopA_f1,6281.5,6381.9,100.4,1303.6,46.8,0
4561,car,4.5,road_loopA_f0,road_loopA_f1,6229.6,6382.7,153.1,1303.4,30.7,1
4674,car,4.5,road_loopA_f0,xloopA_0Bb,6331.7,6382.7,51.0,478.8,33.8,0
4617,suv,4.8,road_loopA_f0,road_loopA_f1,6281.2,6383.7,102.5,1303.5,45.8,0
4603,car,4.5,road_loopA_f0,road_loopA_f1,6268.5,6385.6,117.1,1303.2,40.1,0
4585,car,4.5,road_loopA_f0,road_loopA_f1,6253.1,6386.0,132.9,1303.5,35.3,0
4680,car,4.5,road_loopA_f0,xloopA_0Bb,6335.2,6386.2,51.0,478.5,33.8,0
4521,car,4.5,xloopA_0Ba,road_loopA_f1,6199.0,6386.8,187.8,902.9,17.3,0
4614,car,4.5,road_loopA_f0,road_loopA_f1,6277.4,6387.6,110.2,1303.0,42.6,0
4590,car,4.5,road_loopA_f0,road_loopA_f1,6256.9,6389.5,132.6,1303.7,35.4,0
4599,car,4.5,road_loopA_f0,road_loopA_f1,6267.5,6390.7,123.2,1303.2,38.1,0
4604,truck,8.5,road_loopA_f0,road_loopA_f1,6268.8,6391.7,122.9,1303.6,38.2,0
4565,truck,8.5,road_loopA_f0,road_loopA_f1,6233.5,6393.2,159.7,1304.0,29.4,1
4519,car,4.5,road_loopA_f0,road_loopA_f1,6198.1,6393.8,195.7,1303.1,24.0,1
4568,truck,8.5,road_loopA_f0,road_loopA_f1,6240.2,6395.1,154.9,1303.7,30.3,0
4490,car,4.5,xloopA_0Ba,road_loopA_f1,6172.4,6395.4,223.0,902.4,14.6,1
4530,suv,4.8,road_loopA_f0,road_loopA_f1,6202.9,6395.7,192.8,1303.9,24.3,1
4520,suv,4.8,road_loopA_f0,road_loopA_f1,6198.2,6397.1,198.9,1303.4,23.6,1
4597,car,4.5,road_loopA_r0,road_loopA_r1,6266.2,6397.6,131.4,1297.4,35.5,1
4535,car,4.5,road_loopA_f0,road_loopA_f1,6206.2,6398.0,191.8,1303.7,24.5,1
4511,truck,8.5,road_loopA_f0,road_loopA_f1,6192.8,6399.3,206.5,1302.8,22.7,1
4523,car,4.5,road_loopA_f0,road_loopA_f1,6200.4,6401.3,200.9,1303.0,23.4,1
4598,truck,8.5,road_loopA_r0,road_loopA_r1,6266.8,6402.6,135.8,1298.3,34.4,1
4605,car,4.5,road_loopA_r0,road_loopA_r1,6268.9,6403.1,134.2,1297.7,34.8,1
4601,car,4.5,road_loopA_r0,road_loopA_r1,6268.1,6405.5,137.4,1297.6,34.0,1
4595,car,4.5,road_loopA_r0,road_loopA_r1,6264.6,6407.1,142.5,1297.5,32.8,1
4606,suv,4.8,road_loopA_r0,road_loopA_r1,6269.0,6407.5,138.5,1297.8,33.7,0
4619,car,4.5,road_loopA_r0,road_loopA_r1,6283.1,6409.3,126.2,1297.8,37.0,1
4622,car,4.5,road_loopA_r0,road_loopA_r1,6285.1,6411.1,126.0,1298.2,37.1,1
4633,car,4.5,road_loopA_r0,road_loopA_r1,6296.9,6412.5,115.6,1298.3,40.4,1
4640,car,4.5,road_loopA_r0,road_loopA_r1,6303.1,6414.3,111.2,1297.7,42.0,0
4593,car,4.5,xloopA_0Aa,road_loopA_r1,6259.7,6415.0,155.3,506.8,11.8,1
4642,suv,4.8,road_loopA_r0,road_loopA_r1,6305.0,6416.2,111.2,1298.6,42.0,0
4594,truck,8.5,road_loopA_r0,road_loopA_r1,6260.6,6417.2,156.6,1297.9,29.8,1
4647,suv,4.8,road_loopA_r0,road_loopA_r1,6311.2,6417.4,106.2,1298.2,44.0,0
4628,car,4.5,road_loopA_r0,road_loopA_r1,6292.7,6418.5,125.8,1297.6,37.1,1
4645,bus,11.0,road_loopA_r0,road_loopA_r1,6308.9,6419.0,110.1,1297.5,42.4,0
4613,car,4.5,road_loopA_r0,road_loopA_r1,6276.5,6419.2,142.7,1297.4,32.7,1
4650,suv,4.8,road_loopA_r0,road_loopA_r1,6311.9,6419.4,107.5,1298.6,43.5,0
4612,car,4.5,road_loopA_r0,road_loopA_r1,6275.3,6421.0,145.7,1297.3,32.1,1
4655,car,4.5,road_loopA_r0,road_loopA_r1,6315.1,6421.7,106.6,1298.7,43.8,0
4620,suv,4.8,road_loopA_r0,road_loopA_r1,6283.6,6422.8,139.2,1298.0,33.6,1
4648,truck,8.5,road_loopA_r0,road_loopA_r1,6311.3,6424.4,113.1,1297.6,41.3,0
4623,car,4.5,road_loopA_r0,road_loopA_r1,6286.4,6424.5,138.1,1297.5,33.8,1
4662,car,4.5,road_loopA_r0,road_loopA_r1,6320.5,6425.5,105.0,1298.3,44.5,0
4637,car,4.5,road_loopA_r0,road_loopA_r1,6301.0,6426.3,125.3,1297.6,37.3,0
4654,car,4.5,road_loopA_r0,road_loopA_r1,6314.7,6426.5,111.8,1297.4,41.8,0
4641,suv,4.8,road_loopA_r0,road_loopA_r1,6304.2,6428.1,123.9,1298.2,37.7,0
4667,car,4.5,road_loopA_r0,road_loopA_r1,6324.1,6428.3,104.2,1297.6,44.8,0
4677,suv,4.8,road_loopA_r0,road_loopA_r1,6332.4,6428.8,96.4,1297.6,48.4,0
4569,car,4.5,road_loopA_r0,xloopA_0Bb,6241.0,6429.2,188.2,895.5,17.1,2
4658,suv,4.8,road_loopA_r0,road_loopA_r1,6318.9,6429.8,110.9,1297.3,42.1,0
4681,car,4.5,road_loopA_r0,road_loopA_r1,6335.4,6430.7,95.3,1297.9,49.0,0
4652,truck,8.5,road_loopA_f0,xloopA_0Ab,6313.5,6431.2,117.7,505.6,15.5,1
4627,truck,8.5,road_loopA_f0,road_loopA_f1,6292.6,6431.6,139.0,1303.3,33.8,1
4660,car,4.5,road_loopA_r0,road_loopA_r1,6320.4,6431.6,111.2,1297.5,42.0,0
4661,suv,4.8,road_loopA_r0,road_loopA_r1,6320.4,6431.6,111.2,1297.9,42.0,0
4610,car,4.5,road_loopA_r0,xloopA_0Bb,6271.3,6431.8,160.5,895.5,20.1,1
4672,car,4.5,road_loopA_r0,road_loopA_r1,6330.2,6432.7,102.5,1297.5,45.6,0
4659,car,4.5,road_loopA_r0,road_loopA_r1,6319.5,6433.5,114.0,1297.8,41.0,0
4664,suv,4.8,road_loopA_f0,xloopA_0Ab,6322.0,6434.1,112.1,504.9,16.2,1
4621,car,4.5,road_loopA_r0,xloopA_0Bb,6284.9,6434.5,149.6,895.7,21.5,1
4673,suv,4.8,road_loopA_r0,road_loopA_r1,6330.8,6434.8,104.0,1298.3,44.9,0
4668,car,4.5,road_loopA_r0,road_loopA_r1,6324.4,6435.3,110.9,1298.2,42.1,0
4624,car,4.5,road_loopA_r0,road_loopA_r1,6287.3,6435.4,148.1,1297.4,31.5,1
4625,car,4.5,road_loopA_f0,road_loopA_f1,6289.6,6436.9,147.3,1303.2,31.9,1
4694,suv,4.8,road_loopA_f0,xloopA_0Ab,6352.1,6436.9,84.8,505.7,21.5,1
4651,car,4.5,road_loopA_r0,xloopA_0Bb,6312.1,6437.1,125.0,895.3,25.8,2
4679,car,4.5,road_loopA_r0,road_loopA_r1,6335.0,6437.1,102.1,1298.2,45.8,0
4629,truck,8.5,road_loopA_f0,road_loopA_f1,6294.1,6437.3,143.2,1303.3,32.8,1
4678,suv,4.8,road_loopA_r0,road_loopA_r1,6332.4,6437.6,105.2,1297.4,44.4,0
4684,car,4.5,road_loopA_r0,road_loopA_r1,6338.8,6439.0,100.2,1298.1,46.6,0
4693,car,4.5,road_loopA_r0,road_loopA_r1,6348.7,6440.4,91.7,1298.6,51.0,0
4686,truck,8.5,road_loopA_r0,road_loopA_r1,6340.3,6441.2,100.9,1297.9,46.3,0
4692,car,4.5,road_loopA_r0,road_loopA_r1,6347.0,6443.0,96.0,1297.6,48.7,0
4696,car,4.5,road_loopA_r0,road_loopA_r1,6352.7,6444.4,91.7,1297.7,50.9,0
4695,car,4.5,road_loopA_r0,road_loopA_r1,6352.4,6444.7,92.3,1297.7,50.6,0
4705,car,4.5,xloopA_0Aa,xloopA_0Ab,6357.2,6444.8,87.6,84.1,3.5,1
4602,car,4.5,xloopA_0Ba,xloopA_0Bb,6268.3,6445.0,176.7,84.3,1.7,1
4697,car,4.5,road_loopA_r0,road_loopA_r1,6353.1,6445.1,92.0,1298.6,50.8,0
4634,suv,4.8,road_loopA_f0,road_loopA_f1,6297.6,6445.2,147.6,1303.4,31.8,1
4611,bus,11.0,road_loopA_r0,road_loopA_r1,6273.4,6445.7,172.3,1297.3,27.1,2
4663,car,4.5,xloopA_0Ba,xloopA_0Bb,6321.9,6447.1,125.2,84.4,2.4,1
4635,truck,8.5,road_loopA_f0,road_loopA_f1,6297.6,6447.2,149.6,1303.7,31.4,1
4646,truck,8.5,road_loopA_f0,road_loopA_f1,6310.6,6447.3,136.7,1302.8,34.3,1
4773,car,4.5,xloopA_0Aa,xloopA_0Ab,6417.0,6447.6,30.6,84.5,9.9,1
4657,car,4.5,road_loopA_f0,road_loopA_f1,6318.3,6449.3,131.0,1303.7,35.8,1
4638,car,4.5,road_loopA_f0,road_loopA_f1,6302.6,6449.4,146.8,1303.7,32.0,1
4715,car,4.5,xloopA_0Ba,xloopA_0Bb,6366.5,6449.6,83.1,84.6,3.7,1
4669,truck,8.5,road_loopA_f0,road_loopA_f1,6324.5,6450.9,126.4,1303.1,37.1,1
4751,car,4.5,xloopA_0Ba,xloopA_0Bb,6399.0,6452.7,53.7,84.4,5.7,0
4643,car,4.5,road_loopA_f0,road_loopA_f1,6305.4,6452.8,147.4,1303.0,31.8,1
4676,car,4.5,road_loopA_f0,road_loopA_f1,6332.3,6452.8,120.5,1304.0,39.0,0
4785,car,4.5,xloopA_0Aa,xloopA_0Ab,6426.9,6453.8,26.9,84.5,11.3,0
4683,car,4.5,xloopA_0Aa,road_loopA_f1,6337.4,6453.9,116.5,872.0,26.9,0
4685,suv,4.8,road_loopA_f0,road_loopA_f1,6339.4,6454.7,115.3,1303.9,40.7,0
4644,car,4.5,road_loopA_f0,road_loopA_f1,6308.2,6456.2,148.0,1302.8,31.7,1
4689,truck,8.5,road_loopA_f0,road_loopA_f1,6344.0,6457.0,113.0,1304.1,41.6,0
4649,suv,4.8,road_loopA_f0,road_loopA_f1,6311.5,6458.0,146.5,1303.4,32.0,1
4700,car,4.5,road_loopA_f0,road_loopA_f1,6353.8,6459.0,105.2,1303.2,44.6,0
4554,car,4.5,xloopA_0Ba,road_loopA_f1,6226.0,6459.4,233.4,902.5,13.9,1
4656,car,4.5,road_loopA_f0,road_loopA_f1,6315.6,6459.8,144.2,1302.9,32.5,1
4707,car,4.5,road_loopA_f0,road_loopA_f1,6358.8,6460.8,102.0,1302.8,46.0,0
4626,suv,4.8,road_loopA_f0,road_loopA_f1,6291.2,6461.2,170.0,1303.2,27.6,1
4665,suv,4.8,road_loopA_f0,road_loopA_f1,6322.5,6461.5,139.0,1302.8,33.7,1
4636,car,4.5,road_loopA_f0,road_loopA_f1,6300.4,6463.0,162.6,1303.3,28.9,1
4714,truck,8.5,road_loopA_f0,road_loopA_f1,6365.6,6463.0,97.4,1303.2,48.2,0
4670,car,4.5,road_loopA_f0,road_loopA_f1,6325.9,6463.4,137.5,1303.2,34.1,1
4653,car,4.5,road_loopA_f0,road_loopA_f1,6313.7,6464.8,151.1,1303.8,31.1,1
4682,car,4.5,road_loopA_f0,road_loopA_f1,6335.7,6465.4,129.7,1303.8,36.2,0
4719,truck,8.5,road_loopA_f0,road_loopA_f1,6368.5,6465.6,97.1,1303.7,48.3,0
4675,car,4.5,road_loopA_f0,road_loopA_f1,6332.2,6466.4,134.2,1302.9,35.0,1
4688,car,4.5,road_loopA_f0,road_loopA_f1,6344.0,6467.2,123.2,1303.0,38.1,0
4724,suv,4.8,road_loopA_f0,road_loopA_f1,6370.2,6467.6,97.4,1303.1,48.2,0
4671,car,4.5,road_loopA_f0,road_loopA_f1,6327.9,6468.2,140.3,1303.0,33.4,1
4701,car,4.5,road_loopA_f0,road_loopA_f1,6353.9,6469.0,115.1,1304.0,40.8,0
4727,suv,4.8,road_loopA_f0,road_loopA_f1,6373.3,6469.5,96.2,1303.5,48.8,0
4691,car,4.5,road_loopA_f0,road_loopA_f1,6346.9,6470.0,123.1,1303.1,38.1,0
4704,car,4.5,road_loopA_f0,road_loopA_f1,6356.8,6470.8,114.0,1303.5,41.2,0
4639,suv,4.8,road_loopA_r0,xloopA_0Ab,6303.0,6471.4,168.4,869.4,18.6,3
4731,car,4.5,road_loopA_f0,road_loopA_f1,6375.3,6471.4,96.1,1302.9,48.8,0
4699,car,4.5,road_loopA_f0,road_loopA_f1,6353.2,6471.7,118.5,1303.0,39.6,0
4743,suv,4.8,road_loopA_f0,xloopA_0Bb,6391.3,6471.7,80.4,479.0,21.5,2
4708,car,4.5,road_loopA_f0,road_loopA_f1,6359.5,6472.9,113.4,1304.0,41.4,0
4690,truck,8.5,road_loopA_f0,road_loopA_f1,6345.1,6473.8,128.7,1303.0,36.5,0
4721,car,4.5,road_loopA_f0,road_loopA_f1,6369.2,6474.1,104.9,1304.0,44.8,0
4713,suv,4.8,road_loopA_f0,road_loopA_f1,6363.2,6475.5,112.3,1303.0,41.8,0
4734,car,4.5,road_loopA_f0,road_loopA_f1,6381.2,6475.9,94.7,1302.8,49.5,0
4702,suv,4.8,road_loopA_f0,road_loopA_f1,6354.1,6476.2,122.1,1303.1,38.4,0
4726,car,4.5,road_loopA_f0,road_loopA_f1,6371.3,6477.4,106.1,1303.3,44.2,0
4717,car,4.5,road_loopA_f0,road_loopA_f1,6367.4,6478.1,110.7,1304.0,42.4,0
4730,truck,8.5,road_loopA_f0,road_loopA_f1,6374.7,6479.6,104.9,1302.9,44.7,0
4799,truck,8.5,road_loopA_f0,xloopA_0Bb,6440.2,6488.3,48.1,478.5,35.8,0
4698,suv,4.8,road_loopA_r0,road_loopA_r1,6353.0,6491.5,138.5,1298.1,33.7,1
4710,suv,4.8,road_loopA_r0,road_loopA_r1,6361.0,6493.2,132.2,1297.6,35.3,1
4706,suv,4.8,road_loopA_r0,road_loopA_r1,6358.5,6494.1,135.6,1297.5,34.4,1
4712,car,4.5,road_loopA_r0,road_loopA_r1,6362.9,6495.0,132.1,1297.7,35.4,1
4718,suv,4.8,road_loopA_r0,road_loopA_r1,6367.6,6496.7,129.1,1297.3,36.2,1
4722,car,4.5,road_loopA_r0,road_loopA_r1,6369.3,6498.5,129.2,1298.1,36.2,1
4729,car,4.5,road_loopA_r0,road_loopA_r1,6374.3,6500.2,125.9,1297.7,37.1,1
4709,car,4.5,road_loopA_r0,road_loopA_r1,6359.6,6503.2,143.6,1298.5,32.6,1
4742,car,4.5,xloopA_0Ba,road_loopA_r1,6388.6,6504.0,115.4,476.2,14.9,0
4733,car,4.5,road_loopA_r0,road_loopA_r1,6377.7,6504.7,127.0,1298.0,36.8,1
4725,truck,8.5,road_loopA_r0,road_loopA_r1,6370.2,6505.0,134.8,1297.7,34.7,1
4831,car,4.5,road_loopA_f0,xloopA_0Bb,6464.5,6506.1,41.6,478.7,41.4,0
4728,suv,4.8,road_loopA_r0,road_loopA_r1,6373.6,6507.1,133.5,1297.9,35.0,1
4738,car,4.5,road_loopA_r0,road_loopA_r1,6386.0,6507.4,121.4,1297.7,38.5,1
4716,car,4.5,road_loopA_r0,road_loopA_r1,6366.6,6509.2,142.6,1298.6,32.8,1
4744,car,4.5,road_loopA_r0,road_loopA_r1,6391.5,6510.0,118.5,1298.3,39.4,0
4746,car,4.5,road_loopA_r0,road_loopA_r1,6395.1,6511.1,116.0,1298.2,40.3,1
4778,car,4.5,xloopA_0Aa,road_loopA_r1,6420.5,6511.3,90.8,506.8,20.1,0
4703,car,4.5,road_loopA_r0,road_loopA_r1,6356.2,6512.9,156.7,1297.3,29.8,1
4711,truck,8.5,road_loopA_r0,road_loopA_r1,6362.0,6513.1,151.1,1297.8,30.9,1
4737,truck,8.5,road_loopA_r0,road_loopA_r1,6385.7,6513.7,128.0,1297.4,36.5,1
4753,suv,4.8,road_loopA_r0,road_loopA_r1,6401.0,6514.6,113.6,1297.3,41.1,0
4752,suv,4.8,road_loopA_r0,road_loopA_r1,6399.6,6515.5,115.9,1297.8,40.3,0
4720,car,4.5,road_loopA_r0,road_loopA_r1,6368.5,6516.0,147.5,1297.7,31.7,1
4766,car,4.5,road_loopA_r0,road_loopA_r1,6410.1,6517.3,107.2,1298.3,43.6,0
4723,car,4.5,road_loopA_r0,road_loopA_r1,6369.7,6517.7,148.0,1297.5,31.6,1
4762,suv,4.8,road_loopA_r0,road_loopA_r1,6406.6,6517.9,111.3,1298.6,42.0,0
4748,car,4.5,road_loopA_f0,road_loopA_f1,6395.4,6519.1,123.7,1303.0,37.9,1
4758,car,4.5,road_loopA_r0,road_loopA_r1,6403.9,6519.1,115.2,1297.5,40.5,0
4741,car,4.5,road_loopA_r0,road_loopA_r1,6387.8,6519.5,131.7,1298.0,35.5,1
4740,car,4.5,road_loopA_f0,road_loopA_f1,6387.6,6519.9,132.3,1303.8,35.5,1
4736,car,4.5,road_loopA_f0,road_loopA_f1,6382.4,6520.2,137.8,1303.1,34.1,1
4771,car,4.5,road_loopA_r0,road_loopA_r1,6415.3,6520.6,105.3,1297.5,44.4,0
4739,car,4.5,road_loopA_r0,road_loopA_r1,6386.3,6521.6,135.3,1298.4,34.6,0
4754,car,4.5,road_loopA_f0,road_loopA_f1,6401.3,6521.9,120.6,1302.8,38.9,1
4767,truck,8.5,road_loopA_r0,road_loopA_r1,6410.2,6521.9,111.7,1297.5,41.8,1
4745,car,4.5,road_loopA_r0,road_loopA_r1,6392.7,6522.3,129.6,1297.6,36.1,0
4735,car,4.5,road_loopA_r0,xloopA_0Bb,6382.2,6522.8,140.6,895.8,22.9,1
4750,suv,4.8,road_loopA_f0,xloopA_0Ab,6397.1,6523.3,126.2,505.3,14.4,1
4788,car,4.5,road_loopA_r0,road_loopA_r1,6428.5,6523.7,95.2,1298.5,49.1,0
4760,suv,4.8,road_loopA_r0,road_loopA_r1,6404.7,6524.1,119.4,1298.3,39.1,0
4756,truck,8.5,road_loopA_r0,road_loopA_r1,6402.1,6524.2,122.1,1298.1,38.3,0
4757,car,4.5,road_loopA_f0,road_loopA_f1,6402.5,6524.3,121.8,1303.3,38.5,1
4800,car,4.5,road_loopA_r0,xloopA_0Bb,6442.8,6525.3,82.5,895.3,39.1,1
4761,car,4.5,road_loopA_f0,road_loopA_f1,6405.9,6525.4,119.5,1303.1,39.3,1
4765,car,4.5,road_loopA_f0,road_loopA_f1,6407.9,6525.7,117.8,1303.6,39.8,1
4768,car,4.5,road_loopA_f0,xloopA_0Ab,6412.5,6525.9,113.4,505.0,16.0,1
4787,truck,8.5,road_loopA_r0,road_loopA_r1,6427.6,6526.2,98.6,1297.6,47.4,0
4769,car,4.5,road_loopA_r0,road_loopA_r1,6412.8,6526.3,113.5,1297.3,41.2,0
4793,car,4.5,road_loopA_r0,road_loopA_r1,6433.9,6527.8,93.9,1297.8,49.7,0
4772,car,4.5,road_loopA_f0,road_loopA_f1,6416.2,6528.7,112.5,1303.5,41.7,1
4839,car,4.5,road_loopA_f0,xloopA_0Ab,6472.0,6529.1,57.1,505.2,31.9,0
4770,truck,8.5,road_loopA_f0,road_loopA_f1,6414.5,6530.3,115.8,1303.0,40.5,1
4759,car,4.5,road_loopA_f0,road_loopA_f1,6404.5,6531.4,126.9,1303.3,37.0,1
4797,car,4.5,road_loopA_r0,road_loopA_r1,6436.3,6532.5,96.2,1298.6,48.6,0
4782,suv,4.8,road_loopA_f0,road_loopA_f1,6422.3,6535.2,112.9,1302.8,41.5,3
4802,truck,8.5,road_loopA_r0,road_loopA_r1,6444.5,6536.0,91.5,1297.5,51.1,0
4749,car,4.5,road_loopA_f0,road_loopA_f1,6396.3,6536.1,139.8,1303.1,33.5,1
4805,car,4.5,road_loopA_r0,road_loopA_r1,6447.1,6536.7,89.6,1298.2,52.2,0
4774,car,4.5,xloopA_0Aa,road_loopA_f1,6417.1,6536.8,119.7,872.1,26.2,0
4777,car,4.5,road_loopA_f0,road_loopA_f1,6420.0,6537.0,117.0,1303.4,40.1,1
4789,car,4.5,xloopA_0Aa,xloopA_0Ab,6428.6,6538.4,109.8,84.2,2.8,1
4795,car,4.5,road_loopA_r0,road_loopA_r1,6434.2,6538.5,104.3,1298.1,44.8,0
4775,car,4.5,road_loopA_f0,road_loopA_f1,6417.5,6538.6,121.1,1303.6,38.7,1
4732,car,4.5,road_loopA_f0,road_loopA_f1,6375.7,6538.7,163.0,1303.4,28.8,1
4856,car,4.5,xloopA_0Ba,xloopA_0Bb,6489.7,6539.5,49.8,84.2,6.1,1
4804,car,4.5,road_loopA_r0,road_loopA_r1,6445.9,6539.8,93.9,1297.4,49.8,0
4786,car,4.5,road_loopA_f0,road_loopA_f1,6427.5,6540.0,112.5,1304.0,41.7,0
4747,car,4.5,road_loopA_f0,road_loopA_f1,6395.3,6540.3,145.0,1303.1,32.3,1
4776,car,4.5,road_loopA_f0,road_loopA_f1,6417.8,6540.5,122.7,1302.9,38.2,1
4806,truck,8.5,road_loopA_r0,road_loopA_r1,6447.6,6540.7,93.1,1297.6,50.2,0
4687,bus,11.0,road_loopA_r0,road_loopA_r1,6340.2,6540.8,200.6,1297.3,23.3,3
4876,car,4.5,xloopA_0Aa,xloopA_0Ab,6504.6,6541.4,36.8,84.5,8.3,1
4872,car,4.5,xloopA_0Ba,xloopA_0Bb,6500.3,6541.7,41.4,84.2,7.3,1
4755,car,4.5,road_loopA_f0,road_loopA_f1,6402.1,6542.0,139.9,1302.8,33.5,1
4780,car,4.5,road_loopA_f0,road_loopA_f1,6422.0,6542.4,120.4,1303.2,39.0,1
4888,car,4.5,xloopA_0Aa,xloopA_0Ab,6513.0,6543.5,30.5,84.8,10.0,0
4879,car,4.5,xloopA_0Ba,xloopA_0Bb,6504.9,6543.7,38.8,84.2,7.8,0
4779,truck,8.5,road_loopA_f0,road_loopA_f1,6421.0,6545.0,124.0,1303.4,37.8,0
4783,car,4.5,road_loopA_f0,road_loopA_f1,6423.1,6547.5,124.4,1303.3,37.7,0
4781,truck,8.5,road_loopA_f0,road_loopA_f1,6422.0,6547.5,125.5,1302.8,37.4,0
4813,car,4.5,road_loopA_f0,road_loopA_f1,6452.8,6548.2,95.4,1304.0,49.2,0
4784,car,4.5,road_loopA_f0,road_loopA_f1,6426.9,6549.2,122.3,1303.3,38.3,0
4791,car,4.5,road_loopA_f0,road_loopA_f1,6429.6,6549.6,120.0,1303.2,39.1,0
4796,suv,4.8,road_loopA_f0,road_loopA_f1,6435.4,6551.0,115.6,1303.2,40.6,0
4823,car,4.5,road_loopA_f0,road_loopA_f1,6459.4,6551.5,92.1,1304.1,51.0,0
4808,car,4.5,road_loopA_f0,road_loopA_f1,6448.8,6552.4,103.6,1303.5,45.3,0
4819,car,4.5,road_loopA_f0,road_loopA_f1,6457.4,6554.1,96.7,1302.9,48.5,0
4810,truck,8.5,road_loopA_f0,road_loopA_f1,6451.6,6554.2,102.6,1303.2,45.7,0
4816,car,4.5,road_loopA_f0,road_loopA_f1,6455.1,6554.4,99.3,1303.2,47.3,0
4792,car,4.5,road_loopA_r0,xloopA_0Ab,6432.0,6555.6,123.6,869.0,25.3,2
4821,car,4.5,road_loopA_f0,road_loopA_f1,6459.0,6556.3,97.3,1303.3,48.2,0
4827,car,4.5,road_loopA_f0,road_loopA_f1,6461.1,6558.1,97.0,1303.0,48.3,0
4809,car,4.5,road_loopA_f0,road_loopA_f1,6450.2,6561.9,111.7,1303.7,42.0,0
4842,car,4.5,road_loopA_f0,xloopA_0Bb,6475.3,6562.9,87.6,478.8,19.7,2
4794,suv,4.8,road_loopA_f0,road_loopA_f1,6434.1,6565.4,131.3,1303.2,35.7,0
4825,truck,8.5,road_loopA_r0,xloopA_0Ab,6459.9,6566.1,106.2,869.2,29.5,2
4859,car,4.5,road_loopA_f0,xloopA_0Bb,6494.0,6566.5,72.5,478.7,23.8,2
4764,bus,11.0,road_loopA_f0,road_loopA_f1,6407.6,6569.2,161.6,1303.2,29.0,5
4820,suv,4.8,road_loopA_r0,xloopA_0Ab,6458.6,6569.9,111.3,869.5,28.1,2
4834,car,4.5,road_loopA_f0,road_loopA_f1,6470.6,6570.9,100.3,1303.5,46.8,0
4881,truck,8.5,road_loopA_f0,xloopA_0Bb,6510.6,6571.9,61.3,479.0,28.1,1
4837,car,4.5,road_loopA_f0,road_loopA_f1,6471.4,6572.4,101.0,1303.3,46.5,0
4817,car,4.5,road_loopA_r0,xloopA_0Ab,6456.2,6573.8,117.6,869.0,26.6,3
4841,car,4.5,road_loopA_f0,road_loopA_f1,6473.7,6574.2,100.5,1304.1,46.7,0
4833,truck,8.5,road_loopA_f0,road_loopA_f1,6470.5,6575.1,104.6,1304.0,44.9,0
4900,car,4.5,road_loopA_f0,xloopA_0Bb,6523.1,6575.3,52.2,478.7,33.0,0
4812,suv,4.8,road_loopA_r0,road_loopA_r1,6452.4,6581.6,129.2,1298.3,36.2,1
4814,car,4.5,road_loopA_r0,road_loopA_r1,6454.0,6584.7,130.7,1298.7,35.8,1
4822,suv,4.8,road_loopA_r0,road_loopA_r1,6459.2,6587.2,128.0,1297.5,36.5,1
4826,suv,4.8,road_loopA_r0,road_loopA_r1,6460.6,6589.5,128.9,1297.9,36.3,1
4927,car,4.5,road_loopA_f0,xloopA_0Bb,6548.5,6590.6,42.1,478.9,41.0,0
4815,car,4.5,road_loopA_r0,road_loopA_r1,6454.7,6593.6,138.9,1298.1,33.6,1
4818,car,4.5,road_loopA_r0,road_loopA_r1,6456.8,6595.3,138.5,1298.1,33.7,1
4811,car,4.5,road_loopA_r0,road_loopA_r1,6452.1,6595.4,143.3,1297.6,32.6,1
4763,bus,11.0,road_loopA_f0,road_loopA_f1,6406.6,6596.4,189.8,1302.8,24.7,4
4905,car,4.5,xloopA_0Ba,road_loopA_r1,6529.8,6596.4,66.6,476.3,25.7,0
4824,truck,8.5,road_loopA_r0,road_loopA_r1,6459.6,6597.5,137.9,1297.9,33.9,1
4840,car,4.5,road_loopA_r0,road_loopA_r1,6473.3,6599.6,126.3,1297.9,37.0,1
4790,car,4.5,road_loopA_r0,road_loopA_r1,6428.7,6599.7,171.0,1297.5,27.3,1
4832,car,4.5,road_loopA_r0,road_loopA_r1,6467.9,6600.7,132.8,1298.0,35.2,1
4857,car,4.5,xloopA_0Aa,road_loopA_r1,6491.2,6601.2,110.0,506.8,16.6,1
4846,car,4.5,road_loopA_r0,road_loopA_r1,6477.6,6601.5,123.9,1298.2,37.7,1
4828,suv,4.8,road_loopA_r0,road_loopA_r1,6462.7,6602.4,139.7,1297.5,33.4,1
4845,suv,4.8,road_loopA_r0,road_loopA_r1,6476.4,6603.2,126.8,1298.0,36.9,1
4909,car,4.5,xloopA_0Aa,road_loopA_r1,6532.2,6604.0,71.8,506.8,25.4,0
4829,car,4.5,road_loopA_r0,road_loopA_r1,6463.2,6604.4,141.2,1297.8,33.1,1
4861,car,4.5,road_loopA_r0,road_loopA_r1,6495.4,6604.9,109.5,1297.3,42.7,0
4801,car,4.5,road_loopA_r0,road_loopA_r1,6444.3,6605.7,161.4,1298.2,29.0,1
4843,suv,4.8,road_loopA_r0,road_loopA_r1,6475.4,6606.2,130.8,1298.5,35.7,1
4803,truck,8.5,road_loopA_r0,road_loopA_r1,6445.3,6607.8,162.5,1297.5,28.7,1
4838,car,4.5,road_loopA_r0,road_loopA_r1,6471.9,6607.8,135.9,1297.7,34.4,1
4807,car,4.5,road_loopA_r0,road_loopA_r1,6448.5,6608.9,160.4,1298.0,29.1,1
4869,car,4.5,road_loopA_r0,road_loopA_r1,6498.3,6609.2,110.9,1298.6,42.2,1
4830,truck,8.5,road_loopA_r0,road_loopA_r1,6464.2,6611.2,147.0,1298.6,31.8,1
4873,car,4.5,road_loopA_r0,road_loopA_r1,6500.4,6611.5,111.1,1297.8,42.0,0
4844,car,4.5,road_loopA_r0,road_loopA_r1,6475.8,6612.1,136.3,1298.3,34.3,1
4849,suv,4.8,road_loopA_f0,road_loopA_f1,6481.8,6613.2,131.4,1303.0,35.7,1
4850,suv,4.8,road_loopA_f0,road_loopA_f1,6483.4,6613.2,129.8,1302.9,36.1,1
4835,truck,8.5,road_loopA_r0,road_loopA_r1,6470.9,6613.4,142.5,1297.5,32.8,0
4851,car,4.5,road_loopA_r0,road_loopA_r1,6484.8,6613.8,129.0,1298.1,36.2,1
4875,car,4.5,road_loopA_r0,road_loopA_r1,6503.2,6614.0,110.8,1298.4,42.2,0
4883,car,4.5,road_loopA_r0,road_loopA_r1,6511.5,6615.4,103.9,1297.4,45.0,0
4853,car,4.5,road_loopA_r0,road_loopA_r1,6487.2,6615.6,128.4,1298.4,36.4,1
4864,truck,8.5,road_loopA_r0,road_loopA_r1,6496.4,6615.9,119.5,1298.3,39.1,0
4847,car,4.5,road_loopA_r0,xloopA_0Bb,6478.2,6616.2,138.0,895.4,23.4,1
4863,car,4.5,road_loopA_f0,road_loopA_f1,6496.3,6616.4,120.1,1303.5,39.1,1
4890,car,4.5,road_loopA_f0,xloopA_0Ab,6513.9,6616.8,102.9,505.1,17.7,1
4886,car,4.5,road_loopA_r0,road_loopA_r1,6512.0,6617.3,105.3,1298.6,44.4,0
4854,car,4.5,road_loopA_r0,road_loopA_r1,6488.8,6617.4,128.6,1298.4,36.3,1
4855,car,4.5,road_loopA_r0,road_loopA_r1,6489.0,6617.9,128.9,1297.3,36.2,0
4892,suv,4.8,road_loopA_r0,road_loopA_r1,6514.5,6619.0,104.5,1297.6,44.7,0
4867,car,4.5,road_loopA_f0,road_loopA_f1,6497.6,6619.4,121.8,1304.2,38.6,1
4917,car,4.5,road_loopA_f0,xloopA_0Ab,6539.9,6619.4,79.5,505.2,22.9,1
4848,truck,8.5,road_loopA_r0,xloopA_0Bb,6480.2,6619.7,139.5,896.0,23.1,1
4862,truck,8.5,road_loopA_r0,road_loopA_r1,6495.8,6620.0,124.2,1297.5,37.6,0
4866,car,4.5,road_loopA_r0,road_loopA_r1,6496.8,6621.1,124.3,1298.1,37.6,0
4896,car,4.5,road_loopA_r0,road_loopA_r1,6519.5,6621.6,102.1,1297.6,45.7,0
4894,car,4.5,road_loopA_r0,road_loopA_r1,6517.3,6622.0,104.7,1297.6,44.6,0
4871,suv,4.8,road_loopA_r0,road_loopA_r1,6499.9,6622.7,122.8,1297.4,38.0,0
4904,car,4.5,road_loopA_r0,xloopA_0Bb,6527.0,6622.7,95.7,895.7,33.7,1
4901,car,4.5,road_loopA_r0,road_loopA_r1,6523.1,6623.9,100.8,1298.5,46.4,0
4885,car,4.5,road_loopA_r0,road_loopA_r1,6512.0,6624.6,112.6,1297.7,41.5,0
4870,suv,4.8,road_loopA_f0,road_loopA_f1,6498.9,6625.5,126.6,1303.5,37.1,1
4852,truck,8.5,road_loopA_f0,road_loopA_f1,6485.6,6625.9,140.3,1303.2,33.4,1
4889,car,4.5,road_loopA_r0,road_loopA_r1,6513.6,6626.4,112.8,1298.0,41.4,0
4913,suv,4.8,road_loopA_r0,road_loopA_r1,6533.9,6626.9,93.0,1297.3,50.2,0
4882,car,4.5,road_loopA_f0,road_loopA_f1,6510.9,6627.2,116.3,1303.2,40.3,1
4899,car,4.5,road_loopA_r0,road_loopA_r1,6522.8,6628.1,105.3,1297.4,44.4,0
4893,car,4.5,road_loopA_r0,road_loopA_r1,6516.6,6628.7,112.1,1298.0,41.7,0
4891,car,4.5,road_loopA_f0,road_loopA_f1,6514.4,6628.8,114.4,1303.2,41.0,0
4911,car,4.5,road_loopA_r0,road_loopA_r1,6532.9,6629.7,96.8,1298.1,48.3,0
4946,car,4.5,xloopA_0Aa,xloopA_0Ab,6569.6,6629.7,60.1,84.6,5.1,1
4964,car,4.5,xloopA_0Ba,xloopA_0Bb,6579.7,6630.1,50.4,84.1,6.0,1
4910,car,4.5,road_loopA_r0,road_loopA_r1,6532.6,6630.3,97.7,1297.2,47.8,0
4895,car,4.5,road_loopA_f0,road_loopA_f1,6518.5,6630.4,111.9,1303.4,41.9,0
4858,car,4.5,road_loopA_f0,road_loopA_f1,6493.0,6631.4,138.4,1303.5,33.9,1
4914,suv,4.8,road_loopA_r0,road_loopA_r1,6534.4,6631.5,97.1,1297.4,48.1,0
4902,car,4.5,road_loopA_f0,road_loopA_f1,6523.4,6632.1,108.7,1302.8,43.1,1
4920,car,4.5,road_loopA_r0,road_loopA_r1,6541.9,6633.0,91.1,1297.7,51.3,0
5014,car,4.5,xloopA_0Aa,xloopA_0Ab,6619.4,6633.2,13.8,84.5,22.0,0
4836,truck,8.5,road_loopA_f0,road_loopA_f1,6471.1,6633.8,162.7,1303.6,28.8,1
4906,car,4.5,road_loopA_f0,road_loopA_f1,6531.1,6633.9,102.8,1303.6,45.6,0
4984,car,4.5,xloopA_0Ba,xloopA_0Bb,6597.0,6634.3,37.3,84.5,8.1,1
5019,car,4.5,xloopA_0Aa,xloopA_0Ab,6623.2,6635.3,12.1,84.7,25.2,0
4887,suv,4.8,road_loopA_f0,road_loopA_f1,6513.0,6635.6,122.6,1303.2,38.3,1
4912,car,4.5,road_loopA_f0,road_loopA_f1,6533.4,6635.6,102.2,1302.8,45.9,0
4877,suv,4.8,road_loopA_f0,road_loopA_f1,6504.7,6636.0,131.3,1303.7,35.8,1
5022,car,4.5,xloopA_0Aa,xloopA_0Ab,6624.4,6637.4,13.0,84.5,23.4,0
4924,suv,4.8,road_loopA_f0,road_loopA_f1,6546.6,6637.6,91.0,1303.5,51.6,0
5023,car,4.5,xloopA_0Ba,xloopA_0Bb,6624.9,6637.9,13.0,84.7,23.5,0
4898,car,4.5,road_loopA_f0,road_loopA_f1,6522.1,6638.2,116.1,1303.9,40.4,0
4907,car,4.5,road_loopA_f0,road_loopA_f1,6531.5,6639.8,108.3,1303.8,43.3,0
4903,suv,4.8,road_loopA_f0,road_loopA_f1,6525.6,6640.2,114.6,1303.4,41.0,0
4923,car,4.5,road_loopA_f0,road_loopA_f1,6544.2,6641.4,97.2,1302.9,48.2,0
4874,car,4.5,road_loopA_f0,road_loopA_f1,6502.4,6641.8,139.4,1304.2,33.7,1
4931,suv,4.8,road_loopA_f0,road_loopA_f1,6553.7,6643.2,89.5,1303.4,52.4,0
4798,car,4.5,xloopA_0Ba,road_loopA_f1,6436.9,6643.7,206.8,902.3,15.7,1
4878,suv,4.8,road_loopA_f0,road_loopA_f1,6504.9,6643.9,139.0,1303.1,33.7,1
4860,car,4.5,road_loopA_f0,road_loopA_f1,6494.6,6645.4,150.8,1303.8,31.1,1
4865,car,4.5,road_loopA_f0,road_loopA_f1,6496.7,6647.0,150.3,1302.9,31.2,1
4884,car,4.5,road_loopA_f0,road_loopA_f1,6511.9,6647.0,135.1,1303.0,34.7,0
4915,suv,4.8,road_loopA_f0,road_loopA_f1,6537.6,6648.1,110.5,1303.0,42.4,0
4868,car,4.5,road_loopA_f0,road_loopA_f1,6497.9,6648.7,150.8,1303.5,31.1,1
4897,car,4.5,road_loopA_r0,xloopA_0Ab,6521.9,6649.4,127.5,869.0,24.5,2
4932,car,4.5,road_loopA_f0,road_loopA_f1,6554.4,6649.5,95.1,1303.2,49.3,0
4948,car,4.5,road_loopA_f0,xloopA_0Bb,6570.6,6650.2,79.6,478.9,21.6,1
4880,truck,8.5,road_loopA_f0,road_loopA_f1,6507.8,6650.9,143.1,1303.5,32.8,1
4962,car,4.5,road_loopA_f0,xloopA_0Bb,6577.6,6657.5,79.9,478.6,21.6,2
4936,truck,8.5,road_loopA_f0,road_loopA_f1,6560.5,6658.5,98.0,1302.9,47.9,0
4935,car,4.5,road_loopA_r0,xloopA_0Ab,6558.6,6659.4,100.8,869.3,31.0,1
4991,suv,4.8,road_loopA_f0,xloopA_0Bb,6600.7,6664.1,63.4,479.2,27.2,0
4943,car,4.5,road_loopA_f0,road_loopA_f1,6568.2,6664.6,96.4,1303.0,48.7,0
4919,car,4.5,road_loopA_f0,road_loopA_f1,6541.9,6672.6,130.7,1303.7,35.9,0
4921,car,4.5,road_loopA_r0,road_loopA_r1,6542.9,6675.1,132.2,1297.2,35.3,1
4929,car,4.5,road_loopA_r0,road_loopA_r1,6551.5,6676.8,125.3,1298.2,37.3,1
4926,car,4.5,road_loopA_r0,road_loopA_r1,6548.3,6681.1,132.8,1298.2,35.2,1
4930,car,4.5,road_loopA_r0,road_loopA_r1,6552.5,6681.8,129.3,1298.1,36.1,1
4916,car,4.5,road_loopA_r0,road_loopA_r1,6539.2,6683.4,144.2,1298.0,32.4,1
4937,car,4.5,road_loopA_r0,road_loopA_r1,6560.8,6684.9,124.1,1297.8,37.7,1
4908,truck,8.5,road_loopA_r0,road_loopA_r1,6532.0,6685.8,153.8,1297.4,30.4,1
4942,car,4.5,road_loopA_r0,road_loopA_r1,6566.0,6688.2,122.2,1298.1,38.2,1
4918,suv,4.8,road_loopA_r0,road_loopA_r1,6541.7,6688.4,146.7,1297.3,31.8,1
4922,car,4.5,road_loopA_r0,road_loopA_r1,6543.7,6690.1,146.4,1298.0,31.9,1
4925,truck,8.5,road_loopA_r0,road_loopA_r1,6548.1,6690.9,142.8,1297.7,32.7,1
4939,car,4.5,road_loopA_r0,road_loopA_r1,6562.0,6690.9,128.9,1298.5,36.3,1
4956,car,4.5,road_loopA_r0,road_loopA_r1,6574.3,6691.8,117.5,1297.7,39.7,1
4928,car,4.5,road_loopA_r0,road_loopA_r1,6549.2,6692.9,143.7,1297.7,32.5,1
4949,car,4.5,road_loopA_r0,road_loopA_r1,6570.5,6693.4,122.9,1298.1,38.0,1
4941,car,4.5,road_loopA_r0,road_loopA_r1,6565.4,6694.5,129.1,1297.4,36.2,1
4944,suv,4.8,road_loopA_r0,road_loopA_r1,6569.0,6696.3,127.3,1298.3,36.7,1
4963,suv,4.8,road_loopA_r0,road_loopA_r1,6578.1,6696.3,118.2,1298.3,39.5,1
4950,car,4.5,road_loopA_r0,road_loopA_r1,6570.9,6697.4,126.5,1297.6,36.9,1
4969,car,4.5,road_loopA_r0,road_loopA_r1,6582.4,6699.0,116.6,1297.8,40.1,2
4934,suv,4.8,road_loopA_r0,road_loopA_r1,6556.9,6701.0,144.1,1297.5,32.4,1
4960,suv,4.8,road_loopA_r0,road_loopA_r1,6576.8,6701.3,124.5,1297.9,37.5,0
4951,car,4.5,road_loopA_f0,road_loopA_f1,6571.8,6702.4,130.6,1302.9,35.9,1
4982,car,4.5,road_loopA_r0,road_loopA_r1,6595.8,6702.4,106.6,1297.3,43.8,0
4938,car,4.5,road_loopA_r0,road_loopA_r1,6561.9,6702.9,141.0,1297.9,33.1,1
4954,car,4.5,road_loopA_r0,road_loopA_r1,6573.0,6703.2,130.2,1298.2,35.9,1
4945,car,4.5,road_loopA_r0,road_loopA_r1,6569.3,6704.6,135.3,1298.5,34.5,1
4977,car,4.5,road_loopA_r0,road_loopA_r1,6592.2,6704.9,112.7,1298.3,41.5,0
4985,car,4.5,road_loopA_r0,road_loopA_r1,6597.7,6705.1,107.4,1297.5,43.5,0
4967,car,4.5,road_loopA_r0,road_loopA_r1,6581.7,6706.3,124.6,1298.7,37.5,0
4993,car,4.5,road_loopA_r0,road_loopA_r1,6603.3,6706.8,103.5,1297.8,45.1,0
4973,car,4.5,road_loopA_r0,road_loopA_r1,6584.6,6707.3,122.7,1298.0,38.1,0
4972,suv,4.8,road_loopA_r0,road_loopA_r1,6583.4,6708.0,124.6,1298.5,37.5,0
4958,suv,4.8,road_loopA_f0,road_loopA_f1,6575.6,6708.1,132.5,1303.9,35.4,1
4947,car,4.5,road_loopA_f0,road_loopA_f1,6569.7,6708.6,138.9,1303.2,33.8,1
4975,suv,4.8,road_loopA_r0,road_loopA_r1,6590.9,6708.8,117.9,1297.3,39.6,0
4952,car,4.5,road_loopA_r0,road_loopA_r1,6572.1,6708.9,136.8,1297.8,34.1,1
4981,car,4.5,road_loopA_r0,road_loopA_r1,6594.6,6710.3,115.7,1297.5,40.4,0
5029,suv,4.8,road_loopA_f0,xloopA_0Ab,6630.7,6710.4,79.7,505.7,22.8,1
4968,car,4.5,road_loopA_f0,road_loopA_f1,6582.2,6710.8,128.6,1304.2,36.5,1
4983,suv,4.8,road_loopA_r0,road_loopA_r1,6596.9,6711.5,114.6,1298.6,40.8,0
5043,car,4.5,road_loopA_f0,xloopA_0Ab,6645.9,6713.0,67.1,505.4,27.1,1
4989,suv,4.8,road_loopA_r0,road_loopA_r1,6600.0,6713.3,113.3,1298.4,41.3,0
4966,car,4.5,road_loopA_f0,road_loopA_f1,6580.7,6713.4,132.7,1303.0,35.3,1
4992,car,4.5,road_loopA_r0,road_loopA_r1,6602.2,6713.5,111.3,1297.4,41.9,0
4994,car,4.5,road_loopA_r0,road_loopA_r1,6606.4,6715.1,108.7,1297.5,43.0,0
4995,car,4.5,road_loopA_r0,road_loopA_r1,6608.0,6715.6,107.6,1297.3,43.4,0
5066,car,4.5,road_loopA_f0,xloopA_0Ab,6665.6,6716.0,50.4,505.1,36.1,0
4953,car,4.5,road_loopA_f0,road_loopA_f1,6572.6,6716.3,143.7,1303.9,32.7,1
5010,car,4.5,road_loopA_r0,road_loopA_r1,6617.3,6719.3,102.0,1297.9,45.8,0
4996,car,4.5,road_loopA_r0,road_loopA_r1,6609.1,6719.8,110.7,1298.4,42.2,0
5001,car,4.5,road_loopA_r0,road_loopA_r1,6612.1,6721.5,109.4,1298.0,42.7,0
4990,suv,4.8,road_loopA_r0,road_loopA_r1,6600.4,6721.6,121.2,1298.0,38.5,0
4976,truck,8.5,road_loopA_f0,road_loopA_f1,6591.2,6721.7,130.5,1303.4,35.9,1
5017,car,4.5,road_loopA_r0,road_loopA_r1,6621.1,6723.6,102.5,1297.5,45.6,0
4988,car,4.5,road_loopA_f0,road_loopA_f1,6600.0,6723.8,123.8,1303.5,37.9,1
5000,car,4.5,road_loopA_r0,road_loopA_r1,6611.7,6724.1,112.4,1297.6,41.6,0
4957,truck,8.5,road_loopA_f0,road_loopA_f1,6574.6,6724.5,149.9,1303.3,31.3,1
5003,car,4.5,road_loopA_r0,road_loopA_r1,6613.6,6725.1,111.5,1298.4,41.9,0
5034,car,4.5,xloopA_0Aa,xloopA_0Ab,6633.9,6725.1,91.2,84.3,3.3,1
4974,suv,4.8,road_loopA_f0,road_loopA_f1,6590.3,6725.3,135.0,1303.9,34.8,1
5025,suv,4.8,road_loopA_r0,road_loopA_r1,6627.6,6725.3,97.7,1297.5,47.8,0
5002,car,4.5,road_loopA_f0,road_loopA_f1,6612.7,6725.5,112.8,1303.3,41.6,0
4980,car,4.5,road_loopA_f0,road_loopA_f1,6594.1,6727.3,133.2,1303.5,35.2,1
5008,car,4.5,road_loopA_r0,road_loopA_r1,6616.6,6727.3,110.7,1298.3,42.2,0
4998,car,4.5,road_loopA_f0,road_loopA_f1,6610.8,6727.7,116.9,1303.9,40.2,0
5078,car,4.5,xloopA_0Aa,xloopA_0Ab,6675.6,6727.8,52.2,84.7,5.8,1
5012,car,4.5,road_loopA_r0,road_loopA_r1,6618.2,6729.0,110.8,1297.3,42.1,0
4999,car,4.5,road_loopA_f0,road_loopA_f1,6611.5,6729.1,117.6,1303.2,39.9,0
5013,car,4.5,road_loopA_r0,road_loopA_r1,6618.8,6729.7,110.9,1297.8,42.1,0
5089,car,4.5,xloopA_0Aa,xloopA_0Ab,6684.1,6729.9,45.8,84.5,6.6,1
4971,car,4.5,xloopA_0Ba,road_loopA_f1,6583.0,6730.2,147.2,902.7,22.1,1
5006,car,4.5,road_loopA_f0,road_loopA_f1,6614.6,6730.4,115.8,1303.8,40.5,1
5009,car,4.5,road_loopA_f0,road_loopA_f1,6617.0,6731.3,114.3,1303.1,41.1,0
5015,car,4.5,road_loopA_r0,road_loopA_r1,6620.3,6731.4,111.1,1298.3,42.1,0
5093,car,4.5,xloopA_0Ba,xloopA_0Bb,6686.8,6731.6,44.8,84.2,6.8,1
5021,suv,4.8,road_loopA_r0,road_loopA_r1,6624.2,6731.7,107.5,1297.7,43.4,0
5036,car,4.5,road_loopA_f0,road_loopA_f1,6635.5,6732.1,96.6,1303.7,48.6,0
5121,car,4.5,xloopA_0Aa,xloopA_0Ab,6707.3,6732.1,24.8,84.2,12.2,0
4959,suv,4.8,road_loopA_r0,road_loopA_r1,6576.3,6732.3,156.0,1297.7,29.9,0
4961,truck,8.5,road_loopA_f0,road_loopA_f1,6576.9,6732.5,155.6,1303.6,30.2,1
5016,car,4.5,road_loopA_f0,road_loopA_f1,6620.6,6733.1,112.5,1303.6,41.7,0
4979,suv,4.8,road_loopA_f0,road_loopA_f1,6592.3,6734.3,142.0,1303.8,33.1,1
5120,car,4.5,xloopA_0Ba,xloopA_0Bb,6705.7,6734.4,28.7,84.3,10.6,0
5007,truck,8.5,road_loopA_r0,road_loopA_r1,6615.0,6734.6,119.6,1298.2,39.1,0
4978,car,4.5,road_loopA_f0,road_loopA_f1,6592.3,6734.7,142.4,1303.8,33.0,1
5004,car,4.5,road_loopA_f0,road_loopA_f1,6614.4,6736.2,121.8,1304.1,38.5,0
4997,car,4.5,road_loopA_f0,road_loopA_f1,6609.6,6736.4,126.8,1303.8,37.0,0
5038,car,4.5,road_loopA_f0,road_loopA_f1,6642.4,6737.5,95.1,1303.5,49.4,0
5027,suv,4.8,road_loopA_f0,road_loopA_f1,6629.2,6738.6,109.4,1303.1,42.9,0
5032,suv,4.8,road_loopA_f0,road_loopA_f1,6633.2,6738.6,105.4,1303.9,44.5,0
5044,car,4.5,road_loopA_f0,road_loopA_f1,6646.4,6740.1,93.7,1304.0,50.1,0
5040,car,4.5,road_loopA_f0,road_loopA_f1,6643.4,6740.3,96.9,1303.3,48.4,0
5041,car,4.5,road_loopA_f0,road_loopA_f1,6643.5,6740.3,96.8,1303.2,48.5,0
5045,suv,4.8,road_loopA_f0,road_loopA_f1,6647.1,6742.6,95.5,1303.5,49.1,0
5063,car,4.5,road_loopA_f0,xloopA_0Bb,6664.1,6744.7,80.6,478.5,21.4,1
5048,suv,4.8,road_loopA_f0,road_loopA_f1,6650.0,6745.9,95.9,1303.4,48.9,0
5011,suv,4.8,road_loopA_f0,road_loopA_f1,6617.9,6746.1,128.2,1303.2,36.6,0
5052,suv,4.8,road_loopA_f0,road_loopA_f1,6656.3,6747.2,90.9,1303.1,51.6,0
4965,car,4.5,road_loopA_f0,road_loopA_f1,6580.5,6747.9,167.4,1302.9,28.0,1
5053,suv,4.8,road_loopA_f0,road_loopA_f1,6656.8,6749.6,92.8,1302.9,50.5,0
5057,car,4.5,road_loopA_f0,road_loopA_f1,6660.8,6750.1,89.3,1303.1,52.5,0
5082,suv,4.8,road_loopA_f0,xloopA_0Bb,6678.8,6751.2,72.4,479.1,23.8,1
5071,suv,4.8,road_loopA_r0,xloopA_0Ab,6669.2,6753.0,83.8,869.4,37.3,1
4955,truck,8.5,road_loopA_f0,road_loopA_f1,6573.9,6753.9,180.0,1303.4,26.1,1
5046,truck,8.5,road_loopA_f0,road_loopA_f1,6647.9,6755.3,107.4,1303.4,43.7,0
5055,suv,4.8,road_loopA_f0,road_loopA_f1,6659.8,6756.3,96.5,1302.8,48.6,0
5018,car,4.5,xloopA_0Ba,road_loopA_f1,6621.7,6757.3,135.6,902.3,24.0,0
5062,car,4.5,road_loopA_f0,road_loopA_f1,6663.1,6758.0,94.9,1303.0,49.4,0
5065,suv,4.8,road_loopA_f0,road_loopA_f1,6664.8,6758.1,93.3,1303.9,50.3,0
5125,suv,4.8,road_loopA_f0,xloopA_0Bb,6713.0,6758.4,45.4,479.0,38.0,0
5051,truck,8.5,road_loopA_f0,road_loopA_f1,6656.0,6762.4,106.4,1303.7,44.1,0
5024,suv,4.8,road_loopA_r0,road_loopA_r1,6625.0,6768.5,143.5,1298.1,32.6,1
5141,truck,8.5,road_loopA_f0,xloopA_0Bb,6723.2,6768.9,45.7,479.0,37.8,0
5031,suv,4.8,road_loopA_r0,road_loopA_r1,6633.2,6770.2,137.0,1298.0,34.1,1
5039,suv,4.8,road_loopA_r0,road_loopA_r1,6642.8,6773.2,130.4,1298.2,35.8,1
5020,car,4.5,road_loopA_r0,road_loopA_r1,6623.9,6774.9,151.0,1297.5,30.9,1
5042,car,4.5,road_loopA_r0,road_loopA_r1,6643.6,6775.8,132.2,1298.6,35.4,1
5028,car,4.5,xloopA_0Ba,road_loopA_r1,6630.7,6776.7,146.0,476.6,11.7,1
5026,suv,4.8,road_loopA_r0,road_loopA_r1,6628.6,6778.9,150.3,1298.6,31.1,1
5030,car,4.5,road_loopA_r0,road_loopA_r1,6631.8,6778.9,147.1,1298.3,31.8,1
5035,suv,4.8,road_loopA_r0,road_loopA_r1,6635.0,6780.6,145.6,1297.8,32.1,1
5054,car,4.5,road_loopA_r0,road_loopA_r1,6657.8,6780.7,122.9,1298.1,38.0,1
5079,car,4.5,xloopA_0Ba,road_loopA_r1,6677.2,6781.0,103.8,476.5,16.5,1
5037,car,4.5,road_loopA_r0,road_loopA_r1,6641.9,6782.4,140.5,1298.0,33.3,1
5061,car,4.5,road_loopA_r0,road_loopA_r1,6662.4,6782.6,120.2,1298.0,38.9,1
5047,car,4.5,road_loopA_r0,road_loopA_r1,6649.0,6783.0,134.0,1297.4,34.9,1
5049,suv,4.8,road_loopA_r0,road_loopA_r1,6652.9,6784.1,131.2,1298.1,35.6,1
5058,car,4.5,road_loopA_r0,road_loopA_r1,6662.0,6784.7,122.7,1298.2,38.1,1
5080,car,4.5,road_loopA_r0,road_loopA_r1,6677.6,6784.7,107.1,1297.9,43.6,0
5056,car,4.5,road_loopA_r0,road_loopA_r1,6660.5,6785.8,125.3,1297.3,37.3,1
5059,car,4.5,road_loopA_r0,road_loopA_r1,6662.1,6786.5,124.4,1298.6,37.6,1
5084,car,4.5,road_loopA_r0,road_loopA_r1,6679.5,6787.3,107.8,1297.4,43.3,0
5064,car,4.5,road_loopA_r0,road_loopA_r1,6664.0,6787.7,123.7,1297.5,37.8,1
5068,car,4.5,road_loopA_r0,road_loopA_r1,6666.8,6788.3,121.5,1298.3,38.5,1
5085,car,4.5,road_loopA_r0,road_loopA_r1,6679.6,6788.9,109.3,1298.0,42.7,0
5070,car,4.5,road_loopA_r0,road_loopA_r1,6667.5,6789.5,122.0,1298.3,38.3,1
5081,car,4.5,road_loopA_r0,road_loopA_r1,6678.4,6790.3,111.9,1298.3,41.8,0
5091,car,4.5,road_loopA_r0,road_loopA_r1,6684.6,6790.7,106.1,1297.8,44.1,0
5092,truck,8.5,road_loopA_r0,road_loopA_r1,6686.2,6791.9,105.7,1297.4,44.2,0
5095,car,4.5,road_loopA_r0,road_loopA_r1,6688.1,6792.2,104.1,1298.6,44.9,1
5107,car,4.5,road_loopA_r0,road_loopA_r1,6699.2,6793.2,94.0,1297.5,49.7,0
5110,car,4.5,road_loopA_r0,xloopA_0Ab,6701.3,6793.5,92.2,869.1,33.9,1
4986,bus,11.0,road_loopA_f0,road_loopA_f1,6599.6,6793.6,194.0,1303.2,24.2,2
5109,suv,4.8,road_loopA_r0,road_loopA_r1,6700.0,6795.2,95.2,1298.4,49.1,0
5100,car,4.5,road_loopA_r0,road_loopA_r1,6692.3,6796.3,104.0,1297.6,44.9,0
5072,car,4.5,road_loopA_f0,road_loopA_f1,6669.9,6797.3,127.4,1303.9,36.9,1
5069,suv,4.8,road_loopA_f0,road_loopA_f1,6667.2,6797.7,130.5,1303.4,36.0,1
5117,car,4.5,road_loopA_r0,road_loopA_r1,6704.5,6799.2,94.7,1297.8,49.4,0
5073,suv,4.8,road_loopA_f0,road_loopA_f1,6670.2,6799.4,129.2,1303.3,36.3,1
5102,truck,8.5,road_loopA_r0,road_loopA_r1,6692.9,6800.3,107.4,1298.2,43.5,0
5113,suv,4.8,road_loopA_r0,road_loopA_r1,6702.2,6801.1,98.9,1298.4,47.3,0
5077,car,4.5,road_loopA_f0,road_loopA_f1,6674.8,6802.0,127.2,1303.8,36.9,1
5067,suv,4.8,road_loopA_f0,road_loopA_f1,6666.0,6802.2,136.2,1303.1,34.4,1
345,tram,34.0,loopA,loopA,2455.1,6802.4,4347.3,33703.3,27.9,40
5119,car,4.5,road_loopA_r0,road_loopA_r1,6705.7,6803.1,97.4,1297.8,48.0,0
5086,car,4.5,road_loopA_f0,road_loopA_f1,6680.0,6803.7,123.7,1304.1,37.9,1
5105,car,4.5,road_loopA_r0,road_loopA_r1,6697.3,6803.7,106.4,1297.3,43.9,0
5088,car,4.5,road_loopA_f0,xloopA_0Ab,6681.6,6803.8,122.2,505.1,14.9,1
5074,suv,4.8,road_loopA_f0,road_loopA_f1,6671.3,6803.9,132.6,1302.9,35.4,1
5083,car,4.5,road_loopA_f0,road_loopA_f1,6679.4,6804.0,124.6,1303.0,37.6,1
5124,suv,4.8,road_loopA_r0,road_loopA_r1,6709.2,6804.5,95.3,1298.0,49.1,0
5087,car,4.5,road_loopA_f0,road_loopA_f1,6681.5,6805.4,123.9,1303.2,37.9,1
5106,suv,4.8,road_loopA_r0,road_loopA_r1,6698.5,6805.5,107.0,1298.6,43.7,0
5126,car,4.5,road_loopA_r0,road_loopA_r1,6714.9,6806.0,91.1,1298.6,51.3,0
5094,car,4.5,road_loopA_f0,xloopA_0Ab,6687.0,6806.4,119.4,505.2,15.2,1
5118,suv,4.8,road_loopA_r0,road_loopA_r1,6705.6,6807.3,101.7,1298.5,45.9,0
5128,car,4.5,road_loopA_r0,road_loopA_r1,6715.1,6807.6,92.5,1298.3,50.5,0
5101,truck,8.5,road_loopA_f0,road_loopA_f1,6692.6,6808.6,116.0,1303.6,40.4,1
5139,car,4.5,road_loopA_f0,xloopA_0Ab,6720.6,6809.1,88.5,505.4,20.6,1
5134,car,4.5,road_loopA_r0,road_loopA_r1,6718.9,6809.3,90.4,1297.5,51.7,0
5137,car,4.5,road_loopA_r0,road_loopA_r1,6719.9,6811.0,91.1,1298.1,51.3,0
5166,car,4.5,road_loopA_f0,xloopA_0Ab,6743.1,6811.7,68.6,505.0,26.5,0
5135,car,4.5,road_loopA_r0,road_loopA_r1,6719.6,6812.0,92.4,1297.8,50.6,0
5090,truck,8.5,road_loopA_f0,road_loopA_f1,6684.6,6812.3,127.7,1302.9,36.7,1
5098,car,4.5,road_loopA_f0,road_loopA_f1,6691.1,6813.1,122.0,1304.0,38.5,1
5096,car,4.5,road_loopA_f0,road_loopA_f1,6689.9,6814.3,124.4,1303.0,37.7,1
5174,car,4.5,road_loopA_f0,xloopA_0Ab,6754.8,6814.4,59.6,505.0,30.5,0
5108,suv,4.8,road_loopA_f0,road_loopA_f1,6699.9,6814.8,114.9,1303.1,40.8,1
5140,car,4.5,road_loopA_r0,road_loopA_r1,6721.6,6815.2,93.6,1298.6,49.9,0
5143,car,4.5,road_loopA_r0,road_loopA_r1,6723.9,6815.4,91.5,1298.1,51.1,0
5097,truck,8.5,road_loopA_f0,road_loopA_f1,6690.7,6816.1,125.4,1303.2,37.4,1
5114,car,4.5,road_loopA_f0,road_loopA_f1,6703.0,6816.6,113.6,1304.1,41.3,0
5144,car,4.5,road_loopA_r0,road_loopA_r1,6724.7,6816.8,92.1,1297.4,50.7,0
5099,car,4.5,road_loopA_f0,road_loopA_f1,6691.9,6818.0,126.1,1303.0,37.2,1
5155,car,4.5,xloopA_0Ba,xloopA_0Bb,6733.5,6818.1,84.6,84.5,3.6,1
5147,car,4.5,road_loopA_r0,road_loopA_r1,6726.6,6818.3,91.7,1297.6,50.9,0
5050,bus,11.0,road_loopA_r0,road_loopA_r1,6653.7,6818.9,165.2,1298.0,28.3,2
5123,car,4.5,road_loopA_f0,road_loopA_f1,6708.9,6819.4,110.5,1303.5,42.5,0
5104,car,4.5,road_loopA_f0,road_loopA_f1,6694.6,6819.7,125.1,1302.9,37.5,1
5145,car,4.5,road_loopA_r0,road_loopA_r1,6726.4,6820.0,93.6,1298.2,49.9,0
5168,car,4.5,xloopA_0Aa,xloopA_0Ab,6745.9,6820.4,74.5,84.0,4.1,1
5129,car,4.5,road_loopA_f0,road_loopA_f1,6715.5,6820.5,105.0,1303.1,44.7,0
5111,car,4.5,road_loopA_f0,road_loopA_f1,6701.6,6821.6,120.0,1303.5,39.1,1
5103,suv,4.8,road_loopA_r0,road_loopA_r1,6694.1,6821.9,127.8,1297.8,36.5,0
5130,suv,4.8,road_loopA_f0,road_loopA_f1,6716.8,6822.1,105.3,1303.2,44.6,0
5112,suv,4.8,road_loopA_r0,road_loopA_r1,6701.6,6822.8,121.2,1297.9,38.5,0
5116,car,4.5,road_loopA_f0,road_loopA_f1,6704.2,6823.3,119.1,1303.7,39.4,0
5249,car,4.5,xloopA_0Ba,xloopA_0Bb,6810.1,6824.6,14.5,84.1,20.8,0
5132,car,4.5,road_loopA_f0,road_loopA_f1,6718.2,6824.9,106.7,1302.8,44.0,0
5127,suv,4.8,road_loopA_f0,road_loopA_f1,6715.1,6825.0,109.9,1302.9,42.7,0
5146,car,4.5,road_loopA_f0,road_loopA_f1,6726.6,6825.5,98.9,1302.8,47.4,0
5122,bus,11.0,road_loopA_r0,road_loopA_r1,6708.2,6825.8,117.6,1297.3,39.7,0
5136,suv,4.8,road_loopA_f0,road_loopA_f1,6720.0,6826.8,106.8,1302.9,43.9,0
5138,truck,8.5,road_loopA_r0,road_loopA_r1,6720.2,6827.2,107.0,1298.4,43.7,0
5149,suv,4.8,road_loopA_f0,road_loopA_f1,6730.2,6827.2,97.0,1302.9,48.4,0
5151,car,4.5,road_loopA_f0,road_loopA_f1,6731.6,6829.9,98.3,1303.5,47.7,0
5148,truck,8.5,road_loopA_f0,road_loopA_f1,6728.7,6830.7,102.0,1302.9,46.0,0
5158,car,4.5,road_loopA_f0,road_loopA_f1,6738.1,6832.7,94.6,1303.4,49.6,0
5153,truck,8.5,road_loopA_f0,road_loopA_f1,6732.0,6834.0,102.0,1303.6,46.0,0
5160,suv,4.8,road_loopA_f0,road_loopA_f1,6739.1,6834.4,95.3,1302.8,49.2,0
5159,suv,4.8,road_loopA_f0,road_loopA_f1,6738.1,6836.0,97.9,1303.4,48.0,0
5162,car,4.5,road_loopA_f0,road_loopA_f1,6740.5,6837.2,96.7,1304.0,48.5,0
5164,truck,8.5,road_loopA_f0,road_loopA_f1,6742.9,6838.9,96.0,1303.3,48.9,0
5167,suv,4.8,road_loopA_f0,road_loopA_f1,6745.8,6841.6,95.8,1303.4,49.0,0
5172,car,4.5,road_loopA_f0,road_loopA_f1,6751.4,6841.6,90.2,1304.0,52.0,0
5169,car,4.5,road_loopA_f0,road_loopA_f1,6747.3,6841.7,94.4,1303.3,49.7,0
5152,truck,8.5,road_loopA_r0,xloopA_0Ab,6731.7,6845.0,113.3,869.2,27.6,2
5236,car,4.5,road_loopA_f0,xloopA_0Bb,6797.7,6845.1,47.4,478.8,36.4,0
5252,suv,4.8,road_loopA_f0,xloopA_0Bb,6811.9,6849.9,38.0,478.8,45.3,0
5180,car,4.5,road_loopA_f0,road_loopA_f1,6757.7,6850.1,92.4,1303.0,50.8,0
5133,truck,8.5,road_loopA_r0,xloopA_0Ab,6718.8,6850.3,131.5,869.0,23.8,3
5150,suv,4.8,road_loopA_r0,road_loopA_r1,6731.0,6862.5,131.5,1297.6,35.5,1
5163,car,4.5,road_loopA_r0,road_loopA_r1,6740.8,6865.6,124.8,1297.6,37.4,1
5179,car,4.5,road_loopA_r0,road_loopA_r1,6756.3,6868.8,112.5,1298.4,41.6,1
5176,suv,4.8,road_loopA_r0,road_loopA_r1,6755.9,6871.9,116.0,1298.0,40.3,1
5186,car,4.5,road_loopA_r0,road_loopA_r1,6761.5,6873.9,112.4,1298.3,41.6,1
5156,car,4.5,road_loopA_r0,road_loopA_r1,6736.1,6875.9,139.8,1298.0,33.4,1
5173,suv,4.8,road_loopA_r0,road_loopA_r1,6754.6,6878.2,123.6,1298.2,37.8,1
5165,car,4.5,road_loopA_r0,road_loopA_r1,6742.8,6878.6,135.8,1297.7,34.4,1
5194,car,4.5,road_loopA_r0,road_loopA_r1,6767.2,6879.9,112.7,1297.9,41.5,14
5171,suv,4.8,road_loopA_r0,road_loopA_r1,6748.2,6881.8,133.6,1297.9,35.0,1
5195,car,4.5,road_loopA_r0,road_loopA_r1,6768.1,6881.8,113.7,1298.0,41.1,13
5198,car,4.5,xloopA_0Aa,road_loopA_r1,6771.1,6882.7,111.6,506.5,16.3,1
5192,car,4.5,road_loopA_r0,road_loopA_r1,6765.8,6883.9,118.1,1298.3,39.6,1
5184,car,4.5,road_loopA_r0,road_loopA_r1,6760.5,6885.1,124.6,1297.6,37.5,1
5211,truck,8.5,road_loopA_r0,road_loopA_r1,6780.7,6886.5,105.8,1297.4,44.1,0
5170,truck,8.5,road_loopA_r0,road_loopA_r1,6747.9,6887.4,139.5,1298.0,33.5,1
5205,suv,4.8,road_loopA_r0,road_loopA_r1,6776.8,6889.4,112.6,1298.3,41.5,0
5175,suv,4.8,road_loopA_r0,road_loopA_r1,6755.3,6889.5,134.2,1298.2,34.8,1
5181,car,4.5,road_loopA_f0,road_loopA_f1,6759.1,6890.0,130.9,1303.0,35.8,1
5189,car,4.5,xloopA_0Ba,road_loopA_r1,6762.4,6891.2,128.8,476.6,13.3,1
5215,suv,4.8,road_loopA_r0,road_loopA_r1,6782.5,6891.2,108.7,1297.6,43.0,0
5187,car,4.5,road_loopA_f0,road_loopA_f1,6761.8,6891.9,130.1,1303.9,36.1,1
5197,truck,8.5,road_loopA_r0,road_loopA_r1,6768.6,6892.0,123.4,1297.6,37.9,0
5142,suv,4.8,road_loopA_r0,road_loopA_r1,6723.9,6892.9,169.0,1297.8,27.6,1
5229,car,4.5,road_loopA_r0,road_loopA_r1,6792.8,6893.4,100.6,1297.7,46.4,0
5217,car,4.5,road_loopA_r0,road_loopA_r1,6784.4,6894.3,109.9,1297.6,42.5,0
5154,suv,4.8,road_loopA_r0,road_loopA_r1,6732.8,6894.6,161.8,1297.9,28.9,1
5204,car,4.5,road_loopA_f0,road_loopA_f1,6776.0,6895.3,119.3,1303.2,39.3,1
5230,suv,4.8,road_loopA_r0,road_loopA_r1,6793.9,6895.7,101.8,1297.3,45.9,0
5157,bus,11.0,road_loopA_f0,road_loopA_f1,6737.8,6896.1,158.3,1302.8,29.6,2
5223,car,4.5,road_loopA_r0,road_loopA_r1,6790.0,6896.2,106.2,1298.5,44.0,0
5161,suv,4.8,road_loopA_r0,road_loopA_r1,6739.8,6896.3,156.5,1298.5,29.9,1
4970,car,4.5,road_loopA_r0,xloopA_0Bb,6582.8,6896.8,314.0,895.7,10.3,3
5190,car,4.5,road_loopA_f0,xloopA_0Ab,6764.9,6897.3,132.4,505.3,13.7,1
5207,suv,4.8,road_loopA_r0,road_loopA_r1,6777.2,6897.7,120.5,1297.5,38.7,1
5177,car,4.5,road_loopA_r0,road_loopA_r1,6756.2,6897.9,141.7,1297.8,33.0,1
5235,car,4.5,road_loopA_r0,road_loopA_r1,6796.9,6897.9,101.0,1298.3,46.3,0
5188,car,4.5,road_loopA_f0,road_loopA_f1,6761.8,6898.8,137.0,1302.8,34.2,1
4987,suv,4.8,road_loopA_r0,xloopA_0Bb,6599.9,6899.4,299.5,895.6,10.8,3
5185,car,4.5,road_loopA_r0,road_loopA_r1,6760.7,6899.6,138.9,1298.1,33.6,1
4940,car,4.5,road_loopA_r0,road_loopA_r1,6562.4,6899.7,337.3,1297.6,13.9,1
5216,car,4.5,road_loopA_r0,road_loopA_r1,6783.5,6899.7,116.2,1298.7,40.2,0
5201,car,4.5,road_loopA_r0,road_loopA_r1,6774.2,6901.3,127.1,1298.3,36.8,0
5220,car,4.5,road_loopA_r0,road_loopA_r1,6786.6,6901.4,114.8,1297.6,40.7,0
5005,car,4.5,road_loopA_r0,xloopA_0Bb,6614.4,6902.1,287.7,895.6,11.2,3
5246,car,4.5,road_loopA_r0,road_loopA_r1,6807.8,6902.5,94.7,1297.6,49.3,0
5206,car,4.5,road_loopA_r0,road_loopA_r1,6777.1,6903.0,125.9,1298.2,37.1,0
5033,suv,4.8,road_loopA_r0,xloopA_0Bb,6633.7,6904.8,271.1,895.7,11.9,2
5213,suv,4.8,road_loopA_r0,road_loopA_r1,6781.4,6904.8,123.4,1297.3,37.9,0
5222,car,4.5,road_loopA_r0,road_loopA_r1,6788.2,6904.8,116.6,1298.4,40.1,0
5241,car,4.5,road_loopA_r0,road_loopA_r1,6804.8,6905.4,100.6,1298.1,46.5,0
5221,car,4.5,road_loopA_f0,road_loopA_f1,6787.0,6905.5,118.5,1303.4,39.6,1
5257,car,4.5,road_loopA_r0,road_loopA_r1,6817.2,6907.0,89.8,1297.3,52.0,0
5210,suv,4.8,road_loopA_r0,road_loopA_r1,6780.2,6907.2,127.0,1298.2,36.8,0
5060,car,4.5,road_loopA_r0,xloopA_0Bb,6662.3,6907.5,245.2,895.6,13.2,3
5199,car,4.5,road_loopA_f0,road_loopA_f1,6773.0,6908.0,135.0,1303.6,34.8,1
5263,suv,4.8,road_loopA_r0,road_loopA_r1,6818.7,6908.1,89.4,1298.0,52.3,0
5183,car,4.5,road_loopA_f0,road_loopA_f1,6760.3,6908.6,148.3,1303.6,31.6,1
5250,truck,8.5,road_loopA_r0,road_loopA_r1,6811.4,6909.6,98.2,1298.4,47.6,0
5258,car,4.5,road_loopA_r0,road_loopA_r1,6817.3,6910.8,93.5,1298.2,50.0,0
5219,car,4.5,road_loopA_f0,road_loopA_f1,6785.0,6911.7,126.7,1303.4,37.0,1
5256,car,4.5,road_loopA_r0,road_loopA_r1,6816.0,6911.7,95.7,1297.8,48.8,0
5280,car,4.5,xloopA_0Ba,xloopA_0Bb,6830.3,6911.7,81.4,84.8,3.8,1
5285,car,4.5,xloopA_0Aa,xloopA_0Ab,6832.5,6912.1,79.6,84.7,3.8,1
5193,car,4.5,road_loopA_f0,road_loopA_f1,6766.2,6912.4,146.2,1302.8,32.1,1
5264,suv,4.8,road_loopA_r0,road_loopA_r1,6819.4,6912.5,93.1,1298.4,50.2,0
5226,car,4.5,road_loopA_f0,road_loopA_f1,6791.3,6913.4,122.1,1303.7,38.4,1
5232,car,4.5,road_loopA_f0,road_loopA_f1,6795.6,6914.2,118.6,1303.9,39.6,19
5290,car,4.5,xloopA_0Ba,xloopA_0Bb,6836.1,6914.6,78.5,84.7,3.9,1
5300,car,4.5,xloopA_0Aa,xloopA_0Ab,6842.3,6915.0,72.7,84.2,4.2,1
5238,car,4.5,road_loopA_f0,road_loopA_f1,6801.1,6915.5,114.4,1303.6,41.0,0
5336,car,4.5,xloopA_0Aa,xloopA_0Ab,6876.7,6917.2,40.5,84.1,7.5,1
5240,car,4.5,road_loopA_f0,road_loopA_f1,6804.4,6917.4,113.0,1303.6,41.5,0
5243,suv,4.8,road_loopA_f0,road_loopA_f1,6805.7,6919.0,113.3,1302.8,41.4,0
5332,car,4.5,xloopA_0Ba,xloopA_0Bb,6874.8,6919.5,44.7,84.4,6.8,0
5244,car,4.5,road_loopA_f0,road_loopA_f1,6806.0,6920.8,114.8,1302.9,40.9,1
5237,car,4.5,road_loopA_f0,road_loopA_f1,6800.5,6922.7,122.2,1303.6,38.4,0
5254,car,4.5,road_loopA_f0,road_loopA_f1,6815.5,6924.5,109.0,1302.8,43.0,0
5191,truck,8.5,road_loopA_f0,road_loopA_f1,6765.4,6925.2,159.8,1303.7,29.4,1
5248,suv,4.8,road_loopA_f0,road_loopA_f1,6809.1,6926.4,117.3,1304.0,40.0,0
5224,car,4.5,road_loopA_f0,road_loopA_f1,6790.3,6927.4,137.1,1303.8,34.2,1
5234,car,4.5,xloopA_0Aa,road_loopA_f1,6796.4,6927.4,131.0,872.4,24.0,0
5253,car,4.5,road_loopA_f0,road_loopA_f1,6815.3,6928.1,112.8,1302.9,41.6,0
5214,car,4.5,road_loopA_f0,road_loopA_f1,6782.5,6929.0,146.5,1303.1,32.0,1
5242,car,4.5,road_loopA_f0,road_loopA_f1,6805.8,6930.0,124.2,1303.0,37.8,0
5218,car,4.5,road_loopA_f0,road_loopA_f1,6785.0,6930.6,145.6,1303.6,32.2,1
5228,car,4.5,road_loopA_f0,road_loopA_f1,6792.7,6930.7,138.0,1303.6,34.0,1
5251,car,4.5,road_loopA_r0,xloopA_0Ab,6811.6,6931.7,120.1,869.1,26.1,2
5277,suv,4.8,road_loopA_f0,road_loopA_f1,6829.3,6932.1,102.8,1303.7,45.6,0
5178,bus,11.0,road_loopA_r0,road_loopA_r1,6756.1,6932.9,176.8,1297.9,26.4,2
5225,truck,8.5,road_loopA_f0,road_loopA_f1,6791.1,6933.2,142.1,1303.9,33.0,1
5239,car,4.5,road_loopA_f0,road_loopA_f1,6804.1,6934.7,130.6,1303.6,35.9,0
5247,car,4.5,road_loopA_f0,road_loopA_f1,6809.2,6935.2,126.0,1303.9,37.3,0
5245,car,4.5,road_loopA_f0,road_loopA_f1,6807.1,6937.2,130.1,1304.2,36.1,0
5182,car,4.5,xloopA_0Aa,road_loopA_f1,6760.2,6937.8,177.6,872.1,17.7,1
5255,car,4.5,road_loopA_f0,road_loopA_f1,6815.6,6938.0,122.4,1303.4,38.3,0
5208,car,4.5,road_loopA_f0,road_loopA_f1,6778.0,6939.3,161.3,1302.8,29.1,1
5209,car,4.5,xloopA_0Ba,road_loopA_f1,6779.3,6939.8,160.5,902.8,20.2,1
5279,suv,4.8,road_loopA_f0,road_loopA_f1,6830.2,6939.8,109.6,1303.0,42.8,0
5294,car,4.5,road_loopA_f0,road_loopA_f1,6838.9,6941.5,102.6,1303.2,45.7,0
5196,truck,8.5,road_loopA_f0,road_loopA_f1,6768.2,6942.0,173.8,1303.4,27.0,1
5259,car,4.5,road_loopA_f0,road_loopA_f1,6817.8,6943.3,125.5,1303.1,37.4,0
5297,car,4.5,road_loopA_f0,road_loopA_f1,6840.9,6943.3,102.4,1304.0,45.9,0
5200,car,4.5,road_loopA_f0,road_loopA_f1,6773.1,6944.0,170.9,1303.0,27.4,1
5304,car,4.5,road_loopA_f0,road_loopA_f1,6847.3,6945.0,97.7,1303.7,48.0,0
5262,car,4.5,road_loopA_f0,road_loopA_f1,6818.2,6945.1,126.9,1302.8,36.9,0
5202,truck,8.5,road_loopA_f0,road_loopA_f1,6774.2,6946.3,172.1,1303.3,27.3,1
5292,suv,4.8,road_loopA_f0,road_loopA_f1,6836.7,6946.8,110.1,1303.6,42.6,0
5267,car,4.5,road_loopA_f0,road_loopA_f1,6821.4,6947.0,125.6,1303.5,37.4,0
5212,suv,4.8,road_loopA_f0,road_loopA_f1,6781.0,6948.5,167.5,1303.0,28.0,1
5288,truck,8.5,road_loopA_f0,road_loopA_f1,6835.1,6949.3,114.2,1303.8,41.1,0
5283,car,4.5,road_loopA_f0,road_loopA_f1,6831.5,6949.9,118.4,1303.2,39.6,0
5231,suv,4.8,road_loopA_f0,road_loopA_f1,6794.2,6950.3,156.1,1304.1,30.1,1
5303,car,4.5,road_loopA_f0,road_loopA_f1,6847.2,6951.3,104.1,1303.9,45.1,0
5261,car,4.5,road_loopA_f0,road_loopA_f1,6818.1,6952.1,134.0,1303.2,35.0,0
5275,truck,8.5,road_loopA_f0,road_loopA_f1,6829.0,6952.1,123.1,1303.5,38.1,0
5272,car,4.5,road_loopA_f0,road_loopA_f1,6826.8,6953.1,126.3,1302.9,37.1,0
5345,suv,4.8,road_loopA_r0,xloopA_0Ab,6883.6,6953.9,70.3,869.5,44.6,0
5265,suv,4.8,road_loopA_f0,road_loopA_f1,6820.3,6954.0,133.7,1303.7,35.1,0
5269,car,4.5,road_loopA_f0,road_loopA_f1,6822.1,6955.9,133.8,1303.7,35.1,0
5233,bus,11.0,road_loopA_f0,road_loopA_f1,6796.3,6956.2,159.9,1303.3,29.3,2
5312,car,4.5,road_loopA_r0,xloopA_0Ab,6858.3,6957.0,98.7,869.3,31.7,1
5271,suv,4.8,road_loopA_r0,road_loopA_r1,6825.8,6959.2,133.4,1297.6,35.0,1
5266,car,4.5,road_loopA_r0,road_loopA_r1,6820.8,6960.2,139.4,1297.9,33.5,1
5282,car,4.5,road_loopA_r0,road_loopA_r1,6831.2,6961.9,130.7,1298.3,35.8,1
5380,truck,8.5,road_loopA_f0,xloopA_0Bb,6916.2,6961.9,45.7,478.7,37.7,0
5286,car,4.5,road_loopA_r0,road_loopA_r1,6832.6,6962.3,129.7,1298.3,36.0,1
5274,car,4.5,road_loopA_r0,road_loopA_r1,6828.9,6964.3,135.4,1298.5,34.5,1
5287,car,4.5,road_loopA_r0,road_loopA_r1,6833.2,6965.5,132.3,1297.6,35.3,1
5291,car,4.5,road_loopA_r0,road_loopA_r1,6836.4,6965.5,129.1,1298.3,36.2,1
5278,suv,4.8,road_loopA_r0,road_loopA_r1,6829.9,6967.2,137.3,1297.4,34.0,1
5301,car,4.5,xloopA_0Ba,road_loopA_r1,6844.1,6968.0,123.9,476.7,13.9,1
5298,suv,4.8,road_loopA_r0,road_loopA_r1,6841.4,6969.2,127.8,1298.5,36.6,1
5295,car,4.5,road_loopA_r0,road_loopA_r1,6840.2,6969.5,129.3,1298.4,36.1,1
5270,car,4.5,road_loopA_r0,road_loopA_r1,6824.6,6969.6,145.0,1297.7,32.2,1
5268,car,4.5,road_loopA_r0,road_loopA_r1,6821.8,6971.3,149.5,1297.8,31.3,1
5289,car,4.5,road_loopA_r0,road_loopA_r1,6835.8,6972.4,136.6,1298.6,34.2,1
5281,car,4.5,road_loopA_r0,road_loopA_r1,6830.5,6973.0,142.5,1298.2,32.8,1
5339,car,4.5,road_loopA_r0,xloopA_0Ab,6880.1,6974.5,94.4,869.0,33.1,1
5273,car,4.5,road_loopA_r0,road_loopA_r1,6828.5,6975.3,146.8,1297.7,31.8,1
5299,car,4.5,road_loopA_r0,road_loopA_r1,6842.3,6976.0,133.7,1298.4,35.0,1
5293,suv,4.8,road_loopA_r0,road_loopA_r1,6836.9,6976.6,139.7,1298.0,33.4,1
5284,car,4.5,road_loopA_r0,road_loopA_r1,6832.1,6977.4,145.3,1297.5,32.2,1
5310,suv,4.8,road_loopA_r0,road_loopA_r1,6857.1,6977.7,120.6,1298.5,38.7,1
5296,suv,4.8,road_loopA_r0,road_loopA_r1,6840.5,6978.3,137.8,1298.1,33.9,1
5313,car,4.5,road_loopA_r0,road_loopA_r1,6858.9,6979.8,120.9,1297.7,38.6,1
5309,car,4.5,road_loopA_r0,road_loopA_r1,6854.2,6979.9,125.7,1298.3,37.2,1
5305,car,4.5,road_loopA_r0,road_loopA_r1,6850.3,6980.0,129.7,1297.6,36.0,1
5311,car,4.5,road_loopA_r0,road_loopA_r1,6857.3,6982.1,124.8,1297.5,37.4,1
5320,car,4.5,road_loopA_r0,road_loopA_r1,6864.1,6982.4,118.3,1298.2,39.5,0
5302,suv,4.8,road_loopA_r0,road_loopA_r1,6844.5,6983.6,139.1,1297.4,33.6,1
5315,car,4.5,road_loopA_r0,road_loopA_r1,6860.4,6983.9,123.5,1297.8,37.8,1
5306,car,4.5,road_loopA_f0,road_loopA_f1,6853.1,6985.0,131.9,1303.7,35.6,1
5325,car,4.5,road_loopA_r0,road_loopA_r1,6868.5,6985.4,116.9,1298.0,40.0,0
5316,car,4.5,road_loopA_r0,road_loopA_r1,6860.7,6985.7,125.0,1298.1,37.4,1
5321,car,4.5,road_loopA_f0,road_loopA_f1,6864.3,6987.7,123.4,1304.0,38.0,1
5318,truck,8.5,road_loopA_r0,road_loopA_r1,6863.5,6987.9,124.4,1297.3,37.5,1
5346,car,4.5,road_loopA_r0,road_loopA_r1,6884.3,6988.1,103.8,1297.3,45.0,0
5307,suv,4.8,road_loopA_r0,road_loopA_r1,6853.1,6988.6,135.5,1298.1,34.5,1
5075,car,4.5,road_loopA_r0,xloopA_0Bb,6672.1,6990.2,318.1,895.3,10.1,4
5317,car,4.5,road_loopA_r0,road_loopA_r1,6863.1,6990.4,127.3,1298.3,36.7,1
5314,car,4.5,road_loopA_f0,road_loopA_f1,6860.4,6990.6,130.2,1303.8,36.1,1
5352,car,4.5,road_loopA_f0,xloopA_0Ab,6888.6,6991.3,102.7,505.4,17.7,1
640,tram,34.0,loopB,loopB,2715.9,6991.4,4275.5,33673.4,28.4,40
5353,car,4.5,road_loopA_r0,road_loopA_r1,6889.9,6991.6,101.7,1297.5,45.9,0
5328,car,4.5,road_loopA_r0,road_loopA_r1,6870.6,6992.2,121.6,1298.0,38.4,0
5076,suv,4.8,road_loopA_r0,xloopA_0Bb,6673.2,6992.9,319.7,896.0,10.1,4
5330,suv,4.8,road_loopA_r0,road_loopA_r1,6871.3,6993.5,122.2,1297.5,38.2,0
5331,car,4.5,road_loopA_r0,road_loopA_r1,6872.1,6993.9,121.8,1297.4,38.3,1
5361,suv,4.8,road_loopA_f0,xloopA_0Ab,6900.6,6993.9,93.3,505.5,19.5,1
5319,truck,8.5,road_loopA_f0,road_loopA_f1,6863.8,6994.3,130.5,1303.0,36.0,1
5357,car,4.5,road_loopA_r0,road_loopA_r1,6892.7,6994.3,101.6,1298.0,46.0,0
5351,car,4.5,road_loopA_r0,road_loopA_r1,6887.0,6995.2,108.2,1298.5,43.2,0
5340,car,4.5,road_loopA_r0,road_loopA_r1,6880.1,6996.1,116.0,1298.5,40.3,0
5115,truck,8.5,road_loopA_r0,xloopA_0Bb,6703.5,6996.3,292.8,895.4,11.0,4
5333,car,4.5,road_loopA_f0,road_loopA_f1,6875.2,6996.3,121.1,1303.5,38.8,1
5369,car,4.5,road_loopA_f0,xloopA_0Ab,6907.4,6996.5,89.1,504.9,20.4,1
5322,car,4.5,road_loopA_f0,road_loopA_f1,6865.2,6996.7,131.5,1304.0,35.7,1
5359,car,4.5,road_loopA_r0,road_loopA_r1,6896.1,6997.1,101.0,1298.3,46.3,0
5356,car,4.5,road_loopA_r0,road_loopA_r1,6892.3,6997.8,105.5,1298.5,44.3,0
5335,car,4.5,road_loopA_f0,road_loopA_f1,6876.4,6998.0,121.6,1303.0,38.6,1
5342,car,4.5,road_loopA_f0,road_loopA_f1,6881.7,6999.1,117.4,1302.9,39.9,1
5131,suv,4.8,road_loopA_r0,xloopA_0Bb,6717.7,6999.4,281.7,895.6,11.4,4
5327,car,4.5,road_loopA_f0,road_loopA_f1,6869.7,6999.8,130.1,1303.3,36.1,1
5260,bus,11.0,road_loopA_r0,road_loopA_r1,6818.0,7000.2,182.2,1298.3,25.7,3
5365,car,4.5,road_loopA_r0,road_loopA_r1,6904.9,7000.5,95.6,1297.8,48.9,0
5367,suv,4.8,road_loopA_r0,road_loopA_r1,6905.8,7000.6,94.8,1298.1,49.3,0
5348,car,4.5,road_loopA_f0,road_loopA_f1,6885.4,7001.0,115.6,1303.3,40.6,1
5334,car,4.5,road_loopA_f0,road_loopA_f1,6875.9,7002.5,126.6,1304.2,37.1,1
5338,car,4.5,road_loopA_f0,road_loopA_f1,6878.7,7002.8,124.1,1303.5,37.8,1
5308,truck,8.5,road_loopA_f0,road_loopA_f1,6853.7,7004.0,150.3,1303.8,31.2,1
5355,car,4.5,road_loopA_f0,road_loopA_f1,6892.0,7004.7,112.7,1304.1,41.7,0
5372,car,4.5,road_loopA_r0,road_loopA_r1,6908.4,7005.5,97.1,1298.4,48.1,0
5329,car,4.5,road_loopA_f0,road_loopA_f1,6870.9,7006.0,135.1,1303.0,34.7,1
5363,car,4.5,road_loopA_r0,road_loopA_r1,6902.1,7007.1,105.0,1298.1,44.5,0
5387,car,4.5,xloopA_0Aa,xloopA_0Ab,6920.6,7007.1,86.5,84.6,3.5,1
5371,car,4.5,road_loopA_r0,road_loopA_r1,6908.3,7007.2,98.9,1298.3,47.3,0
5370,car,4.5,road_loopA_r0,road_loopA_r1,6907.4,7008.5,101.1,1297.8,46.2,0
5366,suv,4.8,road_loopA_r0,road_loopA_r1,6905.6,7008.8,103.2,1297.7,45.3,0
5376,car,4.5,road_loopA_r0,road_loopA_r1,6910.6,7008.8,98.2,1297.6,47.6,0
5349,car,4.5,xloopA_0Ba,xloopA_0Bb,6886.1,7009.1,123.0,84.1,2.5,1
5326,car,4.5,road_loopA_f0,road_loopA_f1,6868.9,7010.0,141.1,1302.8,33.2,1
5435,car,4.5,xloopA_0Aa,xloopA_0Ab,6969.5,7010.1,40.6,84.2,7.5,1
5378,car,4.5,road_loopA_r0,road_loopA_r1,6911.1,7010.6,99.5,1297.8,47.0,0
5383,car,4.5,xloopA_0Ba,xloopA_0Bb,6919.1,7012.8,93.7,84.2,3.2,0
5344,suv,4.8,road_loopA_f0,road_loopA_f1,6883.6,7013.0,129.4,1303.7,36.3,1
5379,car,4.5,road_loopA_f0,road_loopA_f1,6913.7,7014.7,101.0,1303.2,46.4,0
5474,car,4.5,xloopA_0Aa,xloopA_0Ab,7001.9,7015.1,13.2,84.5,23.0,0
5354,car,4.5,road_loopA_f0,road_loopA_f1,6891.1,7015.2,124.1,1303.8,37.8,0
5323,car,4.5,road_loopA_f0,road_loopA_f1,6865.5,7017.4,151.9,1304.1,30.9,1
5360,suv,4.8,road_loopA_f0,road_loopA_f1,6896.3,7018.7,122.4,1303.2,38.3,0
5324,suv,4.8,road_loopA_f0,road_loopA_f1,6866.4,7019.2,152.8,1303.3,30.7,1
5227,car,4.5,road_loopA_f0,road_loopA_f1,6792.2,7020.4,228.2,1304.1,20.6,2
5368,car,4.5,road_loopA_f0,road_loopA_f1,6906.7,7022.9,116.2,1303.5,40.4,0
5384,truck,8.5,road_loopA_f0,road_loopA_f1,6919.5,7026.2,106.7,1303.7,44.0,0
5364,car,4.5,road_loopA_f0,road_loopA_f1,6902.4,7026.7,124.3,1304.2,37.8,0
5347,car,4.5,road_loopA_f0,road_loopA_f1,6884.4,7027.6,143.2,1303.5,32.8,0
5388,truck,8.5,road_loopA_f0,road_loopA_f1,6920.8,7028.3,107.5,1303.4,43.7,0
5386,car,4.5,road_loopA_f0,road_loopA_f1,6919.9,7029.8,109.9,1303.5,42.7,0
5425,car,4.5,road_loopA_f0,xloopA_0Bb,6958.6,7030.3,71.7,478.8,24.0,2
5405,car,4.5,road_loopA_f0,road_loopA_f1,6939.8,7031.0,91.2,1303.4,51.5,0
5385,car,4.5,road_loopA_f0,road_loopA_f1,6919.9,7031.7,111.8,1303.0,41.9,0
5422,suv,4.8,road_loopA_r0,xloopA_0Ab,6953.2,7031.8,78.6,869.5,39.8,1
5403,truck,8.5,road_loopA_f0,road_loopA_f1,6937.7,7033.8,96.1,1303.9,48.8,0
5436,suv,4.8,road_loopA_f0,xloopA_0Bb,6969.7,7034.1,64.4,479.0,26.8,2
5408,car,4.5,road_loopA_f0,road_loopA_f1,6945.0,7034.6,89.6,1303.5,52.4,0
5362,car,4.5,xloopA_0Aa,road_loopA_f1,6901.0,7035.0,134.0,872.1,23.4,0
5391,car,4.5,road_loopA_f0,road_loopA_f1,6923.5,7036.6,113.1,1303.0,41.5,0
5350,suv,4.8,road_loopA_f0,road_loopA_f1,6887.0,7036.7,149.7,1303.6,31.3,1
5441,car,4.5,road_loopA_f0,xloopA_0Bb,6974.3,7037.7,63.4,478.6,27.2,2
5358,car,4.5,road_loopA_f0,road_loopA_f1,6895.8,7038.3,142.5,1302.8,32.9,0
5375,suv,4.8,road_loopA_f0,road_loopA_f1,6910.0,7040.0,130.0,1303.7,36.1,0
5397,car,4.5,road_loopA_f0,road_loopA_f1,6929.5,7040.6,111.1,1303.2,42.2,0
5457,car,4.5,road_loopA_f0,xloopA_0Bb,6988.5,7041.9,53.4,478.8,32.2,0
5440,suv,4.8,road_loopA_r0,xloopA_0Ab,6973.5,7043.6,70.1,869.5,44.6,0
5463,suv,4.8,road_loopA_f0,xloopA_0Bb,6991.8,7045.7,53.9,479.2,32.0,0
5483,car,4.5,road_loopA_f0,xloopA_0Bb,7009.4,7053.7,44.3,478.6,38.9,0
5377,truck,8.5,road_loopA_r0,road_loopA_r1,6910.7,7055.2,144.5,1298.3,32.3,1
5389,car,4.5,road_loopA_r0,road_loopA_r1,6920.9,7057.0,136.1,1298.3,34.4,1
5412,car,4.5,road_loopA_r0,xloopA_0Ab,6947.3,7057.6,110.3,869.0,28.4,1
5341,bus,11.0,road_loopA_f0,road_loopA_f1,6880.4,7058.5,178.1,1302.9,26.3,2
5394,truck,8.5,road_loopA_r0,road_loopA_r1,6926.6,7059.5,132.9,1297.8,35.1,1
5406,car,4.5,xloopA_0Ba,road_loopA_r1,6943.5,7059.9,116.4,476.4,14.7,0
5381,car,4.5,road_loopA_r0,road_loopA_r1,6916.7,7060.0,143.3,1298.0,32.6,1
5398,car,4.5,road_loopA_r0,road_loopA_r1,6930.1,7061.6,131.5,1298.1,35.5,1
5410,car,4.5,road_loopA_r0,road_loopA_r1,6945.4,7063.5,118.1,1297.6,39.5,1
5343,car,4.5,xloopA_0Ba,road_loopA_r1,6882.2,7066.6,184.4,476.7,9.3,1
5420,suv,4.8,road_loopA_r0,road_loopA_r1,6952.0,7067.0,115.0,1298.0,40.6,1
5382,truck,8.5,road_loopA_r0,road_loopA_r1,6918.0,7068.7,150.7,1297.6,31.0,1
5393,suv,4.8,road_loopA_r0,road_loopA_r1,6925.4,7069.7,144.3,1297.3,32.4,1
5429,car,4.5,xloopA_0Aa,road_loopA_r1,6962.3,7070.9,108.6,507.0,16.8,1
5390,truck,8.5,road_loopA_r0,road_loopA_r1,6922.0,7071.2,149.2,1297.6,31.3,1
5401,truck,8.5,road_loopA_r0,road_loopA_r1,6935.5,7072.1,136.6,1298.4,34.2,1
5392,suv,4.8,road_loopA_r0,road_loopA_r1,6924.6,7072.6,148.0,1298.0,31.6,1
5395,car,4.5,road_loopA_r0,road_loopA_r1,6927.2,7073.3,146.1,1298.4,32.0,1
5413,truck,8.5,road_loopA_r0,road_loopA_r1,6947.5,7074.5,127.0,1297.3,36.8,1
5400,truck,8.5,road_loopA_r0,road_loopA_r1,6934.6,7075.4,140.8,1298.0,33.2,1
5404,truck,8.5,road_loopA_r0,road_loopA_r1,6938.5,7075.4,136.9,1298.2,34.1,1
5430,car,4.5,road_loopA_r0,road_loopA_r1,6963.5,7076.1,112.6,1298.1,41.5,0
5415,car,4.5,road_loopA_f0,road_loopA_f1,6948.2,7076.3,128.1,1303.9,36.6,1
5402,suv,4.8,road_loopA_r0,road_loopA_r1,6936.9,7077.4,140.5,1298.3,33.3,1
5423,car,4.5,road_loopA_r0,road_loopA_r1,6955.2,7077.5,122.3,1297.6,38.2,0
5445,car,4.5,road_loopA_r0,road_loopA_r1,6975.4,7077.9,102.5,1298.6,45.6,0
5407,car,4.5,road_loopA_r0,road_loopA_r1,6944.1,7079.1,135.0,1297.4,34.6,1
5414,suv,4.8,road_loopA_r0,road_loopA_r1,6947.5,7079.2,131.7,1297.6,35.5,1
5449,car,4.5,road_loopA_r0,road_loopA_r1,6981.8,7079.6,97.8,1297.8,47.8,0
5411,suv,4.8,road_loopA_r0,road_loopA_r1,6946.8,7080.9,134.1,1298.1,34.8,1
5431,suv,4.8,road_loopA_r0,road_loopA_r1,6966.2,7081.3,115.1,1298.2,40.6,0
5450,car,4.5,road_loopA_r0,road_loopA_r1,6982.1,7081.6,99.5,1297.5,46.9,0
5419,car,4.5,road_loopA_f0,road_loopA_f1,6951.8,7082.6,130.8,1303.7,35.9,1
5424,truck,8.5,road_loopA_r0,road_loopA_r1,6957.5,7083.0,125.5,1298.0,37.2,1
5428,car,4.5,road_loopA_r0,road_loopA_r1,6961.3,7083.0,121.7,1297.7,38.4,1
5276,car,4.5,road_loopA_r0,xloopA_0Bb,6829.2,7083.7,254.5,895.6,12.7,2
5489,car,4.5,road_loopA_f0,xloopA_0Ab,7014.3,7084.3,70.0,505.2,26.0,1
5453,car,4.5,road_loopA_r0,road_loopA_r1,6986.3,7084.7,98.4,1298.4,47.5,0
5409,car,4.5,road_loopA_f0,road_loopA_f1,6945.3,7084.8,139.5,1303.1,33.6,1
5447,suv,4.8,road_loopA_r0,road_loopA_r1,6976.7,7085.0,108.3,1297.8,43.2,0
5426,car,4.5,road_loopA_f0,road_loopA_f1,6961.2,7085.3,124.1,1303.6,37.8,1
5455,car,4.5,road_loopA_r0,road_loopA_r1,6987.5,7086.0,98.5,1298.0,47.4,0
5337,car,4.5,road_loopA_r0,xloopA_0Bb,6877.2,7086.3,209.1,895.6,15.4,2
5417,truck,8.5,road_loopA_f0,road_loopA_f1,6950.9,7086.5,135.6,1303.2,34.6,1
5498,car,4.5,road_loopA_f0,xloopA_0Ab,7022.2,7086.9,64.7,505.2,28.1,1
5416,car,4.5,road_loopA_f0,road_loopA_f1,6950.6,7088.5,137.9,1303.3,34.0,1
5437,car,4.5,road_loopA_f0,road_loopA_f1,6970.4,7088.5,118.1,1303.1,39.7,1
5373,car,4.5,road_loopA_r0,xloopA_0Bb,6908.5,7088.9,180.4,895.3,17.9,2
5471,car,4.5,road_loopA_r0,road_loopA_r1,7000.4,7089.4,89.0,1298.2,52.5,0
5427,suv,4.8,road_loopA_f0,road_loopA_f1,6961.4,7090.3,128.9,1304.2,36.4,1
5396,suv,4.8,road_loopA_r0,xloopA_0Bb,6928.3,7091.7,163.4,896.0,19.7,1
5446,car,4.5,road_loopA_f0,road_loopA_f1,6975.8,7092.0,116.2,1303.3,40.4,1
5518,car,4.5,road_loopA_f0,xloopA_0Ab,7044.8,7092.8,48.0,505.1,37.8,0
5432,car,4.5,road_loopA_f0,road_loopA_f1,6966.7,7094.0,127.3,1303.4,36.9,1
5442,car,4.5,road_loopA_r0,xloopA_0Bb,6974.3,7094.3,120.0,895.4,26.9,1
5451,suv,4.8,road_loopA_f0,road_loopA_f1,6982.4,7094.4,112.0,1303.2,41.9,1
5467,truck,8.5,road_loopA_r0,road_loopA_r1,6997.7,7095.4,97.7,1298.3,47.8,0
5418,car,4.5,road_loopA_f0,road_loopA_f1,6951.7,7096.2,144.5,1304.0,32.5,1
5438,car,4.5,road_loopA_f0,road_loopA_f1,6970.8,7096.4,125.6,1303.1,37.3,1
5439,truck,8.5,road_loopA_f0,road_loopA_f1,6973.1,7096.7,123.6,1303.3,37.9,1
5479,car,4.5,xloopA_0Aa,xloopA_0Ab,7007.8,7098.5,90.7,84.7,3.4,1
5482,car,4.5,road_loopA_r0,road_loopA_r1,7008.9,7098.7,89.8,1297.4,52.0,0
5443,car,4.5,xloopA_0Ba,xloopA_0Bb,6975.0,7100.5,125.5,84.2,2.4,1
5444,car,4.5,road_loopA_f0,road_loopA_f1,6975.2,7102.3,127.1,1303.3,36.9,1
5454,truck,8.5,road_loopA_f0,road_loopA_f1,6986.9,7103.4,116.5,1303.7,40.3,0
5421,truck,8.5,road_loopA_f0,road_loopA_f1,6952.3,7103.5,151.2,1303.1,31.0,1
5473,car,4.5,road_loopA_r0,road_loopA_r1,7001.3,7103.6,102.3,1297.4,45.7,0
5462,car,4.5,xloopA_0Ba,xloopA_0Bb,6991.8,7104.1,112.3,84.4,2.7,1
5458,car,4.5,road_loopA_f0,road_loopA_f1,6988.6,7105.5,116.9,1303.5,40.1,0
5504,car,4.5,xloopA_0Ba,xloopA_0Bb,7030.2,7106.1,75.9,84.5,4.0,0
5461,truck,8.5,road_loopA_f0,road_loopA_f1,6991.5,7106.2,114.7,1303.2,40.9,0
5469,car,4.5,road_loopA_f0,road_loopA_f1,6998.5,7107.4,108.9,1303.7,43.1,0
5551,car,4.5,xloopA_0Ba,xloopA_0Bb,7064.6,7108.1,43.5,84.4,7.0,0
5466,car,4.5,road_loopA_f0,road_loopA_f1,6996.2,7108.4,112.2,1303.9,41.8,0
5465,car,4.5,road_loopA_f0,road_loopA_f1,6994.4,7109.1,114.7,1303.6,40.9,0
5452,car,4.5,road_loopA_f0,road_loopA_f1,6984.3,7111.9,127.6,1303.2,36.8,0
5470,car,4.5,road_loopA_f0,road_loopA_f1,6999.1,7113.4,114.3,1304.0,41.1,0
5476,car,4.5,road_loopA_f0,road_loopA_f1,7005.4,7113.4,108.0,1303.9,43.5,0
5495,car,4.5,road_loopA_f0,road_loopA_f1,7016.8,7115.2,98.4,1302.9,47.7,0
5459,suv,4.8,road_loopA_f0,road_loopA_f1,6989.0,7116.3,127.3,1302.8,36.8,0
5497,car,4.5,road_loopA_f0,road_loopA_f1,7019.0,7117.0,98.0,1302.9,47.9,0
5475,car,4.5,road_loopA_f0,road_loopA_f1,7005.1,7117.8,112.7,1303.9,41.7,0
5481,car,4.5,road_loopA_r0,xloopA_0Ab,7008.6,7118.6,110.0,869.0,28.4,2
5374,car,4.5,xloopA_0Ba,road_loopA_f1,6908.5,7119.1,210.6,902.4,15.4,1
5448,car,4.5,road_loopA_f0,road_loopA_f1,6979.8,7120.0,140.2,1303.4,33.5,1
5488,truck,8.5,road_loopA_f0,road_loopA_f1,7013.5,7120.7,107.2,1304.1,43.8,0
5399,suv,4.8,road_loopA_f0,road_loopA_f1,6931.8,7120.9,189.1,1303.3,24.8,1
5478,suv,4.8,road_loopA_f0,road_loopA_f1,7005.6,7121.7,116.1,1302.8,40.4,0
5434,suv,4.8,road_loopA_f0,road_loopA_f1,6969.4,7122.7,153.3,1304.0,30.6,1
5490,car,4.5,road_loopA_f0,road_loopA_f1,7014.7,7123.4,108.7,1303.5,43.2,0
5456,car,4.5,road_loopA_f0,road_loopA_f1,6987.8,7124.6,136.8,1303.9,34.3,0
5491,car,4.5,road_loopA_f0,road_loopA_f1,7015.2,7125.3,110.1,1303.6,42.6,0
5517,car,4.5,road_loopA_f0,xloopA_0Bb,7042.7,7125.4,82.7,478.6,20.8,2
5508,car,4.5,road_loopA_f0,road_loopA_f1,7035.3,7125.5,90.2,1303.3,52.0,0
5468,car,4.5,road_loopA_f0,road_loopA_f1,6998.0,7126.3,128.3,1303.7,36.6,0
5501,car,4.5,road_loopA_f0,road_loopA_f1,7024.0,7127.0,103.0,1302.8,45.5,0
5477,car,4.5,road_loopA_f0,road_loopA_f1,7005.5,7128.1,122.6,1303.7,38.3,0
5513,car,4.5,road_loopA_f0,road_loopA_f1,7037.9,7128.4,90.5,1304.2,51.9,0
5503,suv,4.8,road_loopA_f0,road_loopA_f1,7024.4,7128.8,104.4,1303.4,44.9,0
5534,car,4.5,road_loopA_f0,xloopA_0Bb,7054.5,7129.1,74.6,478.7,23.1,2
5486,car,4.5,road_loopA_f0,road_loopA_f1,7011.0,7129.9,118.9,1303.7,39.5,0
5505,car,4.5,road_loopA_f0,road_loopA_f1,7031.7,7130.6,98.9,1303.6,47.4,0
5509,car,4.5,road_loopA_f0,road_loopA_f1,7035.6,7131.3,95.7,1302.8,49.0,0
5492,suv,4.8,road_loopA_f0,road_loopA_f1,7015.7,7131.7,116.0,1304.1,40.5,0
5544,car,4.5,road_loopA_f0,xloopA_0Bb,7062.2,7132.7,70.5,478.5,24.4,2
5500,car,4.5,road_loopA_f0,road_loopA_f1,7022.9,7132.9,110.0,1303.8,42.7,0
5496,car,4.5,road_loopA_f0,road_loopA_f1,7018.9,7133.5,114.6,1303.7,41.0,0
5507,car,4.5,road_loopA_f0,road_loopA_f1,7033.3,7135.4,102.1,1303.5,46.0,0
5581,car,4.5,road_loopA_f0,xloopA_0Bb,7086.7,7136.7,50.0,478.6,34.5,0
5484,car,4.5,road_loopA_r0,road_loopA_r1,7009.6,7143.8,134.2,1297.9,34.8,1
5493,suv,4.8,road_loopA_r0,road_loopA_r1,7016.1,7150.7,134.6,1298.0,34.7,1
5485,car,4.5,road_loopA_r0,road_loopA_r1,7010.3,7150.9,140.6,1298.1,33.2,1
5487,suv,4.8,road_loopA_r0,road_loopA_r1,7012.5,7152.6,140.1,1297.4,33.3,1
5511,suv,4.8,road_loopA_r0,road_loopA_r1,7036.0,7152.8,116.8,1298.4,40.0,1
5523,suv,4.8,road_loopA_r0,road_loopA_r1,7050.0,7154.9,104.9,1298.4,44.6,0
5499,truck,8.5,road_loopA_r0,road_loopA_r1,7022.5,7155.7,133.2,1297.9,35.1,1
5520,car,4.5,road_loopA_r0,road_loopA_r1,7047.0,7157.7,110.7,1298.1,42.2,1
5525,car,4.5,road_loopA_r0,road_loopA_r1,7050.5,7158.1,107.6,1297.9,43.4,0
5515,car,4.5,xloopA_0Aa,road_loopA_r1,7040.7,7159.9,119.2,506.9,15.3,1
5529,suv,4.8,road_loopA_r0,road_loopA_r1,7052.4,7159.9,107.5,1298.3,43.5,0
5494,car,4.5,road_loopA_r0,road_loopA_r1,7016.3,7160.3,144.0,1298.3,32.5,1
5533,car,4.5,road_loopA_r0,road_loopA_r1,7053.9,7160.9,107.0,1298.5,43.7,0
5472,car,4.5,road_loopA_r0,road_loopA_r1,7000.4,7161.6,161.2,1298.0,29.0,1
5537,car,4.5,road_loopA_r0,road_loopA_r1,7056.8,7163.0,106.2,1298.1,44.0,0
5480,car,4.5,road_loopA_r0,road_loopA_r1,7008.5,7163.2,154.7,1297.5,30.2,1
5506,car,4.5,road_loopA_r0,road_loopA_r1,7032.7,7163.2,130.5,1297.5,35.8,0
5540,car,4.5,road_loopA_r0,road_loopA_r1,7058.3,7163.9,105.6,1297.9,44.2,0
5521,car,4.5,road_loopA_r0,road_loopA_r1,7047.3,7165.0,117.7,1298.4,39.7,0
5524,car,4.5,road_loopA_r0,road_loopA_r1,7050.3,7165.3,115.0,1297.2,40.6,0
5541,suv,4.8,road_loopA_r0,road_loopA_r1,7058.7,7165.7,107.0,1298.1,43.7,0
5619,car,4.5,road_loopA_f0,xloopA_0Bb,7117.8,7166.8,49.0,478.8,35.2,0
5531,car,4.5,road_loopA_r0,road_loopA_r1,7053.1,7167.0,113.9,1298.4,41.0,0
5526,car,4.5,road_loopA_r0,road_loopA_r1,7050.9,7167.2,116.3,1298.1,40.2,0
5547,car,4.5,road_loopA_r0,road_loopA_r1,7064.0,7167.4,103.4,1297.3,45.1,0
5464,bus,11.0,road_loopA_f0,road_loopA_f1,6993.8,7168.0,174.2,1303.2,26.9,2
5536,car,4.5,road_loopA_r0,road_loopA_r1,7056.6,7168.9,112.3,1297.9,41.6,0
5552,suv,4.8,road_loopA_r0,road_loopA_r1,7064.7,7169.3,104.6,1298.7,44.7,0
5538,car,4.5,road_loopA_r0,road_loopA_r1,7057.9,7170.6,112.7,1297.4,41.4,0
5560,car,4.5,road_loopA_r0,road_loopA_r1,7072.0,7171.7,99.7,1298.1,46.9,0
5548,suv,4.8,road_loopA_r0,road_loopA_r1,7064.0,7172.4,108.4,1298.3,43.1,0
5563,suv,4.8,road_loopA_r0,road_loopA_r1,7074.6,7172.6,98.0,1298.4,47.7,0
5557,suv,4.8,road_loopA_r0,road_loopA_r1,7067.7,7173.6,105.9,1298.2,44.1,0
5556,car,4.5,road_loopA_r0,road_loopA_r1,7067.7,7174.2,106.5,1298.2,43.9,0
5564,car,4.5,road_loopA_r0,road_loopA_r1,7075.3,7175.3,100.0,1298.2,46.7,0
5558,car,4.5,road_loopA_r0,road_loopA_r1,7068.0,7175.9,107.9,1297.5,43.3,0
5571,car,4.5,road_loopA_r0,road_loopA_r1,7080.7,7176.2,95.5,1298.2,49.0,0
5460,car,4.5,road_loopA_r0,xloopA_0Bb,6990.2,7177.2,187.0,895.4,17.2,2
5577,suv,4.8,road_loopA_r0,road_loopA_r1,7084.4,7178.0,93.6,1298.6,49.9,0
5553,car,4.5,road_loopA_r0,road_loopA_r1,7066.3,7178.6,112.3,1298.3,41.6,0
5512,suv,4.8,road_loopA_f0,road_loopA_f1,7037.7,7179.1,141.4,1302.8,33.2,1
5530,truck,8.5,road_loopA_f0,xloopA_0Ab,7053.0,7179.1,126.1,505.3,14.4,1
5519,car,4.5,road_loopA_f0,road_loopA_f1,7045.4,7179.6,134.2,1303.7,35.0,1
5559,suv,4.8,road_loopA_r0,road_loopA_r1,7071.9,7180.2,108.3,1297.4,43.1,0
5514,car,4.5,road_loopA_f0,road_loopA_f1,7039.0,7181.0,142.0,1303.6,33.1,1
5562,suv,4.8,road_loopA_r0,road_loopA_r1,7074.3,7182.0,107.7,1297.5,43.4,0
5532,suv,4.8,road_loopA_f0,xloopA_0Ab,7053.4,7182.1,128.7,505.4,14.1,1
5575,car,4.5,road_loopA_r0,road_loopA_r1,7082.2,7183.3,101.1,1298.0,46.2,0
5584,car,4.5,road_loopA_r0,road_loopA_r1,7087.7,7183.5,95.8,1298.4,48.8,0
5574,suv,4.8,road_loopA_r0,road_loopA_r1,7081.8,7183.8,102.0,1298.3,45.8,0
5549,suv,4.8,road_loopA_f0,road_loopA_f1,7064.2,7184.0,119.8,1303.0,39.1,1
5610,suv,4.8,road_loopA_r0,xloopA_0Bb,7112.2,7184.3,72.1,895.9,44.7,0
5535,car,4.5,road_loopA_f0,road_loopA_f1,7055.3,7184.4,129.1,1303.3,36.3,1
5545,suv,4.8,road_loopA_f0,xloopA_0Ab,7062.6,7184.8,122.2,505.3,14.9,1
5587,suv,4.8,road_loopA_r0,road_loopA_r1,7090.4,7185.1,94.7,1298.0,49.3,0
5578,suv,4.8,road_loopA_r0,road_loopA_r1,7084.8,7185.6,100.8,1298.4,46.4,0
5589,suv,4.8,road_loopA_r0,road_loopA_r1,7094.2,7186.7,92.5,1297.6,50.5,0
5585,car,4.5,road_loopA_r0,road_loopA_r1,7089.5,7187.3,97.8,1297.4,47.8,0
5569,car,4.5,road_loopA_f0,xloopA_0Ab,7078.0,7187.5,109.5,505.2,16.6,2
5593,car,4.5,road_loopA_r0,road_loopA_r1,7096.5,7189.1,92.6,1298.0,50.4,0
5595,car,4.5,road_loopA_r0,road_loopA_r1,7097.7,7189.2,91.5,1298.6,51.1,0
5543,car,4.5,road_loopA_f0,road_loopA_f1,7060.9,7189.9,129.0,1303.3,36.4,1
5527,suv,4.8,road_loopA_f0,road_loopA_f1,7051.2,7190.1,138.9,1303.6,33.8,1
5600,car,4.5,road_loopA_r0,road_loopA_r1,7102.2,7191.4,89.2,1297.5,52.4,0
5561,suv,4.8,road_loopA_f0,road_loopA_f1,7073.0,7191.8,118.8,1304.0,39.5,1
5568,car,4.5,xloopA_0Aa,xloopA_0Ab,7077.4,7192.3,114.9,84.5,2.6,1
5566,suv,4.8,road_loopA_f0,road_loopA_f1,7075.9,7192.4,116.5,1303.7,40.3,1
5648,car,4.5,xloopA_0Ba,xloopA_0Bb,7143.3,7193.3,50.0,84.6,6.1,1
5576,car,4.5,road_loopA_f0,road_loopA_f1,7083.9,7194.1,110.2,1304.0,42.6,0
5601,suv,4.8,road_loopA_r0,road_loopA_r1,7103.7,7194.1,90.4,1297.9,51.7,0
5580,truck,8.5,road_loopA_f0,road_loopA_f1,7085.5,7196.7,111.2,1303.3,42.2,0
5502,car,4.5,xloopA_0Aa,road_loopA_f1,7024.4,7196.8,172.4,872.6,18.2,1
5682,car,4.5,xloopA_0Ba,xloopA_0Bb,7169.1,7197.4,28.3,84.5,10.8,0
5555,car,4.5,xloopA_0Aa,road_loopA_f1,7067.4,7198.7,131.3,872.4,23.9,0
5591,suv,4.8,road_loopA_f0,road_loopA_f1,7095.4,7198.8,103.4,1303.4,45.4,0
5703,car,4.5,xloopA_0Ba,xloopA_0Bb,7186.7,7199.5,12.8,84.3,23.7,0
5433,car,4.5,xloopA_0Ba,road_loopA_f1,6967.8,7200.4,232.6,902.8,14.0,1
5658,car,4.5,xloopA_0Aa,xloopA_0Ab,7152.8,7200.7,47.9,84.2,6.3,0
5592,car,4.5,road_loopA_f0,road_loopA_f1,7096.3,7200.8,104.5,1303.8,44.9,0
5516,truck,8.5,road_loopA_f0,road_loopA_f1,7040.7,7200.9,160.2,1303.5,29.3,1
5542,car,4.5,road_loopA_f0,road_loopA_f1,7059.5,7202.1,142.6,1303.8,32.9,1
5522,car,4.5,road_loopA_f0,road_loopA_f1,7047.5,7202.9,155.4,1304.0,30.2,1
5598,car,4.5,road_loopA_f0,road_loopA_f1,7100.8,7203.1,102.3,1303.4,45.9,0
5546,truck,8.5,road_loopA_f0,road_loopA_f1,7063.6,7204.3,140.7,1303.3,33.3,1
5582,truck,8.5,road_loopA_r0,road_loopA_r1,7086.8,7204.3,117.5,1297.3,39.8,0
5528,car,4.5,road_loopA_f0,road_loopA_f1,7051.7,7204.7,153.0,1303.0,30.7,1
5567,suv,4.8,road_loopA_f0,road_loopA_f1,7076.1,7206.3,130.2,1303.8,36.1,0
5590,car,4.5,road_loopA_f0,road_loopA_f1,7095.0,7206.5,111.5,1303.9,42.1,0
5539,car,4.5,road_loopA_f0,road_loopA_f1,7058.1,7206.6,148.5,1303.8,31.6,1
5570,car,4.5,road_loopA_f0,road_loopA_f1,7079.1,7208.0,128.9,1303.6,36.4,1
5554,car,4.5,road_loopA_f0,road_loopA_f1,7066.4,7208.3,141.9,1303.7,33.1,1
5588,suv,4.8,road_loopA_f0,road_loopA_f1,7094.2,7208.4,114.2,1303.8,41.1,0
5607,car,4.5,road_loopA_f0,road_loopA_f1,7109.3,7209.3,100.0,1303.1,46.9,0
5586,car,4.5,road_loopA_f0,road_loopA_f1,7089.8,7209.7,119.9,1302.9,39.1,0
5565,suv,4.8,road_loopA_f0,road_loopA_f1,7075.6,7210.0,134.4,1303.3,34.9,1
5550,suv,4.8,road_loopA_f0,road_loopA_f1,7064.3,7211.1,146.8,1303.9,32.0,1
5596,suv,4.8,road_loopA_f0,road_loopA_f1,7098.9,7211.6,112.7,1303.0,41.6,0
5573,suv,4.8,road_loopA_f0,road_loopA_f1,7081.4,7212.0,130.6,1303.8,35.9,0
5603,car,4.5,road_loopA_f0,road_loopA_f1,7105.7,7213.5,107.8,1303.9,43.5,0
5579,car,4.5,road_loopA_f0,road_loopA_f1,7085.5,7213.8,128.3,1303.1,36.6,0
5605,car,4.5,road_loopA_f0,road_loopA_f1,7106.9,7214.5,107.6,1302.9,43.6,0
5594,car,4.5,road_loopA_f0,road_loopA_f1,7097.0,7215.6,118.6,1303.4,39.6,0
5602,truck,8.5,road_loopA_f0,road_loopA_f1,7103.8,7216.0,112.2,1303.6,41.8,0
5622,suv,4.8,road_loopA_f0,road_loopA_f1,7119.1,7216.2,97.1,1303.6,48.3,0
5597,suv,4.8,road_loopA_f0,road_loopA_f1,7100.6,7217.5,116.9,1303.3,40.1,0
5624,car,4.5,road_loopA_f0,road_loopA_f1,7122.5,7217.9,95.4,1302.9,49.2,0
5615,suv,4.8,road_loopA_f0,road_loopA_f1,7116.8,7218.1,101.3,1302.8,46.3,0
5612,car,4.5,road_loopA_f0,road_loopA_f1,7113.8,7219.3,105.5,1303.4,44.5,0
5626,car,4.5,road_loopA_f0,road_loopA_f1,7122.9,7219.7,96.8,1304.1,48.5,0
5604,suv,4.8,road_loopA_r0,xloopA_0Ab,7105.7,7221.2,115.5,869.2,27.1,2
5680,car,4.5,road_loopA_f0,xloopA_0Bb,7166.3,7221.3,55.0,478.7,31.3,0
5628,car,4.5,road_loopA_f0,road_loopA_f1,7124.5,7221.9,97.4,1303.4,48.2,0
5617,car,4.5,road_loopA_f0,road_loopA_f1,7116.9,7223.5,106.6,1303.5,44.0,0
5630,car,4.5,road_loopA_f0,road_loopA_f1,7126.0,7223.8,97.8,1303.5,48.0,0
5627,car,4.5,road_loopA_f0,road_loopA_f1,7124.4,7225.8,101.4,1304.2,46.3,0
5621,car,4.5,road_loopA_f0,road_loopA_f1,7119.0,7227.3,108.3,1303.7,43.3,0
5625,truck,8.5,road_loopA_f0,road_loopA_f1,7122.6,7228.7,106.1,1303.7,44.2,0
5614,car,4.5,road_loopA_r0,road_loopA_r1,7115.0,7235.7,120.7,1298.0,38.7,1
5618,suv,4.8,road_loopA_r0,road_loopA_r1,7117.2,7238.1,120.9,1297.8,38.7,1
5611,suv,4.8,road_loopA_r0,road_loopA_r1,7112.3,7238.4,126.1,1297.9,37.1,1
5623,truck,8.5,road_loopA_r0,road_loopA_r1,7122.2,7241.7,119.5,1297.7,39.1,1
5633,car,4.5,road_loopA_r0,road_loopA_r1,7129.2,7241.8,112.6,1298.0,41.5,1
5639,car,4.5,road_loopA_r0,road_loopA_r1,7136.7,7243.9,107.2,1298.2,43.6,1
5637,car,4.5,road_loopA_r0,road_loopA_r1,7134.5,7246.3,111.8,1298.6,41.8,1
5632,truck,8.5,road_loopA_r0,road_loopA_r1,7128.1,7246.8,118.7,1298.0,39.4,1
5643,car,4.5,road_loopA_r0,road_loopA_r1,7140.9,7248.0,107.1,1298.2,43.6,0
5634,suv,4.8,road_loopA_r0,road_loopA_r1,7129.3,7249.3,120.0,1298.3,39.0,0
5609,car,4.5,road_loopA_r0,road_loopA_r1,7110.2,7249.5,139.3,1298.1,33.5,1
5651,car,4.5,road_loopA_r0,road_loopA_r1,7148.1,7250.6,102.5,1297.6,45.6,0
5642,car,4.5,road_loopA_r0,road_loopA_r1,7140.1,7251.0,110.9,1297.6,42.1,0
5640,car,4.5,road_loopA_r0,road_loopA_r1,7137.4,7251.2,113.8,1297.9,41.1,0
5647,car,4.5,road_loopA_r0,road_loopA_r1,7142.7,7252.9,110.2,1297.9,42.4,0
5646,truck,8.5,road_loopA_r0,road_loopA_r1,7141.3,7253.2,111.9,1298.0,41.8,0
5655,suv,4.8,road_loopA_r0,road_loopA_r1,7151.7,7253.3,101.6,1298.3,46.0,0
5657,car,4.5,road_loopA_r0,road_loopA_r1,7152.2,7254.3,102.1,1298.4,45.8,0
5650,car,4.5,road_loopA_r0,road_loopA_r1,7145.0,7255.2,110.2,1297.9,42.4,0
894,tram,34.0,loopA,loopA,2935.1,7256.0,4320.9,33702.6,28.1,40
5669,car,4.5,road_loopA_r0,road_loopA_r1,7159.8,7256.1,96.3,1298.5,48.6,0
5653,car,4.5,road_loopA_r0,road_loopA_r1,7150.0,7257.0,107.0,1298.7,43.7,0
5665,truck,8.5,road_loopA_r0,road_loopA_r1,7156.2,7259.3,103.1,1298.5,45.3,0
5678,car,4.5,road_loopA_r0,road_loopA_r1,7164.6,7259.6,95.0,1297.9,49.2,0
5674,car,4.5,road_loopA_r0,road_loopA_r1,7161.9,7259.7,97.8,1298.4,47.8,0
5676,car,4.5,road_loopA_r0,road_loopA_r1,7162.6,7261.5,98.9,1297.8,47.3,0
5685,car,4.5,road_loopA_r0,road_loopA_r1,7170.9,7263.3,92.4,1298.7,50.6,0
5686,car,4.5,road_loopA_r0,road_loopA_r1,7171.2,7265.2,94.0,1297.8,49.7,0
5656,suv,4.8,road_loopA_r0,road_loopA_r1,7151.7,7265.3,113.6,1298.2,41.1,0
5641,car,4.5,road_loopA_f0,road_loopA_f1,7138.9,7265.7,126.8,1303.5,37.0,1
5635,suv,4.8,road_loopA_f0,road_loopA_f1,7132.4,7266.9,134.5,1303.1,34.9,1
5664,car,4.5,road_loopA_r0,road_loopA_r1,7155.7,7266.9,111.2,1297.7,42.0,0
5692,suv,4.8,road_loopA_r0,road_loopA_r1,7177.5,7266.9,89.4,1297.4,52.2,0
5666,car,4.5,road_loopA_r0,road_loopA_r1,7157.1,7268.1,111.0,1298.3,42.1,0
5652,car,4.5,road_loopA_f0,road_loopA_f1,7149.1,7268.4,119.3,1303.1,39.3,1
5670,suv,4.8,road_loopA_r0,road_loopA_r1,7159.8,7269.5,109.7,1297.7,42.6,0
5684,suv,4.8,road_loopA_r0,road_loopA_r1,7170.1,7269.7,99.6,1298.2,46.9,0
5659,car,4.5,road_loopA_f0,road_loopA_f1,7153.4,7271.2,117.8,1303.7,39.9,1
5572,car,4.5,road_loopA_f0,xloopA_0Ab,7080.9,7271.3,190.4,505.4,9.6,3
5636,suv,4.8,road_loopA_f0,road_loopA_f1,7133.2,7271.7,138.5,1304.1,33.9,1
5638,truck,8.5,road_loopA_r0,xloopA_0Bb,7135.9,7272.1,136.2,895.5,23.7,1
5667,suv,4.8,road_loopA_f0,road_loopA_f1,7157.4,7273.0,115.6,1303.0,40.6,1
5694,car,4.5,road_loopA_r0,road_loopA_r1,7179.0,7273.3,94.3,1298.3,49.6,0
5583,car,4.5,road_loopA_f0,xloopA_0Ab,7087.1,7273.9,186.8,505.5,9.7,3
5645,car,4.5,road_loopA_f0,road_loopA_f1,7141.3,7274.1,132.8,1304.0,35.3,1
5661,suv,4.8,road_loopA_f0,road_loopA_f1,7153.5,7275.8,122.3,1304.2,38.4,1
5606,car,4.5,road_loopA_f0,xloopA_0Ab,7107.4,7276.5,169.1,505.2,10.8,4
5668,car,4.5,road_loopA_f0,road_loopA_f1,7158.1,7277.6,119.5,1303.9,39.3,1
5608,bus,11.0,road_loopA_r0,road_loopA_r1,7110.0,7278.0,168.0,1298.2,27.8,2
5696,suv,4.8,road_loopA_r0,road_loopA_r1,7179.8,7278.1,98.3,1297.6,47.5,0
5613,car,4.5,road_loopA_f0,xloopA_0Ab,7114.2,7279.2,165.0,505.4,11.0,2
5713,truck,8.5,road_loopA_r0,xloopA_0Bb,7204.1,7279.3,75.2,895.5,42.8,0
5672,car,4.5,road_loopA_f0,road_loopA_f1,7161.2,7279.8,118.6,1303.7,39.6,1
5695,truck,8.5,road_loopA_r0,road_loopA_r1,7179.6,7280.3,100.7,1298.2,46.4,0
5654,truck,8.5,road_loopA_f0,road_loopA_f1,7150.4,7281.6,131.2,1303.8,35.8,1
5620,suv,4.8,road_loopA_f0,xloopA_0Ab,7118.8,7281.9,163.1,505.7,11.2,2
5701,car,4.5,road_loopA_r0,road_loopA_r1,7185.2,7282.2,97.0,1297.7,48.2,0
5688,car,4.5,road_loopA_f0,road_loopA_f1,7174.7,7282.9,108.2,1303.0,43.3,0
5700,suv,4.8,road_loopA_r0,road_loopA_r1,7184.3,7283.0,98.7,1297.7,47.3,0
5687,car,4.5,road_loopA_r0,road_loopA_r1,7173.4,7283.4,110.0,1298.0,42.5,0
5671,car,4.5,road_loopA_f0,road_loopA_f1,7161.0,7283.6,122.6,1303.5,38.3,1
5707,suv,4.8,road_loopA_r0,road_loopA_r1,7194.9,7284.4,89.5,1297.7,52.2,0
5706,suv,4.8,road_loopA_r0,road_loopA_r1,7190.5,7284.8,94.3,1297.7,49.6,0
5679,car,4.5,road_loopA_f0,road_loopA_f1,7164.8,7285.4,120.6,1302.9,38.9,1
5758,car,4.5,xloopA_0Aa,xloopA_0Ab,7247.3,7287.5,40.2,84.1,7.5,1
5675,car,4.5,road_loopA_f0,road_loopA_f1,7162.0,7288.8,126.8,1303.5,37.0,1
5757,car,4.5,xloopA_0Ba,xloopA_0Bb,7247.2,7289.9,42.7,84.2,7.1,1
5689,car,4.5,road_loopA_f0,road_loopA_f1,7175.3,7290.1,114.8,1303.6,40.9,0
5616,bus,11.0,road_loopA_f0,road_loopA_f1,7116.8,7290.8,174.0,1303.5,27.0,2
5662,car,4.5,road_loopA_f0,road_loopA_f1,7154.6,7291.2,136.6,1303.9,34.4,1
5691,car,4.5,road_loopA_f0,road_loopA_f1,7176.7,7291.8,115.1,1304.1,40.8,1
5712,car,4.5,road_loopA_f0,road_loopA_f1,7199.7,7293.5,93.8,1303.5,50.0,0
5631,car,4.5,xloopA_0Aa,road_loopA_f1,7127.7,7294.1,166.4,872.3,18.9,1
5663,car,4.5,road_loopA_f0,road_loopA_f1,7155.0,7294.8,139.8,1303.7,33.6,1
5705,car,4.5,road_loopA_f0,road_loopA_f1,7188.8,7295.6,106.8,1302.8,43.9,0
5677,truck,8.5,road_loopA_f0,road_loopA_f1,7163.7,7298.8,135.1,1302.8,34.7,0
5693,car,4.5,road_loopA_f0,road_loopA_f1,7178.2,7299.8,121.6,1303.2,38.6,0
5681,car,4.5,road_loopA_f0,road_loopA_f1,7166.5,7300.9,134.4,1302.8,34.9,0
5717,car,4.5,road_loopA_f0,road_loopA_f1,7208.6,7301.5,92.9,1303.0,50.5,0
5649,car,4.5,road_loopA_f0,road_loopA_f1,7143.4,7303.2,159.8,1302.8,29.4,1
5722,car,4.5,road_loopA_f0,road_loopA_f1,7211.6,7303.3,91.7,1304.0,51.2,0
5709,suv,4.8,road_loopA_f0,road_loopA_f1,7196.0,7305.6,109.6,1304.2,42.8,0
5728,car,4.5,road_loopA_f0,road_loopA_f1,7217.4,7308.0,90.6,1304.2,51.8,0
5704,car,4.5,road_loopA_f0,road_loopA_f1,7187.9,7310.3,122.4,1304.2,38.4,0
5599,car,4.5,xloopA_0Aa,road_loopA_f1,7101.5,7310.5,209.0,872.2,15.0,1
5673,car,4.5,xloopA_0Ba,road_loopA_f1,7161.5,7310.5,149.0,902.3,21.8,1
5698,car,4.5,road_loopA_f0,road_loopA_f1,7181.3,7311.6,130.3,1302.9,36.0,0
5644,suv,4.8,road_loopA_f0,road_loopA_f1,7141.1,7312.3,171.2,1303.4,27.4,1
5690,suv,4.8,road_loopA_f0,road_loopA_f1,7176.0,7313.4,137.4,1303.9,34.2,0
5660,car,4.5,road_loopA_f0,road_loopA_f1,7153.5,7313.9,160.4,1302.9,29.2,1
1217,tram,34.0,loopB,loopB,3195.9,7314.3,4118.4,33672.6,29.4,40
5714,suv,4.8,road_loopA_f0,road_loopA_f1,7205.2,7315.2,110.0,1303.4,42.7,0
5746,car,4.5,road_loopA_f0,xloopA_0Bb,7240.3,7315.4,75.1,478.7,23.0,2
5715,suv,4.8,road_loopA_r0,xloopA_0Ab,7206.9,7316.2,109.3,869.3,28.6,2
5702,bus,11.0,road_loopA_f0,road_loopA_f1,7185.5,7316.7,131.2,1303.0,35.7,0
5718,car,4.5,road_loopA_r0,road_loopA_r1,7209.7,7332.9,123.2,1298.5,37.9,1
5720,car,4.5,road_loopA_r0,road_loopA_r1,7210.3,7334.3,124.0,1297.6,37.7,1
5726,car,4.5,road_loopA_f0,road_loopA_f1,7215.7,7334.4,118.7,1303.4,39.5,0
5727,car,4.5,road_loopA_r0,road_loopA_r1,7216.6,7337.1,120.5,1297.6,38.8,1
5629,bus,11.0,road_loopA_f0,road_loopA_f1,7124.6,7338.7,214.1,1303.5,21.9,3
5723,suv,4.8,road_loopA_r0,road_loopA_r1,7213.0,7340.1,127.1,1297.3,36.8,1
5721,suv,4.8,road_loopA_r0,road_loopA_r1,7210.3,7342.8,132.5,1298.2,35.3,1
5725,bus,11.0,road_loopA_r0,road_loopA_r1,7213.7,7343.2,129.5,1297.9,36.1,1
5739,car,4.5,road_loopA_r0,road_loopA_r1,7233.5,7346.0,112.5,1298.1,41.5,1
5733,car,4.5,xloopA_0Ba,road_loopA_r1,7223.4,7349.2,125.8,476.8,13.6,1
5730,truck,8.5,road_loopA_r0,road_loopA_r1,7217.6,7350.9,133.3,1297.8,35.1,1
5765,car,4.5,road_loopA_r0,xloopA_0Ab,7253.5,7351.2,97.7,869.0,32.0,1
5711,car,4.5,xloopA_0Aa,road_loopA_r1,7197.4,7351.5,154.1,506.8,11.8,1
5792,car,4.5,xloopA_0Ba,road_loopA_r1,7278.0,7352.0,74.0,476.8,23.2,0
5745,car,4.5,road_loopA_r0,road_loopA_r1,7240.2,7352.2,112.0,1298.3,41.7,1
5710,car,4.5,road_loopA_r0,road_loopA_r1,7196.7,7353.2,156.5,1298.2,29.9,1
5756,car,4.5,road_loopA_r0,road_loopA_r1,7246.8,7353.9,107.1,1298.0,43.6,0
5708,car,4.5,road_loopA_r0,road_loopA_r1,7195.1,7354.6,159.5,1297.5,29.3,1
5716,car,4.5,road_loopA_r0,road_loopA_r1,7207.6,7354.9,147.3,1298.2,31.7,1
5755,car,4.5,road_loopA_r0,road_loopA_r1,7245.3,7356.3,111.0,1298.5,42.1,0
5719,truck,8.5,road_loopA_r0,road_loopA_r1,7209.9,7357.0,147.1,1297.5,31.7,1
5754,car,4.5,road_loopA_r0,road_loopA_r1,7244.6,7357.1,112.5,1298.0,41.6,0
5731,truck,8.5,road_loopA_r0,road_loopA_r1,7221.5,7358.8,137.3,1298.1,34.0,0
5744,car,4.5,road_loopA_r0,road_loopA_r1,7239.8,7359.0,119.2,1297.9,39.2,0
5764,car,4.5,road_loopA_r0,road_loopA_r1,7253.3,7359.5,106.2,1298.7,44.0,0
5747,suv,4.8,road_loopA_r0,road_loopA_r1,7241.2,7360.7,119.5,1298.3,39.1,0
5748,car,4.5,road_loopA_r0,road_loopA_r1,7241.8,7360.8,119.0,1297.9,39.2,0
5778,car,4.5,road_loopA_r0,road_loopA_r1,7267.8,7362.1,94.3,1297.6,49.6,0
5759,car,4.5,road_loopA_r0,road_loopA_r1,7248.1,7362.5,114.4,1297.8,40.8,0
5752,car,4.5,road_loopA_r0,road_loopA_r1,7243.7,7362.6,118.9,1298.4,39.3,0
5783,suv,4.8,road_loopA_r0,road_loopA_r1,7273.7,7363.6,89.9,1297.5,52.0,0
5750,car,4.5,road_loopA_r0,xloopA_0Bb,7242.1,7364.2,122.1,895.4,26.4,1
5762,car,4.5,road_loopA_r0,road_loopA_r1,7252.4,7364.3,111.9,1297.4,41.7,0
5683,car,4.5,road_loopA_f0,xloopA_0Ab,7169.6,7364.8,195.2,505.4,9.3,2
5770,car,4.5,road_loopA_r0,road_loopA_r1,7259.3,7364.8,105.5,1298.4,44.3,0
5767,suv,4.8,road_loopA_r0,road_loopA_r1,7256.1,7366.1,110.0,1297.7,42.5,0
5697,bus,11.0,road_loopA_r0,road_loopA_r1,7180.9,7366.3,185.4,1297.6,25.2,3
5736,suv,4.8,road_loopA_f0,road_loopA_f1,7227.0,7366.3,139.3,1304.1,33.7,1
5776,car,4.5,road_loopA_r0,road_loopA_r1,7264.5,7366.5,102.0,1297.9,45.8,0
5732,car,4.5,road_loopA_f0,road_loopA_f1,7223.0,7366.7,143.7,1303.2,32.7,1
5699,car,4.5,road_loopA_f0,xloopA_0Ab,7183.5,7367.4,183.9,505.4,9.9,3
5769,car,4.5,road_loopA_r0,road_loopA_r1,7258.8,7368.0,109.2,1297.9,42.8,0
5787,suv,4.8,road_loopA_r0,road_loopA_r1,7275.4,7368.0,92.6,1298.1,50.5,0
5740,car,4.5,road_loopA_f0,road_loopA_f1,7233.6,7368.9,135.3,1304.1,34.7,1
5724,car,4.5,road_loopA_f0,xloopA_0Ab,7213.2,7370.0,156.8,505.2,11.6,2
5791,car,4.5,road_loopA_r0,road_loopA_r1,7277.4,7370.6,93.2,1297.9,50.1,0
5735,bus,11.0,road_loopA_r0,road_loopA_r1,7226.6,7371.0,144.4,1297.8,32.4,1
5737,car,4.5,road_loopA_f0,road_loopA_f1,7227.8,7371.5,143.7,1303.7,32.7,1
5741,car,4.5,road_loopA_f0,road_loopA_f1,7236.8,7373.8,137.0,1303.7,34.3,1
5795,suv,4.8,road_loopA_r0,road_loopA_r1,7281.4,7373.8,92.4,1298.3,50.6,0
5729,car,4.5,road_loopA_f0,road_loopA_f1,7217.7,7375.0,157.3,1302.8,29.8,1
5743,car,4.5,road_loopA_f0,road_loopA_f1,7239.0,7375.4,136.4,1303.3,34.4,1
5790,suv,4.8,road_loopA_r0,road_loopA_r1,7276.5,7375.5,99.0,1297.7,47.2,0
5806,car,4.5,xloopA_0Aa,xloopA_0Ab,7300.9,7375.9,75.0,84.2,4.0,1
5751,suv,4.8,road_loopA_f0,road_loopA_f1,7242.4,7376.2,133.8,1302.9,35.1,1
5749,suv,4.8,road_loopA_f0,road_loopA_f1,7242.2,7376.7,134.5,1303.6,34.9,1
5761,car,4.5,road_loopA_f0,road_loopA_f1,7251.2,7377.7,126.5,1304.0,37.1,1
5760,car,4.5,road_loopA_f0,road_loopA_f1,7248.7,7378.5,129.8,1303.7,36.2,1
5882,car,4.5,xloopA_0Ba,xloopA_0Bb,7368.2,7379.6,11.4,84.7,26.8,0
5738,suv,4.8,road_loopA_f0,road_loopA_f1,7228.8,7380.3,151.5,1303.7,31.0,1
5768,suv,4.8,road_loopA_f0,road_loopA_f1,7257.1,7381.0,123.9,1303.1,37.9,1
5841,car,4.5,xloopA_0Aa,xloopA_0Ab,7327.6,7381.2,53.6,84.3,5.7,1
5771,suv,4.8,road_loopA_f0,road_loopA_f1,7259.9,7382.1,122.2,1303.8,38.4,1
5772,car,4.5,road_loopA_f0,road_loopA_f1,7261.8,7382.6,120.8,1303.8,38.9,1
5781,truck,8.5,road_loopA_f0,road_loopA_f1,7272.4,7384.2,111.8,1303.4,42.0,0
5870,car,4.5,xloopA_0Aa,xloopA_0Ab,7357.1,7384.4,27.3,84.7,11.1,0
5734,car,4.5,road_loopA_f0,road_loopA_f1,7223.8,7385.0,161.2,1304.0,29.1,1
5774,car,4.5,road_loopA_f0,road_loopA_f1,7263.4,7387.2,123.8,1303.4,37.9,1
5775,suv,4.8,road_loopA_f0,road_loopA_f1,7263.9,7388.8,124.9,1303.5,37.6,1
5779,suv,4.8,road_loopA_f0,road_loopA_f1,7268.7,7389.1,120.4,1303.6,39.0,0
5784,truck,8.5,road_loopA_f0,road_loopA_f1,7274.4,7391.1,116.7,1302.8,40.2,0
5788,car,4.5,road_loopA_f0,road_loopA_f1,7275.7,7391.3,115.6,1303.8,40.6,0
5794,car,4.5,road_loopA_f0,road_loopA_f1,7280.5,7393.9,113.4,1302.8,41.4,0
5753,car,4.5,xloopA_0Ba,road_loopA_f1,7244.3,7394.2,149.9,902.3,21.7,1
5780,car,4.5,road_loopA_f0,road_loopA_f1,7271.2,7394.2,123.0,1303.0,38.1,1
5789,car,4.5,road_loopA_f0,road_loopA_f1,7276.4,7395.5,119.1,1303.7,39.4,0
5799,car,4.5,road_loopA_f0,road_loopA_f1,7285.4,7395.7,110.3,1303.1,42.5,0
5777,car,4.5,road_loopA_f0,road_loopA_f1,7267.2,7395.8,128.6,1302.8,36.5,1
5807,car,4.5,road_loopA_f0,road_loopA_f1,7303.2,7397.5,94.3,1303.4,49.8,0
5793,car,4.5,road_loopA_f0,road_loopA_f1,7280.4,7398.3,117.9,1303.2,39.8,0
5798,car,4.5,road_loopA_f0,road_loopA_f1,7284.1,7399.5,115.4,1304.0,40.7,0
5800,car,4.5,road_loopA_f0,road_loopA_f1,7289.8,7400.0,110.2,1303.0,42.6,0
5785,car,4.5,road_loopA_f0,road_loopA_f1,7274.7,7401.1,126.4,1303.9,37.1,0
5782,car,4.5,road_loopA_f0,road_loopA_f1,7273.4,7402.1,128.7,1302.8,36.4,0
5819,suv,4.8,road_loopA_f0,road_loopA_f1,7310.2,7403.3,93.1,1303.3,50.4,0
5796,car,4.5,xloopA_0Ba,road_loopA_f1,7282.3,7404.0,121.7,902.9,26.7,0
5786,truck,8.5,road_loopA_f0,road_loopA_f1,7275.4,7405.1,129.7,1302.8,36.2,0
5817,suv,4.8,road_loopA_f0,road_loopA_f1,7308.9,7405.5,96.6,1303.5,48.6,0
5763,truck,8.5,road_loopA_f0,road_loopA_f1,7252.8,7406.1,153.3,1302.8,30.6,1
5814,car,4.5,road_loopA_r0,xloopA_0Ab,7306.7,7407.0,100.3,869.2,31.2,1
5826,car,4.5,road_loopA_f0,road_loopA_f1,7316.7,7407.4,90.7,1303.8,51.8,0
5773,car,4.5,road_loopA_f0,road_loopA_f1,7262.7,7408.2,145.5,1303.1,32.2,1
5813,truck,8.5,road_loopA_f0,road_loopA_f1,7306.4,7410.0,103.6,1303.5,45.3,0
5832,suv,4.8,road_loopA_f0,road_loopA_f1,7317.7,7410.0,92.3,1303.9,50.9,0
5810,truck,8.5,road_loopA_f0,road_loopA_f1,7305.0,7414.0,109.0,1303.1,43.0,0
5821,truck,8.5,road_loopA_f0,road_loopA_f1,7313.4,7416.4,103.0,1303.0,45.5,0
5804,car,4.5,road_loopA_r0,road_loopA_r1,7299.7,7420.0,120.3,1297.8,38.8,1
5803,suv,4.8,road_loopA_r0,road_loopA_r1,7299.2,7420.1,120.9,1297.8,38.7,1
5805,suv,4.8,road_loopA_r0,road_loopA_r1,7299.8,7424.0,124.2,1298.1,37.6,1
5809,suv,4.8,road_loopA_r0,road_loopA_r1,7304.0,7425.4,121.4,1297.5,38.5,1
5822,car,4.5,road_loopA_r0,road_loopA_r1,7314.7,7426.5,111.8,1297.6,41.8,1
5820,car,4.5,road_loopA_r0,road_loopA_r1,7311.9,7427.2,115.3,1297.6,40.5,1
5802,suv,4.8,road_loopA_r0,road_loopA_r1,7292.7,7427.4,134.7,1297.7,34.7,1
5808,car,4.5,road_loopA_r0,road_loopA_r1,7304.1,7429.2,125.1,1297.4,37.3,1
5818,car,4.5,road_loopA_r0,road_loopA_r1,7310.0,7429.3,119.3,1297.3,39.1,1
5815,car,4.5,road_loopA_r0,road_loopA_r1,7307.6,7432.0,124.4,1298.3,37.6,1
5823,suv,4.8,road_loopA_r0,road_loopA_r1,7316.1,7432.1,116.0,1298.4,40.3,1
5834,car,4.5,road_loopA_r0,road_loopA_r1,7320.1,7432.8,112.7,1297.5,41.5,1
5837,car,4.5,road_loopA_r0,road_loopA_r1,7323.5,7434.1,110.6,1298.2,42.3,1
5811,suv,4.8,road_loopA_r0,road_loopA_r1,7305.8,7435.1,129.3,1297.7,36.1,1
5816,truck,8.5,road_loopA_r0,road_loopA_r1,7307.7,7437.5,129.8,1298.4,36.0,1
5840,car,4.5,road_loopA_r0,road_loopA_r1,7325.8,7438.3,112.5,1298.6,41.6,1
5825,car,4.5,road_loopA_r0,road_loopA_r1,7316.3,7438.6,122.3,1298.2,38.2,0
5824,car,4.5,road_loopA_r0,road_loopA_r1,7316.1,7439.5,123.4,1298.2,37.9,1
5831,car,4.5,road_loopA_r0,road_loopA_r1,7317.4,7440.2,122.8,1297.6,38.1,0
5851,car,4.5,road_loopA_r0,road_loopA_r1,7333.9,7440.9,107.0,1298.3,43.7,0
5830,car,4.5,road_loopA_r0,road_loopA_r1,7317.3,7441.2,123.9,1297.6,37.7,1
5839,car,4.5,road_loopA_r0,road_loopA_r1,7324.0,7442.0,118.0,1298.6,39.6,0
5846,car,4.5,road_loopA_r0,road_loopA_r1,7332.3,7443.5,111.2,1297.8,42.0,0
5842,suv,4.8,road_loopA_r0,road_loopA_r1,7328.2,7443.9,115.7,1297.5,40.4,0
5849,car,4.5,road_loopA_r0,road_loopA_r1,7333.2,7445.6,112.4,1298.1,41.6,0
5864,car,4.5,road_loopA_r0,road_loopA_r1,7351.8,7446.1,94.3,1297.4,49.5,0
5835,car,4.5,road_loopA_f0,road_loopA_f1,7320.5,7447.3,126.8,1302.9,37.0,1
5857,suv,4.8,road_loopA_r0,road_loopA_r1,7347.3,7447.3,100.0,1297.4,46.7,0
5855,suv,4.8,road_loopA_r0,road_loopA_r1,7340.3,7447.5,107.2,1298.2,43.6,0
5838,suv,4.8,road_loopA_f0,road_loopA_f1,7323.5,7448.9,125.4,1304.0,37.4,1
5868,car,4.5,road_loopA_r0,road_loopA_r1,7356.2,7449.2,93.0,1298.0,50.2,0
5844,car,4.5,road_loopA_f0,road_loopA_f1,7329.4,7450.3,120.9,1302.9,38.8,1
5876,suv,4.8,road_loopA_r0,road_loopA_r1,7362.7,7452.7,90.0,1298.4,51.9,0
5847,car,4.5,road_loopA_f0,road_loopA_f1,7332.5,7453.1,120.6,1302.8,38.9,1
5850,car,4.5,road_loopA_f0,road_loopA_f1,7333.4,7453.6,120.2,1303.2,39.0,1
5881,car,4.5,road_loopA_r0,road_loopA_r1,7365.1,7454.7,89.6,1298.1,52.2,0
5863,truck,8.5,road_loopA_r0,road_loopA_r1,7351.5,7455.2,103.7,1297.9,45.1,0
5833,car,4.5,road_loopA_f0,road_loopA_f1,7318.6,7455.6,137.0,1303.1,34.2,1
5854,suv,4.8,road_loopA_f0,road_loopA_f1,7337.2,7456.8,119.6,1302.8,39.2,1
5869,suv,4.8,road_loopA_r0,road_loopA_r1,7356.8,7457.2,100.4,1297.6,46.5,0
5829,car,4.5,xloopA_0Aa,road_loopA_f1,7317.1,7457.6,140.5,872.7,22.4,1
5812,car,4.5,road_loopA_r0,xloopA_0Bb,7306.0,7457.7,151.7,895.4,21.3,1
5836,car,4.5,road_loopA_f0,road_loopA_f1,7322.0,7458.2,136.2,1303.6,34.5,1
5742,car,4.5,road_loopA_f0,xloopA_0Ab,7238.5,7458.3,219.8,505.4,8.3,2
5880,suv,4.8,road_loopA_r0,road_loopA_r1,7364.3,7458.4,94.1,1297.5,49.7,0
5828,car,4.5,road_loopA_f0,road_loopA_f1,7316.9,7459.2,142.3,1303.0,33.0,1
5853,car,4.5,road_loopA_f0,road_loopA_f1,7336.0,7459.4,123.4,1303.6,38.0,1
5848,car,4.5,road_loopA_f0,road_loopA_f1,7332.6,7459.6,127.0,1303.0,36.9,1
5883,car,4.5,road_loopA_r0,road_loopA_r1,7368.9,7460.0,91.1,1298.6,51.3,0
5890,car,4.5,road_loopA_r0,xloopA_0Bb,7374.1,7460.3,86.2,895.5,37.4,1
5797,bus,11.0,road_loopA_r0,road_loopA_r1,7283.9,7460.6,176.7,1298.1,26.5,2
5801,truck,8.5,road_loopA_f0,xloopA_0Ab,7290.6,7461.7,171.1,505.2,10.6,2
5872,suv,4.8,road_loopA_r0,road_loopA_r1,7357.4,7464.2,106.8,1298.0,43.8,0
5906,car,4.5,road_loopA_f0,xloopA_0Ab,7383.2,7464.7,81.5,505.0,22.3,1
5884,car,4.5,road_loopA_r0,road_loopA_r1,7370.3,7466.4,96.1,1297.5,48.6,0
5865,car,4.5,road_loopA_r0,road_loopA_r1,7352.8,7466.9,114.1,1297.5,41.0,0
5856,car,4.5,road_loopA_f0,road_loopA_f1,7346.8,7467.9,121.1,1304.0,38.8,1
5936,car,4.5,road_loopA_f0,xloopA_0Ab,7416.6,7467.9,51.3,505.1,35.5,0
5843,car,4.5,road_loopA_f0,road_loopA_f1,7328.5,7468.1,139.6,1303.2,33.6,1
5867,car,4.5,road_loopA_f0,road_loopA_f1,7354.7,7468.7,114.0,1303.0,41.2,1
5879,suv,4.8,road_loopA_r0,road_loopA_r1,7363.7,7469.4,105.7,1297.7,44.2,0
5891,suv,4.8,road_loopA_r0,road_loopA_r1,7374.2,7470.3,96.1,1297.4,48.6,0
5874,car,4.5,road_loopA_f0,road_loopA_f1,7359.2,7470.4,111.2,1303.4,42.2,0
5901,suv,4.8,road_loopA_r0,road_loopA_r1,7379.6,7471.0,91.4,1297.9,51.1,0
5888,suv,4.8,road_loopA_r0,road_loopA_r1,7373.0,7471.5,98.5,1297.5,47.4,0
5859,truck,8.5,road_loopA_f0,road_loopA_f1,7347.7,7471.8,124.1,1303.8,37.8,0
5887,car,4.5,road_loopA_f0,road_loopA_f1,7373.0,7472.1,99.1,1302.9,47.3,0
5904,car,4.5,road_loopA_r0,road_loopA_r1,7382.7,7472.7,90.0,1297.5,51.9,0
5845,suv,4.8,road_loopA_f0,road_loopA_f1,7331.9,7473.1,141.2,1303.6,33.2,1
5862,car,4.5,road_loopA_f0,road_loopA_f1,7350.4,7473.9,123.5,1304.0,38.0,0
5893,car,4.5,road_loopA_f0,road_loopA_f1,7375.7,7474.5,98.8,1304.1,47.5,0
5858,suv,4.8,road_loopA_f0,road_loopA_f1,7347.3,7474.7,127.4,1303.0,36.8,1
5886,car,4.5,xloopA_0Ba,xloopA_0Bb,7372.8,7474.7,101.9,84.1,3.0,1
5898,car,4.5,road_loopA_r0,road_loopA_r1,7378.6,7475.1,96.5,1298.0,48.4,0
5877,car,4.5,road_loopA_f0,road_loopA_f1,7362.9,7475.6,112.7,1303.4,41.6,0
5860,suv,4.8,road_loopA_f0,road_loopA_f1,7348.3,7476.4,128.1,1302.9,36.6,1
5897,car,4.5,road_loopA_f0,road_loopA_f1,7378.2,7476.5,98.3,1303.8,47.8,0
5923,car,4.5,xloopA_0Ba,xloopA_0Bb,7393.5,7476.8,83.3,84.2,3.6,1
5871,car,4.5,road_loopA_f0,road_loopA_f1,7357.4,7477.4,120.0,1304.0,39.1,0
5942,car,4.5,xloopA_0Aa,xloopA_0Ab,7420.5,7477.5,57.0,84.4,5.3,1
5861,suv,4.8,road_loopA_f0,road_loopA_f1,7349.8,7478.2,128.4,1304.0,36.6,1
5894,car,4.5,road_loopA_f0,road_loopA_f1,7375.9,7479.0,103.1,1303.1,45.5,0
5933,car,4.5,xloopA_0Ba,xloopA_0Bb,7409.8,7479.0,69.2,84.6,4.4,1
5892,car,4.5,road_loopA_f0,road_loopA_f1,7375.6,7479.6,104.0,1303.2,45.1,0
5965,car,4.5,xloopA_0Aa,xloopA_0Ab,7437.5,7479.6,42.1,84.4,7.2,0
5866,car,4.5,road_loopA_f0,road_loopA_f1,7354.2,7479.9,125.7,1303.1,37.3,1
5885,car,4.5,road_loopA_f0,road_loopA_f1,7372.3,7480.8,108.5,1302.9,43.2,0
5985,car,4.5,xloopA_0Ba,xloopA_0Bb,7455.5,7481.6,26.1,84.1,11.6,0
5875,suv,4.8,road_loopA_f0,road_loopA_f1,7360.3,7481.7,121.4,1303.6,38.7,0
5900,car,4.5,road_loopA_f0,road_loopA_f1,7379.6,7483.4,103.8,1302.9,45.2,0
5896,suv,4.8,road_loopA_f0,road_loopA_f1,7377.2,7483.7,106.5,1303.8,44.1,0
5909,car,4.5,road_loopA_f0,road_loopA_f1,7384.8,7485.2,100.4,1303.2,46.7,0
5972,car,4.5,xloopA_0Aa,xloopA_0Ab,7440.9,7485.5,44.6,84.5,6.8,0
5895,car,4.5,road_loopA_f0,road_loopA_f1,7376.3,7485.7,109.4,1303.1,42.9,0
5899,truck,8.5,road_loopA_f0,road_loopA_f1,7378.7,7485.8,107.1,1303.1,43.8,0
5915,car,4.5,road_loopA_f0,road_loopA_f1,7389.4,7487.0,97.6,1302.8,48.0,0
5914,truck,8.5,road_loopA_f0,road_loopA_f1,7388.9,7487.8,98.9,1303.5,47.5,0
5905,car,4.5,road_loopA_f0,road_loopA_f1,7383.1,7490.4,107.3,1303.1,43.7,0
5921,truck,8.5,road_loopA_f0,road_loopA_f1,7392.9,7491.9,99.0,1304.1,47.4,0
5919,car,4.5,road_loopA_f0,road_loopA_f1,7392.4,7496.5,104.1,1304.0,45.1,0
5922,car,4.5,road_loopA_f0,road_loopA_f1,7393.2,7496.8,103.6,1303.2,45.3,0
5913,car,4.5,road_loopA_f0,road_loopA_f1,7388.6,7498.2,109.6,1303.3,42.8,0
5920,suv,4.8,road_loopA_f0,road_loopA_f1,7392.5,7498.5,106.0,1304.1,44.3,0
5852,bus,11.0,road_loopA_r0,road_loopA_r1,7335.8,7499.2,163.4,1298.3,28.6,2
5957,car,4.5,road_loopA_f0,xloopA_0Bb,7433.3,7500.7,67.4,478.7,25.6,2
5932,suv,4.8,road_loopA_f0,road_loopA_f1,7408.7,7504.0,95.3,1302.8,49.2,0
5951,suv,4.8,road_loopA_r0,xloopA_0Ab,7427.5,7518.1,90.6,869.4,34.5,1
5912,suv,4.8,road_loopA_r0,road_loopA_r1,7386.2,7518.7,132.5,1297.3,35.2,1
5929,car,4.5,road_loopA_f0,road_loopA_f1,7404.0,7519.5,115.5,1302.9,40.6,0
5916,car,4.5,road_loopA_r0,road_loopA_r1,7390.7,7520.0,129.3,1298.7,36.2,1
5827,bus,11.0,road_loopA_f0,road_loopA_f1,7316.7,7522.7,206.0,1303.0,22.8,3
5925,car,4.5,road_loopA_r0,road_loopA_r1,7396.0,7523.0,127.0,1298.5,36.8,1
5918,car,4.5,road_loopA_r0,road_loopA_r1,7391.5,7525.6,134.1,1297.4,34.8,1
5889,suv,4.8,road_loopA_r0,road_loopA_r1,7373.4,7527.4,154.0,1297.7,30.3,1
5873,car,4.5,xloopA_0Aa,road_loopA_r1,7358.2,7527.5,169.3,507.0,10.8,1
5910,car,4.5,road_loopA_r0,road_loopA_r1,7385.8,7527.9,142.1,1298.2,32.9,1
5924,car,4.5,road_loopA_r0,road_loopA_r1,7395.5,7530.8,135.3,1298.6,34.6,1
5903,suv,4.8,road_loopA_r0,road_loopA_r1,7380.6,7531.3,150.7,1298.4,31.0,1
5908,truck,8.5,road_loopA_r0,road_loopA_r1,7384.5,7533.7,149.2,1297.8,31.3,1
5949,car,4.5,road_loopA_r0,road_loopA_r1,7423.2,7534.9,111.7,1298.1,41.8,1
5928,car,4.5,road_loopA_r0,road_loopA_r1,7402.6,7535.8,133.2,1298.5,35.1,1
5878,car,4.5,road_loopA_r0,road_loopA_r1,7363.3,7537.8,174.5,1297.3,26.8,1
5954,suv,4.8,road_loopA_r0,road_loopA_r1,7431.9,7537.8,105.9,1297.6,44.1,0
5930,suv,4.8,road_loopA_r0,road_loopA_r1,7405.5,7538.0,132.5,1298.1,35.3,1
5907,truck,8.5,road_loopA_r0,road_loopA_r1,7383.8,7540.0,156.2,1297.7,29.9,1
5931,suv,4.8,road_loopA_r0,road_loopA_r1,7408.1,7540.8,132.7,1297.7,35.2,1
5946,truck,8.5,road_loopA_r0,road_loopA_r1,7421.2,7541.3,120.1,1297.9,38.9,0
5917,suv,4.8,road_loopA_r0,road_loopA_r1,7391.2,7541.9,150.7,1297.2,31.0,1
5940,car,4.5,road_loopA_r0,road_loopA_r1,7420.0,7542.9,122.9,1297.9,38.0,1
5944,car,4.5,road_loopA_r0,road_loopA_r1,7420.8,7543.6,122.8,1297.6,38.0,1
5953,car,4.5,road_loopA_r0,road_loopA_r1,7430.2,7545.6,115.4,1298.2,40.5,0
5937,suv,4.8,road_loopA_f0,road_loopA_f1,7417.0,7545.8,128.8,1303.1,36.4,1
5947,car,4.5,road_loopA_r0,road_loopA_r1,7421.8,7546.2,124.4,1297.2,37.5,0
5955,car,4.5,road_loopA_r0,road_loopA_r1,7432.7,7546.2,113.5,1298.5,41.2,0
5934,car,4.5,road_loopA_f0,road_loopA_f1,7413.0,7546.3,133.3,1303.4,35.2,1
5956,car,4.5,road_loopA_r0,road_loopA_r1,7433.2,7547.4,114.2,1297.9,40.9,0
5952,suv,4.8,road_loopA_r0,road_loopA_r1,7430.0,7548.0,118.0,1297.7,39.6,0
5975,car,4.5,road_loopA_r0,road_loopA_r1,7445.6,7548.3,102.7,1297.9,45.5,0
5967,car,4.5,road_loopA_r0,road_loopA_r1,7438.4,7549.1,110.7,1297.6,42.2,0
5962,car,4.5,road_loopA_r0,road_loopA_r1,7436.9,7549.8,112.9,1298.0,41.4,0
5971,car,4.5,road_loopA_r0,road_loopA_r1,7440.6,7550.9,110.3,1298.4,42.4,0
5927,car,4.5,road_loopA_r0,xloopA_0Bb,7402.5,7551.2,148.7,895.5,21.7,1
5960,suv,4.8,road_loopA_f0,xloopA_0Ab,7436.3,7551.9,115.6,505.6,15.7,1
5974,car,4.5,road_loopA_r0,road_loopA_r1,7443.9,7552.6,108.7,1297.4,43.0,0
5978,car,4.5,road_loopA_r0,road_loopA_r1,7448.4,7554.4,106.0,1297.4,44.1,0
6012,car,4.5,road_loopA_f0,xloopA_0Ab,7482.4,7554.5,72.1,505.3,25.2,1
5979,truck,8.5,road_loopA_r0,xloopA_0Bb,7448.6,7554.6,106.0,895.8,30.4,1
5939,suv,4.8,road_loopA_f0,road_loopA_f1,7418.2,7555.0,136.8,1303.9,34.3,1
5968,car,4.5,road_loopA_r0,road_loopA_r1,7438.7,7555.1,116.4,1298.0,40.1,0
5935,suv,4.8,road_loopA_f0,road_loopA_f1,7415.0,7555.4,140.4,1303.6,33.4,1
5976,car,4.5,road_loopA_r0,road_loopA_r1,7446.9,7556.5,109.6,1297.5,42.6,0
5941,suv,4.8,road_loopA_f0,road_loopA_f1,7420.3,7557.1,136.8,1302.8,34.3,1
5938,car,4.5,road_loopA_f0,road_loopA_f1,7418.1,7557.2,139.1,1303.4,33.7,1
5981,car,4.5,road_loopA_r0,road_loopA_r1,7452.5,7557.3,104.8,1298.2,44.6,0
5994,car,4.5,road_loopA_r0,road_loopA_r1,7468.1,7557.8,89.7,1298.0,52.1,0
5911,bus,11.0,road_loopA_r0,road_loopA_r1,7386.1,7558.1,172.0,1298.5,27.2,3
5943,suv,4.8,road_loopA_f0,road_loopA_f1,7420.8,7558.3,137.5,1303.4,34.1,1
5950,car,4.5,road_loopA_f0,road_loopA_f1,7424.3,7560.0,135.7,1302.9,34.6,1
5959,suv,4.8,road_loopA_f0,road_loopA_f1,7434.5,7561.0,126.5,1303.8,37.1,1
5973,car,4.5,road_loopA_r0,road_loopA_r1,7442.5,7561.6,119.1,1297.7,39.2,0
5958,car,4.5,road_loopA_f0,road_loopA_f1,7433.4,7561.7,128.3,1303.0,36.6,1
5986,truck,8.5,road_loopA_r0,road_loopA_r1,7455.5,7562.1,106.6,1297.3,43.8,0
6048,car,4.5,road_loopA_f0,xloopA_0Ab,7517.9,7562.7,44.8,505.4,40.6,0
5977,truck,8.5,road_loopA_r0,road_loopA_r1,7448.3,7563.4,115.1,1297.4,40.6,0
5964,car,4.5,road_loopA_f0,road_loopA_f1,7437.3,7563.5,126.2,1303.9,37.2,1
5969,suv,4.8,road_loopA_f0,road_loopA_f1,7439.6,7563.6,124.0,1303.4,37.8,1
5996,suv,4.8,road_loopA_r0,road_loopA_r1,7469.1,7564.2,95.1,1298.4,49.1,0
5990,car,4.5,road_loopA_r0,road_loopA_r1,7465.1,7564.5,99.4,1297.5,47.0,0
5993,suv,4.8,road_loopA_r0,road_loopA_r1,7467.6,7565.3,97.7,1297.6,47.8,0
5982,car,4.5,road_loopA_f0,road_loopA_f1,7452.7,7565.8,113.1,1304.0,41.5,0
6001,car,4.5,road_loopA_r0,road_loopA_r1,7472.5,7566.2,93.7,1297.3,49.8,0
6004,car,4.5,road_loopA_r0,road_loopA_r1,7473.8,7566.3,92.5,1298.3,50.5,0
5984,car,4.5,xloopA_0Aa,xloopA_0Ab,7454.9,7566.8,111.9,84.2,2.7,1
5995,suv,4.8,road_loopA_r0,road_loopA_r1,7468.8,7567.0,98.2,1297.5,47.5,0
5989,car,4.5,xloopA_0Ba,xloopA_0Bb,7462.8,7567.0,104.2,84.3,2.9,1
5987,car,4.5,road_loopA_f0,road_loopA_f1,7460.2,7567.5,107.3,1303.4,43.7,0
6007,car,4.5,road_loopA_r0,road_loopA_r1,7475.7,7568.1,92.4,1297.6,50.6,0
5999,car,4.5,xloopA_0Aa,xloopA_0Ab,7470.9,7568.8,97.9,84.0,3.1,1
5945,suv,4.8,road_loopA_f0,road_loopA_f1,7420.9,7569.0,148.1,1303.8,31.7,1
5997,truck,8.5,road_loopA_r0,road_loopA_r1,7470.5,7569.2,98.7,1297.3,47.3,0
6037,car,4.5,xloopA_0Ba,xloopA_0Bb,7509.8,7569.2,59.4,84.1,5.1,1
6005,car,4.5,road_loopA_f0,road_loopA_f1,7474.1,7569.3,95.2,1303.2,49.3,0
5963,suv,4.8,road_loopA_f0,road_loopA_f1,7436.9,7570.8,133.9,1303.5,35.0,1
6002,car,4.5,road_loopA_r0,road_loopA_r1,7473.2,7571.0,97.8,1298.0,47.8,0
5992,suv,4.8,road_loopA_f0,road_loopA_f1,7467.0,7571.1,104.1,1303.1,45.0,0
5966,suv,4.8,road_loopA_f0,road_loopA_f1,7437.7,7571.2,133.5,1303.7,35.1,1
6052,car,4.5,xloopA_0Ba,xloopA_0Bb,7521.4,7571.4,50.0,84.2,6.1,1
6078,car,4.5,xloopA_0Aa,xloopA_0Ab,7541.6,7573.5,31.9,84.5,9.5,0
6054,car,4.5,xloopA_0Ba,xloopA_0Bb,7522.1,7573.7,51.6,84.7,5.9,0
5983,car,4.5,road_loopA_f0,road_loopA_f1,7452.7,7574.0,121.3,1302.8,38.7,0
5926,car,4.5,xloopA_0Aa,road_loopA_f1,7399.7,7575.7,176.0,872.0,17.8,1
5998,car,4.5,road_loopA_f0,road_loopA_f1,7470.8,7576.3,105.5,1303.8,44.5,0
5991,car,4.5,road_loopA_f0,road_loopA_f1,7465.7,7576.5,110.8,1303.9,42.4,0
5970,suv,4.8,road_loopA_f0,road_loopA_f1,7439.9,7577.4,137.5,1304.0,34.1,1
6064,car,4.5,xloopA_0Ba,xloopA_0Bb,7528.4,7577.4,49.0,84.2,6.2,0
6008,car,4.5,road_loopA_f0,road_loopA_f1,7476.0,7578.2,102.2,1303.3,45.9,0
5988,car,4.5,road_loopA_f0,road_loopA_f1,7461.6,7579.0,117.4,1303.0,40.0,0
6006,car,4.5,road_loopA_f0,road_loopA_f1,7474.5,7579.4,104.9,1304.0,44.8,0
6000,car,4.5,road_loopA_f0,road_loopA_f1,7471.9,7580.7,108.8,1303.9,43.1,0
5961,car,4.5,road_loopA_f0,road_loopA_f1,7436.6,7581.2,144.6,1303.3,32.4,1
6021,car,4.5,road_loopA_f0,road_loopA_f1,7488.5,7582.1,93.6,1304.0,50.1,0
6013,suv,4.8,road_loopA_f0,road_loopA_f1,7482.6,7582.6,100.0,1304.0,47.0,0
6025,car,4.5,road_loopA_f0,road_loopA_f1,7492.5,7583.9,91.4,1303.5,51.4,0
5948,car,4.5,road_loopA_f0,road_loopA_f1,7423.0,7585.3,162.3,1304.0,28.9,1
5902,bus,11.0,road_loopA_r0,road_loopA_r1,7380.5,7586.8,206.3,1298.4,22.7,3
6026,car,4.5,road_loopA_f0,road_loopA_f1,7494.1,7586.9,92.8,1303.0,50.5,0
6016,car,4.5,road_loopA_r0,xloopA_0Ab,7484.4,7587.0,102.6,869.1,30.5,1
6017,car,4.5,road_loopA_f0,road_loopA_f1,7484.7,7587.0,102.3,1303.0,45.9,0
6018,car,4.5,road_loopA_f0,road_loopA_f1,7484.8,7588.7,103.9,1302.9,45.1,0
5980,car,4.5,xloopA_0Ba,road_loopA_f1,7450.8,7589.2,138.4,902.9,23.5,0
6030,car,4.5,road_loopA_f0,road_loopA_f1,7499.3,7589.8,90.5,1303.6,51.8,0
6024,car,4.5,road_loopA_f0,road_loopA_f1,7491.2,7590.5,99.3,1304.1,47.3,0
6027,suv,4.8,road_loopA_f0,road_loopA_f1,7494.8,7591.3,96.5,1303.5,48.7,0
6082,suv,4.8,road_loopA_f0,xloopA_0Bb,7547.3,7595.2,47.9,479.0,36.0,1
6003,suv,4.8,road_loopA_r0,xloopA_0Ab,7473.6,7596.1,122.5,869.4,25.5,2
6022,truck,8.5,road_loopA_f0,road_loopA_f1,7489.8,7604.2,114.4,1303.8,41.0,0
6032,suv,4.8,road_loopA_f0,road_loopA_f1,7500.4,7604.5,104.1,1303.4,45.1,0
6092,truck,8.5,road_loopA_f0,xloopA_0Bb,7558.6,7608.3,49.7,478.9,34.7,0
6014,car,4.5,road_loopA_r0,road_loopA_r1,7482.9,7613.3,130.4,1298.2,35.8,1
6011,car,4.5,road_loopA_r0,road_loopA_r1,7481.6,7615.7,134.1,1298.0,34.9,1
6020,suv,4.8,road_loopA_r0,road_loopA_r1,7486.6,7615.8,129.2,1298.6,36.2,1
6009,truck,8.5,road_loopA_r0,road_loopA_r1,7476.2,7616.5,140.3,1298.4,33.3,1
6015,car,4.5,road_loopA_r0,road_loopA_r1,7483.3,7617.4,134.1,1297.4,34.8,1
6029,car,4.5,road_loopA_r0,road_loopA_r1,7498.2,7619.2,121.0,1297.9,38.6,1
6019,car,4.5,road_loopA_r0,road_loopA_r1,7485.2,7620.7,135.5,1298.0,34.5,1
6033,car,4.5,road_loopA_r0,road_loopA_r1,7500.6,7621.9,121.3,1297.4,38.5,1
6028,suv,4.8,road_loopA_r0,road_loopA_r1,7496.6,7622.2,125.6,1297.3,37.2,1
6031,suv,4.8,road_loopA_r0,road_loopA_r1,7499.9,7622.4,122.5,1298.1,38.2,1
6038,car,4.5,road_loopA_r0,road_loopA_r1,7510.2,7623.7,113.5,1298.6,41.2,1
6035,suv,4.8,road_loopA_r0,road_loopA_r1,7504.8,7624.1,119.3,1297.8,39.2,1
6045,car,4.5,road_loopA_r0,road_loopA_r1,7515.3,7625.7,110.4,1297.8,42.3,1
6046,car,4.5,road_loopA_r0,road_loopA_r1,7515.4,7627.3,111.9,1298.2,41.8,1
6036,truck,8.5,road_loopA_r0,road_loopA_r1,7506.1,7628.7,122.6,1297.4,38.1,1
6051,suv,4.8,road_loopA_r0,road_loopA_r1,7519.8,7629.1,109.3,1298.3,42.8,0
6056,suv,4.8,road_loopA_r0,road_loopA_r1,7522.6,7630.5,107.9,1297.5,43.3,0
6042,car,4.5,road_loopA_r0,road_loopA_r1,7514.5,7630.6,116.1,1297.4,40.2,1
6053,car,4.5,road_loopA_r0,road_loopA_r1,7522.0,7631.7,109.7,1297.8,42.6,0
6067,car,4.5,road_loopA_r0,road_loopA_r1,7532.6,7635.5,102.9,1298.2,45.4,0
6057,truck,8.5,road_loopA_r0,road_loopA_r1,7522.8,7637.8,115.0,1297.7,40.6,0
6075,car,4.5,road_loopA_r0,road_loopA_r1,7537.7,7638.9,101.2,1298.5,46.2,0
6039,car,4.5,road_loopA_f0,road_loopA_f1,7513.2,7639.2,126.0,1303.6,37.3,1
6072,car,4.5,road_loopA_r0,road_loopA_r1,7536.6,7639.4,102.8,1298.3,45.5,0
6043,suv,4.8,road_loopA_f0,road_loopA_f1,7514.6,7640.7,126.1,1303.0,37.2,1
6081,car,4.5,road_loopA_r0,road_loopA_r1,7546.0,7641.3,95.3,1298.6,49.0,0
6069,suv,4.8,road_loopA_r0,road_loopA_r1,7533.6,7641.9,108.3,1298.3,43.2,0
6058,car,4.5,road_loopA_f0,road_loopA_f1,7523.7,7642.2,118.5,1303.2,39.6,1
6086,car,4.5,road_loopA_r0,road_loopA_r1,7552.2,7643.0,90.8,1297.3,51.5,0
6073,suv,4.8,road_loopA_r0,road_loopA_r1,7537.0,7643.6,106.6,1298.4,43.9,0
6080,car,4.5,road_loopA_r0,road_loopA_r1,7544.7,7644.3,99.6,1297.4,46.9,0
6023,car,4.5,road_loopA_r0,xloopA_0Bb,7490.4,7644.7,154.3,895.8,20.9,1
6050,suv,4.8,road_loopA_f0,road_loopA_f1,7519.0,7645.0,126.0,1303.9,37.3,1
6062,car,4.5,road_loopA_f0,xloopA_0Ab,7526.2,7645.3,119.1,505.2,15.3,1
6085,truck,8.5,road_loopA_r0,road_loopA_r1,7551.4,7646.1,94.7,1298.2,49.3,0
6034,car,4.5,road_loopA_r0,xloopA_0Bb,7504.4,7647.3,142.9,895.8,22.6,1
6091,suv,4.8,road_loopA_r0,road_loopA_r1,7558.4,7647.6,89.2,1297.9,52.4,0
6065,car,4.5,road_loopA_f0,xloopA_0Ab,7531.0,7647.9,116.9,505.2,15.6,1
6087,car,4.5,road_loopA_r0,road_loopA_r1,7553.2,7648.1,94.9,1298.4,49.2,0
6010,bus,11.0,road_loopA_f0,road_loopA_f1,7479.7,7648.4,168.7,1303.2,27.8,2
6074,car,4.5,road_loopA_r0,road_loopA_r1,7537.3,7648.5,111.2,1297.8,42.0,0
6041,car,4.5,road_loopA_r0,xloopA_0Bb,7514.5,7649.9,135.4,895.5,23.8,1
6093,car,4.5,road_loopA_r0,road_loopA_r1,7558.6,7649.9,91.3,1298.5,51.2,0
6066,car,4.5,road_loopA_f0,road_loopA_f1,7531.2,7651.5,120.3,1303.7,39.0,1
6096,car,4.5,road_loopA_r0,road_loopA_r1,7563.2,7652.2,89.0,1297.5,52.5,0
6055,car,4.5,road_loopA_r0,xloopA_0Bb,7522.2,7652.6,130.4,895.7,24.7,1
6071,car,4.5,road_loopA_f0,road_loopA_f1,7534.0,7653.2,119.2,1303.3,39.4,1
6070,car,4.5,road_loopA_f0,road_loopA_f1,7533.9,7653.3,119.4,1303.5,39.3,1
6049,car,4.5,road_loopA_f0,road_loopA_f1,7519.0,7653.9,134.9,1302.9,34.8,1
6083,car,4.5,road_loopA_f0,road_loopA_f1,7548.9,7655.1,106.2,1304.2,44.2,0
6059,suv,4.8,road_loopA_r0,xloopA_0Bb,7523.6,7655.3,131.7,896.0,24.5,1
6040,car,4.5,road_loopA_f0,road_loopA_f1,7513.7,7655.9,142.2,1303.6,33.0,1
6061,truck,8.5,road_loopA_f0,road_loopA_f1,7525.9,7656.1,130.2,1302.9,36.0,1
6101,car,4.5,road_loopA_r0,road_loopA_r1,7569.0,7658.3,89.3,1298.6,52.4,0
6088,car,4.5,road_loopA_r0,road_loopA_r1,7553.8,7659.5,105.7,1297.7,44.2,0
6161,car,4.5,xloopA_0Ba,xloopA_0Bb,7621.7,7659.5,37.8,84.1,8.0,1
6167,car,4.5,xloopA_0Ba,xloopA_0Bb,7625.3,7663.0,37.7,84.0,8.0,1
6084,car,4.5,road_loopA_f0,road_loopA_f1,7550.4,7663.9,113.5,1303.3,41.3,0
6125,car,4.5,xloopA_0Aa,xloopA_0Ab,7589.6,7664.1,74.5,84.1,4.1,1
6077,car,4.5,road_loopA_f0,road_loopA_f1,7540.0,7664.6,124.6,1303.1,37.7,1
6068,car,4.5,road_loopA_f0,road_loopA_f1,7533.5,7664.8,131.3,1303.9,35.7,1
6095,car,4.5,road_loopA_f0,road_loopA_f1,7561.7,7666.2,104.5,1303.5,44.9,0
6187,car,4.5,xloopA_0Aa,xloopA_0Ab,7641.0,7666.4,25.4,84.2,11.9,0
6076,car,4.5,road_loopA_f0,road_loopA_f1,7539.9,7667.8,127.9,1303.6,36.7,0
6097,suv,4.8,road_loopA_f0,road_loopA_f1,7564.5,7668.0,103.5,1303.8,45.3,0
6106,suv,4.8,road_loopA_f0,road_loopA_f1,7571.8,7669.0,97.2,1303.9,48.3,0
6099,car,4.5,road_loopA_f0,road_loopA_f1,7565.6,7670.0,104.4,1303.4,44.9,0
6100,suv,4.8,road_loopA_f0,road_loopA_f1,7566.1,7670.7,104.6,1303.0,44.8,0
6108,suv,4.8,road_loopA_f0,road_loopA_f1,7574.8,7671.7,96.9,1304.1,48.5,0
6113,car,4.5,road_loopA_f0,road_loopA_f1,7579.8,7672.5,92.7,1303.9,50.7,0
6112,car,4.5,road_loopA_f0,road_loopA_f1,7579.4,7673.4,94.0,1302.8,49.9,0
6079,car,4.5,road_loopA_f0,road_loopA_f1,7544.1,7674.2,130.1,1302.8,36.0,0
6115,car,4.5,road_loopA_f0,road_loopA_f1,7581.8,7675.2,93.4,1303.1,50.2,0
6117,car,4.5,road_loopA_f0,road_loopA_f1,7584.8,7676.9,92.1,1304.2,51.0,0
6118,car,4.5,road_loopA_f0,road_loopA_f1,7585.2,7677.0,91.8,1303.7,51.1,0
6121,car,4.5,road_loopA_f0,road_loopA_f1,7588.4,7678.8,90.4,1303.9,51.9,0
6126,truck,8.5,road_loopA_f0,road_loopA_f1,7590.0,7680.1,90.1,1303.2,52.1,0
1447,tram,34.0,loopA,loopA,3415.1,7683.2,4268.1,33702.5,28.4,40
6122,car,4.5,road_loopA_f0,road_loopA_f1,7589.5,7683.9,94.4,1303.0,49.7,0
6063,car,4.5,road_loopA_f0,road_loopA_f1,7527.2,7686.8,159.6,1303.3,29.4,1
6107,suv,4.8,road_loopA_r0,xloopA_0Ab,7574.0,7687.7,113.7,868.8,27.5,1
6119,car,4.5,road_loopA_f0,road_loopA_f1,7585.7,7689.2,103.5,1303.8,45.4,0
6060,suv,4.8,road_loopA_f0,road_loopA_f1,7525.7,7690.2,164.5,1303.1,28.5,1
6044,car,4.5,xloopA_0Aa,road_loopA_f1,7515.2,7691.8,176.6,872.1,17.8,1
6109,truck,8.5,road_loopA_f0,road_loopA_f1,7575.0,7692.3,117.3,1303.4,40.0,0
6131,suv,4.8,road_loopA_f0,road_loopA_f1,7594.4,7693.0,98.6,1303.4,47.6,0
6137,car,4.5,road_loopA_f0,road_loopA_f1,7599.3,7694.8,95.5,1303.9,49.2,0
6116,bus,11.0,road_loopA_f0,road_loopA_f1,7583.1,7698.0,114.9,1303.6,40.8,0
6111,suv,4.8,road_loopA_r0,road_loopA_r1,7578.7,7705.5,126.8,1298.7,36.9,1
6104,car,4.5,road_loopA_r0,road_loopA_r1,7569.8,7705.7,135.9,1298.2,34.4,1
6149,car,4.5,road_loopA_r0,xloopA_0Ab,7611.4,7706.4,95.0,869.0,32.9,1
6090,car,4.5,road_loopA_r0,road_loopA_r1,7558.1,7711.8,153.7,1298.0,30.4,1
6094,suv,4.8,road_loopA_r0,road_loopA_r1,7558.9,7714.0,155.1,1297.9,30.1,1
6102,car,4.5,road_loopA_r0,road_loopA_r1,7569.5,7715.5,146.0,1297.6,32.0,1
6110,car,4.5,road_loopA_r0,road_loopA_r1,7575.9,7715.7,139.8,1298.5,33.4,1
6105,car,4.5,road_loopA_r0,road_loopA_r1,7571.5,7716.1,144.6,1297.9,32.3,1
6114,suv,4.8,road_loopA_r0,road_loopA_r1,7580.1,7717.4,137.3,1298.5,34.0,1
6120,truck,8.5,road_loopA_r0,road_loopA_r1,7586.0,7717.7,131.7,1298.1,35.5,1
6124,car,4.5,road_loopA_r0,road_loopA_r1,7589.6,7718.8,129.2,1298.5,36.2,1
6123,car,4.5,road_loopA_r0,road_loopA_r1,7589.5,7719.1,129.6,1297.9,36.1,1
6130,car,4.5,road_loopA_r0,road_loopA_r1,7594.0,7720.3,126.3,1298.3,37.0,1
6127,car,4.5,road_loopA_r0,road_loopA_r1,7590.7,7720.8,130.1,1297.3,35.9,1
6135,suv,4.8,road_loopA_r0,road_loopA_r1,7595.8,7721.8,126.0,1297.5,37.1,1
6132,car,4.5,road_loopA_r0,road_loopA_r1,7595.2,7722.5,127.3,1297.9,36.7,1
6089,bus,11.0,road_loopA_f0,road_loopA_f1,7556.2,7722.7,166.5,1303.4,28.2,2
6230,car,4.5,road_loopA_f0,xloopA_0Bb,7682.8,7722.8,40.0,478.7,43.1,0
6129,truck,8.5,road_loopA_r0,road_loopA_r1,7593.7,7723.4,129.7,1297.3,36.0,1
6142,car,4.5,road_loopA_r0,road_loopA_r1,7603.0,7723.6,120.6,1298.5,38.8,1
6134,car,4.5,road_loopA_r0,road_loopA_r1,7595.7,7725.5,129.8,1297.7,36.0,1
6144,car,4.5,road_loopA_r0,road_loopA_r1,7604.3,7725.6,121.3,1297.6,38.5,1
6136,suv,4.8,road_loopA_r0,road_loopA_r1,7599.2,7727.2,128.0,1297.8,36.5,1
6148,car,4.5,road_loopA_r0,road_loopA_r1,7608.5,7727.6,119.1,1297.3,39.2,1
6151,suv,4.8,road_loopA_r0,road_loopA_r1,7612.2,7728.6,116.4,1298.2,40.1,0
6159,car,4.5,road_loopA_r0,road_loopA_r1,7618.4,7729.5,111.1,1297.7,42.1,0
6156,car,4.5,road_loopA_r0,road_loopA_r1,7616.3,7730.2,113.9,1298.4,41.1,0
6157,car,4.5,road_loopA_r0,road_loopA_r1,7617.3,7731.3,114.0,1298.0,41.0,0
6128,car,4.5,road_loopA_r0,road_loopA_r1,7593.4,7732.2,138.8,1297.9,33.7,1
6166,suv,4.8,road_loopA_r0,road_loopA_r1,7625.1,7733.0,107.9,1298.1,43.3,0
6158,car,4.5,road_loopA_r0,road_loopA_r1,7617.5,7733.5,116.0,1297.7,40.3,0
6160,car,4.5,road_loopA_r0,road_loopA_r1,7620.6,7734.0,113.4,1297.4,41.2,1
6172,car,4.5,road_loopA_r0,road_loopA_r1,7630.6,7735.2,104.6,1297.8,44.7,0
6182,car,4.5,road_loopA_r0,road_loopA_r1,7636.9,7735.7,98.8,1297.9,47.3,0
6184,car,4.5,road_loopA_r0,road_loopA_r1,7638.1,7735.9,97.8,1297.8,47.8,0
6138,car,4.5,road_loopA_f0,road_loopA_f1,7599.6,7736.1,136.5,1302.9,34.4,1
6153,car,4.5,road_loopA_r0,road_loopA_r1,7612.5,7738.5,126.0,1298.5,37.1,1
6103,truck,8.5,road_loopA_r0,xloopA_0Bb,7569.4,7739.6,170.2,895.7,18.9,1
6164,suv,4.8,road_loopA_r0,road_loopA_r1,7622.0,7742.1,120.1,1297.4,38.9,0
6183,truck,8.5,road_loopA_r0,road_loopA_r1,7637.3,7742.5,105.2,1297.3,44.4,0
6180,car,4.5,road_loopA_r0,xloopA_0Bb,7636.5,7742.6,106.1,895.7,30.4,1
6133,suv,4.8,road_loopA_f0,road_loopA_f1,7595.5,7743.3,147.8,1303.7,31.7,1
6191,car,4.5,road_loopA_r0,road_loopA_r1,7651.9,7744.8,92.9,1297.9,50.3,0
6195,suv,4.8,road_loopA_r0,road_loopA_r1,7655.9,7745.2,89.3,1298.0,52.4,0
6141,car,4.5,road_loopA_f0,road_loopA_f1,7602.9,7745.3,142.4,1302.9,32.9,1
6193,suv,4.8,road_loopA_r0,xloopA_0Bb,7652.0,7745.3,93.3,895.9,34.6,1
6139,truck,8.5,road_loopA_f0,road_loopA_f1,7600.6,7746.7,146.1,1303.5,32.1,1
6143,car,4.5,road_loopA_f0,road_loopA_f1,7603.5,7747.4,143.9,1303.2,32.6,1
6150,car,4.5,road_loopA_f0,road_loopA_f1,7611.7,7748.7,137.0,1303.0,34.3,1
6168,car,4.5,road_loopA_f0,road_loopA_f1,7625.6,7750.1,124.5,1303.5,37.7,1
6147,suv,4.8,road_loopA_f0,road_loopA_f1,7608.5,7750.4,141.9,1303.0,33.1,1
6162,car,4.5,road_loopA_f0,road_loopA_f1,7621.8,7751.4,129.6,1304.1,36.2,1
6176,suv,4.8,road_loopA_f0,road_loopA_f1,7633.1,7752.1,119.0,1303.1,39.4,1
6229,car,4.5,xloopA_0Ba,xloopA_0Bb,7682.3,7752.5,70.2,84.3,4.3,1
6171,suv,4.8,road_loopA_f0,road_loopA_f1,7629.0,7752.7,123.7,1303.6,37.9,1
6204,car,4.5,road_loopA_r0,road_loopA_r1,7663.9,7752.9,89.0,1297.3,52.5,0
6199,car,4.5,xloopA_0Aa,xloopA_0Ab,7658.6,7754.1,95.5,84.3,3.2,1
6174,truck,8.5,road_loopA_f0,road_loopA_f1,7631.4,7754.7,123.3,1303.8,38.1,1
6250,car,4.5,xloopA_0Ba,xloopA_0Bb,7707.0,7755.6,48.6,84.3,6.2,1
6200,car,4.5,xloopA_0Aa,xloopA_0Ab,7659.3,7756.8,97.5,84.7,3.1,1
6154,car,4.5,road_loopA_f0,road_loopA_f1,7614.9,7757.5,142.6,1303.0,32.9,1
6268,car,4.5,xloopA_0Ba,xloopA_0Bb,7717.2,7757.6,40.4,84.4,7.5,1
6259,car,4.5,xloopA_0Aa,xloopA_0Ab,7711.1,7759.7,48.6,84.6,6.3,0
6177,car,4.5,road_loopA_f0,road_loopA_f1,7634.0,7759.8,125.8,1303.3,37.3,1
6270,car,4.5,xloopA_0Ba,xloopA_0Bb,7719.6,7759.8,40.2,84.3,7.6,0
6179,car,4.5,road_loopA_f0,road_loopA_f1,7636.0,7761.6,125.6,1303.7,37.4,1
6146,car,4.5,road_loopA_f0,road_loopA_f1,7608.4,7762.0,153.6,1303.7,30.6,1
6185,truck,8.5,road_loopA_f0,road_loopA_f1,7639.5,7764.1,124.6,1303.9,37.7,0
6196,car,4.5,road_loopA_f0,road_loopA_f1,7656.5,7766.1,109.6,1303.7,42.8,0
6201,car,4.5,road_loopA_f0,road_loopA_f1,7659.2,7767.8,108.6,1303.2,43.2,0
6208,car,4.5,road_loopA_f0,road_loopA_f1,7665.6,7769.3,103.7,1303.7,45.3,0
6213,car,4.5,road_loopA_f0,road_loopA_f1,7672.6,7771.7,99.1,1302.8,47.3,0
6234,suv,4.8,road_loopA_r0,xloopA_0Ab,7686.7,7772.1,85.4,869.4,36.7,1
6218,car,4.5,road_loopA_f0,road_loopA_f1,7674.9,7773.5,98.6,1303.0,47.6,0
6222,car,4.5,road_loopA_f0,road_loopA_f1,7677.9,7776.2,98.3,1303.7,47.8,0
6216,car,4.5,road_loopA_f0,road_loopA_f1,7673.9,7778.0,104.1,1303.6,45.1,0
6098,car,4.5,xloopA_0Aa,road_loopA_f1,7565.5,7778.5,213.0,872.5,14.7,1
6235,suv,4.8,road_loopA_r0,xloopA_0Ab,7687.6,7779.6,92.0,869.5,34.0,1
6152,suv,4.8,road_loopA_f0,road_loopA_f1,7612.6,7780.1,167.5,1303.0,28.0,1
6188,car,4.5,xloopA_0Aa,road_loopA_f1,7641.1,7780.3,139.2,872.4,22.6,0
6228,car,4.5,road_loopA_f0,road_loopA_f1,7681.7,7780.4,98.7,1304.2,47.6,0
6247,car,4.5,road_loopA_f0,xloopA_0Bb,7702.4,7781.7,79.3,478.8,21.7,1
6145,car,4.5,road_loopA_f0,road_loopA_f1,7605.3,7782.0,176.7,1303.7,26.6,1
6155,suv,4.8,road_loopA_f0,road_loopA_f1,7615.3,7782.0,166.7,1302.8,28.1,1
6189,car,4.5,road_loopA_f0,road_loopA_f1,7644.8,7783.3,138.5,1303.3,33.9,0
6165,car,4.5,road_loopA_f0,road_loopA_f1,7624.2,7783.6,159.4,1303.3,29.4,1
6163,car,4.5,road_loopA_f0,road_loopA_f1,7621.8,7783.9,162.1,1303.5,29.0,1
6261,car,4.5,road_loopA_f0,xloopA_0Bb,7713.0,7785.1,72.1,478.7,23.9,1
6170,car,4.5,road_loopA_f0,road_loopA_f1,7628.8,7785.3,156.5,1303.7,30.0,1
6215,truck,8.5,road_loopA_f0,road_loopA_f1,7673.5,7785.5,112.0,1303.6,41.9,0
6173,car,4.5,road_loopA_f0,road_loopA_f1,7631.4,7785.6,154.2,1303.6,30.4,1
6169,suv,4.8,road_loopA_f0,road_loopA_f1,7627.7,7787.2,159.5,1303.7,29.4,1
6226,car,4.5,road_loopA_f0,road_loopA_f1,7680.0,7787.3,107.3,1303.4,43.7,0
6175,truck,8.5,road_loopA_f0,road_loopA_f1,7633.0,7787.8,154.8,1303.6,30.3,1
6272,car,4.5,road_loopA_f0,xloopA_0Bb,7719.9,7788.9,69.0,478.7,25.0,1
6236,car,4.5,road_loopA_f0,road_loopA_f1,7690.5,7789.1,98.6,1303.7,47.6,0
6192,truck,8.5,road_loopA_f0,road_loopA_f1,7652.0,7789.3,137.3,1303.1,34.2,0
6178,suv,4.8,road_loopA_f0,road_loopA_f1,7634.7,7789.8,155.1,1303.9,30.3,1
1775,tram,34.0,loopB,loopB,3675.9,7791.4,4115.5,33672.5,29.5,40
6203,suv,4.8,road_loopA_f0,road_loopA_f1,7663.7,7791.4,127.7,1303.4,36.7,0
6181,suv,4.8,road_loopA_f0,road_loopA_f1,7636.7,7791.6,154.9,1303.9,30.3,11
6232,truck,8.5,road_loopA_f0,road_loopA_f1,7685.0,7791.7,106.7,1303.2,44.0,0
6293,car,4.5,road_loopA_f0,xloopA_0Bb,7741.0,7793.0,52.0,478.8,33.2,0
6202,suv,4.8,road_loopA_f0,road_loopA_f1,7663.5,7793.2,129.7,1303.7,36.2,0
6186,car,4.5,road_loopA_f0,road_loopA_f1,7640.3,7793.3,153.0,1303.2,30.7,0
6205,car,4.5,road_loopA_f0,road_loopA_f1,7664.4,7794.5,130.1,1303.8,36.1,0
6217,car,4.5,road_loopA_f0,road_loopA_f1,7674.5,7795.0,120.5,1302.9,38.9,0
6190,truck,8.5,road_loopA_f0,road_loopA_f1,7646.8,7795.5,148.7,1303.1,31.6,0
6198,truck,8.5,road_loopA_f0,road_loopA_f1,7658.2,7797.3,139.1,1303.1,33.7,0
6194,car,4.5,road_loopA_f0,road_loopA_f1,7655.0,7797.6,142.6,1304.1,32.9,0
6207,car,4.5,road_loopA_r0,road_loopA_r1,7665.4,7799.3,133.9,1298.4,34.9,1
6209,suv,4.8,road_loopA_r0,road_loopA_r1,7667.1,7799.4,132.3,1297.9,35.3,1
6276,car,4.5,road_loopA_r0,xloopA_0Ab,7731.6,7799.5,67.9,869.0,46.1,0
6214,car,4.5,road_loopA_r0,road_loopA_r1,7673.2,7800.9,127.7,1297.8,36.6,1
6219,car,4.5,road_loopA_r0,road_loopA_r1,7677.0,7802.5,125.5,1298.5,37.3,1
6211,car,4.5,road_loopA_r0,road_loopA_r1,7668.7,7803.3,134.6,1298.0,34.7,1
6223,car,4.5,road_loopA_r0,road_loopA_r1,7678.0,7804.4,126.4,1298.1,37.0,1
6206,car,4.5,road_loopA_r0,road_loopA_r1,7664.8,7806.8,142.0,1297.9,32.9,1
6210,bus,11.0,road_loopA_f0,road_loopA_f1,7668.5,7809.7,141.2,1303.7,33.2,1
6212,car,4.5,road_loopA_r0,road_loopA_r1,7670.6,7809.7,139.1,1297.5,33.6,1
6140,bus,11.0,road_loopA_f0,road_loopA_f1,7601.8,7809.8,208.0,1302.8,22.5,3
6271,car,4.5,xloopA_0Ba,road_loopA_r1,7719.8,7811.7,91.9,476.8,18.7,0
6262,car,4.5,road_loopA_r0,xloopA_0Ab,7713.4,7812.0,98.6,869.1,31.7,1
6197,car,4.5,road_loopA_r0,road_loopA_r1,7656.7,7813.4,156.7,1297.7,29.8,1
6220,truck,8.5,road_loopA_r0,road_loopA_r1,7677.5,7813.7,136.2,1298.1,34.3,1
6224,car,4.5,road_loopA_r0,road_loopA_r1,7678.0,7814.9,136.9,1297.4,34.1,1
6225,truck,8.5,road_loopA_r0,road_loopA_r1,7678.3,7815.6,137.3,1298.3,34.0,1
6238,suv,4.8,road_loopA_r0,road_loopA_r1,7693.8,7815.6,121.8,1298.2,38.4,1
6241,car,4.5,road_loopA_r0,road_loopA_r1,7697.7,7817.3,119.6,1297.9,39.1,1
6240,truck,8.5,road_loopA_r0,road_loopA_r1,7696.0,7818.0,122.0,1297.8,38.3,1
6245,suv,4.8,road_loopA_r0,road_loopA_r1,7702.1,7819.3,117.2,1298.3,39.9,0
6244,car,4.5,road_loopA_r0,road_loopA_r1,7701.3,7820.2,118.9,1297.6,39.3,0
6249,car,4.5,road_loopA_r0,road_loopA_r1,7705.9,7820.5,114.6,1298.1,40.8,0
6257,car,4.5,road_loopA_r0,road_loopA_r1,7710.1,7821.9,111.8,1297.7,41.8,0
6251,car,4.5,road_loopA_r0,road_loopA_r1,7709.3,7822.2,112.9,1297.9,41.4,0
6253,car,4.5,road_loopA_r0,road_loopA_r1,7709.4,7824.0,114.6,1298.3,40.8,0
6260,car,4.5,road_loopA_r0,road_loopA_r1,7712.2,7824.0,111.8,1298.4,41.8,0
6255,suv,4.8,road_loopA_r0,road_loopA_r1,7709.8,7825.8,116.0,1298.4,40.3,0
6265,car,4.5,road_loopA_r0,road_loopA_r1,7715.4,7825.8,110.4,1297.7,42.3,0
6263,car,4.5,road_loopA_r0,road_loopA_r1,7714.5,7827.5,113.0,1297.8,41.3,0
6266,truck,8.5,road_loopA_r0,road_loopA_r1,7716.3,7828.0,111.7,1297.3,41.8,0
6274,car,4.5,road_loopA_r0,road_loopA_r1,7722.5,7828.7,106.2,1297.7,44.0,0
6273,car,4.5,road_loopA_r0,road_loopA_r1,7721.1,7829.4,108.3,1297.8,43.2,0
6282,car,4.5,road_loopA_r0,road_loopA_r1,7733.5,7830.6,97.1,1298.4,48.1,0
6277,car,4.5,road_loopA_r0,road_loopA_r1,7732.2,7831.1,98.9,1297.5,47.3,0
6286,suv,4.8,road_loopA_r0,road_loopA_r1,7735.5,7831.4,95.9,1297.9,48.7,0
6237,car,4.5,road_loopA_f0,road_loopA_f1,7691.3,7831.7,140.4,1303.7,33.4,1
6296,suv,4.8,road_loopA_f0,xloopA_0Ab,7743.2,7832.4,89.2,505.7,20.4,1
6299,truck,8.5,road_loopA_r0,xloopA_0Bb,7745.4,7833.1,87.7,895.6,36.8,1
6281,car,4.5,road_loopA_r0,road_loopA_r1,7733.2,7833.3,100.1,1297.8,46.7,0
6242,car,4.5,road_loopA_f0,road_loopA_f1,7700.2,7833.4,133.2,1302.8,35.2,1
6264,suv,4.8,road_loopA_f0,road_loopA_f1,7715.0,7835.3,120.3,1303.9,39.0,1
6254,suv,4.8,road_loopA_f0,road_loopA_f1,7709.8,7835.4,125.6,1303.0,37.3,1
6320,truck,8.5,road_loopA_f0,xloopA_0Ab,7762.0,7835.8,73.8,505.6,24.7,1
6227,truck,8.5,road_loopA_r0,road_loopA_r1,7681.6,7836.1,154.5,1297.5,30.2,1
6316,suv,4.8,road_loopA_r0,xloopA_0Bb,7757.7,7836.1,78.4,895.7,41.1,1
6297,truck,8.5,road_loopA_r0,road_loopA_r1,7743.3,7836.7,93.4,1298.6,50.1,0
6280,car,4.5,road_loopA_f0,road_loopA_f1,7733.0,7837.3,104.3,1303.9,45.0,0
6292,car,4.5,road_loopA_r0,road_loopA_r1,7740.4,7838.3,97.9,1297.8,47.7,0
6278,car,4.5,road_loopA_f0,road_loopA_f1,7732.6,7839.6,107.0,1303.8,43.9,0
6283,car,4.5,road_loopA_f0,road_loopA_f1,7733.6,7841.4,107.8,1303.0,43.5,0
6233,bus,11.0,road_loopA_r0,road_loopA_r1,7685.6,7843.1,157.5,1298.0,29.7,2
6287,car,4.5,road_loopA_f0,road_loopA_f1,7737.4,7843.4,106.0,1303.3,44.3,0
6313,car,4.5,road_loopA_r0,road_loopA_r1,7755.3,7844.3,89.0,1297.4,52.5,0
6307,car,4.5,xloopA_0Ba,xloopA_0Bb,7752.5,7845.4,92.9,84.3,3.3,1
6243,car,4.5,road_loopA_f0,road_loopA_f1,7700.6,7846.2,145.6,1302.8,32.2,1
6290,car,4.5,road_loopA_f0,road_loopA_f1,7740.4,7846.9,106.5,1304.0,44.1,0
6248,car,4.5,road_loopA_f0,road_loopA_f1,7702.6,7847.5,144.9,1302.8,32.4,1
6298,car,4.5,road_loopA_f0,road_loopA_f1,7743.9,7848.5,104.6,1302.8,44.8,0
6392,car,4.5,xloopA_0Ba,xloopA_0Bb,7839.4,7850.2,10.8,84.1,28.1,0
6301,suv,4.8,road_loopA_f0,road_loopA_f1,7747.2,7851.8,104.6,1303.8,44.9,0
6310,truck,8.5,road_loopA_r0,road_loopA_r1,7753.5,7852.1,98.6,1297.5,47.4,0
6393,car,4.5,xloopA_0Ba,xloopA_0Bb,7839.7,7852.2,12.5,84.6,24.3,0
6267,car,4.5,road_loopA_f0,road_loopA_f1,7716.7,7853.4,136.7,1304.0,34.4,1
6302,car,4.5,road_loopA_f0,road_loopA_f1,7747.7,7855.3,107.6,1303.9,43.6,0
6256,car,4.5,road_loopA_f0,road_loopA_f1,7710.2,7856.8,146.6,1303.2,32.0,1
6308,car,4.5,road_loopA_f0,road_loopA_f1,7752.8,7857.0,104.2,1302.9,45.0,0
6279,car,4.5,road_loopA_f0,road_loopA_f1,7732.8,7858.9,126.1,1303.9,37.2,0
6311,suv,4.8,road_loopA_f0,road_loopA_f1,7754.4,7859.6,105.2,1303.3,44.6,0
6284,truck,8.5,road_loopA_f0,road_loopA_f1,7734.1,7860.2,126.1,1304.0,37.2,0
6314,car,4.5,road_loopA_f0,road_loopA_f1,7756.3,7861.4,105.1,1304.2,44.7,0
6252,car,4.5,xloopA_0Aa,road_loopA_f1,7709.5,7862.8,153.3,872.6,20.5,1
6291,truck,8.5,road_loopA_f0,road_loopA_f1,7740.4,7863.0,122.6,1302.9,38.3,0
6317,suv,4.8,road_loopA_f0,road_loopA_f1,7757.9,7864.6,106.7,1302.8,44.0,0
6221,suv,4.8,road_loopA_f0,road_loopA_f1,7677.9,7864.7,186.8,1303.4,25.1,1
6289,suv,4.8,road_loopA_f0,road_loopA_f1,7739.6,7866.4,126.8,1303.7,37.0,0
6326,car,4.5,road_loopA_f0,road_loopA_f1,7769.6,7866.4,96.8,1302.8,48.4,0
6300,car,4.5,road_loopA_f0,road_loopA_f1,7747.2,7867.7,120.5,1302.8,38.9,0
6324,car,4.5,road_loopA_f0,road_loopA_f1,7766.1,7868.3,102.2,1302.9,45.9,0
6304,car,4.5,road_loopA_f0,road_loopA_f1,7750.4,7868.5,118.1,1303.7,39.8,0
6306,car,4.5,road_loopA_f0,road_loopA_f1,7752.2,7869.7,117.5,1302.8,39.9,0
6246,car,4.5,road_loopA_f0,road_loopA_f1,7702.2,7870.6,168.4,1303.2,27.9,1
6312,car,4.5,road_loopA_f0,road_loopA_f1,7755.3,7871.6,116.3,1303.8,40.3,0
6327,suv,4.8,road_loopA_f0,road_loopA_f1,7770.6,7872.6,102.0,1303.1,46.0,0
6315,suv,4.8,road_loopA_f0,road_loopA_f1,7756.3,7873.1,116.8,1303.7,40.2,0
6336,car,4.5,road_loopA_f0,road_loopA_f1,7777.9,7874.5,96.6,1303.7,48.6,0
6318,car,4.5,road_loopA_f0,road_loopA_f1,7759.4,7874.9,115.5,1303.4,40.6,0
6337,suv,4.8,road_loopA_f0,road_loopA_f1,7778.1,7876.3,98.2,1303.9,47.8,0
6275,car,4.5,road_loopA_f0,road_loopA_f1,7730.5,7877.9,147.4,1304.1,31.9,0
6321,car,4.5,road_loopA_f0,road_loopA_f1,7763.2,7878.2,115.0,1304.1,40.8,0
6322,truck,8.5,road_loopA_f0,road_loopA_f1,7764.0,7879.2,115.2,1303.1,40.7,0
6360,suv,4.8,road_loopA_r0,xloopA_0Ab,7808.5,7879.6,71.1,869.2,44.0,0
6269,car,4.5,xloopA_0Aa,road_loopA_f1,7717.7,7880.3,162.6,872.3,19.3,0
6323,car,4.5,road_loopA_f0,road_loopA_f1,7764.7,7881.5,116.8,1303.5,40.2,0
6305,car,4.5,road_loopA_f0,road_loopA_f1,7750.9,7881.7,130.8,1304.1,35.9,0
6239,suv,4.8,road_loopA_f0,road_loopA_f1,7695.0,7881.9,186.9,1302.8,25.1,1
6348,car,4.5,road_loopA_r0,xloopA_0Ab,7792.6,7882.9,90.3,869.5,34.6,1
6258,suv,4.8,road_loopA_f0,road_loopA_f1,7710.9,7883.6,172.7,1303.1,27.2,1
6295,car,4.5,road_loopA_f0,road_loopA_f1,7741.9,7883.9,142.0,1303.0,33.0,0
6294,suv,4.8,road_loopA_f0,road_loopA_f1,7741.3,7884.5,143.2,1303.4,32.8,0
6319,car,4.5,road_loopA_r0,road_loopA_r1,7761.5,7888.3,126.8,1297.9,36.8,1
6329,car,4.5,road_loopA_r0,road_loopA_r1,7771.1,7889.8,118.7,1297.5,39.3,1
6303,bus,11.0,road_loopA_f0,road_loopA_f1,7749.0,7893.0,144.0,1303.2,32.6,1
6325,car,4.5,road_loopA_r0,road_loopA_r1,7768.8,7893.3,124.5,1298.0,37.5,1
6330,car,4.5,road_loopA_r0,road_loopA_r1,7771.7,7896.0,124.3,1298.3,37.6,1
6332,car,4.5,road_loopA_r0,road_loopA_r1,7775.4,7896.3,120.9,1298.2,38.6,1
6375,car,4.5,xloopA_0Aa,road_loopA_r1,7822.9,7897.7,74.8,507.1,24.4,1
6328,car,4.5,road_loopA_r0,road_loopA_r1,7770.7,7898.7,128.0,1298.5,36.5,1
6309,truck,8.5,road_loopA_r0,road_loopA_r1,7753.0,7899.9,146.9,1297.8,31.8,1
6333,car,4.5,road_loopA_r0,road_loopA_r1,7776.0,7900.6,124.6,1297.7,37.5,1
6334,car,4.5,road_loopA_r0,road_loopA_r1,7777.3,7901.2,123.9,1298.3,37.7,1
6331,suv,4.8,road_loopA_r0,road_loopA_r1,7774.7,7903.0,128.3,1297.4,36.4,0
6340,truck,8.5,road_loopA_r0,road_loopA_r1,7786.9,7903.4,116.5,1298.5,40.1,1
6346,car,4.5,road_loopA_r0,road_loopA_r1,7790.8,7903.8,113.0,1297.5,41.3,1
6335,car,4.5,road_loopA_r0,road_loopA_r1,7777.5,7904.9,127.4,1297.6,36.7,0
6231,bus,11.0,road_loopA_f0,road_loopA_f1,7685.0,7905.5,220.5,1302.9,21.3,3
6341,suv,4.8,road_loopA_r0,road_loopA_r1,7787.5,7905.7,118.2,1297.9,39.5,0
6339,car,4.5,road_loopA_r0,road_loopA_r1,7785.7,7906.8,121.1,1298.1,38.6,0
6344,car,4.5,road_loopA_r0,road_loopA_r1,7790.2,7908.9,118.7,1297.8,39.3,0
6349,suv,4.8,road_loopA_r0,road_loopA_r1,7793.1,7909.9,116.8,1297.3,40.0,0
6342,car,4.5,road_loopA_r0,road_loopA_r1,7788.8,7910.8,122.0,1297.8,38.3,0
6353,suv,4.8,road_loopA_r0,road_loopA_r1,7802.8,7910.9,108.1,1298.4,43.2,0
6352,car,4.5,road_loopA_r0,road_loopA_r1,7802.7,7912.6,109.9,1297.5,42.5,0
6347,truck,8.5,road_loopA_r0,road_loopA_r1,7791.6,7913.5,121.9,1298.3,38.3,0
6338,truck,8.5,road_loopA_r0,road_loopA_r1,7779.4,7914.0,134.6,1297.9,34.7,0
6361,car,4.5,road_loopA_r0,road_loopA_r1,7809.7,7914.4,104.7,1298.4,44.7,0
6345,car,4.5,road_loopA_f0,road_loopA_f1,7790.3,7915.8,125.5,1303.5,37.4,1
6351,car,4.5,road_loopA_f0,road_loopA_f1,7798.4,7917.7,119.3,1304.1,39.4,1
6368,car,4.5,road_loopA_r0,road_loopA_r1,7818.0,7920.8,102.8,1298.0,45.5,0
6367,car,4.5,road_loopA_r0,road_loopA_r1,7817.6,7921.2,103.6,1297.9,45.1,0
6354,car,4.5,road_loopA_f0,road_loopA_f1,7803.6,7921.7,118.1,1302.9,39.7,1
6355,car,4.5,road_loopA_f0,road_loopA_f1,7804.5,7921.7,117.2,1304.0,40.0,1
6371,truck,8.5,road_loopA_r0,road_loopA_r1,7821.7,7921.7,100.0,1297.5,46.7,0
6376,car,4.5,road_loopA_r0,road_loopA_r1,7825.0,7922.5,97.5,1298.1,47.9,0
6370,suv,4.8,road_loopA_r0,road_loopA_r1,7820.9,7922.8,101.9,1297.4,45.8,0
6381,car,4.5,road_loopA_r0,road_loopA_r1,7833.0,7924.2,91.2,1298.2,51.2,0
6372,car,4.5,road_loopA_r0,road_loopA_r1,7822.1,7924.6,102.5,1297.9,45.6,0
6350,car,4.5,road_loopA_r0,xloopA_0Bb,7798.2,7925.2,127.0,895.4,25.4,1
6384,car,4.5,road_loopA_r0,road_loopA_r1,7834.8,7926.3,91.5,1297.4,51.0,0
6357,truck,8.5,road_loopA_f0,road_loopA_f1,7805.9,7927.2,121.3,1304.0,38.7,1
6364,car,4.5,road_loopA_f0,road_loopA_f1,7816.3,7927.5,111.2,1303.6,42.2,1
6389,suv,4.8,road_loopA_r0,road_loopA_r1,7838.5,7927.5,89.0,1297.3,52.5,0
6374,suv,4.8,road_loopA_r0,xloopA_0Bb,7822.7,7927.9,105.2,896.0,30.7,1
6386,car,4.5,road_loopA_r0,road_loopA_r1,7835.9,7928.1,92.2,1298.2,50.7,0
6378,suv,4.8,road_loopA_f0,road_loopA_f1,7829.3,7929.4,100.1,1302.9,46.8,0
6343,truck,8.5,road_loopA_f0,road_loopA_f1,7789.5,7931.3,141.8,1303.3,33.1,1
6383,car,4.5,road_loopA_f0,road_loopA_f1,7834.5,7931.5,97.0,1303.4,48.4,0
6356,car,4.5,road_loopA_f0,road_loopA_f1,7805.3,7933.5,128.2,1303.4,36.6,1
6385,car,4.5,road_loopA_f0,road_loopA_f1,7834.9,7933.8,98.9,1303.2,47.4,0
6397,suv,4.8,road_loopA_r0,road_loopA_r1,7844.8,7933.8,89.0,1297.3,52.5,0
6401,car,4.5,xloopA_0Aa,xloopA_0Ab,7850.8,7936.5,85.7,84.5,3.6,1
6388,car,4.5,road_loopA_f0,road_loopA_f1,7838.5,7936.6,98.1,1303.4,47.8,0
6366,car,4.5,road_loopA_f0,road_loopA_f1,7816.9,7936.7,119.8,1303.4,39.2,1
6437,car,4.5,xloopA_0Ba,xloopA_0Bb,7889.0,7938.0,49.0,84.2,6.2,1
6373,car,4.5,road_loopA_f0,road_loopA_f1,7822.3,7938.3,116.0,1303.6,40.5,1
6363,car,4.5,xloopA_0Ba,road_loopA_f1,7813.6,7939.3,125.7,903.0,25.9,1
6365,car,4.5,road_loopA_f0,road_loopA_f1,7816.8,7939.4,122.6,1303.1,38.3,1
6359,suv,4.8,road_loopA_f0,road_loopA_f1,7808.5,7940.9,132.4,1303.5,35.4,1
6380,suv,4.8,road_loopA_f0,road_loopA_f1,7832.9,7941.0,108.1,1303.2,43.4,0
6438,car,4.5,xloopA_0Ba,xloopA_0Bb,7889.3,7941.0,51.7,84.5,5.9,1
6436,car,4.5,xloopA_0Aa,xloopA_0Ab,7887.5,7941.6,54.1,84.7,5.6,1
6468,car,4.5,xloopA_0Ba,xloopA_0Bb,7904.5,7943.1,38.6,84.0,7.8,0
6377,car,4.5,road_loopA_f0,road_loopA_f1,7826.0,7943.5,117.5,1303.5,39.9,0
6439,car,4.5,xloopA_0Aa,xloopA_0Ab,7889.4,7943.7,54.3,84.7,5.6,0
6483,car,4.5,xloopA_0Ba,xloopA_0Bb,7914.5,7945.1,30.6,84.7,10.0,0
6398,car,4.5,road_loopA_f0,road_loopA_f1,7846.4,7945.2,98.8,1303.9,47.5,0
6362,car,4.5,road_loopA_f0,road_loopA_f1,7810.1,7945.3,135.2,1303.1,34.7,1
6390,car,4.5,road_loopA_f0,road_loopA_f1,7838.6,7949.4,110.8,1303.4,42.4,0
6369,suv,4.8,road_loopA_f0,road_loopA_f1,7820.4,7949.6,129.2,1303.7,36.3,0
6399,car,4.5,road_loopA_f0,road_loopA_f1,7849.1,7951.1,102.0,1303.5,46.0,0
6387,car,4.5,road_loopA_f0,road_loopA_f1,7838.3,7951.4,113.1,1302.8,41.4,0
6404,car,4.5,road_loopA_f0,road_loopA_f1,7852.8,7951.8,99.0,1304.1,47.4,0
6408,car,4.5,road_loopA_f0,road_loopA_f1,7859.0,7952.9,93.9,1303.4,50.0,0
6395,car,4.5,road_loopA_f0,road_loopA_f1,7843.3,7953.6,110.3,1303.5,42.5,0
6414,suv,4.8,road_loopA_f0,road_loopA_f1,7863.3,7954.7,91.4,1304.0,51.4,0
6394,suv,4.8,road_loopA_f0,road_loopA_f1,7842.7,7958.5,115.8,1303.7,40.5,0
6382,car,4.5,road_loopA_f0,road_loopA_f1,7833.4,7960.6,127.2,1302.8,36.9,0
6418,car,4.5,road_loopA_f0,road_loopA_f1,7871.3,7960.6,89.3,1302.9,52.5,0
6400,car,4.5,road_loopA_r0,xloopA_0Ab,7849.8,7962.7,112.9,869.1,27.7,2
6405,suv,4.8,road_loopA_f0,road_loopA_f1,7854.0,7962.8,108.8,1303.9,43.1,0
6288,car,4.5,xloopA_0Ba,road_loopA_f1,7738.1,7962.9,224.8,902.4,14.4,1
6477,car,4.5,road_loopA_f0,xloopA_0Bb,7909.0,7963.4,54.4,478.7,31.7,1
6409,car,4.5,road_loopA_f0,road_loopA_f1,7859.0,7963.8,104.8,1303.3,44.8,0
6358,suv,4.8,road_loopA_f0,road_loopA_f1,7807.6,7964.6,157.0,1303.6,29.9,1
6421,suv,4.8,road_loopA_f0,road_loopA_f1,7875.9,7965.6,89.7,1303.3,52.3,0
6413,car,4.5,road_loopA_f0,road_loopA_f1,7862.6,7966.0,103.4,1303.4,45.4,0
6379,car,4.5,road_loopA_f0,road_loopA_f1,7829.9,7966.4,136.5,1302.8,34.3,0
6396,car,4.5,road_loopA_r0,xloopA_0Ab,7844.5,7966.4,121.9,869.1,25.7,3
6423,car,4.5,road_loopA_f0,road_loopA_f1,7876.5,7967.9,91.4,1303.5,51.3,0
6415,car,4.5,road_loopA_f0,road_loopA_f1,7866.4,7968.2,101.8,1302.8,46.1,0
6427,truck,8.5,road_loopA_f0,road_loopA_f1,7879.9,7969.8,89.9,1304.2,52.2,0
6416,car,4.5,road_loopA_f0,road_loopA_f1,7869.6,7969.9,100.3,1303.0,46.8,0
6420,car,4.5,road_loopA_f0,road_loopA_f1,7874.7,7970.7,96.0,1303.4,48.9,0
6422,car,4.5,road_loopA_f0,road_loopA_f1,7876.4,7971.9,95.5,1302.8,49.1,0
6425,car,4.5,road_loopA_f0,road_loopA_f1,7878.1,7972.7,94.6,1303.8,49.6,0
6406,suv,4.8,road_loopA_r0,road_loopA_r1,7857.9,7983.4,125.5,1298.3,37.2,1
6403,car,4.5,road_loopA_r0,road_loopA_r1,7851.6,7984.0,132.4,1298.4,35.3,1
6411,car,4.5,road_loopA_r0,road_loopA_r1,7861.2,7984.7,123.5,1297.4,37.8,1
6412,car,4.5,road_loopA_r0,road_loopA_r1,7861.9,7986.3,124.4,1298.7,37.6,1
6417,car,4.5,road_loopA_r0,road_loopA_r1,7870.7,7987.7,117.0,1298.6,40.0,1
6424,car,4.5,road_loopA_r0,road_loopA_r1,7877.0,7988.9,111.9,1298.3,41.8,1
6391,suv,4.8,road_loopA_r0,road_loopA_r1,7839.4,7990.4,151.0,1297.8,30.9,1
6410,car,4.5,road_loopA_r0,road_loopA_r1,7860.5,7991.5,131.0,1298.6,35.7,1
6402,car,4.5,road_loopA_r0,road_loopA_r1,7851.3,7992.2,140.9,1297.5,33.2,1
6432,suv,4.8,road_loopA_r0,road_loopA_r1,7882.7,7992.8,110.1,1297.4,42.4,0
6419,car,4.5,road_loopA_r0,road_loopA_r1,7873.9,7994.5,120.6,1298.2,38.8,1
6446,truck,8.5,road_loopA_r0,xloopA_0Ab,7892.2,7995.2,103.0,869.1,30.4,1
6429,car,4.5,road_loopA_r0,road_loopA_r1,7881.6,7996.1,114.5,1298.3,40.8,1
6463,car,4.5,road_loopA_r0,road_loopA_r1,7902.4,7996.9,94.5,1297.6,49.4,0
6441,truck,8.5,road_loopA_r0,road_loopA_r1,7890.0,7997.4,107.4,1298.0,43.5,0
6440,car,4.5,road_loopA_r0,road_loopA_r1,7890.0,7998.1,108.1,1297.9,43.2,0
6449,car,4.5,road_loopA_r0,road_loopA_r1,7895.5,7999.8,104.3,1297.3,44.8,0
6445,car,4.5,road_loopA_r0,road_loopA_r1,7892.0,8000.0,108.0,1297.3,43.2,0
6476,suv,4.8,road_loopA_r0,road_loopA_r1,7908.8,8000.3,91.5,1298.0,51.1,0
6469,car,4.5,road_loopA_r0,road_loopA_r1,7905.0,8001.5,96.5,1298.2,48.4,0
6455,suv,4.8,road_loopA_r0,road_loopA_r1,7900.5,8001.8,101.3,1298.6,46.2,0
6461,car,4.5,road_loopA_r0,road_loopA_r1,7902.2,8003.1,100.9,1298.5,46.3,0
6460,car,4.5,road_loopA_r0,road_loopA_r1,7901.8,8003.6,101.8,1298.4,45.9,0
6474,suv,4.8,road_loopA_r0,road_loopA_r1,7907.3,8005.4,98.1,1298.2,47.6,0
6459,truck,8.5,road_loopA_r0,road_loopA_r1,7901.6,8009.1,107.5,1298.1,43.5,0
6481,car,4.5,road_loopA_r0,road_loopA_r1,7913.8,8010.7,96.9,1297.4,48.2,0
6431,car,4.5,road_loopA_f0,road_loopA_f1,7882.6,8011.2,128.6,1303.3,36.5,1
6487,car,4.5,road_loopA_r0,road_loopA_r1,7922.0,8014.3,92.3,1298.0,50.6,0
6489,suv,4.8,road_loopA_r0,road_loopA_r1,7922.5,8015.9,93.4,1297.6,50.0,0
6480,suv,4.8,road_loopA_r0,road_loopA_r1,7913.8,8017.1,103.3,1298.1,45.2,0
6435,truck,8.5,road_loopA_f0,road_loopA_f1,7886.2,8017.2,131.0,1303.5,35.8,1
6407,bus,11.0,road_loopA_f0,road_loopA_f1,7858.2,8017.8,159.6,1302.8,29.4,2
6428,car,4.5,road_loopA_r0,xloopA_0Bb,7881.3,8018.7,137.4,895.3,23.5,1
6490,suv,4.8,road_loopA_r0,road_loopA_r1,7924.5,8018.8,94.3,1297.4,49.5,0
6462,suv,4.8,road_loopA_f0,xloopA_0Ab,7902.3,8019.4,117.1,505.7,15.5,1
6447,suv,4.8,road_loopA_f0,road_loopA_f1,7892.7,8019.7,127.0,1303.8,37.0,1
6457,car,4.5,road_loopA_f0,road_loopA_f1,7900.7,8020.6,119.9,1303.1,39.1,1
6473,car,4.5,road_loopA_r0,road_loopA_r1,7906.7,8021.2,114.5,1297.8,40.8,0
6453,suv,4.8,road_loopA_r0,xloopA_0Bb,7900.0,8021.4,121.4,895.9,26.6,1
6484,car,4.5,road_loopA_r0,road_loopA_r1,7917.2,8021.4,104.2,1298.2,44.9,0
6513,car,4.5,road_loopA_f0,xloopA_0Ab,7945.4,8022.0,76.6,505.4,23.7,1
6458,car,4.5,road_loopA_f0,road_loopA_f1,7900.8,8022.1,121.3,1302.9,38.7,1
6465,car,4.5,road_loopA_f0,road_loopA_f1,7903.7,8022.9,119.2,1303.7,39.4,1
6467,car,4.5,road_loopA_f0,road_loopA_f1,7904.4,8024.7,120.3,1303.4,39.0,1
6493,car,4.5,road_loopA_r0,road_loopA_r1,7928.2,8024.9,96.7,1298.2,48.3,0
6499,car,4.5,road_loopA_r0,road_loopA_r1,7936.1,8025.6,89.5,1297.6,52.2,0
6488,car,4.5,road_loopA_r0,road_loopA_r1,7922.4,8026.3,103.9,1298.1,45.0,0
6527,car,4.5,road_loopA_r0,xloopA_0Bb,7954.8,8027.2,72.4,895.4,44.5,0
6471,suv,4.8,road_loopA_f0,road_loopA_f1,7906.5,8027.3,120.8,1303.3,38.8,1
6502,car,4.5,road_loopA_r0,road_loopA_r1,7938.6,8028.1,89.5,1297.6,52.2,0
6475,car,4.5,road_loopA_f0,road_loopA_f1,7908.0,8029.1,121.1,1302.8,38.7,1
6500,car,4.5,road_loopA_r0,road_loopA_r1,7937.2,8030.6,93.4,1297.5,50.0,0
6466,car,4.5,road_loopA_f0,road_loopA_f1,7904.3,8031.9,127.6,1302.9,36.8,1
6501,suv,4.8,road_loopA_r0,road_loopA_r1,7937.1,8033.4,96.3,1298.2,48.5,0
6492,car,4.5,xloopA_0Ba,xloopA_0Bb,7927.4,8033.5,106.1,84.4,2.9,1
6454,car,4.5,xloopA_0Aa,xloopA_0Ab,7900.2,8033.8,133.6,84.4,2.3,1
6482,car,4.5,road_loopA_f0,road_loopA_f1,7914.3,8034.0,119.7,1302.8,39.2,1
6472,car,4.5,road_loopA_r0,road_loopA_r1,7906.5,8035.4,128.9,1297.3,36.2,0
6514,car,4.5,xloopA_0Ba,xloopA_0Bb,7945.5,8035.6,90.1,84.6,3.4,1
6486,car,4.5,road_loopA_f0,road_loopA_f1,7919.8,8035.7,115.9,1303.0,40.5,0
6494,suv,4.8,road_loopA_r0,road_loopA_r1,7930.6,8036.2,105.6,1298.7,44.3,0
6496,car,4.5,road_loopA_f0,road_loopA_f1,7934.0,8037.5,103.5,1303.2,45.3,0
6495,car,4.5,road_loopA_r0,road_loopA_r1,7931.8,8037.7,105.9,1298.2,44.1,0
6506,truck,8.5,road_loopA_r0,road_loopA_r1,7942.1,8037.9,95.8,1297.4,48.8,0
6498,car,4.5,road_loopA_r0,road_loopA_r1,7934.5,8038.0,103.5,1297.7,45.1,0
6558,car,4.5,xloopA_0Aa,xloopA_0Ab,7987.7,8038.0,50.3,84.8,6.1,1
6485,car,4.5,road_loopA_f0,road_loopA_f1,7917.7,8039.3,121.6,1304.1,38.6,1
6504,truck,8.5,road_loopA_f0,road_loopA_f1,7939.7,8042.9,103.2,1302.9,45.5,0
6518,car,4.5,road_loopA_f0,road_loopA_f1,7949.4,8043.9,94.5,1302.8,49.6,0
6522,car,4.5,road_loopA_f0,road_loopA_f1,7951.6,8046.1,94.5,1303.5,49.6,0
6515,car,4.5,road_loopA_f0,road_loopA_f1,7946.6,8049.7,103.1,1303.2,45.5,0
6525,truck,8.5,road_loopA_f0,road_loopA_f1,7954.5,8051.6,97.1,1303.0,48.3,0
6534,car,4.5,road_loopA_f0,road_loopA_f1,7957.7,8053.5,95.8,1303.6,49.0,0
6537,car,4.5,road_loopA_f0,road_loopA_f1,7963.7,8055.6,91.9,1302.9,51.0,0
6538,suv,4.8,road_loopA_f0,road_loopA_f1,7965.1,8057.4,92.3,1303.2,50.8,0
6433,car,4.5,xloopA_0Ba,road_loopA_f1,7883.4,8059.8,176.4,902.5,18.4,1
6540,car,4.5,road_loopA_f0,road_loopA_f1,7968.4,8060.3,91.9,1303.9,51.1,0
6426,car,4.5,xloopA_0Aa,road_loopA_f1,7878.6,8061.3,182.7,872.0,17.2,1
6442,suv,4.8,road_loopA_f0,road_loopA_f1,7890.2,8061.5,171.3,1303.6,27.4,1
6430,car,4.5,road_loopA_f0,road_loopA_f1,7882.5,8063.0,180.5,1302.9,26.0,1
6443,car,4.5,road_loopA_f0,road_loopA_f1,7890.2,8063.2,173.0,1303.3,27.1,1
6516,car,4.5,road_loopA_f0,road_loopA_f1,7947.3,8063.2,115.9,1303.7,40.5,0
6434,car,4.5,road_loopA_f0,road_loopA_f1,7883.3,8064.7,181.4,1303.4,25.9,1
6452,car,4.5,road_loopA_f0,road_loopA_f1,7899.2,8064.9,165.7,1303.9,28.3,1
6533,car,4.5,road_loopA_f0,road_loopA_f1,7957.4,8065.2,107.8,1304.0,43.5,0
6444,car,4.5,road_loopA_f0,road_loopA_f1,7890.3,8066.3,176.0,1302.8,26.7,1
6456,car,4.5,road_loopA_f0,road_loopA_f1,7900.6,8066.5,165.9,1303.3,28.3,1
6541,car,4.5,road_loopA_f0,road_loopA_f1,7968.7,8067.2,98.5,1302.9,47.6,0
6613,car,4.5,road_loopA_f0,xloopA_0Bb,8025.3,8067.6,42.3,478.9,40.8,0
6448,car,4.5,road_loopA_f0,road_loopA_f1,7894.3,8068.0,173.7,1303.6,27.0,1
6451,car,4.5,road_loopA_f0,road_loopA_f1,7898.9,8068.3,169.4,1303.2,27.7,1
6478,car,4.5,road_loopA_f0,road_loopA_f1,7909.6,8070.2,160.6,1303.0,29.2,1
6450,truck,8.5,road_loopA_f0,road_loopA_f1,7895.9,8070.3,174.4,1303.5,26.9,1
6524,car,4.5,road_loopA_f0,road_loopA_f1,7952.8,8070.3,117.5,1303.9,39.9,0
6491,truck,8.5,road_loopA_f0,road_loopA_f1,7926.1,8072.4,146.3,1303.9,32.1,0
6464,car,4.5,road_loopA_f0,road_loopA_f1,7903.6,8072.5,168.9,1303.5,27.8,1
6523,car,4.5,road_loopA_f0,road_loopA_f1,7952.7,8072.6,119.9,1303.0,39.1,0
6470,suv,4.8,road_loopA_f0,road_loopA_f1,7905.8,8074.2,168.4,1303.3,27.9,1
6536,suv,4.8,road_loopA_f0,road_loopA_f1,7959.6,8074.7,115.1,1302.9,40.7,0
6508,truck,8.5,road_loopA_f0,road_loopA_f1,7943.4,8074.8,131.4,1303.5,35.7,0
6479,suv,4.8,road_loopA_f0,road_loopA_f1,7911.1,8076.0,164.9,1303.8,28.5,1
6532,car,4.5,road_loopA_f0,road_loopA_f1,7955.9,8076.9,121.0,1303.7,38.8,0
6544,suv,4.8,road_loopA_f0,road_loopA_f1,7971.4,8076.9,105.5,1303.4,44.5,0
6497,car,4.5,road_loopA_f0,road_loopA_f1,7934.3,8077.8,143.5,1303.2,32.7,0
6519,car,4.5,road_loopA_f0,road_loopA_f1,7949.7,8078.7,129.0,1303.9,36.4,0
6509,car,4.5,road_loopA_r0,road_loopA_r1,7943.4,8079.5,136.1,1298.4,34.3,1
6505,car,4.5,road_loopA_f0,road_loopA_f1,7942.1,8079.6,137.5,1302.9,34.1,0
6526,car,4.5,road_loopA_f0,road_loopA_f1,7954.7,8079.6,124.9,1302.9,37.6,0
6512,car,4.5,road_loopA_f0,road_loopA_f1,7945.2,8080.9,135.7,1302.8,34.6,0
6511,car,4.5,road_loopA_r0,road_loopA_r1,7944.6,8081.3,136.7,1298.6,34.2,1
6510,car,4.5,road_loopA_f0,road_loopA_f1,7943.5,8081.4,137.9,1303.3,34.0,0
6503,suv,4.8,road_loopA_r0,road_loopA_r1,7938.8,8084.8,146.0,1298.3,32.0,1
6521,car,4.5,road_loopA_r0,road_loopA_r1,7951.4,8086.1,134.7,1298.2,34.7,1
6507,car,4.5,road_loopA_r0,road_loopA_r1,7942.4,8087.3,144.9,1297.7,32.2,1
6530,suv,4.8,road_loopA_r0,road_loopA_r1,7955.3,8087.5,132.2,1297.6,35.3,1
6608,car,4.5,road_loopA_r0,xloopA_0Ab,8019.5,8087.7,68.2,869.1,45.9,0
6546,car,4.5,road_loopA_r0,road_loopA_r1,7976.8,8089.4,112.6,1298.0,41.5,0
6529,car,4.5,xloopA_0Ba,road_loopA_r1,7955.1,8090.4,135.3,476.7,12.7,1
6578,car,4.5,road_loopA_r0,xloopA_0Ab,7998.0,8091.1,93.1,869.2,33.6,1
6520,truck,8.5,road_loopA_r0,road_loopA_r1,7950.4,8091.3,140.9,1297.7,33.2,1
6545,suv,4.8,road_loopA_r0,road_loopA_r1,7972.5,8091.3,118.8,1298.5,39.3,1
6592,car,4.5,road_loopA_r0,xloopA_0Ab,8010.7,8093.0,82.3,869.1,38.0,0
6560,suv,4.8,road_loopA_r0,road_loopA_r1,7988.3,8093.2,104.9,1297.3,44.5,0
6528,suv,4.8,road_loopA_r0,road_loopA_r1,7955.0,8093.5,138.5,1297.4,33.7,1
6542,car,4.5,road_loopA_r0,road_loopA_r1,7970.0,8095.4,125.4,1298.3,37.3,1
6580,car,4.5,road_loopA_r0,road_loopA_r1,7999.2,8095.6,96.4,1298.5,48.5,0
6550,car,4.5,road_loopA_r0,road_loopA_r1,7982.4,8097.2,114.8,1298.6,40.7,1
6535,car,4.5,xloopA_0Ba,road_loopA_r1,7959.3,8097.2,137.9,476.6,12.4,0
6651,suv,4.8,road_loopA_f0,xloopA_0Bb,8058.1,8098.1,40.0,479.0,43.1,0
6543,suv,4.8,road_loopA_r0,road_loopA_r1,7971.0,8098.7,127.7,1298.5,36.6,1
6517,car,4.5,road_loopA_r0,road_loopA_r1,7949.0,8098.9,149.9,1298.2,31.2,1
6559,car,4.5,road_loopA_r0,road_loopA_r1,7988.1,8098.9,110.8,1297.3,42.1,0
6553,truck,8.5,road_loopA_r0,road_loopA_r1,7983.9,8100.3,116.4,1297.4,40.1,0
6564,car,4.5,road_loopA_r0,road_loopA_r1,7991.0,8100.8,109.8,1298.4,42.6,0
6579,suv,4.8,road_loopA_r0,road_loopA_r1,7999.0,8101.5,102.5,1297.8,45.6,0
6570,car,4.5,road_loopA_r0,road_loopA_r1,7995.2,8102.6,107.4,1297.6,43.5,0
6567,car,4.5,road_loopA_r0,road_loopA_r1,7993.5,8103.0,109.5,1297.7,42.7,0
6591,suv,4.8,road_loopA_r0,road_loopA_r1,8009.5,8103.3,93.8,1298.5,49.8,0
6576,car,4.5,road_loopA_r0,road_loopA_r1,7997.6,8104.4,106.8,1297.8,43.8,0
6584,car,4.5,road_loopA_r0,road_loopA_r1,8001.5,8104.9,103.4,1298.7,45.2,0
6599,suv,4.8,road_loopA_r0,road_loopA_r1,8014.1,8105.2,91.1,1297.9,51.3,0
6547,car,4.5,road_loopA_f0,road_loopA_f1,7978.9,8105.6,126.7,1304.1,37.0,1
6581,car,4.5,road_loopA_r0,road_loopA_r1,7999.8,8106.3,106.5,1298.1,43.9,0
6548,car,4.5,road_loopA_f0,road_loopA_f1,7981.4,8106.8,125.4,1303.8,37.4,1
6571,car,4.5,road_loopA_r0,road_loopA_r1,7995.5,8107.0,111.5,1298.2,41.9,0
6588,car,4.5,road_loopA_r0,road_loopA_r1,8006.6,8108.1,101.5,1298.6,46.1,0
6549,car,4.5,road_loopA_f0,road_loopA_f1,7982.4,8109.1,126.7,1303.5,37.0,1
6597,car,4.5,road_loopA_r0,road_loopA_r1,8012.7,8109.6,96.9,1298.2,48.2,0
6555,suv,4.8,road_loopA_f0,road_loopA_f1,7985.7,8109.9,124.2,1303.5,37.8,1
6582,bus,11.0,road_loopA_r0,road_loopA_r1,8000.2,8111.0,110.8,1297.7,42.2,0
6600,car,4.5,road_loopA_r0,road_loopA_r1,8014.2,8111.7,97.5,1297.6,47.9,0
6605,car,4.5,road_loopA_r0,xloopA_0Bb,8018.8,8112.3,93.5,895.7,34.5,1
6569,car,4.5,road_loopA_f0,xloopA_0Ab,7994.8,8112.8,118.0,505.2,15.4,1
6563,suv,4.8,road_loopA_f0,road_loopA_f1,7990.2,8113.1,122.9,1302.9,38.1,1
6589,truck,8.5,road_loopA_r0,road_loopA_r1,8008.4,8113.8,105.4,1298.5,44.4,0
6621,car,4.5,road_loopA_r0,xloopA_0Bb,8034.2,8114.9,80.7,895.6,39.9,0
6611,car,4.5,road_loopA_r0,road_loopA_r1,8021.6,8115.0,93.4,1298.7,50.1,0
6649,car,4.5,road_loopA_f0,xloopA_0Ab,8056.2,8115.4,59.2,505.2,30.7,0
6614,suv,4.8,road_loopA_r0,road_loopA_r1,8026.6,8116.7,90.1,1298.2,51.9,0
6603,car,4.5,road_loopA_r0,road_loopA_r1,8018.5,8117.9,99.4,1298.2,47.0,0
6557,car,4.5,road_loopA_f0,road_loopA_f1,7987.1,8118.7,131.6,1302.8,35.6,1
6552,suv,4.8,road_loopA_f0,road_loopA_f1,7982.9,8118.9,136.0,1303.8,34.5,1
6573,car,4.5,road_loopA_f0,road_loopA_f1,7995.9,8119.4,123.5,1304.1,38.0,1
6583,car,4.5,road_loopA_f0,road_loopA_f1,8000.2,8121.0,120.8,1303.8,38.9,1
6612,truck,8.5,road_loopA_r0,road_loopA_r1,8023.2,8121.8,98.6,1298.5,47.4,0
6561,car,4.5,road_loopA_f0,road_loopA_f1,7988.3,8122.1,133.8,1303.5,35.1,1
6586,car,4.5,road_loopA_f0,road_loopA_f1,8004.3,8123.7,119.4,1303.1,39.3,1
6619,car,4.5,road_loopA_r0,road_loopA_r1,8031.6,8124.0,92.4,1297.3,50.5,0
6655,car,4.5,xloopA_0Aa,xloopA_0Ab,8062.0,8124.6,62.6,84.2,4.8,1
6539,car,4.5,road_loopA_f0,road_loopA_f1,7966.6,8125.0,158.4,1303.1,29.6,1
6620,suv,4.8,road_loopA_r0,road_loopA_r1,8032.9,8125.8,92.9,1298.0,50.3,0
6551,car,4.5,xloopA_0Ba,xloopA_0Bb,7982.7,8126.0,143.3,84.0,2.1,1
6574,car,4.5,road_loopA_f0,road_loopA_f1,7996.3,8126.3,130.0,1303.6,36.1,1
6575,car,4.5,road_loopA_f0,road_loopA_f1,7996.4,8126.5,130.1,1303.2,36.1,1
6617,car,4.5,road_loopA_r0,road_loopA_r1,8029.4,8126.7,97.3,1297.7,48.0,0
6566,car,4.5,road_loopA_f0,road_loopA_f1,7992.8,8127.0,134.2,1303.3,34.9,1
6606,car,4.5,road_loopA_f0,road_loopA_f1,8019.0,8127.9,108.9,1302.8,43.1,0
6587,bus,11.0,road_loopA_r0,road_loopA_r1,8005.4,8129.1,123.7,1298.0,37.8,1
6577,car,4.5,road_loopA_f0,road_loopA_f1,7997.8,8129.8,132.0,1303.3,35.5,1
6604,car,4.5,xloopA_0Ba,xloopA_0Bb,8018.6,8130.9,112.3,84.2,2.7,0
2015,tram,34.0,loopA,loopA,3895.1,8131.2,4236.1,33702.2,28.6,40
6593,car,4.5,road_loopA_f0,road_loopA_f1,8011.7,8131.7,120.0,1303.5,39.1,0
6596,car,4.5,road_loopA_f0,road_loopA_f1,8012.7,8132.3,119.6,1303.7,39.2,2
6609,car,4.5,xloopA_0Ba,xloopA_0Bb,8021.3,8133.1,111.8,84.1,2.7,0
6590,car,4.5,road_loopA_f0,road_loopA_f1,8008.8,8133.5,124.7,1303.9,37.6,1
6610,car,4.5,road_loopA_f0,road_loopA_f1,8021.6,8134.0,112.4,1303.6,41.7,0
6595,car,4.5,road_loopA_f0,road_loopA_f1,8012.6,8135.2,122.6,1303.3,38.3,1
6616,car,4.5,road_loopA_f0,road_loopA_f1,8028.3,8135.8,107.5,1303.1,43.6,0
6654,car,4.5,xloopA_0Ba,xloopA_0Bb,8060.7,8136.1,75.4,84.1,4.0,0
6601,car,4.5,road_loopA_f0,road_loopA_f1,8014.3,8137.0,122.7,1303.3,38.2,0
6624,suv,4.8,road_loopA_f0,road_loopA_f1,8037.7,8137.6,99.9,1303.9,47.0,0
6626,truck,8.5,road_loopA_f0,road_loopA_f1,8038.9,8139.2,100.3,1303.2,46.8,0
6531,car,4.5,xloopA_0Aa,road_loopA_f1,7955.4,8139.9,184.5,872.3,17.0,1
6631,car,4.5,road_loopA_f0,road_loopA_f1,8041.3,8140.3,99.0,1303.9,47.4,0
6554,car,4.5,road_loopA_f0,road_loopA_f1,7984.8,8141.5,156.7,1303.0,29.9,1
6633,car,4.5,road_loopA_f0,road_loopA_f1,8042.0,8142.4,100.4,1302.9,46.7,0
6556,car,4.5,road_loopA_f0,road_loopA_f1,7985.8,8143.2,157.4,1303.9,29.8,1
6636,suv,4.8,road_loopA_f0,road_loopA_f1,8044.4,8144.2,99.8,1302.8,47.0,0
6640,suv,4.8,road_loopA_f0,road_loopA_f1,8046.8,8144.2,97.4,1303.3,48.1,0
6565,truck,8.5,road_loopA_f0,road_loopA_f1,7992.7,8145.4,152.7,1303.7,30.7,1
6639,car,4.5,road_loopA_f0,road_loopA_f1,8046.6,8146.1,99.5,1304.0,47.2,0
6646,car,4.5,road_loopA_f0,road_loopA_f1,8052.0,8147.0,95.0,1303.0,49.4,0
6568,truck,8.5,road_loopA_f0,road_loopA_f1,7993.9,8147.8,153.9,1303.5,30.5,1
6622,car,4.5,road_loopA_f0,road_loopA_f1,8034.3,8149.4,115.1,1303.9,40.8,0
6585,car,4.5,road_loopA_f0,road_loopA_f1,8003.4,8149.8,146.4,1303.2,32.0,1
6647,car,4.5,road_loopA_f0,road_loopA_f1,8052.3,8149.8,97.5,1303.0,48.1,0
6634,suv,4.8,road_loopA_f0,road_loopA_f1,8042.0,8151.9,109.9,1303.9,42.7,0
6607,truck,8.5,road_loopA_f0,road_loopA_f1,8019.2,8152.1,132.9,1303.6,35.3,0
6615,car,4.5,road_loopA_f0,road_loopA_f1,8026.8,8154.2,127.4,1302.9,36.8,0
6632,car,4.5,road_loopA_f0,road_loopA_f1,8041.9,8154.6,112.7,1303.1,41.6,0
6700,car,4.5,road_loopA_f0,xloopA_0Bb,8114.5,8155.6,41.1,478.9,42.0,0
6625,car,4.5,road_loopA_f0,road_loopA_f1,8038.8,8156.7,117.9,1303.7,39.8,0
6629,suv,4.8,road_loopA_f0,road_loopA_f1,8040.8,8157.0,116.2,1303.7,40.4,0
6638,car,4.5,road_loopA_f0,road_loopA_f1,8046.4,8158.9,112.5,1303.7,41.7,0
6715,car,4.5,road_loopA_f0,xloopA_0Bb,8126.8,8168.0,41.2,478.6,41.9,0
6562,bus,11.0,road_loopA_f0,road_loopA_f1,7989.1,8171.6,182.5,1302.8,25.7,3
6627,car,4.5,road_loopA_r0,road_loopA_r1,8039.7,8172.8,133.1,1297.7,35.1,1
6637,car,4.5,road_loopA_r0,road_loopA_r1,8045.9,8173.7,127.8,1298.1,36.6,1
6630,car,4.5,road_loopA_r0,road_loopA_r1,8040.9,8175.5,134.6,1298.2,34.7,1
6642,car,4.5,road_loopA_r0,road_loopA_r1,8048.1,8176.6,128.5,1297.5,36.3,1
6602,bus,11.0,road_loopA_f0,road_loopA_f1,8014.8,8176.9,162.1,1304.0,29.0,2
6644,car,4.5,road_loopA_r0,road_loopA_r1,8050.7,8179.6,128.9,1298.2,36.3,1
6653,suv,4.8,road_loopA_r0,road_loopA_r1,8059.6,8180.0,120.4,1297.6,38.8,1
6652,suv,4.8,road_loopA_r0,road_loopA_r1,8059.3,8181.3,122.0,1297.8,38.3,1
6695,car,4.5,road_loopA_r0,xloopA_0Ab,8112.8,8183.1,70.3,869.1,44.5,0
6660,suv,4.8,road_loopA_r0,road_loopA_r1,8068.6,8183.4,114.8,1297.8,40.7,1
6650,suv,4.8,road_loopA_r0,road_loopA_r1,8057.6,8184.3,126.7,1298.2,36.9,1
6670,car,4.5,road_loopA_r0,road_loopA_r1,8077.1,8186.0,108.9,1298.3,42.9,11
6598,car,4.5,xloopA_0Ba,road_loopA_r1,8013.6,8187.2,173.6,476.5,9.9,1
6679,car,4.5,road_loopA_r0,road_loopA_r1,8096.3,8187.9,91.6,1297.9,51.0,0
6618,truck,8.5,road_loopA_r0,road_loopA_r1,8030.3,8189.4,159.1,1297.9,29.4,1
6674,car,4.5,road_loopA_r0,road_loopA_r1,8091.6,8190.6,99.0,1298.2,47.2,0
6628,truck,8.5,road_loopA_r0,road_loopA_r1,8040.0,8191.9,151.9,1297.5,30.8,1
6648,suv,4.8,road_loopA_r0,road_loopA_r1,8055.8,8193.5,137.7,1298.3,33.9,1
6635,suv,4.8,road_loopA_r0,road_loopA_r1,8043.0,8193.9,150.9,1297.9,31.0,1
6712,car,4.5,road_loopA_r0,xloopA_0Ab,8124.1,8194.5,70.4,868.9,44.4,0
6662,suv,4.8,road_loopA_r0,road_loopA_r1,8071.2,8195.1,123.9,1297.3,37.7,0
6641,car,4.5,road_loopA_r0,road_loopA_r1,8047.1,8195.6,148.5,1297.9,31.5,1
6643,car,4.5,road_loopA_r0,road_loopA_r1,8049.9,8197.3,147.4,1297.9,31.7,1
6682,car,4.5,road_loopA_r0,road_loopA_r1,8099.6,8197.3,97.7,1297.5,47.8,0
6677,suv,4.8,road_loopA_r0,road_loopA_r1,8093.4,8197.4,104.0,1298.2,44.9,0
6686,suv,4.8,road_loopA_r0,road_loopA_r1,8102.6,8199.5,96.9,1298.6,48.2,0
6685,truck,8.5,road_loopA_r0,road_loopA_r1,8101.4,8199.6,98.2,1297.3,47.6,0
6645,truck,8.5,road_loopA_r0,road_loopA_r1,8051.1,8199.9,148.8,1297.9,31.4,1
