veh_id,kind,length_m,origin,destination,depart_s,arrive_s,travel_s,dist_m,avg_kmh,stops
49,car,4.5,road_loopA_f0,xloopA_0Bb,2181.1,2221.2,40.1,478.9,43.0,0
10,car,4.5,road_loopA_f0,road_loopA_f1,2152.0,2241.6,89.6,1304.1,52.4,0
11,car,4.5,road_loopA_f0,road_loopA_f1,2152.3,2241.7,89.4,1303.1,52.5,0
12,car,4.5,road_loopA_f0,road_loopA_f1,2155.9,2245.2,89.3,1303.1,52.5,0
13,car,4.5,road_loopA_f0,road_loopA_f1,2156.4,2245.7,89.3,1303.1,52.5,0
14,car,4.5,road_loopA_r0,road_loopA_r1,2156.8,2245.7,88.9,1297.3,52.5,0
15,suv,4.8,road_loopA_r0,road_loopA_r1,2156.9,2245.8,88.9,1297.3,52.5,0
21,suv,4.8,road_loopA_r0,road_loopA_r1,2161.4,2250.6,89.2,1298.4,52.4,0
24,suv,4.8,road_loopA_r0,road_loopA_r1,2162.1,2251.0,88.9,1297.3,52.5,0
17,car,4.5,road_loopA_f0,road_loopA_f1,2158.6,2252.5,93.9,1303.6,50.0,0
23,car,4.5,road_loopA_f0,road_loopA_f1,2161.9,2253.5,91.6,1304.1,51.2,0
36,car,4.5,road_loopA_r0,xloopA_0Bb,2172.2,2254.1,81.9,895.3,39.4,1
28,car,4.5,road_loopA_r0,road_loopA_r1,2165.3,2254.2,88.9,1297.3,52.5,0
20,truck,8.5,road_loopA_f0,road_loopA_f1,2160.6,2254.6,94.0,1303.2,49.9,0
60,car,4.5,road_loopA_f0,xloopA_0Ab,2185.9,2254.7,68.8,505.2,26.4,1
16,truck,8.5,road_loopA_f0,road_loopA_f1,2158.2,2255.4,97.2,1303.0,48.3,0
25,car,4.5,road_loopA_r0,road_loopA_r1,2163.3,2257.3,94.0,1297.5,49.7,0
19,car,4.5,road_loopA_f0,road_loopA_f1,2160.7,2257.5,96.8,1304.0,48.5,0
31,suv,4.8,road_loopA_r0,road_loopA_r1,2169.9,2259.1,89.2,1297.9,52.4,0
34,suv,4.8,road_loopA_r0,road_loopA_r1,2171.0,2260.9,89.9,1298.5,52.0,0
35,car,4.5,road_loopA_r0,road_loopA_r1,2171.8,2262.6,90.8,1297.9,51.5,0
38,suv,4.8,road_loopA_r0,road_loopA_r1,2172.9,2263.9,91.0,1297.6,51.3,0
42,car,4.5,road_loopA_r0,road_loopA_r1,2175.2,2264.5,89.3,1298.4,52.3,0
33,car,4.5,road_loopA_f0,road_loopA_f1,2171.1,2265.0,93.9,1303.3,49.9,0
39,suv,4.8,road_loopA_f0,road_loopA_f1,2173.1,2266.4,93.3,1303.6,50.3,0
44,car,4.5,road_loopA_r0,road_loopA_r1,2176.9,2267.0,90.1,1297.5,51.8,0
66,car,4.5,xloopA_0Aa,xloopA_0Ab,2192.1,2267.3,75.2,84.3,4.0,1
43,car,4.5,road_loopA_f0,road_loopA_f1,2176.4,2268.3,91.9,1303.2,51.1,0
51,car,4.5,xloopA_0Ba,xloopA_0Bb,2181.4,2268.8,87.4,84.3,3.5,1
82,car,4.5,xloopA_0Aa,xloopA_0Ab,2206.5,2269.3,62.8,84.4,4.8,1
26,truck,8.5,road_loopA_f0,road_loopA_f1,2164.7,2269.7,105.0,1303.7,44.7,0
22,car,4.5,road_loopA_f0,road_loopA_f1,2161.8,2270.1,108.3,1303.8,43.4,0
40,suv,4.8,road_loopA_f0,road_loopA_f1,2174.9,2271.0,96.1,1303.4,48.8,0
53,car,4.5,xloopA_0Ba,xloopA_0Bb,2183.1,2271.2,88.1,84.3,3.4,1
27,suv,4.8,road_loopA_f0,road_loopA_f1,2165.2,2271.8,106.6,1303.7,44.0,0
107,car,4.5,xloopA_0Aa,xloopA_0Ab,2230.7,2271.9,41.2,84.2,7.4,1
46,truck,8.5,road_loopA_r0,road_loopA_r1,2178.2,2272.2,94.0,1297.9,49.7,0
41,truck,8.5,road_loopA_f0,road_loopA_f1,2175.1,2273.3,98.2,1303.8,47.8,0
56,car,4.5,xloopA_0Ba,xloopA_0Bb,2184.0,2273.3,89.3,84.4,3.4,0
29,car,4.5,road_loopA_f0,road_loopA_f1,2167.3,2273.5,106.2,1303.1,44.2,0
37,suv,4.8,road_loopA_f0,road_loopA_f1,2172.6,2275.3,102.7,1302.8,45.7,0
55,car,4.5,road_loopA_f0,road_loopA_f1,2183.8,2275.4,91.6,1303.2,51.2,0
48,suv,4.8,road_loopA_f0,road_loopA_f1,2179.0,2283.0,104.0,1303.4,45.1,0
63,suv,4.8,road_loopA_f0,road_loopA_f1,2189.5,2284.5,95.0,1303.4,49.4,0
69,car,4.5,road_loopA_f0,road_loopA_f1,2194.8,2286.2,91.4,1303.4,51.4,0
47,car,4.5,road_loopA_f0,road_loopA_f1,2178.8,2286.5,107.7,1302.9,43.5,0
62,car,4.5,road_loopA_f0,road_loopA_f1,2188.1,2288.4,100.3,1302.8,46.7,0
50,truck,8.5,road_loopA_f0,road_loopA_f1,2181.1,2288.7,107.6,1303.0,43.6,0
76,suv,4.8,road_loopA_f0,road_loopA_f1,2201.0,2290.5,89.5,1303.5,52.4,0
80,suv,4.8,road_loopA_f0,road_loopA_f1,2205.6,2297.4,91.8,1303.4,51.1,0
61,bus,11.0,road_loopA_f0,road_loopA_f1,2186.9,2298.5,111.6,1303.7,42.1,0
77,car,4.5,road_loopA_f0,road_loopA_f1,2202.9,2298.5,95.6,1304.0,49.1,0
79,car,4.5,road_loopA_f0,road_loopA_f1,2205.3,2300.2,94.9,1303.1,49.4,0
74,truck,8.5,road_loopA_f0,road_loopA_f1,2199.4,2301.2,101.8,1303.5,46.1,0
72,car,4.5,road_loopA_f0,road_loopA_f1,2199.1,2308.0,108.9,1303.9,43.1,0
54,car,4.5,road_loopA_r0,road_loopA_r1,2183.2,2314.4,131.2,1297.7,35.6,1
45,truck,8.5,road_loopA_r0,road_loopA_r1,2177.1,2316.9,139.8,1297.5,33.4,1
57,car,4.5,road_loopA_r0,road_loopA_r1,2184.1,2317.4,133.3,1298.5,35.1,1
52,car,4.5,road_loopA_r0,road_loopA_r1,2182.7,2319.1,136.4,1298.5,34.3,1
32,truck,8.5,road_loopA_r0,road_loopA_r1,2170.8,2319.2,148.4,1298.0,31.5,1
58,car,4.5,road_loopA_r0,road_loopA_r1,2185.0,2320.3,135.3,1297.4,34.5,1
65,car,4.5,road_loopA_r0,road_loopA_r1,2191.7,2321.1,129.4,1297.6,36.1,1
59,car,4.5,road_loopA_r0,road_loopA_r1,2185.6,2321.3,135.7,1297.6,34.4,1
70,car,4.5,road_loopA_r0,road_loopA_r1,2195.4,2324.6,129.2,1298.1,36.2,1
64,truck,8.5,road_loopA_r0,road_loopA_r1,2190.9,2325.2,134.3,1297.9,34.8,1
78,suv,4.8,road_loopA_r0,road_loopA_r1,2203.1,2325.6,122.5,1298.3,38.2,1
75,car,4.5,road_loopA_r0,road_loopA_r1,2200.8,2326.2,125.4,1297.5,37.3,1
87,suv,4.8,road_loopA_r0,road_loopA_r1,2210.1,2327.9,117.8,1297.6,39.7,1
106,car,4.5,road_loopA_r0,road_loopA_r1,2229.2,2328.5,99.3,1297.5,47.0,0
85,car,4.5,road_loopA_r0,road_loopA_r1,2209.3,2329.9,120.6,1298.1,38.8,1
91,car,4.5,road_loopA_r0,road_loopA_r1,2217.0,2330.5,113.5,1297.8,41.2,1
67,car,4.5,road_loopA_r0,road_loopA_r1,2192.5,2330.9,138.4,1297.9,33.8,1
89,car,4.5,road_loopA_r0,road_loopA_r1,2213.3,2331.7,118.4,1298.5,39.5,0
97,car,4.5,road_loopA_r0,road_loopA_r1,2221.7,2333.4,111.7,1298.5,41.8,1
98,car,4.5,road_loopA_r0,road_loopA_r1,2222.4,2333.9,111.5,1298.2,41.9,0
95,car,4.5,road_loopA_r0,road_loopA_r1,2220.0,2335.0,115.0,1297.8,40.6,2
92,suv,4.8,road_loopA_r0,road_loopA_r1,2217.2,2336.6,119.4,1298.2,39.2,1
94,truck,8.5,road_loopA_r0,road_loopA_r1,2218.8,2337.3,118.5,1298.5,39.5,0
71,car,4.5,road_loopA_r0,road_loopA_r1,2197.0,2338.1,141.1,1298.2,33.1,1
30,bus,11.0,road_loopA_f0,road_loopA_f1,2169.2,2338.7,169.5,1302.9,27.7,2
99,truck,8.5,road_loopA_r0,road_loopA_r1,2224.1,2339.8,115.7,1297.4,40.4,0
102,car,4.5,road_loopA_r0,road_loopA_r1,2227.3,2339.9,112.6,1297.8,41.5,0
116,car,4.5,road_loopA_f0,road_loopA_f1,2241.3,2341.9,100.6,1303.7,46.7,0
103,car,4.5,road_loopA_r0,road_loopA_r1,2227.4,2342.0,114.6,1297.9,40.8,0
86,car,4.5,road_loopA_f0,road_loopA_f1,2210.1,2342.7,132.6,1302.9,35.4,1
105,suv,4.8,road_loopA_r0,road_loopA_r1,2228.9,2343.2,114.3,1297.3,40.8,0
104,suv,4.8,road_loopA_r0,road_loopA_r1,2228.4,2343.6,115.2,1298.0,40.6,0
111,car,4.5,road_loopA_f0,road_loopA_f1,2237.2,2344.7,107.5,1303.0,43.6,0
90,suv,4.8,road_loopA_f0,road_loopA_f1,2214.4,2345.2,130.8,1303.3,35.9,1
109,truck,8.5,road_loopA_r0,road_loopA_r1,2234.4,2345.6,111.2,1298.0,42.0,0
118,suv,4.8,road_loopA_r0,road_loopA_r1,2242.2,2347.7,105.5,1298.2,44.3,0
108,car,4.5,road_loopA_r0,road_loopA_r1,2231.9,2348.6,116.7,1297.7,40.0,0
81,car,4.5,road_loopA_r0,road_loopA_r1,2205.7,2348.9,143.2,1297.4,32.6,0
73,bus,11.0,road_loopA_r0,road_loopA_r1,2199.3,2349.6,150.3,1297.3,31.1,1
120,car,4.5,road_loopA_r0,road_loopA_r1,2242.9,2350.1,107.2,1297.9,43.6,0
112,car,4.5,road_loopA_r0,road_loopA_r1,2238.9,2350.3,111.4,1297.8,41.9,0
113,car,4.5,road_loopA_r0,road_loopA_r1,2239.0,2350.6,111.6,1298.1,41.9,0
131,car,4.5,road_loopA_r0,road_loopA_r1,2252.3,2351.1,98.8,1297.4,47.3,0
117,car,4.5,road_loopA_f0,road_loopA_f1,2241.7,2352.0,110.3,1303.2,42.5,0
128,suv,4.8,road_loopA_r0,road_loopA_r1,2247.6,2352.0,104.4,1298.5,44.8,0
127,suv,4.8,road_loopA_r0,road_loopA_r1,2246.5,2354.7,108.2,1298.4,43.2,0
96,car,4.5,road_loopA_f0,road_loopA_f1,2221.4,2355.2,133.8,1303.0,35.1,1
135,car,4.5,road_loopA_r0,road_loopA_r1,2254.3,2355.2,100.9,1297.3,46.3,0
88,truck,8.5,road_loopA_f0,road_loopA_f1,2212.5,2356.1,143.6,1303.0,32.7,1
114,car,4.5,road_loopA_r0,road_loopA_r1,2239.4,2356.3,116.9,1297.9,40.0,0
133,car,4.5,road_loopA_f0,road_loopA_f1,2253.9,2356.9,103.0,1303.9,45.6,0
115,car,4.5,road_loopA_f0,road_loopA_f1,2241.2,2357.1,115.9,1303.0,40.5,0
142,car,4.5,road_loopA_r0,road_loopA_r1,2260.2,2357.4,97.2,1297.4,48.0,0
130,car,4.5,road_loopA_r0,road_loopA_r1,2251.4,2358.0,106.6,1298.2,43.9,0
124,car,4.5,road_loopA_r0,road_loopA_r1,2244.9,2358.2,113.3,1298.0,41.2,0
122,car,4.5,road_loopA_f0,road_loopA_f1,2244.3,2358.9,114.6,1303.8,41.0,0
132,suv,4.8,road_loopA_r0,road_loopA_r1,2253.1,2359.7,106.6,1297.8,43.8,0
137,car,4.5,road_loopA_r0,road_loopA_r1,2254.8,2359.8,105.0,1297.5,44.5,0
140,suv,4.8,road_loopA_f0,road_loopA_f1,2258.5,2360.1,101.6,1303.1,46.2,0
143,suv,4.8,road_loopA_f0,road_loopA_f1,2260.5,2360.1,99.6,1303.4,47.1,0
145,car,4.5,road_loopA_r0,road_loopA_r1,2260.6,2360.9,100.3,1298.4,46.6,0
139,car,4.5,road_loopA_r0,road_loopA_r1,2256.0,2361.6,105.6,1298.2,44.3,0
136,truck,8.5,road_loopA_r0,road_loopA_r1,2254.3,2361.9,107.6,1297.6,43.4,0
150,car,4.5,road_loopA_r0,road_loopA_r1,2265.4,2362.0,96.6,1297.9,48.4,0
152,car,4.5,road_loopA_r0,road_loopA_r1,2265.8,2363.5,97.7,1298.2,47.8,0
153,car,4.5,road_loopA_r0,road_loopA_r1,2266.0,2363.9,97.9,1297.9,47.7,0
147,car,4.5,road_loopA_f0,road_loopA_f1,2261.9,2364.3,102.4,1303.8,45.9,0
83,car,4.5,road_loopA_r0,xloopA_0Bb,2207.8,2365.1,157.3,895.4,20.5,1
156,car,4.5,road_loopA_r0,road_loopA_r1,2271.2,2365.7,94.5,1298.7,49.5,0
151,car,4.5,road_loopA_f0,road_loopA_f1,2265.7,2366.4,100.7,1303.0,46.6,0
175,truck,8.5,road_loopA_f0,xloopA_0Ab,2280.7,2366.9,86.2,505.0,21.1,1
84,suv,4.8,road_loopA_r0,xloopA_0Bb,2208.2,2367.8,159.6,895.9,20.2,1
155,car,4.5,road_loopA_f0,road_loopA_f1,2268.1,2368.1,100.0,1303.1,46.9,0
165,suv,4.8,road_loopA_f0,road_loopA_f1,2273.5,2368.7,95.2,1303.5,49.3,0
161,car,4.5,road_loopA_r0,road_loopA_r1,2271.7,2368.9,97.2,1297.3,48.1,0
184,car,4.5,road_loopA_f0,xloopA_0Ab,2285.1,2369.9,84.8,505.2,21.4,1
126,suv,4.8,road_loopA_r0,xloopA_0Bb,2245.4,2370.5,125.1,895.8,25.8,1
148,suv,4.8,road_loopA_f0,road_loopA_f1,2262.6,2370.7,108.1,1302.9,43.4,0
173,car,4.5,road_loopA_r0,road_loopA_r1,2280.2,2371.5,91.3,1298.5,51.2,0
163,suv,4.8,road_loopA_r0,road_loopA_r1,2273.1,2372.4,99.3,1297.4,47.0,0
191,car,4.5,road_loopA_f0,xloopA_0Ab,2291.8,2372.6,80.8,505.4,22.5,1
170,car,4.5,road_loopA_f0,road_loopA_f1,2279.5,2373.1,93.6,1302.8,50.1,0
149,car,4.5,road_loopA_r0,xloopA_0Bb,2263.3,2373.2,109.9,895.8,29.3,1
178,car,4.5,road_loopA_r0,road_loopA_r1,2282.3,2373.3,91.0,1298.1,51.4,0
166,car,4.5,road_loopA_f0,road_loopA_f1,2274.4,2374.0,99.6,1303.6,47.1,0
157,car,4.5,road_loopA_r0,road_loopA_r1,2271.3,2374.1,102.8,1297.7,45.4,0
144,car,4.5,road_loopA_r0,road_loopA_r1,2260.4,2374.4,114.0,1297.3,41.0,0
169,suv,4.8,road_loopA_f0,road_loopA_f1,2279.3,2375.0,95.7,1304.2,49.1,0
208,car,4.5,road_loopA_f0,xloopA_0Ab,2309.8,2375.2,65.4,505.1,27.8,1
180,car,4.5,road_loopA_r0,road_loopA_r1,2284.0,2375.3,91.3,1298.5,51.2,0
68,bus,11.0,road_loopA_r0,road_loopA_r1,2193.3,2376.2,182.9,1297.4,25.5,3
154,truck,8.5,road_loopA_r0,road_loopA_r1,2268.0,2376.6,108.6,1298.4,43.0,0
172,truck,8.5,road_loopA_r0,xloopA_0Bb,2280.1,2376.7,96.6,896.0,33.4,1
158,suv,4.8,road_loopA_r0,road_loopA_r1,2271.2,2376.8,105.6,1297.3,44.2,0
182,car,4.5,road_loopA_f0,road_loopA_f1,2284.1,2377.1,93.0,1303.6,50.5,0
183,suv,4.8,road_loopA_r0,road_loopA_r1,2284.5,2379.2,94.7,1297.8,49.4,0
186,suv,4.8,road_loopA_f0,road_loopA_f1,2285.9,2379.7,93.8,1304.2,50.0,0
93,car,4.5,xloopA_0Ba,xloopA_0Bb,2217.7,2381.0,163.3,84.0,1.9,1
187,car,4.5,road_loopA_f0,road_loopA_f1,2288.2,2381.5,93.3,1303.3,50.3,0
162,car,4.5,xloopA_0Aa,xloopA_0Ab,2272.3,2382.2,109.9,84.4,2.8,1
174,car,4.5,road_loopA_r0,road_loopA_r1,2280.3,2382.6,102.3,1297.9,45.7,0
188,car,4.5,road_loopA_r0,road_loopA_r1,2288.7,2382.8,94.1,1298.0,49.6,0
18,car,4.5,xloopA_0Ba,road_loopA_f1,2158.9,2384.2,225.3,902.6,14.4,1
123,car,4.5,road_loopA_f0,road_loopA_f1,2244.8,2384.4,139.6,1302.9,33.6,0
119,car,4.5,xloopA_0Ba,xloopA_0Bb,2242.6,2385.1,142.5,84.2,2.1,1
181,car,4.5,road_loopA_r0,road_loopA_r1,2284.0,2385.3,101.3,1297.4,46.1,0
190,car,4.5,road_loopA_f0,road_loopA_f1,2290.6,2385.3,94.7,1303.0,49.5,0
121,car,4.5,road_loopA_f0,road_loopA_f1,2244.2,2385.9,141.7,1303.9,33.1,0
192,suv,4.8,road_loopA_f0,road_loopA_f1,2292.4,2386.4,94.0,1303.1,49.9,0
141,car,4.5,road_loopA_f0,road_loopA_f1,2259.4,2387.8,128.4,1303.3,36.5,0
125,suv,4.8,road_loopA_f0,road_loopA_f1,2245.4,2387.9,142.5,1303.9,32.9,0
217,car,4.5,xloopA_0Ba,xloopA_0Bb,2313.2,2387.9,74.7,84.1,4.1,0
129,suv,4.8,road_loopA_f0,road_loopA_f1,2251.3,2389.6,138.3,1303.6,33.9,0
234,car,4.5,xloopA_0Ba,xloopA_0Bb,2328.5,2389.8,61.3,84.0,4.9,0
134,suv,4.8,road_loopA_f0,road_loopA_f1,2254.1,2391.4,137.3,1303.8,34.2,0
176,car,4.5,road_loopA_f0,road_loopA_f1,2281.0,2391.7,110.7,1303.0,42.4,0
212,car,4.5,xloopA_0Aa,xloopA_0Ab,2310.8,2392.1,81.3,84.6,3.7,0
146,car,4.5,road_loopA_f0,road_loopA_f1,2261.0,2392.6,131.6,1302.9,35.6,0
193,car,4.5,road_loopA_f0,road_loopA_f1,2294.4,2393.4,99.0,1303.4,47.4,0
281,car,4.5,xloopA_0Ba,xloopA_0Bb,2362.2,2393.8,31.6,84.4,9.6,0
164,car,4.5,road_loopA_f0,road_loopA_f1,2273.6,2393.9,120.3,1303.1,39.0,0
248,car,4.5,xloopA_0Aa,xloopA_0Ab,2342.1,2394.1,52.0,84.6,5.9,0
160,car,4.5,road_loopA_f0,road_loopA_f1,2271.7,2394.4,122.7,1303.2,38.2,0
196,car,4.5,road_loopA_f0,road_loopA_f1,2300.3,2395.3,95.0,1303.3,49.4,0
167,car,4.5,road_loopA_f0,road_loopA_f1,2275.7,2395.7,120.0,1303.3,39.1,0
185,car,4.5,road_loopA_f0,road_loopA_f1,2285.5,2396.1,110.6,1302.9,42.4,0
273,car,4.5,xloopA_0Aa,xloopA_0Ab,2357.7,2396.2,38.5,84.2,7.9,0
195,suv,4.8,road_loopA_f0,road_loopA_f1,2296.0,2397.1,101.1,1304.0,46.4,0
298,car,4.5,xloopA_0Ba,xloopA_0Bb,2374.4,2397.5,23.1,84.1,13.1,0
171,suv,4.8,road_loopA_f0,road_loopA_f1,2279.9,2397.7,117.8,1303.3,39.8,0
189,suv,4.8,road_loopA_f0,road_loopA_f1,2290.3,2398.3,108.0,1303.9,43.5,0
204,car,4.5,road_loopA_f0,road_loopA_f1,2307.5,2398.8,91.3,1303.4,51.4,0
198,car,4.5,road_loopA_f0,road_loopA_f1,2301.8,2399.7,97.9,1303.5,47.9,0
203,suv,4.8,road_loopA_f0,road_loopA_f1,2306.3,2401.3,95.0,1303.3,49.4,0
200,car,4.5,road_loopA_f0,road_loopA_f1,2303.2,2402.9,99.7,1303.1,47.0,0
207,car,4.5,road_loopA_f0,road_loopA_f1,2309.4,2402.9,93.5,1303.3,50.2,0
138,bus,11.0,road_loopA_r0,road_loopA_r1,2254.9,2405.7,150.8,1298.0,31.0,2
209,suv,4.8,road_loopA_f0,road_loopA_f1,2309.8,2406.1,96.3,1303.9,48.7,0
159,car,4.5,road_loopA_f0,road_loopA_f1,2271.5,2406.5,135.0,1303.0,34.8,0
110,bus,11.0,road_loopA_f0,road_loopA_f1,2234.4,2407.0,172.6,1303.0,27.2,2
213,car,4.5,road_loopA_f0,road_loopA_f1,2311.3,2407.4,96.1,1303.8,48.8,0
222,car,4.5,road_loopA_f0,road_loopA_f1,2318.2,2409.1,90.9,1303.7,51.6,0
224,suv,4.8,road_loopA_f0,xloopA_0Bb,2321.1,2422.1,101.0,478.8,17.1,2
219,car,4.5,road_loopA_r0,xloopA_0Ab,2313.9,2423.1,109.2,869.0,28.7,2
265,suv,4.8,road_loopA_f0,xloopA_0Bb,2351.5,2425.9,74.4,478.9,23.2,2
228,car,4.5,road_loopA_r0,xloopA_0Ab,2323.2,2426.8,103.6,869.0,30.2,1
293,suv,4.8,road_loopA_f0,xloopA_0Bb,2372.3,2429.7,57.4,479.1,30.1,1
216,car,4.5,road_loopA_r0,xloopA_0Ab,2312.0,2430.4,118.4,868.9,26.4,2
194,car,4.5,road_loopA_r0,road_loopA_r1,2295.6,2439.2,143.6,1297.4,32.5,1
197,car,4.5,road_loopA_r0,road_loopA_r1,2300.2,2440.7,140.5,1298.0,33.3,1
168,car,4.5,xloopA_0Aa,road_loopA_r1,2275.9,2442.8,166.9,506.9,10.9,1
291,car,4.5,road_loopA_r0,xloopA_0Ab,2367.8,2443.3,75.5,869.0,41.4,0
205,suv,4.8,road_loopA_r0,road_loopA_r1,2307.6,2443.5,135.9,1298.3,34.4,1
179,car,4.5,road_loopA_r0,road_loopA_r1,2283.5,2444.3,160.8,1298.5,29.1,1
214,suv,4.8,road_loopA_r0,road_loopA_r1,2311.4,2444.9,133.5,1297.4,35.0,1
241,car,4.5,xloopA_0Ba,road_loopA_r1,2336.2,2447.0,110.8,476.2,15.5,0
223,car,4.5,road_loopA_r0,road_loopA_r1,2320.6,2448.2,127.6,1298.5,36.6,1
220,car,4.5,road_loopA_r0,road_loopA_r1,2314.1,2448.3,134.2,1298.3,34.8,1
221,car,4.5,road_loopA_r0,road_loopA_r1,2315.8,2450.5,134.7,1298.6,34.7,1
235,suv,4.8,road_loopA_r0,road_loopA_r1,2328.6,2450.8,122.2,1297.5,38.2,1
232,car,4.5,road_loopA_r0,road_loopA_r1,2327.8,2452.0,124.2,1298.0,37.6,1
201,suv,4.8,road_loopA_r0,road_loopA_r1,2304.6,2452.9,148.3,1298.5,31.5,1
215,suv,4.8,road_loopA_r0,road_loopA_r1,2311.8,2454.1,142.3,1297.5,32.8,1
206,car,4.5,road_loopA_r0,road_loopA_r1,2308.9,2454.7,145.8,1298.2,32.1,1
100,car,4.5,xloopA_0Ba,road_loopA_r1,2224.3,2455.7,231.4,476.7,7.4,1
226,car,4.5,road_loopA_r0,road_loopA_r1,2322.6,2456.4,133.8,1297.4,34.9,1
283,car,4.5,road_loopA_r0,xloopA_0Ab,2362.9,2456.7,93.8,869.2,33.4,1
245,suv,4.8,road_loopA_r0,road_loopA_r1,2340.3,2456.9,116.6,1298.6,40.1,1
177,truck,8.5,road_loopA_r0,road_loopA_r1,2281.1,2458.0,176.9,1297.5,26.4,1
230,suv,4.8,road_loopA_r0,road_loopA_r1,2326.6,2459.1,132.5,1298.4,35.3,1
237,car,4.5,road_loopA_r0,road_loopA_r1,2330.4,2460.0,129.6,1297.3,36.0,1
247,truck,8.5,road_loopA_r0,road_loopA_r1,2341.7,2460.0,118.3,1298.4,39.5,1
240,car,4.5,road_loopA_r0,road_loopA_r1,2335.2,2461.7,126.5,1298.3,36.9,1
252,car,4.5,road_loopA_r0,road_loopA_r1,2344.0,2461.9,117.9,1297.9,39.6,0
255,suv,4.8,road_loopA_r0,road_loopA_r1,2346.7,2462.0,115.3,1297.5,40.5,2
239,car,4.5,road_loopA_r0,road_loopA_r1,2334.1,2463.5,129.4,1298.4,36.1,1
350,car,4.5,road_loopA_f0,xloopA_0Bb,2424.5,2464.5,40.0,478.8,43.1,0
257,suv,4.8,road_loopA_r0,road_loopA_r1,2347.3,2464.6,117.3,1298.3,39.8,0
242,car,4.5,road_loopA_r0,road_loopA_r1,2337.9,2465.2,127.3,1298.0,36.7,1
259,suv,4.8,road_loopA_r0,road_loopA_r1,2348.3,2465.5,117.2,1298.4,39.9,0
227,car,4.5,road_loopA_f0,road_loopA_f1,2322.8,2466.5,143.7,1303.6,32.6,1
246,car,4.5,road_loopA_r0,road_loopA_r1,2341.1,2466.9,125.8,1297.3,37.1,1
249,suv,4.8,road_loopA_r0,road_loopA_r1,2343.2,2467.1,123.9,1298.6,37.7,1
266,suv,4.8,road_loopA_r0,road_loopA_r1,2351.9,2468.9,117.0,1297.4,39.9,0
274,suv,4.8,road_loopA_r0,road_loopA_r1,2357.6,2468.9,111.3,1298.3,42.0,0
231,car,4.5,road_loopA_f0,road_loopA_f1,2326.9,2469.3,142.4,1302.9,32.9,1
254,car,4.5,road_loopA_r0,road_loopA_r1,2346.7,2470.0,123.3,1298.3,37.9,0
243,car,4.5,road_loopA_f0,road_loopA_f1,2338.9,2471.7,132.8,1303.7,35.4,1
268,car,4.5,road_loopA_r0,road_loopA_r1,2354.0,2471.7,117.7,1298.0,39.7,0
279,car,4.5,road_loopA_r0,road_loopA_r1,2359.4,2472.9,113.5,1298.1,41.2,0
269,truck,8.5,road_loopA_r0,road_loopA_r1,2354.6,2474.0,119.4,1297.5,39.1,0
238,suv,4.8,road_loopA_f0,road_loopA_f1,2332.7,2474.5,141.8,1304.0,33.1,1
288,car,4.5,road_loopA_r0,road_loopA_r1,2366.9,2474.6,107.7,1298.0,43.4,0
225,car,4.5,road_loopA_f0,road_loopA_f1,2322.3,2474.9,152.6,1303.0,30.7,1
294,suv,4.8,road_loopA_r0,road_loopA_r1,2373.1,2476.3,103.2,1297.6,45.3,0
285,truck,8.5,road_loopA_r0,road_loopA_r1,2363.2,2476.4,113.2,1297.7,41.3,0
244,truck,8.5,road_loopA_f0,road_loopA_f1,2340.0,2477.6,137.6,1303.7,34.1,1
286,car,4.5,road_loopA_r0,road_loopA_r1,2363.8,2478.5,114.7,1297.6,40.7,0
251,truck,8.5,road_loopA_f0,road_loopA_f1,2343.5,2480.3,136.8,1304.0,34.3,1
296,car,4.5,road_loopA_r0,road_loopA_r1,2374.2,2481.2,107.0,1297.6,43.7,0
262,car,4.5,road_loopA_f0,road_loopA_f1,2349.0,2481.7,132.7,1303.6,35.4,1
271,car,4.5,road_loopA_r0,road_loopA_r1,2355.4,2481.8,126.4,1298.1,37.0,0
299,car,4.5,road_loopA_r0,road_loopA_r1,2374.6,2482.9,108.3,1297.6,43.1,0
278,car,4.5,road_loopA_r0,road_loopA_r1,2359.4,2483.4,124.0,1297.5,37.7,0
267,suv,4.8,road_loopA_f0,road_loopA_f1,2353.7,2483.5,129.8,1303.5,36.1,1
309,car,4.5,road_loopA_r0,road_loopA_r1,2382.5,2483.8,101.3,1298.5,46.1,0
306,car,4.5,road_loopA_r0,road_loopA_r1,2378.2,2484.6,106.4,1297.5,43.9,0
284,car,4.5,road_loopA_r0,road_loopA_r1,2363.1,2485.3,122.2,1297.8,38.2,0
263,suv,4.8,road_loopA_f0,road_loopA_f1,2349.2,2485.6,136.4,1304.2,34.4,1
320,suv,4.8,road_loopA_r0,road_loopA_r1,2394.1,2485.7,91.6,1298.7,51.0,0
312,suv,4.8,road_loopA_r0,road_loopA_r1,2386.5,2486.4,99.9,1298.5,46.8,0
297,car,4.5,road_loopA_r0,road_loopA_r1,2374.3,2487.1,112.8,1298.0,41.4,0
282,car,4.5,road_loopA_f0,road_loopA_f1,2362.3,2487.2,124.9,1303.5,37.6,1
258,car,4.5,xloopA_0Ba,road_loopA_f1,2347.8,2487.5,139.7,902.7,23.3,0
322,car,4.5,road_loopA_r0,road_loopA_r1,2397.1,2488.1,91.0,1297.8,51.3,0
302,car,4.5,road_loopA_r0,road_loopA_r1,2377.1,2488.8,111.7,1297.3,41.8,0
289,car,4.5,road_loopA_f0,road_loopA_f1,2367.3,2489.2,121.9,1303.9,38.5,1
199,car,4.5,xloopA_0Aa,road_loopA_f1,2302.8,2489.4,186.6,872.1,16.8,1
290,car,4.5,xloopA_0Ba,road_loopA_f1,2367.5,2489.6,122.1,903.0,26.6,0
308,car,4.5,road_loopA_r0,road_loopA_r1,2380.1,2490.6,110.5,1297.6,42.3,0
313,suv,4.8,road_loopA_r0,road_loopA_r1,2388.8,2490.6,101.8,1298.3,45.9,0
229,suv,4.8,road_loopA_f0,road_loopA_f1,2325.7,2491.1,165.4,1303.5,28.4,1
233,car,4.5,road_loopA_f0,road_loopA_f1,2328.2,2491.1,162.9,1303.8,28.8,1
260,car,4.5,road_loopA_f0,road_loopA_f1,2348.6,2491.8,143.2,1303.3,32.8,1
321,car,4.5,road_loopA_r0,road_loopA_r1,2394.7,2492.4,97.7,1297.9,47.8,0
250,car,4.5,road_loopA_f0,road_loopA_f1,2343.3,2492.7,149.4,1303.5,31.4,1
323,suv,4.8,road_loopA_r0,road_loopA_r1,2397.2,2492.7,95.5,1297.6,48.9,0
317,car,4.5,road_loopA_f0,xloopA_0Ab,2391.6,2492.9,101.3,505.2,18.0,1
264,suv,4.8,road_loopA_f0,road_loopA_f1,2349.9,2493.4,143.5,1302.9,32.7,1
202,truck,8.5,road_loopA_r0,xloopA_0Bb,2306.0,2493.7,187.7,895.6,17.2,1
272,car,4.5,road_loopA_f0,road_loopA_f1,2355.8,2494.0,138.2,1303.0,33.9,1
253,car,4.5,road_loopA_f0,road_loopA_f1,2346.1,2494.3,148.2,1303.1,31.7,1
295,car,4.5,road_loopA_f0,road_loopA_f1,2373.4,2495.1,121.7,1302.8,38.5,1
325,car,4.5,road_loopA_r0,road_loopA_r1,2399.2,2495.9,96.7,1297.3,48.3,0
277,car,4.5,road_loopA_f0,road_loopA_f1,2359.3,2496.2,136.9,1302.8,34.3,1
304,car,4.5,road_loopA_f0,road_loopA_f1,2377.3,2496.5,119.2,1303.5,39.4,1
210,truck,8.5,road_loopA_r0,xloopA_0Bb,2310.0,2497.5,187.5,895.6,17.2,1
330,car,4.5,road_loopA_r0,road_loopA_r1,2407.6,2497.7,90.1,1298.3,51.9,0
261,truck,8.5,road_loopA_f0,road_loopA_f1,2348.7,2498.8,150.1,1303.1,31.3,1
314,suv,4.8,road_loopA_f0,road_loopA_f1,2389.6,2498.9,109.3,1303.6,42.9,0
331,car,4.5,road_loopA_r0,road_loopA_r1,2408.4,2499.1,90.7,1298.4,51.5,0
218,suv,4.8,road_loopA_r0,xloopA_0Bb,2313.5,2500.6,187.1,895.9,17.2,1
329,car,4.5,road_loopA_f0,road_loopA_f1,2407.1,2500.7,93.6,1303.3,50.1,0
270,car,4.5,road_loopA_f0,road_loopA_f1,2355.1,2500.8,145.7,1303.7,32.2,1
211,car,4.5,xloopA_0Aa,road_loopA_f1,2310.2,2501.2,191.0,872.3,16.4,0
276,car,4.5,road_loopA_f0,road_loopA_f1,2357.9,2502.7,144.8,1303.2,32.4,1
315,car,4.5,road_loopA_f0,road_loopA_f1,2390.1,2502.7,112.6,1303.6,41.7,0
335,car,4.5,road_loopA_r0,road_loopA_r1,2410.4,2502.7,92.3,1297.4,50.6,0
236,car,4.5,road_loopA_r0,xloopA_0Bb,2329.0,2503.3,174.3,895.8,18.5,1
256,truck,8.5,road_loopA_f0,road_loopA_f1,2347.3,2503.4,156.1,1303.5,30.1,1
324,car,4.5,road_loopA_r0,road_loopA_r1,2397.5,2504.3,106.8,1298.0,43.7,0
280,car,4.5,road_loopA_f0,road_loopA_f1,2360.9,2504.5,143.6,1303.2,32.7,1
337,car,4.5,road_loopA_r0,road_loopA_r1,2411.5,2504.5,93.0,1298.3,50.2,0
341,suv,4.8,road_loopA_f0,road_loopA_f1,2414.8,2504.6,89.8,1303.9,52.3,0
307,car,4.5,road_loopA_f0,road_loopA_f1,2379.9,2505.4,125.5,1303.5,37.4,1
338,suv,4.8,road_loopA_r0,road_loopA_r1,2412.9,2506.2,93.3,1297.9,50.1,0
287,truck,8.5,road_loopA_f0,road_loopA_f1,2365.2,2506.6,141.4,1302.9,33.2,1
292,car,4.5,road_loopA_f0,road_loopA_f1,2370.9,2507.1,136.2,1303.8,34.5,1
336,suv,4.8,road_loopA_r0,road_loopA_r1,2410.3,2507.5,97.2,1297.8,48.1,0
334,car,4.5,road_loopA_f0,road_loopA_f1,2410.3,2507.6,97.3,1303.0,48.2,0
332,car,4.5,xloopA_0Aa,xloopA_0Ab,2408.6,2508.2,99.6,84.6,3.1,1
343,truck,8.5,road_loopA_f0,road_loopA_f1,2416.6,2508.4,91.8,1303.3,51.1,0
301,car,4.5,xloopA_0Ba,xloopA_0Bb,2376.3,2508.6,132.3,84.7,2.3,1
300,car,4.5,road_loopA_f0,road_loopA_f1,2375.3,2509.0,133.7,1302.8,35.1,1
347,car,4.5,road_loopA_r0,road_loopA_r1,2419.5,2509.2,89.7,1297.9,52.1,0
318,truck,8.5,road_loopA_f0,road_loopA_f1,2391.5,2509.3,117.8,1303.7,39.8,0
305,car,4.5,road_loopA_f0,road_loopA_f1,2377.5,2510.8,133.3,1304.0,35.2,0
344,car,4.5,xloopA_0Aa,xloopA_0Ab,2417.4,2511.1,93.7,84.4,3.2,1
310,car,4.5,road_loopA_f0,road_loopA_f1,2383.9,2511.5,127.6,1303.2,36.8,0
326,car,4.5,road_loopA_f0,road_loopA_f1,2401.2,2514.6,113.4,1303.0,41.4,0
348,car,4.5,road_loopA_f0,road_loopA_f1,2421.7,2514.8,93.1,1303.1,50.4,0
340,car,4.5,road_loopA_f0,road_loopA_f1,2413.7,2516.0,102.3,1304.0,45.9,0
352,car,4.5,road_loopA_f0,road_loopA_f1,2425.5,2516.6,91.1,1303.7,51.5,0
316,car,4.5,xloopA_0Ba,xloopA_0Bb,2390.6,2517.3,126.7,84.7,2.4,0
349,car,4.5,road_loopA_f0,road_loopA_f1,2423.4,2517.5,94.1,1303.3,49.9,0
354,car,4.5,road_loopA_f0,road_loopA_f1,2428.7,2519.1,90.4,1303.7,51.9,0
367,car,4.5,xloopA_0Ba,xloopA_0Bb,2445.2,2519.3,74.1,84.8,4.1,0
355,car,4.5,road_loopA_f0,road_loopA_f1,2430.6,2521.6,91.0,1303.1,51.6,0
333,car,4.5,road_loopA_f0,road_loopA_f1,2408.8,2521.9,113.1,1303.1,41.5,0
397,car,4.5,xloopA_0Ba,xloopA_0Bb,2464.9,2522.9,58.0,84.2,5.2,0
351,car,4.5,road_loopA_f0,road_loopA_f1,2425.0,2525.1,100.1,1303.6,46.9,0
358,car,4.5,road_loopA_f0,road_loopA_f1,2435.4,2526.3,90.9,1304.0,51.6,0
360,suv,4.8,road_loopA_f0,road_loopA_f1,2437.3,2528.0,90.7,1304.0,51.8,0
363,car,4.5,road_loopA_f0,road_loopA_f1,2439.2,2529.7,90.5,1303.1,51.8,0
364,car,4.5,road_loopA_f0,road_loopA_f1,2439.4,2531.5,92.1,1304.2,51.0,0
362,car,4.5,road_loopA_f0,road_loopA_f1,2437.8,2531.9,94.1,1302.8,49.8,0
369,car,4.5,road_loopA_f0,road_loopA_f1,2445.6,2534.9,89.3,1303.1,52.5,0
370,suv,4.8,road_loopA_f0,road_loopA_f1,2446.4,2535.8,89.4,1303.3,52.5,0
357,truck,8.5,road_loopA_f0,road_loopA_f1,2434.8,2539.8,105.0,1303.8,44.7,0
405,car,4.5,road_loopA_f0,xloopA_0Bb,2472.0,2546.3,74.3,478.6,23.2,1
327,truck,8.5,road_loopA_r0,xloopA_0Ab,2402.9,2547.0,144.1,869.0,21.7,3
403,car,4.5,road_loopA_r0,xloopA_0Ab,2471.6,2551.2,79.6,869.2,39.3,0
394,car,4.5,road_loopA_r0,xloopA_0Ab,2459.8,2554.2,94.4,869.5,33.2,1
303,car,4.5,xloopA_0Ba,road_loopA_r1,2377.4,2558.8,181.4,476.5,9.5,1
353,car,4.5,road_loopA_r0,road_loopA_r1,2427.3,2562.8,135.5,1298.1,34.5,1
356,suv,4.8,road_loopA_r0,road_loopA_r1,2433.0,2565.6,132.6,1297.8,35.2,1
311,car,4.5,xloopA_0Ba,road_loopA_r1,2384.2,2566.6,182.4,476.4,9.4,1
366,suv,4.8,road_loopA_r0,road_loopA_r1,2443.1,2569.3,126.2,1297.3,37.0,1
345,suv,4.8,road_loopA_r0,road_loopA_r1,2418.4,2570.8,152.4,1298.1,30.7,1
328,truck,8.5,road_loopA_r0,road_loopA_r1,2406.9,2572.2,165.3,1298.3,28.3,1
385,suv,4.8,road_loopA_r0,road_loopA_r1,2453.2,2572.3,119.1,1298.0,39.2,1
361,car,4.5,road_loopA_r0,road_loopA_r1,2437.5,2572.5,135.0,1298.0,34.6,1
365,car,4.5,road_loopA_r0,road_loopA_r1,2439.5,2574.1,134.6,1298.1,34.7,1
374,suv,4.8,road_loopA_r0,road_loopA_r1,2447.4,2574.2,126.8,1297.5,36.8,1
387,suv,4.8,road_loopA_r0,road_loopA_r1,2454.7,2574.9,120.2,1298.1,38.9,1
359,suv,4.8,road_loopA_r0,road_loopA_r1,2436.4,2576.0,139.6,1298.0,33.5,1
376,suv,4.8,road_loopA_r0,road_loopA_r1,2448.7,2576.0,127.3,1298.4,36.7,1
395,car,4.5,road_loopA_r0,road_loopA_r1,2461.2,2577.6,116.4,1297.4,40.1,1
368,car,4.5,road_loopA_r0,road_loopA_r1,2445.5,2577.7,132.2,1297.8,35.3,1
380,car,4.5,road_loopA_r0,road_loopA_r1,2450.7,2579.4,128.7,1298.5,36.3,1
435,car,4.5,road_loopA_r0,xloopA_0Ab,2507.4,2579.4,72.0,868.9,43.5,0
390,car,4.5,road_loopA_r0,road_loopA_r1,2456.4,2580.8,124.4,1297.9,37.6,1
404,car,4.5,road_loopA_r0,road_loopA_r1,2472.0,2581.6,109.6,1298.7,42.6,0
406,suv,4.8,road_loopA_r0,road_loopA_r1,2474.2,2584.7,110.5,1298.7,42.3,0
398,truck,8.5,road_loopA_r0,road_loopA_r1,2465.0,2585.9,120.9,1297.6,38.6,0
413,car,4.5,road_loopA_r0,road_loopA_r1,2493.2,2586.4,93.2,1297.4,50.1,0
410,car,4.5,road_loopA_r0,road_loopA_r1,2482.3,2587.8,105.5,1297.4,44.3,0
378,car,4.5,road_loopA_r0,road_loopA_r1,2449.6,2588.2,138.6,1297.3,33.7,1
372,suv,4.8,road_loopA_f0,road_loopA_f1,2447.1,2589.6,142.5,1302.8,32.9,1
409,car,4.5,road_loopA_r0,road_loopA_r1,2480.0,2589.6,109.6,1298.4,42.6,0
422,car,4.5,road_loopA_r0,road_loopA_r1,2498.7,2589.7,91.0,1297.6,51.3,0
381,suv,4.8,road_loopA_r0,road_loopA_r1,2451.0,2590.1,139.1,1297.8,33.6,1
415,car,4.5,road_loopA_r0,road_loopA_r1,2494.1,2591.3,97.2,1297.9,48.1,0
426,car,4.5,road_loopA_r0,road_loopA_r1,2500.4,2591.5,91.1,1297.8,51.3,0
420,car,4.5,road_loopA_r0,road_loopA_r1,2495.8,2591.8,96.0,1298.2,48.7,0
371,suv,4.8,road_loopA_f0,road_loopA_f1,2446.7,2592.7,146.0,1303.0,32.1,1
379,car,4.5,road_loopA_f0,road_loopA_f1,2450.8,2592.8,142.0,1303.1,33.0,1
421,car,4.5,road_loopA_r0,road_loopA_r1,2496.3,2593.1,96.8,1298.4,48.3,0
423,suv,4.8,road_loopA_r0,road_loopA_r1,2498.7,2593.4,94.7,1297.5,49.3,0
431,car,4.5,road_loopA_r0,road_loopA_r1,2503.4,2594.8,91.4,1297.9,51.1,0
375,car,4.5,road_loopA_f0,road_loopA_f1,2448.6,2596.0,147.4,1303.4,31.8,1
388,car,4.5,road_loopA_f0,road_loopA_f1,2455.1,2596.3,141.2,1303.5,33.2,1
384,car,4.5,road_loopA_f0,road_loopA_f1,2452.9,2597.7,144.8,1302.9,32.4,1
373,truck,8.5,road_loopA_f0,road_loopA_f1,2447.4,2597.8,150.4,1302.8,31.2,1
439,car,4.5,road_loopA_r0,road_loopA_r1,2509.6,2598.5,88.9,1297.3,52.5,0
396,car,4.5,road_loopA_f0,road_loopA_f1,2463.2,2599.3,136.1,1303.0,34.5,1
391,car,4.5,road_loopA_f0,road_loopA_f1,2457.4,2599.5,142.1,1303.4,33.0,1
377,car,4.5,road_loopA_f0,road_loopA_f1,2449.0,2599.8,150.8,1303.5,31.1,1
399,car,4.5,road_loopA_f0,road_loopA_f1,2466.5,2601.2,134.7,1303.9,34.9,1
428,truck,8.5,road_loopA_r0,road_loopA_r1,2501.3,2601.8,100.5,1298.2,46.5,0
386,suv,4.8,road_loopA_f0,road_loopA_f1,2453.3,2602.1,148.8,1303.8,31.6,1
382,car,4.5,road_loopA_f0,road_loopA_f1,2451.8,2603.2,151.4,1303.6,31.0,1
446,suv,4.8,road_loopA_r0,road_loopA_r1,2515.8,2604.8,89.0,1298.7,52.5,0
389,car,4.5,road_loopA_f0,road_loopA_f1,2455.4,2606.0,150.6,1303.1,31.2,1
429,truck,8.5,road_loopA_r0,xloopA_0Ab,2501.6,2606.0,104.4,869.1,30.0,1
401,car,4.5,road_loopA_f0,road_loopA_f1,2469.9,2608.9,139.0,1302.8,33.8,1
441,suv,4.8,road_loopA_f0,road_loopA_f1,2510.3,2611.7,101.4,1304.0,46.3,0
407,car,4.5,road_loopA_f0,road_loopA_f1,2474.4,2612.6,138.2,1303.5,34.0,1
393,car,4.5,road_loopA_f0,road_loopA_f1,2459.7,2614.0,154.3,1303.9,30.4,1
402,car,4.5,road_loopA_f0,road_loopA_f1,2471.3,2615.7,144.4,1303.4,32.5,1
408,suv,4.8,road_loopA_f0,road_loopA_f1,2477.5,2616.4,138.9,1303.8,33.8,1
411,truck,8.5,road_loopA_f0,road_loopA_f1,2484.8,2616.4,131.6,1303.7,35.7,1
451,car,4.5,road_loopA_r0,road_loopA_r1,2521.6,2617.0,95.4,1297.9,49.0,0
412,car,4.5,road_loopA_f0,xloopA_0Ab,2490.8,2617.7,126.9,505.1,14.3,1
443,suv,4.8,road_loopA_f0,road_loopA_f1,2511.7,2618.4,106.7,1304.0,44.0,0
275,truck,8.5,road_loopA_r0,xloopA_0Bb,2357.7,2618.5,260.8,895.9,12.4,2
414,car,4.5,road_loopA_f0,road_loopA_f1,2493.2,2618.8,125.6,1303.9,37.4,0
434,car,4.5,road_loopA_r0,road_loopA_r1,2506.3,2619.0,112.7,1297.4,41.4,0
457,car,4.5,road_loopA_r0,road_loopA_r1,2525.9,2619.0,93.1,1297.3,50.2,0
418,car,4.5,road_loopA_f0,road_loopA_f1,2495.2,2620.1,124.9,1303.0,37.6,1
417,car,4.5,road_loopA_f0,road_loopA_f1,2494.5,2620.5,126.0,1303.7,37.2,0
400,car,4.5,road_loopA_f0,road_loopA_f1,2469.9,2620.8,150.9,1303.8,31.1,1
465,truck,8.5,road_loopA_f0,xloopA_0Ab,2529.4,2621.1,91.7,505.1,19.8,1
445,truck,8.5,road_loopA_r0,road_loopA_r1,2515.4,2621.2,105.8,1298.0,44.2,0
319,car,4.5,road_loopA_r0,xloopA_0Bb,2391.6,2621.4,229.8,895.5,14.0,2
430,car,4.5,road_loopA_f0,road_loopA_f1,2502.1,2621.9,119.8,1303.9,39.2,0
432,suv,4.8,road_loopA_f0,road_loopA_f1,2504.3,2622.3,118.0,1303.8,39.8,0
416,car,4.5,road_loopA_f0,road_loopA_f1,2494.3,2622.4,128.1,1302.9,36.6,1
470,car,4.5,road_loopA_r0,road_loopA_r1,2532.8,2622.4,89.6,1297.4,52.1,0
461,car,4.5,road_loopA_r0,road_loopA_r1,2528.2,2622.5,94.3,1297.8,49.5,0
454,car,4.5,road_loopA_r0,road_loopA_r1,2522.8,2623.1,100.3,1297.4,46.6,0
437,car,4.5,road_loopA_f0,road_loopA_f1,2508.6,2623.6,115.0,1303.3,40.8,0
339,car,4.5,road_loopA_r0,xloopA_0Bb,2413.3,2624.1,210.8,895.8,15.3,2
419,car,4.5,road_loopA_f0,road_loopA_f1,2495.4,2624.1,128.7,1302.8,36.4,1
480,car,4.5,road_loopA_f0,xloopA_0Ab,2536.4,2624.2,87.8,505.4,20.7,1
425,suv,4.8,road_loopA_f0,road_loopA_f1,2500.0,2625.0,125.0,1303.7,37.5,0
474,car,4.5,road_loopA_r0,road_loopA_r1,2534.1,2625.0,90.9,1298.7,51.5,0
440,car,4.5,road_loopA_f0,road_loopA_f1,2510.1,2625.4,115.3,1304.0,40.7,0
427,car,4.5,road_loopA_f0,road_loopA_f1,2500.7,2625.9,125.2,1303.7,37.5,0
436,truck,8.5,road_loopA_f0,road_loopA_f1,2508.5,2626.4,117.9,1302.9,39.8,0
342,car,4.5,road_loopA_r0,xloopA_0Bb,2414.8,2626.7,211.9,895.5,15.2,2
504,suv,4.8,road_loopA_f0,xloopA_0Ab,2558.3,2626.9,68.6,505.6,26.6,1
438,car,4.5,road_loopA_f0,road_loopA_f1,2508.9,2627.1,118.2,1303.2,39.7,0
462,suv,4.8,road_loopA_r0,road_loopA_r1,2528.4,2627.5,99.1,1297.8,47.1,0
442,truck,8.5,road_loopA_f0,road_loopA_f1,2511.0,2628.1,117.1,1303.6,40.1,0
453,truck,8.5,road_loopA_r0,road_loopA_r1,2522.3,2628.2,105.9,1297.3,44.1,0
448,suv,4.8,road_loopA_f0,road_loopA_f1,2518.9,2628.9,110.0,1304.0,42.7,0
459,car,4.5,road_loopA_r0,road_loopA_r1,2526.0,2630.1,104.1,1297.3,44.9,0
484,car,4.5,road_loopA_r0,road_loopA_r1,2541.0,2630.3,89.3,1298.1,52.3,0
455,car,4.5,road_loopA_f0,road_loopA_f1,2523.6,2631.0,107.4,1303.1,43.7,0
475,suv,4.8,road_loopA_r0,road_loopA_r1,2534.2,2631.0,96.8,1298.6,48.3,0
478,car,4.5,road_loopA_r0,road_loopA_r1,2535.8,2631.9,96.1,1298.6,48.7,0
512,car,4.5,xloopA_0Aa,xloopA_0Ab,2567.0,2633.8,66.8,84.5,4.6,1
444,car,4.5,road_loopA_f0,road_loopA_f1,2514.2,2634.4,120.2,1303.0,39.0,0
519,car,4.5,xloopA_0Aa,xloopA_0Ab,2575.3,2635.9,60.6,84.0,5.0,1
458,car,4.5,road_loopA_f0,road_loopA_f1,2526.1,2636.2,110.1,1303.1,42.6,0
483,car,4.5,road_loopA_f0,road_loopA_f1,2539.3,2638.2,98.9,1303.8,47.5,0
469,car,4.5,road_loopA_f0,road_loopA_f1,2531.8,2639.9,108.1,1303.2,43.4,0
557,car,4.5,xloopA_0Ba,xloopA_0Bb,2611.4,2641.2,29.8,84.7,10.2,0
481,suv,4.8,road_loopA_f0,road_loopA_f1,2538.2,2641.9,103.7,1303.4,45.2,0
433,car,4.5,road_loopA_f0,road_loopA_f1,2504.5,2643.4,138.9,1302.9,33.8,0
472,car,4.5,road_loopA_f0,road_loopA_f1,2533.4,2643.8,110.4,1303.0,42.5,0
447,suv,4.8,road_loopA_f0,road_loopA_f1,2516.3,2645.2,128.9,1302.9,36.4,0
450,car,4.5,road_loopA_f0,road_loopA_f1,2521.4,2645.2,123.8,1303.7,37.9,0
476,suv,4.8,road_loopA_f0,road_loopA_f1,2535.6,2646.0,110.4,1303.5,42.5,0
466,car,4.5,road_loopA_f0,road_loopA_f1,2530.0,2646.8,116.8,1303.3,40.2,0
449,car,4.5,road_loopA_f0,road_loopA_f1,2520.1,2647.0,126.9,1303.4,37.0,0
477,car,4.5,road_loopA_f0,road_loopA_f1,2535.8,2648.5,112.7,1303.5,41.6,0
452,suv,4.8,road_loopA_f0,road_loopA_f1,2522.3,2648.6,126.3,1302.9,37.1,0
497,suv,4.8,road_loopA_f0,road_loopA_f1,2550.7,2648.6,97.9,1303.7,47.9,0
479,suv,4.8,road_loopA_f0,road_loopA_f1,2536.0,2650.2,114.2,1303.5,41.1,0
464,car,4.5,road_loopA_f0,road_loopA_f1,2529.1,2650.4,121.3,1303.5,38.7,0
499,car,4.5,road_loopA_f0,road_loopA_f1,2552.5,2650.4,97.9,1302.9,47.9,0
487,car,4.5,road_loopA_f0,road_loopA_f1,2543.5,2652.0,108.5,1304.0,43.3,0
467,suv,4.8,road_loopA_f0,road_loopA_f1,2530.5,2652.2,121.7,1303.4,38.6,0
500,car,4.5,road_loopA_r0,xloopA_0Ab,2552.9,2652.7,99.8,869.0,31.3,1
495,car,4.5,road_loopA_f0,road_loopA_f1,2548.2,2653.1,104.9,1302.8,44.7,0
473,car,4.5,road_loopA_f0,road_loopA_f1,2533.8,2654.0,120.2,1303.8,39.1,0
543,car,4.5,road_loopA_f0,xloopA_0Bb,2596.0,2654.2,58.2,478.8,29.6,1
501,car,4.5,road_loopA_f0,road_loopA_f1,2554.7,2654.4,99.7,1304.1,47.1,0
489,car,4.5,road_loopA_f0,road_loopA_f1,2543.7,2655.1,111.4,1303.3,42.1,0
511,car,4.5,road_loopA_f0,road_loopA_f1,2563.5,2656.0,92.5,1303.2,50.7,0
468,suv,4.8,road_loopA_f0,road_loopA_f1,2530.7,2657.6,126.9,1303.6,37.0,0
392,bus,11.0,road_loopA_f0,road_loopA_f1,2457.5,2661.8,204.3,1303.8,23.0,3
383,bus,11.0,road_loopA_f0,road_loopA_f1,2452.1,2662.0,209.9,1303.1,22.3,3
513,car,4.5,road_loopA_f0,road_loopA_f1,2567.5,2664.3,96.8,1303.6,48.5,0
498,car,4.5,road_loopA_f0,road_loopA_f1,2551.8,2665.0,113.2,1303.6,41.5,0
572,car,4.5,road_loopA_f0,xloopA_0Bb,2622.6,2665.2,42.6,478.7,40.4,0
503,suv,4.8,road_loopA_f0,road_loopA_f1,2557.0,2665.8,108.8,1303.2,43.1,0
518,car,4.5,road_loopA_f0,road_loopA_f1,2571.9,2666.3,94.4,1303.7,49.7,0
575,car,4.5,road_loopA_f0,xloopA_0Bb,2623.1,2667.8,44.7,478.5,38.5,0
490,car,4.5,road_loopA_f0,road_loopA_f1,2543.9,2669.3,125.4,1303.3,37.4,0
593,car,4.5,road_loopA_f0,xloopA_0Bb,2637.7,2677.4,39.7,478.7,43.4,0
494,car,4.5,road_loopA_r0,road_loopA_r1,2545.7,2680.1,134.4,1297.6,34.8,1
597,suv,4.8,road_loopA_f0,xloopA_0Bb,2640.6,2680.7,40.1,478.9,43.0,0
506,car,4.5,road_loopA_r0,road_loopA_r1,2558.7,2683.1,124.4,1297.6,37.5,1
492,suv,4.8,road_loopA_r0,road_loopA_r1,2544.6,2683.6,139.0,1298.2,33.6,1
491,car,4.5,xloopA_0Ba,road_loopA_r1,2544.3,2684.9,140.6,477.0,12.2,1
502,car,4.5,road_loopA_r0,road_loopA_r1,2555.9,2685.3,129.4,1298.5,36.1,1
509,suv,4.8,road_loopA_r0,road_loopA_r1,2561.8,2685.8,124.0,1297.9,37.7,1
486,car,4.5,road_loopA_r0,road_loopA_r1,2542.6,2686.8,144.2,1297.7,32.4,1
560,suv,4.8,road_loopA_r0,xloopA_0Ab,2612.9,2686.9,74.0,869.3,42.3,0
496,suv,4.8,road_loopA_r0,road_loopA_r1,2549.3,2688.1,138.8,1298.0,33.7,1
493,car,4.5,road_loopA_r0,road_loopA_r1,2545.4,2688.5,143.1,1298.4,32.7,1
515,suv,4.8,road_loopA_r0,road_loopA_r1,2567.8,2688.6,120.8,1298.3,38.7,1
508,car,4.5,road_loopA_r0,road_loopA_r1,2560.8,2689.9,129.1,1297.3,36.2,1
542,car,4.5,road_loopA_r0,xloopA_0Ab,2595.8,2690.2,94.4,869.0,33.1,1
505,car,4.5,road_loopA_r0,road_loopA_r1,2558.4,2690.3,131.9,1297.4,35.4,1
522,car,4.5,road_loopA_r0,road_loopA_r1,2578.9,2691.6,112.7,1297.8,41.5,1
517,car,4.5,road_loopA_r0,road_loopA_r1,2570.6,2691.7,121.1,1298.0,38.6,1
507,car,4.5,road_loopA_r0,road_loopA_r1,2558.9,2692.1,133.2,1298.5,35.1,1
554,car,4.5,road_loopA_r0,xloopA_0Ab,2609.4,2693.6,84.2,868.9,37.2,1
527,suv,4.8,road_loopA_r0,road_loopA_r1,2583.1,2693.7,110.6,1298.2,42.2,1
516,truck,8.5,road_loopA_r0,road_loopA_r1,2569.4,2694.2,124.8,1297.6,37.4,1
530,car,4.5,road_loopA_r0,road_loopA_r1,2586.5,2695.4,108.9,1297.5,42.9,1
520,car,4.5,road_loopA_r0,road_loopA_r1,2575.9,2696.3,120.4,1298.6,38.8,1
610,car,4.5,road_loopA_f0,xloopA_0Bb,2656.6,2696.6,40.0,478.8,43.1,0
533,car,4.5,road_loopA_r0,road_loopA_r1,2587.3,2698.1,110.8,1298.3,42.2,0
529,truck,8.5,road_loopA_r0,road_loopA_r1,2585.4,2701.6,116.2,1297.8,40.2,0
540,suv,4.8,road_loopA_r0,road_loopA_r1,2594.9,2701.8,106.9,1298.1,43.7,0
536,truck,8.5,road_loopA_r0,road_loopA_r1,2589.0,2704.2,115.2,1298.1,40.6,0
524,suv,4.8,road_loopA_r0,road_loopA_r1,2580.3,2704.9,124.6,1297.6,37.5,0
548,car,4.5,road_loopA_r0,road_loopA_r1,2606.1,2705.5,99.4,1298.4,47.0,0
531,suv,4.8,road_loopA_r0,road_loopA_r1,2586.9,2706.6,119.7,1297.4,39.0,0
541,car,4.5,road_loopA_r0,road_loopA_r1,2595.7,2706.7,111.0,1297.6,42.1,0
551,car,4.5,road_loopA_r0,road_loopA_r1,2607.0,2708.2,101.2,1298.1,46.2,0
534,car,4.5,road_loopA_r0,road_loopA_r1,2587.6,2708.5,120.9,1297.9,38.6,0
538,suv,4.8,road_loopA_r0,road_loopA_r1,2591.9,2709.6,117.7,1297.4,39.7,0
556,car,4.5,road_loopA_r0,road_loopA_r1,2611.2,2710.4,99.2,1297.6,47.1,0
550,car,4.5,road_loopA_r0,road_loopA_r1,2606.8,2711.0,104.2,1297.5,44.8,0
562,car,4.5,road_loopA_r0,road_loopA_r1,2615.0,2712.2,97.2,1297.3,48.0,0
553,car,4.5,road_loopA_r0,road_loopA_r1,2609.0,2712.8,103.8,1297.5,45.0,0
574,car,4.5,road_loopA_r0,road_loopA_r1,2622.9,2713.5,90.6,1297.9,51.6,0
569,car,4.5,road_loopA_r0,road_loopA_r1,2620.1,2713.9,93.8,1297.5,49.8,0
559,car,4.5,road_loopA_r0,road_loopA_r1,2612.2,2714.7,102.5,1298.0,45.6,0
525,car,4.5,road_loopA_f0,road_loopA_f1,2580.6,2715.6,135.0,1303.0,34.7,1
578,car,4.5,road_loopA_r0,road_loopA_r1,2625.7,2716.1,90.4,1298.0,51.7,0
563,suv,4.8,road_loopA_r0,road_loopA_r1,2615.3,2716.5,101.2,1298.2,46.2,0
488,bus,11.0,road_loopA_r0,road_loopA_r1,2543.5,2718.2,174.7,1297.4,26.7,3
528,car,4.5,road_loopA_f0,road_loopA_f1,2583.7,2718.7,135.0,1303.9,34.8,1
521,car,4.5,road_loopA_f0,road_loopA_f1,2578.8,2719.2,140.4,1303.4,33.4,1
586,car,4.5,road_loopA_r0,road_loopA_r1,2632.4,2721.3,88.9,1297.3,52.5,0
535,car,4.5,road_loopA_f0,road_loopA_f1,2588.1,2724.8,136.7,1303.1,34.3,1
587,suv,4.8,road_loopA_r0,road_loopA_r1,2632.5,2725.4,92.9,1297.4,50.3,0
570,car,4.5,road_loopA_r0,road_loopA_r1,2622.3,2726.2,103.9,1298.2,45.0,0
588,car,4.5,road_loopA_r0,road_loopA_r1,2632.8,2727.9,95.1,1298.4,49.2,0
523,car,4.5,road_loopA_f0,road_loopA_f1,2580.3,2729.5,149.2,1303.5,31.4,1
544,suv,4.8,road_loopA_f0,road_loopA_f1,2596.3,2730.5,134.2,1303.3,35.0,1
591,truck,8.5,road_loopA_r0,road_loopA_r1,2635.7,2731.2,95.5,1298.3,48.9,0
598,car,4.5,road_loopA_r0,road_loopA_r1,2640.7,2732.2,91.5,1298.1,51.1,0
549,car,4.5,road_loopA_f0,road_loopA_f1,2606.7,2732.4,125.7,1303.8,37.4,1
346,car,4.5,road_loopA_r0,xloopA_0Bb,2418.9,2733.2,314.3,895.3,10.3,3
596,car,4.5,road_loopA_r0,road_loopA_r1,2639.8,2733.2,93.4,1298.4,50.1,0
510,car,4.5,road_loopA_f0,xloopA_0Ab,2563.4,2733.8,170.4,505.4,10.7,2
460,car,4.5,xloopA_0Ba,road_loopA_f1,2526.3,2734.8,208.5,902.4,15.6,1
424,car,4.5,road_loopA_r0,xloopA_0Bb,2499.2,2735.8,236.6,895.3,13.6,2
605,car,4.5,road_loopA_r0,road_loopA_r1,2646.3,2736.2,89.9,1298.5,52.0,0
539,car,4.5,xloopA_0Aa,road_loopA_f1,2594.8,2736.5,141.7,872.3,22.2,1
547,car,4.5,road_loopA_f0,road_loopA_f1,2603.4,2736.5,133.1,1303.6,35.3,1
514,truck,8.5,road_loopA_f0,xloopA_0Ab,2567.8,2737.2,169.4,505.2,10.7,1
456,truck,8.5,road_loopA_r0,xloopA_0Bb,2523.9,2739.3,215.4,895.7,15.0,2
561,truck,8.5,road_loopA_f0,road_loopA_f1,2614.1,2739.3,125.2,1303.9,37.5,0
552,car,4.5,road_loopA_f0,road_loopA_f1,2607.7,2739.5,131.8,1303.9,35.6,1
565,suv,4.8,road_loopA_f0,road_loopA_f1,2616.8,2741.2,124.4,1303.8,37.7,0
567,car,4.5,road_loopA_f0,road_loopA_f1,2619.5,2741.6,122.1,1304.1,38.5,0
576,car,4.5,xloopA_0Aa,road_loopA_f1,2625.2,2742.1,116.9,872.0,26.9,0
463,car,4.5,road_loopA_r0,xloopA_0Bb,2528.8,2742.3,213.5,895.3,15.1,2
594,car,4.5,road_loopA_r0,road_loopA_r1,2638.8,2743.3,104.5,1298.2,44.7,0
642,car,4.5,road_loopA_f0,xloopA_0Ab,2698.1,2743.7,45.6,505.4,39.9,0
602,truck,8.5,road_loopA_r0,road_loopA_r1,2644.0,2743.9,99.9,1297.5,46.7,0
571,suv,4.8,road_loopA_f0,road_loopA_f1,2622.4,2744.6,122.2,1303.6,38.4,0
579,car,4.5,road_loopA_f0,road_loopA_f1,2626.4,2745.4,119.0,1303.3,39.4,0
526,car,4.5,road_loopA_f0,road_loopA_f1,2582.2,2748.9,166.7,1303.9,28.2,1
608,truck,8.5,road_loopA_r0,road_loopA_r1,2654.6,2749.1,94.5,1297.8,49.5,0
599,car,4.5,xloopA_0Ba,xloopA_0Bb,2642.0,2749.7,107.7,84.3,2.8,1
612,car,4.5,xloopA_0Aa,xloopA_0Ab,2663.2,2749.8,86.6,84.4,3.5,1
600,car,4.5,xloopA_0Ba,xloopA_0Bb,2642.1,2752.2,110.1,84.4,2.8,1
635,car,4.5,xloopA_0Aa,xloopA_0Ab,2685.3,2752.3,67.0,84.4,4.5,1
583,suv,4.8,road_loopA_f0,road_loopA_f1,2630.0,2754.0,124.0,1303.4,37.8,0
545,car,4.5,xloopA_0Ba,road_loopA_f1,2596.6,2754.4,157.8,902.6,20.6,0
640,car,4.5,xloopA_0Aa,xloopA_0Ab,2697.5,2754.4,56.9,84.5,5.3,1
657,car,4.5,xloopA_0Ba,xloopA_0Bb,2712.0,2755.1,43.1,84.3,7.0,0
577,car,4.5,road_loopA_f0,road_loopA_f1,2625.4,2756.0,130.6,1303.7,35.9,0
589,car,4.5,road_loopA_f0,road_loopA_f1,2633.5,2756.5,123.0,1302.8,38.1,0
665,car,4.5,xloopA_0Ba,xloopA_0Bb,2721.8,2757.9,36.1,84.6,8.4,0
603,car,4.5,road_loopA_f0,road_loopA_f1,2644.4,2758.4,114.0,1303.0,41.1,0
606,car,4.5,road_loopA_f0,road_loopA_f1,2652.8,2758.7,105.9,1303.0,44.3,0
679,car,4.5,xloopA_0Ba,xloopA_0Bb,2741.1,2759.7,18.6,84.5,16.4,0
609,car,4.5,road_loopA_f0,road_loopA_f1,2655.2,2760.6,105.4,1303.1,44.5,0
607,car,4.5,road_loopA_f0,road_loopA_f1,2653.9,2763.4,109.5,1303.2,42.8,0
604,car,4.5,road_loopA_f0,road_loopA_f1,2646.3,2765.2,118.9,1303.0,39.4,0
611,car,4.5,road_loopA_f0,road_loopA_f1,2659.3,2768.5,109.2,1303.6,43.0,0
613,car,4.5,road_loopA_f0,road_loopA_f1,2663.4,2770.7,107.3,1303.6,43.7,0
584,car,4.5,xloopA_0Aa,road_loopA_f1,2630.9,2772.3,141.4,872.0,22.2,0
618,car,4.5,road_loopA_f0,road_loopA_f1,2667.0,2772.5,105.5,1303.4,44.5,0
621,car,4.5,road_loopA_f0,road_loopA_f1,2668.4,2774.3,105.9,1303.1,44.3,0
485,car,4.5,xloopA_0Ba,road_loopA_f1,2542.6,2774.5,231.9,902.4,14.0,1
623,car,4.5,road_loopA_f0,road_loopA_f1,2671.5,2775.8,104.3,1303.4,45.0,0
532,suv,4.8,road_loopA_f0,road_loopA_f1,2587.0,2776.2,189.2,1303.4,24.8,1
546,car,4.5,road_loopA_f0,road_loopA_f1,2600.5,2777.6,177.1,1303.2,26.5,1
626,car,4.5,road_loopA_f0,road_loopA_f1,2672.5,2777.7,105.2,1303.7,44.6,0
537,car,4.5,road_loopA_f0,road_loopA_f1,2589.7,2777.9,188.2,1303.7,24.9,1
631,suv,4.8,road_loopA_f0,road_loopA_f1,2681.3,2779.2,97.9,1304.0,48.0,0
555,car,4.5,road_loopA_f0,road_loopA_f1,2610.4,2779.7,169.3,1303.4,27.7,0
633,car,4.5,road_loopA_f0,road_loopA_f1,2682.0,2780.9,98.9,1302.9,47.4,0
564,truck,8.5,road_loopA_f0,road_loopA_f1,2615.4,2782.0,166.6,1303.4,28.2,0
637,car,4.5,road_loopA_f0,road_loopA_f1,2687.8,2782.1,94.3,1303.0,49.7,0
632,car,4.5,road_loopA_f0,road_loopA_f1,2681.9,2783.9,102.0,1302.8,46.0,0
566,car,4.5,road_loopA_f0,road_loopA_f1,2618.0,2784.0,166.0,1302.9,28.3,0
581,suv,4.8,road_loopA_f0,road_loopA_f1,2627.6,2784.0,156.4,1303.9,30.0,0
568,car,4.5,road_loopA_f0,road_loopA_f1,2620.0,2786.0,166.0,1303.3,28.3,0
624,car,4.5,road_loopA_f0,road_loopA_f1,2671.6,2786.1,114.5,1303.3,41.0,0
585,car,4.5,road_loopA_f0,road_loopA_f1,2632.3,2786.9,154.6,1304.0,30.4,0
634,car,4.5,road_loopA_r0,xloopA_0Ab,2682.0,2787.3,105.3,868.9,29.7,1
573,car,4.5,road_loopA_f0,road_loopA_f1,2622.8,2787.7,164.9,1302.8,28.5,0
630,truck,8.5,road_loopA_f0,road_loopA_f1,2678.3,2788.3,110.0,1303.0,42.6,0
590,suv,4.8,road_loopA_f0,road_loopA_f1,2634.6,2788.6,154.0,1303.3,30.5,0
582,suv,4.8,road_loopA_f0,road_loopA_f1,2629.8,2789.6,159.8,1304.1,29.4,0
622,car,4.5,road_loopA_f0,road_loopA_f1,2670.6,2790.4,119.8,1304.0,39.2,0
643,car,4.5,road_loopA_r0,xloopA_0Ab,2698.7,2790.8,92.1,868.9,34.0,0
601,suv,4.8,road_loopA_f0,road_loopA_f1,2643.4,2791.0,147.6,1303.6,31.8,0
595,truck,8.5,road_loopA_f0,road_loopA_f1,2639.9,2791.9,152.0,1303.9,30.9,0
619,car,4.5,road_loopA_f0,road_loopA_f1,2667.1,2794.3,127.2,1304.0,36.9,0
614,truck,8.5,road_loopA_f0,road_loopA_f1,2664.2,2795.3,131.1,1302.8,35.8,0
580,bus,11.0,road_loopA_f0,road_loopA_f1,2627.1,2801.2,174.1,1303.6,27.0,2
638,car,4.5,xloopA_0Ba,road_loopA_r1,2693.9,2802.9,109.0,476.8,15.8,1
671,suv,4.8,road_loopA_r0,xloopA_0Ab,2730.7,2805.8,75.1,868.8,41.7,0
620,car,4.5,road_loopA_r0,road_loopA_r1,2668.0,2805.9,137.9,1297.9,33.9,1
616,car,4.5,road_loopA_r0,road_loopA_r1,2665.8,2806.1,140.3,1297.5,33.3,1
615,suv,4.8,road_loopA_r0,road_loopA_r1,2664.1,2806.8,142.7,1297.8,32.8,1
627,car,4.5,road_loopA_r0,road_loopA_r1,2674.1,2807.8,133.7,1297.3,34.9,1
617,car,4.5,road_loopA_r0,road_loopA_r1,2666.6,2808.5,141.9,1297.8,32.9,1
660,car,4.5,road_loopA_r0,xloopA_0Ab,2715.2,2809.1,93.9,869.2,33.3,1
629,car,4.5,road_loopA_r0,road_loopA_r1,2675.3,2809.6,134.3,1297.7,34.8,1
628,suv,4.8,road_loopA_r0,road_loopA_r1,2675.0,2810.0,135.0,1298.1,34.6,1
625,car,4.5,road_loopA_r0,road_loopA_r1,2672.1,2811.3,139.2,1297.9,33.6,1
639,car,4.5,road_loopA_r0,road_loopA_r1,2697.2,2811.6,114.4,1298.0,40.9,1
641,suv,4.8,road_loopA_r0,road_loopA_r1,2697.7,2813.0,115.3,1298.5,40.6,1
648,truck,8.5,road_loopA_r0,road_loopA_r1,2705.5,2815.1,109.6,1297.3,42.6,0
645,car,4.5,road_loopA_r0,road_loopA_r1,2702.1,2816.7,114.6,1298.1,40.8,1
658,suv,4.8,road_loopA_r0,road_loopA_r1,2711.9,2817.2,105.3,1297.9,44.4,0
649,car,4.5,road_loopA_r0,road_loopA_r1,2705.8,2817.3,111.5,1297.4,41.9,0
652,suv,4.8,road_loopA_r0,road_loopA_r1,2706.2,2818.4,112.2,1297.7,41.7,0
663,suv,4.8,road_loopA_r0,road_loopA_r1,2718.2,2818.9,100.7,1297.3,46.4,0
654,suv,4.8,road_loopA_r0,road_loopA_r1,2707.9,2820.1,112.2,1297.5,41.6,1
659,car,4.5,road_loopA_r0,road_loopA_r1,2713.5,2821.6,108.1,1298.2,43.2,0
668,truck,8.5,road_loopA_r0,road_loopA_r1,2725.1,2823.7,98.6,1298.0,47.4,0
672,suv,4.8,road_loopA_r0,road_loopA_r1,2731.4,2825.7,94.3,1298.2,49.5,0
661,bus,11.0,road_loopA_r0,road_loopA_r1,2716.6,2826.9,110.3,1298.2,42.4,0
673,suv,4.8,road_loopA_r0,road_loopA_r1,2732.0,2831.5,99.5,1297.6,46.9,0
676,car,4.5,road_loopA_r0,road_loopA_r1,2734.0,2831.7,97.7,1297.8,47.8,0
675,car,4.5,road_loopA_r0,road_loopA_r1,2732.4,2831.9,99.5,1298.1,47.0,0
651,car,4.5,road_loopA_f0,road_loopA_f1,2706.0,2832.6,126.6,1303.0,37.1,1
677,car,4.5,road_loopA_r0,road_loopA_r1,2738.4,2833.6,95.2,1297.8,49.1,0
682,suv,4.8,road_loopA_r0,road_loopA_r1,2745.8,2834.8,89.0,1297.3,52.5,0
656,suv,4.8,road_loopA_f0,road_loopA_f1,2709.3,2835.4,126.1,1303.6,37.2,1
664,car,4.5,road_loopA_f0,road_loopA_f1,2718.5,2837.3,118.8,1303.0,39.5,1
706,car,4.5,road_loopA_r0,xloopA_0Ab,2764.5,2837.4,72.9,869.0,42.9,0
644,car,4.5,road_loopA_f0,road_loopA_f1,2698.8,2839.1,140.3,1303.3,33.4,1
667,suv,4.8,road_loopA_f0,road_loopA_f1,2724.4,2839.1,114.7,1303.0,40.9,1
688,suv,4.8,road_loopA_r0,road_loopA_r1,2751.7,2840.7,89.0,1297.3,52.5,0
636,car,4.5,road_loopA_f0,road_loopA_f1,2687.4,2840.8,153.4,1303.0,30.6,1
680,suv,4.8,road_loopA_f0,road_loopA_f1,2742.5,2840.9,98.4,1303.2,47.7,0
670,suv,4.8,road_loopA_f0,road_loopA_f1,2727.0,2843.1,116.1,1303.8,40.4,1
655,car,4.5,xloopA_0Aa,road_loopA_f1,2708.3,2843.2,134.9,872.3,23.3,0
683,car,4.5,road_loopA_f0,road_loopA_f1,2746.9,2843.6,96.7,1302.9,48.5,0
690,suv,4.8,road_loopA_r0,road_loopA_r1,2754.4,2843.7,89.3,1297.5,52.3,0
592,bus,11.0,road_loopA_r0,road_loopA_r1,2637.4,2844.4,207.0,1298.6,22.6,3
684,suv,4.8,road_loopA_f0,road_loopA_f1,2749.5,2845.6,96.1,1303.2,48.8,0
685,truck,8.5,road_loopA_r0,road_loopA_r1,2749.6,2846.2,96.6,1297.8,48.4,0
696,car,4.5,road_loopA_r0,road_loopA_r1,2757.0,2846.2,89.2,1297.4,52.4,0
689,car,4.5,road_loopA_f0,road_loopA_f1,2752.5,2847.4,94.9,1303.3,49.4,0
691,car,4.5,road_loopA_r0,road_loopA_r1,2755.0,2848.1,93.1,1297.9,50.2,0
698,car,4.5,road_loopA_r0,road_loopA_r1,2757.4,2848.4,91.0,1297.7,51.3,0
697,suv,4.8,road_loopA_r0,road_loopA_r1,2757.2,2849.8,92.6,1297.4,50.5,0
702,suv,4.8,road_loopA_r0,road_loopA_r1,2759.1,2850.2,91.1,1298.5,51.3,0
693,car,4.5,road_loopA_f0,road_loopA_f1,2756.2,2851.0,94.8,1303.8,49.5,0
703,car,4.5,road_loopA_f0,road_loopA_f1,2759.2,2852.8,93.6,1303.1,50.1,0
704,suv,4.8,road_loopA_f0,road_loopA_f1,2764.1,2853.9,89.8,1303.8,52.3,0
707,car,4.5,road_loopA_r0,road_loopA_r1,2765.0,2853.9,88.9,1297.3,52.5,0
694,car,4.5,road_loopA_f0,road_loopA_f1,2756.5,2854.2,97.7,1302.9,48.0,0
700,suv,4.8,road_loopA_f0,road_loopA_f1,2758.0,2855.9,97.9,1303.0,47.9,0
471,car,4.5,road_loopA_r0,xloopA_0Bb,2533.0,2858.5,325.5,895.6,9.9,3
747,suv,4.8,road_loopA_f0,xloopA_0Ab,2796.3,2859.1,62.8,504.9,28.9,1
666,car,4.5,road_loopA_f0,road_loopA_f1,2722.0,2859.7,137.7,1302.8,34.1,1
558,car,4.5,road_loopA_r0,xloopA_0Bb,2611.6,2861.1,249.5,895.6,12.9,2
681,car,4.5,road_loopA_f0,road_loopA_f1,2745.2,2861.4,116.2,1303.3,40.4,0
749,car,4.5,road_loopA_f0,xloopA_0Ab,2800.0,2861.8,61.8,505.4,29.4,1
662,suv,4.8,road_loopA_f0,road_loopA_f1,2717.6,2863.3,145.7,1303.7,32.2,1
650,suv,4.8,road_loopA_r0,xloopA_0Bb,2706.0,2863.8,157.8,895.9,20.4,1
653,car,4.5,road_loopA_f0,road_loopA_f1,2707.5,2864.1,156.6,1303.6,30.0,1
761,suv,4.8,road_loopA_f0,xloopA_0Ab,2806.5,2864.5,58.0,505.6,31.4,0
711,truck,8.5,road_loopA_f0,road_loopA_f1,2768.3,2865.5,97.2,1302.9,48.2,0
699,suv,4.8,road_loopA_r0,road_loopA_r1,2757.6,2865.7,108.1,1297.5,43.2,0
674,car,4.5,road_loopA_r0,xloopA_0Bb,2732.1,2866.5,134.4,895.8,24.0,1
720,suv,4.8,road_loopA_r0,road_loopA_r1,2772.6,2867.4,94.8,1297.5,49.3,0
695,suv,4.8,road_loopA_f0,road_loopA_f1,2756.6,2867.5,110.9,1303.8,42.3,0
708,car,4.5,road_loopA_r0,road_loopA_r1,2766.6,2867.8,101.2,1297.8,46.2,0
715,suv,4.8,road_loopA_f0,road_loopA_f1,2770.6,2868.4,97.8,1303.1,48.0,0
686,car,4.5,xloopA_0Ba,road_loopA_f1,2750.3,2868.8,118.5,902.9,27.4,0
705,car,4.5,road_loopA_r0,xloopA_0Bb,2764.2,2869.1,104.9,895.5,30.7,1
721,car,4.5,road_loopA_r0,road_loopA_r1,2772.9,2869.6,96.7,1297.3,48.3,0
669,car,4.5,road_loopA_f0,road_loopA_f1,2725.6,2870.2,144.6,1303.3,32.4,1
646,car,4.5,road_loopA_f0,road_loopA_f1,2705.3,2870.4,165.1,1303.1,28.4,1
723,suv,4.8,road_loopA_f0,road_loopA_f1,2773.7,2871.4,97.7,1303.0,48.0,0
726,car,4.5,road_loopA_r0,road_loopA_r1,2777.2,2871.4,94.2,1298.3,49.6,0
710,car,4.5,road_loopA_r0,road_loopA_r1,2768.2,2872.4,104.2,1298.4,44.8,0
678,car,4.5,road_loopA_f0,road_loopA_f1,2739.5,2872.7,133.2,1303.2,35.2,0
713,suv,4.8,road_loopA_f0,road_loopA_f1,2769.7,2872.8,103.1,1304.1,45.5,0
714,suv,4.8,road_loopA_r0,road_loopA_r1,2770.3,2873.2,102.9,1298.2,45.4,0
716,car,4.5,road_loopA_r0,road_loopA_r1,2770.7,2874.0,103.3,1298.0,45.3,0
727,car,4.5,road_loopA_f0,road_loopA_f1,2777.5,2874.0,96.5,1303.9,48.6,0
692,car,4.5,xloopA_0Aa,xloopA_0Ab,2755.9,2874.5,118.6,84.0,2.6,1
719,car,4.5,road_loopA_r0,road_loopA_r1,2772.4,2875.8,103.4,1298.6,45.2,0
734,car,4.5,xloopA_0Ba,xloopA_0Bb,2784.2,2876.9,92.7,84.2,3.3,1
733,suv,4.8,road_loopA_f0,road_loopA_f1,2782.9,2877.0,94.1,1303.3,49.9,0
732,car,4.5,xloopA_0Aa,xloopA_0Ab,2782.9,2877.2,94.3,84.5,3.2,1
738,car,4.5,road_loopA_f0,road_loopA_f1,2786.9,2878.8,91.9,1303.8,51.1,0
748,car,4.5,xloopA_0Ba,xloopA_0Bb,2799.4,2879.0,79.6,84.3,3.8,1
765,car,4.5,xloopA_0Aa,xloopA_0Ab,2810.7,2879.2,68.5,84.5,4.4,1
735,suv,4.8,road_loopA_f0,road_loopA_f1,2784.5,2880.8,96.3,1303.2,48.7,0
762,car,4.5,xloopA_0Ba,xloopA_0Bb,2808.3,2881.1,72.8,84.4,4.2,0
810,car,4.5,xloopA_0Aa,xloopA_0Ab,2846.7,2881.5,34.8,84.4,8.7,0
722,suv,4.8,road_loopA_f0,road_loopA_f1,2773.4,2882.3,108.9,1302.8,43.1,0
741,suv,4.8,road_loopA_f0,road_loopA_f1,2792.9,2882.8,89.9,1303.9,52.2,0
743,car,4.5,road_loopA_f0,road_loopA_f1,2793.9,2885.1,91.2,1303.9,51.4,0
701,bus,11.0,road_loopA_r0,road_loopA_r1,2759.0,2886.1,127.1,1298.6,36.8,1
835,car,4.5,xloopA_0Ba,xloopA_0Bb,2868.8,2886.8,18.0,84.1,16.9,0
845,car,4.5,xloopA_0Ba,xloopA_0Bb,2876.4,2888.6,12.2,84.0,24.8,0
742,car,4.5,road_loopA_f0,road_loopA_f1,2793.7,2892.7,99.0,1304.0,47.4,0
754,car,4.5,road_loopA_f0,road_loopA_f1,2802.4,2894.5,92.1,1303.5,51.0,0
745,car,4.5,road_loopA_f0,road_loopA_f1,2794.5,2894.8,100.3,1302.8,46.8,0
756,truck,8.5,road_loopA_f0,road_loopA_f1,2803.3,2896.9,93.6,1303.3,50.1,0
766,car,4.5,road_loopA_f0,road_loopA_f1,2811.0,2905.0,94.0,1303.5,49.9,0
768,car,4.5,road_loopA_f0,xloopA_0Bb,2814.0,2908.8,94.8,478.5,18.2,1
795,suv,4.8,road_loopA_f0,xloopA_0Bb,2836.8,2916.4,79.6,478.9,21.7,2
724,car,4.5,road_loopA_r0,xloopA_0Ab,2773.9,2916.9,143.0,868.8,21.9,2
764,car,4.5,road_loopA_r0,xloopA_0Ab,2810.4,2920.6,110.2,869.0,28.4,1
772,truck,8.5,road_loopA_r0,xloopA_0Ab,2818.4,2926.2,107.8,869.1,29.0,0
867,car,4.5,road_loopA_f0,xloopA_0Bb,2893.9,2934.8,40.9,478.8,42.1,0
729,car,4.5,road_loopA_r0,road_loopA_r1,2779.8,2936.1,156.3,1297.5,29.9,1
737,suv,4.8,road_loopA_r0,road_loopA_r1,2786.3,2937.9,151.6,1298.2,30.8,1
718,car,4.5,xloopA_0Ba,road_loopA_r1,2771.4,2938.4,167.0,476.2,10.3,1
816,car,4.5,xloopA_0Aa,road_loopA_r1,2851.4,2938.5,87.1,507.1,21.0,0
740,car,4.5,road_loopA_r0,road_loopA_r1,2792.5,2940.7,148.2,1297.5,31.5,1
717,suv,4.8,road_loopA_r0,road_loopA_r1,2771.3,2941.3,170.0,1297.3,27.5,1
811,car,4.5,road_loopA_r0,xloopA_0Ab,2847.3,2941.9,94.6,869.1,33.1,1
709,car,4.5,road_loopA_r0,road_loopA_r1,2767.5,2942.9,175.4,1297.4,26.6,1
725,suv,4.8,road_loopA_r0,road_loopA_r1,2774.9,2943.3,168.4,1298.1,27.7,1
730,car,4.5,road_loopA_r0,road_loopA_r1,2780.6,2943.4,162.8,1297.9,28.7,1
731,suv,4.8,road_loopA_r0,road_loopA_r1,2780.7,2944.7,164.0,1298.5,28.5,1
755,car,4.5,road_loopA_r0,road_loopA_r1,2803.1,2944.8,141.7,1297.7,33.0,1
728,suv,4.8,road_loopA_r0,road_loopA_r1,2778.3,2944.9,166.6,1297.4,28.0,1
736,car,4.5,road_loopA_r0,road_loopA_r1,2785.6,2946.6,161.0,1297.4,29.0,1
746,car,4.5,road_loopA_r0,road_loopA_r1,2794.6,2946.9,152.3,1297.6,30.7,1
739,car,4.5,road_loopA_r0,road_loopA_r1,2790.7,2948.4,157.7,1298.0,29.6,1
760,car,4.5,road_loopA_r0,road_loopA_r1,2805.7,2948.7,143.0,1297.8,32.7,1
744,car,4.5,road_loopA_r0,road_loopA_r1,2794.1,2950.1,156.0,1297.8,29.9,1
758,car,4.5,road_loopA_r0,road_loopA_r1,2803.5,2950.7,147.2,1298.6,31.8,1
753,car,4.5,road_loopA_r0,road_loopA_r1,2802.1,2951.7,149.6,1297.9,31.2,1
750,truck,8.5,road_loopA_r0,road_loopA_r1,2801.4,2952.4,151.0,1297.9,30.9,1
773,suv,4.8,road_loopA_r0,road_loopA_r1,2819.4,2953.7,134.3,1298.7,34.8,1
757,car,4.5,road_loopA_r0,road_loopA_r1,2803.4,2954.4,151.0,1298.5,31.0,1
751,truck,8.5,road_loopA_r0,road_loopA_r1,2801.7,2954.5,152.8,1297.7,30.6,1
759,car,4.5,road_loopA_r0,road_loopA_r1,2805.3,2956.1,150.8,1297.8,31.0,1
782,car,4.5,road_loopA_r0,road_loopA_r1,2828.7,2956.1,127.4,1298.3,36.7,1
770,car,4.5,road_loopA_r0,road_loopA_r1,2816.1,2957.0,140.9,1297.7,33.2,1
774,car,4.5,road_loopA_r0,road_loopA_r1,2820.8,2958.5,137.7,1298.4,33.9,1
797,car,4.5,road_loopA_r0,road_loopA_r1,2837.3,2958.9,121.6,1297.9,38.4,1
769,car,4.5,road_loopA_r0,road_loopA_r1,2814.4,2959.0,144.6,1297.2,32.3,1
776,truck,8.5,road_loopA_r0,road_loopA_r1,2821.6,2960.7,139.1,1298.0,33.6,1
771,car,4.5,road_loopA_f0,road_loopA_f1,2816.1,2962.0,145.9,1304.2,32.2,1
787,car,4.5,road_loopA_r0,road_loopA_r1,2832.6,2963.5,130.9,1297.7,35.7,1
794,car,4.5,road_loopA_r0,road_loopA_r1,2836.1,2963.5,127.4,1298.5,36.7,1
900,car,4.5,road_loopA_f0,xloopA_0Bb,2923.4,2963.7,40.3,478.8,42.7,0
781,car,4.5,road_loopA_r0,road_loopA_r1,2828.5,2965.2,136.7,1297.5,34.2,1
801,car,4.5,road_loopA_r0,road_loopA_r1,2840.8,2965.2,124.4,1298.0,37.6,0
814,car,4.5,road_loopA_r0,road_loopA_r1,2850.3,2965.5,115.2,1298.6,40.6,0
819,car,4.5,road_loopA_r0,road_loopA_r1,2856.5,2967.2,110.7,1298.2,42.2,0
767,car,4.5,road_loopA_f0,road_loopA_f1,2811.4,2967.4,156.0,1303.4,30.1,1
822,suv,4.8,road_loopA_r0,road_loopA_r1,2857.8,2968.8,111.0,1297.6,42.1,0
775,car,4.5,road_loopA_f0,road_loopA_f1,2820.8,2969.2,148.4,1303.8,31.6,1
793,car,4.5,road_loopA_r0,road_loopA_r1,2835.7,2969.2,133.5,1297.4,35.0,0
780,car,4.5,road_loopA_f0,road_loopA_f1,2828.4,2969.4,141.0,1304.0,33.3,1
786,car,4.5,road_loopA_f0,road_loopA_f1,2831.0,2970.8,139.8,1303.0,33.5,1
796,car,4.5,road_loopA_r0,road_loopA_r1,2836.8,2971.0,134.2,1297.6,34.8,0
836,car,4.5,road_loopA_r0,road_loopA_r1,2869.3,2971.5,102.2,1298.2,45.7,0
779,car,4.5,road_loopA_f0,road_loopA_f1,2826.8,2973.9,147.1,1303.3,31.9,1
825,car,4.5,road_loopA_r0,road_loopA_r1,2858.8,2974.1,115.3,1298.2,40.5,0
788,car,4.5,road_loopA_f0,road_loopA_f1,2834.4,2974.8,140.4,1303.1,33.4,1
687,bus,11.0,road_loopA_r0,road_loopA_r1,2751.3,2975.4,224.1,1297.6,20.8,3
813,truck,8.5,road_loopA_r0,road_loopA_r1,2849.6,2975.4,125.8,1298.0,37.2,0
808,car,4.5,road_loopA_r0,road_loopA_r1,2845.9,2976.3,130.4,1298.2,35.8,0
777,suv,4.8,road_loopA_f0,road_loopA_f1,2825.6,2976.8,151.2,1303.7,31.0,1
792,car,4.5,road_loopA_f0,road_loopA_f1,2835.5,2976.9,141.4,1303.1,33.2,1
831,car,4.5,road_loopA_r0,road_loopA_r1,2866.8,2976.9,110.1,1298.3,42.5,0
804,car,4.5,road_loopA_f0,road_loopA_f1,2842.6,2978.6,136.0,1303.4,34.5,1
826,suv,4.8,road_loopA_r0,road_loopA_r1,2861.7,2979.1,117.4,1297.8,39.8,0
839,car,4.5,road_loopA_r0,road_loopA_r1,2872.2,2979.6,107.4,1297.8,43.5,0
812,car,4.5,road_loopA_r0,road_loopA_r1,2847.9,2980.1,132.2,1298.2,35.4,1
840,suv,4.8,road_loopA_r0,road_loopA_r1,2872.5,2980.9,108.4,1297.6,43.1,0
829,truck,8.5,road_loopA_r0,road_loopA_r1,2864.7,2981.3,116.6,1297.5,40.1,0
828,suv,4.8,road_loopA_r0,road_loopA_r1,2863.5,2981.8,118.3,1298.5,39.5,0
785,car,4.5,road_loopA_f0,road_loopA_f1,2830.5,2982.5,152.0,1304.0,30.9,1
783,truck,8.5,road_loopA_f0,road_loopA_f1,2828.9,2982.8,153.9,1303.2,30.5,1
832,car,4.5,road_loopA_r0,road_loopA_r1,2867.4,2983.4,116.0,1298.0,40.3,0
863,car,4.5,road_loopA_r0,road_loopA_r1,2888.6,2983.6,95.0,1297.8,49.2,0
844,suv,4.8,road_loopA_r0,road_loopA_r1,2874.8,2983.8,109.0,1297.3,42.8,0
790,suv,4.8,road_loopA_f0,road_loopA_f1,2834.8,2984.3,149.5,1303.7,31.4,1
853,car,4.5,road_loopA_r0,road_loopA_r1,2879.3,2985.1,105.8,1297.4,44.1,0
712,car,4.5,road_loopA_r0,xloopA_0Bb,2768.7,2985.7,217.0,895.4,14.9,2
862,suv,4.8,road_loopA_r0,road_loopA_r1,2887.2,2985.8,98.6,1298.2,47.4,0
798,car,4.5,road_loopA_f0,road_loopA_f1,2839.0,2986.1,147.1,1304.0,31.9,1
784,suv,4.8,road_loopA_f0,xloopA_0Ab,2829.2,2986.3,157.1,505.2,11.6,1
855,car,4.5,road_loopA_r0,road_loopA_r1,2882.1,2986.9,104.8,1297.8,44.6,0
799,car,4.5,road_loopA_f0,road_loopA_f1,2839.3,2987.5,148.2,1303.7,31.7,1
805,suv,4.8,road_loopA_f0,road_loopA_f1,2843.4,2987.5,144.1,1303.4,32.6,1
860,car,4.5,road_loopA_r0,xloopA_0Bb,2886.9,2988.4,101.5,895.7,31.8,2
841,car,4.5,road_loopA_r0,road_loopA_r1,2874.0,2988.5,114.5,1297.7,40.8,0
857,suv,4.8,road_loopA_r0,road_loopA_r1,2882.9,2988.8,105.9,1297.3,44.1,0
823,car,4.5,road_loopA_f0,xloopA_0Ab,2857.9,2988.9,131.0,505.0,13.9,1
817,car,4.5,road_loopA_f0,road_loopA_f1,2851.9,2989.2,137.3,1303.6,34.2,1
800,car,4.5,road_loopA_f0,road_loopA_f1,2840.5,2989.8,149.3,1303.7,31.4,1
847,car,4.5,road_loopA_r0,road_loopA_r1,2876.6,2990.2,113.6,1297.4,41.1,0
864,car,4.5,road_loopA_r0,road_loopA_r1,2891.2,2990.6,99.4,1298.1,47.0,0
821,car,4.5,road_loopA_f0,road_loopA_f1,2857.6,2990.9,133.3,1303.6,35.2,1
837,suv,4.8,road_loopA_f0,xloopA_0Ab,2869.5,2991.6,122.1,505.2,14.9,1
869,car,4.5,road_loopA_r0,road_loopA_r1,2895.5,2992.2,96.7,1298.4,48.4,0
803,car,4.5,road_loopA_f0,road_loopA_f1,2841.1,2992.4,151.3,1303.1,31.0,1
859,car,4.5,road_loopA_r0,road_loopA_r1,2885.7,2992.5,106.8,1298.0,43.8,0
838,car,4.5,road_loopA_f0,road_loopA_f1,2869.8,2992.9,123.1,1303.1,38.1,0
873,car,4.5,road_loopA_r0,road_loopA_r1,2898.0,2993.1,95.1,1297.4,49.1,0
889,car,4.5,road_loopA_f0,xloopA_0Ab,2912.2,2994.3,82.1,505.1,22.1,1
846,car,4.5,road_loopA_f0,road_loopA_f1,2876.4,2994.7,118.3,1304.1,39.7,0
866,suv,4.8,road_loopA_r0,road_loopA_r1,2891.5,2995.0,103.5,1298.5,45.2,0
789,car,4.5,road_loopA_f0,road_loopA_f1,2834.7,2995.3,160.6,1303.2,29.2,1
872,car,4.5,road_loopA_r0,road_loopA_r1,2896.9,2995.9,99.0,1297.4,47.2,0
858,car,4.5,road_loopA_f0,road_loopA_f1,2883.9,2996.5,112.6,1303.1,41.6,0
820,car,4.5,road_loopA_f0,road_loopA_f1,2857.3,2996.6,139.3,1303.9,33.7,1
875,car,4.5,road_loopA_r0,road_loopA_r1,2901.1,2996.6,95.5,1297.8,48.9,0
902,car,4.5,road_loopA_f0,xloopA_0Ab,2925.6,2997.0,71.4,505.3,25.5,1
807,car,4.5,xloopA_0Ba,road_loopA_f1,2845.4,2997.7,152.3,903.0,21.4,0
824,car,4.5,road_loopA_f0,road_loopA_f1,2858.6,2998.9,140.3,1302.8,33.4,1
856,car,4.5,road_loopA_f0,road_loopA_f1,2882.9,2999.1,116.2,1303.2,40.4,0
874,car,4.5,road_loopA_r0,road_loopA_r1,2898.1,2999.1,101.0,1297.3,46.2,0
763,suv,4.8,road_loopA_r0,road_loopA_r1,2809.6,2999.6,190.0,1298.1,24.6,1
815,suv,4.8,road_loopA_f0,road_loopA_f1,2851.1,2999.9,148.8,1303.6,31.5,1
827,car,4.5,road_loopA_f0,road_loopA_f1,2862.4,3000.7,138.3,1303.5,33.9,1
887,car,4.5,road_loopA_r0,road_loopA_r1,2911.6,3001.2,89.6,1297.5,52.1,0
833,truck,8.5,road_loopA_r0,road_loopA_r1,2867.8,3001.7,133.9,1297.4,34.9,0
886,car,4.5,xloopA_0Aa,xloopA_0Ab,2908.3,3002.1,93.8,84.3,3.2,1
870,car,4.5,road_loopA_r0,road_loopA_r1,2895.9,3002.3,106.4,1298.1,43.9,0
752,bus,11.0,road_loopA_r0,road_loopA_r1,2802.1,3002.4,200.3,1298.3,23.3,3
834,suv,4.8,road_loopA_f0,road_loopA_f1,2868.2,3002.6,134.4,1303.8,34.9,0
806,car,4.5,road_loopA_f0,road_loopA_f1,2844.3,3003.1,158.8,1303.6,29.5,1
954,car,4.5,xloopA_0Aa,xloopA_0Ab,2975.2,3004.2,29.0,84.1,10.4,1
848,suv,4.8,road_loopA_f0,road_loopA_f1,2877.2,3004.5,127.3,1303.7,36.9,1
842,car,4.5,road_loopA_f0,road_loopA_f1,2874.6,3005.4,130.8,1303.0,35.9,0
868,car,4.5,road_loopA_f0,road_loopA_f1,2893.9,3006.3,112.4,1303.1,41.7,0
883,car,4.5,xloopA_0Ba,xloopA_0Bb,2904.5,3006.5,102.0,84.0,3.0,1
849,car,4.5,road_loopA_f0,road_loopA_f1,2877.4,3007.2,129.8,1303.4,36.1,0
881,car,4.5,road_loopA_f0,road_loopA_f1,2902.9,3008.2,105.3,1304.0,44.6,0
843,car,4.5,road_loopA_f0,road_loopA_f1,2874.7,3009.1,134.4,1303.8,34.9,0
882,truck,8.5,road_loopA_f0,road_loopA_f1,2903.8,3010.4,106.6,1303.4,44.0,0
818,car,4.5,xloopA_0Ba,road_loopA_f1,2854.4,3010.9,156.5,902.8,20.8,0
903,car,4.5,xloopA_0Ba,xloopA_0Bb,2925.9,3011.8,85.9,84.1,3.5,0
854,car,4.5,road_loopA_f0,road_loopA_f1,2881.9,3012.3,130.4,1303.6,36.0,0
778,suv,4.8,road_loopA_f0,road_loopA_f1,2826.8,3012.5,185.7,1302.9,25.3,1
898,car,4.5,road_loopA_f0,road_loopA_f1,2921.8,3012.6,90.8,1303.5,51.7,0
907,car,4.5,xloopA_0Ba,xloopA_0Bb,2929.6,3013.8,84.2,84.6,3.6,0
877,car,4.5,road_loopA_f0,road_loopA_f1,2902.1,3014.4,112.3,1304.0,41.8,0
791,truck,8.5,road_loopA_f0,road_loopA_f1,2835.2,3014.7,179.5,1302.8,26.1,1
850,suv,4.8,road_loopA_f0,road_loopA_f1,2878.6,3015.0,136.4,1303.3,34.4,1
915,car,4.5,xloopA_0Ba,xloopA_0Bb,2936.8,3015.6,78.8,84.6,3.9,0
802,car,4.5,road_loopA_f0,road_loopA_f1,2840.9,3016.9,176.0,1303.5,26.7,1
809,car,4.5,road_loopA_f0,road_loopA_f1,2846.3,3017.2,170.9,1302.8,27.4,1
957,car,4.5,xloopA_0Ba,xloopA_0Bb,2975.8,3017.9,42.1,84.2,7.2,0
892,car,4.5,road_loopA_f0,road_loopA_f1,2914.0,3018.2,104.2,1303.7,45.1,0
852,truck,8.5,road_loopA_f0,road_loopA_f1,2878.8,3018.8,140.0,1302.9,33.5,1
910,car,4.5,road_loopA_f0,road_loopA_f1,2931.5,3021.0,89.5,1303.7,52.4,0
876,car,4.5,road_loopA_f0,road_loopA_f1,2902.1,3021.1,119.0,1302.8,39.4,0
888,car,4.5,road_loopA_f0,road_loopA_f1,2911.7,3021.4,109.7,1303.5,42.8,0
893,car,4.5,road_loopA_f0,road_loopA_f1,2916.1,3022.9,106.8,1303.6,43.9,0
878,car,4.5,road_loopA_f0,road_loopA_f1,2902.3,3023.2,120.9,1304.0,38.8,0
911,car,4.5,road_loopA_f0,road_loopA_f1,2931.7,3023.7,92.0,1303.0,51.0,0
884,car,4.5,road_loopA_f0,road_loopA_f1,2906.8,3024.9,118.1,1303.3,39.7,0
890,car,4.5,road_loopA_f0,road_loopA_f1,2912.4,3026.5,114.1,1303.6,41.1,0
909,car,4.5,road_loopA_f0,road_loopA_f1,2931.4,3028.0,96.6,1303.2,48.6,0
865,car,4.5,road_loopA_f0,road_loopA_f1,2891.4,3029.0,137.6,1302.9,34.1,0
851,suv,4.8,road_loopA_f0,road_loopA_f1,2878.8,3033.0,154.2,1303.0,30.4,0
912,car,4.5,road_loopA_f0,road_loopA_f1,2932.0,3033.8,101.8,1303.2,46.1,0
917,car,4.5,road_loopA_f0,road_loopA_f1,2938.5,3034.1,95.6,1302.8,49.1,0
830,bus,11.0,road_loopA_f0,road_loopA_f1,2865.3,3043.3,178.0,1303.2,26.4,2
938,car,4.5,road_loopA_f0,xloopA_0Bb,2960.1,3043.3,83.2,478.8,20.7,2
931,car,4.5,road_loopA_r0,xloopA_0Ab,2953.5,3045.3,91.8,869.0,34.1,1
941,car,4.5,road_loopA_f0,xloopA_0Bb,2962.8,3047.0,84.2,478.7,20.5,2
994,car,4.5,road_loopA_f0,xloopA_0Bb,3003.9,3051.9,48.0,478.6,35.9,0
871,car,4.5,xloopA_0Ba,road_loopA_r1,2896.2,3054.1,157.9,476.2,10.9,1
861,car,4.5,xloopA_0Ba,road_loopA_r1,2887.1,3055.2,168.1,476.5,10.2,1
885,car,4.5,road_loopA_r0,road_loopA_r1,2908.2,3058.8,150.6,1298.0,31.0,1
894,suv,4.8,road_loopA_r0,road_loopA_r1,2916.5,3060.1,143.6,1298.2,32.5,1
891,suv,4.8,road_loopA_r0,road_loopA_r1,2913.7,3061.3,147.6,1298.1,31.7,1
896,suv,4.8,road_loopA_r0,road_loopA_r1,2918.0,3063.5,145.5,1297.8,32.1,1
897,car,4.5,road_loopA_r0,road_loopA_r1,2920.9,3064.3,143.4,1297.5,32.6,1
879,car,4.5,road_loopA_r0,road_loopA_r1,2902.5,3066.5,164.0,1297.9,28.5,1
906,car,4.5,road_loopA_r0,road_loopA_r1,2929.3,3066.9,137.6,1297.7,33.9,1
895,suv,4.8,road_loopA_r0,road_loopA_r1,2916.8,3068.6,151.8,1298.4,30.8,1
901,car,4.5,road_loopA_r0,road_loopA_r1,2924.8,3069.5,144.7,1297.5,32.3,1
905,car,4.5,road_loopA_r0,road_loopA_r1,2928.8,3070.3,141.5,1298.0,33.0,1
880,car,4.5,road_loopA_r0,road_loopA_r1,2902.8,3071.5,168.7,1298.0,27.7,1
914,car,4.5,road_loopA_r0,road_loopA_r1,2936.5,3072.1,135.6,1298.4,34.5,1
908,car,4.5,road_loopA_r0,road_loopA_r1,2930.7,3073.6,142.9,1298.0,32.7,1
904,car,4.5,road_loopA_r0,road_loopA_r1,2927.2,3074.2,147.0,1298.1,31.8,1
913,truck,8.5,road_loopA_r0,road_loopA_r1,2936.3,3074.7,138.4,1298.2,33.8,1
918,car,4.5,road_loopA_r0,road_loopA_r1,2938.7,3075.9,137.2,1298.0,34.1,1
919,truck,8.5,road_loopA_r0,road_loopA_r1,2940.2,3077.2,137.0,1298.0,34.1,1
921,car,4.5,road_loopA_r0,road_loopA_r1,2944.7,3077.9,133.2,1297.4,35.1,1
927,suv,4.8,road_loopA_r0,road_loopA_r1,2949.7,3079.1,129.4,1297.4,36.1,1
985,suv,4.8,road_loopA_r0,xloopA_0Ab,2999.7,3080.5,80.8,869.4,38.7,0
934,car,4.5,road_loopA_r0,road_loopA_r1,2957.0,3080.8,123.8,1297.4,37.7,1
936,car,4.5,road_loopA_r0,road_loopA_r1,2957.7,3080.9,123.2,1298.3,37.9,1
920,car,4.5,road_loopA_r0,road_loopA_r1,2941.4,3081.3,139.9,1298.4,33.4,1
939,car,4.5,road_loopA_r0,road_loopA_r1,2961.5,3083.5,122.0,1297.3,38.3,1
944,car,4.5,road_loopA_r0,road_loopA_r1,2965.5,3083.7,118.2,1298.3,39.5,1
947,car,4.5,road_loopA_r0,road_loopA_r1,2967.2,3085.3,118.1,1298.3,39.6,0
943,suv,4.8,road_loopA_r0,road_loopA_r1,2963.6,3086.2,122.6,1297.4,38.1,1
925,car,4.5,road_loopA_f0,road_loopA_f1,2947.7,3086.9,139.2,1303.0,33.7,1
950,car,4.5,road_loopA_r0,road_loopA_r1,2970.2,3087.0,116.8,1298.1,40.0,0
948,truck,8.5,road_loopA_r0,road_loopA_r1,2968.1,3087.3,119.2,1297.3,39.2,0
951,car,4.5,road_loopA_r0,road_loopA_r1,2971.7,3088.7,117.0,1297.4,39.9,0
899,car,4.5,road_loopA_r0,road_loopA_r1,2922.1,3089.8,167.7,1297.7,27.9,1
922,car,4.5,road_loopA_f0,road_loopA_f1,2944.8,3090.0,145.2,1303.8,32.3,1
926,car,4.5,road_loopA_r0,road_loopA_r1,2949.0,3090.3,141.3,1298.1,33.1,1
955,car,4.5,road_loopA_r0,road_loopA_r1,2975.3,3090.5,115.2,1297.9,40.6,1
959,car,4.5,road_loopA_r0,road_loopA_r1,2976.1,3090.9,114.8,1297.5,40.7,0
1013,car,4.5,road_loopA_r0,xloopA_0Ab,3021.6,3092.9,71.3,869.1,43.9,0
929,suv,4.8,road_loopA_f0,road_loopA_f1,2952.8,3093.9,141.1,1304.1,33.3,1
988,car,4.5,road_loopA_r0,road_loopA_r1,3001.1,3094.0,92.9,1298.5,50.3,0
965,car,4.5,road_loopA_r0,road_loopA_r1,2981.5,3095.0,113.5,1297.7,41.2,0
937,truck,8.5,road_loopA_r0,road_loopA_r1,2958.3,3097.2,138.9,1297.9,33.6,0
981,car,4.5,road_loopA_r0,xloopA_0Ab,2997.9,3098.1,100.2,869.2,31.2,1
930,car,4.5,road_loopA_f0,road_loopA_f1,2953.4,3098.2,144.8,1303.1,32.4,1
923,car,4.5,road_loopA_f0,road_loopA_f1,2946.0,3099.2,153.2,1303.0,30.6,1
973,car,4.5,road_loopA_r0,road_loopA_r1,2991.3,3100.5,109.2,1298.0,42.8,0
983,car,4.5,road_loopA_f0,road_loopA_f1,2998.7,3101.0,102.3,1303.1,45.9,0
977,suv,4.8,road_loopA_r0,road_loopA_r1,2995.3,3102.2,106.9,1297.4,43.7,0
940,car,4.5,road_loopA_f0,road_loopA_f1,2962.5,3102.8,140.3,1303.9,33.5,1
975,car,4.5,road_loopA_r0,road_loopA_r1,2992.6,3103.8,111.2,1297.5,42.0,0
986,car,4.5,road_loopA_r0,road_loopA_r1,3000.3,3104.0,103.7,1298.4,45.1,0
997,car,4.5,road_loopA_f0,road_loopA_f1,3005.7,3104.0,98.3,1303.8,47.8,0
982,suv,4.8,road_loopA_r0,road_loopA_r1,2998.3,3105.6,107.3,1298.3,43.6,0
969,suv,4.8,road_loopA_f0,road_loopA_f1,2987.8,3105.7,117.9,1303.8,39.8,1
998,car,4.5,road_loopA_r0,road_loopA_r1,3007.0,3105.7,98.7,1298.5,47.4,0
991,truck,8.5,road_loopA_r0,road_loopA_r1,3003.0,3106.1,103.1,1297.9,45.3,0
928,car,4.5,road_loopA_f0,road_loopA_f1,2952.3,3106.3,154.0,1303.9,30.5,1
1001,car,4.5,road_loopA_r0,road_loopA_r1,3007.7,3107.4,99.7,1297.4,46.8,0
962,suv,4.8,road_loopA_f0,road_loopA_f1,2977.4,3107.5,130.1,1303.0,36.1,1
989,car,4.5,road_loopA_r0,road_loopA_r1,3001.6,3107.5,105.9,1298.3,44.2,0
999,car,4.5,road_loopA_r0,road_loopA_r1,3007.3,3108.4,101.1,1298.2,46.2,0
953,car,4.5,road_loopA_f0,road_loopA_f1,2974.4,3108.5,134.1,1302.9,35.0,1
970,car,4.5,road_loopA_f0,road_loopA_f1,2988.7,3109.4,120.7,1303.4,38.9,1
958,car,4.5,xloopA_0Ba,road_loopA_f1,2975.9,3109.4,133.5,902.3,24.3,0
1011,car,4.5,road_loopA_r0,road_loopA_r1,3018.9,3110.0,91.1,1298.4,51.3,0
1000,suv,4.8,road_loopA_r0,road_loopA_r1,3007.4,3110.2,102.8,1298.2,45.5,0
933,car,4.5,road_loopA_f0,road_loopA_f1,2954.7,3111.2,156.5,1303.2,30.0,1
916,suv,4.8,road_loopA_f0,road_loopA_f1,2937.5,3111.3,173.8,1303.2,27.0,1
952,bus,11.0,road_loopA_r0,road_loopA_r1,2972.2,3111.7,139.5,1297.9,33.5,1
946,car,4.5,road_loopA_f0,road_loopA_f1,2967.0,3112.3,145.3,1304.1,32.3,1
1008,suv,4.8,road_loopA_r0,xloopA_0Bb,3015.8,3113.4,97.6,895.8,33.0,1
1043,car,4.5,road_loopA_f0,xloopA_0Ab,3050.6,3113.9,63.3,505.2,28.7,1
932,car,4.5,road_loopA_f0,road_loopA_f1,2953.8,3115.0,161.2,1303.2,29.1,1
1009,car,4.5,road_loopA_r0,road_loopA_r1,3018.0,3115.4,97.4,1298.6,48.0,0
966,car,4.5,road_loopA_f0,road_loopA_f1,2986.4,3117.6,131.2,1303.8,35.8,1
1017,car,4.5,road_loopA_r0,road_loopA_r1,3028.7,3118.2,89.5,1297.6,52.2,0
942,suv,4.8,road_loopA_f0,road_loopA_f1,2963.4,3119.3,155.9,1302.9,30.1,1
979,car,4.5,road_loopA_f0,road_loopA_f1,2996.7,3119.3,122.6,1303.9,38.3,0
1020,car,4.5,road_loopA_r0,road_loopA_r1,3030.7,3120.0,89.3,1297.7,52.3,0
1016,suv,4.8,road_loopA_r0,road_loopA_r1,3028.5,3120.4,91.9,1298.1,50.8,0
972,car,4.5,road_loopA_f0,road_loopA_f1,2990.1,3120.5,130.4,1303.1,36.0,0
993,suv,4.8,road_loopA_f0,road_loopA_f1,3003.2,3121.0,117.8,1304.2,39.9,0
976,car,4.5,road_loopA_f0,road_loopA_f1,2994.6,3122.6,128.0,1303.4,36.7,1
1002,suv,4.8,road_loopA_f0,road_loopA_f1,3010.9,3122.7,111.8,1303.5,42.0,0
990,car,4.5,road_loopA_f0,road_loopA_f1,3002.1,3124.3,122.2,1303.2,38.4,0
1004,car,4.5,road_loopA_f0,road_loopA_f1,3014.2,3124.4,110.2,1303.0,42.6,0
924,car,4.5,xloopA_0Ba,road_loopA_f1,2946.5,3124.6,178.1,902.3,18.2,0
960,car,4.5,xloopA_0Ba,xloopA_0Bb,2976.5,3125.0,148.5,84.5,2.0,1
1007,car,4.5,road_loopA_r0,road_loopA_r1,3015.6,3125.5,109.9,1297.3,42.5,0
995,car,4.5,road_loopA_f0,road_loopA_f1,3004.1,3126.0,121.9,1302.8,38.5,0
935,car,4.5,road_loopA_f0,road_loopA_f1,2957.1,3126.4,169.3,1303.9,27.7,1
1019,car,4.5,road_loopA_r0,road_loopA_r1,3030.2,3126.4,96.2,1297.5,48.6,0
978,suv,4.8,road_loopA_f0,road_loopA_f1,2995.5,3126.6,131.1,1302.9,35.8,2
1018,car,4.5,xloopA_0Aa,xloopA_0Ab,3029.7,3126.6,96.9,84.5,3.1,1
945,car,4.5,road_loopA_f0,road_loopA_f1,2965.9,3128.0,162.1,1303.2,28.9,1
1014,car,4.5,road_loopA_f0,road_loopA_f1,3023.5,3128.1,104.6,1304.0,44.9,0
1006,car,4.5,road_loopA_f0,road_loopA_f1,3014.4,3128.4,114.0,1303.5,41.1,0
1022,car,4.5,road_loopA_f0,road_loopA_f1,3035.3,3129.7,94.4,1304.1,49.7,0
949,suv,4.8,road_loopA_f0,road_loopA_f1,2970.1,3130.0,159.9,1302.8,29.3,1
984,car,4.5,road_loopA_f0,road_loopA_f1,2998.7,3130.2,131.5,1303.2,35.7,1
1059,car,4.5,xloopA_0Aa,xloopA_0Ab,3062.3,3130.5,68.2,84.0,4.4,1
1023,car,4.5,road_loopA_f0,road_loopA_f1,3037.9,3131.5,93.6,1304.2,50.1,0
956,car,4.5,road_loopA_f0,road_loopA_f1,2975.4,3131.7,156.3,1302.8,30.0,1
1003,car,4.5,road_loopA_f0,road_loopA_f1,3013.3,3131.9,118.6,1303.8,39.6,0
967,car,4.5,xloopA_0Ba,xloopA_0Bb,2986.6,3132.7,146.1,84.8,2.1,0
1060,car,4.5,xloopA_0Aa,xloopA_0Ab,3062.9,3133.1,70.2,84.0,4.3,0
1012,car,4.5,road_loopA_f0,road_loopA_f1,3018.9,3133.6,114.7,1302.8,40.9,0
963,car,4.5,road_loopA_f0,road_loopA_f1,2977.5,3133.8,156.3,1303.4,30.0,1
1030,car,4.5,road_loopA_f0,road_loopA_f1,3042.4,3134.4,92.0,1304.0,51.0,0
1021,car,4.5,road_loopA_f0,road_loopA_f1,3033.6,3135.5,101.9,1303.1,46.0,0
968,suv,4.8,road_loopA_f0,road_loopA_f1,2987.3,3135.6,148.3,1303.1,31.6,1
1081,car,4.5,xloopA_0Aa,xloopA_0Ab,3076.0,3136.3,60.3,84.2,5.0,0
1005,car,4.5,road_loopA_f0,road_loopA_f1,3014.2,3137.3,123.1,1303.1,38.1,0
971,car,4.5,road_loopA_f0,road_loopA_f1,2989.1,3137.4,148.3,1303.7,31.6,1
974,suv,4.8,road_loopA_f0,road_loopA_f1,2991.5,3138.3,146.8,1303.0,32.0,0
1015,car,4.5,xloopA_0Ba,xloopA_0Bb,3024.9,3138.6,113.7,84.2,2.7,0
1032,car,4.5,road_loopA_f0,road_loopA_f1,3043.1,3138.9,95.8,1303.5,49.0,0
980,suv,4.8,road_loopA_f0,road_loopA_f1,2998.0,3139.7,141.7,1304.0,33.1,1
1084,car,4.5,xloopA_0Aa,xloopA_0Ab,3080.5,3139.7,59.2,84.1,5.1,0
1024,truck,8.5,road_loopA_f0,road_loopA_f1,3038.0,3140.9,102.9,1303.8,45.6,0
1039,suv,4.8,road_loopA_f0,road_loopA_f1,3048.6,3141.0,92.4,1303.5,50.8,0
992,suv,4.8,road_loopA_f0,road_loopA_f1,3003.2,3142.1,138.9,1303.8,33.8,0
1125,car,4.5,xloopA_0Aa,xloopA_0Ab,3118.2,3142.7,24.5,84.8,12.5,0
1037,suv,4.8,road_loopA_f0,road_loopA_f1,3047.0,3142.9,95.9,1303.3,48.9,0
1044,car,4.5,road_loopA_f0,road_loopA_f1,3051.2,3143.8,92.6,1304.1,50.7,0
996,truck,8.5,road_loopA_f0,road_loopA_f1,3004.1,3144.7,140.6,1303.3,33.4,0
1045,car,4.5,road_loopA_f0,road_loopA_f1,3053.9,3145.7,91.8,1303.5,51.1,0
1025,car,4.5,road_loopA_f0,road_loopA_f1,3040.9,3145.9,105.0,1303.1,44.7,0
1031,car,4.5,road_loopA_f0,road_loopA_f1,3042.6,3147.3,104.7,1303.1,44.8,0
1046,suv,4.8,road_loopA_f0,road_loopA_f1,3054.2,3147.4,93.2,1303.8,50.4,0
1034,suv,4.8,road_loopA_f0,road_loopA_f1,3044.8,3149.1,104.3,1303.5,45.0,0
1042,car,4.5,road_loopA_f0,road_loopA_f1,3050.6,3150.9,100.3,1304.0,46.8,0
1048,car,4.5,road_loopA_f0,road_loopA_f1,3055.5,3152.7,97.2,1304.1,48.3,0
1055,suv,4.8,road_loopA_f0,road_loopA_f1,3060.9,3155.5,94.6,1303.0,49.6,0
1054,car,4.5,road_loopA_f0,road_loopA_f1,3060.7,3155.8,95.1,1302.9,49.3,0
1068,car,4.5,road_loopA_f0,road_loopA_f1,3068.3,3157.7,89.4,1303.1,52.5,0
1061,car,4.5,road_loopA_f0,road_loopA_f1,3063.1,3160.5,97.4,1303.0,48.1,0
1095,suv,4.8,road_loopA_f0,xloopA_0Bb,3096.6,3169.7,73.1,478.4,23.6,1
961,car,4.5,xloopA_0Ba,road_loopA_r1,2976.9,3177.1,200.2,476.5,8.6,1
987,car,4.5,xloopA_0Ba,road_loopA_r1,3000.7,3185.5,184.8,476.2,9.3,0
1029,car,4.5,road_loopA_r0,road_loopA_r1,3042.2,3185.6,143.4,1297.8,32.6,1
1038,car,4.5,road_loopA_r0,road_loopA_r1,3047.3,3187.1,139.8,1297.6,33.4,1
1035,car,4.5,road_loopA_r0,road_loopA_r1,3044.8,3187.9,143.1,1297.3,32.6,1
1036,suv,4.8,road_loopA_r0,road_loopA_r1,3046.9,3189.8,142.9,1297.9,32.7,1
1056,car,4.5,road_loopA_r0,road_loopA_r1,3061.0,3189.8,128.8,1297.8,36.3,1
1040,car,4.5,road_loopA_r0,road_loopA_r1,3049.6,3192.7,143.1,1297.3,32.6,1
1058,car,4.5,road_loopA_r0,road_loopA_r1,3061.7,3193.8,132.1,1298.4,35.4,1
964,car,4.5,xloopA_0Ba,road_loopA_r1,2981.5,3194.6,213.1,476.2,8.0,1
1051,car,4.5,road_loopA_r0,road_loopA_r1,3056.5,3195.5,139.0,1297.7,33.6,1
1033,suv,4.8,road_loopA_r0,road_loopA_r1,3043.7,3196.3,152.6,1298.0,30.6,1
1070,car,4.5,road_loopA_r0,road_loopA_r1,3069.2,3197.1,127.9,1297.3,36.5,1
1026,car,4.5,road_loopA_r0,road_loopA_r1,3041.4,3197.9,156.5,1298.0,29.9,1
1052,suv,4.8,road_loopA_r0,road_loopA_r1,3059.2,3198.2,139.0,1298.6,33.6,1
1057,car,4.5,road_loopA_r0,road_loopA_r1,3061.2,3199.5,138.3,1297.8,33.8,1
1047,suv,4.8,road_loopA_r0,road_loopA_r1,3054.9,3199.6,144.7,1298.4,32.3,1
1066,car,4.5,road_loopA_r0,road_loopA_r1,3063.8,3199.9,136.1,1298.1,34.3,1
1063,car,4.5,road_loopA_r0,road_loopA_r1,3063.4,3201.9,138.5,1297.4,33.7,1
1075,car,4.5,road_loopA_r0,road_loopA_r1,3073.9,3203.6,129.7,1298.2,36.0,1
1064,suv,4.8,road_loopA_r0,road_loopA_r1,3063.5,3204.9,141.4,1298.6,33.1,1
1027,car,4.5,road_loopA_r0,road_loopA_r1,3042.1,3205.5,163.4,1298.2,28.6,1
1082,suv,4.8,road_loopA_r0,road_loopA_r1,3076.8,3206.0,129.2,1298.4,36.2,1
1071,suv,4.8,road_loopA_r0,road_loopA_r1,3070.1,3206.6,136.5,1298.3,34.2,1
1062,car,4.5,road_loopA_r0,road_loopA_r1,3063.2,3208.3,145.1,1297.5,32.2,1
1079,suv,4.8,road_loopA_r0,road_loopA_r1,3074.6,3208.6,134.0,1297.8,34.9,1
1050,car,4.5,road_loopA_r0,road_loopA_r1,3056.4,3210.2,153.8,1297.6,30.4,1
1087,car,4.5,road_loopA_r0,road_loopA_r1,3084.1,3210.8,126.7,1298.5,36.9,1
1076,car,4.5,road_loopA_r0,road_loopA_r1,3074.3,3211.5,137.2,1297.9,34.1,1
1121,car,4.5,road_loopA_r0,road_loopA_r1,3117.3,3212.5,95.2,1297.8,49.1,0
1102,car,4.5,road_loopA_r0,road_loopA_r1,3103.3,3212.7,109.4,1298.0,42.7,0
1101,suv,4.8,road_loopA_r0,road_loopA_r1,3102.2,3213.2,111.0,1298.4,42.1,0
1124,car,4.5,road_loopA_r0,road_loopA_r1,3118.1,3214.4,96.3,1298.2,48.6,0
1129,car,4.5,road_loopA_r0,road_loopA_r1,3124.2,3214.5,90.3,1297.6,51.7,0
1108,suv,4.8,road_loopA_r0,road_loopA_r1,3107.1,3214.9,107.8,1298.0,43.4,0
1110,suv,4.8,road_loopA_r0,road_loopA_r1,3108.9,3216.7,107.8,1298.6,43.4,0
1067,suv,4.8,road_loopA_r0,road_loopA_r1,3064.4,3217.0,152.6,1297.3,30.6,1
1074,car,4.5,road_loopA_f0,road_loopA_f1,3073.8,3220.8,147.0,1303.0,31.9,1
1120,truck,8.5,road_loopA_r0,xloopA_0Ab,3117.1,3222.2,105.1,869.0,29.8,1
1134,car,4.5,road_loopA_r0,road_loopA_r1,3130.4,3222.7,92.3,1298.4,50.6,0
1111,car,4.5,road_loopA_r0,road_loopA_r1,3109.3,3223.2,113.9,1298.3,41.0,0
1089,car,4.5,road_loopA_f0,road_loopA_f1,3085.2,3223.5,138.3,1303.6,33.9,1
1126,suv,4.8,road_loopA_r0,road_loopA_r1,3118.9,3224.5,105.6,1298.1,44.2,0
1078,truck,8.5,road_loopA_f0,road_loopA_f1,3074.4,3225.8,151.4,1303.2,31.0,1
1138,car,4.5,road_loopA_r0,road_loopA_r1,3134.6,3225.9,91.3,1298.4,51.2,0
1131,truck,8.5,road_loopA_r0,road_loopA_r1,3127.8,3226.2,98.4,1298.5,47.5,0
1117,suv,4.8,road_loopA_r0,road_loopA_r1,3112.5,3227.3,114.8,1297.6,40.7,0
1092,car,4.5,road_loopA_f0,road_loopA_f1,3093.9,3227.4,133.5,1304.0,35.2,1
1144,car,4.5,road_loopA_r0,road_loopA_r1,3139.5,3229.0,89.5,1298.2,52.2,0
1133,suv,4.8,road_loopA_r0,road_loopA_r1,3129.9,3229.1,99.2,1298.6,47.1,0
1093,car,4.5,road_loopA_f0,road_loopA_f1,3095.1,3229.3,134.2,1303.1,34.9,1
1142,car,4.5,road_loopA_r0,road_loopA_r1,3139.3,3229.5,90.2,1298.5,51.8,0
1103,car,4.5,road_loopA_f0,road_loopA_f1,3106.0,3231.1,125.1,1302.8,37.5,1
1148,car,4.5,road_loopA_r0,road_loopA_r1,3140.5,3231.2,90.7,1298.5,51.5,0
1150,suv,4.8,road_loopA_r0,road_loopA_r1,3141.2,3231.8,90.6,1298.2,51.6,0
1069,car,4.5,xloopA_0Aa,road_loopA_f1,3069.0,3231.9,162.9,872.5,19.3,0
1107,car,4.5,road_loopA_f0,road_loopA_f1,3107.1,3233.0,125.9,1303.2,37.3,1
1114,suv,4.8,road_loopA_f0,road_loopA_f1,3111.2,3234.8,123.6,1304.1,38.0,1
1155,suv,4.8,road_loopA_r0,road_loopA_r1,3147.1,3236.1,89.0,1297.3,52.5,0
1098,car,4.5,road_loopA_f0,road_loopA_f1,3100.8,3237.3,136.5,1302.9,34.4,1
1158,suv,4.8,road_loopA_r0,road_loopA_r1,3148.5,3237.4,88.9,1297.3,52.5,0
1119,car,4.5,road_loopA_f0,road_loopA_f1,3116.0,3238.7,122.7,1303.8,38.3,1
1090,car,4.5,road_loopA_r0,xloopA_0Bb,3087.0,3240.1,153.1,895.6,21.1,2
1151,car,4.5,road_loopA_f0,xloopA_0Ab,3142.4,3240.6,98.2,505.0,18.5,2
1116,suv,4.8,road_loopA_f0,road_loopA_f1,3112.5,3241.6,129.1,1303.9,36.4,1
1053,car,4.5,xloopA_0Aa,road_loopA_f1,3060.5,3241.9,181.4,872.0,17.3,1
1028,car,4.5,xloopA_0Ba,road_loopA_f1,3042.2,3242.6,200.4,902.6,16.2,0
1097,suv,4.8,road_loopA_r0,xloopA_0Bb,3099.1,3242.7,143.6,895.6,22.5,2
1176,car,4.5,road_loopA_f0,xloopA_0Ab,3172.6,3243.2,70.6,505.0,25.7,1
1132,car,4.5,road_loopA_f0,road_loopA_f1,3128.3,3243.3,115.0,1303.5,40.8,0
1065,suv,4.8,road_loopA_f0,road_loopA_f1,3063.7,3244.3,180.6,1303.5,26.0,1
1137,car,4.5,road_loopA_f0,road_loopA_f1,3134.0,3245.1,111.1,1303.9,42.2,1
1197,car,4.5,road_loopA_f0,xloopA_0Ab,3184.2,3245.9,61.7,505.3,29.5,1
1085,truck,8.5,road_loopA_f0,road_loopA_f1,3080.7,3246.0,165.3,1303.7,28.4,1
1162,car,4.5,road_loopA_r0,road_loopA_r1,3154.4,3246.1,91.7,1297.5,50.9,0
1091,car,4.5,road_loopA_f0,road_loopA_f1,3088.8,3247.1,158.3,1303.9,29.6,1
1173,truck,8.5,road_loopA_r0,xloopA_0Bb,3165.5,3248.8,83.3,895.4,38.7,0
1122,car,4.5,road_loopA_f0,road_loopA_f1,3117.4,3249.0,131.6,1302.8,35.6,0
1161,car,4.5,road_loopA_r0,road_loopA_r1,3153.2,3249.0,95.8,1297.7,48.8,0
1106,truck,8.5,road_loopA_f0,road_loopA_f1,3106.6,3249.5,142.9,1303.9,32.9,1
1145,car,4.5,road_loopA_f0,road_loopA_f1,3139.8,3250.7,110.9,1303.0,42.3,0
1166,car,4.5,road_loopA_r0,road_loopA_r1,3159.8,3250.8,91.0,1298.0,51.4,0
1096,suv,4.8,road_loopA_f0,road_loopA_f1,3097.2,3251.5,154.3,1303.6,30.4,1
1139,car,4.5,road_loopA_f0,road_loopA_f1,3137.8,3253.0,115.2,1303.2,40.7,0
1049,car,4.5,xloopA_0Ba,xloopA_0Bb,3055.8,3253.2,197.4,84.8,1.5,1
1130,car,4.5,road_loopA_f0,road_loopA_f1,3125.7,3254.1,128.4,1303.4,36.5,0
1128,car,4.5,xloopA_0Aa,xloopA_0Ab,3123.7,3254.7,131.0,84.3,2.3,1
1159,car,4.5,road_loopA_f0,road_loopA_f1,3151.7,3254.7,103.0,1302.8,45.5,0
1109,car,4.5,xloopA_0Aa,road_loopA_f1,3108.5,3254.9,146.4,872.0,21.4,0
1072,car,4.5,xloopA_0Ba,xloopA_0Bb,3070.2,3255.5,185.3,84.5,1.6,1
1127,car,4.5,road_loopA_f0,road_loopA_f1,3121.0,3256.0,135.0,1303.5,34.8,0
1160,car,4.5,road_loopA_f0,road_loopA_f1,3152.8,3256.6,103.8,1303.6,45.2,0
1135,car,4.5,xloopA_0Aa,xloopA_0Ab,3132.6,3256.8,124.2,84.3,2.4,1
1171,car,4.5,road_loopA_r0,road_loopA_r1,3164.1,3257.5,93.4,1298.3,50.1,0
1141,car,4.5,road_loopA_f0,road_loopA_f1,3139.0,3257.8,118.8,1302.9,39.5,0
1164,suv,4.8,road_loopA_f0,road_loopA_f1,3156.9,3258.4,101.5,1304.0,46.3,0
1149,suv,4.8,road_loopA_f0,road_loopA_f1,3141.0,3259.2,118.2,1303.9,39.7,0
1188,car,4.5,xloopA_0Aa,xloopA_0Ab,3179.7,3259.5,79.8,84.4,3.8,0
1167,car,4.5,road_loopA_f0,road_loopA_f1,3160.3,3260.2,99.9,1303.0,47.0,0
1157,car,4.5,road_loopA_f0,road_loopA_f1,3147.7,3260.8,113.1,1303.6,41.5,0
1118,car,4.5,road_loopA_f0,road_loopA_f1,3114.7,3261.9,147.2,1303.7,31.9,1
1113,car,4.5,road_loopA_f0,road_loopA_f1,3110.7,3262.2,151.5,1304.0,31.0,1
1136,suv,4.8,road_loopA_f0,road_loopA_f1,3133.6,3263.9,130.3,1303.3,36.0,0
1100,car,4.5,road_loopA_f0,road_loopA_f1,3101.4,3264.9,163.5,1303.1,28.7,1
1146,car,4.5,road_loopA_f0,road_loopA_f1,3140.0,3265.7,125.7,1304.0,37.4,0
1153,car,4.5,road_loopA_f0,road_loopA_f1,3145.0,3266.6,121.6,1303.2,38.6,0
1152,suv,4.8,road_loopA_f0,road_loopA_f1,3143.0,3267.7,124.7,1304.1,37.7,0
1077,car,4.5,road_loopA_f0,road_loopA_f1,3074.5,3269.0,194.5,1302.8,24.1,1
1187,suv,4.8,road_loopA_f0,road_loopA_f1,3176.9,3269.0,92.1,1303.1,50.9,0
1083,suv,4.8,road_loopA_f0,road_loopA_f1,3078.4,3271.3,192.9,1303.3,24.3,1
1112,car,4.5,road_loopA_f0,road_loopA_f1,3110.1,3272.0,161.9,1304.0,29.0,1
1168,car,4.5,road_loopA_f0,road_loopA_f1,3161.0,3272.9,111.9,1302.9,41.9,0
1229,car,4.5,road_loopA_f0,xloopA_0Bb,3205.0,3273.1,68.1,478.5,25.3,1
1154,truck,8.5,road_loopA_f0,road_loopA_f1,3145.5,3274.9,129.4,1303.3,36.3,0
1191,car,4.5,road_loopA_f0,road_loopA_f1,3180.2,3274.9,94.7,1303.7,49.6,0
1196,car,4.5,road_loopA_f0,road_loopA_f1,3184.0,3276.8,92.8,1303.6,50.6,0
1086,bus,11.0,road_loopA_f0,road_loopA_f1,3081.6,3276.9,195.3,1303.4,24.0,3
1140,car,4.5,road_loopA_f0,road_loopA_f1,3138.6,3276.9,138.3,1303.9,33.9,0
1041,car,4.5,xloopA_0Ba,road_loopA_f1,3050.5,3278.1,227.6,902.4,14.3,0
1170,suv,4.8,road_loopA_f0,road_loopA_f1,3163.3,3279.1,115.8,1302.9,40.5,0
1189,car,4.5,road_loopA_f0,road_loopA_f1,3179.8,3279.5,99.7,1303.8,47.1,0
1099,suv,4.8,road_loopA_f0,road_loopA_f1,3100.8,3279.8,179.0,1303.6,26.2,1
1208,suv,4.8,road_loopA_f0,road_loopA_f1,3188.3,3281.0,92.7,1304.1,50.6,0
1104,car,4.5,road_loopA_f0,road_loopA_f1,3106.0,3281.4,175.4,1303.0,26.7,1
1115,car,4.5,road_loopA_f0,road_loopA_f1,3112.3,3281.4,169.1,1303.6,27.7,1
1186,suv,4.8,road_loopA_r0,xloopA_0Ab,3176.8,3282.4,105.6,869.3,29.6,2
1185,car,4.5,road_loopA_f0,road_loopA_f1,3176.8,3282.6,105.8,1303.4,44.3,0
1195,suv,4.8,road_loopA_f0,road_loopA_f1,3183.5,3282.9,99.4,1302.9,47.2,0
1262,car,4.5,road_loopA_f0,xloopA_0Bb,3234.9,3283.0,48.1,478.8,35.8,0
1105,suv,4.8,road_loopA_f0,road_loopA_f1,3106.2,3283.1,176.9,1304.0,26.5,1
1181,car,4.5,road_loopA_f0,road_loopA_f1,3174.7,3284.4,109.7,1303.5,42.8,0
1212,car,4.5,road_loopA_f0,road_loopA_f1,3190.5,3284.6,94.1,1304.1,49.9,0
1123,suv,4.8,road_loopA_f0,road_loopA_f1,3118.2,3284.9,166.7,1303.6,28.1,1
1165,car,4.5,road_loopA_f0,road_loopA_f1,3158.7,3286.2,127.5,1303.0,36.8,0
1143,car,4.5,road_loopA_f0,road_loopA_f1,3139.5,3286.7,147.2,1303.5,31.9,0
1201,car,4.5,road_loopA_f0,road_loopA_f1,3186.7,3288.2,101.5,1303.6,46.2,0
1156,car,4.5,road_loopA_f0,road_loopA_f1,3147.2,3288.5,141.3,1304.1,33.2,0
1205,car,4.5,road_loopA_f0,road_loopA_f1,3187.0,3288.5,101.5,1303.6,46.2,0
1163,car,4.5,road_loopA_f0,road_loopA_f1,3155.5,3290.4,134.9,1303.0,34.8,0
1198,suv,4.8,road_loopA_f0,road_loopA_f1,3184.2,3292.4,108.2,1303.0,43.4,0
1190,car,4.5,road_loopA_r0,xloopA_0Ab,3179.8,3295.4,115.6,869.2,27.1,2
1175,suv,4.8,road_loopA_r0,road_loopA_r1,3170.6,3298.4,127.8,1298.0,36.6,1
1094,bus,11.0,road_loopA_f0,road_loopA_f1,3095.1,3300.6,205.5,1303.3,22.8,4
1179,suv,4.8,road_loopA_r0,road_loopA_r1,3173.4,3303.2,129.8,1298.6,36.0,1
1178,car,4.5,road_loopA_r0,road_loopA_r1,3173.0,3308.6,135.6,1297.9,34.5,1
1180,car,4.5,road_loopA_r0,road_loopA_r1,3174.6,3311.0,136.4,1297.9,34.2,1
1073,car,4.5,xloopA_0Ba,road_loopA_r1,3070.7,3311.8,241.1,476.7,7.1,1
1183,car,4.5,xloopA_0Aa,road_loopA_r1,3175.8,3312.1,136.3,506.7,13.4,1
1203,car,4.5,road_loopA_r0,road_loopA_r1,3186.8,3312.9,126.1,1298.5,37.1,1
1172,car,4.5,road_loopA_r0,road_loopA_r1,3164.8,3313.5,148.7,1298.2,31.4,1
1169,truck,8.5,road_loopA_r0,road_loopA_r1,3161.3,3314.3,153.0,1297.4,30.5,1
1200,car,4.5,road_loopA_r0,road_loopA_r1,3185.8,3314.7,128.9,1297.5,36.2,1
1177,car,4.5,road_loopA_r0,road_loopA_r1,3172.7,3315.1,142.4,1297.4,32.8,1
1194,suv,4.8,road_loopA_r0,road_loopA_r1,3182.5,3316.3,133.8,1297.5,34.9,1
1204,truck,8.5,road_loopA_r0,road_loopA_r1,3186.8,3316.9,130.1,1297.5,35.9,1
1174,suv,4.8,road_loopA_r0,road_loopA_r1,3166.2,3317.0,150.8,1298.0,31.0,1
1193,car,4.5,road_loopA_r0,road_loopA_r1,3181.1,3317.8,136.7,1297.6,34.2,1
1192,car,4.5,road_loopA_r0,road_loopA_r1,3181.0,3318.7,137.7,1297.8,33.9,1
1206,car,4.5,road_loopA_r0,road_loopA_r1,3188.1,3319.5,131.4,1298.1,35.6,1
1214,car,4.5,road_loopA_r0,road_loopA_r1,3193.4,3319.7,126.3,1297.4,37.0,1
1202,suv,4.8,road_loopA_r0,road_loopA_r1,3186.6,3320.4,133.8,1297.5,34.9,1
1216,car,4.5,road_loopA_r0,road_loopA_r1,3194.6,3321.1,126.5,1297.3,36.9,1
1211,truck,8.5,road_loopA_r0,road_loopA_r1,3190.3,3321.7,131.4,1297.7,35.6,1
1215,car,4.5,road_loopA_r0,road_loopA_r1,3194.4,3322.6,128.2,1297.9,36.5,1
1207,car,4.5,road_loopA_r0,road_loopA_r1,3188.1,3324.0,135.9,1297.5,34.4,1
1221,car,4.5,road_loopA_r0,road_loopA_r1,3200.7,3324.0,123.3,1297.7,37.9,1
1223,car,4.5,road_loopA_r0,road_loopA_r1,3202.2,3324.3,122.1,1298.0,38.3,1
1233,suv,4.8,road_loopA_r0,road_loopA_r1,3207.0,3325.0,118.0,1297.7,39.6,1
1218,suv,4.8,road_loopA_r0,road_loopA_r1,3197.1,3325.7,128.6,1297.5,36.3,1
1232,car,4.5,road_loopA_r0,road_loopA_r1,3206.5,3326.1,119.6,1298.4,39.1,0
1220,car,4.5,road_loopA_f0,road_loopA_f1,3197.5,3326.9,129.4,1303.3,36.3,1
1240,car,4.5,road_loopA_r0,road_loopA_r1,3210.1,3327.9,117.8,1298.6,39.7,0
1231,suv,4.8,road_loopA_r0,road_loopA_r1,3205.6,3329.1,123.5,1298.1,37.8,0
1219,suv,4.8,road_loopA_f0,road_loopA_f1,3197.2,3329.2,132.0,1303.4,35.6,1
1235,car,4.5,road_loopA_r0,road_loopA_r1,3208.4,3330.0,121.6,1297.6,38.4,0
1224,car,4.5,road_loopA_f0,road_loopA_f1,3203.2,3331.1,127.9,1304.0,36.7,1
1252,suv,4.8,road_loopA_r0,road_loopA_r1,3223.8,3331.8,108.0,1297.8,43.3,0
1225,car,4.5,road_loopA_f0,road_loopA_f1,3203.2,3331.9,128.7,1303.9,36.5,1
1239,suv,4.8,road_loopA_f0,road_loopA_f1,3209.9,3331.9,122.0,1303.0,38.4,1
1250,car,4.5,road_loopA_r0,road_loopA_r1,3219.8,3331.9,112.1,1298.0,41.7,0
1265,car,4.5,road_loopA_r0,xloopA_0Ab,3239.3,3333.1,93.8,869.2,33.4,1
1263,car,4.5,road_loopA_r0,road_loopA_r1,3236.0,3334.2,98.2,1298.0,47.6,0
1242,truck,8.5,road_loopA_r0,road_loopA_r1,3213.1,3334.5,121.4,1298.0,38.5,0
1251,truck,8.5,road_loopA_r0,road_loopA_r1,3222.8,3334.9,112.1,1298.1,41.7,0
1269,car,4.5,road_loopA_r0,road_loopA_r1,3243.5,3335.9,92.4,1297.6,50.6,0
1261,car,4.5,road_loopA_r0,road_loopA_r1,3233.7,3336.8,103.1,1297.3,45.3,0
1271,car,4.5,road_loopA_r0,road_loopA_r1,3243.8,3337.7,93.9,1298.5,49.8,0
1264,suv,4.8,road_loopA_r0,road_loopA_r1,3236.0,3338.3,102.3,1298.4,45.7,0
1273,car,4.5,road_loopA_r0,road_loopA_r1,3245.2,3339.4,94.2,1297.6,49.6,0
1268,car,4.5,road_loopA_r0,road_loopA_r1,3241.7,3340.1,98.4,1297.7,47.5,0
1247,truck,8.5,road_loopA_f0,road_loopA_f1,3219.2,3341.2,122.0,1303.3,38.5,1
1275,car,4.5,road_loopA_r0,road_loopA_r1,3249.6,3341.3,91.7,1298.6,51.0,0
1270,car,4.5,road_loopA_r0,road_loopA_r1,3243.8,3341.5,97.7,1298.6,47.8,0
1243,suv,4.8,road_loopA_f0,road_loopA_f1,3215.7,3342.9,127.2,1303.9,36.9,1
1255,suv,4.8,road_loopA_f0,road_loopA_f1,3227.5,3343.2,115.7,1303.2,40.5,1
1274,truck,8.5,road_loopA_r0,road_loopA_r1,3247.6,3343.4,95.8,1297.4,48.8,0
1272,suv,4.8,road_loopA_r0,road_loopA_r1,3244.9,3343.5,98.6,1297.3,47.4,0
1228,suv,4.8,road_loopA_f0,road_loopA_f1,3204.9,3344.5,139.6,1303.2,33.6,1
1257,suv,4.8,road_loopA_f0,road_loopA_f1,3231.9,3345.0,113.1,1303.6,41.5,1
1246,car,4.5,road_loopA_f0,road_loopA_f1,3218.1,3345.3,127.2,1303.5,36.9,1
1260,car,4.5,road_loopA_f0,road_loopA_f1,3232.5,3346.8,114.3,1303.7,41.1,0
1249,car,4.5,road_loopA_f0,road_loopA_f1,3219.6,3347.5,127.9,1303.7,36.7,1
1248,truck,8.5,road_loopA_f0,road_loopA_f1,3219.5,3348.1,128.6,1302.9,36.5,1
1253,car,4.5,road_loopA_f0,road_loopA_f1,3224.1,3348.6,124.5,1304.1,37.7,1
1283,suv,4.8,road_loopA_f0,road_loopA_f1,3256.3,3350.1,93.8,1302.9,50.0,0
1266,car,4.5,road_loopA_f0,road_loopA_f1,3240.3,3350.4,110.1,1302.8,42.6,0
1278,car,4.5,road_loopA_r0,road_loopA_r1,3251.6,3351.2,99.6,1297.6,46.9,0
1282,car,4.5,road_loopA_r0,road_loopA_r1,3255.0,3351.2,96.2,1297.3,48.5,0
1277,car,4.5,road_loopA_f0,road_loopA_f1,3251.2,3352.2,101.0,1303.3,46.4,0
1256,car,4.5,road_loopA_f0,road_loopA_f1,3229.4,3352.4,123.0,1303.1,38.1,1
1182,car,4.5,road_loopA_r0,xloopA_0Bb,3174.9,3352.8,177.9,895.4,18.1,1
1230,suv,4.8,road_loopA_f0,xloopA_0Ab,3205.6,3353.5,147.9,505.7,12.3,1
1280,suv,4.8,road_loopA_r0,road_loopA_r1,3254.2,3353.7,99.5,1297.9,47.0,0
1290,car,4.5,road_loopA_f0,road_loopA_f1,3265.4,3354.9,89.5,1303.5,52.4,0
1284,car,4.5,road_loopA_r0,road_loopA_r1,3259.6,3355.1,95.5,1297.4,48.9,0
1184,car,4.5,road_loopA_r0,xloopA_0Bb,3176.1,3355.4,179.3,895.4,18.0,1
1259,suv,4.8,road_loopA_f0,road_loopA_f1,3232.3,3355.5,123.2,1303.8,38.1,0
1286,car,4.5,road_loopA_r0,road_loopA_r1,3262.6,3356.8,94.2,1298.7,49.6,0
1258,truck,8.5,road_loopA_f0,road_loopA_f1,3232.0,3358.0,126.0,1303.1,37.2,1
1209,car,4.5,road_loopA_r0,xloopA_0Bb,3188.7,3358.1,169.4,895.7,19.0,1
1288,suv,4.8,road_loopA_r0,road_loopA_r1,3264.2,3358.5,94.3,1297.9,49.5,0
1293,car,4.5,road_loopA_r0,road_loopA_r1,3266.9,3359.9,93.0,1297.9,50.2,0
1294,car,4.5,road_loopA_r0,road_loopA_r1,3267.8,3360.6,92.8,1297.4,50.3,0
1210,car,4.5,road_loopA_r0,xloopA_0Bb,3189.5,3360.7,171.2,895.4,18.8,1
1296,car,4.5,road_loopA_r0,road_loopA_r1,3268.5,3361.5,93.0,1297.3,50.2,0
1080,car,4.5,xloopA_0Ba,road_loopA_f1,3075.5,3361.8,286.3,902.9,11.4,0
1226,car,4.5,road_loopA_f0,road_loopA_f1,3203.4,3362.1,158.7,1303.1,29.6,1
1285,truck,8.5,road_loopA_r0,road_loopA_r1,3259.8,3362.2,102.4,1298.2,45.6,0
1292,car,4.5,road_loopA_f0,road_loopA_f1,3266.7,3362.3,95.6,1302.9,49.1,0
1279,car,4.5,road_loopA_f0,road_loopA_f1,3252.5,3363.2,110.7,1303.9,42.4,0
1299,car,4.5,road_loopA_r0,road_loopA_r1,3272.3,3363.3,91.0,1297.3,51.3,0
1213,car,4.5,road_loopA_r0,xloopA_0Bb,3193.4,3363.4,170.0,895.6,19.0,1
1217,suv,4.8,road_loopA_f0,road_loopA_f1,3197.0,3363.4,166.4,1303.0,28.2,1
1301,car,4.5,road_loopA_r0,road_loopA_r1,3272.8,3363.4,90.6,1298.2,51.6,0
1300,car,4.5,road_loopA_f0,road_loopA_f1,3272.6,3364.6,92.0,1304.0,51.0,0
1303,car,4.5,road_loopA_r0,road_loopA_r1,3273.6,3364.8,91.2,1298.0,51.2,0
1238,truck,8.5,road_loopA_f0,road_loopA_f1,3209.2,3366.0,156.8,1303.6,29.9,1
1267,car,4.5,road_loopA_f0,road_loopA_f1,3240.4,3367.1,126.7,1302.9,37.0,0
1306,suv,4.8,road_loopA_f0,road_loopA_f1,3274.6,3367.8,93.2,1302.8,50.3,0
1088,car,4.5,xloopA_0Ba,xloopA_0Bb,3085.1,3367.9,282.8,84.7,1.1,1
1234,car,4.5,xloopA_0Aa,xloopA_0Ab,3207.5,3369.8,162.3,84.2,1.9,1
1307,suv,4.8,road_loopA_f0,road_loopA_f1,3276.5,3370.6,94.1,1304.2,49.9,0
1295,truck,8.5,road_loopA_f0,road_loopA_f1,3267.9,3371.7,103.8,1303.0,45.2,0
1236,car,4.5,xloopA_0Aa,xloopA_0Ab,3209.0,3371.9,162.9,84.1,1.9,1
1316,car,4.5,road_loopA_f0,road_loopA_f1,3282.0,3372.4,90.4,1304.1,52.0,0
1304,car,4.5,road_loopA_f0,road_loopA_f1,3274.4,3373.6,99.2,1302.8,47.3,0
1245,car,4.5,xloopA_0Aa,xloopA_0Ab,3217.0,3374.4,157.4,84.6,1.9,1
1289,car,4.5,road_loopA_f0,road_loopA_f1,3264.3,3374.8,110.5,1303.7,42.5,0
1244,car,4.5,xloopA_0Ba,xloopA_0Bb,3216.7,3374.8,158.1,84.2,1.9,0
1305,suv,4.8,road_loopA_f0,road_loopA_f1,3274.6,3375.1,100.5,1303.3,46.7,0
1297,car,4.5,road_loopA_f0,road_loopA_f1,3269.0,3376.4,107.4,1303.6,43.7,0
1291,car,4.5,xloopA_0Aa,xloopA_0Ab,3266.3,3376.6,110.3,84.6,2.8,0
1302,car,4.5,road_loopA_f0,road_loopA_f1,3273.1,3377.1,104.0,1303.6,45.1,0
1340,car,4.5,xloopA_0Aa,xloopA_0Ab,3302.1,3378.8,76.7,84.6,4.0,0
1321,truck,8.5,road_loopA_f0,road_loopA_f1,3284.5,3381.2,96.7,1304.0,48.5,0
1281,car,4.5,xloopA_0Ba,xloopA_0Bb,3254.3,3381.8,127.5,84.5,2.4,0
1351,car,4.5,xloopA_0Aa,xloopA_0Ab,3313.4,3381.8,68.4,84.7,4.5,0
1384,car,4.5,xloopA_0Aa,xloopA_0Ab,3334.4,3387.3,52.9,84.5,5.7,0
1328,car,4.5,road_loopA_f0,road_loopA_f1,3287.5,3389.8,102.3,1302.9,45.8,0
1322,car,4.5,road_loopA_f0,road_loopA_f1,3285.8,3390.1,104.3,1303.6,45.0,0
1338,suv,4.8,road_loopA_f0,road_loopA_f1,3300.8,3391.5,90.7,1303.4,51.8,0
1335,car,4.5,road_loopA_f0,road_loopA_f1,3296.8,3391.8,95.0,1303.8,49.4,0
1337,car,4.5,road_loopA_f0,road_loopA_f1,3300.0,3398.9,98.9,1303.7,47.5,0
1377,car,4.5,road_loopA_f0,xloopA_0Bb,3331.9,3407.7,75.8,478.8,22.7,2
1309,car,4.5,road_loopA_r0,xloopA_0Ab,3278.3,3409.4,131.1,869.1,23.9,3
1405,car,4.5,road_loopA_f0,xloopA_0Bb,3348.8,3411.3,62.5,478.5,27.6,2
1333,car,4.5,road_loopA_r0,xloopA_0Ab,3296.0,3416.2,120.2,869.0,26.0,4
1385,suv,4.8,road_loopA_r0,xloopA_0Ab,3335.3,3423.9,88.6,869.3,35.3,0
1312,car,4.5,road_loopA_r0,road_loopA_r1,3280.1,3426.0,145.9,1298.5,32.0,1
1254,car,4.5,xloopA_0Ba,road_loopA_r1,3225.2,3426.7,201.5,476.2,8.5,0
1378,car,4.5,road_loopA_r0,xloopA_0Ab,3332.1,3427.2,95.1,869.2,32.9,1
1314,suv,4.8,road_loopA_r0,road_loopA_r1,3280.4,3429.9,149.5,1298.3,31.3,1
1310,suv,4.8,road_loopA_r0,road_loopA_r1,3279.6,3432.8,153.2,1297.4,30.5,1
1326,car,4.5,road_loopA_r0,road_loopA_r1,3286.9,3433.1,146.2,1298.4,32.0,1
1276,car,4.5,xloopA_0Ba,road_loopA_r1,3250.1,3433.5,183.4,476.3,9.4,0
1407,car,4.5,road_loopA_r0,xloopA_0Ab,3350.2,3434.5,84.3,869.0,37.1,0
1311,car,4.5,road_loopA_r0,road_loopA_r1,3280.0,3435.8,155.8,1298.1,30.0,1
1320,truck,8.5,road_loopA_r0,road_loopA_r1,3284.2,3436.4,152.2,1298.5,30.7,1
1330,car,4.5,road_loopA_r0,road_loopA_r1,3292.2,3437.4,145.2,1298.0,32.2,1
1308,car,4.5,road_loopA_r0,road_loopA_r1,3278.1,3438.2,160.1,1298.3,29.2,1
1315,car,4.5,xloopA_0Ba,road_loopA_r1,3281.6,3438.3,156.7,476.8,11.0,0
1336,suv,4.8,road_loopA_r0,road_loopA_r1,3297.4,3439.1,141.7,1297.8,33.0,1
1317,car,4.5,road_loopA_r0,road_loopA_r1,3282.5,3439.9,157.4,1298.0,29.7,1
1318,car,4.5,road_loopA_r0,road_loopA_r1,3282.9,3440.0,157.1,1298.1,29.7,1
1313,car,4.5,road_loopA_r0,road_loopA_r1,3280.2,3441.8,161.6,1297.4,28.9,1
1332,car,4.5,road_loopA_r0,road_loopA_r1,3295.2,3441.9,146.7,1297.5,31.8,1
1331,car,4.5,road_loopA_r0,road_loopA_r1,3293.3,3443.2,149.9,1298.3,31.2,1
1319,car,4.5,road_loopA_r0,road_loopA_r1,3283.2,3443.8,160.6,1297.9,29.1,1
1325,car,4.5,road_loopA_r0,road_loopA_r1,3286.5,3444.3,157.8,1297.3,29.6,1
1343,suv,4.8,road_loopA_r0,road_loopA_r1,3304.8,3446.1,141.3,1297.4,33.0,1
1334,car,4.5,road_loopA_r0,road_loopA_r1,3296.5,3446.3,149.8,1298.0,31.2,1
1354,truck,8.5,road_loopA_r0,road_loopA_r1,3315.5,3447.4,131.9,1298.1,35.4,1
1339,car,4.5,road_loopA_r0,road_loopA_r1,3301.8,3448.1,146.3,1298.5,31.9,1
1342,suv,4.8,road_loopA_r0,road_loopA_r1,3304.1,3449.8,145.7,1297.3,32.1,1
1341,car,4.5,road_loopA_r0,road_loopA_r1,3303.2,3450.1,146.9,1297.4,31.8,1
1372,suv,4.8,road_loopA_r0,road_loopA_r1,3326.6,3450.5,123.9,1297.4,37.7,1
1403,car,4.5,road_loopA_r0,xloopA_0Ab,3348.3,3450.5,102.2,868.8,30.6,1
1360,suv,4.8,road_loopA_r0,road_loopA_r1,3319.4,3451.8,132.4,1297.8,35.3,1
1345,suv,4.8,road_loopA_r0,road_loopA_r1,3306.5,3451.9,145.4,1298.3,32.1,1
1376,car,4.5,road_loopA_r0,road_loopA_r1,3331.5,3452.2,120.7,1298.4,38.7,1
1353,car,4.5,road_loopA_r0,road_loopA_r1,3315.2,3453.5,138.3,1298.1,33.8,1
1349,car,4.5,road_loopA_r0,road_loopA_r1,3311.4,3453.7,142.3,1298.3,32.8,1
1440,suv,4.8,road_loopA_r0,xloopA_0Ab,3381.6,3453.9,72.3,869.3,43.3,0
1348,car,4.5,road_loopA_f0,road_loopA_f1,3310.0,3454.8,144.8,1303.4,32.4,1
1381,suv,4.8,road_loopA_r0,road_loopA_r1,3333.9,3454.8,120.9,1297.9,38.7,1
1352,car,4.5,road_loopA_r0,road_loopA_r1,3315.2,3455.7,140.5,1297.9,33.3,1
1383,truck,8.5,road_loopA_r0,road_loopA_r1,3334.1,3457.6,123.5,1298.0,37.8,0
1404,suv,4.8,road_loopA_r0,road_loopA_r1,3348.5,3458.1,109.6,1298.4,42.7,0
1358,car,4.5,road_loopA_r0,road_loopA_r1,3318.7,3459.5,140.8,1298.0,33.2,1
1392,car,4.5,road_loopA_r0,road_loopA_r1,3339.7,3459.6,119.9,1297.8,39.0,0
1393,suv,4.8,road_loopA_r0,road_loopA_r1,3340.7,3460.6,119.9,1298.5,39.0,1
1350,car,4.5,road_loopA_f0,road_loopA_f1,3312.0,3460.8,148.8,1303.7,31.5,1
1370,car,4.5,road_loopA_r0,road_loopA_r1,3325.6,3461.2,135.6,1298.1,34.5,1
1391,car,4.5,road_loopA_r0,road_loopA_r1,3339.3,3461.3,122.0,1297.8,38.3,1
1382,car,4.5,road_loopA_r0,road_loopA_r1,3334.1,3462.9,128.8,1297.5,36.3,3
1329,bus,11.0,road_loopA_r0,road_loopA_r1,3292.0,3465.9,173.9,1298.2,26.9,6
1448,car,4.5,road_loopA_r0,xloopA_0Ab,3392.0,3466.3,74.3,869.1,42.1,0
1481,car,4.5,road_loopA_f0,xloopA_0Bb,3421.1,3466.6,45.5,478.6,37.8,0
1431,car,4.5,road_loopA_r0,xloopA_0Ab,3376.2,3469.1,92.9,868.9,33.7,1
1422,truck,8.5,road_loopA_r0,road_loopA_r1,3365.6,3469.8,104.2,1297.5,44.8,0
1399,suv,4.8,road_loopA_r0,road_loopA_r1,3342.4,3472.2,129.8,1298.1,36.0,0
1411,suv,4.8,road_loopA_r0,road_loopA_r1,3354.2,3472.9,118.7,1297.7,39.4,0
1430,car,4.5,road_loopA_r0,road_loopA_r1,3374.7,3474.6,99.9,1298.6,46.8,0
1298,bus,11.0,road_loopA_r0,road_loopA_r1,3270.1,3475.5,205.4,1297.2,22.7,4
1433,suv,4.8,road_loopA_r0,road_loopA_r1,3377.4,3475.9,98.5,1297.4,47.4,0
1227,car,4.5,road_loopA_r0,xloopA_0Bb,3204.4,3479.8,275.4,895.3,11.7,2
1375,suv,4.8,road_loopA_f0,xloopA_0Ab,3328.8,3480.4,151.6,505.4,12.0,1
1222,car,4.5,xloopA_0Ba,road_loopA_f1,3201.3,3481.1,279.8,902.3,11.6,1
1410,car,4.5,road_loopA_r0,road_loopA_r1,3352.1,3481.1,129.0,1297.7,36.2,1
1364,car,4.5,xloopA_0Aa,road_loopA_f1,3320.6,3481.3,160.7,872.8,19.6,0
1241,suv,4.8,road_loopA_r0,xloopA_0Bb,3212.9,3482.5,269.6,895.8,12.0,2
1347,car,4.5,road_loopA_f0,road_loopA_f1,3309.1,3482.8,173.7,1303.5,27.0,1
1363,suv,4.8,road_loopA_f0,road_loopA_f1,3320.4,3482.9,162.5,1303.8,28.9,1
1458,car,4.5,road_loopA_f0,xloopA_0Ab,3403.4,3483.0,79.6,505.1,22.8,1
1439,truck,8.5,road_loopA_r0,road_loopA_r1,3381.4,3483.1,101.7,1298.0,46.0,0
1147,car,4.5,xloopA_0Ba,road_loopA_f1,3140.4,3483.2,342.8,902.8,9.5,1
1371,car,4.5,road_loopA_f0,road_loopA_f1,3325.8,3484.5,158.7,1303.3,29.6,1
1359,truck,8.5,road_loopA_f0,road_loopA_f1,3318.9,3484.9,166.0,1303.2,28.3,1
1444,car,4.5,road_loopA_r0,road_loopA_r1,3387.1,3485.0,97.9,1297.7,47.7,0
1412,car,4.5,road_loopA_r0,road_loopA_r1,3354.8,3485.1,130.3,1297.3,35.8,1
1344,car,4.5,xloopA_0Aa,road_loopA_f1,3306.5,3485.2,178.7,872.3,17.6,0
1398,suv,4.8,road_loopA_r0,road_loopA_r1,3342.0,3485.3,143.3,1298.0,32.6,1
1237,truck,8.5,road_loopA_r0,xloopA_0Bb,3209.1,3486.0,276.9,895.9,11.6,2
1496,car,4.5,road_loopA_f0,xloopA_0Ab,3434.4,3486.0,51.6,505.1,35.2,0
1380,suv,4.8,road_loopA_f0,road_loopA_f1,3332.6,3486.3,153.7,1303.9,30.5,1
1449,suv,4.8,road_loopA_r0,road_loopA_r1,3392.3,3486.7,94.4,1297.5,49.5,0
1346,car,4.5,road_loopA_f0,road_loopA_f1,3308.9,3486.9,178.0,1303.7,26.4,1
1368,suv,4.8,road_loopA_f0,road_loopA_f1,3324.9,3486.9,162.0,1303.8,29.0,1
1408,car,4.5,road_loopA_r0,road_loopA_r1,3350.5,3487.1,136.6,1298.4,34.2,1
1414,suv,4.8,road_loopA_r0,road_loopA_r1,3357.5,3487.5,130.0,1298.2,36.0,1
1396,car,4.5,road_loopA_f0,road_loopA_f1,3341.8,3488.0,146.2,1303.6,32.1,1
1355,car,4.5,road_loopA_f0,road_loopA_f1,3315.9,3488.5,172.6,1303.1,27.2,1
1453,suv,4.8,road_loopA_r0,road_loopA_r1,3398.2,3488.5,90.3,1298.1,51.7,0
1366,car,4.5,road_loopA_f0,road_loopA_f1,3323.7,3488.6,164.9,1304.0,28.5,1
1287,car,4.5,road_loopA_r0,xloopA_0Bb,3263.2,3489.0,225.8,895.5,14.3,2
1506,truck,8.5,road_loopA_f0,xloopA_0Ab,3444.8,3489.3,44.5,504.9,40.8,0
1394,car,4.5,road_loopA_f0,road_loopA_f1,3340.9,3489.7,148.8,1303.7,31.5,1
1361,car,4.5,road_loopA_f0,road_loopA_f1,3320.1,3490.2,170.1,1304.0,27.6,1
1387,car,4.5,road_loopA_f0,road_loopA_f1,3335.8,3490.3,154.5,1304.0,30.4,1
1443,car,4.5,road_loopA_r0,road_loopA_r1,3384.7,3490.6,105.9,1297.5,44.1,0
1406,car,4.5,road_loopA_f0,road_loopA_f1,3349.1,3491.5,142.4,1303.1,32.9,1
1365,car,4.5,road_loopA_f0,road_loopA_f1,3320.8,3491.8,171.0,1303.3,27.4,1
1388,car,4.5,road_loopA_f0,road_loopA_f1,3337.0,3492.1,155.1,1302.9,30.2,1
1413,car,4.5,road_loopA_f0,road_loopA_f1,3355.9,3493.3,137.4,1302.8,34.1,1
1367,car,4.5,road_loopA_f0,road_loopA_f1,3324.4,3493.6,169.2,1303.0,27.7,1
1459,car,4.5,road_loopA_r0,road_loopA_r1,3403.5,3493.8,90.3,1298.5,51.8,0
1386,suv,4.8,road_loopA_f0,road_loopA_f1,3335.7,3493.9,158.2,1303.9,29.7,1
1454,car,4.5,road_loopA_r0,road_loopA_r1,3401.7,3494.1,92.4,1297.8,50.6,0
1420,car,4.5,road_loopA_f0,road_loopA_f1,3364.1,3495.1,131.0,1303.8,35.8,1
1369,car,4.5,road_loopA_f0,road_loopA_f1,3325.6,3495.3,169.7,1303.0,27.6,1
1327,car,4.5,xloopA_0Ba,xloopA_0Bb,3287.4,3495.3,207.9,84.4,1.5,1
1400,truck,8.5,road_loopA_f0,road_loopA_f1,3343.1,3496.1,153.0,1303.2,30.7,1
1424,suv,4.8,road_loopA_f0,road_loopA_f1,3367.5,3497.0,129.5,1303.4,36.2,1
1373,car,4.5,road_loopA_f0,road_loopA_f1,3327.7,3497.2,169.5,1304.0,27.7,1
1374,bus,11.0,road_loopA_r0,road_loopA_r1,3327.8,3497.6,169.8,1298.5,27.5,3
1356,car,4.5,xloopA_0Ba,xloopA_0Bb,3316.8,3498.0,181.2,84.7,1.7,1
1401,car,4.5,road_loopA_f0,road_loopA_f1,3345.7,3498.3,152.6,1304.0,30.8,1
1432,car,4.5,road_loopA_f0,road_loopA_f1,3376.9,3498.8,121.9,1303.9,38.5,0
1390,car,4.5,road_loopA_f0,road_loopA_f1,3337.6,3498.9,161.3,1303.5,29.1,1
1362,car,4.5,xloopA_0Ba,xloopA_0Bb,3320.1,3500.0,179.9,84.4,1.7,1
1418,suv,4.8,road_loopA_f0,road_loopA_f1,3362.7,3500.1,137.4,1303.6,34.2,1
1436,suv,4.8,road_loopA_f0,road_loopA_f1,3379.3,3500.6,121.3,1303.5,38.7,0
1389,car,4.5,road_loopA_f0,road_loopA_f1,3337.2,3500.8,163.6,1303.3,28.7,1
1419,car,4.5,road_loopA_f0,road_loopA_f1,3362.9,3501.9,139.0,1303.5,33.8,0
1402,car,4.5,xloopA_0Ba,xloopA_0Bb,3348.1,3502.1,154.0,84.7,2.0,0
1437,suv,4.8,road_loopA_f0,road_loopA_f1,3379.8,3502.4,122.6,1303.5,38.3,0
1461,car,4.5,xloopA_0Aa,xloopA_0Ab,3404.9,3502.5,97.6,84.3,3.1,0
1395,car,4.5,road_loopA_f0,road_loopA_f1,3341.2,3502.6,161.4,1303.2,29.1,1
1427,car,4.5,road_loopA_f0,road_loopA_f1,3370.2,3504.0,133.8,1303.5,35.1,0
1446,car,4.5,road_loopA_f0,road_loopA_f1,3389.9,3504.2,114.3,1303.5,41.1,0
1421,car,4.5,xloopA_0Ba,xloopA_0Bb,3364.7,3504.3,139.6,84.1,2.2,0
1397,suv,4.8,road_loopA_f0,road_loopA_f1,3342.0,3504.5,162.5,1303.6,28.9,1
1466,car,4.5,xloopA_0Aa,xloopA_0Ab,3409.0,3505.4,96.4,84.2,3.1,0
1423,suv,4.8,road_loopA_f0,road_loopA_f1,3365.9,3505.7,139.8,1303.3,33.6,0
1456,suv,4.8,road_loopA_f0,road_loopA_f1,3402.6,3506.0,103.4,1304.0,45.4,0
1409,car,4.5,road_loopA_f0,road_loopA_f1,3350.9,3506.4,155.5,1303.8,30.2,1
1429,car,4.5,road_loopA_f0,road_loopA_f1,3372.4,3507.5,135.1,1303.2,34.7,1
1468,car,4.5,road_loopA_f0,road_loopA_f1,3411.2,3507.8,96.6,1303.5,48.6,0
1416,suv,4.8,road_loopA_f0,road_loopA_f1,3359.7,3508.2,148.5,1303.3,31.6,1
1470,car,4.5,road_loopA_f0,road_loopA_f1,3413.3,3509.6,96.3,1304.1,48.8,0
1457,car,4.5,xloopA_0Ba,xloopA_0Bb,3402.6,3509.6,107.0,84.2,2.8,0
1510,car,4.5,xloopA_0Aa,xloopA_0Ab,3450.7,3509.9,59.2,84.1,5.1,0
1441,truck,8.5,road_loopA_f0,road_loopA_f1,3382.1,3510.1,128.0,1303.4,36.7,0
1425,truck,8.5,road_loopA_f0,road_loopA_f1,3369.4,3510.4,141.0,1303.2,33.3,0
1477,car,4.5,road_loopA_f0,road_loopA_f1,3418.0,3511.5,93.5,1303.2,50.2,0
1546,car,4.5,xloopA_0Aa,xloopA_0Ab,3489.5,3512.6,23.1,84.2,13.1,0
1450,truck,8.5,road_loopA_f0,road_loopA_f1,3394.8,3512.7,117.9,1303.7,39.8,0
1478,car,4.5,road_loopA_f0,road_loopA_f1,3418.1,3513.3,95.2,1304.2,49.3,0
1428,truck,8.5,road_loopA_f0,road_loopA_f1,3372.1,3513.9,141.8,1303.4,33.1,1
1552,car,4.5,xloopA_0Aa,xloopA_0Ab,3493.6,3514.4,20.8,84.3,14.6,0
1464,car,4.5,road_loopA_f0,road_loopA_f1,3408.4,3514.7,106.3,1303.6,44.1,0
1474,car,4.5,road_loopA_f0,road_loopA_f1,3415.5,3515.5,100.0,1304.2,46.9,0
1435,truck,8.5,road_loopA_f0,road_loopA_f1,3379.0,3516.5,137.5,1303.2,34.1,0
1462,car,4.5,road_loopA_f0,road_loopA_f1,3407.9,3516.5,108.6,1303.9,43.2,0
1471,car,4.5,road_loopA_f0,road_loopA_f1,3413.7,3518.1,104.4,1303.2,45.0,0
1447,car,4.5,road_loopA_f0,road_loopA_f1,3390.1,3518.3,128.2,1304.0,36.6,0
1438,suv,4.8,road_loopA_f0,road_loopA_f1,3381.4,3518.5,137.1,1303.5,34.2,0
1442,suv,4.8,road_loopA_f0,road_loopA_f1,3383.8,3520.3,136.5,1303.2,34.4,0
1493,car,4.5,road_loopA_f0,road_loopA_f1,3428.8,3520.4,91.6,1304.2,51.2,0
1473,truck,8.5,road_loopA_f0,road_loopA_f1,3414.4,3520.6,106.2,1302.8,44.2,0
1489,car,4.5,road_loopA_f0,road_loopA_f1,3427.3,3522.9,95.6,1303.5,49.1,0
1452,suv,4.8,road_loopA_f0,road_loopA_f1,3397.8,3523.1,125.3,1303.6,37.4,0
1491,car,4.5,road_loopA_f0,road_loopA_f1,3427.7,3524.9,97.2,1303.7,48.3,0
1467,truck,8.5,road_loopA_f0,road_loopA_f1,3409.8,3525.4,115.6,1303.8,40.6,0
1469,suv,4.8,road_loopA_f0,road_loopA_f1,3411.7,3527.5,115.8,1303.4,40.5,0
1486,car,4.5,road_loopA_f0,road_loopA_f1,3423.3,3527.7,104.4,1302.8,44.9,0
1426,bus,11.0,road_loopA_f0,road_loopA_f1,3369.8,3533.4,163.6,1303.3,28.7,2
1455,car,4.5,road_loopA_r0,xloopA_0Ab,3402.5,3536.3,133.8,869.1,23.4,3
1524,car,4.5,road_loopA_f0,xloopA_0Bb,3466.5,3536.4,69.9,478.8,24.6,2
1548,suv,4.8,road_loopA_f0,xloopA_0Bb,3491.0,3542.9,51.9,479.1,33.2,0
1465,suv,4.8,road_loopA_r0,road_loopA_r1,3408.6,3553.0,144.4,1297.4,32.3,1
1415,car,4.5,xloopA_0Aa,road_loopA_r1,3358.9,3554.1,195.2,506.5,9.3,1
1472,car,4.5,road_loopA_r0,road_loopA_r1,3413.8,3555.7,141.9,1298.1,32.9,1
1434,car,4.5,xloopA_0Aa,road_loopA_r1,3378.2,3556.3,178.1,506.8,10.2,1
1475,car,4.5,xloopA_0Aa,road_loopA_r1,3415.8,3556.3,140.5,507.1,13.0,0
1485,suv,4.8,road_loopA_r0,road_loopA_r1,3422.8,3558.0,135.2,1297.7,34.6,1
1480,car,4.5,road_loopA_r0,road_loopA_r1,3419.9,3558.3,138.4,1297.3,33.7,1
1517,truck,8.5,road_loopA_r0,xloopA_0Ab,3458.6,3560.2,101.6,868.8,30.8,1
1476,suv,4.8,road_loopA_r0,road_loopA_r1,3416.1,3560.3,144.2,1297.9,32.4,1
1532,car,4.5,xloopA_0Aa,road_loopA_r1,3476.1,3562.0,85.9,506.8,21.2,0
1487,car,4.5,road_loopA_r0,road_loopA_r1,3424.7,3562.9,138.2,1297.8,33.8,1
1460,car,4.5,road_loopA_r0,road_loopA_r1,3404.7,3563.7,159.0,1297.7,29.4,1
1483,truck,8.5,road_loopA_r0,road_loopA_r1,3421.7,3563.8,142.1,1297.6,32.9,1
1540,truck,8.5,road_loopA_r0,xloopA_0Ab,3484.1,3565.6,81.5,869.0,38.4,0
1490,car,4.5,road_loopA_r0,road_loopA_r1,3427.3,3565.8,138.5,1297.8,33.7,1
1482,truck,8.5,road_loopA_r0,road_loopA_r1,3421.0,3565.9,144.9,1298.1,32.3,1
1494,suv,4.8,road_loopA_r0,road_loopA_r1,3430.3,3567.5,137.2,1297.6,34.1,1
1484,suv,4.8,road_loopA_r0,road_loopA_r1,3421.9,3567.9,146.0,1298.6,32.0,1
1497,suv,4.8,road_loopA_r0,road_loopA_r1,3435.1,3569.6,134.5,1298.0,34.7,1
1501,truck,8.5,road_loopA_r0,road_loopA_r1,3439.9,3569.9,130.0,1297.9,35.9,1
1495,car,4.5,road_loopA_r0,road_loopA_r1,3433.1,3570.3,137.2,1297.6,34.0,1
1498,car,4.5,road_loopA_r0,road_loopA_r1,3436.1,3571.3,135.2,1297.4,34.5,1
1505,car,4.5,road_loopA_r0,road_loopA_r1,3444.5,3573.0,128.5,1298.3,36.4,1
1492,suv,4.8,road_loopA_r0,road_loopA_r1,3428.0,3574.1,146.1,1297.5,32.0,1
1507,truck,8.5,road_loopA_r0,road_loopA_r1,3445.5,3576.8,131.3,1298.6,35.6,1
1511,car,4.5,road_loopA_r0,road_loopA_r1,3451.8,3578.8,127.0,1297.9,36.8,1
1488,suv,4.8,road_loopA_r0,road_loopA_r1,3426.6,3579.1,152.5,1297.5,30.6,1
1523,suv,4.8,road_loopA_r0,road_loopA_r1,3465.9,3580.6,114.7,1298.3,40.7,0
1509,car,4.5,road_loopA_r0,road_loopA_r1,3448.9,3580.8,131.9,1298.4,35.4,1
1531,suv,4.8,road_loopA_r0,road_loopA_r1,3474.3,3581.6,107.3,1298.5,43.6,0
1528,car,4.5,road_loopA_r0,road_loopA_r1,3471.3,3582.3,111.0,1297.5,42.1,0
1513,suv,4.8,road_loopA_r0,road_loopA_r1,3453.7,3582.5,128.8,1298.4,36.3,1
1504,suv,4.8,road_loopA_f0,road_loopA_f1,3444.4,3584.0,139.6,1304.0,33.6,1
1519,suv,4.8,road_loopA_r0,road_loopA_r1,3459.1,3584.2,125.1,1298.2,37.3,1
1499,suv,4.8,road_loopA_f0,road_loopA_f1,3439.0,3584.5,145.5,1303.2,32.3,1
1534,suv,4.8,road_loopA_r0,road_loopA_r1,3479.5,3584.6,105.1,1297.9,44.5,0
1417,car,4.5,xloopA_0Aa,road_loopA_f1,3361.7,3585.6,223.9,872.8,14.0,1
1521,car,4.5,road_loopA_r0,road_loopA_r1,3464.0,3585.9,121.9,1297.5,38.3,0
1545,car,4.5,road_loopA_r0,road_loopA_r1,3488.1,3586.1,98.0,1298.3,47.7,0
1502,truck,8.5,road_loopA_f0,road_loopA_f1,3440.4,3586.7,146.3,1303.4,32.1,1
1479,bus,11.0,road_loopA_f0,road_loopA_f1,3419.2,3586.8,167.6,1303.0,28.0,2
1525,truck,8.5,road_loopA_r0,road_loopA_r1,3466.4,3588.3,121.9,1297.9,38.3,0
1553,car,4.5,road_loopA_r0,road_loopA_r1,3493.8,3588.5,94.7,1297.5,49.3,0
1520,car,4.5,road_loopA_f0,road_loopA_f1,3463.6,3588.8,125.2,1303.8,37.5,1
1508,suv,4.8,road_loopA_f0,road_loopA_f1,3447.6,3589.8,142.2,1303.6,33.0,1
1530,car,4.5,road_loopA_r0,road_loopA_r1,3473.5,3590.3,116.8,1298.2,40.0,0
1554,suv,4.8,road_loopA_r0,road_loopA_r1,3495.0,3590.8,95.8,1297.6,48.8,0
1515,suv,4.8,road_loopA_f0,road_loopA_f1,3456.4,3591.5,135.1,1303.2,34.7,1
1527,car,4.5,road_loopA_f0,road_loopA_f1,3469.9,3591.9,122.0,1303.0,38.5,1
1541,car,4.5,road_loopA_r0,road_loopA_r1,3484.3,3592.3,108.0,1298.1,43.3,0
1526,car,4.5,road_loopA_f0,road_loopA_f1,3469.4,3593.3,123.9,1304.1,37.9,1
1562,car,4.5,road_loopA_r0,road_loopA_r1,3505.3,3594.3,89.0,1297.3,52.5,0
1514,car,4.5,road_loopA_f0,road_loopA_f1,3454.8,3594.5,139.7,1303.7,33.6,1
1547,truck,8.5,road_loopA_r0,road_loopA_r1,3489.6,3595.1,105.5,1298.4,44.3,0
1463,bus,11.0,road_loopA_r0,road_loopA_r1,3407.9,3595.8,187.9,1298.2,24.9,2
1522,car,4.5,road_loopA_f0,road_loopA_f1,3466.0,3602.7,136.7,1303.9,34.3,1
1539,suv,4.8,road_loopA_f0,road_loopA_f1,3483.7,3603.0,119.3,1303.4,39.3,0
1535,car,4.5,road_loopA_f0,road_loopA_f1,3480.0,3604.3,124.3,1302.9,37.7,1
1518,truck,8.5,road_loopA_f0,road_loopA_f1,3459.0,3604.9,145.9,1303.1,32.1,1
1568,car,4.5,road_loopA_r0,road_loopA_r1,3510.6,3605.6,95.0,1297.7,49.2,0
1543,car,4.5,road_loopA_f0,road_loopA_f1,3487.3,3606.0,118.7,1303.0,39.5,0
1572,suv,4.8,road_loopA_r0,road_loopA_r1,3516.6,3606.2,89.6,1297.4,52.1,0
1569,suv,4.8,road_loopA_r0,road_loopA_r1,3511.2,3606.6,95.4,1297.6,48.9,0
1570,car,4.5,road_loopA_r0,road_loopA_r1,3511.2,3607.3,96.1,1297.7,48.6,0
1537,suv,4.8,road_loopA_f0,road_loopA_f1,3483.7,3607.9,124.2,1304.1,37.8,1
1323,truck,8.5,road_loopA_r0,xloopA_0Bb,3286.0,3608.3,322.3,895.3,10.0,2
1573,car,4.5,road_loopA_r0,road_loopA_r1,3517.5,3609.0,91.5,1297.3,51.0,0
1533,car,4.5,road_loopA_f0,road_loopA_f1,3476.2,3609.6,133.4,1303.9,35.2,1
1324,car,4.5,road_loopA_r0,xloopA_0Bb,3286.2,3611.3,325.1,895.6,9.9,2
1580,car,4.5,road_loopA_r0,road_loopA_r1,3522.5,3611.4,88.9,1297.3,52.5,0
1500,car,4.5,road_loopA_f0,road_loopA_f1,3439.6,3612.6,173.0,1303.3,27.1,1
1542,suv,4.8,road_loopA_f0,road_loopA_f1,3486.7,3612.8,126.1,1303.8,37.2,0
1357,car,4.5,road_loopA_r0,xloopA_0Bb,3317.0,3613.9,296.9,895.3,10.9,2
1629,car,4.5,road_loopA_f0,xloopA_0Ab,3568.0,3613.9,45.9,505.3,39.7,0
1559,truck,8.5,road_loopA_f0,road_loopA_f1,3501.3,3614.1,112.8,1303.9,41.6,0
1529,car,4.5,road_loopA_f0,road_loopA_f1,3472.0,3614.4,142.4,1303.3,33.0,1
1567,car,4.5,road_loopA_f0,road_loopA_f1,3510.6,3616.0,105.4,1302.9,44.5,0
1549,car,4.5,road_loopA_f0,road_loopA_f1,3492.0,3616.3,124.3,1303.3,37.7,0
1379,suv,4.8,road_loopA_r0,xloopA_0Bb,3332.4,3616.6,284.2,895.6,11.3,2
1550,car,4.5,road_loopA_f0,road_loopA_f1,3492.4,3616.9,124.5,1303.3,37.7,0
1571,car,4.5,road_loopA_f0,road_loopA_f1,3515.8,3617.8,102.0,1304.0,46.0,0
1582,car,4.5,road_loopA_f0,road_loopA_f1,3523.6,3619.5,95.9,1303.5,48.9,0
1577,car,4.5,road_loopA_r0,road_loopA_r1,3521.1,3619.6,98.5,1297.8,47.4,0
1551,truck,8.5,road_loopA_f0,road_loopA_f1,3492.6,3620.0,127.4,1302.9,36.8,0
1565,car,4.5,road_loopA_f0,road_loopA_f1,3508.2,3621.2,113.0,1303.3,41.5,0
1588,car,4.5,road_loopA_r0,road_loopA_r1,3527.8,3621.3,93.5,1298.3,50.0,0
1579,truck,8.5,road_loopA_r0,road_loopA_r1,3521.8,3621.9,100.1,1297.8,46.7,0
1575,car,4.5,xloopA_0Ba,xloopA_0Bb,3518.9,3622.1,103.2,84.2,2.9,1
1576,suv,4.8,road_loopA_f0,road_loopA_f1,3520.1,3622.3,102.2,1303.0,45.9,0
1566,car,4.5,road_loopA_f0,road_loopA_f1,3509.0,3622.4,113.4,1303.0,41.4,0
1584,suv,4.8,road_loopA_r0,road_loopA_r1,3524.0,3622.7,98.7,1297.7,47.3,0
1561,car,4.5,xloopA_0Aa,xloopA_0Ab,3505.2,3622.9,117.7,84.4,2.6,1
1585,car,4.5,road_loopA_f0,road_loopA_f1,3524.6,3624.0,99.4,1303.3,47.2,0
1594,car,4.5,road_loopA_r0,road_loopA_r1,3535.2,3624.4,89.2,1297.9,52.4,0
1564,suv,4.8,road_loopA_f0,road_loopA_f1,3507.9,3624.9,117.0,1303.7,40.1,0
1574,car,4.5,xloopA_0Aa,xloopA_0Ab,3517.8,3625.0,107.2,84.6,2.8,1
1578,car,4.5,xloopA_0Ba,xloopA_0Bb,3521.6,3625.9,104.3,84.2,2.9,1
1587,car,4.5,road_loopA_f0,road_loopA_f1,3527.7,3626.7,99.0,1302.8,47.4,0
1595,suv,4.8,road_loopA_f0,road_loopA_f1,3535.6,3626.7,91.1,1302.8,51.5,0
1606,car,4.5,xloopA_0Aa,xloopA_0Ab,3545.6,3627.1,81.5,84.4,3.7,1
1607,car,4.5,xloopA_0Ba,xloopA_0Bb,3547.0,3628.2,81.2,84.4,3.7,1
1560,suv,4.8,road_loopA_f0,road_loopA_f1,3504.9,3628.7,123.8,1304.1,37.9,0
1597,car,4.5,road_loopA_f0,road_loopA_f1,3536.2,3629.5,93.3,1304.2,50.3,0
1581,suv,4.8,road_loopA_f0,road_loopA_f1,3523.3,3630.9,107.6,1303.0,43.6,0
1593,suv,4.8,road_loopA_f0,road_loopA_f1,3534.3,3631.8,97.5,1302.8,48.1,0
1451,car,4.5,xloopA_0Ba,road_loopA_f1,3394.9,3632.4,237.5,902.4,13.7,0
1503,car,4.5,road_loopA_f0,road_loopA_f1,3440.5,3634.1,193.6,1302.8,24.2,1
1590,car,4.5,road_loopA_f0,road_loopA_f1,3531.5,3634.3,102.8,1303.9,45.7,0
1536,car,4.5,road_loopA_f0,road_loopA_f1,3482.7,3636.0,153.3,1303.0,30.6,0
1601,car,4.5,road_loopA_f0,road_loopA_f1,3539.5,3636.0,96.5,1303.7,48.6,0
1563,car,4.5,road_loopA_f0,road_loopA_f1,3506.8,3637.6,130.8,1303.4,35.9,0
1538,car,4.5,road_loopA_f0,road_loopA_f1,3483.8,3637.7,153.9,1302.9,30.5,0
1555,car,4.5,road_loopA_f0,road_loopA_f1,3497.9,3639.4,141.5,1303.3,33.2,0
1604,car,4.5,road_loopA_f0,road_loopA_f1,3542.1,3641.7,99.6,1303.5,47.1,0
1599,truck,8.5,road_loopA_f0,road_loopA_f1,3538.4,3643.5,105.1,1303.0,44.6,0
1609,car,4.5,road_loopA_f0,road_loopA_f1,3550.3,3644.0,93.7,1303.8,50.1,0
1614,suv,4.8,road_loopA_f0,road_loopA_f1,3555.5,3645.6,90.1,1303.5,52.1,0
1612,car,4.5,road_loopA_f0,road_loopA_f1,3552.9,3645.7,92.8,1303.9,50.6,0
1613,car,4.5,road_loopA_f0,road_loopA_f1,3554.6,3647.5,92.9,1303.7,50.5,0
1592,car,4.5,road_loopA_f0,road_loopA_f1,3532.7,3647.7,115.0,1303.1,40.8,0
1621,car,4.5,road_loopA_f0,road_loopA_f1,3561.2,3652.8,91.6,1302.9,51.2,0
1617,car,4.5,road_loopA_f0,road_loopA_f1,3557.6,3657.4,99.8,1303.5,47.0,0
1605,car,4.5,road_loopA_f0,road_loopA_f1,3543.4,3658.5,115.1,1303.5,40.8,0
1598,suv,4.8,road_loopA_r0,road_loopA_r1,3537.2,3667.6,130.4,1298.3,35.8,1
1596,suv,4.8,road_loopA_r0,road_loopA_r1,3536.0,3669.1,133.1,1297.9,35.1,1
1602,car,4.5,road_loopA_r0,road_loopA_r1,3540.8,3670.6,129.8,1297.9,36.0,1
1586,car,4.5,road_loopA_r0,road_loopA_r1,3526.7,3672.8,146.1,1298.1,32.0,1
1611,car,4.5,road_loopA_r0,road_loopA_r1,3552.3,3673.4,121.1,1298.2,38.6,1
1591,suv,4.8,road_loopA_r0,road_loopA_r1,3532.0,3676.6,144.6,1298.4,32.3,1
1600,truck,8.5,road_loopA_r0,road_loopA_r1,3539.1,3676.8,137.7,1298.2,33.9,1
1610,truck,8.5,road_loopA_r0,road_loopA_r1,3551.6,3678.6,127.0,1297.6,36.8,1
1618,suv,4.8,road_loopA_r0,road_loopA_r1,3557.8,3678.7,120.9,1297.5,38.7,1
1608,truck,8.5,road_loopA_r0,road_loopA_r1,3549.8,3678.8,129.0,1297.5,36.2,1
1619,car,4.5,road_loopA_r0,road_loopA_r1,3558.7,3683.2,124.5,1298.6,37.5,1
1615,suv,4.8,road_loopA_r0,road_loopA_r1,3557.2,3683.7,126.5,1298.2,36.9,1
1624,car,4.5,road_loopA_r0,road_loopA_r1,3564.9,3684.7,119.8,1298.5,39.0,1
1627,suv,4.8,road_loopA_r0,road_loopA_r1,3567.1,3685.5,118.4,1298.1,39.5,1
1623,suv,4.8,road_loopA_r0,road_loopA_r1,3564.6,3686.8,122.2,1297.8,38.2,0
1603,car,4.5,road_loopA_r0,road_loopA_r1,3541.6,3688.4,146.8,1297.9,31.8,1
1626,car,4.5,road_loopA_r0,road_loopA_r1,3566.3,3689.1,122.8,1298.2,38.1,0
1616,car,4.5,road_loopA_r0,road_loopA_r1,3557.3,3690.2,132.9,1297.6,35.2,1
1622,car,4.5,road_loopA_r0,road_loopA_r1,3561.7,3692.1,130.4,1297.3,35.8,1
1633,suv,4.8,road_loopA_r0,road_loopA_r1,3576.8,3692.3,115.5,1297.9,40.5,0
1635,suv,4.8,road_loopA_r0,road_loopA_r1,3577.5,3692.5,115.0,1298.4,40.6,0
1631,car,4.5,road_loopA_r0,road_loopA_r1,3575.9,3694.0,118.1,1297.6,39.6,0
1641,car,4.5,road_loopA_r0,road_loopA_r1,3587.0,3694.0,107.0,1298.2,43.7,0
1644,suv,4.8,road_loopA_r0,road_loopA_r1,3589.4,3694.7,105.3,1297.6,44.4,0
1643,car,4.5,road_loopA_r0,road_loopA_r1,3589.0,3695.7,106.7,1298.0,43.8,0
1642,car,4.5,road_loopA_r0,road_loopA_r1,3588.1,3695.8,107.7,1298.5,43.4,0
1628,car,4.5,road_loopA_f0,road_loopA_f1,3567.7,3696.1,128.4,1304.1,36.6,1
1645,suv,4.8,road_loopA_r0,road_loopA_r1,3590.7,3697.4,106.7,1297.4,43.8,0
1654,car,4.5,road_loopA_r0,road_loopA_r1,3595.3,3697.5,102.2,1298.6,45.8,0
1634,car,4.5,road_loopA_f0,road_loopA_f1,3577.2,3699.0,121.8,1302.8,38.5,1
1656,car,4.5,road_loopA_r0,road_loopA_r1,3596.9,3699.2,102.3,1297.7,45.7,0
1660,car,4.5,road_loopA_r0,road_loopA_r1,3598.5,3699.3,100.8,1298.6,46.4,0
1671,car,4.5,road_loopA_r0,road_loopA_r1,3606.2,3701.0,94.8,1297.9,49.3,0
1653,suv,4.8,road_loopA_r0,road_loopA_r1,3595.0,3702.1,107.1,1298.2,43.6,0
1729,car,4.5,road_loopA_f0,xloopA_0Bb,3661.4,3703.1,41.7,478.6,41.4,0
1625,car,4.5,road_loopA_f0,road_loopA_f1,3566.0,3704.1,138.1,1303.0,34.0,1
1646,car,4.5,road_loopA_r0,road_loopA_r1,3591.0,3705.3,114.3,1297.5,40.9,1
1640,car,4.5,road_loopA_f0,road_loopA_f1,3586.7,3705.8,119.1,1303.2,39.4,1
1636,car,4.5,road_loopA_f0,road_loopA_f1,3579.6,3706.2,126.6,1303.2,37.1,1
1649,car,4.5,road_loopA_f0,road_loopA_f1,3591.9,3708.1,116.2,1303.5,40.4,1
1659,car,4.5,road_loopA_f0,road_loopA_f1,3598.6,3709.0,110.4,1302.8,42.5,1
1663,suv,4.8,road_loopA_r0,road_loopA_r1,3600.3,3710.0,109.7,1297.7,42.6,0
1655,suv,4.8,road_loopA_f0,road_loopA_f1,3596.6,3710.1,113.5,1303.4,41.3,1
1638,car,4.5,road_loopA_f0,road_loopA_f1,3583.3,3710.5,127.2,1303.6,36.9,1
1668,car,4.5,road_loopA_f0,road_loopA_f1,3604.4,3711.9,107.5,1303.1,43.6,0
1665,car,4.5,road_loopA_f0,road_loopA_f1,3602.4,3712.2,109.8,1303.5,42.7,0
1680,car,4.5,road_loopA_r0,road_loopA_r1,3616.1,3712.5,96.4,1298.6,48.5,0
1664,suv,4.8,road_loopA_r0,road_loopA_r1,3601.2,3714.4,113.2,1297.5,41.3,0
1672,suv,4.8,road_loopA_f0,road_loopA_f1,3607.5,3714.4,106.9,1304.0,43.9,0
1662,car,4.5,road_loopA_f0,road_loopA_f1,3599.9,3714.6,114.7,1303.3,40.9,0
1685,suv,4.8,road_loopA_r0,road_loopA_r1,3622.4,3715.2,92.8,1297.4,50.3,0
1669,car,4.5,road_loopA_r0,road_loopA_r1,3605.2,3716.1,110.9,1298.1,42.1,0
1681,car,4.5,road_loopA_f0,road_loopA_f1,3618.3,3716.2,97.9,1303.1,47.9,0
1652,car,4.5,road_loopA_f0,road_loopA_f1,3593.9,3717.4,123.5,1302.9,38.0,1
1684,car,4.5,road_loopA_r0,road_loopA_r1,3622.2,3717.5,95.3,1298.1,49.0,0
1667,car,4.5,road_loopA_f0,road_loopA_f1,3604.1,3718.0,113.9,1303.4,41.2,0
1676,car,4.5,road_loopA_r0,road_loopA_r1,3612.8,3718.0,105.2,1298.1,44.4,0
1688,car,4.5,road_loopA_r0,road_loopA_r1,3625.5,3718.0,92.5,1297.5,50.5,0
1683,truck,8.5,road_loopA_f0,road_loopA_f1,3621.3,3720.0,98.7,1303.1,47.5,0
1691,car,4.5,road_loopA_r0,road_loopA_r1,3626.2,3720.3,94.1,1298.4,49.7,0
1686,car,4.5,road_loopA_r0,road_loopA_r1,3622.5,3720.6,98.1,1298.4,47.7,0
1678,car,4.5,road_loopA_r0,road_loopA_r1,3613.8,3721.5,107.7,1297.4,43.4,0
1694,suv,4.8,road_loopA_r0,road_loopA_r1,3628.5,3722.0,93.5,1297.6,50.0,0
1639,car,4.5,road_loopA_f0,road_loopA_f1,3583.4,3722.2,138.8,1303.3,33.8,1
1445,car,4.5,road_loopA_r0,xloopA_0Bb,3389.5,3722.4,332.9,895.4,9.7,3
1670,suv,4.8,road_loopA_f0,road_loopA_f1,3606.1,3722.6,116.5,1303.8,40.3,0
1647,suv,4.8,road_loopA_f0,xloopA_0Ab,3591.4,3723.0,131.6,504.9,13.8,1
1689,suv,4.8,road_loopA_r0,road_loopA_r1,3625.8,3723.2,97.4,1297.7,48.0,0
1696,car,4.5,road_loopA_r0,road_loopA_r1,3628.9,3723.2,94.3,1297.4,49.5,0
1700,car,4.5,road_loopA_r0,road_loopA_r1,3633.2,3723.8,90.6,1298.2,51.6,0
1673,car,4.5,road_loopA_f0,road_loopA_f1,3609.5,3724.0,114.5,1303.9,41.0,0
1650,car,4.5,xloopA_0Aa,road_loopA_f1,3592.2,3724.7,132.5,872.0,23.7,0
1512,car,4.5,road_loopA_r0,xloopA_0Bb,3452.1,3725.0,272.9,895.5,11.8,2
1661,car,4.5,road_loopA_f0,xloopA_0Ab,3599.4,3725.6,126.2,505.0,14.4,1
1703,car,4.5,road_loopA_r0,road_loopA_r1,3635.1,3726.0,90.9,1297.9,51.4,0
1632,car,4.5,road_loopA_f0,road_loopA_f1,3576.1,3726.4,150.3,1303.8,31.2,1
1690,car,4.5,road_loopA_f0,road_loopA_f1,3626.0,3726.7,100.7,1303.8,46.6,0
1516,suv,4.8,road_loopA_r0,xloopA_0Bb,3456.4,3727.7,271.3,895.8,11.9,2
1695,suv,4.8,road_loopA_r0,road_loopA_r1,3628.6,3727.8,99.2,1297.7,47.1,0
1675,truck,8.5,road_loopA_f0,road_loopA_f1,3610.1,3727.9,117.8,1303.3,39.8,0
1704,suv,4.8,road_loopA_f0,xloopA_0Ab,3638.2,3728.3,90.1,505.3,20.2,1
1657,truck,8.5,road_loopA_f0,road_loopA_f1,3597.3,3728.6,131.3,1303.8,35.7,1
1698,car,4.5,road_loopA_f0,road_loopA_f1,3629.6,3728.9,99.3,1303.5,47.3,0
1701,truck,8.5,road_loopA_r0,road_loopA_r1,3633.9,3729.0,95.1,1298.4,49.2,0
1682,car,4.5,road_loopA_f0,road_loopA_f1,3621.2,3730.0,108.8,1303.0,43.1,0
1544,car,4.5,road_loopA_r0,xloopA_0Bb,3487.5,3730.4,242.9,895.6,13.3,2
1728,car,4.5,road_loopA_f0,xloopA_0Ab,3660.6,3731.0,70.4,505.2,25.8,1
1679,suv,4.8,road_loopA_f0,road_loopA_f1,3615.0,3731.9,116.9,1303.1,40.1,0
1702,car,4.5,road_loopA_r0,road_loopA_r1,3634.5,3732.4,97.9,1298.1,47.7,0
1705,car,4.5,road_loopA_f0,road_loopA_f1,3638.3,3732.6,94.3,1303.1,49.7,0
1557,car,4.5,road_loopA_r0,xloopA_0Bb,3499.5,3733.0,233.5,895.3,13.8,2
1651,car,4.5,road_loopA_f0,road_loopA_f1,3592.8,3733.7,140.9,1303.0,33.3,1
1737,car,4.5,road_loopA_f0,xloopA_0Ab,3667.4,3733.7,66.3,505.4,27.5,1
1707,suv,4.8,road_loopA_f0,road_loopA_f1,3643.0,3733.9,90.9,1303.3,51.6,0
1708,suv,4.8,road_loopA_f0,road_loopA_f1,3643.8,3734.6,90.8,1304.0,51.7,0
1697,car,4.5,road_loopA_r0,road_loopA_r1,3629.3,3735.1,105.8,1298.4,44.2,0
1714,car,4.5,road_loopA_f0,road_loopA_f1,3647.4,3737.0,89.6,1302.9,52.3,0
1674,car,4.5,xloopA_0Aa,xloopA_0Ab,3610.1,3737.7,127.6,84.5,2.4,1
1630,suv,4.8,road_loopA_f0,road_loopA_f1,3574.1,3737.8,163.7,1303.5,28.7,1
1709,car,4.5,road_loopA_r0,road_loopA_r1,3643.9,3738.7,94.8,1298.0,49.3,0
1715,car,4.5,road_loopA_f0,road_loopA_f1,3650.7,3740.1,89.4,1303.8,52.5,0
1710,car,4.5,road_loopA_r0,road_loopA_r1,3645.3,3740.6,95.3,1298.1,49.0,0
1745,car,4.5,xloopA_0Aa,xloopA_0Ab,3671.9,3740.6,68.7,84.6,4.4,1
1693,car,4.5,road_loopA_r0,road_loopA_r1,3628.5,3741.1,112.6,1298.4,41.5,0
1746,car,4.5,xloopA_0Aa,xloopA_0Ab,3671.9,3742.7,70.8,84.6,4.3,1
1699,car,4.5,road_loopA_r0,road_loopA_r1,3631.5,3744.5,113.0,1298.0,41.4,0
1757,car,4.5,xloopA_0Aa,xloopA_0Ab,3683.3,3744.8,61.5,84.2,4.9,0
1719,car,4.5,road_loopA_f0,road_loopA_f1,3655.7,3745.0,89.3,1303.1,52.5,0
1712,suv,4.8,road_loopA_f0,road_loopA_f1,3646.5,3746.0,99.5,1304.1,47.2,0
1766,car,4.5,xloopA_0Aa,xloopA_0Ab,3694.5,3747.3,52.8,84.6,5.8,0
1716,truck,8.5,road_loopA_f0,road_loopA_f1,3650.7,3747.4,96.7,1303.8,48.5,0
1620,car,4.5,xloopA_0Ba,road_loopA_f1,3560.8,3750.4,189.6,902.4,17.1,0
1648,bus,11.0,road_loopA_r0,road_loopA_r1,3591.5,3752.0,160.5,1298.3,29.1,2
1763,car,4.5,xloopA_0Ba,xloopA_0Bb,3689.7,3752.8,63.1,84.0,4.8,0
1721,suv,4.8,road_loopA_f0,road_loopA_f1,3656.3,3754.8,98.5,1303.6,47.7,0
1776,car,4.5,xloopA_0Ba,xloopA_0Bb,3702.1,3754.8,52.7,84.5,5.8,0
1724,suv,4.8,road_loopA_f0,road_loopA_f1,3657.2,3756.5,99.3,1303.7,47.3,0
1727,car,4.5,road_loopA_f0,road_loopA_f1,3660.6,3760.0,99.4,1303.4,47.2,0
1733,suv,4.8,road_loopA_f0,road_loopA_f1,3665.9,3760.7,94.8,1303.5,49.5,0
1723,truck,8.5,road_loopA_f0,road_loopA_f1,3656.7,3761.5,104.8,1302.8,44.7,0
1741,car,4.5,road_loopA_f0,road_loopA_f1,3668.8,3762.4,93.6,1303.6,50.2,0
1738,car,4.5,road_loopA_f0,road_loopA_f1,3667.7,3763.5,95.8,1303.9,49.0,0
1720,car,4.5,road_loopA_f0,road_loopA_f1,3655.7,3765.3,109.6,1303.0,42.8,0
1730,car,4.5,road_loopA_f0,road_loopA_f1,3662.2,3765.9,103.7,1303.0,45.2,0
1748,car,4.5,road_loopA_f0,road_loopA_f1,3673.7,3767.7,94.0,1303.7,49.9,0
1751,suv,4.8,road_loopA_f0,xloopA_0Bb,3678.1,3773.8,95.7,479.0,18.0,1
1759,car,4.5,road_loopA_f0,xloopA_0Bb,3686.4,3779.3,92.9,478.8,18.6,1
1769,car,4.5,road_loopA_f0,xloopA_0Bb,3697.3,3782.9,85.6,478.7,20.1,1
1658,car,4.5,xloopA_0Ba,road_loopA_r1,3597.6,3790.5,192.9,476.8,8.9,1
1828,suv,4.8,road_loopA_f0,xloopA_0Bb,3753.2,3795.1,41.9,479.1,41.1,0
1677,car,4.5,xloopA_0Ba,road_loopA_r1,3613.0,3802.0,189.0,476.7,9.1,1
1706,suv,4.8,road_loopA_r0,road_loopA_r1,3642.3,3802.6,160.3,1297.5,29.1,1
1718,car,4.5,road_loopA_r0,road_loopA_r1,3651.4,3804.4,153.0,1297.9,30.5,1
1692,truck,8.5,road_loopA_r0,road_loopA_r1,3626.6,3805.3,178.7,1298.2,26.2,1
1717,car,4.5,road_loopA_r0,road_loopA_r1,3650.7,3806.0,155.3,1298.6,30.1,1
1807,car,4.5,road_loopA_r0,xloopA_0Ab,3735.0,3806.4,71.4,869.2,43.8,0
1722,car,4.5,road_loopA_r0,road_loopA_r1,3656.5,3807.3,150.8,1298.1,31.0,1
1840,car,4.5,road_loopA_f0,xloopA_0Bb,3762.2,3807.3,45.1,478.7,38.2,0
1731,car,4.5,road_loopA_r0,road_loopA_r1,3663.7,3808.6,144.9,1298.2,32.2,1
1711,car,4.5,road_loopA_r0,road_loopA_r1,3645.7,3810.0,164.3,1298.0,28.4,1
1726,car,4.5,road_loopA_r0,road_loopA_r1,3659.9,3810.3,150.4,1297.3,31.1,1
1725,car,4.5,road_loopA_r0,road_loopA_r1,3657.5,3810.9,153.4,1297.9,30.5,1
1742,car,4.5,road_loopA_r0,road_loopA_r1,3669.2,3811.6,142.4,1297.5,32.8,1
1734,suv,4.8,road_loopA_r0,road_loopA_r1,3667.2,3812.3,145.1,1298.5,32.2,1
1713,car,4.5,road_loopA_r0,road_loopA_r1,3647.1,3813.9,166.8,1297.3,28.0,1
1739,car,4.5,road_loopA_r0,road_loopA_r1,3668.3,3814.0,145.7,1297.6,32.1,1
1749,car,4.5,road_loopA_r0,road_loopA_r1,3675.2,3815.8,140.6,1297.9,33.2,1
1736,truck,8.5,road_loopA_r0,road_loopA_r1,3667.3,3817.3,150.0,1297.4,31.1,1
1854,car,4.5,road_loopA_f0,xloopA_0Bb,3774.8,3818.0,43.2,478.7,39.9,0
1754,car,4.5,road_loopA_r0,road_loopA_r1,3679.4,3818.7,139.3,1297.5,33.5,1
1747,car,4.5,road_loopA_r0,road_loopA_r1,3673.4,3818.9,145.5,1298.3,32.1,1
1752,truck,8.5,road_loopA_r0,road_loopA_r1,3678.6,3821.0,142.4,1298.4,32.8,1
1856,car,4.5,road_loopA_f0,xloopA_0Bb,3776.6,3821.1,44.5,478.9,38.7,0
1753,truck,8.5,road_loopA_r0,road_loopA_r1,3679.0,3822.1,143.1,1297.7,32.7,1
1756,car,4.5,road_loopA_r0,road_loopA_r1,3680.6,3823.1,142.5,1297.3,32.8,1
1755,car,4.5,road_loopA_r0,road_loopA_r1,3679.8,3824.2,144.4,1298.0,32.4,1
1666,suv,4.8,road_loopA_r0,road_loopA_r1,3603.7,3824.8,221.1,1297.6,21.1,1
1760,truck,8.5,road_loopA_r0,road_loopA_r1,3688.5,3825.3,136.8,1298.4,34.2,1
1789,car,4.5,road_loopA_r0,road_loopA_r1,3716.3,3825.9,109.6,1297.8,42.6,1
1761,suv,4.8,road_loopA_r0,road_loopA_r1,3688.6,3827.3,138.7,1298.2,33.7,1
1768,car,4.5,road_loopA_r0,road_loopA_r1,3697.2,3827.4,130.2,1298.5,35.9,1
1798,car,4.5,road_loopA_r0,road_loopA_r1,3729.1,3827.8,98.7,1297.5,47.3,0
1779,suv,4.8,road_loopA_r0,road_loopA_r1,3704.1,3829.1,125.0,1297.2,37.4,1
1805,car,4.5,road_loopA_r0,xloopA_0Ab,3734.1,3829.1,95.0,869.1,33.0,1
1774,truck,8.5,road_loopA_r0,road_loopA_r1,3701.6,3829.4,127.8,1297.6,36.5,0
1762,car,4.5,road_loopA_f0,road_loopA_f1,3689.2,3829.8,140.6,1302.9,33.4,1
1802,suv,4.8,road_loopA_r0,road_loopA_r1,3733.5,3830.5,97.0,1297.8,48.2,0
1782,suv,4.8,road_loopA_r0,road_loopA_r1,3708.5,3831.0,122.5,1298.5,38.2,1
1795,suv,4.8,road_loopA_r0,road_loopA_r1,3725.6,3831.4,105.8,1298.0,44.2,0
1823,car,4.5,road_loopA_r0,xloopA_0Ab,3749.3,3831.9,82.6,869.2,37.9,0
1806,car,4.5,road_loopA_r0,road_loopA_r1,3734.2,3832.3,98.1,1298.3,47.6,0
1784,car,4.5,road_loopA_r0,road_loopA_r1,3712.7,3832.7,120.0,1298.3,38.9,12
1809,car,4.5,road_loopA_r0,road_loopA_r1,3737.9,3834.0,96.1,1297.8,48.6,0
1794,car,4.5,road_loopA_r0,road_loopA_r1,3725.1,3834.4,109.3,1297.3,42.7,0
1812,car,4.5,road_loopA_r0,road_loopA_r1,3742.6,3835.0,92.4,1298.4,50.6,0
1830,car,4.5,road_loopA_r0,xloopA_0Ab,3756.4,3835.4,79.0,869.0,39.6,0
1796,car,4.5,road_loopA_r0,road_loopA_r1,3726.9,3836.2,109.3,1297.6,42.7,0
1687,car,4.5,xloopA_0Ba,road_loopA_f1,3622.7,3836.9,214.2,902.9,15.2,1
1764,car,4.5,road_loopA_f0,road_loopA_f1,3689.8,3838.0,148.2,1303.2,31.7,1
1820,car,4.5,road_loopA_r0,road_loopA_r1,3748.1,3838.3,90.2,1297.8,51.8,0
1801,car,4.5,road_loopA_r0,road_loopA_r1,3732.7,3838.4,105.7,1297.9,44.2,0
1772,car,4.5,xloopA_0Aa,road_loopA_f1,3698.6,3838.4,139.8,872.5,22.5,0
1773,car,4.5,road_loopA_f0,road_loopA_f1,3699.1,3839.8,140.7,1303.9,33.4,1
1814,car,4.5,road_loopA_r0,road_loopA_r1,3746.5,3840.2,93.7,1298.6,49.9,0
1781,car,4.5,road_loopA_f0,road_loopA_f1,3705.5,3841.5,136.0,1303.0,34.5,1
1824,suv,4.8,road_loopA_r0,road_loopA_r1,3749.8,3842.1,92.3,1298.4,50.6,0
1786,car,4.5,road_loopA_f0,road_loopA_f1,3715.5,3843.4,127.9,1303.9,36.7,1
1740,bus,11.0,road_loopA_f0,road_loopA_f1,3668.5,3843.5,175.0,1303.3,26.8,2
1825,car,4.5,road_loopA_r0,road_loopA_r1,3750.9,3843.8,92.9,1297.9,50.3,0
1800,car,4.5,road_loopA_f0,road_loopA_f1,3730.5,3844.3,113.8,1303.6,41.2,1
1829,car,4.5,road_loopA_r0,road_loopA_r1,3755.0,3845.5,90.5,1297.3,51.6,0
1808,car,4.5,road_loopA_f0,road_loopA_f1,3737.1,3846.0,108.9,1303.9,43.1,1
1765,car,4.5,road_loopA_f0,road_loopA_f1,3690.8,3846.1,155.3,1302.9,30.2,1
1810,car,4.5,road_loopA_f0,road_loopA_f1,3738.8,3847.7,108.9,1302.9,43.1,0
1767,car,4.5,road_loopA_f0,road_loopA_f1,3696.4,3849.4,153.0,1304.1,30.7,1
1811,car,4.5,road_loopA_r0,road_loopA_r1,3741.3,3849.4,108.1,1297.9,43.2,0
1816,car,4.5,road_loopA_f0,road_loopA_f1,3747.0,3849.5,102.5,1303.3,45.8,0
1758,car,4.5,xloopA_0Ba,road_loopA_f1,3685.0,3849.7,164.7,902.9,19.7,0
1558,truck,8.5,road_loopA_r0,xloopA_0Bb,3500.3,3850.9,350.6,895.3,9.2,3
1817,suv,4.8,road_loopA_f0,road_loopA_f1,3747.4,3851.3,103.9,1303.5,45.2,0
1775,truck,8.5,road_loopA_f0,xloopA_0Ab,3701.9,3851.5,149.6,505.3,12.2,1
1744,suv,4.8,road_loopA_f0,road_loopA_f1,3671.4,3853.1,181.7,1303.7,25.8,1
1833,car,4.5,road_loopA_f0,road_loopA_f1,3758.4,3853.1,94.7,1303.8,49.6,0
1834,car,4.5,road_loopA_r0,road_loopA_r1,3759.7,3853.1,93.4,1297.4,50.0,0
1822,truck,8.5,road_loopA_r0,road_loopA_r1,3748.9,3853.2,104.3,1298.2,44.8,0
1583,car,4.5,road_loopA_r0,xloopA_0Bb,3523.8,3853.9,330.1,895.6,9.8,3
1787,suv,4.8,road_loopA_f0,xloopA_0Ab,3715.9,3854.5,138.6,505.4,13.1,1
1770,car,4.5,road_loopA_f0,road_loopA_f1,3698.0,3854.8,156.8,1303.8,29.9,1
1837,car,4.5,road_loopA_r0,road_loopA_r1,3761.1,3855.0,93.9,1297.7,49.8,0
1841,suv,4.8,road_loopA_f0,road_loopA_f1,3764.0,3855.1,91.1,1303.1,51.5,0
1735,car,4.5,xloopA_0Ba,road_loopA_f1,3667.3,3855.3,188.0,902.9,17.3,0
1589,car,4.5,road_loopA_r0,xloopA_0Bb,3531.3,3856.6,325.3,895.8,9.9,3
1778,car,4.5,road_loopA_f0,road_loopA_f1,3703.4,3856.7,153.3,1303.4,30.6,1
1842,car,4.5,road_loopA_f0,road_loopA_f1,3764.1,3857.0,92.9,1303.5,50.5,0
1836,car,4.5,road_loopA_r0,road_loopA_r1,3761.1,3857.1,96.0,1298.2,48.7,0
1867,suv,4.8,road_loopA_f0,xloopA_0Ab,3789.1,3857.2,68.1,505.3,26.7,1
1750,car,4.5,xloopA_0Ba,road_loopA_f1,3675.6,3857.6,182.0,902.5,17.8,0
1843,suv,4.8,road_loopA_r0,road_loopA_r1,3764.5,3857.8,93.3,1298.2,50.1,0
1827,car,4.5,road_loopA_r0,road_loopA_r1,3751.5,3858.1,106.6,1297.9,43.8,0
1792,suv,4.8,road_loopA_f0,road_loopA_f1,3721.3,3858.5,137.2,1303.8,34.2,1
1637,car,4.5,road_loopA_r0,xloopA_0Bb,3580.0,3859.2,279.2,895.5,11.5,2
1771,suv,4.8,road_loopA_f0,road_loopA_f1,3698.1,3859.3,161.2,1303.5,29.1,1
1844,suv,4.8,road_loopA_r0,road_loopA_r1,3765.4,3859.6,94.2,1298.4,49.6,0
1839,suv,4.8,road_loopA_f0,road_loopA_f1,3762.1,3859.7,97.6,1304.2,48.1,0
1847,car,4.5,road_loopA_r0,road_loopA_r1,3770.2,3859.9,89.7,1298.1,52.1,0
1804,car,4.5,road_loopA_f0,road_loopA_f1,3734.0,3860.2,126.2,1302.9,37.2,0
1777,suv,4.8,road_loopA_f0,road_loopA_f1,3702.3,3861.0,158.7,1303.4,29.6,1
1791,car,4.5,road_loopA_f0,road_loopA_f1,3721.0,3862.0,141.0,1303.6,33.3,1
1818,car,4.5,road_loopA_f0,road_loopA_f1,3747.5,3862.5,115.0,1303.0,40.8,0
1780,suv,4.8,road_loopA_f0,road_loopA_f1,3704.8,3862.7,157.9,1303.0,29.7,1
1813,car,4.5,road_loopA_f0,road_loopA_f1,3746.4,3863.8,117.4,1303.9,40.0,0
1846,car,4.5,road_loopA_f0,road_loopA_f1,3767.2,3864.0,96.8,1303.3,48.5,0
1783,suv,4.8,road_loopA_f0,road_loopA_f1,3708.5,3864.4,155.9,1302.9,30.1,1
1819,car,4.5,xloopA_0Aa,xloopA_0Ab,3747.8,3864.7,116.9,84.1,2.6,1
1790,car,4.5,road_loopA_f0,road_loopA_f1,3719.3,3865.7,146.4,1304.1,32.1,1
1826,car,4.5,road_loopA_f0,road_loopA_f1,3751.6,3865.8,114.2,1303.7,41.1,0
1785,car,4.5,road_loopA_f0,road_loopA_f1,3714.3,3866.2,151.9,1303.7,30.9,1
1821,car,4.5,xloopA_0Ba,xloopA_0Bb,3748.9,3867.3,118.4,84.6,2.6,1
1815,car,4.5,road_loopA_f0,road_loopA_f1,3746.7,3867.7,121.0,1303.2,38.8,0
1788,car,4.5,road_loopA_f0,road_loopA_f1,3716.4,3868.0,151.6,1304.0,31.0,1
1835,car,4.5,xloopA_0Aa,xloopA_0Ab,3760.1,3869.0,108.9,84.5,2.8,1
1803,car,4.5,road_loopA_f0,road_loopA_f1,3733.9,3869.2,135.3,1303.0,34.7,0
1799,suv,4.8,road_loopA_f0,road_loopA_f1,3729.4,3869.8,140.4,1303.5,33.4,1
1832,car,4.5,xloopA_0Ba,xloopA_0Bb,3757.5,3869.9,112.4,84.5,2.7,1
1838,car,4.5,road_loopA_r0,road_loopA_r1,3761.9,3870.0,108.1,1298.1,43.2,0
1878,car,4.5,xloopA_0Aa,xloopA_0Ab,3795.1,3871.1,76.0,84.5,4.0,0
1879,car,4.5,xloopA_0Ba,xloopA_0Bb,3797.9,3872.2,74.3,84.6,4.1,0
1888,car,4.5,xloopA_0Aa,xloopA_0Ab,3807.6,3872.9,65.3,84.1,4.6,0
1858,car,4.5,road_loopA_f0,road_loopA_f1,3777.9,3873.2,95.3,1303.1,49.2,0
1905,car,4.5,xloopA_0Ba,xloopA_0Bb,3821.0,3874.0,53.0,84.1,5.7,0
1918,car,4.5,xloopA_0Ba,xloopA_0Bb,3833.2,3876.1,42.9,84.0,7.0,0
1849,suv,4.8,road_loopA_f0,road_loopA_f1,3771.9,3876.5,104.6,1303.5,44.8,0
1848,truck,8.5,road_loopA_f0,road_loopA_f1,3771.6,3877.2,105.6,1302.9,44.4,0
1860,suv,4.8,road_loopA_f0,road_loopA_f1,3780.9,3877.2,96.3,1303.3,48.7,0
1919,car,4.5,xloopA_0Ba,xloopA_0Bb,3835.7,3877.8,42.1,84.8,7.2,0
1850,car,4.5,road_loopA_f0,road_loopA_f1,3772.3,3878.2,105.9,1303.1,44.3,0
1870,suv,4.8,road_loopA_f0,road_loopA_f1,3790.7,3880.0,89.3,1302.8,52.5,0
1929,car,4.5,xloopA_0Ba,xloopA_0Bb,3846.0,3880.2,34.2,84.6,8.9,0
1852,truck,8.5,road_loopA_f0,road_loopA_f1,3774.4,3880.4,106.0,1302.8,44.3,0
1943,car,4.5,xloopA_0Ba,xloopA_0Bb,3860.9,3882.1,21.2,84.2,14.3,0
1853,suv,4.8,road_loopA_f0,road_loopA_f1,3774.8,3882.3,107.5,1303.9,43.7,0
1872,car,4.5,road_loopA_f0,road_loopA_f1,3792.4,3882.8,90.4,1304.0,51.9,0
1859,suv,4.8,road_loopA_f0,road_loopA_f1,3779.8,3884.0,104.2,1304.1,45.1,0
1851,car,4.5,road_loopA_f0,road_loopA_f1,3774.3,3884.3,110.0,1303.9,42.7,0
1868,car,4.5,road_loopA_f0,road_loopA_f1,3789.5,3888.0,98.5,1303.1,47.6,0
1873,car,4.5,road_loopA_f0,road_loopA_f1,3792.5,3888.5,96.0,1302.9,48.9,0
1871,truck,8.5,road_loopA_f0,road_loopA_f1,3791.0,3890.1,99.1,1302.8,47.3,0
1877,suv,4.8,road_loopA_f0,road_loopA_f1,3795.0,3890.4,95.4,1302.9,49.2,0
1884,car,4.5,road_loopA_f0,road_loopA_f1,3802.2,3891.5,89.3,1303.1,52.5,0
1885,car,4.5,road_loopA_f0,road_loopA_f1,3802.4,3893.3,90.9,1303.3,51.6,0
1855,car,4.5,road_loopA_r0,xloopA_0Ab,3776.2,3898.8,122.6,869.1,25.5,2
1875,car,4.5,road_loopA_f0,road_loopA_f1,3794.0,3901.4,107.4,1303.2,43.7,0
1912,suv,4.8,road_loopA_f0,xloopA_0Bb,3828.3,3906.5,78.2,479.1,22.0,2
1936,car,4.5,road_loopA_f0,xloopA_0Bb,3854.3,3910.2,55.9,478.9,30.8,1
1797,car,4.5,xloopA_0Ba,road_loopA_r1,3727.2,3922.2,195.0,476.4,8.8,1
1857,car,4.5,road_loopA_r0,road_loopA_r1,3777.5,3924.4,146.9,1298.6,31.8,1
1861,suv,4.8,road_loopA_r0,road_loopA_r1,3781.8,3928.0,146.2,1297.5,32.0,1
1831,car,4.5,xloopA_0Aa,road_loopA_r1,3756.9,3928.3,171.4,506.8,10.6,1
1862,car,4.5,road_loopA_r0,road_loopA_r1,3782.4,3929.9,147.5,1298.0,31.7,1
1845,car,4.5,road_loopA_r0,road_loopA_r1,3766.2,3930.9,164.7,1297.6,28.4,1
1863,suv,4.8,road_loopA_r0,road_loopA_r1,3782.7,3931.0,148.3,1298.3,31.5,1
1876,truck,8.5,road_loopA_r0,road_loopA_r1,3794.8,3931.9,137.1,1297.4,34.1,1
1865,suv,4.8,road_loopA_r0,road_loopA_r1,3784.5,3932.7,148.2,1297.7,31.5,1
1864,car,4.5,road_loopA_r0,road_loopA_r1,3784.0,3933.7,149.7,1298.2,31.2,1
1874,truck,8.5,road_loopA_r0,road_loopA_r1,3793.1,3934.8,141.7,1297.8,33.0,1
1886,suv,4.8,road_loopA_r0,road_loopA_r1,3804.6,3935.0,130.4,1298.4,35.8,1
1880,car,4.5,road_loopA_r0,road_loopA_r1,3798.3,3935.3,137.0,1297.5,34.1,1
1882,car,4.5,road_loopA_r0,road_loopA_r1,3799.7,3937.1,137.4,1298.3,34.0,1
1986,car,4.5,road_loopA_f0,xloopA_0Bb,3898.3,3940.1,41.8,478.8,41.3,0
1887,car,4.5,road_loopA_r0,road_loopA_r1,3806.8,3940.4,133.6,1298.5,35.0,1
1897,car,4.5,road_loopA_r0,road_loopA_r1,3815.5,3941.2,125.7,1298.2,37.2,1
1911,car,4.5,road_loopA_r0,road_loopA_r1,3826.5,3945.4,118.9,1297.8,39.3,0
1881,truck,8.5,road_loopA_r0,road_loopA_r1,3799.2,3947.2,148.0,1298.1,31.6,1
1866,car,4.5,road_loopA_r0,road_loopA_r1,3788.2,3947.6,159.4,1297.6,29.3,1
1940,car,4.5,road_loopA_r0,xloopA_0Ab,3857.4,3948.7,91.3,868.9,34.3,1
1902,car,4.5,road_loopA_r0,road_loopA_r1,3818.2,3948.8,130.6,1297.5,35.8,1
1890,car,4.5,road_loopA_r0,road_loopA_r1,3809.0,3949.3,140.3,1298.2,33.3,1
1920,car,4.5,road_loopA_r0,road_loopA_r1,3836.3,3949.5,113.2,1298.0,41.3,0
1893,truck,8.5,road_loopA_r0,road_loopA_r1,3811.6,3950.4,138.8,1297.5,33.6,1
1915,car,4.5,road_loopA_r0,road_loopA_r1,3830.4,3951.9,121.5,1298.1,38.5,0
1895,suv,4.8,road_loopA_r0,road_loopA_r1,3812.6,3952.1,139.5,1297.7,33.5,1
1889,car,4.5,road_loopA_f0,road_loopA_f1,3808.0,3952.7,144.7,1304.1,32.4,1
1904,car,4.5,road_loopA_r0,road_loopA_r1,3819.2,3952.8,133.6,1297.3,35.0,1
1922,truck,8.5,road_loopA_r0,road_loopA_r1,3838.3,3952.8,114.5,1297.5,40.8,0
1908,car,4.5,road_loopA_r0,road_loopA_r1,3823.5,3955.5,132.0,1297.5,35.4,0
1939,suv,4.8,road_loopA_r0,road_loopA_r1,3856.1,3958.0,101.9,1297.7,45.9,0
1892,suv,4.8,road_loopA_f0,road_loopA_f1,3811.6,3958.1,146.5,1303.3,32.0,1
1921,truck,8.5,road_loopA_r0,road_loopA_r1,3836.8,3959.4,122.6,1298.2,38.1,0
1891,suv,4.8,road_loopA_r0,road_loopA_r1,3811.3,3960.5,149.2,1297.8,31.3,0
1942,car,4.5,road_loopA_r0,road_loopA_r1,3859.9,3961.0,101.1,1297.9,46.2,0
1914,truck,8.5,road_loopA_r0,road_loopA_r1,3828.4,3962.6,134.2,1297.3,34.8,0
1901,suv,4.8,road_loopA_f0,road_loopA_f1,3817.5,3963.3,145.8,1302.9,32.2,1
1923,car,4.5,road_loopA_r0,road_loopA_r1,3841.0,3963.4,122.4,1297.5,38.2,0
1899,suv,4.8,road_loopA_f0,road_loopA_f1,3816.4,3963.5,147.1,1303.0,31.9,1
1948,suv,4.8,road_loopA_r0,road_loopA_r1,3865.9,3964.5,98.6,1297.3,47.4,0
1925,car,4.5,road_loopA_r0,road_loopA_r1,3842.0,3964.6,122.6,1297.7,38.1,0
1894,truck,8.5,road_loopA_f0,road_loopA_f1,3811.8,3965.1,153.3,1303.9,30.6,1
1924,suv,4.8,road_loopA_f0,road_loopA_f1,3841.5,3965.9,124.4,1303.2,37.7,1
1898,suv,4.8,road_loopA_f0,road_loopA_f1,3816.2,3966.1,149.9,1303.7,31.3,1
1931,car,4.5,road_loopA_r0,road_loopA_r1,3847.5,3966.2,118.7,1297.7,39.4,0
1927,car,4.5,road_loopA_r0,road_loopA_r1,3845.2,3966.3,121.1,1297.8,38.6,0
1952,car,4.5,road_loopA_r0,road_loopA_r1,3870.0,3966.4,96.4,1297.5,48.4,0
1937,car,4.5,road_loopA_f0,road_loopA_f1,3855.7,3967.7,112.0,1303.9,41.9,1
1950,car,4.5,road_loopA_r0,road_loopA_r1,3868.9,3967.7,98.8,1297.4,47.3,0
1900,car,4.5,road_loopA_f0,road_loopA_f1,3816.5,3967.8,151.3,1302.9,31.0,1
1932,car,4.5,road_loopA_r0,road_loopA_r1,3848.4,3968.4,120.0,1298.4,39.0,0
1963,car,4.5,road_loopA_r0,road_loopA_r1,3879.3,3968.7,89.4,1298.4,52.3,0
1883,car,4.5,road_loopA_f0,road_loopA_f1,3801.7,3969.4,167.7,1303.0,28.0,1
1930,car,4.5,road_loopA_f0,road_loopA_f1,3846.6,3969.4,122.8,1303.6,38.2,1
1941,car,4.5,road_loopA_r0,road_loopA_r1,3858.3,3969.6,111.3,1297.6,42.0,0
1903,car,4.5,road_loopA_f0,road_loopA_f1,3818.4,3970.1,151.7,1303.4,30.9,1
1926,car,4.5,road_loopA_r0,road_loopA_r1,3842.2,3970.2,128.0,1298.6,36.5,0
1896,suv,4.8,road_loopA_f0,road_loopA_f1,3814.8,3971.1,156.3,1303.6,30.0,1
1947,car,4.5,road_loopA_f0,road_loopA_f1,3865.7,3971.2,105.5,1303.9,44.5,0
1949,car,4.5,road_loopA_r0,road_loopA_r1,3868.6,3971.5,102.9,1298.1,45.4,0
1967,car,4.5,road_loopA_r0,road_loopA_r1,3882.0,3971.9,89.9,1297.4,51.9,0
1907,car,4.5,road_loopA_f0,road_loopA_f1,3823.5,3972.0,148.5,1303.1,31.6,1
1869,bus,11.0,road_loopA_r0,road_loopA_r1,3790.1,3972.2,182.1,1298.1,25.7,2
1928,truck,8.5,road_loopA_r0,road_loopA_r1,3845.9,3972.6,126.7,1298.6,36.9,0
1955,suv,4.8,road_loopA_f0,road_loopA_f1,3875.8,3973.0,97.2,1303.8,48.3,0
1909,car,4.5,road_loopA_f0,road_loopA_f1,3825.1,3973.9,148.8,1303.2,31.5,1
1935,suv,4.8,road_loopA_r0,road_loopA_r1,3853.3,3974.8,121.5,1297.8,38.4,0
1970,car,4.5,road_loopA_r0,road_loopA_r1,3886.0,3974.9,88.9,1297.3,52.5,0
1954,car,4.5,road_loopA_f0,road_loopA_f1,3872.0,3975.0,103.0,1302.8,45.6,0
1913,car,4.5,road_loopA_f0,road_loopA_f1,3828.3,3975.4,147.1,1303.6,31.9,1
1916,suv,4.8,road_loopA_f0,road_loopA_f1,3830.9,3977.2,146.3,1303.3,32.1,1
1946,car,4.5,road_loopA_r0,road_loopA_r1,3865.5,3977.2,111.7,1298.2,41.8,0
1910,suv,4.8,road_loopA_f0,xloopA_0Ab,3826.2,3977.4,151.2,504.9,12.0,1
1971,suv,4.8,road_loopA_r0,road_loopA_r1,3886.4,3977.7,91.3,1298.5,51.2,0
1956,car,4.5,road_loopA_f0,road_loopA_f1,3876.3,3977.8,101.5,1302.8,46.2,0
1743,truck,8.5,road_loopA_r0,xloopA_0Bb,3670.6,3978.1,307.5,896.0,10.5,2
1934,car,4.5,road_loopA_f0,road_loopA_f1,3852.3,3978.9,126.6,1304.1,37.1,1
1960,car,4.5,road_loopA_f0,road_loopA_f1,3876.8,3979.5,102.7,1303.2,45.7,0
1917,car,4.5,road_loopA_f0,xloopA_0Ab,3832.7,3980.0,147.3,505.0,12.3,1
1938,car,4.5,road_loopA_f0,road_loopA_f1,3855.9,3980.4,124.5,1303.8,37.7,1
1793,car,4.5,road_loopA_r0,xloopA_0Bb,3724.8,3981.0,256.2,895.4,12.6,2
1962,car,4.5,road_loopA_f0,road_loopA_f1,3879.2,3981.3,102.1,1303.7,46.0,0
1945,car,4.5,road_loopA_f0,road_loopA_f1,3862.5,3982.5,120.0,1303.6,39.1,0
1966,car,4.5,road_loopA_f0,road_loopA_f1,3881.4,3982.6,101.2,1303.1,46.3,0
1933,car,4.5,road_loopA_f0,xloopA_0Ab,3851.2,3982.7,131.5,505.2,13.8,1
1976,car,4.5,road_loopA_r0,road_loopA_r1,3890.5,3982.7,92.2,1297.9,50.7,0
1953,car,4.5,road_loopA_r0,xloopA_0Bb,3871.6,3983.7,112.1,895.6,28.8,1
1977,suv,4.8,road_loopA_r0,road_loopA_r1,3890.7,3984.3,93.6,1297.3,49.9,0
1972,car,4.5,road_loopA_f0,road_loopA_f1,3887.2,3984.7,97.5,1303.2,48.1,0
1951,car,4.5,road_loopA_f0,road_loopA_f1,3870.0,3985.2,115.2,1303.8,40.7,0
2010,suv,4.8,road_loopA_f0,xloopA_0Ab,3916.7,3985.4,68.7,505.4,26.5,1
1980,car,4.5,road_loopA_r0,road_loopA_r1,3893.2,3985.7,92.5,1298.2,50.5,0
1968,car,4.5,road_loopA_r0,xloopA_0Bb,3884.1,3986.3,102.2,895.3,31.5,1
1965,car,4.5,road_loopA_f0,road_loopA_f1,3880.6,3986.5,105.9,1302.8,44.3,0
1957,car,4.5,road_loopA_f0,road_loopA_f1,3876.5,3987.0,110.5,1303.1,42.4,0
1973,car,4.5,road_loopA_r0,road_loopA_r1,3887.6,3987.8,100.2,1297.9,46.6,0
1906,car,4.5,road_loopA_f0,road_loopA_f1,3821.2,3988.2,167.0,1302.8,28.1,1
1959,car,4.5,road_loopA_f0,road_loopA_f1,3876.6,3988.8,112.2,1303.9,41.8,0
1983,car,4.5,road_loopA_f0,road_loopA_f1,3896.0,3989.4,93.4,1303.2,50.2,0
1944,car,4.5,road_loopA_f0,road_loopA_f1,3861.3,3989.8,128.5,1302.8,36.5,0
1961,suv,4.8,road_loopA_f0,road_loopA_f1,3877.9,3990.5,112.6,1303.0,41.7,0
1979,car,4.5,road_loopA_r0,road_loopA_r1,3891.1,3990.9,99.8,1297.4,46.8,0
1958,car,4.5,road_loopA_f0,road_loopA_f1,3876.5,3991.5,115.0,1303.1,40.8,0
1978,car,4.5,xloopA_0Aa,xloopA_0Ab,3891.1,3992.3,101.2,84.4,3.0,1
1982,car,4.5,road_loopA_r0,road_loopA_r1,3895.9,3993.0,97.1,1297.9,48.1,0
2029,car,4.5,xloopA_0Ba,xloopA_0Bb,3937.7,3993.5,55.8,84.3,5.4,1
1969,car,4.5,road_loopA_f0,road_loopA_f1,3885.2,3993.9,108.7,1303.9,43.2,0
1974,truck,8.5,road_loopA_r0,road_loopA_r1,3888.0,3994.3,106.3,1298.4,44.0,0
2004,car,4.5,xloopA_0Aa,xloopA_0Ab,3912.0,3994.9,82.9,84.5,3.7,1
2066,car,4.5,xloopA_0Ba,xloopA_0Bb,3979.6,3995.6,16.0,84.1,19.0,0
2043,car,4.5,xloopA_0Aa,xloopA_0Ab,3952.8,3996.9,44.1,84.4,6.9,1
1981,suv,4.8,road_loopA_r0,road_loopA_r1,3894.0,3997.2,103.2,1298.4,45.3,0
2059,car,4.5,xloopA_0Aa,xloopA_0Ab,3976.4,3999.1,22.7,84.8,13.5,0
2061,car,4.5,xloopA_0Aa,xloopA_0Ab,3977.5,4001.2,23.7,84.6,12.9,0
1995,car,4.5,road_loopA_f0,road_loopA_f1,3904.7,4002.6,97.9,1303.2,47.9,0
1993,car,4.5,road_loopA_f0,road_loopA_f1,3904.5,4007.8,103.3,1302.9,45.4,0
1991,truck,8.5,road_loopA_f0,road_loopA_f1,3902.1,4007.9,105.8,1303.7,44.4,0
2005,car,4.5,road_loopA_f0,road_loopA_f1,3913.2,4009.2,96.0,1304.1,48.9,0
1996,truck,8.5,road_loopA_f0,road_loopA_f1,3905.8,4010.3,104.5,1303.1,44.9,0
2009,car,4.5,road_loopA_f0,road_loopA_f1,3916.2,4012.0,95.8,1303.1,48.9,0
1990,car,4.5,road_loopA_f0,road_loopA_f1,3901.0,4012.2,111.2,1303.0,42.2,0
1987,suv,4.8,road_loopA_r0,xloopA_0Ab,3899.6,4012.5,112.9,869.4,27.7,1
2012,suv,4.8,road_loopA_f0,road_loopA_f1,3921.3,4013.8,92.5,1303.0,50.7,0
1998,car,4.5,road_loopA_f0,road_loopA_f1,3906.9,4014.0,107.1,1303.4,43.8,0
2002,car,4.5,road_loopA_f0,road_loopA_f1,3910.2,4015.7,105.5,1302.8,44.5,0
1992,suv,4.8,road_loopA_f0,road_loopA_f1,3902.5,4016.4,113.9,1303.2,41.2,0
2007,car,4.5,road_loopA_f0,road_loopA_f1,3915.1,4017.5,102.4,1303.7,45.8,0
1997,truck,8.5,road_loopA_f0,road_loopA_f1,3906.7,4018.7,112.0,1303.4,41.9,0
2013,car,4.5,road_loopA_f0,road_loopA_f1,3921.5,4019.2,97.7,1303.2,48.0,0
2000,car,4.5,road_loopA_f0,road_loopA_f1,3907.8,4020.8,113.0,1302.8,41.5,0
2020,suv,4.8,road_loopA_f0,road_loopA_f1,3929.2,4023.1,93.9,1304.2,50.0,0
1964,truck,8.5,road_loopA_r0,xloopA_0Ab,3879.5,4023.7,144.2,869.1,21.7,3
2014,car,4.5,road_loopA_f0,road_loopA_f1,3921.7,4025.0,103.3,1303.8,45.4,0
2018,car,4.5,road_loopA_f0,road_loopA_f1,3927.2,4026.8,99.6,1302.9,47.1,0
2016,car,4.5,road_loopA_r0,xloopA_0Ab,3924.4,4027.3,102.9,869.1,30.4,2
2006,truck,8.5,road_loopA_f0,road_loopA_f1,3914.5,4027.9,113.4,1302.9,41.4,0
2011,car,4.5,road_loopA_f0,road_loopA_f1,3920.3,4029.5,109.2,1303.4,43.0,0
2017,car,4.5,road_loopA_r0,xloopA_0Ab,3926.9,4031.2,104.3,869.1,30.0,1
1984,car,4.5,road_loopA_r0,road_loopA_r1,3896.2,4041.4,145.2,1298.0,32.2,1
1988,suv,4.8,road_loopA_r0,road_loopA_r1,3900.0,4042.8,142.8,1297.8,32.7,1
1999,car,4.5,road_loopA_r0,road_loopA_r1,3907.4,4043.3,135.9,1298.0,34.4,1
1985,car,4.5,road_loopA_r0,road_loopA_r1,3897.3,4043.6,146.3,1298.2,31.9,1
2008,car,4.5,road_loopA_r0,road_loopA_r1,3915.9,4044.8,128.9,1298.2,36.2,1
1994,suv,4.8,road_loopA_r0,road_loopA_r1,3904.5,4047.5,143.0,1297.4,32.7,1
2027,car,4.5,road_loopA_r0,road_loopA_r1,3935.6,4047.9,112.3,1297.6,41.6,1
2015,car,4.5,road_loopA_r0,road_loopA_r1,3922.3,4049.2,126.9,1297.5,36.8,1
1975,car,4.5,road_loopA_r0,road_loopA_r1,3889.0,4050.4,161.4,1297.4,28.9,1
2033,suv,4.8,road_loopA_r0,road_loopA_r1,3943.3,4050.6,107.3,1298.1,43.6,0
2031,car,4.5,road_loopA_r0,road_loopA_r1,3938.1,4051.2,113.1,1297.8,41.3,0
2001,car,4.5,road_loopA_r0,road_loopA_r1,3908.7,4052.1,143.4,1297.6,32.6,1
2039,suv,4.8,road_loopA_r0,road_loopA_r1,3949.8,4052.3,102.5,1298.1,45.6,0
2021,car,4.5,road_loopA_r0,road_loopA_r1,3929.3,4053.8,124.5,1297.8,37.5,1
2041,car,4.5,road_loopA_r0,road_loopA_r1,3951.6,4054.0,102.4,1297.3,45.6,0
2049,suv,4.8,road_loopA_r0,xloopA_0Ab,3961.3,4054.4,93.1,869.4,33.6,1
2037,car,4.5,road_loopA_r0,road_loopA_r1,3948.7,4055.8,107.1,1297.3,43.6,0
2048,car,4.5,road_loopA_r0,road_loopA_r1,3958.6,4056.2,97.6,1298.6,47.9,0
2042,suv,4.8,road_loopA_r0,road_loopA_r1,3952.0,4058.5,106.5,1298.2,43.9,0
2024,car,4.5,road_loopA_r0,road_loopA_r1,3932.6,4058.9,126.3,1298.1,37.0,0
2046,suv,4.8,road_loopA_r0,road_loopA_r1,3955.8,4059.3,103.5,1298.0,45.1,0
2057,car,4.5,road_loopA_r0,road_loopA_r1,3974.8,4063.8,89.0,1297.3,52.5,0
2025,car,4.5,road_loopA_f0,road_loopA_f1,3933.2,4066.7,133.5,1302.9,35.1,1
2062,car,4.5,road_loopA_r0,road_loopA_r1,3977.9,4067.6,89.7,1297.3,52.0,0
2064,car,4.5,road_loopA_r0,road_loopA_r1,3978.4,4073.2,94.8,1297.3,49.2,0
2022,truck,8.5,road_loopA_f0,road_loopA_f1,3930.7,4073.6,142.9,1303.5,32.8,1
2063,car,4.5,road_loopA_r0,road_loopA_r1,3977.9,4075.3,97.4,1297.3,48.0,0
2068,car,4.5,road_loopA_r0,road_loopA_r1,3984.7,4075.6,90.9,1298.5,51.4,0
2026,car,4.5,road_loopA_f0,road_loopA_f1,3933.4,4078.6,145.2,1303.3,32.3,1
2023,car,4.5,road_loopA_f0,road_loopA_f1,3932.4,4079.7,147.3,1303.5,31.9,1
2032,car,4.5,road_loopA_f0,road_loopA_f1,3943.2,4080.8,137.6,1303.7,34.1,1
2030,suv,4.8,road_loopA_f0,road_loopA_f1,3937.8,4081.3,143.5,1303.3,32.7,1
2028,suv,4.8,road_loopA_f0,road_loopA_f1,3936.8,4081.6,144.8,1303.5,32.4,1
2119,truck,8.5,road_loopA_f0,xloopA_0Bb,4033.8,4082.7,48.9,478.4,35.2,0
2035,suv,4.8,road_loopA_f0,road_loopA_f1,3948.4,4083.3,134.9,1304.2,34.8,1
2034,truck,8.5,road_loopA_f0,road_loopA_f1,3947.8,4083.5,135.7,1303.0,34.6,1
2076,car,4.5,road_loopA_r0,road_loopA_r1,3992.5,4084.0,91.5,1298.0,51.1,0
2038,car,4.5,road_loopA_f0,road_loopA_f1,3949.4,4084.3,134.9,1302.8,34.8,1
2036,car,4.5,road_loopA_f0,road_loopA_f1,3948.6,4085.5,136.9,1303.5,34.3,1
2067,car,4.5,road_loopA_r0,road_loopA_r1,3984.2,4085.7,101.5,1298.4,46.1,0
2079,car,4.5,road_loopA_r0,road_loopA_r1,3995.7,4085.7,90.0,1297.3,51.9,0
2040,car,4.5,road_loopA_f0,road_loopA_f1,3950.6,4086.2,135.6,1303.1,34.6,1
2019,car,4.5,road_loopA_f0,road_loopA_f1,3928.0,4087.0,159.0,1303.4,29.5,1
2044,car,4.5,road_loopA_f0,road_loopA_f1,3954.8,4087.2,132.4,1302.9,35.4,1
2081,suv,4.8,road_loopA_r0,road_loopA_r1,3996.0,4087.9,91.9,1298.6,50.9,0
2047,car,4.5,road_loopA_f0,road_loopA_f1,3958.5,4088.0,129.5,1303.7,36.2,1
2082,car,4.5,road_loopA_r0,road_loopA_r1,3997.1,4090.1,93.0,1298.6,50.3,0
2050,car,4.5,road_loopA_f0,road_loopA_f1,3962.7,4090.4,127.7,1303.2,36.7,1
2054,car,4.5,road_loopA_f0,road_loopA_f1,3970.1,4092.2,122.1,1303.7,38.4,1
2073,suv,4.8,road_loopA_r0,road_loopA_r1,3989.9,4092.5,102.6,1297.8,45.5,0
1989,suv,4.8,road_loopA_r0,xloopA_0Bb,3900.3,4093.2,192.9,895.9,16.7,1
2070,car,4.5,road_loopA_f0,xloopA_0Ab,3986.0,4093.7,107.7,505.1,16.9,1
2085,car,4.5,road_loopA_r0,road_loopA_r1,4000.7,4093.8,93.1,1297.4,50.2,0
2052,car,4.5,road_loopA_r0,road_loopA_r1,3967.1,4094.4,127.3,1297.3,36.7,0
2053,suv,4.8,road_loopA_f0,road_loopA_f1,3967.4,4094.7,127.3,1303.4,36.9,1
2087,car,4.5,road_loopA_r0,road_loopA_r1,4005.0,4095.1,90.1,1298.0,51.9,0
2086,car,4.5,road_loopA_r0,xloopA_0Bb,4002.4,4095.8,93.4,895.7,34.5,1
2078,car,4.5,road_loopA_r0,road_loopA_r1,3995.7,4096.2,100.5,1297.9,46.5,0
2083,car,4.5,road_loopA_r0,road_loopA_r1,3999.5,4096.2,96.7,1297.4,48.3,0
2074,car,4.5,road_loopA_f0,xloopA_0Ab,3990.4,4096.3,105.9,505.1,17.2,1
2045,car,4.5,road_loopA_f0,road_loopA_f1,3955.4,4096.4,141.0,1302.8,33.3,1
2089,car,4.5,road_loopA_r0,road_loopA_r1,4006.4,4097.1,90.7,1297.3,51.5,0
2055,car,4.5,road_loopA_f0,road_loopA_f1,3974.0,4098.2,124.2,1302.9,37.8,0
2094,suv,4.8,road_loopA_r0,xloopA_0Bb,4010.7,4098.5,87.8,895.9,36.7,1
2056,suv,4.8,road_loopA_f0,road_loopA_f1,3974.6,4098.6,124.0,1303.0,37.8,1
2093,car,4.5,road_loopA_f0,xloopA_0Ab,4008.9,4099.0,90.1,505.4,20.2,1
2051,suv,4.8,road_loopA_f0,road_loopA_f1,3963.6,4099.2,135.6,1303.9,34.6,1
2058,truck,8.5,road_loopA_f0,road_loopA_f1,3975.0,4100.6,125.6,1303.4,37.4,0
2060,car,4.5,road_loopA_f0,road_loopA_f1,3976.9,4101.5,124.6,1303.8,37.7,0
2071,car,4.5,road_loopA_f0,road_loopA_f1,3987.8,4101.7,113.9,1303.7,41.2,0
2095,car,4.5,road_loopA_r0,road_loopA_r1,4012.3,4101.7,89.4,1298.5,52.3,0
2003,bus,11.0,road_loopA_r0,road_loopA_r1,3910.6,4102.3,191.7,1297.5,24.4,2
2069,truck,8.5,road_loopA_f0,road_loopA_f1,3985.4,4103.2,117.8,1303.6,39.8,0
2092,car,4.5,road_loopA_r0,road_loopA_r1,4008.9,4104.4,95.5,1298.3,48.9,0
2091,car,4.5,road_loopA_r0,road_loopA_r1,4008.4,4105.1,96.7,1298.3,48.3,0
2084,suv,4.8,road_loopA_f0,road_loopA_f1,4000.7,4105.3,104.6,1303.7,44.9,0
2075,truck,8.5,road_loopA_f0,road_loopA_f1,3990.5,4105.7,115.2,1303.0,40.7,0
2099,car,4.5,road_loopA_f0,road_loopA_f1,4016.4,4105.8,89.4,1302.8,52.4,0
2088,car,4.5,road_loopA_f0,road_loopA_f1,4005.9,4107.8,101.9,1303.8,46.1,0
2127,car,4.5,xloopA_0Aa,xloopA_0Ab,4039.8,4107.9,68.1,84.0,4.4,1
2146,car,4.5,xloopA_0Ba,xloopA_0Bb,4056.8,4108.0,51.2,84.7,6.0,1
2104,suv,4.8,road_loopA_f0,road_loopA_f1,4020.0,4109.4,89.4,1303.5,52.5,0
2149,car,4.5,xloopA_0Aa,xloopA_0Ab,4059.7,4110.1,50.4,84.5,6.0,1
2158,car,4.5,xloopA_0Ba,xloopA_0Bb,4066.2,4110.3,44.1,84.5,6.9,1
2096,suv,4.8,road_loopA_r0,road_loopA_r1,4013.2,4111.4,98.2,1297.8,47.6,0
2161,car,4.5,xloopA_0Aa,xloopA_0Ab,4073.1,4112.4,39.3,84.7,7.8,0
2108,suv,4.8,road_loopA_f0,road_loopA_f1,4024.1,4113.5,89.4,1303.1,52.5,0
2103,car,4.5,road_loopA_f0,road_loopA_f1,4017.8,4114.1,96.3,1303.9,48.8,0
2183,car,4.5,xloopA_0Ba,xloopA_0Bb,4091.0,4115.2,24.2,84.7,12.6,0
2109,car,4.5,road_loopA_f0,road_loopA_f1,4025.7,4116.2,90.5,1302.8,51.8,0
2199,car,4.5,xloopA_0Ba,xloopA_0Bb,4106.4,4117.3,10.9,84.2,27.8,0
2114,suv,4.8,road_loopA_f0,road_loopA_f1,4030.0,4119.3,89.3,1303.1,52.5,0
2202,car,4.5,xloopA_0Ba,xloopA_0Bb,4108.3,4121.1,12.8,84.4,23.7,0
2213,car,4.5,xloopA_0Ba,xloopA_0Bb,4112.8,4123.9,11.1,84.4,27.5,0
2116,suv,4.8,road_loopA_f0,road_loopA_f1,4031.1,4125.9,94.8,1303.8,49.5,0
2107,car,4.5,road_loopA_f0,road_loopA_f1,4023.3,4127.5,104.2,1303.2,45.0,0
2118,car,4.5,road_loopA_f0,road_loopA_f1,4033.1,4131.9,98.8,1303.3,47.5,0
2121,car,4.5,road_loopA_f0,road_loopA_f1,4034.9,4133.7,98.8,1304.0,47.5,0
2120,car,4.5,road_loopA_f0,road_loopA_f1,4034.7,4134.8,100.1,1302.8,46.9,0
2124,car,4.5,road_loopA_f0,road_loopA_f1,4037.5,4135.3,97.8,1303.1,48.0,0
2090,car,4.5,road_loopA_f0,road_loopA_f1,4007.2,4136.8,129.6,1303.1,36.2,0
2126,car,4.5,road_loopA_f0,road_loopA_f1,4038.6,4136.8,98.2,1303.8,47.8,0
2131,car,4.5,road_loopA_f0,road_loopA_f1,4044.5,4137.0,92.5,1303.0,50.7,0
2077,car,4.5,road_loopA_r0,xloopA_0Ab,3995.6,4137.7,142.1,869.2,22.0,2
2122,suv,4.8,road_loopA_f0,road_loopA_f1,4036.3,4138.5,102.2,1303.2,45.9,0
2134,suv,4.8,road_loopA_f0,road_loopA_f1,4047.8,4138.8,91.0,1304.0,51.6,0
2130,car,4.5,road_loopA_f0,xloopA_0Bb,4044.3,4146.0,101.7,478.9,17.0,2
2135,suv,4.8,road_loopA_r0,xloopA_0Ab,4049.1,4149.5,100.4,869.4,31.2,1
2172,car,4.5,road_loopA_f0,xloopA_0Bb,4080.8,4149.6,68.8,478.5,25.0,2
2173,car,4.5,road_loopA_f0,xloopA_0Bb,4081.3,4153.3,72.0,478.8,23.9,2
2072,bus,11.0,road_loopA_f0,road_loopA_f1,3988.2,4155.8,167.6,1303.0,28.0,2
2177,car,4.5,road_loopA_f0,xloopA_0Bb,4084.4,4156.9,72.5,478.7,23.8,3
2106,car,4.5,road_loopA_r0,road_loopA_r1,4022.2,4168.3,146.1,1298.1,32.0,1
2102,car,4.5,road_loopA_r0,road_loopA_r1,4017.5,4168.6,151.1,1298.1,30.9,1
2098,car,4.5,xloopA_0Aa,road_loopA_r1,4015.1,4169.7,154.6,506.7,11.8,1
2190,car,4.5,road_loopA_r0,xloopA_0Ab,4096.8,4170.0,73.2,869.1,42.7,0
2226,car,4.5,road_loopA_f0,xloopA_0Bb,4129.3,4170.0,40.7,478.9,42.4,0
2117,suv,4.8,road_loopA_r0,road_loopA_r1,4031.1,4170.8,139.7,1297.5,33.4,1
2110,truck,8.5,road_loopA_r0,road_loopA_r1,4026.1,4172.4,146.3,1298.3,31.9,1
2112,car,4.5,road_loopA_r0,road_loopA_r1,4027.3,4173.9,146.6,1297.9,31.9,1
2175,car,4.5,road_loopA_r0,xloopA_0Ab,4083.1,4174.4,91.3,869.3,34.3,1
2097,truck,8.5,road_loopA_r0,road_loopA_r1,4014.4,4175.5,161.1,1297.5,29.0,1
2115,car,4.5,road_loopA_r0,road_loopA_r1,4031.0,4175.7,144.7,1298.6,32.3,1
2132,car,4.5,road_loopA_r0,road_loopA_r1,4046.9,4177.9,131.0,1298.5,35.7,1
2165,car,4.5,xloopA_0Ba,road_loopA_r1,4076.3,4178.9,102.6,476.2,16.7,0
2138,car,4.5,road_loopA_r0,road_loopA_r1,4050.8,4180.0,129.2,1297.2,36.1,1
2140,car,4.5,road_loopA_r0,road_loopA_r1,4052.8,4181.1,128.3,1298.7,36.4,1
2125,truck,8.5,road_loopA_r0,road_loopA_r1,4037.5,4181.3,143.8,1298.2,32.5,1
2100,car,4.5,road_loopA_r0,road_loopA_r1,4016.7,4184.4,167.7,1297.4,27.9,1
2143,car,4.5,road_loopA_r0,road_loopA_r1,4054.8,4185.3,130.5,1297.8,35.8,1
2147,car,4.5,road_loopA_r0,road_loopA_r1,4057.3,4187.8,130.5,1297.7,35.8,1
2080,car,4.5,road_loopA_r0,road_loopA_r1,3995.9,4188.4,192.5,1297.7,24.3,1
2150,suv,4.8,road_loopA_r0,road_loopA_r1,4059.8,4189.9,130.1,1297.4,35.9,1
2105,car,4.5,road_loopA_r0,road_loopA_r1,4021.9,4190.0,168.1,1297.7,27.8,1
2164,car,4.5,road_loopA_r0,road_loopA_r1,4076.0,4191.5,115.5,1297.4,40.4,0
2111,truck,8.5,road_loopA_r0,road_loopA_r1,4026.7,4192.1,165.4,1297.9,28.3,1
2151,car,4.5,road_loopA_r0,road_loopA_r1,4060.8,4193.7,132.9,1297.7,35.1,1
2123,truck,8.5,road_loopA_r0,road_loopA_r1,4037.2,4194.6,157.4,1297.9,29.7,1
2186,car,4.5,road_loopA_r0,road_loopA_r1,4092.6,4195.0,102.4,1297.6,45.6,0
2133,suv,4.8,road_loopA_f0,road_loopA_f1,4047.7,4195.2,147.5,1304.1,31.8,1
2160,car,4.5,road_loopA_r0,road_loopA_r1,4068.3,4195.5,127.2,1298.3,36.7,0
2152,car,4.5,road_loopA_f0,road_loopA_f1,4061.0,4196.6,135.6,1302.9,34.6,1
2128,car,4.5,road_loopA_r0,road_loopA_r1,4039.8,4196.8,157.0,1298.4,29.8,1
2169,suv,4.8,road_loopA_r0,road_loopA_r1,4077.8,4197.2,119.4,1297.6,39.1,0
2155,suv,4.8,road_loopA_f0,road_loopA_f1,4063.1,4197.7,134.6,1303.1,34.9,1
2188,car,4.5,road_loopA_r0,road_loopA_r1,4094.9,4198.7,103.8,1297.3,45.0,0
2136,suv,4.8,road_loopA_r0,road_loopA_r1,4049.3,4198.8,149.5,1297.8,31.2,1
2180,car,4.5,road_loopA_r0,road_loopA_r1,4086.3,4199.0,112.7,1297.2,41.4,0
2156,car,4.5,road_loopA_f0,road_loopA_f1,4063.6,4200.2,136.6,1304.0,34.4,1
2145,car,4.5,road_loopA_r0,road_loopA_r1,4056.0,4200.5,144.5,1298.2,32.4,1
2162,suv,4.8,road_loopA_r0,road_loopA_r1,4074.2,4200.9,126.7,1297.5,36.9,1
2193,car,4.5,road_loopA_r0,road_loopA_r1,4100.3,4200.9,100.6,1298.3,46.5,0
2203,suv,4.8,road_loopA_r0,road_loopA_r1,4108.5,4202.2,93.7,1298.7,49.9,0
2153,suv,4.8,road_loopA_r0,road_loopA_r1,4061.8,4202.3,140.5,1297.3,33.2,1
2141,car,4.5,road_loopA_f0,road_loopA_f1,4053.4,4203.5,150.1,1303.8,31.3,1
2168,car,4.5,road_loopA_r0,road_loopA_r1,4077.4,4204.2,126.8,1298.1,36.9,0
2171,suv,4.8,road_loopA_r0,road_loopA_r1,4078.9,4204.5,125.6,1297.6,37.2,0
2144,truck,8.5,road_loopA_f0,road_loopA_f1,4055.0,4204.6,149.6,1303.7,31.4,1
2157,truck,8.5,road_loopA_f0,road_loopA_f1,4065.3,4207.6,142.3,1303.7,33.0,1
2182,suv,4.8,road_loopA_r0,road_loopA_r1,4090.7,4208.5,117.8,1297.5,39.7,0
2196,suv,4.8,road_loopA_r0,road_loopA_r1,4103.6,4209.0,105.4,1297.6,44.3,0
2163,car,4.5,road_loopA_f0,road_loopA_f1,4075.9,4209.3,133.4,1303.5,35.2,1
2187,car,4.5,road_loopA_r0,road_loopA_r1,4092.7,4210.2,117.5,1297.8,39.8,0
2178,suv,4.8,road_loopA_r0,road_loopA_r1,4085.8,4210.4,124.6,1297.5,37.5,0
2204,suv,4.8,road_loopA_r0,road_loopA_r1,4109.3,4210.7,101.4,1298.2,46.1,0
2142,car,4.5,road_loopA_f0,road_loopA_f1,4054.6,4211.6,157.0,1303.2,29.9,1
2205,car,4.5,road_loopA_r0,road_loopA_r1,4109.5,4211.9,102.4,1297.4,45.6,0
2217,car,4.5,road_loopA_r0,road_loopA_r1,4117.9,4212.0,94.1,1297.3,49.6,0
2113,car,4.5,road_loopA_r0,xloopA_0Bb,4029.7,4212.5,182.8,895.4,17.6,1
2221,car,4.5,road_loopA_r0,road_loopA_r1,4121.0,4212.9,91.9,1298.6,50.9,0
2166,car,4.5,road_loopA_f0,road_loopA_f1,4076.8,4213.1,136.3,1303.1,34.4,1
2207,car,4.5,road_loopA_f0,xloopA_0Ab,4109.8,4213.1,103.3,505.1,17.6,1
2219,car,4.5,road_loopA_r0,road_loopA_r1,4120.4,4213.7,93.3,1297.5,50.0,0
2159,suv,4.8,road_loopA_f0,road_loopA_f1,4068.3,4214.0,145.7,1304.1,32.2,1
2220,car,4.5,road_loopA_r0,road_loopA_r1,4120.9,4214.7,93.8,1298.3,49.8,0
2229,car,4.5,road_loopA_f0,xloopA_0Ab,4133.1,4215.7,82.6,505.1,22.0,1
2174,car,4.5,road_loopA_f0,road_loopA_f1,4082.2,4215.8,133.6,1303.5,35.1,1
2129,truck,8.5,road_loopA_r0,xloopA_0Bb,4041.1,4215.9,174.8,895.4,18.4,1
2179,car,4.5,road_loopA_f0,road_loopA_f1,4086.0,4217.0,131.0,1303.0,35.8,1
2218,car,4.5,road_loopA_r0,road_loopA_r1,4119.3,4217.0,97.7,1298.5,47.8,0
2223,car,4.5,road_loopA_r0,road_loopA_r1,4127.2,4218.4,91.2,1298.4,51.2,0
2197,car,4.5,road_loopA_r0,road_loopA_r1,4105.1,4218.7,113.6,1297.8,41.1,0
2170,car,4.5,road_loopA_f0,road_loopA_f1,4078.9,4218.8,139.9,1303.7,33.5,1
2184,car,4.5,road_loopA_f0,road_loopA_f1,4092.3,4219.2,126.9,1303.6,37.0,1
2137,truck,8.5,road_loopA_r0,xloopA_0Bb,4050.0,4219.6,169.6,895.3,19.0,1
2176,suv,4.8,road_loopA_f0,road_loopA_f1,4083.7,4220.0,136.3,1303.6,34.4,1
2224,car,4.5,road_loopA_r0,road_loopA_r1,4127.3,4220.4,93.1,1297.4,50.2,0
2191,suv,4.8,road_loopA_f0,road_loopA_f1,4098.6,4221.0,122.4,1304.0,38.4,1
2216,car,4.5,road_loopA_r0,xloopA_0Bb,4117.4,4222.7,105.3,895.7,30.6,1
2198,truck,8.5,road_loopA_f0,road_loopA_f1,4105.9,4223.9,118.0,1302.9,39.7,0
2232,car,4.5,road_loopA_r0,road_loopA_r1,4134.4,4224.2,89.8,1297.9,52.0,0
2208,suv,4.8,road_loopA_f0,road_loopA_f1,4109.9,4225.9,116.0,1303.7,40.5,0
2167,car,4.5,road_loopA_f0,road_loopA_f1,4077.2,4226.1,148.9,1303.5,31.5,1
2225,car,4.5,xloopA_0Ba,xloopA_0Bb,4128.6,4227.3,98.7,84.5,3.1,1
2215,suv,4.8,road_loopA_f0,road_loopA_f1,4115.1,4227.6,112.5,1303.3,41.7,0
2194,suv,4.8,road_loopA_f0,road_loopA_f1,4100.7,4227.8,127.1,1304.0,36.9,1
2201,car,4.5,road_loopA_f0,road_loopA_f1,4108.0,4229.5,121.5,1303.4,38.6,0
2101,car,4.5,xloopA_0Ba,road_loopA_f1,4016.9,4229.6,212.7,902.4,15.3,1
2236,car,4.5,xloopA_0Ba,xloopA_0Bb,4138.6,4230.2,91.6,84.5,3.3,1
2212,suv,4.8,road_loopA_f0,road_loopA_f1,4111.7,4231.1,119.4,1303.0,39.3,0
2195,suv,4.8,road_loopA_f0,road_loopA_f1,4102.2,4231.2,129.0,1302.9,36.4,0
2139,truck,8.5,road_loopA_f0,road_loopA_f1,4051.6,4231.9,180.3,1303.6,26.0,1
2258,car,4.5,xloopA_0Ba,xloopA_0Bb,4155.4,4232.4,77.0,84.6,4.0,1
2206,car,4.5,road_loopA_f0,road_loopA_f1,4109.7,4233.4,123.7,1303.2,37.9,0
2148,car,4.5,road_loopA_f0,road_loopA_f1,4057.6,4233.9,176.3,1303.4,26.6,1
2237,car,4.5,road_loopA_f0,road_loopA_f1,4139.0,4234.4,95.4,1304.1,49.2,0
2260,car,4.5,xloopA_0Ba,xloopA_0Bb,4158.7,4235.3,76.6,84.4,4.0,0
2200,car,4.5,road_loopA_f0,road_loopA_f1,4107.4,4235.4,128.0,1303.6,36.7,0
2154,car,4.5,road_loopA_f0,road_loopA_f1,4062.7,4235.7,173.0,1303.4,27.1,1
2181,suv,4.8,road_loopA_f0,road_loopA_f1,4087.4,4237.4,150.0,1303.6,31.3,1
2242,car,4.5,road_loopA_f0,road_loopA_f1,4145.6,4237.7,92.1,1303.8,50.9,0
2185,suv,4.8,road_loopA_f0,road_loopA_f1,4092.3,4239.1,146.8,1303.1,32.0,1
2210,suv,4.8,road_loopA_f0,road_loopA_f1,4110.5,4239.2,128.7,1303.9,36.5,0
2243,car,4.5,road_loopA_f0,road_loopA_f1,4147.0,4240.5,93.5,1303.2,50.2,0
2189,suv,4.8,road_loopA_f0,road_loopA_f1,4095.9,4240.9,145.0,1303.9,32.4,1
2227,truck,8.5,road_loopA_f0,road_loopA_f1,4132.5,4241.4,108.9,1302.8,43.1,0
2192,car,4.5,road_loopA_f0,road_loopA_f1,4098.7,4242.7,144.0,1304.1,32.6,1
2240,car,4.5,road_loopA_f0,road_loopA_f1,4145.2,4243.2,98.0,1303.5,47.9,0
2233,car,4.5,road_loopA_f0,road_loopA_f1,4134.7,4243.5,108.8,1303.1,43.1,0
2255,car,4.5,road_loopA_f0,road_loopA_f1,4154.9,4244.8,89.9,1303.3,52.2,0
2209,car,4.5,road_loopA_f0,road_loopA_f1,4110.5,4244.9,134.4,1303.6,34.9,0
2239,car,4.5,road_loopA_f0,road_loopA_f1,4143.6,4245.4,101.8,1303.5,46.1,0
2211,suv,4.8,road_loopA_f0,road_loopA_f1,4110.7,4246.7,136.0,1303.9,34.5,0
2235,car,4.5,road_loopA_f0,road_loopA_f1,4138.3,4247.6,109.3,1303.4,42.9,0
2259,suv,4.8,road_loopA_f0,road_loopA_f1,4158.0,4247.7,89.7,1303.3,52.3,0
2214,suv,4.8,road_loopA_f0,road_loopA_f1,4114.3,4248.4,134.1,1302.8,35.0,0
2222,car,4.5,road_loopA_f0,road_loopA_f1,4125.3,4250.3,125.0,1302.8,37.5,0
2231,car,4.5,road_loopA_f0,road_loopA_f1,4134.5,4250.6,116.1,1303.0,40.4,0
2261,car,4.5,road_loopA_f0,road_loopA_f1,4160.2,4250.7,90.5,1303.0,51.8,0
2247,car,4.5,road_loopA_f0,road_loopA_f1,4151.6,4253.7,102.1,1303.8,46.0,0
2262,car,4.5,road_loopA_f0,road_loopA_f1,4160.3,4256.2,95.9,1303.8,48.9,0
2256,car,4.5,road_loopA_f0,road_loopA_f1,4155.0,4256.6,101.6,1303.5,46.2,0
2264,suv,4.8,road_loopA_f0,road_loopA_f1,4162.8,4258.4,95.6,1304.0,49.1,0
2234,car,4.5,road_loopA_r0,road_loopA_r1,4136.5,4281.3,144.8,1298.3,32.3,1
2245,car,4.5,road_loopA_r0,road_loopA_r1,4149.0,4283.0,134.0,1297.4,34.9,1
2252,suv,4.8,road_loopA_r0,road_loopA_r1,4152.6,4285.3,132.7,1297.3,35.2,1
2250,truck,8.5,road_loopA_r0,road_loopA_r1,4152.0,4286.8,134.8,1297.6,34.7,1
2249,car,4.5,road_loopA_r0,road_loopA_r1,4151.9,4289.1,137.2,1297.9,34.0,1
2228,car,4.5,road_loopA_r0,road_loopA_r1,4132.9,4290.7,157.8,1298.3,29.6,1
2318,car,4.5,xloopA_0Aa,road_loopA_r1,4225.8,4292.6,66.8,506.9,27.3,0
2350,car,4.5,road_loopA_f0,xloopA_0Bb,4253.1,4294.0,40.9,478.8,42.1,0
2244,suv,4.8,road_loopA_r0,road_loopA_r1,4148.6,4294.1,145.5,1298.3,32.1,1
2251,car,4.5,road_loopA_r0,road_loopA_r1,4152.5,4294.1,141.6,1298.2,33.0,1
2257,car,4.5,road_loopA_r0,road_loopA_r1,4155.0,4295.7,140.7,1298.0,33.2,1
2263,car,4.5,road_loopA_r0,road_loopA_r1,4162.3,4295.9,133.6,1297.8,35.0,1
2254,car,4.5,road_loopA_r0,road_loopA_r1,4154.1,4297.7,143.6,1298.1,32.5,1
2275,car,4.5,road_loopA_r0,road_loopA_r1,4178.9,4298.0,119.1,1298.1,39.2,1
2266,suv,4.8,road_loopA_r0,road_loopA_r1,4165.1,4299.4,134.3,1297.6,34.8,1
2279,car,4.5,road_loopA_r0,road_loopA_r1,4180.2,4299.7,119.5,1297.3,39.1,1
2288,car,4.5,xloopA_0Ba,road_loopA_r1,4194.2,4300.9,106.7,476.7,16.1,0
2274,truck,8.5,road_loopA_r0,road_loopA_r1,4178.7,4301.6,122.9,1298.0,38.0,1
2286,car,4.5,road_loopA_r0,road_loopA_r1,4188.2,4301.7,113.5,1298.0,41.2,1
2248,suv,4.8,road_loopA_r0,road_loopA_r1,4151.8,4302.5,150.7,1297.4,31.0,1
2281,car,4.5,road_loopA_r0,road_loopA_r1,4183.4,4303.1,119.7,1298.3,39.0,0
2253,car,4.5,road_loopA_r0,road_loopA_r1,4153.6,4304.2,150.6,1297.9,31.0,1
2301,suv,4.8,road_loopA_r0,road_loopA_r1,4209.3,4304.9,95.6,1297.5,48.8,0
2285,suv,4.8,road_loopA_r0,road_loopA_r1,4186.4,4305.0,118.6,1297.8,39.4,0
2265,car,4.5,road_loopA_r0,road_loopA_r1,4162.8,4305.8,143.0,1297.5,32.7,1
2270,car,4.5,road_loopA_f0,road_loopA_f1,4173.6,4306.2,132.6,1302.8,35.4,1
2269,car,4.5,road_loopA_f0,road_loopA_f1,4171.8,4306.4,134.6,1303.9,34.9,1
2282,car,4.5,road_loopA_r0,road_loopA_r1,4185.1,4307.4,122.3,1298.0,38.2,0
2267,suv,4.8,road_loopA_r0,road_loopA_r1,4166.4,4307.5,141.1,1298.5,33.1,1
2271,car,4.5,road_loopA_f0,road_loopA_f1,4174.3,4307.9,133.6,1303.4,35.1,1
2272,car,4.5,road_loopA_f0,road_loopA_f1,4176.1,4308.1,132.0,1303.6,35.5,1
2268,car,4.5,road_loopA_r0,road_loopA_r1,4166.9,4309.1,142.2,1297.5,32.9,2
2273,car,4.5,road_loopA_f0,road_loopA_f1,4177.0,4309.4,132.4,1304.1,35.5,1
2307,car,4.5,road_loopA_r0,road_loopA_r1,4214.7,4309.5,94.8,1297.7,49.3,0
2230,bus,11.0,road_loopA_r0,road_loopA_r1,4134.2,4310.0,175.8,1298.3,26.6,3
2294,car,4.5,road_loopA_r0,road_loopA_r1,4204.5,4311.3,106.8,1297.8,43.7,0
2304,car,4.5,road_loopA_r0,road_loopA_r1,4211.0,4311.4,100.4,1297.6,46.5,0
2277,car,4.5,road_loopA_f0,road_loopA_f1,4180.0,4312.2,132.2,1303.5,35.5,1
2310,suv,4.8,road_loopA_r0,road_loopA_r1,4217.7,4312.3,94.6,1298.5,49.4,0
2280,suv,4.8,road_loopA_f0,road_loopA_f1,4182.3,4313.2,130.9,1303.6,35.8,1
2315,suv,4.8,road_loopA_r0,road_loopA_r1,4224.0,4313.9,89.9,1297.4,51.9,0
2291,car,4.5,road_loopA_r0,road_loopA_r1,4201.8,4314.5,112.7,1298.4,41.5,0
2276,suv,4.8,road_loopA_f0,road_loopA_f1,4179.9,4315.1,135.2,1302.8,34.7,1
2284,truck,8.5,road_loopA_f0,road_loopA_f1,4185.9,4315.8,129.9,1304.2,36.1,1
2296,car,4.5,road_loopA_r0,road_loopA_r1,4207.0,4316.5,109.5,1298.3,42.7,0
2319,suv,4.8,road_loopA_r0,road_loopA_r1,4227.6,4316.5,88.9,1297.3,52.5,0
2278,suv,4.8,road_loopA_f0,road_loopA_f1,4180.2,4316.8,136.6,1303.1,34.3,1
2302,car,4.5,road_loopA_r0,road_loopA_r1,4209.5,4318.2,108.7,1297.7,43.0,0
2292,suv,4.8,road_loopA_f0,road_loopA_f1,4203.1,4318.8,115.7,1303.6,40.6,1
2380,suv,4.8,road_loopA_f0,xloopA_0Bb,4276.9,4318.8,41.9,479.0,41.1,0
2317,car,4.5,road_loopA_r0,road_loopA_r1,4225.4,4319.7,94.3,1298.6,49.6,0
2305,car,4.5,road_loopA_r0,road_loopA_r1,4211.3,4319.9,108.6,1297.7,43.0,0
2290,car,4.5,road_loopA_f0,road_loopA_f1,4195.8,4320.9,125.1,1303.8,37.5,1
2283,car,4.5,road_loopA_f0,road_loopA_f1,4185.2,4321.0,135.8,1303.3,34.6,1
2293,truck,8.5,road_loopA_f0,road_loopA_f1,4204.4,4321.1,116.7,1304.1,40.2,1
2321,suv,4.8,road_loopA_r0,road_loopA_r1,4227.8,4322.0,94.2,1297.6,49.6,0
2326,car,4.5,road_loopA_r0,road_loopA_r1,4233.1,4322.1,89.0,1297.3,52.5,0
2238,bus,11.0,road_loopA_r0,road_loopA_r1,4139.0,4322.8,183.8,1297.5,25.4,2
2298,suv,4.8,road_loopA_f0,road_loopA_f1,4208.0,4323.1,115.1,1303.3,40.8,1
2329,suv,4.8,road_loopA_r0,road_loopA_r1,4235.6,4324.7,89.1,1298.6,52.5,0
2303,car,4.5,road_loopA_f0,road_loopA_f1,4210.5,4325.2,114.7,1304.2,40.9,1
2287,truck,8.5,road_loopA_f0,road_loopA_f1,4191.2,4325.7,134.5,1302.9,34.9,1
2313,car,4.5,road_loopA_f0,road_loopA_f1,4218.9,4327.4,108.5,1303.6,43.2,1
2327,car,4.5,road_loopA_r0,road_loopA_r1,4234.0,4327.4,93.4,1297.7,50.0,0
2295,car,4.5,road_loopA_f0,road_loopA_f1,4204.6,4327.7,123.1,1303.8,38.1,1
2306,car,4.5,road_loopA_f0,road_loopA_f1,4212.2,4328.0,115.8,1304.0,40.5,1
2297,suv,4.8,road_loopA_f0,road_loopA_f1,4207.2,4329.4,122.2,1303.2,38.4,1
2333,suv,4.8,road_loopA_r0,road_loopA_r1,4241.1,4330.2,89.1,1298.0,52.4,0
2334,suv,4.8,road_loopA_r0,road_loopA_r1,4241.3,4330.3,89.0,1298.7,52.5,0
2308,truck,8.5,road_loopA_f0,road_loopA_f1,4215.3,4331.1,115.8,1302.8,40.5,0
2323,suv,4.8,road_loopA_r0,road_loopA_r1,4229.9,4331.2,101.3,1297.5,46.1,0
2338,suv,4.8,road_loopA_r0,road_loopA_r1,4243.9,4332.8,88.9,1297.3,52.5,0
2314,car,4.5,road_loopA_f0,road_loopA_f1,4220.1,4333.0,112.9,1304.0,41.6,0
2335,car,4.5,road_loopA_r0,road_loopA_r1,4242.3,4333.0,90.7,1298.4,51.5,0
2246,car,4.5,road_loopA_r0,xloopA_0Bb,4150.5,4333.4,182.9,895.4,17.6,1
2299,suv,4.8,road_loopA_f0,road_loopA_f1,4208.7,4333.5,124.8,1303.2,37.6,1
2322,car,4.5,road_loopA_f0,road_loopA_f1,4228.7,4333.6,104.9,1303.9,44.8,0
2340,suv,4.8,road_loopA_r0,road_loopA_r1,4244.3,4333.9,89.6,1297.4,52.1,0
2341,car,4.5,road_loopA_r0,road_loopA_r1,4244.8,4334.7,89.9,1297.4,51.9,0
2373,truck,8.5,road_loopA_f0,xloopA_0Ab,4273.6,4335.0,61.4,505.1,29.6,0
2309,car,4.5,road_loopA_f0,road_loopA_f1,4216.1,4335.3,119.2,1303.8,39.4,0
2332,car,4.5,road_loopA_r0,xloopA_0Bb,4237.3,4336.0,98.7,895.4,32.7,1
2320,car,4.5,road_loopA_f0,road_loopA_f1,4227.9,4336.3,108.4,1304.2,43.3,0
2312,suv,4.8,road_loopA_f0,road_loopA_f1,4218.7,4337.1,118.4,1303.9,39.6,0
2328,suv,4.8,road_loopA_f0,road_loopA_f1,4235.1,4337.5,102.4,1303.8,45.8,0
2316,truck,8.5,road_loopA_f0,road_loopA_f1,4225.0,4339.3,114.3,1303.7,41.0,0
2368,car,4.5,road_loopA_r0,xloopA_0Bb,4265.6,4340.1,74.5,895.3,43.2,0
2324,suv,4.8,road_loopA_f0,road_loopA_f1,4229.9,4342.9,113.0,1303.7,41.6,0
2352,car,4.5,road_loopA_r0,road_loopA_r1,4254.0,4343.7,89.7,1298.0,52.1,0
2325,car,4.5,road_loopA_f0,road_loopA_f1,4230.2,4346.3,116.1,1303.0,40.4,0
2331,truck,8.5,road_loopA_f0,road_loopA_f1,4237.3,4346.9,109.6,1303.5,42.8,0
2339,truck,8.5,road_loopA_f0,road_loopA_f1,4244.0,4348.2,104.2,1303.9,45.1,0
2336,car,4.5,xloopA_0Aa,xloopA_0Ab,4242.8,4348.5,105.7,84.3,2.9,1
2362,car,4.5,xloopA_0Ba,xloopA_0Bb,4260.8,4348.9,88.1,84.2,3.4,1
2346,suv,4.8,road_loopA_f0,road_loopA_f1,4250.8,4350.2,99.4,1303.3,47.2,0
2342,car,4.5,road_loopA_r0,road_loopA_r1,4245.7,4350.4,104.7,1297.9,44.6,0
2289,bus,11.0,road_loopA_r0,road_loopA_r1,4195.2,4350.6,155.4,1298.2,30.1,2
2372,car,4.5,xloopA_0Aa,xloopA_0Ab,4271.7,4350.6,78.9,84.4,3.8,1
2354,car,4.5,road_loopA_f0,road_loopA_f1,4254.7,4351.6,96.9,1303.2,48.4,0
2347,car,4.5,road_loopA_r0,road_loopA_r1,4252.5,4351.7,99.2,1298.5,47.1,0
2360,suv,4.8,road_loopA_r0,road_loopA_r1,4259.6,4351.8,92.2,1298.3,50.7,0
2396,car,4.5,xloopA_0Aa,xloopA_0Ab,4291.7,4352.8,61.1,84.8,5.0,1
2454,car,4.5,xloopA_0Ba,xloopA_0Bb,4335.5,4353.1,17.6,84.2,17.2,0
2356,suv,4.8,road_loopA_f0,road_loopA_f1,4256.5,4354.2,97.7,1304.1,48.1,0
2458,car,4.5,xloopA_0Ba,xloopA_0Bb,4339.9,4355.5,15.6,84.5,19.5,0
2330,car,4.5,road_loopA_f0,road_loopA_f1,4237.3,4357.8,120.5,1303.3,38.9,0
2344,truck,8.5,road_loopA_f0,road_loopA_f1,4249.2,4359.3,110.1,1303.1,42.6,0
2353,car,4.5,road_loopA_f0,road_loopA_f1,4254.6,4360.5,105.9,1304.0,44.3,0
2348,car,4.5,road_loopA_f0,road_loopA_f1,4252.9,4360.8,107.9,1302.8,43.5,0
2351,car,4.5,road_loopA_f0,road_loopA_f1,4253.9,4362.4,108.5,1303.4,43.2,0
2359,car,4.5,road_loopA_f0,road_loopA_f1,4258.5,4364.6,106.1,1303.4,44.2,0
2343,suv,4.8,road_loopA_f0,road_loopA_f1,4246.3,4364.7,118.4,1304.1,39.6,0
2311,suv,4.8,road_loopA_f0,road_loopA_f1,4218.2,4365.1,146.9,1302.9,31.9,0
2367,suv,4.8,road_loopA_f0,road_loopA_f1,4263.5,4366.2,102.7,1302.8,45.7,0
2337,car,4.5,road_loopA_f0,road_loopA_f1,4243.6,4366.8,123.2,1303.4,38.1,0
2363,car,4.5,road_loopA_f0,road_loopA_f1,4261.7,4367.4,105.7,1303.4,44.4,0
2369,car,4.5,road_loopA_f0,road_loopA_f1,4269.8,4369.0,99.2,1303.3,47.3,0
2349,car,4.5,road_loopA_f0,road_loopA_f1,4253.0,4369.5,116.5,1303.1,40.3,0
2355,truck,8.5,road_loopA_f0,road_loopA_f1,4256.2,4370.8,114.6,1303.0,40.9,0
2361,car,4.5,road_loopA_f0,road_loopA_f1,4260.3,4371.7,111.4,1303.1,42.1,0
2345,car,4.5,road_loopA_r0,xloopA_0Ab,4250.4,4373.7,123.3,869.2,25.4,3
2357,car,4.5,road_loopA_f0,road_loopA_f1,4257.1,4373.9,116.8,1303.6,40.2,0
2370,truck,8.5,road_loopA_f0,road_loopA_f1,4270.3,4374.5,104.2,1303.5,45.1,0
2441,car,4.5,road_loopA_f0,xloopA_0Bb,4326.0,4374.8,48.8,478.5,35.3,0
2364,car,4.5,road_loopA_f0,road_loopA_f1,4262.4,4375.6,113.2,1304.0,41.5,0
2300,bus,11.0,road_loopA_f0,road_loopA_f1,4209.2,4375.8,166.6,1302.8,28.1,2
2381,car,4.5,road_loopA_r0,xloopA_0Ab,4278.5,4377.4,98.9,869.2,31.6,2
2379,truck,8.5,road_loopA_f0,road_loopA_f1,4276.7,4377.6,100.9,1302.8,46.5,0
2383,suv,4.8,road_loopA_f0,road_loopA_f1,4280.3,4378.3,98.0,1303.4,47.9,0
2385,truck,8.5,road_loopA_f0,road_loopA_f1,4284.0,4380.5,96.5,1303.1,48.6,0
2391,car,4.5,road_loopA_f0,road_loopA_f1,4288.4,4381.7,93.3,1304.2,50.3,0
2455,car,4.5,road_loopA_f0,xloopA_0Bb,4336.6,4383.4,46.8,478.8,36.8,0
2466,car,4.5,road_loopA_f0,xloopA_0Bb,4346.5,4386.7,40.2,478.7,42.8,0
2467,truck,8.5,road_loopA_f0,xloopA_0Bb,4348.2,4391.9,43.7,478.7,39.4,0
2366,car,4.5,road_loopA_r0,road_loopA_r1,4263.4,4392.2,128.8,1297.7,36.3,1
2365,suv,4.8,road_loopA_r0,road_loopA_r1,4263.1,4393.0,129.9,1298.0,36.0,1
2375,car,4.5,road_loopA_r0,road_loopA_r1,4274.5,4395.6,121.1,1297.3,38.6,1
2371,car,4.5,road_loopA_r0,road_loopA_r1,4270.5,4396.5,126.0,1298.6,37.1,1
2377,truck,8.5,road_loopA_r0,road_loopA_r1,4275.9,4400.1,124.2,1298.3,37.6,1
2384,car,4.5,road_loopA_r0,road_loopA_r1,4282.5,4400.5,118.0,1298.1,39.6,1
2387,suv,4.8,road_loopA_r0,road_loopA_r1,4284.5,4401.8,117.3,1298.3,39.9,1
2390,suv,4.8,road_loopA_r0,road_loopA_r1,4287.6,4403.5,115.9,1298.6,40.3,1
2394,suv,4.8,road_loopA_r0,road_loopA_r1,4290.8,4405.0,114.2,1298.2,40.9,1
2374,car,4.5,road_loopA_r0,road_loopA_r1,4273.9,4406.6,132.7,1298.4,35.2,1
2386,car,4.5,road_loopA_r0,road_loopA_r1,4284.3,4407.5,123.2,1297.3,37.9,1
2358,suv,4.8,road_loopA_r0,road_loopA_r1,4257.9,4408.2,150.3,1297.4,31.1,1
2395,truck,8.5,road_loopA_r0,road_loopA_r1,4291.4,4409.0,117.6,1298.0,39.8,1
2401,car,4.5,road_loopA_r0,road_loopA_r1,4295.9,4409.0,113.1,1298.7,41.3,0
2376,car,4.5,road_loopA_r0,road_loopA_r1,4274.6,4410.2,135.6,1298.0,34.5,1
2402,suv,4.8,road_loopA_r0,road_loopA_r1,4296.5,4410.8,114.3,1298.3,40.9,1
2378,suv,4.8,road_loopA_r0,road_loopA_r1,4276.3,4411.9,135.6,1298.1,34.5,1
2409,car,4.5,road_loopA_r0,road_loopA_r1,4298.7,4412.5,113.8,1297.5,41.0,1
2388,truck,8.5,road_loopA_r0,road_loopA_r1,4286.1,4414.2,128.1,1297.8,36.5,0
2423,car,4.5,road_loopA_r0,road_loopA_r1,4311.5,4415.4,103.9,1297.9,45.0,0
2403,car,4.5,road_loopA_r0,road_loopA_r1,4296.7,4416.3,119.6,1298.2,39.1,0
2436,car,4.5,road_loopA_r0,road_loopA_r1,4321.8,4417.1,95.3,1298.5,49.0,0
2404,car,4.5,road_loopA_r0,road_loopA_r1,4296.8,4417.7,120.9,1297.4,38.6,0
2405,car,4.5,road_loopA_r0,road_loopA_r1,4297.3,4418.2,120.9,1298.5,38.7,0
2416,car,4.5,road_loopA_r0,road_loopA_r1,4305.3,4418.8,113.5,1298.4,41.2,0
2392,car,4.5,road_loopA_f0,road_loopA_f1,4288.9,4419.4,130.5,1303.2,35.9,1
2412,car,4.5,road_loopA_r0,road_loopA_r1,4301.0,4419.9,118.9,1297.6,39.3,0
2420,suv,4.8,road_loopA_r0,road_loopA_r1,4307.7,4420.5,112.8,1297.8,41.4,0
2397,car,4.5,road_loopA_f0,road_loopA_f1,4291.7,4421.3,129.6,1304.0,36.2,1
2418,suv,4.8,road_loopA_r0,road_loopA_r1,4306.9,4421.8,114.9,1297.5,40.6,0
2421,suv,4.8,road_loopA_r0,road_loopA_r1,4311.1,4422.1,111.0,1298.2,42.1,0
2473,car,4.5,road_loopA_r0,xloopA_0Ab,4354.4,4422.2,67.8,869.1,46.2,0
2389,car,4.5,road_loopA_f0,road_loopA_f1,4287.3,4423.5,136.2,1303.4,34.4,1
2425,truck,8.5,road_loopA_r0,road_loopA_r1,4313.2,4423.6,110.4,1297.5,42.3,0
2433,car,4.5,road_loopA_r0,road_loopA_r1,4318.6,4425.2,106.6,1298.1,43.8,0
2429,car,4.5,road_loopA_r0,road_loopA_r1,4317.5,4425.4,107.9,1298.5,43.3,0
2406,car,4.5,road_loopA_f0,road_loopA_f1,4297.5,4427.8,130.3,1303.6,36.0,1
2437,car,4.5,road_loopA_r0,road_loopA_r1,4324.3,4427.8,103.5,1298.4,45.2,0
2427,car,4.5,road_loopA_r0,road_loopA_r1,4316.6,4428.7,112.1,1297.3,41.7,0
2419,car,4.5,road_loopA_r0,road_loopA_r1,4307.7,4428.9,121.2,1297.8,38.5,0
2443,car,4.5,road_loopA_r0,road_loopA_r1,4327.6,4429.6,102.0,1298.0,45.8,0
2435,car,4.5,road_loopA_r0,road_loopA_r1,4319.3,4430.4,111.1,1297.3,42.0,0
2426,suv,4.8,road_loopA_r0,road_loopA_r1,4314.6,4430.7,116.1,1298.1,40.3,0
2411,suv,4.8,road_loopA_f0,road_loopA_f1,4299.0,4430.9,131.9,1302.8,35.6,1
2447,car,4.5,road_loopA_r0,road_loopA_r1,4330.2,4432.1,101.9,1297.5,45.9,0
2440,car,4.5,road_loopA_r0,road_loopA_r1,4325.4,4432.2,106.8,1298.1,43.7,0
2450,suv,4.8,road_loopA_r0,road_loopA_r1,4333.6,4432.4,98.8,1298.4,47.3,0
2413,car,4.5,road_loopA_f0,road_loopA_f1,4302.8,4433.6,130.8,1303.6,35.9,1
2438,bus,11.0,road_loopA_r0,road_loopA_r1,4324.5,4433.7,109.2,1297.5,42.8,0
2417,suv,4.8,road_loopA_f0,road_loopA_f1,4305.7,4435.4,129.7,1303.2,36.2,1
2393,car,4.5,road_loopA_f0,road_loopA_f1,4290.7,4435.9,145.2,1303.8,32.3,1
2431,car,4.5,road_loopA_f0,road_loopA_f1,4318.1,4437.4,119.3,1303.3,39.3,1
2398,car,4.5,road_loopA_f0,road_loopA_f1,4292.9,4437.6,144.7,1303.5,32.4,1
2382,truck,8.5,road_loopA_f0,road_loopA_f1,4279.8,4438.4,158.6,1303.5,29.6,1
2400,truck,8.5,road_loopA_f0,road_loopA_f1,4293.6,4439.7,146.1,1303.2,32.1,1
2428,suv,4.8,road_loopA_f0,road_loopA_f1,4316.7,4440.1,123.4,1304.2,38.1,1
2461,car,4.5,road_loopA_r0,road_loopA_r1,4341.7,4440.2,98.5,1298.1,47.5,0
2399,truck,8.5,road_loopA_f0,road_loopA_f1,4293.1,4440.8,147.7,1303.6,31.8,1
2439,car,4.5,road_loopA_f0,road_loopA_f1,4324.9,4441.3,116.4,1303.6,40.3,1
2407,suv,4.8,road_loopA_f0,road_loopA_f1,4298.3,4441.7,143.4,1303.0,32.7,1
2464,car,4.5,road_loopA_r0,road_loopA_r1,4345.4,4441.9,96.5,1297.6,48.4,0
2410,suv,4.8,road_loopA_f0,road_loopA_f1,4298.9,4442.8,143.9,1303.6,32.6,1
2465,car,4.5,road_loopA_r0,road_loopA_r1,4346.2,4442.8,96.6,1297.9,48.4,0
2446,car,4.5,road_loopA_f0,road_loopA_f1,4329.7,4443.5,113.8,1303.7,41.3,0
2414,car,4.5,road_loopA_f0,road_loopA_f1,4303.8,4443.6,139.8,1304.0,33.6,1
2468,car,4.5,road_loopA_r0,road_loopA_r1,4349.4,4443.7,94.3,1298.0,49.5,0
2430,truck,8.5,road_loopA_f0,road_loopA_f1,4317.8,4445.2,127.4,1304.0,36.8,1
2471,car,4.5,road_loopA_r0,road_loopA_r1,4350.2,4445.5,95.3,1298.3,49.0,0
2434,truck,8.5,road_loopA_f0,road_loopA_f1,4319.1,4446.1,127.0,1303.3,36.9,1
2432,car,4.5,road_loopA_f0,road_loopA_f1,4318.6,4446.7,128.1,1303.2,36.6,1
2422,car,4.5,road_loopA_f0,xloopA_0Ab,4311.6,4447.2,135.6,505.2,13.4,1
2408,truck,8.5,road_loopA_r0,xloopA_0Bb,4298.2,4447.9,149.7,895.9,21.5,1
2442,car,4.5,road_loopA_f0,road_loopA_f1,4326.3,4448.1,121.8,1302.8,38.5,1
2449,car,4.5,road_loopA_f0,road_loopA_f1,4332.6,4449.4,116.8,1303.6,40.2,0
2424,car,4.5,road_loopA_f0,xloopA_0Ab,4312.5,4449.8,137.3,505.2,13.3,1
2453,suv,4.8,road_loopA_r0,xloopA_0Bb,4335.2,4450.9,115.7,895.8,27.9,1
2452,car,4.5,road_loopA_f0,road_loopA_f1,4334.8,4451.0,116.2,1304.1,40.4,0
2445,car,4.5,road_loopA_f0,road_loopA_f1,4329.5,4451.2,121.7,1303.6,38.6,1
2495,car,4.5,road_loopA_f0,xloopA_0Ab,4369.9,4452.4,82.5,505.0,22.0,1
2457,car,4.5,road_loopA_f0,road_loopA_f1,4339.5,4452.8,113.3,1304.0,41.4,0
2444,car,4.5,road_loopA_r0,road_loopA_r1,4328.2,4453.0,124.8,1298.0,37.4,0
2451,car,4.5,road_loopA_f0,road_loopA_f1,4333.7,4453.0,119.3,1303.9,39.4,1
2497,suv,4.8,road_loopA_r0,xloopA_0Bb,4371.2,4453.6,82.4,895.6,39.1,0
2477,car,4.5,road_loopA_r0,road_loopA_r1,4361.2,4453.7,92.5,1297.5,50.5,0
2448,bus,11.0,road_loopA_r0,road_loopA_r1,4331.4,4454.3,122.9,1297.6,38.0,1
2472,car,4.5,road_loopA_f0,road_loopA_f1,4353.5,4454.3,100.8,1302.9,46.5,0
2460,car,4.5,road_loopA_f0,road_loopA_f1,4341.3,4454.6,113.3,1303.2,41.4,0
2480,car,4.5,road_loopA_r0,road_loopA_r1,4362.6,4454.8,92.2,1298.4,50.7,0
2505,car,4.5,road_loopA_f0,xloopA_0Ab,4382.4,4455.1,72.7,505.2,25.0,1
2481,car,4.5,road_loopA_r0,road_loopA_r1,4362.6,4456.1,93.5,1297.6,50.0,0
2504,car,4.5,road_loopA_r0,xloopA_0Bb,4377.7,4456.3,78.6,895.6,41.0,0
2459,suv,4.8,road_loopA_f0,road_loopA_f1,4341.0,4456.4,115.4,1303.5,40.7,0
2483,car,4.5,road_loopA_r0,road_loopA_r1,4364.1,4456.5,92.4,1297.8,50.6,0
2478,car,4.5,road_loopA_r0,road_loopA_r1,4362.3,4456.8,94.5,1298.6,49.5,0
2415,bus,11.0,road_loopA_r0,road_loopA_r1,4304.8,4456.9,152.1,1297.3,30.7,2
2456,car,4.5,road_loopA_f0,road_loopA_f1,4339.2,4457.3,118.1,1303.0,39.7,0
2463,car,4.5,road_loopA_f0,road_loopA_f1,4345.4,4458.2,112.8,1302.8,41.6,0
2482,car,4.5,road_loopA_r0,road_loopA_r1,4363.5,4458.5,95.0,1297.7,49.2,0
2488,car,4.5,road_loopA_r0,road_loopA_r1,4367.3,4458.9,91.6,1298.5,51.0,0
2462,suv,4.8,road_loopA_f0,road_loopA_f1,4343.8,4459.1,115.3,1304.0,40.7,0
2485,car,4.5,road_loopA_r0,road_loopA_r1,4365.2,4460.2,95.0,1297.6,49.2,0
2470,car,4.5,road_loopA_f0,road_loopA_f1,4350.2,4460.9,110.7,1303.9,42.4,0
2469,suv,4.8,road_loopA_f0,road_loopA_f1,4349.9,4461.0,111.1,1303.7,42.3,0
2479,car,4.5,road_loopA_f0,road_loopA_f1,4362.5,4461.4,98.9,1302.8,47.4,0
2491,car,4.5,road_loopA_r0,road_loopA_r1,4368.0,4461.7,93.7,1297.8,49.9,0
2475,car,4.5,xloopA_0Aa,xloopA_0Ab,4356.2,4462.1,105.9,84.7,2.9,1
2487,car,4.5,road_loopA_f0,road_loopA_f1,4367.2,4462.6,95.4,1304.1,49.2,0
2493,truck,8.5,road_loopA_r0,road_loopA_r1,4369.1,4462.8,93.7,1298.6,49.9,0
2474,car,4.5,road_loopA_f0,road_loopA_f1,4354.6,4462.9,108.3,1303.3,43.3,0
2490,car,4.5,road_loopA_f0,road_loopA_f1,4368.1,4463.0,94.9,1303.3,49.4,0
2486,car,4.5,xloopA_0Ba,xloopA_0Bb,4366.6,4463.5,96.9,84.1,3.1,1
2498,car,4.5,road_loopA_f0,road_loopA_f1,4372.4,4464.7,92.3,1302.9,50.8,0
2496,car,4.5,road_loopA_f0,road_loopA_f1,4370.1,4464.9,94.8,1303.8,49.5,0
2557,car,4.5,xloopA_0Ba,xloopA_0Bb,4422.0,4465.6,43.6,84.5,7.0,1
2499,car,4.5,road_loopA_f0,road_loopA_f1,4374.7,4466.6,91.9,1303.8,51.1,0
2476,suv,4.8,road_loopA_f0,road_loopA_f1,4358.6,4467.6,109.0,1303.8,43.0,0
2506,car,4.5,xloopA_0Aa,xloopA_0Ab,4382.5,4467.8,85.3,84.2,3.6,1
2569,car,4.5,xloopA_0Ba,xloopA_0Bb,4435.4,4467.8,32.4,84.5,9.4,1
2502,car,4.5,road_loopA_f0,road_loopA_f1,4377.7,4468.0,90.3,1303.8,52.0,0
2503,suv,4.8,road_loopA_f0,road_loopA_f1,4377.7,4469.6,91.9,1303.9,51.1,0
2533,car,4.5,xloopA_0Aa,xloopA_0Ab,4404.5,4470.0,65.5,84.2,4.6,0
2484,truck,8.5,road_loopA_f0,road_loopA_f1,4364.4,4471.8,107.4,1303.9,43.7,0
2554,car,4.5,xloopA_0Aa,xloopA_0Ab,4420.3,4472.0,51.7,84.1,5.9,0
2489,suv,4.8,road_loopA_f0,road_loopA_f1,4367.9,4472.7,104.8,1302.8,44.7,0
2561,car,4.5,xloopA_0Aa,xloopA_0Ab,4424.6,4474.2,49.6,84.5,6.1,0
2494,car,4.5,road_loopA_f0,road_loopA_f1,4369.3,4475.3,106.0,1302.9,44.3,0
2563,car,4.5,xloopA_0Aa,xloopA_0Ab,4429.5,4475.9,46.4,84.0,6.5,0
2510,car,4.5,road_loopA_f0,road_loopA_f1,4387.6,4476.9,89.3,1303.1,52.5,0
2501,truck,8.5,road_loopA_f0,road_loopA_f1,4377.0,4477.6,100.6,1303.0,46.6,0
2513,suv,4.8,road_loopA_f0,road_loopA_f1,4389.7,4479.8,90.1,1303.1,52.1,0
2516,car,4.5,road_loopA_f0,road_loopA_f1,4393.1,4482.5,89.4,1303.1,52.5,0
2519,car,4.5,road_loopA_f0,road_loopA_f1,4394.8,4485.2,90.4,1303.0,51.9,0
2520,car,4.5,road_loopA_f0,road_loopA_f1,4397.2,4488.2,91.0,1303.8,51.6,0
2526,car,4.5,road_loopA_f0,road_loopA_f1,4400.9,4490.6,89.7,1303.4,52.3,0
2515,car,4.5,road_loopA_f0,road_loopA_f1,4392.3,4495.1,102.8,1302.8,45.6,0
2536,car,4.5,road_loopA_r0,xloopA_0Ab,4405.9,4502.7,96.8,869.2,32.3,1
2583,suv,4.8,road_loopA_f0,xloopA_0Bb,4451.2,4504.0,52.8,479.1,32.7,0
2541,suv,4.8,road_loopA_r0,xloopA_0Ab,4408.4,4506.4,98.0,869.3,31.9,1
2507,suv,4.8,road_loopA_r0,road_loopA_r1,4382.6,4519.3,136.7,1297.3,34.2,1
2511,suv,4.8,road_loopA_r0,road_loopA_r1,4388.2,4520.9,132.7,1298.0,35.2,1
2492,car,4.5,xloopA_0Aa,road_loopA_r1,4369.0,4522.5,153.5,507.1,11.9,1
2512,suv,4.8,road_loopA_r0,road_loopA_r1,4389.0,4522.7,133.7,1298.7,35.0,1
2500,car,4.5,road_loopA_r0,road_loopA_r1,4376.0,4524.2,148.2,1298.4,31.5,1
2514,suv,4.8,road_loopA_r0,road_loopA_r1,4391.9,4524.9,133.0,1298.1,35.1,1
2521,car,4.5,road_loopA_r0,road_loopA_r1,4397.6,4525.5,127.9,1297.5,36.5,1
2508,car,4.5,road_loopA_r0,road_loopA_r1,4387.0,4525.8,138.8,1297.5,33.7,1
2525,car,4.5,road_loopA_r0,road_loopA_r1,4400.7,4527.4,126.7,1298.1,36.9,1
2524,suv,4.8,road_loopA_r0,road_loopA_r1,4399.9,4527.5,127.6,1298.1,36.6,1
2527,car,4.5,road_loopA_r0,road_loopA_r1,4401.0,4529.2,128.2,1298.6,36.5,1
2528,car,4.5,road_loopA_r0,road_loopA_r1,4401.9,4529.2,127.3,1298.0,36.7,1
2532,suv,4.8,road_loopA_r0,road_loopA_r1,4404.5,4530.2,125.7,1297.3,37.1,1
2531,suv,4.8,road_loopA_r0,road_loopA_r1,4403.8,4530.8,127.0,1298.3,36.8,1
2543,suv,4.8,road_loopA_r0,road_loopA_r1,4412.7,4531.9,119.2,1297.6,39.2,1
1,tram,34.0,loopA,loopA,138.7,4532.6,4393.9,33702.7,27.6,42
2540,car,4.5,road_loopA_r0,road_loopA_r1,4408.4,4532.8,124.4,1297.8,37.6,1
2546,car,4.5,road_loopA_r0,road_loopA_r1,4415.2,4532.9,117.7,1297.4,39.7,1
2544,suv,4.8,road_loopA_r0,road_loopA_r1,4413.5,4534.5,121.0,1297.9,38.6,1
2552,car,4.5,road_loopA_r0,road_loopA_r1,4419.1,4536.0,116.9,1298.7,40.0,1
2553,suv,4.8,road_loopA_r0,road_loopA_r1,4420.0,4537.5,117.5,1297.7,39.8,1
2562,car,4.5,road_loopA_r0,road_loopA_r1,4425.3,4539.2,113.9,1298.5,41.0,1
2538,truck,8.5,road_loopA_r0,road_loopA_r1,4408.1,4541.1,133.0,1297.3,35.1,1
2578,car,4.5,road_loopA_r0,road_loopA_r1,4447.5,4541.6,94.1,1298.5,49.7,0
2551,car,4.5,road_loopA_r0,road_loopA_r1,4419.0,4543.1,124.1,1297.7,37.6,0
2586,car,4.5,road_loopA_r0,road_loopA_r1,4453.8,4543.9,90.1,1298.5,51.9,0
2570,car,4.5,road_loopA_r0,road_loopA_r1,4435.8,4544.3,108.5,1298.6,43.1,0
2585,suv,4.8,road_loopA_r0,xloopA_0Ab,4452.2,4545.8,93.6,869.5,33.5,1
2588,car,4.5,road_loopA_r0,road_loopA_r1,4456.3,4545.9,89.6,1298.0,52.1,0
2568,car,4.5,road_loopA_r0,road_loopA_r1,4434.2,4546.2,112.0,1297.8,41.7,0
2530,suv,4.8,road_loopA_f0,road_loopA_f1,4403.7,4546.7,143.0,1303.7,32.8,1
2576,suv,4.8,road_loopA_r0,road_loopA_r1,4444.9,4547.9,103.0,1297.9,45.4,0
2590,car,4.5,road_loopA_r0,road_loopA_r1,4458.2,4548.2,90.0,1297.9,51.9,0
2535,suv,4.8,road_loopA_f0,road_loopA_f1,4405.2,4548.3,143.1,1303.8,32.8,1
2580,car,4.5,road_loopA_r0,road_loopA_r1,4449.0,4549.7,100.7,1298.3,46.4,0
2509,bus,11.0,road_loopA_r0,road_loopA_r1,4387.0,4553.2,166.2,1297.2,28.1,1
2581,suv,4.8,road_loopA_r0,road_loopA_r1,4449.4,4554.4,105.0,1297.4,44.5,0
2579,truck,8.5,road_loopA_r0,road_loopA_r1,4447.6,4554.8,107.2,1298.4,43.6,0
2534,car,4.5,road_loopA_f0,road_loopA_f1,4404.6,4555.4,150.8,1303.5,31.1,1
2537,car,4.5,road_loopA_f0,road_loopA_f1,4407.7,4556.3,148.6,1303.3,31.6,1
2587,car,4.5,road_loopA_r0,road_loopA_r1,4455.9,4556.7,100.8,1297.9,46.4,0
2522,car,4.5,road_loopA_f0,road_loopA_f1,4398.7,4557.0,158.3,1303.0,29.6,1
2539,car,4.5,road_loopA_f0,road_loopA_f1,4408.4,4557.1,148.7,1303.2,31.6,1
2517,bus,11.0,road_loopA_r0,road_loopA_r1,4393.3,4557.9,164.6,1297.9,28.4,2
2547,suv,4.8,road_loopA_f0,road_loopA_f1,4415.6,4559.0,143.4,1303.9,32.7,1
2633,car,4.5,road_loopA_f0,xloopA_0Bb,4501.5,4559.4,57.9,478.9,29.8,0
2548,car,4.5,road_loopA_f0,road_loopA_f1,4415.6,4559.7,144.1,1303.4,32.6,1
2558,car,4.5,road_loopA_f0,road_loopA_f1,4422.6,4561.4,138.8,1303.3,33.8,1
2550,truck,8.5,road_loopA_f0,road_loopA_f1,4418.4,4562.0,143.6,1303.4,32.7,1
2529,truck,8.5,road_loopA_f0,road_loopA_f1,4403.5,4563.7,160.2,1303.9,29.3,1
2556,suv,4.8,road_loopA_f0,road_loopA_f1,4421.1,4564.0,142.9,1303.0,32.8,1
2566,suv,4.8,road_loopA_f0,road_loopA_f1,4432.1,4564.5,132.4,1303.9,35.4,1
2560,suv,4.8,road_loopA_f0,road_loopA_f1,4423.5,4565.8,142.3,1303.2,33.0,1
2542,truck,8.5,road_loopA_f0,road_loopA_f1,4412.4,4566.1,153.7,1303.6,30.5,1
2593,truck,8.5,road_loopA_r0,road_loopA_r1,4461.8,4566.2,104.4,1298.0,44.7,0
2595,truck,8.5,road_loopA_r0,road_loopA_r1,4464.5,4566.6,102.1,1297.7,45.8,0
2571,suv,4.8,road_loopA_f0,road_loopA_f1,4438.7,4567.2,128.5,1303.0,36.5,1
2565,car,4.5,road_loopA_f0,road_loopA_f1,4431.0,4567.6,136.6,1303.2,34.3,1
2598,car,4.5,road_loopA_r0,road_loopA_r1,4471.1,4568.2,97.1,1298.1,48.1,0
2603,suv,4.8,road_loopA_r0,road_loopA_r1,4475.6,4568.5,92.9,1297.4,50.3,0
2573,car,4.5,road_loopA_f0,road_loopA_f1,4439.4,4569.0,129.6,1302.8,36.2,1
2567,car,4.5,road_loopA_f0,road_loopA_f1,4433.1,4569.3,136.2,1303.3,34.5,1
2555,suv,4.8,road_loopA_f0,road_loopA_f1,4420.7,4569.5,148.8,1303.0,31.5,1
2572,car,4.5,road_loopA_f0,road_loopA_f1,4438.8,4571.1,132.3,1304.2,35.5,1
2559,car,4.5,road_loopA_f0,road_loopA_f1,4423.6,4571.3,147.7,1303.5,31.8,1
2609,car,4.5,road_loopA_r0,road_loopA_r1,4480.0,4572.2,92.2,1298.7,50.7,0
2605,car,4.5,road_loopA_r0,road_loopA_r1,4476.5,4572.8,96.3,1298.3,48.5,0
2575,car,4.5,road_loopA_f0,road_loopA_f1,4443.9,4573.2,129.3,1302.8,36.3,1
2518,suv,4.8,road_loopA_r0,xloopA_0Bb,4394.6,4573.3,178.7,895.9,18.1,1
2574,car,4.5,road_loopA_f0,road_loopA_f1,4441.8,4574.0,132.2,1303.0,35.5,1
2612,suv,4.8,road_loopA_r0,road_loopA_r1,4482.0,4574.3,92.3,1297.8,50.6,0
2549,truck,8.5,road_loopA_f0,xloopA_0Ab,4415.7,4575.1,159.4,505.3,11.4,1
2582,suv,4.8,road_loopA_f0,road_loopA_f1,4450.0,4575.5,125.5,1303.9,37.4,1
2594,car,4.5,road_loopA_f0,road_loopA_f1,4464.4,4575.5,111.1,1303.2,42.2,0
2577,car,4.5,road_loopA_f0,road_loopA_f1,4446.7,4575.7,129.0,1303.9,36.4,1
2523,truck,8.5,road_loopA_r0,xloopA_0Bb,4399.1,4576.7,177.6,895.5,18.2,1
2610,car,4.5,road_loopA_r0,road_loopA_r1,4481.8,4576.7,94.9,1297.7,49.2,0
2592,car,4.5,road_loopA_f0,road_loopA_f1,4460.1,4577.4,117.3,1302.9,40.0,0
2584,suv,4.8,road_loopA_f0,road_loopA_f1,4452.2,4577.5,125.3,1303.9,37.5,1
2597,car,4.5,road_loopA_f0,xloopA_0Ab,4469.1,4578.1,109.0,505.4,16.7,1
2601,car,4.5,road_loopA_f0,road_loopA_f1,4474.1,4579.2,105.1,1303.6,44.7,0
2564,car,4.5,road_loopA_r0,xloopA_0Bb,4429.5,4579.7,150.2,895.3,21.5,1
2596,car,4.5,road_loopA_f0,road_loopA_f1,4464.9,4580.3,115.4,1303.9,40.7,0
2607,car,4.5,road_loopA_f0,xloopA_0Ab,4477.7,4580.7,103.0,505.1,17.7,1
2600,truck,8.5,road_loopA_r0,road_loopA_r1,4472.0,4581.0,109.0,1298.2,42.9,0
2606,car,4.5,road_loopA_f0,road_loopA_f1,4477.2,4581.0,103.8,1304.0,45.2,0
2618,suv,4.8,road_loopA_r0,road_loopA_r1,4487.2,4581.9,94.7,1297.3,49.3,0
2608,car,4.5,road_loopA_r0,xloopA_0Bb,4478.5,4582.4,103.9,895.5,31.0,1
2617,car,4.5,road_loopA_r0,road_loopA_r1,4486.0,4583.0,97.0,1297.9,48.2,0
2613,truck,8.5,road_loopA_r0,road_loopA_r1,4482.0,4583.1,101.1,1297.5,46.2,0
2614,car,4.5,road_loopA_f0,road_loopA_f1,4484.0,4583.2,99.2,1303.0,47.3,0
2615,car,4.5,road_loopA_f0,xloopA_0Ab,4484.4,4583.4,99.0,505.3,18.4,1
2589,car,4.5,road_loopA_f0,road_loopA_f1,4457.7,4583.9,126.2,1302.8,37.2,0
2619,car,4.5,road_loopA_r0,road_loopA_r1,4488.6,4584.7,96.1,1298.2,48.6,0
2622,car,4.5,road_loopA_r0,road_loopA_r1,4492.4,4584.7,92.3,1298.5,50.6,0
2623,car,4.5,road_loopA_f0,road_loopA_f1,4496.5,4585.8,89.3,1303.1,52.5,0
2599,car,4.5,xloopA_0Ba,xloopA_0Bb,4471.6,4588.0,116.4,84.6,2.6,1
2602,car,4.5,xloopA_0Aa,xloopA_0Ab,4474.8,4588.7,113.9,84.1,2.7,1
2626,car,4.5,road_loopA_f0,road_loopA_f1,4498.4,4588.7,90.3,1302.8,52.0,0
2604,suv,4.8,road_loopA_f0,road_loopA_f1,4476.6,4589.4,112.8,1304.0,41.6,0
2628,car,4.5,road_loopA_f0,road_loopA_f1,4499.6,4589.8,90.2,1303.9,52.0,0
2616,car,4.5,road_loopA_f0,road_loopA_f1,4484.5,4591.0,106.5,1303.2,44.0,0
2666,car,4.5,xloopA_0Ba,xloopA_0Bb,4526.5,4591.5,65.0,84.5,4.7,1
2632,car,4.5,road_loopA_f0,road_loopA_f1,4501.2,4591.9,90.7,1303.4,51.7,0
2630,car,4.5,road_loopA_r0,road_loopA_r1,4499.7,4592.7,93.0,1298.5,50.3,0
2611,truck,8.5,road_loopA_r0,road_loopA_r1,4481.8,4594.2,112.4,1298.4,41.6,0
2719,car,4.5,xloopA_0Aa,xloopA_0Ab,4571.2,4595.6,24.4,84.2,12.4,0
2621,car,4.5,road_loopA_f0,road_loopA_f1,4492.0,4596.4,104.4,1303.7,45.0,0
2674,car,4.5,xloopA_0Ba,xloopA_0Bb,4536.5,4597.5,61.0,84.7,5.0,0
2636,suv,4.8,road_loopA_f0,road_loopA_f1,4502.1,4598.3,96.2,1303.0,48.8,0
2640,suv,4.8,road_loopA_f0,road_loopA_f1,4503.5,4599.9,96.4,1303.7,48.7,0
2648,car,4.5,road_loopA_f0,road_loopA_f1,4508.0,4601.1,93.1,1302.8,50.4,0
2649,car,4.5,road_loopA_f0,road_loopA_f1,4511.8,4601.2,89.4,1303.3,52.5,0
2681,car,4.5,xloopA_0Ba,xloopA_0Bb,4542.4,4601.9,59.5,84.4,5.1,0
2634,car,4.5,road_loopA_f0,road_loopA_f1,4501.6,4602.8,101.2,1303.1,46.4,0
2685,car,4.5,xloopA_0Ba,xloopA_0Bb,4547.7,4603.9,56.2,84.7,5.4,0
2639,car,4.5,road_loopA_f0,road_loopA_f1,4503.3,4604.7,101.4,1303.4,46.3,0
2627,car,4.5,road_loopA_f0,road_loopA_f1,4498.8,4604.8,106.0,1303.7,44.3,0
2629,car,4.5,road_loopA_f0,road_loopA_f1,4499.6,4606.5,106.9,1303.2,43.9,0
2657,car,4.5,road_loopA_f0,road_loopA_f1,4517.3,4606.6,89.3,1303.1,52.5,0
2660,car,4.5,road_loopA_f0,road_loopA_f1,4520.4,4610.0,89.6,1303.8,52.4,0
2646,car,4.5,road_loopA_f0,road_loopA_f1,4507.6,4611.1,103.5,1303.7,45.4,0
2662,car,4.5,road_loopA_f0,road_loopA_f1,4522.4,4612.8,90.4,1304.1,51.9,0
2650,truck,8.5,road_loopA_f0,road_loopA_f1,4511.8,4616.8,105.0,1303.8,44.7,0
2668,car,4.5,road_loopA_f0,road_loopA_f1,4527.4,4616.8,89.4,1303.1,52.5,0
2655,suv,4.8,road_loopA_r0,xloopA_0Ab,4514.9,4623.4,108.5,869.3,28.9,2
2659,car,4.5,road_loopA_f0,road_loopA_f1,4519.1,4627.1,108.0,1303.3,43.4,0
2545,bus,11.0,road_loopA_f0,road_loopA_f1,4414.4,4628.3,213.9,1303.3,21.9,3
2724,truck,8.5,road_loopA_f0,xloopA_0Bb,4574.9,4635.7,60.8,478.6,28.3,0
2645,car,4.5,road_loopA_r0,road_loopA_r1,4505.5,4648.2,142.7,1297.5,32.7,1
2642,suv,4.8,road_loopA_r0,road_loopA_r1,4504.4,4651.4,147.0,1298.1,31.8,1
2654,car,4.5,road_loopA_r0,road_loopA_r1,4514.9,4654.2,139.3,1297.6,33.5,1
2620,car,4.5,xloopA_0Aa,road_loopA_r1,4489.4,4654.5,165.1,506.6,11.0,1
2667,car,4.5,xloopA_0Ba,road_loopA_r1,4527.4,4654.7,127.3,476.7,13.5,0
2624,car,4.5,road_loopA_r0,road_loopA_r1,4497.7,4656.2,158.5,1298.2,29.5,1
2656,car,4.5,road_loopA_r0,road_loopA_r1,4515.1,4656.3,141.2,1298.0,33.1,1
2635,car,4.5,road_loopA_r0,road_loopA_r1,4501.6,4656.4,154.8,1298.3,30.2,1
2641,car,4.5,road_loopA_r0,road_loopA_r1,4504.2,4657.9,153.7,1298.3,30.4,1
2638,car,4.5,road_loopA_r0,road_loopA_r1,4503.2,4658.1,154.9,1298.2,30.2,1
2665,suv,4.8,road_loopA_r0,road_loopA_r1,4525.1,4659.0,133.9,1298.4,34.9,1
2643,car,4.5,road_loopA_r0,road_loopA_r1,4504.7,4659.6,154.9,1298.1,30.2,1
2651,suv,4.8,road_loopA_r0,road_loopA_r1,4513.3,4659.7,146.4,1298.2,31.9,1
2644,bus,11.0,road_loopA_r0,road_loopA_r1,4505.0,4660.4,155.4,1298.0,30.1,1
2664,suv,4.8,road_loopA_r0,road_loopA_r1,4524.1,4661.6,137.5,1297.4,34.0,1
2653,car,4.5,road_loopA_r0,road_loopA_r1,4514.6,4662.6,148.0,1297.5,31.6,1
2775,car,4.5,road_loopA_f0,xloopA_0Bb,4622.7,4663.1,40.4,478.7,42.7,0
2671,suv,4.8,road_loopA_r0,road_loopA_r1,4529.0,4665.3,136.3,1298.6,34.3,1
2658,suv,4.8,road_loopA_r0,road_loopA_r1,4517.2,4665.7,148.5,1298.2,31.5,1
2661,car,4.5,road_loopA_r0,road_loopA_r1,4521.9,4665.9,144.0,1297.4,32.4,1
2675,car,4.5,road_loopA_r0,road_loopA_r1,4537.7,4667.6,129.9,1297.7,36.0,1
2663,suv,4.8,road_loopA_r0,road_loopA_r1,4522.6,4667.9,145.3,1298.4,32.2,1
2679,car,4.5,road_loopA_r0,road_loopA_r1,4540.8,4668.1,127.3,1298.4,36.7,1
2680,car,4.5,road_loopA_r0,road_loopA_r1,4541.1,4669.3,128.2,1298.3,36.5,1
2698,car,4.5,road_loopA_r0,road_loopA_r1,4555.9,4670.0,114.1,1298.0,41.0,1
2683,car,4.5,road_loopA_r0,road_loopA_r1,4545.0,4671.0,126.0,1297.6,37.1,1
2692,car,4.5,road_loopA_r0,road_loopA_r1,4553.2,4672.7,119.5,1297.3,39.1,0
2702,car,4.5,road_loopA_r0,road_loopA_r1,4559.6,4672.7,113.1,1298.3,41.3,0
2706,car,4.5,road_loopA_r0,road_loopA_r1,4561.5,4674.2,112.7,1297.4,41.4,0
2696,car,4.5,road_loopA_r0,road_loopA_r1,4555.2,4674.5,119.3,1298.1,39.2,0
2781,car,4.5,road_loopA_f0,xloopA_0Bb,4630.6,4675.4,44.8,478.7,38.4,0
2705,car,4.5,road_loopA_r0,road_loopA_r1,4561.1,4676.0,114.9,1297.4,40.6,0
2704,car,4.5,road_loopA_r0,road_loopA_r1,4560.4,4676.3,115.9,1298.3,40.3,0
2711,car,4.5,road_loopA_r0,road_loopA_r1,4567.4,4676.9,109.5,1297.4,42.7,0
2786,car,4.5,road_loopA_f0,xloopA_0Bb,4639.1,4678.3,39.2,479.0,44.0,0
2712,car,4.5,road_loopA_r0,road_loopA_r1,4568.6,4678.6,110.0,1297.4,42.5,0
2722,car,4.5,road_loopA_r0,road_loopA_r1,4574.3,4680.3,106.0,1297.5,44.1,0
2715,truck,8.5,road_loopA_r0,road_loopA_r1,4569.9,4680.9,111.0,1298.1,42.1,0
2669,suv,4.8,road_loopA_f0,road_loopA_f1,4528.2,4682.7,154.5,1303.9,30.4,1
2727,car,4.5,road_loopA_r0,road_loopA_r1,4575.0,4683.7,108.7,1297.7,43.0,0
2676,car,4.5,road_loopA_f0,road_loopA_f1,4539.1,4684.3,145.2,1302.9,32.3,1
2689,suv,4.8,road_loopA_r0,road_loopA_r1,4551.6,4684.4,132.8,1297.9,35.2,0
2707,suv,4.8,road_loopA_r0,road_loopA_r1,4563.2,4684.8,121.6,1297.5,38.4,1
2670,truck,8.5,road_loopA_f0,road_loopA_f1,4528.8,4685.6,156.8,1303.0,29.9,1
2731,suv,4.8,road_loopA_r0,road_loopA_r1,4579.2,4685.6,106.4,1298.1,43.9,0
2700,suv,4.8,road_loopA_r0,road_loopA_r1,4559.4,4686.2,126.8,1298.4,36.9,0
2687,car,4.5,road_loopA_f0,road_loopA_f1,4548.5,4687.2,138.7,1302.8,33.8,1
2725,car,4.5,road_loopA_r0,road_loopA_r1,4574.9,4687.2,112.3,1298.0,41.6,1
2714,car,4.5,road_loopA_r0,road_loopA_r1,4569.9,4687.9,118.0,1297.6,39.6,0
2710,car,4.5,road_loopA_r0,road_loopA_r1,4566.5,4688.5,122.0,1298.1,38.3,1
2729,suv,4.8,road_loopA_r0,road_loopA_r1,4576.3,4689.7,113.4,1298.3,41.2,0
2739,car,4.5,road_loopA_r0,road_loopA_r1,4587.4,4689.8,102.4,1297.8,45.6,0
2678,suv,4.8,road_loopA_f0,road_loopA_f1,4539.8,4690.6,150.8,1302.9,31.1,1
2691,car,4.5,road_loopA_f0,road_loopA_f1,4552.5,4690.9,138.4,1303.4,33.9,1
2652,bus,11.0,road_loopA_r0,road_loopA_r1,4513.2,4693.0,179.8,1297.4,26.0,2
2748,car,4.5,road_loopA_r0,road_loopA_r1,4595.1,4693.5,98.4,1298.3,47.5,0
2637,bus,11.0,road_loopA_r0,road_loopA_r1,4502.9,4693.6,190.7,1297.4,24.5,3
2697,car,4.5,road_loopA_f0,road_loopA_f1,4555.6,4693.7,138.1,1302.9,34.0,1
2742,suv,4.8,road_loopA_r0,road_loopA_r1,4591.8,4694.1,102.3,1297.7,45.7,0
2749,car,4.5,road_loopA_r0,road_loopA_r1,4595.6,4695.2,99.6,1298.0,46.9,0
2744,car,4.5,road_loopA_r0,road_loopA_r1,4592.4,4695.9,103.5,1297.6,45.1,0
2690,car,4.5,xloopA_0Ba,road_loopA_f1,4551.8,4696.1,144.3,902.6,22.5,0
2745,car,4.5,road_loopA_r0,road_loopA_r1,4593.0,4696.3,103.3,1297.3,45.2,0
2717,car,4.5,road_loopA_f0,road_loopA_f1,4570.7,4696.8,126.1,1304.0,37.2,1
2686,suv,4.8,road_loopA_f0,road_loopA_f1,4548.5,4697.0,148.5,1303.1,31.6,1
2688,car,4.5,road_loopA_f0,road_loopA_f1,4549.1,4697.7,148.6,1303.1,31.6,1
2756,car,4.5,road_loopA_r0,road_loopA_r1,4601.6,4698.0,96.4,1298.0,48.5,0
2747,truck,8.5,road_loopA_r0,road_loopA_r1,4594.8,4698.2,103.4,1298.1,45.2,0
2695,car,4.5,road_loopA_f0,road_loopA_f1,4555.0,4698.9,143.9,1303.2,32.6,1
2694,car,4.5,road_loopA_f0,road_loopA_f1,4553.7,4699.4,145.7,1303.1,32.2,1
2709,car,4.5,road_loopA_f0,road_loopA_f1,4566.1,4699.6,133.5,1304.1,35.2,1
2625,suv,4.8,road_loopA_r0,xloopA_0Bb,4498.2,4699.9,201.7,896.0,16.0,1
2750,car,4.5,road_loopA_r0,road_loopA_r1,4595.7,4700.2,104.5,1298.2,44.7,0
2703,truck,8.5,road_loopA_f0,road_loopA_f1,4559.9,4701.1,141.2,1302.9,33.2,1
2721,car,4.5,road_loopA_f0,road_loopA_f1,4573.7,4701.1,127.4,1303.2,36.8,1
2701,truck,8.5,road_loopA_f0,xloopA_0Ab,4559.6,4701.7,142.1,504.9,12.8,1
2682,suv,4.8,road_loopA_r0,xloopA_0Bb,4544.9,4702.5,157.6,895.8,20.5,1
2716,car,4.5,road_loopA_f0,road_loopA_f1,4570.4,4703.6,133.2,1303.8,35.2,1
2757,car,4.5,road_loopA_r0,road_loopA_r1,4602.7,4703.9,101.2,1297.4,46.2,0
2699,car,4.5,road_loopA_f0,road_loopA_f1,4558.8,4704.2,145.4,1303.5,32.3,1
2755,car,4.5,road_loopA_r0,road_loopA_r1,4601.3,4704.2,102.9,1298.3,45.4,0
2718,car,4.5,road_loopA_f0,xloopA_0Ab,4570.8,4704.7,133.9,505.2,13.6,1
2726,suv,4.8,road_loopA_f0,road_loopA_f1,4575.0,4705.4,130.4,1303.6,36.0,1
2761,car,4.5,road_loopA_r0,road_loopA_r1,4608.5,4705.7,97.2,1297.8,48.1,0
2684,truck,8.5,road_loopA_r0,xloopA_0Bb,4547.5,4706.0,158.5,895.6,20.3,1
2708,car,4.5,road_loopA_f0,road_loopA_f1,4565.6,4707.2,141.6,1303.2,33.1,1
2736,suv,4.8,road_loopA_f0,road_loopA_f1,4583.2,4707.2,124.0,1303.8,37.8,0
2767,car,4.5,road_loopA_f0,xloopA_0Ab,4614.5,4707.4,92.9,505.4,19.6,1
2763,car,4.5,road_loopA_r0,road_loopA_r1,4609.5,4707.8,98.3,1298.5,47.6,0
2733,truck,8.5,road_loopA_f0,road_loopA_f1,4580.9,4709.7,128.8,1303.9,36.4,0
2737,truck,8.5,road_loopA_r0,xloopA_0Bb,4583.4,4709.7,126.3,895.4,25.5,1
2797,car,4.5,road_loopA_f0,xloopA_0Ab,4644.9,4710.0,65.1,505.0,27.9,0
2728,car,4.5,road_loopA_f0,road_loopA_f1,4575.2,4710.3,135.1,1303.3,34.7,1
2647,car,4.5,xloopA_0Ba,road_loopA_f1,4508.0,4710.8,202.8,902.8,16.0,1
2741,car,4.5,road_loopA_f0,road_loopA_f1,4588.0,4711.7,123.7,1303.0,37.9,0
2713,car,4.5,road_loopA_f0,road_loopA_f1,4569.6,4711.9,142.3,1303.4,33.0,1
2760,car,4.5,road_loopA_r0,road_loopA_r1,4606.6,4713.0,106.4,1298.2,43.9,0
2732,car,4.5,road_loopA_f0,road_loopA_f1,4580.9,4713.4,132.5,1304.0,35.4,1
2743,suv,4.8,road_loopA_f0,road_loopA_f1,4592.0,4713.5,121.5,1303.6,38.6,1
2764,car,4.5,road_loopA_r0,road_loopA_r1,4610.4,4714.8,104.4,1298.3,44.8,0
2758,suv,4.8,road_loopA_f0,road_loopA_f1,4603.6,4715.0,111.4,1303.8,42.1,0
2730,car,4.5,road_loopA_f0,road_loopA_f1,4577.3,4715.4,138.1,1303.4,34.0,1
2772,car,4.5,xloopA_0Aa,xloopA_0Ab,4618.5,4715.4,96.9,84.1,3.1,1
2752,car,4.5,road_loopA_f0,road_loopA_f1,4600.0,4716.8,116.8,1304.0,40.2,0
2735,car,4.5,road_loopA_f0,road_loopA_f1,4581.9,4717.1,135.2,1304.0,34.7,0
2808,car,4.5,xloopA_0Aa,xloopA_0Ab,4656.6,4718.0,61.4,84.2,4.9,1
2753,suv,4.8,road_loopA_f0,road_loopA_f1,4600.8,4718.3,117.5,1304.0,40.0,0
2754,suv,4.8,road_loopA_f0,road_loopA_f1,4601.3,4718.7,117.4,1304.1,40.0,0
2799,car,4.5,xloopA_0Ba,xloopA_0Bb,4645.4,4718.8,73.4,84.2,4.1,1
2812,car,4.5,xloopA_0Aa,xloopA_0Ab,4661.1,4720.0,58.9,84.1,5.1,1
2762,suv,4.8,road_loopA_f0,road_loopA_f1,4609.4,4720.1,110.7,1304.1,42.4,0
2773,suv,4.8,road_loopA_f0,road_loopA_f1,4619.2,4720.4,101.2,1303.7,46.4,0
2778,car,4.5,road_loopA_f0,road_loopA_f1,4625.9,4722.4,96.5,1303.7,48.7,0
2734,car,4.5,road_loopA_f0,road_loopA_f1,4581.6,4722.7,141.1,1303.9,33.3,1
2759,suv,4.8,road_loopA_r0,road_loopA_r1,4603.7,4724.0,120.3,1297.6,38.8,0
2631,car,4.5,xloopA_0Aa,road_loopA_f1,4500.2,4724.3,224.1,872.1,14.0,1
2673,car,4.5,road_loopA_f0,road_loopA_f1,4531.3,4726.0,194.7,1303.4,24.1,1
2766,suv,4.8,road_loopA_f0,road_loopA_f1,4611.5,4726.1,114.6,1302.9,40.9,0
2746,car,4.5,road_loopA_f0,road_loopA_f1,4594.4,4726.3,131.9,1303.1,35.6,0
2769,car,4.5,road_loopA_f0,road_loopA_f1,4616.1,4727.3,111.2,1302.9,42.2,0
2677,car,4.5,road_loopA_f0,road_loopA_f1,4539.2,4727.7,188.5,1304.0,24.9,1
2770,car,4.5,road_loopA_f0,road_loopA_f1,4616.5,4728.4,111.9,1303.1,41.9,0
2774,car,4.5,road_loopA_f0,road_loopA_f1,4621.3,4729.2,107.9,1303.7,43.5,0
2723,car,4.5,road_loopA_f0,road_loopA_f1,4574.6,4729.3,154.7,1303.3,30.3,1
2768,car,4.5,road_loopA_f0,road_loopA_f1,4615.1,4731.2,116.1,1302.9,40.4,0
2738,truck,8.5,road_loopA_f0,road_loopA_f1,4586.6,4731.6,145.0,1303.1,32.3,0
2785,suv,4.8,road_loopA_f0,road_loopA_f1,4637.9,4733.0,95.1,1303.2,49.3,0
2765,car,4.5,road_loopA_f0,road_loopA_f1,4611.4,4733.6,122.2,1303.8,38.4,0
2740,truck,8.5,road_loopA_f0,road_loopA_f1,4588.0,4734.3,146.3,1303.4,32.1,0
2790,car,4.5,road_loopA_f0,road_loopA_f1,4641.2,4735.0,93.8,1303.3,50.0,0
2751,car,4.5,road_loopA_f0,road_loopA_f1,4596.1,4736.3,140.2,1303.6,33.5,0
2792,car,4.5,road_loopA_f0,road_loopA_f1,4641.7,4737.7,96.0,1303.7,48.9,0
2782,car,4.5,road_loopA_f0,road_loopA_f1,4632.4,4738.6,106.2,1303.1,44.2,0
2789,car,4.5,road_loopA_f0,road_loopA_f1,4640.3,4738.8,98.5,1302.9,47.6,0
2788,suv,4.8,road_loopA_f0,road_loopA_f1,4640.1,4740.3,100.2,1302.8,46.8,0
2802,suv,4.8,road_loopA_f0,road_loopA_f1,4647.8,4740.5,92.7,1304.0,50.7,0
2,tram,34.0,loopB,loopB,305.4,4740.6,4435.2,33673.5,27.3,42
2791,car,4.5,road_loopA_f0,road_loopA_f1,4641.7,4740.7,99.0,1304.0,47.4,0
2805,suv,4.8,road_loopA_f0,road_loopA_f1,4651.5,4742.0,90.5,1304.0,51.9,0
2798,car,4.5,road_loopA_f0,road_loopA_f1,4645.1,4742.4,97.3,1302.8,48.2,0
2795,car,4.5,road_loopA_f0,road_loopA_f1,4644.3,4742.5,98.2,1303.9,47.8,0
2693,bus,11.0,road_loopA_f0,road_loopA_f1,4553.1,4748.2,195.1,1303.9,24.1,3
2672,bus,11.0,road_loopA_f0,road_loopA_f1,4530.7,4748.5,217.8,1302.8,21.5,3
2780,car,4.5,road_loopA_r0,road_loopA_r1,4630.4,4760.1,129.7,1298.3,36.0,1
2777,car,4.5,road_loopA_r0,road_loopA_r1,4625.7,4760.6,134.9,1297.5,34.6,1
2800,car,4.5,road_loopA_r0,road_loopA_r1,4647.1,4763.2,116.1,1298.2,40.3,1
2771,car,4.5,road_loopA_r0,road_loopA_r1,4618.1,4764.6,146.5,1298.3,31.9,1
2787,car,4.5,road_loopA_r0,road_loopA_r1,4639.7,4764.7,125.0,1297.5,37.4,1
2779,car,4.5,road_loopA_r0,road_loopA_r1,4628.6,4766.2,137.6,1297.3,33.9,1
2807,car,4.5,road_loopA_r0,road_loopA_r1,4656.3,4766.3,110.0,1297.3,42.5,1
2804,car,4.5,road_loopA_r0,road_loopA_r1,4651.5,4766.5,115.0,1297.5,40.6,1
2783,car,4.5,road_loopA_r0,road_loopA_r1,4637.3,4768.0,130.7,1297.9,35.7,1
2809,car,4.5,road_loopA_r0,road_loopA_r1,4657.4,4768.3,110.9,1298.4,42.1,1
2720,bus,11.0,road_loopA_f0,road_loopA_f1,4572.5,4768.6,196.1,1303.5,23.9,4
2794,car,4.5,road_loopA_r0,road_loopA_r1,4644.3,4769.8,125.5,1298.4,37.2,1
2803,car,4.5,road_loopA_r0,road_loopA_r1,4648.3,4771.5,123.2,1298.4,37.9,1
2801,car,4.5,road_loopA_r0,road_loopA_r1,4647.5,4771.6,124.1,1297.9,37.6,1
2814,suv,4.8,road_loopA_r0,road_loopA_r1,4662.7,4773.0,110.3,1298.6,42.4,1
2877,truck,8.5,road_loopA_f0,xloopA_0Bb,4726.6,4773.1,46.5,478.9,37.1,0
2806,car,4.5,road_loopA_r0,road_loopA_r1,4656.2,4773.4,117.2,1297.5,39.8,1
2810,truck,8.5,road_loopA_r0,road_loopA_r1,4657.7,4773.5,115.8,1297.6,40.3,1
2818,car,4.5,road_loopA_r0,road_loopA_r1,4665.1,4775.9,110.8,1298.5,42.2,0
2891,suv,4.8,road_loopA_f0,xloopA_0Bb,4736.7,4776.5,39.8,479.2,43.4,0
2811,suv,4.8,road_loopA_r0,road_loopA_r1,4659.7,4777.2,117.5,1297.4,39.8,0
2822,car,4.5,road_loopA_r0,road_loopA_r1,4675.5,4778.0,102.5,1298.5,45.6,0
2815,suv,4.8,road_loopA_r0,road_loopA_r1,4662.9,4779.0,116.1,1297.7,40.3,0
2825,suv,4.8,road_loopA_r0,road_loopA_r1,4678.8,4780.8,102.0,1297.4,45.8,0
2830,car,4.5,road_loopA_r0,road_loopA_r1,4687.5,4780.9,93.4,1298.4,50.0,0
2828,car,4.5,road_loopA_r0,road_loopA_r1,4683.8,4782.6,98.8,1298.6,47.3,0
2816,suv,4.8,road_loopA_r0,road_loopA_r1,4663.9,4783.4,119.5,1298.4,39.1,0
2833,car,4.5,road_loopA_r0,road_loopA_r1,4688.8,4784.3,95.5,1298.0,48.9,0
2819,car,4.5,road_loopA_r0,road_loopA_r1,4668.7,4785.2,116.5,1298.2,40.1,0
2838,car,4.5,road_loopA_r0,road_loopA_r1,4691.8,4786.9,95.1,1298.1,49.1,0
2826,car,4.5,road_loopA_f0,road_loopA_f1,4679.5,4787.5,108.0,1303.9,43.5,1
2834,truck,8.5,road_loopA_r0,road_loopA_r1,4690.2,4787.7,97.5,1297.5,47.9,0
2843,suv,4.8,road_loopA_r0,road_loopA_r1,4693.5,4789.2,95.7,1297.5,48.8,0
2823,car,4.5,road_loopA_f0,road_loopA_f1,4676.3,4789.6,113.3,1302.8,41.4,1
2909,car,4.5,road_loopA_f0,xloopA_0Bb,4750.7,4790.9,40.2,479.0,42.9,0
2829,car,4.5,road_loopA_f0,road_loopA_f1,4686.9,4791.3,104.4,1303.2,44.9,1
2832,car,4.5,road_loopA_f0,road_loopA_f1,4688.3,4794.1,105.8,1304.0,44.4,1
2842,truck,8.5,road_loopA_r0,road_loopA_r1,4693.2,4794.5,101.3,1298.4,46.2,0
2793,bus,11.0,road_loopA_r0,road_loopA_r1,4642.5,4794.8,152.3,1298.3,30.7,1
2831,car,4.5,road_loopA_f0,road_loopA_f1,4687.6,4796.2,108.6,1304.0,43.2,1
2841,suv,4.8,road_loopA_f0,road_loopA_f1,4693.2,4797.1,103.9,1303.4,45.1,0
2835,truck,8.5,road_loopA_r0,road_loopA_r1,4690.4,4797.5,107.1,1298.5,43.7,0
2836,car,4.5,road_loopA_f0,road_loopA_f1,4691.6,4797.9,106.3,1303.2,44.1,0
2847,car,4.5,road_loopA_r0,road_loopA_r1,4697.0,4797.9,100.9,1298.3,46.3,0
2839,car,4.5,road_loopA_f0,road_loopA_f1,4692.2,4799.5,107.3,1303.4,43.7,1
2796,bus,11.0,road_loopA_r0,road_loopA_r1,4644.5,4800.0,155.5,1298.3,30.1,2
2852,suv,4.8,road_loopA_f0,road_loopA_f1,4707.0,4802.8,95.8,1304.2,49.0,0
2923,car,4.5,road_loopA_f0,xloopA_0Bb,4764.5,4804.8,40.3,478.8,42.8,0
2861,car,4.5,road_loopA_r0,road_loopA_r1,4713.8,4805.1,91.3,1298.3,51.2,0
2849,suv,4.8,road_loopA_r0,road_loopA_r1,4705.1,4807.5,102.4,1297.8,45.6,0
2848,car,4.5,road_loopA_f0,road_loopA_f1,4698.5,4807.8,109.3,1303.2,42.9,0
2859,car,4.5,road_loopA_r0,road_loopA_r1,4712.7,4809.6,96.9,1297.6,48.2,0
2851,car,4.5,road_loopA_r0,road_loopA_r1,4706.3,4810.0,103.7,1298.3,45.1,0
2868,car,4.5,road_loopA_r0,road_loopA_r1,4720.3,4810.1,89.8,1298.1,52.0,0
2856,car,4.5,road_loopA_f0,road_loopA_f1,4709.7,4811.2,101.5,1303.4,46.2,0
2867,car,4.5,road_loopA_r0,road_loopA_r1,4719.8,4811.7,91.9,1298.6,50.9,0
2821,truck,8.5,road_loopA_f0,road_loopA_f1,4675.4,4811.9,136.5,1303.6,34.4,1
2865,car,4.5,road_loopA_r0,road_loopA_r1,4717.3,4812.4,95.1,1297.8,49.1,0
2854,car,4.5,road_loopA_f0,road_loopA_f1,4708.6,4812.7,104.1,1304.0,45.1,0
2817,car,4.5,road_loopA_r0,xloopA_0Bb,4664.9,4813.0,148.1,895.3,21.8,1
2820,car,4.5,road_loopA_f0,xloopA_0Ab,4670.9,4813.6,142.7,505.3,12.7,1
2858,suv,4.8,road_loopA_f0,road_loopA_f1,4712.2,4814.0,101.8,1304.1,46.1,0
2872,car,4.5,road_loopA_r0,road_loopA_r1,4724.6,4814.3,89.7,1298.6,52.1,0
2844,car,4.5,road_loopA_f0,xloopA_0Ab,4694.6,4816.2,121.6,505.3,15.0,2
2846,suv,4.8,road_loopA_r0,road_loopA_r1,4695.4,4816.3,120.9,1297.5,38.6,0
2824,truck,8.5,road_loopA_r0,xloopA_0Bb,4678.7,4816.4,137.7,895.4,23.4,1
2864,car,4.5,road_loopA_f0,road_loopA_f1,4716.9,4816.4,99.5,1303.4,47.2,0
2866,car,4.5,road_loopA_f0,road_loopA_f1,4718.0,4817.0,99.0,1303.0,47.4,0
2860,car,4.5,road_loopA_f0,road_loopA_f1,4713.0,4818.8,105.8,1303.3,44.3,0
2886,car,4.5,road_loopA_r0,road_loopA_r1,4729.6,4819.4,89.8,1297.8,52.0,0
2845,car,4.5,road_loopA_r0,xloopA_0Bb,4695.3,4819.5,124.2,895.7,26.0,1
2874,car,4.5,road_loopA_r0,road_loopA_r1,4725.3,4820.6,95.3,1297.5,49.0,0
2827,car,4.5,road_loopA_f0,road_loopA_f1,4682.4,4821.7,139.3,1302.8,33.7,1
2850,car,4.5,road_loopA_r0,xloopA_0Bb,4705.5,4822.1,116.6,895.4,27.6,1
2888,car,4.5,road_loopA_r0,road_loopA_r1,4732.8,4822.3,89.5,1298.2,52.2,0
2857,suv,4.8,road_loopA_f0,road_loopA_f1,4711.9,4824.0,112.1,1303.9,41.9,0
2875,suv,4.8,road_loopA_r0,road_loopA_r1,4726.4,4825.1,98.7,1297.4,47.3,0
2879,car,4.5,road_loopA_f0,road_loopA_f1,4728.3,4825.9,97.6,1303.5,48.1,0
2876,suv,4.8,road_loopA_f0,road_loopA_f1,4726.7,4826.1,99.4,1303.4,47.2,0
2885,suv,4.8,road_loopA_r0,road_loopA_r1,4729.2,4826.9,97.7,1297.7,47.8,0
2892,car,4.5,road_loopA_r0,road_loopA_r1,4737.3,4827.1,89.8,1298.7,52.0,0
2840,suv,4.8,road_loopA_f0,road_loopA_f1,4692.5,4828.1,135.6,1302.8,34.6,0
2884,car,4.5,road_loopA_f0,road_loopA_f1,4729.2,4828.3,99.1,1303.7,47.4,0
2881,car,4.5,xloopA_0Ba,xloopA_0Bb,4728.7,4828.5,99.8,84.4,3.0,1
2890,suv,4.8,road_loopA_r0,road_loopA_r1,4736.3,4828.7,92.4,1298.6,50.6,0
2880,car,4.5,xloopA_0Aa,xloopA_0Ab,4728.5,4830.4,101.9,84.4,3.0,1
2906,car,4.5,xloopA_0Ba,xloopA_0Bb,4745.8,4830.7,84.9,84.1,3.6,1
2837,car,4.5,road_loopA_f0,road_loopA_f1,4691.6,4830.8,139.2,1303.0,33.7,0
2878,suv,4.8,road_loopA_f0,road_loopA_f1,4727.1,4831.9,104.8,1303.4,44.8,0
2918,car,4.5,xloopA_0Ba,xloopA_0Bb,4763.3,4832.8,69.5,84.3,4.4,1
2895,car,4.5,xloopA_0Aa,xloopA_0Ab,4740.0,4833.3,93.3,84.2,3.2,1
2873,suv,4.8,road_loopA_f0,road_loopA_f1,4725.0,4834.4,109.4,1303.1,42.9,0
2931,car,4.5,xloopA_0Ba,xloopA_0Bb,4771.5,4835.0,63.5,84.3,4.8,0
2784,car,4.5,xloopA_0Ba,road_loopA_f1,4637.4,4835.6,198.2,902.9,16.4,1
2900,car,4.5,xloopA_0Aa,xloopA_0Ab,4743.6,4835.6,92.0,84.2,3.3,0
2883,car,4.5,road_loopA_f0,road_loopA_f1,4729.0,4836.9,107.9,1303.9,43.5,0
2813,car,4.5,road_loopA_f0,road_loopA_f1,4662.3,4837.3,175.0,1303.8,26.8,1
2894,car,4.5,road_loopA_f0,road_loopA_f1,4738.8,4837.4,98.6,1303.4,47.6,0
2992,car,4.5,xloopA_0Aa,xloopA_0Ab,4823.7,4837.6,13.9,84.4,21.8,0
2893,car,4.5,road_loopA_f0,road_loopA_f1,4738.5,4838.6,100.1,1303.6,46.9,0
2897,car,4.5,road_loopA_f0,road_loopA_f1,4740.2,4839.1,98.9,1303.9,47.5,0
2853,truck,8.5,road_loopA_f0,road_loopA_f1,4707.5,4839.6,132.1,1303.4,35.5,0
2896,car,4.5,road_loopA_f0,road_loopA_f1,4740.2,4840.1,99.9,1303.6,47.0,0
2855,suv,4.8,road_loopA_f0,road_loopA_f1,4709.3,4841.6,132.3,1304.0,35.5,0
2901,car,4.5,road_loopA_f0,road_loopA_f1,4743.8,4841.9,98.1,1303.9,47.8,0
2987,car,4.5,xloopA_0Ba,xloopA_0Bb,4817.2,4842.3,25.1,84.0,12.0,0
2887,car,4.5,road_loopA_f0,road_loopA_f1,4732.0,4843.3,111.3,1304.0,42.2,0
2902,car,4.5,road_loopA_f0,road_loopA_f1,4744.8,4844.0,99.2,1303.5,47.3,0
2889,car,4.5,road_loopA_f0,road_loopA_f1,4733.3,4844.6,111.3,1303.8,42.2,0
2905,car,4.5,road_loopA_f0,road_loopA_f1,4745.5,4846.7,101.2,1303.7,46.4,0
2919,car,4.5,road_loopA_f0,road_loopA_f1,4763.2,4858.1,94.9,1304.0,49.5,0
2863,car,4.5,road_loopA_r0,xloopA_0Ab,4715.7,4860.4,144.7,869.2,21.6,2
2922,car,4.5,road_loopA_f0,road_loopA_f1,4764.2,4861.1,96.9,1303.1,48.4,0
2914,suv,4.8,road_loopA_f0,road_loopA_f1,4758.8,4869.6,110.8,1303.7,42.4,0
2968,car,4.5,road_loopA_f0,xloopA_0Bb,4798.3,4871.0,72.7,478.9,23.7,2
2903,truck,8.5,road_loopA_r0,xloopA_0Ab,4745.0,4871.7,126.7,869.0,24.7,3
3,tram,34.0,loopA,loopA,618.7,4873.0,4254.3,33702.3,28.5,41
2948,car,4.5,road_loopA_r0,xloopA_0Ab,4782.6,4879.6,97.0,869.1,32.3,1
2870,bus,11.0,road_loopA_f0,road_loopA_f1,4721.8,4882.7,160.9,1303.5,29.2,2
3005,car,4.5,road_loopA_f0,xloopA_0Bb,4841.4,4884.8,43.4,478.8,39.7,0
2899,car,4.5,road_loopA_r0,road_loopA_r1,4742.8,4889.0,146.2,1297.5,31.9,1
2911,car,4.5,road_loopA_r0,road_loopA_r1,4752.6,4891.1,138.5,1297.6,33.7,1
2935,car,4.5,xloopA_0Ba,road_loopA_r1,4772.6,4891.1,118.5,476.2,14.5,0
2980,car,4.5,xloopA_0Ba,road_loopA_r1,4811.5,4893.3,81.8,476.8,21.0,0
2882,suv,4.8,road_loopA_r0,road_loopA_r1,4728.7,4893.7,165.0,1297.9,28.3,1
2915,suv,4.8,road_loopA_r0,road_loopA_r1,4759.2,4894.0,134.8,1297.6,34.6,1
2904,car,4.5,road_loopA_r0,road_loopA_r1,4745.1,4896.2,151.1,1298.3,30.9,1
2920,car,4.5,road_loopA_r0,road_loopA_r1,4763.5,4896.2,132.7,1298.0,35.2,1
2869,car,4.5,road_loopA_r0,road_loopA_r1,4721.0,4897.3,176.3,1298.1,26.5,1
2971,car,4.5,road_loopA_r0,xloopA_0Ab,4801.8,4898.1,96.3,869.1,32.5,1
2898,car,4.5,road_loopA_r0,road_loopA_r1,4742.6,4899.6,157.0,1298.3,29.8,1
2916,suv,4.8,road_loopA_r0,road_loopA_r1,4760.3,4899.9,139.6,1298.0,33.5,1
2908,suv,4.8,road_loopA_r0,road_loopA_r1,4750.6,4900.4,149.8,1297.3,31.2,1
2907,car,4.5,road_loopA_r0,road_loopA_r1,4749.1,4901.2,152.1,1297.7,30.7,1
2993,car,4.5,road_loopA_r0,xloopA_0Ab,4823.9,4901.4,77.5,869.0,40.4,0
2913,car,4.5,road_loopA_r0,road_loopA_r1,4753.4,4903.0,149.6,1297.3,31.2,1
2924,car,4.5,road_loopA_r0,road_loopA_r1,4764.6,4903.0,138.4,1297.5,33.8,1
2917,car,4.5,road_loopA_r0,road_loopA_r1,4760.9,4903.3,142.4,1297.9,32.8,1
2930,suv,4.8,road_loopA_r0,road_loopA_r1,4770.0,4905.0,135.0,1298.4,34.6,1
2928,car,4.5,road_loopA_r0,road_loopA_r1,4769.2,4905.1,135.9,1297.5,34.4,1
2912,car,4.5,road_loopA_r0,road_loopA_r1,4752.7,4906.6,153.9,1298.0,30.4,1
2938,car,4.5,road_loopA_r0,road_loopA_r1,4773.2,4907.2,134.0,1297.5,34.9,1
2927,car,4.5,road_loopA_r0,road_loopA_r1,4768.0,4908.2,140.2,1297.9,33.3,1
2937,suv,4.8,road_loopA_r0,road_loopA_r1,4773.1,4908.9,135.8,1298.2,34.4,1
2940,car,4.5,road_loopA_r0,road_loopA_r1,4774.8,4909.1,134.3,1298.6,34.8,1
2939,car,4.5,road_loopA_r0,road_loopA_r1,4774.0,4910.6,136.6,1297.4,34.2,1
2947,truck,8.5,road_loopA_r0,road_loopA_r1,4782.5,4911.0,128.5,1298.0,36.4,1
2952,car,4.5,road_loopA_r0,road_loopA_r1,4783.6,4913.0,129.4,1298.3,36.1,1
2946,car,4.5,road_loopA_r0,road_loopA_r1,4782.1,4913.5,131.4,1297.4,35.6,1
2955,car,4.5,road_loopA_r0,road_loopA_r1,4785.3,4915.1,129.8,1297.3,36.0,1
2954,truck,8.5,road_loopA_r0,road_loopA_r1,4783.8,4915.2,131.4,1297.7,35.6,1
2951,car,4.5,road_loopA_r0,road_loopA_r1,4783.2,4916.2,133.0,1297.8,35.1,1
2965,truck,8.5,road_loopA_r0,road_loopA_r1,4795.1,4917.8,122.7,1297.6,38.1,1
2963,suv,4.8,road_loopA_r0,road_loopA_r1,4791.7,4917.9,126.2,1298.5,37.0,1
2973,car,4.5,road_loopA_r0,road_loopA_r1,4803.9,4918.1,114.2,1297.3,40.9,0
2871,bus,11.0,road_loopA_r0,road_loopA_r1,4722.1,4918.8,196.7,1298.4,23.8,3
2925,car,4.5,road_loopA_f0,road_loopA_f1,4767.1,4919.3,152.2,1302.8,30.8,1
2970,car,4.5,road_loopA_r0,road_loopA_r1,4801.3,4919.9,118.6,1298.7,39.4,0
2984,car,4.5,road_loopA_r0,road_loopA_r1,4814.8,4920.6,105.8,1298.0,44.1,0
2967,suv,4.8,road_loopA_r0,road_loopA_r1,4798.2,4921.9,123.7,1297.8,37.8,0
2929,car,4.5,road_loopA_f0,road_loopA_f1,4769.8,4922.3,152.5,1304.0,30.8,1
2995,car,4.5,road_loopA_r0,road_loopA_r1,4824.8,4922.3,97.5,1297.9,47.9,0
2944,car,4.5,road_loopA_f0,road_loopA_f1,4777.9,4923.7,145.8,1304.1,32.2,1
2972,suv,4.8,road_loopA_r0,road_loopA_r1,4801.8,4923.7,121.9,1298.2,38.3,0
2862,car,4.5,xloopA_0Aa,road_loopA_f1,4714.2,4924.7,210.5,872.1,14.9,1
2934,car,4.5,road_loopA_f0,road_loopA_f1,4772.6,4925.1,152.5,1303.7,30.8,1
2945,car,4.5,road_loopA_f0,road_loopA_f1,4781.3,4925.2,143.9,1303.8,32.6,1
3000,car,4.5,road_loopA_r0,road_loopA_r1,4833.2,4926.1,92.9,1298.4,50.3,0
2976,suv,4.8,road_loopA_r0,road_loopA_r1,4805.2,4926.4,121.2,1298.4,38.6,0
2926,suv,4.8,road_loopA_f0,road_loopA_f1,4767.4,4926.8,159.4,1303.2,29.4,1
2950,car,4.5,road_loopA_f0,road_loopA_f1,4783.1,4926.9,143.8,1303.5,32.6,1
3002,suv,4.8,road_loopA_r0,road_loopA_r1,4836.2,4927.0,90.8,1297.8,51.4,0
2941,truck,8.5,road_loopA_f0,road_loopA_f1,4775.1,4927.3,152.2,1303.7,30.8,1
2986,suv,4.8,road_loopA_r0,road_loopA_r1,4815.8,4928.0,112.2,1297.3,41.6,0
2932,car,4.5,road_loopA_f0,road_loopA_f1,4772.3,4928.6,156.3,1303.3,30.0,1
3001,car,4.5,road_loopA_r0,road_loopA_r1,4836.0,4928.6,92.6,1297.5,50.5,0
2957,car,4.5,road_loopA_f0,road_loopA_f1,4787.3,4928.7,141.4,1303.5,33.2,1
2956,suv,4.8,road_loopA_f0,road_loopA_f1,4785.5,4929.3,143.8,1304.0,32.6,1
2921,suv,4.8,road_loopA_r0,road_loopA_r1,4764.1,4930.3,166.2,1297.2,28.1,1
2936,car,4.5,road_loopA_f0,road_loopA_f1,4773.0,4930.3,157.3,1303.3,29.8,1
2961,car,4.5,road_loopA_f0,road_loopA_f1,4788.6,4930.6,142.0,1302.8,33.0,1
2960,car,4.5,road_loopA_f0,road_loopA_f1,4788.0,4931.0,143.0,1303.0,32.8,1
2969,suv,4.8,road_loopA_r0,road_loopA_r1,4799.2,4931.2,132.0,1297.3,35.4,1
3003,car,4.5,road_loopA_r0,road_loopA_r1,4839.6,4931.6,92.0,1297.9,50.8,0
2942,car,4.5,road_loopA_f0,road_loopA_f1,4775.2,4932.0,156.8,1303.5,29.9,1
2962,car,4.5,road_loopA_f0,road_loopA_f1,4791.2,4932.9,141.7,1304.0,33.1,1
3008,car,4.5,road_loopA_r0,road_loopA_r1,4843.5,4933.7,90.2,1297.5,51.8,0
2943,suv,4.8,road_loopA_f0,road_loopA_f1,4777.1,4934.0,156.9,1303.5,29.9,1
2953,car,4.5,road_loopA_r0,road_loopA_r1,4783.7,4934.3,150.6,1298.2,31.0,1
2974,car,4.5,road_loopA_f0,road_loopA_f1,4804.7,4934.8,130.1,1303.5,36.1,1
2910,car,4.5,road_loopA_r0,road_loopA_r1,4750.9,4935.6,184.7,1298.0,25.3,1
2949,bus,11.0,road_loopA_r0,road_loopA_r1,4782.7,4937.2,154.5,1298.2,30.2,1
2933,car,4.5,road_loopA_r0,xloopA_0Bb,4772.5,4939.7,167.2,895.7,19.3,2
2959,car,4.5,road_loopA_f0,xloopA_0Ab,4787.7,4940.2,152.5,505.2,11.9,1
3011,car,4.5,road_loopA_r0,road_loopA_r1,4851.1,4940.4,89.3,1297.5,52.3,0
2958,truck,8.5,road_loopA_f0,road_loopA_f1,4787.7,4940.5,152.8,1303.5,30.7,1
2966,car,4.5,road_loopA_f0,road_loopA_f1,4797.7,4941.1,143.4,1303.0,32.7,1
2990,car,4.5,road_loopA_f0,road_loopA_f1,4818.0,4941.2,123.2,1304.2,38.1,1
2979,car,4.5,road_loopA_f0,xloopA_0Ab,4811.0,4942.8,131.8,505.2,13.8,1
2964,truck,8.5,road_loopA_f0,road_loopA_f1,4795.1,4943.0,147.9,1302.9,31.7,1
2994,car,4.5,road_loopA_f0,road_loopA_f1,4824.7,4943.0,118.3,1303.0,39.6,0
2991,truck,8.5,road_loopA_r0,xloopA_0Bb,4820.7,4943.1,122.4,895.9,26.4,2
2983,car,4.5,road_loopA_f0,road_loopA_f1,4814.5,4943.2,128.7,1303.0,36.4,1
3009,suv,4.8,road_loopA_r0,road_loopA_r1,4847.5,4943.8,96.3,1297.5,48.5,0
2997,car,4.5,road_loopA_f0,road_loopA_f1,4829.5,4944.5,115.0,1303.7,40.8,0
2977,car,4.5,road_loopA_f0,road_loopA_f1,4806.3,4945.1,138.8,1302.8,33.8,1
2985,suv,4.8,road_loopA_f0,xloopA_0Ab,4815.2,4945.5,130.3,505.5,14.0,1
2988,car,4.5,road_loopA_r0,xloopA_0Bb,4817.3,4946.1,128.8,895.4,25.0,1
3012,truck,8.5,road_loopA_r0,road_loopA_r1,4852.0,4946.2,94.2,1297.9,49.6,0
2999,car,4.5,road_loopA_f0,road_loopA_f1,4830.6,4947.5,116.9,1303.1,40.1,0
2996,car,4.5,road_loopA_f0,xloopA_0Ab,4826.9,4948.2,121.3,505.4,15.0,1
2998,suv,4.8,road_loopA_f0,road_loopA_f1,4829.8,4948.7,118.9,1303.6,39.5,0
3010,car,4.5,road_loopA_f0,road_loopA_f1,4848.8,4949.2,100.4,1302.8,46.7,0
2981,car,4.5,road_loopA_f0,road_loopA_f1,4813.2,4949.5,136.3,1303.0,34.4,1
3006,car,4.5,road_loopA_f0,road_loopA_f1,4841.9,4951.0,109.1,1304.0,43.0,0
3015,suv,4.8,road_loopA_f0,road_loopA_f1,4853.7,4951.2,97.5,1303.1,48.1,0
3026,truck,8.5,road_loopA_f0,xloopA_0Ab,4864.3,4951.7,87.4,505.6,20.8,1
2989,suv,4.8,road_loopA_f0,road_loopA_f1,4817.8,4953.2,135.4,1303.1,34.6,1
2975,car,4.5,road_loopA_f0,road_loopA_f1,4805.0,4954.5,149.5,1303.4,31.4,1
3007,car,4.5,xloopA_0Ba,xloopA_0Bb,4842.3,4954.8,112.5,84.0,2.7,1
3013,car,4.5,road_loopA_r0,road_loopA_r1,4853.6,4954.9,101.3,1297.7,46.1,0
3004,car,4.5,xloopA_0Aa,xloopA_0Ab,4840.3,4955.4,115.1,84.7,2.6,1
3018,car,4.5,xloopA_0Aa,xloopA_0Ab,4857.5,4957.6,100.1,84.0,3.0,1
3075,car,4.5,xloopA_0Ba,xloopA_0Bb,4907.0,4958.1,51.1,84.0,5.9,1
3019,suv,4.8,road_loopA_f0,road_loopA_f1,4857.5,4959.4,101.9,1304.0,46.1,0
3038,car,4.5,xloopA_0Aa,xloopA_0Ab,4873.0,4959.8,86.8,84.0,3.5,1
3080,car,4.5,xloopA_0Ba,xloopA_0Bb,4912.7,4960.5,47.8,84.2,6.3,0
3032,car,4.5,road_loopA_f0,road_loopA_f1,4869.1,4960.7,91.6,1304.1,51.3,0
3016,car,4.5,road_loopA_f0,road_loopA_f1,4855.8,4961.7,105.9,1303.1,44.3,0
3027,suv,4.8,road_loopA_f0,road_loopA_f1,4864.7,4962.9,98.2,1303.0,47.8,0
3061,car,4.5,xloopA_0Aa,xloopA_0Ab,4894.1,4963.0,68.9,84.3,4.4,0
3023,car,4.5,road_loopA_f0,road_loopA_f1,4861.2,4963.4,102.2,1303.5,45.9,0
3037,car,4.5,road_loopA_f0,road_loopA_f1,4872.9,4964.6,91.7,1303.5,51.2,0
3014,car,4.5,road_loopA_f0,road_loopA_f1,4853.8,4964.8,111.0,1303.0,42.3,0
3070,car,4.5,xloopA_0Aa,xloopA_0Ab,4905.0,4965.2,60.2,84.6,5.1,0
2982,bus,11.0,road_loopA_f0,road_loopA_f1,4813.5,4965.5,152.0,1303.0,30.9,2
3097,car,4.5,xloopA_0Aa,xloopA_0Ab,4924.4,4968.4,44.0,84.4,6.9,0
3100,car,4.5,xloopA_0Aa,xloopA_0Ab,4926.3,4970.5,44.2,84.8,6.9,0
3028,car,4.5,road_loopA_f0,road_loopA_f1,4866.2,4971.8,105.6,1303.8,44.5,0
3034,car,4.5,road_loopA_f0,road_loopA_f1,4869.8,4972.9,103.1,1303.8,45.5,0
3041,car,4.5,road_loopA_f0,road_loopA_f1,4876.2,4974.5,98.3,1303.2,47.7,0
3044,car,4.5,road_loopA_f0,road_loopA_f1,4881.1,4976.0,94.9,1303.7,49.5,0
3045,car,4.5,road_loopA_f0,road_loopA_f1,4882.2,4977.2,95.0,1303.7,49.4,0
3052,car,4.5,road_loopA_f0,road_loopA_f1,4885.3,4977.6,92.3,1303.4,50.8,0
3036,car,4.5,road_loopA_f0,road_loopA_f1,4872.2,4978.8,106.6,1303.2,44.0,0
3057,car,4.5,road_loopA_f0,road_loopA_f1,4887.7,4978.9,91.2,1304.0,51.5,0
3040,car,4.5,road_loopA_f0,road_loopA_f1,4875.9,4980.5,104.6,1303.1,44.8,0
3059,car,4.5,road_loopA_f0,road_loopA_f1,4889.4,4980.8,91.4,1302.8,51.3,0
3043,suv,4.8,road_loopA_f0,road_loopA_f1,4878.4,4982.3,103.9,1303.6,45.2,0
3049,car,4.5,road_loopA_f0,road_loopA_f1,4884.0,4983.8,99.8,1303.6,47.0,0
3056,car,4.5,road_loopA_f0,road_loopA_f1,4887.4,4985.3,97.9,1303.5,47.9,0
3060,suv,4.8,road_loopA_f0,xloopA_0Bb,4892.3,4994.8,102.5,479.0,16.8,2
3106,car,4.5,road_loopA_f0,xloopA_0Bb,4933.7,4998.5,64.8,478.6,26.6,2
2978,bus,11.0,road_loopA_f0,road_loopA_f1,4809.7,5002.0,192.3,1303.4,24.4,3
3121,truck,8.5,road_loopA_f0,xloopA_0Bb,4941.4,5003.9,62.5,478.9,27.6,1
3082,car,4.5,road_loopA_r0,xloopA_0Ab,4914.4,5004.6,90.2,869.1,34.7,1
3024,car,4.5,road_loopA_r0,road_loopA_r1,4862.4,5012.7,150.3,1298.1,31.1,1
3029,car,4.5,road_loopA_r0,road_loopA_r1,4866.3,5015.6,149.3,1298.3,31.3,1
3020,car,4.5,road_loopA_r0,road_loopA_r1,4858.7,5017.1,158.4,1297.4,29.5,1
3031,car,4.5,road_loopA_r0,road_loopA_r1,4868.1,5017.4,149.3,1298.4,31.3,1
3025,car,4.5,road_loopA_r0,road_loopA_r1,4863.8,5018.9,155.1,1297.3,30.1,1
3042,car,4.5,road_loopA_r0,road_loopA_r1,4877.8,5019.3,141.5,1297.3,33.0,1
3078,car,4.5,xloopA_0Aa,road_loopA_r1,4909.4,5021.2,111.8,506.8,16.3,0
3125,car,4.5,road_loopA_r0,xloopA_0Ab,4944.9,5023.1,78.2,869.2,40.0,0
3053,suv,4.8,road_loopA_r0,road_loopA_r1,4885.7,5024.2,138.5,1298.3,33.8,1
3035,car,4.5,road_loopA_r0,road_loopA_r1,4870.1,5024.7,154.6,1297.7,30.2,1
3063,car,4.5,road_loopA_r0,road_loopA_r1,4896.5,5026.4,129.9,1298.0,36.0,1
3047,car,4.5,road_loopA_r0,road_loopA_r1,4883.3,5026.5,143.2,1297.9,32.6,1
3055,suv,4.8,road_loopA_r0,road_loopA_r1,4887.4,5027.2,139.8,1297.9,33.4,1
3046,car,4.5,road_loopA_r0,road_loopA_r1,4882.9,5029.0,146.1,1297.8,32.0,1
3068,car,4.5,road_loopA_r0,road_loopA_r1,4904.7,5029.6,124.9,1297.7,37.4,1
3072,car,4.5,road_loopA_r0,road_loopA_r1,4905.8,5032.4,126.6,1298.2,36.9,1
3062,suv,4.8,road_loopA_r0,road_loopA_r1,4895.7,5033.1,137.4,1298.4,34.0,1
3159,car,4.5,road_loopA_f0,xloopA_0Bb,4991.9,5033.5,41.6,478.5,41.4,0
3079,suv,4.8,road_loopA_r0,road_loopA_r1,4909.4,5034.8,125.4,1298.3,37.3,1
3077,car,4.5,road_loopA_r0,road_loopA_r1,4907.1,5035.0,127.9,1298.2,36.5,1
3104,car,4.5,xloopA_0Aa,road_loopA_r1,4931.8,5035.8,104.0,506.7,17.5,0
3090,car,4.5,road_loopA_r0,road_loopA_r1,4921.3,5036.8,115.5,1298.1,40.4,1
3162,car,4.5,road_loopA_f0,xloopA_0Bb,4993.4,5036.8,43.4,478.6,39.7,0
3017,car,4.5,road_loopA_r0,road_loopA_r1,4856.0,5037.5,181.5,1297.9,25.7,1
3022,suv,4.8,road_loopA_r0,road_loopA_r1,4861.0,5039.2,178.2,1298.1,26.2,1
3065,suv,4.8,road_loopA_r0,road_loopA_r1,4899.0,5039.3,140.3,1297.4,33.3,1
3096,suv,4.8,road_loopA_r0,road_loopA_r1,4923.9,5040.3,116.4,1297.8,40.1,1
3030,truck,8.5,road_loopA_r0,road_loopA_r1,4867.0,5041.4,174.4,1297.5,26.8,1
3086,car,4.5,road_loopA_r0,road_loopA_r1,4916.4,5042.1,125.7,1298.5,37.2,0
3081,suv,4.8,road_loopA_f0,road_loopA_f1,4913.8,5042.9,129.1,1303.0,36.3,1
3073,car,4.5,road_loopA_r0,road_loopA_r1,4906.4,5043.1,136.7,1297.3,34.2,1
3033,suv,4.8,road_loopA_r0,road_loopA_r1,4869.6,5043.5,173.9,1297.3,26.9,1
3050,car,4.5,road_loopA_r0,road_loopA_r1,4884.4,5044.6,160.2,1298.3,29.2,1
3064,car,4.5,road_loopA_f0,road_loopA_f1,4898.8,5044.7,145.9,1303.0,32.2,1
3039,car,4.5,road_loopA_r0,road_loopA_r1,4873.5,5045.5,172.0,1298.1,27.2,1
3092,car,4.5,road_loopA_r0,road_loopA_r1,4921.3,5046.1,124.8,1298.4,37.5,1
3083,car,4.5,road_loopA_f0,road_loopA_f1,4914.6,5046.3,131.7,1304.0,35.7,1
3089,car,4.5,road_loopA_f0,road_loopA_f1,4920.1,5046.5,126.4,1303.5,37.1,1
3112,car,4.5,road_loopA_r0,road_loopA_r1,4937.6,5047.8,110.2,1297.5,42.4,0
3048,car,4.5,road_loopA_r0,road_loopA_r1,4883.4,5047.9,164.5,1298.3,28.4,1
3101,truck,8.5,road_loopA_r0,road_loopA_r1,4927.1,5047.9,120.8,1298.0,38.7,1
3094,car,4.5,road_loopA_f0,road_loopA_f1,4923.4,5048.2,124.8,1303.9,37.6,1
3088,suv,4.8,road_loopA_f0,road_loopA_f1,4919.2,5049.1,129.9,1302.8,36.1,1
3058,car,4.5,xloopA_0Aa,road_loopA_f1,4888.5,5049.3,160.8,872.4,19.5,0
3051,suv,4.8,road_loopA_r0,road_loopA_r1,4885.0,5049.6,164.6,1298.3,28.4,1
3108,car,4.5,road_loopA_f0,road_loopA_f1,4934.9,5049.9,115.0,1303.5,40.8,1
3116,suv,4.8,road_loopA_r0,road_loopA_r1,4938.4,5050.4,112.0,1298.2,41.7,0
3107,car,4.5,road_loopA_r0,road_loopA_r1,4934.2,5051.3,117.1,1298.3,39.9,0
3054,car,4.5,road_loopA_r0,road_loopA_r1,4886.0,5052.2,166.2,1298.0,28.1,1
3085,suv,4.8,road_loopA_f0,road_loopA_f1,4915.3,5052.8,137.5,1303.4,34.1,1
3103,car,4.5,road_loopA_r0,road_loopA_r1,4929.9,5053.0,123.1,1298.3,38.0,0
3123,car,4.5,road_loopA_f0,road_loopA_f1,4944.2,5053.4,109.2,1303.1,42.9,1
3067,car,4.5,road_loopA_r0,road_loopA_r1,4900.9,5054.0,153.1,1298.2,30.5,1
3102,car,4.5,road_loopA_f0,road_loopA_f1,4929.7,5054.6,124.9,1303.7,37.6,1
3099,suv,4.8,road_loopA_r0,road_loopA_r1,4926.3,5055.2,128.9,1298.1,36.2,0
3071,car,4.5,road_loopA_r0,road_loopA_r1,4905.0,5055.8,150.8,1298.2,31.0,1
3114,suv,4.8,road_loopA_f0,road_loopA_f1,4937.7,5056.3,118.6,1303.0,39.6,1
3093,car,4.5,road_loopA_f0,road_loopA_f1,4921.5,5056.5,135.0,1303.5,34.8,1
3074,car,4.5,road_loopA_r0,road_loopA_r1,4906.6,5057.2,150.6,1298.4,31.0,1
3076,car,4.5,road_loopA_r0,road_loopA_r1,4907.1,5057.6,150.5,1298.6,31.1,1
3098,car,4.5,road_loopA_f0,road_loopA_f1,4925.3,5057.6,132.3,1304.1,35.5,1
3110,suv,4.8,road_loopA_r0,road_loopA_r1,4935.7,5058.8,123.1,1297.8,38.0,0
3087,car,4.5,road_loopA_r0,road_loopA_r1,4918.2,5059.3,141.1,1297.3,33.1,1
3118,car,4.5,road_loopA_f0,road_loopA_f1,4938.8,5059.6,120.8,1302.9,38.8,1
3120,car,4.5,road_loopA_f0,road_loopA_f1,4940.3,5059.8,119.5,1304.0,39.3,1
3140,car,4.5,road_loopA_r0,road_loopA_r1,4968.8,5059.9,91.1,1297.7,51.3,0
3126,car,4.5,road_loopA_r0,road_loopA_r1,4945.0,5060.7,115.7,1298.1,40.4,0
3095,car,4.5,road_loopA_r0,road_loopA_r1,4923.4,5061.1,137.7,1297.5,33.9,0
3113,suv,4.8,road_loopA_f0,road_loopA_f1,4937.6,5062.1,124.5,1304.1,37.7,1
3139,suv,4.8,road_loopA_f0,road_loopA_f1,4968.5,5062.4,93.9,1302.9,50.0,0
3127,suv,4.8,road_loopA_r0,road_loopA_r1,4944.9,5062.6,117.7,1297.5,39.7,0
3109,car,4.5,road_loopA_r0,road_loopA_r1,4935.3,5062.9,127.6,1297.3,36.6,0
3131,car,4.5,road_loopA_f0,road_loopA_f1,4961.8,5063.7,101.9,1303.8,46.1,0
3021,car,4.5,xloopA_0Ba,road_loopA_f1,4859.8,5064.1,204.3,902.6,15.9,1
3111,car,4.5,road_loopA_r0,road_loopA_r1,4936.2,5065.2,129.0,1297.5,36.2,0
3138,car,4.5,road_loopA_r0,road_loopA_r1,4968.3,5065.4,97.1,1298.5,48.1,0
3066,car,4.5,road_loopA_r0,xloopA_0Bb,4899.1,5065.5,166.4,895.3,19.4,1
3115,car,4.5,road_loopA_f0,road_loopA_f1,4937.9,5065.7,127.8,1302.9,36.7,1
3069,car,4.5,road_loopA_f0,road_loopA_f1,4904.9,5065.8,160.9,1303.8,29.2,1
3145,car,4.5,road_loopA_r0,road_loopA_r1,4976.3,5065.9,89.6,1297.6,52.1,0
3084,car,4.5,road_loopA_f0,xloopA_0Ab,4915.1,5066.1,151.0,505.1,12.0,1
3091,car,4.5,road_loopA_f0,road_loopA_f1,4921.4,5066.5,145.1,1304.1,32.3,1
3135,truck,8.5,road_loopA_r0,road_loopA_r1,4967.0,5067.2,100.2,1297.5,46.6,0
3105,suv,4.8,road_loopA_f0,road_loopA_f1,4933.3,5067.8,134.5,1304.0,34.9,1
3147,car,4.5,road_loopA_f0,road_loopA_f1,4978.6,5067.9,89.3,1303.1,52.5,0
3128,suv,4.8,road_loopA_r0,xloopA_0Bb,4945.1,5068.2,123.1,895.8,26.2,2
3122,suv,4.8,road_loopA_f0,xloopA_0Ab,4944.0,5068.8,124.8,505.7,14.6,2
3134,car,4.5,road_loopA_f0,road_loopA_f1,4964.7,5070.0,105.3,1303.7,44.6,0
3130,car,4.5,road_loopA_f0,xloopA_0Ab,4954.2,5071.4,117.2,505.0,15.5,2
3142,car,4.5,road_loopA_f0,road_loopA_f1,4971.8,5072.4,100.6,1303.0,46.6,0
3141,truck,8.5,road_loopA_r0,road_loopA_r1,4969.5,5073.9,104.4,1297.8,44.7,0
3155,car,4.5,road_loopA_f0,road_loopA_f1,4985.0,5074.8,89.8,1303.8,52.3,0
3144,bus,11.0,road_loopA_f0,road_loopA_f1,4973.8,5075.6,101.8,1303.2,46.1,0
3133,car,4.5,xloopA_0Ba,xloopA_0Bb,4964.5,5077.0,112.5,84.5,2.7,1
3146,suv,4.8,road_loopA_r0,road_loopA_r1,4978.4,5077.5,99.1,1298.2,47.2,0
3150,car,4.5,road_loopA_f0,road_loopA_f1,4982.3,5077.8,95.5,1303.6,49.2,0
3136,car,4.5,xloopA_0Ba,xloopA_0Bb,4967.1,5079.0,111.9,84.2,2.7,1
3151,car,4.5,road_loopA_r0,road_loopA_r1,4982.4,5079.3,96.9,1297.7,48.2,0
3158,car,4.5,road_loopA_r0,road_loopA_r1,4989.7,5079.4,89.7,1298.0,52.1,0
3181,car,4.5,xloopA_0Ba,xloopA_0Bb,5011.4,5081.6,70.2,84.3,4.3,1
3154,suv,4.8,road_loopA_r0,road_loopA_r1,4983.0,5081.7,98.7,1297.5,47.3,0
3153,car,4.5,xloopA_0Aa,xloopA_0Ab,4982.7,5082.5,99.8,84.9,3.1,1
3161,suv,4.8,road_loopA_f0,road_loopA_f1,4993.3,5083.5,90.2,1303.7,52.1,0
3152,car,4.5,road_loopA_f0,road_loopA_f1,4982.5,5085.0,102.5,1302.9,45.8,0
3143,suv,4.8,road_loopA_r0,road_loopA_r1,4972.2,5085.5,113.3,1298.2,41.3,0
3163,car,4.5,road_loopA_f0,road_loopA_f1,4995.3,5086.0,90.7,1304.0,51.8,0
3156,car,4.5,road_loopA_r0,road_loopA_r1,4988.2,5086.1,97.9,1298.0,47.7,0
3157,car,4.5,road_loopA_r0,road_loopA_r1,4988.9,5087.2,98.3,1297.6,47.5,0
3160,car,4.5,road_loopA_f0,road_loopA_f1,4992.1,5089.2,97.1,1303.6,48.3,0
3148,bus,11.0,road_loopA_f0,road_loopA_f1,4979.8,5091.4,111.6,1303.4,42.0,0
3170,car,4.5,road_loopA_f0,road_loopA_f1,5000.5,5093.2,92.7,1303.0,50.6,0
3169,car,4.5,road_loopA_f0,road_loopA_f1,5000.3,5093.3,93.0,1302.9,50.4,0
3171,car,4.5,road_loopA_f0,road_loopA_f1,5001.6,5094.6,93.0,1303.0,50.5,0
3166,suv,4.8,road_loopA_f0,road_loopA_f1,4999.4,5096.7,97.3,1303.1,48.2,0
3175,car,4.5,road_loopA_f0,road_loopA_f1,5003.9,5096.8,92.9,1303.6,50.5,0
3124,bus,11.0,road_loopA_r0,road_loopA_r1,4944.7,5097.9,153.2,1298.4,30.5,2
3173,car,4.5,road_loopA_f0,road_loopA_f1,5002.5,5098.5,96.0,1304.0,48.9,0
3172,suv,4.8,road_loopA_f0,road_loopA_f1,5002.2,5100.1,97.9,1303.9,47.9,0
3180,car,4.5,road_loopA_f0,road_loopA_f1,5009.9,5100.5,90.6,1303.4,51.8,0
3174,car,4.5,road_loopA_f0,road_loopA_f1,5003.1,5101.8,98.7,1303.4,47.5,0
3178,suv,4.8,road_loopA_f0,road_loopA_f1,5006.1,5103.7,97.6,1303.1,48.0,0
3176,suv,4.8,road_loopA_f0,road_loopA_f1,5005.4,5104.1,98.7,1303.7,47.5,0
3184,car,4.5,road_loopA_f0,road_loopA_f1,5014.6,5105.8,91.2,1303.1,51.5,0
3185,suv,4.8,road_loopA_f0,road_loopA_f1,5016.5,5109.9,93.4,1303.6,50.2,0
3182,suv,4.8,road_loopA_f0,road_loopA_f1,5012.1,5119.7,107.6,1303.4,43.6,0
3168,car,4.5,road_loopA_r0,road_loopA_r1,4999.8,5121.1,121.3,1297.8,38.5,1
3179,car,4.5,road_loopA_f0,road_loopA_f1,5009.5,5122.9,113.4,1303.7,41.4,0
3186,car,4.5,road_loopA_r0,road_loopA_r1,5017.9,5125.4,107.5,1297.6,43.5,0
3165,truck,8.5,road_loopA_r0,road_loopA_r1,4998.0,5128.7,130.7,1298.0,35.8,1
3192,car,4.5,road_loopA_r0,road_loopA_r1,5023.4,5130.7,107.3,1298.0,43.6,0
3228,suv,4.8,road_loopA_r0,xloopA_0Ab,5058.4,5131.0,72.6,869.3,43.1,0
3206,suv,4.8,road_loopA_r0,road_loopA_r1,5039.7,5132.3,92.6,1298.4,50.5,0
3177,car,4.5,road_loopA_r0,road_loopA_r1,5006.0,5133.1,127.1,1298.2,36.8,1
3202,car,4.5,road_loopA_r0,road_loopA_r1,5036.1,5135.0,98.9,1297.5,47.2,0
3241,car,4.5,xloopA_0Ba,road_loopA_r1,5070.6,5136.7,66.1,476.7,26.0,0
3203,truck,8.5,road_loopA_r0,road_loopA_r1,5037.1,5137.2,100.1,1297.3,46.7,0
3167,car,4.5,road_loopA_r0,road_loopA_r1,4999.6,5138.3,138.7,1297.6,33.7,1
3215,car,4.5,road_loopA_r0,road_loopA_r1,5051.2,5140.1,88.9,1297.3,52.5,0
3201,truck,8.5,road_loopA_r0,road_loopA_r1,5035.9,5140.5,104.6,1298.0,44.7,0
3208,car,4.5,road_loopA_r0,road_loopA_r1,5041.7,5142.5,100.8,1298.4,46.4,0
3213,car,4.5,road_loopA_r0,road_loopA_r1,5049.8,5143.5,93.7,1298.0,49.9,0
3119,bus,11.0,road_loopA_f0,road_loopA_f1,4940.0,5144.1,204.1,1303.4,23.0,3
3207,car,4.5,road_loopA_r0,road_loopA_r1,5040.6,5144.2,103.6,1298.0,45.1,0
3222,car,4.5,road_loopA_r0,road_loopA_r1,5054.9,5146.5,91.6,1298.5,51.0,0
3211,truck,8.5,road_loopA_r0,road_loopA_r1,5047.6,5147.2,99.6,1297.5,46.9,0
3221,car,4.5,road_loopA_r0,xloopA_0Ab,5054.0,5148.8,94.8,869.1,33.0,1
3231,car,4.5,road_loopA_r0,road_loopA_r1,5059.2,5152.5,93.3,1297.5,50.1,0
3230,suv,4.8,road_loopA_r0,road_loopA_r1,5058.7,5153.2,94.5,1298.0,49.5,0
3237,car,4.5,road_loopA_r0,road_loopA_r1,5065.7,5155.8,90.1,1298.0,51.9,0
3196,car,4.5,road_loopA_f0,road_loopA_f1,5030.5,5157.0,126.5,1303.5,37.1,1
3225,suv,4.8,road_loopA_r0,road_loopA_r1,5057.0,5157.2,100.2,1298.3,46.7,0
3188,truck,8.5,road_loopA_f0,road_loopA_f1,5019.7,5158.2,138.5,1303.2,33.9,1
3190,suv,4.8,road_loopA_f0,road_loopA_f1,5022.6,5160.3,137.7,1303.8,34.1,1
3212,suv,4.8,road_loopA_f0,road_loopA_f1,5048.1,5161.3,113.2,1303.0,41.4,1
3209,suv,4.8,road_loopA_f0,road_loopA_f1,5042.3,5161.9,119.6,1303.2,39.2,1
3238,car,4.5,road_loopA_r0,road_loopA_r1,5067.6,5162.2,94.6,1297.6,49.4,0
3240,car,4.5,road_loopA_r0,road_loopA_r1,5070.5,5164.0,93.5,1298.3,50.0,0
3219,car,4.5,road_loopA_f0,road_loopA_f1,5053.9,5164.1,110.2,1303.3,42.6,0
3227,car,4.5,road_loopA_r0,road_loopA_r1,5058.1,5164.2,106.1,1297.9,44.0,0
3247,suv,4.8,road_loopA_r0,road_loopA_r1,5075.2,5165.7,90.5,1298.0,51.6,0
3248,suv,4.8,road_loopA_r0,road_loopA_r1,5076.4,5165.8,89.4,1298.3,52.3,0
3236,car,4.5,road_loopA_r0,road_loopA_r1,5063.6,5166.0,102.4,1297.8,45.6,0
3199,car,4.5,road_loopA_f0,road_loopA_f1,5031.6,5167.0,135.4,1303.5,34.7,1
3251,suv,4.8,road_loopA_r0,road_loopA_r1,5078.4,5167.6,89.2,1298.4,52.4,0
3253,car,4.5,road_loopA_r0,road_loopA_r1,5080.2,5169.3,89.1,1298.6,52.5,0
3226,car,4.5,road_loopA_f0,road_loopA_f1,5057.8,5171.0,113.2,1302.8,41.4,0
3217,car,4.5,road_loopA_f0,road_loopA_f1,5052.2,5172.0,119.8,1303.9,39.2,1
3232,suv,4.8,road_loopA_f0,road_loopA_f1,5059.9,5173.7,113.8,1303.5,41.2,0
3255,car,4.5,road_loopA_r0,road_loopA_r1,5083.2,5174.0,90.8,1297.7,51.5,0
3234,car,4.5,road_loopA_f0,road_loopA_f1,5061.2,5175.4,114.2,1303.0,41.1,0
3204,car,4.5,road_loopA_r0,xloopA_0Bb,5038.1,5175.5,137.4,895.4,23.5,1
3256,suv,4.8,road_loopA_r0,road_loopA_r1,5083.7,5175.6,91.9,1298.1,50.8,0
3132,car,4.5,road_loopA_f0,xloopA_0Ab,4964.2,5176.1,211.9,505.5,8.6,2
3261,car,4.5,road_loopA_r0,xloopA_0Bb,5090.6,5178.1,87.5,895.4,36.8,1
3149,car,4.5,road_loopA_f0,xloopA_0Ab,4982.2,5178.6,196.4,504.9,9.3,2
3246,car,4.5,road_loopA_r0,road_loopA_r1,5074.9,5178.8,103.9,1297.9,45.0,0
3254,car,4.5,road_loopA_r0,road_loopA_r1,5081.6,5178.8,97.2,1298.3,48.1,0
3233,suv,4.8,road_loopA_f0,road_loopA_f1,5060.8,5179.8,119.0,1303.6,39.4,0
3218,car,4.5,road_loopA_f0,road_loopA_f1,5053.8,5181.1,127.3,1303.5,36.9,0
3243,car,4.5,road_loopA_f0,xloopA_0Ab,5074.0,5181.3,107.3,505.2,16.9,1
3193,suv,4.8,road_loopA_f0,road_loopA_f1,5025.7,5182.0,156.3,1303.6,30.0,1
3245,car,4.5,road_loopA_f0,road_loopA_f1,5074.7,5182.9,108.2,1304.0,43.4,0
3279,suv,4.8,road_loopA_r0,xloopA_0Bb,5108.7,5183.4,74.7,895.6,43.2,0
3259,car,4.5,road_loopA_f0,xloopA_0Ab,5089.0,5184.0,95.0,505.4,19.2,1
3252,truck,8.5,road_loopA_r0,road_loopA_r1,5079.4,5184.3,104.9,1297.5,44.5,0
3197,suv,4.8,road_loopA_f0,road_loopA_f1,5031.0,5185.3,154.3,1302.9,30.4,1
3262,car,4.5,road_loopA_f0,xloopA_0Ab,5091.2,5186.6,95.4,505.1,19.1,1
3280,truck,8.5,road_loopA_r0,xloopA_0Bb,5110.1,5186.7,76.6,895.8,42.1,0
3239,truck,8.5,road_loopA_f0,road_loopA_f1,5069.8,5187.2,117.4,1303.1,39.9,0
3260,car,4.5,road_loopA_r0,road_loopA_r1,5090.5,5188.5,98.0,1298.4,47.7,0
3257,suv,4.8,road_loopA_f0,road_loopA_f1,5086.1,5189.2,103.1,1302.8,45.5,0
3164,car,4.5,xloopA_0Aa,xloopA_0Ab,4997.9,5190.5,192.6,84.4,1.6,1
3205,car,4.5,road_loopA_f0,road_loopA_f1,5038.8,5190.6,151.8,1302.9,30.9,1
3258,car,4.5,road_loopA_r0,road_loopA_r1,5088.9,5190.7,101.8,1297.8,45.9,0
3264,car,4.5,road_loopA_f0,road_loopA_f1,5092.9,5190.8,97.9,1303.8,47.9,0
3220,suv,4.8,road_loopA_f0,road_loopA_f1,5054.0,5192.4,138.4,1303.1,33.9,0
3265,car,4.5,xloopA_0Ba,xloopA_0Bb,5093.6,5192.4,98.8,84.2,3.1,1
3223,car,4.5,road_loopA_f0,road_loopA_f1,5054.9,5194.2,139.3,1302.8,33.7,0
3332,car,4.5,xloopA_0Ba,xloopA_0Bb,5162.6,5194.8,32.2,84.4,9.4,1
3250,car,4.5,road_loopA_f0,road_loopA_f1,5077.3,5194.9,117.6,1303.4,39.9,0
3137,car,4.5,xloopA_0Aa,road_loopA_f1,4968.2,5195.9,227.7,872.3,13.8,1
3194,car,4.5,xloopA_0Aa,xloopA_0Ab,5026.7,5196.0,169.3,84.1,1.8,1
3267,car,4.5,road_loopA_f0,road_loopA_f1,5096.0,5196.6,100.6,1303.0,46.6,0
3338,car,4.5,xloopA_0Ba,xloopA_0Bb,5166.6,5197.6,31.0,84.6,9.8,0
3214,car,4.5,road_loopA_f0,road_loopA_f1,5050.0,5197.7,147.7,1303.1,31.8,1
3198,car,4.5,xloopA_0Aa,xloopA_0Ab,5031.6,5198.0,166.4,84.3,1.8,1
3276,suv,4.8,road_loopA_f0,road_loopA_f1,5105.5,5198.3,92.8,1303.5,50.6,0
3229,truck,8.5,road_loopA_f0,road_loopA_f1,5058.6,5200.0,141.4,1304.0,33.2,0
3200,car,4.5,xloopA_0Aa,xloopA_0Ab,5035.9,5200.3,164.4,84.7,1.9,0
3282,car,4.5,road_loopA_f0,road_loopA_f1,5111.3,5201.0,89.7,1303.9,52.3,0
3216,car,4.5,xloopA_0Aa,xloopA_0Ab,5051.8,5202.4,150.6,84.0,2.0,0
3249,truck,8.5,road_loopA_f0,road_loopA_f1,5077.1,5202.5,125.4,1302.8,37.4,0
3129,car,4.5,xloopA_0Aa,road_loopA_f1,4950.4,5202.6,252.2,872.1,12.4,1
3274,car,4.5,road_loopA_f0,road_loopA_f1,5105.2,5203.7,98.5,1303.2,47.6,0
3183,car,4.5,road_loopA_f0,road_loopA_f1,5013.5,5204.3,190.8,1303.3,24.6,1
3224,car,4.5,xloopA_0Aa,xloopA_0Ab,5055.7,5204.7,149.0,84.2,2.0,0
3272,truck,8.5,road_loopA_f0,road_loopA_f1,5101.9,5204.9,103.0,1302.8,45.5,0
3187,suv,4.8,road_loopA_f0,road_loopA_f1,5019.8,5206.0,186.2,1303.9,25.2,1
3235,car,4.5,road_loopA_f0,road_loopA_f1,5062.8,5206.7,143.9,1303.7,32.6,0
3189,car,4.5,road_loopA_f0,road_loopA_f1,5020.6,5207.6,187.0,1303.1,25.1,1
3325,car,4.5,xloopA_0Aa,xloopA_0Ab,5154.5,5207.6,53.1,84.6,5.7,0
3195,car,4.5,road_loopA_f0,road_loopA_f1,5028.2,5208.5,180.3,1303.8,26.0,1
3263,car,4.5,road_loopA_f0,road_loopA_f1,5092.1,5209.3,117.2,1303.2,40.0,0
3191,suv,4.8,road_loopA_f0,road_loopA_f1,5022.9,5209.4,186.5,1303.8,25.2,1
3244,car,4.5,road_loopA_f0,road_loopA_f1,5074.7,5209.8,135.1,1303.3,34.7,0
3287,car,4.5,road_loopA_f0,road_loopA_f1,5119.4,5211.0,91.6,1303.7,51.2,0
3210,suv,4.8,road_loopA_f0,road_loopA_f1,5046.9,5211.2,164.3,1303.4,28.6,1
3290,suv,4.8,road_loopA_f0,road_loopA_f1,5120.4,5212.0,91.6,1303.8,51.2,0
3288,car,4.5,road_loopA_f0,road_loopA_f1,5119.6,5214.2,94.6,1303.0,49.6,0
3281,car,4.5,road_loopA_f0,road_loopA_f1,5110.3,5217.2,106.9,1302.8,43.9,0
3292,suv,4.8,road_loopA_f0,road_loopA_f1,5121.8,5217.6,95.8,1303.7,49.0,0
3242,truck,8.5,road_loopA_r0,xloopA_0Ab,5072.0,5234.4,162.4,869.0,19.3,4
3294,car,4.5,road_loopA_r0,xloopA_0Ab,5124.7,5238.1,113.4,869.0,27.6,2
3277,car,4.5,road_loopA_r0,xloopA_0Ab,5107.0,5241.8,134.8,868.9,23.2,3
3322,car,4.5,road_loopA_r0,xloopA_0Ab,5151.6,5245.4,93.8,869.1,33.4,1
3324,suv,4.8,road_loopA_r0,xloopA_0Ab,5153.1,5249.0,95.9,869.5,32.6,0
3266,car,4.5,road_loopA_r0,road_loopA_r1,5094.8,5255.2,160.4,1297.4,29.1,1
3269,truck,8.5,road_loopA_r0,road_loopA_r1,5098.7,5255.8,157.1,1298.2,29.7,1
4,tram,34.0,loopB,loopB,785.4,5256.0,4470.6,33673.6,27.1,42
3286,car,4.5,xloopA_0Aa,road_loopA_r1,5119.0,5256.6,137.6,506.5,13.3,0
3273,car,4.5,road_loopA_r0,road_loopA_r1,5103.3,5257.0,153.7,1298.5,30.4,1
3278,car,4.5,road_loopA_r0,road_loopA_r1,5107.1,5257.7,150.6,1297.3,31.0,1
3271,car,4.5,road_loopA_r0,road_loopA_r1,5099.7,5259.0,159.3,1297.9,29.3,1
3343,car,4.5,xloopA_0Aa,road_loopA_r1,5173.1,5260.0,86.9,507.0,21.0,0
3284,car,4.5,road_loopA_r0,road_loopA_r1,5114.6,5260.4,145.8,1297.5,32.0,1
3268,car,4.5,road_loopA_r0,road_loopA_r1,5098.5,5261.7,163.2,1298.0,28.6,1
3270,car,4.5,road_loopA_r0,road_loopA_r1,5098.9,5261.8,162.9,1298.0,28.7,1
3297,truck,8.5,road_loopA_r0,road_loopA_r1,5126.5,5262.6,136.1,1297.7,34.3,1
3283,car,4.5,road_loopA_r0,road_loopA_r1,5112.3,5263.8,151.5,1297.6,30.8,1
3285,car,4.5,road_loopA_r0,road_loopA_r1,5117.8,5264.5,146.7,1298.1,31.9,1
3295,suv,4.8,road_loopA_r0,road_loopA_r1,5126.0,5265.7,139.7,1297.4,33.4,1
3296,suv,4.8,road_loopA_r0,road_loopA_r1,5126.3,5266.2,139.9,1297.4,33.4,1
3291,bus,11.0,road_loopA_r0,road_loopA_r1,5120.8,5267.6,146.8,1297.3,31.8,1
3307,car,4.5,road_loopA_r0,road_loopA_r1,5138.7,5268.0,129.3,1298.3,36.2,1
3299,suv,4.8,road_loopA_r0,road_loopA_r1,5128.5,5269.1,140.6,1298.4,33.2,1
3316,car,4.5,road_loopA_r0,road_loopA_r1,5144.9,5270.1,125.2,1298.5,37.3,1
3311,car,4.5,road_loopA_r0,road_loopA_r1,5141.7,5270.3,128.6,1298.0,36.3,1
3312,car,4.5,road_loopA_r0,road_loopA_r1,5142.6,5270.8,128.2,1297.6,36.4,1
3320,car,4.5,road_loopA_r0,road_loopA_r1,5150.1,5272.7,122.6,1297.6,38.1,1
3318,suv,4.8,road_loopA_r0,road_loopA_r1,5146.5,5273.7,127.2,1298.4,36.7,1
3302,car,4.5,road_loopA_r0,road_loopA_r1,5132.4,5274.0,141.6,1297.6,33.0,1
3326,car,4.5,road_loopA_r0,road_loopA_r1,5154.9,5274.6,119.7,1298.0,39.0,1
3315,car,4.5,road_loopA_r0,road_loopA_r1,5143.9,5275.7,131.8,1298.5,35.5,1
3328,car,4.5,road_loopA_r0,road_loopA_r1,5156.0,5276.4,120.4,1298.1,38.8,1
3323,car,4.5,road_loopA_r0,road_loopA_r1,5152.1,5276.5,124.4,1298.2,37.6,0
3330,car,4.5,road_loopA_r0,road_loopA_r1,5158.6,5278.5,119.9,1297.7,39.0,0
3337,car,4.5,road_loopA_r0,road_loopA_r1,5166.4,5278.7,112.3,1298.5,41.6,0
3333,car,4.5,road_loopA_r0,road_loopA_r1,5164.3,5280.3,116.0,1298.4,40.3,0
3342,car,4.5,road_loopA_r0,road_loopA_r1,5172.3,5280.9,108.6,1297.8,43.0,0
3379,car,4.5,road_loopA_r0,xloopA_0Ab,5202.4,5281.0,78.6,869.0,39.8,0
3335,car,4.5,road_loopA_r0,road_loopA_r1,5165.2,5281.1,115.9,1298.6,40.3,0
3349,suv,4.8,road_loopA_r0,road_loopA_r1,5177.8,5282.6,104.8,1298.4,44.6,0
3334,suv,4.8,road_loopA_r0,road_loopA_r1,5164.2,5283.4,119.2,1297.3,39.2,0
3348,car,4.5,road_loopA_r0,road_loopA_r1,5177.5,5283.8,106.3,1298.1,43.9,0
3383,suv,4.8,road_loopA_r0,xloopA_0Ab,5205.5,5284.4,78.9,869.3,39.7,0
3353,car,4.5,road_loopA_r0,road_loopA_r1,5182.4,5285.2,102.8,1298.1,45.4,0
3351,car,4.5,road_loopA_r0,road_loopA_r1,5180.4,5285.7,105.3,1298.0,44.4,0
3301,car,4.5,road_loopA_f0,road_loopA_f1,5130.2,5285.8,155.6,1303.4,30.2,1
3289,bus,11.0,road_loopA_f0,road_loopA_f1,5119.8,5286.3,166.5,1303.4,28.2,2
3365,car,4.5,road_loopA_r0,road_loopA_r1,5190.2,5286.9,96.7,1297.3,48.3,0
3298,truck,8.5,road_loopA_f0,road_loopA_f1,5128.3,5287.2,158.9,1304.0,29.5,1
3306,car,4.5,road_loopA_f0,road_loopA_f1,5135.6,5287.5,151.9,1303.8,30.9,1
3300,car,4.5,road_loopA_f0,road_loopA_f1,5129.5,5288.5,159.0,1303.6,29.5,1
3304,suv,4.8,road_loopA_f0,road_loopA_f1,5133.3,5289.3,156.0,1303.0,30.1,1
3396,car,4.5,road_loopA_r0,xloopA_0Ab,5217.8,5289.9,72.1,869.1,43.4,0
3303,car,4.5,road_loopA_f0,road_loopA_f1,5132.6,5290.1,157.5,1303.0,29.8,1
3317,car,4.5,road_loopA_f0,road_loopA_f1,5145.4,5290.2,144.8,1302.8,32.4,1
3309,suv,4.8,road_loopA_f0,road_loopA_f1,5140.5,5291.0,150.5,1303.2,31.2,1
3378,suv,4.8,road_loopA_r0,road_loopA_r1,5202.2,5291.2,89.0,1297.3,52.5,0
3305,suv,4.8,road_loopA_f0,road_loopA_f1,5133.7,5291.9,158.2,1303.1,29.6,1
3321,car,4.5,road_loopA_f0,road_loopA_f1,5151.0,5294.7,143.7,1302.9,32.7,1
3314,suv,4.8,road_loopA_f0,road_loopA_f1,5143.7,5295.1,151.4,1302.9,31.0,1
3310,bus,11.0,road_loopA_r0,road_loopA_r1,5140.9,5296.1,155.2,1298.2,30.1,1
3370,car,4.5,road_loopA_r0,road_loopA_r1,5195.1,5296.3,101.2,1297.9,46.2,0
3339,truck,8.5,road_loopA_f0,road_loopA_f1,5167.8,5297.1,129.3,1303.7,36.3,1
3350,car,4.5,road_loopA_f0,road_loopA_f1,5179.4,5299.9,120.5,1304.1,39.0,1
3308,car,4.5,road_loopA_f0,road_loopA_f1,5140.3,5301.1,160.8,1303.1,29.2,1
3372,truck,8.5,road_loopA_r0,road_loopA_r1,5197.4,5301.4,104.0,1297.5,44.9,0
3293,suv,4.8,road_loopA_r0,xloopA_0Bb,5123.7,5302.1,178.4,895.2,18.1,1
3329,suv,4.8,road_loopA_f0,road_loopA_f1,5157.1,5302.8,145.7,1303.1,32.2,1
3403,car,4.5,road_loopA_f0,xloopA_0Ab,5221.8,5302.8,81.0,505.4,22.5,2
3313,suv,4.8,road_loopA_f0,road_loopA_f1,5142.8,5303.0,160.2,1303.5,29.3,1
3336,suv,4.8,road_loopA_f0,road_loopA_f1,5165.9,5304.5,138.6,1303.1,33.8,1
3327,car,4.5,road_loopA_f0,road_loopA_f1,5155.9,5304.8,148.9,1303.9,31.5,1
3369,car,4.5,road_loopA_r0,xloopA_0Bb,5193.4,5304.8,111.4,895.8,28.9,1
3331,truck,8.5,road_loopA_f0,road_loopA_f1,5159.4,5305.0,145.6,1304.0,32.2,1
3340,car,4.5,road_loopA_f0,road_loopA_f1,5169.8,5306.4,136.6,1303.2,34.3,1
3344,car,4.5,road_loopA_f0,road_loopA_f1,5173.7,5306.9,133.2,1303.8,35.2,1
3355,car,4.5,road_loopA_f0,road_loopA_f1,5183.8,5307.0,123.2,1303.6,38.1,1
3352,car,4.5,road_loopA_f0,road_loopA_f1,5182.4,5308.3,125.9,1303.4,37.3,1
3356,car,4.5,road_loopA_f0,road_loopA_f1,5184.1,5309.7,125.6,1303.1,37.3,1
3354,suv,4.8,road_loopA_f0,road_loopA_f1,5183.7,5310.0,126.3,1303.1,37.1,1
3360,car,4.5,road_loopA_f0,road_loopA_f1,5187.9,5310.0,122.1,1303.9,38.5,0
3362,car,4.5,road_loopA_r0,road_loopA_r1,5189.1,5310.3,121.2,1297.9,38.6,0
3376,car,4.5,road_loopA_r0,road_loopA_r1,5200.8,5310.3,109.5,1297.7,42.6,0
3367,suv,4.8,road_loopA_f0,road_loopA_f1,5190.4,5311.7,121.3,1304.2,38.7,2
3359,car,4.5,road_loopA_f0,road_loopA_f1,5186.6,5312.0,125.4,1303.9,37.4,0
3371,car,4.5,road_loopA_f0,road_loopA_f1,5196.9,5313.4,116.5,1303.2,40.3,2
3361,car,4.5,road_loopA_f0,road_loopA_f1,5188.7,5313.7,125.0,1303.3,37.5,0
3366,car,4.5,road_loopA_r0,road_loopA_r1,5190.3,5314.0,123.7,1298.0,37.8,0
3394,car,4.5,xloopA_0Ba,xloopA_0Bb,5216.4,5314.2,97.8,84.2,3.1,1
3374,car,4.5,road_loopA_f0,road_loopA_f1,5198.4,5315.2,116.8,1304.0,40.2,1
3386,truck,8.5,road_loopA_r0,road_loopA_r1,5207.3,5315.3,108.0,1297.8,43.2,0
3341,suv,4.8,road_loopA_f0,road_loopA_f1,5171.9,5315.5,143.6,1303.8,32.7,1
3364,suv,4.8,road_loopA_f0,road_loopA_f1,5189.5,5315.7,126.2,1303.8,37.2,1
3445,car,4.5,xloopA_0Ba,xloopA_0Bb,5272.4,5316.5,44.1,84.1,6.9,1
3347,car,4.5,xloopA_0Aa,xloopA_0Ab,5176.7,5316.6,139.9,84.1,2.2,1
3319,bus,11.0,road_loopA_r0,road_loopA_r1,5149.7,5316.7,167.0,1298.4,28.0,2
3393,suv,4.8,road_loopA_r0,road_loopA_r1,5216.1,5317.0,100.9,1298.0,46.3,0
3390,car,4.5,road_loopA_f0,road_loopA_f1,5212.8,5317.1,104.3,1304.0,45.0,0
3346,car,4.5,road_loopA_f0,road_loopA_f1,5175.6,5317.2,141.6,1302.9,33.1,1
3368,car,4.5,road_loopA_f0,road_loopA_f1,5190.7,5317.4,126.7,1303.1,37.0,1
3388,car,4.5,road_loopA_r0,road_loopA_r1,5209.5,5317.4,107.9,1298.3,43.3,0
3395,car,4.5,road_loopA_f0,road_loopA_f1,5217.4,5318.6,101.2,1303.2,46.4,0
3397,car,4.5,road_loopA_r0,road_loopA_r1,5218.4,5319.0,100.6,1297.3,46.4,0
3357,suv,4.8,road_loopA_f0,road_loopA_f1,5184.0,5319.1,135.1,1303.1,34.7,1
3373,suv,4.8,road_loopA_f0,road_loopA_f1,5197.7,5319.2,121.5,1303.3,38.6,2
3466,car,4.5,xloopA_0Ba,xloopA_0Bb,5287.6,5319.9,32.3,84.6,9.4,1
3385,car,4.5,road_loopA_r0,road_loopA_r1,5206.9,5320.2,113.3,1297.5,41.2,0
3400,car,4.5,road_loopA_r0,road_loopA_r1,5220.0,5320.8,100.8,1298.5,46.4,0
3381,car,4.5,road_loopA_f0,road_loopA_f1,5203.6,5320.9,117.3,1304.0,40.0,0
3375,car,4.5,road_loopA_f0,road_loopA_f1,5200.6,5321.0,120.4,1303.2,39.0,0
3392,car,4.5,road_loopA_f0,road_loopA_f1,5214.4,5321.1,106.7,1304.1,44.0,0
3387,suv,4.8,road_loopA_r0,road_loopA_r1,5207.8,5322.0,114.2,1297.5,40.9,0
3406,suv,4.8,road_loopA_r0,road_loopA_r1,5225.8,5322.5,96.7,1298.0,48.3,0
3382,car,4.5,road_loopA_f0,road_loopA_f1,5204.2,5322.8,118.6,1303.4,39.5,0
3488,car,4.5,xloopA_0Ba,xloopA_0Bb,5303.5,5323.0,19.5,84.4,15.6,0
3401,car,4.5,road_loopA_f0,road_loopA_f1,5221.5,5324.3,102.8,1303.7,45.7,0
3399,suv,4.8,road_loopA_f0,road_loopA_f1,5220.0,5324.6,104.6,1303.5,44.9,0
3404,suv,4.8,road_loopA_f0,road_loopA_f1,5222.4,5326.4,104.0,1303.0,45.1,0
3405,car,4.5,road_loopA_f0,road_loopA_f1,5223.5,5328.0,104.5,1303.0,44.9,0
3363,car,4.5,road_loopA_f0,road_loopA_f1,5189.3,5328.2,138.9,1303.7,33.8,1
3414,car,4.5,xloopA_0Aa,xloopA_0Ab,5240.3,5328.4,88.1,84.0,3.4,0
3358,car,4.5,road_loopA_f0,road_loopA_f1,5184.4,5330.1,145.7,1303.4,32.2,1
3407,truck,8.5,road_loopA_f0,road_loopA_f1,5230.6,5330.2,99.6,1303.9,47.1,0
3418,car,4.5,xloopA_0Aa,xloopA_0Ab,5245.6,5330.5,84.9,84.3,3.6,0
3409,car,4.5,road_loopA_f0,road_loopA_f1,5232.2,5332.0,99.8,1302.9,47.0,0
3432,car,4.5,xloopA_0Aa,xloopA_0Ab,5258.4,5333.5,75.1,84.1,4.0,0
3412,car,4.5,road_loopA_f0,road_loopA_f1,5236.5,5334.6,98.1,1303.2,47.8,0
3417,car,4.5,road_loopA_f0,road_loopA_f1,5244.3,5334.6,90.3,1302.9,52.0,0
3415,car,4.5,road_loopA_f0,road_loopA_f1,5241.1,5336.5,95.4,1304.0,49.2,0
3420,car,4.5,road_loopA_f0,road_loopA_f1,5246.7,5338.3,91.6,1303.4,51.2,0
3421,suv,4.8,road_loopA_f0,road_loopA_f1,5248.2,5339.8,91.6,1303.6,51.3,0
3402,car,4.5,road_loopA_f0,road_loopA_f1,5221.7,5341.5,119.8,1302.9,39.2,0
3377,car,4.5,road_loopA_r0,xloopA_0Ab,5202.3,5345.0,142.7,869.2,21.9,2
3426,suv,4.8,road_loopA_f0,road_loopA_f1,5254.8,5345.9,91.1,1303.0,51.5,0
3423,car,4.5,road_loopA_f0,road_loopA_f1,5250.2,5346.7,96.5,1303.4,48.6,0
3449,suv,4.8,road_loopA_r0,xloopA_0Ab,5274.1,5352.6,78.5,869.2,39.9,0
3425,car,4.5,road_loopA_f0,road_loopA_f1,5251.2,5352.7,101.5,1303.3,46.2,0
3447,car,4.5,road_loopA_r0,xloopA_0Ab,5273.6,5356.1,82.5,869.1,37.9,1
3411,suv,4.8,road_loopA_f0,road_loopA_f1,5236.3,5358.9,122.6,1303.8,38.3,0
3531,car,4.5,road_loopA_f0,xloopA_0Bb,5330.3,5370.9,40.6,478.7,42.4,0
3501,car,4.5,xloopA_0Ba,road_loopA_r1,5312.5,5371.1,58.6,476.9,29.3,0
3408,car,4.5,road_loopA_r0,road_loopA_r1,5230.7,5373.4,142.7,1297.5,32.7,1
3483,car,4.5,road_loopA_r0,xloopA_0Ab,5299.8,5374.2,74.4,869.0,42.1,0
3410,car,4.5,road_loopA_r0,road_loopA_r1,5235.1,5377.5,142.4,1297.4,32.8,1
3398,truck,8.5,road_loopA_r0,road_loopA_r1,5218.9,5378.9,160.0,1298.2,29.2,1
3468,suv,4.8,road_loopA_r0,xloopA_0Ab,5288.6,5379.2,90.6,868.9,34.5,1
3429,suv,4.8,road_loopA_r0,road_loopA_r1,5255.8,5379.3,123.5,1298.2,37.9,1
3389,bus,11.0,road_loopA_f0,road_loopA_f1,5209.6,5380.5,170.9,1303.2,27.5,2
3422,car,4.5,road_loopA_r0,road_loopA_r1,5248.9,5380.9,132.0,1298.6,35.4,1
3437,car,4.5,road_loopA_r0,road_loopA_r1,5262.6,5381.1,118.5,1298.0,39.4,1
3453,car,4.5,road_loopA_r0,road_loopA_r1,5277.7,5382.5,104.8,1297.5,44.6,0
3380,car,4.5,xloopA_0Aa,road_loopA_r1,5203.1,5382.8,179.7,506.8,10.2,1
3413,car,4.5,road_loopA_r0,road_loopA_r1,5239.3,5384.4,145.1,1297.3,32.2,1
3439,suv,4.8,road_loopA_r0,road_loopA_r1,5263.5,5384.5,121.0,1297.8,38.6,1
3460,car,4.5,road_loopA_r0,road_loopA_r1,5280.8,5384.6,103.8,1298.4,45.0,0
3416,suv,4.8,road_loopA_r0,road_loopA_r1,5242.7,5386.1,143.4,1298.0,32.6,1
3549,truck,8.5,road_loopA_f0,xloopA_0Bb,5342.6,5386.6,44.0,478.7,39.1,0
3448,suv,4.8,road_loopA_r0,road_loopA_r1,5273.7,5386.8,113.1,1298.0,41.3,1
3431,car,4.5,road_loopA_r0,road_loopA_r1,5258.0,5387.2,129.2,1298.2,36.2,1
3419,truck,8.5,road_loopA_r0,road_loopA_r1,5246.2,5388.3,142.1,1297.4,32.9,1
3446,car,4.5,road_loopA_r0,road_loopA_r1,5273.3,5388.9,115.6,1298.6,40.4,1
3452,suv,4.8,road_loopA_r0,road_loopA_r1,5277.3,5389.8,112.5,1297.6,41.5,1
3463,car,4.5,road_loopA_r0,road_loopA_r1,5282.9,5390.3,107.4,1297.9,43.5,0
3467,car,4.5,road_loopA_r0,road_loopA_r1,5288.4,5391.9,103.5,1297.7,45.1,0
3469,car,4.5,road_loopA_r0,road_loopA_r1,5289.1,5392.0,102.9,1298.4,45.4,0
3470,suv,4.8,road_loopA_r0,road_loopA_r1,5290.6,5394.2,103.6,1298.1,45.1,0
3455,suv,4.8,road_loopA_r0,road_loopA_r1,5278.3,5394.6,116.3,1297.7,40.2,0
3473,suv,4.8,road_loopA_r0,road_loopA_r1,5294.9,5395.5,100.6,1298.6,46.5,0
3481,car,4.5,road_loopA_r0,road_loopA_r1,5299.3,5395.9,96.6,1297.5,48.4,0
3462,car,4.5,road_loopA_r0,road_loopA_r1,5282.4,5396.5,114.1,1298.4,41.0,0
3474,suv,4.8,road_loopA_r0,road_loopA_r1,5295.0,5398.0,103.0,1297.3,45.3,0
3476,suv,4.8,road_loopA_r0,road_loopA_r1,5296.2,5398.4,102.2,1298.5,45.7,0
3465,car,4.5,road_loopA_r0,road_loopA_r1,5284.8,5399.0,114.2,1297.5,40.9,0
3478,truck,8.5,road_loopA_r0,road_loopA_r1,5297.4,5400.2,102.8,1297.9,45.5,0
3485,suv,4.8,road_loopA_r0,road_loopA_r1,5300.9,5401.1,100.2,1298.5,46.6,0
3490,truck,8.5,road_loopA_r0,road_loopA_r1,5305.4,5401.3,95.9,1298.3,48.7,0
3484,suv,4.8,road_loopA_r0,road_loopA_r1,5300.7,5402.3,101.6,1297.3,46.0,0
3502,car,4.5,road_loopA_r0,road_loopA_r1,5313.4,5404.4,91.0,1297.7,51.4,0
3435,bus,11.0,road_loopA_r0,road_loopA_r1,5260.0,5407.1,147.1,1297.8,31.8,2
3441,bus,11.0,road_loopA_r0,road_loopA_r1,5266.5,5407.6,141.1,1298.0,33.1,2
3510,suv,4.8,road_loopA_r0,road_loopA_r1,5317.8,5407.8,90.0,1298.0,51.9,0
3512,car,4.5,road_loopA_r0,xloopA_0Ab,5318.0,5408.0,90.0,868.9,34.8,1
3497,car,4.5,road_loopA_r0,road_loopA_r1,5310.7,5408.4,97.7,1298.0,47.8,0
3494,truck,8.5,road_loopA_r0,road_loopA_r1,5308.0,5409.9,101.9,1298.1,45.9,0
3507,car,4.5,road_loopA_r0,road_loopA_r1,5317.5,5410.1,92.6,1298.5,50.5,0
3427,suv,4.8,road_loopA_f0,road_loopA_f1,5255.0,5410.2,155.2,1304.0,30.3,1
3496,car,4.5,road_loopA_r0,road_loopA_r1,5310.4,5412.0,101.6,1297.9,46.0,0
3486,car,4.5,xloopA_0Ba,road_loopA_f1,5301.1,5412.1,111.0,902.3,29.3,0
3517,suv,4.8,road_loopA_r0,road_loopA_r1,5322.1,5412.4,90.3,1298.5,51.8,0
3424,car,4.5,road_loopA_f0,road_loopA_f1,5251.0,5413.5,162.5,1303.1,28.9,1
3430,truck,8.5,road_loopA_f0,road_loopA_f1,5256.2,5414.4,158.2,1303.8,29.7,1
3521,car,4.5,road_loopA_r0,road_loopA_r1,5324.1,5414.4,90.3,1298.6,51.8,0
3440,car,4.5,road_loopA_f0,road_loopA_f1,5264.6,5414.8,150.2,1303.7,31.3,1
3451,car,4.5,road_loopA_f0,road_loopA_f1,5276.3,5416.7,140.4,1303.6,33.4,1
3458,suv,4.8,road_loopA_f0,road_loopA_f1,5279.6,5418.4,138.8,1303.1,33.8,1
3471,car,4.5,road_loopA_f0,road_loopA_f1,5290.7,5420.1,129.4,1303.3,36.3,1
3495,truck,8.5,road_loopA_r0,road_loopA_r1,5308.1,5421.4,113.3,1298.0,41.3,0
3477,suv,4.8,road_loopA_f0,road_loopA_f1,5297.1,5421.9,124.8,1303.2,37.6,1
3491,car,4.5,road_loopA_f0,road_loopA_f1,5306.8,5423.8,117.0,1303.9,40.1,1
3475,car,4.5,road_loopA_r0,xloopA_0Bb,5295.3,5424.8,129.5,895.3,24.9,1
3454,car,4.5,road_loopA_f0,xloopA_0Ab,5277.9,5425.4,147.5,505.3,12.3,1
3499,suv,4.8,road_loopA_f0,road_loopA_f1,5312.0,5425.7,113.7,1303.1,41.2,0
3384,car,4.5,xloopA_0Aa,road_loopA_f1,5206.8,5426.0,219.2,872.2,14.3,0
3533,suv,4.8,road_loopA_r0,road_loopA_r1,5332.3,5426.9,94.6,1297.6,49.4,0
3345,car,4.5,xloopA_0Aa,road_loopA_f1,5173.9,5427.7,253.8,872.2,12.4,1
3433,suv,4.8,road_loopA_f0,road_loopA_f1,5258.4,5427.7,169.3,1303.5,27.7,1
3535,car,4.5,road_loopA_r0,road_loopA_r1,5332.8,5427.8,95.0,1298.6,49.2,0
3498,car,4.5,road_loopA_f0,road_loopA_f1,5311.8,5428.4,116.6,1303.9,40.3,0
3480,truck,8.5,road_loopA_f0,xloopA_0Ab,5298.9,5428.8,129.9,505.4,14.0,1
3523,suv,4.8,road_loopA_r0,road_loopA_r1,5325.4,5428.8,103.4,1298.2,45.2,0
3442,suv,4.8,road_loopA_f0,road_loopA_f1,5266.6,5429.4,162.8,1303.7,28.8,1
3391,car,4.5,xloopA_0Aa,road_loopA_f1,5213.2,5429.7,216.5,872.7,14.5,0
3443,car,4.5,road_loopA_f0,road_loopA_f1,5271.3,5431.1,159.8,1303.9,29.4,1
3428,suv,4.8,road_loopA_f0,road_loopA_f1,5255.2,5431.4,176.2,1303.6,26.6,1
3560,car,4.5,road_loopA_r0,xloopA_0Bb,5352.5,5431.7,79.2,895.7,40.7,0
3493,suv,4.8,road_loopA_f0,road_loopA_f1,5307.9,5431.8,123.9,1302.9,37.9,0
3542,suv,4.8,road_loopA_f0,xloopA_0Ab,5338.2,5431.9,93.7,505.6,19.4,1
3537,car,4.5,road_loopA_r0,road_loopA_r1,5334.1,5432.1,98.0,1297.4,47.6,0
3543,car,4.5,road_loopA_r0,road_loopA_r1,5339.2,5432.4,93.2,1298.6,50.2,0
3459,car,4.5,road_loopA_f0,road_loopA_f1,5280.4,5432.9,152.5,1303.7,30.8,1
3509,suv,4.8,road_loopA_f0,road_loopA_f1,5317.8,5433.0,115.2,1304.1,40.7,0
3434,car,4.5,road_loopA_f0,road_loopA_f1,5258.6,5433.1,174.5,1302.9,26.9,1
3522,car,4.5,road_loopA_r0,road_loopA_r1,5324.7,5433.6,108.9,1297.3,42.9,0
3540,car,4.5,road_loopA_r0,road_loopA_r1,5335.9,5434.0,98.1,1297.6,47.6,0
3461,car,4.5,road_loopA_f0,road_loopA_f1,5282.1,5434.6,152.5,1303.4,30.8,1
3585,suv,4.8,road_loopA_f0,xloopA_0Ab,5373.9,5434.6,60.7,505.5,30.0,0
3504,car,4.5,road_loopA_f0,road_loopA_f1,5315.5,5434.7,119.2,1304.1,39.4,0
3436,car,4.5,road_loopA_f0,road_loopA_f1,5261.4,5434.9,173.5,1303.9,27.1,1
3529,suv,4.8,road_loopA_r0,road_loopA_r1,5328.6,5435.3,106.7,1298.0,43.8,0
3554,suv,4.8,road_loopA_r0,road_loopA_r1,5346.7,5436.3,89.6,1298.2,52.1,0
3479,car,4.5,road_loopA_f0,road_loopA_f1,5298.0,5436.4,138.4,1302.8,33.9,1
3444,suv,4.8,road_loopA_f0,road_loopA_f1,5271.6,5436.6,165.0,1303.1,28.4,1
3503,truck,8.5,road_loopA_f0,road_loopA_f1,5314.0,5436.7,122.7,1303.7,38.3,0
3487,suv,4.8,road_loopA_f0,road_loopA_f1,5303.2,5438.2,135.0,1303.5,34.7,1
3457,suv,4.8,road_loopA_f0,road_loopA_f1,5279.5,5438.4,158.9,1303.9,29.5,1
3511,suv,4.8,road_loopA_f0,road_loopA_f1,5317.8,5439.0,121.2,1303.1,38.7,0
3492,car,4.5,road_loopA_f0,road_loopA_f1,5307.5,5440.0,132.5,1303.7,35.4,1
3464,car,4.5,road_loopA_f0,road_loopA_f1,5284.6,5440.2,155.6,1303.6,30.2,1
3438,car,4.5,xloopA_0Aa,xloopA_0Ab,5263.2,5440.3,177.1,84.3,1.7,1
3518,suv,4.8,road_loopA_f0,road_loopA_f1,5322.5,5440.3,117.8,1304.0,39.9,0
3547,car,4.5,road_loopA_r0,road_loopA_r1,5340.9,5441.8,100.9,1297.4,46.3,0
3552,car,4.5,road_loopA_r0,road_loopA_r1,5346.2,5441.8,95.6,1298.6,48.9,0
3472,suv,4.8,road_loopA_f0,road_loopA_f1,5294.9,5441.9,147.0,1302.9,31.9,1
3500,suv,4.8,road_loopA_f0,road_loopA_f1,5312.2,5441.9,129.7,1303.9,36.2,0
3526,car,4.5,road_loopA_f0,road_loopA_f1,5327.8,5442.0,114.2,1303.3,41.1,0
3568,car,4.5,xloopA_0Ba,xloopA_0Bb,5360.9,5442.5,81.6,84.5,3.7,1
3456,car,4.5,xloopA_0Aa,xloopA_0Ab,5279.5,5443.4,163.9,84.3,1.9,1
3514,suv,4.8,road_loopA_f0,road_loopA_f1,5318.7,5443.7,125.0,1303.7,37.6,0
3489,car,4.5,road_loopA_f0,road_loopA_f1,5305.1,5443.8,138.7,1303.8,33.8,1
3528,suv,4.8,road_loopA_f0,road_loopA_f1,5328.4,5443.8,115.4,1303.9,40.7,0
3519,suv,4.8,road_loopA_f0,road_loopA_f1,5323.6,5445.1,121.5,1302.8,38.6,0
3569,car,4.5,xloopA_0Ba,xloopA_0Bb,5361.1,5445.2,84.1,84.6,3.6,1
3506,car,4.5,xloopA_0Aa,xloopA_0Ab,5317.1,5445.4,128.3,84.5,2.4,1
3508,car,4.5,road_loopA_f0,road_loopA_f1,5317.6,5445.6,128.0,1303.6,36.7,0
3539,suv,4.8,road_loopA_f0,road_loopA_f1,5335.1,5445.6,110.5,1303.6,42.5,0
3525,car,4.5,road_loopA_f0,road_loopA_f1,5326.3,5446.9,120.6,1303.2,38.9,0
3546,car,4.5,road_loopA_f0,road_loopA_f1,5340.9,5447.4,106.5,1303.9,44.1,0
3515,car,4.5,road_loopA_f0,road_loopA_f1,5321.0,5447.8,126.8,1303.4,37.0,0
3513,car,4.5,xloopA_0Aa,xloopA_0Ab,5318.6,5448.2,129.6,84.4,2.3,0
3541,car,4.5,road_loopA_r0,road_loopA_r1,5336.1,5448.5,112.4,1297.4,41.6,0
3527,car,4.5,road_loopA_f0,road_loopA_f1,5328.4,5448.7,120.3,1303.6,39.0,0
3530,car,4.5,road_loopA_f0,road_loopA_f1,5328.8,5449.5,120.7,1303.4,38.9,0
3644,car,4.5,xloopA_0Ba,xloopA_0Bb,5422.5,5449.8,27.3,84.3,11.1,0
3524,car,4.5,road_loopA_f0,road_loopA_f1,5325.6,5450.2,124.6,1303.0,37.7,0
3505,car,4.5,road_loopA_f0,road_loopA_f1,5317.1,5451.2,134.1,1303.2,35.0,0
3534,car,4.5,road_loopA_f0,road_loopA_f1,5332.6,5451.3,118.7,1303.5,39.5,0
3567,suv,4.8,road_loopA_f0,road_loopA_f1,5359.4,5452.3,92.9,1302.9,50.5,0
3536,car,4.5,road_loopA_f0,road_loopA_f1,5332.9,5453.5,120.6,1303.6,38.9,0
3556,truck,8.5,road_loopA_f0,road_loopA_f1,5350.4,5453.5,103.1,1302.8,45.5,0
3571,truck,8.5,road_loopA_f0,road_loopA_f1,5362.2,5455.0,92.8,1303.5,50.6,0
3544,car,4.5,road_loopA_f0,road_loopA_f1,5340.3,5455.2,114.9,1303.0,40.8,0
3562,suv,4.8,road_loopA_f0,road_loopA_f1,5355.0,5455.6,100.6,1303.3,46.6,0
3553,car,4.5,road_loopA_f0,road_loopA_f1,5346.3,5456.9,110.6,1303.4,42.4,0
3566,car,4.5,road_loopA_f0,road_loopA_f1,5357.7,5457.8,100.1,1304.2,46.9,0
3557,car,4.5,road_loopA_f0,road_loopA_f1,5350.7,5458.2,107.5,1302.9,43.6,0
3551,car,4.5,road_loopA_f0,road_loopA_f1,5346.1,5459.3,113.2,1303.9,41.5,0
3573,car,4.5,road_loopA_f0,road_loopA_f1,5363.4,5461.8,98.4,1303.3,47.7,0
3583,car,4.5,road_loopA_f0,road_loopA_f1,5373.0,5462.9,89.9,1303.3,52.2,0
3580,car,4.5,road_loopA_f0,road_loopA_f1,5370.1,5464.2,94.1,1303.6,49.9,0
3572,car,4.5,road_loopA_f0,road_loopA_f1,5362.5,5466.5,104.0,1303.0,45.1,0
3574,suv,4.8,road_loopA_f0,road_loopA_f1,5363.9,5466.8,102.9,1303.2,45.6,0
3482,bus,11.0,road_loopA_f0,road_loopA_f1,5299.8,5468.9,169.1,1302.9,27.7,2
3450,bus,11.0,road_loopA_f0,road_loopA_f1,5274.6,5469.8,195.2,1303.4,24.0,3
3588,car,4.5,road_loopA_f0,road_loopA_f1,5379.1,5469.8,90.7,1303.3,51.7,0
3584,car,4.5,road_loopA_f0,road_loopA_f1,5373.4,5474.5,101.1,1302.8,46.4,0
3577,truck,8.5,road_loopA_f0,road_loopA_f1,5368.4,5475.1,106.7,1303.0,43.9,0
3586,suv,4.8,road_loopA_f0,road_loopA_f1,5373.9,5476.1,102.2,1303.1,45.9,0
3611,car,4.5,road_loopA_f0,xloopA_0Bb,5403.5,5477.0,73.5,478.7,23.4,2
3581,truck,8.5,road_loopA_f0,road_loopA_f1,5370.3,5479.5,109.2,1303.8,43.0,0
3596,truck,8.5,road_loopA_r0,xloopA_0Ab,5386.9,5487.8,100.9,868.8,31.0,1
3642,car,4.5,road_loopA_r0,xloopA_0Ab,5421.7,5495.3,73.6,869.0,42.5,0
3645,car,4.5,road_loopA_r0,xloopA_0Ab,5422.8,5498.6,75.8,869.0,41.3,0
3545,truck,8.5,road_loopA_r0,road_loopA_r1,5340.5,5501.1,160.6,1297.5,29.1,1
3555,truck,8.5,road_loopA_r0,road_loopA_r1,5346.6,5501.1,154.5,1298.2,30.3,1
3641,suv,4.8,road_loopA_r0,xloopA_0Ab,5421.3,5501.8,80.5,869.5,38.9,0
3559,suv,4.8,road_loopA_r0,road_loopA_r1,5352.3,5503.1,150.8,1297.6,31.0,1
3558,car,4.5,road_loopA_r0,road_loopA_r1,5352.0,5504.3,152.3,1297.3,30.7,1
3561,car,4.5,road_loopA_r0,road_loopA_r1,5352.7,5504.7,152.0,1297.9,30.7,1
3563,car,4.5,road_loopA_r0,road_loopA_r1,5355.0,5506.8,151.8,1298.6,30.8,1
3565,car,4.5,road_loopA_r0,road_loopA_r1,5356.6,5508.7,152.1,1297.4,30.7,1
3575,car,4.5,road_loopA_r0,road_loopA_r1,5364.7,5509.9,145.2,1298.6,32.2,1
3582,car,4.5,road_loopA_r0,road_loopA_r1,5372.3,5511.5,139.2,1298.4,33.6,1
3564,car,4.5,road_loopA_r0,road_loopA_r1,5355.7,5512.0,156.3,1298.0,29.9,1
3593,car,4.5,road_loopA_r0,road_loopA_r1,5384.7,5513.3,128.6,1297.8,36.3,1
3697,suv,4.8,road_loopA_f0,xloopA_0Bb,5473.0,5513.4,40.4,479.0,42.6,0
3550,car,4.5,road_loopA_r0,road_loopA_r1,5345.8,5513.6,167.8,1298.1,27.8,1
3592,car,4.5,road_loopA_r0,road_loopA_r1,5384.3,5513.6,129.3,1298.0,36.2,1
3579,suv,4.8,road_loopA_r0,road_loopA_r1,5369.2,5515.3,146.1,1298.3,32.0,1
3604,car,4.5,road_loopA_r0,road_loopA_r1,5398.0,5515.3,117.3,1297.5,39.8,1
3595,suv,4.8,road_loopA_r0,road_loopA_r1,5386.7,5516.0,129.3,1298.4,36.2,1
3612,car,4.5,road_loopA_r0,road_loopA_r1,5403.8,5517.3,113.5,1298.2,41.2,1
3532,bus,11.0,road_loopA_f0,road_loopA_f1,5331.3,5517.7,186.4,1303.4,25.2,3
3600,truck,8.5,road_loopA_r0,road_loopA_r1,5390.3,5517.7,127.4,1297.6,36.7,1
3602,suv,4.8,road_loopA_r0,road_loopA_r1,5393.2,5517.7,124.5,1298.3,37.5,1
3614,car,4.5,road_loopA_r0,road_loopA_r1,5406.7,5518.6,111.9,1297.6,41.7,0
3662,truck,8.5,road_loopA_r0,xloopA_0Ab,5437.3,5519.6,82.3,869.1,38.0,0
3613,car,4.5,road_loopA_r0,road_loopA_r1,5404.4,5519.7,115.3,1298.6,40.5,19
3626,car,4.5,road_loopA_r0,road_loopA_r1,5411.6,5520.2,108.6,1298.1,43.0,0
3621,car,4.5,road_loopA_r0,road_loopA_r1,5409.3,5520.3,111.0,1297.3,42.1,0
3616,car,4.5,road_loopA_r0,road_loopA_r1,5406.9,5521.5,114.6,1298.4,40.8,0
3627,car,4.5,road_loopA_r0,road_loopA_r1,5412.2,5522.2,110.0,1298.5,42.5,0
3630,car,4.5,road_loopA_r0,road_loopA_r1,5413.9,5523.2,109.3,1298.1,42.7,0
3617,car,4.5,road_loopA_r0,road_loopA_r1,5407.6,5524.0,116.4,1297.8,40.1,0
3635,car,4.5,road_loopA_r0,road_loopA_r1,5416.7,5524.6,107.9,1297.3,43.3,0
3638,car,4.5,road_loopA_r0,road_loopA_r1,5419.4,5524.9,105.5,1297.5,44.3,0
3647,suv,4.8,road_loopA_r0,road_loopA_r1,5427.5,5527.6,100.1,1297.5,46.7,0
3652,car,4.5,road_loopA_r0,road_loopA_r1,5429.4,5530.7,101.3,1297.9,46.1,0
3634,truck,8.5,road_loopA_r0,road_loopA_r1,5416.4,5532.1,115.7,1297.9,40.4,0
3649,suv,4.8,road_loopA_r0,road_loopA_r1,5428.3,5533.4,105.1,1297.5,44.4,0
3659,suv,4.8,road_loopA_r0,road_loopA_r1,5435.9,5535.1,99.2,1297.8,47.1,0
3623,suv,4.8,road_loopA_r0,road_loopA_r1,5409.8,5535.8,126.0,1298.3,37.1,0
3650,truck,8.5,road_loopA_r0,road_loopA_r1,5428.4,5536.8,108.4,1297.8,43.1,0
3664,car,4.5,road_loopA_r0,road_loopA_r1,5439.6,5536.9,97.3,1298.4,48.1,0
3520,bus,11.0,road_loopA_r0,road_loopA_r1,5324.0,5538.1,214.1,1297.4,21.8,4
3665,car,4.5,road_loopA_r0,road_loopA_r1,5441.2,5538.7,97.5,1298.6,47.9,0
3655,suv,4.8,road_loopA_r0,road_loopA_r1,5430.8,5540.0,109.2,1298.4,42.8,0
3674,car,4.5,road_loopA_r0,road_loopA_r1,5449.5,5540.5,91.0,1297.5,51.3,0
3676,car,4.5,road_loopA_r0,road_loopA_r1,5450.7,5540.9,90.2,1298.4,51.8,0
3516,car,4.5,xloopA_0Ba,road_loopA_f1,5321.6,5541.7,220.1,902.8,14.8,1
3667,car,4.5,road_loopA_r0,road_loopA_r1,5442.3,5541.7,99.4,1297.6,47.0,0
3677,car,4.5,road_loopA_r0,road_loopA_r1,5451.5,5543.4,91.9,1297.5,50.8,0
3590,truck,8.5,road_loopA_f0,road_loopA_f1,5382.6,5544.8,162.2,1302.9,28.9,1
3663,car,4.5,road_loopA_r0,road_loopA_r1,5439.1,5545.0,105.9,1298.5,44.2,0
3570,car,4.5,xloopA_0Ba,road_loopA_f1,5361.6,5548.8,187.2,903.0,17.4,0
3681,car,4.5,road_loopA_r0,road_loopA_r1,5459.5,5549.0,89.5,1297.8,52.2,0
3597,car,4.5,road_loopA_f0,road_loopA_f1,5388.3,5549.1,160.8,1303.0,29.2,1
3589,car,4.5,road_loopA_r0,xloopA_0Bb,5381.9,5549.5,167.6,895.8,19.2,1
3654,car,4.5,road_loopA_f0,xloopA_0Ab,5430.1,5550.0,119.9,505.2,15.2,1
3682,suv,4.8,road_loopA_r0,road_loopA_r1,5462.1,5551.7,89.6,1298.1,52.2,0
3608,car,4.5,road_loopA_r0,xloopA_0Bb,5399.4,5552.0,152.6,895.3,21.1,1
3603,suv,4.8,road_loopA_f0,road_loopA_f1,5393.4,5552.3,158.9,1304.1,29.5,1
3698,suv,4.8,road_loopA_f0,xloopA_0Ab,5473.5,5552.6,79.1,504.9,23.0,1
3656,truck,8.5,road_loopA_r0,road_loopA_r1,5432.3,5552.9,120.6,1297.4,38.7,0
3615,car,4.5,road_loopA_r0,xloopA_0Bb,5406.8,5554.7,147.9,895.5,21.8,1
3675,suv,4.8,road_loopA_r0,road_loopA_r1,5450.2,5554.7,104.5,1298.2,44.7,0
3607,suv,4.8,road_loopA_f0,road_loopA_f1,5398.9,5556.2,157.3,1302.9,29.8,1
6,tram,34.0,loopB,loopB,1265.4,5556.6,4291.2,33673.7,28.2,42
3619,suv,4.8,road_loopA_r0,xloopA_0Bb,5408.4,5557.4,149.0,895.7,21.6,1
3683,car,4.5,road_loopA_r0,road_loopA_r1,5462.3,5557.5,95.2,1298.3,49.1,0
3576,car,4.5,xloopA_0Aa,road_loopA_f1,5367.4,5559.0,191.6,872.0,16.4,0
3693,car,4.5,road_loopA_r0,road_loopA_r1,5470.1,5559.3,89.2,1297.6,52.3,0
3538,car,4.5,xloopA_0Aa,road_loopA_f1,5334.8,5559.4,224.6,872.4,14.0,0
3618,suv,4.8,road_loopA_f0,road_loopA_f1,5407.8,5560.0,152.2,1303.4,30.8,1
3628,suv,4.8,road_loopA_r0,xloopA_0Bb,5412.5,5560.1,147.6,895.6,21.8,1
3591,suv,4.8,road_loopA_f0,road_loopA_f1,5383.4,5560.7,177.3,1303.0,26.5,1
3666,car,4.5,xloopA_0Ba,road_loopA_f1,5441.4,5561.4,120.0,902.4,27.1,0
3625,car,4.5,road_loopA_f0,road_loopA_f1,5410.2,5561.7,151.5,1303.7,31.0,1
3599,car,4.5,road_loopA_f0,road_loopA_f1,5389.4,5562.4,173.0,1303.2,27.1,1
3690,suv,4.8,road_loopA_r0,road_loopA_r1,5468.5,5562.9,94.4,1298.3,49.5,0
3700,car,4.5,road_loopA_r0,road_loopA_r1,5474.4,5563.5,89.1,1297.5,52.4,0
3606,suv,4.8,road_loopA_f0,road_loopA_f1,5398.8,5564.1,165.3,1303.4,28.4,1
3632,car,4.5,road_loopA_f0,road_loopA_f1,5415.0,5564.1,149.1,1303.3,31.5,1
3685,car,4.5,xloopA_0Ba,xloopA_0Bb,5462.7,5564.6,101.9,84.2,3.0,1
3609,suv,4.8,road_loopA_f0,road_loopA_f1,5401.7,5565.8,164.1,1303.1,28.6,1
3578,car,4.5,xloopA_0Aa,xloopA_0Ab,5369.0,5565.8,196.8,84.3,1.5,1
3639,truck,8.5,road_loopA_f0,road_loopA_f1,5419.8,5566.2,146.4,1302.8,32.0,1
3622,car,4.5,road_loopA_f0,road_loopA_f1,5409.5,5567.6,158.1,1303.7,29.7,1
3715,car,4.5,xloopA_0Ba,xloopA_0Bb,5500.2,5567.8,67.6,84.0,4.5,1
3729,car,4.5,xloopA_0Aa,xloopA_0Ab,5517.5,5568.0,50.5,84.2,6.0,1
3624,car,4.5,road_loopA_f0,road_loopA_f1,5410.1,5568.3,158.2,1303.2,29.7,1
3631,suv,4.8,road_loopA_f0,road_loopA_f1,5414.7,5569.3,154.6,1302.9,30.3,1
3735,car,4.5,xloopA_0Ba,xloopA_0Bb,5525.1,5570.0,44.9,84.3,6.8,1
3734,car,4.5,xloopA_0Aa,xloopA_0Ab,5524.2,5570.1,45.9,84.6,6.6,1
3548,car,4.5,xloopA_0Aa,road_loopA_f1,5342.3,5570.3,228.0,872.1,13.8,0
3643,truck,8.5,road_loopA_f0,road_loopA_f1,5421.9,5570.4,148.5,1302.9,31.6,1
3633,suv,4.8,road_loopA_f0,road_loopA_f1,5415.2,5571.1,155.9,1302.9,30.1,1
3587,car,4.5,road_loopA_f0,road_loopA_f1,5377.1,5572.0,194.9,1303.0,24.1,1
3660,car,4.5,road_loopA_f0,road_loopA_f1,5436.1,5572.7,136.6,1303.6,34.4,0
3738,car,4.5,xloopA_0Aa,xloopA_0Ab,5527.1,5572.7,45.6,84.8,6.7,0
3646,suv,4.8,road_loopA_f0,road_loopA_f1,5424.1,5573.0,148.9,1304.1,31.5,1
3594,truck,8.5,road_loopA_f0,road_loopA_f1,5385.4,5574.3,188.9,1303.6,24.8,1
3671,car,4.5,road_loopA_f0,road_loopA_f1,5447.0,5574.5,127.5,1303.9,36.8,0
3653,car,4.5,road_loopA_f0,road_loopA_f1,5429.5,5574.8,145.3,1303.6,32.3,1
3598,car,4.5,road_loopA_f0,road_loopA_f1,5388.4,5576.3,187.9,1303.5,25.0,1
3673,suv,4.8,road_loopA_f0,road_loopA_f1,5447.4,5576.3,128.9,1304.0,36.4,0
3636,suv,4.8,road_loopA_f0,road_loopA_f1,5417.6,5576.6,159.0,1303.4,29.5,1
3601,suv,4.8,road_loopA_f0,road_loopA_f1,5392.0,5578.0,186.0,1303.9,25.2,1
3679,car,4.5,road_loopA_f0,road_loopA_f1,5455.0,5578.1,123.1,1303.6,38.1,0
3648,car,4.5,road_loopA_f0,road_loopA_f1,5428.3,5578.9,150.6,1303.8,31.2,1
3605,suv,4.8,road_loopA_f0,road_loopA_f1,5398.6,5579.7,181.1,1303.5,25.9,1
3684,car,4.5,road_loopA_f0,road_loopA_f1,5462.6,5579.9,117.3,1303.0,40.0,0
3658,suv,4.8,road_loopA_f0,road_loopA_f1,5434.5,5580.7,146.2,1303.4,32.1,0
3610,car,4.5,road_loopA_f0,road_loopA_f1,5402.1,5581.5,179.4,1303.9,26.2,1
3688,suv,4.8,road_loopA_f0,road_loopA_f1,5465.2,5581.9,116.7,1303.8,40.2,0
3668,suv,4.8,road_loopA_f0,road_loopA_f1,5442.5,5582.5,140.0,1303.4,33.5,0
3620,truck,8.5,road_loopA_f0,road_loopA_f1,5408.8,5583.8,175.0,1303.3,26.8,1
3678,suv,4.8,road_loopA_f0,road_loopA_f1,5453.6,5583.9,130.3,1304.1,36.0,0
3699,suv,4.8,road_loopA_f0,road_loopA_f1,5474.0,5584.3,110.3,1303.5,42.6,0
3680,car,4.5,road_loopA_f0,road_loopA_f1,5456.3,5585.7,129.4,1304.1,36.3,0
3629,truck,8.5,road_loopA_f0,road_loopA_f1,5413.5,5586.3,172.8,1304.0,27.2,1
3689,car,4.5,road_loopA_f0,road_loopA_f1,5467.1,5586.6,119.5,1302.8,39.2,0
3686,car,4.5,road_loopA_f0,road_loopA_f1,5463.0,5587.8,124.8,1302.9,37.6,0
3651,suv,4.8,road_loopA_f0,road_loopA_f1,5428.8,5588.3,159.5,1303.2,29.4,1
3691,car,4.5,road_loopA_f0,road_loopA_f1,5468.6,5588.9,120.3,1303.4,39.0,0
3640,bus,11.0,road_loopA_r0,road_loopA_r1,5420.8,5589.4,168.6,1298.0,27.7,2
3692,car,4.5,road_loopA_f0,road_loopA_f1,5469.2,5589.6,120.4,1304.0,39.0,0
3657,truck,8.5,road_loopA_f0,road_loopA_f1,5434.5,5590.6,156.1,1304.1,30.1,0
3707,car,4.5,road_loopA_f0,road_loopA_f1,5483.1,5590.7,107.6,1303.5,43.6,0
3714,car,4.5,road_loopA_f0,road_loopA_f1,5498.9,5591.4,92.5,1302.8,50.7,0
3708,car,4.5,road_loopA_f0,road_loopA_f1,5483.8,5592.5,108.7,1303.0,43.1,0
3661,truck,8.5,road_loopA_f0,road_loopA_f1,5436.0,5593.6,157.6,1302.8,29.8,0
5,tram,34.0,loopA,loopA,1098.7,5593.7,4495.0,33703.4,27.0,41
3711,suv,4.8,road_loopA_f0,road_loopA_f1,5492.4,5594.8,102.4,1303.0,45.8,0
3669,truck,8.5,road_loopA_f0,road_loopA_f1,5442.6,5596.7,154.1,1303.7,30.5,0
3717,car,4.5,road_loopA_f0,road_loopA_f1,5501.4,5596.7,95.3,1303.0,49.2,0
3672,suv,4.8,road_loopA_f0,road_loopA_f1,5447.0,5598.7,151.7,1304.0,30.9,0
3713,car,4.5,road_loopA_r0,xloopA_0Ab,5498.2,5599.0,100.8,869.1,31.0,1
3716,car,4.5,road_loopA_f0,road_loopA_f1,5501.2,5599.6,98.4,1303.2,47.7,0
3701,truck,8.5,road_loopA_f0,road_loopA_f1,5474.7,5600.9,126.2,1303.3,37.2,0
3703,car,4.5,road_loopA_r0,road_loopA_r1,5477.9,5613.8,135.9,1298.5,34.4,1
3695,suv,4.8,road_loopA_r0,road_loopA_r1,5472.4,5619.7,147.3,1297.7,31.7,1
3696,car,4.5,road_loopA_r0,road_loopA_r1,5472.7,5621.8,149.1,1297.7,31.3,1
3705,suv,4.8,road_loopA_r0,road_loopA_r1,5478.9,5622.5,143.6,1298.5,32.6,1
3704,truck,8.5,road_loopA_r0,road_loopA_r1,5478.5,5623.0,144.5,1297.5,32.3,1
3719,car,4.5,road_loopA_r0,road_loopA_r1,5502.6,5624.5,121.9,1298.5,38.3,1
3694,suv,4.8,road_loopA_r0,road_loopA_r1,5472.3,5626.2,153.9,1298.4,30.4,1
3723,suv,4.8,road_loopA_r0,road_loopA_r1,5510.0,5626.3,116.3,1298.4,40.2,1
3744,car,4.5,road_loopA_r0,road_loopA_r1,5532.9,5628.7,95.8,1298.0,48.8,0
3737,car,4.5,xloopA_0Aa,road_loopA_r1,5526.9,5629.0,102.1,507.1,17.9,0
3687,car,4.5,road_loopA_r0,road_loopA_r1,5463.6,5630.9,167.3,1297.8,27.9,1
3706,suv,4.8,road_loopA_r0,road_loopA_r1,5479.1,5631.0,151.9,1297.5,30.8,1
3748,car,4.5,road_loopA_r0,road_loopA_r1,5538.0,5631.5,93.5,1298.6,50.0,0
3710,car,4.5,road_loopA_r0,road_loopA_r1,5490.2,5632.6,142.4,1298.0,32.8,1
3712,car,4.5,road_loopA_r0,road_loopA_r1,5492.4,5632.7,140.3,1297.9,33.3,1
3750,suv,4.8,road_loopA_r0,road_loopA_r1,5539.3,5633.1,93.8,1297.8,49.8,0
3720,car,4.5,road_loopA_r0,road_loopA_r1,5505.4,5634.4,129.0,1297.8,36.2,1
3721,truck,8.5,road_loopA_r0,road_loopA_r1,5506.4,5634.8,128.4,1298.0,36.4,1
3754,car,4.5,road_loopA_r0,road_loopA_r1,5541.8,5635.0,93.2,1298.3,50.2,0
3722,car,4.5,road_loopA_r0,road_loopA_r1,5507.9,5636.1,128.2,1298.0,36.4,1
3745,car,4.5,road_loopA_r0,road_loopA_r1,5534.4,5637.0,102.6,1298.0,45.5,0
3756,car,4.5,road_loopA_r0,road_loopA_r1,5543.0,5637.7,94.7,1298.0,49.4,0
3733,truck,8.5,road_loopA_r0,road_loopA_r1,5521.8,5638.3,116.5,1298.1,40.1,0
3766,suv,4.8,road_loopA_r0,road_loopA_r1,5549.0,5639.6,90.6,1298.7,51.6,0
3749,truck,8.5,road_loopA_r0,road_loopA_r1,5538.6,5640.7,102.1,1297.9,45.8,0
3757,truck,8.5,road_loopA_r0,road_loopA_r1,5544.1,5643.9,99.8,1298.2,46.8,0
3761,car,4.5,road_loopA_r0,road_loopA_r1,5546.4,5645.5,99.1,1297.5,47.1,0
3769,suv,4.8,road_loopA_r0,road_loopA_r1,5551.4,5646.6,95.2,1297.9,49.1,0
3725,car,4.5,road_loopA_f0,road_loopA_f1,5513.6,5648.0,134.4,1303.5,34.9,1
3780,suv,4.8,road_loopA_r0,road_loopA_r1,5557.0,5648.4,91.4,1297.7,51.1,0
3758,suv,4.8,road_loopA_r0,road_loopA_r1,5544.2,5648.5,104.3,1297.4,44.8,0
3786,car,4.5,road_loopA_r0,road_loopA_r1,5559.6,5648.7,89.1,1298.1,52.4,0
3724,car,4.5,road_loopA_f0,road_loopA_f1,5510.2,5649.7,139.5,1304.0,33.6,1
3727,car,4.5,road_loopA_f0,road_loopA_f1,5516.6,5649.8,133.2,1304.2,35.2,1
3739,car,4.5,road_loopA_f0,road_loopA_f1,5527.5,5651.5,124.0,1304.0,37.9,1
3718,truck,8.5,road_loopA_f0,road_loopA_f1,5502.2,5651.9,149.7,1304.0,31.4,1
3768,truck,8.5,road_loopA_r0,road_loopA_r1,5551.1,5653.8,102.7,1297.7,45.5,0
3730,car,4.5,road_loopA_f0,road_loopA_f1,5517.6,5653.9,136.3,1303.7,34.4,1
3747,truck,8.5,road_loopA_f0,road_loopA_f1,5535.3,5654.2,118.9,1303.1,39.5,1
3773,car,4.5,road_loopA_r0,road_loopA_r1,5553.0,5655.1,102.1,1297.6,45.7,0
3742,car,4.5,road_loopA_f0,road_loopA_f1,5532.1,5655.6,123.5,1303.7,38.0,1
3755,suv,4.8,road_loopA_f0,road_loopA_f1,5542.5,5655.6,113.1,1302.9,41.5,1
3791,truck,8.5,road_loopA_r0,road_loopA_r1,5560.6,5656.2,95.6,1297.8,48.9,0
3760,suv,4.8,road_loopA_f0,road_loopA_f1,5545.5,5657.6,112.1,1302.9,41.9,1
3779,car,4.5,road_loopA_r0,road_loopA_r1,5555.3,5657.6,102.3,1297.9,45.7,0
3763,car,4.5,road_loopA_f0,road_loopA_f1,5547.7,5657.9,110.2,1303.5,42.6,1
3772,suv,4.8,road_loopA_r0,road_loopA_r1,5552.7,5658.1,105.4,1298.3,44.3,0
3785,car,4.5,road_loopA_r0,road_loopA_r1,5558.8,5659.3,100.5,1297.6,46.5,0
3767,suv,4.8,road_loopA_f0,road_loopA_f1,5550.6,5659.8,109.2,1304.1,43.0,0
3778,car,4.5,road_loopA_r0,road_loopA_r1,5555.3,5659.8,104.5,1297.8,44.7,0
3788,car,4.5,road_loopA_r0,road_loopA_r1,5560.0,5661.1,101.1,1297.4,46.2,0
3781,suv,4.8,road_loopA_r0,road_loopA_r1,5557.6,5661.6,104.0,1298.2,44.9,0
3762,suv,4.8,road_loopA_f0,road_loopA_f1,5546.5,5662.3,115.8,1302.9,40.5,0
3801,suv,4.8,road_loopA_r0,road_loopA_r1,5567.6,5662.3,94.7,1297.3,49.3,0
3793,car,4.5,road_loopA_r0,road_loopA_r1,5560.8,5662.9,102.1,1297.6,45.8,0
3796,car,4.5,road_loopA_r0,road_loopA_r1,5561.4,5663.3,101.9,1297.5,45.8,0
3670,car,4.5,road_loopA_r0,xloopA_0Bb,5444.1,5664.0,219.9,895.5,14.7,2
3795,suv,4.8,road_loopA_r0,road_loopA_r1,5561.4,5664.8,103.4,1298.0,45.2,0
3782,car,4.5,road_loopA_f0,road_loopA_f1,5558.0,5665.1,107.1,1304.2,43.8,0
3797,car,4.5,road_loopA_r0,road_loopA_r1,5562.6,5665.1,102.5,1297.9,45.6,0
3731,truck,8.5,road_loopA_f0,xloopA_0Ab,5518.8,5665.9,147.1,505.5,12.4,1
3702,car,4.5,road_loopA_r0,xloopA_0Bb,5475.9,5666.6,190.7,895.5,16.9,1
3728,car,4.5,road_loopA_f0,road_loopA_f1,5516.9,5666.7,149.8,1303.5,31.3,1
3800,truck,8.5,road_loopA_r0,road_loopA_r1,5566.2,5667.2,101.0,1297.4,46.2,0
3771,suv,4.8,road_loopA_f0,road_loopA_f1,5552.0,5667.8,115.8,1303.1,40.5,0
3775,car,4.5,road_loopA_f0,road_loopA_f1,5553.2,5668.2,115.0,1303.1,40.8,0
3804,car,4.5,road_loopA_r0,road_loopA_r1,5572.3,5668.5,96.2,1297.7,48.6,0
3732,car,4.5,road_loopA_f0,xloopA_0Ab,5519.5,5668.8,149.3,505.0,12.2,1
3709,car,4.5,road_loopA_r0,xloopA_0Bb,5485.3,5669.3,184.0,895.7,17.5,1
3807,car,4.5,road_loopA_r0,road_loopA_r1,5576.5,5669.3,92.8,1298.0,50.4,0
3808,suv,4.8,road_loopA_r0,road_loopA_r1,5576.9,5669.7,92.8,1298.2,50.3,0
3776,car,4.5,road_loopA_f0,road_loopA_f1,5553.6,5669.9,116.3,1303.6,40.3,0
3789,car,4.5,road_loopA_f0,road_loopA_f1,5560.4,5669.9,109.5,1303.7,42.8,0
3753,car,4.5,xloopA_0Ba,road_loopA_f1,5540.9,5671.3,130.4,902.5,24.9,0
3811,car,4.5,road_loopA_r0,road_loopA_r1,5580.9,5671.3,90.4,1297.3,51.6,0
3741,car,4.5,road_loopA_f0,xloopA_0Ab,5529.4,5671.5,142.1,505.3,12.8,1
3736,car,4.5,road_loopA_r0,xloopA_0Bb,5525.4,5671.9,146.5,895.4,22.0,1
3802,car,4.5,road_loopA_f0,road_loopA_f1,5571.0,5672.4,101.4,1303.0,46.2,0
3726,car,4.5,road_loopA_f0,road_loopA_f1,5515.3,5673.0,157.7,1303.3,29.8,1
3784,car,4.5,road_loopA_f0,road_loopA_f1,5558.9,5673.0,114.1,1303.3,41.1,0
3805,car,4.5,road_loopA_r0,road_loopA_r1,5573.1,5673.6,100.5,1298.7,46.5,0
3743,car,4.5,road_loopA_f0,xloopA_0Ab,5532.9,5674.1,141.2,504.9,12.9,1
3818,car,4.5,road_loopA_r0,xloopA_0Bb,5588.6,5674.6,86.0,895.5,37.5,0
3740,car,4.5,road_loopA_f0,road_loopA_f1,5527.5,5674.7,147.2,1302.8,31.9,1
3783,suv,4.8,road_loopA_f0,road_loopA_f1,5558.4,5674.7,116.3,1302.8,40.3,0
3746,suv,4.8,road_loopA_f0,road_loopA_f1,5534.8,5676.4,141.6,1303.4,33.1,1
3794,car,4.5,road_loopA_f0,road_loopA_f1,5561.3,5676.6,115.3,1302.8,40.7,0
3798,bus,11.0,road_loopA_r0,road_loopA_r1,5562.8,5676.7,113.9,1298.1,41.0,0
3816,suv,4.8,road_loopA_r0,road_loopA_r1,5587.6,5676.7,89.1,1298.7,52.5,0
3817,car,4.5,road_loopA_f0,road_loopA_f1,5587.7,5678.2,90.5,1304.0,51.9,0
3751,car,4.5,road_loopA_f0,road_loopA_f1,5540.2,5678.3,138.1,1303.1,34.0,1
3803,suv,4.8,road_loopA_f0,road_loopA_f1,5571.2,5678.5,107.3,1303.2,43.7,0
3809,car,4.5,xloopA_0Ba,xloopA_0Bb,5577.3,5678.8,101.5,84.4,3.0,1
3799,car,4.5,road_loopA_f0,road_loopA_f1,5565.2,5680.3,115.1,1303.6,40.8,0
3814,car,4.5,xloopA_0Aa,xloopA_0Ab,5585.6,5680.4,94.8,84.7,3.2,1
3759,truck,8.5,road_loopA_f0,road_loopA_f1,5544.5,5680.5,136.0,1303.6,34.5,0
3841,car,4.5,xloopA_0Ba,xloopA_0Bb,5618.6,5682.4,63.8,84.7,4.8,1
3764,suv,4.8,road_loopA_f0,road_loopA_f1,5547.7,5682.6,134.9,1303.3,34.8,0
3774,car,4.5,road_loopA_f0,road_loopA_f1,5553.1,5682.7,129.6,1303.4,36.2,0
3835,car,4.5,xloopA_0Aa,xloopA_0Ab,5609.2,5684.0,74.8,84.0,4.0,1
3770,suv,4.8,road_loopA_f0,road_loopA_f1,5551.8,5684.4,132.6,1304.1,35.4,0
3849,car,4.5,xloopA_0Ba,xloopA_0Bb,5626.0,5685.5,59.5,84.7,5.1,0
3792,suv,4.8,road_loopA_f0,road_loopA_f1,5560.9,5685.6,124.7,1303.4,37.6,0
3787,car,4.5,road_loopA_f0,road_loopA_f1,5560.0,5686.1,126.1,1303.7,37.2,0
3821,suv,4.8,road_loopA_f0,road_loopA_f1,5592.9,5686.9,94.0,1304.0,49.9,0
3882,car,4.5,xloopA_0Aa,xloopA_0Ab,5658.2,5686.9,28.7,84.6,10.6,0
3812,truck,8.5,road_loopA_f0,road_loopA_f1,5580.9,5687.7,106.8,1303.3,43.9,0
3892,car,4.5,xloopA_0Aa,xloopA_0Ab,5669.1,5688.9,19.8,84.5,15.3,0
3806,car,4.5,road_loopA_f0,road_loopA_f1,5574.1,5691.6,117.5,1302.9,39.9,0
3829,suv,4.8,road_loopA_f0,road_loopA_f1,5603.0,5692.4,89.4,1303.1,52.5,0
3830,suv,4.8,road_loopA_f0,road_loopA_f1,5603.9,5706.1,102.2,1302.9,45.9,0
3860,truck,8.5,road_loopA_f0,xloopA_0Bb,5634.2,5709.8,75.6,478.5,22.8,2
3824,car,4.5,road_loopA_f0,road_loopA_f1,5597.2,5710.3,113.1,1303.4,41.5,0
3872,car,4.5,road_loopA_f0,xloopA_0Bb,5645.4,5713.5,68.1,478.9,25.3,2
3752,bus,11.0,road_loopA_f0,road_loopA_f1,5540.6,5713.9,173.3,1303.5,27.1,2
3869,suv,4.8,road_loopA_r0,xloopA_0Ab,5639.8,5716.1,76.3,869.2,41.0,0
3893,car,4.5,road_loopA_f0,xloopA_0Bb,5671.2,5719.0,47.8,478.6,36.0,0
3867,car,4.5,road_loopA_r0,xloopA_0Ab,5639.4,5719.4,80.0,869.2,39.1,0
3852,car,4.5,road_loopA_r0,xloopA_0Ab,5627.0,5722.7,95.7,869.0,32.7,1
3823,suv,4.8,road_loopA_r0,road_loopA_r1,5594.1,5724.1,130.0,1297.3,35.9,1
3828,car,4.5,road_loopA_r0,road_loopA_r1,5602.6,5725.7,123.1,1298.3,38.0,1
3832,suv,4.8,road_loopA_r0,road_loopA_r1,5606.7,5727.2,120.5,1298.2,38.8,1
3834,car,4.5,road_loopA_r0,road_loopA_r1,5608.1,5728.8,120.7,1298.3,38.7,1
3825,car,4.5,road_loopA_r0,road_loopA_r1,5599.1,5730.0,130.9,1297.4,35.7,1
3826,car,4.5,road_loopA_r0,road_loopA_r1,5600.2,5732.4,132.2,1297.9,35.3,1
3837,truck,8.5,road_loopA_r0,road_loopA_r1,5615.0,5732.4,117.4,1298.3,39.8,1
3833,suv,4.8,road_loopA_r0,road_loopA_r1,5606.8,5734.3,127.5,1298.0,36.6,1
3846,suv,4.8,road_loopA_r0,road_loopA_r1,5622.5,5736.4,113.9,1297.8,41.0,1
3857,car,4.5,xloopA_0Ba,road_loopA_r1,5630.3,5736.4,106.1,476.7,16.2,0
3839,truck,8.5,road_loopA_r0,road_loopA_r1,5616.3,5737.1,120.8,1297.4,38.7,1
3810,bus,11.0,road_loopA_r0,road_loopA_r1,5578.4,5739.0,160.6,1298.0,29.1,1
3853,car,4.5,road_loopA_r0,road_loopA_r1,5627.1,5739.1,112.0,1298.3,41.7,1
3844,car,4.5,road_loopA_r0,road_loopA_r1,5621.1,5741.1,120.0,1297.3,38.9,1
3831,suv,4.8,road_loopA_r0,road_loopA_r1,5603.8,5741.2,137.4,1298.1,34.0,1
3836,car,4.5,road_loopA_r0,road_loopA_r1,5612.4,5742.6,130.2,1297.8,35.9,1
3858,suv,4.8,road_loopA_r0,road_loopA_r1,5632.5,5742.9,110.4,1298.4,42.3,0
3851,truck,8.5,road_loopA_r0,road_loopA_r1,5626.4,5743.2,116.8,1298.0,40.0,0
3861,truck,8.5,road_loopA_r0,road_loopA_r1,5635.7,5745.7,110.0,1298.0,42.5,0
3864,suv,4.8,road_loopA_r0,road_loopA_r1,5638.7,5746.9,108.2,1297.8,43.2,0
3877,car,4.5,road_loopA_r0,xloopA_0Ab,5652.1,5748.2,96.1,869.2,32.6,1
3865,suv,4.8,road_loopA_r0,road_loopA_r1,5639.0,5748.6,109.6,1298.5,42.6,0
3840,truck,8.5,road_loopA_r0,road_loopA_r1,5617.9,5749.1,131.2,1297.6,35.6,0
3873,car,4.5,road_loopA_r0,road_loopA_r1,5647.7,5749.4,101.7,1298.6,46.0,0
3862,car,4.5,road_loopA_r0,road_loopA_r1,5636.6,5751.1,114.5,1298.4,40.8,0
3847,suv,4.8,road_loopA_f0,road_loopA_f1,5623.6,5751.9,128.3,1302.8,36.6,1
3868,car,4.5,road_loopA_r0,road_loopA_r1,5639.6,5751.9,112.3,1297.6,41.6,0
3875,car,4.5,road_loopA_r0,road_loopA_r1,5648.0,5753.5,105.5,1297.4,44.3,0
3854,suv,4.8,road_loopA_f0,road_loopA_f1,5628.1,5753.8,125.7,1303.7,37.3,1
3881,car,4.5,road_loopA_r0,road_loopA_r1,5658.2,5753.9,95.7,1297.7,48.8,0
3951,car,4.5,road_loopA_f0,xloopA_0Bb,5713.9,5753.9,40.0,478.6,43.1,0
3866,car,4.5,road_loopA_f0,road_loopA_f1,5639.3,5756.5,117.2,1303.2,40.0,1
3874,car,4.5,road_loopA_r0,road_loopA_r1,5647.9,5756.7,108.8,1297.7,43.0,0
3856,bus,11.0,road_loopA_r0,road_loopA_r1,5629.6,5758.8,129.2,1297.6,36.2,2
3859,car,4.5,road_loopA_f0,road_loopA_f1,5633.1,5759.9,126.8,1303.4,37.0,1
3886,car,4.5,road_loopA_r0,road_loopA_r1,5665.1,5760.0,94.9,1298.3,49.3,0
3883,car,4.5,road_loopA_r0,road_loopA_r1,5663.0,5760.6,97.6,1298.6,47.9,0
3879,car,4.5,road_loopA_f0,road_loopA_f1,5655.0,5764.4,109.4,1303.7,42.9,0
3897,car,4.5,road_loopA_r0,road_loopA_r1,5673.6,5764.6,91.0,1297.8,51.3,0
3876,car,4.5,road_loopA_f0,road_loopA_f1,5650.2,5765.9,115.7,1303.2,40.5,0
3884,car,4.5,road_loopA_f0,road_loopA_f1,5664.6,5768.5,103.9,1302.8,45.2,0
3891,suv,4.8,road_loopA_f0,road_loopA_f1,5668.8,5770.3,101.5,1303.0,46.2,0
3898,car,4.5,road_loopA_f0,road_loopA_f1,5674.2,5770.3,96.1,1303.3,48.8,0
3765,bus,11.0,road_loopA_r0,road_loopA_r1,5547.7,5771.8,224.1,1297.8,20.9,3
3901,truck,8.5,road_loopA_r0,road_loopA_r1,5677.1,5772.3,95.2,1298.4,49.1,0
3894,car,4.5,road_loopA_r0,road_loopA_r1,5672.1,5773.6,101.5,1297.8,46.0,0
3904,car,4.5,road_loopA_r0,road_loopA_r1,5680.8,5775.3,94.5,1298.2,49.5,0
3908,suv,4.8,road_loopA_r0,road_loopA_r1,5682.3,5776.6,94.3,1298.3,49.6,0
3889,car,4.5,road_loopA_f0,road_loopA_f1,5668.1,5777.9,109.8,1303.7,42.8,0
3819,car,4.5,road_loopA_r0,xloopA_0Bb,5588.8,5778.6,189.8,895.5,17.0,1
3909,car,4.5,road_loopA_r0,road_loopA_r1,5683.2,5779.0,95.8,1297.6,48.7,0
3888,suv,4.8,road_loopA_f0,road_loopA_f1,5666.5,5779.1,112.6,1304.1,41.7,0
3777,suv,4.8,road_loopA_f0,xloopA_0Ab,5554.9,5779.2,224.3,505.4,8.1,2
3887,truck,8.5,road_loopA_r0,road_loopA_r1,5666.4,5780.0,113.6,1297.6,41.1,0
3900,truck,8.5,road_loopA_f0,road_loopA_f1,5675.9,5780.0,104.1,1303.5,45.1,0
3913,car,4.5,road_loopA_r0,road_loopA_r1,5685.0,5780.4,95.4,1297.3,49.0,0
3820,car,4.5,road_loopA_r0,xloopA_0Bb,5592.2,5781.2,189.0,895.4,17.1,1
3907,suv,4.8,road_loopA_r0,road_loopA_r1,5681.9,5781.2,99.3,1298.5,47.1,0
3790,suv,4.8,road_loopA_f0,xloopA_0Ab,5560.5,5781.9,221.4,505.7,8.2,2
3895,suv,4.8,road_loopA_r0,road_loopA_r1,5673.0,5781.9,108.9,1297.4,42.9,0
3905,car,4.5,road_loopA_f0,road_loopA_f1,5681.7,5783.4,101.7,1303.5,46.1,0
3899,car,4.5,road_loopA_r0,xloopA_0Bb,5675.1,5783.9,108.8,895.7,29.6,1
3915,car,4.5,road_loopA_r0,road_loopA_r1,5688.4,5784.3,95.9,1298.5,48.8,0
3822,suv,4.8,road_loopA_f0,xloopA_0Ab,5593.2,5784.6,191.4,505.6,9.5,2
3906,car,4.5,road_loopA_r0,road_loopA_r1,5681.9,5784.8,102.9,1297.6,45.4,0
3843,car,4.5,road_loopA_f0,road_loopA_f1,5619.4,5785.0,165.6,1302.8,28.3,1
3878,car,4.5,road_loopA_f0,road_loopA_f1,5653.5,5785.1,131.6,1302.9,35.6,1
3920,suv,4.8,road_loopA_r0,road_loopA_r1,5692.3,5786.0,93.7,1298.6,49.9,0
3932,car,4.5,road_loopA_r0,xloopA_0Bb,5700.5,5786.5,86.0,895.4,37.5,1
3923,car,4.5,road_loopA_f0,road_loopA_f1,5693.4,5786.9,93.5,1304.1,50.2,0
3914,car,4.5,road_loopA_r0,road_loopA_r1,5687.9,5787.1,99.2,1297.7,47.1,0
3838,suv,4.8,road_loopA_f0,xloopA_0Ab,5615.5,5787.3,171.8,505.5,10.6,1
3925,car,4.5,road_loopA_r0,road_loopA_r1,5693.5,5787.7,94.2,1298.3,49.6,0
3926,car,4.5,road_loopA_f0,road_loopA_f1,5693.6,5788.5,94.9,1303.6,49.5,0
3916,car,4.5,road_loopA_r0,road_loopA_r1,5688.9,5789.5,100.6,1297.6,46.5,0
3842,car,4.5,road_loopA_f0,xloopA_0Ab,5619.1,5790.0,170.9,505.4,10.6,1
3870,car,4.5,road_loopA_f0,road_loopA_f1,5642.1,5790.9,148.8,1303.9,31.6,1
3848,suv,4.8,road_loopA_f0,road_loopA_f1,5625.6,5792.2,166.6,1304.0,28.2,1
3902,car,4.5,road_loopA_r0,road_loopA_r1,5677.9,5792.7,114.8,1297.5,40.7,0
3961,car,4.5,xloopA_0Aa,xloopA_0Ab,5720.9,5793.7,72.8,84.0,4.2,1
3910,car,4.5,xloopA_0Ba,xloopA_0Bb,5683.5,5793.9,110.4,84.5,2.8,1
3921,truck,8.5,road_loopA_r0,road_loopA_r1,5692.3,5795.2,102.9,1298.0,45.4,0
3933,car,4.5,road_loopA_r0,road_loopA_r1,5700.7,5795.5,94.8,1298.0,49.3,0
3970,car,4.5,xloopA_0Aa,xloopA_0Ab,5728.4,5795.8,67.4,84.3,4.5,1
3919,car,4.5,xloopA_0Ba,xloopA_0Bb,5690.7,5796.1,105.4,84.2,2.9,1
3924,truck,8.5,road_loopA_f0,road_loopA_f1,5693.4,5796.1,102.7,1303.5,45.7,0
3928,car,4.5,road_loopA_r0,road_loopA_r1,5694.8,5797.4,102.6,1297.6,45.6,0
3995,car,4.5,xloopA_0Aa,xloopA_0Ab,5747.3,5798.1,50.8,84.3,6.0,1
3827,car,4.5,xloopA_0Aa,road_loopA_f1,5602.1,5798.3,196.2,872.6,16.0,1
3942,suv,4.8,road_loopA_f0,road_loopA_f1,5708.8,5798.3,89.5,1303.0,52.4,0
3952,car,4.5,xloopA_0Ba,xloopA_0Bb,5714.5,5798.3,83.8,84.3,3.6,1
3930,suv,4.8,road_loopA_r0,road_loopA_r1,5695.4,5798.8,103.4,1297.9,45.2,0
3855,car,4.5,road_loopA_f0,road_loopA_f1,5629.3,5800.1,170.8,1304.0,27.5,1
4010,car,4.5,xloopA_0Aa,xloopA_0Ab,5761.1,5800.3,39.2,84.8,7.8,0
3958,car,4.5,xloopA_0Ba,xloopA_0Bb,5718.5,5800.4,81.9,84.4,3.7,0
3934,suv,4.8,road_loopA_r0,road_loopA_r1,5701.0,5800.5,99.5,1298.0,47.0,0
3936,car,4.5,road_loopA_f0,road_loopA_f1,5701.5,5801.0,99.5,1303.2,47.2,0
3863,suv,4.8,road_loopA_f0,road_loopA_f1,5638.3,5801.7,163.4,1303.7,28.7,1
3815,car,4.5,xloopA_0Ba,road_loopA_f1,5585.6,5802.0,216.4,902.6,15.0,1
3997,car,4.5,xloopA_0Ba,xloopA_0Bb,5750.2,5802.7,52.5,84.4,5.8,0
4028,car,4.5,xloopA_0Aa,xloopA_0Ab,5784.4,5802.8,18.4,84.4,16.5,0
3880,car,4.5,road_loopA_f0,road_loopA_f1,5656.1,5803.3,147.2,1303.1,31.9,3
3927,car,4.5,road_loopA_f0,road_loopA_f1,5693.8,5804.2,110.4,1303.1,42.5,0
4031,car,4.5,xloopA_0Ba,xloopA_0Bb,5787.8,5804.5,16.7,84.5,18.3,0
3890,car,4.5,road_loopA_f0,road_loopA_f1,5668.5,5805.0,136.5,1303.8,34.4,0
3917,car,4.5,road_loopA_f0,road_loopA_f1,5690.6,5805.1,114.5,1302.8,41.0,0
3896,car,4.5,road_loopA_f0,road_loopA_f1,5673.1,5807.0,133.9,1303.8,35.1,0
3911,suv,4.8,road_loopA_f0,road_loopA_f1,5684.3,5808.5,124.2,1303.2,37.8,0
3912,car,4.5,road_loopA_f0,road_loopA_f1,5684.5,5808.7,124.2,1303.5,37.8,0
3943,truck,8.5,road_loopA_f0,road_loopA_f1,5709.0,5813.9,104.9,1303.3,44.7,0
3938,car,4.5,road_loopA_f0,road_loopA_f1,5705.9,5814.3,108.4,1303.5,43.3,0
3959,car,4.5,road_loopA_f0,road_loopA_f1,5718.5,5818.7,100.2,1303.2,46.8,0
3964,car,4.5,road_loopA_f0,road_loopA_f1,5723.8,5820.4,96.6,1303.3,48.6,0
3969,suv,4.8,road_loopA_f0,road_loopA_f1,5727.6,5820.8,93.2,1303.6,50.3,0
3974,suv,4.8,road_loopA_f0,road_loopA_f1,5730.1,5822.4,92.3,1303.3,50.8,0
3918,car,4.5,road_loopA_r0,xloopA_0Ab,5690.6,5822.7,132.1,869.0,23.7,2
3978,car,4.5,road_loopA_f0,road_loopA_f1,5732.4,5824.2,91.8,1303.7,51.1,0
3956,truck,8.5,road_loopA_f0,road_loopA_f1,5717.1,5824.6,107.5,1303.4,43.7,0
3980,car,4.5,road_loopA_f0,road_loopA_f1,5734.1,5826.0,91.9,1302.8,51.0,0
3960,car,4.5,road_loopA_f0,road_loopA_f1,5718.8,5826.5,107.7,1303.4,43.6,0
3977,suv,4.8,road_loopA_f0,road_loopA_f1,5732.4,5828.0,95.6,1303.5,49.1,0
3967,suv,4.8,road_loopA_f0,road_loopA_f1,5726.2,5828.2,102.0,1303.4,46.0,0
3972,truck,8.5,road_loopA_f0,road_loopA_f1,5729.3,5830.4,101.1,1303.3,46.4,0
3931,car,4.5,road_loopA_r0,xloopA_0Ab,5696.9,5831.4,134.5,869.2,23.3,2
4030,truck,8.5,road_loopA_f0,xloopA_0Bb,5787.4,5832.9,45.5,479.0,37.9,0
3903,car,4.5,road_loopA_r0,xloopA_0Ab,5679.2,5835.1,155.9,869.2,20.1,2
3981,car,4.5,road_loopA_r0,xloopA_0Ab,5734.1,5838.9,104.8,869.1,29.9,1
3979,car,4.5,road_loopA_r0,xloopA_0Ab,5733.1,5842.4,109.3,869.1,28.6,1
4016,suv,4.8,road_loopA_r0,xloopA_0Ab,5769.5,5846.4,76.9,869.3,40.7,0
3941,car,4.5,road_loopA_r0,road_loopA_r1,5707.2,5848.7,141.5,1297.9,33.0,1
3948,car,4.5,road_loopA_r0,road_loopA_r1,5712.9,5850.2,137.3,1298.6,34.1,1
3944,car,4.5,road_loopA_r0,road_loopA_r1,5710.0,5850.5,140.5,1298.4,33.3,1
3946,suv,4.8,road_loopA_r0,road_loopA_r1,5710.7,5852.3,141.6,1298.3,33.0,1
3935,car,4.5,road_loopA_r0,road_loopA_r1,5701.4,5852.8,151.4,1298.2,30.9,1
3949,car,4.5,road_loopA_r0,road_loopA_r1,5713.7,5853.2,139.5,1297.5,33.5,1
3947,suv,4.8,road_loopA_r0,road_loopA_r1,5711.4,5854.4,143.0,1297.5,32.7,1
3953,suv,4.8,road_loopA_r0,road_loopA_r1,5714.7,5855.1,140.4,1297.6,33.3,1
3945,suv,4.8,road_loopA_r0,road_loopA_r1,5710.2,5858.6,148.4,1297.6,31.5,1
4025,car,4.5,road_loopA_r0,xloopA_0Ab,5781.3,5858.7,77.4,869.2,40.4,0
3937,bus,11.0,road_loopA_f0,road_loopA_f1,5705.4,5860.2,154.8,1303.2,30.3,2
3962,car,4.5,road_loopA_r0,road_loopA_r1,5721.4,5860.3,138.9,1297.6,33.6,1
3940,car,4.5,road_loopA_r0,road_loopA_r1,5706.9,5861.8,154.9,1298.2,30.2,1
3963,car,4.5,road_loopA_r0,road_loopA_r1,5721.9,5862.0,140.1,1297.4,33.3,1
3954,truck,8.5,road_loopA_r0,road_loopA_r1,5715.4,5862.6,147.2,1297.9,31.7,1
3955,truck,8.5,road_loopA_r0,road_loopA_r1,5715.7,5863.9,148.2,1298.0,31.5,1
4012,truck,8.5,road_loopA_r0,xloopA_0Ab,5764.2,5864.0,99.8,869.2,31.4,1
3968,car,4.5,road_loopA_r0,road_loopA_r1,5727.2,5865.0,137.8,1298.5,33.9,1
3966,truck,8.5,road_loopA_r0,road_loopA_r1,5725.2,5866.3,141.1,1298.2,33.1,1
4066,car,4.5,road_loopA_f0,xloopA_0Bb,5827.0,5866.9,39.9,478.6,43.1,0
3957,car,4.5,road_loopA_r0,road_loopA_r1,5718.0,5868.6,150.6,1297.3,31.0,1
3950,suv,4.8,road_loopA_r0,road_loopA_r1,5713.8,5869.6,155.8,1298.4,30.0,1
3971,suv,4.8,road_loopA_r0,road_loopA_r1,5729.1,5870.3,141.2,1298.0,33.1,1
3983,car,4.5,road_loopA_r0,road_loopA_r1,5736.1,5872.0,135.9,1298.1,34.4,1
3975,suv,4.8,road_loopA_r0,road_loopA_r1,5731.0,5872.4,141.4,1297.8,33.0,1
3965,car,4.5,road_loopA_r0,road_loopA_r1,5725.0,5873.7,148.7,1297.4,31.4,1
3988,car,4.5,road_loopA_r0,road_loopA_r1,5739.9,5874.3,134.4,1298.0,34.8,1
3976,car,4.5,road_loopA_r0,road_loopA_r1,5731.1,5875.0,143.9,1297.8,32.5,1
3973,truck,8.5,road_loopA_r0,road_loopA_r1,5730.0,5875.8,145.8,1297.6,32.0,1
3984,car,4.5,road_loopA_f0,road_loopA_f1,5736.6,5876.0,139.4,1303.7,33.7,1
4003,car,4.5,road_loopA_r0,road_loopA_r1,5754.8,5876.7,121.9,1297.6,38.3,1
3987,car,4.5,road_loopA_f0,road_loopA_f1,5739.3,5877.5,138.2,1303.3,33.9,1
4008,car,4.5,road_loopA_r0,road_loopA_r1,5760.5,5878.2,117.7,1298.1,39.7,1
3982,truck,8.5,road_loopA_r0,road_loopA_r1,5734.4,5878.6,144.2,1298.2,32.4,1
3989,car,4.5,road_loopA_f0,road_loopA_f1,5739.9,5878.8,138.9,1304.1,33.8,1
3985,suv,4.8,road_loopA_f0,road_loopA_f1,5737.3,5879.1,141.8,1304.1,33.1,1
4001,car,4.5,road_loopA_r0,road_loopA_r1,5752.8,5879.7,126.9,1297.8,36.8,1
3991,suv,4.8,road_loopA_r0,road_loopA_r1,5741.6,5880.7,139.1,1297.5,33.6,1
3998,suv,4.8,road_loopA_f0,road_loopA_f1,5750.3,5880.9,130.6,1302.8,35.9,1
4009,car,4.5,road_loopA_r0,road_loopA_r1,5760.7,5882.2,121.5,1297.9,38.4,0
3990,truck,8.5,road_loopA_f0,road_loopA_f1,5740.1,5882.3,142.2,1303.7,33.0,1
4000,car,4.5,road_loopA_f0,road_loopA_f1,5750.9,5882.8,131.9,1303.6,35.6,1
3996,suv,4.8,road_loopA_r0,road_loopA_r1,5747.7,5883.0,135.3,1297.9,34.5,1
3992,car,4.5,road_loopA_f0,road_loopA_f1,5742.6,5883.6,141.0,1304.0,33.3,1
3999,suv,4.8,road_loopA_f0,road_loopA_f1,5750.8,5884.6,133.8,1303.4,35.1,1
4013,suv,4.8,road_loopA_r0,road_loopA_r1,5764.4,5884.7,120.3,1297.5,38.8,0
3994,suv,4.8,road_loopA_f0,road_loopA_f1,5746.3,5885.2,138.9,1303.0,33.8,1
4005,suv,4.8,road_loopA_r0,road_loopA_r1,5757.2,5885.5,128.3,1297.6,36.4,0
4004,car,4.5,road_loopA_f0,road_loopA_f1,5756.5,5885.8,129.3,1303.2,36.3,1
4017,car,4.5,road_loopA_r0,road_loopA_r1,5770.4,5886.5,116.1,1298.0,40.2,0
4002,car,4.5,road_loopA_f0,road_loopA_f1,5754.1,5887.2,133.1,1303.6,35.3,1
4018,car,4.5,road_loopA_r0,road_loopA_r1,5771.7,5887.2,115.5,1298.0,40.5,0
4022,car,4.5,road_loopA_r0,road_loopA_r1,5776.2,5888.9,112.7,1297.9,41.5,0
4011,car,4.5,road_loopA_f0,road_loopA_f1,5763.5,5889.0,125.5,1303.5,37.4,1
4029,car,4.5,road_loopA_r0,road_loopA_r1,5785.4,5889.7,104.3,1297.9,44.8,0
4006,suv,4.8,road_loopA_f0,road_loopA_f1,5758.9,5889.8,130.9,1304.0,35.9,1
4007,car,4.5,road_loopA_f0,road_loopA_f1,5759.0,5889.9,130.9,1303.4,35.8,1
4026,truck,8.5,road_loopA_r0,road_loopA_r1,5782.1,5890.4,108.3,1297.5,43.1,0
4015,car,4.5,road_loopA_f0,road_loopA_f1,5769.5,5890.8,121.3,1303.4,38.7,1
4037,suv,4.8,road_loopA_r0,road_loopA_r1,5797.0,5890.8,93.8,1298.2,49.8,0
4014,car,4.5,road_loopA_f0,road_loopA_f1,5766.2,5891.6,125.4,1303.6,37.4,1
4019,suv,4.8,road_loopA_f0,road_loopA_f1,5773.7,5893.3,119.6,1303.3,39.2,1
4040,suv,4.8,road_loopA_r0,road_loopA_r1,5804.3,5893.4,89.1,1298.2,52.5,0
4093,suv,4.8,road_loopA_f0,xloopA_0Bb,5852.5,5894.0,41.5,478.8,41.5,0
4021,car,4.5,road_loopA_r0,road_loopA_r1,5776.0,5894.6,118.6,1298.1,39.4,0
4024,car,4.5,road_loopA_f0,road_loopA_f1,5780.4,5895.2,114.8,1303.7,40.9,1
4043,car,4.5,road_loopA_r0,road_loopA_r1,5806.5,5895.4,88.9,1297.3,52.5,0
7,tram,34.0,loopA,loopA,1578.7,5895.6,4316.9,33702.5,28.1,41
4023,truck,8.5,road_loopA_f0,road_loopA_f1,5778.9,5895.8,116.9,1303.9,40.2,1
4045,suv,4.8,road_loopA_r0,road_loopA_r1,5807.4,5897.3,89.9,1298.4,52.0,0
4027,car,4.5,road_loopA_f0,road_loopA_f1,5783.3,5897.7,114.4,1303.2,41.0,0
4020,truck,8.5,road_loopA_f0,road_loopA_f1,5773.9,5902.2,128.3,1303.7,36.6,1
4032,car,4.5,road_loopA_f0,road_loopA_f1,5789.7,5902.2,112.5,1303.9,41.7,0
4050,suv,4.8,road_loopA_r0,road_loopA_r1,5811.3,5902.9,91.6,1297.6,51.0,0
3993,car,4.5,road_loopA_r0,xloopA_0Bb,5743.3,5903.1,159.8,895.3,20.2,1
3845,suv,4.8,road_loopA_f0,xloopA_0Ab,5622.4,5903.7,281.3,505.4,6.5,2
4033,car,4.5,road_loopA_f0,road_loopA_f1,5795.3,5904.6,109.3,1302.8,42.9,0
4056,car,4.5,road_loopA_r0,road_loopA_r1,5816.2,5905.1,88.9,1297.3,52.5,0
4064,car,4.5,road_loopA_r0,xloopA_0Bb,5824.9,5905.7,80.8,895.3,39.9,0
4036,car,4.5,road_loopA_f0,road_loopA_f1,5795.7,5906.0,110.3,1303.6,42.6,0
3850,car,4.5,road_loopA_f0,xloopA_0Ab,5626.3,5906.3,280.0,505.1,6.5,2
4058,car,4.5,road_loopA_r0,road_loopA_r1,5817.9,5906.9,89.0,1297.3,52.5,0
4038,car,4.5,road_loopA_f0,road_loopA_f1,5802.6,5907.5,104.9,1303.0,44.7,0
4034,truck,8.5,road_loopA_f0,road_loopA_f1,5795.4,5908.0,112.6,1303.0,41.7,0
4068,car,4.5,road_loopA_r0,xloopA_0Bb,5828.5,5908.4,79.9,895.5,40.3,0
3871,suv,4.8,road_loopA_f0,xloopA_0Ab,5643.6,5909.0,265.4,505.4,6.9,2
4061,car,4.5,road_loopA_r0,road_loopA_r1,5820.2,5909.2,89.0,1297.3,52.5,0
4039,car,4.5,road_loopA_f0,road_loopA_f1,5803.9,5909.4,105.5,1302.9,44.5,0
4035,suv,4.8,road_loopA_f0,road_loopA_f1,5795.6,5911.3,115.7,1303.9,40.6,0
4042,truck,8.5,road_loopA_f0,road_loopA_f1,5806.3,5911.5,105.2,1302.8,44.6,0
4048,suv,4.8,road_loopA_f0,road_loopA_f1,5809.4,5911.6,102.2,1303.2,45.9,0
3885,car,4.5,road_loopA_f0,xloopA_0Ab,5665.0,5911.7,246.7,505.3,7.4,2
4060,suv,4.8,road_loopA_f0,road_loopA_f1,5819.1,5913.5,94.4,1303.2,49.7,0
4049,suv,4.8,road_loopA_f0,road_loopA_f1,5810.5,5913.6,103.1,1304.0,45.5,0
3922,truck,8.5,road_loopA_f0,xloopA_0Ab,5692.4,5915.2,222.8,505.5,8.2,2
4055,suv,4.8,road_loopA_f0,road_loopA_f1,5815.6,5915.3,99.7,1303.0,47.0,0
4041,truck,8.5,road_loopA_f0,road_loopA_f1,5804.9,5917.8,112.9,1303.5,41.5,0
4054,car,4.5,road_loopA_f0,road_loopA_f1,5814.9,5917.8,102.9,1303.4,45.6,0
4044,car,4.5,xloopA_0Aa,xloopA_0Ab,5807.0,5919.0,112.0,84.7,2.7,1
4052,car,4.5,road_loopA_f0,road_loopA_f1,5813.0,5919.7,106.7,1303.7,44.0,0
4073,car,4.5,xloopA_0Ba,xloopA_0Bb,5835.9,5920.1,84.2,84.1,3.6,1
4070,suv,4.8,road_loopA_f0,road_loopA_f1,5830.6,5920.2,89.6,1303.3,52.4,0
4071,car,4.5,road_loopA_r0,road_loopA_r1,5831.7,5920.6,88.9,1297.3,52.5,0
4046,car,4.5,xloopA_0Aa,xloopA_0Ab,5808.0,5921.5,113.5,84.5,2.7,1
4053,car,4.5,road_loopA_f0,road_loopA_f1,5813.9,5921.6,107.7,1302.8,43.5,0
4057,car,4.5,road_loopA_f0,road_loopA_f1,5817.6,5922.2,104.6,1303.3,44.9,0
4094,car,4.5,xloopA_0Ba,xloopA_0Bb,5853.4,5922.7,69.3,84.7,4.4,1
4047,car,4.5,xloopA_0Aa,xloopA_0Ab,5808.7,5923.6,114.9,84.3,2.6,1
4065,suv,4.8,road_loopA_f0,road_loopA_f1,5825.9,5924.6,98.7,1302.9,47.5,0
4145,car,4.5,xloopA_0Ba,xloopA_0Bb,5893.9,5924.8,30.9,84.0,9.8,0
4075,car,4.5,road_loopA_f0,road_loopA_f1,5836.5,5925.8,89.3,1303.1,52.5,0
4159,car,4.5,xloopA_0Ba,xloopA_0Bb,5905.6,5926.9,21.3,84.1,14.2,0
4076,car,4.5,road_loopA_f0,road_loopA_f1,5837.6,5927.1,89.5,1304.1,52.4,0
4067,car,4.5,xloopA_0Aa,xloopA_0Ab,5827.3,5927.3,100.0,84.7,3.1,0
4051,suv,4.8,road_loopA_f0,road_loopA_f1,5812.9,5927.7,114.8,1303.3,40.9,0
4086,car,4.5,xloopA_0Aa,xloopA_0Ab,5843.5,5929.4,85.9,84.8,3.6,0
4078,car,4.5,road_loopA_f0,road_loopA_f1,5838.9,5932.4,93.5,1304.0,50.2,0
4112,car,4.5,xloopA_0Aa,xloopA_0Ab,5869.7,5934.0,64.3,84.6,4.7,0
4132,car,4.5,xloopA_0Aa,xloopA_0Ab,5883.1,5936.1,53.0,84.6,5.7,0
4077,car,4.5,road_loopA_f0,road_loopA_f1,5838.8,5941.8,103.0,1303.8,45.6,0
4082,car,4.5,road_loopA_f0,road_loopA_f1,5842.3,5945.5,103.2,1303.5,45.5,0
4092,car,4.5,road_loopA_f0,road_loopA_f1,5851.4,5945.7,94.3,1303.5,49.7,0
4085,car,4.5,road_loopA_f0,road_loopA_f1,5843.3,5946.3,103.0,1302.9,45.5,0
4089,car,4.5,road_loopA_f0,road_loopA_f1,5847.4,5947.2,99.8,1302.9,47.0,0
4098,car,4.5,road_loopA_f0,road_loopA_f1,5856.2,5947.5,91.3,1304.1,51.4,0
4084,bus,11.0,road_loopA_f0,road_loopA_f1,5842.9,5948.5,105.6,1303.7,44.4,0
4100,car,4.5,road_loopA_f0,road_loopA_f1,5858.5,5949.0,90.5,1303.8,51.9,0
4063,truck,8.5,road_loopA_r0,xloopA_0Ab,5824.5,5949.4,124.9,869.2,25.0,2
4141,car,4.5,road_loopA_f0,xloopA_0Bb,5889.0,5956.3,67.3,478.7,25.6,1
4103,car,4.5,road_loopA_r0,xloopA_0Ab,5860.9,5956.5,95.6,869.1,32.7,1
4090,car,4.5,road_loopA_f0,road_loopA_f1,5848.5,5959.7,111.2,1302.9,42.2,0
4171,suv,4.8,road_loopA_f0,xloopA_0Bb,5915.8,5963.5,47.7,479.1,36.1,0
4072,car,4.5,xloopA_0Ba,road_loopA_r1,5831.7,5965.8,134.1,476.5,12.8,1
4079,car,4.5,road_loopA_r0,road_loopA_r1,5840.5,5973.5,133.0,1297.6,35.1,1
4069,suv,4.8,road_loopA_r0,road_loopA_r1,5828.6,5982.1,153.5,1297.6,30.4,1
4091,car,4.5,road_loopA_r0,road_loopA_r1,5850.1,5982.8,132.7,1298.2,35.2,1
4074,truck,8.5,road_loopA_r0,road_loopA_r1,5835.9,5983.4,147.5,1297.8,31.7,1
4099,suv,4.8,road_loopA_r0,road_loopA_r1,5856.5,5985.0,128.5,1298.0,36.4,1
4059,truck,8.5,road_loopA_r0,road_loopA_r1,5819.1,5985.4,166.3,1297.3,28.1,1
4104,suv,4.8,road_loopA_r0,road_loopA_r1,5861.5,5986.2,124.7,1297.5,37.4,1
4108,car,4.5,road_loopA_r0,road_loopA_r1,5865.7,5987.2,121.5,1297.3,38.4,1
4087,car,4.5,road_loopA_r0,road_loopA_r1,5846.5,5987.4,140.9,1297.3,33.2,1
4095,suv,4.8,road_loopA_r0,road_loopA_r1,5854.9,5989.2,134.3,1298.4,34.8,1
4105,car,4.5,road_loopA_r0,road_loopA_r1,5863.7,5989.7,126.0,1297.6,37.1,1
4107,suv,4.8,road_loopA_r0,road_loopA_r1,5864.4,5991.0,126.6,1297.7,36.9,1
4113,car,4.5,road_loopA_r0,road_loopA_r1,5870.8,5991.5,120.7,1298.6,38.7,1
4115,car,4.5,road_loopA_r0,road_loopA_r1,5871.3,5992.7,121.4,1297.4,38.5,1
4117,car,4.5,road_loopA_r0,road_loopA_r1,5871.8,5993.2,121.4,1298.1,38.5,1
4129,car,4.5,road_loopA_r0,road_loopA_r1,5878.5,5994.3,115.8,1297.5,40.3,1
4114,car,4.5,road_loopA_r0,road_loopA_r1,5870.9,5994.5,123.6,1298.1,37.8,0
4133,car,4.5,road_loopA_r0,road_loopA_r1,5884.2,5996.2,112.0,1297.4,41.7,0
4137,suv,4.8,road_loopA_r0,road_loopA_r1,5887.9,5996.4,108.5,1297.8,43.0,0
4126,truck,8.5,road_loopA_r0,road_loopA_r1,5876.1,5997.5,121.4,1297.5,38.5,1
4140,car,4.5,road_loopA_r0,road_loopA_r1,5888.8,5998.3,109.5,1298.1,42.7,0
4134,car,4.5,road_loopA_r0,road_loopA_r1,5885.6,5998.5,112.9,1298.1,41.4,1
4148,car,4.5,road_loopA_r0,road_loopA_r1,5896.2,6000.1,103.9,1298.5,45.0,0
4139,car,4.5,road_loopA_r0,road_loopA_r1,5888.7,6000.2,111.5,1298.3,41.9,1
4111,suv,4.8,road_loopA_f0,road_loopA_f1,5868.8,6001.2,132.4,1303.3,35.4,1
4142,car,4.5,road_loopA_r0,road_loopA_r1,5890.9,6001.9,111.0,1297.3,42.1,0
4149,car,4.5,road_loopA_r0,road_loopA_r1,5898.5,6001.9,103.4,1298.4,45.2,0
4143,car,4.5,road_loopA_r0,road_loopA_r1,5891.1,6002.8,111.7,1297.8,41.8,0
4110,car,4.5,road_loopA_f0,road_loopA_f1,5868.6,6003.6,135.0,1303.3,34.8,1
4155,car,4.5,road_loopA_r0,road_loopA_r1,5903.8,6003.7,99.9,1298.3,46.8,0
4157,car,4.5,road_loopA_r0,road_loopA_r1,5904.9,6004.4,99.5,1298.4,47.0,0
4158,car,4.5,road_loopA_r0,road_loopA_r1,5905.1,6005.5,100.4,1298.3,46.6,0
4120,car,4.5,road_loopA_f0,road_loopA_f1,5873.5,6005.9,132.4,1303.7,35.4,1
4097,bus,11.0,road_loopA_r0,road_loopA_r1,5856.0,6006.8,150.8,1297.6,31.0,2
4083,bus,11.0,road_loopA_f0,road_loopA_f1,5842.6,6006.9,164.3,1303.5,28.6,2
4123,car,4.5,road_loopA_f0,road_loopA_f1,5874.1,6007.7,133.6,1303.3,35.1,1
4153,car,4.5,road_loopA_r0,road_loopA_r1,5900.9,6007.7,106.8,1298.0,43.8,0
4162,car,4.5,road_loopA_r0,road_loopA_r1,5909.0,6007.7,98.7,1298.6,47.4,0
4189,suv,4.8,road_loopA_r0,xloopA_0Ab,5928.8,6008.7,79.9,869.5,39.2,1
4166,car,4.5,road_loopA_r0,road_loopA_r1,5913.8,6009.4,95.6,1297.9,48.9,0
4168,car,4.5,road_loopA_r0,road_loopA_r1,5914.7,6009.4,94.7,1297.8,49.3,0
4118,suv,4.8,road_loopA_f0,road_loopA_f1,5872.8,6010.5,137.7,1303.5,34.1,1
4175,car,4.5,road_loopA_r0,road_loopA_r1,5919.8,6011.1,91.3,1297.9,51.2,0
4173,suv,4.8,road_loopA_r0,road_loopA_r1,5916.3,6011.2,94.9,1297.6,49.2,0
4172,suv,4.8,road_loopA_r0,xloopA_0Ab,5916.0,6011.4,95.4,868.8,32.8,1
4176,car,4.5,road_loopA_r0,road_loopA_r1,5920.1,6012.8,92.7,1297.6,50.4,0
4080,truck,8.5,road_loopA_r0,road_loopA_r1,5841.4,6013.9,172.5,1297.4,27.1,1
4125,car,4.5,road_loopA_f0,road_loopA_f1,5875.5,6014.2,138.7,1303.2,33.8,1
4128,suv,4.8,road_loopA_r0,road_loopA_r1,5876.6,6014.6,138.0,1297.6,33.8,1
4180,car,4.5,road_loopA_r0,road_loopA_r1,5922.6,6014.7,92.1,1297.5,50.7,0
4116,suv,4.8,road_loopA_r0,road_loopA_r1,5871.6,6016.4,144.8,1297.5,32.2,1
4183,car,4.5,road_loopA_r0,road_loopA_r1,5924.6,6016.4,91.8,1297.6,50.9,0
4138,car,4.5,road_loopA_f0,road_loopA_f1,5888.5,6016.6,128.1,1303.5,36.6,1
4185,suv,4.8,road_loopA_r0,road_loopA_r1,5925.4,6018.2,92.8,1298.4,50.4,0
4146,car,4.5,road_loopA_f0,road_loopA_f1,5894.5,6018.3,123.8,1303.6,37.9,1
4187,suv,4.8,road_loopA_r0,road_loopA_r1,5928.3,6019.8,91.5,1297.6,51.1,0
4163,car,4.5,road_loopA_f0,road_loopA_f1,5909.4,6020.1,110.7,1303.9,42.4,0
4193,car,4.5,road_loopA_r0,road_loopA_r1,5930.3,6021.5,91.2,1298.0,51.2,0
4169,car,4.5,road_loopA_f0,road_loopA_f1,5914.8,6021.6,106.8,1304.1,44.0,0
4191,car,4.5,road_loopA_r0,road_loopA_r1,5930.1,6023.5,93.4,1298.4,50.0,0
4170,car,4.5,road_loopA_f0,road_loopA_f1,5915.5,6024.0,108.5,1303.7,43.3,1
4181,car,4.5,road_loopA_r0,road_loopA_r1,5922.7,6024.4,101.7,1298.1,46.0,0
4174,car,4.5,road_loopA_r0,road_loopA_r1,5916.8,6024.6,107.8,1298.4,43.4,0
4186,car,4.5,road_loopA_r0,road_loopA_r1,5927.5,6026.1,98.6,1298.3,47.4,0
4200,car,4.5,road_loopA_r0,road_loopA_r1,5935.8,6026.2,90.4,1297.9,51.7,0
4184,suv,4.8,road_loopA_r0,road_loopA_r1,5925.1,6026.3,101.2,1297.4,46.2,0
4062,car,4.5,xloopA_0Aa,road_loopA_f1,5821.9,6026.6,204.7,872.4,15.3,0
4196,car,4.5,road_loopA_f0,road_loopA_f1,5932.3,6027.0,94.7,1303.2,49.5,0
4088,car,4.5,xloopA_0Aa,road_loopA_f1,5847.5,6027.4,179.9,872.4,17.5,0
4131,car,4.5,road_loopA_r0,xloopA_0Bb,5880.8,6028.1,147.3,895.7,21.9,2
4106,car,4.5,road_loopA_f0,road_loopA_f1,5863.8,6028.3,164.5,1303.9,28.5,1
4102,bus,11.0,road_loopA_r0,road_loopA_r1,5859.9,6028.5,168.6,1297.7,27.7,3
4188,car,4.5,road_loopA_r0,road_loopA_r1,5928.8,6028.5,99.7,1298.2,46.9,0
4122,suv,4.8,road_loopA_f0,road_loopA_f1,5874.0,6029.1,155.1,1303.6,30.3,1
3929,truck,8.5,road_loopA_f0,xloopA_0Ab,5695.0,6029.9,334.9,505.4,5.4,3
4119,suv,4.8,road_loopA_f0,road_loopA_f1,5873.2,6029.9,156.7,1303.0,29.9,1
4201,suv,4.8,road_loopA_f0,road_loopA_f1,5937.9,6030.0,92.1,1304.2,51.0,0
4195,truck,8.5,road_loopA_r0,road_loopA_r1,5930.9,6030.6,99.7,1297.4,46.8,0
4177,suv,4.8,road_loopA_r0,xloopA_0Bb,5920.5,6030.7,110.2,895.6,29.3,1
4124,car,4.5,road_loopA_f0,road_loopA_f1,5875.4,6030.9,155.5,1303.6,30.2,1
4121,car,4.5,road_loopA_f0,road_loopA_f1,5873.9,6031.6,157.7,1303.3,29.8,1
4130,car,4.5,road_loopA_f0,road_loopA_f1,5879.8,6032.8,153.0,1303.8,30.7,1
3939,suv,4.8,road_loopA_f0,xloopA_0Ab,5706.4,6032.9,326.5,505.4,5.6,3
4205,car,4.5,road_loopA_f0,road_loopA_f1,5942.5,6033.1,90.6,1304.2,51.8,0
4135,car,4.5,road_loopA_f0,road_loopA_f1,5886.2,6033.3,147.1,1303.0,31.9,1
4198,truck,8.5,road_loopA_r0,road_loopA_r1,5934.1,6033.8,99.7,1297.3,46.8,0
4151,car,4.5,road_loopA_f0,road_loopA_f1,5899.4,6034.5,135.1,1302.9,34.7,1
4208,suv,4.8,road_loopA_f0,road_loopA_f1,5944.7,6034.7,90.0,1303.3,52.1,0
4144,truck,8.5,road_loopA_f0,road_loopA_f1,5892.8,6035.4,142.6,1303.2,32.9,1
3986,car,4.5,road_loopA_f0,xloopA_0Ab,5737.5,6035.6,298.1,505.4,6.1,2
4165,car,4.5,road_loopA_f0,road_loopA_f1,5910.6,6036.2,125.6,1302.9,37.3,0
4147,car,4.5,road_loopA_f0,road_loopA_f1,5895.8,6037.5,141.7,1303.8,33.1,1
4179,suv,4.8,road_loopA_f0,road_loopA_f1,5922.4,6038.0,115.6,1303.0,40.6,0
4081,car,4.5,road_loopA_f0,xloopA_0Ab,5842.1,6038.2,196.1,505.0,9.3,2
4167,car,4.5,road_loopA_f0,road_loopA_f1,5914.1,6038.5,124.4,1303.6,37.7,0
4152,car,4.5,road_loopA_f0,road_loopA_f1,5900.3,6039.3,139.0,1303.9,33.8,1
4207,truck,8.5,road_loopA_r0,road_loopA_r1,5943.0,6039.6,96.6,1297.4,48.4,0
4194,car,4.5,road_loopA_f0,road_loopA_f1,5930.6,6039.9,109.3,1303.9,42.9,0
4192,truck,8.5,road_loopA_f0,road_loopA_f1,5930.3,6040.0,109.7,1303.5,42.8,0
4156,car,4.5,road_loopA_f0,road_loopA_f1,5904.6,6041.1,136.5,1303.9,34.4,1
4206,car,4.5,road_loopA_f0,road_loopA_f1,5942.7,6041.1,98.4,1303.4,47.7,0
4161,car,4.5,road_loopA_f0,road_loopA_f1,5908.7,6041.7,133.0,1303.5,35.3,1
4216,car,4.5,road_loopA_f0,road_loopA_f1,5952.3,6043.0,90.7,1303.5,51.7,0
4164,car,4.5,road_loopA_f0,road_loopA_f1,5909.9,6043.4,133.5,1303.3,35.2,1
4204,bus,11.0,road_loopA_f0,road_loopA_f1,5942.0,6043.9,101.9,1303.0,46.0,0
4229,car,4.5,xloopA_0Ba,xloopA_0Bb,5964.9,6044.7,79.8,84.1,3.8,1
4209,car,4.5,road_loopA_f0,road_loopA_f1,5945.0,6045.2,100.2,1303.4,46.8,0
4217,suv,4.8,road_loopA_f0,road_loopA_f1,5952.6,6045.2,92.6,1303.2,50.6,0
4215,car,4.5,road_loopA_f0,road_loopA_f1,5950.9,6046.1,95.2,1303.1,49.3,0
4199,car,4.5,road_loopA_r0,road_loopA_r1,5935.5,6046.3,110.8,1297.3,42.1,0
4218,car,4.5,road_loopA_f0,road_loopA_f1,5956.2,6046.5,90.3,1303.1,52.0,0
4154,car,4.5,xloopA_0Aa,xloopA_0Ab,5901.8,6047.0,145.2,84.3,2.1,1
4230,car,4.5,xloopA_0Ba,xloopA_0Bb,5965.2,6047.0,81.8,84.7,3.7,1
4240,car,4.5,xloopA_0Ba,xloopA_0Bb,5973.5,6049.9,76.4,84.2,4.0,0
4212,car,4.5,xloopA_0Aa,xloopA_0Ab,5946.6,6050.3,103.7,84.4,2.9,0
4202,car,4.5,road_loopA_f0,road_loopA_f1,5940.0,6050.4,110.4,1303.2,42.5,0
4247,car,4.5,xloopA_0Ba,xloopA_0Bb,5980.1,6051.9,71.8,84.3,4.2,0
4096,bus,11.0,road_loopA_r0,road_loopA_r1,5855.7,6052.6,196.9,1297.3,23.7,4
4203,car,4.5,road_loopA_r0,road_loopA_r1,5940.7,6053.0,112.3,1297.4,41.6,0
4224,car,4.5,road_loopA_f0,road_loopA_f1,5959.8,6054.6,94.8,1303.1,49.5,0
4318,car,4.5,xloopA_0Ba,xloopA_0Bb,6038.8,6055.7,16.9,84.7,18.0,0
4257,car,4.5,xloopA_0Aa,xloopA_0Ab,5986.0,6056.6,70.6,84.5,4.3,0
4227,truck,8.5,road_loopA_f0,road_loopA_f1,5961.9,6057.2,95.3,1303.6,49.3,0
4324,car,4.5,xloopA_0Ba,xloopA_0Bb,6044.4,6057.7,13.3,84.0,22.7,0
4213,bus,11.0,road_loopA_f0,road_loopA_f1,5948.9,6058.1,109.2,1303.4,43.0,0
4289,car,4.5,xloopA_0Aa,xloopA_0Ab,6012.7,6058.7,46.0,84.1,6.6,0
4197,bus,11.0,road_loopA_f0,road_loopA_f1,5932.5,6059.1,126.6,1303.1,37.1,1
4326,car,4.5,xloopA_0Ba,xloopA_0Bb,6045.0,6059.7,14.7,84.6,20.7,0
4237,car,4.5,road_loopA_f0,road_loopA_f1,5970.2,6060.3,90.1,1302.9,52.1,0
4291,car,4.5,xloopA_0Aa,xloopA_0Ab,6015.3,6060.7,45.4,84.5,6.7,0
4223,car,4.5,road_loopA_f0,road_loopA_f1,5959.4,6061.4,102.0,1303.7,46.0,0
4234,suv,4.8,road_loopA_f0,road_loopA_f1,5966.8,6063.0,96.2,1303.3,48.8,0
4226,suv,4.8,road_loopA_f0,road_loopA_f1,5961.0,6063.2,102.2,1304.1,45.9,0
8,tram,34.0,loopB,loopB,1745.4,6066.6,4321.2,33673.1,28.1,43
4101,bus,11.0,road_loopA_f0,road_loopA_f1,5859.4,6068.8,209.4,1303.0,22.4,3
4242,truck,8.5,road_loopA_f0,road_loopA_f1,5975.9,6069.3,93.4,1303.1,50.2,0
4178,bus,11.0,road_loopA_f0,road_loopA_f1,5920.5,6069.7,149.2,1303.3,31.4,2
4249,car,4.5,road_loopA_f0,road_loopA_f1,5981.6,6071.2,89.6,1303.6,52.4,0
4239,truck,8.5,road_loopA_f0,road_loopA_f1,5972.6,6072.2,99.6,1302.8,47.1,0
4246,car,4.5,road_loopA_f0,road_loopA_f1,5978.8,6077.1,98.3,1303.0,47.7,0
4225,suv,4.8,road_loopA_r0,xloopA_0Ab,5960.7,6085.3,124.6,869.3,25.1,2
4267,suv,4.8,road_loopA_f0,xloopA_0Bb,5994.6,6085.5,90.9,479.2,19.0,1
4214,car,4.5,road_loopA_r0,xloopA_0Ab,5949.0,6089.0,140.0,869.1,22.4,3
4325,suv,4.8,road_loopA_f0,xloopA_0Bb,6044.6,6092.4,47.8,478.9,36.1,0
4255,car,4.5,road_loopA_r0,xloopA_0Ab,5985.1,6092.6,107.5,869.1,29.1,2
4253,car,4.5,road_loopA_r0,xloopA_0Ab,5984.1,6096.2,112.1,869.2,27.9,2
4220,suv,4.8,road_loopA_r0,road_loopA_r1,5957.8,6108.2,150.4,1297.4,31.0,1
4182,car,4.5,xloopA_0Aa,road_loopA_r1,5923.7,6108.6,184.9,506.7,9.9,1
4238,car,4.5,road_loopA_r0,road_loopA_r1,5971.4,6110.0,138.6,1298.5,33.7,1
4210,truck,8.5,road_loopA_r0,road_loopA_r1,5945.7,6111.2,165.5,1297.3,28.2,1
4241,suv,4.8,road_loopA_r0,road_loopA_r1,5974.6,6112.3,137.7,1297.8,33.9,1
4232,car,4.5,road_loopA_r0,road_loopA_r1,5966.3,6112.7,146.4,1297.3,31.9,1
4244,car,4.5,road_loopA_r0,road_loopA_r1,5977.4,6114.9,137.5,1297.9,34.0,1
4251,car,4.5,road_loopA_r0,road_loopA_r1,5982.6,6116.7,134.1,1297.9,34.8,1
4190,car,4.5,road_loopA_r0,road_loopA_r1,5929.0,6117.0,188.0,1297.7,24.8,1
4265,suv,4.8,road_loopA_r0,road_loopA_r1,5993.4,6117.7,124.3,1297.9,37.6,1
4211,suv,4.8,road_loopA_r0,road_loopA_r1,5946.1,6118.7,172.6,1297.8,27.1,1
4219,car,4.5,road_loopA_r0,road_loopA_r1,5956.3,6119.5,163.2,1298.5,28.6,1
4222,bus,11.0,road_loopA_f0,road_loopA_f1,5959.2,6119.5,160.3,1302.8,29.3,2
4275,car,4.5,road_loopA_r0,road_loopA_r1,6002.1,6121.1,119.0,1298.3,39.3,1
4228,car,4.5,road_loopA_r0,road_loopA_r1,5962.1,6121.2,159.1,1298.5,29.4,1
4233,suv,4.8,road_loopA_r0,road_loopA_r1,5966.4,6121.2,154.8,1297.5,30.2,1
4269,suv,4.8,road_loopA_r0,road_loopA_r1,5996.4,6123.0,126.6,1298.7,36.9,1
4243,truck,8.5,road_loopA_r0,road_loopA_r1,5977.2,6123.4,146.2,1298.2,32.0,1
4279,car,4.5,road_loopA_r0,road_loopA_r1,6007.5,6123.8,116.3,1298.1,40.2,1
4273,suv,4.8,road_loopA_r0,road_loopA_r1,5999.5,6124.7,125.2,1297.3,37.3,1
4375,suv,4.8,road_loopA_f0,xloopA_0Bb,6084.7,6124.7,40.0,479.0,43.1,0
4281,car,4.5,road_loopA_r0,road_loopA_r1,6009.6,6125.2,115.6,1298.4,40.4,1
4270,car,4.5,road_loopA_r0,road_loopA_r1,5996.9,6125.3,128.4,1298.3,36.4,1
4276,car,4.5,road_loopA_r0,road_loopA_r1,6003.1,6126.6,123.5,1298.2,37.8,1
4283,car,4.5,road_loopA_r0,road_loopA_r1,6010.7,6127.3,116.6,1298.5,40.1,0
4278,car,4.5,road_loopA_r0,road_loopA_r1,6006.5,6128.5,122.0,1298.5,38.3,1
4282,car,4.5,road_loopA_r0,road_loopA_r1,6009.6,6129.1,119.5,1297.5,39.1,18
4280,car,4.5,road_loopA_r0,road_loopA_r1,6008.1,6129.7,121.6,1298.7,38.4,1
4250,car,4.5,road_loopA_f0,road_loopA_f1,5981.9,6130.2,148.3,1302.9,31.6,1
4287,car,4.5,road_loopA_r0,road_loopA_r1,6012.5,6131.5,119.0,1298.1,39.3,0
4286,car,4.5,road_loopA_r0,road_loopA_r1,6012.2,6131.7,119.5,1298.6,39.1,9
4259,suv,4.8,road_loopA_f0,road_loopA_f1,5988.4,6133.2,144.8,1303.3,32.4,1
4290,car,4.5,road_loopA_r0,road_loopA_r1,6014.1,6133.5,119.4,1297.8,39.1,0
4294,car,4.5,road_loopA_r0,road_loopA_r1,6019.8,6133.8,114.0,1297.8,41.0,0
4277,car,4.5,road_loopA_r0,road_loopA_r1,6004.5,6133.9,129.4,1297.8,36.1,0
4301,car,4.5,road_loopA_r0,road_loopA_r1,6025.7,6135.3,109.6,1297.5,42.6,0
4296,car,4.5,road_loopA_r0,road_loopA_r1,6020.5,6136.2,115.7,1298.5,40.4,0
4311,car,4.5,road_loopA_r0,road_loopA_r1,6035.8,6137.6,101.8,1298.1,45.9,0
4298,suv,4.8,road_loopA_r0,road_loopA_r1,6021.7,6137.9,116.2,1297.5,40.2,0
4256,car,4.5,road_loopA_f0,road_loopA_f1,5985.3,6138.5,153.2,1303.2,30.6,1
4263,car,4.5,road_loopA_f0,road_loopA_f1,5992.1,6139.4,147.3,1303.1,31.8,1
4300,truck,8.5,road_loopA_r0,road_loopA_r1,6025.5,6140.2,114.7,1298.5,40.7,0
4297,car,4.5,road_loopA_r0,road_loopA_r1,6021.3,6141.6,120.3,1297.6,38.8,0
4314,suv,4.8,road_loopA_r0,road_loopA_r1,6036.4,6142.3,105.9,1298.5,44.1,0
4302,car,4.5,road_loopA_r0,road_loopA_r1,6028.2,6142.7,114.5,1297.4,40.8,0
4320,suv,4.8,road_loopA_r0,road_loopA_r1,6040.9,6143.4,102.5,1297.9,45.6,0
4307,car,4.5,road_loopA_r0,road_loopA_r1,6031.1,6144.5,113.4,1298.4,41.2,0
4333,car,4.5,road_loopA_r0,road_loopA_r1,6049.1,6144.5,95.4,1297.9,49.0,0
4390,suv,4.8,road_loopA_f0,xloopA_0Bb,6105.4,6145.4,40.0,479.0,43.1,0
4303,car,4.5,road_loopA_r0,road_loopA_r1,6028.9,6146.2,117.3,1297.3,39.8,1
4312,car,4.5,road_loopA_r0,road_loopA_r1,6036.1,6146.2,110.1,1297.5,42.4,0
4329,car,4.5,road_loopA_r0,road_loopA_r1,6047.9,6146.3,98.4,1297.9,47.5,0
4254,car,4.5,road_loopA_f0,road_loopA_f1,5985.1,6146.4,161.3,1303.0,29.1,1
4317,car,4.5,road_loopA_r0,road_loopA_r1,6037.6,6148.0,110.4,1297.6,42.3,0
4261,truck,8.5,road_loopA_f0,road_loopA_f1,5991.3,6148.7,157.4,1304.0,29.8,1
4221,car,4.5,xloopA_0Ba,road_loopA_f1,5958.2,6149.0,190.8,902.9,17.0,1
4136,car,4.5,xloopA_0Aa,road_loopA_f1,5887.8,6150.4,262.6,872.5,12.0,1
4271,car,4.5,road_loopA_f0,road_loopA_f1,5997.5,6150.8,153.3,1303.0,30.6,1
4235,car,4.5,xloopA_0Aa,road_loopA_f1,5968.6,6151.9,183.3,872.5,17.1,0
4305,car,4.5,road_loopA_f0,road_loopA_f1,6030.3,6152.6,122.3,1303.0,38.3,1
4272,car,4.5,xloopA_0Ba,road_loopA_f1,5997.7,6153.8,156.1,902.3,20.8,0
4258,car,4.5,road_loopA_f0,road_loopA_f1,5988.2,6154.2,166.0,1302.8,28.3,1
4313,suv,4.8,road_loopA_f0,road_loopA_f1,6036.3,6154.4,118.1,1303.7,39.8,1
4252,car,4.5,road_loopA_r0,xloopA_0Bb,5983.0,6154.6,171.6,895.4,18.8,1
4109,car,4.5,road_loopA_f0,xloopA_0Ab,5867.9,6155.2,287.3,505.2,6.3,2
4331,car,4.5,road_loopA_r0,road_loopA_r1,6048.6,6155.2,106.6,1297.3,43.8,0
4347,car,4.5,road_loopA_r0,road_loopA_r1,6065.1,6155.9,90.8,1297.4,51.4,0
4262,car,4.5,road_loopA_f0,road_loopA_f1,5991.8,6156.2,164.4,1303.0,28.5,1
4310,suv,4.8,road_loopA_f0,road_loopA_f1,6034.8,6156.2,121.4,1303.9,38.7,0
4341,car,4.5,road_loopA_r0,road_loopA_r1,6054.3,6156.9,102.6,1298.4,45.6,0
4334,car,4.5,road_loopA_r0,road_loopA_r1,6050.0,6157.0,107.0,1297.4,43.7,0
4288,suv,4.8,road_loopA_r0,xloopA_0Bb,6012.6,6157.3,144.7,895.9,22.3,1
4264,car,4.5,road_loopA_f0,road_loopA_f1,5992.2,6157.4,165.2,1302.9,28.4,1
4322,car,4.5,road_loopA_f0,road_loopA_f1,6041.7,6158.1,116.4,1303.7,40.3,0
4127,truck,8.5,road_loopA_f0,xloopA_0Ab,5876.5,6158.6,282.1,505.5,6.5,2
4339,car,4.5,road_loopA_r0,road_loopA_r1,6052.8,6158.8,106.0,1298.0,44.1,0
4266,car,4.5,road_loopA_f0,road_loopA_f1,5994.3,6158.9,164.6,1303.3,28.5,1
4351,car,4.5,road_loopA_r0,road_loopA_r1,6067.5,6159.2,91.7,1298.0,51.0,0
4335,car,4.5,road_loopA_f0,road_loopA_f1,6051.1,6159.8,108.7,1303.3,43.2,0
4293,car,4.5,road_loopA_r0,xloopA_0Bb,6019.3,6159.9,140.6,895.3,22.9,1
4284,car,4.5,road_loopA_f0,road_loopA_f1,6011.5,6160.7,149.2,1304.0,31.5,1
4308,car,4.5,road_loopA_f0,road_loopA_f1,6031.1,6162.0,130.9,1303.6,35.9,15
4160,truck,8.5,road_loopA_f0,xloopA_0Ab,5906.3,6162.4,256.1,505.4,7.1,2
4285,car,4.5,road_loopA_f0,road_loopA_f1,6011.6,6162.5,150.9,1303.9,31.1,1
4309,car,4.5,road_loopA_r0,xloopA_0Bb,6031.3,6162.6,131.3,895.4,24.5,2
4231,car,4.5,xloopA_0Aa,road_loopA_f1,5966.1,6164.1,198.0,872.3,15.9,0
4316,car,4.5,road_loopA_f0,road_loopA_f1,6036.9,6164.6,127.7,1302.9,36.7,0
4236,car,4.5,road_loopA_f0,xloopA_0Ab,5970.0,6165.4,195.4,505.4,9.3,2
4295,car,4.5,road_loopA_f0,road_loopA_f1,6020.6,6165.5,144.9,1303.7,32.4,1
4338,car,4.5,road_loopA_f0,road_loopA_f1,6052.6,6165.6,113.0,1302.8,41.5,0
4260,car,4.5,road_loopA_f0,road_loopA_f1,5989.1,6165.8,176.7,1303.9,26.6,1
4245,bus,11.0,road_loopA_r0,road_loopA_r1,5978.1,6166.0,187.9,1298.3,24.9,2
4350,car,4.5,road_loopA_r0,road_loopA_r1,6066.5,6166.2,99.7,1297.9,46.9,0
4332,car,4.5,road_loopA_r0,road_loopA_r1,6049.0,6166.4,117.4,1297.5,39.8,0
4361,car,4.5,road_loopA_r0,road_loopA_r1,6072.7,6166.6,93.9,1298.2,49.8,0
4344,car,4.5,road_loopA_f0,road_loopA_f1,6058.2,6167.3,109.1,1303.2,43.0,0
4328,suv,4.8,road_loopA_f0,road_loopA_f1,6046.0,6167.5,121.5,1303.9,38.6,0
4268,truck,8.5,road_loopA_f0,road_loopA_f1,5995.8,6167.9,172.1,1302.9,27.3,1
4355,car,4.5,road_loopA_r0,road_loopA_r1,6069.1,6167.9,98.8,1298.1,47.3,0
4353,car,4.5,road_loopA_r0,road_loopA_r1,6068.4,6168.6,100.2,1297.8,46.6,0
4349,car,4.5,road_loopA_f0,road_loopA_f1,6065.9,6169.0,103.1,1303.1,45.5,0
4319,car,4.5,road_loopA_f0,road_loopA_f1,6040.3,6169.2,128.9,1302.9,36.4,0
4321,car,4.5,xloopA_0Aa,xloopA_0Ab,6041.0,6169.7,128.7,84.7,2.4,1
4274,suv,4.8,road_loopA_f0,road_loopA_f1,5999.8,6169.9,170.1,1303.1,27.6,1
4360,car,4.5,road_loopA_r0,road_loopA_r1,6070.4,6170.3,99.9,1297.9,46.8,0
4356,car,4.5,road_loopA_f0,road_loopA_f1,6069.4,6170.8,101.4,1304.1,46.3,0
4363,suv,4.8,road_loopA_r0,road_loopA_r1,6073.1,6170.8,97.7,1297.3,47.8,0
4342,car,4.5,road_loopA_f0,road_loopA_f1,6056.0,6171.0,115.0,1303.1,40.8,0
4292,car,4.5,road_loopA_f0,road_loopA_f1,6019.2,6172.3,153.1,1303.1,30.6,1
4345,car,4.5,road_loopA_f0,road_loopA_f1,6059.7,6172.5,112.8,1303.5,41.6,0
4336,car,4.5,road_loopA_f0,road_loopA_f1,6051.7,6172.8,121.1,1303.7,38.8,0
4352,car,4.5,road_loopA_r0,road_loopA_r1,6068.3,6173.3,105.0,1298.3,44.5,0
4299,car,4.5,road_loopA_f0,road_loopA_f1,6022.4,6174.0,151.6,1303.4,31.0,1
4343,car,4.5,road_loopA_f0,road_loopA_f1,6056.4,6174.6,118.2,1303.2,39.7,0
4365,truck,8.5,road_loopA_f0,road_loopA_f1,6074.6,6174.7,100.1,1303.9,46.9,0
4364,suv,4.8,road_loopA_r0,road_loopA_r1,6074.4,6175.5,101.1,1297.6,46.2,0
4306,car,4.5,road_loopA_f0,road_loopA_f1,6031.1,6175.7,144.6,1302.9,32.4,0
4359,truck,8.5,road_loopA_f0,road_loopA_f1,6070.3,6176.8,106.5,1303.4,44.0,0
4372,suv,4.8,road_loopA_f0,road_loopA_f1,6081.1,6176.8,95.7,1304.1,49.1,0
4357,car,4.5,xloopA_0Aa,xloopA_0Ab,6069.5,6177.3,107.8,84.5,2.8,0
4315,truck,8.5,road_loopA_f0,road_loopA_f1,6036.6,6177.9,141.3,1304.0,33.2,0
4362,car,4.5,road_loopA_f0,road_loopA_f1,6073.1,6178.8,105.7,1304.1,44.4,0
4358,car,4.5,road_loopA_f0,road_loopA_f1,6070.2,6179.0,108.8,1303.8,43.1,0
4405,car,4.5,xloopA_0Aa,xloopA_0Ab,6121.9,6179.2,57.3,84.6,5.3,0
4327,car,4.5,road_loopA_f0,road_loopA_f1,6045.2,6180.0,134.8,1303.9,34.8,1
4346,car,4.5,road_loopA_r0,road_loopA_r1,6063.5,6180.1,116.6,1297.8,40.1,0
4407,car,4.5,xloopA_0Aa,xloopA_0Ab,6124.2,6181.0,56.8,84.6,5.4,0
4330,car,4.5,road_loopA_f0,road_loopA_f1,6048.7,6181.7,133.0,1303.2,35.3,0
4354,truck,8.5,road_loopA_f0,road_loopA_f1,6068.8,6182.3,113.5,1303.0,41.3,0
4413,car,4.5,xloopA_0Aa,xloopA_0Ab,6127.7,6182.5,54.8,84.1,5.5,0
4371,suv,4.8,road_loopA_f0,road_loopA_f1,6080.9,6182.6,101.7,1303.3,46.2,0
4340,car,4.5,road_loopA_f0,road_loopA_f1,6054.2,6183.6,129.4,1303.5,36.3,0
4440,car,4.5,xloopA_0Aa,xloopA_0Ab,6151.4,6184.1,32.7,84.2,9.3,0
4376,suv,4.8,road_loopA_f0,road_loopA_f1,6085.1,6184.4,99.3,1303.0,47.2,0
4368,car,4.5,road_loopA_f0,road_loopA_f1,6079.1,6185.5,106.4,1303.6,44.1,0
4471,car,4.5,xloopA_0Ba,xloopA_0Bb,6175.9,6186.5,10.6,84.7,28.7,0
4385,car,4.5,road_loopA_f0,road_loopA_f1,6097.5,6188.2,90.7,1304.0,51.7,0
4378,car,4.5,road_loopA_f0,road_loopA_f1,6089.1,6189.0,99.9,1303.6,47.0,0
4382,suv,4.8,road_loopA_f0,road_loopA_f1,6095.6,6191.6,96.0,1302.9,48.9,0
4380,car,4.5,road_loopA_f0,road_loopA_f1,6095.3,6192.7,97.4,1303.8,48.2,0
4373,car,4.5,road_loopA_f0,road_loopA_f1,6082.1,6198.4,116.3,1303.2,40.3,0
4379,truck,8.5,road_loopA_f0,road_loopA_f1,6094.7,6199.1,104.4,1303.9,45.0,0
4391,suv,4.8,road_loopA_f0,road_loopA_f1,6106.3,6199.3,93.0,1303.5,50.4,0
4248,bus,11.0,road_loopA_f0,road_loopA_f1,5980.3,6201.2,220.9,1303.0,21.2,3
4393,truck,8.5,road_loopA_f0,road_loopA_f1,6107.4,6201.9,94.5,1304.0,49.7,0
4388,suv,4.8,road_loopA_r0,xloopA_0Ab,6104.4,6203.1,98.7,869.4,31.7,2
4392,car,4.5,road_loopA_f0,road_loopA_f1,6106.4,6203.8,97.4,1303.8,48.2,0
4369,car,4.5,road_loopA_f0,road_loopA_f1,6079.3,6205.9,126.6,1303.3,37.1,0
4383,car,4.5,road_loopA_r0,xloopA_0Ab,6096.0,6210.8,114.8,869.2,27.3,2
4416,truck,8.5,road_loopA_f0,xloopA_0Bb,6131.7,6212.2,80.5,478.5,21.4,1
4436,suv,4.8,road_loopA_f0,xloopA_0Bb,6149.2,6215.7,66.5,479.0,25.9,1
4408,suv,4.8,road_loopA_f0,xloopA_0Bb,6124.9,6219.4,94.5,479.1,18.2,2
4427,car,4.5,xloopA_0Ba,road_loopA_r1,6138.6,6227.0,88.4,476.1,19.4,1
4483,car,4.5,road_loopA_f0,xloopA_0Bb,6189.3,6231.4,42.1,478.8,40.9,0
4337,car,4.5,xloopA_0Aa,road_loopA_r1,6052.0,6233.4,181.4,506.8,10.1,1
4381,car,4.5,road_loopA_r0,road_loopA_r1,6095.6,6233.6,138.0,1298.0,33.9,1
4367,truck,8.5,road_loopA_r0,road_loopA_r1,6078.6,6233.9,155.3,1297.4,30.1,1
4386,car,4.5,road_loopA_r0,road_loopA_r1,6099.5,6236.6,137.1,1297.9,34.1,1
4394,car,4.5,road_loopA_r0,road_loopA_r1,6107.4,6238.4,131.0,1298.1,35.7,1
4387,car,4.5,road_loopA_r0,road_loopA_r1,6101.8,6238.6,136.8,1297.7,34.2,1
4398,car,4.5,road_loopA_r0,road_loopA_r1,6112.7,6240.4,127.7,1298.3,36.6,1
4455,car,4.5,xloopA_0Aa,road_loopA_r1,6165.1,6240.5,75.4,507.0,24.2,0
4402,car,4.5,road_loopA_r0,road_loopA_r1,6119.0,6240.7,121.7,1297.9,38.4,1
4366,car,4.5,road_loopA_r0,road_loopA_r1,6078.1,6242.2,164.1,1298.2,28.5,1
4395,car,4.5,road_loopA_r0,road_loopA_r1,6107.5,6242.4,134.9,1298.0,34.6,1
4400,car,4.5,road_loopA_r0,road_loopA_r1,6114.6,6242.9,128.3,1297.3,36.4,1
4374,car,4.5,road_loopA_r0,road_loopA_r1,6084.3,6243.9,159.6,1298.4,29.3,1
4442,suv,4.8,road_loopA_r0,xloopA_0Ab,6151.9,6244.5,92.6,869.4,33.8,1
4419,car,4.5,road_loopA_r0,road_loopA_r1,6134.8,6245.6,110.8,1298.5,42.2,0
4389,truck,8.5,road_loopA_r0,road_loopA_r1,6104.5,6246.0,141.5,1298.1,33.0,1
4396,car,4.5,road_loopA_r0,road_loopA_r1,6110.6,6247.4,136.8,1298.6,34.2,1
4409,truck,8.5,road_loopA_r0,road_loopA_r1,6125.9,6247.4,121.5,1297.6,38.5,0
4433,suv,4.8,road_loopA_r0,road_loopA_r1,6144.6,6248.5,103.9,1298.3,45.0,0
4403,truck,8.5,road_loopA_r0,road_loopA_r1,6119.6,6249.5,129.9,1298.0,36.0,1
4414,truck,8.5,road_loopA_r0,road_loopA_r1,6128.5,6250.3,121.8,1298.4,38.4,0
4412,car,4.5,road_loopA_r0,road_loopA_r1,6127.4,6251.6,124.2,1298.6,37.6,1
4447,car,4.5,road_loopA_r0,road_loopA_r1,6158.7,6251.6,92.9,1297.4,50.3,0
4437,car,4.5,road_loopA_r0,road_loopA_r1,6150.6,6252.4,101.8,1298.5,45.9,0
4415,car,4.5,road_loopA_r0,road_loopA_r1,6131.1,6253.4,122.3,1298.6,38.2,1
4450,car,4.5,road_loopA_r0,road_loopA_r1,6162.0,6253.5,91.5,1297.6,51.1,0
4426,car,4.5,road_loopA_r0,road_loopA_r1,6138.1,6254.3,116.2,1298.0,40.2,0
4420,suv,4.8,road_loopA_r0,road_loopA_r1,6134.8,6255.2,120.4,1298.5,38.8,1
4401,car,4.5,road_loopA_f0,road_loopA_f1,6118.5,6255.8,137.3,1304.1,34.2,1
4453,car,4.5,road_loopA_r0,road_loopA_r1,6164.1,6256.0,91.9,1298.2,50.8,0
4411,suv,4.8,road_loopA_f0,road_loopA_f1,6127.0,6256.9,129.9,1304.1,36.1,1
4423,car,4.5,road_loopA_r0,road_loopA_r1,6136.2,6257.0,120.8,1298.1,38.7,1
4457,car,4.5,road_loopA_r0,road_loopA_r1,6166.0,6258.0,92.0,1297.5,50.8,0
4422,suv,4.8,road_loopA_f0,road_loopA_f1,6135.3,6260.0,124.7,1303.8,37.6,1
4443,car,4.5,road_loopA_r0,road_loopA_r1,6155.6,6260.2,104.6,1298.4,44.7,0
4460,car,4.5,road_loopA_r0,road_loopA_r1,6169.3,6260.6,91.3,1298.2,51.2,0
4448,car,4.5,road_loopA_r0,road_loopA_r1,6160.5,6261.8,101.3,1297.6,46.1,0
4465,car,4.5,road_loopA_r0,road_loopA_r1,6171.6,6262.5,90.9,1298.5,51.4,0
4429,car,4.5,road_loopA_f0,road_loopA_f1,6140.1,6263.2,123.1,1303.7,38.1,1
4446,car,4.5,road_loopA_r0,road_loopA_r1,6158.4,6264.5,106.1,1297.3,44.0,0
4397,car,4.5,road_loopA_f0,road_loopA_f1,6111.2,6264.9,153.7,1303.8,30.5,1
4418,car,4.5,road_loopA_f0,road_loopA_f1,6134.5,6265.5,131.0,1303.3,35.8,1
4404,car,4.5,road_loopA_f0,road_loopA_f1,6121.8,6266.3,144.5,1303.0,32.5,1
4425,car,4.5,road_loopA_f0,road_loopA_f1,6137.0,6267.0,130.0,1303.1,36.1,1
4410,bus,11.0,road_loopA_f0,road_loopA_f1,6126.3,6270.6,144.3,1303.7,32.5,1
4468,car,4.5,road_loopA_r0,road_loopA_r1,6174.6,6271.1,96.5,1297.8,48.4,0
4434,car,4.5,road_loopA_f0,road_loopA_f1,6144.6,6271.5,126.9,1304.1,37.0,1
4475,car,4.5,road_loopA_r0,road_loopA_r1,6179.3,6272.2,92.9,1297.5,50.3,0
4444,suv,4.8,road_loopA_f0,road_loopA_f1,6156.2,6273.1,116.9,1302.8,40.1,1
4472,suv,4.8,road_loopA_r0,road_loopA_r1,6175.8,6273.7,97.9,1298.5,47.8,0
4477,car,4.5,road_loopA_r0,road_loopA_r1,6179.8,6274.5,94.7,1298.5,49.4,0
4438,suv,4.8,road_loopA_f0,road_loopA_f1,6150.8,6274.8,124.0,1304.1,37.9,1
4431,car,4.5,road_loopA_f0,road_loopA_f1,6142.0,6274.9,132.9,1303.2,35.3,1
4456,car,4.5,road_loopA_f0,road_loopA_f1,6165.8,6275.7,109.9,1303.1,42.7,1
4449,car,4.5,road_loopA_f0,road_loopA_f1,6160.8,6277.4,116.6,1303.8,40.3,1
4424,car,4.5,road_loopA_f0,road_loopA_f1,6136.7,6278.4,141.7,1303.1,33.1,2
4452,car,4.5,road_loopA_f0,road_loopA_f1,6163.5,6278.5,115.0,1303.0,40.8,4
4462,suv,4.8,road_loopA_f0,road_loopA_f1,6170.2,6280.0,109.8,1303.8,42.8,0
4428,suv,4.8,road_loopA_f0,road_loopA_f1,6139.4,6280.4,141.0,1302.8,33.3,2
4441,suv,4.8,road_loopA_r0,road_loopA_r1,6151.4,6280.5,129.1,1297.5,36.2,0
4479,car,4.5,road_loopA_r0,road_loopA_r1,6182.1,6281.0,98.9,1297.2,47.2,0
4377,suv,4.8,road_loopA_r0,xloopA_0Bb,6086.5,6281.2,194.7,895.6,16.6,1
4304,car,4.5,road_loopA_f0,xloopA_0Ab,6029.8,6281.8,252.0,505.5,7.2,2
4464,car,4.5,road_loopA_f0,road_loopA_f1,6171.2,6282.0,110.8,1303.2,42.4,0
4482,suv,4.8,road_loopA_r0,road_loopA_r1,6187.7,6282.8,95.1,1298.2,49.2,0
4473,car,4.5,road_loopA_r0,road_loopA_r1,6178.0,6283.8,105.8,1298.0,44.2,0
4384,suv,4.8,road_loopA_r0,xloopA_0Bb,6096.0,6283.9,187.9,895.9,17.2,1
4370,car,4.5,road_loopA_f0,xloopA_0Ab,6080.0,6284.3,204.3,505.0,8.9,2
4476,suv,4.8,road_loopA_r0,road_loopA_r1,6179.5,6284.6,105.1,1297.7,44.4,0
4459,car,4.5,road_loopA_f0,road_loopA_f1,6168.9,6285.5,116.6,1303.5,40.2,0
4399,car,4.5,road_loopA_f0,road_loopA_f1,6112.9,6286.0,173.1,1303.2,27.1,1
4502,car,4.5,road_loopA_f0,xloopA_0Ab,6201.7,6287.0,85.3,505.2,21.3,1
4470,truck,8.5,road_loopA_f0,road_loopA_f1,6175.1,6287.7,112.6,1303.9,41.7,0
4421,car,4.5,road_loopA_f0,road_loopA_f1,6135.2,6288.3,153.1,1303.8,30.7,2
4467,car,4.5,road_loopA_r0,road_loopA_r1,6172.9,6289.1,116.2,1298.2,40.2,0
4485,truck,8.5,road_loopA_f0,road_loopA_f1,6192.8,6289.2,96.4,1303.0,48.7,0
4486,car,4.5,road_loopA_r0,road_loopA_r1,6193.0,6289.5,96.5,1298.1,48.4,0
4480,car,4.5,road_loopA_f0,road_loopA_f1,6182.6,6290.1,107.5,1303.5,43.7,0
4469,car,4.5,road_loopA_r0,road_loopA_r1,6174.7,6290.8,116.1,1297.7,40.3,0
4323,car,4.5,xloopA_0Aa,road_loopA_f1,6043.1,6291.7,248.6,872.0,12.6,1
4491,suv,4.8,road_loopA_f0,road_loopA_f1,6196.7,6292.0,95.3,1303.4,49.2,0
4417,car,4.5,road_loopA_f0,road_loopA_f1,6132.8,6293.4,160.6,1303.2,29.2,2
4490,truck,8.5,road_loopA_r0,road_loopA_r1,6196.1,6293.4,97.3,1298.3,48.0,0
4451,car,4.5,road_loopA_f0,road_loopA_f1,6163.1,6293.6,130.5,1303.7,36.0,1
4432,car,4.5,road_loopA_f0,road_loopA_f1,6142.2,6294.7,152.5,1303.9,30.8,1
4430,car,4.5,road_loopA_f0,road_loopA_f1,6140.5,6295.1,154.6,1303.8,30.4,1
4435,car,4.5,road_loopA_f0,road_loopA_f1,6146.3,6295.9,149.6,1303.5,31.4,1
4542,car,4.5,xloopA_0Ba,xloopA_0Bb,6238.9,6296.3,57.4,84.0,5.3,1
4454,car,4.5,road_loopA_f0,road_loopA_f1,6164.6,6297.5,132.9,1303.4,35.3,1
4481,car,4.5,xloopA_0Aa,xloopA_0Ab,6187.5,6297.6,110.1,84.6,2.8,1
4439,car,4.5,road_loopA_f0,road_loopA_f1,6151.0,6297.7,146.7,1303.0,32.0,1
4580,car,4.5,xloopA_0Ba,xloopA_0Bb,6272.4,6299.0,26.6,84.6,11.4,0
4484,car,4.5,xloopA_0Aa,xloopA_0Ab,6192.1,6299.6,107.5,84.0,2.8,1
4495,suv,4.8,road_loopA_r0,road_loopA_r1,6197.2,6299.6,102.4,1297.7,45.6,0
4445,car,4.5,road_loopA_f0,road_loopA_f1,6157.7,6299.8,142.1,1303.1,33.0,1
4496,car,4.5,road_loopA_f0,road_loopA_f1,6197.3,6299.9,102.6,1303.7,45.7,0
4512,car,4.5,road_loopA_f0,road_loopA_f1,6210.2,6301.0,90.8,1303.0,51.7,0
4458,car,4.5,road_loopA_f0,road_loopA_f1,6166.6,6301.7,135.1,1303.9,34.8,1
4498,car,4.5,road_loopA_f0,road_loopA_f1,6199.2,6301.8,102.6,1303.5,45.7,0
4510,car,4.5,xloopA_0Aa,xloopA_0Ab,6209.7,6301.9,92.2,84.5,3.3,1
4497,car,4.5,road_loopA_r0,road_loopA_r1,6199.1,6302.1,103.0,1297.5,45.4,0
4461,car,4.5,road_loopA_f0,road_loopA_f1,6170.1,6303.4,133.3,1303.6,35.2,0
4503,car,4.5,road_loopA_f0,road_loopA_f1,6203.5,6303.5,100.0,1303.1,46.9,0
4507,car,4.5,road_loopA_f0,road_loopA_f1,6208.0,6304.3,96.3,1303.7,48.7,0
4536,car,4.5,xloopA_0Aa,xloopA_0Ab,6235.5,6305.1,69.6,84.1,4.4,0
4463,car,4.5,road_loopA_f0,road_loopA_f1,6170.5,6305.3,134.8,1304.1,34.8,0
4511,car,4.5,road_loopA_f0,road_loopA_f1,6209.7,6305.4,95.7,1303.4,49.0,0
4466,car,4.5,road_loopA_f0,road_loopA_f1,6172.6,6305.6,133.0,1303.7,35.3,0
4517,car,4.5,road_loopA_f0,road_loopA_f1,6216.3,6307.2,90.9,1303.3,51.6,0
4556,car,4.5,xloopA_0Aa,xloopA_0Ab,6252.8,6307.2,54.4,84.5,5.6,0
4499,car,4.5,road_loopA_f0,road_loopA_f1,6200.1,6308.5,108.4,1303.6,43.3,0
4596,car,4.5,xloopA_0Aa,xloopA_0Ab,6283.1,6310.6,27.5,84.7,11.1,0
4492,suv,4.8,road_loopA_f0,road_loopA_f1,6196.9,6311.2,114.3,1304.0,41.1,0
4616,car,4.5,xloopA_0Ba,xloopA_0Bb,6302.6,6313.5,10.9,84.2,27.8,0
4474,car,4.5,road_loopA_f0,road_loopA_f1,6178.7,6318.0,139.3,1303.6,33.7,0
4506,truck,8.5,road_loopA_f0,road_loopA_f1,6205.8,6319.7,113.9,1303.3,41.2,0
4493,suv,4.8,road_loopA_f0,road_loopA_f1,6197.0,6319.8,122.8,1303.3,38.2,0
4534,car,4.5,road_loopA_f0,road_loopA_f1,6227.6,6320.8,93.2,1304.1,50.4,0
4526,truck,8.5,road_loopA_f0,road_loopA_f1,6224.3,6322.5,98.2,1302.8,47.7,0
4406,bus,11.0,road_loopA_f0,road_loopA_f1,6123.4,6323.1,199.7,1303.1,23.5,3
4530,car,4.5,road_loopA_f0,road_loopA_f1,6225.8,6324.6,98.8,1303.4,47.5,0
4532,suv,4.8,road_loopA_f0,road_loopA_f1,6227.3,6328.4,101.1,1303.8,46.4,0
4537,suv,4.8,road_loopA_f0,road_loopA_f1,6236.3,6329.4,93.1,1303.4,50.4,0
4515,car,4.5,road_loopA_f0,road_loopA_f1,6214.8,6332.2,117.4,1303.2,40.0,0
4569,car,4.5,road_loopA_f0,xloopA_0Bb,6262.0,6335.6,73.6,478.6,23.4,1
4478,car,4.5,road_loopA_r0,xloopA_0Ab,6181.4,6336.3,154.9,869.1,20.2,3
101,tram,34.0,loopB,loopB,2225.4,6341.0,4115.6,33672.5,29.5,41
4544,truck,8.5,road_loopA_r0,xloopA_0Ab,6241.0,6341.6,100.6,869.0,31.1,2
4529,car,4.5,road_loopA_r0,xloopA_0Ab,6225.6,6345.2,119.6,868.9,26.2,4
4601,truck,8.5,road_loopA_f0,xloopA_0Bb,6287.0,6345.2,58.2,478.7,29.6,0
4567,suv,4.8,road_loopA_r0,xloopA_0Ab,6260.1,6354.5,94.4,869.4,33.1,1
4501,car,4.5,road_loopA_r0,road_loopA_r1,6201.2,6354.7,153.5,1298.1,30.4,1
4509,car,4.5,road_loopA_r0,road_loopA_r1,6209.3,6354.9,145.6,1298.3,32.1,1
4514,suv,4.8,road_loopA_r0,road_loopA_r1,6214.6,6356.1,141.5,1298.1,33.0,1
4505,truck,8.5,road_loopA_r0,road_loopA_r1,6203.6,6357.3,153.7,1297.4,30.4,1
4520,car,4.5,road_loopA_r0,road_loopA_r1,6219.2,6357.7,138.5,1297.6,33.7,1
4523,car,4.5,road_loopA_r0,road_loopA_r1,6221.1,6358.4,137.3,1297.5,34.0,1
4513,car,4.5,road_loopA_r0,road_loopA_r1,6212.8,6359.3,146.5,1298.1,31.9,1
4524,car,4.5,road_loopA_r0,road_loopA_r1,6223.1,6359.9,136.8,1297.5,34.1,1
4518,suv,4.8,road_loopA_r0,road_loopA_r1,6216.9,6361.0,144.1,1297.8,32.4,1
4519,car,4.5,road_loopA_r0,road_loopA_r1,6218.5,6361.9,143.4,1298.2,32.6,1
4525,truck,8.5,road_loopA_r0,road_loopA_r1,6223.1,6366.7,143.6,1297.3,32.5,1
4527,suv,4.8,road_loopA_r0,road_loopA_r1,6225.1,6368.5,143.4,1297.4,32.6,1
4528,suv,4.8,road_loopA_r0,road_loopA_r1,6225.3,6369.3,144.0,1297.5,32.4,1
4535,car,4.5,road_loopA_r0,road_loopA_r1,6229.8,6372.5,142.7,1298.6,32.8,1
4538,car,4.5,road_loopA_r0,road_loopA_r1,6236.3,6374.4,138.1,1298.2,33.8,1
4645,suv,4.8,road_loopA_f0,xloopA_0Bb,6333.7,6374.4,40.7,479.0,42.4,0
4508,car,4.5,road_loopA_r0,road_loopA_r1,6208.7,6374.9,166.2,1298.4,28.1,1
4621,car,4.5,road_loopA_r0,xloopA_0Ab,6307.6,6375.1,67.5,869.2,46.4,0
4487,truck,8.5,road_loopA_r0,road_loopA_r1,6193.6,6377.4,183.8,1297.3,25.4,1
4533,truck,8.5,road_loopA_r0,road_loopA_r1,6227.3,6378.5,151.2,1297.7,30.9,1
4494,car,4.5,road_loopA_r0,road_loopA_r1,6197.0,6379.4,182.4,1298.3,25.6,1
4546,car,4.5,road_loopA_r0,road_loopA_r1,6242.6,6379.6,137.0,1297.8,34.1,1
4568,car,4.5,road_loopA_r0,road_loopA_r1,6261.5,6380.4,118.9,1298.3,39.3,1
4554,suv,4.8,road_loopA_r0,road_loopA_r1,6250.8,6381.2,130.4,1297.7,35.8,1
4545,car,4.5,road_loopA_f0,road_loopA_f1,6242.0,6381.5,139.5,1303.9,33.7,1
4500,suv,4.8,road_loopA_r0,road_loopA_r1,6200.8,6381.8,181.0,1297.7,25.8,1
4516,suv,4.8,road_loopA_r0,road_loopA_r1,6215.0,6383.5,168.5,1298.3,27.7,1
4560,car,4.5,road_loopA_f0,road_loopA_f1,6254.1,6384.2,130.1,1302.9,36.0,1
4646,truck,8.5,road_loopA_f0,xloopA_0Bb,6335.0,6384.3,49.3,478.8,34.9,0
4540,suv,4.8,road_loopA_r0,road_loopA_r1,6237.6,6384.6,147.0,1298.4,31.8,1
4541,car,4.5,road_loopA_r0,road_loopA_r1,6238.1,6385.1,147.0,1297.5,31.8,1
4551,suv,4.8,road_loopA_r0,road_loopA_r1,6247.5,6385.7,138.2,1297.9,33.8,0
4539,car,4.5,road_loopA_f0,road_loopA_f1,6237.5,6386.0,148.5,1303.7,31.6,1
4553,car,4.5,road_loopA_r0,road_loopA_r1,6249.3,6387.0,137.7,1298.3,34.0,1
4629,suv,4.8,road_loopA_r0,xloopA_0Ab,6316.1,6387.1,71.0,869.5,44.1,0
4656,car,4.5,road_loopA_f0,xloopA_0Bb,6344.0,6387.6,43.6,478.7,39.5,0
4548,car,4.5,road_loopA_f0,road_loopA_f1,6246.2,6387.7,141.5,1303.7,33.2,1
4562,car,4.5,road_loopA_r0,road_loopA_r1,6258.0,6387.7,129.7,1297.9,36.0,0
4565,car,4.5,road_loopA_f0,road_loopA_f1,6259.1,6388.6,129.5,1303.0,36.2,1
4552,car,4.5,road_loopA_r0,road_loopA_r1,6249.1,6388.8,139.7,1298.6,33.5,1
4558,truck,8.5,road_loopA_r0,road_loopA_r1,6253.6,6389.6,136.0,1298.1,34.4,0
4550,car,4.5,road_loopA_f0,road_loopA_f1,6247.0,6390.8,143.8,1303.3,32.6,1
4572,car,4.5,road_loopA_f0,road_loopA_f1,6264.7,6390.9,126.2,1303.6,37.2,1
4571,car,4.5,road_loopA_r0,road_loopA_r1,6264.4,6392.0,127.6,1298.1,36.6,0
4561,truck,8.5,road_loopA_r0,road_loopA_r1,6256.2,6392.2,136.0,1298.2,34.4,0
4573,car,4.5,road_loopA_f0,road_loopA_f1,6265.6,6392.4,126.8,1303.0,37.0,1
4574,car,4.5,road_loopA_f0,road_loopA_f1,6266.5,6392.8,126.3,1303.6,37.2,1
4577,suv,4.8,road_loopA_r0,road_loopA_r1,6270.0,6393.1,123.1,1297.7,37.9,1
4547,car,4.5,road_loopA_r0,road_loopA_r1,6243.5,6393.2,149.7,1297.6,31.2,0
4559,suv,4.8,road_loopA_r0,road_loopA_r1,6253.8,6394.3,140.5,1298.3,33.3,0
4582,car,4.5,road_loopA_f0,road_loopA_f1,6274.0,6394.5,120.5,1303.9,39.0,1
4578,car,4.5,road_loopA_f0,road_loopA_f1,6271.1,6394.7,123.6,1303.1,37.9,1
4593,truck,8.5,road_loopA_r0,road_loopA_r1,6280.3,6395.3,115.0,1297.9,40.6,0
4557,car,4.5,road_loopA_r0,road_loopA_r1,6253.2,6396.0,142.8,1297.3,32.7,0
4586,car,4.5,road_loopA_r0,road_loopA_r1,6276.8,6396.2,119.4,1298.3,39.1,0
4611,truck,8.5,road_loopA_r0,xloopA_0Ab,6297.1,6397.0,99.9,869.0,31.3,1
4584,car,4.5,road_loopA_r0,road_loopA_r1,6275.6,6397.6,122.0,1297.7,38.3,0
4581,car,4.5,road_loopA_f0,road_loopA_f1,6273.5,6397.7,124.2,1303.5,37.8,1
4615,suv,4.8,road_loopA_r0,road_loopA_r1,6302.5,6399.1,96.6,1298.0,48.4,0
4592,car,4.5,road_loopA_r0,road_loopA_r1,6279.9,6399.3,119.4,1298.3,39.1,0
4585,car,4.5,road_loopA_r0,road_loopA_r1,6276.6,6399.4,122.8,1297.4,38.0,0
4579,truck,8.5,road_loopA_f0,road_loopA_f1,6272.0,6400.7,128.7,1303.3,36.4,1
4589,car,4.5,xloopA_0Aa,road_loopA_f1,6278.6,6400.8,122.2,872.3,25.7,0
4597,suv,4.8,road_loopA_r0,road_loopA_r1,6283.2,6401.0,117.8,1298.1,39.7,0
4588,suv,4.8,road_loopA_r0,road_loopA_r1,6278.0,6401.2,123.2,1298.0,37.9,0
4587,car,4.5,road_loopA_f0,road_loopA_f1,6277.7,6401.5,123.8,1303.8,37.9,1
4620,suv,4.8,road_loopA_r0,road_loopA_r1,6306.6,6401.8,95.2,1298.0,49.1,0
4598,suv,4.8,road_loopA_f0,road_loopA_f1,6285.4,6401.9,116.5,1303.6,40.3,1
4595,car,4.5,road_loopA_r0,road_loopA_r1,6282.1,6402.9,120.8,1297.3,38.7,0
4590,car,4.5,road_loopA_f0,road_loopA_f1,6279.1,6403.2,124.1,1303.5,37.8,1
4604,car,4.5,road_loopA_f0,road_loopA_f1,6289.9,6403.6,113.7,1303.6,41.3,0
4600,car,4.5,road_loopA_r0,road_loopA_r1,6286.8,6403.8,117.0,1298.5,39.9,0
4608,car,4.5,road_loopA_r0,road_loopA_r1,6293.5,6403.9,110.4,1298.5,42.4,0
4594,suv,4.8,road_loopA_f0,road_loopA_f1,6281.0,6404.2,123.2,1303.7,38.1,1
4605,car,4.5,road_loopA_r0,road_loopA_r1,6290.5,6405.9,115.4,1298.0,40.5,0
4614,car,4.5,road_loopA_r0,road_loopA_r1,6301.6,6406.9,105.3,1297.5,44.4,0
4576,car,4.5,road_loopA_f0,xloopA_0Ab,6269.4,6407.2,137.8,505.1,13.2,1
4628,car,4.5,road_loopA_r0,road_loopA_r1,6315.6,6407.8,92.2,1298.3,50.7,0
4488,truck,8.5,road_loopA_r0,xloopA_0Bb,6194.3,6408.0,213.7,895.8,15.1,1
4626,car,4.5,road_loopA_r0,road_loopA_r1,6313.6,6408.7,95.1,1298.4,49.1,0
4603,suv,4.8,road_loopA_f0,road_loopA_f1,6288.5,6409.7,121.2,1303.9,38.7,1
4591,car,4.5,road_loopA_f0,road_loopA_f1,6279.2,6409.9,130.7,1302.8,35.9,1
4602,car,4.5,road_loopA_f0,road_loopA_f1,6287.6,6410.5,122.9,1303.7,38.2,0
4607,truck,8.5,road_loopA_f0,xloopA_0Ab,6292.1,6410.7,118.6,505.5,15.3,1
4489,suv,4.8,road_loopA_r0,xloopA_0Bb,6194.7,6411.0,216.3,895.9,14.9,1
4570,truck,8.5,road_loopA_r0,road_loopA_r1,6262.9,6412.0,149.1,1298.3,31.3,1
4617,car,4.5,road_loopA_f0,road_loopA_f1,6302.7,6412.0,109.3,1303.5,42.9,0
4609,car,4.5,road_loopA_f0,road_loopA_f1,6296.9,6413.0,116.1,1303.8,40.4,0
4504,suv,4.8,road_loopA_r0,xloopA_0Bb,6203.5,6413.7,210.2,895.9,15.3,1
4622,car,4.5,road_loopA_f0,xloopA_0Ab,6308.3,6413.7,105.4,505.3,17.3,1
4623,car,4.5,road_loopA_f0,road_loopA_f1,6309.6,6413.8,104.2,1304.1,45.0,0
4618,car,4.5,road_loopA_f0,road_loopA_f1,6302.9,6414.0,111.1,1303.9,42.3,0
4634,car,4.5,road_loopA_r0,road_loopA_r1,6324.5,6415.2,90.7,1297.7,51.5,0
4625,car,4.5,road_loopA_f0,road_loopA_f1,6312.7,6415.6,102.9,1303.0,45.6,0
4624,car,4.5,road_loopA_f0,road_loopA_f1,6312.7,6416.1,103.4,1303.7,45.4,0
4522,car,4.5,road_loopA_r0,xloopA_0Bb,6220.5,6416.3,195.8,895.3,16.5,1
4549,truck,8.5,road_loopA_r0,road_loopA_r1,6246.3,6416.4,170.1,1298.6,27.5,1
4633,suv,4.8,road_loopA_f0,xloopA_0Ab,6322.5,6416.4,93.9,505.4,19.4,1
4613,car,4.5,road_loopA_f0,road_loopA_f1,6300.4,6418.7,118.3,1302.9,39.7,0
4631,car,4.5,road_loopA_f0,road_loopA_f1,6318.4,6419.6,101.2,1303.9,46.4,0
4635,car,4.5,road_loopA_f0,road_loopA_f1,6326.2,6420.5,94.3,1303.8,49.8,0
4684,car,4.5,xloopA_0Aa,xloopA_0Ab,6360.2,6422.1,61.9,84.1,4.9,1
4718,car,4.5,xloopA_0Ba,xloopA_0Bb,6383.9,6422.1,38.2,84.8,8.0,1
4640,car,4.5,road_loopA_f0,road_loopA_f1,6328.4,6422.3,93.9,1302.8,49.9,0
4521,car,4.5,xloopA_0Aa,road_loopA_f1,6220.0,6423.0,203.0,872.3,15.5,0
4543,car,4.5,road_loopA_f0,road_loopA_f1,6238.9,6424.7,185.8,1303.8,25.3,1
4636,suv,4.8,road_loopA_f0,road_loopA_f1,6326.9,6425.3,98.4,1303.2,47.7,0
4747,car,4.5,xloopA_0Aa,xloopA_0Ab,6406.1,6426.0,19.9,84.3,15.2,0
4555,car,4.5,road_loopA_f0,road_loopA_f1,6252.3,6426.3,174.0,1302.9,27.0,1
4649,car,4.5,road_loopA_f0,road_loopA_f1,6337.4,6427.9,90.5,1303.3,51.9,0
4564,suv,4.8,road_loopA_f0,road_loopA_f1,6258.9,6428.0,169.1,1303.3,27.7,1
4638,car,4.5,road_loopA_f0,road_loopA_f1,6327.2,6428.1,100.9,1303.8,46.5,0
4767,car,4.5,xloopA_0Ba,xloopA_0Bb,6418.7,6428.4,9.7,84.5,31.4,0
4566,suv,4.8,road_loopA_f0,road_loopA_f1,6259.3,6429.8,170.5,1303.3,27.5,1
4627,bus,11.0,road_loopA_r0,road_loopA_r1,6313.5,6429.9,116.4,1298.3,40.2,0
4651,car,4.5,road_loopA_f0,road_loopA_f1,6339.3,6430.4,91.1,1302.9,51.5,0
4610,car,4.5,road_loopA_f0,road_loopA_f1,6297.2,6431.3,134.1,1303.4,35.0,0
4583,suv,4.8,road_loopA_f0,road_loopA_f1,6274.2,6431.6,157.4,1303.6,29.8,1
4599,car,4.5,road_loopA_f0,road_loopA_f1,6286.3,6433.4,147.1,1303.3,31.9,1
4606,car,4.5,road_loopA_f0,road_loopA_f1,6291.0,6434.3,143.3,1303.7,32.8,11
4612,bus,11.0,road_loopA_f0,road_loopA_f1,6297.8,6438.4,140.6,1303.0,33.4,1
4619,car,4.5,road_loopA_f0,road_loopA_f1,6305.3,6440.0,134.7,1302.9,34.8,0
4652,car,4.5,road_loopA_f0,road_loopA_f1,6340.8,6440.6,99.8,1303.0,47.0,0
4647,car,4.5,road_loopA_f0,road_loopA_f1,6336.5,6442.0,105.5,1303.8,44.5,0
4654,car,4.5,road_loopA_f0,road_loopA_f1,6343.5,6442.4,98.9,1304.1,47.5,0
4664,suv,4.8,road_loopA_f0,road_loopA_f1,6349.6,6445.6,96.0,1303.0,48.9,0
4672,car,4.5,road_loopA_f0,road_loopA_f1,6355.4,6445.6,90.2,1304.0,52.1,0
4677,suv,4.8,road_loopA_f0,road_loopA_f1,6357.4,6447.4,90.0,1303.7,52.2,0
9,tram,34.0,loopA,loopA,2058.7,6448.7,4390.0,33702.9,27.6,41
4683,suv,4.8,road_loopA_f0,road_loopA_f1,6359.4,6448.7,89.3,1302.9,52.5,0
4637,car,4.5,road_loopA_r0,xloopA_0Ab,6326.9,6449.4,122.5,868.9,25.5,3
4733,car,4.5,road_loopA_f0,xloopA_0Bb,6392.6,6450.3,57.7,478.6,29.8,0
4563,bus,11.0,road_loopA_f0,road_loopA_f1,6258.6,6450.4,191.8,1302.8,24.4,3
4650,car,4.5,road_loopA_f0,road_loopA_f1,6337.9,6452.1,114.2,1302.8,41.1,0
4675,suv,4.8,road_loopA_r0,xloopA_0Ab,6356.9,6453.2,96.3,869.5,32.5,2
4655,suv,4.8,road_loopA_f0,road_loopA_f1,6343.5,6454.0,110.5,1303.6,42.5,0
4658,car,4.5,road_loopA_r0,xloopA_0Ab,6345.0,6456.8,111.8,869.0,28.0,3
4674,car,4.5,road_loopA_r0,xloopA_0Ab,6356.1,6464.1,108.0,868.9,29.0,2
4641,car,4.5,road_loopA_r0,road_loopA_r1,6328.8,6465.5,136.7,1297.5,34.2,1
4648,car,4.5,road_loopA_r0,road_loopA_r1,6337.0,6469.2,132.2,1298.0,35.3,1
4575,bus,11.0,road_loopA_f0,road_loopA_f1,6268.7,6470.1,201.4,1303.3,23.3,4
4639,suv,4.8,road_loopA_r0,road_loopA_r1,6327.6,6472.8,145.2,1297.3,32.2,1
4630,suv,4.8,road_loopA_r0,road_loopA_r1,6318.0,6474.6,156.6,1297.3,29.8,1
4657,suv,4.8,road_loopA_r0,road_loopA_r1,6344.6,6474.6,130.0,1297.3,35.9,1
4644,car,4.5,road_loopA_r0,road_loopA_r1,6333.0,6476.3,143.3,1297.8,32.6,1
4661,suv,4.8,road_loopA_r0,road_loopA_r1,6346.2,6476.6,130.4,1297.3,35.8,1
4643,car,4.5,road_loopA_r0,road_loopA_r1,6331.4,6476.7,145.3,1297.3,32.2,1
4660,suv,4.8,road_loopA_r0,road_loopA_r1,6345.9,6478.4,132.5,1298.5,35.3,1
4642,truck,8.5,road_loopA_r0,road_loopA_r1,6329.1,6478.5,149.4,1297.8,31.3,1
4663,suv,4.8,road_loopA_r0,road_loopA_r1,6348.7,6480.1,131.4,1298.0,35.6,1
4666,car,4.5,road_loopA_r0,road_loopA_r1,6350.7,6481.4,130.7,1298.6,35.8,1
4669,car,4.5,road_loopA_r0,road_loopA_r1,6352.8,6483.4,130.6,1297.5,35.8,1
4668,car,4.5,road_loopA_r0,road_loopA_r1,6352.2,6483.9,131.7,1297.7,35.5,1
4653,car,4.5,road_loopA_r0,road_loopA_r1,6341.7,6484.3,142.6,1298.1,32.8,1
4671,car,4.5,road_loopA_r0,road_loopA_r1,6355.3,6485.1,129.8,1297.4,36.0,1
4681,car,4.5,road_loopA_r0,road_loopA_r1,6359.2,6485.7,126.5,1298.2,36.9,1
4659,suv,4.8,road_loopA_r0,road_loopA_r1,6345.8,6486.1,140.3,1297.3,33.3,1
4690,suv,4.8,road_loopA_r0,road_loopA_r1,6362.5,6486.9,124.4,1297.7,37.5,1
4679,car,4.5,road_loopA_r0,road_loopA_r1,6358.0,6487.9,129.9,1297.6,35.9,1
4694,car,4.5,road_loopA_r0,road_loopA_r1,6364.9,6488.4,123.5,1298.0,37.8,1
4680,car,4.5,road_loopA_r0,road_loopA_r1,6359.1,6489.7,130.6,1297.5,35.8,1
4698,car,4.5,road_loopA_r0,road_loopA_r1,6367.0,6490.2,123.2,1297.6,37.9,1
4696,car,4.5,road_loopA_r0,road_loopA_r1,6366.4,6490.5,124.1,1297.9,37.6,1
4688,truck,8.5,road_loopA_r0,road_loopA_r1,6361.7,6491.9,130.2,1297.9,35.9,0
4734,car,4.5,road_loopA_r0,road_loopA_r1,6394.9,6492.2,97.3,1297.7,48.0,0
4695,car,4.5,road_loopA_r0,road_loopA_r1,6365.4,6493.8,128.4,1298.2,36.4,1
4692,suv,4.8,road_loopA_r0,road_loopA_r1,6362.7,6493.9,131.2,1297.6,35.6,0
4693,car,4.5,road_loopA_f0,road_loopA_f1,6364.8,6494.5,129.7,1303.0,36.2,1
4706,car,4.5,road_loopA_r0,road_loopA_r1,6376.9,6495.1,118.2,1297.9,39.5,0
4702,suv,4.8,road_loopA_r0,road_loopA_r1,6373.5,6495.2,121.7,1298.4,38.4,1
4712,car,4.5,road_loopA_r0,road_loopA_r1,6380.4,6496.7,116.3,1298.6,40.2,0
4707,suv,4.8,road_loopA_r0,road_loopA_r1,6377.7,6496.8,119.1,1297.3,39.2,3
4697,car,4.5,road_loopA_f0,road_loopA_f1,6366.8,6497.0,130.2,1303.2,36.0,1
4689,suv,4.8,road_loopA_f0,road_loopA_f1,6362.1,6498.0,135.9,1304.0,34.6,1
4720,car,4.5,road_loopA_r0,road_loopA_r1,6385.3,6498.5,113.2,1298.6,41.3,1
4713,suv,4.8,road_loopA_r0,road_loopA_r1,6380.7,6498.6,117.9,1297.5,39.6,0
4701,car,4.5,road_loopA_f0,road_loopA_f1,6372.5,6499.2,126.7,1303.1,37.0,1
4730,suv,4.8,road_loopA_r0,road_loopA_r1,6391.6,6501.2,109.6,1297.4,42.6,0
4716,car,4.5,road_loopA_r0,road_loopA_r1,6382.1,6501.4,119.3,1297.7,39.2,0
4729,suv,4.8,road_loopA_r0,road_loopA_r1,6390.5,6502.8,112.3,1298.0,41.6,0
4726,truck,8.5,road_loopA_r0,road_loopA_r1,6389.9,6502.9,113.0,1297.5,41.3,0
4739,suv,4.8,road_loopA_r0,road_loopA_r1,6400.3,6503.6,103.3,1298.2,45.3,0
4709,car,4.5,road_loopA_f0,road_loopA_f1,6378.3,6504.5,126.2,1303.9,37.2,1
4699,suv,4.8,road_loopA_f0,road_loopA_f1,6367.9,6504.8,136.9,1302.8,34.3,1
4731,suv,4.8,road_loopA_r0,road_loopA_r1,6392.1,6505.7,113.6,1298.2,41.1,0
4673,car,4.5,road_loopA_f0,road_loopA_f1,6355.9,6506.1,150.2,1302.8,31.2,1
4715,car,4.5,road_loopA_f0,road_loopA_f1,6382.0,6506.5,124.5,1303.0,37.7,1
4732,suv,4.8,road_loopA_r0,road_loopA_r1,6392.5,6507.1,114.6,1297.4,40.8,0
4703,car,4.5,road_loopA_f0,road_loopA_f1,6375.4,6507.5,132.1,1303.2,35.5,1
4719,car,4.5,road_loopA_f0,road_loopA_f1,6384.0,6508.4,124.4,1303.9,37.7,1
4757,car,4.5,road_loopA_r0,road_loopA_r1,6411.8,6508.8,97.0,1298.4,48.2,0
4738,car,4.5,road_loopA_r0,road_loopA_r1,6397.3,6508.9,111.6,1297.3,41.9,0
4728,truck,8.5,road_loopA_f0,road_loopA_f1,6390.1,6509.1,119.0,1304.1,39.4,1
4736,suv,4.8,road_loopA_f0,road_loopA_f1,6395.7,6510.0,114.3,1303.4,41.1,1
4740,car,4.5,road_loopA_f0,road_loopA_f1,6400.9,6511.0,110.1,1303.7,42.6,1
4744,truck,8.5,road_loopA_r0,road_loopA_r1,6403.4,6513.1,109.7,1297.4,42.6,0
4735,car,4.5,road_loopA_f0,road_loopA_f1,6395.7,6514.0,118.3,1304.1,39.7,1
4724,car,4.5,road_loopA_r0,road_loopA_r1,6387.6,6514.1,126.5,1298.0,36.9,0
4725,car,4.5,road_loopA_r0,road_loopA_r1,6389.3,6514.8,125.5,1297.5,37.2,0
4760,car,4.5,road_loopA_f0,road_loopA_f1,6413.1,6515.0,101.9,1303.4,46.0,0
4754,suv,4.8,road_loopA_r0,road_loopA_r1,6411.3,6515.2,103.9,1298.5,45.0,0
4742,car,4.5,road_loopA_f0,road_loopA_f1,6401.8,6516.5,114.7,1303.8,40.9,0
4748,car,4.5,road_loopA_r0,road_loopA_r1,6406.3,6516.7,110.4,1297.4,42.3,0
4750,car,4.5,xloopA_0Aa,road_loopA_f1,6407.0,6516.7,109.7,872.7,28.6,0
4763,car,4.5,road_loopA_r0,road_loopA_r1,6415.0,6517.7,102.7,1297.5,45.5,0
4678,car,4.5,road_loopA_f0,road_loopA_f1,6357.7,6518.4,160.7,1303.5,29.2,1
4717,car,4.5,road_loopA_f0,road_loopA_f1,6382.8,6519.2,136.4,1303.6,34.4,2
4765,suv,4.8,road_loopA_f0,road_loopA_f1,6417.9,6519.3,101.4,1304.2,46.3,0
4721,car,4.5,road_loopA_r0,road_loopA_r1,6385.8,6519.4,133.6,1297.6,35.0,0
4770,car,4.5,road_loopA_r0,road_loopA_r1,6420.6,6519.5,98.9,1298.1,47.3,0
4531,car,4.5,road_loopA_r0,xloopA_0Bb,6225.9,6520.0,294.1,895.4,11.0,2
4687,car,4.5,road_loopA_f0,road_loopA_f1,6361.6,6520.3,158.7,1303.2,29.6,1
4745,car,4.5,road_loopA_f0,road_loopA_f1,6404.5,6520.3,115.8,1303.3,40.5,0
4667,car,4.5,road_loopA_f0,xloopA_0Ab,6351.1,6520.6,169.5,505.5,10.7,2
4685,suv,4.8,road_loopA_r0,road_loopA_r1,6360.5,6520.9,160.4,1298.4,29.1,1
4741,car,4.5,road_loopA_r0,road_loopA_r1,6401.0,6521.1,120.1,1298.2,38.9,0
4665,car,4.5,road_loopA_r0,road_loopA_r1,6349.8,6522.0,172.2,1297.8,27.1,1
4691,car,4.5,road_loopA_f0,road_loopA_f1,6362.6,6522.0,159.4,1303.0,29.4,1
4751,car,4.5,road_loopA_f0,road_loopA_f1,6409.5,6522.4,112.9,1303.8,41.6,0
4632,car,4.5,road_loopA_r0,xloopA_0Bb,6321.4,6522.6,201.2,895.4,16.0,2
4746,car,4.5,road_loopA_r0,road_loopA_r1,6405.4,6522.7,117.3,1297.6,39.8,0
4771,car,4.5,road_loopA_f0,road_loopA_f1,6420.9,6522.8,101.9,1303.8,46.0,0
4676,suv,4.8,road_loopA_f0,xloopA_0Ab,6357.4,6523.2,165.8,505.5,11.0,2
4700,car,4.5,road_loopA_f0,road_loopA_f1,6371.9,6523.8,151.9,1303.0,30.9,1
4766,suv,4.8,road_loopA_r0,road_loopA_r1,6418.1,6524.3,106.2,1297.7,44.0,0
4749,car,4.5,road_loopA_r0,road_loopA_r1,6406.4,6524.6,118.2,1297.3,39.5,0
4756,car,4.5,road_loopA_f0,road_loopA_f1,6411.6,6524.8,113.2,1302.9,41.4,0
4722,car,4.5,road_loopA_r0,xloopA_0Bb,6386.0,6525.3,139.3,895.6,23.2,2
4768,car,4.5,road_loopA_f0,road_loopA_f1,6419.1,6525.5,106.4,1303.7,44.1,0
4670,suv,4.8,road_loopA_r0,road_loopA_r1,6355.3,6525.6,170.3,1298.3,27.4,1
4711,car,4.5,road_loopA_f0,road_loopA_f1,6379.2,6525.6,146.4,1303.7,32.1,1
4682,car,4.5,road_loopA_f0,xloopA_0Ab,6359.3,6525.9,166.6,505.4,10.9,2
4775,truck,8.5,road_loopA_r0,road_loopA_r1,6423.5,6526.6,103.1,1298.4,45.3,0
4727,car,4.5,road_loopA_f0,road_loopA_f1,6390.1,6527.3,137.2,1303.1,34.2,1
4758,car,4.5,road_loopA_r0,xloopA_0Bb,6412.0,6528.0,116.0,895.7,27.8,1
4752,car,4.5,road_loopA_r0,road_loopA_r1,6410.6,6528.4,117.8,1297.3,39.6,0
4708,car,4.5,road_loopA_f0,xloopA_0Ab,6378.0,6528.5,150.5,505.3,12.1,1
4737,suv,4.8,road_loopA_f0,road_loopA_f1,6396.7,6528.6,131.9,1303.3,35.6,0
4773,car,4.5,road_loopA_f0,road_loopA_f1,6422.3,6528.8,106.5,1303.9,44.1,0
4784,truck,8.5,road_loopA_r0,road_loopA_r1,6433.7,6529.1,95.4,1297.8,49.0,0
4781,car,4.5,road_loopA_r0,road_loopA_r1,6431.0,6530.1,99.1,1297.7,47.2,0
4759,car,4.5,road_loopA_f0,road_loopA_f1,6413.0,6530.4,117.4,1303.5,40.0,0
4662,suv,4.8,road_loopA_r0,road_loopA_r1,6348.1,6530.9,182.8,1298.4,25.6,1
4704,car,4.5,road_loopA_f0,xloopA_0Ab,6376.3,6531.1,154.8,505.0,11.7,1
4764,suv,4.8,road_loopA_f0,road_loopA_f1,6415.1,6531.5,116.4,1304.0,40.3,0
4779,car,4.5,road_loopA_f0,road_loopA_f1,6429.6,6531.5,101.9,1303.6,46.0,0
4761,suv,4.8,road_loopA_f0,road_loopA_f1,6413.0,6531.8,118.8,1303.6,39.5,0
4769,suv,4.8,road_loopA_f0,road_loopA_f1,6420.1,6533.3,113.2,1303.9,41.4,0
4790,car,4.5,road_loopA_r0,road_loopA_r1,6438.1,6533.8,95.7,1298.0,48.8,0
4772,suv,4.8,road_loopA_f0,road_loopA_f1,6421.0,6535.1,114.1,1303.5,41.1,0
4782,car,4.5,road_loopA_f0,road_loopA_f1,6431.1,6535.2,104.1,1302.9,45.1,0
4778,car,4.5,xloopA_0Ba,xloopA_0Bb,6427.2,6535.3,108.1,84.3,2.8,1
4743,suv,4.8,road_loopA_f0,road_loopA_f1,6402.8,6536.1,133.3,1303.1,35.2,0
4795,car,4.5,road_loopA_r0,road_loopA_r1,6447.1,6536.2,89.1,1297.9,52.4,0
4774,car,4.5,road_loopA_f0,road_loopA_f1,6422.5,6536.9,114.4,1303.2,41.0,0
4792,car,4.5,road_loopA_f0,road_loopA_f1,6440.5,6537.0,96.5,1304.1,48.7,0
4762,truck,8.5,road_loopA_f0,road_loopA_f1,6414.4,6538.2,123.8,1303.1,37.9,0
4825,car,4.5,xloopA_0Ba,xloopA_0Bb,6483.7,6538.4,54.7,84.7,5.6,1
4777,car,4.5,road_loopA_f0,road_loopA_f1,6426.2,6538.7,112.5,1303.7,41.7,0
4776,car,4.5,road_loopA_f0,road_loopA_f1,6425.8,6539.9,114.1,1303.7,41.1,0
4780,suv,4.8,road_loopA_f0,road_loopA_f1,6430.1,6540.5,110.4,1304.2,42.5,0
4794,truck,8.5,road_loopA_f0,road_loopA_f1,6446.2,6541.5,95.3,1303.3,49.2,0
4783,car,4.5,road_loopA_f0,road_loopA_f1,6432.7,6542.3,109.6,1303.9,42.8,0
4785,car,4.5,road_loopA_f0,road_loopA_f1,6436.1,6542.6,106.5,1303.4,44.1,0
4796,suv,4.8,road_loopA_f0,road_loopA_f1,6447.3,6543.5,96.2,1303.8,48.8,0
4787,car,4.5,road_loopA_f0,road_loopA_f1,6436.5,6544.5,108.0,1303.9,43.5,0
4870,car,4.5,xloopA_0Ba,xloopA_0Bb,6533.1,6545.1,12.0,84.6,25.4,0
4786,car,4.5,road_loopA_f0,road_loopA_f1,6436.2,6545.9,109.7,1303.9,42.8,0
4788,car,4.5,road_loopA_f0,road_loopA_f1,6436.6,6547.6,111.0,1303.2,42.3,0
4791,car,4.5,road_loopA_f0,road_loopA_f1,6440.0,6549.4,109.4,1304.0,42.9,0
4797,truck,8.5,road_loopA_f0,road_loopA_f1,6449.0,6550.1,101.1,1303.3,46.4,0
4799,car,4.5,road_loopA_f0,road_loopA_f1,6451.9,6550.6,98.7,1303.4,47.5,0
4793,car,4.5,road_loopA_f0,road_loopA_f1,6445.5,6551.2,105.7,1303.6,44.4,0
4755,bus,11.0,road_loopA_f0,road_loopA_f1,6411.2,6553.4,142.2,1302.8,33.0,2
4806,suv,4.8,road_loopA_f0,road_loopA_f1,6464.5,6553.8,89.3,1303.1,52.5,0
4798,bus,11.0,road_loopA_f0,road_loopA_f1,6451.1,6556.0,104.9,1303.7,44.8,0
4801,car,4.5,road_loopA_f0,road_loopA_f1,6458.1,6556.1,98.0,1303.8,47.9,0
4802,car,4.5,road_loopA_f0,road_loopA_f1,6460.2,6557.8,97.6,1303.8,48.1,0
4811,suv,4.8,road_loopA_f0,road_loopA_f1,6469.7,6559.2,89.5,1303.6,52.4,0
4814,suv,4.8,road_loopA_f0,road_loopA_f1,6472.5,6563.0,90.5,1303.8,51.8,0
4723,bus,11.0,road_loopA_f0,road_loopA_f1,6387.5,6566.8,179.3,1303.5,26.2,2
4686,bus,11.0,road_loopA_f0,road_loopA_f1,6361.5,6569.1,207.6,1303.5,22.6,3
4800,car,4.5,road_loopA_r0,xloopA_0Ab,6455.4,6571.6,116.2,869.0,26.9,3
4849,car,4.5,road_loopA_f0,xloopA_0Bb,6507.0,6574.7,67.7,478.7,25.5,1
4857,car,4.5,road_loopA_f0,xloopA_0Bb,6517.3,6578.5,61.2,478.8,28.2,0
4838,suv,4.8,road_loopA_r0,xloopA_0Ab,6496.5,6587.1,90.6,869.2,34.5,1
4803,truck,8.5,road_loopA_r0,road_loopA_r1,6460.2,6593.6,133.4,1297.9,35.0,1
4804,truck,8.5,road_loopA_r0,road_loopA_r1,6462.2,6593.6,131.4,1298.2,35.6,1
4807,suv,4.8,road_loopA_r0,road_loopA_r1,6465.7,6593.6,127.9,1298.4,36.5,1
4809,suv,4.8,road_loopA_r0,road_loopA_r1,6467.5,6595.5,128.0,1297.4,36.5,1
4810,car,4.5,road_loopA_r0,road_loopA_r1,6468.7,6597.3,128.6,1298.1,36.3,1
4813,car,4.5,road_loopA_r0,road_loopA_r1,6472.2,6598.4,126.2,1297.5,37.0,1
4808,car,4.5,road_loopA_r0,road_loopA_r1,6466.3,6599.7,133.4,1298.1,35.0,1
4805,car,4.5,road_loopA_r0,road_loopA_r1,6463.0,6600.0,137.0,1297.9,34.1,1
4815,car,4.5,road_loopA_r0,road_loopA_r1,6473.9,6602.8,128.9,1297.9,36.2,1
4820,car,4.5,road_loopA_r0,road_loopA_r1,6477.7,6603.5,125.8,1297.8,37.1,1
4812,car,4.5,road_loopA_r0,road_loopA_r1,6470.2,6604.0,133.8,1297.5,34.9,1
4818,suv,4.8,road_loopA_r0,road_loopA_r1,6475.9,6605.8,129.9,1297.5,36.0,1
4816,car,4.5,road_loopA_r0,road_loopA_r1,6474.9,6606.4,131.5,1297.7,35.5,1
4823,car,4.5,road_loopA_r0,road_loopA_r1,6481.1,6607.0,125.9,1297.5,37.1,1
4819,suv,4.8,road_loopA_r0,road_loopA_r1,6477.0,6608.2,131.2,1298.5,35.6,1
4832,car,4.5,road_loopA_r0,road_loopA_r1,6488.8,6608.8,120.0,1298.3,39.0,1
4821,car,4.5,road_loopA_r0,road_loopA_r1,6478.6,6608.9,130.3,1298.0,35.9,1
4835,car,4.5,road_loopA_r0,road_loopA_r1,6492.9,6609.8,116.9,1297.3,39.9,1
4840,car,4.5,road_loopA_r0,road_loopA_r1,6498.7,6610.8,112.1,1298.6,41.7,0
4829,suv,4.8,road_loopA_r0,road_loopA_r1,6487.7,6611.9,124.2,1298.2,37.6,0
4843,suv,4.8,road_loopA_r0,road_loopA_r1,6499.7,6613.0,113.3,1297.7,41.2,1
4845,car,4.5,road_loopA_r0,road_loopA_r1,6502.8,6613.1,110.3,1298.2,42.4,0
4842,car,4.5,road_loopA_r0,road_loopA_r1,6499.4,6613.6,114.2,1298.2,40.9,0
4854,suv,4.8,road_loopA_r0,road_loopA_r1,6515.5,6615.2,99.7,1298.2,46.9,0
4853,car,4.5,road_loopA_r0,road_loopA_r1,6513.2,6616.4,103.2,1298.3,45.3,0
4856,suv,4.8,road_loopA_r0,road_loopA_r1,6517.0,6616.8,99.8,1297.4,46.8,0
4824,suv,4.8,road_loopA_f0,road_loopA_f1,6482.4,6617.1,134.7,1304.1,34.8,1
4827,car,4.5,road_loopA_f0,road_loopA_f1,6485.0,6618.6,133.6,1303.3,35.1,1
4826,car,4.5,road_loopA_f0,road_loopA_f1,6485.0,6619.7,134.7,1302.8,34.8,1
4846,truck,8.5,road_loopA_r0,road_loopA_r1,6503.3,6620.0,116.7,1298.0,40.0,0
4861,car,4.5,road_loopA_r0,road_loopA_r1,6523.9,6620.0,96.1,1298.4,48.6,0
4863,car,4.5,road_loopA_r0,road_loopA_r1,6525.8,6621.6,95.8,1298.6,48.8,0
4830,car,4.5,road_loopA_f0,road_loopA_f1,6488.2,6621.9,133.7,1303.9,35.1,1
4866,car,4.5,road_loopA_r0,road_loopA_r1,6529.9,6622.6,92.7,1297.8,50.4,0
4889,suv,4.8,road_loopA_r0,xloopA_0Ab,6555.3,6623.0,67.7,869.3,46.2,0
4822,car,4.5,road_loopA_f0,road_loopA_f1,6479.1,6623.8,144.7,1304.0,32.4,1
4868,car,4.5,road_loopA_r0,road_loopA_r1,6531.8,6624.5,92.7,1297.4,50.4,0
4873,car,4.5,road_loopA_r0,road_loopA_r1,6536.0,6626.2,90.2,1297.3,51.8,0
4833,car,4.5,road_loopA_f0,road_loopA_f1,6489.0,6627.2,138.2,1303.7,33.9,1
4834,suv,4.8,road_loopA_f0,road_loopA_f1,6492.8,6627.8,135.0,1303.2,34.8,1
4876,car,4.5,road_loopA_r0,road_loopA_r1,6538.3,6628.2,89.9,1298.5,52.0,0
4828,suv,4.8,road_loopA_f0,road_loopA_f1,6485.4,6629.3,143.9,1303.8,32.6,1
4844,car,4.5,road_loopA_f0,road_loopA_f1,6500.5,6629.6,129.1,1303.4,36.3,1
4928,car,4.5,road_loopA_f0,xloopA_0Bb,6590.6,6630.6,40.0,478.6,43.1,0
4864,car,4.5,road_loopA_r0,road_loopA_r1,6525.9,6630.9,105.0,1298.0,44.5,0
4837,truck,8.5,road_loopA_f0,road_loopA_f1,6494.5,6631.5,137.0,1303.5,34.3,1
4839,car,4.5,road_loopA_f0,road_loopA_f1,6497.9,6631.6,133.7,1303.3,35.1,1
4880,car,4.5,road_loopA_r0,road_loopA_r1,6544.0,6633.0,89.0,1297.3,52.5,0
4852,truck,8.5,road_loopA_r0,road_loopA_r1,6512.7,6633.9,121.2,1298.2,38.6,0
4859,car,4.5,road_loopA_f0,road_loopA_f1,6523.3,6633.9,110.6,1303.7,42.4,0
4867,car,4.5,road_loopA_r0,road_loopA_r1,6530.1,6634.7,104.6,1298.3,44.7,0
4862,suv,4.8,road_loopA_r0,road_loopA_r1,6524.0,6635.9,111.9,1298.6,41.8,0
4877,suv,4.8,road_loopA_f0,road_loopA_f1,6539.1,6636.4,97.3,1303.4,48.2,0
4882,car,4.5,road_loopA_r0,road_loopA_r1,6545.3,6636.5,91.2,1298.0,51.2,0
4850,car,4.5,road_loopA_f0,road_loopA_f1,6509.6,6637.9,128.3,1303.9,36.6,1
4847,truck,8.5,road_loopA_f0,road_loopA_f1,6505.0,6638.4,133.4,1303.5,35.2,1
4869,car,4.5,road_loopA_r0,road_loopA_r1,6531.9,6638.7,106.8,1297.4,43.7,0
4865,car,4.5,road_loopA_f0,road_loopA_f1,6527.6,6639.2,111.6,1303.8,42.1,0
4860,car,4.5,road_loopA_f0,road_loopA_f1,6523.8,6640.4,116.6,1303.2,40.2,1
4885,suv,4.8,road_loopA_f0,road_loopA_f1,6553.7,6643.0,89.3,1303.0,52.5,0
4872,car,4.5,road_loopA_f0,road_loopA_f1,6535.5,6643.4,107.9,1303.7,43.5,0
4858,suv,4.8,road_loopA_f0,road_loopA_f1,6518.9,6645.2,126.3,1302.8,37.1,1
4831,truck,8.5,road_loopA_r0,xloopA_0Bb,6488.7,6645.5,156.8,895.2,20.6,1
4887,suv,4.8,road_loopA_f0,road_loopA_f1,6554.4,6645.9,91.5,1303.1,51.3,0
4705,truck,8.5,road_loopA_f0,xloopA_0Ab,6376.5,6646.1,269.6,505.6,6.8,2
4890,car,4.5,road_loopA_r0,road_loopA_r1,6558.6,6647.6,89.0,1297.3,52.5,0
4891,car,4.5,road_loopA_r0,xloopA_0Bb,6558.7,6648.5,89.8,895.6,35.9,1
4714,car,4.5,road_loopA_f0,xloopA_0Ab,6381.0,6649.0,268.0,505.1,6.8,2
4894,car,4.5,road_loopA_r0,road_loopA_r1,6559.8,6650.5,90.7,1298.1,51.5,0
4753,suv,4.8,road_loopA_f0,xloopA_0Ab,6411.2,6651.7,240.5,505.4,7.6,2
4881,suv,4.8,road_loopA_r0,road_loopA_r1,6544.2,6652.5,108.3,1297.9,43.2,0
4874,car,4.5,road_loopA_f0,road_loopA_f1,6536.7,6653.0,116.3,1303.4,40.3,0
4855,bus,11.0,road_loopA_r0,road_loopA_r1,6516.8,6653.3,136.5,1297.4,34.2,1
4848,car,4.5,road_loopA_f0,road_loopA_f1,6506.6,6653.9,147.3,1303.5,31.8,1
4892,car,4.5,road_loopA_f0,road_loopA_f1,6559.5,6654.1,94.6,1303.7,49.6,0
4817,car,4.5,road_loopA_f0,xloopA_0Ab,6475.7,6654.4,178.7,505.4,10.2,1
4895,car,4.5,road_loopA_r0,road_loopA_r1,6559.9,6654.4,94.5,1297.9,49.5,0
4900,car,4.5,road_loopA_r0,road_loopA_r1,6562.7,6655.3,92.6,1297.6,50.4,0
4851,suv,4.8,road_loopA_f0,road_loopA_f1,6511.7,6655.6,143.9,1303.2,32.6,0
4903,car,4.5,road_loopA_f0,road_loopA_f1,6565.8,6656.3,90.5,1303.6,51.9,0
4886,car,4.5,road_loopA_f0,road_loopA_f1,6554.0,6656.4,102.4,1303.0,45.8,0
4893,car,4.5,road_loopA_r0,road_loopA_r1,6559.7,6657.1,97.4,1298.6,48.0,0
4907,suv,4.8,road_loopA_r0,road_loopA_r1,6568.6,6658.3,89.7,1298.7,52.1,0
4836,car,4.5,road_loopA_f0,road_loopA_f1,6493.4,6658.8,165.4,1304.2,28.4,1
4875,truck,8.5,road_loopA_f0,road_loopA_f1,6537.9,6659.8,121.9,1303.7,38.5,0
4902,suv,4.8,road_loopA_r0,road_loopA_r1,6565.3,6661.1,95.8,1297.4,48.8,0
4921,car,4.5,xloopA_0Ba,xloopA_0Bb,6587.9,6661.4,73.5,84.3,4.1,1
4878,bus,11.0,road_loopA_f0,road_loopA_f1,6540.6,6662.3,121.7,1303.2,38.6,0
4898,suv,4.8,road_loopA_f0,road_loopA_f1,6561.8,6662.7,100.9,1303.5,46.5,0
4789,car,4.5,xloopA_0Ba,road_loopA_f1,6436.8,6663.3,226.5,902.4,14.3,1
4923,car,4.5,xloopA_0Aa,xloopA_0Ab,6588.1,6663.7,75.6,84.5,4.0,1
4922,car,4.5,xloopA_0Ba,xloopA_0Bb,6588.0,6664.0,76.0,84.3,4.0,1
4908,car,4.5,road_loopA_f0,road_loopA_f1,6570.7,6664.7,94.0,1303.8,49.9,0
4888,suv,4.8,road_loopA_r0,road_loopA_r1,6555.1,6665.0,109.9,1297.4,42.5,0
4924,car,4.5,xloopA_0Aa,xloopA_0Ab,6588.6,6665.7,77.1,84.1,3.9,0
4939,car,4.5,xloopA_0Aa,xloopA_0Ab,6606.1,6667.9,61.8,84.6,4.9,0
4974,car,4.5,xloopA_0Ba,xloopA_0Bb,6632.0,6670.1,38.1,84.2,8.0,0
4904,suv,4.8,road_loopA_f0,road_loopA_f1,6566.8,6671.3,104.5,1303.8,44.9,0
5009,car,4.5,xloopA_0Aa,xloopA_0Ab,6661.8,6672.0,10.2,84.2,29.7,0
4906,car,4.5,road_loopA_f0,road_loopA_f1,6568.5,6674.9,106.4,1303.4,44.1,0
4913,car,4.5,road_loopA_f0,road_loopA_f1,6579.7,6678.5,98.8,1302.8,47.5,0
4926,car,4.5,road_loopA_f0,road_loopA_f1,6589.7,6679.6,89.9,1303.2,52.2,0
4841,bus,11.0,road_loopA_f0,road_loopA_f1,6498.8,6685.0,186.2,1303.2,25.2,3
4929,suv,4.8,road_loopA_f0,road_loopA_f1,6595.9,6685.2,89.3,1303.1,52.5,0
4933,car,4.5,road_loopA_f0,road_loopA_f1,6598.9,6689.2,90.3,1303.9,52.0,0
4879,car,4.5,road_loopA_r0,xloopA_0Ab,6541.5,6690.2,148.7,869.3,21.0,2
4918,car,4.5,road_loopA_f0,road_loopA_f1,6586.5,6690.4,103.9,1303.2,45.1,0
4927,car,4.5,road_loopA_f0,road_loopA_f1,6589.8,6693.9,104.1,1302.8,45.1,0
4958,car,4.5,road_loopA_f0,xloopA_0Bb,6617.2,6700.8,83.6,478.5,20.6,2
4916,suv,4.8,road_loopA_r0,xloopA_0Ab,6584.3,6700.9,116.6,869.3,26.9,2
4963,truck,8.5,road_loopA_f0,xloopA_0Bb,6621.5,6706.1,84.6,478.4,20.3,2
4911,truck,8.5,road_loopA_r0,xloopA_0Ab,6571.6,6706.2,134.6,869.2,23.2,3
4884,car,4.5,xloopA_0Ba,road_loopA_r1,6548.9,6708.9,160.0,476.4,10.7,1
4944,car,4.5,road_loopA_r0,xloopA_0Ab,6609.5,6709.8,100.3,869.1,31.2,1
4981,car,4.5,road_loopA_f0,xloopA_0Bb,6639.6,6709.9,70.3,478.9,24.5,2
4990,car,4.5,road_loopA_f0,xloopA_0Bb,6644.2,6713.4,69.2,478.6,24.9,3
4971,car,4.5,road_loopA_r0,xloopA_0Ab,6629.0,6718.2,89.2,869.0,35.1,0
482,tram,34.0,loopA,loopA,2538.7,6719.4,4180.7,33703.5,29.0,40
4910,suv,4.8,road_loopA_r0,road_loopA_r1,6571.6,6722.1,150.5,1298.3,31.1,1
4899,bus,11.0,road_loopA_f0,road_loopA_f1,6561.9,6725.3,163.4,1302.8,28.7,2
4920,car,4.5,road_loopA_r0,road_loopA_r1,6587.3,6725.3,138.0,1298.1,33.9,1
4936,car,4.5,road_loopA_r0,road_loopA_r1,6602.0,6726.9,124.9,1297.8,37.4,1
4946,suv,4.8,road_loopA_r0,road_loopA_r1,6612.5,6728.6,116.1,1297.9,40.2,1
4932,car,4.5,xloopA_0Ba,road_loopA_r1,6597.6,6730.2,132.6,476.2,12.9,0
4956,suv,4.8,road_loopA_r0,road_loopA_r1,6615.6,6730.3,114.7,1297.5,40.7,1
4897,car,4.5,xloopA_0Aa,road_loopA_r1,6561.4,6731.1,169.7,506.5,10.7,1
5041,car,4.5,road_loopA_f0,xloopA_0Bb,6690.1,6731.8,41.7,478.8,41.3,0
4912,suv,4.8,road_loopA_r0,road_loopA_r1,6574.0,6731.9,157.9,1298.0,29.6,1
4955,car,4.5,road_loopA_r0,road_loopA_r1,6615.6,6732.5,116.9,1298.5,40.0,1
4901,car,4.5,xloopA_0Aa,road_loopA_r1,6563.3,6733.1,169.8,506.6,10.7,1
4959,truck,8.5,road_loopA_r0,road_loopA_r1,6619.9,6733.7,113.8,1298.3,41.1,1
4909,car,4.5,road_loopA_r0,road_loopA_r1,6571.7,6733.8,162.1,1298.1,28.8,1
4919,bus,11.0,road_loopA_r0,road_loopA_r1,6587.2,6734.7,147.5,1297.5,31.7,1
4966,car,4.5,road_loopA_r0,road_loopA_r1,6623.2,6735.2,112.0,1298.3,41.7,1
4930,car,4.5,road_loopA_r0,road_loopA_r1,6597.4,6735.5,138.1,1298.3,33.8,1
4989,car,4.5,xloopA_0Aa,road_loopA_r1,6643.3,6735.5,92.2,506.8,19.8,0
4938,car,4.5,road_loopA_r0,road_loopA_r1,6603.9,6737.2,133.3,1297.9,35.0,1
4905,car,4.5,road_loopA_r0,road_loopA_r1,6567.9,6737.3,169.4,1298.0,27.6,1
4985,car,4.5,road_loopA_r0,road_loopA_r1,6641.6,6738.0,96.4,1298.7,48.5,0
4960,car,4.5,road_loopA_r0,road_loopA_r1,6620.4,6738.9,118.5,1297.7,39.4,1
4915,car,4.5,road_loopA_r0,road_loopA_r1,6583.1,6739.0,155.9,1298.5,30.0,1
4925,suv,4.8,road_loopA_r0,road_loopA_r1,6589.4,6740.6,151.2,1297.9,30.9,1
4967,car,4.5,road_loopA_r0,road_loopA_r1,6624.5,6740.7,116.2,1297.5,40.2,0
4976,car,4.5,road_loopA_r0,road_loopA_r1,6635.8,6741.1,105.3,1297.6,44.4,0
4942,car,4.5,road_loopA_r0,road_loopA_r1,6606.5,6742.3,135.8,1298.4,34.4,1
4983,car,4.5,road_loopA_r0,road_loopA_r1,6641.4,6743.1,101.7,1298.4,45.9,0
4947,car,4.5,road_loopA_r0,road_loopA_r1,6612.7,6744.0,131.3,1297.8,35.6,0
4978,truck,8.5,road_loopA_r0,road_loopA_r1,6636.1,6745.5,109.4,1297.7,42.7,0
4987,suv,4.8,road_loopA_r0,road_loopA_r1,6642.0,6745.6,103.6,1298.4,45.1,0
4914,bus,11.0,road_loopA_r0,road_loopA_r1,6581.7,6746.7,165.0,1298.2,28.3,2
4988,car,4.5,road_loopA_r0,road_loopA_r1,6643.2,6747.5,104.3,1297.5,44.8,0
5000,car,4.5,road_loopA_r0,road_loopA_r1,6654.8,6747.8,93.0,1298.6,50.3,0
4937,car,4.5,road_loopA_f0,road_loopA_f1,6602.2,6749.0,146.8,1304.2,32.0,1
4935,car,4.5,road_loopA_f0,road_loopA_f1,6600.7,6749.7,149.0,1302.9,31.5,1
5008,car,4.5,road_loopA_r0,road_loopA_r1,6660.9,6749.9,89.0,1298.4,52.5,0
4931,bus,11.0,road_loopA_r0,road_loopA_r1,6597.6,6750.4,152.8,1297.3,30.6,1
5006,car,4.5,road_loopA_r0,road_loopA_r1,6659.0,6751.2,92.2,1297.7,50.6,0
4934,car,4.5,road_loopA_f0,road_loopA_f1,6600.3,6751.4,151.1,1303.2,31.1,1
5005,car,4.5,road_loopA_r0,xloopA_0Ab,6658.7,6752.2,93.5,869.2,33.5,1
5010,suv,4.8,road_loopA_r0,road_loopA_r1,6662.7,6753.1,90.4,1298.6,51.7,0
4948,suv,4.8,road_loopA_f0,road_loopA_f1,6612.7,6755.0,142.3,1302.8,33.0,1
4940,car,4.5,road_loopA_f0,road_loopA_f1,6606.5,6755.6,149.1,1303.8,31.5,1
4962,car,4.5,road_loopA_f0,road_loopA_f1,6621.2,6757.3,136.1,1303.6,34.5,1
5011,truck,8.5,road_loopA_r0,road_loopA_r1,6663.6,6759.0,95.4,1297.7,49.0,0
4970,car,4.5,road_loopA_f0,road_loopA_f1,6626.8,6759.1,132.3,1303.9,35.5,1
4952,car,4.5,road_loopA_f0,road_loopA_f1,6614.6,6759.7,145.1,1304.1,32.3,1
4950,car,4.5,road_loopA_f0,road_loopA_f1,6612.9,6759.8,146.9,1303.9,32.0,1
5015,car,4.5,road_loopA_r0,road_loopA_r1,6666.6,6760.0,93.4,1298.5,50.1,0
4972,car,4.5,road_loopA_f0,road_loopA_f1,6630.5,6760.8,130.3,1303.5,36.0,1
4965,suv,4.8,road_loopA_f0,road_loopA_f1,6622.5,6761.6,139.1,1303.4,33.7,1
5023,car,4.5,road_loopA_r0,road_loopA_r1,6671.3,6761.8,90.5,1298.7,51.7,0
4975,car,4.5,road_loopA_f0,road_loopA_f1,6632.2,6762.6,130.4,1303.5,36.0,1
4964,car,4.5,road_loopA_f0,road_loopA_f1,6622.3,6762.7,140.4,1304.1,33.4,1
5024,suv,4.8,road_loopA_r0,road_loopA_r1,6673.5,6763.6,90.1,1298.4,51.9,0
4999,car,4.5,road_loopA_r0,road_loopA_r1,6654.3,6764.4,110.1,1297.6,42.4,0
4977,car,4.5,road_loopA_f0,road_loopA_f1,6636.0,6764.7,128.7,1303.7,36.5,1
4984,car,4.5,road_loopA_f0,road_loopA_f1,6641.6,6764.8,123.2,1304.1,38.1,1
5007,car,4.5,road_loopA_r0,road_loopA_r1,6659.7,6766.1,106.4,1297.8,43.9,0
4979,car,4.5,road_loopA_f0,road_loopA_f1,6637.2,6766.4,129.2,1303.0,36.3,1
5020,car,4.5,road_loopA_r0,road_loopA_r1,6669.9,6766.8,96.9,1297.3,48.2,0
4995,car,4.5,road_loopA_f0,road_loopA_f1,6650.0,6767.1,117.1,1303.3,40.1,1
5012,car,4.5,road_loopA_r0,road_loopA_r1,6663.9,6767.9,104.0,1297.9,44.9,0
4982,suv,4.8,road_loopA_f0,road_loopA_f1,6641.0,6768.2,127.2,1303.1,36.9,1
5021,car,4.5,road_loopA_r0,road_loopA_r1,6670.2,6768.9,98.7,1298.2,47.4,0
5030,car,4.5,road_loopA_r0,road_loopA_r1,6679.6,6769.6,90.0,1297.7,51.9,0
5025,car,4.5,road_loopA_r0,road_loopA_r1,6674.2,6769.7,95.5,1297.4,48.9,0
4996,car,4.5,road_loopA_f0,road_loopA_f1,6650.0,6769.8,119.8,1303.6,39.2,0
4957,car,4.5,xloopA_0Ba,road_loopA_f1,6616.6,6770.4,153.8,903.0,21.1,0
4917,car,4.5,road_loopA_r0,xloopA_0Bb,6584.7,6770.6,185.9,895.6,17.3,1
4871,car,4.5,road_loopA_f0,xloopA_0Ab,6534.3,6771.2,236.9,505.2,7.7,2
4949,car,4.5,road_loopA_f0,road_loopA_f1,6612.8,6771.4,158.6,1303.3,29.6,1
4941,car,4.5,road_loopA_f0,road_loopA_f1,6606.6,6772.0,165.4,1303.3,28.4,1
4973,car,4.5,road_loopA_f0,road_loopA_f1,6631.8,6772.5,140.7,1303.5,33.3,1
5002,suv,4.8,road_loopA_f0,road_loopA_f1,6655.8,6772.7,116.9,1303.6,40.1,0
4968,car,4.5,road_loopA_r0,xloopA_0Bb,6625.1,6773.2,148.1,895.6,21.8,1
4896,suv,4.8,road_loopA_f0,xloopA_0Ab,6561.3,6773.8,212.5,505.3,8.6,2
4945,car,4.5,road_loopA_f0,road_loopA_f1,6611.2,6773.8,162.6,1302.9,28.9,1
5014,car,4.5,road_loopA_f0,road_loopA_f1,6666.6,6775.2,108.6,1303.3,43.2,0
4980,car,4.5,road_loopA_f0,road_loopA_f1,6637.7,6775.5,137.8,1303.8,34.1,1
4951,suv,4.8,road_loopA_f0,road_loopA_f1,6613.3,6775.9,162.6,1303.0,28.9,1
4993,suv,4.8,road_loopA_r0,xloopA_0Bb,6647.3,6775.9,128.6,895.9,25.1,1
4954,car,4.5,road_loopA_f0,xloopA_0Ab,6615.6,6776.5,160.9,505.2,11.3,1
4994,suv,4.8,road_loopA_f0,road_loopA_f1,6648.0,6777.1,129.1,1303.0,36.3,1
4953,truck,8.5,road_loopA_f0,road_loopA_f1,6615.0,6778.1,163.1,1303.7,28.8,1
5022,suv,4.8,road_loopA_r0,road_loopA_r1,6670.5,6778.2,107.7,1297.8,43.4,0
5038,car,4.5,road_loopA_r0,road_loopA_r1,6686.7,6778.2,91.5,1298.4,51.1,0
4961,suv,4.8,road_loopA_f0,xloopA_0Ab,6620.9,6779.2,158.3,505.4,11.5,1
5003,car,4.5,road_loopA_f0,road_loopA_f1,6656.9,6780.0,123.1,1303.6,38.1,0
4986,suv,4.8,road_loopA_f0,road_loopA_f1,6641.8,6780.1,138.3,1303.2,33.9,1
5045,car,4.5,road_loopA_r0,road_loopA_r1,6691.2,6780.2,89.0,1297.3,52.5,0
4992,suv,4.8,road_loopA_f0,road_loopA_f1,6647.2,6781.2,134.0,1303.3,35.0,1
5029,car,4.5,road_loopA_f0,road_loopA_f1,6679.0,6781.8,102.8,1304.1,45.6,0
4969,suv,4.8,road_loopA_f0,xloopA_0Ab,6626.2,6781.9,155.7,505.4,11.7,1
4991,suv,4.8,road_loopA_f0,road_loopA_f1,6646.7,6781.9,135.2,1303.3,34.7,1
4943,bus,11.0,road_loopA_r0,road_loopA_r1,6607.5,6782.7,175.2,1297.3,26.7,2
5004,suv,4.8,road_loopA_f0,road_loopA_f1,6658.4,6782.9,124.5,1304.1,37.7,0
5042,suv,4.8,road_loopA_f0,road_loopA_f1,6690.4,6783.6,93.2,1303.9,50.4,0
4997,car,4.5,road_loopA_f0,road_loopA_f1,6650.6,6783.8,133.2,1304.1,35.2,1
5031,car,4.5,road_loopA_r0,road_loopA_r1,6679.9,6784.4,104.5,1298.4,44.7,0
5051,car,4.5,road_loopA_r0,road_loopA_r1,6695.6,6784.6,89.0,1297.3,52.5,0
5028,car,4.5,road_loopA_f0,road_loopA_f1,6678.6,6784.8,106.2,1303.4,44.2,0
5044,suv,4.8,road_loopA_f0,road_loopA_f1,6691.2,6785.4,94.2,1303.7,49.8,0
4998,suv,4.8,road_loopA_f0,road_loopA_f1,6652.1,6785.6,133.5,1303.1,35.1,1
5016,car,4.5,xloopA_0Ba,xloopA_0Bb,6667.9,6786.6,118.7,84.3,2.6,1
5049,car,4.5,road_loopA_f0,road_loopA_f1,6694.9,6787.2,92.3,1303.7,50.8,0
5035,car,4.5,road_loopA_f0,road_loopA_f1,6685.7,6787.3,101.6,1303.9,46.2,0
5050,car,4.5,road_loopA_r0,road_loopA_r1,6695.0,6787.4,92.4,1297.9,50.6,0
5001,car,4.5,road_loopA_f0,road_loopA_f1,6655.5,6787.5,132.0,1303.7,35.6,0
5034,car,4.5,xloopA_0Aa,xloopA_0Ab,6685.0,6788.7,103.7,84.4,2.9,1
5056,car,4.5,road_loopA_r0,road_loopA_r1,6699.2,6788.7,89.5,1298.4,52.2,0
5032,car,4.5,xloopA_0Ba,xloopA_0Bb,6681.2,6788.8,107.6,84.2,2.8,1
5053,car,4.5,road_loopA_f0,road_loopA_f1,6697.1,6788.9,91.8,1303.3,51.1,0
5040,suv,4.8,road_loopA_r0,road_loopA_r1,6689.4,6789.0,99.6,1298.4,46.9,0
5033,car,4.5,road_loopA_f0,road_loopA_f1,6684.7,6789.3,104.6,1303.0,44.8,0
5055,car,4.5,road_loopA_f0,road_loopA_f1,6697.2,6790.1,92.9,1303.5,50.5,0
5036,car,4.5,xloopA_0Aa,xloopA_0Ab,6685.7,6790.8,105.1,84.8,2.9,1
5037,car,4.5,road_loopA_f0,road_loopA_f1,6686.4,6791.1,104.7,1303.1,44.8,0
5057,car,4.5,road_loopA_f0,road_loopA_f1,6700.7,6792.4,91.7,1303.6,51.2,0
5047,car,4.5,xloopA_0Aa,xloopA_0Ab,6693.5,6792.8,99.3,84.6,3.1,0
5043,car,4.5,road_loopA_f0,road_loopA_f1,6690.8,6793.3,102.5,1303.8,45.8,0
5054,suv,4.8,road_loopA_f0,road_loopA_f1,6697.0,6794.9,97.9,1303.6,47.9,0
5048,car,4.5,road_loopA_f0,road_loopA_f1,6693.9,6795.1,101.2,1303.2,46.4,0
5070,car,4.5,xloopA_0Aa,xloopA_0Ab,6711.0,6795.6,84.6,84.4,3.6,0
5052,car,4.5,road_loopA_f0,road_loopA_f1,6696.0,6796.8,100.8,1303.4,46.6,0
5062,car,4.5,road_loopA_f0,road_loopA_f1,6706.0,6797.8,91.8,1302.9,51.1,0
5039,bus,11.0,road_loopA_f0,road_loopA_f1,6687.1,6801.0,113.9,1304.1,41.2,1
5068,car,4.5,road_loopA_f0,road_loopA_f1,6710.0,6804.5,94.5,1302.9,49.6,0
5071,car,4.5,road_loopA_f0,road_loopA_f1,6711.5,6807.2,95.7,1303.1,49.0,0
5094,car,4.5,road_loopA_f0,xloopA_0Bb,6733.1,6807.7,74.6,478.5,23.1,1
5026,bus,11.0,road_loopA_f0,road_loopA_f1,6674.3,6814.3,140.0,1303.7,33.5,1
5095,suv,4.8,road_loopA_f0,xloopA_0Bb,6733.1,6814.3,81.2,479.0,21.2,1
5066,car,4.5,road_loopA_f0,road_loopA_f1,6709.0,6815.2,106.2,1303.7,44.2,0
5078,suv,4.8,road_loopA_f0,road_loopA_f1,6716.3,6819.0,102.7,1303.1,45.7,0
5081,suv,4.8,road_loopA_f0,road_loopA_f1,6718.1,6820.7,102.6,1303.0,45.7,0
5080,car,4.5,road_loopA_f0,road_loopA_f1,6716.7,6822.3,105.6,1303.4,44.4,0
5082,car,4.5,road_loopA_f0,road_loopA_f1,6719.1,6823.6,104.5,1303.1,44.9,0
5085,car,4.5,road_loopA_f0,road_loopA_f1,6723.2,6825.3,102.1,1303.6,46.0,0
5058,car,4.5,road_loopA_r0,road_loopA_r1,6700.7,6831.6,130.9,1298.3,35.7,1
5059,suv,4.8,road_loopA_r0,road_loopA_r1,6701.3,6834.4,133.1,1297.4,35.1,1
5064,car,4.5,road_loopA_r0,road_loopA_r1,6707.6,6834.5,126.9,1297.6,36.8,1
5069,car,4.5,road_loopA_r0,road_loopA_r1,6710.7,6837.2,126.5,1297.7,36.9,1
5073,suv,4.8,road_loopA_r0,road_loopA_r1,6714.4,6839.8,125.4,1298.5,37.3,1
5072,car,4.5,road_loopA_r0,road_loopA_r1,6714.1,6840.9,126.8,1297.5,36.8,1
5013,car,4.5,xloopA_0Aa,road_loopA_r1,6666.6,6842.1,175.5,507.0,10.4,1
5074,car,4.5,road_loopA_r0,road_loopA_r1,6714.7,6843.3,128.6,1297.9,36.3,1
5063,car,4.5,road_loopA_r0,road_loopA_r1,6706.6,6843.7,137.1,1297.8,34.1,1
5060,car,4.5,xloopA_0Aa,road_loopA_r1,6703.5,6843.8,140.3,507.1,13.0,0
647,tram,34.0,loopB,loopB,2705.4,6845.5,4140.1,33673.2,29.3,41
5061,car,4.5,road_loopA_r0,road_loopA_r1,6704.0,6845.5,141.5,1298.1,33.0,1
5067,truck,8.5,road_loopA_r0,road_loopA_r1,6709.5,6845.9,136.4,1298.3,34.3,1
5089,suv,4.8,road_loopA_r0,road_loopA_r1,6726.7,6846.8,120.1,1298.1,38.9,1
5076,car,4.5,road_loopA_r0,road_loopA_r1,6715.0,6847.8,132.8,1297.4,35.2,1
5075,car,4.5,road_loopA_r0,road_loopA_r1,6714.9,6848.4,133.5,1298.3,35.0,1
5088,car,4.5,road_loopA_r0,road_loopA_r1,6726.7,6849.5,122.8,1297.7,38.0,1
5096,car,4.5,road_loopA_r0,road_loopA_r1,6733.2,6849.8,116.6,1298.3,40.1,1
5091,car,4.5,road_loopA_r0,road_loopA_r1,6730.3,6850.0,119.7,1297.6,39.0,1
5098,car,4.5,road_loopA_r0,road_loopA_r1,6734.6,6851.2,116.6,1297.6,40.1,1
5090,suv,4.8,road_loopA_r0,road_loopA_r1,6726.7,6851.3,124.6,1297.8,37.5,1
5097,suv,4.8,road_loopA_r0,road_loopA_r1,6733.5,6852.1,118.6,1297.4,39.4,1
5092,suv,4.8,road_loopA_r0,road_loopA_r1,6731.5,6853.1,121.6,1297.7,38.4,1
5100,car,4.5,road_loopA_r0,road_loopA_r1,6735.5,6853.7,118.2,1297.9,39.5,1
5105,suv,4.8,road_loopA_r0,road_loopA_r1,6741.8,6854.2,112.4,1297.6,41.6,1
5099,suv,4.8,road_loopA_r0,road_loopA_r1,6735.4,6855.0,119.6,1297.9,39.1,1
5017,bus,11.0,road_loopA_f0,road_loopA_f1,6668.4,6855.7,187.3,1303.4,25.0,2
5116,car,4.5,road_loopA_r0,road_loopA_r1,6753.9,6856.2,102.3,1298.2,45.7,0
5102,car,4.5,road_loopA_r0,road_loopA_r1,6737.0,6856.9,119.9,1297.8,39.0,0
5129,car,4.5,road_loopA_r0,xloopA_0Ab,6764.2,6857.0,92.8,869.1,33.7,1
5130,car,4.5,road_loopA_r0,road_loopA_r1,6764.7,6857.3,92.6,1298.3,50.5,0
5117,suv,4.8,road_loopA_r0,road_loopA_r1,6755.1,6858.9,103.8,1298.7,45.1,0
5101,car,4.5,road_loopA_f0,road_loopA_f1,6737.0,6860.5,123.5,1302.8,38.0,1
5123,car,4.5,road_loopA_r0,road_loopA_r1,6759.6,6861.0,101.4,1298.5,46.1,0
5133,suv,4.8,road_loopA_r0,road_loopA_r1,6767.5,6861.9,94.4,1298.5,49.5,0
5127,suv,4.8,road_loopA_r0,road_loopA_r1,6763.1,6862.8,99.7,1298.3,46.9,0
5122,car,4.5,road_loopA_r0,road_loopA_r1,6759.4,6863.3,103.9,1297.9,45.0,0
5108,car,4.5,road_loopA_f0,road_loopA_f1,6743.2,6863.7,120.5,1303.5,38.9,1
5142,car,4.5,road_loopA_r0,road_loopA_r1,6774.9,6864.3,89.4,1297.6,52.3,0
5128,suv,4.8,road_loopA_r0,road_loopA_r1,6764.1,6864.6,100.5,1298.2,46.5,0
5126,car,4.5,road_loopA_r0,road_loopA_r1,6762.4,6865.1,102.7,1298.4,45.5,0
5186,car,4.5,road_loopA_f0,xloopA_0Bb,6825.6,6865.9,40.3,478.8,42.7,0
5132,suv,4.8,road_loopA_r0,road_loopA_r1,6767.4,6866.7,99.3,1297.4,47.0,0
5138,car,4.5,road_loopA_r0,road_loopA_r1,6773.7,6868.1,94.4,1298.0,49.5,0
5077,suv,4.8,road_loopA_r0,road_loopA_r1,6716.2,6870.5,154.3,1298.4,30.3,1
5104,suv,4.8,road_loopA_f0,road_loopA_f1,6741.6,6871.7,130.1,1303.2,36.1,1
5141,car,4.5,road_loopA_r0,road_loopA_r1,6774.5,6876.1,101.6,1297.6,46.0,0
5144,car,4.5,road_loopA_r0,road_loopA_r1,6775.9,6876.1,100.2,1298.1,46.6,0
5084,car,4.5,road_loopA_f0,road_loopA_f1,6721.6,6878.3,156.7,1302.8,29.9,1
5120,car,4.5,road_loopA_f0,road_loopA_f1,6758.2,6879.0,120.8,1303.7,38.9,1
5134,suv,4.8,road_loopA_r0,road_loopA_r1,6768.2,6879.4,111.2,1297.5,42.0,0
5152,car,4.5,road_loopA_r0,road_loopA_r1,6788.7,6880.4,91.7,1297.4,50.9,0
5113,truck,8.5,road_loopA_f0,road_loopA_f1,6751.7,6880.5,128.8,1302.8,36.4,1
5148,car,4.5,road_loopA_r0,road_loopA_r1,6783.0,6882.0,99.0,1297.6,47.2,0
5124,suv,4.8,road_loopA_f0,road_loopA_f1,6760.0,6882.7,122.7,1303.6,38.2,1
5079,car,4.5,road_loopA_r0,road_loopA_r1,6716.3,6883.8,167.5,1298.2,27.9,1
5135,car,4.5,road_loopA_r0,road_loopA_r1,6768.4,6884.4,116.0,1298.0,40.3,0
5114,car,4.5,road_loopA_f0,road_loopA_f1,6752.0,6884.9,132.9,1304.0,35.3,1
5140,car,4.5,road_loopA_f0,road_loopA_f1,6774.3,6885.3,111.0,1303.2,42.3,0
5151,suv,4.8,road_loopA_r0,road_loopA_r1,6787.4,6886.0,98.6,1297.4,47.4,0
5107,suv,4.8,road_loopA_r0,xloopA_0Bb,6742.9,6886.1,143.2,895.6,22.5,3
5154,car,4.5,road_loopA_r0,road_loopA_r1,6791.1,6886.3,95.2,1298.3,49.1,0
5018,car,4.5,road_loopA_f0,xloopA_0Ab,6669.4,6886.6,217.2,505.3,8.4,2
5145,suv,4.8,road_loopA_f0,road_loopA_f1,6779.2,6887.1,107.9,1303.3,43.5,0
5146,car,4.5,road_loopA_r0,xloopA_0Bb,6779.8,6888.7,108.9,895.3,29.6,6
5156,car,4.5,road_loopA_f0,road_loopA_f1,6793.4,6889.0,95.6,1303.8,49.1,0
5019,suv,4.8,road_loopA_f0,xloopA_0Ab,6669.8,6889.2,219.4,505.3,8.3,2
5159,suv,4.8,road_loopA_r0,road_loopA_r1,6797.9,6890.0,92.1,1297.6,50.7,0
5160,car,4.5,road_loopA_f0,road_loopA_f1,6798.3,6890.8,92.5,1303.2,50.7,0
5162,car,4.5,road_loopA_r0,road_loopA_r1,6800.3,6890.9,90.6,1298.1,51.6,0
5086,car,4.5,xloopA_0Ba,road_loopA_f1,6724.0,6891.6,167.6,903.0,19.4,0
5065,car,4.5,xloopA_0Ba,road_loopA_f1,6708.4,6891.7,183.3,902.7,17.7,1
5027,car,4.5,road_loopA_f0,xloopA_0Ab,6678.0,6891.9,213.9,505.2,8.5,2
5172,suv,4.8,road_loopA_r0,xloopA_0Bb,6816.2,6892.4,76.2,896.0,42.3,0
5161,suv,4.8,road_loopA_f0,road_loopA_f1,6799.8,6892.6,92.8,1304.0,50.6,0
5110,suv,4.8,road_loopA_f0,road_loopA_f1,6746.1,6893.3,147.2,1303.8,31.9,1
5087,truck,8.5,road_loopA_f0,road_loopA_f1,6725.9,6893.9,168.0,1303.7,27.9,1
5166,car,4.5,road_loopA_r0,road_loopA_r1,6805.2,6894.1,88.9,1297.3,52.5,0
5164,car,4.5,road_loopA_f0,road_loopA_f1,6803.2,6894.5,91.3,1303.5,51.4,0
5046,car,4.5,road_loopA_f0,xloopA_0Ab,6691.9,6894.6,202.7,505.4,9.0,2
5115,car,4.5,road_loopA_f0,road_loopA_f1,6753.9,6894.9,141.0,1302.9,33.3,1
5093,car,4.5,road_loopA_f0,road_loopA_f1,6732.0,6895.9,163.9,1303.6,28.6,1
5118,car,4.5,road_loopA_f0,road_loopA_f1,6757.4,6896.7,139.3,1303.5,33.7,1
5150,car,4.5,road_loopA_f0,road_loopA_f1,6786.2,6896.7,110.5,1302.9,42.5,0
5157,truck,8.5,road_loopA_r0,road_loopA_r1,6794.8,6896.7,101.9,1297.7,45.9,0
5083,car,4.5,road_loopA_f0,xloopA_0Ab,6719.3,6897.2,177.9,505.1,10.2,2
5103,car,4.5,road_loopA_f0,road_loopA_f1,6739.8,6897.6,157.8,1303.4,29.7,1
5111,car,4.5,road_loopA_f0,road_loopA_f1,6746.8,6898.4,151.6,1303.5,30.9,1
5158,car,4.5,road_loopA_f0,road_loopA_f1,6797.0,6898.9,101.9,1303.9,46.1,0
5167,car,4.5,road_loopA_r0,road_loopA_r1,6810.1,6899.2,89.1,1298.2,52.5,0
5106,car,4.5,road_loopA_f0,road_loopA_f1,6742.3,6899.3,157.0,1303.5,29.9,1
5131,truck,8.5,road_loopA_f0,road_loopA_f1,6766.3,6900.8,134.5,1304.0,34.9,0
5109,suv,4.8,road_loopA_f0,road_loopA_f1,6744.4,6901.0,156.6,1303.1,29.9,1
5165,car,4.5,xloopA_0Ba,xloopA_0Bb,6804.7,6901.3,96.6,84.0,3.1,1
5137,suv,4.8,road_loopA_f0,road_loopA_f1,6773.2,6902.6,129.4,1302.8,36.2,0
5185,car,4.5,xloopA_0Aa,xloopA_0Ab,6824.4,6903.0,78.6,84.3,3.9,1
5170,suv,4.8,road_loopA_r0,road_loopA_r1,6814.7,6903.6,88.9,1297.3,52.5,0
5112,truck,8.5,road_loopA_f0,road_loopA_f1,6750.4,6903.7,153.3,1303.7,30.6,1
5143,suv,4.8,road_loopA_f0,road_loopA_f1,6775.7,6903.9,128.2,1303.9,36.6,0
5168,car,4.5,road_loopA_r0,road_loopA_r1,6812.6,6904.0,91.4,1298.5,51.2,0
5178,car,4.5,xloopA_0Ba,xloopA_0Bb,6819.8,6904.0,84.2,84.4,3.6,1
5149,truck,8.5,road_loopA_f0,road_loopA_f1,6785.4,6904.2,118.8,1303.3,39.5,0
5155,suv,4.8,road_loopA_f0,road_loopA_f1,6792.5,6905.4,112.9,1303.5,41.6,0
5119,car,4.5,road_loopA_f0,road_loopA_f1,6757.7,6905.8,148.1,1303.6,31.7,1
5189,car,4.5,xloopA_0Ba,xloopA_0Bb,6828.9,6906.1,77.2,84.5,3.9,1
5139,car,4.5,road_loopA_f0,road_loopA_f1,6773.8,6906.2,132.4,1302.8,35.4,0
5121,car,4.5,road_loopA_f0,road_loopA_f1,6759.2,6907.6,148.4,1304.1,31.6,1
5147,suv,4.8,road_loopA_f0,road_loopA_f1,6781.2,6907.7,126.5,1303.1,37.1,0
5195,car,4.5,xloopA_0Ba,xloopA_0Bb,6833.2,6908.2,75.0,84.7,4.1,0
5125,truck,8.5,road_loopA_f0,road_loopA_f1,6762.3,6909.7,147.4,1303.5,31.8,1
5176,suv,4.8,road_loopA_f0,road_loopA_f1,6819.0,6909.8,90.8,1303.0,51.7,0
5136,suv,4.8,road_loopA_f0,road_loopA_f1,6773.2,6909.9,136.7,1302.9,34.3,0
5191,car,4.5,road_loopA_f0,road_loopA_f1,6831.5,6921.5,90.0,1303.2,52.1,0
5193,car,4.5,road_loopA_f0,road_loopA_f1,6832.3,6923.4,91.1,1304.1,51.5,0
5179,car,4.5,road_loopA_f0,road_loopA_f1,6821.2,6926.0,104.8,1303.0,44.7,0
5184,car,4.5,road_loopA_f0,road_loopA_f1,6824.2,6926.3,102.1,1303.8,46.0,0
5197,suv,4.8,road_loopA_f0,road_loopA_f1,6835.2,6926.3,91.1,1304.1,51.5,0
5230,car,4.5,road_loopA_f0,xloopA_0Bb,6861.4,6927.2,65.8,478.8,26.2,2
5188,car,4.5,road_loopA_f0,road_loopA_f1,6828.4,6928.6,100.2,1303.1,46.8,0
5169,bus,11.0,road_loopA_f0,road_loopA_f1,6812.7,6930.6,117.9,1303.2,39.8,0
5199,truck,8.5,road_loopA_f0,road_loopA_f1,6837.8,6932.0,94.2,1303.4,49.8,0
5192,suv,4.8,road_loopA_f0,road_loopA_f1,6831.6,6932.8,101.2,1303.8,46.4,0
5177,suv,4.8,road_loopA_f0,road_loopA_f1,6819.3,6933.9,114.6,1303.0,40.9,0
5196,car,4.5,road_loopA_f0,road_loopA_f1,6833.9,6934.6,100.7,1304.0,46.6,0
5194,truck,8.5,road_loopA_r0,xloopA_0Ab,6833.0,6937.3,104.3,869.2,30.0,1
5270,car,4.5,road_loopA_f0,xloopA_0Bb,6904.1,6944.1,40.0,478.7,43.1,0
5171,car,4.5,road_loopA_r0,road_loopA_r1,6816.0,6945.0,129.0,1298.0,36.2,1
5173,car,4.5,road_loopA_r0,road_loopA_r1,6816.5,6945.0,128.5,1297.7,36.4,1
5175,car,4.5,road_loopA_r0,road_loopA_r1,6818.6,6947.3,128.7,1298.1,36.3,1
5174,car,4.5,road_loopA_r0,road_loopA_r1,6816.7,6947.9,131.2,1298.2,35.6,1
5181,car,4.5,road_loopA_r0,road_loopA_r1,6822.0,6948.0,126.0,1297.8,37.1,1
5183,suv,4.8,road_loopA_r0,road_loopA_r1,6823.8,6949.9,126.1,1298.6,37.1,1
5182,car,4.5,road_loopA_r0,road_loopA_r1,6822.2,6952.6,130.4,1298.0,35.8,1
5180,truck,8.5,road_loopA_r0,road_loopA_r1,6821.4,6954.0,132.6,1297.9,35.2,1
5190,car,4.5,road_loopA_r0,road_loopA_r1,6830.8,6957.0,126.2,1297.3,37.0,1
5198,car,4.5,road_loopA_r0,road_loopA_r1,6836.4,6957.4,121.0,1298.1,38.6,1
5201,suv,4.8,road_loopA_r0,road_loopA_r1,6837.7,6958.8,121.1,1297.7,38.6,1
5202,car,4.5,road_loopA_r0,road_loopA_r1,6839.0,6960.2,121.2,1298.1,38.6,1
5203,car,4.5,road_loopA_r0,road_loopA_r1,6839.4,6960.5,121.1,1297.4,38.6,1
5153,bus,11.0,road_loopA_f0,road_loopA_f1,6789.7,6961.1,171.4,1303.3,27.4,2
5204,car,4.5,road_loopA_r0,road_loopA_r1,6840.3,6961.2,120.9,1298.1,38.6,0
5211,suv,4.8,road_loopA_r0,road_loopA_r1,6847.0,6961.9,114.9,1298.1,40.7,0
5205,car,4.5,road_loopA_r0,road_loopA_r1,6840.9,6962.4,121.5,1298.6,38.5,1
5222,car,4.5,road_loopA_r0,road_loopA_r1,6858.0,6963.6,105.6,1298.2,44.3,0
5219,car,4.5,road_loopA_r0,road_loopA_r1,6856.2,6964.1,107.9,1297.6,43.3,0
5224,car,4.5,road_loopA_r0,road_loopA_r1,6858.6,6965.0,106.4,1297.7,43.9,0
5247,car,4.5,road_loopA_r0,xloopA_0Ab,6874.3,6965.6,91.3,869.1,34.3,1
5223,suv,4.8,road_loopA_r0,road_loopA_r1,6858.2,6965.8,107.6,1297.6,43.4,0
5232,car,4.5,road_loopA_r0,road_loopA_r1,6864.1,6966.5,102.4,1297.7,45.6,0
5287,car,4.5,road_loopA_f0,xloopA_0Bb,6923.8,6968.0,44.2,478.7,39.0,0
5236,suv,4.8,road_loopA_r0,road_loopA_r1,6867.7,6968.3,100.6,1298.1,46.5,0
5227,truck,8.5,road_loopA_r0,road_loopA_r1,6859.5,6968.5,109.0,1298.4,42.9,0
5240,car,4.5,road_loopA_r0,road_loopA_r1,6869.9,6969.6,99.7,1297.9,46.9,0
5242,suv,4.8,road_loopA_r0,road_loopA_r1,6870.2,6970.4,100.2,1297.4,46.6,0
5244,suv,4.8,road_loopA_r0,road_loopA_r1,6872.2,6971.2,99.0,1298.6,47.2,0
5246,car,4.5,road_loopA_r0,road_loopA_r1,6873.8,6972.2,98.4,1298.3,47.5,0
5208,suv,4.8,road_loopA_f0,road_loopA_f1,6844.1,6972.5,128.4,1302.8,36.5,1
5248,car,4.5,road_loopA_r0,road_loopA_r1,6875.8,6973.0,97.2,1297.7,48.1,0
5253,suv,4.8,road_loopA_r0,road_loopA_r1,6878.5,6973.9,95.4,1297.9,49.0,0
5252,suv,4.8,road_loopA_r0,road_loopA_r1,6878.4,6974.3,95.9,1298.7,48.7,0
5207,car,4.5,road_loopA_f0,road_loopA_f1,6843.2,6975.0,131.8,1303.4,35.6,1
5255,suv,4.8,road_loopA_r0,road_loopA_r1,6881.2,6976.4,95.2,1298.4,49.1,0
5209,suv,4.8,road_loopA_f0,road_loopA_f1,6845.6,6976.9,131.3,1303.9,35.7,1
5210,car,4.5,road_loopA_f0,road_loopA_f1,6846.9,6978.8,131.9,1303.6,35.6,1
5214,car,4.5,road_loopA_f0,road_loopA_f1,6851.7,6978.9,127.2,1302.9,36.9,1
5260,car,4.5,road_loopA_r0,road_loopA_r1,6889.5,6979.3,89.8,1297.5,52.0,0
5245,truck,8.5,road_loopA_r0,road_loopA_r1,6873.5,6979.5,106.0,1297.3,44.1,0
5249,car,4.5,road_loopA_r0,road_loopA_r1,6876.9,6981.6,104.7,1297.5,44.6,0
5218,car,4.5,road_loopA_f0,road_loopA_f1,6856.0,6982.2,126.2,1304.1,37.2,1
5262,suv,4.8,road_loopA_r0,road_loopA_r1,6890.2,6982.4,92.2,1298.2,50.7,0
5213,car,4.5,road_loopA_f0,road_loopA_f1,6850.8,6982.5,131.7,1303.7,35.6,1
5266,car,4.5,road_loopA_r0,road_loopA_r1,6896.4,6985.4,89.0,1297.3,52.5,0
5215,car,4.5,road_loopA_f0,road_loopA_f1,6851.8,6986.2,134.4,1304.2,34.9,1
5267,car,4.5,road_loopA_r0,road_loopA_r1,6897.2,6986.2,89.0,1297.3,52.5,0
5228,car,4.5,road_loopA_f0,road_loopA_f1,6860.2,6986.3,126.1,1303.2,37.2,1
5250,car,4.5,road_loopA_r0,road_loopA_r1,6877.7,6987.7,110.0,1297.7,42.5,0
5233,car,4.5,road_loopA_f0,road_loopA_f1,6864.9,6988.0,123.1,1303.4,38.1,1
5217,car,4.5,road_loopA_f0,road_loopA_f1,6855.9,6988.5,132.6,1304.1,35.4,1
5234,car,4.5,road_loopA_f0,road_loopA_f1,6867.1,6990.8,123.7,1303.7,38.0,1
5220,truck,8.5,road_loopA_f0,road_loopA_f1,6857.3,6995.0,137.7,1302.8,34.1,1
5272,car,4.5,road_loopA_r0,road_loopA_r1,6905.6,6996.1,90.5,1298.2,51.6,0
5274,car,4.5,road_loopA_r0,road_loopA_r1,6907.2,6996.2,89.0,1297.3,52.5,0
5231,car,4.5,road_loopA_f0,road_loopA_f1,6861.8,6996.6,134.8,1303.8,34.8,1
5163,car,4.5,road_loopA_f0,xloopA_0Ab,6801.0,7000.1,199.1,505.4,9.1,2
5235,car,4.5,road_loopA_f0,road_loopA_f1,6867.8,7000.2,132.4,1303.0,35.4,1
5226,car,4.5,road_loopA_f0,road_loopA_f1,6859.4,7001.3,141.9,1303.5,33.1,1
5279,car,4.5,road_loopA_r0,road_loopA_r1,6912.5,7001.4,88.9,1297.3,52.5,0
5216,car,4.5,road_loopA_f0,road_loopA_f1,6852.3,7001.9,149.6,1303.4,31.4,1
5200,truck,8.5,road_loopA_f0,xloopA_0Ab,6837.8,7003.5,165.7,505.5,11.0,1
5237,truck,8.5,road_loopA_f0,road_loopA_f1,6868.3,7004.0,135.7,1303.8,34.6,1
5271,car,4.5,road_loopA_r0,road_loopA_r1,6904.4,7006.1,101.7,1298.0,45.9,0
5251,car,4.5,road_loopA_f0,road_loopA_f1,6878.3,7006.4,128.1,1303.4,36.6,1
5283,car,4.5,road_loopA_r0,road_loopA_r1,6918.2,7007.1,88.9,1297.3,52.5,0
5273,truck,8.5,road_loopA_f0,xloopA_0Ab,6905.9,7007.3,101.4,505.6,18.0,1
5238,truck,8.5,road_loopA_f0,road_loopA_f1,6868.9,7008.3,139.4,1303.4,33.7,1
5284,suv,4.8,road_loopA_r0,road_loopA_r1,6918.9,7009.8,90.9,1298.3,51.4,0
5303,car,4.5,road_loopA_f0,xloopA_0Ab,6942.2,7010.2,68.0,505.0,26.7,1
5257,car,4.5,road_loopA_f0,road_loopA_f1,6887.0,7010.3,123.3,1303.4,38.1,0
5243,truck,8.5,road_loopA_f0,road_loopA_f1,6871.0,7011.2,140.2,1303.7,33.5,1
5259,car,4.5,road_loopA_f0,road_loopA_f1,6887.7,7012.2,124.5,1303.9,37.7,0
5286,suv,4.8,road_loopA_r0,road_loopA_r1,6921.1,7013.2,92.1,1298.6,50.7,0
5276,car,4.5,road_loopA_r0,road_loopA_r1,6908.5,7013.3,104.8,1297.5,44.6,0
5261,truck,8.5,road_loopA_f0,road_loopA_f1,6890.2,7013.7,123.5,1303.7,38.0,0
5265,car,4.5,road_loopA_f0,road_loopA_f1,6895.1,7013.8,118.7,1304.1,39.5,0
5221,car,4.5,xloopA_0Ba,xloopA_0Bb,6857.7,7014.8,157.1,84.3,1.9,1
5280,car,4.5,road_loopA_f0,road_loopA_f1,6915.0,7015.0,100.0,1304.2,47.0,0
5285,suv,4.8,road_loopA_r0,road_loopA_r1,6919.0,7016.3,97.3,1297.8,48.0,0
5304,car,4.5,xloopA_0Aa,xloopA_0Ab,6943.0,7016.3,73.3,84.6,4.2,1
5277,car,4.5,road_loopA_f0,road_loopA_f1,6910.9,7016.6,105.7,1303.6,44.4,0
5275,car,4.5,road_loopA_f0,road_loopA_f1,6907.6,7016.7,109.1,1303.0,43.0,0
5241,car,4.5,xloopA_0Ba,xloopA_0Bb,6870.2,7016.8,146.6,84.1,2.1,1
5314,car,4.5,xloopA_0Aa,xloopA_0Ab,6961.3,7018.8,57.5,84.6,5.3,1
5187,car,4.5,xloopA_0Aa,road_loopA_f1,6827.4,7018.9,191.5,872.1,16.4,1
5282,car,4.5,xloopA_0Ba,xloopA_0Bb,6916.3,7019.2,102.9,84.5,3.0,1
5269,car,4.5,road_loopA_f0,road_loopA_f1,6901.0,7019.4,118.4,1304.1,39.7,0
5317,car,4.5,xloopA_0Aa,xloopA_0Ab,6963.2,7020.9,57.7,84.1,5.2,1
5229,truck,8.5,road_loopA_f0,road_loopA_f1,6860.8,7021.1,160.3,1303.3,29.3,1
5295,car,4.5,xloopA_0Ba,xloopA_0Bb,6933.7,7021.4,87.7,84.2,3.5,0
5206,car,4.5,road_loopA_f0,road_loopA_f1,6842.1,7022.1,180.0,1302.9,26.1,1
5212,car,4.5,road_loopA_f0,road_loopA_f1,6849.0,7022.1,173.1,1303.3,27.1,1
5239,suv,4.8,road_loopA_f0,road_loopA_f1,6869.5,7023.1,153.6,1303.2,30.5,1
5307,car,4.5,xloopA_0Ba,xloopA_0Bb,6946.5,7023.3,76.8,84.1,3.9,0
5341,car,4.5,xloopA_0Aa,xloopA_0Ab,6986.9,7023.8,36.9,84.1,8.2,0
5263,car,4.5,road_loopA_f0,road_loopA_f1,6891.3,7024.8,133.5,1303.4,35.1,0
5268,suv,4.8,road_loopA_f0,road_loopA_f1,6897.6,7025.0,127.4,1304.1,36.9,0
5278,truck,8.5,road_loopA_f0,road_loopA_f1,6912.2,7025.1,112.9,1303.3,41.5,0
5364,car,4.5,xloopA_0Ba,xloopA_0Bb,7000.0,7025.2,25.2,84.8,12.1,0
5343,car,4.5,xloopA_0Aa,xloopA_0Ab,6987.6,7026.1,38.5,84.5,7.9,0
5290,truck,8.5,road_loopA_f0,road_loopA_f1,6926.0,7026.7,100.7,1303.9,46.6,0
5258,car,4.5,road_loopA_f0,road_loopA_f1,6887.1,7027.5,140.4,1303.4,33.4,0
5264,car,4.5,road_loopA_f0,road_loopA_f1,6892.1,7027.8,135.7,1303.2,34.6,0
5365,car,4.5,xloopA_0Aa,xloopA_0Ab,7000.1,7028.3,28.2,84.4,10.8,0
5293,car,4.5,road_loopA_f0,road_loopA_f1,6931.6,7029.2,97.6,1303.2,48.1,0
5289,suv,4.8,road_loopA_f0,road_loopA_f1,6925.2,7029.7,104.5,1304.0,44.9,0
5298,car,4.5,road_loopA_f0,road_loopA_f1,6936.3,7031.3,95.0,1303.5,49.4,0
5300,suv,4.8,road_loopA_f0,road_loopA_f1,6937.2,7031.9,94.7,1303.3,49.5,0
5302,truck,8.5,road_loopA_f0,road_loopA_f1,6939.9,7034.1,94.2,1303.7,49.8,0
5256,truck,8.5,road_loopA_f0,road_loopA_f1,6885.3,7035.2,149.9,1303.2,31.3,0
5305,car,4.5,road_loopA_f0,road_loopA_f1,6943.1,7037.1,94.0,1302.9,49.9,0
5254,car,4.5,xloopA_0Aa,road_loopA_f1,6878.9,7037.5,158.6,872.5,19.8,1
5350,car,4.5,road_loopA_f0,xloopA_0Bb,6992.0,7042.6,50.6,478.5,34.0,1
5297,car,4.5,road_loopA_f0,road_loopA_f1,6934.2,7042.8,108.6,1303.6,43.2,0
5291,car,4.5,road_loopA_r0,xloopA_0Ab,6926.6,7044.2,117.6,869.1,26.6,2
5299,suv,4.8,road_loopA_f0,road_loopA_f1,6936.3,7044.6,108.3,1303.8,43.3,0
5309,car,4.5,road_loopA_f0,road_loopA_f1,6954.6,7044.8,90.2,1303.4,52.0,0
5319,car,4.5,road_loopA_r0,xloopA_0Ab,6965.4,7058.5,93.1,869.2,33.6,1
5294,suv,4.8,road_loopA_r0,road_loopA_r1,6932.0,7060.0,128.0,1298.5,36.5,1
5288,suv,4.8,road_loopA_r0,road_loopA_r1,6924.0,7066.8,142.8,1298.1,32.7,1
5281,suv,4.8,road_loopA_r0,road_loopA_r1,6916.2,7067.5,151.3,1298.4,30.9,1
5292,car,4.5,road_loopA_r0,road_loopA_r1,6931.5,7068.2,136.7,1297.6,34.2,1
5306,suv,4.8,road_loopA_r0,road_loopA_r1,6944.3,7069.1,124.8,1297.5,37.4,1
5296,car,4.5,road_loopA_r0,road_loopA_r1,6934.2,7069.3,135.1,1298.0,34.6,1
5301,car,4.5,road_loopA_r0,road_loopA_r1,6938.4,7069.9,131.5,1298.5,35.5,1
5322,car,4.5,road_loopA_r0,road_loopA_r1,6967.2,7071.2,104.0,1298.6,44.9,0
5316,suv,4.8,road_loopA_r0,road_loopA_r1,6962.9,7071.6,108.7,1298.4,43.0,0
5333,car,4.5,road_loopA_r0,road_loopA_r1,6979.2,7072.4,93.2,1298.5,50.1,0
5323,car,4.5,road_loopA_r0,road_loopA_r1,6967.6,7073.4,105.8,1297.9,44.2,0
5327,car,4.5,road_loopA_r0,road_loopA_r1,6974.9,7075.9,101.0,1297.8,46.3,0
5329,truck,8.5,road_loopA_r0,road_loopA_r1,6976.3,7078.1,101.8,1297.4,45.9,0
5332,car,4.5,road_loopA_r0,road_loopA_r1,6979.2,7080.0,100.8,1297.7,46.3,0
5326,truck,8.5,road_loopA_r0,road_loopA_r1,6974.6,7081.4,106.8,1297.7,43.7,0
5342,car,4.5,road_loopA_r0,road_loopA_r1,6987.3,7081.7,94.4,1298.6,49.5,0
5336,car,4.5,road_loopA_r0,road_loopA_r1,6981.4,7082.3,100.9,1297.9,46.3,0
5346,car,4.5,road_loopA_r0,road_loopA_r1,6990.0,7083.4,93.4,1297.6,50.0,0
5330,car,4.5,road_loopA_r0,road_loopA_r1,6977.4,7083.5,106.1,1297.5,44.0,0
5351,suv,4.8,road_loopA_r0,road_loopA_r1,6992.8,7085.2,92.4,1297.3,50.5,0
5345,car,4.5,road_loopA_r0,road_loopA_r1,6989.8,7085.3,95.5,1297.8,48.9,0
5311,car,4.5,road_loopA_f0,road_loopA_f1,6957.5,7087.9,130.4,1303.7,36.0,1
5355,car,4.5,road_loopA_r0,road_loopA_r1,6998.5,7088.3,89.8,1298.4,52.1,0
5313,suv,4.8,road_loopA_f0,road_loopA_f1,6961.0,7088.9,127.9,1304.1,36.7,1
5310,car,4.5,road_loopA_f0,road_loopA_f1,6955.9,7090.1,134.2,1303.6,35.0,1
5352,car,4.5,road_loopA_r0,road_loopA_r1,6993.1,7090.4,97.3,1297.3,48.0,0
5358,car,4.5,road_loopA_r0,road_loopA_r1,6999.1,7091.6,92.5,1298.0,50.5,0
5367,car,4.5,road_loopA_r0,road_loopA_r1,7001.0,7093.2,92.2,1298.1,50.7,0
5422,suv,4.8,road_loopA_f0,xloopA_0Bb,7055.1,7098.7,43.6,479.1,39.6,1
5361,car,4.5,road_loopA_r0,road_loopA_r1,6999.7,7098.8,99.1,1298.5,47.2,0
5368,suv,4.8,road_loopA_r0,road_loopA_r1,7001.0,7099.9,98.9,1297.9,47.3,0
5315,truck,8.5,road_loopA_f0,road_loopA_f1,6962.2,7100.5,138.3,1303.8,33.9,1
5372,car,4.5,road_loopA_r0,road_loopA_r1,7004.2,7100.5,96.3,1297.5,48.5,0
5363,car,4.5,road_loopA_r0,road_loopA_r1,7000.0,7102.4,102.4,1298.4,45.6,0
5354,car,4.5,road_loopA_r0,road_loopA_r1,6995.6,7102.9,107.3,1297.4,43.5,0
5376,car,4.5,road_loopA_r0,road_loopA_r1,7009.9,7103.3,93.4,1297.9,50.0,0
5308,suv,4.8,road_loopA_f0,road_loopA_f1,6950.2,7103.5,153.3,1303.1,30.6,1
5370,car,4.5,road_loopA_r0,road_loopA_r1,7002.0,7104.3,102.3,1298.3,45.7,0
5357,suv,4.8,road_loopA_r0,road_loopA_r1,6998.7,7104.6,105.9,1298.5,44.1,0
5362,car,4.5,road_loopA_r0,road_loopA_r1,6999.7,7106.2,106.5,1297.5,43.9,0
5325,car,4.5,road_loopA_f0,road_loopA_f1,6970.3,7107.7,137.4,1303.0,34.1,1
5321,truck,8.5,road_loopA_f0,road_loopA_f1,6966.8,7107.9,141.1,1303.2,33.3,1
5366,car,4.5,road_loopA_r0,road_loopA_r1,7000.2,7108.2,108.0,1298.6,43.3,0
5359,car,4.5,road_loopA_r0,road_loopA_r1,6999.1,7109.0,109.9,1298.0,42.5,0
5334,car,4.5,road_loopA_f0,road_loopA_f1,6980.0,7110.3,130.3,1303.4,36.0,1
5381,suv,4.8,road_loopA_r0,road_loopA_r1,7019.2,7111.3,92.1,1298.4,50.8,0
5385,car,4.5,road_loopA_r0,road_loopA_r1,7020.4,7111.5,91.1,1297.4,51.3,0
5373,truck,8.5,road_loopA_r0,road_loopA_r1,7006.6,7111.6,105.0,1298.1,44.5,0
5337,suv,4.8,road_loopA_f0,road_loopA_f1,6981.5,7112.0,130.5,1303.1,36.0,1
5318,car,4.5,road_loopA_f0,road_loopA_f1,6965.0,7112.3,147.3,1303.4,31.8,1
5339,suv,4.8,road_loopA_f0,road_loopA_f1,6983.3,7113.0,129.7,1302.8,36.2,1
5380,suv,4.8,road_loopA_r0,road_loopA_r1,7014.4,7113.6,99.2,1297.7,47.1,0
5374,car,4.5,road_loopA_r0,xloopA_0Bb,7007.1,7114.4,107.3,895.3,30.0,1
5331,car,4.5,road_loopA_f0,xloopA_0Ab,6977.6,7115.0,137.4,505.4,13.2,1
5340,car,4.5,road_loopA_f0,road_loopA_f1,6984.2,7115.8,131.6,1303.6,35.7,1
5387,car,4.5,road_loopA_r0,road_loopA_r1,7024.9,7116.1,91.2,1298.0,51.3,0
5384,car,4.5,road_loopA_r0,road_loopA_r1,7020.1,7116.9,96.8,1297.9,48.3,0
5391,car,4.5,road_loopA_r0,xloopA_0Bb,7026.1,7117.0,90.9,895.3,35.4,1
5344,car,4.5,road_loopA_f0,xloopA_0Ab,6988.4,7117.6,129.2,505.4,14.1,1
5348,car,4.5,road_loopA_f0,road_loopA_f1,6990.7,7117.6,126.9,1303.8,37.0,1
5353,suv,4.8,road_loopA_f0,road_loopA_f1,6994.5,7118.9,124.4,1303.6,37.7,1
5312,car,4.5,road_loopA_f0,road_loopA_f1,6959.1,7119.4,160.3,1303.0,29.3,1
5360,suv,4.8,road_loopA_f0,road_loopA_f1,6999.2,7120.8,121.6,1302.9,38.6,0
5393,car,4.5,road_loopA_r0,road_loopA_r1,7027.5,7120.9,93.4,1297.4,50.0,0
5320,truck,8.5,road_loopA_f0,road_loopA_f1,6966.0,7121.5,155.5,1303.0,30.2,1
5412,car,4.5,road_loopA_r0,xloopA_0Bb,7046.8,7122.3,75.5,895.3,42.7,0
5324,car,4.5,road_loopA_f0,road_loopA_f1,6968.4,7123.5,155.1,1304.0,30.3,1
5398,car,4.5,road_loopA_r0,road_loopA_r1,7032.9,7124.1,91.2,1297.4,51.2,0
5375,suv,4.8,road_loopA_f0,road_loopA_f1,7009.4,7124.2,114.8,1303.0,40.9,0
5328,suv,4.8,road_loopA_f0,road_loopA_f1,6975.8,7125.6,149.8,1303.6,31.3,1
5401,car,4.5,road_loopA_r0,road_loopA_r1,7034.8,7125.9,91.1,1298.5,51.3,0
5383,car,4.5,road_loopA_f0,road_loopA_f1,7020.0,7126.3,106.3,1304.1,44.2,0
5378,truck,8.5,road_loopA_f0,road_loopA_f1,7013.8,7126.4,112.6,1302.8,41.7,0
5335,car,4.5,road_loopA_f0,road_loopA_f1,6981.4,7127.3,145.9,1302.9,32.1,1
5371,truck,8.5,road_loopA_r0,road_loopA_r1,7002.7,7128.5,125.8,1298.0,37.2,0
5399,car,4.5,road_loopA_r0,road_loopA_r1,7033.9,7128.5,94.6,1297.3,49.4,0
5392,car,4.5,road_loopA_f0,road_loopA_f1,7026.5,7128.6,102.1,1302.9,46.0,0
5338,truck,8.5,road_loopA_f0,road_loopA_f1,6982.5,7129.5,147.0,1303.3,31.9,1
5421,car,4.5,xloopA_0Aa,xloopA_0Ab,7053.5,7129.6,76.1,84.8,4.0,1
5396,suv,4.8,road_loopA_r0,road_loopA_r1,7031.7,7130.4,98.7,1297.7,47.4,0
5397,suv,4.8,road_loopA_f0,road_loopA_f1,7032.5,7130.4,97.9,1304.0,47.9,0
5347,car,4.5,road_loopA_f0,road_loopA_f1,6990.2,7131.6,141.4,1304.1,33.2,1
5400,car,4.5,road_loopA_f0,road_loopA_f1,7034.2,7131.6,97.4,1302.9,48.1,0
5402,car,4.5,road_loopA_r0,road_loopA_r1,7035.7,7132.6,96.9,1298.1,48.2,0
5431,car,4.5,xloopA_0Aa,xloopA_0Ab,7064.0,7132.9,68.9,84.4,4.4,1
5349,suv,4.8,road_loopA_f0,road_loopA_f1,6990.9,7133.4,142.5,1304.1,32.9,1
5405,car,4.5,xloopA_0Ba,xloopA_0Bb,7042.3,7133.4,91.1,84.3,3.3,1
5394,suv,4.8,road_loopA_f0,road_loopA_f1,7030.6,7133.8,103.2,1303.3,45.5,0
5404,car,4.5,road_loopA_r0,road_loopA_r1,7038.9,7133.9,95.0,1298.6,49.2,0
5356,car,4.5,road_loopA_f0,road_loopA_f1,6998.6,7135.2,136.6,1303.5,34.4,0
5386,car,4.5,road_loopA_f0,road_loopA_f1,7024.8,7135.6,110.8,1303.4,42.3,0
5418,car,4.5,xloopA_0Ba,xloopA_0Bb,7051.9,7135.6,83.7,84.3,3.6,1
5390,car,4.5,road_loopA_r0,road_loopA_r1,7025.7,7136.0,110.3,1297.7,42.4,0
5369,suv,4.8,road_loopA_f0,road_loopA_f1,7001.4,7137.4,136.0,1303.2,34.5,0
5407,car,4.5,road_loopA_f0,road_loopA_f1,7042.8,7137.4,94.6,1303.2,49.6,0
5395,car,4.5,road_loopA_r0,road_loopA_r1,7030.9,7137.7,106.8,1297.4,43.7,0
5469,car,4.5,xloopA_0Ba,xloopA_0Bb,7105.1,7139.1,34.0,84.2,8.9,0
5410,car,4.5,road_loopA_f0,road_loopA_f1,7045.1,7139.4,94.3,1303.4,49.8,0
5377,truck,8.5,road_loopA_f0,road_loopA_f1,7011.7,7139.7,128.0,1304.0,36.7,0
5379,car,4.5,road_loopA_f0,road_loopA_f1,7014.2,7140.2,126.0,1303.1,37.2,0
5382,suv,4.8,road_loopA_f0,road_loopA_f1,7019.7,7142.1,122.4,1303.0,38.3,0
5411,car,4.5,road_loopA_f0,road_loopA_f1,7046.4,7142.7,96.3,1303.5,48.7,0
5414,car,4.5,road_loopA_f0,road_loopA_f1,7047.9,7144.4,96.5,1303.1,48.6,0
5409,car,4.5,road_loopA_f0,road_loopA_f1,7045.1,7145.5,100.4,1303.2,46.7,0
5417,suv,4.8,road_loopA_f0,road_loopA_f1,7051.6,7146.2,94.6,1303.2,49.6,0
5415,car,4.5,road_loopA_f0,road_loopA_f1,7051.3,7146.3,95.0,1303.5,49.4,0
5425,suv,4.8,road_loopA_f0,road_loopA_f1,7057.9,7148.2,90.3,1304.0,52.0,0
5429,suv,4.8,road_loopA_f0,road_loopA_f1,7061.8,7151.1,89.3,1303.1,52.5,0
5424,suv,4.8,road_loopA_f0,road_loopA_f1,7057.4,7153.8,96.4,1303.1,48.7,0
5413,car,4.5,road_loopA_f0,road_loopA_f1,7047.2,7156.2,109.0,1303.2,43.0,0
5436,car,4.5,road_loopA_f0,road_loopA_f1,7065.8,7156.6,90.8,1303.3,51.7,0
5419,car,4.5,road_loopA_r0,xloopA_0Ab,7053.1,7159.1,106.0,869.0,29.5,2
5428,car,4.5,road_loopA_f0,road_loopA_f1,7061.8,7160.8,99.0,1302.8,47.4,0
5487,suv,4.8,road_loopA_f0,xloopA_0Bb,7123.2,7163.3,40.1,479.0,43.0,0
5435,car,4.5,road_loopA_f0,road_loopA_f1,7065.4,7165.3,99.9,1303.8,47.0,0
5491,suv,4.8,road_loopA_f0,xloopA_0Bb,7128.9,7165.8,36.9,478.4,46.6,0
5406,car,4.5,road_loopA_r0,road_loopA_r1,7042.3,7174.9,132.6,1297.5,35.2,1
5416,car,4.5,road_loopA_r0,road_loopA_r1,7051.6,7180.6,129.0,1298.0,36.2,1
5403,car,4.5,road_loopA_r0,road_loopA_r1,7035.7,7181.8,146.1,1297.4,32.0,1
5426,suv,4.8,road_loopA_r0,road_loopA_r1,7058.1,7181.9,123.8,1297.4,37.7,1
5434,car,4.5,road_loopA_r0,road_loopA_r1,7065.0,7183.0,118.0,1298.6,39.6,1
5430,car,4.5,road_loopA_r0,road_loopA_r1,7063.7,7184.1,120.4,1297.9,38.8,1
5432,car,4.5,road_loopA_r0,road_loopA_r1,7063.9,7186.5,122.6,1298.4,38.1,1
5437,suv,4.8,road_loopA_r0,road_loopA_r1,7068.0,7188.8,120.8,1297.5,38.7,1
5451,suv,4.8,road_loopA_r0,road_loopA_r1,7084.8,7188.9,104.1,1297.9,44.9,0
5453,car,4.5,road_loopA_r0,road_loopA_r1,7085.9,7191.2,105.3,1297.4,44.4,0
5440,car,4.5,road_loopA_r0,road_loopA_r1,7074.4,7193.0,118.6,1297.4,39.4,0
5468,car,4.5,road_loopA_r0,road_loopA_r1,7102.1,7194.5,92.4,1297.7,50.6,0
5460,car,4.5,road_loopA_r0,road_loopA_r1,7097.3,7194.9,97.6,1297.4,47.8,0
5457,suv,4.8,road_loopA_r0,road_loopA_r1,7094.6,7197.3,102.7,1297.6,45.5,0
5463,car,4.5,road_loopA_r0,road_loopA_r1,7099.7,7199.3,99.6,1297.3,46.9,0
5450,car,4.5,road_loopA_r0,road_loopA_r1,7083.8,7200.1,116.3,1297.6,40.2,0
5433,car,4.5,xloopA_0Aa,road_loopA_r1,7064.5,7200.4,135.9,506.5,13.4,1
5408,car,4.5,road_loopA_r0,road_loopA_r1,7044.8,7202.1,157.3,1298.0,29.7,1
5452,truck,8.5,road_loopA_r0,road_loopA_r1,7084.9,7202.2,117.3,1298.1,39.8,0
5438,car,4.5,road_loopA_f0,road_loopA_f1,7069.9,7202.4,132.5,1303.0,35.4,1
5423,car,4.5,road_loopA_r0,road_loopA_r1,7056.6,7203.8,147.2,1298.2,31.7,1
5439,car,4.5,road_loopA_f0,road_loopA_f1,7073.5,7203.9,130.4,1302.8,36.0,1
5441,car,4.5,road_loopA_f0,road_loopA_f1,7074.9,7204.3,129.4,1303.9,36.3,1
5447,car,4.5,road_loopA_r0,road_loopA_r1,7081.1,7205.0,123.9,1298.1,37.7,1
5427,truck,8.5,road_loopA_r0,road_loopA_r1,7060.2,7206.0,145.8,1297.8,32.0,1
5445,car,4.5,road_loopA_f0,road_loopA_f1,7080.6,7207.1,126.5,1304.1,37.1,1
5444,suv,4.8,road_loopA_r0,road_loopA_r1,7079.2,7208.0,128.8,1298.1,36.3,1
5454,car,4.5,road_loopA_f0,road_loopA_f1,7088.1,7209.7,121.6,1303.3,38.6,1
5420,bus,11.0,road_loopA_f0,road_loopA_f1,7053.2,7211.6,158.4,1302.8,29.6,2
5470,car,4.5,road_loopA_r0,road_loopA_r1,7105.4,7212.2,106.8,1297.3,43.7,0
5443,car,4.5,road_loopA_f0,road_loopA_f1,7076.5,7212.5,136.0,1303.4,34.5,1
5473,car,4.5,road_loopA_r0,road_loopA_r1,7112.4,7212.8,100.4,1297.7,46.5,0
5466,car,4.5,road_loopA_r0,road_loopA_r1,7101.5,7213.6,112.1,1298.4,41.7,0
5481,car,4.5,road_loopA_r0,road_loopA_r1,7118.7,7215.2,96.5,1298.1,48.4,0
5442,car,4.5,road_loopA_f0,road_loopA_f1,7075.0,7216.2,141.2,1302.9,33.2,1
5464,truck,8.5,road_loopA_r0,road_loopA_r1,7100.1,7217.5,117.4,1298.1,39.8,0
5543,suv,4.8,road_loopA_f0,xloopA_0Bb,7177.6,7218.7,41.1,479.1,41.9,0
5479,car,4.5,road_loopA_r0,road_loopA_r1,7117.0,7218.8,101.8,1297.3,45.9,0
5492,car,4.5,road_loopA_r0,road_loopA_r1,7129.9,7218.9,89.0,1297.3,52.5,0
5456,car,4.5,road_loopA_f0,road_loopA_f1,7092.1,7225.0,132.9,1302.9,35.3,1
5472,suv,4.8,road_loopA_f0,road_loopA_f1,7106.8,7226.1,119.3,1302.8,39.3,1
5389,car,4.5,xloopA_0Ba,road_loopA_f1,7025.5,7227.5,202.0,902.7,16.1,1
5478,suv,4.8,road_loopA_f0,road_loopA_f1,7116.2,7227.8,111.6,1303.7,42.0,0
5449,car,4.5,road_loopA_f0,road_loopA_f1,7082.5,7229.1,146.6,1303.2,32.0,1
5465,car,4.5,xloopA_0Ba,road_loopA_f1,7100.8,7229.2,128.4,902.9,25.3,0
5455,car,4.5,road_loopA_r0,xloopA_0Bb,7091.9,7229.4,137.5,895.4,23.4,1
5484,car,4.5,road_loopA_f0,road_loopA_f1,7121.0,7229.6,108.6,1303.8,43.2,0
5448,car,4.5,road_loopA_f0,road_loopA_f1,7081.9,7231.0,149.1,1303.3,31.5,1
5458,truck,8.5,road_loopA_f0,road_loopA_f1,7094.9,7231.3,136.4,1303.8,34.4,1
5480,truck,8.5,road_loopA_f0,xloopA_0Ab,7117.2,7231.4,114.2,505.5,15.9,1
5488,car,4.5,road_loopA_f0,road_loopA_f1,7123.5,7231.4,107.9,1303.9,43.5,0
5467,car,4.5,road_loopA_r0,xloopA_0Bb,7101.5,7232.0,130.5,895.4,24.7,1
5462,car,4.5,road_loopA_f0,road_loopA_f1,7098.0,7232.7,134.7,1303.4,34.8,1
5494,car,4.5,road_loopA_r0,road_loopA_r1,7132.2,7233.1,100.9,1297.7,46.3,0
5498,car,4.5,road_loopA_f0,road_loopA_f1,7135.5,7233.2,97.7,1303.9,48.0,0
5459,car,4.5,road_loopA_f0,road_loopA_f1,7095.4,7233.4,138.0,1303.6,34.0,1
5506,car,4.5,road_loopA_r0,road_loopA_r1,7143.1,7233.8,90.7,1297.6,51.5,0
5485,car,4.5,road_loopA_f0,xloopA_0Ab,7121.9,7234.3,112.4,505.0,16.2,1
5500,car,4.5,road_loopA_r0,road_loopA_r1,7136.8,7234.3,97.5,1297.5,47.9,0
5476,suv,4.8,road_loopA_f0,road_loopA_f1,7115.7,7234.5,118.8,1304.0,39.5,0
5475,car,4.5,road_loopA_r0,xloopA_0Bb,7114.4,7234.7,120.3,895.7,26.8,1
5497,car,4.5,road_loopA_r0,road_loopA_r1,7134.6,7234.9,100.3,1298.0,46.6,0
5461,car,4.5,road_loopA_f0,road_loopA_f1,7097.6,7235.2,137.6,1302.9,34.1,1
5490,car,4.5,road_loopA_f0,road_loopA_f1,7128.7,7236.2,107.5,1303.6,43.6,0
5493,suv,4.8,road_loopA_f0,road_loopA_f1,7131.4,7236.2,104.8,1303.9,44.8,0
5471,suv,4.8,road_loopA_f0,road_loopA_f1,7106.7,7237.0,130.3,1303.8,36.0,1
5504,car,4.5,road_loopA_f0,xloopA_0Ab,7140.6,7237.0,96.4,505.3,18.9,1
5505,car,4.5,road_loopA_r0,xloopA_0Bb,7141.4,7237.3,95.9,895.3,33.6,1
5502,suv,4.8,road_loopA_r0,road_loopA_r1,7139.2,7237.6,98.4,1297.3,47.5,0
5486,car,4.5,road_loopA_f0,road_loopA_f1,7122.0,7237.9,115.9,1302.8,40.5,0
5503,car,4.5,road_loopA_f0,road_loopA_f1,7139.6,7238.0,98.4,1303.2,47.7,0
5474,car,4.5,road_loopA_f0,road_loopA_f1,7114.5,7238.8,124.3,1304.0,37.8,0
5525,suv,4.8,road_loopA_f0,xloopA_0Ab,7162.5,7239.7,77.2,505.6,23.6,1
5508,car,4.5,road_loopA_f0,road_loopA_f1,7146.1,7239.9,93.8,1304.0,50.0,0
5495,car,4.5,road_loopA_r0,xloopA_0Bb,7132.3,7240.0,107.7,895.6,29.9,1
5482,car,4.5,road_loopA_f0,road_loopA_f1,7119.0,7240.2,121.2,1303.2,38.7,0
5477,suv,4.8,road_loopA_f0,road_loopA_f1,7115.8,7240.5,124.7,1302.8,37.6,0
5499,suv,4.8,road_loopA_r0,road_loopA_r1,7136.0,7241.2,105.2,1297.3,44.4,0
5511,car,4.5,road_loopA_r0,road_loopA_r1,7147.1,7242.5,95.4,1298.2,49.0,0
5496,suv,4.8,road_loopA_f0,road_loopA_f1,7133.0,7242.6,109.6,1303.7,42.8,0
5517,car,4.5,road_loopA_f0,road_loopA_f1,7151.8,7242.7,90.9,1303.9,51.7,0
5489,truck,8.5,road_loopA_f0,road_loopA_f1,7128.2,7243.0,114.8,1303.8,40.9,0
5519,car,4.5,road_loopA_r0,road_loopA_r1,7152.8,7243.5,90.7,1297.7,51.5,0
5501,car,4.5,road_loopA_f0,road_loopA_f1,7138.0,7245.8,107.8,1303.7,43.5,0
5588,car,4.5,xloopA_0Ba,xloopA_0Bb,7222.5,7245.8,23.3,84.7,13.1,1
5509,car,4.5,xloopA_0Aa,xloopA_0Ab,7146.1,7245.9,99.8,84.3,3.0,1
5514,suv,4.8,road_loopA_f0,road_loopA_f1,7148.1,7245.9,97.8,1302.9,48.0,0
5507,car,4.5,road_loopA_f0,road_loopA_f1,7144.2,7246.3,102.1,1303.9,46.0,0
5603,car,4.5,xloopA_0Ba,xloopA_0Bb,7234.6,7247.9,13.3,84.2,22.8,0
5534,car,4.5,xloopA_0Aa,xloopA_0Ab,7167.6,7248.0,80.4,84.4,3.8,1
5483,suv,4.8,road_loopA_r0,road_loopA_r1,7119.0,7250.9,131.9,1298.0,35.4,0
5607,car,4.5,xloopA_0Ba,xloopA_0Bb,7237.8,7252.5,14.7,84.4,20.7,0
5510,truck,8.5,road_loopA_f0,road_loopA_f1,7146.7,7253.0,106.3,1303.3,44.2,0
5593,car,4.5,xloopA_0Aa,xloopA_0Ab,7224.5,7253.2,28.7,84.2,10.5,0
5515,suv,4.8,road_loopA_f0,road_loopA_f1,7148.1,7254.8,106.7,1303.9,44.0,0
5521,suv,4.8,road_loopA_f0,road_loopA_f1,7159.4,7255.5,96.1,1302.9,48.8,0
5513,suv,4.8,road_loopA_f0,road_loopA_f1,7148.1,7259.6,111.5,1302.9,42.1,0
5512,suv,4.8,road_loopA_f0,road_loopA_f1,7147.5,7263.0,115.5,1303.8,40.6,0
5516,car,4.5,road_loopA_f0,road_loopA_f1,7151.3,7265.7,114.4,1302.9,41.0,0
5518,suv,4.8,road_loopA_f0,road_loopA_f1,7152.3,7267.5,115.2,1303.7,40.7,0
5523,suv,4.8,road_loopA_f0,road_loopA_f1,7160.2,7269.3,109.1,1303.2,43.0,0
5524,truck,8.5,road_loopA_f0,road_loopA_f1,7161.3,7270.1,108.8,1303.8,43.1,0
5541,suv,4.8,road_loopA_f0,road_loopA_f1,7174.9,7270.7,95.8,1303.8,49.0,0
5530,car,4.5,road_loopA_f0,road_loopA_f1,7164.8,7271.1,106.3,1304.1,44.2,0
5531,suv,4.8,road_loopA_f0,road_loopA_f1,7164.9,7272.1,107.2,1302.9,43.7,0
5539,suv,4.8,road_loopA_f0,road_loopA_f1,7172.0,7274.0,102.0,1303.7,46.0,0
5446,bus,11.0,road_loopA_f0,road_loopA_f1,7080.6,7274.3,193.7,1303.2,24.2,3
5545,car,4.5,road_loopA_f0,road_loopA_f1,7181.0,7274.3,93.3,1303.1,50.3,0
5547,car,4.5,road_loopA_r0,xloopA_0Ab,7184.6,7275.1,90.5,869.1,34.6,1
5533,car,4.5,road_loopA_f0,road_loopA_f1,7166.1,7282.8,116.7,1303.2,40.2,0
5563,car,4.5,road_loopA_r0,xloopA_0Ab,7196.3,7290.6,94.3,869.0,33.2,1
5627,suv,4.8,road_loopA_f0,xloopA_0Bb,7255.6,7299.4,43.8,479.2,39.4,0
5526,car,4.5,road_loopA_r0,road_loopA_r1,7162.7,7301.4,138.7,1298.6,33.7,1
5532,suv,4.8,road_loopA_r0,road_loopA_r1,7165.1,7303.1,138.0,1298.1,33.9,1
5529,car,4.5,road_loopA_r0,road_loopA_r1,7164.6,7305.9,141.3,1297.4,33.1,1
5615,car,4.5,xloopA_0Aa,road_loopA_r1,7242.9,7306.9,64.0,506.6,28.5,0
5553,car,4.5,road_loopA_r0,road_loopA_r1,7189.9,7307.9,118.0,1298.3,39.6,1
5536,car,4.5,road_loopA_r0,road_loopA_r1,7167.9,7309.4,141.5,1298.6,33.0,1
5535,car,4.5,road_loopA_r0,road_loopA_r1,7167.7,7311.0,143.3,1298.2,32.6,1
5605,car,4.5,xloopA_0Aa,road_loopA_r1,7235.9,7311.1,75.2,506.8,24.3,0
5565,car,4.5,road_loopA_r0,road_loopA_r1,7197.8,7311.2,113.4,1297.6,41.2,1
5522,car,4.5,road_loopA_r0,road_loopA_r1,7159.9,7313.2,153.3,1297.5,30.5,1
5538,car,4.5,road_loopA_r0,road_loopA_r1,7171.9,7314.4,142.5,1297.8,32.8,1
5527,suv,4.8,road_loopA_r0,road_loopA_r1,7163.0,7314.9,151.9,1298.2,30.8,1
5643,car,4.5,road_loopA_f0,xloopA_0Bb,7270.8,7315.0,44.2,478.6,39.0,0
5551,car,4.5,road_loopA_r0,road_loopA_r1,7187.2,7315.1,127.9,1297.5,36.5,1
5540,car,4.5,road_loopA_r0,road_loopA_r1,7173.7,7316.5,142.8,1298.1,32.7,1
5537,car,4.5,road_loopA_r0,road_loopA_r1,7171.9,7316.7,144.8,1297.7,32.3,1
5520,bus,11.0,road_loopA_f0,road_loopA_f1,7157.8,7317.6,159.8,1303.0,29.4,2
5568,truck,8.5,road_loopA_r0,road_loopA_r1,7200.2,7318.0,117.8,1298.1,39.7,0
5544,car,4.5,road_loopA_r0,road_loopA_r1,7179.1,7318.6,139.5,1298.1,33.5,1
5572,car,4.5,road_loopA_r0,road_loopA_r1,7201.4,7318.9,117.5,1297.9,39.8,0
5647,truck,8.5,road_loopA_f0,xloopA_0Bb,7272.7,7319.9,47.2,478.4,36.5,0
5569,car,4.5,road_loopA_r0,road_loopA_r1,7200.5,7320.0,119.5,1297.8,39.1,0
5542,suv,4.8,road_loopA_r0,road_loopA_r1,7175.3,7320.3,145.0,1297.6,32.2,1
5573,suv,4.8,road_loopA_r0,road_loopA_r1,7202.7,7321.7,119.0,1297.7,39.2,0
5561,car,4.5,road_loopA_r0,road_loopA_r1,7195.0,7322.1,127.1,1298.0,36.8,1
5581,car,4.5,road_loopA_r0,road_loopA_r1,7212.3,7322.3,110.0,1298.0,42.5,0
5562,car,4.5,road_loopA_r0,road_loopA_r1,7195.6,7323.9,128.3,1297.3,36.4,1
5583,car,4.5,road_loopA_r0,road_loopA_r1,7216.3,7324.9,108.6,1297.6,43.0,0
1010,tram,34.0,loopA,loopA,3018.7,7327.1,4308.4,33702.3,28.2,42
5567,car,4.5,road_loopA_r0,road_loopA_r1,7199.7,7328.2,128.5,1298.1,36.4,0
5578,truck,8.5,road_loopA_r0,road_loopA_r1,7206.3,7328.3,122.0,1297.9,38.3,0
5590,car,4.5,road_loopA_r0,road_loopA_r1,7222.9,7328.5,105.6,1298.3,44.3,0
5548,car,4.5,road_loopA_f0,road_loopA_f1,7186.3,7328.6,142.3,1303.5,33.0,1
5661,suv,4.8,road_loopA_f0,xloopA_0Bb,7286.7,7329.9,43.2,479.1,39.9,0
5582,suv,4.8,road_loopA_r0,road_loopA_r1,7215.7,7330.0,114.3,1297.5,40.9,0
5554,suv,4.8,road_loopA_f0,road_loopA_f1,7190.0,7330.6,140.6,1304.0,33.4,1
5550,car,4.5,road_loopA_f0,road_loopA_f1,7186.8,7330.8,144.0,1303.2,32.6,1
5596,suv,4.8,road_loopA_r0,road_loopA_r1,7228.4,7331.2,102.8,1297.7,45.4,0
5574,car,4.5,road_loopA_r0,road_loopA_r1,7202.9,7331.8,128.9,1297.9,36.3,0
5584,car,4.5,road_loopA_r0,road_loopA_r1,7217.7,7331.9,114.2,1298.2,40.9,0
5606,suv,4.8,road_loopA_r0,road_loopA_r1,7236.6,7332.5,95.9,1297.7,48.7,0
5585,car,4.5,road_loopA_r0,road_loopA_r1,7219.5,7333.5,114.0,1298.4,41.0,0
5589,car,4.5,road_loopA_r0,road_loopA_r1,7222.9,7334.5,111.6,1298.2,41.9,0
5602,car,4.5,road_loopA_r0,road_loopA_r1,7233.5,7335.2,101.7,1298.3,45.9,0
5597,suv,4.8,road_loopA_r0,road_loopA_r1,7229.9,7336.3,106.4,1298.5,43.9,0
5599,suv,4.8,road_loopA_r0,road_loopA_r1,7232.0,7337.7,105.7,1298.5,44.2,0
5619,car,4.5,road_loopA_r0,road_loopA_r1,7246.7,7338.0,91.3,1297.4,51.2,0
5555,truck,8.5,road_loopA_f0,road_loopA_f1,7190.1,7340.8,150.7,1303.2,31.1,1
5613,car,4.5,road_loopA_r0,road_loopA_r1,7241.6,7342.0,100.4,1297.3,46.5,0
5546,car,4.5,road_loopA_f0,road_loopA_f1,7183.9,7342.1,158.2,1303.9,29.7,1
5624,suv,4.8,road_loopA_r0,road_loopA_r1,7253.3,7342.3,89.0,1297.3,52.5,0
5558,car,4.5,road_loopA_f0,road_loopA_f1,7194.1,7342.6,148.5,1303.4,31.6,1
5576,car,4.5,road_loopA_f0,road_loopA_f1,7205.2,7342.8,137.6,1304.2,34.1,1
5528,bus,11.0,road_loopA_r0,road_loopA_r1,7163.8,7343.9,180.1,1297.9,26.0,3
5577,suv,4.8,road_loopA_f0,road_loopA_f1,7205.7,7344.5,138.8,1304.0,33.8,1
5570,car,4.5,road_loopA_f0,road_loopA_f1,7200.8,7344.6,143.8,1303.0,32.6,1
5608,car,4.5,xloopA_0Aa,road_loopA_f1,7238.5,7345.3,106.8,872.8,29.4,0
5579,suv,4.8,road_loopA_f0,road_loopA_f1,7210.7,7346.4,135.7,1303.2,34.6,1
5549,car,4.5,road_loopA_f0,road_loopA_f1,7186.7,7346.9,160.2,1302.8,29.3,1
5575,suv,4.8,road_loopA_f0,road_loopA_f1,7204.9,7347.6,142.7,1303.6,32.9,1
5566,car,4.5,road_loopA_f0,road_loopA_f1,7198.3,7348.6,150.3,1303.6,31.2,1
5560,car,4.5,road_loopA_f0,road_loopA_f1,7194.7,7348.7,154.0,1303.7,30.5,1
5625,suv,4.8,road_loopA_r0,road_loopA_r1,7253.7,7349.4,95.7,1297.3,48.8,0
5629,car,4.5,road_loopA_r0,road_loopA_r1,7256.4,7351.2,94.8,1298.1,49.3,0
5559,car,4.5,road_loopA_f0,road_loopA_f1,7194.6,7351.8,157.2,1303.1,29.8,1
5600,car,4.5,road_loopA_f0,road_loopA_f1,7233.0,7352.3,119.3,1303.3,39.3,1
5622,car,4.5,road_loopA_r0,xloopA_0Bb,7251.4,7355.5,104.1,895.4,31.0,1
5591,car,4.5,road_loopA_f0,xloopA_0Ab,7223.6,7356.1,132.5,505.1,13.7,1
5580,truck,8.5,road_loopA_f0,road_loopA_f1,7211.0,7356.2,145.2,1303.9,32.3,1
5598,car,4.5,road_loopA_f0,road_loopA_f1,7229.9,7358.2,128.3,1303.1,36.6,1
5587,truck,8.5,road_loopA_f0,road_loopA_f1,7221.3,7358.7,137.4,1303.1,34.1,1
5616,car,4.5,road_loopA_f0,xloopA_0Ab,7245.8,7358.7,112.9,505.2,16.1,1
5630,car,4.5,road_loopA_r0,road_loopA_r1,7259.0,7358.7,99.7,1297.9,46.9,0
5571,car,4.5,road_loopA_f0,road_loopA_f1,7201.4,7359.6,158.2,1303.5,29.7,1
5638,car,4.5,road_loopA_r0,road_loopA_r1,7264.3,7360.4,96.1,1298.4,48.6,0
5662,car,4.5,road_loopA_r0,xloopA_0Bb,7287.2,7360.4,73.2,895.5,44.0,0
5634,suv,4.8,road_loopA_r0,road_loopA_r1,7261.6,7360.6,99.0,1297.6,47.2,0
5663,car,4.5,road_loopA_f0,xloopA_0Ab,7288.1,7361.4,73.3,505.4,24.8,1
5552,car,4.5,road_loopA_f0,road_loopA_f1,7189.5,7363.0,173.5,1303.0,27.0,1
5556,suv,4.8,road_loopA_f0,road_loopA_f1,7190.2,7364.0,173.8,1303.5,27.0,1
5686,car,4.5,road_loopA_f0,xloopA_0Ab,7312.1,7364.7,52.6,505.1,34.6,0
5595,car,4.5,road_loopA_f0,road_loopA_f1,7224.6,7365.3,140.7,1303.7,33.4,1
5640,car,4.5,road_loopA_r0,road_loopA_r1,7268.4,7365.8,97.4,1298.6,48.0,0
5623,car,4.5,road_loopA_r0,road_loopA_r1,7251.7,7366.0,114.3,1297.9,40.9,0
5604,car,4.5,road_loopA_f0,road_loopA_f1,7234.8,7366.2,131.4,1303.0,35.7,1
5635,car,4.5,road_loopA_r0,road_loopA_r1,7263.0,7366.5,103.5,1297.6,45.1,0
5610,car,4.5,road_loopA_f0,road_loopA_f1,7239.7,7366.8,127.1,1303.0,36.9,0
5612,suv,4.8,road_loopA_f0,road_loopA_f1,7240.6,7368.0,127.4,1303.0,36.8,0
5621,car,4.5,road_loopA_f0,road_loopA_f1,7251.1,7368.6,117.5,1303.6,40.0,0
5633,car,4.5,road_loopA_r0,road_loopA_r1,7261.4,7369.1,107.7,1297.8,43.4,0
5650,suv,4.8,road_loopA_r0,road_loopA_r1,7276.2,7369.5,93.3,1297.5,50.1,0
5617,car,4.5,road_loopA_f0,road_loopA_f1,7246.5,7369.9,123.4,1303.3,38.0,0
5639,suv,4.8,road_loopA_f0,road_loopA_f1,7265.6,7370.3,104.7,1303.3,44.8,0
5644,car,4.5,road_loopA_r0,road_loopA_r1,7271.2,7370.9,99.7,1297.2,46.9,0
5667,car,4.5,xloopA_0Ba,xloopA_0Bb,7290.6,7370.9,80.3,84.7,3.8,1
5631,car,4.5,road_loopA_f0,road_loopA_f1,7260.0,7371.6,111.6,1303.2,42.0,0
5628,car,4.5,road_loopA_r0,road_loopA_r1,7255.6,7371.7,116.1,1298.3,40.3,0
5649,suv,4.8,road_loopA_f0,road_loopA_f1,7275.6,7372.1,96.5,1304.0,48.7,0
5689,car,4.5,xloopA_0Aa,xloopA_0Ab,7313.3,7372.8,59.5,84.1,5.1,1
5711,car,4.5,xloopA_0Ba,xloopA_0Bb,7331.0,7373.0,42.0,84.3,7.2,1
5648,car,4.5,road_loopA_r0,road_loopA_r1,7273.1,7373.3,100.2,1298.2,46.7,0
5641,car,4.5,road_loopA_r0,road_loopA_r1,7269.0,7373.4,104.4,1297.7,44.7,0
5642,suv,4.8,road_loopA_f0,road_loopA_f1,7269.8,7373.4,103.6,1303.9,45.3,0
5653,suv,4.8,road_loopA_f0,road_loopA_f1,7278.6,7373.8,95.2,1303.3,49.3,0
5564,car,4.5,xloopA_0Aa,road_loopA_f1,7197.7,7374.1,176.4,872.3,17.8,1
5701,car,4.5,xloopA_0Aa,xloopA_0Ab,7324.1,7375.1,51.0,84.6,6.0,1
5646,car,4.5,road_loopA_f0,road_loopA_f1,7272.7,7375.2,102.5,1304.1,45.8,0
5651,car,4.5,road_loopA_f0,road_loopA_f1,7278.0,7375.6,97.6,1303.5,48.1,0
5557,suv,4.8,road_loopA_f0,road_loopA_f1,7194.0,7375.8,181.8,1303.7,25.8,1
5645,car,4.5,road_loopA_r0,road_loopA_r1,7272.4,7376.1,103.7,1298.2,45.1,0
5614,car,4.5,road_loopA_f0,road_loopA_f1,7242.2,7377.1,134.9,1303.4,34.8,0
5637,car,4.5,road_loopA_f0,road_loopA_f1,7264.1,7377.2,113.1,1303.3,41.5,0
5724,car,4.5,xloopA_0Aa,xloopA_0Ab,7338.7,7377.3,38.6,84.8,7.9,0
5586,suv,4.8,road_loopA_f0,road_loopA_f1,7220.7,7377.4,156.7,1302.8,29.9,1
5618,car,4.5,road_loopA_f0,road_loopA_f1,7246.6,7378.6,132.0,1304.0,35.6,0
5620,car,4.5,road_loopA_f0,road_loopA_f1,7250.1,7379.0,128.9,1303.9,36.4,0
5594,car,4.5,road_loopA_f0,road_loopA_f1,7224.5,7379.2,154.7,1303.4,30.3,1
5743,car,4.5,xloopA_0Aa,xloopA_0Ab,7357.7,7379.2,21.5,84.4,14.1,0
5601,suv,4.8,road_loopA_f0,road_loopA_f1,7233.1,7380.9,147.8,1304.0,31.8,1
5657,truck,8.5,road_loopA_f0,road_loopA_f1,7284.2,7381.3,97.1,1302.8,48.3,0
5747,car,4.5,xloopA_0Aa,xloopA_0Ab,7363.8,7381.3,17.5,84.3,17.3,0
5611,car,4.5,road_loopA_f0,road_loopA_f1,7239.9,7381.4,141.5,1303.1,33.2,0
5609,car,4.5,road_loopA_f0,road_loopA_f1,7239.4,7382.5,143.1,1302.8,32.8,1
5751,car,4.5,xloopA_0Aa,xloopA_0Ab,7369.1,7383.4,14.3,84.5,21.3,0
5632,suv,4.8,road_loopA_f0,road_loopA_f1,7261.4,7384.8,123.4,1303.5,38.0,0
5654,truck,8.5,road_loopA_f0,road_loopA_f1,7279.1,7384.9,105.8,1304.0,44.4,0
5656,suv,4.8,road_loopA_f0,road_loopA_f1,7283.6,7386.9,103.3,1303.6,45.4,0
5652,suv,4.8,road_loopA_f0,road_loopA_f1,7278.2,7387.1,108.9,1303.4,43.1,0
5674,suv,4.8,road_loopA_f0,road_loopA_f1,7296.2,7387.8,91.6,1304.0,51.2,0
5665,car,4.5,road_loopA_f0,road_loopA_f1,7288.9,7388.7,99.8,1303.4,47.0,0
5671,suv,4.8,road_loopA_f0,road_loopA_f1,7291.7,7389.2,97.5,1303.3,48.1,0
5676,car,4.5,road_loopA_f0,road_loopA_f1,7300.0,7389.9,89.9,1303.6,52.2,0
5592,bus,11.0,road_loopA_r0,road_loopA_r1,7224.3,7392.5,168.2,1298.3,27.8,2
5658,car,4.5,road_loopA_f0,road_loopA_f1,7285.7,7393.1,107.4,1302.8,43.7,0
5680,car,4.5,road_loopA_f0,road_loopA_f1,7304.5,7396.5,92.0,1303.5,51.0,0
5681,car,4.5,road_loopA_f0,road_loopA_f1,7307.0,7398.5,91.5,1304.0,51.3,0
5709,car,4.5,road_loopA_f0,xloopA_0Bb,7329.4,7399.6,70.2,478.6,24.6,1
5683,suv,4.8,road_loopA_f0,road_loopA_f1,7307.7,7400.2,92.5,1303.7,50.7,0
5691,car,4.5,road_loopA_r0,xloopA_0Ab,7314.7,7401.0,86.3,869.2,36.3,1
5735,suv,4.8,road_loopA_f0,xloopA_0Bb,7349.9,7403.2,53.3,478.9,32.4,0
5669,suv,4.8,road_loopA_r0,xloopA_0Ab,7291.2,7404.7,113.5,869.5,27.6,2
5660,suv,4.8,road_loopA_r0,road_loopA_r1,7286.6,7415.6,129.0,1297.4,36.2,1
5668,car,4.5,road_loopA_r0,road_loopA_r1,7290.8,7417.2,126.4,1298.2,37.0,1
5670,car,4.5,road_loopA_r0,road_loopA_r1,7291.5,7419.6,128.1,1297.3,36.5,1
1199,tram,34.0,loopB,loopB,3185.4,7421.0,4235.6,33673.1,28.6,41
5672,car,4.5,road_loopA_r0,road_loopA_r1,7292.6,7421.7,129.1,1297.4,36.2,1
5675,car,4.5,road_loopA_r0,road_loopA_r1,7297.9,7423.6,125.7,1298.0,37.2,1
5664,car,4.5,road_loopA_r0,road_loopA_r1,7288.5,7424.7,136.2,1298.2,34.3,1
5679,car,4.5,road_loopA_r0,road_loopA_r1,7301.5,7425.4,123.9,1297.9,37.7,1
5678,suv,4.8,road_loopA_r0,road_loopA_r1,7301.2,7427.2,126.0,1297.8,37.1,1
5626,car,4.5,xloopA_0Aa,road_loopA_r1,7255.4,7429.8,174.4,507.1,10.5,1
5655,car,4.5,road_loopA_r0,road_loopA_r1,7279.9,7431.0,151.1,1297.8,30.9,1
5659,car,4.5,road_loopA_r0,road_loopA_r1,7286.2,7431.5,145.3,1298.1,32.2,1
5690,car,4.5,road_loopA_r0,road_loopA_r1,7314.0,7431.7,117.7,1297.5,39.7,1
5685,car,4.5,road_loopA_r0,road_loopA_r1,7310.6,7432.5,121.9,1298.1,38.3,1
5636,bus,11.0,road_loopA_f0,road_loopA_f1,7263.8,7432.9,169.1,1303.1,27.7,2
5666,car,4.5,road_loopA_r0,road_loopA_r1,7289.7,7434.0,144.3,1298.2,32.4,1
5702,truck,8.5,road_loopA_r0,road_loopA_r1,7324.5,7434.6,110.1,1298.5,42.4,0
5790,car,4.5,road_loopA_f0,xloopA_0Bb,7395.2,7435.2,40.0,478.7,43.1,0
5688,car,4.5,road_loopA_r0,road_loopA_r1,7312.5,7435.7,123.2,1298.4,37.9,1
5716,car,4.5,road_loopA_r0,road_loopA_r1,7334.2,7436.5,102.3,1297.3,45.7,0
5696,car,4.5,road_loopA_r0,road_loopA_r1,7322.7,7437.4,114.7,1297.6,40.7,0
5727,car,4.5,road_loopA_r0,road_loopA_r1,7339.7,7438.3,98.6,1298.5,47.4,0
5712,car,4.5,road_loopA_r0,road_loopA_r1,7331.2,7438.8,107.6,1298.5,43.5,0
5699,car,4.5,road_loopA_r0,road_loopA_r1,7323.8,7439.2,115.4,1297.9,40.5,0
5731,car,4.5,road_loopA_r0,xloopA_0Ab,7347.5,7439.5,92.0,869.0,34.0,1
5700,car,4.5,road_loopA_r0,road_loopA_r1,7323.9,7441.0,117.1,1298.6,39.9,0
5693,car,4.5,road_loopA_r0,road_loopA_r1,7318.6,7441.1,122.5,1298.2,38.2,1
5706,car,4.5,road_loopA_r0,road_loopA_r1,7327.6,7441.3,113.7,1298.0,41.1,0
5719,car,4.5,road_loopA_r0,road_loopA_r1,7335.7,7443.4,107.7,1297.9,43.4,0
5684,car,4.5,road_loopA_f0,road_loopA_f1,7309.2,7444.1,134.9,1302.9,34.8,1
5698,truck,8.5,road_loopA_r0,road_loopA_r1,7323.6,7444.4,120.8,1297.3,38.7,0
5692,suv,4.8,road_loopA_f0,road_loopA_f1,7317.7,7444.6,126.9,1303.4,37.0,1
5740,suv,4.8,road_loopA_r0,road_loopA_r1,7354.8,7444.7,89.9,1297.9,52.0,0
5733,car,4.5,road_loopA_r0,road_loopA_r1,7348.2,7445.1,96.9,1297.4,48.2,0
5730,car,4.5,road_loopA_r0,road_loopA_r1,7345.2,7446.8,101.6,1298.5,46.0,0
5736,car,4.5,road_loopA_r0,road_loopA_r1,7350.3,7447.7,97.4,1297.8,48.0,0
5687,car,4.5,road_loopA_f0,road_loopA_f1,7312.2,7448.1,135.9,1304.0,34.5,1
5694,car,4.5,road_loopA_f0,road_loopA_f1,7319.2,7449.7,130.5,1302.9,35.9,1
5682,car,4.5,road_loopA_f0,road_loopA_f1,7307.4,7450.2,142.8,1303.1,32.9,1
5697,car,4.5,road_loopA_f0,road_loopA_f1,7323.5,7451.5,128.0,1304.0,36.7,1
5695,car,4.5,road_loopA_f0,road_loopA_f1,7320.2,7451.9,131.7,1303.3,35.6,1
5739,truck,8.5,road_loopA_r0,road_loopA_r1,7354.1,7452.4,98.3,1297.6,47.5,0
5705,car,4.5,road_loopA_f0,road_loopA_f1,7326.6,7453.2,126.6,1303.5,37.1,1
5708,suv,4.8,road_loopA_f0,road_loopA_f1,7328.5,7455.0,126.5,1303.7,37.1,1
5673,bus,11.0,road_loopA_r0,road_loopA_r1,7294.2,7455.5,161.3,1297.7,29.0,2
5710,car,4.5,road_loopA_f0,road_loopA_f1,7330.3,7455.6,125.3,1302.8,37.4,1
5713,car,4.5,road_loopA_f0,road_loopA_f1,7332.1,7456.6,124.5,1303.6,37.7,1
5715,car,4.5,road_loopA_f0,road_loopA_f1,7333.7,7457.3,123.6,1303.2,37.9,1
5753,car,4.5,road_loopA_r0,road_loopA_r1,7369.2,7458.2,89.0,1297.3,52.5,0
5714,car,4.5,road_loopA_f0,road_loopA_f1,7333.4,7458.3,124.9,1303.2,37.6,1
5721,truck,8.5,road_loopA_f0,road_loopA_f1,7337.5,7459.5,122.0,1304.0,38.5,1
5718,car,4.5,road_loopA_f0,road_loopA_f1,7335.6,7460.2,124.6,1304.1,37.7,1
5746,truck,8.5,road_loopA_r0,road_loopA_r1,7363.2,7461.0,97.8,1297.2,47.8,0
5723,car,4.5,road_loopA_f0,road_loopA_f1,7338.4,7462.0,123.6,1302.9,37.9,1
5728,car,4.5,road_loopA_f0,road_loopA_f1,7340.6,7462.0,121.4,1303.5,38.7,1
5704,suv,4.8,road_loopA_f0,road_loopA_f1,7325.1,7463.1,138.0,1303.6,34.0,1
5734,suv,4.8,road_loopA_f0,road_loopA_f1,7349.8,7463.9,114.1,1303.2,41.1,1
5750,suv,4.8,road_loopA_r0,road_loopA_r1,7367.1,7464.6,97.5,1297.6,47.9,0
5757,car,4.5,road_loopA_r0,road_loopA_r1,7373.5,7466.3,92.8,1297.5,50.3,0
5760,car,4.5,road_loopA_r0,road_loopA_r1,7375.0,7466.6,91.6,1297.9,51.0,0
5737,car,4.5,road_loopA_f0,road_loopA_f1,7350.9,7466.8,115.9,1303.2,40.5,1
5707,car,4.5,road_loopA_f0,road_loopA_f1,7328.0,7467.5,139.5,1303.0,33.6,1
5765,suv,4.8,road_loopA_r0,road_loopA_r1,7378.1,7468.3,90.2,1298.3,51.8,0
5749,suv,4.8,road_loopA_r0,road_loopA_r1,7365.3,7468.9,103.6,1297.4,45.1,0
5725,suv,4.8,road_loopA_f0,road_loopA_f1,7338.6,7469.0,130.4,1303.8,36.0,1
5744,suv,4.8,road_loopA_f0,road_loopA_f1,7360.7,7469.2,108.5,1303.4,43.2,0
5741,car,4.5,road_loopA_f0,road_loopA_f1,7355.4,7469.6,114.2,1303.2,41.1,1
5677,car,4.5,road_loopA_r0,xloopA_0Bb,7300.4,7470.1,169.7,895.6,19.0,1
5756,car,4.5,road_loopA_f0,xloopA_0Ab,7372.2,7470.7,98.5,505.1,18.5,1
5729,truck,8.5,road_loopA_f0,road_loopA_f1,7344.4,7471.1,126.7,1303.6,37.0,1
5722,car,4.5,road_loopA_f0,road_loopA_f1,7338.2,7472.1,133.9,1303.4,35.0,1
5758,car,4.5,road_loopA_r0,xloopA_0Bb,7373.6,7472.7,99.1,895.6,32.5,1
5754,car,4.5,road_loopA_f0,road_loopA_f1,7370.9,7473.0,102.1,1303.2,45.9,0
5792,suv,4.8,road_loopA_f0,xloopA_0Ab,7395.6,7473.4,77.8,505.6,23.4,1
5761,car,4.5,road_loopA_f0,road_loopA_f1,7375.5,7474.6,99.1,1302.9,47.4,0
5763,car,4.5,road_loopA_r0,xloopA_0Bb,7377.9,7475.3,97.4,895.3,33.1,1
5809,suv,4.8,road_loopA_f0,xloopA_0Ab,7411.1,7476.1,65.0,505.6,28.0,1
5770,car,4.5,road_loopA_r0,road_loopA_r1,7380.0,7476.2,96.2,1297.7,48.6,0
5745,car,4.5,road_loopA_f0,road_loopA_f1,7362.2,7476.6,114.4,1303.8,41.0,0
5774,car,4.5,road_loopA_f0,road_loopA_f1,7380.6,7477.2,96.6,1303.7,48.6,0
5748,car,4.5,road_loopA_f0,road_loopA_f1,7364.6,7477.6,113.0,1303.3,41.5,0
5776,suv,4.8,road_loopA_r0,road_loopA_r1,7383.6,7479.1,95.5,1297.8,48.9,0
5720,car,4.5,road_loopA_f0,road_loopA_f1,7336.9,7479.4,142.5,1303.4,32.9,1
5752,car,4.5,road_loopA_f0,road_loopA_f1,7369.3,7479.5,110.2,1304.0,42.6,0
5782,suv,4.8,road_loopA_r0,road_loopA_r1,7387.1,7480.3,93.2,1298.3,50.2,0
5775,suv,4.8,road_loopA_f0,road_loopA_f1,7382.5,7481.2,98.7,1302.9,47.5,0
5825,car,4.5,xloopA_0Aa,xloopA_0Ab,7424.8,7481.6,56.8,84.0,5.3,1
5768,suv,4.8,road_loopA_r0,road_loopA_r1,7379.0,7481.8,102.8,1297.8,45.4,0
5779,suv,4.8,road_loopA_r0,road_loopA_r1,7385.3,7481.8,96.5,1297.6,48.4,0
5810,car,4.5,xloopA_0Ba,xloopA_0Bb,7411.4,7482.0,70.6,84.1,4.3,1
5781,car,4.5,road_loopA_f0,road_loopA_f1,7386.3,7483.3,97.0,1304.0,48.4,0
5769,car,4.5,road_loopA_r0,road_loopA_r1,7379.5,7483.5,104.0,1297.3,44.9,0
5738,suv,4.8,road_loopA_f0,road_loopA_f1,7350.9,7483.9,133.0,1303.7,35.3,0
5784,suv,4.8,road_loopA_f0,road_loopA_f1,7389.0,7485.1,96.1,1303.2,48.8,0
5742,car,4.5,road_loopA_f0,road_loopA_f1,7357.4,7485.3,127.9,1304.1,36.7,0
5875,car,4.5,xloopA_0Ba,xloopA_0Bb,7461.3,7489.1,27.8,84.2,10.9,0
5764,suv,4.8,road_loopA_f0,road_loopA_f1,7378.2,7489.7,111.5,1303.7,42.1,0
5778,car,4.5,road_loopA_r0,road_loopA_r1,7384.5,7490.2,105.7,1298.3,44.2,0
5717,car,4.5,road_loopA_f0,road_loopA_f1,7334.9,7490.3,155.4,1303.5,30.2,1
5777,car,4.5,road_loopA_f0,road_loopA_f1,7384.5,7490.3,105.8,1303.6,44.3,0
5762,car,4.5,road_loopA_f0,road_loopA_f1,7377.5,7491.6,114.1,1303.0,41.1,0
5791,car,4.5,road_loopA_f0,road_loopA_f1,7395.3,7491.6,96.3,1302.9,48.7,0
5788,car,4.5,road_loopA_r0,road_loopA_r1,7392.9,7491.9,99.0,1297.7,47.2,0
5732,suv,4.8,road_loopA_f0,road_loopA_f1,7348.1,7492.0,143.9,1303.8,32.6,10
5759,suv,4.8,road_loopA_r0,road_loopA_r1,7375.0,7493.3,118.3,1298.1,39.5,0
5755,suv,4.8,road_loopA_f0,road_loopA_f1,7371.9,7493.8,121.9,1303.2,38.5,0
5786,suv,4.8,road_loopA_f0,road_loopA_f1,7390.7,7494.6,103.9,1303.0,45.2,0
5766,car,4.5,road_loopA_r0,road_loopA_r1,7378.4,7495.0,116.6,1297.3,40.0,0
5773,suv,4.8,road_loopA_r0,road_loopA_r1,7380.6,7495.6,115.0,1298.3,40.6,0
5772,car,4.5,road_loopA_f0,road_loopA_f1,7380.1,7495.9,115.8,1303.9,40.5,0
5800,car,4.5,road_loopA_f0,road_loopA_f1,7405.9,7496.2,90.3,1302.8,51.9,0
5789,car,4.5,road_loopA_f0,road_loopA_f1,7394.5,7496.4,101.9,1303.1,46.1,0
5803,car,4.5,road_loopA_f0,road_loopA_f1,7408.0,7497.9,89.9,1303.8,52.2,0
5783,truck,8.5,road_loopA_f0,road_loopA_f1,7388.0,7498.0,110.0,1303.6,42.6,0
5787,car,4.5,road_loopA_f0,road_loopA_f1,7391.7,7498.2,106.5,1303.0,44.0,0
5785,car,4.5,road_loopA_f0,road_loopA_f1,7390.5,7500.0,109.5,1302.8,42.8,0
5806,car,4.5,road_loopA_f0,road_loopA_f1,7409.5,7500.3,90.8,1304.0,51.7,0
5799,truck,8.5,road_loopA_f0,road_loopA_f1,7402.6,7502.6,100.0,1303.9,46.9,0
5801,car,4.5,road_loopA_f0,road_loopA_f1,7406.4,7503.5,97.1,1304.0,48.3,0
5857,suv,4.8,road_loopA_f0,xloopA_0Bb,7447.1,7507.9,60.8,479.2,28.4,2
5807,truck,8.5,road_loopA_f0,road_loopA_f1,7410.2,7510.1,99.9,1303.2,46.9,0
5817,car,4.5,road_loopA_r0,xloopA_0Ab,7419.7,7510.9,91.2,869.2,34.3,0
5819,car,4.5,road_loopA_f0,road_loopA_f1,7421.6,7511.3,89.7,1303.0,52.3,0
5812,truck,8.5,road_loopA_f0,road_loopA_f1,7414.6,7513.8,99.2,1304.1,47.3,0
5820,suv,4.8,road_loopA_f0,road_loopA_f1,7421.7,7513.8,92.1,1303.3,50.9,0
5824,car,4.5,road_loopA_f0,road_loopA_f1,7424.7,7515.9,91.2,1303.4,51.5,0
5703,bus,11.0,road_loopA_f0,road_loopA_f1,7324.7,7517.2,192.5,1303.1,24.4,3
5901,suv,4.8,road_loopA_f0,xloopA_0Bb,7480.8,7524.2,43.4,478.9,39.7,0
5797,suv,4.8,road_loopA_r0,road_loopA_r1,7400.7,7531.2,130.5,1298.0,35.8,1
5804,car,4.5,road_loopA_r0,road_loopA_r1,7408.7,7534.1,125.4,1297.4,37.2,1
5808,suv,4.8,road_loopA_r0,road_loopA_r1,7410.2,7536.8,126.6,1297.8,36.9,1
5855,car,4.5,xloopA_0Aa,road_loopA_r1,7446.5,7538.5,92.0,507.1,19.9,1
5818,car,4.5,road_loopA_r0,road_loopA_r1,7420.7,7539.5,118.8,1297.6,39.3,1
5794,truck,8.5,road_loopA_r0,road_loopA_r1,7397.7,7540.6,142.9,1297.5,32.7,1
5814,car,4.5,xloopA_0Ba,road_loopA_r1,7419.1,7541.4,122.3,476.3,14.0,1
5811,car,4.5,road_loopA_r0,road_loopA_r1,7412.6,7542.5,129.9,1298.1,36.0,1
5795,car,4.5,road_loopA_r0,road_loopA_r1,7397.9,7542.6,144.7,1298.0,32.3,1
5878,car,4.5,xloopA_0Aa,road_loopA_r1,7463.3,7543.5,80.2,507.1,22.8,0
5832,suv,4.8,road_loopA_r0,road_loopA_r1,7427.7,7543.8,116.1,1298.4,40.3,1
5793,car,4.5,road_loopA_r0,road_loopA_r1,7397.0,7544.4,147.4,1297.5,31.7,1
5796,car,4.5,road_loopA_r0,road_loopA_r1,7398.7,7545.2,146.5,1298.2,31.9,1
5826,car,4.5,road_loopA_r0,road_loopA_r1,7425.3,7545.9,120.6,1298.5,38.7,1
5838,car,4.5,road_loopA_r0,road_loopA_r1,7437.3,7547.0,109.7,1297.3,42.6,0
5780,car,4.5,road_loopA_r0,road_loopA_r1,7385.5,7547.1,161.6,1298.0,28.9,1
5798,car,4.5,road_loopA_r0,road_loopA_r1,7401.2,7547.4,146.2,1297.3,32.0,1
5802,car,4.5,road_loopA_r0,road_loopA_r1,7407.4,7548.8,141.4,1297.8,33.0,1
5834,car,4.5,road_loopA_r0,road_loopA_r1,7430.1,7549.3,119.2,1297.8,39.2,1
5835,suv,4.8,road_loopA_r0,road_loopA_r1,7431.0,7549.4,118.4,1298.5,39.5,0
5805,suv,4.8,road_loopA_r0,road_loopA_r1,7408.8,7550.5,141.7,1298.2,33.0,1
5821,car,4.5,road_loopA_r0,road_loopA_r1,7421.9,7551.4,129.5,1298.6,36.1,1
5842,car,4.5,road_loopA_r0,road_loopA_r1,7439.1,7551.7,112.6,1298.1,41.5,0
5815,suv,4.8,road_loopA_r0,road_loopA_r1,7419.2,7552.2,133.0,1298.1,35.1,1
5888,suv,4.8,road_loopA_r0,xloopA_0Ab,7469.9,7552.7,82.8,869.4,37.8,0
5839,suv,4.8,road_loopA_r0,road_loopA_r1,7437.7,7553.3,115.6,1297.9,40.4,0
5816,car,4.5,road_loopA_r0,road_loopA_r1,7419.6,7554.0,134.4,1298.4,34.8,1
5845,suv,4.8,road_loopA_r0,road_loopA_r1,7441.7,7555.7,114.0,1297.7,41.0,0
5836,car,4.5,road_loopA_r0,road_loopA_r1,7435.0,7555.8,120.8,1298.5,38.7,0
5852,car,4.5,road_loopA_r0,road_loopA_r1,7444.9,7557.3,112.4,1297.5,41.5,0
5844,suv,4.8,road_loopA_r0,road_loopA_r1,7441.5,7557.5,116.0,1298.4,40.3,0
5831,car,4.5,road_loopA_r0,road_loopA_r1,7427.6,7558.2,130.6,1298.3,35.8,0
5847,suv,4.8,road_loopA_r0,road_loopA_r1,7443.0,7559.3,116.3,1297.6,40.2,0
5841,car,4.5,road_loopA_r0,road_loopA_r1,7438.5,7559.8,121.3,1297.5,38.5,0
5822,car,4.5,road_loopA_f0,road_loopA_f1,7423.7,7561.3,137.6,1303.3,34.1,1
5854,car,4.5,road_loopA_r0,road_loopA_r1,7446.2,7561.5,115.3,1297.3,40.5,0
5843,suv,4.8,road_loopA_r0,road_loopA_r1,7440.0,7561.6,121.6,1298.3,38.4,0
5862,suv,4.8,road_loopA_r0,road_loopA_r1,7451.7,7562.3,110.6,1298.6,42.3,0
5830,truck,8.5,road_loopA_f0,road_loopA_f1,7427.3,7563.5,136.2,1304.0,34.5,1
5851,truck,8.5,road_loopA_r0,road_loopA_r1,7443.8,7564.0,120.2,1298.3,38.9,0
5860,truck,8.5,road_loopA_r0,road_loopA_r1,7447.7,7565.1,117.4,1297.7,39.8,0
5870,suv,4.8,road_loopA_r0,road_loopA_r1,7457.2,7565.4,108.2,1298.2,43.2,0
5861,car,4.5,road_loopA_r0,road_loopA_r1,7448.7,7566.0,117.3,1297.5,39.8,0
5865,car,4.5,road_loopA_r0,road_loopA_r1,7452.8,7567.1,114.3,1298.1,40.9,0
5767,bus,11.0,road_loopA_r0,road_loopA_r1,7378.6,7567.2,188.6,1297.9,24.8,3
5863,car,4.5,road_loopA_r0,road_loopA_r1,7452.0,7568.0,116.0,1297.8,40.3,0
5873,car,4.5,road_loopA_r0,road_loopA_r1,7459.8,7568.5,108.7,1297.3,43.0,0
5846,suv,4.8,road_loopA_f0,road_loopA_f1,7441.7,7569.1,127.4,1304.1,36.9,1
5828,car,4.5,road_loopA_f0,xloopA_0Ab,7426.0,7569.5,143.5,505.3,12.7,1
5866,car,4.5,road_loopA_r0,road_loopA_r1,7453.9,7569.7,115.8,1297.6,40.3,0
5771,truck,8.5,road_loopA_r0,xloopA_0Bb,7380.0,7570.1,190.1,895.4,17.0,2
5882,car,4.5,road_loopA_r0,road_loopA_r1,7465.2,7570.5,105.3,1297.6,44.3,0
5890,suv,4.8,road_loopA_r0,road_loopA_r1,7470.6,7571.1,100.5,1298.3,46.5,0
5876,car,4.5,road_loopA_r0,road_loopA_r1,7462.1,7572.0,109.9,1298.2,42.5,0
5869,car,4.5,road_loopA_f0,xloopA_0Ab,7456.8,7572.1,115.3,505.3,15.8,1
5859,car,4.5,road_loopA_f0,road_loopA_f1,7447.7,7573.1,125.4,1303.4,37.4,1
5893,car,4.5,road_loopA_r0,road_loopA_r1,7471.9,7573.4,101.5,1298.0,46.0,0
5823,truck,8.5,road_loopA_r0,xloopA_0Bb,7423.8,7573.9,150.1,895.8,21.5,1
5881,car,4.5,road_loopA_r0,road_loopA_r1,7464.7,7573.9,109.2,1298.2,42.8,0
5827,car,4.5,road_loopA_f0,road_loopA_f1,7425.9,7574.6,148.7,1303.3,31.6,1
5897,car,4.5,road_loopA_f0,xloopA_0Ab,7476.6,7574.7,98.1,505.0,18.5,1
5898,car,4.5,road_loopA_r0,road_loopA_r1,7478.7,7575.4,96.7,1297.5,48.3,0
5871,car,4.5,road_loopA_f0,road_loopA_f1,7458.6,7575.9,117.3,1303.6,40.0,1
5886,car,4.5,road_loopA_r0,road_loopA_r1,7467.4,7576.2,108.8,1297.9,42.9,0
5853,suv,4.8,road_loopA_f0,road_loopA_f1,7446.1,7576.3,130.2,1303.7,36.0,1
5900,suv,4.8,road_loopA_r0,xloopA_0Bb,7480.8,7577.0,96.2,895.7,33.5,0
5880,suv,4.8,road_loopA_f0,road_loopA_f1,7464.5,7577.1,112.6,1303.5,41.7,1
5906,car,4.5,road_loopA_f0,xloopA_0Ab,7485.6,7577.4,91.8,504.9,19.8,1
5908,car,4.5,road_loopA_r0,road_loopA_r1,7486.6,7579.2,92.6,1297.5,50.5,0
5849,car,4.5,road_loopA_f0,road_loopA_f1,7443.4,7579.4,136.0,1302.9,34.5,1
5917,car,4.5,road_loopA_r0,xloopA_0Bb,7500.9,7579.6,78.7,895.3,41.0,0
5940,car,4.5,road_loopA_f0,xloopA_0Ab,7523.5,7580.1,56.6,504.9,32.1,0
5912,car,4.5,road_loopA_r0,road_loopA_r1,7492.6,7581.5,88.9,1297.3,52.5,0
5889,suv,4.8,road_loopA_f0,road_loopA_f1,7470.3,7582.7,112.4,1303.6,41.7,0
5884,car,4.5,xloopA_0Ba,xloopA_0Bb,7467.2,7585.0,117.8,84.7,2.6,1
5894,car,4.5,road_loopA_f0,road_loopA_f1,7472.6,7585.2,112.6,1302.8,41.7,0
5961,car,4.5,xloopA_0Aa,xloopA_0Ab,7545.9,7585.3,39.4,84.4,7.7,1
5877,car,4.5,road_loopA_f0,road_loopA_f1,7462.3,7585.6,123.3,1303.9,38.1,0
5904,car,4.5,xloopA_0Ba,xloopA_0Bb,7484.7,7587.1,102.4,84.1,3.0,1
5899,car,4.5,road_loopA_f0,road_loopA_f1,7479.5,7587.6,108.1,1303.9,43.4,0
5970,car,4.5,xloopA_0Aa,xloopA_0Ab,7555.1,7587.8,32.7,84.3,9.3,1
5938,car,4.5,xloopA_0Ba,xloopA_0Bb,7522.7,7589.3,66.6,84.4,4.6,1
5874,suv,4.8,road_loopA_f0,road_loopA_f1,7461.0,7589.6,128.6,1303.4,36.5,1
5975,car,4.5,xloopA_0Aa,xloopA_0Ab,7557.8,7589.9,32.1,84.8,9.5,0
5813,bus,11.0,road_loopA_r0,road_loopA_r1,7417.4,7591.8,174.4,1298.1,26.8,3
5963,car,4.5,xloopA_0Ba,xloopA_0Bb,7550.2,7595.0,44.8,84.3,6.8,0
5887,truck,8.5,road_loopA_f0,road_loopA_f1,7469.1,7596.1,127.0,1303.9,37.0,0
5905,car,4.5,road_loopA_f0,road_loopA_f1,7484.7,7597.6,112.9,1304.0,41.6,0
5909,car,4.5,road_loopA_f0,road_loopA_f1,7487.5,7599.3,111.8,1303.1,42.0,0
5872,car,4.5,xloopA_0Aa,road_loopA_f1,7459.8,7600.3,140.5,872.3,22.3,1
5911,car,4.5,road_loopA_f0,road_loopA_f1,7490.5,7601.7,111.2,1303.6,42.2,0
5829,car,4.5,road_loopA_f0,road_loopA_f1,7427.2,7602.0,174.8,1303.3,26.8,1
5858,car,4.5,xloopA_0Ba,road_loopA_f1,7447.7,7602.1,154.4,902.6,21.0,1
5919,suv,4.8,road_loopA_f0,road_loopA_f1,7505.2,7603.4,98.2,1303.1,47.8,0
5833,car,4.5,road_loopA_f0,road_loopA_f1,7429.2,7603.7,174.5,1303.7,26.9,1
5837,truck,8.5,road_loopA_f0,road_loopA_f1,7435.9,7604.3,168.4,1303.4,27.9,1
5840,car,4.5,road_loopA_f0,road_loopA_f1,7437.8,7605.4,167.6,1303.0,28.0,1
5916,truck,8.5,road_loopA_f0,road_loopA_f1,7498.0,7605.9,107.9,1302.9,43.5,0
5868,car,4.5,road_loopA_f0,road_loopA_f1,7455.2,7606.3,151.1,1303.7,31.1,1
5848,car,4.5,road_loopA_f0,road_loopA_f1,7443.1,7607.2,164.1,1302.8,28.6,1
5867,suv,4.8,road_loopA_f0,road_loopA_f1,7455.0,7607.9,152.9,1303.1,30.7,1
5926,suv,4.8,road_loopA_f0,road_loopA_f1,7514.3,7607.9,93.6,1303.1,50.1,0
5850,truck,8.5,road_loopA_f0,road_loopA_f1,7443.5,7609.4,165.9,1303.3,28.3,1
5931,suv,4.8,road_loopA_f0,road_loopA_f1,7517.7,7609.8,92.1,1303.2,50.9,0
5879,car,4.5,road_loopA_f0,road_loopA_f1,7463.4,7609.9,146.5,1303.4,32.0,0
5929,car,4.5,road_loopA_f0,road_loopA_f1,7516.2,7611.6,95.4,1303.7,49.2,0
5891,suv,4.8,road_loopA_f0,road_loopA_f1,7470.7,7611.7,141.0,1303.4,33.3,0
5856,truck,8.5,road_loopA_f0,road_loopA_f1,7447.0,7611.9,164.9,1303.7,28.5,1
5903,suv,4.8,road_loopA_f0,road_loopA_f1,7483.1,7613.4,130.3,1303.1,36.0,0
5864,suv,4.8,road_loopA_f0,road_loopA_f1,7452.8,7613.9,161.1,1302.9,29.1,1
5902,car,4.5,road_loopA_f0,road_loopA_f1,7482.2,7615.1,132.9,1303.1,35.3,0
5895,car,4.5,road_loopA_f0,road_loopA_f1,7473.0,7615.5,142.5,1303.5,32.9,0
5892,car,4.5,road_loopA_f0,road_loopA_f1,7471.2,7615.7,144.5,1302.8,32.5,0
5896,suv,4.8,road_loopA_f0,road_loopA_f1,7475.9,7617.6,141.7,1303.6,33.1,0
5910,suv,4.8,road_loopA_f0,road_loopA_f1,7487.6,7619.3,131.7,1303.8,35.7,0
5998,car,4.5,road_loopA_f0,xloopA_0Bb,7574.7,7623.2,48.5,478.9,35.5,1
5914,truck,8.5,road_loopA_f0,road_loopA_f1,7495.6,7631.8,136.2,1303.0,34.4,0
5915,suv,4.8,road_loopA_r0,road_loopA_r1,7496.8,7641.1,144.3,1297.7,32.4,1
5885,car,4.5,xloopA_0Aa,road_loopA_r1,7467.3,7643.2,175.9,506.9,10.4,1
5913,car,4.5,road_loopA_r0,road_loopA_r1,7493.5,7644.6,151.1,1297.4,30.9,1
5907,car,4.5,road_loopA_r0,road_loopA_r1,7485.6,7646.5,160.9,1297.7,29.0,1
5923,car,4.5,road_loopA_r0,road_loopA_r1,7505.9,7646.9,141.0,1297.9,33.1,1
5925,car,4.5,road_loopA_r0,road_loopA_r1,7511.5,7648.6,137.1,1297.4,34.1,1
5941,car,4.5,xloopA_0Ba,road_loopA_r1,7524.8,7649.2,124.4,476.5,13.8,0
5924,car,4.5,road_loopA_r0,road_loopA_r1,7508.7,7649.5,140.8,1298.6,33.2,1
5918,truck,8.5,road_loopA_r0,road_loopA_r1,7503.0,7650.0,147.0,1298.5,31.8,1
5922,suv,4.8,road_loopA_r0,road_loopA_r1,7505.5,7650.8,145.3,1297.3,32.1,1
5927,car,4.5,road_loopA_r0,road_loopA_r1,7514.9,7651.9,137.0,1297.5,34.1,1
5930,truck,8.5,road_loopA_r0,road_loopA_r1,7517.5,7652.2,134.7,1297.4,34.7,1
5928,car,4.5,road_loopA_r0,road_loopA_r1,7515.9,7652.6,136.7,1298.1,34.2,1
5942,car,4.5,road_loopA_r0,road_loopA_r1,7528.0,7653.8,125.8,1297.9,37.1,1
5947,car,4.5,road_loopA_r0,road_loopA_r1,7536.2,7654.3,118.1,1297.8,39.6,1
5934,car,4.5,road_loopA_r0,road_loopA_r1,7518.6,7654.4,135.8,1298.0,34.4,1
5950,suv,4.8,road_loopA_r0,road_loopA_r1,7537.0,7655.8,118.8,1298.1,39.3,1
5935,suv,4.8,road_loopA_r0,road_loopA_r1,7519.4,7656.1,136.7,1298.0,34.2,1
5921,bus,11.0,road_loopA_f0,road_loopA_f1,7505.3,7656.6,151.3,1303.4,31.0,2
5937,car,4.5,road_loopA_r0,road_loopA_r1,7522.2,7658.3,136.1,1298.5,34.3,1
5948,suv,4.8,road_loopA_r0,road_loopA_r1,7536.7,7658.7,122.0,1298.6,38.3,1
5992,car,4.5,road_loopA_r0,xloopA_0Ab,7568.1,7659.2,91.1,868.9,34.3,1
5953,car,4.5,road_loopA_r0,road_loopA_r1,7539.1,7661.5,122.4,1297.8,38.2,1
5943,truck,8.5,road_loopA_r0,road_loopA_r1,7528.1,7662.5,134.4,1297.7,34.8,1
5960,car,4.5,road_loopA_r0,road_loopA_r1,7545.8,7663.2,117.4,1297.6,39.8,1
5951,car,4.5,road_loopA_r0,road_loopA_r1,7537.8,7664.6,126.8,1298.2,36.9,13
5966,suv,4.8,road_loopA_r0,road_loopA_r1,7552.9,7665.0,112.1,1298.1,41.7,0
5958,car,4.5,road_loopA_r0,road_loopA_r1,7542.8,7666.2,123.4,1297.4,37.8,0
5936,car,4.5,road_loopA_f0,road_loopA_f1,7519.9,7666.7,146.8,1302.9,32.0,1
5981,car,4.5,road_loopA_r0,road_loopA_r1,7560.6,7666.8,106.2,1297.5,44.0,0
6056,truck,8.5,road_loopA_f0,xloopA_0Bb,7624.2,7667.3,43.1,478.9,40.0,0
5997,suv,4.8,road_loopA_r0,road_loopA_r1,7574.4,7667.5,93.1,1297.8,50.2,0
5964,car,4.5,road_loopA_r0,road_loopA_r1,7550.3,7668.0,117.7,1298.3,39.7,0
5991,car,4.5,road_loopA_r0,road_loopA_r1,7566.0,7668.6,102.6,1298.4,45.6,0
5969,suv,4.8,road_loopA_r0,road_loopA_r1,7554.4,7669.7,115.3,1297.9,40.5,0
5944,car,4.5,road_loopA_f0,road_loopA_f1,7529.7,7670.3,140.6,1303.0,33.4,1
6000,suv,4.8,road_loopA_r0,road_loopA_r1,7577.3,7670.3,93.0,1297.3,50.2,0
5982,car,4.5,road_loopA_r0,road_loopA_r1,7560.6,7671.5,110.9,1298.4,42.1,0
6001,car,4.5,road_loopA_r0,road_loopA_r1,7579.4,7672.5,93.1,1297.9,50.2,0
5939,bus,11.0,road_loopA_r0,road_loopA_r1,7522.9,7675.4,152.5,1298.5,30.7,2
5946,car,4.5,road_loopA_f0,road_loopA_f1,7535.5,7676.1,140.6,1303.9,33.4,1
6011,car,4.5,road_loopA_r0,road_loopA_r1,7589.8,7679.1,89.3,1298.0,52.3,0
6009,car,4.5,road_loopA_r0,xloopA_0Ab,7587.2,7680.6,93.4,869.3,33.5,0
5962,car,4.5,road_loopA_f0,road_loopA_f1,7548.8,7680.8,132.0,1303.5,35.5,1
5952,truck,8.5,road_loopA_f0,road_loopA_f1,7538.5,7681.6,143.1,1303.8,32.8,1
5995,suv,4.8,road_loopA_r0,road_loopA_r1,7574.4,7682.8,108.4,1298.3,43.1,0
5883,bus,11.0,road_loopA_r0,road_loopA_r1,7467.0,7682.9,215.9,1297.9,21.6,3
6002,suv,4.8,road_loopA_r0,road_loopA_r1,7579.8,7685.1,105.3,1297.6,44.3,0
5971,suv,4.8,road_loopA_f0,road_loopA_f1,7556.3,7687.3,131.0,1304.1,35.8,1
5955,car,4.5,road_loopA_f0,road_loopA_f1,7540.8,7687.9,147.1,1303.2,31.9,1
5945,car,4.5,road_loopA_f0,road_loopA_f1,7532.3,7688.2,155.9,1303.8,30.1,1
6016,car,4.5,road_loopA_r0,road_loopA_r1,7592.6,7688.5,95.9,1297.7,48.7,0
6023,suv,4.8,road_loopA_r0,road_loopA_r1,7598.0,7689.2,91.2,1298.6,51.3,0
6022,car,4.5,road_loopA_r0,road_loopA_r1,7597.8,7689.8,92.0,1298.6,50.8,0
5967,suv,4.8,road_loopA_f0,road_loopA_f1,7553.2,7689.9,136.7,1304.0,34.3,1
6020,car,4.5,road_loopA_r0,road_loopA_r1,7595.7,7690.3,94.6,1298.1,49.4,0
5976,car,4.5,road_loopA_f0,road_loopA_f1,7558.1,7691.4,133.3,1303.9,35.2,1
6024,suv,4.8,road_loopA_r0,road_loopA_r1,7599.2,7692.0,92.8,1297.8,50.4,0
5979,car,4.5,road_loopA_f0,road_loopA_f1,7559.5,7693.1,133.6,1304.2,35.1,1
5957,truck,8.5,road_loopA_f0,road_loopA_f1,7541.8,7693.8,152.0,1303.9,30.9,1
5974,suv,4.8,road_loopA_r0,xloopA_0Bb,7557.6,7693.9,136.3,895.8,23.7,1
5933,suv,4.8,road_loopA_f0,road_loopA_f1,7518.2,7694.0,175.8,1303.3,26.7,1
6014,car,4.5,road_loopA_f0,xloopA_0Ab,7590.9,7694.4,103.5,505.1,17.6,1
5986,car,4.5,road_loopA_f0,road_loopA_f1,7562.8,7694.9,132.1,1303.4,35.5,1
6030,car,4.5,road_loopA_r0,road_loopA_r1,7605.0,7695.8,90.8,1298.7,51.5,0
5965,car,4.5,road_loopA_f0,road_loopA_f1,7553.0,7696.2,143.2,1304.0,32.8,1
6015,suv,4.8,road_loopA_r0,road_loopA_r1,7591.6,7696.4,104.8,1297.6,44.6,0
5980,car,4.5,road_loopA_f0,road_loopA_f1,7560.4,7697.0,136.6,1303.9,34.4,1
6017,car,4.5,road_loopA_f0,xloopA_0Ab,7594.2,7697.0,102.8,505.2,17.7,1
5988,truck,8.5,road_loopA_r0,xloopA_0Bb,7565.1,7697.3,132.2,895.8,24.4,1
5973,car,4.5,road_loopA_f0,road_loopA_f1,7557.4,7697.4,140.0,1303.0,33.5,1
6037,suv,4.8,road_loopA_r0,road_loopA_r1,7608.3,7697.9,89.6,1298.2,52.2,0
5983,car,4.5,road_loopA_f0,road_loopA_f1,7561.7,7698.8,137.1,1303.3,34.2,1
5959,suv,4.8,road_loopA_f0,road_loopA_f1,7544.9,7699.1,154.2,1303.1,30.4,1
6052,car,4.5,road_loopA_f0,xloopA_0Ab,7622.7,7699.7,77.0,505.4,23.6,1
5990,car,4.5,road_loopA_f0,road_loopA_f1,7565.6,7700.6,135.0,1302.8,34.7,1
6007,truck,8.5,road_loopA_r0,xloopA_0Bb,7585.7,7701.1,115.4,895.9,27.9,1
5994,suv,4.8,road_loopA_f0,road_loopA_f1,7573.5,7702.4,128.9,1302.8,36.4,1
5949,car,4.5,road_loopA_f0,road_loopA_f1,7536.9,7702.5,165.6,1303.1,28.3,1
6088,suv,4.8,road_loopA_f0,xloopA_0Ab,7647.9,7702.5,54.6,505.4,33.3,0
6041,truck,8.5,road_loopA_r0,road_loopA_r1,7610.8,7703.6,92.8,1298.3,50.4,0
6003,suv,4.8,road_loopA_f0,road_loopA_f1,7580.2,7704.2,124.0,1303.3,37.8,2
6101,car,4.5,road_loopA_f0,xloopA_0Ab,7655.8,7705.1,49.3,505.3,36.9,0
5968,truck,8.5,road_loopA_f0,road_loopA_f1,7553.5,7705.5,152.0,1303.3,30.9,1
5989,car,4.5,xloopA_0Ba,road_loopA_f1,7565.4,7705.7,140.3,902.3,23.1,0
5985,car,4.5,road_loopA_f0,road_loopA_f1,7562.2,7706.4,144.2,1302.9,32.5,1
5932,truck,8.5,road_loopA_f0,road_loopA_f1,7518.2,7707.9,189.7,1303.2,24.7,1
6008,car,4.5,road_loopA_f0,road_loopA_f1,7585.8,7707.9,122.1,1304.1,38.5,0
6040,car,4.5,road_loopA_r0,road_loopA_r1,7610.8,7708.0,97.2,1298.4,48.1,0
5972,truck,8.5,road_loopA_f0,road_loopA_f1,7557.0,7708.3,151.3,1303.2,31.0,1
6035,car,4.5,xloopA_0Aa,xloopA_0Ab,7606.9,7709.4,102.5,84.2,3.0,1
6012,car,4.5,road_loopA_f0,road_loopA_f1,7590.0,7709.8,119.8,1303.6,39.2,1
5954,truck,8.5,road_loopA_f0,road_loopA_f1,7539.1,7710.4,171.3,1303.5,27.4,1
5977,car,4.5,road_loopA_f0,road_loopA_f1,7558.9,7710.6,151.7,1303.6,30.9,1
6045,car,4.5,road_loopA_r0,road_loopA_r1,7612.8,7710.9,98.1,1297.6,47.6,0
6019,suv,4.8,road_loopA_r0,road_loopA_r1,7595.5,7711.2,115.7,1297.3,40.4,0
6031,car,4.5,xloopA_0Ba,xloopA_0Bb,7605.2,7711.5,106.3,84.3,2.9,1
6043,car,4.5,xloopA_0Aa,xloopA_0Ab,7611.2,7711.9,100.7,84.6,3.0,1
5956,car,4.5,road_loopA_f0,road_loopA_f1,7541.6,7712.4,170.8,1304.1,27.5,1
6046,suv,4.8,road_loopA_r0,road_loopA_r1,7616.9,7712.6,95.7,1297.7,48.8,0
5978,truck,8.5,road_loopA_f0,road_loopA_f1,7558.9,7713.4,154.5,1303.8,30.4,1
5987,car,4.5,road_loopA_f0,road_loopA_f1,7564.5,7714.1,149.6,1303.5,31.4,1
6067,car,4.5,xloopA_0Aa,xloopA_0Ab,7631.0,7714.2,83.2,84.4,3.7,1
6039,car,4.5,xloopA_0Ba,xloopA_0Bb,7610.7,7714.3,103.6,84.6,2.9,1
5996,car,4.5,road_loopA_f0,road_loopA_f1,7574.4,7714.7,140.3,1303.9,33.5,1
6038,car,4.5,road_loopA_r0,road_loopA_r1,7610.4,7715.2,104.8,1298.0,44.6,0
6026,car,4.5,road_loopA_f0,road_loopA_f1,7601.0,7715.5,114.5,1303.3,41.0,1
5984,car,4.5,road_loopA_f0,road_loopA_f1,7561.8,7715.6,153.8,1303.3,30.5,1
5993,truck,8.5,road_loopA_f0,road_loopA_f1,7573.4,7716.4,143.0,1303.9,32.8,0
6058,car,4.5,xloopA_0Ba,xloopA_0Bb,7625.2,7716.4,91.2,84.1,3.3,0
6028,car,4.5,road_loopA_f0,road_loopA_f1,7604.5,7717.2,112.7,1303.9,41.7,0
6004,suv,4.8,road_loopA_f0,road_loopA_f1,7583.6,7717.4,133.8,1303.4,35.1,0
6086,car,4.5,xloopA_0Ba,xloopA_0Bb,7644.6,7718.3,73.7,84.4,4.1,0
5999,car,4.5,road_loopA_f0,road_loopA_f1,7575.5,7718.4,142.9,1303.2,32.8,1
6080,car,4.5,xloopA_0Aa,xloopA_0Ab,7639.0,7718.6,79.6,84.2,3.8,0
6032,car,4.5,road_loopA_f0,road_loopA_f1,7605.7,7718.9,113.2,1303.8,41.5,0
6005,car,4.5,road_loopA_f0,road_loopA_f1,7584.6,7719.4,134.8,1302.9,34.8,0
6143,car,4.5,xloopA_0Ba,xloopA_0Bb,7694.3,7720.2,25.9,84.8,11.8,0
6006,car,4.5,road_loopA_f0,road_loopA_f1,7585.2,7720.3,135.1,1303.9,34.7,0
6095,car,4.5,xloopA_0Aa,xloopA_0Ab,7651.0,7720.7,69.7,84.7,4.4,0
6021,car,4.5,road_loopA_f0,road_loopA_f1,7596.8,7721.1,124.3,1303.6,37.8,1
6044,car,4.5,road_loopA_f0,road_loopA_f1,7611.6,7721.4,109.8,1302.8,42.7,0
6010,car,4.5,road_loopA_f0,road_loopA_f1,7589.0,7722.1,133.1,1303.0,35.3,0
6027,suv,4.8,road_loopA_f0,road_loopA_f1,7603.7,7723.0,119.3,1303.5,39.4,0
6109,car,4.5,xloopA_0Aa,xloopA_0Ab,7662.3,7723.0,60.7,84.1,5.0,0
6048,truck,8.5,road_loopA_f0,road_loopA_f1,7617.5,7723.7,106.2,1303.6,44.2,0
6013,car,4.5,road_loopA_f0,road_loopA_f1,7590.9,7723.9,133.0,1303.9,35.3,0
6033,car,4.5,road_loopA_f0,road_loopA_f1,7606.1,7724.8,118.7,1303.7,39.5,0
6025,suv,4.8,road_loopA_f0,road_loopA_f1,7599.6,7725.6,126.0,1302.9,37.2,0
6054,suv,4.8,road_loopA_f0,road_loopA_f1,7623.4,7726.5,103.1,1303.3,45.5,0
6036,car,4.5,road_loopA_f0,road_loopA_f1,7607.2,7726.6,119.4,1303.3,39.3,0
6029,car,4.5,road_loopA_f0,road_loopA_f1,7604.6,7727.4,122.8,1303.0,38.2,0
6148,car,4.5,xloopA_0Aa,xloopA_0Ab,7696.8,7727.6,30.8,84.3,9.8,0
6034,car,4.5,road_loopA_f0,road_loopA_f1,7606.2,7728.7,122.5,1303.6,38.3,0
6047,car,4.5,road_loopA_f0,road_loopA_f1,7617.5,7729.2,111.7,1303.3,42.0,0
6068,car,4.5,road_loopA_f0,road_loopA_f1,7631.0,7729.2,98.2,1303.4,47.8,0
6064,car,4.5,road_loopA_f0,road_loopA_f1,7626.8,7730.3,103.5,1302.9,45.3,0
6051,car,4.5,road_loopA_f0,road_loopA_f1,7622.2,7731.0,108.8,1303.5,43.1,0
6059,car,4.5,road_loopA_f0,road_loopA_f1,7625.6,7731.2,105.6,1303.1,44.4,0
6077,suv,4.8,road_loopA_f0,road_loopA_f1,7636.1,7732.1,96.0,1303.0,48.8,0
6066,suv,4.8,road_loopA_f0,road_loopA_f1,7628.6,7732.5,103.9,1303.2,45.2,0
6082,car,4.5,road_loopA_f0,road_loopA_f1,7640.4,7733.9,93.5,1303.0,50.2,0
6063,car,4.5,road_loopA_f0,road_loopA_f1,7626.5,7736.4,109.9,1303.7,42.7,0
6085,car,4.5,road_loopA_f0,road_loopA_f1,7641.5,7737.0,95.5,1303.8,49.1,0
6065,car,4.5,road_loopA_f0,road_loopA_f1,7628.4,7738.1,109.7,1303.4,42.8,0
6078,suv,4.8,road_loopA_f0,road_loopA_f1,7637.9,7740.8,102.9,1303.2,45.6,0
6070,truck,8.5,road_loopA_f0,road_loopA_f1,7632.3,7748.9,116.6,1302.9,40.2,0
6062,car,4.5,road_loopA_r0,xloopA_0Ab,7626.1,7751.1,125.0,868.9,25.0,3
6096,car,4.5,road_loopA_f0,xloopA_0Bb,7651.0,7751.2,100.2,478.7,17.2,2
6110,car,4.5,road_loopA_f0,xloopA_0Bb,7662.3,7754.9,92.6,478.9,18.6,2
6018,car,4.5,xloopA_0Ba,road_loopA_r1,7594.4,7760.0,165.6,476.7,10.4,1
6172,car,4.5,road_loopA_f0,xloopA_0Bb,7726.4,7771.9,45.5,478.7,37.9,0
6049,car,4.5,road_loopA_r0,road_loopA_r1,7619.5,7773.7,154.2,1297.4,30.3,1
6050,truck,8.5,road_loopA_r0,road_loopA_r1,7620.0,7775.0,155.0,1297.3,30.1,1
6055,car,4.5,road_loopA_r0,road_loopA_r1,7623.6,7775.4,151.8,1297.9,30.8,1
6057,truck,8.5,road_loopA_r0,road_loopA_r1,7624.6,7777.0,152.4,1298.3,30.7,1
6061,car,4.5,road_loopA_r0,road_loopA_r1,7625.9,7777.0,151.1,1297.4,30.9,1
6060,car,4.5,road_loopA_r0,road_loopA_r1,7625.7,7777.2,151.5,1298.7,30.9,1
6075,car,4.5,road_loopA_r0,road_loopA_r1,7634.3,7778.8,144.5,1298.4,32.3,1
6069,suv,4.8,road_loopA_r0,road_loopA_r1,7631.6,7778.9,147.3,1297.5,31.7,1
6072,car,4.5,road_loopA_r0,road_loopA_r1,7633.6,7780.7,147.1,1297.3,31.8,1
6071,suv,4.8,road_loopA_r0,road_loopA_r1,7632.7,7780.9,148.2,1297.3,31.5,1
6073,car,4.5,road_loopA_r0,road_loopA_r1,7633.7,7782.2,148.5,1297.5,31.5,1
6042,bus,11.0,road_loopA_f0,road_loopA_f1,7611.0,7782.6,171.6,1303.2,27.3,2
6076,car,4.5,road_loopA_r0,road_loopA_r1,7635.9,7782.6,146.7,1297.7,31.8,1
6083,car,4.5,road_loopA_r0,road_loopA_r1,7640.7,7783.8,143.1,1297.4,32.6,1
6081,car,4.5,road_loopA_r0,road_loopA_r1,7639.2,7784.4,145.2,1297.5,32.2,1
6087,car,4.5,road_loopA_r0,road_loopA_r1,7646.5,7786.2,139.7,1297.9,33.5,1
6084,car,4.5,road_loopA_r0,road_loopA_r1,7641.3,7786.3,145.0,1298.1,32.2,1
6094,car,4.5,road_loopA_r0,road_loopA_r1,7650.4,7787.6,137.2,1298.6,34.1,1
6089,car,4.5,road_loopA_r0,road_loopA_r1,7648.0,7788.0,140.0,1298.1,33.4,1
6091,car,4.5,road_loopA_r0,road_loopA_r1,7648.7,7788.8,140.1,1297.5,33.3,1
6102,car,4.5,road_loopA_r0,road_loopA_r1,7655.8,7790.0,134.2,1297.3,34.8,1
6098,suv,4.8,road_loopA_r0,road_loopA_r1,7651.7,7790.5,138.8,1297.3,33.6,1
6104,car,4.5,road_loopA_r0,road_loopA_r1,7656.4,7791.9,135.5,1297.2,34.5,1
6074,truck,8.5,road_loopA_r0,road_loopA_r1,7634.1,7793.1,159.0,1298.2,29.4,1
6111,car,4.5,road_loopA_r0,road_loopA_r1,7664.7,7793.7,129.0,1297.7,36.2,1
6112,car,4.5,road_loopA_r0,road_loopA_r1,7666.3,7795.5,129.2,1297.9,36.2,1
6092,car,4.5,road_loopA_r0,road_loopA_r1,7649.6,7795.6,146.0,1297.5,32.0,1
6093,car,4.5,road_loopA_f0,road_loopA_f1,7650.4,7795.8,145.4,1304.1,32.3,1
6117,car,4.5,road_loopA_r0,road_loopA_r1,7669.0,7796.7,127.7,1297.4,36.6,1
6114,car,4.5,road_loopA_r0,road_loopA_r1,7667.5,7797.3,129.8,1298.5,36.0,1
6100,suv,4.8,road_loopA_f0,road_loopA_f1,7654.5,7798.8,144.3,1303.7,32.5,1
6116,suv,4.8,road_loopA_r0,road_loopA_r1,7667.9,7799.0,131.1,1297.7,35.6,1
6157,car,4.5,road_loopA_r0,xloopA_0Ab,7709.1,7800.2,91.1,868.9,34.3,1
6099,truck,8.5,road_loopA_r0,road_loopA_r1,7654.4,7800.5,146.1,1297.7,32.0,1
6120,car,4.5,road_loopA_r0,road_loopA_r1,7670.7,7801.8,131.1,1298.1,35.6,1
6113,car,4.5,road_loopA_r0,road_loopA_r1,7666.9,7801.9,135.0,1297.5,34.6,1
6140,suv,4.8,road_loopA_r0,road_loopA_r1,7690.0,7802.9,112.9,1297.5,41.4,1
6107,car,4.5,road_loopA_f0,road_loopA_f1,7659.0,7803.4,144.4,1302.8,32.5,1
6133,car,4.5,road_loopA_r0,road_loopA_r1,7685.3,7803.9,118.6,1297.5,39.4,0
6128,truck,8.5,road_loopA_r0,road_loopA_r1,7679.5,7804.0,124.5,1297.3,37.5,0
6141,suv,4.8,road_loopA_r0,road_loopA_r1,7690.3,7805.7,115.4,1298.3,40.5,0
6129,car,4.5,road_loopA_r0,road_loopA_r1,7680.8,7806.3,125.5,1298.5,37.2,0
6145,suv,4.8,road_loopA_r0,road_loopA_r1,7696.0,7806.6,110.6,1297.3,42.2,0
6097,car,4.5,road_loopA_f0,road_loopA_f1,7651.7,7806.7,155.0,1303.6,30.3,1
6138,car,4.5,road_loopA_r0,road_loopA_r1,7689.6,7808.0,118.4,1298.3,39.5,0
6137,car,4.5,road_loopA_r0,road_loopA_r1,7689.5,7809.7,120.2,1298.4,38.9,0
6108,suv,4.8,road_loopA_f0,road_loopA_f1,7661.4,7810.0,148.6,1303.7,31.6,1
6150,suv,4.8,road_loopA_r0,road_loopA_r1,7700.3,7810.7,110.4,1298.2,42.3,0
6142,car,4.5,road_loopA_r0,road_loopA_r1,7690.5,7811.1,120.6,1298.6,38.8,1
6119,car,4.5,road_loopA_f0,road_loopA_f1,7670.5,7811.2,140.7,1303.5,33.3,1
6127,car,4.5,road_loopA_f0,road_loopA_f1,7678.1,7812.8,134.7,1303.1,34.8,1
6146,car,4.5,road_loopA_r0,road_loopA_r1,7696.0,7812.9,116.9,1298.7,40.0,0
6115,car,4.5,road_loopA_f0,road_loopA_f1,7667.7,7813.1,145.4,1303.6,32.3,1
6105,car,4.5,road_loopA_f0,road_loopA_f1,7658.3,7813.3,155.0,1302.9,30.3,1
6155,car,4.5,road_loopA_r0,road_loopA_r1,7705.2,7814.1,108.9,1297.5,42.9,0
6169,car,4.5,road_loopA_r0,road_loopA_r1,7721.2,7814.5,93.3,1298.2,50.1,0
6118,suv,4.8,road_loopA_f0,road_loopA_f1,7670.0,7814.7,144.7,1302.8,32.4,1
6151,suv,4.8,road_loopA_r0,road_loopA_r1,7702.2,7814.8,112.6,1298.6,41.5,0
6124,truck,8.5,road_loopA_f0,road_loopA_f1,7674.9,7815.6,140.7,1303.9,33.4,1
6161,car,4.5,road_loopA_r0,road_loopA_r1,7713.6,7815.8,102.2,1297.7,45.7,0
6160,car,4.5,road_loopA_r0,road_loopA_r1,7712.3,7816.5,104.2,1297.3,44.8,0
6171,suv,4.8,road_loopA_r0,road_loopA_r1,7725.1,7817.5,92.4,1297.6,50.5,0
6163,car,4.5,road_loopA_r0,road_loopA_r1,7717.4,7818.4,101.0,1297.8,46.2,0
6126,car,4.5,road_loopA_f0,road_loopA_f1,7677.2,7818.6,141.4,1302.8,33.2,1
6053,car,4.5,road_loopA_r0,xloopA_0Bb,7623.0,7820.4,197.4,895.5,16.3,1
6122,car,4.5,road_loopA_f0,road_loopA_f1,7674.2,7820.7,146.5,1303.2,32.0,1
6132,car,4.5,road_loopA_f0,road_loopA_f1,7685.1,7821.2,136.1,1304.1,34.5,1
6158,truck,8.5,road_loopA_f0,xloopA_0Ab,7709.6,7822.2,112.6,505.1,16.1,1
6090,suv,4.8,road_loopA_r0,xloopA_0Bb,7648.0,7823.1,175.1,896.0,18.4,1
6135,car,4.5,road_loopA_f0,road_loopA_f1,7688.5,7823.5,135.0,1304.1,34.8,1
6134,suv,4.8,road_loopA_f0,road_loopA_f1,7686.4,7823.8,137.4,1303.3,34.2,1
6147,suv,4.8,road_loopA_f0,road_loopA_f1,7696.3,7825.6,129.3,1303.8,36.3,1
6131,suv,4.8,road_loopA_r0,xloopA_0Bb,7683.8,7825.8,142.0,896.0,22.7,1
6174,truck,8.5,road_loopA_r0,road_loopA_r1,7727.7,7825.9,98.2,1298.4,47.6,0
6178,truck,8.5,road_loopA_f0,xloopA_0Ab,7731.7,7826.0,94.3,505.3,19.3,1
6123,suv,4.8,road_loopA_f0,road_loopA_f1,7674.6,7826.2,151.6,1302.9,30.9,1
6079,car,4.5,xloopA_0Aa,road_loopA_f1,7638.1,7826.9,188.8,872.0,16.6,0
6176,car,4.5,road_loopA_r0,road_loopA_r1,7729.9,7827.2,97.3,1297.5,48.0,0
6156,suv,4.8,road_loopA_f0,road_loopA_f1,7705.3,7827.3,122.0,1303.1,38.5,23
6177,car,4.5,road_loopA_r0,road_loopA_r1,7730.0,7827.9,97.9,1297.7,47.7,0
6185,car,4.5,road_loopA_r0,xloopA_0Bb,7735.9,7828.4,92.5,895.3,34.8,1
6203,car,4.5,road_loopA_f0,xloopA_0Ab,7755.2,7829.0,73.8,505.0,24.6,1
6152,car,4.5,road_loopA_f0,road_loopA_f1,7704.5,7829.1,124.6,1303.7,37.7,1
6103,truck,8.5,road_loopA_f0,road_loopA_f1,7656.0,7829.2,173.2,1303.6,27.1,1
6182,car,4.5,road_loopA_r0,road_loopA_r1,7734.2,7829.7,95.5,1298.6,49.0,0
6130,suv,4.8,road_loopA_f0,road_loopA_f1,7681.4,7830.1,148.7,1303.9,31.6,1
6183,car,4.5,road_loopA_r0,road_loopA_r1,7734.8,7830.4,95.6,1297.5,48.9,0
6187,car,4.5,road_loopA_r0,road_loopA_r1,7738.9,7830.4,91.5,1297.7,51.1,0
6106,car,4.5,road_loopA_f0,road_loopA_f1,7658.7,7831.2,172.5,1303.6,27.2,1
6162,truck,8.5,road_loopA_f0,road_loopA_f1,7714.4,7831.4,117.0,1304.0,40.1,0
6214,suv,4.8,road_loopA_f0,xloopA_0Ab,7765.3,7831.8,66.5,505.7,27.4,1
6136,truck,8.5,road_loopA_f0,road_loopA_f1,7688.7,7832.4,143.7,1303.4,32.6,1
6192,car,4.5,road_loopA_r0,road_loopA_r1,7743.8,7832.8,89.0,1298.1,52.5,0
6121,car,4.5,road_loopA_f0,road_loopA_f1,7673.3,7832.9,159.6,1302.9,29.4,1
6180,car,4.5,road_loopA_f0,road_loopA_f1,7732.8,7833.3,100.5,1303.0,46.7,0
6139,car,4.5,road_loopA_f0,road_loopA_f1,7689.7,7834.6,144.9,1302.8,32.4,1
6164,car,4.5,road_loopA_r0,road_loopA_r1,7717.8,7834.8,117.0,1297.3,39.9,0
6153,car,4.5,road_loopA_f0,road_loopA_f1,7704.8,7835.0,130.2,1303.9,36.1,0
6167,car,4.5,xloopA_0Aa,xloopA_0Ab,7718.8,7835.9,117.1,84.0,2.6,1
6144,car,4.5,road_loopA_f0,road_loopA_f1,7695.7,7836.3,140.6,1302.8,33.3,1
6165,car,4.5,xloopA_0Ba,xloopA_0Bb,7718.1,7836.4,118.3,84.5,2.6,1
6154,truck,8.5,road_loopA_f0,road_loopA_f1,7705.3,7836.5,131.2,1303.7,35.8,17
6191,car,4.5,road_loopA_f0,road_loopA_f1,7743.7,7836.6,92.9,1303.6,50.5,0
6181,truck,8.5,road_loopA_r0,road_loopA_r1,7734.2,7836.9,102.7,1297.4,45.5,0
6149,car,4.5,road_loopA_f0,road_loopA_f1,7698.4,7838.4,140.0,1303.3,33.5,1
6168,car,4.5,road_loopA_f0,road_loopA_f1,7718.9,7838.6,119.7,1303.6,39.2,0
6218,car,4.5,xloopA_0Ba,xloopA_0Bb,7770.7,7839.0,68.3,84.2,4.4,1
6190,suv,4.8,road_loopA_f0,road_loopA_f1,7741.7,7839.3,97.6,1303.4,48.1,0
6159,car,4.5,road_loopA_f0,road_loopA_f1,7712.2,7840.1,127.9,1303.2,36.7,0
6186,car,4.5,road_loopA_f0,road_loopA_f1,7736.6,7840.3,103.7,1303.2,45.2,0
6196,car,4.5,xloopA_0Aa,xloopA_0Ab,7746.8,7840.4,93.6,84.0,3.2,1
6223,car,4.5,xloopA_0Ba,xloopA_0Bb,7775.8,7841.1,65.3,84.3,4.6,0
6166,suv,4.8,road_loopA_f0,road_loopA_f1,7718.1,7841.9,123.8,1304.0,37.9,0
6189,car,4.5,road_loopA_f0,road_loopA_f1,7740.9,7842.0,101.1,1303.3,46.4,0
6184,car,4.5,road_loopA_f0,road_loopA_f1,7734.9,7842.2,107.3,1304.2,43.7,0
6249,car,4.5,xloopA_0Ba,xloopA_0Bb,7799.0,7842.9,43.9,84.6,6.9,0
6199,truck,8.5,road_loopA_f0,road_loopA_f1,7752.5,7843.3,90.8,1303.0,51.7,0
6170,suv,4.8,road_loopA_f0,road_loopA_f1,7723.6,7843.6,120.0,1302.8,39.1,0
6175,suv,4.8,road_loopA_f0,road_loopA_f1,7729.6,7844.2,114.6,1303.6,41.0,0
6202,car,4.5,road_loopA_f0,road_loopA_f1,7754.4,7845.3,90.9,1303.1,51.6,0
6173,suv,4.8,road_loopA_f0,road_loopA_f1,7727.1,7845.6,118.5,1303.4,39.6,0
6195,car,4.5,road_loopA_f0,road_loopA_f1,7745.3,7845.8,100.5,1302.8,46.7,0
6272,car,4.5,xloopA_0Aa,xloopA_0Ab,7815.7,7846.2,30.5,84.7,10.0,0
6262,car,4.5,xloopA_0Ba,xloopA_0Bb,7805.0,7846.6,41.6,84.5,7.3,0
6188,car,4.5,road_loopA_f0,road_loopA_f1,7739.8,7847.4,107.6,1303.1,43.6,0
6204,car,4.5,road_loopA_f0,road_loopA_f1,7756.6,7847.5,90.9,1303.4,51.6,0
6265,car,4.5,xloopA_0Ba,xloopA_0Bb,7808.9,7848.5,39.6,84.0,7.6,0
6194,car,4.5,road_loopA_f0,road_loopA_f1,7745.1,7849.2,104.1,1303.4,45.1,0
6286,car,4.5,xloopA_0Aa,xloopA_0Ab,7832.9,7849.5,16.6,84.4,18.3,0
6296,car,4.5,xloopA_0Aa,xloopA_0Ab,7841.9,7852.2,10.3,84.8,29.6,0
6212,suv,4.8,road_loopA_f0,road_loopA_f1,7764.8,7855.0,90.2,1304.0,52.0,0
6197,truck,8.5,road_loopA_f0,road_loopA_f1,7747.5,7860.7,113.2,1303.6,41.4,0
6220,car,4.5,road_loopA_f0,road_loopA_f1,7772.1,7862.2,90.1,1302.9,52.0,0
6222,car,4.5,road_loopA_f0,road_loopA_f1,7775.2,7865.3,90.1,1303.8,52.1,0
6210,suv,4.8,road_loopA_f0,road_loopA_f1,7763.0,7868.1,105.1,1302.8,44.6,0
6209,car,4.5,road_loopA_f0,road_loopA_f1,7762.7,7871.6,108.9,1303.3,43.1,0
1732,tram,34.0,loopB,loopB,3665.4,7875.9,4210.5,33673.1,28.8,42
6125,bus,11.0,road_loopA_f0,road_loopA_f1,7675.6,7876.6,201.0,1303.1,23.3,4
6205,suv,4.8,road_loopA_f0,road_loopA_f1,7758.5,7878.4,119.9,1303.6,39.1,0
6290,car,4.5,road_loopA_f0,xloopA_0Bb,7836.9,7882.0,45.1,478.8,38.2,0
6200,car,4.5,road_loopA_r0,road_loopA_r1,7752.9,7898.0,145.1,1297.6,32.2,1
6207,car,4.5,road_loopA_r0,road_loopA_r1,7760.8,7899.5,138.7,1297.7,33.7,1
1556,tram,34.0,loopA,loopA,3498.7,7900.9,4402.2,33703.3,27.6,42
6217,suv,4.8,road_loopA_r0,road_loopA_r1,7768.4,7901.3,132.9,1297.3,35.1,1
6213,suv,4.8,road_loopA_r0,road_loopA_r1,7764.9,7901.8,136.9,1297.9,34.1,1
6208,suv,4.8,road_loopA_r0,road_loopA_r1,7761.4,7903.9,142.5,1298.6,32.8,1
6193,suv,4.8,road_loopA_r0,road_loopA_r1,7744.0,7904.6,160.6,1297.4,29.1,1
6219,car,4.5,road_loopA_r0,road_loopA_r1,7771.8,7904.9,133.1,1298.4,35.1,1
6236,car,4.5,xloopA_0Aa,road_loopA_r1,7789.9,7905.1,115.2,506.7,15.8,0
6221,car,4.5,road_loopA_r0,road_loopA_r1,7774.2,7906.6,132.4,1298.3,35.3,1
6215,truck,8.5,road_loopA_r0,road_loopA_r1,7767.5,7907.5,140.0,1297.7,33.4,1
6226,car,4.5,road_loopA_r0,road_loopA_r1,7779.5,7907.5,128.0,1298.4,36.5,1
6211,car,4.5,road_loopA_r0,road_loopA_r1,7763.3,7908.4,145.1,1298.0,32.2,1
6317,car,4.5,road_loopA_f0,xloopA_0Bb,7868.6,7908.5,39.9,478.6,43.1,0
6225,car,4.5,road_loopA_r0,road_loopA_r1,7777.6,7910.1,132.5,1297.3,35.3,1
6228,suv,4.8,road_loopA_r0,road_loopA_r1,7782.3,7910.2,127.9,1298.4,36.5,1
6288,car,4.5,road_loopA_r0,xloopA_0Ab,7834.9,7910.9,76.0,868.9,41.2,0
6231,suv,4.8,road_loopA_r0,road_loopA_r1,7786.2,7911.2,125.0,1297.9,37.4,1
6244,car,4.5,road_loopA_r0,road_loopA_r1,7794.9,7912.9,118.0,1297.3,39.6,1
6216,truck,8.5,road_loopA_r0,road_loopA_r1,7767.9,7914.2,146.3,1298.0,31.9,1
6252,car,4.5,road_loopA_r0,road_loopA_r1,7799.6,7914.4,114.8,1298.5,40.7,1
6251,car,4.5,road_loopA_r0,road_loopA_r1,7799.1,7915.6,116.5,1297.4,40.1,1
6230,car,4.5,road_loopA_r0,road_loopA_r1,7783.2,7916.1,132.9,1297.9,35.2,1
6235,suv,4.8,road_loopA_r0,road_loopA_r1,7786.9,7917.8,130.9,1298.0,35.7,1
6253,truck,8.5,road_loopA_r0,road_loopA_r1,7800.4,7918.2,117.8,1297.5,39.7,0
6266,car,4.5,road_loopA_r0,road_loopA_r1,7809.4,7919.0,109.6,1297.6,42.6,0
6246,car,4.5,road_loopA_r0,road_loopA_r1,7798.1,7919.5,121.4,1297.4,38.5,1
6260,car,4.5,road_loopA_r0,road_loopA_r1,7804.7,7921.2,116.5,1297.9,40.1,0
6282,car,4.5,road_loopA_r0,xloopA_0Ab,7829.0,7921.2,92.2,869.2,34.0,1
6268,suv,4.8,road_loopA_r0,road_loopA_r1,7811.0,7922.8,111.8,1298.6,41.8,0
6277,truck,8.5,road_loopA_r0,road_loopA_r1,7820.8,7923.1,102.3,1298.0,45.7,0
6247,truck,8.5,road_loopA_r0,road_loopA_r1,7798.2,7923.2,125.0,1297.7,37.4,0
6232,car,4.5,road_loopA_f0,road_loopA_f1,7786.4,7924.0,137.6,1303.3,34.1,1
6279,car,4.5,road_loopA_r0,road_loopA_r1,7827.7,7924.5,96.8,1297.4,48.2,0
6285,suv,4.8,road_loopA_r0,road_loopA_r1,7832.1,7924.9,92.8,1297.4,50.3,0
6278,car,4.5,road_loopA_r0,road_loopA_r1,7827.6,7925.9,98.3,1297.4,47.5,0
6237,suv,4.8,road_loopA_f0,road_loopA_f1,7790.1,7930.4,140.3,1303.7,33.5,1
6295,car,4.5,road_loopA_r0,road_loopA_r1,7841.2,7934.0,92.8,1298.6,50.4,0
6233,car,4.5,road_loopA_f0,road_loopA_f1,7786.6,7934.7,148.1,1302.9,31.7,1
6287,car,4.5,road_loopA_r0,road_loopA_r1,7834.0,7934.7,100.7,1297.6,46.4,0
6243,car,4.5,road_loopA_f0,road_loopA_f1,7794.7,7935.0,140.3,1303.2,33.4,1
6206,bus,11.0,road_loopA_r0,road_loopA_r1,7759.5,7935.1,175.6,1298.4,26.6,2
6201,bus,11.0,road_loopA_r0,road_loopA_r1,7753.9,7936.2,182.3,1297.7,25.6,2
6291,car,4.5,road_loopA_r0,road_loopA_r1,7837.3,7936.5,99.2,1297.5,47.1,0
6234,car,4.5,road_loopA_f0,road_loopA_f1,7786.8,7937.9,151.1,1303.2,31.0,1
6248,car,4.5,road_loopA_f0,road_loopA_f1,7798.5,7939.7,141.2,1303.0,33.2,1
6302,car,4.5,road_loopA_r0,road_loopA_r1,7851.3,7940.3,89.0,1297.5,52.5,0
6238,bus,11.0,road_loopA_r0,road_loopA_r1,7791.0,7941.6,150.6,1298.1,31.0,1
6179,car,4.5,xloopA_0Aa,road_loopA_f1,7732.5,7942.5,210.0,872.0,14.9,1
6240,suv,4.8,road_loopA_f0,road_loopA_f1,7792.8,7943.1,150.3,1304.0,31.2,1
6198,car,4.5,xloopA_0Ba,road_loopA_f1,7751.2,7944.1,192.9,902.4,16.8,1
6259,car,4.5,xloopA_0Aa,road_loopA_f1,7802.7,7944.5,141.8,872.2,22.1,0
6227,car,4.5,road_loopA_f0,road_loopA_f1,7780.7,7945.7,165.0,1303.3,28.4,1
6254,car,4.5,road_loopA_f0,road_loopA_f1,7800.7,7946.4,145.7,1303.3,32.2,1
6280,car,4.5,xloopA_0Ba,road_loopA_f1,7828.4,7946.4,118.0,903.2,27.6,0
6306,suv,4.8,road_loopA_r0,road_loopA_r1,7857.5,7946.5,89.0,1297.3,52.5,0
6229,car,4.5,road_loopA_f0,xloopA_0Ab,7782.9,7947.6,164.7,505.3,11.0,1
6261,car,4.5,road_loopA_f0,road_loopA_f1,7804.8,7947.7,142.9,1303.0,32.8,1
6224,car,4.5,road_loopA_f0,road_loopA_f1,7776.9,7948.1,171.2,1303.7,27.4,1
6257,truck,8.5,road_loopA_f0,road_loopA_f1,7801.5,7948.1,146.6,1303.6,32.0,1
6264,suv,4.8,road_loopA_f0,road_loopA_f1,7807.6,7948.8,141.2,1303.2,33.2,1
6239,suv,4.8,road_loopA_f0,road_loopA_f1,7791.2,7949.7,158.5,1303.1,29.6,1
6242,car,4.5,road_loopA_f0,xloopA_0Ab,7794.0,7950.2,156.2,505.3,11.6,1
6250,car,4.5,road_loopA_f0,road_loopA_f1,7799.0,7950.2,151.2,1304.2,31.1,1
6269,suv,4.8,road_loopA_f0,road_loopA_f1,7812.0,7950.5,138.5,1303.3,33.9,1
6310,suv,4.8,road_loopA_r0,road_loopA_r1,7862.3,7951.2,88.9,1297.3,52.5,0
6307,car,4.5,road_loopA_r0,road_loopA_r1,7859.3,7951.3,92.0,1297.3,50.8,0
6241,car,4.5,road_loopA_f0,road_loopA_f1,7792.9,7951.4,158.5,1303.5,29.6,1
6267,car,4.5,road_loopA_f0,road_loopA_f1,7809.7,7951.9,142.2,1303.4,33.0,1
6305,suv,4.8,road_loopA_r0,road_loopA_r1,7856.8,7952.0,95.2,1297.8,49.1,0
6294,suv,4.8,road_loopA_f0,xloopA_0Ab,7840.6,7952.9,112.3,505.5,16.2,1
6284,car,4.5,road_loopA_f0,road_loopA_f1,7832.0,7953.4,121.4,1303.4,38.6,1
6255,suv,4.8,road_loopA_f0,road_loopA_f1,7801.1,7953.5,152.4,1303.1,30.8,1
6271,suv,4.8,road_loopA_f0,road_loopA_f1,7815.5,7953.8,138.3,1303.6,33.9,1
6313,car,4.5,road_loopA_r0,road_loopA_r1,7864.7,7954.8,90.1,1298.6,51.9,0
6309,car,4.5,road_loopA_r0,road_loopA_r1,7861.3,7955.1,93.8,1297.3,49.8,0
6258,car,4.5,road_loopA_f0,road_loopA_f1,7802.1,7955.2,153.1,1302.9,30.6,1
6270,car,4.5,road_loopA_f0,road_loopA_f1,7812.6,7955.8,143.2,1303.2,32.8,1
6273,car,4.5,road_loopA_f0,road_loopA_f1,7817.8,7956.3,138.5,1303.9,33.9,1
6316,truck,8.5,road_loopA_f0,xloopA_0Ab,7866.7,7956.4,89.7,505.4,20.3,1
6263,car,4.5,road_loopA_f0,road_loopA_f1,7806.0,7957.0,151.0,1304.0,31.1,1
6297,car,4.5,road_loopA_f0,road_loopA_f1,7844.2,7957.1,112.9,1303.3,41.6,0
6292,car,4.5,road_loopA_f0,road_loopA_f1,7838.1,7957.8,119.7,1304.0,39.2,0
6318,car,4.5,road_loopA_r0,road_loopA_r1,7869.1,7958.1,89.0,1297.3,52.5,0
6276,car,4.5,road_loopA_f0,road_loopA_f1,7820.4,7959.1,138.7,1303.8,33.8,1
6299,car,4.5,road_loopA_f0,road_loopA_f1,7845.6,7959.7,114.1,1303.6,41.1,1
6281,car,4.5,road_loopA_f0,road_loopA_f1,7829.0,7960.8,131.8,1302.9,35.6,1
6283,car,4.5,road_loopA_f0,road_loopA_f1,7830.3,7961.1,130.8,1303.6,35.9,1
6322,car,4.5,road_loopA_r0,road_loopA_r1,7873.1,7962.6,89.5,1298.3,52.2,0
6315,car,4.5,road_loopA_r0,road_loopA_r1,7866.2,7962.8,96.6,1297.5,48.4,0
6293,car,4.5,road_loopA_f0,road_loopA_f1,7840.4,7963.0,122.6,1304.1,38.3,0
6344,car,4.5,xloopA_0Aa,xloopA_0Ab,7896.2,7963.5,67.3,84.2,4.5,1
6301,car,4.5,road_loopA_f0,road_loopA_f1,7848.9,7963.9,115.0,1303.5,40.8,0
6275,car,4.5,road_loopA_f0,road_loopA_f1,7818.8,7964.9,146.1,1303.4,32.1,1
6300,car,4.5,road_loopA_f0,road_loopA_f1,7847.8,7965.5,117.7,1303.2,39.9,0
6304,car,4.5,road_loopA_f0,road_loopA_f1,7853.8,7965.6,111.8,1303.5,42.0,0
6326,car,4.5,xloopA_0Ba,xloopA_0Bb,7879.5,7965.6,86.1,84.6,3.5,1
6367,car,4.5,xloopA_0Aa,xloopA_0Ab,7916.8,7966.5,49.7,84.1,6.1,1
6289,suv,4.8,road_loopA_f0,road_loopA_f1,7835.3,7966.6,131.3,1303.1,35.7,0
6308,suv,4.8,road_loopA_f0,road_loopA_f1,7859.7,7967.4,107.7,1302.9,43.6,0
6314,car,4.5,road_loopA_f0,road_loopA_f1,7865.4,7968.1,102.7,1303.1,45.7,0
6298,car,4.5,road_loopA_f0,road_loopA_f1,7845.0,7968.3,123.3,1303.0,38.0,0
6320,truck,8.5,road_loopA_f0,road_loopA_f1,7870.5,7969.7,99.2,1303.2,47.3,0
6422,car,4.5,xloopA_0Ba,xloopA_0Bb,7955.8,7969.9,14.1,84.2,21.5,0
6321,suv,4.8,road_loopA_f0,road_loopA_f1,7872.0,7971.6,99.6,1302.8,47.1,0
6425,car,4.5,xloopA_0Ba,xloopA_0Bb,7959.0,7972.2,13.2,84.4,23.1,0
6427,car,4.5,xloopA_0Ba,xloopA_0Bb,7960.2,7974.0,13.8,84.0,21.9,0
6303,car,4.5,road_loopA_f0,road_loopA_f1,7853.7,7974.1,120.4,1303.4,39.0,0
6319,car,4.5,road_loopA_f0,road_loopA_f1,7870.0,7977.3,107.3,1303.6,43.7,0
6334,car,4.5,road_loopA_f0,road_loopA_f1,7888.2,7978.6,90.4,1303.0,51.9,0
6332,car,4.5,road_loopA_f0,road_loopA_f1,7886.9,7979.1,92.2,1303.7,50.9,0
6337,car,4.5,road_loopA_f0,road_loopA_f1,7890.8,7980.8,90.0,1303.7,52.1,0
6330,car,4.5,road_loopA_f0,road_loopA_f1,7882.1,7981.6,99.5,1302.8,47.1,0
6338,car,4.5,road_loopA_f0,road_loopA_f1,7892.0,7981.6,89.6,1303.1,52.3,0
6339,suv,4.8,road_loopA_f0,road_loopA_f1,7893.6,7989.3,95.7,1303.6,49.0,0
6348,car,4.5,road_loopA_f0,road_loopA_f1,7897.4,7989.8,92.4,1303.6,50.8,0
6341,car,4.5,road_loopA_f0,road_loopA_f1,7895.4,7991.0,95.6,1303.0,49.1,0
6329,car,4.5,road_loopA_r0,xloopA_0Ab,7880.8,7992.7,111.9,869.1,28.0,1
6351,car,4.5,road_loopA_f0,road_loopA_f1,7900.1,7992.8,92.7,1303.6,50.6,0
6340,suv,4.8,road_loopA_f0,road_loopA_f1,7895.1,7993.2,98.1,1303.8,47.8,0
6421,car,4.5,road_loopA_f0,xloopA_0Bb,7953.0,7994.8,41.8,478.7,41.2,0
6256,bus,11.0,road_loopA_f0,road_loopA_f1,7801.4,7996.0,194.6,1304.0,24.1,3
6311,car,4.5,road_loopA_r0,xloopA_0Ab,7863.8,7996.3,132.5,869.1,23.6,2
6245,bus,11.0,road_loopA_f0,road_loopA_f1,7797.3,7998.0,200.7,1302.9,23.4,3
6327,car,4.5,road_loopA_r0,road_loopA_r1,7880.7,8011.5,130.8,1297.5,35.7,1
6312,bus,11.0,road_loopA_r0,road_loopA_r1,7864.4,8015.8,151.4,1297.6,30.9,1
6335,suv,4.8,road_loopA_r0,road_loopA_r1,7888.7,8017.2,128.5,1298.5,36.4,1
6360,car,4.5,xloopA_0Ba,road_loopA_r1,7904.4,8018.1,113.7,476.2,15.1,1
6346,car,4.5,road_loopA_r0,road_loopA_r1,7896.8,8018.9,122.1,1297.6,38.2,1
6355,car,4.5,road_loopA_r0,road_loopA_r1,7901.9,8020.6,118.7,1297.4,39.3,1
6399,truck,8.5,road_loopA_r0,xloopA_0Ab,7933.8,8021.6,87.8,869.0,35.6,0
6448,car,4.5,road_loopA_f0,xloopA_0Bb,7982.1,8022.1,40.0,478.8,43.1,0
6357,suv,4.8,road_loopA_r0,road_loopA_r1,7902.2,8022.4,120.2,1298.3,38.9,1
6359,car,4.5,xloopA_0Aa,road_loopA_r1,7903.4,8023.2,119.8,507.2,15.2,1
6364,suv,4.8,road_loopA_r0,road_loopA_r1,7913.6,8024.1,110.5,1297.4,42.3,1
6325,car,4.5,xloopA_0Ba,road_loopA_r1,7878.5,8024.6,146.1,476.6,11.7,1
6331,car,4.5,road_loopA_r0,road_loopA_r1,7883.8,8024.8,141.0,1297.8,33.1,1
6343,suv,4.8,road_loopA_r0,road_loopA_r1,7895.8,8026.4,130.6,1297.3,35.8,1
6380,suv,4.8,road_loopA_r0,road_loopA_r1,7923.5,8026.4,102.9,1298.0,45.4,0
6397,car,4.5,xloopA_0Aa,road_loopA_r1,7932.3,8026.7,94.4,507.1,19.3,0
6345,suv,4.8,road_loopA_r0,road_loopA_r1,7896.1,8028.1,132.0,1297.9,35.4,1
6365,car,4.5,road_loopA_r0,road_loopA_r1,7915.5,8028.1,112.6,1297.4,41.5,1
6324,suv,4.8,road_loopA_r0,road_loopA_r1,7876.7,8028.3,151.6,1297.5,30.8,1
6353,car,4.5,road_loopA_r0,road_loopA_r1,7900.3,8029.9,129.6,1297.8,36.0,1
6401,suv,4.8,road_loopA_r0,road_loopA_r1,7934.3,8030.3,96.0,1297.7,48.7,0
6328,truck,8.5,road_loopA_r0,road_loopA_r1,7880.6,8030.5,149.9,1297.4,31.2,1
6356,car,4.5,road_loopA_r0,road_loopA_r1,7902.1,8031.9,129.8,1297.5,36.0,1
6333,suv,4.8,road_loopA_r0,road_loopA_r1,7888.0,8032.5,144.5,1298.0,32.3,1
6361,truck,8.5,road_loopA_r0,road_loopA_r1,7907.5,8032.9,125.4,1298.0,37.3,1
6342,car,4.5,road_loopA_r0,road_loopA_r1,7895.3,8034.2,138.9,1298.3,33.7,1
6371,car,4.5,road_loopA_r0,road_loopA_r1,7920.5,8034.6,114.1,1298.6,41.0,1
6368,car,4.5,road_loopA_r0,road_loopA_r1,7916.8,8034.7,117.9,1297.3,39.6,0
6354,suv,4.8,road_loopA_f0,road_loopA_f1,7901.2,8035.1,133.9,1303.9,35.1,1
6376,car,4.5,road_loopA_r0,road_loopA_r1,7921.8,8035.8,114.0,1297.3,41.0,0
6379,car,4.5,road_loopA_r0,road_loopA_r1,7923.1,8036.6,113.5,1297.6,41.2,0
6384,suv,4.8,road_loopA_r0,road_loopA_r1,7926.0,8037.3,111.3,1297.7,42.0,0
6381,car,4.5,road_loopA_r0,road_loopA_r1,7923.8,8037.6,113.8,1297.9,41.1,0
6352,car,4.5,road_loopA_f0,road_loopA_f1,7900.1,8038.1,138.0,1303.8,34.0,1
6387,car,4.5,road_loopA_r0,road_loopA_r1,7930.6,8038.4,107.8,1298.0,43.4,0
6391,car,4.5,road_loopA_r0,road_loopA_r1,7931.6,8038.9,107.3,1297.3,43.5,0
6390,car,4.5,road_loopA_r0,road_loopA_r1,7931.6,8039.2,107.6,1298.4,43.4,0
6370,truck,8.5,road_loopA_r0,xloopA_0Ab,7919.9,8039.6,119.7,869.2,26.1,2
6392,car,4.5,road_loopA_r0,road_loopA_r1,7931.7,8040.3,108.6,1297.3,43.0,0
6406,suv,4.8,road_loopA_r0,road_loopA_r1,7940.4,8040.6,100.2,1297.4,46.6,0
6395,car,4.5,road_loopA_r0,road_loopA_r1,7932.0,8042.2,110.2,1297.6,42.4,0
6394,truck,8.5,road_loopA_r0,road_loopA_r1,7931.9,8042.5,110.6,1297.5,42.2,0
6409,suv,4.8,road_loopA_r0,road_loopA_r1,7942.4,8042.5,100.1,1298.6,46.7,0
6411,car,4.5,road_loopA_r0,road_loopA_r1,7944.3,8043.8,99.5,1298.3,47.0,0
6469,car,4.5,road_loopA_f0,xloopA_0Bb,8000.3,8044.4,44.1,478.9,39.1,0
6400,car,4.5,road_loopA_r0,road_loopA_r1,7934.4,8044.6,110.2,1298.5,42.4,0
6413,suv,4.8,road_loopA_r0,road_loopA_r1,7946.7,8044.7,98.0,1297.8,47.7,0
6349,car,4.5,road_loopA_f0,road_loopA_f1,7898.4,8044.8,146.4,1303.8,32.1,1
6323,bus,11.0,road_loopA_r0,road_loopA_r1,7874.3,8045.0,170.7,1297.8,27.4,2
6369,suv,4.8,road_loopA_f0,road_loopA_f1,7917.4,8045.7,128.3,1303.0,36.6,1
6414,car,4.5,road_loopA_r0,road_loopA_r1,7946.9,8046.3,99.4,1297.5,47.0,0
6419,car,4.5,road_loopA_r0,road_loopA_r1,7949.4,8047.1,97.7,1298.2,47.8,0
6358,car,4.5,road_loopA_f0,road_loopA_f1,7902.6,8047.3,144.7,1303.2,32.4,1
6417,suv,4.8,road_loopA_r0,road_loopA_r1,7948.2,8048.1,99.9,1297.5,46.7,0
6407,car,4.5,road_loopA_r0,road_loopA_r1,7941.2,8048.5,107.3,1297.8,43.6,0
6377,car,4.5,road_loopA_f0,road_loopA_f1,7922.1,8048.7,126.6,1303.7,37.1,1
6373,truck,8.5,road_loopA_f0,road_loopA_f1,7921.4,8050.4,129.0,1303.2,36.4,1
6383,suv,4.8,road_loopA_f0,road_loopA_f1,7925.8,8051.6,125.8,1304.0,37.3,1
6418,car,4.5,road_loopA_r0,road_loopA_r1,7948.9,8052.2,103.3,1298.0,45.2,0
6386,suv,4.8,road_loopA_f0,road_loopA_f1,7928.9,8053.3,124.4,1304.1,37.7,1
6389,suv,4.8,road_loopA_f0,road_loopA_f1,7931.6,8053.9,122.3,1303.0,38.3,1
6416,suv,4.8,road_loopA_r0,road_loopA_r1,7947.1,8053.9,106.8,1297.3,43.7,0
6398,truck,8.5,road_loopA_r0,road_loopA_r1,7932.7,8054.9,122.2,1297.8,38.2,0
6403,car,4.5,road_loopA_f0,road_loopA_f1,7936.1,8055.6,119.5,1303.6,39.3,1
6415,truck,8.5,road_loopA_r0,road_loopA_r1,7947.0,8056.0,109.0,1297.8,42.9,0
6374,car,4.5,road_loopA_f0,road_loopA_f1,7921.6,8056.2,134.6,1303.7,34.9,1
6430,truck,8.5,road_loopA_r0,road_loopA_r1,7967.0,8057.1,90.1,1297.6,51.8,0
6405,suv,4.8,road_loopA_f0,road_loopA_f1,7939.7,8057.3,117.6,1303.9,39.9,0
6420,car,4.5,road_loopA_f0,road_loopA_f1,7951.4,8059.0,107.6,1303.1,43.6,0
6366,bus,11.0,road_loopA_r0,road_loopA_r1,7916.4,8059.7,143.3,1298.0,32.6,2
6431,suv,4.8,road_loopA_r0,road_loopA_r1,7967.9,8059.7,91.8,1297.3,50.9,0
6336,car,4.5,road_loopA_r0,xloopA_0Bb,7890.6,8062.1,171.5,895.4,18.8,1
6350,car,4.5,road_loopA_f0,xloopA_0Ab,7899.1,8062.7,163.6,505.4,11.1,1
6404,car,4.5,road_loopA_f0,road_loopA_f1,7937.5,8063.2,125.7,1303.5,37.3,0
6393,car,4.5,road_loopA_f0,road_loopA_f1,7931.9,8063.9,132.0,1303.4,35.5,1
6347,suv,4.8,road_loopA_r0,xloopA_0Bb,7897.0,8064.8,167.8,895.9,19.2,1
6432,car,4.5,road_loopA_f0,road_loopA_f1,7968.6,8064.9,96.3,1304.1,48.7,0
6388,car,4.5,road_loopA_f0,xloopA_0Ab,7930.8,8065.3,134.5,505.4,13.5,1
6410,car,4.5,road_loopA_f0,road_loopA_f1,7943.1,8066.3,123.2,1303.5,38.1,0
6424,car,4.5,road_loopA_f0,road_loopA_f1,7957.0,8067.0,110.0,1303.2,42.6,0
6435,truck,8.5,road_loopA_r0,road_loopA_r1,7970.7,8067.7,97.0,1298.5,48.2,0
6375,bus,11.0,road_loopA_r0,road_loopA_r1,7921.8,8067.8,146.0,1297.8,32.0,1
6396,suv,4.8,road_loopA_f0,xloopA_0Ab,7932.3,8068.0,135.7,505.6,13.4,1
6441,suv,4.8,road_loopA_r0,road_loopA_r1,7979.1,8068.0,88.9,1297.3,52.5,0
6362,truck,8.5,road_loopA_r0,xloopA_0Bb,7908.5,8068.2,159.7,895.3,20.2,1
6445,car,4.5,road_loopA_r0,road_loopA_r1,7981.0,8070.0,89.0,1298.5,52.5,0
6428,truck,8.5,road_loopA_f0,road_loopA_f1,7965.2,8070.1,104.9,1303.6,44.7,0
6451,car,4.5,road_loopA_f0,xloopA_0Ab,7985.3,8070.6,85.3,505.0,21.3,1
6363,truck,8.5,road_loopA_r0,xloopA_0Bb,7913.2,8072.0,158.8,895.7,20.3,1
6438,car,4.5,road_loopA_f0,road_loopA_f1,7972.5,8072.2,99.7,1303.2,47.1,0
6440,car,4.5,road_loopA_r0,road_loopA_r1,7975.2,8072.5,97.3,1298.4,48.1,0
6444,suv,4.8,road_loopA_r0,road_loopA_r1,7980.9,8073.8,92.9,1298.4,50.3,0
6434,truck,8.5,road_loopA_f0,road_loopA_f1,7969.4,8073.9,104.5,1303.6,44.9,0
6385,car,4.5,road_loopA_f0,road_loopA_f1,7927.2,8075.2,148.0,1303.4,31.7,0
6454,car,4.5,road_loopA_r0,road_loopA_r1,7986.8,8075.7,88.9,1297.3,52.5,0
6433,truck,8.5,road_loopA_f0,road_loopA_f1,7968.9,8075.9,107.0,1304.0,43.9,0
6447,suv,4.8,road_loopA_r0,road_loopA_r1,7981.7,8076.0,94.3,1298.0,49.5,0
6429,car,4.5,road_loopA_f0,road_loopA_f1,7966.1,8076.4,110.3,1303.6,42.5,0
6372,car,4.5,road_loopA_f0,road_loopA_f1,7921.0,8077.0,156.0,1302.9,30.1,0
6439,car,4.5,xloopA_0Ba,xloopA_0Bb,7973.1,8077.2,104.1,84.4,2.9,1
6446,car,4.5,road_loopA_f0,road_loopA_f1,7981.5,8078.2,96.7,1304.1,48.5,0
6402,car,4.5,road_loopA_f0,road_loopA_f1,7935.1,8079.1,144.0,1303.1,32.6,0
6452,suv,4.8,road_loopA_f0,road_loopA_f1,7985.6,8079.5,93.9,1303.3,50.0,0
6436,car,4.5,xloopA_0Aa,xloopA_0Ab,7971.2,8079.6,108.4,84.1,2.8,1
6493,car,4.5,xloopA_0Ba,xloopA_0Bb,8030.6,8079.6,49.0,84.2,6.2,1
6459,car,4.5,road_loopA_r0,road_loopA_r1,7990.9,8079.8,88.9,1297.3,52.5,0
6423,car,4.5,road_loopA_f0,road_loopA_f1,7956.1,8080.2,124.1,1303.2,37.8,0
6408,car,4.5,road_loopA_f0,road_loopA_f1,7942.2,8080.8,138.6,1303.7,33.9,0
6453,suv,4.8,road_loopA_r0,road_loopA_r1,7985.8,8081.5,95.7,1298.3,48.9,0
6509,car,4.5,xloopA_0Ba,xloopA_0Bb,8043.0,8081.7,38.7,84.6,7.9,1
6456,suv,4.8,road_loopA_f0,road_loopA_f1,7989.3,8082.2,92.9,1303.1,50.5,0
6412,suv,4.8,road_loopA_f0,road_loopA_f1,7944.4,8082.5,138.1,1303.4,34.0,0
6457,suv,4.8,road_loopA_f0,road_loopA_f1,7990.6,8083.8,93.2,1303.9,50.3,0
6524,car,4.5,xloopA_0Ba,xloopA_0Bb,8054.0,8083.9,29.9,84.2,10.1,0
6494,car,4.5,xloopA_0Aa,xloopA_0Ab,8031.8,8084.3,52.5,84.5,5.8,0
6426,truck,8.5,road_loopA_f0,road_loopA_f1,7960.0,8084.8,124.8,1304.1,37.6,0
6449,car,4.5,road_loopA_f0,road_loopA_f1,7982.9,8085.7,102.8,1303.3,45.6,0
6527,car,4.5,xloopA_0Ba,xloopA_0Bb,8058.1,8085.9,27.8,84.7,11.0,0
6461,car,4.5,road_loopA_f0,road_loopA_f1,7994.5,8086.5,92.0,1303.6,51.0,0
6443,suv,4.8,road_loopA_f0,road_loopA_f1,7980.5,8087.1,106.6,1303.0,44.0,0
6455,car,4.5,road_loopA_f0,road_loopA_f1,7988.1,8087.4,99.3,1304.0,47.3,0
6464,car,4.5,road_loopA_f0,road_loopA_f1,7995.9,8089.1,93.2,1303.3,50.3,0
6466,car,4.5,road_loopA_f0,road_loopA_f1,7997.6,8089.3,91.7,1304.2,51.2,0
6541,car,4.5,xloopA_0Aa,xloopA_0Ab,8070.5,8089.8,19.3,84.2,15.7,0
6442,car,4.5,road_loopA_f0,road_loopA_f1,7980.5,8090.9,110.4,1302.8,42.5,0
6553,car,4.5,xloopA_0Aa,xloopA_0Ab,8077.2,8091.7,14.5,84.2,21.0,0
6474,car,4.5,road_loopA_f0,road_loopA_f1,8006.2,8095.6,89.4,1303.1,52.5,0
6470,car,4.5,road_loopA_f0,road_loopA_f1,8004.2,8100.8,96.6,1303.3,48.6,0
6475,truck,8.5,road_loopA_f0,road_loopA_f1,8006.9,8103.0,96.1,1303.7,48.8,0
6478,suv,4.8,road_loopA_f0,road_loopA_f1,8011.9,8103.8,91.9,1303.5,51.1,0
6465,truck,8.5,road_loopA_f0,road_loopA_f1,7996.0,8103.9,107.9,1302.8,43.5,0
6378,bus,11.0,road_loopA_f0,road_loopA_f1,7922.7,8113.0,190.3,1303.4,24.7,3
6500,car,4.5,road_loopA_f0,xloopA_0Bb,8038.3,8114.2,75.9,478.7,22.7,2
6491,suv,4.8,road_loopA_r0,xloopA_0Ab,8029.6,8114.5,84.9,869.4,36.9,0
6486,car,4.5,road_loopA_r0,xloopA_0Ab,8015.5,8117.8,102.3,868.9,30.6,1
6501,car,4.5,road_loopA_f0,xloopA_0Bb,8038.3,8117.9,79.6,478.7,21.6,2
6518,car,4.5,road_loopA_f0,xloopA_0Bb,8049.7,8121.5,71.8,478.7,24.0,2
6526,car,4.5,road_loopA_f0,xloopA_0Bb,8056.6,8125.1,68.5,478.7,25.2,3
6550,car,4.5,road_loopA_f0,xloopA_0Bb,8075.3,8131.9,56.6,478.8,30.5,0
6458,car,4.5,road_loopA_r0,road_loopA_r1,7990.8,8132.5,141.7,1297.6,33.0,1
6480,car,4.5,xloopA_0Aa,road_loopA_r1,8013.2,8134.9,121.7,506.8,15.0,1
6567,car,4.5,road_loopA_f0,xloopA_0Bb,8087.0,8135.1,48.1,478.7,35.8,0
6462,car,4.5,road_loopA_r0,road_loopA_r1,7995.1,8136.0,140.9,1297.7,33.2,1
6467,car,4.5,road_loopA_r0,road_loopA_r1,7999.4,8139.0,139.6,1297.8,33.5,1
6472,truck,8.5,road_loopA_r0,road_loopA_r1,8005.4,8139.2,133.8,1297.6,34.9,1
6535,car,4.5,xloopA_0Aa,road_loopA_r1,8067.6,8140.5,72.9,506.4,25.0,0
6476,suv,4.8,road_loopA_r0,road_loopA_r1,8008.3,8140.6,132.3,1298.4,35.3,1
6477,car,4.5,road_loopA_r0,road_loopA_r1,8009.0,8142.4,133.4,1298.1,35.0,1
6471,car,4.5,road_loopA_r0,road_loopA_r1,8004.6,8142.8,138.2,1298.3,33.8,1
6522,car,4.5,road_loopA_r0,xloopA_0Ab,8052.8,8144.1,91.3,869.0,34.2,1
6483,suv,4.8,road_loopA_r0,road_loopA_r1,8014.9,8144.2,129.3,1298.4,36.2,1
6473,car,4.5,road_loopA_r0,road_loopA_r1,8005.6,8144.5,138.9,1297.9,33.6,1
6490,car,4.5,road_loopA_r0,road_loopA_r1,8028.7,8146.1,117.4,1298.2,39.8,1
6484,car,4.5,road_loopA_r0,road_loopA_r1,8015.2,8146.3,131.1,1298.3,35.7,1
6437,car,4.5,xloopA_0Aa,road_loopA_r1,7972.2,8148.5,176.3,506.9,10.4,1
6479,car,4.5,road_loopA_r0,road_loopA_r1,8012.0,8149.7,137.7,1297.5,33.9,1
6487,car,4.5,road_loopA_r0,road_loopA_r1,8015.8,8149.7,133.9,1298.5,34.9,1
6460,car,4.5,road_loopA_r0,road_loopA_r1,7994.1,8150.2,156.1,1297.3,29.9,1
6496,suv,4.8,road_loopA_r0,road_loopA_r1,8034.3,8151.4,117.1,1297.6,39.9,1
6463,car,4.5,road_loopA_r0,road_loopA_r1,7995.8,8151.9,156.1,1297.8,29.9,1
6502,suv,4.8,road_loopA_r0,road_loopA_r1,8038.4,8151.9,113.5,1298.5,41.2,1
6468,bus,11.0,road_loopA_f0,road_loopA_f1,7999.4,8152.1,152.7,1303.2,30.7,2
6488,car,4.5,road_loopA_r0,road_loopA_r1,8019.4,8153.5,134.1,1297.4,34.8,1
6505,suv,4.8,road_loopA_r0,road_loopA_r1,8040.6,8153.6,113.0,1298.1,41.4,0
6510,car,4.5,road_loopA_r0,road_loopA_r1,8043.0,8155.2,112.2,1297.7,41.6,0
6482,suv,4.8,road_loopA_r0,road_loopA_r1,8013.8,8157.2,143.4,1297.6,32.6,1
6520,car,4.5,road_loopA_r0,road_loopA_r1,8051.4,8157.4,106.0,1297.6,44.1,0
6489,truck,8.5,road_loopA_r0,road_loopA_r1,8027.4,8158.1,130.7,1297.5,35.7,1
6498,car,4.5,road_loopA_r0,road_loopA_r1,8037.9,8159.1,121.2,1298.0,38.6,1
6525,car,4.5,road_loopA_r0,road_loopA_r1,8055.7,8160.2,104.5,1297.6,44.7,0
6503,car,4.5,road_loopA_r0,road_loopA_r1,8039.1,8160.3,121.2,1298.2,38.6,0
6512,car,4.5,road_loopA_r0,road_loopA_r1,8045.1,8160.9,115.8,1298.0,40.3,0
6508,car,4.5,road_loopA_r0,road_loopA_r1,8042.3,8162.8,120.5,1297.3,38.7,0
6531,car,4.5,road_loopA_r0,road_loopA_r1,8062.5,8162.8,100.3,1297.9,46.6,0
6533,car,4.5,road_loopA_r0,road_loopA_r1,8066.2,8162.8,96.6,1298.1,48.4,0
6495,car,4.5,road_loopA_f0,road_loopA_f1,8032.4,8163.8,131.4,1303.2,35.7,1
6529,car,4.5,road_loopA_r0,road_loopA_r1,8060.2,8164.5,104.3,1297.5,44.8,0
6511,car,4.5,road_loopA_r0,road_loopA_r1,8044.9,8164.7,119.8,1298.2,39.0,0
6540,suv,4.8,road_loopA_r0,road_loopA_r1,8070.5,8165.6,95.1,1298.7,49.2,0
6519,car,4.5,road_loopA_r0,road_loopA_r1,8051.3,8166.4,115.1,1297.7,40.6,0
6521,car,4.5,road_loopA_r0,road_loopA_r1,8052.5,8167.4,114.9,1298.2,40.7,0
6532,car,4.5,road_loopA_r0,road_loopA_r1,8064.3,8168.5,104.2,1298.1,44.8,0
6499,suv,4.8,road_loopA_f0,road_loopA_f1,8038.1,8169.9,131.8,1303.0,35.6,1
6537,car,4.5,road_loopA_r0,road_loopA_r1,8069.1,8170.4,101.3,1298.2,46.1,0
6544,truck,8.5,road_loopA_r0,road_loopA_r1,8072.9,8170.4,97.5,1298.0,47.9,0
6492,suv,4.8,road_loopA_f0,road_loopA_f1,8030.0,8170.8,140.8,1303.2,33.3,1
6546,suv,4.8,road_loopA_r0,road_loopA_r1,8073.8,8172.2,98.4,1298.5,47.5,0
6504,suv,4.8,road_loopA_f0,road_loopA_f1,8039.5,8172.7,133.2,1303.6,35.2,1
6559,car,4.5,road_loopA_r0,road_loopA_r1,8081.4,8173.9,92.5,1298.4,50.5,0
6507,car,4.5,road_loopA_f0,road_loopA_f1,8041.6,8175.4,133.8,1303.0,35.0,1
6563,car,4.5,road_loopA_r0,road_loopA_r1,8084.4,8175.7,91.3,1297.4,51.2,0
6565,car,4.5,road_loopA_r0,road_loopA_r1,8085.8,8177.7,91.9,1298.0,50.8,0
6485,truck,8.5,road_loopA_f0,road_loopA_f1,8015.4,8178.4,163.0,1303.1,28.8,1
6497,suv,4.8,road_loopA_f0,road_loopA_f1,8034.6,8180.1,145.5,1303.2,32.2,1
6506,suv,4.8,road_loopA_f0,road_loopA_f1,8040.9,8181.7,140.8,1303.5,33.3,1
6543,car,4.5,road_loopA_r0,road_loopA_r1,8071.1,8182.1,111.0,1298.0,42.1,0
6513,truck,8.5,road_loopA_f0,road_loopA_f1,8045.8,8182.4,136.6,1303.1,34.3,1
6528,car,4.5,xloopA_0Aa,road_loopA_f1,8058.2,8183.1,124.9,872.3,25.1,0
6573,car,4.5,road_loopA_r0,road_loopA_r1,8094.3,8183.5,89.2,1298.2,52.4,0
6514,truck,8.5,road_loopA_f0,road_loopA_f1,8046.0,8184.2,138.2,1303.8,33.9,1
6481,car,4.5,road_loopA_f0,road_loopA_f1,8013.1,8184.9,171.8,1303.3,27.3,1
6517,truck,8.5,road_loopA_f0,road_loopA_f1,8047.9,8185.0,137.1,1304.0,34.2,1
6382,suv,4.8,road_loopA_r0,xloopA_0Bb,7924.6,8186.6,262.0,895.8,12.3,2
6523,truck,8.5,road_loopA_f0,road_loopA_f1,8053.7,8186.7,133.0,1303.0,35.3,1
6534,car,4.5,road_loopA_f0,road_loopA_f1,8067.6,8186.7,119.1,1303.9,39.4,0
6549,car,4.5,road_loopA_f0,road_loopA_f1,8074.5,8187.6,113.1,1303.5,41.5,1
6542,car,4.5,road_loopA_f0,road_loopA_f1,8071.0,8188.3,117.3,1303.2,40.0,1
6530,truck,8.5,road_loopA_f0,xloopA_0Ab,8061.9,8188.4,126.5,505.3,14.4,1
6568,truck,8.5,road_loopA_r0,road_loopA_r1,8087.4,8188.8,101.4,1297.3,46.0,0
6547,car,4.5,road_loopA_r0,xloopA_0Bb,8073.8,8189.2,115.4,895.6,27.9,1
6536,truck,8.5,road_loopA_f0,road_loopA_f1,8068.3,8189.3,121.0,1303.8,38.8,0
6554,car,4.5,road_loopA_f0,road_loopA_f1,8078.3,8190.2,111.9,1304.1,42.0,0
6578,suv,4.8,road_loopA_r0,road_loopA_r1,8101.2,8190.2,89.0,1297.3,52.5,0
6557,suv,4.8,road_loopA_f0,road_loopA_f1,8079.9,8190.4,110.5,1303.2,42.4,0
6552,car,4.5,road_loopA_f0,xloopA_0Ab,8077.0,8191.4,114.4,505.3,15.9,1
6556,truck,8.5,road_loopA_f0,road_loopA_f1,8079.4,8191.5,112.1,1304.0,41.9,0
6570,suv,4.8,road_loopA_r0,xloopA_0Bb,8089.1,8191.9,102.8,895.8,31.4,1
6551,suv,4.8,road_loopA_r0,road_loopA_r1,8076.2,8192.5,116.3,1298.3,40.2,0
6562,truck,8.5,road_loopA_f0,road_loopA_f1,8084.4,8192.9,108.5,1303.9,43.3,0
6560,car,4.5,road_loopA_f0,road_loopA_f1,8084.0,8193.9,109.9,1302.9,42.7,0
6558,car,4.5,road_loopA_f0,xloopA_0Ab,8080.8,8194.0,113.2,505.0,16.1,1
6569,suv,4.8,road_loopA_f0,road_loopA_f1,8088.7,8194.5,105.8,1303.5,44.3,0
6590,suv,4.8,road_loopA_r0,xloopA_0Bb,8109.3,8194.6,85.3,895.8,37.8,1
6574,car,4.5,road_loopA_f0,road_loopA_f1,8097.4,8195.6,98.2,1303.2,47.8,0
6582,suv,4.8,road_loopA_f0,road_loopA_f1,8103.5,8196.1,92.6,1303.1,50.7,0
6576,car,4.5,road_loopA_f0,road_loopA_f1,8100.3,8196.9,96.6,1303.6,48.6,0
6591,truck,8.5,road_loopA_f0,xloopA_0Ab,8109.8,8197.5,87.7,505.4,20.7,1
6583,car,4.5,road_loopA_f0,road_loopA_f1,8104.9,8198.6,93.7,1303.2,50.1,0
6584,suv,4.8,road_loopA_f0,road_loopA_f1,8105.3,8198.7,93.4,1304.0,50.2,0
