veh_id,kind,length_m,origin,destination,depart_s,arrive_s,travel_s,dist_m,avg_kmh,stops
14,car,4.5,xloopA_0Ba,xloopA_0Bb,2152.2,2183.1,30.9,84.5,9.8,1
11,car,4.5,xloopA_0Aa,xloopA_0Ab,2151.1,2183.5,32.4,84.5,9.4,1
28,car,4.5,xloopA_0Ba,xloopA_0Bb,2161.3,2187.8,26.5,84.3,11.5,0
33,car,4.5,xloopA_0Ba,xloopA_0Bb,2164.7,2189.7,25.0,84.6,12.2,0
40,car,4.5,xloopA_0Ba,xloopA_0Bb,2172.9,2192.0,19.1,84.1,15.8,0
55,car,4.5,road_loopA_f0,xloopA_0Bb,2186.5,2228.2,41.7,478.6,41.3,0
15,suv,4.8,road_loopA_r0,road_loopA_r1,2152.9,2243.2,90.3,1298.2,51.8,0
18,truck,8.5,road_loopA_r0,road_loopA_r1,2154.6,2247.6,93.0,1297.6,50.2,0
31,suv,4.8,road_loopA_r0,road_loopA_r1,2163.6,2252.5,88.9,1297.3,52.5,0
13,suv,4.8,road_loopA_f0,road_loopA_f1,2151.8,2255.1,103.3,1303.3,45.4,0
16,car,4.5,road_loopA_f0,road_loopA_f1,2154.1,2255.2,101.1,1302.9,46.4,0
34,car,4.5,road_loopA_r0,road_loopA_r1,2165.1,2255.3,90.2,1298.1,51.8,0
23,car,4.5,road_loopA_r0,road_loopA_r1,2158.5,2255.4,96.9,1297.8,48.2,0
12,car,4.5,road_loopA_f0,road_loopA_f1,2151.1,2259.3,108.2,1303.0,43.3,0
30,suv,4.8,road_loopA_f0,road_loopA_f1,2163.2,2260.2,97.0,1303.1,48.3,0
27,suv,4.8,road_loopA_f0,road_loopA_f1,2160.4,2261.0,100.6,1303.5,46.6,0
10,car,4.5,road_loopA_f0,road_loopA_f1,2150.1,2262.0,111.9,1304.0,42.0,1
41,car,4.5,road_loopA_r0,road_loopA_r1,2175.8,2264.7,88.9,1297.3,52.5,0
22,car,4.5,road_loopA_f0,road_loopA_f1,2157.5,2265.6,108.1,1303.1,43.4,0
73,car,4.5,road_loopA_r0,xloopA_0Ab,2193.1,2268.5,75.4,869.3,41.5,0
26,car,4.5,road_loopA_f0,road_loopA_f1,2159.2,2269.7,110.5,1302.9,42.4,0
37,car,4.5,road_loopA_r0,road_loopA_r1,2171.2,2270.0,98.8,1297.4,47.3,0
24,suv,4.8,road_loopA_f0,road_loopA_f1,2158.9,2272.7,113.8,1303.2,41.2,0
38,car,4.5,road_loopA_f0,road_loopA_f1,2171.6,2274.4,102.8,1303.7,45.6,0
19,car,4.5,road_loopA_f0,road_loopA_f1,2155.6,2275.6,120.0,1303.8,39.1,0
51,car,4.5,road_loopA_f0,road_loopA_f1,2182.8,2276.1,93.3,1303.1,50.3,0
21,suv,4.8,road_loopA_f0,road_loopA_f1,2156.6,2277.4,120.8,1302.9,38.8,0
25,car,4.5,xloopA_0Ba,road_loopA_f1,2159.1,2278.3,119.2,903.0,27.3,0
54,car,4.5,road_loopA_r0,road_loopA_r1,2184.7,2278.6,93.9,1297.4,49.7,0
43,suv,4.8,road_loopA_r0,road_loopA_r1,2176.3,2278.9,102.6,1298.4,45.6,0
35,car,4.5,road_loopA_f0,road_loopA_f1,2166.2,2279.3,113.1,1303.2,41.5,0
29,suv,4.8,road_loopA_r0,xloopA_0Bb,2162.1,2279.6,117.5,895.8,27.5,1
49,car,4.5,road_loopA_r0,road_loopA_r1,2180.8,2279.6,98.8,1297.3,47.3,0
47,car,4.5,road_loopA_f0,road_loopA_f1,2178.6,2279.7,101.1,1303.8,46.4,0
17,suv,4.8,road_loopA_f0,road_loopA_f1,2154.6,2279.9,125.3,1303.5,37.4,0
44,suv,4.8,road_loopA_f0,xloopA_0Ab,2177.6,2280.1,102.5,505.2,17.7,1
42,suv,4.8,road_loopA_f0,road_loopA_f1,2176.0,2281.0,105.0,1303.0,44.7,0
48,truck,8.5,road_loopA_r0,road_loopA_r1,2180.2,2281.1,100.9,1298.1,46.3,0
69,car,4.5,road_loopA_r0,road_loopA_r1,2191.8,2281.5,89.7,1298.1,52.1,0
20,car,4.5,road_loopA_f0,road_loopA_f1,2156.4,2281.6,125.2,1303.6,37.5,0
88,suv,4.8,road_loopA_r0,xloopA_0Bb,2204.4,2282.3,77.9,895.6,41.4,0
39,suv,4.8,road_loopA_f0,road_loopA_f1,2171.6,2282.7,111.1,1303.5,42.3,0
60,car,4.5,road_loopA_f0,xloopA_0Ab,2188.2,2282.7,94.5,505.0,19.2,1
56,car,4.5,road_loopA_r0,road_loopA_r1,2186.9,2283.1,96.2,1297.7,48.5,0
32,car,4.5,road_loopA_f0,road_loopA_f1,2164.2,2283.3,119.1,1303.5,39.4,0
36,suv,4.8,road_loopA_f0,road_loopA_f1,2170.6,2283.5,112.9,1303.6,41.6,0
59,car,4.5,road_loopA_f0,road_loopA_f1,2188.2,2283.7,95.5,1303.4,49.1,0
83,suv,4.8,road_loopA_r0,xloopA_0Bb,2201.9,2285.0,83.1,895.6,38.8,0
68,car,4.5,road_loopA_f0,xloopA_0Ab,2191.6,2285.4,93.8,505.2,19.4,1
71,car,4.5,road_loopA_f0,road_loopA_f1,2192.7,2285.4,92.7,1303.0,50.6,0
53,suv,4.8,road_loopA_f0,road_loopA_f1,2184.5,2286.2,101.7,1303.5,46.2,0
45,car,4.5,road_loopA_f0,road_loopA_f1,2178.3,2286.5,108.2,1303.5,43.4,0
76,car,4.5,road_loopA_f0,road_loopA_f1,2195.6,2287.8,92.2,1303.0,50.9,0
106,car,4.5,road_loopA_f0,xloopA_0Ab,2220.3,2288.1,67.8,505.4,26.8,1
66,car,4.5,road_loopA_f0,road_loopA_f1,2191.2,2288.8,97.6,1302.8,48.1,0
57,car,4.5,road_loopA_r0,road_loopA_r1,2187.1,2290.4,103.3,1298.5,45.2,0
52,truck,8.5,road_loopA_f0,road_loopA_f1,2184.2,2291.7,107.5,1303.6,43.7,0
61,car,4.5,road_loopA_r0,road_loopA_r1,2188.6,2292.1,103.5,1297.4,45.1,0
81,car,4.5,road_loopA_f0,road_loopA_f1,2197.5,2292.5,95.0,1303.7,49.4,0
77,car,4.5,road_loopA_f0,road_loopA_f1,2195.8,2294.5,98.7,1303.8,47.5,0
74,truck,8.5,road_loopA_f0,road_loopA_f1,2193.6,2295.3,101.7,1303.2,46.1,0
100,car,4.5,xloopA_0Ba,xloopA_0Bb,2214.8,2295.3,80.5,84.6,3.8,1
85,car,4.5,road_loopA_f0,road_loopA_f1,2203.7,2296.2,92.5,1302.8,50.7,0
58,truck,8.5,road_loopA_f0,road_loopA_f1,2187.8,2296.5,108.7,1302.8,43.1,0
72,suv,4.8,road_loopA_f0,road_loopA_f1,2192.7,2297.3,104.6,1303.5,44.9,0
105,car,4.5,xloopA_0Ba,xloopA_0Bb,2220.1,2297.4,77.3,84.1,3.9,1
64,car,4.5,road_loopA_r0,road_loopA_r1,2191.1,2297.7,106.6,1298.5,43.9,0
153,car,4.5,xloopA_0Aa,xloopA_0Ab,2262.9,2298.5,35.6,84.5,8.5,1
70,suv,4.8,road_loopA_f0,road_loopA_f1,2192.7,2298.6,105.9,1303.4,44.3,0
46,car,4.5,road_loopA_r0,road_loopA_r1,2178.4,2298.8,120.4,1297.5,38.8,0
82,car,4.5,road_loopA_r0,road_loopA_r1,2199.1,2299.6,100.5,1298.3,46.5,0
93,car,4.5,road_loopA_f0,road_loopA_f1,2210.2,2299.7,89.5,1302.9,52.4,0
62,car,4.5,road_loopA_r0,road_loopA_r1,2190.4,2300.5,110.1,1298.1,42.5,0
164,car,4.5,xloopA_0Aa,xloopA_0Ab,2271.7,2300.5,28.8,84.4,10.6,1
75,suv,4.8,road_loopA_f0,road_loopA_f1,2194.5,2301.2,106.7,1303.4,44.0,0
50,car,4.5,road_loopA_r0,road_loopA_r1,2180.9,2301.5,120.6,1297.7,38.7,0
65,truck,8.5,road_loopA_r0,road_loopA_r1,2191.1,2302.7,111.6,1298.3,41.9,0
87,car,4.5,road_loopA_r0,road_loopA_r1,2204.3,2303.1,98.8,1297.6,47.3,0
89,car,4.5,road_loopA_f0,road_loopA_f1,2206.0,2304.3,98.3,1302.9,47.7,0
99,car,4.5,road_loopA_f0,road_loopA_f1,2214.2,2306.0,91.8,1304.1,51.1,0
78,car,4.5,road_loopA_f0,road_loopA_f1,2197.0,2307.5,110.5,1303.1,42.5,0
80,truck,8.5,road_loopA_f0,road_loopA_f1,2197.3,2307.7,110.4,1303.4,42.5,0
86,suv,4.8,road_loopA_f0,road_loopA_f1,2203.8,2309.6,105.8,1302.9,44.3,0
92,car,4.5,road_loopA_f0,road_loopA_f1,2209.7,2311.2,101.5,1303.8,46.2,0
103,car,4.5,road_loopA_f0,road_loopA_f1,2218.7,2312.7,94.0,1302.8,49.9,0
112,truck,8.5,road_loopA_f0,road_loopA_f1,2226.8,2316.2,89.4,1302.8,52.5,0
113,car,4.5,road_loopA_f0,road_loopA_f1,2227.4,2317.7,90.3,1303.7,52.0,0
115,suv,4.8,road_loopA_f0,road_loopA_f1,2228.0,2318.5,90.5,1303.6,51.9,0
119,car,4.5,road_loopA_f0,road_loopA_f1,2233.2,2322.5,89.3,1303.1,52.5,0
124,car,4.5,road_loopA_f0,road_loopA_f1,2234.9,2324.3,89.4,1302.8,52.4,0
94,suv,4.8,road_loopA_f0,road_loopA_f1,2210.8,2331.2,120.4,1303.6,39.0,0
126,car,4.5,road_loopA_r0,xloopA_0Ab,2235.6,2332.7,97.1,869.3,32.2,1
116,truck,8.5,road_loopA_f0,road_loopA_f1,2228.2,2332.9,104.7,1302.9,44.8,0
101,car,4.5,road_loopA_f0,road_loopA_f1,2214.8,2333.1,118.3,1303.1,39.7,0
111,car,4.5,road_loopA_f0,road_loopA_f1,2224.3,2334.9,110.6,1303.3,42.4,0
95,car,4.5,road_loopA_r0,road_loopA_r1,2211.9,2341.6,129.7,1298.5,36.0,1
84,truck,8.5,road_loopA_r0,road_loopA_r1,2202.4,2343.1,140.7,1298.5,33.2,1
67,bus,11.0,road_loopA_r0,road_loopA_r1,2191.2,2344.5,153.3,1297.8,30.5,1
97,car,4.5,road_loopA_r0,road_loopA_r1,2212.9,2345.1,132.2,1298.5,35.4,1
166,car,4.5,road_loopA_r0,xloopA_0Ab,2275.7,2345.9,70.2,869.0,44.6,0
102,suv,4.8,road_loopA_r0,road_loopA_r1,2214.8,2346.3,131.5,1297.4,35.5,1
107,suv,4.8,road_loopA_r0,road_loopA_r1,2220.4,2347.0,126.6,1297.6,36.9,1
104,car,4.5,road_loopA_r0,road_loopA_r1,2219.9,2350.6,130.7,1297.9,35.7,1
96,car,4.5,road_loopA_r0,road_loopA_r1,2212.0,2352.2,140.2,1297.3,33.3,1
110,suv,4.8,road_loopA_r0,road_loopA_r1,2224.2,2352.9,128.7,1298.6,36.3,1
108,car,4.5,road_loopA_r0,road_loopA_r1,2220.9,2353.6,132.7,1297.5,35.2,1
118,car,4.5,road_loopA_r0,road_loopA_r1,2232.6,2355.4,122.8,1297.3,38.0,1
131,suv,4.8,road_loopA_r0,road_loopA_r1,2239.9,2355.6,115.7,1297.9,40.4,0
190,car,4.5,road_loopA_f0,xloopA_0Bb,2310.4,2356.9,46.5,478.6,37.0,0
121,truck,8.5,road_loopA_r0,road_loopA_r1,2234.1,2357.5,123.4,1298.2,37.9,1
98,car,4.5,xloopA_0Aa,road_loopA_r1,2214.0,2358.5,144.5,507.0,12.6,1
140,car,4.5,road_loopA_r0,road_loopA_r1,2250.8,2358.6,107.8,1298.1,43.4,1
197,suv,4.8,road_loopA_f0,xloopA_0Bb,2315.8,2360.4,44.6,479.0,38.6,0
160,car,4.5,road_loopA_r0,xloopA_0Ab,2266.9,2360.5,93.6,869.0,33.4,1
90,truck,8.5,road_loopA_r0,road_loopA_r1,2206.8,2360.8,154.0,1298.1,30.3,1
117,truck,8.5,road_loopA_r0,road_loopA_r1,2228.9,2361.0,132.1,1297.6,35.4,1
141,car,4.5,road_loopA_r0,road_loopA_r1,2252.2,2361.1,108.9,1297.4,42.9,0
79,bus,11.0,road_loopA_f0,road_loopA_f1,2197.2,2361.7,164.5,1303.0,28.5,2
109,car,4.5,road_loopA_r0,road_loopA_r1,2222.4,2362.8,140.4,1297.4,33.3,1
132,car,4.5,road_loopA_r0,road_loopA_r1,2240.1,2363.7,123.6,1297.8,37.8,0
120,car,4.5,road_loopA_f0,road_loopA_f1,2233.5,2364.4,130.9,1303.0,35.8,1
127,car,4.5,road_loopA_f0,road_loopA_f1,2235.6,2364.4,128.8,1303.7,36.5,1
114,car,4.5,road_loopA_r0,road_loopA_r1,2227.4,2364.6,137.2,1298.5,34.1,1
155,car,4.5,road_loopA_r0,road_loopA_r1,2263.7,2364.6,100.9,1298.2,46.3,0
136,suv,4.8,road_loopA_r0,road_loopA_r1,2243.1,2365.7,122.6,1298.4,38.1,0
123,car,4.5,road_loopA_f0,road_loopA_f1,2234.6,2366.3,131.7,1303.9,35.6,1
122,car,4.5,road_loopA_r0,road_loopA_r1,2234.4,2366.4,132.0,1297.7,35.4,1
157,car,4.5,road_loopA_r0,road_loopA_r1,2264.6,2367.3,102.7,1298.5,45.5,0
151,car,4.5,road_loopA_r0,road_loopA_r1,2259.6,2367.4,107.8,1298.2,43.4,0
133,car,4.5,road_loopA_f0,road_loopA_f1,2240.4,2368.1,127.7,1303.7,36.8,1
139,truck,8.5,road_loopA_r0,road_loopA_r1,2250.6,2368.6,118.0,1297.4,39.6,0
161,car,4.5,road_loopA_r0,road_loopA_r1,2267.1,2369.6,102.5,1297.8,45.6,0
148,car,4.5,road_loopA_r0,road_loopA_r1,2256.2,2369.9,113.7,1297.4,41.1,0
143,car,4.5,road_loopA_r0,road_loopA_r1,2252.8,2370.7,117.9,1297.3,39.6,0
135,truck,8.5,road_loopA_f0,road_loopA_f1,2241.2,2371.5,130.3,1303.7,36.0,1
156,car,4.5,road_loopA_r0,road_loopA_r1,2264.5,2372.0,107.5,1297.7,43.5,0
137,car,4.5,road_loopA_f0,road_loopA_f1,2244.5,2372.3,127.8,1303.2,36.7,1
167,car,4.5,road_loopA_r0,road_loopA_r1,2278.7,2373.3,94.6,1297.4,49.4,0
147,car,4.5,road_loopA_f0,road_loopA_f1,2255.8,2375.2,119.4,1303.1,39.3,1
63,bus,11.0,road_loopA_r0,road_loopA_r1,2190.6,2376.1,185.5,1297.4,25.2,3
169,car,4.5,road_loopA_r0,road_loopA_r1,2279.2,2376.3,97.1,1298.6,48.2,0
149,car,4.5,road_loopA_r0,road_loopA_r1,2256.7,2377.0,120.3,1297.5,38.8,0
154,suv,4.8,road_loopA_f0,road_loopA_f1,2263.2,2377.0,113.8,1304.1,41.2,1
146,car,4.5,road_loopA_r0,road_loopA_r1,2255.3,2378.2,122.9,1297.7,38.0,0
162,car,4.5,road_loopA_r0,road_loopA_r1,2269.3,2379.5,110.2,1297.4,42.4,0
129,car,4.5,road_loopA_f0,road_loopA_f1,2235.9,2379.9,144.0,1303.8,32.6,1
170,car,4.5,road_loopA_r0,road_loopA_r1,2283.4,2380.5,97.1,1297.7,48.1,0
130,bus,11.0,road_loopA_r0,road_loopA_r1,2237.8,2380.8,143.0,1298.0,32.7,1
145,car,4.5,road_loopA_f0,road_loopA_f1,2255.2,2380.9,125.7,1304.1,37.3,1
152,suv,4.8,road_loopA_r0,road_loopA_r1,2260.7,2381.4,120.7,1298.0,38.7,0
134,suv,4.8,road_loopA_f0,road_loopA_f1,2240.8,2381.6,140.8,1303.1,33.3,1
175,suv,4.8,road_loopA_r0,road_loopA_r1,2288.4,2382.2,93.8,1298.0,49.8,0
142,car,4.5,road_loopA_f0,road_loopA_f1,2252.5,2383.3,130.8,1303.2,35.9,1
163,truck,8.5,road_loopA_r0,road_loopA_r1,2269.8,2383.6,113.8,1297.9,41.0,0
173,suv,4.8,road_loopA_r0,road_loopA_r1,2287.8,2384.2,96.4,1298.1,48.5,0
144,car,4.5,road_loopA_f0,road_loopA_f1,2254.2,2384.4,130.2,1303.4,36.0,1
159,suv,4.8,road_loopA_f0,road_loopA_f1,2266.4,2385.0,118.6,1303.2,39.6,1
168,truck,8.5,road_loopA_r0,road_loopA_r1,2278.8,2386.0,107.2,1297.7,43.6,0
158,suv,4.8,road_loopA_f0,road_loopA_f1,2265.7,2386.2,120.5,1303.8,38.9,1
172,car,4.5,road_loopA_f0,road_loopA_f1,2287.7,2386.8,99.1,1303.9,47.4,0
138,truck,8.5,road_loopA_f0,road_loopA_f1,2249.4,2387.9,138.5,1303.3,33.9,1
165,suv,4.8,road_loopA_f0,road_loopA_f1,2272.5,2388.0,115.5,1303.5,40.6,1
174,car,4.5,road_loopA_f0,road_loopA_f1,2288.3,2388.5,100.2,1303.3,46.8,0
177,car,4.5,road_loopA_f0,road_loopA_f1,2295.7,2389.8,94.1,1303.4,49.9,0
176,car,4.5,road_loopA_f0,road_loopA_f1,2295.3,2390.3,95.0,1303.9,49.4,0
180,suv,4.8,road_loopA_f0,road_loopA_f1,2298.6,2391.5,92.9,1304.1,50.5,0
125,car,4.5,road_loopA_r0,xloopA_0Bb,2235.2,2391.9,156.7,895.8,20.6,1
178,suv,4.8,road_loopA_f0,road_loopA_f1,2295.9,2392.0,96.1,1302.9,48.8,0
182,car,4.5,road_loopA_f0,xloopA_0Ab,2299.8,2392.4,92.6,505.2,19.6,1
150,car,4.5,road_loopA_r0,xloopA_0Bb,2258.8,2394.4,135.6,895.3,23.8,1
91,bus,11.0,road_loopA_r0,road_loopA_r1,2208.9,2394.9,186.0,1297.6,25.1,3
189,truck,8.5,road_loopA_f0,xloopA_0Ab,2309.9,2395.8,85.9,505.4,21.2,1
188,suv,4.8,road_loopA_f0,road_loopA_f1,2307.8,2397.1,89.3,1303.1,52.5,0
183,suv,4.8,road_loopA_r0,road_loopA_r1,2300.1,2398.5,98.4,1297.3,47.4,0
194,suv,4.8,road_loopA_f0,xloopA_0Ab,2312.7,2398.9,86.2,505.5,21.1,1
191,car,4.5,road_loopA_f0,road_loopA_f1,2310.4,2399.8,89.4,1303.1,52.5,0
179,suv,4.8,road_loopA_r0,road_loopA_r1,2297.9,2400.5,102.6,1298.4,45.6,0
187,car,4.5,road_loopA_r0,road_loopA_r1,2306.2,2401.1,94.9,1297.7,49.2,0
192,suv,4.8,road_loopA_f0,road_loopA_f1,2311.9,2401.3,89.4,1303.1,52.5,0
220,truck,8.5,road_loopA_f0,xloopA_0Ab,2331.5,2402.3,70.8,504.9,25.7,1
193,car,4.5,road_loopA_f0,road_loopA_f1,2312.2,2406.3,94.1,1303.4,49.9,0
181,car,4.5,road_loopA_r0,road_loopA_r1,2299.0,2406.9,107.9,1297.9,43.3,0
186,truck,8.5,road_loopA_r0,road_loopA_r1,2303.5,2407.2,103.7,1297.7,45.1,0
201,truck,8.5,road_loopA_r0,road_loopA_r1,2317.4,2409.6,92.2,1297.3,50.6,0
196,car,4.5,xloopA_0Ba,xloopA_0Bb,2314.9,2410.7,95.8,84.6,3.2,1
203,suv,4.8,road_loopA_f0,road_loopA_f1,2321.6,2411.0,89.4,1303.1,52.5,0
284,car,4.5,xloopA_0Aa,xloopA_0Ab,2389.9,2411.6,21.7,84.6,14.1,0
171,car,4.5,road_loopA_r0,road_loopA_r1,2284.7,2412.4,127.7,1297.3,36.6,0
212,car,4.5,xloopA_0Ba,xloopA_0Bb,2327.6,2412.8,85.2,84.5,3.6,1
208,suv,4.8,road_loopA_f0,road_loopA_f1,2324.6,2413.9,89.3,1303.1,52.5,0
243,car,4.5,xloopA_0Ba,xloopA_0Bb,2354.7,2414.8,60.1,84.2,5.0,0
207,suv,4.8,road_loopA_f0,road_loopA_f1,2323.5,2416.7,93.2,1303.5,50.3,0
253,car,4.5,xloopA_0Ba,xloopA_0Bb,2361.5,2417.0,55.5,84.3,5.5,0
204,suv,4.8,road_loopA_f0,road_loopA_f1,2321.7,2417.9,96.2,1302.8,48.7,0
214,suv,4.8,road_loopA_f0,road_loopA_f1,2328.0,2418.5,90.5,1302.8,51.8,0
256,car,4.5,xloopA_0Ba,xloopA_0Bb,2364.7,2419.1,54.4,84.5,5.6,0
211,car,4.5,road_loopA_f0,road_loopA_f1,2327.2,2420.8,93.6,1303.7,50.1,0
276,car,4.5,xloopA_0Ba,xloopA_0Bb,2383.3,2420.9,37.6,84.8,8.1,0
199,suv,4.8,road_loopA_f0,road_loopA_f1,2316.6,2421.1,104.5,1303.9,44.9,0
294,car,4.5,xloopA_0Ba,xloopA_0Bb,2400.2,2423.5,23.3,84.0,13.0,0
222,bus,11.0,road_loopA_f0,road_loopA_f1,2332.6,2426.0,93.4,1303.7,50.2,0
224,car,4.5,road_loopA_f0,road_loopA_f1,2334.7,2431.1,96.4,1302.8,48.6,0
232,car,4.5,road_loopA_f0,road_loopA_f1,2339.8,2434.1,94.3,1303.9,49.8,0
234,car,4.5,road_loopA_f0,road_loopA_f1,2341.3,2439.2,97.9,1303.4,47.9,0
215,car,4.5,road_loopA_f0,road_loopA_f1,2329.0,2439.5,110.5,1303.9,42.5,0
238,truck,8.5,road_loopA_r0,xloopA_0Ab,2349.1,2441.1,92.0,869.0,34.0,0
219,car,4.5,road_loopA_f0,road_loopA_f1,2331.2,2441.3,110.1,1303.3,42.6,0
218,suv,4.8,road_loopA_f0,road_loopA_f1,2331.1,2445.1,114.0,1303.8,41.2,0
225,car,4.5,road_loopA_f0,road_loopA_f1,2335.0,2445.6,110.6,1303.1,42.4,0
236,car,4.5,road_loopA_f0,xloopA_0Bb,2343.9,2447.0,103.1,478.7,16.7,2
285,suv,4.8,road_loopA_f0,xloopA_0Bb,2389.9,2450.8,60.9,478.9,28.3,1
185,car,4.5,xloopA_0Ba,road_loopA_r1,2303.1,2456.5,153.4,476.2,11.2,1
307,car,4.5,road_loopA_f0,xloopA_0Bb,2414.8,2459.6,44.8,478.7,38.4,0
314,car,4.5,road_loopA_f0,xloopA_0Bb,2417.7,2463.0,45.3,478.8,38.1,0
195,car,4.5,xloopA_0Aa,road_loopA_r1,2314.9,2465.4,150.5,506.5,12.1,1
228,bus,11.0,road_loopA_f0,road_loopA_f1,2336.7,2465.6,128.9,1303.6,36.4,1
318,car,4.5,road_loopA_f0,xloopA_0Bb,2420.6,2466.3,45.7,478.6,37.7,0
205,car,4.5,road_loopA_r0,road_loopA_r1,2321.9,2468.2,146.3,1297.5,31.9,1
184,bus,11.0,road_loopA_f0,road_loopA_f1,2302.6,2469.7,167.1,1303.4,28.1,2
198,car,4.5,road_loopA_r0,road_loopA_r1,2316.1,2471.2,155.1,1297.8,30.1,1
221,truck,8.5,road_loopA_r0,road_loopA_r1,2332.1,2473.5,141.4,1298.3,33.0,1
202,suv,4.8,road_loopA_r0,road_loopA_r1,2317.7,2473.9,156.2,1298.1,29.9,1
210,truck,8.5,road_loopA_r0,road_loopA_r1,2325.3,2475.2,149.9,1297.9,31.2,1
231,car,4.5,road_loopA_r0,road_loopA_r1,2339.2,2477.3,138.1,1298.4,33.8,1
217,car,4.5,road_loopA_r0,road_loopA_r1,2330.7,2477.6,146.9,1297.6,31.8,1
216,car,4.5,road_loopA_r0,road_loopA_r1,2330.5,2479.6,149.1,1297.8,31.3,1
289,car,4.5,xloopA_0Ba,road_loopA_r1,2395.4,2480.5,85.1,476.4,20.2,0
332,car,4.5,road_loopA_f0,xloopA_0Bb,2436.1,2480.7,44.6,478.7,38.7,0
242,car,4.5,road_loopA_r0,road_loopA_r1,2354.5,2480.8,126.3,1297.5,37.0,1
200,car,4.5,road_loopA_r0,road_loopA_r1,2316.6,2482.2,165.6,1298.4,28.2,1
226,car,4.5,road_loopA_r0,road_loopA_r1,2335.3,2482.7,147.4,1298.4,31.7,1
206,car,4.5,road_loopA_r0,road_loopA_r1,2323.1,2483.8,160.7,1297.9,29.1,1
252,suv,4.8,road_loopA_r0,road_loopA_r1,2361.3,2484.2,122.9,1298.2,38.0,1
227,car,4.5,road_loopA_r0,road_loopA_r1,2336.1,2484.9,148.8,1297.8,31.4,1
213,car,4.5,road_loopA_r0,road_loopA_r1,2327.7,2485.4,157.7,1297.6,29.6,1
255,car,4.5,road_loopA_r0,road_loopA_r1,2364.0,2486.9,122.9,1298.5,38.0,1
229,suv,4.8,road_loopA_r0,road_loopA_r1,2337.8,2487.0,149.2,1297.6,31.3,1
223,car,4.5,road_loopA_r0,road_loopA_r1,2333.4,2487.1,153.7,1298.0,30.4,1
244,car,4.5,road_loopA_r0,road_loopA_r1,2354.8,2488.7,133.9,1297.6,34.9,1
261,suv,4.8,road_loopA_r0,road_loopA_r1,2370.1,2488.7,118.6,1297.4,39.4,1
230,suv,4.8,road_loopA_r0,road_loopA_r1,2338.8,2488.9,150.1,1298.1,31.1,1
233,car,4.5,road_loopA_r0,road_loopA_r1,2340.7,2490.7,150.0,1298.6,31.2,1
248,truck,8.5,road_loopA_r0,road_loopA_r1,2358.4,2491.0,132.6,1298.0,35.2,1
235,car,4.5,road_loopA_r0,road_loopA_r1,2342.9,2492.5,149.6,1298.5,31.2,1
237,suv,4.8,road_loopA_f0,road_loopA_f1,2348.1,2492.6,144.5,1303.1,32.5,1
272,truck,8.5,road_loopA_r0,road_loopA_r1,2379.4,2492.8,113.4,1297.8,41.2,0
266,car,4.5,road_loopA_r0,road_loopA_r1,2372.5,2493.0,120.5,1297.6,38.8,1
239,car,4.5,road_loopA_f0,road_loopA_f1,2352.7,2493.8,141.1,1303.7,33.3,1
250,suv,4.8,road_loopA_r0,road_loopA_r1,2360.6,2494.3,133.7,1298.2,34.9,1
273,car,4.5,road_loopA_r0,road_loopA_r1,2379.5,2494.8,115.3,1297.3,40.5,0
279,suv,4.8,road_loopA_r0,road_loopA_r1,2384.9,2494.9,110.0,1298.5,42.5,8
241,car,4.5,road_loopA_f0,road_loopA_f1,2354.4,2495.5,141.1,1304.1,33.3,1
262,car,4.5,road_loopA_r0,road_loopA_r1,2370.3,2496.1,125.8,1297.5,37.1,1
245,car,4.5,road_loopA_f0,road_loopA_f1,2355.3,2496.4,141.1,1303.5,33.3,1
270,car,4.5,road_loopA_r0,road_loopA_r1,2375.0,2497.2,122.2,1298.5,38.3,0
246,truck,8.5,road_loopA_f0,road_loopA_f1,2357.6,2497.6,140.0,1304.2,33.5,1
268,car,4.5,road_loopA_r0,road_loopA_r1,2374.2,2497.9,123.7,1297.6,37.8,1
249,suv,4.8,road_loopA_f0,road_loopA_f1,2358.7,2499.6,140.9,1303.7,33.3,1
277,car,4.5,road_loopA_r0,road_loopA_r1,2384.2,2499.8,115.6,1297.4,40.4,0
247,suv,4.8,road_loopA_f0,road_loopA_f1,2358.1,2500.2,142.1,1303.4,33.0,1
292,suv,4.8,road_loopA_r0,road_loopA_r1,2397.0,2500.2,103.2,1298.6,45.3,0
274,car,4.5,road_loopA_r0,road_loopA_r1,2381.3,2501.0,119.7,1298.0,39.0,0
251,suv,4.8,road_loopA_f0,road_loopA_f1,2361.1,2501.4,140.3,1303.9,33.5,1
282,car,4.5,road_loopA_r0,road_loopA_r1,2389.2,2501.6,112.4,1298.4,41.6,0
257,car,4.5,road_loopA_f0,road_loopA_f1,2364.6,2502.1,137.5,1303.0,34.1,1
278,suv,4.8,road_loopA_r0,road_loopA_r1,2384.7,2502.8,118.1,1298.1,39.6,0
291,car,4.5,road_loopA_r0,road_loopA_r1,2396.5,2503.3,106.8,1298.6,43.8,0
286,car,4.5,road_loopA_r0,road_loopA_r1,2392.5,2504.5,112.0,1297.4,41.7,0
287,car,4.5,road_loopA_r0,road_loopA_r1,2393.6,2504.9,111.3,1298.3,42.0,0
297,car,4.5,road_loopA_r0,road_loopA_r1,2402.7,2506.4,103.7,1297.7,45.1,0
293,truck,8.5,road_loopA_f0,xloopA_0Ab,2398.3,2506.6,108.3,505.6,16.8,1
303,truck,8.5,road_loopA_r0,road_loopA_r1,2407.8,2507.0,99.2,1297.4,47.1,0
298,suv,4.8,road_loopA_r0,road_loopA_r1,2405.3,2508.2,102.9,1298.3,45.4,0
310,car,4.5,road_loopA_r0,road_loopA_r1,2416.5,2509.0,92.5,1297.6,50.5,0
326,car,4.5,road_loopA_r0,xloopA_0Bb,2430.9,2509.0,78.1,895.3,41.3,0
333,suv,4.8,road_loopA_f0,xloopA_0Ab,2439.0,2509.6,70.6,505.6,25.8,1
302,car,4.5,road_loopA_r0,road_loopA_r1,2407.6,2510.0,102.4,1298.3,45.6,0
240,car,4.5,road_loopA_f0,road_loopA_f1,2353.6,2510.7,157.1,1303.4,29.9,1
301,truck,8.5,road_loopA_r0,road_loopA_r1,2407.4,2511.3,103.9,1298.5,45.0,0
254,truck,8.5,road_loopA_f0,road_loopA_f1,2362.4,2511.7,149.3,1303.0,31.4,1
309,car,4.5,road_loopA_r0,road_loopA_r1,2415.5,2511.8,96.3,1298.4,48.5,0
269,car,4.5,road_loopA_r0,road_loopA_r1,2374.9,2512.2,137.3,1298.6,34.0,1
338,car,4.5,road_loopA_f0,xloopA_0Ab,2445.1,2512.2,67.1,505.0,27.1,1
263,car,4.5,road_loopA_f0,road_loopA_f1,2370.7,2512.8,142.1,1302.9,33.0,1
304,truck,8.5,road_loopA_r0,road_loopA_r1,2410.9,2514.7,103.8,1298.5,45.0,0
209,bus,11.0,road_loopA_r0,road_loopA_r1,2325.0,2514.9,189.9,1298.2,24.6,2
341,car,4.5,road_loopA_f0,xloopA_0Ab,2450.4,2514.9,64.5,505.3,28.2,1
265,car,4.5,road_loopA_f0,road_loopA_f1,2372.2,2515.3,143.1,1303.9,32.8,1
259,car,4.5,road_loopA_f0,road_loopA_f1,2367.3,2515.8,148.5,1303.4,31.6,1
320,suv,4.8,road_loopA_r0,road_loopA_r1,2422.2,2515.9,93.7,1297.2,49.8,0
271,suv,4.8,road_loopA_f0,road_loopA_f1,2376.5,2517.2,140.7,1303.6,33.4,1
311,car,4.5,road_loopA_r0,road_loopA_r1,2416.7,2517.7,101.0,1297.8,46.3,0
312,car,4.5,road_loopA_r0,road_loopA_r1,2416.8,2517.7,100.9,1297.4,46.3,0
275,car,4.5,road_loopA_f0,road_loopA_f1,2381.4,2519.0,137.6,1304.0,34.1,1
313,car,4.5,road_loopA_r0,road_loopA_r1,2417.0,2519.4,102.4,1298.4,45.7,0
258,suv,4.8,road_loopA_f0,road_loopA_f1,2366.7,2519.8,153.1,1303.6,30.7,1
317,truck,8.5,road_loopA_r0,road_loopA_r1,2420.2,2519.9,99.7,1298.4,46.9,0
300,car,4.5,xloopA_0Ba,xloopA_0Bb,2407.0,2521.3,114.3,84.0,2.6,1
280,car,4.5,road_loopA_f0,road_loopA_f1,2385.9,2521.5,135.6,1303.8,34.6,1
260,truck,8.5,road_loopA_f0,road_loopA_f1,2368.0,2522.0,154.0,1303.3,30.5,1
288,suv,4.8,road_loopA_f0,road_loopA_f1,2395.4,2522.1,126.7,1303.3,37.0,1
380,car,4.5,xloopA_0Aa,xloopA_0Ab,2489.9,2522.9,33.0,84.1,9.2,1
322,car,4.5,xloopA_0Ba,xloopA_0Bb,2424.9,2523.5,98.6,84.0,3.1,1
267,car,4.5,road_loopA_f0,road_loopA_f1,2373.0,2523.6,150.6,1303.7,31.2,1
295,suv,4.8,road_loopA_f0,road_loopA_f1,2401.4,2523.9,122.5,1302.8,38.3,1
264,car,4.5,road_loopA_f0,road_loopA_f1,2372.1,2524.1,152.0,1303.8,30.9,1
397,car,4.5,xloopA_0Aa,xloopA_0Ab,2510.3,2525.1,14.8,84.0,20.4,0
281,car,4.5,road_loopA_f0,road_loopA_f1,2386.0,2526.1,140.1,1303.8,33.5,1
296,suv,4.8,road_loopA_f0,road_loopA_f1,2402.7,2526.1,123.4,1304.1,38.1,0
370,car,4.5,xloopA_0Ba,xloopA_0Bb,2480.6,2526.8,46.2,84.7,6.6,0
283,car,4.5,road_loopA_f0,road_loopA_f1,2389.5,2528.3,138.8,1302.9,33.8,1
299,car,4.5,road_loopA_f0,road_loopA_f1,2405.4,2528.7,123.3,1303.7,38.1,0
290,truck,8.5,road_loopA_f0,road_loopA_f1,2395.6,2530.5,134.9,1304.0,34.8,1
315,suv,4.8,road_loopA_f0,road_loopA_f1,2419.0,2530.6,111.6,1303.5,42.0,0
390,car,4.5,xloopA_0Ba,xloopA_0Bb,2502.1,2532.2,30.1,84.5,10.1,0
305,car,4.5,road_loopA_f0,road_loopA_f1,2413.2,2532.5,119.3,1302.9,39.3,0
319,car,4.5,road_loopA_f0,road_loopA_f1,2421.1,2534.5,113.4,1303.2,41.4,0
321,car,4.5,road_loopA_f0,road_loopA_f1,2423.7,2536.3,112.6,1303.3,41.7,0
323,truck,8.5,road_loopA_f0,road_loopA_f1,2425.4,2538.6,113.2,1303.9,41.4,0
316,truck,8.5,road_loopA_f0,road_loopA_f1,2419.4,2538.8,119.4,1303.8,39.3,0
306,car,4.5,road_loopA_f0,road_loopA_f1,2414.3,2540.0,125.7,1303.0,37.3,0
407,car,4.5,xloopA_0Ba,xloopA_0Bb,2522.2,2540.0,17.8,84.5,17.1,0
331,suv,4.8,road_loopA_f0,road_loopA_f1,2435.9,2541.2,105.3,1303.5,44.6,0
325,truck,8.5,road_loopA_f0,road_loopA_f1,2430.6,2541.4,110.8,1304.0,42.4,0
324,car,4.5,road_loopA_f0,road_loopA_f1,2427.1,2541.7,114.6,1303.9,41.0,0
328,suv,4.8,road_loopA_f0,road_loopA_f1,2433.5,2543.3,109.8,1303.1,42.7,0
330,car,4.5,road_loopA_f0,road_loopA_f1,2435.8,2543.4,107.6,1304.2,43.6,0
344,car,4.5,road_loopA_f0,road_loopA_f1,2453.6,2544.9,91.3,1303.7,51.4,0
337,car,4.5,road_loopA_f0,road_loopA_f1,2444.9,2545.2,100.3,1303.1,46.8,0
327,car,4.5,road_loopA_f0,road_loopA_f1,2431.0,2556.9,125.9,1302.8,37.3,0
350,car,4.5,road_loopA_f0,xloopA_0Bb,2461.1,2559.0,97.9,478.8,17.6,2
378,suv,4.8,road_loopA_f0,xloopA_0Bb,2487.9,2562.8,74.9,479.2,23.0,2
403,car,4.5,road_loopA_f0,xloopA_0Bb,2516.1,2569.5,53.4,478.6,32.3,0
329,car,4.5,road_loopA_r0,road_loopA_r1,2433.6,2578.2,144.6,1297.4,32.3,1
336,car,4.5,road_loopA_r0,road_loopA_r1,2444.7,2579.4,134.7,1298.6,34.7,1
340,car,4.5,road_loopA_r0,road_loopA_r1,2449.3,2580.8,131.5,1298.0,35.5,1
349,car,4.5,road_loopA_r0,road_loopA_r1,2460.4,2583.9,123.5,1298.0,37.8,1
335,car,4.5,xloopA_0Ba,road_loopA_r1,2443.7,2584.4,140.7,476.4,12.2,1
346,suv,4.8,road_loopA_r0,road_loopA_r1,2456.6,2585.0,128.4,1298.1,36.4,1
354,car,4.5,road_loopA_r0,road_loopA_r1,2464.7,2585.8,121.1,1298.7,38.6,1
334,car,4.5,road_loopA_r0,road_loopA_r1,2441.6,2586.1,144.5,1297.7,32.3,1
339,suv,4.8,road_loopA_r0,road_loopA_r1,2446.4,2587.8,141.4,1297.8,33.0,1
359,car,4.5,road_loopA_r0,road_loopA_r1,2469.5,2589.0,119.5,1297.4,39.1,1
358,car,4.5,road_loopA_r0,road_loopA_r1,2466.4,2591.3,124.9,1297.5,37.4,1
362,car,4.5,road_loopA_r0,road_loopA_r1,2476.1,2591.8,115.7,1298.2,40.4,1
343,suv,4.8,road_loopA_r0,road_loopA_r1,2453.3,2594.0,140.7,1298.2,33.2,0
364,suv,4.8,road_loopA_r0,road_loopA_r1,2477.1,2594.0,116.9,1297.5,40.0,1
394,car,4.5,road_loopA_r0,xloopA_0Ab,2503.7,2594.0,90.3,869.1,34.7,1
366,car,4.5,road_loopA_r0,road_loopA_r1,2477.5,2594.1,116.6,1297.4,40.0,1
357,suv,4.8,road_loopA_r0,road_loopA_r1,2466.1,2595.7,129.6,1298.4,36.1,0
371,car,4.5,road_loopA_r0,road_loopA_r1,2481.9,2595.9,114.0,1297.9,41.0,1
363,car,4.5,road_loopA_r0,road_loopA_r1,2476.1,2597.4,121.3,1297.5,38.5,1
388,suv,4.8,road_loopA_r0,road_loopA_r1,2498.7,2597.7,99.0,1298.6,47.2,0
365,car,4.5,road_loopA_r0,road_loopA_r1,2477.2,2599.1,121.9,1297.5,38.3,0
386,car,4.5,road_loopA_r0,road_loopA_r1,2497.3,2600.3,103.0,1298.7,45.4,0
369,suv,4.8,road_loopA_r0,road_loopA_r1,2480.2,2600.4,120.2,1298.3,38.9,0
375,car,4.5,road_loopA_r0,road_loopA_r1,2487.0,2601.5,114.5,1297.5,40.8,0
389,car,4.5,road_loopA_r0,road_loopA_r1,2500.7,2602.6,101.9,1298.2,45.9,0
391,car,4.5,road_loopA_r0,road_loopA_r1,2502.1,2603.3,101.2,1298.4,46.2,0
393,car,4.5,road_loopA_r0,road_loopA_r1,2503.7,2606.3,102.6,1298.2,45.5,0
356,car,4.5,road_loopA_f0,road_loopA_f1,2464.9,2607.5,142.6,1303.2,32.9,1
351,car,4.5,road_loopA_f0,road_loopA_f1,2463.7,2607.7,144.0,1303.0,32.6,1
382,car,4.5,road_loopA_r0,road_loopA_r1,2489.9,2607.9,118.0,1297.6,39.6,0
401,car,4.5,road_loopA_r0,road_loopA_r1,2514.2,2608.8,94.6,1297.4,49.4,0
372,suv,4.8,road_loopA_f0,road_loopA_f1,2483.8,2611.7,127.9,1303.7,36.7,1
411,car,4.5,road_loopA_r0,road_loopA_r1,2525.4,2614.3,88.9,1297.3,52.5,0
379,suv,4.8,road_loopA_f0,road_loopA_f1,2488.6,2614.9,126.3,1303.4,37.2,1
392,car,4.5,road_loopA_f0,road_loopA_f1,2503.2,2617.6,114.4,1303.0,41.0,1
416,suv,4.8,road_loopA_r0,road_loopA_r1,2531.4,2620.4,89.0,1298.6,52.5,0
374,car,4.5,road_loopA_f0,road_loopA_f1,2485.9,2621.0,135.1,1303.9,34.7,1
405,car,4.5,road_loopA_r0,road_loopA_r1,2520.4,2621.3,100.9,1297.9,46.3,0
308,bus,11.0,road_loopA_r0,road_loopA_r1,2415.0,2622.6,207.6,1297.4,22.5,3
421,car,4.5,road_loopA_r0,road_loopA_r1,2535.2,2624.2,89.0,1297.3,52.5,0
376,suv,4.8,road_loopA_f0,road_loopA_f1,2487.6,2626.8,139.2,1302.8,33.7,1
422,suv,4.8,road_loopA_r0,road_loopA_r1,2535.6,2626.9,91.3,1297.4,51.2,0
383,car,4.5,road_loopA_f0,road_loopA_f1,2490.1,2628.9,138.8,1303.8,33.8,1
404,car,4.5,road_loopA_f0,road_loopA_f1,2518.1,2630.7,112.6,1304.0,41.7,0
417,car,4.5,road_loopA_r0,road_loopA_r1,2532.5,2631.8,99.3,1298.3,47.1,0
355,car,4.5,road_loopA_r0,xloopA_0Bb,2464.8,2631.9,167.1,895.4,19.3,1
381,car,4.5,xloopA_0Ba,road_loopA_f1,2490.0,2632.3,142.3,902.6,22.8,0
408,car,4.5,road_loopA_f0,road_loopA_f1,2524.6,2632.4,107.8,1303.4,43.5,0
409,bus,11.0,road_loopA_r0,road_loopA_r1,2524.8,2633.0,108.2,1297.8,43.2,0
433,car,4.5,road_loopA_r0,road_loopA_r1,2543.8,2633.6,89.8,1298.4,52.0,0
342,truck,8.5,road_loopA_f0,xloopA_0Ab,2451.3,2633.7,182.4,505.4,10.0,2
425,car,4.5,road_loopA_f0,road_loopA_f1,2537.9,2634.2,96.3,1304.1,48.8,0
360,car,4.5,road_loopA_r0,xloopA_0Bb,2473.3,2634.5,161.2,895.4,20.0,1
430,car,4.5,road_loopA_r0,road_loopA_r1,2542.0,2635.1,93.1,1298.1,50.2,0
428,suv,4.8,road_loopA_f0,road_loopA_f1,2538.7,2635.9,97.2,1303.8,48.3,0
368,car,4.5,road_loopA_f0,xloopA_0Ab,2478.1,2636.7,158.6,505.3,11.5,1
347,car,4.5,xloopA_0Aa,road_loopA_f1,2457.5,2637.1,179.6,872.5,17.5,1
385,car,4.5,road_loopA_r0,xloopA_0Bb,2490.8,2637.2,146.4,895.7,22.0,1
423,car,4.5,road_loopA_f0,road_loopA_f1,2537.2,2637.7,100.5,1303.6,46.7,0
387,car,4.5,road_loopA_f0,xloopA_0Ab,2497.5,2639.3,141.8,505.0,12.8,1
415,car,4.5,road_loopA_f0,road_loopA_f1,2530.9,2639.5,108.6,1303.6,43.2,0
377,car,4.5,road_loopA_r0,xloopA_0Bb,2487.6,2639.8,152.2,895.4,21.2,1
434,truck,8.5,road_loopA_r0,road_loopA_r1,2545.1,2640.4,95.3,1298.6,49.1,0
441,car,4.5,road_loopA_r0,road_loopA_r1,2551.7,2641.0,89.3,1298.3,52.3,0
412,car,4.5,road_loopA_f0,xloopA_0Ab,2525.5,2642.0,116.5,505.3,15.6,1
424,truck,8.5,road_loopA_r0,road_loopA_r1,2537.8,2642.0,104.2,1297.9,44.9,0
410,suv,4.8,road_loopA_r0,xloopA_0Bb,2525.1,2642.5,117.4,895.6,27.5,1
426,car,4.5,road_loopA_f0,road_loopA_f1,2537.9,2642.9,105.0,1303.0,44.7,0
435,car,4.5,road_loopA_f0,road_loopA_f1,2545.4,2644.4,99.0,1303.9,47.4,0
438,car,4.5,road_loopA_f0,road_loopA_f1,2547.8,2645.9,98.1,1303.0,47.8,0
431,car,4.5,xloopA_0Aa,xloopA_0Ab,2542.4,2647.0,104.6,84.2,2.9,1
439,truck,8.5,road_loopA_r0,road_loopA_r1,2550.3,2648.1,97.8,1297.6,47.7,0
419,car,4.5,xloopA_0Ba,xloopA_0Bb,2533.6,2648.6,115.0,84.6,2.6,1
436,car,4.5,road_loopA_r0,road_loopA_r1,2547.4,2648.6,101.2,1298.3,46.2,0
384,car,4.5,xloopA_0Ba,road_loopA_f1,2490.7,2649.1,158.4,902.8,20.5,0
413,suv,4.8,road_loopA_f0,road_loopA_f1,2528.3,2649.2,120.9,1303.6,38.8,0
442,car,4.5,road_loopA_r0,road_loopA_r1,2553.2,2650.1,96.9,1297.8,48.2,0
477,car,4.5,xloopA_0Ba,xloopA_0Bb,2585.4,2650.6,65.2,84.8,4.7,1
443,truck,8.5,road_loopA_r0,road_loopA_r1,2553.2,2650.7,97.5,1297.6,47.9,0
448,car,4.5,road_loopA_f0,road_loopA_f1,2560.4,2650.9,90.5,1302.8,51.8,0
467,car,4.5,xloopA_0Aa,xloopA_0Ab,2574.8,2651.0,76.2,84.4,4.0,1
361,truck,8.5,road_loopA_f0,road_loopA_f1,2474.3,2651.3,177.0,1303.8,26.5,1
444,suv,4.8,road_loopA_r0,road_loopA_r1,2555.1,2651.9,96.8,1298.5,48.3,0
402,car,4.5,xloopA_0Ba,road_loopA_f1,2515.3,2652.3,137.0,902.6,23.7,0
516,car,4.5,xloopA_0Ba,xloopA_0Bb,2619.5,2652.7,33.2,84.7,9.2,1
445,car,4.5,road_loopA_f0,road_loopA_f1,2555.4,2652.9,97.5,1303.7,48.1,0
373,suv,4.8,road_loopA_f0,road_loopA_f1,2483.9,2653.2,169.3,1302.9,27.7,1
348,suv,4.8,road_loopA_f0,road_loopA_f1,2459.2,2654.0,194.8,1303.8,24.1,1
396,car,4.5,road_loopA_f0,road_loopA_f1,2509.6,2655.1,145.5,1303.7,32.3,0
453,car,4.5,road_loopA_f0,road_loopA_f1,2564.8,2655.4,90.6,1302.9,51.8,0
352,car,4.5,road_loopA_f0,road_loopA_f1,2463.7,2655.7,192.0,1304.0,24.4,1
414,car,4.5,road_loopA_f0,road_loopA_f1,2530.6,2656.8,126.2,1303.9,37.2,0
353,suv,4.8,road_loopA_f0,road_loopA_f1,2464.1,2657.5,193.4,1303.6,24.3,1
418,car,4.5,road_loopA_f0,road_loopA_f1,2533.2,2658.5,125.3,1303.5,37.5,0
456,suv,4.8,road_loopA_f0,road_loopA_f1,2566.3,2658.5,92.2,1303.9,50.9,0
367,car,4.5,road_loopA_f0,road_loopA_f1,2477.9,2659.2,181.3,1303.4,25.9,1
427,car,4.5,road_loopA_f0,road_loopA_f1,2538.0,2660.2,122.2,1302.8,38.4,0
395,suv,4.8,road_loopA_f0,road_loopA_f1,2508.3,2661.0,152.7,1303.6,30.7,0
429,suv,4.8,road_loopA_f0,road_loopA_f1,2540.3,2662.3,122.0,1303.6,38.5,0
398,car,4.5,road_loopA_f0,road_loopA_f1,2511.3,2662.7,151.4,1303.0,31.0,0
437,car,4.5,road_loopA_f0,road_loopA_f1,2547.8,2662.8,115.0,1303.1,40.8,0
455,car,4.5,road_loopA_f0,road_loopA_f1,2565.9,2662.9,97.0,1303.9,48.4,0
457,suv,4.8,road_loopA_f0,road_loopA_f1,2566.7,2664.1,97.4,1303.6,48.2,0
400,car,4.5,road_loopA_f0,road_loopA_f1,2513.1,2664.5,151.4,1303.8,31.0,0
432,car,4.5,road_loopA_f0,road_loopA_f1,2543.0,2665.4,122.4,1303.5,38.3,0
406,car,4.5,road_loopA_f0,road_loopA_f1,2520.7,2666.2,145.5,1303.0,32.2,0
462,suv,4.8,road_loopA_f0,road_loopA_f1,2571.7,2666.2,94.5,1303.0,49.6,0
440,suv,4.8,road_loopA_f0,road_loopA_f1,2551.6,2668.1,116.5,1303.9,40.3,0
475,car,4.5,road_loopA_f0,road_loopA_f1,2584.4,2673.8,89.4,1303.1,52.5,0
505,car,4.5,road_loopA_f0,xloopA_0Bb,2611.1,2675.2,64.1,478.7,26.9,1
420,truck,8.5,road_loopA_r0,xloopA_0Ab,2534.0,2676.5,142.5,869.2,22.0,3
517,car,4.5,road_loopA_f0,xloopA_0Bb,2619.6,2678.9,59.3,478.9,29.1,1
524,car,4.5,road_loopA_f0,xloopA_0Bb,2626.0,2682.5,56.5,478.7,30.5,1
554,suv,4.8,road_loopA_f0,xloopA_0Bb,2643.4,2689.2,45.8,478.9,37.6,0
449,car,4.5,road_loopA_r0,road_loopA_r1,2560.5,2692.5,132.0,1298.4,35.4,1
452,suv,4.8,road_loopA_r0,road_loopA_r1,2562.8,2695.1,132.3,1297.4,35.3,1
399,bus,11.0,road_loopA_f0,road_loopA_f1,2512.7,2695.5,182.8,1303.2,25.7,2
460,car,4.5,road_loopA_r0,road_loopA_r1,2569.2,2697.7,128.5,1297.8,36.4,1
451,car,4.5,road_loopA_r0,road_loopA_r1,2561.9,2698.0,136.1,1297.3,34.3,1
446,truck,8.5,road_loopA_r0,road_loopA_r1,2556.4,2700.3,143.9,1297.9,32.5,1
461,car,4.5,road_loopA_r0,road_loopA_r1,2569.6,2700.5,130.9,1297.7,35.7,1
466,car,4.5,road_loopA_r0,road_loopA_r1,2573.9,2702.7,128.8,1297.4,36.3,1
577,car,4.5,road_loopA_f0,xloopA_0Bb,2662.9,2703.1,40.2,478.8,42.8,0
463,car,4.5,road_loopA_r0,road_loopA_r1,2571.8,2703.4,131.6,1297.7,35.5,1
468,car,4.5,road_loopA_r0,road_loopA_r1,2575.8,2704.5,128.7,1298.3,36.3,1
465,car,4.5,xloopA_0Aa,road_loopA_r1,2573.9,2705.0,131.1,506.8,13.9,1
464,suv,4.8,road_loopA_r0,road_loopA_r1,2572.9,2706.3,133.4,1298.5,35.0,1
581,suv,4.8,road_loopA_f0,xloopA_0Bb,2666.3,2706.5,40.2,479.0,42.9,0
454,suv,4.8,road_loopA_r0,road_loopA_r1,2565.4,2706.6,141.2,1297.6,33.1,1
472,car,4.5,road_loopA_r0,road_loopA_r1,2581.9,2708.1,126.2,1297.3,37.0,1
458,car,4.5,road_loopA_r0,road_loopA_r1,2567.5,2708.3,140.8,1298.3,33.2,1
447,truck,8.5,road_loopA_r0,road_loopA_r1,2559.2,2710.5,151.3,1297.6,30.9,1
471,suv,4.8,road_loopA_r0,road_loopA_r1,2581.8,2710.7,128.9,1298.4,36.3,1
474,car,4.5,road_loopA_r0,road_loopA_r1,2584.1,2711.2,127.1,1298.4,36.8,1
450,truck,8.5,road_loopA_r0,road_loopA_r1,2561.7,2713.0,151.3,1297.6,30.9,1
478,car,4.5,road_loopA_r0,road_loopA_r1,2585.5,2714.1,128.6,1298.2,36.3,1
459,suv,4.8,road_loopA_r0,road_loopA_r1,2568.8,2714.4,145.6,1297.9,32.1,1
473,car,4.5,road_loopA_r0,road_loopA_r1,2583.0,2715.5,132.5,1298.4,35.3,1
469,car,4.5,road_loopA_r0,road_loopA_r1,2576.2,2716.3,140.1,1298.2,33.4,1
481,car,4.5,road_loopA_r0,road_loopA_r1,2586.9,2717.2,130.3,1298.2,35.9,1
476,car,4.5,road_loopA_r0,road_loopA_r1,2584.5,2717.3,132.8,1298.0,35.2,1
486,car,4.5,road_loopA_r0,road_loopA_r1,2590.1,2719.3,129.2,1298.7,36.2,1
485,car,4.5,road_loopA_r0,road_loopA_r1,2589.3,2719.7,130.4,1297.8,35.8,1
550,car,4.5,road_loopA_r0,xloopA_0Ab,2640.6,2719.9,79.3,869.0,39.4,0
487,suv,4.8,road_loopA_r0,road_loopA_r1,2592.5,2720.9,128.4,1297.6,36.4,1
489,car,4.5,road_loopA_r0,road_loopA_r1,2594.8,2721.0,126.2,1297.9,37.0,1
482,car,4.5,road_loopA_f0,road_loopA_f1,2587.0,2721.7,134.7,1303.7,34.8,1
508,car,4.5,road_loopA_r0,road_loopA_r1,2612.8,2722.6,109.8,1297.6,42.6,0
492,car,4.5,road_loopA_r0,road_loopA_r1,2598.8,2722.8,124.0,1298.2,37.7,1
498,suv,4.8,road_loopA_r0,road_loopA_r1,2605.2,2723.1,117.9,1298.4,39.7,0
503,car,4.5,road_loopA_r0,road_loopA_r1,2609.0,2724.9,115.9,1298.4,40.3,0
523,suv,4.8,road_loopA_r0,road_loopA_r1,2623.5,2725.1,101.6,1297.7,46.0,0
531,suv,4.8,road_loopA_r0,road_loopA_r1,2629.7,2725.3,95.6,1297.9,48.9,0
484,suv,4.8,road_loopA_f0,road_loopA_f1,2588.7,2726.0,137.3,1304.1,34.2,1
490,car,4.5,road_loopA_f0,road_loopA_f1,2596.7,2726.3,129.6,1303.8,36.2,1
513,car,4.5,road_loopA_r0,road_loopA_r1,2616.3,2727.3,111.0,1298.5,42.1,0
497,car,4.5,road_loopA_f0,road_loopA_f1,2604.4,2728.1,123.7,1302.8,37.9,1
538,car,4.5,road_loopA_r0,road_loopA_r1,2634.0,2728.9,94.9,1297.7,49.2,0
493,suv,4.8,road_loopA_r0,road_loopA_r1,2600.3,2729.3,129.0,1297.5,36.2,0
500,car,4.5,road_loopA_r0,road_loopA_r1,2606.2,2729.9,123.7,1297.6,37.8,0
488,car,4.5,road_loopA_f0,road_loopA_f1,2594.7,2730.4,135.7,1303.4,34.6,1
480,car,4.5,road_loopA_f0,road_loopA_f1,2586.9,2731.1,144.2,1302.9,32.5,1
502,suv,4.8,road_loopA_f0,road_loopA_f1,2606.5,2731.3,124.8,1303.6,37.6,1
521,car,4.5,road_loopA_r0,road_loopA_r1,2622.9,2732.2,109.3,1298.3,42.8,0
512,suv,4.8,road_loopA_r0,road_loopA_r1,2615.8,2732.7,116.9,1297.6,40.0,0
549,car,4.5,road_loopA_r0,xloopA_0Ab,2640.0,2735.3,95.3,869.3,32.9,1
522,car,4.5,road_loopA_r0,road_loopA_r1,2623.1,2736.2,113.1,1297.7,41.3,0
527,car,4.5,road_loopA_f0,road_loopA_f1,2627.8,2736.4,108.6,1303.3,43.2,1
494,suv,4.8,road_loopA_f0,road_loopA_f1,2601.9,2738.9,137.0,1303.3,34.2,1
514,truck,8.5,road_loopA_r0,road_loopA_r1,2618.9,2739.1,120.2,1297.6,38.9,0
501,truck,8.5,road_loopA_f0,road_loopA_f1,2606.4,2741.1,134.7,1303.1,34.8,1
519,suv,4.8,road_loopA_r0,road_loopA_r1,2621.6,2741.2,119.6,1298.1,39.1,0
529,truck,8.5,road_loopA_f0,road_loopA_f1,2628.1,2742.4,114.3,1303.8,41.1,0
507,car,4.5,road_loopA_r0,road_loopA_r1,2611.4,2742.7,131.3,1297.8,35.6,0
504,suv,4.8,road_loopA_f0,road_loopA_f1,2610.2,2743.0,132.8,1303.8,35.4,1
526,car,4.5,road_loopA_r0,road_loopA_r1,2627.4,2743.1,115.7,1298.4,40.4,0
506,car,4.5,road_loopA_f0,road_loopA_f1,2611.2,2743.2,132.0,1302.9,35.5,1
510,car,4.5,road_loopA_r0,road_loopA_r1,2614.9,2744.3,129.4,1297.6,36.1,0
535,suv,4.8,road_loopA_f0,road_loopA_f1,2632.8,2744.3,111.5,1303.0,42.1,0
551,suv,4.8,road_loopA_r0,road_loopA_r1,2640.5,2744.4,103.9,1297.8,45.0,0
534,truck,8.5,road_loopA_r0,road_loopA_r1,2632.2,2745.3,113.1,1298.5,41.3,0
511,car,4.5,road_loopA_f0,road_loopA_f1,2615.7,2745.4,129.7,1302.8,36.2,1
533,car,4.5,road_loopA_f0,road_loopA_f1,2632.2,2745.8,113.6,1303.0,41.3,0
518,car,4.5,road_loopA_r0,road_loopA_r1,2620.3,2746.0,125.7,1298.1,37.2,0
542,car,4.5,road_loopA_f0,road_loopA_f1,2635.4,2746.1,110.7,1302.8,42.4,0
567,suv,4.8,road_loopA_r0,road_loopA_r1,2652.1,2747.1,95.0,1297.6,49.2,0
470,car,4.5,road_loopA_r0,xloopA_0Bb,2580.8,2747.2,166.4,895.3,19.4,1
536,car,4.5,road_loopA_r0,road_loopA_r1,2633.6,2747.3,113.7,1298.0,41.1,0
483,car,4.5,road_loopA_f0,xloopA_0Ab,2587.1,2747.8,160.7,505.3,11.3,1
520,car,4.5,road_loopA_r0,road_loopA_r1,2621.8,2747.8,126.0,1298.4,37.1,0
552,suv,4.8,road_loopA_r0,road_loopA_r1,2642.7,2748.5,105.8,1298.2,44.2,0
553,car,4.5,road_loopA_r0,road_loopA_r1,2643.1,2749.2,106.1,1297.5,44.0,0
532,truck,8.5,road_loopA_r0,road_loopA_r1,2629.9,2749.9,120.0,1297.4,38.9,0
572,car,4.5,road_loopA_r0,xloopA_0Bb,2655.9,2749.9,94.0,895.7,34.3,2
496,car,4.5,road_loopA_f0,xloopA_0Ab,2602.8,2750.4,147.6,505.3,12.3,1
499,suv,4.8,road_loopA_f0,road_loopA_f1,2605.5,2750.8,145.3,1303.1,32.3,1
556,car,4.5,road_loopA_r0,road_loopA_r1,2643.6,2750.8,107.2,1298.0,43.6,0
568,car,4.5,road_loopA_r0,road_loopA_r1,2652.4,2750.9,98.5,1297.6,47.4,0
555,car,4.5,road_loopA_r0,road_loopA_r1,2643.4,2752.3,108.9,1298.5,42.9,0
569,car,4.5,road_loopA_r0,road_loopA_r1,2652.7,2752.7,100.0,1297.7,46.7,0
528,car,4.5,road_loopA_f0,xloopA_0Ab,2628.0,2753.0,125.0,505.0,14.5,1
574,car,4.5,road_loopA_r0,road_loopA_r1,2659.5,2754.3,94.8,1298.6,49.3,0
546,truck,8.5,road_loopA_r0,road_loopA_r1,2639.0,2754.8,115.8,1297.9,40.3,0
560,suv,4.8,road_loopA_r0,road_loopA_r1,2647.8,2756.2,108.4,1298.3,43.1,0
565,truck,8.5,road_loopA_f0,xloopA_0Ab,2651.0,2756.5,105.5,505.4,17.3,1
544,truck,8.5,road_loopA_f0,road_loopA_f1,2637.5,2757.6,120.1,1303.6,39.1,0
515,car,4.5,road_loopA_f0,road_loopA_f1,2619.2,2757.9,138.7,1303.5,33.8,0
579,car,4.5,road_loopA_r0,road_loopA_r1,2663.3,2757.9,94.6,1298.0,49.4,0
525,car,4.5,road_loopA_f0,road_loopA_f1,2627.0,2758.2,131.2,1303.1,35.8,1
557,truck,8.5,road_loopA_r0,road_loopA_r1,2644.7,2759.3,114.6,1297.7,40.8,1
547,car,4.5,road_loopA_f0,road_loopA_f1,2639.1,2759.9,120.8,1303.6,38.9,0
540,car,4.5,road_loopA_f0,road_loopA_f1,2634.6,2760.0,125.4,1303.6,37.4,0
563,suv,4.8,road_loopA_r0,road_loopA_r1,2649.5,2760.4,110.9,1298.2,42.1,0
545,car,4.5,road_loopA_f0,road_loopA_f1,2637.7,2761.6,123.9,1303.3,37.9,0
561,car,4.5,road_loopA_f0,road_loopA_f1,2648.2,2762.4,114.2,1303.7,41.1,0
573,car,4.5,xloopA_0Aa,xloopA_0Ab,2656.2,2763.7,107.5,84.6,2.8,1
558,car,4.5,road_loopA_f0,road_loopA_f1,2647.6,2764.4,116.8,1304.1,40.2,0
586,car,4.5,road_loopA_r0,road_loopA_r1,2675.4,2764.4,89.0,1297.3,52.5,0
539,suv,4.8,road_loopA_f0,road_loopA_f1,2634.5,2765.3,130.8,1303.2,35.9,0
597,car,4.5,xloopA_0Aa,xloopA_0Ab,2682.3,2765.9,83.6,84.0,3.6,1
570,suv,4.8,road_loopA_f0,road_loopA_f1,2652.9,2766.1,113.2,1303.0,41.4,0
690,car,4.5,xloopA_0Ba,xloopA_0Bb,2753.7,2766.5,12.8,84.4,23.7,0
559,suv,4.8,road_loopA_f0,road_loopA_f1,2647.7,2767.0,119.3,1303.0,39.3,0
583,suv,4.8,road_loopA_f0,road_loopA_f1,2668.3,2768.0,99.7,1304.2,47.1,0
564,truck,8.5,road_loopA_f0,road_loopA_f1,2650.6,2769.2,118.6,1302.8,39.6,0
580,car,4.5,road_loopA_f0,road_loopA_f1,2664.4,2769.8,105.4,1303.7,44.5,0
537,car,4.5,xloopA_0Aa,road_loopA_f1,2633.9,2770.1,136.2,872.5,23.1,0
700,car,4.5,xloopA_0Ba,xloopA_0Bb,2760.4,2771.1,10.7,84.2,28.4,0
575,car,4.5,road_loopA_f0,road_loopA_f1,2660.3,2771.2,110.9,1302.8,42.3,0
585,car,4.5,road_loopA_f0,road_loopA_f1,2674.1,2771.6,97.5,1303.3,48.1,0
479,suv,4.8,road_loopA_f0,road_loopA_f1,2586.6,2771.7,185.1,1302.8,25.3,1
649,car,4.5,xloopA_0Aa,xloopA_0Ab,2722.5,2772.3,49.8,84.5,6.1,0
582,suv,4.8,road_loopA_f0,road_loopA_f1,2667.7,2773.0,105.3,1304.0,44.6,0
491,suv,4.8,road_loopA_f0,road_loopA_f1,2598.8,2773.4,174.6,1303.3,26.9,1
588,car,4.5,road_loopA_f0,road_loopA_f1,2677.9,2773.4,95.5,1303.7,49.1,0
679,car,4.5,xloopA_0Aa,xloopA_0Ab,2744.1,2774.4,30.3,84.8,10.1,0
576,car,4.5,road_loopA_f0,road_loopA_f1,2660.6,2774.8,114.2,1303.8,41.1,0
495,car,4.5,road_loopA_f0,road_loopA_f1,2602.6,2775.1,172.5,1303.6,27.2,1
587,suv,4.8,road_loopA_f0,road_loopA_f1,2677.5,2775.2,97.7,1303.8,48.0,0
571,suv,4.8,road_loopA_f0,road_loopA_f1,2653.6,2776.5,122.9,1303.0,38.2,0
509,suv,4.8,road_loopA_f0,road_loopA_f1,2613.0,2776.8,163.8,1303.0,28.6,1
566,truck,8.5,road_loopA_f0,road_loopA_f1,2651.5,2778.4,126.9,1303.4,37.0,0
530,car,4.5,road_loopA_f0,road_loopA_f1,2629.1,2778.5,149.4,1302.8,31.4,0
543,car,4.5,road_loopA_f0,road_loopA_f1,2635.9,2779.4,143.5,1304.0,32.7,0
694,car,4.5,xloopA_0Aa,xloopA_0Ab,2756.9,2779.6,22.7,84.0,13.3,0
584,car,4.5,road_loopA_f0,road_loopA_f1,2670.8,2780.6,109.8,1303.5,42.7,0
548,suv,4.8,road_loopA_f0,road_loopA_f1,2639.9,2780.9,141.0,1302.8,33.3,0
598,truck,8.5,road_loopA_f0,road_loopA_f1,2682.6,2784.6,102.0,1303.4,46.0,0
605,car,4.5,road_loopA_f0,road_loopA_f1,2693.4,2786.0,92.6,1303.8,50.7,0
606,car,4.5,road_loopA_f0,road_loopA_f1,2693.9,2786.9,93.0,1303.0,50.5,0
607,car,4.5,road_loopA_f0,road_loopA_f1,2694.1,2787.7,93.6,1303.6,50.1,0
610,suv,4.8,road_loopA_f0,road_loopA_f1,2695.7,2789.5,93.8,1302.9,50.0,0
611,suv,4.8,road_loopA_f0,road_loopA_f1,2695.9,2790.3,94.4,1303.3,49.7,0
541,car,4.5,road_loopA_f0,road_loopA_f1,2634.8,2791.1,156.3,1303.2,30.0,0
609,car,4.5,road_loopA_f0,road_loopA_f1,2694.6,2792.0,97.4,1303.0,48.2,0
595,car,4.5,road_loopA_f0,road_loopA_f1,2681.7,2792.8,111.1,1303.7,42.3,0
600,car,4.5,road_loopA_f0,road_loopA_f1,2683.6,2794.5,110.9,1303.6,42.3,0
604,car,4.5,road_loopA_f0,road_loopA_f1,2690.0,2795.1,105.1,1303.7,44.7,0
613,truck,8.5,road_loopA_f0,road_loopA_f1,2696.2,2798.8,102.6,1303.7,45.8,0
590,car,4.5,road_loopA_r0,road_loopA_r1,2679.3,2814.3,135.0,1297.8,34.6,1
592,car,4.5,road_loopA_r0,road_loopA_r1,2679.6,2816.9,137.3,1297.3,34.0,1
602,suv,4.8,road_loopA_r0,road_loopA_r1,2687.0,2818.3,131.3,1298.4,35.6,1
596,suv,4.8,road_loopA_r0,road_loopA_r1,2682.1,2819.9,137.8,1298.2,33.9,1
578,car,4.5,road_loopA_r0,road_loopA_r1,2663.1,2820.3,157.2,1298.1,29.7,1
601,car,4.5,road_loopA_r0,road_loopA_r1,2684.9,2821.1,136.2,1297.7,34.3,1
593,suv,4.8,road_loopA_r0,road_loopA_r1,2680.2,2823.3,143.1,1298.2,32.7,1
591,truck,8.5,road_loopA_r0,road_loopA_r1,2679.4,2824.9,145.5,1297.4,32.1,1
726,car,4.5,road_loopA_f0,xloopA_0Bb,2786.8,2826.7,39.9,478.7,43.1,0
589,car,4.5,road_loopA_r0,road_loopA_r1,2679.2,2826.9,147.7,1298.0,31.6,1
632,car,4.5,road_loopA_r0,road_loopA_r1,2711.2,2827.5,116.3,1297.3,40.2,1
562,car,4.5,xloopA_0Ba,road_loopA_r1,2648.7,2827.8,179.1,476.3,9.6,1
603,car,4.5,road_loopA_r0,road_loopA_r1,2687.2,2829.0,141.8,1297.7,32.9,1
642,suv,4.8,road_loopA_r0,road_loopA_r1,2717.5,2829.3,111.8,1298.1,41.8,1
594,car,4.5,road_loopA_r0,road_loopA_r1,2681.5,2830.3,148.8,1297.5,31.4,1
612,truck,8.5,road_loopA_r0,road_loopA_r1,2696.1,2831.4,135.3,1297.4,34.5,1
644,car,4.5,road_loopA_r0,road_loopA_r1,2719.8,2831.5,111.7,1298.4,41.8,1
599,car,4.5,road_loopA_r0,road_loopA_r1,2682.6,2832.0,149.4,1298.2,31.3,1
652,car,4.5,road_loopA_r0,road_loopA_r1,2723.3,2833.3,110.0,1298.6,42.5,0
636,car,4.5,road_loopA_r0,road_loopA_r1,2713.7,2833.4,119.7,1298.2,39.0,1
608,car,4.5,road_loopA_r0,road_loopA_r1,2694.1,2833.8,139.7,1298.0,33.4,1
650,car,4.5,road_loopA_r0,road_loopA_r1,2722.6,2835.0,112.4,1298.5,41.6,0
633,car,4.5,road_loopA_r0,road_loopA_r1,2711.4,2835.1,123.7,1298.0,37.8,1
615,truck,8.5,road_loopA_r0,road_loopA_r1,2698.9,2835.9,137.0,1297.5,34.1,1
736,car,4.5,road_loopA_f0,xloopA_0Bb,2795.9,2836.5,40.6,478.7,42.4,0
638,suv,4.8,road_loopA_r0,road_loopA_r1,2714.5,2837.0,122.5,1298.1,38.1,1
623,suv,4.8,road_loopA_r0,road_loopA_r1,2705.2,2837.9,132.7,1297.7,35.2,1
648,suv,4.8,road_loopA_r0,road_loopA_r1,2721.3,2838.9,117.6,1297.5,39.7,0
662,car,4.5,road_loopA_r0,road_loopA_r1,2730.3,2839.1,108.8,1297.4,42.9,0
631,car,4.5,road_loopA_r0,road_loopA_r1,2710.5,2839.7,129.2,1298.4,36.2,1
742,car,4.5,road_loopA_f0,xloopA_0Bb,2802.6,2840.3,37.7,478.9,45.7,0
663,suv,4.8,road_loopA_r0,road_loopA_r1,2732.1,2840.8,108.7,1297.7,43.0,0
619,car,4.5,road_loopA_f0,road_loopA_f1,2701.3,2841.0,139.7,1303.9,33.6,1
653,car,4.5,road_loopA_r0,road_loopA_r1,2723.6,2842.6,119.0,1297.7,39.2,1
622,suv,4.8,road_loopA_f0,road_loopA_f1,2702.5,2843.2,140.7,1302.8,33.3,1
627,suv,4.8,road_loopA_f0,road_loopA_f1,2707.8,2844.2,136.4,1303.6,34.4,1
647,truck,8.5,road_loopA_r0,road_loopA_r1,2721.0,2844.7,123.7,1297.4,37.7,0
657,car,4.5,road_loopA_r0,road_loopA_r1,2727.9,2844.7,116.8,1298.4,40.0,0
686,suv,4.8,road_loopA_r0,road_loopA_r1,2750.9,2845.0,94.1,1297.5,49.7,0
682,suv,4.8,road_loopA_r0,xloopA_0Ab,2746.5,2845.6,99.1,869.3,31.6,1
673,car,4.5,road_loopA_r0,road_loopA_r1,2739.1,2846.3,107.2,1297.9,43.6,0
692,car,4.5,road_loopA_r0,road_loopA_r1,2754.3,2848.4,94.1,1297.6,49.6,0
688,car,4.5,road_loopA_r0,road_loopA_r1,2752.4,2851.1,98.7,1297.7,47.4,0
666,car,4.5,road_loopA_r0,road_loopA_r1,2733.5,2852.0,118.5,1298.1,39.4,0
699,car,4.5,road_loopA_r0,road_loopA_r1,2759.4,2852.1,92.7,1297.5,50.4,0
665,suv,4.8,road_loopA_r0,road_loopA_r1,2733.4,2852.8,119.4,1298.1,39.1,0
684,car,4.5,road_loopA_r0,road_loopA_r1,2748.6,2853.6,105.0,1298.2,44.5,0
656,car,4.5,road_loopA_f0,road_loopA_f1,2726.3,2854.1,127.8,1303.3,36.7,1
696,suv,4.8,road_loopA_r0,road_loopA_r1,2758.5,2854.7,96.2,1298.3,48.6,0
630,suv,4.8,road_loopA_f0,road_loopA_f1,2710.0,2854.8,144.8,1303.7,32.4,1
702,car,4.5,road_loopA_r0,road_loopA_r1,2761.0,2854.8,93.8,1298.3,49.8,0
687,car,4.5,road_loopA_r0,road_loopA_r1,2751.1,2855.3,104.2,1298.2,44.9,0
646,car,4.5,road_loopA_f0,road_loopA_f1,2720.6,2856.6,136.0,1303.7,34.5,1
693,car,4.5,road_loopA_r0,road_loopA_r1,2755.0,2856.8,101.8,1298.1,45.9,0
664,suv,4.8,road_loopA_f0,road_loopA_f1,2732.8,2857.0,124.2,1303.6,37.8,1
689,car,4.5,road_loopA_r0,road_loopA_r1,2752.8,2857.1,104.3,1298.3,44.8,0
707,suv,4.8,road_loopA_r0,road_loopA_r1,2768.1,2857.4,89.3,1298.3,52.3,0
659,suv,4.8,road_loopA_f0,road_loopA_f1,2728.5,2858.4,129.9,1303.1,36.1,1
698,car,4.5,road_loopA_r0,road_loopA_r1,2759.0,2859.1,100.1,1298.1,46.7,0
670,car,4.5,road_loopA_f0,road_loopA_f1,2736.4,2859.8,123.4,1302.9,38.0,1
710,car,4.5,road_loopA_r0,road_loopA_r1,2771.5,2861.3,89.8,1298.5,52.1,0
629,car,4.5,road_loopA_f0,road_loopA_f1,2709.1,2862.6,153.5,1303.6,30.6,1
713,suv,4.8,road_loopA_r0,road_loopA_r1,2774.4,2863.9,89.5,1298.5,52.2,0
618,car,4.5,road_loopA_r0,xloopA_0Bb,2701.0,2865.4,164.4,895.8,19.6,1
716,car,4.5,road_loopA_r0,road_loopA_r1,2775.9,2865.7,89.8,1297.3,52.0,0
616,car,4.5,road_loopA_f0,xloopA_0Ab,2699.5,2865.9,166.4,505.3,10.9,1
683,bus,11.0,road_loopA_r0,road_loopA_r1,2747.4,2866.6,119.2,1297.3,39.2,1
718,suv,4.8,road_loopA_r0,road_loopA_r1,2778.2,2867.2,89.0,1298.5,52.5,0
624,suv,4.8,road_loopA_f0,road_loopA_f1,2706.4,2868.5,162.1,1303.5,29.0,1
714,suv,4.8,road_loopA_f0,xloopA_0Ab,2775.3,2868.5,93.2,505.4,19.5,1
634,truck,8.5,road_loopA_r0,xloopA_0Bb,2711.6,2868.7,157.1,895.2,20.5,1
719,car,4.5,road_loopA_r0,road_loopA_r1,2778.5,2870.2,91.7,1297.3,50.9,0
760,car,4.5,road_loopA_f0,xloopA_0Ab,2816.8,2871.2,54.4,505.3,33.5,0
671,car,4.5,road_loopA_r0,xloopA_0Bb,2737.4,2871.8,134.4,895.6,24.0,1
628,car,4.5,road_loopA_f0,road_loopA_f1,2708.8,2872.6,163.8,1303.0,28.6,1
678,suv,4.8,road_loopA_r0,xloopA_0Bb,2743.7,2874.5,130.8,895.6,24.6,1
643,car,4.5,road_loopA_f0,road_loopA_f1,2717.7,2874.6,156.9,1303.1,29.9,1
672,car,4.5,road_loopA_f0,road_loopA_f1,2738.9,2876.2,137.3,1303.1,34.2,1
676,car,4.5,road_loopA_f0,road_loopA_f1,2741.9,2878.0,136.1,1303.0,34.5,1
655,car,4.5,xloopA_0Ba,road_loopA_f1,2725.2,2878.3,153.1,902.8,21.2,1
723,suv,4.8,road_loopA_r0,road_loopA_r1,2782.2,2878.5,96.3,1298.6,48.6,0
680,suv,4.8,road_loopA_f0,road_loopA_f1,2744.1,2879.8,135.7,1303.6,34.6,1
637,car,4.5,road_loopA_f0,road_loopA_f1,2713.8,2880.0,166.2,1303.5,28.2,1
626,car,4.5,xloopA_0Aa,road_loopA_f1,2707.5,2880.5,173.0,872.2,18.2,1
730,car,4.5,xloopA_0Ba,xloopA_0Bb,2788.7,2881.0,92.3,84.5,3.3,1
720,car,4.5,xloopA_0Aa,xloopA_0Ab,2779.8,2881.3,101.5,84.7,3.0,1
667,car,4.5,road_loopA_f0,road_loopA_f1,2734.9,2881.6,146.7,1302.9,32.0,1
681,car,4.5,road_loopA_f0,road_loopA_f1,2745.3,2881.6,136.3,1303.8,34.4,0
635,car,4.5,xloopA_0Aa,road_loopA_f1,2713.0,2882.5,169.5,872.0,18.5,0
661,car,4.5,road_loopA_f0,road_loopA_f1,2729.3,2883.3,154.0,1303.7,30.5,1
685,car,4.5,road_loopA_f0,road_loopA_f1,2750.4,2883.4,133.0,1303.7,35.3,2
724,car,4.5,xloopA_0Aa,xloopA_0Ab,2783.9,2883.5,99.6,84.1,3.0,1
621,car,4.5,road_loopA_f0,road_loopA_f1,2702.0,2884.3,182.3,1303.9,25.7,1
695,suv,4.8,road_loopA_f0,road_loopA_f1,2757.2,2884.9,127.7,1302.8,36.7,0
669,car,4.5,road_loopA_f0,road_loopA_f1,2736.1,2885.1,149.0,1303.5,31.5,1
620,truck,8.5,road_loopA_f0,road_loopA_f1,2701.5,2886.5,185.0,1303.2,25.4,1
703,car,4.5,road_loopA_f0,road_loopA_f1,2763.5,2886.8,123.3,1303.6,38.1,0
660,car,4.5,road_loopA_f0,road_loopA_f1,2728.9,2886.9,158.0,1303.6,29.7,1
765,car,4.5,xloopA_0Aa,xloopA_0Ab,2821.0,2888.3,67.3,84.1,4.5,0
625,suv,4.8,road_loopA_f0,road_loopA_f1,2707.3,2888.5,181.2,1303.7,25.9,1
706,suv,4.8,road_loopA_f0,road_loopA_f1,2765.0,2888.6,123.6,1303.5,38.0,0
654,car,4.5,road_loopA_f0,road_loopA_f1,2724.7,2888.7,164.0,1303.4,28.6,1
641,car,4.5,road_loopA_f0,road_loopA_f1,2716.0,2890.2,174.2,1303.6,26.9,1
677,suv,4.8,road_loopA_f0,road_loopA_f1,2742.1,2890.5,148.4,1303.1,31.6,1
709,suv,4.8,road_loopA_f0,road_loopA_f1,2771.4,2890.5,119.1,1304.1,39.4,0
639,suv,4.8,road_loopA_f0,road_loopA_f1,2714.6,2892.0,177.4,1303.8,26.5,1
715,car,4.5,road_loopA_f0,road_loopA_f1,2775.8,2892.3,116.5,1303.4,40.3,0
701,car,4.5,road_loopA_f0,road_loopA_f1,2761.1,2892.4,131.3,1303.3,35.7,0
645,suv,4.8,road_loopA_f0,road_loopA_f1,2720.5,2893.7,173.2,1303.2,27.1,1
729,car,4.5,road_loopA_f0,road_loopA_f1,2788.6,2894.2,105.6,1304.1,44.4,0
697,car,4.5,road_loopA_f0,road_loopA_f1,2758.9,2894.3,135.4,1302.8,34.6,0
651,car,4.5,road_loopA_f0,road_loopA_f1,2722.9,2895.5,172.6,1303.6,27.2,1
712,car,4.5,road_loopA_f0,road_loopA_f1,2774.4,2896.1,121.7,1304.0,38.6,0
737,car,4.5,road_loopA_f0,road_loopA_f1,2797.4,2896.1,98.7,1304.0,47.5,0
815,car,4.5,xloopA_0Aa,xloopA_0Ab,2859.4,2896.6,37.2,84.7,8.2,0
658,car,4.5,road_loopA_f0,road_loopA_f1,2728.0,2897.8,169.8,1303.3,27.6,1
722,car,4.5,road_loopA_f0,road_loopA_f1,2781.4,2897.9,116.5,1304.1,40.3,0
739,car,4.5,road_loopA_f0,road_loopA_f1,2797.5,2898.2,100.7,1303.5,46.6,0
675,car,4.5,road_loopA_f0,road_loopA_f1,2740.0,2899.7,159.7,1303.1,29.4,1
732,car,4.5,road_loopA_f0,road_loopA_f1,2794.1,2899.7,105.6,1303.8,44.5,0
749,car,4.5,road_loopA_f0,road_loopA_f1,2808.7,2900.0,91.3,1303.9,51.4,0
705,car,4.5,road_loopA_f0,road_loopA_f1,2765.0,2901.4,136.4,1303.0,34.4,0
708,suv,4.8,road_loopA_f0,road_loopA_f1,2769.4,2902.1,132.7,1303.6,35.4,0
741,car,4.5,road_loopA_f0,road_loopA_f1,2798.1,2903.0,104.9,1303.5,44.7,0
750,suv,4.8,road_loopA_f0,road_loopA_f1,2808.9,2903.9,95.0,1304.0,49.4,0
704,truck,8.5,road_loopA_f0,road_loopA_f1,2764.5,2904.0,139.5,1303.8,33.6,0
721,truck,8.5,road_loopA_f0,road_loopA_f1,2780.1,2904.2,124.1,1303.0,37.8,0
711,suv,4.8,road_loopA_f0,road_loopA_f1,2772.4,2906.0,133.6,1303.2,35.1,0
744,truck,8.5,road_loopA_f0,road_loopA_f1,2803.2,2906.8,103.6,1304.0,45.3,0
753,car,4.5,road_loopA_f0,road_loopA_f1,2812.4,2908.0,95.6,1302.9,49.1,0
754,car,4.5,road_loopA_f0,road_loopA_f1,2813.1,2909.8,96.7,1303.0,48.5,0
752,suv,4.8,road_loopA_f0,road_loopA_f1,2811.3,2912.0,100.7,1303.5,46.6,0
717,truck,8.5,road_loopA_r0,xloopA_0Ab,2777.7,2914.5,136.8,868.8,22.9,2
617,bus,11.0,road_loopA_f0,road_loopA_f1,2700.1,2914.7,214.6,1303.0,21.9,3
768,car,4.5,road_loopA_f0,xloopA_0Bb,2823.6,2914.9,91.3,478.6,18.9,1
614,bus,11.0,road_loopA_f0,road_loopA_f1,2697.1,2919.9,222.8,1303.1,21.1,3
792,car,4.5,road_loopA_f0,xloopA_0Bb,2842.3,2921.8,79.5,478.5,21.7,2
766,car,4.5,road_loopA_r0,xloopA_0Ab,2821.1,2922.2,101.1,869.1,31.0,1
829,suv,4.8,road_loopA_f0,xloopA_0Bb,2870.4,2928.8,58.4,478.9,29.5,0
848,truck,8.5,road_loopA_f0,xloopA_0Bb,2890.9,2938.1,47.2,478.8,36.5,0
832,car,4.5,xloopA_0Ba,road_loopA_r1,2871.5,2938.7,67.2,476.4,25.5,0
734,suv,4.8,road_loopA_r0,road_loopA_r1,2795.3,2939.1,143.8,1297.4,32.5,1
740,suv,4.8,road_loopA_r0,road_loopA_r1,2797.9,2940.8,142.9,1298.0,32.7,1
735,suv,4.8,road_loopA_r0,road_loopA_r1,2795.4,2943.1,147.7,1297.9,31.6,1
668,bus,11.0,road_loopA_f0,road_loopA_f1,2735.5,2943.4,207.9,1303.2,22.6,4
738,car,4.5,road_loopA_r0,road_loopA_r1,2797.4,2944.7,147.3,1298.6,31.7,1
812,car,4.5,xloopA_0Aa,road_loopA_r1,2856.8,2945.5,88.7,507.1,20.6,0
747,car,4.5,road_loopA_r0,road_loopA_r1,2807.5,2946.4,138.9,1298.6,33.7,1
743,car,4.5,road_loopA_r0,road_loopA_r1,2802.8,2947.8,145.0,1297.3,32.2,1
746,car,4.5,road_loopA_r0,road_loopA_r1,2804.9,2948.8,143.9,1298.5,32.5,1
759,car,4.5,road_loopA_r0,road_loopA_r1,2816.3,2949.1,132.8,1297.3,35.2,1
731,car,4.5,road_loopA_r0,road_loopA_r1,2794.0,2951.7,157.7,1298.2,29.6,1
756,car,4.5,road_loopA_r0,road_loopA_r1,2814.7,2953.5,138.8,1297.6,33.7,1
772,suv,4.8,road_loopA_r0,road_loopA_r1,2827.0,2953.5,126.5,1297.9,36.9,1
795,car,4.5,xloopA_0Aa,road_loopA_r1,2843.7,2954.3,110.6,506.8,16.5,0
761,car,4.5,road_loopA_r0,road_loopA_r1,2818.2,2955.3,137.1,1298.4,34.1,1
782,car,4.5,road_loopA_r0,road_loopA_r1,2836.0,2956.7,120.7,1298.4,38.7,1
745,truck,8.5,road_loopA_r0,road_loopA_r1,2804.2,2956.8,152.6,1297.9,30.6,1
777,suv,4.8,road_loopA_r0,road_loopA_r1,2833.8,2957.0,123.2,1297.9,37.9,1
748,suv,4.8,road_loopA_r0,road_loopA_r1,2807.9,2958.8,150.9,1297.3,30.9,1
781,car,4.5,road_loopA_r0,road_loopA_r1,2835.2,2959.1,123.9,1298.0,37.7,1
758,car,4.5,road_loopA_r0,road_loopA_r1,2816.2,2960.6,144.4,1297.6,32.4,1
801,car,4.5,road_loopA_r0,road_loopA_r1,2847.0,2960.7,113.7,1298.0,41.1,1
764,car,4.5,road_loopA_r0,road_loopA_r1,2819.8,2961.9,142.1,1298.0,32.9,1
786,car,4.5,road_loopA_r0,road_loopA_r1,2839.6,2963.3,123.7,1298.2,37.8,0
814,car,4.5,road_loopA_r0,road_loopA_r1,2859.2,2963.9,104.7,1298.4,44.6,0
776,truck,8.5,road_loopA_r0,road_loopA_r1,2833.3,2964.0,130.7,1298.6,35.8,1
807,suv,4.8,road_loopA_r0,road_loopA_r1,2852.2,2965.0,112.8,1298.2,41.4,0
784,car,4.5,road_loopA_r0,road_loopA_r1,2837.4,2966.0,128.6,1298.2,36.4,1
819,suv,4.8,road_loopA_r0,road_loopA_r1,2863.4,2966.8,103.4,1298.1,45.2,0
835,suv,4.8,road_loopA_r0,xloopA_0Ab,2873.0,2967.2,94.2,869.6,33.2,1
733,bus,11.0,road_loopA_r0,road_loopA_r1,2794.7,2967.5,172.8,1298.3,27.1,2
788,car,4.5,road_loopA_r0,road_loopA_r1,2840.5,2967.8,127.3,1298.6,36.7,1
821,suv,4.8,road_loopA_r0,road_loopA_r1,2863.5,2968.8,105.3,1298.2,44.4,0
822,car,4.5,road_loopA_r0,road_loopA_r1,2863.6,2969.2,105.6,1298.6,44.3,0
799,car,4.5,road_loopA_r0,road_loopA_r1,2846.3,2969.5,123.2,1297.3,37.9,1
859,car,4.5,road_loopA_r0,xloopA_0Ab,2898.6,2970.7,72.1,869.6,43.4,0
825,car,4.5,road_loopA_r0,road_loopA_r1,2868.9,2970.9,102.0,1297.4,45.8,0
798,car,4.5,road_loopA_r0,road_loopA_r1,2846.0,2971.6,125.6,1298.2,37.2,0
830,car,4.5,road_loopA_r0,road_loopA_r1,2870.3,2972.3,102.0,1297.7,45.8,0
763,car,4.5,road_loopA_f0,road_loopA_f1,2819.0,2973.9,154.9,1303.4,30.3,1
869,car,4.5,road_loopA_r0,xloopA_0Ab,2907.2,2973.9,66.7,869.4,46.9,0
823,car,4.5,road_loopA_r0,road_loopA_r1,2864.4,2975.0,110.6,1298.1,42.2,0
771,suv,4.8,road_loopA_f0,road_loopA_f1,2826.0,2975.6,149.6,1303.2,31.4,1
831,car,4.5,road_loopA_r0,road_loopA_r1,2870.7,2976.7,106.0,1298.0,44.1,0
843,car,4.5,road_loopA_r0,road_loopA_r1,2881.5,2976.7,95.2,1297.4,49.1,0
779,car,4.5,road_loopA_f0,road_loopA_f1,2834.6,2977.4,142.8,1303.7,32.9,1
837,suv,4.8,road_loopA_r0,road_loopA_r1,2874.1,2978.3,104.2,1297.4,44.8,0
845,car,4.5,road_loopA_r0,road_loopA_r1,2887.4,2979.3,91.9,1297.3,50.8,0
796,car,4.5,road_loopA_r0,road_loopA_r1,2844.8,2979.4,134.6,1297.6,34.7,0
840,car,4.5,road_loopA_r0,road_loopA_r1,2875.9,2980.1,104.2,1298.6,44.9,0
833,car,4.5,road_loopA_r0,road_loopA_r1,2871.9,2981.2,109.3,1298.0,42.7,0
727,car,4.5,xloopA_0Aa,road_loopA_f1,2787.3,2981.3,194.0,872.5,16.2,1
842,car,4.5,road_loopA_r0,road_loopA_r1,2880.0,2981.9,101.9,1298.5,45.9,0
767,car,4.5,road_loopA_r0,road_loopA_r1,2821.6,2982.3,160.7,1297.3,29.1,1
847,suv,4.8,road_loopA_r0,road_loopA_r1,2890.5,2983.6,93.1,1298.0,50.2,0
770,suv,4.8,road_loopA_f0,road_loopA_f1,2824.9,2983.8,158.9,1303.8,29.5,1
762,car,4.5,road_loopA_f0,road_loopA_f1,2818.5,2985.4,166.9,1303.0,28.1,1
852,suv,4.8,road_loopA_r0,road_loopA_r1,2891.5,2985.4,93.9,1298.5,49.8,0
849,car,4.5,road_loopA_r0,road_loopA_r1,2890.9,2985.7,94.8,1298.0,49.3,0
789,suv,4.8,road_loopA_f0,road_loopA_f1,2841.0,2987.1,146.1,1302.8,32.1,1
780,suv,4.8,road_loopA_f0,road_loopA_f1,2834.8,2987.3,152.5,1303.6,30.8,1
850,suv,4.8,road_loopA_r0,road_loopA_r1,2891.0,2987.6,96.6,1298.2,48.4,0
794,car,4.5,road_loopA_f0,road_loopA_f1,2843.6,2988.7,145.1,1303.8,32.3,1
857,suv,4.8,road_loopA_r0,road_loopA_r1,2895.9,2988.8,92.9,1297.9,50.3,0
769,bus,11.0,road_loopA_r0,road_loopA_r1,2824.5,2989.9,165.4,1297.3,28.2,2
808,car,4.5,road_loopA_f0,road_loopA_f1,2853.8,2990.2,136.4,1303.7,34.4,1
860,suv,4.8,road_loopA_r0,road_loopA_r1,2900.7,2990.4,89.7,1298.5,52.1,0
791,car,4.5,road_loopA_f0,road_loopA_f1,2841.8,2990.9,149.1,1304.2,31.5,1
810,suv,4.8,road_loopA_f0,road_loopA_f1,2855.6,2992.0,136.4,1303.8,34.4,1
674,car,4.5,road_loopA_r0,xloopA_0Bb,2739.8,2992.5,252.7,895.6,12.8,2
755,car,4.5,xloopA_0Ba,road_loopA_f1,2813.6,2992.7,179.1,902.7,18.1,1
839,suv,4.8,road_loopA_r0,road_loopA_r1,2875.7,2993.0,117.3,1297.8,39.8,0
793,car,4.5,road_loopA_f0,xloopA_0Ab,2843.1,2993.1,150.0,505.2,12.1,1
816,car,4.5,road_loopA_f0,road_loopA_f1,2859.4,2993.8,134.4,1303.6,34.9,1
802,car,4.5,road_loopA_f0,road_loopA_f1,2847.2,2994.6,147.4,1303.7,31.8,1
862,car,4.5,road_loopA_r0,road_loopA_r1,2902.4,2995.5,93.1,1298.5,50.2,0
824,car,4.5,road_loopA_f0,road_loopA_f1,2867.1,2995.6,128.5,1303.9,36.5,1
800,car,4.5,road_loopA_f0,xloopA_0Ab,2846.4,2995.7,149.3,505.2,12.2,1
691,truck,8.5,road_loopA_r0,xloopA_0Bb,2754.0,2995.9,241.9,896.0,13.3,2
809,car,4.5,road_loopA_f0,road_loopA_f1,2854.8,2996.3,141.5,1304.1,33.2,1
805,car,4.5,road_loopA_f0,road_loopA_f1,2851.6,2998.0,146.4,1302.9,32.0,1
834,car,4.5,road_loopA_f0,xloopA_0Ab,2872.7,2998.3,125.6,505.0,14.5,1
725,suv,4.8,road_loopA_r0,xloopA_0Bb,2785.2,2999.0,213.8,896.0,15.1,2
813,car,4.5,road_loopA_f0,road_loopA_f1,2858.7,2999.2,140.5,1303.2,33.4,1
773,car,4.5,xloopA_0Aa,road_loopA_f1,2827.3,2999.8,172.5,872.5,18.2,0
811,car,4.5,road_loopA_f0,road_loopA_f1,2856.0,3000.2,144.2,1303.6,32.5,1
818,car,4.5,road_loopA_f0,road_loopA_f1,2861.5,3001.2,139.7,1302.8,33.6,1
817,truck,8.5,road_loopA_f0,road_loopA_f1,2861.1,3001.4,140.3,1303.7,33.5,1
757,car,4.5,road_loopA_f0,road_loopA_f1,2814.9,3001.5,186.6,1303.1,25.1,1
836,truck,8.5,road_loopA_f0,road_loopA_f1,2873.3,3003.4,130.1,1303.4,36.1,1
855,suv,4.8,road_loopA_f0,road_loopA_f1,2894.8,3003.6,108.8,1303.4,43.1,0
775,truck,8.5,road_loopA_f0,road_loopA_f1,2832.6,3003.7,171.1,1303.7,27.4,1
828,car,4.5,road_loopA_f0,road_loopA_f1,2869.6,3005.4,135.8,1303.4,34.5,1
846,car,4.5,road_loopA_f0,road_loopA_f1,2887.7,3005.4,117.7,1303.9,39.9,0
797,car,4.5,road_loopA_f0,road_loopA_f1,2845.4,3005.7,160.3,1304.1,29.3,1
875,car,4.5,road_loopA_r0,road_loopA_r1,2917.2,3006.2,89.0,1297.3,52.5,0
871,car,4.5,xloopA_0Ba,xloopA_0Bb,2912.3,3006.3,94.0,84.4,3.2,1
921,car,4.5,xloopA_0Aa,xloopA_0Ab,2960.9,3007.2,46.3,84.0,6.5,1
838,car,4.5,road_loopA_f0,road_loopA_f1,2874.5,3007.3,132.8,1303.8,35.3,1
863,suv,4.8,road_loopA_f0,road_loopA_f1,2902.7,3007.3,104.6,1303.1,44.8,0
803,truck,8.5,road_loopA_f0,road_loopA_f1,2847.9,3007.9,160.0,1304.0,29.3,1
841,car,4.5,road_loopA_f0,road_loopA_f1,2876.2,3008.5,132.3,1302.9,35.5,1
870,car,4.5,road_loopA_f0,road_loopA_f1,2907.6,3009.1,101.5,1303.5,46.2,0
929,car,4.5,xloopA_0Aa,xloopA_0Ab,2966.3,3009.5,43.2,84.4,7.0,1
820,truck,8.5,road_loopA_f0,road_loopA_f1,2863.4,3010.3,146.9,1303.8,32.0,1
865,car,4.5,road_loopA_f0,road_loopA_f1,2904.2,3010.9,106.7,1303.7,44.0,0
826,car,4.5,road_loopA_f0,road_loopA_f1,2869.0,3011.3,142.3,1303.6,33.0,1
844,car,4.5,road_loopA_f0,road_loopA_f1,2883.6,3013.8,130.2,1303.2,36.0,0
851,suv,4.8,road_loopA_f0,road_loopA_f1,2891.5,3014.0,122.5,1303.0,38.3,0
854,car,4.5,road_loopA_f0,road_loopA_f1,2894.4,3015.0,120.6,1303.3,38.9,0
856,car,4.5,road_loopA_f0,road_loopA_f1,2895.1,3016.9,121.8,1303.9,38.6,0
804,suv,4.8,road_loopA_f0,road_loopA_f1,2848.6,3017.6,169.0,1303.7,27.8,1
783,car,4.5,road_loopA_f0,road_loopA_f1,2836.1,3017.9,181.8,1303.0,25.8,1
864,car,4.5,road_loopA_f0,road_loopA_f1,2903.4,3018.6,115.2,1303.1,40.7,0
790,car,4.5,road_loopA_f0,road_loopA_f1,2841.2,3019.6,178.4,1303.6,26.3,1
866,suv,4.8,road_loopA_f0,road_loopA_f1,2904.3,3021.6,117.3,1303.8,40.0,0
853,suv,4.8,road_loopA_f0,road_loopA_f1,2893.5,3021.7,128.2,1303.6,36.6,0
861,truck,8.5,road_loopA_f0,road_loopA_f1,2900.9,3023.1,122.2,1303.0,38.4,0
878,suv,4.8,road_loopA_f0,road_loopA_f1,2918.3,3023.3,105.0,1303.4,44.7,0
926,car,4.5,road_loopA_f0,xloopA_0Bb,2965.0,3024.7,59.7,478.9,28.9,1
872,truck,8.5,road_loopA_f0,road_loopA_f1,2914.6,3025.1,110.5,1303.7,42.5,0
885,car,4.5,road_loopA_f0,road_loopA_f1,2924.6,3025.2,100.6,1303.5,46.6,0
882,suv,4.8,road_loopA_f0,road_loopA_f1,2921.7,3027.0,105.3,1303.6,44.6,0
891,suv,4.8,road_loopA_f0,road_loopA_f1,2932.4,3028.1,95.7,1303.7,49.1,0
897,car,4.5,road_loopA_f0,road_loopA_f1,2937.2,3029.2,92.0,1304.0,51.0,0
899,car,4.5,road_loopA_f0,road_loopA_f1,2937.9,3029.8,91.9,1303.2,51.0,0
939,car,4.5,road_loopA_f0,xloopA_0Bb,2973.2,3031.0,57.8,478.8,29.8,1
902,car,4.5,road_loopA_f0,road_loopA_f1,2939.5,3032.0,92.5,1303.9,50.8,0
887,car,4.5,road_loopA_f0,road_loopA_f1,2928.1,3033.1,105.0,1303.8,44.7,0
951,suv,4.8,road_loopA_f0,xloopA_0Bb,2982.6,3034.7,52.1,479.1,33.1,0
774,car,4.5,xloopA_0Ba,road_loopA_f1,2829.2,3034.9,205.7,902.8,15.8,1
867,car,4.5,road_loopA_f0,road_loopA_f1,2904.8,3036.0,131.2,1303.5,35.8,0
827,truck,8.5,road_loopA_f0,road_loopA_f1,2868.9,3037.2,168.3,1303.4,27.9,1
938,car,4.5,road_loopA_r0,xloopA_0Ab,2971.6,3039.5,67.9,869.1,46.1,0
906,car,4.5,road_loopA_f0,road_loopA_f1,2943.4,3042.5,99.1,1303.9,47.4,0
974,car,4.5,road_loopA_f0,xloopA_0Bb,2997.4,3043.4,46.0,478.6,37.4,0
874,car,4.5,road_loopA_r0,road_loopA_r1,2916.9,3051.0,134.1,1297.8,34.9,1
876,car,4.5,road_loopA_r0,road_loopA_r1,2917.3,3052.2,134.9,1297.6,34.6,1
918,suv,4.8,road_loopA_r0,xloopA_0Ab,2954.2,3052.4,98.2,869.3,31.9,1
880,car,4.5,road_loopA_r0,road_loopA_r1,2919.6,3052.7,133.1,1298.1,35.1,1
806,bus,11.0,road_loopA_f0,road_loopA_f1,2851.9,3053.5,201.6,1303.2,23.3,3
889,car,4.5,road_loopA_r0,road_loopA_r1,2928.5,3055.0,126.5,1298.5,36.9,1
886,car,4.5,road_loopA_r0,road_loopA_r1,2927.0,3056.1,129.1,1297.2,36.2,1
895,car,4.5,road_loopA_r0,road_loopA_r1,2935.2,3058.1,122.9,1298.4,38.0,1
898,car,4.5,road_loopA_r0,road_loopA_r1,2937.4,3058.2,120.8,1298.4,38.7,1
896,suv,4.8,road_loopA_r0,road_loopA_r1,2935.6,3059.8,124.2,1298.7,37.6,1
908,suv,4.8,road_loopA_r0,road_loopA_r1,2946.4,3062.2,115.8,1298.2,40.3,1
879,car,4.5,road_loopA_r0,road_loopA_r1,2919.3,3062.7,143.4,1298.6,32.6,1
881,car,4.5,road_loopA_r0,road_loopA_r1,2921.6,3064.2,142.6,1298.5,32.8,1
893,car,4.5,road_loopA_r0,road_loopA_r1,2934.6,3065.9,131.3,1297.2,35.6,1
905,suv,4.8,road_loopA_r0,road_loopA_r1,2941.1,3066.4,125.3,1297.3,37.3,1
907,car,4.5,xloopA_0Aa,road_loopA_r1,2946.1,3067.2,121.1,506.9,15.1,1
892,car,4.5,road_loopA_r0,road_loopA_r1,2933.6,3067.3,133.7,1297.3,34.9,1
903,suv,4.8,road_loopA_r0,road_loopA_r1,2940.7,3068.6,127.9,1298.4,36.5,1
888,truck,8.5,road_loopA_r0,road_loopA_r1,2928.3,3069.8,141.5,1297.5,33.0,1
901,car,4.5,road_loopA_r0,road_loopA_r1,2938.7,3071.4,132.7,1297.6,35.2,1
910,car,4.5,road_loopA_r0,road_loopA_r1,2948.4,3071.7,123.3,1297.7,37.9,1
900,car,4.5,road_loopA_r0,road_loopA_r1,2938.2,3071.8,133.6,1298.3,35.0,1
915,car,4.5,road_loopA_r0,road_loopA_r1,2952.3,3073.4,121.1,1298.0,38.6,1
925,car,4.5,road_loopA_r0,road_loopA_r1,2964.2,3073.5,109.3,1298.4,42.8,0
904,car,4.5,road_loopA_r0,road_loopA_r1,2941.0,3073.7,132.7,1298.0,35.2,1
909,car,4.5,road_loopA_r0,road_loopA_r1,2947.5,3075.3,127.8,1297.9,36.6,13
922,suv,4.8,road_loopA_r0,road_loopA_r1,2962.0,3075.4,113.4,1298.4,41.2,16
946,suv,4.8,road_loopA_r0,road_loopA_r1,2978.1,3076.0,97.9,1297.3,47.7,0
913,car,4.5,road_loopA_r0,road_loopA_r1,2950.5,3077.0,126.5,1297.9,36.9,2
927,suv,4.8,road_loopA_r0,road_loopA_r1,2964.9,3078.2,113.3,1297.7,41.2,0
911,car,4.5,road_loopA_f0,road_loopA_f1,2948.6,3078.3,129.7,1303.1,36.2,1
916,truck,8.5,road_loopA_r0,road_loopA_r1,2953.1,3079.4,126.3,1297.3,37.0,0
930,car,4.5,road_loopA_r0,road_loopA_r1,2966.4,3081.4,115.0,1297.5,40.6,0
947,truck,8.5,road_loopA_r0,road_loopA_r1,2979.9,3081.5,101.6,1298.1,46.0,0
912,car,4.5,road_loopA_f0,road_loopA_f1,2949.5,3082.8,133.3,1303.9,35.2,1
919,suv,4.8,road_loopA_f0,road_loopA_f1,2957.6,3083.4,125.8,1303.5,37.3,1
944,truck,8.5,road_loopA_r0,road_loopA_r1,2977.7,3083.6,105.9,1297.8,44.1,0
962,car,4.5,road_loopA_r0,road_loopA_r1,2990.2,3085.2,95.0,1297.9,49.2,0
953,car,4.5,road_loopA_r0,road_loopA_r1,2983.5,3086.1,102.6,1298.4,45.6,0
858,bus,11.0,road_loopA_r0,road_loopA_r1,2896.1,3087.7,191.6,1297.3,24.4,3
957,car,4.5,road_loopA_r0,road_loopA_r1,2985.9,3087.8,101.9,1298.6,45.9,0
964,suv,4.8,road_loopA_r0,road_loopA_r1,2992.0,3088.0,96.0,1298.0,48.7,0
923,suv,4.8,road_loopA_f0,road_loopA_f1,2962.8,3088.8,126.0,1303.5,37.2,1
945,truck,8.5,road_loopA_r0,road_loopA_r1,2977.9,3089.2,111.3,1298.2,42.0,0
967,car,4.5,road_loopA_r0,road_loopA_r1,2992.3,3089.4,97.1,1298.1,48.1,0
954,suv,4.8,road_loopA_r0,road_loopA_r1,2983.9,3090.1,106.2,1297.7,44.0,0
1063,car,4.5,road_loopA_f0,xloopA_0Bb,3050.6,3090.5,39.9,478.8,43.2,0
948,suv,4.8,road_loopA_r0,road_loopA_r1,2980.3,3091.4,111.1,1298.1,42.1,0
960,truck,8.5,road_loopA_r0,road_loopA_r1,2987.8,3092.2,104.4,1298.1,44.8,0
979,car,4.5,road_loopA_r0,road_loopA_r1,3000.0,3092.3,92.3,1298.1,50.6,0
963,car,4.5,road_loopA_r0,road_loopA_r1,2990.7,3093.7,103.0,1297.3,45.4,0
969,car,4.5,road_loopA_r0,road_loopA_r1,2993.6,3094.1,100.5,1297.3,46.5,0
932,suv,4.8,road_loopA_f0,road_loopA_f1,2968.3,3094.3,126.0,1303.3,37.2,1
966,car,4.5,road_loopA_r0,road_loopA_r1,2992.1,3095.5,103.4,1298.6,45.2,0
981,car,4.5,road_loopA_r0,road_loopA_r1,3001.7,3095.6,93.9,1298.2,49.8,0
928,car,4.5,road_loopA_f0,road_loopA_f1,2966.2,3096.1,129.9,1303.0,36.1,1
936,suv,4.8,road_loopA_f0,road_loopA_f1,2970.6,3097.0,126.4,1303.3,37.1,1
975,suv,4.8,road_loopA_r0,road_loopA_r1,2997.4,3097.1,99.7,1297.3,46.9,0
934,truck,8.5,road_loopA_f0,road_loopA_f1,2969.2,3098.1,128.9,1303.0,36.4,1
968,suv,4.8,road_loopA_r0,road_loopA_r1,2993.2,3098.1,104.9,1298.2,44.6,0
976,car,4.5,road_loopA_r0,road_loopA_r1,2998.3,3098.3,100.0,1297.3,46.7,0
914,truck,8.5,road_loopA_f0,road_loopA_f1,2950.8,3098.4,147.6,1303.4,31.8,1
972,car,4.5,road_loopA_r0,road_loopA_r1,2995.9,3099.8,103.9,1298.1,45.0,0
940,suv,4.8,road_loopA_f0,road_loopA_f1,2974.4,3100.4,126.0,1303.4,37.2,1
942,car,4.5,road_loopA_f0,road_loopA_f1,2977.4,3100.7,123.3,1302.8,38.1,1
958,car,4.5,road_loopA_f0,road_loopA_f1,2986.5,3101.4,114.9,1303.7,40.9,0
949,car,4.5,road_loopA_f0,road_loopA_f1,2982.1,3102.2,120.1,1304.1,39.1,1
988,car,4.5,road_loopA_r0,road_loopA_r1,3003.5,3103.1,99.6,1297.8,46.9,0
961,suv,4.8,road_loopA_f0,road_loopA_f1,2988.4,3103.3,114.9,1303.7,40.8,0
728,car,4.5,road_loopA_r0,xloopA_0Bb,2788.5,3103.5,315.0,895.5,10.2,2
998,car,4.5,road_loopA_f0,xloopA_0Ab,3008.4,3104.1,95.7,505.1,19.0,1
935,car,4.5,road_loopA_f0,road_loopA_f1,2970.1,3104.5,134.4,1303.7,34.9,1
973,car,4.5,road_loopA_f0,road_loopA_f1,2996.2,3105.1,108.9,1303.4,43.1,0
751,car,4.5,road_loopA_r0,xloopA_0Bb,2810.6,3106.1,295.5,895.5,10.9,2
991,suv,4.8,road_loopA_r0,road_loopA_r1,3005.9,3106.1,100.2,1298.7,46.6,0
931,car,4.5,road_loopA_f0,road_loopA_f1,2968.1,3106.6,138.5,1303.8,33.9,1
1014,car,4.5,road_loopA_f0,xloopA_0Ab,3018.2,3106.7,88.5,505.2,20.6,1
987,car,4.5,road_loopA_f0,road_loopA_f1,3003.2,3106.9,103.7,1304.2,45.3,0
984,suv,4.8,road_loopA_r0,road_loopA_r1,3003.0,3107.5,104.5,1297.7,44.7,0
995,suv,4.8,road_loopA_r0,road_loopA_r1,3006.9,3108.4,101.5,1298.3,46.0,0
778,car,4.5,road_loopA_r0,xloopA_0Bb,2834.3,3108.8,274.5,895.7,11.7,3
994,car,4.5,road_loopA_r0,road_loopA_r1,3006.6,3109.2,102.6,1297.7,45.5,0
884,car,4.5,xloopA_0Ba,road_loopA_f1,2923.4,3109.7,186.3,903.1,17.5,1
917,car,4.5,road_loopA_f0,road_loopA_f1,2953.3,3109.7,156.4,1302.8,30.0,1
955,car,4.5,road_loopA_f0,road_loopA_f1,2984.1,3110.0,125.9,1303.4,37.3,0
1006,suv,4.8,road_loopA_r0,road_loopA_r1,3014.1,3111.8,97.7,1298.4,47.8,0
785,truck,8.5,road_loopA_r0,xloopA_0Bb,2838.0,3112.3,274.3,896.0,11.8,3
993,car,4.5,road_loopA_f0,road_loopA_f1,3006.3,3113.4,107.1,1303.3,43.8,0
1009,suv,4.8,road_loopA_r0,road_loopA_r1,3015.2,3114.1,98.9,1297.2,47.2,0
943,car,4.5,road_loopA_f0,road_loopA_f1,2977.7,3114.6,136.9,1303.3,34.3,1
997,suv,4.8,road_loopA_r0,road_loopA_r1,3007.8,3115.0,107.2,1298.2,43.6,0
986,suv,4.8,road_loopA_r0,road_loopA_r1,3003.1,3115.1,112.0,1298.0,41.7,0
1021,car,4.5,road_loopA_r0,road_loopA_r1,3022.7,3115.5,92.8,1298.0,50.4,0
1001,car,4.5,road_loopA_f0,road_loopA_f1,3010.6,3115.7,105.1,1303.9,44.7,0
970,car,4.5,road_loopA_f0,road_loopA_f1,2994.8,3115.9,121.1,1303.0,38.7,0
992,suv,4.8,road_loopA_r0,road_loopA_r1,3006.0,3116.8,110.8,1298.2,42.2,0
965,car,4.5,road_loopA_f0,road_loopA_f1,2992.1,3117.3,125.2,1303.1,37.5,0
1023,suv,4.8,road_loopA_r0,road_loopA_r1,3024.4,3117.3,92.9,1298.7,50.3,0
989,car,4.5,road_loopA_r0,road_loopA_r1,3004.9,3117.4,112.5,1297.4,41.5,0
1004,car,4.5,road_loopA_r0,road_loopA_r1,3012.7,3118.6,105.9,1298.5,44.2,0
1007,car,4.5,road_loopA_f0,road_loopA_f1,3014.2,3118.6,104.4,1303.8,45.0,0
950,car,4.5,road_loopA_f0,road_loopA_f1,2982.4,3118.9,136.5,1303.0,34.4,0
990,car,4.5,xloopA_0Aa,xloopA_0Ab,3005.8,3119.3,113.5,84.5,2.7,1
1008,car,4.5,road_loopA_r0,road_loopA_r1,3015.0,3119.4,104.4,1298.3,44.8,0
1017,suv,4.8,road_loopA_r0,road_loopA_r1,3021.7,3119.4,97.7,1298.5,47.9,0
1018,suv,4.8,road_loopA_f0,road_loopA_f1,3021.9,3120.3,98.4,1304.0,47.7,0
933,car,4.5,road_loopA_f0,road_loopA_f1,2968.9,3120.7,151.8,1303.4,30.9,1
1022,truck,8.5,road_loopA_r0,road_loopA_r1,3023.4,3121.5,98.1,1298.4,47.7,0
1065,car,4.5,xloopA_0Ba,xloopA_0Bb,3053.2,3121.5,68.3,84.7,4.5,1
1019,car,4.5,road_loopA_f0,road_loopA_f1,3022.2,3122.4,100.2,1303.4,46.9,0
1005,car,4.5,xloopA_0Aa,xloopA_0Ab,3013.6,3122.9,109.3,84.4,2.8,1
1026,car,4.5,road_loopA_r0,road_loopA_r1,3026.9,3123.6,96.7,1297.7,48.3,0
1074,car,4.5,xloopA_0Ba,xloopA_0Bb,3064.0,3124.4,60.4,84.2,5.0,1
978,car,4.5,road_loopA_f0,road_loopA_f1,3000.0,3124.8,124.8,1303.2,37.6,0
1034,suv,4.8,road_loopA_f0,road_loopA_f1,3031.0,3125.0,94.0,1304.0,50.0,0
1011,car,4.5,xloopA_0Aa,xloopA_0Ab,3016.1,3125.5,109.4,84.4,2.8,0
1097,car,4.5,xloopA_0Ba,xloopA_0Bb,3085.2,3126.5,41.3,84.4,7.3,0
982,car,4.5,road_loopA_f0,road_loopA_f1,3001.9,3127.3,125.4,1302.9,37.4,0
1012,car,4.5,xloopA_0Aa,xloopA_0Ab,3016.6,3127.5,110.9,84.8,2.8,0
1024,car,4.5,road_loopA_f0,road_loopA_f1,3025.7,3128.6,102.9,1303.2,45.6,0
983,truck,8.5,road_loopA_f0,road_loopA_f1,3002.5,3129.4,126.9,1303.4,37.0,0
1029,car,4.5,xloopA_0Aa,xloopA_0Ab,3027.6,3129.6,102.0,84.2,3.0,0
877,car,4.5,xloopA_0Ba,road_loopA_f1,2918.2,3129.7,211.5,902.4,15.4,1
1037,suv,4.8,road_loopA_f0,road_loopA_f1,3033.4,3130.2,96.8,1304.1,48.5,0
920,car,4.5,road_loopA_f0,road_loopA_f1,2960.7,3131.4,170.7,1303.7,27.5,1
1000,car,4.5,road_loopA_f0,road_loopA_f1,3008.7,3131.8,123.1,1303.0,38.1,0
1041,car,4.5,road_loopA_f0,road_loopA_f1,3035.1,3131.9,96.8,1303.0,48.4,0
1087,car,4.5,xloopA_0Aa,xloopA_0Ab,3074.7,3132.3,57.6,84.4,5.3,0
924,truck,8.5,road_loopA_f0,road_loopA_f1,2962.9,3133.5,170.6,1303.1,27.5,1
1013,suv,4.8,road_loopA_f0,road_loopA_f1,3017.9,3133.5,115.6,1303.2,40.6,0
1042,car,4.5,road_loopA_f0,road_loopA_f1,3035.3,3133.7,98.4,1304.0,47.7,0
999,car,4.5,road_loopA_f0,road_loopA_f1,3008.5,3135.3,126.8,1303.7,37.0,0
1044,car,4.5,road_loopA_f0,road_loopA_f1,3037.1,3135.4,98.3,1303.5,47.7,0
937,truck,8.5,road_loopA_f0,road_loopA_f1,2971.4,3136.0,164.6,1303.6,28.5,1
1010,car,4.5,road_loopA_f0,road_loopA_f1,3015.6,3137.0,121.4,1303.4,38.6,0
1051,suv,4.8,road_loopA_f0,road_loopA_f1,3042.4,3137.6,95.2,1303.9,49.3,0
941,car,4.5,road_loopA_f0,road_loopA_f1,2976.7,3138.0,161.3,1303.4,29.1,1
1035,suv,4.8,road_loopA_f0,road_loopA_f1,3032.5,3138.8,106.3,1302.8,44.1,0
956,truck,8.5,road_loopA_f0,road_loopA_f1,2984.5,3140.2,155.7,1303.2,30.1,0
1045,car,4.5,road_loopA_f0,road_loopA_f1,3037.4,3140.3,102.9,1303.3,45.6,0
1038,car,4.5,road_loopA_f0,road_loopA_f1,3033.8,3140.9,107.1,1303.9,43.8,0
1046,car,4.5,road_loopA_f0,road_loopA_f1,3038.3,3141.2,102.9,1303.5,45.6,0
959,car,4.5,road_loopA_f0,road_loopA_f1,2986.9,3142.2,155.3,1303.3,30.2,0
1059,car,4.5,road_loopA_f0,road_loopA_f1,3048.3,3143.1,94.8,1304.0,49.5,0
1030,car,4.5,road_loopA_f0,road_loopA_f1,3027.8,3143.4,115.6,1303.8,40.6,0
971,car,4.5,road_loopA_f0,road_loopA_f1,2995.7,3144.0,148.3,1303.5,31.6,0
980,car,4.5,road_loopA_f0,road_loopA_f1,3000.8,3145.9,145.1,1303.4,32.3,0
1040,truck,8.5,road_loopA_f0,road_loopA_f1,3034.3,3146.0,111.7,1303.8,42.0,0
996,car,4.5,road_loopA_f0,road_loopA_f1,3007.6,3147.7,140.1,1304.1,33.5,0
1066,car,4.5,road_loopA_f0,road_loopA_f1,3053.3,3147.9,94.6,1303.4,49.6,0
1053,car,4.5,road_loopA_f0,road_loopA_f1,3044.8,3148.1,103.3,1303.4,45.4,0
1003,car,4.5,road_loopA_f0,road_loopA_f1,3012.6,3149.4,136.8,1303.0,34.3,0
1083,suv,4.8,road_loopA_f0,xloopA_0Bb,3070.2,3149.4,79.2,479.1,21.8,2
1015,car,4.5,road_loopA_r0,xloopA_0Ab,3019.2,3150.1,130.9,869.1,23.9,2
1055,truck,8.5,road_loopA_f0,road_loopA_f1,3045.2,3150.6,105.4,1303.4,44.5,0
1016,car,4.5,road_loopA_f0,road_loopA_f1,3019.4,3151.2,131.8,1303.1,35.6,0
1048,suv,4.8,road_loopA_f0,road_loopA_f1,3040.1,3153.0,112.9,1303.1,41.6,0
1052,car,4.5,road_loopA_f0,road_loopA_f1,3044.3,3153.3,109.0,1303.7,43.0,0
1118,car,4.5,road_loopA_f0,xloopA_0Bb,3106.0,3154.0,48.0,478.6,35.9,0
1138,car,4.5,road_loopA_f0,xloopA_0Bb,3121.9,3164.4,42.5,478.5,40.5,0
1098,car,4.5,road_loopA_r0,xloopA_0Ab,3087.9,3165.0,77.1,869.1,40.6,0
1031,car,4.5,road_loopA_r0,road_loopA_r1,3029.4,3166.8,137.4,1297.7,34.0,1
1025,car,4.5,road_loopA_r0,road_loopA_r1,3026.7,3171.9,145.2,1298.2,32.2,1
1049,car,4.5,road_loopA_r0,road_loopA_r1,3041.9,3172.5,130.6,1298.2,35.8,1
1033,truck,8.5,road_loopA_r0,road_loopA_r1,3030.4,3174.5,144.1,1298.3,32.4,1
1054,car,4.5,road_loopA_r0,road_loopA_r1,3045.1,3175.7,130.6,1297.4,35.8,1
1032,car,4.5,road_loopA_r0,road_loopA_r1,3029.8,3176.7,146.9,1298.5,31.8,1
1057,suv,4.8,road_loopA_r0,road_loopA_r1,3047.2,3178.5,131.3,1297.7,35.6,1
1064,car,4.5,road_loopA_r0,road_loopA_r1,3051.0,3180.5,129.5,1297.5,36.1,1
1039,car,4.5,road_loopA_r0,road_loopA_r1,3034.1,3181.6,147.5,1297.7,31.7,1
1002,car,4.5,xloopA_0Aa,road_loopA_r1,3011.1,3182.3,171.2,506.9,10.7,1
1072,car,4.5,road_loopA_r0,road_loopA_r1,3060.4,3183.2,122.8,1297.3,38.0,1
1060,car,4.5,road_loopA_r0,road_loopA_r1,3048.7,3183.4,134.7,1297.8,34.7,1
1130,car,4.5,road_loopA_r0,xloopA_0Ab,3112.8,3183.5,70.7,869.1,44.3,0
1028,truck,8.5,road_loopA_r0,road_loopA_r1,3027.2,3184.6,157.4,1298.1,29.7,1
1056,car,4.5,road_loopA_r0,road_loopA_r1,3046.0,3185.7,139.7,1297.5,33.4,1
1080,car,4.5,road_loopA_r0,road_loopA_r1,3068.4,3185.8,117.4,1297.4,39.8,1
1047,suv,4.8,road_loopA_r0,road_loopA_r1,3038.2,3186.6,148.4,1297.6,31.5,1
1061,car,4.5,road_loopA_r0,road_loopA_r1,3050.3,3187.2,136.9,1297.3,34.1,1
1036,car,4.5,road_loopA_r0,road_loopA_r1,3033.1,3189.9,156.8,1297.5,29.8,1
1100,car,4.5,road_loopA_r0,road_loopA_r1,3089.7,3189.9,100.2,1297.5,46.6,0
1070,car,4.5,road_loopA_r0,road_loopA_r1,3059.3,3190.2,130.9,1298.2,35.7,1
1068,car,4.5,road_loopA_r0,road_loopA_r1,3055.0,3191.6,136.6,1297.7,34.2,1
1090,truck,8.5,road_loopA_r0,road_loopA_r1,3081.2,3192.3,111.1,1297.3,42.0,0
1071,suv,4.8,road_loopA_r0,road_loopA_r1,3059.6,3193.3,133.7,1298.0,34.9,1
1076,car,4.5,road_loopA_r0,road_loopA_r1,3066.0,3193.9,127.9,1297.4,36.5,1
1077,car,4.5,road_loopA_r0,road_loopA_r1,3066.1,3194.9,128.8,1297.8,36.3,1
1073,car,4.5,road_loopA_r0,road_loopA_r1,3062.1,3195.0,132.9,1297.4,35.1,1
1108,car,4.5,road_loopA_r0,road_loopA_r1,3095.0,3195.5,100.5,1298.1,46.5,0
1075,car,4.5,road_loopA_f0,road_loopA_f1,3065.8,3196.6,130.8,1303.9,35.9,1
1092,car,4.5,road_loopA_r0,road_loopA_r1,3082.8,3197.3,114.5,1298.0,40.8,0
1093,car,4.5,road_loopA_r0,road_loopA_r1,3083.0,3197.3,114.3,1297.7,40.9,0
1117,car,4.5,road_loopA_r0,road_loopA_r1,3104.0,3198.5,94.5,1298.2,49.5,0
1112,suv,4.8,road_loopA_r0,road_loopA_r1,3099.6,3198.9,99.3,1297.3,47.0,0
1109,suv,4.8,road_loopA_r0,road_loopA_r1,3095.4,3199.0,103.6,1297.5,45.1,0
1085,car,4.5,road_loopA_f0,road_loopA_f1,3072.2,3200.9,128.7,1303.2,36.4,1
1119,truck,8.5,road_loopA_r0,road_loopA_r1,3106.1,3201.5,95.4,1297.4,49.0,0
1082,car,4.5,road_loopA_f0,road_loopA_f1,3070.0,3202.4,132.4,1303.4,35.4,1
1123,car,4.5,road_loopA_r0,road_loopA_r1,3109.7,3203.5,93.8,1298.1,49.8,0
1091,car,4.5,road_loopA_f0,road_loopA_f1,3082.0,3203.6,121.6,1303.2,38.6,1
1156,car,4.5,road_loopA_r0,xloopA_0Ab,3132.5,3204.0,71.5,869.1,43.8,0
1043,bus,11.0,road_loopA_r0,road_loopA_r1,3036.8,3205.6,168.8,1297.4,27.7,2
1103,car,4.5,road_loopA_f0,road_loopA_f1,3092.9,3206.3,113.4,1303.7,41.4,1
1079,car,4.5,road_loopA_f0,road_loopA_f1,3068.4,3206.4,138.0,1303.3,34.0,1
1094,suv,4.8,road_loopA_r0,road_loopA_r1,3083.1,3206.6,123.5,1297.6,37.8,0
1124,car,4.5,road_loopA_r0,road_loopA_r1,3110.5,3206.9,96.4,1297.6,48.5,0
1107,car,4.5,road_loopA_r0,road_loopA_r1,3095.0,3208.3,113.3,1298.3,41.3,0
1127,car,4.5,road_loopA_r0,road_loopA_r1,3112.1,3208.4,96.3,1298.2,48.5,0
1105,car,4.5,road_loopA_f0,road_loopA_f1,3094.3,3209.2,114.9,1304.1,40.9,1
1069,bus,11.0,road_loopA_r0,road_loopA_r1,3055.4,3210.4,155.0,1297.9,30.1,2
1126,car,4.5,road_loopA_r0,road_loopA_r1,3111.8,3210.8,99.0,1298.1,47.2,0
1099,suv,4.8,road_loopA_f0,road_loopA_f1,3088.0,3213.0,125.0,1303.7,37.6,1
1132,car,4.5,road_loopA_r0,road_loopA_r1,3115.5,3214.1,98.6,1298.1,47.4,0
1086,bus,11.0,road_loopA_r0,road_loopA_r1,3074.5,3214.6,140.1,1297.4,33.3,1
1122,car,4.5,road_loopA_r0,road_loopA_r1,3109.5,3215.3,105.8,1298.3,44.2,0
1139,car,4.5,road_loopA_r0,road_loopA_r1,3122.3,3216.2,93.9,1297.3,49.8,0
1140,car,4.5,road_loopA_r0,road_loopA_r1,3123.0,3216.7,93.7,1297.5,49.8,0
1113,car,4.5,road_loopA_f0,road_loopA_f1,3101.1,3217.0,115.9,1303.1,40.5,0
1149,car,4.5,road_loopA_r0,road_loopA_r1,3127.4,3218.5,91.1,1298.6,51.3,0
1027,bus,11.0,road_loopA_r0,road_loopA_r1,3027.1,3218.7,191.6,1297.9,24.4,4
1133,car,4.5,road_loopA_f0,road_loopA_f1,3115.5,3218.7,103.2,1303.6,45.5,0
1058,car,4.5,xloopA_0Aa,road_loopA_f1,3047.3,3220.0,172.7,872.8,18.2,0
1152,car,4.5,road_loopA_r0,road_loopA_r1,3130.3,3220.9,90.6,1298.3,51.6,0
787,car,4.5,road_loopA_r0,xloopA_0Bb,2840.4,3221.6,381.2,895.7,8.5,4
1088,car,4.5,road_loopA_f0,road_loopA_f1,3076.3,3221.7,145.4,1303.0,32.3,1
1050,car,4.5,xloopA_0Ba,road_loopA_f1,3042.3,3222.1,179.8,903.0,18.1,1
1125,car,4.5,road_loopA_f0,road_loopA_f1,3110.7,3222.1,111.4,1304.0,42.1,0
1148,car,4.5,road_loopA_f0,xloopA_0Ab,3127.2,3222.2,95.0,505.1,19.1,1
1154,car,4.5,road_loopA_r0,road_loopA_r1,3131.9,3222.6,90.7,1297.8,51.5,0
1096,truck,8.5,road_loopA_f0,road_loopA_f1,3084.9,3223.9,139.0,1303.5,33.8,1
1137,suv,4.8,road_loopA_f0,road_loopA_f1,3121.4,3223.9,102.5,1303.6,45.8,0
868,suv,4.8,road_loopA_r0,xloopA_0Bb,2906.6,3224.2,317.6,895.7,10.2,3
1146,car,4.5,road_loopA_f0,road_loopA_f1,3126.5,3225.6,99.1,1302.9,47.3,0
1151,truck,8.5,road_loopA_f0,xloopA_0Ab,3128.2,3225.7,97.5,505.6,18.7,1
1101,car,4.5,road_loopA_f0,road_loopA_f1,3090.4,3225.9,135.5,1303.7,34.6,1
873,car,4.5,road_loopA_r0,xloopA_0Bb,2915.1,3226.9,311.8,895.6,10.3,3
1150,suv,4.8,road_loopA_f0,road_loopA_f1,3127.6,3227.4,99.8,1303.2,47.0,0
1095,car,4.5,road_loopA_f0,road_loopA_f1,3084.0,3227.6,143.6,1303.6,32.7,1
1158,car,4.5,road_loopA_r0,road_loopA_r1,3137.2,3228.4,91.2,1297.4,51.2,0
1110,car,4.5,road_loopA_f0,road_loopA_f1,3097.3,3228.8,131.5,1302.9,35.7,1
1147,car,4.5,road_loopA_f0,road_loopA_f1,3126.6,3229.0,102.4,1303.1,45.8,0
1155,car,4.5,road_loopA_r0,road_loopA_r1,3131.9,3229.1,97.2,1297.8,48.1,0
883,truck,8.5,road_loopA_r0,xloopA_0Bb,2923.1,3230.4,307.3,895.9,10.5,2
1111,car,4.5,road_loopA_f0,road_loopA_f1,3098.0,3230.6,132.6,1302.9,35.4,1
1157,car,4.5,road_loopA_f0,road_loopA_f1,3134.7,3231.6,96.9,1303.7,48.4,0
1134,car,4.5,road_loopA_f0,road_loopA_f1,3116.9,3232.1,115.2,1303.7,40.7,0
1160,truck,8.5,road_loopA_f0,road_loopA_f1,3139.3,3232.8,93.5,1303.3,50.2,0
1142,suv,4.8,road_loopA_f0,road_loopA_f1,3124.9,3233.4,108.5,1303.9,43.3,0
1104,car,4.5,road_loopA_f0,road_loopA_f1,3094.1,3235.3,141.2,1302.8,33.2,1
1163,suv,4.8,road_loopA_f0,road_loopA_f1,3140.1,3235.3,95.2,1304.0,49.3,0
1164,suv,4.8,road_loopA_r0,road_loopA_r1,3141.3,3236.1,94.8,1298.5,49.3,0
1089,car,4.5,road_loopA_f0,road_loopA_f1,3081.1,3237.1,156.0,1303.9,30.1,1
1115,car,4.5,xloopA_0Aa,road_loopA_f1,3103.0,3238.2,135.2,872.7,23.2,0
1165,car,4.5,road_loopA_f0,road_loopA_f1,3145.6,3238.6,93.0,1303.2,50.4,0
1120,car,4.5,road_loopA_f0,road_loopA_f1,3107.3,3238.8,131.5,1303.0,35.7,0
1168,car,4.5,road_loopA_r0,road_loopA_r1,3149.8,3238.8,89.0,1298.1,52.5,0
1078,car,4.5,road_loopA_f0,road_loopA_f1,3067.5,3239.8,172.3,1303.0,27.2,1
1128,car,4.5,road_loopA_r0,road_loopA_r1,3112.2,3240.0,127.8,1297.4,36.6,0
1153,car,4.5,xloopA_0Aa,xloopA_0Ab,3131.8,3240.1,108.3,84.2,2.8,1
1231,car,4.5,xloopA_0Ba,xloopA_0Bb,3210.7,3240.1,29.4,84.0,10.3,1
1114,car,4.5,road_loopA_f0,road_loopA_f1,3102.2,3240.6,138.4,1303.2,33.9,1
1162,suv,4.8,road_loopA_f0,road_loopA_f1,3139.7,3240.7,101.0,1303.7,46.4,0
1081,truck,8.5,road_loopA_f0,road_loopA_f1,3069.3,3242.0,172.7,1303.4,27.2,1
1206,car,4.5,xloopA_0Aa,xloopA_0Ab,3186.9,3242.2,55.3,84.7,5.5,1
1131,car,4.5,road_loopA_f0,road_loopA_f1,3113.0,3242.6,129.6,1304.0,36.2,0
1243,car,4.5,xloopA_0Ba,xloopA_0Bb,3225.8,3242.6,16.8,84.5,18.1,0
1141,car,4.5,road_loopA_f0,road_loopA_f1,3124.1,3243.0,118.9,1303.5,39.5,0
1084,car,4.5,road_loopA_f0,road_loopA_f1,3072.1,3244.2,172.1,1303.9,27.3,1
1145,car,4.5,road_loopA_f0,road_loopA_f1,3125.8,3244.5,118.7,1303.0,39.5,0
1212,car,4.5,xloopA_0Aa,xloopA_0Ab,3191.2,3244.7,53.5,84.1,5.7,0
1135,truck,8.5,road_loopA_f0,road_loopA_f1,3118.4,3244.9,126.5,1303.5,37.1,0
1102,car,4.5,road_loopA_f0,road_loopA_f1,3091.9,3245.9,154.0,1304.1,30.5,1
1106,car,4.5,road_loopA_f0,road_loopA_f1,3094.4,3247.6,153.2,1303.9,30.6,1
1121,car,4.5,road_loopA_f0,road_loopA_f1,3108.9,3248.4,139.5,1303.2,33.6,0
1173,car,4.5,road_loopA_f0,road_loopA_f1,3154.0,3249.4,95.4,1304.1,49.2,0
1175,car,4.5,road_loopA_f0,road_loopA_f1,3155.5,3253.5,98.0,1303.9,47.9,0
1176,car,4.5,road_loopA_f0,road_loopA_f1,3156.6,3255.2,98.6,1303.3,47.6,0
1180,suv,4.8,road_loopA_f0,road_loopA_f1,3162.8,3256.7,93.9,1303.0,50.0,0
1185,suv,4.8,road_loopA_f0,road_loopA_f1,3167.7,3259.4,91.7,1302.8,51.1,0
1161,suv,4.8,road_loopA_f0,road_loopA_f1,3139.4,3262.1,122.7,1303.5,38.3,0
1178,car,4.5,road_loopA_f0,road_loopA_f1,3159.7,3263.7,104.0,1303.4,45.1,0
1167,car,4.5,road_loopA_f0,road_loopA_f1,3148.3,3264.3,116.0,1303.6,40.5,0
1186,car,4.5,road_loopA_f0,road_loopA_f1,3168.6,3265.3,96.7,1304.0,48.6,0
1187,suv,4.8,road_loopA_f0,road_loopA_f1,3168.8,3265.4,96.6,1302.9,48.5,0
1192,car,4.5,road_loopA_r0,xloopA_0Ab,3176.3,3266.9,90.6,868.9,34.5,1
1179,suv,4.8,road_loopA_f0,road_loopA_f1,3159.9,3268.0,108.1,1304.0,43.4,0
1174,car,4.5,road_loopA_f0,road_loopA_f1,3154.5,3273.7,119.2,1302.9,39.4,0
1172,suv,4.8,road_loopA_r0,road_loopA_r1,3151.7,3281.0,129.3,1297.5,36.1,1
1170,car,4.5,road_loopA_r0,road_loopA_r1,3150.9,3281.3,130.4,1297.6,35.8,1
1182,car,4.5,road_loopA_r0,road_loopA_r1,3164.6,3283.1,118.5,1298.0,39.4,1
1183,car,4.5,road_loopA_r0,road_loopA_r1,3165.1,3284.1,119.0,1297.9,39.3,1
1261,car,4.5,road_loopA_f0,xloopA_0Bb,3242.5,3284.9,42.4,478.6,40.7,0
1171,car,4.5,road_loopA_r0,road_loopA_r1,3151.4,3285.7,134.3,1297.8,34.8,1
1169,car,4.5,road_loopA_r0,road_loopA_r1,3150.3,3288.4,138.1,1298.4,33.8,1
1184,suv,4.8,road_loopA_r0,road_loopA_r1,3166.0,3290.5,124.5,1297.9,37.5,1
1197,car,4.5,road_loopA_r0,road_loopA_r1,3182.4,3290.6,108.2,1297.5,43.2,1
1143,car,4.5,xloopA_0Aa,road_loopA_r1,3125.2,3292.4,167.2,506.9,10.9,1
1190,suv,4.8,road_loopA_r0,road_loopA_r1,3174.6,3292.5,117.9,1298.0,39.6,1
1199,suv,4.8,road_loopA_r0,road_loopA_r1,3183.6,3292.7,109.1,1298.0,42.8,1
1166,suv,4.8,road_loopA_r0,road_loopA_r1,3148.2,3294.1,145.9,1298.0,32.0,1
1200,car,4.5,road_loopA_r0,road_loopA_r1,3184.0,3294.5,110.5,1298.2,42.3,1
1181,truck,8.5,road_loopA_r0,road_loopA_r1,3164.1,3295.4,131.3,1297.3,35.6,1
1177,car,4.5,road_loopA_r0,road_loopA_r1,3158.5,3296.0,137.5,1298.2,34.0,1
1285,car,4.5,road_loopA_f0,xloopA_0Bb,3257.1,3297.6,40.5,478.7,42.5,0
1198,car,4.5,road_loopA_r0,road_loopA_r1,3182.4,3298.1,115.7,1298.2,40.4,0
1189,truck,8.5,road_loopA_r0,road_loopA_r1,3172.7,3298.2,125.5,1298.4,37.3,1
1202,car,4.5,road_loopA_r0,road_loopA_r1,3184.5,3299.9,115.4,1297.6,40.5,0
1191,car,4.5,road_loopA_r0,road_loopA_r1,3175.6,3300.1,124.5,1297.4,37.5,1
1211,car,4.5,road_loopA_r0,road_loopA_r1,3191.1,3301.1,110.0,1298.2,42.5,0
1203,suv,4.8,road_loopA_r0,road_loopA_r1,3185.2,3301.9,116.7,1297.7,40.0,0
1205,car,4.5,road_loopA_r0,road_loopA_r1,3185.7,3302.5,116.8,1298.2,40.0,0
1291,car,4.5,road_loopA_f0,xloopA_0Bb,3265.0,3302.8,37.8,478.6,45.6,0
1207,car,4.5,road_loopA_r0,road_loopA_r1,3187.9,3303.1,115.2,1297.6,40.6,0
1204,car,4.5,road_loopA_r0,road_loopA_r1,3185.5,3304.2,118.7,1297.6,39.4,0
1159,bus,11.0,road_loopA_f0,road_loopA_f1,3138.3,3305.0,166.7,1303.0,28.1,2
1209,car,4.5,road_loopA_r0,road_loopA_r1,3189.8,3306.4,116.6,1297.3,40.1,0
1216,suv,4.8,road_loopA_r0,road_loopA_r1,3195.7,3306.7,111.0,1298.3,42.1,0
1223,car,4.5,road_loopA_r0,road_loopA_r1,3200.4,3306.7,106.3,1297.8,43.9,0
1194,car,4.5,road_loopA_f0,road_loopA_f1,3178.8,3306.9,128.1,1303.4,36.6,1
1214,suv,4.8,road_loopA_r0,road_loopA_r1,3193.3,3308.2,114.9,1298.4,40.7,0
1196,car,4.5,road_loopA_f0,road_loopA_f1,3181.3,3308.4,127.1,1303.0,36.9,1
1201,car,4.5,road_loopA_f0,road_loopA_f1,3184.4,3310.1,125.7,1303.6,37.3,1
1221,car,4.5,road_loopA_r0,road_loopA_r1,3199.2,3311.3,112.1,1297.4,41.7,0
1195,suv,4.8,road_loopA_f0,road_loopA_f1,3180.7,3312.8,132.1,1303.9,35.5,1
1230,suv,4.8,road_loopA_r0,road_loopA_r1,3209.7,3313.0,103.3,1297.3,45.2,0
1208,truck,8.5,road_loopA_f0,road_loopA_f1,3189.6,3313.3,123.7,1303.3,37.9,1
1193,car,4.5,road_loopA_f0,road_loopA_f1,3177.9,3315.6,137.7,1303.1,34.1,1
1218,car,4.5,road_loopA_f0,road_loopA_f1,3197.6,3315.6,118.0,1304.1,39.8,1
1220,car,4.5,road_loopA_r0,road_loopA_r1,3199.0,3316.6,117.6,1297.5,39.7,0
1236,truck,8.5,road_loopA_r0,road_loopA_r1,3217.2,3318.7,101.5,1298.0,46.1,0
1222,car,4.5,road_loopA_f0,road_loopA_f1,3200.0,3318.8,118.8,1304.0,39.5,1
1229,suv,4.8,road_loopA_r0,road_loopA_r1,3209.4,3318.9,109.5,1297.9,42.7,0
1242,car,4.5,road_loopA_r0,road_loopA_r1,3225.5,3319.2,93.7,1298.2,49.9,0
1244,car,4.5,road_loopA_r0,road_loopA_r1,3228.8,3320.5,91.7,1297.3,50.9,0
1248,car,4.5,road_loopA_r0,road_loopA_r1,3232.4,3321.8,89.4,1297.7,52.3,0
1234,car,4.5,road_loopA_r0,road_loopA_r1,3215.0,3321.9,106.9,1298.3,43.7,0
1215,car,4.5,road_loopA_f0,road_loopA_f1,3193.5,3322.4,128.9,1303.6,36.4,1
1129,bus,11.0,road_loopA_r0,road_loopA_r1,3112.2,3323.0,210.8,1298.4,22.2,3
1240,car,4.5,road_loopA_r0,road_loopA_r1,3224.0,3323.5,99.5,1297.5,47.0,0
1219,car,4.5,road_loopA_f0,road_loopA_f1,3198.3,3325.2,126.9,1303.6,37.0,1
1247,suv,4.8,road_loopA_r0,road_loopA_r1,3232.0,3325.8,93.8,1297.9,49.8,0
1224,suv,4.8,road_loopA_f0,road_loopA_f1,3201.5,3326.9,125.4,1303.9,37.4,1
1249,car,4.5,road_loopA_r0,road_loopA_r1,3233.8,3327.6,93.8,1298.3,49.8,0
1226,car,4.5,road_loopA_f0,road_loopA_f1,3203.8,3327.9,124.1,1303.1,37.8,1
1227,truck,8.5,road_loopA_f0,road_loopA_f1,3206.5,3328.1,121.6,1304.0,38.6,0
1238,car,4.5,road_loopA_f0,road_loopA_f1,3219.5,3330.0,110.5,1302.8,42.4,0
1228,truck,8.5,road_loopA_f0,road_loopA_f1,3209.0,3330.7,121.7,1302.8,38.5,1
1188,car,4.5,xloopA_0Ba,road_loopA_f1,3169.2,3331.0,161.8,902.8,20.1,1
1260,car,4.5,road_loopA_r0,road_loopA_r1,3242.4,3331.4,89.0,1297.3,52.5,0
1251,car,4.5,road_loopA_f0,road_loopA_f1,3234.9,3331.8,96.9,1303.3,48.4,0
1210,car,4.5,road_loopA_f0,road_loopA_f1,3190.8,3332.7,141.9,1303.6,33.1,1
1235,car,4.5,road_loopA_f0,road_loopA_f1,3216.2,3333.9,117.7,1304.1,39.9,1
1237,car,4.5,road_loopA_f0,road_loopA_f1,3218.4,3333.9,115.5,1303.9,40.6,0
1225,car,4.5,road_loopA_f0,road_loopA_f1,3203.1,3334.3,131.2,1303.1,35.8,1
1265,car,4.5,road_loopA_r0,road_loopA_r1,3245.6,3334.5,88.9,1297.3,52.5,0
1239,car,4.5,road_loopA_f0,xloopA_0Ab,3223.3,3334.9,111.6,505.2,16.3,1
890,truck,8.5,road_loopA_r0,xloopA_0Bb,2931.1,3335.6,404.5,896.0,8.0,3
1262,car,4.5,road_loopA_f0,road_loopA_f1,3244.4,3335.8,91.4,1303.2,51.3,0
1233,suv,4.8,road_loopA_f0,road_loopA_f1,3213.9,3336.0,122.1,1302.9,38.4,1
1246,truck,8.5,road_loopA_f0,road_loopA_f1,3230.1,3337.0,106.9,1303.9,43.9,0
1241,car,4.5,road_loopA_f0,xloopA_0Ab,3225.3,3337.5,112.2,505.3,16.2,1
952,car,4.5,road_loopA_r0,xloopA_0Bb,2983.0,3338.5,355.5,895.4,9.1,3
1268,suv,4.8,road_loopA_f0,road_loopA_f1,3246.7,3338.7,92.0,1302.8,51.0,0
1282,car,4.5,road_loopA_f0,xloopA_0Ab,3255.1,3340.1,85.0,505.0,21.4,1
1252,car,4.5,road_loopA_f0,road_loopA_f1,3236.8,3340.2,103.4,1303.8,45.4,0
1255,car,4.5,road_loopA_r0,road_loopA_r1,3238.9,3340.4,101.5,1297.9,46.0,0
977,car,4.5,road_loopA_r0,xloopA_0Bb,2999.0,3341.2,342.2,895.7,9.4,3
1263,car,4.5,road_loopA_r0,road_loopA_r1,3244.6,3341.3,96.7,1297.6,48.3,0
1257,car,4.5,road_loopA_f0,road_loopA_f1,3239.7,3341.8,102.1,1304.0,46.0,0
1256,car,4.5,road_loopA_f0,road_loopA_f1,3239.3,3341.9,102.6,1303.7,45.7,0
1213,car,4.5,road_loopA_f0,road_loopA_f1,3191.6,3342.4,150.8,1303.6,31.1,1
1289,truck,8.5,road_loopA_f0,xloopA_0Ab,3260.4,3343.6,83.2,505.4,21.9,1
985,car,4.5,road_loopA_r0,xloopA_0Bb,3003.1,3343.8,340.7,895.4,9.5,3
1269,car,4.5,road_loopA_r0,road_loopA_r1,3246.7,3344.0,97.3,1297.3,48.0,0
1232,truck,8.5,road_loopA_f0,road_loopA_f1,3213.3,3344.5,131.2,1303.8,35.8,0
1253,car,4.5,road_loopA_f0,road_loopA_f1,3237.2,3344.9,107.7,1303.6,43.6,0
1277,car,4.5,road_loopA_f0,road_loopA_f1,3251.9,3347.4,95.5,1304.0,49.1,0
1270,suv,4.8,road_loopA_f0,road_loopA_f1,3248.3,3349.7,101.4,1303.7,46.3,0
1286,car,4.5,road_loopA_f0,road_loopA_f1,3257.2,3350.4,93.2,1302.9,50.3,0
1283,car,4.5,road_loopA_r0,road_loopA_r1,3255.8,3351.0,95.2,1297.8,49.1,0
1276,suv,4.8,road_loopA_f0,road_loopA_f1,3251.6,3351.4,99.8,1303.9,47.0,0
1272,car,4.5,xloopA_0Aa,xloopA_0Ab,3249.0,3352.2,103.2,84.3,2.9,1
1278,suv,4.8,road_loopA_f0,road_loopA_f1,3252.7,3353.1,100.4,1303.2,46.7,0
1275,car,4.5,road_loopA_f0,road_loopA_f1,3251.0,3354.7,103.7,1303.3,45.2,0
1266,car,4.5,road_loopA_r0,road_loopA_r1,3245.8,3354.9,109.1,1298.0,42.8,0
1287,car,4.5,road_loopA_f0,road_loopA_f1,3258.8,3354.9,96.1,1303.9,48.8,0
1318,car,4.5,xloopA_0Aa,xloopA_0Ab,3289.4,3354.9,65.5,84.2,4.6,1
1274,suv,4.8,road_loopA_r0,road_loopA_r1,3250.5,3356.7,106.2,1298.1,44.0,0
1336,car,4.5,xloopA_0Aa,xloopA_0Ab,3305.2,3358.0,52.8,84.0,5.7,0
1294,suv,4.8,road_loopA_f0,road_loopA_f1,3268.0,3358.9,90.9,1303.6,51.6,0
1351,car,4.5,xloopA_0Aa,xloopA_0Ab,3318.6,3360.6,42.0,84.5,7.2,0
1290,truck,8.5,road_loopA_f0,road_loopA_f1,3260.4,3362.2,101.8,1303.3,46.1,0
1364,car,4.5,xloopA_0Aa,xloopA_0Ab,3327.3,3362.3,35.0,84.7,8.7,0
1371,car,4.5,xloopA_0Aa,xloopA_0Ab,3335.8,3363.9,28.1,84.8,10.9,0
1292,car,4.5,road_loopA_f0,road_loopA_f1,3265.2,3364.2,99.0,1303.7,47.4,0
1293,car,4.5,road_loopA_f0,road_loopA_f1,3267.5,3365.9,98.4,1303.0,47.7,0
1389,car,4.5,xloopA_0Aa,xloopA_0Ab,3355.3,3368.2,12.9,84.6,23.7,0
1288,suv,4.8,road_loopA_f0,road_loopA_f1,3259.2,3370.1,110.9,1303.9,42.3,0
1296,car,4.5,road_loopA_f0,road_loopA_f1,3268.5,3375.7,107.2,1303.5,43.8,0
1301,car,4.5,road_loopA_f0,road_loopA_f1,3275.4,3380.2,104.8,1302.8,44.7,0
1302,car,4.5,road_loopA_f0,road_loopA_f1,3275.6,3381.1,105.5,1303.4,44.5,0
1298,car,4.5,road_loopA_f0,road_loopA_f1,3273.2,3381.3,108.1,1303.1,43.4,0
1280,car,4.5,road_loopA_r0,xloopA_0Ab,3254.5,3383.2,128.7,869.0,24.3,1
1312,car,4.5,road_loopA_f0,road_loopA_f1,3282.5,3383.4,100.9,1303.0,46.5,0
1310,truck,8.5,road_loopA_f0,road_loopA_f1,3280.7,3390.7,110.0,1303.7,42.7,0
1264,suv,4.8,road_loopA_r0,xloopA_0Ab,3245.3,3390.9,145.6,869.4,21.5,2
1297,car,4.5,road_loopA_f0,road_loopA_f1,3270.3,3391.2,120.9,1303.0,38.8,0
1333,truck,8.5,road_loopA_f0,xloopA_0Bb,3302.3,3393.6,91.3,478.6,18.9,2
1258,car,4.5,road_loopA_r0,xloopA_0Ab,3240.3,3394.5,154.2,868.9,20.3,2
1259,car,4.5,xloopA_0Aa,road_loopA_r1,3241.4,3396.4,155.0,507.3,11.8,1
1354,suv,4.8,road_loopA_r0,xloopA_0Ab,3320.8,3399.6,78.8,869.2,39.7,0
1365,suv,4.8,road_loopA_f0,xloopA_0Bb,3329.3,3400.0,70.7,478.8,24.4,5
1366,car,4.5,road_loopA_r0,xloopA_0Ab,3329.7,3402.8,73.1,869.2,42.8,0
1379,car,4.5,road_loopA_f0,xloopA_0Bb,3347.3,3403.3,56.0,478.9,30.8,0
1271,car,4.5,road_loopA_r0,road_loopA_r1,3248.5,3409.2,160.7,1297.5,29.1,1
1338,car,4.5,xloopA_0Aa,road_loopA_r1,3305.5,3409.4,103.9,506.5,17.6,0
1281,car,4.5,road_loopA_r0,road_loopA_r1,3254.7,3411.1,156.4,1298.4,29.9,1
1308,suv,4.8,road_loopA_r0,road_loopA_r1,3278.5,3412.3,133.8,1298.0,34.9,1
1313,car,4.5,road_loopA_r0,road_loopA_r1,3283.2,3416.0,132.8,1298.2,35.2,1
1267,suv,4.8,road_loopA_r0,road_loopA_r1,3245.9,3416.8,170.9,1298.3,27.3,1
1304,car,4.5,road_loopA_r0,road_loopA_r1,3276.5,3418.0,141.5,1297.4,33.0,1
1300,car,4.5,road_loopA_r0,road_loopA_r1,3274.9,3419.7,144.8,1297.4,32.3,1
1325,suv,4.8,road_loopA_r0,road_loopA_r1,3293.4,3419.9,126.5,1298.1,36.9,1
1315,car,4.5,road_loopA_r0,road_loopA_r1,3286.3,3421.5,135.2,1297.7,34.5,1
1391,car,4.5,xloopA_0Ba,road_loopA_r1,3355.7,3422.2,66.5,476.8,25.8,0
1331,car,4.5,road_loopA_r0,road_loopA_r1,3298.0,3422.8,124.8,1298.4,37.5,1
1306,car,4.5,road_loopA_r0,road_loopA_r1,3278.2,3423.8,145.6,1297.6,32.1,1
1332,car,4.5,road_loopA_r0,road_loopA_r1,3299.0,3423.8,124.8,1298.5,37.5,1
1284,car,4.5,road_loopA_r0,road_loopA_r1,3256.7,3423.9,167.2,1297.9,27.9,1
1340,car,4.5,road_loopA_r0,road_loopA_r1,3306.4,3424.9,118.5,1297.8,39.4,1
1295,car,4.5,road_loopA_r0,road_loopA_r1,3268.3,3425.5,157.2,1297.3,29.7,1
1307,car,4.5,road_loopA_r0,road_loopA_r1,3278.5,3425.5,147.0,1297.7,31.8,1
1317,suv,4.8,road_loopA_r0,road_loopA_r1,3289.0,3426.8,137.8,1297.5,33.9,1
1314,car,4.5,road_loopA_r0,road_loopA_r1,3284.4,3427.1,142.7,1298.4,32.7,1
1309,car,4.5,road_loopA_r0,road_loopA_r1,3278.8,3427.5,148.7,1298.4,31.4,1
1311,car,4.5,road_loopA_r0,road_loopA_r1,3281.0,3429.5,148.5,1298.5,31.5,1
1319,car,4.5,road_loopA_r0,road_loopA_r1,3291.1,3430.0,138.9,1297.5,33.6,1
1343,car,4.5,road_loopA_r0,road_loopA_r1,3311.5,3431.3,119.8,1297.7,39.0,1
1358,car,4.5,road_loopA_r0,road_loopA_r1,3322.1,3432.7,110.6,1297.7,42.3,0
1322,truck,8.5,road_loopA_r0,road_loopA_r1,3291.5,3432.9,141.4,1298.5,33.1,1
1335,car,4.5,road_loopA_r0,road_loopA_r1,3304.3,3434.5,130.2,1297.5,35.9,1
1341,car,4.5,road_loopA_r0,road_loopA_r1,3309.8,3436.0,126.2,1297.7,37.0,1
1360,truck,8.5,road_loopA_r0,road_loopA_r1,3323.1,3436.1,113.0,1297.9,41.4,0
1323,car,4.5,road_loopA_r0,road_loopA_r1,3292.2,3437.7,145.5,1298.3,32.1,1
1327,suv,4.8,road_loopA_f0,road_loopA_f1,3294.2,3438.3,144.1,1303.7,32.6,1
1344,suv,4.8,road_loopA_r0,road_loopA_r1,3311.7,3438.6,126.9,1297.7,36.8,1
1381,car,4.5,road_loopA_r0,road_loopA_r1,3347.4,3439.6,92.2,1298.7,50.7,0
1321,truck,8.5,road_loopA_f0,road_loopA_f1,3291.2,3439.7,148.5,1303.9,31.6,1
1346,truck,8.5,road_loopA_r0,road_loopA_r1,3313.6,3439.8,126.2,1297.4,37.0,0
1353,car,4.5,road_loopA_r0,road_loopA_r1,3320.4,3440.4,120.0,1297.7,38.9,0
1330,suv,4.8,road_loopA_f0,road_loopA_f1,3298.0,3441.4,143.4,1304.0,32.7,1
1356,car,4.5,road_loopA_r0,road_loopA_r1,3321.5,3442.1,120.6,1297.5,38.7,1
1362,car,4.5,road_loopA_r0,road_loopA_r1,3324.6,3442.5,117.9,1297.3,39.6,0
1386,car,4.5,road_loopA_r0,road_loopA_r1,3352.5,3442.8,90.3,1297.4,51.7,0
1363,car,4.5,road_loopA_r0,road_loopA_r1,3324.7,3443.9,119.2,1298.0,39.2,0
1316,car,4.5,road_loopA_f0,road_loopA_f1,3288.9,3444.1,155.2,1303.0,30.2,1
1372,car,4.5,road_loopA_r0,road_loopA_r1,3336.3,3444.3,108.0,1297.5,43.3,0
1342,suv,4.8,road_loopA_f0,road_loopA_f1,3309.9,3444.7,134.8,1302.8,34.8,1
1326,car,4.5,road_loopA_f0,road_loopA_f1,3293.7,3445.2,151.5,1302.9,30.9,1
1383,car,4.5,road_loopA_r0,road_loopA_r1,3350.5,3445.5,95.0,1298.0,49.2,0
1367,suv,4.8,road_loopA_r0,road_loopA_r1,3329.7,3445.7,116.0,1298.6,40.3,0
1328,car,4.5,road_loopA_f0,road_loopA_f1,3296.9,3447.4,150.5,1302.8,31.2,1
1373,car,4.5,road_loopA_r0,road_loopA_r1,3337.8,3447.4,109.6,1298.0,42.6,0
1357,car,4.5,road_loopA_f0,road_loopA_f1,3322.0,3448.2,126.2,1303.9,37.2,1
1337,car,4.5,road_loopA_f0,road_loopA_f1,3305.3,3448.7,143.4,1303.2,32.7,1
1375,suv,4.8,road_loopA_r0,road_loopA_r1,3344.3,3449.0,104.7,1297.5,44.6,0
1369,car,4.5,xloopA_0Ba,road_loopA_f1,3333.6,3449.8,116.2,903.0,28.0,1
1347,suv,4.8,road_loopA_f0,road_loopA_f1,3315.1,3450.4,135.3,1302.8,34.7,1
1396,car,4.5,road_loopA_r0,road_loopA_r1,3359.2,3450.6,91.4,1298.0,51.1,0
1339,suv,4.8,road_loopA_f0,road_loopA_f1,3306.2,3450.9,144.7,1303.7,32.4,1
1320,suv,4.8,road_loopA_f0,road_loopA_f1,3291.3,3451.9,160.6,1303.0,29.2,1
1334,car,4.5,road_loopA_f0,road_loopA_f1,3302.6,3452.6,150.0,1304.1,31.3,1
1324,car,4.5,road_loopA_f0,road_loopA_f1,3293.2,3453.6,160.4,1303.4,29.3,1
1368,car,4.5,road_loopA_f0,road_loopA_f1,3333.2,3453.7,120.5,1302.9,38.9,1
1378,car,4.5,road_loopA_r0,road_loopA_r1,3346.3,3454.6,108.3,1298.1,43.2,0
1400,truck,8.5,road_loopA_r0,road_loopA_r1,3362.0,3455.2,93.2,1297.7,50.1,0
1329,car,4.5,road_loopA_f0,road_loopA_f1,3296.9,3455.3,158.4,1303.8,29.6,1
1374,car,4.5,road_loopA_f0,road_loopA_f1,3340.6,3456.3,115.7,1302.8,40.5,1
1388,car,4.5,road_loopA_r0,road_loopA_r1,3354.5,3456.3,101.8,1297.6,45.9,0
1376,bus,11.0,road_loopA_r0,road_loopA_r1,3344.9,3456.4,111.5,1297.5,41.9,0
1355,suv,4.8,road_loopA_f0,road_loopA_f1,3321.3,3456.9,135.6,1303.1,34.6,1
1394,car,4.5,road_loopA_r0,road_loopA_r1,3358.0,3458.1,100.1,1298.5,46.7,0
1345,car,4.5,road_loopA_f0,road_loopA_f1,3312.8,3458.3,145.5,1303.6,32.3,1
1395,car,4.5,road_loopA_r0,road_loopA_r1,3358.2,3458.5,100.3,1297.6,46.6,0
1359,car,4.5,road_loopA_f0,road_loopA_f1,3322.4,3458.7,136.3,1303.6,34.4,1
1390,car,4.5,road_loopA_f0,road_loopA_f1,3355.5,3459.2,103.7,1303.8,45.3,0
1350,car,4.5,road_loopA_f0,road_loopA_f1,3318.0,3460.1,142.1,1303.9,33.0,1
1397,car,4.5,road_loopA_r0,road_loopA_r1,3359.7,3460.3,100.6,1298.5,46.5,0
1377,car,4.5,road_loopA_f0,road_loopA_f1,3345.1,3460.4,115.3,1303.7,40.7,0
1410,car,4.5,road_loopA_r0,road_loopA_r1,3371.6,3461.1,89.5,1297.7,52.2,0
1020,car,4.5,road_loopA_r0,xloopA_0Bb,3022.4,3461.5,439.1,895.4,7.3,4
1384,car,4.5,road_loopA_f0,road_loopA_f1,3350.7,3461.9,111.2,1303.6,42.2,0
1361,car,4.5,road_loopA_f0,road_loopA_f1,3323.9,3462.0,138.1,1303.6,34.0,1
1299,suv,4.8,road_loopA_f0,xloopA_0Ab,3274.6,3462.1,187.5,505.4,9.7,2
1370,suv,4.8,road_loopA_f0,road_loopA_f1,3334.3,3463.0,128.7,1303.3,36.5,1
1403,car,4.5,road_loopA_f0,road_loopA_f1,3367.6,3463.0,95.4,1303.8,49.2,0
1062,suv,4.8,road_loopA_r0,xloopA_0Bb,3050.3,3464.2,413.9,895.9,7.8,3
1303,car,4.5,road_loopA_f0,xloopA_0Ab,3275.9,3464.7,188.8,505.1,9.6,2
1385,car,4.5,road_loopA_f0,road_loopA_f1,3351.7,3464.9,113.2,1302.8,41.4,0
1387,car,4.5,road_loopA_f0,road_loopA_f1,3354.5,3465.4,110.9,1303.0,42.3,0
1407,suv,4.8,road_loopA_f0,road_loopA_f1,3370.0,3465.5,95.5,1302.9,49.1,0
1067,car,4.5,road_loopA_r0,xloopA_0Bb,3054.7,3466.8,412.1,895.3,7.8,3
1398,suv,4.8,road_loopA_f0,road_loopA_f1,3359.9,3467.2,107.3,1303.0,43.7,0
1406,car,4.5,road_loopA_r0,road_loopA_r1,3369.1,3467.3,98.2,1297.7,47.6,0
1305,suv,4.8,road_loopA_f0,xloopA_0Ab,3277.3,3467.4,190.1,505.3,9.6,2
1412,suv,4.8,road_loopA_r0,road_loopA_r1,3375.3,3468.5,93.2,1298.4,50.2,0
1416,suv,4.8,road_loopA_f0,road_loopA_f1,3378.2,3468.7,90.5,1303.3,51.8,0
1380,suv,4.8,road_loopA_f0,road_loopA_f1,3347.3,3469.4,122.1,1303.7,38.5,0
1411,truck,8.5,road_loopA_r0,road_loopA_r1,3373.1,3469.4,96.3,1297.5,48.5,0
1116,suv,4.8,road_loopA_r0,xloopA_0Bb,3103.5,3469.6,366.1,896.0,8.8,3
1349,suv,4.8,road_loopA_f0,xloopA_0Ab,3316.1,3470.1,154.0,505.3,11.8,1
1402,car,4.5,road_loopA_f0,road_loopA_f1,3365.2,3470.7,105.5,1303.2,44.5,0
1399,suv,4.8,road_loopA_f0,road_loopA_f1,3361.8,3471.1,109.3,1302.8,42.9,0
1405,car,4.5,road_loopA_r0,road_loopA_r1,3368.7,3471.5,102.8,1297.9,45.5,0
1409,car,4.5,road_loopA_r0,road_loopA_r1,3370.8,3471.7,100.9,1297.3,46.3,0
1408,car,4.5,road_loopA_f0,road_loopA_f1,3370.1,3471.8,101.7,1304.0,46.1,0
1136,suv,4.8,road_loopA_r0,xloopA_0Bb,3119.9,3472.3,352.4,896.0,9.2,3
1404,car,4.5,road_loopA_f0,road_loopA_f1,3367.9,3472.4,104.5,1303.7,44.9,0
1413,car,4.5,road_loopA_r0,road_loopA_r1,3375.4,3475.3,99.9,1298.3,46.8,0
1421,suv,4.8,road_loopA_r0,road_loopA_r1,3385.7,3475.7,90.0,1298.6,51.9,0
1393,car,4.5,xloopA_0Aa,xloopA_0Ab,3356.4,3477.0,120.6,84.3,2.5,1
1401,car,4.5,xloopA_0Ba,xloopA_0Bb,3363.9,3477.3,113.4,84.3,2.7,1
1419,truck,8.5,road_loopA_f0,road_loopA_f1,3384.4,3478.1,93.7,1303.9,50.1,0
1464,car,4.5,xloopA_0Aa,xloopA_0Ab,3424.9,3479.0,54.1,84.1,5.6,1
1422,car,4.5,road_loopA_f0,road_loopA_f1,3389.7,3479.1,89.4,1303.1,52.5,0
1417,car,4.5,xloopA_0Ba,xloopA_0Bb,3378.6,3479.4,100.8,84.1,3.0,1
1420,car,4.5,xloopA_0Ba,xloopA_0Bb,3385.0,3481.6,96.6,84.7,3.2,1
1508,car,4.5,xloopA_0Aa,xloopA_0Ab,3463.2,3483.0,19.8,84.1,15.3,0
1418,car,4.5,road_loopA_f0,road_loopA_f1,3382.5,3483.2,100.7,1303.5,46.6,0
1414,car,4.5,road_loopA_f0,road_loopA_f1,3376.7,3483.9,107.2,1303.6,43.8,0
1415,truck,8.5,road_loopA_r0,road_loopA_r1,3377.2,3484.4,107.2,1298.3,43.6,0
1424,car,4.5,road_loopA_f0,road_loopA_f1,3391.7,3484.9,93.2,1303.3,50.3,0
1525,car,4.5,xloopA_0Ba,xloopA_0Bb,3472.8,3485.0,12.2,84.1,24.8,0
1431,suv,4.8,road_loopA_f0,road_loopA_f1,3393.5,3490.3,96.8,1303.1,48.5,0
1433,suv,4.8,road_loopA_f0,road_loopA_f1,3393.7,3490.7,97.0,1303.3,48.4,0
1435,suv,4.8,road_loopA_f0,road_loopA_f1,3394.4,3492.1,97.7,1303.9,48.0,0
1438,car,4.5,road_loopA_f0,road_loopA_f1,3400.0,3493.8,93.8,1303.0,50.0,0
1348,bus,11.0,road_loopA_r0,road_loopA_r1,3315.4,3499.3,183.9,1297.3,25.4,2
1430,suv,4.8,road_loopA_f0,road_loopA_f1,3393.3,3499.6,106.3,1302.8,44.1,0
1441,car,4.5,road_loopA_f0,road_loopA_f1,3409.2,3502.1,92.9,1303.6,50.5,0
1446,car,4.5,road_loopA_f0,road_loopA_f1,3412.9,3502.2,89.3,1303.1,52.5,0
1434,car,4.5,road_loopA_r0,xloopA_0Ab,3394.0,3503.4,109.4,869.2,28.6,2
1507,suv,4.8,road_loopA_f0,xloopA_0Bb,3461.7,3503.4,41.7,479.2,41.4,0
1442,car,4.5,road_loopA_f0,road_loopA_f1,3410.7,3503.8,93.1,1303.2,50.4,0
1444,car,4.5,road_loopA_r0,xloopA_0Ab,3411.0,3507.0,96.0,869.0,32.6,1
1437,car,4.5,road_loopA_f0,road_loopA_f1,3398.3,3514.6,116.3,1302.8,40.3,0
1352,bus,11.0,road_loopA_f0,road_loopA_f1,3318.6,3514.9,196.3,1303.1,23.9,7
1457,car,4.5,road_loopA_r0,xloopA_0Ab,3420.2,3516.8,96.6,869.2,32.4,1
1493,car,4.5,road_loopA_r0,xloopA_0Ab,3449.4,3520.0,70.6,869.1,44.3,0
1425,car,4.5,road_loopA_r0,road_loopA_r1,3391.8,3520.1,128.3,1297.4,36.4,1
1436,suv,4.8,road_loopA_r0,road_loopA_r1,3396.8,3524.6,127.8,1297.7,36.6,1
1432,car,4.5,road_loopA_r0,road_loopA_r1,3393.5,3525.3,131.8,1297.9,35.5,1
1439,car,4.5,road_loopA_r0,road_loopA_r1,3404.3,3527.8,123.5,1297.9,37.8,1
1443,car,4.5,road_loopA_r0,road_loopA_r1,3410.8,3530.7,119.9,1297.9,39.0,1
1448,car,4.5,road_loopA_r0,road_loopA_r1,3415.5,3531.3,115.8,1297.7,40.3,1
1467,car,4.5,road_loopA_r0,road_loopA_r1,3426.8,3533.6,106.8,1298.5,43.8,0
1452,car,4.5,road_loopA_r0,road_loopA_r1,3417.8,3533.7,115.9,1297.8,40.3,1
1456,suv,4.8,road_loopA_r0,road_loopA_r1,3420.2,3536.1,115.9,1297.3,40.3,0
1459,suv,4.8,road_loopA_r0,road_loopA_r1,3420.7,3536.2,115.5,1297.3,40.4,0
1489,car,4.5,road_loopA_r0,xloopA_0Ab,3445.7,3536.9,91.2,869.0,34.3,1
1427,car,4.5,road_loopA_r0,road_loopA_r1,3392.2,3537.6,145.4,1298.4,32.1,1
1476,car,4.5,road_loopA_r0,road_loopA_r1,3433.7,3538.6,104.9,1298.6,44.6,0
1472,car,4.5,road_loopA_r0,road_loopA_r1,3430.3,3539.3,109.0,1297.3,42.8,0
1545,car,4.5,road_loopA_f0,xloopA_0Bb,3499.4,3539.3,39.9,478.6,43.2,0
1463,suv,4.8,road_loopA_r0,road_loopA_r1,3423.4,3542.1,118.7,1297.5,39.3,0
1481,truck,8.5,road_loopA_r0,road_loopA_r1,3438.5,3544.8,106.3,1298.5,44.0,0
1426,car,4.5,road_loopA_r0,road_loopA_r1,3392.0,3544.9,152.9,1298.1,30.6,1
1451,car,4.5,road_loopA_r0,road_loopA_r1,3417.7,3546.3,128.6,1298.2,36.3,0
1488,suv,4.8,road_loopA_r0,road_loopA_r1,3445.6,3547.2,101.6,1297.7,46.0,0
1497,car,4.5,road_loopA_r0,road_loopA_r1,3454.1,3548.5,94.4,1298.5,49.5,0
1423,suv,4.8,road_loopA_r0,road_loopA_r1,3391.4,3549.3,157.9,1297.5,29.6,1
1450,car,4.5,road_loopA_f0,road_loopA_f1,3417.4,3549.3,131.9,1303.9,35.6,1
1504,car,4.5,road_loopA_r0,road_loopA_r1,3458.7,3550.2,91.5,1297.9,51.1,0
1460,car,4.5,road_loopA_r0,road_loopA_r1,3422.2,3550.6,128.4,1298.0,36.4,0
1458,car,4.5,road_loopA_f0,road_loopA_f1,3420.4,3551.0,130.6,1303.9,35.9,1
1477,car,4.5,xloopA_0Aa,road_loopA_r1,3434.2,3551.5,117.3,506.6,15.6,1
1454,car,4.5,road_loopA_f0,road_loopA_f1,3418.8,3551.8,133.0,1303.6,35.3,1
1461,car,4.5,road_loopA_r0,road_loopA_r1,3422.4,3552.2,129.8,1297.9,36.0,0
1462,car,4.5,road_loopA_f0,road_loopA_f1,3423.0,3552.3,129.3,1302.9,36.3,1
1501,car,4.5,road_loopA_r0,road_loopA_r1,3457.6,3552.8,95.2,1297.7,49.1,0
1428,car,4.5,road_loopA_r0,road_loopA_r1,3392.8,3553.8,161.0,1297.9,29.0,1
1480,car,4.5,road_loopA_r0,road_loopA_r1,3437.9,3553.9,116.0,1297.6,40.3,0
1466,truck,8.5,road_loopA_f0,road_loopA_f1,3426.0,3555.0,129.0,1302.8,36.4,1
1440,suv,4.8,road_loopA_r0,road_loopA_r1,3407.0,3555.4,148.4,1297.5,31.5,1
1487,car,4.5,road_loopA_r0,road_loopA_r1,3445.0,3555.7,110.7,1297.9,42.2,0
1509,suv,4.8,road_loopA_r0,road_loopA_r1,3463.6,3556.3,92.7,1297.9,50.4,0
1445,car,4.5,road_loopA_r0,road_loopA_r1,3412.5,3557.2,144.7,1297.8,32.3,1
1571,car,4.5,road_loopA_f0,xloopA_0Bb,3517.4,3557.4,40.0,478.8,43.1,0
1473,car,4.5,road_loopA_f0,road_loopA_f1,3431.2,3558.0,126.8,1303.0,37.0,1
1490,suv,4.8,road_loopA_r0,road_loopA_r1,3445.9,3558.4,112.5,1297.3,41.5,0
1455,car,4.5,road_loopA_r0,road_loopA_r1,3419.0,3558.9,139.9,1297.4,33.4,0
1469,truck,8.5,road_loopA_f0,road_loopA_f1,3428.5,3559.7,131.2,1304.1,35.8,1
1474,suv,4.8,road_loopA_f0,road_loopA_f1,3432.2,3559.8,127.6,1302.9,36.8,1
1517,car,4.5,road_loopA_r0,road_loopA_r1,3467.8,3560.3,92.5,1298.4,50.5,0
1471,truck,8.5,road_loopA_r0,road_loopA_r1,3430.1,3561.1,131.0,1297.8,35.7,0
1479,car,4.5,road_loopA_f0,road_loopA_f1,3437.7,3561.6,123.9,1302.9,37.9,1
1522,car,4.5,road_loopA_r0,road_loopA_r1,3472.3,3562.0,89.7,1298.0,52.1,0
1483,suv,4.8,road_loopA_f0,road_loopA_f1,3442.6,3562.1,119.5,1303.7,39.3,1
1468,car,4.5,road_loopA_f0,road_loopA_f1,3428.0,3564.9,136.9,1303.9,34.3,1
1519,truck,8.5,road_loopA_r0,road_loopA_r1,3468.2,3566.6,98.4,1297.7,47.5,0
1523,suv,4.8,road_loopA_r0,road_loopA_r1,3472.6,3567.9,95.3,1297.7,49.0,0
1484,car,4.5,road_loopA_f0,road_loopA_f1,3444.3,3568.3,124.0,1303.6,37.9,1
1528,car,4.5,road_loopA_r0,road_loopA_r1,3478.6,3568.5,89.9,1298.7,52.0,0
1485,car,4.5,road_loopA_f0,road_loopA_f1,3444.7,3569.6,124.9,1303.9,37.6,1
1491,car,4.5,road_loopA_f0,road_loopA_f1,3447.3,3570.1,122.8,1303.6,38.2,1
1502,truck,8.5,road_loopA_r0,road_loopA_r1,3458.1,3570.3,112.2,1298.1,41.7,0
1516,car,4.5,road_loopA_r0,road_loopA_r1,3467.6,3571.3,103.7,1297.3,45.0,0
1494,car,4.5,road_loopA_f0,road_loopA_f1,3450.2,3572.2,122.0,1304.1,38.5,1
1499,suv,4.8,road_loopA_f0,road_loopA_f1,3455.6,3573.8,118.2,1302.9,39.7,1
1453,suv,4.8,road_loopA_f0,road_loopA_f1,3418.4,3574.7,156.3,1303.1,30.0,1
1144,suv,4.8,road_loopA_r0,xloopA_0Bb,3125.7,3575.0,449.3,895.8,7.2,4
1475,car,4.5,road_loopA_f0,xloopA_0Ab,3432.6,3575.5,142.9,505.2,12.7,1
1510,truck,8.5,road_loopA_f0,road_loopA_f1,3464.1,3576.1,112.0,1303.9,41.9,0
1478,car,4.5,road_loopA_f0,road_loopA_f1,3437.7,3576.8,139.1,1303.0,33.7,1
1520,truck,8.5,road_loopA_r0,road_loopA_r1,3469.2,3577.2,108.0,1298.0,43.3,0
1245,car,4.5,road_loopA_r0,xloopA_0Bb,3228.9,3577.6,348.7,895.6,9.2,3
1496,suv,4.8,road_loopA_f0,road_loopA_f1,3452.9,3577.7,124.8,1302.8,37.6,1
1535,car,4.5,road_loopA_r0,road_loopA_r1,3487.6,3578.0,90.4,1298.3,51.7,0
1506,suv,4.8,road_loopA_f0,xloopA_0Ab,3460.9,3578.1,117.2,504.9,15.5,1
1521,car,4.5,road_loopA_f0,road_loopA_f1,3470.8,3578.2,107.4,1303.9,43.7,0
1498,suv,4.8,road_loopA_f0,road_loopA_f1,3454.8,3579.6,124.8,1303.0,37.6,0
1250,car,4.5,road_loopA_r0,xloopA_0Bb,3234.4,3580.2,345.8,895.3,9.3,3
1524,car,4.5,road_loopA_f0,road_loopA_f1,3472.6,3580.5,107.9,1303.7,43.5,0
1513,suv,4.8,road_loopA_f0,xloopA_0Ab,3466.3,3580.9,114.6,505.7,15.9,1
1540,car,4.5,road_loopA_r0,road_loopA_r1,3492.4,3581.5,89.1,1297.3,52.4,0
1500,car,4.5,road_loopA_f0,road_loopA_f1,3457.5,3582.1,124.6,1303.7,37.7,0
1254,suv,4.8,road_loopA_r0,xloopA_0Bb,3238.4,3583.0,344.6,896.0,9.4,3
1526,suv,4.8,road_loopA_f0,road_loopA_f1,3473.7,3583.6,109.9,1303.2,42.7,0
1541,suv,4.8,road_loopA_f0,xloopA_0Ab,3493.8,3583.6,89.8,505.6,20.3,1
1512,car,4.5,road_loopA_f0,road_loopA_f1,3464.8,3583.7,118.9,1303.0,39.4,0
1486,car,4.5,xloopA_0Ba,road_loopA_f1,3445.0,3583.9,138.9,902.9,23.4,0
1539,car,4.5,road_loopA_r0,road_loopA_r1,3492.4,3584.7,92.3,1298.2,50.6,0
1449,car,4.5,road_loopA_f0,road_loopA_f1,3416.3,3585.5,169.2,1303.1,27.7,1
1273,car,4.5,road_loopA_r0,xloopA_0Bb,3250.4,3585.6,335.2,895.4,9.6,3
1503,suv,4.8,road_loopA_f0,road_loopA_f1,3458.7,3585.6,126.9,1303.8,37.0,0
1567,car,4.5,road_loopA_f0,xloopA_0Ab,3514.7,3586.2,71.5,505.0,25.4,1
1536,car,4.5,road_loopA_f0,road_loopA_f1,3488.6,3586.9,98.3,1303.7,47.7,0
1465,car,4.5,road_loopA_f0,road_loopA_f1,3425.2,3587.2,162.0,1304.1,29.0,1
1527,car,4.5,road_loopA_f0,road_loopA_f1,3477.7,3588.7,111.0,1303.7,42.3,0
1547,car,4.5,road_loopA_r0,road_loopA_r1,3499.9,3589.2,89.3,1297.4,52.3,0
1470,truck,8.5,road_loopA_f0,road_loopA_f1,3430.1,3589.3,159.2,1302.8,29.5,1
1570,car,4.5,xloopA_0Aa,xloopA_0Ab,3517.3,3590.1,72.8,84.4,4.2,1
1538,car,4.5,road_loopA_f0,road_loopA_f1,3490.3,3590.6,100.3,1304.0,46.8,0
1530,car,4.5,xloopA_0Ba,xloopA_0Bb,3482.7,3590.8,108.1,84.5,2.8,1
1492,car,4.5,road_loopA_f0,road_loopA_f1,3447.7,3591.5,143.8,1303.5,32.6,1
1546,car,4.5,road_loopA_r0,road_loopA_r1,3499.4,3592.3,92.9,1298.1,50.3,0
1533,car,4.5,road_loopA_r0,road_loopA_r1,3485.9,3592.4,106.5,1297.8,43.9,0
1566,car,4.5,xloopA_0Ba,xloopA_0Bb,3513.6,3592.8,79.2,84.0,3.8,1
1544,car,4.5,road_loopA_f0,road_loopA_f1,3498.9,3593.1,94.2,1304.1,49.8,0
1511,suv,4.8,road_loopA_f0,road_loopA_f1,3464.7,3593.2,128.5,1303.6,36.5,1
1531,car,4.5,road_loopA_f0,road_loopA_f1,3484.1,3593.5,109.4,1302.8,42.9,0
1518,suv,4.8,road_loopA_f0,road_loopA_f1,3468.2,3594.9,126.7,1303.0,37.0,0
1594,car,4.5,xloopA_0Ba,xloopA_0Bb,3538.3,3595.1,56.8,84.4,5.4,1
1543,car,4.5,road_loopA_f0,road_loopA_f1,3496.4,3596.2,99.8,1303.1,47.0,0
1537,suv,4.8,road_loopA_r0,road_loopA_r1,3489.0,3596.8,107.8,1298.3,43.4,0
1515,car,4.5,road_loopA_f0,road_loopA_f1,3467.5,3597.0,129.5,1303.7,36.2,0
1588,car,4.5,xloopA_0Aa,xloopA_0Ab,3532.5,3597.0,64.5,84.3,4.7,0
1551,car,4.5,road_loopA_f0,road_loopA_f1,3503.7,3597.9,94.2,1303.5,49.8,0
1529,car,4.5,road_loopA_f0,road_loopA_f1,3479.0,3598.7,119.7,1303.1,39.2,0
1558,suv,4.8,road_loopA_f0,road_loopA_f1,3509.0,3598.9,89.9,1303.7,52.2,0
1597,car,4.5,xloopA_0Aa,xloopA_0Ab,3540.0,3599.2,59.2,84.1,5.1,0
1626,car,4.5,xloopA_0Ba,xloopA_0Bb,3561.7,3599.3,37.6,84.2,8.1,0
1552,suv,4.8,road_loopA_f0,road_loopA_f1,3504.0,3599.6,95.6,1303.7,49.1,0
1599,car,4.5,xloopA_0Aa,xloopA_0Ab,3542.7,3601.1,58.4,84.6,5.2,0
1557,car,4.5,road_loopA_f0,road_loopA_f1,3507.5,3601.3,93.8,1303.0,50.0,0
1542,suv,4.8,road_loopA_f0,road_loopA_f1,3496.0,3601.4,105.4,1303.3,44.5,0
1633,car,4.5,xloopA_0Ba,xloopA_0Bb,3564.5,3601.5,37.0,84.5,8.2,0
1563,car,4.5,road_loopA_f0,road_loopA_f1,3511.3,3602.9,91.6,1302.9,51.2,0
1621,car,4.5,xloopA_0Aa,xloopA_0Ab,3558.2,3603.0,44.8,84.1,6.8,0
1656,car,4.5,xloopA_0Ba,xloopA_0Bb,3585.9,3605.1,19.2,84.4,15.9,0
1657,car,4.5,xloopA_0Aa,xloopA_0Ab,3586.3,3606.2,19.9,84.3,15.2,0
1548,suv,4.8,road_loopA_f0,road_loopA_f1,3501.0,3606.3,105.3,1303.1,44.5,0
1559,suv,4.8,road_loopA_f0,road_loopA_f1,3509.0,3608.0,99.0,1302.8,47.4,0
1665,car,4.5,xloopA_0Aa,xloopA_0Ab,3590.6,3608.0,17.4,84.6,17.5,0
1560,car,4.5,road_loopA_f0,road_loopA_f1,3509.1,3610.0,100.9,1302.8,46.5,0
1562,car,4.5,road_loopA_f0,road_loopA_f1,3510.8,3611.5,100.7,1303.5,46.6,0
1569,car,4.5,road_loopA_f0,road_loopA_f1,3516.4,3613.1,96.7,1304.0,48.5,0
1561,suv,4.8,road_loopA_f0,road_loopA_f1,3510.3,3618.9,108.6,1303.5,43.2,0
1575,car,4.5,road_loopA_f0,road_loopA_f1,3525.5,3623.0,97.5,1303.0,48.1,0
1581,car,4.5,road_loopA_f0,road_loopA_f1,3527.2,3623.1,95.9,1303.4,49.0,0
1549,car,4.5,road_loopA_r0,xloopA_0Ab,3501.5,3632.5,131.0,869.1,23.9,3
1642,suv,4.8,road_loopA_f0,xloopA_0Bb,3573.4,3633.6,60.2,479.1,28.7,1
1658,car,4.5,road_loopA_f0,xloopA_0Bb,3586.5,3637.0,50.5,478.8,34.1,0
1679,car,4.5,road_loopA_f0,xloopA_0Bb,3597.9,3639.8,41.9,478.8,41.1,0
1611,car,4.5,xloopA_0Ba,road_loopA_r1,3554.1,3642.3,88.2,476.8,19.5,0
1585,car,4.5,xloopA_0Aa,road_loopA_r1,3529.3,3644.8,115.5,506.7,15.8,1
1644,car,4.5,road_loopA_r0,xloopA_0Ab,3574.9,3644.9,70.0,869.1,44.7,0
1553,suv,4.8,road_loopA_r0,road_loopA_r1,3506.0,3649.6,143.6,1297.9,32.5,1
1555,car,4.5,road_loopA_r0,road_loopA_r1,3506.5,3651.1,144.6,1297.3,32.3,1
1556,car,4.5,road_loopA_r0,road_loopA_r1,3506.9,3652.7,145.8,1298.1,32.0,1
1641,car,4.5,xloopA_0Aa,road_loopA_r1,3571.1,3653.0,81.9,506.6,22.3,0
1564,car,4.5,road_loopA_r0,road_loopA_r1,3512.0,3654.2,142.2,1298.5,32.9,1
1565,truck,8.5,road_loopA_r0,road_loopA_r1,3512.5,3658.1,145.6,1297.4,32.1,1
1554,truck,8.5,road_loopA_r0,road_loopA_r1,3506.3,3658.8,152.5,1298.0,30.6,1
1534,bus,11.0,road_loopA_r0,road_loopA_r1,3487.4,3659.9,172.5,1298.3,27.1,1
1568,car,4.5,road_loopA_r0,road_loopA_r1,3516.2,3660.8,144.6,1297.8,32.3,1
1672,car,4.5,road_loopA_r0,xloopA_0Ab,3593.7,3661.7,68.0,869.1,46.0,0
1550,car,4.5,road_loopA_r0,road_loopA_r1,3502.7,3662.3,159.6,1298.3,29.3,1
1573,suv,4.8,road_loopA_r0,road_loopA_r1,3522.3,3662.6,140.3,1298.3,33.3,1
1576,car,4.5,road_loopA_r0,road_loopA_r1,3525.8,3662.7,136.9,1297.7,34.1,1
1572,suv,4.8,road_loopA_r0,road_loopA_r1,3519.0,3663.9,144.9,1297.6,32.2,1
1579,suv,4.8,road_loopA_r0,road_loopA_r1,3526.6,3664.6,138.0,1298.3,33.9,1
1582,car,4.5,road_loopA_r0,road_loopA_r1,3528.9,3664.6,135.7,1298.2,34.4,1
1643,car,4.5,road_loopA_r0,xloopA_0Ab,3573.8,3664.8,91.0,869.2,34.4,1
1709,car,4.5,road_loopA_f0,xloopA_0Bb,3625.0,3665.4,40.4,478.8,42.7,0
1574,car,4.5,road_loopA_r0,road_loopA_r1,3524.5,3665.7,141.2,1298.4,33.1,1
1583,suv,4.8,road_loopA_r0,road_loopA_r1,3528.9,3666.3,137.4,1297.4,34.0,1
1577,car,4.5,road_loopA_r0,road_loopA_r1,3525.8,3667.4,141.6,1298.2,33.0,1
1591,suv,4.8,road_loopA_r0,road_loopA_r1,3536.0,3668.1,132.1,1298.6,35.4,1
1715,car,4.5,road_loopA_f0,xloopA_0Bb,3629.9,3668.8,38.9,478.8,44.3,0
1589,car,4.5,road_loopA_r0,road_loopA_r1,3532.4,3669.1,136.7,1297.5,34.2,1
1607,car,4.5,road_loopA_r0,road_loopA_r1,3550.7,3669.7,119.0,1297.7,39.3,1
1595,suv,4.8,road_loopA_r0,road_loopA_r1,3539.5,3670.9,131.4,1297.4,35.6,1
1609,suv,4.8,road_loopA_r0,road_loopA_r1,3552.1,3672.3,120.2,1297.6,38.9,0
1604,car,4.5,road_loopA_r0,road_loopA_r1,3548.3,3672.9,124.6,1297.5,37.5,0
1612,car,4.5,road_loopA_r0,road_loopA_r1,3554.8,3674.8,120.0,1297.4,38.9,0
1721,truck,8.5,road_loopA_f0,xloopA_0Bb,3635.5,3674.8,39.3,479.0,43.9,0
1586,car,4.5,road_loopA_f0,road_loopA_f1,3530.3,3677.0,146.7,1303.5,32.0,1
1600,suv,4.8,road_loopA_r0,road_loopA_r1,3543.7,3677.1,133.4,1297.7,35.0,1
1610,truck,8.5,road_loopA_r0,road_loopA_r1,3553.6,3677.6,124.0,1297.6,37.7,1
1615,car,4.5,road_loopA_r0,road_loopA_r1,3555.8,3678.0,122.2,1297.6,38.2,1
1613,car,4.5,road_loopA_r0,road_loopA_r1,3555.1,3679.0,123.9,1298.3,37.7,1
1625,suv,4.8,road_loopA_r0,road_loopA_r1,3561.5,3679.7,118.2,1297.9,39.5,0
1590,car,4.5,road_loopA_f0,road_loopA_f1,3534.6,3680.1,145.5,1303.2,32.2,1
1635,car,4.5,road_loopA_r0,road_loopA_r1,3565.9,3680.7,114.8,1298.6,40.7,1
1630,car,4.5,road_loopA_r0,road_loopA_r1,3563.6,3681.5,117.9,1298.6,39.6,0
1601,car,4.5,road_loopA_f0,road_loopA_f1,3543.9,3681.9,138.0,1304.1,34.0,1
1637,truck,8.5,road_loopA_r0,road_loopA_r1,3566.9,3683.7,116.8,1298.5,40.0,0
1623,car,4.5,road_loopA_r0,road_loopA_r1,3560.5,3684.8,124.3,1298.1,37.6,1
1616,car,4.5,road_loopA_f0,road_loopA_f1,3556.0,3684.9,128.9,1303.0,36.4,1
1596,car,4.5,road_loopA_f0,road_loopA_f1,3539.7,3686.2,146.5,1303.1,32.0,1
1629,car,4.5,road_loopA_r0,road_loopA_r1,3563.6,3686.6,123.0,1298.3,38.0,0
1638,car,4.5,road_loopA_r0,road_loopA_r1,3567.0,3686.9,119.9,1297.5,38.9,0
1617,suv,4.8,road_loopA_f0,road_loopA_f1,3556.0,3687.6,131.6,1302.9,35.6,1
1646,car,4.5,road_loopA_r0,road_loopA_r1,3575.9,3688.9,113.0,1298.2,41.3,0
1631,car,4.5,road_loopA_r0,road_loopA_r1,3563.9,3689.4,125.5,1297.4,37.2,0
1603,car,4.5,road_loopA_f0,road_loopA_f1,3545.8,3689.6,143.8,1304.0,32.7,1
1655,car,4.5,road_loopA_r0,road_loopA_r1,3585.7,3690.2,104.5,1298.0,44.7,0
1734,car,4.5,road_loopA_f0,xloopA_0Bb,3648.0,3690.9,42.9,478.8,40.1,0
1651,car,4.5,road_loopA_r0,road_loopA_r1,3580.2,3691.1,110.9,1298.4,42.2,0
1622,car,4.5,road_loopA_f0,road_loopA_f1,3560.0,3691.2,131.2,1303.2,35.8,1
1659,car,4.5,road_loopA_r0,road_loopA_r1,3586.5,3691.3,104.8,1298.4,44.6,0
1605,car,4.5,road_loopA_f0,road_loopA_f1,3548.8,3691.4,142.6,1303.6,32.9,1
1676,car,4.5,road_loopA_r0,road_loopA_r1,3595.8,3693.3,97.5,1297.4,47.9,0
1660,truck,8.5,road_loopA_r0,road_loopA_r1,3588.2,3694.0,105.8,1297.4,44.1,0
1687,car,4.5,road_loopA_r0,road_loopA_r1,3604.4,3694.1,89.7,1298.0,52.1,0
1683,truck,8.5,road_loopA_r0,road_loopA_r1,3600.5,3695.6,95.1,1298.4,49.1,0
1584,car,4.5,road_loopA_f0,road_loopA_f1,3529.1,3696.5,167.4,1303.7,28.0,1
1627,truck,8.5,road_loopA_f0,road_loopA_f1,3562.0,3696.6,134.6,1303.9,34.9,1
1681,car,4.5,road_loopA_r0,road_loopA_r1,3599.6,3696.6,97.0,1297.8,48.2,0
1691,car,4.5,road_loopA_r0,road_loopA_r1,3607.5,3697.1,89.6,1297.9,52.2,0
1592,truck,8.5,road_loopA_f0,road_loopA_f1,3537.0,3698.6,161.6,1303.3,29.0,1
1632,car,4.5,road_loopA_f0,road_loopA_f1,3564.3,3698.6,134.3,1303.6,35.0,1
1598,car,4.5,road_loopA_f0,road_loopA_f1,3542.2,3700.1,157.9,1302.9,29.7,1
1620,car,4.5,road_loopA_f0,road_loopA_f1,3557.8,3701.4,143.6,1303.4,32.7,1
1279,car,4.5,road_loopA_r0,xloopA_0Bb,3254.5,3702.1,447.6,895.4,7.2,4
1699,suv,4.8,road_loopA_r0,road_loopA_r1,3611.2,3702.1,90.9,1297.6,51.4,0
1647,car,4.5,road_loopA_f0,road_loopA_f1,3576.8,3702.6,125.8,1303.7,37.3,1
1606,suv,4.8,road_loopA_f0,xloopA_0Ab,3549.1,3702.7,153.6,505.2,11.8,1
1652,car,4.5,road_loopA_f0,road_loopA_f1,3581.6,3704.2,122.6,1303.3,38.3,1
1701,truck,8.5,road_loopA_r0,road_loopA_r1,3612.1,3704.3,92.2,1298.5,50.7,0
1382,car,4.5,road_loopA_r0,xloopA_0Bb,3348.5,3704.7,356.2,895.5,9.1,3
1608,car,4.5,road_loopA_f0,xloopA_0Ab,3552.0,3705.3,153.3,504.9,11.9,1
1649,suv,4.8,road_loopA_f0,road_loopA_f1,3579.3,3706.0,126.7,1303.8,37.0,1
1700,suv,4.8,road_loopA_r0,road_loopA_r1,3611.8,3706.3,94.5,1298.0,49.4,0
1392,suv,4.8,road_loopA_r0,xloopA_0Bb,3356.0,3707.4,351.4,895.8,9.2,3
1587,car,4.5,xloopA_0Aa,road_loopA_f1,3532.2,3707.8,175.6,872.3,17.9,1
1702,car,4.5,road_loopA_r0,road_loopA_r1,3612.6,3707.9,95.3,1297.9,49.1,0
1662,car,4.5,road_loopA_f0,road_loopA_f1,3589.5,3708.0,118.5,1303.7,39.6,19
1664,suv,4.8,road_loopA_f0,xloopA_0Ab,3590.3,3708.0,117.7,504.9,15.4,1
1532,bus,11.0,road_loopA_r0,road_loopA_r1,3485.2,3709.1,223.9,1297.7,20.9,4
1705,car,4.5,road_loopA_r0,road_loopA_r1,3615.0,3709.6,94.6,1298.0,49.4,0
1671,car,4.5,road_loopA_f0,road_loopA_f1,3593.6,3709.8,116.2,1303.7,40.4,2
1429,suv,4.8,road_loopA_r0,xloopA_0Bb,3393.3,3710.1,316.8,895.7,10.2,2
1602,car,4.5,road_loopA_f0,road_loopA_f1,3545.1,3710.7,165.6,1303.1,28.3,1
1677,car,4.5,road_loopA_f0,xloopA_0Ab,3596.7,3710.7,114.0,505.0,16.0,2
1618,car,4.5,road_loopA_f0,road_loopA_f1,3556.4,3711.6,155.2,1303.6,30.2,1
1482,car,4.5,road_loopA_r0,xloopA_0Bb,3441.7,3712.8,271.1,895.7,11.9,2
1716,car,4.5,road_loopA_f0,xloopA_0Ab,3631.4,3713.4,82.0,505.2,22.2,1
1639,truck,8.5,road_loopA_f0,road_loopA_f1,3568.6,3713.7,145.1,1303.2,32.3,1
1654,car,4.5,road_loopA_f0,road_loopA_f1,3584.3,3715.5,131.2,1303.6,35.8,0
1692,truck,8.5,road_loopA_r0,road_loopA_r1,3607.8,3715.8,108.0,1298.4,43.3,0
1634,truck,8.5,road_loopA_f0,road_loopA_f1,3564.5,3716.1,151.6,1303.5,31.0,1
1673,truck,8.5,road_loopA_f0,road_loopA_f1,3593.8,3717.6,123.8,1302.8,37.9,0
1697,car,4.5,road_loopA_r0,road_loopA_r1,3609.7,3717.6,107.9,1298.5,43.3,0
1650,truck,8.5,road_loopA_f0,road_loopA_f1,3579.6,3718.0,138.4,1304.0,33.9,1
1712,suv,4.8,road_loopA_r0,road_loopA_r1,3628.6,3718.3,89.7,1297.3,52.1,0
1711,car,4.5,xloopA_0Aa,xloopA_0Ab,3625.5,3719.0,93.5,84.0,3.2,1
1686,car,4.5,road_loopA_f0,road_loopA_f1,3602.2,3719.1,116.9,1303.3,40.1,0
1694,car,4.5,road_loopA_f0,road_loopA_f1,3608.7,3720.6,111.9,1303.7,42.0,0
1690,car,4.5,xloopA_0Ba,xloopA_0Bb,3606.9,3720.7,113.8,84.6,2.7,1
1748,car,4.5,xloopA_0Aa,xloopA_0Ab,3658.4,3721.1,62.7,84.6,4.9,1
1668,car,4.5,road_loopA_f0,road_loopA_f1,3591.5,3721.2,129.7,1303.5,36.2,1
1680,car,4.5,road_loopA_f0,road_loopA_f1,3598.3,3721.6,123.3,1303.7,38.1,0
1725,car,4.5,xloopA_0Ba,xloopA_0Bb,3638.3,3722.9,84.6,84.1,3.6,1
1684,car,4.5,road_loopA_f0,road_loopA_f1,3602.0,3723.4,121.4,1303.3,38.7,0
1765,car,4.5,xloopA_0Aa,xloopA_0Ab,3668.2,3724.5,56.3,84.0,5.4,0
1750,car,4.5,xloopA_0Ba,xloopA_0Bb,3658.8,3725.0,66.2,84.4,4.6,0
1669,truck,8.5,road_loopA_f0,road_loopA_f1,3591.5,3725.7,134.2,1303.3,35.0,0
1698,car,4.5,road_loopA_f0,road_loopA_f1,3609.8,3726.0,116.2,1303.5,40.4,0
1674,car,4.5,road_loopA_f0,road_loopA_f1,3594.6,3726.4,131.8,1304.0,35.6,0
1776,car,4.5,xloopA_0Aa,xloopA_0Ab,3675.9,3726.6,50.7,84.3,6.0,0
1704,suv,4.8,road_loopA_r0,road_loopA_r1,3614.3,3726.8,112.5,1297.5,41.5,0
1713,suv,4.8,road_loopA_f0,road_loopA_f1,3629.2,3727.7,98.5,1303.1,47.6,0
1793,car,4.5,xloopA_0Ba,xloopA_0Bb,3689.6,3728.0,38.4,84.1,7.9,0
1724,car,4.5,road_loopA_f0,road_loopA_f1,3637.5,3729.7,92.2,1303.9,50.9,0
1661,suv,4.8,road_loopA_f0,road_loopA_f1,3588.9,3730.0,141.1,1303.2,33.3,1
1722,suv,4.8,road_loopA_f0,road_loopA_f1,3636.3,3731.9,95.6,1303.5,49.1,0
1804,car,4.5,xloopA_0Ba,xloopA_0Bb,3696.5,3732.3,35.8,84.6,8.5,0
1663,truck,8.5,road_loopA_f0,road_loopA_f1,3589.7,3732.4,142.7,1303.6,32.9,1
1727,car,4.5,road_loopA_f0,road_loopA_f1,3641.4,3733.7,92.3,1303.4,50.8,0
1812,car,4.5,xloopA_0Ba,xloopA_0Bb,3703.5,3734.5,31.0,84.5,9.8,0
1728,car,4.5,road_loopA_f0,road_loopA_f1,3642.2,3735.6,93.4,1303.2,50.2,0
1814,car,4.5,xloopA_0Ba,xloopA_0Bb,3704.8,3736.6,31.8,84.6,9.6,0
1624,car,4.5,road_loopA_f0,road_loopA_f1,3560.7,3737.5,176.8,1303.0,26.5,1
1636,bus,11.0,road_loopA_f0,road_loopA_f1,3566.2,3738.4,172.2,1302.9,27.2,3
1720,car,4.5,road_loopA_f0,road_loopA_f1,3635.1,3738.8,103.7,1303.2,45.2,0
1678,car,4.5,road_loopA_f0,road_loopA_f1,3597.4,3739.4,142.0,1303.3,33.0,0
1682,car,4.5,road_loopA_f0,road_loopA_f1,3599.8,3741.3,141.5,1303.6,33.2,0
1703,car,4.5,road_loopA_f0,road_loopA_f1,3612.9,3741.4,128.5,1302.9,36.5,0
1706,truck,8.5,road_loopA_f0,road_loopA_f1,3616.4,3743.7,127.3,1303.5,36.9,0
1619,bus,11.0,road_loopA_f0,road_loopA_f1,3557.7,3744.9,187.2,1303.1,25.1,3
1675,car,4.5,road_loopA_f0,road_loopA_f1,3595.4,3745.4,150.0,1303.7,31.3,1
1685,car,4.5,road_loopA_f0,road_loopA_f1,3602.1,3745.8,143.7,1304.1,32.7,0
1733,car,4.5,road_loopA_f0,road_loopA_f1,3647.9,3747.1,99.2,1303.3,47.3,0
1666,car,4.5,xloopA_0Ba,road_loopA_f1,3590.5,3747.5,157.0,902.3,20.7,0
1732,suv,4.8,road_loopA_f0,road_loopA_f1,3647.4,3747.6,100.2,1302.9,46.8,0
1614,car,4.5,road_loopA_f0,road_loopA_f1,3555.6,3749.2,193.6,1303.3,24.2,1
1710,car,4.5,road_loopA_r0,xloopA_0Ab,3625.3,3749.3,124.0,869.0,25.2,1
1731,car,4.5,road_loopA_f0,road_loopA_f1,3646.5,3749.5,103.0,1302.9,45.5,0
1743,suv,4.8,road_loopA_f0,xloopA_0Bb,3652.7,3750.3,97.6,479.0,17.7,1
1628,car,4.5,road_loopA_f0,road_loopA_f1,3562.4,3750.9,188.5,1303.8,24.9,1
1718,car,4.5,road_loopA_f0,road_loopA_f1,3633.5,3751.1,117.6,1303.6,39.9,0
1640,car,4.5,road_loopA_f0,road_loopA_f1,3570.4,3752.6,182.2,1303.2,25.8,1
1708,car,4.5,road_loopA_f0,road_loopA_f1,3620.6,3753.8,133.2,1303.3,35.2,0
1740,car,4.5,road_loopA_f0,road_loopA_f1,3650.2,3754.2,104.0,1303.8,45.1,0
1648,car,4.5,road_loopA_f0,road_loopA_f1,3578.0,3754.3,176.3,1304.0,26.6,1
1744,car,4.5,road_loopA_f0,road_loopA_f1,3652.9,3755.6,102.7,1302.9,45.7,1
1653,car,4.5,road_loopA_f0,road_loopA_f1,3582.0,3755.9,173.9,1303.4,27.0,1
1693,car,4.5,road_loopA_f0,road_loopA_f1,3608.4,3757.6,149.2,1304.0,31.5,1
1736,car,4.5,road_loopA_f0,road_loopA_f1,3649.1,3758.2,109.1,1303.6,43.0,0
1707,suv,4.8,road_loopA_f0,road_loopA_f1,3616.8,3759.1,142.3,1303.9,33.0,0
1766,car,4.5,road_loopA_r0,xloopA_0Ab,3669.8,3759.2,89.4,869.0,35.0,1
1696,suv,4.8,road_loopA_f0,road_loopA_f1,3609.2,3759.3,150.1,1303.7,31.3,0
1767,car,4.5,road_loopA_f0,xloopA_0Bb,3669.9,3759.9,90.0,478.7,19.1,2
1763,car,4.5,road_loopA_r0,xloopA_0Ab,3667.6,3768.7,101.1,869.2,31.0,1
1723,car,4.5,road_loopA_f0,road_loopA_f1,3636.5,3771.1,134.6,1303.4,34.9,0
1667,car,4.5,xloopA_0Aa,road_loopA_r1,3590.7,3774.5,183.8,506.7,9.9,1
1719,suv,4.8,road_loopA_r0,road_loopA_r1,3634.2,3776.0,141.8,1298.6,33.0,1
1689,car,4.5,xloopA_0Ba,road_loopA_r1,3605.0,3776.6,171.6,476.6,10.0,1
1786,car,4.5,xloopA_0Ba,road_loopA_r1,3685.8,3778.6,92.8,476.6,18.5,0
1807,car,4.5,xloopA_0Aa,road_loopA_r1,3698.7,3779.0,80.3,507.0,22.7,0
1730,car,4.5,road_loopA_r0,road_loopA_r1,3642.9,3779.1,136.2,1297.7,34.3,1
1714,car,4.5,road_loopA_r0,road_loopA_r1,3629.6,3780.5,150.9,1297.4,31.0,1
1829,car,4.5,xloopA_0Aa,road_loopA_r1,3718.3,3781.2,62.9,507.2,29.0,0
1717,truck,8.5,road_loopA_r0,road_loopA_r1,3632.7,3782.4,149.7,1298.6,31.2,1
1754,car,4.5,road_loopA_r0,road_loopA_r1,3661.0,3783.5,122.5,1298.1,38.1,1
1729,car,4.5,road_loopA_r0,road_loopA_r1,3642.6,3785.1,142.5,1297.8,32.8,1
1761,car,4.5,road_loopA_r0,road_loopA_r1,3666.5,3786.8,120.3,1297.7,38.8,1
1832,car,4.5,xloopA_0Aa,road_loopA_r1,3722.3,3788.7,66.4,506.7,27.5,0
1762,car,4.5,road_loopA_r0,road_loopA_r1,3667.1,3789.7,122.6,1298.6,38.1,1
1737,suv,4.8,road_loopA_r0,road_loopA_r1,3649.5,3791.5,142.0,1298.2,32.9,1
1751,suv,4.8,road_loopA_r0,road_loopA_r1,3659.1,3792.4,133.3,1297.8,35.0,1
1755,car,4.5,road_loopA_r0,road_loopA_r1,3661.3,3794.5,133.2,1297.8,35.1,1
1746,car,4.5,road_loopA_r0,road_loopA_r1,3653.8,3794.8,141.0,1297.5,33.1,1
1688,car,4.5,road_loopA_r0,road_loopA_r1,3604.5,3795.1,190.6,1298.0,24.5,1
1759,car,4.5,road_loopA_r0,road_loopA_r1,3666.2,3796.2,130.0,1297.8,35.9,1
1764,truck,8.5,road_loopA_r0,road_loopA_r1,3668.0,3796.5,128.5,1298.3,36.4,1
1726,truck,8.5,road_loopA_r0,road_loopA_r1,3640.9,3797.3,156.4,1297.8,29.9,1
1783,suv,4.8,road_loopA_r0,road_loopA_r1,3682.6,3798.6,116.0,1298.1,40.3,1
1758,truck,8.5,road_loopA_r0,road_loopA_r1,3664.6,3798.9,134.3,1298.1,34.8,0
1777,suv,4.8,road_loopA_r0,road_loopA_r1,3677.3,3799.5,122.2,1298.2,38.2,1
1792,car,4.5,road_loopA_r0,road_loopA_r1,3689.5,3800.8,111.3,1297.8,42.0,0
1784,suv,4.8,road_loopA_r0,road_loopA_r1,3682.7,3800.9,118.2,1297.3,39.5,0
1791,car,4.5,road_loopA_r0,road_loopA_r1,3689.2,3801.2,112.0,1298.3,41.7,0
1742,car,4.5,road_loopA_f0,road_loopA_f1,3651.3,3802.7,151.4,1302.9,31.0,1
1876,car,4.5,road_loopA_f0,xloopA_0Bb,3761.4,3802.7,41.3,478.8,41.7,0
1782,car,4.5,road_loopA_r0,road_loopA_r1,3682.3,3802.8,120.5,1297.3,38.8,0
1788,suv,4.8,road_loopA_r0,road_loopA_r1,3686.5,3803.0,116.5,1297.9,40.1,0
1806,car,4.5,road_loopA_r0,road_loopA_r1,3697.9,3803.7,105.8,1297.3,44.1,0
1802,car,4.5,road_loopA_r0,road_loopA_r1,3695.9,3804.5,108.6,1297.7,43.0,0
1808,car,4.5,road_loopA_r0,road_loopA_r1,3698.9,3804.7,105.8,1297.6,44.2,0
1745,car,4.5,road_loopA_f0,road_loopA_f1,3653.0,3806.2,153.2,1303.2,30.6,1
1821,car,4.5,road_loopA_r0,road_loopA_r1,3708.8,3807.3,98.5,1298.7,47.5,0
1790,suv,4.8,road_loopA_r0,road_loopA_r1,3687.6,3807.6,120.0,1298.2,39.0,0
1752,car,4.5,road_loopA_f0,road_loopA_f1,3659.4,3807.8,148.4,1303.3,31.6,1
1815,car,4.5,road_loopA_r0,road_loopA_r1,3704.9,3808.1,103.2,1297.6,45.2,0
1825,car,4.5,road_loopA_r0,xloopA_0Ab,3714.6,3808.8,94.2,869.3,33.2,1
1760,car,4.5,road_loopA_f0,road_loopA_f1,3666.3,3809.3,143.0,1303.7,32.8,1
1800,car,4.5,road_loopA_r0,road_loopA_r1,3694.6,3809.4,114.8,1298.3,40.7,0
1756,truck,8.5,road_loopA_f0,road_loopA_f1,3663.4,3810.0,146.6,1303.1,32.0,1
1816,car,4.5,road_loopA_r0,road_loopA_r1,3705.1,3810.8,105.7,1298.0,44.2,0
1811,suv,4.8,road_loopA_r0,road_loopA_r1,3703.5,3811.1,107.6,1297.9,43.4,0
1826,car,4.5,road_loopA_r0,road_loopA_r1,3714.6,3811.1,96.5,1298.2,48.4,0
1749,suv,4.8,road_loopA_f0,road_loopA_f1,3658.7,3811.4,152.7,1303.5,30.7,1
1771,car,4.5,road_loopA_f0,road_loopA_f1,3672.7,3812.7,140.0,1303.6,33.5,1
1813,suv,4.8,road_loopA_r0,road_loopA_r1,3704.5,3813.0,108.5,1297.9,43.1,0
1819,car,4.5,road_loopA_r0,road_loopA_r1,3707.0,3813.6,106.6,1297.5,43.8,0
1820,car,4.5,road_loopA_r0,road_loopA_r1,3707.5,3814.7,107.2,1298.0,43.6,0
1889,suv,4.8,road_loopA_f0,xloopA_0Bb,3771.1,3815.4,44.3,479.1,39.0,0
1833,car,4.5,road_loopA_r0,road_loopA_r1,3722.2,3815.7,93.5,1297.8,50.0,0
1772,car,4.5,road_loopA_f0,road_loopA_f1,3674.3,3816.2,141.9,1303.9,33.1,1
1824,car,4.5,road_loopA_r0,road_loopA_r1,3712.7,3816.5,103.8,1298.3,45.0,0
1837,car,4.5,road_loopA_r0,road_loopA_r1,3723.8,3818.3,94.5,1297.9,49.5,0
1779,truck,8.5,road_loopA_f0,road_loopA_f1,3681.0,3818.6,137.6,1302.8,34.1,1
1823,car,4.5,road_loopA_r0,road_loopA_r1,3711.1,3818.9,107.8,1297.3,43.3,0
1809,suv,4.8,road_loopA_r0,road_loopA_r1,3699.5,3820.1,120.6,1298.1,38.8,1
1827,car,4.5,road_loopA_r0,road_loopA_r1,3715.5,3820.7,105.2,1297.9,44.4,0
1835,car,4.5,road_loopA_r0,road_loopA_r1,3723.4,3821.6,98.2,1297.7,47.6,0
1789,suv,4.8,road_loopA_f0,road_loopA_f1,3687.4,3822.2,134.8,1302.9,34.8,1
1774,car,4.5,road_loopA_f0,road_loopA_f1,3675.1,3822.4,147.3,1303.1,31.8,1
1757,suv,4.8,road_loopA_f0,road_loopA_f1,3663.7,3822.5,158.8,1303.2,29.6,1
1803,car,4.5,road_loopA_r0,road_loopA_r1,3696.2,3822.5,126.3,1298.1,37.0,1
1770,car,4.5,road_loopA_f0,road_loopA_f1,3672.4,3824.3,151.9,1303.0,30.9,1
1670,bus,11.0,road_loopA_r0,road_loopA_r1,3592.8,3825.1,232.3,1298.2,20.1,3
1795,truck,8.5,road_loopA_f0,road_loopA_f1,3690.5,3826.6,136.1,1303.2,34.5,1
1781,suv,4.8,road_loopA_f0,road_loopA_f1,3681.9,3827.0,145.1,1303.1,32.3,1
1785,car,4.5,road_loopA_f0,road_loopA_f1,3684.6,3827.9,143.3,1302.8,32.7,1
1801,car,4.5,road_loopA_f0,road_loopA_f1,3694.7,3828.6,133.9,1303.3,35.1,1
1505,car,4.5,road_loopA_r0,xloopA_0Bb,3459.0,3829.3,370.3,895.4,8.7,3
1798,suv,4.8,road_loopA_f0,road_loopA_f1,3692.4,3829.6,137.2,1303.0,34.2,1
1797,suv,4.8,road_loopA_f0,xloopA_0Ab,3692.2,3830.0,137.8,505.7,13.2,1
1799,car,4.5,road_loopA_f0,road_loopA_f1,3694.2,3830.9,136.7,1302.9,34.3,1
1780,car,4.5,road_loopA_f0,road_loopA_f1,3681.9,3831.4,149.5,1303.4,31.4,1
1495,truck,8.5,road_loopA_r0,xloopA_0Bb,3452.7,3832.7,380.0,895.2,8.5,3
1805,car,4.5,road_loopA_f0,road_loopA_f1,3697.8,3832.8,135.0,1303.7,34.8,1
1735,car,4.5,road_loopA_f0,road_loopA_f1,3648.6,3833.2,184.6,1303.6,25.4,1
1796,car,4.5,road_loopA_f0,road_loopA_f1,3690.8,3833.8,143.0,1303.9,32.8,1
1848,suv,4.8,road_loopA_r0,road_loopA_r1,3736.2,3834.1,97.9,1297.4,47.7,0
1822,car,4.5,road_loopA_f0,road_loopA_f1,3710.9,3834.6,123.7,1303.9,38.0,1
1738,car,4.5,road_loopA_f0,road_loopA_f1,3649.9,3834.8,184.9,1303.4,25.4,1
1514,car,4.5,road_loopA_r0,xloopA_0Bb,3466.2,3835.8,369.6,895.7,8.7,3
1773,car,4.5,road_loopA_f0,road_loopA_f1,3674.5,3836.3,161.8,1303.1,29.0,1
1852,suv,4.8,road_loopA_r0,road_loopA_r1,3739.4,3836.3,96.9,1297.7,48.2,0
1753,truck,8.5,road_loopA_f0,road_loopA_f1,3659.7,3836.9,177.2,1303.7,26.5,1
1843,car,4.5,road_loopA_f0,road_loopA_f1,3731.0,3837.0,106.0,1303.1,44.2,0
1794,truck,8.5,road_loopA_f0,road_loopA_f1,3690.1,3837.3,147.2,1303.9,31.9,1
1578,suv,4.8,road_loopA_r0,xloopA_0Bb,3526.5,3838.5,312.0,895.8,10.3,2
1769,suv,4.8,road_loopA_f0,road_loopA_f1,3671.6,3838.9,167.3,1304.1,28.1,1
1846,car,4.5,road_loopA_f0,road_loopA_f1,3732.3,3839.9,107.6,1302.8,43.6,0
1778,truck,8.5,road_loopA_f0,road_loopA_f1,3678.5,3841.1,162.6,1302.9,28.9,1
1856,truck,8.5,road_loopA_r0,road_loopA_r1,3741.1,3841.6,100.5,1298.3,46.5,0
1851,suv,4.8,road_loopA_f0,road_loopA_f1,3739.1,3842.2,103.1,1303.4,45.5,0
1857,car,4.5,road_loopA_r0,road_loopA_r1,3741.9,3843.2,101.3,1297.4,46.1,0
1855,car,4.5,road_loopA_f0,road_loopA_f1,3741.1,3843.9,102.8,1302.8,45.6,0
1817,suv,4.8,road_loopA_f0,road_loopA_f1,3705.1,3844.2,139.1,1303.0,33.7,1
1849,car,4.5,xloopA_0Aa,xloopA_0Ab,3736.9,3844.4,107.5,84.5,2.8,1
1844,suv,4.8,road_loopA_r0,road_loopA_r1,3731.8,3844.6,112.8,1298.2,41.4,0
1818,car,4.5,xloopA_0Ba,xloopA_0Bb,3705.8,3845.2,139.4,84.1,2.2,1
1866,car,4.5,road_loopA_r0,road_loopA_r1,3753.4,3845.5,92.1,1297.5,50.7,0
1841,truck,8.5,road_loopA_f0,road_loopA_f1,3728.7,3845.9,117.2,1302.8,40.0,0
1861,car,4.5,road_loopA_f0,road_loopA_f1,3747.0,3846.2,99.2,1303.5,47.3,0
1858,truck,8.5,road_loopA_r0,road_loopA_r1,3742.5,3846.7,104.2,1297.8,44.8,0
1836,car,4.5,xloopA_0Ba,xloopA_0Bb,3723.9,3847.4,123.5,84.6,2.5,1
1828,car,4.5,road_loopA_f0,road_loopA_f1,3715.8,3848.0,132.2,1302.8,35.5,0
1870,car,4.5,road_loopA_f0,road_loopA_f1,3756.5,3848.1,91.6,1303.0,51.2,0
1845,car,4.5,road_loopA_f0,road_loopA_f1,3732.1,3849.1,117.0,1303.3,40.1,0
1842,car,4.5,xloopA_0Ba,xloopA_0Bb,3730.6,3850.1,119.5,84.1,2.5,0
1847,suv,4.8,road_loopA_f0,road_loopA_f1,3736.1,3850.9,114.8,1302.8,40.9,0
1862,suv,4.8,road_loopA_f0,road_loopA_f1,3747.4,3851.0,103.6,1303.5,45.3,0
1853,truck,8.5,road_loopA_r0,road_loopA_r1,3740.2,3851.3,111.1,1297.4,42.0,0
1859,car,4.5,xloopA_0Ba,xloopA_0Bb,3745.5,3852.3,106.8,84.6,2.9,0
1854,suv,4.8,road_loopA_f0,road_loopA_f1,3740.8,3852.7,111.9,1303.5,41.9,0
1890,car,4.5,xloopA_0Aa,xloopA_0Ab,3772.3,3853.3,81.0,84.2,3.7,0
1860,suv,4.8,road_loopA_f0,road_loopA_f1,3746.7,3854.5,107.8,1302.9,43.5,0
1838,car,4.5,road_loopA_r0,road_loopA_r1,3725.6,3854.8,129.2,1298.1,36.2,0
1926,car,4.5,xloopA_0Aa,xloopA_0Ab,3810.0,3855.2,45.2,84.2,6.7,0
1864,car,4.5,road_loopA_f0,road_loopA_f1,3750.9,3855.3,104.4,1302.8,44.9,0
1831,suv,4.8,road_loopA_f0,road_loopA_f1,3722.0,3857.0,135.0,1304.0,34.8,0
1880,car,4.5,road_loopA_f0,road_loopA_f1,3765.1,3857.1,92.0,1303.7,51.0,0
1941,car,4.5,xloopA_0Aa,xloopA_0Ab,3827.5,3857.1,29.6,84.2,10.2,0
1810,suv,4.8,road_loopA_f0,road_loopA_f1,3701.1,3857.5,156.4,1303.4,30.0,1
1882,car,4.5,road_loopA_f0,road_loopA_f1,3765.9,3858.8,92.9,1303.0,50.5,0
1875,truck,8.5,road_loopA_f0,road_loopA_f1,3760.2,3860.3,100.1,1303.4,46.9,0
1865,car,4.5,road_loopA_f0,road_loopA_f1,3751.0,3860.4,109.4,1303.2,42.9,0
1885,suv,4.8,road_loopA_f0,road_loopA_f1,3768.4,3860.7,92.3,1303.9,50.8,0
1871,suv,4.8,road_loopA_r0,xloopA_0Ab,3756.8,3863.5,106.7,869.2,29.3,2
1872,truck,8.5,road_loopA_f0,road_loopA_f1,3757.0,3867.1,110.1,1303.3,42.6,0
1850,bus,11.0,road_loopA_f0,road_loopA_f1,3738.8,3871.6,132.8,1303.2,35.3,1
1906,car,4.5,road_loopA_f0,xloopA_0Bb,3790.8,3872.0,81.2,478.6,21.2,1
1891,suv,4.8,road_loopA_f0,road_loopA_f1,3774.8,3875.9,101.1,1303.3,46.4,0
1840,bus,11.0,road_loopA_f0,road_loopA_f1,3727.8,3877.7,149.9,1302.9,31.3,2
1886,car,4.5,road_loopA_f0,road_loopA_f1,3769.4,3879.6,110.2,1303.9,42.6,0
1892,truck,8.5,road_loopA_f0,road_loopA_f1,3775.8,3880.8,105.0,1302.8,44.6,0
1950,car,4.5,road_loopA_f0,xloopA_0Bb,3839.2,3881.6,42.4,478.9,40.7,0
1881,car,4.5,road_loopA_f0,road_loopA_f1,3765.5,3882.0,116.5,1303.4,40.3,0
1893,car,4.5,road_loopA_f0,road_loopA_f1,3775.8,3882.9,107.1,1304.0,43.8,0
1884,suv,4.8,road_loopA_f0,road_loopA_f1,3768.1,3888.5,120.4,1303.8,39.0,0
1863,car,4.5,road_loopA_r0,road_loopA_r1,3750.3,3889.3,139.0,1298.1,33.6,1
1768,bus,11.0,road_loopA_f0,road_loopA_f1,3671.5,3891.7,220.2,1303.1,21.3,4
1879,car,4.5,road_loopA_r0,road_loopA_r1,3763.3,3892.3,129.0,1298.2,36.2,1
1883,car,4.5,road_loopA_r0,road_loopA_r1,3767.5,3894.8,127.3,1298.5,36.7,1
1878,suv,4.8,road_loopA_r0,road_loopA_r1,3763.2,3898.2,135.0,1297.6,34.6,1
1877,suv,4.8,road_loopA_r0,road_loopA_r1,3763.2,3901.6,138.4,1297.6,33.7,1
1899,car,4.5,road_loopA_r0,road_loopA_r1,3787.0,3903.3,116.3,1297.5,40.1,1
1921,car,4.5,xloopA_0Ba,road_loopA_r1,3804.9,3903.8,98.9,476.5,17.4,0
1905,car,4.5,road_loopA_r0,road_loopA_r1,3790.5,3905.2,114.7,1297.7,40.7,1
1874,car,4.5,road_loopA_r0,road_loopA_r1,3759.4,3905.4,146.0,1297.5,32.0,1
1873,car,4.5,xloopA_0Aa,road_loopA_r1,3757.4,3906.7,149.3,506.7,12.2,1
1910,car,4.5,road_loopA_r0,road_loopA_r1,3795.2,3906.8,111.6,1298.4,41.9,0
1867,car,4.5,road_loopA_r0,road_loopA_r1,3755.7,3907.4,151.7,1298.1,30.8,1
1868,suv,4.8,road_loopA_r0,road_loopA_r1,3755.7,3908.3,152.6,1297.3,30.6,1
1916,suv,4.8,road_loopA_r0,road_loopA_r1,3801.0,3908.7,107.7,1298.2,43.4,0
1887,suv,4.8,road_loopA_r0,road_loopA_r1,3770.0,3909.1,139.1,1298.3,33.6,1
1888,truck,8.5,road_loopA_r0,road_loopA_r1,3770.2,3910.5,140.3,1297.7,33.3,1
1927,suv,4.8,road_loopA_r0,road_loopA_r1,3810.7,3910.5,99.8,1298.5,46.8,0
1903,car,4.5,road_loopA_r0,road_loopA_r1,3789.6,3910.9,121.3,1298.4,38.5,1
1894,car,4.5,road_loopA_r0,road_loopA_r1,3776.9,3912.5,135.6,1298.3,34.5,1
1929,suv,4.8,road_loopA_r0,road_loopA_r1,3812.0,3912.8,100.8,1297.7,46.3,0
1904,truck,8.5,road_loopA_r0,road_loopA_r1,3789.7,3912.9,123.2,1298.3,37.9,1
1895,car,4.5,road_loopA_r0,road_loopA_r1,3780.2,3914.2,134.0,1297.7,34.9,1
1920,car,4.5,road_loopA_r0,road_loopA_r1,3803.2,3914.7,111.5,1298.2,41.9,0
1932,car,4.5,road_loopA_r0,road_loopA_r1,3815.1,3914.7,99.6,1298.2,46.9,0
1900,car,4.5,road_loopA_r0,road_loopA_r1,3787.0,3916.0,129.0,1298.1,36.2,1
1912,suv,4.8,road_loopA_r0,road_loopA_r1,3796.8,3916.4,119.6,1297.9,39.1,0
1913,suv,4.8,road_loopA_r0,road_loopA_r1,3798.4,3916.5,118.1,1297.4,39.5,0
1908,suv,4.8,road_loopA_r0,road_loopA_r1,3792.7,3917.7,125.0,1297.9,37.4,1
1937,car,4.5,road_loopA_r0,road_loopA_r1,3821.4,3917.9,96.5,1297.4,48.4,0
1898,car,4.5,road_loopA_f0,road_loopA_f1,3786.9,3920.3,133.4,1302.9,35.2,1
1915,car,4.5,road_loopA_r0,road_loopA_r1,3800.2,3920.7,120.5,1297.5,38.8,0
1938,suv,4.8,road_loopA_r0,road_loopA_r1,3823.8,3921.0,97.2,1297.3,48.1,0
1958,car,4.5,road_loopA_r0,xloopA_0Ab,3850.9,3922.1,71.2,869.2,44.0,0
1919,car,4.5,road_loopA_r0,road_loopA_r1,3803.0,3922.5,119.5,1298.5,39.1,0
1940,suv,4.8,road_loopA_r0,road_loopA_r1,3827.3,3922.7,95.4,1297.6,49.0,0
1897,suv,4.8,road_loopA_f0,road_loopA_f1,3786.1,3923.0,136.9,1303.8,34.3,1
1939,car,4.5,road_loopA_r0,road_loopA_r1,3825.5,3924.3,98.8,1298.0,47.3,0
1902,car,4.5,road_loopA_f0,road_loopA_f1,3787.7,3924.7,137.0,1303.8,34.3,1
1924,suv,4.8,road_loopA_f0,road_loopA_f1,3806.9,3926.9,120.0,1303.6,39.1,1
1918,suv,4.8,road_loopA_f0,road_loopA_f1,3802.0,3929.7,127.7,1304.1,36.8,1
2000,car,4.5,road_loopA_f0,xloopA_0Bb,3886.2,3929.9,43.7,478.5,39.4,0
1907,car,4.5,road_loopA_f0,road_loopA_f1,3792.1,3932.2,140.1,1303.9,33.5,1
1931,car,4.5,road_loopA_f0,road_loopA_f1,3814.5,3932.4,117.9,1304.0,39.8,1
1923,car,4.5,road_loopA_f0,road_loopA_f1,3806.3,3933.8,127.5,1302.8,36.8,1
1914,car,4.5,road_loopA_f0,road_loopA_f1,3799.2,3934.0,134.8,1303.7,34.8,1
1949,car,4.5,road_loopA_r0,xloopA_0Ab,3836.7,3934.1,97.4,869.0,32.1,1
1935,car,4.5,road_loopA_f0,road_loopA_f1,3818.5,3934.4,115.9,1303.1,40.5,1
1944,truck,8.5,road_loopA_r0,road_loopA_r1,3829.8,3935.5,105.7,1297.4,44.2,0
1928,car,4.5,road_loopA_f0,road_loopA_f1,3811.5,3936.2,124.7,1303.1,37.6,1
1942,car,4.5,road_loopA_r0,road_loopA_r1,3828.8,3937.1,108.3,1298.1,43.2,0
1951,suv,4.8,road_loopA_r0,road_loopA_r1,3839.5,3937.5,98.0,1298.0,47.7,0
1925,car,4.5,road_loopA_f0,road_loopA_f1,3808.5,3937.8,129.3,1303.4,36.3,1
1943,car,4.5,road_loopA_f0,road_loopA_f1,3829.7,3938.8,109.1,1302.8,43.0,0
1946,car,4.5,road_loopA_r0,road_loopA_r1,3833.0,3938.8,105.8,1298.0,44.1,0
1934,car,4.5,road_loopA_r0,road_loopA_r1,3816.6,3938.9,122.3,1297.4,38.2,0
1922,car,4.5,road_loopA_f0,road_loopA_f1,3806.0,3940.5,134.5,1303.4,34.9,1
1948,car,4.5,road_loopA_r0,road_loopA_r1,3833.7,3940.5,106.8,1298.6,43.8,0
1930,suv,4.8,road_loopA_f0,road_loopA_f1,3813.3,3940.8,127.5,1303.8,36.8,1
1947,truck,8.5,road_loopA_r0,road_loopA_r1,3833.4,3941.0,107.6,1297.6,43.4,0
1917,car,4.5,road_loopA_f0,road_loopA_f1,3801.8,3942.7,140.9,1303.4,33.3,1
1959,car,4.5,road_loopA_r0,road_loopA_r1,3852.8,3942.8,90.0,1298.4,51.9,0
1933,car,4.5,road_loopA_f0,road_loopA_f1,3816.2,3943.6,127.4,1304.0,36.8,1
1954,car,4.5,road_loopA_r0,road_loopA_r1,3847.9,3943.7,95.8,1297.5,48.7,0
1580,suv,4.8,road_loopA_r0,xloopA_0Bb,3526.7,3944.1,417.4,895.6,7.7,3
1869,car,4.5,xloopA_0Aa,road_loopA_f1,3756.1,3944.1,188.0,872.6,16.7,1
1962,suv,4.8,road_loopA_r0,road_loopA_r1,3853.8,3944.6,90.8,1297.8,51.5,0
1909,car,4.5,road_loopA_f0,xloopA_0Ab,3795.0,3944.7,149.7,505.4,12.2,1
1936,car,4.5,road_loopA_f0,road_loopA_f1,3818.8,3946.2,127.4,1303.8,36.8,1
1945,suv,4.8,road_loopA_f0,road_loopA_f1,3832.8,3946.7,113.9,1303.2,41.2,0
1593,suv,4.8,road_loopA_r0,xloopA_0Bb,3538.0,3946.8,408.8,895.9,7.9,3
1964,truck,8.5,road_loopA_r0,road_loopA_r1,3857.0,3947.2,90.2,1297.9,51.8,0
1956,car,4.5,road_loopA_f0,xloopA_0Ab,3848.9,3947.3,98.4,505.4,18.5,1
1955,suv,4.8,road_loopA_f0,road_loopA_f1,3848.1,3948.6,100.5,1304.0,46.7,0
1645,suv,4.8,road_loopA_r0,xloopA_0Bb,3575.5,3949.5,374.0,895.9,8.6,3
1967,suv,4.8,road_loopA_r0,road_loopA_r1,3860.7,3949.7,89.0,1297.3,52.5,0
1952,car,4.5,road_loopA_r0,road_loopA_r1,3844.6,3950.4,105.8,1297.4,44.2,0
1957,car,4.5,road_loopA_f0,road_loopA_f1,3850.5,3950.4,99.9,1304.2,47.0,0
1968,car,4.5,road_loopA_f0,road_loopA_f1,3860.8,3950.9,90.1,1303.5,52.1,0
1839,car,4.5,xloopA_0Ba,road_loopA_f1,3725.9,3951.9,226.0,902.8,14.4,1
1965,car,4.5,road_loopA_f0,road_loopA_f1,3857.8,3952.1,94.3,1303.3,49.8,0
1695,car,4.5,road_loopA_r0,xloopA_0Bb,3608.8,3952.2,343.4,895.7,9.4,3
1963,truck,8.5,road_loopA_r0,road_loopA_r1,3856.1,3952.6,96.5,1298.2,48.4,0
1972,car,4.5,road_loopA_f0,road_loopA_f1,3862.4,3952.7,90.3,1303.5,52.0,0
1969,car,4.5,road_loopA_r0,road_loopA_r1,3861.7,3953.5,91.8,1298.5,50.9,0
2023,car,4.5,road_loopA_f0,xloopA_0Ab,3909.0,3954.4,45.4,505.0,40.1,0
1739,suv,4.8,road_loopA_r0,xloopA_0Bb,3649.9,3954.9,305.0,896.0,10.6,2
1953,car,4.5,road_loopA_f0,road_loopA_f1,3845.1,3955.1,110.0,1302.8,42.6,0
1973,car,4.5,road_loopA_r0,road_loopA_r1,3863.0,3955.6,92.6,1298.4,50.5,0
1966,truck,8.5,road_loopA_r0,road_loopA_r1,3860.6,3956.8,96.2,1297.4,48.5,0
1971,car,4.5,road_loopA_r0,road_loopA_r1,3862.4,3957.9,95.5,1297.4,48.9,0
1960,car,4.5,xloopA_0Aa,xloopA_0Ab,3853.2,3960.2,107.0,84.7,2.8,1
1974,truck,8.5,road_loopA_r0,road_loopA_r1,3865.0,3961.3,96.3,1298.1,48.5,0
1981,car,4.5,road_loopA_f0,road_loopA_f1,3872.4,3962.3,89.9,1303.7,52.2,0
2032,car,4.5,xloopA_0Aa,xloopA_0Ab,3922.8,3965.8,43.0,84.8,7.1,0
2025,car,4.5,xloopA_0Ba,xloopA_0Bb,3916.0,3965.9,49.9,84.2,6.1,1
2029,car,4.5,xloopA_0Ba,xloopA_0Bb,3921.7,3968.1,46.4,84.7,6.6,0
1979,truck,8.5,road_loopA_f0,road_loopA_f1,3871.0,3968.4,97.4,1303.0,48.1,0
2042,car,4.5,xloopA_0Aa,xloopA_0Ab,3933.4,3968.9,35.5,84.7,8.6,0
1975,suv,4.8,road_loopA_f0,road_loopA_f1,3865.1,3969.7,104.6,1303.6,44.9,0
2033,car,4.5,xloopA_0Ba,xloopA_0Bb,3924.1,3970.0,45.9,84.8,6.7,0
1987,car,4.5,road_loopA_f0,road_loopA_f1,3879.0,3971.3,92.3,1302.8,50.8,0
2050,car,4.5,xloopA_0Ba,xloopA_0Bb,3943.8,3971.8,28.0,84.2,10.8,0
1982,car,4.5,road_loopA_f0,road_loopA_f1,3873.7,3972.7,99.0,1303.5,47.4,0
1995,car,4.5,road_loopA_f0,road_loopA_f1,3884.0,3973.4,89.4,1303.0,52.5,0
2062,car,4.5,xloopA_0Ba,xloopA_0Bb,3950.1,3974.1,24.0,84.1,12.6,0
1997,suv,4.8,road_loopA_f0,road_loopA_f1,3885.9,3977.9,92.0,1303.5,51.0,0
1996,car,4.5,road_loopA_f0,road_loopA_f1,3885.1,3978.6,93.5,1303.4,50.2,0
2003,car,4.5,road_loopA_f0,road_loopA_f1,3887.8,3979.6,91.8,1303.1,51.1,0
2001,car,4.5,road_loopA_f0,road_loopA_f1,3887.5,3980.9,93.4,1304.1,50.2,0
2007,car,4.5,road_loopA_f0,road_loopA_f1,3888.7,3983.9,95.2,1303.4,49.3,0
1970,truck,8.5,road_loopA_f0,road_loopA_f1,3862.0,3987.2,125.2,1303.4,37.5,0
2008,car,4.5,road_loopA_f0,road_loopA_f1,3888.9,3987.3,98.4,1303.6,47.7,0
1896,bus,11.0,road_loopA_f0,road_loopA_f1,3785.6,3987.7,202.1,1302.8,23.2,3
2017,suv,4.8,road_loopA_f0,xloopA_0Bb,3897.5,3988.5,91.0,478.9,19.0,2
2012,truck,8.5,road_loopA_f0,road_loopA_f1,3892.3,3988.9,96.6,1303.4,48.6,0
1983,car,4.5,road_loopA_f0,road_loopA_f1,3875.6,3989.2,113.6,1302.8,41.3,0
2014,car,4.5,road_loopA_f0,road_loopA_f1,3894.5,3990.8,96.3,1303.1,48.7,0
2018,car,4.5,road_loopA_f0,road_loopA_f1,3899.7,3990.9,91.2,1303.7,51.4,0
2013,car,4.5,road_loopA_f0,road_loopA_f1,3892.6,3992.3,99.7,1303.3,47.1,0
2006,suv,4.8,road_loopA_f0,road_loopA_f1,3888.7,3992.9,104.2,1303.8,45.0,0
2010,suv,4.8,road_loopA_f0,road_loopA_f1,3889.5,3994.5,105.0,1302.8,44.7,0
1984,suv,4.8,road_loopA_r0,road_loopA_r1,3876.1,4007.7,131.6,1297.4,35.5,1
1976,suv,4.8,road_loopA_r0,road_loopA_r1,3866.4,4009.7,143.3,1297.4,32.6,1
1986,car,4.5,road_loopA_r0,road_loopA_r1,3878.7,4010.5,131.8,1298.6,35.5,1
1991,car,4.5,road_loopA_r0,road_loopA_r1,3881.0,4012.5,131.5,1298.6,35.5,1
1989,car,4.5,road_loopA_r0,road_loopA_r1,3880.0,4012.6,132.6,1297.7,35.2,1
1999,car,4.5,xloopA_0Ba,road_loopA_r1,3886.2,4014.0,127.8,476.8,13.4,1
2009,car,4.5,road_loopA_r0,road_loopA_r1,3889.1,4016.1,127.0,1298.4,36.8,1
2028,suv,4.8,road_loopA_r0,xloopA_0Ab,3921.1,4016.8,95.7,869.5,32.7,1
1985,suv,4.8,road_loopA_r0,road_loopA_r1,3877.1,4017.1,140.0,1298.4,33.4,1
1992,car,4.5,road_loopA_r0,road_loopA_r1,3882.2,4019.7,137.5,1297.8,34.0,1
1994,suv,4.8,road_loopA_r0,road_loopA_r1,3883.3,4022.9,139.6,1298.1,33.5,1
1993,car,4.5,road_loopA_r0,road_loopA_r1,3883.4,4026.1,142.7,1298.4,32.8,1
2011,car,4.5,road_loopA_r0,road_loopA_r1,3890.3,4027.1,136.8,1298.2,34.2,1
2004,suv,4.8,road_loopA_r0,road_loopA_r1,3887.9,4028.8,140.9,1297.6,33.2,1
2027,suv,4.8,road_loopA_r0,road_loopA_r1,3920.6,4029.0,108.4,1298.0,43.1,0
1741,suv,4.8,road_loopA_r0,xloopA_0Bb,3650.8,4030.0,379.2,895.9,8.5,3
2022,truck,8.5,road_loopA_r0,road_loopA_r1,3908.9,4030.4,121.5,1297.3,38.4,1
2044,suv,4.8,road_loopA_f0,xloopA_0Ab,3938.6,4030.6,92.0,505.6,19.8,1
2048,car,4.5,road_loopA_r0,road_loopA_r1,3941.1,4031.2,90.1,1297.5,51.8,0
2043,car,4.5,road_loopA_r0,road_loopA_r1,3935.2,4032.0,96.8,1297.7,48.3,0
1747,car,4.5,road_loopA_r0,xloopA_0Bb,3653.9,4032.6,378.7,895.6,8.5,3
2021,car,4.5,road_loopA_r0,road_loopA_r1,3903.2,4033.9,130.7,1297.6,35.7,1
1787,truck,8.5,road_loopA_r0,xloopA_0Bb,3686.2,4036.0,349.8,895.3,9.2,3
2038,suv,4.8,road_loopA_r0,road_loopA_r1,3928.3,4036.2,107.9,1298.1,43.3,0
2020,car,4.5,road_loopA_f0,road_loopA_f1,3902.0,4036.3,134.3,1303.9,35.0,1
2053,car,4.5,road_loopA_r0,road_loopA_r1,3944.8,4036.3,91.5,1297.5,51.0,0
1998,car,4.5,xloopA_0Aa,road_loopA_r1,3886.0,4037.7,151.7,506.4,12.0,1
2026,car,4.5,road_loopA_f0,road_loopA_f1,3916.7,4038.0,121.3,1303.0,38.7,1
2024,car,4.5,road_loopA_r0,road_loopA_r1,3910.4,4038.3,127.9,1297.3,36.5,1
1834,suv,4.8,road_loopA_r0,xloopA_0Bb,3722.9,4039.1,316.2,895.6,10.2,3
2056,suv,4.8,road_loopA_r0,road_loopA_r1,3945.9,4039.2,93.3,1298.0,50.1,0
1978,suv,4.8,road_loopA_r0,road_loopA_r1,3870.9,4039.4,168.5,1297.7,27.7,1
2037,car,4.5,road_loopA_f0,road_loopA_f1,3926.8,4040.2,113.4,1303.4,41.4,1
1977,car,4.5,road_loopA_r0,road_loopA_r1,3870.3,4041.1,170.8,1297.9,27.4,1
2041,car,4.5,road_loopA_r0,road_loopA_r1,3932.1,4041.5,109.4,1297.5,42.7,0
2047,car,4.5,road_loopA_f0,road_loopA_f1,3939.5,4041.9,102.4,1303.4,45.8,1
2058,car,4.5,road_loopA_r0,road_loopA_r1,3947.3,4042.0,94.7,1298.2,49.4,0
1980,car,4.5,road_loopA_r0,road_loopA_r1,3871.8,4042.8,171.0,1297.5,27.3,1
2057,car,4.5,road_loopA_r0,road_loopA_r1,3947.3,4043.2,95.9,1297.9,48.7,0
2016,car,4.5,road_loopA_f0,road_loopA_f1,3896.0,4043.6,147.6,1303.8,31.8,1
1988,car,4.5,road_loopA_r0,road_loopA_r1,3879.5,4044.5,165.0,1298.0,28.3,1
2035,truck,8.5,road_loopA_f0,road_loopA_f1,3925.5,4045.2,119.7,1303.1,39.2,1
2054,suv,4.8,road_loopA_r0,road_loopA_r1,3944.7,4045.2,100.5,1298.1,46.5,0
2030,suv,4.8,road_loopA_f0,road_loopA_f1,3921.8,4045.3,123.5,1304.1,38.0,1
2077,car,4.5,xloopA_0Aa,xloopA_0Ab,3973.2,4045.3,72.1,84.0,4.2,1
2102,car,4.5,xloopA_0Ba,xloopA_0Bb,3997.0,4045.4,48.4,84.1,6.3,1
2002,car,4.5,road_loopA_r0,road_loopA_r1,3887.8,4046.3,158.5,1298.2,29.5,1
2005,car,4.5,road_loopA_r0,road_loopA_r1,3888.3,4046.7,158.4,1297.4,29.5,1
2051,car,4.5,road_loopA_r0,road_loopA_r1,3943.8,4048.2,104.4,1297.6,44.8,0
2099,car,4.5,xloopA_0Aa,xloopA_0Ab,3994.3,4048.6,54.3,84.4,5.6,1
2040,car,4.5,road_loopA_f0,road_loopA_f1,3931.5,4049.9,118.4,1303.6,39.6,1
2049,car,4.5,road_loopA_f0,road_loopA_f1,3942.2,4050.9,108.7,1304.0,43.2,0
2055,truck,8.5,road_loopA_f0,road_loopA_f1,3945.4,4052.0,106.6,1303.3,44.0,0
2111,car,4.5,xloopA_0Aa,xloopA_0Ab,4009.5,4052.1,42.6,84.1,7.1,1
2059,car,4.5,road_loopA_f0,road_loopA_f1,3948.0,4053.0,105.0,1303.1,44.7,0
2060,car,4.5,road_loopA_f0,road_loopA_f1,3948.1,4053.7,105.6,1303.1,44.4,0
2061,suv,4.8,road_loopA_f0,road_loopA_f1,3949.4,4054.0,104.6,1303.6,44.9,0
2134,car,4.5,xloopA_0Aa,xloopA_0Ab,4026.0,4054.3,28.3,84.6,10.8,0
2067,suv,4.8,road_loopA_f0,road_loopA_f1,3961.8,4055.8,94.0,1304.1,49.9,0
2039,car,4.5,road_loopA_f0,road_loopA_f1,3929.2,4056.0,126.8,1303.3,37.0,1
2144,car,4.5,xloopA_0Aa,xloopA_0Ab,4037.2,4056.4,19.2,84.3,15.8,0
2065,suv,4.8,road_loopA_f0,road_loopA_f1,3957.8,4057.1,99.3,1303.1,47.3,0
1961,car,4.5,xloopA_0Ba,road_loopA_f1,3853.1,4058.0,204.9,902.7,15.9,1
2034,car,4.5,road_loopA_f0,road_loopA_f1,3925.5,4059.0,133.5,1303.6,35.2,1
2074,car,4.5,road_loopA_f0,road_loopA_f1,3969.7,4059.1,89.4,1304.2,52.5,0
2064,suv,4.8,road_loopA_f0,road_loopA_f1,3953.6,4061.8,108.2,1302.9,43.3,0
2045,truck,8.5,road_loopA_f0,road_loopA_f1,3938.6,4063.7,125.1,1303.5,37.5,0
2063,truck,8.5,road_loopA_f0,road_loopA_f1,3950.5,4066.2,115.7,1303.0,40.5,0
2070,car,4.5,road_loopA_f0,road_loopA_f1,3966.7,4066.4,99.7,1303.9,47.1,0
2046,car,4.5,road_loopA_f0,road_loopA_f1,3939.1,4066.7,127.6,1303.3,36.8,0
2073,car,4.5,road_loopA_f0,road_loopA_f1,3969.4,4068.6,99.2,1302.9,47.3,0
2083,car,4.5,road_loopA_f0,road_loopA_f1,3980.1,4069.8,89.7,1303.7,52.3,0
2090,car,4.5,road_loopA_f0,xloopA_0Bb,3987.7,4071.5,83.8,478.5,20.5,2
2052,truck,8.5,road_loopA_r0,xloopA_0Ab,3943.9,4072.7,128.8,869.0,24.3,2
2019,car,4.5,xloopA_0Aa,road_loopA_f1,3899.9,4074.7,174.8,872.5,18.0,1
2106,car,4.5,road_loopA_f0,xloopA_0Bb,4000.4,4075.2,74.8,478.7,23.0,2
2080,car,4.5,road_loopA_r0,xloopA_0Ab,3976.7,4076.3,99.6,869.1,31.4,1
2069,suv,4.8,road_loopA_r0,xloopA_0Ab,3964.5,4080.0,115.5,869.5,27.1,2
2068,car,4.5,road_loopA_r0,road_loopA_r1,3963.3,4088.1,124.8,1298.4,37.5,1
2075,car,4.5,road_loopA_r0,road_loopA_r1,3970.9,4089.5,118.6,1297.5,39.4,1
2072,car,4.5,road_loopA_r0,road_loopA_r1,3969.3,4089.8,120.5,1297.3,38.8,1
2066,car,4.5,road_loopA_r0,road_loopA_r1,3959.1,4090.6,131.5,1298.5,35.5,1
2103,car,4.5,road_loopA_r0,xloopA_0Ab,3998.7,4091.5,92.8,869.1,33.7,1
2076,car,4.5,road_loopA_r0,road_loopA_r1,3971.8,4092.2,120.4,1298.2,38.8,1
2082,suv,4.8,road_loopA_r0,road_loopA_r1,3979.6,4092.8,113.2,1297.3,41.3,1
2078,car,4.5,road_loopA_r0,road_loopA_r1,3973.5,4094.0,120.5,1298.6,38.8,1
2081,car,4.5,road_loopA_r0,road_loopA_r1,3978.7,4095.6,116.9,1297.5,39.9,1
2093,car,4.5,road_loopA_r0,road_loopA_r1,3990.2,4096.3,106.1,1297.5,44.0,1
2084,car,4.5,road_loopA_r0,road_loopA_r1,3980.3,4097.4,117.1,1298.2,39.9,1
2071,suv,4.8,road_loopA_r0,road_loopA_r1,3967.9,4099.2,131.3,1297.7,35.6,1
2097,car,4.5,road_loopA_r0,road_loopA_r1,3992.9,4099.4,106.5,1298.5,43.9,1
2163,car,4.5,road_loopA_f0,xloopA_0Bb,4059.6,4099.6,40.0,478.8,43.1,0
2079,car,4.5,road_loopA_r0,road_loopA_r1,3976.3,4100.5,124.2,1297.5,37.6,1
2091,car,4.5,road_loopA_r0,road_loopA_r1,3987.8,4100.9,113.1,1297.3,41.3,1
2089,suv,4.8,road_loopA_r0,road_loopA_r1,3987.1,4102.3,115.2,1298.6,40.6,1
2095,car,4.5,road_loopA_r0,road_loopA_r1,3991.8,4102.4,110.6,1298.6,42.3,1
2098,car,4.5,road_loopA_r0,road_loopA_r1,3994.1,4102.8,108.7,1298.4,43.0,0
2092,car,4.5,road_loopA_r0,road_loopA_r1,3990.2,4104.0,113.8,1297.3,41.0,1
2109,car,4.5,road_loopA_r0,road_loopA_r1,4006.5,4105.7,99.2,1297.6,47.1,0
2112,car,4.5,road_loopA_r0,road_loopA_r1,4010.5,4106.2,95.7,1297.9,48.8,0
2120,car,4.5,road_loopA_r0,road_loopA_r1,4016.0,4108.8,92.8,1298.5,50.3,0
2105,suv,4.8,road_loopA_r0,road_loopA_r1,4000.2,4110.0,109.8,1298.2,42.6,0
2126,car,4.5,road_loopA_r0,road_loopA_r1,4020.2,4111.7,91.5,1297.6,51.1,0
2119,suv,4.8,road_loopA_r0,road_loopA_r1,4015.3,4114.6,99.3,1298.5,47.1,0
2088,car,4.5,road_loopA_f0,road_loopA_f1,3986.4,4115.3,128.9,1302.9,36.4,1
2104,bus,11.0,road_loopA_r0,road_loopA_r1,3999.3,4115.6,116.3,1297.6,40.2,0
2107,car,4.5,road_loopA_f0,xloopA_0Ab,4002.2,4115.8,113.6,505.3,16.0,1
2133,suv,4.8,road_loopA_r0,road_loopA_r1,4025.7,4115.9,90.2,1297.7,51.8,0
1830,truck,8.5,road_loopA_r0,xloopA_0Bb,3721.7,4116.5,394.8,895.9,8.2,4
2036,bus,11.0,road_loopA_f0,road_loopA_f1,3926.8,4117.2,190.4,1303.4,24.6,3
2100,suv,4.8,road_loopA_f0,road_loopA_f1,3995.5,4117.2,121.7,1303.7,38.6,1
2128,suv,4.8,road_loopA_r0,road_loopA_r1,4021.8,4117.9,96.1,1297.4,48.6,0
2094,car,4.5,road_loopA_f0,road_loopA_f1,3991.1,4118.2,127.1,1303.6,36.9,1
2108,car,4.5,road_loopA_f0,xloopA_0Ab,4004.2,4118.4,114.2,505.3,15.9,1
2117,car,4.5,road_loopA_r0,road_loopA_r1,4013.4,4118.4,105.0,1298.0,44.5,0
2129,car,4.5,road_loopA_r0,road_loopA_r1,4022.3,4118.8,96.5,1298.2,48.4,0
1901,suv,4.8,road_loopA_r0,xloopA_0Bb,3787.1,4119.5,332.4,895.9,9.7,3
2096,car,4.5,road_loopA_f0,road_loopA_f1,3992.2,4120.6,128.4,1303.0,36.5,1
2127,car,4.5,road_loopA_r0,road_loopA_r1,4020.8,4120.9,100.1,1298.0,46.7,0
2110,suv,4.8,road_loopA_f0,xloopA_0Ab,4008.8,4121.1,112.3,505.5,16.2,1
2113,car,4.5,road_loopA_f0,road_loopA_f1,4010.7,4121.6,110.9,1303.2,42.3,1
1911,car,4.5,road_loopA_r0,xloopA_0Bb,3795.2,4122.1,326.9,895.3,9.9,3
2138,suv,4.8,road_loopA_r0,road_loopA_r1,4032.8,4122.7,89.9,1297.6,52.0,0
2118,car,4.5,road_loopA_f0,road_loopA_f1,4015.2,4123.3,108.1,1302.8,43.4,1
2121,car,4.5,road_loopA_r0,road_loopA_r1,4016.8,4123.5,106.7,1298.1,43.8,0
2114,car,4.5,road_loopA_f0,road_loopA_f1,4012.0,4123.7,111.7,1303.4,42.0,1
2131,car,4.5,road_loopA_f0,xloopA_0Ab,4022.5,4123.8,101.3,505.4,18.0,1
2140,suv,4.8,road_loopA_r0,road_loopA_r1,4034.5,4124.5,90.0,1297.8,51.9,0
2141,car,4.5,road_loopA_r0,road_loopA_r1,4035.1,4125.2,90.1,1297.5,51.8,0
1990,truck,8.5,road_loopA_r0,xloopA_0Bb,3880.1,4125.6,245.5,895.8,13.1,2
2123,car,4.5,road_loopA_f0,road_loopA_f1,4017.3,4125.6,108.3,1303.9,43.4,0
2143,suv,4.8,road_loopA_r0,road_loopA_r1,4036.8,4126.3,89.5,1298.2,52.2,0
2122,car,4.5,road_loopA_f0,road_loopA_f1,4016.9,4126.4,109.5,1303.3,42.9,1
2137,car,4.5,road_loopA_f0,xloopA_0Ab,4031.6,4126.4,94.8,505.2,19.2,1
2130,suv,4.8,road_loopA_f0,road_loopA_f1,4022.3,4127.3,105.0,1303.2,44.7,0
2139,car,4.5,road_loopA_f0,road_loopA_f1,4033.0,4128.6,95.6,1302.8,49.0,0
2101,car,4.5,road_loopA_f0,road_loopA_f1,3996.5,4129.2,132.7,1304.1,35.4,1
2158,car,4.5,xloopA_0Aa,xloopA_0Ab,4054.4,4131.0,76.6,84.2,4.0,1
2166,car,4.5,xloopA_0Ba,xloopA_0Bb,4061.1,4131.0,69.9,84.5,4.3,1
2125,car,4.5,road_loopA_f0,road_loopA_f1,4019.9,4132.2,112.3,1303.3,41.8,1
2087,truck,8.5,road_loopA_f0,road_loopA_f1,3985.8,4132.9,147.1,1303.3,31.9,1
2148,suv,4.8,road_loopA_f0,road_loopA_f1,4041.2,4134.5,93.3,1303.1,50.3,0
2145,car,4.5,road_loopA_f0,road_loopA_f1,4037.5,4134.9,97.4,1303.6,48.2,0
2241,car,4.5,xloopA_0Ba,xloopA_0Bb,4124.1,4136.4,12.3,84.7,24.8,0
2150,car,4.5,road_loopA_f0,road_loopA_f1,4044.0,4136.9,92.9,1304.1,50.5,0
2212,car,4.5,xloopA_0Aa,xloopA_0Ab,4096.6,4137.1,40.5,84.2,7.5,1
2226,car,4.5,xloopA_0Aa,xloopA_0Ab,4108.3,4139.1,30.8,84.2,9.9,0
2249,car,4.5,xloopA_0Ba,xloopA_0Bb,4128.7,4139.1,10.4,84.1,29.0,0
2152,car,4.5,road_loopA_f0,road_loopA_f1,4051.9,4141.2,89.3,1303.1,52.5,0
2142,truck,8.5,road_loopA_f0,road_loopA_f1,4036.7,4141.3,104.6,1302.8,44.8,0
2147,car,4.5,road_loopA_f0,road_loopA_f1,4040.6,4143.4,102.8,1303.5,45.6,0
2155,suv,4.8,road_loopA_f0,road_loopA_f1,4053.7,4147.1,93.4,1302.8,50.2,0
2164,car,4.5,road_loopA_f0,road_loopA_f1,4059.8,4149.4,89.6,1303.8,52.4,0
2124,car,4.5,road_loopA_r0,xloopA_0Ab,4017.7,4151.6,133.9,869.0,23.4,3
2168,car,4.5,road_loopA_f0,road_loopA_f1,4061.6,4153.0,91.4,1304.1,51.4,0
2174,car,4.5,road_loopA_f0,road_loopA_f1,4065.1,4154.8,89.7,1303.6,52.3,0
2172,car,4.5,road_loopA_r0,xloopA_0Ab,4063.7,4157.7,94.0,868.9,33.3,0
2201,car,4.5,road_loopA_f0,xloopA_0Bb,4087.6,4158.3,70.7,478.8,24.4,1
2170,car,4.5,road_loopA_f0,road_loopA_f1,4062.9,4161.1,98.2,1303.2,47.8,0
2169,suv,4.8,road_loopA_r0,xloopA_0Ab,4062.1,4163.7,101.6,869.4,30.8,1
2149,car,4.5,road_loopA_f0,road_loopA_f1,4043.5,4164.8,121.3,1303.7,38.7,0
2156,truck,8.5,road_loopA_f0,road_loopA_f1,4053.6,4165.8,112.2,1303.8,41.9,0
2151,car,4.5,road_loopA_r0,road_loopA_r1,4048.6,4174.6,126.0,1297.7,37.1,1
2160,suv,4.8,road_loopA_r0,road_loopA_r1,4056.0,4176.1,120.1,1297.6,38.9,1
2177,car,4.5,road_loopA_r0,road_loopA_r1,4068.2,4181.2,113.0,1298.6,41.4,1
2146,truck,8.5,road_loopA_r0,road_loopA_r1,4039.6,4182.5,142.9,1298.4,32.7,1
2179,suv,4.8,road_loopA_r0,road_loopA_r1,4069.1,4184.1,115.0,1298.6,40.6,1
2153,suv,4.8,road_loopA_r0,road_loopA_r1,4052.4,4184.4,132.0,1297.5,35.4,1
2154,truck,8.5,road_loopA_r0,road_loopA_r1,4053.1,4184.6,131.5,1297.4,35.5,1
2159,car,4.5,road_loopA_r0,road_loopA_r1,4054.9,4186.2,131.3,1298.3,35.6,1
2202,suv,4.8,road_loopA_r0,xloopA_0Ab,4087.8,4186.5,98.7,869.3,31.7,1
2181,car,4.5,road_loopA_r0,road_loopA_r1,4069.9,4187.3,117.4,1297.9,39.8,1
2161,car,4.5,road_loopA_r0,road_loopA_r1,4056.2,4187.8,131.6,1297.3,35.5,1
2173,car,4.5,road_loopA_r0,road_loopA_r1,4064.8,4189.2,124.4,1298.2,37.6,1
2189,suv,4.8,road_loopA_r0,road_loopA_r1,4082.6,4189.8,107.2,1298.0,43.6,1
2185,car,4.5,road_loopA_r0,road_loopA_r1,4077.3,4190.3,113.0,1297.4,41.3,1
2206,car,4.5,road_loopA_r0,road_loopA_r1,4090.3,4192.0,101.7,1298.3,45.9,0
2165,car,4.5,road_loopA_r0,road_loopA_r1,4060.4,4193.0,132.6,1298.3,35.3,0
2176,suv,4.8,road_loopA_r0,road_loopA_r1,4067.7,4194.6,126.9,1298.2,36.8,0
2186,car,4.5,road_loopA_r0,road_loopA_r1,4079.4,4194.6,115.2,1298.3,40.6,0
2198,car,4.5,road_loopA_r0,road_loopA_r1,4085.8,4196.7,110.9,1297.8,42.1,0
2208,car,4.5,road_loopA_r0,road_loopA_r1,4092.9,4196.7,103.8,1297.6,45.0,0
2192,car,4.5,road_loopA_r0,road_loopA_r1,4083.4,4196.8,113.4,1297.7,41.2,0
2200,suv,4.8,road_loopA_r0,road_loopA_r1,4086.5,4198.5,112.0,1297.9,41.7,0
2199,suv,4.8,road_loopA_r0,road_loopA_r1,4085.9,4198.9,113.0,1298.5,41.4,0
2220,car,4.5,road_loopA_r0,road_loopA_r1,4101.5,4199.5,98.0,1298.5,47.7,0
2210,suv,4.8,road_loopA_r0,road_loopA_r1,4093.7,4200.5,106.8,1298.3,43.8,1
2205,car,4.5,road_loopA_r0,road_loopA_r1,4089.7,4200.7,111.0,1297.5,42.1,0
2214,truck,8.5,road_loopA_r0,road_loopA_r1,4097.2,4202.0,104.8,1298.0,44.6,0
2182,car,4.5,road_loopA_f0,road_loopA_f1,4071.2,4202.2,131.0,1303.0,35.8,1
2209,suv,4.8,road_loopA_r0,road_loopA_r1,4093.5,4202.5,109.0,1298.4,42.9,0
2225,car,4.5,road_loopA_r0,road_loopA_r1,4107.0,4204.6,97.6,1297.6,47.9,0
2167,suv,4.8,road_loopA_f0,xloopA_0Ab,4061.1,4204.8,143.7,505.3,12.7,2
2031,truck,8.5,road_loopA_r0,xloopA_0Bb,3922.6,4205.5,282.9,895.2,11.4,3
2217,car,4.5,road_loopA_r0,road_loopA_r1,4099.4,4207.3,107.9,1298.1,43.3,0
2219,suv,4.8,road_loopA_f0,xloopA_0Ab,4101.2,4207.5,106.3,505.6,17.1,1
2231,car,4.5,road_loopA_r0,road_loopA_r1,4109.2,4207.5,98.3,1298.0,47.5,0
2178,car,4.5,road_loopA_f0,road_loopA_f1,4069.0,4208.3,139.3,1303.0,33.7,1
2215,truck,8.5,road_loopA_r0,road_loopA_r1,4097.5,4208.7,111.2,1297.8,42.0,0
2221,car,4.5,road_loopA_r0,road_loopA_r1,4102.8,4209.0,106.2,1298.6,44.0,0
2086,truck,8.5,road_loopA_r0,xloopA_0Bb,3982.4,4209.3,226.9,895.2,14.2,2
2196,suv,4.8,road_loopA_f0,road_loopA_f1,4085.1,4209.4,124.3,1304.2,37.8,1
2135,bus,11.0,road_loopA_f0,road_loopA_f1,4029.1,4209.9,180.8,1303.3,25.9,2
2256,suv,4.8,road_loopA_f0,xloopA_0Ab,4141.0,4210.2,69.2,505.5,26.3,1
2234,suv,4.8,road_loopA_r0,road_loopA_r1,4113.9,4210.5,96.6,1297.6,48.4,0
2235,car,4.5,road_loopA_r0,road_loopA_r1,4114.1,4210.7,96.6,1298.1,48.4,0
2239,car,4.5,road_loopA_r0,road_loopA_r1,4121.7,4212.3,90.6,1297.8,51.5,0
2085,car,4.5,road_loopA_r0,xloopA_0Bb,3980.7,4212.4,231.7,895.8,13.9,2
2184,suv,4.8,road_loopA_f0,road_loopA_f1,4076.7,4212.5,135.8,1303.6,34.6,1
2237,suv,4.8,road_loopA_r0,road_loopA_r1,4117.5,4212.5,95.0,1298.2,49.2,0
2272,car,4.5,road_loopA_f0,xloopA_0Ab,4158.9,4212.8,53.9,505.1,33.7,0
2188,car,4.5,road_loopA_f0,road_loopA_f1,4081.2,4213.9,132.7,1304.0,35.4,1
2115,car,4.5,road_loopA_r0,xloopA_0Bb,4012.3,4215.0,202.7,895.3,15.9,2
2203,car,4.5,road_loopA_f0,road_loopA_f1,4089.8,4215.3,125.5,1303.9,37.4,1
2246,car,4.5,road_loopA_r0,road_loopA_r1,4127.8,4216.8,89.0,1297.3,52.5,0
2190,car,4.5,road_loopA_f0,road_loopA_f1,4082.8,4217.4,134.6,1303.9,34.9,1
2180,truck,8.5,road_loopA_f0,road_loopA_f1,4069.5,4218.3,148.8,1303.1,31.5,1
2193,suv,4.8,road_loopA_f0,road_loopA_f1,4083.8,4219.4,135.6,1303.9,34.6,1
2273,car,4.5,xloopA_0Aa,xloopA_0Ab,4159.5,4221.1,61.6,84.6,5.0,1
2187,suv,4.8,road_loopA_f0,road_loopA_f1,4080.7,4222.1,141.4,1303.8,33.2,1
2287,car,4.5,xloopA_0Ba,xloopA_0Bb,4171.7,4223.6,51.9,84.3,5.8,1
2162,car,4.5,xloopA_0Aa,road_loopA_f1,4059.5,4223.7,164.2,872.7,19.1,1
2204,truck,8.5,road_loopA_f0,road_loopA_f1,4089.7,4225.0,135.3,1303.4,34.7,1
2175,suv,4.8,road_loopA_f0,road_loopA_f1,4067.4,4225.5,158.1,1303.4,29.7,1
2336,car,4.5,xloopA_0Ba,xloopA_0Bb,4212.5,4225.7,13.2,84.2,22.9,0
2211,car,4.5,road_loopA_f0,road_loopA_f1,4094.3,4226.8,132.5,1303.6,35.4,1
2213,car,4.5,road_loopA_f0,road_loopA_f1,4096.7,4228.2,131.5,1303.4,35.7,1
2207,car,4.5,road_loopA_f0,road_loopA_f1,4092.5,4229.5,137.0,1302.9,34.2,1
2223,suv,4.8,road_loopA_f0,road_loopA_f1,4105.1,4229.9,124.8,1303.0,37.6,1
2194,car,4.5,road_loopA_f0,road_loopA_f1,4084.1,4231.0,146.9,1303.6,31.9,1
2224,car,4.5,road_loopA_f0,road_loopA_f1,4106.6,4231.1,124.5,1302.8,37.7,1
2228,suv,4.8,road_loopA_f0,road_loopA_f1,4108.4,4231.8,123.4,1303.8,38.0,1
2218,car,4.5,road_loopA_f0,road_loopA_f1,4099.7,4232.8,133.1,1303.4,35.3,1
2236,car,4.5,road_loopA_f0,road_loopA_f1,4115.1,4232.8,117.7,1303.1,39.8,0
2229,car,4.5,road_loopA_f0,road_loopA_f1,4108.6,4234.0,125.4,1303.4,37.4,0
2227,car,4.5,road_loopA_f0,road_loopA_f1,4108.4,4234.6,126.2,1303.4,37.2,0
2233,car,4.5,road_loopA_f0,road_loopA_f1,4113.3,4234.6,121.3,1304.0,38.7,1
2191,car,4.5,road_loopA_f0,road_loopA_f1,4083.0,4236.0,153.0,1302.9,30.7,1
2244,car,4.5,road_loopA_f0,road_loopA_f1,4125.0,4236.3,111.3,1303.7,42.2,0
2222,car,4.5,road_loopA_f0,road_loopA_f1,4104.1,4237.2,133.1,1303.5,35.3,1
2250,car,4.5,road_loopA_f0,road_loopA_f1,4129.0,4240.2,111.2,1303.1,42.2,0
2242,suv,4.8,road_loopA_f0,road_loopA_f1,4124.2,4241.9,117.7,1303.2,39.9,0
2230,car,4.5,road_loopA_f0,road_loopA_f1,4109.1,4242.7,133.6,1303.7,35.1,0
2252,car,4.5,road_loopA_r0,xloopA_0Ab,4135.2,4242.8,107.6,868.9,29.1,2
2258,car,4.5,road_loopA_f0,road_loopA_f1,4141.8,4242.8,101.0,1302.9,46.4,0
2263,car,4.5,road_loopA_f0,road_loopA_f1,4144.6,4245.2,100.6,1303.6,46.7,0
2240,suv,4.8,road_loopA_f0,road_loopA_f1,4122.4,4245.9,123.5,1303.5,38.0,0
2232,suv,4.8,road_loopA_f0,road_loopA_f1,4111.2,4246.7,135.5,1303.2,34.6,1
2245,car,4.5,road_loopA_f0,road_loopA_f1,4125.4,4246.9,121.5,1303.8,38.6,0
2264,suv,4.8,road_loopA_f0,road_loopA_f1,4148.7,4248.1,99.4,1303.2,47.2,0
2243,car,4.5,road_loopA_f0,road_loopA_f1,4124.7,4248.4,123.7,1303.6,37.9,0
2248,truck,8.5,road_loopA_f0,road_loopA_f1,4128.4,4253.6,125.2,1303.6,37.5,0
2312,suv,4.8,road_loopA_r0,xloopA_0Ab,4191.2,4259.1,67.9,869.6,46.1,0
2253,car,4.5,road_loopA_r0,road_loopA_r1,4137.0,4263.6,126.6,1298.5,36.9,1
2259,car,4.5,road_loopA_r0,road_loopA_r1,4141.7,4263.7,122.0,1297.4,38.3,1
2261,car,4.5,road_loopA_r0,road_loopA_r1,4142.4,4265.3,122.9,1298.2,38.0,1
2238,car,4.5,xloopA_0Aa,road_loopA_f1,4121.1,4266.2,145.1,872.5,21.7,0
2262,car,4.5,road_loopA_r0,road_loopA_r1,4142.9,4266.8,123.9,1298.2,37.7,1
2260,car,4.5,road_loopA_r0,road_loopA_r1,4141.8,4268.3,126.5,1297.8,36.9,1
2254,car,4.5,road_loopA_r0,road_loopA_r1,4138.7,4271.0,132.3,1298.2,35.3,1
2284,car,4.5,xloopA_0Ba,road_loopA_r1,4167.9,4271.4,103.5,476.7,16.6,1
2266,suv,4.8,road_loopA_r0,road_loopA_r1,4154.1,4271.6,117.5,1297.4,39.8,1
2247,truck,8.5,road_loopA_r0,road_loopA_r1,4127.9,4273.5,145.6,1297.6,32.1,1
2270,car,4.5,road_loopA_r0,road_loopA_r1,4156.4,4277.5,121.1,1298.1,38.6,1
2255,bus,11.0,road_loopA_r0,road_loopA_r1,4140.8,4277.6,136.8,1298.2,34.2,1
2257,truck,8.5,road_loopA_r0,road_loopA_r1,4141.3,4278.3,137.0,1298.4,34.1,1
2280,car,4.5,road_loopA_r0,road_loopA_r1,4164.5,4279.2,114.7,1298.4,40.8,1
2268,car,4.5,road_loopA_r0,road_loopA_r1,4155.6,4279.9,124.3,1298.2,37.6,1
2289,car,4.5,road_loopA_r0,road_loopA_r1,4172.0,4280.9,108.9,1298.0,42.9,1
2274,car,4.5,road_loopA_r0,road_loopA_r1,4160.0,4281.8,121.8,1298.3,38.4,0
2197,bus,11.0,road_loopA_f0,road_loopA_f1,4085.5,4283.4,197.9,1303.2,23.7,3
2278,suv,4.8,road_loopA_r0,road_loopA_r1,4164.4,4283.5,119.1,1297.3,39.2,1
2286,car,4.5,road_loopA_r0,road_loopA_r1,4171.5,4285.5,114.0,1297.9,41.0,0
2295,suv,4.8,road_loopA_r0,road_loopA_r1,4175.2,4286.5,111.3,1297.3,41.9,0
2290,car,4.5,road_loopA_r0,road_loopA_r1,4173.2,4287.2,114.0,1298.3,41.0,0
2298,car,4.5,road_loopA_r0,road_loopA_r1,4181.6,4288.3,106.7,1297.6,43.8,0
2276,suv,4.8,road_loopA_r0,road_loopA_r1,4161.4,4288.5,127.1,1298.1,36.8,0
2297,car,4.5,road_loopA_r0,road_loopA_r1,4181.4,4288.9,107.5,1298.2,43.5,0
2307,suv,4.8,road_loopA_r0,road_loopA_r1,4186.8,4290.6,103.8,1297.7,45.0,0
2308,car,4.5,road_loopA_r0,road_loopA_r1,4187.5,4290.6,103.1,1297.5,45.3,0
2279,truck,8.5,road_loopA_r0,road_loopA_r1,4164.4,4291.7,127.3,1298.2,36.7,0
2305,car,4.5,road_loopA_r0,road_loopA_r1,4186.4,4292.5,106.1,1297.4,44.0,0
2314,car,4.5,road_loopA_r0,road_loopA_r1,4194.3,4293.6,99.3,1297.3,47.0,0
2318,car,4.5,road_loopA_r0,road_loopA_r1,4199.5,4293.9,94.4,1297.9,49.5,0
2313,car,4.5,road_loopA_r0,road_loopA_r1,4192.8,4294.3,101.5,1298.4,46.0,0
2315,suv,4.8,road_loopA_r0,road_loopA_r1,4195.8,4296.1,100.3,1297.3,46.6,0
2321,truck,8.5,road_loopA_r0,road_loopA_r1,4203.2,4296.9,93.7,1298.6,49.9,0
2400,car,4.5,road_loopA_f0,xloopA_0Bb,4256.9,4296.9,40.0,478.9,43.1,0
2326,suv,4.8,road_loopA_r0,road_loopA_r1,4209.3,4299.1,89.8,1297.6,52.0,0
2275,car,4.5,road_loopA_f0,road_loopA_f1,4160.7,4300.3,139.6,1302.9,33.6,1
2306,car,4.5,road_loopA_r0,road_loopA_r1,4186.5,4300.3,113.8,1298.1,41.1,0
2335,car,4.5,road_loopA_r0,road_loopA_r1,4212.2,4301.2,89.0,1298.7,52.5,0
2267,car,4.5,road_loopA_f0,road_loopA_f1,4155.0,4302.4,147.4,1303.6,31.8,1
2333,car,4.5,road_loopA_r0,road_loopA_r1,4211.7,4302.4,90.7,1297.5,51.5,0
2288,car,4.5,road_loopA_f0,road_loopA_f1,4171.8,4302.8,131.0,1304.1,35.8,1
2324,car,4.5,road_loopA_r0,road_loopA_r1,4208.1,4302.8,94.7,1297.9,49.3,0
2299,car,4.5,road_loopA_f0,road_loopA_f1,4181.8,4304.9,123.1,1303.4,38.1,1
2337,car,4.5,road_loopA_r0,road_loopA_r1,4213.3,4305.4,92.1,1298.4,50.8,0
2339,car,4.5,road_loopA_r0,road_loopA_r1,4215.9,4307.1,91.2,1297.7,51.2,0
2302,car,4.5,road_loopA_f0,road_loopA_f1,4183.6,4308.4,124.8,1303.3,37.6,1
2343,car,4.5,road_loopA_r0,road_loopA_r1,4217.0,4308.9,91.9,1297.9,50.8,0
2311,suv,4.8,road_loopA_f0,road_loopA_f1,4190.4,4310.1,119.7,1303.1,39.2,1
2251,bus,11.0,road_loopA_r0,road_loopA_r1,4131.2,4312.0,180.8,1298.4,25.9,2
2316,car,4.5,road_loopA_f0,road_loopA_f1,4197.6,4312.4,114.8,1303.5,40.9,0
2323,car,4.5,road_loopA_f0,road_loopA_f1,4207.5,4314.1,106.6,1303.0,44.0,0
1,tram,34.0,loopA,loopA,55.1,4315.5,4260.4,33702.3,28.5,40
2327,suv,4.8,road_loopA_f0,road_loopA_f1,4209.8,4315.8,106.0,1303.4,44.3,0
2116,suv,4.8,road_loopA_r0,xloopA_0Bb,4013.1,4316.8,303.7,896.0,10.6,3
2291,suv,4.8,road_loopA_f0,xloopA_0Ab,4174.3,4317.3,143.0,505.4,12.7,1
2282,car,4.5,road_loopA_f0,road_loopA_f1,4167.1,4318.2,151.1,1303.1,31.0,1
2132,car,4.5,road_loopA_r0,xloopA_0Bb,4024.6,4319.4,294.8,895.7,10.9,3
2294,car,4.5,xloopA_0Aa,road_loopA_f1,4175.2,4319.7,144.5,872.5,21.7,1
2309,car,4.5,road_loopA_f0,xloopA_0Ab,4189.4,4319.9,130.5,505.1,13.9,1
2285,truck,8.5,road_loopA_f0,road_loopA_f1,4168.4,4320.1,151.7,1303.0,30.9,1
2265,car,4.5,xloopA_0Ba,road_loopA_f1,4153.4,4320.5,167.1,902.4,19.4,1
2136,car,4.5,road_loopA_r0,xloopA_0Bb,4029.2,4322.0,292.8,895.4,11.0,3
2292,car,4.5,road_loopA_f0,road_loopA_f1,4174.8,4322.0,147.2,1303.6,31.9,1
2338,suv,4.8,road_loopA_r0,road_loopA_r1,4213.8,4322.3,108.5,1298.1,43.1,0
2281,car,4.5,road_loopA_f0,road_loopA_f1,4166.5,4323.0,156.5,1303.9,30.0,1
2364,car,4.5,road_loopA_r0,road_loopA_r1,4229.6,4323.1,93.5,1297.3,50.0,0
2310,car,4.5,road_loopA_f0,road_loopA_f1,4190.3,4323.4,133.1,1303.3,35.2,1
2322,truck,8.5,road_loopA_f0,xloopA_0Ab,4204.7,4323.4,118.7,505.4,15.3,1
2344,car,4.5,xloopA_0Ba,road_loopA_f1,4217.1,4324.2,107.1,902.6,30.3,0
2157,suv,4.8,road_loopA_r0,xloopA_0Bb,4053.9,4324.7,270.8,895.3,11.9,2
2304,suv,4.8,road_loopA_f0,road_loopA_f1,4186.0,4324.7,138.7,1303.5,33.8,1
2329,car,4.5,road_loopA_f0,road_loopA_f1,4210.4,4325.2,114.8,1303.4,40.9,0
2271,truck,8.5,road_loopA_f0,road_loopA_f1,4158.8,4326.4,167.6,1303.6,28.0,1
2380,car,4.5,road_loopA_f0,xloopA_0Ab,4240.1,4326.4,86.3,505.0,21.1,1
2301,car,4.5,road_loopA_f0,road_loopA_f1,4182.8,4326.5,143.7,1303.5,32.7,1
2341,car,4.5,road_loopA_f0,road_loopA_f1,4216.5,4326.9,110.4,1303.0,42.5,0
2171,car,4.5,road_loopA_r0,xloopA_0Bb,4063.5,4327.4,263.9,895.5,12.2,2
2319,car,4.5,road_loopA_f0,road_loopA_f1,4201.2,4328.4,127.2,1303.6,36.9,0
2330,suv,4.8,road_loopA_f0,road_loopA_f1,4210.7,4328.8,118.1,1302.8,39.7,0
2283,truck,8.5,road_loopA_f0,road_loopA_f1,4167.4,4328.9,161.5,1303.4,29.1,1
2354,truck,8.5,road_loopA_r0,road_loopA_r1,4225.5,4330.4,104.9,1298.0,44.5,0
2320,car,4.5,road_loopA_f0,road_loopA_f1,4202.2,4330.6,128.4,1303.4,36.6,0
2347,car,4.5,road_loopA_r0,road_loopA_r1,4218.7,4330.6,111.9,1298.1,41.8,0
2350,car,4.5,road_loopA_f0,road_loopA_f1,4223.3,4330.6,107.3,1303.2,43.7,0
2293,suv,4.8,road_loopA_f0,road_loopA_f1,4174.9,4330.9,156.0,1303.2,30.1,1
2351,car,4.5,road_loopA_r0,road_loopA_r1,4223.3,4332.0,108.7,1297.9,43.0,0
2358,car,4.5,xloopA_0Aa,xloopA_0Ab,4228.3,4332.0,103.7,84.8,2.9,1
2345,car,4.5,road_loopA_f0,road_loopA_f1,4217.4,4332.3,114.9,1302.9,40.8,0
2362,suv,4.8,road_loopA_f0,road_loopA_f1,4229.2,4332.4,103.2,1303.9,45.5,0
2369,car,4.5,road_loopA_r0,road_loopA_r1,4231.8,4332.4,100.6,1298.2,46.4,0
2296,car,4.5,road_loopA_f0,road_loopA_f1,4177.6,4332.7,155.1,1303.8,30.3,1
2346,car,4.5,road_loopA_r0,road_loopA_r1,4217.7,4333.2,115.5,1297.6,40.4,0
2355,car,4.5,road_loopA_r0,road_loopA_r1,4225.7,4333.6,107.9,1297.7,43.3,0
2377,car,4.5,xloopA_0Aa,xloopA_0Ab,4238.5,4334.0,95.5,84.1,3.2,1
2332,car,4.5,road_loopA_f0,road_loopA_f1,4211.2,4334.1,122.9,1304.0,38.2,0
2342,suv,4.8,road_loopA_f0,road_loopA_f1,4216.6,4334.2,117.6,1303.5,39.9,0
2303,car,4.5,road_loopA_f0,road_loopA_f1,4186.0,4334.5,148.5,1303.7,31.6,1
2407,car,4.5,xloopA_0Ba,xloopA_0Bb,4262.9,4334.8,71.9,84.5,4.2,1
2357,suv,4.8,road_loopA_r0,road_loopA_r1,4227.1,4335.2,108.1,1298.1,43.2,0
2378,car,4.5,road_loopA_r0,road_loopA_r1,4238.5,4335.7,97.2,1298.5,48.1,0
2331,suv,4.8,road_loopA_f0,road_loopA_f1,4211.1,4336.0,124.9,1304.0,37.6,0
2371,car,4.5,road_loopA_f0,road_loopA_f1,4232.8,4336.1,103.3,1303.8,45.5,0
2317,car,4.5,road_loopA_f0,road_loopA_f1,4197.9,4336.3,138.4,1303.9,33.9,0
2406,car,4.5,xloopA_0Aa,xloopA_0Ab,4262.7,4336.3,73.6,84.1,4.1,1
2340,car,4.5,road_loopA_r0,road_loopA_r1,4216.4,4336.7,120.3,1297.4,38.8,0
2352,suv,4.8,road_loopA_r0,road_loopA_r1,4223.7,4337.4,113.7,1298.0,41.1,0
2359,car,4.5,road_loopA_f0,road_loopA_f1,4228.5,4337.9,109.4,1303.4,42.9,0
2373,suv,4.8,road_loopA_f0,road_loopA_f1,4234.6,4338.0,103.4,1303.4,45.4,0
2325,suv,4.8,road_loopA_f0,road_loopA_f1,4208.7,4338.1,129.4,1303.9,36.3,0
2348,truck,8.5,road_loopA_r0,road_loopA_r1,4222.3,4338.8,116.5,1297.6,40.1,0
2367,car,4.5,road_loopA_r0,road_loopA_r1,4231.2,4339.4,108.2,1297.8,43.2,0
2363,car,4.5,road_loopA_f0,road_loopA_f1,4229.3,4339.6,110.3,1303.3,42.5,0
2300,bus,11.0,road_loopA_r0,road_loopA_r1,4182.5,4339.8,157.3,1297.4,29.7,2
2328,car,4.5,road_loopA_f0,road_loopA_f1,4210.2,4340.2,130.0,1304.0,36.1,0
2360,suv,4.8,road_loopA_f0,road_loopA_f1,4228.6,4341.4,112.8,1303.5,41.6,0
2452,car,4.5,xloopA_0Ba,xloopA_0Bb,4309.1,4341.4,32.3,84.4,9.4,0
2382,car,4.5,road_loopA_f0,road_loopA_f1,4241.0,4342.1,101.1,1303.0,46.4,0
2349,truck,8.5,road_loopA_f0,road_loopA_f1,4222.7,4342.3,119.6,1302.9,39.2,0
2469,car,4.5,xloopA_0Ba,xloopA_0Bb,4323.4,4343.4,20.0,84.3,15.2,0
2361,truck,8.5,road_loopA_f0,road_loopA_f1,4229.0,4344.0,115.0,1303.8,40.8,0
2353,car,4.5,road_loopA_f0,road_loopA_f1,4225.1,4344.4,119.3,1303.7,39.3,0
2479,car,4.5,xloopA_0Ba,xloopA_0Bb,4331.8,4345.4,13.6,84.3,22.3,0
2372,car,4.5,road_loopA_f0,road_loopA_f1,4234.3,4346.2,111.9,1303.2,41.9,0
2376,car,4.5,road_loopA_f0,road_loopA_f1,4237.5,4347.4,109.9,1303.7,42.7,0
2379,car,4.5,road_loopA_f0,road_loopA_f1,4239.4,4348.0,108.6,1303.0,43.2,0
2401,suv,4.8,road_loopA_f0,road_loopA_f1,4257.1,4349.9,92.8,1303.7,50.6,0
2386,car,4.5,road_loopA_f0,road_loopA_f1,4247.7,4350.7,103.0,1303.8,45.6,0
2402,suv,4.8,road_loopA_f0,road_loopA_f1,4258.6,4351.7,93.1,1304.0,50.4,0
2392,car,4.5,road_loopA_r0,xloopA_0Ab,4251.4,4351.9,100.5,869.0,31.1,1
2403,suv,4.8,road_loopA_f0,road_loopA_f1,4258.9,4353.5,94.6,1303.6,49.6,0
2394,car,4.5,road_loopA_f0,road_loopA_f1,4253.3,4355.1,101.8,1303.1,46.1,0
2410,suv,4.8,road_loopA_f0,road_loopA_f1,4268.7,4359.3,90.6,1304.0,51.8,0
2405,car,4.5,road_loopA_f0,road_loopA_f1,4262.5,4360.4,97.9,1303.7,47.9,0
2425,car,4.5,road_loopA_f0,xloopA_0Bb,4287.4,4360.7,73.3,478.6,23.5,2
2374,truck,8.5,road_loopA_r0,xloopA_0Ab,4236.8,4362.4,125.6,869.2,24.9,1
2334,bus,11.0,road_loopA_f0,road_loopA_f1,4212.1,4372.6,160.5,1303.5,29.2,2
2476,car,4.5,road_loopA_f0,xloopA_0Bb,4329.7,4375.8,46.1,478.6,37.4,0
2385,bus,11.0,road_loopA_f0,road_loopA_f1,4246.3,4377.6,131.3,1303.7,35.8,1
2397,car,4.5,road_loopA_f0,road_loopA_f1,4255.6,4377.8,122.2,1303.6,38.4,0
2393,suv,4.8,road_loopA_f0,road_loopA_f1,4252.0,4385.5,133.5,1302.9,35.1,0
2366,car,4.5,road_loopA_r0,road_loopA_r1,4231.0,4386.2,155.2,1297.7,30.1,1
2439,car,4.5,xloopA_0Ba,road_loopA_r1,4300.4,4386.2,85.8,476.9,20.0,1
2356,car,4.5,road_loopA_r0,road_loopA_r1,4226.3,4387.9,161.6,1298.2,28.9,1
2387,suv,4.8,road_loopA_r0,road_loopA_r1,4247.8,4387.9,140.1,1297.8,33.3,1
2383,car,4.5,road_loopA_r0,road_loopA_r1,4242.6,4389.1,146.5,1298.1,31.9,1
2396,suv,4.8,road_loopA_r0,road_loopA_r1,4255.0,4389.7,134.7,1298.1,34.7,1
2391,car,4.5,road_loopA_r0,road_loopA_r1,4250.4,4390.8,140.4,1297.6,33.3,1
2415,car,4.5,xloopA_0Ba,road_loopA_r1,4275.1,4392.0,116.9,476.6,14.7,1
2395,car,4.5,road_loopA_r0,road_loopA_r1,4253.6,4392.4,138.8,1297.6,33.7,1
2398,truck,8.5,road_loopA_r0,road_loopA_r1,4256.0,4394.2,138.2,1298.5,33.8,1
2390,suv,4.8,road_loopA_r0,road_loopA_r1,4250.3,4394.8,144.5,1297.5,32.3,1
2512,car,4.5,road_loopA_f0,xloopA_0Bb,4355.2,4395.6,40.4,478.8,42.7,0
2411,car,4.5,road_loopA_r0,road_loopA_r1,4269.7,4396.5,126.8,1298.3,36.8,1
2389,car,4.5,road_loopA_r0,road_loopA_r1,4249.3,4398.0,148.7,1297.9,31.4,1
2464,car,4.5,xloopA_0Aa,road_loopA_r1,4319.4,4398.2,78.8,507.1,23.2,0
2414,car,4.5,road_loopA_r0,road_loopA_r1,4273.3,4398.7,125.4,1297.9,37.3,1
2370,car,4.5,road_loopA_r0,road_loopA_r1,4231.8,4399.9,168.1,1297.7,27.8,1
2399,car,4.5,road_loopA_r0,road_loopA_r1,4256.8,4399.9,143.1,1298.7,32.7,1
2409,car,4.5,road_loopA_r0,road_loopA_r1,4267.6,4401.3,133.7,1297.9,34.9,1
2375,suv,4.8,road_loopA_r0,road_loopA_r1,4237.2,4401.6,164.4,1298.5,28.4,1
2381,car,4.5,road_loopA_r0,road_loopA_r1,4240.1,4402.8,162.7,1298.0,28.7,1
2418,truck,8.5,road_loopA_r0,road_loopA_r1,4277.3,4403.5,126.2,1298.2,37.0,0
2384,car,4.5,road_loopA_r0,road_loopA_r1,4243.5,4403.8,160.3,1298.5,29.2,1
2413,car,4.5,road_loopA_f0,road_loopA_f1,4271.9,4405.1,133.2,1303.1,35.2,1
2388,truck,8.5,road_loopA_r0,road_loopA_r1,4249.0,4405.3,156.3,1298.1,29.9,1
2432,suv,4.8,road_loopA_r0,road_loopA_r1,4293.6,4405.4,111.8,1297.4,41.8,0
2404,car,4.5,road_loopA_r0,road_loopA_r1,4261.5,4405.5,144.0,1298.4,32.5,1
2417,car,4.5,road_loopA_f0,road_loopA_f1,4277.3,4406.6,129.3,1302.8,36.3,1
2422,suv,4.8,road_loopA_r0,road_loopA_r1,4284.1,4406.8,122.7,1298.1,38.1,0
2440,car,4.5,road_loopA_r0,road_loopA_r1,4301.7,4407.2,105.5,1298.4,44.3,0
2412,car,4.5,road_loopA_r0,road_loopA_r1,4270.9,4407.8,136.9,1297.5,34.1,1
2421,suv,4.8,road_loopA_f0,road_loopA_f1,4280.6,4408.1,127.5,1303.4,36.8,1
2437,car,4.5,road_loopA_r0,road_loopA_r1,4299.9,4408.5,108.6,1297.6,43.0,0
2416,car,4.5,road_loopA_r0,road_loopA_r1,4276.8,4409.8,133.0,1298.4,35.1,1
2447,car,4.5,road_loopA_r0,road_loopA_r1,4305.8,4410.0,104.2,1297.3,44.8,0
2454,car,4.5,road_loopA_r0,road_loopA_r1,4312.5,4410.2,97.7,1297.7,47.8,0
2429,suv,4.8,road_loopA_f0,road_loopA_f1,4290.5,4410.9,120.4,1303.8,39.0,1
2419,car,4.5,road_loopA_r0,road_loopA_r1,4279.8,4411.5,131.7,1297.3,35.5,1
2426,car,4.5,road_loopA_r0,road_loopA_r1,4289.9,4412.2,122.3,1297.8,38.2,0
2456,car,4.5,road_loopA_r0,road_loopA_r1,4314.6,4413.0,98.4,1297.3,47.5,0
2424,car,4.5,road_loopA_r0,road_loopA_r1,4287.1,4414.2,127.1,1298.1,36.8,0
2431,car,4.5,road_loopA_r0,road_loopA_r1,4292.5,4414.3,121.8,1298.4,38.4,0
2427,car,4.5,road_loopA_r0,road_loopA_r1,4290.0,4415.9,125.9,1297.8,37.1,0
2462,car,4.5,road_loopA_r0,road_loopA_r1,4318.8,4416.4,97.6,1298.0,47.9,0
2442,car,4.5,road_loopA_r0,road_loopA_r1,4302.5,4417.2,114.7,1298.4,40.8,0
2446,car,4.5,road_loopA_r0,road_loopA_r1,4305.1,4417.7,112.6,1297.7,41.5,0
2423,truck,8.5,road_loopA_f0,road_loopA_f1,4284.3,4418.6,134.3,1303.8,34.9,1
2458,suv,4.8,road_loopA_r0,road_loopA_r1,4316.2,4418.8,102.6,1297.9,45.5,0
2463,car,4.5,road_loopA_r0,road_loopA_r1,4319.2,4419.1,99.9,1298.4,46.8,0
2436,car,4.5,road_loopA_f0,road_loopA_f1,4298.6,4420.7,122.1,1303.8,38.5,1
2408,car,4.5,road_loopA_f0,road_loopA_f1,4263.7,4421.3,157.6,1303.0,29.8,1
2444,car,4.5,road_loopA_r0,road_loopA_r1,4303.1,4421.6,118.5,1297.9,39.4,0
2441,car,4.5,road_loopA_f0,road_loopA_f1,4301.7,4422.0,120.3,1303.7,39.0,1
2448,car,4.5,road_loopA_f0,road_loopA_f1,4305.8,4423.0,117.2,1302.8,40.0,1
2420,car,4.5,road_loopA_f0,road_loopA_f1,4280.3,4423.1,142.8,1302.9,32.8,1
2467,truck,8.5,road_loopA_r0,road_loopA_r1,4322.0,4424.1,102.1,1298.1,45.8,0
2457,car,4.5,road_loopA_f0,road_loopA_f1,4315.9,4424.8,108.9,1303.0,43.1,0
2453,suv,4.8,road_loopA_r0,road_loopA_r1,4311.7,4425.1,113.4,1298.3,41.2,0
2435,truck,8.5,road_loopA_f0,road_loopA_f1,4296.4,4425.3,128.9,1303.5,36.4,1
2433,car,4.5,road_loopA_r0,road_loopA_r1,4293.9,4425.5,131.6,1298.1,35.5,0
2434,car,4.5,road_loopA_f0,road_loopA_f1,4295.9,4425.9,130.0,1303.6,36.1,1
2480,car,4.5,road_loopA_r0,road_loopA_r1,4331.9,4426.1,94.2,1298.7,49.6,0
2455,car,4.5,road_loopA_f0,road_loopA_f1,4313.5,4426.8,113.3,1302.8,41.4,0
2466,car,4.5,road_loopA_r0,road_loopA_r1,4321.2,4426.8,105.6,1297.3,44.2,0
2461,car,4.5,road_loopA_r0,road_loopA_r1,4318.8,4427.2,108.4,1297.7,43.1,0
2438,car,4.5,road_loopA_f0,road_loopA_f1,4300.2,4427.4,127.2,1303.7,36.9,1
2485,car,4.5,road_loopA_r0,road_loopA_r1,4336.5,4427.8,91.3,1298.4,51.2,0
2468,car,4.5,road_loopA_r0,road_loopA_r1,4322.3,4428.9,106.6,1298.5,43.9,0
2443,suv,4.8,road_loopA_f0,road_loopA_f1,4302.7,4429.2,126.5,1303.9,37.1,1
2478,suv,4.8,road_loopA_r0,road_loopA_r1,4331.2,4430.0,98.8,1297.5,47.3,0
2460,car,4.5,road_loopA_r0,road_loopA_r1,4318.3,4430.5,112.2,1297.3,41.6,0
2474,car,4.5,road_loopA_r0,road_loopA_r1,4327.8,4430.6,102.8,1298.3,45.5,0
2450,truck,8.5,road_loopA_f0,road_loopA_f1,4307.4,4431.0,123.6,1303.9,38.0,1
2491,car,4.5,road_loopA_r0,road_loopA_r1,4340.2,4431.4,91.2,1297.8,51.2,0
2465,truck,8.5,road_loopA_f0,road_loopA_f1,4321.1,4431.5,110.4,1303.3,42.5,0
2470,car,4.5,road_loopA_f0,road_loopA_f1,4324.1,4432.2,108.1,1304.0,43.4,0
2183,suv,4.8,road_loopA_r0,xloopA_0Bb,4072.6,4432.3,359.7,895.9,9.0,3
2482,suv,4.8,road_loopA_r0,road_loopA_r1,4333.4,4432.3,98.9,1298.3,47.2,0
2428,car,4.5,road_loopA_f0,xloopA_0Ab,4290.3,4432.8,142.5,505.3,12.8,1
2492,car,4.5,road_loopA_r0,road_loopA_r1,4342.6,4433.3,90.7,1298.5,51.5,0
2471,suv,4.8,road_loopA_f0,road_loopA_f1,4325.4,4433.5,108.1,1303.2,43.4,0
2475,car,4.5,road_loopA_f0,road_loopA_f1,4328.1,4433.9,105.8,1303.4,44.4,0
2496,suv,4.8,road_loopA_r0,road_loopA_r1,4344.6,4434.7,90.1,1297.8,51.8,0
2477,suv,4.8,road_loopA_f0,road_loopA_f1,4330.0,4435.3,105.3,1302.9,44.5,0
2451,car,4.5,road_loopA_f0,xloopA_0Ab,4307.8,4435.4,127.6,505.3,14.3,1
2473,suv,4.8,road_loopA_r0,road_loopA_r1,4327.4,4435.6,108.2,1298.0,43.2,0
2195,truck,8.5,road_loopA_r0,xloopA_0Bb,4084.6,4435.7,351.1,895.6,9.2,3
2483,car,4.5,road_loopA_f0,road_loopA_f1,4333.7,4435.7,102.0,1303.4,46.0,0
2497,suv,4.8,road_loopA_r0,road_loopA_r1,4345.4,4436.5,91.1,1298.0,51.3,0
2484,car,4.5,road_loopA_f0,road_loopA_f1,4334.9,4437.1,102.2,1303.1,45.9,0
2430,car,4.5,road_loopA_r0,road_loopA_r1,4291.3,4437.7,146.4,1297.6,31.9,1
2445,truck,8.5,road_loopA_r0,road_loopA_r1,4303.7,4437.7,134.0,1298.2,34.9,1
2489,car,4.5,road_loopA_f0,road_loopA_f1,4338.5,4438.4,99.9,1303.3,47.0,0
2216,car,4.5,road_loopA_r0,xloopA_0Bb,4097.6,4438.7,341.1,895.3,9.4,4
2472,truck,8.5,road_loopA_f0,xloopA_0Ab,4327.4,4438.9,111.5,505.6,16.3,1
2502,car,4.5,road_loopA_r0,road_loopA_r1,4349.1,4439.5,90.4,1298.1,51.7,0
2501,car,4.5,road_loopA_f0,road_loopA_f1,4348.4,4439.9,91.5,1303.0,51.3,0
2486,car,4.5,road_loopA_f0,road_loopA_f1,4337.4,4440.4,103.0,1303.3,45.6,0
2277,car,4.5,road_loopA_r0,xloopA_0Bb,4164.4,4441.4,277.0,895.3,11.6,2
2506,car,4.5,road_loopA_r0,road_loopA_r1,4352.0,4441.6,89.6,1298.7,52.2,0
2504,car,4.5,road_loopA_f0,road_loopA_f1,4350.1,4441.7,91.6,1303.4,51.2,0
2499,suv,4.8,road_loopA_f0,xloopA_0Ab,4347.1,4441.9,94.8,505.2,19.2,1
2507,suv,4.8,road_loopA_r0,road_loopA_r1,4352.3,4443.0,90.7,1297.3,51.5,0
2508,suv,4.8,road_loopA_f0,road_loopA_f1,4353.0,4443.5,90.5,1304.1,51.9,0
2503,car,4.5,road_loopA_f0,road_loopA_f1,4349.3,4444.3,95.0,1304.2,49.4,0
2494,car,4.5,road_loopA_f0,road_loopA_f1,4343.8,4444.6,100.8,1303.5,46.5,0
2495,suv,4.8,road_loopA_r0,road_loopA_r1,4344.0,4444.6,100.6,1298.3,46.4,0
2510,car,4.5,road_loopA_f0,road_loopA_f1,4354.5,4445.9,91.4,1303.2,51.3,0
2519,car,4.5,xloopA_0Ba,xloopA_0Bb,4361.9,4447.0,85.1,84.5,3.6,1
2526,car,4.5,xloopA_0Ba,xloopA_0Bb,4369.7,4450.1,80.4,84.1,3.8,1
2514,car,4.5,xloopA_0Aa,xloopA_0Ab,4359.1,4450.4,91.3,84.1,3.3,1
2505,truck,8.5,road_loopA_f0,road_loopA_f1,4351.2,4451.6,100.4,1303.5,46.7,0
2529,car,4.5,xloopA_0Ba,xloopA_0Bb,4374.0,4452.2,78.2,84.6,3.9,1
2516,car,4.5,road_loopA_f0,road_loopA_f1,4359.6,4452.5,92.9,1303.0,50.5,0
2515,car,4.5,xloopA_0Aa,xloopA_0Ab,4359.3,4452.6,93.3,84.6,3.3,1
2511,truck,8.5,road_loopA_r0,road_loopA_r1,4354.5,4452.7,98.2,1298.3,47.6,0
2525,car,4.5,xloopA_0Aa,xloopA_0Ab,4369.7,4454.8,85.1,84.8,3.6,0
2500,car,4.5,road_loopA_r0,road_loopA_r1,4348.2,4455.6,107.4,1298.3,43.5,0
2523,car,4.5,road_loopA_f0,road_loopA_f1,4367.4,4457.2,89.8,1302.8,52.2,0
2553,car,4.5,xloopA_0Aa,xloopA_0Ab,4392.6,4457.5,64.9,84.6,4.7,0
2557,car,4.5,xloopA_0Aa,xloopA_0Ab,4395.8,4459.3,63.5,84.5,4.8,0
2560,car,4.5,xloopA_0Aa,xloopA_0Ab,4396.9,4462.1,65.2,84.4,4.7,0
2567,car,4.5,xloopA_0Aa,xloopA_0Ab,4405.0,4464.2,59.2,84.3,5.1,0
2518,car,4.5,road_loopA_f0,road_loopA_f1,4361.4,4466.3,104.9,1303.2,44.7,0
2530,suv,4.8,road_loopA_f0,road_loopA_f1,4374.2,4469.3,95.1,1303.8,49.4,0
2520,suv,4.8,road_loopA_f0,road_loopA_f1,4364.6,4470.1,105.5,1303.8,44.5,0
2522,car,4.5,road_loopA_f0,road_loopA_f1,4366.4,4471.8,105.4,1303.0,44.5,0
2527,car,4.5,road_loopA_f0,road_loopA_f1,4370.9,4473.9,103.0,1303.9,45.6,0
2531,car,4.5,road_loopA_f0,road_loopA_f1,4374.3,4474.6,100.3,1303.8,46.8,0
2546,car,4.5,road_loopA_f0,road_loopA_f1,4384.8,4475.5,90.7,1303.7,51.7,0
2540,car,4.5,road_loopA_f0,road_loopA_f1,4380.2,4476.3,96.1,1303.3,48.8,0
2545,truck,8.5,road_loopA_f0,road_loopA_f1,4383.1,4478.5,95.4,1303.1,49.2,0
2575,suv,4.8,road_loopA_f0,xloopA_0Bb,4411.8,4480.0,68.2,479.0,25.3,1
2459,bus,11.0,road_loopA_f0,road_loopA_f1,4317.4,4482.9,165.5,1303.1,28.3,2
2538,car,4.5,road_loopA_f0,road_loopA_f1,4377.9,4482.9,105.0,1303.3,44.7,0
2595,car,4.5,road_loopA_f0,xloopA_0Bb,4436.1,4483.8,47.7,478.8,36.1,0
2521,car,4.5,road_loopA_f0,road_loopA_f1,4365.6,4489.3,123.7,1303.7,37.9,0
2517,car,4.5,road_loopA_r0,road_loopA_r1,4359.7,4495.0,135.3,1298.0,34.5,1
2524,car,4.5,road_loopA_r0,road_loopA_r1,4368.8,4497.5,128.7,1298.5,36.3,1
2533,car,4.5,road_loopA_r0,road_loopA_r1,4375.3,4498.0,122.7,1298.1,38.1,1
2536,suv,4.8,road_loopA_r0,road_loopA_r1,4375.8,4501.3,125.5,1298.6,37.3,1
2539,car,4.5,road_loopA_r0,road_loopA_r1,4379.6,4501.8,122.2,1298.3,38.3,1
2513,car,4.5,road_loopA_r0,road_loopA_r1,4357.3,4505.2,147.9,1297.3,31.6,1
2541,suv,4.8,road_loopA_r0,road_loopA_r1,4380.8,4505.2,124.4,1297.6,37.6,1
2634,car,4.5,road_loopA_f0,xloopA_0Bb,4462.1,4505.6,43.5,478.8,39.6,0
2549,suv,4.8,road_loopA_r0,road_loopA_r1,4386.2,4507.0,120.8,1297.8,38.7,1
2547,car,4.5,road_loopA_r0,road_loopA_r1,4385.0,4509.3,124.3,1298.2,37.6,1
2528,suv,4.8,road_loopA_r0,road_loopA_r1,4370.9,4509.7,138.8,1298.3,33.7,1
2555,car,4.5,road_loopA_r0,road_loopA_r1,4393.2,4510.5,117.3,1298.3,39.8,1
2544,suv,4.8,road_loopA_r0,road_loopA_r1,4382.9,4511.3,128.4,1297.4,36.4,1
2564,suv,4.8,road_loopA_r0,road_loopA_r1,4403.2,4512.3,109.1,1298.1,42.8,1
2543,car,4.5,road_loopA_r0,road_loopA_r1,4381.3,4513.2,131.9,1298.2,35.4,1
2537,car,4.5,xloopA_0Aa,road_loopA_r1,4377.4,4513.6,136.2,507.0,13.4,0
2566,car,4.5,road_loopA_r0,road_loopA_r1,4404.6,4514.3,109.7,1298.1,42.6,0
2582,car,4.5,road_loopA_r0,road_loopA_r1,4422.7,4514.9,92.2,1298.0,50.7,0
2509,car,4.5,road_loopA_r0,road_loopA_r1,4354.0,4515.4,161.4,1298.2,29.0,1
2652,suv,4.8,road_loopA_f0,xloopA_0Bb,4472.8,4515.6,42.8,479.0,40.3,0
2584,suv,4.8,road_loopA_r0,road_loopA_r1,4424.8,4516.6,91.8,1297.3,50.9,0
2562,car,4.5,road_loopA_r0,road_loopA_r1,4399.5,4516.8,117.3,1297.7,39.8,0
2535,car,4.5,road_loopA_r0,road_loopA_r1,4375.8,4517.1,141.3,1297.7,33.1,1
2576,suv,4.8,road_loopA_r0,road_loopA_r1,4415.0,4518.6,103.6,1297.6,45.1,0
2556,suv,4.8,road_loopA_r0,road_loopA_r1,4393.4,4518.7,125.3,1297.6,37.3,0
2611,car,4.5,road_loopA_r0,xloopA_0Ab,4447.8,4519.2,71.4,869.0,43.8,0
2587,suv,4.8,road_loopA_r0,road_loopA_r1,4429.2,4519.8,90.6,1297.6,51.5,0
2579,car,4.5,road_loopA_r0,road_loopA_r1,4416.5,4520.5,104.0,1297.5,44.9,0
2667,suv,4.8,road_loopA_f0,xloopA_0Bb,4484.1,4524.6,40.5,479.1,42.6,0
2597,car,4.5,road_loopA_r0,road_loopA_r1,4436.4,4525.6,89.2,1298.0,52.4,0
2598,suv,4.8,road_loopA_r0,road_loopA_r1,4436.6,4526.1,89.5,1298.0,52.2,0
2534,bus,11.0,road_loopA_r0,road_loopA_r1,4375.7,4527.5,151.8,1298.1,30.8,2
2600,car,4.5,road_loopA_r0,road_loopA_r1,4438.9,4528.5,89.6,1297.5,52.1,0
2591,car,4.5,road_loopA_r0,xloopA_0Ab,4430.9,4529.1,98.2,869.2,31.8,1
2563,suv,4.8,road_loopA_f0,road_loopA_f1,4400.3,4529.7,129.4,1303.8,36.3,1
2559,car,4.5,road_loopA_f0,road_loopA_f1,4396.6,4531.6,135.0,1303.0,34.7,1
2488,bus,11.0,road_loopA_r0,road_loopA_r1,4338.1,4535.9,197.8,1297.3,23.6,3
2679,suv,4.8,road_loopA_f0,xloopA_0Bb,4496.7,4537.3,40.6,479.1,42.5,0
2542,car,4.5,road_loopA_f0,road_loopA_f1,4381.2,4538.1,156.9,1303.7,29.9,1
2608,car,4.5,road_loopA_r0,road_loopA_r1,4446.9,4539.9,93.0,1298.3,50.2,0
2568,suv,4.8,road_loopA_f0,road_loopA_f1,4407.2,4540.6,133.4,1302.8,35.2,1
2617,car,4.5,road_loopA_r0,road_loopA_r1,4451.0,4541.8,90.8,1297.5,51.5,0
2589,truck,8.5,road_loopA_f0,road_loopA_f1,4430.5,4542.2,111.7,1303.3,42.0,1
2577,truck,8.5,road_loopA_f0,road_loopA_f1,4415.3,4542.8,127.5,1303.7,36.8,1
2606,car,4.5,road_loopA_r0,road_loopA_r1,4445.3,4542.9,97.6,1297.9,47.9,0
2621,car,4.5,road_loopA_r0,road_loopA_r1,4453.6,4543.5,89.9,1297.4,52.0,0
2609,suv,4.8,road_loopA_r0,road_loopA_r1,4446.9,4544.6,97.7,1298.5,47.8,0
2580,suv,4.8,road_loopA_f0,road_loopA_f1,4417.8,4544.9,127.1,1304.0,36.9,1
2602,car,4.5,road_loopA_f0,road_loopA_f1,4442.5,4546.5,104.0,1304.0,45.1,0
2593,car,4.5,road_loopA_f0,road_loopA_f1,4432.5,4546.7,114.2,1303.2,41.1,0
2626,car,4.5,road_loopA_r0,road_loopA_r1,4454.5,4546.8,92.3,1297.6,50.6,0
2628,car,4.5,road_loopA_r0,road_loopA_r1,4457.4,4548.5,91.1,1297.8,51.3,0
2619,car,4.5,road_loopA_f0,road_loopA_f1,4451.6,4548.7,97.1,1303.1,48.3,0
2365,car,4.5,road_loopA_r0,xloopA_0Bb,4229.9,4549.4,319.5,895.5,10.1,3
2558,suv,4.8,road_loopA_f0,xloopA_0Ab,4396.5,4550.0,153.5,505.2,11.8,1
2627,suv,4.8,road_loopA_r0,road_loopA_r1,4455.8,4550.8,95.0,1298.0,49.2,0
2586,car,4.5,road_loopA_f0,road_loopA_f1,4427.9,4551.4,123.5,1302.9,38.0,1
2368,car,4.5,road_loopA_r0,xloopA_0Bb,4231.6,4552.0,320.4,895.5,10.1,3
2592,car,4.5,road_loopA_f0,xloopA_0Ab,4431.9,4552.7,120.8,505.5,15.1,2
2624,car,4.5,road_loopA_r0,road_loopA_r1,4454.1,4552.7,98.6,1298.6,47.4,0
2449,car,4.5,road_loopA_r0,xloopA_0Bb,4307.2,4554.7,247.5,895.7,13.0,3
2613,truck,8.5,road_loopA_f0,xloopA_0Ab,4448.3,4556.1,107.8,505.0,16.9,2
2632,car,4.5,road_loopA_r0,road_loopA_r1,4460.9,4556.1,95.2,1297.3,49.1,0
2571,car,4.5,road_loopA_f0,road_loopA_f1,4409.3,4556.8,147.5,1303.9,31.8,1
2618,car,4.5,road_loopA_r0,road_loopA_r1,4451.3,4558.4,107.1,1297.7,43.6,0
2646,car,4.5,road_loopA_r0,road_loopA_r1,4467.4,4558.5,91.1,1298.1,51.3,0
2583,suv,4.8,road_loopA_f0,road_loopA_f1,4424.5,4558.7,134.2,1303.9,35.0,1
2637,car,4.5,road_loopA_r0,road_loopA_r1,4463.8,4558.7,94.9,1298.3,49.2,0
2630,car,4.5,road_loopA_r0,road_loopA_r1,4459.9,4560.1,100.2,1297.6,46.6,0
2647,car,4.5,road_loopA_r0,road_loopA_r1,4467.9,4560.5,92.6,1298.3,50.5,0
2604,car,4.5,road_loopA_f0,road_loopA_f1,4444.5,4560.8,116.3,1304.0,40.4,0
2493,car,4.5,xloopA_0Aa,road_loopA_f1,4342.7,4561.9,219.2,872.1,14.3,1
2633,suv,4.8,road_loopA_r0,road_loopA_r1,4461.8,4561.9,100.1,1298.3,46.7,0
2645,suv,4.8,road_loopA_r0,road_loopA_r1,4466.9,4562.8,95.9,1297.3,48.7,0
2614,truck,8.5,road_loopA_f0,road_loopA_f1,4448.4,4562.9,114.5,1303.0,41.0,0
2638,car,4.5,road_loopA_r0,road_loopA_r1,4463.9,4563.7,99.8,1298.6,46.9,0
2623,suv,4.8,road_loopA_f0,road_loopA_f1,4454.1,4564.4,110.3,1303.6,42.5,0
2650,car,4.5,road_loopA_r0,road_loopA_r1,4471.9,4565.0,93.1,1298.0,50.2,0
2642,car,4.5,road_loopA_r0,road_loopA_r1,4466.0,4565.5,99.5,1297.4,47.0,0
2625,suv,4.8,road_loopA_f0,road_loopA_f1,4454.6,4566.3,111.7,1303.2,42.0,0
2554,bus,11.0,road_loopA_f0,road_loopA_f1,4392.6,4566.7,174.1,1303.5,27.0,2
2655,car,4.5,road_loopA_r0,road_loopA_r1,4473.5,4567.2,93.7,1297.3,49.9,0
2548,bus,11.0,road_loopA_f0,road_loopA_f1,4385.7,4567.3,181.6,1303.9,25.8,2
2641,car,4.5,road_loopA_r0,road_loopA_r1,4465.6,4567.8,102.2,1298.0,45.7,0
2639,truck,8.5,road_loopA_f0,road_loopA_f1,4464.7,4568.8,104.1,1303.9,45.1,0
2651,suv,4.8,road_loopA_r0,road_loopA_r1,4472.5,4569.0,96.5,1297.8,48.4,0
2741,car,4.5,xloopA_0Ba,xloopA_0Bb,4557.4,4569.2,11.8,84.6,25.9,0
2620,car,4.5,xloopA_0Ba,road_loopA_f1,4452.5,4569.4,116.9,903.0,27.8,0
2644,car,4.5,road_loopA_r0,road_loopA_r1,4466.9,4569.5,102.6,1297.8,45.5,0
2570,car,4.5,road_loopA_f0,road_loopA_f1,4409.1,4571.1,162.0,1303.9,29.0,1
2603,suv,4.8,road_loopA_f0,road_loopA_f1,4442.9,4571.1,128.2,1303.9,36.6,0
2569,suv,4.8,road_loopA_f0,road_loopA_f1,4408.9,4571.7,162.8,1303.8,28.8,1
2640,suv,4.8,road_loopA_f0,road_loopA_f1,4465.5,4573.2,107.7,1303.9,43.6,0
2578,car,4.5,road_loopA_f0,road_loopA_f1,4416.3,4573.3,157.0,1303.4,29.9,1
2660,car,4.5,road_loopA_f0,road_loopA_f1,4479.6,4574.9,95.3,1303.0,49.2,0
2588,car,4.5,xloopA_0Aa,road_loopA_f1,4429.8,4575.1,145.3,872.2,21.6,0
2596,car,4.5,road_loopA_f0,road_loopA_f1,4436.3,4575.2,138.9,1303.2,33.8,0
2573,car,4.5,road_loopA_f0,road_loopA_f1,4410.9,4576.7,165.8,1303.8,28.3,1
2610,car,4.5,road_loopA_f0,road_loopA_f1,4447.3,4577.1,129.8,1303.6,36.1,0
2550,truck,8.5,road_loopA_f0,road_loopA_f1,4389.0,4577.3,188.3,1303.4,24.9,1
2648,car,4.5,road_loopA_f0,road_loopA_f1,4469.4,4578.4,109.0,1303.2,43.1,0
2561,car,4.5,road_loopA_f0,road_loopA_f1,4397.6,4579.3,181.7,1303.6,25.8,1
2629,truck,8.5,road_loopA_f0,road_loopA_f1,4457.9,4579.4,121.5,1303.6,38.6,0
2649,car,4.5,road_loopA_f0,road_loopA_f1,4469.9,4580.2,110.3,1304.1,42.6,0
2565,car,4.5,road_loopA_f0,road_loopA_f1,4404.0,4581.0,177.0,1303.5,26.5,1
2616,suv,4.8,road_loopA_f0,road_loopA_f1,4450.3,4581.8,131.5,1303.0,35.7,0
2671,truck,8.5,road_loopA_f0,road_loopA_f1,4487.4,4581.9,94.5,1303.2,49.7,0
2572,car,4.5,road_loopA_f0,road_loopA_f1,4410.3,4582.9,172.6,1303.7,27.2,1
2654,car,4.5,road_loopA_f0,road_loopA_f1,4473.4,4583.6,110.2,1304.0,42.6,0
2622,car,4.5,road_loopA_f0,road_loopA_f1,4453.8,4584.4,130.6,1304.1,36.0,0
2574,car,4.5,road_loopA_f0,road_loopA_f1,4411.5,4584.6,173.1,1303.5,27.1,1
2659,suv,4.8,road_loopA_f0,road_loopA_f1,4479.6,4585.3,105.7,1303.1,44.4,0
2701,car,4.5,road_loopA_f0,xloopA_0Bb,4518.8,4585.4,66.6,478.6,25.9,2
2607,car,4.5,road_loopA_r0,xloopA_0Ab,4446.1,4585.5,139.4,868.8,22.4,4
2668,suv,4.8,road_loopA_f0,road_loopA_f1,4484.5,4586.2,101.7,1303.7,46.1,0
2581,truck,8.5,road_loopA_f0,road_loopA_f1,4421.3,4586.8,165.5,1303.9,28.4,1
2670,car,4.5,road_loopA_f0,road_loopA_f1,4486.9,4587.9,101.0,1303.5,46.5,0
2605,suv,4.8,road_loopA_f0,road_loopA_f1,4444.5,4588.1,143.6,1303.8,32.7,0
2590,car,4.5,road_loopA_f0,road_loopA_f1,4430.8,4589.0,158.2,1303.4,29.7,0
2681,car,4.5,road_loopA_f0,road_loopA_f1,4497.5,4590.1,92.6,1303.8,50.7,0
2594,car,4.5,road_loopA_f0,road_loopA_f1,4434.2,4590.8,156.6,1303.8,30.0,0
2636,car,4.5,road_loopA_f0,road_loopA_f1,4462.9,4591.0,128.1,1303.3,36.6,0
2684,car,4.5,road_loopA_f0,road_loopA_f1,4501.8,4592.4,90.6,1303.7,51.8,0
2599,car,4.5,road_loopA_f0,road_loopA_f1,4438.4,4592.8,154.4,1303.1,30.4,0
2612,suv,4.8,road_loopA_f0,road_loopA_f1,4448.3,4593.0,144.7,1304.2,32.4,0
2732,car,4.5,road_loopA_f0,xloopA_0Bb,4550.3,4594.0,43.7,478.8,39.4,0
2665,car,4.5,road_loopA_f0,road_loopA_f1,4482.8,4594.7,111.9,1303.9,41.9,0
2676,car,4.5,road_loopA_f0,road_loopA_f1,4495.3,4595.5,100.2,1303.0,46.8,0
2615,bus,11.0,road_loopA_f0,road_loopA_f1,4450.1,4596.8,146.7,1303.3,32.0,1
2711,truck,8.5,road_loopA_r0,xloopA_0Ab,4524.7,4600.5,75.8,869.1,41.3,0
2675,truck,8.5,road_loopA_f0,road_loopA_f1,4494.8,4600.6,105.8,1303.9,44.4,0
2656,car,4.5,road_loopA_r0,road_loopA_r1,4475.5,4604.5,129.0,1297.7,36.2,1
2657,car,4.5,xloopA_0Ba,road_loopA_r1,4477.1,4605.4,128.3,476.4,13.4,1
2674,car,4.5,road_loopA_f0,road_loopA_f1,4493.3,4606.8,113.5,1303.1,41.3,0
2666,car,4.5,road_loopA_r0,road_loopA_r1,4483.5,4607.6,124.1,1297.6,37.6,1
2673,car,4.5,road_loopA_r0,road_loopA_r1,4492.4,4610.6,118.2,1298.4,39.6,1
2643,truck,8.5,road_loopA_r0,road_loopA_r1,4466.5,4612.5,146.0,1297.8,32.0,1
2677,truck,8.5,road_loopA_r0,road_loopA_r1,4496.0,4614.2,118.2,1298.4,39.6,1
2551,bus,11.0,road_loopA_f0,road_loopA_f1,4389.6,4615.4,225.8,1302.9,20.8,4
2661,car,4.5,road_loopA_r0,road_loopA_r1,4479.7,4615.4,135.7,1297.7,34.4,1
2685,car,4.5,road_loopA_r0,road_loopA_r1,4503.7,4616.1,112.4,1297.7,41.6,1
2672,car,4.5,road_loopA_r0,road_loopA_r1,4492.4,4617.2,124.8,1298.3,37.5,1
2678,suv,4.8,road_loopA_r0,road_loopA_r1,4496.5,4618.3,121.8,1298.1,38.4,1
2680,car,4.5,road_loopA_r0,road_loopA_r1,4497.0,4618.8,121.8,1298.4,38.4,1
2698,suv,4.8,road_loopA_r0,road_loopA_r1,4518.3,4619.8,101.5,1298.1,46.0,0
2697,car,4.5,road_loopA_r0,road_loopA_r1,4517.0,4620.0,103.0,1297.9,45.4,0
2688,car,4.5,xloopA_0Aa,road_loopA_r1,4506.4,4622.1,115.7,506.5,15.8,1
2682,car,4.5,road_loopA_r0,road_loopA_r1,4499.2,4622.4,123.2,1298.0,37.9,1
2694,car,4.5,road_loopA_r0,road_loopA_r1,4513.6,4622.8,109.2,1297.8,42.8,0
2658,truck,8.5,road_loopA_r0,road_loopA_r1,4478.8,4624.3,145.5,1297.3,32.1,1
2712,suv,4.8,road_loopA_r0,road_loopA_r1,4525.8,4624.5,98.7,1298.1,47.3,0
2710,suv,4.8,road_loopA_r0,road_loopA_r1,4522.5,4627.9,105.4,1297.3,44.3,0
2720,car,4.5,road_loopA_r0,road_loopA_r1,4533.7,4628.7,95.0,1297.6,49.2,0
2696,bus,11.0,road_loopA_r0,road_loopA_r1,4516.3,4628.8,112.5,1297.6,41.5,0
2691,car,4.5,road_loopA_f0,road_loopA_f1,4512.2,4630.2,118.0,1303.5,39.8,1
2721,suv,4.8,road_loopA_r0,road_loopA_r1,4535.8,4630.9,95.1,1297.5,49.1,0
2714,car,4.5,road_loopA_r0,road_loopA_r1,4526.6,4631.0,104.4,1298.0,44.8,0
2727,car,4.5,road_loopA_r0,road_loopA_r1,4543.7,4632.9,89.2,1297.6,52.4,0
2728,car,4.5,road_loopA_r0,road_loopA_r1,4545.2,4636.7,91.5,1297.4,51.0,0
2699,car,4.5,road_loopA_f0,road_loopA_f1,4518.6,4638.5,119.9,1303.5,39.2,1
2687,suv,4.8,road_loopA_f0,road_loopA_f1,4505.9,4638.7,132.8,1303.0,35.3,1
2713,car,4.5,road_loopA_r0,road_loopA_r1,4526.2,4638.8,112.6,1297.2,41.5,0
2686,bus,11.0,road_loopA_r0,road_loopA_r1,4504.2,4639.8,135.6,1297.3,34.4,1
2734,suv,4.8,road_loopA_r0,road_loopA_r1,4551.0,4640.8,89.8,1297.8,52.0,0
2704,suv,4.8,road_loopA_f0,road_loopA_f1,4520.4,4641.4,121.0,1303.7,38.8,1
2738,car,4.5,road_loopA_r0,road_loopA_r1,4553.1,4643.8,90.7,1298.3,51.5,0
2695,suv,4.8,road_loopA_f0,road_loopA_f1,4514.8,4644.1,129.3,1302.9,36.3,1
2689,car,4.5,road_loopA_f0,road_loopA_f1,4507.2,4644.5,137.3,1302.9,34.2,1
2703,suv,4.8,road_loopA_f0,road_loopA_f1,4519.1,4646.2,127.1,1303.3,36.9,1
2719,car,4.5,road_loopA_f0,road_loopA_f1,4533.5,4646.8,113.3,1302.8,41.4,1
2730,car,4.5,road_loopA_r0,road_loopA_r1,4547.4,4647.8,100.4,1298.0,46.6,0
2683,bus,11.0,road_loopA_r0,road_loopA_r1,4501.4,4648.3,146.9,1297.4,31.8,1
2724,car,4.5,road_loopA_f0,road_loopA_f1,4540.3,4648.5,108.2,1303.8,43.4,0
2716,car,4.5,road_loopA_f0,road_loopA_f1,4527.2,4650.1,122.9,1303.2,38.2,1
2731,suv,4.8,road_loopA_r0,road_loopA_r1,4548.7,4650.4,101.7,1297.9,46.0,0
2693,truck,8.5,road_loopA_f0,road_loopA_f1,4512.7,4650.5,137.8,1302.9,34.0,1
2601,car,4.5,xloopA_0Aa,road_loopA_f1,4442.1,4651.7,209.6,872.5,15.0,1
2729,car,4.5,road_loopA_r0,road_loopA_r1,4547.1,4651.7,104.6,1298.1,44.7,0
2737,suv,4.8,road_loopA_f0,road_loopA_f1,4551.3,4652.1,100.8,1303.6,46.5,0
2706,car,4.5,road_loopA_f0,road_loopA_f1,4521.7,4652.8,131.1,1303.3,35.8,1
2707,car,4.5,road_loopA_f0,road_loopA_f1,4521.8,4654.6,132.8,1303.5,35.3,1
2742,car,4.5,road_loopA_f0,road_loopA_f1,4557.6,4655.0,97.4,1303.6,48.2,0
2747,car,4.5,road_loopA_r0,road_loopA_r1,4562.3,4655.3,93.0,1298.4,50.3,0
2752,car,4.5,road_loopA_r0,road_loopA_r1,4566.4,4655.8,89.4,1297.4,52.2,0
2717,car,4.5,road_loopA_f0,road_loopA_f1,4528.2,4656.8,128.6,1303.0,36.5,1
2745,car,4.5,road_loopA_f0,road_loopA_f1,4561.4,4656.8,95.4,1304.0,49.2,0
2481,suv,4.8,road_loopA_r0,xloopA_0Bb,4332.3,4657.0,324.7,895.8,9.9,3
2664,suv,4.8,road_loopA_f0,xloopA_0Ab,4482.3,4657.7,175.4,505.7,10.4,2
2746,car,4.5,road_loopA_f0,road_loopA_f1,4562.2,4658.6,96.4,1303.5,48.7,0
2635,car,4.5,xloopA_0Ba,road_loopA_f1,4462.5,4659.3,196.8,903.0,16.5,1
2723,car,4.5,road_loopA_f0,road_loopA_f1,4538.7,4659.3,120.6,1303.9,38.9,1
2487,car,4.5,road_loopA_r0,xloopA_0Bb,4337.6,4659.6,322.0,895.5,10.0,3
2744,car,4.5,road_loopA_r0,road_loopA_r1,4560.4,4660.0,99.6,1297.5,46.9,0
2669,car,4.5,road_loopA_f0,xloopA_0Ab,4485.2,4660.3,175.1,505.4,10.4,2
2748,car,4.5,road_loopA_f0,road_loopA_f1,4564.9,4660.5,95.6,1303.5,49.1,0
2702,car,4.5,road_loopA_f0,road_loopA_f1,4518.9,4660.9,142.0,1303.5,33.1,1
2751,suv,4.8,road_loopA_f0,road_loopA_f1,4565.9,4662.2,96.3,1303.0,48.7,0
2490,car,4.5,road_loopA_r0,xloopA_0Bb,4339.8,4662.3,322.5,895.8,10.0,3
2715,car,4.5,road_loopA_f0,road_loopA_f1,4526.8,4662.7,135.9,1303.9,34.5,1
2690,car,4.5,road_loopA_f0,xloopA_0Ab,4509.4,4662.9,153.5,505.2,11.8,1
2740,suv,4.8,road_loopA_f0,road_loopA_f1,4556.8,4663.5,106.7,1303.3,44.0,0
2755,suv,4.8,road_loopA_f0,road_loopA_f1,4571.4,4664.0,92.6,1303.0,50.6,0
2736,suv,4.8,road_loopA_f0,road_loopA_f1,4551.1,4664.8,113.7,1303.4,41.3,0
2498,car,4.5,road_loopA_r0,xloopA_0Bb,4346.7,4664.9,318.2,895.4,10.1,3
2753,car,4.5,road_loopA_r0,road_loopA_r1,4566.7,4665.2,98.5,1298.3,47.5,0
2705,suv,4.8,road_loopA_f0,xloopA_0Ab,4520.4,4665.6,145.2,505.4,12.5,1
2750,car,4.5,road_loopA_f0,road_loopA_f1,4565.3,4665.9,100.6,1303.5,46.6,0
2760,suv,4.8,road_loopA_r0,road_loopA_r1,4576.1,4666.1,90.0,1297.5,51.9,0
2754,suv,4.8,road_loopA_f0,road_loopA_f1,4569.3,4666.4,97.1,1303.4,48.3,0
2756,car,4.5,road_loopA_f0,road_loopA_f1,4571.5,4667.3,95.8,1303.1,49.0,0
2552,car,4.5,road_loopA_r0,xloopA_0Bb,4391.8,4667.6,275.8,895.6,11.7,2
2764,car,4.5,road_loopA_r0,road_loopA_r1,4578.1,4668.0,89.9,1298.5,52.0,0
2709,car,4.5,road_loopA_f0,xloopA_0Ab,4522.4,4668.3,145.9,505.3,12.5,1
2743,suv,4.8,road_loopA_f0,road_loopA_f1,4559.5,4668.8,109.3,1302.8,42.9,0
2763,car,4.5,road_loopA_f0,road_loopA_f1,4577.6,4668.9,91.3,1303.2,51.4,0
2761,car,4.5,road_loopA_r0,road_loopA_r1,4576.7,4670.5,93.8,1297.6,49.8,0
2749,car,4.5,road_loopA_r0,road_loopA_r1,4565.2,4670.9,105.7,1297.4,44.2,0
2769,car,4.5,road_loopA_f0,road_loopA_f1,4581.6,4671.3,89.7,1303.5,52.3,0
2758,truck,8.5,road_loopA_r0,road_loopA_r1,4573.9,4671.8,97.9,1298.3,47.7,0
2692,car,4.5,road_loopA_f0,road_loopA_f1,4512.7,4671.9,159.2,1303.6,29.5,1
2708,car,4.5,xloopA_0Aa,xloopA_0Ab,4522.3,4672.5,150.2,84.4,2.0,1
2725,car,4.5,road_loopA_f0,road_loopA_f1,4541.6,4673.4,131.8,1302.9,35.6,0
2768,car,4.5,road_loopA_r0,road_loopA_r1,4581.3,4673.5,92.2,1297.9,50.7,0
2770,car,4.5,road_loopA_r0,road_loopA_r1,4581.6,4673.9,92.3,1298.2,50.7,0
2823,car,4.5,xloopA_0Ba,xloopA_0Bb,4629.4,4674.4,45.0,84.1,6.7,1
2735,car,4.5,xloopA_0Aa,xloopA_0Ab,4551.0,4674.5,123.5,84.1,2.5,1
2733,car,4.5,road_loopA_f0,road_loopA_f1,4550.9,4674.7,123.8,1303.7,37.9,0
2662,car,4.5,xloopA_0Aa,road_loopA_f1,4481.6,4676.7,195.1,872.0,16.1,1
2700,car,4.5,road_loopA_f0,road_loopA_f1,4518.8,4677.5,158.7,1303.5,29.6,1
2775,car,4.5,xloopA_0Aa,xloopA_0Ab,4584.7,4678.1,93.4,84.1,3.2,0
2757,car,4.5,road_loopA_f0,road_loopA_f1,4572.0,4679.1,107.1,1303.6,43.8,0
2777,car,4.5,road_loopA_f0,road_loopA_f1,4587.0,4680.0,93.0,1303.1,50.4,0
2759,car,4.5,road_loopA_f0,road_loopA_f1,4575.7,4681.3,105.6,1303.2,44.4,0
2781,truck,8.5,road_loopA_f0,road_loopA_f1,4589.2,4681.9,92.7,1303.6,50.6,0
2800,car,4.5,xloopA_0Aa,xloopA_0Ab,4607.1,4681.9,74.8,84.7,4.1,0
2767,suv,4.8,road_loopA_f0,road_loopA_f1,4579.6,4683.0,103.4,1304.1,45.4,0
2771,car,4.5,road_loopA_f0,road_loopA_f1,4582.0,4684.8,102.8,1303.2,45.7,0
2778,car,4.5,road_loopA_f0,road_loopA_f1,4587.2,4686.8,99.6,1303.3,47.1,0
2786,suv,4.8,road_loopA_f0,road_loopA_f1,4592.4,4688.5,96.1,1303.9,48.9,0
2773,car,4.5,road_loopA_f0,road_loopA_f1,4583.6,4688.9,105.3,1303.9,44.6,0
2790,car,4.5,road_loopA_f0,road_loopA_f1,4596.4,4690.1,93.7,1303.1,50.0,0
2794,car,4.5,road_loopA_f0,road_loopA_f1,4601.2,4691.2,90.0,1303.9,52.2,0
2796,car,4.5,road_loopA_f0,road_loopA_f1,4604.1,4693.8,89.7,1303.1,52.3,0
2780,truck,8.5,road_loopA_f0,road_loopA_f1,4588.7,4695.0,106.3,1302.9,44.1,0
2791,car,4.5,road_loopA_f0,road_loopA_f1,4597.1,4696.5,99.4,1302.9,47.2,0
2801,suv,4.8,road_loopA_f0,road_loopA_f1,4607.2,4703.4,96.2,1303.0,48.7,0
2795,suv,4.8,road_loopA_r0,xloopA_0Ab,4603.9,4703.8,99.9,869.2,31.3,2
2804,suv,4.8,road_loopA_f0,road_loopA_f1,4610.9,4705.1,94.2,1303.1,49.8,0
2797,car,4.5,road_loopA_f0,road_loopA_f1,4605.4,4705.2,99.8,1303.4,47.0,0
2802,car,4.5,road_loopA_f0,road_loopA_f1,4609.1,4708.2,99.1,1302.9,47.3,0
2810,car,4.5,xloopA_0Ba,road_loopA_r1,4617.2,4721.0,103.8,476.9,16.5,1
2829,car,4.5,xloopA_0Ba,road_loopA_r1,4639.0,4725.4,86.4,476.8,19.9,1
2877,car,4.5,road_loopA_f0,xloopA_0Bb,4687.0,4728.3,41.3,478.6,41.7,0
2774,car,4.5,road_loopA_r0,road_loopA_r1,4584.4,4730.8,146.4,1298.0,31.9,1
2776,car,4.5,road_loopA_r0,road_loopA_r1,4585.5,4731.8,146.3,1297.9,31.9,1
2772,suv,4.8,road_loopA_r0,road_loopA_r1,4582.2,4733.8,151.6,1298.5,30.8,1
2849,car,4.5,xloopA_0Ba,road_loopA_r1,4659.7,4735.5,75.8,476.4,22.6,0
2782,suv,4.8,road_loopA_r0,road_loopA_r1,4589.2,4737.1,147.9,1297.3,31.6,1
2834,suv,4.8,road_loopA_r0,xloopA_0Ab,4645.4,4738.7,93.3,869.5,33.6,1
2784,car,4.5,road_loopA_r0,road_loopA_r1,4591.1,4739.0,147.9,1298.5,31.6,1
2779,truck,8.5,road_loopA_r0,road_loopA_r1,4587.7,4740.6,152.9,1298.2,30.6,1
2789,car,4.5,road_loopA_r0,road_loopA_r1,4596.2,4740.7,144.5,1297.7,32.3,1
2792,suv,4.8,road_loopA_r0,road_loopA_r1,4598.4,4742.5,144.1,1298.4,32.4,1
2799,car,4.5,road_loopA_r0,road_loopA_r1,4605.9,4742.5,136.6,1297.6,34.2,1
2785,car,4.5,xloopA_0Aa,road_loopA_r1,4591.6,4742.7,151.1,506.4,12.1,0
2783,car,4.5,road_loopA_r0,road_loopA_r1,4589.8,4744.5,154.7,1298.4,30.2,1
2762,suv,4.8,road_loopA_r0,road_loopA_r1,4577.4,4744.7,167.3,1297.6,27.9,1
2812,car,4.5,road_loopA_r0,road_loopA_r1,4619.0,4744.9,125.9,1297.7,37.1,1
2788,suv,4.8,road_loopA_r0,road_loopA_r1,4594.4,4746.4,152.0,1298.0,30.7,1
2798,car,4.5,road_loopA_r0,road_loopA_r1,4605.6,4746.5,140.9,1297.3,33.1,1
2817,car,4.5,road_loopA_r0,road_loopA_r1,4623.5,4747.0,123.5,1297.6,37.8,1
2805,car,4.5,road_loopA_r0,road_loopA_r1,4611.0,4748.3,137.3,1297.8,34.0,1
2803,truck,8.5,road_loopA_r0,road_loopA_r1,4610.3,4748.5,138.2,1297.6,33.8,1
2811,car,4.5,road_loopA_r0,road_loopA_r1,4618.3,4749.9,131.6,1298.6,35.5,1
2814,car,4.5,road_loopA_r0,road_loopA_r1,4620.5,4750.0,129.5,1297.3,36.1,1
2824,car,4.5,road_loopA_r0,road_loopA_r1,4630.6,4750.9,120.3,1297.5,38.8,1
2816,car,4.5,road_loopA_r0,road_loopA_r1,4622.0,4751.6,129.6,1297.9,36.1,1
2807,suv,4.8,road_loopA_r0,road_loopA_r1,4612.0,4753.3,141.3,1298.1,33.1,1
2821,car,4.5,road_loopA_r0,road_loopA_r1,4627.1,4753.3,126.2,1298.3,37.0,1
2815,suv,4.8,road_loopA_r0,road_loopA_r1,4621.2,4753.7,132.5,1297.4,35.3,1
2831,car,4.5,road_loopA_r0,road_loopA_r1,4641.2,4754.4,113.2,1298.0,41.3,1
2820,car,4.5,road_loopA_r0,road_loopA_r1,4626.5,4755.5,129.0,1298.0,36.2,1
2825,suv,4.8,road_loopA_r0,road_loopA_r1,4632.7,4755.7,123.0,1297.6,38.0,1
2,tram,34.0,loopB,loopB,315.9,4755.9,4440.0,33673.6,27.3,42
2818,suv,4.8,road_loopA_f0,road_loopA_f1,4623.8,4758.0,134.2,1303.6,35.0,1
2835,truck,8.5,road_loopA_r0,road_loopA_r1,4647.1,4758.7,111.6,1298.3,41.9,0
2819,car,4.5,road_loopA_f0,road_loopA_f1,4625.2,4759.8,134.6,1303.9,34.9,1
2844,car,4.5,road_loopA_r0,road_loopA_r1,4653.8,4760.0,106.2,1297.4,44.0,0
2840,car,4.5,road_loopA_r0,road_loopA_r1,4650.7,4760.6,109.9,1297.5,42.5,0
2833,suv,4.8,road_loopA_f0,road_loopA_f1,4645.0,4761.6,116.6,1304.0,40.3,1
2822,truck,8.5,road_loopA_r0,road_loopA_r1,4629.3,4762.3,133.0,1297.8,35.1,0
2847,suv,4.8,road_loopA_r0,road_loopA_r1,4658.2,4762.4,104.2,1297.8,44.8,0
2832,car,4.5,road_loopA_r0,road_loopA_r1,4644.6,4764.3,119.7,1297.9,39.0,0
2841,car,4.5,road_loopA_f0,road_loopA_f1,4651.3,4764.5,113.2,1304.0,41.5,1
2851,car,4.5,road_loopA_r0,road_loopA_r1,4660.4,4764.6,104.2,1298.7,44.9,0
2912,car,4.5,road_loopA_f0,xloopA_0Bb,4720.6,4764.7,44.1,478.8,39.1,0
2838,car,4.5,road_loopA_r0,road_loopA_r1,4649.4,4766.0,116.6,1298.4,40.1,0
2845,car,4.5,road_loopA_r0,road_loopA_r1,4655.2,4767.2,112.0,1297.7,41.7,0
2843,car,4.5,road_loopA_r0,road_loopA_r1,4651.5,4767.7,116.2,1297.4,40.2,0
2830,car,4.5,road_loopA_f0,road_loopA_f1,4640.0,4768.3,128.3,1303.9,36.6,1
2859,car,4.5,road_loopA_r0,road_loopA_r1,4670.8,4768.4,97.6,1298.4,47.9,0
2864,car,4.5,road_loopA_r0,xloopA_0Ab,4676.8,4769.3,92.5,869.2,33.8,1
2837,suv,4.8,road_loopA_f0,road_loopA_f1,4648.7,4770.1,121.4,1304.1,38.7,1
2856,car,4.5,road_loopA_r0,road_loopA_r1,4667.1,4771.2,104.1,1297.4,44.9,0
2858,car,4.5,road_loopA_r0,road_loopA_r1,4669.0,4771.9,102.9,1297.3,45.4,0
2862,car,4.5,road_loopA_r0,road_loopA_r1,4675.5,4771.9,96.4,1297.9,48.5,0
2793,bus,11.0,road_loopA_f0,road_loopA_f1,4599.5,4772.6,173.1,1303.5,27.1,2
2846,car,4.5,road_loopA_f0,road_loopA_f1,4656.1,4772.9,116.8,1303.0,40.2,1
2850,car,4.5,road_loopA_f0,road_loopA_f1,4659.9,4772.9,113.0,1303.5,41.5,1
2861,car,4.5,road_loopA_r0,road_loopA_r1,4671.9,4773.6,101.7,1297.3,45.9,0
2839,car,4.5,road_loopA_f0,road_loopA_f1,4650.5,4775.0,124.5,1303.5,37.7,1
2867,car,4.5,road_loopA_r0,road_loopA_r1,4679.9,4778.7,98.8,1298.0,47.3,0
2854,car,4.5,road_loopA_f0,road_loopA_f1,4666.0,4779.0,113.0,1303.0,41.5,0
2868,car,4.5,road_loopA_f0,road_loopA_f1,4681.4,4779.7,98.3,1302.9,47.7,0
2866,suv,4.8,road_loopA_r0,road_loopA_r1,4679.7,4780.4,100.7,1297.3,46.4,0
2881,car,4.5,road_loopA_r0,road_loopA_r1,4689.4,4780.5,91.1,1297.8,51.3,0
2857,truck,8.5,road_loopA_f0,road_loopA_f1,4667.6,4781.0,113.4,1304.0,41.4,0
2585,car,4.5,road_loopA_r0,xloopA_0Bb,4427.1,4783.6,356.5,895.5,9.0,3
2726,car,4.5,road_loopA_f0,xloopA_0Ab,4542.1,4784.2,242.1,505.3,7.5,2
2765,car,4.5,xloopA_0Aa,road_loopA_f1,4579.4,4786.1,206.7,872.1,15.2,1
2631,car,4.5,road_loopA_r0,xloopA_0Bb,4460.2,4786.2,326.0,895.5,9.9,3
2863,truck,8.5,road_loopA_f0,road_loopA_f1,4676.2,4786.3,110.1,1303.6,42.6,0
2874,car,4.5,road_loopA_f0,road_loopA_f1,4685.7,4786.7,101.0,1303.2,46.4,0
2766,car,4.5,road_loopA_f0,xloopA_0Ab,4579.4,4786.8,207.4,505.3,8.8,2
2885,truck,8.5,road_loopA_r0,road_loopA_r1,4691.0,4787.6,96.6,1298.4,48.4,0
2875,car,4.5,road_loopA_r0,road_loopA_r1,4685.9,4788.4,102.5,1298.1,45.6,0
2886,car,4.5,road_loopA_f0,road_loopA_f1,4693.6,4788.5,94.9,1303.4,49.5,0
2787,car,4.5,road_loopA_f0,xloopA_0Ab,4593.0,4789.4,196.4,505.1,9.3,2
2890,car,4.5,road_loopA_r0,road_loopA_r1,4694.7,4789.5,94.8,1297.7,49.3,0
2653,truck,8.5,road_loopA_r0,xloopA_0Bb,4473.3,4789.7,316.4,895.8,10.2,3
2887,car,4.5,road_loopA_r0,road_loopA_r1,4693.8,4790.1,96.3,1298.1,48.5,0
2876,car,4.5,road_loopA_f0,road_loopA_f1,4686.2,4790.5,104.3,1303.9,45.0,0
2813,car,4.5,road_loopA_f0,xloopA_0Ab,4620.2,4792.1,171.9,505.3,10.6,1
2893,suv,4.8,road_loopA_f0,road_loopA_f1,4700.0,4792.2,92.2,1303.3,50.9,0
2663,suv,4.8,road_loopA_r0,xloopA_0Bb,4481.8,4792.8,311.0,896.0,10.4,2
2808,suv,4.8,road_loopA_f0,road_loopA_f1,4615.8,4793.3,177.5,1303.1,26.4,1
2895,car,4.5,road_loopA_f0,road_loopA_f1,4703.5,4794.4,90.9,1302.9,51.6,0
2871,car,4.5,road_loopA_f0,xloopA_0Ab,4683.2,4794.7,111.5,505.0,16.3,1
2897,car,4.5,road_loopA_r0,road_loopA_r1,4705.7,4795.0,89.3,1298.0,52.3,0
2865,car,4.5,road_loopA_f0,road_loopA_f1,4679.3,4797.4,118.1,1303.7,39.7,0
2826,car,4.5,xloopA_0Aa,road_loopA_f1,4634.0,4798.3,164.3,872.6,19.1,0
2828,car,4.5,road_loopA_f0,road_loopA_f1,4638.9,4799.8,160.9,1302.9,29.1,1
2888,car,4.5,road_loopA_f0,road_loopA_f1,4694.0,4799.8,105.8,1303.4,44.4,0
2884,car,4.5,road_loopA_r0,road_loopA_r1,4691.1,4799.9,108.8,1298.3,43.0,0
2842,car,4.5,xloopA_0Aa,xloopA_0Ab,4651.5,4800.2,148.7,84.2,2.0,1
2896,suv,4.8,road_loopA_r0,road_loopA_r1,4705.3,4801.0,95.7,1298.4,48.9,0
2836,suv,4.8,road_loopA_f0,road_loopA_f1,4647.7,4801.2,153.5,1303.0,30.6,1
2848,car,4.5,xloopA_0Aa,xloopA_0Ab,4659.0,4802.4,143.4,84.4,2.1,1
2809,car,4.5,xloopA_0Aa,road_loopA_f1,4617.3,4802.6,185.3,872.2,16.9,0
2899,car,4.5,road_loopA_r0,road_loopA_r1,4706.3,4802.7,96.4,1298.5,48.5,0
2860,car,4.5,road_loopA_f0,road_loopA_f1,4671.0,4802.9,131.9,1303.2,35.6,0
2852,truck,8.5,road_loopA_f0,road_loopA_f1,4661.0,4803.4,142.4,1303.7,33.0,0
2889,car,4.5,road_loopA_r0,road_loopA_r1,4694.6,4804.0,109.4,1297.8,42.7,0
2853,car,4.5,road_loopA_f0,road_loopA_f1,4664.9,4804.3,139.4,1303.7,33.7,0
2891,car,4.5,road_loopA_f0,road_loopA_f1,4695.7,4804.4,108.7,1303.6,43.2,0
2901,car,4.5,road_loopA_r0,road_loopA_r1,4710.7,4804.5,93.8,1297.6,49.8,0
2933,car,4.5,xloopA_0Ba,xloopA_0Bb,4736.9,4804.5,67.6,84.2,4.5,1
2855,car,4.5,xloopA_0Aa,xloopA_0Ab,4667.0,4804.7,137.7,84.6,2.2,1
2869,car,4.5,road_loopA_f0,road_loopA_f1,4682.0,4805.4,123.4,1303.1,38.0,0
2900,car,4.5,road_loopA_r0,road_loopA_r1,4708.9,4805.4,96.5,1298.3,48.4,0
2879,car,4.5,road_loopA_f0,road_loopA_f1,4688.7,4806.5,117.8,1303.8,39.8,0
2945,car,4.5,xloopA_0Ba,xloopA_0Bb,4746.7,4806.8,60.1,84.6,5.1,0
2892,car,4.5,road_loopA_f0,road_loopA_f1,4698.1,4806.9,108.8,1304.0,43.1,0
2872,car,4.5,xloopA_0Aa,xloopA_0Ab,4684.9,4807.0,122.1,84.3,2.5,0
2880,car,4.5,road_loopA_f0,road_loopA_f1,4689.1,4807.2,118.1,1303.4,39.7,0
2910,car,4.5,road_loopA_f0,road_loopA_f1,4717.1,4808.2,91.1,1303.3,51.5,0
2952,car,4.5,xloopA_0Ba,xloopA_0Bb,4751.8,4808.7,56.9,84.5,5.3,0
2903,car,4.5,road_loopA_f0,road_loopA_f1,4712.9,4809.0,96.1,1303.2,48.8,0
2905,suv,4.8,road_loopA_f0,road_loopA_f1,4714.8,4809.6,94.8,1303.9,49.5,0
2894,car,4.5,xloopA_0Aa,xloopA_0Ab,4700.2,4809.7,109.5,84.7,2.8,0
2908,car,4.5,road_loopA_f0,road_loopA_f1,4716.6,4810.8,94.2,1303.3,49.8,0
2915,car,4.5,road_loopA_f0,road_loopA_f1,4722.6,4812.0,89.4,1303.1,52.5,0
2911,truck,8.5,road_loopA_f0,road_loopA_f1,4718.5,4812.8,94.3,1303.4,49.8,0
2907,car,4.5,xloopA_0Aa,xloopA_0Ab,4716.5,4813.2,96.7,84.1,3.1,0
2917,car,4.5,road_loopA_f0,road_loopA_f1,4723.7,4814.2,90.5,1303.9,51.9,0
2916,car,4.5,road_loopA_f0,road_loopA_f1,4723.1,4814.3,91.2,1304.2,51.5,0
2909,car,4.5,xloopA_0Aa,xloopA_0Ab,4717.0,4815.0,98.0,84.2,3.1,0
2944,car,4.5,xloopA_0Aa,xloopA_0Ab,4745.1,4816.8,71.7,84.2,4.2,0
2977,car,4.5,road_loopA_f0,xloopA_0Bb,4770.2,4821.6,51.4,478.6,33.5,1
2927,suv,4.8,road_loopA_f0,road_loopA_f1,4734.6,4824.0,89.4,1303.1,52.5,0
2931,car,4.5,road_loopA_f0,road_loopA_f1,4736.7,4826.9,90.2,1303.6,52.0,0
2919,car,4.5,road_loopA_f0,road_loopA_f1,4726.3,4828.1,101.8,1303.5,46.1,0
2932,car,4.5,road_loopA_f0,road_loopA_f1,4736.8,4829.3,92.5,1303.2,50.7,0
2934,suv,4.8,road_loopA_f0,road_loopA_f1,4737.0,4829.7,92.7,1303.0,50.6,0
2906,truck,8.5,road_loopA_r0,xloopA_0Ab,4716.0,4831.6,115.6,869.0,27.1,2
2953,suv,4.8,road_loopA_r0,xloopA_0Ab,4753.1,4835.3,82.2,869.0,38.1,1
2999,car,4.5,road_loopA_f0,xloopA_0Bb,4796.0,4836.1,40.1,478.9,43.0,0
2939,suv,4.8,road_loopA_r0,xloopA_0Ab,4741.5,4838.5,97.0,869.2,32.2,1
3001,car,4.5,road_loopA_f0,xloopA_0Bb,4797.2,4839.4,42.2,478.5,40.9,0
2904,car,4.5,road_loopA_r0,road_loopA_r1,4714.7,4847.1,132.4,1298.1,35.3,1
2914,car,4.5,road_loopA_r0,road_loopA_r1,4722.5,4847.8,125.3,1298.0,37.3,1
2921,suv,4.8,road_loopA_r0,road_loopA_r1,4729.2,4849.3,120.1,1298.7,38.9,1
2923,car,4.5,road_loopA_r0,road_loopA_r1,4729.5,4851.1,121.6,1297.7,38.4,1
2928,suv,4.8,road_loopA_r0,road_loopA_r1,4734.7,4853.8,119.1,1298.3,39.2,1
2898,car,4.5,xloopA_0Ba,road_loopA_r1,4706.4,4854.7,148.3,476.4,11.6,1
2922,truck,8.5,road_loopA_r0,road_loopA_r1,4729.4,4856.1,126.7,1298.1,36.9,1
2883,car,4.5,xloopA_0Aa,road_loopA_r1,4690.8,4856.7,165.9,506.5,11.0,0
2920,car,4.5,road_loopA_r0,road_loopA_r1,4727.3,4857.0,129.7,1298.4,36.1,1
2913,car,4.5,road_loopA_r0,road_loopA_r1,4721.1,4858.4,137.3,1298.2,34.0,1
2924,car,4.5,road_loopA_r0,road_loopA_r1,4729.5,4858.7,129.2,1298.0,36.2,1
2918,suv,4.8,road_loopA_r0,road_loopA_r1,4724.4,4859.8,135.4,1298.2,34.5,1
2902,suv,4.8,road_loopA_r0,road_loopA_r1,4710.8,4860.3,149.5,1298.0,31.3,1
2926,suv,4.8,road_loopA_r0,road_loopA_r1,4732.8,4860.4,127.6,1298.6,36.6,1
2943,car,4.5,road_loopA_r0,road_loopA_r1,4743.8,4862.2,118.4,1298.3,39.5,1
2925,car,4.5,road_loopA_r0,road_loopA_r1,4731.7,4862.3,130.6,1297.9,35.8,1
2873,bus,11.0,road_loopA_f0,road_loopA_f1,4685.3,4862.6,177.3,1303.0,26.5,2
2935,car,4.5,road_loopA_r0,road_loopA_r1,4737.3,4864.1,126.8,1298.3,36.9,1
2948,car,4.5,road_loopA_r0,road_loopA_r1,4749.0,4865.0,116.0,1298.6,40.3,0
2941,car,4.5,road_loopA_r0,road_loopA_r1,4742.8,4865.1,122.3,1297.8,38.2,1
2947,car,4.5,road_loopA_r0,road_loopA_r1,4747.5,4866.8,119.3,1297.7,39.1,1
2930,car,4.5,road_loopA_r0,road_loopA_r1,4735.9,4866.9,131.0,1298.1,35.7,1
2962,car,4.5,road_loopA_r0,road_loopA_r1,4756.9,4868.2,111.3,1298.5,42.0,0
2949,truck,8.5,road_loopA_r0,road_loopA_r1,4749.2,4868.9,119.7,1297.4,39.0,1
2967,car,4.5,road_loopA_r0,road_loopA_r1,4760.8,4870.9,110.1,1298.2,42.5,0
2951,car,4.5,road_loopA_r0,road_loopA_r1,4750.5,4871.0,120.5,1297.4,38.8,0
2940,suv,4.8,road_loopA_r0,road_loopA_r1,4741.5,4871.3,129.8,1297.3,36.0,0
2968,suv,4.8,road_loopA_r0,road_loopA_r1,4762.8,4872.6,109.8,1298.0,42.5,0
2959,suv,4.8,road_loopA_r0,road_loopA_r1,4755.7,4872.8,117.1,1298.5,39.9,0
2950,car,4.5,road_loopA_r0,road_loopA_r1,4749.5,4873.0,123.5,1298.5,37.9,0
2961,car,4.5,road_loopA_r0,road_loopA_r1,4756.3,4874.5,118.2,1297.3,39.5,0
2964,suv,4.8,road_loopA_r0,road_loopA_r1,4758.8,4875.2,116.4,1297.3,40.1,0
2971,suv,4.8,road_loopA_r0,road_loopA_r1,4767.8,4876.7,108.9,1298.1,42.9,0
2954,car,4.5,road_loopA_f0,road_loopA_f1,4754.2,4877.1,122.9,1303.2,38.2,1
2936,car,4.5,road_loopA_f0,road_loopA_f1,4737.7,4877.5,139.8,1303.1,33.6,1
2942,car,4.5,road_loopA_f0,road_loopA_f1,4743.9,4878.1,134.2,1303.3,35.0,1
2973,car,4.5,road_loopA_r0,road_loopA_r1,4768.3,4878.5,110.2,1297.7,42.4,0
2946,car,4.5,road_loopA_f0,road_loopA_f1,4746.8,4879.6,132.8,1303.7,35.3,1
2963,car,4.5,road_loopA_f0,road_loopA_f1,4758.1,4880.1,122.0,1303.6,38.5,1
2981,car,4.5,road_loopA_r0,road_loopA_r1,4777.6,4880.3,102.7,1297.5,45.5,0
3037,car,4.5,road_loopA_f0,xloopA_0Bb,4836.2,4880.7,44.5,478.8,38.7,0
2958,car,4.5,road_loopA_r0,road_loopA_r1,4755.7,4880.9,125.2,1298.0,37.3,0
2976,truck,8.5,road_loopA_r0,road_loopA_r1,4769.9,4882.0,112.1,1297.4,41.7,0
2983,car,4.5,road_loopA_r0,road_loopA_r1,4779.0,4882.3,103.3,1298.1,45.2,0
2972,suv,4.8,road_loopA_r0,road_loopA_r1,4768.1,4882.6,114.5,1297.4,40.8,0
2966,car,4.5,road_loopA_f0,road_loopA_f1,4759.9,4882.8,122.9,1304.0,38.2,1
2987,car,4.5,road_loopA_r0,road_loopA_r1,4788.5,4884.1,95.6,1298.2,48.9,0
2988,car,4.5,road_loopA_r0,road_loopA_r1,4788.7,4884.3,95.6,1297.8,48.9,0
2991,car,4.5,road_loopA_r0,road_loopA_r1,4789.4,4884.4,95.0,1298.5,49.2,0
2990,car,4.5,road_loopA_r0,road_loopA_r1,4789.0,4885.9,96.9,1297.3,48.2,0
2965,suv,4.8,road_loopA_f0,road_loopA_f1,4759.1,4886.0,126.9,1303.9,37.0,1
2994,car,4.5,road_loopA_r0,road_loopA_r1,4792.7,4886.2,93.5,1298.0,50.0,0
2957,car,4.5,road_loopA_f0,road_loopA_f1,4755.5,4886.4,130.9,1303.9,35.8,1
2995,suv,4.8,road_loopA_r0,road_loopA_r1,4793.1,4887.5,94.4,1297.9,49.5,0
2978,car,4.5,road_loopA_f0,road_loopA_f1,4773.9,4889.1,115.2,1303.2,40.7,1
2993,car,4.5,road_loopA_r0,road_loopA_r1,4790.8,4889.8,99.0,1298.5,47.2,0
3004,suv,4.8,road_loopA_r0,road_loopA_r1,4798.9,4890.2,91.3,1298.0,51.2,0
2937,car,4.5,road_loopA_f0,road_loopA_f1,4740.8,4890.3,149.5,1303.4,31.4,1
3000,suv,4.8,road_loopA_r0,road_loopA_r1,4797.1,4891.4,94.3,1297.4,49.5,0
2980,suv,4.8,road_loopA_f0,road_loopA_f1,4776.3,4892.1,115.8,1303.8,40.5,1
2718,car,4.5,road_loopA_r0,xloopA_0Bb,4531.7,4893.4,361.7,895.4,8.9,3
2969,suv,4.8,road_loopA_f0,road_loopA_f1,4765.1,4893.4,128.3,1303.1,36.6,1
2997,suv,4.8,road_loopA_f0,road_loopA_f1,4794.6,4893.9,99.3,1303.9,47.3,0
2870,suv,4.8,road_loopA_f0,xloopA_0Ab,4683.2,4894.0,210.8,505.4,8.6,2
2722,car,4.5,road_loopA_r0,xloopA_0Bb,4536.9,4896.0,359.1,895.5,9.0,3
2979,car,4.5,road_loopA_f0,road_loopA_f1,4776.1,4896.3,120.2,1302.9,39.0,1
3007,truck,8.5,road_loopA_r0,road_loopA_r1,4804.1,4896.4,92.3,1298.3,50.7,0
2882,car,4.5,road_loopA_f0,xloopA_0Ab,4690.1,4896.6,206.5,505.1,8.8,2
2970,truck,8.5,road_loopA_f0,road_loopA_f1,4765.2,4897.0,131.8,1303.4,35.6,1
3002,car,4.5,road_loopA_f0,road_loopA_f1,4797.6,4897.6,100.0,1303.2,46.9,0
2996,suv,4.8,road_loopA_r0,road_loopA_r1,4794.4,4897.8,103.4,1298.3,45.2,0
2938,suv,4.8,road_loopA_f0,road_loopA_f1,4740.8,4898.1,157.3,1302.8,29.8,1
2739,car,4.5,road_loopA_r0,xloopA_0Bb,4554.4,4898.7,344.3,895.7,9.4,3
2955,car,4.5,road_loopA_f0,xloopA_0Ab,4754.8,4899.3,144.5,505.4,12.6,1
3008,car,4.5,road_loopA_f0,road_loopA_f1,4805.6,4899.4,93.8,1303.9,50.1,0
2985,truck,8.5,road_loopA_f0,road_loopA_f1,4785.0,4900.6,115.6,1303.7,40.6,0
2806,suv,4.8,road_loopA_r0,xloopA_0Bb,4611.7,4901.4,289.7,895.9,11.1,2
2984,car,4.5,road_loopA_f0,xloopA_0Ab,4781.3,4901.9,120.6,505.1,15.1,1
2998,car,4.5,road_loopA_f0,road_loopA_f1,4794.8,4902.6,107.8,1303.4,43.5,0
3003,car,4.5,road_loopA_f0,road_loopA_f1,4798.4,4902.9,104.5,1303.8,44.9,0
2878,car,4.5,road_loopA_r0,xloopA_0Bb,4687.1,4904.0,216.9,895.3,14.9,2
3010,car,4.5,road_loopA_r0,road_loopA_r1,4809.3,4904.3,95.0,1297.2,49.2,0
3013,car,4.5,road_loopA_f0,road_loopA_f1,4814.0,4904.6,90.6,1303.0,51.8,0
3035,car,4.5,road_loopA_f0,xloopA_0Ab,4835.1,4904.6,69.5,505.3,26.2,1
3015,suv,4.8,road_loopA_r0,road_loopA_r1,4815.4,4904.8,89.4,1297.5,52.3,0
2956,truck,8.5,road_loopA_f0,road_loopA_f1,4755.3,4906.4,151.1,1302.9,31.1,1
2929,car,4.5,xloopA_0Ba,road_loopA_f1,4735.9,4906.6,170.7,903.0,19.0,1
3011,car,4.5,road_loopA_f0,road_loopA_f1,4811.4,4907.8,96.4,1303.4,48.7,0
2982,car,4.5,road_loopA_f0,road_loopA_f1,4778.4,4908.1,129.7,1303.5,36.2,0
2975,truck,8.5,road_loopA_f0,road_loopA_f1,4769.4,4909.5,140.1,1303.1,33.5,1
3012,car,4.5,xloopA_0Ba,xloopA_0Bb,4812.9,4909.5,96.6,84.5,3.1,1
2992,suv,4.8,road_loopA_f0,road_loopA_f1,4789.6,4909.8,120.2,1303.1,39.0,0
2974,car,4.5,xloopA_0Aa,xloopA_0Ab,4769.4,4909.8,140.4,84.2,2.2,1
3006,car,4.5,road_loopA_r0,road_loopA_r1,4803.0,4910.2,107.2,1298.4,43.6,0
3014,car,4.5,xloopA_0Ba,xloopA_0Bb,4814.3,4911.6,97.3,84.7,3.1,1
2989,car,4.5,xloopA_0Aa,xloopA_0Ab,4789.0,4912.0,123.0,84.7,2.5,1
3019,car,4.5,road_loopA_f0,road_loopA_f1,4824.0,4913.3,89.3,1303.1,52.5,0
3025,car,4.5,xloopA_0Aa,xloopA_0Ab,4828.4,4914.1,85.7,84.4,3.5,1
3071,car,4.5,xloopA_0Ba,xloopA_0Bb,4872.1,4914.9,42.8,84.5,7.1,0
3022,car,4.5,road_loopA_f0,road_loopA_f1,4826.7,4916.1,89.4,1303.1,52.5,0
3084,car,4.5,xloopA_0Ba,xloopA_0Bb,4880.1,4917.0,36.9,84.8,8.3,0
3043,car,4.5,xloopA_0Aa,xloopA_0Ab,4847.2,4917.6,70.4,84.4,4.3,0
3098,car,4.5,xloopA_0Ba,xloopA_0Bb,4896.2,4919.5,23.3,84.6,13.1,0
3056,car,4.5,xloopA_0Aa,xloopA_0Ab,4860.0,4919.8,59.8,84.5,5.1,0
3105,car,4.5,xloopA_0Aa,xloopA_0Ab,4906.7,4922.0,15.3,84.2,19.8,0
3017,car,4.5,road_loopA_f0,road_loopA_f1,4820.6,4922.9,102.3,1303.4,45.9,0
3028,suv,4.8,road_loopA_f0,road_loopA_f1,4829.7,4923.0,93.3,1303.0,50.3,0
3026,car,4.5,road_loopA_f0,road_loopA_f1,4828.7,4923.6,94.9,1303.4,49.5,0
3021,suv,4.8,road_loopA_f0,road_loopA_f1,4826.1,4929.3,103.2,1303.0,45.5,0
3029,suv,4.8,road_loopA_f0,road_loopA_f1,4830.0,4930.6,100.6,1302.9,46.6,0
3024,truck,8.5,road_loopA_f0,road_loopA_f1,4827.2,4931.5,104.3,1303.1,45.0,0
3032,car,4.5,road_loopA_f0,road_loopA_f1,4831.7,4932.4,100.7,1303.2,46.6,0
3027,car,4.5,road_loopA_f0,road_loopA_f1,4829.4,4933.6,104.2,1303.0,45.0,0
2986,car,4.5,road_loopA_r0,xloopA_0Ab,4785.1,4937.3,152.2,868.9,20.6,2
3030,car,4.5,road_loopA_f0,road_loopA_f1,4830.2,4939.8,109.6,1303.9,42.8,0
3033,suv,4.8,road_loopA_f0,road_loopA_f1,4833.7,4940.2,106.5,1302.8,44.0,0
3031,suv,4.8,road_loopA_f0,road_loopA_f1,4830.1,4941.4,111.3,1303.7,42.2,0
3065,car,4.5,road_loopA_f0,xloopA_0Bb,4866.8,4947.2,80.4,478.7,21.4,2
3005,truck,8.5,road_loopA_r0,xloopA_0Ab,4801.7,4947.5,145.8,869.3,21.5,2
3074,car,4.5,road_loopA_f0,xloopA_0Bb,4874.3,4950.8,76.5,478.7,22.5,2
3016,car,4.5,road_loopA_r0,xloopA_0Ab,4818.0,4951.2,133.2,869.0,23.5,3
3093,car,4.5,road_loopA_f0,xloopA_0Bb,4889.5,4954.5,65.0,478.7,26.5,2
3045,truck,8.5,road_loopA_r0,xloopA_0Ab,4850.7,4957.5,106.8,868.8,29.3,1
3063,car,4.5,xloopA_0Ba,road_loopA_r1,4864.7,4960.3,95.6,476.3,17.9,1
3020,car,4.5,road_loopA_r0,road_loopA_r1,4825.6,4963.5,137.9,1297.7,33.9,1
3034,car,4.5,road_loopA_r0,road_loopA_r1,4834.1,4965.5,131.4,1297.6,35.5,1
3038,suv,4.8,road_loopA_r0,road_loopA_r1,4839.9,4967.5,127.6,1298.4,36.6,1
3018,car,4.5,road_loopA_r0,road_loopA_r1,4821.6,4969.3,147.7,1298.2,31.7,1
3040,car,4.5,road_loopA_r0,road_loopA_r1,4842.6,4970.1,127.5,1297.3,36.6,1
3036,suv,4.8,road_loopA_r0,road_loopA_r1,4835.9,4971.1,135.2,1298.4,34.6,1
3023,car,4.5,road_loopA_r0,road_loopA_r1,4826.8,4971.3,144.5,1297.5,32.3,1
3039,car,4.5,road_loopA_r0,road_loopA_r1,4841.6,4972.8,131.2,1297.6,35.6,1
3042,car,4.5,road_loopA_r0,road_loopA_r1,4844.3,4973.2,128.9,1297.9,36.3,1
3041,car,4.5,road_loopA_r0,road_loopA_r1,4842.8,4974.3,131.5,1297.4,35.5,1
3049,car,4.5,road_loopA_r0,road_loopA_r1,4853.0,4974.9,121.9,1298.1,38.3,1
3048,car,4.5,road_loopA_r0,road_loopA_r1,4852.3,4975.8,123.5,1297.8,37.8,1
3054,car,4.5,road_loopA_r0,road_loopA_r1,4857.3,4976.6,119.3,1297.8,39.2,1
3051,car,4.5,road_loopA_r0,road_loopA_r1,4855.8,4978.3,122.5,1297.6,38.1,1
3057,car,4.5,road_loopA_r0,road_loopA_r1,4862.1,4978.4,116.3,1298.5,40.2,1
3060,suv,4.8,road_loopA_r0,road_loopA_r1,4863.6,4979.1,115.5,1298.3,40.5,1
3009,bus,11.0,road_loopA_f0,road_loopA_f1,4806.1,4979.8,173.7,1302.9,27.0,2
3059,suv,4.8,road_loopA_r0,road_loopA_r1,4863.4,4980.1,116.7,1297.4,40.0,1
3064,suv,4.8,road_loopA_r0,road_loopA_r1,4864.9,4980.8,115.9,1297.4,40.3,1
3062,suv,4.8,road_loopA_r0,road_loopA_r1,4864.3,4982.0,117.7,1298.6,39.7,1
3068,suv,4.8,road_loopA_r0,road_loopA_r1,4871.4,4984.1,112.7,1297.7,41.4,0
3066,truck,8.5,road_loopA_r0,road_loopA_r1,4868.2,4984.5,116.3,1298.4,40.2,1
3085,car,4.5,road_loopA_r0,road_loopA_r1,4880.3,4985.7,105.4,1297.4,44.3,0
3081,suv,4.8,road_loopA_r0,road_loopA_r1,4877.3,4985.9,108.6,1298.3,43.0,0
3138,suv,4.8,road_loopA_f0,xloopA_0Bb,4945.8,4985.9,40.1,479.0,43.0,0
3069,suv,4.8,road_loopA_r0,road_loopA_r1,4871.5,4987.0,115.5,1297.8,40.5,0
3088,car,4.5,road_loopA_r0,road_loopA_r1,4885.3,4987.9,102.6,1297.9,45.5,0
3077,car,4.5,road_loopA_r0,road_loopA_r1,4875.3,4988.8,113.5,1298.3,41.2,0
3,tram,34.0,loopA,loopA,535.1,4989.5,4454.4,33703.0,27.2,41
3092,car,4.5,road_loopA_r0,road_loopA_r1,4888.4,4990.2,101.8,1297.7,45.9,0
3082,car,4.5,road_loopA_r0,road_loopA_r1,4879.2,4990.6,111.4,1298.3,42.0,0
3046,car,4.5,road_loopA_f0,road_loopA_f1,4851.1,4990.7,139.6,1303.7,33.6,1
3096,car,4.5,road_loopA_r0,road_loopA_r1,4892.5,4992.1,99.6,1298.0,46.9,0
3052,car,4.5,road_loopA_f0,road_loopA_f1,4856.2,4992.4,136.2,1303.1,34.4,1
3087,car,4.5,road_loopA_r0,road_loopA_r1,4882.2,4992.4,110.2,1298.1,42.4,0
3055,car,4.5,road_loopA_f0,road_loopA_f1,4858.0,4994.2,136.2,1303.6,34.4,1
3090,car,4.5,road_loopA_r0,road_loopA_r1,4886.2,4994.3,108.1,1298.2,43.2,0
3103,car,4.5,road_loopA_r0,road_loopA_r1,4905.8,4994.8,89.0,1297.3,52.5,0
3104,car,4.5,road_loopA_r0,road_loopA_r1,4906.2,4996.2,90.0,1298.2,51.9,0
3053,suv,4.8,road_loopA_f0,road_loopA_f1,4856.9,4996.3,139.4,1303.4,33.7,1
3061,suv,4.8,road_loopA_f0,road_loopA_f1,4864.1,4996.7,132.6,1302.8,35.4,1
3044,truck,8.5,road_loopA_f0,road_loopA_f1,4848.6,4997.5,148.9,1303.4,31.5,1
3108,suv,4.8,road_loopA_r0,road_loopA_r1,4908.2,4999.1,90.9,1298.6,51.4,0
3111,car,4.5,road_loopA_r0,road_loopA_r1,4910.2,5000.0,89.8,1297.4,52.0,0
3156,car,4.5,road_loopA_f0,xloopA_0Bb,4960.0,5000.2,40.2,478.8,42.8,0
3164,car,4.5,road_loopA_f0,xloopA_0Bb,4964.7,5002.7,38.0,478.8,45.3,0
4,tram,34.0,loopB,loopB,795.9,5003.5,4207.6,33673.6,28.8,40
3058,car,4.5,road_loopA_f0,road_loopA_f1,4862.2,5006.8,144.6,1303.9,32.5,1
3119,suv,4.8,road_loopA_r0,road_loopA_r1,4918.4,5007.3,88.9,1297.3,52.5,0
3047,car,4.5,road_loopA_f0,road_loopA_f1,4852.0,5007.5,155.5,1303.7,30.2,1
3067,suv,4.8,road_loopA_f0,road_loopA_f1,4871.1,5008.5,137.4,1303.4,34.2,1
3075,suv,4.8,road_loopA_f0,road_loopA_f1,4874.3,5009.1,134.8,1303.6,34.8,1
3076,car,4.5,road_loopA_f0,road_loopA_f1,4874.5,5009.1,134.6,1303.6,34.9,1
3079,suv,4.8,road_loopA_f0,road_loopA_f1,4876.2,5010.6,134.4,1304.1,34.9,1
3083,car,4.5,road_loopA_f0,road_loopA_f1,4879.8,5010.8,131.0,1303.8,35.8,1
3110,car,4.5,road_loopA_r0,road_loopA_r1,4908.5,5012.4,103.9,1298.2,45.0,0
3094,car,4.5,road_loopA_f0,road_loopA_f1,4890.6,5012.7,122.1,1303.1,38.4,1
3078,suv,4.8,road_loopA_f0,road_loopA_f1,4875.4,5012.9,137.5,1303.7,34.1,1
3097,car,4.5,road_loopA_f0,road_loopA_f1,4894.5,5014.5,120.0,1303.9,39.1,1
3072,car,4.5,road_loopA_f0,road_loopA_f1,4872.7,5015.2,142.5,1303.2,32.9,1
3080,suv,4.8,road_loopA_f0,road_loopA_f1,4877.0,5015.2,138.2,1304.0,34.0,1
3086,suv,4.8,road_loopA_f0,road_loopA_f1,4880.4,5016.3,135.9,1303.3,34.5,1
3106,suv,4.8,road_loopA_f0,road_loopA_f1,4907.7,5016.4,108.7,1302.8,43.1,0
3127,car,4.5,road_loopA_r0,road_loopA_r1,4927.9,5016.8,88.9,1297.3,52.5,0
2960,car,4.5,road_loopA_r0,xloopA_0Bb,4756.2,5017.8,261.6,895.4,12.3,2
3091,car,4.5,road_loopA_f0,road_loopA_f1,4886.4,5018.2,131.8,1303.0,35.6,1
3129,car,4.5,road_loopA_f0,xloopA_0Ab,4932.6,5018.4,85.8,505.2,21.2,1
3125,car,4.5,road_loopA_r0,road_loopA_r1,4926.5,5018.7,92.2,1298.0,50.7,0
3109,suv,4.8,road_loopA_f0,road_loopA_f1,4908.3,5019.2,110.9,1304.1,42.3,0
3095,suv,4.8,road_loopA_f0,road_loopA_f1,4891.4,5020.0,128.6,1302.8,36.5,1
3073,suv,4.8,road_loopA_f0,road_loopA_f1,4873.4,5020.3,146.9,1303.8,32.0,1
3101,car,4.5,road_loopA_r0,xloopA_0Bb,4900.2,5020.4,120.2,895.5,26.8,1
3143,suv,4.8,road_loopA_f0,xloopA_0Ab,4950.2,5021.0,70.8,505.2,25.7,1
3100,car,4.5,road_loopA_f0,road_loopA_f1,4896.6,5021.9,125.3,1303.7,37.5,1
3107,car,4.5,road_loopA_f0,road_loopA_f1,4908.1,5022.3,114.2,1303.1,41.1,0
3089,truck,8.5,road_loopA_f0,road_loopA_f1,4885.6,5022.4,136.8,1303.9,34.3,1
3102,suv,4.8,road_loopA_f0,road_loopA_f1,4903.6,5023.6,120.0,1303.1,39.1,0
3149,car,4.5,road_loopA_f0,xloopA_0Ab,4954.3,5023.7,69.4,505.1,26.2,1
3099,car,4.5,road_loopA_f0,road_loopA_f1,4896.3,5024.5,128.2,1303.3,36.6,1
3115,car,4.5,road_loopA_f0,road_loopA_f1,4913.6,5025.2,111.6,1303.5,42.0,0
3112,car,4.5,road_loopA_f0,road_loopA_f1,4911.2,5026.2,115.0,1302.8,40.8,0
3171,suv,4.8,road_loopA_f0,xloopA_0Ab,4971.7,5026.4,54.7,504.9,33.2,0
3113,truck,8.5,road_loopA_f0,road_loopA_f1,4911.5,5026.6,115.1,1302.8,40.7,1
3134,car,4.5,road_loopA_r0,road_loopA_r1,4937.6,5027.1,89.5,1298.3,52.2,0
3070,bus,11.0,road_loopA_r0,road_loopA_r1,4871.7,5027.9,156.2,1297.6,29.9,2
3114,suv,4.8,road_loopA_f0,road_loopA_f1,4913.2,5028.0,114.8,1303.7,40.9,0
3118,car,4.5,road_loopA_f0,road_loopA_f1,4918.0,5028.6,110.6,1303.1,42.4,0
3117,car,4.5,road_loopA_f0,road_loopA_f1,4916.2,5029.6,113.4,1303.1,41.4,0
3126,suv,4.8,road_loopA_f0,road_loopA_f1,4927.5,5030.4,102.9,1304.1,45.6,0
3136,car,4.5,road_loopA_r0,road_loopA_r1,4941.1,5030.5,89.4,1297.6,52.2,0
3120,suv,4.8,road_loopA_f0,road_loopA_f1,4918.8,5032.6,113.8,1303.1,41.2,0
3135,car,4.5,xloopA_0Aa,xloopA_0Ab,4938.6,5033.1,94.5,84.0,3.2,1
3122,suv,4.8,road_loopA_f0,road_loopA_f1,4921.4,5034.3,112.9,1303.3,41.6,0
3116,car,4.5,xloopA_0Ba,xloopA_0Bb,4916.2,5034.6,118.4,84.3,2.6,1
3121,car,4.5,road_loopA_f0,road_loopA_f1,4921.1,5035.1,114.0,1303.8,41.2,0
3132,car,4.5,xloopA_0Ba,xloopA_0Bb,4936.1,5036.7,100.6,84.0,3.0,1
3123,car,4.5,road_loopA_f0,road_loopA_f1,4923.7,5036.8,113.1,1303.7,41.5,0
3124,car,4.5,road_loopA_f0,road_loopA_f1,4925.0,5038.5,113.5,1303.0,41.3,0
3142,car,4.5,road_loopA_f0,road_loopA_f1,4949.2,5038.6,89.4,1303.1,52.5,0
3166,car,4.5,xloopA_0Ba,xloopA_0Bb,4965.6,5039.2,73.6,84.4,4.1,1
3128,suv,4.8,road_loopA_f0,road_loopA_f1,4932.1,5039.7,107.6,1303.5,43.6,0
3235,car,4.5,xloopA_0Aa,xloopA_0Ab,5024.0,5040.6,16.6,84.2,18.3,0
3144,car,4.5,road_loopA_f0,road_loopA_f1,4950.3,5041.8,91.5,1304.1,51.3,0
3147,truck,8.5,road_loopA_f0,road_loopA_f1,4953.9,5044.0,90.1,1304.2,52.1,0
3158,car,4.5,road_loopA_f0,road_loopA_f1,4960.9,5050.3,89.4,1303.1,52.5,0
3131,suv,4.8,road_loopA_r0,xloopA_0Ab,4935.8,5051.7,115.9,869.3,27.0,2
3168,suv,4.8,road_loopA_f0,road_loopA_f1,4966.7,5056.0,89.3,1303.1,52.5,0
3141,car,4.5,road_loopA_f0,road_loopA_f1,4948.4,5058.2,109.8,1303.9,42.8,0
3157,car,4.5,road_loopA_f0,road_loopA_f1,4960.3,5060.2,99.9,1303.2,47.0,0
3192,truck,8.5,road_loopA_f0,xloopA_0Bb,4995.1,5062.5,67.4,479.0,25.6,2
3160,truck,8.5,road_loopA_f0,road_loopA_f1,4962.5,5064.1,101.6,1303.6,46.2,0
3206,car,4.5,road_loopA_f0,xloopA_0Bb,5006.6,5066.2,59.6,478.6,28.9,1
3231,car,4.5,road_loopA_f0,xloopA_0Bb,5022.0,5069.9,47.9,478.8,35.9,0
3133,car,4.5,road_loopA_r0,road_loopA_r1,4937.5,5084.3,146.8,1297.5,31.8,1
3137,suv,4.8,road_loopA_r0,road_loopA_r1,4944.0,5085.2,141.2,1297.7,33.1,1
3130,car,4.5,road_loopA_r0,road_loopA_r1,4935.0,5085.6,150.6,1297.8,31.0,1
3179,car,4.5,xloopA_0Aa,road_loopA_r1,4977.5,5086.3,108.8,506.7,16.8,1
3145,car,4.5,road_loopA_r0,road_loopA_r1,4950.3,5087.3,137.0,1298.3,34.1,1
3146,suv,4.8,road_loopA_r0,road_loopA_r1,4953.8,5087.9,134.1,1297.9,34.8,1
3140,car,4.5,road_loopA_r0,road_loopA_r1,4947.8,5088.0,140.2,1297.9,33.3,1
3148,suv,4.8,road_loopA_r0,road_loopA_r1,4954.0,5089.3,135.3,1297.4,34.5,1
3150,car,4.5,road_loopA_r0,road_loopA_r1,4955.2,5090.1,134.9,1297.6,34.6,1
3153,car,4.5,road_loopA_r0,road_loopA_r1,4958.0,5090.8,132.8,1298.0,35.2,1
3152,truck,8.5,road_loopA_r0,road_loopA_r1,4956.5,5091.9,135.4,1297.7,34.5,1
3230,suv,4.8,road_loopA_r0,xloopA_0Ab,5021.5,5091.9,70.4,869.3,44.5,0
3151,truck,8.5,road_loopA_r0,road_loopA_r1,4955.5,5092.9,137.4,1297.8,34.0,1
3155,car,4.5,road_loopA_r0,road_loopA_r1,4958.9,5094.4,135.5,1298.2,34.5,1
3154,suv,4.8,road_loopA_r0,road_loopA_r1,4958.9,5094.6,135.7,1298.2,34.4,1
3172,suv,4.8,road_loopA_r0,road_loopA_r1,4971.7,5096.3,124.6,1297.6,37.5,1
3139,suv,4.8,road_loopA_r0,road_loopA_r1,4946.8,5096.9,150.1,1297.7,31.1,1
3165,suv,4.8,road_loopA_r0,road_loopA_r1,4965.0,5098.2,133.2,1298.0,35.1,0
3167,truck,8.5,road_loopA_r0,road_loopA_r1,4966.2,5098.5,132.3,1297.6,35.3,1
3184,car,4.5,xloopA_0Ba,road_loopA_r1,4985.8,5099.1,113.3,476.6,15.1,0
3175,car,4.5,road_loopA_r0,road_loopA_r1,4973.4,5099.4,126.0,1297.9,37.1,1
3178,car,4.5,road_loopA_r0,road_loopA_r1,4977.0,5101.1,124.1,1297.6,37.6,1
3162,suv,4.8,road_loopA_r0,road_loopA_r1,4963.7,5101.3,137.6,1297.9,34.0,0
3186,car,4.5,road_loopA_r0,road_loopA_r1,4986.4,5102.5,116.1,1298.3,40.3,0
3183,suv,4.8,road_loopA_r0,road_loopA_r1,4985.0,5103.2,118.2,1297.6,39.5,0
3187,car,4.5,road_loopA_r0,road_loopA_r1,4986.8,5104.0,117.2,1297.3,39.9,0
3159,truck,8.5,road_loopA_r0,road_loopA_r1,4962.3,5104.7,142.4,1297.6,32.8,1
3207,suv,4.8,road_loopA_r0,xloopA_0Ab,5006.8,5104.9,98.1,868.8,31.9,1
3176,car,4.5,road_loopA_f0,road_loopA_f1,4974.7,5105.4,130.7,1303.3,35.9,1
3193,car,4.5,road_loopA_r0,road_loopA_r1,4996.1,5105.8,109.7,1297.4,42.6,0
3194,truck,8.5,road_loopA_r0,road_loopA_r1,4996.2,5107.5,111.3,1297.6,42.0,0
3223,car,4.5,road_loopA_r0,road_loopA_r1,5017.1,5107.9,90.8,1298.7,51.5,0
3195,truck,8.5,road_loopA_r0,road_loopA_r1,4996.9,5108.1,111.2,1297.9,42.0,0
3177,car,4.5,road_loopA_f0,road_loopA_f1,4975.6,5108.5,132.9,1303.9,35.3,1
3180,car,4.5,road_loopA_f0,road_loopA_f1,4979.5,5108.8,129.3,1303.8,36.3,1
3181,car,4.5,road_loopA_f0,road_loopA_f1,4984.2,5109.7,125.5,1304.1,37.4,1
3198,suv,4.8,road_loopA_r0,road_loopA_r1,5002.7,5109.7,107.0,1298.3,43.7,0
3205,suv,4.8,road_loopA_r0,road_loopA_r1,5006.3,5110.1,103.8,1297.3,45.0,0
3212,car,4.5,road_loopA_r0,road_loopA_r1,5011.3,5111.0,99.7,1298.1,46.9,0
3208,car,4.5,road_loopA_r0,road_loopA_r1,5007.6,5112.0,104.4,1298.4,44.8,0
3225,car,4.5,road_loopA_r0,road_loopA_r1,5019.8,5112.0,92.2,1297.9,50.7,0
3190,car,4.5,road_loopA_f0,road_loopA_f1,4993.1,5112.1,119.0,1303.5,39.4,1
3221,truck,8.5,road_loopA_r0,road_loopA_r1,5014.7,5114.2,99.5,1297.3,47.0,0
3214,car,4.5,road_loopA_r0,road_loopA_r1,5011.6,5114.4,102.8,1297.4,45.5,0
3233,car,4.5,road_loopA_r0,road_loopA_r1,5023.1,5116.1,93.0,1298.0,50.2,0
3224,car,4.5,road_loopA_r0,road_loopA_r1,5018.2,5116.3,98.1,1297.9,47.6,0
3163,suv,4.8,road_loopA_r0,road_loopA_r1,4964.5,5116.9,152.4,1297.7,30.6,1
3228,suv,4.8,road_loopA_r0,road_loopA_r1,5021.0,5118.1,97.1,1297.4,48.1,0
3185,suv,4.8,road_loopA_f0,road_loopA_f1,4986.1,5118.9,132.8,1303.5,35.3,1
3196,car,4.5,road_loopA_f0,road_loopA_f1,4997.2,5120.7,123.5,1303.0,38.0,1
3239,suv,4.8,road_loopA_r0,road_loopA_r1,5027.9,5120.8,92.9,1297.4,50.3,0
3204,suv,4.8,road_loopA_f0,road_loopA_f1,5005.9,5121.1,115.2,1303.3,40.7,1
3200,car,4.5,road_loopA_f0,road_loopA_f1,5004.8,5122.0,117.2,1303.7,40.0,1
3245,suv,4.8,road_loopA_r0,road_loopA_r1,5033.5,5122.6,89.1,1297.7,52.4,0
3173,truck,8.5,road_loopA_f0,road_loopA_f1,4972.2,5124.1,151.9,1303.5,30.9,1
3211,car,4.5,road_loopA_f0,road_loopA_f1,5010.5,5124.1,113.6,1303.8,41.3,1
3240,car,4.5,road_loopA_r0,road_loopA_r1,5029.3,5125.3,96.0,1298.3,48.7,0
3215,suv,4.8,road_loopA_f0,road_loopA_f1,5012.1,5126.8,114.7,1303.8,40.9,0
3219,car,4.5,road_loopA_f0,road_loopA_f1,5014.4,5127.0,112.6,1303.8,41.7,0
3250,suv,4.8,road_loopA_r0,road_loopA_r1,5038.7,5127.7,89.0,1298.5,52.5,0
3222,car,4.5,road_loopA_f0,road_loopA_f1,5015.5,5128.6,113.1,1303.7,41.5,0
3226,car,4.5,road_loopA_f0,road_loopA_f1,5019.9,5130.6,110.7,1304.1,42.4,0
3161,car,4.5,road_loopA_r0,xloopA_0Bb,4962.9,5131.4,168.5,895.4,19.1,1
3201,car,4.5,road_loopA_f0,xloopA_0Ab,5004.8,5132.0,127.2,505.2,14.3,1
3236,car,4.5,road_loopA_f0,road_loopA_f1,5025.4,5132.3,106.9,1303.1,43.9,0
3258,car,4.5,road_loopA_r0,road_loopA_r1,5044.0,5133.5,89.5,1297.4,52.2,0
3257,car,4.5,road_loopA_r0,road_loopA_r1,5043.8,5134.3,90.5,1298.2,51.7,0
3217,car,4.5,road_loopA_f0,xloopA_0Ab,5013.7,5134.6,120.9,505.2,15.0,1
3170,truck,8.5,road_loopA_r0,xloopA_0Bb,4971.1,5134.8,163.7,895.7,19.7,2
3242,suv,4.8,road_loopA_f0,road_loopA_f1,5032.4,5134.9,102.5,1303.5,45.8,0
3244,suv,4.8,road_loopA_f0,road_loopA_f1,5033.0,5136.4,103.4,1303.0,45.3,0
3199,car,4.5,road_loopA_r0,xloopA_0Bb,5004.4,5137.9,133.5,895.8,24.2,3
3220,truck,8.5,road_loopA_f0,xloopA_0Ab,5014.7,5138.0,123.3,505.0,14.7,1
3248,car,4.5,road_loopA_f0,road_loopA_f1,5036.1,5138.4,102.3,1304.2,45.9,0
3265,car,4.5,road_loopA_r0,road_loopA_r1,5049.8,5138.7,88.9,1297.3,52.5,0
3216,car,4.5,xloopA_0Aa,road_loopA_f1,5013.7,5139.8,126.1,872.5,24.9,0
3169,suv,4.8,road_loopA_f0,road_loopA_f1,4968.7,5139.9,171.2,1302.8,27.4,1
3202,car,4.5,road_loopA_r0,xloopA_0Bb,5005.0,5140.5,135.5,895.3,23.8,6
3286,suv,4.8,road_loopA_f0,xloopA_0Ab,5065.5,5141.1,75.6,505.3,24.1,1
3251,car,4.5,road_loopA_f0,road_loopA_f1,5039.3,5141.5,102.2,1303.2,45.9,0
3268,car,4.5,road_loopA_r0,road_loopA_r1,5052.6,5141.6,89.0,1297.3,52.5,0
3174,truck,8.5,road_loopA_f0,road_loopA_f1,4972.9,5142.4,169.5,1303.6,27.7,1
3253,suv,4.8,road_loopA_f0,road_loopA_f1,5041.3,5143.1,101.8,1304.1,46.1,0
3255,car,4.5,road_loopA_f0,road_loopA_f1,5042.3,5143.2,100.9,1303.9,46.5,0
3270,car,4.5,road_loopA_r0,road_loopA_r1,5054.2,5143.5,89.3,1298.6,52.3,0
3182,car,4.5,road_loopA_f0,road_loopA_f1,4984.2,5144.5,160.3,1303.4,29.3,1
3269,car,4.5,road_loopA_r0,road_loopA_r1,5052.7,5145.1,92.4,1298.4,50.6,0
3203,car,4.5,road_loopA_f0,road_loopA_f1,5005.8,5146.1,140.3,1303.5,33.4,0
3188,car,4.5,road_loopA_f0,road_loopA_f1,4988.5,5146.2,157.7,1303.3,29.8,1
3218,suv,4.8,road_loopA_f0,road_loopA_f1,5013.9,5146.3,132.4,1303.8,35.5,0
3271,suv,4.8,road_loopA_r0,road_loopA_r1,5054.5,5146.8,92.3,1298.4,50.6,0
3213,car,4.5,road_loopA_f0,road_loopA_f1,5011.6,5147.5,135.9,1302.9,34.5,0
3276,car,4.5,road_loopA_r0,road_loopA_r1,5058.6,5147.5,88.9,1297.3,52.5,0
3189,car,4.5,xloopA_0Ba,xloopA_0Bb,4990.4,5147.6,157.2,84.7,1.9,1
3191,car,4.5,road_loopA_f0,road_loopA_f1,4994.4,5147.9,153.5,1302.9,30.5,1
3261,suv,4.8,road_loopA_f0,road_loopA_f1,5045.6,5148.0,102.4,1302.9,45.8,0
3273,car,4.5,xloopA_0Aa,xloopA_0Ab,5055.4,5148.8,93.4,84.2,3.2,1
3274,suv,4.8,road_loopA_r0,road_loopA_r1,5056.8,5149.3,92.5,1297.4,50.5,0
3259,truck,8.5,road_loopA_f0,road_loopA_f1,5044.6,5149.7,105.1,1302.8,44.6,0
3264,suv,4.8,road_loopA_f0,road_loopA_f1,5047.2,5149.8,102.6,1303.5,45.8,0
3197,truck,8.5,road_loopA_f0,road_loopA_f1,4998.2,5150.7,152.5,1302.9,30.7,1
3291,car,4.5,xloopA_0Ba,xloopA_0Bb,5069.4,5150.7,81.3,84.4,3.7,1
3267,suv,4.8,road_loopA_f0,road_loopA_f1,5050.7,5151.6,100.9,1304.1,46.5,0
3246,car,4.5,road_loopA_f0,road_loopA_f1,5033.8,5151.8,118.0,1304.1,39.8,0
3284,car,4.5,xloopA_0Aa,xloopA_0Ab,5065.1,5151.8,86.7,84.1,3.5,1
3209,truck,8.5,road_loopA_f0,road_loopA_f1,5008.9,5153.4,144.5,1303.9,32.5,0
3275,car,4.5,road_loopA_f0,road_loopA_f1,5058.5,5153.4,94.9,1303.8,49.5,0
3252,car,4.5,road_loopA_f0,road_loopA_f1,5040.9,5154.1,113.2,1303.0,41.4,0
3292,car,4.5,xloopA_0Aa,xloopA_0Ab,5070.0,5154.1,84.1,84.2,3.6,0
3280,car,4.5,road_loopA_f0,road_loopA_f1,5060.5,5155.1,94.6,1303.0,49.6,0
3237,suv,4.8,road_loopA_f0,road_loopA_f1,5026.9,5155.4,128.5,1303.7,36.5,0
3256,suv,4.8,road_loopA_f0,road_loopA_f1,5042.9,5155.9,113.0,1304.1,41.5,0
3300,car,4.5,xloopA_0Aa,xloopA_0Ab,5078.9,5156.0,77.1,84.1,3.9,0
3296,car,4.5,xloopA_0Ba,xloopA_0Bb,5074.1,5156.6,82.5,84.5,3.7,0
3243,car,4.5,road_loopA_f0,road_loopA_f1,5032.7,5157.4,124.7,1303.6,37.6,0
3290,car,4.5,road_loopA_f0,road_loopA_f1,5067.6,5157.7,90.1,1303.1,52.1,0
3283,truck,8.5,road_loopA_f0,road_loopA_f1,5063.5,5158.1,94.6,1303.6,49.6,0
3308,car,4.5,xloopA_0Aa,xloopA_0Ab,5086.9,5158.5,71.6,84.6,4.3,0
3302,car,4.5,xloopA_0Ba,xloopA_0Bb,5083.6,5158.8,75.2,84.2,4.0,0
3249,car,4.5,road_loopA_f0,road_loopA_f1,5037.0,5159.4,122.4,1303.8,38.4,0
3279,suv,4.8,road_loopA_f0,road_loopA_f1,5060.0,5160.1,100.1,1303.0,46.8,0
3310,car,4.5,xloopA_0Aa,xloopA_0Ab,5089.8,5160.3,70.5,84.7,4.3,0
3294,suv,4.8,road_loopA_f0,road_loopA_f1,5071.1,5160.9,89.8,1303.9,52.3,0
3305,car,4.5,xloopA_0Ba,xloopA_0Bb,5085.1,5160.9,75.8,84.1,4.0,0
3254,car,4.5,road_loopA_f0,road_loopA_f1,5042.2,5161.1,118.9,1303.4,39.5,0
3281,car,4.5,road_loopA_f0,road_loopA_f1,5060.6,5161.9,101.3,1303.7,46.4,0
3328,car,4.5,xloopA_0Aa,xloopA_0Ab,5102.5,5162.7,60.2,84.1,5.0,0
3260,car,4.5,road_loopA_f0,road_loopA_f1,5045.1,5163.1,118.0,1303.6,39.8,0
3295,suv,4.8,road_loopA_f0,road_loopA_f1,5072.7,5163.6,90.9,1303.2,51.6,0
3316,car,4.5,xloopA_0Ba,xloopA_0Bb,5095.1,5163.7,68.6,84.4,4.4,0
3263,car,4.5,road_loopA_f0,road_loopA_f1,5047.2,5164.8,117.6,1303.7,39.9,0
3297,car,4.5,road_loopA_f0,road_loopA_f1,5074.1,5165.6,91.5,1303.4,51.3,0
3336,car,4.5,xloopA_0Ba,xloopA_0Bb,5107.5,5165.9,58.4,84.6,5.2,0
3298,suv,4.8,road_loopA_f0,road_loopA_f1,5076.9,5166.3,89.4,1303.1,52.5,0
3266,car,4.5,road_loopA_f0,road_loopA_f1,5050.6,5166.8,116.2,1303.9,40.4,0
3285,car,4.5,road_loopA_f0,road_loopA_f1,5065.3,5168.5,103.2,1303.1,45.4,0
3299,suv,4.8,road_loopA_f0,road_loopA_f1,5078.2,5169.5,91.3,1303.9,51.4,0
3304,car,4.5,road_loopA_f0,road_loopA_f1,5084.6,5174.8,90.2,1303.7,52.0,0
3241,bus,11.0,road_loopA_f0,road_loopA_f1,5030.1,5175.9,145.8,1303.9,32.2,1
3289,bus,11.0,road_loopA_f0,road_loopA_f1,5067.3,5178.4,111.1,1304.0,42.3,0
3337,car,4.5,road_loopA_f0,xloopA_0Bb,5108.5,5186.7,78.2,478.7,22.0,2
3339,car,4.5,road_loopA_f0,xloopA_0Bb,5110.6,5190.4,79.8,478.6,21.6,2
3365,suv,4.8,road_loopA_r0,xloopA_0Ab,5123.7,5193.7,70.0,869.4,44.7,0
3238,bus,11.0,road_loopA_f0,road_loopA_f1,5027.3,5195.5,168.2,1303.9,27.9,2
3384,car,4.5,road_loopA_f0,xloopA_0Bb,5133.8,5197.2,63.4,478.8,27.2,0
3247,car,4.5,xloopA_0Aa,road_loopA_r1,5035.7,5199.9,164.2,506.5,11.1,1
3278,suv,4.8,road_loopA_r0,road_loopA_r1,5059.8,5204.2,144.4,1298.0,32.4,1
3227,bus,11.0,road_loopA_f0,road_loopA_f1,5020.4,5205.3,184.9,1303.2,25.4,2
3373,car,4.5,road_loopA_r0,xloopA_0Ab,5127.6,5208.1,80.5,869.0,38.9,0
5,tram,34.0,loopA,loopA,1015.1,5208.2,4193.1,33702.7,28.9,41
3409,truck,8.5,road_loopA_f0,xloopA_0Bb,5157.7,5209.1,51.4,478.7,33.5,0
3232,car,4.5,xloopA_0Ba,road_loopA_r1,5022.4,5209.6,187.2,476.4,9.2,1
3277,suv,4.8,road_loopA_r0,road_loopA_r1,5058.7,5210.4,151.7,1297.4,30.8,1
3293,car,4.5,xloopA_0Ba,road_loopA_r1,5071.1,5211.5,140.4,476.7,12.2,0
3303,car,4.5,road_loopA_r0,road_loopA_r1,5084.6,5212.1,127.5,1298.2,36.7,1
3422,car,4.5,road_loopA_f0,xloopA_0Bb,5166.5,5212.5,46.0,478.7,37.5,0
3272,car,4.5,road_loopA_r0,road_loopA_r1,5055.2,5213.2,158.0,1298.3,29.6,1
3288,car,4.5,road_loopA_r0,road_loopA_r1,5065.9,5213.5,147.6,1297.4,31.6,1
3323,car,4.5,road_loopA_r0,road_loopA_r1,5099.5,5213.9,114.4,1297.4,40.8,1
3282,car,4.5,road_loopA_r0,road_loopA_r1,5063.4,5214.9,151.5,1298.1,30.9,1
3307,car,4.5,road_loopA_r0,road_loopA_r1,5086.8,5215.3,128.5,1298.1,36.4,1
3329,suv,4.8,road_loopA_r0,road_loopA_r1,5103.0,5216.0,113.0,1298.0,41.4,1
3312,car,4.5,road_loopA_r0,road_loopA_r1,5090.5,5216.5,126.0,1297.5,37.1,1
3318,car,4.5,road_loopA_r0,road_loopA_r1,5096.3,5217.0,120.7,1298.0,38.7,1
3342,car,4.5,road_loopA_r0,road_loopA_r1,5111.9,5217.5,105.6,1298.6,44.3,0
3311,car,4.5,road_loopA_r0,road_loopA_r1,5090.4,5218.3,127.9,1298.5,36.5,1
3317,car,4.5,road_loopA_r0,road_loopA_r1,5095.2,5219.0,123.8,1297.3,37.7,1
3333,car,4.5,road_loopA_r0,road_loopA_r1,5106.3,5220.0,113.7,1297.7,41.1,0
3334,truck,8.5,road_loopA_r0,road_loopA_r1,5106.8,5220.3,113.5,1297.5,41.2,0
3332,car,4.5,road_loopA_r0,road_loopA_r1,5106.2,5221.5,115.3,1298.4,40.5,0
3345,car,4.5,road_loopA_r0,road_loopA_r1,5113.1,5222.1,109.0,1298.0,42.9,0
3344,car,4.5,road_loopA_r0,road_loopA_r1,5112.7,5223.0,110.3,1298.5,42.4,0
3354,suv,4.8,road_loopA_r0,road_loopA_r1,5117.8,5226.1,108.3,1298.0,43.1,0
3351,truck,8.5,road_loopA_r0,road_loopA_r1,5116.1,5226.4,110.3,1297.7,42.3,0
3327,truck,8.5,road_loopA_r0,road_loopA_r1,5102.4,5227.4,125.0,1297.3,37.4,0
3361,car,4.5,road_loopA_r0,road_loopA_r1,5121.3,5228.4,107.1,1298.2,43.7,0
3359,car,4.5,road_loopA_r0,road_loopA_r1,5121.3,5228.5,107.2,1297.5,43.6,0
3371,car,4.5,road_loopA_r0,road_loopA_r1,5127.0,5230.2,103.2,1298.6,45.3,0
3360,car,4.5,road_loopA_r0,road_loopA_r1,5121.3,5231.2,109.9,1297.5,42.5,0
3368,car,4.5,road_loopA_r0,road_loopA_r1,5126.2,5232.0,105.8,1297.5,44.1,0
3364,car,4.5,road_loopA_r0,road_loopA_r1,5123.6,5232.8,109.2,1298.4,42.8,0
3331,car,4.5,road_loopA_r0,road_loopA_r1,5103.9,5233.2,129.3,1297.9,36.1,0
3313,suv,4.8,road_loopA_f0,road_loopA_f1,5091.2,5233.4,142.2,1303.1,33.0,1
3372,suv,4.8,road_loopA_r0,road_loopA_r1,5127.5,5233.8,106.3,1297.8,44.0,0
3315,car,4.5,road_loopA_f0,road_loopA_f1,5092.8,5234.0,141.2,1303.5,33.2,1
3374,car,4.5,road_loopA_r0,road_loopA_r1,5127.8,5235.0,107.2,1298.3,43.6,0
3380,car,4.5,road_loopA_r0,road_loopA_r1,5131.2,5235.6,104.4,1298.3,44.8,0
3398,suv,4.8,road_loopA_r0,road_loopA_r1,5145.0,5235.6,90.6,1297.9,51.6,0
3324,car,4.5,road_loopA_f0,road_loopA_f1,5099.6,5237.1,137.5,1303.5,34.1,1
3382,car,4.5,road_loopA_r0,road_loopA_r1,5131.4,5237.3,105.9,1297.5,44.1,0
3330,car,4.5,road_loopA_f0,road_loopA_f1,5103.7,5238.6,134.9,1303.1,34.8,1
3390,car,4.5,road_loopA_r0,road_loopA_r1,5137.9,5239.2,101.3,1298.2,46.2,0
3301,car,4.5,road_loopA_f0,road_loopA_f1,5083.0,5239.7,156.7,1303.2,29.9,1
3325,car,4.5,road_loopA_f0,road_loopA_f1,5099.8,5240.4,140.6,1303.3,33.4,1
3396,car,4.5,road_loopA_r0,road_loopA_r1,5144.1,5240.5,96.4,1298.2,48.5,0
3320,car,4.5,road_loopA_f0,road_loopA_f1,5098.1,5241.5,143.4,1303.3,32.7,1
3405,car,4.5,road_loopA_r0,road_loopA_r1,5152.6,5244.2,91.6,1298.6,51.0,0
3335,suv,4.8,road_loopA_f0,road_loopA_f1,5107.2,5244.5,137.3,1304.1,34.2,1
3402,car,4.5,road_loopA_r0,road_loopA_r1,5149.2,5246.9,97.7,1297.6,47.8,0
3343,car,4.5,road_loopA_f0,road_loopA_f1,5112.2,5247.6,135.4,1303.7,34.7,1
3306,suv,4.8,road_loopA_f0,road_loopA_f1,5085.1,5248.1,163.0,1303.8,28.8,1
3326,suv,4.8,road_loopA_f0,road_loopA_f1,5099.8,5249.1,149.3,1303.2,31.4,1
3356,car,4.5,road_loopA_f0,road_loopA_f1,5119.8,5250.4,130.6,1303.1,35.9,1
3340,car,4.5,road_loopA_f0,road_loopA_f1,5111.3,5250.8,139.5,1303.1,33.6,1
3352,car,4.5,road_loopA_f0,road_loopA_f1,5117.3,5252.3,135.0,1304.0,34.8,1
3348,car,4.5,road_loopA_f0,road_loopA_f1,5114.2,5252.6,138.4,1303.4,33.9,1
3314,car,4.5,xloopA_0Aa,road_loopA_f1,5092.6,5252.9,160.3,872.1,19.6,0
3341,car,4.5,road_loopA_f0,road_loopA_f1,5111.8,5254.4,142.6,1303.8,32.9,1
3321,car,4.5,road_loopA_f0,road_loopA_f1,5098.3,5254.6,156.3,1304.0,30.0,1
3347,car,4.5,road_loopA_f0,road_loopA_f1,5113.5,5256.3,142.8,1303.3,32.9,1
3411,car,4.5,road_loopA_r0,road_loopA_r1,5158.5,5257.2,98.7,1297.4,47.3,0
3210,suv,4.8,road_loopA_r0,xloopA_0Bb,5009.0,5257.8,248.8,896.0,13.0,7
3414,suv,4.8,road_loopA_f0,xloopA_0Ab,5159.2,5258.4,99.2,505.6,18.3,2
3362,truck,8.5,road_loopA_f0,road_loopA_f1,5122.4,5258.5,136.1,1304.1,34.5,1
3366,car,4.5,road_loopA_f0,road_loopA_f1,5124.2,5258.7,134.5,1302.8,34.9,1
3322,car,4.5,road_loopA_f0,road_loopA_f1,5099.0,5259.1,160.1,1303.1,29.3,1
3229,suv,4.8,road_loopA_r0,xloopA_0Bb,5021.4,5260.4,239.0,895.7,13.5,10
3358,bus,11.0,road_loopA_r0,road_loopA_r1,5120.9,5260.4,139.5,1298.5,33.5,1
3367,suv,4.8,road_loopA_f0,road_loopA_f1,5125.6,5260.4,134.8,1303.3,34.8,1
3421,suv,4.8,road_loopA_r0,road_loopA_r1,5166.3,5260.4,94.1,1297.6,49.6,0
3420,car,4.5,road_loopA_f0,xloopA_0Ab,5164.9,5261.0,96.1,505.2,18.9,3
3407,car,4.5,road_loopA_r0,road_loopA_r1,5154.9,5261.3,106.4,1298.0,43.9,0
3234,car,4.5,road_loopA_r0,xloopA_0Bb,5023.4,5263.1,239.7,895.7,13.5,2
3391,car,4.5,road_loopA_f0,road_loopA_f1,5138.4,5263.6,125.2,1303.7,37.5,1
3346,truck,8.5,road_loopA_f0,road_loopA_f1,5113.5,5263.7,150.2,1303.0,31.2,1
3355,truck,8.5,road_loopA_f0,road_loopA_f1,5119.5,5263.7,144.2,1303.4,32.5,1
3443,suv,4.8,road_loopA_f0,xloopA_0Ab,5198.5,5263.7,65.2,505.4,27.9,1
3319,bus,11.0,road_loopA_r0,road_loopA_r1,5096.3,5264.6,168.3,1298.1,27.8,2
3406,car,4.5,road_loopA_r0,road_loopA_r1,5154.3,5265.3,111.0,1298.0,42.1,0
3262,car,4.5,road_loopA_r0,xloopA_0Bb,5046.0,5265.7,219.7,895.4,14.7,2
3357,car,4.5,road_loopA_f0,road_loopA_f1,5119.9,5265.7,145.8,1304.1,32.2,1
3378,car,4.5,road_loopA_f0,road_loopA_f1,5130.6,5265.8,135.2,1303.3,34.7,1
3408,car,4.5,road_loopA_r0,road_loopA_r1,5157.5,5266.5,109.0,1298.0,42.9,0
3369,car,4.5,road_loopA_f0,road_loopA_f1,5126.6,5267.4,140.8,1303.6,33.3,1
3375,car,4.5,road_loopA_f0,road_loopA_f1,5128.4,5267.6,139.2,1303.4,33.7,1
3424,truck,8.5,road_loopA_r0,road_loopA_r1,5172.1,5267.8,95.7,1297.3,48.8,0
3377,suv,4.8,road_loopA_f0,road_loopA_f1,5130.2,5268.0,137.8,1303.3,34.1,1
3287,car,4.5,road_loopA_r0,xloopA_0Bb,5065.7,5268.4,202.7,895.6,15.9,1
3376,car,4.5,road_loopA_f0,road_loopA_f1,5128.8,5269.2,140.4,1302.9,33.4,1
3392,car,4.5,road_loopA_f0,road_loopA_f1,5140.0,5269.3,129.3,1304.0,36.3,0
3428,car,4.5,road_loopA_r0,road_loopA_r1,5179.2,5269.4,90.2,1298.0,51.8,0
3385,car,4.5,road_loopA_f0,road_loopA_f1,5134.1,5269.9,135.8,1303.3,34.5,1
3383,suv,4.8,road_loopA_f0,road_loopA_f1,5133.4,5270.9,137.5,1302.9,34.1,1
3395,car,4.5,road_loopA_f0,road_loopA_f1,5143.1,5271.6,128.5,1303.6,36.5,1
3386,car,4.5,road_loopA_f0,road_loopA_f1,5134.2,5272.7,138.5,1303.4,33.9,1
3338,car,4.5,xloopA_0Aa,xloopA_0Ab,5110.5,5272.9,162.4,84.6,1.9,1
3353,car,4.5,xloopA_0Ba,xloopA_0Bb,5117.8,5272.9,155.1,84.4,2.0,1
3404,suv,4.8,road_loopA_f0,road_loopA_f1,5151.2,5273.1,121.9,1303.9,38.5,0
3393,car,4.5,road_loopA_f0,road_loopA_f1,5140.0,5274.0,134.0,1302.8,35.0,0
3389,car,4.5,road_loopA_f0,road_loopA_f1,5137.7,5274.5,136.8,1303.8,34.3,1
3415,car,4.5,road_loopA_f0,road_loopA_f1,5159.7,5274.8,115.1,1303.2,40.8,0
3433,car,4.5,road_loopA_r0,road_loopA_r1,5186.1,5275.0,88.9,1297.3,52.5,0
3370,car,4.5,xloopA_0Ba,xloopA_0Bb,5127.0,5275.2,148.2,84.7,2.1,1
3401,car,4.5,xloopA_0Aa,xloopA_0Ab,5148.0,5276.2,128.2,84.0,2.4,1
3410,suv,4.8,road_loopA_f0,road_loopA_f1,5158.1,5276.3,118.2,1303.5,39.7,0
3423,car,4.5,road_loopA_f0,road_loopA_f1,5170.3,5276.5,106.2,1302.8,44.2,0
3397,car,4.5,xloopA_0Ba,xloopA_0Bb,5144.6,5277.3,132.7,84.3,2.3,1
3413,car,4.5,road_loopA_f0,road_loopA_f1,5158.8,5278.1,119.3,1303.8,39.3,0
3388,truck,8.5,road_loopA_f0,road_loopA_f1,5136.7,5278.4,141.7,1303.8,33.1,1
3444,car,4.5,xloopA_0Aa,xloopA_0Ab,5199.5,5278.6,79.1,84.4,3.8,1
3394,suv,4.8,road_loopA_f0,road_loopA_f1,5141.8,5278.7,136.9,1303.6,34.3,1
3427,car,4.5,road_loopA_r0,road_loopA_r1,5178.4,5279.5,101.1,1297.9,46.2,0
3416,car,4.5,road_loopA_f0,road_loopA_f1,5159.8,5280.0,120.2,1303.8,39.0,0
3412,car,4.5,road_loopA_f0,road_loopA_f1,5158.6,5280.3,121.7,1303.2,38.6,0
3450,car,4.5,xloopA_0Aa,xloopA_0Ab,5202.6,5280.6,78.0,84.5,3.9,0
3419,car,4.5,xloopA_0Ba,xloopA_0Bb,5164.1,5281.1,117.0,84.3,2.6,0
3418,suv,4.8,road_loopA_f0,road_loopA_f1,5163.1,5281.7,118.6,1303.7,39.6,0
3434,car,4.5,road_loopA_f0,road_loopA_f1,5187.7,5281.7,94.0,1303.2,49.9,0
3417,suv,4.8,road_loopA_f0,road_loopA_f1,5162.2,5282.1,119.9,1303.5,39.1,0
3478,car,4.5,xloopA_0Aa,xloopA_0Ab,5229.9,5283.0,53.1,84.4,5.7,0
3441,car,4.5,xloopA_0Ba,xloopA_0Bb,5197.9,5283.7,85.8,84.7,3.6,0
3425,car,4.5,road_loopA_f0,road_loopA_f1,5175.1,5284.0,108.9,1303.4,43.1,0
3436,suv,4.8,road_loopA_f0,road_loopA_f1,5190.3,5285.0,94.7,1304.2,49.6,0
3479,car,4.5,xloopA_0Aa,xloopA_0Ab,5230.3,5285.1,54.8,84.6,5.6,0
3430,car,4.5,road_loopA_f0,road_loopA_f1,5182.8,5285.7,102.9,1303.2,45.6,0
3440,suv,4.8,road_loopA_f0,road_loopA_f1,5195.8,5287.4,91.6,1302.8,51.2,0
3381,suv,4.8,road_loopA_f0,road_loopA_f1,5131.3,5287.8,156.5,1303.0,30.0,1
3504,car,4.5,xloopA_0Aa,xloopA_0Ab,5257.5,5287.8,30.3,84.1,10.0,0
3445,car,4.5,road_loopA_f0,road_loopA_f1,5199.6,5289.4,89.8,1303.8,52.3,0
3431,car,4.5,road_loopA_f0,road_loopA_f1,5183.3,5290.0,106.7,1304.0,44.0,0
3432,car,4.5,road_loopA_f0,road_loopA_f1,5184.9,5291.8,106.9,1303.9,43.9,0
3439,car,4.5,road_loopA_f0,road_loopA_f1,5195.6,5296.7,101.1,1303.1,46.4,0
3448,car,4.5,road_loopA_f0,road_loopA_f1,5202.1,5297.5,95.4,1303.1,49.2,0
3452,car,4.5,road_loopA_f0,road_loopA_f1,5205.0,5298.0,93.0,1304.1,50.5,0
3454,car,4.5,road_loopA_f0,road_loopA_f1,5207.1,5302.1,95.0,1303.1,49.4,0
3455,car,4.5,road_loopA_f0,road_loopA_f1,5207.8,5304.0,96.2,1304.2,48.8,0
3403,bus,11.0,road_loopA_f0,road_loopA_f1,5149.2,5305.2,156.0,1302.8,30.1,2
3387,bus,11.0,road_loopA_f0,road_loopA_f1,5134.2,5310.5,176.3,1304.0,26.6,2
3429,car,4.5,road_loopA_f0,road_loopA_f1,5182.5,5311.7,129.2,1303.2,36.3,0
3457,car,4.5,road_loopA_f0,xloopA_0Bb,5210.8,5314.8,104.0,478.8,16.6,2
3458,car,4.5,road_loopA_r0,xloopA_0Ab,5212.3,5315.0,102.7,869.2,30.5,1
3467,car,4.5,road_loopA_f0,xloopA_0Bb,5219.1,5318.5,99.4,478.9,17.3,2
3349,bus,11.0,road_loopA_f0,road_loopA_f1,5115.6,5322.1,206.5,1303.1,22.7,4
3493,car,4.5,road_loopA_f0,xloopA_0Bb,5246.8,5322.1,75.3,478.7,22.9,2
3495,car,4.5,road_loopA_r0,xloopA_0Ab,5246.9,5325.2,78.3,869.1,40.0,0
3508,car,4.5,road_loopA_f0,xloopA_0Bb,5262.4,5325.7,63.3,478.8,27.2,1
3492,car,4.5,road_loopA_r0,xloopA_0Ab,5245.1,5328.4,83.3,869.2,37.6,1
3442,car,4.5,road_loopA_r0,road_loopA_r1,5198.4,5334.4,136.0,1297.7,34.4,1
3482,car,4.5,xloopA_0Ba,road_loopA_r1,5230.6,5335.2,104.6,476.7,16.4,0
3437,car,4.5,road_loopA_r0,road_loopA_r1,5191.0,5336.0,145.0,1297.8,32.2,1
3449,suv,4.8,road_loopA_r0,road_loopA_r1,5202.4,5337.9,135.5,1298.2,34.5,1
3447,car,4.5,road_loopA_r0,road_loopA_r1,5201.2,5338.2,137.0,1298.5,34.1,1
3451,car,4.5,road_loopA_r0,road_loopA_r1,5203.6,5339.2,135.6,1298.4,34.5,1
3446,suv,4.8,road_loopA_r0,road_loopA_r1,5200.2,5340.3,140.1,1298.3,33.4,1
3460,car,4.5,road_loopA_r0,road_loopA_r1,5213.2,5341.5,128.3,1298.0,36.4,1
3468,car,4.5,road_loopA_r0,road_loopA_r1,5219.3,5342.2,122.9,1298.6,38.0,1
3463,car,4.5,road_loopA_r0,road_loopA_r1,5216.5,5343.4,126.9,1298.2,36.8,1
3459,car,4.5,xloopA_0Aa,road_loopA_r1,5213.2,5344.6,131.4,506.5,13.9,0
3464,car,4.5,road_loopA_r0,road_loopA_r1,5217.6,5345.7,128.1,1298.5,36.5,1
3435,car,4.5,road_loopA_r0,road_loopA_r1,5188.3,5346.3,158.0,1297.3,29.6,1
3465,car,4.5,road_loopA_r0,road_loopA_r1,5218.1,5346.6,128.5,1297.9,36.4,1
3475,suv,4.8,road_loopA_r0,road_loopA_r1,5228.0,5347.6,119.6,1297.6,39.1,1
3438,car,4.5,road_loopA_r0,road_loopA_r1,5191.6,5348.1,156.5,1298.1,29.9,1
3453,suv,4.8,road_loopA_r0,road_loopA_r1,5206.3,5349.2,142.9,1298.0,32.7,1
3456,suv,4.8,road_loopA_r0,road_loopA_r1,5208.6,5349.8,141.2,1298.2,33.1,1
3486,car,4.5,road_loopA_r0,road_loopA_r1,5234.7,5349.9,115.2,1297.3,40.5,1
3554,car,4.5,road_loopA_f0,xloopA_0Bb,5310.4,5350.3,39.9,478.7,43.2,0
3470,car,4.5,road_loopA_r0,road_loopA_r1,5220.3,5350.9,130.6,1298.2,35.8,1
3471,car,4.5,road_loopA_r0,road_loopA_r1,5221.0,5351.9,130.9,1298.2,35.7,1
3500,suv,4.8,road_loopA_r0,road_loopA_r1,5252.0,5352.6,100.6,1297.8,46.4,0
3488,suv,4.8,road_loopA_r0,road_loopA_r1,5236.1,5353.3,117.2,1297.6,39.9,1
3477,car,4.5,road_loopA_r0,road_loopA_r1,5229.7,5353.6,123.9,1298.1,37.7,1
3487,truck,8.5,road_loopA_r0,road_loopA_r1,5235.1,5355.6,120.5,1297.4,38.8,0
3515,car,4.5,road_loopA_r0,road_loopA_r1,5265.7,5355.8,90.1,1297.7,51.9,0
3485,car,4.5,road_loopA_r0,road_loopA_r1,5234.3,5357.6,123.3,1297.4,37.9,0
3514,car,4.5,road_loopA_r0,road_loopA_r1,5265.6,5358.7,93.1,1298.1,50.2,0
3498,suv,4.8,road_loopA_r0,road_loopA_r1,5249.6,5359.3,109.7,1298.0,42.6,0
3516,car,4.5,road_loopA_r0,road_loopA_r1,5268.2,5361.0,92.8,1297.4,50.3,0
3462,car,4.5,road_loopA_f0,road_loopA_f1,5215.4,5361.1,145.7,1303.0,32.2,1
3539,car,4.5,road_loopA_r0,xloopA_0Ab,5290.2,5364.1,73.9,869.1,42.3,0
3469,truck,8.5,road_loopA_f0,road_loopA_f1,5219.8,5365.2,145.4,1304.1,32.3,1
3483,car,4.5,road_loopA_f0,road_loopA_f1,5231.6,5367.3,135.7,1303.5,34.6,1
3466,car,4.5,road_loopA_f0,road_loopA_f1,5218.6,5369.0,150.4,1302.8,31.2,1
3527,car,4.5,road_loopA_r0,road_loopA_r1,5279.8,5369.1,89.3,1297.3,52.3,0
3476,car,4.5,road_loopA_f0,road_loopA_f1,5229.6,5370.0,140.4,1302.9,33.4,1
3499,car,4.5,road_loopA_f0,road_loopA_f1,5249.6,5371.9,122.3,1304.0,38.4,1
3461,truck,8.5,road_loopA_f0,road_loopA_f1,5214.9,5373.2,158.3,1303.0,29.6,1
3529,suv,4.8,road_loopA_r0,road_loopA_r1,5280.8,5374.2,93.4,1297.3,50.0,0
3509,suv,4.8,road_loopA_f0,road_loopA_f1,5262.5,5374.7,112.2,1302.8,41.8,1
3520,suv,4.8,road_loopA_r0,xloopA_0Ab,5275.3,5375.1,99.8,869.5,31.4,1
3524,car,4.5,road_loopA_r0,road_loopA_r1,5279.2,5375.7,96.5,1297.9,48.4,0
3489,suv,4.8,road_loopA_f0,road_loopA_f1,5236.6,5376.0,139.4,1302.9,33.7,1
3536,suv,4.8,road_loopA_r0,road_loopA_r1,5286.6,5376.8,90.2,1297.8,51.8,0
3491,car,4.5,road_loopA_f0,road_loopA_f1,5240.2,5377.5,137.3,1302.9,34.2,1
3505,car,4.5,road_loopA_f0,road_loopA_f1,5257.7,5377.6,119.9,1303.4,39.1,1
3525,car,4.5,road_loopA_r0,road_loopA_r1,5279.2,5379.1,99.9,1297.4,46.8,0
3472,car,4.5,xloopA_0Ba,road_loopA_f1,5222.3,5379.5,157.2,902.5,20.7,0
3522,suv,4.8,road_loopA_f0,road_loopA_f1,5278.9,5380.3,101.4,1302.8,46.2,0
3534,car,4.5,road_loopA_r0,road_loopA_r1,5286.3,5382.0,95.7,1297.9,48.8,0
3526,car,4.5,road_loopA_f0,road_loopA_f1,5279.6,5383.1,103.5,1303.0,45.3,0
3490,truck,8.5,road_loopA_f0,road_loopA_f1,5239.7,5383.2,143.5,1303.4,32.7,1
3541,car,4.5,road_loopA_r0,road_loopA_r1,5292.9,5383.4,90.5,1297.7,51.6,0
3506,car,4.5,road_loopA_f0,road_loopA_f1,5262.3,5383.9,121.6,1303.1,38.6,1
3309,suv,4.8,road_loopA_r0,xloopA_0Bb,5089.6,5384.4,294.8,895.9,10.9,2
3473,car,4.5,road_loopA_f0,xloopA_0Ab,5223.4,5384.8,161.4,505.0,11.3,1
3538,car,4.5,road_loopA_f0,road_loopA_f1,5289.5,5386.3,96.8,1303.5,48.5,0
3507,car,4.5,road_loopA_f0,road_loopA_f1,5262.4,5386.4,124.0,1303.6,37.9,1
3363,suv,4.8,road_loopA_r0,xloopA_0Bb,5122.4,5387.0,264.6,895.2,12.2,2
3481,car,4.5,road_loopA_f0,xloopA_0Ab,5230.5,5387.4,156.9,505.0,11.6,1
3511,suv,4.8,road_loopA_f0,road_loopA_f1,5263.1,5388.2,125.1,1303.6,37.5,0
3544,car,4.5,road_loopA_f0,road_loopA_f1,5295.8,5389.0,93.2,1302.8,50.3,0
3379,car,4.5,road_loopA_r0,xloopA_0Bb,5130.9,5389.7,258.8,895.5,12.5,2
3521,suv,4.8,road_loopA_r0,road_loopA_r1,5275.7,5389.7,114.0,1297.5,41.0,0
3523,suv,4.8,road_loopA_f0,road_loopA_f1,5278.9,5389.9,111.0,1302.9,42.3,0
3484,car,4.5,road_loopA_f0,xloopA_0Ab,5231.8,5390.1,158.3,505.2,11.5,1
3399,car,4.5,xloopA_0Ba,road_loopA_f1,5146.8,5390.6,243.8,903.0,13.3,0
3546,suv,4.8,road_loopA_f0,road_loopA_f1,5300.6,5391.3,90.7,1303.4,51.7,0
3537,suv,4.8,road_loopA_r0,road_loopA_r1,5288.3,5391.5,103.2,1297.6,45.2,0
3530,truck,8.5,road_loopA_f0,road_loopA_f1,5281.3,5392.3,111.0,1304.0,42.3,0
3400,car,4.5,road_loopA_r0,xloopA_0Bb,5147.4,5392.4,245.0,895.7,13.2,2
3474,truck,8.5,road_loopA_f0,road_loopA_f1,5224.1,5392.8,168.7,1303.3,27.8,1
3501,suv,4.8,road_loopA_f0,xloopA_0Ab,5254.0,5392.8,138.8,505.4,13.1,1
3497,bus,11.0,road_loopA_r0,road_loopA_r1,5248.9,5393.1,144.2,1297.3,32.4,1
3480,car,4.5,road_loopA_f0,road_loopA_f1,5230.2,5394.8,164.6,1303.2,28.5,1
3426,car,4.5,road_loopA_r0,xloopA_0Bb,5177.7,5395.0,217.3,895.3,14.8,2
3533,truck,8.5,road_loopA_f0,road_loopA_f1,5286.1,5395.0,108.9,1303.3,43.1,0
3573,car,4.5,road_loopA_f0,xloopA_0Ab,5328.9,5395.5,66.6,505.4,27.3,1
3494,car,4.5,road_loopA_f0,road_loopA_f1,5246.9,5396.5,149.6,1303.7,31.4,1
3540,car,4.5,road_loopA_f0,road_loopA_f1,5290.5,5398.1,107.6,1303.9,43.6,0
3503,suv,4.8,road_loopA_f0,road_loopA_f1,5257.3,5398.2,140.9,1303.7,33.3,1
3553,suv,4.8,road_loopA_f0,road_loopA_f1,5308.3,5398.4,90.1,1303.0,52.1,0
3532,car,4.5,xloopA_0Ba,xloopA_0Bb,5282.0,5399.2,117.2,84.6,2.6,1
3550,suv,4.8,road_loopA_f0,road_loopA_f1,5302.4,5399.6,97.2,1304.0,48.3,0
3510,car,4.5,road_loopA_f0,road_loopA_f1,5262.8,5399.9,137.1,1303.1,34.2,1
3545,truck,8.5,road_loopA_r0,road_loopA_r1,5298.5,5401.3,102.8,1297.9,45.5,0
3551,car,4.5,xloopA_0Aa,xloopA_0Ab,5304.5,5401.3,96.8,84.2,3.1,1
3512,car,4.5,road_loopA_f0,road_loopA_f1,5264.3,5401.7,137.4,1303.6,34.2,1
3528,car,4.5,road_loopA_f0,road_loopA_f1,5280.4,5401.7,121.3,1303.3,38.7,0
3542,truck,8.5,road_loopA_r0,road_loopA_r1,5294.5,5401.9,107.4,1298.3,43.5,0
3556,car,4.5,xloopA_0Ba,xloopA_0Bb,5313.6,5402.3,88.7,84.6,3.4,1
3513,car,4.5,road_loopA_f0,road_loopA_f1,5264.7,5403.2,138.5,1303.8,33.9,0
3562,car,4.5,xloopA_0Aa,xloopA_0Ab,5321.2,5403.4,82.2,84.3,3.7,1
3549,car,4.5,road_loopA_r0,road_loopA_r1,5302.2,5403.8,101.6,1297.8,46.0,0
3565,car,4.5,xloopA_0Ba,xloopA_0Bb,5326.0,5404.4,78.4,84.0,3.9,1
3558,car,4.5,road_loopA_f0,road_loopA_f1,5314.5,5404.6,90.1,1303.9,52.1,0
3600,car,4.5,xloopA_0Ba,xloopA_0Bb,5356.3,5406.7,50.4,84.3,6.0,0
3560,suv,4.8,road_loopA_f0,road_loopA_f1,5317.1,5407.6,90.5,1303.2,51.9,0
3564,car,4.5,xloopA_0Aa,xloopA_0Ab,5324.0,5408.0,84.0,84.6,3.6,0
3604,car,4.5,xloopA_0Ba,xloopA_0Bb,5358.5,5408.6,50.1,84.0,6.0,0
3624,car,4.5,xloopA_0Ba,xloopA_0Bb,5372.9,5410.7,37.8,84.2,8.0,0
3647,car,4.5,xloopA_0Ba,xloopA_0Bb,5391.9,5413.7,21.8,84.4,13.9,0
3563,car,4.5,road_loopA_f0,road_loopA_f1,5323.0,5417.2,94.2,1303.6,49.8,0
3568,car,4.5,road_loopA_f0,road_loopA_f1,5327.7,5418.3,90.6,1304.1,51.8,0
3574,car,4.5,road_loopA_f0,road_loopA_f1,5330.7,5421.2,90.5,1303.3,51.9,0
3571,car,4.5,road_loopA_f0,road_loopA_f1,5328.1,5421.6,93.5,1303.4,50.2,0
3575,car,4.5,road_loopA_f0,road_loopA_f1,5334.5,5424.8,90.3,1303.3,52.0,0
3548,car,4.5,road_loopA_f0,road_loopA_f1,5301.1,5425.5,124.4,1303.4,37.7,0
3577,suv,4.8,road_loopA_f0,road_loopA_f1,5335.2,5427.0,91.8,1302.9,51.1,0
3579,suv,4.8,road_loopA_f0,road_loopA_f1,5338.2,5427.6,89.4,1303.1,52.5,0
3580,suv,4.8,road_loopA_f0,road_loopA_f1,5338.5,5429.4,90.9,1303.9,51.7,0
3569,car,4.5,road_loopA_f0,road_loopA_f1,5327.8,5432.1,104.3,1302.9,45.0,0
3566,truck,8.5,road_loopA_f0,road_loopA_f1,5326.0,5437.9,111.9,1303.9,42.0,0
3552,car,4.5,road_loopA_f0,road_loopA_f1,5306.7,5440.2,133.5,1302.8,35.1,0
3567,car,4.5,road_loopA_r0,xloopA_0Ab,5327.0,5443.4,116.4,869.2,26.9,2
3613,truck,8.5,road_loopA_f0,xloopA_0Bb,5364.7,5444.2,79.5,479.0,21.7,2
3620,suv,4.8,road_loopA_f0,xloopA_0Bb,5371.0,5448.0,77.0,479.2,22.4,2
3642,car,4.5,road_loopA_r0,xloopA_0Ab,5388.9,5459.6,70.7,869.3,44.3,0
3555,car,4.5,road_loopA_r0,road_loopA_r1,5310.9,5460.8,149.9,1298.2,31.2,1
3559,suv,4.8,road_loopA_r0,road_loopA_r1,5316.7,5462.9,146.2,1297.7,31.9,1
3643,car,4.5,xloopA_0Ba,road_loopA_r1,5389.1,5463.2,74.1,476.3,23.1,0
3561,suv,4.8,road_loopA_r0,road_loopA_r1,5319.1,5463.3,144.2,1298.2,32.4,1
3586,suv,4.8,road_loopA_r0,road_loopA_r1,5345.6,5464.6,119.0,1297.6,39.3,1
3570,car,4.5,road_loopA_r0,road_loopA_r1,5328.0,5465.0,137.0,1298.0,34.1,1
3591,car,4.5,road_loopA_r0,road_loopA_r1,5350.7,5466.5,115.8,1297.5,40.4,1
3598,suv,4.8,road_loopA_r0,road_loopA_r1,5354.4,5468.1,113.7,1297.4,41.1,1
3547,bus,11.0,road_loopA_f0,road_loopA_f1,5300.7,5470.3,169.6,1303.2,27.7,2
3593,car,4.5,road_loopA_r0,road_loopA_r1,5351.1,5470.5,119.4,1298.2,39.1,1
3596,car,4.5,road_loopA_r0,road_loopA_r1,5352.8,5472.1,119.3,1297.5,39.1,1
3614,car,4.5,xloopA_0Aa,road_loopA_r1,5365.5,5472.8,107.3,506.9,17.0,0
3572,car,4.5,road_loopA_r0,road_loopA_r1,5328.1,5473.4,145.3,1298.1,32.2,1
3623,car,4.5,road_loopA_r0,xloopA_0Ab,5372.7,5474.0,101.3,869.2,30.9,1
3557,car,4.5,road_loopA_r0,road_loopA_r1,5314.2,5474.5,160.3,1297.7,29.1,1
3597,car,4.5,road_loopA_r0,road_loopA_r1,5353.1,5474.6,121.5,1298.3,38.5,1
3618,car,4.5,road_loopA_r0,road_loopA_r1,5370.4,5475.5,105.1,1298.5,44.5,0
3587,car,4.5,road_loopA_r0,road_loopA_r1,5345.8,5476.6,130.8,1297.3,35.7,1
3578,car,4.5,road_loopA_r0,road_loopA_r1,5336.3,5476.7,140.4,1298.4,33.3,1
3626,car,4.5,road_loopA_r0,road_loopA_r1,5375.3,5478.2,102.9,1298.5,45.4,0
3601,car,4.5,road_loopA_r0,road_loopA_r1,5356.5,5478.6,122.1,1297.6,38.2,1
3583,truck,8.5,road_loopA_r0,road_loopA_r1,5344.2,5479.1,134.9,1297.7,34.6,1
3607,car,4.5,road_loopA_r0,road_loopA_r1,5360.0,5480.4,120.4,1297.9,38.8,1
3695,suv,4.8,road_loopA_f0,xloopA_0Bb,5436.0,5481.0,45.0,479.1,38.3,0
3670,car,4.5,road_loopA_r0,xloopA_0Ab,5408.7,5481.2,72.5,869.1,43.1,0
3612,car,4.5,road_loopA_r0,road_loopA_r1,5364.5,5481.5,117.0,1298.4,40.0,1
3632,suv,4.8,road_loopA_r0,road_loopA_r1,5378.0,5481.7,103.7,1298.3,45.1,0
3611,truck,8.5,road_loopA_r0,road_loopA_r1,5363.6,5483.5,119.9,1297.9,39.0,0
3616,suv,4.8,road_loopA_r0,road_loopA_r1,5367.7,5483.5,115.8,1298.1,40.4,0
3630,car,4.5,road_loopA_r0,road_loopA_r1,5377.7,5484.9,107.2,1297.8,43.6,0
3625,suv,4.8,road_loopA_r0,road_loopA_r1,5373.8,5486.3,112.5,1297.3,41.5,0
3638,suv,4.8,road_loopA_r0,road_loopA_r1,5385.2,5486.4,101.2,1298.5,46.2,0
3581,suv,4.8,road_loopA_f0,road_loopA_f1,5344.1,5487.4,143.3,1303.8,32.7,1
3629,car,4.5,road_loopA_r0,road_loopA_r1,5377.2,5487.8,110.6,1298.7,42.3,0
3641,suv,4.8,road_loopA_r0,road_loopA_r1,5388.8,5488.4,99.6,1297.3,46.9,0
3584,suv,4.8,road_loopA_f0,road_loopA_f1,5344.5,5489.3,144.8,1302.8,32.4,1
3651,car,4.5,road_loopA_r0,road_loopA_r1,5397.1,5489.9,92.8,1298.5,50.4,0
3631,suv,4.8,road_loopA_r0,road_loopA_r1,5377.9,5490.1,112.2,1298.4,41.7,0
3592,car,4.5,road_loopA_r0,road_loopA_r1,5351.0,5490.7,139.7,1298.1,33.5,0
3633,car,4.5,road_loopA_r0,road_loopA_r1,5380.5,5491.9,111.4,1297.6,41.9,0
3662,suv,4.8,road_loopA_r0,xloopA_0Ab,5401.5,5492.0,90.5,869.2,34.6,1
3531,car,4.5,xloopA_0Aa,road_loopA_f1,5282.1,5492.1,210.0,872.6,15.0,1
3588,car,4.5,road_loopA_f0,road_loopA_f1,5346.6,5492.3,145.7,1303.8,32.2,1
3635,suv,4.8,road_loopA_r0,road_loopA_r1,5382.3,5492.3,110.0,1297.9,42.5,0
3657,suv,4.8,road_loopA_r0,road_loopA_r1,5398.7,5492.6,93.9,1298.0,49.8,0
3637,car,4.5,road_loopA_r0,road_loopA_r1,5384.1,5493.8,109.7,1297.9,42.6,0
3665,car,4.5,road_loopA_r0,road_loopA_r1,5405.5,5497.0,91.5,1297.7,51.0,0
3655,suv,4.8,road_loopA_r0,road_loopA_r1,5398.3,5497.7,99.4,1297.6,47.0,0
3664,car,4.5,road_loopA_r0,road_loopA_r1,5403.6,5497.9,94.3,1297.5,49.5,0
3603,car,4.5,road_loopA_f0,road_loopA_f1,5357.1,5498.2,141.1,1303.7,33.3,1
3594,car,4.5,road_loopA_f0,road_loopA_f1,5351.5,5499.2,147.7,1303.8,31.8,1
3659,car,4.5,road_loopA_r0,road_loopA_r1,5399.7,5499.9,100.2,1298.0,46.6,0
3599,car,4.5,road_loopA_f0,road_loopA_f1,5354.7,5502.8,148.1,1303.7,31.7,1
3656,car,4.5,road_loopA_r0,road_loopA_r1,5398.7,5502.9,104.2,1297.7,44.9,0
3660,car,4.5,road_loopA_r0,road_loopA_r1,5400.6,5503.2,102.6,1298.0,45.5,0
3590,suv,4.8,road_loopA_f0,road_loopA_f1,5347.5,5504.4,156.9,1303.6,29.9,1
3608,suv,4.8,road_loopA_f0,road_loopA_f1,5361.6,5505.5,143.9,1303.3,32.6,1
3671,car,4.5,road_loopA_r0,road_loopA_r1,5410.9,5506.1,95.2,1297.4,49.1,0
3636,car,4.5,road_loopA_f0,road_loopA_f1,5383.3,5506.7,123.4,1303.3,38.0,1
3640,car,4.5,road_loopA_f0,road_loopA_f1,5386.4,5508.2,121.8,1303.1,38.5,1
3677,car,4.5,road_loopA_r0,road_loopA_r1,5419.1,5509.5,90.4,1297.5,51.7,0
3502,car,4.5,road_loopA_r0,xloopA_0Bb,5255.1,5510.9,255.8,895.5,12.6,2
3606,suv,4.8,road_loopA_f0,xloopA_0Ab,5359.4,5511.5,152.1,505.3,12.0,1
3622,car,4.5,road_loopA_f0,road_loopA_f1,5372.6,5511.6,139.0,1303.9,33.8,1
3674,car,4.5,road_loopA_r0,road_loopA_r1,5417.3,5512.2,94.9,1297.9,49.2,0
3496,car,4.5,road_loopA_r0,xloopA_0Bb,5247.0,5513.5,266.5,895.5,12.1,2
3663,car,4.5,road_loopA_f0,xloopA_0Ab,5403.0,5514.1,111.1,505.0,16.4,1
3617,car,4.5,xloopA_0Aa,road_loopA_f1,5370.3,5515.3,145.0,872.3,21.7,0
3518,suv,4.8,road_loopA_r0,xloopA_0Bb,5273.2,5516.2,243.0,895.7,13.3,2
3658,car,4.5,road_loopA_f0,road_loopA_f1,5399.4,5516.4,117.0,1304.0,40.1,1
3652,truck,8.5,road_loopA_r0,road_loopA_r1,5397.3,5516.5,119.2,1297.5,39.2,0
3645,truck,8.5,road_loopA_f0,road_loopA_f1,5390.7,5516.6,125.9,1303.8,37.3,1
3702,car,4.5,road_loopA_f0,xloopA_0Ab,5443.8,5516.8,73.0,505.2,24.9,1
3667,truck,8.5,road_loopA_r0,road_loopA_r1,5406.8,5517.4,110.6,1298.4,42.3,0
3679,car,4.5,road_loopA_r0,road_loopA_r1,5420.9,5517.7,96.8,1298.4,48.3,0
3682,suv,4.8,road_loopA_r0,road_loopA_r1,5422.4,5518.6,96.2,1298.5,48.6,0
3639,car,4.5,road_loopA_f0,road_loopA_f1,5385.4,5518.8,133.4,1303.4,35.2,1
3517,car,4.5,road_loopA_r0,xloopA_0Bb,5269.1,5518.9,249.8,895.6,12.9,2
3595,car,4.5,road_loopA_f0,road_loopA_f1,5352.8,5519.6,166.8,1302.9,28.1,1
3681,car,4.5,road_loopA_r0,road_loopA_r1,5422.1,5520.4,98.3,1298.1,47.5,0
3519,car,4.5,road_loopA_r0,xloopA_0Bb,5273.5,5521.5,248.0,895.3,13.0,2
3690,car,4.5,road_loopA_r0,road_loopA_r1,5432.5,5521.5,89.0,1298.6,52.5,0
3687,car,4.5,road_loopA_r0,road_loopA_r1,5428.4,5522.8,94.4,1297.6,49.5,0
3669,suv,4.8,road_loopA_f0,road_loopA_f1,5408.3,5523.0,114.7,1303.9,40.9,0
3676,car,4.5,road_loopA_f0,road_loopA_f1,5418.7,5523.7,105.0,1303.2,44.7,0
3693,car,4.5,road_loopA_r0,road_loopA_r1,5433.9,5524.1,90.2,1297.9,51.8,0
3692,suv,4.8,road_loopA_r0,road_loopA_r1,5433.6,5524.8,91.2,1298.3,51.2,0
3680,car,4.5,road_loopA_f0,road_loopA_f1,5421.8,5525.4,103.6,1303.7,45.3,0
3653,car,4.5,xloopA_0Aa,xloopA_0Ab,5397.5,5526.6,129.1,84.4,2.4,1
3688,car,4.5,road_loopA_f0,road_loopA_f1,5429.9,5527.1,97.2,1304.0,48.3,0
3602,car,4.5,road_loopA_f0,road_loopA_f1,5356.7,5527.5,170.8,1303.7,27.5,1
3685,car,4.5,xloopA_0Ba,xloopA_0Bb,5424.9,5527.7,102.8,84.0,2.9,1
3675,car,4.5,road_loopA_f0,road_loopA_f1,5418.0,5529.0,111.0,1303.5,42.3,0
3717,car,4.5,xloopA_0Ba,xloopA_0Bb,5463.5,5531.0,67.5,84.7,4.5,1
3634,car,4.5,xloopA_0Aa,road_loopA_f1,5382.1,5531.6,149.5,872.2,21.0,0
3689,truck,8.5,road_loopA_f0,road_loopA_f1,5431.5,5531.8,100.3,1302.8,46.7,0
3619,truck,8.5,road_loopA_f0,road_loopA_f1,5370.6,5533.2,162.6,1303.0,28.9,1
3720,car,4.5,xloopA_0Ba,xloopA_0Bb,5466.5,5533.2,66.7,84.4,4.6,0
3698,suv,4.8,road_loopA_f0,road_loopA_f1,5441.0,5533.8,92.8,1303.6,50.5,0
3699,suv,4.8,road_loopA_f0,road_loopA_f1,5442.0,5535.5,93.5,1302.9,50.2,0
3730,car,4.5,xloopA_0Ba,xloopA_0Bb,5475.9,5535.6,59.7,84.5,5.1,0
3615,suv,4.8,road_loopA_f0,road_loopA_f1,5367.3,5536.1,168.8,1302.9,27.8,1
3701,car,4.5,road_loopA_f0,road_loopA_f1,5442.6,5537.1,94.5,1303.2,49.6,0
3771,car,4.5,xloopA_0Ba,xloopA_0Bb,5515.2,5538.3,23.1,84.0,13.1,0
3697,suv,4.8,road_loopA_f0,road_loopA_f1,5440.8,5538.9,98.1,1304.0,47.8,0
3605,car,4.5,xloopA_0Aa,road_loopA_f1,5359.3,5539.1,179.8,872.4,17.5,0
3648,suv,4.8,road_loopA_f0,road_loopA_f1,5393.7,5539.7,146.0,1303.3,32.1,0
3706,car,4.5,road_loopA_f0,road_loopA_f1,5448.5,5540.6,92.1,1302.8,50.9,0
3774,car,4.5,xloopA_0Ba,xloopA_0Bb,5519.1,5540.6,21.5,84.3,14.1,0
3649,car,4.5,road_loopA_f0,road_loopA_f1,5394.1,5542.1,148.0,1303.5,31.7,0
3694,car,4.5,road_loopA_f0,road_loopA_f1,5435.3,5542.4,107.1,1303.5,43.8,0
3791,car,4.5,xloopA_0Aa,xloopA_0Ab,5529.8,5543.3,13.5,84.2,22.5,0
3628,suv,4.8,road_loopA_f0,road_loopA_f1,5375.9,5543.9,168.0,1303.3,27.9,1
3707,car,4.5,road_loopA_f0,road_loopA_f1,5449.9,5543.9,94.0,1302.9,49.9,0
3654,car,4.5,xloopA_0Ba,road_loopA_f1,5397.4,5544.1,146.7,902.6,22.2,0
3794,car,4.5,xloopA_0Aa,xloopA_0Ab,5530.8,5545.3,14.5,84.4,21.0,0
3582,car,4.5,road_loopA_f0,road_loopA_f1,5344.1,5545.8,201.7,1303.1,23.3,1
3691,car,4.5,road_loopA_f0,road_loopA_f1,5433.0,5546.0,113.0,1303.6,41.5,0
3666,truck,8.5,road_loopA_f0,road_loopA_f1,5406.3,5546.3,140.0,1303.6,33.5,0
3585,truck,8.5,road_loopA_f0,road_loopA_f1,5344.7,5548.0,203.3,1303.0,23.1,1
3673,car,4.5,road_loopA_f0,road_loopA_f1,5416.8,5548.3,131.5,1303.7,35.7,0
3661,car,4.5,road_loopA_f0,road_loopA_f1,5401.3,5548.8,147.5,1304.2,31.8,0
3589,car,4.5,road_loopA_f0,road_loopA_f1,5347.5,5550.4,202.9,1303.3,23.1,1
3627,car,4.5,road_loopA_f0,road_loopA_f1,5375.6,5550.4,174.8,1303.3,26.8,1
3668,car,4.5,road_loopA_f0,road_loopA_f1,5407.6,5551.6,144.0,1302.8,32.6,0
3644,car,4.5,road_loopA_f0,road_loopA_f1,5390.1,5552.4,162.3,1302.9,28.9,1
3610,truck,8.5,road_loopA_f0,road_loopA_f1,5362.0,5552.6,190.6,1303.8,24.6,1
3678,car,4.5,road_loopA_f0,road_loopA_f1,5419.8,5552.9,133.1,1303.1,35.2,0
3646,truck,8.5,road_loopA_f0,road_loopA_f1,5391.6,5554.1,162.5,1303.3,28.9,0
3713,car,4.5,road_loopA_f0,road_loopA_f1,5459.8,5554.6,94.8,1302.9,49.5,0
3714,car,4.5,road_loopA_f0,road_loopA_f1,5460.2,5556.0,95.8,1303.0,49.0,0
3712,car,4.5,road_loopA_f0,road_loopA_f1,5459.8,5556.3,96.5,1303.1,48.6,0
3719,truck,8.5,road_loopA_f0,road_loopA_f1,5466.0,5557.2,91.2,1302.8,51.4,0
3727,suv,4.8,road_loopA_f0,xloopA_0Bb,5472.8,5557.6,84.8,479.0,20.3,2
3700,car,4.5,road_loopA_f0,road_loopA_f1,5442.4,5558.7,116.3,1302.8,40.3,0
3726,car,4.5,road_loopA_f0,xloopA_0Bb,5472.8,5564.2,91.4,478.5,18.9,2
6,tram,34.0,loopB,loopB,1275.9,5565.7,4289.8,33673.2,28.3,40
3776,truck,8.5,road_loopA_f0,xloopA_0Bb,5519.1,5569.6,50.5,479.1,34.1,0
3705,car,4.5,road_loopA_r0,road_loopA_r1,5447.9,5573.6,125.7,1298.0,37.2,1
3709,car,4.5,road_loopA_r0,road_loopA_r1,5450.0,5575.1,125.1,1297.7,37.3,1
3708,car,4.5,road_loopA_r0,road_loopA_r1,5449.9,5576.3,126.4,1298.4,37.0,1
3703,suv,4.8,road_loopA_r0,road_loopA_r1,5444.3,5579.0,134.7,1297.4,34.7,1
3715,car,4.5,road_loopA_r0,road_loopA_r1,5460.5,5580.1,119.6,1297.5,39.1,1
3729,car,4.5,road_loopA_r0,road_loopA_r1,5475.0,5581.9,106.9,1298.2,43.7,1
3686,car,4.5,xloopA_0Ba,road_loopA_r1,5426.2,5583.5,157.3,476.8,10.9,1
3704,car,4.5,road_loopA_r0,road_loopA_r1,5444.6,5583.6,139.0,1297.6,33.6,1
3732,suv,4.8,road_loopA_r0,road_loopA_r1,5476.9,5585.1,108.2,1297.4,43.2,1
3721,suv,4.8,road_loopA_r0,road_loopA_r1,5466.4,5585.3,118.9,1297.7,39.3,1
3742,truck,8.5,road_loopA_r0,road_loopA_r1,5489.0,5586.3,97.3,1297.4,48.0,0
3740,suv,4.8,road_loopA_r0,road_loopA_r1,5485.2,5587.3,102.1,1298.4,45.8,0
3760,car,4.5,xloopA_0Ba,road_loopA_r1,5506.9,5588.8,81.9,476.1,20.9,0
3745,car,4.5,road_loopA_r0,road_loopA_r1,5489.8,5589.0,99.2,1297.8,47.1,0
3751,car,4.5,road_loopA_r0,road_loopA_r1,5499.6,5589.4,89.8,1297.9,52.0,0
3710,truck,8.5,road_loopA_r0,road_loopA_r1,5454.2,5591.0,136.8,1297.5,34.1,1
3752,car,4.5,road_loopA_r0,road_loopA_r1,5499.8,5591.4,91.6,1298.2,51.0,0
3711,car,4.5,road_loopA_r0,road_loopA_r1,5455.8,5593.2,137.4,1298.3,34.0,1
3731,car,4.5,road_loopA_r0,road_loopA_r1,5476.4,5594.2,117.8,1297.6,39.7,0
3722,bus,11.0,road_loopA_r0,road_loopA_r1,5467.5,5594.5,127.0,1297.6,36.8,0
3716,car,4.5,road_loopA_r0,road_loopA_r1,5462.2,5594.6,132.4,1298.2,35.3,1
3750,suv,4.8,road_loopA_r0,road_loopA_r1,5499.2,5596.9,97.7,1298.1,47.8,0
3758,car,4.5,road_loopA_r0,xloopA_0Ab,5504.4,5598.2,93.8,869.2,33.4,1
3762,suv,4.8,road_loopA_r0,road_loopA_r1,5508.2,5598.3,90.1,1297.4,51.8,0
3749,car,4.5,road_loopA_r0,road_loopA_r1,5496.6,5599.1,102.5,1297.6,45.6,0
3763,car,4.5,road_loopA_r0,road_loopA_r1,5508.8,5599.8,91.0,1297.7,51.4,0
3766,truck,8.5,road_loopA_r0,road_loopA_r1,5511.8,5604.4,92.6,1298.5,50.5,0
3772,suv,4.8,road_loopA_r0,road_loopA_r1,5516.2,5606.4,90.2,1297.3,51.8,0
3724,truck,8.5,road_loopA_f0,road_loopA_f1,5470.7,5608.8,138.1,1303.8,34.0,1
3764,car,4.5,road_loopA_r0,road_loopA_r1,5509.5,5610.1,100.6,1298.0,46.4,0
3696,bus,11.0,road_loopA_r0,road_loopA_r1,5438.4,5611.5,173.1,1297.3,27.0,3
3734,car,4.5,road_loopA_f0,road_loopA_f1,5478.1,5611.6,133.5,1302.9,35.1,1
3768,car,4.5,road_loopA_r0,road_loopA_r1,5512.6,5614.8,102.2,1298.0,45.7,0
3765,truck,8.5,road_loopA_r0,road_loopA_r1,5511.7,5616.0,104.3,1297.5,44.8,0
3778,car,4.5,road_loopA_r0,road_loopA_r1,5521.3,5616.5,95.2,1298.5,49.1,0
3723,truck,8.5,road_loopA_f0,road_loopA_f1,5469.9,5616.7,146.8,1304.0,32.0,1
3718,truck,8.5,road_loopA_f0,road_loopA_f1,5464.9,5617.6,152.7,1303.9,30.7,1
3780,suv,4.8,road_loopA_r0,road_loopA_r1,5522.7,5618.3,95.6,1298.1,48.9,0
3746,car,4.5,road_loopA_f0,road_loopA_f1,5491.2,5618.6,127.4,1303.9,36.9,1
3728,car,4.5,road_loopA_f0,road_loopA_f1,5474.5,5619.7,145.2,1303.8,32.3,1
3783,car,4.5,road_loopA_r0,road_loopA_r1,5526.3,5621.4,95.1,1297.8,49.1,0
3733,car,4.5,road_loopA_f0,road_loopA_f1,5477.3,5621.5,144.2,1303.5,32.5,1
3754,truck,8.5,road_loopA_f0,road_loopA_f1,5501.9,5621.5,119.6,1303.5,39.2,1
3786,car,4.5,road_loopA_r0,road_loopA_r1,5527.1,5622.8,95.7,1298.3,48.8,0
3761,car,4.5,road_loopA_f0,road_loopA_f1,5508.2,5623.6,115.4,1303.6,40.7,0
3789,car,4.5,road_loopA_r0,road_loopA_r1,5528.6,5624.4,95.8,1298.0,48.8,0
3735,suv,4.8,road_loopA_f0,road_loopA_f1,5481.4,5625.2,143.8,1303.6,32.6,1
3769,car,4.5,road_loopA_f0,road_loopA_f1,5513.3,5625.3,112.0,1303.3,41.9,1
3782,car,4.5,road_loopA_r0,road_loopA_r1,5524.0,5626.6,102.6,1297.4,45.5,0
3743,car,4.5,road_loopA_f0,road_loopA_f1,5489.3,5626.9,137.6,1303.1,34.1,1
3770,car,4.5,road_loopA_f0,road_loopA_f1,5514.1,5627.3,113.2,1304.0,41.5,0
3672,car,4.5,xloopA_0Aa,road_loopA_f1,5411.4,5627.6,216.2,872.8,14.5,1
3788,car,4.5,road_loopA_r0,road_loopA_r1,5527.5,5627.8,100.3,1298.1,46.6,0
3535,car,4.5,road_loopA_r0,xloopA_0Bb,5286.3,5628.1,341.8,895.5,9.4,3
3785,car,4.5,road_loopA_r0,road_loopA_r1,5527.0,5628.3,101.3,1297.9,46.1,0
3756,car,4.5,road_loopA_f0,road_loopA_f1,5503.1,5628.6,125.5,1303.3,37.4,0
3739,suv,4.8,road_loopA_f0,xloopA_0Ab,5483.4,5628.7,145.3,505.3,12.5,1
3784,car,4.5,road_loopA_f0,road_loopA_f1,5526.9,5628.7,101.8,1303.6,46.1,0
3736,car,4.5,road_loopA_f0,road_loopA_f1,5481.8,5629.3,147.5,1303.8,31.8,1
3777,car,4.5,road_loopA_r0,road_loopA_r1,5519.5,5629.3,109.8,1298.2,42.6,0
3757,suv,4.8,road_loopA_f0,road_loopA_f1,5504.5,5630.5,126.0,1303.9,37.3,1
3804,suv,4.8,road_loopA_r0,road_loopA_r1,5539.5,5630.5,91.0,1298.2,51.4,0
3775,car,4.5,road_loopA_f0,road_loopA_f1,5519.1,5630.6,111.5,1303.6,42.1,0
3543,car,4.5,road_loopA_r0,xloopA_0Bb,5295.3,5630.7,335.4,895.4,9.6,2
3787,truck,8.5,road_loopA_r0,road_loopA_r1,5527.1,5630.7,103.6,1297.5,45.1,0
3738,car,4.5,road_loopA_f0,road_loopA_f1,5482.2,5630.9,148.7,1302.9,31.5,1
3779,car,4.5,road_loopA_r0,road_loopA_r1,5521.3,5630.9,109.6,1298.1,42.6,0
3748,car,4.5,road_loopA_f0,xloopA_0Ab,5493.9,5631.3,137.4,505.0,13.2,1
3741,car,4.5,road_loopA_f0,road_loopA_f1,5485.9,5632.6,146.7,1303.4,32.0,1
3795,car,4.5,road_loopA_r0,road_loopA_r1,5533.5,5632.6,99.1,1297.4,47.1,0
3800,car,4.5,road_loopA_r0,road_loopA_r1,5537.8,5632.7,94.9,1298.5,49.2,0
3759,car,4.5,road_loopA_f0,road_loopA_f1,5506.8,5633.3,126.5,1303.9,37.1,1
3803,suv,4.8,road_loopA_f0,road_loopA_f1,5538.5,5633.3,94.8,1302.8,49.5,0
3747,car,4.5,road_loopA_f0,xloopA_0Ab,5492.2,5634.0,141.8,505.4,12.8,1
3609,truck,8.5,road_loopA_r0,xloopA_0Bb,5362.0,5634.1,272.1,895.2,11.8,2
3744,car,4.5,road_loopA_f0,road_loopA_f1,5489.8,5634.4,144.6,1303.9,32.5,1
3801,suv,4.8,road_loopA_r0,road_loopA_r1,5537.9,5635.1,97.2,1297.4,48.0,0
3781,car,4.5,road_loopA_f0,road_loopA_f1,5523.5,5635.3,111.8,1303.7,42.0,0
3797,car,4.5,road_loopA_f0,road_loopA_f1,5534.7,5636.1,101.4,1302.8,46.3,0
3755,suv,4.8,road_loopA_f0,xloopA_0Ab,5503.0,5636.7,133.7,505.6,13.6,1
3812,suv,4.8,road_loopA_r0,road_loopA_r1,5543.6,5636.9,93.3,1297.6,50.1,0
3753,truck,8.5,road_loopA_f0,road_loopA_f1,5501.0,5637.0,136.0,1303.7,34.5,0
3621,car,4.5,road_loopA_r0,xloopA_0Bb,5372.3,5637.2,264.9,895.5,12.2,2
3802,car,4.5,road_loopA_f0,road_loopA_f1,5538.1,5637.3,99.2,1303.0,47.3,0
3790,car,4.5,road_loopA_f0,road_loopA_f1,5528.8,5638.0,109.2,1304.1,43.0,0
3816,car,4.5,road_loopA_r0,road_loopA_r1,5548.9,5638.1,89.2,1298.3,52.4,0
3767,car,4.5,road_loopA_f0,road_loopA_f1,5512.3,5639.0,126.7,1303.6,37.1,0
3805,suv,4.8,road_loopA_f0,xloopA_0Ab,5539.7,5639.4,99.7,505.5,18.2,1
3806,car,4.5,road_loopA_f0,road_loopA_f1,5541.2,5639.7,98.5,1303.8,47.7,0
3799,car,4.5,road_loopA_f0,road_loopA_f1,5535.1,5640.8,105.7,1303.5,44.4,0
3793,car,4.5,road_loopA_r0,road_loopA_r1,5530.8,5641.6,110.8,1297.9,42.2,0
3807,car,4.5,road_loopA_f0,road_loopA_f1,5541.8,5642.1,100.3,1303.4,46.8,0
3817,car,4.5,xloopA_0Aa,xloopA_0Ab,5550.2,5643.2,93.0,84.0,3.3,1
3796,truck,8.5,road_loopA_r0,road_loopA_r1,5534.6,5643.7,109.1,1297.6,42.8,0
3814,car,4.5,xloopA_0Ba,xloopA_0Bb,5545.6,5643.8,98.2,84.7,3.1,1
3810,car,4.5,road_loopA_f0,road_loopA_f1,5543.3,5644.1,100.8,1304.0,46.6,0
3808,car,4.5,road_loopA_f0,road_loopA_f1,5542.6,5645.8,103.2,1303.7,45.5,0
3822,car,4.5,road_loopA_f0,road_loopA_f1,5553.7,5646.3,92.6,1303.5,50.7,0
3862,car,4.5,xloopA_0Aa,xloopA_0Ab,5593.5,5646.8,53.3,84.1,5.7,1
3821,car,4.5,road_loopA_f0,road_loopA_f1,5553.6,5647.5,93.9,1303.3,50.0,0
3871,car,4.5,xloopA_0Aa,xloopA_0Ab,5602.5,5648.9,46.4,84.2,6.5,1
3818,car,4.5,road_loopA_f0,road_loopA_f1,5552.0,5651.6,99.6,1303.7,47.1,0
3827,suv,4.8,road_loopA_f0,road_loopA_f1,5556.2,5654.1,97.9,1303.2,47.9,0
3792,suv,4.8,road_loopA_f0,road_loopA_f1,5530.0,5656.0,126.0,1303.3,37.2,0
3826,truck,8.5,road_loopA_f0,road_loopA_f1,5555.6,5656.0,100.4,1303.1,46.7,0
3798,car,4.5,road_loopA_f0,road_loopA_f1,5535.0,5657.8,122.8,1303.0,38.2,0
3838,car,4.5,road_loopA_f0,road_loopA_f1,5571.8,5662.1,90.3,1304.1,52.0,0
3835,truck,8.5,road_loopA_f0,road_loopA_f1,5567.8,5670.3,102.5,1303.2,45.8,0
3856,car,4.5,road_loopA_f0,xloopA_0Bb,5589.7,5670.8,81.1,478.8,21.2,2
3841,car,4.5,road_loopA_f0,road_loopA_f1,5574.8,5671.0,96.2,1304.0,48.8,0
3844,car,4.5,road_loopA_f0,road_loopA_f1,5576.4,5672.1,95.7,1304.0,49.1,0
3849,car,4.5,road_loopA_f0,road_loopA_f1,5581.6,5673.5,91.9,1303.3,51.0,0
3848,car,4.5,road_loopA_f0,road_loopA_f1,5581.1,5674.1,93.0,1303.7,50.5,0
3863,car,4.5,road_loopA_f0,xloopA_0Bb,5594.2,5674.5,80.3,478.9,21.5,2
3847,car,4.5,road_loopA_f0,road_loopA_f1,5580.8,5675.6,94.8,1303.2,49.5,0
3888,car,4.5,road_loopA_f0,xloopA_0Bb,5622.1,5678.0,55.9,478.7,30.8,0
3824,car,4.5,road_loopA_f0,road_loopA_f1,5554.3,5684.4,130.1,1303.4,36.1,0
3819,suv,4.8,road_loopA_r0,road_loopA_r1,5552.1,5691.2,139.1,1297.7,33.6,1
3828,car,4.5,road_loopA_r0,road_loopA_r1,5556.8,5693.0,136.2,1297.8,34.3,1
3725,bus,11.0,road_loopA_f0,road_loopA_f1,5472.3,5693.5,221.2,1303.1,21.2,4
3820,car,4.5,road_loopA_r0,road_loopA_r1,5553.3,5694.8,141.5,1298.5,33.0,1
3823,car,4.5,road_loopA_r0,road_loopA_r1,5553.7,5694.8,141.1,1298.0,33.1,1
3813,suv,4.8,road_loopA_r0,road_loopA_r1,5544.1,5695.7,151.6,1297.5,30.8,1
3829,suv,4.8,road_loopA_r0,road_loopA_r1,5558.0,5697.4,139.4,1298.5,33.5,1
3825,car,4.5,road_loopA_r0,road_loopA_r1,5554.9,5699.2,144.3,1298.0,32.4,1
3832,suv,4.8,road_loopA_r0,road_loopA_r1,5566.2,5701.0,134.8,1298.7,34.7,1
3834,car,4.5,road_loopA_r0,road_loopA_r1,5567.4,5701.1,133.7,1297.3,34.9,0
3830,truck,8.5,road_loopA_r0,road_loopA_r1,5561.8,5701.4,139.6,1298.0,33.5,1
3836,car,4.5,road_loopA_r0,road_loopA_r1,5568.0,5703.9,135.9,1298.0,34.4,1
3843,suv,4.8,road_loopA_r0,road_loopA_r1,5576.3,5705.4,129.1,1298.6,36.2,1
3938,car,4.5,road_loopA_f0,xloopA_0Bb,5665.6,5706.0,40.4,478.7,42.6,0
3831,car,4.5,road_loopA_r0,road_loopA_r1,5563.4,5706.2,142.8,1298.7,32.7,1
3815,car,4.5,road_loopA_r0,road_loopA_r1,5547.5,5707.7,160.2,1298.1,29.2,1
3837,car,4.5,road_loopA_r0,road_loopA_r1,5569.8,5708.1,138.3,1298.0,33.8,1
3839,suv,4.8,road_loopA_r0,road_loopA_r1,5572.4,5709.8,137.4,1297.6,34.0,1
3846,car,4.5,road_loopA_r0,road_loopA_r1,5578.8,5709.9,131.1,1298.5,35.7,1
3840,suv,4.8,road_loopA_r0,road_loopA_r1,5574.6,5711.2,136.6,1298.1,34.2,1
3842,car,4.5,road_loopA_r0,road_loopA_r1,5576.4,5711.5,135.1,1297.6,34.6,1
3867,car,4.5,road_loopA_r0,road_loopA_r1,5597.2,5712.7,115.5,1298.2,40.4,1
3855,car,4.5,road_loopA_r0,road_loopA_r1,5588.6,5712.9,124.3,1298.6,37.6,1
3850,suv,4.8,road_loopA_r0,road_loopA_r1,5581.7,5713.2,131.5,1297.3,35.5,1
3859,car,4.5,road_loopA_r0,road_loopA_r1,5591.2,5714.6,123.4,1297.3,37.8,1
3851,car,4.5,road_loopA_r0,road_loopA_r1,5582.5,5715.0,132.5,1297.8,35.3,1
3873,car,4.5,road_loopA_r0,road_loopA_r1,5606.1,5715.8,109.7,1298.0,42.6,0
3857,car,4.5,road_loopA_f0,road_loopA_f1,5589.8,5716.3,126.5,1303.4,37.1,1
3853,suv,4.8,road_loopA_r0,road_loopA_r1,5585.2,5716.8,131.6,1297.7,35.5,1
3858,car,4.5,road_loopA_f0,road_loopA_f1,5590.3,5717.8,127.5,1303.0,36.8,1
3865,suv,4.8,road_loopA_r0,road_loopA_r1,5595.7,5718.7,123.0,1298.1,38.0,1
3872,suv,4.8,road_loopA_r0,road_loopA_r1,5604.2,5719.3,115.1,1297.4,40.6,0
3861,suv,4.8,road_loopA_r0,road_loopA_r1,5593.2,5720.7,127.5,1297.7,36.6,1
3875,car,4.5,road_loopA_r0,road_loopA_r1,5607.0,5721.1,114.1,1298.0,41.0,0
3874,car,4.5,road_loopA_r0,road_loopA_r1,5606.8,5721.8,115.0,1298.0,40.6,0
3897,suv,4.8,road_loopA_r0,road_loopA_r1,5630.6,5723.0,92.4,1297.9,50.6,0
3860,car,4.5,road_loopA_f0,road_loopA_f1,5592.0,5723.5,131.5,1303.5,35.7,1
3869,suv,4.8,road_loopA_f0,road_loopA_f1,5600.5,5723.6,123.1,1303.9,38.1,1
3880,car,4.5,road_loopA_r0,road_loopA_r1,5615.1,5723.9,108.8,1298.0,43.0,0
3852,truck,8.5,road_loopA_f0,road_loopA_f1,5583.4,5724.8,141.4,1303.5,33.2,1
3868,car,4.5,road_loopA_r0,road_loopA_r1,5598.0,5724.9,126.9,1298.3,36.8,0
3895,car,4.5,road_loopA_r0,road_loopA_r1,5625.4,5725.6,100.2,1297.7,46.6,0
3896,suv,4.8,road_loopA_r0,road_loopA_r1,5628.5,5726.0,97.5,1297.5,47.9,0
3881,car,4.5,road_loopA_f0,road_loopA_f1,5617.0,5726.3,109.3,1303.0,42.9,1
3884,car,4.5,road_loopA_r0,road_loopA_r1,5619.0,5726.5,107.5,1297.3,43.4,0
3894,suv,4.8,road_loopA_r0,road_loopA_r1,5625.1,5727.5,102.4,1298.3,45.6,0
3854,truck,8.5,road_loopA_f0,road_loopA_f1,5588.5,5729.2,140.7,1302.9,33.3,1
3907,car,4.5,road_loopA_r0,road_loopA_r1,5639.7,5730.0,90.3,1298.6,51.8,0
3876,car,4.5,road_loopA_f0,road_loopA_f1,5611.6,5731.4,119.8,1303.6,39.2,1
3893,car,4.5,road_loopA_f0,road_loopA_f1,5624.1,5731.4,107.3,1303.4,43.7,0
3864,car,4.5,road_loopA_f0,road_loopA_f1,5595.7,5734.8,139.1,1303.4,33.7,1
3883,suv,4.8,road_loopA_f0,road_loopA_f1,5618.3,5735.2,116.9,1303.4,40.1,1
3809,bus,11.0,road_loopA_r0,road_loopA_r1,5543.1,5735.3,192.2,1298.0,24.3,2
3845,bus,11.0,road_loopA_r0,road_loopA_r1,5577.4,5735.6,158.2,1297.8,29.5,2
3870,car,4.5,road_loopA_f0,road_loopA_f1,5601.6,5736.4,134.8,1303.1,34.8,1
3878,car,4.5,road_loopA_f0,road_loopA_f1,5612.4,5738.1,125.7,1303.2,37.3,1
3886,car,4.5,road_loopA_f0,road_loopA_f1,5620.2,5738.1,117.9,1303.9,39.8,0
3917,car,4.5,road_loopA_r0,road_loopA_r1,5649.4,5738.5,89.1,1298.6,52.5,0
3887,car,4.5,road_loopA_f0,road_loopA_f1,5621.5,5738.7,117.2,1303.4,40.0,0
3882,car,4.5,road_loopA_f0,road_loopA_f1,5617.8,5739.8,122.0,1302.9,38.4,1
3891,suv,4.8,road_loopA_f0,road_loopA_f1,5623.7,5740.1,116.4,1303.6,40.3,0
3909,car,4.5,road_loopA_r0,road_loopA_r1,5643.6,5741.6,98.0,1297.7,47.7,0
3919,car,4.5,road_loopA_r0,road_loopA_r1,5649.5,5742.1,92.6,1297.6,50.5,0
3650,car,4.5,road_loopA_r0,xloopA_0Bb,5395.5,5743.4,347.9,895.6,9.3,3
3918,car,4.5,road_loopA_r0,road_loopA_r1,5649.5,5743.4,93.9,1298.6,49.8,0
3833,suv,4.8,road_loopA_f0,xloopA_0Ab,5566.8,5744.0,177.2,505.2,10.3,2
3898,truck,8.5,road_loopA_f0,road_loopA_f1,5631.0,5744.5,113.5,1303.9,41.4,0
3892,suv,4.8,road_loopA_f0,road_loopA_f1,5623.8,5745.0,121.2,1303.1,38.7,0
3684,car,4.5,road_loopA_r0,xloopA_0Bb,5423.5,5746.0,322.5,895.6,10.0,3
3885,suv,4.8,road_loopA_f0,road_loopA_f1,5619.8,5746.1,126.3,1303.4,37.1,0
3877,car,4.5,road_loopA_f0,xloopA_0Ab,5612.4,5746.6,134.2,505.0,13.5,1
3929,car,4.5,road_loopA_r0,road_loopA_r1,5658.0,5746.9,88.9,1297.3,52.5,0
3903,suv,4.8,road_loopA_f0,road_loopA_f1,5634.7,5747.8,113.1,1304.0,41.5,0
3683,car,4.5,road_loopA_r0,xloopA_0Bb,5422.6,5748.6,326.0,895.4,9.9,3
3901,car,4.5,road_loopA_f0,road_loopA_f1,5634.0,5748.6,114.6,1303.8,41.0,0
3905,car,4.5,road_loopA_f0,road_loopA_f1,5637.4,5749.1,111.7,1302.9,42.0,0
3889,car,4.5,road_loopA_f0,xloopA_0Ab,5623.1,5749.3,126.2,505.2,14.4,1
3931,car,4.5,road_loopA_r0,road_loopA_r1,5661.6,5750.6,89.0,1298.5,52.5,0
3908,car,4.5,road_loopA_f0,road_loopA_f1,5642.2,5750.8,108.6,1303.9,43.2,0
3890,suv,4.8,road_loopA_f0,road_loopA_f1,5623.2,5750.9,127.7,1303.6,36.7,0
3737,car,4.5,road_loopA_r0,xloopA_0Bb,5481.8,5751.3,269.5,895.5,12.0,2
3915,car,4.5,road_loopA_r0,road_loopA_r1,5648.3,5751.3,103.0,1298.3,45.4,0
3904,truck,8.5,road_loopA_f0,road_loopA_f1,5634.9,5752.5,117.6,1302.9,39.9,0
3920,car,4.5,road_loopA_f0,road_loopA_f1,5650.1,5752.5,102.4,1303.2,45.8,0
3900,suv,4.8,road_loopA_f0,road_loopA_f1,5633.9,5752.7,118.8,1303.5,39.5,0
3916,truck,8.5,road_loopA_f0,xloopA_0Ab,5649.4,5752.8,103.4,505.5,17.6,1
3927,truck,8.5,road_loopA_r0,road_loopA_r1,5657.1,5753.3,96.2,1297.5,48.6,0
3773,car,4.5,road_loopA_r0,xloopA_0Bb,5518.3,5754.0,235.7,895.8,13.7,2
3910,suv,4.8,road_loopA_f0,road_loopA_f1,5643.9,5754.5,110.6,1302.8,42.4,0
3911,car,4.5,road_loopA_f0,road_loopA_f1,5644.4,5754.6,110.2,1303.0,42.6,0
3941,suv,4.8,road_loopA_r0,road_loopA_r1,5667.1,5756.4,89.3,1298.0,52.3,0
3928,car,4.5,road_loopA_f0,road_loopA_f1,5657.5,5756.6,99.1,1302.9,47.3,0
3913,suv,4.8,road_loopA_f0,road_loopA_f1,5645.4,5757.7,112.3,1304.0,41.8,0
3937,car,4.5,road_loopA_f0,road_loopA_f1,5665.0,5758.4,93.4,1304.1,50.3,0
3943,car,4.5,road_loopA_r0,road_loopA_r1,5668.5,5759.0,90.5,1297.4,51.6,0
3912,car,4.5,xloopA_0Aa,xloopA_0Ab,5644.8,5759.3,114.5,84.1,2.6,1
3923,car,4.5,road_loopA_f0,road_loopA_f1,5654.5,5759.5,105.0,1303.3,44.7,0
3954,car,4.5,xloopA_0Ba,xloopA_0Bb,5675.9,5759.9,84.0,84.6,3.6,1
3899,car,4.5,road_loopA_f0,road_loopA_f1,5631.8,5760.4,128.6,1303.1,36.5,0
3946,car,4.5,xloopA_0Aa,xloopA_0Ab,5670.7,5761.4,90.7,84.1,3.3,1
7,tram,34.0,loopA,loopA,1495.1,5761.8,4266.7,33702.3,28.4,42
3926,car,4.5,road_loopA_f0,road_loopA_f1,5656.6,5761.8,105.2,1303.9,44.6,0
3921,car,4.5,road_loopA_f0,road_loopA_f1,5650.6,5762.1,111.5,1303.8,42.1,0
3925,car,4.5,road_loopA_f0,road_loopA_f1,5656.3,5762.8,106.5,1303.7,44.1,0
3950,car,4.5,xloopA_0Aa,xloopA_0Ab,5673.2,5763.5,90.3,84.2,3.4,1
3924,truck,8.5,road_loopA_f0,road_loopA_f1,5655.8,5766.0,110.2,1303.2,42.6,0
3922,truck,8.5,road_loopA_f0,road_loopA_f1,5650.6,5766.6,116.0,1304.0,40.5,0
4001,car,4.5,xloopA_0Aa,xloopA_0Ab,5724.1,5767.1,43.0,84.1,7.0,0
3942,car,4.5,road_loopA_f0,road_loopA_f1,5668.5,5767.8,99.3,1303.3,47.2,0
3902,suv,4.8,road_loopA_f0,road_loopA_f1,5634.1,5769.2,135.1,1303.7,34.7,0
3945,car,4.5,road_loopA_f0,road_loopA_f1,5670.3,5769.6,99.3,1303.8,47.3,0
3949,car,4.5,road_loopA_f0,road_loopA_f1,5672.6,5770.3,97.7,1303.8,48.1,0
4005,car,4.5,xloopA_0Aa,xloopA_0Ab,5726.4,5770.8,44.4,84.1,6.8,0
3932,truck,8.5,road_loopA_f0,road_loopA_f1,5662.6,5771.7,109.1,1303.5,43.0,0
3958,car,4.5,road_loopA_f0,road_loopA_f1,5681.8,5771.8,90.0,1303.3,52.1,0
3933,car,4.5,road_loopA_f0,road_loopA_f1,5662.8,5773.2,110.4,1304.0,42.5,0
3944,car,4.5,road_loopA_f0,road_loopA_f1,5668.9,5776.5,107.6,1304.0,43.6,0
3930,suv,4.8,road_loopA_f0,road_loopA_f1,5660.8,5777.6,116.8,1303.2,40.2,0
3951,car,4.5,road_loopA_f0,road_loopA_f1,5674.4,5778.3,103.9,1304.0,45.2,0
3936,suv,4.8,road_loopA_f0,road_loopA_f1,5664.2,5779.2,115.0,1302.9,40.8,0
3964,suv,4.8,road_loopA_f0,road_loopA_f1,5684.9,5779.4,94.5,1304.1,49.7,0
3969,suv,4.8,road_loopA_f0,road_loopA_f1,5689.9,5780.8,90.9,1303.3,51.6,0
3955,car,4.5,road_loopA_f0,road_loopA_f1,5676.7,5781.0,104.3,1303.6,45.0,0
3960,suv,4.8,road_loopA_f0,road_loopA_f1,5683.3,5782.7,99.4,1303.4,47.2,0
3973,car,4.5,road_loopA_f0,road_loopA_f1,5694.0,5783.4,89.4,1303.1,52.5,0
3965,truck,8.5,road_loopA_f0,road_loopA_f1,5685.4,5784.9,99.5,1303.4,47.1,0
3970,car,4.5,road_loopA_f0,road_loopA_f1,5691.1,5786.1,95.0,1303.6,49.4,0
3987,suv,4.8,road_loopA_r0,xloopA_0Ab,5704.9,5797.1,92.2,869.2,33.9,2
3906,bus,11.0,road_loopA_f0,road_loopA_f1,5638.0,5800.7,162.7,1302.9,28.8,2
3934,car,4.5,road_loopA_r0,road_loopA_r1,5662.9,5817.4,154.5,1297.4,30.2,1
3956,car,4.5,road_loopA_r0,road_loopA_r1,5680.1,5818.1,138.0,1297.9,33.9,1
3959,car,4.5,road_loopA_r0,road_loopA_r1,5681.9,5819.9,138.0,1297.5,33.9,1
3947,car,4.5,road_loopA_r0,road_loopA_r1,5671.7,5820.1,148.4,1298.0,31.5,1
3961,car,4.5,road_loopA_r0,road_loopA_r1,5684.4,5821.7,137.3,1297.8,34.0,1
3963,truck,8.5,road_loopA_r0,road_loopA_r1,5684.7,5824.6,139.9,1297.8,33.4,1
4013,car,4.5,xloopA_0Aa,road_loopA_r1,5733.0,5825.0,92.0,506.7,19.8,0
3967,car,4.5,road_loopA_r0,road_loopA_r1,5687.5,5826.2,138.7,1298.1,33.7,1
3948,car,4.5,road_loopA_r0,road_loopA_r1,5671.9,5827.4,155.5,1297.2,30.0,1
3971,suv,4.8,road_loopA_r0,road_loopA_r1,5691.5,5828.1,136.6,1297.5,34.2,1
4071,car,4.5,road_loopA_f0,xloopA_0Bb,5789.9,5829.8,39.9,478.7,43.2,0
4046,car,4.5,xloopA_0Aa,road_loopA_r1,5758.9,5830.0,71.1,506.6,25.6,0
3976,car,4.5,road_loopA_r0,road_loopA_r1,5697.4,5831.5,134.1,1297.5,34.8,1
4016,car,4.5,road_loopA_r0,xloopA_0Ab,5736.8,5832.4,95.6,869.1,32.7,1
3935,truck,8.5,road_loopA_r0,road_loopA_r1,5663.6,5832.8,169.2,1298.2,27.6,1
3975,truck,8.5,road_loopA_r0,road_loopA_r1,5695.2,5835.0,139.8,1298.2,33.4,1
3953,truck,8.5,road_loopA_r0,road_loopA_r1,5675.8,5835.2,159.4,1297.4,29.3,1
4006,suv,4.8,road_loopA_r0,road_loopA_r1,5726.5,5836.9,110.4,1297.6,42.3,0
3994,suv,4.8,road_loopA_r0,road_loopA_r1,5712.7,5837.2,124.5,1298.2,37.5,0
3962,car,4.5,road_loopA_r0,road_loopA_r1,5684.7,5837.4,152.7,1297.4,30.6,1
3974,car,4.5,road_loopA_r0,road_loopA_r1,5694.6,5839.2,144.6,1298.1,32.3,1
4010,car,4.5,road_loopA_r0,road_loopA_r1,5730.5,5839.3,108.8,1298.4,43.0,0
4017,suv,4.8,road_loopA_r0,road_loopA_r1,5737.2,5839.8,102.6,1297.8,45.5,0
3985,car,4.5,road_loopA_r0,road_loopA_r1,5701.7,5840.9,139.2,1297.7,33.6,1
4012,truck,8.5,road_loopA_r0,road_loopA_r1,5732.0,5841.1,109.1,1297.8,42.8,0
3990,car,4.5,road_loopA_r0,road_loopA_r1,5706.7,5841.4,134.7,1298.3,34.7,1
3988,car,4.5,road_loopA_r0,road_loopA_r1,5705.5,5842.7,137.2,1298.1,34.1,1
3978,car,4.5,road_loopA_f0,road_loopA_f1,5698.0,5843.2,145.2,1303.0,32.3,1
4004,suv,4.8,road_loopA_r0,road_loopA_r1,5725.6,5843.4,117.8,1298.3,39.7,0
4018,truck,8.5,road_loopA_r0,road_loopA_r1,5738.7,5844.4,105.7,1297.5,44.2,0
3993,truck,8.5,road_loopA_r0,road_loopA_r1,5710.5,5845.5,135.0,1298.1,34.6,0
3980,suv,4.8,road_loopA_f0,road_loopA_f1,5699.5,5845.9,146.4,1303.8,32.1,1
4025,suv,4.8,road_loopA_r0,road_loopA_r1,5742.5,5846.5,104.0,1297.6,44.9,0
4008,truck,8.5,road_loopA_r0,road_loopA_r1,5729.8,5847.1,117.3,1298.2,39.8,0
4019,car,4.5,road_loopA_r0,road_loopA_r1,5738.9,5847.8,108.9,1297.4,42.9,0
4035,car,4.5,road_loopA_r0,road_loopA_r1,5745.5,5848.1,102.6,1298.2,45.5,0
4028,car,4.5,road_loopA_r0,road_loopA_r1,5743.4,5849.6,106.2,1297.6,44.0,0
4030,car,4.5,road_loopA_r0,road_loopA_r1,5744.1,5849.9,105.8,1297.8,44.2,0
3977,car,4.5,road_loopA_f0,road_loopA_f1,5698.0,5851.1,153.1,1302.9,30.6,1
4037,car,4.5,road_loopA_r0,road_loopA_r1,5747.1,5851.3,104.2,1298.4,44.9,0
4014,car,4.5,road_loopA_r0,road_loopA_r1,5733.7,5852.5,118.8,1297.4,39.3,1
3982,car,4.5,road_loopA_f0,road_loopA_f1,5700.6,5852.8,152.2,1303.3,30.8,1
3981,suv,4.8,road_loopA_f0,road_loopA_f1,5699.9,5852.9,153.0,1303.9,30.7,1
4041,car,4.5,road_loopA_r0,road_loopA_r1,5751.7,5853.4,101.7,1298.5,46.0,0
3991,suv,4.8,road_loopA_f0,road_loopA_f1,5707.4,5854.5,147.1,1303.3,31.9,1
3998,car,4.5,road_loopA_f0,road_loopA_f1,5721.0,5854.7,133.7,1303.2,35.1,1
4009,car,4.5,road_loopA_r0,road_loopA_r1,5730.0,5855.2,125.2,1298.0,37.3,1
4020,car,4.5,road_loopA_r0,road_loopA_r1,5740.5,5855.4,114.9,1297.6,40.7,0
3995,suv,4.8,road_loopA_f0,road_loopA_f1,5715.7,5856.6,140.9,1303.7,33.3,1
4027,car,4.5,road_loopA_r0,road_loopA_r1,5742.8,5857.1,114.3,1298.5,40.9,0
4003,suv,4.8,road_loopA_f0,road_loopA_f1,5724.1,5858.4,134.3,1303.9,35.0,1
4043,car,4.5,road_loopA_r0,road_loopA_r1,5753.6,5858.5,104.9,1298.1,44.6,0
4015,car,4.5,road_loopA_f0,road_loopA_f1,5736.6,5859.6,123.0,1303.6,38.2,1
4048,suv,4.8,road_loopA_r0,road_loopA_r1,5762.1,5860.1,98.0,1297.7,47.7,0
4022,truck,8.5,road_loopA_f0,road_loopA_f1,5741.2,5861.7,120.5,1303.0,38.9,1
4056,car,4.5,road_loopA_r0,road_loopA_r1,5768.2,5861.9,93.7,1297.9,49.9,0
4054,suv,4.8,road_loopA_r0,road_loopA_r1,5765.8,5862.6,96.8,1297.6,48.2,0
4000,car,4.5,road_loopA_f0,road_loopA_f1,5723.5,5862.7,139.2,1303.4,33.7,1
4029,car,4.5,road_loopA_f0,road_loopA_f1,5743.9,5863.9,120.0,1303.9,39.1,1
3989,car,4.5,road_loopA_f0,road_loopA_f1,5706.3,5864.4,158.1,1303.6,29.7,1
3983,car,4.5,road_loopA_f0,road_loopA_f1,5701.3,5865.2,163.9,1302.8,28.6,1
4032,car,4.5,road_loopA_f0,road_loopA_f1,5744.8,5865.7,120.9,1303.6,38.8,1
3996,suv,4.8,road_loopA_f0,road_loopA_f1,5718.4,5866.6,148.2,1304.1,31.7,1
3992,car,4.5,road_loopA_f0,road_loopA_f1,5710.2,5866.9,156.7,1303.6,29.9,1
3811,car,4.5,road_loopA_r0,xloopA_0Bb,5543.3,5867.3,324.0,895.4,9.9,3
4038,car,4.5,road_loopA_f0,road_loopA_f1,5749.0,5867.5,118.5,1304.1,39.6,0
3939,suv,4.8,road_loopA_f0,xloopA_0Ab,5666.2,5867.9,201.7,505.5,9.0,2
3966,bus,11.0,road_loopA_r0,road_loopA_r1,5687.2,5868.0,180.8,1297.4,25.8,2
4002,car,4.5,road_loopA_f0,road_loopA_f1,5724.1,5868.9,144.8,1302.8,32.4,1
4040,car,4.5,road_loopA_f0,road_loopA_f1,5751.5,5869.2,117.7,1303.8,39.9,0
4047,car,4.5,road_loopA_f0,road_loopA_f1,5760.1,5869.3,109.2,1302.8,43.0,0
4053,suv,4.8,road_loopA_r0,road_loopA_r1,5764.9,5869.4,104.5,1297.8,44.7,0
3879,suv,4.8,road_loopA_r0,xloopA_0Bb,5613.1,5870.0,256.9,895.9,12.6,2
3952,car,4.5,road_loopA_f0,xloopA_0Ab,5674.6,5870.5,195.9,505.2,9.3,2
4050,car,4.5,road_loopA_f0,road_loopA_f1,5763.3,5871.6,108.3,1304.1,43.3,0
4044,truck,8.5,road_loopA_f0,road_loopA_f1,5755.2,5871.9,116.7,1304.1,40.2,1
4039,suv,4.8,road_loopA_f0,road_loopA_f1,5749.3,5872.4,123.1,1302.9,38.1,0
3914,car,4.5,road_loopA_r0,xloopA_0Bb,5646.3,5872.6,226.3,895.3,14.2,2
4067,car,4.5,road_loopA_r0,road_loopA_r1,5783.7,5872.8,89.1,1298.3,52.5,0
3957,car,4.5,road_loopA_f0,xloopA_0Ab,5681.6,5873.2,191.6,505.4,9.5,2
4058,car,4.5,road_loopA_f0,road_loopA_f1,5771.2,5873.5,102.3,1303.5,45.9,0
3940,car,4.5,road_loopA_r0,xloopA_0Bb,5666.7,5875.3,208.6,895.6,15.5,1
3968,car,4.5,road_loopA_f0,xloopA_0Ab,5687.6,5875.8,188.2,505.1,9.7,2
4049,car,4.5,road_loopA_f0,road_loopA_f1,5763.0,5876.5,113.5,1303.5,41.4,0
4033,car,4.5,road_loopA_f0,road_loopA_f1,5744.8,5877.2,132.4,1303.1,35.4,1
3997,car,4.5,road_loopA_r0,xloopA_0Bb,5720.3,5877.9,157.6,895.3,20.5,1
3986,car,4.5,road_loopA_f0,xloopA_0Ab,5703.0,5878.5,175.5,505.3,10.4,1
4065,car,4.5,road_loopA_f0,road_loopA_f1,5781.5,5878.7,97.2,1303.5,48.3,0
4052,car,4.5,road_loopA_f0,road_loopA_f1,5764.3,5879.1,114.8,1303.5,40.9,0
4042,suv,4.8,road_loopA_f0,road_loopA_f1,5753.4,5879.4,126.0,1302.8,37.2,0
4055,suv,4.8,road_loopA_f0,road_loopA_f1,5766.7,5881.4,114.7,1302.8,40.9,0
4076,car,4.5,road_loopA_r0,road_loopA_r1,5792.5,5881.6,89.1,1297.5,52.4,0
4057,car,4.5,road_loopA_f0,road_loopA_f1,5771.1,5882.1,111.0,1302.8,42.3,0
4061,truck,8.5,road_loopA_r0,road_loopA_r1,5776.0,5884.1,108.1,1298.4,43.2,0
4127,car,4.5,xloopA_0Ba,xloopA_0Bb,5839.5,5884.1,44.6,84.4,6.8,1
4021,car,4.5,road_loopA_f0,road_loopA_f1,5740.6,5884.4,143.8,1303.9,32.6,1
4078,truck,8.5,road_loopA_r0,road_loopA_r1,5793.5,5884.4,90.9,1298.2,51.4,0
4026,suv,4.8,road_loopA_f0,road_loopA_f1,5742.5,5885.6,143.1,1303.6,32.8,1
4134,car,4.5,xloopA_0Aa,xloopA_0Ab,5849.5,5885.6,36.1,84.0,8.4,1
4051,car,4.5,road_loopA_f0,road_loopA_f1,5763.5,5885.9,122.4,1303.7,38.3,0
4069,car,4.5,road_loopA_f0,road_loopA_f1,5788.7,5887.8,99.1,1304.1,47.4,0
4149,car,4.5,xloopA_0Ba,xloopA_0Bb,5861.8,5887.9,26.1,84.5,11.6,1
4081,car,4.5,road_loopA_f0,road_loopA_f1,5797.0,5889.5,92.5,1302.8,50.7,0
4152,car,4.5,xloopA_0Ba,xloopA_0Bb,5862.7,5889.8,27.1,84.2,11.2,0
4063,truck,8.5,road_loopA_f0,road_loopA_f1,5780.6,5889.9,109.3,1303.2,42.9,0
4070,suv,4.8,road_loopA_f0,road_loopA_f1,5789.7,5891.5,101.8,1303.8,46.1,0
4086,car,4.5,road_loopA_f0,road_loopA_f1,5801.9,5892.4,90.5,1303.3,51.8,0
4073,car,4.5,road_loopA_f0,road_loopA_f1,5790.8,5893.8,103.0,1302.8,45.5,0
4034,car,4.5,road_loopA_f0,road_loopA_f1,5744.8,5895.4,150.6,1303.6,31.2,1
4079,suv,4.8,road_loopA_f0,road_loopA_f1,5795.2,5895.6,100.4,1303.3,46.8,0
4087,car,4.5,road_loopA_f0,road_loopA_f1,5802.3,5897.4,95.1,1304.1,49.4,0
4059,car,4.5,road_loopA_f0,road_loopA_f1,5773.3,5897.5,124.2,1302.9,37.8,0
3972,car,4.5,xloopA_0Aa,road_loopA_f1,5692.7,5898.8,206.1,872.0,15.2,0
4068,truck,8.5,road_loopA_f0,road_loopA_f1,5785.3,5899.6,114.3,1303.0,41.0,0
4098,car,4.5,road_loopA_f0,road_loopA_f1,5809.4,5899.9,90.5,1302.9,51.8,0
3979,car,4.5,road_loopA_f0,road_loopA_f1,5699.4,5900.5,201.1,1303.1,23.3,1
4074,car,4.5,road_loopA_f0,road_loopA_f1,5790.8,5901.7,110.9,1303.2,42.3,0
3984,car,4.5,road_loopA_f0,road_loopA_f1,5701.5,5902.2,200.7,1303.6,23.4,1
4075,truck,8.5,road_loopA_f0,road_loopA_f1,5791.8,5903.5,111.7,1304.0,42.0,0
4090,car,4.5,road_loopA_f0,road_loopA_f1,5806.0,5903.7,97.7,1303.0,48.0,0
3999,truck,8.5,road_loopA_f0,road_loopA_f1,5722.1,5904.4,182.3,1303.0,25.7,1
4099,car,4.5,road_loopA_f0,road_loopA_f1,5809.9,5905.3,95.4,1303.6,49.2,0
4011,car,4.5,road_loopA_f0,road_loopA_f1,5732.0,5906.6,174.6,1303.5,26.9,1
4093,suv,4.8,road_loopA_f0,road_loopA_f1,5806.3,5907.2,100.9,1303.4,46.5,0
4031,suv,4.8,road_loopA_f0,road_loopA_f1,5744.6,5908.3,163.7,1303.6,28.7,1
4045,car,4.5,road_loopA_f0,road_loopA_f1,5756.3,5910.1,153.8,1303.8,30.5,0
4102,car,4.5,road_loopA_f0,road_loopA_f1,5814.9,5916.7,101.8,1303.3,46.1,0
4106,car,4.5,road_loopA_f0,road_loopA_f1,5817.8,5918.0,100.2,1303.0,46.8,0
4112,car,4.5,road_loopA_f0,xloopA_0Bb,5828.3,5921.1,92.8,478.8,18.6,2
4125,suv,4.8,road_loopA_f0,xloopA_0Bb,5838.3,5924.9,86.6,479.0,19.9,2
4161,suv,4.8,road_loopA_f0,xloopA_0Bb,5869.7,5928.6,58.9,478.9,29.3,1
4082,suv,4.8,road_loopA_r0,road_loopA_r1,5797.5,5944.4,146.9,1298.1,31.8,1
4124,car,4.5,xloopA_0Ba,road_loopA_r1,5838.3,5946.0,107.7,476.3,15.9,1
4108,car,4.5,xloopA_0Aa,road_loopA_r1,5822.7,5947.6,124.9,506.4,14.6,1
4155,car,4.5,xloopA_0Ba,road_loopA_r1,5865.5,5947.9,82.4,476.7,20.8,0
8,tram,34.0,loopB,loopB,1755.9,5949.6,4193.7,33672.7,28.9,41
4083,suv,4.8,road_loopA_r0,road_loopA_r1,5798.3,5949.6,151.3,1297.7,30.9,1
4066,car,4.5,road_loopA_r0,road_loopA_r1,5782.5,5951.1,168.6,1297.5,27.7,1
4095,car,4.5,road_loopA_r0,road_loopA_r1,5806.8,5951.3,144.5,1297.9,32.3,1
4084,suv,4.8,road_loopA_r0,road_loopA_r1,5798.7,5952.3,153.6,1298.1,30.4,1
4101,car,4.5,road_loopA_r0,road_loopA_r1,5814.7,5953.1,138.4,1298.3,33.8,1
4085,suv,4.8,road_loopA_r0,road_loopA_r1,5798.8,5953.7,154.9,1298.1,30.2,1
4104,suv,4.8,road_loopA_r0,road_loopA_r1,5815.9,5954.8,138.9,1297.7,33.6,1
4097,car,4.5,road_loopA_r0,road_loopA_r1,5809.2,5955.4,146.2,1297.3,31.9,1
4177,car,4.5,xloopA_0Ba,road_loopA_r1,5884.5,5956.1,71.6,476.2,23.9,0
4116,car,4.5,road_loopA_r0,road_loopA_r1,5833.6,5956.6,123.0,1298.4,38.0,1
4105,car,4.5,road_loopA_r0,road_loopA_r1,5817.3,5957.4,140.1,1298.1,33.4,1
4077,suv,4.8,road_loopA_r0,road_loopA_r1,5792.9,5957.8,164.9,1297.9,28.3,1
4111,car,4.5,road_loopA_r0,road_loopA_r1,5826.2,5958.9,132.7,1298.0,35.2,1
4089,car,4.5,road_loopA_r0,road_loopA_r1,5804.8,5959.5,154.7,1298.1,30.2,1
4119,suv,4.8,road_loopA_r0,road_loopA_r1,5835.6,5959.8,124.2,1297.6,37.6,1
4091,suv,4.8,road_loopA_r0,road_loopA_r1,5806.1,5961.1,155.0,1297.5,30.1,1
4100,bus,11.0,road_loopA_r0,road_loopA_r1,5814.6,5961.7,147.1,1297.5,31.7,1
4122,car,4.5,road_loopA_r0,road_loopA_r1,5836.9,5962.3,125.4,1297.6,37.3,1
4088,car,4.5,road_loopA_r0,road_loopA_r1,5804.6,5963.1,158.5,1298.1,29.5,1
4092,car,4.5,road_loopA_r0,road_loopA_r1,5806.2,5964.8,158.6,1298.1,29.5,1
4110,suv,4.8,road_loopA_r0,road_loopA_r1,5825.7,5964.9,139.2,1297.4,33.6,1
4158,car,4.5,road_loopA_r0,road_loopA_r1,5866.8,5965.8,99.0,1297.3,47.2,0
4128,truck,8.5,road_loopA_r0,road_loopA_r1,5839.9,5966.1,126.2,1298.2,37.0,1
4096,car,4.5,road_loopA_r0,road_loopA_r1,5809.0,5966.5,157.5,1297.4,29.7,1
4113,car,4.5,road_loopA_f0,road_loopA_f1,5831.5,5966.7,135.2,1303.3,34.7,1
4130,suv,4.8,road_loopA_r0,road_loopA_r1,5840.8,5968.0,127.2,1297.7,36.7,1
4120,truck,8.5,road_loopA_r0,road_loopA_r1,5835.8,5968.9,133.1,1298.4,35.1,1
4164,car,4.5,road_loopA_r0,road_loopA_r1,5874.6,5969.1,94.5,1298.5,49.5,0
4121,car,4.5,road_loopA_f0,road_loopA_f1,5836.7,5970.1,133.4,1303.3,35.2,1
4126,suv,4.8,road_loopA_r0,road_loopA_r1,5838.6,5970.9,132.3,1297.4,35.3,1
4132,truck,8.5,road_loopA_r0,road_loopA_r1,5845.7,5971.6,125.9,1297.8,37.1,0
4114,car,4.5,road_loopA_f0,road_loopA_f1,5832.4,5972.0,139.6,1303.7,33.6,1
4159,car,4.5,road_loopA_r0,road_loopA_r1,5867.5,5972.1,104.6,1297.6,44.7,0
4129,car,4.5,road_loopA_r0,road_loopA_r1,5840.0,5972.8,132.8,1298.6,35.2,1
4138,car,4.5,road_loopA_f0,road_loopA_f1,5851.1,5973.3,122.2,1303.0,38.4,1
4107,suv,4.8,road_loopA_f0,road_loopA_f1,5818.9,5973.4,154.5,1303.8,30.4,1
4160,suv,4.8,road_loopA_r0,road_loopA_r1,5869.5,5973.7,104.2,1298.5,44.9,0
4176,suv,4.8,road_loopA_r0,road_loopA_r1,5884.1,5974.1,90.0,1297.9,51.9,0
4140,car,4.5,road_loopA_r0,road_loopA_r1,5855.0,5974.6,119.6,1297.8,39.1,0
4169,suv,4.8,road_loopA_r0,road_loopA_r1,5877.4,5975.7,98.3,1298.5,47.5,0
4141,car,4.5,road_loopA_r0,road_loopA_r1,5856.0,5976.4,120.4,1297.9,38.8,0
4142,suv,4.8,road_loopA_f0,road_loopA_f1,5857.9,5977.7,119.8,1303.3,39.2,1
4175,car,4.5,road_loopA_r0,xloopA_0Ab,5883.6,5978.0,94.4,869.3,33.2,1
4150,car,4.5,road_loopA_r0,road_loopA_r1,5861.7,5978.2,116.5,1297.7,40.1,0
4168,truck,8.5,road_loopA_r0,road_loopA_r1,5877.0,5978.7,101.7,1298.4,45.9,0
4151,car,4.5,road_loopA_f0,road_loopA_f1,5862.1,5979.3,117.2,1303.8,40.0,1
4166,truck,8.5,road_loopA_r0,road_loopA_r1,5876.7,5980.5,103.8,1297.7,45.0,0
4181,car,4.5,road_loopA_r0,road_loopA_r1,5891.7,5980.8,89.1,1297.7,52.4,0
4139,car,4.5,road_loopA_f0,road_loopA_f1,5853.3,5981.2,127.9,1303.3,36.7,1
4156,car,4.5,road_loopA_f0,road_loopA_f1,5865.5,5983.0,117.5,1303.7,39.9,1
4136,suv,4.8,road_loopA_f0,road_loopA_f1,5850.2,5983.4,133.2,1303.3,35.2,1
4094,bus,11.0,road_loopA_r0,road_loopA_r1,5806.5,5985.3,178.8,1298.3,26.1,2
4115,car,4.5,road_loopA_f0,road_loopA_f1,5833.2,5985.6,152.4,1302.8,30.8,1
4162,suv,4.8,road_loopA_f0,road_loopA_f1,5870.6,5985.6,115.0,1303.1,40.8,1
4146,suv,4.8,road_loopA_f0,road_loopA_f1,5861.3,5986.6,125.3,1302.8,37.4,1
4165,truck,8.5,road_loopA_r0,road_loopA_r1,5876.0,5987.3,111.3,1297.6,42.0,0
4186,car,4.5,road_loopA_r0,road_loopA_r1,5898.6,5987.6,89.0,1298.7,52.5,0
4117,suv,4.8,road_loopA_f0,road_loopA_f1,5834.0,5989.0,155.0,1303.8,30.3,1
4190,suv,4.8,road_loopA_r0,road_loopA_r1,5901.1,5990.2,89.1,1297.5,52.4,0
4144,suv,4.8,road_loopA_f0,road_loopA_f1,5858.4,5990.8,132.4,1304.0,35.5,1
4153,truck,8.5,road_loopA_f0,road_loopA_f1,5864.0,5991.3,127.3,1304.0,36.9,1
4007,car,4.5,road_loopA_r0,xloopA_0Bb,5729.1,5992.2,263.1,895.5,12.3,3
4192,car,4.5,road_loopA_r0,road_loopA_r1,5903.4,5992.4,89.0,1297.3,52.5,0
4157,car,4.5,road_loopA_f0,road_loopA_f1,5865.9,5992.5,126.6,1303.2,37.0,1
4024,suv,4.8,road_loopA_f0,xloopA_0Ab,5741.9,5992.8,250.9,505.4,7.3,2
4135,suv,4.8,road_loopA_f0,road_loopA_f1,5849.7,5993.2,143.5,1303.8,32.7,1
4178,car,4.5,road_loopA_r0,road_loopA_r1,5886.0,5994.1,108.1,1297.4,43.2,0
4171,car,4.5,road_loopA_f0,road_loopA_f1,5879.5,5994.3,114.8,1302.8,40.8,0
4023,car,4.5,road_loopA_r0,xloopA_0Bb,5741.2,5994.8,253.6,895.4,12.7,3
4193,car,4.5,road_loopA_r0,road_loopA_r1,5904.2,5995.2,91.0,1298.7,51.4,0
4072,car,4.5,road_loopA_f0,xloopA_0Ab,5790.1,5995.4,205.3,505.1,8.9,2
4148,truck,8.5,road_loopA_f0,road_loopA_f1,5861.5,5995.8,134.3,1303.4,34.9,1
4163,car,4.5,road_loopA_f0,road_loopA_f1,5872.0,5996.3,124.3,1303.5,37.7,1
4170,car,4.5,xloopA_0Aa,road_loopA_f1,5878.8,5997.1,118.3,872.3,26.6,0
4036,car,4.5,road_loopA_r0,xloopA_0Bb,5746.6,5997.5,250.9,895.8,12.9,4
4154,car,4.5,road_loopA_f0,road_loopA_f1,5864.1,5997.9,133.8,1304.1,35.1,1
4080,car,4.5,road_loopA_f0,xloopA_0Ab,5795.3,5998.1,202.8,505.3,9.0,2
4194,car,4.5,road_loopA_r0,road_loopA_r1,5908.2,5998.8,90.6,1298.4,51.6,0
4183,car,4.5,road_loopA_r0,road_loopA_r1,5894.2,5999.2,105.0,1297.6,44.5,0
4131,car,4.5,road_loopA_f0,road_loopA_f1,5844.0,5999.8,155.8,1303.0,30.1,1
4060,car,4.5,road_loopA_r0,xloopA_0Bb,5773.9,6000.1,226.2,895.4,14.2,2
4133,car,4.5,road_loopA_f0,xloopA_0Ab,5845.9,6000.7,154.8,505.0,11.7,1
4188,car,4.5,road_loopA_r0,road_loopA_r1,5899.4,6001.0,101.6,1298.1,46.0,0
4199,car,4.5,road_loopA_r0,road_loopA_r1,5912.0,6001.0,89.0,1297.3,52.5,0
4147,truck,8.5,road_loopA_f0,road_loopA_f1,5861.5,6001.8,140.3,1304.0,33.5,1
4173,truck,8.5,road_loopA_f0,road_loopA_f1,5881.9,6002.1,120.2,1303.5,39.0,0
4191,car,4.5,road_loopA_r0,road_loopA_r1,5902.9,6002.7,99.8,1297.7,46.8,0
4198,car,4.5,road_loopA_f0,road_loopA_f1,5911.2,6003.3,92.1,1302.9,50.9,0
4143,car,4.5,road_loopA_f0,xloopA_0Ab,5858.4,6003.4,145.0,505.3,12.5,1
4062,truck,8.5,road_loopA_r0,xloopA_0Bb,5779.0,6003.6,224.6,895.5,14.4,2
4196,car,4.5,road_loopA_r0,road_loopA_r1,5909.3,6003.8,94.5,1297.5,49.4,0
4204,car,4.5,road_loopA_f0,road_loopA_f1,5914.8,6005.1,90.3,1303.1,52.0,0
4123,car,4.5,road_loopA_f0,road_loopA_f1,5837.5,6005.8,168.3,1303.7,27.9,1
4208,car,4.5,road_loopA_r0,road_loopA_r1,5917.1,6007.5,90.4,1298.1,51.7,0
4203,car,4.5,road_loopA_f0,road_loopA_f1,5913.3,6007.9,94.6,1303.3,49.6,0
4179,car,4.5,xloopA_0Ba,road_loopA_f1,5888.3,6008.2,119.9,902.7,27.1,0
4167,car,4.5,road_loopA_f0,road_loopA_f1,5876.9,6009.3,132.4,1303.6,35.4,0
4109,car,4.5,road_loopA_f0,road_loopA_f1,5823.1,6009.8,186.7,1302.8,25.1,1
4184,car,4.5,road_loopA_f0,road_loopA_f1,5897.8,6011.0,113.2,1304.1,41.5,0
4137,car,4.5,road_loopA_f0,road_loopA_f1,5850.5,6011.6,161.1,1303.7,29.1,1
4200,suv,4.8,road_loopA_r0,road_loopA_r1,5912.7,6012.8,100.1,1297.8,46.7,0
4210,suv,4.8,road_loopA_f0,road_loopA_f1,5918.3,6013.0,94.7,1303.5,49.5,0
4174,car,4.5,road_loopA_f0,road_loopA_f1,5883.1,6013.2,130.1,1303.0,36.1,0
4236,car,4.5,xloopA_0Aa,xloopA_0Ab,5937.5,6013.2,75.7,84.2,4.0,1
4187,truck,8.5,road_loopA_f0,road_loopA_f1,5899.4,6013.5,114.1,1303.1,41.1,0
4189,car,4.5,road_loopA_f0,road_loopA_f1,5899.5,6014.9,115.4,1303.4,40.7,0
4207,truck,8.5,road_loopA_f0,road_loopA_f1,5917.1,6016.2,99.1,1302.9,47.4,0
4197,car,4.5,road_loopA_f0,road_loopA_f1,5909.7,6016.6,106.9,1303.3,43.9,0
4310,car,4.5,xloopA_0Ba,xloopA_0Bb,6006.3,6018.0,11.7,84.7,26.2,0
4215,suv,4.8,road_loopA_f0,road_loopA_f1,5921.0,6018.2,97.2,1302.9,48.3,0
4205,car,4.5,road_loopA_f0,road_loopA_f1,5915.3,6018.3,103.0,1303.0,45.5,0
4288,car,4.5,xloopA_0Aa,xloopA_0Ab,5983.0,6018.9,35.9,84.3,8.4,0
4212,car,4.5,road_loopA_f0,road_loopA_f1,5918.7,6020.0,101.3,1303.7,46.3,0
4220,car,4.5,road_loopA_f0,road_loopA_f1,5928.0,6020.2,92.2,1303.1,50.9,0
4222,car,4.5,road_loopA_f0,road_loopA_f1,5928.7,6022.5,93.8,1304.2,50.1,0
4211,suv,4.8,road_loopA_f0,road_loopA_f1,5918.6,6023.5,104.9,1303.0,44.7,0
4229,car,4.5,road_loopA_f0,road_loopA_f1,5931.2,6025.0,93.8,1302.9,50.0,0
4221,car,4.5,road_loopA_f0,road_loopA_f1,5928.7,6027.1,98.4,1302.9,47.7,0
4224,suv,4.8,road_loopA_r0,xloopA_0Ab,5929.6,6029.8,100.2,869.3,31.2,2
4209,truck,8.5,road_loopA_f0,road_loopA_f1,5917.8,6031.6,113.8,1303.0,41.2,0
4237,car,4.5,road_loopA_f0,road_loopA_f1,5937.5,6032.9,95.4,1302.8,49.2,0
4233,truck,8.5,road_loopA_f0,road_loopA_f1,5936.0,6034.0,98.0,1303.8,47.9,0
4238,suv,4.8,road_loopA_f0,road_loopA_f1,5937.8,6035.5,97.7,1303.1,48.0,0
4217,truck,8.5,road_loopA_f0,road_loopA_f1,5922.7,6037.2,114.5,1303.3,41.0,0
4240,suv,4.8,road_loopA_f0,road_loopA_f1,5942.2,6037.3,95.1,1303.4,49.3,0
4218,car,4.5,road_loopA_r0,xloopA_0Ab,5924.6,6038.8,114.2,869.3,27.4,3
4243,car,4.5,road_loopA_f0,road_loopA_f1,5944.5,6039.1,94.6,1303.4,49.6,0
4225,suv,4.8,road_loopA_f0,road_loopA_f1,5930.0,6039.3,109.3,1303.3,42.9,0
4230,car,4.5,road_loopA_f0,road_loopA_f1,5931.4,6049.3,117.9,1303.5,39.8,0
4315,car,4.5,road_loopA_f0,xloopA_0Bb,6011.7,6051.7,40.0,478.8,43.1,0
4316,car,4.5,road_loopA_f0,xloopA_0Bb,6013.3,6054.9,41.6,478.6,41.4,0
4219,car,4.5,road_loopA_r0,road_loopA_r1,5927.8,6055.6,127.8,1297.8,36.6,1
4206,car,4.5,road_loopA_r0,road_loopA_r1,5915.9,6055.7,139.8,1297.7,33.4,1
4223,car,4.5,road_loopA_r0,road_loopA_r1,5929.5,6058.9,129.4,1298.4,36.1,1
4235,car,4.5,road_loopA_r0,road_loopA_r1,5936.9,6062.0,125.1,1298.6,37.4,1
4201,car,4.5,road_loopA_r0,road_loopA_r1,5912.8,6062.4,149.6,1297.3,31.2,1
4232,car,4.5,road_loopA_r0,road_loopA_r1,5935.7,6062.6,126.9,1297.6,36.8,1
4228,car,4.5,road_loopA_r0,road_loopA_r1,5930.2,6066.1,135.9,1297.5,34.4,1
4213,truck,8.5,road_loopA_r0,road_loopA_r1,5919.6,6066.3,146.7,1297.3,31.8,1
4244,car,4.5,road_loopA_r0,road_loopA_r1,5944.8,6067.4,122.6,1298.6,38.1,1
4231,car,4.5,road_loopA_r0,road_loopA_r1,5932.7,6068.4,135.7,1298.2,34.5,1
4234,car,4.5,road_loopA_r0,road_loopA_r1,5936.3,6068.8,132.5,1297.3,35.2,1
4253,car,4.5,road_loopA_r0,road_loopA_r1,5949.6,6069.3,119.7,1298.2,39.1,1
4239,car,4.5,road_loopA_r0,road_loopA_r1,5938.4,6070.6,132.2,1297.4,35.3,1
4248,car,4.5,road_loopA_r0,road_loopA_r1,5945.6,6072.1,126.5,1298.4,36.9,1
4241,truck,8.5,road_loopA_r0,road_loopA_r1,5943.6,6072.7,129.1,1297.2,36.2,1
4285,car,4.5,road_loopA_r0,xloopA_0Ab,5980.6,6072.9,92.3,869.1,33.9,1
4226,car,4.5,road_loopA_r0,road_loopA_r1,5930.0,6073.8,143.8,1297.3,32.5,1
4260,suv,4.8,road_loopA_r0,road_loopA_r1,5955.4,6073.9,118.5,1297.6,39.4,1
4247,car,4.5,road_loopA_r0,road_loopA_r1,5945.4,6074.7,129.3,1297.5,36.1,1
4254,car,4.5,road_loopA_r0,road_loopA_r1,5952.0,6075.5,123.5,1298.3,37.8,1
4251,car,4.5,road_loopA_r0,road_loopA_r1,5948.5,6076.5,128.0,1298.0,36.5,1
4267,car,4.5,road_loopA_r0,road_loopA_r1,5960.2,6076.9,116.7,1297.4,40.0,1
4261,car,4.5,road_loopA_r0,road_loopA_r1,5956.6,6077.1,120.5,1297.6,38.8,1
4256,car,4.5,road_loopA_r0,road_loopA_r1,5952.9,6078.5,125.6,1298.2,37.2,1
4265,car,4.5,road_loopA_r0,road_loopA_r1,5958.4,6079.8,121.4,1297.5,38.5,1
4271,suv,4.8,road_loopA_r0,road_loopA_r1,5961.9,6080.2,118.3,1298.6,39.5,1
4280,car,4.5,road_loopA_r0,road_loopA_r1,5972.0,6081.5,109.5,1297.6,42.7,0
4266,car,4.5,road_loopA_r0,road_loopA_r1,5958.9,6083.2,124.3,1297.8,37.6,0
4195,bus,11.0,road_loopA_f0,road_loopA_f1,5908.7,6084.6,175.9,1303.1,26.7,2
4342,truck,8.5,road_loopA_f0,xloopA_0Bb,6042.1,6085.1,43.0,478.8,40.1,0
4274,car,4.5,road_loopA_r0,road_loopA_r1,5966.2,6085.7,119.5,1297.9,39.1,0
4263,suv,4.8,road_loopA_r0,road_loopA_r1,5957.3,6086.3,129.0,1297.6,36.2,0
4283,suv,4.8,road_loopA_r0,road_loopA_r1,5979.6,6087.9,108.3,1297.4,43.1,0
4258,car,4.5,road_loopA_f0,road_loopA_f1,5953.5,6088.6,135.1,1303.3,34.7,1
4250,car,4.5,road_loopA_f0,road_loopA_f1,5946.9,6088.7,141.8,1302.8,33.1,1
4277,car,4.5,road_loopA_r0,road_loopA_r1,5968.6,6088.9,120.3,1297.7,38.8,0
4287,car,4.5,road_loopA_r0,road_loopA_r1,5980.9,6089.6,108.7,1297.6,43.0,0
4279,car,4.5,road_loopA_r0,road_loopA_r1,5971.3,6090.6,119.3,1297.5,39.1,0
4292,car,4.5,road_loopA_r0,road_loopA_r1,5987.0,6091.3,104.3,1297.6,44.8,0
4286,suv,4.8,road_loopA_r0,road_loopA_r1,5980.7,6092.4,111.7,1298.6,41.9,0
4268,suv,4.8,road_loopA_f0,road_loopA_f1,5960.4,6092.6,132.2,1302.8,35.5,1
4294,car,4.5,road_loopA_r0,road_loopA_r1,5990.1,6093.1,103.0,1298.1,45.4,0
4275,car,4.5,road_loopA_f0,road_loopA_f1,5966.5,6093.3,126.8,1303.2,37.0,1
4299,car,4.5,road_loopA_r0,road_loopA_r1,5992.8,6093.4,100.6,1297.7,46.5,0
4300,car,4.5,road_loopA_r0,road_loopA_r1,5994.1,6094.4,100.3,1297.8,46.6,0
4297,car,4.5,road_loopA_r0,road_loopA_r1,5991.7,6094.8,103.1,1297.5,45.3,0
4276,car,4.5,road_loopA_f0,road_loopA_f1,5966.5,6095.6,129.1,1304.0,36.4,1
4303,car,4.5,road_loopA_r0,road_loopA_r1,6000.3,6096.0,95.7,1298.2,48.8,0
4295,suv,4.8,road_loopA_r0,road_loopA_r1,5990.3,6096.6,106.3,1297.4,43.9,0
4284,suv,4.8,road_loopA_f0,road_loopA_f1,5980.1,6097.4,117.3,1303.8,40.0,1
4312,car,4.5,road_loopA_r0,road_loopA_r1,6008.5,6097.9,89.4,1297.7,52.2,0
4290,car,4.5,road_loopA_f0,road_loopA_f1,5985.7,6099.1,113.4,1303.4,41.4,1
4298,suv,4.8,road_loopA_f0,road_loopA_f1,5992.6,6100.8,108.2,1303.2,43.4,1
4306,car,4.5,road_loopA_r0,road_loopA_r1,6004.3,6100.8,96.5,1297.7,48.4,0
4301,truck,8.5,road_loopA_r0,road_loopA_r1,5997.3,6102.4,105.1,1297.9,44.5,0
4245,car,4.5,road_loopA_f0,road_loopA_f1,5945.3,6102.8,157.5,1303.7,29.8,1
4278,car,4.5,road_loopA_r0,road_loopA_r1,5970.1,6103.4,133.3,1298.1,35.0,1
4242,car,4.5,road_loopA_r0,road_loopA_r1,5943.8,6104.7,160.9,1298.4,29.1,1
4317,car,4.5,road_loopA_r0,road_loopA_r1,6013.7,6104.9,91.2,1297.3,51.2,0
4262,car,4.5,road_loopA_f0,road_loopA_f1,5957.2,6105.9,148.7,1303.3,31.5,1
4281,car,4.5,road_loopA_r0,road_loopA_r1,5973.0,6105.9,132.9,1297.5,35.2,0
4322,car,4.5,road_loopA_r0,road_loopA_r1,6017.1,6106.8,89.7,1297.4,52.0,0
4257,car,4.5,xloopA_0Ba,road_loopA_f1,5953.3,6108.3,155.0,902.8,21.0,1
4064,car,4.5,road_loopA_r0,xloopA_0Bb,5781.2,6110.1,328.9,895.3,9.8,3
4321,car,4.5,road_loopA_r0,road_loopA_r1,6016.5,6110.1,93.6,1297.7,49.9,0
4264,car,4.5,road_loopA_f0,road_loopA_f1,5958.0,6110.3,152.3,1303.3,30.8,1
4172,car,4.5,road_loopA_f0,xloopA_0Ab,5880.5,6110.7,230.2,505.4,7.9,3
4304,car,4.5,road_loopA_f0,road_loopA_f1,6002.5,6111.9,109.4,1304.0,42.9,0
4328,car,4.5,road_loopA_r0,road_loopA_r1,6022.0,6112.2,90.2,1298.6,51.8,0
4118,car,4.5,road_loopA_r0,xloopA_0Bb,5834.5,6112.7,278.2,895.4,11.6,2
4214,car,4.5,road_loopA_f0,xloopA_0Ab,5919.8,6113.3,193.5,505.3,9.4,2
4318,car,4.5,road_loopA_f0,road_loopA_f1,6013.7,6113.3,99.6,1304.0,47.1,0
4320,car,4.5,road_loopA_f0,road_loopA_f1,6016.0,6115.1,99.1,1304.1,47.4,0
4145,car,4.5,road_loopA_r0,xloopA_0Bb,5858.6,6115.4,256.8,895.6,12.6,2
4185,car,4.5,xloopA_0Aa,road_loopA_f1,5898.2,6115.9,217.7,872.5,14.4,1
4216,car,4.5,road_loopA_f0,xloopA_0Ab,5922.2,6115.9,193.7,505.1,9.4,2
4314,suv,4.8,road_loopA_r0,road_loopA_r1,6010.6,6116.6,106.0,1298.0,44.1,0
4313,car,4.5,road_loopA_f0,road_loopA_f1,6009.6,6116.8,107.2,1303.3,43.8,0
4182,car,4.5,road_loopA_r0,xloopA_0Bb,5893.6,6118.0,224.4,895.4,14.4,2
4255,car,4.5,road_loopA_f0,xloopA_0Ab,5952.5,6118.6,166.1,505.3,11.0,1
4319,suv,4.8,road_loopA_f0,road_loopA_f1,6016.0,6119.1,103.1,1303.2,45.5,0
4325,car,4.5,road_loopA_f0,road_loopA_f1,6018.8,6120.2,101.4,1303.0,46.3,0
4227,car,4.5,road_loopA_r0,xloopA_0Bb,5930.2,6120.7,190.5,895.5,16.9,1
4309,car,4.5,road_loopA_f0,xloopA_0Ab,6006.3,6121.2,114.9,505.0,15.8,1
4180,car,4.5,xloopA_0Ba,road_loopA_f1,5891.6,6121.3,229.7,902.8,14.1,1
4330,suv,4.8,road_loopA_f0,road_loopA_f1,6027.7,6121.4,93.7,1304.1,50.1,0
4329,car,4.5,road_loopA_f0,road_loopA_f1,6026.0,6123.1,97.1,1303.0,48.3,0
4305,bus,11.0,road_loopA_f0,road_loopA_f1,6002.5,6126.4,123.9,1303.2,37.9,1
4339,car,4.5,xloopA_0Ba,xloopA_0Bb,6039.5,6126.6,87.1,84.1,3.5,1
4407,car,4.5,xloopA_0Aa,xloopA_0Ab,6097.9,6127.8,29.9,84.5,10.2,1
4326,suv,4.8,road_loopA_f0,road_loopA_f1,6020.3,6127.9,107.6,1303.4,43.6,0
4420,car,4.5,xloopA_0Aa,xloopA_0Ab,6102.7,6129.9,27.2,84.4,11.2,0
4327,car,4.5,road_loopA_f0,road_loopA_f1,6020.8,6130.0,109.2,1303.2,43.0,0
4390,car,4.5,xloopA_0Ba,xloopA_0Bb,6089.0,6130.1,41.1,84.6,7.4,1
4338,suv,4.8,road_loopA_f0,road_loopA_f1,6039.2,6132.0,92.8,1303.5,50.5,0
4343,suv,4.8,road_loopA_f0,road_loopA_f1,6044.2,6133.9,89.7,1303.1,52.3,0
4324,suv,4.8,road_loopA_f0,road_loopA_f1,6017.8,6136.9,119.1,1303.8,39.4,0
4202,car,4.5,xloopA_0Aa,road_loopA_f1,5913.0,6138.8,225.8,872.5,13.9,1
4270,car,4.5,xloopA_0Aa,road_loopA_f1,5961.4,6139.8,178.4,872.2,17.6,0
4307,car,4.5,road_loopA_f0,road_loopA_f1,6005.3,6139.9,134.6,1302.9,34.8,0
4272,car,4.5,road_loopA_f0,road_loopA_f1,5964.0,6140.5,176.5,1303.5,26.6,1
4308,car,4.5,road_loopA_f0,road_loopA_f1,6005.8,6141.3,135.5,1303.1,34.6,0
4246,car,4.5,road_loopA_f0,road_loopA_f1,5945.3,6141.5,196.2,1303.1,23.9,1
4289,car,4.5,road_loopA_f0,road_loopA_f1,5984.9,6142.1,157.2,1302.9,29.8,1
4252,suv,4.8,road_loopA_f0,road_loopA_f1,5949.3,6143.2,193.9,1303.7,24.2,1
4349,suv,4.8,road_loopA_f0,road_loopA_f1,6050.8,6143.2,92.4,1302.9,50.8,0
4293,car,4.5,road_loopA_f0,road_loopA_f1,5987.7,6143.8,156.1,1303.2,30.0,1
4259,car,4.5,road_loopA_f0,road_loopA_f1,5954.1,6144.9,190.8,1304.0,24.6,1
4269,car,4.5,road_loopA_f0,road_loopA_f1,5960.6,6146.5,185.9,1303.1,25.2,1
4273,car,4.5,road_loopA_f0,road_loopA_f1,5965.1,6146.6,181.5,1303.6,25.9,1
4282,car,4.5,road_loopA_f0,road_loopA_f1,5978.7,6148.4,169.7,1302.9,27.6,1
4302,suv,4.8,road_loopA_f0,road_loopA_f1,5999.7,6148.8,149.1,1304.2,31.5,0
4311,car,4.5,road_loopA_f0,road_loopA_f1,6006.6,6150.6,144.0,1303.6,32.6,0
4345,car,4.5,road_loopA_f0,road_loopA_f1,6047.1,6150.9,103.8,1303.0,45.2,0
4353,car,4.5,road_loopA_f0,road_loopA_f1,6059.1,6153.7,94.6,1303.0,49.6,0
4341,suv,4.8,road_loopA_r0,xloopA_0Ab,6040.6,6154.1,113.5,869.4,27.6,2
4399,suv,4.8,road_loopA_f0,xloopA_0Bb,6093.3,6154.3,61.0,479.0,28.3,2
4249,bus,11.0,road_loopA_f0,road_loopA_f1,5946.6,6155.9,209.3,1302.8,22.4,3
4347,car,4.5,road_loopA_r0,xloopA_0Ab,6049.5,6157.8,108.3,869.0,28.9,1
4334,car,4.5,road_loopA_r0,xloopA_0Ab,6036.0,6161.4,125.4,869.2,25.0,2
4344,car,4.5,road_loopA_f0,road_loopA_f1,6045.1,6164.3,119.2,1303.0,39.3,0
4402,car,4.5,road_loopA_r0,xloopA_0Ab,6094.5,6171.1,76.6,869.0,40.8,0
4333,car,4.5,road_loopA_r0,road_loopA_r1,6035.3,6173.7,138.4,1297.6,33.7,1
4352,car,4.5,xloopA_0Aa,road_loopA_r1,6057.4,6175.3,117.9,506.8,15.5,1
4413,car,4.5,road_loopA_r0,xloopA_0Ab,6100.3,6175.6,75.3,868.8,41.5,0
4335,truck,8.5,road_loopA_r0,road_loopA_r1,6037.2,6175.9,138.7,1297.8,33.7,1
4337,car,4.5,road_loopA_r0,road_loopA_r1,6038.5,6176.8,138.3,1298.0,33.8,1
4346,car,4.5,road_loopA_r0,road_loopA_r1,6048.6,6179.2,130.6,1298.4,35.8,1
4336,truck,8.5,road_loopA_r0,road_loopA_r1,6038.1,6180.1,142.0,1297.4,32.9,1
4348,car,4.5,road_loopA_r0,road_loopA_r1,6050.7,6180.9,130.2,1298.5,35.9,1
4340,truck,8.5,road_loopA_r0,road_loopA_r1,6040.4,6181.7,141.3,1298.1,33.1,1
4354,car,4.5,road_loopA_r0,road_loopA_r1,6059.5,6182.1,122.6,1297.8,38.1,1
4350,car,4.5,road_loopA_r0,road_loopA_r1,6051.5,6182.6,131.1,1297.8,35.6,1
4351,bus,11.0,road_loopA_r0,road_loopA_r1,6053.0,6184.8,131.8,1297.9,35.4,1
4364,suv,4.8,road_loopA_r0,road_loopA_r1,6064.0,6185.7,121.7,1297.7,38.4,1
4355,suv,4.8,road_loopA_r0,road_loopA_r1,6060.4,6187.0,126.6,1298.5,36.9,1
4357,car,4.5,road_loopA_r0,road_loopA_r1,6061.6,6188.2,126.6,1298.5,36.9,1
4426,car,4.5,road_loopA_r0,xloopA_0Ab,6111.6,6188.5,76.9,869.1,40.7,0
4358,car,4.5,road_loopA_r0,road_loopA_r1,6061.6,6189.6,128.0,1297.9,36.5,1
4362,suv,4.8,road_loopA_r0,road_loopA_r1,6063.2,6191.1,127.9,1297.5,36.5,1
4369,car,4.5,road_loopA_r0,road_loopA_r1,6070.4,6191.4,121.0,1297.7,38.6,1
4356,car,4.5,road_loopA_r0,road_loopA_r1,6060.9,6191.7,130.8,1298.0,35.7,1
4398,car,4.5,road_loopA_r0,xloopA_0Ab,6092.4,6192.2,99.8,869.3,31.4,2
4384,suv,4.8,road_loopA_r0,road_loopA_r1,6085.0,6193.3,108.3,1298.1,43.1,0
4361,car,4.5,road_loopA_r0,road_loopA_r1,6062.8,6193.5,130.7,1298.2,35.8,1
4393,car,4.5,road_loopA_r0,road_loopA_r1,6090.1,6194.5,104.4,1298.2,44.8,0
4394,car,4.5,road_loopA_r0,road_loopA_r1,6090.7,6197.6,106.9,1298.3,43.7,0
4359,car,4.5,road_loopA_r0,road_loopA_r1,6062.1,6198.4,136.3,1297.5,34.3,1
4366,suv,4.8,road_loopA_f0,road_loopA_f1,6066.6,6199.1,132.5,1303.4,35.4,1
4374,car,4.5,road_loopA_r0,road_loopA_r1,6076.7,6199.6,122.9,1298.3,38.0,0
4370,car,4.5,road_loopA_f0,road_loopA_f1,6071.0,6200.1,129.1,1303.2,36.4,1
4371,car,4.5,road_loopA_r0,road_loopA_r1,6072.9,6200.2,127.3,1298.3,36.7,1
4400,car,4.5,road_loopA_r0,road_loopA_r1,6093.3,6200.3,107.0,1297.6,43.6,0
4387,suv,4.8,road_loopA_r0,road_loopA_r1,6086.7,6201.2,114.5,1297.3,40.8,0
4406,suv,4.8,road_loopA_r0,road_loopA_r1,6097.7,6201.5,103.8,1297.2,45.0,0
4379,car,4.5,road_loopA_r0,road_loopA_r1,6083.6,6201.9,118.3,1298.2,39.5,0
4412,car,4.5,road_loopA_r0,road_loopA_r1,6100.1,6203.5,103.4,1298.6,45.2,0
4385,car,4.5,road_loopA_r0,road_loopA_r1,6085.7,6203.7,118.0,1298.5,39.6,0
4363,car,4.5,road_loopA_f0,road_loopA_f1,6063.9,6204.7,140.8,1303.4,33.3,1
4417,car,4.5,road_loopA_r0,road_loopA_r1,6101.4,6205.0,103.6,1298.5,45.1,0
4392,car,4.5,road_loopA_r0,road_loopA_r1,6089.8,6205.4,115.6,1297.7,40.4,0
4421,car,4.5,road_loopA_r0,road_loopA_r1,6103.6,6206.7,103.1,1298.6,45.3,0
4395,suv,4.8,road_loopA_r0,road_loopA_r1,6090.6,6207.4,116.8,1298.4,40.0,0
4422,suv,4.8,road_loopA_r0,road_loopA_r1,6107.0,6208.5,101.5,1298.1,46.0,0
4365,car,4.5,road_loopA_f0,road_loopA_f1,6066.0,6208.7,142.7,1303.8,32.9,1
4405,truck,8.5,road_loopA_r0,road_loopA_r1,6096.0,6209.6,113.6,1297.7,41.1,0
4425,car,4.5,road_loopA_r0,road_loopA_r1,6110.7,6210.3,99.6,1297.6,46.9,0
4376,car,4.5,road_loopA_f0,road_loopA_f1,6079.3,6211.3,132.0,1303.4,35.6,1
4408,car,4.5,road_loopA_r0,road_loopA_r1,6098.7,6211.6,112.9,1298.4,41.4,0
4431,car,4.5,road_loopA_r0,road_loopA_r1,6114.3,6212.1,97.8,1297.5,47.8,0
4388,car,4.5,road_loopA_f0,road_loopA_f1,6087.9,6212.2,124.3,1303.5,37.8,1
4491,suv,4.8,road_loopA_f0,xloopA_0Bb,6173.1,6213.2,40.1,478.9,43.0,0
4419,car,4.5,road_loopA_r0,road_loopA_r1,6102.1,6213.5,111.4,1297.8,41.9,0
4377,truck,8.5,road_loopA_f0,road_loopA_f1,6081.3,6213.6,132.3,1303.7,35.5,1
4432,car,4.5,road_loopA_r0,road_loopA_r1,6115.3,6213.8,98.5,1297.3,47.4,0
4397,car,4.5,road_loopA_f0,road_loopA_f1,6092.2,6213.9,121.7,1303.1,38.6,1
4424,suv,4.8,road_loopA_r0,road_loopA_r1,6109.0,6214.8,105.8,1297.6,44.2,0
4410,car,4.5,road_loopA_f0,road_loopA_f1,6099.7,6215.6,115.9,1302.8,40.5,1
4372,car,4.5,road_loopA_f0,road_loopA_f1,6075.3,6215.7,140.4,1304.2,33.4,1
4427,car,4.5,road_loopA_r0,road_loopA_r1,6111.7,6216.0,104.3,1298.4,44.8,0
4434,suv,4.8,road_loopA_r0,road_loopA_r1,6115.8,6216.6,100.8,1298.3,46.4,0
4418,car,4.5,road_loopA_f0,road_loopA_f1,6101.7,6217.4,115.7,1304.2,40.6,1
4430,car,4.5,road_loopA_r0,road_loopA_r1,6114.2,6217.9,103.7,1298.4,45.1,0
4367,car,4.5,road_loopA_f0,road_loopA_f1,6068.8,6218.8,150.0,1303.4,31.3,1
4442,car,4.5,road_loopA_r0,road_loopA_r1,6122.3,6219.0,96.7,1297.5,48.3,0
4415,car,4.5,road_loopA_f0,road_loopA_f1,6101.0,6219.1,118.1,1303.8,39.7,0
4450,car,4.5,road_loopA_r0,road_loopA_r1,6130.2,6220.0,89.8,1297.5,52.0,0
4435,suv,4.8,road_loopA_f0,road_loopA_f1,6117.0,6221.1,104.1,1304.0,45.1,0
4378,car,4.5,road_loopA_f0,road_loopA_f1,6081.5,6221.4,139.9,1303.6,33.5,1
4331,car,4.5,xloopA_0Ba,road_loopA_f1,6030.5,6221.6,191.1,903.1,17.0,1
4428,truck,8.5,road_loopA_r0,road_loopA_r1,6112.6,6222.6,110.0,1297.3,42.5,0
4436,car,4.5,road_loopA_r0,road_loopA_r1,6119.2,6222.7,103.5,1298.2,45.2,0
4382,car,4.5,road_loopA_f0,road_loopA_f1,6084.1,6223.3,139.2,1302.9,33.7,1
4380,car,4.5,road_loopA_f0,road_loopA_f1,6083.7,6223.4,139.7,1303.7,33.6,1
4438,car,4.5,road_loopA_f0,road_loopA_f1,6120.0,6223.7,103.7,1302.8,45.2,0
4386,car,4.5,road_loopA_f0,road_loopA_f1,6086.1,6225.0,138.9,1303.3,33.8,1
4404,car,4.5,road_loopA_f0,road_loopA_f1,6095.3,6225.1,129.8,1302.8,36.1,1
4439,suv,4.8,road_loopA_f0,road_loopA_f1,6120.5,6225.6,105.1,1303.9,44.7,0
4383,car,4.5,road_loopA_f0,xloopA_0Ab,6084.8,6226.2,141.4,505.2,12.9,1
4452,car,4.5,road_loopA_r0,road_loopA_r1,6131.5,6226.2,94.7,1298.5,49.4,0
4389,suv,4.8,road_loopA_f0,road_loopA_f1,6089.0,6226.7,137.7,1303.6,34.1,1
4444,car,4.5,road_loopA_r0,road_loopA_r1,6126.0,6226.8,100.8,1298.3,46.4,0
4414,car,4.5,road_loopA_f0,road_loopA_f1,6100.9,6226.9,126.0,1303.5,37.2,1
4291,truck,8.5,road_loopA_r0,xloopA_0Bb,5986.6,6227.1,240.5,895.9,13.4,3
4459,suv,4.8,road_loopA_r0,road_loopA_r1,6138.4,6228.1,89.7,1297.7,52.1,0
4411,car,4.5,road_loopA_f0,road_loopA_f1,6099.9,6228.3,128.4,1303.9,36.6,1
4396,car,4.5,road_loopA_f0,road_loopA_f1,6090.8,6228.4,137.6,1303.0,34.1,1
4429,car,4.5,road_loopA_f0,road_loopA_f1,6114.0,6228.7,114.7,1302.9,40.9,0
4423,car,4.5,road_loopA_f0,xloopA_0Ab,6107.3,6228.8,121.5,505.2,15.0,2
4448,car,4.5,road_loopA_f0,road_loopA_f1,6128.8,6229.3,100.5,1303.4,46.7,0
4296,car,4.5,road_loopA_r0,xloopA_0Bb,5990.6,6230.0,239.4,895.5,13.5,3
4403,suv,4.8,road_loopA_f0,road_loopA_f1,6095.1,6230.2,135.1,1303.7,34.7,1
4409,car,4.5,road_loopA_f0,road_loopA_f1,6099.0,6230.8,131.8,1303.2,35.6,1
4461,car,4.5,road_loopA_r0,road_loopA_r1,6141.5,6231.8,90.3,1297.6,51.7,0
4458,car,4.5,road_loopA_r0,road_loopA_r1,6137.9,6232.2,94.3,1298.5,49.5,0
4323,car,4.5,road_loopA_r0,xloopA_0Bb,6017.2,6232.7,215.5,895.8,15.0,2
4441,car,4.5,road_loopA_f0,road_loopA_f1,6122.2,6233.4,111.2,1303.9,42.2,0
4440,truck,8.5,road_loopA_f0,road_loopA_f1,6121.8,6235.3,113.5,1303.5,41.3,0
4463,suv,4.8,road_loopA_r0,road_loopA_r1,6147.1,6236.0,88.9,1297.3,52.5,0
4332,truck,8.5,road_loopA_r0,xloopA_0Bb,6033.4,6236.1,202.7,895.3,15.9,1
4401,car,4.5,road_loopA_f0,road_loopA_f1,6093.6,6236.2,142.6,1303.4,32.9,1
4437,car,4.5,road_loopA_f0,road_loopA_f1,6119.6,6238.2,118.6,1303.1,39.5,0
4433,truck,8.5,road_loopA_f0,road_loopA_f1,6115.4,6238.3,122.9,1302.8,38.2,0
4451,car,4.5,road_loopA_f0,road_loopA_f1,6130.9,6240.1,109.2,1303.9,43.0,0
4456,car,4.5,road_loopA_f0,road_loopA_f1,6136.8,6240.1,103.3,1303.7,45.4,0
4447,suv,4.8,road_loopA_f0,road_loopA_f1,6128.3,6240.3,112.0,1302.9,41.9,0
4460,car,4.5,xloopA_0Ba,xloopA_0Bb,6139.0,6241.3,102.3,84.3,3.0,1
4375,bus,11.0,road_loopA_r0,road_loopA_r1,6077.5,6241.4,163.9,1298.4,28.5,2
4468,car,4.5,road_loopA_f0,road_loopA_f1,6150.8,6241.7,90.9,1302.8,51.6,0
4449,car,4.5,road_loopA_f0,road_loopA_f1,6129.3,6242.1,112.8,1303.0,41.6,0
4454,truck,8.5,road_loopA_f0,road_loopA_f1,6132.9,6242.3,109.4,1303.5,42.9,0
4472,car,4.5,xloopA_0Aa,xloopA_0Ab,6152.7,6243.0,90.3,84.0,3.3,1
4475,car,4.5,xloopA_0Ba,xloopA_0Bb,6156.7,6243.5,86.8,84.4,3.5,1
4470,car,4.5,road_loopA_f0,road_loopA_f1,6151.5,6243.7,92.2,1304.1,50.9,0
4453,car,4.5,road_loopA_f0,road_loopA_f1,6131.9,6243.9,112.0,1303.1,41.9,0
4462,car,4.5,road_loopA_f0,road_loopA_f1,6145.1,6244.3,99.2,1302.9,47.3,0
4469,suv,4.8,road_loopA_r0,road_loopA_r1,6151.4,6244.9,93.5,1297.8,50.0,0
4471,car,4.5,road_loopA_f0,road_loopA_f1,6151.5,6245.5,94.0,1303.6,49.9,0
4482,car,4.5,xloopA_0Ba,xloopA_0Bb,6163.8,6245.6,81.8,84.5,3.7,1
4455,car,4.5,road_loopA_f0,road_loopA_f1,6134.9,6245.7,110.8,1303.8,42.3,0
4492,car,4.5,xloopA_0Aa,xloopA_0Ab,6173.6,6246.1,72.5,84.3,4.2,1
4416,car,4.5,road_loopA_f0,road_loopA_f1,6101.4,6247.1,145.7,1303.2,32.2,1
4457,car,4.5,road_loopA_f0,road_loopA_f1,6137.7,6247.4,109.7,1303.2,42.8,0
4483,car,4.5,xloopA_0Ba,xloopA_0Bb,6164.0,6248.0,84.0,84.1,3.6,0
4497,car,4.5,xloopA_0Aa,xloopA_0Ab,6179.6,6248.2,68.6,84.2,4.4,0
4522,car,4.5,xloopA_0Aa,xloopA_0Ab,6199.7,6250.5,50.8,84.5,6.0,0
4515,car,4.5,xloopA_0Ba,xloopA_0Bb,6195.2,6250.7,55.5,84.2,5.5,0
4477,car,4.5,road_loopA_f0,road_loopA_f1,6158.3,6251.7,93.4,1303.8,50.3,0
4467,car,4.5,road_loopA_f0,road_loopA_f1,6150.7,6252.4,101.7,1303.1,46.1,0
4476,truck,8.5,road_loopA_f0,road_loopA_f1,6157.2,6254.6,97.4,1303.9,48.2,0
4532,car,4.5,xloopA_0Ba,xloopA_0Bb,6203.5,6254.6,51.1,84.2,5.9,0
4478,suv,4.8,road_loopA_f0,road_loopA_f1,6159.0,6256.5,97.5,1303.3,48.1,0
4539,car,4.5,xloopA_0Ba,xloopA_0Bb,6210.4,6257.0,46.6,84.6,6.5,0
4391,truck,8.5,road_loopA_f0,road_loopA_f1,6089.0,6257.7,168.7,1303.1,27.8,1
4473,suv,4.8,road_loopA_f0,road_loopA_f1,6154.5,6259.6,105.1,1303.6,44.7,0
4487,truck,8.5,road_loopA_f0,road_loopA_f1,6169.4,6262.4,93.0,1302.8,50.4,0
4493,suv,4.8,road_loopA_f0,road_loopA_f1,6176.1,6265.8,89.7,1303.8,52.3,0
4485,car,4.5,road_loopA_f0,road_loopA_f1,6164.8,6267.2,102.4,1303.4,45.8,0
4488,car,4.5,road_loopA_f0,road_loopA_f1,6171.3,6267.5,96.2,1302.8,48.8,0
4495,suv,4.8,road_loopA_f0,road_loopA_f1,6177.0,6268.5,91.5,1303.4,51.3,0
4496,car,4.5,road_loopA_f0,road_loopA_f1,6178.8,6270.3,91.5,1303.0,51.3,0
4494,truck,8.5,road_loopA_f0,road_loopA_f1,6176.2,6274.2,98.0,1303.7,47.9,0
4479,car,4.5,road_loopA_f0,road_loopA_f1,6159.6,6275.2,115.6,1303.7,40.6,0
4480,suv,4.8,road_loopA_f0,road_loopA_f1,6162.4,6277.0,114.6,1303.8,41.0,0
4486,car,4.5,road_loopA_f0,road_loopA_f1,6168.7,6277.0,108.3,1303.5,43.3,0
4525,truck,8.5,road_loopA_f0,xloopA_0Bb,6200.5,6281.2,80.7,478.9,21.4,2
4466,bus,11.0,road_loopA_f0,road_loopA_f1,6150.7,6285.9,135.2,1303.7,34.7,1
4443,bus,11.0,road_loopA_f0,road_loopA_f1,6125.4,6287.1,161.7,1303.1,29.0,2
4518,car,4.5,road_loopA_r0,xloopA_0Ab,6196.7,6293.2,96.5,869.2,32.4,1
4481,car,4.5,road_loopA_r0,road_loopA_r1,6162.9,6298.1,135.2,1297.4,34.5,1
4474,car,4.5,road_loopA_r0,road_loopA_r1,6155.5,6302.3,146.8,1298.4,31.8,1
4592,car,4.5,road_loopA_f0,xloopA_0Bb,6257.4,6302.6,45.2,478.9,38.2,0
4489,car,4.5,road_loopA_r0,road_loopA_r1,6172.2,6305.7,133.5,1298.5,35.0,1
4484,truck,8.5,road_loopA_r0,road_loopA_r1,6164.3,6308.1,143.8,1297.6,32.5,1
4516,car,4.5,road_loopA_r0,road_loopA_r1,6196.0,6312.2,116.2,1297.3,40.2,0
4502,suv,4.8,road_loopA_r0,road_loopA_r1,6187.4,6312.6,125.2,1298.1,37.3,0
4540,car,4.5,road_loopA_r0,road_loopA_r1,6210.8,6313.2,102.4,1297.9,45.6,0
4543,car,4.5,road_loopA_r0,road_loopA_r1,6213.0,6314.2,101.2,1298.2,46.2,0
4542,suv,4.8,road_loopA_r0,road_loopA_r1,6212.7,6316.2,103.5,1297.3,45.1,0
4546,suv,4.8,road_loopA_r0,road_loopA_r1,6218.0,6316.8,98.8,1297.5,47.3,0
4464,car,4.5,road_loopA_r0,road_loopA_r1,6148.0,6317.3,169.3,1298.1,27.6,1
4501,car,4.5,road_loopA_r0,road_loopA_r1,6187.1,6319.0,131.9,1298.5,35.4,1
4547,suv,4.8,road_loopA_r0,road_loopA_r1,6218.3,6319.1,100.8,1298.5,46.4,0
4553,car,4.5,road_loopA_r0,road_loopA_r1,6225.8,6319.2,93.4,1298.2,50.0,0
4506,car,4.5,road_loopA_r0,road_loopA_r1,6190.4,6320.7,130.3,1298.5,35.9,1
4534,car,4.5,road_loopA_r0,road_loopA_r1,6204.9,6320.9,116.0,1297.8,40.3,5
4557,suv,4.8,road_loopA_r0,road_loopA_r1,6226.9,6322.3,95.4,1298.0,49.0,0
4510,car,4.5,road_loopA_r0,road_loopA_r1,6192.6,6322.4,129.8,1298.4,36.0,1
4558,truck,8.5,road_loopA_r0,road_loopA_r1,6227.7,6322.8,95.1,1297.8,49.1,0
128,tram,34.0,loopB,loopB,2235.9,6323.3,4087.4,33672.5,29.7,40
4517,car,4.5,road_loopA_r0,road_loopA_r1,6196.1,6324.1,128.0,1298.1,36.5,1
4581,car,4.5,road_loopA_r0,xloopA_0Ab,6250.8,6324.4,73.6,869.0,42.5,0
4562,car,4.5,road_loopA_r0,road_loopA_r1,6231.4,6324.8,93.4,1298.4,50.1,0
4509,car,4.5,road_loopA_r0,road_loopA_r1,6191.9,6326.0,134.1,1297.3,34.8,1
4531,car,4.5,road_loopA_r0,road_loopA_r1,6203.0,6327.5,124.5,1297.5,37.5,1
4536,car,4.5,road_loopA_r0,road_loopA_r1,6206.2,6327.5,121.3,1298.0,38.5,0
4556,car,4.5,road_loopA_r0,road_loopA_r1,6226.8,6328.5,101.7,1298.4,46.0,0
4528,suv,4.8,road_loopA_r0,road_loopA_r1,6202.5,6330.8,128.3,1298.3,36.4,0
4571,car,4.5,road_loopA_r0,road_loopA_r1,6241.6,6331.8,90.2,1297.5,51.8,0
4498,suv,4.8,road_loopA_f0,road_loopA_f1,6180.6,6332.3,151.7,1303.3,30.9,1
4541,truck,8.5,road_loopA_r0,road_loopA_r1,6212.5,6332.6,120.1,1297.8,38.9,0
4563,car,4.5,road_loopA_r0,road_loopA_r1,6231.8,6333.7,101.9,1298.5,45.9,0
4560,truck,8.5,road_loopA_r0,road_loopA_r1,6228.2,6334.7,106.5,1297.6,43.9,0
4573,car,4.5,road_loopA_r0,road_loopA_r1,6242.7,6335.1,92.4,1298.0,50.6,0
4630,car,4.5,road_loopA_f0,xloopA_0Bb,6294.8,6335.2,40.4,478.8,42.6,0
4519,car,4.5,road_loopA_f0,road_loopA_f1,6198.1,6336.1,138.0,1303.1,34.0,1
4505,car,4.5,road_loopA_f0,road_loopA_f1,6189.4,6338.4,149.0,1303.3,31.5,1
4527,car,4.5,road_loopA_f0,road_loopA_f1,6202.5,6338.9,136.4,1304.0,34.4,1
4548,suv,4.8,road_loopA_r0,road_loopA_r1,6220.8,6339.6,118.8,1297.3,39.3,0
4575,car,4.5,road_loopA_r0,xloopA_0Ab,6247.8,6339.7,91.9,869.1,34.1,1
4530,suv,4.8,road_loopA_f0,road_loopA_f1,6202.9,6342.7,139.8,1304.0,33.6,1
4535,car,4.5,road_loopA_f0,road_loopA_f1,6206.2,6344.4,138.2,1302.8,33.9,1
4445,car,4.5,xloopA_0Aa,road_loopA_f1,6126.3,6345.0,218.7,872.5,14.4,1
4538,car,4.5,road_loopA_f0,road_loopA_f1,6208.4,6345.1,136.7,1302.9,34.3,1
4584,car,4.5,road_loopA_r0,road_loopA_r1,6252.4,6346.3,93.9,1298.4,49.8,0
4545,car,4.5,road_loopA_f0,road_loopA_f1,6217.5,6346.9,129.4,1304.1,36.3,1
4574,car,4.5,road_loopA_r0,road_loopA_r1,6247.2,6348.3,101.1,1298.2,46.2,0
4552,car,4.5,road_loopA_f0,road_loopA_f1,6224.7,6348.6,123.9,1303.5,37.9,1
4578,car,4.5,road_loopA_r0,road_loopA_r1,6249.5,6348.8,99.3,1297.4,47.0,0
4559,suv,4.8,road_loopA_f0,road_loopA_f1,6228.1,6350.3,122.2,1303.0,38.4,1
4577,suv,4.8,road_loopA_r0,road_loopA_r1,6248.6,6350.5,101.9,1297.8,45.8,0
4583,car,4.5,road_loopA_r0,road_loopA_r1,6251.5,6352.0,100.5,1298.2,46.5,0
4360,car,4.5,road_loopA_r0,xloopA_0Bb,6062.5,6352.2,289.7,895.4,11.1,2
4564,car,4.5,road_loopA_f0,road_loopA_f1,6232.7,6352.3,119.6,1302.9,39.2,1
4550,car,4.5,road_loopA_f0,xloopA_0Ab,6222.8,6352.8,130.0,505.1,14.0,1
4566,car,4.5,road_loopA_f0,road_loopA_f1,6235.6,6354.0,118.4,1303.0,39.6,1
4368,suv,4.8,road_loopA_r0,xloopA_0Bb,6069.2,6354.9,285.7,895.9,11.3,2
4607,suv,4.8,road_loopA_f0,xloopA_0Ab,6269.3,6355.5,86.2,505.6,21.1,1
4570,suv,4.8,road_loopA_f0,road_loopA_f1,6241.6,6355.8,114.2,1304.1,41.1,0
4594,truck,8.5,road_loopA_r0,road_loopA_r1,6260.6,6356.8,96.2,1297.9,48.6,0
4381,suv,4.8,road_loopA_r0,xloopA_0Bb,6083.9,6357.6,273.7,895.8,11.8,2
4576,car,4.5,road_loopA_f0,road_loopA_f1,6248.5,6357.6,109.1,1303.4,43.0,0
4632,suv,4.8,road_loopA_f0,xloopA_0Ab,6295.8,6358.2,62.4,505.6,29.1,1
4586,car,4.5,road_loopA_f0,road_loopA_f1,6254.1,6359.6,105.5,1303.9,44.5,0
4500,truck,8.5,road_loopA_f0,road_loopA_f1,6186.9,6359.7,172.8,1302.8,27.1,1
4446,car,4.5,road_loopA_r0,xloopA_0Bb,6126.6,6360.3,233.7,895.7,13.8,2
4597,car,4.5,road_loopA_r0,road_loopA_r1,6266.2,6360.4,94.2,1298.0,49.6,0
4523,car,4.5,road_loopA_f0,road_loopA_f1,6200.4,6361.9,161.5,1303.3,29.1,1
4588,suv,4.8,road_loopA_f0,road_loopA_f1,6256.4,6362.5,106.1,1303.5,44.2,0
4465,car,4.5,road_loopA_r0,xloopA_0Bb,6150.2,6362.9,212.7,895.4,15.2,1
4652,truck,8.5,road_loopA_f0,xloopA_0Ab,6313.5,6362.9,49.4,505.2,36.8,0
4512,car,4.5,road_loopA_f0,road_loopA_f1,6193.0,6363.6,170.6,1303.9,27.5,1
4554,car,4.5,xloopA_0Ba,road_loopA_f1,6226.0,6363.6,137.6,902.6,23.6,0
4601,car,4.5,road_loopA_r0,road_loopA_r1,6268.1,6363.6,95.5,1298.2,49.0,0
4591,car,4.5,road_loopA_f0,road_loopA_f1,6257.3,6364.3,107.0,1303.6,43.9,0
4508,car,4.5,road_loopA_f0,road_loopA_f1,6191.9,6365.3,173.4,1303.0,27.1,1
4613,car,4.5,road_loopA_r0,road_loopA_r1,6276.5,6365.6,89.1,1297.4,52.4,0
4596,car,4.5,road_loopA_f0,road_loopA_f1,6265.7,6366.2,100.5,1303.2,46.7,0
4598,truck,8.5,road_loopA_r0,road_loopA_r1,6266.8,6366.4,99.6,1297.3,46.9,0
4513,suv,4.8,road_loopA_f0,road_loopA_f1,6193.0,6366.5,173.5,1303.0,27.0,1
4605,car,4.5,road_loopA_r0,road_loopA_r1,6268.9,6367.5,98.6,1297.6,47.4,0
4544,car,4.5,road_loopA_f0,road_loopA_f1,6213.8,6368.7,154.9,1304.1,30.3,1
4666,car,4.5,xloopA_0Aa,xloopA_0Ab,6324.0,6369.1,45.1,84.1,6.7,1
4520,suv,4.8,road_loopA_f0,road_loopA_f1,6198.2,6369.2,171.0,1303.3,27.4,1
4511,truck,8.5,road_loopA_f0,road_loopA_f1,6192.8,6369.5,176.7,1303.7,26.6,1
4567,car,4.5,xloopA_0Ba,xloopA_0Bb,6238.5,6370.2,131.7,84.5,2.3,1
4606,suv,4.8,road_loopA_r0,road_loopA_r1,6269.0,6371.2,102.2,1298.4,45.8,0
4537,car,4.5,road_loopA_f0,road_loopA_f1,6206.6,6371.7,165.1,1303.7,28.4,1
4555,car,4.5,road_loopA_f0,road_loopA_f1,6226.7,6371.7,145.0,1303.5,32.4,1
4595,car,4.5,road_loopA_r0,road_loopA_r1,6264.6,6372.1,107.5,1298.1,43.5,0
4579,car,4.5,xloopA_0Ba,xloopA_0Bb,6250.0,6372.2,122.2,84.5,2.5,1
4582,car,4.5,road_loopA_f0,road_loopA_f1,6251.1,6372.5,121.4,1303.9,38.7,0
4585,car,4.5,road_loopA_f0,road_loopA_f1,6253.1,6373.0,119.9,1302.9,39.1,0
4705,car,4.5,xloopA_0Aa,xloopA_0Ab,6357.2,6374.1,16.9,84.8,18.0,0
4589,car,4.5,xloopA_0Ba,xloopA_0Bb,6256.5,6374.2,117.7,84.0,2.6,1
4549,car,4.5,road_loopA_f0,road_loopA_f1,6221.0,6374.3,153.3,1303.7,30.6,1
4609,car,4.5,road_loopA_f0,road_loopA_f1,6270.6,6374.8,104.2,1303.0,45.0,0
4616,suv,4.8,road_loopA_f0,road_loopA_f1,6279.8,6376.6,96.8,1303.3,48.5,0
4602,car,4.5,xloopA_0Ba,xloopA_0Bb,6268.3,6376.6,108.3,84.1,2.8,0
4561,car,4.5,road_loopA_f0,road_loopA_f1,6229.6,6378.0,148.4,1303.8,31.6,1
4663,car,4.5,xloopA_0Ba,xloopA_0Bb,6321.9,6378.6,56.7,84.1,5.3,0
4599,car,4.5,road_loopA_f0,road_loopA_f1,6267.5,6378.7,111.2,1303.5,42.2,0
4600,car,4.5,road_loopA_f0,road_loopA_f1,6267.8,6379.8,112.0,1303.8,41.9,0
4618,car,4.5,road_loopA_f0,road_loopA_f1,6281.5,6380.5,99.0,1302.8,47.4,0
4715,car,4.5,xloopA_0Ba,xloopA_0Bb,6366.5,6380.9,14.4,84.1,20.9,0
4604,truck,8.5,road_loopA_f0,road_loopA_f1,6268.8,6382.1,113.3,1303.1,41.4,0
4617,suv,4.8,road_loopA_f0,road_loopA_f1,6281.2,6382.4,101.2,1303.0,46.3,0
4490,car,4.5,xloopA_0Ba,road_loopA_f1,6172.4,6383.4,211.0,902.8,15.4,0
4608,car,4.5,road_loopA_f0,road_loopA_f1,6269.9,6384.2,114.3,1303.8,41.1,0
4614,car,4.5,road_loopA_f0,road_loopA_f1,6277.4,6384.2,106.8,1304.1,44.0,0
4521,car,4.5,xloopA_0Ba,road_loopA_f1,6199.0,6385.5,186.5,902.7,17.4,0
4580,car,4.5,road_loopA_f0,road_loopA_f1,6250.7,6386.2,135.5,1303.0,34.6,0
4603,car,4.5,road_loopA_f0,road_loopA_f1,6268.5,6386.5,118.0,1304.1,39.8,0
4615,car,4.5,road_loopA_r0,xloopA_0Ab,6278.9,6387.0,108.1,868.9,28.9,1
4499,car,4.5,road_loopA_f0,road_loopA_f1,6184.6,6387.3,202.7,1303.9,23.2,1
4674,car,4.5,road_loopA_f0,xloopA_0Bb,6331.7,6387.9,56.2,478.7,30.7,1
4587,car,4.5,road_loopA_f0,road_loopA_f1,6255.1,6388.3,133.2,1303.7,35.2,0
4503,car,4.5,road_loopA_f0,road_loopA_f1,6188.0,6388.9,200.9,1303.5,23.4,1
4625,car,4.5,road_loopA_f0,road_loopA_f1,6289.6,6389.2,99.6,1303.3,47.1,0
4590,car,4.5,road_loopA_f0,road_loopA_f1,6256.9,6390.1,133.2,1303.0,35.2,0
4507,suv,4.8,road_loopA_f0,road_loopA_f1,6190.7,6390.5,199.8,1303.2,23.5,1
4514,car,4.5,road_loopA_f0,road_loopA_f1,6193.6,6392.2,198.6,1303.7,23.6,1
4627,truck,8.5,road_loopA_f0,road_loopA_f1,6292.6,6392.7,100.1,1304.0,46.9,0
4524,car,4.5,road_loopA_f0,road_loopA_f1,6200.5,6393.9,193.4,1303.8,24.3,1
4680,car,4.5,road_loopA_f0,xloopA_0Bb,6335.2,6395.1,59.9,478.6,28.8,2
4529,suv,4.8,road_loopA_f0,road_loopA_f1,6202.9,6395.8,192.9,1303.6,24.3,1
4533,car,4.5,road_loopA_f0,road_loopA_f1,6203.8,6396.3,192.5,1303.0,24.4,1
4568,truck,8.5,road_loopA_f0,road_loopA_f1,6240.2,6397.3,157.1,1303.4,29.9,0
4565,truck,8.5,road_loopA_f0,road_loopA_f1,6233.5,6398.2,164.7,1303.3,28.5,0
4629,truck,8.5,road_loopA_f0,road_loopA_f1,6294.1,6398.7,104.6,1303.8,44.9,0
4638,car,4.5,road_loopA_f0,road_loopA_f1,6302.6,6402.4,99.8,1303.0,47.0,0
4635,truck,8.5,road_loopA_f0,road_loopA_f1,6297.6,6403.6,106.0,1303.8,44.3,0
4643,car,4.5,road_loopA_f0,road_loopA_f1,6305.4,6405.3,99.9,1303.5,46.9,0
4634,suv,4.8,road_loopA_f0,road_loopA_f1,6297.6,6410.4,112.8,1303.4,41.6,0
4619,car,4.5,road_loopA_r0,road_loopA_r1,6283.1,6414.5,131.4,1297.4,35.5,1
4622,car,4.5,road_loopA_r0,road_loopA_r1,6285.1,6414.9,129.8,1297.7,36.0,1
4624,car,4.5,road_loopA_r0,road_loopA_r1,6287.3,6415.8,128.5,1298.1,36.4,1
4633,car,4.5,road_loopA_r0,road_loopA_r1,6296.9,6417.6,120.7,1298.5,38.7,1
9,tram,34.0,loopA,loopA,1975.1,6419.3,4444.2,33702.1,27.3,42
4640,car,4.5,road_loopA_r0,road_loopA_r1,6303.1,6419.8,116.7,1297.9,40.0,1
4623,car,4.5,road_loopA_r0,road_loopA_r1,6286.4,6420.3,133.9,1298.5,34.9,1
4626,suv,4.8,road_loopA_f0,road_loopA_f1,6291.2,6420.6,129.4,1303.0,36.2,0
4642,suv,4.8,road_loopA_r0,road_loopA_r1,6305.0,6421.4,116.4,1298.2,40.2,1
4639,suv,4.8,road_loopA_r0,xloopA_0Ab,6303.0,6421.9,118.9,868.8,26.3,1
4647,suv,4.8,road_loopA_r0,road_loopA_r1,6311.2,6422.5,111.3,1298.4,42.0,1
4650,suv,4.8,road_loopA_r0,road_loopA_r1,6311.9,6424.3,112.4,1297.3,41.6,1
4637,car,4.5,road_loopA_r0,road_loopA_r1,6301.0,6424.7,123.7,1298.2,37.8,1
4641,suv,4.8,road_loopA_r0,road_loopA_r1,6304.2,6426.2,122.0,1298.5,38.3,1
4645,bus,11.0,road_loopA_r0,road_loopA_r1,6308.9,6427.3,118.4,1297.4,39.5,1
4655,car,4.5,road_loopA_r0,road_loopA_r1,6315.1,6428.4,113.3,1298.5,41.2,1
4662,car,4.5,road_loopA_r0,road_loopA_r1,6320.5,6430.8,110.3,1297.3,42.4,0
4593,car,4.5,xloopA_0Aa,road_loopA_r1,6259.7,6431.5,171.8,506.8,10.6,1
4648,truck,8.5,road_loopA_r0,road_loopA_r1,6311.3,6431.7,120.4,1298.1,38.8,1
4612,car,4.5,road_loopA_r0,road_loopA_r1,6275.3,6433.2,157.9,1297.4,29.6,1
4654,car,4.5,road_loopA_r0,road_loopA_r1,6314.7,6433.8,119.1,1297.9,39.2,0
4681,car,4.5,road_loopA_r0,road_loopA_r1,6335.4,6434.1,98.7,1298.3,47.4,0
4743,suv,4.8,road_loopA_f0,xloopA_0Bb,6391.3,6434.5,43.2,478.9,39.9,0
4620,suv,4.8,road_loopA_r0,road_loopA_r1,6283.6,6434.9,151.3,1297.7,30.9,1
4667,car,4.5,road_loopA_r0,road_loopA_r1,6324.1,6435.5,111.4,1298.1,42.0,1
4628,car,4.5,road_loopA_r0,road_loopA_r1,6292.7,6436.6,143.9,1297.9,32.5,1
4668,car,4.5,road_loopA_r0,road_loopA_r1,6324.4,6437.3,112.9,1298.0,41.4,0
4660,car,4.5,road_loopA_r0,road_loopA_r1,6320.4,6438.1,117.7,1297.7,39.7,0
4658,suv,4.8,road_loopA_r0,road_loopA_r1,6318.9,6438.3,119.4,1298.5,39.2,1
4673,suv,4.8,road_loopA_r0,road_loopA_r1,6330.8,6440.1,109.3,1297.8,42.7,0
4659,car,4.5,road_loopA_r0,road_loopA_r1,6319.5,6440.3,120.8,1298.1,38.7,0
4644,car,4.5,road_loopA_f0,road_loopA_f1,6308.2,6440.5,132.3,1303.9,35.5,1
4693,car,4.5,road_loopA_r0,road_loopA_r1,6348.7,6441.5,92.8,1297.8,50.4,0
4661,suv,4.8,road_loopA_r0,road_loopA_r1,6320.4,6442.2,121.8,1298.3,38.4,0
4678,suv,4.8,road_loopA_r0,road_loopA_r1,6332.4,6442.5,110.1,1297.4,42.4,0
4672,car,4.5,road_loopA_r0,road_loopA_r1,6330.2,6444.0,113.8,1298.7,41.1,0
4684,car,4.5,road_loopA_r0,road_loopA_r1,6338.8,6444.4,105.6,1298.2,44.3,0
4677,suv,4.8,road_loopA_r0,road_loopA_r1,6332.4,6445.7,113.3,1297.3,41.2,0
4692,car,4.5,road_loopA_r0,road_loopA_r1,6347.0,6446.2,99.2,1298.4,47.1,0
4697,car,4.5,road_loopA_r0,road_loopA_r1,6353.1,6446.7,93.6,1298.4,49.9,0
4679,car,4.5,road_loopA_r0,road_loopA_r1,6335.0,6447.6,112.6,1298.5,41.5,0
4695,car,4.5,road_loopA_r0,road_loopA_r1,6352.4,6447.9,95.5,1298.4,48.9,0
4686,truck,8.5,road_loopA_r0,road_loopA_r1,6340.3,6449.9,109.6,1297.8,42.6,0
4696,car,4.5,road_loopA_r0,road_loopA_r1,6352.7,6450.1,97.4,1298.4,48.0,0
4657,car,4.5,road_loopA_f0,road_loopA_f1,6318.3,6451.3,133.0,1303.7,35.3,1
4636,car,4.5,road_loopA_f0,road_loopA_f1,6300.4,6451.6,151.2,1302.8,31.0,1
4698,suv,4.8,road_loopA_r0,road_loopA_r1,6353.0,6452.0,99.0,1298.2,47.2,0
4703,car,4.5,road_loopA_r0,road_loopA_r1,6356.2,6452.3,96.1,1298.1,48.6,0
4709,car,4.5,road_loopA_r0,road_loopA_r1,6359.6,6453.0,93.4,1297.7,50.0,0
4646,truck,8.5,road_loopA_f0,road_loopA_f1,6310.6,6453.8,143.2,1303.5,32.8,1
4611,bus,11.0,road_loopA_r0,road_loopA_r1,6273.4,6454.5,181.1,1298.3,25.8,2
4669,truck,8.5,road_loopA_f0,road_loopA_f1,6324.5,6454.6,130.1,1304.1,36.1,1
4653,car,4.5,road_loopA_f0,road_loopA_f1,6313.7,6456.0,142.3,1302.8,33.0,1
4712,car,4.5,road_loopA_r0,road_loopA_r1,6362.9,6458.3,95.4,1297.4,48.9,0
4710,suv,4.8,road_loopA_r0,road_loopA_r1,6361.0,6458.5,97.5,1297.6,47.9,0
4671,car,4.5,road_loopA_f0,road_loopA_f1,6327.9,6459.5,131.6,1303.4,35.7,1
4706,suv,4.8,road_loopA_r0,road_loopA_r1,6358.5,6459.6,101.1,1297.3,46.2,0
4676,car,4.5,road_loopA_f0,road_loopA_f1,6332.3,6459.9,127.6,1304.2,36.8,1
4718,suv,4.8,road_loopA_r0,road_loopA_r1,6367.6,6461.4,93.8,1298.3,49.8,0
4685,suv,4.8,road_loopA_f0,road_loopA_f1,6339.4,6461.8,122.4,1303.5,38.3,1
4722,car,4.5,road_loopA_r0,road_loopA_r1,6369.3,6463.1,93.8,1297.7,49.8,0
4689,truck,8.5,road_loopA_f0,road_loopA_f1,6344.0,6464.1,120.1,1304.2,39.1,1
4729,car,4.5,road_loopA_r0,road_loopA_r1,6374.3,6464.1,89.8,1297.9,52.0,0
4690,truck,8.5,road_loopA_f0,road_loopA_f1,6345.1,6466.6,121.5,1303.7,38.6,1
4716,car,4.5,road_loopA_r0,road_loopA_r1,6366.6,6467.0,100.4,1297.7,46.5,0
4504,car,4.5,road_loopA_r0,xloopA_0Bb,6189.2,6467.2,278.0,895.4,11.6,2
4711,truck,8.5,road_loopA_r0,road_loopA_r1,6362.0,6467.6,105.6,1297.4,44.2,0
4664,suv,4.8,road_loopA_f0,xloopA_0Ab,6322.0,6467.8,145.8,505.4,12.5,1
4700,car,4.5,road_loopA_f0,road_loopA_f1,6353.8,6468.0,114.2,1303.7,41.1,0
4665,suv,4.8,road_loopA_f0,road_loopA_f1,6322.5,6469.3,146.8,1302.9,32.0,1
4526,car,4.5,road_loopA_r0,xloopA_0Bb,6202.0,6469.8,267.8,895.4,12.0,2
4683,car,4.5,xloopA_0Aa,road_loopA_f1,6337.4,6470.3,132.9,872.7,23.6,1
4704,car,4.5,road_loopA_f0,road_loopA_f1,6356.8,6470.4,113.6,1302.8,41.3,0
4694,suv,4.8,road_loopA_f0,xloopA_0Ab,6352.1,6470.5,118.4,505.6,15.4,1
4733,car,4.5,road_loopA_r0,road_loopA_r1,6377.7,6470.7,93.0,1297.5,50.2,0
4725,truck,8.5,road_loopA_r0,road_loopA_r1,6370.2,6471.7,101.5,1297.3,46.0,0
4649,suv,4.8,road_loopA_f0,road_loopA_f1,6311.5,6471.9,160.4,1303.1,29.2,1
4719,truck,8.5,road_loopA_f0,road_loopA_f1,6368.5,6472.1,103.6,1302.8,45.3,0
4675,car,4.5,road_loopA_f0,road_loopA_f1,6332.2,6472.9,140.7,1303.7,33.4,1
4750,suv,4.8,road_loopA_f0,xloopA_0Ab,6397.1,6473.2,76.1,505.6,23.9,1
4551,truck,8.5,road_loopA_r0,xloopA_0Bb,6223.8,6473.3,249.5,895.8,12.9,2
4656,car,4.5,road_loopA_f0,road_loopA_f1,6315.6,6473.7,158.1,1303.6,29.7,1
4728,suv,4.8,road_loopA_r0,road_loopA_r1,6373.6,6473.8,100.2,1298.5,46.6,0
4727,suv,4.8,road_loopA_f0,road_loopA_f1,6373.3,6474.5,101.2,1302.8,46.3,0
4723,car,4.5,road_loopA_r0,road_loopA_r1,6369.7,6474.9,105.2,1297.3,44.4,0
4738,car,4.5,road_loopA_r0,road_loopA_r1,6386.0,6475.3,89.3,1297.9,52.3,0
4670,car,4.5,road_loopA_f0,road_loopA_f1,6325.9,6475.5,149.6,1303.4,31.4,1
4702,suv,4.8,road_loopA_f0,road_loopA_f1,6354.1,6475.7,121.6,1303.0,38.6,0
4768,car,4.5,road_loopA_f0,xloopA_0Ab,6412.5,6475.8,63.3,504.9,28.7,1
4572,car,4.5,road_loopA_r0,xloopA_0Bb,6242.1,6476.3,234.2,895.3,13.8,2
4741,car,4.5,road_loopA_r0,road_loopA_r1,6387.8,6477.1,89.3,1297.4,52.3,0
4682,car,4.5,road_loopA_f0,road_loopA_f1,6335.7,6477.4,141.7,1303.7,33.1,1
4724,suv,4.8,road_loopA_f0,road_loopA_f1,6370.2,6477.4,107.2,1303.7,43.8,0
4708,car,4.5,road_loopA_f0,road_loopA_f1,6359.5,6477.5,118.0,1303.1,39.8,0
4688,car,4.5,road_loopA_f0,road_loopA_f1,6344.0,6479.2,135.2,1303.4,34.7,0
4740,car,4.5,road_loopA_f0,road_loopA_f1,6387.6,6479.2,91.6,1302.9,51.2,0
4714,truck,8.5,road_loopA_f0,road_loopA_f1,6365.6,6479.6,114.0,1303.3,41.2,0
4691,car,4.5,road_loopA_f0,road_loopA_f1,6346.9,6481.0,134.1,1303.2,35.0,0
4744,car,4.5,road_loopA_r0,road_loopA_r1,6391.5,6481.2,89.7,1298.0,52.1,0
4734,car,4.5,road_loopA_f0,road_loopA_f1,6381.2,6481.7,100.5,1304.0,46.7,0
4720,car,4.5,road_loopA_r0,road_loopA_r1,6368.5,6482.3,113.8,1298.3,41.1,0
4699,car,4.5,road_loopA_f0,road_loopA_f1,6353.2,6482.8,129.6,1304.1,36.2,0
4731,car,4.5,road_loopA_f0,road_loopA_f1,6375.3,6482.8,107.5,1304.0,43.7,0
4773,car,4.5,xloopA_0Aa,xloopA_0Ab,6417.0,6483.6,66.6,84.2,4.5,1
4751,car,4.5,xloopA_0Ba,xloopA_0Bb,6399.0,6484.0,85.0,84.0,3.6,1
4701,car,4.5,road_loopA_f0,road_loopA_f1,6353.9,6484.4,130.5,1303.6,35.9,0
4748,car,4.5,road_loopA_f0,road_loopA_f1,6395.4,6484.8,89.4,1302.9,52.4,0
4736,car,4.5,road_loopA_f0,road_loopA_f1,6382.4,6485.5,103.1,1304.0,45.6,0
4707,car,4.5,road_loopA_f0,road_loopA_f1,6358.8,6486.0,127.2,1304.1,36.9,0
4747,car,4.5,road_loopA_f0,road_loopA_f1,6395.3,6487.4,92.1,1303.9,50.9,0
4713,suv,4.8,road_loopA_f0,road_loopA_f1,6363.2,6488.8,125.6,1303.4,37.3,0
4737,truck,8.5,road_loopA_r0,road_loopA_r1,6385.7,6489.0,103.3,1298.2,45.3,0
4785,car,4.5,xloopA_0Aa,xloopA_0Ab,6426.9,6489.8,62.9,84.0,4.8,0
4717,car,4.5,road_loopA_f0,road_loopA_f1,6367.4,6490.4,123.0,1303.8,38.2,0
4754,car,4.5,road_loopA_f0,road_loopA_f1,6401.3,6490.8,89.5,1303.1,52.4,0
4721,car,4.5,road_loopA_f0,road_loopA_f1,6369.2,6491.8,122.6,1303.1,38.3,0
4726,car,4.5,road_loopA_f0,road_loopA_f1,6371.3,6492.2,120.9,1302.9,38.8,0
4789,car,4.5,xloopA_0Aa,xloopA_0Ab,6428.6,6492.9,64.3,84.3,4.7,0
4730,truck,8.5,road_loopA_f0,road_loopA_f1,6374.7,6494.3,119.6,1304.1,39.2,0
4757,car,4.5,road_loopA_f0,road_loopA_f1,6402.5,6495.0,92.5,1303.8,50.7,0
4761,car,4.5,road_loopA_f0,road_loopA_f1,6405.9,6497.7,91.8,1303.2,51.1,0
4765,car,4.5,road_loopA_f0,road_loopA_f1,6407.9,6499.5,91.6,1303.6,51.2,0
4687,bus,11.0,road_loopA_r0,road_loopA_r1,6340.2,6500.0,159.8,1297.5,29.2,2
4732,car,4.5,road_loopA_f0,road_loopA_f1,6375.7,6500.5,124.8,1303.1,37.6,0
4749,car,4.5,road_loopA_f0,road_loopA_f1,6396.3,6500.9,104.6,1303.3,44.8,0
4755,car,4.5,road_loopA_f0,road_loopA_f1,6402.1,6502.0,99.9,1303.3,47.0,0
4759,car,4.5,road_loopA_f0,road_loopA_f1,6404.5,6502.6,98.1,1303.5,47.8,0
4772,car,4.5,road_loopA_f0,road_loopA_f1,6416.2,6505.6,89.4,1303.9,52.5,0
4776,car,4.5,road_loopA_f0,road_loopA_f1,6417.8,6507.4,89.6,1303.2,52.4,0
4770,truck,8.5,road_loopA_f0,road_loopA_f1,6414.5,6509.2,94.7,1303.5,49.6,0
4777,car,4.5,road_loopA_f0,road_loopA_f1,6420.0,6509.3,89.3,1303.0,52.5,0
4799,truck,8.5,road_loopA_f0,xloopA_0Bb,6440.2,6509.3,69.1,478.7,24.9,2
4831,car,4.5,road_loopA_f0,xloopA_0Bb,6464.5,6513.2,48.7,478.9,35.4,0
4842,car,4.5,road_loopA_f0,xloopA_0Bb,6475.3,6517.4,42.1,478.9,40.9,0
4764,bus,11.0,road_loopA_f0,road_loopA_f1,6407.6,6523.5,115.9,1303.0,40.5,0
4752,suv,4.8,road_loopA_r0,road_loopA_r1,6399.6,6524.9,125.3,1297.4,37.3,1
4746,car,4.5,road_loopA_r0,road_loopA_r1,6395.1,6525.5,130.4,1298.6,35.8,1
4758,car,4.5,road_loopA_r0,road_loopA_r1,6403.9,6528.5,124.6,1298.1,37.5,1
4792,car,4.5,road_loopA_r0,xloopA_0Ab,6432.0,6528.7,96.7,869.1,32.3,1
4762,suv,4.8,road_loopA_r0,road_loopA_r1,6406.6,6531.0,124.4,1298.1,37.6,1
4739,car,4.5,road_loopA_r0,road_loopA_r1,6386.3,6532.6,146.3,1298.0,31.9,1
4825,truck,8.5,road_loopA_r0,xloopA_0Ab,6459.9,6533.9,74.0,869.1,42.3,0
4767,truck,8.5,road_loopA_r0,road_loopA_r1,6410.2,6534.2,124.0,1297.9,37.7,1
4745,car,4.5,road_loopA_r0,road_loopA_r1,6392.7,6534.3,141.6,1297.8,33.0,1
4742,car,4.5,xloopA_0Ba,road_loopA_r1,6388.6,6535.3,146.7,476.3,11.7,1
4788,car,4.5,road_loopA_r0,road_loopA_r1,6428.5,6536.4,107.9,1298.6,43.3,0
4766,car,4.5,road_loopA_r0,road_loopA_r1,6410.1,6536.9,126.8,1298.7,36.9,1
4756,truck,8.5,road_loopA_r0,road_loopA_r1,6402.1,6537.7,135.6,1298.4,34.5,1
4793,car,4.5,road_loopA_r0,road_loopA_r1,6433.9,6539.6,105.7,1297.7,44.2,1
4820,suv,4.8,road_loopA_r0,xloopA_0Ab,6458.6,6539.6,81.0,869.0,38.6,1
4769,car,4.5,road_loopA_r0,road_loopA_r1,6412.8,6539.7,126.9,1298.0,36.8,1
4787,truck,8.5,road_loopA_r0,road_loopA_r1,6427.6,6541.5,113.9,1298.1,41.0,1
4859,car,4.5,road_loopA_f0,xloopA_0Bb,6494.0,6542.0,48.0,478.9,35.9,0
4797,car,4.5,road_loopA_r0,road_loopA_r1,6436.3,6543.1,106.8,1297.6,43.7,0
4817,car,4.5,road_loopA_r0,xloopA_0Ab,6456.2,6543.5,87.3,869.1,35.8,1
4802,truck,8.5,road_loopA_r0,road_loopA_r1,6444.5,6543.6,99.1,1297.7,47.1,0
4805,car,4.5,road_loopA_r0,road_loopA_r1,6447.1,6544.9,97.8,1298.4,47.8,0
4804,car,4.5,road_loopA_r0,road_loopA_r1,6445.9,6545.9,100.0,1297.3,46.7,0
4778,car,4.5,xloopA_0Aa,road_loopA_r1,6420.5,6546.9,126.4,506.6,14.4,1
4811,car,4.5,road_loopA_r0,road_loopA_r1,6452.1,6546.9,94.8,1298.1,49.3,0
4753,suv,4.8,road_loopA_r0,road_loopA_r1,6401.0,6548.6,147.6,1297.5,31.7,1
4760,suv,4.8,road_loopA_r0,road_loopA_r1,6404.7,6548.9,144.2,1298.2,32.4,1
4806,truck,8.5,road_loopA_r0,road_loopA_r1,6447.6,6549.2,101.6,1298.2,46.0,0
4795,car,4.5,road_loopA_r0,road_loopA_r1,6434.2,6549.8,115.6,1297.5,40.4,0
4771,car,4.5,road_loopA_r0,road_loopA_r1,6415.3,6550.8,135.5,1297.9,34.5,1
4814,car,4.5,road_loopA_r0,road_loopA_r1,6454.0,6552.1,98.1,1298.4,47.6,0
4801,car,4.5,road_loopA_r0,road_loopA_r1,6444.3,6553.7,109.4,1298.2,42.7,0
4822,suv,4.8,road_loopA_r0,road_loopA_r1,6459.2,6554.7,95.5,1297.8,48.9,0
4812,suv,4.8,road_loopA_r0,road_loopA_r1,6452.4,6555.4,103.0,1298.3,45.4,0
4790,car,4.5,road_loopA_r0,road_loopA_r1,6428.7,6555.6,126.9,1297.3,36.8,0
4826,suv,4.8,road_loopA_r0,road_loopA_r1,6460.6,6556.1,95.5,1298.4,49.0,0
4803,truck,8.5,road_loopA_r0,road_loopA_r1,6445.3,6557.7,112.4,1297.5,41.5,0
4881,truck,8.5,road_loopA_f0,xloopA_0Bb,6510.6,6558.1,47.5,478.8,36.3,0
4780,car,4.5,road_loopA_f0,road_loopA_f1,6422.0,6558.4,136.4,1302.8,34.4,1
4832,car,4.5,road_loopA_r0,road_loopA_r1,6467.9,6558.6,90.7,1298.6,51.5,0
4815,car,4.5,road_loopA_r0,road_loopA_r1,6454.7,6558.8,104.1,1297.9,44.9,0
4807,car,4.5,road_loopA_r0,road_loopA_r1,6448.5,6559.7,111.2,1298.4,42.0,0
4818,car,4.5,road_loopA_r0,road_loopA_r1,6456.8,6560.6,103.8,1298.1,45.0,0
4784,car,4.5,road_loopA_f0,road_loopA_f1,6426.9,6561.8,134.9,1303.0,34.8,1
4775,car,4.5,road_loopA_f0,road_loopA_f1,6417.5,6562.0,144.5,1302.9,32.5,1
4763,bus,11.0,road_loopA_f0,road_loopA_f1,6406.6,6562.5,155.9,1302.9,30.1,2
4824,truck,8.5,road_loopA_r0,road_loopA_r1,6459.6,6562.8,103.2,1297.4,45.2,0
4782,suv,4.8,road_loopA_f0,road_loopA_f1,6422.3,6563.7,141.4,1302.9,33.2,1
4808,car,4.5,road_loopA_f0,road_loopA_f1,6448.8,6563.8,115.0,1304.0,40.8,1
4828,suv,4.8,road_loopA_r0,road_loopA_r1,6462.7,6566.6,103.9,1298.5,45.0,0
4900,car,4.5,road_loopA_f0,xloopA_0Bb,6523.1,6566.6,43.5,479.0,39.6,0
4840,car,4.5,road_loopA_r0,road_loopA_r1,6473.3,6566.8,93.5,1298.1,50.0,0
4830,truck,8.5,road_loopA_r0,road_loopA_r1,6464.2,6568.7,104.5,1298.4,44.7,0
4779,truck,8.5,road_loopA_f0,road_loopA_f1,6421.0,6569.1,148.1,1303.1,31.7,1
4846,car,4.5,road_loopA_r0,road_loopA_r1,6477.6,6569.1,91.5,1297.4,51.0,0
4783,car,4.5,road_loopA_f0,road_loopA_f1,6423.1,6569.4,146.3,1303.9,32.1,1
4786,car,4.5,road_loopA_f0,road_loopA_f1,6427.5,6569.6,142.1,1303.5,33.0,1
4829,car,4.5,road_loopA_r0,road_loopA_r1,6463.2,6570.1,106.9,1297.4,43.7,0
4838,car,4.5,road_loopA_r0,road_loopA_r1,6471.9,6570.7,98.8,1298.0,47.3,0
4791,car,4.5,road_loopA_f0,road_loopA_f1,6429.6,6571.4,141.8,1303.2,33.1,1
4774,car,4.5,xloopA_0Aa,road_loopA_f1,6417.1,6572.5,155.4,872.0,20.2,1
4843,suv,4.8,road_loopA_r0,road_loopA_r1,6475.4,6572.5,97.1,1298.2,48.1,0
4821,car,4.5,road_loopA_f0,road_loopA_f1,6459.0,6573.2,114.2,1303.8,41.1,1
4781,truck,8.5,road_loopA_f0,road_loopA_f1,6422.0,6573.8,151.8,1302.9,30.9,1
4845,suv,4.8,road_loopA_r0,road_loopA_r1,6476.4,6574.0,97.6,1298.0,47.9,0
4796,suv,4.8,road_loopA_f0,road_loopA_f1,6435.4,6574.2,138.8,1303.2,33.8,1
4851,car,4.5,road_loopA_r0,road_loopA_r1,6484.8,6574.3,89.5,1297.9,52.2,0
4827,car,4.5,road_loopA_f0,road_loopA_f1,6461.1,6574.9,113.8,1303.2,41.2,1
4810,truck,8.5,road_loopA_f0,road_loopA_f1,6451.6,6576.4,124.8,1303.8,37.6,1
4819,car,4.5,road_loopA_f0,road_loopA_f1,6457.4,6576.7,119.3,1303.3,39.3,0
4853,car,4.5,road_loopA_r0,road_loopA_r1,6487.2,6577.0,89.8,1297.6,52.0,0
4844,car,4.5,road_loopA_r0,road_loopA_r1,6475.8,6577.2,101.4,1298.2,46.1,0
4809,car,4.5,road_loopA_f0,road_loopA_f1,6450.2,6577.3,127.1,1303.7,36.9,1
4816,car,4.5,road_loopA_f0,road_loopA_f1,6455.1,6578.3,123.2,1303.1,38.1,1
4837,car,4.5,road_loopA_f0,road_loopA_f1,6471.4,6578.8,107.4,1303.6,43.7,0
4823,car,4.5,road_loopA_f0,road_loopA_f1,6459.4,6578.9,119.5,1303.4,39.3,1
4569,car,4.5,road_loopA_r0,xloopA_0Bb,6241.0,6579.3,338.3,895.5,9.5,3
4854,car,4.5,road_loopA_r0,road_loopA_r1,6488.8,6579.3,90.5,1297.7,51.6,0
4839,car,4.5,road_loopA_f0,xloopA_0Ab,6472.0,6579.9,107.9,505.1,16.9,1
4834,car,4.5,road_loopA_f0,road_loopA_f1,6470.6,6580.1,109.5,1303.6,42.9,0
4841,car,4.5,road_loopA_f0,road_loopA_f1,6473.7,6580.4,106.7,1304.0,44.0,0
4610,car,4.5,road_loopA_r0,xloopA_0Bb,6271.3,6581.9,310.6,895.5,10.4,3
4849,suv,4.8,road_loopA_f0,road_loopA_f1,6481.8,6582.3,100.5,1303.6,46.7,0
4890,car,4.5,road_loopA_f0,xloopA_0Ab,6513.9,6582.5,68.6,505.1,26.5,1
4833,truck,8.5,road_loopA_f0,road_loopA_f1,6470.5,6583.5,113.0,1302.9,41.5,0
4850,suv,4.8,road_loopA_f0,road_loopA_f1,6483.4,6583.7,100.3,1304.1,46.8,0
4813,car,4.5,road_loopA_f0,road_loopA_f1,6452.8,6584.1,131.3,1303.4,35.7,1
4621,car,4.5,road_loopA_r0,xloopA_0Bb,6284.9,6584.6,299.7,895.8,10.8,3
4861,car,4.5,road_loopA_r0,road_loopA_r1,6495.4,6585.1,89.7,1297.9,52.1,0
4917,car,4.5,road_loopA_f0,xloopA_0Ab,6539.9,6586.8,46.9,505.5,38.8,0
4651,car,4.5,road_loopA_r0,xloopA_0Bb,6312.1,6587.2,275.1,895.5,11.7,2
4855,car,4.5,road_loopA_r0,road_loopA_r1,6489.0,6588.8,99.8,1297.8,46.8,0
4735,car,4.5,road_loopA_r0,xloopA_0Bb,6382.2,6589.9,207.7,895.7,15.5,2
4794,suv,4.8,road_loopA_f0,road_loopA_f1,6434.1,6590.9,156.8,1303.4,29.9,1
4862,truck,8.5,road_loopA_r0,road_loopA_r1,6495.8,6590.9,95.1,1298.5,49.2,0
4864,truck,8.5,road_loopA_r0,road_loopA_r1,6496.4,6591.2,94.8,1297.6,49.3,0
4858,car,4.5,road_loopA_f0,road_loopA_f1,6493.0,6592.5,99.5,1302.9,47.1,0
4835,truck,8.5,road_loopA_r0,road_loopA_r1,6470.9,6592.9,122.0,1298.1,38.3,0
4869,car,4.5,road_loopA_r0,road_loopA_r1,6498.3,6593.2,94.9,1297.8,49.2,0
4798,car,4.5,xloopA_0Ba,road_loopA_f1,6436.9,6593.7,156.8,902.9,20.7,1
4863,car,4.5,road_loopA_f0,road_loopA_f1,6496.3,6594.3,98.0,1304.1,47.9,0
4873,car,4.5,road_loopA_r0,road_loopA_r1,6500.4,6594.9,94.5,1298.3,49.5,0
4856,car,4.5,xloopA_0Ba,xloopA_0Bb,6489.7,6595.6,105.9,84.5,2.9,1
4852,truck,8.5,road_loopA_f0,road_loopA_f1,6485.6,6595.8,110.2,1303.1,42.6,0
4867,car,4.5,road_loopA_f0,road_loopA_f1,6497.6,6596.0,98.4,1303.6,47.7,0
4876,car,4.5,xloopA_0Aa,xloopA_0Ab,6504.6,6597.0,92.4,84.1,3.3,1
4875,car,4.5,road_loopA_r0,road_loopA_r1,6503.2,6597.3,94.1,1297.4,49.6,0
4860,car,4.5,road_loopA_f0,road_loopA_f1,6494.6,6597.7,103.1,1302.8,45.5,0
4868,car,4.5,road_loopA_f0,road_loopA_f1,6497.9,6597.7,99.8,1303.0,47.0,0
4872,car,4.5,xloopA_0Ba,xloopA_0Bb,6500.3,6597.8,97.5,84.5,3.1,1
4836,truck,8.5,road_loopA_f0,road_loopA_f1,6471.1,6599.0,127.9,1303.0,36.7,0
4888,car,4.5,xloopA_0Aa,xloopA_0Ab,6513.0,6599.0,86.0,84.0,3.5,1
4874,car,4.5,road_loopA_f0,road_loopA_f1,6502.4,6599.4,97.0,1303.0,48.4,0
4865,car,4.5,road_loopA_f0,road_loopA_f1,6496.7,6599.5,102.8,1303.9,45.7,0
4879,car,4.5,xloopA_0Ba,xloopA_0Bb,6504.9,6599.9,95.0,84.5,3.2,1
4870,suv,4.8,road_loopA_f0,road_loopA_f1,6498.9,6601.4,102.5,1303.7,45.8,0
4878,suv,4.8,road_loopA_f0,road_loopA_f1,6504.9,6601.6,96.7,1303.8,48.5,0
4946,car,4.5,xloopA_0Aa,xloopA_0Ab,6569.6,6601.7,32.1,84.5,9.5,0
4866,car,4.5,road_loopA_r0,road_loopA_r1,6496.8,6602.4,105.6,1297.8,44.3,0
4964,car,4.5,xloopA_0Ba,xloopA_0Bb,6579.7,6603.5,23.8,84.8,12.8,0
4880,truck,8.5,road_loopA_f0,road_loopA_f1,6507.8,6603.8,96.0,1304.1,48.9,0
4882,car,4.5,road_loopA_f0,road_loopA_f1,6510.9,6606.0,95.1,1304.0,49.4,0
4891,car,4.5,road_loopA_f0,road_loopA_f1,6514.4,6606.4,92.0,1303.3,51.0,0
4887,suv,4.8,road_loopA_f0,road_loopA_f1,6513.0,6607.8,94.8,1304.2,49.5,0
4984,car,4.5,xloopA_0Ba,xloopA_0Bb,6597.0,6608.2,11.2,84.6,27.1,0
4895,car,4.5,road_loopA_f0,road_loopA_f1,6518.5,6609.1,90.6,1303.3,51.8,0
4877,suv,4.8,road_loopA_f0,road_loopA_f1,6504.7,6611.2,106.5,1303.4,44.1,0
4898,car,4.5,road_loopA_f0,road_loopA_f1,6522.1,6611.7,89.6,1303.2,52.4,0
4902,car,4.5,road_loopA_f0,road_loopA_f1,6523.4,6613.7,90.3,1303.7,52.0,0
4903,suv,4.8,road_loopA_f0,road_loopA_f1,6525.6,6616.2,90.6,1303.7,51.8,0
4884,car,4.5,road_loopA_f0,road_loopA_f1,6511.9,6619.1,107.2,1303.6,43.8,0
4906,car,4.5,road_loopA_f0,road_loopA_f1,6531.1,6620.4,89.3,1303.1,52.5,0
4907,car,4.5,road_loopA_f0,road_loopA_f1,6531.5,6620.9,89.4,1303.1,52.5,0
4912,car,4.5,road_loopA_f0,road_loopA_f1,6533.4,6622.8,89.4,1303.1,52.5,0
4897,car,4.5,road_loopA_r0,xloopA_0Ab,6521.9,6627.7,105.8,869.1,29.6,2
4927,car,4.5,road_loopA_f0,xloopA_0Bb,6548.5,6634.1,85.6,478.6,20.1,2
4948,car,4.5,road_loopA_f0,xloopA_0Bb,6570.6,6637.8,67.2,478.7,25.6,2
4962,car,4.5,road_loopA_f0,xloopA_0Bb,6577.6,6641.4,63.8,478.6,27.0,2
4991,suv,4.8,road_loopA_f0,xloopA_0Bb,6600.7,6651.3,50.6,479.1,34.1,0
4883,car,4.5,road_loopA_r0,road_loopA_r1,6511.5,6652.4,140.9,1297.5,33.1,1
4905,car,4.5,xloopA_0Ba,road_loopA_r1,6529.8,6652.8,123.0,476.3,13.9,0
4935,car,4.5,road_loopA_r0,xloopA_0Ab,6558.6,6653.0,94.4,869.3,33.2,1
4886,car,4.5,road_loopA_r0,road_loopA_r1,6512.0,6654.7,142.7,1298.2,32.7,1
4871,suv,4.8,road_loopA_r0,road_loopA_r1,6499.9,6655.7,155.8,1297.8,30.0,1
4892,suv,4.8,road_loopA_r0,road_loopA_r1,6514.5,6656.9,142.4,1297.9,32.8,1
4857,car,4.5,xloopA_0Aa,road_loopA_r1,6491.2,6657.0,165.8,506.5,11.0,1
4894,car,4.5,road_loopA_r0,road_loopA_r1,6517.3,6657.1,139.8,1297.4,33.4,1
4896,car,4.5,road_loopA_r0,road_loopA_r1,6519.5,6658.7,139.2,1298.4,33.6,1
4889,car,4.5,road_loopA_r0,road_loopA_r1,6513.6,6659.7,146.1,1297.8,32.0,1
4909,car,4.5,xloopA_0Aa,road_loopA_r1,6532.2,6659.9,127.7,507.0,14.3,0
4901,car,4.5,road_loopA_r0,road_loopA_r1,6523.1,6661.1,138.0,1298.0,33.9,1
4885,car,4.5,road_loopA_r0,road_loopA_r1,6512.0,6661.6,149.6,1298.3,31.2,1
4910,car,4.5,road_loopA_r0,road_loopA_r1,6532.6,6663.2,130.6,1297.9,35.8,1
4913,suv,4.8,road_loopA_r0,road_loopA_r1,6533.9,6663.3,129.4,1297.8,36.1,1
4893,car,4.5,road_loopA_r0,road_loopA_r1,6516.6,6663.5,146.9,1297.8,31.8,1
4899,car,4.5,road_loopA_r0,road_loopA_r1,6522.8,6664.7,141.9,1297.8,32.9,1
4914,suv,4.8,road_loopA_r0,road_loopA_r1,6534.4,6665.4,131.0,1297.7,35.7,1
4911,car,4.5,road_loopA_r0,road_loopA_r1,6532.9,6666.0,133.1,1297.4,35.1,1
4920,car,4.5,road_loopA_r0,road_loopA_r1,6541.9,6667.7,125.8,1297.4,37.1,1
4921,car,4.5,road_loopA_r0,road_loopA_r1,6542.9,6668.7,125.8,1298.3,37.2,1
4929,car,4.5,road_loopA_r0,road_loopA_r1,6551.5,6670.5,119.0,1298.3,39.3,1
4908,truck,8.5,road_loopA_r0,road_loopA_r1,6532.0,6670.6,138.6,1298.0,33.7,1
4922,car,4.5,road_loopA_r0,road_loopA_r1,6543.7,6671.3,127.6,1297.3,36.6,1
4926,car,4.5,road_loopA_r0,road_loopA_r1,6548.3,6673.1,124.8,1298.2,37.5,1
4916,car,4.5,road_loopA_r0,road_loopA_r1,6539.2,6673.6,134.4,1298.3,34.8,1
4918,suv,4.8,road_loopA_r0,road_loopA_r1,6541.7,6675.4,133.7,1297.5,34.9,1
4930,car,4.5,road_loopA_r0,road_loopA_r1,6552.5,6675.6,123.1,1297.6,37.9,1
4942,car,4.5,road_loopA_r0,road_loopA_r1,6566.0,6676.9,110.9,1297.4,42.1,0
4941,car,4.5,road_loopA_r0,road_loopA_r1,6565.4,6677.7,112.3,1297.8,41.6,0
4937,car,4.5,road_loopA_r0,road_loopA_r1,6560.8,6678.8,118.0,1298.3,39.6,0
4928,car,4.5,road_loopA_r0,road_loopA_r1,6549.2,6679.7,130.5,1297.6,35.8,0
4923,car,4.5,road_loopA_f0,road_loopA_f1,6544.2,6680.6,136.4,1303.7,34.4,1
4924,suv,4.8,road_loopA_f0,road_loopA_f1,6546.6,6681.0,134.4,1303.4,34.9,1
4944,suv,4.8,road_loopA_r0,road_loopA_r1,6569.0,6681.5,112.5,1298.6,41.6,0
4952,car,4.5,road_loopA_r0,road_loopA_r1,6572.1,6682.0,109.9,1298.3,42.5,0
4931,suv,4.8,road_loopA_f0,road_loopA_f1,6553.7,6682.4,128.7,1304.1,36.5,1
4939,car,4.5,road_loopA_r0,road_loopA_r1,6562.0,6683.1,121.1,1298.2,38.6,0
4925,truck,8.5,road_loopA_r0,road_loopA_r1,6548.1,6684.5,136.4,1297.9,34.3,1
4956,car,4.5,road_loopA_r0,road_loopA_r1,6574.3,6685.6,111.3,1298.3,42.0,0
4949,car,4.5,road_loopA_r0,road_loopA_r1,6570.5,6686.0,115.5,1297.5,40.5,0
4932,car,4.5,road_loopA_f0,road_loopA_f1,6554.4,6686.6,132.2,1303.1,35.5,1
4963,suv,4.8,road_loopA_r0,road_loopA_r1,6578.1,6688.0,109.9,1297.7,42.5,0
4951,car,4.5,road_loopA_f0,road_loopA_f1,6571.8,6688.2,116.4,1303.0,40.3,1
4934,suv,4.8,road_loopA_r0,road_loopA_r1,6556.9,6690.0,133.1,1297.6,35.1,0
4915,suv,4.8,road_loopA_f0,road_loopA_f1,6537.6,6690.3,152.7,1303.3,30.7,1
4958,suv,4.8,road_loopA_f0,road_loopA_f1,6575.6,6691.5,115.9,1303.7,40.5,1
4969,car,4.5,road_loopA_r0,road_loopA_r1,6582.4,6691.6,109.2,1297.9,42.8,0
4938,car,4.5,road_loopA_r0,road_loopA_r1,6561.9,6691.8,129.9,1297.5,35.9,0
4950,car,4.5,road_loopA_r0,road_loopA_r1,6570.9,6691.8,120.9,1297.8,38.6,0
4947,car,4.5,road_loopA_f0,road_loopA_f1,6569.7,6692.6,122.9,1303.6,38.2,1
4945,car,4.5,road_loopA_r0,road_loopA_r1,6569.3,6693.5,124.2,1298.3,37.6,0
4982,car,4.5,road_loopA_r0,road_loopA_r1,6595.8,6695.0,99.2,1298.0,47.1,0
4960,suv,4.8,road_loopA_r0,road_loopA_r1,6576.8,6695.3,118.5,1297.6,39.4,0
4954,car,4.5,road_loopA_r0,road_loopA_r1,6573.0,6695.5,122.5,1298.3,38.2,0
4936,truck,8.5,road_loopA_f0,road_loopA_f1,6560.5,6696.0,135.5,1303.8,34.6,1
4943,car,4.5,road_loopA_f0,road_loopA_f1,6568.2,6696.6,128.4,1303.6,36.6,1
4967,car,4.5,road_loopA_r0,road_loopA_r1,6581.7,6697.0,115.3,1297.6,40.5,0
4977,car,4.5,road_loopA_r0,road_loopA_r1,6592.2,6697.2,105.0,1298.6,44.5,0
4985,car,4.5,road_loopA_r0,road_loopA_r1,6597.7,6697.7,100.0,1298.2,46.7,0
4972,suv,4.8,road_loopA_r0,road_loopA_r1,6583.4,6698.7,115.3,1297.4,40.5,0
4965,car,4.5,road_loopA_f0,road_loopA_f1,6580.5,6699.1,118.6,1303.8,39.6,1
4993,car,4.5,road_loopA_r0,road_loopA_r1,6603.3,6699.4,96.1,1298.3,48.6,0
4975,suv,4.8,road_loopA_r0,road_loopA_r1,6590.9,6699.9,109.0,1298.1,42.9,0
4973,car,4.5,road_loopA_r0,road_loopA_r1,6584.6,6700.5,115.9,1298.1,40.3,0
4953,car,4.5,road_loopA_f0,road_loopA_f1,6572.6,6701.2,128.6,1303.6,36.5,1
4981,car,4.5,road_loopA_r0,road_loopA_r1,6594.6,6701.5,106.9,1297.3,43.7,0
4979,suv,4.8,road_loopA_f0,road_loopA_f1,6592.3,6702.6,110.3,1303.5,42.6,0
4992,car,4.5,road_loopA_r0,road_loopA_r1,6602.2,6702.8,100.6,1298.0,46.4,0
4983,suv,4.8,road_loopA_r0,road_loopA_r1,6596.9,6703.2,106.3,1298.1,44.0,0
4971,car,4.5,xloopA_0Ba,road_loopA_f1,6583.0,6704.0,121.0,902.7,26.9,0
4940,car,4.5,road_loopA_r0,road_loopA_r1,6562.4,6704.1,141.7,1297.6,33.0,1
4989,suv,4.8,road_loopA_r0,road_loopA_r1,6600.0,6705.3,105.3,1298.3,44.4,0
4800,car,4.5,road_loopA_r0,xloopA_0Bb,6442.8,6705.9,263.1,895.4,12.3,2
5029,suv,4.8,road_loopA_f0,xloopA_0Ab,6630.7,6706.6,75.9,505.7,24.0,1
4995,car,4.5,road_loopA_r0,road_loopA_r1,6608.0,6706.8,98.8,1298.6,47.3,0
4994,car,4.5,road_loopA_r0,road_loopA_r1,6606.4,6707.1,100.7,1298.6,46.4,0
4957,truck,8.5,road_loopA_f0,road_loopA_f1,6574.6,6707.4,132.8,1303.0,35.3,1
4847,car,4.5,road_loopA_r0,xloopA_0Bb,6478.2,6708.5,230.3,895.5,14.0,2
4961,truck,8.5,road_loopA_f0,road_loopA_f1,6576.9,6708.8,131.9,1303.4,35.6,1
4919,car,4.5,road_loopA_f0,road_loopA_f1,6541.9,6709.2,167.3,1303.4,28.0,1
5043,car,4.5,road_loopA_f0,xloopA_0Ab,6645.9,6709.2,63.3,505.4,28.7,1
4966,car,4.5,road_loopA_f0,road_loopA_f1,6580.7,6709.3,128.6,1303.2,36.5,1
5001,car,4.5,road_loopA_r0,road_loopA_r1,6612.1,6709.3,97.2,1298.2,48.1,0
5002,car,4.5,road_loopA_f0,road_loopA_f1,6612.7,6710.8,98.1,1304.1,47.9,0
4974,suv,4.8,road_loopA_f0,road_loopA_f1,6590.3,6711.0,120.7,1303.1,38.9,0
4955,truck,8.5,road_loopA_f0,road_loopA_f1,6573.9,6711.3,137.4,1303.2,34.1,1
5003,car,4.5,road_loopA_r0,road_loopA_r1,6613.6,6711.9,98.3,1298.2,47.5,0
4848,truck,8.5,road_loopA_r0,xloopA_0Bb,6480.2,6712.0,231.8,895.9,13.9,2
5000,car,4.5,road_loopA_r0,road_loopA_r1,6611.7,6712.3,100.6,1298.4,46.5,0
5004,car,4.5,road_loopA_f0,road_loopA_f1,6614.4,6712.5,98.1,1303.4,47.8,0
4978,car,4.5,road_loopA_f0,road_loopA_f1,6592.3,6713.0,120.7,1303.1,38.9,0
5066,car,4.5,road_loopA_f0,xloopA_0Ab,6665.6,6713.3,47.7,505.3,38.1,0
4976,truck,8.5,road_loopA_f0,road_loopA_f1,6591.2,6713.8,122.6,1303.7,38.3,0
4968,car,4.5,road_loopA_f0,road_loopA_f1,6582.2,6714.2,132.0,1302.9,35.5,1
4980,car,4.5,road_loopA_f0,road_loopA_f1,6594.1,6714.7,120.6,1303.2,38.9,0
5008,car,4.5,road_loopA_r0,road_loopA_r1,6616.6,6714.9,98.3,1297.3,47.5,0
4904,car,4.5,road_loopA_r0,xloopA_0Bb,6527.0,6715.0,188.0,895.5,17.1,1
4998,car,4.5,road_loopA_f0,road_loopA_f1,6610.8,6715.9,105.1,1304.0,44.7,0
5016,car,4.5,road_loopA_f0,road_loopA_f1,6620.6,6716.0,95.4,1303.0,49.1,0
4988,car,4.5,road_loopA_f0,road_loopA_f1,6600.0,6716.5,116.5,1303.3,40.3,0
5012,car,4.5,road_loopA_r0,road_loopA_r1,6618.2,6716.7,98.5,1298.1,47.4,0
5007,truck,8.5,road_loopA_r0,road_loopA_r1,6615.0,6717.0,102.0,1298.1,45.8,0
4990,suv,4.8,road_loopA_r0,road_loopA_r1,6600.4,6717.6,117.2,1297.8,39.9,0
5006,car,4.5,road_loopA_f0,road_loopA_f1,6614.6,6717.7,103.1,1303.6,45.5,0
4997,car,4.5,road_loopA_f0,road_loopA_f1,6609.6,6718.3,108.7,1303.6,43.2,0
5017,car,4.5,road_loopA_r0,road_loopA_r1,6621.1,6718.5,97.4,1297.6,48.0,0
5009,car,4.5,road_loopA_f0,road_loopA_f1,6617.0,6718.7,101.7,1303.5,46.2,0
5015,car,4.5,road_loopA_r0,road_loopA_r1,6620.3,6719.5,99.2,1298.0,47.1,0
4999,car,4.5,road_loopA_f0,road_loopA_f1,6611.5,6720.0,108.5,1303.0,43.2,0
5010,car,4.5,road_loopA_r0,road_loopA_r1,6617.3,6720.5,103.2,1297.5,45.3,0
5014,car,4.5,xloopA_0Aa,xloopA_0Ab,6619.4,6721.9,102.5,84.5,3.0,1
4996,car,4.5,road_loopA_r0,road_loopA_r1,6609.1,6722.1,113.0,1298.2,41.3,0
5023,car,4.5,xloopA_0Ba,xloopA_0Bb,6624.9,6723.0,98.1,84.4,3.1,1
5025,suv,4.8,road_loopA_r0,road_loopA_r1,6627.6,6723.2,95.6,1297.5,48.9,0
5013,car,4.5,road_loopA_r0,road_loopA_r1,6618.8,6724.1,105.3,1298.1,44.4,0
5019,car,4.5,xloopA_0Aa,xloopA_0Ab,6623.2,6724.2,101.0,84.6,3.0,1
5031,suv,4.8,road_loopA_r0,road_loopA_r1,6633.2,6725.2,92.0,1297.3,50.7,0
5011,suv,4.8,road_loopA_f0,road_loopA_f1,6617.9,6725.3,107.4,1303.4,43.7,0
5024,suv,4.8,road_loopA_r0,road_loopA_r1,6625.0,6725.8,100.8,1298.3,46.3,0
5036,car,4.5,road_loopA_f0,road_loopA_f1,6635.5,6726.2,90.7,1303.0,51.7,0
5022,car,4.5,xloopA_0Aa,xloopA_0Ab,6624.4,6726.6,102.2,84.3,3.0,1
5020,car,4.5,road_loopA_r0,road_loopA_r1,6623.9,6728.0,104.1,1297.8,44.9,0
5032,suv,4.8,road_loopA_f0,road_loopA_f1,6633.2,6728.0,94.8,1303.1,49.5,0
4959,suv,4.8,road_loopA_r0,road_loopA_r1,6576.3,6728.2,151.9,1297.5,30.7,0
5021,suv,4.8,road_loopA_r0,road_loopA_r1,6624.2,6728.3,104.1,1298.4,44.9,0
5034,car,4.5,xloopA_0Aa,xloopA_0Ab,6633.9,6728.8,94.9,84.4,3.2,0
5078,car,4.5,xloopA_0Aa,xloopA_0Ab,6675.6,6731.1,55.5,84.6,5.5,0
5093,car,4.5,xloopA_0Ba,xloopA_0Bb,6686.8,6731.3,44.5,84.1,6.8,0
5038,car,4.5,road_loopA_f0,road_loopA_f1,6642.4,6731.8,89.4,1303.1,52.5,0
5089,car,4.5,xloopA_0Aa,xloopA_0Ab,6684.1,6733.1,49.0,84.8,6.2,0
5041,car,4.5,road_loopA_f0,road_loopA_f1,6643.5,6733.6,90.1,1303.0,52.1,0
5040,car,4.5,road_loopA_f0,road_loopA_f1,6643.4,6733.8,90.4,1303.6,51.9,0
5120,car,4.5,xloopA_0Ba,xloopA_0Bb,6705.7,6734.0,28.3,84.2,10.7,0
5027,suv,4.8,road_loopA_f0,road_loopA_f1,6629.2,6734.6,105.4,1303.0,44.5,0
5121,car,4.5,xloopA_0Aa,xloopA_0Ab,6707.3,6735.0,27.7,84.2,10.9,0
5044,car,4.5,road_loopA_f0,road_loopA_f1,6646.4,6736.5,90.1,1302.8,52.1,0
5045,suv,4.8,road_loopA_f0,road_loopA_f1,6647.1,6742.4,95.3,1303.7,49.3,0
5048,suv,4.8,road_loopA_f0,road_loopA_f1,6650.0,6745.9,95.9,1303.4,48.9,0
5052,suv,4.8,road_loopA_f0,road_loopA_f1,6656.3,6746.0,89.7,1303.5,52.3,0
5053,suv,4.8,road_loopA_f0,road_loopA_f1,6656.8,6747.5,90.7,1303.1,51.7,0
5057,car,4.5,road_loopA_f0,road_loopA_f1,6660.8,6750.1,89.3,1303.1,52.5,0
5046,truck,8.5,road_loopA_f0,road_loopA_f1,6647.9,6750.7,102.8,1303.1,45.6,0
5071,suv,4.8,road_loopA_r0,xloopA_0Ab,6669.2,6750.8,81.6,869.3,38.3,1
5063,car,4.5,road_loopA_f0,xloopA_0Bb,6664.1,6758.8,94.7,478.6,18.2,2
5082,suv,4.8,road_loopA_f0,xloopA_0Bb,6678.8,6762.6,83.8,479.0,20.6,2
5125,suv,4.8,road_loopA_f0,xloopA_0Bb,6713.0,6766.3,53.3,479.2,32.4,0
5141,truck,8.5,road_loopA_f0,xloopA_0Bb,6723.2,6770.9,47.7,478.4,36.1,0
4986,bus,11.0,road_loopA_f0,road_loopA_f1,6599.6,6776.5,176.9,1303.2,26.5,2
5028,car,4.5,xloopA_0Ba,road_loopA_r1,6630.7,6777.0,146.3,476.4,11.7,1
5026,suv,4.8,road_loopA_r0,road_loopA_r1,6628.6,6779.8,151.2,1297.6,30.9,1
5079,car,4.5,xloopA_0Ba,road_loopA_r1,6677.2,6781.1,103.9,476.5,16.5,0
5035,suv,4.8,road_loopA_r0,road_loopA_r1,6635.0,6781.7,146.7,1297.6,31.8,1
5037,car,4.5,road_loopA_r0,road_loopA_r1,6641.9,6781.8,139.9,1298.4,33.4,1
5030,car,4.5,road_loopA_r0,road_loopA_r1,6631.8,6783.2,151.4,1297.4,30.8,1
5049,suv,4.8,road_loopA_r0,road_loopA_r1,6652.9,6783.4,130.5,1297.3,35.8,1
5042,car,4.5,road_loopA_r0,road_loopA_r1,6643.6,6783.8,140.2,1298.4,33.3,1
5039,suv,4.8,road_loopA_r0,road_loopA_r1,6642.8,6784.9,142.1,1298.1,32.9,1
5056,car,4.5,road_loopA_r0,road_loopA_r1,6660.5,6785.2,124.7,1297.6,37.5,1
5047,car,4.5,road_loopA_r0,road_loopA_r1,6649.0,6786.9,137.9,1297.7,33.9,1
5059,car,4.5,road_loopA_r0,road_loopA_r1,6662.1,6787.0,124.9,1297.9,37.4,1
5054,car,4.5,road_loopA_r0,road_loopA_r1,6657.8,6787.1,129.3,1298.3,36.1,1
5058,car,4.5,road_loopA_r0,road_loopA_r1,6662.0,6788.6,126.6,1297.9,36.9,1
5064,car,4.5,road_loopA_r0,road_loopA_r1,6664.0,6788.8,124.8,1298.5,37.5,1
5061,car,4.5,road_loopA_r0,road_loopA_r1,6662.4,6789.5,127.1,1298.5,36.8,1
5070,car,4.5,road_loopA_r0,road_loopA_r1,6667.5,6790.5,123.0,1298.1,38.0,1
5080,car,4.5,road_loopA_r0,road_loopA_r1,6677.6,6791.6,114.0,1298.2,41.0,1
5081,car,4.5,road_loopA_r0,road_loopA_r1,6678.4,6792.2,113.8,1298.5,41.1,1
5110,car,4.5,road_loopA_r0,xloopA_0Ab,6701.3,6793.5,92.2,869.1,33.9,1
5068,car,4.5,road_loopA_r0,road_loopA_r1,6666.8,6793.6,126.8,1298.0,36.9,1
5092,truck,8.5,road_loopA_r0,road_loopA_r1,6686.2,6793.9,107.7,1297.7,43.4,0
5084,car,4.5,road_loopA_r0,road_loopA_r1,6679.5,6794.3,114.8,1297.6,40.7,1
5085,car,4.5,road_loopA_r0,road_loopA_r1,6679.6,6795.8,116.2,1298.1,40.2,1
5095,car,4.5,road_loopA_r0,road_loopA_r1,6688.1,6796.0,107.9,1298.7,43.3,0
5091,car,4.5,road_loopA_r0,road_loopA_r1,6684.6,6797.7,113.1,1298.3,41.3,1
5107,car,4.5,road_loopA_r0,road_loopA_r1,6699.2,6798.7,99.5,1298.7,47.0,0
5100,car,4.5,road_loopA_r0,road_loopA_r1,6692.3,6799.8,107.5,1297.8,43.4,0
5109,suv,4.8,road_loopA_r0,road_loopA_r1,6700.0,6801.5,101.5,1298.6,46.0,0
5113,suv,4.8,road_loopA_r0,road_loopA_r1,6702.2,6803.3,101.1,1298.1,46.2,0
5102,truck,8.5,road_loopA_r0,road_loopA_r1,6692.9,6806.2,113.3,1298.0,41.3,0
5124,suv,4.8,road_loopA_r0,road_loopA_r1,6709.2,6806.7,97.5,1297.5,47.9,0
5118,suv,4.8,road_loopA_r0,road_loopA_r1,6705.6,6806.8,101.2,1297.5,46.1,0
5055,suv,4.8,road_loopA_f0,road_loopA_f1,6659.8,6807.8,148.0,1302.8,31.7,1
5065,suv,4.8,road_loopA_f0,road_loopA_f1,6664.8,6808.0,143.2,1302.8,32.7,1
5119,car,4.5,road_loopA_r0,road_loopA_r1,6705.7,6808.5,102.8,1298.0,45.5,0
5105,car,4.5,road_loopA_r0,road_loopA_r1,6697.3,6808.8,111.5,1297.9,41.9,0
5062,car,4.5,road_loopA_f0,road_loopA_f1,6663.1,6810.2,147.1,1304.0,31.9,1
5128,car,4.5,road_loopA_r0,road_loopA_r1,6715.1,6810.3,95.2,1298.5,49.1,0
5126,car,4.5,road_loopA_r0,road_loopA_r1,6714.9,6810.4,95.5,1297.4,48.9,0
5106,suv,4.8,road_loopA_r0,road_loopA_r1,6698.5,6810.5,112.0,1297.6,41.7,0
5152,truck,8.5,road_loopA_r0,xloopA_0Ab,6731.7,6811.1,79.4,869.3,39.4,0
5072,car,4.5,road_loopA_f0,road_loopA_f1,6669.9,6811.9,142.0,1304.1,33.1,1
5134,car,4.5,road_loopA_r0,road_loopA_r1,6718.9,6812.1,93.2,1297.8,50.1,0
5112,suv,4.8,road_loopA_r0,road_loopA_r1,6701.6,6812.6,111.0,1297.5,42.1,0
5050,bus,11.0,road_loopA_r0,road_loopA_r1,6653.7,6814.0,160.3,1298.1,29.2,2
5137,car,4.5,road_loopA_r0,road_loopA_r1,6719.9,6814.0,94.1,1298.7,49.7,0
5135,car,4.5,road_loopA_r0,road_loopA_r1,6719.6,6815.1,95.5,1298.6,49.0,0
5074,suv,4.8,road_loopA_f0,road_loopA_f1,6671.3,6816.7,145.4,1303.1,32.3,1
5140,car,4.5,road_loopA_r0,road_loopA_r1,6721.6,6817.0,95.4,1297.3,48.9,0
5051,truck,8.5,road_loopA_f0,road_loopA_f1,6656.0,6817.1,161.1,1303.8,29.1,1
5143,car,4.5,road_loopA_r0,road_loopA_r1,6723.9,6817.3,93.4,1297.7,50.0,0
5086,car,4.5,road_loopA_f0,road_loopA_f1,6680.0,6817.4,137.4,1303.3,34.1,1
5083,car,4.5,road_loopA_f0,road_loopA_f1,6679.4,6818.6,139.2,1303.1,33.7,1
5144,car,4.5,road_loopA_r0,road_loopA_r1,6724.7,6818.8,94.1,1297.7,49.6,0
5067,suv,4.8,road_loopA_f0,road_loopA_f1,6666.0,6819.1,153.1,1303.4,30.6,1
5087,car,4.5,road_loopA_f0,road_loopA_f1,6681.5,6820.4,138.9,1304.2,33.8,1
5145,car,4.5,road_loopA_r0,road_loopA_r1,6726.4,6820.7,94.3,1297.4,49.5,0
5133,truck,8.5,road_loopA_r0,xloopA_0Ab,6718.8,6821.4,102.6,869.2,30.5,1
5103,suv,4.8,road_loopA_r0,road_loopA_r1,6694.1,6821.9,127.8,1297.7,36.5,0
5150,suv,4.8,road_loopA_r0,road_loopA_r1,6731.0,6822.5,91.5,1298.2,51.1,0
5098,car,4.5,road_loopA_f0,road_loopA_f1,6691.1,6824.3,133.2,1302.8,35.2,1
5117,car,4.5,road_loopA_r0,road_loopA_r1,6704.5,6825.2,120.7,1298.2,38.7,1
5096,car,4.5,road_loopA_f0,road_loopA_f1,6689.9,6825.5,135.6,1303.1,34.6,1
5122,bus,11.0,road_loopA_r0,road_loopA_r1,6708.2,6825.5,117.3,1297.4,39.8,0
5114,car,4.5,road_loopA_f0,road_loopA_f1,6703.0,6826.1,123.1,1303.7,38.1,1
5108,suv,4.8,road_loopA_f0,road_loopA_f1,6699.9,6827.2,127.3,1303.0,36.8,1
5116,car,4.5,road_loopA_f0,road_loopA_f1,6704.2,6827.4,123.2,1303.9,38.1,0
5147,car,4.5,road_loopA_r0,road_loopA_r1,6726.6,6827.7,101.1,1298.1,46.2,0
5154,suv,4.8,road_loopA_r0,road_loopA_r1,6732.8,6827.9,95.1,1298.2,49.1,0
5129,car,4.5,road_loopA_f0,road_loopA_f1,6715.5,6829.3,113.8,1302.8,41.2,0
5138,truck,8.5,road_loopA_r0,road_loopA_r1,6720.2,6830.1,109.9,1298.1,42.5,0
5069,suv,4.8,road_loopA_f0,road_loopA_f1,6667.2,6830.2,163.0,1302.9,28.8,1
4970,car,4.5,road_loopA_r0,xloopA_0Bb,6582.8,6831.1,248.3,895.5,13.0,3
5146,car,4.5,road_loopA_f0,road_loopA_f1,6726.6,6831.3,104.7,1303.8,44.8,0
5142,suv,4.8,road_loopA_r0,road_loopA_r1,6723.9,6831.4,107.5,1297.5,43.4,0
5088,car,4.5,road_loopA_f0,xloopA_0Ab,6681.6,6831.7,150.1,505.1,12.1,1
5163,car,4.5,road_loopA_r0,road_loopA_r1,6740.8,6832.4,91.6,1298.0,51.0,0
5123,car,4.5,road_loopA_f0,road_loopA_f1,6708.9,6832.8,123.9,1303.8,37.9,0
5161,suv,4.8,road_loopA_r0,road_loopA_r1,6739.8,6833.1,93.3,1297.3,50.0,0
5156,car,4.5,road_loopA_r0,road_loopA_r1,6736.1,6833.6,97.5,1297.3,47.9,0
4987,suv,4.8,road_loopA_r0,xloopA_0Bb,6599.9,6833.8,233.9,896.0,13.8,3
5127,suv,4.8,road_loopA_f0,road_loopA_f1,6715.1,6833.9,118.8,1302.9,39.5,0
5149,suv,4.8,road_loopA_f0,road_loopA_f1,6730.2,6833.9,103.7,1303.8,45.3,0
5094,car,4.5,road_loopA_f0,xloopA_0Ab,6687.0,6834.3,147.3,505.1,12.3,1
5165,car,4.5,road_loopA_r0,road_loopA_r1,6742.8,6835.1,92.3,1297.8,50.6,0
5005,car,4.5,road_loopA_r0,xloopA_0Bb,6614.4,6836.4,222.0,895.5,14.5,2
5132,car,4.5,road_loopA_f0,road_loopA_f1,6718.2,6836.4,118.2,1303.3,39.7,0
5136,suv,4.8,road_loopA_f0,road_loopA_f1,6720.0,6836.9,116.9,1302.8,40.1,1
5139,car,4.5,road_loopA_f0,xloopA_0Ab,6720.6,6837.0,116.4,505.3,15.6,2
5171,suv,4.8,road_loopA_r0,road_loopA_r1,6748.2,6837.2,89.0,1298.0,52.5,0
5077,car,4.5,road_loopA_f0,road_loopA_f1,6674.8,6838.8,164.0,1303.1,28.6,1
5033,suv,4.8,road_loopA_r0,xloopA_0Bb,6633.7,6839.1,205.4,895.7,15.7,1
5166,car,4.5,road_loopA_f0,xloopA_0Ab,6743.1,6839.6,96.5,504.9,18.8,2
5151,car,4.5,road_loopA_f0,road_loopA_f1,6731.6,6839.9,108.3,1303.5,43.3,0
5158,car,4.5,road_loopA_f0,road_loopA_f1,6738.1,6841.1,103.0,1303.7,45.6,0
5130,suv,4.8,road_loopA_f0,road_loopA_f1,6716.8,6841.2,124.4,1304.0,37.7,0
5060,car,4.5,road_loopA_r0,xloopA_0Bb,6662.3,6841.8,179.5,895.6,18.0,1
5174,car,4.5,road_loopA_f0,xloopA_0Ab,6754.8,6842.3,87.5,505.1,20.8,1
5018,car,4.5,xloopA_0Ba,road_loopA_f1,6621.7,6842.4,220.7,902.7,14.7,1
5073,suv,4.8,road_loopA_f0,road_loopA_f1,6670.2,6844.1,173.9,1302.9,27.0,1
5090,truck,8.5,road_loopA_f0,road_loopA_f1,6684.6,6845.0,160.4,1303.3,29.2,1
5159,suv,4.8,road_loopA_f0,road_loopA_f1,6738.1,6845.6,107.5,1303.7,43.7,0
5179,car,4.5,road_loopA_r0,road_loopA_r1,6756.3,6845.9,89.6,1297.3,52.1,0
5155,car,4.5,xloopA_0Ba,xloopA_0Bb,6733.5,6846.0,112.5,84.4,2.7,1
5153,truck,8.5,road_loopA_f0,road_loopA_f1,6732.0,6846.2,114.2,1303.2,41.1,0
5172,car,4.5,road_loopA_f0,road_loopA_f1,6751.4,6847.3,95.9,1302.9,48.9,0
5097,truck,8.5,road_loopA_f0,road_loopA_f1,6690.7,6847.5,156.8,1303.6,29.9,1
5162,car,4.5,road_loopA_f0,road_loopA_f1,6740.5,6848.2,107.7,1303.7,43.6,0
5168,car,4.5,xloopA_0Aa,xloopA_0Ab,6745.9,6848.3,102.4,84.0,3.0,1
5099,car,4.5,road_loopA_f0,road_loopA_f1,6691.9,6849.5,157.6,1303.7,29.8,1
5167,suv,4.8,road_loopA_f0,road_loopA_f1,6745.8,6849.9,104.1,1302.8,45.0,0
5180,car,4.5,road_loopA_f0,road_loopA_f1,6757.7,6851.1,93.4,1303.0,50.2,0
5104,car,4.5,road_loopA_f0,road_loopA_f1,6694.6,6851.3,156.7,1304.1,30.0,1
5170,truck,8.5,road_loopA_r0,road_loopA_r1,6747.9,6851.4,103.5,1298.0,45.1,0
5181,car,4.5,road_loopA_f0,road_loopA_f1,6759.1,6852.0,92.9,1303.7,50.5,0
5249,car,4.5,xloopA_0Ba,xloopA_0Bb,6810.1,6852.5,42.4,84.1,7.1,0
5183,car,4.5,road_loopA_f0,road_loopA_f1,6760.3,6852.6,92.3,1303.0,50.8,0
5111,car,4.5,road_loopA_f0,road_loopA_f1,6701.6,6853.2,151.6,1304.0,31.0,1
5187,car,4.5,road_loopA_f0,road_loopA_f1,6761.8,6854.4,92.6,1303.0,50.7,0
5280,car,4.5,xloopA_0Ba,xloopA_0Bb,6830.3,6854.4,24.1,84.5,12.6,0
5101,truck,8.5,road_loopA_f0,road_loopA_f1,6692.6,6855.3,162.7,1303.3,28.8,1
5148,truck,8.5,road_loopA_f0,road_loopA_f1,6728.7,6855.5,126.8,1304.0,37.0,0
5285,car,4.5,xloopA_0Aa,xloopA_0Ab,6832.5,6856.1,23.6,84.2,12.8,0
5290,car,4.5,xloopA_0Ba,xloopA_0Bb,6836.1,6857.2,21.1,84.4,14.4,0
5193,car,4.5,road_loopA_f0,road_loopA_f1,6766.2,6857.3,91.1,1303.0,51.5,0
5160,suv,4.8,road_loopA_f0,road_loopA_f1,6739.1,6857.5,118.4,1303.7,39.6,0
5300,car,4.5,xloopA_0Aa,xloopA_0Ab,6842.3,6859.2,16.9,84.3,18.0,0
5188,car,4.5,road_loopA_f0,road_loopA_f1,6761.8,6859.6,97.8,1303.4,48.0,0
5164,truck,8.5,road_loopA_f0,road_loopA_f1,6742.9,6859.8,116.9,1303.7,40.1,0
5169,car,4.5,road_loopA_f0,road_loopA_f1,6747.3,6861.9,114.6,1303.3,40.9,0
5196,truck,8.5,road_loopA_f0,road_loopA_f1,6768.2,6865.3,97.1,1303.1,48.3,0
5200,car,4.5,road_loopA_f0,road_loopA_f1,6773.1,6866.1,93.0,1303.1,50.4,0
5208,car,4.5,road_loopA_f0,road_loopA_f1,6778.0,6869.9,91.9,1303.0,51.0,0
5202,truck,8.5,road_loopA_f0,road_loopA_f1,6774.2,6870.2,96.0,1303.0,48.9,0
5204,car,4.5,road_loopA_f0,road_loopA_f1,6776.0,6871.1,95.1,1303.3,49.3,0
5214,car,4.5,road_loopA_f0,road_loopA_f1,6782.5,6872.5,90.0,1304.0,52.2,0
5199,car,4.5,road_loopA_f0,road_loopA_f1,6773.0,6882.9,109.9,1303.5,42.7,0
5236,car,4.5,road_loopA_f0,xloopA_0Bb,6797.7,6882.9,85.2,478.8,20.2,1
5212,suv,4.8,road_loopA_f0,road_loopA_f1,6781.0,6886.5,105.5,1303.1,44.4,0
345,tram,34.0,loopA,loopA,2455.1,6886.6,4431.5,33703.3,27.4,43
5252,suv,4.8,road_loopA_f0,xloopA_0Bb,6811.9,6886.7,74.8,479.2,23.0,1
5191,truck,8.5,road_loopA_f0,road_loopA_f1,6765.4,6894.2,128.8,1302.8,36.4,0
5157,bus,11.0,road_loopA_f0,road_loopA_f1,6737.8,6896.1,158.3,1302.8,29.6,2
5176,suv,4.8,road_loopA_r0,road_loopA_r1,6755.9,6901.9,146.0,1298.6,32.0,1
5186,car,4.5,road_loopA_r0,road_loopA_r1,6761.5,6904.0,142.5,1297.5,32.8,1
5173,suv,4.8,road_loopA_r0,road_loopA_r1,6754.6,6908.5,153.9,1297.6,30.4,1
5195,car,4.5,road_loopA_r0,road_loopA_r1,6768.1,6909.3,141.2,1297.9,33.1,1
5251,car,4.5,road_loopA_r0,xloopA_0Ab,6811.6,6909.4,97.8,869.1,32.0,1
5198,car,4.5,xloopA_0Aa,road_loopA_r1,6771.1,6910.6,139.5,506.5,13.1,1
5175,suv,4.8,road_loopA_r0,road_loopA_r1,6755.3,6911.4,156.1,1298.5,29.9,1
5192,car,4.5,road_loopA_r0,road_loopA_r1,6765.8,6911.5,145.7,1298.1,32.1,1
5301,car,4.5,xloopA_0Ba,road_loopA_r1,6844.1,6912.8,68.7,476.9,25.0,0
5184,car,4.5,road_loopA_r0,road_loopA_r1,6760.5,6914.9,154.4,1297.7,30.3,1
5211,truck,8.5,road_loopA_r0,road_loopA_r1,6780.7,6915.0,134.3,1297.5,34.8,1
5201,car,4.5,road_loopA_r0,road_loopA_r1,6774.2,6916.6,142.4,1298.5,32.8,1
5197,truck,8.5,road_loopA_r0,road_loopA_r1,6768.6,6919.0,150.4,1298.0,31.1,1
5189,car,4.5,xloopA_0Ba,road_loopA_r1,6762.4,6919.1,156.7,476.6,10.9,1
5215,suv,4.8,road_loopA_r0,road_loopA_r1,6782.5,6919.1,136.6,1297.7,34.2,1
5222,car,4.5,road_loopA_r0,road_loopA_r1,6788.2,6920.4,132.2,1297.8,35.3,1
5177,car,4.5,road_loopA_r0,road_loopA_r1,6756.2,6920.8,164.6,1298.2,28.4,1
5205,suv,4.8,road_loopA_r0,road_loopA_r1,6776.8,6921.2,144.4,1297.5,32.4,1
5185,car,4.5,road_loopA_r0,road_loopA_r1,6760.7,6922.4,161.7,1297.7,28.9,1
5217,car,4.5,road_loopA_r0,road_loopA_r1,6784.4,6922.4,138.0,1297.9,33.9,1
5223,car,4.5,road_loopA_r0,road_loopA_r1,6790.0,6923.4,133.4,1297.9,35.0,1
5194,car,4.5,road_loopA_r0,road_loopA_r1,6767.2,6924.0,156.8,1297.3,29.8,1
5230,suv,4.8,road_loopA_r0,road_loopA_r1,6793.9,6924.0,130.1,1298.4,35.9,1
5229,car,4.5,road_loopA_r0,road_loopA_r1,6792.8,6924.9,132.1,1297.3,35.3,1
5206,car,4.5,road_loopA_r0,road_loopA_r1,6777.1,6925.7,148.6,1298.2,31.5,1
5246,car,4.5,road_loopA_r0,road_loopA_r1,6807.8,6926.8,119.0,1298.6,39.3,0
5257,car,4.5,road_loopA_r0,road_loopA_r1,6817.2,6927.1,109.9,1298.6,42.5,0
5210,suv,4.8,road_loopA_r0,road_loopA_r1,6780.2,6927.8,147.6,1298.0,31.7,1
5241,car,4.5,road_loopA_r0,road_loopA_r1,6804.8,6928.8,124.0,1298.0,37.7,0
5213,suv,4.8,road_loopA_r0,road_loopA_r1,6781.4,6929.6,148.2,1297.9,31.5,1
5263,suv,4.8,road_loopA_r0,road_loopA_r1,6818.7,6929.8,111.1,1297.6,42.0,0
5220,car,4.5,road_loopA_r0,road_loopA_r1,6786.6,6931.2,144.6,1297.4,32.3,1
5221,car,4.5,road_loopA_f0,road_loopA_f1,6787.0,6931.2,144.2,1302.8,32.5,1
5216,car,4.5,road_loopA_r0,road_loopA_r1,6783.5,6931.3,147.8,1297.6,31.6,1
5271,suv,4.8,road_loopA_r0,road_loopA_r1,6825.8,6932.5,106.7,1298.5,43.8,0
5250,truck,8.5,road_loopA_r0,road_loopA_r1,6811.4,6932.9,121.5,1297.3,38.4,1
5266,car,4.5,road_loopA_r0,road_loopA_r1,6820.8,6934.3,113.5,1298.0,41.2,0
5256,car,4.5,road_loopA_r0,road_loopA_r1,6816.0,6934.4,118.4,1298.5,39.5,0
5282,car,4.5,road_loopA_r0,road_loopA_r1,6831.2,6935.2,104.0,1298.3,44.9,0
5258,car,4.5,road_loopA_r0,road_loopA_r1,6817.3,6936.1,118.8,1297.8,39.3,0
5298,suv,4.8,road_loopA_r0,road_loopA_r1,6841.4,6936.8,95.4,1298.2,49.0,0
5224,car,4.5,road_loopA_f0,road_loopA_f1,6790.3,6937.4,147.1,1303.1,31.9,1
5264,suv,4.8,road_loopA_r0,road_loopA_r1,6819.4,6937.9,118.5,1297.8,39.4,0
5286,car,4.5,road_loopA_r0,road_loopA_r1,6832.6,6938.2,105.6,1297.4,44.2,0
5270,car,4.5,road_loopA_r0,road_loopA_r1,6824.6,6938.4,113.8,1297.6,41.1,0
5226,car,4.5,road_loopA_f0,road_loopA_f1,6791.3,6939.1,147.8,1303.2,31.7,1
5219,car,4.5,road_loopA_f0,road_loopA_f1,6785.0,6940.1,155.1,1304.0,30.3,1
5268,car,4.5,road_loopA_r0,road_loopA_r1,6821.8,6940.4,118.6,1297.3,39.4,0
5227,car,4.5,road_loopA_f0,road_loopA_f1,6792.2,6940.6,148.4,1304.0,31.6,1
5232,car,4.5,road_loopA_f0,road_loopA_f1,6795.6,6940.9,145.3,1303.2,32.3,1
5274,car,4.5,road_loopA_r0,road_loopA_r1,6828.9,6941.1,112.2,1298.0,41.6,0
5291,car,4.5,road_loopA_r0,road_loopA_r1,6836.4,6941.2,104.8,1297.6,44.6,0
5287,car,4.5,road_loopA_r0,road_loopA_r1,6833.2,6942.0,108.8,1298.1,43.0,0
5238,car,4.5,road_loopA_f0,road_loopA_f1,6801.1,6942.6,141.5,1303.1,33.2,1
5281,car,4.5,road_loopA_r0,road_loopA_r1,6830.5,6942.9,112.4,1297.8,41.6,0
5231,suv,4.8,road_loopA_f0,road_loopA_f1,6794.2,6943.7,149.5,1303.7,31.4,1
5289,car,4.5,road_loopA_r0,road_loopA_r1,6835.8,6943.7,107.9,1297.7,43.3,0
5243,suv,4.8,road_loopA_f0,road_loopA_f1,6805.7,6943.8,138.1,1302.9,34.0,1
5278,suv,4.8,road_loopA_r0,road_loopA_r1,6829.9,6944.8,114.9,1298.3,40.7,0
5244,car,4.5,road_loopA_f0,road_loopA_f1,6806.0,6946.4,140.4,1303.9,33.4,1
5295,car,4.5,road_loopA_r0,road_loopA_r1,6840.2,6946.5,106.3,1297.4,43.9,0
5178,bus,11.0,road_loopA_r0,road_loopA_r1,6756.1,6946.9,190.8,1297.8,24.5,2
5254,car,4.5,road_loopA_f0,road_loopA_f1,6815.5,6948.8,133.3,1303.2,35.2,1
5228,car,4.5,road_loopA_f0,road_loopA_f1,6792.7,6949.6,156.9,1303.6,29.9,1
5299,car,4.5,road_loopA_r0,road_loopA_r1,6842.3,6950.6,108.3,1298.1,43.1,0
5253,car,4.5,road_loopA_f0,road_loopA_f1,6815.3,6951.5,136.2,1303.1,34.5,1
5273,car,4.5,road_loopA_r0,road_loopA_r1,6828.5,6951.5,123.0,1297.9,38.0,0
5240,car,4.5,road_loopA_f0,road_loopA_f1,6804.4,6952.2,147.8,1303.9,31.8,1
5309,car,4.5,road_loopA_r0,road_loopA_r1,6854.2,6952.6,98.4,1297.8,47.5,0
5239,car,4.5,road_loopA_f0,road_loopA_f1,6804.1,6953.0,148.9,1303.4,31.5,1
5284,car,4.5,road_loopA_r0,road_loopA_r1,6832.1,6953.3,121.2,1298.2,38.6,0
5293,suv,4.8,road_loopA_r0,road_loopA_r1,6836.9,6953.6,116.7,1298.0,40.0,0
5310,suv,4.8,road_loopA_r0,road_loopA_r1,6857.1,6954.2,97.1,1298.7,48.1,0
5075,car,4.5,road_loopA_r0,xloopA_0Bb,6672.1,6955.2,283.1,895.3,11.4,2
5296,suv,4.8,road_loopA_r0,road_loopA_r1,6840.5,6955.3,114.8,1298.3,40.7,0
5234,car,4.5,xloopA_0Aa,road_loopA_f1,6796.4,6955.3,158.9,872.4,19.8,0
5247,car,4.5,road_loopA_f0,road_loopA_f1,6809.2,6955.6,146.4,1304.0,32.1,1
5190,car,4.5,road_loopA_f0,xloopA_0Ab,6764.9,6955.8,190.9,505.4,9.5,2
5313,car,4.5,road_loopA_r0,road_loopA_r1,6858.9,6956.5,97.6,1298.1,47.9,0
5305,car,4.5,road_loopA_r0,road_loopA_r1,6850.3,6956.8,106.5,1298.6,43.9,0
5261,car,4.5,road_loopA_f0,road_loopA_f1,6818.1,6957.0,138.9,1303.8,33.8,1
5242,car,4.5,road_loopA_f0,road_loopA_f1,6805.8,6957.6,151.8,1303.7,30.9,1
5076,suv,4.8,road_loopA_r0,xloopA_0Bb,6673.2,6957.9,284.7,895.9,11.3,2
5316,car,4.5,road_loopA_r0,road_loopA_r1,6860.7,6957.9,97.2,1297.7,48.1,0
5311,car,4.5,road_loopA_r0,road_loopA_r1,6857.3,6958.4,101.1,1298.3,46.3,0
5352,car,4.5,road_loopA_f0,xloopA_0Ab,6888.6,6958.4,69.8,505.4,26.0,1
5245,car,4.5,road_loopA_f0,road_loopA_f1,6807.1,6959.3,152.2,1302.9,30.8,1
5315,car,4.5,road_loopA_r0,road_loopA_r1,6860.4,6960.1,99.7,1297.7,46.9,0
5255,car,4.5,road_loopA_f0,road_loopA_f1,6815.6,6960.7,145.1,1302.9,32.3,1
5302,suv,4.8,road_loopA_r0,road_loopA_r1,6844.5,6961.0,116.5,1297.6,40.1,0
5320,car,4.5,road_loopA_r0,road_loopA_r1,6864.1,6961.1,97.0,1298.2,48.2,0
5361,suv,4.8,road_loopA_f0,xloopA_0Ab,6900.6,6961.1,60.5,505.7,30.1,1
5115,truck,8.5,road_loopA_r0,xloopA_0Bb,6703.5,6961.3,257.8,895.7,12.5,2
5269,car,4.5,road_loopA_f0,road_loopA_f1,6822.1,6962.0,139.9,1303.1,33.5,1
5318,truck,8.5,road_loopA_r0,road_loopA_r1,6863.5,6962.4,98.9,1298.1,47.2,0
5272,car,4.5,road_loopA_f0,road_loopA_f1,6826.8,6963.7,136.9,1303.1,34.3,1
5325,car,4.5,road_loopA_r0,road_loopA_r1,6868.5,6964.1,95.6,1298.0,48.9,0
5262,car,4.5,road_loopA_f0,road_loopA_f1,6818.2,6964.6,146.4,1303.4,32.0,1
5317,car,4.5,road_loopA_r0,road_loopA_r1,6863.1,6964.8,101.7,1298.2,45.9,0
5235,car,4.5,road_loopA_r0,road_loopA_r1,6796.9,6965.5,168.6,1298.2,27.7,1
5182,car,4.5,xloopA_0Aa,road_loopA_f1,6760.2,6965.7,205.5,872.1,15.3,1
5248,suv,4.8,road_loopA_f0,road_loopA_f1,6809.1,6965.8,156.7,1303.0,29.9,1
5277,suv,4.8,road_loopA_f0,road_loopA_f1,6829.3,6966.3,137.0,1303.6,34.2,1
5328,car,4.5,road_loopA_r0,road_loopA_r1,6870.6,6966.5,95.9,1297.3,48.7,0
5307,suv,4.8,road_loopA_r0,road_loopA_r1,6853.1,6967.3,114.2,1298.0,40.9,0
5209,car,4.5,xloopA_0Ba,road_loopA_f1,6779.3,6967.7,188.4,902.8,17.2,1
5336,car,4.5,xloopA_0Aa,xloopA_0Ab,6876.7,6967.9,91.2,84.6,3.3,1
5303,car,4.5,road_loopA_f0,road_loopA_f1,6847.2,6968.0,120.8,1303.0,38.8,0
5332,car,4.5,xloopA_0Ba,xloopA_0Bb,6874.8,6968.0,93.2,84.5,3.3,1
5207,suv,4.8,road_loopA_r0,road_loopA_r1,6777.2,6968.3,191.1,1298.6,24.5,1
5331,car,4.5,road_loopA_r0,road_loopA_r1,6872.1,6968.3,96.2,1297.9,48.6,0
5218,car,4.5,road_loopA_f0,road_loopA_f1,6785.0,6969.4,184.4,1303.6,25.4,1
5259,car,4.5,road_loopA_f0,road_loopA_f1,6817.8,6970.0,152.2,1302.9,30.8,1
5288,truck,8.5,road_loopA_f0,road_loopA_f1,6835.1,6970.7,135.6,1302.8,34.6,1
5225,truck,8.5,road_loopA_f0,road_loopA_f1,6791.1,6971.6,180.5,1303.6,26.0,1
5267,car,4.5,road_loopA_f0,road_loopA_f1,6821.4,6971.9,150.5,1303.5,31.2,1
5319,truck,8.5,road_loopA_f0,road_loopA_f1,6863.8,6973.1,109.3,1302.9,42.9,0
5349,car,4.5,xloopA_0Ba,xloopA_0Bb,6886.1,6973.1,87.0,84.6,3.5,1
5387,car,4.5,xloopA_0Aa,xloopA_0Ab,6920.6,6973.2,52.6,84.0,5.7,1
5237,car,4.5,road_loopA_f0,road_loopA_f1,6800.5,6973.6,173.1,1303.9,27.1,1
5279,suv,4.8,road_loopA_f0,road_loopA_f1,6830.2,6973.7,143.5,1303.7,32.7,1
5322,car,4.5,road_loopA_f0,road_loopA_f1,6865.2,6975.1,109.9,1303.2,42.7,0
5265,suv,4.8,road_loopA_f0,road_loopA_f1,6820.3,6975.4,155.1,1303.9,30.3,1
5294,car,4.5,road_loopA_f0,road_loopA_f1,6838.9,6975.4,136.5,1303.2,34.4,1
5324,suv,4.8,road_loopA_f0,road_loopA_f1,6866.4,6976.9,110.5,1303.4,42.5,0
5297,car,4.5,road_loopA_f0,road_loopA_f1,6840.9,6977.2,136.3,1303.8,34.4,1
5275,truck,8.5,road_loopA_f0,road_loopA_f1,6829.0,6977.5,148.5,1303.7,31.6,1
5333,car,4.5,road_loopA_f0,road_loopA_f1,6875.2,6978.7,103.5,1303.9,45.4,0
5304,car,4.5,road_loopA_f0,road_loopA_f1,6847.3,6979.0,131.7,1303.2,35.6,1
5283,car,4.5,road_loopA_f0,road_loopA_f1,6831.5,6979.5,148.0,1302.9,31.7,1
5342,car,4.5,road_loopA_f0,road_loopA_f1,6881.7,6980.4,98.7,1303.3,47.5,0
5292,suv,4.8,road_loopA_f0,road_loopA_f1,6836.7,6981.3,144.6,1303.6,32.5,1
5308,truck,8.5,road_loopA_f0,road_loopA_f1,6853.7,6981.3,127.6,1303.7,36.8,0
5348,car,4.5,road_loopA_f0,road_loopA_f1,6885.4,6982.4,97.0,1302.8,48.3,0
5306,car,4.5,road_loopA_f0,road_loopA_f1,6853.1,6983.1,130.0,1303.0,36.1,7
5335,car,4.5,road_loopA_f0,road_loopA_f1,6876.4,6983.3,106.9,1304.0,43.9,0
5334,car,4.5,road_loopA_f0,road_loopA_f1,6875.9,6984.3,108.4,1302.9,43.3,0
5314,car,4.5,road_loopA_f0,road_loopA_f1,6860.4,6984.9,124.5,1303.3,37.7,0
5323,car,4.5,road_loopA_f0,road_loopA_f1,6865.5,6985.1,119.6,1303.1,39.2,0
5321,car,4.5,road_loopA_f0,road_loopA_f1,6864.3,6986.7,122.4,1303.1,38.3,0
5327,car,4.5,road_loopA_f0,road_loopA_f1,6869.7,6986.7,117.0,1303.5,40.1,0
5345,suv,4.8,road_loopA_r0,xloopA_0Ab,6883.6,6986.7,103.1,869.6,30.4,1
5338,car,4.5,road_loopA_f0,road_loopA_f1,6878.7,6987.3,108.6,1303.4,43.2,0
5326,car,4.5,road_loopA_f0,road_loopA_f1,6868.9,6989.4,120.5,1303.4,38.9,0
5329,car,4.5,road_loopA_f0,road_loopA_f1,6870.9,6990.3,119.4,1303.1,39.3,0
5355,car,4.5,road_loopA_f0,road_loopA_f1,6892.0,6990.5,98.5,1304.2,47.7,0
5260,bus,11.0,road_loopA_r0,road_loopA_r1,6818.0,6992.6,174.6,1298.3,26.8,3
5344,suv,4.8,road_loopA_f0,road_loopA_f1,6883.6,6993.2,109.6,1303.0,42.8,0
5354,car,4.5,road_loopA_f0,road_loopA_f1,6891.1,6994.6,103.5,1303.2,45.3,0
5350,suv,4.8,road_loopA_f0,road_loopA_f1,6887.0,6995.1,108.1,1303.2,43.4,0
5312,car,4.5,road_loopA_r0,xloopA_0Ab,6858.3,6995.3,137.0,869.1,22.8,3
5380,truck,8.5,road_loopA_f0,xloopA_0Bb,6916.2,6995.3,79.1,478.5,21.8,2
5233,bus,11.0,road_loopA_f0,road_loopA_f1,6796.3,6996.2,199.9,1303.3,23.5,3
5358,car,4.5,road_loopA_f0,road_loopA_f1,6895.8,6996.3,100.5,1304.1,46.7,0
5364,car,4.5,road_loopA_f0,road_loopA_f1,6902.4,6998.0,95.6,1304.0,49.1,0
5339,car,4.5,road_loopA_r0,xloopA_0Ab,6880.1,6999.0,118.9,869.2,26.3,2
5375,suv,4.8,road_loopA_f0,road_loopA_f1,6910.0,6999.8,89.8,1303.0,52.3,0
5425,car,4.5,road_loopA_f0,xloopA_0Bb,6958.6,7005.8,47.2,478.7,36.5,0
5360,suv,4.8,road_loopA_f0,road_loopA_f1,6896.3,7006.4,110.1,1302.8,42.6,0
5436,suv,4.8,road_loopA_f0,xloopA_0Bb,6969.7,7012.3,42.6,479.1,40.5,0
5351,car,4.5,road_loopA_r0,road_loopA_r1,6887.0,7013.5,126.5,1297.5,36.9,1
5347,car,4.5,road_loopA_f0,road_loopA_f1,6884.4,7014.5,130.1,1303.7,36.1,0
5357,car,4.5,road_loopA_r0,road_loopA_r1,6892.7,7016.5,123.8,1297.4,37.7,1
5441,car,4.5,road_loopA_f0,xloopA_0Bb,6974.3,7017.2,42.9,478.8,40.2,0
5353,car,4.5,road_loopA_r0,road_loopA_r1,6889.9,7018.8,128.9,1298.3,36.3,1
5330,suv,4.8,road_loopA_r0,road_loopA_r1,6871.3,7019.1,147.8,1297.8,31.6,1
5356,car,4.5,road_loopA_r0,road_loopA_r1,6892.3,7019.4,127.1,1297.3,36.7,1
5370,car,4.5,road_loopA_r0,road_loopA_r1,6907.4,7020.9,113.5,1297.9,41.2,0
5422,suv,4.8,road_loopA_r0,xloopA_0Ab,6953.2,7022.7,69.5,869.4,45.0,0
5367,suv,4.8,road_loopA_r0,road_loopA_r1,6905.8,7023.4,117.6,1298.0,39.7,1
5363,car,4.5,road_loopA_r0,road_loopA_r1,6902.1,7023.6,121.5,1298.3,38.5,0
5381,car,4.5,road_loopA_r0,road_loopA_r1,6916.7,7025.7,109.0,1298.5,42.9,0
5377,truck,8.5,road_loopA_r0,road_loopA_r1,6910.7,7026.5,115.8,1298.0,40.3,0
5389,car,4.5,road_loopA_r0,road_loopA_r1,6920.9,7027.7,106.8,1298.5,43.8,0
5392,suv,4.8,road_loopA_r0,road_loopA_r1,6924.6,7029.5,104.9,1298.6,44.6,0
5343,car,4.5,xloopA_0Ba,road_loopA_r1,6882.2,7030.3,148.1,476.7,11.6,1
5457,car,4.5,road_loopA_f0,xloopA_0Bb,6988.5,7030.9,42.4,478.8,40.6,0
5394,truck,8.5,road_loopA_r0,road_loopA_r1,6926.6,7032.4,105.8,1298.0,44.2,0
5463,suv,4.8,road_loopA_f0,xloopA_0Bb,6991.8,7033.9,42.1,479.2,41.0,0
5398,car,4.5,road_loopA_r0,road_loopA_r1,6930.1,7034.4,104.3,1298.4,44.8,0
5402,suv,4.8,road_loopA_r0,road_loopA_r1,6936.9,7036.1,99.2,1298.1,47.1,0
5429,car,4.5,xloopA_0Aa,road_loopA_r1,6962.3,7037.4,75.1,507.1,24.3,0
5390,truck,8.5,road_loopA_r0,road_loopA_r1,6922.0,7038.9,116.9,1297.6,40.0,0
5346,car,4.5,road_loopA_r0,road_loopA_r1,6884.3,7039.0,154.7,1297.3,30.2,1
5410,car,4.5,road_loopA_r0,road_loopA_r1,6945.4,7039.6,94.2,1298.3,49.6,0
5340,car,4.5,road_loopA_r0,road_loopA_r1,6880.1,7040.7,160.6,1297.4,29.1,1
5440,suv,4.8,road_loopA_r0,xloopA_0Ab,6973.5,7041.4,67.9,869.3,46.1,0
5365,car,4.5,road_loopA_r0,road_loopA_r1,6904.9,7042.3,137.4,1298.5,34.0,1
5359,car,4.5,road_loopA_r0,road_loopA_r1,6896.1,7042.4,146.3,1297.9,31.9,1
5414,suv,4.8,road_loopA_r0,road_loopA_r1,6947.5,7042.4,94.9,1297.4,49.2,0
5379,car,4.5,road_loopA_f0,road_loopA_f1,6913.7,7042.5,128.8,1302.8,36.4,1
5401,truck,8.5,road_loopA_r0,road_loopA_r1,6935.5,7043.6,108.1,1297.9,43.2,0
5341,bus,11.0,road_loopA_f0,road_loopA_f1,6880.4,7044.5,164.1,1302.9,28.6,2
5366,suv,4.8,road_loopA_r0,road_loopA_r1,6905.6,7044.6,139.0,1297.6,33.6,1
5411,suv,4.8,road_loopA_r0,road_loopA_r1,6946.8,7044.8,98.0,1298.2,47.7,0
5395,car,4.5,road_loopA_r0,road_loopA_r1,6927.2,7046.0,118.8,1297.5,39.3,0
5371,car,4.5,road_loopA_r0,road_loopA_r1,6908.3,7046.5,138.2,1298.0,33.8,1
5407,car,4.5,road_loopA_r0,road_loopA_r1,6944.1,7047.9,103.8,1298.2,45.0,0
5376,car,4.5,road_loopA_r0,road_loopA_r1,6910.6,7048.3,137.7,1298.4,33.9,1
5368,car,4.5,road_loopA_f0,road_loopA_f1,6906.7,7048.6,141.9,1303.4,33.1,1
5483,car,4.5,road_loopA_f0,xloopA_0Bb,7009.4,7049.5,40.1,478.8,43.0,0
5405,car,4.5,road_loopA_f0,road_loopA_f1,6939.8,7049.8,110.0,1303.8,42.7,1
5378,car,4.5,road_loopA_r0,road_loopA_r1,6911.1,7050.1,139.0,1298.5,33.6,0
5372,car,4.5,road_loopA_r0,road_loopA_r1,6908.4,7050.7,142.3,1297.5,32.8,1
5382,truck,8.5,road_loopA_r0,road_loopA_r1,6918.0,7052.4,134.4,1297.7,34.8,0
5413,truck,8.5,road_loopA_r0,road_loopA_r1,6947.5,7052.4,104.9,1297.7,44.5,0
5415,car,4.5,road_loopA_f0,road_loopA_f1,6948.2,7052.8,104.6,1303.6,44.9,0
5424,truck,8.5,road_loopA_r0,road_loopA_r1,6957.5,7054.2,96.7,1298.2,48.3,0
5393,suv,4.8,road_loopA_r0,road_loopA_r1,6925.4,7054.4,129.0,1297.3,36.2,0
5397,car,4.5,road_loopA_f0,road_loopA_f1,6929.5,7056.2,126.7,1303.0,37.0,1
640,tram,34.0,loopB,loopB,2715.9,7056.4,4340.5,33673.4,27.9,42
5400,truck,8.5,road_loopA_r0,road_loopA_r1,6934.6,7056.7,122.1,1298.6,38.3,0
5423,car,4.5,road_loopA_r0,road_loopA_r1,6955.2,7056.9,101.7,1298.4,46.0,0
5412,car,4.5,road_loopA_r0,xloopA_0Ab,6947.3,7057.6,110.3,869.1,28.4,1
5430,car,4.5,road_loopA_r0,road_loopA_r1,6963.5,7057.7,94.2,1298.6,49.6,0
5404,truck,8.5,road_loopA_r0,road_loopA_r1,6938.5,7059.1,120.6,1298.4,38.8,0
5420,suv,4.8,road_loopA_r0,road_loopA_r1,6952.0,7059.1,107.1,1297.4,43.6,0
5428,car,4.5,road_loopA_r0,road_loopA_r1,6961.3,7059.7,98.4,1298.0,47.5,0
5409,car,4.5,road_loopA_f0,road_loopA_f1,6945.3,7060.1,114.8,1303.5,40.9,0
5426,car,4.5,road_loopA_f0,road_loopA_f1,6961.2,7061.4,100.2,1303.4,46.8,0
5419,car,4.5,road_loopA_f0,road_loopA_f1,6951.8,7062.0,110.2,1303.3,42.6,0
5385,car,4.5,road_loopA_f0,road_loopA_f1,6919.9,7063.0,143.1,1303.7,32.8,1
5427,suv,4.8,road_loopA_f0,road_loopA_f1,6961.4,7063.8,102.4,1304.0,45.8,0
5445,car,4.5,road_loopA_r0,road_loopA_r1,6975.4,7065.0,89.6,1297.6,52.1,0
5131,suv,4.8,road_loopA_r0,xloopA_0Bb,6717.7,7066.4,348.7,895.9,9.2,4
5369,car,4.5,road_loopA_f0,xloopA_0Ab,6907.4,7066.8,159.4,505.0,11.4,1
5447,suv,4.8,road_loopA_r0,road_loopA_r1,6976.7,7067.0,90.3,1298.1,51.8,0
5388,truck,8.5,road_loopA_f0,road_loopA_f1,6920.8,7068.9,148.1,1303.5,31.7,1
5276,car,4.5,road_loopA_r0,xloopA_0Bb,6829.2,7069.0,239.8,895.7,13.4,2
5489,car,4.5,road_loopA_f0,xloopA_0Ab,7014.3,7069.4,55.1,505.1,33.0,0
5449,car,4.5,road_loopA_r0,road_loopA_r1,6981.8,7071.2,89.4,1298.1,52.2,0
5337,car,4.5,road_loopA_r0,xloopA_0Bb,6877.2,7071.6,194.4,895.4,16.6,1
5498,car,4.5,road_loopA_f0,xloopA_0Ab,7022.2,7072.0,49.8,504.9,36.5,0
5437,car,4.5,road_loopA_f0,road_loopA_f1,6970.4,7072.8,102.4,1304.2,45.8,0
5431,suv,4.8,road_loopA_r0,road_loopA_r1,6966.2,7073.1,106.9,1298.3,43.7,0
5432,car,4.5,road_loopA_f0,road_loopA_f1,6966.7,7073.1,106.4,1303.7,44.1,0
5373,car,4.5,road_loopA_r0,xloopA_0Bb,6908.5,7074.3,165.8,895.6,19.4,1
5455,car,4.5,road_loopA_r0,road_loopA_r1,6987.5,7076.5,89.0,1297.3,52.5,0
5439,truck,8.5,road_loopA_f0,road_loopA_f1,6973.1,7076.6,103.5,1303.7,45.3,0
5396,suv,4.8,road_loopA_r0,xloopA_0Bb,6928.3,7077.0,148.7,895.8,21.7,2
5450,car,4.5,road_loopA_r0,road_loopA_r1,6982.1,7078.0,95.9,1297.4,48.7,0
5451,suv,4.8,road_loopA_f0,road_loopA_f1,6982.4,7078.2,95.8,1302.9,49.0,0
5448,car,4.5,road_loopA_f0,road_loopA_f1,6979.8,7079.9,100.1,1303.5,46.9,0
5444,car,4.5,road_loopA_f0,road_loopA_f1,6975.2,7081.7,106.5,1303.1,44.0,0
5435,car,4.5,xloopA_0Aa,xloopA_0Ab,6969.5,7082.5,113.0,84.6,2.7,1
5383,car,4.5,xloopA_0Ba,xloopA_0Bb,6919.1,7082.6,163.5,84.1,1.9,1
5453,car,4.5,road_loopA_r0,road_loopA_r1,6986.3,7082.7,96.4,1298.2,48.5,0
5374,car,4.5,xloopA_0Ba,road_loopA_f1,6908.5,7083.4,174.9,903.0,18.6,0
5438,car,4.5,road_loopA_f0,road_loopA_f1,6970.8,7083.8,113.0,1302.8,41.5,0
5403,truck,8.5,road_loopA_f0,road_loopA_f1,6937.7,7085.6,147.9,1303.6,31.7,1
5474,car,4.5,xloopA_0Aa,xloopA_0Ab,7001.9,7085.6,83.7,84.6,3.6,1
5362,car,4.5,xloopA_0Aa,road_loopA_f1,6901.0,7085.7,184.7,872.0,17.0,1
5446,car,4.5,road_loopA_f0,road_loopA_f1,6975.8,7086.7,110.9,1303.3,42.3,0
5408,car,4.5,road_loopA_f0,road_loopA_f1,6945.0,7087.6,142.6,1303.9,32.9,0
5479,car,4.5,xloopA_0Aa,xloopA_0Ab,7007.8,7087.6,79.8,84.4,3.8,1
5384,truck,8.5,road_loopA_f0,road_loopA_f1,6919.5,7087.9,168.4,1303.1,27.9,1
5443,car,4.5,xloopA_0Ba,xloopA_0Bb,6975.0,7088.2,113.2,84.3,2.7,0
5454,truck,8.5,road_loopA_f0,road_loopA_f1,6986.9,7088.9,102.0,1303.6,46.0,0
5417,truck,8.5,road_loopA_f0,road_loopA_f1,6950.9,7089.8,138.9,1303.5,33.8,0
5386,car,4.5,road_loopA_f0,road_loopA_f1,6919.9,7089.9,170.0,1303.2,27.6,1
5458,car,4.5,road_loopA_f0,road_loopA_f1,6988.6,7091.0,102.4,1303.0,45.8,0
5391,car,4.5,road_loopA_f0,road_loopA_f1,6923.5,7091.6,168.1,1303.0,27.9,1
5434,suv,4.8,road_loopA_f0,road_loopA_f1,6969.4,7091.8,122.4,1302.9,38.3,0
5462,car,4.5,xloopA_0Ba,xloopA_0Bb,6991.8,7091.9,100.1,84.3,3.0,0
5469,car,4.5,road_loopA_f0,road_loopA_f1,6998.5,7092.9,94.4,1303.9,49.7,0
5418,car,4.5,road_loopA_f0,road_loopA_f1,6951.7,7093.6,141.9,1303.0,33.0,0
5504,car,4.5,xloopA_0Ba,xloopA_0Bb,7030.2,7093.6,63.4,84.3,4.8,0
5399,suv,4.8,road_loopA_f0,road_loopA_f1,6931.8,7093.8,162.0,1303.2,29.0,0
5568,car,4.5,xloopA_0Aa,xloopA_0Ab,7077.4,7094.7,17.3,84.2,17.5,0
5466,car,4.5,road_loopA_f0,road_loopA_f1,6996.2,7095.2,99.0,1303.0,47.4,0
5551,car,4.5,xloopA_0Ba,xloopA_0Bb,7064.6,7095.3,30.7,84.2,9.9,0
5416,car,4.5,road_loopA_f0,road_loopA_f1,6950.6,7095.5,144.9,1302.8,32.4,0
5452,car,4.5,road_loopA_f0,road_loopA_f1,6984.3,7095.6,111.3,1303.4,42.1,0
5475,car,4.5,road_loopA_f0,road_loopA_f1,7005.1,7096.2,91.1,1303.7,51.5,0
5461,truck,8.5,road_loopA_f0,road_loopA_f1,6991.5,7097.8,106.3,1304.1,44.2,0
5421,truck,8.5,road_loopA_f0,road_loopA_f1,6952.3,7097.9,145.6,1303.3,32.2,0
5468,car,4.5,road_loopA_f0,road_loopA_f1,6998.0,7098.7,100.7,1303.5,46.6,0
5456,car,4.5,road_loopA_f0,road_loopA_f1,6987.8,7100.1,112.3,1303.8,41.8,0
5465,car,4.5,road_loopA_f0,road_loopA_f1,6994.4,7100.3,105.9,1303.2,44.3,0
5459,suv,4.8,road_loopA_f0,road_loopA_f1,6989.0,7101.9,112.9,1303.0,41.5,0
5470,car,4.5,road_loopA_f0,road_loopA_f1,6999.1,7102.1,103.0,1303.9,45.6,0
5477,car,4.5,road_loopA_f0,road_loopA_f1,7005.5,7103.4,97.9,1303.9,47.9,0
5486,car,4.5,road_loopA_f0,road_loopA_f1,7011.0,7103.8,92.8,1303.2,50.5,0
5476,car,4.5,road_loopA_f0,road_loopA_f1,7005.4,7104.4,99.0,1303.8,47.4,0
5517,car,4.5,road_loopA_f0,xloopA_0Bb,7042.7,7105.1,62.4,478.6,27.6,1
5490,car,4.5,road_loopA_f0,road_loopA_f1,7014.7,7105.6,90.9,1303.9,51.6,0
5492,suv,4.8,road_loopA_f0,road_loopA_f1,7015.7,7107.4,91.7,1303.6,51.2,0
5496,car,4.5,road_loopA_f0,road_loopA_f1,7018.9,7109.3,90.4,1303.5,51.9,0
5534,car,4.5,road_loopA_f0,xloopA_0Bb,7054.5,7111.2,56.7,478.6,30.4,0
5497,car,4.5,road_loopA_f0,road_loopA_f1,7019.0,7111.4,92.4,1303.2,50.8,0
5481,car,4.5,road_loopA_r0,xloopA_0Ab,7008.6,7113.3,104.7,868.9,29.9,2
5544,car,4.5,road_loopA_f0,xloopA_0Bb,7062.2,7114.9,52.7,478.8,32.7,0
5478,suv,4.8,road_loopA_f0,road_loopA_f1,7005.6,7115.5,109.9,1303.4,42.7,0
5488,truck,8.5,road_loopA_f0,road_loopA_f1,7013.5,7115.6,102.1,1304.0,46.0,0
5491,car,4.5,road_loopA_f0,road_loopA_f1,7015.2,7119.7,104.5,1303.0,44.9,0
5581,car,4.5,road_loopA_f0,xloopA_0Bb,7086.7,7127.8,41.1,478.8,41.9,0
5471,car,4.5,road_loopA_r0,road_loopA_r1,7000.4,7128.6,128.2,1298.6,36.5,1
5406,car,4.5,xloopA_0Ba,road_loopA_r1,6943.5,7129.0,185.5,476.1,9.2,1
5482,car,4.5,road_loopA_r0,road_loopA_r1,7008.9,7131.7,122.8,1297.7,38.0,1
5473,car,4.5,road_loopA_r0,road_loopA_r1,7001.3,7134.5,133.2,1298.0,35.1,1
5484,car,4.5,road_loopA_r0,road_loopA_r1,7009.6,7134.5,124.9,1297.6,37.4,1
5485,car,4.5,road_loopA_r0,road_loopA_r1,7010.3,7140.4,130.1,1297.3,35.9,1
5493,suv,4.8,road_loopA_r0,road_loopA_r1,7016.1,7140.4,124.3,1298.2,37.6,1
5494,car,4.5,road_loopA_r0,road_loopA_r1,7016.3,7142.2,125.9,1297.3,37.1,1
5511,suv,4.8,road_loopA_r0,road_loopA_r1,7036.0,7143.7,107.7,1297.3,43.4,0
5523,suv,4.8,road_loopA_r0,road_loopA_r1,7050.0,7145.2,95.2,1297.7,49.1,0
5499,truck,8.5,road_loopA_r0,road_loopA_r1,7022.5,7145.3,122.8,1297.6,38.0,0
5515,car,4.5,xloopA_0Aa,road_loopA_r1,7040.7,7146.9,106.2,506.8,17.2,0
5525,car,4.5,road_loopA_r0,road_loopA_r1,7050.5,7147.1,96.6,1298.3,48.4,0
5529,suv,4.8,road_loopA_r0,road_loopA_r1,7052.4,7148.8,96.4,1297.4,48.4,0
5467,truck,8.5,road_loopA_r0,road_loopA_r1,6997.7,7149.1,151.4,1297.6,30.9,1
5533,car,4.5,road_loopA_r0,road_loopA_r1,7053.9,7150.6,96.7,1297.3,48.3,0
5472,car,4.5,road_loopA_r0,road_loopA_r1,7000.4,7151.3,150.9,1297.9,31.0,1
5537,car,4.5,road_loopA_r0,road_loopA_r1,7056.8,7152.1,95.3,1298.4,49.0,0
5480,car,4.5,road_loopA_r0,road_loopA_r1,7008.5,7153.0,144.5,1297.7,32.3,1
5520,car,4.5,road_loopA_r0,road_loopA_r1,7047.0,7153.3,106.3,1298.3,44.0,0
5540,car,4.5,road_loopA_r0,road_loopA_r1,7058.3,7153.9,95.6,1297.8,48.9,0
5487,suv,4.8,road_loopA_r0,road_loopA_r1,7012.5,7154.8,142.3,1297.8,32.8,1
5464,bus,11.0,road_loopA_f0,road_loopA_f1,6993.8,7155.3,161.5,1303.2,29.1,2
5541,suv,4.8,road_loopA_r0,road_loopA_r1,7058.7,7155.4,96.7,1297.5,48.3,0
5500,car,4.5,road_loopA_f0,road_loopA_f1,7022.9,7156.3,133.4,1303.4,35.2,1
5521,car,4.5,road_loopA_r0,road_loopA_r1,7047.3,7157.1,109.8,1297.9,42.6,0
5547,car,4.5,road_loopA_r0,road_loopA_r1,7064.0,7157.3,93.3,1298.3,50.1,0
5506,car,4.5,road_loopA_r0,road_loopA_r1,7032.7,7157.8,125.1,1297.4,37.3,0
5552,suv,4.8,road_loopA_r0,road_loopA_r1,7064.7,7158.8,94.1,1297.3,49.6,0
5507,car,4.5,road_loopA_f0,road_loopA_f1,7033.3,7159.5,126.2,1303.9,37.2,1
5524,car,4.5,road_loopA_r0,road_loopA_r1,7050.3,7159.8,109.5,1297.2,42.6,0
5526,car,4.5,road_loopA_r0,road_loopA_r1,7050.9,7160.4,109.5,1297.7,42.6,0
5556,car,4.5,road_loopA_r0,road_loopA_r1,7067.7,7161.2,93.5,1297.3,50.0,0
5509,car,4.5,road_loopA_f0,road_loopA_f1,7035.6,7161.3,125.7,1303.3,37.3,1
5531,car,4.5,road_loopA_r0,road_loopA_r1,7053.1,7161.9,108.8,1297.5,42.9,0
5548,suv,4.8,road_loopA_r0,road_loopA_r1,7064.0,7162.3,98.3,1297.6,47.5,0
5538,car,4.5,road_loopA_r0,road_loopA_r1,7057.9,7163.1,105.2,1298.1,44.4,0
5536,car,4.5,road_loopA_r0,road_loopA_r1,7056.6,7163.7,107.1,1297.7,43.6,0
5513,car,4.5,road_loopA_f0,road_loopA_f1,7037.9,7164.0,126.1,1303.9,37.2,1
5560,car,4.5,road_loopA_r0,road_loopA_r1,7072.0,7164.5,92.5,1298.1,50.5,0
5563,suv,4.8,road_loopA_r0,road_loopA_r1,7074.6,7165.2,90.6,1298.0,51.6,0
5558,car,4.5,road_loopA_r0,road_loopA_r1,7068.0,7165.8,97.8,1297.9,47.8,0
5619,car,4.5,road_loopA_f0,xloopA_0Bb,7117.8,7166.8,49.0,478.8,35.2,0
5564,car,4.5,road_loopA_r0,road_loopA_r1,7075.3,7167.1,91.8,1298.5,50.9,0
5516,truck,8.5,road_loopA_f0,road_loopA_f1,7040.7,7167.2,126.5,1304.1,37.1,1
5559,suv,4.8,road_loopA_r0,road_loopA_r1,7071.9,7168.9,97.0,1298.5,48.2,0
5522,car,4.5,road_loopA_f0,road_loopA_f1,7047.5,7169.1,121.6,1303.3,38.6,1
5571,car,4.5,road_loopA_r0,road_loopA_r1,7080.7,7170.7,90.0,1297.8,51.9,0
5519,car,4.5,road_loopA_f0,road_loopA_f1,7045.4,7170.8,125.4,1303.0,37.4,1
5553,car,4.5,road_loopA_r0,road_loopA_r1,7066.3,7173.1,106.8,1298.2,43.8,0
5557,suv,4.8,road_loopA_r0,road_loopA_r1,7067.7,7173.4,105.7,1297.8,44.2,0
5577,suv,4.8,road_loopA_r0,road_loopA_r1,7084.4,7173.4,89.0,1297.3,52.5,0
5508,car,4.5,road_loopA_f0,road_loopA_f1,7035.3,7173.6,138.3,1304.0,33.9,1
5562,suv,4.8,road_loopA_r0,road_loopA_r1,7074.3,7175.3,101.0,1297.8,46.3,0
5574,suv,4.8,road_loopA_r0,road_loopA_r1,7081.8,7175.5,93.7,1297.7,49.8,0
5578,suv,4.8,road_loopA_r0,road_loopA_r1,7084.8,7176.9,92.1,1298.3,50.8,0
5543,car,4.5,road_loopA_f0,road_loopA_f1,7060.9,7177.4,116.5,1302.8,40.2,0
5561,suv,4.8,road_loopA_f0,road_loopA_f1,7073.0,7178.3,105.3,1304.1,44.6,0
5565,suv,4.8,road_loopA_f0,road_loopA_f1,7075.6,7180.0,104.4,1304.1,45.0,0
5575,car,4.5,road_loopA_r0,road_loopA_r1,7082.2,7181.0,98.8,1297.4,47.3,0
5567,suv,4.8,road_loopA_f0,road_loopA_f1,7076.1,7181.7,105.6,1303.9,44.5,0
5584,car,4.5,road_loopA_r0,road_loopA_r1,7087.7,7181.8,94.1,1298.1,49.7,0
5442,car,4.5,road_loopA_r0,xloopA_0Bb,6974.3,7183.0,208.7,895.4,15.4,2
5587,suv,4.8,road_loopA_r0,road_loopA_r1,7090.4,7183.2,92.8,1297.7,50.3,0
5585,car,4.5,road_loopA_r0,road_loopA_r1,7089.5,7183.5,94.0,1297.4,49.7,0
5518,car,4.5,road_loopA_f0,xloopA_0Ab,7044.8,7183.6,138.8,505.1,13.1,1
5542,car,4.5,road_loopA_f0,road_loopA_f1,7059.5,7183.7,124.2,1303.0,37.8,1
5502,car,4.5,xloopA_0Aa,road_loopA_f1,7024.4,7184.0,159.6,872.4,19.7,0
5589,suv,4.8,road_loopA_r0,road_loopA_r1,7094.2,7184.5,90.3,1297.3,51.7,0
5460,car,4.5,road_loopA_r0,xloopA_0Bb,6990.2,7185.6,195.4,895.4,16.5,2
5555,car,4.5,xloopA_0Aa,road_loopA_f1,7067.4,7185.9,118.5,872.3,26.5,0
5593,car,4.5,road_loopA_r0,road_loopA_r1,7096.5,7186.3,89.8,1297.9,52.0,0
5546,truck,8.5,road_loopA_f0,road_loopA_f1,7063.6,7186.8,123.2,1303.1,38.1,0
5530,truck,8.5,road_loopA_f0,xloopA_0Ab,7053.0,7187.0,134.0,505.2,13.6,1
5495,car,4.5,road_loopA_f0,road_loopA_f1,7016.8,7187.6,170.8,1303.8,27.5,1
5433,car,4.5,xloopA_0Ba,road_loopA_f1,6967.8,7187.7,219.9,902.5,14.8,1
5573,suv,4.8,road_loopA_f0,road_loopA_f1,7081.4,7188.9,107.5,1302.9,43.6,0
5595,car,4.5,road_loopA_r0,road_loopA_r1,7097.7,7188.9,91.2,1297.6,51.2,0
5610,suv,4.8,road_loopA_r0,xloopA_0Bb,7112.2,7189.0,76.8,895.9,42.0,0
5501,car,4.5,road_loopA_f0,road_loopA_f1,7024.0,7189.3,165.3,1303.6,28.4,1
5503,suv,4.8,road_loopA_f0,road_loopA_f1,7024.4,7189.4,165.0,1303.8,28.4,1
5532,suv,4.8,road_loopA_f0,xloopA_0Ab,7053.4,7190.1,136.7,505.4,13.3,1
5586,car,4.5,road_loopA_f0,road_loopA_f1,7089.8,7190.6,100.8,1302.9,46.5,0
5505,car,4.5,road_loopA_f0,road_loopA_f1,7031.7,7191.0,159.3,1303.7,29.5,1
5528,car,4.5,road_loopA_f0,road_loopA_f1,7051.7,7191.2,139.5,1303.5,33.6,1
5600,car,4.5,road_loopA_r0,road_loopA_r1,7102.2,7191.3,89.1,1298.5,52.5,0
5592,car,4.5,road_loopA_f0,road_loopA_f1,7096.3,7192.4,96.1,1303.9,48.9,0
5512,suv,4.8,road_loopA_f0,road_loopA_f1,7037.7,7192.8,155.1,1303.0,30.2,1
5545,suv,4.8,road_loopA_f0,xloopA_0Ab,7062.6,7192.8,130.2,504.9,14.0,1
5539,car,4.5,road_loopA_f0,road_loopA_f1,7058.1,7193.0,134.9,1302.9,34.8,1
5601,suv,4.8,road_loopA_r0,road_loopA_r1,7103.7,7194.1,90.4,1298.4,51.7,0
5514,car,4.5,road_loopA_f0,road_loopA_f1,7039.0,7194.7,155.7,1304.0,30.2,1
5554,car,4.5,road_loopA_f0,road_loopA_f1,7066.4,7194.8,128.4,1303.8,36.6,0
5590,car,4.5,road_loopA_f0,road_loopA_f1,7095.0,7195.1,100.1,1302.9,46.9,0
5527,suv,4.8,road_loopA_f0,road_loopA_f1,7051.2,7196.5,145.3,1302.9,32.3,1
5596,suv,4.8,road_loopA_f0,road_loopA_f1,7098.9,7196.5,97.6,1303.0,48.1,0
5535,car,4.5,road_loopA_f0,road_loopA_f1,7055.3,7196.6,141.3,1303.3,33.2,1
5550,suv,4.8,road_loopA_f0,road_loopA_f1,7064.3,7198.2,133.9,1302.8,35.0,0
5549,suv,4.8,road_loopA_f0,road_loopA_f1,7064.2,7198.3,134.1,1303.7,35.0,1
5598,car,4.5,road_loopA_f0,road_loopA_f1,7100.8,7198.4,97.6,1303.0,48.0,0
5648,car,4.5,xloopA_0Ba,xloopA_0Bb,7143.3,7199.1,55.8,84.6,5.5,1
5566,suv,4.8,road_loopA_f0,road_loopA_f1,7075.9,7200.1,124.2,1304.1,37.8,0
5579,car,4.5,road_loopA_f0,road_loopA_f1,7085.5,7200.1,114.6,1303.6,41.0,0
5603,car,4.5,road_loopA_f0,road_loopA_f1,7105.7,7200.2,94.5,1303.1,49.7,0
5570,car,4.5,road_loopA_f0,road_loopA_f1,7079.1,7201.8,122.7,1302.9,38.2,0
5580,truck,8.5,road_loopA_f0,road_loopA_f1,7085.5,7202.3,116.8,1304.1,40.2,0
5597,suv,4.8,road_loopA_f0,road_loopA_f1,7100.6,7203.0,102.4,1303.2,45.8,0
5682,car,4.5,xloopA_0Ba,xloopA_0Bb,7169.1,7203.2,34.1,84.6,8.9,1
5576,car,4.5,road_loopA_f0,road_loopA_f1,7083.9,7203.6,119.7,1303.2,39.2,0
5582,truck,8.5,road_loopA_r0,road_loopA_r1,7086.8,7204.3,117.5,1297.3,39.8,0
5594,car,4.5,road_loopA_f0,road_loopA_f1,7097.0,7204.3,107.3,1303.5,43.7,0
5658,car,4.5,xloopA_0Aa,xloopA_0Ab,7152.8,7204.5,51.7,84.5,5.9,1
5612,car,4.5,road_loopA_f0,road_loopA_f1,7113.8,7204.7,90.9,1304.0,51.6,0
5703,car,4.5,xloopA_0Ba,xloopA_0Bb,7186.7,7205.3,18.6,84.3,16.3,0
5588,suv,4.8,road_loopA_f0,road_loopA_f1,7094.2,7205.7,111.5,1302.9,42.1,0
5607,car,4.5,road_loopA_f0,road_loopA_f1,7109.3,7206.2,96.9,1303.6,48.4,0
5591,suv,4.8,road_loopA_f0,road_loopA_f1,7095.4,7207.5,112.1,1303.8,41.9,0
5602,truck,8.5,road_loopA_f0,road_loopA_f1,7103.8,7208.4,104.6,1303.5,44.9,0
5615,suv,4.8,road_loopA_f0,road_loopA_f1,7116.8,7209.3,92.5,1303.1,50.7,0
5605,car,4.5,road_loopA_f0,road_loopA_f1,7106.9,7210.4,103.5,1303.6,45.4,0
5622,suv,4.8,road_loopA_f0,road_loopA_f1,7119.1,7214.2,95.1,1303.6,49.4,0
5624,car,4.5,road_loopA_f0,road_loopA_f1,7122.5,7216.8,94.3,1303.6,49.8,0
5626,car,4.5,road_loopA_f0,road_loopA_f1,7122.9,7218.2,95.3,1303.9,49.2,0
5628,car,4.5,road_loopA_f0,road_loopA_f1,7124.5,7220.4,95.9,1304.1,48.9,0
5617,car,4.5,road_loopA_f0,road_loopA_f1,7116.9,7223.2,106.3,1303.2,44.2,0
5630,car,4.5,road_loopA_f0,road_loopA_f1,7126.0,7223.2,97.2,1302.8,48.2,0
5680,car,4.5,road_loopA_f0,xloopA_0Bb,7166.3,7225.0,58.7,478.6,29.3,0
5604,suv,4.8,road_loopA_r0,xloopA_0Ab,7105.7,7225.8,120.1,869.3,26.1,2
5621,car,4.5,road_loopA_f0,road_loopA_f1,7119.0,7227.3,108.3,1303.7,43.3,0
5635,suv,4.8,road_loopA_f0,road_loopA_f1,7132.4,7227.5,95.1,1303.2,49.3,0
5625,truck,8.5,road_loopA_f0,road_loopA_f1,7122.6,7229.3,106.7,1303.2,44.0,0
5636,suv,4.8,road_loopA_f0,road_loopA_f1,7133.2,7229.6,96.4,1303.5,48.7,0
5627,car,4.5,road_loopA_f0,road_loopA_f1,7124.4,7231.3,106.9,1303.5,43.9,0
5629,bus,11.0,road_loopA_f0,road_loopA_f1,7124.6,7240.2,115.6,1302.8,40.6,0
5614,car,4.5,road_loopA_r0,road_loopA_r1,7115.0,7242.0,127.0,1298.1,36.8,1
5618,suv,4.8,road_loopA_r0,road_loopA_r1,7117.2,7244.4,127.2,1297.8,36.7,1
5611,suv,4.8,road_loopA_r0,road_loopA_r1,7112.3,7247.5,135.2,1298.0,34.6,1
5633,car,4.5,road_loopA_r0,road_loopA_r1,7129.2,7249.2,120.0,1297.7,38.9,1
5637,car,4.5,road_loopA_r0,road_loopA_r1,7134.5,7249.4,114.9,1297.7,40.7,1
5639,car,4.5,road_loopA_r0,road_loopA_r1,7136.7,7251.2,114.5,1298.0,40.8,1
5640,car,4.5,road_loopA_r0,road_loopA_r1,7137.4,7255.6,118.2,1298.0,39.5,1
5609,car,4.5,road_loopA_r0,road_loopA_r1,7110.2,7256.0,145.8,1297.9,32.0,1
5643,car,4.5,road_loopA_r0,road_loopA_r1,7140.9,7257.3,116.4,1298.2,40.1,1
5647,car,4.5,road_loopA_r0,road_loopA_r1,7142.7,7259.1,116.4,1298.3,40.1,1
5651,car,4.5,road_loopA_r0,road_loopA_r1,7148.1,7259.8,111.7,1298.1,41.8,1
5655,suv,4.8,road_loopA_r0,road_loopA_r1,7151.7,7261.5,109.8,1298.7,42.6,0
5657,car,4.5,road_loopA_r0,road_loopA_r1,7152.2,7263.2,111.0,1297.4,42.1,0
5669,car,4.5,road_loopA_r0,road_loopA_r1,7159.8,7265.0,105.2,1297.3,44.4,0
5674,car,4.5,road_loopA_r0,road_loopA_r1,7161.9,7267.6,105.7,1297.8,44.2,0
5678,car,4.5,road_loopA_r0,road_loopA_r1,7164.6,7268.7,104.1,1297.8,44.9,0
5641,car,4.5,road_loopA_f0,road_loopA_f1,7138.9,7269.6,130.7,1303.5,35.9,1
5676,car,4.5,road_loopA_r0,road_loopA_r1,7162.6,7270.5,107.9,1297.9,43.3,0
5645,car,4.5,road_loopA_f0,road_loopA_f1,7141.3,7271.3,130.0,1302.8,36.1,1
5634,suv,4.8,road_loopA_r0,road_loopA_r1,7129.3,7271.9,142.6,1297.9,32.8,1
5642,car,4.5,road_loopA_r0,road_loopA_r1,7140.1,7273.1,133.0,1297.3,35.1,1
5711,car,4.5,xloopA_0Aa,road_loopA_r1,7197.4,7273.6,76.2,506.4,23.9,0
5652,car,4.5,road_loopA_f0,road_loopA_f1,7149.1,7273.8,124.7,1303.2,37.6,1
5692,suv,4.8,road_loopA_r0,road_loopA_r1,7177.5,7274.0,96.5,1298.0,48.4,0
5685,car,4.5,road_loopA_r0,road_loopA_r1,7170.9,7274.6,103.7,1297.8,45.1,0
5644,suv,4.8,road_loopA_f0,road_loopA_f1,7141.1,7275.3,134.2,1303.0,34.9,1
5623,truck,8.5,road_loopA_r0,road_loopA_r1,7122.2,7275.9,153.7,1297.9,30.4,1
5659,car,4.5,road_loopA_f0,road_loopA_f1,7153.4,7276.1,122.7,1302.8,38.2,1
5684,suv,4.8,road_loopA_r0,road_loopA_r1,7170.1,7276.3,106.2,1298.5,44.0,0
5653,car,4.5,road_loopA_r0,road_loopA_r1,7150.0,7276.5,126.5,1298.2,36.9,0
5661,suv,4.8,road_loopA_f0,road_loopA_f1,7153.5,7277.9,124.4,1303.3,37.7,1
5632,truck,8.5,road_loopA_r0,road_loopA_r1,7128.1,7278.5,150.4,1297.8,31.1,1
5650,car,4.5,road_loopA_r0,road_loopA_r1,7145.0,7279.1,134.1,1297.8,34.8,4
5667,suv,4.8,road_loopA_f0,road_loopA_f1,7157.4,7279.1,121.7,1303.9,38.6,1
5646,truck,8.5,road_loopA_r0,road_loopA_r1,7141.3,7281.1,139.8,1298.2,33.4,1
5668,car,4.5,road_loopA_f0,road_loopA_f1,7158.1,7281.1,123.0,1303.4,38.1,1
5656,suv,4.8,road_loopA_r0,road_loopA_r1,7151.7,7282.7,131.0,1298.1,35.7,0
5665,truck,8.5,road_loopA_r0,road_loopA_r1,7156.2,7283.7,127.5,1297.6,36.6,0
5687,car,4.5,road_loopA_r0,road_loopA_r1,7173.4,7283.9,110.5,1297.6,42.3,0
5672,car,4.5,road_loopA_f0,road_loopA_f1,7161.2,7284.0,122.8,1303.2,38.2,1
5608,bus,11.0,road_loopA_r0,road_loopA_r1,7110.0,7284.3,174.3,1298.2,26.8,2
5664,car,4.5,road_loopA_r0,road_loopA_r1,7155.7,7284.3,128.6,1297.8,36.3,0
5746,car,4.5,road_loopA_f0,xloopA_0Bb,7240.3,7284.8,44.5,478.9,38.8,0
5696,suv,4.8,road_loopA_r0,road_loopA_r1,7179.8,7285.0,105.2,1297.5,44.4,0
5649,car,4.5,road_loopA_f0,road_loopA_f1,7143.4,7285.5,142.1,1303.7,33.0,1
5666,car,4.5,road_loopA_r0,road_loopA_r1,7157.1,7285.8,128.7,1297.3,36.3,0
5670,suv,4.8,road_loopA_r0,road_loopA_r1,7159.8,7286.2,126.4,1298.5,37.0,0
5706,suv,4.8,road_loopA_r0,road_loopA_r1,7190.5,7286.7,96.2,1297.4,48.6,0
5662,car,4.5,road_loopA_f0,road_loopA_f1,7154.6,7287.0,132.4,1303.4,35.4,1
5686,car,4.5,road_loopA_r0,road_loopA_r1,7171.2,7287.6,116.4,1297.7,40.1,0
5654,truck,8.5,road_loopA_f0,road_loopA_f1,7150.4,7287.7,137.3,1302.9,34.2,1
5700,suv,4.8,road_loopA_r0,road_loopA_r1,7184.3,7288.0,103.7,1298.6,45.1,0
5671,car,4.5,road_loopA_f0,road_loopA_f1,7161.0,7288.2,127.2,1303.2,36.9,1
5707,suv,4.8,road_loopA_r0,road_loopA_r1,7194.9,7288.4,93.5,1298.0,50.0,0
5694,car,4.5,road_loopA_r0,road_loopA_r1,7179.0,7289.5,110.5,1298.4,42.3,0
5701,car,4.5,road_loopA_r0,road_loopA_r1,7185.2,7289.7,104.5,1297.4,44.7,0
5688,car,4.5,road_loopA_f0,road_loopA_f1,7174.7,7289.8,115.1,1303.0,40.8,1
5616,bus,11.0,road_loopA_f0,road_loopA_f1,7116.8,7290.8,174.0,1303.5,27.0,2
5695,truck,8.5,road_loopA_r0,road_loopA_r1,7179.6,7291.8,112.2,1297.6,41.6,0
5679,car,4.5,road_loopA_f0,road_loopA_f1,7164.8,7292.4,127.6,1303.3,36.8,1
5689,car,4.5,road_loopA_f0,road_loopA_f1,7175.3,7294.1,118.8,1303.9,39.5,1
5712,car,4.5,road_loopA_f0,road_loopA_f1,7199.7,7295.7,96.0,1303.0,48.9,0
5569,car,4.5,road_loopA_f0,xloopA_0Ab,7078.0,7297.0,219.0,505.3,8.3,2
5663,car,4.5,road_loopA_f0,road_loopA_f1,7155.0,7297.5,142.5,1303.7,32.9,1
5691,car,4.5,road_loopA_f0,road_loopA_f1,7176.7,7297.6,120.9,1304.1,38.8,1
5638,truck,8.5,road_loopA_r0,xloopA_0Bb,7135.9,7297.8,161.9,895.5,19.9,1
5631,car,4.5,xloopA_0Aa,road_loopA_f1,7127.7,7297.9,170.2,872.5,18.4,1
5675,car,4.5,road_loopA_f0,road_loopA_f1,7162.0,7298.2,136.2,1303.9,34.5,1
5718,car,4.5,road_loopA_r0,road_loopA_r1,7209.7,7298.8,89.1,1297.3,52.4,0
5572,car,4.5,road_loopA_f0,xloopA_0Ab,7080.9,7299.6,218.7,505.3,8.3,2
5705,car,4.5,road_loopA_f0,road_loopA_f1,7188.8,7300.0,111.2,1303.1,42.2,0
5713,truck,8.5,road_loopA_r0,xloopA_0Bb,7204.1,7301.6,97.5,895.8,33.1,1
5720,car,4.5,road_loopA_r0,road_loopA_r1,7210.3,7301.6,91.3,1297.8,51.2,0
5583,car,4.5,road_loopA_f0,xloopA_0Ab,7087.1,7302.2,215.1,505.1,8.5,2
5710,car,4.5,road_loopA_r0,road_loopA_r1,7196.7,7302.2,105.5,1297.7,44.3,0
5722,car,4.5,road_loopA_f0,road_loopA_f1,7211.6,7302.2,90.6,1304.1,51.8,0
5677,truck,8.5,road_loopA_f0,road_loopA_f1,7163.7,7302.5,138.8,1303.3,33.8,1
5723,suv,4.8,road_loopA_r0,road_loopA_r1,7213.0,7303.7,90.7,1298.5,51.6,0
5681,car,4.5,road_loopA_f0,road_loopA_f1,7166.5,7304.6,138.1,1303.1,34.0,1
5704,car,4.5,road_loopA_f0,road_loopA_f1,7187.9,7304.8,116.9,1303.7,40.1,0
5606,car,4.5,road_loopA_f0,xloopA_0Ab,7107.4,7304.9,197.5,505.2,9.2,2
5727,car,4.5,road_loopA_r0,road_loopA_r1,7216.6,7306.0,89.4,1298.1,52.3,0
5613,car,4.5,road_loopA_f0,xloopA_0Ab,7114.2,7307.6,193.4,505.4,9.4,2
5690,suv,4.8,road_loopA_f0,road_loopA_f1,7176.0,7308.0,132.0,1303.2,35.5,0
5717,car,4.5,road_loopA_f0,road_loopA_f1,7208.6,7309.2,100.6,1303.5,46.6,0
5719,truck,8.5,road_loopA_r0,road_loopA_r1,7209.9,7311.1,101.2,1298.4,46.2,0
5758,car,4.5,xloopA_0Aa,xloopA_0Ab,7247.3,7311.7,64.4,84.3,4.7,1
5698,car,4.5,road_loopA_f0,road_loopA_f1,7181.3,7311.8,130.5,1303.5,36.0,0
5728,car,4.5,road_loopA_f0,road_loopA_f1,7217.4,7312.0,94.6,1303.9,49.6,0
5709,suv,4.8,road_loopA_f0,road_loopA_f1,7196.0,7313.5,117.5,1303.1,39.9,0
5806,car,4.5,xloopA_0Aa,xloopA_0Ab,7300.9,7313.9,13.0,84.4,23.4,0
5599,car,4.5,xloopA_0Aa,road_loopA_f1,7101.5,7314.1,212.6,872.1,14.8,1
5716,car,4.5,road_loopA_r0,road_loopA_r1,7207.6,7314.9,107.3,1297.8,43.5,0
5714,suv,4.8,road_loopA_f0,road_loopA_f1,7205.2,7315.5,110.3,1303.8,42.6,0
5757,car,4.5,xloopA_0Ba,xloopA_0Bb,7247.2,7315.6,68.4,84.2,4.4,1
5673,car,4.5,xloopA_0Ba,road_loopA_f1,7161.5,7316.2,154.7,902.6,21.0,1
5721,suv,4.8,road_loopA_r0,road_loopA_r1,7210.3,7316.6,106.3,1297.5,43.9,0
5660,car,4.5,road_loopA_f0,road_loopA_f1,7153.5,7317.9,164.4,1303.1,28.5,1
5693,car,4.5,road_loopA_f0,road_loopA_f1,7178.2,7318.2,140.0,1303.2,33.5,0
5734,car,4.5,road_loopA_f0,road_loopA_f1,7223.8,7319.5,95.7,1304.0,49.1,0
5737,car,4.5,road_loopA_f0,road_loopA_f1,7227.8,7321.3,93.5,1304.0,50.2,0
5736,suv,4.8,road_loopA_f0,road_loopA_f1,7227.0,7323.0,96.0,1303.6,48.9,0
5732,car,4.5,road_loopA_f0,road_loopA_f1,7223.0,7323.1,100.1,1304.0,46.9,0
5708,car,4.5,road_loopA_r0,road_loopA_r1,7195.1,7328.3,133.2,1297.7,35.1,0
5738,suv,4.8,road_loopA_f0,road_loopA_f1,7228.8,7329.5,100.7,1303.0,46.6,0
5740,car,4.5,road_loopA_f0,road_loopA_f1,7233.6,7330.3,96.7,1303.9,48.5,0
5715,suv,4.8,road_loopA_r0,xloopA_0Ab,7206.9,7332.7,125.8,869.4,24.9,2
5743,car,4.5,road_loopA_f0,road_loopA_f1,7239.0,7332.7,93.7,1303.1,50.1,0
5726,car,4.5,road_loopA_f0,road_loopA_f1,7215.7,7334.4,118.7,1303.4,39.5,0
5751,suv,4.8,road_loopA_f0,road_loopA_f1,7242.4,7334.5,92.1,1303.2,51.0,0
5697,bus,11.0,road_loopA_r0,road_loopA_r1,7180.9,7334.6,153.7,1297.6,30.4,2
5729,car,4.5,road_loopA_f0,road_loopA_f1,7217.7,7336.2,118.5,1303.0,39.6,0
5749,suv,4.8,road_loopA_f0,road_loopA_f1,7242.2,7336.3,94.1,1303.7,49.9,0
5741,car,4.5,road_loopA_f0,road_loopA_f1,7236.8,7337.5,100.7,1302.9,46.6,0
5761,car,4.5,road_loopA_f0,road_loopA_f1,7251.2,7340.5,89.3,1302.9,52.5,0
894,tram,34.0,loopA,loopA,2935.1,7345.1,4410.0,33702.6,27.5,43
1217,tram,34.0,loopB,loopB,3195.9,7345.1,4149.2,33672.6,29.2,41
5760,car,4.5,road_loopA_f0,road_loopA_f1,7248.7,7346.9,98.2,1303.3,47.8,0
5765,car,4.5,road_loopA_r0,xloopA_0Ab,7253.5,7351.2,97.7,869.0,32.0,1
5739,car,4.5,road_loopA_r0,road_loopA_r1,7233.5,7358.0,124.5,1297.9,37.5,1
5745,car,4.5,road_loopA_r0,road_loopA_r1,7240.2,7362.3,122.1,1298.7,38.3,1
5702,bus,11.0,road_loopA_f0,road_loopA_f1,7185.5,7363.6,178.1,1303.1,26.3,2
5756,car,4.5,road_loopA_r0,road_loopA_r1,7246.8,7365.3,118.5,1297.6,39.4,1
5735,bus,11.0,road_loopA_r0,road_loopA_r1,7226.6,7369.4,142.8,1297.5,32.7,1
5748,car,4.5,road_loopA_r0,road_loopA_r1,7241.8,7370.4,128.6,1298.5,36.3,1
5759,car,4.5,road_loopA_r0,road_loopA_r1,7248.1,7372.1,124.0,1297.6,37.7,1
5764,car,4.5,road_loopA_r0,road_loopA_r1,7253.3,7373.7,120.4,1298.3,38.8,1
5733,car,4.5,xloopA_0Ba,road_loopA_r1,7223.4,7374.9,151.5,476.8,11.3,1
5776,car,4.5,road_loopA_r0,road_loopA_r1,7264.5,7376.4,111.9,1298.2,41.8,0
5730,truck,8.5,road_loopA_r0,road_loopA_r1,7217.6,7377.1,159.5,1298.1,29.3,1
5792,car,4.5,xloopA_0Ba,road_loopA_r1,7278.0,7377.7,99.7,476.8,17.2,0
5783,suv,4.8,road_loopA_r0,road_loopA_r1,7273.7,7378.1,104.4,1297.6,44.7,0
5744,car,4.5,road_loopA_r0,road_loopA_r1,7239.8,7379.1,139.3,1298.1,33.6,1
5731,truck,8.5,road_loopA_r0,road_loopA_r1,7221.5,7379.9,158.4,1298.2,29.5,1
5747,suv,4.8,road_loopA_r0,road_loopA_r1,7241.2,7380.7,139.5,1297.7,33.5,1
5795,suv,4.8,road_loopA_r0,road_loopA_r1,7281.4,7380.7,99.3,1297.4,47.0,0
5754,car,4.5,road_loopA_r0,road_loopA_r1,7244.6,7381.9,137.3,1298.4,34.1,1
5752,car,4.5,road_loopA_r0,road_loopA_r1,7243.7,7382.5,138.8,1298.1,33.7,1
5769,car,4.5,road_loopA_r0,road_loopA_r1,7258.8,7383.5,124.7,1297.5,37.5,1
5755,car,4.5,road_loopA_r0,road_loopA_r1,7245.3,7384.2,138.9,1298.1,33.6,1
5791,car,4.5,road_loopA_r0,road_loopA_r1,7277.4,7384.4,107.0,1297.7,43.6,0
5790,suv,4.8,road_loopA_r0,road_loopA_r1,7276.5,7385.3,108.8,1297.4,42.9,0
5768,suv,4.8,road_loopA_f0,road_loopA_f1,7257.1,7385.6,128.5,1303.2,36.5,1
5762,car,4.5,road_loopA_r0,road_loopA_r1,7252.4,7385.9,133.5,1297.6,35.0,1
5787,suv,4.8,road_loopA_r0,road_loopA_r1,7275.4,7386.9,111.5,1297.6,41.9,0
5778,car,4.5,road_loopA_r0,road_loopA_r1,7267.8,7387.2,119.4,1298.4,39.2,0
5767,suv,4.8,road_loopA_r0,road_loopA_r1,7256.1,7387.7,131.6,1298.3,35.5,1
5725,bus,11.0,road_loopA_r0,road_loopA_r1,7213.7,7388.8,175.1,1297.6,26.7,2
5803,suv,4.8,road_loopA_r0,road_loopA_r1,7299.2,7389.0,89.8,1297.7,52.1,0
5770,car,4.5,road_loopA_r0,road_loopA_r1,7259.3,7389.4,130.1,1297.5,35.9,1
5772,car,4.5,road_loopA_f0,road_loopA_f1,7261.8,7389.4,127.6,1303.3,36.8,1
5763,truck,8.5,road_loopA_f0,road_loopA_f1,7252.8,7389.8,137.0,1303.3,34.3,1
5804,car,4.5,road_loopA_r0,road_loopA_r1,7299.7,7391.1,91.4,1297.7,51.1,0
5774,car,4.5,road_loopA_f0,road_loopA_f1,7263.4,7395.8,132.4,1304.0,35.5,1
5771,suv,4.8,road_loopA_f0,road_loopA_f1,7259.9,7395.9,136.0,1303.1,34.5,1
5805,suv,4.8,road_loopA_r0,road_loopA_r1,7299.8,7396.4,96.6,1298.1,48.4,0
5802,suv,4.8,road_loopA_r0,road_loopA_r1,7292.7,7399.4,106.7,1297.5,43.8,0
5809,suv,4.8,road_loopA_r0,road_loopA_r1,7304.0,7400.0,96.0,1298.6,48.7,0
5779,suv,4.8,road_loopA_f0,road_loopA_f1,7268.7,7401.3,132.6,1302.9,35.4,1
5820,car,4.5,road_loopA_r0,road_loopA_r1,7311.9,7401.4,89.5,1297.5,52.2,0
5773,car,4.5,road_loopA_f0,road_loopA_f1,7262.7,7402.7,140.0,1303.3,33.5,1
5777,car,4.5,road_loopA_f0,road_loopA_f1,7267.2,7403.2,136.0,1303.1,34.5,1
5822,car,4.5,road_loopA_r0,road_loopA_r1,7314.7,7404.4,89.7,1298.6,52.1,0
5784,truck,8.5,road_loopA_f0,road_loopA_f1,7274.4,7404.8,130.4,1303.9,36.0,1
5780,car,4.5,road_loopA_f0,road_loopA_f1,7271.2,7405.2,134.0,1303.3,35.0,1
5808,car,4.5,road_loopA_r0,road_loopA_r1,7304.1,7406.7,102.6,1298.4,45.5,0
5794,car,4.5,road_loopA_f0,road_loopA_f1,7280.5,7406.8,126.3,1303.1,37.2,1
5782,car,4.5,road_loopA_f0,road_loopA_f1,7273.4,7407.5,134.1,1304.0,35.0,1
5807,car,4.5,road_loopA_f0,road_loopA_f1,7303.2,7407.6,104.4,1303.4,44.9,0
5799,car,4.5,road_loopA_f0,road_loopA_f1,7285.4,7409.1,123.7,1303.9,38.0,1
5819,suv,4.8,road_loopA_f0,road_loopA_f1,7310.2,7410.4,100.2,1304.0,46.9,0
5775,suv,4.8,road_loopA_f0,road_loopA_f1,7263.9,7411.4,147.5,1303.4,31.8,1
5750,car,4.5,road_loopA_r0,xloopA_0Bb,7242.1,7411.5,169.4,895.6,19.0,1
5620,suv,4.8,road_loopA_f0,xloopA_0Ab,7118.8,7412.1,293.3,505.3,6.2,3
5834,car,4.5,road_loopA_r0,road_loopA_r1,7320.1,7412.2,92.1,1297.9,50.8,0
5785,car,4.5,road_loopA_f0,road_loopA_f1,7274.7,7412.5,137.8,1302.9,34.0,1
5826,car,4.5,road_loopA_f0,road_loopA_f1,7316.7,7413.0,96.3,1304.2,48.8,0
5812,car,4.5,road_loopA_r0,xloopA_0Bb,7306.0,7414.1,108.1,895.6,29.8,1
5683,car,4.5,road_loopA_f0,xloopA_0Ab,7169.6,7414.7,245.1,505.1,7.4,2
5811,suv,4.8,road_loopA_r0,road_loopA_r1,7305.8,7415.5,109.7,1297.8,42.6,0
5832,suv,4.8,road_loopA_f0,road_loopA_f1,7317.7,7415.6,97.9,1303.4,47.9,0
5789,car,4.5,road_loopA_f0,road_loopA_f1,7276.4,7416.9,140.5,1304.1,33.4,1
5815,car,4.5,road_loopA_r0,road_loopA_r1,7307.6,7416.9,109.3,1298.1,42.7,0
5699,car,4.5,road_loopA_f0,xloopA_0Ab,7183.5,7417.4,233.9,505.4,7.8,3
5835,car,4.5,road_loopA_f0,road_loopA_f1,7320.5,7417.4,96.9,1303.3,48.4,0
5816,truck,8.5,road_loopA_r0,road_loopA_r1,7307.7,7417.8,110.1,1297.6,42.4,0
5840,car,4.5,road_loopA_r0,road_loopA_r1,7325.8,7417.8,92.0,1297.8,50.8,0
5818,car,4.5,road_loopA_r0,road_loopA_r1,7310.0,7418.6,108.6,1298.3,43.0,0
5838,suv,4.8,road_loopA_f0,road_loopA_f1,7323.5,7419.3,95.8,1303.5,49.0,0
5753,car,4.5,xloopA_0Ba,road_loopA_f1,7244.3,7419.9,175.6,902.3,18.5,1
5824,car,4.5,road_loopA_r0,road_loopA_r1,7316.1,7419.9,103.8,1298.1,45.0,0
5793,car,4.5,road_loopA_f0,road_loopA_f1,7280.4,7420.2,139.8,1303.8,33.6,1
5823,suv,4.8,road_loopA_r0,road_loopA_r1,7316.1,7420.3,104.2,1297.3,44.8,0
5831,car,4.5,road_loopA_r0,road_loopA_r1,7317.4,7420.6,103.2,1298.5,45.3,0
5833,car,4.5,road_loopA_f0,road_loopA_f1,7318.6,7421.3,102.7,1303.5,45.7,0
5788,car,4.5,road_loopA_f0,road_loopA_f1,7275.7,7421.6,145.9,1303.8,32.2,1
5830,car,4.5,road_loopA_r0,road_loopA_r1,7317.3,7421.7,104.4,1298.5,44.8,0
5798,car,4.5,road_loopA_f0,road_loopA_f1,7284.1,7421.9,137.8,1303.7,34.1,1
5837,car,4.5,road_loopA_r0,road_loopA_r1,7323.5,7422.1,98.6,1297.4,47.4,0
5839,car,4.5,road_loopA_r0,road_loopA_r1,7324.0,7422.2,98.2,1298.6,47.6,0
5844,car,4.5,road_loopA_f0,road_loopA_f1,7329.4,7423.1,93.7,1303.4,50.1,0
5851,car,4.5,road_loopA_r0,road_loopA_r1,7333.9,7423.9,90.0,1298.5,52.0,0
5800,car,4.5,road_loopA_f0,road_loopA_f1,7289.8,7424.0,134.2,1303.2,35.0,1
5882,car,4.5,xloopA_0Ba,xloopA_0Bb,7368.2,7424.0,55.8,84.3,5.4,1
5825,car,4.5,road_loopA_r0,road_loopA_r1,7316.3,7424.3,108.0,1297.5,43.3,0
5847,car,4.5,road_loopA_f0,road_loopA_f1,7332.5,7425.9,93.4,1303.7,50.2,0
5841,car,4.5,xloopA_0Aa,xloopA_0Ab,7327.6,7426.1,98.5,84.2,3.1,1
5810,truck,8.5,road_loopA_f0,road_loopA_f1,7305.0,7426.7,121.7,1303.2,38.5,0
5846,car,4.5,road_loopA_r0,road_loopA_r1,7332.3,7426.7,94.4,1297.4,49.5,0
5886,car,4.5,xloopA_0Ba,xloopA_0Bb,7372.8,7427.1,54.3,84.6,5.6,1
5849,car,4.5,road_loopA_r0,road_loopA_r1,7333.2,7428.2,95.0,1298.5,49.2,0
5817,suv,4.8,road_loopA_f0,road_loopA_f1,7308.9,7428.4,119.5,1303.0,39.3,0
5828,car,4.5,road_loopA_f0,road_loopA_f1,7316.9,7428.8,111.9,1303.9,42.0,0
5870,car,4.5,xloopA_0Aa,xloopA_0Ab,7357.1,7429.0,71.9,84.2,4.2,1
5923,car,4.5,xloopA_0Ba,xloopA_0Bb,7393.5,7429.2,35.7,84.6,8.5,1
5796,car,4.5,xloopA_0Ba,road_loopA_f1,7282.3,7429.7,147.4,902.9,22.1,0
5836,car,4.5,road_loopA_f0,road_loopA_f1,7322.0,7430.6,108.6,1303.5,43.2,0
5853,car,4.5,road_loopA_f0,road_loopA_f1,7336.0,7430.7,94.7,1303.4,49.6,0
5933,car,4.5,xloopA_0Ba,xloopA_0Bb,7409.8,7431.4,21.6,84.7,14.1,0
5781,truck,8.5,road_loopA_f0,road_loopA_f1,7272.4,7431.8,159.4,1302.9,29.4,1
5850,car,4.5,road_loopA_f0,road_loopA_f1,7333.4,7432.3,98.9,1302.9,47.4,0
5854,suv,4.8,road_loopA_f0,road_loopA_f1,7337.2,7432.3,95.1,1303.0,49.3,0
5842,suv,4.8,road_loopA_r0,road_loopA_r1,7328.2,7432.6,104.4,1297.4,44.7,0
5786,truck,8.5,road_loopA_f0,road_loopA_f1,7275.4,7434.4,159.0,1303.2,29.5,1
5848,car,4.5,road_loopA_f0,road_loopA_f1,7332.6,7434.6,102.0,1304.0,46.0,0
5821,truck,8.5,road_loopA_f0,road_loopA_f1,7313.4,7436.3,122.9,1303.4,38.2,0
5813,truck,8.5,road_loopA_f0,road_loopA_f1,7306.4,7436.9,130.5,1303.2,36.0,0
5858,suv,4.8,road_loopA_f0,road_loopA_f1,7347.3,7441.2,93.9,1303.7,50.0,0
5843,car,4.5,road_loopA_f0,road_loopA_f1,7328.5,7442.3,113.8,1303.6,41.2,0
5797,bus,11.0,road_loopA_r0,road_loopA_r1,7283.9,7443.0,159.1,1298.3,29.4,2
5861,suv,4.8,road_loopA_f0,road_loopA_f1,7349.8,7443.0,93.2,1304.1,50.4,0
5860,suv,4.8,road_loopA_f0,road_loopA_f1,7348.3,7445.9,97.6,1302.8,48.0,0
5845,suv,4.8,road_loopA_f0,road_loopA_f1,7331.9,7450.6,118.7,1303.8,39.5,0
5856,car,4.5,road_loopA_f0,road_loopA_f1,7346.8,7450.6,103.8,1304.0,45.2,0
5814,car,4.5,road_loopA_r0,xloopA_0Ab,7306.7,7451.1,144.4,869.1,21.7,3
5867,car,4.5,road_loopA_f0,road_loopA_f1,7354.7,7451.2,96.5,1304.0,48.7,0
5866,car,4.5,road_loopA_f0,road_loopA_f1,7354.2,7452.2,98.0,1303.3,47.9,0
5874,car,4.5,road_loopA_f0,road_loopA_f1,7359.2,7452.8,93.6,1302.9,50.1,0
5871,car,4.5,road_loopA_f0,road_loopA_f1,7357.4,7452.9,95.5,1303.7,49.1,0
5859,truck,8.5,road_loopA_f0,road_loopA_f1,7347.7,7454.4,106.7,1303.6,44.0,0
5875,suv,4.8,road_loopA_f0,road_loopA_f1,7360.3,7454.6,94.3,1303.3,49.8,0
5862,car,4.5,road_loopA_f0,road_loopA_f1,7350.4,7456.5,106.1,1303.3,44.2,0
5877,car,4.5,road_loopA_f0,road_loopA_f1,7362.9,7459.2,96.3,1303.0,48.7,0
5868,car,4.5,road_loopA_r0,road_loopA_r1,7356.2,7470.9,114.7,1298.2,40.7,1
5957,car,4.5,road_loopA_f0,xloopA_0Bb,7433.3,7473.3,40.0,478.6,43.1,0
5855,suv,4.8,road_loopA_r0,road_loopA_r1,7340.3,7473.5,133.2,1298.4,35.1,1
5864,car,4.5,road_loopA_r0,road_loopA_r1,7351.8,7474.8,123.0,1297.5,38.0,1
5857,suv,4.8,road_loopA_r0,road_loopA_r1,7347.3,7478.1,130.8,1298.5,35.7,1
5863,truck,8.5,road_loopA_r0,road_loopA_r1,7351.5,7479.1,127.6,1298.5,36.6,1
5865,car,4.5,road_loopA_r0,road_loopA_r1,7352.8,7481.0,128.2,1297.8,36.5,1
5876,suv,4.8,road_loopA_r0,road_loopA_r1,7362.7,7481.0,118.3,1298.3,39.5,1
5880,suv,4.8,road_loopA_r0,road_loopA_r1,7364.3,7482.7,118.4,1297.9,39.5,1
5869,suv,4.8,road_loopA_r0,road_loopA_r1,7356.8,7482.8,126.0,1298.4,37.1,1
5827,bus,11.0,road_loopA_f0,road_loopA_f1,7316.7,7484.0,167.3,1303.0,28.0,2
5873,car,4.5,xloopA_0Aa,road_loopA_r1,7358.2,7484.2,126.0,506.7,14.5,0
5881,car,4.5,road_loopA_r0,road_loopA_r1,7365.1,7484.5,119.4,1297.8,39.1,1
5884,car,4.5,road_loopA_r0,road_loopA_r1,7370.3,7484.6,114.3,1298.1,40.9,1
5872,suv,4.8,road_loopA_r0,road_loopA_r1,7357.4,7485.8,128.4,1297.5,36.4,1
5883,car,4.5,road_loopA_r0,road_loopA_r1,7368.9,7486.3,117.4,1297.8,39.8,1
5901,suv,4.8,road_loopA_r0,road_loopA_r1,7379.6,7487.2,107.6,1297.9,43.4,0
5879,suv,4.8,road_loopA_r0,road_loopA_r1,7363.7,7487.6,123.9,1298.1,37.7,0
5904,car,4.5,road_loopA_r0,road_loopA_r1,7382.7,7488.5,105.8,1297.3,44.1,0
5916,car,4.5,road_loopA_r0,road_loopA_r1,7390.7,7489.0,98.3,1297.7,47.5,0
5888,suv,4.8,road_loopA_r0,road_loopA_r1,7373.0,7489.3,116.3,1297.5,40.2,0
5898,car,4.5,road_loopA_r0,road_loopA_r1,7378.6,7489.8,111.2,1298.5,42.0,0
5918,car,4.5,road_loopA_r0,road_loopA_r1,7391.5,7491.4,99.9,1298.5,46.8,0
5910,car,4.5,road_loopA_r0,road_loopA_r1,7385.8,7494.2,108.4,1297.8,43.1,0
5924,car,4.5,road_loopA_r0,road_loopA_r1,7395.5,7495.5,100.0,1297.8,46.7,0
5925,car,4.5,road_loopA_r0,road_loopA_r1,7396.0,7495.9,99.9,1298.2,46.8,0
5889,suv,4.8,road_loopA_r0,road_loopA_r1,7373.4,7496.0,122.6,1297.7,38.1,0
5887,car,4.5,road_loopA_f0,road_loopA_f1,7373.0,7496.7,123.7,1303.9,37.9,1
5917,suv,4.8,road_loopA_r0,road_loopA_r1,7391.2,7497.9,106.7,1297.4,43.8,0
5893,car,4.5,road_loopA_f0,road_loopA_f1,7375.7,7498.2,122.5,1303.5,38.3,1
5892,car,4.5,road_loopA_f0,road_loopA_f1,7375.6,7499.4,123.8,1303.8,37.9,1
5903,suv,4.8,road_loopA_r0,road_loopA_r1,7380.6,7500.6,120.0,1297.8,38.9,0
5897,car,4.5,road_loopA_f0,road_loopA_f1,7378.2,7501.5,123.3,1303.9,38.1,1
5885,car,4.5,road_loopA_f0,road_loopA_f1,7372.3,7501.8,129.5,1302.8,36.2,1
5928,car,4.5,road_loopA_r0,road_loopA_r1,7402.6,7502.5,99.9,1298.0,46.8,0
5829,car,4.5,xloopA_0Aa,road_loopA_f1,7317.1,7502.6,185.5,872.6,16.9,1
5894,car,4.5,road_loopA_f0,road_loopA_f1,7375.9,7503.5,127.6,1303.6,36.8,1
5891,suv,4.8,road_loopA_r0,road_loopA_r1,7374.2,7504.9,130.7,1298.3,35.8,1
5907,truck,8.5,road_loopA_r0,road_loopA_r1,7383.8,7505.1,121.3,1297.6,38.5,0
5911,bus,11.0,road_loopA_r0,road_loopA_r1,7386.1,7505.1,119.0,1297.5,39.3,1
5896,suv,4.8,road_loopA_f0,road_loopA_f1,7377.2,7505.5,128.3,1303.1,36.6,1
5878,car,4.5,road_loopA_r0,road_loopA_r1,7363.3,7505.8,142.5,1297.3,32.8,0
5909,car,4.5,road_loopA_f0,road_loopA_f1,7384.8,7506.3,121.5,1302.8,38.6,1
5899,truck,8.5,road_loopA_f0,road_loopA_f1,7378.7,7506.8,128.1,1303.8,36.6,1
5912,suv,4.8,road_loopA_r0,road_loopA_r1,7386.2,7507.0,120.8,1297.9,38.7,1
5908,truck,8.5,road_loopA_r0,road_loopA_r1,7384.5,7508.0,123.5,1298.1,37.8,0
5914,truck,8.5,road_loopA_f0,road_loopA_f1,7388.9,7509.0,120.1,1304.0,39.1,1
5915,car,4.5,road_loopA_f0,road_loopA_f1,7389.4,7509.0,119.6,1303.7,39.2,1
5944,car,4.5,road_loopA_r0,road_loopA_r1,7420.8,7510.0,89.2,1297.3,52.4,0
5930,suv,4.8,road_loopA_r0,road_loopA_r1,7405.5,7510.2,104.7,1297.5,44.6,0
5895,car,4.5,road_loopA_f0,road_loopA_f1,7376.3,7510.8,134.5,1303.3,34.9,1
5900,car,4.5,road_loopA_f0,road_loopA_f1,7379.6,7512.1,132.5,1303.9,35.4,1
5934,car,4.5,road_loopA_f0,road_loopA_f1,7413.0,7513.5,100.5,1302.8,46.7,0
5940,car,4.5,road_loopA_r0,road_loopA_r1,7420.0,7514.4,94.4,1297.7,49.5,0
5949,car,4.5,road_loopA_r0,road_loopA_r1,7423.2,7515.0,91.8,1298.3,50.9,0
5946,truck,8.5,road_loopA_r0,road_loopA_r1,7421.2,7516.5,95.3,1297.8,49.0,0
5937,suv,4.8,road_loopA_f0,road_loopA_f1,7417.0,7516.8,99.8,1303.3,47.0,0
5905,car,4.5,road_loopA_f0,road_loopA_f1,7383.1,7517.6,134.5,1303.7,34.9,1
5919,car,4.5,road_loopA_f0,road_loopA_f1,7392.4,7518.9,126.5,1303.1,37.1,1
5920,suv,4.8,road_loopA_f0,road_loopA_f1,7392.5,7519.6,127.1,1304.0,36.9,1
5931,suv,4.8,road_loopA_r0,road_loopA_r1,7408.1,7520.4,112.3,1298.4,41.6,0
5954,suv,4.8,road_loopA_r0,road_loopA_r1,7431.9,7521.0,89.1,1298.7,52.5,0
5852,bus,11.0,road_loopA_r0,road_loopA_r1,7335.8,7522.2,186.4,1298.2,25.1,2
5922,car,4.5,road_loopA_f0,road_loopA_f1,7393.2,7522.6,129.4,1303.1,36.2,1
5913,car,4.5,road_loopA_f0,road_loopA_f1,7388.6,7522.7,134.1,1302.9,35.0,1
5890,car,4.5,road_loopA_r0,xloopA_0Bb,7374.1,7523.8,149.7,895.8,21.5,1
5724,car,4.5,road_loopA_f0,xloopA_0Ab,7213.2,7524.2,311.0,505.1,5.8,3
5939,suv,4.8,road_loopA_f0,road_loopA_f1,7418.2,7524.6,106.4,1303.8,44.1,0
5932,suv,4.8,road_loopA_f0,road_loopA_f1,7408.7,7524.8,116.1,1303.4,40.4,0
5927,car,4.5,road_loopA_r0,xloopA_0Bb,7402.5,7526.4,123.9,895.8,26.0,1
5950,car,4.5,road_loopA_f0,road_loopA_f1,7424.3,7526.4,102.1,1304.1,46.0,0
5742,car,4.5,road_loopA_f0,xloopA_0Ab,7238.5,7526.8,288.3,505.0,6.3,3
5935,suv,4.8,road_loopA_f0,road_loopA_f1,7415.0,7526.9,111.9,1303.1,41.9,0
5902,bus,11.0,road_loopA_r0,road_loopA_r1,7380.5,7527.0,146.5,1297.5,31.9,1
5958,car,4.5,road_loopA_f0,road_loopA_f1,7433.4,7528.1,94.7,1303.6,49.6,0
5953,car,4.5,road_loopA_r0,road_loopA_r1,7430.2,7528.2,98.0,1297.3,47.7,0
5929,car,4.5,road_loopA_f0,road_loopA_f1,7404.0,7528.3,124.3,1303.0,37.7,0
5938,car,4.5,road_loopA_f0,road_loopA_f1,7418.1,7528.7,110.6,1304.1,42.5,0
5959,suv,4.8,road_loopA_f0,road_loopA_f1,7434.5,7530.0,95.5,1303.5,49.2,0
5943,suv,4.8,road_loopA_f0,road_loopA_f1,7420.8,7530.1,109.3,1303.0,42.9,0
5801,truck,8.5,road_loopA_f0,xloopA_0Ab,7290.6,7530.3,239.7,505.2,7.6,2
5979,truck,8.5,road_loopA_r0,xloopA_0Bb,7448.6,7530.4,81.8,895.9,39.4,0
5941,suv,4.8,road_loopA_f0,road_loopA_f1,7420.3,7530.5,110.2,1303.9,42.6,0
5956,car,4.5,road_loopA_r0,road_loopA_r1,7433.2,7530.9,97.7,1298.2,47.9,0
5948,car,4.5,road_loopA_f0,road_loopA_f1,7423.0,7531.9,108.9,1303.2,43.1,0
5967,car,4.5,road_loopA_r0,road_loopA_r1,7438.4,7532.7,94.3,1298.3,49.5,0
5964,car,4.5,road_loopA_f0,road_loopA_f1,7437.3,7532.9,95.6,1302.9,49.0,0
5906,car,4.5,road_loopA_f0,xloopA_0Ab,7383.2,7533.3,150.1,504.9,12.1,1
5921,truck,8.5,road_loopA_f0,road_loopA_f1,7392.9,7533.7,140.8,1303.9,33.3,1
5947,car,4.5,road_loopA_r0,road_loopA_r1,7421.8,7533.7,111.9,1298.0,41.8,0
5955,car,4.5,road_loopA_r0,road_loopA_r1,7432.7,7533.9,101.2,1298.5,46.2,0
5971,car,4.5,road_loopA_r0,road_loopA_r1,7440.6,7534.5,93.9,1297.5,49.8,0
5969,suv,4.8,road_loopA_f0,road_loopA_f1,7439.6,7535.1,95.5,1303.3,49.1,0
5952,suv,4.8,road_loopA_r0,road_loopA_r1,7430.0,7535.5,105.5,1298.2,44.3,0
5974,car,4.5,road_loopA_r0,road_loopA_r1,7443.9,7536.3,92.4,1298.2,50.6,0
5962,car,4.5,road_loopA_r0,road_loopA_r1,7436.9,7537.3,100.4,1298.0,46.5,0
5970,suv,4.8,road_loopA_f0,road_loopA_f1,7439.9,7537.4,97.5,1303.1,48.1,0
5978,car,4.5,road_loopA_r0,road_loopA_r1,7448.4,7538.5,90.1,1297.7,51.9,0
5975,car,4.5,road_loopA_r0,road_loopA_r1,7445.6,7539.2,93.6,1297.6,49.9,0
5945,suv,4.8,road_loopA_f0,road_loopA_f1,7420.9,7539.9,119.0,1303.4,39.4,0
5966,suv,4.8,road_loopA_f0,road_loopA_f1,7437.7,7540.2,102.5,1304.1,45.8,0
5985,car,4.5,xloopA_0Ba,xloopA_0Bb,7455.5,7540.5,85.0,84.4,3.6,1
5942,car,4.5,xloopA_0Aa,xloopA_0Ab,7420.5,7541.1,120.6,84.8,2.5,1
5961,car,4.5,road_loopA_f0,road_loopA_f1,7436.6,7541.7,105.1,1303.7,44.7,0
5989,car,4.5,xloopA_0Ba,xloopA_0Bb,7462.8,7543.1,80.3,84.6,3.8,1
5965,car,4.5,xloopA_0Aa,xloopA_0Ab,7437.5,7543.2,105.7,84.5,2.9,1
5963,suv,4.8,road_loopA_f0,road_loopA_f1,7436.9,7544.1,107.2,1303.7,43.8,0
5982,car,4.5,road_loopA_f0,road_loopA_f1,7452.7,7544.9,92.2,1303.6,50.9,0
6037,car,4.5,xloopA_0Ba,xloopA_0Bb,7509.8,7545.3,35.5,84.3,8.5,0
6052,car,4.5,xloopA_0Ba,xloopA_0Bb,7521.4,7547.2,25.8,84.1,11.7,0
5972,car,4.5,xloopA_0Aa,xloopA_0Ab,7440.9,7548.5,107.6,84.1,2.8,0
6054,car,4.5,xloopA_0Ba,xloopA_0Bb,7522.1,7549.2,27.1,84.3,11.2,0
5987,car,4.5,road_loopA_f0,road_loopA_f1,7460.2,7549.6,89.4,1303.1,52.5,0
5984,car,4.5,xloopA_0Aa,xloopA_0Ab,7454.9,7550.5,95.6,84.3,3.2,0
5999,car,4.5,xloopA_0Aa,xloopA_0Ab,7470.9,7552.3,81.4,84.5,3.7,0
6064,car,4.5,xloopA_0Ba,xloopA_0Bb,7528.4,7552.9,24.5,84.4,12.4,0
6078,car,4.5,xloopA_0Aa,xloopA_0Ab,7541.6,7555.0,13.4,84.1,22.6,0
5992,suv,4.8,road_loopA_f0,road_loopA_f1,7467.0,7557.4,90.4,1303.0,51.9,0
5983,car,4.5,road_loopA_f0,road_loopA_f1,7452.7,7557.5,104.8,1303.4,44.8,0
5988,car,4.5,road_loopA_f0,road_loopA_f1,7461.6,7559.3,97.7,1303.5,48.0,0
5998,car,4.5,road_loopA_f0,road_loopA_f1,7470.8,7560.5,89.7,1303.3,52.3,0
6005,car,4.5,road_loopA_f0,road_loopA_f1,7474.1,7563.6,89.5,1303.1,52.4,0
6000,car,4.5,road_loopA_f0,road_loopA_f1,7471.9,7568.2,96.3,1303.2,48.7,0
6006,car,4.5,road_loopA_f0,road_loopA_f1,7474.5,7570.0,95.5,1304.0,49.2,0
5991,car,4.5,road_loopA_f0,road_loopA_f1,7465.7,7570.2,104.5,1303.4,44.9,0
5951,suv,4.8,road_loopA_r0,xloopA_0Ab,7427.5,7570.6,143.1,869.4,21.9,2
6008,car,4.5,road_loopA_f0,road_loopA_f1,7476.0,7573.1,97.1,1303.1,48.3,0
6016,car,4.5,road_loopA_r0,xloopA_0Ab,7484.4,7579.8,95.4,869.1,32.8,2
6082,suv,4.8,road_loopA_f0,xloopA_0Bb,7547.3,7587.4,40.1,478.9,43.0,0
6003,suv,4.8,road_loopA_r0,xloopA_0Ab,7473.6,7587.7,114.1,868.8,27.4,1
5994,car,4.5,road_loopA_r0,road_loopA_r1,7468.1,7599.0,130.9,1298.3,35.7,1
5976,car,4.5,road_loopA_r0,road_loopA_r1,7446.9,7599.3,152.4,1298.3,30.7,1
5981,car,4.5,road_loopA_r0,road_loopA_r1,7452.5,7601.0,148.5,1297.6,31.5,1
5996,suv,4.8,road_loopA_r0,road_loopA_r1,7469.1,7602.1,133.0,1297.8,35.1,1
5968,car,4.5,road_loopA_r0,road_loopA_r1,7438.7,7602.4,163.7,1297.3,28.5,1
6004,car,4.5,road_loopA_r0,road_loopA_r1,7473.8,7605.3,131.5,1297.9,35.5,1
5973,car,4.5,road_loopA_r0,road_loopA_r1,7442.5,7607.0,164.5,1298.0,28.4,1
6007,car,4.5,road_loopA_r0,road_loopA_r1,7475.7,7607.9,132.2,1297.7,35.3,1
6092,truck,8.5,road_loopA_f0,xloopA_0Bb,7558.6,7608.2,49.6,478.9,34.7,0
5977,truck,8.5,road_loopA_r0,road_loopA_r1,7448.3,7608.3,160.0,1298.2,29.2,1
5990,car,4.5,road_loopA_r0,road_loopA_r1,7465.1,7608.7,143.6,1298.4,32.6,1
6001,car,4.5,road_loopA_r0,road_loopA_r1,7472.5,7610.3,137.8,1297.8,33.9,1
5986,truck,8.5,road_loopA_r0,road_loopA_r1,7455.5,7610.8,155.3,1298.4,30.1,1
6009,truck,8.5,road_loopA_r0,road_loopA_r1,7476.2,7612.6,136.4,1297.4,34.3,1
5993,suv,4.8,road_loopA_r0,road_loopA_r1,7467.6,7612.7,145.1,1297.5,32.2,1
6014,car,4.5,road_loopA_r0,road_loopA_r1,7482.9,7612.9,130.0,1297.7,35.9,1
5995,suv,4.8,road_loopA_r0,road_loopA_r1,7468.8,7614.5,145.7,1298.1,32.1,1
6002,car,4.5,road_loopA_r0,road_loopA_r1,7473.2,7614.9,141.7,1297.4,33.0,1
5997,truck,8.5,road_loopA_r0,road_loopA_r1,7470.5,7616.7,146.2,1298.0,32.0,1
6019,car,4.5,road_loopA_r0,road_loopA_r1,7485.2,7616.9,131.7,1298.3,35.5,1
6031,suv,4.8,road_loopA_r0,road_loopA_r1,7499.9,7618.4,118.5,1298.5,39.5,0
6028,suv,4.8,road_loopA_r0,road_loopA_r1,7496.6,7618.7,122.1,1298.1,38.3,0
6011,car,4.5,road_loopA_r0,road_loopA_r1,7481.6,7618.8,137.2,1297.7,34.1,1
6035,suv,4.8,road_loopA_r0,road_loopA_r1,7504.8,7620.4,115.6,1298.5,40.4,0
6015,car,4.5,road_loopA_r0,road_loopA_r1,7483.3,7620.5,137.2,1297.3,34.1,1
6038,car,4.5,road_loopA_r0,road_loopA_r1,7510.2,7621.2,111.0,1298.7,42.1,1
6020,suv,4.8,road_loopA_r0,road_loopA_r1,7486.6,7622.3,135.7,1297.8,34.4,1
6045,car,4.5,road_loopA_r0,road_loopA_r1,7515.3,7622.8,107.5,1298.1,43.5,0
6029,car,4.5,road_loopA_r0,road_loopA_r1,7498.2,7624.1,125.9,1297.9,37.1,1
6021,car,4.5,road_loopA_f0,road_loopA_f1,7488.5,7624.4,135.9,1303.0,34.5,1
6046,car,4.5,road_loopA_r0,road_loopA_r1,7515.4,7624.6,109.2,1297.4,42.8,0
6033,car,4.5,road_loopA_r0,road_loopA_r1,7500.6,7626.1,125.5,1298.5,37.2,1
6051,suv,4.8,road_loopA_r0,road_loopA_r1,7519.8,7626.6,106.8,1298.3,43.8,0
6025,car,4.5,road_loopA_f0,road_loopA_f1,7492.5,7627.2,134.7,1304.2,34.9,1
6056,suv,4.8,road_loopA_r0,road_loopA_r1,7522.6,7627.9,105.3,1297.8,44.4,0
6042,car,4.5,road_loopA_r0,road_loopA_r1,7514.5,7629.0,114.5,1298.4,40.8,0
6036,truck,8.5,road_loopA_r0,road_loopA_r1,7506.1,7629.9,123.8,1298.3,37.8,0
6027,suv,4.8,road_loopA_f0,road_loopA_f1,7494.8,7630.1,135.3,1303.4,34.7,1
6053,car,4.5,road_loopA_r0,road_loopA_r1,7522.0,7630.8,108.8,1298.7,43.0,0
6039,car,4.5,road_loopA_f0,road_loopA_f1,7513.2,7631.1,117.9,1303.2,39.8,1
6067,car,4.5,road_loopA_r0,road_loopA_r1,7532.6,7634.6,102.0,1298.1,45.8,0
6058,car,4.5,road_loopA_f0,road_loopA_f1,7523.7,7635.6,111.9,1303.0,41.9,1
6017,car,4.5,road_loopA_f0,road_loopA_f1,7484.7,7635.9,151.2,1304.0,31.0,1
6075,car,4.5,road_loopA_r0,road_loopA_r1,7537.7,7636.4,98.7,1298.1,47.3,0
6040,car,4.5,road_loopA_f0,road_loopA_f1,7513.7,7637.8,124.1,1302.8,37.8,1
6024,car,4.5,road_loopA_f0,road_loopA_f1,7491.2,7638.4,147.2,1302.9,31.9,1
6057,truck,8.5,road_loopA_r0,road_loopA_r1,7522.8,7638.4,115.6,1297.3,40.4,0
6072,car,4.5,road_loopA_r0,road_loopA_r1,7536.6,7639.1,102.5,1298.1,45.6,0
6081,car,4.5,road_loopA_r0,road_loopA_r1,7546.0,7639.2,93.2,1298.5,50.1,0
5926,car,4.5,xloopA_0Aa,road_loopA_f1,7399.7,7639.4,239.7,872.0,13.1,1
6043,suv,4.8,road_loopA_f0,road_loopA_f1,7514.6,7640.2,125.6,1303.4,37.4,1
6073,suv,4.8,road_loopA_r0,road_loopA_r1,7537.0,7641.2,104.2,1298.1,44.9,0
6069,suv,4.8,road_loopA_r0,road_loopA_r1,7533.6,7641.9,108.3,1298.3,43.2,0
6086,car,4.5,road_loopA_r0,road_loopA_r1,7552.2,7643.0,90.8,1297.3,51.5,0
6050,suv,4.8,road_loopA_f0,road_loopA_f1,7519.0,7643.1,124.1,1304.1,37.8,1
6080,car,4.5,road_loopA_r0,road_loopA_r1,7544.7,7643.2,98.5,1297.9,47.4,0
6085,truck,8.5,road_loopA_r0,road_loopA_r1,7551.4,7644.4,93.0,1297.6,50.2,0
6022,truck,8.5,road_loopA_f0,road_loopA_f1,7489.8,7645.0,155.2,1302.8,30.2,1
6070,car,4.5,road_loopA_f0,road_loopA_f1,7533.9,7645.7,111.8,1303.4,42.0,0
6087,car,4.5,road_loopA_r0,road_loopA_r1,7553.2,7646.4,93.2,1298.5,50.1,0
6061,truck,8.5,road_loopA_f0,road_loopA_f1,7525.9,7647.3,121.4,1303.7,38.7,1
6091,suv,4.8,road_loopA_r0,road_loopA_r1,7558.4,7647.6,89.2,1297.9,52.4,0
6093,car,4.5,road_loopA_r0,road_loopA_r1,7558.6,7648.0,89.4,1297.3,52.2,0
6074,car,4.5,road_loopA_r0,road_loopA_r1,7537.3,7648.5,111.2,1297.8,42.0,0
5980,car,4.5,xloopA_0Ba,road_loopA_f1,7450.8,7648.7,197.9,902.5,16.4,1
6066,car,4.5,road_loopA_f0,road_loopA_f1,7531.2,7649.0,117.8,1303.8,39.9,0
6071,car,4.5,road_loopA_f0,road_loopA_f1,7534.0,7649.3,115.3,1302.8,40.7,0
6023,car,4.5,road_loopA_r0,xloopA_0Bb,7490.4,7650.0,159.6,895.3,20.2,1
5936,car,4.5,road_loopA_f0,xloopA_0Ab,7416.6,7650.6,234.0,505.3,7.8,3
6083,car,4.5,road_loopA_f0,road_loopA_f1,7548.9,7651.1,102.2,1303.5,45.9,0
6030,car,4.5,road_loopA_f0,road_loopA_f1,7499.3,7651.3,152.0,1303.5,30.9,1
6096,car,4.5,road_loopA_r0,road_loopA_r1,7563.2,7652.2,89.0,1297.7,52.5,0
6060,suv,4.8,road_loopA_f0,road_loopA_f1,7525.7,7652.4,126.7,1303.9,37.0,4
6034,car,4.5,road_loopA_r0,xloopA_0Bb,7504.4,7652.6,148.2,895.3,21.8,1
6063,car,4.5,road_loopA_f0,road_loopA_f1,7527.2,7652.9,125.7,1303.9,37.3,6
5960,suv,4.8,road_loopA_f0,xloopA_0Ab,7436.3,7653.2,216.9,505.3,8.4,2
6095,car,4.5,road_loopA_f0,road_loopA_f1,7561.7,7654.2,92.5,1303.5,50.7,0
6084,car,4.5,road_loopA_f0,road_loopA_f1,7550.4,7654.5,104.1,1303.8,45.1,0
6041,car,4.5,road_loopA_r0,xloopA_0Bb,7514.5,7655.3,140.8,895.5,22.9,1
6012,car,4.5,road_loopA_f0,xloopA_0Ab,7482.4,7655.9,173.5,505.2,10.5,1
6097,suv,4.8,road_loopA_f0,road_loopA_f1,7564.5,7656.3,91.8,1303.5,51.1,0
6049,car,4.5,road_loopA_f0,road_loopA_f1,7519.0,7656.6,137.6,1302.9,34.1,1
6055,car,4.5,road_loopA_r0,xloopA_0Bb,7522.2,7658.0,135.8,895.8,23.8,1
6079,car,4.5,road_loopA_f0,road_loopA_f1,7544.1,7658.1,114.0,1303.8,41.2,0
6101,car,4.5,road_loopA_r0,road_loopA_r1,7569.0,7658.3,89.3,1298.6,52.4,0
6048,car,4.5,road_loopA_f0,xloopA_0Ab,7517.9,7658.6,140.7,505.4,12.9,1
6088,car,4.5,road_loopA_r0,road_loopA_r1,7553.8,7659.5,105.7,1297.7,44.2,0
6026,car,4.5,road_loopA_f0,road_loopA_f1,7494.1,7659.9,165.8,1304.0,28.3,1
6076,car,4.5,road_loopA_f0,road_loopA_f1,7539.9,7659.9,120.0,1303.1,39.1,0
6059,suv,4.8,road_loopA_r0,xloopA_0Bb,7523.6,7660.7,137.1,896.0,23.5,1
6062,car,4.5,road_loopA_f0,xloopA_0Ab,7526.2,7661.2,135.0,505.2,13.5,1
6032,suv,4.8,road_loopA_f0,road_loopA_f1,7500.4,7662.1,161.7,1303.5,29.0,1
6100,suv,4.8,road_loopA_f0,road_loopA_f1,7566.1,7663.4,97.3,1303.9,48.2,0
6077,car,4.5,road_loopA_f0,road_loopA_f1,7540.0,7664.2,124.2,1303.2,37.8,0
6161,car,4.5,xloopA_0Ba,xloopA_0Bb,7621.7,7664.9,43.2,84.7,7.1,1
6104,car,4.5,road_loopA_r0,road_loopA_r1,7569.8,7665.1,95.3,1297.6,49.0,0
6108,suv,4.8,road_loopA_f0,road_loopA_f1,7574.8,7665.4,90.6,1303.5,51.8,0
6110,car,4.5,road_loopA_r0,road_loopA_r1,7575.9,7666.4,90.5,1298.0,51.6,0
6018,car,4.5,road_loopA_f0,road_loopA_f1,7484.8,7666.6,181.8,1303.2,25.8,1
6167,car,4.5,xloopA_0Ba,xloopA_0Bb,7625.3,7668.4,43.1,84.6,7.1,1
6068,car,4.5,road_loopA_f0,road_loopA_f1,7533.5,7668.5,135.0,1303.5,34.8,0
6099,car,4.5,road_loopA_f0,road_loopA_f1,7565.6,7669.4,103.8,1303.0,45.2,0
6125,car,4.5,xloopA_0Aa,xloopA_0Ab,7589.6,7669.5,79.9,84.6,3.8,1
6112,car,4.5,road_loopA_f0,road_loopA_f1,7579.4,7670.1,90.7,1303.8,51.7,0
6090,car,4.5,road_loopA_r0,road_loopA_r1,7558.1,7670.7,112.6,1297.9,41.5,0
6115,car,4.5,road_loopA_f0,road_loopA_f1,7581.8,7671.4,89.6,1303.0,52.4,0
6187,car,4.5,xloopA_0Aa,xloopA_0Ab,7641.0,7671.7,30.7,84.6,9.9,1
6044,car,4.5,xloopA_0Aa,road_loopA_f1,7515.2,7672.2,157.0,872.2,20.0,0
6094,suv,4.8,road_loopA_r0,road_loopA_r1,7558.9,7673.5,114.6,1298.4,40.8,0
6013,suv,4.8,road_loopA_f0,road_loopA_f1,7482.6,7673.9,191.3,1302.9,24.5,1
6113,car,4.5,road_loopA_f0,road_loopA_f1,7579.8,7674.0,94.2,1303.4,49.8,0
6118,car,4.5,road_loopA_f0,road_loopA_f1,7585.2,7674.9,89.7,1303.3,52.3,0
6106,suv,4.8,road_loopA_f0,road_loopA_f1,7571.8,7675.6,103.8,1303.0,45.2,0
6199,car,4.5,xloopA_0Aa,xloopA_0Ab,7658.6,7675.9,17.3,84.4,17.5,0
6109,truck,8.5,road_loopA_f0,road_loopA_f1,7575.0,7677.8,102.8,1303.3,45.6,0
6121,car,4.5,road_loopA_f0,road_loopA_f1,7588.4,7677.8,89.4,1303.1,52.5,0
6200,car,4.5,xloopA_0Aa,xloopA_0Ab,7659.3,7678.5,19.2,84.2,15.7,0
6117,car,4.5,road_loopA_f0,road_loopA_f1,7584.8,7679.8,95.0,1303.5,49.4,0
6126,truck,8.5,road_loopA_f0,road_loopA_f1,7590.0,7680.1,90.1,1303.9,52.1,0
6122,car,4.5,road_loopA_f0,road_loopA_f1,7589.5,7683.9,94.4,1303.0,49.7,0
6119,car,4.5,road_loopA_f0,road_loopA_f1,7585.7,7687.6,101.9,1303.4,46.1,0
6137,car,4.5,road_loopA_f0,road_loopA_f1,7599.3,7691.8,92.5,1303.7,50.7,0
6131,suv,4.8,road_loopA_f0,road_loopA_f1,7594.4,7692.7,98.3,1303.4,47.7,0
6138,car,4.5,road_loopA_f0,road_loopA_f1,7599.6,7694.7,95.1,1303.2,49.3,0
6107,suv,4.8,road_loopA_r0,xloopA_0Ab,7574.0,7696.1,122.1,869.4,25.6,1
6010,bus,11.0,road_loopA_f0,road_loopA_f1,7479.7,7699.2,219.5,1303.2,21.4,3
6133,suv,4.8,road_loopA_f0,road_loopA_f1,7595.5,7703.4,107.9,1303.7,43.5,0
6149,car,4.5,road_loopA_r0,xloopA_0Ab,7611.4,7707.8,96.4,869.0,32.5,1
6116,bus,11.0,road_loopA_f0,road_loopA_f1,7583.1,7718.5,135.4,1302.9,34.6,1
6089,bus,11.0,road_loopA_f0,road_loopA_f1,7556.2,7721.5,165.3,1302.8,28.4,2
6111,suv,4.8,road_loopA_r0,road_loopA_r1,7578.7,7721.5,142.8,1297.3,32.7,1
6114,suv,4.8,road_loopA_r0,road_loopA_r1,7580.1,7721.6,141.5,1298.0,33.0,1
6230,car,4.5,road_loopA_f0,xloopA_0Bb,7682.8,7722.7,39.9,478.6,43.2,0
6123,car,4.5,road_loopA_r0,road_loopA_r1,7589.5,7723.4,133.9,1297.8,34.9,1
6127,car,4.5,road_loopA_r0,road_loopA_r1,7590.7,7725.3,134.6,1297.9,34.7,1
1447,tram,34.0,loopA,loopA,3415.1,7728.0,4312.9,33702.5,28.1,41
6135,suv,4.8,road_loopA_r0,road_loopA_r1,7595.8,7729.9,134.1,1297.4,34.8,1
6102,car,4.5,road_loopA_r0,road_loopA_r1,7569.5,7731.5,162.0,1297.4,28.8,1
6105,car,4.5,road_loopA_r0,road_loopA_r1,7571.5,7732.1,160.6,1298.1,29.1,1
6120,truck,8.5,road_loopA_r0,road_loopA_r1,7586.0,7733.1,147.1,1297.9,31.8,1
6124,car,4.5,road_loopA_r0,road_loopA_r1,7589.6,7734.8,145.2,1297.4,32.2,1
6130,car,4.5,road_loopA_r0,road_loopA_r1,7594.0,7735.1,141.1,1298.4,33.1,1
6129,truck,8.5,road_loopA_r0,road_loopA_r1,7593.7,7735.2,141.5,1298.1,33.0,1
6132,car,4.5,road_loopA_r0,road_loopA_r1,7595.2,7736.9,141.7,1297.5,33.0,1
6134,car,4.5,road_loopA_r0,road_loopA_r1,7595.7,7737.2,141.5,1298.2,33.0,1
6142,car,4.5,road_loopA_r0,road_loopA_r1,7603.0,7738.0,135.0,1298.4,34.6,1
6136,suv,4.8,road_loopA_r0,road_loopA_r1,7599.2,7738.9,139.7,1298.3,33.5,1
6151,suv,4.8,road_loopA_r0,road_loopA_r1,7612.2,7739.9,127.7,1298.1,36.6,1
6144,car,4.5,road_loopA_r0,road_loopA_r1,7604.3,7740.6,136.3,1297.5,34.3,1
6148,car,4.5,road_loopA_r0,road_loopA_r1,7608.5,7741.7,133.2,1297.4,35.1,1
6156,car,4.5,road_loopA_r0,road_loopA_r1,7616.3,7742.5,126.2,1297.8,37.0,1
6247,car,4.5,road_loopA_f0,xloopA_0Bb,7702.4,7742.5,40.1,478.8,43.0,0
6159,car,4.5,road_loopA_r0,road_loopA_r1,7618.4,7743.6,125.2,1297.9,37.3,1
6157,car,4.5,road_loopA_r0,road_loopA_r1,7617.3,7745.3,128.0,1298.0,36.5,1
6158,car,4.5,road_loopA_r0,road_loopA_r1,7617.5,7745.7,128.2,1298.0,36.4,1
6128,car,4.5,road_loopA_r0,road_loopA_r1,7593.4,7746.3,152.9,1297.8,30.6,1
6160,car,4.5,road_loopA_r0,road_loopA_r1,7620.6,7747.1,126.5,1297.8,36.9,1
6172,car,4.5,road_loopA_r0,road_loopA_r1,7630.6,7747.4,116.8,1298.2,40.0,0
6166,suv,4.8,road_loopA_r0,road_loopA_r1,7625.1,7748.1,123.0,1298.5,38.0,1
6143,car,4.5,road_loopA_f0,road_loopA_f1,7603.5,7749.5,146.0,1303.1,32.1,1
6182,car,4.5,road_loopA_r0,road_loopA_r1,7636.9,7749.8,112.9,1298.6,41.4,1
6184,car,4.5,road_loopA_r0,road_loopA_r1,7638.1,7750.2,112.1,1297.6,41.7,0
6195,suv,4.8,road_loopA_r0,road_loopA_r1,7655.9,7752.1,96.2,1298.6,48.6,0
6153,car,4.5,road_loopA_r0,road_loopA_r1,7612.5,7754.2,141.7,1298.5,33.0,1
6164,suv,4.8,road_loopA_r0,road_loopA_r1,7622.0,7754.3,132.3,1297.4,35.3,0
6183,truck,8.5,road_loopA_r0,road_loopA_r1,7637.3,7756.4,119.1,1297.3,39.2,0
6261,car,4.5,road_loopA_f0,xloopA_0Bb,7713.0,7756.7,43.7,478.7,39.4,0
6204,car,4.5,road_loopA_r0,road_loopA_r1,7663.9,7756.9,93.0,1298.1,50.3,0
6191,car,4.5,road_loopA_r0,road_loopA_r1,7651.9,7757.2,105.3,1298.1,44.4,0
6145,car,4.5,road_loopA_f0,road_loopA_f1,7605.3,7757.4,152.1,1303.7,30.9,1
6211,car,4.5,road_loopA_r0,road_loopA_r1,7668.7,7758.5,89.8,1298.7,52.1,0
6234,suv,4.8,road_loopA_r0,xloopA_0Ab,7686.7,7758.8,72.1,868.8,43.4,0
6207,car,4.5,road_loopA_r0,road_loopA_r1,7665.4,7759.8,94.4,1297.8,49.5,0
6272,car,4.5,road_loopA_f0,xloopA_0Bb,7719.9,7760.0,40.1,479.0,43.0,0
6209,suv,4.8,road_loopA_r0,road_loopA_r1,7667.1,7760.7,93.6,1298.0,49.9,0
6235,suv,4.8,road_loopA_r0,xloopA_0Ab,7687.6,7762.2,74.6,869.5,42.0,0
6214,car,4.5,road_loopA_r0,road_loopA_r1,7673.2,7762.5,89.3,1297.3,52.3,0
6150,car,4.5,road_loopA_f0,road_loopA_f1,7611.7,7763.6,151.9,1303.3,30.9,1
6141,car,4.5,road_loopA_f0,road_loopA_f1,7602.9,7764.3,161.4,1303.1,29.1,1
6206,car,4.5,road_loopA_r0,road_loopA_r1,7664.8,7765.2,100.4,1297.4,46.5,0
6168,car,4.5,road_loopA_f0,road_loopA_f1,7625.6,7765.7,140.1,1303.3,33.5,1
6162,car,4.5,road_loopA_f0,road_loopA_f1,7621.8,7765.9,144.1,1302.9,32.6,1
6219,car,4.5,road_loopA_r0,road_loopA_r1,7677.0,7766.9,89.9,1297.5,52.0,0
6171,suv,4.8,road_loopA_f0,road_loopA_f1,7629.0,7767.3,138.3,1303.6,33.9,1
6223,car,4.5,road_loopA_r0,road_loopA_r1,7678.0,7768.8,90.8,1297.5,51.4,0
6174,truck,8.5,road_loopA_f0,road_loopA_f1,7631.4,7769.4,138.0,1303.5,34.0,1
6176,suv,4.8,road_loopA_f0,road_loopA_f1,7633.1,7771.7,138.6,1304.1,33.9,1
6197,car,4.5,road_loopA_r0,road_loopA_r1,7656.7,7774.2,117.5,1298.0,39.8,0
6178,suv,4.8,road_loopA_f0,road_loopA_f1,7634.7,7774.3,139.6,1303.6,33.6,1
6212,car,4.5,road_loopA_r0,road_loopA_r1,7670.6,7774.7,104.1,1298.1,44.9,0
6065,car,4.5,road_loopA_f0,xloopA_0Ab,7531.0,7775.3,244.3,505.3,7.4,2
6103,truck,8.5,road_loopA_r0,xloopA_0Bb,7569.4,7776.1,206.7,895.6,15.6,1
6177,car,4.5,road_loopA_f0,road_loopA_f1,7634.0,7776.9,142.9,1303.1,32.8,1
6179,car,4.5,road_loopA_f0,road_loopA_f1,7636.0,7778.7,142.7,1302.8,32.9,1
6180,car,4.5,road_loopA_r0,xloopA_0Bb,7636.5,7779.1,142.6,895.7,22.6,2
6186,car,4.5,road_loopA_f0,road_loopA_f1,7640.3,7780.4,140.1,1302.9,33.5,1
6193,suv,4.8,road_loopA_r0,xloopA_0Bb,7652.0,7781.8,129.8,895.9,24.8,1
6201,car,4.5,road_loopA_f0,road_loopA_f1,7659.2,7782.1,122.9,1303.0,38.2,1
6098,car,4.5,xloopA_0Aa,road_loopA_f1,7565.5,7783.9,218.4,872.6,14.4,1
6194,car,4.5,road_loopA_f0,road_loopA_f1,7655.0,7783.9,128.9,1303.1,36.4,1
6225,truck,8.5,road_loopA_r0,road_loopA_r1,7678.3,7784.3,106.0,1298.4,44.1,0
6188,car,4.5,xloopA_0Aa,road_loopA_f1,7641.1,7785.6,144.5,872.3,21.7,0
6208,car,4.5,road_loopA_f0,road_loopA_f1,7665.6,7785.7,120.1,1303.4,39.1,0
6139,truck,8.5,road_loopA_f0,road_loopA_f1,7600.6,7786.1,185.5,1303.7,25.3,1
6238,suv,4.8,road_loopA_r0,road_loopA_r1,7693.8,7786.2,92.4,1298.4,50.6,0
6296,suv,4.8,road_loopA_f0,xloopA_0Ab,7743.2,7786.5,43.3,505.6,42.0,0
6220,truck,8.5,road_loopA_r0,road_loopA_r1,7677.5,7786.7,109.2,1297.8,42.8,0
6147,suv,4.8,road_loopA_f0,road_loopA_f1,7608.5,7787.3,178.8,1302.8,26.2,1
6241,car,4.5,road_loopA_r0,road_loopA_r1,7697.7,7787.3,89.6,1298.7,52.2,0
6202,suv,4.8,road_loopA_f0,road_loopA_f1,7663.5,7787.5,124.0,1302.9,37.8,0
6146,car,4.5,road_loopA_f0,road_loopA_f1,7608.4,7788.2,179.8,1302.9,26.1,1
6240,truck,8.5,road_loopA_r0,road_loopA_r1,7696.0,7788.3,92.3,1298.1,50.6,0
6224,car,4.5,road_loopA_r0,road_loopA_r1,7678.0,7788.9,110.9,1298.0,42.1,0
6154,car,4.5,road_loopA_f0,road_loopA_f1,7614.9,7789.0,174.1,1302.8,26.9,1
6229,car,4.5,xloopA_0Ba,xloopA_0Bb,7682.3,7789.6,107.3,84.3,2.8,1
6205,car,4.5,road_loopA_f0,road_loopA_f1,7664.4,7789.7,125.3,1303.9,37.5,0
6152,suv,4.8,road_loopA_f0,road_loopA_f1,7612.6,7789.9,177.3,1303.2,26.5,1
6165,car,4.5,road_loopA_f0,road_loopA_f1,7624.2,7790.7,166.5,1303.4,28.2,1
6227,truck,8.5,road_loopA_r0,road_loopA_r1,7681.6,7791.2,109.6,1297.3,42.6,0
6259,car,4.5,xloopA_0Aa,xloopA_0Ab,7711.1,7791.7,80.6,84.6,3.8,1
6163,car,4.5,road_loopA_f0,road_loopA_f1,7621.8,7791.9,170.1,1303.8,27.6,1
6217,car,4.5,road_loopA_f0,road_loopA_f1,7674.5,7792.1,117.6,1303.7,39.9,0
6170,car,4.5,road_loopA_f0,road_loopA_f1,7628.8,7792.4,163.6,1302.9,28.7,1
6250,car,4.5,xloopA_0Ba,xloopA_0Bb,7707.0,7792.7,85.7,84.3,3.5,1
6155,suv,4.8,road_loopA_f0,road_loopA_f1,7615.3,7794.0,178.7,1302.9,26.2,1
6169,suv,4.8,road_loopA_f0,road_loopA_f1,7627.7,7794.4,166.7,1303.1,28.1,1
6222,car,4.5,road_loopA_f0,road_loopA_f1,7677.9,7794.6,116.7,1303.6,40.2,0
6268,car,4.5,xloopA_0Ba,xloopA_0Bb,7717.2,7794.7,77.5,84.4,3.9,1
6173,car,4.5,road_loopA_f0,road_loopA_f1,7631.4,7795.8,164.4,1303.6,28.5,1
6181,suv,4.8,road_loopA_f0,road_loopA_f1,7636.7,7796.2,159.5,1303.6,29.4,1
6236,car,4.5,road_loopA_f0,road_loopA_f1,7690.5,7796.4,105.9,1303.7,44.3,0
6270,car,4.5,xloopA_0Ba,xloopA_0Bb,7719.6,7796.9,77.3,84.3,3.9,0
6175,truck,8.5,road_loopA_f0,road_loopA_f1,7633.0,7798.0,165.0,1303.9,28.4,1
6192,truck,8.5,road_loopA_f0,road_loopA_f1,7652.0,7798.3,146.3,1303.1,32.1,1
6216,car,4.5,road_loopA_f0,road_loopA_f1,7673.9,7799.1,125.2,1304.1,37.5,0
6185,truck,8.5,road_loopA_f0,road_loopA_f1,7639.5,7800.4,160.9,1303.8,29.2,1
6196,car,4.5,road_loopA_f0,road_loopA_f1,7656.5,7800.4,143.9,1303.6,32.6,1
6218,car,4.5,road_loopA_f0,road_loopA_f1,7674.9,7801.1,126.2,1302.8,37.2,0
6203,suv,4.8,road_loopA_f0,road_loopA_f1,7663.7,7802.2,138.5,1303.0,33.9,0
6189,car,4.5,road_loopA_f0,road_loopA_f1,7644.8,7802.4,157.6,1302.8,29.8,1
6307,car,4.5,xloopA_0Ba,xloopA_0Bb,7752.5,7802.8,50.3,84.2,6.0,0
6243,car,4.5,road_loopA_f0,road_loopA_f1,7700.6,7803.9,103.3,1303.9,45.5,0
6215,truck,8.5,road_loopA_f0,road_loopA_f1,7673.5,7804.6,131.1,1303.6,35.8,0
6190,truck,8.5,road_loopA_f0,road_loopA_f1,7646.8,7804.7,157.9,1303.3,29.7,1
6246,car,4.5,road_loopA_f0,road_loopA_f1,7702.2,7805.6,103.4,1302.8,45.4,0
6213,car,4.5,road_loopA_f0,road_loopA_f1,7672.6,7806.6,134.0,1302.9,35.0,1
6198,truck,8.5,road_loopA_f0,road_loopA_f1,7658.2,7807.1,148.9,1303.7,31.5,1
6226,car,4.5,road_loopA_f0,road_loopA_f1,7680.0,7808.7,128.7,1303.6,36.5,0
6228,car,4.5,road_loopA_f0,road_loopA_f1,7681.7,7809.3,127.6,1303.2,36.8,0
6239,suv,4.8,road_loopA_f0,road_loopA_f1,7695.0,7811.5,116.5,1303.9,40.3,0
6232,truck,8.5,road_loopA_f0,road_loopA_f1,7685.0,7812.0,127.0,1303.7,37.0,0
6254,suv,4.8,road_loopA_f0,road_loopA_f1,7709.8,7813.2,103.4,1303.0,45.3,0
6242,car,4.5,road_loopA_f0,road_loopA_f1,7700.2,7813.9,113.7,1303.4,41.3,0
6237,car,4.5,road_loopA_f0,road_loopA_f1,7691.3,7814.2,122.9,1303.7,38.2,0
6267,car,4.5,road_loopA_f0,road_loopA_f1,7716.7,7815.1,98.4,1303.8,47.7,0
6258,suv,4.8,road_loopA_f0,road_loopA_f1,7710.9,7816.1,105.2,1302.9,44.6,0
6264,suv,4.8,road_loopA_f0,road_loopA_f1,7715.0,7816.2,101.2,1304.0,46.4,0
6248,car,4.5,road_loopA_f0,road_loopA_f1,7702.6,7816.9,114.3,1303.8,41.1,0
6256,car,4.5,road_loopA_f0,road_loopA_f1,7710.2,7824.3,114.1,1302.9,41.1,0
6210,bus,11.0,road_loopA_f0,road_loopA_f1,7668.5,7824.4,155.9,1303.5,30.1,2
6140,bus,11.0,road_loopA_f0,road_loopA_f1,7601.8,7827.4,225.6,1302.8,20.8,3
6221,suv,4.8,road_loopA_f0,road_loopA_f1,7677.9,7829.0,151.1,1303.4,31.0,0
6231,bus,11.0,road_loopA_f0,road_loopA_f1,7685.0,7829.2,144.2,1303.0,32.5,1
6276,car,4.5,road_loopA_r0,xloopA_0Ab,7731.6,7832.1,100.5,869.1,31.1,1
6293,car,4.5,road_loopA_f0,xloopA_0Bb,7741.0,7833.2,92.2,478.7,18.7,2
6262,car,4.5,road_loopA_r0,xloopA_0Ab,7713.4,7835.8,122.4,869.1,25.6,2
6271,car,4.5,xloopA_0Ba,road_loopA_r1,7719.8,7848.8,129.0,476.8,13.3,0
6249,car,4.5,road_loopA_r0,road_loopA_r1,7705.9,7852.7,146.8,1297.9,31.8,1
6245,suv,4.8,road_loopA_r0,road_loopA_r1,7702.1,7854.4,152.3,1297.6,30.7,1
6257,car,4.5,road_loopA_r0,road_loopA_r1,7710.1,7854.5,144.4,1297.3,32.4,1
6244,car,4.5,road_loopA_r0,road_loopA_r1,7701.3,7856.1,154.8,1297.7,30.2,1
6251,car,4.5,road_loopA_r0,road_loopA_r1,7709.3,7856.2,146.9,1298.6,31.8,1
6260,car,4.5,road_loopA_r0,road_loopA_r1,7712.2,7857.3,145.1,1298.1,32.2,1
6253,car,4.5,road_loopA_r0,road_loopA_r1,7709.4,7858.7,149.3,1298.2,31.3,1
6265,car,4.5,road_loopA_r0,road_loopA_r1,7715.4,7860.1,144.7,1297.9,32.3,1
6255,suv,4.8,road_loopA_r0,road_loopA_r1,7709.8,7860.4,150.6,1297.3,31.0,1
6263,car,4.5,road_loopA_r0,road_loopA_r1,7714.5,7862.1,147.6,1297.4,31.6,1
6281,car,4.5,road_loopA_r0,road_loopA_r1,7733.2,7862.6,129.4,1297.4,36.1,1
6266,truck,8.5,road_loopA_r0,road_loopA_r1,7716.3,7862.8,146.5,1297.5,31.9,1
6273,car,4.5,road_loopA_r0,road_loopA_r1,7721.1,7864.0,142.9,1297.7,32.7,1
6274,car,4.5,road_loopA_r0,road_loopA_r1,7722.5,7864.3,141.8,1297.5,32.9,1
6282,car,4.5,road_loopA_r0,road_loopA_r1,7733.5,7864.9,131.4,1298.4,35.6,1
6277,car,4.5,road_loopA_r0,road_loopA_r1,7732.2,7865.7,133.5,1298.1,35.0,1
6286,suv,4.8,road_loopA_r0,road_loopA_r1,7735.5,7867.0,131.5,1298.1,35.5,1
6313,car,4.5,road_loopA_r0,road_loopA_r1,7755.3,7867.9,112.6,1298.7,41.5,1
6292,car,4.5,road_loopA_r0,road_loopA_r1,7740.4,7868.6,128.2,1297.3,36.4,1
6297,truck,8.5,road_loopA_r0,road_loopA_r1,7743.3,7869.1,125.8,1298.0,37.2,1
6319,car,4.5,road_loopA_r0,road_loopA_r1,7761.5,7870.3,108.8,1297.4,42.9,0
6310,truck,8.5,road_loopA_r0,road_loopA_r1,7753.5,7871.8,118.3,1297.4,39.5,0
6329,car,4.5,road_loopA_r0,road_loopA_r1,7771.1,7872.3,101.2,1298.1,46.2,0
6328,car,4.5,road_loopA_r0,road_loopA_r1,7770.7,7872.6,101.9,1298.1,45.8,0
6309,truck,8.5,road_loopA_r0,road_loopA_r1,7753.0,7875.5,122.5,1298.0,38.1,0
6330,car,4.5,road_loopA_r0,road_loopA_r1,7771.7,7876.1,104.4,1297.8,44.8,0
6325,car,4.5,road_loopA_r0,road_loopA_r1,7768.8,7877.3,108.5,1298.1,43.1,0
6332,car,4.5,road_loopA_r0,road_loopA_r1,7775.4,7878.9,103.5,1298.4,45.1,0
6360,suv,4.8,road_loopA_r0,xloopA_0Ab,7808.5,7879.6,71.1,869.2,44.0,0
6283,car,4.5,road_loopA_f0,road_loopA_f1,7733.6,7881.2,147.6,1303.1,31.8,1
6275,car,4.5,road_loopA_f0,road_loopA_f1,7730.5,7881.4,150.9,1302.8,31.1,1
6333,car,4.5,road_loopA_r0,road_loopA_r1,7776.0,7881.5,105.5,1298.5,44.3,0
6334,car,4.5,road_loopA_r0,road_loopA_r1,7777.3,7881.9,104.6,1297.7,44.7,0
6346,car,4.5,road_loopA_r0,road_loopA_r1,7790.8,7882.9,92.1,1298.3,50.7,0
6348,car,4.5,road_loopA_r0,xloopA_0Ab,7792.6,7882.9,90.3,869.5,34.6,1
6287,car,4.5,road_loopA_f0,road_loopA_f1,7737.4,7883.6,146.2,1304.0,32.1,1
6340,truck,8.5,road_loopA_r0,road_loopA_r1,7786.9,7883.6,96.7,1298.0,48.3,0
6290,car,4.5,road_loopA_f0,road_loopA_f1,7740.4,7886.4,146.0,1303.7,32.2,1
6233,bus,11.0,road_loopA_r0,road_loopA_r1,7685.6,7886.9,201.3,1298.0,23.2,3
6279,car,4.5,road_loopA_f0,road_loopA_f1,7732.8,7887.1,154.3,1302.8,30.4,1
6331,suv,4.8,road_loopA_r0,road_loopA_r1,7774.7,7888.1,113.4,1297.4,41.2,0
6298,car,4.5,road_loopA_f0,road_loopA_f1,7743.9,7888.3,144.4,1303.5,32.5,1
6294,suv,4.8,road_loopA_f0,road_loopA_f1,7741.3,7890.9,149.6,1304.1,31.4,1
6301,suv,4.8,road_loopA_f0,road_loopA_f1,7747.2,7891.1,143.9,1303.7,32.6,1
6335,car,4.5,road_loopA_r0,road_loopA_r1,7777.5,7891.2,113.7,1297.5,41.1,0
6280,car,4.5,road_loopA_f0,road_loopA_f1,7733.0,7891.9,158.9,1303.3,29.5,1
6342,car,4.5,road_loopA_r0,road_loopA_r1,7788.8,7893.2,104.4,1298.2,44.8,0
6308,car,4.5,road_loopA_f0,road_loopA_f1,7752.8,7894.1,141.3,1302.8,33.2,1
6339,car,4.5,road_loopA_r0,road_loopA_r1,7785.7,7894.5,108.8,1297.6,42.9,0
6352,car,4.5,road_loopA_r0,road_loopA_r1,7802.7,7894.9,92.2,1297.7,50.7,0
6252,car,4.5,xloopA_0Aa,road_loopA_f1,7709.5,7895.4,185.9,872.6,16.9,1
6341,suv,4.8,road_loopA_r0,road_loopA_r1,7787.5,7896.2,108.7,1298.5,43.0,0
6338,truck,8.5,road_loopA_r0,road_loopA_r1,7779.4,7896.4,117.0,1298.2,40.0,0
6302,car,4.5,road_loopA_f0,road_loopA_f1,7747.7,7896.8,149.1,1303.2,31.5,1
6344,car,4.5,road_loopA_r0,road_loopA_r1,7790.2,7898.1,107.9,1298.3,43.3,0
6353,suv,4.8,road_loopA_r0,road_loopA_r1,7802.8,7898.6,95.8,1298.2,48.8,0
6311,suv,4.8,road_loopA_f0,road_loopA_f1,7754.4,7898.8,144.4,1303.8,32.5,1
6347,truck,8.5,road_loopA_r0,road_loopA_r1,7791.6,7898.8,107.2,1297.5,43.6,0
6349,suv,4.8,road_loopA_r0,road_loopA_r1,7793.1,7899.9,106.8,1297.9,43.8,0
6305,car,4.5,road_loopA_f0,road_loopA_f1,7750.9,7900.5,149.6,1304.0,31.4,1
6321,car,4.5,road_loopA_f0,road_loopA_f1,7763.2,7901.3,138.1,1303.3,34.0,1
6361,car,4.5,road_loopA_r0,road_loopA_r1,7809.7,7901.3,91.6,1297.5,51.0,0
6314,car,4.5,road_loopA_f0,road_loopA_f1,7756.3,7902.9,146.6,1304.1,32.0,1
6318,car,4.5,road_loopA_f0,road_loopA_f1,7759.4,7905.0,145.6,1303.7,32.2,1
6299,truck,8.5,road_loopA_r0,xloopA_0Bb,7745.4,7905.6,160.2,895.6,20.1,1
6326,car,4.5,road_loopA_f0,road_loopA_f1,7769.6,7906.0,136.4,1304.1,34.4,1
6320,truck,8.5,road_loopA_f0,xloopA_0Ab,7762.0,7906.1,144.1,505.5,12.6,1
6317,suv,4.8,road_loopA_f0,road_loopA_f1,7757.9,7906.8,148.9,1304.0,31.5,1
6316,suv,4.8,road_loopA_r0,xloopA_0Bb,7757.7,7908.6,150.9,895.7,21.4,1
6323,car,4.5,road_loopA_f0,road_loopA_f1,7764.7,7909.8,145.1,1302.9,32.3,1
6289,suv,4.8,road_loopA_f0,road_loopA_f1,7739.6,7910.4,170.8,1303.7,27.5,1
1775,tram,34.0,loopB,loopB,3675.9,7910.9,4235.0,33672.5,28.6,42
6345,car,4.5,road_loopA_f0,road_loopA_f1,7790.3,7911.3,121.0,1303.6,38.8,0
6350,car,4.5,road_loopA_r0,xloopA_0Bb,7798.2,7911.3,113.1,895.6,28.5,1
6351,car,4.5,road_loopA_f0,road_loopA_f1,7798.4,7913.3,114.9,1302.8,40.8,1
6269,car,4.5,xloopA_0Aa,road_loopA_f1,7717.7,7913.8,196.1,872.0,16.0,1
6374,suv,4.8,road_loopA_r0,xloopA_0Bb,7822.7,7914.0,91.3,895.9,35.3,1
6336,car,4.5,road_loopA_f0,road_loopA_f1,7777.9,7914.1,136.2,1303.7,34.5,1
6355,car,4.5,road_loopA_f0,road_loopA_f1,7804.5,7915.2,110.7,1303.7,42.4,0
6337,suv,4.8,road_loopA_f0,road_loopA_f1,7778.1,7916.9,138.8,1303.2,33.8,1
6376,car,4.5,road_loopA_r0,road_loopA_r1,7825.0,7917.5,92.5,1298.4,50.6,0
6284,truck,8.5,road_loopA_f0,road_loopA_f1,7734.1,7917.8,183.7,1302.8,25.5,1
6364,car,4.5,road_loopA_f0,road_loopA_f1,7816.3,7918.9,102.6,1303.6,45.7,0
6288,car,4.5,xloopA_0Ba,road_loopA_f1,7738.1,7920.1,182.0,902.3,17.8,0
6291,truck,8.5,road_loopA_f0,road_loopA_f1,7740.4,7920.2,179.8,1302.8,26.1,1
6401,car,4.5,xloopA_0Aa,xloopA_0Ab,7850.8,7920.5,69.7,84.2,4.4,1
6368,car,4.5,road_loopA_r0,road_loopA_r1,7818.0,7920.8,102.8,1298.4,45.5,0
6367,car,4.5,road_loopA_r0,road_loopA_r1,7817.6,7921.2,103.6,1297.9,45.1,0
6392,car,4.5,xloopA_0Ba,xloopA_0Bb,7839.4,7921.2,81.8,84.1,3.7,1
6278,car,4.5,road_loopA_f0,road_loopA_f1,7732.6,7921.8,189.2,1302.9,24.8,1
6327,suv,4.8,road_loopA_f0,road_loopA_f1,7770.6,7922.0,151.4,1303.1,31.0,1
6312,car,4.5,road_loopA_f0,road_loopA_f1,7755.3,7922.2,166.9,1303.0,28.1,1
6371,truck,8.5,road_loopA_r0,road_loopA_r1,7821.7,7922.5,100.8,1297.3,46.3,0
6370,suv,4.8,road_loopA_r0,road_loopA_r1,7820.9,7922.8,101.9,1297.4,45.8,0
6359,suv,4.8,road_loopA_f0,road_loopA_f1,7808.5,7923.4,114.9,1303.6,40.8,0
6393,car,4.5,xloopA_0Ba,xloopA_0Bb,7839.7,7923.5,83.8,84.7,3.6,1
6295,car,4.5,road_loopA_f0,road_loopA_f1,7741.9,7923.6,181.7,1303.9,25.8,1
6372,car,4.5,road_loopA_r0,road_loopA_r1,7822.1,7924.4,102.3,1297.9,45.7,0
6357,truck,8.5,road_loopA_f0,road_loopA_f1,7805.9,7924.8,118.9,1303.7,39.5,0
6378,suv,4.8,road_loopA_f0,road_loopA_f1,7829.3,7925.1,95.8,1303.4,49.0,0
6300,car,4.5,road_loopA_f0,road_loopA_f1,7747.2,7925.4,178.2,1303.9,26.3,1
6436,car,4.5,xloopA_0Aa,xloopA_0Ab,7887.5,7925.8,38.3,84.2,7.9,0
6437,car,4.5,xloopA_0Ba,xloopA_0Bb,7889.0,7926.2,37.2,84.2,8.1,0
6304,car,4.5,road_loopA_f0,road_loopA_f1,7750.4,7927.1,176.7,1303.6,26.6,1
6322,truck,8.5,road_loopA_f0,road_loopA_f1,7764.0,7927.6,163.6,1303.7,28.7,1
6439,car,4.5,xloopA_0Aa,xloopA_0Ab,7889.4,7927.9,38.5,84.8,7.9,0
6306,car,4.5,road_loopA_f0,road_loopA_f1,7752.2,7928.8,176.6,1303.7,26.6,1
6438,car,4.5,xloopA_0Ba,xloopA_0Bb,7889.3,7929.0,39.7,84.3,7.6,0
6362,car,4.5,road_loopA_f0,road_loopA_f1,7810.1,7929.2,119.1,1304.0,39.4,0
6454,car,4.5,xloopA_0Aa,xloopA_0Ab,7900.2,7929.7,29.5,84.4,10.3,0
6383,car,4.5,road_loopA_f0,road_loopA_f1,7834.5,7930.3,95.8,1304.0,49.0,0
6315,suv,4.8,road_loopA_f0,road_loopA_f1,7756.3,7930.5,174.2,1303.4,26.9,1
6366,car,4.5,road_loopA_f0,road_loopA_f1,7816.9,7930.8,113.9,1302.8,41.2,0
6468,car,4.5,xloopA_0Ba,xloopA_0Bb,7904.5,7931.0,26.5,84.2,11.5,0
6388,car,4.5,road_loopA_f0,road_loopA_f1,7838.5,7931.9,93.4,1302.8,50.2,0
6324,car,4.5,road_loopA_f0,road_loopA_f1,7766.1,7932.3,166.2,1303.7,28.2,1
6377,car,4.5,road_loopA_f0,road_loopA_f1,7826.0,7932.7,106.7,1303.4,44.0,0
6483,car,4.5,xloopA_0Ba,xloopA_0Bb,7914.5,7932.8,18.3,84.2,16.5,0
6373,car,4.5,road_loopA_f0,road_loopA_f1,7822.3,7933.9,111.6,1302.9,42.0,0
6343,truck,8.5,road_loopA_f0,road_loopA_f1,7789.5,7934.6,145.1,1302.8,32.3,0
6380,suv,4.8,road_loopA_f0,road_loopA_f1,7832.9,7934.6,101.7,1303.7,46.2,0
6354,car,4.5,road_loopA_f0,road_loopA_f1,7803.6,7936.6,133.0,1303.0,35.3,0
6358,suv,4.8,road_loopA_f0,road_loopA_f1,7807.6,7936.6,129.0,1303.7,36.4,0
6356,car,4.5,road_loopA_f0,road_loopA_f1,7805.3,7938.7,133.4,1303.7,35.2,0
6365,car,4.5,road_loopA_f0,road_loopA_f1,7816.8,7940.4,123.6,1303.4,38.0,0
6369,suv,4.8,road_loopA_f0,road_loopA_f1,7820.4,7941.1,120.7,1303.0,38.9,0
6382,car,4.5,road_loopA_f0,road_loopA_f1,7833.4,7941.2,107.8,1303.4,43.5,0
6398,car,4.5,road_loopA_f0,road_loopA_f1,7846.4,7942.9,96.5,1303.6,48.6,0
6387,car,4.5,road_loopA_f0,road_loopA_f1,7838.3,7945.1,106.8,1302.9,43.9,0
6399,car,4.5,road_loopA_f0,road_loopA_f1,7849.1,7946.4,97.3,1303.9,48.2,0
6390,car,4.5,road_loopA_f0,road_loopA_f1,7838.6,7946.9,108.3,1303.6,43.3,0
6408,car,4.5,road_loopA_f0,road_loopA_f1,7859.0,7948.5,89.5,1303.4,52.5,0
6395,car,4.5,road_loopA_f0,road_loopA_f1,7843.3,7948.6,105.3,1304.0,44.6,0
6379,car,4.5,road_loopA_f0,road_loopA_f1,7829.9,7949.3,119.4,1303.4,39.3,0
6404,car,4.5,road_loopA_f0,road_loopA_f1,7852.8,7950.4,97.6,1304.0,48.1,0
6385,car,4.5,road_loopA_f0,road_loopA_f1,7834.9,7951.0,116.1,1304.0,40.4,0
6394,suv,4.8,road_loopA_f0,road_loopA_f1,7842.7,7956.7,114.0,1303.2,41.2,0
6477,car,4.5,road_loopA_f0,xloopA_0Bb,7909.0,7960.7,51.7,478.7,33.3,0
6400,car,4.5,road_loopA_r0,xloopA_0Ab,7849.8,7961.2,111.4,868.9,28.1,2
6303,bus,11.0,road_loopA_f0,road_loopA_f1,7749.0,7961.6,212.6,1302.8,22.1,4
6396,car,4.5,road_loopA_r0,xloopA_0Ab,7844.5,7964.9,120.4,868.9,26.0,3
6375,car,4.5,xloopA_0Aa,road_loopA_r1,7822.9,7973.5,150.6,507.1,12.1,1
6381,car,4.5,road_loopA_r0,road_loopA_r1,7833.0,7977.7,144.7,1297.9,32.3,1
6384,car,4.5,road_loopA_r0,road_loopA_r1,7834.8,7978.1,143.3,1298.2,32.6,1
6389,suv,4.8,road_loopA_r0,road_loopA_r1,7838.5,7979.2,140.7,1297.8,33.2,1
6386,car,4.5,road_loopA_r0,road_loopA_r1,7835.9,7979.8,143.9,1297.8,32.5,1
6397,suv,4.8,road_loopA_r0,road_loopA_r1,7844.8,7980.7,135.9,1298.2,34.4,1
6406,suv,4.8,road_loopA_r0,road_loopA_r1,7857.9,7984.6,126.7,1297.7,36.9,1
6403,car,4.5,road_loopA_r0,road_loopA_r1,7851.6,7985.3,133.7,1298.1,35.0,1
6411,car,4.5,road_loopA_r0,road_loopA_r1,7861.2,7986.4,125.2,1298.3,37.3,1
6412,car,4.5,road_loopA_r0,road_loopA_r1,7861.9,7988.1,126.2,1298.0,37.0,1
6417,car,4.5,road_loopA_r0,road_loopA_r1,7870.7,7989.9,119.2,1298.6,39.2,1
6391,suv,4.8,road_loopA_r0,road_loopA_r1,7839.4,7990.3,150.9,1297.5,30.9,1
6424,car,4.5,road_loopA_r0,road_loopA_r1,7877.0,7991.7,114.7,1298.5,40.7,1
6402,car,4.5,road_loopA_r0,road_loopA_r1,7851.3,7992.3,141.0,1298.4,33.2,1
6410,car,4.5,road_loopA_r0,road_loopA_r1,7860.5,7994.0,133.5,1298.6,35.0,1
6419,car,4.5,road_loopA_r0,road_loopA_r1,7873.9,7995.0,121.1,1298.1,38.6,1
6446,truck,8.5,road_loopA_r0,xloopA_0Ab,7892.2,7995.2,103.0,869.1,30.4,1
6432,suv,4.8,road_loopA_r0,road_loopA_r1,7882.7,7995.9,113.2,1298.1,41.3,0
6429,car,4.5,road_loopA_r0,road_loopA_r1,7881.6,7996.5,114.9,1298.1,40.7,1
6463,car,4.5,road_loopA_r0,road_loopA_r1,7902.4,7997.3,94.9,1298.0,49.2,0
6441,truck,8.5,road_loopA_r0,road_loopA_r1,7890.0,7998.0,108.0,1298.1,43.3,0
6440,car,4.5,road_loopA_r0,road_loopA_r1,7890.0,7999.0,109.0,1297.9,42.9,0
6449,car,4.5,road_loopA_r0,road_loopA_r1,7895.5,8000.4,104.9,1298.1,44.5,0
6476,suv,4.8,road_loopA_r0,road_loopA_r1,7908.8,8000.7,91.9,1297.9,50.8,0
6445,car,4.5,road_loopA_r0,road_loopA_r1,7892.0,8000.9,108.9,1298.5,42.9,0
6469,car,4.5,road_loopA_r0,road_loopA_r1,7905.0,8002.1,97.1,1297.8,48.1,0
6455,suv,4.8,road_loopA_r0,road_loopA_r1,7900.5,8002.6,102.1,1297.9,45.8,0
6461,car,4.5,road_loopA_r0,road_loopA_r1,7902.2,8003.4,101.2,1297.4,46.1,0
6460,car,4.5,road_loopA_r0,road_loopA_r1,7901.8,8004.4,102.6,1298.5,45.6,0
6474,suv,4.8,road_loopA_r0,road_loopA_r1,7907.3,8005.8,98.5,1298.4,47.4,0
6414,suv,4.8,road_loopA_f0,road_loopA_f1,7863.3,8006.7,143.4,1303.2,32.7,1
6459,truck,8.5,road_loopA_r0,road_loopA_r1,7901.6,8009.4,107.8,1297.9,43.3,0
6363,car,4.5,xloopA_0Ba,road_loopA_f1,7813.6,8011.3,197.7,902.8,16.4,1
6409,car,4.5,road_loopA_f0,road_loopA_f1,7859.0,8013.8,154.8,1303.1,30.3,1
6421,suv,4.8,road_loopA_f0,road_loopA_f1,7875.9,8014.2,138.3,1303.6,33.9,1
6480,suv,4.8,road_loopA_r0,road_loopA_r1,7913.8,8014.7,100.9,1298.4,46.3,0
6487,car,4.5,road_loopA_r0,road_loopA_r1,7922.0,8015.4,93.4,1297.5,50.0,0
6415,car,4.5,road_loopA_f0,road_loopA_f1,7866.4,8015.6,149.2,1304.0,31.5,1
6481,car,4.5,road_loopA_r0,road_loopA_r1,7913.8,8016.4,102.6,1297.9,45.5,0
6423,car,4.5,road_loopA_f0,road_loopA_f1,7876.5,8017.0,140.5,1303.5,33.4,1
6489,suv,4.8,road_loopA_r0,road_loopA_r1,7922.5,8017.5,95.0,1297.7,49.2,0
6427,truck,8.5,road_loopA_f0,road_loopA_f1,7879.9,8018.1,138.2,1302.9,33.9,1
6490,suv,4.8,road_loopA_r0,road_loopA_r1,7924.5,8018.5,94.0,1298.4,49.7,0
6473,car,4.5,road_loopA_r0,road_loopA_r1,7906.7,8021.2,114.5,1297.8,40.8,0
6484,car,4.5,road_loopA_r0,road_loopA_r1,7917.2,8021.5,104.3,1298.2,44.8,0
6498,car,4.5,road_loopA_r0,road_loopA_r1,7934.5,8023.9,89.4,1297.9,52.2,0
6493,car,4.5,road_loopA_r0,road_loopA_r1,7928.2,8024.0,95.8,1298.6,48.8,0
6430,car,4.5,road_loopA_f0,road_loopA_f1,7882.5,8024.1,141.6,1303.6,33.1,1
6435,truck,8.5,road_loopA_f0,road_loopA_f1,7886.2,8026.4,140.2,1303.0,33.4,1
6499,car,4.5,road_loopA_r0,road_loopA_r1,7936.1,8026.4,90.3,1297.3,51.7,0
6502,car,4.5,road_loopA_r0,road_loopA_r1,7938.6,8028.3,89.7,1298.5,52.1,0
6447,suv,4.8,road_loopA_f0,road_loopA_f1,7892.7,8028.6,135.9,1303.1,34.5,1
6488,car,4.5,road_loopA_r0,road_loopA_r1,7922.4,8028.9,106.5,1297.6,43.9,0
6501,suv,4.8,road_loopA_r0,road_loopA_r1,7937.1,8029.6,92.5,1297.8,50.5,0
6457,car,4.5,road_loopA_f0,road_loopA_f1,7900.7,8029.8,129.1,1302.9,36.3,1
6500,car,4.5,road_loopA_r0,road_loopA_r1,7937.2,8031.0,93.8,1298.4,49.8,0
6458,car,4.5,road_loopA_f0,road_loopA_f1,7900.8,8031.4,130.6,1303.5,35.9,1
6428,car,4.5,road_loopA_r0,xloopA_0Bb,7881.3,8032.2,150.9,895.3,21.4,1
6494,suv,4.8,road_loopA_r0,road_loopA_r1,7930.6,8032.2,101.6,1298.2,46.0,0
6465,car,4.5,road_loopA_f0,road_loopA_f1,7903.7,8032.6,128.9,1303.4,36.4,1
6462,suv,4.8,road_loopA_f0,xloopA_0Ab,7902.3,8032.9,130.6,505.7,13.9,1
6467,car,4.5,road_loopA_f0,road_loopA_f1,7904.4,8034.2,129.8,1303.6,36.1,1
6453,suv,4.8,road_loopA_r0,xloopA_0Bb,7900.0,8034.9,134.9,895.9,23.9,1
6472,car,4.5,road_loopA_r0,road_loopA_r1,7906.5,8035.4,128.9,1297.3,36.2,0
6513,car,4.5,road_loopA_f0,xloopA_0Ab,7945.4,8035.5,90.1,505.4,20.2,1
6471,suv,4.8,road_loopA_f0,road_loopA_f1,7906.5,8036.4,129.9,1303.1,36.1,1
6527,car,4.5,road_loopA_r0,xloopA_0Bb,7954.8,8037.5,82.7,895.4,39.0,0
6495,car,4.5,road_loopA_r0,road_loopA_r1,7931.8,8037.6,105.8,1298.1,44.2,0
6475,car,4.5,road_loopA_f0,road_loopA_f1,7908.0,8037.8,129.8,1303.4,36.1,1
6506,truck,8.5,road_loopA_r0,road_loopA_r1,7942.1,8038.0,95.9,1298.2,48.8,0
6479,suv,4.8,road_loopA_f0,road_loopA_f1,7911.1,8039.5,128.4,1303.5,36.5,1
6509,car,4.5,road_loopA_r0,road_loopA_r1,7943.4,8040.0,96.6,1298.0,48.4,0
6517,car,4.5,road_loopA_r0,road_loopA_r1,7949.0,8040.0,91.0,1297.8,51.4,0
6511,car,4.5,road_loopA_r0,road_loopA_r1,7944.6,8041.8,97.2,1298.4,48.1,0
6466,car,4.5,road_loopA_f0,road_loopA_f1,7904.3,8042.0,137.7,1303.6,34.1,1
6569,car,4.5,road_loopA_f0,xloopA_0Ab,7994.8,8042.7,47.9,505.2,38.0,0
6482,car,4.5,road_loopA_f0,road_loopA_f1,7914.3,8043.4,129.1,1303.5,36.4,1
6507,car,4.5,road_loopA_r0,road_loopA_r1,7942.4,8044.9,102.5,1298.4,45.6,0
6486,car,4.5,road_loopA_f0,road_loopA_f1,7919.8,8045.1,125.3,1303.4,37.4,0
6503,suv,4.8,road_loopA_r0,road_loopA_r1,7938.8,8045.7,106.9,1297.9,43.7,0
6426,car,4.5,xloopA_0Aa,road_loopA_f1,7878.6,8045.8,167.2,872.3,18.8,1
6496,car,4.5,road_loopA_f0,road_loopA_f1,7934.0,8046.8,112.8,1302.9,41.6,0
6433,car,4.5,xloopA_0Ba,road_loopA_f1,7883.4,8047.0,163.6,902.8,19.9,0
6492,car,4.5,xloopA_0Ba,xloopA_0Bb,7927.4,8047.0,119.6,84.4,2.5,1
6520,truck,8.5,road_loopA_r0,road_loopA_r1,7950.4,8047.0,96.6,1298.4,48.4,0
6413,car,4.5,road_loopA_f0,road_loopA_f1,7862.6,8047.5,184.9,1303.1,25.4,1
6528,suv,4.8,road_loopA_r0,road_loopA_r1,7955.0,8047.8,92.8,1297.4,50.3,0
6405,suv,4.8,road_loopA_f0,road_loopA_f1,7854.0,8048.6,194.6,1302.9,24.1,1
6514,car,4.5,xloopA_0Ba,xloopA_0Bb,7945.5,8049.1,103.6,84.6,2.9,1
6558,car,4.5,xloopA_0Aa,xloopA_0Ab,7987.7,8049.1,61.4,84.0,4.9,1
6418,car,4.5,road_loopA_f0,road_loopA_f1,7871.3,8049.2,177.9,1303.7,26.4,1
6452,car,4.5,road_loopA_f0,road_loopA_f1,7899.2,8049.6,150.4,1303.6,31.2,1
6416,car,4.5,road_loopA_f0,road_loopA_f1,7869.6,8050.3,180.7,1303.3,26.0,1
6521,car,4.5,road_loopA_r0,road_loopA_r1,7951.4,8050.7,99.3,1298.3,47.1,0
6425,car,4.5,road_loopA_f0,road_loopA_f1,7878.1,8050.8,172.7,1303.0,27.2,1
6420,car,4.5,road_loopA_f0,road_loopA_f1,7874.7,8052.0,177.3,1304.0,26.5,1
6464,car,4.5,road_loopA_f0,road_loopA_f1,7903.6,8052.0,148.4,1303.5,31.6,1
6431,car,4.5,road_loopA_f0,road_loopA_f1,7882.6,8052.5,169.9,1303.4,27.6,1
6530,suv,4.8,road_loopA_r0,road_loopA_r1,7955.3,8052.5,97.2,1298.3,48.1,0
6422,car,4.5,road_loopA_f0,road_loopA_f1,7876.4,8053.6,177.2,1303.5,26.5,1
6434,car,4.5,road_loopA_f0,road_loopA_f1,7883.3,8054.3,171.0,1304.0,27.5,1
6478,car,4.5,road_loopA_f0,road_loopA_f1,7909.6,8054.3,144.7,1303.8,32.4,1
6442,suv,4.8,road_loopA_f0,road_loopA_f1,7890.2,8055.3,165.1,1303.8,28.4,1
6518,car,4.5,road_loopA_f0,road_loopA_f1,7949.4,8055.9,106.5,1303.0,44.0,0
6443,car,4.5,road_loopA_f0,road_loopA_f1,7890.2,8056.1,165.9,1303.3,28.3,1
6444,car,4.5,road_loopA_f0,road_loopA_f1,7890.3,8057.0,166.7,1303.4,28.2,1
6522,car,4.5,road_loopA_f0,road_loopA_f1,7951.6,8057.7,106.1,1303.8,44.2,0
6456,car,4.5,road_loopA_f0,road_loopA_f1,7900.6,8057.9,157.3,1304.1,29.8,1
6448,car,4.5,road_loopA_f0,road_loopA_f1,7894.3,8058.7,164.4,1302.8,28.5,1
6510,car,4.5,road_loopA_f0,road_loopA_f1,7943.5,8059.5,116.0,1304.1,40.5,0
6551,car,4.5,xloopA_0Ba,xloopA_0Bb,7982.7,8059.5,76.8,84.5,4.0,0
6451,car,4.5,road_loopA_f0,road_loopA_f1,7898.9,8059.8,160.9,1303.7,29.2,1
6525,truck,8.5,road_loopA_f0,road_loopA_f1,7954.5,8060.8,106.3,1303.9,44.1,0
6450,truck,8.5,road_loopA_f0,road_loopA_f1,7895.9,8060.9,165.0,1303.5,28.4,1
6485,car,4.5,road_loopA_f0,road_loopA_f1,7917.7,8061.5,143.8,1303.1,32.6,1
6534,car,4.5,road_loopA_f0,road_loopA_f1,7957.7,8062.8,105.1,1304.0,44.7,0
6470,suv,4.8,road_loopA_f0,road_loopA_f1,7905.8,8062.9,157.1,1302.9,29.9,1
6508,truck,8.5,road_loopA_f0,road_loopA_f1,7943.4,8063.7,120.3,1303.2,39.0,0
6604,car,4.5,xloopA_0Ba,xloopA_0Bb,8018.6,8064.3,45.7,84.5,6.7,0
6537,car,4.5,road_loopA_f0,road_loopA_f1,7963.7,8064.5,100.8,1303.3,46.5,0
6491,truck,8.5,road_loopA_f0,road_loopA_f1,7926.1,8065.3,139.2,1303.5,33.7,0
6515,car,4.5,road_loopA_f0,road_loopA_f1,7946.6,8065.8,119.2,1303.5,39.4,0
6540,car,4.5,road_loopA_f0,road_loopA_f1,7968.4,8065.9,97.5,1302.8,48.1,0
6497,car,4.5,road_loopA_f0,road_loopA_f1,7934.3,8067.4,133.1,1303.6,35.3,0
6524,car,4.5,road_loopA_f0,road_loopA_f1,7952.8,8067.7,114.9,1303.7,40.8,0
6516,car,4.5,road_loopA_f0,road_loopA_f1,7947.3,8068.1,120.8,1303.6,38.8,0
6532,car,4.5,road_loopA_f0,road_loopA_f1,7955.9,8069.5,113.6,1304.1,41.3,0
6504,truck,8.5,road_loopA_f0,road_loopA_f1,7939.7,8069.6,129.9,1303.2,36.1,0
6533,car,4.5,road_loopA_f0,road_loopA_f1,7957.4,8069.7,112.3,1302.8,41.8,0
6512,car,4.5,road_loopA_f0,road_loopA_f1,7945.2,8071.3,126.1,1303.3,37.2,0
6505,car,4.5,road_loopA_f0,road_loopA_f1,7942.1,8071.7,129.6,1302.9,36.2,0
6523,car,4.5,road_loopA_f0,road_loopA_f1,7952.7,8073.0,120.3,1303.5,39.0,0
6541,car,4.5,road_loopA_f0,road_loopA_f1,7968.7,8073.5,104.8,1302.8,44.8,0
6519,car,4.5,road_loopA_f0,road_loopA_f1,7949.7,8073.6,123.9,1303.4,37.9,0
6548,car,4.5,road_loopA_f0,road_loopA_f1,7981.4,8073.6,92.2,1303.1,50.9,0
6549,car,4.5,road_loopA_f0,road_loopA_f1,7982.4,8075.2,92.8,1302.8,50.5,0
6544,suv,4.8,road_loopA_f0,road_loopA_f1,7971.4,8075.3,103.9,1303.1,45.1,0
6526,car,4.5,road_loopA_f0,road_loopA_f1,7954.7,8075.4,120.7,1302.9,38.9,0
6555,suv,4.8,road_loopA_f0,road_loopA_f1,7985.7,8076.6,90.9,1303.7,51.6,0
6407,bus,11.0,road_loopA_f0,road_loopA_f1,7858.2,8077.1,218.9,1302.8,21.4,3
6538,suv,4.8,road_loopA_f0,road_loopA_f1,7965.1,8077.3,112.2,1303.8,41.8,0
6536,suv,4.8,road_loopA_f0,road_loopA_f1,7959.6,8078.0,118.4,1303.4,39.6,0
6552,suv,4.8,road_loopA_f0,road_loopA_f1,7982.9,8078.5,95.6,1303.1,49.0,0
6547,car,4.5,road_loopA_f0,road_loopA_f1,7978.9,8079.9,101.0,1303.9,46.5,0
6554,car,4.5,road_loopA_f0,road_loopA_f1,7984.8,8081.7,96.9,1303.8,48.5,0
6539,car,4.5,road_loopA_f0,road_loopA_f1,7966.6,8089.3,122.7,1303.2,38.2,0
6613,car,4.5,road_loopA_f0,xloopA_0Bb,8025.3,8089.8,64.5,478.7,26.7,1
6608,car,4.5,road_loopA_r0,xloopA_0Ab,8019.5,8092.3,72.8,869.0,43.0,0
6578,car,4.5,road_loopA_r0,xloopA_0Ab,7998.0,8095.7,97.7,869.1,32.0,1
6592,car,4.5,road_loopA_r0,xloopA_0Ab,8010.7,8099.0,88.3,869.1,35.4,0
6651,suv,4.8,road_loopA_f0,xloopA_0Bb,8058.1,8099.5,41.4,479.0,41.6,0
6529,car,4.5,xloopA_0Ba,road_loopA_r1,7955.1,8103.9,148.8,476.7,11.5,1
6545,suv,4.8,road_loopA_r0,road_loopA_r1,7972.5,8106.5,134.0,1297.4,34.8,1
6550,car,4.5,road_loopA_r0,road_loopA_r1,7982.4,8110.3,127.9,1297.8,36.5,1
6535,car,4.5,xloopA_0Ba,road_loopA_r1,7959.3,8110.7,151.4,476.6,11.3,0
6543,suv,4.8,road_loopA_r0,road_loopA_r1,7971.0,8111.0,140.0,1298.4,33.4,1
6546,car,4.5,road_loopA_r0,road_loopA_r1,7976.8,8112.2,135.4,1298.0,34.5,1
6564,car,4.5,road_loopA_r0,road_loopA_r1,7991.0,8113.3,122.3,1298.4,38.2,1
6559,car,4.5,road_loopA_r0,road_loopA_r1,7988.1,8115.3,127.2,1298.6,36.8,1
6553,truck,8.5,road_loopA_r0,road_loopA_r1,7983.9,8116.9,133.0,1298.0,35.1,1
6579,suv,4.8,road_loopA_r0,road_loopA_r1,7999.0,8118.5,119.5,1298.3,39.1,1
6560,suv,4.8,road_loopA_r0,road_loopA_r1,7988.3,8119.6,131.3,1297.6,35.6,1
6567,car,4.5,road_loopA_r0,road_loopA_r1,7993.5,8120.4,126.9,1298.1,36.8,1
6598,car,4.5,xloopA_0Ba,road_loopA_r1,8013.6,8120.6,107.0,476.6,16.0,0
6580,car,4.5,road_loopA_r0,road_loopA_r1,7999.2,8121.3,122.1,1298.3,38.3,1
6542,car,4.5,road_loopA_r0,road_loopA_r1,7970.0,8122.3,152.3,1297.6,30.7,1
6599,suv,4.8,road_loopA_r0,road_loopA_r1,8014.1,8122.5,108.4,1297.4,43.1,1
6570,car,4.5,road_loopA_r0,road_loopA_r1,7995.2,8124.1,128.9,1298.3,36.3,1
6571,car,4.5,road_loopA_r0,road_loopA_r1,7995.5,8124.8,129.3,1298.4,36.1,1
6591,suv,4.8,road_loopA_r0,road_loopA_r1,8009.5,8125.1,115.6,1298.6,40.4,1
6576,car,4.5,road_loopA_r0,road_loopA_r1,7997.6,8125.7,128.1,1297.3,36.5,1
6581,car,4.5,road_loopA_r0,road_loopA_r1,7999.8,8126.9,127.1,1297.9,36.8,1
6597,car,4.5,road_loopA_r0,road_loopA_r1,8012.7,8127.2,114.5,1297.8,40.8,0
6584,car,4.5,road_loopA_r0,road_loopA_r1,8001.5,8127.5,126.0,1298.6,37.1,1
6588,car,4.5,road_loopA_r0,road_loopA_r1,8006.6,8128.2,121.6,1297.4,38.4,1
6603,car,4.5,road_loopA_r0,road_loopA_r1,8018.5,8128.3,109.8,1298.5,42.6,0
6589,truck,8.5,road_loopA_r0,road_loopA_r1,8008.4,8130.7,122.3,1298.1,38.2,1
6612,truck,8.5,road_loopA_r0,road_loopA_r1,8023.2,8130.7,107.5,1297.7,43.5,0
6620,suv,4.8,road_loopA_r0,road_loopA_r1,8032.9,8131.6,98.7,1298.4,47.4,0
6600,car,4.5,road_loopA_r0,road_loopA_r1,8014.2,8132.7,118.5,1297.3,39.4,2
6617,car,4.5,road_loopA_r0,road_loopA_r1,8029.4,8132.8,103.4,1297.9,45.2,0
6611,car,4.5,road_loopA_r0,road_loopA_r1,8021.6,8134.5,112.9,1298.0,41.4,0
6614,suv,4.8,road_loopA_r0,road_loopA_r1,8026.6,8134.7,108.1,1297.9,43.2,0
6563,suv,4.8,road_loopA_f0,road_loopA_f1,7990.2,8135.0,144.8,1303.7,32.4,1
6619,car,4.5,road_loopA_r0,road_loopA_r1,8031.6,8136.7,105.1,1298.0,44.4,0
6627,car,4.5,road_loopA_r0,road_loopA_r1,8039.7,8137.1,97.4,1298.0,48.0,0
6557,car,4.5,road_loopA_f0,road_loopA_f1,7987.1,8137.9,150.8,1303.1,31.1,1
6573,car,4.5,road_loopA_f0,road_loopA_f1,7995.9,8138.2,142.3,1303.1,33.0,1
6637,car,4.5,road_loopA_r0,road_loopA_r1,8045.9,8139.2,93.3,1298.5,50.1,0
6561,car,4.5,road_loopA_f0,road_loopA_f1,7988.3,8139.6,151.3,1303.6,31.0,1
6556,car,4.5,road_loopA_f0,road_loopA_f1,7985.8,8140.8,155.0,1303.0,30.3,1
6630,car,4.5,road_loopA_r0,road_loopA_r1,8040.9,8141.1,100.2,1297.5,46.6,0
6587,bus,11.0,road_loopA_r0,road_loopA_r1,8005.4,8141.3,135.9,1297.8,34.4,1
6583,car,4.5,road_loopA_f0,road_loopA_f1,8000.2,8141.4,141.2,1303.7,33.2,1
6642,car,4.5,road_loopA_r0,road_loopA_r1,8048.1,8143.0,94.9,1298.1,49.2,0
6643,car,4.5,road_loopA_r0,road_loopA_r1,8049.9,8144.0,94.1,1297.9,49.7,0
6586,car,4.5,road_loopA_f0,road_loopA_f1,8004.3,8145.0,140.7,1303.3,33.3,1
6605,car,4.5,road_loopA_r0,xloopA_0Bb,8018.8,8145.1,126.3,895.7,25.5,1
6649,car,4.5,road_loopA_f0,xloopA_0Ab,8056.2,8145.7,89.5,505.4,20.3,2
6618,truck,8.5,road_loopA_r0,road_loopA_r1,8030.3,8146.0,115.7,1297.3,40.4,0
6635,suv,4.8,road_loopA_r0,road_loopA_r1,8043.0,8146.4,103.4,1297.7,45.2,0
6628,truck,8.5,road_loopA_r0,road_loopA_r1,8040.0,8146.7,106.7,1297.8,43.8,0
6566,car,4.5,road_loopA_f0,road_loopA_f1,7992.8,8147.0,154.2,1303.3,30.4,1
6574,car,4.5,road_loopA_f0,road_loopA_f1,7996.3,8147.4,151.1,1304.0,31.1,1
6621,car,4.5,road_loopA_r0,xloopA_0Bb,8034.2,8147.7,113.5,895.8,28.4,1
6575,car,4.5,road_loopA_f0,road_loopA_f1,7996.4,8148.7,152.3,1303.3,30.8,1
6641,car,4.5,road_loopA_r0,road_loopA_r1,8047.1,8148.8,101.7,1297.8,45.9,0
6606,car,4.5,road_loopA_f0,road_loopA_f1,8019.0,8148.9,129.9,1303.3,36.1,1
6644,car,4.5,road_loopA_r0,road_loopA_r1,8050.7,8149.1,98.4,1297.6,47.5,0
6648,suv,4.8,road_loopA_r0,road_loopA_r1,8055.8,8150.5,94.7,1297.7,49.3,0
6652,suv,4.8,road_loopA_r0,road_loopA_r1,8059.3,8150.7,91.4,1297.8,51.1,0
6531,car,4.5,xloopA_0Aa,road_loopA_f1,7955.4,8151.2,195.8,872.3,16.0,1
6593,car,4.5,road_loopA_f0,road_loopA_f1,8011.7,8151.6,139.9,1303.3,33.5,1
6616,car,4.5,road_loopA_f0,road_loopA_f1,8028.3,8151.7,123.4,1303.6,38.0,1
6653,suv,4.8,road_loopA_r0,road_loopA_r1,8059.6,8151.8,92.2,1298.2,50.7,0
6596,car,4.5,road_loopA_f0,road_loopA_f1,8012.7,8153.4,140.7,1303.8,33.4,1
6624,suv,4.8,road_loopA_f0,road_loopA_f1,8037.7,8154.4,116.7,1303.6,40.2,1
6610,car,4.5,road_loopA_f0,road_loopA_f1,8021.6,8155.2,133.6,1303.7,35.1,1
6626,truck,8.5,road_loopA_f0,road_loopA_f1,8038.9,8156.8,117.9,1304.1,39.8,1
6609,car,4.5,xloopA_0Ba,xloopA_0Bb,8021.3,8157.3,136.0,84.4,2.2,1
6650,suv,4.8,road_loopA_r0,road_loopA_r1,8057.6,8157.4,99.8,1297.9,46.8,0
6655,car,4.5,xloopA_0Aa,xloopA_0Ab,8062.0,8157.4,95.4,84.2,3.2,1
6660,suv,4.8,road_loopA_r0,road_loopA_r1,8068.6,8158.1,89.5,1297.5,52.2,0
6577,car,4.5,road_loopA_f0,road_loopA_f1,7997.8,8158.3,160.5,1303.2,29.2,1
6632,car,4.5,road_loopA_f0,road_loopA_f1,8041.9,8158.7,116.8,1303.2,40.2,1
6585,car,4.5,road_loopA_f0,road_loopA_f1,8003.4,8159.4,156.0,1303.0,30.1,1
6645,truck,8.5,road_loopA_r0,road_loopA_r1,8051.1,8160.3,109.2,1298.3,42.8,0
6654,car,4.5,xloopA_0Ba,xloopA_0Bb,8060.7,8160.3,99.6,84.4,3.0,1
6634,suv,4.8,road_loopA_f0,road_loopA_f1,8042.0,8160.6,118.6,1303.5,39.6,0
6590,car,4.5,road_loopA_f0,road_loopA_f1,8008.8,8161.5,152.7,1302.9,30.7,1
2015,tram,34.0,loopA,loopA,3895.1,8161.8,4266.7,33702.2,28.4,41
6640,suv,4.8,road_loopA_f0,road_loopA_f1,8046.8,8163.1,116.3,1303.4,40.3,0
6601,car,4.5,road_loopA_f0,road_loopA_f1,8014.3,8163.2,148.9,1303.0,31.5,1
6669,car,4.5,xloopA_0Ba,xloopA_0Bb,8076.7,8163.3,86.6,84.3,3.5,0
6636,suv,4.8,road_loopA_f0,road_loopA_f1,8044.4,8165.2,120.8,1303.5,38.9,0
6633,car,4.5,road_loopA_f0,road_loopA_f1,8042.0,8167.3,125.3,1303.9,37.5,1
6582,bus,11.0,road_loopA_r0,road_loopA_r1,8000.2,8167.6,167.4,1297.8,27.9,2
6594,car,4.5,xloopA_0Ba,road_loopA_f1,8011.8,8167.6,155.8,902.6,20.9,0
6647,car,4.5,road_loopA_f0,road_loopA_f1,8052.3,8168.2,115.9,1303.9,40.5,1
6629,suv,4.8,road_loopA_f0,road_loopA_f1,8040.8,8169.0,128.2,1303.5,36.6,0
6565,truck,8.5,road_loopA_f0,road_loopA_f1,7992.7,8169.8,177.1,1303.5,26.5,1
6568,truck,8.5,road_loopA_f0,road_loopA_f1,7993.9,8172.3,178.4,1303.6,26.3,1
6622,car,4.5,road_loopA_f0,road_loopA_f1,8034.3,8172.4,138.1,1303.8,34.0,1
6663,car,4.5,road_loopA_f0,road_loopA_f1,8072.3,8172.8,100.5,1303.2,46.7,0
6595,car,4.5,road_loopA_f0,road_loopA_f1,8012.6,8174.3,161.7,1303.6,29.0,1
6700,car,4.5,road_loopA_f0,xloopA_0Bb,8114.5,8175.3,60.8,478.9,28.4,1
6665,suv,4.8,road_loopA_f0,road_loopA_f1,8073.0,8175.6,102.6,1303.4,45.7,0
6607,truck,8.5,road_loopA_f0,road_loopA_f1,8019.2,8176.4,157.2,1302.8,29.8,1
6625,car,4.5,road_loopA_f0,road_loopA_f1,8038.8,8176.4,137.6,1303.7,34.1,0
6638,car,4.5,road_loopA_f0,road_loopA_f1,8046.4,8178.0,131.6,1303.2,35.6,0
6615,car,4.5,road_loopA_f0,road_loopA_f1,8026.8,8178.5,151.7,1303.0,30.9,1
6658,car,4.5,road_loopA_f0,road_loopA_f1,8065.9,8179.1,113.2,1303.0,41.4,0
6671,suv,4.8,road_loopA_f0,road_loopA_f1,8081.4,8179.7,98.3,1304.0,47.8,0
6639,car,4.5,road_loopA_f0,road_loopA_f1,8046.6,8180.2,133.6,1302.8,35.1,1
6659,car,4.5,road_loopA_f0,road_loopA_f1,8068.3,8180.8,112.5,1303.9,41.7,0
6646,car,4.5,road_loopA_f0,road_loopA_f1,8052.0,8182.0,130.0,1303.7,36.1,0
6667,truck,8.5,road_loopA_f0,road_loopA_f1,8075.2,8183.0,107.8,1303.4,43.5,0
6715,car,4.5,road_loopA_f0,xloopA_0Bb,8126.8,8183.2,56.4,478.5,30.6,2
6672,car,4.5,road_loopA_f0,road_loopA_f1,8083.2,8183.4,100.2,1303.7,46.9,0
6602,bus,11.0,road_loopA_f0,road_loopA_f1,8014.8,8184.2,169.4,1302.9,27.7,2
6631,car,4.5,road_loopA_f0,road_loopA_f1,8041.3,8184.5,143.2,1303.5,32.8,1
6695,car,4.5,road_loopA_r0,xloopA_0Ab,8112.8,8184.6,71.8,869.0,43.6,0
6673,suv,4.8,road_loopA_f0,road_loopA_f1,8085.8,8185.8,100.0,1303.3,46.9,0
6666,suv,4.8,road_loopA_f0,road_loopA_f1,8075.0,8187.5,112.5,1303.5,41.7,0
6668,car,4.5,road_loopA_f0,road_loopA_f1,8075.8,8193.5,117.7,1303.2,39.9,0
6712,car,4.5,road_loopA_r0,xloopA_0Ab,8124.1,8194.5,70.4,869.1,44.4,0
6657,car,4.5,road_loopA_f0,road_loopA_f1,8065.4,8195.3,129.9,1303.6,36.1,0
6664,suv,4.8,road_loopA_f0,road_loopA_f1,8072.5,8196.4,123.9,1303.7,37.9,0
6562,bus,11.0,road_loopA_f0,road_loopA_f1,7989.1,8199.9,210.8,1302.8,22.3,3
