veh_id,kind,length_m,origin,destination,depart_s,arrive_s,travel_s,dist_m,avg_kmh,stops
44,suv,4.8,road_loopA_f0,xloopA_0Ab,2177.6,2225.4,47.8,505.5,38.1,0
60,car,4.5,road_loopA_f0,xloopA_0Ab,2188.2,2228.0,39.8,505.0,45.7,0
68,car,4.5,road_loopA_f0,xloopA_0Ab,2191.6,2230.2,38.6,505.5,47.1,0
29,suv,4.8,road_loopA_r0,xloopA_0Bb,2162.1,2231.1,69.0,895.9,46.8,0
14,car,4.5,xloopA_0Ba,xloopA_0Bb,2152.2,2237.4,85.2,84.5,3.6,1
11,car,4.5,xloopA_0Aa,xloopA_0Ab,2151.1,2237.8,86.7,84.5,3.5,1
10,car,4.5,road_loopA_f0,road_loopA_f1,2150.1,2239.5,89.4,1303.1,52.5,0
28,car,4.5,xloopA_0Ba,xloopA_0Bb,2161.3,2241.8,80.5,84.4,3.8,1
33,car,4.5,xloopA_0Ba,xloopA_0Bb,2164.7,2243.9,79.2,84.7,3.9,0
16,car,4.5,road_loopA_f0,road_loopA_f1,2154.1,2245.4,91.3,1303.2,51.4,0
13,suv,4.8,road_loopA_f0,road_loopA_f1,2151.8,2246.1,94.3,1303.7,49.7,0
40,car,4.5,xloopA_0Ba,xloopA_0Bb,2172.9,2246.2,73.3,84.3,4.1,0
17,suv,4.8,road_loopA_f0,road_loopA_f1,2154.6,2248.3,93.7,1303.0,50.1,0
12,car,4.5,road_loopA_f0,road_loopA_f1,2151.1,2249.4,98.3,1303.7,47.7,0
20,car,4.5,road_loopA_f0,road_loopA_f1,2156.4,2250.0,93.6,1303.0,50.1,0
27,suv,4.8,road_loopA_f0,road_loopA_f1,2160.4,2251.2,90.8,1303.9,51.7,0
30,suv,4.8,road_loopA_f0,road_loopA_f1,2163.2,2258.0,94.8,1303.6,49.5,0
22,car,4.5,road_loopA_f0,road_loopA_f1,2157.5,2258.5,101.0,1303.1,46.4,0
32,car,4.5,road_loopA_f0,road_loopA_f1,2164.2,2259.0,94.8,1303.7,49.5,0
55,car,4.5,road_loopA_f0,xloopA_0Bb,2186.5,2259.4,72.9,478.8,23.7,2
26,car,4.5,road_loopA_f0,road_loopA_f1,2159.2,2263.3,104.1,1303.8,45.1,0
38,car,4.5,road_loopA_f0,road_loopA_f1,2171.6,2263.4,91.8,1303.9,51.1,0
42,suv,4.8,road_loopA_f0,road_loopA_f1,2176.0,2265.9,89.9,1302.9,52.2,0
24,suv,4.8,road_loopA_f0,road_loopA_f1,2158.9,2267.4,108.5,1303.2,43.3,0
36,suv,4.8,road_loopA_f0,road_loopA_f1,2170.6,2267.9,97.3,1303.8,48.2,0
73,car,4.5,road_loopA_r0,xloopA_0Ab,2193.1,2268.5,75.4,869.3,41.5,0
39,suv,4.8,road_loopA_f0,road_loopA_f1,2171.6,2270.1,98.5,1302.8,47.6,0
19,car,4.5,road_loopA_f0,road_loopA_f1,2155.6,2271.5,115.9,1303.6,40.5,0
35,car,4.5,road_loopA_f0,road_loopA_f1,2166.2,2271.6,105.4,1302.8,44.5,0
21,suv,4.8,road_loopA_f0,road_loopA_f1,2156.6,2273.3,116.7,1302.8,40.2,0
15,suv,4.8,road_loopA_r0,road_loopA_r1,2152.9,2277.1,124.2,1298.0,37.6,1
31,suv,4.8,road_loopA_r0,road_loopA_r1,2163.6,2279.7,116.1,1297.8,40.2,1
18,truck,8.5,road_loopA_r0,road_loopA_r1,2154.6,2280.4,125.8,1297.3,37.1,1
37,car,4.5,road_loopA_r0,road_loopA_r1,2171.2,2284.6,113.4,1298.0,41.2,0
43,suv,4.8,road_loopA_r0,road_loopA_r1,2176.3,2287.6,111.3,1298.5,42.0,0
54,car,4.5,road_loopA_r0,road_loopA_r1,2184.7,2287.9,103.2,1298.6,45.3,0
48,truck,8.5,road_loopA_r0,road_loopA_r1,2180.2,2289.0,108.8,1298.2,43.0,0
61,car,4.5,road_loopA_r0,road_loopA_r1,2188.6,2291.8,103.2,1298.1,45.3,0
57,car,4.5,road_loopA_r0,road_loopA_r1,2187.1,2294.3,107.2,1298.0,43.6,0
62,car,4.5,road_loopA_r0,road_loopA_r1,2190.4,2295.5,105.1,1298.7,44.5,0
23,car,4.5,road_loopA_r0,road_loopA_r1,2158.5,2298.1,139.6,1298.6,33.5,1
64,car,4.5,road_loopA_r0,road_loopA_r1,2191.1,2298.9,107.8,1297.9,43.3,0
49,car,4.5,road_loopA_r0,road_loopA_r1,2180.8,2299.6,118.8,1297.6,39.3,0
56,car,4.5,road_loopA_r0,road_loopA_r1,2186.9,2300.7,113.8,1298.2,41.1,1
98,car,4.5,xloopA_0Aa,road_loopA_r1,2214.0,2302.8,88.8,506.6,20.5,0
87,car,4.5,road_loopA_r0,road_loopA_r1,2204.3,2302.9,98.6,1298.4,47.4,0
50,car,4.5,road_loopA_r0,road_loopA_r1,2180.9,2303.1,122.2,1298.0,38.2,0
67,bus,11.0,road_loopA_r0,road_loopA_r1,2191.2,2304.2,113.0,1297.2,41.3,0
34,car,4.5,road_loopA_r0,road_loopA_r1,2165.1,2304.5,139.4,1297.5,33.5,1
82,car,4.5,road_loopA_r0,road_loopA_r1,2199.1,2304.8,105.7,1298.0,44.2,0
84,truck,8.5,road_loopA_r0,road_loopA_r1,2202.4,2305.5,103.1,1298.3,45.4,0
41,car,4.5,road_loopA_r0,road_loopA_r1,2175.8,2306.1,130.3,1297.3,35.8,1
65,truck,8.5,road_loopA_r0,road_loopA_r1,2191.1,2307.1,116.0,1297.3,40.3,0
95,car,4.5,road_loopA_r0,road_loopA_r1,2211.9,2307.5,95.6,1297.6,48.9,0
69,car,4.5,road_loopA_r0,road_loopA_r1,2191.8,2307.8,116.0,1298.3,40.3,0
51,car,4.5,road_loopA_f0,road_loopA_f1,2182.8,2308.3,125.5,1303.8,37.4,1
97,car,4.5,road_loopA_r0,road_loopA_r1,2212.9,2308.6,95.7,1297.9,48.8,0
46,car,4.5,road_loopA_r0,road_loopA_r1,2178.4,2309.9,131.5,1298.0,35.5,0
47,car,4.5,road_loopA_f0,road_loopA_f1,2178.6,2310.9,132.3,1303.0,35.5,1
102,suv,4.8,road_loopA_r0,road_loopA_r1,2214.8,2311.3,96.5,1297.9,48.4,0
59,car,4.5,road_loopA_f0,road_loopA_f1,2188.2,2312.6,124.4,1303.2,37.7,1
66,car,4.5,road_loopA_f0,road_loopA_f1,2191.2,2314.5,123.3,1303.2,38.1,1
71,car,4.5,road_loopA_f0,road_loopA_f1,2192.7,2315.5,122.8,1303.9,38.2,1
88,suv,4.8,road_loopA_r0,xloopA_0Bb,2204.4,2315.5,111.1,895.8,29.0,1
106,car,4.5,road_loopA_f0,xloopA_0Ab,2220.3,2316.0,95.7,505.1,19.0,1
76,car,4.5,road_loopA_f0,road_loopA_f1,2195.6,2317.1,121.5,1303.3,38.6,1
83,suv,4.8,road_loopA_r0,xloopA_0Bb,2201.9,2318.1,116.2,895.2,27.7,1
108,car,4.5,road_loopA_r0,road_loopA_r1,2220.9,2319.9,99.0,1297.3,47.2,0
52,truck,8.5,road_loopA_f0,road_loopA_f1,2184.2,2320.2,136.0,1303.4,34.5,1
125,car,4.5,road_loopA_r0,xloopA_0Bb,2235.2,2321.0,85.8,895.8,37.6,0
96,car,4.5,road_loopA_r0,road_loopA_r1,2212.0,2322.0,110.0,1298.0,42.5,0
110,suv,4.8,road_loopA_r0,road_loopA_r1,2224.2,2323.0,98.8,1298.5,47.3,0
45,car,4.5,road_loopA_f0,road_loopA_f1,2178.3,2323.7,145.4,1302.8,32.2,1
104,car,4.5,road_loopA_r0,road_loopA_r1,2219.9,2323.7,103.8,1298.0,45.0,0
81,car,4.5,road_loopA_f0,road_loopA_f1,2197.5,2324.1,126.6,1304.0,37.1,1
118,car,4.5,road_loopA_r0,road_loopA_r1,2232.6,2325.4,92.8,1297.3,50.3,0
70,suv,4.8,road_loopA_f0,road_loopA_f1,2192.7,2325.5,132.8,1304.0,35.3,1
85,car,4.5,road_loopA_f0,road_loopA_f1,2203.7,2326.5,122.8,1303.2,38.2,1
74,truck,8.5,road_loopA_f0,road_loopA_f1,2193.6,2326.7,133.1,1303.1,35.2,1
90,truck,8.5,road_loopA_r0,road_loopA_r1,2206.8,2327.8,121.0,1298.3,38.6,0
77,car,4.5,road_loopA_f0,road_loopA_f1,2195.8,2327.9,132.1,1303.3,35.5,1
114,car,4.5,road_loopA_r0,road_loopA_r1,2227.4,2328.9,101.5,1298.0,46.0,0
100,car,4.5,xloopA_0Ba,xloopA_0Bb,2214.8,2329.1,114.3,84.0,2.6,1
93,car,4.5,road_loopA_f0,road_loopA_f1,2210.2,2329.7,119.5,1304.1,39.3,1
107,suv,4.8,road_loopA_r0,road_loopA_r1,2220.4,2329.7,109.3,1298.1,42.7,0
72,suv,4.8,road_loopA_f0,road_loopA_f1,2192.7,2329.9,137.2,1302.9,34.2,1
153,car,4.5,xloopA_0Aa,xloopA_0Ab,2262.9,2330.6,67.7,84.0,4.5,1
105,car,4.5,xloopA_0Ba,xloopA_0Bb,2220.1,2331.3,111.2,84.3,2.7,1
109,car,4.5,road_loopA_r0,road_loopA_r1,2222.4,2331.5,109.1,1298.5,42.8,0
91,bus,11.0,road_loopA_r0,road_loopA_r1,2208.9,2331.9,123.0,1298.1,38.0,0
113,car,4.5,road_loopA_f0,road_loopA_f1,2227.4,2332.1,104.7,1302.9,44.8,0
25,car,4.5,xloopA_0Ba,road_loopA_f1,2159.1,2332.5,173.4,902.5,18.7,1
164,car,4.5,xloopA_0Aa,xloopA_0Ab,2271.7,2332.7,61.0,84.1,5.0,1
78,car,4.5,road_loopA_f0,road_loopA_f1,2197.0,2333.8,136.8,1302.9,34.3,1
53,suv,4.8,road_loopA_f0,road_loopA_f1,2184.5,2334.1,149.6,1302.9,31.4,1
103,car,4.5,road_loopA_f0,road_loopA_f1,2218.7,2335.0,116.3,1303.7,40.3,0
89,car,4.5,road_loopA_f0,road_loopA_f1,2206.0,2335.5,129.5,1303.4,36.2,1
121,truck,8.5,road_loopA_r0,road_loopA_r1,2234.1,2336.0,101.9,1297.9,45.9,0
58,truck,8.5,road_loopA_f0,road_loopA_f1,2187.8,2336.4,148.6,1303.5,31.6,1
196,car,4.5,xloopA_0Ba,xloopA_0Bb,2314.9,2336.7,21.8,84.4,13.9,0
99,car,4.5,road_loopA_f0,road_loopA_f1,2214.2,2337.2,123.0,1303.9,38.2,1
112,truck,8.5,road_loopA_f0,road_loopA_f1,2226.8,2338.2,111.4,1303.0,42.1,0
75,suv,4.8,road_loopA_f0,road_loopA_f1,2194.5,2338.5,144.0,1302.9,32.6,1
92,car,4.5,road_loopA_f0,road_loopA_f1,2209.7,2338.9,129.2,1303.5,36.3,1
212,car,4.5,xloopA_0Ba,xloopA_0Bb,2327.6,2339.0,11.4,84.5,26.7,0
80,truck,8.5,road_loopA_f0,road_loopA_f1,2197.3,2340.8,143.5,1303.0,32.7,1
115,suv,4.8,road_loopA_f0,road_loopA_f1,2228.0,2341.0,113.0,1303.3,41.5,0
119,car,4.5,road_loopA_f0,road_loopA_f1,2233.2,2342.7,109.5,1303.5,42.8,0
86,suv,4.8,road_loopA_f0,road_loopA_f1,2203.8,2342.8,139.0,1302.8,33.7,1
116,truck,8.5,road_loopA_f0,road_loopA_f1,2228.2,2343.8,115.6,1303.8,40.6,0
63,bus,11.0,road_loopA_r0,road_loopA_r1,2190.6,2344.5,153.9,1297.5,30.4,2
124,car,4.5,road_loopA_f0,road_loopA_f1,2234.9,2345.1,110.2,1303.6,42.6,0
120,car,4.5,road_loopA_f0,road_loopA_f1,2233.5,2345.4,111.9,1303.6,41.9,0
127,car,4.5,road_loopA_f0,road_loopA_f1,2235.6,2346.9,111.3,1302.8,42.2,0
135,truck,8.5,road_loopA_f0,road_loopA_f1,2241.2,2347.5,106.3,1302.9,44.1,0
94,suv,4.8,road_loopA_f0,road_loopA_f1,2210.8,2348.0,137.2,1303.4,34.2,0
133,car,4.5,road_loopA_f0,road_loopA_f1,2240.4,2348.7,108.3,1303.4,43.3,0
142,car,4.5,road_loopA_f0,road_loopA_f1,2252.5,2349.6,97.1,1303.7,48.3,0
101,car,4.5,road_loopA_f0,road_loopA_f1,2214.8,2349.9,135.1,1303.6,34.7,0
123,car,4.5,road_loopA_f0,road_loopA_f1,2234.6,2351.1,116.5,1303.0,40.3,0
137,car,4.5,road_loopA_f0,road_loopA_f1,2244.5,2351.4,106.9,1303.5,43.9,0
111,car,4.5,road_loopA_f0,road_loopA_f1,2224.3,2351.7,127.4,1303.6,36.8,0
145,car,4.5,road_loopA_f0,road_loopA_f1,2255.2,2354.2,99.0,1303.3,47.4,0
129,car,4.5,road_loopA_f0,road_loopA_f1,2235.9,2354.7,118.8,1303.9,39.5,0
154,suv,4.8,road_loopA_f0,road_loopA_f1,2263.2,2355.4,92.2,1303.9,50.9,0
147,car,4.5,road_loopA_f0,road_loopA_f1,2255.8,2356.3,100.5,1303.3,46.7,0
134,suv,4.8,road_loopA_f0,road_loopA_f1,2240.8,2356.4,115.6,1303.2,40.6,0
126,car,4.5,road_loopA_r0,xloopA_0Ab,2235.6,2357.9,122.3,869.1,25.6,2
159,suv,4.8,road_loopA_f0,road_loopA_f1,2266.4,2358.1,91.7,1304.1,51.2,0
190,car,4.5,road_loopA_f0,xloopA_0Bb,2310.4,2358.3,47.9,478.7,36.0,0
166,car,4.5,road_loopA_r0,xloopA_0Ab,2275.7,2361.5,85.8,869.0,36.5,0
138,truck,8.5,road_loopA_f0,road_loopA_f1,2249.4,2361.7,112.3,1303.9,41.8,0
197,suv,4.8,road_loopA_f0,xloopA_0Bb,2315.8,2361.8,46.0,479.0,37.5,0
144,car,4.5,road_loopA_f0,road_loopA_f1,2254.2,2363.7,109.5,1303.0,42.9,0
158,suv,4.8,road_loopA_f0,road_loopA_f1,2265.7,2364.1,98.4,1303.0,47.7,0
160,car,4.5,road_loopA_r0,xloopA_0Ab,2266.9,2364.8,97.9,869.3,32.0,1
131,suv,4.8,road_loopA_r0,road_loopA_r1,2239.9,2378.2,138.3,1298.0,33.8,1
122,car,4.5,road_loopA_r0,road_loopA_r1,2234.4,2380.9,146.5,1298.1,31.9,1
140,car,4.5,road_loopA_r0,road_loopA_r1,2250.8,2381.2,130.4,1298.6,35.9,1
185,car,4.5,xloopA_0Ba,road_loopA_r1,2303.1,2382.5,79.4,476.3,21.6,1
141,car,4.5,road_loopA_r0,road_loopA_r1,2252.2,2383.1,130.9,1297.6,35.7,1
117,truck,8.5,road_loopA_r0,road_loopA_r1,2228.9,2383.9,155.0,1297.4,30.1,1
155,car,4.5,road_loopA_r0,road_loopA_r1,2263.7,2386.2,122.5,1297.9,38.1,1
236,car,4.5,road_loopA_f0,xloopA_0Bb,2343.9,2386.8,42.9,478.8,40.1,0
136,suv,4.8,road_loopA_r0,road_loopA_r1,2243.1,2387.5,144.4,1298.1,32.4,1
157,car,4.5,road_loopA_r0,road_loopA_r1,2264.6,2388.9,124.3,1298.0,37.6,1
79,bus,11.0,road_loopA_f0,road_loopA_f1,2197.2,2389.1,191.9,1303.0,24.4,4
151,car,4.5,road_loopA_r0,road_loopA_r1,2259.6,2389.1,129.5,1297.6,36.1,1
195,car,4.5,xloopA_0Aa,road_loopA_r1,2314.9,2391.4,76.5,506.6,23.8,0
148,car,4.5,road_loopA_r0,road_loopA_r1,2256.2,2392.1,135.9,1298.1,34.4,1
132,car,4.5,road_loopA_r0,road_loopA_r1,2240.1,2393.1,153.0,1298.2,30.5,1
156,car,4.5,road_loopA_r0,road_loopA_r1,2264.5,2393.5,129.0,1297.7,36.2,1
163,truck,8.5,road_loopA_r0,road_loopA_r1,2269.8,2395.0,125.2,1297.4,37.3,1
139,truck,8.5,road_loopA_r0,road_loopA_r1,2250.6,2395.2,144.6,1297.6,32.3,1
143,car,4.5,road_loopA_r0,road_loopA_r1,2252.8,2397.2,144.4,1297.9,32.4,1
161,car,4.5,road_loopA_r0,road_loopA_r1,2267.1,2398.9,131.8,1298.2,35.5,1
146,car,4.5,road_loopA_r0,road_loopA_r1,2255.3,2399.2,143.9,1297.9,32.5,1
162,car,4.5,road_loopA_r0,road_loopA_r1,2269.3,2400.2,130.9,1297.3,35.7,1
169,car,4.5,road_loopA_r0,road_loopA_r1,2279.2,2400.6,121.4,1298.4,38.5,1
149,car,4.5,road_loopA_r0,road_loopA_r1,2256.7,2401.1,144.4,1298.3,32.4,1
172,car,4.5,road_loopA_f0,road_loopA_f1,2287.7,2401.5,113.8,1303.6,41.2,1
175,suv,4.8,road_loopA_r0,road_loopA_r1,2288.4,2401.9,113.5,1297.6,41.2,0
168,truck,8.5,road_loopA_r0,road_loopA_r1,2278.8,2402.7,123.9,1297.8,37.7,0
174,car,4.5,road_loopA_f0,road_loopA_f1,2288.3,2403.0,114.7,1303.7,40.9,1
176,car,4.5,road_loopA_f0,road_loopA_f1,2295.3,2403.3,108.0,1302.9,43.4,1
152,suv,4.8,road_loopA_r0,road_loopA_r1,2260.7,2404.0,143.3,1297.8,32.6,1
165,suv,4.8,road_loopA_f0,road_loopA_f1,2272.5,2404.4,131.9,1303.6,35.6,1
167,car,4.5,road_loopA_r0,road_loopA_r1,2278.7,2404.4,125.7,1298.3,37.2,1
170,car,4.5,road_loopA_r0,road_loopA_r1,2283.4,2404.8,121.4,1297.9,38.5,0
178,suv,4.8,road_loopA_f0,road_loopA_f1,2295.9,2405.1,109.2,1302.8,42.9,1
177,car,4.5,road_loopA_f0,road_loopA_f1,2295.7,2406.1,110.4,1302.8,42.5,1
183,suv,4.8,road_loopA_r0,road_loopA_r1,2300.1,2406.4,106.3,1297.8,43.9,0
180,suv,4.8,road_loopA_f0,road_loopA_f1,2298.6,2406.5,107.9,1302.9,43.5,1
173,suv,4.8,road_loopA_r0,road_loopA_r1,2287.8,2406.6,118.8,1298.6,39.3,0
188,suv,4.8,road_loopA_f0,road_loopA_f1,2307.8,2407.0,99.2,1303.7,47.3,0
179,suv,4.8,road_loopA_r0,road_loopA_r1,2297.9,2407.3,109.4,1297.7,42.7,0
191,car,4.5,road_loopA_f0,road_loopA_f1,2310.4,2408.4,98.0,1302.9,47.9,0
192,suv,4.8,road_loopA_f0,road_loopA_f1,2311.9,2408.8,96.9,1303.3,48.4,0
150,car,4.5,road_loopA_r0,xloopA_0Bb,2258.8,2408.9,150.1,895.4,21.5,1
187,car,4.5,road_loopA_r0,road_loopA_r1,2306.2,2409.1,102.9,1297.8,45.4,0
182,car,4.5,road_loopA_f0,xloopA_0Ab,2299.8,2409.5,109.7,505.2,16.6,1
181,car,4.5,road_loopA_r0,road_loopA_r1,2299.0,2410.4,111.4,1298.1,41.9,0
201,truck,8.5,road_loopA_r0,road_loopA_r1,2317.4,2410.5,93.1,1298.4,50.2,0
130,bus,11.0,road_loopA_r0,road_loopA_r1,2237.8,2412.1,174.3,1298.0,26.8,2
193,car,4.5,road_loopA_f0,road_loopA_f1,2312.2,2412.4,100.2,1302.9,46.8,0
186,truck,8.5,road_loopA_r0,road_loopA_r1,2303.5,2412.8,109.3,1297.3,42.7,0
189,truck,8.5,road_loopA_f0,xloopA_0Ab,2309.9,2412.9,103.0,505.4,17.7,1
203,suv,4.8,road_loopA_f0,road_loopA_f1,2321.6,2413.3,91.7,1304.1,51.2,0
208,suv,4.8,road_loopA_f0,road_loopA_f1,2324.6,2415.0,90.4,1303.6,51.9,0
200,car,4.5,road_loopA_r0,road_loopA_r1,2316.6,2415.3,98.7,1297.8,47.3,0
171,car,4.5,road_loopA_r0,road_loopA_r1,2284.7,2415.8,131.1,1297.5,35.6,0
194,suv,4.8,road_loopA_f0,xloopA_0Ab,2312.7,2416.0,103.3,505.5,17.6,1
214,suv,4.8,road_loopA_f0,road_loopA_f1,2328.0,2417.4,89.4,1303.1,52.5,0
220,truck,8.5,road_loopA_f0,xloopA_0Ab,2331.5,2419.4,87.9,504.9,20.7,1
211,car,4.5,road_loopA_f0,road_loopA_f1,2327.2,2420.2,93.0,1303.6,50.4,0
199,suv,4.8,road_loopA_f0,road_loopA_f1,2316.6,2421.8,105.2,1303.1,44.6,0
205,car,4.5,road_loopA_r0,road_loopA_r1,2321.9,2422.4,100.5,1298.2,46.5,0
207,suv,4.8,road_loopA_f0,road_loopA_f1,2323.5,2422.9,99.4,1303.6,47.2,0
204,suv,4.8,road_loopA_f0,road_loopA_f1,2321.7,2423.5,101.8,1303.1,46.1,0
243,car,4.5,xloopA_0Ba,xloopA_0Bb,2354.7,2424.1,69.4,84.7,4.4,1
202,suv,4.8,road_loopA_r0,road_loopA_r1,2317.7,2424.5,106.8,1297.8,43.8,0
198,car,4.5,road_loopA_r0,road_loopA_r1,2316.1,2424.7,108.6,1297.4,43.0,0
222,bus,11.0,road_loopA_f0,road_loopA_f1,2332.6,2425.9,93.3,1303.7,50.3,0
206,car,4.5,road_loopA_r0,road_loopA_r1,2323.1,2426.2,103.1,1298.2,45.3,0
284,car,4.5,xloopA_0Aa,xloopA_0Ab,2389.9,2426.5,36.6,84.0,8.3,1
253,car,4.5,xloopA_0Ba,xloopA_0Bb,2361.5,2426.7,65.2,84.6,4.7,1
210,truck,8.5,road_loopA_r0,road_loopA_r1,2325.3,2427.9,102.6,1297.7,45.5,0
213,car,4.5,road_loopA_r0,road_loopA_r1,2327.7,2427.9,100.2,1298.4,46.6,0
221,truck,8.5,road_loopA_r0,road_loopA_r1,2332.1,2428.5,96.4,1297.3,48.4,0
256,car,4.5,xloopA_0Ba,xloopA_0Bb,2364.7,2429.1,64.4,84.0,4.7,1
225,car,4.5,road_loopA_f0,road_loopA_f1,2335.0,2430.7,95.7,1302.9,49.0,0
276,car,4.5,xloopA_0Ba,xloopA_0Bb,2383.3,2431.3,48.0,84.8,6.4,0
234,car,4.5,road_loopA_f0,road_loopA_f1,2341.3,2436.4,95.1,1303.5,49.4,0
224,car,4.5,road_loopA_f0,road_loopA_f1,2334.7,2437.7,103.0,1304.0,45.6,0
237,suv,4.8,road_loopA_f0,road_loopA_f1,2348.1,2439.3,91.2,1303.9,51.5,0
215,car,4.5,road_loopA_f0,road_loopA_f1,2329.0,2439.6,110.6,1303.4,42.4,0
232,car,4.5,road_loopA_f0,road_loopA_f1,2339.8,2440.6,100.8,1303.8,46.5,0
219,car,4.5,road_loopA_f0,road_loopA_f1,2331.2,2441.4,110.2,1303.7,42.6,0
228,bus,11.0,road_loopA_f0,road_loopA_f1,2336.7,2444.0,107.3,1303.1,43.7,0
218,suv,4.8,road_loopA_f0,road_loopA_f1,2331.1,2445.0,113.9,1302.9,41.2,0
239,car,4.5,road_loopA_f0,road_loopA_f1,2352.7,2445.4,92.7,1303.8,50.6,0
241,car,4.5,road_loopA_f0,road_loopA_f1,2354.4,2446.2,91.8,1303.8,51.1,0
246,truck,8.5,road_loopA_f0,road_loopA_f1,2357.6,2447.6,90.0,1303.1,52.2,0
249,suv,4.8,road_loopA_f0,road_loopA_f1,2358.7,2449.2,90.5,1303.8,51.9,0
251,suv,4.8,road_loopA_f0,road_loopA_f1,2361.1,2451.5,90.4,1303.4,51.9,0
285,suv,4.8,road_loopA_f0,xloopA_0Bb,2389.9,2452.2,62.3,479.0,27.7,2
238,truck,8.5,road_loopA_r0,xloopA_0Ab,2349.1,2452.3,103.2,868.8,30.3,2
307,car,4.5,road_loopA_f0,xloopA_0Bb,2414.8,2460.1,45.3,478.8,38.0,0
314,car,4.5,road_loopA_f0,xloopA_0Bb,2417.7,2463.4,45.7,478.6,37.7,0
318,car,4.5,road_loopA_f0,xloopA_0Bb,2420.6,2466.8,46.2,478.7,37.3,0
240,car,4.5,road_loopA_f0,road_loopA_f1,2353.6,2469.8,116.2,1303.6,40.4,0
231,car,4.5,road_loopA_r0,road_loopA_r1,2339.2,2472.0,132.8,1298.3,35.2,1
216,car,4.5,road_loopA_r0,road_loopA_r1,2330.5,2474.4,143.9,1297.8,32.5,1
184,bus,11.0,road_loopA_f0,road_loopA_f1,2302.6,2476.0,173.4,1303.4,27.1,2
242,car,4.5,road_loopA_r0,road_loopA_r1,2354.5,2476.3,121.8,1297.5,38.4,1
226,car,4.5,road_loopA_r0,road_loopA_r1,2335.3,2477.1,141.8,1297.5,32.9,1
244,car,4.5,road_loopA_r0,road_loopA_r1,2354.8,2478.0,123.2,1297.5,37.9,1
332,car,4.5,road_loopA_f0,xloopA_0Bb,2436.1,2480.8,44.7,478.8,38.6,0
229,suv,4.8,road_loopA_r0,road_loopA_r1,2337.8,2481.2,143.4,1297.9,32.6,1
248,truck,8.5,road_loopA_r0,road_loopA_r1,2358.4,2481.8,123.4,1298.4,37.9,1
252,suv,4.8,road_loopA_r0,road_loopA_r1,2361.3,2483.3,122.0,1298.3,38.3,1
261,suv,4.8,road_loopA_r0,road_loopA_r1,2370.1,2484.9,114.8,1297.8,40.7,1
266,car,4.5,road_loopA_r0,road_loopA_r1,2372.5,2487.1,114.6,1297.6,40.8,1
269,car,4.5,road_loopA_r0,road_loopA_r1,2374.9,2488.6,113.7,1298.6,41.1,0
223,car,4.5,road_loopA_r0,road_loopA_r1,2333.4,2489.8,156.4,1298.4,29.9,1
272,truck,8.5,road_loopA_r0,road_loopA_r1,2379.4,2491.4,112.0,1298.5,41.7,1
289,car,4.5,xloopA_0Ba,road_loopA_r1,2395.4,2491.6,96.2,476.5,17.8,0
230,suv,4.8,road_loopA_r0,road_loopA_r1,2338.8,2492.8,154.0,1298.6,30.4,1
279,suv,4.8,road_loopA_r0,road_loopA_r1,2384.9,2493.2,108.3,1298.5,43.1,0
217,car,4.5,road_loopA_r0,road_loopA_r1,2330.7,2493.3,162.6,1297.5,28.7,1
235,car,4.5,road_loopA_r0,road_loopA_r1,2342.9,2494.7,151.8,1297.7,30.8,1
227,car,4.5,road_loopA_r0,road_loopA_r1,2336.1,2495.1,159.0,1297.3,29.4,1
277,car,4.5,road_loopA_r0,road_loopA_r1,2384.2,2496.4,112.2,1298.4,41.7,0
255,car,4.5,road_loopA_r0,road_loopA_r1,2364.0,2496.9,132.9,1298.0,35.2,1
233,car,4.5,road_loopA_r0,road_loopA_r1,2340.7,2497.0,156.3,1298.5,29.9,1
245,car,4.5,road_loopA_f0,road_loopA_f1,2355.3,2497.0,141.7,1303.5,33.1,1
282,car,4.5,road_loopA_r0,road_loopA_r1,2389.2,2498.1,108.9,1298.2,42.9,0
250,suv,4.8,road_loopA_r0,road_loopA_r1,2360.6,2498.8,138.2,1298.0,33.8,1
262,car,4.5,road_loopA_r0,road_loopA_r1,2370.3,2498.9,128.6,1297.6,36.3,1
247,suv,4.8,road_loopA_f0,road_loopA_f1,2358.1,2499.3,141.2,1303.9,33.2,1
286,car,4.5,road_loopA_r0,road_loopA_r1,2392.5,2499.8,107.3,1297.5,43.5,0
268,car,4.5,road_loopA_r0,road_loopA_r1,2374.2,2500.7,126.5,1298.2,36.9,1
257,car,4.5,road_loopA_f0,road_loopA_f1,2364.6,2500.8,136.2,1303.2,34.4,1
270,car,4.5,road_loopA_r0,road_loopA_r1,2375.0,2500.9,125.9,1298.1,37.1,1
302,car,4.5,road_loopA_r0,road_loopA_r1,2407.6,2501.9,94.3,1298.4,49.6,0
292,suv,4.8,road_loopA_r0,road_loopA_r1,2397.0,2502.5,105.5,1297.7,44.3,0
263,car,4.5,road_loopA_f0,road_loopA_f1,2370.7,2502.6,131.9,1303.8,35.6,1
273,car,4.5,road_loopA_r0,road_loopA_r1,2379.5,2502.6,123.1,1297.3,37.9,0
293,truck,8.5,road_loopA_f0,xloopA_0Ab,2398.3,2504.3,106.0,505.6,17.2,1
265,car,4.5,road_loopA_f0,road_loopA_f1,2372.2,2504.4,132.2,1303.4,35.5,1
303,truck,8.5,road_loopA_r0,road_loopA_r1,2407.8,2505.4,97.6,1297.7,47.9,0
271,suv,4.8,road_loopA_f0,road_loopA_f1,2376.5,2505.6,129.1,1304.1,36.4,1
274,car,4.5,road_loopA_r0,road_loopA_r1,2381.3,2505.9,124.6,1298.1,37.5,0
333,suv,4.8,road_loopA_f0,xloopA_0Ab,2439.0,2507.3,68.3,505.6,26.6,1
278,suv,4.8,road_loopA_r0,road_loopA_r1,2384.7,2507.7,123.0,1298.3,38.0,0
310,car,4.5,road_loopA_r0,road_loopA_r1,2416.5,2507.7,91.2,1297.9,51.2,0
254,truck,8.5,road_loopA_f0,road_loopA_f1,2362.4,2508.0,145.6,1303.6,32.2,1
326,car,4.5,road_loopA_r0,xloopA_0Bb,2430.9,2508.0,77.1,895.4,41.8,0
301,truck,8.5,road_loopA_r0,road_loopA_r1,2407.4,2509.1,101.7,1298.5,46.0,0
291,car,4.5,road_loopA_r0,road_loopA_r1,2396.5,2509.4,112.9,1297.6,41.4,0
338,car,4.5,road_loopA_f0,xloopA_0Ab,2445.1,2509.9,64.8,505.0,28.0,1
309,car,4.5,road_loopA_r0,road_loopA_r1,2415.5,2510.5,95.0,1298.4,49.2,0
287,car,4.5,road_loopA_r0,road_loopA_r1,2393.6,2511.3,117.7,1298.3,39.7,0
260,truck,8.5,road_loopA_f0,road_loopA_f1,2368.0,2512.3,144.3,1303.6,32.5,1
280,car,4.5,road_loopA_f0,road_loopA_f1,2385.9,2512.3,126.4,1303.3,37.1,1
341,car,4.5,road_loopA_f0,xloopA_0Ab,2450.4,2512.6,62.2,505.3,29.2,1
297,car,4.5,road_loopA_r0,road_loopA_r1,2402.7,2513.0,110.3,1297.8,42.4,0
304,truck,8.5,road_loopA_r0,road_loopA_r1,2410.9,2513.3,102.4,1298.2,45.6,0
288,suv,4.8,road_loopA_f0,road_loopA_f1,2395.4,2514.0,118.6,1303.2,39.5,1
267,car,4.5,road_loopA_f0,road_loopA_f1,2373.0,2514.2,141.2,1303.4,33.2,1
259,car,4.5,road_loopA_f0,road_loopA_f1,2367.3,2514.5,147.2,1303.8,31.9,1
298,suv,4.8,road_loopA_r0,road_loopA_r1,2405.3,2514.8,109.5,1298.1,42.7,0
320,suv,4.8,road_loopA_r0,road_loopA_r1,2422.2,2515.3,93.1,1298.4,50.2,0
295,suv,4.8,road_loopA_f0,road_loopA_f1,2401.4,2515.8,114.4,1304.1,41.1,1
281,car,4.5,road_loopA_f0,road_loopA_f1,2386.0,2516.0,130.0,1303.4,36.1,1
258,suv,4.8,road_loopA_f0,road_loopA_f1,2366.7,2516.3,149.6,1303.7,31.4,1
312,car,4.5,road_loopA_r0,road_loopA_r1,2416.8,2517.1,100.3,1297.3,46.6,0
294,car,4.5,xloopA_0Ba,xloopA_0Bb,2400.2,2517.5,117.3,84.5,2.6,1
296,suv,4.8,road_loopA_f0,road_loopA_f1,2402.7,2517.6,114.9,1303.8,40.9,0
264,car,4.5,road_loopA_f0,road_loopA_f1,2372.1,2518.0,145.9,1302.9,32.1,1
290,truck,8.5,road_loopA_f0,road_loopA_f1,2395.6,2518.1,122.5,1302.9,38.3,1
311,car,4.5,road_loopA_r0,road_loopA_r1,2416.7,2518.3,101.6,1297.7,46.0,0
317,truck,8.5,road_loopA_r0,road_loopA_r1,2420.2,2519.3,99.1,1298.3,47.1,0
299,car,4.5,road_loopA_f0,road_loopA_f1,2405.4,2519.5,114.1,1303.7,41.1,0
275,car,4.5,road_loopA_f0,road_loopA_f1,2381.4,2519.7,138.3,1303.7,33.9,1
313,car,4.5,road_loopA_r0,road_loopA_r1,2417.0,2520.0,103.0,1297.6,45.4,0
305,car,4.5,road_loopA_f0,road_loopA_f1,2413.2,2520.2,107.0,1303.9,43.9,0
380,car,4.5,xloopA_0Aa,xloopA_0Ab,2489.9,2520.6,30.7,84.1,9.9,1
300,car,4.5,xloopA_0Ba,xloopA_0Bb,2407.0,2520.9,113.9,84.6,2.7,1
315,suv,4.8,road_loopA_f0,road_loopA_f1,2419.0,2521.3,102.3,1304.0,45.9,0
283,car,4.5,road_loopA_f0,road_loopA_f1,2389.5,2521.7,132.2,1303.1,35.5,1
397,car,4.5,xloopA_0Aa,xloopA_0Ab,2510.3,2522.9,12.6,84.7,24.2,0
322,car,4.5,xloopA_0Ba,xloopA_0Bb,2424.9,2523.1,98.2,84.6,3.1,1
319,car,4.5,road_loopA_f0,road_loopA_f1,2421.1,2524.5,103.4,1303.6,45.4,0
321,car,4.5,road_loopA_f0,road_loopA_f1,2423.7,2526.3,102.6,1303.5,45.8,0
370,car,4.5,xloopA_0Ba,xloopA_0Bb,2480.6,2526.5,45.9,84.5,6.6,0
323,truck,8.5,road_loopA_f0,road_loopA_f1,2425.4,2527.2,101.8,1302.8,46.0,0
209,bus,11.0,road_loopA_r0,road_loopA_r1,2325.0,2527.8,202.8,1298.2,23.0,3
324,car,4.5,road_loopA_f0,road_loopA_f1,2427.1,2528.0,100.9,1303.3,46.5,0
330,car,4.5,road_loopA_f0,road_loopA_f1,2435.8,2531.4,95.6,1304.1,49.1,0
325,truck,8.5,road_loopA_f0,road_loopA_f1,2430.6,2533.6,103.0,1302.9,45.5,0
331,suv,4.8,road_loopA_f0,road_loopA_f1,2435.9,2535.7,99.8,1303.9,47.0,0
328,suv,4.8,road_loopA_f0,road_loopA_f1,2433.5,2536.6,103.1,1302.8,45.5,0
306,car,4.5,road_loopA_f0,road_loopA_f1,2414.3,2537.7,123.4,1303.2,38.0,0
337,car,4.5,road_loopA_f0,road_loopA_f1,2444.9,2539.3,94.4,1303.7,49.7,0
316,truck,8.5,road_loopA_f0,road_loopA_f1,2419.4,2539.9,120.5,1302.9,38.9,0
344,car,4.5,road_loopA_f0,road_loopA_f1,2453.6,2544.9,91.3,1303.5,51.4,0
350,car,4.5,road_loopA_f0,xloopA_0Bb,2461.1,2550.3,89.2,478.7,19.3,2
378,suv,4.8,road_loopA_f0,xloopA_0Bb,2487.9,2554.1,66.2,479.0,26.0,2
327,car,4.5,road_loopA_f0,road_loopA_f1,2431.0,2556.9,125.9,1302.8,37.3,0
403,car,4.5,road_loopA_f0,xloopA_0Bb,2516.1,2563.4,47.3,478.7,36.4,0
329,car,4.5,road_loopA_r0,road_loopA_r1,2433.6,2566.7,133.1,1297.3,35.1,1
336,car,4.5,road_loopA_r0,road_loopA_r1,2444.7,2567.9,123.2,1298.5,38.0,1
340,car,4.5,road_loopA_r0,road_loopA_r1,2449.3,2569.3,120.0,1297.9,38.9,1
349,car,4.5,road_loopA_r0,road_loopA_r1,2460.4,2572.4,112.0,1297.9,41.7,1
346,suv,4.8,road_loopA_r0,road_loopA_r1,2456.6,2573.5,116.9,1298.0,40.0,1
354,car,4.5,road_loopA_r0,road_loopA_r1,2464.7,2574.3,109.6,1298.6,42.7,1
334,car,4.5,road_loopA_r0,road_loopA_r1,2441.6,2576.8,135.2,1298.7,34.6,1
359,car,4.5,road_loopA_r0,road_loopA_r1,2469.5,2577.6,108.1,1298.4,43.2,0
339,suv,4.8,road_loopA_r0,road_loopA_r1,2446.4,2579.6,133.2,1297.6,35.1,1
362,car,4.5,road_loopA_r0,road_loopA_r1,2476.1,2580.3,104.2,1298.5,44.9,0
358,car,4.5,road_loopA_r0,road_loopA_r1,2466.4,2581.5,115.1,1297.9,40.6,0
366,car,4.5,road_loopA_r0,road_loopA_r1,2477.5,2582.7,105.2,1297.7,44.4,0
364,suv,4.8,road_loopA_r0,road_loopA_r1,2477.1,2583.5,106.4,1297.9,43.9,0
335,car,4.5,xloopA_0Ba,road_loopA_r1,2443.7,2584.1,140.4,476.5,12.2,0
371,car,4.5,road_loopA_r0,road_loopA_r1,2481.9,2585.2,103.3,1297.5,45.2,0
343,suv,4.8,road_loopA_r0,road_loopA_r1,2453.3,2586.1,132.8,1297.3,35.2,0
386,car,4.5,road_loopA_r0,road_loopA_r1,2497.3,2586.6,89.3,1297.5,52.3,0
375,car,4.5,road_loopA_r0,road_loopA_r1,2487.0,2587.5,100.5,1297.4,46.5,0
357,suv,4.8,road_loopA_r0,road_loopA_r1,2466.1,2587.8,121.7,1297.6,38.4,0
388,suv,4.8,road_loopA_r0,road_loopA_r1,2498.7,2589.3,90.6,1298.2,51.6,0
363,car,4.5,road_loopA_r0,road_loopA_r1,2476.1,2589.5,113.4,1297.4,41.2,0
365,car,4.5,road_loopA_r0,road_loopA_r1,2477.2,2591.2,114.0,1298.1,41.0,0
369,suv,4.8,road_loopA_r0,road_loopA_r1,2480.2,2592.0,111.8,1297.3,41.8,0
391,car,4.5,road_loopA_r0,road_loopA_r1,2502.1,2593.1,91.0,1297.4,51.3,0
352,car,4.5,road_loopA_f0,road_loopA_f1,2463.7,2595.4,131.7,1303.8,35.6,1
355,car,4.5,road_loopA_r0,xloopA_0Bb,2464.8,2595.9,131.1,895.4,24.6,1
351,car,4.5,road_loopA_f0,road_loopA_f1,2463.7,2596.2,132.5,1303.1,35.4,1
342,truck,8.5,road_loopA_f0,xloopA_0Ab,2451.3,2597.7,146.4,505.4,12.4,2
389,car,4.5,road_loopA_r0,road_loopA_r1,2500.7,2598.0,97.3,1298.1,48.0,0
360,car,4.5,road_loopA_r0,xloopA_0Bb,2473.3,2598.5,125.2,895.4,25.8,1
367,car,4.5,road_loopA_f0,road_loopA_f1,2477.9,2598.7,120.8,1303.3,38.8,1
368,car,4.5,road_loopA_f0,xloopA_0Ab,2478.1,2600.7,122.6,505.3,14.8,1
356,car,4.5,road_loopA_f0,road_loopA_f1,2464.9,2600.9,136.0,1303.7,34.5,1
385,car,4.5,road_loopA_r0,xloopA_0Bb,2490.8,2601.2,110.4,895.7,29.2,1
373,suv,4.8,road_loopA_f0,road_loopA_f1,2483.9,2601.6,117.7,1303.6,39.9,1
348,suv,4.8,road_loopA_f0,road_loopA_f1,2459.2,2602.0,142.8,1304.0,32.9,1
382,car,4.5,road_loopA_r0,road_loopA_r1,2489.9,2603.0,113.1,1298.1,41.3,0
387,car,4.5,road_loopA_f0,xloopA_0Ab,2497.5,2603.3,105.8,505.0,17.2,1
377,car,4.5,road_loopA_r0,xloopA_0Bb,2487.6,2603.8,116.2,895.4,27.7,1
393,car,4.5,road_loopA_r0,road_loopA_r1,2503.7,2605.7,102.0,1297.5,45.8,0
412,car,4.5,road_loopA_f0,xloopA_0Ab,2525.5,2606.0,80.5,505.3,22.6,1
398,car,4.5,road_loopA_f0,road_loopA_f1,2511.3,2607.9,96.6,1303.6,48.6,0
401,car,4.5,road_loopA_r0,road_loopA_r1,2514.2,2608.0,93.8,1297.7,49.8,0
353,suv,4.8,road_loopA_f0,road_loopA_f1,2464.1,2610.4,146.3,1302.8,32.1,1
400,car,4.5,road_loopA_f0,road_loopA_f1,2513.1,2610.6,97.5,1303.0,48.1,0
431,car,4.5,xloopA_0Aa,xloopA_0Ab,2542.4,2611.0,68.6,84.2,4.4,1
308,bus,11.0,road_loopA_r0,road_loopA_r1,2415.0,2611.1,196.1,1297.4,23.8,3
376,suv,4.8,road_loopA_f0,road_loopA_f1,2487.6,2612.2,124.6,1303.2,37.6,1
406,car,4.5,road_loopA_f0,road_loopA_f1,2520.7,2612.5,91.8,1304.2,51.1,0
383,car,4.5,road_loopA_f0,road_loopA_f1,2490.1,2614.1,124.0,1303.5,37.8,1
392,car,4.5,road_loopA_f0,road_loopA_f1,2503.2,2614.1,110.9,1302.9,42.3,0
467,car,4.5,xloopA_0Aa,xloopA_0Ab,2574.8,2615.0,40.2,84.4,7.6,1
390,car,4.5,xloopA_0Ba,xloopA_0Bb,2502.1,2615.4,113.3,84.8,2.7,1
395,suv,4.8,road_loopA_f0,road_loopA_f1,2508.3,2615.5,107.2,1303.8,43.8,0
408,car,4.5,road_loopA_f0,road_loopA_f1,2524.6,2617.1,92.5,1303.6,50.7,0
374,car,4.5,road_loopA_f0,road_loopA_f1,2485.9,2619.1,133.2,1302.9,35.2,1
372,suv,4.8,road_loopA_f0,road_loopA_f1,2483.8,2621.8,138.0,1303.0,34.0,1
404,car,4.5,road_loopA_f0,road_loopA_f1,2518.1,2622.6,104.5,1304.0,44.9,0
407,car,4.5,xloopA_0Ba,xloopA_0Bb,2522.2,2623.4,101.2,84.1,3.0,0
414,car,4.5,road_loopA_f0,road_loopA_f1,2530.6,2623.9,93.3,1303.2,50.3,0
415,car,4.5,road_loopA_f0,road_loopA_f1,2530.9,2625.6,94.7,1304.1,49.6,0
396,car,4.5,road_loopA_f0,road_loopA_f1,2509.6,2627.2,117.6,1303.4,39.9,0
423,car,4.5,road_loopA_f0,road_loopA_f1,2537.2,2627.4,90.2,1303.2,52.0,0
413,suv,4.8,road_loopA_f0,road_loopA_f1,2528.3,2629.0,100.7,1303.2,46.6,0
425,car,4.5,road_loopA_f0,road_loopA_f1,2537.9,2630.2,92.3,1303.5,50.8,0
428,suv,4.8,road_loopA_f0,road_loopA_f1,2538.7,2631.9,93.2,1303.1,50.3,0
427,car,4.5,road_loopA_f0,road_loopA_f1,2538.0,2634.6,96.6,1303.4,48.6,0
347,car,4.5,xloopA_0Aa,road_loopA_f1,2457.5,2634.8,177.3,872.5,17.7,1
394,car,4.5,road_loopA_r0,xloopA_0Ab,2503.7,2635.3,131.6,868.8,23.8,3
361,truck,8.5,road_loopA_f0,road_loopA_f1,2474.3,2637.0,162.7,1303.6,28.8,1
418,car,4.5,road_loopA_f0,road_loopA_f1,2533.2,2637.6,104.4,1304.0,45.0,0
379,suv,4.8,road_loopA_f0,road_loopA_f1,2488.6,2639.0,150.4,1303.3,31.2,1
426,car,4.5,road_loopA_f0,road_loopA_f1,2537.9,2641.7,103.8,1303.7,45.2,0
437,car,4.5,road_loopA_f0,road_loopA_f1,2547.8,2644.6,96.8,1302.8,48.4,0
420,truck,8.5,road_loopA_r0,xloopA_0Ab,2534.0,2645.4,111.4,869.1,28.1,1
432,car,4.5,road_loopA_f0,road_loopA_f1,2543.0,2649.3,106.3,1302.9,44.1,0
411,car,4.5,road_loopA_r0,road_loopA_r1,2525.4,2653.1,127.7,1298.1,36.6,1
416,suv,4.8,road_loopA_r0,road_loopA_r1,2531.4,2654.6,123.2,1297.9,37.9,1
429,suv,4.8,road_loopA_f0,road_loopA_f1,2540.3,2655.4,115.1,1303.4,40.8,0
421,car,4.5,road_loopA_r0,road_loopA_r1,2535.2,2656.1,120.9,1298.1,38.7,1
505,car,4.5,road_loopA_f0,xloopA_0Bb,2611.1,2656.5,45.4,478.7,37.9,0
422,suv,4.8,road_loopA_r0,road_loopA_r1,2535.6,2657.7,122.1,1298.7,38.3,1
430,car,4.5,road_loopA_r0,road_loopA_r1,2542.0,2659.2,117.2,1298.3,39.9,1
517,car,4.5,road_loopA_f0,xloopA_0Bb,2619.6,2659.6,40.0,478.9,43.1,0
433,car,4.5,road_loopA_r0,road_loopA_r1,2543.8,2661.0,117.2,1297.5,39.9,1
409,bus,11.0,road_loopA_r0,road_loopA_r1,2524.8,2662.1,137.3,1298.1,34.0,1
417,car,4.5,road_loopA_r0,road_loopA_r1,2532.5,2664.6,132.1,1297.3,35.4,1
524,car,4.5,road_loopA_f0,xloopA_0Bb,2626.0,2664.9,38.9,478.8,44.3,0
434,truck,8.5,road_loopA_r0,road_loopA_r1,2545.1,2665.8,120.7,1298.1,38.7,1
439,truck,8.5,road_loopA_r0,road_loopA_r1,2550.3,2667.4,117.1,1297.9,39.9,1
424,truck,8.5,road_loopA_r0,road_loopA_r1,2537.8,2668.5,130.7,1297.9,35.8,1
465,car,4.5,xloopA_0Aa,road_loopA_r1,2573.9,2669.0,95.1,506.8,19.2,1
441,car,4.5,road_loopA_r0,road_loopA_r1,2551.7,2669.1,117.4,1298.1,39.8,1
405,car,4.5,road_loopA_r0,road_loopA_r1,2520.4,2670.7,150.3,1298.0,31.1,1
436,car,4.5,road_loopA_r0,road_loopA_r1,2547.4,2671.3,123.9,1298.4,37.7,1
442,car,4.5,road_loopA_r0,road_loopA_r1,2553.2,2672.4,119.2,1298.5,39.2,1
443,truck,8.5,road_loopA_r0,road_loopA_r1,2553.2,2673.5,120.3,1298.4,38.9,1
444,suv,4.8,road_loopA_r0,road_loopA_r1,2555.1,2674.0,118.9,1298.1,39.3,1
466,car,4.5,road_loopA_r0,road_loopA_r1,2573.9,2674.8,100.9,1298.4,46.3,0
451,car,4.5,road_loopA_r0,road_loopA_r1,2561.9,2675.7,113.8,1298.2,41.1,0
454,suv,4.8,road_loopA_r0,road_loopA_r1,2565.4,2676.1,110.7,1297.6,42.2,0
449,car,4.5,road_loopA_r0,road_loopA_r1,2560.5,2677.0,116.5,1297.8,40.1,1
452,suv,4.8,road_loopA_r0,road_loopA_r1,2562.8,2677.2,114.4,1297.3,40.8,0
458,car,4.5,road_loopA_r0,road_loopA_r1,2567.5,2679.0,111.5,1297.6,41.9,0
446,truck,8.5,road_loopA_r0,road_loopA_r1,2556.4,2679.4,123.0,1298.0,38.0,0
440,suv,4.8,road_loopA_f0,road_loopA_f1,2551.6,2680.4,128.8,1303.1,36.4,1
447,truck,8.5,road_loopA_r0,road_loopA_r1,2559.2,2680.4,121.2,1297.4,38.5,0
460,car,4.5,road_loopA_r0,road_loopA_r1,2569.2,2680.8,111.6,1298.0,41.9,0
461,car,4.5,road_loopA_r0,road_loopA_r1,2569.6,2682.5,112.9,1297.9,41.4,0
450,truck,8.5,road_loopA_r0,road_loopA_r1,2561.7,2683.0,121.3,1297.7,38.5,0
453,car,4.5,road_loopA_f0,road_loopA_f1,2564.8,2683.6,118.8,1302.9,39.5,1
471,suv,4.8,road_loopA_r0,road_loopA_r1,2581.8,2685.2,103.4,1297.9,45.2,0
459,suv,4.8,road_loopA_r0,road_loopA_r1,2568.8,2685.3,116.5,1297.7,40.1,0
399,bus,11.0,road_loopA_f0,road_loopA_f1,2512.7,2686.4,173.7,1303.2,27.0,2
463,car,4.5,road_loopA_r0,road_loopA_r1,2571.8,2686.9,115.1,1298.5,40.6,0
462,suv,4.8,road_loopA_f0,road_loopA_f1,2571.7,2687.2,115.5,1302.9,40.6,1
473,car,4.5,road_loopA_r0,road_loopA_r1,2583.0,2687.5,104.5,1297.9,44.7,0
468,car,4.5,road_loopA_r0,road_loopA_r1,2575.8,2687.9,112.1,1297.4,41.7,0
445,car,4.5,road_loopA_f0,road_loopA_f1,2555.4,2688.7,133.3,1303.3,35.2,1
476,car,4.5,road_loopA_r0,road_loopA_r1,2584.5,2689.3,104.8,1298.5,44.6,0
410,suv,4.8,road_loopA_r0,xloopA_0Bb,2525.1,2689.4,164.3,895.6,19.6,1
464,suv,4.8,road_loopA_r0,road_loopA_r1,2572.9,2689.8,116.9,1298.3,40.0,0
483,car,4.5,road_loopA_f0,xloopA_0Ab,2587.1,2690.0,102.9,505.2,17.7,1
481,car,4.5,road_loopA_r0,road_loopA_r1,2586.9,2691.0,104.1,1297.7,44.9,0
472,car,4.5,road_loopA_r0,road_loopA_r1,2581.9,2691.4,109.5,1298.0,42.7,0
470,car,4.5,road_loopA_r0,xloopA_0Bb,2580.8,2692.0,111.2,895.3,29.0,1
496,car,4.5,road_loopA_f0,xloopA_0Ab,2602.8,2692.6,89.8,505.2,20.3,1
486,car,4.5,road_loopA_r0,road_loopA_r1,2590.1,2692.8,102.7,1297.9,45.5,0
479,suv,4.8,road_loopA_f0,road_loopA_f1,2586.6,2693.5,106.9,1303.5,43.9,0
474,car,4.5,road_loopA_r0,road_loopA_r1,2584.1,2693.9,109.8,1298.3,42.6,0
456,suv,4.8,road_loopA_f0,road_loopA_f1,2566.3,2694.0,127.7,1304.1,36.8,1
489,car,4.5,road_loopA_r0,road_loopA_r1,2594.8,2694.1,99.3,1298.2,47.1,0
482,car,4.5,road_loopA_f0,road_loopA_f1,2587.0,2695.3,108.3,1303.9,43.3,0
528,car,4.5,road_loopA_f0,xloopA_0Ab,2628.0,2695.3,67.3,505.4,27.0,1
492,car,4.5,road_loopA_r0,road_loopA_r1,2598.8,2695.8,97.0,1298.5,48.2,0
491,suv,4.8,road_loopA_f0,road_loopA_f1,2598.8,2696.6,97.8,1303.1,48.0,0
478,car,4.5,road_loopA_r0,road_loopA_r1,2585.5,2696.8,111.3,1297.8,42.0,0
488,car,4.5,road_loopA_f0,road_loopA_f1,2594.7,2697.0,102.3,1302.8,45.9,0
487,suv,4.8,road_loopA_r0,road_loopA_r1,2592.5,2698.2,105.7,1297.8,44.2,0
469,car,4.5,road_loopA_r0,road_loopA_r1,2576.2,2698.4,122.2,1298.0,38.2,0
502,suv,4.8,road_loopA_f0,road_loopA_f1,2606.5,2699.8,93.3,1304.0,50.3,0
495,car,4.5,road_loopA_f0,road_loopA_f1,2602.6,2700.0,97.4,1303.1,48.2,0
565,truck,8.5,road_loopA_f0,xloopA_0Ab,2651.0,2700.6,49.6,505.6,36.7,0
485,car,4.5,road_loopA_r0,road_loopA_r1,2589.3,2701.3,112.0,1298.1,41.7,0
448,car,4.5,road_loopA_f0,road_loopA_f1,2560.4,2702.7,142.3,1304.1,33.0,1
497,car,4.5,road_loopA_f0,road_loopA_f1,2604.4,2706.0,101.6,1303.8,46.2,0
419,car,4.5,xloopA_0Ba,xloopA_0Bb,2533.6,2706.0,172.4,84.1,1.8,1
508,car,4.5,road_loopA_r0,road_loopA_r1,2612.8,2706.1,93.3,1298.7,50.1,0
498,suv,4.8,road_loopA_r0,road_loopA_r1,2605.2,2706.3,101.1,1297.3,46.2,0
499,suv,4.8,road_loopA_f0,road_loopA_f1,2605.5,2707.1,101.6,1303.2,46.2,0
573,car,4.5,xloopA_0Aa,xloopA_0Ab,2656.2,2708.0,51.8,84.2,5.8,1
503,car,4.5,road_loopA_r0,road_loopA_r1,2609.0,2708.1,99.1,1297.8,47.1,0
477,car,4.5,xloopA_0Ba,xloopA_0Bb,2585.4,2708.1,122.7,84.6,2.5,1
475,car,4.5,road_loopA_f0,road_loopA_f1,2584.4,2708.7,124.3,1303.8,37.8,0
504,suv,4.8,road_loopA_f0,road_loopA_f1,2610.2,2708.9,98.7,1303.3,47.6,0
516,car,4.5,xloopA_0Ba,xloopA_0Bb,2619.5,2710.2,90.7,84.6,3.4,1
597,car,4.5,xloopA_0Aa,xloopA_0Ab,2682.3,2710.3,28.0,84.0,10.8,1
484,suv,4.8,road_loopA_f0,road_loopA_f1,2588.7,2713.0,124.3,1303.5,37.7,0
381,car,4.5,xloopA_0Ba,road_loopA_f1,2490.0,2713.7,223.7,902.3,14.5,1
493,suv,4.8,road_loopA_r0,road_loopA_r1,2600.3,2715.2,114.9,1298.0,40.7,0
494,suv,4.8,road_loopA_f0,road_loopA_f1,2601.9,2716.0,114.1,1303.2,41.1,0
490,car,4.5,road_loopA_f0,road_loopA_f1,2596.7,2717.1,120.4,1303.0,39.0,0
509,suv,4.8,road_loopA_f0,road_loopA_f1,2613.0,2717.8,104.8,1303.9,44.8,0
506,car,4.5,road_loopA_f0,road_loopA_f1,2611.2,2719.9,108.7,1303.8,43.2,0
457,suv,4.8,road_loopA_f0,road_loopA_f1,2566.7,2722.3,155.6,1304.0,30.2,1
480,car,4.5,road_loopA_f0,road_loopA_f1,2586.9,2722.9,136.0,1303.3,34.5,0
511,car,4.5,road_loopA_f0,road_loopA_f1,2615.7,2724.6,108.9,1303.9,43.1,0
530,car,4.5,road_loopA_f0,road_loopA_f1,2629.1,2724.6,95.5,1304.1,49.1,0
533,car,4.5,road_loopA_f0,road_loopA_f1,2632.2,2726.6,94.4,1303.4,49.7,0
438,car,4.5,road_loopA_f0,road_loopA_f1,2547.8,2727.6,179.8,1303.5,26.1,1
540,car,4.5,road_loopA_f0,road_loopA_f1,2634.6,2728.3,93.7,1303.0,50.1,0
550,car,4.5,road_loopA_r0,xloopA_0Ab,2640.6,2729.5,88.9,869.1,35.2,1
542,car,4.5,road_loopA_f0,road_loopA_f1,2635.4,2730.1,94.7,1303.2,49.5,0
554,suv,4.8,road_loopA_f0,xloopA_0Bb,2643.4,2730.2,86.8,478.9,19.9,2
384,car,4.5,xloopA_0Ba,road_loopA_f1,2490.7,2731.9,241.2,902.9,13.5,1
543,car,4.5,road_loopA_f0,road_loopA_f1,2635.9,2731.9,96.0,1303.4,48.9,0
535,suv,4.8,road_loopA_f0,road_loopA_f1,2632.8,2733.7,100.9,1303.8,46.5,0
577,car,4.5,road_loopA_f0,xloopA_0Bb,2662.9,2733.9,71.0,478.8,24.3,2
501,truck,8.5,road_loopA_f0,road_loopA_f1,2606.4,2734.3,127.9,1302.9,36.7,0
402,car,4.5,xloopA_0Ba,road_loopA_f1,2515.3,2736.3,221.0,902.3,14.7,0
527,car,4.5,road_loopA_f0,road_loopA_f1,2627.8,2736.3,108.5,1303.3,43.2,0
515,car,4.5,road_loopA_f0,road_loopA_f1,2619.2,2737.6,118.4,1303.0,39.6,0
549,car,4.5,road_loopA_r0,xloopA_0Ab,2640.0,2737.6,97.6,869.1,32.1,1
581,suv,4.8,road_loopA_f0,xloopA_0Bb,2666.3,2737.6,71.3,478.8,24.2,2
435,car,4.5,road_loopA_f0,road_loopA_f1,2545.4,2738.0,192.6,1303.5,24.4,1
544,truck,8.5,road_loopA_f0,road_loopA_f1,2637.5,2738.3,100.8,1303.5,46.6,0
529,truck,8.5,road_loopA_f0,road_loopA_f1,2628.1,2739.0,110.9,1303.1,42.3,0
455,car,4.5,road_loopA_f0,road_loopA_f1,2565.9,2739.6,173.7,1303.1,27.0,1
525,car,4.5,road_loopA_f0,road_loopA_f1,2627.0,2743.2,116.2,1303.6,40.4,0
513,car,4.5,road_loopA_r0,road_loopA_r1,2616.3,2748.6,132.3,1297.7,35.3,1
512,suv,4.8,road_loopA_r0,road_loopA_r1,2615.8,2752.5,136.7,1297.7,34.2,1
521,car,4.5,road_loopA_r0,road_loopA_r1,2622.9,2752.5,129.6,1298.0,36.1,1
539,suv,4.8,road_loopA_f0,road_loopA_f1,2634.5,2752.6,118.1,1302.8,39.7,0
518,car,4.5,road_loopA_r0,road_loopA_r1,2620.3,2754.4,134.1,1297.3,34.8,1
522,car,4.5,road_loopA_r0,road_loopA_r1,2623.1,2759.1,136.0,1298.6,34.4,1
519,suv,4.8,road_loopA_r0,road_loopA_r1,2621.6,2759.2,137.6,1297.9,33.9,1
514,truck,8.5,road_loopA_r0,road_loopA_r1,2618.9,2759.9,141.0,1298.1,33.2,1
526,car,4.5,road_loopA_r0,road_loopA_r1,2627.4,2762.8,135.4,1298.3,34.5,1
534,truck,8.5,road_loopA_r0,road_loopA_r1,2632.2,2765.0,132.8,1297.3,35.2,1
536,car,4.5,road_loopA_r0,road_loopA_r1,2633.6,2767.2,133.6,1298.3,35.0,1
551,suv,4.8,road_loopA_r0,road_loopA_r1,2640.5,2768.0,127.5,1297.4,36.6,1
552,suv,4.8,road_loopA_r0,road_loopA_r1,2642.7,2770.0,127.3,1298.5,36.7,1
500,car,4.5,road_loopA_r0,road_loopA_r1,2606.2,2772.8,166.6,1297.8,28.0,1
546,truck,8.5,road_loopA_r0,road_loopA_r1,2639.0,2774.6,135.6,1298.1,34.5,1
568,car,4.5,road_loopA_r0,road_loopA_r1,2652.4,2775.6,123.2,1297.8,37.9,1
548,suv,4.8,road_loopA_f0,road_loopA_f1,2639.9,2775.9,136.0,1303.1,34.5,1
555,car,4.5,road_loopA_r0,road_loopA_r1,2643.4,2776.6,133.2,1297.6,35.1,1
562,car,4.5,xloopA_0Ba,road_loopA_r1,2648.7,2776.9,128.2,476.4,13.4,0
547,car,4.5,road_loopA_f0,road_loopA_f1,2639.1,2777.5,138.4,1304.0,33.9,1
556,car,4.5,road_loopA_r0,road_loopA_r1,2643.6,2778.5,134.9,1298.1,34.6,1
507,car,4.5,road_loopA_r0,road_loopA_r1,2611.4,2779.0,167.6,1298.0,27.9,1
561,car,4.5,road_loopA_f0,road_loopA_f1,2648.2,2779.1,130.9,1303.1,35.8,1
545,car,4.5,road_loopA_f0,road_loopA_f1,2637.7,2779.2,141.5,1303.8,33.2,1
569,car,4.5,road_loopA_r0,road_loopA_r1,2652.7,2780.3,127.6,1298.0,36.6,1
560,suv,4.8,road_loopA_r0,road_loopA_r1,2647.8,2780.5,132.7,1298.1,35.2,1
510,car,4.5,road_loopA_r0,road_loopA_r1,2614.9,2780.6,165.7,1297.5,28.2,1
566,truck,8.5,road_loopA_f0,road_loopA_f1,2651.5,2781.4,129.9,1303.8,36.1,1
586,car,4.5,road_loopA_r0,road_loopA_r1,2675.4,2782.1,106.7,1297.2,43.8,0
520,car,4.5,road_loopA_r0,road_loopA_r1,2621.8,2782.3,160.5,1297.8,29.1,1
553,car,4.5,road_loopA_r0,road_loopA_r1,2643.1,2782.9,139.8,1298.6,33.5,1
616,car,4.5,road_loopA_f0,xloopA_0Ab,2699.5,2783.5,84.0,505.1,21.6,1
559,suv,4.8,road_loopA_f0,road_loopA_f1,2647.7,2784.1,136.4,1303.3,34.4,1
572,car,4.5,road_loopA_r0,xloopA_0Bb,2655.9,2784.1,128.2,895.6,25.1,1
570,suv,4.8,road_loopA_f0,road_loopA_f1,2652.9,2784.2,131.3,1302.9,35.7,1
532,truck,8.5,road_loopA_r0,road_loopA_r1,2629.9,2784.5,154.6,1298.3,30.2,1
563,suv,4.8,road_loopA_r0,road_loopA_r1,2649.5,2784.9,135.4,1297.4,34.5,0
592,car,4.5,road_loopA_r0,road_loopA_r1,2679.6,2785.5,105.9,1298.1,44.1,0
558,car,4.5,road_loopA_f0,road_loopA_f1,2647.6,2785.9,138.3,1303.2,33.9,1
567,suv,4.8,road_loopA_r0,road_loopA_r1,2652.1,2786.7,134.6,1298.5,34.7,0
602,suv,4.8,road_loopA_r0,road_loopA_r1,2687.0,2787.2,100.2,1298.6,46.7,0
618,car,4.5,road_loopA_r0,xloopA_0Bb,2701.0,2787.2,86.2,895.8,37.4,0
575,car,4.5,road_loopA_f0,road_loopA_f1,2660.3,2788.1,127.8,1303.0,36.7,1
578,car,4.5,road_loopA_r0,road_loopA_r1,2663.1,2788.2,125.1,1298.1,37.3,0
574,car,4.5,road_loopA_r0,road_loopA_r1,2659.5,2788.5,129.0,1298.1,36.2,1
580,car,4.5,road_loopA_f0,road_loopA_f1,2664.4,2788.7,124.3,1304.0,37.8,1
596,suv,4.8,road_loopA_r0,road_loopA_r1,2682.1,2789.1,107.0,1297.5,43.6,0
601,car,4.5,road_loopA_r0,road_loopA_r1,2684.9,2789.8,104.9,1297.7,44.5,0
579,car,4.5,road_loopA_r0,road_loopA_r1,2663.3,2790.3,127.0,1297.7,36.8,0
583,suv,4.8,road_loopA_f0,road_loopA_f1,2668.3,2790.4,122.1,1304.1,38.4,1
634,truck,8.5,road_loopA_r0,xloopA_0Bb,2711.6,2790.5,78.9,895.8,40.9,0
591,truck,8.5,road_loopA_r0,road_loopA_r1,2679.4,2791.9,112.5,1297.6,41.5,0
523,suv,4.8,road_loopA_r0,road_loopA_r1,2623.5,2792.1,168.6,1297.7,27.7,1
564,truck,8.5,road_loopA_f0,road_loopA_f1,2650.6,2792.3,141.7,1303.8,33.1,1
590,car,4.5,road_loopA_r0,road_loopA_r1,2679.3,2792.3,113.0,1297.6,41.3,0
585,car,4.5,road_loopA_f0,road_loopA_f1,2674.1,2793.0,118.9,1303.3,39.5,1
538,car,4.5,road_loopA_r0,road_loopA_r1,2634.0,2793.6,159.6,1298.0,29.3,1
593,suv,4.8,road_loopA_r0,road_loopA_r1,2680.2,2794.1,113.9,1298.4,41.0,0
588,car,4.5,road_loopA_f0,road_loopA_f1,2677.9,2794.6,116.7,1302.9,40.2,1
589,car,4.5,road_loopA_r0,road_loopA_r1,2679.2,2796.4,117.2,1297.3,39.8,0
587,suv,4.8,road_loopA_f0,road_loopA_f1,2677.5,2796.5,119.0,1303.8,39.4,1
531,suv,4.8,road_loopA_r0,road_loopA_r1,2629.7,2796.8,167.1,1298.4,28.0,1
594,car,4.5,road_loopA_r0,road_loopA_r1,2681.5,2798.2,116.7,1297.7,40.0,0
599,car,4.5,road_loopA_r0,road_loopA_r1,2682.6,2799.5,116.9,1297.3,40.0,0
690,car,4.5,xloopA_0Ba,xloopA_0Bb,2753.7,2799.5,45.8,84.3,6.6,1
606,car,4.5,road_loopA_f0,road_loopA_f1,2693.9,2800.5,106.6,1303.9,44.0,0
557,truck,8.5,road_loopA_r0,road_loopA_r1,2644.7,2800.8,156.1,1297.4,29.9,1
608,car,4.5,road_loopA_r0,road_loopA_r1,2694.1,2801.5,107.4,1297.6,43.5,0
700,car,4.5,xloopA_0Ba,xloopA_0Bb,2760.4,2802.1,41.7,84.1,7.3,1
603,car,4.5,road_loopA_r0,road_loopA_r1,2687.2,2802.6,115.4,1297.7,40.5,0
598,truck,8.5,road_loopA_f0,road_loopA_f1,2682.6,2803.0,120.4,1302.9,39.0,0
615,truck,8.5,road_loopA_r0,road_loopA_r1,2698.9,2803.7,104.8,1297.4,44.6,0
610,suv,4.8,road_loopA_f0,road_loopA_f1,2695.7,2803.8,108.1,1303.6,43.4,0
649,car,4.5,xloopA_0Aa,xloopA_0Ab,2722.5,2804.2,81.7,84.6,3.7,1
730,car,4.5,xloopA_0Ba,xloopA_0Bb,2788.7,2804.3,15.6,84.2,19.4,0
623,suv,4.8,road_loopA_r0,road_loopA_r1,2705.2,2805.6,100.4,1298.3,46.5,0
679,car,4.5,xloopA_0Aa,xloopA_0Ab,2744.1,2806.3,62.2,84.6,4.9,0
607,car,4.5,road_loopA_f0,road_loopA_f1,2694.1,2806.6,112.5,1304.0,41.7,0
604,car,4.5,road_loopA_f0,road_loopA_f1,2690.0,2807.2,117.2,1303.1,40.0,0
622,suv,4.8,road_loopA_f0,road_loopA_f1,2702.5,2808.9,106.4,1302.9,44.1,0
621,car,4.5,road_loopA_f0,road_loopA_f1,2702.0,2810.7,108.7,1303.0,43.1,0
629,car,4.5,road_loopA_f0,road_loopA_f1,2709.1,2810.7,101.6,1302.9,46.2,0
613,truck,8.5,road_loopA_f0,road_loopA_f1,2696.2,2814.0,117.8,1303.4,39.8,0
627,suv,4.8,road_loopA_f0,road_loopA_f1,2707.8,2814.5,106.7,1303.4,44.0,0
620,truck,8.5,road_loopA_f0,road_loopA_f1,2701.5,2817.5,116.0,1303.6,40.4,0
609,car,4.5,road_loopA_f0,road_loopA_f1,2694.6,2818.4,123.8,1303.5,37.9,0
576,car,4.5,road_loopA_f0,road_loopA_f1,2660.6,2820.1,159.5,1303.7,29.4,1
582,suv,4.8,road_loopA_f0,road_loopA_f1,2667.7,2820.3,152.6,1303.2,30.8,1
537,car,4.5,xloopA_0Aa,road_loopA_f1,2633.9,2821.3,187.4,872.4,16.8,1
624,suv,4.8,road_loopA_f0,road_loopA_f1,2706.4,2822.7,116.3,1303.8,40.4,0
571,suv,4.8,road_loopA_f0,road_loopA_f1,2653.6,2823.0,169.4,1303.9,27.7,1
541,car,4.5,road_loopA_f0,road_loopA_f1,2634.8,2823.3,188.5,1303.0,24.9,1
639,suv,4.8,road_loopA_f0,road_loopA_f1,2714.6,2823.9,109.3,1303.8,43.0,0
630,suv,4.8,road_loopA_f0,road_loopA_f1,2710.0,2824.8,114.8,1303.5,40.9,0
646,car,4.5,road_loopA_f0,road_loopA_f1,2720.6,2826.1,105.5,1303.3,44.5,0
584,car,4.5,road_loopA_f0,road_loopA_f1,2670.8,2826.3,155.5,1303.0,30.2,1
645,suv,4.8,road_loopA_f0,road_loopA_f1,2720.5,2826.5,106.0,1303.7,44.3,0
726,car,4.5,road_loopA_f0,xloopA_0Bb,2786.8,2827.6,40.8,478.9,42.2,0
656,car,4.5,road_loopA_f0,road_loopA_f1,2726.3,2827.8,101.5,1303.6,46.2,0
595,car,4.5,road_loopA_f0,road_loopA_f1,2681.7,2828.2,146.5,1303.8,32.0,0
651,car,4.5,road_loopA_f0,road_loopA_f1,2722.9,2828.2,105.3,1303.7,44.6,0
664,suv,4.8,road_loopA_f0,road_loopA_f1,2732.8,2829.5,96.7,1303.0,48.5,0
641,car,4.5,road_loopA_f0,road_loopA_f1,2716.0,2829.9,113.9,1303.5,41.2,0
600,car,4.5,road_loopA_f0,road_loopA_f1,2683.6,2830.0,146.4,1303.6,32.1,0
659,suv,4.8,road_loopA_f0,road_loopA_f1,2728.5,2831.3,102.8,1303.7,45.7,0
637,car,4.5,road_loopA_f0,road_loopA_f1,2713.8,2831.6,117.8,1303.2,39.8,0
605,car,4.5,road_loopA_f0,road_loopA_f1,2693.4,2831.7,138.3,1303.3,33.9,0
611,suv,4.8,road_loopA_f0,road_loopA_f1,2695.9,2833.5,137.6,1304.1,34.1,0
619,car,4.5,road_loopA_f0,road_loopA_f1,2701.3,2834.2,132.9,1303.5,35.3,0
625,suv,4.8,road_loopA_f0,road_loopA_f1,2707.3,2835.7,128.4,1303.4,36.5,0
736,car,4.5,road_loopA_f0,xloopA_0Bb,2795.9,2836.1,40.2,478.6,42.9,0
661,car,4.5,road_loopA_f0,road_loopA_f1,2729.3,2837.1,107.8,1303.7,43.5,0
628,car,4.5,road_loopA_f0,road_loopA_f1,2708.8,2838.0,129.2,1302.9,36.3,0
654,car,4.5,road_loopA_f0,road_loopA_f1,2724.7,2838.2,113.5,1303.9,41.4,0
742,car,4.5,road_loopA_f0,xloopA_0Bb,2802.6,2839.8,37.2,479.1,46.3,0
658,car,4.5,road_loopA_f0,road_loopA_f1,2728.0,2841.5,113.5,1303.6,41.4,0
631,car,4.5,road_loopA_r0,road_loopA_r1,2710.5,2841.6,131.1,1297.4,35.6,1
633,car,4.5,road_loopA_r0,road_loopA_r1,2711.4,2843.2,131.8,1297.3,35.4,1
660,car,4.5,road_loopA_f0,road_loopA_f1,2728.9,2843.3,114.4,1303.6,41.0,0
643,car,4.5,road_loopA_f0,road_loopA_f1,2717.7,2843.4,125.7,1302.8,37.3,0
617,bus,11.0,road_loopA_f0,road_loopA_f1,2700.1,2845.5,145.4,1303.3,32.3,1
682,suv,4.8,road_loopA_r0,xloopA_0Ab,2746.5,2845.6,99.1,869.3,31.6,1
632,car,4.5,road_loopA_r0,road_loopA_r1,2711.2,2846.0,134.8,1297.6,34.6,1
638,suv,4.8,road_loopA_r0,road_loopA_r1,2714.5,2847.9,133.4,1297.9,35.0,1
642,suv,4.8,road_loopA_r0,road_loopA_r1,2717.5,2848.6,131.1,1297.5,35.6,1
648,suv,4.8,road_loopA_r0,road_loopA_r1,2721.3,2850.5,129.2,1298.4,36.2,1
612,truck,8.5,road_loopA_r0,road_loopA_r1,2696.1,2851.6,155.5,1298.3,30.1,1
652,car,4.5,road_loopA_r0,road_loopA_r1,2723.3,2852.0,128.7,1297.8,36.3,1
662,car,4.5,road_loopA_r0,road_loopA_r1,2730.3,2852.2,121.9,1297.6,38.3,1
636,car,4.5,road_loopA_r0,road_loopA_r1,2713.7,2853.6,139.9,1298.3,33.4,1
663,suv,4.8,road_loopA_r0,road_loopA_r1,2732.1,2853.9,121.8,1297.6,38.4,1
650,car,4.5,road_loopA_r0,road_loopA_r1,2722.6,2854.6,132.0,1298.1,35.4,1
644,car,4.5,road_loopA_r0,road_loopA_r1,2719.8,2855.3,135.5,1297.5,34.5,1
673,car,4.5,road_loopA_r0,road_loopA_r1,2739.1,2858.3,119.2,1297.9,39.2,1
657,car,4.5,road_loopA_r0,road_loopA_r1,2727.9,2859.1,131.2,1298.2,35.6,1
686,suv,4.8,road_loopA_r0,road_loopA_r1,2750.9,2862.2,111.3,1297.7,42.0,3
666,car,4.5,road_loopA_r0,road_loopA_r1,2733.5,2863.5,130.0,1298.2,36.0,0
647,truck,8.5,road_loopA_r0,road_loopA_r1,2721.0,2864.3,143.3,1297.9,32.6,1
768,car,4.5,road_loopA_f0,xloopA_0Bb,2823.6,2864.8,41.2,478.8,41.9,0
684,car,4.5,road_loopA_r0,road_loopA_r1,2748.6,2865.1,116.5,1297.9,40.1,0
692,car,4.5,road_loopA_r0,road_loopA_r1,2754.3,2865.7,111.4,1297.7,41.9,0
687,car,4.5,road_loopA_r0,road_loopA_r1,2751.1,2866.8,115.7,1298.3,40.4,0
696,suv,4.8,road_loopA_r0,road_loopA_r1,2758.5,2868.5,110.0,1298.4,42.5,0
689,car,4.5,road_loopA_r0,road_loopA_r1,2752.8,2868.6,115.8,1298.4,40.4,0
699,car,4.5,road_loopA_r0,road_loopA_r1,2759.4,2869.7,110.3,1298.1,42.4,0
665,suv,4.8,road_loopA_r0,road_loopA_r1,2733.4,2869.9,136.5,1298.1,34.2,1
693,car,4.5,road_loopA_r0,road_loopA_r1,2755.0,2870.3,115.3,1297.4,40.5,0
688,car,4.5,road_loopA_r0,road_loopA_r1,2752.4,2871.5,119.1,1297.9,39.2,0
702,car,4.5,road_loopA_r0,road_loopA_r1,2761.0,2871.7,110.7,1297.5,42.2,1
698,car,4.5,road_loopA_r0,road_loopA_r1,2759.0,2872.1,113.1,1297.3,41.3,0
667,car,4.5,road_loopA_f0,road_loopA_f1,2734.9,2872.3,137.4,1303.5,34.1,1
713,suv,4.8,road_loopA_r0,road_loopA_r1,2774.4,2873.2,98.8,1298.4,47.3,0
614,bus,11.0,road_loopA_f0,road_loopA_f1,2697.1,2873.5,176.4,1303.1,26.6,2
707,suv,4.8,road_loopA_r0,road_loopA_r1,2768.1,2873.9,105.8,1298.4,44.2,0
676,car,4.5,road_loopA_f0,road_loopA_f1,2741.9,2874.1,132.2,1304.0,35.5,1
681,car,4.5,road_loopA_f0,road_loopA_f1,2745.3,2874.4,129.1,1303.5,36.3,1
716,car,4.5,road_loopA_r0,road_loopA_r1,2775.9,2874.4,98.5,1297.6,47.4,0
710,car,4.5,road_loopA_r0,road_loopA_r1,2771.5,2875.6,104.1,1297.3,44.9,0
685,car,4.5,road_loopA_f0,road_loopA_f1,2750.4,2876.2,125.8,1304.1,37.3,1
671,car,4.5,road_loopA_r0,xloopA_0Bb,2737.4,2876.5,139.1,895.7,23.2,2
683,bus,11.0,road_loopA_r0,road_loopA_r1,2747.4,2877.1,129.7,1298.2,36.0,1
714,suv,4.8,road_loopA_f0,xloopA_0Ab,2775.3,2877.1,101.8,505.6,17.9,1
719,car,4.5,road_loopA_r0,road_loopA_r1,2778.5,2877.5,99.0,1297.3,47.2,0
703,car,4.5,road_loopA_f0,road_loopA_f1,2763.5,2878.8,115.3,1303.1,40.7,1
678,suv,4.8,road_loopA_r0,xloopA_0Bb,2743.7,2879.1,135.4,895.6,23.8,2
718,suv,4.8,road_loopA_r0,road_loopA_r1,2778.2,2879.3,101.1,1298.0,46.2,0
723,suv,4.8,road_loopA_r0,road_loopA_r1,2782.2,2879.3,97.1,1297.3,48.1,0
653,car,4.5,road_loopA_r0,road_loopA_r1,2723.6,2879.4,155.8,1297.7,30.0,1
760,car,4.5,road_loopA_f0,xloopA_0Ab,2816.8,2879.7,62.9,505.3,28.9,1
680,suv,4.8,road_loopA_f0,road_loopA_f1,2744.1,2881.7,137.6,1303.9,34.1,1
674,car,4.5,road_loopA_r0,xloopA_0Bb,2739.8,2881.8,142.0,895.6,22.7,2
734,suv,4.8,road_loopA_r0,road_loopA_r1,2795.3,2885.2,89.9,1298.4,52.0,0
691,truck,8.5,road_loopA_r0,xloopA_0Bb,2754.0,2885.3,131.3,895.9,24.6,4
672,car,4.5,road_loopA_f0,road_loopA_f1,2738.9,2887.5,148.6,1303.8,31.6,1
793,car,4.5,road_loopA_f0,xloopA_0Ab,2843.1,2887.9,44.8,505.2,40.6,0
738,car,4.5,road_loopA_r0,road_loopA_r1,2797.4,2888.2,90.8,1298.6,51.5,0
675,car,4.5,road_loopA_f0,road_loopA_f1,2740.0,2889.6,149.6,1303.0,31.4,1
740,suv,4.8,road_loopA_r0,road_loopA_r1,2797.9,2889.9,92.0,1297.3,50.8,0
712,car,4.5,road_loopA_f0,road_loopA_f1,2774.4,2890.0,115.6,1303.8,40.6,2
697,car,4.5,road_loopA_f0,road_loopA_f1,2758.9,2891.5,132.6,1303.8,35.4,1
743,car,4.5,road_loopA_r0,road_loopA_r1,2802.8,2891.8,89.0,1297.7,52.5,0
677,suv,4.8,road_loopA_f0,road_loopA_f1,2742.1,2893.4,151.3,1303.7,31.0,1
721,truck,8.5,road_loopA_f0,road_loopA_f1,2780.1,2893.4,113.3,1303.3,41.4,0
694,car,4.5,xloopA_0Aa,xloopA_0Ab,2756.9,2894.7,137.8,84.5,2.2,1
737,car,4.5,road_loopA_f0,road_loopA_f1,2797.4,2895.4,98.0,1303.6,47.9,0
709,suv,4.8,road_loopA_f0,road_loopA_f1,2771.4,2895.6,124.2,1303.3,37.8,1
706,suv,4.8,road_loopA_f0,road_loopA_f1,2765.0,2896.7,131.7,1303.3,35.6,1
720,car,4.5,xloopA_0Aa,xloopA_0Ab,2779.8,2896.8,117.0,84.3,2.6,1
715,car,4.5,road_loopA_f0,road_loopA_f1,2775.8,2899.0,123.2,1303.3,38.1,0
724,car,4.5,xloopA_0Aa,xloopA_0Ab,2783.9,2899.0,115.1,84.1,2.6,1
741,car,4.5,road_loopA_f0,road_loopA_f1,2798.1,2899.7,101.6,1303.3,46.2,0
744,truck,8.5,road_loopA_f0,road_loopA_f1,2803.2,2901.8,98.6,1302.8,47.6,0
729,car,4.5,road_loopA_f0,road_loopA_f1,2788.6,2902.2,113.6,1303.2,41.3,0
635,car,4.5,xloopA_0Aa,road_loopA_f1,2713.0,2903.0,190.0,872.6,16.5,1
750,suv,4.8,road_loopA_f0,road_loopA_f1,2808.9,2904.0,95.1,1303.1,49.4,0
753,car,4.5,road_loopA_f0,road_loopA_f1,2812.4,2906.0,93.6,1303.8,50.1,0
704,truck,8.5,road_loopA_f0,road_loopA_f1,2764.5,2906.2,141.7,1303.4,33.1,1
754,car,4.5,road_loopA_f0,road_loopA_f1,2813.1,2907.6,94.5,1302.8,49.6,0
708,suv,4.8,road_loopA_f0,road_loopA_f1,2769.4,2908.4,139.0,1303.8,33.8,1
732,car,4.5,road_loopA_f0,road_loopA_f1,2794.1,2910.0,115.9,1304.0,40.5,0
749,car,4.5,road_loopA_f0,road_loopA_f1,2808.7,2910.1,101.4,1304.0,46.3,0
626,car,4.5,xloopA_0Aa,road_loopA_f1,2707.5,2911.8,204.3,872.3,15.4,1
711,suv,4.8,road_loopA_f0,road_loopA_f1,2772.4,2911.9,139.5,1304.1,33.6,0
752,suv,4.8,road_loopA_f0,road_loopA_f1,2811.3,2912.5,101.2,1304.0,46.4,0
722,car,4.5,road_loopA_f0,road_loopA_f1,2781.4,2913.7,132.3,1303.1,35.5,0
655,car,4.5,xloopA_0Ba,road_loopA_f1,2725.2,2914.0,188.8,902.6,17.2,1
739,car,4.5,road_loopA_f0,road_loopA_f1,2797.5,2915.6,118.1,1303.7,39.7,0
670,car,4.5,road_loopA_f0,road_loopA_f1,2736.4,2915.7,179.3,1302.8,26.2,1
770,suv,4.8,road_loopA_f0,road_loopA_f1,2824.9,2917.0,92.1,1303.6,51.0,0
669,car,4.5,road_loopA_f0,road_loopA_f1,2736.1,2917.5,181.4,1303.7,25.9,1
701,car,4.5,road_loopA_f0,road_loopA_f1,2761.1,2918.6,157.5,1302.9,29.8,1
792,car,4.5,road_loopA_f0,xloopA_0Bb,2842.3,2918.8,76.5,478.6,22.5,2
695,suv,4.8,road_loopA_f0,road_loopA_f1,2757.2,2919.2,162.0,1304.0,29.0,1
717,truck,8.5,road_loopA_r0,xloopA_0Ab,2777.7,2919.4,141.7,869.0,22.1,3
705,car,4.5,road_loopA_f0,road_loopA_f1,2765.0,2919.7,154.7,1302.8,30.3,1
771,suv,4.8,road_loopA_f0,road_loopA_f1,2826.0,2922.3,96.3,1304.0,48.8,0
766,car,4.5,road_loopA_r0,xloopA_0Ab,2821.1,2923.3,102.2,868.9,30.6,1
757,car,4.5,road_loopA_f0,road_loopA_f1,2814.9,2923.9,109.0,1303.4,43.0,0
763,car,4.5,road_loopA_f0,road_loopA_f1,2819.0,2924.0,105.0,1303.2,44.7,0
829,suv,4.8,road_loopA_f0,xloopA_0Bb,2870.4,2925.7,55.3,478.8,31.2,0
762,car,4.5,road_loopA_f0,road_loopA_f1,2818.5,2929.5,111.0,1303.1,42.3,0
735,suv,4.8,road_loopA_r0,road_loopA_r1,2795.4,2935.8,140.4,1298.1,33.3,1
848,truck,8.5,road_loopA_f0,xloopA_0Bb,2890.9,2936.8,45.9,478.9,37.6,0
747,car,4.5,road_loopA_r0,road_loopA_r1,2807.5,2938.8,131.3,1298.2,35.6,1
746,car,4.5,road_loopA_r0,road_loopA_r1,2804.9,2939.6,134.7,1298.6,34.7,1
759,car,4.5,road_loopA_r0,road_loopA_r1,2816.3,2941.1,124.8,1298.0,37.4,1
668,bus,11.0,road_loopA_f0,road_loopA_f1,2735.5,2944.9,209.4,1303.1,22.4,3
731,car,4.5,road_loopA_r0,road_loopA_r1,2794.0,2945.5,151.5,1298.1,30.9,1
756,car,4.5,road_loopA_r0,road_loopA_r1,2814.7,2945.6,130.9,1297.7,35.7,1
761,car,4.5,road_loopA_r0,road_loopA_r1,2818.2,2946.7,128.5,1297.5,36.3,1
772,suv,4.8,road_loopA_r0,road_loopA_r1,2827.0,2947.4,120.4,1297.8,38.8,1
832,car,4.5,xloopA_0Ba,road_loopA_r1,2871.5,2947.8,76.3,476.4,22.5,1
777,suv,4.8,road_loopA_r0,road_loopA_r1,2833.8,2949.1,115.3,1297.3,40.5,1
782,car,4.5,road_loopA_r0,road_loopA_r1,2836.0,2949.6,113.6,1297.6,41.1,1
745,truck,8.5,road_loopA_r0,road_loopA_r1,2804.2,2950.6,146.4,1298.1,31.9,1
784,car,4.5,road_loopA_r0,road_loopA_r1,2837.4,2951.5,114.1,1298.5,41.0,1
748,suv,4.8,road_loopA_r0,road_loopA_r1,2807.9,2952.7,144.8,1298.3,32.3,1
788,car,4.5,road_loopA_r0,road_loopA_r1,2840.5,2953.0,112.5,1298.3,41.5,1
764,car,4.5,road_loopA_r0,road_loopA_r1,2819.8,2954.1,134.3,1298.1,34.8,1
758,car,4.5,road_loopA_r0,road_loopA_r1,2816.2,2954.5,138.3,1298.1,33.8,1
781,car,4.5,road_loopA_r0,road_loopA_r1,2835.2,2956.0,120.8,1298.2,38.7,1
799,car,4.5,road_loopA_r0,road_loopA_r1,2846.3,2956.0,109.7,1297.5,42.6,0
776,truck,8.5,road_loopA_r0,road_loopA_r1,2833.3,2957.0,123.7,1298.6,37.8,1
786,car,4.5,road_loopA_r0,road_loopA_r1,2839.6,2958.8,119.2,1298.3,39.2,1
801,car,4.5,road_loopA_r0,road_loopA_r1,2847.0,2959.1,112.1,1297.4,41.7,0
798,car,4.5,road_loopA_r0,road_loopA_r1,2846.0,2959.6,113.6,1298.4,41.2,0
807,suv,4.8,road_loopA_r0,road_loopA_r1,2852.2,2960.5,108.3,1297.8,43.1,0
814,car,4.5,road_loopA_r0,road_loopA_r1,2859.2,2961.3,102.1,1297.7,45.7,0
825,car,4.5,road_loopA_r0,road_loopA_r1,2868.9,2962.5,93.6,1298.2,49.9,0
819,suv,4.8,road_loopA_r0,road_loopA_r1,2863.4,2963.0,99.6,1297.7,46.9,0
733,bus,11.0,road_loopA_r0,road_loopA_r1,2794.7,2963.2,168.5,1298.3,27.7,2
821,suv,4.8,road_loopA_r0,road_loopA_r1,2863.5,2964.6,101.1,1298.6,46.2,0
822,car,4.5,road_loopA_r0,road_loopA_r1,2863.6,2964.8,101.2,1298.0,46.2,0
830,car,4.5,road_loopA_r0,road_loopA_r1,2870.3,2965.4,95.1,1298.2,49.2,0
779,car,4.5,road_loopA_f0,road_loopA_f1,2834.6,2965.6,131.0,1303.8,35.8,1
823,car,4.5,road_loopA_r0,road_loopA_r1,2864.4,2967.6,103.2,1297.7,45.3,0
767,car,4.5,road_loopA_r0,road_loopA_r1,2821.6,2968.5,146.9,1297.4,31.8,1
725,suv,4.8,road_loopA_r0,xloopA_0Bb,2785.2,2969.9,184.7,895.6,17.5,3
800,car,4.5,road_loopA_f0,xloopA_0Ab,2846.4,2970.5,124.1,505.4,14.7,1
728,car,4.5,road_loopA_r0,xloopA_0Bb,2788.5,2972.5,184.0,895.3,17.5,1
843,car,4.5,road_loopA_r0,road_loopA_r1,2881.5,2972.6,91.1,1298.5,51.3,0
834,car,4.5,road_loopA_f0,xloopA_0Ab,2872.7,2973.1,100.4,505.5,18.1,1
831,car,4.5,road_loopA_r0,road_loopA_r1,2870.7,2973.9,103.2,1298.0,45.3,0
796,car,4.5,road_loopA_r0,road_loopA_r1,2844.8,2975.1,130.3,1297.8,35.9,0
751,car,4.5,road_loopA_r0,xloopA_0Bb,2810.6,2975.2,164.6,895.6,19.6,1
837,suv,4.8,road_loopA_r0,road_loopA_r1,2874.1,2975.5,101.4,1297.4,46.1,0
833,car,4.5,road_loopA_r0,road_loopA_r1,2871.9,2976.2,104.3,1297.4,44.8,0
794,car,4.5,road_loopA_f0,road_loopA_f1,2843.6,2976.8,133.2,1303.8,35.2,1
840,car,4.5,road_loopA_r0,road_loopA_r1,2875.9,2977.3,101.4,1297.5,46.1,0
778,car,4.5,road_loopA_r0,xloopA_0Bb,2834.3,2977.9,143.6,895.7,22.4,2
845,car,4.5,road_loopA_r0,road_loopA_r1,2887.4,2978.1,90.7,1298.2,51.5,0
804,suv,4.8,road_loopA_f0,road_loopA_f1,2848.6,2979.2,130.6,1303.0,35.9,1
842,car,4.5,road_loopA_r0,road_loopA_r1,2880.0,2979.2,99.2,1298.3,47.1,0
810,suv,4.8,road_loopA_f0,road_loopA_f1,2855.6,2980.4,124.8,1303.8,37.6,1
785,truck,8.5,road_loopA_r0,xloopA_0Bb,2838.0,2981.3,143.3,895.2,22.5,2
783,car,4.5,road_loopA_f0,road_loopA_f1,2836.1,2981.6,145.5,1303.8,32.3,1
847,suv,4.8,road_loopA_r0,road_loopA_r1,2890.5,2981.9,91.4,1298.6,51.1,0
816,car,4.5,road_loopA_f0,road_loopA_f1,2859.4,2982.5,123.1,1303.9,38.1,1
852,suv,4.8,road_loopA_r0,road_loopA_r1,2891.5,2984.3,92.8,1297.9,50.4,0
849,car,4.5,road_loopA_r0,road_loopA_r1,2890.9,2984.9,94.0,1297.6,49.7,0
817,truck,8.5,road_loopA_f0,road_loopA_f1,2861.1,2985.5,124.4,1304.1,37.7,1
765,car,4.5,xloopA_0Aa,xloopA_0Ab,2821.0,2986.4,165.4,84.5,1.8,1
769,bus,11.0,road_loopA_r0,road_loopA_r1,2824.5,2986.5,162.0,1298.5,28.9,2
828,car,4.5,road_loopA_f0,road_loopA_f1,2869.6,2987.1,117.5,1302.8,39.9,1
871,car,4.5,xloopA_0Ba,xloopA_0Bb,2912.3,2987.2,74.9,84.4,4.1,1
850,suv,4.8,road_loopA_r0,road_loopA_r1,2891.0,2987.6,96.6,1298.6,48.4,0
857,suv,4.8,road_loopA_r0,road_loopA_r1,2895.9,2988.7,92.8,1297.3,50.3,0
809,car,4.5,road_loopA_f0,road_loopA_f1,2854.8,2988.8,134.0,1303.9,35.0,1
790,car,4.5,road_loopA_f0,road_loopA_f1,2841.2,2991.8,150.6,1302.9,31.1,1
836,truck,8.5,road_loopA_f0,road_loopA_f1,2873.3,2992.1,118.8,1303.7,39.5,0
839,suv,4.8,road_loopA_r0,road_loopA_r1,2875.7,2992.2,116.5,1298.3,40.1,0
855,suv,4.8,road_loopA_f0,road_loopA_f1,2894.8,2994.1,99.3,1304.1,47.3,0
808,car,4.5,road_loopA_f0,road_loopA_f1,2853.8,2994.2,140.4,1303.7,33.4,1
727,car,4.5,xloopA_0Aa,road_loopA_f1,2787.3,2995.4,208.1,872.4,15.1,0
818,car,4.5,road_loopA_f0,road_loopA_f1,2861.5,2996.2,134.7,1303.2,34.8,1
813,car,4.5,road_loopA_f0,road_loopA_f1,2858.7,2997.8,139.1,1303.9,33.8,1
824,car,4.5,road_loopA_f0,road_loopA_f1,2867.1,2999.0,131.9,1304.2,35.6,1
802,car,4.5,road_loopA_f0,road_loopA_f1,2847.2,2999.4,152.2,1303.1,30.8,1
820,truck,8.5,road_loopA_f0,road_loopA_f1,2863.4,3000.5,137.1,1303.4,34.2,1
755,car,4.5,xloopA_0Ba,road_loopA_f1,2813.6,3000.8,187.2,902.5,17.4,1
827,truck,8.5,road_loopA_f0,road_loopA_f1,2868.9,3002.5,133.6,1303.1,35.1,1
863,suv,4.8,road_loopA_f0,road_loopA_f1,2902.7,3002.6,99.9,1303.9,47.0,0
846,car,4.5,road_loopA_f0,road_loopA_f1,2887.7,3004.2,116.5,1302.8,40.3,0
870,car,4.5,road_loopA_f0,road_loopA_f1,2907.6,3004.3,96.7,1303.1,48.5,0
851,suv,4.8,road_loopA_f0,road_loopA_f1,2891.5,3006.9,115.4,1303.3,40.6,0
775,truck,8.5,road_loopA_f0,road_loopA_f1,2832.6,3007.0,174.4,1303.4,26.9,1
797,car,4.5,road_loopA_f0,road_loopA_f1,2845.4,3007.9,162.5,1302.9,28.9,1
866,suv,4.8,road_loopA_f0,road_loopA_f1,2904.3,3010.0,105.7,1303.6,44.4,0
811,car,4.5,road_loopA_f0,road_loopA_f1,2856.0,3010.6,154.6,1303.4,30.3,1
854,car,4.5,road_loopA_f0,road_loopA_f1,2894.4,3011.7,117.3,1304.0,40.0,0
865,car,4.5,road_loopA_f0,road_loopA_f1,2904.2,3012.3,108.1,1302.8,43.4,0
853,suv,4.8,road_loopA_f0,road_loopA_f1,2893.5,3012.9,119.4,1303.9,39.3,0
835,suv,4.8,road_loopA_r0,xloopA_0Ab,2873.0,3013.8,140.8,869.3,22.2,3
872,truck,8.5,road_loopA_f0,road_loopA_f1,2914.6,3013.9,99.3,1303.6,47.2,0
838,car,4.5,road_loopA_f0,road_loopA_f1,2874.5,3014.1,139.6,1303.2,33.6,1
856,car,4.5,road_loopA_f0,road_loopA_f1,2895.1,3015.4,120.3,1303.4,39.0,0
926,car,4.5,road_loopA_f0,xloopA_0Bb,2965.0,3015.5,50.5,478.9,34.1,1
882,suv,4.8,road_loopA_f0,road_loopA_f1,2921.7,3015.9,94.2,1303.9,49.9,0
841,car,4.5,road_loopA_f0,road_loopA_f1,2876.2,3016.5,140.3,1303.1,33.4,0
859,car,4.5,road_loopA_r0,xloopA_0Ab,2898.6,3017.5,118.9,868.9,26.3,2
878,suv,4.8,road_loopA_f0,road_loopA_f1,2918.3,3017.6,99.3,1303.0,47.2,0
939,car,4.5,road_loopA_f0,xloopA_0Bb,2973.2,3019.0,45.8,478.8,37.6,0
864,car,4.5,road_loopA_f0,road_loopA_f1,2903.4,3019.5,116.1,1303.0,40.4,0
844,car,4.5,road_loopA_f0,road_loopA_f1,2883.6,3020.5,136.9,1302.8,34.3,0
869,car,4.5,road_loopA_r0,xloopA_0Ab,2907.2,3021.1,113.9,869.1,27.5,2
951,suv,4.8,road_loopA_f0,xloopA_0Bb,2982.6,3024.0,41.4,478.9,41.6,0
861,truck,8.5,road_loopA_f0,road_loopA_f1,2900.9,3024.4,123.5,1303.4,38.0,0
791,car,4.5,road_loopA_f0,road_loopA_f1,2841.8,3024.5,182.7,1304.1,25.7,1
867,car,4.5,road_loopA_f0,road_loopA_f1,2904.8,3025.1,120.3,1303.6,39.0,0
826,car,4.5,road_loopA_f0,road_loopA_f1,2869.0,3027.3,158.3,1303.3,29.6,1
805,car,4.5,road_loopA_f0,road_loopA_f1,2851.6,3029.3,177.7,1303.7,26.4,1
789,suv,4.8,road_loopA_f0,road_loopA_f1,2841.0,3032.1,191.1,1303.9,24.6,1
860,suv,4.8,road_loopA_r0,road_loopA_r1,2900.7,3032.7,132.0,1297.4,35.4,1
803,truck,8.5,road_loopA_f0,road_loopA_f1,2847.9,3034.8,186.9,1304.0,25.1,1
780,suv,4.8,road_loopA_f0,road_loopA_f1,2834.8,3036.1,201.3,1303.0,23.3,1
874,car,4.5,road_loopA_r0,road_loopA_r1,2916.9,3036.4,119.5,1297.9,39.1,1
876,car,4.5,road_loopA_r0,road_loopA_r1,2917.3,3038.2,120.9,1297.6,38.6,1
862,car,4.5,road_loopA_r0,road_loopA_r1,2902.4,3039.2,136.8,1298.3,34.2,1
938,car,4.5,road_loopA_r0,xloopA_0Ab,2971.6,3039.5,67.9,869.1,46.1,0
889,car,4.5,road_loopA_r0,road_loopA_r1,2928.5,3039.7,111.2,1298.3,42.0,1
974,car,4.5,road_loopA_f0,xloopA_0Bb,2997.4,3039.9,42.5,478.6,40.5,0
774,car,4.5,xloopA_0Ba,road_loopA_f1,2829.2,3042.1,212.9,902.5,15.3,1
898,car,4.5,road_loopA_r0,road_loopA_r1,2937.4,3042.1,104.7,1298.0,44.6,0
886,car,4.5,road_loopA_r0,road_loopA_r1,2927.0,3043.1,116.1,1297.9,40.2,1
812,car,4.5,xloopA_0Aa,road_loopA_r1,2856.8,3044.1,187.3,506.8,9.7,0
881,car,4.5,road_loopA_r0,road_loopA_r1,2921.6,3045.3,123.7,1297.8,37.8,1
895,car,4.5,road_loopA_r0,road_loopA_r1,2935.2,3046.3,111.1,1297.6,42.0,1
908,suv,4.8,road_loopA_r0,road_loopA_r1,2946.4,3046.4,100.0,1298.3,46.7,0
879,car,4.5,road_loopA_r0,road_loopA_r1,2919.3,3048.1,128.8,1297.8,36.3,1
893,car,4.5,road_loopA_r0,road_loopA_r1,2934.6,3049.9,115.3,1298.1,40.5,0
806,bus,11.0,road_loopA_f0,road_loopA_f1,2851.9,3050.7,198.8,1303.2,23.6,4
892,car,4.5,road_loopA_r0,road_loopA_r1,2933.6,3051.7,118.1,1298.2,39.6,0
918,suv,4.8,road_loopA_r0,xloopA_0Ab,2954.2,3052.4,98.2,869.3,31.9,1
795,car,4.5,xloopA_0Aa,road_loopA_r1,2843.7,3052.5,208.8,506.7,8.7,1
888,truck,8.5,road_loopA_r0,road_loopA_r1,2928.3,3053.9,125.6,1298.1,37.2,0
875,car,4.5,road_loopA_r0,road_loopA_r1,2917.2,3054.2,137.0,1297.8,34.1,1
901,car,4.5,road_loopA_r0,road_loopA_r1,2938.7,3055.5,116.8,1297.6,40.0,0
910,car,4.5,road_loopA_r0,road_loopA_r1,2948.4,3055.7,107.3,1298.0,43.5,0
896,suv,4.8,road_loopA_r0,road_loopA_r1,2935.6,3056.4,120.8,1297.5,38.7,0
925,car,4.5,road_loopA_r0,road_loopA_r1,2964.2,3057.5,93.3,1297.8,50.1,0
904,car,4.5,road_loopA_r0,road_loopA_r1,2941.0,3057.7,116.7,1298.2,40.0,0
900,car,4.5,road_loopA_r0,road_loopA_r1,2938.2,3058.2,120.0,1298.4,38.9,0
922,suv,4.8,road_loopA_r0,road_loopA_r1,2962.0,3059.4,97.4,1298.6,48.0,0
930,car,4.5,road_loopA_r0,road_loopA_r1,2966.4,3060.0,93.6,1297.6,49.9,0
903,suv,4.8,road_loopA_r0,road_loopA_r1,2940.7,3060.1,119.4,1298.0,39.1,0
880,car,4.5,road_loopA_r0,road_loopA_r1,2919.6,3061.3,141.7,1297.6,33.0,1
897,car,4.5,road_loopA_f0,road_loopA_f1,2937.2,3061.4,124.2,1303.0,37.8,1
905,suv,4.8,road_loopA_r0,road_loopA_r1,2941.1,3061.9,120.8,1298.5,38.7,0
915,car,4.5,road_loopA_r0,road_loopA_r1,2952.3,3062.1,109.8,1297.9,42.6,0
787,car,4.5,road_loopA_r0,xloopA_0Bb,2840.4,3063.4,223.0,895.3,14.5,3
902,car,4.5,road_loopA_f0,road_loopA_f1,2939.5,3064.1,124.6,1302.8,37.7,1
909,car,4.5,road_loopA_r0,road_loopA_r1,2947.5,3064.1,116.6,1297.6,40.1,0
913,car,4.5,road_loopA_r0,road_loopA_r1,2950.5,3064.5,114.0,1298.0,41.0,0
868,suv,4.8,road_loopA_r0,xloopA_0Bb,2906.6,3066.1,159.5,895.9,20.2,1
911,car,4.5,road_loopA_f0,road_loopA_f1,2948.6,3066.6,118.0,1303.9,39.8,1
916,truck,8.5,road_loopA_r0,road_loopA_r1,2953.1,3067.0,113.9,1297.8,41.0,0
946,suv,4.8,road_loopA_r0,road_loopA_r1,2978.1,3068.1,90.0,1298.4,51.9,0
873,car,4.5,road_loopA_r0,xloopA_0Bb,2915.1,3068.7,153.6,895.3,21.0,1
927,suv,4.8,road_loopA_r0,road_loopA_r1,2964.9,3070.1,105.2,1297.8,44.4,0
883,truck,8.5,road_loopA_r0,xloopA_0Bb,2923.1,3072.2,149.1,895.3,21.6,2
887,car,4.5,road_loopA_f0,road_loopA_f1,2928.1,3072.5,144.4,1303.4,32.5,1
932,suv,4.8,road_loopA_f0,road_loopA_f1,2968.3,3074.1,105.8,1304.1,44.4,1
923,suv,4.8,road_loopA_f0,road_loopA_f1,2962.8,3074.2,111.4,1303.0,42.1,1
944,truck,8.5,road_loopA_r0,road_loopA_r1,2977.7,3074.7,97.0,1298.4,48.2,0
933,car,4.5,road_loopA_f0,road_loopA_f1,2968.9,3076.7,107.8,1303.1,43.5,0
937,truck,8.5,road_loopA_f0,road_loopA_f1,2971.4,3078.8,107.4,1302.9,43.7,0
815,car,4.5,xloopA_0Aa,xloopA_0Ab,2859.4,3079.9,220.5,84.5,1.4,1
947,truck,8.5,road_loopA_r0,road_loopA_r1,2979.9,3080.3,100.4,1297.7,46.5,0
942,car,4.5,road_loopA_f0,road_loopA_f1,2977.4,3080.8,103.4,1303.8,45.4,0
1065,car,4.5,xloopA_0Ba,xloopA_0Bb,3053.2,3081.4,28.2,84.7,10.8,1
921,car,4.5,xloopA_0Aa,xloopA_0Ab,2960.9,3083.6,122.7,84.5,2.5,1
891,suv,4.8,road_loopA_f0,road_loopA_f1,2932.4,3084.0,151.6,1304.0,31.0,1
1074,car,4.5,xloopA_0Ba,xloopA_0Bb,3064.0,3084.5,20.5,84.4,14.8,0
906,car,4.5,road_loopA_f0,road_loopA_f1,2943.4,3085.5,142.1,1303.2,33.0,1
929,car,4.5,xloopA_0Aa,xloopA_0Ab,2966.3,3085.7,119.4,84.1,2.5,0
940,suv,4.8,road_loopA_f0,road_loopA_f1,2974.4,3087.2,112.8,1303.9,41.6,0
858,bus,11.0,road_loopA_r0,road_loopA_r1,2896.1,3087.3,191.2,1297.3,24.4,4
990,car,4.5,xloopA_0Aa,xloopA_0Ab,3005.8,3087.6,81.8,84.1,3.7,0
936,suv,4.8,road_loopA_f0,road_loopA_f1,2970.6,3088.5,117.9,1303.4,39.8,0
885,car,4.5,road_loopA_f0,road_loopA_f1,2924.6,3088.6,164.0,1303.1,28.6,1
950,car,4.5,road_loopA_f0,road_loopA_f1,2982.4,3090.4,108.0,1304.1,43.5,0
899,car,4.5,road_loopA_f0,road_loopA_f1,2937.9,3091.7,153.8,1303.2,30.5,1
884,car,4.5,xloopA_0Ba,road_loopA_f1,2923.4,3092.0,168.6,903.0,19.3,1
959,car,4.5,road_loopA_f0,road_loopA_f1,2986.9,3092.1,105.2,1303.6,44.6,0
961,suv,4.8,road_loopA_f0,road_loopA_f1,2988.4,3093.8,105.4,1302.8,44.5,0
912,car,4.5,road_loopA_f0,road_loopA_f1,2949.5,3094.6,145.1,1303.6,32.4,1
973,car,4.5,road_loopA_f0,road_loopA_f1,2996.2,3095.7,99.5,1304.1,47.2,0
920,car,4.5,road_loopA_f0,road_loopA_f1,2960.7,3096.4,135.7,1304.0,34.6,1
987,car,4.5,road_loopA_f0,road_loopA_f1,3003.2,3097.5,94.3,1303.8,49.8,0
931,car,4.5,road_loopA_f0,road_loopA_f1,2968.1,3098.5,130.4,1303.2,36.0,1
773,car,4.5,xloopA_0Aa,road_loopA_f1,2827.3,3098.6,271.3,872.3,11.6,1
941,car,4.5,road_loopA_f0,road_loopA_f1,2976.7,3099.7,123.0,1303.0,38.2,0
917,car,4.5,road_loopA_f0,road_loopA_f1,2953.3,3100.3,147.0,1303.0,31.9,1
919,suv,4.8,road_loopA_f0,road_loopA_f1,2957.6,3102.0,144.4,1303.4,32.5,1
949,car,4.5,road_loopA_f0,road_loopA_f1,2982.1,3102.2,120.1,1303.1,39.1,0
928,car,4.5,road_loopA_f0,road_loopA_f1,2966.2,3102.5,136.3,1303.4,34.4,0
924,truck,8.5,road_loopA_f0,road_loopA_f1,2962.9,3104.6,141.7,1303.7,33.1,1
955,car,4.5,road_loopA_f0,road_loopA_f1,2984.1,3105.0,120.9,1302.8,38.8,0
958,car,4.5,road_loopA_f0,road_loopA_f1,2986.5,3106.6,120.1,1303.0,39.1,0
943,car,4.5,road_loopA_f0,road_loopA_f1,2977.7,3107.2,129.5,1302.9,36.2,0
965,car,4.5,road_loopA_f0,road_loopA_f1,2992.1,3108.9,116.8,1303.4,40.2,0
1063,car,4.5,road_loopA_f0,xloopA_0Bb,3050.6,3109.0,58.4,478.8,29.5,1
956,truck,8.5,road_loopA_f0,road_loopA_f1,2984.5,3109.5,125.0,1303.5,37.5,0
971,car,4.5,road_loopA_f0,road_loopA_f1,2995.7,3110.7,115.0,1304.0,40.8,0
877,car,4.5,xloopA_0Ba,road_loopA_f1,2918.2,3111.0,192.8,902.6,16.9,1
996,car,4.5,road_loopA_f0,road_loopA_f1,3007.6,3111.5,103.9,1302.9,45.1,0
980,car,4.5,road_loopA_f0,road_loopA_f1,3000.8,3112.5,111.7,1303.2,42.0,0
914,truck,8.5,road_loopA_f0,road_loopA_f1,2950.8,3113.2,162.4,1303.4,28.9,1
993,car,4.5,road_loopA_f0,road_loopA_f1,3006.3,3113.3,107.0,1302.9,43.8,0
983,truck,8.5,road_loopA_f0,road_loopA_f1,3002.5,3114.6,112.1,1303.3,41.8,0
1013,suv,4.8,road_loopA_f0,road_loopA_f1,3017.9,3115.1,97.2,1303.6,48.3,0
1083,suv,4.8,road_loopA_f0,xloopA_0Bb,3070.2,3115.1,44.9,479.0,38.4,0
934,truck,8.5,road_loopA_f0,road_loopA_f1,2969.2,3115.7,146.5,1302.9,32.0,0
1001,car,4.5,road_loopA_f0,road_loopA_f1,3010.6,3116.7,106.1,1303.5,44.2,0
970,car,4.5,road_loopA_f0,road_loopA_f1,2994.8,3117.9,123.1,1303.3,38.1,0
978,car,4.5,road_loopA_f0,road_loopA_f1,3000.0,3119.3,119.3,1303.5,39.3,0
1015,car,4.5,road_loopA_r0,xloopA_0Ab,3019.2,3119.4,100.2,869.2,31.2,1
999,car,4.5,road_loopA_f0,road_loopA_f1,3008.5,3119.6,111.1,1303.6,42.3,0
1007,car,4.5,road_loopA_f0,road_loopA_f1,3014.2,3119.6,105.4,1303.3,44.5,0
982,car,4.5,road_loopA_f0,road_loopA_f1,3001.9,3121.2,119.3,1303.3,39.3,0
1000,car,4.5,road_loopA_f0,road_loopA_f1,3008.7,3123.7,115.0,1303.0,40.8,0
957,car,4.5,road_loopA_r0,road_loopA_r1,2985.9,3127.4,141.5,1297.6,33.0,1
953,car,4.5,road_loopA_r0,road_loopA_r1,2983.5,3129.2,145.7,1297.9,32.1,1
962,car,4.5,road_loopA_r0,road_loopA_r1,2990.2,3129.3,139.1,1298.3,33.6,1
964,suv,4.8,road_loopA_r0,road_loopA_r1,2992.0,3129.8,137.8,1298.3,33.9,1
967,car,4.5,road_loopA_r0,road_loopA_r1,2992.3,3131.6,139.3,1298.3,33.6,1
954,suv,4.8,road_loopA_r0,road_loopA_r1,2983.9,3132.1,148.2,1297.3,31.5,1
979,car,4.5,road_loopA_r0,road_loopA_r1,3000.0,3134.3,134.3,1297.6,34.8,1
969,car,4.5,road_loopA_r0,road_loopA_r1,2993.6,3136.1,142.5,1298.5,32.8,1
981,car,4.5,road_loopA_r0,road_loopA_r1,3001.7,3137.8,136.1,1298.4,34.3,1
975,suv,4.8,road_loopA_r0,road_loopA_r1,2997.4,3139.3,141.9,1297.4,32.9,1
966,car,4.5,road_loopA_r0,road_loopA_r1,2992.1,3141.2,149.1,1298.2,31.3,1
988,car,4.5,road_loopA_r0,road_loopA_r1,3003.5,3141.4,137.9,1297.5,33.9,1
907,car,4.5,xloopA_0Aa,road_loopA_r1,2946.1,3143.3,197.2,506.5,9.2,1
991,suv,4.8,road_loopA_r0,road_loopA_r1,3005.9,3144.3,138.4,1298.3,33.8,1
984,suv,4.8,road_loopA_r0,road_loopA_r1,3003.0,3144.8,141.8,1297.5,32.9,1
945,truck,8.5,road_loopA_r0,road_loopA_r1,2977.9,3145.6,167.7,1297.7,27.9,1
995,suv,4.8,road_loopA_r0,road_loopA_r1,3006.9,3146.0,139.1,1298.5,33.6,1
1118,car,4.5,road_loopA_f0,xloopA_0Bb,3106.0,3146.1,40.1,478.7,43.0,0
976,car,4.5,road_loopA_r0,road_loopA_r1,2998.3,3146.7,148.4,1298.2,31.5,1
948,suv,4.8,road_loopA_r0,road_loopA_r1,2980.3,3147.8,167.5,1298.3,27.9,1
1006,suv,4.8,road_loopA_r0,road_loopA_r1,3014.1,3148.4,134.3,1297.6,34.8,1
1009,suv,4.8,road_loopA_r0,road_loopA_r1,3015.2,3148.5,133.3,1298.4,35.1,1
960,truck,8.5,road_loopA_r0,road_loopA_r1,2987.8,3150.0,162.2,1298.4,28.8,1
1021,car,4.5,road_loopA_r0,road_loopA_r1,3022.7,3150.3,127.6,1297.3,36.6,1
963,car,4.5,road_loopA_r0,road_loopA_r1,2990.7,3152.0,161.3,1298.2,29.0,1
1023,suv,4.8,road_loopA_r0,road_loopA_r1,3024.4,3152.0,127.6,1298.1,36.6,1
1016,car,4.5,road_loopA_f0,road_loopA_f1,3019.4,3152.1,132.7,1302.8,35.3,1
968,suv,4.8,road_loopA_r0,road_loopA_r1,2993.2,3153.5,160.3,1298.5,29.2,1
1031,car,4.5,road_loopA_r0,road_loopA_r1,3029.4,3153.9,124.5,1297.3,37.5,1
1018,suv,4.8,road_loopA_f0,road_loopA_f1,3021.9,3154.0,132.1,1303.6,35.5,1
972,car,4.5,road_loopA_r0,road_loopA_r1,2995.9,3154.5,158.6,1297.9,29.5,1
986,suv,4.8,road_loopA_r0,road_loopA_r1,3003.1,3157.1,154.0,1297.5,30.3,1
1004,car,4.5,road_loopA_r0,road_loopA_r1,3012.7,3157.1,144.4,1297.9,32.4,1
1024,car,4.5,road_loopA_f0,road_loopA_f1,3025.7,3157.6,131.9,1304.2,35.6,1
998,car,4.5,road_loopA_f0,xloopA_0Ab,3008.4,3157.8,149.4,505.4,12.2,1
890,truck,8.5,road_loopA_r0,xloopA_0Bb,2931.1,3158.1,227.0,895.2,14.2,9
1034,suv,4.8,road_loopA_f0,road_loopA_f1,3031.0,3158.1,127.1,1302.9,36.9,1
1026,car,4.5,road_loopA_r0,road_loopA_r1,3026.9,3158.5,131.6,1297.7,35.5,1
989,car,4.5,road_loopA_r0,road_loopA_r1,3004.9,3159.1,154.2,1297.9,30.3,1
1019,car,4.5,road_loopA_f0,road_loopA_f1,3022.2,3159.2,137.0,1303.7,34.3,1
1014,car,4.5,road_loopA_f0,xloopA_0Ab,3018.2,3160.4,142.2,505.3,12.8,1
1049,car,4.5,road_loopA_r0,road_loopA_r1,3041.9,3160.4,118.5,1297.8,39.4,1
992,suv,4.8,road_loopA_r0,road_loopA_r1,3006.0,3160.8,154.8,1297.4,30.2,1
952,car,4.5,road_loopA_r0,xloopA_0Bb,2983.0,3161.1,178.1,895.5,18.1,1
1037,suv,4.8,road_loopA_f0,road_loopA_f1,3033.4,3161.3,127.9,1302.9,36.7,1
1033,truck,8.5,road_loopA_r0,road_loopA_r1,3030.4,3161.9,131.5,1297.9,35.5,1
1008,car,4.5,road_loopA_r0,road_loopA_r1,3015.0,3162.6,147.6,1297.3,31.6,1
977,car,4.5,road_loopA_r0,xloopA_0Bb,2999.0,3163.8,164.8,895.7,19.6,1
1017,suv,4.8,road_loopA_r0,road_loopA_r1,3021.7,3164.4,142.7,1297.5,32.7,1
1056,car,4.5,road_loopA_r0,road_loopA_r1,3046.0,3164.4,118.4,1298.3,39.5,1
1025,car,4.5,road_loopA_r0,road_loopA_r1,3026.7,3164.8,138.1,1298.5,33.8,1
1035,suv,4.8,road_loopA_f0,road_loopA_f1,3032.5,3165.6,133.1,1303.1,35.3,1
985,car,4.5,road_loopA_r0,xloopA_0Bb,3003.1,3166.4,163.3,895.4,19.7,1
1044,car,4.5,road_loopA_f0,road_loopA_f1,3037.1,3166.5,129.4,1303.1,36.3,1
1022,truck,8.5,road_loopA_r0,road_loopA_r1,3023.4,3166.6,143.2,1298.3,32.7,1
1054,car,4.5,road_loopA_r0,road_loopA_r1,3045.1,3167.6,122.5,1298.1,38.1,1
1043,bus,11.0,road_loopA_r0,road_loopA_r1,3036.8,3169.5,132.7,1297.6,35.2,1
1028,truck,8.5,road_loopA_r0,road_loopA_r1,3027.2,3169.6,142.4,1297.6,32.8,1
1072,car,4.5,road_loopA_r0,road_loopA_r1,3060.4,3169.7,109.3,1297.3,42.7,0
1051,suv,4.8,road_loopA_f0,road_loopA_f1,3042.4,3169.8,127.4,1303.8,36.8,1
1038,car,4.5,road_loopA_f0,road_loopA_f1,3033.8,3170.5,136.7,1302.8,34.3,1
1039,car,4.5,road_loopA_r0,road_loopA_r1,3034.1,3170.5,136.4,1298.1,34.3,1
1032,car,4.5,road_loopA_r0,road_loopA_r1,3029.8,3171.7,141.9,1298.1,32.9,0
1060,car,4.5,road_loopA_r0,road_loopA_r1,3048.7,3172.3,123.6,1298.2,37.8,0
1057,suv,4.8,road_loopA_r0,road_loopA_r1,3047.2,3172.5,125.3,1298.6,37.3,0
1097,car,4.5,xloopA_0Ba,xloopA_0Bb,3085.2,3172.6,87.4,84.5,3.5,1
1059,car,4.5,road_loopA_f0,road_loopA_f1,3048.3,3172.7,124.4,1303.6,37.7,1
1047,suv,4.8,road_loopA_r0,road_loopA_r1,3038.2,3173.4,135.2,1297.5,34.6,0
1005,car,4.5,xloopA_0Aa,xloopA_0Ab,3013.6,3174.3,160.7,84.7,1.9,1
1040,truck,8.5,road_loopA_f0,road_loopA_f1,3034.3,3175.2,140.9,1303.8,33.3,1
1048,suv,4.8,road_loopA_f0,road_loopA_f1,3040.1,3175.4,135.3,1303.2,34.7,1
1076,car,4.5,road_loopA_r0,road_loopA_r1,3066.0,3175.9,109.9,1297.6,42.5,0
1046,car,4.5,road_loopA_f0,road_loopA_f1,3038.3,3176.1,137.8,1303.6,34.0,1
1011,car,4.5,xloopA_0Aa,xloopA_0Ab,3016.1,3176.8,160.7,84.5,1.9,1
1075,car,4.5,road_loopA_f0,road_loopA_f1,3065.8,3177.1,111.3,1303.8,42.2,0
1070,car,4.5,road_loopA_r0,road_loopA_r1,3059.3,3178.0,118.7,1297.3,39.3,0
1012,car,4.5,xloopA_0Aa,xloopA_0Ab,3016.6,3178.9,162.3,84.5,1.9,0
1053,car,4.5,road_loopA_f0,road_loopA_f1,3044.8,3179.1,134.3,1302.9,34.9,1
1085,car,4.5,road_loopA_f0,road_loopA_f1,3072.2,3179.1,106.9,1303.1,43.9,0
1068,car,4.5,road_loopA_r0,road_loopA_r1,3055.0,3179.3,124.3,1298.7,37.6,0
1036,car,4.5,road_loopA_r0,road_loopA_r1,3033.1,3179.9,146.8,1297.8,31.8,0
1061,car,4.5,road_loopA_r0,road_loopA_r1,3050.3,3180.5,130.2,1297.9,35.9,0
1079,car,4.5,road_loopA_f0,road_loopA_f1,3068.4,3180.9,112.5,1303.8,41.7,0
1029,car,4.5,xloopA_0Aa,xloopA_0Ab,3027.6,3181.0,153.4,84.4,2.0,0
1050,car,4.5,xloopA_0Ba,road_loopA_f1,3042.3,3182.0,139.7,903.0,23.3,1
1091,car,4.5,road_loopA_f0,road_loopA_f1,3082.0,3183.1,101.1,1303.0,46.4,0
1003,car,4.5,road_loopA_f0,road_loopA_f1,3012.6,3183.6,171.0,1303.1,27.4,1
1082,car,4.5,road_loopA_f0,road_loopA_f1,3070.0,3184.0,114.0,1303.6,41.2,0
1069,bus,11.0,road_loopA_r0,road_loopA_r1,3055.4,3184.7,129.3,1297.7,36.1,1
1010,car,4.5,road_loopA_f0,road_loopA_f1,3015.6,3185.3,169.7,1303.8,27.7,1
1078,car,4.5,road_loopA_f0,road_loopA_f1,3067.5,3186.5,119.0,1303.3,39.4,0
1030,car,4.5,road_loopA_f0,road_loopA_f1,3027.8,3187.0,159.2,1303.0,29.5,1
1027,bus,11.0,road_loopA_r0,road_loopA_r1,3027.1,3187.1,160.0,1298.2,29.2,3
1089,car,4.5,road_loopA_f0,road_loopA_f1,3081.1,3188.0,106.9,1303.0,43.9,0
1081,truck,8.5,road_loopA_f0,road_loopA_f1,3069.3,3188.5,119.2,1302.8,39.4,0
1041,car,4.5,road_loopA_f0,road_loopA_f1,3035.1,3188.7,153.6,1303.1,30.5,1
1103,car,4.5,road_loopA_f0,road_loopA_f1,3092.9,3189.9,97.0,1303.4,48.4,0
1042,car,4.5,road_loopA_f0,road_loopA_f1,3035.3,3190.5,155.2,1304.1,30.2,1
1066,car,4.5,road_loopA_f0,road_loopA_f1,3053.3,3190.7,137.4,1304.0,34.2,1
1045,car,4.5,road_loopA_f0,road_loopA_f1,3037.4,3192.2,154.8,1303.3,30.3,1
1095,car,4.5,road_loopA_f0,road_loopA_f1,3084.0,3192.2,108.2,1303.6,43.4,0
1105,car,4.5,road_loopA_f0,road_loopA_f1,3094.3,3193.6,99.3,1303.5,47.3,0
1084,car,4.5,road_loopA_f0,road_loopA_f1,3072.1,3193.7,121.6,1303.3,38.6,0
1052,car,4.5,road_loopA_f0,road_loopA_f1,3044.3,3194.0,149.7,1303.6,31.3,1
1099,suv,4.8,road_loopA_f0,road_loopA_f1,3088.0,3196.0,108.0,1303.2,43.5,0
1055,truck,8.5,road_loopA_f0,road_loopA_f1,3045.2,3196.2,151.0,1302.9,31.1,1
1098,car,4.5,road_loopA_r0,xloopA_0Ab,3087.9,3196.2,108.3,869.0,28.9,2
1138,car,4.5,road_loopA_f0,xloopA_0Bb,3121.9,3198.1,76.2,478.7,22.6,2
1102,car,4.5,road_loopA_f0,road_loopA_f1,3091.9,3198.7,106.8,1303.3,43.9,0
1113,car,4.5,road_loopA_f0,road_loopA_f1,3101.1,3199.9,98.8,1303.8,47.5,0
1088,car,4.5,road_loopA_f0,road_loopA_f1,3076.3,3200.1,123.8,1302.9,37.9,0
1104,car,4.5,road_loopA_f0,road_loopA_f1,3094.1,3200.9,106.8,1303.4,44.0,0
935,car,4.5,road_loopA_f0,road_loopA_f1,2970.1,3201.5,231.4,1302.8,20.3,1
1096,truck,8.5,road_loopA_f0,road_loopA_f1,3084.9,3202.4,117.5,1303.3,39.9,0
1106,car,4.5,road_loopA_f0,road_loopA_f1,3094.4,3202.7,108.3,1303.1,43.3,0
1130,car,4.5,road_loopA_r0,xloopA_0Ab,3112.8,3203.0,90.2,869.0,34.7,2
1120,car,4.5,road_loopA_f0,road_loopA_f1,3107.3,3203.5,96.2,1303.5,48.8,0
1101,car,4.5,road_loopA_f0,road_loopA_f1,3090.4,3204.6,114.2,1303.1,41.1,0
1111,car,4.5,road_loopA_f0,road_loopA_f1,3098.0,3204.6,106.6,1302.8,44.0,0
1114,car,4.5,road_loopA_f0,road_loopA_f1,3102.2,3206.4,104.2,1303.4,45.0,0
1110,car,4.5,road_loopA_f0,road_loopA_f1,3097.3,3206.7,109.4,1303.4,42.9,0
1156,car,4.5,road_loopA_r0,xloopA_0Ab,3132.5,3209.4,76.9,869.0,40.7,0
1077,car,4.5,road_loopA_r0,road_loopA_r1,3066.1,3213.9,147.8,1298.3,31.6,1
1073,car,4.5,road_loopA_r0,road_loopA_r1,3062.1,3217.4,155.3,1298.1,30.1,1
1100,car,4.5,road_loopA_r0,road_loopA_r1,3089.7,3218.8,129.1,1297.4,36.2,1
1090,truck,8.5,road_loopA_r0,road_loopA_r1,3081.2,3219.4,138.2,1298.4,33.8,1
1108,car,4.5,road_loopA_r0,road_loopA_r1,3095.0,3221.9,126.9,1297.6,36.8,1
1080,car,4.5,road_loopA_r0,road_loopA_r1,3068.4,3222.0,153.6,1297.4,30.4,2
1109,suv,4.8,road_loopA_r0,road_loopA_r1,3095.4,3225.2,129.8,1298.0,36.0,1
1093,car,4.5,road_loopA_r0,road_loopA_r1,3083.0,3225.7,142.7,1298.3,32.8,1
1064,car,4.5,road_loopA_r0,road_loopA_r1,3051.0,3226.6,175.6,1298.6,26.6,2
1112,suv,4.8,road_loopA_r0,road_loopA_r1,3099.6,3227.9,128.3,1297.7,36.4,1
1071,suv,4.8,road_loopA_r0,road_loopA_r1,3059.6,3229.0,169.4,1298.4,27.6,1
1117,car,4.5,road_loopA_r0,road_loopA_r1,3104.0,3230.7,126.7,1298.3,36.9,1
1124,car,4.5,road_loopA_r0,road_loopA_r1,3110.5,3232.8,122.3,1298.1,38.2,1
1002,car,4.5,xloopA_0Aa,road_loopA_r1,3011.1,3233.8,222.7,506.9,8.2,1
1123,car,4.5,road_loopA_r0,road_loopA_r1,3109.7,3235.0,125.3,1298.1,37.3,1
1092,car,4.5,road_loopA_r0,road_loopA_r1,3082.8,3235.6,152.8,1298.5,30.6,1
1132,car,4.5,road_loopA_r0,road_loopA_r1,3115.5,3236.6,121.1,1297.3,38.6,1
1094,suv,4.8,road_loopA_r0,road_loopA_r1,3083.1,3237.4,154.3,1297.7,30.3,1
1122,car,4.5,road_loopA_r0,road_loopA_r1,3109.5,3237.9,128.4,1298.4,36.4,1
1107,car,4.5,road_loopA_r0,road_loopA_r1,3095.0,3239.1,144.1,1297.7,32.4,1
1152,car,4.5,road_loopA_r0,road_loopA_r1,3130.3,3239.2,108.9,1297.8,42.9,0
1140,car,4.5,road_loopA_r0,road_loopA_r1,3123.0,3239.5,116.5,1297.6,40.1,0
1119,truck,8.5,road_loopA_r0,road_loopA_r1,3106.1,3241.2,135.1,1297.2,34.6,1
1149,car,4.5,road_loopA_r0,road_loopA_r1,3127.4,3241.3,113.9,1297.4,41.0,0
1133,car,4.5,road_loopA_f0,road_loopA_f1,3115.5,3243.0,127.5,1304.2,36.8,1
1155,car,4.5,road_loopA_r0,road_loopA_r1,3131.9,3243.0,111.1,1298.0,42.1,0
1154,car,4.5,road_loopA_r0,road_loopA_r1,3131.9,3243.1,111.2,1298.7,42.0,0
1126,car,4.5,road_loopA_r0,road_loopA_r1,3111.8,3243.2,131.4,1297.5,35.6,1
1168,car,4.5,road_loopA_r0,road_loopA_r1,3149.8,3244.7,94.9,1298.2,49.2,0
1127,car,4.5,road_loopA_r0,road_loopA_r1,3112.1,3244.9,132.8,1297.3,35.2,1
1164,suv,4.8,road_loopA_r0,road_loopA_r1,3141.3,3246.1,104.8,1297.4,44.6,0
1139,car,4.5,road_loopA_r0,road_loopA_r1,3122.3,3246.7,124.4,1298.2,37.6,1
1158,car,4.5,road_loopA_r0,road_loopA_r1,3137.2,3246.8,109.6,1298.1,42.6,0
1141,car,4.5,road_loopA_f0,road_loopA_f1,3124.1,3247.8,123.7,1304.1,38.0,1
1172,suv,4.8,road_loopA_r0,road_loopA_r1,3151.7,3248.0,96.3,1297.4,48.5,0
1166,suv,4.8,road_loopA_r0,road_loopA_r1,3148.2,3249.0,100.8,1297.4,46.3,0
1131,car,4.5,road_loopA_f0,road_loopA_f1,3113.0,3250.2,137.2,1303.6,34.2,1
1020,car,4.5,road_loopA_r0,xloopA_0Bb,3022.4,3250.5,228.1,895.6,14.1,3
1169,car,4.5,road_loopA_r0,road_loopA_r1,3150.3,3250.8,100.5,1298.1,46.5,0
1147,car,4.5,road_loopA_f0,road_loopA_f1,3126.6,3250.9,124.3,1303.7,37.8,1
1148,car,4.5,road_loopA_f0,xloopA_0Ab,3127.2,3251.0,123.8,505.3,14.7,1
1170,car,4.5,road_loopA_r0,road_loopA_r1,3150.9,3251.2,100.3,1298.6,46.6,0
1128,car,4.5,road_loopA_r0,road_loopA_r1,3112.2,3251.4,139.2,1297.7,33.6,0
1121,car,4.5,road_loopA_f0,road_loopA_f1,3108.9,3252.3,143.4,1302.8,32.7,1
1171,car,4.5,road_loopA_r0,road_loopA_r1,3151.4,3252.6,101.2,1298.3,46.2,0
1062,suv,4.8,road_loopA_r0,xloopA_0Bb,3050.3,3253.1,202.8,895.6,15.9,3
1135,truck,8.5,road_loopA_f0,road_loopA_f1,3118.4,3253.6,135.2,1302.9,34.7,1
1145,car,4.5,road_loopA_f0,road_loopA_f1,3125.8,3253.6,127.8,1304.0,36.7,1
1151,truck,8.5,road_loopA_f0,xloopA_0Ab,3128.2,3254.4,126.2,505.4,14.4,1
994,car,4.5,road_loopA_r0,road_loopA_r1,3006.6,3254.5,247.9,1297.7,18.8,2
1163,suv,4.8,road_loopA_f0,road_loopA_f1,3140.1,3254.7,114.6,1304.1,41.0,1
1157,car,4.5,road_loopA_f0,road_loopA_f1,3134.7,3255.2,120.5,1303.7,38.9,1
997,suv,4.8,road_loopA_r0,road_loopA_r1,3007.8,3255.6,247.8,1298.1,18.9,2
1067,car,4.5,road_loopA_r0,xloopA_0Bb,3054.7,3255.8,201.1,895.5,16.0,3
1146,car,4.5,road_loopA_f0,road_loopA_f1,3126.5,3256.7,130.2,1303.7,36.0,1
1183,car,4.5,road_loopA_r0,road_loopA_r1,3165.1,3257.7,92.6,1298.4,50.5,0
1116,suv,4.8,road_loopA_r0,xloopA_0Bb,3103.5,3258.5,155.0,895.7,20.8,2
1142,suv,4.8,road_loopA_f0,road_loopA_f1,3124.9,3258.5,133.6,1304.0,35.1,1
1150,suv,4.8,road_loopA_f0,road_loopA_f1,3127.6,3258.5,130.9,1302.8,35.8,1
1129,bus,11.0,road_loopA_r0,road_loopA_r1,3112.2,3258.8,146.6,1298.2,31.9,2
1182,car,4.5,road_loopA_r0,road_loopA_r1,3164.6,3260.3,95.7,1298.6,48.8,0
1137,suv,4.8,road_loopA_f0,road_loopA_f1,3121.4,3260.5,139.1,1304.1,33.8,1
1160,truck,8.5,road_loopA_f0,road_loopA_f1,3139.3,3260.9,121.6,1302.8,38.6,1
1136,suv,4.8,road_loopA_r0,xloopA_0Bb,3119.9,3261.2,141.3,895.2,22.8,2
1162,suv,4.8,road_loopA_f0,road_loopA_f1,3139.7,3261.9,122.2,1303.5,38.4,1
1190,suv,4.8,road_loopA_r0,road_loopA_r1,3174.6,3263.5,88.9,1297.3,52.5,0
1177,car,4.5,road_loopA_r0,road_loopA_r1,3158.5,3264.1,105.6,1297.5,44.2,0
1179,suv,4.8,road_loopA_f0,road_loopA_f1,3159.9,3264.4,104.5,1303.4,44.9,0
1176,car,4.5,road_loopA_f0,road_loopA_f1,3156.6,3264.8,108.2,1303.6,43.4,0
1086,bus,11.0,road_loopA_r0,road_loopA_r1,3074.5,3265.0,190.5,1297.8,24.5,4
1231,car,4.5,xloopA_0Ba,xloopA_0Bb,3210.7,3267.3,56.6,84.7,5.4,1
1087,car,4.5,xloopA_0Aa,xloopA_0Ab,3074.7,3267.4,192.7,84.1,1.6,1
1186,car,4.5,road_loopA_f0,road_loopA_f1,3168.6,3267.8,99.2,1303.4,47.3,0
1125,car,4.5,road_loopA_f0,road_loopA_f1,3110.7,3268.2,157.5,1302.9,29.8,1
1184,suv,4.8,road_loopA_r0,road_loopA_r1,3166.0,3269.1,103.1,1298.1,45.3,0
1173,car,4.5,road_loopA_f0,road_loopA_f1,3154.0,3269.4,115.4,1303.4,40.6,0
1243,car,4.5,xloopA_0Ba,xloopA_0Bb,3225.8,3269.6,43.8,84.5,7.0,1
1193,car,4.5,road_loopA_f0,road_loopA_f1,3177.9,3270.8,92.9,1303.9,50.5,0
1165,car,4.5,road_loopA_f0,road_loopA_f1,3145.6,3271.4,125.8,1304.1,37.3,1
1195,suv,4.8,road_loopA_f0,road_loopA_f1,3180.7,3272.6,91.9,1303.2,51.0,0
1188,car,4.5,xloopA_0Ba,road_loopA_f1,3169.2,3273.8,104.6,902.8,31.1,0
1181,truck,8.5,road_loopA_r0,road_loopA_r1,3164.1,3274.1,110.0,1298.1,42.5,0
1134,car,4.5,road_loopA_f0,road_loopA_f1,3116.9,3274.4,157.5,1303.9,29.8,1
1201,car,4.5,road_loopA_f0,road_loopA_f1,3184.4,3274.6,90.2,1303.7,52.0,0
1175,car,4.5,road_loopA_f0,road_loopA_f1,3155.5,3276.4,120.9,1303.3,38.8,0
1194,car,4.5,road_loopA_f0,road_loopA_f1,3178.8,3277.2,98.4,1304.1,47.7,0
1161,suv,4.8,road_loopA_f0,road_loopA_f1,3139.4,3277.7,138.3,1303.4,33.9,0
1178,car,4.5,road_loopA_f0,road_loopA_f1,3159.7,3278.3,118.6,1303.8,39.6,0
1167,car,4.5,road_loopA_f0,road_loopA_f1,3148.3,3279.5,131.2,1303.0,35.8,0
1180,suv,4.8,road_loopA_f0,road_loopA_f1,3162.8,3279.9,117.1,1303.4,40.1,0
1185,suv,4.8,road_loopA_f0,road_loopA_f1,3167.7,3280.0,112.3,1303.8,41.8,0
1174,car,4.5,road_loopA_f0,road_loopA_f1,3154.5,3281.5,127.0,1303.1,36.9,0
1187,suv,4.8,road_loopA_f0,road_loopA_f1,3168.8,3281.8,113.0,1303.1,41.5,0
1196,car,4.5,road_loopA_f0,road_loopA_f1,3181.3,3283.6,102.3,1303.6,45.9,0
1208,truck,8.5,road_loopA_f0,road_loopA_f1,3189.6,3284.4,94.8,1303.7,49.5,0
1192,car,4.5,road_loopA_r0,xloopA_0Ab,3176.3,3285.0,108.7,868.8,28.8,2
1261,car,4.5,road_loopA_f0,xloopA_0Bb,3242.5,3293.0,50.5,478.8,34.1,1
1215,car,4.5,road_loopA_f0,road_loopA_f1,3193.5,3296.3,102.8,1303.6,45.7,0
1285,car,4.5,road_loopA_f0,xloopA_0Bb,3257.1,3298.3,41.2,478.9,41.8,0
1224,suv,4.8,road_loopA_f0,road_loopA_f1,3201.5,3300.1,98.6,1302.8,47.5,0
1210,car,4.5,road_loopA_f0,road_loopA_f1,3190.8,3300.7,109.9,1303.6,42.7,0
1291,car,4.5,road_loopA_f0,xloopA_0Bb,3265.0,3301.9,36.9,478.5,46.7,0
1219,car,4.5,road_loopA_f0,road_loopA_f1,3198.3,3302.4,104.1,1303.6,45.1,0
1191,car,4.5,road_loopA_r0,road_loopA_r1,3175.6,3310.5,134.9,1297.8,34.6,1
1197,car,4.5,road_loopA_r0,road_loopA_r1,3182.4,3312.0,129.6,1297.4,36.0,1
1199,suv,4.8,road_loopA_r0,road_loopA_r1,3183.6,3313.5,129.9,1298.4,36.0,1
1200,car,4.5,road_loopA_r0,road_loopA_r1,3184.0,3315.3,131.3,1297.5,35.6,1
1211,car,4.5,road_loopA_r0,road_loopA_r1,3191.1,3318.2,127.1,1297.3,36.7,1
1202,car,4.5,road_loopA_r0,road_loopA_r1,3184.5,3321.1,136.6,1297.5,34.2,1
1207,car,4.5,road_loopA_r0,road_loopA_r1,3187.9,3321.5,133.6,1297.3,35.0,1
1203,suv,4.8,road_loopA_r0,road_loopA_r1,3185.2,3324.0,138.8,1298.6,33.7,1
1223,car,4.5,road_loopA_r0,road_loopA_r1,3200.4,3325.9,125.5,1297.7,37.2,1
1216,suv,4.8,road_loopA_r0,road_loopA_r1,3195.7,3327.2,131.5,1297.9,35.5,1
1280,car,4.5,road_loopA_r0,xloopA_0Ab,3254.5,3327.3,72.8,869.0,43.0,0
1143,car,4.5,xloopA_0Aa,road_loopA_r1,3125.2,3328.3,203.1,506.8,9.0,0
1209,car,4.5,road_loopA_r0,road_loopA_r1,3189.8,3329.9,140.1,1297.3,33.3,1
1264,suv,4.8,road_loopA_r0,xloopA_0Ab,3245.3,3330.4,85.1,868.9,36.8,1
1189,truck,8.5,road_loopA_r0,road_loopA_r1,3172.7,3330.5,157.8,1298.3,29.6,1
1159,bus,11.0,road_loopA_f0,road_loopA_f1,3138.3,3331.0,192.7,1303.0,24.3,3
1236,truck,8.5,road_loopA_r0,road_loopA_r1,3217.2,3331.6,114.4,1298.3,40.9,0
1221,car,4.5,road_loopA_r0,road_loopA_r1,3199.2,3331.9,132.7,1298.4,35.2,1
1198,car,4.5,road_loopA_r0,road_loopA_r1,3182.4,3332.5,150.1,1298.4,31.1,1
1242,car,4.5,road_loopA_r0,road_loopA_r1,3225.5,3333.6,108.1,1297.8,43.2,0
1205,car,4.5,road_loopA_r0,road_loopA_r1,3185.7,3334.1,148.4,1297.6,31.5,1
1229,suv,4.8,road_loopA_r0,road_loopA_r1,3209.4,3334.3,124.9,1298.2,37.4,0
1204,car,4.5,road_loopA_r0,road_loopA_r1,3185.5,3335.8,150.3,1298.1,31.1,1
1249,car,4.5,road_loopA_r0,road_loopA_r1,3233.8,3336.3,102.5,1298.1,45.6,0
1234,car,4.5,road_loopA_r0,road_loopA_r1,3215.0,3336.6,121.6,1298.5,38.5,0
1214,suv,4.8,road_loopA_r0,road_loopA_r1,3193.3,3337.5,144.2,1298.2,32.4,1
1260,car,4.5,road_loopA_r0,road_loopA_r1,3242.4,3338.1,95.7,1298.6,48.9,0
1247,suv,4.8,road_loopA_r0,road_loopA_r1,3232.0,3338.2,106.2,1297.6,44.0,0
1226,car,4.5,road_loopA_f0,road_loopA_f1,3203.8,3338.3,134.5,1303.4,34.9,1
1220,car,4.5,road_loopA_r0,road_loopA_r1,3199.0,3339.8,140.8,1297.9,33.2,0
1248,car,4.5,road_loopA_r0,road_loopA_r1,3232.4,3339.9,107.5,1297.6,43.5,0
1225,car,4.5,road_loopA_f0,road_loopA_f1,3203.1,3340.1,137.0,1303.5,34.3,1
1265,car,4.5,road_loopA_r0,road_loopA_r1,3245.6,3340.5,94.9,1298.4,49.2,0
1230,suv,4.8,road_loopA_r0,road_loopA_r1,3209.7,3341.6,131.9,1298.4,35.4,0
1263,car,4.5,road_loopA_r0,road_loopA_r1,3244.6,3342.7,98.1,1298.5,47.6,0
1218,car,4.5,road_loopA_f0,road_loopA_f1,3197.6,3343.3,145.7,1303.9,32.2,1
1240,car,4.5,road_loopA_r0,road_loopA_r1,3224.0,3343.3,119.3,1297.8,39.2,0
1144,suv,4.8,road_loopA_r0,xloopA_0Bb,3125.7,3344.0,218.3,895.9,14.8,2
1239,car,4.5,road_loopA_f0,xloopA_0Ab,3223.3,3344.5,121.2,505.4,15.0,1
1269,car,4.5,road_loopA_r0,road_loopA_r1,3246.7,3344.6,97.9,1297.9,47.7,0
1244,car,4.5,road_loopA_r0,road_loopA_r1,3228.8,3345.1,116.3,1298.6,40.2,0
1245,car,4.5,road_loopA_r0,xloopA_0Bb,3228.9,3346.6,117.7,895.6,27.4,1
1237,car,4.5,road_loopA_f0,road_loopA_f1,3218.4,3346.9,128.5,1303.2,36.5,1
1255,car,4.5,road_loopA_r0,road_loopA_r1,3238.9,3347.0,108.1,1297.8,43.2,0
1228,truck,8.5,road_loopA_f0,road_loopA_f1,3209.0,3347.1,138.1,1303.4,34.0,1
1241,car,4.5,road_loopA_f0,xloopA_0Ab,3225.3,3347.1,121.8,505.4,14.9,1
1250,car,4.5,road_loopA_r0,xloopA_0Bb,3234.4,3349.2,114.8,895.3,28.1,1
1222,car,4.5,road_loopA_f0,road_loopA_f1,3200.0,3349.7,149.7,1304.1,31.4,1
1282,car,4.5,road_loopA_f0,xloopA_0Ab,3255.1,3349.7,94.6,505.1,19.2,1
1246,truck,8.5,road_loopA_f0,road_loopA_f1,3230.1,3349.8,119.7,1303.7,39.2,1
1283,car,4.5,road_loopA_r0,road_loopA_r1,3255.8,3351.0,95.2,1297.8,49.1,0
1254,suv,4.8,road_loopA_r0,xloopA_0Bb,3238.4,3352.0,113.6,896.0,28.4,1
1256,car,4.5,road_loopA_f0,road_loopA_f1,3239.3,3352.2,112.9,1303.0,41.5,1
1289,truck,8.5,road_loopA_f0,xloopA_0Ab,3260.4,3353.2,92.8,505.6,19.6,1
1273,car,4.5,road_loopA_r0,xloopA_0Bb,3250.4,3354.6,104.2,895.5,30.9,1
1262,car,4.5,road_loopA_f0,road_loopA_f1,3244.4,3354.9,110.5,1303.0,42.5,1
1266,car,4.5,road_loopA_r0,road_loopA_r1,3245.8,3354.9,109.1,1298.0,42.8,0
1058,car,4.5,xloopA_0Aa,road_loopA_f1,3047.3,3355.7,308.4,872.9,10.2,1
1271,car,4.5,road_loopA_r0,road_loopA_r1,3248.5,3355.9,107.4,1297.8,43.5,0
1274,suv,4.8,road_loopA_r0,road_loopA_r1,3250.5,3356.7,106.2,1298.1,44.0,0
1284,car,4.5,road_loopA_r0,road_loopA_r1,3256.7,3358.4,101.7,1298.4,46.0,0
1281,car,4.5,road_loopA_r0,road_loopA_r1,3254.7,3358.5,103.8,1298.3,45.0,0
1276,suv,4.8,road_loopA_f0,road_loopA_f1,3251.6,3360.1,108.5,1303.0,43.2,0
1295,car,4.5,road_loopA_r0,road_loopA_r1,3268.3,3360.3,92.0,1297.8,50.8,0
1252,car,4.5,road_loopA_f0,road_loopA_f1,3236.8,3360.4,123.6,1303.0,37.9,1
1153,car,4.5,xloopA_0Aa,xloopA_0Ab,3131.8,3360.7,228.9,84.6,1.3,1
1251,car,4.5,road_loopA_f0,road_loopA_f1,3234.9,3362.2,127.3,1302.9,36.9,1
1206,car,4.5,xloopA_0Aa,xloopA_0Ab,3186.9,3362.6,175.7,84.0,1.7,1
1287,car,4.5,road_loopA_f0,road_loopA_f1,3258.8,3363.2,104.4,1303.4,44.9,0
1267,suv,4.8,road_loopA_r0,road_loopA_r1,3245.9,3363.4,117.5,1297.9,39.8,0
1268,suv,4.8,road_loopA_f0,road_loopA_f1,3246.7,3364.9,118.2,1302.8,39.7,1
1212,car,4.5,xloopA_0Aa,xloopA_0Ab,3191.2,3365.2,174.0,84.0,1.7,1
1227,truck,8.5,road_loopA_f0,road_loopA_f1,3206.5,3366.1,159.6,1303.6,29.4,1
1213,car,4.5,road_loopA_f0,road_loopA_f1,3191.6,3366.8,175.2,1303.6,26.8,1
1278,suv,4.8,road_loopA_f0,road_loopA_f1,3252.7,3367.5,114.8,1302.9,40.9,0
1272,car,4.5,xloopA_0Aa,xloopA_0Ab,3249.0,3368.4,119.4,84.5,2.5,0
1232,truck,8.5,road_loopA_f0,road_loopA_f1,3213.3,3369.3,156.0,1303.0,30.1,1
1293,car,4.5,road_loopA_f0,road_loopA_f1,3267.5,3369.4,101.9,1303.9,46.1,0
1238,car,4.5,road_loopA_f0,road_loopA_f1,3219.5,3371.3,151.8,1303.9,30.9,1
1302,car,4.5,road_loopA_f0,road_loopA_f1,3275.6,3371.8,96.2,1304.0,48.8,0
1253,car,4.5,road_loopA_f0,road_loopA_f1,3237.2,3373.1,135.9,1303.0,34.5,1
1115,car,4.5,xloopA_0Aa,road_loopA_f1,3103.0,3373.9,270.9,872.0,11.6,1
1235,car,4.5,road_loopA_f0,road_loopA_f1,3216.2,3374.8,158.6,1302.9,29.6,1
1257,car,4.5,road_loopA_f0,road_loopA_f1,3239.7,3374.9,135.2,1304.0,34.7,1
1233,suv,4.8,road_loopA_f0,road_loopA_f1,3213.9,3375.6,161.7,1303.5,29.0,1
1275,car,4.5,road_loopA_f0,road_loopA_f1,3251.0,3376.3,125.3,1302.8,37.4,0
1277,car,4.5,road_loopA_f0,road_loopA_f1,3251.9,3376.6,124.7,1303.3,37.6,0
1290,truck,8.5,road_loopA_f0,road_loopA_f1,3260.4,3377.8,117.4,1303.5,40.0,0
1270,suv,4.8,road_loopA_f0,road_loopA_f1,3248.3,3377.9,129.6,1303.9,36.2,0
1258,car,4.5,road_loopA_r0,xloopA_0Ab,3240.3,3378.0,137.7,869.1,22.7,2
1286,car,4.5,road_loopA_f0,road_loopA_f1,3257.2,3378.4,121.2,1303.4,38.7,0
1312,car,4.5,road_loopA_f0,road_loopA_f1,3282.5,3379.0,96.5,1303.6,48.6,0
1296,car,4.5,road_loopA_f0,road_loopA_f1,3268.5,3380.7,112.2,1303.6,41.8,0
1288,suv,4.8,road_loopA_f0,road_loopA_f1,3259.2,3380.9,121.7,1303.8,38.6,0
1292,car,4.5,road_loopA_f0,road_loopA_f1,3265.2,3382.6,117.4,1303.7,40.0,0
1298,car,4.5,road_loopA_f0,road_loopA_f1,3273.2,3382.6,109.4,1303.1,42.9,0
1301,car,4.5,road_loopA_f0,road_loopA_f1,3275.4,3383.8,108.4,1303.5,43.3,0
1294,suv,4.8,road_loopA_f0,road_loopA_f1,3268.0,3384.3,116.3,1302.8,40.3,0
1324,car,4.5,road_loopA_f0,road_loopA_f1,3293.2,3385.6,92.4,1303.0,50.8,0
1333,truck,8.5,road_loopA_f0,xloopA_0Bb,3302.3,3387.6,85.3,478.7,20.2,2
1327,suv,4.8,road_loopA_f0,road_loopA_f1,3294.2,3388.4,94.2,1303.7,49.8,0
1321,truck,8.5,road_loopA_f0,road_loopA_f1,3291.2,3391.2,100.0,1303.7,46.9,0
1310,truck,8.5,road_loopA_f0,road_loopA_f1,3280.7,3392.3,111.6,1303.3,42.0,0
1354,suv,4.8,road_loopA_r0,xloopA_0Ab,3320.8,3392.5,71.7,869.3,43.7,0
1297,car,4.5,road_loopA_f0,road_loopA_f1,3270.3,3393.2,122.9,1303.4,38.2,0
1365,suv,4.8,road_loopA_f0,xloopA_0Bb,3329.3,3394.0,64.7,478.8,26.6,2
1326,car,4.5,road_loopA_f0,road_loopA_f1,3293.7,3394.7,101.0,1303.3,46.4,0
1316,car,4.5,road_loopA_f0,road_loopA_f1,3288.9,3394.9,106.0,1303.4,44.3,0
1366,car,4.5,road_loopA_r0,xloopA_0Ab,3329.7,3395.5,65.8,869.6,47.6,0
1320,suv,4.8,road_loopA_f0,road_loopA_f1,3291.3,3397.0,105.7,1303.5,44.4,0
1379,car,4.5,road_loopA_f0,xloopA_0Bb,3347.3,3397.2,49.9,478.8,34.6,0
1306,car,4.5,road_loopA_r0,road_loopA_r1,3278.2,3403.5,125.3,1297.3,37.3,1
1308,suv,4.8,road_loopA_r0,road_loopA_r1,3278.5,3406.6,128.1,1297.9,36.5,1
1304,car,4.5,road_loopA_r0,road_loopA_r1,3276.5,3410.1,133.6,1297.5,35.0,1
1313,car,4.5,road_loopA_r0,road_loopA_r1,3283.2,3410.1,126.9,1298.4,36.8,1
1309,car,4.5,road_loopA_r0,road_loopA_r1,3278.8,3412.1,133.3,1298.5,35.1,1
1300,car,4.5,road_loopA_r0,road_loopA_r1,3274.9,3412.9,138.0,1298.1,33.9,1
1259,car,4.5,xloopA_0Aa,road_loopA_r1,3241.4,3413.1,171.7,506.8,10.6,0
1325,suv,4.8,road_loopA_r0,road_loopA_r1,3293.4,3414.2,120.8,1298.6,38.7,1
1340,car,4.5,road_loopA_r0,road_loopA_r1,3306.4,3416.0,109.6,1297.7,42.6,1
1315,car,4.5,road_loopA_r0,road_loopA_r1,3286.3,3416.1,129.8,1297.9,36.0,1
1332,car,4.5,road_loopA_r0,road_loopA_r1,3299.0,3417.2,118.2,1298.1,39.5,1
1341,car,4.5,road_loopA_r0,road_loopA_r1,3309.8,3418.7,108.9,1298.3,42.9,0
1319,car,4.5,road_loopA_r0,road_loopA_r1,3291.1,3421.1,130.0,1298.2,36.0,1
1391,car,4.5,xloopA_0Ba,road_loopA_r1,3355.7,3423.0,67.3,476.9,25.5,0
1322,truck,8.5,road_loopA_r0,road_loopA_r1,3291.5,3423.2,131.7,1297.7,35.5,1
1307,car,4.5,road_loopA_r0,road_loopA_r1,3278.5,3424.6,146.1,1297.8,32.0,1
1343,car,4.5,road_loopA_r0,road_loopA_r1,3311.5,3425.4,113.9,1297.9,41.0,0
1331,car,4.5,road_loopA_r0,road_loopA_r1,3298.0,3426.0,128.0,1297.9,36.5,1
1311,car,4.5,road_loopA_r0,road_loopA_r1,3281.0,3426.3,145.3,1297.7,32.1,1
1363,car,4.5,road_loopA_r0,road_loopA_r1,3324.7,3427.0,102.3,1297.3,45.6,0
1314,car,4.5,road_loopA_r0,road_loopA_r1,3284.4,3428.0,143.6,1298.3,32.5,1
1317,suv,4.8,road_loopA_r0,road_loopA_r1,3289.0,3428.8,139.8,1297.7,33.4,1
1353,car,4.5,road_loopA_r0,road_loopA_r1,3320.4,3428.8,108.4,1298.6,43.1,0
1335,car,4.5,road_loopA_r0,road_loopA_r1,3304.3,3430.2,125.9,1298.4,37.1,1
1367,suv,4.8,road_loopA_r0,road_loopA_r1,3329.7,3430.5,100.8,1298.3,46.4,0
1329,car,4.5,road_loopA_f0,road_loopA_f1,3296.9,3430.9,134.0,1304.1,35.0,1
1323,car,4.5,road_loopA_r0,road_loopA_r1,3292.2,3431.9,139.7,1298.2,33.5,0
1344,suv,4.8,road_loopA_r0,road_loopA_r1,3311.7,3432.2,120.5,1298.1,38.8,0
1334,car,4.5,road_loopA_f0,road_loopA_f1,3302.6,3432.4,129.8,1303.6,36.2,1
1356,car,4.5,road_loopA_r0,road_loopA_r1,3321.5,3433.5,112.0,1297.3,41.7,0
1339,suv,4.8,road_loopA_f0,road_loopA_f1,3306.2,3433.9,127.7,1304.2,36.8,1
1358,car,4.5,road_loopA_r0,road_loopA_r1,3322.1,3433.9,111.8,1297.6,41.8,0
1346,truck,8.5,road_loopA_r0,road_loopA_r1,3313.6,3435.9,122.3,1297.9,38.2,0
1360,truck,8.5,road_loopA_r0,road_loopA_r1,3323.1,3436.2,113.1,1298.2,41.3,0
1328,car,4.5,road_loopA_f0,road_loopA_f1,3296.9,3436.7,139.8,1304.0,33.6,1
1381,car,4.5,road_loopA_r0,road_loopA_r1,3347.4,3437.2,89.8,1298.1,52.0,0
1279,car,4.5,road_loopA_r0,xloopA_0Bb,3254.5,3437.4,182.9,895.5,17.6,2
1299,suv,4.8,road_loopA_f0,xloopA_0Ab,3274.6,3438.0,163.4,505.5,11.1,2
1373,car,4.5,road_loopA_r0,road_loopA_r1,3337.8,3438.2,100.4,1297.7,46.5,0
1362,car,4.5,road_loopA_r0,road_loopA_r1,3324.6,3438.3,113.7,1298.1,41.1,0
1372,car,4.5,road_loopA_r0,road_loopA_r1,3336.3,3440.0,103.7,1297.5,45.1,0
1375,suv,4.8,road_loopA_r0,road_loopA_r1,3344.3,3440.0,95.7,1297.6,48.8,0
1382,car,4.5,road_loopA_r0,xloopA_0Bb,3348.5,3440.0,91.5,895.5,35.2,1
1303,car,4.5,road_loopA_f0,xloopA_0Ab,3275.9,3440.6,164.7,505.2,11.0,2
1337,car,4.5,road_loopA_f0,road_loopA_f1,3305.3,3440.7,135.4,1303.7,34.7,1
1350,car,4.5,road_loopA_f0,road_loopA_f1,3318.0,3440.7,122.7,1302.8,38.2,1
1383,car,4.5,road_loopA_r0,road_loopA_r1,3350.5,3441.9,91.4,1298.5,51.1,0
1386,car,4.5,road_loopA_r0,road_loopA_r1,3352.5,3441.9,89.4,1298.2,52.3,0
1374,car,4.5,road_loopA_f0,road_loopA_f1,3340.6,3442.6,102.0,1304.2,46.0,0
1392,suv,4.8,road_loopA_r0,xloopA_0Bb,3356.0,3442.7,86.7,895.7,37.2,1
1305,suv,4.8,road_loopA_f0,xloopA_0Ab,3277.3,3443.3,166.0,505.4,11.0,2
1345,car,4.5,road_loopA_f0,road_loopA_f1,3312.8,3445.0,132.2,1303.9,35.5,1
1384,car,4.5,road_loopA_f0,road_loopA_f1,3350.7,3445.0,94.3,1304.0,49.8,0
1349,suv,4.8,road_loopA_f0,xloopA_0Ab,3316.1,3446.0,129.9,505.4,14.0,1
1368,car,4.5,road_loopA_f0,road_loopA_f1,3333.2,3446.1,112.9,1304.1,41.6,1
1359,car,4.5,road_loopA_f0,road_loopA_f1,3322.4,3446.7,124.3,1303.7,37.8,1
1370,suv,4.8,road_loopA_f0,road_loopA_f1,3334.3,3447.0,112.7,1303.0,41.6,1
1396,car,4.5,road_loopA_r0,road_loopA_r1,3359.2,3448.3,89.1,1297.5,52.4,0
1390,car,4.5,road_loopA_f0,road_loopA_f1,3355.5,3448.9,93.4,1304.2,50.3,0
1355,suv,4.8,road_loopA_f0,road_loopA_f1,3321.3,3450.3,129.0,1302.9,36.3,1
1377,car,4.5,road_loopA_f0,road_loopA_f1,3345.1,3451.6,106.5,1303.1,44.1,0
1361,car,4.5,road_loopA_f0,road_loopA_f1,3323.9,3452.5,128.6,1304.0,36.5,1
1378,car,4.5,road_loopA_r0,road_loopA_r1,3346.3,3453.0,106.7,1298.0,43.8,0
1398,suv,4.8,road_loopA_f0,road_loopA_f1,3359.9,3453.0,93.1,1303.1,50.4,0
1401,car,4.5,xloopA_0Ba,xloopA_0Bb,3363.9,3453.2,89.3,84.3,3.4,1
1357,car,4.5,road_loopA_f0,road_loopA_f1,3322.0,3453.7,131.7,1304.1,35.7,1
1394,car,4.5,road_loopA_r0,road_loopA_r1,3358.0,3454.1,96.1,1298.0,48.6,0
1318,car,4.5,xloopA_0Aa,xloopA_0Ab,3289.4,3454.2,164.8,84.0,1.8,1
1388,car,4.5,road_loopA_r0,road_loopA_r1,3354.5,3454.6,100.1,1297.6,46.7,0
1417,car,4.5,xloopA_0Ba,xloopA_0Bb,3378.6,3455.3,76.7,84.1,3.9,1
1330,suv,4.8,road_loopA_f0,road_loopA_f1,3298.0,3456.0,158.0,1304.0,29.7,1
1400,truck,8.5,road_loopA_r0,road_loopA_r1,3362.0,3456.2,94.2,1297.6,49.6,0
1376,bus,11.0,road_loopA_r0,road_loopA_r1,3344.9,3456.3,111.4,1297.4,41.9,0
1403,car,4.5,road_loopA_f0,road_loopA_f1,3367.6,3457.1,89.5,1304.1,52.4,0
1336,car,4.5,xloopA_0Aa,xloopA_0Ab,3305.2,3457.2,152.0,84.1,2.0,1
1420,car,4.5,xloopA_0Ba,xloopA_0Bb,3385.0,3457.5,72.5,84.7,4.2,1
1395,car,4.5,road_loopA_r0,road_loopA_r1,3358.2,3458.3,100.1,1298.4,46.7,0
1380,suv,4.8,road_loopA_f0,road_loopA_f1,3347.3,3458.9,111.6,1303.5,42.1,0
1369,car,4.5,xloopA_0Ba,road_loopA_f1,3333.6,3459.4,125.8,903.0,25.9,1
1407,suv,4.8,road_loopA_f0,road_loopA_f1,3370.0,3459.9,89.9,1303.5,52.2,0
1351,car,4.5,xloopA_0Aa,xloopA_0Ab,3318.6,3460.0,141.4,84.7,2.2,0
1387,car,4.5,road_loopA_f0,road_loopA_f1,3354.5,3460.6,106.1,1303.1,44.2,0
1342,suv,4.8,road_loopA_f0,road_loopA_f1,3309.9,3461.3,151.4,1303.4,31.0,1
1364,car,4.5,xloopA_0Aa,xloopA_0Ab,3327.3,3461.8,134.5,84.0,2.2,0
1399,suv,4.8,road_loopA_f0,road_loopA_f1,3361.8,3462.5,100.7,1303.5,46.6,0
1404,car,4.5,road_loopA_f0,road_loopA_f1,3367.9,3462.8,94.9,1304.0,49.5,0
1347,suv,4.8,road_loopA_f0,road_loopA_f1,3315.1,3463.0,147.9,1304.1,31.7,1
1385,car,4.5,road_loopA_f0,road_loopA_f1,3351.7,3464.7,113.0,1303.5,41.5,0
1408,car,4.5,road_loopA_f0,road_loopA_f1,3370.1,3465.0,94.9,1303.8,49.4,0
1402,car,4.5,road_loopA_f0,road_loopA_f1,3365.2,3466.5,101.3,1304.0,46.4,0
1416,suv,4.8,road_loopA_f0,road_loopA_f1,3378.2,3467.5,89.3,1303.1,52.5,0
1419,truck,8.5,road_loopA_f0,road_loopA_f1,3384.4,3478.1,93.7,1303.9,50.1,0
1422,car,4.5,road_loopA_f0,road_loopA_f1,3389.7,3479.1,89.4,1303.1,52.5,0
1418,car,4.5,road_loopA_f0,road_loopA_f1,3382.5,3483.2,100.7,1303.5,46.6,0
1414,car,4.5,road_loopA_f0,road_loopA_f1,3376.7,3483.9,107.2,1303.6,43.8,0
1424,car,4.5,road_loopA_f0,road_loopA_f1,3391.7,3484.9,93.2,1303.3,50.3,0
1434,car,4.5,road_loopA_r0,xloopA_0Ab,3394.0,3487.6,93.6,869.2,33.4,1
1444,car,4.5,road_loopA_r0,xloopA_0Ab,3411.0,3496.7,85.7,869.0,36.5,0
1410,car,4.5,road_loopA_r0,road_loopA_r1,3371.6,3498.4,126.8,1297.4,36.8,1
1412,suv,4.8,road_loopA_r0,road_loopA_r1,3375.3,3501.4,126.1,1297.9,37.1,1
1507,suv,4.8,road_loopA_f0,xloopA_0Bb,3461.7,3501.8,40.1,479.0,43.0,0
1406,car,4.5,road_loopA_r0,road_loopA_r1,3369.1,3503.0,133.9,1298.1,34.9,1
1421,suv,4.8,road_loopA_r0,road_loopA_r1,3385.7,3504.2,118.5,1298.2,39.4,1
1411,truck,8.5,road_loopA_r0,road_loopA_r1,3373.1,3506.4,133.3,1298.4,35.1,1
1425,car,4.5,road_loopA_r0,road_loopA_r1,3391.8,3508.4,116.6,1298.2,40.1,1
1352,bus,11.0,road_loopA_f0,road_loopA_f1,3318.6,3508.6,190.0,1303.1,24.7,4
1338,car,4.5,xloopA_0Aa,road_loopA_r1,3305.5,3508.7,203.2,506.9,9.0,1
1427,car,4.5,road_loopA_r0,road_loopA_r1,3392.2,3510.1,117.9,1297.4,39.6,1
1413,car,4.5,road_loopA_r0,road_loopA_r1,3375.4,3510.2,134.8,1297.7,34.7,1
1397,car,4.5,road_loopA_r0,road_loopA_r1,3359.7,3510.4,150.7,1297.8,31.0,1
1405,car,4.5,road_loopA_r0,road_loopA_r1,3368.7,3512.2,143.5,1298.3,32.6,1
1409,car,4.5,road_loopA_r0,road_loopA_r1,3370.8,3513.0,142.2,1298.7,32.9,1
1457,car,4.5,road_loopA_r0,xloopA_0Ab,3420.2,3513.6,93.4,869.1,33.5,1
1423,suv,4.8,road_loopA_r0,road_loopA_r1,3391.4,3514.4,123.0,1297.3,38.0,1
1415,truck,8.5,road_loopA_r0,road_loopA_r1,3377.2,3515.5,138.3,1297.4,33.8,1
1432,car,4.5,road_loopA_r0,road_loopA_r1,3393.5,3515.8,122.3,1298.3,38.2,1
1436,suv,4.8,road_loopA_r0,road_loopA_r1,3396.8,3516.5,119.7,1297.9,39.0,1
1493,car,4.5,road_loopA_r0,xloopA_0Ab,3449.4,3516.8,67.4,869.3,46.4,0
1426,car,4.5,road_loopA_r0,road_loopA_r1,3392.0,3517.7,125.7,1298.6,37.2,1
1439,car,4.5,road_loopA_r0,road_loopA_r1,3404.3,3518.6,114.3,1298.1,40.9,0
1428,car,4.5,road_loopA_r0,road_loopA_r1,3392.8,3519.4,126.6,1297.9,36.9,1
1440,suv,4.8,road_loopA_r0,road_loopA_r1,3407.0,3521.2,114.2,1298.4,40.9,0
1443,car,4.5,road_loopA_r0,road_loopA_r1,3410.8,3521.2,110.4,1297.4,42.3,0
1467,car,4.5,road_loopA_r0,road_loopA_r1,3426.8,3522.6,95.8,1298.0,48.8,0
1448,car,4.5,road_loopA_r0,road_loopA_r1,3415.5,3523.0,107.5,1297.7,43.5,0
1445,car,4.5,road_loopA_r0,road_loopA_r1,3412.5,3523.1,110.6,1297.3,42.2,0
1459,suv,4.8,road_loopA_r0,road_loopA_r1,3420.7,3524.9,104.2,1298.1,44.9,0
1452,car,4.5,road_loopA_r0,road_loopA_r1,3417.8,3525.0,107.2,1297.9,43.6,0
1472,car,4.5,road_loopA_r0,road_loopA_r1,3430.3,3526.7,96.4,1298.6,48.5,0
1456,suv,4.8,road_loopA_r0,road_loopA_r1,3420.2,3526.9,106.7,1298.1,43.8,0
1476,car,4.5,road_loopA_r0,road_loopA_r1,3433.7,3527.5,93.8,1298.0,49.8,0
1435,suv,4.8,road_loopA_f0,road_loopA_f1,3394.4,3527.9,133.5,1303.5,35.1,1
1451,car,4.5,road_loopA_r0,road_loopA_r1,3417.7,3528.7,111.0,1297.3,42.1,0
1455,car,4.5,road_loopA_r0,road_loopA_r1,3419.0,3529.5,110.5,1297.8,42.3,0
1463,suv,4.8,road_loopA_r0,road_loopA_r1,3423.4,3530.4,107.0,1297.3,43.6,0
1441,car,4.5,road_loopA_f0,road_loopA_f1,3409.2,3530.9,121.7,1303.3,38.6,1
1461,car,4.5,road_loopA_r0,road_loopA_r1,3422.4,3531.1,108.7,1298.4,43.0,0
1446,car,4.5,road_loopA_f0,road_loopA_f1,3412.9,3531.4,118.5,1303.0,39.6,1
1481,truck,8.5,road_loopA_r0,road_loopA_r1,3438.5,3532.9,94.4,1297.9,49.5,0
1471,truck,8.5,road_loopA_r0,road_loopA_r1,3430.1,3534.2,104.1,1297.3,44.9,0
1450,car,4.5,road_loopA_f0,road_loopA_f1,3417.4,3534.3,116.9,1302.8,40.1,1
1480,car,4.5,road_loopA_r0,road_loopA_r1,3437.9,3536.3,98.4,1297.8,47.5,0
1488,suv,4.8,road_loopA_r0,road_loopA_r1,3445.6,3536.3,90.7,1297.3,51.5,0
1489,car,4.5,road_loopA_r0,xloopA_0Ab,3445.7,3536.9,91.2,869.0,34.3,1
1454,car,4.5,road_loopA_f0,road_loopA_f1,3418.8,3537.0,118.2,1304.1,39.7,1
1460,car,4.5,road_loopA_r0,road_loopA_r1,3422.2,3537.7,115.5,1297.5,40.4,0
1487,car,4.5,road_loopA_r0,road_loopA_r1,3445.0,3538.0,93.0,1297.3,50.2,0
1430,suv,4.8,road_loopA_f0,road_loopA_f1,3393.3,3538.1,144.8,1303.6,32.4,1
1458,car,4.5,road_loopA_f0,road_loopA_f1,3420.4,3538.7,118.3,1303.2,39.7,1
1462,car,4.5,road_loopA_f0,road_loopA_f1,3423.0,3539.2,116.2,1303.0,40.4,1
1545,car,4.5,road_loopA_f0,xloopA_0Bb,3499.4,3539.3,39.9,478.6,43.2,0
1490,suv,4.8,road_loopA_r0,road_loopA_r1,3445.9,3539.8,93.9,1297.3,49.8,0
1466,truck,8.5,road_loopA_f0,road_loopA_f1,3426.0,3541.3,115.3,1303.6,40.7,1
1497,car,4.5,road_loopA_r0,road_loopA_r1,3454.1,3543.7,89.6,1298.5,52.1,0
1469,truck,8.5,road_loopA_f0,road_loopA_f1,3428.5,3544.8,116.3,1302.9,40.3,1
1501,car,4.5,road_loopA_r0,road_loopA_r1,3457.6,3546.5,88.9,1297.3,52.5,0
1473,car,4.5,road_loopA_f0,road_loopA_f1,3431.2,3546.8,115.6,1302.9,40.6,1
1348,bus,11.0,road_loopA_r0,road_loopA_r1,3315.4,3547.1,231.7,1298.3,20.2,3
1429,suv,4.8,road_loopA_r0,xloopA_0Bb,3393.3,3548.2,154.9,896.0,20.8,1
1504,car,4.5,road_loopA_r0,road_loopA_r1,3458.7,3548.4,89.7,1298.4,52.1,0
1474,suv,4.8,road_loopA_f0,road_loopA_f1,3432.2,3548.7,116.5,1303.8,40.3,1
1475,car,4.5,road_loopA_f0,xloopA_0Ab,3432.6,3548.7,116.1,505.1,15.7,1
1479,car,4.5,road_loopA_f0,road_loopA_f1,3437.7,3550.1,112.4,1303.2,41.8,0
1482,car,4.5,road_loopA_r0,xloopA_0Bb,3441.7,3550.8,109.1,895.7,29.6,1
1506,suv,4.8,road_loopA_f0,xloopA_0Ab,3460.9,3551.3,90.4,504.9,20.1,1
1468,car,4.5,road_loopA_f0,road_loopA_f1,3428.0,3552.6,124.6,1303.0,37.6,1
1505,car,4.5,road_loopA_r0,xloopA_0Bb,3459.0,3553.4,94.4,895.4,34.1,1
1509,suv,4.8,road_loopA_r0,road_loopA_r1,3463.6,3553.6,90.0,1297.6,51.9,0
1484,car,4.5,road_loopA_f0,road_loopA_f1,3444.3,3553.7,109.4,1303.0,42.9,0
1513,suv,4.8,road_loopA_f0,xloopA_0Ab,3466.3,3554.1,87.8,505.6,20.7,1
1442,car,4.5,road_loopA_f0,road_loopA_f1,3410.7,3555.5,144.8,1303.9,32.4,1
1491,car,4.5,road_loopA_f0,road_loopA_f1,3447.3,3555.5,108.2,1302.9,43.4,0
1541,suv,4.8,road_loopA_f0,xloopA_0Ab,3493.8,3556.8,63.0,505.5,28.9,1
1495,truck,8.5,road_loopA_r0,xloopA_0Bb,3452.7,3556.9,104.2,895.5,30.9,1
1494,car,4.5,road_loopA_f0,road_loopA_f1,3450.2,3557.5,107.3,1303.1,43.7,0
1433,suv,4.8,road_loopA_f0,road_loopA_f1,3393.7,3558.3,164.6,1303.8,28.5,1
1517,car,4.5,road_loopA_r0,road_loopA_r1,3467.8,3558.7,90.9,1297.4,51.4,0
1486,car,4.5,xloopA_0Ba,road_loopA_f1,3445.0,3559.8,114.8,902.9,28.3,0
1453,suv,4.8,road_loopA_f0,road_loopA_f1,3418.4,3560.4,142.0,1303.3,33.0,1
1371,car,4.5,xloopA_0Aa,xloopA_0Ab,3335.8,3561.1,225.3,84.5,1.4,1
1485,car,4.5,road_loopA_f0,road_loopA_f1,3444.7,3561.2,116.5,1303.2,40.3,0
1431,suv,4.8,road_loopA_f0,road_loopA_f1,3393.5,3561.4,167.9,1303.4,27.9,1
1525,car,4.5,xloopA_0Ba,xloopA_0Bb,3472.8,3561.4,88.6,84.3,3.4,1
1522,car,4.5,road_loopA_r0,road_loopA_r1,3472.3,3561.9,89.6,1298.4,52.2,0
1510,truck,8.5,road_loopA_f0,road_loopA_f1,3464.1,3562.4,98.3,1302.9,47.7,0
1478,car,4.5,road_loopA_f0,road_loopA_f1,3437.7,3562.5,124.8,1303.2,37.6,0
1438,car,4.5,road_loopA_f0,road_loopA_f1,3400.0,3563.2,163.2,1303.0,28.8,1
1530,car,4.5,xloopA_0Ba,xloopA_0Bb,3482.7,3563.7,81.0,84.6,3.8,1
1496,suv,4.8,road_loopA_f0,road_loopA_f1,3452.9,3564.3,111.4,1303.7,42.1,0
1521,car,4.5,road_loopA_f0,road_loopA_f1,3470.8,3564.5,93.7,1303.9,50.1,0
1389,car,4.5,xloopA_0Aa,xloopA_0Ab,3355.3,3564.7,209.4,84.4,1.5,1
1437,car,4.5,road_loopA_f0,road_loopA_f1,3398.3,3565.3,167.0,1303.0,28.1,1
1566,car,4.5,xloopA_0Ba,xloopA_0Bb,3513.6,3565.7,52.1,84.2,5.8,1
1498,suv,4.8,road_loopA_f0,road_loopA_f1,3454.8,3566.1,111.3,1303.5,42.1,0
1524,car,4.5,road_loopA_f0,road_loopA_f1,3472.6,3566.4,93.8,1302.9,50.0,0
1519,truck,8.5,road_loopA_r0,road_loopA_r1,3468.2,3566.6,98.4,1298.4,47.5,0
1393,car,4.5,xloopA_0Aa,xloopA_0Ab,3356.4,3566.8,210.4,84.3,1.4,1
1449,car,4.5,road_loopA_f0,road_loopA_f1,3416.3,3567.0,150.7,1302.8,31.1,1
1594,car,4.5,xloopA_0Ba,xloopA_0Bb,3538.3,3568.0,29.7,84.5,10.3,0
1500,car,4.5,road_loopA_f0,road_loopA_f1,3457.5,3568.3,110.8,1302.8,42.3,0
1465,car,4.5,road_loopA_f0,road_loopA_f1,3425.2,3568.8,143.6,1303.8,32.7,1
1464,car,4.5,xloopA_0Aa,xloopA_0Ab,3424.9,3568.9,144.0,84.5,2.1,0
1526,suv,4.8,road_loopA_f0,road_loopA_f1,3473.7,3569.3,95.6,1302.8,49.0,0
1516,car,4.5,road_loopA_r0,road_loopA_r1,3467.6,3569.5,101.9,1298.3,45.8,0
1512,car,4.5,road_loopA_f0,road_loopA_f1,3464.8,3570.0,105.2,1303.4,44.6,0
1502,truck,8.5,road_loopA_r0,road_loopA_r1,3458.1,3570.3,112.2,1298.1,41.7,0
1470,truck,8.5,road_loopA_f0,road_loopA_f1,3430.1,3571.2,141.1,1303.9,33.3,0
1511,suv,4.8,road_loopA_f0,road_loopA_f1,3464.7,3571.7,107.0,1303.5,43.8,0
1483,suv,4.8,road_loopA_f0,road_loopA_f1,3442.6,3573.2,130.6,1303.9,35.9,0
1503,suv,4.8,road_loopA_f0,road_loopA_f1,3458.7,3573.6,114.9,1303.5,40.8,0
1527,car,4.5,road_loopA_f0,road_loopA_f1,3477.7,3574.2,96.5,1303.9,48.6,0
1492,car,4.5,road_loopA_f0,road_loopA_f1,3447.7,3575.2,127.5,1302.8,36.8,0
1515,car,4.5,road_loopA_f0,road_loopA_f1,3467.5,3576.7,109.2,1302.9,43.0,0
1499,suv,4.8,road_loopA_f0,road_loopA_f1,3455.6,3577.0,121.4,1303.8,38.7,0
1518,suv,4.8,road_loopA_f0,road_loopA_f1,3468.2,3578.8,110.6,1303.5,42.4,0
1529,car,4.5,road_loopA_f0,road_loopA_f1,3479.0,3578.8,99.8,1303.9,47.0,0
1536,car,4.5,road_loopA_f0,road_loopA_f1,3488.6,3582.9,94.3,1303.8,49.8,0
1531,car,4.5,road_loopA_f0,road_loopA_f1,3484.1,3583.1,99.0,1302.9,47.4,0
1571,car,4.5,road_loopA_f0,xloopA_0Bb,3517.4,3585.9,68.5,478.7,25.2,2
1549,car,4.5,road_loopA_r0,xloopA_0Ab,3501.5,3586.6,85.1,869.0,36.8,1
1538,car,4.5,road_loopA_f0,road_loopA_f1,3490.3,3588.4,98.1,1303.9,47.8,0
1544,car,4.5,road_loopA_f0,road_loopA_f1,3498.9,3593.1,94.2,1304.1,49.8,0
1543,car,4.5,road_loopA_f0,road_loopA_f1,3496.4,3596.2,99.8,1303.3,47.0,0
1542,suv,4.8,road_loopA_f0,road_loopA_f1,3496.0,3600.8,104.8,1303.2,44.8,0
1528,car,4.5,road_loopA_r0,road_loopA_r1,3478.6,3603.7,125.1,1297.9,37.3,1
1523,suv,4.8,road_loopA_r0,road_loopA_r1,3472.6,3604.9,132.3,1298.1,35.3,1
1540,car,4.5,road_loopA_r0,road_loopA_r1,3492.4,3605.2,112.8,1297.4,41.4,1
1533,car,4.5,road_loopA_r0,road_loopA_r1,3485.9,3612.5,126.6,1297.3,36.9,1
1520,truck,8.5,road_loopA_r0,road_loopA_r1,3469.2,3613.0,143.8,1298.0,32.5,1
1642,suv,4.8,road_loopA_f0,xloopA_0Bb,3573.4,3613.8,40.4,479.0,42.7,0
1546,car,4.5,road_loopA_r0,road_loopA_r1,3499.4,3614.2,114.8,1297.4,40.7,1
1537,suv,4.8,road_loopA_r0,road_loopA_r1,3489.0,3614.7,125.7,1297.9,37.2,1
1535,car,4.5,road_loopA_r0,road_loopA_r1,3487.6,3614.9,127.3,1297.6,36.7,1
1553,suv,4.8,road_loopA_r0,road_loopA_r1,3506.0,3616.0,110.0,1298.6,42.5,1
1539,car,4.5,road_loopA_r0,road_loopA_r1,3492.4,3616.6,124.2,1297.3,37.6,1
1555,car,4.5,road_loopA_r0,road_loopA_r1,3506.5,3617.6,111.1,1297.3,42.1,1
1547,car,4.5,road_loopA_r0,road_loopA_r1,3499.9,3618.4,118.5,1298.2,39.4,1
1556,car,4.5,road_loopA_r0,road_loopA_r1,3506.9,3619.2,112.3,1298.2,41.6,1
1564,car,4.5,road_loopA_r0,road_loopA_r1,3512.0,3620.3,108.3,1298.4,43.2,1
1550,car,4.5,road_loopA_r0,road_loopA_r1,3502.7,3621.4,118.7,1297.7,39.3,0
1565,truck,8.5,road_loopA_r0,road_loopA_r1,3512.5,3622.3,109.8,1297.6,42.5,0
1554,truck,8.5,road_loopA_r0,road_loopA_r1,3506.3,3623.5,117.2,1297.3,39.9,0
1568,car,4.5,road_loopA_r0,road_loopA_r1,3516.2,3624.2,108.0,1298.4,43.3,0
1514,car,4.5,road_loopA_r0,xloopA_0Bb,3466.2,3624.5,158.3,895.7,20.4,2
1567,car,4.5,road_loopA_f0,xloopA_0Ab,3514.7,3625.0,110.3,505.1,16.5,1
1572,suv,4.8,road_loopA_r0,road_loopA_r1,3519.0,3625.5,106.5,1297.5,43.9,0
1574,car,4.5,road_loopA_r0,road_loopA_r1,3524.5,3625.7,101.2,1298.2,46.2,0
1573,suv,4.8,road_loopA_r0,road_loopA_r1,3522.3,3626.0,103.7,1298.1,45.1,0
1578,suv,4.8,road_loopA_r0,xloopA_0Bb,3526.5,3627.1,100.6,895.8,32.0,1
1576,car,4.5,road_loopA_r0,road_loopA_r1,3525.8,3627.3,101.5,1297.5,46.0,0
1577,car,4.5,road_loopA_r0,road_loopA_r1,3525.8,3627.4,101.6,1297.6,46.0,0
1606,suv,4.8,road_loopA_f0,xloopA_0Ab,3549.1,3627.7,78.6,505.7,23.2,1
1582,car,4.5,road_loopA_r0,road_loopA_r1,3528.9,3628.6,99.7,1297.4,46.8,0
1579,suv,4.8,road_loopA_r0,road_loopA_r1,3526.6,3629.3,102.7,1298.5,45.5,0
1580,suv,4.8,road_loopA_r0,xloopA_0Bb,3526.7,3629.8,103.1,895.7,31.3,1
1608,car,4.5,road_loopA_f0,xloopA_0Ab,3552.0,3630.3,78.3,505.1,23.2,1
1589,car,4.5,road_loopA_r0,road_loopA_r1,3532.4,3630.4,98.0,1298.1,47.7,0
1583,suv,4.8,road_loopA_r0,road_loopA_r1,3528.9,3631.0,102.1,1297.5,45.7,0
1591,suv,4.8,road_loopA_r0,road_loopA_r1,3536.0,3632.2,96.2,1297.7,48.6,0
1551,car,4.5,road_loopA_f0,road_loopA_f1,3503.7,3632.4,128.7,1303.0,36.4,1
1593,suv,4.8,road_loopA_r0,xloopA_0Bb,3538.0,3632.5,94.5,895.6,34.1,1
1595,suv,4.8,road_loopA_r0,road_loopA_r1,3539.5,3632.9,93.4,1298.1,50.0,0
1552,suv,4.8,road_loopA_f0,road_loopA_f1,3504.0,3634.1,130.1,1303.1,36.1,1
1557,car,4.5,road_loopA_f0,road_loopA_f1,3507.5,3635.9,128.4,1303.5,36.5,1
1559,suv,4.8,road_loopA_f0,road_loopA_f1,3509.0,3637.5,128.5,1303.9,36.5,1
1558,suv,4.8,road_loopA_f0,road_loopA_f1,3509.0,3637.6,128.6,1303.0,36.5,1
1569,car,4.5,road_loopA_f0,road_loopA_f1,3516.4,3638.8,122.4,1303.1,38.3,1
1563,car,4.5,road_loopA_f0,road_loopA_f1,3511.3,3640.2,128.9,1304.1,36.4,1
1586,car,4.5,road_loopA_f0,road_loopA_f1,3530.3,3640.9,110.6,1304.0,42.5,1
1548,suv,4.8,road_loopA_f0,road_loopA_f1,3501.0,3641.1,140.1,1303.0,33.5,1
1607,car,4.5,road_loopA_r0,road_loopA_r1,3550.7,3641.8,91.1,1297.6,51.3,0
1508,car,4.5,xloopA_0Aa,xloopA_0Ab,3463.2,3641.8,178.6,84.7,1.7,1
1626,car,4.5,xloopA_0Ba,xloopA_0Bb,3561.7,3642.2,80.5,84.3,3.8,1
1570,car,4.5,xloopA_0Aa,xloopA_0Ab,3517.3,3643.9,126.6,84.7,2.4,1
1633,car,4.5,xloopA_0Ba,xloopA_0Bb,3564.5,3644.3,79.8,84.0,3.8,1
1590,car,4.5,road_loopA_f0,road_loopA_f1,3534.6,3644.6,110.0,1303.1,42.6,1
1560,car,4.5,road_loopA_f0,road_loopA_f1,3509.1,3644.8,135.7,1304.0,34.6,1
1532,bus,11.0,road_loopA_r0,road_loopA_r1,3485.2,3645.6,160.4,1298.3,29.1,1
1562,car,4.5,road_loopA_f0,road_loopA_f1,3510.8,3646.0,135.2,1303.0,34.7,1
1601,car,4.5,road_loopA_f0,road_loopA_f1,3543.9,3646.3,102.4,1303.2,45.8,0
1561,suv,4.8,road_loopA_f0,road_loopA_f1,3510.3,3648.0,137.7,1302.9,34.1,1
1656,car,4.5,xloopA_0Ba,xloopA_0Bb,3585.9,3648.0,62.1,84.1,4.9,0
1575,car,4.5,road_loopA_f0,road_loopA_f1,3525.5,3648.2,122.7,1303.7,38.2,1
1605,car,4.5,road_loopA_f0,road_loopA_f1,3548.8,3649.5,100.7,1303.1,46.6,0
1581,car,4.5,road_loopA_f0,road_loopA_f1,3527.2,3649.8,122.6,1303.0,38.3,1
1534,bus,11.0,road_loopA_r0,road_loopA_r1,3487.4,3650.1,162.7,1297.9,28.7,1
1584,car,4.5,road_loopA_f0,road_loopA_f1,3529.1,3650.4,121.3,1303.8,38.7,1
1596,car,4.5,road_loopA_f0,road_loopA_f1,3539.7,3651.7,112.0,1303.5,41.9,0
1616,car,4.5,road_loopA_f0,road_loopA_f1,3556.0,3652.2,96.2,1302.8,48.8,0
1592,truck,8.5,road_loopA_f0,road_loopA_f1,3537.0,3652.6,115.6,1304.0,40.6,1
1603,car,4.5,road_loopA_f0,road_loopA_f1,3545.8,3654.1,108.3,1303.8,43.3,0
1617,suv,4.8,road_loopA_f0,road_loopA_f1,3556.0,3654.1,98.1,1303.4,47.8,0
1598,car,4.5,road_loopA_f0,road_loopA_f1,3542.2,3654.5,112.3,1303.1,41.8,0
1622,car,4.5,road_loopA_f0,road_loopA_f1,3560.0,3655.9,95.9,1303.1,48.9,0
1614,car,4.5,road_loopA_f0,road_loopA_f1,3555.6,3657.9,102.3,1303.8,45.9,0
1632,car,4.5,road_loopA_f0,road_loopA_f1,3564.3,3659.1,94.8,1303.3,49.5,0
1644,car,4.5,road_loopA_r0,xloopA_0Ab,3574.9,3660.2,85.3,869.1,36.7,1
1627,truck,8.5,road_loopA_f0,road_loopA_f1,3562.0,3662.7,100.7,1303.4,46.6,0
1628,car,4.5,road_loopA_f0,road_loopA_f1,3562.4,3664.7,102.3,1304.0,45.9,0
1658,car,4.5,road_loopA_f0,xloopA_0Bb,3586.5,3665.8,79.3,478.6,21.7,2
1647,car,4.5,road_loopA_f0,road_loopA_f1,3576.8,3666.6,89.8,1304.1,52.3,0
1620,car,4.5,road_loopA_f0,road_loopA_f1,3557.8,3668.5,110.7,1304.0,42.4,0
1672,car,4.5,road_loopA_r0,xloopA_0Ab,3593.7,3668.6,74.9,869.1,41.8,0
1649,suv,4.8,road_loopA_f0,road_loopA_f1,3579.3,3669.5,90.2,1303.2,52.0,0
1679,car,4.5,road_loopA_f0,xloopA_0Bb,3597.9,3669.5,71.6,478.9,24.1,2
1618,car,4.5,road_loopA_f0,road_loopA_f1,3556.4,3670.7,114.3,1303.9,41.1,0
1602,car,4.5,road_loopA_f0,road_loopA_f1,3545.1,3671.4,126.3,1302.8,37.1,0
1643,car,4.5,road_loopA_r0,xloopA_0Ab,3573.8,3672.1,98.3,869.1,31.8,1
1709,car,4.5,road_loopA_f0,xloopA_0Bb,3625.0,3673.5,48.5,478.7,35.5,0
1639,truck,8.5,road_loopA_f0,road_loopA_f1,3568.6,3674.2,105.6,1303.4,44.4,0
1624,car,4.5,road_loopA_f0,road_loopA_f1,3560.7,3674.4,113.7,1302.9,41.3,0
1634,truck,8.5,road_loopA_f0,road_loopA_f1,3564.5,3676.7,112.2,1303.7,41.8,0
1715,car,4.5,road_loopA_f0,xloopA_0Bb,3629.9,3676.9,47.0,478.7,36.7,0
1636,bus,11.0,road_loopA_f0,road_loopA_f1,3566.2,3678.0,111.8,1303.8,42.0,1
1721,truck,8.5,road_loopA_f0,xloopA_0Bb,3635.5,3682.2,46.7,478.8,36.9,0
1640,car,4.5,road_loopA_f0,road_loopA_f1,3570.4,3682.6,112.2,1303.0,41.8,0
1611,car,4.5,xloopA_0Ba,road_loopA_r1,3554.1,3685.2,131.1,476.9,13.1,1
1600,suv,4.8,road_loopA_r0,road_loopA_r1,3543.7,3690.7,147.0,1297.5,31.8,1
1604,car,4.5,road_loopA_r0,road_loopA_r1,3548.3,3691.9,143.6,1297.9,32.5,1
1734,car,4.5,road_loopA_f0,xloopA_0Bb,3648.0,3692.5,44.5,478.7,38.7,0
1610,truck,8.5,road_loopA_r0,road_loopA_r1,3553.6,3692.9,139.3,1297.8,33.6,1
1710,car,4.5,road_loopA_r0,xloopA_0Ab,3625.3,3693.8,68.5,869.0,45.7,0
1609,suv,4.8,road_loopA_r0,road_loopA_r1,3552.1,3694.3,142.2,1297.4,32.8,1
1635,car,4.5,road_loopA_r0,road_loopA_r1,3565.9,3694.9,129.0,1298.6,36.2,1
1743,suv,4.8,road_loopA_f0,xloopA_0Bb,3652.7,3695.8,43.1,479.0,40.0,0
1612,car,4.5,road_loopA_r0,road_loopA_r1,3554.8,3697.8,143.0,1297.7,32.7,1
1629,car,4.5,road_loopA_r0,road_loopA_r1,3563.6,3698.0,134.4,1297.3,34.7,1
1585,car,4.5,xloopA_0Aa,road_loopA_r1,3529.3,3698.3,169.0,507.2,10.8,0
1615,car,4.5,road_loopA_r0,road_loopA_r1,3555.8,3699.7,143.9,1297.6,32.5,1
1646,car,4.5,road_loopA_r0,road_loopA_r1,3575.9,3699.8,123.9,1298.3,37.7,1
1625,suv,4.8,road_loopA_r0,road_loopA_r1,3561.5,3701.4,139.9,1298.3,33.4,1
1655,car,4.5,road_loopA_r0,road_loopA_r1,3585.7,3701.5,115.8,1298.0,40.4,1
1630,car,4.5,road_loopA_r0,road_loopA_r1,3563.6,3702.8,139.2,1298.2,33.6,1
1638,car,4.5,road_loopA_r0,road_loopA_r1,3567.0,3703.9,136.9,1298.6,34.1,1
1637,truck,8.5,road_loopA_r0,road_loopA_r1,3566.9,3705.0,138.1,1298.5,33.8,1
1651,car,4.5,road_loopA_r0,road_loopA_r1,3580.2,3707.0,126.8,1297.4,36.8,1
1660,truck,8.5,road_loopA_r0,road_loopA_r1,3588.2,3707.0,118.8,1297.5,39.3,0
1659,car,4.5,road_loopA_r0,road_loopA_r1,3586.5,3708.8,122.3,1297.6,38.2,1
1676,car,4.5,road_loopA_r0,road_loopA_r1,3595.8,3708.8,113.0,1298.2,41.3,0
1767,car,4.5,road_loopA_f0,xloopA_0Bb,3669.9,3710.1,40.2,479.0,42.9,0
1687,car,4.5,road_loopA_r0,road_loopA_r1,3604.4,3710.6,106.2,1297.7,44.0,0
1477,car,4.5,xloopA_0Aa,road_loopA_r1,3434.2,3710.8,276.6,506.8,6.6,1
1681,car,4.5,road_loopA_r0,road_loopA_r1,3599.6,3710.8,111.2,1297.4,42.0,0
1619,bus,11.0,road_loopA_f0,road_loopA_f1,3557.7,3711.9,154.2,1303.1,30.4,2
1652,car,4.5,road_loopA_f0,road_loopA_f1,3581.6,3711.9,130.3,1302.9,36.0,1
1613,car,4.5,road_loopA_r0,road_loopA_r1,3555.1,3712.5,157.4,1298.1,29.7,1
1691,car,4.5,road_loopA_r0,road_loopA_r1,3607.5,3712.6,105.1,1297.5,44.5,0
1700,suv,4.8,road_loopA_r0,road_loopA_r1,3611.8,3712.6,100.8,1298.0,46.4,0
1653,car,4.5,road_loopA_f0,road_loopA_f1,3582.0,3713.5,131.5,1304.1,35.7,1
1623,car,4.5,road_loopA_r0,road_loopA_r1,3560.5,3714.2,153.7,1298.0,30.4,1
1699,suv,4.8,road_loopA_r0,road_loopA_r1,3611.2,3714.4,103.2,1298.2,45.3,0
1701,truck,8.5,road_loopA_r0,road_loopA_r1,3612.1,3714.8,102.7,1298.4,45.5,0
1631,car,4.5,road_loopA_r0,road_loopA_r1,3563.9,3716.0,152.1,1298.2,30.7,1
1702,car,4.5,road_loopA_r0,road_loopA_r1,3612.6,3716.3,103.7,1297.5,45.1,0
1645,suv,4.8,road_loopA_r0,xloopA_0Bb,3575.5,3718.0,142.5,896.0,22.6,1
1683,truck,8.5,road_loopA_r0,road_loopA_r1,3600.5,3718.1,117.6,1298.1,39.7,0
1705,car,4.5,road_loopA_r0,road_loopA_r1,3615.0,3718.1,103.1,1298.4,45.3,0
1664,suv,4.8,road_loopA_f0,xloopA_0Ab,3590.3,3718.5,128.2,505.5,14.2,1
1662,car,4.5,road_loopA_f0,road_loopA_f1,3589.5,3719.1,129.6,1303.4,36.2,1
1697,car,4.5,road_loopA_r0,road_loopA_r1,3609.7,3720.0,110.3,1298.1,42.4,0
1695,car,4.5,road_loopA_r0,xloopA_0Bb,3608.8,3720.6,111.8,895.7,28.8,1
1712,suv,4.8,road_loopA_r0,road_loopA_r1,3628.6,3720.7,92.1,1297.7,50.7,0
1671,car,4.5,road_loopA_f0,road_loopA_f1,3593.6,3720.8,127.2,1303.6,36.9,1
1692,truck,8.5,road_loopA_r0,road_loopA_r1,3607.8,3720.8,113.0,1297.4,41.3,0
1714,car,4.5,road_loopA_r0,road_loopA_r1,3629.6,3721.5,91.9,1297.6,50.8,0
1719,suv,4.8,road_loopA_r0,road_loopA_r1,3634.2,3724.5,90.3,1297.6,51.8,0
1654,car,4.5,road_loopA_f0,road_loopA_f1,3584.3,3725.5,141.2,1303.8,33.2,1
1673,truck,8.5,road_loopA_f0,road_loopA_f1,3593.8,3726.1,132.3,1303.4,35.5,1
1704,suv,4.8,road_loopA_r0,road_loopA_r1,3614.3,3726.9,112.6,1298.4,41.5,0
1739,suv,4.8,road_loopA_r0,xloopA_0Bb,3649.9,3727.6,77.7,895.7,41.5,0
1717,truck,8.5,road_loopA_r0,road_loopA_r1,3632.7,3729.7,97.0,1297.5,48.2,0
1680,car,4.5,road_loopA_f0,road_loopA_f1,3598.3,3731.3,133.0,1303.4,35.3,1
1668,car,4.5,road_loopA_f0,road_loopA_f1,3591.5,3732.5,141.0,1303.9,33.3,1
1729,car,4.5,road_loopA_r0,road_loopA_r1,3642.6,3732.7,90.1,1297.6,51.8,0
1730,car,4.5,road_loopA_r0,road_loopA_r1,3642.9,3732.9,90.0,1298.2,51.9,0
1694,car,4.5,road_loopA_f0,road_loopA_f1,3608.7,3733.0,124.3,1304.0,37.8,1
1588,car,4.5,xloopA_0Aa,xloopA_0Ab,3532.5,3733.6,201.1,84.1,1.5,1
1684,car,4.5,road_loopA_f0,road_loopA_f1,3602.0,3734.4,132.4,1303.5,35.4,1
1669,truck,8.5,road_loopA_f0,road_loopA_f1,3591.5,3734.6,143.1,1303.8,32.8,1
1685,car,4.5,road_loopA_f0,road_loopA_f1,3602.1,3734.7,132.6,1303.8,35.4,1
1597,car,4.5,xloopA_0Aa,xloopA_0Ab,3540.0,3735.7,195.7,84.0,1.5,1
1686,car,4.5,road_loopA_f0,road_loopA_f1,3602.2,3736.1,133.9,1303.3,35.0,1
1690,car,4.5,xloopA_0Ba,xloopA_0Bb,3606.9,3736.5,129.6,84.7,2.4,1
1713,suv,4.8,road_loopA_f0,road_loopA_f1,3629.2,3737.0,107.8,1302.9,43.5,0
1599,car,4.5,xloopA_0Aa,xloopA_0Ab,3542.7,3737.9,195.2,84.0,1.5,1
1698,car,4.5,road_loopA_f0,road_loopA_f1,3609.8,3738.4,128.6,1304.0,36.5,1
1725,car,4.5,xloopA_0Ba,xloopA_0Bb,3638.3,3738.6,100.3,84.0,3.0,1
1621,car,4.5,xloopA_0Aa,xloopA_0Ab,3558.2,3740.3,182.1,84.5,1.7,0
1661,suv,4.8,road_loopA_f0,road_loopA_f1,3588.9,3740.7,151.8,1303.2,30.9,1
1750,car,4.5,xloopA_0Ba,xloopA_0Bb,3658.8,3740.8,82.0,84.7,3.7,0
1688,car,4.5,road_loopA_r0,road_loopA_r1,3604.5,3747.0,142.5,1298.0,32.8,0
1706,truck,8.5,road_loopA_f0,road_loopA_f1,3616.4,3750.7,134.3,1302.8,34.9,0
1720,car,4.5,road_loopA_f0,road_loopA_f1,3635.1,3750.8,115.7,1302.9,40.5,0
1678,car,4.5,road_loopA_f0,road_loopA_f1,3597.4,3751.1,153.7,1303.7,30.5,1
1724,car,4.5,road_loopA_f0,road_loopA_f1,3637.5,3752.6,115.1,1302.9,40.8,0
1727,car,4.5,road_loopA_f0,road_loopA_f1,3641.4,3753.2,111.8,1303.5,42.0,0
1744,car,4.5,road_loopA_f0,road_loopA_f1,3652.9,3754.3,101.4,1303.1,46.3,0
1728,car,4.5,road_loopA_f0,road_loopA_f1,3642.2,3754.5,112.3,1303.9,41.8,0
1696,suv,4.8,road_loopA_f0,road_loopA_f1,3609.2,3756.1,146.9,1303.1,31.9,1
1722,suv,4.8,road_loopA_f0,road_loopA_f1,3636.3,3756.1,119.8,1303.6,39.2,0
1733,car,4.5,road_loopA_f0,road_loopA_f1,3647.9,3757.9,110.0,1303.1,42.6,0
1707,suv,4.8,road_loopA_f0,road_loopA_f1,3616.8,3759.6,142.8,1303.7,32.9,1
1742,car,4.5,road_loopA_f0,road_loopA_f1,3651.3,3759.7,108.4,1303.8,43.3,0
1587,car,4.5,xloopA_0Aa,road_loopA_f1,3532.2,3760.7,228.5,872.3,13.7,0
1718,car,4.5,road_loopA_f0,road_loopA_f1,3633.5,3761.6,128.1,1303.6,36.6,0
1766,car,4.5,road_loopA_r0,xloopA_0Ab,3669.8,3762.3,92.5,868.9,33.8,1
1708,car,4.5,road_loopA_f0,road_loopA_f1,3620.6,3763.5,142.9,1303.6,32.8,1
1740,car,4.5,road_loopA_f0,road_loopA_f1,3650.2,3764.1,113.9,1303.0,41.2,0
1648,car,4.5,road_loopA_f0,road_loopA_f1,3578.0,3764.7,186.7,1303.7,25.1,1
1752,car,4.5,road_loopA_f0,road_loopA_f1,3659.4,3765.9,106.5,1303.7,44.1,0
1756,truck,8.5,road_loopA_f0,road_loopA_f1,3663.4,3768.1,104.7,1303.6,44.8,0
1682,car,4.5,road_loopA_f0,road_loopA_f1,3599.8,3768.2,168.4,1302.9,27.9,1
1760,car,4.5,road_loopA_f0,road_loopA_f1,3666.3,3770.1,103.8,1303.5,45.2,0
1763,car,4.5,road_loopA_r0,xloopA_0Ab,3667.6,3770.7,103.1,869.2,30.4,1
1753,truck,8.5,road_loopA_f0,road_loopA_f1,3659.7,3772.2,112.5,1303.2,41.7,0
1749,suv,4.8,road_loopA_f0,road_loopA_f1,3658.7,3774.3,115.6,1304.2,40.6,0
1731,car,4.5,road_loopA_f0,road_loopA_f1,3646.5,3774.5,128.0,1302.8,36.6,0
1693,car,4.5,road_loopA_f0,road_loopA_f1,3608.4,3776.7,168.3,1302.8,27.9,1
1723,car,4.5,road_loopA_f0,road_loopA_f1,3636.5,3776.8,140.3,1303.6,33.5,0
1738,car,4.5,road_loopA_f0,road_loopA_f1,3649.9,3777.8,127.9,1303.5,36.7,0
1745,car,4.5,road_loopA_f0,road_loopA_f1,3653.0,3778.9,125.9,1303.3,37.3,0
1663,truck,8.5,road_loopA_f0,road_loopA_f1,3589.7,3780.7,191.0,1304.1,24.6,1
1736,car,4.5,road_loopA_f0,road_loopA_f1,3649.1,3784.1,135.0,1303.4,34.8,0
1735,car,4.5,road_loopA_f0,road_loopA_f1,3648.6,3786.7,138.1,1303.4,34.0,0
1732,suv,4.8,road_loopA_f0,road_loopA_f1,3647.4,3786.8,139.4,1303.9,33.7,0
1746,car,4.5,road_loopA_r0,road_loopA_r1,3653.8,3788.5,134.7,1298.2,34.7,1
1674,car,4.5,road_loopA_f0,road_loopA_f1,3594.6,3789.1,194.5,1303.4,24.1,1
1762,car,4.5,road_loopA_r0,road_loopA_r1,3667.1,3790.1,123.0,1298.0,38.0,1
1666,car,4.5,xloopA_0Ba,road_loopA_f1,3590.5,3790.7,200.2,902.8,16.2,0
1786,car,4.5,xloopA_0Ba,road_loopA_r1,3685.8,3791.4,105.6,476.2,16.2,0
1759,car,4.5,road_loopA_r0,road_loopA_r1,3666.2,3792.0,125.8,1297.9,37.1,1
1703,car,4.5,road_loopA_f0,road_loopA_f1,3612.9,3792.3,179.4,1303.3,26.2,1
1689,car,4.5,xloopA_0Ba,road_loopA_r1,3605.0,3792.4,187.4,476.6,9.2,1
1650,truck,8.5,road_loopA_f0,road_loopA_f1,3579.6,3793.0,213.4,1303.3,22.0,1
1726,truck,8.5,road_loopA_r0,road_loopA_r1,3640.9,3793.6,152.7,1297.3,30.6,1
1777,suv,4.8,road_loopA_r0,road_loopA_r1,3677.3,3793.7,116.4,1297.3,40.1,1
1641,car,4.5,xloopA_0Aa,road_loopA_r1,3571.1,3794.4,223.3,506.7,8.2,0
1761,car,4.5,road_loopA_r0,road_loopA_r1,3666.5,3795.6,129.1,1297.9,36.2,1
1783,suv,4.8,road_loopA_r0,road_loopA_r1,3682.6,3795.7,113.1,1298.6,41.3,1
1754,car,4.5,road_loopA_r0,road_loopA_r1,3661.0,3796.1,135.1,1298.0,34.6,1
1784,suv,4.8,road_loopA_r0,road_loopA_r1,3682.7,3797.1,114.4,1297.9,40.8,0
1755,car,4.5,road_loopA_r0,road_loopA_r1,3661.3,3797.4,136.1,1297.7,34.3,1
1737,suv,4.8,road_loopA_r0,road_loopA_r1,3649.5,3797.9,148.4,1298.1,31.5,1
1791,car,4.5,road_loopA_r0,road_loopA_r1,3689.2,3798.3,109.1,1297.7,42.8,0
1758,truck,8.5,road_loopA_r0,road_loopA_r1,3664.6,3799.3,134.7,1297.9,34.7,1
1751,suv,4.8,road_loopA_r0,road_loopA_r1,3659.1,3799.6,140.5,1298.2,33.3,1
1792,car,4.5,road_loopA_r0,road_loopA_r1,3689.5,3800.3,110.8,1297.5,42.1,0
1802,car,4.5,road_loopA_r0,road_loopA_r1,3695.9,3801.3,105.4,1297.9,44.3,0
1764,truck,8.5,road_loopA_r0,road_loopA_r1,3668.0,3801.8,133.8,1298.4,34.9,1
1806,car,4.5,road_loopA_r0,road_loopA_r1,3697.9,3802.7,104.8,1297.7,44.6,0
1876,car,4.5,road_loopA_f0,xloopA_0Bb,3761.4,3802.7,41.3,478.8,41.7,0
1808,car,4.5,road_loopA_r0,road_loopA_r1,3698.9,3802.8,103.9,1297.3,45.0,0
1782,car,4.5,road_loopA_r0,road_loopA_r1,3682.3,3803.9,121.6,1297.5,38.4,0
1788,suv,4.8,road_loopA_r0,road_loopA_r1,3686.5,3804.7,118.2,1297.7,39.5,0
1821,car,4.5,road_loopA_r0,road_loopA_r1,3708.8,3805.0,96.2,1298.6,48.6,0
1772,car,4.5,road_loopA_f0,road_loopA_f1,3674.3,3806.1,131.8,1303.0,35.6,1
1790,suv,4.8,road_loopA_r0,road_loopA_r1,3687.6,3806.1,118.5,1298.0,39.4,0
1811,suv,4.8,road_loopA_r0,road_loopA_r1,3703.5,3807.5,104.0,1297.4,44.9,0
1826,car,4.5,road_loopA_r0,road_loopA_r1,3714.6,3808.7,94.1,1298.3,49.7,0
1800,car,4.5,road_loopA_r0,road_loopA_r1,3694.6,3809.0,114.4,1298.4,40.9,0
1815,car,4.5,road_loopA_r0,road_loopA_r1,3704.9,3809.2,104.3,1297.4,44.8,0
1773,car,4.5,road_loopA_f0,road_loopA_f1,3674.5,3809.3,134.8,1302.9,34.8,1
1813,suv,4.8,road_loopA_r0,road_loopA_r1,3704.5,3811.2,106.7,1298.2,43.8,0
1819,car,4.5,road_loopA_r0,road_loopA_r1,3707.0,3811.2,104.2,1298.3,44.9,0
1741,suv,4.8,road_loopA_r0,xloopA_0Bb,3650.8,3811.4,160.6,895.6,20.1,1
1677,car,4.5,road_loopA_f0,xloopA_0Ab,3596.7,3812.4,215.7,505.0,8.4,2
1833,car,4.5,road_loopA_r0,road_loopA_r1,3722.2,3812.4,90.2,1298.5,51.8,0
1816,car,4.5,road_loopA_r0,road_loopA_r1,3705.1,3813.0,107.9,1298.0,43.3,0
1820,car,4.5,road_loopA_r0,road_loopA_r1,3707.5,3813.4,105.9,1298.1,44.1,0
1747,car,4.5,road_loopA_r0,xloopA_0Bb,3653.9,3814.0,160.1,895.3,20.1,1
1780,car,4.5,road_loopA_f0,road_loopA_f1,3681.9,3814.1,132.2,1302.8,35.5,1
1716,car,4.5,road_loopA_f0,xloopA_0Ab,3631.4,3815.0,183.6,505.0,9.9,2
1824,car,4.5,road_loopA_r0,road_loopA_r1,3712.7,3815.2,102.5,1297.9,45.6,0
1837,car,4.5,road_loopA_r0,road_loopA_r1,3723.8,3815.8,92.0,1297.7,50.8,0
1770,car,4.5,road_loopA_f0,road_loopA_f1,3672.4,3816.9,144.5,1303.0,32.5,1
1787,truck,8.5,road_loopA_r0,xloopA_0Bb,3686.2,3817.5,131.3,895.9,24.6,1
1789,suv,4.8,road_loopA_f0,road_loopA_f1,3687.4,3817.5,130.1,1303.5,36.1,1
1757,suv,4.8,road_loopA_f0,road_loopA_f1,3663.7,3817.7,154.0,1303.8,30.5,1
1797,suv,4.8,road_loopA_f0,xloopA_0Ab,3692.2,3817.7,125.5,505.3,14.5,1
1823,car,4.5,road_loopA_r0,road_loopA_r1,3711.1,3817.7,106.6,1298.1,43.8,0
1778,truck,8.5,road_loopA_f0,road_loopA_f1,3678.5,3819.1,140.6,1302.8,33.4,1
1769,suv,4.8,road_loopA_f0,road_loopA_f1,3671.6,3819.4,147.8,1303.6,31.7,1
1809,suv,4.8,road_loopA_r0,road_loopA_r1,3699.5,3819.5,120.0,1297.5,38.9,1
1827,car,4.5,road_loopA_r0,road_loopA_r1,3715.5,3819.5,104.0,1297.6,44.9,0
1835,car,4.5,road_loopA_r0,road_loopA_r1,3723.4,3819.8,96.4,1297.9,48.5,0
1834,suv,4.8,road_loopA_r0,xloopA_0Bb,3722.9,3820.6,97.7,895.8,33.0,1
1771,car,4.5,road_loopA_f0,road_loopA_f1,3672.7,3821.2,148.5,1303.9,31.6,1
1798,suv,4.8,road_loopA_f0,road_loopA_f1,3692.4,3821.9,129.5,1303.3,36.2,1
1803,car,4.5,road_loopA_r0,road_loopA_r1,3696.2,3822.0,125.8,1298.5,37.1,1
1781,suv,4.8,road_loopA_f0,road_loopA_f1,3681.9,3822.3,140.4,1302.9,33.4,1
1774,car,4.5,road_loopA_f0,road_loopA_f1,3675.1,3822.9,147.8,1303.0,31.7,1
1795,truck,8.5,road_loopA_f0,road_loopA_f1,3690.5,3824.5,134.0,1304.0,35.0,1
1801,car,4.5,road_loopA_f0,road_loopA_f1,3694.7,3824.6,129.9,1303.0,36.1,1
1779,truck,8.5,road_loopA_f0,road_loopA_f1,3681.0,3825.1,144.1,1303.0,32.6,1
1793,car,4.5,xloopA_0Ba,xloopA_0Bb,3689.6,3826.5,136.9,84.2,2.2,1
1805,car,4.5,road_loopA_f0,road_loopA_f1,3697.8,3826.7,128.9,1302.8,36.4,1
1670,bus,11.0,road_loopA_r0,road_loopA_r1,3592.8,3827.2,234.4,1298.2,19.9,3
1785,car,4.5,road_loopA_f0,road_loopA_f1,3684.6,3827.2,142.6,1303.6,32.9,1
1657,car,4.5,xloopA_0Aa,xloopA_0Ab,3586.3,3827.4,241.1,84.4,1.3,1
1799,car,4.5,road_loopA_f0,road_loopA_f1,3694.2,3829.0,134.8,1302.9,34.8,1
1831,suv,4.8,road_loopA_f0,road_loopA_f1,3722.0,3829.0,107.0,1303.7,43.9,0
1794,truck,8.5,road_loopA_f0,road_loopA_f1,3690.1,3829.4,139.3,1303.9,33.7,1
1665,car,4.5,xloopA_0Aa,xloopA_0Ab,3590.6,3829.4,238.8,84.3,1.3,1
1804,car,4.5,xloopA_0Ba,xloopA_0Bb,3696.5,3830.4,133.9,84.2,2.3,1
1822,car,4.5,road_loopA_f0,road_loopA_f1,3710.9,3830.9,120.0,1303.4,39.1,1
1796,car,4.5,road_loopA_f0,road_loopA_f1,3690.8,3831.5,140.7,1303.8,33.4,1
1846,car,4.5,road_loopA_f0,road_loopA_f1,3732.3,3831.9,99.6,1303.1,47.1,0
1711,car,4.5,xloopA_0Aa,xloopA_0Ab,3625.5,3832.5,207.0,84.3,1.5,0
1812,car,4.5,xloopA_0Ba,xloopA_0Bb,3703.5,3832.7,129.2,84.5,2.4,1
1748,car,4.5,xloopA_0Aa,xloopA_0Ab,3658.4,3834.4,176.0,84.8,1.7,0
1843,car,4.5,road_loopA_f0,road_loopA_f1,3731.0,3834.7,103.7,1304.0,45.3,0
1814,car,4.5,xloopA_0Ba,xloopA_0Bb,3704.8,3835.0,130.2,84.7,2.3,0
1855,car,4.5,road_loopA_f0,road_loopA_f1,3741.1,3836.5,95.4,1303.1,49.2,0
1818,car,4.5,xloopA_0Ba,xloopA_0Bb,3705.8,3837.0,131.2,84.6,2.3,0
1817,suv,4.8,road_loopA_f0,road_loopA_f1,3705.1,3837.2,132.1,1303.6,35.5,1
1861,car,4.5,road_loopA_f0,road_loopA_f1,3747.0,3838.0,91.0,1302.8,51.5,0
1862,suv,4.8,road_loopA_f0,road_loopA_f1,3747.4,3840.3,92.9,1303.0,50.5,0
1841,truck,8.5,road_loopA_f0,road_loopA_f1,3728.7,3841.0,112.3,1303.3,41.8,0
1828,car,4.5,road_loopA_f0,road_loopA_f1,3715.8,3843.1,127.3,1303.8,36.9,0
1825,car,4.5,road_loopA_r0,xloopA_0Ab,3714.6,3843.2,128.6,868.9,24.3,2
1845,car,4.5,road_loopA_f0,road_loopA_f1,3732.1,3844.2,112.1,1303.7,41.9,0
1847,suv,4.8,road_loopA_f0,road_loopA_f1,3736.1,3845.7,109.6,1303.7,42.8,0
1854,suv,4.8,road_loopA_f0,road_loopA_f1,3740.8,3845.7,104.9,1303.8,44.7,0
1860,suv,4.8,road_loopA_f0,road_loopA_f1,3746.7,3847.3,100.6,1303.7,46.7,0
1851,suv,4.8,road_loopA_f0,road_loopA_f1,3739.1,3847.6,108.5,1303.4,43.3,0
1864,car,4.5,road_loopA_f0,road_loopA_f1,3750.9,3850.2,99.3,1302.8,47.2,0
1850,bus,11.0,road_loopA_f0,road_loopA_f1,3738.8,3851.1,112.3,1303.8,41.8,1
1870,car,4.5,road_loopA_f0,road_loopA_f1,3756.5,3852.2,95.7,1302.9,49.0,0
1810,suv,4.8,road_loopA_f0,road_loopA_f1,3701.1,3852.5,151.4,1303.6,31.0,0
1889,suv,4.8,road_loopA_f0,xloopA_0Bb,3771.1,3852.5,81.4,478.9,21.2,2
1871,suv,4.8,road_loopA_r0,xloopA_0Ab,3756.8,3853.3,96.5,869.2,32.4,1
1675,car,4.5,road_loopA_f0,road_loopA_f1,3595.4,3854.1,258.7,1302.8,18.1,2
1875,truck,8.5,road_loopA_f0,road_loopA_f1,3760.2,3857.8,97.6,1303.5,48.1,0
1880,car,4.5,road_loopA_f0,road_loopA_f1,3765.1,3858.3,93.2,1303.5,50.4,0
1865,car,4.5,road_loopA_f0,road_loopA_f1,3751.0,3859.0,108.0,1303.9,43.5,0
1906,car,4.5,road_loopA_f0,xloopA_0Bb,3790.8,3859.1,68.3,478.7,25.2,2
1872,truck,8.5,road_loopA_f0,road_loopA_f1,3757.0,3867.1,110.1,1303.3,42.6,0
1852,suv,4.8,road_loopA_r0,road_loopA_r1,3739.4,3870.4,131.0,1297.5,35.7,1
1848,suv,4.8,road_loopA_r0,road_loopA_r1,3736.2,3871.6,135.4,1297.5,34.5,1
1857,car,4.5,road_loopA_r0,road_loopA_r1,3741.9,3874.1,132.2,1298.3,35.4,1
1844,suv,4.8,road_loopA_r0,road_loopA_r1,3731.8,3878.4,146.6,1298.2,31.9,1
1863,car,4.5,road_loopA_r0,road_loopA_r1,3750.3,3878.4,128.1,1298.4,36.5,1
1950,car,4.5,road_loopA_f0,xloopA_0Bb,3839.2,3879.2,40.0,478.7,43.1,0
1883,car,4.5,road_loopA_r0,road_loopA_r1,3767.5,3881.3,113.8,1297.5,41.0,1
1840,bus,11.0,road_loopA_f0,road_loopA_f1,3727.8,3882.1,154.3,1303.2,30.4,2
1768,bus,11.0,road_loopA_f0,road_loopA_f1,3671.5,3883.2,211.7,1303.1,22.2,3
1838,car,4.5,road_loopA_r0,road_loopA_r1,3725.6,3885.6,160.0,1297.4,29.2,1
1853,truck,8.5,road_loopA_r0,road_loopA_r1,3740.2,3885.8,145.6,1297.3,32.1,1
1667,car,4.5,xloopA_0Aa,road_loopA_r1,3590.7,3887.5,296.8,507.1,6.2,1
1858,truck,8.5,road_loopA_r0,road_loopA_r1,3742.5,3888.1,145.6,1298.0,32.1,1
1877,suv,4.8,road_loopA_r0,road_loopA_r1,3763.2,3888.2,125.0,1297.9,37.4,1
1856,truck,8.5,road_loopA_r0,road_loopA_r1,3741.1,3889.6,148.5,1297.5,31.5,1
1887,suv,4.8,road_loopA_r0,road_loopA_r1,3770.0,3890.0,120.0,1297.7,38.9,0
1866,car,4.5,road_loopA_r0,road_loopA_r1,3753.4,3890.1,136.7,1298.4,34.2,1
1899,car,4.5,road_loopA_r0,road_loopA_r1,3787.0,3891.8,104.8,1298.7,44.6,0
1868,suv,4.8,road_loopA_r0,road_loopA_r1,3755.7,3891.9,136.2,1297.6,34.3,1
1878,suv,4.8,road_loopA_r0,road_loopA_r1,3763.2,3891.9,128.7,1297.5,36.3,1
1894,car,4.5,road_loopA_r0,road_loopA_r1,3776.9,3893.5,116.6,1297.8,40.1,0
1874,car,4.5,road_loopA_r0,road_loopA_r1,3759.4,3893.7,134.3,1297.9,34.8,1
1905,car,4.5,road_loopA_r0,road_loopA_r1,3790.5,3894.9,104.4,1298.0,44.7,0
1879,car,4.5,road_loopA_r0,road_loopA_r1,3763.3,3895.4,132.1,1297.8,35.4,1
1867,car,4.5,road_loopA_r0,road_loopA_r1,3755.7,3896.1,140.4,1297.6,33.3,1
1882,car,4.5,road_loopA_f0,road_loopA_f1,3765.9,3896.3,130.4,1303.6,36.0,1
1885,suv,4.8,road_loopA_f0,road_loopA_f1,3768.4,3896.4,128.0,1303.8,36.7,1
1910,car,4.5,road_loopA_r0,road_loopA_r1,3795.2,3896.6,101.4,1297.8,46.1,0
1888,truck,8.5,road_loopA_r0,road_loopA_r1,3770.2,3897.6,127.4,1297.3,36.7,1
1895,car,4.5,road_loopA_r0,road_loopA_r1,3780.2,3897.9,117.7,1298.2,39.7,0
1916,suv,4.8,road_loopA_r0,road_loopA_r1,3801.0,3898.5,97.5,1297.5,47.9,0
1903,car,4.5,road_loopA_r0,road_loopA_r1,3789.6,3899.7,110.1,1298.2,42.4,0
1900,car,4.5,road_loopA_r0,road_loopA_r1,3787.0,3899.8,112.8,1297.6,41.4,0
1913,suv,4.8,road_loopA_r0,road_loopA_r1,3798.4,3900.5,102.1,1297.7,45.7,0
1912,suv,4.8,road_loopA_r0,road_loopA_r1,3796.8,3901.6,104.8,1298.6,44.6,0
1904,truck,8.5,road_loopA_r0,road_loopA_r1,3789.7,3902.0,112.3,1297.8,41.6,0
1908,suv,4.8,road_loopA_r0,road_loopA_r1,3792.7,3904.1,111.4,1298.3,42.0,0
1929,suv,4.8,road_loopA_r0,road_loopA_r1,3812.0,3904.5,92.5,1298.1,50.5,0
1909,car,4.5,road_loopA_f0,xloopA_0Ab,3795.0,3905.5,110.5,505.1,16.5,1
1927,suv,4.8,road_loopA_r0,road_loopA_r1,3810.7,3905.9,95.2,1298.2,49.1,0
1892,truck,8.5,road_loopA_f0,road_loopA_f1,3775.8,3906.0,130.2,1303.6,36.0,1
1920,car,4.5,road_loopA_r0,road_loopA_r1,3803.2,3906.1,102.9,1297.8,45.4,0
1830,truck,8.5,road_loopA_r0,xloopA_0Bb,3721.7,3906.2,184.5,895.9,17.5,2
1932,car,4.5,road_loopA_r0,road_loopA_r1,3815.1,3907.6,92.5,1298.7,50.6,0
1956,car,4.5,road_loopA_f0,xloopA_0Ab,3848.9,3908.1,59.2,505.1,30.7,1
1886,car,4.5,road_loopA_f0,road_loopA_f1,3769.4,3908.2,138.8,1303.7,33.8,1
1893,car,4.5,road_loopA_f0,road_loopA_f1,3775.8,3908.9,133.1,1303.4,35.3,1
1901,suv,4.8,road_loopA_r0,xloopA_0Bb,3787.1,3909.2,122.1,895.9,26.4,1
1919,car,4.5,road_loopA_r0,road_loopA_r1,3803.0,3909.8,106.8,1297.6,43.7,0
1891,suv,4.8,road_loopA_f0,road_loopA_f1,3774.8,3910.7,135.9,1304.1,34.5,1
1897,suv,4.8,road_loopA_f0,road_loopA_f1,3786.1,3911.5,125.4,1302.9,37.4,1
1911,car,4.5,road_loopA_r0,xloopA_0Bb,3795.2,3911.8,116.6,895.4,27.6,1
1915,car,4.5,road_loopA_r0,road_loopA_r1,3800.2,3912.4,112.2,1297.6,41.6,0
1898,car,4.5,road_loopA_f0,road_loopA_f1,3786.9,3913.1,126.2,1303.8,37.2,1
1902,car,4.5,road_loopA_f0,road_loopA_f1,3787.7,3913.3,125.6,1303.9,37.4,1
1914,car,4.5,road_loopA_f0,road_loopA_f1,3799.2,3915.1,115.9,1303.1,40.5,0
1881,car,4.5,road_loopA_f0,road_loopA_f1,3765.5,3915.3,149.8,1303.7,31.3,1
1937,car,4.5,road_loopA_r0,road_loopA_r1,3821.4,3915.6,94.2,1298.1,49.6,0
1918,suv,4.8,road_loopA_f0,road_loopA_f1,3802.0,3916.8,114.8,1303.0,40.8,0
1923,car,4.5,road_loopA_f0,road_loopA_f1,3806.3,3918.6,112.3,1303.2,41.8,0
1907,car,4.5,road_loopA_f0,road_loopA_f1,3792.1,3918.9,126.8,1303.4,37.0,1
1884,suv,4.8,road_loopA_f0,road_loopA_f1,3768.1,3919.5,151.4,1303.6,31.0,1
1836,car,4.5,xloopA_0Ba,xloopA_0Bb,3723.9,3919.5,195.6,84.1,1.5,1
1925,car,4.5,road_loopA_f0,road_loopA_f1,3808.5,3920.5,112.0,1303.4,41.9,0
1917,car,4.5,road_loopA_f0,road_loopA_f1,3801.8,3920.6,118.8,1304.1,39.5,1
1938,suv,4.8,road_loopA_r0,road_loopA_r1,3823.8,3921.0,97.2,1298.0,48.1,0
1765,car,4.5,xloopA_0Aa,xloopA_0Ab,3668.2,3921.0,252.8,84.3,1.2,1
1939,car,4.5,road_loopA_r0,road_loopA_r1,3825.5,3921.7,96.2,1297.4,48.5,0
1922,car,4.5,road_loopA_f0,road_loopA_f1,3806.0,3922.2,116.2,1302.8,40.4,0
1930,suv,4.8,road_loopA_f0,road_loopA_f1,3813.3,3922.3,109.0,1304.0,43.1,0
1940,suv,4.8,road_loopA_r0,road_loopA_r1,3827.3,3922.7,95.4,1298.2,49.0,0
1842,car,4.5,xloopA_0Ba,xloopA_0Bb,3730.6,3922.8,192.2,84.6,1.6,1
1776,car,4.5,xloopA_0Aa,xloopA_0Ab,3675.9,3923.2,247.3,84.5,1.2,1
1924,suv,4.8,road_loopA_f0,road_loopA_f1,3806.9,3923.6,116.7,1303.4,40.2,0
1928,car,4.5,road_loopA_f0,road_loopA_f1,3811.5,3925.4,113.9,1303.7,41.2,0
1859,car,4.5,xloopA_0Ba,xloopA_0Bb,3745.5,3925.4,179.9,84.5,1.7,0
1933,car,4.5,road_loopA_f0,road_loopA_f1,3816.2,3925.5,109.3,1303.6,42.9,0
1931,car,4.5,road_loopA_f0,road_loopA_f1,3814.5,3926.8,112.3,1303.5,41.8,0
1945,suv,4.8,road_loopA_f0,road_loopA_f1,3832.8,3927.1,94.3,1303.0,49.8,0
1935,car,4.5,road_loopA_f0,road_loopA_f1,3818.5,3928.5,110.0,1303.5,42.7,0
1936,car,4.5,road_loopA_f0,road_loopA_f1,3818.8,3929.0,110.2,1303.1,42.6,0
1943,car,4.5,road_loopA_f0,road_loopA_f1,3829.7,3932.0,102.3,1302.9,45.8,0
1955,suv,4.8,road_loopA_f0,road_loopA_f1,3848.1,3937.4,89.3,1303.1,52.5,0
1958,car,4.5,road_loopA_r0,xloopA_0Ab,3850.9,3938.1,87.2,869.1,35.9,1
1957,car,4.5,road_loopA_f0,road_loopA_f1,3850.5,3940.6,90.1,1302.8,52.1,0
2000,car,4.5,road_loopA_f0,xloopA_0Bb,3886.2,3946.9,60.7,478.6,28.4,1
1965,car,4.5,road_loopA_f0,road_loopA_f1,3857.8,3947.2,89.4,1303.1,52.5,0
1949,car,4.5,road_loopA_r0,xloopA_0Ab,3836.7,3947.4,110.7,869.2,28.3,3
2017,suv,4.8,road_loopA_f0,xloopA_0Bb,3897.5,3950.7,53.2,479.1,32.4,1
1953,car,4.5,road_loopA_f0,road_loopA_f1,3845.1,3954.6,109.5,1303.8,42.9,0
1807,car,4.5,xloopA_0Aa,road_loopA_r1,3698.7,3974.5,275.8,506.6,6.6,1
1934,car,4.5,road_loopA_r0,road_loopA_r1,3816.6,3975.1,158.5,1297.6,29.5,1
1951,suv,4.8,road_loopA_r0,road_loopA_r1,3839.5,3976.7,137.2,1297.8,34.1,1
1921,car,4.5,xloopA_0Ba,road_loopA_r1,3804.9,3977.1,172.2,476.9,10.0,0
1959,car,4.5,road_loopA_r0,road_loopA_r1,3852.8,3978.0,125.2,1298.4,37.3,1
1896,bus,11.0,road_loopA_f0,road_loopA_f1,3785.6,3978.1,192.5,1302.8,24.4,4
1829,car,4.5,xloopA_0Aa,road_loopA_r1,3718.3,3979.0,260.7,506.8,7.0,0
1962,suv,4.8,road_loopA_r0,road_loopA_r1,3853.8,3979.3,125.5,1297.3,37.2,1
1944,truck,8.5,road_loopA_r0,road_loopA_r1,3829.8,3979.9,150.1,1297.6,31.1,1
1964,truck,8.5,road_loopA_r0,road_loopA_r1,3857.0,3981.3,124.3,1298.5,37.6,1
1942,car,4.5,road_loopA_r0,road_loopA_r1,3828.8,3982.0,153.2,1297.4,30.5,1
1973,car,4.5,road_loopA_r0,road_loopA_r1,3863.0,3983.4,120.4,1298.6,38.8,1
1946,car,4.5,road_loopA_r0,road_loopA_r1,3833.0,3983.9,150.9,1298.4,31.0,1
1948,car,4.5,road_loopA_r0,road_loopA_r1,3833.7,3985.6,151.9,1298.4,30.8,1
1832,car,4.5,xloopA_0Aa,road_loopA_r1,3722.3,3985.9,263.6,506.4,6.9,0
1976,suv,4.8,road_loopA_r0,road_loopA_r1,3866.4,3986.0,119.6,1297.3,39.0,9
1952,car,4.5,road_loopA_r0,road_loopA_r1,3844.6,3987.6,143.0,1297.6,32.7,1
1984,suv,4.8,road_loopA_r0,road_loopA_r1,3876.1,3987.8,111.7,1298.3,41.8,0
1947,truck,8.5,road_loopA_r0,road_loopA_r1,3833.4,3988.1,154.7,1297.7,30.2,1
1986,car,4.5,road_loopA_r0,road_loopA_r1,3878.7,3989.6,110.9,1297.3,42.1,0
1963,truck,8.5,road_loopA_r0,road_loopA_r1,3856.1,3989.7,133.6,1297.6,35.0,1
1954,car,4.5,road_loopA_r0,road_loopA_r1,3847.9,3990.1,142.2,1298.0,32.8,1
1968,car,4.5,road_loopA_f0,road_loopA_f1,3860.8,3991.5,130.7,1304.0,35.9,1
1967,suv,4.8,road_loopA_r0,road_loopA_r1,3860.7,3991.7,131.0,1297.4,35.7,1
1969,car,4.5,road_loopA_r0,road_loopA_r1,3861.7,3991.8,130.1,1297.6,35.9,1
1991,car,4.5,road_loopA_r0,road_loopA_r1,3881.0,3992.2,111.2,1298.1,42.0,0
1978,suv,4.8,road_loopA_r0,road_loopA_r1,3870.9,3993.5,122.6,1298.2,38.1,0
1966,truck,8.5,road_loopA_r0,road_loopA_r1,3860.6,3994.1,133.5,1298.6,35.0,1
1972,car,4.5,road_loopA_f0,road_loopA_f1,3862.4,3994.5,132.1,1303.0,35.5,1
1981,car,4.5,road_loopA_f0,road_loopA_f1,3872.4,3994.7,122.3,1303.8,38.4,1
1989,car,4.5,road_loopA_r0,road_loopA_r1,3880.0,3995.2,115.2,1297.5,40.6,0
2009,car,4.5,road_loopA_r0,road_loopA_r1,3889.1,3995.2,106.1,1298.4,44.0,0
1971,car,4.5,road_loopA_r0,road_loopA_r1,3862.4,3996.1,133.7,1297.7,34.9,1
1977,car,4.5,road_loopA_r0,road_loopA_r1,3870.3,3997.0,126.7,1297.8,36.9,0
1985,suv,4.8,road_loopA_r0,road_loopA_r1,3877.1,3997.4,120.3,1297.6,38.8,0
1974,truck,8.5,road_loopA_r0,road_loopA_r1,3865.0,3998.4,133.4,1298.0,35.0,1
2023,car,4.5,road_loopA_f0,xloopA_0Ab,3909.0,3999.0,90.0,505.1,20.2,1
1990,truck,8.5,road_loopA_r0,xloopA_0Bb,3880.1,3999.6,119.5,895.3,27.0,1
1992,car,4.5,road_loopA_r0,road_loopA_r1,3882.2,4000.2,118.0,1298.4,39.6,0
1980,car,4.5,road_loopA_r0,road_loopA_r1,3871.8,4000.9,129.1,1297.7,36.2,0
1997,suv,4.8,road_loopA_f0,road_loopA_f1,3885.9,4001.0,115.1,1303.1,40.7,1
2044,suv,4.8,road_loopA_f0,xloopA_0Ab,3938.6,4001.7,63.1,505.7,28.8,1
1994,suv,4.8,road_loopA_r0,road_loopA_r1,3883.3,4001.8,118.5,1297.8,39.4,0
1988,car,4.5,road_loopA_r0,road_loopA_r1,3879.5,4002.6,123.1,1297.7,38.0,0
1975,suv,4.8,road_loopA_f0,road_loopA_f1,3865.1,4002.7,137.6,1303.6,34.1,1
2007,car,4.5,road_loopA_f0,road_loopA_f1,3888.7,4003.1,114.4,1303.8,41.0,1
2002,car,4.5,road_loopA_r0,road_loopA_r1,3887.8,4003.9,116.1,1297.7,40.2,0
2031,truck,8.5,road_loopA_r0,xloopA_0Bb,3922.6,4003.9,81.3,895.8,39.7,0
1982,car,4.5,road_loopA_f0,road_loopA_f1,3873.7,4004.4,130.7,1303.1,35.9,1
1993,car,4.5,road_loopA_r0,road_loopA_r1,3883.4,4004.7,121.3,1297.9,38.5,0
2022,truck,8.5,road_loopA_r0,road_loopA_r1,3908.9,4004.8,95.9,1297.5,48.7,0
2003,car,4.5,road_loopA_f0,road_loopA_f1,3887.8,4005.8,118.0,1304.2,39.8,1
2005,car,4.5,road_loopA_r0,road_loopA_r1,3888.3,4006.6,118.3,1298.6,39.5,0
2004,suv,4.8,road_loopA_r0,road_loopA_r1,3887.9,4007.6,119.7,1297.4,39.0,0
2021,car,4.5,road_loopA_r0,road_loopA_r1,3903.2,4008.3,105.1,1297.8,44.4,0
2012,truck,8.5,road_loopA_f0,road_loopA_f1,3892.3,4008.4,116.1,1302.8,40.4,1
2011,car,4.5,road_loopA_r0,road_loopA_r1,3890.3,4009.5,119.2,1298.3,39.2,0
2024,car,4.5,road_loopA_r0,road_loopA_r1,3910.4,4010.1,99.7,1297.6,46.8,0
1849,car,4.5,xloopA_0Aa,xloopA_0Ab,3736.9,4011.2,274.3,84.6,1.1,1
1996,car,4.5,road_loopA_f0,road_loopA_f1,3885.1,4011.9,126.8,1303.1,37.0,1
2008,car,4.5,road_loopA_f0,road_loopA_f1,3888.9,4012.3,123.4,1303.1,38.0,1
1983,car,4.5,road_loopA_f0,road_loopA_f1,3875.6,4013.4,137.8,1303.5,34.1,1
2014,car,4.5,road_loopA_f0,road_loopA_f1,3894.5,4013.6,119.1,1303.6,39.4,1
2018,car,4.5,road_loopA_f0,road_loopA_f1,3899.7,4015.5,115.8,1304.1,40.5,1
2027,suv,4.8,road_loopA_r0,road_loopA_r1,3920.6,4015.7,95.1,1298.1,49.1,0
2006,suv,4.8,road_loopA_f0,road_loopA_f1,3888.7,4017.0,128.3,1302.9,36.6,1
2026,car,4.5,road_loopA_f0,road_loopA_f1,3916.7,4017.3,100.6,1303.8,46.7,0
2013,car,4.5,road_loopA_f0,road_loopA_f1,3892.6,4017.8,125.2,1304.1,37.5,1
2025,car,4.5,xloopA_0Ba,xloopA_0Bb,3916.0,4017.9,101.9,84.3,3.0,1
2010,suv,4.8,road_loopA_f0,road_loopA_f1,3889.5,4019.5,130.0,1303.3,36.1,1
2035,truck,8.5,road_loopA_f0,road_loopA_f1,3925.5,4019.8,94.3,1303.9,49.8,0
1890,car,4.5,xloopA_0Aa,xloopA_0Ab,3772.3,4020.0,247.7,84.1,1.2,0
2029,car,4.5,xloopA_0Ba,xloopA_0Bb,3921.7,4020.0,98.3,84.0,3.1,0
2001,car,4.5,road_loopA_f0,road_loopA_f1,3887.5,4021.4,133.9,1303.7,35.0,1
2039,car,4.5,road_loopA_f0,road_loopA_f1,3929.2,4021.7,92.5,1302.8,50.7,0
1926,car,4.5,xloopA_0Aa,xloopA_0Ab,3810.0,4021.9,211.9,84.3,1.4,0
2033,car,4.5,xloopA_0Ba,xloopA_0Bb,3924.1,4022.0,97.9,84.8,3.1,0
2037,car,4.5,road_loopA_f0,road_loopA_f1,3926.8,4023.7,96.9,1303.1,48.4,0
1941,car,4.5,xloopA_0Aa,xloopA_0Ab,3827.5,4023.8,196.3,84.5,1.5,0
2050,car,4.5,xloopA_0Ba,xloopA_0Bb,3943.8,4023.9,80.1,84.7,3.8,0
1839,car,4.5,xloopA_0Ba,road_loopA_f1,3725.9,4024.5,298.6,903.0,10.9,1
2016,car,4.5,road_loopA_f0,road_loopA_f1,3896.0,4025.3,129.3,1304.0,36.3,1
2030,suv,4.8,road_loopA_f0,road_loopA_f1,3921.8,4026.4,104.6,1303.3,44.8,0
1970,truck,8.5,road_loopA_f0,road_loopA_f1,3862.0,4026.7,164.7,1303.1,28.5,1
2034,car,4.5,road_loopA_f0,road_loopA_f1,3925.5,4028.8,103.3,1302.9,45.4,0
2028,suv,4.8,road_loopA_r0,xloopA_0Ab,3921.1,4028.9,107.8,869.3,29.0,2
1979,truck,8.5,road_loopA_f0,road_loopA_f1,3871.0,4029.2,158.2,1302.8,29.6,1
2047,car,4.5,road_loopA_f0,road_loopA_f1,3939.5,4030.5,91.0,1303.2,51.6,0
2020,car,4.5,road_loopA_f0,road_loopA_f1,3902.0,4031.1,129.1,1303.9,36.4,2
1987,car,4.5,road_loopA_f0,road_loopA_f1,3879.0,4031.2,152.2,1303.1,30.8,1
1995,car,4.5,road_loopA_f0,road_loopA_f1,3884.0,4032.9,148.9,1303.0,31.5,1
2040,car,4.5,road_loopA_f0,road_loopA_f1,3931.5,4034.8,103.3,1303.0,45.4,0
2090,car,4.5,road_loopA_f0,xloopA_0Bb,3987.7,4036.3,48.6,478.5,35.4,0
2052,truck,8.5,road_loopA_r0,xloopA_0Ab,3943.9,4038.3,94.4,869.0,33.2,1
2060,car,4.5,road_loopA_f0,road_loopA_f1,3948.1,4040.4,92.3,1303.2,50.8,0
2106,car,4.5,road_loopA_f0,xloopA_0Bb,4000.4,4042.3,41.9,478.7,41.1,0
2061,suv,4.8,road_loopA_f0,road_loopA_f1,3949.4,4043.6,94.2,1302.8,49.8,0
2046,car,4.5,road_loopA_f0,road_loopA_f1,3939.1,4043.8,104.7,1303.6,44.8,0
2049,car,4.5,road_loopA_f0,road_loopA_f1,3942.2,4045.5,103.3,1302.8,45.4,0
2055,truck,8.5,road_loopA_f0,road_loopA_f1,3945.4,4047.7,102.3,1303.1,45.8,0
2059,car,4.5,road_loopA_f0,road_loopA_f1,3948.0,4049.8,101.8,1303.7,46.1,0
2043,car,4.5,road_loopA_r0,road_loopA_r1,3935.2,4054.1,118.9,1297.6,39.3,1
2080,car,4.5,road_loopA_r0,xloopA_0Ab,3976.7,4055.9,79.2,869.1,39.5,0
2045,truck,8.5,road_loopA_f0,road_loopA_f1,3938.6,4058.0,119.4,1303.2,39.3,0
2048,car,4.5,road_loopA_r0,road_loopA_r1,3941.1,4058.0,116.9,1298.6,40.0,1
2038,suv,4.8,road_loopA_r0,road_loopA_r1,3928.3,4060.0,131.7,1297.8,35.5,1
2051,car,4.5,road_loopA_r0,road_loopA_r1,3943.8,4062.5,118.7,1298.1,39.4,1
2041,car,4.5,road_loopA_r0,road_loopA_r1,3932.1,4064.0,131.9,1298.2,35.4,1
2054,suv,4.8,road_loopA_r0,road_loopA_r1,3944.7,4064.2,119.5,1297.3,39.1,1
2056,suv,4.8,road_loopA_r0,road_loopA_r1,3945.9,4065.6,119.7,1298.0,39.0,1
2069,suv,4.8,road_loopA_r0,xloopA_0Ab,3964.5,4065.7,101.2,869.4,30.9,1
1999,car,4.5,xloopA_0Ba,road_loopA_r1,3886.2,4066.0,179.8,476.8,9.5,1
2058,car,4.5,road_loopA_r0,road_loopA_r1,3947.3,4067.5,120.2,1297.9,38.9,1
2075,car,4.5,road_loopA_r0,road_loopA_r1,3970.9,4067.9,97.0,1298.2,48.2,0
2057,car,4.5,road_loopA_r0,road_loopA_r1,3947.3,4068.1,120.8,1297.6,38.7,1
2068,car,4.5,road_loopA_r0,road_loopA_r1,3963.3,4069.8,106.5,1298.2,43.9,0
2081,car,4.5,road_loopA_r0,road_loopA_r1,3978.7,4070.0,91.3,1298.4,51.2,0
2082,suv,4.8,road_loopA_r0,road_loopA_r1,3979.6,4071.2,91.6,1297.9,51.0,0
2072,car,4.5,road_loopA_r0,road_loopA_r1,3969.3,4071.5,102.2,1298.3,45.8,0
2076,car,4.5,road_loopA_r0,road_loopA_r1,3971.8,4073.2,101.4,1297.7,46.1,0
1873,car,4.5,xloopA_0Aa,road_loopA_r1,3757.4,4073.6,316.2,506.7,5.8,1
2066,car,4.5,road_loopA_r0,road_loopA_r1,3959.1,4074.3,115.2,1297.9,40.6,0
2078,car,4.5,road_loopA_r0,road_loopA_r1,3973.5,4075.0,101.5,1298.4,46.1,0
2053,car,4.5,road_loopA_r0,road_loopA_r1,3944.8,4075.3,130.5,1297.5,35.8,1
2079,car,4.5,road_loopA_r0,road_loopA_r1,3976.3,4076.0,99.7,1297.4,46.8,0
2084,car,4.5,road_loopA_r0,road_loopA_r1,3980.3,4076.7,96.4,1297.7,48.4,0
2091,car,4.5,road_loopA_r0,road_loopA_r1,3987.8,4078.0,90.2,1298.3,51.8,0
2089,suv,4.8,road_loopA_r0,road_loopA_r1,3987.1,4078.7,91.6,1297.6,51.0,0
2093,car,4.5,road_loopA_r0,road_loopA_r1,3990.2,4081.0,90.8,1298.5,51.5,0
2092,car,4.5,road_loopA_r0,road_loopA_r1,3990.2,4081.1,90.9,1297.5,51.4,0
2071,suv,4.8,road_loopA_r0,road_loopA_r1,3967.9,4081.4,113.5,1298.0,41.2,0
2095,car,4.5,road_loopA_r0,road_loopA_r1,3991.8,4082.9,91.1,1297.9,51.3,0
2097,car,4.5,road_loopA_r0,road_loopA_r1,3992.9,4085.0,92.1,1297.9,50.7,0
2065,suv,4.8,road_loopA_f0,road_loopA_f1,3957.8,4085.9,128.1,1303.3,36.6,1
2098,car,4.5,road_loopA_r0,road_loopA_r1,3994.1,4087.4,93.3,1298.5,50.1,0
2067,suv,4.8,road_loopA_f0,road_loopA_f1,3961.8,4088.9,127.1,1304.1,36.9,1
2103,car,4.5,road_loopA_r0,xloopA_0Ab,3998.7,4089.9,91.2,869.1,34.3,1
2036,bus,11.0,road_loopA_f0,road_loopA_f1,3926.8,4090.5,163.7,1303.4,28.7,2
2096,car,4.5,road_loopA_f0,road_loopA_f1,3992.2,4094.3,102.1,1303.3,46.0,0
2073,car,4.5,road_loopA_f0,road_loopA_f1,3969.4,4094.6,125.2,1303.7,37.5,1
2100,suv,4.8,road_loopA_f0,road_loopA_f1,3995.5,4096.7,101.2,1303.8,46.4,0
2109,car,4.5,road_loopA_r0,road_loopA_r1,4006.5,4097.0,90.5,1298.0,51.7,0
2088,car,4.5,road_loopA_f0,road_loopA_f1,3986.4,4099.3,112.9,1303.0,41.5,1
2163,car,4.5,road_loopA_f0,xloopA_0Bb,4059.6,4099.6,40.0,478.8,43.1,0
2112,car,4.5,road_loopA_r0,road_loopA_r1,4010.5,4101.9,91.4,1298.6,51.2,0
2087,truck,8.5,road_loopA_f0,road_loopA_f1,3985.8,4106.2,120.4,1302.9,39.0,0
2105,suv,4.8,road_loopA_r0,road_loopA_r1,4000.2,4106.9,106.7,1298.4,43.8,0
2114,car,4.5,road_loopA_f0,road_loopA_f1,4012.0,4107.9,95.9,1303.0,48.9,0
2107,car,4.5,road_loopA_f0,xloopA_0Ab,4002.2,4108.1,105.9,505.1,17.2,1
2120,car,4.5,road_loopA_r0,road_loopA_r1,4016.0,4108.3,92.3,1298.2,50.6,0
2119,suv,4.8,road_loopA_r0,road_loopA_r1,4015.3,4108.7,93.4,1298.3,50.1,0
2086,truck,8.5,road_loopA_r0,xloopA_0Bb,3982.4,4108.9,126.5,895.2,25.5,1
2122,car,4.5,road_loopA_f0,road_loopA_f1,4016.9,4109.5,92.6,1303.9,50.7,0
2126,car,4.5,road_loopA_r0,road_loopA_r1,4020.2,4110.6,90.4,1297.3,51.7,0
2108,car,4.5,road_loopA_f0,xloopA_0Ab,4004.2,4110.7,106.5,505.1,17.1,1
1869,car,4.5,xloopA_0Aa,road_loopA_f1,3756.1,4110.8,354.7,872.4,8.9,1
1961,car,4.5,xloopA_0Ba,road_loopA_f1,3853.1,4111.0,257.9,902.7,12.6,1
2085,car,4.5,road_loopA_r0,xloopA_0Bb,3980.7,4111.9,131.2,895.6,24.6,1
2118,car,4.5,road_loopA_f0,road_loopA_f1,4015.2,4111.9,96.7,1303.9,48.5,0
2064,suv,4.8,road_loopA_f0,road_loopA_f1,3953.6,4112.4,158.8,1303.0,29.5,1
2063,truck,8.5,road_loopA_f0,road_loopA_f1,3950.5,4113.1,162.6,1302.9,28.8,1
2110,suv,4.8,road_loopA_f0,xloopA_0Ab,4008.8,4113.4,104.6,505.3,17.4,1
2070,car,4.5,road_loopA_f0,road_loopA_f1,3966.7,4114.1,147.4,1303.0,31.8,1
2115,car,4.5,road_loopA_r0,xloopA_0Bb,4012.3,4114.5,102.2,895.3,31.5,1
2101,car,4.5,road_loopA_f0,road_loopA_f1,3996.5,4114.6,118.1,1303.1,39.7,0
2104,bus,11.0,road_loopA_r0,road_loopA_r1,3999.3,4114.9,115.6,1297.7,40.4,0
2094,car,4.5,road_loopA_f0,road_loopA_f1,3991.1,4115.1,124.0,1303.2,37.8,0
2128,suv,4.8,road_loopA_r0,road_loopA_r1,4021.8,4115.4,93.6,1297.9,49.9,0
2133,suv,4.8,road_loopA_r0,road_loopA_r1,4025.7,4115.5,89.8,1297.6,52.0,0
2123,car,4.5,road_loopA_f0,road_loopA_f1,4017.3,4115.7,98.4,1303.5,47.7,0
2074,car,4.5,road_loopA_f0,road_loopA_f1,3969.7,4115.8,146.1,1303.5,32.1,1
2131,car,4.5,road_loopA_f0,xloopA_0Ab,4022.5,4116.1,93.6,505.3,19.4,1
2125,car,4.5,road_loopA_f0,road_loopA_f1,4019.9,4117.0,97.1,1303.1,48.3,0
2116,suv,4.8,road_loopA_r0,xloopA_0Bb,4013.1,4117.2,104.1,895.2,31.0,1
2083,car,4.5,road_loopA_f0,road_loopA_f1,3980.1,4117.5,137.4,1303.5,34.1,1
2129,car,4.5,road_loopA_r0,road_loopA_r1,4022.3,4118.2,95.9,1298.1,48.7,0
2113,car,4.5,road_loopA_f0,road_loopA_f1,4010.7,4118.3,107.6,1303.2,43.6,0
2117,car,4.5,road_loopA_r0,road_loopA_r1,4013.4,4118.4,105.0,1298.3,44.5,0
2130,suv,4.8,road_loopA_f0,road_loopA_f1,4022.3,4119.8,97.5,1304.2,48.2,0
2127,car,4.5,road_loopA_r0,road_loopA_r1,4020.8,4120.5,99.7,1297.8,46.9,0
2138,suv,4.8,road_loopA_r0,road_loopA_r1,4032.8,4122.2,89.4,1297.7,52.2,0
2139,car,4.5,road_loopA_f0,road_loopA_f1,4033.0,4122.3,89.3,1302.8,52.5,0
1960,car,4.5,xloopA_0Aa,xloopA_0Ab,3853.2,4122.4,269.2,84.2,1.1,1
2062,car,4.5,xloopA_0Ba,xloopA_0Bb,3950.1,4123.1,173.0,84.4,1.8,1
2121,car,4.5,road_loopA_r0,road_loopA_r1,4016.8,4123.5,106.7,1298.1,43.8,0
2140,suv,4.8,road_loopA_r0,road_loopA_r1,4034.5,4124.1,89.6,1298.5,52.2,0
2141,car,4.5,road_loopA_r0,road_loopA_r1,4035.1,4125.2,90.1,1297.5,51.8,0
2102,car,4.5,xloopA_0Ba,xloopA_0Bb,3997.0,4125.3,128.3,84.7,2.4,1
2166,car,4.5,xloopA_0Ba,xloopA_0Bb,4061.1,4127.5,66.4,84.3,4.6,1
2032,car,4.5,xloopA_0Aa,xloopA_0Ab,3922.8,4128.0,205.2,84.8,1.5,0
2145,car,4.5,road_loopA_f0,road_loopA_f1,4037.5,4131.6,94.1,1303.8,49.9,0
2148,suv,4.8,road_loopA_f0,road_loopA_f1,4041.2,4133.3,92.1,1303.8,51.0,0
2150,car,4.5,road_loopA_f0,road_loopA_f1,4044.0,4135.2,91.2,1303.8,51.5,0
2124,car,4.5,road_loopA_r0,xloopA_0Ab,4017.7,4138.5,120.8,869.0,25.9,2
2142,truck,8.5,road_loopA_f0,road_loopA_f1,4036.7,4141.2,104.5,1303.6,44.9,0
2152,car,4.5,road_loopA_f0,road_loopA_f1,4051.9,4141.2,89.3,1303.1,52.5,0
2147,car,4.5,road_loopA_f0,road_loopA_f1,4040.6,4143.2,102.6,1303.0,45.7,0
2201,car,4.5,road_loopA_f0,xloopA_0Bb,4087.6,4146.9,59.3,478.7,29.0,0
2155,suv,4.8,road_loopA_f0,road_loopA_f1,4053.7,4147.1,93.4,1302.8,50.2,0
2172,car,4.5,road_loopA_r0,xloopA_0Ab,4063.7,4147.9,84.2,869.0,37.1,0
2164,car,4.5,road_loopA_f0,road_loopA_f1,4059.8,4149.4,89.6,1303.8,52.4,0
2168,car,4.5,road_loopA_f0,road_loopA_f1,4061.6,4153.0,91.4,1304.1,51.4,0
2169,suv,4.8,road_loopA_r0,xloopA_0Ab,4062.1,4160.1,98.0,869.4,31.9,1
2143,suv,4.8,road_loopA_r0,road_loopA_r1,4036.8,4164.5,127.7,1298.5,36.6,1
2149,car,4.5,road_loopA_f0,road_loopA_f1,4043.5,4164.8,121.3,1303.7,38.7,0
2156,truck,8.5,road_loopA_f0,road_loopA_f1,4053.6,4165.8,112.2,1303.9,41.9,0
2151,car,4.5,road_loopA_r0,road_loopA_r1,4048.6,4166.0,117.4,1297.8,39.8,1
2160,suv,4.8,road_loopA_r0,road_loopA_r1,4056.0,4167.4,111.4,1297.3,41.9,1
2153,suv,4.8,road_loopA_r0,road_loopA_r1,4052.4,4170.3,117.9,1298.1,39.6,1
2177,car,4.5,road_loopA_r0,road_loopA_r1,4068.2,4172.5,104.3,1297.7,44.8,1
2179,suv,4.8,road_loopA_r0,road_loopA_r1,4069.1,4175.4,106.3,1297.3,43.9,1
2154,truck,8.5,road_loopA_r0,road_loopA_r1,4053.1,4176.1,123.0,1297.8,38.0,1
2181,car,4.5,road_loopA_r0,road_loopA_r1,4069.9,4178.8,108.9,1298.1,42.9,0
2146,truck,8.5,road_loopA_r0,road_loopA_r1,4039.6,4180.4,140.8,1297.7,33.2,1
2189,suv,4.8,road_loopA_r0,road_loopA_r1,4082.6,4181.3,98.7,1297.8,47.3,0
2173,car,4.5,road_loopA_r0,road_loopA_r1,4064.8,4182.6,117.8,1298.3,39.7,0
2185,car,4.5,road_loopA_r0,road_loopA_r1,4077.3,4182.9,105.6,1298.2,44.3,0
2206,car,4.5,road_loopA_r0,road_loopA_r1,4090.3,4183.5,93.2,1298.2,50.1,0
2186,car,4.5,road_loopA_r0,road_loopA_r1,4079.4,4184.7,105.3,1297.3,44.3,0
2132,car,4.5,road_loopA_r0,xloopA_0Bb,4024.6,4185.2,160.6,895.3,20.1,2
2137,car,4.5,road_loopA_f0,xloopA_0Ab,4031.6,4185.8,154.2,505.4,11.8,2
2136,car,4.5,road_loopA_r0,xloopA_0Bb,4029.2,4187.8,158.6,895.3,20.3,2
2167,suv,4.8,road_loopA_f0,xloopA_0Ab,4061.1,4188.4,127.3,505.5,14.3,1
2198,car,4.5,road_loopA_r0,road_loopA_r1,4085.8,4188.4,102.6,1297.7,45.5,0
2208,car,4.5,road_loopA_r0,road_loopA_r1,4092.9,4188.4,95.5,1297.4,48.9,0
2200,suv,4.8,road_loopA_r0,road_loopA_r1,4086.5,4190.2,103.7,1297.8,45.1,0
2157,suv,4.8,road_loopA_r0,xloopA_0Bb,4053.9,4190.5,136.6,895.6,23.6,1
2219,suv,4.8,road_loopA_f0,xloopA_0Ab,4101.2,4191.1,89.9,505.4,20.2,1
2220,car,4.5,road_loopA_r0,road_loopA_r1,4101.5,4191.4,89.9,1298.2,52.0,0
2174,car,4.5,road_loopA_f0,road_loopA_f1,4065.1,4191.7,126.6,1302.9,37.1,1
2214,truck,8.5,road_loopA_r0,road_loopA_r1,4097.2,4192.1,94.9,1297.8,49.2,0
2171,car,4.5,road_loopA_r0,xloopA_0Bb,4063.5,4193.2,129.7,895.6,24.9,1
2256,suv,4.8,road_loopA_f0,xloopA_0Ab,4141.0,4194.0,53.0,505.3,34.3,0
2210,suv,4.8,road_loopA_r0,road_loopA_r1,4093.7,4194.3,100.6,1297.9,46.5,1
2182,car,4.5,road_loopA_f0,road_loopA_f1,4071.2,4194.8,123.6,1303.9,38.0,1
2183,suv,4.8,road_loopA_r0,xloopA_0Bb,4072.6,4195.9,123.3,895.8,26.2,1
2184,suv,4.8,road_loopA_f0,road_loopA_f1,4076.7,4196.6,119.9,1303.1,39.1,1
2209,suv,4.8,road_loopA_r0,road_loopA_r1,4093.5,4197.0,103.5,1297.8,45.1,0
1998,car,4.5,xloopA_0Aa,road_loopA_r1,3886.0,4199.5,313.5,506.4,5.8,1
2178,car,4.5,road_loopA_f0,road_loopA_f1,4069.0,4199.8,130.8,1303.7,35.9,1
2161,car,4.5,road_loopA_r0,road_loopA_r1,4056.2,4200.0,143.8,1297.4,32.5,1
2225,car,4.5,road_loopA_r0,road_loopA_r1,4107.0,4200.4,93.4,1297.3,50.0,0
2159,car,4.5,road_loopA_r0,road_loopA_r1,4054.9,4201.2,146.3,1297.8,31.9,1
2191,car,4.5,road_loopA_f0,road_loopA_f1,4083.0,4201.2,118.2,1303.1,39.7,1
2042,car,4.5,xloopA_0Aa,xloopA_0Ab,3933.4,4201.2,267.8,84.1,1.1,1
2165,car,4.5,road_loopA_r0,road_loopA_r1,4060.4,4201.5,141.1,1298.0,33.1,0
2241,car,4.5,xloopA_0Ba,xloopA_0Bb,4124.1,4201.8,77.7,84.5,3.9,1
2135,bus,11.0,road_loopA_f0,road_loopA_f1,4029.1,4202.1,173.0,1303.3,27.1,2
2170,car,4.5,road_loopA_f0,road_loopA_f1,4062.9,4203.0,140.1,1302.8,33.5,1
2205,car,4.5,road_loopA_r0,road_loopA_r1,4089.7,4203.1,113.4,1298.4,41.2,0
2077,car,4.5,xloopA_0Aa,xloopA_0Ab,3973.2,4203.3,230.1,84.4,1.3,1
2176,suv,4.8,road_loopA_r0,road_loopA_r1,4067.7,4203.4,135.7,1297.7,34.4,0
2231,car,4.5,road_loopA_r0,road_loopA_r1,4109.2,4203.4,94.2,1298.5,49.6,0
2249,car,4.5,xloopA_0Ba,xloopA_0Bb,4128.7,4203.8,75.1,84.2,4.0,1
2196,suv,4.8,road_loopA_f0,road_loopA_f1,4085.1,4205.0,119.9,1303.7,39.1,1
2192,car,4.5,road_loopA_r0,road_loopA_r1,4083.4,4205.1,121.7,1297.4,38.4,0
2215,truck,8.5,road_loopA_r0,road_loopA_r1,4097.5,4205.5,108.0,1297.4,43.2,0
2099,car,4.5,xloopA_0Aa,xloopA_0Ab,3994.3,4206.1,211.8,84.4,1.4,1
2221,car,4.5,road_loopA_r0,road_loopA_r1,4102.8,4206.7,103.9,1297.8,45.0,0
2199,suv,4.8,road_loopA_r0,road_loopA_r1,4085.9,4207.0,121.1,1297.8,38.6,0
2188,car,4.5,road_loopA_f0,road_loopA_f1,4081.2,4207.7,126.5,1303.8,37.1,1
2193,suv,4.8,road_loopA_f0,road_loopA_f1,4083.8,4207.8,124.0,1304.0,37.9,1
2287,car,4.5,xloopA_0Ba,xloopA_0Bb,4171.7,4208.9,37.2,84.1,8.1,0
2217,car,4.5,road_loopA_r0,road_loopA_r1,4099.4,4209.0,109.6,1297.8,42.6,0
2203,car,4.5,road_loopA_f0,road_loopA_f1,4089.8,4209.5,119.7,1303.2,39.2,1
2111,car,4.5,xloopA_0Aa,xloopA_0Ab,4009.5,4209.7,200.2,84.5,1.5,0
2222,car,4.5,road_loopA_f0,road_loopA_f1,4104.1,4211.7,107.6,1303.8,43.6,0
2134,car,4.5,xloopA_0Aa,xloopA_0Ab,4026.0,4211.8,185.8,84.5,1.6,0
2187,suv,4.8,road_loopA_f0,road_loopA_f1,4080.7,4212.5,131.8,1303.1,35.6,1
2224,car,4.5,road_loopA_f0,road_loopA_f1,4106.6,4213.4,106.8,1302.9,43.9,0
2190,car,4.5,road_loopA_f0,road_loopA_f1,4082.8,4214.1,131.3,1304.1,35.8,1
2175,suv,4.8,road_loopA_f0,road_loopA_f1,4067.4,4215.0,147.6,1303.4,31.8,1
2202,suv,4.8,road_loopA_r0,xloopA_0Ab,4087.8,4216.8,129.0,869.5,24.3,2
2180,truck,8.5,road_loopA_f0,road_loopA_f1,4069.5,4217.3,147.8,1303.4,31.7,1
2211,car,4.5,road_loopA_f0,road_loopA_f1,4094.3,4221.0,126.7,1303.7,37.0,1
2207,car,4.5,road_loopA_f0,road_loopA_f1,4092.5,4222.0,129.5,1303.0,36.2,1
2194,car,4.5,road_loopA_f0,road_loopA_f1,4084.1,4223.1,139.0,1303.0,33.7,1
2236,car,4.5,road_loopA_f0,road_loopA_f1,4115.1,4223.7,108.6,1304.0,43.2,0
2252,car,4.5,road_loopA_r0,xloopA_0Ab,4135.2,4223.8,88.6,869.0,35.3,1
2227,car,4.5,road_loopA_f0,road_loopA_f1,4108.4,4224.9,116.5,1303.0,40.3,0
2244,car,4.5,road_loopA_f0,road_loopA_f1,4125.0,4225.5,100.5,1303.7,46.7,0
2230,car,4.5,road_loopA_f0,road_loopA_f1,4109.1,4226.7,117.6,1302.9,39.9,0
2233,car,4.5,road_loopA_f0,road_loopA_f1,4113.3,4227.3,114.0,1303.5,41.2,0
2240,suv,4.8,road_loopA_f0,road_loopA_f1,4122.4,4228.1,105.7,1303.1,44.4,0
2245,car,4.5,road_loopA_f0,road_loopA_f1,4125.4,4229.2,103.8,1303.2,45.2,0
2218,car,4.5,road_loopA_f0,road_loopA_f1,4099.7,4230.7,131.0,1303.8,35.8,0
2229,car,4.5,road_loopA_f0,road_loopA_f1,4108.6,4232.5,123.9,1303.7,37.9,0
2250,car,4.5,road_loopA_f0,road_loopA_f1,4129.0,4235.3,106.3,1303.1,44.1,0
2242,suv,4.8,road_loopA_f0,road_loopA_f1,4124.2,4235.6,111.4,1303.0,42.1,0
2019,car,4.5,xloopA_0Aa,road_loopA_f1,3899.9,4236.8,336.9,872.3,9.3,1
2228,suv,4.8,road_loopA_f0,road_loopA_f1,4108.4,4237.7,129.3,1304.0,36.3,0
2243,car,4.5,road_loopA_f0,road_loopA_f1,4124.7,4238.0,113.3,1303.4,41.4,0
2204,truck,8.5,road_loopA_f0,road_loopA_f1,4089.7,4239.0,149.3,1303.4,31.4,6
2232,suv,4.8,road_loopA_f0,road_loopA_f1,4111.2,4240.1,128.9,1303.2,36.4,0
2213,car,4.5,road_loopA_f0,road_loopA_f1,4096.7,4241.0,144.3,1303.8,32.5,0
2234,suv,4.8,road_loopA_r0,road_loopA_r1,4113.9,4242.1,128.2,1297.7,36.4,1
2248,truck,8.5,road_loopA_f0,road_loopA_f1,4128.4,4242.5,114.1,1302.8,41.1,0
2223,suv,4.8,road_loopA_f0,road_loopA_f1,4105.1,4242.6,137.5,1303.2,34.1,0
2246,car,4.5,road_loopA_r0,road_loopA_r1,4127.8,4242.9,115.1,1298.2,40.6,1
2253,car,4.5,road_loopA_r0,road_loopA_r1,4137.0,4245.7,108.7,1298.0,43.0,1
2259,car,4.5,road_loopA_r0,road_loopA_r1,4141.7,4245.9,104.2,1297.5,44.8,1
2261,car,4.5,road_loopA_r0,road_loopA_r1,4142.4,4247.4,105.0,1297.5,44.5,1
2262,car,4.5,road_loopA_r0,road_loopA_r1,4142.9,4249.3,106.4,1298.2,43.9,1
2254,car,4.5,road_loopA_r0,road_loopA_r1,4138.7,4252.0,113.3,1297.6,41.2,1
2266,suv,4.8,road_loopA_r0,road_loopA_r1,4154.1,4254.0,99.9,1298.5,46.8,0
2239,car,4.5,road_loopA_r0,road_loopA_r1,4121.7,4254.8,133.1,1297.9,35.1,1
2284,car,4.5,xloopA_0Ba,road_loopA_r1,4167.9,4256.9,89.0,476.8,19.3,0
2247,truck,8.5,road_loopA_r0,road_loopA_r1,4127.9,4257.6,129.7,1297.8,36.0,1
2235,car,4.5,road_loopA_r0,road_loopA_r1,4114.1,4258.6,144.5,1298.3,32.3,1
2312,suv,4.8,road_loopA_r0,xloopA_0Ab,4191.2,4259.1,67.9,869.6,46.1,0
2237,suv,4.8,road_loopA_r0,road_loopA_r1,4117.5,4260.2,142.7,1297.4,32.7,1
2257,truck,8.5,road_loopA_r0,road_loopA_r1,4141.3,4260.5,119.2,1297.4,39.2,0
2270,car,4.5,road_loopA_r0,road_loopA_r1,4156.4,4260.6,104.2,1297.6,44.8,0
2280,car,4.5,road_loopA_r0,road_loopA_r1,4164.5,4261.6,97.1,1297.9,48.1,0
2260,car,4.5,road_loopA_r0,road_loopA_r1,4141.8,4262.1,120.3,1298.6,38.9,1
2289,car,4.5,road_loopA_r0,road_loopA_r1,4172.0,4263.3,91.3,1298.2,51.2,0
2268,car,4.5,road_loopA_r0,road_loopA_r1,4155.6,4263.4,107.8,1298.2,43.4,0
2274,car,4.5,road_loopA_r0,road_loopA_r1,4160.0,4267.9,107.9,1297.6,43.3,0
2278,suv,4.8,road_loopA_r0,road_loopA_r1,4164.4,4269.6,105.2,1297.5,44.4,0
2197,bus,11.0,road_loopA_f0,road_loopA_f1,4085.5,4272.1,186.6,1303.2,25.1,2
2263,car,4.5,road_loopA_f0,road_loopA_f1,4144.6,4274.6,130.0,1303.6,36.1,1
2251,bus,11.0,road_loopA_r0,road_loopA_r1,4131.2,4275.3,144.1,1297.9,32.4,1
2282,car,4.5,road_loopA_f0,road_loopA_f1,4167.1,4275.5,108.4,1303.0,43.3,1
2275,car,4.5,road_loopA_f0,road_loopA_f1,4160.7,4276.4,115.7,1302.9,40.5,1
2285,truck,8.5,road_loopA_f0,road_loopA_f1,4168.4,4278.5,110.1,1303.2,42.6,1
2276,suv,4.8,road_loopA_r0,road_loopA_r1,4161.4,4278.8,117.4,1297.9,39.8,0
2272,car,4.5,road_loopA_f0,xloopA_0Ab,4158.9,4279.3,120.4,505.3,15.1,1
2295,suv,4.8,road_loopA_r0,road_loopA_r1,4175.2,4279.3,104.1,1297.6,44.9,0
2195,truck,8.5,road_loopA_r0,xloopA_0Bb,4084.6,4280.1,195.5,895.5,16.5,2
2286,car,4.5,road_loopA_r0,road_loopA_r1,4171.5,4280.5,109.0,1297.9,42.9,0
2288,car,4.5,road_loopA_f0,road_loopA_f1,4171.8,4280.7,108.9,1304.1,43.1,1
2298,car,4.5,road_loopA_r0,road_loopA_r1,4181.6,4281.1,99.5,1298.0,47.0,0
2290,car,4.5,road_loopA_r0,road_loopA_r1,4173.2,4281.9,108.7,1298.1,43.0,0
2291,suv,4.8,road_loopA_f0,xloopA_0Ab,4174.3,4281.9,107.6,505.3,16.9,1
2267,car,4.5,road_loopA_f0,road_loopA_f1,4155.0,4282.6,127.6,1303.3,36.8,1
2216,car,4.5,road_loopA_r0,xloopA_0Bb,4097.6,4283.1,185.5,895.6,17.4,3
2297,car,4.5,road_loopA_r0,road_loopA_r1,4181.4,4283.4,102.0,1298.0,45.8,0
2281,car,4.5,road_loopA_f0,road_loopA_f1,4166.5,4283.6,117.1,1303.3,40.1,1
2279,truck,8.5,road_loopA_r0,road_loopA_r1,4164.4,4284.5,120.1,1298.2,38.9,0
2309,car,4.5,road_loopA_f0,xloopA_0Ab,4189.4,4284.6,95.2,505.3,19.1,1
2307,suv,4.8,road_loopA_r0,road_loopA_r1,4186.8,4285.2,98.4,1298.5,47.5,0
2277,car,4.5,road_loopA_r0,xloopA_0Bb,4164.4,4285.7,121.3,895.3,26.6,1
2308,car,4.5,road_loopA_r0,road_loopA_r1,4187.5,4286.1,98.6,1297.4,47.4,0
2305,car,4.5,road_loopA_r0,road_loopA_r1,4186.4,4287.2,100.8,1298.1,46.3,0
2322,truck,8.5,road_loopA_f0,xloopA_0Ab,4204.7,4288.1,83.4,505.5,21.8,1
2313,car,4.5,road_loopA_r0,road_loopA_r1,4192.8,4288.9,96.1,1297.8,48.6,0
2314,car,4.5,road_loopA_r0,road_loopA_r1,4194.3,4289.4,95.1,1298.6,49.2,0
2299,car,4.5,road_loopA_f0,road_loopA_f1,4181.8,4290.0,108.2,1303.6,43.4,0
2292,car,4.5,road_loopA_f0,road_loopA_f1,4174.8,4291.1,116.3,1302.8,40.3,0
2302,car,4.5,road_loopA_f0,road_loopA_f1,4183.6,4292.9,109.3,1303.2,42.9,0
2315,suv,4.8,road_loopA_r0,road_loopA_r1,4195.8,4293.3,97.5,1297.3,47.9,0
2255,bus,11.0,road_loopA_r0,road_loopA_r1,4140.8,4293.6,152.8,1297.4,30.6,1
2336,car,4.5,xloopA_0Ba,xloopA_0Bb,4212.5,4293.6,81.1,84.8,3.8,1
2318,car,4.5,road_loopA_r0,road_loopA_r1,4199.5,4293.9,94.4,1298.5,49.5,0
2144,car,4.5,xloopA_0Aa,xloopA_0Ab,4037.2,4294.5,257.3,84.4,1.2,1
2304,suv,4.8,road_loopA_f0,road_loopA_f1,4186.0,4294.7,108.7,1304.1,43.2,0
2321,truck,8.5,road_loopA_r0,road_loopA_r1,4203.2,4295.6,92.4,1297.3,50.5,0
2311,suv,4.8,road_loopA_f0,road_loopA_f1,4190.4,4296.3,105.9,1303.9,44.3,0
2158,car,4.5,xloopA_0Aa,xloopA_0Ab,4054.4,4296.7,242.3,84.3,1.3,1
2316,car,4.5,road_loopA_f0,road_loopA_f1,4197.6,4297.9,100.3,1303.5,46.8,0
2317,car,4.5,road_loopA_f0,road_loopA_f1,4197.9,4298.5,100.6,1303.0,46.6,0
2264,suv,4.8,road_loopA_f0,road_loopA_f1,4148.7,4300.0,151.3,1304.2,31.0,1
2306,car,4.5,road_loopA_r0,road_loopA_r1,4186.5,4300.2,113.7,1297.6,41.1,0
2407,car,4.5,xloopA_0Ba,xloopA_0Bb,4262.9,4300.7,37.8,84.0,8.0,1
2212,car,4.5,xloopA_0Aa,xloopA_0Ab,4096.6,4302.7,206.1,84.5,1.5,0
2271,truck,8.5,road_loopA_f0,road_loopA_f1,4158.8,4302.8,144.0,1303.1,32.6,1
2310,car,4.5,road_loopA_f0,road_loopA_f1,4190.3,4304.5,114.2,1303.5,41.1,0
2226,car,4.5,xloopA_0Aa,xloopA_0Ab,4108.3,4304.7,196.4,84.8,1.6,0
2265,car,4.5,xloopA_0Ba,road_loopA_f1,4153.4,4304.8,151.4,902.8,21.5,1
2323,car,4.5,road_loopA_f0,road_loopA_f1,4207.5,4306.3,98.8,1304.1,47.5,0
2258,car,4.5,road_loopA_f0,road_loopA_f1,4141.8,4306.4,164.6,1302.9,28.5,1
2319,car,4.5,road_loopA_f0,road_loopA_f1,4201.2,4306.9,105.7,1303.8,44.4,0
2329,car,4.5,road_loopA_f0,road_loopA_f1,4210.4,4308.0,97.6,1303.4,48.1,0
2327,suv,4.8,road_loopA_f0,road_loopA_f1,4209.8,4308.5,98.7,1303.1,47.5,0
2283,truck,8.5,road_loopA_f0,road_loopA_f1,4167.4,4308.6,141.2,1303.4,33.2,1
2293,suv,4.8,road_loopA_f0,road_loopA_f1,4174.9,4310.6,135.7,1303.8,34.6,0
2303,car,4.5,road_loopA_f0,road_loopA_f1,4186.0,4310.6,124.6,1303.9,37.7,0
2296,car,4.5,road_loopA_f0,road_loopA_f1,4177.6,4312.3,134.7,1303.6,34.8,0
2341,car,4.5,road_loopA_f0,road_loopA_f1,4216.5,4312.8,96.3,1303.0,48.7,0
2328,car,4.5,road_loopA_f0,road_loopA_f1,4210.2,4313.2,103.0,1303.7,45.5,0
2301,car,4.5,road_loopA_f0,road_loopA_f1,4182.8,4314.1,131.3,1303.3,35.7,0
2330,suv,4.8,road_loopA_f0,road_loopA_f1,4210.7,4315.3,104.6,1303.4,44.9,0
1,tram,34.0,loopA,loopA,55.1,4315.4,4260.3,33702.3,28.5,40
2320,car,4.5,road_loopA_f0,road_loopA_f1,4202.2,4316.3,114.1,1303.9,41.1,0
2353,car,4.5,road_loopA_f0,road_loopA_f1,4225.1,4316.5,91.4,1303.5,51.3,0
2345,car,4.5,road_loopA_f0,road_loopA_f1,4217.4,4317.1,99.7,1303.8,47.1,0
2400,car,4.5,road_loopA_f0,xloopA_0Bb,4256.9,4317.8,60.9,478.8,28.3,1
2325,suv,4.8,road_loopA_f0,road_loopA_f1,4208.7,4317.9,109.2,1303.3,43.0,0
2350,car,4.5,road_loopA_f0,road_loopA_f1,4223.3,4318.8,95.5,1303.5,49.1,0
2360,suv,4.8,road_loopA_f0,road_loopA_f1,4228.6,4319.5,90.9,1303.2,51.6,0
2332,car,4.5,road_loopA_f0,road_loopA_f1,4211.2,4319.7,108.5,1303.8,43.2,0
2342,suv,4.8,road_loopA_f0,road_loopA_f1,4216.6,4320.8,104.2,1303.3,45.0,0
2331,suv,4.8,road_loopA_f0,road_loopA_f1,4211.1,4321.5,110.4,1304.0,42.5,0
2363,car,4.5,road_loopA_f0,road_loopA_f1,4229.3,4322.6,93.3,1303.3,50.3,0
2349,truck,8.5,road_loopA_f0,road_loopA_f1,4222.7,4323.9,101.2,1303.3,46.4,0
2392,car,4.5,road_loopA_r0,xloopA_0Ab,4251.4,4328.9,77.5,868.9,40.3,0
2425,car,4.5,road_loopA_f0,xloopA_0Bb,4287.4,4329.6,42.2,478.7,40.8,0
2333,car,4.5,road_loopA_r0,road_loopA_r1,4211.7,4335.0,123.3,1297.4,37.9,1
2324,car,4.5,road_loopA_r0,road_loopA_r1,4208.1,4335.3,127.2,1297.9,36.7,1
2339,car,4.5,road_loopA_r0,road_loopA_r1,4215.9,4337.0,121.1,1297.5,38.6,1
2343,car,4.5,road_loopA_r0,road_loopA_r1,4217.0,4338.4,121.4,1298.6,38.5,1
2364,car,4.5,road_loopA_r0,road_loopA_r1,4229.6,4339.6,110.0,1298.4,42.5,1
2337,car,4.5,road_loopA_r0,road_loopA_r1,4213.3,4343.1,129.8,1297.6,36.0,1
2351,car,4.5,road_loopA_r0,road_loopA_r1,4223.3,4348.0,124.7,1297.7,37.5,1
2347,car,4.5,road_loopA_r0,road_loopA_r1,4218.7,4349.1,130.4,1297.6,35.8,1
2346,car,4.5,road_loopA_r0,road_loopA_r1,4217.7,4349.6,131.9,1297.9,35.4,1
2354,truck,8.5,road_loopA_r0,road_loopA_r1,4225.5,4350.3,124.8,1298.0,37.4,1
2355,car,4.5,road_loopA_r0,road_loopA_r1,4225.7,4351.7,126.0,1297.6,37.1,0
2374,truck,8.5,road_loopA_r0,xloopA_0Ab,4236.8,4351.8,115.0,869.1,27.2,1
2357,suv,4.8,road_loopA_r0,road_loopA_r1,4227.1,4352.3,125.2,1298.4,37.3,1
2378,car,4.5,road_loopA_r0,road_loopA_r1,4238.5,4353.8,115.3,1298.3,40.5,0
2367,car,4.5,road_loopA_r0,road_loopA_r1,4231.2,4356.8,125.6,1298.0,37.2,0
2383,car,4.5,road_loopA_r0,road_loopA_r1,4242.6,4357.7,115.1,1297.4,40.6,0
2415,car,4.5,xloopA_0Ba,road_loopA_r1,4275.1,4358.2,83.1,476.5,20.6,0
2335,car,4.5,road_loopA_r0,road_loopA_r1,4212.2,4359.5,147.3,1298.2,31.7,1
2326,suv,4.8,road_loopA_r0,road_loopA_r1,4209.3,4359.9,150.6,1298.3,31.0,1
2391,car,4.5,road_loopA_r0,road_loopA_r1,4250.4,4361.2,110.8,1298.5,42.2,0
2340,car,4.5,road_loopA_r0,road_loopA_r1,4216.4,4361.7,145.3,1297.5,32.1,1
2338,suv,4.8,road_loopA_r0,road_loopA_r1,4213.8,4362.2,148.4,1298.2,31.5,1
2356,car,4.5,road_loopA_r0,road_loopA_r1,4226.3,4363.6,137.3,1297.7,34.0,0
2395,car,4.5,road_loopA_r0,road_loopA_r1,4253.6,4363.7,110.1,1298.0,42.5,0
2348,truck,8.5,road_loopA_r0,road_loopA_r1,4222.3,4364.5,142.2,1297.8,32.9,0
2396,suv,4.8,road_loopA_r0,road_loopA_r1,4255.0,4365.1,110.1,1297.9,42.5,0
2366,car,4.5,road_loopA_r0,road_loopA_r1,4231.0,4365.4,134.4,1297.4,34.8,0
2352,suv,4.8,road_loopA_r0,road_loopA_r1,4223.7,4366.6,142.9,1298.0,32.7,1
2387,suv,4.8,road_loopA_r0,road_loopA_r1,4247.8,4367.1,119.3,1298.0,39.2,0
2384,car,4.5,road_loopA_r0,road_loopA_r1,4243.5,4367.8,124.3,1298.3,37.6,0
2370,car,4.5,road_loopA_r0,road_loopA_r1,4231.8,4368.4,136.6,1298.3,34.2,0
2371,car,4.5,road_loopA_f0,road_loopA_f1,4232.8,4368.5,135.7,1303.6,34.6,1
2398,truck,8.5,road_loopA_r0,road_loopA_r1,4256.0,4368.8,112.8,1297.3,41.4,0
2388,truck,8.5,road_loopA_r0,road_loopA_r1,4249.0,4370.0,121.0,1297.8,38.6,0
2375,suv,4.8,road_loopA_r0,road_loopA_r1,4237.2,4370.2,133.0,1298.3,35.1,0
2401,suv,4.8,road_loopA_f0,road_loopA_f1,4257.1,4371.0,113.9,1303.2,41.2,1
2411,car,4.5,road_loopA_r0,road_loopA_r1,4269.7,4371.2,101.5,1297.3,46.0,0
2359,car,4.5,road_loopA_f0,road_loopA_f1,4228.5,4371.6,143.1,1303.1,32.8,1
2381,car,4.5,road_loopA_r0,road_loopA_r1,4240.1,4372.1,132.0,1298.1,35.4,0
2390,suv,4.8,road_loopA_r0,road_loopA_r1,4250.3,4372.1,121.8,1297.4,38.4,0
2365,car,4.5,road_loopA_r0,xloopA_0Bb,4229.9,4372.2,142.3,895.4,22.7,1
2334,bus,11.0,road_loopA_f0,road_loopA_f1,4212.1,4372.6,160.5,1303.5,29.2,2
2380,car,4.5,road_loopA_f0,xloopA_0Ab,4240.1,4372.8,132.7,505.3,13.7,1
2373,suv,4.8,road_loopA_f0,road_loopA_f1,4234.6,4373.3,138.7,1303.1,33.8,1
2402,suv,4.8,road_loopA_f0,road_loopA_f1,4258.6,4373.7,115.1,1303.1,40.7,1
2399,car,4.5,road_loopA_r0,road_loopA_r1,4256.8,4373.9,117.1,1298.0,39.9,0
2404,car,4.5,road_loopA_r0,road_loopA_r1,4261.5,4374.1,112.6,1297.4,41.5,0
2300,bus,11.0,road_loopA_r0,road_loopA_r1,4182.5,4374.3,191.8,1298.3,24.4,3
2368,car,4.5,road_loopA_r0,xloopA_0Bb,4231.6,4374.8,143.2,895.4,22.5,1
2428,car,4.5,road_loopA_f0,xloopA_0Ab,4290.3,4375.4,85.1,505.4,21.4,1
2403,suv,4.8,road_loopA_f0,road_loopA_f1,4258.9,4375.7,116.8,1303.0,40.2,1
2409,car,4.5,road_loopA_r0,road_loopA_r1,4267.6,4375.8,108.2,1298.1,43.2,0
2414,car,4.5,road_loopA_r0,road_loopA_r1,4273.3,4376.0,102.7,1297.3,45.5,0
2369,car,4.5,road_loopA_r0,road_loopA_r1,4231.8,4377.3,145.5,1298.2,32.1,1
2389,car,4.5,road_loopA_r0,road_loopA_r1,4249.3,4377.4,128.1,1297.9,36.5,0
2410,suv,4.8,road_loopA_f0,road_loopA_f1,4268.7,4377.7,109.0,1303.1,43.0,1
2412,car,4.5,road_loopA_r0,road_loopA_r1,4270.9,4377.8,106.9,1297.7,43.7,0
2451,car,4.5,road_loopA_f0,xloopA_0Ab,4307.8,4378.0,70.2,505.1,25.9,1
2419,car,4.5,road_loopA_r0,road_loopA_r1,4279.8,4379.1,99.3,1298.3,47.0,0
2416,car,4.5,road_loopA_r0,road_loopA_r1,4276.8,4379.7,102.9,1298.3,45.4,0
2413,car,4.5,road_loopA_f0,road_loopA_f1,4271.9,4380.4,108.5,1303.6,43.2,0
2426,car,4.5,road_loopA_r0,road_loopA_r1,4289.9,4381.5,91.6,1298.6,51.0,0
2449,car,4.5,road_loopA_r0,xloopA_0Bb,4307.2,4381.6,74.4,895.6,43.3,0
2472,truck,8.5,road_loopA_f0,xloopA_0Ab,4327.4,4381.8,54.4,504.9,33.4,0
2421,suv,4.8,road_loopA_f0,road_loopA_f1,4280.6,4382.1,101.5,1303.5,46.2,0
2418,truck,8.5,road_loopA_r0,road_loopA_r1,4277.3,4383.4,106.1,1297.8,44.0,0
2362,suv,4.8,road_loopA_f0,road_loopA_f1,4229.2,4384.8,155.6,1304.1,30.2,1
2430,car,4.5,road_loopA_r0,road_loopA_r1,4291.3,4386.3,95.0,1298.4,49.2,0
2405,car,4.5,road_loopA_f0,road_loopA_f1,4262.5,4386.9,124.4,1303.9,37.7,1
2424,car,4.5,road_loopA_r0,road_loopA_r1,4287.1,4388.1,101.0,1297.4,46.2,0
2162,car,4.5,xloopA_0Aa,road_loopA_f1,4059.5,4389.4,329.9,872.8,9.5,1
2427,car,4.5,road_loopA_r0,road_loopA_r1,4290.0,4389.8,99.8,1298.2,46.8,0
2432,suv,4.8,road_loopA_r0,road_loopA_r1,4293.6,4389.8,96.2,1297.8,48.6,0
2394,car,4.5,road_loopA_f0,road_loopA_f1,4253.3,4390.4,137.1,1303.1,34.2,1
2422,suv,4.8,road_loopA_r0,road_loopA_r1,4284.1,4390.7,106.6,1297.5,43.8,0
2452,car,4.5,xloopA_0Ba,xloopA_0Bb,4309.1,4390.9,81.8,84.2,3.7,1
2273,car,4.5,xloopA_0Aa,xloopA_0Ab,4159.5,4391.2,231.7,84.1,1.3,1
2361,truck,8.5,road_loopA_f0,road_loopA_f1,4229.0,4391.5,162.5,1303.5,28.9,1
2431,car,4.5,road_loopA_r0,road_loopA_r1,4292.5,4391.6,99.1,1298.2,47.2,0
2423,truck,8.5,road_loopA_f0,road_loopA_f1,4284.3,4392.1,107.8,1303.0,43.5,0
2469,car,4.5,xloopA_0Ba,xloopA_0Bb,4323.4,4392.9,69.5,84.5,4.4,1
2344,car,4.5,xloopA_0Ba,road_loopA_f1,4217.1,4393.2,176.1,902.4,18.5,1
2372,car,4.5,road_loopA_f0,road_loopA_f1,4234.3,4393.4,159.1,1302.8,29.5,1
2435,truck,8.5,road_loopA_f0,road_loopA_f1,4296.4,4394.5,98.1,1302.9,47.8,0
2358,car,4.5,xloopA_0Aa,xloopA_0Ab,4228.3,4394.6,166.3,84.8,1.8,0
2386,car,4.5,road_loopA_f0,road_loopA_f1,4247.7,4394.9,147.2,1303.7,31.9,1
2479,car,4.5,xloopA_0Ba,xloopA_0Bb,4331.8,4395.0,63.2,84.0,4.8,0
2379,car,4.5,road_loopA_f0,road_loopA_f1,4239.4,4395.1,155.7,1303.2,30.1,1
2382,car,4.5,road_loopA_f0,road_loopA_f1,4241.0,4396.6,155.6,1304.0,30.2,1
2429,suv,4.8,road_loopA_f0,road_loopA_f1,4290.5,4396.6,106.1,1303.2,44.2,0
2377,car,4.5,xloopA_0Aa,xloopA_0Ab,4238.5,4396.6,158.1,84.6,1.9,0
2519,car,4.5,xloopA_0Ba,xloopA_0Bb,4361.9,4397.0,35.1,84.2,8.6,0
2376,car,4.5,road_loopA_f0,road_loopA_f1,4237.5,4397.1,159.6,1303.1,29.4,1
2397,car,4.5,road_loopA_f0,road_loopA_f1,4255.6,4398.6,143.0,1303.7,32.8,0
2436,car,4.5,road_loopA_f0,road_loopA_f1,4298.6,4399.3,100.7,1303.1,46.6,0
2408,car,4.5,road_loopA_f0,road_loopA_f1,4263.7,4400.4,136.7,1302.8,34.3,0
2393,suv,4.8,road_loopA_f0,road_loopA_f1,4252.0,4400.8,148.8,1302.8,31.5,0
2448,car,4.5,road_loopA_f0,road_loopA_f1,4305.8,4401.1,95.3,1304.2,49.3,0
2420,car,4.5,road_loopA_f0,road_loopA_f1,4280.3,4402.4,122.1,1303.1,38.4,0
2417,car,4.5,road_loopA_f0,road_loopA_f1,4277.3,4402.5,125.2,1303.5,37.5,0
2441,car,4.5,road_loopA_f0,road_loopA_f1,4301.7,4403.4,101.7,1302.9,46.1,0
2438,car,4.5,road_loopA_f0,road_loopA_f1,4300.2,4404.2,104.0,1303.9,45.1,0
2443,suv,4.8,road_loopA_f0,road_loopA_f1,4302.7,4404.4,101.7,1304.0,46.2,0
2457,car,4.5,road_loopA_f0,road_loopA_f1,4315.9,4405.6,89.7,1302.9,52.3,0
2434,car,4.5,road_loopA_f0,road_loopA_f1,4295.9,4406.0,110.1,1302.9,42.6,0
2476,car,4.5,road_loopA_f0,xloopA_0Bb,4329.7,4406.0,76.3,478.8,22.6,1
2455,car,4.5,road_loopA_f0,road_loopA_f1,4313.5,4406.1,92.6,1304.0,50.7,0
2450,truck,8.5,road_loopA_f0,road_loopA_f1,4307.4,4413.2,105.8,1303.8,44.4,0
2512,car,4.5,road_loopA_f0,xloopA_0Bb,4355.2,4413.5,58.3,478.6,29.6,2
2470,car,4.5,road_loopA_f0,road_loopA_f1,4324.1,4414.2,90.1,1302.8,52.0,0
2465,truck,8.5,road_loopA_f0,road_loopA_f1,4321.1,4420.0,98.9,1302.9,47.4,0
2471,suv,4.8,road_loopA_f0,road_loopA_f1,4325.4,4422.0,96.6,1303.3,48.6,0
2437,car,4.5,road_loopA_r0,road_loopA_r1,4299.9,4432.8,132.9,1298.1,35.2,1
2385,bus,11.0,road_loopA_f0,road_loopA_f1,4246.3,4433.0,186.7,1303.4,25.1,3
2445,truck,8.5,road_loopA_r0,road_loopA_r1,4303.7,4434.8,131.1,1298.2,35.7,1
2447,car,4.5,road_loopA_r0,road_loopA_r1,4305.8,4435.1,129.3,1298.3,36.1,1
2439,car,4.5,xloopA_0Ba,road_loopA_r1,4300.4,4435.8,135.4,476.8,12.7,1
2446,car,4.5,road_loopA_r0,road_loopA_r1,4305.1,4437.0,131.9,1297.6,35.4,1
2440,car,4.5,road_loopA_r0,road_loopA_r1,4301.7,4437.4,135.7,1297.5,34.4,1
2458,suv,4.8,road_loopA_r0,road_loopA_r1,4316.2,4440.0,123.8,1297.5,37.7,1
2442,car,4.5,road_loopA_r0,road_loopA_r1,4302.5,4440.7,138.2,1298.0,33.8,1
2456,car,4.5,road_loopA_r0,road_loopA_r1,4314.6,4441.8,127.2,1297.9,36.7,1
2462,car,4.5,road_loopA_r0,road_loopA_r1,4318.8,4442.7,123.9,1297.5,37.7,1
2463,car,4.5,road_loopA_r0,road_loopA_r1,4319.2,4444.0,124.8,1298.2,37.4,1
2444,car,4.5,road_loopA_r0,road_loopA_r1,4303.1,4444.7,141.6,1298.5,33.0,1
2433,car,4.5,road_loopA_r0,road_loopA_r1,4293.9,4446.6,152.7,1297.3,30.6,1
2453,suv,4.8,road_loopA_r0,road_loopA_r1,4311.7,4447.7,136.0,1297.6,34.4,1
2461,car,4.5,road_loopA_r0,road_loopA_r1,4318.8,4448.0,129.2,1297.6,36.1,1
2466,car,4.5,road_loopA_r0,road_loopA_r1,4321.2,4449.0,127.8,1297.7,36.6,1
2467,truck,8.5,road_loopA_r0,road_loopA_r1,4322.0,4450.0,128.0,1298.0,36.5,1
2480,car,4.5,road_loopA_r0,road_loopA_r1,4331.9,4450.1,118.2,1297.3,39.5,1
2468,car,4.5,road_loopA_r0,road_loopA_r1,4322.3,4450.7,128.4,1297.7,36.4,1
2575,suv,4.8,road_loopA_f0,xloopA_0Bb,4411.8,4451.9,40.1,479.0,43.0,0
2474,car,4.5,road_loopA_r0,road_loopA_r1,4327.8,4452.5,124.7,1298.3,37.5,1
2478,suv,4.8,road_loopA_r0,road_loopA_r1,4331.2,4454.2,123.0,1297.8,38.0,1
2460,car,4.5,road_loopA_r0,road_loopA_r1,4318.3,4455.3,137.0,1298.3,34.1,1
2482,suv,4.8,road_loopA_r0,road_loopA_r1,4333.4,4455.9,122.5,1297.3,38.1,1
2495,suv,4.8,road_loopA_r0,road_loopA_r1,4344.0,4457.3,113.3,1298.3,41.2,0
2485,car,4.5,road_loopA_r0,road_loopA_r1,4336.5,4457.7,121.2,1298.0,38.6,1
2473,suv,4.8,road_loopA_r0,road_loopA_r1,4327.4,4458.0,130.6,1297.4,35.8,1
2475,car,4.5,road_loopA_f0,road_loopA_f1,4328.1,4458.1,130.0,1303.4,36.1,1
2507,suv,4.8,road_loopA_r0,road_loopA_r1,4352.3,4459.0,106.7,1297.8,43.8,0
2491,car,4.5,road_loopA_r0,road_loopA_r1,4340.2,4459.4,119.2,1297.4,39.2,1
2492,car,4.5,road_loopA_r0,road_loopA_r1,4342.6,4459.7,117.1,1298.3,39.9,0
2483,car,4.5,road_loopA_f0,road_loopA_f1,4333.7,4460.0,126.3,1304.0,37.2,1
2496,suv,4.8,road_loopA_r0,road_loopA_r1,4344.6,4461.2,116.6,1298.6,40.1,0
2511,truck,8.5,road_loopA_r0,road_loopA_r1,4354.5,4461.9,107.4,1298.4,43.5,0
2517,car,4.5,road_loopA_r0,road_loopA_r1,4359.7,4461.9,102.2,1297.9,45.7,0
2497,suv,4.8,road_loopA_r0,road_loopA_r1,4345.4,4462.9,117.5,1297.9,39.7,0
2502,car,4.5,road_loopA_r0,road_loopA_r1,4349.1,4464.7,115.6,1298.5,40.4,0
2513,car,4.5,road_loopA_r0,road_loopA_r1,4357.3,4465.7,108.4,1298.3,43.1,0
2499,suv,4.8,road_loopA_f0,xloopA_0Ab,4347.1,4466.3,119.2,504.9,15.3,1
2506,car,4.5,road_loopA_r0,road_loopA_r1,4352.0,4466.4,114.4,1298.2,40.8,0
2481,suv,4.8,road_loopA_r0,xloopA_0Bb,4332.3,4466.5,134.2,895.6,24.0,1
2533,car,4.5,road_loopA_r0,road_loopA_r1,4375.3,4467.2,91.9,1298.4,50.9,0
2477,suv,4.8,road_loopA_f0,road_loopA_f1,4330.0,4467.3,137.3,1304.0,34.2,1
2524,car,4.5,road_loopA_r0,road_loopA_r1,4368.8,4467.3,98.5,1297.3,47.4,0
2503,car,4.5,road_loopA_f0,road_loopA_f1,4349.3,4469.0,119.7,1302.8,39.2,1
2558,suv,4.8,road_loopA_f0,xloopA_0Ab,4396.5,4469.0,72.5,505.5,25.1,1
2487,car,4.5,road_loopA_r0,xloopA_0Bb,4337.6,4469.1,131.5,895.3,24.5,1
2486,car,4.5,road_loopA_f0,road_loopA_f1,4337.4,4469.8,132.4,1302.8,35.4,1
2501,car,4.5,road_loopA_f0,road_loopA_f1,4348.4,4470.0,121.6,1302.9,38.6,1
2536,suv,4.8,road_loopA_r0,road_loopA_r1,4375.8,4470.3,94.5,1298.5,49.5,0
2500,car,4.5,road_loopA_r0,road_loopA_r1,4348.2,4471.6,123.4,1298.1,37.9,0
2494,car,4.5,road_loopA_f0,road_loopA_f1,4343.8,4471.7,127.9,1303.9,36.7,1
2490,car,4.5,road_loopA_r0,xloopA_0Bb,4339.8,4471.8,132.0,895.7,24.4,1
2539,car,4.5,road_loopA_r0,road_loopA_r1,4379.6,4472.0,92.4,1297.3,50.6,0
2459,bus,11.0,road_loopA_f0,road_loopA_f1,4317.4,4472.1,154.7,1303.1,30.3,2
2510,car,4.5,road_loopA_f0,road_loopA_f1,4354.5,4473.0,118.5,1303.1,39.6,1
2509,car,4.5,road_loopA_r0,road_loopA_r1,4354.0,4473.5,119.5,1298.3,39.1,0
2523,car,4.5,road_loopA_f0,road_loopA_f1,4367.4,4473.5,106.1,1303.6,44.2,0
2498,car,4.5,road_loopA_r0,xloopA_0Bb,4346.7,4474.4,127.7,895.3,25.2,1
2505,truck,8.5,road_loopA_f0,road_loopA_f1,4351.2,4476.3,125.1,1303.5,37.5,1
2541,suv,4.8,road_loopA_r0,road_loopA_r1,4380.8,4476.5,95.7,1297.3,48.8,0
2592,car,4.5,road_loopA_f0,xloopA_0Ab,4431.9,4476.6,44.7,505.0,40.7,0
2530,suv,4.8,road_loopA_f0,road_loopA_f1,4374.2,4476.7,102.5,1303.5,45.8,0
2508,suv,4.8,road_loopA_f0,road_loopA_f1,4353.0,4479.4,126.4,1302.8,37.1,1
2547,car,4.5,road_loopA_r0,road_loopA_r1,4385.0,4480.0,95.0,1297.6,49.2,0
2544,suv,4.8,road_loopA_r0,road_loopA_r1,4382.9,4480.2,97.3,1297.6,48.0,0
2406,car,4.5,xloopA_0Aa,xloopA_0Ab,4262.7,4481.1,218.4,84.2,1.4,1
2522,car,4.5,road_loopA_f0,road_loopA_f1,4366.4,4481.2,114.8,1303.6,40.9,0
2549,suv,4.8,road_loopA_r0,road_loopA_r1,4386.2,4481.4,95.2,1297.9,49.1,0
2518,car,4.5,road_loopA_f0,road_loopA_f1,4361.4,4481.6,120.2,1303.5,39.0,0
2526,car,4.5,xloopA_0Ba,xloopA_0Bb,4369.7,4481.9,112.2,84.7,2.7,1
2543,car,4.5,road_loopA_r0,road_loopA_r1,4381.3,4482.9,101.6,1297.9,46.0,0
2529,car,4.5,xloopA_0Ba,xloopA_0Bb,4374.0,4483.9,109.9,84.3,2.8,1
2555,car,4.5,road_loopA_r0,road_loopA_r1,4393.2,4484.4,91.2,1298.1,51.2,0
2527,car,4.5,road_loopA_f0,road_loopA_f1,4370.9,4485.9,115.0,1303.5,40.8,0
2538,car,4.5,road_loopA_f0,road_loopA_f1,4377.9,4487.5,109.6,1302.8,42.8,0
2516,car,4.5,road_loopA_f0,road_loopA_f1,4359.6,4487.6,128.0,1303.8,36.7,1
2514,car,4.5,xloopA_0Aa,xloopA_0Ab,4359.1,4488.3,129.2,84.7,2.4,0
2550,truck,8.5,road_loopA_f0,road_loopA_f1,4389.0,4489.7,100.7,1303.9,46.6,0
2294,car,4.5,xloopA_0Aa,road_loopA_f1,4175.2,4490.2,315.0,872.3,10.0,1
2535,car,4.5,road_loopA_r0,road_loopA_r1,4375.8,4490.2,114.4,1298.2,40.9,0
2484,car,4.5,road_loopA_f0,road_loopA_f1,4334.9,4490.4,155.5,1303.8,30.2,1
2515,car,4.5,xloopA_0Aa,xloopA_0Ab,4359.3,4490.4,131.1,84.1,2.3,0
2528,suv,4.8,road_loopA_r0,road_loopA_r1,4370.9,4490.6,119.7,1297.4,39.0,0
2563,suv,4.8,road_loopA_f0,road_loopA_f1,4400.3,4491.6,91.3,1303.0,51.4,0
2561,car,4.5,road_loopA_f0,road_loopA_f1,4397.6,4494.1,96.5,1304.1,48.7,0
2546,car,4.5,road_loopA_f0,road_loopA_f1,4384.8,4495.7,110.9,1302.9,42.3,0
2559,car,4.5,road_loopA_f0,road_loopA_f1,4396.6,4496.3,99.7,1304.0,47.1,0
2521,car,4.5,road_loopA_f0,road_loopA_f1,4365.6,4497.2,131.6,1303.2,35.7,0
2554,bus,11.0,road_loopA_f0,road_loopA_f1,4392.6,4498.4,105.8,1303.3,44.4,0
2542,car,4.5,road_loopA_f0,road_loopA_f1,4381.2,4499.0,117.8,1303.4,39.8,0
2488,bus,11.0,road_loopA_r0,road_loopA_r1,4338.1,4499.4,161.3,1297.4,29.0,2
2540,car,4.5,road_loopA_f0,road_loopA_f1,4380.2,4499.4,119.2,1303.8,39.4,0
2570,car,4.5,road_loopA_f0,road_loopA_f1,4409.1,4500.6,91.5,1302.9,51.3,0
2545,truck,8.5,road_loopA_f0,road_loopA_f1,4383.1,4501.5,118.4,1303.3,39.6,0
2565,car,4.5,road_loopA_f0,road_loopA_f1,4404.0,4503.5,99.5,1302.9,47.2,0
2489,car,4.5,road_loopA_f0,road_loopA_f1,4338.5,4503.7,165.2,1303.3,28.4,1
2573,car,4.5,road_loopA_f0,road_loopA_f1,4410.9,4504.8,93.9,1303.1,50.0,0
2504,car,4.5,road_loopA_f0,road_loopA_f1,4350.1,4505.3,155.2,1303.7,30.2,1
2531,car,4.5,road_loopA_f0,road_loopA_f1,4374.3,4507.0,132.7,1302.8,35.3,0
2569,suv,4.8,road_loopA_f0,road_loopA_f1,4408.9,4508.1,99.2,1302.9,47.3,0
2595,car,4.5,road_loopA_f0,xloopA_0Bb,4436.1,4508.5,72.4,478.8,23.8,2
2520,suv,4.8,road_loopA_f0,road_loopA_f1,4364.6,4510.8,146.2,1303.7,32.1,0
2568,suv,4.8,road_loopA_f0,road_loopA_f1,4407.2,4512.9,105.7,1303.6,44.4,0
2238,car,4.5,xloopA_0Aa,road_loopA_f1,4121.1,4514.0,392.9,872.6,8.0,1
2577,truck,8.5,road_loopA_f0,road_loopA_f1,4415.3,4514.4,99.1,1303.2,47.3,0
2634,car,4.5,road_loopA_f0,xloopA_0Bb,4462.1,4515.1,53.0,478.8,32.5,0
2571,car,4.5,road_loopA_f0,road_loopA_f1,4409.3,4515.9,106.6,1303.7,44.0,0
2580,suv,4.8,road_loopA_f0,road_loopA_f1,4417.8,4516.7,98.9,1303.5,47.5,0
2572,car,4.5,road_loopA_f0,road_loopA_f1,4410.3,4518.2,107.9,1303.1,43.5,0
2578,car,4.5,road_loopA_f0,road_loopA_f1,4416.3,4518.7,102.4,1303.7,45.8,0
2652,suv,4.8,road_loopA_f0,xloopA_0Bb,4472.8,4518.7,45.9,478.9,37.6,0
2611,car,4.5,road_loopA_r0,xloopA_0Ab,4447.8,4519.2,71.4,869.0,43.8,0
2574,car,4.5,road_loopA_f0,road_loopA_f1,4411.5,4519.9,108.4,1303.9,43.3,0
2667,suv,4.8,road_loopA_f0,xloopA_0Bb,4484.1,4524.1,40.0,479.0,43.2,0
2454,car,4.5,road_loopA_r0,road_loopA_r1,4312.5,4525.9,213.4,1297.8,21.9,1
2564,suv,4.8,road_loopA_r0,road_loopA_r1,4403.2,4527.7,124.5,1297.5,37.5,1
2562,car,4.5,road_loopA_r0,road_loopA_r1,4399.5,4527.8,128.3,1298.4,36.4,1
2591,car,4.5,road_loopA_r0,xloopA_0Ab,4430.9,4529.1,98.2,869.2,31.8,1
2657,car,4.5,xloopA_0Ba,road_loopA_r1,4477.1,4529.6,52.5,476.6,32.7,0
2579,car,4.5,road_loopA_r0,road_loopA_r1,4416.5,4530.5,114.0,1298.5,41.0,1
2566,car,4.5,road_loopA_r0,road_loopA_r1,4404.6,4530.9,126.3,1297.4,37.0,1
2584,suv,4.8,road_loopA_r0,road_loopA_r1,4424.8,4532.2,107.4,1297.2,43.5,1
2597,car,4.5,road_loopA_r0,road_loopA_r1,4436.4,4533.9,97.5,1298.4,47.9,0
2551,bus,11.0,road_loopA_f0,road_loopA_f1,4389.6,4535.3,145.7,1302.9,32.2,2
2600,car,4.5,road_loopA_r0,road_loopA_r1,4438.9,4535.6,96.7,1298.2,48.3,0
2679,suv,4.8,road_loopA_f0,xloopA_0Bb,4496.7,4537.1,40.4,478.5,42.6,0
2598,suv,4.8,road_loopA_r0,road_loopA_r1,4436.6,4537.6,101.0,1298.6,46.3,0
2556,suv,4.8,road_loopA_r0,road_loopA_r1,4393.4,4537.7,144.3,1297.6,32.4,1
2576,suv,4.8,road_loopA_r0,road_loopA_r1,4415.0,4539.0,124.0,1297.4,37.7,1
2587,suv,4.8,road_loopA_r0,road_loopA_r1,4429.2,4541.0,111.8,1298.4,41.8,1
2608,car,4.5,road_loopA_r0,road_loopA_r1,4446.9,4541.0,94.1,1298.4,49.7,0
2464,car,4.5,xloopA_0Aa,road_loopA_r1,4319.4,4542.8,223.4,507.1,8.2,1
2617,car,4.5,road_loopA_r0,road_loopA_r1,4451.0,4542.9,91.9,1297.5,50.8,0
2607,car,4.5,road_loopA_r0,xloopA_0Ab,4446.1,4543.4,97.3,869.0,32.2,2
2621,car,4.5,road_loopA_r0,road_loopA_r1,4453.6,4543.7,90.1,1297.4,51.9,0
2582,car,4.5,road_loopA_r0,road_loopA_r1,4422.7,4544.4,121.7,1297.8,38.4,1
2609,suv,4.8,road_loopA_r0,road_loopA_r1,4446.9,4545.4,98.5,1297.7,47.4,0
2606,car,4.5,road_loopA_r0,road_loopA_r1,4445.3,4546.1,100.8,1297.6,46.3,0
2626,car,4.5,road_loopA_r0,road_loopA_r1,4454.5,4546.9,92.4,1298.0,50.6,0
2628,car,4.5,road_loopA_r0,road_loopA_r1,4457.4,4548.7,91.3,1297.8,51.2,0
2627,suv,4.8,road_loopA_r0,road_loopA_r1,4455.8,4550.8,95.0,1297.8,49.2,0
2624,car,4.5,road_loopA_r0,road_loopA_r1,4454.1,4552.7,98.6,1298.5,47.4,0
2586,car,4.5,road_loopA_f0,road_loopA_f1,4427.9,4553.6,125.7,1303.6,37.3,1
2548,bus,11.0,road_loopA_f0,road_loopA_f1,4385.7,4554.5,168.8,1303.2,27.8,3
2632,car,4.5,road_loopA_r0,road_loopA_r1,4460.9,4556.1,95.2,1297.3,49.1,0
2618,car,4.5,road_loopA_r0,road_loopA_r1,4451.3,4558.4,107.1,1297.7,43.6,0
2646,car,4.5,road_loopA_r0,road_loopA_r1,4467.4,4558.5,91.1,1297.5,51.3,0
2637,car,4.5,road_loopA_r0,road_loopA_r1,4463.8,4558.7,94.9,1298.3,49.2,0
2701,car,4.5,road_loopA_f0,xloopA_0Bb,4518.8,4559.9,41.1,478.8,42.0,0
2630,car,4.5,road_loopA_r0,road_loopA_r1,4459.9,4560.1,100.2,1297.6,46.6,0
2647,car,4.5,road_loopA_r0,road_loopA_r1,4467.9,4560.5,92.6,1298.1,50.4,0
2633,suv,4.8,road_loopA_r0,road_loopA_r1,4461.8,4561.9,100.1,1298.3,46.7,0
2650,car,4.5,road_loopA_r0,road_loopA_r1,4471.9,4562.2,90.3,1297.3,51.7,0
2583,suv,4.8,road_loopA_f0,road_loopA_f1,4424.5,4563.3,138.8,1303.7,33.8,1
2602,car,4.5,road_loopA_f0,road_loopA_f1,4442.5,4563.3,120.8,1303.7,38.9,1
2638,car,4.5,road_loopA_r0,road_loopA_r1,4463.9,4563.7,99.8,1298.6,46.9,0
2645,suv,4.8,road_loopA_r0,road_loopA_r1,4466.9,4564.9,98.0,1298.6,47.7,0
2593,car,4.5,road_loopA_f0,road_loopA_f1,4432.5,4565.1,132.6,1303.4,35.4,1
2642,car,4.5,road_loopA_r0,road_loopA_r1,4466.0,4565.5,99.5,1297.4,47.0,0
2655,car,4.5,road_loopA_r0,road_loopA_r1,4473.5,4567.5,94.0,1298.5,49.7,0
2641,car,4.5,road_loopA_r0,road_loopA_r1,4465.6,4567.9,102.3,1298.5,45.7,0
2651,suv,4.8,road_loopA_r0,road_loopA_r1,4472.5,4568.1,95.6,1298.0,48.9,0
2534,bus,11.0,road_loopA_r0,road_loopA_r1,4375.7,4568.8,193.1,1298.2,24.2,3
2603,suv,4.8,road_loopA_f0,road_loopA_f1,4442.9,4569.3,126.4,1304.1,37.1,1
2552,car,4.5,road_loopA_r0,xloopA_0Bb,4391.8,4569.6,177.8,895.4,18.1,1
2644,car,4.5,road_loopA_r0,road_loopA_r1,4466.9,4569.6,102.7,1297.5,45.5,0
2613,truck,8.5,road_loopA_f0,xloopA_0Ab,4448.3,4571.4,123.1,505.0,14.8,1
2656,car,4.5,road_loopA_r0,road_loopA_r1,4475.5,4571.5,96.0,1297.8,48.7,0
2596,car,4.5,road_loopA_f0,road_loopA_f1,4436.3,4571.7,135.4,1303.1,34.6,1
2585,car,4.5,road_loopA_r0,xloopA_0Bb,4427.1,4572.2,145.1,895.5,22.2,1
2664,suv,4.8,road_loopA_f0,xloopA_0Ab,4482.3,4574.5,92.2,505.6,19.8,2
2631,car,4.5,road_loopA_r0,xloopA_0Bb,4460.2,4574.9,114.7,895.7,28.1,1
2589,truck,8.5,road_loopA_f0,road_loopA_f1,4430.5,4575.2,144.7,1303.4,32.4,1
2604,car,4.5,road_loopA_f0,road_loopA_f1,4444.5,4576.3,131.8,1304.0,35.6,1
2666,car,4.5,road_loopA_r0,road_loopA_r1,4483.5,4576.7,93.2,1298.3,50.1,0
2669,car,4.5,road_loopA_f0,xloopA_0Ab,4485.2,4577.1,91.9,505.1,19.8,2
2614,truck,8.5,road_loopA_f0,road_loopA_f1,4448.4,4578.4,130.0,1303.2,36.1,1
2653,truck,8.5,road_loopA_r0,xloopA_0Bb,4473.3,4578.4,105.1,895.9,30.7,1
2658,truck,8.5,road_loopA_r0,road_loopA_r1,4478.8,4578.5,99.7,1298.3,46.9,0
2625,suv,4.8,road_loopA_f0,road_loopA_f1,4454.6,4578.9,124.3,1303.3,37.7,1
2594,car,4.5,road_loopA_f0,road_loopA_f1,4434.2,4579.1,144.9,1303.9,32.4,1
2690,car,4.5,road_loopA_f0,xloopA_0Ab,4509.4,4579.8,70.4,505.3,25.8,1
2643,truck,8.5,road_loopA_r0,road_loopA_r1,4466.5,4581.4,114.9,1297.5,40.6,0
2673,car,4.5,road_loopA_r0,road_loopA_r1,4492.4,4581.5,89.1,1298.5,52.5,0
2640,suv,4.8,road_loopA_f0,road_loopA_f1,4465.5,4582.5,117.0,1303.3,40.1,0
2654,car,4.5,road_loopA_f0,road_loopA_f1,4473.4,4584.3,110.9,1303.9,42.3,0
2599,car,4.5,road_loopA_f0,road_loopA_f1,4438.4,4584.7,146.3,1302.8,32.1,1
2525,car,4.5,xloopA_0Aa,xloopA_0Ab,4369.7,4585.2,215.5,84.6,1.4,1
2741,car,4.5,xloopA_0Ba,xloopA_0Bb,4557.4,4585.3,27.9,84.0,10.9,1
2660,car,4.5,road_loopA_f0,road_loopA_f1,4479.6,4585.7,106.1,1304.2,44.3,0
2649,car,4.5,road_loopA_f0,road_loopA_f1,4469.9,4587.3,117.4,1303.3,40.0,0
2610,car,4.5,road_loopA_f0,road_loopA_f1,4447.3,4588.0,140.7,1303.9,33.4,1
2553,car,4.5,xloopA_0Aa,xloopA_0Ab,4392.6,4588.5,195.9,84.8,1.6,1
2623,suv,4.8,road_loopA_f0,road_loopA_f1,4454.1,4589.3,135.2,1304.1,34.7,1
2668,suv,4.8,road_loopA_f0,road_loopA_f1,4484.5,4590.0,105.5,1303.7,44.5,0
2557,car,4.5,xloopA_0Aa,xloopA_0Ab,4395.8,4590.5,194.7,84.1,1.6,0
2620,car,4.5,xloopA_0Ba,road_loopA_f1,4452.5,4590.6,138.1,902.7,23.5,1
2671,truck,8.5,road_loopA_f0,road_loopA_f1,4487.4,4592.1,104.7,1303.6,44.8,0
2616,suv,4.8,road_loopA_f0,road_loopA_f1,4450.3,4593.1,142.8,1303.4,32.9,1
2560,car,4.5,xloopA_0Aa,xloopA_0Ab,4396.9,4593.5,196.6,84.7,1.6,0
2681,car,4.5,road_loopA_f0,road_loopA_f1,4497.5,4594.2,96.7,1304.2,48.6,0
2639,truck,8.5,road_loopA_f0,road_loopA_f1,4464.7,4594.5,129.8,1302.8,36.1,0
2661,car,4.5,road_loopA_r0,road_loopA_r1,4479.7,4594.9,115.2,1297.8,40.6,0
2684,car,4.5,road_loopA_f0,road_loopA_f1,4501.8,4596.0,94.2,1304.1,49.8,0
2590,car,4.5,road_loopA_f0,road_loopA_f1,4430.8,4596.9,166.1,1303.1,28.2,1
2619,car,4.5,road_loopA_f0,road_loopA_f1,4451.6,4597.8,146.2,1303.9,32.1,1
2676,car,4.5,road_loopA_f0,road_loopA_f1,4495.3,4599.6,104.3,1303.3,45.0,0
2493,car,4.5,xloopA_0Aa,road_loopA_f1,4342.7,4599.7,257.0,872.1,12.2,1
2636,car,4.5,road_loopA_f0,road_loopA_f1,4462.9,4600.3,137.4,1303.4,34.2,0
2635,car,4.5,xloopA_0Ba,road_loopA_f1,4462.5,4601.7,139.2,903.0,23.4,0
2670,car,4.5,road_loopA_f0,road_loopA_f1,4486.9,4602.0,115.1,1303.3,40.8,0
2665,car,4.5,road_loopA_f0,road_loopA_f1,4482.8,4602.4,119.6,1304.2,39.2,0
2732,car,4.5,road_loopA_f0,xloopA_0Bb,4550.3,4603.8,53.5,478.6,32.2,1
2581,truck,8.5,road_loopA_f0,road_loopA_f1,4421.3,4603.9,182.6,1303.7,25.7,1
2675,truck,8.5,road_loopA_f0,road_loopA_f1,4494.8,4604.1,109.3,1302.9,42.9,0
2612,suv,4.8,road_loopA_f0,road_loopA_f1,4448.3,4604.2,155.9,1303.4,30.1,1
2659,suv,4.8,road_loopA_f0,road_loopA_f1,4479.6,4605.2,125.6,1304.0,37.4,0
2605,suv,4.8,road_loopA_f0,road_loopA_f1,4444.5,4606.1,161.6,1303.2,29.0,1
2629,truck,8.5,road_loopA_f0,road_loopA_f1,4457.9,4606.6,148.7,1303.6,31.6,0
2687,suv,4.8,road_loopA_f0,road_loopA_f1,4505.9,4607.0,101.1,1302.8,46.4,0
2622,car,4.5,road_loopA_f0,road_loopA_f1,4453.8,4608.0,154.2,1302.8,30.4,0
2692,car,4.5,road_loopA_f0,road_loopA_f1,4512.7,4608.8,96.1,1303.0,48.8,0
2674,car,4.5,road_loopA_f0,road_loopA_f1,4493.3,4609.2,115.9,1303.8,40.5,0
2648,car,4.5,road_loopA_f0,road_loopA_f1,4469.4,4609.8,140.4,1303.1,33.4,0
2695,suv,4.8,road_loopA_f0,road_loopA_f1,4514.8,4610.9,96.1,1304.1,48.9,0
2691,car,4.5,road_loopA_f0,road_loopA_f1,4512.2,4611.6,99.4,1304.0,47.2,0
2703,suv,4.8,road_loopA_f0,road_loopA_f1,4519.1,4612.2,93.1,1303.9,50.4,0
2699,car,4.5,road_loopA_f0,road_loopA_f1,4518.6,4613.3,94.7,1303.1,49.6,0
2711,truck,8.5,road_loopA_r0,xloopA_0Ab,4524.7,4613.6,88.9,869.0,35.2,0
2702,car,4.5,road_loopA_f0,road_loopA_f1,4518.9,4613.9,95.0,1303.4,49.4,0
2689,car,4.5,road_loopA_f0,road_loopA_f1,4507.2,4617.1,109.9,1303.5,42.7,0
2693,truck,8.5,road_loopA_f0,road_loopA_f1,4512.7,4621.1,108.4,1303.1,43.3,0
2680,car,4.5,road_loopA_r0,road_loopA_r1,4497.0,4633.9,136.9,1297.5,34.1,1
2672,car,4.5,road_loopA_r0,road_loopA_r1,4492.4,4635.0,142.6,1297.7,32.8,1
2677,truck,8.5,road_loopA_r0,road_loopA_r1,4496.0,4635.7,139.7,1298.3,33.5,1
2685,car,4.5,road_loopA_r0,road_loopA_r1,4503.7,4636.3,132.6,1297.5,35.2,1
2698,suv,4.8,road_loopA_r0,road_loopA_r1,4518.3,4638.0,119.7,1298.3,39.0,1
2694,car,4.5,road_loopA_r0,road_loopA_r1,4513.6,4638.9,125.3,1297.7,37.3,1
2712,suv,4.8,road_loopA_r0,road_loopA_r1,4525.8,4641.0,115.2,1297.4,40.5,1
2697,car,4.5,road_loopA_r0,road_loopA_r1,4517.0,4641.4,124.4,1297.6,37.6,1
2615,bus,11.0,road_loopA_f0,road_loopA_f1,4450.1,4641.7,191.6,1303.3,24.5,2
2696,bus,11.0,road_loopA_r0,road_loopA_r1,4516.3,4643.5,127.2,1298.4,36.8,1
2537,car,4.5,xloopA_0Aa,road_loopA_r1,4377.4,4644.3,266.9,506.6,6.8,1
2710,suv,4.8,road_loopA_r0,road_loopA_r1,4522.5,4644.3,121.8,1298.3,38.4,1
2720,car,4.5,road_loopA_r0,road_loopA_r1,4533.7,4645.9,112.2,1297.4,41.6,0
2678,suv,4.8,road_loopA_r0,road_loopA_r1,4496.5,4646.0,149.5,1298.3,31.3,1
2714,car,4.5,road_loopA_r0,road_loopA_r1,4526.6,4646.0,119.4,1297.8,39.1,0
2682,car,4.5,road_loopA_r0,road_loopA_r1,4499.2,4647.6,148.4,1297.6,31.5,1
2721,suv,4.8,road_loopA_r0,road_loopA_r1,4535.8,4647.7,111.9,1298.1,41.7,1
2734,suv,4.8,road_loopA_r0,road_loopA_r1,4551.0,4648.2,97.2,1297.5,48.0,0
2713,car,4.5,road_loopA_r0,road_loopA_r1,4526.2,4649.5,123.3,1298.0,37.9,0
2730,car,4.5,road_loopA_r0,road_loopA_r1,4547.4,4650.4,103.0,1297.7,45.4,0
2727,car,4.5,road_loopA_r0,road_loopA_r1,4543.7,4651.2,107.5,1298.5,43.5,0
2738,car,4.5,road_loopA_r0,road_loopA_r1,4553.1,4651.2,98.1,1297.4,47.6,0
2663,suv,4.8,road_loopA_r0,xloopA_0Bb,4481.8,4652.7,170.9,895.2,18.9,1
2728,car,4.5,road_loopA_r0,road_loopA_r1,4545.2,4652.8,107.6,1297.3,43.4,0
2705,suv,4.8,road_loopA_f0,xloopA_0Ab,4520.4,4653.3,132.9,505.4,13.7,1
2731,suv,4.8,road_loopA_r0,road_loopA_r1,4548.7,4654.6,105.9,1297.6,44.1,0
2729,car,4.5,road_loopA_r0,road_loopA_r1,4547.1,4655.2,108.1,1298.3,43.2,0
2718,car,4.5,road_loopA_r0,xloopA_0Bb,4531.7,4655.4,123.7,895.8,26.1,1
2709,car,4.5,road_loopA_f0,xloopA_0Ab,4522.4,4655.9,133.5,505.1,13.6,1
2752,car,4.5,road_loopA_r0,road_loopA_r1,4566.4,4656.5,90.1,1297.4,51.8,0
2747,car,4.5,road_loopA_r0,road_loopA_r1,4562.3,4656.8,94.5,1297.3,49.4,0
2707,car,4.5,road_loopA_f0,road_loopA_f1,4521.8,4657.5,135.7,1304.1,34.6,1
2722,car,4.5,road_loopA_r0,xloopA_0Bb,4536.9,4658.0,121.1,895.5,26.6,1
2726,car,4.5,road_loopA_f0,xloopA_0Ab,4542.1,4658.6,116.5,505.4,15.6,1
2716,car,4.5,road_loopA_f0,road_loopA_f1,4527.2,4659.4,132.2,1303.9,35.5,1
2739,car,4.5,road_loopA_r0,xloopA_0Bb,4554.4,4660.6,106.2,895.3,30.4,1
2719,car,4.5,road_loopA_f0,road_loopA_f1,4533.5,4661.2,127.7,1303.2,36.7,1
2766,car,4.5,road_loopA_f0,xloopA_0Ab,4579.4,4661.2,81.8,505.0,22.2,1
2683,bus,11.0,road_loopA_r0,road_loopA_r1,4501.4,4661.6,160.2,1298.0,29.2,1
2,tram,34.0,loopB,loopB,315.9,4662.1,4346.2,33673.6,27.9,40
2704,suv,4.8,road_loopA_f0,road_loopA_f1,4520.4,4662.1,141.7,1303.5,33.1,1
2744,car,4.5,road_loopA_r0,road_loopA_r1,4560.4,4662.4,102.0,1297.4,45.8,0
2724,car,4.5,road_loopA_f0,road_loopA_f1,4540.3,4663.9,123.6,1303.8,38.0,1
2787,car,4.5,road_loopA_f0,xloopA_0Ab,4593.0,4663.9,70.9,505.3,25.7,1
2706,car,4.5,road_loopA_f0,road_loopA_f1,4521.7,4664.3,142.6,1303.1,32.9,1
2753,car,4.5,road_loopA_r0,road_loopA_r1,4566.7,4665.2,98.5,1298.3,47.5,0
2760,suv,4.8,road_loopA_r0,road_loopA_r1,4576.1,4666.1,90.0,1297.5,51.9,0
2733,car,4.5,road_loopA_f0,road_loopA_f1,4550.9,4667.9,117.0,1303.7,40.1,1
2764,car,4.5,road_loopA_r0,road_loopA_r1,4578.1,4668.0,89.9,1298.5,52.0,0
2567,car,4.5,xloopA_0Aa,xloopA_0Ab,4405.0,4668.7,263.7,84.4,1.2,1
2737,suv,4.8,road_loopA_f0,road_loopA_f1,4551.3,4669.6,118.3,1303.4,39.7,1
2686,bus,11.0,road_loopA_r0,road_loopA_r1,4504.2,4670.1,165.9,1298.1,28.2,2
2823,car,4.5,xloopA_0Ba,xloopA_0Bb,4629.4,4670.1,40.7,84.1,7.4,1
2761,car,4.5,road_loopA_r0,road_loopA_r1,4576.7,4670.5,93.8,1297.6,49.8,0
2749,car,4.5,road_loopA_r0,road_loopA_r1,4565.2,4670.9,105.7,1297.4,44.2,0
2742,car,4.5,road_loopA_f0,road_loopA_f1,4557.6,4671.5,113.9,1303.8,41.2,1
2758,truck,8.5,road_loopA_r0,road_loopA_r1,4573.9,4671.8,97.9,1298.3,47.7,0
2715,car,4.5,road_loopA_f0,road_loopA_f1,4526.8,4672.2,145.4,1303.0,32.3,1
2745,car,4.5,road_loopA_f0,road_loopA_f1,4561.4,4673.2,111.8,1303.7,42.0,1
2717,car,4.5,road_loopA_f0,road_loopA_f1,4528.2,4673.9,145.7,1303.1,32.2,1
2748,car,4.5,road_loopA_f0,road_loopA_f1,4564.9,4675.4,110.5,1303.2,42.5,0
2723,car,4.5,road_loopA_f0,road_loopA_f1,4538.7,4675.6,136.9,1303.4,34.3,1
2751,suv,4.8,road_loopA_f0,road_loopA_f1,4565.9,4677.1,111.2,1303.4,42.2,0
2725,car,4.5,road_loopA_f0,road_loopA_f1,4541.6,4677.5,135.9,1303.0,34.5,1
2755,suv,4.8,road_loopA_f0,road_loopA_f1,4571.4,4678.9,107.5,1303.8,43.7,0
2700,car,4.5,road_loopA_f0,road_loopA_f1,4518.8,4679.1,160.3,1303.6,29.3,1
2736,suv,4.8,road_loopA_f0,road_loopA_f1,4551.1,4679.6,128.5,1303.3,36.5,1
2750,car,4.5,road_loopA_f0,road_loopA_f1,4565.3,4680.6,115.3,1303.1,40.7,1
2740,suv,4.8,road_loopA_f0,road_loopA_f1,4556.8,4681.4,124.6,1304.0,37.7,1
2754,suv,4.8,road_loopA_f0,road_loopA_f1,4569.3,4682.7,113.4,1303.5,41.4,0
2743,suv,4.8,road_loopA_f0,road_loopA_f1,4559.5,4683.1,123.6,1303.2,38.0,1
2746,car,4.5,road_loopA_f0,road_loopA_f1,4562.2,4684.9,122.7,1303.4,38.2,6
2756,car,4.5,road_loopA_f0,road_loopA_f1,4571.5,4685.6,114.1,1302.9,41.1,0
2757,car,4.5,road_loopA_f0,road_loopA_f1,4572.0,4688.1,116.1,1303.0,40.4,0
2763,car,4.5,road_loopA_f0,road_loopA_f1,4577.6,4688.4,110.8,1304.2,42.4,0
2769,car,4.5,road_loopA_f0,road_loopA_f1,4581.6,4690.4,108.8,1303.4,43.1,0
2759,car,4.5,road_loopA_f0,road_loopA_f1,4575.7,4691.4,115.7,1303.2,40.5,0
2767,suv,4.8,road_loopA_f0,road_loopA_f1,4579.6,4693.0,113.4,1302.9,41.4,0
2773,car,4.5,road_loopA_f0,road_loopA_f1,4583.6,4693.4,109.8,1303.9,42.8,0
2778,car,4.5,road_loopA_f0,road_loopA_f1,4587.2,4694.2,107.0,1303.6,43.9,0
2795,suv,4.8,road_loopA_r0,xloopA_0Ab,4603.9,4694.8,90.9,869.4,34.4,1
2771,car,4.5,road_loopA_f0,road_loopA_f1,4582.0,4694.9,112.9,1303.4,41.6,0
2781,truck,8.5,road_loopA_f0,road_loopA_f1,4589.2,4696.3,107.1,1303.5,43.8,0
2777,car,4.5,road_loopA_f0,road_loopA_f1,4587.0,4696.6,109.6,1303.4,42.8,0
2790,car,4.5,road_loopA_f0,road_loopA_f1,4596.4,4697.1,100.7,1303.0,46.6,0
2794,car,4.5,road_loopA_f0,road_loopA_f1,4601.2,4699.0,97.8,1304.2,48.0,0
2796,car,4.5,road_loopA_f0,road_loopA_f1,4604.1,4699.6,95.5,1303.3,49.1,0
2780,truck,8.5,road_loopA_f0,road_loopA_f1,4588.7,4699.9,111.2,1303.7,42.2,0
2791,car,4.5,road_loopA_f0,road_loopA_f1,4597.1,4701.2,104.1,1304.1,45.1,0
2786,suv,4.8,road_loopA_f0,road_loopA_f1,4592.4,4701.8,109.4,1303.7,42.9,0
2770,car,4.5,road_loopA_r0,road_loopA_r1,4581.6,4711.1,129.5,1297.5,36.1,1
2774,car,4.5,road_loopA_r0,road_loopA_r1,4584.4,4713.0,128.6,1298.5,36.4,1
2776,car,4.5,road_loopA_r0,road_loopA_r1,4585.5,4715.0,129.5,1297.5,36.1,1
2810,car,4.5,xloopA_0Ba,road_loopA_r1,4617.2,4716.7,99.5,476.9,17.3,1
2768,car,4.5,road_loopA_r0,road_loopA_r1,4581.3,4717.9,136.6,1298.0,34.2,1
2772,suv,4.8,road_loopA_r0,road_loopA_r1,4582.2,4719.6,137.4,1298.2,34.0,1
2829,car,4.5,xloopA_0Ba,road_loopA_r1,4639.0,4721.1,82.1,476.8,20.9,1
2779,truck,8.5,road_loopA_r0,road_loopA_r1,4587.7,4723.0,135.3,1298.3,34.5,1
2799,car,4.5,road_loopA_r0,road_loopA_r1,4605.9,4724.9,119.0,1297.3,39.3,1
2762,suv,4.8,road_loopA_r0,road_loopA_r1,4577.4,4725.2,147.8,1298.3,31.6,1
2783,car,4.5,road_loopA_r0,road_loopA_r1,4589.8,4726.1,136.3,1298.0,34.3,1
2812,car,4.5,road_loopA_r0,road_loopA_r1,4619.0,4727.3,108.3,1297.3,43.1,0
2792,suv,4.8,road_loopA_r0,road_loopA_r1,4598.4,4727.6,129.2,1297.9,36.2,1
2877,car,4.5,road_loopA_f0,xloopA_0Bb,4687.0,4728.3,41.3,478.6,41.7,0
2817,car,4.5,road_loopA_r0,road_loopA_r1,4623.5,4729.5,106.0,1297.4,44.1,0
2803,truck,8.5,road_loopA_r0,road_loopA_r1,4610.3,4729.6,119.3,1298.3,39.2,1
2849,car,4.5,xloopA_0Ba,road_loopA_r1,4659.7,4731.2,71.5,476.4,24.0,0
2805,car,4.5,road_loopA_r0,road_loopA_r1,4611.0,4731.8,120.8,1298.1,38.7,0
2782,suv,4.8,road_loopA_r0,road_loopA_r1,4589.2,4732.9,143.7,1297.6,32.5,1
2824,car,4.5,road_loopA_r0,road_loopA_r1,4630.6,4732.9,102.3,1297.6,45.6,0
2784,car,4.5,road_loopA_r0,road_loopA_r1,4591.1,4734.6,143.5,1297.8,32.6,1
2807,suv,4.8,road_loopA_r0,road_loopA_r1,4612.0,4735.7,123.7,1298.3,37.8,0
2821,car,4.5,road_loopA_r0,road_loopA_r1,4627.1,4735.7,108.6,1297.3,43.0,0
2789,car,4.5,road_loopA_r0,road_loopA_r1,4596.2,4736.3,140.1,1298.4,33.4,1
2825,suv,4.8,road_loopA_r0,road_loopA_r1,4632.7,4737.8,105.1,1297.6,44.5,0
2814,car,4.5,road_loopA_r0,road_loopA_r1,4620.5,4737.9,117.4,1298.4,39.8,0
2798,car,4.5,road_loopA_r0,road_loopA_r1,4605.6,4738.2,132.6,1298.1,35.2,0
2788,suv,4.8,road_loopA_r0,road_loopA_r1,4594.4,4738.7,144.3,1297.7,32.4,1
2831,car,4.5,road_loopA_r0,road_loopA_r1,4641.2,4739.7,98.5,1297.6,47.4,0
2811,car,4.5,road_loopA_r0,road_loopA_r1,4618.3,4739.9,121.6,1297.6,38.4,0
2816,car,4.5,road_loopA_r0,road_loopA_r1,4622.0,4741.7,119.7,1297.5,39.0,0
2820,car,4.5,road_loopA_r0,road_loopA_r1,4626.5,4742.3,115.8,1298.3,40.4,0
2832,car,4.5,road_loopA_r0,road_loopA_r1,4644.6,4743.4,98.8,1297.7,47.3,0
2815,suv,4.8,road_loopA_r0,road_loopA_r1,4621.2,4743.7,122.5,1298.1,38.2,0
2797,car,4.5,road_loopA_f0,road_loopA_f1,4605.4,4744.7,139.3,1303.8,33.7,1
2808,suv,4.8,road_loopA_f0,road_loopA_f1,4615.8,4744.8,129.0,1303.1,36.4,1
2819,car,4.5,road_loopA_f0,road_loopA_f1,4625.2,4744.9,119.7,1303.1,39.2,1
2835,truck,8.5,road_loopA_r0,road_loopA_r1,4647.1,4745.4,98.3,1297.5,47.5,0
2838,car,4.5,road_loopA_r0,road_loopA_r1,4649.4,4745.9,96.5,1297.5,48.4,0
2806,suv,4.8,road_loopA_r0,xloopA_0Bb,4611.7,4746.3,134.6,895.2,23.9,2
2802,car,4.5,road_loopA_f0,road_loopA_f1,4609.1,4746.5,137.4,1303.8,34.2,1
2813,car,4.5,road_loopA_f0,xloopA_0Ab,4620.2,4746.8,126.6,505.3,14.4,1
2844,car,4.5,road_loopA_r0,road_loopA_r1,4653.8,4747.4,93.6,1297.3,49.9,0
2843,car,4.5,road_loopA_r0,road_loopA_r1,4651.5,4747.8,96.3,1297.7,48.5,0
2841,car,4.5,road_loopA_f0,road_loopA_f1,4651.3,4747.9,96.6,1303.2,48.6,0
2822,truck,8.5,road_loopA_r0,road_loopA_r1,4629.3,4748.3,119.0,1297.9,39.2,0
2830,car,4.5,road_loopA_f0,road_loopA_f1,4640.0,4749.4,109.4,1303.1,42.9,0
2871,car,4.5,road_loopA_f0,xloopA_0Ab,4683.2,4749.4,66.2,505.3,27.5,1
2845,car,4.5,road_loopA_r0,road_loopA_r1,4655.2,4749.6,94.4,1298.5,49.5,0
2847,suv,4.8,road_loopA_r0,road_loopA_r1,4658.2,4749.8,91.6,1297.7,51.0,0
2840,car,4.5,road_loopA_r0,road_loopA_r1,4650.7,4750.3,99.6,1298.3,46.9,0
2851,car,4.5,road_loopA_r0,road_loopA_r1,4660.4,4751.3,90.9,1298.2,51.4,0
2837,suv,4.8,road_loopA_f0,road_loopA_f1,4648.7,4751.5,102.8,1302.8,45.6,0
2833,suv,4.8,road_loopA_f0,road_loopA_f1,4645.0,4751.9,106.9,1304.2,43.9,0
2870,suv,4.8,road_loopA_f0,xloopA_0Ab,4683.2,4752.1,68.9,505.6,26.4,1
2882,car,4.5,road_loopA_f0,xloopA_0Ab,4690.1,4754.7,64.6,505.0,28.1,1
2818,suv,4.8,road_loopA_f0,road_loopA_f1,4623.8,4755.7,131.9,1304.0,35.6,1
2839,car,4.5,road_loopA_f0,road_loopA_f1,4650.5,4757.1,106.6,1302.9,44.0,0
2850,car,4.5,road_loopA_f0,road_loopA_f1,4659.9,4757.9,98.0,1304.0,47.9,0
2853,car,4.5,road_loopA_f0,road_loopA_f1,4664.9,4759.6,94.7,1303.4,49.6,0
2836,suv,4.8,road_loopA_f0,road_loopA_f1,4647.7,4762.4,114.7,1303.4,40.9,0
2708,car,4.5,xloopA_0Aa,xloopA_0Ab,4522.3,4763.2,240.9,84.2,1.3,1
2846,car,4.5,road_loopA_f0,road_loopA_f1,4656.1,4763.9,107.8,1303.1,43.5,0
2601,car,4.5,xloopA_0Aa,road_loopA_f1,4442.1,4764.2,322.1,872.6,9.8,1
2857,truck,8.5,road_loopA_f0,road_loopA_f1,4667.6,4765.3,97.7,1303.3,48.0,0
2735,car,4.5,xloopA_0Aa,xloopA_0Ab,4551.0,4765.3,214.3,84.9,1.4,1
2852,truck,8.5,road_loopA_f0,road_loopA_f1,4661.0,4766.6,105.6,1302.9,44.4,0
2804,suv,4.8,road_loopA_f0,road_loopA_f1,4610.9,4766.7,155.8,1303.7,30.1,1
2933,car,4.5,xloopA_0Ba,xloopA_0Bb,4736.9,4767.4,30.5,84.7,10.0,0
2775,car,4.5,xloopA_0Aa,xloopA_0Ab,4584.7,4769.1,184.4,84.2,1.6,0
2945,car,4.5,xloopA_0Ba,xloopA_0Bb,4746.7,4769.5,22.8,84.0,13.3,0
2854,car,4.5,road_loopA_f0,road_loopA_f1,4666.0,4769.9,103.9,1304.0,45.2,0
2865,car,4.5,road_loopA_f0,road_loopA_f1,4679.3,4771.3,92.0,1304.2,51.0,0
2952,car,4.5,xloopA_0Ba,xloopA_0Bb,4751.8,4771.4,19.6,84.3,15.5,0
2868,car,4.5,road_loopA_f0,road_loopA_f1,4681.4,4773.8,92.4,1302.9,50.8,0
2876,car,4.5,road_loopA_f0,road_loopA_f1,4686.2,4776.9,90.7,1303.1,51.7,0
2828,car,4.5,road_loopA_f0,road_loopA_f1,4638.9,4778.4,139.5,1303.6,33.6,0
2834,suv,4.8,road_loopA_r0,xloopA_0Ab,4645.4,4779.3,133.9,869.3,23.4,2
2860,car,4.5,road_loopA_f0,road_loopA_f1,4671.0,4780.1,109.1,1303.1,43.0,0
2869,car,4.5,road_loopA_f0,road_loopA_f1,4682.0,4780.1,98.1,1303.3,47.8,0
2588,car,4.5,xloopA_0Aa,road_loopA_f1,4429.8,4780.4,350.6,872.2,9.0,1
2863,truck,8.5,road_loopA_f0,road_loopA_f1,4676.2,4782.7,106.5,1303.5,44.0,0
2880,car,4.5,road_loopA_f0,road_loopA_f1,4689.1,4783.3,94.2,1303.5,49.8,0
2874,car,4.5,road_loopA_f0,road_loopA_f1,4685.7,4784.3,98.6,1303.2,47.6,0
2886,car,4.5,road_loopA_f0,road_loopA_f1,4693.6,4784.4,90.8,1303.0,51.7,0
2912,car,4.5,road_loopA_f0,xloopA_0Bb,4720.6,4786.3,65.7,478.7,26.2,2
2864,car,4.5,road_loopA_r0,xloopA_0Ab,4676.8,4786.8,110.0,868.9,28.4,1
2801,suv,4.8,road_loopA_f0,road_loopA_f1,4607.2,4787.1,179.9,1303.6,26.1,1
2662,car,4.5,xloopA_0Aa,road_loopA_f1,4481.6,4789.0,307.4,872.1,10.2,0
2892,car,4.5,road_loopA_f0,road_loopA_f1,4698.1,4789.4,91.3,1304.1,51.4,0
2879,car,4.5,road_loopA_f0,road_loopA_f1,4688.7,4795.2,106.5,1302.8,44.0,0
2888,car,4.5,road_loopA_f0,road_loopA_f1,4694.0,4797.0,103.0,1303.2,45.5,0
2891,car,4.5,road_loopA_f0,road_loopA_f1,4695.7,4800.4,104.7,1303.1,44.8,0
2859,car,4.5,road_loopA_r0,road_loopA_r1,4670.8,4805.6,134.8,1298.1,34.7,1
2862,car,4.5,road_loopA_r0,road_loopA_r1,4675.5,4808.7,133.2,1297.8,35.1,1
2977,car,4.5,road_loopA_f0,xloopA_0Bb,4770.2,4810.1,39.9,478.7,43.2,0
2867,car,4.5,road_loopA_r0,road_loopA_r1,4679.9,4812.0,132.1,1298.4,35.4,1
2881,car,4.5,road_loopA_r0,road_loopA_r1,4689.4,4814.2,124.8,1298.2,37.4,1
2885,truck,8.5,road_loopA_r0,road_loopA_r1,4691.0,4816.2,125.2,1297.3,37.3,1
2688,car,4.5,xloopA_0Aa,road_loopA_r1,4506.4,4816.4,310.0,506.5,5.9,1
2906,truck,8.5,road_loopA_r0,xloopA_0Ab,4716.0,4816.7,100.7,868.9,31.1,1
2898,car,4.5,xloopA_0Ba,road_loopA_r1,4706.4,4817.3,110.9,476.4,15.5,1
2856,car,4.5,road_loopA_r0,road_loopA_r1,4667.1,4818.1,151.0,1297.4,30.9,1
2890,car,4.5,road_loopA_r0,road_loopA_r1,4694.7,4818.2,123.5,1297.9,37.8,1
2793,bus,11.0,road_loopA_f0,road_loopA_f1,4599.5,4818.6,219.1,1303.5,21.4,3
2858,car,4.5,road_loopA_r0,road_loopA_r1,4669.0,4818.9,149.9,1297.3,31.2,1
2897,car,4.5,road_loopA_r0,road_loopA_r1,4705.7,4820.0,114.3,1298.0,40.9,1
2866,suv,4.8,road_loopA_r0,road_loopA_r1,4679.7,4820.3,140.6,1297.7,33.2,1
2861,car,4.5,road_loopA_r0,road_loopA_r1,4671.9,4820.6,148.7,1298.0,31.4,1
2896,suv,4.8,road_loopA_r0,road_loopA_r1,4705.3,4821.9,116.6,1297.4,40.1,1
2884,car,4.5,road_loopA_r0,road_loopA_r1,4691.1,4822.3,131.2,1298.4,35.6,1
2875,car,4.5,road_loopA_r0,road_loopA_r1,4685.9,4822.5,136.6,1297.9,34.2,1
2899,car,4.5,road_loopA_r0,road_loopA_r1,4706.3,4824.0,117.7,1298.6,39.7,1
2887,car,4.5,road_loopA_r0,road_loopA_r1,4693.8,4824.2,130.4,1297.9,35.8,1
2914,car,4.5,road_loopA_r0,road_loopA_r1,4722.5,4824.4,101.9,1298.5,45.9,0
2904,car,4.5,road_loopA_r0,road_loopA_r1,4714.7,4825.6,110.9,1297.3,42.1,1
2921,suv,4.8,road_loopA_r0,road_loopA_r1,4729.2,4826.2,97.0,1298.4,48.2,0
2889,car,4.5,road_loopA_r0,road_loopA_r1,4694.6,4826.3,131.7,1297.9,35.5,1
2901,car,4.5,road_loopA_r0,road_loopA_r1,4710.7,4827.5,116.8,1298.5,40.0,1
2900,car,4.5,road_loopA_r0,road_loopA_r1,4708.9,4828.0,119.1,1297.6,39.2,1
2923,car,4.5,road_loopA_r0,road_loopA_r1,4729.5,4828.9,99.4,1298.3,47.0,0
2913,car,4.5,road_loopA_r0,road_loopA_r1,4721.1,4829.9,108.8,1298.2,43.0,0
2922,truck,8.5,road_loopA_r0,road_loopA_r1,4729.4,4831.6,102.2,1298.5,45.7,0
2893,suv,4.8,road_loopA_f0,road_loopA_f1,4700.0,4831.7,131.7,1304.1,35.6,1
2918,suv,4.8,road_loopA_r0,road_loopA_r1,4724.4,4832.5,108.1,1297.7,43.2,0
2902,suv,4.8,road_loopA_r0,road_loopA_r1,4710.8,4833.3,122.5,1297.8,38.1,0
2920,car,4.5,road_loopA_r0,road_loopA_r1,4727.3,4834.2,106.9,1297.5,43.7,0
2910,car,4.5,road_loopA_f0,road_loopA_f1,4717.1,4834.7,117.6,1303.0,39.9,1
2924,car,4.5,road_loopA_r0,road_loopA_r1,4729.5,4834.7,105.2,1298.4,44.4,0
2925,car,4.5,road_loopA_r0,road_loopA_r1,4731.7,4835.0,103.3,1297.5,45.2,0
2928,suv,4.8,road_loopA_r0,road_loopA_r1,4734.7,4836.7,102.0,1297.8,45.8,0
2941,car,4.5,road_loopA_r0,road_loopA_r1,4742.8,4837.1,94.3,1298.5,49.6,0
2917,car,4.5,road_loopA_f0,road_loopA_f1,4723.7,4837.9,114.2,1304.1,41.1,1
2935,car,4.5,road_loopA_r0,road_loopA_r1,4737.3,4838.4,101.1,1297.3,46.2,0
2878,car,4.5,road_loopA_r0,xloopA_0Bb,4687.1,4839.8,152.7,895.7,21.1,1
2926,suv,4.8,road_loopA_r0,road_loopA_r1,4732.8,4839.8,107.0,1297.9,43.7,0
2955,car,4.5,road_loopA_f0,xloopA_0Ab,4754.8,4840.3,85.5,505.1,21.3,1
2927,suv,4.8,road_loopA_f0,road_loopA_f1,4734.6,4840.6,106.0,1304.2,44.3,1
2943,car,4.5,road_loopA_r0,road_loopA_r1,4743.8,4840.9,97.1,1298.2,48.1,0
2960,car,4.5,road_loopA_r0,xloopA_0Bb,4756.2,4842.4,86.2,895.8,37.4,1
2984,car,4.5,road_loopA_f0,xloopA_0Ab,4781.3,4842.9,61.6,505.2,29.5,1
2930,car,4.5,road_loopA_r0,road_loopA_r1,4735.9,4843.2,107.3,1297.9,43.6,0
2905,suv,4.8,road_loopA_f0,road_loopA_f1,4714.8,4843.5,128.7,1303.4,36.5,1
2932,car,4.5,road_loopA_f0,road_loopA_f1,4736.8,4843.7,106.9,1303.2,43.9,0
2949,truck,8.5,road_loopA_r0,road_loopA_r1,4749.2,4843.7,94.5,1298.0,49.4,0
2938,suv,4.8,road_loopA_f0,road_loopA_f1,4740.8,4844.7,103.9,1302.8,45.2,0
2947,car,4.5,road_loopA_r0,road_loopA_r1,4747.5,4844.8,97.3,1298.2,48.0,0
2915,car,4.5,road_loopA_f0,road_loopA_f1,4722.6,4847.0,124.4,1304.1,37.7,1
2951,car,4.5,road_loopA_r0,road_loopA_r1,4750.5,4847.0,96.5,1297.7,48.4,0
2931,car,4.5,road_loopA_f0,road_loopA_f1,4736.7,4847.4,110.7,1302.8,42.4,1
2959,suv,4.8,road_loopA_r0,road_loopA_r1,4755.7,4848.7,93.0,1297.3,50.2,0
2954,car,4.5,road_loopA_f0,road_loopA_f1,4754.2,4849.3,95.1,1303.9,49.4,0
2948,car,4.5,road_loopA_r0,road_loopA_r1,4749.0,4849.7,100.7,1297.8,46.4,0
2961,car,4.5,road_loopA_r0,road_loopA_r1,4756.3,4850.6,94.3,1298.3,49.6,0
2908,car,4.5,road_loopA_f0,road_loopA_f1,4716.6,4851.4,134.8,1304.1,34.8,1
2963,car,4.5,road_loopA_f0,road_loopA_f1,4758.1,4851.7,93.6,1304.1,50.1,0
2964,suv,4.8,road_loopA_r0,road_loopA_r1,4758.8,4852.3,93.5,1297.5,50.0,0
3012,car,4.5,xloopA_0Ba,xloopA_0Bb,4812.9,4852.3,39.4,84.5,7.7,1
2800,car,4.5,xloopA_0Aa,xloopA_0Ab,4607.1,4852.6,245.5,84.8,1.2,1
2962,car,4.5,road_loopA_r0,road_loopA_r1,4756.9,4852.9,96.0,1298.5,48.7,0
2968,suv,4.8,road_loopA_r0,road_loopA_r1,4762.8,4854.1,91.3,1297.7,51.2,0
2966,car,4.5,road_loopA_f0,road_loopA_f1,4759.9,4854.4,94.5,1303.0,49.6,0
3014,car,4.5,xloopA_0Ba,xloopA_0Bb,4814.3,4854.4,40.1,84.7,7.6,1
2967,car,4.5,road_loopA_r0,road_loopA_r1,4760.8,4855.6,94.8,1298.3,49.3,0
2936,car,4.5,road_loopA_f0,road_loopA_f1,4737.7,4856.2,118.5,1303.6,39.6,0
2940,suv,4.8,road_loopA_r0,road_loopA_r1,4741.5,4856.2,114.7,1298.3,40.8,0
2971,suv,4.8,road_loopA_r0,road_loopA_r1,4767.8,4857.1,89.3,1297.5,52.3,0
2965,suv,4.8,road_loopA_f0,road_loopA_f1,4759.1,4857.3,98.2,1302.8,47.7,0
2950,car,4.5,road_loopA_r0,road_loopA_r1,4749.5,4857.8,108.3,1298.0,43.2,0
2942,car,4.5,road_loopA_f0,road_loopA_f1,4743.9,4859.5,115.6,1303.4,40.6,0
2934,suv,4.8,road_loopA_f0,road_loopA_f1,4737.0,4860.5,123.5,1303.9,38.0,0
2842,car,4.5,xloopA_0Aa,xloopA_0Ab,4651.5,4862.3,210.8,84.1,1.4,0
2873,bus,11.0,road_loopA_f0,road_loopA_f1,4685.3,4862.6,177.3,1303.0,26.5,2
2937,car,4.5,road_loopA_f0,road_loopA_f1,4740.8,4863.5,122.7,1303.8,38.2,0
2848,car,4.5,xloopA_0Aa,xloopA_0Ab,4659.0,4864.5,205.5,84.1,1.5,0
2957,car,4.5,road_loopA_f0,road_loopA_f1,4755.5,4865.3,109.8,1303.6,42.7,0
2895,car,4.5,road_loopA_f0,road_loopA_f1,4703.5,4866.9,163.4,1303.1,28.7,1
2919,car,4.5,road_loopA_f0,road_loopA_f1,4726.3,4867.1,140.8,1303.7,33.3,1
2969,suv,4.8,road_loopA_f0,road_loopA_f1,4765.1,4868.7,103.6,1303.7,45.3,0
2929,car,4.5,xloopA_0Ba,road_loopA_f1,4735.9,4869.6,133.7,902.6,24.3,1
2903,car,4.5,road_loopA_f0,road_loopA_f1,4712.9,4870.4,157.5,1303.3,29.8,1
2978,car,4.5,road_loopA_f0,road_loopA_f1,4773.9,4870.5,96.6,1303.7,48.6,0
2980,suv,4.8,road_loopA_f0,road_loopA_f1,4776.3,4872.2,95.9,1303.1,48.9,0
2956,truck,8.5,road_loopA_f0,road_loopA_f1,4755.3,4873.2,117.9,1303.3,39.8,0
2979,car,4.5,road_loopA_f0,road_loopA_f1,4776.1,4874.2,98.1,1303.3,47.8,0
2946,car,4.5,road_loopA_f0,road_loopA_f1,4746.8,4875.2,128.4,1302.9,36.5,0
2765,car,4.5,xloopA_0Aa,road_loopA_f1,4579.4,4877.1,297.7,872.6,10.6,0
2970,truck,8.5,road_loopA_f0,road_loopA_f1,4765.2,4877.3,112.1,1302.9,41.8,0
2953,suv,4.8,road_loopA_r0,xloopA_0Ab,4753.1,4877.5,124.4,869.6,25.2,2
2999,car,4.5,road_loopA_f0,xloopA_0Bb,4796.0,4878.0,82.0,478.7,21.0,2
2911,truck,8.5,road_loopA_f0,road_loopA_f1,4718.5,4879.2,160.7,1302.8,29.2,1
2975,truck,8.5,road_loopA_f0,road_loopA_f1,4769.4,4880.3,110.9,1303.5,42.3,0
2916,car,4.5,road_loopA_f0,road_loopA_f1,4723.1,4881.2,158.1,1302.8,29.7,1
2939,suv,4.8,road_loopA_r0,xloopA_0Ab,4741.5,4881.2,139.7,869.3,22.4,2
3001,car,4.5,road_loopA_f0,xloopA_0Bb,4797.2,4881.7,84.5,478.6,20.4,2
2997,suv,4.8,road_loopA_f0,road_loopA_f1,4794.6,4883.9,89.3,1303.1,52.5,0
2985,truck,8.5,road_loopA_f0,road_loopA_f1,4785.0,4887.9,102.9,1303.6,45.6,0
3037,car,4.5,road_loopA_f0,xloopA_0Bb,4836.2,4888.7,52.5,478.8,32.8,0
2986,car,4.5,road_loopA_r0,xloopA_0Ab,4785.1,4891.8,106.7,869.0,29.3,1
2982,car,4.5,road_loopA_f0,road_loopA_f1,4778.4,4892.6,114.2,1303.2,41.1,0
2992,suv,4.8,road_loopA_f0,road_loopA_f1,4789.6,4894.3,104.7,1302.8,44.8,0
3005,truck,8.5,road_loopA_r0,xloopA_0Ab,4801.7,4896.8,95.1,869.2,32.9,0
2972,suv,4.8,road_loopA_r0,road_loopA_r1,4768.1,4899.7,131.6,1297.8,35.5,1
2987,car,4.5,road_loopA_r0,road_loopA_r1,4788.5,4901.0,112.5,1298.6,41.6,1
2958,car,4.5,road_loopA_r0,road_loopA_r1,4755.7,4901.3,145.6,1297.7,32.1,1
2983,car,4.5,road_loopA_r0,road_loopA_r1,4779.0,4901.9,122.9,1297.5,38.0,1
2976,truck,8.5,road_loopA_r0,road_loopA_r1,4769.9,4903.9,134.0,1297.8,34.9,1
2988,car,4.5,road_loopA_r0,road_loopA_r1,4788.7,4904.3,115.6,1298.5,40.4,1
2994,car,4.5,road_loopA_r0,road_loopA_r1,4792.7,4906.1,113.4,1297.9,41.2,1
2991,car,4.5,road_loopA_r0,road_loopA_r1,4789.4,4906.3,116.9,1298.4,40.0,1
3065,car,4.5,road_loopA_f0,xloopA_0Bb,4866.8,4906.8,40.0,478.6,43.1,0
2995,suv,4.8,road_loopA_r0,road_loopA_r1,4793.1,4908.0,114.9,1298.0,40.7,1
3004,suv,4.8,road_loopA_r0,road_loopA_r1,4798.9,4910.6,111.7,1298.7,41.9,0
2785,car,4.5,xloopA_0Aa,road_loopA_r1,4591.6,4913.0,321.4,506.6,5.7,1
3010,car,4.5,road_loopA_r0,road_loopA_r1,4809.3,4913.1,103.8,1297.5,45.0,0
3016,car,4.5,road_loopA_r0,xloopA_0Ab,4818.0,4913.3,95.3,869.0,32.8,1
2996,suv,4.8,road_loopA_r0,road_loopA_r1,4794.4,4914.4,120.0,1297.2,38.9,0
2973,car,4.5,road_loopA_r0,road_loopA_r1,4768.3,4914.7,146.4,1297.8,31.9,1
3020,car,4.5,road_loopA_r0,road_loopA_r1,4825.6,4915.1,89.5,1297.4,52.2,0
3074,car,4.5,road_loopA_f0,xloopA_0Bb,4874.3,4915.2,40.9,478.9,42.1,0
3015,suv,4.8,road_loopA_r0,road_loopA_r1,4815.4,4916.2,100.8,1298.5,46.4,0
2981,car,4.5,road_loopA_r0,road_loopA_r1,4777.6,4916.4,138.8,1298.3,33.7,1
2990,car,4.5,road_loopA_r0,road_loopA_r1,4789.0,4918.0,129.0,1297.5,36.2,1
2993,car,4.5,road_loopA_r0,road_loopA_r1,4790.8,4919.3,128.5,1298.3,36.4,1
3000,suv,4.8,road_loopA_r0,road_loopA_r1,4797.1,4920.3,123.2,1298.6,37.9,1
3006,car,4.5,road_loopA_r0,road_loopA_r1,4803.0,4920.3,117.3,1298.4,39.9,0
3007,truck,8.5,road_loopA_r0,road_loopA_r1,4804.1,4922.6,118.5,1297.7,39.4,0
3002,car,4.5,road_loopA_f0,road_loopA_f1,4797.6,4923.8,126.2,1303.8,37.2,1
3034,car,4.5,road_loopA_r0,road_loopA_r1,4834.1,4924.8,90.7,1298.2,51.5,0
3013,car,4.5,road_loopA_f0,road_loopA_f1,4814.0,4925.5,111.5,1303.8,42.1,1
3022,car,4.5,road_loopA_f0,road_loopA_f1,4826.7,4928.1,101.4,1303.6,46.3,0
3018,car,4.5,road_loopA_r0,road_loopA_r1,4821.6,4928.5,106.9,1298.1,43.7,0
3038,suv,4.8,road_loopA_r0,road_loopA_r1,4839.9,4930.8,90.9,1298.6,51.4,0
3036,suv,4.8,road_loopA_r0,road_loopA_r1,4835.9,4932.4,96.5,1297.4,48.4,0
3041,car,4.5,road_loopA_r0,road_loopA_r1,4842.8,4933.4,90.6,1298.6,51.6,0
3026,car,4.5,road_loopA_f0,road_loopA_f1,4828.7,4933.8,105.1,1303.5,44.7,0
3035,car,4.5,road_loopA_f0,xloopA_0Ab,4835.1,4933.9,98.8,505.4,18.4,2
3023,car,4.5,road_loopA_r0,road_loopA_r1,4826.8,4934.9,108.1,1298.1,43.2,0
3040,car,4.5,road_loopA_r0,road_loopA_r1,4842.6,4936.6,94.0,1298.0,49.7,0
3039,car,4.5,road_loopA_r0,road_loopA_r1,4841.6,4937.0,95.4,1297.8,49.0,0
3029,suv,4.8,road_loopA_f0,road_loopA_f1,4830.0,4939.0,109.0,1303.6,43.0,0
3028,suv,4.8,road_loopA_f0,road_loopA_f1,4829.7,4939.2,109.5,1303.3,42.9,1
3032,car,4.5,road_loopA_f0,road_loopA_f1,4831.7,4940.8,109.1,1303.0,43.0,0
3048,car,4.5,road_loopA_r0,road_loopA_r1,4852.3,4941.2,88.9,1297.3,52.5,0
3031,suv,4.8,road_loopA_f0,road_loopA_f1,4830.1,4942.5,112.4,1303.6,41.8,0
3042,car,4.5,road_loopA_r0,road_loopA_r1,4844.3,4942.5,98.2,1297.6,47.6,0
3046,car,4.5,road_loopA_f0,road_loopA_f1,4851.1,4942.7,91.6,1303.6,51.3,0
3049,car,4.5,road_loopA_r0,road_loopA_r1,4853.0,4943.3,90.3,1298.5,51.7,0
3008,car,4.5,road_loopA_f0,road_loopA_f1,4805.6,4945.2,139.6,1303.8,33.6,1
2855,car,4.5,xloopA_0Aa,xloopA_0Ab,4667.0,4945.6,278.6,84.5,1.1,1
3054,car,4.5,road_loopA_r0,road_loopA_r1,4857.3,4946.2,88.9,1297.3,52.5,0
3071,car,4.5,xloopA_0Ba,xloopA_0Bb,4872.1,4946.7,74.6,84.2,4.1,1
2872,car,4.5,xloopA_0Aa,xloopA_0Ab,4684.9,4947.9,263.0,84.3,1.2,1
3044,truck,8.5,road_loopA_f0,road_loopA_f1,4848.6,4948.2,99.6,1303.7,47.1,0
3052,car,4.5,road_loopA_f0,road_loopA_f1,4856.2,4948.8,92.6,1304.0,50.7,0
3084,car,4.5,xloopA_0Ba,xloopA_0Bb,4880.1,4948.8,68.7,84.6,4.4,1
3053,suv,4.8,road_loopA_f0,road_loopA_f1,4856.9,4950.8,93.9,1303.3,50.0,0
2894,car,4.5,xloopA_0Aa,xloopA_0Ab,4700.2,4950.9,250.7,84.7,1.2,0
3098,car,4.5,xloopA_0Ba,xloopA_0Bb,4896.2,4951.6,55.4,84.1,5.5,0
3116,car,4.5,xloopA_0Ba,xloopA_0Bb,4916.2,4954.5,38.3,84.4,7.9,0
2907,car,4.5,xloopA_0Aa,xloopA_0Ab,4716.5,4954.7,238.2,84.1,1.3,0
3132,car,4.5,xloopA_0Ba,xloopA_0Bb,4936.1,4956.3,20.2,84.1,15.0,0
2909,car,4.5,xloopA_0Aa,xloopA_0Ab,4717.0,4956.5,239.5,84.2,1.3,0
3027,car,4.5,road_loopA_f0,road_loopA_f1,4829.4,4957.0,127.6,1303.1,36.8,0
3033,suv,4.8,road_loopA_f0,road_loopA_f1,4833.7,4957.3,123.6,1303.5,38.0,0
2944,car,4.5,xloopA_0Aa,xloopA_0Ab,4745.1,4958.3,213.2,84.2,1.4,0
3061,suv,4.8,road_loopA_f0,road_loopA_f1,4864.1,4959.1,95.0,1303.8,49.4,0
3,tram,34.0,loopA,loopA,535.1,4959.6,4424.5,33703.0,27.4,40
3055,car,4.5,road_loopA_f0,road_loopA_f1,4858.0,4960.7,102.7,1303.4,45.7,0
3047,car,4.5,road_loopA_f0,road_loopA_f1,4852.0,4964.9,112.9,1303.3,41.6,0
3019,car,4.5,road_loopA_f0,road_loopA_f1,4824.0,4967.1,143.1,1303.2,32.8,1
3058,car,4.5,road_loopA_f0,road_loopA_f1,4862.2,4967.3,105.1,1303.3,44.6,0
2826,car,4.5,xloopA_0Aa,road_loopA_f1,4634.0,4969.2,335.2,872.5,9.4,0
3021,suv,4.8,road_loopA_f0,road_loopA_f1,4826.1,4970.3,144.2,1303.7,32.5,0
3093,car,4.5,road_loopA_f0,xloopA_0Bb,4889.5,4971.3,81.8,478.7,21.1,2
3024,truck,8.5,road_loopA_f0,road_loopA_f1,4827.2,4971.4,144.2,1302.9,32.5,0
3030,car,4.5,road_loopA_f0,road_loopA_f1,4830.2,4971.5,141.3,1303.8,33.2,0
3045,truck,8.5,road_loopA_r0,xloopA_0Ab,4850.7,4972.4,121.7,869.3,25.7,2
2809,car,4.5,xloopA_0Aa,road_loopA_f1,4617.3,4973.2,355.9,872.0,8.8,1
3011,car,4.5,road_loopA_f0,road_loopA_f1,4811.4,4973.5,162.1,1302.9,28.9,1
3067,suv,4.8,road_loopA_f0,road_loopA_f1,4871.1,4974.2,103.1,1303.9,45.5,0
2998,car,4.5,road_loopA_f0,road_loopA_f1,4794.8,4974.9,180.1,1302.8,26.0,1
3075,suv,4.8,road_loopA_f0,road_loopA_f1,4874.3,4976.5,102.2,1303.6,45.9,0
3003,car,4.5,road_loopA_f0,road_loopA_f1,4798.4,4976.6,178.2,1303.3,26.3,1
3017,car,4.5,road_loopA_f0,road_loopA_f1,4820.6,4976.8,156.2,1303.4,30.0,1
3080,suv,4.8,road_loopA_f0,road_loopA_f1,4877.0,4978.2,101.2,1303.4,46.4,0
3078,suv,4.8,road_loopA_f0,road_loopA_f1,4875.4,4984.8,109.4,1303.3,42.9,0
3079,suv,4.8,road_loopA_f0,road_loopA_f1,4876.2,4985.5,109.3,1304.0,42.9,0
3138,suv,4.8,road_loopA_f0,xloopA_0Bb,4945.8,4986.1,40.3,479.2,42.8,0
4,tram,34.0,loopB,loopB,795.9,4987.8,4191.9,33673.6,28.9,40
3057,car,4.5,road_loopA_r0,road_loopA_r1,4862.1,4987.9,125.8,1298.2,37.1,1
3059,suv,4.8,road_loopA_r0,road_loopA_r1,4863.4,4989.9,126.5,1297.5,36.9,1
3072,car,4.5,road_loopA_f0,road_loopA_f1,4872.7,4990.0,117.3,1303.0,40.0,0
3063,car,4.5,xloopA_0Ba,road_loopA_r1,4864.7,4992.1,127.4,476.2,13.5,1
3062,suv,4.8,road_loopA_r0,road_loopA_r1,4864.3,4992.2,127.9,1298.5,36.6,1
3073,suv,4.8,road_loopA_f0,road_loopA_f1,4873.4,4992.4,119.0,1303.6,39.5,0
3076,car,4.5,road_loopA_f0,road_loopA_f1,4874.5,4993.5,119.0,1303.2,39.4,0
3064,suv,4.8,road_loopA_r0,road_loopA_r1,4864.9,4994.2,129.3,1297.7,36.1,1
3066,truck,8.5,road_loopA_r0,road_loopA_r1,4868.2,4996.4,128.2,1298.4,36.5,1
2883,car,4.5,xloopA_0Aa,road_loopA_r1,4690.8,4996.8,306.0,507.0,6.0,1
3077,car,4.5,road_loopA_r0,road_loopA_r1,4875.3,4998.3,123.0,1297.8,38.0,1
3051,car,4.5,road_loopA_r0,road_loopA_r1,4855.8,4998.4,142.6,1297.4,32.8,1
3069,suv,4.8,road_loopA_r0,road_loopA_r1,4871.5,4998.8,127.3,1297.5,36.7,1
3082,car,4.5,road_loopA_r0,road_loopA_r1,4879.2,5000.0,120.8,1297.5,38.7,1
3060,suv,4.8,road_loopA_r0,road_loopA_r1,4863.6,5000.1,136.5,1298.3,34.2,1
3156,car,4.5,road_loopA_f0,xloopA_0Bb,4960.0,5000.2,40.2,478.7,42.8,0
3068,suv,4.8,road_loopA_r0,road_loopA_r1,4871.4,5001.9,130.5,1297.5,35.8,1
3164,car,4.5,road_loopA_f0,xloopA_0Bb,4964.7,5002.7,38.0,478.7,45.3,0
3090,car,4.5,road_loopA_r0,road_loopA_r1,4886.2,5002.9,116.7,1298.1,40.0,1
3085,car,4.5,road_loopA_r0,road_loopA_r1,4880.3,5003.6,123.3,1297.4,37.9,1
3081,suv,4.8,road_loopA_r0,road_loopA_r1,4877.3,5004.1,126.8,1297.6,36.8,1
3088,car,4.5,road_loopA_r0,road_loopA_r1,4885.3,5004.9,119.6,1298.3,39.1,1
3096,car,4.5,road_loopA_r0,road_loopA_r1,4892.5,5005.8,113.3,1298.6,41.3,0
3092,car,4.5,road_loopA_r0,road_loopA_r1,4888.4,5007.4,119.0,1298.5,39.3,1
3104,car,4.5,road_loopA_r0,road_loopA_r1,4906.2,5007.5,101.3,1297.8,46.1,0
3103,car,4.5,road_loopA_r0,road_loopA_r1,4905.8,5008.2,102.4,1297.9,45.6,0
3108,suv,4.8,road_loopA_r0,road_loopA_r1,4908.2,5009.3,101.1,1297.6,46.2,0
3111,car,4.5,road_loopA_r0,road_loopA_r1,4910.2,5009.6,99.4,1297.8,47.0,0
3119,suv,4.8,road_loopA_r0,road_loopA_r1,4918.4,5010.1,91.7,1298.6,51.0,0
3087,car,4.5,road_loopA_r0,road_loopA_r1,4882.2,5012.2,130.0,1297.6,35.9,1
3110,car,4.5,road_loopA_r0,road_loopA_r1,4908.5,5013.5,105.0,1298.0,44.5,0
3083,car,4.5,road_loopA_f0,road_loopA_f1,4879.8,5015.3,135.5,1303.2,34.6,1
3086,suv,4.8,road_loopA_f0,road_loopA_f1,4880.4,5015.3,134.9,1304.2,34.8,1
3127,car,4.5,road_loopA_r0,road_loopA_r1,4927.9,5016.8,88.9,1297.3,52.5,0
3009,bus,11.0,road_loopA_f0,road_loopA_f1,4806.1,5018.1,212.0,1302.9,22.1,4
3125,car,4.5,road_loopA_r0,road_loopA_r1,4926.5,5018.9,92.4,1297.9,50.6,0
3070,bus,11.0,road_loopA_r0,road_loopA_r1,4871.7,5019.0,147.3,1297.9,31.7,2
3091,car,4.5,road_loopA_f0,road_loopA_f1,4886.4,5019.8,133.4,1302.8,35.2,1
3095,suv,4.8,road_loopA_f0,road_loopA_f1,4891.4,5019.9,128.5,1303.7,36.5,1
3089,truck,8.5,road_loopA_f0,road_loopA_f1,4885.6,5021.3,135.7,1303.6,34.6,1
3094,car,4.5,road_loopA_f0,road_loopA_f1,4890.6,5023.3,132.7,1304.0,35.4,1
3109,suv,4.8,road_loopA_f0,road_loopA_f1,4908.3,5023.8,115.5,1303.1,40.6,1
3097,car,4.5,road_loopA_f0,road_loopA_f1,4894.5,5024.9,130.4,1303.9,36.0,1
3106,suv,4.8,road_loopA_f0,road_loopA_f1,4907.7,5026.6,118.9,1303.8,39.5,1
3100,car,4.5,road_loopA_f0,road_loopA_f1,4896.6,5026.7,130.1,1304.2,36.1,1
3134,car,4.5,road_loopA_r0,road_loopA_r1,4937.6,5027.1,89.5,1298.3,52.2,0
3099,car,4.5,road_loopA_f0,road_loopA_f1,4896.3,5027.7,131.4,1302.8,35.7,1
3102,suv,4.8,road_loopA_f0,road_loopA_f1,4903.6,5028.5,124.9,1303.6,37.6,1
3115,car,4.5,road_loopA_f0,road_loopA_f1,4913.6,5028.5,114.9,1303.8,40.8,1
3107,car,4.5,road_loopA_f0,road_loopA_f1,4908.1,5030.2,122.1,1302.8,38.4,1
3136,car,4.5,road_loopA_r0,road_loopA_r1,4941.1,5030.5,89.4,1297.6,52.2,0
3113,truck,8.5,road_loopA_f0,road_loopA_f1,4911.5,5030.6,119.1,1303.2,39.4,1
3118,car,4.5,road_loopA_f0,road_loopA_f1,4918.0,5033.1,115.1,1304.1,40.8,1
3126,suv,4.8,road_loopA_f0,road_loopA_f1,4927.5,5035.3,107.8,1303.6,43.5,0
3112,car,4.5,road_loopA_f0,road_loopA_f1,4911.2,5035.8,124.6,1302.8,37.6,1
3101,car,4.5,road_loopA_r0,xloopA_0Bb,4900.2,5037.1,136.9,895.7,23.6,2
3114,suv,4.8,road_loopA_f0,road_loopA_f1,4913.2,5037.6,124.4,1303.8,37.7,1
3129,car,4.5,road_loopA_f0,xloopA_0Ab,4932.6,5037.6,105.0,505.2,17.3,1
3128,suv,4.8,road_loopA_f0,road_loopA_f1,4932.1,5038.1,106.0,1303.3,44.3,0
3117,car,4.5,road_loopA_f0,road_loopA_f1,4916.2,5039.3,123.1,1303.4,38.1,1
3161,car,4.5,road_loopA_r0,xloopA_0Bb,4962.9,5040.0,77.1,895.6,41.8,0
3143,suv,4.8,road_loopA_f0,xloopA_0Ab,4950.2,5040.2,90.0,505.2,20.2,1
3121,car,4.5,road_loopA_f0,road_loopA_f1,4921.1,5040.3,119.2,1303.1,39.4,0
3142,car,4.5,road_loopA_f0,road_loopA_f1,4949.2,5040.8,91.6,1304.2,51.3,0
3123,car,4.5,road_loopA_f0,road_loopA_f1,4923.7,5042.1,118.4,1303.9,39.6,0
3120,suv,4.8,road_loopA_f0,road_loopA_f1,4918.8,5042.9,124.1,1303.2,37.8,1
3149,car,4.5,road_loopA_f0,xloopA_0Ab,4954.3,5042.9,88.6,505.1,20.5,1
3144,car,4.5,road_loopA_f0,road_loopA_f1,4950.3,5043.5,93.2,1302.9,50.3,0
3139,suv,4.8,road_loopA_r0,road_loopA_r1,4946.8,5043.8,97.0,1298.2,48.2,0
3122,suv,4.8,road_loopA_f0,road_loopA_f1,4921.4,5044.6,123.2,1303.5,38.1,1
3147,truck,8.5,road_loopA_f0,road_loopA_f1,4953.9,5045.5,91.6,1302.9,51.2,0
3171,suv,4.8,road_loopA_f0,xloopA_0Ab,4971.7,5045.6,73.9,505.4,24.6,1
3133,car,4.5,road_loopA_r0,road_loopA_r1,4937.5,5047.2,109.7,1297.5,42.6,0
3145,car,4.5,road_loopA_r0,road_loopA_r1,4950.3,5047.7,97.4,1297.9,48.0,0
3137,suv,4.8,road_loopA_r0,road_loopA_r1,4944.0,5048.9,104.9,1298.3,44.6,0
3153,car,4.5,road_loopA_r0,road_loopA_r1,4958.0,5049.2,91.2,1298.3,51.2,0
3130,car,4.5,road_loopA_r0,road_loopA_r1,4935.0,5050.0,115.0,1297.8,40.6,0
3124,car,4.5,road_loopA_f0,road_loopA_f1,4925.0,5050.1,125.1,1302.8,37.5,0
3158,car,4.5,road_loopA_f0,road_loopA_f1,4960.9,5050.3,89.4,1303.1,52.5,0
3140,car,4.5,road_loopA_r0,road_loopA_r1,4947.8,5050.6,102.8,1297.6,45.4,0
3150,car,4.5,road_loopA_r0,road_loopA_r1,4955.2,5051.6,96.4,1297.4,48.5,0
3146,suv,4.8,road_loopA_r0,road_loopA_r1,4953.8,5052.4,98.6,1298.1,47.4,0
3166,car,4.5,xloopA_0Ba,xloopA_0Bb,4965.6,5053.2,87.6,84.1,3.5,1
2974,car,4.5,xloopA_0Aa,xloopA_0Ab,4769.4,5053.4,284.0,84.3,1.1,1
3152,truck,8.5,road_loopA_r0,road_loopA_r1,4956.5,5054.5,98.0,1297.5,47.7,0
2989,car,4.5,xloopA_0Aa,xloopA_0Ab,4789.0,5055.6,266.6,84.7,1.1,1
3168,suv,4.8,road_loopA_f0,road_loopA_f1,4966.7,5056.0,89.3,1303.1,52.5,0
3025,car,4.5,xloopA_0Aa,xloopA_0Ab,4828.4,5057.7,229.3,84.6,1.3,1
3189,car,4.5,xloopA_0Ba,xloopA_0Bb,4990.4,5057.7,67.3,84.7,4.5,1
3141,car,4.5,road_loopA_f0,road_loopA_f1,4948.4,5058.5,110.1,1303.4,42.6,0
3148,suv,4.8,road_loopA_r0,road_loopA_r1,4954.0,5058.9,104.9,1298.0,44.6,0
3157,car,4.5,road_loopA_f0,road_loopA_f1,4960.3,5060.4,100.1,1303.4,46.9,0
3043,car,4.5,xloopA_0Aa,xloopA_0Ab,4847.2,5061.2,214.0,84.4,1.4,0
3160,truck,8.5,road_loopA_f0,road_loopA_f1,4962.5,5064.1,101.6,1303.6,46.2,0
3176,car,4.5,road_loopA_f0,road_loopA_f1,4974.7,5066.1,91.4,1304.1,51.4,0
3131,suv,4.8,road_loopA_r0,xloopA_0Ab,4935.8,5073.1,137.3,869.3,22.8,3
3177,car,4.5,road_loopA_f0,road_loopA_f1,4975.6,5075.2,99.6,1303.4,47.1,0
3181,car,4.5,road_loopA_f0,road_loopA_f1,4984.2,5076.5,92.3,1303.8,50.9,0
3180,car,4.5,road_loopA_f0,road_loopA_f1,4979.5,5076.6,97.1,1303.3,48.3,0
3192,truck,8.5,road_loopA_f0,xloopA_0Bb,4995.1,5078.0,82.9,478.9,20.8,2
3206,car,4.5,road_loopA_f0,xloopA_0Bb,5006.6,5081.7,75.1,478.6,23.0,2
3174,truck,8.5,road_loopA_f0,road_loopA_f1,4972.9,5084.5,111.6,1303.8,42.1,0
3231,car,4.5,road_loopA_f0,xloopA_0Bb,5022.0,5085.5,63.5,478.7,27.1,1
3173,truck,8.5,road_loopA_f0,road_loopA_f1,4972.2,5085.7,113.5,1302.9,41.3,0
3188,car,4.5,road_loopA_f0,road_loopA_f1,4988.5,5086.5,98.0,1303.1,47.9,0
3185,suv,4.8,road_loopA_f0,road_loopA_f1,4986.1,5088.5,102.4,1303.1,45.8,0
3230,suv,4.8,road_loopA_r0,xloopA_0Ab,5021.5,5091.9,70.4,869.3,44.5,0
3182,car,4.5,road_loopA_f0,road_loopA_f1,4984.2,5092.3,108.1,1303.5,43.4,0
3169,suv,4.8,road_loopA_f0,road_loopA_f1,4968.7,5098.8,130.1,1302.9,36.1,0
3155,car,4.5,road_loopA_r0,road_loopA_r1,4958.9,5099.0,140.1,1298.3,33.4,1
3151,truck,8.5,road_loopA_r0,road_loopA_r1,4955.5,5100.4,144.9,1298.0,32.2,1
3154,suv,4.8,road_loopA_r0,road_loopA_r1,4958.9,5102.5,143.6,1298.1,32.5,1
3167,truck,8.5,road_loopA_r0,road_loopA_r1,4966.2,5104.7,138.5,1297.6,33.7,1
3207,suv,4.8,road_loopA_r0,xloopA_0Ab,5006.8,5104.9,98.1,868.8,31.9,1
3162,suv,4.8,road_loopA_r0,road_loopA_r1,4963.7,5106.2,142.5,1298.2,32.8,1
3172,suv,4.8,road_loopA_r0,road_loopA_r1,4971.7,5106.7,135.0,1297.4,34.6,1
3165,suv,4.8,road_loopA_r0,road_loopA_r1,4965.0,5107.4,142.4,1297.4,32.8,1
3175,car,4.5,road_loopA_r0,road_loopA_r1,4973.4,5108.5,135.1,1298.3,34.6,1
3178,car,4.5,road_loopA_r0,road_loopA_r1,4977.0,5110.2,133.2,1297.5,35.1,1
3186,car,4.5,road_loopA_r0,road_loopA_r1,4986.4,5110.4,124.0,1297.7,37.7,1
3183,suv,4.8,road_loopA_r0,road_loopA_r1,4985.0,5112.1,127.1,1298.6,36.8,1
3184,car,4.5,xloopA_0Ba,road_loopA_r1,4985.8,5113.5,127.7,476.6,13.4,1
3212,car,4.5,road_loopA_r0,road_loopA_r1,5011.3,5113.8,102.5,1297.8,45.6,0
3187,car,4.5,road_loopA_r0,road_loopA_r1,4986.8,5114.0,127.2,1298.6,36.8,1
3193,car,4.5,road_loopA_r0,road_loopA_r1,4996.1,5116.5,120.4,1298.1,38.8,1
3194,truck,8.5,road_loopA_r0,road_loopA_r1,4996.2,5116.6,120.4,1297.6,38.8,0
3195,truck,8.5,road_loopA_r0,road_loopA_r1,4996.9,5118.6,121.7,1297.7,38.4,0
3223,car,4.5,road_loopA_r0,road_loopA_r1,5017.1,5118.6,101.5,1298.7,46.1,0
3232,car,4.5,xloopA_0Ba,road_loopA_r1,5022.4,5119.6,97.2,476.4,17.6,0
3191,car,4.5,road_loopA_f0,road_loopA_f1,4994.4,5119.8,125.4,1302.8,37.4,1
3190,car,4.5,road_loopA_f0,road_loopA_f1,4993.1,5119.9,126.8,1303.6,37.0,1
3205,suv,4.8,road_loopA_r0,road_loopA_r1,5006.3,5120.7,114.4,1298.2,40.9,0
3201,car,4.5,road_loopA_f0,xloopA_0Ab,5004.8,5120.8,116.0,505.2,15.7,1
3233,car,4.5,road_loopA_r0,road_loopA_r1,5023.1,5121.0,97.9,1298.3,47.7,0
3163,suv,4.8,road_loopA_r0,road_loopA_r1,4964.5,5121.3,156.8,1298.3,29.8,1
3170,truck,8.5,road_loopA_r0,xloopA_0Bb,4971.1,5121.4,150.3,895.4,21.5,1
3200,car,4.5,road_loopA_f0,road_loopA_f1,5004.8,5122.9,118.1,1303.7,39.7,1
3221,truck,8.5,road_loopA_r0,road_loopA_r1,5014.7,5122.9,108.2,1298.6,43.2,0
3217,car,4.5,road_loopA_f0,xloopA_0Ab,5013.7,5123.4,109.7,505.3,16.6,1
3159,truck,8.5,road_loopA_r0,road_loopA_r1,4962.3,5123.5,161.2,1298.2,29.0,1
3199,car,4.5,road_loopA_r0,xloopA_0Bb,5004.4,5124.4,120.0,895.6,26.9,1
3214,car,4.5,road_loopA_r0,road_loopA_r1,5011.6,5124.5,112.9,1297.8,41.4,0
3204,suv,4.8,road_loopA_f0,road_loopA_f1,5005.9,5124.7,118.8,1303.0,39.5,1
3224,car,4.5,road_loopA_r0,road_loopA_r1,5018.2,5124.9,106.7,1297.4,43.8,0
3208,car,4.5,road_loopA_r0,road_loopA_r1,5007.6,5125.5,117.9,1298.5,39.7,0
3239,suv,4.8,road_loopA_r0,road_loopA_r1,5027.9,5125.9,98.0,1297.3,47.7,0
3220,truck,8.5,road_loopA_f0,xloopA_0Ab,5014.7,5126.8,112.1,505.0,16.2,1
3225,car,4.5,road_loopA_r0,road_loopA_r1,5019.8,5126.8,107.0,1298.6,43.7,0
3202,car,4.5,road_loopA_r0,xloopA_0Bb,5005.0,5127.0,122.0,895.3,26.4,1
3198,suv,4.8,road_loopA_r0,road_loopA_r1,5002.7,5127.2,124.5,1297.6,37.5,0
3196,car,4.5,road_loopA_f0,road_loopA_f1,4997.2,5128.0,130.8,1303.1,35.9,1
3250,suv,4.8,road_loopA_r0,road_loopA_r1,5038.7,5128.2,89.5,1298.1,52.2,0
3228,suv,4.8,road_loopA_r0,road_loopA_r1,5021.0,5128.6,107.6,1298.0,43.4,0
3240,car,4.5,road_loopA_r0,road_loopA_r1,5029.3,5129.1,99.8,1298.0,46.8,0
3210,suv,4.8,road_loopA_r0,xloopA_0Bb,5009.0,5129.7,120.7,895.2,26.7,1
3286,suv,4.8,road_loopA_f0,xloopA_0Ab,5065.5,5129.9,64.4,505.3,28.2,1
3245,suv,4.8,road_loopA_r0,road_loopA_r1,5033.5,5130.4,96.9,1297.6,48.2,0
3211,car,4.5,road_loopA_f0,road_loopA_f1,5010.5,5131.1,120.6,1303.9,38.9,1
3203,car,4.5,road_loopA_f0,road_loopA_f1,5005.8,5132.4,126.6,1302.9,37.0,1
3215,suv,4.8,road_loopA_f0,road_loopA_f1,5012.1,5133.4,121.3,1303.3,38.7,1
3258,car,4.5,road_loopA_r0,road_loopA_r1,5044.0,5133.6,89.6,1298.3,52.2,0
3219,car,4.5,road_loopA_f0,road_loopA_f1,5014.4,5133.8,119.4,1303.9,39.3,1
3257,car,4.5,road_loopA_r0,road_loopA_r1,5043.8,5134.3,90.5,1298.2,51.7,0
3291,car,4.5,xloopA_0Ba,xloopA_0Bb,5069.4,5135.0,65.6,84.7,4.7,1
3222,car,4.5,road_loopA_f0,road_loopA_f1,5015.5,5135.1,119.6,1303.4,39.2,1
3226,car,4.5,road_loopA_f0,road_loopA_f1,5019.9,5136.4,116.5,1302.9,40.3,1
3056,car,4.5,xloopA_0Aa,xloopA_0Ab,4860.0,5136.6,276.6,84.7,1.1,1
3236,car,4.5,road_loopA_f0,road_loopA_f1,5025.4,5138.1,112.7,1302.8,41.6,1
3244,suv,4.8,road_loopA_f0,road_loopA_f1,5033.0,5139.1,106.1,1304.1,44.2,0
3105,car,4.5,xloopA_0Aa,xloopA_0Ab,4906.7,5139.2,232.5,84.2,1.3,1
3296,car,4.5,xloopA_0Ba,xloopA_0Bb,5074.1,5140.5,66.4,84.4,4.6,1
3248,car,4.5,road_loopA_f0,road_loopA_f1,5036.1,5140.7,104.6,1302.9,44.8,0
3135,car,4.5,xloopA_0Aa,xloopA_0Ab,4938.6,5141.3,202.7,84.5,1.5,1
3197,truck,8.5,road_loopA_f0,road_loopA_f1,4998.2,5142.2,144.0,1302.9,32.6,1
3302,car,4.5,xloopA_0Ba,xloopA_0Bb,5083.6,5143.2,59.6,84.5,5.1,0
3209,truck,8.5,road_loopA_f0,road_loopA_f1,5008.9,5144.6,135.7,1302.8,34.6,1
3213,car,4.5,road_loopA_f0,road_loopA_f1,5011.6,5145.2,133.6,1303.6,35.1,1
3305,car,4.5,xloopA_0Ba,xloopA_0Bb,5085.1,5145.3,60.2,84.5,5.1,0
3242,suv,4.8,road_loopA_f0,road_loopA_f1,5032.4,5145.5,113.1,1303.1,41.5,0
3218,suv,4.8,road_loopA_f0,road_loopA_f1,5013.9,5146.9,133.0,1303.2,35.3,1
3255,car,4.5,road_loopA_f0,road_loopA_f1,5042.3,5147.3,105.0,1303.4,44.7,0
3251,car,4.5,road_loopA_f0,road_loopA_f1,5039.3,5147.4,108.1,1303.1,43.4,0
3237,suv,4.8,road_loopA_f0,road_loopA_f1,5026.9,5148.6,121.7,1303.0,38.5,0
3253,suv,4.8,road_loopA_f0,road_loopA_f1,5041.3,5149.1,107.8,1303.4,43.5,0
3243,car,4.5,road_loopA_f0,road_loopA_f1,5032.7,5150.7,118.0,1303.2,39.8,0
3261,suv,4.8,road_loopA_f0,road_loopA_f1,5045.6,5150.7,105.1,1303.4,44.7,0
3254,car,4.5,road_loopA_f0,road_loopA_f1,5042.2,5151.0,108.8,1303.7,43.2,0
3246,car,4.5,road_loopA_f0,road_loopA_f1,5033.8,5152.4,118.6,1303.3,39.6,0
3264,suv,4.8,road_loopA_f0,road_loopA_f1,5047.2,5153.4,106.2,1302.8,44.2,0
3259,truck,8.5,road_loopA_f0,road_loopA_f1,5044.6,5153.6,109.0,1304.1,43.1,0
3249,car,4.5,road_loopA_f0,road_loopA_f1,5037.0,5155.0,118.0,1303.5,39.8,0
3267,suv,4.8,road_loopA_f0,road_loopA_f1,5050.7,5155.2,104.5,1303.6,44.9,0
3256,suv,4.8,road_loopA_f0,road_loopA_f1,5042.9,5155.7,112.8,1304.0,41.6,0
3252,car,4.5,road_loopA_f0,road_loopA_f1,5040.9,5156.8,115.9,1304.0,40.5,0
3263,car,4.5,road_loopA_f0,road_loopA_f1,5047.2,5157.0,109.8,1303.7,42.7,0
3280,car,4.5,road_loopA_f0,road_loopA_f1,5060.5,5157.1,96.6,1303.3,48.6,0
3281,car,4.5,road_loopA_f0,road_loopA_f1,5060.6,5158.7,98.1,1303.1,47.8,0
3260,car,4.5,road_loopA_f0,road_loopA_f1,5045.1,5159.5,114.4,1303.5,41.0,0
3337,car,4.5,road_loopA_f0,xloopA_0Bb,5108.5,5159.5,51.0,478.8,33.8,1
3290,car,4.5,road_loopA_f0,road_loopA_f1,5067.6,5160.1,92.5,1303.8,50.8,0
3283,truck,8.5,road_loopA_f0,road_loopA_f1,5063.5,5161.0,97.5,1303.3,48.1,0
3266,car,4.5,road_loopA_f0,road_loopA_f1,5050.6,5162.6,112.0,1303.8,41.9,0
3294,suv,4.8,road_loopA_f0,road_loopA_f1,5071.1,5163.0,91.9,1303.0,51.1,0
3339,car,4.5,road_loopA_f0,xloopA_0Bb,5110.6,5163.1,52.5,478.6,32.8,1
3295,suv,4.8,road_loopA_f0,road_loopA_f1,5072.7,5163.5,90.8,1303.1,51.7,0
3275,car,4.5,road_loopA_f0,road_loopA_f1,5058.5,5164.2,105.7,1303.0,44.4,0
3297,car,4.5,road_loopA_f0,road_loopA_f1,5074.1,5165.3,91.2,1302.9,51.4,0
3279,suv,4.8,road_loopA_f0,road_loopA_f1,5060.0,5165.7,105.7,1303.0,44.4,0
5,tram,34.0,loopA,loopA,1015.1,5166.4,4151.3,33703.2,29.2,40
3285,car,4.5,road_loopA_f0,road_loopA_f1,5065.3,5167.9,102.6,1303.8,45.7,0
3289,bus,11.0,road_loopA_f0,road_loopA_f1,5067.3,5169.2,101.9,1303.8,46.1,0
3268,car,4.5,road_loopA_r0,road_loopA_r1,5052.6,5176.6,124.0,1297.9,37.7,1
3241,bus,11.0,road_loopA_f0,road_loopA_f1,5030.1,5177.9,147.8,1303.8,31.8,2
3276,car,4.5,road_loopA_r0,road_loopA_r1,5058.6,5179.7,121.1,1297.9,38.6,1
3384,car,4.5,road_loopA_f0,xloopA_0Bb,5133.8,5181.1,47.3,478.7,36.5,0
3270,car,4.5,road_loopA_r0,road_loopA_r1,5054.2,5182.6,128.4,1298.6,36.4,1
3238,bus,11.0,road_loopA_f0,road_loopA_f1,5027.3,5182.9,155.6,1302.9,30.1,3
3277,suv,4.8,road_loopA_r0,road_loopA_r1,5058.7,5188.6,129.9,1297.7,36.0,1
3312,car,4.5,road_loopA_r0,road_loopA_r1,5090.5,5190.0,99.5,1298.6,47.0,0
3323,car,4.5,road_loopA_r0,road_loopA_r1,5099.5,5192.2,92.7,1298.3,50.4,0
3179,car,4.5,xloopA_0Aa,road_loopA_r1,4977.5,5193.4,215.9,506.6,8.4,0
3365,suv,4.8,road_loopA_r0,xloopA_0Ab,5123.7,5193.7,70.0,869.4,44.7,0
3293,car,4.5,xloopA_0Ba,road_loopA_r1,5071.1,5194.2,123.1,476.7,13.9,1
3329,suv,4.8,road_loopA_r0,road_loopA_r1,5103.0,5194.9,91.9,1297.8,50.9,0
3272,car,4.5,road_loopA_r0,road_loopA_r1,5055.2,5195.1,139.9,1297.7,33.4,1
3265,car,4.5,road_loopA_r0,road_loopA_r1,5049.8,5195.9,146.1,1298.2,32.0,1
3282,car,4.5,road_loopA_r0,road_loopA_r1,5063.4,5196.9,133.5,1298.2,35.0,1
3269,car,4.5,road_loopA_r0,road_loopA_r1,5052.7,5197.5,144.8,1297.3,32.3,1
3303,car,4.5,road_loopA_r0,road_loopA_r1,5084.6,5197.7,113.1,1297.8,41.3,0
3318,car,4.5,road_loopA_r0,road_loopA_r1,5096.3,5198.4,102.1,1297.4,45.7,0
3271,suv,4.8,road_loopA_r0,road_loopA_r1,5054.5,5199.2,144.7,1297.9,32.3,1
3311,car,4.5,road_loopA_r0,road_loopA_r1,5090.4,5199.3,108.9,1297.4,42.9,0
3274,suv,4.8,road_loopA_r0,road_loopA_r1,5056.8,5201.0,144.2,1298.6,32.4,1
3307,car,4.5,road_loopA_r0,road_loopA_r1,5086.8,5201.2,114.4,1297.6,40.8,0
3409,truck,8.5,road_loopA_f0,xloopA_0Bb,5157.7,5201.4,43.7,478.8,39.5,0
3278,suv,4.8,road_loopA_r0,road_loopA_r1,5059.8,5202.7,142.9,1297.8,32.7,1
3298,suv,4.8,road_loopA_f0,road_loopA_f1,5076.9,5203.9,127.0,1303.6,37.0,1
3317,car,4.5,road_loopA_r0,road_loopA_r1,5095.2,5204.7,109.5,1297.6,42.7,0
3288,car,4.5,road_loopA_r0,road_loopA_r1,5065.9,5204.9,139.0,1297.4,33.6,0
3304,car,4.5,road_loopA_f0,road_loopA_f1,5084.6,5206.7,122.1,1304.0,38.5,1
3333,car,4.5,road_loopA_r0,road_loopA_r1,5106.3,5206.8,100.5,1298.1,46.5,0
3342,car,4.5,road_loopA_r0,road_loopA_r1,5111.9,5207.0,95.1,1297.3,49.1,0
3315,car,4.5,road_loopA_f0,road_loopA_f1,5092.8,5209.7,116.9,1303.9,40.2,1
3345,car,4.5,road_loopA_r0,road_loopA_r1,5113.1,5211.6,98.5,1298.7,47.4,0
3324,car,4.5,road_loopA_f0,road_loopA_f1,5099.6,5212.7,113.1,1304.0,41.5,1
3332,car,4.5,road_loopA_r0,road_loopA_r1,5106.2,5212.8,106.6,1297.7,43.8,0
3229,suv,4.8,road_loopA_r0,xloopA_0Bb,5021.4,5213.8,192.4,895.9,16.8,2
3334,truck,8.5,road_loopA_r0,road_loopA_r1,5106.8,5213.9,107.1,1297.7,43.6,0
3321,car,4.5,road_loopA_f0,road_loopA_f1,5098.3,5214.5,116.2,1303.0,40.4,1
3414,suv,4.8,road_loopA_f0,xloopA_0Ab,5159.2,5214.5,55.3,505.6,32.9,0
3301,car,4.5,road_loopA_f0,road_loopA_f1,5083.0,5214.6,131.6,1303.2,35.6,1
3344,car,4.5,road_loopA_r0,road_loopA_r1,5112.7,5215.8,103.1,1298.2,45.3,0
3354,suv,4.8,road_loopA_r0,road_loopA_r1,5117.8,5215.9,98.1,1298.6,47.7,0
3234,car,4.5,road_loopA_r0,xloopA_0Bb,5023.4,5216.4,193.0,895.6,16.7,2
3325,car,4.5,road_loopA_f0,road_loopA_f1,5099.8,5216.4,116.6,1303.9,40.3,1
3327,truck,8.5,road_loopA_r0,road_loopA_r1,5102.4,5217.1,114.7,1298.4,40.8,0
3420,car,4.5,road_loopA_f0,xloopA_0Ab,5164.9,5217.1,52.2,505.0,34.9,0
3359,car,4.5,road_loopA_r0,road_loopA_r1,5121.3,5218.2,96.9,1298.0,48.2,0
3262,car,4.5,road_loopA_r0,xloopA_0Bb,5046.0,5219.0,173.0,895.4,18.6,1
3351,truck,8.5,road_loopA_r0,road_loopA_r1,5116.1,5219.1,103.0,1298.2,45.4,0
3335,suv,4.8,road_loopA_f0,road_loopA_f1,5107.2,5219.9,112.7,1302.8,41.6,1
3326,suv,4.8,road_loopA_f0,road_loopA_f1,5099.8,5220.2,120.4,1303.2,39.0,1
3360,car,4.5,road_loopA_r0,road_loopA_r1,5121.3,5220.7,99.4,1297.3,47.0,0
3361,car,4.5,road_loopA_r0,road_loopA_r1,5121.3,5220.8,99.5,1297.7,47.0,0
3227,bus,11.0,road_loopA_f0,road_loopA_f1,5020.4,5221.2,200.8,1303.2,23.4,3
3287,car,4.5,road_loopA_r0,xloopA_0Bb,5065.7,5221.7,156.0,895.6,20.7,1
3348,car,4.5,road_loopA_f0,road_loopA_f1,5114.2,5222.4,108.2,1303.2,43.4,0
3364,car,4.5,road_loopA_r0,road_loopA_r1,5123.6,5222.4,98.8,1297.3,47.3,0
3371,car,4.5,road_loopA_r0,road_loopA_r1,5127.0,5222.5,95.5,1297.6,48.9,0
3306,suv,4.8,road_loopA_f0,road_loopA_f1,5085.1,5222.9,137.8,1302.9,34.0,1
3331,car,4.5,road_loopA_r0,road_loopA_r1,5103.9,5223.1,119.2,1298.0,39.2,0
3340,car,4.5,road_loopA_f0,road_loopA_f1,5111.3,5223.7,112.4,1302.9,41.7,0
3309,suv,4.8,road_loopA_r0,xloopA_0Bb,5089.6,5224.4,134.8,895.8,23.9,1
3382,car,4.5,road_loopA_r0,road_loopA_r1,5131.4,5224.6,93.2,1298.6,50.2,0
3374,car,4.5,road_loopA_r0,road_loopA_r1,5127.8,5224.8,97.0,1297.9,48.2,0
3368,car,4.5,road_loopA_r0,road_loopA_r1,5126.2,5224.9,98.7,1298.2,47.3,0
3343,car,4.5,road_loopA_f0,road_loopA_f1,5112.2,5225.1,112.9,1303.1,41.6,0
3356,car,4.5,road_loopA_f0,road_loopA_f1,5119.8,5226.0,106.2,1303.5,44.2,0
3372,suv,4.8,road_loopA_r0,road_loopA_r1,5127.5,5226.7,99.2,1297.6,47.1,0
3386,car,4.5,road_loopA_f0,road_loopA_f1,5134.2,5228.3,94.1,1303.2,49.9,0
3380,car,4.5,road_loopA_r0,road_loopA_r1,5131.2,5228.5,97.3,1297.6,48.0,0
3357,car,4.5,road_loopA_f0,road_loopA_f1,5119.9,5229.2,109.3,1303.0,42.9,0
3235,car,4.5,xloopA_0Aa,xloopA_0Ab,5024.0,5229.9,205.9,84.3,1.5,1
3316,car,4.5,xloopA_0Ba,xloopA_0Bb,5095.1,5230.8,135.7,84.2,2.2,1
3341,car,4.5,road_loopA_f0,road_loopA_f1,5111.8,5230.9,119.1,1302.9,39.4,0
3367,suv,4.8,road_loopA_f0,road_loopA_f1,5125.6,5231.1,105.5,1303.2,44.5,0
3336,car,4.5,xloopA_0Ba,xloopA_0Bb,5107.5,5233.1,125.6,84.7,2.4,1
3273,car,4.5,xloopA_0Aa,xloopA_0Ab,5055.4,5233.1,177.7,84.0,1.7,1
3320,car,4.5,road_loopA_f0,road_loopA_f1,5098.1,5233.4,135.3,1303.7,34.7,1
3369,car,4.5,road_loopA_f0,road_loopA_f1,5126.6,5234.5,107.9,1302.8,43.5,0
3353,car,4.5,xloopA_0Ba,xloopA_0Bb,5117.8,5235.2,117.4,84.5,2.6,1
3394,suv,4.8,road_loopA_f0,road_loopA_f1,5141.8,5236.3,94.5,1303.6,49.7,0
3284,car,4.5,xloopA_0Aa,xloopA_0Ab,5065.1,5236.3,171.2,84.4,1.8,0
3370,car,4.5,xloopA_0Ba,xloopA_0Bb,5127.0,5237.4,110.4,84.1,2.7,0
3383,suv,4.8,road_loopA_f0,road_loopA_f1,5133.4,5238.3,104.9,1303.3,44.7,0
3292,car,4.5,xloopA_0Aa,xloopA_0Ab,5070.0,5238.5,168.5,84.2,1.8,0
3355,truck,8.5,road_loopA_f0,road_loopA_f1,5119.5,5239.0,119.5,1302.8,39.3,0
3397,car,4.5,xloopA_0Ba,xloopA_0Bb,5144.6,5239.5,94.9,84.0,3.2,0
3300,car,4.5,xloopA_0Aa,xloopA_0Ab,5078.9,5240.3,161.4,84.7,1.9,0
3366,car,4.5,road_loopA_f0,road_loopA_f1,5124.2,5240.9,116.7,1303.0,40.2,0
3391,car,4.5,road_loopA_f0,road_loopA_f1,5138.4,5241.0,102.6,1303.8,45.8,0
3375,car,4.5,road_loopA_f0,road_loopA_f1,5128.4,5242.6,114.2,1303.4,41.1,0
3389,car,4.5,road_loopA_f0,road_loopA_f1,5137.7,5243.0,105.3,1303.2,44.6,0
3376,car,4.5,road_loopA_f0,road_loopA_f1,5128.8,5244.5,115.7,1303.5,40.6,0
3392,car,4.5,road_loopA_f0,road_loopA_f1,5140.0,5244.8,104.8,1302.8,44.8,0
3216,car,4.5,xloopA_0Aa,road_loopA_f1,5013.7,5246.4,232.7,872.5,13.5,0
3378,car,4.5,road_loopA_f0,road_loopA_f1,5130.6,5246.5,115.9,1302.8,40.5,0
3299,suv,4.8,road_loopA_f0,road_loopA_f1,5078.2,5248.0,169.8,1303.1,27.6,1
3385,car,4.5,road_loopA_f0,road_loopA_f1,5134.1,5248.4,114.3,1303.5,41.0,0
3422,car,4.5,road_loopA_f0,xloopA_0Bb,5166.5,5248.8,82.3,478.6,20.9,1
3412,car,4.5,road_loopA_f0,road_loopA_f1,5158.6,5248.9,90.3,1303.1,52.0,0
3313,suv,4.8,road_loopA_f0,road_loopA_f1,5091.2,5249.7,158.5,1303.6,29.6,1
3393,car,4.5,road_loopA_f0,road_loopA_f1,5140.0,5250.1,110.1,1302.9,42.6,0
3330,car,4.5,road_loopA_f0,road_loopA_f1,5103.7,5251.4,147.7,1303.5,31.8,1
3415,car,4.5,road_loopA_f0,road_loopA_f1,5159.7,5251.6,91.9,1303.3,51.0,0
3352,car,4.5,road_loopA_f0,road_loopA_f1,5117.3,5252.2,134.9,1303.4,34.8,0
3417,suv,4.8,road_loopA_f0,road_loopA_f1,5162.2,5253.4,91.2,1303.9,51.5,0
3373,car,4.5,road_loopA_r0,xloopA_0Ab,5127.6,5253.6,126.0,869.1,24.8,2
3322,car,4.5,road_loopA_f0,road_loopA_f1,5099.0,5253.8,154.8,1303.8,30.3,1
3346,truck,8.5,road_loopA_f0,road_loopA_f1,5113.5,5255.0,141.5,1303.5,33.2,0
3347,car,4.5,road_loopA_f0,road_loopA_f1,5113.5,5255.5,142.0,1303.8,33.1,0
3418,suv,4.8,road_loopA_f0,road_loopA_f1,5163.1,5255.6,92.5,1304.0,50.7,0
3388,truck,8.5,road_loopA_f0,road_loopA_f1,5136.7,5256.5,119.8,1303.5,39.2,0
3362,truck,8.5,road_loopA_f0,road_loopA_f1,5122.4,5257.9,135.5,1303.2,34.6,0
3457,car,4.5,road_loopA_f0,xloopA_0Bb,5210.8,5258.1,47.3,478.7,36.4,0
3413,car,4.5,road_loopA_f0,road_loopA_f1,5158.8,5258.3,99.5,1303.0,47.1,0
3404,suv,4.8,road_loopA_f0,road_loopA_f1,5151.2,5258.6,107.4,1303.6,43.7,0
3416,car,4.5,road_loopA_f0,road_loopA_f1,5159.8,5259.7,99.9,1303.1,47.0,0
3377,suv,4.8,road_loopA_f0,road_loopA_f1,5130.2,5260.1,129.9,1303.9,36.1,0
3381,suv,4.8,road_loopA_f0,road_loopA_f1,5131.3,5260.7,129.4,1303.4,36.3,0
3467,car,4.5,road_loopA_f0,xloopA_0Bb,5219.1,5261.3,42.2,479.1,40.8,0
3395,car,4.5,road_loopA_f0,road_loopA_f1,5143.1,5262.2,119.1,1303.6,39.4,0
3410,suv,4.8,road_loopA_f0,road_loopA_f1,5158.1,5262.6,104.5,1302.8,44.9,0
3319,bus,11.0,road_loopA_r0,road_loopA_r1,5096.3,5264.6,168.3,1298.1,27.8,2
3403,bus,11.0,road_loopA_f0,road_loopA_f1,5149.2,5269.6,120.4,1303.5,39.0,1
3398,suv,4.8,road_loopA_r0,road_loopA_r1,5145.0,5274.2,129.2,1297.3,36.2,1
3390,car,4.5,road_loopA_r0,road_loopA_r1,5137.9,5275.2,137.3,1297.3,34.0,1
3405,car,4.5,road_loopA_r0,road_loopA_r1,5152.6,5277.0,124.4,1298.6,37.6,1
3411,car,4.5,road_loopA_r0,road_loopA_r1,5158.5,5279.1,120.6,1298.5,38.7,1
3402,car,4.5,road_loopA_r0,road_loopA_r1,5149.2,5280.2,131.0,1298.2,35.7,1
3387,bus,11.0,road_loopA_f0,road_loopA_f1,5134.2,5280.4,146.2,1302.9,32.1,2
3247,car,4.5,xloopA_0Aa,road_loopA_r1,5035.7,5283.2,247.5,507.1,7.4,1
3407,car,4.5,road_loopA_r0,road_loopA_r1,5154.9,5283.2,128.3,1298.3,36.4,1
3428,car,4.5,road_loopA_r0,road_loopA_r1,5179.2,5283.6,104.4,1298.5,44.8,0
3396,car,4.5,road_loopA_r0,road_loopA_r1,5144.1,5284.8,140.7,1297.8,33.2,1
3424,truck,8.5,road_loopA_r0,road_loopA_r1,5172.1,5285.4,113.3,1298.5,41.3,1
3433,car,4.5,road_loopA_r0,road_loopA_r1,5186.1,5286.3,100.2,1298.7,46.7,0
3406,car,4.5,road_loopA_r0,road_loopA_r1,5154.3,5286.6,132.3,1298.1,35.3,1
3421,suv,4.8,road_loopA_r0,road_loopA_r1,5166.3,5287.9,121.6,1297.8,38.4,1
3493,car,4.5,road_loopA_f0,xloopA_0Bb,5246.8,5288.0,41.2,478.6,41.8,0
3408,car,4.5,road_loopA_r0,road_loopA_r1,5157.5,5288.3,130.8,1298.3,35.7,1
3435,car,4.5,road_loopA_r0,road_loopA_r1,5188.3,5288.5,100.2,1297.5,46.6,0
3427,car,4.5,road_loopA_r0,road_loopA_r1,5178.4,5290.6,112.2,1297.4,41.6,0
3442,car,4.5,road_loopA_r0,road_loopA_r1,5198.4,5291.7,93.3,1298.5,50.1,0
3447,car,4.5,road_loopA_r0,road_loopA_r1,5201.2,5292.1,90.9,1298.3,51.4,0
3437,car,4.5,road_loopA_r0,road_loopA_r1,5191.0,5293.4,102.4,1298.0,45.6,0
3349,bus,11.0,road_loopA_f0,road_loopA_f1,5115.6,5294.6,179.0,1303.1,26.2,2
3449,suv,4.8,road_loopA_r0,road_loopA_r1,5202.4,5295.5,93.1,1298.3,50.2,0
3438,car,4.5,road_loopA_r0,road_loopA_r1,5191.6,5296.0,104.4,1298.0,44.7,0
3451,car,4.5,road_loopA_r0,road_loopA_r1,5203.6,5297.1,93.5,1297.9,50.0,0
3446,suv,4.8,road_loopA_r0,road_loopA_r1,5200.2,5298.5,98.3,1297.8,47.5,0
3423,car,4.5,road_loopA_f0,road_loopA_f1,5170.3,5300.1,129.8,1304.1,36.2,1
3456,suv,4.8,road_loopA_r0,road_loopA_r1,5208.6,5300.4,91.8,1298.5,50.9,0
3460,car,4.5,road_loopA_r0,road_loopA_r1,5213.2,5302.7,89.5,1297.9,52.2,0
3430,car,4.5,road_loopA_f0,road_loopA_f1,5182.8,5302.8,120.0,1303.5,39.1,1
3463,car,4.5,road_loopA_r0,road_loopA_r1,5216.5,5305.4,88.9,1297.3,52.5,0
3363,suv,4.8,road_loopA_r0,xloopA_0Bb,5122.4,5307.3,184.9,895.8,17.4,2
3434,car,4.5,road_loopA_f0,road_loopA_f1,5187.7,5307.8,120.1,1303.7,39.1,1
3443,suv,4.8,road_loopA_f0,xloopA_0Ab,5198.5,5307.9,109.4,505.6,16.6,1
3425,car,4.5,road_loopA_f0,road_loopA_f1,5175.1,5308.2,133.1,1303.3,35.3,1
3468,car,4.5,road_loopA_r0,road_loopA_r1,5219.3,5308.5,89.2,1297.5,52.4,0
3379,car,4.5,road_loopA_r0,xloopA_0Bb,5130.9,5309.9,179.0,895.5,18.0,2
3473,car,4.5,road_loopA_f0,xloopA_0Ab,5223.4,5310.5,87.1,505.4,20.9,1
3432,car,4.5,road_loopA_f0,road_loopA_f1,5184.9,5311.1,126.2,1303.1,37.2,1
3436,suv,4.8,road_loopA_f0,road_loopA_f1,5190.3,5311.9,121.6,1304.0,38.6,1
3400,car,4.5,road_loopA_r0,xloopA_0Bb,5147.4,5312.6,165.2,895.8,19.5,1
3465,car,4.5,road_loopA_r0,road_loopA_r1,5218.1,5312.8,94.7,1297.9,49.4,0
3439,car,4.5,road_loopA_f0,road_loopA_f1,5195.6,5312.9,117.3,1303.9,40.0,1
3481,car,4.5,road_loopA_f0,xloopA_0Ab,5230.5,5313.1,82.6,505.1,22.0,1
3431,car,4.5,road_loopA_f0,road_loopA_f1,5183.3,5313.6,130.3,1302.9,36.0,1
3440,suv,4.8,road_loopA_f0,road_loopA_f1,5195.8,5313.6,117.8,1303.4,39.8,1
3470,car,4.5,road_loopA_r0,road_loopA_r1,5220.3,5313.6,93.3,1297.3,50.1,0
3454,car,4.5,road_loopA_f0,road_loopA_f1,5207.1,5314.6,107.5,1303.6,43.7,0
3426,car,4.5,road_loopA_r0,xloopA_0Bb,5177.7,5315.2,137.5,895.5,23.4,1
3464,car,4.5,road_loopA_r0,road_loopA_r1,5217.6,5315.2,97.6,1297.4,47.9,0
3445,car,4.5,road_loopA_f0,road_loopA_f1,5199.6,5315.3,115.7,1303.5,40.6,1
3484,car,4.5,road_loopA_f0,xloopA_0Ab,5231.8,5315.8,84.0,505.3,21.7,1
3452,car,4.5,road_loopA_f0,road_loopA_f1,5205.0,5316.1,111.1,1303.9,42.2,1
3462,car,4.5,road_loopA_f0,road_loopA_f1,5215.4,5316.3,100.9,1303.7,46.5,0
3455,car,4.5,road_loopA_f0,road_loopA_f1,5207.8,5317.7,109.9,1302.9,42.7,1
3448,car,4.5,road_loopA_f0,road_loopA_f1,5202.1,5318.1,116.0,1304.0,40.5,1
3469,truck,8.5,road_loopA_f0,road_loopA_f1,5219.8,5318.1,98.3,1303.3,47.7,0
3501,suv,4.8,road_loopA_f0,xloopA_0Ab,5254.0,5318.5,64.5,505.5,28.2,1
3453,suv,4.8,road_loopA_r0,road_loopA_r1,5206.3,5318.7,112.4,1297.3,41.5,0
3476,car,4.5,road_loopA_f0,road_loopA_f1,5229.6,5320.4,90.8,1303.6,51.7,0
3475,suv,4.8,road_loopA_r0,road_loopA_r1,5228.0,5320.8,92.8,1298.0,50.4,0
3477,car,4.5,road_loopA_r0,road_loopA_r1,5229.7,5322.8,93.1,1298.6,50.2,0
3483,car,4.5,road_loopA_f0,road_loopA_f1,5231.6,5322.9,91.3,1303.5,51.4,0
3358,bus,11.0,road_loopA_r0,road_loopA_r1,5120.9,5323.1,202.2,1297.3,23.1,4
3461,truck,8.5,road_loopA_f0,road_loopA_f1,5214.9,5323.9,109.0,1303.1,43.0,0
3308,car,4.5,xloopA_0Aa,xloopA_0Ab,5086.9,5323.9,237.0,84.4,1.3,1
3486,car,4.5,road_loopA_r0,road_loopA_r1,5234.7,5324.0,89.3,1298.1,52.3,0
3419,car,4.5,xloopA_0Ba,xloopA_0Bb,5164.1,5324.5,160.4,84.2,1.9,1
3466,car,4.5,road_loopA_f0,road_loopA_f1,5218.6,5325.8,107.2,1302.9,43.8,0
3310,car,4.5,xloopA_0Aa,xloopA_0Ab,5089.8,5325.9,236.1,84.3,1.3,1
3474,truck,8.5,road_loopA_f0,road_loopA_f1,5224.1,5327.1,103.0,1303.8,45.6,0
3441,car,4.5,xloopA_0Ba,xloopA_0Bb,5197.9,5327.3,129.4,84.6,2.4,1
3471,car,4.5,road_loopA_r0,road_loopA_r1,5221.0,5327.6,106.6,1297.8,43.8,0
3480,car,4.5,road_loopA_f0,road_loopA_f1,5230.2,5327.6,97.4,1302.9,48.2,0
3429,car,4.5,road_loopA_f0,road_loopA_f1,5182.5,5328.4,145.9,1303.1,32.2,1
3328,car,4.5,xloopA_0Aa,xloopA_0Ab,5102.5,5328.9,226.4,84.4,1.3,0
3489,suv,4.8,road_loopA_f0,road_loopA_f1,5236.6,5330.0,93.4,1303.8,50.3,0
3338,car,4.5,xloopA_0Aa,xloopA_0Ab,5110.5,5331.1,220.6,84.3,1.4,0
3491,car,4.5,road_loopA_f0,road_loopA_f1,5240.2,5332.9,92.7,1303.4,50.6,0
3494,car,4.5,road_loopA_f0,road_loopA_f1,5246.9,5336.3,89.4,1303.1,52.5,0
3499,car,4.5,road_loopA_f0,road_loopA_f1,5249.6,5339.3,89.7,1303.5,52.3,0
3503,suv,4.8,road_loopA_f0,road_loopA_f1,5257.3,5346.7,89.4,1303.1,52.5,0
3505,car,4.5,road_loopA_f0,road_loopA_f1,5257.7,5347.7,90.0,1303.9,52.2,0
3508,car,4.5,road_loopA_f0,xloopA_0Bb,5262.4,5349.7,87.3,478.5,19.7,2
3458,car,4.5,road_loopA_r0,xloopA_0Ab,5212.3,5349.9,137.6,869.0,22.7,3
3490,truck,8.5,road_loopA_f0,road_loopA_f1,5239.7,5350.4,110.7,1303.9,42.4,0
3506,car,4.5,road_loopA_f0,road_loopA_f1,5262.3,5351.7,89.4,1303.1,52.5,0
3495,car,4.5,road_loopA_r0,xloopA_0Ab,5246.9,5353.6,106.7,869.1,29.3,2
3554,car,4.5,road_loopA_f0,xloopA_0Bb,5310.4,5356.6,46.2,478.7,37.3,0
3492,car,4.5,road_loopA_r0,xloopA_0Ab,5245.1,5357.2,112.1,869.1,27.9,3
3539,car,4.5,road_loopA_r0,xloopA_0Ab,5290.2,5368.0,77.8,869.0,40.2,0
3488,suv,4.8,road_loopA_r0,road_loopA_r1,5236.1,5369.3,133.2,1298.1,35.1,1
3520,suv,4.8,road_loopA_r0,xloopA_0Ab,5275.3,5372.3,97.0,869.1,32.3,1
3487,truck,8.5,road_loopA_r0,road_loopA_r1,5235.1,5374.0,138.9,1297.9,33.6,1
3500,suv,4.8,road_loopA_r0,road_loopA_r1,5252.0,5374.1,122.1,1297.3,38.3,1
3515,car,4.5,road_loopA_r0,road_loopA_r1,5265.7,5376.0,110.3,1298.7,42.4,1
3514,car,4.5,road_loopA_r0,road_loopA_r1,5265.6,5377.2,111.6,1298.5,41.9,1
3485,car,4.5,road_loopA_r0,road_loopA_r1,5234.3,5378.2,143.9,1298.4,32.5,1
3527,car,4.5,road_loopA_r0,road_loopA_r1,5279.8,5378.9,99.1,1298.3,47.2,0
3482,car,4.5,xloopA_0Ba,road_loopA_r1,5230.6,5379.5,148.9,476.2,11.5,0
3529,suv,4.8,road_loopA_r0,road_loopA_r1,5280.8,5380.6,99.8,1297.7,46.8,0
3498,suv,4.8,road_loopA_r0,road_loopA_r1,5249.6,5381.2,131.6,1298.5,35.5,1
3516,car,4.5,road_loopA_r0,road_loopA_r1,5268.2,5382.8,114.6,1297.4,40.7,1
3525,car,4.5,road_loopA_r0,road_loopA_r1,5279.2,5382.8,103.6,1298.3,45.1,0
3524,car,4.5,road_loopA_r0,road_loopA_r1,5279.2,5384.5,105.3,1297.4,44.4,0
3534,car,4.5,road_loopA_r0,road_loopA_r1,5286.3,5384.6,98.3,1297.9,47.5,0
3541,car,4.5,road_loopA_r0,road_loopA_r1,5292.9,5385.8,92.9,1298.4,50.3,0
3536,suv,4.8,road_loopA_r0,road_loopA_r1,5286.6,5386.2,99.6,1298.1,46.9,0
3521,suv,4.8,road_loopA_r0,road_loopA_r1,5275.7,5389.8,114.1,1297.8,40.9,0
3537,suv,4.8,road_loopA_r0,road_loopA_r1,5288.3,5391.6,103.3,1298.0,45.2,0
3509,suv,4.8,road_loopA_f0,road_loopA_f1,5262.5,5394.4,131.9,1303.3,35.6,1
3510,car,4.5,road_loopA_f0,road_loopA_f1,5262.8,5399.6,136.8,1303.9,34.3,1
3502,car,4.5,road_loopA_r0,xloopA_0Bb,5255.1,5400.7,145.6,895.4,22.1,1
3545,truck,8.5,road_loopA_r0,road_loopA_r1,5298.5,5401.3,102.8,1297.9,45.5,0
3573,car,4.5,road_loopA_f0,xloopA_0Ab,5328.9,5401.3,72.4,505.2,25.1,1
3542,truck,8.5,road_loopA_r0,road_loopA_r1,5294.5,5401.9,107.4,1298.3,43.5,0
3522,suv,4.8,road_loopA_f0,road_loopA_f1,5278.9,5402.5,123.6,1303.5,38.0,1
3496,car,4.5,road_loopA_r0,xloopA_0Bb,5247.0,5403.3,156.3,895.4,20.6,1
3549,car,4.5,road_loopA_r0,road_loopA_r1,5302.2,5403.8,101.6,1297.8,46.0,0
3507,car,4.5,road_loopA_f0,road_loopA_f1,5262.4,5404.4,142.0,1303.8,33.1,1
3555,car,4.5,road_loopA_r0,road_loopA_r1,5310.9,5404.4,93.5,1297.9,50.0,0
3526,car,4.5,road_loopA_f0,road_loopA_f1,5279.6,5405.3,125.7,1303.7,37.3,1
3511,suv,4.8,road_loopA_f0,road_loopA_f1,5263.1,5405.4,142.3,1303.3,33.0,1
3557,car,4.5,road_loopA_r0,road_loopA_r1,5314.2,5405.5,91.3,1297.8,51.2,0
3606,suv,4.8,road_loopA_f0,xloopA_0Ab,5359.4,5405.9,46.5,505.3,39.2,0
3518,suv,4.8,road_loopA_r0,xloopA_0Bb,5273.2,5406.0,132.8,895.7,24.3,1
3528,car,4.5,road_loopA_f0,road_loopA_f1,5280.4,5406.2,125.8,1303.2,37.3,1
3513,car,4.5,road_loopA_f0,road_loopA_f1,5264.7,5407.3,142.6,1303.5,32.9,1
3538,car,4.5,road_loopA_f0,road_loopA_f1,5289.5,5407.7,118.2,1302.8,39.7,1
3517,car,4.5,road_loopA_r0,xloopA_0Bb,5269.1,5408.7,139.6,895.6,23.1,1
3523,suv,4.8,road_loopA_f0,road_loopA_f1,5278.9,5409.0,130.1,1302.9,36.1,1
3544,car,4.5,road_loopA_f0,road_loopA_f1,5295.8,5409.7,113.9,1303.4,41.2,1
3561,suv,4.8,road_loopA_r0,road_loopA_r1,5319.1,5411.3,92.2,1297.7,50.7,0
3519,car,4.5,road_loopA_r0,xloopA_0Bb,5273.5,5411.4,137.9,895.8,23.4,1
3559,suv,4.8,road_loopA_r0,road_loopA_r1,5316.7,5411.9,95.2,1297.6,49.0,0
3530,truck,8.5,road_loopA_f0,road_loopA_f1,5281.3,5414.2,132.9,1302.9,35.3,1
3550,suv,4.8,road_loopA_f0,road_loopA_f1,5302.4,5414.9,112.5,1303.4,41.7,0
3532,car,4.5,xloopA_0Ba,xloopA_0Bb,5282.0,5415.6,133.6,84.6,2.3,1
3540,car,4.5,road_loopA_f0,road_loopA_f1,5290.5,5416.4,125.9,1303.9,37.3,1
3560,suv,4.8,road_loopA_f0,road_loopA_f1,5317.1,5416.6,99.5,1303.8,47.2,0
3572,car,4.5,road_loopA_r0,road_loopA_r1,5328.1,5417.2,89.1,1298.4,52.4,0
3401,car,4.5,xloopA_0Aa,xloopA_0Ab,5148.0,5417.4,269.4,84.4,1.1,1
3558,car,4.5,road_loopA_f0,road_loopA_f1,5314.5,5418.4,103.9,1303.5,45.1,0
3556,car,4.5,xloopA_0Ba,xloopA_0Bb,5313.6,5418.7,105.1,84.6,2.9,1
3546,suv,4.8,road_loopA_f0,road_loopA_f1,5300.6,5419.0,118.4,1304.1,39.6,1
3444,car,4.5,xloopA_0Aa,xloopA_0Ab,5199.5,5419.7,220.2,84.0,1.4,1
3314,car,4.5,xloopA_0Aa,road_loopA_f1,5092.6,5419.8,327.2,872.4,9.6,1
3563,car,4.5,road_loopA_f0,road_loopA_f1,5323.0,5420.8,97.8,1303.4,48.0,0
3565,car,4.5,xloopA_0Ba,xloopA_0Bb,5326.0,5420.9,94.9,84.8,3.2,1
3450,car,4.5,xloopA_0Aa,xloopA_0Ab,5202.6,5421.8,219.2,84.7,1.4,1
3553,suv,4.8,road_loopA_f0,road_loopA_f1,5308.3,5421.9,113.6,1303.9,41.3,0
3568,car,4.5,road_loopA_f0,road_loopA_f1,5327.7,5421.9,94.2,1303.7,49.8,0
3571,car,4.5,road_loopA_f0,road_loopA_f1,5328.1,5422.6,94.5,1303.8,49.7,0
3600,car,4.5,xloopA_0Ba,xloopA_0Bb,5356.3,5423.1,66.8,84.4,4.6,0
3574,car,4.5,road_loopA_f0,road_loopA_f1,5330.7,5424.3,93.6,1303.0,50.1,0
3478,car,4.5,xloopA_0Aa,xloopA_0Ab,5229.9,5424.3,194.4,84.8,1.6,0
3604,car,4.5,xloopA_0Ba,xloopA_0Bb,5358.5,5425.0,66.5,84.1,4.6,0
3497,bus,11.0,road_loopA_r0,road_loopA_r1,5248.9,5425.2,176.3,1297.3,26.5,3
3575,car,4.5,road_loopA_f0,road_loopA_f1,5334.5,5426.0,91.5,1303.5,51.3,0
3579,suv,4.8,road_loopA_f0,road_loopA_f1,5338.2,5427.7,89.5,1302.8,52.4,0
3512,car,4.5,road_loopA_f0,road_loopA_f1,5264.3,5430.0,165.7,1303.4,28.3,1
3580,suv,4.8,road_loopA_f0,road_loopA_f1,5338.5,5431.4,92.9,1303.1,50.5,0
3472,car,4.5,xloopA_0Ba,road_loopA_f1,5222.3,5432.7,210.4,902.7,15.4,0
3581,suv,4.8,road_loopA_f0,road_loopA_f1,5344.1,5433.6,89.5,1303.7,52.4,0
3399,car,4.5,xloopA_0Ba,road_loopA_f1,5146.8,5433.9,287.1,902.8,11.3,1
3548,car,4.5,road_loopA_f0,road_loopA_f1,5301.1,5434.8,133.7,1303.5,35.1,0
3533,truck,8.5,road_loopA_f0,road_loopA_f1,5286.1,5436.0,149.9,1303.0,31.3,1
3569,car,4.5,road_loopA_f0,road_loopA_f1,5327.8,5437.1,109.3,1303.4,42.9,0
3584,suv,4.8,road_loopA_f0,road_loopA_f1,5344.5,5437.1,92.6,1303.2,50.7,0
3566,truck,8.5,road_loopA_f0,road_loopA_f1,5326.0,5438.5,112.5,1303.1,41.7,0
3588,car,4.5,road_loopA_f0,road_loopA_f1,5346.6,5438.6,92.0,1303.6,51.0,0
3577,suv,4.8,road_loopA_f0,road_loopA_f1,5335.2,5440.6,105.4,1303.6,44.5,0
3552,car,4.5,road_loopA_f0,road_loopA_f1,5306.7,5441.3,134.6,1302.8,34.9,0
3567,car,4.5,road_loopA_r0,xloopA_0Ab,5327.0,5441.6,114.6,869.2,27.3,2
3582,car,4.5,road_loopA_f0,road_loopA_f1,5344.1,5442.4,98.3,1303.8,47.8,0
3613,truck,8.5,road_loopA_f0,xloopA_0Bb,5364.7,5443.3,78.6,479.0,21.9,2
3620,suv,4.8,road_loopA_f0,xloopA_0Bb,5371.0,5447.0,76.0,479.0,22.7,8
3585,truck,8.5,road_loopA_f0,road_loopA_f1,5344.7,5447.4,102.7,1302.8,45.7,0
3590,suv,4.8,road_loopA_f0,road_loopA_f1,5347.5,5448.2,100.7,1303.9,46.6,0
3599,car,4.5,road_loopA_f0,road_loopA_f1,5354.7,5449.4,94.7,1303.2,49.5,0
3594,car,4.5,road_loopA_f0,road_loopA_f1,5351.5,5450.6,99.1,1304.0,47.4,0
3586,suv,4.8,road_loopA_r0,road_loopA_r1,5345.6,5458.9,113.3,1298.5,41.3,1
3642,car,4.5,road_loopA_r0,xloopA_0Ab,5388.9,5459.6,70.7,869.3,44.3,0
3570,car,4.5,road_loopA_r0,road_loopA_r1,5328.0,5459.9,131.9,1298.0,35.4,1
3591,car,4.5,road_loopA_r0,road_loopA_r1,5350.7,5461.1,110.4,1297.6,42.3,1
3598,suv,4.8,road_loopA_r0,road_loopA_r1,5354.4,5461.9,107.5,1297.7,43.5,1
3593,car,4.5,road_loopA_r0,road_loopA_r1,5351.1,5463.7,112.6,1297.5,41.5,1
3597,car,4.5,road_loopA_r0,road_loopA_r1,5353.1,5467.2,114.1,1297.4,40.9,1
3596,car,4.5,road_loopA_r0,road_loopA_r1,5352.8,5467.6,114.8,1297.9,40.7,1
3587,car,4.5,road_loopA_r0,road_loopA_r1,5345.8,5468.0,122.2,1298.0,38.3,1
3618,car,4.5,road_loopA_r0,road_loopA_r1,5370.4,5469.8,99.4,1298.6,47.0,0
3612,car,4.5,road_loopA_r0,road_loopA_r1,5364.5,5471.6,107.1,1298.6,43.7,0
3623,car,4.5,road_loopA_r0,xloopA_0Ab,5372.7,5474.0,101.3,869.2,30.9,1
3607,car,4.5,road_loopA_r0,road_loopA_r1,5360.0,5474.2,114.2,1298.4,40.9,1
3583,truck,8.5,road_loopA_r0,road_loopA_r1,5344.2,5474.3,130.1,1298.0,35.9,1
3626,car,4.5,road_loopA_r0,road_loopA_r1,5375.3,5474.7,99.4,1297.6,47.0,0
3601,car,4.5,road_loopA_r0,road_loopA_r1,5356.5,5477.1,120.6,1297.4,38.7,1
3632,suv,4.8,road_loopA_r0,road_loopA_r1,5378.0,5477.2,99.2,1297.8,47.1,0
3630,car,4.5,road_loopA_r0,road_loopA_r1,5377.7,5479.6,101.9,1298.6,45.9,0
3578,car,4.5,road_loopA_r0,road_loopA_r1,5336.3,5481.0,144.7,1297.5,32.3,1
3638,suv,4.8,road_loopA_r0,road_loopA_r1,5385.2,5481.0,95.8,1297.9,48.8,0
3695,suv,4.8,road_loopA_f0,xloopA_0Bb,5436.0,5481.0,45.0,479.1,38.3,0
3670,car,4.5,road_loopA_r0,xloopA_0Ab,5408.7,5481.2,72.5,869.1,43.1,0
3641,suv,4.8,road_loopA_r0,road_loopA_r1,5388.8,5483.1,94.3,1298.4,49.6,0
3547,bus,11.0,road_loopA_f0,road_loopA_f1,5300.7,5483.8,183.1,1303.2,25.6,2
3603,car,4.5,road_loopA_f0,road_loopA_f1,5357.1,5484.7,127.6,1303.6,36.8,1
3592,car,4.5,road_loopA_r0,road_loopA_r1,5351.0,5485.4,134.4,1298.2,34.8,0
3459,car,4.5,xloopA_0Aa,road_loopA_r1,5213.2,5485.9,272.7,507.1,6.7,0
3635,suv,4.8,road_loopA_r0,road_loopA_r1,5382.3,5486.0,103.7,1298.0,45.1,0
3651,car,4.5,road_loopA_r0,road_loopA_r1,5397.1,5486.6,89.5,1297.8,52.2,0
3608,suv,4.8,road_loopA_f0,road_loopA_f1,5361.6,5487.7,126.1,1303.2,37.2,1
3637,car,4.5,road_loopA_r0,road_loopA_r1,5384.1,5488.1,104.0,1298.3,44.9,0
3611,truck,8.5,road_loopA_r0,road_loopA_r1,5363.6,5488.3,124.7,1297.9,37.5,0
3657,suv,4.8,road_loopA_r0,road_loopA_r1,5398.7,5488.6,89.9,1297.8,52.0,0
3633,car,4.5,road_loopA_r0,road_loopA_r1,5380.5,5489.9,109.4,1297.6,42.7,0
3616,suv,4.8,road_loopA_r0,road_loopA_r1,5367.7,5490.3,122.6,1298.4,38.1,0
3625,suv,4.8,road_loopA_r0,road_loopA_r1,5373.8,5492.0,118.2,1297.4,39.5,0
3602,car,4.5,road_loopA_f0,road_loopA_f1,5356.7,5492.5,135.8,1304.0,34.6,1
3631,suv,4.8,road_loopA_r0,road_loopA_r1,5377.9,5492.8,114.9,1298.3,40.7,0
3629,car,4.5,road_loopA_r0,road_loopA_r1,5377.2,5493.7,116.5,1297.4,40.1,0
3535,car,4.5,road_loopA_r0,xloopA_0Bb,5286.3,5494.2,207.9,895.5,15.5,2
3663,car,4.5,road_loopA_f0,xloopA_0Ab,5403.0,5494.8,91.8,505.1,19.8,1
3664,car,4.5,road_loopA_r0,road_loopA_r1,5403.6,5495.2,91.6,1297.9,51.0,0
3615,suv,4.8,road_loopA_f0,road_loopA_f1,5367.3,5496.4,129.1,1303.4,36.3,1
3543,car,4.5,road_loopA_r0,xloopA_0Bb,5295.3,5496.8,201.5,895.4,16.0,2
3665,car,4.5,road_loopA_r0,road_loopA_r1,5405.5,5497.1,91.6,1297.3,51.0,0
3702,car,4.5,road_loopA_f0,xloopA_0Ab,5443.8,5497.4,53.6,505.1,33.9,0
3655,suv,4.8,road_loopA_r0,road_loopA_r1,5398.3,5497.7,99.4,1297.8,47.0,0
3636,car,4.5,road_loopA_f0,road_loopA_f1,5383.3,5497.9,114.6,1303.6,40.9,1
3610,truck,8.5,road_loopA_f0,road_loopA_f1,5362.0,5498.7,136.7,1303.7,34.3,1
3659,car,4.5,road_loopA_r0,road_loopA_r1,5399.7,5500.0,100.3,1298.3,46.6,0
3609,truck,8.5,road_loopA_r0,xloopA_0Bb,5362.0,5500.2,138.2,895.3,23.3,1
3640,car,4.5,road_loopA_f0,road_loopA_f1,5386.4,5500.3,113.9,1302.9,41.2,1
3639,car,4.5,road_loopA_f0,road_loopA_f1,5385.4,5501.4,116.0,1302.9,40.4,1
3619,truck,8.5,road_loopA_f0,road_loopA_f1,5370.6,5502.1,131.5,1303.6,35.7,1
3656,car,4.5,road_loopA_r0,road_loopA_r1,5398.7,5502.9,104.2,1298.1,44.9,0
3660,car,4.5,road_loopA_r0,road_loopA_r1,5400.6,5503.1,102.5,1297.5,45.6,0
3621,car,4.5,road_loopA_r0,xloopA_0Bb,5372.3,5503.3,131.0,895.4,24.6,1
3595,car,4.5,road_loopA_f0,road_loopA_f1,5352.8,5503.8,151.0,1304.0,31.1,1
3671,car,4.5,road_loopA_r0,road_loopA_r1,5410.9,5506.1,95.2,1297.6,49.1,0
3645,truck,8.5,road_loopA_f0,road_loopA_f1,5390.7,5507.2,116.5,1303.1,40.3,0
3658,car,4.5,road_loopA_f0,road_loopA_f1,5399.4,5508.3,108.9,1303.1,43.1,0
3589,car,4.5,road_loopA_f0,road_loopA_f1,5347.5,5508.7,161.2,1303.2,29.1,1
3648,suv,4.8,road_loopA_f0,road_loopA_f1,5393.7,5509.3,115.6,1303.3,40.6,0
3677,car,4.5,road_loopA_r0,road_loopA_r1,5419.1,5509.5,90.4,1297.5,51.7,0
3479,car,4.5,xloopA_0Aa,xloopA_0Ab,5230.3,5509.7,279.4,84.5,1.1,1
3624,car,4.5,xloopA_0Ba,xloopA_0Bb,5372.9,5510.1,137.2,84.2,2.2,1
3673,car,4.5,road_loopA_f0,road_loopA_f1,5416.8,5510.1,93.3,1303.0,50.3,0
3622,car,4.5,road_loopA_f0,road_loopA_f1,5372.6,5510.3,137.7,1302.9,34.1,1
3649,car,4.5,road_loopA_f0,road_loopA_f1,5394.1,5511.1,117.0,1303.3,40.1,0
3627,car,4.5,road_loopA_f0,road_loopA_f1,5375.6,5512.0,136.4,1303.7,34.4,1
3504,car,4.5,xloopA_0Aa,xloopA_0Ab,5257.5,5512.6,255.1,84.4,1.2,1
3628,suv,4.8,road_loopA_f0,road_loopA_f1,5375.9,5513.8,137.9,1303.6,34.0,1
3644,car,4.5,road_loopA_f0,road_loopA_f1,5390.1,5514.0,123.9,1303.7,37.9,1
3647,car,4.5,xloopA_0Ba,xloopA_0Bb,5391.9,5514.0,122.1,84.6,2.5,1
3551,car,4.5,xloopA_0Aa,xloopA_0Ab,5304.5,5515.7,211.2,84.2,1.4,0
3646,truck,8.5,road_loopA_f0,road_loopA_f1,5391.6,5516.3,124.7,1303.6,37.6,0
3669,suv,4.8,road_loopA_f0,road_loopA_f1,5408.3,5516.4,108.1,1303.1,43.4,0
3652,truck,8.5,road_loopA_r0,road_loopA_r1,5397.3,5516.5,119.2,1297.5,39.2,0
3666,truck,8.5,road_loopA_f0,road_loopA_f1,5406.3,5517.2,110.9,1303.8,42.3,0
3667,truck,8.5,road_loopA_r0,road_loopA_r1,5406.8,5517.4,110.6,1298.4,42.3,0
3562,car,4.5,xloopA_0Aa,xloopA_0Ab,5321.2,5517.8,196.6,84.4,1.5,0
3680,car,4.5,road_loopA_f0,road_loopA_f1,5421.8,5518.0,96.2,1303.4,48.8,0
3661,car,4.5,road_loopA_f0,road_loopA_f1,5401.3,5518.3,117.0,1302.8,40.1,0
3676,car,4.5,road_loopA_f0,road_loopA_f1,5418.7,5519.1,100.4,1303.9,46.8,0
3675,car,4.5,road_loopA_f0,road_loopA_f1,5418.0,5519.8,101.8,1303.1,46.1,0
3685,car,4.5,xloopA_0Ba,xloopA_0Bb,5424.9,5519.8,94.9,84.5,3.2,0
3688,car,4.5,road_loopA_f0,road_loopA_f1,5429.9,5521.6,91.7,1303.8,51.2,0
6,tram,34.0,loopB,loopB,1275.9,5523.3,4247.4,33673.2,28.5,40
3694,car,4.5,road_loopA_f0,road_loopA_f1,5435.3,5526.0,90.7,1302.8,51.7,0
3678,car,4.5,road_loopA_f0,road_loopA_f1,5419.8,5526.1,106.3,1303.6,44.1,0
3691,car,4.5,road_loopA_f0,road_loopA_f1,5433.0,5527.2,94.2,1302.9,49.8,0
3689,truck,8.5,road_loopA_f0,road_loopA_f1,5431.5,5529.7,98.2,1303.4,47.8,0
3727,suv,4.8,road_loopA_f0,xloopA_0Bb,5472.8,5529.7,56.9,478.9,30.3,1
3698,suv,4.8,road_loopA_f0,road_loopA_f1,5441.0,5531.2,90.2,1303.7,52.0,0
3697,suv,4.8,road_loopA_f0,road_loopA_f1,5440.8,5532.4,91.6,1303.5,51.2,0
3668,car,4.5,road_loopA_f0,road_loopA_f1,5407.6,5532.7,125.1,1303.7,37.5,0
3701,car,4.5,road_loopA_f0,road_loopA_f1,5442.6,5534.2,91.6,1303.5,51.2,0
3699,suv,4.8,road_loopA_f0,road_loopA_f1,5442.0,5535.0,93.0,1303.0,50.4,0
3662,suv,4.8,road_loopA_r0,xloopA_0Ab,5401.5,5537.2,135.7,869.3,23.1,3
3726,car,4.5,road_loopA_f0,xloopA_0Bb,5472.8,5537.7,64.9,478.5,26.5,1
3706,car,4.5,road_loopA_f0,road_loopA_f1,5448.5,5537.9,89.4,1303.1,52.5,0
3674,car,4.5,road_loopA_r0,road_loopA_r1,5417.3,5554.4,137.1,1298.6,34.1,1
3690,car,4.5,road_loopA_r0,road_loopA_r1,5432.5,5557.4,124.9,1298.6,37.4,1
3679,car,4.5,road_loopA_r0,road_loopA_r1,5420.9,5557.9,137.0,1297.5,34.1,1
3693,car,4.5,road_loopA_r0,road_loopA_r1,5433.9,5559.4,125.5,1297.6,37.2,1
3776,truck,8.5,road_loopA_f0,xloopA_0Bb,5519.1,5560.4,41.3,479.0,41.7,0
3692,suv,4.8,road_loopA_r0,road_loopA_r1,5433.6,5562.3,128.7,1298.5,36.3,1
3703,suv,4.8,road_loopA_r0,road_loopA_r1,5444.3,5563.3,119.0,1298.5,39.3,1
3643,car,4.5,xloopA_0Ba,road_loopA_r1,5389.1,5563.5,174.4,476.3,9.8,1
3715,car,4.5,road_loopA_r0,road_loopA_r1,5460.5,5564.2,103.7,1297.9,45.1,0
3682,suv,4.8,road_loopA_r0,road_loopA_r1,5422.4,5565.2,142.8,1297.7,32.7,1
3687,car,4.5,road_loopA_r0,road_loopA_r1,5428.4,5566.2,137.8,1297.7,33.9,1
3681,car,4.5,road_loopA_r0,road_loopA_r1,5422.1,5567.0,144.9,1298.4,32.3,1
3704,car,4.5,road_loopA_r0,road_loopA_r1,5444.6,5567.7,123.1,1297.7,37.9,0
3729,car,4.5,road_loopA_r0,road_loopA_r1,5475.0,5567.7,92.7,1297.7,50.4,0
3705,car,4.5,road_loopA_r0,road_loopA_r1,5447.9,5568.9,121.0,1298.4,38.6,1
3716,car,4.5,road_loopA_r0,road_loopA_r1,5462.2,5569.5,107.3,1297.9,43.6,0
3709,car,4.5,road_loopA_r0,road_loopA_r1,5450.0,5570.6,120.6,1297.8,38.7,1
3721,suv,4.8,road_loopA_r0,road_loopA_r1,5466.4,5570.9,104.5,1298.4,44.7,0
3708,car,4.5,road_loopA_r0,road_loopA_r1,5449.9,5571.7,121.8,1297.6,38.4,1
3732,suv,4.8,road_loopA_r0,road_loopA_r1,5476.9,5571.8,94.9,1297.5,49.2,0
3710,truck,8.5,road_loopA_r0,road_loopA_r1,5454.2,5573.5,119.3,1297.7,39.2,1
3731,car,4.5,road_loopA_r0,road_loopA_r1,5476.4,5573.5,97.1,1297.7,48.1,0
3740,suv,4.8,road_loopA_r0,road_loopA_r1,5485.2,5574.8,89.6,1297.4,52.1,0
3711,car,4.5,road_loopA_r0,road_loopA_r1,5455.8,5577.2,121.4,1298.1,38.5,0
3742,truck,8.5,road_loopA_r0,road_loopA_r1,5489.0,5578.1,89.1,1298.7,52.5,0
3745,car,4.5,road_loopA_r0,road_loopA_r1,5489.8,5581.0,91.2,1297.4,51.2,0
3707,car,4.5,road_loopA_f0,road_loopA_f1,5449.9,5582.0,132.1,1303.9,35.5,1
3722,bus,11.0,road_loopA_r0,road_loopA_r1,5467.5,5583.5,116.0,1297.4,40.3,0
3714,car,4.5,road_loopA_f0,road_loopA_f1,5460.2,5585.7,125.5,1303.4,37.4,1
3650,car,4.5,road_loopA_r0,xloopA_0Bb,5395.5,5587.7,192.2,895.6,16.8,2
3739,suv,4.8,road_loopA_f0,xloopA_0Ab,5483.4,5588.3,104.9,504.9,17.3,1
3713,car,4.5,road_loopA_f0,road_loopA_f1,5459.8,5588.5,128.7,1303.9,36.5,1
3751,car,4.5,road_loopA_r0,road_loopA_r1,5499.6,5588.5,88.9,1297.3,52.5,0
3684,car,4.5,road_loopA_r0,xloopA_0Bb,5423.5,5590.3,166.8,895.6,19.3,1
3748,car,4.5,road_loopA_f0,xloopA_0Ab,5493.9,5590.9,97.0,504.9,18.7,1
3712,car,4.5,road_loopA_f0,road_loopA_f1,5459.8,5591.1,131.3,1304.0,35.7,1
3752,car,4.5,road_loopA_r0,road_loopA_r1,5499.8,5591.2,91.4,1297.3,51.1,0
3683,car,4.5,road_loopA_r0,xloopA_0Bb,5422.6,5592.9,170.3,895.4,18.9,1
3747,car,4.5,road_loopA_f0,xloopA_0Ab,5492.2,5593.6,101.4,505.2,17.9,1
3750,suv,4.8,road_loopA_r0,road_loopA_r1,5499.2,5593.6,94.4,1298.1,49.5,0
3737,car,4.5,road_loopA_r0,xloopA_0Bb,5481.8,5595.6,113.8,895.5,28.3,1
3724,truck,8.5,road_loopA_f0,road_loopA_f1,5470.7,5595.8,125.1,1302.9,37.5,1
3755,suv,4.8,road_loopA_f0,xloopA_0Ab,5503.0,5596.3,93.3,505.4,19.5,1
3736,car,4.5,road_loopA_f0,road_loopA_f1,5481.8,5596.9,115.1,1303.0,40.8,1
3762,suv,4.8,road_loopA_r0,road_loopA_r1,5508.2,5597.1,88.9,1297.3,52.5,0
3700,car,4.5,road_loopA_f0,road_loopA_f1,5442.4,5598.3,155.9,1303.6,30.1,1
3746,car,4.5,road_loopA_f0,road_loopA_f1,5491.2,5598.8,107.6,1303.8,43.6,1
3749,car,4.5,road_loopA_r0,road_loopA_r1,5496.6,5599.1,102.5,1298.0,45.6,0
3805,suv,4.8,road_loopA_f0,xloopA_0Ab,5539.7,5599.1,59.4,505.7,30.6,0
3763,car,4.5,road_loopA_r0,road_loopA_r1,5508.8,5599.9,91.1,1298.4,51.3,0
3718,truck,8.5,road_loopA_f0,road_loopA_f1,5464.9,5600.7,135.8,1303.3,34.6,1
3741,car,4.5,road_loopA_f0,road_loopA_f1,5485.9,5601.4,115.5,1303.1,40.6,1
3696,bus,11.0,road_loopA_r0,road_loopA_r1,5438.4,5602.3,163.9,1297.3,28.5,2
3728,car,4.5,road_loopA_f0,road_loopA_f1,5474.5,5602.8,128.3,1302.8,36.5,1
3744,car,4.5,road_loopA_f0,road_loopA_f1,5489.8,5604.3,114.5,1303.2,41.0,0
3766,truck,8.5,road_loopA_r0,road_loopA_r1,5511.8,5604.4,92.6,1298.5,50.5,0
3733,car,4.5,road_loopA_f0,road_loopA_f1,5477.3,5604.6,127.3,1303.3,36.9,1
3564,car,4.5,xloopA_0Aa,xloopA_0Ab,5324.0,5605.2,281.2,84.6,1.1,1
3717,car,4.5,xloopA_0Ba,xloopA_0Bb,5463.5,5605.2,141.7,84.4,2.1,1
3531,car,4.5,xloopA_0Aa,road_loopA_f1,5282.1,5606.4,324.3,872.7,9.7,1
3734,car,4.5,road_loopA_f0,road_loopA_f1,5478.1,5607.2,129.1,1303.9,36.4,1
3720,car,4.5,xloopA_0Ba,xloopA_0Bb,5466.5,5607.4,140.9,84.3,2.2,1
3743,car,4.5,road_loopA_f0,road_loopA_f1,5489.3,5608.3,119.0,1303.1,39.4,0
3719,truck,8.5,road_loopA_f0,road_loopA_f1,5466.0,5608.5,142.5,1303.2,32.9,1
3761,car,4.5,road_loopA_f0,road_loopA_f1,5508.2,5610.0,101.8,1303.9,46.1,0
3730,car,4.5,xloopA_0Ba,xloopA_0Bb,5475.9,5610.1,134.2,84.5,2.3,0
3738,car,4.5,road_loopA_f0,road_loopA_f1,5482.2,5610.7,128.5,1303.4,36.5,1
3735,suv,4.8,road_loopA_f0,road_loopA_f1,5481.4,5610.9,129.5,1303.8,36.2,1
3775,car,4.5,road_loopA_f0,road_loopA_f1,5519.1,5612.2,93.1,1303.9,50.4,0
3754,truck,8.5,road_loopA_f0,road_loopA_f1,5501.9,5613.0,111.1,1303.8,42.2,0
3723,truck,8.5,road_loopA_f0,road_loopA_f1,5469.9,5613.3,143.4,1303.1,32.7,1
3769,car,4.5,road_loopA_f0,road_loopA_f1,5513.3,5614.9,101.6,1302.9,46.2,0
3781,car,4.5,road_loopA_f0,road_loopA_f1,5523.5,5615.3,91.8,1303.7,51.1,0
3756,car,4.5,road_loopA_f0,road_loopA_f1,5503.1,5616.4,113.3,1302.8,41.4,0
3784,car,4.5,road_loopA_f0,road_loopA_f1,5526.9,5617.5,90.6,1303.4,51.8,0
3767,car,4.5,road_loopA_f0,road_loopA_f1,5512.3,5619.7,107.4,1304.1,43.7,0
3770,car,4.5,road_loopA_f0,road_loopA_f1,5514.1,5620.1,106.0,1303.1,44.3,0
3753,truck,8.5,road_loopA_f0,road_loopA_f1,5501.0,5620.3,119.3,1303.8,39.4,0
3790,car,4.5,road_loopA_f0,road_loopA_f1,5528.8,5620.9,92.1,1303.1,50.9,0
3758,car,4.5,road_loopA_r0,xloopA_0Ab,5504.4,5621.6,117.2,869.1,26.7,2
3757,suv,4.8,road_loopA_f0,road_loopA_f1,5504.5,5624.3,119.8,1303.5,39.2,0
3797,car,4.5,road_loopA_f0,road_loopA_f1,5534.7,5626.7,92.0,1302.8,51.0,0
3759,car,4.5,road_loopA_f0,road_loopA_f1,5506.8,5627.3,120.5,1303.5,39.0,0
3856,car,4.5,road_loopA_f0,xloopA_0Bb,5589.7,5631.3,41.6,478.8,41.4,0
3803,suv,4.8,road_loopA_f0,road_loopA_f1,5538.5,5633.3,94.8,1303.0,49.5,0
3863,car,4.5,road_loopA_f0,xloopA_0Bb,5594.2,5634.4,40.2,478.7,42.9,0
3799,car,4.5,road_loopA_f0,road_loopA_f1,5535.1,5639.5,104.4,1303.5,44.9,0
3654,car,4.5,xloopA_0Ba,road_loopA_f1,5397.4,5644.2,246.8,902.8,13.2,0
3772,suv,4.8,road_loopA_r0,road_loopA_r1,5516.2,5647.6,131.4,1298.3,35.6,1
3792,suv,4.8,road_loopA_f0,road_loopA_f1,5530.0,5655.3,125.3,1302.9,37.4,0
3765,truck,8.5,road_loopA_r0,road_loopA_r1,5511.7,5656.7,145.0,1297.4,32.2,1
3764,car,4.5,road_loopA_r0,road_loopA_r1,5509.5,5656.8,147.3,1297.9,31.7,1
3686,car,4.5,xloopA_0Ba,road_loopA_r1,5426.2,5658.0,231.8,476.9,7.4,1
3777,car,4.5,road_loopA_r0,road_loopA_r1,5519.5,5659.8,140.3,1297.5,33.3,1
3768,car,4.5,road_loopA_r0,road_loopA_r1,5512.6,5660.3,147.7,1297.6,31.6,1
3788,car,4.5,road_loopA_r0,road_loopA_r1,5527.5,5661.6,134.1,1298.6,34.9,1
3888,car,4.5,road_loopA_f0,xloopA_0Bb,5622.1,5662.1,40.0,478.7,43.1,0
3795,car,4.5,road_loopA_r0,road_loopA_r1,5533.5,5662.4,128.9,1297.8,36.3,1
3760,car,4.5,xloopA_0Ba,road_loopA_r1,5506.9,5663.7,156.8,476.8,11.0,0
3778,car,4.5,road_loopA_r0,road_loopA_r1,5521.3,5663.8,142.5,1298.2,32.8,1
3804,suv,4.8,road_loopA_r0,road_loopA_r1,5539.5,5663.9,124.4,1298.1,37.6,1
3725,bus,11.0,road_loopA_f0,road_loopA_f1,5472.3,5665.0,192.7,1303.1,24.3,3
3812,suv,4.8,road_loopA_r0,road_loopA_r1,5543.6,5665.7,122.1,1297.5,38.3,1
3780,suv,4.8,road_loopA_r0,road_loopA_r1,5522.7,5666.3,143.6,1297.3,32.5,1
3816,car,4.5,road_loopA_r0,road_loopA_r1,5548.9,5667.9,119.0,1298.5,39.3,1
3783,car,4.5,road_loopA_r0,road_loopA_r1,5526.3,5668.1,141.8,1297.8,33.0,1
3614,car,4.5,xloopA_0Aa,road_loopA_r1,5365.5,5669.9,304.4,507.3,6.0,1
3789,car,4.5,road_loopA_r0,road_loopA_r1,5528.6,5669.9,141.3,1298.2,33.1,1
3801,suv,4.8,road_loopA_r0,road_loopA_r1,5537.9,5671.0,133.1,1297.5,35.1,1
3779,car,4.5,road_loopA_r0,road_loopA_r1,5521.3,5671.5,150.2,1297.3,31.1,1
3819,suv,4.8,road_loopA_r0,road_loopA_r1,5552.1,5672.0,119.9,1298.4,39.0,0
3787,truck,8.5,road_loopA_r0,road_loopA_r1,5527.1,5672.2,145.1,1297.6,32.2,1
3786,car,4.5,road_loopA_r0,road_loopA_r1,5527.1,5673.2,146.1,1297.5,32.0,1
3800,car,4.5,road_loopA_r0,road_loopA_r1,5537.8,5674.2,136.4,1297.3,34.2,1
3828,car,4.5,road_loopA_r0,road_loopA_r1,5556.8,5674.8,118.0,1297.6,39.6,0
3793,car,4.5,road_loopA_r0,road_loopA_r1,5530.8,5675.9,145.1,1297.7,32.2,1
3796,truck,8.5,road_loopA_r0,road_loopA_r1,5534.6,5676.7,142.1,1298.3,32.9,1
3802,car,4.5,road_loopA_f0,road_loopA_f1,5538.1,5676.7,138.6,1304.1,33.9,1
3831,car,4.5,road_loopA_r0,road_loopA_r1,5563.4,5677.0,113.6,1298.1,41.1,0
3813,suv,4.8,road_loopA_r0,road_loopA_r1,5544.1,5677.8,133.7,1297.7,34.9,1
3820,car,4.5,road_loopA_r0,road_loopA_r1,5553.3,5678.7,125.4,1298.4,37.3,0
3825,car,4.5,road_loopA_r0,road_loopA_r1,5554.9,5679.2,124.3,1298.2,37.6,0
3823,car,4.5,road_loopA_r0,road_loopA_r1,5553.7,5679.7,126.0,1298.4,37.1,0
3834,car,4.5,road_loopA_r0,road_loopA_r1,5567.4,5680.9,113.5,1297.5,41.2,0
3773,car,4.5,road_loopA_r0,xloopA_0Bb,5518.3,5681.2,162.9,895.4,19.8,1
3808,car,4.5,road_loopA_f0,road_loopA_f1,5542.6,5681.3,138.7,1304.0,33.9,1
3833,suv,4.8,road_loopA_f0,xloopA_0Ab,5566.8,5681.9,115.1,505.4,15.8,2
3830,truck,8.5,road_loopA_r0,road_loopA_r1,5561.8,5682.2,120.4,1298.2,38.8,0
3843,suv,4.8,road_loopA_r0,road_loopA_r1,5576.3,5683.3,107.0,1298.6,43.7,0
3877,car,4.5,road_loopA_f0,xloopA_0Ab,5612.4,5684.5,72.1,505.2,25.2,1
3836,car,4.5,road_loopA_r0,road_loopA_r1,5568.0,5684.8,116.8,1298.5,40.0,0
3842,car,4.5,road_loopA_r0,road_loopA_r1,5576.4,5685.2,108.8,1297.4,42.9,0
3815,car,4.5,road_loopA_r0,road_loopA_r1,5547.5,5685.7,138.2,1297.5,33.8,0
3889,car,4.5,road_loopA_f0,xloopA_0Ab,5623.1,5687.2,64.1,505.4,28.4,1
3837,car,4.5,road_loopA_r0,road_loopA_r1,5569.8,5687.7,117.9,1298.1,39.7,0
3818,car,4.5,road_loopA_f0,road_loopA_f1,5552.0,5687.8,135.8,1303.6,34.6,1
3839,suv,4.8,road_loopA_r0,road_loopA_r1,5572.4,5687.9,115.5,1297.7,40.5,0
3838,car,4.5,road_loopA_f0,road_loopA_f1,5571.8,5688.5,116.7,1303.9,40.2,1
3851,car,4.5,road_loopA_r0,road_loopA_r1,5582.5,5688.7,106.2,1297.2,44.0,0
3840,suv,4.8,road_loopA_r0,road_loopA_r1,5574.6,5689.5,114.9,1297.5,40.6,0
3827,suv,4.8,road_loopA_f0,road_loopA_f1,5556.2,5689.6,133.4,1303.5,35.2,1
3850,suv,4.8,road_loopA_r0,road_loopA_r1,5581.7,5689.6,107.9,1297.4,43.3,0
3806,car,4.5,road_loopA_f0,road_loopA_f1,5541.2,5691.3,150.1,1303.3,31.3,1
3846,car,4.5,road_loopA_r0,road_loopA_r1,5578.8,5691.3,112.5,1297.9,41.5,0
3848,car,4.5,road_loopA_f0,road_loopA_f1,5581.1,5691.4,110.3,1304.0,42.6,1
3853,suv,4.8,road_loopA_r0,road_loopA_r1,5585.2,5691.4,106.2,1297.7,44.0,0
3855,car,4.5,road_loopA_r0,road_loopA_r1,5588.6,5691.5,102.9,1297.8,45.4,0
3867,car,4.5,road_loopA_r0,road_loopA_r1,5597.2,5692.6,95.4,1297.5,48.9,0
3859,car,4.5,road_loopA_r0,road_loopA_r1,5591.2,5693.2,102.0,1297.7,45.8,0
3865,suv,4.8,road_loopA_r0,road_loopA_r1,5595.7,5693.3,97.6,1298.2,47.9,0
3785,car,4.5,road_loopA_r0,road_loopA_r1,5527.0,5695.2,168.2,1298.2,27.8,1
3798,car,4.5,road_loopA_f0,road_loopA_f1,5535.0,5695.4,160.4,1303.9,29.3,1
3861,suv,4.8,road_loopA_r0,road_loopA_r1,5593.2,5695.6,102.4,1297.9,45.6,0
3771,car,4.5,xloopA_0Ba,xloopA_0Bb,5515.2,5696.0,180.8,84.6,1.7,1
3844,car,4.5,road_loopA_f0,road_loopA_f1,5576.4,5696.2,119.8,1303.7,39.2,1
3858,car,4.5,road_loopA_f0,road_loopA_f1,5590.3,5696.6,106.3,1303.7,44.1,0
3832,suv,4.8,road_loopA_r0,road_loopA_r1,5566.2,5697.1,130.9,1298.6,35.7,1
3826,truck,8.5,road_loopA_f0,road_loopA_f1,5555.6,5697.6,142.0,1303.1,33.0,1
3873,car,4.5,road_loopA_r0,road_loopA_r1,5606.1,5697.9,91.8,1298.4,50.9,0
3774,car,4.5,xloopA_0Ba,xloopA_0Bb,5519.1,5698.5,179.4,84.1,1.7,1
3849,car,4.5,road_loopA_f0,road_loopA_f1,5581.6,5698.9,117.3,1303.4,40.0,0
3653,car,4.5,xloopA_0Aa,xloopA_0Ab,5397.5,5699.0,301.5,84.6,1.0,1
3869,suv,4.8,road_loopA_f0,road_loopA_f1,5600.5,5700.7,100.2,1303.6,46.8,0
3814,car,4.5,xloopA_0Ba,xloopA_0Bb,5545.6,5700.8,155.2,84.2,2.0,1
3835,truck,8.5,road_loopA_f0,road_loopA_f1,5567.8,5701.8,134.0,1303.7,35.0,1
3872,suv,4.8,road_loopA_r0,road_loopA_r1,5604.2,5701.9,97.7,1298.2,47.8,0
3822,car,4.5,road_loopA_f0,road_loopA_f1,5553.7,5702.2,148.5,1303.6,31.6,1
3954,car,4.5,xloopA_0Ba,xloopA_0Bb,5675.9,5703.7,27.8,84.3,10.9,0
3821,car,4.5,road_loopA_f0,road_loopA_f1,5553.6,5703.9,150.3,1303.0,31.2,1
3878,car,4.5,road_loopA_f0,road_loopA_f1,5612.4,5704.1,91.7,1304.1,51.2,0
3791,car,4.5,xloopA_0Aa,xloopA_0Ab,5529.8,5705.8,176.0,84.5,1.7,0
3870,car,4.5,road_loopA_f0,road_loopA_f1,5601.6,5706.8,105.2,1303.1,44.6,0
3794,car,4.5,xloopA_0Aa,xloopA_0Ab,5530.8,5707.9,177.1,84.3,1.7,0
3854,truck,8.5,road_loopA_f0,road_loopA_f1,5588.5,5708.7,120.2,1302.9,39.0,0
3857,car,4.5,road_loopA_f0,road_loopA_f1,5589.8,5710.3,120.5,1303.2,38.9,0
7,tram,34.0,loopA,loopA,1495.1,5711.7,4216.6,33702.4,28.8,40
3824,car,4.5,road_loopA_f0,road_loopA_f1,5554.3,5712.5,158.2,1302.9,29.7,1
3617,car,4.5,xloopA_0Aa,road_loopA_f1,5370.3,5712.5,342.2,872.3,9.2,0
3860,car,4.5,road_loopA_f0,road_loopA_f1,5592.0,5713.2,121.2,1302.8,38.7,0
3876,car,4.5,road_loopA_f0,road_loopA_f1,5611.6,5714.5,102.9,1304.0,45.6,0
3881,car,4.5,road_loopA_f0,road_loopA_f1,5617.0,5716.1,99.1,1303.5,47.3,0
3882,car,4.5,road_loopA_f0,road_loopA_f1,5617.8,5716.2,98.4,1304.2,47.7,0
3864,car,4.5,road_loopA_f0,road_loopA_f1,5595.7,5716.3,120.6,1303.4,38.9,0
3809,bus,11.0,road_loopA_r0,road_loopA_r1,5543.1,5717.6,174.5,1298.1,26.8,2
3883,suv,4.8,road_loopA_f0,road_loopA_f1,5618.3,5719.3,101.0,1302.9,46.4,0
3886,car,4.5,road_loopA_f0,road_loopA_f1,5620.2,5723.0,102.8,1304.0,45.7,0
3938,car,4.5,road_loopA_f0,xloopA_0Bb,5665.6,5723.6,58.0,478.9,29.7,0
3887,car,4.5,road_loopA_f0,road_loopA_f1,5621.5,5724.7,103.2,1302.9,45.5,0
3891,suv,4.8,road_loopA_f0,road_loopA_f1,5623.7,5725.4,101.7,1303.9,46.2,0
3893,car,4.5,road_loopA_f0,road_loopA_f1,5624.1,5727.4,103.3,1303.5,45.4,0
3807,car,4.5,road_loopA_f0,road_loopA_f1,5541.8,5727.5,185.7,1304.0,25.3,1
3810,car,4.5,road_loopA_f0,road_loopA_f1,5543.3,5729.4,186.1,1303.5,25.2,1
3841,car,4.5,road_loopA_f0,road_loopA_f1,5574.8,5731.0,156.2,1303.0,30.0,1
3892,suv,4.8,road_loopA_f0,road_loopA_f1,5623.8,5731.5,107.7,1302.8,43.6,0
3852,truck,8.5,road_loopA_f0,road_loopA_f1,5583.4,5734.4,151.0,1303.0,31.1,0
3898,truck,8.5,road_loopA_f0,road_loopA_f1,5631.0,5735.3,104.3,1302.8,45.0,0
3605,car,4.5,xloopA_0Aa,road_loopA_f1,5359.3,5736.2,376.9,872.4,8.3,1
3885,suv,4.8,road_loopA_f0,road_loopA_f1,5619.8,5737.8,118.0,1303.7,39.8,0
3847,car,4.5,road_loopA_f0,road_loopA_f1,5580.8,5737.9,157.1,1303.1,29.9,1
3829,suv,4.8,road_loopA_r0,road_loopA_r1,5558.0,5739.6,181.6,1298.3,25.7,2
3874,car,4.5,road_loopA_r0,road_loopA_r1,5606.8,5739.6,132.8,1297.9,35.2,1
3890,suv,4.8,road_loopA_f0,road_loopA_f1,5623.2,5740.1,116.9,1303.5,40.1,0
3884,car,4.5,road_loopA_r0,road_loopA_r1,5619.0,5742.8,123.8,1297.4,37.7,1
3875,car,4.5,road_loopA_r0,road_loopA_r1,5607.0,5743.8,136.8,1298.1,34.2,1
3880,car,4.5,road_loopA_r0,road_loopA_r1,5615.1,5745.6,130.5,1298.2,35.8,1
3897,suv,4.8,road_loopA_r0,road_loopA_r1,5630.6,5745.9,115.3,1297.5,40.5,1
3894,suv,4.8,road_loopA_r0,road_loopA_r1,5625.1,5747.4,122.3,1298.1,38.2,1
3895,car,4.5,road_loopA_r0,road_loopA_r1,5625.4,5748.6,123.2,1297.4,37.9,1
3896,suv,4.8,road_loopA_r0,road_loopA_r1,5628.5,5749.2,120.7,1298.5,38.7,1
3868,car,4.5,road_loopA_r0,road_loopA_r1,5598.0,5749.4,151.4,1298.0,30.9,1
3919,car,4.5,road_loopA_r0,road_loopA_r1,5649.5,5749.8,100.3,1297.9,46.6,0
3907,car,4.5,road_loopA_r0,road_loopA_r1,5639.7,5750.9,111.2,1297.4,42.0,1
3909,car,4.5,road_loopA_r0,road_loopA_r1,5643.6,5751.6,108.0,1298.1,43.3,0
3917,car,4.5,road_loopA_r0,road_loopA_r1,5649.4,5752.7,103.3,1297.7,45.2,0
3929,car,4.5,road_loopA_r0,road_loopA_r1,5658.0,5753.0,95.0,1298.2,49.2,0
3918,car,4.5,road_loopA_r0,road_loopA_r1,5649.5,5753.3,103.8,1298.1,45.0,0
3915,car,4.5,road_loopA_r0,road_loopA_r1,5648.3,5756.7,108.4,1298.2,43.1,0
3941,suv,4.8,road_loopA_r0,road_loopA_r1,5667.1,5757.7,90.6,1298.2,51.6,0
3782,car,4.5,road_loopA_r0,road_loopA_r1,5524.0,5758.1,234.1,1297.4,20.0,2
3927,truck,8.5,road_loopA_r0,road_loopA_r1,5657.1,5758.8,101.7,1298.4,46.0,0
3943,car,4.5,road_loopA_r0,road_loopA_r1,5668.5,5760.1,91.6,1297.9,51.0,0
3931,car,4.5,road_loopA_r0,road_loopA_r1,5661.6,5760.8,99.2,1298.2,47.1,0
3948,car,4.5,road_loopA_r0,road_loopA_r1,5671.9,5763.1,91.2,1297.9,51.2,0
3934,car,4.5,road_loopA_r0,road_loopA_r1,5662.9,5766.0,103.1,1298.1,45.3,0
3903,suv,4.8,road_loopA_f0,road_loopA_f1,5634.7,5768.6,133.9,1303.5,35.0,1
3956,car,4.5,road_loopA_r0,road_loopA_r1,5680.1,5772.2,92.1,1298.2,50.7,0
3811,car,4.5,road_loopA_r0,xloopA_0Bb,5543.3,5774.8,231.5,895.6,13.9,4
3959,car,4.5,road_loopA_r0,road_loopA_r1,5681.9,5775.7,93.8,1297.9,49.8,0
3916,truck,8.5,road_loopA_f0,xloopA_0Ab,5649.4,5776.5,127.1,504.9,14.3,1
3879,suv,4.8,road_loopA_r0,xloopA_0Bb,5613.1,5777.4,164.3,895.6,19.6,2
3947,car,4.5,road_loopA_r0,road_loopA_r1,5671.7,5778.0,106.3,1298.3,44.0,0
3961,car,4.5,road_loopA_r0,road_loopA_r1,5684.4,5778.1,93.7,1298.2,49.9,0
3908,car,4.5,road_loopA_f0,road_loopA_f1,5642.2,5779.6,137.4,1303.1,34.2,1
3939,suv,4.8,road_loopA_f0,xloopA_0Ab,5666.2,5779.6,113.4,505.7,16.1,1
3914,car,4.5,road_loopA_r0,xloopA_0Bb,5646.3,5780.1,133.8,895.5,24.1,2
3845,bus,11.0,road_loopA_r0,road_loopA_r1,5577.4,5780.9,203.5,1297.3,23.0,3
3900,suv,4.8,road_loopA_f0,road_loopA_f1,5633.9,5781.7,147.8,1303.8,31.8,1
3905,car,4.5,road_loopA_f0,road_loopA_f1,5637.4,5781.9,144.5,1303.6,32.5,1
3952,car,4.5,road_loopA_f0,xloopA_0Ab,5674.6,5782.2,107.6,505.1,16.9,1
3967,car,4.5,road_loopA_r0,road_loopA_r1,5687.5,5782.2,94.7,1297.6,49.3,0
3940,car,4.5,road_loopA_r0,xloopA_0Bb,5666.7,5782.8,116.1,895.8,27.8,1
3963,truck,8.5,road_loopA_r0,road_loopA_r1,5684.7,5783.0,98.3,1298.2,47.5,0
3920,car,4.5,road_loopA_f0,road_loopA_f1,5650.1,5783.4,133.3,1303.7,35.2,1
3911,car,4.5,road_loopA_f0,road_loopA_f1,5644.4,5784.5,140.1,1302.8,33.5,1
3971,suv,4.8,road_loopA_r0,road_loopA_r1,5691.5,5784.7,93.2,1298.3,50.2,0
3957,car,4.5,road_loopA_f0,xloopA_0Ab,5681.6,5784.9,103.3,505.4,17.6,1
3928,car,4.5,road_loopA_f0,road_loopA_f1,5657.5,5786.2,128.7,1303.7,36.5,1
3937,car,4.5,road_loopA_f0,road_loopA_f1,5665.0,5787.8,122.8,1303.4,38.2,1
3974,car,4.5,road_loopA_r0,road_loopA_r1,5694.6,5788.8,94.2,1297.8,49.6,0
3935,truck,8.5,road_loopA_r0,road_loopA_r1,5663.6,5789.3,125.7,1297.6,37.2,0
3925,car,4.5,road_loopA_f0,road_loopA_f1,5656.3,5789.5,133.2,1303.0,35.2,1
3817,car,4.5,xloopA_0Aa,xloopA_0Ab,5550.2,5789.7,239.5,84.2,1.3,1
3953,truck,8.5,road_loopA_r0,road_loopA_r1,5675.8,5791.7,115.9,1297.5,40.3,0
3899,car,4.5,road_loopA_f0,road_loopA_f1,5631.8,5792.9,161.1,1303.5,29.1,1
3862,car,4.5,xloopA_0Aa,xloopA_0Ab,5593.5,5793.4,199.9,84.3,1.5,1
3962,car,4.5,road_loopA_r0,road_loopA_r1,5684.7,5793.9,109.2,1297.4,42.8,0
3871,car,4.5,xloopA_0Aa,xloopA_0Ab,5602.5,5795.4,192.9,84.4,1.6,1
3924,truck,8.5,road_loopA_f0,road_loopA_f1,5655.8,5795.7,139.9,1303.9,33.6,1
3942,car,4.5,road_loopA_f0,road_loopA_f1,5668.5,5797.6,129.1,1302.8,36.3,1
3912,car,4.5,xloopA_0Aa,xloopA_0Ab,5644.8,5797.7,152.9,84.4,2.0,0
3902,suv,4.8,road_loopA_f0,road_loopA_f1,5634.1,5798.7,164.6,1303.0,28.5,1
3945,car,4.5,road_loopA_f0,road_loopA_f1,5670.3,5799.4,129.1,1303.0,36.3,1
3946,car,4.5,xloopA_0Aa,xloopA_0Ab,5670.7,5799.7,129.0,84.4,2.4,0
3672,car,4.5,xloopA_0Aa,road_loopA_f1,5411.4,5800.2,388.8,872.2,8.1,1
3922,truck,8.5,road_loopA_f0,road_loopA_f1,5650.6,5800.9,150.3,1303.5,31.2,1
3979,car,4.5,road_loopA_f0,road_loopA_f1,5699.4,5801.2,101.8,1302.8,46.1,0
3923,car,4.5,road_loopA_f0,road_loopA_f1,5654.5,5801.8,147.3,1302.9,31.9,1
3958,car,4.5,road_loopA_f0,road_loopA_f1,5681.8,5803.0,121.2,1303.1,38.7,0
3926,car,4.5,road_loopA_f0,road_loopA_f1,5656.6,5803.5,146.9,1303.9,31.9,1
3932,truck,8.5,road_loopA_f0,road_loopA_f1,5662.6,5804.5,141.9,1303.0,33.1,1
3964,suv,4.8,road_loopA_f0,road_loopA_f1,5684.9,5804.9,120.0,1304.1,39.1,0
3936,suv,4.8,road_loopA_f0,road_loopA_f1,5664.2,5805.9,141.7,1303.0,33.1,1
3973,car,4.5,road_loopA_f0,road_loopA_f1,5694.0,5806.7,112.7,1304.1,41.7,0
3951,car,4.5,road_loopA_f0,road_loopA_f1,5674.4,5808.1,133.7,1303.1,35.1,1
3978,car,4.5,road_loopA_f0,road_loopA_f1,5698.0,5808.6,110.6,1303.9,42.4,0
3969,suv,4.8,road_loopA_f0,road_loopA_f1,5689.9,5809.8,119.9,1303.0,39.1,0
3987,suv,4.8,road_loopA_r0,xloopA_0Ab,5704.9,5810.6,105.7,869.2,29.6,1
3634,car,4.5,xloopA_0Aa,road_loopA_f1,5382.1,5811.4,429.3,872.0,7.3,1
3965,truck,8.5,road_loopA_f0,road_loopA_f1,5685.4,5811.5,126.1,1303.6,37.2,1
3970,car,4.5,road_loopA_f0,road_loopA_f1,5691.1,5811.6,120.5,1303.3,38.9,0
3901,car,4.5,road_loopA_f0,road_loopA_f1,5634.0,5813.1,179.1,1302.8,26.2,1
3933,car,4.5,road_loopA_f0,road_loopA_f1,5662.8,5813.5,150.7,1302.8,31.1,1
3991,suv,4.8,road_loopA_f0,road_loopA_f1,5707.4,5813.6,106.2,1303.1,44.2,0
3904,truck,8.5,road_loopA_f0,road_loopA_f1,5634.9,5815.3,180.4,1302.8,26.0,1
3977,car,4.5,road_loopA_f0,road_loopA_f1,5698.0,5816.0,118.0,1303.6,39.8,0
3910,suv,4.8,road_loopA_f0,road_loopA_f1,5643.9,5817.3,173.4,1303.0,27.0,1
3981,suv,4.8,road_loopA_f0,road_loopA_f1,5699.9,5817.8,117.9,1302.9,39.8,0
3984,car,4.5,road_loopA_f0,road_loopA_f1,5701.5,5818.3,116.8,1303.3,40.2,0
3913,suv,4.8,road_loopA_f0,road_loopA_f1,5645.4,5819.2,173.8,1303.5,27.0,1
3960,suv,4.8,road_loopA_f0,road_loopA_f1,5683.3,5819.5,136.2,1302.9,34.4,1
3992,car,4.5,road_loopA_f0,road_loopA_f1,5710.2,5820.1,109.9,1302.9,42.7,0
3921,car,4.5,road_loopA_f0,road_loopA_f1,5650.6,5820.9,170.3,1303.1,27.5,1
3996,suv,4.8,road_loopA_f0,road_loopA_f1,5718.4,5821.5,103.1,1303.4,45.5,0
3995,suv,4.8,road_loopA_f0,road_loopA_f1,5715.7,5821.9,106.2,1304.1,44.2,0
3930,suv,4.8,road_loopA_f0,road_loopA_f1,5660.8,5823.2,162.4,1303.4,28.9,1
3989,car,4.5,road_loopA_f0,road_loopA_f1,5706.3,5823.6,117.3,1303.6,40.0,0
3998,car,4.5,road_loopA_f0,road_loopA_f1,5721.0,5823.8,102.8,1303.6,45.7,0
3944,car,4.5,road_loopA_f0,road_loopA_f1,5668.9,5825.0,156.1,1303.0,30.0,1
3982,car,4.5,road_loopA_f0,road_loopA_f1,5700.6,5826.5,125.9,1303.1,37.3,0
3949,car,4.5,road_loopA_f0,road_loopA_f1,5672.6,5826.8,154.2,1303.1,30.4,1
3955,car,4.5,road_loopA_f0,road_loopA_f1,5676.7,5828.6,151.9,1302.9,30.9,1
3980,suv,4.8,road_loopA_f0,road_loopA_f1,5699.5,5829.3,129.8,1304.0,36.2,0
4071,car,4.5,road_loopA_f0,xloopA_0Bb,5789.9,5829.8,39.9,478.7,43.2,0
4000,car,4.5,road_loopA_f0,road_loopA_f1,5723.5,5831.3,107.8,1303.8,43.6,0
3999,truck,8.5,road_loopA_f0,road_loopA_f1,5722.1,5831.7,109.6,1302.8,42.8,0
4016,car,4.5,road_loopA_r0,xloopA_0Ab,5736.8,5832.4,95.6,869.1,32.7,1
3983,car,4.5,road_loopA_f0,road_loopA_f1,5701.3,5832.9,131.6,1303.2,35.6,0
4002,car,4.5,road_loopA_f0,road_loopA_f1,5724.1,5834.0,109.9,1303.4,42.7,0
3985,car,4.5,road_loopA_r0,road_loopA_r1,5701.7,5836.1,134.4,1298.6,34.8,1
3906,bus,11.0,road_loopA_f0,road_loopA_f1,5638.0,5836.5,198.5,1302.9,23.6,3
3988,car,4.5,road_loopA_r0,road_loopA_r1,5705.5,5838.9,133.4,1298.6,35.0,1
3976,car,4.5,road_loopA_r0,road_loopA_r1,5697.4,5839.1,141.7,1298.4,33.0,1
3990,car,4.5,road_loopA_r0,road_loopA_r1,5706.7,5840.9,134.2,1297.5,34.8,1
3975,truck,8.5,road_loopA_r0,road_loopA_r1,5695.2,5846.3,151.1,1297.4,30.9,1
3993,truck,8.5,road_loopA_r0,road_loopA_r1,5710.5,5847.6,137.1,1297.8,34.1,1
3994,suv,4.8,road_loopA_r0,road_loopA_r1,5712.7,5848.1,135.4,1297.3,34.5,1
4009,car,4.5,road_loopA_r0,road_loopA_r1,5730.0,5848.2,118.2,1297.6,39.5,1
4004,suv,4.8,road_loopA_r0,road_loopA_r1,5725.6,5849.6,124.0,1297.4,37.7,1
4006,suv,4.8,road_loopA_r0,road_loopA_r1,5726.5,5850.0,123.5,1297.7,37.8,1
4014,car,4.5,road_loopA_r0,road_loopA_r1,5733.7,5851.5,117.8,1297.7,39.7,1
4008,truck,8.5,road_loopA_r0,road_loopA_r1,5729.8,5853.0,123.2,1297.3,37.9,0
4010,car,4.5,road_loopA_r0,road_loopA_r1,5730.5,5853.5,123.0,1298.0,38.0,1
4017,suv,4.8,road_loopA_r0,road_loopA_r1,5737.2,5854.4,117.2,1297.5,39.9,1
4019,car,4.5,road_loopA_r0,road_loopA_r1,5738.9,5855.0,116.1,1298.5,40.3,0
4012,truck,8.5,road_loopA_r0,road_loopA_r1,5732.0,5856.6,124.6,1297.6,37.5,1
4028,car,4.5,road_loopA_r0,road_loopA_r1,5743.4,5856.7,113.3,1298.0,41.2,0
4037,car,4.5,road_loopA_r0,road_loopA_r1,5747.1,5858.4,111.3,1297.7,42.0,0
4018,truck,8.5,road_loopA_r0,road_loopA_r1,5738.7,5859.5,120.8,1297.5,38.7,0
4025,suv,4.8,road_loopA_r0,road_loopA_r1,5742.5,5860.8,118.3,1298.1,39.5,0
4020,car,4.5,road_loopA_r0,road_loopA_r1,5740.5,5862.4,121.9,1297.3,38.3,0
4035,car,4.5,road_loopA_r0,road_loopA_r1,5745.5,5862.5,117.0,1298.4,39.9,0
4015,car,4.5,road_loopA_f0,road_loopA_f1,5736.6,5863.5,126.9,1303.9,37.0,1
4027,car,4.5,road_loopA_r0,road_loopA_r1,5742.8,5864.1,121.3,1298.4,38.5,0
4030,car,4.5,road_loopA_r0,road_loopA_r1,5744.1,5864.2,120.1,1297.5,38.9,0
4043,car,4.5,road_loopA_r0,road_loopA_r1,5753.6,5865.9,112.3,1298.1,41.6,0
4054,suv,4.8,road_loopA_r0,road_loopA_r1,5765.8,5866.4,100.6,1298.3,46.4,0
4056,car,4.5,road_loopA_r0,road_loopA_r1,5768.2,5866.7,98.5,1297.8,47.4,0
4003,suv,4.8,road_loopA_f0,road_loopA_f1,5724.1,5867.6,143.5,1303.8,32.7,1
4041,car,4.5,road_loopA_r0,road_loopA_r1,5751.7,5867.7,116.0,1298.2,40.3,0
3997,car,4.5,road_loopA_r0,xloopA_0Bb,5720.3,5868.2,147.9,895.3,21.8,1
4029,car,4.5,road_loopA_f0,road_loopA_f1,5743.9,5868.7,124.8,1304.1,37.6,1
3968,car,4.5,road_loopA_f0,xloopA_0Ab,5687.6,5868.8,181.2,505.3,10.0,2
4048,suv,4.8,road_loopA_r0,road_loopA_r1,5762.1,5869.3,107.2,1298.3,43.6,0
4022,truck,8.5,road_loopA_f0,road_loopA_f1,5741.2,5869.9,128.7,1304.1,36.5,1
4007,car,4.5,road_loopA_r0,xloopA_0Bb,5729.1,5870.8,141.7,895.4,22.8,1
4032,car,4.5,road_loopA_f0,road_loopA_f1,5744.8,5870.9,126.1,1303.8,37.2,1
4053,suv,4.8,road_loopA_r0,road_loopA_r1,5764.9,5871.2,106.3,1297.9,43.9,0
3986,car,4.5,road_loopA_f0,xloopA_0Ab,5703.0,5871.4,168.4,505.3,10.8,2
4038,car,4.5,road_loopA_f0,road_loopA_f1,5749.0,5872.1,123.1,1304.0,38.1,1
4067,car,4.5,road_loopA_r0,road_loopA_r1,5783.7,5872.8,89.1,1298.3,52.5,0
4023,car,4.5,road_loopA_r0,xloopA_0Bb,5741.2,5873.5,132.3,895.6,24.4,1
4024,suv,4.8,road_loopA_f0,xloopA_0Ab,5741.9,5874.1,132.2,505.6,13.8,1
4040,car,4.5,road_loopA_f0,road_loopA_f1,5751.5,5875.3,123.8,1303.9,37.9,1
4021,car,4.5,road_loopA_f0,road_loopA_f1,5740.6,5875.4,134.8,1303.1,34.8,1
4036,car,4.5,road_loopA_r0,xloopA_0Bb,5746.6,5876.2,129.6,895.8,24.9,2
4072,car,4.5,road_loopA_f0,xloopA_0Ab,5790.1,5876.8,86.7,505.4,21.0,2
4039,suv,4.8,road_loopA_f0,road_loopA_f1,5749.3,5877.1,127.8,1303.1,36.7,1
4011,car,4.5,road_loopA_f0,road_loopA_f1,5732.0,5878.3,146.3,1303.3,32.1,1
4047,car,4.5,road_loopA_f0,road_loopA_f1,5760.1,5878.8,118.7,1303.2,39.5,1
4060,car,4.5,road_loopA_r0,xloopA_0Bb,5773.9,5878.8,104.9,895.5,30.7,1
4080,car,4.5,road_loopA_f0,xloopA_0Ab,5795.3,5879.4,84.1,505.1,21.6,2
4026,suv,4.8,road_loopA_f0,road_loopA_f1,5742.5,5880.0,137.5,1303.7,34.1,1
4050,car,4.5,road_loopA_f0,road_loopA_f1,5763.3,5880.5,117.2,1303.8,40.0,1
4044,truck,8.5,road_loopA_f0,road_loopA_f1,5755.2,5881.1,125.9,1304.0,37.3,1
4076,car,4.5,road_loopA_r0,road_loopA_r1,5792.5,5881.6,89.1,1297.5,52.4,0
4031,suv,4.8,road_loopA_f0,road_loopA_f1,5744.6,5881.7,137.1,1303.1,34.2,1
3966,bus,11.0,road_loopA_r0,road_loopA_r1,5687.2,5881.8,194.6,1297.4,24.0,3
4049,car,4.5,road_loopA_f0,road_loopA_f1,5763.0,5882.5,119.5,1303.6,39.3,1
3950,car,4.5,xloopA_0Aa,xloopA_0Ab,5673.2,5883.2,210.0,84.8,1.5,1
4033,car,4.5,road_loopA_f0,road_loopA_f1,5744.8,5883.7,138.9,1303.9,33.8,1
4061,truck,8.5,road_loopA_r0,road_loopA_r1,5776.0,5884.1,108.1,1298.4,43.2,0
4078,truck,8.5,road_loopA_r0,road_loopA_r1,5793.5,5884.6,91.1,1298.7,51.3,0
4127,car,4.5,xloopA_0Ba,xloopA_0Bb,5839.5,5885.0,45.5,84.4,6.7,1
4042,suv,4.8,road_loopA_f0,road_loopA_f1,5753.4,5885.4,132.0,1303.9,35.6,1
4045,car,4.5,road_loopA_f0,road_loopA_f1,5756.3,5886.0,129.7,1303.2,36.2,1
4052,car,4.5,road_loopA_f0,road_loopA_f1,5764.3,5887.5,123.2,1303.5,38.1,1
4001,car,4.5,xloopA_0Aa,xloopA_0Ab,5724.1,5887.6,163.5,84.8,1.9,1
4051,car,4.5,road_loopA_f0,road_loopA_f1,5763.5,5887.7,124.2,1303.8,37.8,1
4149,car,4.5,xloopA_0Ba,xloopA_0Bb,5861.8,5888.8,27.0,84.5,11.3,1
4055,suv,4.8,road_loopA_f0,road_loopA_f1,5766.7,5889.4,122.7,1302.8,38.2,1
4057,car,4.5,road_loopA_f0,road_loopA_f1,5771.1,5889.5,118.4,1303.4,39.6,0
4152,car,4.5,xloopA_0Ba,xloopA_0Bb,5862.7,5890.7,28.0,84.2,10.8,0
4059,car,4.5,road_loopA_f0,road_loopA_f1,5773.3,5891.1,117.8,1303.2,39.8,1
4058,car,4.5,road_loopA_f0,road_loopA_f1,5771.2,5891.3,120.1,1303.7,39.1,1
4005,car,4.5,xloopA_0Aa,xloopA_0Ab,5726.4,5891.4,165.0,84.3,1.8,0
4065,car,4.5,road_loopA_f0,road_loopA_f1,5781.5,5893.3,111.8,1303.6,42.0,0
4079,suv,4.8,road_loopA_f0,road_loopA_f1,5795.2,5893.3,98.1,1303.6,47.9,0
4063,truck,8.5,road_loopA_f0,road_loopA_f1,5780.6,5894.6,114.0,1303.7,41.2,0
4081,car,4.5,road_loopA_f0,road_loopA_f1,5797.0,5895.1,98.1,1303.7,47.9,0
4068,truck,8.5,road_loopA_f0,road_loopA_f1,5785.3,5895.7,110.4,1303.4,42.5,0
4069,car,4.5,road_loopA_f0,road_loopA_f1,5788.7,5896.6,107.9,1303.4,43.5,0
4086,car,4.5,road_loopA_f0,road_loopA_f1,5801.9,5896.9,95.0,1303.0,49.4,0
4070,suv,4.8,road_loopA_f0,road_loopA_f1,5789.7,5897.8,108.1,1304.1,43.4,0
4073,car,4.5,road_loopA_f0,road_loopA_f1,5790.8,5898.4,107.6,1303.0,43.6,0
4087,car,4.5,road_loopA_f0,road_loopA_f1,5802.3,5898.8,96.5,1302.9,48.6,0
4074,car,4.5,road_loopA_f0,road_loopA_f1,5790.8,5899.5,108.7,1303.0,43.2,0
4098,car,4.5,road_loopA_f0,road_loopA_f1,5809.4,5901.0,91.6,1303.4,51.2,0
8,tram,34.0,loopB,loopB,1755.9,5901.9,4146.0,33672.7,29.2,40
4075,truck,8.5,road_loopA_f0,road_loopA_f1,5791.8,5902.3,110.5,1303.6,42.5,0
4090,car,4.5,road_loopA_f0,road_loopA_f1,5806.0,5902.8,96.8,1302.8,48.5,0
4034,car,4.5,road_loopA_f0,road_loopA_f1,5744.8,5903.3,158.5,1303.0,29.6,1
4093,suv,4.8,road_loopA_f0,road_loopA_f1,5806.3,5905.4,99.1,1304.0,47.4,0
4099,car,4.5,road_loopA_f0,road_loopA_f1,5809.9,5907.1,97.2,1303.9,48.3,0
4112,car,4.5,road_loopA_f0,xloopA_0Bb,5828.3,5910.2,81.9,478.9,21.1,2
4125,suv,4.8,road_loopA_f0,xloopA_0Bb,5838.3,5914.0,75.7,479.1,22.8,2
4102,car,4.5,road_loopA_f0,road_loopA_f1,5814.9,5916.9,102.0,1303.6,46.0,0
4106,car,4.5,road_loopA_f0,road_loopA_f1,5817.8,5918.0,100.2,1303.0,46.8,0
4161,suv,4.8,road_loopA_f0,xloopA_0Bb,5869.7,5918.7,49.0,479.0,35.2,0
4109,car,4.5,road_loopA_f0,road_loopA_f1,5823.1,5919.7,96.6,1303.6,48.6,0
4107,suv,4.8,road_loopA_f0,road_loopA_f1,5818.9,5921.4,102.5,1303.5,45.8,0
4082,suv,4.8,road_loopA_r0,road_loopA_r1,5797.5,5933.7,136.2,1298.1,34.3,1
4155,car,4.5,xloopA_0Ba,road_loopA_r1,5865.5,5935.5,70.0,476.9,24.5,0
4083,suv,4.8,road_loopA_r0,road_loopA_r1,5798.3,5938.9,140.6,1297.7,33.2,1
4066,car,4.5,road_loopA_r0,road_loopA_r1,5782.5,5939.8,157.3,1297.3,29.7,1
4084,suv,4.8,road_loopA_r0,road_loopA_r1,5798.7,5940.4,141.7,1297.9,33.0,1
4095,car,4.5,road_loopA_r0,road_loopA_r1,5806.8,5940.6,133.8,1297.9,34.9,1
4085,suv,4.8,road_loopA_r0,road_loopA_r1,5798.8,5942.2,143.4,1297.3,32.6,1
4101,car,4.5,road_loopA_r0,road_loopA_r1,5814.7,5942.4,127.7,1298.3,36.6,1
4097,car,4.5,road_loopA_r0,road_loopA_r1,5809.2,5944.0,134.8,1297.8,34.7,1
4104,suv,4.8,road_loopA_r0,road_loopA_r1,5815.9,5944.1,128.2,1297.7,36.4,1
4092,car,4.5,road_loopA_r0,road_loopA_r1,5806.2,5945.8,139.6,1298.4,33.5,1
4111,car,4.5,road_loopA_r0,road_loopA_r1,5826.2,5946.3,120.1,1297.6,38.9,1
4124,car,4.5,xloopA_0Ba,road_loopA_r1,5838.3,5946.9,108.6,476.3,15.8,1
4091,suv,4.8,road_loopA_r0,road_loopA_r1,5806.1,5947.8,141.7,1297.3,33.0,1
4013,car,4.5,xloopA_0Aa,road_loopA_r1,5733.0,5948.9,215.9,507.2,8.5,0
4119,suv,4.8,road_loopA_r0,road_loopA_r1,5835.6,5949.1,113.5,1297.4,41.2,1
4088,car,4.5,road_loopA_r0,road_loopA_r1,5804.6,5950.3,145.7,1297.9,32.1,1
4077,suv,4.8,road_loopA_r0,road_loopA_r1,5792.9,5950.6,157.7,1298.4,29.6,1
4100,bus,11.0,road_loopA_r0,road_loopA_r1,5814.6,5951.6,137.0,1298.3,34.1,0
4122,car,4.5,road_loopA_r0,road_loopA_r1,5836.9,5951.6,114.7,1298.0,40.7,0
4089,car,4.5,road_loopA_r0,road_loopA_r1,5804.8,5952.2,147.4,1297.6,31.7,1
4096,car,4.5,road_loopA_r0,road_loopA_r1,5809.0,5954.0,145.0,1297.4,32.2,1
4113,car,4.5,road_loopA_f0,road_loopA_f1,5831.5,5954.5,123.0,1304.0,38.2,1
4128,truck,8.5,road_loopA_r0,road_loopA_r1,5839.9,5954.9,115.0,1298.1,40.6,0
4140,car,4.5,road_loopA_r0,road_loopA_r1,5855.0,5955.2,100.2,1298.5,46.6,0
4105,car,4.5,road_loopA_r0,road_loopA_r1,5817.3,5955.9,138.6,1298.4,33.7,1
4150,car,4.5,road_loopA_r0,road_loopA_r1,5861.7,5957.2,95.5,1298.6,49.0,0
4126,suv,4.8,road_loopA_r0,road_loopA_r1,5838.6,5957.3,118.7,1297.5,39.4,0
4121,car,4.5,road_loopA_f0,road_loopA_f1,5836.7,5957.5,120.8,1303.9,38.8,1
4116,car,4.5,road_loopA_r0,road_loopA_r1,5833.6,5957.6,124.0,1298.3,37.7,1
4129,car,4.5,road_loopA_r0,road_loopA_r1,5840.0,5958.5,118.5,1298.6,39.5,0
4136,suv,4.8,road_loopA_f0,road_loopA_f1,5850.2,5959.3,109.1,1303.2,43.0,1
4110,suv,4.8,road_loopA_r0,road_loopA_r1,5825.7,5959.6,133.9,1297.7,34.9,0
4158,car,4.5,road_loopA_r0,road_loopA_r1,5866.8,5960.3,93.5,1298.4,50.0,0
4138,car,4.5,road_loopA_f0,road_loopA_f1,5851.1,5961.2,110.1,1304.1,42.7,1
4120,truck,8.5,road_loopA_r0,road_loopA_r1,5835.8,5961.8,126.0,1298.0,37.1,0
4133,car,4.5,road_loopA_f0,xloopA_0Ab,5845.9,5962.3,116.4,505.2,15.6,1
4132,truck,8.5,road_loopA_r0,road_loopA_r1,5845.7,5962.7,117.0,1297.4,39.9,0
4062,truck,8.5,road_loopA_r0,xloopA_0Bb,5779.0,5963.2,184.2,895.8,17.5,2
4159,car,4.5,road_loopA_r0,road_loopA_r1,5867.5,5963.4,95.9,1298.2,48.7,0
4130,suv,4.8,road_loopA_r0,road_loopA_r1,5840.8,5963.9,123.1,1297.5,37.9,0
4142,suv,4.8,road_loopA_f0,road_loopA_f1,5857.9,5964.8,106.9,1304.1,43.9,1
4143,car,4.5,road_loopA_f0,xloopA_0Ab,5858.4,5964.9,106.5,505.2,17.1,1
4141,car,4.5,road_loopA_r0,road_loopA_r1,5856.0,5965.2,109.2,1298.2,42.8,0
4064,car,4.5,road_loopA_r0,xloopA_0Bb,5781.2,5966.1,184.9,895.5,17.4,1
4164,car,4.5,road_loopA_r0,road_loopA_r1,5874.6,5966.2,91.6,1297.4,51.0,0
4160,suv,4.8,road_loopA_r0,road_loopA_r1,5869.5,5966.4,96.9,1297.4,48.2,0
4146,suv,4.8,road_loopA_f0,road_loopA_f1,5861.3,5966.5,105.2,1303.0,44.6,0
4151,car,4.5,road_loopA_f0,road_loopA_f1,5862.1,5967.0,104.9,1302.9,44.7,0
4172,car,4.5,road_loopA_f0,xloopA_0Ab,5880.5,5967.6,87.1,505.5,20.9,1
4118,car,4.5,road_loopA_r0,xloopA_0Bb,5834.5,5968.8,134.3,895.8,24.0,1
4114,car,4.5,road_loopA_f0,road_loopA_f1,5832.4,5970.6,138.2,1303.5,34.0,1
4214,car,4.5,road_loopA_f0,xloopA_0Ab,5919.8,5970.8,51.0,505.1,35.6,0
4145,car,4.5,road_loopA_r0,xloopA_0Bb,5858.6,5971.4,112.8,895.4,28.6,1
4216,car,4.5,road_loopA_f0,xloopA_0Ab,5922.2,5973.2,51.0,505.0,35.7,0
4115,car,4.5,road_loopA_f0,road_loopA_f1,5833.2,5973.4,140.2,1303.8,33.5,1
4156,car,4.5,road_loopA_f0,road_loopA_f1,5865.5,5973.9,108.4,1304.1,43.3,0
4176,suv,4.8,road_loopA_r0,road_loopA_r1,5884.1,5974.0,89.9,1298.6,52.0,0
4166,truck,8.5,road_loopA_r0,road_loopA_r1,5876.7,5974.5,97.8,1298.2,47.8,0
4169,suv,4.8,road_loopA_r0,road_loopA_r1,5877.4,5974.8,97.4,1297.7,48.0,0
4153,truck,8.5,road_loopA_f0,road_loopA_f1,5864.0,5975.8,111.8,1303.8,42.0,0
4117,suv,4.8,road_loopA_f0,road_loopA_f1,5834.0,5976.6,142.6,1302.9,32.9,1
4168,truck,8.5,road_loopA_r0,road_loopA_r1,5877.0,5977.0,100.0,1298.3,46.7,0
4162,suv,4.8,road_loopA_f0,road_loopA_f1,5870.6,5977.7,107.1,1303.1,43.8,0
4171,car,4.5,road_loopA_f0,road_loopA_f1,5879.5,5978.0,98.5,1303.1,47.6,0
4157,car,4.5,road_loopA_f0,road_loopA_f1,5865.9,5979.1,113.2,1303.5,41.4,1
4163,car,4.5,road_loopA_f0,road_loopA_f1,5872.0,5980.6,108.6,1303.8,43.2,0
4131,car,4.5,road_loopA_f0,road_loopA_f1,5844.0,5980.7,136.7,1303.2,34.3,1
4134,car,4.5,xloopA_0Aa,xloopA_0Ab,5849.5,5982.5,133.0,84.0,2.3,1
4144,suv,4.8,road_loopA_f0,road_loopA_f1,5858.4,5982.6,124.2,1303.5,37.8,1
4147,truck,8.5,road_loopA_f0,road_loopA_f1,5861.5,5983.2,121.7,1303.7,38.6,0
4094,bus,11.0,road_loopA_r0,road_loopA_r1,5806.5,5983.5,177.0,1298.3,26.4,2
4139,car,4.5,road_loopA_f0,road_loopA_f1,5853.3,5985.5,132.2,1302.8,35.5,1
4137,car,4.5,road_loopA_f0,road_loopA_f1,5850.5,5986.0,135.5,1303.4,34.6,1
4184,car,4.5,road_loopA_f0,road_loopA_f1,5897.8,5987.4,89.6,1303.9,52.4,0
4189,car,4.5,road_loopA_f0,road_loopA_f1,5899.5,5989.9,90.4,1304.1,51.9,0
4148,truck,8.5,road_loopA_f0,road_loopA_f1,5861.5,5991.3,129.8,1303.0,36.1,1
4135,suv,4.8,road_loopA_f0,road_loopA_f1,5849.7,5991.6,141.9,1303.7,33.1,1
4174,car,4.5,road_loopA_f0,road_loopA_f1,5883.1,5994.3,111.2,1303.2,42.2,0
4154,car,4.5,road_loopA_f0,road_loopA_f1,5864.1,5999.2,135.1,1303.1,34.7,0
4123,car,4.5,road_loopA_f0,road_loopA_f1,5837.5,5999.9,162.4,1303.2,28.9,1
4167,car,4.5,road_loopA_f0,road_loopA_f1,5876.9,6001.6,124.7,1303.5,37.6,0
4197,car,4.5,road_loopA_f0,road_loopA_f1,5909.7,6002.0,92.3,1304.0,50.8,0
4198,car,4.5,road_loopA_f0,road_loopA_f1,5911.2,6002.2,91.0,1303.3,51.6,0
4175,car,4.5,road_loopA_r0,xloopA_0Ab,5883.6,6002.7,119.1,869.2,26.3,3
4173,truck,8.5,road_loopA_f0,road_loopA_f1,5881.9,6003.5,121.6,1303.4,38.6,0
4204,car,4.5,road_loopA_f0,road_loopA_f1,5914.8,6005.5,90.7,1303.1,51.7,0
4203,car,4.5,road_loopA_f0,road_loopA_f1,5913.3,6006.5,93.2,1303.3,50.3,0
4187,truck,8.5,road_loopA_f0,road_loopA_f1,5899.4,6010.9,111.5,1302.8,42.1,0
4205,car,4.5,road_loopA_f0,road_loopA_f1,5915.3,6013.2,97.9,1302.9,47.9,0
4224,suv,4.8,road_loopA_r0,xloopA_0Ab,5929.6,6013.4,83.8,869.3,37.3,1
3972,car,4.5,xloopA_0Aa,road_loopA_f1,5692.7,6019.1,326.4,872.1,9.6,1
4181,car,4.5,road_loopA_r0,road_loopA_r1,5891.7,6019.2,127.5,1297.3,36.6,1
4218,car,4.5,road_loopA_r0,xloopA_0Ab,5924.6,6021.5,96.9,869.4,32.3,1
4186,car,4.5,road_loopA_r0,road_loopA_r1,5898.6,6023.2,124.6,1298.7,37.5,1
4192,car,4.5,road_loopA_r0,road_loopA_r1,5903.4,6026.1,122.7,1297.8,38.1,1
4190,suv,4.8,road_loopA_r0,road_loopA_r1,5901.1,6028.8,127.7,1297.8,36.6,1
4194,car,4.5,road_loopA_r0,road_loopA_r1,5908.2,6030.1,121.9,1298.4,38.4,1
4208,car,4.5,road_loopA_r0,road_loopA_r1,5917.1,6032.9,115.8,1297.4,40.3,1
4046,car,4.5,xloopA_0Aa,road_loopA_r1,5758.9,6033.8,274.9,506.6,6.6,1
4199,car,4.5,road_loopA_r0,road_loopA_r1,5912.0,6035.7,123.7,1297.9,37.8,1
4165,truck,8.5,road_loopA_r0,road_loopA_r1,5876.0,6036.0,160.0,1297.9,29.2,1
4219,car,4.5,road_loopA_r0,road_loopA_r1,5927.8,6036.5,108.7,1298.0,43.0,1
4193,car,4.5,road_loopA_r0,road_loopA_r1,5904.2,6038.0,133.8,1298.4,34.9,1
4177,car,4.5,xloopA_0Ba,road_loopA_r1,5884.5,6038.4,153.9,476.2,11.1,1
4196,car,4.5,road_loopA_r0,road_loopA_r1,5909.3,6039.7,130.4,1297.7,35.8,1
4201,car,4.5,road_loopA_r0,road_loopA_r1,5912.8,6040.1,127.3,1297.5,36.7,1
4235,car,4.5,road_loopA_r0,road_loopA_r1,5936.9,6040.7,103.8,1297.5,45.0,0
4223,car,4.5,road_loopA_r0,road_loopA_r1,5929.5,6041.6,112.1,1297.6,41.7,0
4232,car,4.5,road_loopA_r0,road_loopA_r1,5935.7,6042.5,106.8,1297.6,43.7,0
4206,car,4.5,road_loopA_r0,road_loopA_r1,5915.9,6043.5,127.6,1298.4,36.6,1
4108,car,4.5,xloopA_0Aa,road_loopA_r1,5822.7,6044.5,221.8,506.8,8.2,1
4242,car,4.5,road_loopA_r0,road_loopA_r1,5943.8,6044.7,100.9,1297.7,46.3,0
4231,car,4.5,road_loopA_r0,road_loopA_r1,5932.7,6045.5,112.8,1297.8,41.4,0
4178,car,4.5,road_loopA_r0,road_loopA_r1,5886.0,6046.2,160.2,1297.5,29.2,1
4228,car,4.5,road_loopA_r0,road_loopA_r1,5930.2,6047.8,117.6,1297.8,39.7,0
4183,car,4.5,road_loopA_r0,road_loopA_r1,5894.2,6048.0,153.8,1298.4,30.4,1
4239,car,4.5,road_loopA_r0,road_loopA_r1,5938.4,6048.9,110.5,1297.5,42.3,0
4188,car,4.5,road_loopA_r0,road_loopA_r1,5899.4,6049.7,150.3,1298.1,31.1,1
4244,car,4.5,road_loopA_r0,road_loopA_r1,5944.8,6050.7,105.9,1298.0,44.1,0
4234,car,4.5,road_loopA_r0,road_loopA_r1,5936.3,6051.3,115.0,1298.4,40.6,0
4191,car,4.5,road_loopA_r0,road_loopA_r1,5902.9,6051.4,148.5,1298.5,31.5,1
4253,car,4.5,road_loopA_r0,road_loopA_r1,5949.6,6052.5,102.9,1298.3,45.4,0
4200,suv,4.8,road_loopA_r0,road_loopA_r1,5912.7,6053.2,140.5,1298.3,33.3,1
4207,truck,8.5,road_loopA_f0,road_loopA_f1,5917.1,6054.2,137.1,1303.1,34.2,1
4248,car,4.5,road_loopA_r0,road_loopA_r1,5945.6,6054.8,109.2,1297.8,42.8,0
4182,car,4.5,road_loopA_r0,xloopA_0Bb,5893.6,6055.2,161.6,895.5,19.9,1
4213,truck,8.5,road_loopA_r0,road_loopA_r1,5919.6,6055.5,135.9,1297.5,34.4,0
4226,car,4.5,road_loopA_r0,road_loopA_r1,5930.0,6055.6,125.6,1297.3,37.2,0
4255,car,4.5,road_loopA_f0,xloopA_0Ab,5952.5,6055.8,103.3,505.2,17.6,1
4212,car,4.5,road_loopA_f0,road_loopA_f1,5918.7,6056.2,137.5,1303.0,34.1,1
4215,suv,4.8,road_loopA_f0,road_loopA_f1,5921.0,6056.2,135.2,1303.4,34.7,1
4254,car,4.5,road_loopA_r0,road_loopA_r1,5952.0,6056.5,104.5,1297.5,44.7,0
4251,car,4.5,road_loopA_r0,road_loopA_r1,5948.5,6057.3,108.8,1298.4,43.0,0
4227,car,4.5,road_loopA_r0,xloopA_0Bb,5930.2,6057.8,127.6,895.5,25.3,1
4241,truck,8.5,road_loopA_r0,road_loopA_r1,5943.6,6058.0,114.4,1298.3,40.9,0
4260,suv,4.8,road_loopA_r0,road_loopA_r1,5955.4,6058.4,103.0,1298.2,45.4,0
4309,car,4.5,road_loopA_f0,xloopA_0Ab,6006.3,6058.5,52.2,505.0,34.8,0
4267,car,4.5,road_loopA_r0,road_loopA_r1,5960.2,6058.9,98.7,1297.5,47.3,0
4247,car,4.5,road_loopA_r0,road_loopA_r1,5945.4,6060.0,114.6,1297.8,40.8,0
4261,car,4.5,road_loopA_r0,road_loopA_r1,5956.6,6060.2,103.6,1297.8,45.1,0
4221,car,4.5,road_loopA_f0,road_loopA_f1,5928.7,6060.4,131.7,1302.8,35.6,1
4271,suv,4.8,road_loopA_r0,road_loopA_r1,5961.9,6060.7,98.8,1298.4,47.3,0
4256,car,4.5,road_loopA_r0,road_loopA_r1,5952.9,6061.9,109.0,1297.9,42.9,0
4265,car,4.5,road_loopA_r0,road_loopA_r1,5958.4,6062.5,104.1,1297.8,44.9,0
4266,car,4.5,road_loopA_r0,road_loopA_r1,5958.9,6063.7,104.8,1297.7,44.6,0
4274,car,4.5,road_loopA_r0,road_loopA_r1,5966.2,6064.4,98.2,1297.8,47.6,0
4278,car,4.5,road_loopA_r0,road_loopA_r1,5970.1,6065.5,95.4,1298.2,49.0,0
4291,truck,8.5,road_loopA_r0,xloopA_0Bb,5986.6,6066.5,79.9,895.9,40.4,0
4211,suv,4.8,road_loopA_f0,road_loopA_f1,5918.6,6066.8,148.2,1303.8,31.7,1
4237,car,4.5,road_loopA_f0,road_loopA_f1,5937.5,6067.4,129.9,1303.7,36.1,1
4277,car,4.5,road_loopA_r0,road_loopA_r1,5968.6,6068.6,100.0,1297.6,46.7,0
4279,car,4.5,road_loopA_r0,road_loopA_r1,5971.3,6070.3,99.0,1297.7,47.2,0
4240,suv,4.8,road_loopA_f0,road_loopA_f1,5942.2,6070.4,128.2,1303.7,36.6,1
4283,suv,4.8,road_loopA_r0,road_loopA_r1,5979.6,6070.9,91.3,1297.7,51.1,0
4310,car,4.5,xloopA_0Ba,xloopA_0Bb,6006.3,6071.4,65.1,84.6,4.7,1
4217,truck,8.5,road_loopA_f0,road_loopA_f1,5922.7,6071.9,149.2,1302.9,31.4,1
4286,suv,4.8,road_loopA_r0,road_loopA_r1,5980.7,6072.9,92.2,1298.6,50.7,0
4258,car,4.5,road_loopA_f0,road_loopA_f1,5953.5,6073.6,120.1,1302.9,39.1,1
4339,car,4.5,xloopA_0Ba,xloopA_0Bb,6039.5,6074.0,34.5,84.1,8.8,1
4250,car,4.5,road_loopA_f0,road_loopA_f1,5946.9,6074.2,127.3,1303.9,36.9,1
4263,suv,4.8,road_loopA_r0,road_loopA_r1,5957.3,6075.3,118.0,1297.5,39.6,0
4287,car,4.5,road_loopA_r0,road_loopA_r1,5980.9,6075.4,94.5,1298.4,49.5,0
4236,car,4.5,xloopA_0Aa,xloopA_0Ab,5937.5,6076.2,138.7,84.3,2.2,1
4268,suv,4.8,road_loopA_f0,road_loopA_f1,5960.4,6076.4,116.0,1303.4,40.5,0
4280,car,4.5,road_loopA_r0,road_loopA_r1,5972.0,6076.9,104.9,1297.3,44.5,0
4275,car,4.5,road_loopA_f0,road_loopA_f1,5966.5,6077.4,110.9,1303.4,42.3,0
4276,car,4.5,road_loopA_f0,road_loopA_f1,5966.5,6079.5,113.0,1303.7,41.5,0
4284,suv,4.8,road_loopA_f0,road_loopA_f1,5980.1,6081.2,101.1,1303.2,46.4,0
4290,car,4.5,road_loopA_f0,road_loopA_f1,5985.7,6083.0,97.3,1303.5,48.2,0
4298,suv,4.8,road_loopA_f0,road_loopA_f1,5992.6,6085.3,92.7,1304.2,50.6,0
4282,car,4.5,road_loopA_f0,road_loopA_f1,5978.7,6088.1,109.4,1303.3,42.9,0
4179,car,4.5,xloopA_0Ba,road_loopA_f1,5888.3,6088.4,200.1,902.4,16.2,1
4285,car,4.5,road_loopA_r0,xloopA_0Ab,5980.6,6090.3,109.7,869.0,28.5,2
4220,car,4.5,road_loopA_f0,road_loopA_f1,5928.0,6091.0,163.0,1304.1,28.8,1
4170,car,4.5,xloopA_0Aa,road_loopA_f1,5878.8,6091.0,212.2,872.7,14.8,0
4259,car,4.5,road_loopA_f0,road_loopA_f1,5954.1,6092.2,138.1,1303.5,34.0,1
4225,suv,4.8,road_loopA_f0,road_loopA_f1,5930.0,6092.7,162.7,1303.9,28.8,1
4230,car,4.5,road_loopA_f0,road_loopA_f1,5931.4,6094.6,163.2,1303.8,28.8,1
4264,car,4.5,road_loopA_f0,road_loopA_f1,5958.0,6095.2,137.2,1303.1,34.2,0
4180,car,4.5,xloopA_0Ba,road_loopA_f1,5891.6,6095.4,203.8,902.8,15.9,1
4245,car,4.5,road_loopA_f0,road_loopA_f1,5945.3,6096.4,151.1,1303.9,31.1,1
4302,suv,4.8,road_loopA_f0,road_loopA_f1,5999.7,6096.7,97.0,1302.8,48.3,0
4257,car,4.5,xloopA_0Ba,road_loopA_f1,5953.3,6097.3,144.0,902.9,22.6,0
4222,car,4.5,road_loopA_f0,road_loopA_f1,5928.7,6098.1,169.4,1303.0,27.7,1
4289,car,4.5,road_loopA_f0,road_loopA_f1,5984.9,6098.5,113.6,1303.2,41.3,0
4210,suv,4.8,road_loopA_f0,road_loopA_f1,5918.3,6098.9,180.6,1302.8,26.0,1
4315,car,4.5,road_loopA_f0,xloopA_0Bb,6011.7,6099.9,88.2,478.7,19.5,2
4262,car,4.5,road_loopA_f0,road_loopA_f1,5957.2,6100.0,142.8,1303.1,32.8,0
4307,car,4.5,road_loopA_f0,road_loopA_f1,6005.3,6100.2,94.9,1303.2,49.4,0
4209,truck,8.5,road_loopA_f0,road_loopA_f1,5917.8,6101.2,183.4,1303.3,25.6,1
4272,car,4.5,road_loopA_f0,road_loopA_f1,5964.0,6101.8,137.8,1302.9,34.0,0
4304,car,4.5,road_loopA_f0,road_loopA_f1,6002.5,6102.1,99.6,1303.8,47.1,0
4229,car,4.5,road_loopA_f0,road_loopA_f1,5931.2,6103.2,172.0,1303.7,27.3,1
4316,car,4.5,road_loopA_f0,xloopA_0Bb,6013.3,6103.6,90.3,478.7,19.1,2
4246,car,4.5,road_loopA_f0,road_loopA_f1,5945.3,6103.7,158.4,1303.7,29.6,1
4313,car,4.5,road_loopA_f0,road_loopA_f1,6009.6,6103.8,94.2,1302.8,49.8,0
4233,truck,8.5,road_loopA_f0,road_loopA_f1,5936.0,6105.4,169.4,1303.9,27.7,1
4293,car,4.5,road_loopA_f0,road_loopA_f1,5987.7,6105.5,117.8,1303.7,39.8,0
4308,car,4.5,road_loopA_f0,road_loopA_f1,6005.8,6105.8,100.0,1303.2,46.9,0
4273,car,4.5,road_loopA_f0,road_loopA_f1,5965.1,6107.3,142.2,1303.7,33.0,0
4238,suv,4.8,road_loopA_f0,road_loopA_f1,5937.8,6107.4,169.6,1304.1,27.7,1
4311,car,4.5,road_loopA_f0,road_loopA_f1,6006.6,6108.4,101.8,1303.2,46.1,0
4342,truck,8.5,road_loopA_f0,xloopA_0Bb,6042.1,6109.0,66.9,478.8,25.8,1
4243,car,4.5,road_loopA_f0,road_loopA_f1,5944.5,6109.1,164.6,1303.3,28.5,1
4269,car,4.5,road_loopA_f0,road_loopA_f1,5960.6,6109.1,148.5,1302.8,31.6,0
4305,bus,11.0,road_loopA_f0,road_loopA_f1,6002.5,6110.4,107.9,1303.2,43.5,0
4252,suv,4.8,road_loopA_f0,road_loopA_f1,5949.3,6111.0,161.7,1304.0,29.0,1
4341,suv,4.8,road_loopA_r0,xloopA_0Ab,6040.6,6114.3,73.7,869.5,42.4,0
4292,car,4.5,road_loopA_r0,road_loopA_r1,5987.0,6116.0,129.0,1297.8,36.2,1
4249,bus,11.0,road_loopA_f0,road_loopA_f1,5946.6,6116.9,170.3,1303.8,27.6,2
4294,car,4.5,road_loopA_r0,road_loopA_r1,5990.1,6117.1,127.0,1297.5,36.8,1
4297,car,4.5,road_loopA_r0,road_loopA_r1,5991.7,6117.7,126.0,1298.7,37.1,1
4300,car,4.5,road_loopA_r0,road_loopA_r1,5994.1,6117.9,123.8,1298.6,37.8,1
4299,car,4.5,road_loopA_r0,road_loopA_r1,5992.8,6119.7,126.9,1298.5,36.8,1
4303,car,4.5,road_loopA_r0,road_loopA_r1,6000.3,6121.5,121.2,1298.3,38.6,1
4295,suv,4.8,road_loopA_r0,road_loopA_r1,5990.3,6123.2,132.9,1297.7,35.2,1
4312,car,4.5,road_loopA_r0,road_loopA_r1,6008.5,6123.3,114.8,1298.2,40.7,1
4317,car,4.5,road_loopA_r0,road_loopA_r1,6013.7,6125.1,111.4,1298.0,41.9,1
4322,car,4.5,road_loopA_r0,road_loopA_r1,6017.1,6126.9,109.8,1297.9,42.5,1
4306,car,4.5,road_loopA_r0,road_loopA_r1,6004.3,6127.3,123.0,1298.0,38.0,1
4321,car,4.5,road_loopA_r0,road_loopA_r1,6016.5,6129.3,112.8,1298.5,41.4,1
4195,bus,11.0,road_loopA_f0,road_loopA_f1,5908.7,6130.2,221.5,1303.1,21.2,3
4347,car,4.5,road_loopA_r0,xloopA_0Ab,6049.5,6130.4,80.9,869.1,38.7,0
4301,truck,8.5,road_loopA_r0,road_loopA_r1,5997.3,6130.9,133.6,1297.9,35.0,1
4328,car,4.5,road_loopA_r0,road_loopA_r1,6022.0,6131.0,109.0,1297.9,42.9,1
4281,car,4.5,road_loopA_r0,road_loopA_r1,5973.0,6132.6,159.6,1297.6,29.3,1
4334,car,4.5,road_loopA_r0,xloopA_0Ab,6036.0,6133.4,97.4,869.2,32.1,1
4314,suv,4.8,road_loopA_r0,road_loopA_r1,6010.6,6133.6,123.0,1298.2,38.0,1
4399,suv,4.8,road_loopA_f0,xloopA_0Bb,6093.3,6134.3,41.0,478.9,42.0,0
4333,car,4.5,road_loopA_r0,road_loopA_r1,6035.3,6135.0,99.7,1298.1,46.9,0
4335,truck,8.5,road_loopA_r0,road_loopA_r1,6037.2,6135.7,98.5,1297.5,47.4,0
4337,car,4.5,road_loopA_r0,road_loopA_r1,6038.5,6135.7,97.2,1298.2,48.1,0
4340,truck,8.5,road_loopA_r0,road_loopA_r1,6040.4,6141.6,101.2,1297.5,46.1,0
4348,car,4.5,road_loopA_r0,road_loopA_r1,6050.7,6142.8,92.1,1297.9,50.7,0
4336,truck,8.5,road_loopA_r0,road_loopA_r1,6038.1,6144.0,105.9,1297.7,44.1,0
4320,car,4.5,road_loopA_f0,road_loopA_f1,6016.0,6144.2,128.2,1303.2,36.6,1
4350,car,4.5,road_loopA_r0,road_loopA_r1,6051.5,6144.6,93.1,1298.1,50.2,0
4346,car,4.5,road_loopA_r0,road_loopA_r1,6048.6,6146.0,97.4,1297.9,48.0,0
4354,car,4.5,road_loopA_r0,road_loopA_r1,6059.5,6148.4,88.9,1297.3,52.5,0
4296,car,4.5,road_loopA_r0,xloopA_0Bb,5990.6,6148.7,158.1,895.4,20.4,1
4383,car,4.5,road_loopA_f0,xloopA_0Ab,6084.8,6149.3,64.5,505.2,28.2,1
4323,car,4.5,road_loopA_r0,xloopA_0Bb,6017.2,6151.3,134.1,895.5,24.0,1
4319,suv,4.8,road_loopA_f0,road_loopA_f1,6016.0,6151.7,135.7,1303.3,34.6,1
4330,suv,4.8,road_loopA_f0,road_loopA_f1,6027.7,6152.7,125.0,1303.2,37.5,1
4423,car,4.5,road_loopA_f0,xloopA_0Ab,6107.3,6152.7,45.4,505.5,40.0,0
4325,car,4.5,road_loopA_f0,road_loopA_f1,6018.8,6153.5,134.7,1303.2,34.8,1
4332,truck,8.5,road_loopA_r0,xloopA_0Bb,6033.4,6154.8,121.4,895.9,26.6,1
4355,suv,4.8,road_loopA_r0,road_loopA_r1,6060.4,6154.9,94.5,1297.8,49.4,0
4343,suv,4.8,road_loopA_f0,road_loopA_f1,6044.2,6155.2,111.0,1303.1,42.2,0
4351,bus,11.0,road_loopA_r0,road_loopA_r1,6053.0,6155.9,102.9,1297.5,45.4,0
4349,suv,4.8,road_loopA_f0,road_loopA_f1,6050.8,6156.2,105.4,1303.4,44.5,0
4360,car,4.5,road_loopA_r0,xloopA_0Bb,6062.5,6157.8,95.3,895.5,33.8,1
4345,car,4.5,road_loopA_f0,road_loopA_f1,6047.1,6158.1,111.0,1303.0,42.3,0
4357,car,4.5,road_loopA_r0,road_loopA_r1,6061.6,6158.1,96.5,1298.4,48.4,0
4326,suv,4.8,road_loopA_f0,road_loopA_f1,6020.3,6159.4,139.1,1303.6,33.7,1
4358,car,4.5,road_loopA_r0,road_loopA_r1,6061.6,6159.4,97.8,1298.4,47.8,0
4353,car,4.5,road_loopA_f0,road_loopA_f1,6059.1,6161.0,101.9,1303.9,46.1,0
4369,car,4.5,road_loopA_r0,road_loopA_r1,6070.4,6162.1,91.7,1297.9,50.9,0
4364,suv,4.8,road_loopA_r0,road_loopA_r1,6064.0,6162.3,98.3,1298.0,47.5,0
4288,car,4.5,xloopA_0Aa,xloopA_0Ab,5983.0,6164.5,181.5,84.3,1.7,1
4390,car,4.5,xloopA_0Ba,xloopA_0Bb,6089.0,6165.2,76.2,84.6,4.0,1
4363,car,4.5,road_loopA_f0,road_loopA_f1,6063.9,6166.0,102.1,1303.6,46.0,0
4460,car,4.5,xloopA_0Ba,xloopA_0Bb,6139.0,6167.3,28.3,84.2,10.7,1
4366,suv,4.8,road_loopA_f0,road_loopA_f1,6066.6,6167.7,101.1,1302.9,46.4,0
4407,car,4.5,xloopA_0Aa,xloopA_0Ab,6097.9,6168.5,70.6,84.6,4.3,1
4370,car,4.5,road_loopA_f0,road_loopA_f1,6071.0,6169.6,98.6,1303.9,47.6,0
4475,car,4.5,xloopA_0Ba,xloopA_0Bb,6156.7,6169.7,13.0,84.7,23.5,0
4331,car,4.5,xloopA_0Ba,road_loopA_f1,6030.5,6169.8,139.3,902.8,23.3,1
4420,car,4.5,xloopA_0Aa,xloopA_0Ab,6102.7,6170.6,67.9,84.3,4.5,0
4356,car,4.5,road_loopA_r0,road_loopA_r1,6060.9,6171.0,110.1,1297.4,42.4,0
4372,car,4.5,road_loopA_f0,road_loopA_f1,6075.3,6171.3,96.0,1303.0,48.9,0
4361,car,4.5,road_loopA_r0,road_loopA_r1,6062.8,6172.8,110.0,1297.9,42.5,0
4327,car,4.5,road_loopA_f0,road_loopA_f1,6020.8,6173.2,152.4,1304.1,30.8,1
4185,car,4.5,xloopA_0Aa,road_loopA_f1,5898.2,6178.9,280.7,872.5,11.2,1
4402,car,4.5,road_loopA_r0,xloopA_0Ab,6094.5,6180.5,86.0,869.2,36.4,1
4367,car,4.5,road_loopA_f0,road_loopA_f1,6068.8,6180.8,112.0,1303.2,41.9,0
4344,car,4.5,road_loopA_f0,road_loopA_f1,6045.1,6180.9,135.8,1303.8,34.6,0
4380,car,4.5,road_loopA_f0,road_loopA_f1,6083.7,6182.8,99.1,1303.7,47.3,0
4389,suv,4.8,road_loopA_f0,road_loopA_f1,6089.0,6183.1,94.1,1302.8,49.8,0
4396,car,4.5,road_loopA_f0,road_loopA_f1,6090.8,6184.6,93.8,1303.5,50.0,0
4403,suv,4.8,road_loopA_f0,road_loopA_f1,6095.1,6186.3,91.2,1302.8,51.4,0
4397,car,4.5,road_loopA_f0,road_loopA_f1,6092.2,6189.6,97.4,1303.6,48.2,0
4413,car,4.5,road_loopA_r0,xloopA_0Ab,6100.3,6190.1,89.8,869.2,34.8,1
4388,car,4.5,road_loopA_f0,road_loopA_f1,6087.9,6192.4,104.5,1304.0,44.9,0
4386,car,4.5,road_loopA_f0,road_loopA_f1,6086.1,6194.4,108.3,1304.1,43.4,0
4391,truck,8.5,road_loopA_f0,road_loopA_f1,6089.0,6196.6,107.6,1304.0,43.6,0
4426,car,4.5,road_loopA_r0,xloopA_0Ab,6111.6,6196.8,85.2,869.1,36.7,0
4398,car,4.5,road_loopA_r0,xloopA_0Ab,6092.4,6200.2,107.8,869.1,29.0,2
4365,car,4.5,road_loopA_f0,road_loopA_f1,6066.0,6200.3,134.3,1304.0,35.0,0
4202,car,4.5,xloopA_0Aa,road_loopA_f1,5913.0,6201.8,288.8,872.6,10.9,1
4377,truck,8.5,road_loopA_f0,road_loopA_f1,6081.3,6202.2,120.9,1303.8,38.8,0
4270,car,4.5,xloopA_0Aa,road_loopA_f1,5961.4,6202.8,241.4,872.2,13.0,0
4338,suv,4.8,road_loopA_f0,road_loopA_f1,6039.2,6203.5,164.3,1303.7,28.6,1
4404,car,4.5,road_loopA_f0,road_loopA_f1,6095.3,6204.4,109.1,1303.5,43.0,0
4318,car,4.5,road_loopA_f0,road_loopA_f1,6013.7,6204.5,190.8,1302.8,24.6,1
4414,car,4.5,road_loopA_f0,road_loopA_f1,6100.9,6206.1,105.2,1303.3,44.6,0
4324,suv,4.8,road_loopA_f0,road_loopA_f1,6017.8,6206.2,188.4,1303.7,24.9,1
4329,car,4.5,road_loopA_f0,road_loopA_f1,6026.0,6206.4,180.4,1303.1,26.0,1
4384,suv,4.8,road_loopA_r0,road_loopA_r1,6085.0,6207.9,122.9,1298.6,38.0,1
4376,car,4.5,road_loopA_f0,road_loopA_f1,6079.3,6208.4,129.1,1303.4,36.3,0
4362,suv,4.8,road_loopA_r0,road_loopA_r1,6063.2,6209.0,145.8,1298.1,32.0,1
4378,car,4.5,road_loopA_f0,road_loopA_f1,6081.5,6210.1,128.6,1303.6,36.5,0
4410,car,4.5,road_loopA_f0,road_loopA_f1,6099.7,6211.0,111.3,1303.6,42.2,0
4393,car,4.5,road_loopA_r0,road_loopA_r1,6090.1,6211.2,121.1,1298.6,38.6,1
4382,car,4.5,road_loopA_f0,road_loopA_f1,6084.1,6211.8,127.7,1303.2,36.8,0
4401,car,4.5,road_loopA_f0,road_loopA_f1,6093.6,6212.3,118.7,1302.9,39.5,0
4371,car,4.5,road_loopA_r0,road_loopA_r1,6072.9,6212.6,139.7,1297.9,33.5,1
4491,suv,4.8,road_loopA_f0,xloopA_0Bb,6173.1,6213.2,40.1,478.9,43.0,0
4400,car,4.5,road_loopA_r0,road_loopA_r1,6093.3,6214.4,121.1,1297.7,38.6,1
4352,car,4.5,xloopA_0Aa,road_loopA_r1,6057.4,6215.8,158.4,506.8,11.5,1
4359,car,4.5,road_loopA_r0,road_loopA_r1,6062.1,6216.2,154.1,1297.5,30.3,1
4406,suv,4.8,road_loopA_r0,road_loopA_r1,6097.7,6217.1,119.4,1298.4,39.1,1
4374,car,4.5,road_loopA_r0,road_loopA_r1,6076.7,6217.2,140.5,1297.7,33.3,1
4379,car,4.5,road_loopA_r0,road_loopA_r1,6083.6,6218.1,134.5,1297.5,34.7,1
4412,car,4.5,road_loopA_r0,road_loopA_r1,6100.1,6218.3,118.2,1298.4,39.5,1
4394,car,4.5,road_loopA_r0,road_loopA_r1,6090.7,6219.0,128.3,1298.1,36.4,1
4385,car,4.5,road_loopA_r0,road_loopA_r1,6085.7,6219.9,134.2,1298.3,34.8,1
4417,car,4.5,road_loopA_r0,road_loopA_r1,6101.4,6220.2,118.8,1298.4,39.4,1
4392,car,4.5,road_loopA_r0,road_loopA_r1,6089.8,6220.8,131.0,1298.5,35.7,1
4387,suv,4.8,road_loopA_r0,road_loopA_r1,6086.7,6221.7,135.0,1298.2,34.6,1
4421,car,4.5,road_loopA_r0,road_loopA_r1,6103.6,6222.5,118.9,1298.6,39.3,1
4422,suv,4.8,road_loopA_r0,road_loopA_r1,6107.0,6222.9,115.9,1297.7,40.3,1
4395,suv,4.8,road_loopA_r0,road_loopA_r1,6090.6,6223.9,133.3,1297.9,35.1,1
4408,car,4.5,road_loopA_r0,road_loopA_r1,6098.7,6225.6,126.9,1298.5,36.8,1
4405,truck,8.5,road_loopA_r0,road_loopA_r1,6096.0,6226.2,130.2,1297.9,35.9,1
4425,car,4.5,road_loopA_r0,road_loopA_r1,6110.7,6226.3,115.6,1297.8,40.4,1
4424,suv,4.8,road_loopA_r0,road_loopA_r1,6109.0,6228.3,119.3,1298.0,39.2,1
4419,car,4.5,road_loopA_r0,road_loopA_r1,6102.1,6228.9,126.8,1297.6,36.8,1
4432,car,4.5,road_loopA_r0,road_loopA_r1,6115.3,6229.8,114.5,1298.6,40.8,35
4427,car,4.5,road_loopA_r0,road_loopA_r1,6111.7,6230.2,118.5,1297.4,39.4,1
4431,car,4.5,road_loopA_r0,road_loopA_r1,6114.3,6230.6,116.3,1298.5,40.2,1
4430,car,4.5,road_loopA_r0,road_loopA_r1,6114.2,6232.3,118.1,1297.5,39.6,0
4434,suv,4.8,road_loopA_r0,road_loopA_r1,6115.8,6232.3,116.5,1297.8,40.1,0
4409,car,4.5,road_loopA_f0,road_loopA_f1,6099.0,6233.5,134.5,1302.9,34.9,1
4442,car,4.5,road_loopA_r0,road_loopA_r1,6122.3,6234.1,111.8,1297.9,41.8,0
4418,car,4.5,road_loopA_f0,road_loopA_f1,6101.7,6235.4,133.7,1303.7,35.1,1
4450,car,4.5,road_loopA_r0,road_loopA_r1,6130.2,6235.6,105.4,1297.4,44.3,0
4411,car,4.5,road_loopA_f0,road_loopA_f1,6099.9,6237.2,137.3,1303.6,34.2,1
4452,car,4.5,road_loopA_r0,road_loopA_r1,6131.5,6237.7,106.2,1298.5,44.0,0
4428,truck,8.5,road_loopA_r0,road_loopA_r1,6112.6,6238.0,125.4,1297.5,37.3,1
4459,suv,4.8,road_loopA_r0,road_loopA_r1,6138.4,6238.1,99.7,1298.1,46.9,0
4458,car,4.5,road_loopA_r0,road_loopA_r1,6137.9,6239.8,101.9,1297.9,45.8,0
4416,car,4.5,road_loopA_f0,road_loopA_f1,6101.4,6240.1,138.7,1303.6,33.8,1
4436,car,4.5,road_loopA_r0,road_loopA_r1,6119.2,6240.1,120.9,1297.7,38.7,0
4463,suv,4.8,road_loopA_r0,road_loopA_r1,6147.1,6241.0,93.9,1298.6,49.8,0
4439,suv,4.8,road_loopA_f0,road_loopA_f1,6120.5,6241.5,121.0,1302.8,38.8,1
4461,car,4.5,road_loopA_r0,road_loopA_r1,6141.5,6241.5,100.0,1297.7,46.7,0
4444,car,4.5,road_loopA_r0,road_loopA_r1,6126.0,6241.9,115.9,1297.8,40.3,0
4368,suv,4.8,road_loopA_r0,xloopA_0Bb,6069.2,6242.2,173.0,895.7,18.6,2
4381,suv,4.8,road_loopA_r0,xloopA_0Bb,6083.9,6244.9,161.0,895.9,20.0,1
4469,suv,4.8,road_loopA_r0,road_loopA_r1,6151.4,6245.0,93.6,1298.2,49.9,0
4429,car,4.5,road_loopA_f0,road_loopA_f1,6114.0,6246.0,132.0,1302.8,35.5,1
4446,car,4.5,road_loopA_r0,xloopA_0Bb,6126.6,6247.5,120.9,895.3,26.7,1
4447,suv,4.8,road_loopA_f0,road_loopA_f1,6128.3,6248.7,120.4,1303.7,39.0,1
4465,car,4.5,road_loopA_r0,xloopA_0Bb,6150.2,6250.2,100.0,895.5,32.2,1
4433,truck,8.5,road_loopA_f0,road_loopA_f1,6115.4,6250.5,135.1,1303.4,34.7,1
4437,car,4.5,road_loopA_f0,road_loopA_f1,6119.6,6251.0,131.4,1303.5,35.7,1
4448,car,4.5,road_loopA_f0,road_loopA_f1,6128.8,6251.5,122.7,1302.8,38.2,1
4481,car,4.5,road_loopA_r0,road_loopA_r1,6162.9,6253.0,90.1,1297.5,51.8,0
4415,car,4.5,road_loopA_f0,road_loopA_f1,6101.0,6253.3,152.3,1303.2,30.8,1
4440,truck,8.5,road_loopA_f0,road_loopA_f1,6121.8,6253.8,132.0,1303.3,35.5,1
4468,car,4.5,road_loopA_f0,road_loopA_f1,6150.8,6256.2,105.4,1303.8,44.5,0
4482,car,4.5,xloopA_0Ba,xloopA_0Bb,6163.8,6257.2,93.4,84.3,3.2,1
4474,car,4.5,road_loopA_r0,road_loopA_r1,6155.5,6257.3,101.8,1297.3,45.9,0
4472,car,4.5,xloopA_0Aa,xloopA_0Ab,6152.7,6257.6,104.9,84.5,2.9,1
4451,car,4.5,road_loopA_f0,road_loopA_f1,6130.9,6258.3,127.4,1302.9,36.8,1
4470,car,4.5,road_loopA_f0,road_loopA_f1,6151.5,6258.8,107.3,1304.0,43.7,0
4483,car,4.5,xloopA_0Ba,xloopA_0Bb,6164.0,6259.9,95.9,84.4,3.2,1
4454,truck,8.5,road_loopA_f0,road_loopA_f1,6132.9,6260.5,127.6,1303.2,36.8,1
4492,car,4.5,xloopA_0Aa,xloopA_0Ab,6173.6,6260.6,87.0,84.7,3.5,1
4477,car,4.5,road_loopA_f0,road_loopA_f1,6158.3,6261.1,102.8,1302.8,45.6,0
4375,bus,11.0,road_loopA_r0,road_loopA_r1,6077.5,6261.8,184.3,1298.2,25.4,3
4455,car,4.5,road_loopA_f0,road_loopA_f1,6134.9,6262.4,127.5,1303.7,36.8,1
4456,car,4.5,road_loopA_f0,road_loopA_f1,6136.8,6262.6,125.8,1303.4,37.3,1
4497,car,4.5,xloopA_0Aa,xloopA_0Ab,6179.6,6262.7,83.1,84.6,3.7,1
4515,car,4.5,xloopA_0Ba,xloopA_0Bb,6195.2,6263.0,67.8,84.6,4.5,0
4522,car,4.5,xloopA_0Aa,xloopA_0Ab,6199.7,6265.1,65.4,84.0,4.6,0
4467,car,4.5,road_loopA_f0,road_loopA_f1,6150.7,6266.8,116.1,1303.6,40.4,0
4532,car,4.5,xloopA_0Ba,xloopA_0Bb,6203.5,6267.0,63.5,84.2,4.8,0
4473,suv,4.8,road_loopA_f0,road_loopA_f1,6154.5,6269.2,114.7,1303.0,40.9,0
4476,truck,8.5,road_loopA_f0,road_loopA_f1,6157.2,6271.4,114.2,1304.1,41.1,0
4485,car,4.5,road_loopA_f0,road_loopA_f1,6164.8,6272.3,107.5,1303.4,43.6,0
4471,car,4.5,road_loopA_f0,road_loopA_f1,6151.5,6273.3,121.8,1303.1,38.5,0
4493,suv,4.8,road_loopA_f0,road_loopA_f1,6176.1,6274.0,97.9,1302.8,47.9,0
4462,car,4.5,road_loopA_f0,road_loopA_f1,6145.1,6275.1,130.0,1304.2,36.1,0
4495,suv,4.8,road_loopA_f0,road_loopA_f1,6177.0,6275.8,98.8,1303.1,47.5,0
4445,car,4.5,xloopA_0Aa,road_loopA_f1,6126.3,6276.0,149.7,872.5,21.0,0
4435,suv,4.8,road_loopA_f0,road_loopA_f1,6117.0,6277.6,160.6,1303.1,29.2,1
4449,car,4.5,road_loopA_f0,road_loopA_f1,6129.3,6277.7,148.4,1302.8,31.6,1
4487,truck,8.5,road_loopA_f0,road_loopA_f1,6169.4,6278.1,108.7,1303.6,43.2,0
4438,car,4.5,road_loopA_f0,road_loopA_f1,6120.0,6279.3,159.3,1303.8,29.5,1
4503,car,4.5,road_loopA_f0,road_loopA_f1,6188.0,6280.1,92.1,1303.5,51.0,0
4479,car,4.5,road_loopA_f0,road_loopA_f1,6159.6,6280.2,120.6,1303.4,38.9,0
4441,car,4.5,road_loopA_f0,road_loopA_f1,6122.2,6280.9,158.7,1303.2,29.6,1
4507,suv,4.8,road_loopA_f0,road_loopA_f1,6190.7,6281.8,91.1,1303.0,51.5,0
4480,suv,4.8,road_loopA_f0,road_loopA_f1,6162.4,6282.4,120.0,1303.8,39.1,0
4453,car,4.5,road_loopA_f0,road_loopA_f1,6131.9,6282.8,150.9,1304.0,31.1,1
4499,car,4.5,road_loopA_f0,road_loopA_f1,6184.6,6283.7,99.1,1304.2,47.4,0
4525,truck,8.5,road_loopA_f0,xloopA_0Bb,6200.5,6283.8,83.3,478.4,20.7,2
4498,suv,4.8,road_loopA_f0,road_loopA_f1,6180.6,6284.1,103.5,1303.0,45.3,0
4457,car,4.5,road_loopA_f0,road_loopA_f1,6137.7,6284.5,146.8,1304.0,32.0,1
4512,car,4.5,road_loopA_f0,road_loopA_f1,6193.0,6285.5,92.5,1303.6,50.7,0
4496,car,4.5,road_loopA_f0,road_loopA_f1,6178.8,6285.9,107.1,1304.1,43.8,0
4478,suv,4.8,road_loopA_f0,road_loopA_f1,6159.0,6286.3,127.3,1303.8,36.9,0
4514,car,4.5,road_loopA_f0,road_loopA_f1,6193.6,6287.6,94.0,1303.5,49.9,0
4486,car,4.5,road_loopA_f0,road_loopA_f1,6168.7,6288.1,119.4,1304.1,39.3,0
4508,car,4.5,road_loopA_f0,road_loopA_f1,6191.9,6289.4,97.5,1302.9,48.1,0
4488,car,4.5,road_loopA_f0,road_loopA_f1,6171.3,6289.9,118.6,1304.2,39.6,0
4494,truck,8.5,road_loopA_f0,road_loopA_f1,6176.2,6291.9,115.7,1303.6,40.6,0
4518,car,4.5,road_loopA_r0,xloopA_0Ab,6196.7,6293.2,96.5,869.2,32.4,1
4505,car,4.5,road_loopA_f0,road_loopA_f1,6189.4,6296.5,107.1,1303.4,43.8,0
4500,truck,8.5,road_loopA_f0,road_loopA_f1,6186.9,6296.9,110.0,1303.1,42.6,0
4592,car,4.5,road_loopA_f0,xloopA_0Bb,6257.4,6302.6,45.2,478.9,38.2,0
4466,bus,11.0,road_loopA_f0,road_loopA_f1,6150.7,6303.5,152.8,1303.1,30.7,2
4489,car,4.5,road_loopA_r0,road_loopA_r1,6172.2,6306.2,134.0,1298.5,34.9,1
4443,bus,11.0,road_loopA_f0,road_loopA_f1,6125.4,6307.1,181.7,1303.1,25.8,3
4484,truck,8.5,road_loopA_r0,road_loopA_r1,6164.3,6308.8,144.5,1298.4,32.3,1
4516,car,4.5,road_loopA_r0,road_loopA_r1,6196.0,6312.6,116.6,1298.0,40.1,0
4502,suv,4.8,road_loopA_r0,road_loopA_r1,6187.4,6313.0,125.6,1298.1,37.2,0
4540,car,4.5,road_loopA_r0,road_loopA_r1,6210.8,6313.9,103.1,1297.4,45.3,0
4543,car,4.5,road_loopA_r0,road_loopA_r1,6213.0,6314.5,101.5,1298.2,46.1,0
4542,suv,4.8,road_loopA_r0,road_loopA_r1,6212.7,6316.6,103.9,1297.4,45.0,0
4546,suv,4.8,road_loopA_r0,road_loopA_r1,6218.0,6317.1,99.1,1297.3,47.1,0
4464,car,4.5,road_loopA_r0,road_loopA_r1,6148.0,6317.2,169.2,1297.7,27.6,1
4501,car,4.5,road_loopA_r0,road_loopA_r1,6187.1,6318.9,131.8,1297.7,35.4,1
4547,suv,4.8,road_loopA_r0,road_loopA_r1,6218.3,6319.4,101.1,1298.0,46.2,0
4553,car,4.5,road_loopA_r0,road_loopA_r1,6225.8,6320.2,94.4,1298.1,49.5,0
4506,car,4.5,road_loopA_r0,road_loopA_r1,6190.4,6320.6,130.2,1297.8,35.9,1
4531,car,4.5,road_loopA_r0,road_loopA_r1,6203.0,6321.6,118.6,1297.9,39.4,1
4557,suv,4.8,road_loopA_r0,road_loopA_r1,6226.9,6322.2,95.3,1297.6,49.0,0
4510,car,4.5,road_loopA_r0,road_loopA_r1,6192.6,6322.3,129.7,1297.9,36.0,1
4536,car,4.5,road_loopA_r0,road_loopA_r1,6206.2,6323.4,117.2,1298.3,39.9,9
128,tram,34.0,loopB,loopB,2235.9,6323.5,4087.6,33672.5,29.7,40
4517,car,4.5,road_loopA_r0,road_loopA_r1,6196.1,6324.0,127.9,1297.6,36.5,1
4558,truck,8.5,road_loopA_r0,road_loopA_r1,6227.7,6324.4,96.7,1297.5,48.3,0
4581,car,4.5,road_loopA_r0,xloopA_0Ab,6250.8,6324.4,73.6,869.0,42.5,0
4509,car,4.5,road_loopA_r0,road_loopA_r1,6191.9,6326.0,134.1,1298.5,34.9,1
4534,car,4.5,road_loopA_r0,road_loopA_r1,6204.9,6326.2,121.3,1298.6,38.5,1
4562,car,4.5,road_loopA_r0,road_loopA_r1,6231.4,6326.7,95.3,1297.6,49.0,0
4528,suv,4.8,road_loopA_r0,road_loopA_r1,6202.5,6328.9,126.4,1298.3,37.0,0
4541,truck,8.5,road_loopA_r0,road_loopA_r1,6212.5,6330.1,117.6,1297.9,39.7,0
4571,car,4.5,road_loopA_r0,road_loopA_r1,6241.6,6331.8,90.2,1297.5,51.8,0
4527,car,4.5,road_loopA_f0,road_loopA_f1,6202.5,6332.0,129.5,1304.1,36.2,1
4556,car,4.5,road_loopA_r0,road_loopA_r1,6226.8,6332.0,105.2,1298.1,44.4,0
4563,car,4.5,road_loopA_r0,road_loopA_r1,6231.8,6333.4,101.6,1298.0,46.0,0
4560,truck,8.5,road_loopA_r0,road_loopA_r1,6228.2,6333.8,105.6,1298.3,44.3,0
4524,car,4.5,road_loopA_f0,road_loopA_f1,6200.5,6334.7,134.2,1303.1,35.0,1
4513,suv,4.8,road_loopA_f0,road_loopA_f1,6193.0,6334.8,141.8,1303.5,33.1,1
4573,car,4.5,road_loopA_r0,road_loopA_r1,6242.7,6335.2,92.5,1298.5,50.5,0
4504,car,4.5,road_loopA_r0,xloopA_0Bb,6189.2,6335.7,146.5,895.4,22.0,1
4550,car,4.5,road_loopA_f0,xloopA_0Ab,6222.8,6336.4,113.6,505.4,16.0,2
4526,car,4.5,road_loopA_r0,xloopA_0Bb,6202.0,6338.3,136.3,895.4,23.7,1
4607,suv,4.8,road_loopA_f0,xloopA_0Ab,6269.3,6339.0,69.7,505.5,26.1,1
4548,suv,4.8,road_loopA_r0,road_loopA_r1,6220.8,6339.6,118.8,1297.3,39.3,0
4545,car,4.5,road_loopA_f0,road_loopA_f1,6217.5,6340.2,122.7,1302.8,38.2,1
4551,truck,8.5,road_loopA_r0,xloopA_0Bb,6223.8,6341.8,118.0,895.8,27.3,1
4559,suv,4.8,road_loopA_f0,road_loopA_f1,6228.1,6342.7,114.6,1303.5,40.9,1
4529,suv,4.8,road_loopA_f0,road_loopA_f1,6202.9,6342.9,140.0,1303.8,33.5,1
4632,suv,4.8,road_loopA_f0,xloopA_0Ab,6295.8,6344.4,48.6,505.6,37.4,0
4572,car,4.5,road_loopA_r0,xloopA_0Bb,6242.1,6344.8,102.7,895.4,31.4,1
4533,car,4.5,road_loopA_f0,road_loopA_f1,6203.8,6344.9,141.1,1303.8,33.3,1
4584,car,4.5,road_loopA_r0,road_loopA_r1,6252.4,6346.1,93.7,1298.2,49.9,0
4564,car,4.5,road_loopA_f0,road_loopA_f1,6232.7,6346.5,113.8,1303.0,41.2,1
4570,suv,4.8,road_loopA_f0,road_loopA_f1,6241.6,6346.6,105.0,1304.2,44.7,0
4574,car,4.5,road_loopA_r0,road_loopA_r1,6247.2,6348.3,101.1,1298.2,46.2,0
4576,car,4.5,road_loopA_f0,road_loopA_f1,6248.5,6348.6,100.1,1303.3,46.9,0
4578,car,4.5,road_loopA_r0,road_loopA_r1,6249.5,6348.6,99.1,1297.5,47.1,0
4577,suv,4.8,road_loopA_r0,road_loopA_r1,6248.6,6350.5,101.9,1297.8,45.8,0
4582,car,4.5,road_loopA_f0,road_loopA_f1,6251.1,6350.8,99.7,1304.0,47.1,0
4539,car,4.5,xloopA_0Ba,xloopA_0Bb,6210.4,6351.8,141.4,84.6,2.2,1
4583,car,4.5,road_loopA_r0,road_loopA_r1,6251.5,6352.0,100.5,1298.2,46.5,0
4586,car,4.5,road_loopA_f0,road_loopA_f1,6254.1,6352.6,98.5,1303.4,47.6,0
4666,car,4.5,xloopA_0Aa,xloopA_0Ab,6324.0,6352.6,28.6,84.2,10.6,1
4588,suv,4.8,road_loopA_f0,road_loopA_f1,6256.4,6354.9,98.5,1302.8,47.6,0
4591,car,4.5,road_loopA_f0,road_loopA_f1,6257.3,6356.6,99.3,1303.4,47.3,0
4567,car,4.5,xloopA_0Ba,xloopA_0Bb,6238.5,6357.6,119.1,84.3,2.5,1
4596,car,4.5,road_loopA_f0,road_loopA_f1,6265.7,6358.4,92.7,1303.7,50.6,0
4579,car,4.5,xloopA_0Ba,xloopA_0Bb,6250.0,6359.6,109.6,84.3,2.8,0
9,tram,34.0,loopA,loopA,1975.1,6360.3,4385.2,33702.1,27.7,40
4537,car,4.5,road_loopA_f0,road_loopA_f1,6206.6,6360.3,153.7,1303.6,30.5,1
4538,car,4.5,road_loopA_f0,road_loopA_f1,6208.4,6360.3,151.9,1303.4,30.9,1
4589,car,4.5,xloopA_0Ba,xloopA_0Bb,6256.5,6361.6,105.1,84.3,2.9,0
4590,car,4.5,road_loopA_f0,road_loopA_f1,6256.9,6364.4,107.5,1303.9,43.6,0
4552,car,4.5,road_loopA_f0,road_loopA_f1,6224.7,6365.3,140.6,1302.9,33.4,1
4544,car,4.5,road_loopA_f0,road_loopA_f1,6213.8,6369.4,155.6,1304.0,30.2,1
4555,car,4.5,road_loopA_f0,road_loopA_f1,6226.7,6369.7,143.0,1303.1,32.8,1
4580,car,4.5,road_loopA_f0,road_loopA_f1,6250.7,6371.4,120.7,1303.7,38.9,0
4609,car,4.5,road_loopA_f0,road_loopA_f1,6270.6,6373.1,102.5,1303.4,45.8,0
4566,car,4.5,road_loopA_f0,road_loopA_f1,6235.6,6373.2,137.6,1303.8,34.1,0
4600,car,4.5,road_loopA_f0,road_loopA_f1,6267.8,6373.3,105.5,1302.9,44.5,0
4616,suv,4.8,road_loopA_f0,road_loopA_f1,6279.8,6375.4,95.6,1303.8,49.1,0
4575,car,4.5,road_loopA_r0,xloopA_0Ab,6247.8,6376.6,128.8,868.9,24.3,3
4549,car,4.5,road_loopA_f0,road_loopA_f1,6221.0,6376.9,155.9,1302.8,30.1,1
4614,car,4.5,road_loopA_f0,road_loopA_f1,6277.4,6377.1,99.7,1302.8,47.1,0
4630,car,4.5,road_loopA_f0,xloopA_0Bb,6294.8,6378.4,83.6,478.8,20.6,2
4617,suv,4.8,road_loopA_f0,road_loopA_f1,6281.2,6379.0,97.8,1303.2,48.0,0
4615,car,4.5,road_loopA_r0,xloopA_0Ab,6278.9,6380.3,101.4,869.0,30.9,1
4618,car,4.5,road_loopA_f0,road_loopA_f1,6281.5,6381.2,99.7,1303.9,47.1,0
4674,car,4.5,road_loopA_f0,xloopA_0Bb,6331.7,6382.5,50.8,478.6,33.9,0
4599,car,4.5,road_loopA_f0,road_loopA_f1,6267.5,6383.1,115.6,1303.7,40.6,0
4565,truck,8.5,road_loopA_f0,road_loopA_f1,6233.5,6383.4,149.9,1303.7,31.3,0
4608,car,4.5,road_loopA_f0,road_loopA_f1,6269.9,6385.0,115.1,1302.9,40.8,0
4680,car,4.5,road_loopA_f0,xloopA_0Bb,6335.2,6386.2,51.0,478.5,33.8,0
4521,car,4.5,xloopA_0Ba,road_loopA_f1,6199.0,6386.8,187.8,902.9,17.3,0
4604,truck,8.5,road_loopA_f0,road_loopA_f1,6268.8,6387.8,119.0,1303.6,39.4,0
4587,car,4.5,road_loopA_f0,road_loopA_f1,6255.1,6389.3,134.2,1303.9,35.0,0
4603,car,4.5,road_loopA_f0,road_loopA_f1,6268.5,6390.1,121.6,1303.6,38.6,0
4585,car,4.5,road_loopA_f0,road_loopA_f1,6253.1,6391.9,138.8,1303.0,33.8,0
4568,truck,8.5,road_loopA_f0,road_loopA_f1,6240.2,6393.0,152.8,1303.7,30.7,0
4519,car,4.5,road_loopA_f0,road_loopA_f1,6198.1,6393.9,195.8,1304.0,24.0,1
4490,car,4.5,xloopA_0Ba,road_loopA_f1,6172.4,6395.4,223.0,902.4,14.6,1
4523,car,4.5,road_loopA_f0,road_loopA_f1,6200.4,6395.4,195.0,1302.8,24.1,1
4561,car,4.5,road_loopA_f0,road_loopA_f1,6229.6,6396.3,166.7,1303.0,28.1,1
4597,car,4.5,road_loopA_r0,road_loopA_r1,6266.2,6396.7,130.5,1297.4,35.8,1
4520,suv,4.8,road_loopA_f0,road_loopA_f1,6198.2,6397.1,198.9,1303.4,23.6,1
4535,car,4.5,road_loopA_f0,road_loopA_f1,6206.2,6397.4,191.2,1303.5,24.5,1
4511,truck,8.5,road_loopA_f0,road_loopA_f1,6192.8,6399.3,206.5,1302.8,22.7,1
4530,suv,4.8,road_loopA_f0,road_loopA_f1,6202.9,6400.7,197.8,1303.8,23.7,1
4598,truck,8.5,road_loopA_r0,road_loopA_r1,6266.8,6401.7,134.9,1298.3,34.7,1
4605,car,4.5,road_loopA_r0,road_loopA_r1,6268.9,6402.2,133.3,1297.7,35.0,1
4601,car,4.5,road_loopA_r0,road_loopA_r1,6268.1,6405.0,136.9,1297.8,34.1,1
4595,car,4.5,road_loopA_r0,road_loopA_r1,6264.6,6406.2,141.6,1297.5,33.0,1
4606,suv,4.8,road_loopA_r0,road_loopA_r1,6269.0,6406.4,137.4,1297.3,34.0,0
4619,car,4.5,road_loopA_r0,road_loopA_r1,6283.1,6408.2,125.1,1297.3,37.3,1
4622,car,4.5,road_loopA_r0,road_loopA_r1,6285.1,6410.1,125.0,1298.6,37.4,1
4633,car,4.5,road_loopA_r0,road_loopA_r1,6296.9,6411.5,114.6,1298.2,40.8,1
4640,car,4.5,road_loopA_r0,road_loopA_r1,6303.1,6413.3,110.2,1298.3,42.4,0
4593,car,4.5,xloopA_0Aa,road_loopA_r1,6259.7,6415.0,155.3,506.8,11.8,1
4642,suv,4.8,road_loopA_r0,road_loopA_r1,6305.0,6415.1,110.1,1298.5,42.5,0
4647,suv,4.8,road_loopA_r0,road_loopA_r1,6311.2,6416.4,105.2,1298.2,44.4,0
4594,truck,8.5,road_loopA_r0,road_loopA_r1,6260.6,6417.2,156.6,1297.9,29.8,1
4623,car,4.5,road_loopA_r0,road_loopA_r1,6286.4,6417.7,131.3,1297.9,35.6,1
4650,suv,4.8,road_loopA_r0,road_loopA_r1,6311.9,6418.1,106.2,1297.3,44.0,0
4613,car,4.5,road_loopA_r0,road_loopA_r1,6276.5,6419.2,142.7,1297.5,32.7,1
4628,car,4.5,road_loopA_r0,road_loopA_r1,6292.7,6419.4,126.7,1297.6,36.9,1
4612,car,4.5,road_loopA_r0,road_loopA_r1,6275.3,6421.0,145.7,1297.4,32.1,1
4655,car,4.5,road_loopA_r0,road_loopA_r1,6315.1,6421.0,105.9,1297.7,44.1,0
4645,bus,11.0,road_loopA_r0,road_loopA_r1,6308.9,6421.2,112.3,1298.2,41.6,0
4620,suv,4.8,road_loopA_r0,road_loopA_r1,6283.6,6422.4,138.8,1297.3,33.7,1
4648,truck,8.5,road_loopA_r0,road_loopA_r1,6311.3,6423.7,112.4,1297.8,41.6,0
4637,car,4.5,road_loopA_r0,road_loopA_r1,6301.0,6424.1,123.1,1298.5,38.0,0
4654,car,4.5,road_loopA_r0,road_loopA_r1,6314.7,6425.3,110.6,1298.1,42.3,0
4641,suv,4.8,road_loopA_r0,road_loopA_r1,6304.2,6425.8,121.6,1297.5,38.4,0
4660,car,4.5,road_loopA_r0,road_loopA_r1,6320.4,6425.9,105.5,1297.8,44.3,0
4662,car,4.5,road_loopA_r0,road_loopA_r1,6320.5,6426.0,105.5,1297.3,44.3,0
4658,suv,4.8,road_loopA_r0,road_loopA_r1,6318.9,6427.6,108.7,1297.5,43.0,0
4667,car,4.5,road_loopA_r0,road_loopA_r1,6324.1,6427.7,103.6,1298.7,45.1,0
4677,suv,4.8,road_loopA_r0,road_loopA_r1,6332.4,6428.1,95.7,1297.5,48.8,0
4569,car,4.5,road_loopA_r0,xloopA_0Bb,6241.0,6429.2,188.2,895.5,17.1,2
4659,car,4.5,road_loopA_r0,road_loopA_r1,6319.5,6429.6,110.1,1297.3,42.4,0
4681,car,4.5,road_loopA_r0,road_loopA_r1,6335.4,6429.9,94.5,1298.0,49.5,0
4627,truck,8.5,road_loopA_f0,road_loopA_f1,6292.6,6430.7,138.1,1303.6,34.0,1
4661,suv,4.8,road_loopA_r0,road_loopA_r1,6320.4,6430.8,110.4,1298.3,42.3,0
4652,truck,8.5,road_loopA_f0,xloopA_0Ab,6313.5,6431.2,117.7,505.6,15.5,1
4668,car,4.5,road_loopA_r0,road_loopA_r1,6324.4,6431.4,107.0,1298.1,43.7,0
4610,car,4.5,road_loopA_r0,xloopA_0Bb,6271.3,6431.8,160.5,895.5,20.1,1
4672,car,4.5,road_loopA_r0,road_loopA_r1,6330.2,6432.0,101.8,1298.1,45.9,0
4679,car,4.5,road_loopA_r0,road_loopA_r1,6335.0,6433.3,98.3,1298.1,47.6,0
4673,suv,4.8,road_loopA_r0,road_loopA_r1,6330.8,6433.8,103.0,1298.0,45.4,0
4664,suv,4.8,road_loopA_f0,xloopA_0Ab,6322.0,6434.1,112.1,504.9,16.2,1
4621,car,4.5,road_loopA_r0,xloopA_0Bb,6284.9,6434.5,149.6,895.7,21.5,1
4629,truck,8.5,road_loopA_f0,road_loopA_f1,6294.1,6436.4,142.3,1303.4,33.0,1
4624,car,4.5,road_loopA_r0,road_loopA_r1,6287.3,6436.5,149.2,1297.5,31.3,1
4678,suv,4.8,road_loopA_r0,road_loopA_r1,6332.4,6436.6,104.2,1298.2,44.9,0
4694,suv,4.8,road_loopA_f0,xloopA_0Ab,6352.1,6436.9,84.8,505.7,21.5,1
4651,car,4.5,road_loopA_r0,xloopA_0Bb,6312.1,6437.1,125.0,895.3,25.8,2
4625,car,4.5,road_loopA_f0,road_loopA_f1,6289.6,6437.8,148.2,1304.0,31.7,1
4684,car,4.5,road_loopA_r0,road_loopA_r1,6338.8,6438.4,99.6,1297.9,46.9,0
4686,truck,8.5,road_loopA_r0,road_loopA_r1,6340.3,6438.9,98.6,1298.4,47.4,0
4693,car,4.5,road_loopA_r0,road_loopA_r1,6348.7,6440.8,92.1,1298.0,50.8,0
4692,car,4.5,road_loopA_r0,road_loopA_r1,6347.0,6443.1,96.1,1298.1,48.6,0
4634,suv,4.8,road_loopA_f0,road_loopA_f1,6297.6,6444.3,146.7,1303.4,32.0,1
4696,car,4.5,road_loopA_r0,road_loopA_r1,6352.7,6444.3,91.6,1297.7,51.0,0
4695,car,4.5,road_loopA_r0,road_loopA_r1,6352.4,6444.8,92.4,1298.1,50.6,0
4705,car,4.5,xloopA_0Aa,xloopA_0Ab,6357.2,6444.8,87.6,84.1,3.5,1
4602,car,4.5,xloopA_0Ba,xloopA_0Bb,6268.3,6445.0,176.7,84.3,1.7,1
4697,car,4.5,road_loopA_r0,road_loopA_r1,6353.1,6445.0,91.9,1298.3,50.8,0
4611,bus,11.0,road_loopA_r0,road_loopA_r1,6273.4,6446.3,172.9,1297.4,27.0,2
4646,truck,8.5,road_loopA_f0,road_loopA_f1,6310.6,6446.4,135.8,1302.8,34.5,1
4663,car,4.5,xloopA_0Ba,xloopA_0Bb,6321.9,6447.1,125.2,84.4,2.4,1
4635,truck,8.5,road_loopA_f0,road_loopA_f1,6297.6,6447.5,149.9,1303.2,31.3,1
4773,car,4.5,xloopA_0Aa,xloopA_0Ab,6417.0,6447.6,30.6,84.5,9.9,1
4657,car,4.5,road_loopA_f0,road_loopA_f1,6318.3,6448.4,130.1,1303.7,36.1,1
4715,car,4.5,xloopA_0Ba,xloopA_0Bb,6366.5,6449.6,83.1,84.6,3.7,1
4638,car,4.5,road_loopA_f0,road_loopA_f1,6302.6,6449.8,147.2,1302.9,31.9,1
4669,truck,8.5,road_loopA_f0,road_loopA_f1,6324.5,6450.5,126.0,1303.7,37.2,1
4676,car,4.5,road_loopA_f0,road_loopA_f1,6332.3,6452.4,120.1,1303.9,39.1,0
4751,car,4.5,xloopA_0Ba,xloopA_0Bb,6399.0,6452.7,53.7,84.4,5.7,0
4643,car,4.5,road_loopA_f0,road_loopA_f1,6305.4,6452.8,147.4,1303.4,31.8,1
4785,car,4.5,xloopA_0Aa,xloopA_0Ab,6426.9,6453.8,26.9,84.5,11.3,0
4683,car,4.5,xloopA_0Aa,road_loopA_f1,6337.4,6453.9,116.5,872.0,26.9,0
4685,suv,4.8,road_loopA_f0,road_loopA_f1,6339.4,6454.2,114.8,1303.1,40.9,0
4644,car,4.5,road_loopA_f0,road_loopA_f1,6308.2,6456.1,147.9,1303.8,31.7,1
4689,truck,8.5,road_loopA_f0,road_loopA_f1,6344.0,6456.4,112.4,1303.6,41.8,0
4649,suv,4.8,road_loopA_f0,road_loopA_f1,6311.5,6457.8,146.3,1303.1,32.1,1
4699,car,4.5,road_loopA_f0,road_loopA_f1,6353.2,6458.5,105.3,1304.2,44.6,0
4554,car,4.5,xloopA_0Ba,road_loopA_f1,6226.0,6459.4,233.4,902.6,13.9,1
4656,car,4.5,road_loopA_f0,road_loopA_f1,6315.6,6459.7,144.1,1303.0,32.5,1
4700,car,4.5,road_loopA_f0,road_loopA_f1,6353.8,6460.3,106.5,1304.2,44.1,0
4626,suv,4.8,road_loopA_f0,road_loopA_f1,6291.2,6461.2,170.0,1303.2,27.6,1
4665,suv,4.8,road_loopA_f0,road_loopA_f1,6322.5,6461.5,139.0,1303.6,33.8,1
4707,car,4.5,road_loopA_f0,road_loopA_f1,6358.8,6462.1,103.3,1304.1,45.5,0
4636,car,4.5,road_loopA_f0,road_loopA_f1,6300.4,6463.0,162.6,1303.1,28.9,1
4639,suv,4.8,road_loopA_r0,xloopA_0Ab,6303.0,6463.4,160.4,869.5,19.5,2
4670,car,4.5,road_loopA_f0,road_loopA_f1,6325.9,6463.4,137.5,1304.1,34.1,1
4714,truck,8.5,road_loopA_f0,road_loopA_f1,6365.6,6464.1,98.5,1304.2,47.7,0
4653,car,4.5,road_loopA_f0,road_loopA_f1,6313.7,6464.8,151.1,1303.2,31.0,1
4682,car,4.5,road_loopA_f0,road_loopA_f1,6335.7,6465.3,129.6,1303.5,36.2,0
4675,car,4.5,road_loopA_f0,road_loopA_f1,6332.2,6466.5,134.3,1303.5,35.0,0
4719,truck,8.5,road_loopA_f0,road_loopA_f1,6368.5,6466.6,98.1,1304.1,47.9,0
4701,car,4.5,road_loopA_f0,road_loopA_f1,6353.9,6467.0,113.1,1303.0,41.5,0
4671,car,4.5,road_loopA_f0,road_loopA_f1,6327.9,6468.3,140.4,1303.1,33.4,1
4724,suv,4.8,road_loopA_f0,road_loopA_f1,6370.2,6468.7,98.5,1303.7,47.7,0
4704,car,4.5,road_loopA_f0,road_loopA_f1,6356.8,6468.9,112.1,1304.0,41.9,0
4688,car,4.5,road_loopA_f0,road_loopA_f1,6344.0,6470.1,126.1,1303.1,37.2,0
4727,suv,4.8,road_loopA_f0,road_loopA_f1,6373.3,6470.5,97.2,1304.2,48.3,0
4708,car,4.5,road_loopA_f0,road_loopA_f1,6359.5,6470.9,111.4,1303.3,42.1,0
4691,car,4.5,road_loopA_f0,road_loopA_f1,6346.9,6471.9,125.0,1302.8,37.5,0
4743,suv,4.8,road_loopA_f0,xloopA_0Bb,6391.3,6472.1,80.8,479.0,21.4,2
4731,car,4.5,road_loopA_f0,road_loopA_f1,6375.3,6472.8,97.5,1303.5,48.1,0
4721,car,4.5,road_loopA_f0,road_loopA_f1,6369.2,6473.2,104.0,1302.9,45.1,0
4690,truck,8.5,road_loopA_f0,road_loopA_f1,6345.1,6474.0,128.9,1302.8,36.4,0
4717,car,4.5,road_loopA_f0,road_loopA_f1,6367.4,6474.5,107.1,1303.0,43.8,0
4713,suv,4.8,road_loopA_f0,road_loopA_f1,6363.2,6475.5,112.3,1303.3,41.8,0
4702,suv,4.8,road_loopA_f0,road_loopA_f1,6354.1,6476.4,122.3,1303.2,38.3,0
4734,car,4.5,road_loopA_f0,road_loopA_f1,6381.2,6476.6,95.4,1303.7,49.2,0
4726,car,4.5,road_loopA_f0,road_loopA_f1,6371.3,6477.3,106.0,1303.3,44.3,0
4730,truck,8.5,road_loopA_f0,road_loopA_f1,6374.7,6478.8,104.1,1303.4,45.1,0
4799,truck,8.5,road_loopA_f0,xloopA_0Bb,6440.2,6488.5,48.3,478.6,35.6,0
4698,suv,4.8,road_loopA_r0,road_loopA_r1,6353.0,6492.3,139.3,1298.1,33.6,1
4710,suv,4.8,road_loopA_r0,road_loopA_r1,6361.0,6494.0,133.0,1297.6,35.1,1
4706,suv,4.8,road_loopA_r0,road_loopA_r1,6358.5,6494.9,136.4,1297.5,34.2,1
4712,car,4.5,road_loopA_r0,road_loopA_r1,6362.9,6495.8,132.9,1297.7,35.1,1
4718,suv,4.8,road_loopA_r0,road_loopA_r1,6367.6,6497.5,129.9,1297.3,36.0,1
4722,car,4.5,road_loopA_r0,road_loopA_r1,6369.3,6499.3,130.0,1298.2,36.0,1
4729,car,4.5,road_loopA_r0,road_loopA_r1,6374.3,6501.0,126.7,1297.7,36.9,1
4709,car,4.5,road_loopA_r0,road_loopA_r1,6359.6,6504.0,144.4,1298.6,32.4,1
4742,car,4.5,xloopA_0Ba,road_loopA_r1,6388.6,6504.0,115.4,476.2,14.9,0
4725,truck,8.5,road_loopA_r0,road_loopA_r1,6370.2,6505.8,135.6,1298.3,34.5,1
4831,car,4.5,road_loopA_f0,xloopA_0Bb,6464.5,6506.1,41.6,478.7,41.4,0
4733,car,4.5,road_loopA_r0,road_loopA_r1,6377.7,6507.7,130.0,1298.5,36.0,1
4728,suv,4.8,road_loopA_r0,road_loopA_r1,6373.6,6507.9,134.3,1298.5,34.8,1
4738,car,4.5,road_loopA_r0,road_loopA_r1,6386.0,6509.5,123.5,1298.2,37.8,1
4703,car,4.5,road_loopA_r0,road_loopA_r1,6356.2,6510.7,154.5,1298.2,30.3,1
4778,car,4.5,xloopA_0Aa,road_loopA_r1,6420.5,6511.3,90.8,506.8,20.1,0
4720,car,4.5,road_loopA_r0,road_loopA_r1,6368.5,6512.9,144.4,1297.7,32.3,1
4752,suv,4.8,road_loopA_r0,road_loopA_r1,6399.6,6513.9,114.3,1298.3,40.9,0
4711,truck,8.5,road_loopA_r0,road_loopA_r1,6362.0,6514.3,152.3,1298.1,30.7,1
4737,truck,8.5,road_loopA_r0,road_loopA_r1,6385.7,6515.2,129.5,1297.9,36.1,1
4716,car,4.5,road_loopA_r0,road_loopA_r1,6366.6,6516.3,149.7,1298.6,31.2,1
4753,suv,4.8,road_loopA_r0,road_loopA_r1,6401.0,6516.6,115.6,1297.8,40.4,0
4746,car,4.5,road_loopA_r0,road_loopA_r1,6395.1,6517.1,122.0,1297.4,38.3,1
4723,car,4.5,road_loopA_r0,road_loopA_r1,6369.7,6518.0,148.3,1298.5,31.5,1
4740,car,4.5,road_loopA_f0,road_loopA_f1,6387.6,6518.2,130.6,1303.0,35.9,1
4758,car,4.5,road_loopA_r0,road_loopA_r1,6403.9,6519.1,115.2,1297.9,40.6,0
4762,suv,4.8,road_loopA_r0,road_loopA_r1,6406.6,6519.3,112.7,1297.8,41.5,0
4741,car,4.5,road_loopA_r0,road_loopA_r1,6387.8,6519.7,131.9,1298.3,35.4,1
4748,car,4.5,road_loopA_f0,road_loopA_f1,6395.4,6520.8,125.4,1303.6,37.4,1
4736,car,4.5,road_loopA_f0,road_loopA_f1,6382.4,6521.0,138.6,1303.1,33.9,1
4766,car,4.5,road_loopA_r0,road_loopA_r1,6410.1,6521.0,110.9,1298.4,42.1,0
4744,car,4.5,road_loopA_r0,road_loopA_r1,6391.5,6521.4,129.9,1297.5,35.9,1
4735,car,4.5,road_loopA_r0,xloopA_0Bb,6382.2,6522.8,140.6,895.8,22.9,1
4754,car,4.5,road_loopA_f0,road_loopA_f1,6401.3,6522.8,121.5,1303.7,38.6,1
4769,car,4.5,road_loopA_r0,road_loopA_r1,6412.8,6522.8,110.0,1298.3,42.5,0
4767,truck,8.5,road_loopA_r0,road_loopA_r1,6410.2,6523.0,112.8,1297.9,41.4,0
4750,suv,4.8,road_loopA_f0,xloopA_0Ab,6397.1,6523.3,126.2,505.3,14.4,1
4739,car,4.5,road_loopA_r0,road_loopA_r1,6386.3,6523.5,137.2,1297.6,34.0,0
4757,car,4.5,road_loopA_f0,road_loopA_f1,6402.5,6525.0,122.5,1303.9,38.3,1
4788,car,4.5,road_loopA_r0,road_loopA_r1,6428.5,6525.0,96.5,1297.8,48.4,0
4745,car,4.5,road_loopA_r0,road_loopA_r1,6392.7,6525.3,132.6,1297.4,35.2,0
4787,truck,8.5,road_loopA_r0,road_loopA_r1,6427.6,6525.3,97.7,1298.2,47.8,0
4800,car,4.5,road_loopA_r0,xloopA_0Bb,6442.8,6525.3,82.5,895.3,39.1,1
4768,car,4.5,road_loopA_f0,xloopA_0Ab,6412.5,6525.9,113.4,505.0,16.0,1
4761,car,4.5,road_loopA_f0,road_loopA_f1,6405.9,6526.0,120.1,1303.4,39.1,1
4756,truck,8.5,road_loopA_r0,road_loopA_r1,6402.1,6527.5,125.4,1298.3,37.3,0
4771,car,4.5,road_loopA_r0,road_loopA_r1,6415.3,6528.1,112.8,1297.5,41.4,0
4839,car,4.5,road_loopA_f0,xloopA_0Ab,6472.0,6529.1,57.1,505.2,31.9,0
4793,car,4.5,road_loopA_r0,road_loopA_r1,6433.9,6529.2,95.3,1298.4,49.0,0
4760,suv,4.8,road_loopA_r0,road_loopA_r1,6404.7,6529.5,124.8,1297.5,37.4,0
4749,car,4.5,road_loopA_f0,road_loopA_f1,6396.3,6531.7,135.4,1302.8,34.6,1
4759,car,4.5,road_loopA_f0,road_loopA_f1,6404.5,6532.5,128.0,1303.7,36.7,1
4797,car,4.5,road_loopA_r0,road_loopA_r1,6436.3,6532.5,96.2,1298.6,48.6,0
4687,bus,11.0,road_loopA_r0,road_loopA_r1,6340.2,6533.1,192.9,1297.3,24.2,3
4770,truck,8.5,road_loopA_f0,road_loopA_f1,6414.5,6533.8,119.3,1303.1,39.3,1
4782,suv,4.8,road_loopA_f0,road_loopA_f1,6422.3,6535.9,113.6,1302.8,41.3,0
4802,truck,8.5,road_loopA_r0,road_loopA_r1,6444.5,6536.0,91.5,1297.5,51.1,0
4755,car,4.5,road_loopA_f0,road_loopA_f1,6402.1,6536.1,134.0,1303.0,35.0,1
4805,car,4.5,road_loopA_r0,road_loopA_r1,6447.1,6536.7,89.6,1298.2,52.2,0
4774,car,4.5,xloopA_0Aa,road_loopA_f1,6417.1,6536.8,119.7,872.1,26.2,0
4777,car,4.5,road_loopA_f0,road_loopA_f1,6420.0,6537.6,117.6,1303.0,39.9,1
4789,car,4.5,xloopA_0Aa,xloopA_0Ab,6428.6,6538.4,109.8,84.2,2.8,1
4795,car,4.5,road_loopA_r0,road_loopA_r1,6434.2,6538.5,104.3,1298.1,44.8,0
4732,car,4.5,road_loopA_f0,road_loopA_f1,6375.7,6539.0,163.3,1303.7,28.7,1
4775,car,4.5,road_loopA_f0,road_loopA_f1,6417.5,6539.2,121.7,1302.8,38.5,1
4856,car,4.5,xloopA_0Ba,xloopA_0Bb,6489.7,6539.5,49.8,84.2,6.1,1
4804,car,4.5,road_loopA_r0,road_loopA_r1,6445.9,6539.8,93.9,1297.4,49.8,0
4747,car,4.5,road_loopA_f0,road_loopA_f1,6395.3,6540.6,145.3,1303.4,32.3,1
4786,car,4.5,road_loopA_f0,road_loopA_f1,6427.5,6540.7,113.2,1303.0,41.4,0
4806,truck,8.5,road_loopA_r0,road_loopA_r1,6447.6,6540.7,93.1,1297.6,50.2,0
4776,car,4.5,road_loopA_f0,road_loopA_f1,6417.8,6540.9,123.1,1303.3,38.1,1
4876,car,4.5,xloopA_0Aa,xloopA_0Ab,6504.6,6541.4,36.8,84.5,8.3,1
4872,car,4.5,xloopA_0Ba,xloopA_0Bb,6500.3,6541.7,41.4,84.2,7.3,1
4765,car,4.5,road_loopA_f0,road_loopA_f1,6407.9,6542.3,134.4,1304.0,34.9,1
4791,car,4.5,road_loopA_f0,road_loopA_f1,6429.6,6542.5,112.9,1302.9,41.6,0
4888,car,4.5,xloopA_0Aa,xloopA_0Ab,6513.0,6543.5,30.5,84.8,10.0,0
4780,car,4.5,road_loopA_f0,road_loopA_f1,6422.0,6543.7,121.7,1303.8,38.6,1
4879,car,4.5,xloopA_0Ba,xloopA_0Bb,6504.9,6543.7,38.8,84.2,7.8,0
4772,car,4.5,road_loopA_f0,road_loopA_f1,6416.2,6544.0,127.8,1303.7,36.7,1
4808,car,4.5,road_loopA_f0,road_loopA_f1,6448.8,6544.4,95.6,1303.8,49.1,0
4779,truck,8.5,road_loopA_f0,road_loopA_f1,6421.0,6545.8,124.8,1303.6,37.6,0
4796,suv,4.8,road_loopA_f0,road_loopA_f1,6435.4,6547.4,112.0,1302.8,41.9,0
4781,truck,8.5,road_loopA_f0,road_loopA_f1,6422.0,6548.4,126.4,1302.9,37.1,0
4813,car,4.5,road_loopA_f0,road_loopA_f1,6452.8,6549.1,96.3,1303.9,48.8,0
4783,car,4.5,road_loopA_f0,road_loopA_f1,6423.1,6549.3,126.2,1303.0,37.2,0
4784,car,4.5,road_loopA_f0,road_loopA_f1,6426.9,6551.0,124.1,1303.7,37.8,0
4823,car,4.5,road_loopA_f0,road_loopA_f1,6459.4,6551.5,92.1,1304.1,51.0,0
4810,truck,8.5,road_loopA_f0,road_loopA_f1,6451.6,6553.0,101.4,1303.9,46.3,0
4819,car,4.5,road_loopA_f0,road_loopA_f1,6457.4,6554.1,96.7,1302.8,48.5,0
4816,car,4.5,road_loopA_f0,road_loopA_f1,6455.1,6554.4,99.3,1303.8,47.3,0
4821,car,4.5,road_loopA_f0,road_loopA_f1,6459.0,6556.1,97.1,1302.8,48.3,0
4827,car,4.5,road_loopA_f0,road_loopA_f1,6461.1,6557.9,96.8,1303.6,48.5,0
4809,car,4.5,road_loopA_f0,road_loopA_f1,6450.2,6562.1,111.9,1303.4,41.9,0
4792,car,4.5,road_loopA_r0,xloopA_0Ab,6432.0,6564.3,132.3,869.0,23.6,3
4842,car,4.5,road_loopA_f0,xloopA_0Bb,6475.3,6564.5,89.2,478.7,19.3,2
4794,suv,4.8,road_loopA_f0,road_loopA_f1,6434.1,6565.7,131.6,1302.9,35.7,0
4859,car,4.5,road_loopA_f0,xloopA_0Bb,6494.0,6568.2,74.2,479.0,23.2,2
4764,bus,11.0,road_loopA_f0,road_loopA_f1,6407.6,6569.2,161.6,1303.2,29.0,3
4825,truck,8.5,road_loopA_r0,xloopA_0Ab,6459.9,6569.7,109.8,869.2,28.5,1
4834,car,4.5,road_loopA_f0,road_loopA_f1,6470.6,6570.9,100.3,1303.0,46.8,0
4837,car,4.5,road_loopA_f0,road_loopA_f1,6471.4,6572.4,101.0,1302.8,46.5,0
4820,suv,4.8,road_loopA_r0,xloopA_0Ab,6458.6,6573.5,114.9,869.2,27.2,2
4881,truck,8.5,road_loopA_f0,xloopA_0Bb,6510.6,6573.6,63.0,479.0,27.4,1
4841,car,4.5,road_loopA_f0,road_loopA_f1,6473.7,6574.2,100.5,1303.7,46.7,0
4833,truck,8.5,road_loopA_f0,road_loopA_f1,6470.5,6575.1,104.6,1304.0,44.9,0
4900,car,4.5,road_loopA_f0,xloopA_0Bb,6523.1,6577.1,54.0,478.9,31.9,0
4817,car,4.5,road_loopA_r0,xloopA_0Ab,6456.2,6577.2,121.0,869.1,25.9,2
4812,suv,4.8,road_loopA_r0,road_loopA_r1,6452.4,6581.5,129.1,1298.3,36.2,1
4814,car,4.5,road_loopA_r0,road_loopA_r1,6454.0,6584.5,130.5,1297.4,35.8,1
4822,suv,4.8,road_loopA_r0,road_loopA_r1,6459.2,6587.1,127.9,1297.3,36.5,1
4826,suv,4.8,road_loopA_r0,road_loopA_r1,6460.6,6589.4,128.8,1298.1,36.3,1
4927,car,4.5,road_loopA_f0,xloopA_0Bb,6548.5,6590.8,42.3,478.9,40.8,0
4815,car,4.5,road_loopA_r0,road_loopA_r1,6454.7,6593.5,138.8,1298.0,33.7,1
4811,car,4.5,road_loopA_r0,road_loopA_r1,6452.1,6595.2,143.1,1298.4,32.7,1
4818,car,4.5,road_loopA_r0,road_loopA_r1,6456.8,6595.2,138.4,1298.4,33.8,1
4763,bus,11.0,road_loopA_f0,road_loopA_f1,6406.6,6596.4,189.8,1302.8,24.7,4
4905,car,4.5,xloopA_0Ba,road_loopA_r1,6529.8,6596.4,66.6,476.3,25.7,0
4824,truck,8.5,road_loopA_r0,road_loopA_r1,6459.6,6597.4,137.8,1297.8,33.9,1
4840,car,4.5,road_loopA_r0,road_loopA_r1,6473.3,6599.5,126.2,1297.5,37.0,1
4790,car,4.5,road_loopA_r0,road_loopA_r1,6428.7,6599.6,170.9,1297.3,27.3,1
4832,car,4.5,road_loopA_r0,road_loopA_r1,6467.9,6600.6,132.7,1297.6,35.2,1
4857,car,4.5,xloopA_0Aa,road_loopA_r1,6491.2,6601.2,110.0,506.8,16.6,1
4846,car,4.5,road_loopA_r0,road_loopA_r1,6477.6,6601.4,123.8,1298.0,37.7,1
4828,suv,4.8,road_loopA_r0,road_loopA_r1,6462.7,6602.4,139.7,1298.1,33.5,1
4845,suv,4.8,road_loopA_r0,road_loopA_r1,6476.4,6603.1,126.7,1297.4,36.9,1
4909,car,4.5,xloopA_0Aa,road_loopA_r1,6532.2,6604.0,71.8,506.8,25.4,0
4829,car,4.5,road_loopA_r0,road_loopA_r1,6463.2,6604.2,141.0,1297.4,33.1,1
4861,car,4.5,road_loopA_r0,road_loopA_r1,6495.4,6605.0,109.6,1298.6,42.7,0
4801,car,4.5,road_loopA_r0,road_loopA_r1,6444.3,6605.7,161.4,1297.7,28.9,1
4843,suv,4.8,road_loopA_r0,road_loopA_r1,6475.4,6606.0,130.6,1298.4,35.8,1
4838,car,4.5,road_loopA_r0,road_loopA_r1,6471.9,6607.8,135.9,1298.2,34.4,1
4803,truck,8.5,road_loopA_r0,road_loopA_r1,6445.3,6607.9,162.6,1298.1,28.7,1
4869,car,4.5,road_loopA_r0,road_loopA_r1,6498.3,6608.9,110.6,1297.8,42.2,0
4807,car,4.5,road_loopA_r0,road_loopA_r1,6448.5,6609.9,161.4,1298.5,29.0,1
4830,truck,8.5,road_loopA_r0,road_loopA_r1,6464.2,6611.4,147.2,1297.6,31.7,1
4873,car,4.5,road_loopA_r0,road_loopA_r1,6500.4,6611.4,111.0,1297.9,42.1,0
4844,car,4.5,road_loopA_r0,road_loopA_r1,6475.8,6612.7,136.9,1297.7,34.1,1
4849,suv,4.8,road_loopA_f0,road_loopA_f1,6481.8,6613.1,131.3,1303.0,35.7,1
4850,suv,4.8,road_loopA_f0,road_loopA_f1,6483.4,6613.1,129.7,1302.9,36.2,1
4835,truck,8.5,road_loopA_r0,road_loopA_r1,6470.9,6613.2,142.3,1297.6,32.8,0
4875,car,4.5,road_loopA_r0,road_loopA_r1,6503.2,6613.8,110.6,1297.3,42.2,0
4851,car,4.5,road_loopA_r0,road_loopA_r1,6484.8,6614.5,129.7,1298.5,36.0,1
4883,car,4.5,road_loopA_r0,road_loopA_r1,6511.5,6615.3,103.8,1297.6,45.0,0
4864,truck,8.5,road_loopA_r0,road_loopA_r1,6496.4,6615.6,119.2,1297.6,39.2,0
4847,car,4.5,road_loopA_r0,xloopA_0Bb,6478.2,6616.2,138.0,895.4,23.4,1
4853,car,4.5,road_loopA_r0,road_loopA_r1,6487.2,6616.3,129.1,1298.5,36.2,1
4863,car,4.5,road_loopA_f0,road_loopA_f1,6496.3,6616.3,120.0,1303.5,39.1,1
4890,car,4.5,road_loopA_f0,xloopA_0Ab,6513.9,6616.8,102.9,505.1,17.7,1
4886,car,4.5,road_loopA_r0,road_loopA_r1,6512.0,6617.1,105.1,1297.4,44.4,0
4855,car,4.5,road_loopA_r0,road_loopA_r1,6489.0,6617.7,128.7,1297.7,36.3,0
4854,car,4.5,road_loopA_r0,road_loopA_r1,6488.8,6618.1,129.3,1298.5,36.2,1
4892,suv,4.8,road_loopA_r0,road_loopA_r1,6514.5,6618.9,104.4,1298.1,44.7,0
4867,car,4.5,road_loopA_f0,road_loopA_f1,6497.6,6619.3,121.7,1304.2,38.6,1
4917,car,4.5,road_loopA_f0,xloopA_0Ab,6539.9,6619.4,79.5,505.2,22.9,1
4848,truck,8.5,road_loopA_r0,xloopA_0Bb,6480.2,6619.7,139.5,896.0,23.1,1
4862,truck,8.5,road_loopA_r0,road_loopA_r1,6495.8,6619.8,124.0,1298.0,37.7,0
4866,car,4.5,road_loopA_r0,road_loopA_r1,6496.8,6621.1,124.3,1297.9,37.6,0
4896,car,4.5,road_loopA_r0,road_loopA_r1,6519.5,6621.5,102.0,1298.6,45.8,0
4894,car,4.5,road_loopA_r0,road_loopA_r1,6517.3,6621.8,104.5,1298.0,44.7,0
4904,car,4.5,road_loopA_r0,xloopA_0Bb,6527.0,6622.7,95.7,895.7,33.7,1
4871,suv,4.8,road_loopA_r0,road_loopA_r1,6499.9,6622.8,122.9,1297.6,38.0,0
4901,car,4.5,road_loopA_r0,road_loopA_r1,6523.1,6623.7,100.6,1298.5,46.5,0
4885,car,4.5,road_loopA_r0,road_loopA_r1,6512.0,6624.7,112.7,1297.3,41.4,0
4870,suv,4.8,road_loopA_f0,road_loopA_f1,6498.9,6625.4,126.5,1303.5,37.1,1
4852,truck,8.5,road_loopA_f0,road_loopA_f1,6485.6,6625.8,140.2,1303.2,33.5,1
4889,car,4.5,road_loopA_r0,road_loopA_r1,6513.6,6626.6,113.0,1298.0,41.3,0
4913,suv,4.8,road_loopA_r0,road_loopA_r1,6533.9,6626.8,92.9,1297.4,50.3,0
4882,car,4.5,road_loopA_f0,road_loopA_f1,6510.9,6627.1,116.2,1303.2,40.4,1
4899,car,4.5,road_loopA_r0,road_loopA_r1,6522.8,6628.0,105.2,1297.7,44.4,0
4891,car,4.5,road_loopA_f0,road_loopA_f1,6514.4,6628.7,114.3,1303.2,41.0,0
4893,car,4.5,road_loopA_r0,road_loopA_r1,6516.6,6628.8,112.2,1298.0,41.6,0
4911,car,4.5,road_loopA_r0,road_loopA_r1,6532.9,6629.6,96.7,1298.1,48.3,0
4946,car,4.5,xloopA_0Aa,xloopA_0Ab,6569.6,6629.7,60.1,84.6,5.1,1
4964,car,4.5,xloopA_0Ba,xloopA_0Bb,6579.7,6630.1,50.4,84.1,6.0,1
4895,car,4.5,road_loopA_f0,road_loopA_f1,6518.5,6630.3,111.8,1303.4,42.0,0
4910,car,4.5,road_loopA_r0,road_loopA_r1,6532.6,6630.6,98.0,1298.2,47.7,0
4858,car,4.5,road_loopA_f0,road_loopA_f1,6493.0,6631.2,138.2,1303.1,33.9,1
4914,suv,4.8,road_loopA_r0,road_loopA_r1,6534.4,6631.7,97.3,1297.3,48.0,0
4902,car,4.5,road_loopA_f0,road_loopA_f1,6523.4,6632.0,108.6,1302.8,43.2,1
4920,car,4.5,road_loopA_r0,road_loopA_r1,6541.9,6633.0,91.1,1297.8,51.3,0
5014,car,4.5,xloopA_0Aa,xloopA_0Ab,6619.4,6633.2,13.8,84.5,22.0,0
4836,truck,8.5,road_loopA_f0,road_loopA_f1,6471.1,6633.7,162.6,1303.6,28.9,1
4906,car,4.5,road_loopA_f0,road_loopA_f1,6531.1,6633.8,102.7,1303.6,45.7,0
4984,car,4.5,xloopA_0Ba,xloopA_0Bb,6597.0,6634.3,37.3,84.5,8.1,1
5019,car,4.5,xloopA_0Aa,xloopA_0Ab,6623.2,6635.3,12.1,84.7,25.2,0
4887,suv,4.8,road_loopA_f0,road_loopA_f1,6513.0,6635.4,122.4,1302.9,38.3,1
4912,car,4.5,road_loopA_f0,road_loopA_f1,6533.4,6635.5,102.1,1303.0,45.9,0
4877,suv,4.8,road_loopA_f0,road_loopA_f1,6504.7,6635.9,131.2,1303.8,35.8,1
5022,car,4.5,xloopA_0Aa,xloopA_0Ab,6624.4,6637.4,13.0,84.5,23.4,0
4924,suv,4.8,road_loopA_f0,road_loopA_f1,6546.6,6637.5,90.9,1304.0,51.6,0
5023,car,4.5,xloopA_0Ba,xloopA_0Bb,6624.9,6637.9,13.0,84.7,23.5,0
4898,car,4.5,road_loopA_f0,road_loopA_f1,6522.1,6638.0,115.9,1302.9,40.5,0
4907,car,4.5,road_loopA_f0,road_loopA_f1,6531.5,6639.6,108.1,1303.8,43.4,0
4903,suv,4.8,road_loopA_f0,road_loopA_f1,6525.6,6640.2,114.6,1303.7,41.0,0
4923,car,4.5,road_loopA_f0,road_loopA_f1,6544.2,6641.3,97.1,1303.0,48.3,0
4874,car,4.5,road_loopA_f0,road_loopA_f1,6502.4,6641.8,139.4,1303.7,33.7,1
4931,suv,4.8,road_loopA_f0,road_loopA_f1,6553.7,6643.2,89.5,1304.1,52.4,0
4798,car,4.5,xloopA_0Ba,road_loopA_f1,6436.9,6643.7,206.8,902.3,15.7,1
4868,car,4.5,road_loopA_f0,road_loopA_f1,6497.9,6644.6,146.7,1303.1,32.0,1
4860,car,4.5,road_loopA_f0,road_loopA_f1,6494.6,6645.4,150.8,1303.8,31.1,1
4897,car,4.5,road_loopA_r0,xloopA_0Ab,6521.9,6645.6,123.7,869.2,25.3,2
4884,car,4.5,road_loopA_f0,road_loopA_f1,6511.9,6646.4,134.5,1302.8,34.9,0
4865,car,4.5,road_loopA_f0,road_loopA_f1,6496.7,6647.0,150.3,1302.9,31.2,1
4915,suv,4.8,road_loopA_f0,road_loopA_f1,6537.6,6648.3,110.7,1303.9,42.4,0
4878,suv,4.8,road_loopA_f0,road_loopA_f1,6504.9,6649.1,144.2,1303.7,32.5,1
4932,car,4.5,road_loopA_f0,road_loopA_f1,6554.4,6650.7,96.3,1304.1,48.7,0
4880,truck,8.5,road_loopA_f0,road_loopA_f1,6507.8,6651.2,143.4,1303.4,32.7,1
4948,car,4.5,road_loopA_f0,xloopA_0Bb,6570.6,6652.9,82.3,478.8,20.9,2
4962,car,4.5,road_loopA_f0,xloopA_0Bb,6577.6,6656.5,78.9,478.6,21.8,2
4935,car,4.5,road_loopA_r0,xloopA_0Ab,6558.6,6656.7,98.1,869.1,31.9,1
4936,truck,8.5,road_loopA_f0,road_loopA_f1,6560.5,6658.5,98.0,1302.9,47.9,0
4991,suv,4.8,road_loopA_f0,xloopA_0Bb,6600.7,6663.3,62.6,479.1,27.5,0
4943,car,4.5,road_loopA_f0,road_loopA_f1,6568.2,6664.6,96.4,1303.0,48.7,0
4921,car,4.5,road_loopA_r0,road_loopA_r1,6542.9,6671.5,128.6,1297.2,36.3,1
4919,car,4.5,road_loopA_f0,road_loopA_f1,6541.9,6672.6,130.7,1303.7,35.9,0
4929,car,4.5,road_loopA_r0,road_loopA_r1,6551.5,6673.2,121.7,1298.2,38.4,1
4926,car,4.5,road_loopA_r0,road_loopA_r1,6548.3,6677.5,129.2,1298.2,36.2,1
4930,car,4.5,road_loopA_r0,road_loopA_r1,6552.5,6678.2,125.7,1298.1,37.2,1
4916,car,4.5,road_loopA_r0,road_loopA_r1,6539.2,6679.8,140.6,1298.0,33.2,1
4937,car,4.5,road_loopA_r0,road_loopA_r1,6560.8,6681.3,120.5,1297.8,38.8,1
4908,truck,8.5,road_loopA_r0,road_loopA_r1,6532.0,6682.2,150.2,1297.4,31.1,1
4942,car,4.5,road_loopA_r0,road_loopA_r1,6566.0,6684.6,118.6,1298.1,39.4,1
4918,suv,4.8,road_loopA_r0,road_loopA_r1,6541.7,6684.8,143.1,1297.3,32.6,1
4922,car,4.5,road_loopA_r0,road_loopA_r1,6543.7,6686.5,142.8,1298.0,32.7,1
4925,truck,8.5,road_loopA_r0,road_loopA_r1,6548.1,6687.3,139.2,1297.7,33.6,1
4939,car,4.5,road_loopA_r0,road_loopA_r1,6562.0,6687.3,125.3,1298.5,37.3,1
4956,car,4.5,road_loopA_r0,road_loopA_r1,6574.3,6688.2,113.9,1297.7,41.0,1
4928,car,4.5,road_loopA_r0,road_loopA_r1,6549.2,6689.3,140.1,1297.7,33.3,1
4949,car,4.5,road_loopA_r0,road_loopA_r1,6570.5,6689.8,119.3,1298.1,39.2,1
4941,car,4.5,road_loopA_r0,road_loopA_r1,6565.4,6690.9,125.5,1297.4,37.2,1
4944,suv,4.8,road_loopA_r0,road_loopA_r1,6569.0,6692.7,123.7,1298.3,37.8,1
4963,suv,4.8,road_loopA_r0,road_loopA_r1,6578.1,6692.7,114.6,1298.2,40.8,0
4950,car,4.5,road_loopA_r0,road_loopA_r1,6570.9,6693.8,122.9,1297.6,38.0,1
4969,car,4.5,road_loopA_r0,road_loopA_r1,6582.4,6695.4,113.0,1297.7,41.4,0
4934,suv,4.8,road_loopA_r0,road_loopA_r1,6556.9,6697.4,140.5,1297.5,33.2,1
4960,suv,4.8,road_loopA_r0,road_loopA_r1,6576.8,6697.7,120.9,1297.9,38.7,0
4951,car,4.5,road_loopA_f0,road_loopA_f1,6571.8,6698.8,127.0,1302.9,36.9,1
4982,car,4.5,road_loopA_r0,road_loopA_r1,6595.8,6698.8,103.0,1297.3,45.3,0
4938,car,4.5,road_loopA_r0,road_loopA_r1,6561.9,6699.3,137.4,1297.9,34.0,1
4954,car,4.5,road_loopA_r0,road_loopA_r1,6573.0,6699.6,126.6,1298.1,36.9,1
4945,car,4.5,road_loopA_r0,road_loopA_r1,6569.3,6700.9,131.6,1297.6,35.5,1
4977,car,4.5,road_loopA_r0,road_loopA_r1,6592.2,6701.3,109.1,1298.0,42.8,0
4985,car,4.5,road_loopA_r0,road_loopA_r1,6597.7,6701.5,103.8,1297.4,45.0,0
4967,car,4.5,road_loopA_r0,road_loopA_r1,6581.7,6702.6,120.9,1297.8,38.7,0
4993,car,4.5,road_loopA_r0,road_loopA_r1,6603.3,6703.2,99.9,1297.7,46.8,0
4973,car,4.5,road_loopA_r0,road_loopA_r1,6584.6,6703.6,119.0,1297.4,39.2,0
4972,suv,4.8,road_loopA_r0,road_loopA_r1,6583.4,6704.3,120.9,1297.7,38.6,0
4947,car,4.5,road_loopA_f0,road_loopA_f1,6569.7,6705.0,135.3,1303.0,34.7,1
4975,suv,4.8,road_loopA_r0,road_loopA_r1,6590.9,6705.2,114.3,1297.8,40.9,0
4952,car,4.5,road_loopA_r0,road_loopA_r1,6572.1,6705.3,133.2,1297.7,35.1,1
4981,car,4.5,road_loopA_r0,road_loopA_r1,6594.6,6706.7,112.1,1298.1,41.7,0
4983,suv,4.8,road_loopA_r0,road_loopA_r1,6596.9,6707.8,110.9,1297.5,42.1,0
4958,suv,4.8,road_loopA_f0,road_loopA_f1,6575.6,6709.4,133.8,1303.3,35.1,1
4989,suv,4.8,road_loopA_r0,road_loopA_r1,6600.0,6709.7,109.7,1298.5,42.6,0
4992,car,4.5,road_loopA_r0,road_loopA_r1,6602.2,6709.9,107.7,1298.1,43.4,0
5029,suv,4.8,road_loopA_f0,xloopA_0Ab,6630.7,6710.4,79.7,505.7,22.8,1
4994,car,4.5,road_loopA_r0,road_loopA_r1,6606.4,6711.2,104.8,1297.9,44.6,0
4995,car,4.5,road_loopA_r0,road_loopA_r1,6608.0,6711.9,103.9,1298.0,45.0,0
4953,car,4.5,road_loopA_f0,road_loopA_f1,6572.6,6712.9,140.3,1302.9,33.4,1
5043,car,4.5,road_loopA_f0,xloopA_0Ab,6645.9,6713.0,67.1,505.4,27.1,1
4955,truck,8.5,road_loopA_f0,road_loopA_f1,6573.9,6713.7,139.8,1303.6,33.6,1
5001,car,4.5,road_loopA_r0,road_loopA_r1,6612.1,6715.1,103.0,1298.4,45.4,0
4968,car,4.5,road_loopA_f0,road_loopA_f1,6582.2,6715.6,133.4,1303.0,35.2,1
5066,car,4.5,road_loopA_f0,xloopA_0Ab,6665.6,6716.0,50.4,505.1,36.1,0
4965,car,4.5,road_loopA_f0,road_loopA_f1,6580.5,6717.2,136.7,1303.5,34.3,1
5007,truck,8.5,road_loopA_r0,road_loopA_r1,6615.0,6717.8,102.8,1298.1,45.5,0
4990,suv,4.8,road_loopA_r0,road_loopA_r1,6600.4,6718.4,118.0,1297.4,39.6,0
5000,car,4.5,road_loopA_r0,road_loopA_r1,6611.7,6718.6,106.9,1298.2,43.7,0
4979,suv,4.8,road_loopA_f0,road_loopA_f1,6592.3,6718.9,126.6,1303.8,37.1,1
5003,car,4.5,road_loopA_r0,road_loopA_r1,6613.6,6720.3,106.7,1298.3,43.8,0
5015,car,4.5,road_loopA_r0,road_loopA_r1,6620.3,6720.3,100.0,1297.8,46.7,0
4988,car,4.5,road_loopA_f0,road_loopA_f1,6600.0,6720.7,120.7,1303.5,38.9,1
4957,truck,8.5,road_loopA_f0,road_loopA_f1,6574.6,6721.1,146.5,1303.1,32.0,1
5025,suv,4.8,road_loopA_r0,road_loopA_r1,6627.6,6721.4,93.8,1298.1,49.8,0
5008,car,4.5,road_loopA_r0,road_loopA_r1,6616.6,6722.0,105.4,1297.3,44.3,0
4961,truck,8.5,road_loopA_f0,road_loopA_f1,6576.9,6722.5,145.6,1303.6,32.2,1
4998,car,4.5,road_loopA_f0,road_loopA_f1,6610.8,6722.5,111.7,1303.0,42.0,0
5012,car,4.5,road_loopA_r0,road_loopA_r1,6618.2,6723.8,105.6,1298.7,44.3,0
5002,car,4.5,road_loopA_f0,road_loopA_f1,6612.7,6724.3,111.6,1303.3,42.0,0
5017,car,4.5,road_loopA_r0,road_loopA_r1,6621.1,6724.6,103.5,1298.1,45.1,0
4978,car,4.5,road_loopA_f0,road_loopA_f1,6592.3,6724.9,132.6,1303.6,35.4,1
5034,car,4.5,xloopA_0Aa,xloopA_0Ab,6633.9,6725.1,91.2,84.3,3.3,1
5010,car,4.5,road_loopA_r0,road_loopA_r1,6617.3,6725.9,108.6,1298.4,43.0,0
4997,car,4.5,road_loopA_f0,road_loopA_f1,6609.6,6726.3,116.7,1303.3,40.2,0
5006,car,4.5,road_loopA_f0,road_loopA_f1,6614.6,6726.8,112.2,1302.9,41.8,0
4999,car,4.5,road_loopA_f0,road_loopA_f1,6611.5,6727.8,116.3,1304.0,40.4,0
5078,car,4.5,xloopA_0Aa,xloopA_0Ab,6675.6,6727.8,52.2,84.7,5.8,1
5013,car,4.5,road_loopA_r0,road_loopA_r1,6618.8,6727.9,109.1,1298.4,42.9,0
5016,car,4.5,road_loopA_f0,road_loopA_f1,6620.6,6728.5,107.9,1303.0,43.5,0
4959,suv,4.8,road_loopA_r0,road_loopA_r1,6576.3,6729.1,152.8,1297.6,30.6,0
5021,suv,4.8,road_loopA_r0,road_loopA_r1,6624.2,6729.1,104.9,1298.0,44.5,0
5020,car,4.5,road_loopA_r0,road_loopA_r1,6623.9,6729.3,105.4,1298.2,44.3,0
5009,car,4.5,road_loopA_f0,road_loopA_f1,6617.0,6729.7,112.7,1303.5,41.7,0
5089,car,4.5,xloopA_0Aa,xloopA_0Ab,6684.1,6729.9,45.8,84.5,6.6,1
4971,car,4.5,xloopA_0Ba,road_loopA_f1,6583.0,6730.2,147.2,902.7,22.1,1
5036,car,4.5,road_loopA_f0,road_loopA_f1,6635.5,6730.3,94.8,1303.6,49.5,0
4996,car,4.5,road_loopA_r0,road_loopA_r1,6609.1,6730.8,121.7,1297.5,38.4,0
5026,suv,4.8,road_loopA_r0,road_loopA_r1,6628.6,6731.0,102.4,1297.3,45.6,0
5093,car,4.5,xloopA_0Ba,xloopA_0Bb,6686.8,6731.6,44.8,84.2,6.8,1
4966,car,4.5,road_loopA_f0,road_loopA_f1,6580.7,6731.9,151.2,1303.8,31.0,1
5024,suv,4.8,road_loopA_r0,road_loopA_r1,6625.0,6731.9,106.9,1297.3,43.7,0
5121,car,4.5,xloopA_0Aa,xloopA_0Ab,6707.3,6732.1,24.8,84.2,12.2,0
5032,suv,4.8,road_loopA_f0,road_loopA_f1,6633.2,6732.9,99.7,1304.0,47.1,0
4974,suv,4.8,road_loopA_f0,road_loopA_f1,6590.3,6733.5,143.2,1302.9,32.7,1
5038,car,4.5,road_loopA_f0,road_loopA_f1,6642.4,6733.6,91.2,1303.1,51.4,0
5120,car,4.5,xloopA_0Ba,xloopA_0Bb,6705.7,6734.4,28.7,84.3,10.6,0
4980,car,4.5,road_loopA_f0,road_loopA_f1,6594.1,6735.2,141.1,1303.0,33.2,1
5004,car,4.5,road_loopA_f0,road_loopA_f1,6614.4,6735.7,121.3,1303.6,38.7,0
5011,suv,4.8,road_loopA_f0,road_loopA_f1,6617.9,6735.8,117.9,1303.4,39.8,0
5040,car,4.5,road_loopA_f0,road_loopA_f1,6643.4,6737.0,93.6,1303.4,50.1,0
5041,car,4.5,road_loopA_f0,road_loopA_f1,6643.5,6737.4,93.9,1302.8,50.0,0
5027,suv,4.8,road_loopA_f0,road_loopA_f1,6629.2,6737.7,108.5,1303.6,43.3,0
5044,car,4.5,road_loopA_f0,road_loopA_f1,6646.4,6739.4,93.0,1303.5,50.5,0
4976,truck,8.5,road_loopA_f0,road_loopA_f1,6591.2,6741.0,149.8,1303.0,31.3,1
5045,suv,4.8,road_loopA_f0,road_loopA_f1,6647.1,6743.1,96.0,1303.1,48.9,0
5048,suv,4.8,road_loopA_f0,road_loopA_f1,6650.0,6745.9,95.9,1303.4,48.9,0
5052,suv,4.8,road_loopA_f0,road_loopA_f1,6656.3,6747.2,90.9,1303.1,51.6,0
5053,suv,4.8,road_loopA_f0,road_loopA_f1,6656.8,6747.6,90.8,1303.0,51.7,0
5057,car,4.5,road_loopA_f0,road_loopA_f1,6660.8,6750.1,89.3,1303.1,52.5,0
5071,suv,4.8,road_loopA_r0,xloopA_0Ab,6669.2,6751.3,82.1,869.4,38.1,1
5063,car,4.5,road_loopA_f0,xloopA_0Bb,6664.1,6751.9,87.8,478.7,19.6,1
5046,truck,8.5,road_loopA_f0,road_loopA_f1,6647.9,6752.7,104.8,1303.1,44.8,0
5055,suv,4.8,road_loopA_f0,road_loopA_f1,6659.8,6756.3,96.5,1302.8,48.6,0
5018,car,4.5,xloopA_0Ba,road_loopA_f1,6621.7,6757.3,135.6,902.3,24.0,0
5062,car,4.5,road_loopA_f0,road_loopA_f1,6663.1,6757.5,94.4,1303.9,49.7,0
5065,suv,4.8,road_loopA_f0,road_loopA_f1,6664.8,6758.1,93.3,1303.9,50.3,0
5082,suv,4.8,road_loopA_f0,xloopA_0Bb,6678.8,6759.2,80.4,478.9,21.4,2
5051,truck,8.5,road_loopA_f0,road_loopA_f1,6656.0,6762.4,106.4,1303.7,44.1,0
5125,suv,4.8,road_loopA_f0,xloopA_0Bb,6713.0,6762.9,49.9,479.2,34.6,0
5141,truck,8.5,road_loopA_f0,xloopA_0Bb,6723.2,6768.4,45.2,478.4,38.1,0
5028,car,4.5,xloopA_0Ba,road_loopA_r1,6630.7,6776.7,146.0,476.6,11.7,1
5031,suv,4.8,road_loopA_r0,road_loopA_r1,6633.2,6777.1,143.9,1297.4,32.4,1
5039,suv,4.8,road_loopA_r0,road_loopA_r1,6642.8,6778.8,136.0,1297.3,34.3,1
5079,car,4.5,xloopA_0Ba,road_loopA_r1,6677.2,6781.0,103.8,476.5,16.5,1
5030,car,4.5,road_loopA_r0,road_loopA_r1,6631.8,6781.5,149.7,1297.8,31.2,1
5042,car,4.5,road_loopA_r0,road_loopA_r1,6643.6,6782.2,138.6,1297.7,33.7,1
5035,suv,4.8,road_loopA_r0,road_loopA_r1,6635.0,6783.3,148.3,1297.4,31.5,1
5047,car,4.5,road_loopA_r0,road_loopA_r1,6649.0,6784.9,135.9,1297.6,34.4,1
5037,car,4.5,road_loopA_r0,road_loopA_r1,6641.9,6785.1,143.2,1297.6,32.6,1
5054,car,4.5,road_loopA_r0,road_loopA_r1,6657.8,6785.3,127.5,1297.3,36.6,1
5058,car,4.5,road_loopA_r0,road_loopA_r1,6662.0,6786.6,124.6,1298.1,37.5,1
5049,suv,4.8,road_loopA_r0,road_loopA_r1,6652.9,6786.8,133.9,1297.9,34.9,1
5061,car,4.5,road_loopA_r0,road_loopA_r1,6662.4,6787.8,125.4,1297.7,37.3,1
5056,car,4.5,road_loopA_r0,road_loopA_r1,6660.5,6788.6,128.1,1298.5,36.5,1
5080,car,4.5,road_loopA_r0,road_loopA_r1,6677.6,6789.8,112.2,1298.4,41.7,1
5059,car,4.5,road_loopA_r0,road_loopA_r1,6662.1,6790.4,128.3,1298.3,36.4,1
5068,car,4.5,road_loopA_r0,road_loopA_r1,6666.8,6791.8,125.0,1298.2,37.4,1
4986,bus,11.0,road_loopA_f0,road_loopA_f1,6599.6,6792.2,192.6,1303.2,24.4,2
5064,car,4.5,road_loopA_r0,road_loopA_r1,6664.0,6792.2,128.2,1298.5,36.5,1
5084,car,4.5,road_loopA_r0,road_loopA_r1,6679.5,6792.5,113.0,1298.2,41.4,1
5110,car,4.5,road_loopA_r0,xloopA_0Ab,6701.3,6793.5,92.2,869.1,33.9,1
5070,car,4.5,road_loopA_r0,road_loopA_r1,6667.5,6793.9,126.4,1297.5,37.0,1
5085,car,4.5,road_loopA_r0,road_loopA_r1,6679.6,6794.0,114.4,1298.4,40.8,1
5081,car,4.5,road_loopA_r0,road_loopA_r1,6678.4,6795.8,117.4,1298.5,39.8,1
5091,car,4.5,road_loopA_r0,road_loopA_r1,6684.6,6795.8,111.2,1297.9,42.0,1
5092,truck,8.5,road_loopA_r0,road_loopA_r1,6686.2,6795.8,109.6,1298.5,42.7,0
5095,car,4.5,road_loopA_r0,road_loopA_r1,6688.1,6797.4,109.3,1298.3,42.8,0
5107,car,4.5,road_loopA_r0,road_loopA_r1,6699.2,6799.2,100.0,1298.2,46.7,0
5100,car,4.5,road_loopA_r0,road_loopA_r1,6692.3,6800.5,108.2,1298.3,43.2,0
5109,suv,4.8,road_loopA_r0,road_loopA_r1,6700.0,6801.9,101.9,1298.5,45.9,0
345,tram,34.0,loopA,loopA,2455.1,6802.4,4347.3,33703.3,27.9,40
5088,car,4.5,road_loopA_f0,xloopA_0Ab,6681.6,6803.8,122.2,505.1,14.9,1
5113,suv,4.8,road_loopA_r0,road_loopA_r1,6702.2,6803.8,101.6,1297.5,46.0,0
5117,car,4.5,road_loopA_r0,road_loopA_r1,6704.5,6804.7,100.2,1297.4,46.6,0
5072,car,4.5,road_loopA_f0,road_loopA_f1,6669.9,6805.8,135.9,1303.9,34.6,1
5102,truck,8.5,road_loopA_r0,road_loopA_r1,6692.9,6806.1,113.2,1298.1,41.3,0
5069,suv,4.8,road_loopA_f0,road_loopA_f1,6667.2,6806.2,139.0,1303.4,33.8,1
5094,car,4.5,road_loopA_f0,xloopA_0Ab,6687.0,6806.4,119.4,505.2,15.2,1
5118,suv,4.8,road_loopA_r0,road_loopA_r1,6705.6,6806.9,101.3,1297.9,46.1,0
5073,suv,4.8,road_loopA_f0,road_loopA_f1,6670.2,6807.9,137.7,1303.3,34.1,1
5124,suv,4.8,road_loopA_r0,road_loopA_r1,6709.2,6808.0,98.8,1297.5,47.3,0
5119,car,4.5,road_loopA_r0,road_loopA_r1,6705.7,6808.6,102.9,1298.4,45.4,0
5105,car,4.5,road_loopA_r0,road_loopA_r1,6697.3,6808.7,111.4,1297.7,41.9,0
5139,car,4.5,road_loopA_f0,xloopA_0Ab,6720.6,6809.1,88.5,505.4,20.6,1
5106,suv,4.8,road_loopA_r0,road_loopA_r1,6698.5,6810.4,111.9,1297.7,41.8,0
5077,car,4.5,road_loopA_f0,road_loopA_f1,6674.8,6810.5,135.7,1303.8,34.6,1
5067,suv,4.8,road_loopA_f0,road_loopA_f1,6666.0,6810.7,144.7,1303.1,32.4,1
5126,car,4.5,road_loopA_r0,road_loopA_r1,6714.9,6810.8,95.9,1297.5,48.7,0
5166,car,4.5,road_loopA_f0,xloopA_0Ab,6743.1,6811.7,68.6,505.0,26.5,0
5128,car,4.5,road_loopA_r0,road_loopA_r1,6715.1,6812.1,97.0,1298.5,48.2,0
5086,car,4.5,road_loopA_f0,road_loopA_f1,6680.0,6812.2,132.2,1304.1,35.5,1
5074,suv,4.8,road_loopA_f0,road_loopA_f1,6671.3,6812.4,141.1,1302.9,33.2,1
5083,car,4.5,road_loopA_f0,road_loopA_f1,6679.4,6812.5,133.1,1303.0,35.2,1
5137,car,4.5,road_loopA_r0,road_loopA_r1,6719.9,6813.7,93.8,1297.9,49.8,0
5087,car,4.5,road_loopA_f0,road_loopA_f1,6681.5,6813.9,132.4,1303.2,35.4,1
5174,car,4.5,road_loopA_f0,xloopA_0Ab,6754.8,6814.4,59.6,505.0,30.5,0
5050,bus,11.0,road_loopA_r0,road_loopA_r1,6653.7,6814.7,161.0,1298.1,29.0,2
5135,car,4.5,road_loopA_r0,road_loopA_r1,6719.6,6814.7,95.1,1297.9,49.2,0
5140,car,4.5,road_loopA_r0,road_loopA_r1,6721.6,6816.7,95.1,1297.4,49.1,0
5101,truck,8.5,road_loopA_f0,road_loopA_f1,6692.6,6817.1,124.5,1303.6,37.7,1
5144,car,4.5,road_loopA_r0,road_loopA_r1,6724.7,6817.2,92.5,1297.3,50.5,0
5155,car,4.5,xloopA_0Ba,xloopA_0Bb,6733.5,6818.1,84.6,84.5,3.6,1
5134,car,4.5,road_loopA_r0,road_loopA_r1,6718.9,6818.8,99.9,1298.5,46.8,0
5147,car,4.5,road_loopA_r0,road_loopA_r1,6726.6,6819.1,92.5,1298.0,50.5,0
5168,car,4.5,xloopA_0Aa,xloopA_0Ab,6745.9,6820.4,74.5,84.0,4.1,1
5145,car,4.5,road_loopA_r0,road_loopA_r1,6726.4,6820.7,94.3,1298.4,49.6,0
5090,truck,8.5,road_loopA_f0,road_loopA_f1,6684.6,6820.8,136.2,1302.9,34.4,1
5098,car,4.5,road_loopA_f0,road_loopA_f1,6691.1,6821.6,130.5,1304.0,36.0,1
5103,suv,4.8,road_loopA_r0,road_loopA_r1,6694.1,6821.9,127.8,1297.6,36.5,0
5096,car,4.5,road_loopA_f0,road_loopA_f1,6689.9,6822.8,132.9,1303.0,35.3,1
5108,suv,4.8,road_loopA_f0,road_loopA_f1,6699.9,6823.3,123.4,1303.1,38.0,1
5112,suv,4.8,road_loopA_r0,road_loopA_r1,6701.6,6823.6,122.0,1298.0,38.3,0
5097,truck,8.5,road_loopA_f0,road_loopA_f1,6690.7,6824.6,133.9,1303.2,35.0,1
5249,car,4.5,xloopA_0Ba,xloopA_0Bb,6810.1,6824.6,14.5,84.1,20.8,0
5114,car,4.5,road_loopA_f0,road_loopA_f1,6703.0,6825.1,122.1,1304.1,38.5,1
5122,bus,11.0,road_loopA_r0,road_loopA_r1,6708.2,6826.1,117.9,1297.9,39.6,0
5099,car,4.5,road_loopA_f0,road_loopA_f1,6691.9,6826.5,134.6,1303.0,34.9,1
5138,truck,8.5,road_loopA_r0,road_loopA_r1,6720.2,6827.6,107.4,1297.5,43.5,0
5123,car,4.5,road_loopA_f0,road_loopA_f1,6708.9,6827.9,119.0,1303.4,39.4,0
5104,car,4.5,road_loopA_f0,road_loopA_f1,6694.6,6828.2,133.6,1302.9,35.1,1
5129,car,4.5,road_loopA_f0,road_loopA_f1,6715.5,6829.0,113.5,1303.0,41.3,0
5111,car,4.5,road_loopA_f0,road_loopA_f1,6701.6,6830.1,128.5,1303.5,36.5,1
5132,car,4.5,road_loopA_f0,road_loopA_f1,6718.2,6831.6,113.4,1303.7,41.4,0
5116,car,4.5,road_loopA_f0,road_loopA_f1,6704.2,6831.8,127.6,1303.7,36.8,1
5146,car,4.5,road_loopA_f0,road_loopA_f1,6726.6,6832.4,105.8,1303.9,44.3,0
5127,suv,4.8,road_loopA_f0,road_loopA_f1,6715.1,6833.5,118.4,1302.9,39.6,0
5149,suv,4.8,road_loopA_f0,road_loopA_f1,6730.2,6834.1,103.9,1304.2,45.2,0
5130,suv,4.8,road_loopA_f0,road_loopA_f1,6716.8,6835.3,118.5,1303.2,39.6,0
5151,car,4.5,road_loopA_f0,road_loopA_f1,6731.6,6836.7,105.1,1304.0,44.7,0
5136,suv,4.8,road_loopA_f0,road_loopA_f1,6720.0,6837.1,117.1,1303.2,40.0,0
5148,truck,8.5,road_loopA_f0,road_loopA_f1,6728.7,6839.6,110.9,1303.1,42.3,0
5153,truck,8.5,road_loopA_f0,road_loopA_f1,6732.0,6840.5,108.5,1303.8,43.2,0
5158,car,4.5,road_loopA_f0,road_loopA_f1,6738.1,6841.6,103.5,1303.3,45.3,0
5162,car,4.5,road_loopA_f0,road_loopA_f1,6740.5,6842.2,101.7,1302.9,46.1,0
5159,suv,4.8,road_loopA_f0,road_loopA_f1,6738.1,6842.5,104.4,1303.6,45.0,0
5160,suv,4.8,road_loopA_f0,road_loopA_f1,6739.1,6843.3,104.2,1302.9,45.0,0
5167,suv,4.8,road_loopA_f0,road_loopA_f1,6745.8,6844.8,99.0,1303.4,47.4,0
5172,car,4.5,road_loopA_f0,road_loopA_f1,6751.4,6845.1,93.7,1303.1,50.0,0
5164,truck,8.5,road_loopA_f0,road_loopA_f1,6742.9,6845.6,102.7,1303.0,45.7,0
5169,car,4.5,road_loopA_f0,road_loopA_f1,6747.3,6847.7,100.4,1303.5,46.7,0
5236,car,4.5,road_loopA_f0,xloopA_0Bb,6797.7,6849.5,51.8,478.9,33.3,0
5180,car,4.5,road_loopA_f0,road_loopA_f1,6757.7,6850.2,92.5,1303.7,50.7,0
5152,truck,8.5,road_loopA_r0,xloopA_0Ab,6731.7,6852.5,120.8,868.8,25.9,2
5252,suv,4.8,road_loopA_f0,xloopA_0Bb,6811.9,6853.0,41.1,478.5,41.9,0
5133,truck,8.5,road_loopA_r0,xloopA_0Ab,6718.8,6857.9,139.1,869.2,22.5,3
5150,suv,4.8,road_loopA_r0,road_loopA_r1,6731.0,6867.4,136.4,1298.3,34.3,1
5143,car,4.5,road_loopA_r0,road_loopA_r1,6723.9,6868.8,144.9,1297.9,32.2,2
5163,car,4.5,road_loopA_r0,road_loopA_r1,6740.8,6871.5,130.7,1298.1,35.8,1
5165,car,4.5,road_loopA_r0,road_loopA_r1,6742.8,6874.1,131.3,1297.3,35.6,1
5171,suv,4.8,road_loopA_r0,road_loopA_r1,6748.2,6875.4,127.2,1298.6,36.8,1
5156,car,4.5,road_loopA_r0,road_loopA_r1,6736.1,6877.1,141.0,1298.6,33.2,1
5179,car,4.5,road_loopA_r0,road_loopA_r1,6756.3,6877.2,120.9,1297.9,38.7,1
5176,suv,4.8,road_loopA_r0,road_loopA_r1,6755.9,6879.8,123.9,1298.4,37.7,1
5161,suv,4.8,road_loopA_r0,road_loopA_r1,6739.8,6879.9,140.1,1298.0,33.3,1
5186,car,4.5,road_loopA_r0,road_loopA_r1,6761.5,6881.7,120.2,1298.6,38.9,1
5198,car,4.5,xloopA_0Aa,road_loopA_r1,6771.1,6882.7,111.6,506.5,16.3,1
5175,suv,4.8,road_loopA_r0,road_loopA_r1,6755.3,6883.7,128.4,1297.3,36.4,1
5173,suv,4.8,road_loopA_r0,road_loopA_r1,6754.6,6885.6,131.0,1297.7,35.7,1
5177,car,4.5,road_loopA_r0,road_loopA_r1,6756.2,6885.8,129.6,1297.4,36.0,1
5195,car,4.5,road_loopA_r0,road_loopA_r1,6768.1,6886.4,118.3,1298.2,39.5,1
5184,car,4.5,road_loopA_r0,road_loopA_r1,6760.5,6887.8,127.3,1298.2,36.7,1
5206,car,4.5,road_loopA_r0,road_loopA_r1,6777.1,6888.6,111.5,1298.4,41.9,0
5205,suv,4.8,road_loopA_r0,road_loopA_r1,6776.8,6890.8,114.0,1298.5,41.0,0
5189,car,4.5,xloopA_0Ba,road_loopA_r1,6762.4,6891.2,128.8,476.6,13.3,1
5211,truck,8.5,road_loopA_r0,road_loopA_r1,6780.7,6892.6,111.9,1297.5,41.7,0
5142,suv,4.8,road_loopA_r0,road_loopA_r1,6723.9,6892.9,169.0,1297.3,27.6,1
5197,truck,8.5,road_loopA_r0,road_loopA_r1,6768.6,6894.5,125.9,1298.1,37.1,0
5154,suv,4.8,road_loopA_r0,road_loopA_r1,6732.8,6894.6,161.8,1297.3,28.9,1
5181,car,4.5,road_loopA_f0,road_loopA_f1,6759.1,6894.7,135.6,1304.2,34.6,1
5235,car,4.5,road_loopA_r0,road_loopA_r1,6796.9,6895.7,98.8,1297.3,47.3,0
5157,bus,11.0,road_loopA_f0,road_loopA_f1,6737.8,6896.1,158.3,1302.8,29.6,2
5187,car,4.5,road_loopA_f0,road_loopA_f1,6761.8,6896.5,134.7,1303.1,34.8,1
5217,car,4.5,road_loopA_r0,road_loopA_r1,6784.4,6896.6,112.2,1297.9,41.6,0
4970,car,4.5,road_loopA_r0,xloopA_0Bb,6582.8,6896.8,314.0,895.7,10.3,3
5170,truck,8.5,road_loopA_r0,road_loopA_r1,6747.9,6896.9,149.0,1297.5,31.3,1
5190,car,4.5,road_loopA_f0,xloopA_0Ab,6764.9,6897.3,132.4,505.3,13.7,1
5222,car,4.5,road_loopA_r0,road_loopA_r1,6788.2,6898.3,110.1,1297.8,42.4,0
5185,car,4.5,road_loopA_r0,road_loopA_r1,6760.7,6898.9,138.2,1297.7,33.8,1
4987,suv,4.8,road_loopA_r0,xloopA_0Bb,6599.9,6899.4,299.5,895.6,10.8,3
5204,car,4.5,road_loopA_f0,road_loopA_f1,6776.0,6899.6,123.6,1303.7,38.0,1
5194,car,4.5,road_loopA_r0,road_loopA_r1,6767.2,6900.6,133.4,1297.8,35.0,1
5223,car,4.5,road_loopA_r0,road_loopA_r1,6790.0,6900.9,110.9,1298.4,42.1,0
4940,car,4.5,road_loopA_r0,road_loopA_r1,6562.4,6902.1,339.7,1297.8,13.8,1
5005,car,4.5,road_loopA_r0,xloopA_0Bb,6614.4,6902.1,287.7,895.6,11.2,2
5192,car,4.5,road_loopA_r0,road_loopA_r1,6765.8,6902.4,136.6,1297.7,34.2,1
5229,car,4.5,road_loopA_r0,road_loopA_r1,6792.8,6902.6,109.8,1298.1,42.5,0
5183,car,4.5,road_loopA_f0,road_loopA_f1,6760.3,6902.8,142.5,1303.6,32.9,1
5201,car,4.5,road_loopA_r0,road_loopA_r1,6774.2,6904.2,130.0,1298.6,36.0,1
5246,car,4.5,road_loopA_r0,road_loopA_r1,6807.8,6904.3,96.5,1297.5,48.4,0
5033,suv,4.8,road_loopA_r0,xloopA_0Bb,6633.7,6904.8,271.1,895.7,11.9,3
5207,suv,4.8,road_loopA_r0,road_loopA_r1,6777.2,6905.5,128.3,1297.8,36.4,1
5196,truck,8.5,road_loopA_f0,road_loopA_f1,6768.2,6906.1,137.9,1303.6,34.0,1
5215,suv,4.8,road_loopA_r0,road_loopA_r1,6782.5,6906.1,123.6,1297.3,37.8,0
5193,car,4.5,road_loopA_f0,road_loopA_f1,6766.2,6907.0,140.8,1303.6,33.3,1
5060,car,4.5,road_loopA_r0,xloopA_0Bb,6662.3,6907.5,245.2,895.6,13.2,2
5210,suv,4.8,road_loopA_r0,road_loopA_r1,6780.2,6908.3,128.1,1297.6,36.5,0
5213,suv,4.8,road_loopA_r0,road_loopA_r1,6781.4,6908.5,127.1,1297.7,36.8,0
5216,car,4.5,road_loopA_r0,road_loopA_r1,6783.5,6908.8,125.3,1298.6,37.3,0
5241,car,4.5,road_loopA_r0,road_loopA_r1,6804.8,6909.5,104.7,1298.5,44.6,0
5220,car,4.5,road_loopA_r0,road_loopA_r1,6786.6,6910.5,123.9,1298.1,37.7,0
5221,car,4.5,road_loopA_f0,road_loopA_f1,6787.0,6911.0,124.0,1303.0,37.8,1
5230,suv,4.8,road_loopA_r0,road_loopA_r1,6793.9,6911.1,117.2,1297.4,39.9,0
5263,suv,4.8,road_loopA_r0,road_loopA_r1,6818.7,6911.2,92.5,1298.5,50.5,0
5280,car,4.5,xloopA_0Ba,xloopA_0Bb,6830.3,6911.7,81.4,84.8,3.8,1
5285,car,4.5,xloopA_0Aa,xloopA_0Ab,6832.5,6912.1,79.6,84.7,3.8,1
5199,car,4.5,road_loopA_f0,road_loopA_f1,6773.0,6912.3,139.3,1303.1,33.7,1
5250,truck,8.5,road_loopA_r0,road_loopA_r1,6811.4,6912.9,101.5,1298.2,46.1,0
5264,suv,4.8,road_loopA_r0,road_loopA_r1,6819.4,6912.9,93.5,1297.2,50.0,0
5258,car,4.5,road_loopA_r0,road_loopA_r1,6817.3,6914.5,97.2,1297.8,48.1,0
5290,car,4.5,xloopA_0Ba,xloopA_0Bb,6836.1,6914.6,78.5,84.7,3.9,1
5257,car,4.5,road_loopA_r0,road_loopA_r1,6817.2,6914.9,97.7,1297.8,47.8,0
5300,car,4.5,xloopA_0Aa,xloopA_0Ab,6842.3,6915.0,72.7,84.2,4.2,1
5256,car,4.5,road_loopA_r0,road_loopA_r1,6816.0,6915.7,99.7,1297.7,46.8,0
5219,car,4.5,road_loopA_f0,road_loopA_f1,6785.0,6916.0,131.0,1303.2,35.8,1
5336,car,4.5,xloopA_0Aa,xloopA_0Ab,6876.7,6917.2,40.5,84.1,7.5,1
5226,car,4.5,road_loopA_f0,road_loopA_f1,6791.3,6917.7,126.4,1303.5,37.1,1
5232,car,4.5,road_loopA_f0,road_loopA_f1,6795.6,6918.8,123.2,1303.5,38.1,1
5332,car,4.5,xloopA_0Ba,xloopA_0Bb,6874.8,6919.5,44.7,84.4,6.8,0
5238,car,4.5,road_loopA_f0,road_loopA_f1,6801.1,6920.0,118.9,1302.9,39.4,1
5240,car,4.5,road_loopA_f0,road_loopA_f1,6804.4,6922.0,117.6,1303.8,39.9,1
5200,car,4.5,road_loopA_f0,road_loopA_f1,6773.1,6923.1,150.0,1304.1,31.3,1
5243,suv,4.8,road_loopA_f0,road_loopA_f1,6805.7,6923.8,118.1,1303.6,39.7,4
5244,car,4.5,road_loopA_f0,road_loopA_f1,6806.0,6925.6,119.6,1303.3,39.2,2
5254,car,4.5,road_loopA_f0,road_loopA_f1,6815.5,6927.3,111.8,1303.1,42.0,1
5234,car,4.5,xloopA_0Aa,road_loopA_f1,6796.4,6927.4,131.0,872.4,24.0,0
5253,car,4.5,road_loopA_f0,road_loopA_f1,6815.3,6929.2,113.9,1303.6,41.2,0
5209,car,4.5,xloopA_0Ba,road_loopA_f1,6779.3,6930.5,151.2,902.3,21.5,1
5251,car,4.5,road_loopA_r0,xloopA_0Ab,6811.6,6931.1,119.5,869.2,26.2,2
5191,truck,8.5,road_loopA_f0,road_loopA_f1,6765.4,6931.2,165.8,1303.2,28.3,1
5247,car,4.5,road_loopA_f0,road_loopA_f1,6809.2,6932.2,123.0,1302.9,38.1,2
5214,car,4.5,road_loopA_f0,road_loopA_f1,6782.5,6932.7,150.2,1303.1,31.2,1
5178,bus,11.0,road_loopA_r0,road_loopA_r1,6756.1,6932.9,176.8,1297.9,26.4,2
5224,car,4.5,road_loopA_f0,road_loopA_f1,6790.3,6934.5,144.2,1303.8,32.5,1
5242,car,4.5,road_loopA_f0,road_loopA_f1,6805.8,6934.7,128.9,1303.3,36.4,0
5228,car,4.5,road_loopA_f0,road_loopA_f1,6792.7,6936.3,143.6,1303.5,32.7,1
5277,suv,4.8,road_loopA_f0,road_loopA_f1,6829.3,6936.3,107.0,1303.5,43.8,0
5182,car,4.5,xloopA_0Aa,road_loopA_f1,6760.2,6937.8,177.6,872.1,17.7,1
5231,suv,4.8,road_loopA_f0,road_loopA_f1,6794.2,6938.0,143.8,1303.5,32.6,1
5248,suv,4.8,road_loopA_f0,road_loopA_f1,6809.1,6938.2,129.1,1303.9,36.4,0
5188,car,4.5,road_loopA_f0,road_loopA_f1,6761.8,6939.5,177.7,1303.1,26.4,1
5237,car,4.5,road_loopA_f0,road_loopA_f1,6800.5,6939.8,139.3,1303.7,33.7,1
5261,car,4.5,road_loopA_f0,road_loopA_f1,6818.1,6941.4,123.3,1303.1,38.1,0
5239,car,4.5,road_loopA_f0,road_loopA_f1,6804.1,6941.6,137.5,1303.5,34.1,1
5202,truck,8.5,road_loopA_f0,road_loopA_f1,6774.2,6941.7,167.5,1302.9,28.0,1
5279,suv,4.8,road_loopA_f0,road_loopA_f1,6830.2,6943.6,113.4,1303.0,41.4,0
5208,car,4.5,road_loopA_f0,road_loopA_f1,6778.0,6943.7,165.7,1303.2,28.3,1
5255,car,4.5,road_loopA_f0,road_loopA_f1,6815.6,6944.3,128.7,1303.4,36.4,0
5294,car,4.5,road_loopA_f0,road_loopA_f1,6838.9,6945.4,106.5,1303.9,44.1,0
5212,suv,4.8,road_loopA_f0,road_loopA_f1,6781.0,6945.6,164.6,1303.8,28.5,1
5259,car,4.5,road_loopA_f0,road_loopA_f1,6817.8,6947.4,129.6,1303.8,36.2,0
5218,car,4.5,road_loopA_f0,road_loopA_f1,6785.0,6947.5,162.5,1304.0,28.9,1
5262,car,4.5,road_loopA_f0,road_loopA_f1,6818.2,6949.1,130.9,1302.8,35.8,0
5288,truck,8.5,road_loopA_f0,road_loopA_f1,6835.1,6949.4,114.3,1303.8,41.1,0
5225,truck,8.5,road_loopA_f0,road_loopA_f1,6791.1,6949.6,158.5,1302.9,29.6,1
5267,car,4.5,road_loopA_f0,road_loopA_f1,6821.4,6951.0,129.6,1303.5,36.2,0
5245,car,4.5,road_loopA_f0,road_loopA_f1,6807.1,6951.7,144.6,1304.1,32.5,0
5283,car,4.5,road_loopA_f0,road_loopA_f1,6831.5,6951.9,120.4,1302.9,38.9,0
5275,truck,8.5,road_loopA_f0,road_loopA_f1,6829.0,6953.2,124.2,1304.1,37.8,0
5265,suv,4.8,road_loopA_f0,road_loopA_f1,6820.3,6953.6,133.3,1303.5,35.2,0
5345,suv,4.8,road_loopA_r0,xloopA_0Ab,6883.6,6953.9,70.3,869.5,44.6,0
5272,car,4.5,road_loopA_f0,road_loopA_f1,6826.8,6955.4,128.6,1303.5,36.5,0
5269,car,4.5,road_loopA_f0,road_loopA_f1,6822.1,6955.5,133.4,1303.5,35.2,0
5271,suv,4.8,road_loopA_r0,road_loopA_r1,6825.8,6957.0,131.2,1297.6,35.6,1
5312,car,4.5,road_loopA_r0,xloopA_0Ab,6858.3,6957.0,98.7,869.3,31.7,1
5266,car,4.5,road_loopA_r0,road_loopA_r1,6820.8,6958.0,137.2,1297.9,34.1,1
5282,car,4.5,road_loopA_r0,road_loopA_r1,6831.2,6959.7,128.5,1298.3,36.4,1
5286,car,4.5,road_loopA_r0,road_loopA_r1,6832.6,6960.1,127.5,1298.3,36.7,1
5233,bus,11.0,road_loopA_f0,road_loopA_f1,6796.3,6960.5,164.2,1303.3,28.6,2
5380,truck,8.5,road_loopA_f0,xloopA_0Bb,6916.2,6961.9,45.7,478.7,37.7,0
5274,car,4.5,road_loopA_r0,road_loopA_r1,6828.9,6962.1,133.2,1297.8,35.1,1
5291,car,4.5,road_loopA_r0,road_loopA_r1,6836.4,6963.3,126.9,1298.3,36.8,1
5287,car,4.5,road_loopA_r0,road_loopA_r1,6833.2,6963.4,130.2,1297.6,35.9,1
5278,suv,4.8,road_loopA_r0,road_loopA_r1,6829.9,6965.1,135.2,1297.3,34.5,1
5298,suv,4.8,road_loopA_r0,road_loopA_r1,6841.4,6967.0,125.6,1298.5,37.2,1
5295,car,4.5,road_loopA_r0,road_loopA_r1,6840.2,6967.3,127.1,1298.1,36.8,1
5301,car,4.5,xloopA_0Ba,road_loopA_r1,6844.1,6968.0,123.9,476.7,13.9,1
5270,car,4.5,road_loopA_r0,road_loopA_r1,6824.6,6969.6,145.0,1297.7,32.2,1
5289,car,4.5,road_loopA_r0,road_loopA_r1,6835.8,6970.1,134.3,1298.1,34.8,1
5268,car,4.5,road_loopA_r0,road_loopA_r1,6821.8,6971.3,149.5,1297.8,31.3,1
5281,car,4.5,road_loopA_r0,road_loopA_r1,6830.5,6973.0,142.5,1298.2,32.8,1
5273,car,4.5,road_loopA_r0,road_loopA_r1,6828.5,6973.2,144.7,1297.3,32.3,1
5299,car,4.5,road_loopA_r0,road_loopA_r1,6842.3,6973.8,131.5,1298.4,35.5,1
5339,car,4.5,road_loopA_r0,xloopA_0Ab,6880.1,6974.5,94.4,869.0,33.1,1
5284,car,4.5,road_loopA_r0,road_loopA_r1,6832.1,6975.3,143.2,1298.0,32.6,1
5293,suv,4.8,road_loopA_r0,road_loopA_r1,6836.9,6975.5,138.6,1298.3,33.7,1
5310,suv,4.8,road_loopA_r0,road_loopA_r1,6857.1,6975.5,118.4,1298.5,39.5,1
5296,suv,4.8,road_loopA_r0,road_loopA_r1,6840.5,6977.2,136.7,1298.2,34.2,1
5305,car,4.5,road_loopA_r0,road_loopA_r1,6850.3,6977.4,127.1,1298.4,36.8,1
5313,car,4.5,road_loopA_r0,road_loopA_r1,6858.9,6977.6,118.7,1297.6,39.4,1
5309,car,4.5,road_loopA_r0,road_loopA_r1,6854.2,6979.2,125.0,1298.1,37.4,1
5320,car,4.5,road_loopA_r0,road_loopA_r1,6864.1,6980.2,116.1,1298.0,40.2,0
5311,car,4.5,road_loopA_r0,road_loopA_r1,6857.3,6981.0,123.7,1297.7,37.8,1
5302,suv,4.8,road_loopA_r0,road_loopA_r1,6844.5,6981.4,136.9,1297.3,34.1,1
5315,car,4.5,road_loopA_r0,road_loopA_r1,6860.4,6982.8,122.4,1298.1,38.2,1
5325,car,4.5,road_loopA_r0,road_loopA_r1,6868.5,6983.2,114.7,1297.6,40.7,0
5316,car,4.5,road_loopA_r0,road_loopA_r1,6860.7,6984.6,123.9,1297.6,37.7,1
5297,car,4.5,road_loopA_f0,road_loopA_f1,6840.9,6985.0,144.1,1303.3,32.6,1
5346,car,4.5,road_loopA_r0,road_loopA_r1,6884.3,6986.0,101.7,1298.2,45.9,0
5307,suv,4.8,road_loopA_r0,road_loopA_r1,6853.1,6986.4,133.3,1297.9,35.1,4
5303,car,4.5,road_loopA_f0,road_loopA_f1,6847.2,6986.7,139.5,1303.4,33.6,1
5318,truck,8.5,road_loopA_r0,road_loopA_r1,6863.5,6986.9,123.4,1298.2,37.9,1
5304,car,4.5,road_loopA_f0,road_loopA_f1,6847.3,6987.6,140.3,1302.8,33.4,1
5317,car,4.5,road_loopA_r0,road_loopA_r1,6863.1,6989.4,126.3,1298.4,37.0,0
5353,car,4.5,road_loopA_r0,road_loopA_r1,6889.9,6989.5,99.6,1298.1,46.9,0
5075,car,4.5,road_loopA_r0,xloopA_0Bb,6672.1,6990.2,318.1,895.3,10.1,3
5292,suv,4.8,road_loopA_f0,road_loopA_f1,6836.7,6990.8,154.1,1302.9,30.4,1
5328,car,4.5,road_loopA_r0,road_loopA_r1,6870.6,6991.1,120.5,1297.5,38.8,1
5352,car,4.5,road_loopA_f0,xloopA_0Ab,6888.6,6991.3,102.7,505.4,17.7,1
640,tram,34.0,loopB,loopB,2715.9,6991.4,4275.5,33673.4,28.4,40
5330,suv,4.8,road_loopA_r0,road_loopA_r1,6871.3,6991.4,120.1,1298.1,38.9,0
5357,car,4.5,road_loopA_r0,road_loopA_r1,6892.7,6992.2,99.5,1298.6,47.0,0
5076,suv,4.8,road_loopA_r0,xloopA_0Bb,6673.2,6992.9,319.7,896.0,10.1,3
5331,car,4.5,road_loopA_r0,road_loopA_r1,6872.1,6992.9,120.8,1297.9,38.7,0
5351,car,4.5,road_loopA_r0,road_loopA_r1,6887.0,6993.0,106.0,1297.7,44.1,0
5319,truck,8.5,road_loopA_f0,road_loopA_f1,6863.8,6993.5,129.7,1303.8,36.2,1
5361,suv,4.8,road_loopA_f0,xloopA_0Ab,6900.6,6993.9,93.3,505.5,19.5,1
5340,car,4.5,road_loopA_r0,road_loopA_r1,6880.1,6994.9,114.8,1297.6,40.7,0
5359,car,4.5,road_loopA_r0,road_loopA_r1,6896.1,6994.9,98.8,1297.6,47.3,0
5333,car,4.5,road_loopA_f0,road_loopA_f1,6875.2,6995.4,120.2,1302.9,39.0,1
5322,car,4.5,road_loopA_f0,road_loopA_f1,6865.2,6995.7,130.5,1303.6,36.0,1
5115,truck,8.5,road_loopA_r0,xloopA_0Bb,6703.5,6996.3,292.8,895.7,11.0,3
5369,car,4.5,road_loopA_f0,xloopA_0Ab,6907.4,6996.5,89.1,504.9,20.4,1
5356,car,4.5,road_loopA_r0,road_loopA_r1,6892.3,6996.7,104.4,1298.2,44.8,0
5335,car,4.5,road_loopA_f0,road_loopA_f1,6876.4,6997.1,120.7,1302.8,38.9,1
5342,car,4.5,road_loopA_f0,road_loopA_f1,6881.7,6998.7,117.0,1302.9,40.1,1
5260,bus,11.0,road_loopA_r0,road_loopA_r1,6818.0,6998.8,180.8,1298.3,25.9,3
5367,suv,4.8,road_loopA_r0,road_loopA_r1,6905.8,6998.9,93.1,1298.0,50.2,0
5321,car,4.5,road_loopA_f0,road_loopA_f1,6864.3,6999.3,135.0,1303.1,34.8,1
5131,suv,4.8,road_loopA_r0,xloopA_0Bb,6717.7,6999.4,281.7,895.6,11.4,3
5365,car,4.5,road_loopA_r0,road_loopA_r1,6904.9,6999.4,94.5,1297.6,49.4,0
5348,car,4.5,road_loopA_f0,road_loopA_f1,6885.4,7000.5,115.1,1303.2,40.8,1
5314,car,4.5,road_loopA_f0,road_loopA_f1,6860.4,7002.0,141.6,1303.3,33.1,1
5327,car,4.5,road_loopA_f0,road_loopA_f1,6869.7,7002.3,132.6,1303.5,35.4,1
5308,truck,8.5,road_loopA_f0,road_loopA_f1,6853.7,7003.2,149.5,1302.9,31.4,1
5324,suv,4.8,road_loopA_f0,road_loopA_f1,6866.4,7003.7,137.3,1303.0,34.2,1
5355,car,4.5,road_loopA_f0,road_loopA_f1,6892.0,7004.1,112.1,1303.3,41.9,0
5372,car,4.5,road_loopA_r0,road_loopA_r1,6908.4,7005.5,97.1,1298.4,48.1,0
5364,car,4.5,road_loopA_f0,road_loopA_f1,6902.4,7006.7,104.3,1303.9,45.0,0
5363,car,4.5,road_loopA_r0,road_loopA_r1,6902.1,7007.1,105.0,1298.1,44.5,0
5387,car,4.5,xloopA_0Aa,xloopA_0Ab,6920.6,7007.1,86.5,84.6,3.5,1
5371,car,4.5,road_loopA_r0,road_loopA_r1,6908.3,7007.2,98.9,1298.4,47.3,0
5334,car,4.5,road_loopA_f0,road_loopA_f1,6875.9,7007.9,132.0,1303.4,35.6,1
5370,car,4.5,road_loopA_r0,road_loopA_r1,6907.4,7008.5,101.1,1297.8,46.2,0
5366,suv,4.8,road_loopA_r0,road_loopA_r1,6905.6,7008.8,103.2,1297.7,45.3,0
5376,car,4.5,road_loopA_r0,road_loopA_r1,6910.6,7008.8,98.2,1297.6,47.6,0
5349,car,4.5,xloopA_0Ba,xloopA_0Bb,6886.1,7009.1,123.0,84.1,2.5,1
5326,car,4.5,road_loopA_f0,road_loopA_f1,6868.9,7009.7,140.8,1303.3,33.3,1
5435,car,4.5,xloopA_0Aa,xloopA_0Ab,6969.5,7010.1,40.6,84.2,7.5,1
5378,car,4.5,road_loopA_r0,road_loopA_r1,6911.1,7010.6,99.5,1298.2,47.0,0
5338,car,4.5,road_loopA_f0,road_loopA_f1,6878.7,7011.0,132.3,1303.3,35.5,1
5383,car,4.5,xloopA_0Ba,xloopA_0Bb,6919.1,7012.8,93.7,84.2,3.2,0
5306,car,4.5,road_loopA_f0,road_loopA_f1,6853.1,7013.1,160.0,1303.1,29.3,1
5474,car,4.5,xloopA_0Aa,xloopA_0Ab,7001.9,7015.1,13.2,84.5,23.0,0
5329,car,4.5,road_loopA_f0,road_loopA_f1,6870.9,7016.8,145.9,1303.4,32.2,1
5323,car,4.5,road_loopA_f0,road_loopA_f1,6865.5,7017.8,152.3,1303.2,30.8,1
5360,suv,4.8,road_loopA_f0,road_loopA_f1,6896.3,7018.8,122.5,1303.2,38.3,0
5379,car,4.5,road_loopA_f0,road_loopA_f1,6913.7,7018.8,105.1,1303.2,44.6,0
5375,suv,4.8,road_loopA_f0,road_loopA_f1,6910.0,7019.8,109.8,1302.8,42.7,0
5227,car,4.5,road_loopA_f0,road_loopA_f1,6792.2,7021.2,229.0,1304.1,20.5,2
5358,car,4.5,road_loopA_f0,road_loopA_f1,6895.8,7023.1,127.3,1303.2,36.9,1
5388,truck,8.5,road_loopA_f0,road_loopA_f1,6920.8,7026.3,105.5,1303.7,44.5,0
5368,car,4.5,road_loopA_f0,road_loopA_f1,6906.7,7026.9,120.2,1303.0,39.0,0
5347,car,4.5,road_loopA_f0,road_loopA_f1,6884.4,7027.0,142.6,1302.8,32.9,0
5354,car,4.5,road_loopA_f0,road_loopA_f1,6891.1,7029.4,138.3,1303.4,33.9,1
5425,car,4.5,road_loopA_f0,xloopA_0Bb,6958.6,7030.3,71.7,478.8,24.0,2
5422,suv,4.8,road_loopA_r0,xloopA_0Ab,6953.2,7031.1,77.9,869.3,40.2,1
5391,car,4.5,road_loopA_f0,road_loopA_f1,6923.5,7031.6,108.1,1303.5,43.4,0
5385,car,4.5,road_loopA_f0,road_loopA_f1,6919.9,7031.8,111.9,1303.5,41.9,0
5405,car,4.5,road_loopA_f0,road_loopA_f1,6939.8,7033.3,93.5,1303.5,50.2,0
5403,truck,8.5,road_loopA_f0,road_loopA_f1,6937.7,7033.8,96.1,1303.0,48.8,0
5436,suv,4.8,road_loopA_f0,xloopA_0Bb,6969.7,7034.1,64.4,479.0,26.8,2
5362,car,4.5,xloopA_0Aa,road_loopA_f1,6901.0,7035.0,134.0,872.1,23.4,0
5408,car,4.5,road_loopA_f0,road_loopA_f1,6945.0,7036.3,91.3,1302.8,51.4,0
5344,suv,4.8,road_loopA_f0,road_loopA_f1,6883.6,7036.8,153.2,1303.9,30.6,1
5350,suv,4.8,road_loopA_f0,road_loopA_f1,6887.0,7037.5,150.5,1303.9,31.2,0
5441,car,4.5,road_loopA_f0,xloopA_0Bb,6974.3,7037.8,63.5,478.7,27.2,2
5384,truck,8.5,road_loopA_f0,road_loopA_f1,6919.5,7039.7,120.2,1303.6,39.0,0
5397,car,4.5,road_loopA_f0,road_loopA_f1,6929.5,7040.6,111.1,1303.1,42.2,0
5386,car,4.5,road_loopA_f0,road_loopA_f1,6919.9,7041.8,121.9,1303.6,38.5,0
5457,car,4.5,road_loopA_f0,xloopA_0Bb,6988.5,7042.0,53.5,478.6,32.2,0
5440,suv,4.8,road_loopA_r0,xloopA_0Ab,6973.5,7043.4,69.9,869.5,44.8,0
5463,suv,4.8,road_loopA_f0,xloopA_0Bb,6991.8,7046.0,54.2,479.2,31.8,0
5483,car,4.5,road_loopA_f0,xloopA_0Bb,7009.4,7053.9,44.5,478.8,38.8,0
5377,truck,8.5,road_loopA_r0,road_loopA_r1,6910.7,7054.3,143.6,1297.7,32.5,1
5389,car,4.5,road_loopA_r0,road_loopA_r1,6920.9,7056.3,135.4,1298.4,34.5,1
5341,bus,11.0,road_loopA_f0,road_loopA_f1,6880.4,7056.6,176.2,1302.9,26.6,2
5412,car,4.5,road_loopA_r0,xloopA_0Ab,6947.3,7057.6,110.3,869.1,28.4,1
5394,truck,8.5,road_loopA_r0,road_loopA_r1,6926.6,7059.0,132.4,1298.2,35.3,1
5406,car,4.5,xloopA_0Ba,road_loopA_r1,6943.5,7059.9,116.4,476.4,14.7,0
5381,car,4.5,road_loopA_r0,road_loopA_r1,6916.7,7060.0,143.3,1297.4,32.6,1
5398,car,4.5,road_loopA_r0,road_loopA_r1,6930.1,7061.4,131.3,1298.2,35.6,1
5410,car,4.5,road_loopA_r0,road_loopA_r1,6945.4,7063.2,117.8,1298.5,39.7,1
5420,suv,4.8,road_loopA_r0,road_loopA_r1,6952.0,7066.4,114.4,1298.1,40.9,1
5343,car,4.5,xloopA_0Ba,road_loopA_r1,6882.2,7066.6,184.4,476.7,9.3,1
5382,truck,8.5,road_loopA_r0,road_loopA_r1,6918.0,7068.7,150.7,1297.6,31.0,1
5402,suv,4.8,road_loopA_r0,road_loopA_r1,6936.9,7069.2,132.3,1297.3,35.3,1
5430,car,4.5,road_loopA_r0,road_loopA_r1,6963.5,7070.8,107.3,1297.7,43.5,0
5429,car,4.5,xloopA_0Aa,road_loopA_r1,6962.3,7070.9,108.6,507.0,16.8,1
5390,truck,8.5,road_loopA_r0,road_loopA_r1,6922.0,7071.2,149.2,1297.6,31.3,1
5392,suv,4.8,road_loopA_r0,road_loopA_r1,6924.6,7072.6,148.0,1298.1,31.6,1
5393,suv,4.8,road_loopA_r0,road_loopA_r1,6925.4,7073.2,147.8,1298.2,31.6,1
5414,suv,4.8,road_loopA_r0,road_loopA_r1,6947.5,7073.2,125.7,1297.6,37.2,1
5445,car,4.5,road_loopA_r0,road_loopA_r1,6975.4,7074.7,99.3,1297.6,47.0,0
5401,truck,8.5,road_loopA_r0,road_loopA_r1,6935.5,7074.8,139.3,1298.1,33.5,1
5395,car,4.5,road_loopA_r0,road_loopA_r1,6927.2,7075.0,147.8,1298.4,31.6,1
5415,car,4.5,road_loopA_f0,road_loopA_f1,6948.2,7075.5,127.3,1303.9,36.9,1
5400,truck,8.5,road_loopA_r0,road_loopA_r1,6934.6,7077.1,142.5,1298.2,32.8,1
5413,truck,8.5,road_loopA_r0,road_loopA_r1,6947.5,7077.2,129.7,1297.3,36.0,1
5449,car,4.5,road_loopA_r0,road_loopA_r1,6981.8,7077.3,95.5,1298.4,48.9,0
5423,car,4.5,road_loopA_r0,road_loopA_r1,6955.2,7079.3,124.1,1297.5,37.6,0
5404,truck,8.5,road_loopA_r0,road_loopA_r1,6938.5,7079.4,140.9,1297.6,33.2,1
5431,suv,4.8,road_loopA_r0,road_loopA_r1,6966.2,7080.6,114.4,1297.5,40.8,0
5450,car,4.5,road_loopA_r0,road_loopA_r1,6982.1,7081.3,99.2,1298.1,47.1,0
5407,car,4.5,road_loopA_r0,road_loopA_r1,6944.1,7081.5,137.4,1298.3,34.0,1
5419,car,4.5,road_loopA_f0,road_loopA_f1,6951.8,7081.7,129.9,1302.9,36.1,1
5453,car,4.5,road_loopA_r0,road_loopA_r1,6986.3,7083.2,96.9,1297.3,48.2,0
5411,suv,4.8,road_loopA_r0,road_loopA_r1,6946.8,7083.3,136.5,1298.5,34.2,1
5276,car,4.5,road_loopA_r0,xloopA_0Bb,6829.2,7083.7,254.5,895.6,12.7,2
5409,car,4.5,road_loopA_f0,road_loopA_f1,6945.3,7084.0,138.7,1303.1,33.8,1
5489,car,4.5,road_loopA_f0,xloopA_0Ab,7014.3,7084.3,70.0,505.2,26.0,1
5426,car,4.5,road_loopA_f0,road_loopA_f1,6961.2,7084.4,123.2,1302.8,38.1,1
5455,car,4.5,road_loopA_r0,road_loopA_r1,6987.5,7084.9,97.4,1298.3,48.0,0
5424,truck,8.5,road_loopA_r0,road_loopA_r1,6957.5,7085.4,127.9,1297.9,36.5,1
5447,suv,4.8,road_loopA_r0,road_loopA_r1,6976.7,7085.5,108.8,1297.6,42.9,0
5417,truck,8.5,road_loopA_f0,road_loopA_f1,6950.9,7085.7,134.8,1303.2,34.8,1
5337,car,4.5,road_loopA_r0,xloopA_0Bb,6877.2,7086.3,209.1,895.6,15.4,2
5498,car,4.5,road_loopA_f0,xloopA_0Ab,7022.2,7086.9,64.7,505.2,28.1,1
5428,car,4.5,road_loopA_r0,road_loopA_r1,6961.3,7087.5,126.2,1298.3,37.0,1
5437,car,4.5,road_loopA_f0,road_loopA_f1,6970.4,7087.6,117.2,1304.1,40.0,1
5373,car,4.5,road_loopA_r0,xloopA_0Bb,6908.5,7088.9,180.4,895.3,17.9,2
5471,car,4.5,road_loopA_r0,road_loopA_r1,7000.4,7089.4,89.0,1298.1,52.5,0
5427,suv,4.8,road_loopA_f0,road_loopA_f1,6961.4,7091.5,130.1,1303.3,36.1,1
5396,suv,4.8,road_loopA_r0,xloopA_0Bb,6928.3,7091.7,163.4,896.0,19.7,1
5518,car,4.5,road_loopA_f0,xloopA_0Ab,7044.8,7092.8,48.0,505.1,37.8,0
5432,car,4.5,road_loopA_f0,road_loopA_f1,6966.7,7093.5,126.8,1303.7,37.0,1
5418,car,4.5,road_loopA_f0,road_loopA_f1,6951.7,7093.6,141.9,1302.9,33.0,1
5442,car,4.5,road_loopA_r0,xloopA_0Bb,6974.3,7094.3,120.0,895.4,26.9,1
5446,car,4.5,road_loopA_f0,road_loopA_f1,6975.8,7094.3,118.5,1303.1,39.6,1
5467,truck,8.5,road_loopA_r0,road_loopA_r1,6997.7,7095.4,97.7,1298.3,47.8,0
5451,suv,4.8,road_loopA_f0,road_loopA_f1,6982.4,7096.1,113.7,1303.9,41.3,1
5479,car,4.5,xloopA_0Aa,xloopA_0Ab,7007.8,7098.5,90.7,84.7,3.4,1
5482,car,4.5,road_loopA_r0,road_loopA_r1,7008.9,7098.7,89.8,1297.4,52.0,0
5434,suv,4.8,road_loopA_f0,road_loopA_f1,6969.4,7099.7,130.3,1303.8,36.0,1
5439,truck,8.5,road_loopA_f0,road_loopA_f1,6973.1,7099.8,126.7,1303.5,37.0,1
5443,car,4.5,xloopA_0Ba,xloopA_0Bb,6975.0,7100.5,125.5,84.2,2.4,1
5438,car,4.5,road_loopA_f0,road_loopA_f1,6970.8,7102.3,131.5,1303.8,35.7,1
5454,truck,8.5,road_loopA_f0,road_loopA_f1,6986.9,7102.4,115.5,1302.8,40.6,0
5399,suv,4.8,road_loopA_f0,road_loopA_f1,6931.8,7103.4,171.6,1303.6,27.4,1
5473,car,4.5,road_loopA_r0,road_loopA_r1,7001.3,7103.6,102.3,1297.4,45.7,0
5462,car,4.5,xloopA_0Ba,xloopA_0Bb,6991.8,7104.1,112.3,84.4,2.7,1
5458,car,4.5,road_loopA_f0,road_loopA_f1,6988.6,7104.6,116.0,1303.9,40.5,0
5448,car,4.5,road_loopA_f0,road_loopA_f1,6979.8,7104.9,125.1,1303.1,37.5,1
5416,car,4.5,road_loopA_f0,road_loopA_f1,6950.6,7105.0,154.4,1303.2,30.4,1
5504,car,4.5,xloopA_0Ba,xloopA_0Bb,7030.2,7106.1,75.9,84.5,4.0,0
5461,truck,8.5,road_loopA_f0,road_loopA_f1,6991.5,7107.0,115.5,1303.9,40.6,0
5466,car,4.5,road_loopA_f0,road_loopA_f1,6996.2,7107.5,111.3,1303.5,42.2,0
5465,car,4.5,road_loopA_f0,road_loopA_f1,6994.4,7107.9,113.5,1304.0,41.4,0
5551,car,4.5,xloopA_0Ba,xloopA_0Bb,7064.6,7108.1,43.5,84.4,7.0,0
5469,car,4.5,road_loopA_f0,road_loopA_f1,6998.5,7109.0,110.5,1303.0,42.5,0
5470,car,4.5,road_loopA_f0,road_loopA_f1,6999.1,7111.4,112.3,1303.3,41.8,0
5476,car,4.5,road_loopA_f0,road_loopA_f1,7005.4,7113.3,107.9,1304.0,43.5,0
5475,car,4.5,road_loopA_f0,road_loopA_f1,7005.1,7114.7,109.6,1303.3,42.8,0
5488,truck,8.5,road_loopA_f0,road_loopA_f1,7013.5,7114.7,101.2,1303.3,46.4,0
5481,car,4.5,road_loopA_r0,xloopA_0Ab,7008.6,7115.3,106.7,869.1,29.3,2
5468,car,4.5,road_loopA_f0,road_loopA_f1,6998.0,7116.6,118.6,1303.1,39.6,0
5497,car,4.5,road_loopA_f0,road_loopA_f1,7019.0,7116.7,97.7,1304.0,48.1,0
5374,car,4.5,xloopA_0Ba,road_loopA_f1,6908.5,7119.1,210.6,902.4,15.4,1
5495,car,4.5,road_loopA_f0,road_loopA_f1,7016.8,7119.8,103.0,1302.9,45.5,0
5478,suv,4.8,road_loopA_f0,road_loopA_f1,7005.6,7120.9,115.3,1303.8,40.7,0
5421,truck,8.5,road_loopA_f0,road_loopA_f1,6952.3,7121.3,169.0,1302.8,27.8,1
5517,car,4.5,road_loopA_f0,xloopA_0Bb,7042.7,7122.2,79.5,478.7,21.7,2
5444,car,4.5,road_loopA_f0,road_loopA_f1,6975.2,7123.4,148.2,1304.1,31.7,1
5491,car,4.5,road_loopA_f0,road_loopA_f1,7015.2,7123.4,108.2,1303.1,43.3,0
5452,car,4.5,road_loopA_f0,road_loopA_f1,6984.3,7125.1,140.8,1302.8,33.3,0
5501,car,4.5,road_loopA_f0,road_loopA_f1,7024.0,7125.2,101.2,1303.8,46.4,0
5534,car,4.5,road_loopA_f0,xloopA_0Bb,7054.5,7125.9,71.4,478.8,24.1,2
5505,car,4.5,road_loopA_f0,road_loopA_f1,7031.7,7126.1,94.4,1302.9,49.7,0
5503,suv,4.8,road_loopA_f0,road_loopA_f1,7024.4,7126.9,102.5,1303.1,45.8,0
5456,car,4.5,road_loopA_f0,road_loopA_f1,6987.8,7127.0,139.2,1303.5,33.7,0
5508,car,4.5,road_loopA_f0,road_loopA_f1,7035.3,7128.6,93.3,1303.1,50.3,0
5513,car,4.5,road_loopA_f0,road_loopA_f1,7037.9,7128.7,90.8,1303.1,51.7,0
5459,suv,4.8,road_loopA_f0,road_loopA_f1,6989.0,7128.9,139.9,1303.9,33.5,0
5544,car,4.5,road_loopA_f0,xloopA_0Bb,7062.2,7129.5,67.3,478.7,25.6,2
5496,car,4.5,road_loopA_f0,road_loopA_f1,7018.9,7130.6,111.7,1303.7,42.0,0
5477,car,4.5,road_loopA_f0,road_loopA_f1,7005.5,7130.7,125.2,1303.7,37.5,0
5509,car,4.5,road_loopA_f0,road_loopA_f1,7035.6,7131.1,95.5,1303.9,49.1,0
5486,car,4.5,road_loopA_f0,road_loopA_f1,7011.0,7132.5,121.5,1304.1,38.6,0
5507,car,4.5,road_loopA_f0,road_loopA_f1,7033.3,7132.5,99.2,1302.9,47.3,0
5490,car,4.5,road_loopA_f0,road_loopA_f1,7014.7,7134.2,119.5,1303.0,39.3,0
5581,car,4.5,road_loopA_f0,xloopA_0Bb,7086.7,7134.4,47.7,478.6,36.1,0
5500,car,4.5,road_loopA_f0,road_loopA_f1,7022.9,7135.5,112.6,1303.6,41.7,0
5492,suv,4.8,road_loopA_f0,road_loopA_f1,7015.7,7136.0,120.3,1303.2,39.0,0
5484,car,4.5,road_loopA_r0,road_loopA_r1,7009.6,7140.9,131.3,1297.9,35.6,1
5493,suv,4.8,road_loopA_r0,road_loopA_r1,7016.1,7147.8,131.7,1298.0,35.5,1
5485,car,4.5,road_loopA_r0,road_loopA_r1,7010.3,7148.0,137.7,1298.1,33.9,1
5487,suv,4.8,road_loopA_r0,road_loopA_r1,7012.5,7149.7,137.2,1297.9,34.0,1
5511,suv,4.8,road_loopA_r0,road_loopA_r1,7036.0,7149.9,113.9,1298.4,41.0,1
5499,truck,8.5,road_loopA_r0,road_loopA_r1,7022.5,7152.8,130.3,1297.7,35.8,1
5525,car,4.5,road_loopA_r0,road_loopA_r1,7050.5,7153.0,102.5,1298.0,45.6,0
5520,car,4.5,road_loopA_r0,road_loopA_r1,7047.0,7153.9,106.9,1298.3,43.7,0
5529,suv,4.8,road_loopA_r0,road_loopA_r1,7052.4,7155.7,103.3,1298.2,45.2,0
5533,car,4.5,road_loopA_r0,road_loopA_r1,7053.9,7156.1,102.2,1297.8,45.7,0
5523,suv,4.8,road_loopA_r0,road_loopA_r1,7050.0,7157.7,107.7,1298.0,43.4,0
5537,car,4.5,road_loopA_r0,road_loopA_r1,7056.8,7157.8,101.0,1298.3,46.3,0
5515,car,4.5,xloopA_0Aa,road_loopA_r1,7040.7,7159.9,119.2,506.9,15.3,1
5540,car,4.5,road_loopA_r0,road_loopA_r1,7058.3,7159.9,101.6,1297.7,46.0,0
5494,car,4.5,road_loopA_r0,road_loopA_r1,7016.3,7161.2,144.9,1297.3,32.2,1
5541,suv,4.8,road_loopA_r0,road_loopA_r1,7058.7,7161.5,102.8,1297.2,45.4,0
5472,car,4.5,road_loopA_r0,road_loopA_r1,7000.4,7161.6,161.2,1297.4,29.0,1
5480,car,4.5,road_loopA_r0,road_loopA_r1,7008.5,7163.3,154.8,1297.9,30.2,1
5547,car,4.5,road_loopA_r0,road_loopA_r1,7064.0,7163.4,99.4,1298.0,47.0,0
5506,car,4.5,road_loopA_r0,road_loopA_r1,7032.7,7163.7,131.0,1297.7,35.7,0
5552,suv,4.8,road_loopA_r0,road_loopA_r1,7064.7,7165.2,100.5,1297.5,46.5,0
5521,car,4.5,road_loopA_r0,road_loopA_r1,7047.3,7165.4,118.1,1297.6,39.6,0
5526,car,4.5,road_loopA_r0,road_loopA_r1,7050.9,7165.6,114.7,1298.1,40.7,0
5619,car,4.5,road_loopA_f0,xloopA_0Bb,7117.8,7166.8,49.0,478.8,35.2,0
5524,car,4.5,road_loopA_r0,road_loopA_r1,7050.3,7167.2,116.9,1297.9,40.0,0
5531,car,4.5,road_loopA_r0,road_loopA_r1,7053.1,7167.3,114.2,1298.4,40.9,0
5464,bus,11.0,road_loopA_f0,road_loopA_f1,6993.8,7167.8,174.0,1303.2,27.0,2
5556,car,4.5,road_loopA_r0,road_loopA_r1,7067.7,7168.1,100.4,1298.4,46.6,0
5536,car,4.5,road_loopA_r0,road_loopA_r1,7056.6,7169.0,112.4,1298.3,41.6,0
5538,car,4.5,road_loopA_r0,road_loopA_r1,7057.9,7169.0,111.1,1298.4,42.1,0
5560,car,4.5,road_loopA_r0,road_loopA_r1,7072.0,7169.7,97.7,1297.3,47.8,0
5548,suv,4.8,road_loopA_r0,road_loopA_r1,7064.0,7170.7,106.7,1297.7,43.8,0
5558,car,4.5,road_loopA_r0,road_loopA_r1,7068.0,7171.4,103.4,1297.4,45.2,0
5563,suv,4.8,road_loopA_r0,road_loopA_r1,7074.6,7171.4,96.8,1297.3,48.3,0
5564,car,4.5,road_loopA_r0,road_loopA_r1,7075.3,7172.5,97.2,1298.4,48.1,0
5571,car,4.5,road_loopA_r0,road_loopA_r1,7080.7,7174.2,93.5,1298.1,50.0,0
5553,car,4.5,road_loopA_r0,road_loopA_r1,7066.3,7175.2,108.9,1297.5,42.9,0
5577,suv,4.8,road_loopA_r0,road_loopA_r1,7084.4,7175.6,91.2,1298.3,51.3,0
5512,suv,4.8,road_loopA_f0,road_loopA_f1,7037.7,7176.2,138.5,1302.8,33.9,1
5519,car,4.5,road_loopA_f0,road_loopA_f1,7045.4,7176.3,130.9,1304.0,35.9,1
5559,suv,4.8,road_loopA_r0,road_loopA_r1,7071.9,7176.6,104.7,1297.8,44.6,0
5557,suv,4.8,road_loopA_r0,road_loopA_r1,7067.7,7176.9,109.2,1298.2,42.8,0
5460,car,4.5,road_loopA_r0,xloopA_0Bb,6990.2,7177.2,187.0,895.4,17.2,2
5514,car,4.5,road_loopA_f0,road_loopA_f1,7039.0,7178.1,139.1,1303.8,33.8,1
5562,suv,4.8,road_loopA_r0,road_loopA_r1,7074.3,7178.5,104.2,1298.3,44.9,0
5530,truck,8.5,road_loopA_f0,xloopA_0Ab,7053.0,7179.1,126.1,505.3,14.4,1
5574,suv,4.8,road_loopA_r0,road_loopA_r1,7081.8,7179.2,97.4,1298.7,48.0,0
5549,suv,4.8,road_loopA_f0,road_loopA_f1,7064.2,7180.2,116.0,1303.0,40.4,1
5578,suv,4.8,road_loopA_r0,road_loopA_r1,7084.8,7180.9,96.1,1298.2,48.6,0
5535,car,4.5,road_loopA_f0,road_loopA_f1,7055.3,7181.2,125.9,1303.0,37.3,1
5575,car,4.5,road_loopA_r0,road_loopA_r1,7082.2,7181.2,99.0,1298.5,47.2,0
5584,car,4.5,road_loopA_r0,road_loopA_r1,7087.7,7181.9,94.2,1298.4,49.6,0
5532,suv,4.8,road_loopA_f0,xloopA_0Ab,7053.4,7182.1,128.7,505.4,14.1,1
5587,suv,4.8,road_loopA_r0,road_loopA_r1,7090.4,7183.3,92.9,1297.9,50.3,0
5585,car,4.5,road_loopA_r0,road_loopA_r1,7089.5,7183.6,94.1,1297.5,49.6,0
5610,suv,4.8,road_loopA_r0,xloopA_0Bb,7112.2,7184.3,72.1,895.9,44.7,0
5589,suv,4.8,road_loopA_r0,road_loopA_r1,7094.2,7184.5,90.3,1297.5,51.7,0
5545,suv,4.8,road_loopA_f0,xloopA_0Ab,7062.6,7184.8,122.2,505.3,14.9,1
5543,car,4.5,road_loopA_f0,road_loopA_f1,7060.9,7185.3,124.4,1302.9,37.7,1
5593,car,4.5,road_loopA_r0,road_loopA_r1,7096.5,7186.3,89.8,1298.3,52.0,0
5569,car,4.5,road_loopA_f0,xloopA_0Ab,7078.0,7187.5,109.5,505.2,16.6,2
5561,suv,4.8,road_loopA_f0,road_loopA_f1,7073.0,7187.6,114.6,1303.5,40.9,1
5546,truck,8.5,road_loopA_f0,road_loopA_f1,7063.6,7187.7,124.1,1303.0,37.8,1
5595,car,4.5,road_loopA_r0,road_loopA_r1,7097.7,7188.9,91.2,1297.6,51.2,0
5566,suv,4.8,road_loopA_f0,road_loopA_f1,7075.9,7189.9,114.0,1304.0,41.2,1
5576,car,4.5,road_loopA_f0,road_loopA_f1,7083.9,7191.2,107.3,1303.4,43.7,0
5600,car,4.5,road_loopA_r0,road_loopA_r1,7102.2,7191.3,89.1,1298.5,52.5,0
5568,car,4.5,xloopA_0Aa,xloopA_0Ab,7077.4,7192.3,114.9,84.5,2.6,1
5648,car,4.5,xloopA_0Ba,xloopA_0Bb,7143.3,7193.3,50.0,84.6,6.1,1
5580,truck,8.5,road_loopA_f0,road_loopA_f1,7085.5,7194.0,108.5,1303.3,43.3,0
5601,suv,4.8,road_loopA_r0,road_loopA_r1,7103.7,7194.1,90.4,1298.4,51.7,0
5591,suv,4.8,road_loopA_f0,road_loopA_f1,7095.4,7195.9,100.5,1303.0,46.7,0
5502,car,4.5,xloopA_0Aa,road_loopA_f1,7024.4,7196.8,172.4,872.6,18.2,1
5682,car,4.5,xloopA_0Ba,xloopA_0Bb,7169.1,7197.4,28.3,84.5,10.8,0
5592,car,4.5,road_loopA_f0,road_loopA_f1,7096.3,7197.8,101.5,1303.2,46.2,0
5555,car,4.5,xloopA_0Aa,road_loopA_f1,7067.4,7198.7,131.3,872.4,23.9,0
5703,car,4.5,xloopA_0Ba,xloopA_0Bb,7186.7,7199.5,12.8,84.3,23.7,0
5598,car,4.5,road_loopA_f0,road_loopA_f1,7100.8,7200.3,99.5,1304.1,47.2,0
5433,car,4.5,xloopA_0Ba,road_loopA_f1,6967.8,7200.4,232.6,902.8,14.0,1
5658,car,4.5,xloopA_0Aa,xloopA_0Ab,7152.8,7200.7,47.9,84.2,6.3,0
5516,truck,8.5,road_loopA_f0,road_loopA_f1,7040.7,7200.9,160.2,1303.5,29.3,1
5527,suv,4.8,road_loopA_f0,road_loopA_f1,7051.2,7202.1,150.9,1303.5,31.1,1
5522,car,4.5,road_loopA_f0,road_loopA_f1,7047.5,7202.9,155.4,1303.9,30.2,1
5567,suv,4.8,road_loopA_f0,road_loopA_f1,7076.1,7202.9,126.8,1303.1,37.0,0
5542,car,4.5,road_loopA_f0,road_loopA_f1,7059.5,7203.8,144.3,1303.5,32.5,1
5582,truck,8.5,road_loopA_r0,road_loopA_r1,7086.8,7204.3,117.5,1297.3,39.8,0
5590,car,4.5,road_loopA_f0,road_loopA_f1,7095.0,7204.4,109.4,1303.0,42.9,0
5528,car,4.5,road_loopA_f0,road_loopA_f1,7051.7,7204.7,153.0,1302.9,30.6,1
5539,car,4.5,road_loopA_f0,road_loopA_f1,7058.1,7205.6,147.5,1303.2,31.8,1
5554,car,4.5,road_loopA_f0,road_loopA_f1,7066.4,7206.4,140.0,1302.9,33.5,1
5588,suv,4.8,road_loopA_f0,road_loopA_f1,7094.2,7206.6,112.4,1302.8,41.7,0
5565,suv,4.8,road_loopA_f0,road_loopA_f1,7075.6,7207.3,131.7,1303.2,35.6,0
5550,suv,4.8,road_loopA_f0,road_loopA_f1,7064.3,7208.3,144.0,1303.1,32.6,1
5573,suv,4.8,road_loopA_f0,road_loopA_f1,7081.4,7208.3,126.9,1303.4,37.0,0
5570,car,4.5,road_loopA_f0,road_loopA_f1,7079.1,7209.1,130.0,1303.0,36.1,0
5579,car,4.5,road_loopA_f0,road_loopA_f1,7085.5,7210.1,124.6,1303.1,37.7,0
5607,car,4.5,road_loopA_f0,road_loopA_f1,7109.3,7210.1,100.8,1303.4,46.6,0
5586,car,4.5,road_loopA_f0,road_loopA_f1,7089.8,7210.9,121.1,1303.9,38.8,0
5594,car,4.5,road_loopA_f0,road_loopA_f1,7097.0,7211.9,114.9,1303.5,40.9,0
5605,car,4.5,road_loopA_f0,road_loopA_f1,7106.9,7212.0,105.1,1303.2,44.7,0
5603,car,4.5,road_loopA_f0,road_loopA_f1,7105.7,7212.6,106.9,1302.8,43.9,0
5596,suv,4.8,road_loopA_f0,road_loopA_f1,7098.9,7213.7,114.8,1302.9,40.9,0
5622,suv,4.8,road_loopA_f0,road_loopA_f1,7119.1,7214.6,95.5,1304.1,49.2,0
5602,truck,8.5,road_loopA_f0,road_loopA_f1,7103.8,7215.1,111.3,1303.4,42.2,0
5597,suv,4.8,road_loopA_f0,road_loopA_f1,7100.6,7215.6,115.0,1303.0,40.8,0
5604,suv,4.8,road_loopA_r0,xloopA_0Ab,7105.7,7216.5,110.8,869.2,28.2,2
5615,suv,4.8,road_loopA_f0,road_loopA_f1,7116.8,7217.3,100.5,1303.4,46.7,0
5624,car,4.5,road_loopA_f0,road_loopA_f1,7122.5,7217.3,94.8,1303.7,49.5,0
5612,car,4.5,road_loopA_f0,road_loopA_f1,7113.8,7217.4,103.6,1303.2,45.3,0
5626,car,4.5,road_loopA_f0,road_loopA_f1,7122.9,7218.7,95.8,1303.6,49.0,0
5680,car,4.5,road_loopA_f0,xloopA_0Bb,7166.3,7220.7,54.4,478.9,31.7,0
5628,car,4.5,road_loopA_f0,road_loopA_f1,7124.5,7220.8,96.3,1303.4,48.7,0
5617,car,4.5,road_loopA_f0,road_loopA_f1,7116.9,7223.3,106.4,1303.2,44.1,0
5630,car,4.5,road_loopA_f0,road_loopA_f1,7126.0,7223.4,97.4,1303.1,48.1,0
5627,car,4.5,road_loopA_f0,road_loopA_f1,7124.4,7225.4,101.0,1303.5,46.4,0
5625,truck,8.5,road_loopA_f0,road_loopA_f1,7122.6,7226.4,103.8,1303.5,45.2,0
5621,car,4.5,road_loopA_f0,road_loopA_f1,7119.0,7227.3,108.3,1303.7,43.3,0
5614,car,4.5,road_loopA_r0,road_loopA_r1,7115.0,7232.3,117.3,1298.0,39.8,1
5618,suv,4.8,road_loopA_r0,road_loopA_r1,7117.2,7234.7,117.5,1297.8,39.8,1
5611,suv,4.8,road_loopA_r0,road_loopA_r1,7112.3,7235.0,122.7,1297.9,38.1,1
5623,truck,8.5,road_loopA_r0,road_loopA_r1,7122.2,7238.3,116.1,1297.7,40.2,1
5633,car,4.5,road_loopA_r0,road_loopA_r1,7129.2,7238.4,109.2,1298.0,42.8,1
5639,car,4.5,road_loopA_r0,road_loopA_r1,7136.7,7240.5,103.8,1298.2,45.0,1
5637,car,4.5,road_loopA_r0,road_loopA_r1,7134.5,7242.9,108.4,1298.6,43.1,1
5632,truck,8.5,road_loopA_r0,road_loopA_r1,7128.1,7243.4,115.3,1298.0,40.5,0
5643,car,4.5,road_loopA_r0,road_loopA_r1,7140.9,7244.5,103.6,1297.3,45.1,0
5634,suv,4.8,road_loopA_r0,road_loopA_r1,7129.3,7245.9,116.6,1298.4,40.1,0
5609,car,4.5,road_loopA_r0,road_loopA_r1,7110.2,7246.1,135.9,1298.1,34.4,1
5651,car,4.5,road_loopA_r0,road_loopA_r1,7148.1,7247.2,99.1,1298.0,47.2,0
5642,car,4.5,road_loopA_r0,road_loopA_r1,7140.1,7247.6,107.5,1297.7,43.4,0
5640,car,4.5,road_loopA_r0,road_loopA_r1,7137.4,7247.8,110.4,1297.9,42.3,0
5647,car,4.5,road_loopA_r0,road_loopA_r1,7142.7,7249.5,106.8,1297.9,43.7,0
5646,truck,8.5,road_loopA_r0,road_loopA_r1,7141.3,7249.8,108.5,1298.5,43.1,0
5655,suv,4.8,road_loopA_r0,road_loopA_r1,7151.7,7249.9,98.2,1298.6,47.6,0
5657,car,4.5,road_loopA_r0,road_loopA_r1,7152.2,7250.8,98.6,1297.3,47.4,0
5650,car,4.5,road_loopA_r0,road_loopA_r1,7145.0,7251.8,106.8,1298.5,43.8,0
5653,car,4.5,road_loopA_r0,road_loopA_r1,7150.0,7253.5,103.5,1297.8,45.1,0
5669,car,4.5,road_loopA_r0,road_loopA_r1,7159.8,7253.5,93.7,1298.1,49.9,0
5665,truck,8.5,road_loopA_r0,road_loopA_r1,7156.2,7255.8,99.6,1297.9,46.9,0
894,tram,34.0,loopA,loopA,2935.1,7256.0,4320.9,33702.6,28.1,40
5678,car,4.5,road_loopA_r0,road_loopA_r1,7164.6,7257.3,92.7,1297.6,50.4,0
5674,car,4.5,road_loopA_r0,road_loopA_r1,7161.9,7257.4,95.5,1297.9,48.9,0
5664,car,4.5,road_loopA_r0,road_loopA_r1,7155.7,7259.1,103.4,1298.3,45.2,0
5676,car,4.5,road_loopA_r0,road_loopA_r1,7162.6,7260.0,97.4,1298.6,48.0,0
5685,car,4.5,road_loopA_r0,road_loopA_r1,7170.9,7261.7,90.8,1297.7,51.5,0
5645,car,4.5,road_loopA_f0,road_loopA_f1,7141.3,7263.0,121.7,1304.0,38.6,1
5635,suv,4.8,road_loopA_f0,road_loopA_f1,7132.4,7263.1,130.7,1302.9,35.9,1
5686,car,4.5,road_loopA_r0,road_loopA_r1,7171.2,7263.2,92.0,1297.5,50.8,0
5656,suv,4.8,road_loopA_r0,road_loopA_r1,7151.7,7264.5,112.8,1298.3,41.4,0
5641,car,4.5,road_loopA_f0,road_loopA_f1,7138.9,7265.5,126.6,1302.9,37.1,1
5666,car,4.5,road_loopA_r0,road_loopA_r1,7157.1,7266.1,109.0,1297.5,42.9,0
5692,suv,4.8,road_loopA_r0,road_loopA_r1,7177.5,7266.4,88.9,1297.3,52.5,0
5670,suv,4.8,road_loopA_r0,road_loopA_r1,7159.8,7267.4,107.6,1297.5,43.4,0
5659,car,4.5,road_loopA_f0,road_loopA_f1,7153.4,7267.8,114.4,1303.6,41.0,1
5684,suv,4.8,road_loopA_r0,road_loopA_r1,7170.1,7268.7,98.6,1298.4,47.4,0
5667,suv,4.8,road_loopA_f0,road_loopA_f1,7157.4,7269.2,111.8,1303.4,42.0,1
5652,car,4.5,road_loopA_f0,road_loopA_f1,7149.1,7271.1,122.0,1303.1,38.5,1
5572,car,4.5,road_loopA_f0,xloopA_0Ab,7080.9,7271.3,190.4,505.4,9.6,3
5660,car,4.5,road_loopA_f0,road_loopA_f1,7153.5,7271.9,118.4,1302.9,39.6,1
5638,truck,8.5,road_loopA_r0,xloopA_0Bb,7135.9,7272.1,136.2,895.5,23.7,1
5694,car,4.5,road_loopA_r0,road_loopA_r1,7179.0,7273.2,94.2,1297.3,49.6,0
5668,car,4.5,road_loopA_f0,road_loopA_f1,7158.1,7273.8,115.7,1303.5,40.5,1
5583,car,4.5,road_loopA_f0,xloopA_0Ab,7087.1,7273.9,186.8,505.5,9.7,3
5661,suv,4.8,road_loopA_f0,road_loopA_f1,7153.5,7274.5,121.0,1304.1,38.8,1
5608,bus,11.0,road_loopA_r0,road_loopA_r1,7110.0,7274.6,164.6,1298.2,28.4,2
5672,car,4.5,road_loopA_f0,road_loopA_f1,7161.2,7276.0,114.8,1304.2,40.9,1
5606,car,4.5,road_loopA_f0,xloopA_0Ab,7107.4,7276.5,169.1,505.2,10.8,2
5696,suv,4.8,road_loopA_r0,road_loopA_r1,7179.8,7278.1,98.3,1297.6,47.5,0
5613,car,4.5,road_loopA_f0,xloopA_0Ab,7114.2,7279.2,165.0,505.4,11.0,2
5713,truck,8.5,road_loopA_r0,xloopA_0Bb,7204.1,7279.3,75.2,895.5,42.8,0
5695,truck,8.5,road_loopA_r0,road_loopA_r1,7179.6,7280.3,100.7,1298.2,46.4,0
5675,car,4.5,road_loopA_f0,road_loopA_f1,7162.0,7280.5,118.5,1303.5,39.6,1
5620,suv,4.8,road_loopA_f0,xloopA_0Ab,7118.8,7281.9,163.1,505.7,11.2,2
5671,car,4.5,road_loopA_f0,road_loopA_f1,7161.0,7282.2,121.2,1303.4,38.7,1
5701,car,4.5,road_loopA_r0,road_loopA_r1,7185.2,7282.2,97.0,1297.7,48.2,0
5700,suv,4.8,road_loopA_r0,road_loopA_r1,7184.3,7283.0,98.7,1297.7,47.3,0
5687,car,4.5,road_loopA_r0,road_loopA_r1,7173.4,7283.4,110.0,1298.0,42.5,0
5649,car,4.5,road_loopA_f0,road_loopA_f1,7143.4,7283.7,140.3,1303.0,33.4,1
5707,suv,4.8,road_loopA_r0,road_loopA_r1,7194.9,7284.4,89.5,1297.7,52.2,0
5706,suv,4.8,road_loopA_r0,road_loopA_r1,7190.5,7284.8,94.3,1297.7,49.6,0
5689,car,4.5,road_loopA_f0,road_loopA_f1,7175.3,7286.1,110.8,1303.5,42.3,0
5758,car,4.5,xloopA_0Aa,xloopA_0Ab,7247.3,7287.5,40.2,84.1,7.5,1
5691,car,4.5,road_loopA_f0,road_loopA_f1,7176.7,7287.8,111.1,1304.0,42.3,1
5662,car,4.5,road_loopA_f0,road_loopA_f1,7154.6,7288.2,133.6,1303.1,35.1,1
5663,car,4.5,road_loopA_f0,road_loopA_f1,7155.0,7289.1,134.1,1303.3,35.0,1
5704,car,4.5,road_loopA_f0,road_loopA_f1,7187.9,7289.5,101.6,1303.0,46.2,0
5757,car,4.5,xloopA_0Ba,xloopA_0Bb,7247.2,7289.9,42.7,84.2,7.1,1
5616,bus,11.0,road_loopA_f0,road_loopA_f1,7116.8,7290.8,174.0,1303.5,27.0,2
5712,car,4.5,road_loopA_f0,road_loopA_f1,7199.7,7291.3,91.6,1303.8,51.3,0
5705,car,4.5,road_loopA_f0,road_loopA_f1,7188.8,7293.1,104.3,1302.9,45.0,0
5631,car,4.5,xloopA_0Aa,road_loopA_f1,7127.7,7294.1,166.4,872.3,18.9,1
5677,truck,8.5,road_loopA_f0,road_loopA_f1,7163.7,7295.1,131.4,1303.1,35.7,1
5679,car,4.5,road_loopA_f0,road_loopA_f1,7164.8,7295.9,131.1,1303.3,35.8,1
5681,car,4.5,road_loopA_f0,road_loopA_f1,7166.5,7296.8,130.3,1303.7,36.0,0
5693,car,4.5,road_loopA_f0,road_loopA_f1,7178.2,7297.3,119.1,1303.2,39.4,0
5644,suv,4.8,road_loopA_f0,road_loopA_f1,7141.1,7298.8,157.7,1303.0,29.7,1
5636,suv,4.8,road_loopA_f0,road_loopA_f1,7133.2,7299.1,165.9,1303.9,28.3,1
5717,car,4.5,road_loopA_f0,road_loopA_f1,7208.6,7301.2,92.6,1303.8,50.7,0
5709,suv,4.8,road_loopA_f0,road_loopA_f1,7196.0,7302.1,106.1,1302.8,44.2,0
5722,car,4.5,road_loopA_f0,road_loopA_f1,7211.6,7303.9,92.3,1303.4,50.8,0
5698,car,4.5,road_loopA_f0,road_loopA_f1,7181.3,7306.1,124.8,1302.9,37.6,0
5746,car,4.5,road_loopA_f0,xloopA_0Bb,7240.3,7307.3,67.0,478.6,25.7,2
5690,suv,4.8,road_loopA_f0,road_loopA_f1,7176.0,7308.9,132.9,1303.9,35.3,0
5715,suv,4.8,road_loopA_r0,xloopA_0Ab,7206.9,7310.4,103.5,869.4,30.3,1
5599,car,4.5,xloopA_0Aa,road_loopA_f1,7101.5,7310.5,209.0,872.2,15.0,1
5673,car,4.5,xloopA_0Ba,road_loopA_f1,7161.5,7311.1,149.6,902.9,21.7,1
5728,car,4.5,road_loopA_f0,road_loopA_f1,7217.4,7311.6,94.2,1303.8,49.8,0
5654,truck,8.5,road_loopA_f0,road_loopA_f1,7150.4,7313.0,162.6,1303.2,28.9,1
1217,tram,34.0,loopB,loopB,3195.9,7314.3,4118.4,33672.6,29.4,40
5688,car,4.5,road_loopA_f0,road_loopA_f1,7174.7,7315.0,140.3,1303.9,33.5,0
5714,suv,4.8,road_loopA_f0,road_loopA_f1,7205.2,7315.3,110.1,1303.3,42.6,0
5702,bus,11.0,road_loopA_f0,road_loopA_f1,7185.5,7317.6,132.1,1303.5,35.5,0
5718,car,4.5,road_loopA_r0,road_loopA_r1,7209.7,7325.4,115.7,1297.3,40.4,1
5723,suv,4.8,road_loopA_r0,road_loopA_r1,7213.0,7328.8,115.8,1297.8,40.4,1
5727,car,4.5,road_loopA_r0,road_loopA_r1,7216.6,7331.9,115.3,1297.8,40.5,1
5726,car,4.5,road_loopA_f0,road_loopA_f1,7215.7,7334.4,118.7,1303.4,39.5,0
5629,bus,11.0,road_loopA_f0,road_loopA_f1,7124.6,7335.3,210.7,1303.5,22.3,3
5721,suv,4.8,road_loopA_r0,road_loopA_r1,7210.3,7335.9,125.6,1298.3,37.2,1
5725,bus,11.0,road_loopA_r0,road_loopA_r1,7213.7,7336.9,123.2,1297.4,37.9,1
5720,car,4.5,road_loopA_r0,road_loopA_r1,7210.3,7338.0,127.7,1297.3,36.6,1
5739,car,4.5,road_loopA_r0,road_loopA_r1,7233.5,7339.9,106.4,1297.3,43.9,0
5735,bus,11.0,road_loopA_r0,road_loopA_r1,7226.6,7341.9,115.3,1297.9,40.5,0
5745,car,4.5,road_loopA_r0,road_loopA_r1,7240.2,7343.1,102.9,1298.5,45.4,0
5733,car,4.5,xloopA_0Ba,road_loopA_r1,7223.4,7349.2,125.8,476.8,13.6,1
5708,car,4.5,road_loopA_r0,road_loopA_r1,7195.1,7349.9,154.8,1297.6,30.2,1
5730,truck,8.5,road_loopA_r0,road_loopA_r1,7217.6,7350.9,133.3,1297.4,35.0,1
5765,car,4.5,road_loopA_r0,xloopA_0Ab,7253.5,7351.2,97.7,869.0,32.0,1
5711,car,4.5,xloopA_0Aa,road_loopA_r1,7197.4,7351.5,154.1,506.8,11.8,1
5792,car,4.5,xloopA_0Ba,road_loopA_r1,7278.0,7352.0,74.0,476.8,23.2,0
5754,car,4.5,road_loopA_r0,road_loopA_r1,7244.6,7352.9,108.3,1298.1,43.2,0
5710,car,4.5,road_loopA_r0,road_loopA_r1,7196.7,7353.2,156.5,1297.4,29.8,1
5744,car,4.5,road_loopA_r0,road_loopA_r1,7239.8,7354.0,114.2,1298.3,40.9,0
5764,car,4.5,road_loopA_r0,road_loopA_r1,7253.3,7354.5,101.2,1297.5,46.2,0
5716,car,4.5,road_loopA_r0,road_loopA_r1,7207.6,7355.0,147.4,1298.2,31.7,1
5734,car,4.5,road_loopA_f0,road_loopA_f1,7223.8,7355.5,131.7,1303.7,35.6,1
5731,truck,8.5,road_loopA_r0,road_loopA_r1,7221.5,7356.1,134.6,1297.9,34.7,0
5769,car,4.5,road_loopA_r0,road_loopA_r1,7258.8,7356.2,97.4,1297.9,48.0,0
5719,truck,8.5,road_loopA_r0,road_loopA_r1,7209.9,7357.2,147.3,1298.3,31.7,1
5736,suv,4.8,road_loopA_f0,road_loopA_f1,7227.0,7357.3,130.3,1302.9,36.0,1
5770,car,4.5,road_loopA_r0,road_loopA_r1,7259.3,7357.9,98.6,1297.9,47.4,0
5748,car,4.5,road_loopA_r0,road_loopA_r1,7241.8,7358.2,116.4,1298.2,40.1,0
5747,suv,4.8,road_loopA_r0,road_loopA_r1,7241.2,7359.1,117.9,1297.4,39.6,0
5697,bus,11.0,road_loopA_r0,road_loopA_r1,7180.9,7359.2,178.3,1297.6,26.2,3
5776,car,4.5,road_loopA_r0,road_loopA_r1,7264.5,7359.6,95.1,1297.3,49.1,0
5759,car,4.5,road_loopA_r0,road_loopA_r1,7248.1,7359.9,111.8,1298.0,41.8,0
5756,car,4.5,road_loopA_r0,road_loopA_r1,7246.8,7360.8,114.0,1297.4,41.0,0
5762,car,4.5,road_loopA_r0,road_loopA_r1,7252.4,7361.6,109.2,1297.7,42.8,0
5778,car,4.5,road_loopA_r0,road_loopA_r1,7267.8,7362.0,94.2,1298.3,49.6,0
5752,car,4.5,road_loopA_r0,road_loopA_r1,7243.7,7362.7,119.0,1298.0,39.3,0
5783,suv,4.8,road_loopA_r0,road_loopA_r1,7273.7,7363.1,89.4,1297.7,52.3,0
5767,suv,4.8,road_loopA_r0,road_loopA_r1,7256.1,7364.1,108.0,1297.6,43.3,0
5750,car,4.5,road_loopA_r0,xloopA_0Bb,7242.1,7364.2,122.1,895.4,26.4,1
5732,car,4.5,road_loopA_f0,road_loopA_f1,7223.0,7364.4,141.4,1303.4,33.2,1
5755,car,4.5,road_loopA_r0,road_loopA_r1,7245.3,7364.4,119.1,1297.3,39.2,0
5683,car,4.5,road_loopA_f0,xloopA_0Ab,7169.6,7364.8,195.2,505.4,9.3,2
5738,suv,4.8,road_loopA_f0,road_loopA_f1,7228.8,7365.2,136.4,1303.4,34.4,1
5740,car,4.5,road_loopA_f0,road_loopA_f1,7233.6,7365.6,132.0,1302.8,35.5,1
5787,suv,4.8,road_loopA_r0,road_loopA_r1,7275.4,7366.6,91.2,1298.0,51.2,0
5699,car,4.5,road_loopA_f0,xloopA_0Ab,7183.5,7367.4,183.9,505.4,9.9,3
5741,car,4.5,road_loopA_f0,road_loopA_f1,7236.8,7367.4,130.6,1302.9,35.9,1
5751,suv,4.8,road_loopA_f0,road_loopA_f1,7242.4,7367.6,125.2,1303.7,37.5,1
5729,car,4.5,road_loopA_f0,road_loopA_f1,7217.7,7368.1,150.4,1302.8,31.2,1
5749,suv,4.8,road_loopA_f0,road_loopA_f1,7242.2,7369.2,127.0,1304.1,37.0,1
5791,car,4.5,road_loopA_r0,road_loopA_r1,7277.4,7369.5,92.1,1297.3,50.7,0
5737,car,4.5,road_loopA_f0,road_loopA_f1,7227.8,7369.8,142.0,1303.3,33.0,1
5724,car,4.5,road_loopA_f0,xloopA_0Ab,7213.2,7370.0,156.8,505.2,11.6,2
5763,truck,8.5,road_loopA_f0,road_loopA_f1,7252.8,7371.3,118.5,1302.9,39.6,1
5760,car,4.5,road_loopA_f0,road_loopA_f1,7248.7,7371.8,123.1,1303.9,38.1,1
5743,car,4.5,road_loopA_f0,road_loopA_f1,7239.0,7372.3,133.3,1303.4,35.2,1
5795,suv,4.8,road_loopA_r0,road_loopA_r1,7281.4,7373.0,91.6,1298.3,51.0,0
5771,suv,4.8,road_loopA_f0,road_loopA_f1,7259.9,7374.8,114.9,1304.0,40.9,0
5790,suv,4.8,road_loopA_r0,road_loopA_r1,7276.5,7375.5,99.0,1297.7,47.2,0
5806,car,4.5,xloopA_0Aa,xloopA_0Ab,7300.9,7375.9,75.0,84.2,4.0,1
5882,car,4.5,xloopA_0Ba,xloopA_0Bb,7368.2,7379.6,11.4,84.7,26.8,0
5779,suv,4.8,road_loopA_f0,road_loopA_f1,7268.7,7380.1,111.4,1303.3,42.1,0
5841,car,4.5,xloopA_0Aa,xloopA_0Ab,7327.6,7381.2,53.6,84.3,5.7,1
5784,truck,8.5,road_loopA_f0,road_loopA_f1,7274.4,7382.2,107.8,1303.3,43.5,0
5781,truck,8.5,road_loopA_f0,road_loopA_f1,7272.4,7382.6,110.2,1303.0,42.6,0
5773,car,4.5,road_loopA_f0,road_loopA_f1,7262.7,7382.7,120.0,1302.8,39.1,0
5782,car,4.5,road_loopA_f0,road_loopA_f1,7273.4,7384.2,110.8,1302.9,42.3,0
5870,car,4.5,xloopA_0Aa,xloopA_0Ab,7357.1,7384.4,27.3,84.7,11.1,0
5775,suv,4.8,road_loopA_f0,road_loopA_f1,7263.9,7385.6,121.7,1303.2,38.5,0
5794,car,4.5,road_loopA_f0,road_loopA_f1,7280.5,7386.3,105.8,1302.8,44.3,0
5777,car,4.5,road_loopA_f0,road_loopA_f1,7267.2,7387.5,120.3,1303.7,39.0,0
5799,car,4.5,road_loopA_f0,road_loopA_f1,7285.4,7388.1,102.7,1303.5,45.7,0
5780,car,4.5,road_loopA_f0,road_loopA_f1,7271.2,7389.3,118.1,1304.0,39.7,0
5798,car,4.5,road_loopA_f0,road_loopA_f1,7284.1,7389.9,105.8,1302.8,44.3,0
5772,car,4.5,road_loopA_f0,road_loopA_f1,7261.8,7391.1,129.3,1303.2,36.3,0
5807,car,4.5,road_loopA_f0,road_loopA_f1,7303.2,7392.7,89.5,1302.8,52.4,0
5753,car,4.5,xloopA_0Ba,road_loopA_f1,7244.3,7394.2,149.9,902.3,21.7,1
5800,car,4.5,road_loopA_f0,road_loopA_f1,7289.8,7396.6,106.8,1302.9,43.9,0
5786,truck,8.5,road_loopA_f0,road_loopA_f1,7275.4,7396.9,121.5,1303.7,38.6,0
5793,car,4.5,road_loopA_f0,road_loopA_f1,7280.4,7397.9,117.5,1303.1,39.9,0
5768,suv,4.8,road_loopA_f0,road_loopA_f1,7257.1,7398.5,141.4,1303.7,33.2,1
5789,car,4.5,road_loopA_f0,road_loopA_f1,7276.4,7399.8,123.4,1303.2,38.0,0
5785,car,4.5,road_loopA_f0,road_loopA_f1,7274.7,7400.2,125.5,1304.0,37.4,0
5788,car,4.5,road_loopA_f0,road_loopA_f1,7275.7,7402.3,126.6,1303.0,37.0,0
5819,suv,4.8,road_loopA_f0,road_loopA_f1,7310.2,7402.7,92.5,1304.0,50.8,0
5796,car,4.5,xloopA_0Ba,road_loopA_f1,7282.3,7404.0,121.7,902.9,26.7,0
5774,car,4.5,road_loopA_f0,road_loopA_f1,7263.4,7405.4,142.0,1303.1,33.0,0
5817,suv,4.8,road_loopA_f0,road_loopA_f1,7308.9,7405.5,96.6,1303.7,48.6,0
5761,car,4.5,road_loopA_f0,road_loopA_f1,7251.2,7405.6,154.4,1303.2,30.4,1
5814,car,4.5,road_loopA_r0,xloopA_0Ab,7306.7,7406.9,100.2,869.1,31.2,1
5826,car,4.5,road_loopA_f0,road_loopA_f1,7316.7,7407.4,90.7,1303.9,51.8,0
5813,truck,8.5,road_loopA_f0,road_loopA_f1,7306.4,7409.1,102.7,1303.7,45.7,0
5832,suv,4.8,road_loopA_f0,road_loopA_f1,7317.7,7410.1,92.4,1304.1,50.8,0
5810,truck,8.5,road_loopA_f0,road_loopA_f1,7305.0,7414.0,109.0,1303.1,43.0,0
5821,truck,8.5,road_loopA_f0,road_loopA_f1,7313.4,7416.4,103.0,1303.0,45.5,0
5804,car,4.5,road_loopA_r0,road_loopA_r1,7299.7,7419.8,120.1,1297.8,38.9,1
5803,suv,4.8,road_loopA_r0,road_loopA_r1,7299.2,7419.9,120.7,1297.8,38.7,1
5805,suv,4.8,road_loopA_r0,road_loopA_r1,7299.8,7423.8,124.0,1298.1,37.7,1
5809,suv,4.8,road_loopA_r0,road_loopA_r1,7304.0,7425.2,121.2,1297.5,38.5,1
5822,car,4.5,road_loopA_r0,road_loopA_r1,7314.7,7426.3,111.6,1297.6,41.9,1
5820,car,4.5,road_loopA_r0,road_loopA_r1,7311.9,7427.0,115.1,1297.6,40.6,1
5802,suv,4.8,road_loopA_r0,road_loopA_r1,7292.7,7427.2,134.5,1297.7,34.7,1
5808,car,4.5,road_loopA_r0,road_loopA_r1,7304.1,7429.0,124.9,1297.4,37.4,1
5818,car,4.5,road_loopA_r0,road_loopA_r1,7310.0,7429.1,119.1,1297.3,39.2,1
5815,car,4.5,road_loopA_r0,road_loopA_r1,7307.6,7431.8,124.2,1298.3,37.6,1
5823,suv,4.8,road_loopA_r0,road_loopA_r1,7316.1,7431.9,115.8,1298.4,40.4,1
5834,car,4.5,road_loopA_r0,road_loopA_r1,7320.1,7432.6,112.5,1297.5,41.5,1
5837,car,4.5,road_loopA_r0,road_loopA_r1,7323.5,7433.9,110.4,1298.2,42.3,1
5811,suv,4.8,road_loopA_r0,road_loopA_r1,7305.8,7434.9,129.1,1297.7,36.2,1
5816,truck,8.5,road_loopA_r0,road_loopA_r1,7307.7,7437.3,129.6,1298.4,36.1,1
5840,car,4.5,road_loopA_r0,road_loopA_r1,7325.8,7438.1,112.3,1298.7,41.6,15
5825,car,4.5,road_loopA_r0,road_loopA_r1,7316.3,7438.4,122.1,1298.2,38.3,1
5824,car,4.5,road_loopA_r0,road_loopA_r1,7316.1,7439.3,123.2,1298.2,37.9,1
5831,car,4.5,road_loopA_r0,road_loopA_r1,7317.4,7440.0,122.6,1297.6,38.1,0
5851,car,4.5,road_loopA_r0,road_loopA_r1,7333.9,7440.7,106.8,1298.3,43.8,0
5830,car,4.5,road_loopA_r0,road_loopA_r1,7317.3,7441.0,123.7,1297.6,37.8,1
5839,car,4.5,road_loopA_r0,road_loopA_r1,7324.0,7441.8,117.8,1298.6,39.7,0
5846,car,4.5,road_loopA_r0,road_loopA_r1,7332.3,7443.3,111.0,1297.8,42.1,0
5842,suv,4.8,road_loopA_r0,road_loopA_r1,7328.2,7443.7,115.5,1297.6,40.4,0
5864,car,4.5,road_loopA_r0,road_loopA_r1,7351.8,7445.1,93.3,1298.0,50.1,0
5849,car,4.5,road_loopA_r0,road_loopA_r1,7333.2,7445.4,112.2,1298.2,41.7,0
5868,car,4.5,road_loopA_r0,road_loopA_r1,7356.2,7446.6,90.4,1298.0,51.7,0
5835,car,4.5,road_loopA_f0,road_loopA_f1,7320.5,7447.1,126.6,1302.9,37.1,1
5855,suv,4.8,road_loopA_r0,road_loopA_r1,7340.3,7447.2,106.9,1297.3,43.7,0
5838,suv,4.8,road_loopA_f0,road_loopA_f1,7323.5,7448.7,125.2,1304.0,37.5,1
5857,suv,4.8,road_loopA_r0,road_loopA_r1,7347.3,7449.0,101.7,1297.4,45.9,0
5844,car,4.5,road_loopA_f0,road_loopA_f1,7329.4,7450.1,120.7,1302.9,38.9,1
5847,car,4.5,road_loopA_f0,road_loopA_f1,7332.5,7452.9,120.4,1302.8,39.0,1
5876,suv,4.8,road_loopA_r0,road_loopA_r1,7362.7,7452.9,90.2,1298.0,51.8,0
5850,car,4.5,road_loopA_f0,road_loopA_f1,7333.4,7453.4,120.0,1303.2,39.1,1
5881,car,4.5,road_loopA_r0,road_loopA_r1,7365.1,7454.9,89.8,1298.7,52.1,0
5863,truck,8.5,road_loopA_r0,road_loopA_r1,7351.5,7455.3,103.8,1297.3,45.0,0
5833,car,4.5,road_loopA_f0,road_loopA_f1,7318.6,7455.4,136.8,1303.3,34.3,1
5854,suv,4.8,road_loopA_f0,road_loopA_f1,7337.2,7456.6,119.4,1302.8,39.3,1
5869,suv,4.8,road_loopA_r0,road_loopA_r1,7356.8,7457.4,100.6,1297.3,46.4,0
5829,car,4.5,xloopA_0Aa,road_loopA_f1,7317.1,7457.6,140.5,872.7,22.4,1
5812,car,4.5,road_loopA_r0,xloopA_0Bb,7306.0,7457.7,151.7,895.4,21.3,1
5836,car,4.5,road_loopA_f0,road_loopA_f1,7322.0,7458.0,136.0,1303.6,34.5,1
5742,car,4.5,road_loopA_f0,xloopA_0Ab,7238.5,7458.2,219.7,505.1,8.3,2
5880,suv,4.8,road_loopA_r0,road_loopA_r1,7364.3,7458.3,94.0,1298.2,49.7,0
5828,car,4.5,road_loopA_f0,road_loopA_f1,7316.9,7459.2,142.3,1303.0,33.0,1
5853,car,4.5,road_loopA_f0,road_loopA_f1,7336.0,7459.3,123.3,1303.6,38.1,1
5848,car,4.5,road_loopA_f0,road_loopA_f1,7332.6,7459.5,126.9,1304.2,37.0,1
5883,car,4.5,road_loopA_r0,road_loopA_r1,7368.9,7460.1,91.2,1298.5,51.2,0
5890,car,4.5,road_loopA_r0,xloopA_0Bb,7374.1,7460.3,86.2,895.5,37.4,1
5797,bus,11.0,road_loopA_r0,road_loopA_r1,7283.9,7461.0,177.1,1298.1,26.4,2
5801,truck,8.5,road_loopA_f0,xloopA_0Ab,7290.6,7461.7,171.1,505.4,10.6,2
5872,suv,4.8,road_loopA_r0,road_loopA_r1,7357.4,7464.2,106.8,1298.2,43.8,0
5906,car,4.5,road_loopA_f0,xloopA_0Ab,7383.2,7464.7,81.5,505.3,22.3,1
5884,car,4.5,road_loopA_r0,road_loopA_r1,7370.3,7466.4,96.1,1297.7,48.6,0
5865,car,4.5,road_loopA_r0,road_loopA_r1,7352.8,7466.9,114.1,1297.5,41.0,0
5856,car,4.5,road_loopA_f0,road_loopA_f1,7346.8,7467.7,120.9,1304.0,38.8,1
5843,car,4.5,road_loopA_f0,road_loopA_f1,7328.5,7467.9,139.4,1303.2,33.7,1
5936,car,4.5,road_loopA_f0,xloopA_0Ab,7416.6,7467.9,51.3,505.3,35.5,0
5867,car,4.5,road_loopA_f0,road_loopA_f1,7354.7,7468.5,113.8,1303.0,41.2,0
5879,suv,4.8,road_loopA_r0,road_loopA_r1,7363.7,7469.4,105.7,1297.7,44.2,0
5874,car,4.5,road_loopA_f0,road_loopA_f1,7359.2,7470.2,111.0,1303.3,42.3,0
5891,suv,4.8,road_loopA_r0,road_loopA_r1,7374.2,7470.3,96.1,1297.4,48.6,0
5901,suv,4.8,road_loopA_r0,road_loopA_r1,7379.6,7471.0,91.4,1297.9,51.1,0
5888,suv,4.8,road_loopA_r0,road_loopA_r1,7373.0,7471.5,98.5,1297.5,47.4,0
5859,truck,8.5,road_loopA_f0,road_loopA_f1,7347.7,7471.6,123.9,1303.8,37.9,0
5887,car,4.5,road_loopA_f0,road_loopA_f1,7373.0,7471.9,98.9,1302.9,47.4,0
5904,car,4.5,road_loopA_r0,road_loopA_r1,7382.7,7472.7,90.0,1297.5,51.9,0
5845,suv,4.8,road_loopA_f0,road_loopA_f1,7331.9,7472.9,141.0,1303.6,33.3,1
5862,car,4.5,road_loopA_f0,road_loopA_f1,7350.4,7473.6,123.2,1302.8,38.1,0
5893,car,4.5,road_loopA_f0,road_loopA_f1,7375.7,7474.3,98.6,1303.7,47.6,0
5858,suv,4.8,road_loopA_f0,road_loopA_f1,7347.3,7474.5,127.2,1303.0,36.9,1
5886,car,4.5,xloopA_0Ba,xloopA_0Bb,7372.8,7474.7,101.9,84.1,3.0,1
5898,car,4.5,road_loopA_r0,road_loopA_r1,7378.6,7475.1,96.5,1298.0,48.4,0
5877,car,4.5,road_loopA_f0,road_loopA_f1,7362.9,7475.4,112.5,1303.5,41.7,1
5860,suv,4.8,road_loopA_f0,road_loopA_f1,7348.3,7476.2,127.9,1302.9,36.7,1
5897,car,4.5,road_loopA_f0,road_loopA_f1,7378.2,7476.3,98.1,1303.5,47.9,0
5923,car,4.5,xloopA_0Ba,xloopA_0Bb,7393.5,7476.8,83.3,84.2,3.6,1
5871,car,4.5,road_loopA_f0,road_loopA_f1,7357.4,7477.2,119.8,1303.9,39.2,0
5942,car,4.5,xloopA_0Aa,xloopA_0Ab,7420.5,7477.5,57.0,84.4,5.3,1
5861,suv,4.8,road_loopA_f0,road_loopA_f1,7349.8,7478.0,128.2,1304.0,36.6,1
5894,car,4.5,road_loopA_f0,road_loopA_f1,7375.9,7478.8,102.9,1303.1,45.6,0
5933,car,4.5,xloopA_0Ba,xloopA_0Bb,7409.8,7479.0,69.2,84.6,4.4,1
5965,car,4.5,xloopA_0Aa,xloopA_0Ab,7437.5,7479.6,42.1,84.4,7.2,0
5866,car,4.5,road_loopA_f0,road_loopA_f1,7354.2,7479.7,125.5,1303.1,37.4,0
5885,car,4.5,road_loopA_f0,road_loopA_f1,7372.3,7480.3,108.0,1303.2,43.5,0
5875,suv,4.8,road_loopA_f0,road_loopA_f1,7360.3,7481.5,121.2,1303.7,38.7,0
5985,car,4.5,xloopA_0Ba,xloopA_0Bb,7455.5,7481.6,26.1,84.1,11.6,0
5892,car,4.5,road_loopA_f0,road_loopA_f1,7375.6,7482.5,106.9,1304.1,43.9,0
5900,car,4.5,road_loopA_f0,road_loopA_f1,7379.6,7483.3,103.7,1303.9,45.2,0
5896,suv,4.8,road_loopA_f0,road_loopA_f1,7377.2,7484.4,107.2,1303.5,43.8,0
5909,car,4.5,road_loopA_f0,road_loopA_f1,7384.8,7485.0,100.2,1302.9,46.8,0
5895,car,4.5,road_loopA_f0,road_loopA_f1,7376.3,7485.5,109.2,1303.1,43.0,0
5972,car,4.5,xloopA_0Aa,xloopA_0Ab,7440.9,7485.5,44.6,84.5,6.8,0
5899,truck,8.5,road_loopA_f0,road_loopA_f1,7378.7,7486.6,107.9,1302.8,43.5,0
5915,car,4.5,road_loopA_f0,road_loopA_f1,7389.4,7486.9,97.5,1303.9,48.1,0
5914,truck,8.5,road_loopA_f0,road_loopA_f1,7388.9,7487.6,98.7,1303.5,47.6,0
5905,car,4.5,road_loopA_f0,road_loopA_f1,7383.1,7491.1,108.0,1302.9,43.4,0
5921,truck,8.5,road_loopA_f0,road_loopA_f1,7392.9,7491.8,98.9,1303.0,47.4,0
5957,car,4.5,road_loopA_f0,xloopA_0Bb,7433.3,7491.9,58.6,478.4,29.4,1
5919,car,4.5,road_loopA_f0,road_loopA_f1,7392.4,7496.4,104.0,1303.2,45.1,0
5922,car,4.5,road_loopA_f0,road_loopA_f1,7393.2,7497.2,104.0,1303.5,45.1,0
5913,car,4.5,road_loopA_f0,road_loopA_f1,7388.6,7498.2,109.6,1303.3,42.8,0
5920,suv,4.8,road_loopA_f0,road_loopA_f1,7392.5,7498.4,105.9,1303.7,44.3,0
5852,bus,11.0,road_loopA_r0,road_loopA_r1,7335.8,7498.9,163.1,1298.3,28.7,2
5932,suv,4.8,road_loopA_f0,road_loopA_f1,7408.7,7504.0,95.3,1302.8,49.2,0
5912,suv,4.8,road_loopA_r0,road_loopA_r1,7386.2,7516.3,130.1,1297.8,35.9,1
5916,car,4.5,road_loopA_r0,road_loopA_r1,7390.7,7517.5,126.8,1298.7,36.9,1
5951,suv,4.8,road_loopA_r0,xloopA_0Ab,7427.5,7518.1,90.6,869.4,34.5,1
5929,car,4.5,road_loopA_f0,road_loopA_f1,7404.0,7519.5,115.5,1302.9,40.6,0
5925,car,4.5,road_loopA_r0,road_loopA_r1,7396.0,7520.5,124.5,1298.5,37.5,1
5827,bus,11.0,road_loopA_f0,road_loopA_f1,7316.7,7522.5,205.8,1303.0,22.8,3
5918,car,4.5,road_loopA_r0,road_loopA_r1,7391.5,7523.1,131.6,1297.4,35.5,1
5889,suv,4.8,road_loopA_r0,road_loopA_r1,7373.4,7524.9,151.5,1297.7,30.8,1
5910,car,4.5,road_loopA_r0,road_loopA_r1,7385.8,7525.4,139.6,1298.2,33.5,1
5873,car,4.5,xloopA_0Aa,road_loopA_r1,7358.2,7527.5,169.3,507.0,10.8,1
5924,car,4.5,road_loopA_r0,road_loopA_r1,7395.5,7528.3,132.8,1298.6,35.2,1
5903,suv,4.8,road_loopA_r0,road_loopA_r1,7380.6,7528.8,148.2,1298.4,31.5,1
5908,truck,8.5,road_loopA_r0,road_loopA_r1,7384.5,7531.2,146.7,1297.8,31.9,1
5949,car,4.5,road_loopA_r0,road_loopA_r1,7423.2,7532.4,109.2,1298.1,42.8,0
5928,car,4.5,road_loopA_r0,road_loopA_r1,7402.6,7533.3,130.7,1298.5,35.8,1
5878,car,4.5,road_loopA_r0,road_loopA_r1,7363.3,7535.3,172.0,1297.3,27.2,1
5954,suv,4.8,road_loopA_r0,road_loopA_r1,7431.9,7535.4,103.5,1298.2,45.2,0
5930,suv,4.8,road_loopA_r0,road_loopA_r1,7405.5,7535.5,130.0,1298.1,36.0,1
5907,truck,8.5,road_loopA_r0,road_loopA_r1,7383.8,7537.5,153.7,1297.7,30.4,1
5931,suv,4.8,road_loopA_r0,road_loopA_r1,7408.1,7538.3,130.2,1297.7,35.9,0
5946,truck,8.5,road_loopA_r0,road_loopA_r1,7421.2,7538.9,117.7,1298.7,39.7,0
5917,suv,4.8,road_loopA_r0,road_loopA_r1,7391.2,7539.4,148.2,1297.2,31.5,1
5940,car,4.5,road_loopA_r0,road_loopA_r1,7420.0,7540.5,120.5,1298.6,38.8,0
5944,car,4.5,road_loopA_r0,road_loopA_r1,7420.8,7541.1,120.3,1297.6,38.8,1
5953,car,4.5,road_loopA_r0,road_loopA_r1,7430.2,7543.1,112.9,1298.0,41.4,0
5937,suv,4.8,road_loopA_f0,road_loopA_f1,7417.0,7543.3,126.3,1303.1,37.1,1
5955,car,4.5,road_loopA_r0,road_loopA_r1,7432.7,7543.7,111.0,1298.3,42.1,0
5947,car,4.5,road_loopA_r0,road_loopA_r1,7421.8,7543.8,122.0,1298.2,38.3,0
5934,car,4.5,road_loopA_f0,road_loopA_f1,7413.0,7544.0,131.0,1304.1,35.8,1
5956,car,4.5,road_loopA_r0,road_loopA_r1,7433.2,7544.9,111.7,1297.7,41.8,0
5952,suv,4.8,road_loopA_r0,road_loopA_r1,7430.0,7545.5,115.5,1297.4,40.4,0
5975,car,4.5,road_loopA_r0,road_loopA_r1,7445.6,7545.8,100.2,1298.0,46.6,0
5967,car,4.5,road_loopA_r0,road_loopA_r1,7438.4,7546.6,108.2,1297.4,43.2,0
5962,car,4.5,road_loopA_r0,road_loopA_r1,7436.9,7547.3,110.4,1297.8,42.3,0
5971,car,4.5,road_loopA_r0,road_loopA_r1,7440.6,7548.4,107.8,1298.2,43.4,0
5974,car,4.5,road_loopA_r0,road_loopA_r1,7443.9,7550.2,106.3,1298.3,44.0,0
5927,car,4.5,road_loopA_r0,xloopA_0Bb,7402.5,7551.2,148.7,895.5,21.7,1
5981,car,4.5,road_loopA_r0,road_loopA_r1,7452.5,7551.7,99.2,1298.4,47.1,0
5960,suv,4.8,road_loopA_f0,xloopA_0Ab,7436.3,7551.9,115.6,505.6,15.7,1
5978,car,4.5,road_loopA_r0,road_loopA_r1,7448.4,7552.0,103.6,1298.3,45.1,0
5939,suv,4.8,road_loopA_f0,road_loopA_f1,7418.2,7552.6,134.4,1303.0,34.9,1
5968,car,4.5,road_loopA_r0,road_loopA_r1,7438.7,7552.6,113.9,1297.7,41.0,0
5941,suv,4.8,road_loopA_f0,road_loopA_f1,7420.3,7553.0,132.7,1303.1,35.4,1
5935,suv,4.8,road_loopA_f0,road_loopA_f1,7415.0,7553.1,138.1,1303.3,34.0,1
5976,car,4.5,road_loopA_r0,road_loopA_r1,7446.9,7554.0,107.1,1297.3,43.6,0
5938,car,4.5,road_loopA_f0,road_loopA_f1,7418.1,7554.3,136.2,1303.4,34.5,1
6012,car,4.5,road_loopA_f0,xloopA_0Ab,7482.4,7554.5,72.1,505.3,25.2,1
5979,truck,8.5,road_loopA_r0,xloopA_0Bb,7448.6,7554.6,106.0,895.8,30.4,1
5911,bus,11.0,road_loopA_r0,road_loopA_r1,7386.1,7555.6,169.5,1298.5,27.6,3
5959,suv,4.8,road_loopA_f0,road_loopA_f1,7434.5,7557.1,122.6,1303.6,38.3,1
5994,car,4.5,road_loopA_r0,road_loopA_r1,7468.1,7557.8,89.7,1298.2,52.1,0
5948,car,4.5,road_loopA_f0,road_loopA_f1,7423.0,7558.1,135.1,1302.9,34.7,1
5969,suv,4.8,road_loopA_f0,road_loopA_f1,7439.6,7559.7,120.1,1303.4,39.1,1
5958,car,4.5,road_loopA_f0,road_loopA_f1,7433.4,7559.8,126.4,1303.8,37.1,1
5993,suv,4.8,road_loopA_r0,road_loopA_r1,7467.6,7560.6,93.0,1298.5,50.2,0
5902,bus,11.0,road_loopA_r0,road_loopA_r1,7380.5,7560.8,180.3,1298.2,25.9,2
5973,car,4.5,road_loopA_r0,road_loopA_r1,7442.5,7560.9,118.4,1298.3,39.5,0
5964,car,4.5,road_loopA_f0,road_loopA_f1,7437.3,7561.5,124.2,1303.2,37.8,1
5966,suv,4.8,road_loopA_f0,road_loopA_f1,7437.7,7562.4,124.7,1303.3,37.6,1
5996,suv,4.8,road_loopA_r0,road_loopA_r1,7469.1,7562.5,93.4,1297.4,50.0,0
6048,car,4.5,road_loopA_f0,xloopA_0Ab,7517.9,7562.7,44.8,505.4,40.6,0
5986,truck,8.5,road_loopA_r0,road_loopA_r1,7455.5,7563.0,107.5,1298.4,43.5,0
5982,car,4.5,road_loopA_f0,road_loopA_f1,7452.7,7563.4,110.7,1304.1,42.4,0
5977,truck,8.5,road_loopA_r0,road_loopA_r1,7448.3,7564.4,116.1,1297.4,40.2,0
5987,car,4.5,road_loopA_f0,road_loopA_f1,7460.2,7565.1,104.9,1303.8,44.7,0
5990,car,4.5,road_loopA_r0,road_loopA_r1,7465.1,7565.2,100.1,1298.4,46.7,0
5970,suv,4.8,road_loopA_f0,road_loopA_f1,7439.9,7565.4,125.5,1303.6,37.4,1
6004,car,4.5,road_loopA_r0,road_loopA_r1,7473.8,7565.9,92.1,1297.7,50.7,0
5995,suv,4.8,road_loopA_r0,road_loopA_r1,7468.8,7566.3,97.5,1297.6,47.9,0
5992,suv,4.8,road_loopA_f0,road_loopA_f1,7467.0,7566.8,99.8,1303.1,47.0,0
5984,car,4.5,xloopA_0Aa,xloopA_0Ab,7454.9,7566.8,111.9,84.2,2.7,1
6001,car,4.5,road_loopA_r0,road_loopA_r1,7472.5,7566.9,94.4,1298.4,49.5,0
5989,car,4.5,xloopA_0Ba,xloopA_0Bb,7462.8,7567.0,104.2,84.3,2.9,1
6005,car,4.5,road_loopA_f0,road_loopA_f1,7474.1,7567.2,93.1,1303.6,50.4,0
5997,truck,8.5,road_loopA_r0,road_loopA_r1,7470.5,7568.5,98.0,1298.6,47.7,0
6007,car,4.5,road_loopA_r0,road_loopA_r1,7475.7,7568.6,92.9,1298.5,50.3,0
5999,car,4.5,xloopA_0Aa,xloopA_0Ab,7470.9,7568.8,97.9,84.0,3.1,1
6037,car,4.5,xloopA_0Ba,xloopA_0Bb,7509.8,7569.2,59.4,84.1,5.1,1
6006,car,4.5,road_loopA_f0,road_loopA_f1,7474.5,7570.3,95.8,1303.3,49.0,0
6002,car,4.5,road_loopA_r0,road_loopA_r1,7473.2,7570.5,97.3,1297.3,48.0,0
5963,suv,4.8,road_loopA_f0,road_loopA_f1,7436.9,7571.0,134.1,1303.4,35.0,1
6052,car,4.5,xloopA_0Ba,xloopA_0Bb,7521.4,7571.4,50.0,84.2,6.1,1
5983,car,4.5,road_loopA_f0,road_loopA_f1,7452.7,7572.8,120.1,1303.6,39.1,0
5950,car,4.5,road_loopA_f0,road_loopA_f1,7424.3,7573.3,149.0,1303.6,31.5,1
6078,car,4.5,xloopA_0Aa,xloopA_0Ab,7541.6,7573.5,31.9,84.5,9.5,0
6054,car,4.5,xloopA_0Ba,xloopA_0Bb,7522.1,7573.7,51.6,84.7,5.9,0
5988,car,4.5,road_loopA_f0,road_loopA_f1,7461.6,7574.7,113.1,1303.8,41.5,0
6008,car,4.5,road_loopA_f0,road_loopA_f1,7476.0,7575.3,99.3,1303.8,47.3,0
5926,car,4.5,xloopA_0Aa,road_loopA_f1,7399.7,7575.7,176.0,872.0,17.8,1
6000,car,4.5,road_loopA_f0,road_loopA_f1,7471.9,7576.6,104.7,1303.3,44.8,0
6064,car,4.5,xloopA_0Ba,xloopA_0Bb,7528.4,7577.4,49.0,84.2,6.2,0
5945,suv,4.8,road_loopA_f0,road_loopA_f1,7420.9,7577.5,156.6,1303.2,30.0,1
5943,suv,4.8,road_loopA_f0,road_loopA_f1,7420.8,7578.7,157.9,1303.0,29.7,1
5998,car,4.5,road_loopA_f0,road_loopA_f1,7470.8,7579.2,108.4,1303.6,43.3,0
5991,car,4.5,road_loopA_f0,road_loopA_f1,7465.7,7580.0,114.3,1303.6,41.1,0
5961,car,4.5,road_loopA_f0,road_loopA_f1,7436.6,7580.2,143.6,1303.5,32.7,1
6013,suv,4.8,road_loopA_f0,road_loopA_f1,7482.6,7581.3,98.7,1303.9,47.6,0
6021,car,4.5,road_loopA_f0,road_loopA_f1,7488.5,7581.8,93.3,1302.8,50.3,0
6025,car,4.5,road_loopA_f0,road_loopA_f1,7492.5,7583.7,91.2,1304.2,51.5,0
6017,car,4.5,road_loopA_f0,road_loopA_f1,7484.7,7585.8,101.1,1303.7,46.4,0
6026,car,4.5,road_loopA_f0,road_loopA_f1,7494.1,7586.9,92.8,1303.0,50.5,0
6018,car,4.5,road_loopA_f0,road_loopA_f1,7484.8,7587.9,103.1,1302.8,45.5,0
5980,car,4.5,xloopA_0Ba,road_loopA_f1,7450.8,7589.2,138.4,902.9,23.5,0
6024,car,4.5,road_loopA_f0,road_loopA_f1,7491.2,7589.6,98.4,1303.0,47.7,0
6030,car,4.5,road_loopA_f0,road_loopA_f1,7499.3,7589.8,90.5,1304.1,51.9,0
6016,car,4.5,road_loopA_r0,xloopA_0Ab,7484.4,7590.3,105.9,869.0,29.5,2
6027,suv,4.8,road_loopA_f0,road_loopA_f1,7494.8,7590.9,96.1,1303.0,48.8,0
6082,suv,4.8,road_loopA_f0,xloopA_0Bb,7547.3,7591.0,43.7,479.0,39.5,0
6003,suv,4.8,road_loopA_r0,xloopA_0Ab,7473.6,7593.9,120.3,869.3,26.0,1
6022,truck,8.5,road_loopA_f0,road_loopA_f1,7489.8,7604.2,114.4,1303.8,41.0,0
6032,suv,4.8,road_loopA_f0,road_loopA_f1,7500.4,7604.5,104.1,1303.4,45.1,0
6092,truck,8.5,road_loopA_f0,xloopA_0Bb,7558.6,7608.2,49.6,478.9,34.7,0
6014,car,4.5,road_loopA_r0,road_loopA_r1,7482.9,7609.9,127.0,1298.2,36.8,1
6011,car,4.5,road_loopA_r0,road_loopA_r1,7481.6,7612.3,130.7,1298.0,35.8,1
6020,suv,4.8,road_loopA_r0,road_loopA_r1,7486.6,7612.4,125.8,1298.5,37.2,1
6009,truck,8.5,road_loopA_r0,road_loopA_r1,7476.2,7613.1,136.9,1298.3,34.2,1
6015,car,4.5,road_loopA_r0,road_loopA_r1,7483.3,7614.0,130.7,1297.5,35.8,1
6029,car,4.5,road_loopA_r0,road_loopA_r1,7498.2,7615.8,117.6,1297.9,39.7,1
6019,car,4.5,road_loopA_r0,road_loopA_r1,7485.2,7617.3,132.1,1297.9,35.4,1
6033,car,4.5,road_loopA_r0,road_loopA_r1,7500.6,7618.5,117.9,1297.4,39.6,1
6028,suv,4.8,road_loopA_r0,road_loopA_r1,7496.6,7618.9,122.3,1298.5,38.2,1
6031,suv,4.8,road_loopA_r0,road_loopA_r1,7499.9,7619.0,119.1,1298.0,39.2,1
6038,car,4.5,road_loopA_r0,road_loopA_r1,7510.2,7620.3,110.1,1298.6,42.5,1
6035,suv,4.8,road_loopA_r0,road_loopA_r1,7504.8,7620.7,115.9,1297.7,40.3,1
6045,car,4.5,road_loopA_r0,road_loopA_r1,7515.3,7622.3,107.0,1297.5,43.6,1
6046,car,4.5,road_loopA_r0,road_loopA_r1,7515.4,7623.9,108.5,1298.0,43.1,0
6036,truck,8.5,road_loopA_r0,road_loopA_r1,7506.1,7625.3,119.2,1297.4,39.2,0
6051,suv,4.8,road_loopA_r0,road_loopA_r1,7519.8,7625.7,105.9,1298.1,44.1,0
6056,suv,4.8,road_loopA_r0,road_loopA_r1,7522.6,7627.1,104.5,1297.5,44.7,0
6042,car,4.5,road_loopA_r0,road_loopA_r1,7514.5,7627.3,112.8,1298.6,41.4,0
6053,car,4.5,road_loopA_r0,road_loopA_r1,7522.0,7628.3,106.3,1297.3,43.9,0
6067,car,4.5,road_loopA_r0,road_loopA_r1,7532.6,7633.5,100.9,1297.4,46.3,0
6039,car,4.5,road_loopA_f0,road_loopA_f1,7513.2,7635.8,122.6,1303.6,38.3,1
6057,truck,8.5,road_loopA_r0,road_loopA_r1,7522.8,7636.0,113.2,1298.4,41.3,0
6043,suv,4.8,road_loopA_f0,road_loopA_f1,7514.6,7637.3,122.7,1303.0,38.2,1
6075,car,4.5,road_loopA_r0,road_loopA_r1,7537.7,7638.0,100.3,1297.8,46.6,0
6058,car,4.5,road_loopA_f0,road_loopA_f1,7523.7,7638.8,115.1,1303.2,40.8,1
6072,car,4.5,road_loopA_r0,road_loopA_r1,7536.6,7638.9,102.3,1297.5,45.7,0
6081,car,4.5,road_loopA_r0,road_loopA_r1,7546.0,7640.7,94.7,1297.9,49.3,0
6050,suv,4.8,road_loopA_f0,road_loopA_f1,7519.0,7641.6,122.6,1303.6,38.3,1
6069,suv,4.8,road_loopA_r0,road_loopA_r1,7533.6,7641.9,108.3,1298.3,43.2,0
6086,car,4.5,road_loopA_r0,road_loopA_r1,7552.2,7643.0,90.8,1297.3,51.5,0
6073,suv,4.8,road_loopA_r0,road_loopA_r1,7537.0,7643.6,106.6,1298.4,43.9,0
6080,car,4.5,road_loopA_r0,road_loopA_r1,7544.7,7643.8,99.1,1297.8,47.1,0
6023,car,4.5,road_loopA_r0,xloopA_0Bb,7490.4,7644.7,154.3,895.8,20.9,1
6062,car,4.5,road_loopA_f0,xloopA_0Ab,7526.2,7645.3,119.1,505.2,15.3,1
6085,truck,8.5,road_loopA_r0,road_loopA_r1,7551.4,7645.9,94.5,1297.8,49.4,0
6034,car,4.5,road_loopA_r0,xloopA_0Bb,7504.4,7647.3,142.9,895.8,22.6,1
6091,suv,4.8,road_loopA_r0,road_loopA_r1,7558.4,7647.6,89.2,1297.9,52.4,0
6065,car,4.5,road_loopA_f0,xloopA_0Ab,7531.0,7647.9,116.9,505.2,15.6,1
6087,car,4.5,road_loopA_r0,road_loopA_r1,7553.2,7647.9,94.7,1297.7,49.3,0
6066,car,4.5,road_loopA_f0,road_loopA_f1,7531.2,7648.1,116.9,1303.7,40.2,1
6010,bus,11.0,road_loopA_f0,road_loopA_f1,7479.7,7648.4,168.7,1303.2,27.8,2
6074,car,4.5,road_loopA_r0,road_loopA_r1,7537.3,7648.5,111.2,1297.8,42.0,0
6071,car,4.5,road_loopA_f0,road_loopA_f1,7534.0,7649.7,115.7,1303.1,40.5,1
6093,car,4.5,road_loopA_r0,road_loopA_r1,7558.6,7649.7,91.1,1298.4,51.3,0
6070,car,4.5,road_loopA_f0,road_loopA_f1,7533.9,7649.8,115.9,1303.7,40.5,1
6041,car,4.5,road_loopA_r0,xloopA_0Bb,7514.5,7649.9,135.4,895.5,23.8,1
6049,car,4.5,road_loopA_f0,road_loopA_f1,7519.0,7651.1,132.1,1303.6,35.5,1
6083,car,4.5,road_loopA_f0,road_loopA_f1,7548.9,7651.5,102.6,1303.5,45.7,0
6096,car,4.5,road_loopA_r0,road_loopA_r1,7563.2,7652.2,89.0,1297.5,52.5,0
6040,car,4.5,road_loopA_f0,road_loopA_f1,7513.7,7652.4,138.7,1304.0,33.8,1
6055,car,4.5,road_loopA_r0,xloopA_0Bb,7522.2,7652.6,130.4,895.7,24.7,1
6061,truck,8.5,road_loopA_f0,road_loopA_f1,7525.9,7653.3,127.4,1303.3,36.8,1
6095,car,4.5,road_loopA_f0,road_loopA_f1,7561.7,7654.3,92.6,1302.8,50.6,0
6059,suv,4.8,road_loopA_r0,xloopA_0Bb,7523.6,7655.3,131.7,896.0,24.5,1
6097,suv,4.8,road_loopA_f0,road_loopA_f1,7564.5,7657.8,93.3,1302.9,50.3,0
6101,car,4.5,road_loopA_r0,road_loopA_r1,7569.0,7658.3,89.3,1298.6,52.4,0
6088,car,4.5,road_loopA_r0,road_loopA_r1,7553.8,7659.5,105.7,1297.7,44.2,0
6161,car,4.5,xloopA_0Ba,xloopA_0Bb,7621.7,7659.5,37.8,84.1,8.0,1
6084,car,4.5,road_loopA_f0,road_loopA_f1,7550.4,7660.7,110.3,1304.0,42.5,0
6068,car,4.5,road_loopA_f0,road_loopA_f1,7533.5,7661.6,128.1,1303.7,36.6,1
6079,car,4.5,road_loopA_f0,road_loopA_f1,7544.1,7663.0,118.9,1302.9,39.4,0
6100,suv,4.8,road_loopA_f0,road_loopA_f1,7566.1,7663.0,96.9,1303.0,48.4,0
6167,car,4.5,xloopA_0Ba,xloopA_0Bb,7625.3,7663.0,37.7,84.0,8.0,1
6077,car,4.5,road_loopA_f0,road_loopA_f1,7540.0,7663.4,123.4,1303.9,38.0,0
6125,car,4.5,xloopA_0Aa,xloopA_0Ab,7589.6,7664.1,74.5,84.1,4.1,1
6108,suv,4.8,road_loopA_f0,road_loopA_f1,7574.8,7664.9,90.1,1303.3,52.1,0
6076,car,4.5,road_loopA_f0,road_loopA_f1,7539.9,7665.4,125.5,1303.4,37.4,0
6187,car,4.5,xloopA_0Aa,xloopA_0Ab,7641.0,7666.4,25.4,84.2,11.9,0
6112,car,4.5,road_loopA_f0,road_loopA_f1,7579.4,7668.7,89.3,1303.1,52.5,0
6099,car,4.5,road_loopA_f0,road_loopA_f1,7565.6,7669.0,103.4,1303.0,45.4,0
6109,truck,8.5,road_loopA_f0,road_loopA_f1,7575.0,7671.1,96.1,1303.4,48.8,0
6115,car,4.5,road_loopA_f0,road_loopA_f1,7581.8,7671.8,90.0,1302.9,52.1,0
6118,car,4.5,road_loopA_f0,road_loopA_f1,7585.2,7674.5,89.3,1303.1,52.5,0
6117,car,4.5,road_loopA_f0,road_loopA_f1,7584.8,7677.4,92.6,1303.6,50.7,0
6121,car,4.5,road_loopA_f0,road_loopA_f1,7588.4,7677.9,89.5,1304.1,52.5,0
6126,truck,8.5,road_loopA_f0,road_loopA_f1,7590.0,7680.2,90.2,1303.5,52.1,0
1447,tram,34.0,loopA,loopA,3415.1,7683.2,4268.1,33702.5,28.4,40
6122,car,4.5,road_loopA_f0,road_loopA_f1,7589.5,7683.9,94.4,1303.0,49.7,0
6113,car,4.5,road_loopA_f0,road_loopA_f1,7579.8,7686.7,106.9,1303.1,43.9,0
6107,suv,4.8,road_loopA_r0,xloopA_0Ab,7574.0,7687.8,113.8,869.4,27.5,1
6119,car,4.5,road_loopA_f0,road_loopA_f1,7585.7,7689.5,103.8,1304.0,45.2,0
6106,suv,4.8,road_loopA_f0,road_loopA_f1,7571.8,7690.2,118.4,1303.7,39.7,0
6044,car,4.5,xloopA_0Aa,road_loopA_f1,7515.2,7691.8,176.6,872.1,17.8,1
6137,car,4.5,road_loopA_f0,road_loopA_f1,7599.3,7692.2,92.9,1303.7,50.5,0
6060,suv,4.8,road_loopA_f0,road_loopA_f1,7525.7,7693.5,167.8,1303.7,28.0,1
6063,car,4.5,road_loopA_f0,road_loopA_f1,7527.2,7695.1,167.9,1303.1,27.9,1
6131,suv,4.8,road_loopA_f0,road_loopA_f1,7594.4,7696.3,101.9,1303.7,46.1,0
6111,suv,4.8,road_loopA_r0,road_loopA_r1,7578.7,7704.3,125.6,1298.7,37.2,1
6104,car,4.5,road_loopA_r0,road_loopA_r1,7569.8,7704.5,134.7,1298.2,34.7,1
6149,car,4.5,road_loopA_r0,xloopA_0Ab,7611.4,7706.4,95.0,869.0,32.9,1
6090,car,4.5,road_loopA_r0,road_loopA_r1,7558.1,7710.6,152.5,1298.0,30.6,1
6094,suv,4.8,road_loopA_r0,road_loopA_r1,7558.9,7712.8,153.9,1297.9,30.4,1
6102,car,4.5,road_loopA_r0,road_loopA_r1,7569.5,7714.3,144.8,1297.6,32.3,1
6110,car,4.5,road_loopA_r0,road_loopA_r1,7575.9,7714.5,138.6,1298.5,33.7,1
6105,car,4.5,road_loopA_r0,road_loopA_r1,7571.5,7714.9,143.4,1297.9,32.6,1
6114,suv,4.8,road_loopA_r0,road_loopA_r1,7580.1,7716.2,136.1,1298.5,34.3,1
6120,truck,8.5,road_loopA_r0,road_loopA_r1,7586.0,7716.5,130.5,1298.1,35.8,1
6124,car,4.5,road_loopA_r0,road_loopA_r1,7589.6,7717.6,128.0,1298.5,36.5,1
6123,car,4.5,road_loopA_r0,road_loopA_r1,7589.5,7717.9,128.4,1297.9,36.4,1
6116,bus,11.0,road_loopA_f0,road_loopA_f1,7583.1,7718.5,135.4,1303.6,34.7,1
6130,car,4.5,road_loopA_r0,road_loopA_r1,7594.0,7719.1,125.1,1298.3,37.4,1
6089,bus,11.0,road_loopA_f0,road_loopA_f1,7556.2,7719.2,163.0,1303.4,28.8,2
6127,car,4.5,road_loopA_r0,road_loopA_r1,7590.7,7719.6,128.9,1297.3,36.2,1
6135,suv,4.8,road_loopA_r0,road_loopA_r1,7595.8,7720.6,124.8,1297.5,37.4,1
6132,car,4.5,road_loopA_r0,road_loopA_r1,7595.2,7721.3,126.1,1297.9,37.1,1
6129,truck,8.5,road_loopA_r0,road_loopA_r1,7593.7,7722.2,128.5,1297.3,36.3,1
6142,car,4.5,road_loopA_r0,road_loopA_r1,7603.0,7722.4,119.4,1298.5,39.2,1
6230,car,4.5,road_loopA_f0,xloopA_0Bb,7682.8,7722.8,40.0,478.7,43.1,0
6134,car,4.5,road_loopA_r0,road_loopA_r1,7595.7,7724.3,128.6,1297.8,36.3,6
6144,car,4.5,road_loopA_r0,road_loopA_r1,7604.3,7724.4,120.1,1297.3,38.9,0
6136,suv,4.8,road_loopA_r0,road_loopA_r1,7599.2,7726.0,126.8,1297.8,36.9,0
6148,car,4.5,road_loopA_r0,road_loopA_r1,7608.5,7726.4,117.9,1297.3,39.6,0
6151,suv,4.8,road_loopA_r0,road_loopA_r1,7612.2,7727.4,115.2,1298.5,40.6,0
6159,car,4.5,road_loopA_r0,road_loopA_r1,7618.4,7728.3,109.9,1297.7,42.5,0
6156,car,4.5,road_loopA_r0,road_loopA_r1,7616.3,7728.9,112.6,1297.3,41.5,0
6157,car,4.5,road_loopA_r0,road_loopA_r1,7617.3,7730.1,112.8,1298.3,41.4,0
6128,car,4.5,road_loopA_r0,road_loopA_r1,7593.4,7731.0,137.6,1297.9,34.0,1
6166,suv,4.8,road_loopA_r0,road_loopA_r1,7625.1,7731.8,106.7,1298.4,43.8,0
6158,car,4.5,road_loopA_r0,road_loopA_r1,7617.5,7732.3,114.8,1298.3,40.7,0
6160,car,4.5,road_loopA_r0,road_loopA_r1,7620.6,7732.8,112.2,1297.5,41.6,0
6172,car,4.5,road_loopA_r0,road_loopA_r1,7630.6,7734.0,103.4,1298.1,45.2,0
6182,car,4.5,road_loopA_r0,road_loopA_r1,7636.9,7734.5,97.6,1298.1,47.9,0
6138,car,4.5,road_loopA_f0,road_loopA_f1,7599.6,7735.0,135.4,1303.1,34.6,1
6153,car,4.5,road_loopA_r0,road_loopA_r1,7612.5,7735.5,123.0,1298.0,38.0,1
6103,truck,8.5,road_loopA_r0,xloopA_0Bb,7569.4,7739.6,170.2,895.7,18.9,1
6145,car,4.5,road_loopA_f0,road_loopA_f1,7605.3,7739.8,134.5,1303.7,34.9,1
6183,truck,8.5,road_loopA_r0,road_loopA_r1,7637.3,7740.5,103.2,1298.2,45.3,0
6164,suv,4.8,road_loopA_r0,road_loopA_r1,7622.0,7741.4,119.4,1298.2,39.1,0
6133,suv,4.8,road_loopA_f0,road_loopA_f1,7595.5,7741.9,146.4,1303.0,32.0,1
6180,car,4.5,road_loopA_r0,xloopA_0Bb,7636.5,7742.6,106.1,895.8,30.4,1
6184,car,4.5,road_loopA_r0,road_loopA_r1,7638.1,7743.0,104.9,1298.0,44.5,0
6143,car,4.5,road_loopA_f0,road_loopA_f1,7603.5,7743.9,140.4,1303.8,33.4,1
6150,car,4.5,road_loopA_f0,road_loopA_f1,7611.7,7744.0,132.3,1303.5,35.5,1
6191,car,4.5,road_loopA_r0,road_loopA_r1,7651.9,7745.0,93.1,1298.4,50.2,0
6195,suv,4.8,road_loopA_r0,road_loopA_r1,7655.9,7745.0,89.1,1298.6,52.5,0
6193,suv,4.8,road_loopA_r0,xloopA_0Bb,7652.0,7745.3,93.3,896.0,34.6,1
6139,truck,8.5,road_loopA_f0,road_loopA_f1,7600.6,7745.4,144.8,1303.1,32.4,1
6162,car,4.5,road_loopA_f0,road_loopA_f1,7621.8,7745.7,123.9,1303.7,37.9,1
6171,suv,4.8,road_loopA_f0,road_loopA_f1,7629.0,7747.1,118.1,1302.9,39.7,1
6165,car,4.5,road_loopA_f0,road_loopA_f1,7624.2,7747.4,123.2,1303.5,38.1,1
6168,car,4.5,road_loopA_f0,road_loopA_f1,7625.6,7749.0,123.4,1304.1,38.0,1
6229,car,4.5,xloopA_0Ba,xloopA_0Bb,7682.3,7752.5,70.2,84.3,4.3,1
6170,car,4.5,road_loopA_f0,road_loopA_f1,7628.8,7752.8,124.0,1303.3,37.9,1
6204,car,4.5,road_loopA_r0,road_loopA_r1,7663.9,7752.9,89.0,1297.3,52.5,0
6176,suv,4.8,road_loopA_f0,road_loopA_f1,7633.1,7753.2,120.1,1304.0,39.1,1
6199,car,4.5,xloopA_0Aa,xloopA_0Ab,7658.6,7754.1,95.5,84.3,3.2,1
6174,truck,8.5,road_loopA_f0,road_loopA_f1,7631.4,7755.4,124.0,1303.2,37.8,1
6250,car,4.5,xloopA_0Ba,xloopA_0Bb,7707.0,7755.6,48.6,84.3,6.2,1
6200,car,4.5,xloopA_0Aa,xloopA_0Ab,7659.3,7756.8,97.5,84.7,3.1,1
6152,suv,4.8,road_loopA_f0,road_loopA_f1,7612.6,7757.6,145.0,1303.3,32.3,1
6268,car,4.5,xloopA_0Ba,xloopA_0Bb,7717.2,7757.6,40.4,84.4,7.5,1
6177,car,4.5,road_loopA_f0,road_loopA_f1,7634.0,7758.4,124.4,1303.4,37.7,1
6259,car,4.5,xloopA_0Aa,xloopA_0Ab,7711.1,7759.7,48.6,84.6,6.3,0
6146,car,4.5,road_loopA_f0,road_loopA_f1,7608.4,7759.8,151.4,1303.7,31.0,1
6270,car,4.5,xloopA_0Ba,xloopA_0Bb,7719.6,7759.8,40.2,84.3,7.6,0
6179,car,4.5,road_loopA_f0,road_loopA_f1,7636.0,7760.2,124.2,1303.0,37.8,0
6185,truck,8.5,road_loopA_f0,road_loopA_f1,7639.5,7762.8,123.3,1303.3,38.0,0
6192,truck,8.5,road_loopA_f0,road_loopA_f1,7652.0,7766.3,114.3,1303.5,41.0,0
6201,car,4.5,road_loopA_f0,road_loopA_f1,7659.2,7767.6,108.4,1302.9,43.3,0
6208,car,4.5,road_loopA_f0,road_loopA_f1,7665.6,7769.2,103.6,1302.9,45.3,0
6213,car,4.5,road_loopA_f0,road_loopA_f1,7672.6,7771.0,98.4,1302.8,47.7,0
6234,suv,4.8,road_loopA_r0,xloopA_0Ab,7686.7,7772.0,85.3,869.4,36.7,1
6216,car,4.5,road_loopA_f0,road_loopA_f1,7673.9,7772.9,99.0,1303.6,47.4,0
6218,car,4.5,road_loopA_f0,road_loopA_f1,7674.9,7774.9,100.0,1303.3,46.9,0
6222,car,4.5,road_loopA_f0,road_loopA_f1,7677.9,7776.4,98.5,1302.8,47.6,0
6098,car,4.5,xloopA_0Aa,road_loopA_f1,7565.5,7778.5,213.0,872.5,14.7,1
6228,car,4.5,road_loopA_f0,road_loopA_f1,7681.7,7779.4,97.7,1304.1,48.1,0
6155,suv,4.8,road_loopA_f0,road_loopA_f1,7615.3,7780.2,164.9,1302.8,28.4,1
6188,car,4.5,xloopA_0Aa,road_loopA_f1,7641.1,7780.3,139.2,872.4,22.6,0
6235,suv,4.8,road_loopA_r0,xloopA_0Ab,7687.6,7780.4,92.8,869.3,33.7,1
6247,car,4.5,road_loopA_f0,xloopA_0Bb,7702.4,7780.7,78.3,478.8,22.0,1
6205,car,4.5,road_loopA_f0,road_loopA_f1,7664.4,7781.7,117.3,1303.4,40.0,0
6173,car,4.5,road_loopA_f0,road_loopA_f1,7631.4,7781.9,150.5,1303.0,31.2,1
6141,car,4.5,road_loopA_f0,road_loopA_f1,7602.9,7782.0,179.1,1303.2,26.2,1
6217,car,4.5,road_loopA_f0,road_loopA_f1,7674.5,7783.5,109.0,1303.2,43.0,0
6147,suv,4.8,road_loopA_f0,road_loopA_f1,7608.5,7783.8,175.3,1303.7,26.8,1
6175,truck,8.5,road_loopA_f0,road_loopA_f1,7633.0,7784.1,151.1,1302.8,31.0,1
6261,car,4.5,road_loopA_f0,xloopA_0Bb,7713.0,7784.2,71.2,478.6,24.2,1
6154,car,4.5,road_loopA_f0,road_loopA_f1,7614.9,7785.5,170.6,1303.7,27.5,1
6178,suv,4.8,road_loopA_f0,road_loopA_f1,7634.7,7786.1,151.4,1303.1,31.0,0
6226,car,4.5,road_loopA_f0,road_loopA_f1,7680.0,7786.2,106.2,1302.9,44.2,0
6163,car,4.5,road_loopA_f0,road_loopA_f1,7621.8,7787.5,165.7,1303.8,28.3,1
6236,car,4.5,road_loopA_f0,road_loopA_f1,7690.5,7787.5,97.0,1304.1,48.4,0
6181,suv,4.8,road_loopA_f0,road_loopA_f1,7636.7,7787.9,151.2,1303.8,31.0,0
6272,car,4.5,road_loopA_f0,xloopA_0Bb,7719.9,7788.1,68.2,478.9,25.3,1
6169,suv,4.8,road_loopA_f0,road_loopA_f1,7627.7,7789.4,161.7,1303.6,29.0,1
6189,car,4.5,road_loopA_f0,road_loopA_f1,7644.8,7789.6,144.8,1303.0,32.4,0
6232,truck,8.5,road_loopA_f0,road_loopA_f1,7685.0,7790.5,105.5,1303.9,44.5,0
6186,car,4.5,road_loopA_f0,road_loopA_f1,7640.3,7791.1,150.8,1303.2,31.1,1
1775,tram,34.0,loopB,loopB,3675.9,7791.4,4115.5,33672.5,29.5,40
6190,truck,8.5,road_loopA_f0,road_loopA_f1,7646.8,7791.8,145.0,1302.8,32.3,0
6293,car,4.5,road_loopA_f0,xloopA_0Bb,7741.0,7792.3,51.3,478.8,33.6,0
6196,car,4.5,road_loopA_f0,road_loopA_f1,7656.5,7792.9,136.4,1304.0,34.4,0
6203,suv,4.8,road_loopA_f0,road_loopA_f1,7663.7,7793.5,129.8,1304.1,36.2,0
6194,car,4.5,road_loopA_f0,road_loopA_f1,7655.0,7793.9,138.9,1303.9,33.8,0
6215,truck,8.5,road_loopA_f0,road_loopA_f1,7673.5,7794.8,121.3,1303.6,38.7,0
6198,truck,8.5,road_loopA_f0,road_loopA_f1,7658.2,7796.0,137.8,1304.0,34.1,0
6202,suv,4.8,road_loopA_f0,road_loopA_f1,7663.5,7796.0,132.5,1303.9,35.4,0
6207,car,4.5,road_loopA_r0,road_loopA_r1,7665.4,7799.2,133.8,1298.4,34.9,1
6209,suv,4.8,road_loopA_r0,road_loopA_r1,7667.1,7799.3,132.2,1297.9,35.3,1
6276,car,4.5,road_loopA_r0,xloopA_0Ab,7731.6,7799.6,68.0,869.2,46.0,0
6214,car,4.5,road_loopA_r0,road_loopA_r1,7673.2,7800.8,127.6,1297.9,36.6,1
6219,car,4.5,road_loopA_r0,road_loopA_r1,7677.0,7802.4,125.4,1298.5,37.3,1
6211,car,4.5,road_loopA_r0,road_loopA_r1,7668.7,7803.2,134.5,1298.5,34.8,1
6223,car,4.5,road_loopA_r0,road_loopA_r1,7678.0,7804.3,126.3,1297.4,37.0,1
6140,bus,11.0,road_loopA_f0,road_loopA_f1,7601.8,7808.6,206.8,1302.8,22.7,3
6210,bus,11.0,road_loopA_f0,road_loopA_f1,7668.5,7809.4,140.9,1303.7,33.3,1
6212,car,4.5,road_loopA_r0,road_loopA_r1,7670.6,7809.9,139.3,1297.9,33.5,1
6197,car,4.5,road_loopA_r0,road_loopA_r1,7656.7,7810.4,153.7,1297.4,30.4,1
6271,car,4.5,xloopA_0Ba,road_loopA_r1,7719.8,7811.7,91.9,476.8,18.7,0
6262,car,4.5,road_loopA_r0,xloopA_0Ab,7713.4,7812.1,98.7,869.3,31.7,1
6206,car,4.5,road_loopA_r0,road_loopA_r1,7664.8,7813.5,148.7,1297.9,31.4,1
6220,truck,8.5,road_loopA_r0,road_loopA_r1,7677.5,7813.6,136.1,1298.1,34.3,1
6224,car,4.5,road_loopA_r0,road_loopA_r1,7678.0,7814.8,136.8,1297.4,34.1,1
6238,suv,4.8,road_loopA_r0,road_loopA_r1,7693.8,7815.5,121.7,1298.2,38.4,1
6225,truck,8.5,road_loopA_r0,road_loopA_r1,7678.3,7815.7,137.4,1298.3,34.0,1
6241,car,4.5,road_loopA_r0,road_loopA_r1,7697.7,7817.2,119.5,1297.9,39.1,1
6240,truck,8.5,road_loopA_r0,road_loopA_r1,7696.0,7818.1,122.1,1298.1,38.3,1
6245,suv,4.8,road_loopA_r0,road_loopA_r1,7702.1,7819.2,117.1,1298.3,39.9,0
6244,car,4.5,road_loopA_r0,road_loopA_r1,7701.3,7820.4,119.1,1298.1,39.3,0
6249,car,4.5,road_loopA_r0,road_loopA_r1,7705.9,7820.4,114.5,1298.1,40.8,0
6251,car,4.5,road_loopA_r0,road_loopA_r1,7709.3,7822.1,112.8,1297.8,41.4,0
6257,car,4.5,road_loopA_r0,road_loopA_r1,7710.1,7822.1,112.0,1298.2,41.7,0
6260,car,4.5,road_loopA_r0,road_loopA_r1,7712.2,7823.9,111.7,1298.0,41.8,0
6253,car,4.5,road_loopA_r0,road_loopA_r1,7709.4,7824.2,114.8,1298.3,40.7,0
6265,car,4.5,road_loopA_r0,road_loopA_r1,7715.4,7825.7,110.3,1297.4,42.4,0
6255,suv,4.8,road_loopA_r0,road_loopA_r1,7709.8,7825.9,116.1,1297.5,40.2,0
6263,car,4.5,road_loopA_r0,road_loopA_r1,7714.5,7827.7,113.2,1298.4,41.3,0
6266,truck,8.5,road_loopA_r0,road_loopA_r1,7716.3,7828.0,111.7,1297.5,41.8,0
6274,car,4.5,road_loopA_r0,road_loopA_r1,7722.5,7828.6,106.1,1297.7,44.0,0
6273,car,4.5,road_loopA_r0,road_loopA_r1,7721.1,7829.6,108.5,1298.3,43.1,0
6282,car,4.5,road_loopA_r0,road_loopA_r1,7733.5,7830.5,97.0,1298.2,48.2,0
6277,car,4.5,road_loopA_r0,road_loopA_r1,7732.2,7831.3,99.1,1297.9,47.2,0
6237,car,4.5,road_loopA_f0,road_loopA_f1,7691.3,7831.6,140.3,1303.9,33.4,1
6296,suv,4.8,road_loopA_f0,xloopA_0Ab,7743.2,7832.4,89.2,505.7,20.4,1
6281,car,4.5,road_loopA_r0,road_loopA_r1,7733.2,7833.1,99.9,1297.9,46.8,0
6299,truck,8.5,road_loopA_r0,xloopA_0Bb,7745.4,7833.1,87.7,895.5,36.8,1
6242,car,4.5,road_loopA_f0,road_loopA_f1,7700.2,7833.3,133.1,1302.9,35.2,1
6286,suv,4.8,road_loopA_r0,road_loopA_r1,7735.5,7833.3,97.8,1298.5,47.8,0
6264,suv,4.8,road_loopA_f0,road_loopA_f1,7715.0,7835.2,120.2,1304.1,39.0,1
6254,suv,4.8,road_loopA_f0,road_loopA_f1,7709.8,7835.3,125.5,1303.0,37.4,1
6320,truck,8.5,road_loopA_f0,xloopA_0Ab,7762.0,7835.8,73.8,505.6,24.7,1
6316,suv,4.8,road_loopA_r0,xloopA_0Bb,7757.7,7836.1,78.4,895.7,41.1,1
6280,car,4.5,road_loopA_f0,road_loopA_f1,7733.0,7837.2,104.2,1304.0,45.0,0
6292,car,4.5,road_loopA_r0,road_loopA_r1,7740.4,7837.3,96.9,1297.3,48.2,0
6227,truck,8.5,road_loopA_r0,road_loopA_r1,7681.6,7838.0,156.4,1297.5,29.9,1
6297,truck,8.5,road_loopA_r0,road_loopA_r1,7743.3,7839.3,96.0,1297.6,48.7,0
6278,car,4.5,road_loopA_f0,road_loopA_f1,7732.6,7839.4,106.8,1303.1,43.9,0
6283,car,4.5,road_loopA_f0,road_loopA_f1,7733.6,7841.2,107.6,1303.3,43.6,0
6287,car,4.5,road_loopA_f0,road_loopA_f1,7737.4,7843.3,105.9,1304.1,44.3,0
6233,bus,11.0,road_loopA_r0,road_loopA_r1,7685.6,7844.3,158.7,1298.0,29.4,2
6313,car,4.5,road_loopA_r0,road_loopA_r1,7755.3,7844.3,89.0,1297.4,52.5,0
6307,car,4.5,xloopA_0Ba,xloopA_0Bb,7752.5,7845.4,92.9,84.3,3.3,1
6243,car,4.5,road_loopA_f0,road_loopA_f1,7700.6,7846.0,145.4,1302.8,32.3,1
6290,car,4.5,road_loopA_f0,road_loopA_f1,7740.4,7846.7,106.3,1303.1,44.1,0
6248,car,4.5,road_loopA_f0,road_loopA_f1,7702.6,7847.3,144.7,1303.1,32.4,1
6298,car,4.5,road_loopA_f0,road_loopA_f1,7743.9,7848.4,104.5,1303.4,44.9,0
6392,car,4.5,xloopA_0Ba,xloopA_0Bb,7839.4,7850.2,10.8,84.1,28.1,0
6301,suv,4.8,road_loopA_f0,road_loopA_f1,7747.2,7851.6,104.4,1303.0,44.9,0
6310,truck,8.5,road_loopA_r0,road_loopA_r1,7753.5,7852.1,98.6,1297.5,47.4,0
6393,car,4.5,xloopA_0Ba,xloopA_0Bb,7839.7,7852.2,12.5,84.6,24.3,0
6267,car,4.5,road_loopA_f0,road_loopA_f1,7716.7,7853.2,136.5,1303.3,34.4,1
6302,car,4.5,road_loopA_f0,road_loopA_f1,7747.7,7855.1,107.4,1303.6,43.7,0
6256,car,4.5,road_loopA_f0,road_loopA_f1,7710.2,7856.6,146.4,1302.9,32.0,1
6308,car,4.5,road_loopA_f0,road_loopA_f1,7752.8,7856.9,104.1,1303.5,45.1,0
6279,car,4.5,road_loopA_f0,road_loopA_f1,7732.8,7858.7,125.9,1303.7,37.3,0
6311,suv,4.8,road_loopA_f0,road_loopA_f1,7754.4,7859.4,105.0,1303.4,44.7,0
6284,truck,8.5,road_loopA_f0,road_loopA_f1,7734.1,7860.0,125.9,1303.7,37.3,0
6314,car,4.5,road_loopA_f0,road_loopA_f1,7756.3,7861.4,105.1,1304.2,44.7,0
6252,car,4.5,xloopA_0Aa,road_loopA_f1,7709.5,7862.8,153.3,872.6,20.5,1
6291,truck,8.5,road_loopA_f0,road_loopA_f1,7740.4,7862.8,122.4,1302.9,38.3,0
6317,suv,4.8,road_loopA_f0,road_loopA_f1,7757.9,7863.2,105.3,1303.9,44.6,0
6221,suv,4.8,road_loopA_f0,road_loopA_f1,7677.9,7864.7,186.8,1303.4,25.1,1
6326,car,4.5,road_loopA_f0,road_loopA_f1,7769.6,7864.9,95.3,1303.9,49.2,0
6289,suv,4.8,road_loopA_f0,road_loopA_f1,7739.6,7866.4,126.8,1303.4,37.0,0
6324,car,4.5,road_loopA_f0,road_loopA_f1,7766.1,7867.4,101.3,1303.5,46.3,0
6300,car,4.5,road_loopA_f0,road_loopA_f1,7747.2,7867.6,120.4,1303.9,39.0,0
6304,car,4.5,road_loopA_f0,road_loopA_f1,7750.4,7868.5,118.1,1303.7,39.8,0
6306,car,4.5,road_loopA_f0,road_loopA_f1,7752.2,7869.8,117.6,1303.6,39.9,0
6294,suv,4.8,road_loopA_f0,road_loopA_f1,7741.3,7869.9,128.6,1303.1,36.5,0
6315,suv,4.8,road_loopA_f0,road_loopA_f1,7756.3,7871.5,115.2,1303.6,40.7,0
6327,suv,4.8,road_loopA_f0,road_loopA_f1,7770.6,7872.5,101.9,1302.8,46.0,0
6318,car,4.5,road_loopA_f0,road_loopA_f1,7759.4,7873.3,113.9,1303.1,41.2,0
6336,car,4.5,road_loopA_f0,road_loopA_f1,7777.9,7874.4,96.5,1302.9,48.6,0
6321,car,4.5,road_loopA_f0,road_loopA_f1,7763.2,7875.0,111.8,1303.7,42.0,0
6337,suv,4.8,road_loopA_f0,road_loopA_f1,7778.1,7876.2,98.1,1304.0,47.8,0
6322,truck,8.5,road_loopA_f0,road_loopA_f1,7764.0,7878.2,114.2,1303.9,41.1,0
6323,car,4.5,road_loopA_f0,road_loopA_f1,7764.7,7879.5,114.8,1303.3,40.9,0
6360,suv,4.8,road_loopA_r0,xloopA_0Ab,7808.5,7879.6,71.1,869.2,44.0,0
6269,car,4.5,xloopA_0Aa,road_loopA_f1,7717.7,7880.3,162.6,872.3,19.3,0
6312,car,4.5,road_loopA_f0,road_loopA_f1,7755.3,7880.4,125.1,1303.8,37.5,0
6239,suv,4.8,road_loopA_f0,road_loopA_f1,7695.0,7881.9,186.9,1302.8,25.1,1
6305,car,4.5,road_loopA_f0,road_loopA_f1,7750.9,7882.2,131.3,1302.9,35.7,0
6295,car,4.5,road_loopA_f0,road_loopA_f1,7741.9,7882.9,141.0,1303.4,33.3,0
6348,car,4.5,road_loopA_r0,xloopA_0Ab,7792.6,7882.9,90.3,869.5,34.6,1
6246,car,4.5,road_loopA_f0,road_loopA_f1,7702.2,7883.6,181.4,1303.2,25.9,1
6275,car,4.5,road_loopA_f0,road_loopA_f1,7730.5,7885.2,154.7,1304.0,30.4,0
6258,suv,4.8,road_loopA_f0,road_loopA_f1,7710.9,7885.3,174.4,1304.0,26.9,1
6319,car,4.5,road_loopA_r0,road_loopA_r1,7761.5,7885.4,123.9,1297.9,37.7,1
6329,car,4.5,road_loopA_r0,road_loopA_r1,7771.1,7886.9,115.8,1297.5,40.3,1
6325,car,4.5,road_loopA_r0,road_loopA_r1,7768.8,7890.4,121.6,1298.0,38.4,1
6303,bus,11.0,road_loopA_f0,road_loopA_f1,7749.0,7892.7,143.7,1303.3,32.7,1
6330,car,4.5,road_loopA_r0,road_loopA_r1,7771.7,7893.1,121.4,1298.3,38.5,1
6332,car,4.5,road_loopA_r0,road_loopA_r1,7775.4,7893.4,118.0,1298.2,39.6,1
6328,car,4.5,road_loopA_r0,road_loopA_r1,7770.7,7895.6,124.9,1298.2,37.4,1
6333,car,4.5,road_loopA_r0,road_loopA_r1,7776.0,7897.7,121.7,1297.7,38.4,1
6375,car,4.5,xloopA_0Aa,road_loopA_r1,7822.9,7897.7,74.8,507.1,24.4,1
6334,car,4.5,road_loopA_r0,road_loopA_r1,7777.3,7898.3,121.0,1298.2,38.6,1
6309,truck,8.5,road_loopA_r0,road_loopA_r1,7753.0,7899.8,146.8,1297.4,31.8,1
6340,truck,8.5,road_loopA_r0,road_loopA_r1,7786.9,7900.4,113.5,1297.4,41.2,1
6346,car,4.5,road_loopA_r0,road_loopA_r1,7790.8,7900.9,110.1,1297.4,42.4,0
6331,suv,4.8,road_loopA_r0,road_loopA_r1,7774.7,7902.0,127.3,1297.5,36.7,0
6341,suv,4.8,road_loopA_r0,road_loopA_r1,7787.5,7902.8,115.3,1297.5,40.5,0
6335,car,4.5,road_loopA_r0,road_loopA_r1,7777.5,7903.9,126.4,1297.8,37.0,0
6231,bus,11.0,road_loopA_f0,road_loopA_f1,7685.0,7905.3,220.3,1302.9,21.3,3
6339,car,4.5,road_loopA_r0,road_loopA_r1,7785.7,7905.7,120.0,1297.5,38.9,0
6344,car,4.5,road_loopA_r0,road_loopA_r1,7790.2,7905.7,115.5,1297.3,40.4,0
6349,suv,4.8,road_loopA_r0,road_loopA_r1,7793.1,7907.6,114.5,1298.0,40.8,0
6342,car,4.5,road_loopA_r0,road_loopA_r1,7788.8,7907.9,119.1,1297.7,39.2,1
6353,suv,4.8,road_loopA_r0,road_loopA_r1,7802.8,7908.3,105.5,1298.4,44.3,0
6352,car,4.5,road_loopA_r0,road_loopA_r1,7802.7,7910.0,107.3,1297.8,43.6,0
6347,truck,8.5,road_loopA_r0,road_loopA_r1,7791.6,7910.6,119.0,1298.4,39.3,0
6338,truck,8.5,road_loopA_r0,road_loopA_r1,7779.4,7911.1,131.7,1297.9,35.5,0
6361,car,4.5,road_loopA_r0,road_loopA_r1,7809.7,7911.8,102.1,1298.2,45.8,0
6345,car,4.5,road_loopA_f0,road_loopA_f1,7790.3,7912.7,122.4,1303.4,38.3,1
6355,car,4.5,road_loopA_f0,road_loopA_f1,7804.5,7917.8,113.3,1303.1,41.4,1
6351,car,4.5,road_loopA_f0,road_loopA_f1,7798.4,7918.3,119.9,1303.9,39.2,1
6376,car,4.5,road_loopA_r0,road_loopA_r1,7825.0,7919.0,94.0,1297.4,49.7,0
6354,car,4.5,road_loopA_f0,road_loopA_f1,7803.6,7919.5,115.9,1303.3,40.5,1
6368,car,4.5,road_loopA_r0,road_loopA_r1,7818.0,7920.8,102.8,1298.4,45.5,0
6367,car,4.5,road_loopA_r0,road_loopA_r1,7817.6,7921.2,103.6,1297.9,45.1,0
6371,truck,8.5,road_loopA_r0,road_loopA_r1,7821.7,7921.8,100.1,1298.6,46.7,0
6381,car,4.5,road_loopA_r0,road_loopA_r1,7833.0,7922.7,89.7,1298.3,52.1,0
6370,suv,4.8,road_loopA_r0,road_loopA_r1,7820.9,7922.8,101.9,1297.4,45.8,0
6364,car,4.5,road_loopA_f0,road_loopA_f1,7816.3,7924.3,108.0,1303.9,43.5,1
6357,truck,8.5,road_loopA_f0,road_loopA_f1,7805.9,7924.5,118.6,1303.1,39.6,1
6372,car,4.5,road_loopA_r0,road_loopA_r1,7822.1,7924.6,102.5,1297.9,45.6,0
6350,car,4.5,road_loopA_r0,xloopA_0Bb,7798.2,7925.2,127.0,895.4,25.4,1
6386,car,4.5,road_loopA_r0,road_loopA_r1,7835.9,7925.6,89.7,1297.7,52.1,0
6384,car,4.5,road_loopA_r0,road_loopA_r1,7834.8,7926.3,91.5,1297.4,51.0,0
6378,suv,4.8,road_loopA_f0,road_loopA_f1,7829.3,7926.6,97.3,1303.9,48.2,0
6389,suv,4.8,road_loopA_r0,road_loopA_r1,7838.5,7927.6,89.1,1298.0,52.5,0
6374,suv,4.8,road_loopA_r0,xloopA_0Bb,7822.7,7927.9,105.2,896.0,30.7,1
6383,car,4.5,road_loopA_f0,road_loopA_f1,7834.5,7928.6,94.1,1303.3,49.9,0
6343,truck,8.5,road_loopA_f0,road_loopA_f1,7789.5,7929.5,140.0,1303.9,33.5,1
6385,car,4.5,road_loopA_f0,road_loopA_f1,7834.9,7930.8,95.9,1304.1,48.9,0
6358,suv,4.8,road_loopA_f0,road_loopA_f1,7807.6,7931.4,123.8,1302.8,37.9,1
6388,car,4.5,road_loopA_f0,road_loopA_f1,7838.5,7933.5,95.0,1303.8,49.4,0
6397,suv,4.8,road_loopA_r0,road_loopA_r1,7844.8,7933.8,89.0,1297.3,52.5,0
6366,car,4.5,road_loopA_f0,road_loopA_f1,7816.9,7935.0,118.1,1303.6,39.7,0
6373,car,4.5,road_loopA_f0,road_loopA_f1,7822.3,7935.4,113.1,1303.0,41.5,0
6365,car,4.5,road_loopA_f0,road_loopA_f1,7816.8,7936.3,119.5,1303.7,39.3,1
6401,car,4.5,xloopA_0Aa,xloopA_0Ab,7850.8,7936.5,85.7,84.5,3.6,1
6437,car,4.5,xloopA_0Ba,xloopA_0Bb,7889.0,7938.0,49.0,84.2,6.2,1
6359,suv,4.8,road_loopA_f0,road_loopA_f1,7808.5,7938.9,130.4,1303.4,36.0,1
6380,suv,4.8,road_loopA_f0,road_loopA_f1,7832.9,7939.3,106.4,1303.5,44.1,0
6363,car,4.5,xloopA_0Ba,road_loopA_f1,7813.6,7940.2,126.6,903.0,25.7,1
6438,car,4.5,xloopA_0Ba,xloopA_0Bb,7889.3,7941.0,51.7,84.5,5.9,1
6436,car,4.5,xloopA_0Aa,xloopA_0Ab,7887.5,7941.6,54.1,84.7,5.6,1
6398,car,4.5,road_loopA_f0,road_loopA_f1,7846.4,7942.2,95.8,1303.5,49.0,0
6377,car,4.5,road_loopA_f0,road_loopA_f1,7826.0,7942.8,116.8,1302.9,40.1,0
6468,car,4.5,xloopA_0Ba,xloopA_0Bb,7904.5,7943.1,38.6,84.0,7.8,0
6439,car,4.5,xloopA_0Aa,xloopA_0Ab,7889.4,7943.7,54.3,84.7,5.6,0
6483,car,4.5,xloopA_0Ba,xloopA_0Bb,7914.5,7945.1,30.6,84.7,10.0,0
6387,car,4.5,road_loopA_f0,road_loopA_f1,7838.3,7945.6,107.3,1303.1,43.7,0
6399,car,4.5,road_loopA_f0,road_loopA_f1,7849.1,7946.3,97.2,1303.3,48.3,0
6390,car,4.5,road_loopA_f0,road_loopA_f1,7838.6,7947.4,108.8,1303.7,43.1,0
6404,car,4.5,road_loopA_f0,road_loopA_f1,7852.8,7949.7,96.9,1303.6,48.4,0
6408,car,4.5,road_loopA_f0,road_loopA_f1,7859.0,7951.3,92.3,1303.7,50.9,0
6369,suv,4.8,road_loopA_f0,road_loopA_f1,7820.4,7952.0,131.6,1303.7,35.7,0
6414,suv,4.8,road_loopA_f0,road_loopA_f1,7863.3,7953.3,90.0,1304.1,52.2,0
6395,car,4.5,road_loopA_f0,road_loopA_f1,7843.3,7954.6,111.3,1302.9,42.1,0
6379,car,4.5,road_loopA_f0,road_loopA_f1,7829.9,7954.8,124.9,1303.1,37.5,0
6394,suv,4.8,road_loopA_f0,road_loopA_f1,7842.7,7958.1,115.4,1303.4,40.7,0
6382,car,4.5,road_loopA_f0,road_loopA_f1,7833.4,7960.2,126.8,1303.3,37.0,0
6418,car,4.5,road_loopA_f0,road_loopA_f1,7871.3,7960.6,89.3,1302.9,52.5,0
6405,suv,4.8,road_loopA_f0,road_loopA_f1,7854.0,7962.5,108.5,1303.2,43.2,0
6288,car,4.5,xloopA_0Ba,road_loopA_f1,7738.1,7962.9,224.8,902.4,14.4,1
6477,car,4.5,road_loopA_f0,xloopA_0Bb,7909.0,7963.0,54.0,478.8,31.9,1
6400,car,4.5,road_loopA_r0,xloopA_0Ab,7849.8,7963.7,113.9,869.0,27.5,2
6415,car,4.5,road_loopA_f0,road_loopA_f1,7866.4,7964.3,97.9,1303.6,47.9,0
6356,car,4.5,road_loopA_f0,road_loopA_f1,7805.3,7964.6,159.3,1303.2,29.5,1
6421,suv,4.8,road_loopA_f0,road_loopA_f1,7875.9,7965.3,89.4,1303.7,52.5,0
6413,car,4.5,road_loopA_f0,road_loopA_f1,7862.6,7966.0,103.4,1303.0,45.4,0
6362,car,4.5,road_loopA_f0,road_loopA_f1,7810.1,7966.3,156.2,1302.9,30.0,1
6396,car,4.5,road_loopA_r0,xloopA_0Ab,7844.5,7967.4,122.9,869.0,25.5,3
6423,car,4.5,road_loopA_f0,road_loopA_f1,7876.5,7967.9,91.4,1304.1,51.4,0
6409,car,4.5,road_loopA_f0,road_loopA_f1,7859.0,7968.2,109.2,1303.6,43.0,0
6427,truck,8.5,road_loopA_f0,road_loopA_f1,7879.9,7969.6,89.7,1303.7,52.3,0
6416,car,4.5,road_loopA_f0,road_loopA_f1,7869.6,7969.9,100.3,1303.7,46.8,0
6422,car,4.5,road_loopA_f0,road_loopA_f1,7876.4,7970.9,94.5,1303.3,49.6,0
6420,car,4.5,road_loopA_f0,road_loopA_f1,7874.7,7971.6,96.9,1303.1,48.4,0
6425,car,4.5,road_loopA_f0,road_loopA_f1,7878.1,7973.5,95.4,1303.0,49.2,0
6406,suv,4.8,road_loopA_r0,road_loopA_r1,7857.9,7982.6,124.7,1298.3,37.5,1
6403,car,4.5,road_loopA_r0,road_loopA_r1,7851.6,7983.2,131.6,1298.4,35.5,1
6411,car,4.5,road_loopA_r0,road_loopA_r1,7861.2,7983.9,122.7,1297.4,38.1,1
6412,car,4.5,road_loopA_r0,road_loopA_r1,7861.9,7985.5,123.6,1298.7,37.8,1
6417,car,4.5,road_loopA_r0,road_loopA_r1,7870.7,7986.9,116.2,1298.6,40.2,1
6424,car,4.5,road_loopA_r0,road_loopA_r1,7877.0,7988.1,111.1,1298.3,42.1,1
6391,suv,4.8,road_loopA_r0,road_loopA_r1,7839.4,7989.6,150.2,1297.8,31.1,1
6410,car,4.5,road_loopA_r0,road_loopA_r1,7860.5,7990.7,130.2,1298.6,35.9,1
6402,car,4.5,road_loopA_r0,road_loopA_r1,7851.3,7991.4,140.1,1297.5,33.3,1
6432,suv,4.8,road_loopA_r0,road_loopA_r1,7882.7,7992.0,109.3,1297.3,42.7,0
6419,car,4.5,road_loopA_r0,road_loopA_r1,7873.9,7993.7,119.8,1298.2,39.0,1
6446,truck,8.5,road_loopA_r0,xloopA_0Ab,7892.2,7995.2,103.0,869.1,30.4,1
6429,car,4.5,road_loopA_r0,road_loopA_r1,7881.6,7995.3,113.7,1298.3,41.1,1
6441,truck,8.5,road_loopA_r0,road_loopA_r1,7890.0,7996.7,106.7,1297.4,43.8,0
6463,car,4.5,road_loopA_r0,road_loopA_r1,7902.4,7996.7,94.3,1298.4,49.6,0
6440,car,4.5,road_loopA_r0,road_loopA_r1,7890.0,7997.3,107.3,1297.9,43.5,0
6445,car,4.5,road_loopA_r0,road_loopA_r1,7892.0,7999.2,107.2,1298.3,43.6,0
6449,car,4.5,road_loopA_r0,road_loopA_r1,7895.5,7999.5,104.0,1298.3,44.9,0
6476,suv,4.8,road_loopA_r0,road_loopA_r1,7908.8,8000.1,91.3,1298.5,51.2,0
6455,suv,4.8,road_loopA_r0,road_loopA_r1,7900.5,8000.9,100.4,1298.4,46.6,0
6469,car,4.5,road_loopA_r0,road_loopA_r1,7905.0,8001.1,96.1,1297.7,48.6,0
6460,car,4.5,road_loopA_r0,road_loopA_r1,7901.8,8002.7,100.9,1298.5,46.3,0
6461,car,4.5,road_loopA_r0,road_loopA_r1,7902.2,8003.0,100.8,1298.4,46.4,0
6474,suv,4.8,road_loopA_r0,road_loopA_r1,7907.3,8004.5,97.2,1297.6,48.1,0
6459,truck,8.5,road_loopA_r0,road_loopA_r1,7901.6,8009.0,107.4,1297.9,43.5,0
6481,car,4.5,road_loopA_r0,road_loopA_r1,7913.8,8010.3,96.5,1297.5,48.4,0
6431,car,4.5,road_loopA_f0,road_loopA_f1,7882.6,8010.4,127.8,1304.1,36.7,1
6480,suv,4.8,road_loopA_r0,road_loopA_r1,7913.8,8016.0,102.2,1297.6,45.7,0
6435,truck,8.5,road_loopA_f0,road_loopA_f1,7886.2,8016.4,130.2,1303.5,36.0,1
6487,car,4.5,road_loopA_r0,road_loopA_r1,7922.0,8017.1,95.1,1297.7,49.1,0
6490,suv,4.8,road_loopA_r0,road_loopA_r1,7924.5,8017.7,93.2,1298.0,50.1,0
6407,bus,11.0,road_loopA_f0,road_loopA_f1,7858.2,8017.8,159.6,1302.8,29.4,2
6489,suv,4.8,road_loopA_r0,road_loopA_r1,7922.5,8018.6,96.1,1298.1,48.6,0
6428,car,4.5,road_loopA_r0,xloopA_0Bb,7881.3,8018.7,137.4,895.3,23.5,1
6447,suv,4.8,road_loopA_f0,road_loopA_f1,7892.7,8018.9,126.2,1303.6,37.2,1
6462,suv,4.8,road_loopA_f0,xloopA_0Ab,7902.3,8019.4,117.1,505.7,15.5,1
6457,car,4.5,road_loopA_f0,road_loopA_f1,7900.7,8019.7,119.0,1304.0,39.4,1
6458,car,4.5,road_loopA_f0,road_loopA_f1,7900.8,8021.2,120.4,1303.0,38.9,1
6473,car,4.5,road_loopA_r0,road_loopA_r1,7906.7,8021.2,114.5,1297.8,40.8,0
6453,suv,4.8,road_loopA_r0,xloopA_0Bb,7900.0,8021.4,121.4,895.9,26.6,1
6484,car,4.5,road_loopA_r0,road_loopA_r1,7917.2,8021.7,104.5,1298.4,44.7,0
6465,car,4.5,road_loopA_f0,road_loopA_f1,7903.7,8022.0,118.3,1302.8,39.7,1
6513,car,4.5,road_loopA_f0,xloopA_0Ab,7945.4,8022.0,76.6,505.4,23.7,1
6467,car,4.5,road_loopA_f0,road_loopA_f1,7904.4,8024.0,119.6,1304.1,39.2,1
6493,car,4.5,road_loopA_r0,road_loopA_r1,7928.2,8024.9,96.7,1297.7,48.3,0
6499,car,4.5,road_loopA_r0,road_loopA_r1,7936.1,8025.9,89.8,1297.9,52.1,0
6488,car,4.5,road_loopA_r0,road_loopA_r1,7922.4,8026.2,103.8,1297.2,45.0,0
6471,suv,4.8,road_loopA_f0,road_loopA_f1,7906.5,8026.5,120.0,1304.1,39.1,1
6527,car,4.5,road_loopA_r0,xloopA_0Bb,7954.8,8027.2,72.4,895.4,44.5,0
6502,car,4.5,road_loopA_r0,road_loopA_r1,7938.6,8028.2,89.6,1298.2,52.1,0
6475,car,4.5,road_loopA_f0,road_loopA_f1,7908.0,8028.3,120.3,1302.9,39.0,1
6500,car,4.5,road_loopA_r0,road_loopA_r1,7937.2,8030.6,93.4,1297.5,50.0,0
6466,car,4.5,road_loopA_f0,road_loopA_f1,7904.3,8031.1,126.8,1304.0,37.0,1
6482,car,4.5,road_loopA_f0,road_loopA_f1,7914.3,8033.4,119.1,1303.5,39.4,1
6501,suv,4.8,road_loopA_r0,road_loopA_r1,7937.1,8033.4,96.3,1298.7,48.6,0
6492,car,4.5,xloopA_0Ba,xloopA_0Bb,7927.4,8033.5,106.1,84.4,2.9,1
6454,car,4.5,xloopA_0Aa,xloopA_0Ab,7900.2,8033.8,133.6,84.4,2.3,1
6472,car,4.5,road_loopA_r0,road_loopA_r1,7906.5,8035.4,128.9,1297.3,36.2,0
6514,car,4.5,xloopA_0Ba,xloopA_0Bb,7945.5,8035.6,90.1,84.6,3.4,1
6494,suv,4.8,road_loopA_r0,road_loopA_r1,7930.6,8036.1,105.5,1297.5,44.3,0
6496,car,4.5,road_loopA_f0,road_loopA_f1,7934.0,8036.1,102.1,1304.1,46.0,0
6495,car,4.5,road_loopA_r0,road_loopA_r1,7931.8,8037.7,105.9,1298.2,44.1,0
6506,truck,8.5,road_loopA_r0,road_loopA_r1,7942.1,8037.9,95.8,1297.5,48.8,0
6498,car,4.5,road_loopA_r0,road_loopA_r1,7934.5,8038.0,103.5,1297.4,45.1,0
6558,car,4.5,xloopA_0Aa,xloopA_0Ab,7987.7,8038.0,50.3,84.8,6.1,1
6486,car,4.5,road_loopA_f0,road_loopA_f1,7919.8,8038.1,118.3,1304.2,39.7,0
6504,truck,8.5,road_loopA_f0,road_loopA_f1,7939.7,8042.4,102.7,1303.5,45.7,0
6515,car,4.5,road_loopA_f0,road_loopA_f1,7946.6,8044.4,97.8,1303.4,48.0,0
6522,car,4.5,road_loopA_f0,road_loopA_f1,7951.6,8045.1,93.5,1303.1,50.2,0
6512,car,4.5,road_loopA_f0,road_loopA_f1,7945.2,8047.3,102.1,1303.2,46.0,0
6452,car,4.5,road_loopA_f0,road_loopA_f1,7899.2,8050.6,151.4,1303.5,31.0,1
6524,car,4.5,road_loopA_f0,road_loopA_f1,7952.8,8052.2,99.4,1303.7,47.2,0
6532,car,4.5,road_loopA_f0,road_loopA_f1,7955.9,8053.9,98.0,1303.5,47.9,0
6534,car,4.5,road_loopA_f0,road_loopA_f1,7957.7,8055.7,98.0,1303.3,47.9,0
6537,car,4.5,road_loopA_f0,road_loopA_f1,7963.7,8057.5,93.8,1303.1,50.0,0
6538,suv,4.8,road_loopA_f0,road_loopA_f1,7965.1,8059.3,94.2,1303.3,49.8,0
6433,car,4.5,xloopA_0Ba,road_loopA_f1,7883.4,8059.8,176.4,902.5,18.4,1
6540,car,4.5,road_loopA_f0,road_loopA_f1,7968.4,8061.1,92.7,1303.7,50.6,0
6426,car,4.5,xloopA_0Aa,road_loopA_f1,7878.6,8061.3,182.7,872.0,17.2,1
6442,suv,4.8,road_loopA_f0,road_loopA_f1,7890.2,8061.5,171.3,1303.7,27.4,1
6519,car,4.5,road_loopA_f0,road_loopA_f1,7949.7,8063.0,113.3,1303.4,41.4,0
6430,car,4.5,road_loopA_f0,road_loopA_f1,7882.5,8063.1,180.6,1303.9,26.0,1
6443,car,4.5,road_loopA_f0,road_loopA_f1,7890.2,8063.2,173.0,1303.8,27.1,1
6434,car,4.5,road_loopA_f0,road_loopA_f1,7883.3,8064.7,181.4,1302.8,25.9,1
6456,car,4.5,road_loopA_f0,road_loopA_f1,7900.6,8064.8,164.2,1302.9,28.6,1
6518,car,4.5,road_loopA_f0,road_loopA_f1,7949.4,8065.5,116.1,1303.2,40.4,0
6444,car,4.5,road_loopA_f0,road_loopA_f1,7890.3,8066.4,176.1,1303.3,26.7,1
6451,car,4.5,road_loopA_f0,road_loopA_f1,7898.9,8066.6,167.7,1303.4,28.0,1
6613,car,4.5,road_loopA_f0,xloopA_0Bb,8025.3,8068.0,42.7,478.7,40.4,0
6448,car,4.5,road_loopA_f0,road_loopA_f1,7894.3,8068.1,173.8,1303.9,27.0,1
6478,car,4.5,road_loopA_f0,road_loopA_f1,7909.6,8068.5,158.9,1303.7,29.5,1
6523,car,4.5,road_loopA_f0,road_loopA_f1,7952.7,8069.0,116.3,1303.3,40.3,0
6485,car,4.5,road_loopA_f0,road_loopA_f1,7917.7,8070.2,152.5,1303.8,30.8,1
6450,truck,8.5,road_loopA_f0,road_loopA_f1,7895.9,8070.4,174.5,1303.2,26.9,1
6541,car,4.5,road_loopA_f0,road_loopA_f1,7968.7,8070.7,102.0,1303.1,46.0,0
6508,truck,8.5,road_loopA_f0,road_loopA_f1,7943.4,8072.3,128.9,1303.3,36.4,0
6544,suv,4.8,road_loopA_f0,road_loopA_f1,7971.4,8072.4,101.0,1302.8,46.4,0
6464,car,4.5,road_loopA_f0,road_loopA_f1,7903.6,8072.6,169.0,1303.0,27.8,1
6470,suv,4.8,road_loopA_f0,road_loopA_f1,7905.8,8074.4,168.6,1303.9,27.8,1
6505,car,4.5,road_loopA_f0,road_loopA_f1,7942.1,8074.4,132.3,1303.4,35.5,0
6533,car,4.5,road_loopA_f0,road_loopA_f1,7957.4,8074.7,117.3,1303.9,40.0,0
6479,suv,4.8,road_loopA_f0,road_loopA_f1,7911.1,8076.2,165.1,1304.1,28.4,1
6525,truck,8.5,road_loopA_f0,road_loopA_f1,7954.5,8076.5,122.0,1303.7,38.5,0
6536,suv,4.8,road_loopA_f0,road_loopA_f1,7959.6,8076.7,117.1,1303.6,40.1,0
6491,truck,8.5,road_loopA_f0,road_loopA_f1,7926.1,8078.5,152.4,1303.9,30.8,0
6526,car,4.5,road_loopA_f0,road_loopA_f1,7954.7,8078.6,123.9,1303.4,37.9,0
6516,car,4.5,road_loopA_f0,road_loopA_f1,7947.3,8080.1,132.8,1303.2,35.3,0
6497,car,4.5,road_loopA_f0,road_loopA_f1,7934.3,8080.6,146.3,1303.7,32.1,0
6510,car,4.5,road_loopA_f0,road_loopA_f1,7943.5,8081.2,137.7,1303.4,34.1,0
6509,car,4.5,road_loopA_r0,road_loopA_r1,7943.4,8081.6,138.2,1298.5,33.8,1
6517,car,4.5,road_loopA_r0,road_loopA_r1,7949.0,8082.9,133.9,1298.1,34.9,1
6503,suv,4.8,road_loopA_r0,road_loopA_r1,7938.8,8086.5,147.7,1298.3,31.6,1
6521,car,4.5,road_loopA_r0,road_loopA_r1,7951.4,8087.8,136.4,1297.5,34.3,1
6608,car,4.5,road_loopA_r0,xloopA_0Ab,8019.5,8088.2,68.7,869.1,45.5,0
6507,car,4.5,road_loopA_r0,road_loopA_r1,7942.4,8089.3,146.9,1297.6,31.8,1
6530,suv,4.8,road_loopA_r0,road_loopA_r1,7955.3,8089.5,134.2,1297.8,34.8,1
6529,car,4.5,xloopA_0Ba,road_loopA_r1,7955.1,8090.4,135.3,476.7,12.7,1
6546,car,4.5,road_loopA_r0,road_loopA_r1,7976.8,8091.4,114.6,1297.8,40.8,1
6578,car,4.5,road_loopA_r0,xloopA_0Ab,7998.0,8091.6,93.6,869.1,33.4,1
6520,truck,8.5,road_loopA_r0,road_loopA_r1,7950.4,8093.0,142.6,1297.9,32.8,1
6545,suv,4.8,road_loopA_r0,road_loopA_r1,7972.5,8093.4,120.9,1298.0,38.6,1
6592,car,4.5,road_loopA_r0,xloopA_0Ab,8010.7,8093.6,82.9,869.2,37.7,0
6528,suv,4.8,road_loopA_r0,road_loopA_r1,7955.0,8094.4,139.4,1298.3,33.5,1
6560,suv,4.8,road_loopA_r0,road_loopA_r1,7988.3,8095.3,107.0,1297.3,43.6,0
6542,car,4.5,road_loopA_r0,road_loopA_r1,7970.0,8096.3,126.3,1298.2,37.0,1
6535,car,4.5,xloopA_0Ba,road_loopA_r1,7959.3,8097.2,137.9,476.6,12.4,0
6580,car,4.5,road_loopA_r0,road_loopA_r1,7999.2,8097.7,98.5,1297.7,47.4,0
6550,car,4.5,road_loopA_r0,road_loopA_r1,7982.4,8098.0,115.6,1297.5,40.4,1
6651,suv,4.8,road_loopA_f0,xloopA_0Bb,8058.1,8098.1,40.0,479.0,43.1,0
6511,car,4.5,road_loopA_r0,road_loopA_r1,7944.6,8098.8,154.2,1297.5,30.3,1
6559,car,4.5,road_loopA_r0,road_loopA_r1,7988.1,8099.8,111.7,1297.6,41.8,1
6543,suv,4.8,road_loopA_r0,road_loopA_r1,7971.0,8100.5,129.5,1298.0,36.1,1
6579,suv,4.8,road_loopA_r0,road_loopA_r1,7999.0,8101.4,102.4,1298.5,45.6,0
6564,car,4.5,road_loopA_r0,road_loopA_r1,7991.0,8101.6,110.6,1297.7,42.2,0
6553,truck,8.5,road_loopA_r0,road_loopA_r1,7983.9,8102.7,118.8,1297.9,39.3,0
6570,car,4.5,road_loopA_r0,road_loopA_r1,7995.2,8103.5,108.3,1298.4,43.2,0
6591,suv,4.8,road_loopA_r0,road_loopA_r1,8009.5,8103.8,94.3,1297.3,49.5,0
6567,car,4.5,road_loopA_r0,road_loopA_r1,7993.5,8105.0,111.5,1297.6,41.9,0
6576,car,4.5,road_loopA_r0,road_loopA_r1,7997.6,8105.3,107.7,1298.5,43.4,0
6599,suv,4.8,road_loopA_r0,road_loopA_r1,8014.1,8106.6,92.5,1298.1,50.5,0
6584,car,4.5,road_loopA_r0,road_loopA_r1,8001.5,8106.9,105.4,1298.2,44.3,0
6581,car,4.5,road_loopA_r0,road_loopA_r1,7999.8,8107.3,107.5,1297.5,43.5,0
6547,car,4.5,road_loopA_f0,road_loopA_f1,7978.9,8107.4,128.5,1303.0,36.5,1
6548,car,4.5,road_loopA_f0,road_loopA_f1,7981.4,8108.7,127.3,1303.8,36.9,1
6571,car,4.5,road_loopA_r0,road_loopA_r1,7995.5,8109.0,113.5,1297.9,41.2,0
6588,car,4.5,road_loopA_r0,road_loopA_r1,8006.6,8109.1,102.5,1297.6,45.6,0
6597,car,4.5,road_loopA_r0,road_loopA_r1,8012.7,8110.8,98.1,1297.8,47.6,0
6549,car,4.5,road_loopA_f0,road_loopA_f1,7982.4,8111.0,128.6,1304.2,36.5,1
6555,suv,4.8,road_loopA_f0,road_loopA_f1,7985.7,8111.8,126.1,1303.5,37.2,1
6589,truck,8.5,road_loopA_r0,road_loopA_r1,8008.4,8111.9,103.5,1297.8,45.1,0
6605,car,4.5,road_loopA_r0,xloopA_0Bb,8018.8,8112.3,93.5,895.7,34.5,1
6600,car,4.5,road_loopA_r0,road_loopA_r1,8014.2,8112.7,98.5,1298.1,47.4,0
6569,car,4.5,road_loopA_f0,xloopA_0Ab,7994.8,8112.8,118.0,505.2,15.4,1
6621,car,4.5,road_loopA_r0,xloopA_0Bb,8034.2,8114.9,80.7,895.6,39.9,0
6563,suv,4.8,road_loopA_f0,road_loopA_f1,7990.2,8115.0,124.8,1302.9,37.6,1
6649,car,4.5,road_loopA_f0,xloopA_0Ab,8056.2,8115.4,59.2,505.2,30.7,0
6603,car,4.5,road_loopA_r0,road_loopA_r1,8018.5,8117.9,99.4,1298.2,47.0,0
6614,suv,4.8,road_loopA_r0,road_loopA_r1,8026.6,8118.6,92.0,1297.5,50.8,0
6582,bus,11.0,road_loopA_r0,road_loopA_r1,8000.2,8119.6,119.4,1298.1,39.1,0
6557,car,4.5,road_loopA_f0,road_loopA_f1,7987.1,8120.7,133.6,1304.0,35.1,1
6573,car,4.5,road_loopA_f0,road_loopA_f1,7995.9,8121.2,125.3,1302.9,37.4,1
6611,car,4.5,road_loopA_r0,road_loopA_r1,8021.6,8121.7,100.1,1298.0,46.7,0
6612,truck,8.5,road_loopA_r0,road_loopA_r1,8023.2,8121.9,98.7,1297.9,47.3,0
6552,suv,4.8,road_loopA_f0,road_loopA_f1,7982.9,8122.1,139.2,1303.4,33.7,1
6583,car,4.5,road_loopA_f0,road_loopA_f1,8000.2,8122.9,122.7,1303.8,38.3,1
6619,car,4.5,road_loopA_r0,road_loopA_r1,8031.6,8124.2,92.6,1298.7,50.5,0
6655,car,4.5,xloopA_0Aa,xloopA_0Ab,8062.0,8124.6,62.6,84.2,4.8,1
6586,car,4.5,road_loopA_f0,road_loopA_f1,8004.3,8125.6,121.3,1303.0,38.7,1
6620,suv,4.8,road_loopA_r0,road_loopA_r1,8032.9,8125.9,93.0,1297.4,50.2,0
6551,car,4.5,xloopA_0Ba,xloopA_0Bb,7982.7,8126.0,143.3,84.0,2.1,1
6617,car,4.5,road_loopA_r0,road_loopA_r1,8029.4,8126.7,97.3,1297.7,48.0,0
6539,car,4.5,road_loopA_f0,road_loopA_f1,7966.6,8126.9,160.3,1303.2,29.3,1
6575,car,4.5,road_loopA_f0,road_loopA_f1,7996.4,8127.8,131.4,1302.8,35.7,1
6574,car,4.5,road_loopA_f0,road_loopA_f1,7996.3,8127.9,131.6,1303.8,35.7,1
6566,car,4.5,road_loopA_f0,road_loopA_f1,7992.8,8128.6,135.8,1302.9,34.5,1
6587,bus,11.0,road_loopA_r0,road_loopA_r1,8005.4,8129.1,123.7,1298.0,37.8,1
6606,car,4.5,road_loopA_f0,road_loopA_f1,8019.0,8129.6,110.6,1302.9,42.4,0
6556,car,4.5,road_loopA_f0,road_loopA_f1,7985.8,8130.5,144.7,1303.6,32.4,1
6604,car,4.5,xloopA_0Ba,xloopA_0Bb,8018.6,8130.9,112.3,84.2,2.7,0
2015,tram,34.0,loopA,loopA,3895.1,8131.2,4236.1,33702.2,28.6,40
6593,car,4.5,road_loopA_f0,road_loopA_f1,8011.7,8132.8,121.1,1303.8,38.8,1
6609,car,4.5,xloopA_0Ba,xloopA_0Bb,8021.3,8133.1,111.8,84.1,2.7,0
6596,car,4.5,road_loopA_f0,road_loopA_f1,8012.7,8133.9,121.2,1303.9,38.7,0
6565,truck,8.5,road_loopA_f0,road_loopA_f1,7992.7,8135.0,142.3,1303.0,33.0,1
6610,car,4.5,road_loopA_f0,road_loopA_f1,8021.6,8135.5,113.9,1303.7,41.2,0
6654,car,4.5,xloopA_0Ba,xloopA_0Bb,8060.7,8136.1,75.4,84.1,4.0,0
6616,car,4.5,road_loopA_f0,road_loopA_f1,8028.3,8136.3,108.0,1303.1,43.4,0
6624,suv,4.8,road_loopA_f0,road_loopA_f1,8037.7,8137.4,99.7,1304.2,47.1,0
6626,truck,8.5,road_loopA_f0,road_loopA_f1,8038.9,8138.5,99.6,1303.7,47.1,0
6631,car,4.5,road_loopA_f0,road_loopA_f1,8041.3,8139.3,98.0,1303.2,47.9,0
6531,car,4.5,xloopA_0Aa,road_loopA_f1,7955.4,8139.9,184.5,872.3,17.0,1
6601,car,4.5,road_loopA_f0,road_loopA_f1,8014.3,8140.7,126.4,1304.1,37.1,1
6554,car,4.5,road_loopA_f0,road_loopA_f1,7984.8,8141.5,156.7,1303.0,29.9,1
6561,car,4.5,road_loopA_f0,road_loopA_f1,7988.3,8143.2,154.9,1303.9,30.3,1
6615,car,4.5,road_loopA_f0,road_loopA_f1,8026.8,8143.9,117.1,1303.7,40.1,0
6607,truck,8.5,road_loopA_f0,road_loopA_f1,8019.2,8144.5,125.3,1303.5,37.4,0
6568,truck,8.5,road_loopA_f0,road_loopA_f1,7993.9,8145.3,151.4,1303.1,31.0,1
6633,car,4.5,road_loopA_f0,road_loopA_f1,8042.0,8145.6,103.6,1303.1,45.3,0
6636,suv,4.8,road_loopA_f0,road_loopA_f1,8044.4,8146.5,102.1,1303.7,46.0,0
6577,car,4.5,road_loopA_f0,road_loopA_f1,7997.8,8147.4,149.6,1303.7,31.4,1
6639,car,4.5,road_loopA_f0,road_loopA_f1,8046.6,8147.4,100.8,1303.8,46.5,0
6629,suv,4.8,road_loopA_f0,road_loopA_f1,8040.8,8148.2,107.4,1303.2,43.7,0
6585,car,4.5,road_loopA_f0,road_loopA_f1,8003.4,8149.1,145.7,1303.7,32.2,1
6640,suv,4.8,road_loopA_f0,road_loopA_f1,8046.8,8149.2,102.4,1303.1,45.8,0
6646,car,4.5,road_loopA_f0,road_loopA_f1,8052.0,8150.0,98.0,1303.6,47.9,0
6590,car,4.5,road_loopA_f0,road_loopA_f1,8008.8,8150.9,142.1,1304.1,33.0,1
6647,car,4.5,road_loopA_f0,road_loopA_f1,8052.3,8151.8,99.5,1303.9,47.2,0
6595,car,4.5,road_loopA_f0,road_loopA_f1,8012.6,8152.6,140.0,1302.8,33.5,1
6634,suv,4.8,road_loopA_f0,road_loopA_f1,8042.0,8153.9,111.9,1303.4,41.9,0
6622,car,4.5,road_loopA_f0,road_loopA_f1,8034.3,8154.5,120.2,1303.8,39.0,0
6700,car,4.5,road_loopA_f0,xloopA_0Bb,8114.5,8155.0,40.5,478.7,42.6,0
6625,car,4.5,road_loopA_f0,road_loopA_f1,8038.8,8156.7,117.9,1303.6,39.8,0
6632,car,4.5,road_loopA_f0,road_loopA_f1,8041.9,8156.7,114.8,1303.5,40.9,0
6638,car,4.5,road_loopA_f0,road_loopA_f1,8046.4,8159.2,112.8,1303.5,41.6,0
6715,car,4.5,road_loopA_f0,xloopA_0Bb,8126.8,8167.9,41.1,478.6,42.0,0
6627,car,4.5,road_loopA_r0,road_loopA_r1,8039.7,8171.1,131.4,1297.7,35.5,1
6637,car,4.5,road_loopA_r0,road_loopA_r1,8045.9,8171.9,126.0,1298.1,37.1,1
6562,bus,11.0,road_loopA_f0,road_loopA_f1,7989.1,8173.5,184.4,1302.8,25.4,3
6630,car,4.5,road_loopA_r0,road_loopA_r1,8040.9,8173.8,132.9,1298.2,35.2,1
6642,car,4.5,road_loopA_r0,road_loopA_r1,8048.1,8174.9,126.8,1297.5,36.8,1
6644,car,4.5,road_loopA_r0,road_loopA_r1,8050.7,8177.9,127.2,1298.2,36.7,1
6653,suv,4.8,road_loopA_r0,road_loopA_r1,8059.6,8178.3,118.7,1297.6,39.4,1
6602,bus,11.0,road_loopA_f0,road_loopA_f1,8014.8,8178.8,164.0,1304.0,28.6,2
6652,suv,4.8,road_loopA_r0,road_loopA_r1,8059.3,8179.6,120.3,1297.8,38.9,1
6660,suv,4.8,road_loopA_r0,road_loopA_r1,8068.6,8181.7,113.1,1297.8,41.3,1
6650,suv,4.8,road_loopA_r0,road_loopA_r1,8057.6,8182.6,125.0,1298.2,37.4,1
6695,car,4.5,road_loopA_r0,xloopA_0Ab,8112.8,8183.1,70.3,869.1,44.5,0
6670,car,4.5,road_loopA_r0,road_loopA_r1,8077.1,8184.3,107.2,1298.3,43.6,0
6674,car,4.5,road_loopA_r0,road_loopA_r1,8091.6,8186.5,94.9,1297.6,49.2,0
6598,car,4.5,xloopA_0Ba,road_loopA_r1,8013.6,8187.2,173.6,476.5,9.9,1
6679,car,4.5,road_loopA_r0,road_loopA_r1,8096.3,8188.1,91.8,1297.6,50.9,0
6618,truck,8.5,road_loopA_r0,road_loopA_r1,8030.3,8189.4,159.1,1297.9,29.4,1
6635,suv,4.8,road_loopA_r0,road_loopA_r1,8043.0,8189.8,146.8,1297.4,31.8,1
6681,car,4.5,road_loopA_r0,road_loopA_r1,8096.8,8190.8,94.0,1297.7,49.7,0
6648,suv,4.8,road_loopA_r0,road_loopA_r1,8055.8,8191.5,135.7,1297.8,34.4,1
6628,truck,8.5,road_loopA_r0,road_loopA_r1,8040.0,8191.9,151.9,1297.5,30.8,1
6662,suv,4.8,road_loopA_r0,road_loopA_r1,8071.2,8193.7,122.5,1297.3,38.1,0
6641,car,4.5,road_loopA_r0,road_loopA_r1,8047.1,8194.1,147.0,1298.7,31.8,1
6712,car,4.5,road_loopA_r0,xloopA_0Ab,8124.1,8194.5,70.4,868.9,44.4,0
6643,car,4.5,road_loopA_r0,road_loopA_r1,8049.9,8195.8,145.9,1298.4,32.0,1
6677,suv,4.8,road_loopA_r0,road_loopA_r1,8093.4,8197.0,103.6,1298.0,45.1,0
6682,car,4.5,road_loopA_r0,road_loopA_r1,8099.6,8197.0,97.4,1298.1,48.0,0
6645,truck,8.5,road_loopA_r0,road_loopA_r1,8051.1,8198.4,147.3,1298.4,31.7,1
6685,truck,8.5,road_loopA_r0,road_loopA_r1,8101.4,8199.6,98.2,1297.9,47.6,0
6686,suv,4.8,road_loopA_r0,road_loopA_r1,8102.6,8199.8,97.2,1297.3,48.0,0
