veh_id,kind,length_m,origin,destination,depart_s,arrive_s,travel_s,dist_m,avg_kmh,stops
12,car,4.5,road_loopA_f0,xloopA_0Bb,2155.3,2196.3,41.0,478.8,42.1,0
66,car,4.5,xloopA_0Ba,xloopA_0Bb,2213.6,2231.5,17.9,84.2,16.9,1
31,car,4.5,xloopA_0Aa,xloopA_0Ab,2174.4,2232.5,58.1,84.7,5.2,1
47,car,4.5,xloopA_0Aa,xloopA_0Ab,2194.1,2235.3,41.2,84.2,7.4,1
10,car,4.5,road_loopA_r0,road_loopA_r1,2152.7,2241.7,89.0,1297.3,52.5,0
11,suv,4.8,road_loopA_f0,road_loopA_f1,2154.8,2244.2,89.4,1302.8,52.4,0
14,car,4.5,road_loopA_r0,road_loopA_r1,2156.4,2245.3,88.9,1297.3,52.5,0
15,car,4.5,road_loopA_f0,road_loopA_f1,2157.5,2246.9,89.4,1303.1,52.5,0
16,car,4.5,road_loopA_r0,road_loopA_r1,2159.1,2248.0,88.9,1297.3,52.5,0
17,car,4.5,road_loopA_r0,road_loopA_r1,2160.2,2249.1,88.9,1297.3,52.5,0
20,suv,4.8,road_loopA_r0,road_loopA_r1,2161.7,2250.7,89.0,1297.3,52.5,0
21,car,4.5,road_loopA_f0,road_loopA_f1,2162.4,2253.6,91.2,1303.6,51.4,0
13,truck,8.5,road_loopA_f0,road_loopA_f1,2155.5,2255.5,100.0,1304.1,46.9,0
22,suv,4.8,road_loopA_f0,road_loopA_f1,2163.4,2255.8,92.4,1303.3,50.8,0
38,suv,4.8,road_loopA_f0,xloopA_0Bb,2179.3,2259.3,80.0,478.8,21.6,2
19,truck,8.5,road_loopA_f0,road_loopA_f1,2161.8,2262.0,100.2,1303.3,46.8,0
43,car,4.5,road_loopA_f0,xloopA_0Bb,2186.9,2263.0,76.1,478.8,22.7,2
9,suv,4.8,road_loopA_f0,road_loopA_f1,2151.6,2263.5,111.9,1303.4,41.9,0
24,car,4.5,road_loopA_f0,road_loopA_f1,2164.6,2265.2,100.6,1303.0,46.6,0
51,truck,8.5,road_loopA_f0,xloopA_0Bb,2196.1,2268.4,72.3,478.7,23.8,2
32,car,4.5,road_loopA_f0,road_loopA_f1,2174.4,2270.5,96.1,1303.5,48.8,0
76,car,4.5,road_loopA_f0,xloopA_0Bb,2222.3,2271.9,49.6,478.8,34.7,0
36,car,4.5,road_loopA_f0,road_loopA_f1,2178.3,2272.3,94.0,1303.7,49.9,0
18,car,4.5,road_loopA_r0,road_loopA_r1,2161.6,2277.2,115.6,1297.5,40.4,1
45,car,4.5,road_loopA_f0,road_loopA_f1,2188.1,2277.7,89.6,1303.8,52.4,0
27,car,4.5,road_loopA_r0,road_loopA_r1,2165.4,2277.8,112.4,1297.6,41.6,1
25,truck,8.5,road_loopA_f0,road_loopA_f1,2164.9,2279.2,114.3,1303.0,41.0,0
26,truck,8.5,road_loopA_f0,road_loopA_f1,2165.2,2279.4,114.2,1303.2,41.1,0
34,car,4.5,road_loopA_r0,road_loopA_r1,2176.1,2279.6,103.5,1298.5,45.2,1
29,suv,4.8,road_loopA_f0,road_loopA_f1,2170.2,2281.3,111.1,1303.4,42.2,0
35,suv,4.8,road_loopA_f0,road_loopA_f1,2177.9,2281.7,103.8,1303.3,45.2,0
37,car,4.5,road_loopA_r0,road_loopA_r1,2178.6,2281.9,103.3,1297.5,45.2,0
100,suv,4.8,road_loopA_f0,xloopA_0Bb,2240.9,2282.2,41.3,479.0,41.8,0
39,car,4.5,road_loopA_f0,road_loopA_f1,2180.4,2283.5,103.1,1303.5,45.5,0
42,car,4.5,road_loopA_r0,road_loopA_r1,2185.1,2285.0,99.9,1298.6,46.8,0
30,car,4.5,road_loopA_r0,road_loopA_r1,2173.3,2285.6,112.3,1298.3,41.6,0
23,truck,8.5,road_loopA_r0,road_loopA_r1,2163.9,2286.4,122.5,1297.4,38.1,0
41,car,4.5,road_loopA_r0,road_loopA_r1,2185.0,2287.3,102.3,1298.6,45.7,0
40,car,4.5,road_loopA_r0,road_loopA_r1,2182.5,2287.7,105.2,1298.7,44.4,0
48,car,4.5,road_loopA_r0,road_loopA_r1,2194.6,2289.0,94.4,1298.7,49.5,0
53,suv,4.8,road_loopA_r0,road_loopA_r1,2199.1,2289.3,90.2,1297.7,51.8,0
58,car,4.5,road_loopA_r0,road_loopA_r1,2205.8,2294.9,89.1,1298.6,52.5,0
59,suv,4.8,road_loopA_r0,road_loopA_r1,2208.5,2297.5,89.0,1297.3,52.5,0
44,truck,8.5,road_loopA_r0,road_loopA_r1,2187.1,2298.5,111.4,1297.6,42.0,0
61,car,4.5,road_loopA_r0,road_loopA_r1,2210.2,2300.6,90.4,1297.8,51.7,0
64,car,4.5,road_loopA_r0,road_loopA_r1,2212.3,2304.8,92.5,1298.0,50.5,0
50,suv,4.8,road_loopA_f0,road_loopA_f1,2196.0,2305.4,109.4,1304.1,42.9,1
69,car,4.5,road_loopA_r0,road_loopA_r1,2217.0,2306.9,89.9,1297.7,52.0,0
54,car,4.5,road_loopA_f0,road_loopA_f1,2202.3,2307.7,105.4,1304.0,44.5,1
60,car,4.5,road_loopA_f0,road_loopA_f1,2208.7,2307.9,99.2,1304.2,47.3,1
71,car,4.5,road_loopA_r0,road_loopA_r1,2218.7,2308.5,89.8,1297.4,52.0,0
68,car,4.5,road_loopA_f0,road_loopA_f1,2215.6,2309.5,93.9,1304.0,50.0,0
74,car,4.5,road_loopA_r0,road_loopA_r1,2221.5,2311.0,89.5,1297.8,52.2,0
73,car,4.5,road_loopA_f0,road_loopA_f1,2219.9,2312.2,92.3,1303.4,50.8,0
46,truck,8.5,road_loopA_f0,road_loopA_f1,2193.1,2313.4,120.3,1303.9,39.0,1
49,car,4.5,road_loopA_r0,road_loopA_r1,2194.7,2313.9,119.2,1298.2,39.2,0
62,car,4.5,road_loopA_f0,road_loopA_f1,2211.7,2315.0,103.3,1303.4,45.4,1
52,suv,4.8,road_loopA_f0,road_loopA_f1,2198.4,2315.4,117.0,1303.8,40.1,1
63,suv,4.8,road_loopA_r0,road_loopA_r1,2211.9,2316.8,104.9,1297.7,44.6,0
55,car,4.5,road_loopA_f0,road_loopA_f1,2202.3,2317.1,114.8,1303.1,40.9,1
81,car,4.5,road_loopA_f0,road_loopA_f1,2228.4,2318.5,90.1,1304.1,52.1,0
56,car,4.5,road_loopA_f0,road_loopA_f1,2203.5,2319.0,115.5,1303.6,40.6,1
70,car,4.5,road_loopA_r0,road_loopA_r1,2217.6,2319.0,101.4,1297.7,46.1,0
77,car,4.5,road_loopA_r0,road_loopA_r1,2223.2,2323.8,100.6,1297.8,46.4,0
78,car,4.5,road_loopA_r0,road_loopA_r1,2224.7,2324.7,100.0,1297.3,46.7,0
79,car,4.5,road_loopA_r0,road_loopA_r1,2226.5,2324.7,98.2,1298.3,47.6,0
91,car,4.5,road_loopA_f0,road_loopA_f1,2236.0,2325.4,89.4,1303.1,52.5,0
150,car,4.5,road_loopA_f0,xloopA_0Bb,2283.0,2326.3,43.3,478.7,39.8,0
92,car,4.5,road_loopA_f0,road_loopA_f1,2236.1,2327.2,91.1,1302.9,51.5,0
93,suv,4.8,road_loopA_f0,road_loopA_f1,2236.3,2327.3,91.0,1303.7,51.6,0
83,truck,8.5,road_loopA_r0,road_loopA_r1,2229.3,2327.9,98.6,1297.6,47.4,0
84,car,4.5,road_loopA_r0,road_loopA_r1,2231.3,2328.1,96.8,1297.7,48.2,0
75,truck,8.5,road_loopA_f0,road_loopA_f1,2221.5,2328.8,107.3,1303.0,43.7,0
89,car,4.5,road_loopA_r0,road_loopA_r1,2235.2,2329.1,93.9,1297.7,49.8,0
157,car,4.5,road_loopA_f0,xloopA_0Bb,2288.2,2329.7,41.5,478.8,41.5,0
97,car,4.5,road_loopA_f0,road_loopA_f1,2238.8,2330.1,91.3,1303.2,51.4,0
86,car,4.5,road_loopA_r0,road_loopA_r1,2232.3,2330.9,98.6,1298.0,47.4,0
101,car,4.5,road_loopA_f0,road_loopA_f1,2241.8,2331.1,89.3,1303.1,52.5,0
94,suv,4.8,road_loopA_r0,road_loopA_r1,2237.0,2331.5,94.5,1298.5,49.5,0
65,car,4.5,road_loopA_r0,road_loopA_r1,2212.8,2333.2,120.4,1297.2,38.8,0
98,car,4.5,road_loopA_r0,road_loopA_r1,2239.9,2333.2,93.3,1297.7,50.1,0
104,suv,4.8,road_loopA_f0,road_loopA_f1,2244.0,2333.4,89.4,1303.1,52.5,0
80,car,4.5,road_loopA_r0,road_loopA_r1,2228.3,2333.7,105.4,1298.1,44.3,0
102,suv,4.8,road_loopA_f0,road_loopA_f1,2242.5,2334.5,92.0,1303.1,51.0,0
106,suv,4.8,road_loopA_f0,road_loopA_f1,2244.7,2335.3,90.6,1303.2,51.8,0
107,car,4.5,road_loopA_f0,road_loopA_f1,2246.1,2336.3,90.2,1303.9,52.0,0
109,car,4.5,road_loopA_r0,road_loopA_r1,2246.6,2336.5,89.9,1298.0,52.0,0
110,car,4.5,road_loopA_f0,road_loopA_f1,2246.8,2337.6,90.8,1303.2,51.7,0
82,car,4.5,road_loopA_f0,road_loopA_f1,2228.9,2338.0,109.1,1303.8,43.0,0
96,car,4.5,road_loopA_r0,road_loopA_r1,2238.2,2338.0,99.8,1298.0,46.8,0
114,suv,4.8,road_loopA_r0,road_loopA_r1,2249.9,2339.6,89.7,1298.2,52.1,0
112,car,4.5,road_loopA_r0,road_loopA_r1,2248.8,2342.2,93.4,1297.5,50.0,0
108,car,4.5,road_loopA_r0,road_loopA_r1,2246.6,2342.4,95.8,1297.4,48.7,0
117,car,4.5,road_loopA_r0,road_loopA_r1,2252.5,2344.2,91.7,1297.3,50.9,0
105,truck,8.5,road_loopA_f0,road_loopA_f1,2244.4,2344.9,100.5,1303.1,46.7,0
28,car,4.5,road_loopA_r0,xloopA_0Bb,2166.4,2345.0,178.6,895.8,18.1,1
57,car,4.5,road_loopA_f0,xloopA_0Ab,2205.0,2345.5,140.5,505.2,12.9,1
121,car,4.5,road_loopA_r0,road_loopA_r1,2254.9,2346.0,91.1,1298.3,51.3,0
87,car,4.5,road_loopA_r0,xloopA_0Bb,2232.8,2347.6,114.8,895.8,28.1,1
103,car,4.5,road_loopA_r0,road_loopA_r1,2242.7,2347.7,105.0,1297.9,44.5,0
67,car,4.5,road_loopA_f0,xloopA_0Ab,2213.7,2348.1,134.4,505.3,13.5,1
120,car,4.5,road_loopA_r0,road_loopA_r1,2254.7,2348.1,93.4,1298.2,50.0,0
118,suv,4.8,road_loopA_r0,xloopA_0Bb,2252.5,2350.2,97.7,895.2,33.0,1
95,car,4.5,road_loopA_f0,xloopA_0Ab,2237.7,2350.7,113.0,505.0,16.1,1
123,car,4.5,road_loopA_r0,road_loopA_r1,2256.8,2351.1,94.3,1297.7,49.6,0
125,suv,4.8,road_loopA_r0,road_loopA_r1,2258.6,2352.9,94.3,1298.1,49.5,0
127,suv,4.8,road_loopA_r0,road_loopA_r1,2259.6,2353.9,94.3,1297.7,49.6,0
113,car,4.5,road_loopA_f0,road_loopA_f1,2249.8,2354.3,104.5,1303.9,44.9,0
126,car,4.5,road_loopA_f0,road_loopA_f1,2258.8,2354.6,95.8,1303.4,49.0,0
128,car,4.5,road_loopA_r0,road_loopA_r1,2259.9,2354.8,94.9,1298.0,49.3,0
135,car,4.5,road_loopA_f0,road_loopA_f1,2265.1,2355.6,90.5,1303.4,51.9,0
130,car,4.5,road_loopA_f0,road_loopA_f1,2264.0,2356.5,92.5,1303.3,50.7,0
129,car,4.5,road_loopA_r0,road_loopA_r1,2263.6,2356.8,93.2,1297.6,50.1,0
85,car,4.5,xloopA_0Ba,xloopA_0Bb,2232.0,2357.0,125.0,84.3,2.4,1
124,car,4.5,road_loopA_f0,road_loopA_f1,2257.8,2358.2,100.4,1302.8,46.7,0
132,car,4.5,road_loopA_f0,road_loopA_f1,2264.5,2358.6,94.1,1303.3,49.9,0
111,truck,8.5,road_loopA_r0,road_loopA_r1,2248.1,2358.7,110.6,1297.3,42.2,0
138,car,4.5,road_loopA_r0,road_loopA_r1,2269.6,2359.0,89.4,1297.3,52.2,0
116,car,4.5,xloopA_0Ba,xloopA_0Bb,2252.1,2359.1,107.0,84.8,2.9,1
90,car,4.5,xloopA_0Aa,xloopA_0Ab,2235.6,2360.1,124.5,84.2,2.4,1
133,car,4.5,road_loopA_r0,road_loopA_r1,2264.9,2360.3,95.4,1297.3,49.0,0
122,car,4.5,xloopA_0Ba,xloopA_0Bb,2256.2,2361.2,105.0,84.6,2.9,1
99,car,4.5,xloopA_0Aa,xloopA_0Ab,2241.0,2362.3,121.3,84.5,2.5,1
131,suv,4.8,road_loopA_r0,road_loopA_r1,2264.2,2362.4,98.2,1297.4,47.5,0
136,truck,8.5,road_loopA_f0,road_loopA_f1,2267.6,2362.5,94.9,1304.1,49.4,0
134,suv,4.8,road_loopA_r0,road_loopA_r1,2264.9,2363.8,98.9,1297.4,47.2,0
137,car,4.5,road_loopA_f0,road_loopA_f1,2269.6,2364.3,94.7,1302.8,49.5,0
146,car,4.5,xloopA_0Aa,xloopA_0Ab,2280.3,2364.3,84.0,84.2,3.6,0
139,car,4.5,road_loopA_f0,road_loopA_f1,2270.5,2366.4,95.9,1303.0,48.9,0
147,car,4.5,road_loopA_f0,road_loopA_f1,2280.6,2369.9,89.3,1303.1,52.5,0
148,car,4.5,road_loopA_f0,road_loopA_f1,2281.6,2376.2,94.6,1303.9,49.6,0
158,car,4.5,road_loopA_f0,road_loopA_f1,2288.5,2378.0,89.5,1303.3,52.4,0
119,car,4.5,road_loopA_r0,xloopA_0Ab,2253.0,2379.6,126.6,869.0,24.7,2
160,suv,4.8,road_loopA_f0,road_loopA_f1,2289.9,2380.9,91.0,1304.1,51.6,0
166,car,4.5,road_loopA_f0,road_loopA_f1,2292.6,2382.3,89.7,1303.5,52.3,0
152,car,4.5,road_loopA_f0,road_loopA_f1,2284.9,2386.8,101.9,1302.9,46.0,0
163,suv,4.8,road_loopA_f0,xloopA_0Bb,2291.1,2389.3,98.2,479.1,17.6,2
144,car,4.5,road_loopA_r0,xloopA_0Ab,2276.6,2389.8,113.2,869.2,27.6,1
179,truck,8.5,road_loopA_f0,xloopA_0Bb,2303.0,2394.6,91.6,479.1,18.8,2
155,car,4.5,road_loopA_f0,road_loopA_f1,2287.8,2397.7,109.9,1303.3,42.7,0
140,suv,4.8,road_loopA_r0,road_loopA_r1,2273.9,2404.7,130.8,1298.2,35.7,1
143,car,4.5,road_loopA_r0,road_loopA_r1,2275.7,2406.2,130.5,1297.5,35.8,1
142,car,4.5,road_loopA_r0,road_loopA_r1,2275.4,2408.8,133.4,1297.6,35.0,1
149,car,4.5,road_loopA_r0,road_loopA_r1,2282.3,2410.2,127.9,1297.4,36.5,1
159,car,4.5,road_loopA_r0,road_loopA_r1,2288.9,2411.3,122.4,1297.5,38.1,1
167,car,4.5,road_loopA_r0,road_loopA_r1,2292.6,2411.5,118.9,1297.5,39.3,1
170,car,4.5,road_loopA_r0,road_loopA_r1,2295.7,2413.1,117.4,1297.5,39.8,1
174,car,4.5,road_loopA_r0,road_loopA_r1,2299.0,2414.9,115.9,1298.0,40.3,1
172,car,4.5,road_loopA_r0,road_loopA_r1,2298.2,2417.2,119.0,1297.7,39.3,1
88,car,4.5,xloopA_0Aa,road_loopA_r1,2233.4,2418.5,185.1,506.5,9.9,1
141,car,4.5,road_loopA_r0,road_loopA_r1,2274.2,2420.3,146.1,1298.4,32.0,1
176,truck,8.5,road_loopA_r0,road_loopA_r1,2302.2,2420.6,118.4,1297.9,39.5,1
162,suv,4.8,road_loopA_f0,xloopA_0Ab,2291.1,2420.8,129.7,505.7,14.0,2
184,car,4.5,road_loopA_r0,road_loopA_r1,2322.2,2420.9,98.7,1297.5,47.3,0
115,truck,8.5,road_loopA_r0,xloopA_0Bb,2251.0,2421.5,170.5,895.9,18.9,1
145,car,4.5,road_loopA_r0,road_loopA_r1,2279.4,2421.9,142.5,1297.7,32.8,1
181,car,4.5,road_loopA_f0,xloopA_0Ab,2310.7,2423.4,112.7,505.4,16.1,1
151,suv,4.8,road_loopA_r0,road_loopA_r1,2284.0,2423.6,139.6,1298.2,33.5,1
188,car,4.5,road_loopA_r0,road_loopA_r1,2327.4,2424.2,96.8,1298.2,48.3,0
156,car,4.5,road_loopA_r0,xloopA_0Bb,2287.9,2424.4,136.5,895.4,23.6,1
182,car,4.5,road_loopA_r0,road_loopA_r1,2312.0,2424.5,112.5,1297.4,41.5,0
161,car,4.5,road_loopA_r0,road_loopA_r1,2290.9,2425.3,134.4,1298.4,34.8,1
191,suv,4.8,road_loopA_r0,road_loopA_r1,2330.4,2426.8,96.4,1297.6,48.5,0
168,suv,4.8,road_loopA_r0,road_loopA_r1,2293.6,2427.0,133.4,1298.2,35.0,1
175,car,4.5,road_loopA_r0,road_loopA_r1,2300.1,2429.3,129.2,1298.3,36.2,0
219,car,4.5,road_loopA_r0,xloopA_0Bb,2356.3,2429.7,73.4,895.3,43.9,0
187,car,4.5,road_loopA_r0,road_loopA_r1,2326.9,2429.9,103.0,1298.2,45.4,0
180,car,4.5,road_loopA_r0,road_loopA_r1,2308.8,2431.3,122.5,1298.3,38.2,0
197,car,4.5,road_loopA_r0,road_loopA_r1,2337.5,2431.6,94.1,1298.3,49.7,0
178,car,4.5,road_loopA_f0,road_loopA_f1,2302.4,2432.2,129.8,1304.2,36.2,1
183,car,4.5,road_loopA_r0,road_loopA_r1,2320.1,2433.1,113.0,1298.3,41.4,0
203,suv,4.8,road_loopA_r0,road_loopA_r1,2341.6,2433.6,92.0,1297.5,50.8,0
199,car,4.5,road_loopA_r0,road_loopA_r1,2339.7,2434.3,94.6,1298.5,49.4,0
153,car,4.5,xloopA_0Aa,xloopA_0Ab,2285.3,2435.4,150.1,84.2,2.0,1
202,suv,4.8,road_loopA_r0,road_loopA_r1,2340.9,2436.0,95.1,1297.8,49.2,0
206,car,4.5,road_loopA_r0,road_loopA_r1,2344.9,2436.2,91.3,1298.5,51.2,0
190,car,4.5,road_loopA_f0,road_loopA_f1,2329.5,2436.6,107.1,1303.2,43.8,1
171,car,4.5,xloopA_0Aa,xloopA_0Ab,2297.2,2437.5,140.3,84.7,2.2,1
208,car,4.5,road_loopA_r0,road_loopA_r1,2345.6,2437.9,92.3,1297.6,50.6,0
192,car,4.5,road_loopA_f0,road_loopA_f1,2331.8,2438.6,106.8,1303.7,43.9,1
186,car,4.5,road_loopA_f0,road_loopA_f1,2324.2,2439.3,115.1,1303.9,40.8,1
185,car,4.5,road_loopA_f0,road_loopA_f1,2322.8,2440.3,117.5,1303.7,39.9,1
195,suv,4.8,road_loopA_f0,road_loopA_f1,2332.7,2441.0,108.3,1303.4,43.3,1
173,car,4.5,xloopA_0Ba,xloopA_0Bb,2298.4,2441.3,142.9,84.5,2.1,1
214,car,4.5,xloopA_0Aa,xloopA_0Ab,2351.5,2441.7,90.2,84.2,3.4,0
207,car,4.5,road_loopA_f0,road_loopA_f1,2345.2,2443.6,98.4,1303.3,47.7,0
268,car,4.5,xloopA_0Aa,xloopA_0Ab,2397.8,2444.0,46.2,84.3,6.6,0
210,car,4.5,road_loopA_f0,road_loopA_f1,2348.5,2446.3,97.8,1303.6,48.0,0
201,suv,4.8,road_loopA_f0,road_loopA_f1,2340.4,2446.9,106.5,1303.2,44.1,0
211,car,4.5,road_loopA_f0,road_loopA_f1,2349.1,2448.0,98.9,1303.8,47.4,0
194,car,4.5,road_loopA_f0,road_loopA_f1,2332.7,2449.9,117.2,1303.5,40.0,1
193,car,4.5,road_loopA_f0,road_loopA_f1,2331.8,2450.8,119.0,1303.2,39.4,0
196,car,4.5,road_loopA_f0,road_loopA_f1,2336.8,2450.9,114.1,1302.8,41.1,0
216,truck,8.5,road_loopA_f0,road_loopA_f1,2354.1,2453.1,99.0,1303.3,47.4,0
200,suv,4.8,road_loopA_r0,xloopA_0Ab,2340.1,2453.9,113.8,869.4,27.5,2
223,car,4.5,road_loopA_f0,road_loopA_f1,2361.5,2455.1,93.6,1302.8,50.1,0
204,car,4.5,road_loopA_f0,road_loopA_f1,2344.1,2456.8,112.7,1303.8,41.6,0
231,suv,4.8,road_loopA_f0,road_loopA_f1,2365.2,2456.8,91.6,1302.8,51.2,0
218,suv,4.8,road_loopA_f0,road_loopA_f1,2354.5,2458.2,103.7,1303.9,45.3,0
212,car,4.5,road_loopA_f0,road_loopA_f1,2350.8,2458.6,107.8,1302.8,43.5,0
221,car,4.5,road_loopA_f0,road_loopA_f1,2360.2,2458.8,98.6,1303.0,47.6,0
244,car,4.5,road_loopA_f0,xloopA_0Bb,2376.2,2462.9,86.7,478.6,19.9,2
209,suv,4.8,road_loopA_f0,road_loopA_f1,2347.1,2463.8,116.7,1303.7,40.2,0
215,truck,8.5,road_loopA_f0,road_loopA_f1,2351.8,2464.7,112.9,1304.0,41.6,0
246,car,4.5,road_loopA_f0,xloopA_0Bb,2377.5,2466.6,89.1,478.9,19.4,2
189,truck,8.5,road_loopA_f0,road_loopA_f1,2328.5,2467.7,139.2,1303.5,33.7,1
232,truck,8.5,road_loopA_f0,road_loopA_f1,2365.5,2470.4,104.9,1303.8,44.7,0
236,car,4.5,road_loopA_f0,road_loopA_f1,2369.6,2470.9,101.3,1303.1,46.3,0
154,car,4.5,xloopA_0Ba,road_loopA_f1,2286.1,2472.4,186.3,902.3,17.4,0
273,suv,4.8,road_loopA_f0,xloopA_0Bb,2402.0,2473.4,71.4,479.2,24.2,2
169,truck,8.5,road_loopA_f0,road_loopA_f1,2293.7,2474.6,180.9,1303.0,25.9,1
205,suv,4.8,road_loopA_r0,road_loopA_r1,2344.5,2482.7,138.2,1298.3,33.8,1
226,car,4.5,road_loopA_r0,road_loopA_r1,2362.9,2483.6,120.7,1297.8,38.7,1
237,car,4.5,road_loopA_r0,road_loopA_r1,2369.6,2485.8,116.2,1297.8,40.2,1
224,suv,4.8,road_loopA_f0,road_loopA_f1,2362.5,2486.2,123.7,1302.9,37.9,0
241,suv,4.8,road_loopA_r0,road_loopA_r1,2372.5,2489.8,117.3,1298.0,39.8,1
225,car,4.5,road_loopA_r0,road_loopA_r1,2362.7,2491.8,129.1,1298.5,36.2,1
257,car,4.5,road_loopA_r0,road_loopA_r1,2389.8,2493.1,103.3,1297.9,45.2,0
198,car,4.5,xloopA_0Ba,road_loopA_r1,2339.2,2495.3,156.1,476.8,11.0,0
217,car,4.5,road_loopA_r0,road_loopA_r1,2354.4,2496.2,141.8,1298.3,33.0,1
277,car,4.5,xloopA_0Aa,road_loopA_r1,2405.6,2497.2,91.6,506.5,19.9,0
263,suv,4.8,road_loopA_r0,road_loopA_r1,2393.0,2497.7,104.7,1298.0,44.6,0
213,truck,8.5,road_loopA_r0,road_loopA_r1,2351.3,2499.4,148.1,1297.3,31.5,1
260,suv,4.8,road_loopA_r0,road_loopA_r1,2391.3,2499.9,108.6,1298.6,43.0,0
177,car,4.5,xloopA_0Aa,road_loopA_r1,2302.4,2500.1,197.7,506.9,9.2,1
256,car,4.5,road_loopA_r0,road_loopA_r1,2389.2,2501.1,111.9,1297.4,41.7,0
220,suv,4.8,road_loopA_r0,road_loopA_r1,2357.1,2501.4,144.3,1297.8,32.4,1
230,car,4.5,road_loopA_r0,road_loopA_r1,2365.2,2502.0,136.8,1297.7,34.1,1
274,car,4.5,road_loopA_r0,road_loopA_r1,2403.0,2503.0,100.0,1297.8,46.7,0
222,car,4.5,road_loopA_r0,road_loopA_r1,2360.8,2503.1,142.3,1298.3,32.9,1
242,truck,8.5,road_loopA_r0,road_loopA_r1,2373.3,2504.1,130.8,1297.5,35.7,1
278,car,4.5,road_loopA_r0,road_loopA_r1,2405.7,2504.7,99.0,1297.8,47.2,0
227,car,4.5,road_loopA_r0,road_loopA_r1,2363.1,2504.8,141.7,1298.3,33.0,1
265,car,4.5,road_loopA_r0,road_loopA_r1,2393.6,2506.3,112.7,1298.0,41.5,0
238,car,4.5,road_loopA_r0,road_loopA_r1,2370.1,2506.5,136.4,1298.3,34.3,1
281,suv,4.8,road_loopA_r0,road_loopA_r1,2410.0,2507.3,97.3,1298.3,48.0,0
240,car,4.5,road_loopA_f0,road_loopA_f1,2372.0,2507.6,135.6,1303.5,34.6,1
279,suv,4.8,road_loopA_r0,road_loopA_r1,2406.4,2508.0,101.6,1298.0,46.0,0
234,suv,4.8,road_loopA_r0,road_loopA_r1,2366.3,2509.2,142.9,1298.2,32.7,0
247,suv,4.8,road_loopA_f0,road_loopA_f1,2379.8,2509.4,129.6,1302.9,36.2,1
288,car,4.5,road_loopA_r0,road_loopA_r1,2415.8,2509.9,94.1,1297.9,49.7,0
262,car,4.5,road_loopA_r0,road_loopA_r1,2392.9,2510.9,118.0,1297.8,39.6,0
284,car,4.5,road_loopA_r0,road_loopA_r1,2412.2,2511.2,99.0,1297.3,47.2,0
250,car,4.5,road_loopA_f0,road_loopA_f1,2382.3,2511.9,129.6,1303.9,36.2,1
275,suv,4.8,road_loopA_r0,road_loopA_r1,2404.5,2512.5,108.0,1298.3,43.3,0
239,car,4.5,road_loopA_f0,road_loopA_f1,2370.4,2512.9,142.5,1304.1,32.9,1
259,suv,4.8,road_loopA_r0,road_loopA_r1,2390.7,2512.9,122.2,1297.5,38.2,0
258,suv,4.8,road_loopA_f0,road_loopA_f1,2390.3,2513.7,123.4,1303.0,38.0,1
252,suv,4.8,road_loopA_r0,xloopA_0Bb,2385.7,2513.8,128.1,895.8,25.2,1
286,car,4.5,road_loopA_f0,xloopA_0Ab,2415.4,2514.3,98.9,505.1,18.4,1
298,suv,4.8,road_loopA_r0,road_loopA_r1,2422.0,2514.5,92.5,1298.0,50.5,0
300,suv,4.8,road_loopA_r0,road_loopA_r1,2423.2,2515.7,92.5,1298.4,50.5,0
276,car,4.5,road_loopA_r0,xloopA_0Bb,2405.3,2516.4,111.1,895.6,29.0,1
249,car,4.5,road_loopA_f0,road_loopA_f1,2382.2,2516.9,134.7,1303.7,34.8,1
292,car,4.5,road_loopA_f0,xloopA_0Ab,2419.2,2516.9,97.7,505.2,18.6,1
282,car,4.5,road_loopA_r0,xloopA_0Bb,2410.2,2519.0,108.8,895.4,29.6,1
299,car,4.5,road_loopA_f0,xloopA_0Ab,2422.2,2519.6,97.4,505.4,18.7,1
264,suv,4.8,road_loopA_f0,road_loopA_f1,2393.3,2520.2,126.9,1303.5,37.0,1
307,car,4.5,road_loopA_r0,road_loopA_r1,2431.2,2520.2,89.0,1297.3,52.5,0
308,car,4.5,road_loopA_r0,road_loopA_r1,2431.3,2520.2,88.9,1297.3,52.5,0
270,suv,4.8,road_loopA_f0,road_loopA_f1,2399.9,2520.6,120.7,1303.6,38.9,1
293,suv,4.8,road_loopA_r0,xloopA_0Bb,2419.3,2521.7,102.4,895.6,31.5,1
310,car,4.5,road_loopA_r0,road_loopA_r1,2431.4,2522.1,90.7,1297.5,51.5,0
329,car,4.5,road_loopA_f0,xloopA_0Ab,2457.2,2522.2,65.0,505.1,28.0,1
283,car,4.5,road_loopA_f0,road_loopA_f1,2410.3,2523.5,113.2,1303.3,41.4,1
311,truck,8.5,road_loopA_r0,road_loopA_r1,2431.6,2523.8,92.2,1297.7,50.7,0
253,suv,4.8,road_loopA_f0,road_loopA_f1,2385.9,2524.4,138.5,1302.8,33.9,1
261,car,4.5,road_loopA_f0,road_loopA_f1,2392.6,2524.8,132.2,1303.4,35.5,2
291,car,4.5,road_loopA_f0,road_loopA_f1,2418.5,2525.3,106.8,1303.6,43.9,0
297,suv,4.8,road_loopA_f0,road_loopA_f1,2421.7,2527.1,105.4,1303.2,44.5,0
313,suv,4.8,road_loopA_r0,road_loopA_r1,2433.5,2528.0,94.5,1297.8,49.4,0
229,bus,11.0,road_loopA_f0,road_loopA_f1,2364.4,2528.1,163.7,1302.8,28.7,2
303,car,4.5,road_loopA_f0,road_loopA_f1,2425.4,2528.9,103.5,1303.5,45.3,0
228,car,4.5,xloopA_0Ba,xloopA_0Bb,2363.3,2530.4,167.1,84.5,1.8,1
295,car,4.5,xloopA_0Aa,xloopA_0Ab,2420.7,2530.4,109.7,84.3,2.8,1
287,car,4.5,road_loopA_f0,road_loopA_f1,2415.7,2530.7,115.0,1303.6,40.8,0
267,car,4.5,road_loopA_f0,road_loopA_f1,2395.7,2531.7,136.0,1303.8,34.5,1
271,car,4.5,road_loopA_f0,road_loopA_f1,2400.9,2532.0,131.1,1303.3,35.8,1
304,car,4.5,xloopA_0Aa,xloopA_0Ab,2426.2,2532.5,106.3,84.6,2.9,1
233,car,4.5,xloopA_0Ba,xloopA_0Bb,2366.4,2532.6,166.2,84.6,1.8,1
306,car,4.5,road_loopA_f0,road_loopA_f1,2430.1,2533.5,103.4,1303.5,45.4,0
353,car,4.5,xloopA_0Aa,xloopA_0Ab,2477.3,2534.6,57.3,84.6,5.3,1
235,car,4.5,xloopA_0Ba,xloopA_0Bb,2366.6,2534.8,168.2,84.3,1.8,1
309,truck,8.5,road_loopA_f0,road_loopA_f1,2431.4,2535.5,104.1,1303.8,45.1,0
272,car,4.5,road_loopA_f0,road_loopA_f1,2402.1,2536.6,134.5,1303.1,34.9,1
395,car,4.5,xloopA_0Aa,xloopA_0Ab,2504.3,2536.7,32.4,84.8,9.4,0
266,car,4.5,xloopA_0Ba,xloopA_0Bb,2395.2,2537.1,141.9,84.6,2.1,0
314,car,4.5,road_loopA_f0,road_loopA_f1,2437.4,2537.4,100.0,1302.9,46.9,0
285,car,4.5,road_loopA_f0,road_loopA_f1,2414.9,2538.3,123.4,1303.6,38.0,1
317,car,4.5,road_loopA_f0,road_loopA_f1,2443.3,2539.2,95.9,1302.9,48.9,0
302,suv,4.8,road_loopA_f0,road_loopA_f1,2424.5,2539.9,115.4,1303.8,40.7,0
165,car,4.5,xloopA_0Ba,road_loopA_f1,2291.5,2540.7,249.2,902.6,13.0,1
321,suv,4.8,road_loopA_f0,road_loopA_f1,2449.0,2541.0,92.0,1302.8,51.0,0
323,car,4.5,road_loopA_f0,road_loopA_f1,2450.6,2542.2,91.6,1304.2,51.3,0
315,car,4.5,road_loopA_f0,road_loopA_f1,2439.3,2542.3,103.0,1303.7,45.5,0
319,car,4.5,road_loopA_f0,road_loopA_f1,2444.5,2543.9,99.4,1304.2,47.3,0
243,suv,4.8,road_loopA_f0,road_loopA_f1,2374.0,2546.1,172.1,1303.3,27.3,1
289,car,4.5,road_loopA_f0,road_loopA_f1,2416.2,2547.3,131.1,1303.4,35.8,0
254,suv,4.8,road_loopA_f0,road_loopA_f1,2385.9,2550.5,164.6,1303.5,28.5,1
322,car,4.5,road_loopA_f0,road_loopA_f1,2449.6,2552.3,102.7,1302.8,45.7,0
248,bus,11.0,road_loopA_r0,road_loopA_r1,2381.1,2553.3,172.2,1297.3,27.1,2
305,car,4.5,road_loopA_f0,road_loopA_f1,2427.9,2554.6,126.7,1303.1,37.0,0
294,truck,8.5,road_loopA_f0,road_loopA_f1,2419.8,2554.7,134.9,1303.9,34.8,0
290,suv,4.8,road_loopA_r0,xloopA_0Ab,2417.7,2555.7,138.0,869.4,22.7,3
331,car,4.5,road_loopA_f0,road_loopA_f1,2458.1,2556.3,98.2,1303.0,47.8,0
333,car,4.5,road_loopA_f0,road_loopA_f1,2458.9,2558.0,99.1,1303.6,47.3,0
301,bus,11.0,road_loopA_f0,road_loopA_f1,2423.3,2558.3,135.0,1303.8,34.8,1
350,suv,4.8,road_loopA_r0,xloopA_0Ab,2471.9,2559.5,87.6,869.4,35.7,1
371,truck,8.5,road_loopA_f0,xloopA_0Bb,2486.9,2559.8,72.9,479.1,23.7,2
341,car,4.5,road_loopA_f0,road_loopA_f1,2467.1,2560.2,93.1,1304.0,50.4,0
342,car,4.5,road_loopA_f0,road_loopA_f1,2467.7,2560.4,92.7,1303.5,50.6,0
164,car,4.5,xloopA_0Ba,road_loopA_f1,2291.3,2560.9,269.6,902.6,12.1,1
251,suv,4.8,road_loopA_f0,road_loopA_f1,2383.1,2562.6,179.5,1303.7,26.1,1
336,car,4.5,road_loopA_f0,road_loopA_f1,2463.6,2562.7,99.1,1303.2,47.3,0
255,car,4.5,road_loopA_f0,road_loopA_f1,2387.9,2564.2,176.3,1302.9,26.6,1
280,car,4.5,road_loopA_f0,road_loopA_f1,2407.2,2565.9,158.7,1303.8,29.6,1
332,car,4.5,road_loopA_f0,road_loopA_f1,2458.2,2566.0,107.8,1303.9,43.5,0
330,suv,4.8,road_loopA_f0,road_loopA_f1,2457.2,2567.6,110.4,1304.0,42.5,0
316,car,4.5,road_loopA_r0,road_loopA_r1,2443.1,2574.0,130.9,1298.4,35.7,1
318,car,4.5,road_loopA_r0,road_loopA_r1,2443.5,2575.3,131.8,1297.6,35.4,1
328,car,4.5,road_loopA_r0,road_loopA_r1,2456.7,2576.9,120.2,1297.4,38.9,1
325,suv,4.8,road_loopA_r0,road_loopA_r1,2452.0,2577.1,125.1,1298.2,37.4,1
320,car,4.5,road_loopA_r0,road_loopA_r1,2448.8,2578.1,129.3,1297.4,36.1,1
335,car,4.5,road_loopA_r0,road_loopA_r1,2463.2,2580.4,117.2,1298.6,39.9,1
327,suv,4.8,road_loopA_r0,road_loopA_r1,2453.7,2582.8,129.1,1298.2,36.2,1
340,car,4.5,road_loopA_r0,road_loopA_r1,2465.2,2583.2,118.0,1297.6,39.6,1
326,car,4.5,road_loopA_r0,road_loopA_r1,2452.9,2584.7,131.8,1298.0,35.5,1
334,truck,8.5,road_loopA_r0,road_loopA_r1,2459.0,2585.0,126.0,1298.0,37.1,1
351,car,4.5,road_loopA_r0,road_loopA_r1,2472.7,2585.3,112.6,1297.9,41.5,1
337,car,4.5,road_loopA_r0,road_loopA_r1,2463.6,2587.0,123.4,1298.5,37.9,1
442,truck,8.5,road_loopA_f0,xloopA_0Bb,2544.2,2587.6,43.4,478.8,39.7,0
339,car,4.5,road_loopA_r0,road_loopA_r1,2464.7,2588.3,123.6,1298.4,37.8,1
349,car,4.5,road_loopA_r0,road_loopA_r1,2471.0,2588.7,117.7,1298.0,39.7,1
361,car,4.5,road_loopA_r0,road_loopA_r1,2482.8,2590.0,107.2,1298.2,43.6,0
354,suv,4.8,road_loopA_r0,road_loopA_r1,2477.3,2590.4,113.1,1297.7,41.3,1
356,suv,4.8,road_loopA_r0,road_loopA_r1,2477.6,2590.5,112.9,1297.4,41.4,0
359,car,4.5,road_loopA_r0,road_loopA_r1,2481.5,2592.2,110.7,1297.7,42.2,1
381,car,4.5,road_loopA_r0,road_loopA_r1,2493.4,2592.2,98.8,1297.9,47.3,0
362,car,4.5,road_loopA_r0,road_loopA_r1,2483.5,2594.0,110.5,1297.6,42.3,0
449,car,4.5,road_loopA_f0,xloopA_0Bb,2551.7,2594.6,42.9,478.9,40.2,0
376,car,4.5,road_loopA_r0,road_loopA_r1,2490.0,2595.0,105.0,1298.4,44.5,0
366,car,4.5,road_loopA_r0,road_loopA_r1,2485.7,2595.8,110.1,1297.5,42.4,0
377,car,4.5,road_loopA_r0,road_loopA_r1,2490.1,2597.5,107.4,1298.0,43.5,0
373,car,4.5,road_loopA_r0,road_loopA_r1,2488.1,2597.8,109.7,1297.4,42.6,0
245,bus,11.0,road_loopA_f0,road_loopA_f1,2376.4,2600.6,224.2,1302.8,20.9,4
384,car,4.5,road_loopA_r0,road_loopA_r1,2494.9,2600.7,105.8,1297.7,44.1,0
380,car,4.5,road_loopA_r0,road_loopA_r1,2493.0,2600.9,107.9,1298.2,43.3,0
346,car,4.5,road_loopA_f0,road_loopA_f1,2469.5,2601.4,131.9,1304.2,35.6,1
399,car,4.5,road_loopA_r0,road_loopA_r1,2506.2,2602.4,96.2,1298.5,48.6,0
365,truck,8.5,road_loopA_r0,road_loopA_r1,2484.8,2602.7,117.9,1297.9,39.6,0
394,suv,4.8,road_loopA_r0,road_loopA_r1,2503.5,2603.1,99.6,1297.7,46.9,0
389,car,4.5,road_loopA_r0,road_loopA_r1,2500.6,2604.5,103.9,1297.7,45.0,0
383,truck,8.5,road_loopA_r0,road_loopA_r1,2494.6,2605.4,110.8,1298.3,42.2,0
387,suv,4.8,road_loopA_r0,road_loopA_r1,2498.3,2606.1,107.8,1298.2,43.3,0
348,car,4.5,road_loopA_f0,road_loopA_f1,2470.7,2606.3,135.6,1303.5,34.6,1
345,car,4.5,road_loopA_f0,road_loopA_f1,2469.2,2607.0,137.8,1303.1,34.0,1
360,car,4.5,road_loopA_r0,xloopA_0Bb,2482.5,2607.2,124.7,895.3,25.8,1
386,suv,4.8,road_loopA_r0,road_loopA_r1,2498.0,2607.3,109.3,1297.6,42.8,0
385,car,4.5,road_loopA_r0,road_loopA_r1,2496.1,2607.5,111.4,1297.3,41.9,0
378,car,4.5,road_loopA_f0,xloopA_0Ab,2491.3,2607.8,116.5,505.2,15.6,1
344,car,4.5,road_loopA_f0,road_loopA_f1,2469.0,2608.0,139.0,1303.6,33.8,1
343,car,4.5,road_loopA_f0,road_loopA_f1,2468.2,2608.7,140.5,1303.5,33.4,1
400,suv,4.8,road_loopA_r0,road_loopA_r1,2506.5,2608.7,102.2,1298.5,45.7,0
388,car,4.5,road_loopA_r0,road_loopA_r1,2498.8,2609.1,110.3,1298.6,42.4,0
396,truck,8.5,road_loopA_r0,road_loopA_r1,2505.1,2609.7,104.6,1298.7,44.7,0
420,suv,4.8,road_loopA_r0,xloopA_0Bb,2525.6,2609.9,84.3,895.8,38.2,1
358,suv,4.8,road_loopA_f0,road_loopA_f1,2481.2,2610.7,129.5,1303.5,36.2,1
392,car,4.5,road_loopA_r0,road_loopA_r1,2502.1,2610.8,108.7,1298.0,43.0,0
407,car,4.5,road_loopA_r0,road_loopA_r1,2512.7,2611.4,98.7,1297.4,47.3,0
398,car,4.5,road_loopA_r0,road_loopA_r1,2505.4,2612.5,107.1,1297.3,43.6,0
417,car,4.5,road_loopA_r0,road_loopA_r1,2520.8,2612.5,91.7,1298.6,51.0,0
367,suv,4.8,road_loopA_f0,road_loopA_f1,2485.9,2612.9,127.0,1303.5,37.0,1
418,car,4.5,road_loopA_r0,road_loopA_r1,2521.3,2614.1,92.8,1297.8,50.3,0
415,suv,4.8,road_loopA_r0,road_loopA_r1,2518.3,2614.3,96.0,1297.9,48.7,0
463,car,4.5,road_loopA_f0,xloopA_0Ab,2569.0,2614.9,45.9,505.0,39.6,0
363,car,4.5,road_loopA_f0,road_loopA_f1,2484.2,2615.6,131.4,1303.6,35.7,1
424,car,4.5,road_loopA_r0,road_loopA_r1,2526.8,2615.8,89.0,1297.3,52.5,0
374,car,4.5,road_loopA_f0,road_loopA_f1,2488.7,2617.2,128.5,1303.2,36.5,1
409,bus,11.0,road_loopA_r0,road_loopA_r1,2513.8,2618.7,104.9,1298.7,44.6,1
391,suv,4.8,road_loopA_f0,road_loopA_f1,2500.8,2619.8,119.0,1303.6,39.5,1
357,suv,4.8,road_loopA_f0,road_loopA_f1,2479.6,2620.6,141.0,1303.4,33.3,1
427,car,4.5,road_loopA_r0,road_loopA_r1,2528.7,2621.8,93.1,1298.4,50.2,0
397,car,4.5,road_loopA_f0,road_loopA_f1,2505.3,2622.5,117.2,1302.8,40.0,1
416,car,4.5,road_loopA_r0,road_loopA_r1,2519.1,2623.2,104.1,1297.8,44.9,0
296,car,4.5,xloopA_0Ba,xloopA_0Bb,2421.5,2623.8,202.3,84.4,1.5,1
338,car,4.5,road_loopA_f0,road_loopA_f1,2464.4,2624.1,159.7,1303.0,29.4,1
369,suv,4.8,road_loopA_f0,road_loopA_f1,2486.2,2624.1,137.9,1303.9,34.0,1
431,car,4.5,road_loopA_r0,road_loopA_r1,2534.8,2624.1,89.3,1298.3,52.3,0
426,suv,4.8,road_loopA_f0,road_loopA_f1,2527.6,2624.4,96.8,1303.5,48.5,0
379,car,4.5,road_loopA_f0,road_loopA_f1,2491.4,2626.4,135.0,1303.5,34.7,1
382,car,4.5,road_loopA_f0,road_loopA_f1,2494.1,2626.8,132.7,1303.7,35.4,1
408,car,4.5,xloopA_0Aa,xloopA_0Ab,2513.7,2627.3,113.6,84.6,2.7,1
370,suv,4.8,road_loopA_f0,road_loopA_f1,2486.8,2627.7,140.9,1303.5,33.3,1
411,car,4.5,xloopA_0Aa,xloopA_0Ab,2514.7,2629.4,114.7,84.5,2.7,1
324,bus,11.0,road_loopA_r0,road_loopA_r1,2451.0,2629.5,178.5,1298.3,26.2,2
403,car,4.5,road_loopA_f0,road_loopA_f1,2507.4,2629.5,122.1,1303.9,38.5,0
402,truck,8.5,road_loopA_f0,road_loopA_f1,2507.1,2629.6,122.5,1303.3,38.3,1
372,car,4.5,xloopA_0Ba,xloopA_0Bb,2487.4,2630.1,142.7,84.2,2.1,0
405,suv,4.8,road_loopA_f0,road_loopA_f1,2511.1,2631.4,120.3,1303.6,39.0,1
269,car,4.5,xloopA_0Ba,road_loopA_f1,2398.8,2631.6,232.8,902.3,14.0,0
425,car,4.5,xloopA_0Aa,xloopA_0Ab,2527.3,2631.8,104.5,84.9,2.9,0
410,car,4.5,xloopA_0Ba,xloopA_0Bb,2514.4,2632.2,117.8,84.0,2.6,0
347,car,4.5,road_loopA_f0,road_loopA_f1,2469.7,2633.3,163.6,1303.6,28.7,1
423,suv,4.8,road_loopA_f0,road_loopA_f1,2526.7,2633.9,107.2,1304.0,43.8,0
355,car,4.5,road_loopA_f0,road_loopA_f1,2477.4,2635.0,157.6,1303.2,29.8,1
422,car,4.5,road_loopA_f0,road_loopA_f1,2526.2,2635.0,108.8,1303.4,43.1,0
430,car,4.5,road_loopA_f0,road_loopA_f1,2534.2,2635.6,101.4,1304.2,46.3,0
364,suv,4.8,road_loopA_f0,road_loopA_f1,2484.4,2636.7,152.3,1303.7,30.8,1
428,suv,4.8,road_loopA_f0,road_loopA_f1,2531.5,2636.8,105.3,1303.9,44.6,0
441,suv,4.8,road_loopA_f0,road_loopA_f1,2544.1,2637.5,93.4,1303.2,50.2,0
368,suv,4.8,road_loopA_f0,road_loopA_f1,2485.9,2638.4,152.5,1303.7,30.8,1
440,suv,4.8,road_loopA_f0,road_loopA_f1,2543.6,2638.6,95.0,1303.4,49.4,0
375,suv,4.8,road_loopA_f0,road_loopA_f1,2489.9,2640.1,150.2,1303.0,31.2,1
404,car,4.5,road_loopA_f0,road_loopA_f1,2507.5,2640.3,132.8,1302.9,35.3,1
393,suv,4.8,road_loopA_f0,road_loopA_f1,2502.7,2642.6,139.9,1303.1,33.5,0
401,car,4.5,road_loopA_f0,road_loopA_f1,2506.9,2643.1,136.2,1303.1,34.4,0
450,suv,4.8,road_loopA_f0,road_loopA_f1,2552.6,2643.4,90.8,1303.1,51.6,0
414,car,4.5,road_loopA_f0,road_loopA_f1,2516.4,2644.4,128.0,1303.0,36.7,0
412,car,4.5,road_loopA_f0,road_loopA_f1,2515.0,2645.5,130.5,1302.9,36.0,0
452,car,4.5,road_loopA_f0,road_loopA_f1,2554.8,2647.0,92.2,1302.9,50.9,0
447,car,4.5,road_loopA_f0,road_loopA_f1,2550.4,2647.3,96.9,1302.8,48.4,0
413,car,4.5,road_loopA_f0,road_loopA_f1,2515.3,2648.3,133.0,1303.7,35.3,0
390,car,4.5,road_loopA_r0,xloopA_0Ab,2500.6,2648.6,148.0,869.2,21.1,3
446,truck,8.5,road_loopA_f0,road_loopA_f1,2548.2,2650.5,102.3,1303.3,45.9,0
465,suv,4.8,road_loopA_f0,xloopA_0Bb,2570.0,2652.2,82.2,479.1,21.0,2
462,suv,4.8,road_loopA_r0,xloopA_0Ab,2568.4,2652.3,83.9,869.3,37.3,1
495,car,4.5,road_loopA_f0,xloopA_0Bb,2605.3,2656.2,50.9,478.8,33.9,0
451,car,4.5,road_loopA_f0,road_loopA_f1,2552.7,2663.5,110.8,1303.3,42.3,0
433,suv,4.8,road_loopA_r0,road_loopA_r1,2538.5,2668.5,130.0,1297.8,35.9,1
429,suv,4.8,road_loopA_r0,road_loopA_r1,2534.0,2669.0,135.0,1297.6,34.6,1
437,suv,4.8,road_loopA_r0,road_loopA_r1,2541.5,2670.3,128.8,1298.7,36.3,1
439,car,4.5,road_loopA_r0,road_loopA_r1,2543.2,2671.6,128.4,1298.3,36.4,1
443,car,4.5,road_loopA_r0,road_loopA_r1,2544.7,2673.3,128.6,1298.1,36.3,1
518,car,4.5,road_loopA_f0,xloopA_0Bb,2634.2,2674.1,39.9,478.7,43.1,0
448,car,4.5,road_loopA_r0,road_loopA_r1,2550.6,2675.0,124.4,1298.1,37.6,1
453,car,4.5,road_loopA_r0,road_loopA_r1,2555.5,2678.4,122.9,1298.2,38.0,1
434,car,4.5,road_loopA_r0,road_loopA_r1,2538.5,2678.9,140.4,1297.3,33.3,1
352,car,4.5,xloopA_0Ba,road_loopA_r1,2474.9,2680.5,205.6,476.6,8.3,1
444,suv,4.8,road_loopA_r0,road_loopA_r1,2545.7,2680.8,135.1,1297.8,34.6,1
458,car,4.5,road_loopA_r0,road_loopA_r1,2566.0,2681.1,115.1,1298.2,40.6,1
435,car,4.5,road_loopA_r0,road_loopA_r1,2539.2,2682.9,143.7,1297.6,32.5,1
438,car,4.5,road_loopA_r0,road_loopA_r1,2541.9,2685.1,143.2,1297.6,32.6,1
471,suv,4.8,road_loopA_r0,road_loopA_r1,2573.0,2686.0,113.0,1297.4,41.3,1
457,suv,4.8,road_loopA_r0,road_loopA_r1,2562.8,2686.5,123.7,1297.7,37.8,1
476,car,4.5,road_loopA_r0,road_loopA_r1,2581.0,2688.0,107.0,1297.8,43.6,0
474,suv,4.8,road_loopA_r0,road_loopA_r1,2575.5,2688.3,112.8,1298.0,41.4,0
421,car,4.5,xloopA_0Aa,road_loopA_r1,2526.2,2689.7,163.5,506.9,11.2,0
460,car,4.5,road_loopA_r0,road_loopA_r1,2567.5,2690.3,122.8,1297.3,38.0,0
489,car,4.5,road_loopA_r0,road_loopA_r1,2595.0,2690.7,95.7,1298.1,48.9,0
445,truck,8.5,road_loopA_r0,road_loopA_r1,2545.9,2691.8,145.9,1297.5,32.0,1
419,bus,11.0,road_loopA_f0,road_loopA_f1,2521.5,2693.4,171.9,1303.0,27.3,2
456,car,4.5,road_loopA_r0,road_loopA_r1,2561.9,2693.8,131.9,1297.9,35.4,1
479,car,4.5,road_loopA_r0,road_loopA_r1,2582.7,2694.4,111.7,1297.9,41.8,0
454,car,4.5,road_loopA_r0,road_loopA_r1,2555.9,2695.3,139.4,1297.3,33.5,0
477,car,4.5,road_loopA_r0,road_loopA_r1,2582.0,2695.6,113.6,1298.3,41.1,0
486,suv,4.8,road_loopA_r0,road_loopA_r1,2591.0,2695.6,104.6,1297.7,44.7,0
467,suv,4.8,road_loopA_f0,road_loopA_f1,2571.1,2695.8,124.7,1303.0,37.6,1
468,car,4.5,road_loopA_r0,road_loopA_r1,2571.1,2697.0,125.9,1297.6,37.1,0
496,car,4.5,road_loopA_r0,road_loopA_r1,2605.4,2697.2,91.8,1298.6,51.0,0
482,car,4.5,road_loopA_r0,road_loopA_r1,2586.5,2697.3,110.8,1298.5,42.2,0
485,car,4.5,road_loopA_r0,road_loopA_r1,2590.9,2699.0,108.1,1298.3,43.2,0
473,car,4.5,road_loopA_f0,road_loopA_f1,2575.4,2699.5,124.1,1303.5,37.8,1
472,car,4.5,road_loopA_r0,xloopA_0Bb,2575.1,2700.8,125.7,895.8,25.7,1
490,car,4.5,road_loopA_f0,xloopA_0Ab,2596.7,2701.3,104.6,505.3,17.4,1
459,suv,4.8,road_loopA_f0,road_loopA_f1,2567.5,2704.0,136.5,1302.9,34.4,1
540,car,4.5,road_loopA_f0,xloopA_0Ab,2651.0,2704.0,53.0,505.4,34.3,0
478,suv,4.8,road_loopA_f0,road_loopA_f1,2582.5,2705.8,123.3,1303.7,38.1,1
488,suv,4.8,road_loopA_f0,road_loopA_f1,2593.6,2706.3,112.7,1302.9,41.6,1
492,suv,4.8,road_loopA_f0,road_loopA_f1,2601.0,2708.6,107.6,1304.2,43.7,1
503,truck,8.5,road_loopA_r0,road_loopA_r1,2615.4,2712.1,96.7,1298.3,48.3,0
432,car,4.5,xloopA_0Ba,xloopA_0Bb,2535.6,2713.8,178.2,84.4,1.7,1
483,car,4.5,road_loopA_f0,road_loopA_f1,2588.9,2714.9,126.0,1302.8,37.2,1
481,car,4.5,xloopA_0Aa,xloopA_0Ab,2584.1,2715.0,130.9,84.5,2.3,1
510,car,4.5,road_loopA_r0,road_loopA_r1,2625.9,2715.0,89.1,1298.7,52.5,0
505,car,4.5,road_loopA_f0,road_loopA_f1,2620.3,2715.7,95.4,1302.8,49.2,0
501,suv,4.8,road_loopA_r0,road_loopA_r1,2615.0,2716.1,101.1,1298.4,46.2,0
548,car,4.5,xloopA_0Aa,xloopA_0Ab,2658.7,2717.1,58.4,84.6,5.2,1
507,car,4.5,road_loopA_f0,road_loopA_f1,2622.0,2717.5,95.5,1303.9,49.2,0
511,car,4.5,road_loopA_r0,road_loopA_r1,2626.0,2717.6,91.6,1297.4,51.0,0
509,suv,4.8,road_loopA_f0,road_loopA_f1,2625.7,2719.2,93.5,1303.0,50.2,0
312,car,4.5,xloopA_0Ba,road_loopA_f1,2432.4,2721.0,288.6,902.9,11.3,1
436,bus,11.0,road_loopA_r0,road_loopA_r1,2541.1,2721.2,180.1,1298.2,25.9,2
499,suv,4.8,road_loopA_f0,road_loopA_f1,2609.8,2721.3,111.5,1303.7,42.1,0
538,car,4.5,xloopA_0Ba,xloopA_0Bb,2648.6,2722.1,73.5,84.6,4.1,0
512,suv,4.8,road_loopA_f0,road_loopA_f1,2630.1,2723.1,93.0,1303.5,50.5,0
475,truck,8.5,road_loopA_f0,road_loopA_f1,2579.7,2723.2,143.5,1303.5,32.7,1
406,car,4.5,xloopA_0Aa,road_loopA_f1,2512.2,2723.7,211.5,872.8,14.9,1
539,car,4.5,xloopA_0Ba,xloopA_0Bb,2649.2,2724.0,74.8,84.0,4.0,0
464,car,4.5,road_loopA_f0,road_loopA_f1,2569.8,2725.3,155.5,1303.4,30.2,1
469,car,4.5,road_loopA_f0,road_loopA_f1,2571.6,2725.3,153.7,1302.9,30.5,1
491,car,4.5,road_loopA_f0,road_loopA_f1,2599.9,2726.0,126.1,1303.4,37.2,1
502,car,4.5,road_loopA_f0,road_loopA_f1,2615.0,2726.9,111.9,1304.0,42.0,0
461,truck,8.5,road_loopA_f0,road_loopA_f1,2567.9,2727.4,159.5,1303.0,29.4,1
497,car,4.5,road_loopA_f0,road_loopA_f1,2608.1,2727.9,119.8,1303.2,39.1,0
528,car,4.5,road_loopA_r0,xloopA_0Ab,2638.7,2729.5,90.8,869.1,34.5,1
466,suv,4.8,road_loopA_f0,road_loopA_f1,2570.4,2729.6,159.2,1304.0,29.5,1
500,car,4.5,road_loopA_f0,road_loopA_f1,2614.2,2729.7,115.5,1302.8,40.6,0
506,truck,8.5,road_loopA_f0,road_loopA_f1,2620.8,2730.2,109.4,1302.9,42.9,0
566,car,4.5,road_loopA_f0,xloopA_0Bb,2675.2,2731.2,56.0,478.8,30.8,1
480,car,4.5,road_loopA_f0,road_loopA_f1,2583.5,2731.3,147.8,1303.6,31.8,1
498,suv,4.8,road_loopA_f0,road_loopA_f1,2608.1,2731.6,123.5,1304.2,38.0,0
484,car,4.5,road_loopA_f0,road_loopA_f1,2589.7,2733.3,143.6,1303.2,32.7,1
516,truck,8.5,road_loopA_f0,road_loopA_f1,2631.7,2733.4,101.7,1303.1,46.1,0
533,car,4.5,road_loopA_f0,road_loopA_f1,2642.1,2734.6,92.5,1303.6,50.7,0
493,car,4.5,road_loopA_f0,road_loopA_f1,2602.2,2735.1,132.9,1303.8,35.3,0
523,truck,8.5,road_loopA_f0,road_loopA_f1,2636.6,2735.5,98.9,1303.2,47.4,0
530,suv,4.8,road_loopA_f0,road_loopA_f1,2639.9,2736.9,97.0,1303.2,48.4,0
535,car,4.5,road_loopA_r0,xloopA_0Ab,2645.5,2738.4,92.9,869.0,33.7,2
531,car,4.5,road_loopA_f0,road_loopA_f1,2640.7,2741.2,100.5,1303.4,46.7,0
541,car,4.5,road_loopA_f0,road_loopA_f1,2652.3,2743.0,90.7,1303.7,51.7,0
542,car,4.5,road_loopA_f0,road_loopA_f1,2654.7,2745.0,90.3,1303.9,52.0,0
525,truck,8.5,road_loopA_r0,xloopA_0Ab,2638.5,2747.3,108.8,869.0,28.7,0
560,car,4.5,road_loopA_r0,xloopA_0Ab,2671.9,2750.8,78.9,869.2,39.7,0
524,suv,4.8,road_loopA_f0,road_loopA_f1,2637.1,2754.2,117.1,1303.3,40.1,0
508,car,4.5,road_loopA_r0,road_loopA_r1,2622.0,2760.9,138.9,1297.5,33.6,1
514,car,4.5,road_loopA_r0,road_loopA_r1,2631.5,2761.1,129.6,1297.3,36.0,1
519,car,4.5,road_loopA_r0,road_loopA_r1,2634.6,2762.8,128.2,1298.6,36.5,1
522,car,4.5,road_loopA_r0,road_loopA_r1,2635.6,2764.4,128.8,1298.6,36.3,1
534,car,4.5,road_loopA_r0,road_loopA_r1,2644.1,2766.9,122.8,1297.9,38.0,1
557,car,4.5,road_loopA_r0,xloopA_0Ab,2669.0,2767.7,98.7,869.1,31.7,1
527,car,4.5,road_loopA_r0,road_loopA_r1,2638.6,2769.8,131.2,1298.5,35.6,1
547,truck,8.5,road_loopA_r0,road_loopA_r1,2655.7,2771.4,115.7,1297.8,40.4,0
455,car,4.5,xloopA_0Aa,road_loopA_r1,2560.9,2773.6,212.7,506.9,8.6,1
545,car,4.5,road_loopA_r0,road_loopA_r1,2655.4,2773.8,118.4,1298.4,39.5,1
517,suv,4.8,road_loopA_r0,road_loopA_r1,2632.7,2775.2,142.5,1297.5,32.8,1
553,suv,4.8,road_loopA_r0,road_loopA_r1,2662.1,2775.7,113.6,1298.0,41.1,0
470,car,4.5,xloopA_0Ba,road_loopA_r1,2572.9,2776.1,203.2,476.2,8.4,1
520,suv,4.8,road_loopA_r0,road_loopA_r1,2635.1,2776.9,141.8,1297.6,32.9,1
513,car,4.5,road_loopA_r0,road_loopA_r1,2630.8,2777.8,147.0,1297.5,31.8,1
558,suv,4.8,road_loopA_r0,road_loopA_r1,2670.1,2778.0,107.9,1298.2,43.3,0
529,car,4.5,road_loopA_r0,road_loopA_r1,2638.9,2778.7,139.8,1298.0,33.4,1
564,car,4.5,road_loopA_r0,road_loopA_r1,2673.6,2779.0,105.4,1297.7,44.3,0
515,car,4.5,road_loopA_r0,road_loopA_r1,2631.6,2779.6,148.0,1298.4,31.6,1
532,car,4.5,road_loopA_r0,road_loopA_r1,2642.0,2780.6,138.6,1297.7,33.7,1
521,car,4.5,road_loopA_r0,road_loopA_r1,2635.2,2781.2,146.0,1297.4,32.0,1
575,suv,4.8,road_loopA_r0,road_loopA_r1,2688.6,2781.4,92.8,1298.1,50.4,0
550,car,4.5,road_loopA_r0,road_loopA_r1,2660.0,2782.4,122.4,1298.0,38.2,0
526,car,4.5,road_loopA_r0,road_loopA_r1,2638.5,2783.0,144.5,1298.4,32.4,1
570,car,4.5,road_loopA_r0,road_loopA_r1,2676.8,2784.1,107.3,1297.9,43.5,0
576,car,4.5,road_loopA_r0,road_loopA_r1,2692.9,2784.3,91.4,1298.6,51.1,0
536,suv,4.8,road_loopA_r0,road_loopA_r1,2646.7,2784.7,138.0,1298.2,33.9,1
554,car,4.5,road_loopA_r0,road_loopA_r1,2665.9,2786.0,120.1,1297.5,38.9,0
552,car,4.5,road_loopA_r0,road_loopA_r1,2661.8,2786.5,124.7,1298.1,37.5,0
572,car,4.5,road_loopA_r0,road_loopA_r1,2680.2,2787.3,107.1,1298.1,43.6,0
565,car,4.5,road_loopA_r0,road_loopA_r1,2674.3,2788.3,114.0,1297.3,41.0,0
562,car,4.5,road_loopA_f0,road_loopA_f1,2672.9,2790.1,117.2,1303.0,40.0,1
543,truck,8.5,road_loopA_f0,road_loopA_f1,2654.7,2792.1,137.4,1303.9,34.2,1
567,car,4.5,road_loopA_f0,road_loopA_f1,2675.9,2793.1,117.2,1303.9,40.1,1
556,car,4.5,road_loopA_r0,xloopA_0Bb,2666.3,2794.2,127.9,895.4,25.2,1
584,car,4.5,road_loopA_r0,road_loopA_r1,2701.1,2795.1,94.0,1297.6,49.7,0
583,car,4.5,road_loopA_r0,road_loopA_r1,2699.9,2795.3,95.4,1298.4,49.0,0
569,car,4.5,road_loopA_f0,road_loopA_f1,2676.7,2795.5,118.8,1303.2,39.5,1
594,truck,8.5,road_loopA_f0,xloopA_0Ab,2709.8,2796.0,86.2,505.1,21.1,1
589,suv,4.8,road_loopA_r0,road_loopA_r1,2705.4,2796.6,91.2,1297.7,51.2,0
577,car,4.5,road_loopA_f0,road_loopA_f1,2695.9,2796.8,100.9,1303.4,46.5,0
586,car,4.5,road_loopA_r0,xloopA_0Bb,2704.5,2796.8,92.3,895.4,34.9,1
588,car,4.5,road_loopA_r0,road_loopA_r1,2705.5,2796.8,91.3,1297.9,51.2,0
585,car,4.5,road_loopA_r0,road_loopA_r1,2701.9,2797.1,95.2,1298.6,49.1,0
591,car,4.5,road_loopA_r0,road_loopA_r1,2708.3,2798.6,90.3,1297.8,51.8,0
601,suv,4.8,road_loopA_f0,xloopA_0Ab,2717.1,2799.0,81.9,505.3,22.2,1
549,car,4.5,road_loopA_f0,road_loopA_f1,2659.0,2800.8,141.8,1303.1,33.1,1
608,suv,4.8,road_loopA_f0,xloopA_0Ab,2723.0,2801.7,78.7,505.2,23.1,1
568,car,4.5,road_loopA_f0,road_loopA_f1,2676.6,2802.5,125.9,1303.6,37.3,1
592,car,4.5,road_loopA_r0,road_loopA_r1,2708.4,2803.8,95.4,1298.5,49.0,0
579,car,4.5,road_loopA_f0,road_loopA_f1,2697.8,2804.4,106.6,1303.1,44.0,0
593,suv,4.8,road_loopA_f0,road_loopA_f1,2708.5,2804.5,96.0,1303.4,48.9,0
627,truck,8.5,road_loopA_f0,xloopA_0Ab,2740.8,2805.3,64.5,505.3,28.2,0
598,car,4.5,road_loopA_f0,road_loopA_f1,2711.8,2806.4,94.6,1303.5,49.6,0
600,car,4.5,road_loopA_r0,road_loopA_r1,2713.3,2807.5,94.2,1298.5,49.6,0
595,suv,4.8,road_loopA_f0,road_loopA_f1,2710.0,2808.2,98.2,1303.6,47.8,0
603,car,4.5,road_loopA_r0,road_loopA_r1,2720.3,2809.6,89.3,1298.3,52.3,0
559,car,4.5,road_loopA_f0,road_loopA_f1,2671.8,2809.8,138.0,1302.9,34.0,1
504,bus,11.0,road_loopA_r0,road_loopA_r1,2617.6,2810.0,192.4,1297.4,24.3,3
590,suv,4.8,road_loopA_r0,road_loopA_r1,2707.5,2810.7,103.2,1298.5,45.3,0
555,car,4.5,xloopA_0Ba,xloopA_0Bb,2666.1,2811.6,145.5,84.1,2.1,1
582,car,4.5,road_loopA_f0,road_loopA_f1,2699.5,2812.0,112.5,1304.1,41.7,0
659,car,4.5,xloopA_0Aa,xloopA_0Ab,2762.8,2812.0,49.2,84.2,6.2,1
597,car,4.5,road_loopA_f0,road_loopA_f1,2710.4,2813.4,103.0,1303.9,45.6,0
573,car,4.5,road_loopA_f0,road_loopA_f1,2684.4,2814.3,129.9,1303.4,36.1,1
684,car,4.5,xloopA_0Aa,xloopA_0Ab,2777.8,2814.5,36.7,84.4,8.3,1
602,suv,4.8,road_loopA_f0,road_loopA_f1,2718.3,2815.1,96.8,1303.2,48.5,0
657,car,4.5,xloopA_0Ba,xloopA_0Bb,2762.0,2815.5,53.5,84.2,5.7,1
686,car,4.5,xloopA_0Aa,xloopA_0Ab,2777.8,2816.5,38.7,84.2,7.8,0
606,car,4.5,road_loopA_f0,road_loopA_f1,2722.5,2816.9,94.4,1303.5,49.7,0
581,car,4.5,road_loopA_f0,road_loopA_f1,2699.2,2818.1,118.9,1303.9,39.5,0
494,car,4.5,xloopA_0Ba,road_loopA_f1,2602.3,2818.4,216.1,902.3,15.0,0
709,car,4.5,xloopA_0Aa,xloopA_0Ab,2803.5,2818.5,15.0,84.3,20.2,0
605,suv,4.8,road_loopA_f0,road_loopA_f1,2721.3,2818.7,97.4,1302.9,48.1,0
711,car,4.5,xloopA_0Ba,xloopA_0Bb,2803.9,2818.8,14.9,84.2,20.4,0
599,car,4.5,road_loopA_f0,road_loopA_f1,2712.4,2820.6,108.2,1304.1,43.4,0
596,car,4.5,road_loopA_f0,road_loopA_f1,2710.1,2821.1,111.0,1303.9,42.3,0
574,car,4.5,road_loopA_f0,road_loopA_f1,2687.5,2822.8,135.3,1304.0,34.7,1
487,car,4.5,xloopA_0Ba,road_loopA_f1,2591.2,2823.7,232.5,902.6,14.0,1
611,truck,8.5,road_loopA_f0,road_loopA_f1,2724.1,2824.4,100.3,1302.9,46.8,0
587,car,4.5,road_loopA_f0,road_loopA_f1,2704.6,2824.5,119.9,1303.7,39.2,0
537,car,4.5,road_loopA_f0,road_loopA_f1,2647.6,2825.4,177.8,1303.0,26.4,1
618,suv,4.8,road_loopA_f0,road_loopA_f1,2733.5,2826.4,92.9,1303.1,50.5,0
571,car,4.5,road_loopA_f0,road_loopA_f1,2679.8,2826.5,146.7,1303.1,32.0,1
544,truck,8.5,road_loopA_f0,road_loopA_f1,2654.8,2827.6,172.8,1303.5,27.2,1
578,car,4.5,road_loopA_f0,road_loopA_f1,2696.0,2828.1,132.1,1303.5,35.5,0
615,suv,4.8,road_loopA_f0,road_loopA_f1,2730.6,2828.5,97.9,1303.0,47.9,0
551,car,4.5,road_loopA_f0,road_loopA_f1,2660.3,2829.6,169.3,1303.3,27.7,1
609,truck,8.5,road_loopA_f0,road_loopA_f1,2723.3,2830.1,106.8,1304.0,44.0,0
561,suv,4.8,road_loopA_f0,road_loopA_f1,2672.4,2831.3,158.9,1303.5,29.5,1
621,car,4.5,road_loopA_f0,road_loopA_f1,2736.7,2832.7,96.0,1303.7,48.9,0
563,car,4.5,road_loopA_f0,road_loopA_f1,2673.3,2833.1,159.8,1303.2,29.4,1
613,suv,4.8,road_loopA_f0,road_loopA_f1,2728.6,2834.9,106.3,1302.9,44.1,0
624,suv,4.8,road_loopA_f0,road_loopA_f1,2738.2,2835.3,97.1,1304.2,48.3,0
628,suv,4.8,road_loopA_f0,road_loopA_f1,2741.4,2836.0,94.6,1303.6,49.6,0
632,car,4.5,road_loopA_f0,road_loopA_f1,2742.0,2840.0,98.0,1303.5,47.9,0
619,suv,4.8,road_loopA_f0,road_loopA_f1,2736.4,2840.7,104.3,1303.7,45.0,0
630,car,4.5,road_loopA_f0,road_loopA_f1,2741.7,2845.8,104.1,1303.3,45.1,0
625,suv,4.8,road_loopA_f0,road_loopA_f1,2738.9,2845.9,107.0,1303.3,43.9,0
626,car,4.5,road_loopA_f0,road_loopA_f1,2740.2,2847.7,107.5,1303.8,43.7,0
617,car,4.5,road_loopA_f0,road_loopA_f1,2732.5,2850.1,117.6,1303.3,39.9,0
623,truck,8.5,road_loopA_f0,road_loopA_f1,2737.2,2850.7,113.5,1303.5,41.3,0
610,car,4.5,road_loopA_r0,road_loopA_r1,2723.8,2853.6,129.8,1297.4,36.0,1
607,suv,4.8,road_loopA_r0,road_loopA_r1,2722.5,2855.9,133.4,1297.5,35.0,1
612,car,4.5,road_loopA_r0,road_loopA_r1,2725.8,2857.8,132.0,1298.2,35.4,1
616,suv,4.8,road_loopA_r0,road_loopA_r1,2732.1,2858.1,126.0,1298.1,37.1,1
614,car,4.5,xloopA_0Ba,road_loopA_r1,2729.4,2858.8,129.4,476.4,13.3,1
635,car,4.5,road_loopA_r0,road_loopA_r1,2743.1,2859.7,116.6,1298.1,40.1,1
629,suv,4.8,road_loopA_r0,road_loopA_r1,2741.6,2859.9,118.3,1298.1,39.5,1
637,suv,4.8,road_loopA_r0,road_loopA_r1,2743.8,2861.4,117.6,1297.5,39.7,1
642,suv,4.8,road_loopA_r0,road_loopA_r1,2748.8,2861.6,112.8,1297.9,41.4,1
726,car,4.5,road_loopA_f0,xloopA_0Bb,2822.7,2863.3,40.6,478.8,42.4,0
641,suv,4.8,road_loopA_r0,road_loopA_r1,2746.7,2863.6,116.9,1297.3,39.9,1
644,truck,8.5,road_loopA_r0,road_loopA_r1,2750.0,2865.9,115.9,1298.4,40.3,1
638,suv,4.8,road_loopA_r0,road_loopA_r1,2744.8,2866.0,121.2,1297.6,38.5,1
649,car,4.5,road_loopA_r0,road_loopA_r1,2752.1,2867.6,115.5,1298.6,40.5,1
652,suv,4.8,road_loopA_r0,road_loopA_r1,2756.7,2869.2,112.5,1298.4,41.6,1
648,car,4.5,road_loopA_r0,road_loopA_r1,2751.9,2869.3,117.4,1298.4,39.8,1
656,car,4.5,road_loopA_r0,road_loopA_r1,2759.5,2870.7,111.2,1297.9,42.0,0
654,car,4.5,road_loopA_r0,road_loopA_r1,2757.1,2872.1,115.0,1298.2,40.6,0
620,car,4.5,xloopA_0Aa,road_loopA_r1,2736.6,2873.3,136.7,507.1,13.4,1
653,suv,4.8,road_loopA_r0,road_loopA_r1,2756.7,2873.8,117.1,1297.7,39.9,0
665,car,4.5,road_loopA_r0,road_loopA_r1,2765.9,2874.4,108.5,1297.5,43.0,0
622,car,4.5,road_loopA_r0,road_loopA_r1,2737.1,2875.0,137.9,1297.8,33.9,1
643,car,4.5,road_loopA_r0,road_loopA_r1,2749.1,2875.1,126.0,1298.3,37.1,1
661,suv,4.8,road_loopA_r0,road_loopA_r1,2764.0,2876.4,112.4,1298.2,41.6,0
670,car,4.5,road_loopA_r0,road_loopA_r1,2773.2,2876.5,103.3,1297.9,45.2,0
675,car,4.5,road_loopA_r0,road_loopA_r1,2775.3,2877.4,102.1,1297.4,45.8,0
664,car,4.5,road_loopA_r0,road_loopA_r1,2765.0,2877.6,112.6,1297.8,41.5,0
672,car,4.5,road_loopA_r0,road_loopA_r1,2773.4,2878.1,104.7,1297.8,44.6,0
679,car,4.5,road_loopA_r0,road_loopA_r1,2776.1,2879.3,103.2,1297.7,45.3,0
677,suv,4.8,road_loopA_r0,road_loopA_r1,2775.7,2879.8,104.1,1297.9,44.9,0
634,car,4.5,road_loopA_f0,road_loopA_f1,2742.1,2880.3,138.2,1302.9,33.9,1
636,suv,4.8,road_loopA_f0,road_loopA_f1,2743.5,2880.4,136.9,1303.5,34.3,1
682,suv,4.8,road_loopA_r0,road_loopA_r1,2777.5,2881.0,103.5,1297.5,45.1,0
690,car,4.5,road_loopA_r0,road_loopA_r1,2780.8,2881.7,100.9,1298.2,46.3,0
680,car,4.5,road_loopA_r0,road_loopA_r1,2777.5,2882.1,104.6,1298.0,44.7,0
604,bus,11.0,road_loopA_f0,road_loopA_f1,2720.4,2883.7,163.3,1303.0,28.7,2
688,car,4.5,road_loopA_r0,road_loopA_r1,2779.3,2883.8,104.5,1298.0,44.7,0
678,suv,4.8,road_loopA_r0,road_loopA_r1,2775.8,2884.3,108.5,1298.3,43.1,0
695,car,4.5,road_loopA_r0,road_loopA_r1,2785.5,2885.5,100.0,1297.7,46.7,0
646,car,4.5,road_loopA_f0,road_loopA_f1,2750.9,2885.9,135.0,1304.0,34.8,1
685,car,4.5,road_loopA_r0,road_loopA_r1,2777.7,2885.9,108.2,1297.8,43.2,0
633,truck,8.5,road_loopA_f0,road_loopA_f1,2742.1,2888.0,145.9,1303.4,32.2,1
640,car,4.5,road_loopA_f0,xloopA_0Ab,2745.8,2888.3,142.5,505.3,12.8,1
647,car,4.5,road_loopA_f0,road_loopA_f1,2751.1,2890.0,138.9,1304.1,33.8,1
631,truck,8.5,road_loopA_f0,road_loopA_f1,2741.9,2890.2,148.3,1303.5,31.6,1
691,car,4.5,road_loopA_r0,road_loopA_r1,2781.1,2890.3,109.2,1298.2,42.8,0
699,car,4.5,road_loopA_f0,xloopA_0Ab,2794.6,2890.9,96.3,505.3,18.9,1
645,suv,4.8,road_loopA_f0,road_loopA_f1,2750.7,2892.3,141.6,1304.0,33.2,1
703,suv,4.8,road_loopA_r0,road_loopA_r1,2799.2,2892.6,93.4,1297.7,50.0,0
700,truck,8.5,road_loopA_r0,road_loopA_r1,2796.1,2894.3,98.2,1297.8,47.6,0
651,truck,8.5,road_loopA_f0,road_loopA_f1,2754.1,2894.5,140.4,1303.5,33.4,1
655,car,4.5,road_loopA_f0,road_loopA_f1,2757.4,2895.3,137.9,1303.9,34.0,1
705,suv,4.8,road_loopA_r0,road_loopA_r1,2801.1,2895.3,94.2,1298.3,49.6,0
663,car,4.5,road_loopA_f0,road_loopA_f1,2765.0,2896.5,131.5,1303.9,35.7,1
708,car,4.5,road_loopA_r0,road_loopA_r1,2801.6,2896.6,95.0,1298.6,49.2,0
650,truck,8.5,road_loopA_f0,road_loopA_f1,2752.8,2896.9,144.1,1303.7,32.6,1
666,suv,4.8,road_loopA_f0,road_loopA_f1,2770.2,2897.0,126.8,1303.4,37.0,1
713,suv,4.8,road_loopA_r0,road_loopA_r1,2807.6,2898.3,90.7,1298.1,51.5,0
668,suv,4.8,road_loopA_f0,road_loopA_f1,2771.5,2898.5,127.0,1303.4,36.9,1
660,suv,4.8,road_loopA_f0,road_loopA_f1,2762.9,2898.8,135.9,1303.5,34.5,1
734,car,4.5,xloopA_0Ba,xloopA_0Bb,2828.7,2899.3,70.6,84.3,4.3,1
673,suv,4.8,road_loopA_f0,road_loopA_f1,2774.1,2899.6,125.5,1302.8,37.4,1
693,car,4.5,road_loopA_r0,road_loopA_r1,2783.6,2899.7,116.1,1297.6,40.2,0
723,car,4.5,xloopA_0Aa,xloopA_0Ab,2819.7,2899.9,80.2,84.7,3.8,1
712,suv,4.8,road_loopA_r0,road_loopA_r1,2805.4,2900.1,94.7,1298.2,49.3,0
757,car,4.5,xloopA_0Aa,xloopA_0Ab,2852.9,2901.9,49.0,84.2,6.2,1
669,car,4.5,road_loopA_f0,road_loopA_f1,2772.1,2902.4,130.3,1303.5,36.0,1
683,suv,4.8,road_loopA_f0,road_loopA_f1,2777.6,2902.5,124.9,1303.1,37.6,1
738,car,4.5,xloopA_0Ba,xloopA_0Bb,2830.6,2902.8,72.2,84.5,4.2,1
658,car,4.5,road_loopA_f0,road_loopA_f1,2762.3,2904.0,141.7,1302.9,33.1,1
674,suv,4.8,road_loopA_f0,road_loopA_f1,2774.8,2904.2,129.4,1303.6,36.3,1
718,car,4.5,road_loopA_r0,road_loopA_r1,2814.7,2904.2,89.5,1297.3,52.2,0
639,bus,11.0,road_loopA_r0,road_loopA_r1,2745.3,2904.4,159.1,1297.4,29.4,2
762,car,4.5,xloopA_0Aa,xloopA_0Ab,2857.3,2905.0,47.7,84.6,6.4,1
689,car,4.5,road_loopA_f0,road_loopA_f1,2779.3,2905.4,126.1,1302.9,37.2,1
662,suv,4.8,road_loopA_f0,road_loopA_f1,2764.6,2905.8,141.2,1303.5,33.2,1
782,car,4.5,xloopA_0Ba,xloopA_0Bb,2882.2,2906.6,24.4,84.1,12.4,0
667,car,4.5,road_loopA_f0,road_loopA_f1,2771.2,2907.1,135.9,1303.9,34.5,1
794,car,4.5,xloopA_0Aa,xloopA_0Ab,2892.1,2907.1,15.0,84.1,20.1,0
697,car,4.5,road_loopA_f0,road_loopA_f1,2791.1,2908.2,117.1,1303.6,40.1,1
701,suv,4.8,road_loopA_f0,road_loopA_f1,2798.1,2911.4,113.3,1303.2,41.4,1
671,car,4.5,road_loopA_f0,road_loopA_f1,2773.5,2913.5,140.0,1302.8,33.5,1
676,truck,8.5,road_loopA_f0,road_loopA_f1,2775.7,2916.1,140.4,1303.6,33.4,1
715,suv,4.8,road_loopA_f0,road_loopA_f1,2810.6,2916.5,105.9,1303.8,44.3,0
687,car,4.5,road_loopA_f0,road_loopA_f1,2779.1,2918.0,138.9,1303.8,33.8,1
694,car,4.5,road_loopA_f0,road_loopA_f1,2785.5,2919.0,133.5,1303.7,35.2,1
692,car,4.5,road_loopA_f0,road_loopA_f1,2783.7,2919.9,136.2,1303.3,34.4,1
724,car,4.5,road_loopA_f0,road_loopA_f1,2820.2,2920.2,100.0,1303.7,46.9,0
696,car,4.5,road_loopA_f0,road_loopA_f1,2787.2,2921.7,134.5,1303.2,34.9,1
704,car,4.5,road_loopA_f0,road_loopA_f1,2801.1,2922.1,121.0,1303.7,38.8,0
728,car,4.5,road_loopA_f0,road_loopA_f1,2825.3,2922.9,97.6,1303.6,48.1,0
698,suv,4.8,road_loopA_f0,road_loopA_f1,2792.4,2923.5,131.1,1303.5,35.8,1
731,suv,4.8,road_loopA_f0,road_loopA_f1,2828.0,2924.7,96.7,1302.8,48.5,0
702,truck,8.5,road_loopA_f0,road_loopA_f1,2798.1,2926.1,128.0,1303.2,36.7,0
707,truck,8.5,road_loopA_f0,road_loopA_f1,2801.6,2926.5,124.9,1303.1,37.6,0
742,suv,4.8,road_loopA_f0,road_loopA_f1,2835.4,2926.8,91.4,1303.2,51.3,0
706,suv,4.8,road_loopA_f0,road_loopA_f1,2801.5,2928.1,126.6,1304.1,37.1,0
719,car,4.5,road_loopA_f0,road_loopA_f1,2815.0,2928.6,113.6,1303.1,41.3,0
725,car,4.5,road_loopA_f0,road_loopA_f1,2822.2,2929.6,107.4,1303.9,43.7,0
710,car,4.5,road_loopA_f0,road_loopA_f1,2803.5,2929.8,126.3,1302.8,37.1,0
717,car,4.5,road_loopA_f0,road_loopA_f1,2814.5,2930.4,115.9,1304.0,40.5,0
714,car,4.5,road_loopA_f0,road_loopA_f1,2810.2,2931.6,121.4,1303.0,38.6,0
730,car,4.5,road_loopA_f0,road_loopA_f1,2827.1,2931.7,104.6,1303.4,44.9,0
720,car,4.5,road_loopA_f0,road_loopA_f1,2815.8,2932.2,116.4,1302.8,40.3,0
739,car,4.5,road_loopA_f0,road_loopA_f1,2834.0,2935.0,101.0,1303.4,46.5,0
807,car,4.5,road_loopA_f0,xloopA_0Bb,2899.7,2939.7,40.0,478.7,43.1,0
721,car,4.5,road_loopA_r0,road_loopA_r1,2815.8,2945.2,129.4,1298.2,36.1,1
716,car,4.5,road_loopA_r0,road_loopA_r1,2813.4,2945.9,132.5,1298.0,35.3,1
735,car,4.5,road_loopA_r0,road_loopA_r1,2828.8,2947.4,118.6,1297.8,39.4,1
727,car,4.5,road_loopA_r0,road_loopA_r1,2823.4,2947.6,124.2,1297.9,37.6,1
722,suv,4.8,road_loopA_r0,road_loopA_r1,2815.8,2947.7,131.9,1297.4,35.4,1
733,car,4.5,road_loopA_r0,road_loopA_r1,2828.7,2949.4,120.7,1298.4,38.7,1
732,bus,11.0,road_loopA_f0,road_loopA_f1,2828.5,2951.6,123.1,1303.8,38.1,1
736,car,4.5,road_loopA_r0,road_loopA_r1,2829.1,2951.9,122.8,1298.4,38.1,1
729,car,4.5,road_loopA_r0,road_loopA_r1,2825.8,2953.0,127.2,1297.8,36.7,1
737,truck,8.5,road_loopA_r0,road_loopA_r1,2829.6,2953.3,123.7,1298.5,37.8,1
740,car,4.5,road_loopA_r0,road_loopA_r1,2834.7,2953.6,118.9,1298.1,39.3,1
743,suv,4.8,road_loopA_r0,road_loopA_r1,2836.0,2954.7,118.7,1297.8,39.4,1
748,suv,4.8,road_loopA_r0,road_loopA_r1,2842.6,2955.3,112.7,1297.3,41.4,1
754,car,4.5,road_loopA_r0,road_loopA_r1,2851.3,2955.9,104.6,1298.5,44.7,1
681,bus,11.0,road_loopA_f0,road_loopA_f1,2777.4,2956.4,179.0,1302.8,26.2,2
749,car,4.5,road_loopA_r0,road_loopA_r1,2842.7,2957.1,114.4,1298.0,40.8,1
756,car,4.5,road_loopA_r0,road_loopA_r1,2852.6,2958.7,106.1,1298.3,44.1,0
741,car,4.5,road_loopA_r0,road_loopA_r1,2835.1,2959.6,124.5,1298.0,37.5,1
760,car,4.5,road_loopA_r0,road_loopA_r1,2855.0,2961.7,106.7,1297.3,43.8,0
774,car,4.5,road_loopA_r0,road_loopA_r1,2871.1,2962.9,91.8,1298.5,50.9,0
767,car,4.5,road_loopA_r0,road_loopA_r1,2863.1,2963.5,100.4,1298.2,46.6,0
752,truck,8.5,road_loopA_r0,road_loopA_r1,2845.8,2963.8,118.0,1297.3,39.6,0
771,suv,4.8,road_loopA_r0,road_loopA_r1,2865.1,2965.3,100.2,1297.4,46.6,0
765,car,4.5,road_loopA_r0,road_loopA_r1,2862.6,2965.8,103.2,1297.9,45.3,0
780,car,4.5,road_loopA_r0,road_loopA_r1,2878.1,2967.1,89.0,1297.4,52.5,0
784,car,4.5,road_loopA_r0,road_loopA_r1,2883.3,2972.3,89.0,1297.3,52.5,0
747,car,4.5,road_loopA_f0,road_loopA_f1,2840.5,2973.4,132.9,1302.9,35.3,1
758,car,4.5,road_loopA_f0,road_loopA_f1,2853.5,2977.0,123.5,1303.1,38.0,1
751,car,4.5,road_loopA_f0,road_loopA_f1,2844.5,2977.3,132.8,1303.5,35.3,1
770,car,4.5,road_loopA_f0,road_loopA_f1,2865.1,2979.7,114.6,1303.5,40.9,1
793,car,4.5,road_loopA_r0,road_loopA_r1,2891.5,2980.5,89.0,1297.3,52.5,0
761,car,4.5,road_loopA_r0,xloopA_0Bb,2857.0,2981.3,124.3,895.8,25.9,1
745,car,4.5,road_loopA_f0,road_loopA_f1,2839.3,2981.8,142.5,1303.2,32.9,1
755,car,4.5,road_loopA_f0,xloopA_0Ab,2851.9,2981.8,129.9,505.2,14.0,1
779,truck,8.5,road_loopA_r0,road_loopA_r1,2877.1,2982.1,105.0,1297.5,44.5,0
796,car,4.5,road_loopA_r0,road_loopA_r1,2892.5,2983.2,90.7,1297.3,51.5,0
763,car,4.5,road_loopA_f0,road_loopA_f1,2860.5,2983.5,123.0,1303.2,38.1,1
768,suv,4.8,road_loopA_r0,xloopA_0Bb,2864.1,2983.9,119.8,895.8,26.9,1
764,truck,8.5,road_loopA_f0,road_loopA_f1,2860.5,2984.4,123.9,1303.2,37.9,1
777,car,4.5,road_loopA_f0,road_loopA_f1,2874.2,2984.9,110.7,1303.0,42.4,1
846,suv,4.8,road_loopA_f0,xloopA_0Ab,2936.0,2985.2,49.2,505.5,37.0,0
795,car,4.5,road_loopA_r0,xloopA_0Bb,2892.2,2986.6,94.4,895.7,34.1,1
778,car,4.5,road_loopA_f0,road_loopA_f1,2875.6,2986.7,111.1,1303.4,42.2,1
790,car,4.5,road_loopA_r0,road_loopA_r1,2888.3,2986.9,98.6,1297.6,47.4,0
815,car,4.5,road_loopA_r0,xloopA_0Bb,2907.0,2989.2,82.2,895.4,39.2,1
798,car,4.5,road_loopA_r0,road_loopA_r1,2895.6,2989.3,93.7,1297.8,49.9,0
781,suv,4.8,road_loopA_f0,road_loopA_f1,2878.3,2989.4,111.1,1302.9,42.2,1
865,car,4.5,road_loopA_f0,xloopA_0Ab,2948.4,2990.4,42.0,505.4,43.4,0
802,car,4.5,road_loopA_r0,road_loopA_r1,2896.5,2991.0,94.5,1297.9,49.4,0
821,suv,4.8,road_loopA_r0,xloopA_0Bb,2913.4,2991.9,78.5,895.6,41.1,0
783,car,4.5,road_loopA_f0,road_loopA_f1,2882.6,2992.4,109.8,1304.0,42.7,0
744,car,4.5,road_loopA_f0,road_loopA_f1,2836.8,2992.9,156.1,1303.4,30.1,1
809,car,4.5,road_loopA_r0,road_loopA_r1,2900.9,2994.0,93.1,1298.5,50.2,0
772,car,4.5,road_loopA_f0,road_loopA_f1,2867.2,2994.2,127.0,1303.6,37.0,1
766,truck,8.5,road_loopA_f0,road_loopA_f1,2862.6,2994.4,131.8,1303.3,35.6,1
810,car,4.5,road_loopA_r0,road_loopA_r1,2903.6,2996.4,92.8,1298.1,50.4,0
797,truck,8.5,road_loopA_r0,road_loopA_r1,2894.4,2996.6,102.2,1297.9,45.7,0
852,car,4.5,xloopA_0Ba,xloopA_0Bb,2941.1,2996.7,55.6,84.2,5.4,1
814,car,4.5,road_loopA_r0,road_loopA_r1,2906.8,2997.2,90.4,1298.4,51.7,0
817,car,4.5,road_loopA_r0,road_loopA_r1,2907.5,2998.1,90.6,1298.3,51.6,0
799,car,4.5,road_loopA_r0,road_loopA_r1,2895.6,2998.8,103.2,1298.0,45.3,0
854,car,4.5,xloopA_0Ba,xloopA_0Bb,2942.1,2998.8,56.7,84.8,5.4,1
818,car,4.5,road_loopA_r0,road_loopA_r1,2907.6,2999.0,91.4,1298.3,51.1,0
746,car,4.5,road_loopA_f0,road_loopA_f1,2839.6,2999.1,159.5,1303.9,29.4,1
750,car,4.5,road_loopA_f0,road_loopA_f1,2843.2,3000.6,157.4,1303.5,29.8,1
776,car,4.5,road_loopA_f0,road_loopA_f1,2873.9,3001.3,127.4,1303.3,36.8,0
789,car,4.5,road_loopA_f0,road_loopA_f1,2888.1,3001.4,113.3,1304.1,41.4,0
800,car,4.5,road_loopA_f0,road_loopA_f1,2895.8,3003.1,107.3,1302.9,43.7,0
785,car,4.5,road_loopA_f0,road_loopA_f1,2883.5,3004.6,121.1,1303.1,38.7,0
803,car,4.5,road_loopA_f0,road_loopA_f1,2896.7,3005.2,108.5,1303.4,43.3,0
788,car,4.5,road_loopA_f0,road_loopA_f1,2886.7,3006.2,119.5,1303.0,39.2,0
805,truck,8.5,road_loopA_f0,road_loopA_f1,2898.4,3007.4,109.0,1303.5,43.0,0
773,car,4.5,xloopA_0Ba,road_loopA_f1,2868.4,3007.8,139.4,902.6,23.3,1
808,car,4.5,road_loopA_f0,road_loopA_f1,2899.8,3008.0,108.2,1302.8,43.4,0
753,car,4.5,road_loopA_f0,road_loopA_f1,2850.5,3009.4,158.9,1303.1,29.5,1
801,car,4.5,road_loopA_f0,road_loopA_f1,2896.2,3009.5,113.3,1303.3,41.4,0
812,car,4.5,road_loopA_f0,road_loopA_f1,2904.9,3009.8,104.9,1303.5,44.7,0
759,car,4.5,road_loopA_f0,road_loopA_f1,2854.6,3011.1,156.5,1303.1,30.0,1
813,car,4.5,road_loopA_f0,road_loopA_f1,2906.7,3011.4,104.7,1303.0,44.8,0
822,car,4.5,road_loopA_f0,road_loopA_f1,2916.0,3011.6,95.6,1304.2,49.1,0
769,car,4.5,road_loopA_f0,road_loopA_f1,2865.0,3012.8,147.8,1303.4,31.8,1
820,car,4.5,road_loopA_f0,road_loopA_f1,2910.0,3013.3,103.3,1303.4,45.4,0
824,car,4.5,road_loopA_f0,road_loopA_f1,2916.5,3013.3,96.8,1303.3,48.5,0
786,car,4.5,road_loopA_f0,road_loopA_f1,2885.4,3014.5,129.1,1303.9,36.4,0
833,car,4.5,road_loopA_f0,road_loopA_f1,2923.9,3015.0,91.1,1303.6,51.5,0
836,car,4.5,road_loopA_f0,road_loopA_f1,2925.3,3015.6,90.3,1303.9,52.0,0
791,car,4.5,road_loopA_f0,road_loopA_f1,2890.1,3016.2,126.1,1303.5,37.2,0
816,car,4.5,road_loopA_f0,road_loopA_f1,2907.4,3017.1,109.7,1303.1,42.8,0
792,car,4.5,road_loopA_f0,road_loopA_f1,2890.4,3018.1,127.7,1303.3,36.7,0
837,car,4.5,road_loopA_f0,road_loopA_f1,2927.1,3018.4,91.3,1303.8,51.4,0
840,car,4.5,road_loopA_f0,road_loopA_f1,2929.0,3018.4,89.4,1302.9,52.5,0
804,car,4.5,road_loopA_f0,road_loopA_f1,2897.1,3019.8,122.7,1303.0,38.2,0
835,car,4.5,road_loopA_f0,road_loopA_f1,2925.2,3020.4,95.2,1303.0,49.3,0
806,car,4.5,road_loopA_f0,road_loopA_f1,2899.2,3021.6,122.4,1303.6,38.4,0
832,suv,4.8,road_loopA_r0,xloopA_0Ab,2922.2,3022.6,100.4,869.4,31.2,1
825,car,4.5,road_loopA_f0,road_loopA_f1,2918.0,3023.1,105.1,1303.7,44.7,0
811,truck,8.5,road_loopA_f0,road_loopA_f1,2904.9,3023.6,118.7,1303.0,39.5,0
819,car,4.5,road_loopA_f0,road_loopA_f1,2908.4,3025.4,117.0,1304.1,40.1,0
844,suv,4.8,road_loopA_f0,road_loopA_f1,2933.7,3026.3,92.6,1303.1,50.7,0
823,car,4.5,road_loopA_f0,road_loopA_f1,2916.3,3026.5,110.2,1303.7,42.6,0
847,suv,4.8,road_loopA_f0,road_loopA_f1,2936.0,3027.8,91.8,1303.3,51.1,0
838,truck,8.5,road_loopA_f0,road_loopA_f1,2927.4,3036.8,109.4,1303.1,42.9,0
827,car,4.5,road_loopA_r0,road_loopA_r1,2919.0,3038.9,119.9,1297.4,39.0,1
841,car,4.5,road_loopA_r0,road_loopA_r1,2931.2,3044.0,112.8,1298.6,41.4,1
775,bus,11.0,road_loopA_f0,road_loopA_f1,2871.2,3045.0,173.8,1303.0,27.0,2
830,truck,8.5,road_loopA_r0,road_loopA_r1,2921.3,3045.9,124.6,1298.5,37.5,1
843,car,4.5,road_loopA_r0,road_loopA_r1,2933.3,3046.9,113.6,1298.0,41.1,1
848,car,4.5,road_loopA_r0,road_loopA_r1,2939.4,3049.0,109.6,1298.3,42.6,1
866,car,4.5,road_loopA_r0,road_loopA_r1,2949.1,3052.2,103.1,1297.8,45.3,1
826,truck,8.5,road_loopA_r0,road_loopA_r1,2918.4,3052.8,134.4,1298.4,34.8,1
857,car,4.5,road_loopA_r0,road_loopA_r1,2944.1,3054.9,110.8,1298.1,42.2,1
834,car,4.5,road_loopA_r0,road_loopA_r1,2924.4,3055.5,131.1,1297.4,35.6,1
845,car,4.5,road_loopA_r0,road_loopA_r1,2935.1,3057.0,121.9,1298.5,38.4,1
896,car,4.5,road_loopA_r0,xloopA_0Ab,2979.0,3057.4,78.4,869.0,39.9,0
829,car,4.5,road_loopA_r0,road_loopA_r1,2920.3,3058.0,137.7,1297.7,33.9,1
871,car,4.5,xloopA_0Ba,road_loopA_r1,2953.0,3058.9,105.9,476.5,16.2,0
839,car,4.5,road_loopA_r0,road_loopA_r1,2928.9,3059.4,130.5,1298.3,35.8,1
859,car,4.5,road_loopA_r0,road_loopA_r1,2945.3,3059.5,114.2,1298.4,40.9,0
828,truck,8.5,road_loopA_r0,road_loopA_r1,2919.1,3061.1,142.0,1297.6,32.9,1
853,car,4.5,road_loopA_r0,road_loopA_r1,2941.6,3061.2,119.6,1297.8,39.1,0
870,car,4.5,road_loopA_r0,road_loopA_r1,2951.1,3062.0,110.9,1297.8,42.1,0
887,suv,4.8,road_loopA_r0,road_loopA_r1,2968.4,3063.5,95.1,1297.9,49.1,0
842,truck,8.5,road_loopA_r0,road_loopA_r1,2931.7,3063.8,132.1,1298.1,35.4,1
872,suv,4.8,road_loopA_r0,road_loopA_r1,2953.1,3064.9,111.8,1297.3,41.8,0
851,suv,4.8,road_loopA_r0,road_loopA_r1,2940.9,3065.8,124.9,1298.4,37.4,1
884,suv,4.8,road_loopA_r0,road_loopA_r1,2963.7,3066.3,102.6,1298.5,45.6,0
855,truck,8.5,road_loopA_r0,road_loopA_r1,2942.4,3068.1,125.7,1297.3,37.1,0
860,suv,4.8,road_loopA_r0,road_loopA_r1,2945.4,3068.9,123.5,1297.8,37.8,0
849,car,4.5,road_loopA_f0,road_loopA_f1,2940.4,3071.2,130.8,1303.8,35.9,1
890,suv,4.8,road_loopA_r0,road_loopA_r1,2971.1,3072.9,101.8,1298.4,45.9,0
893,car,4.5,road_loopA_r0,road_loopA_r1,2978.3,3073.6,95.3,1298.5,49.1,0
861,truck,8.5,road_loopA_f0,road_loopA_f1,2946.5,3074.0,127.5,1303.6,36.8,1
881,car,4.5,road_loopA_r0,xloopA_0Bb,2962.0,3074.7,112.7,895.3,28.6,1
899,car,4.5,road_loopA_f0,xloopA_0Ab,2984.5,3075.3,90.8,505.2,20.0,1
936,suv,4.8,road_loopA_f0,xloopA_0Ab,3026.6,3078.2,51.6,505.6,35.3,0
787,bus,11.0,road_loopA_r0,road_loopA_r1,2885.7,3081.8,196.1,1297.8,23.8,3
862,suv,4.8,road_loopA_f0,road_loopA_f1,2946.8,3082.4,135.6,1304.1,34.6,1
897,truck,8.5,road_loopA_r0,road_loopA_r1,2979.7,3084.6,104.9,1298.2,44.5,0
831,bus,11.0,road_loopA_f0,road_loopA_f1,2921.7,3084.9,163.2,1303.2,28.8,2
892,truck,8.5,road_loopA_r0,road_loopA_r1,2977.8,3085.0,107.2,1297.5,43.6,0
875,car,4.5,road_loopA_f0,road_loopA_f1,2956.0,3085.7,129.7,1303.5,36.2,1
895,car,4.5,road_loopA_r0,road_loopA_r1,2978.9,3086.0,107.1,1298.2,43.6,0
916,car,4.5,xloopA_0Aa,xloopA_0Ab,3006.5,3086.3,79.8,84.0,3.8,1
905,car,4.5,road_loopA_r0,road_loopA_r1,2995.4,3086.5,91.1,1298.0,51.3,0
873,car,4.5,road_loopA_f0,road_loopA_f1,2953.7,3087.2,133.5,1303.5,35.1,1
949,car,4.5,xloopA_0Aa,xloopA_0Ab,3037.0,3088.4,51.4,84.4,5.9,1
879,car,4.5,road_loopA_f0,road_loopA_f1,2960.3,3088.5,128.2,1303.1,36.6,1
901,car,4.5,road_loopA_r0,road_loopA_r1,2986.8,3088.8,102.0,1297.7,45.8,0
891,car,4.5,road_loopA_f0,road_loopA_f1,2977.4,3089.2,111.8,1304.1,42.0,0
927,car,4.5,xloopA_0Ba,xloopA_0Bb,3017.7,3089.2,71.5,84.2,4.2,1
885,car,4.5,road_loopA_r0,road_loopA_r1,2964.5,3089.8,125.3,1297.6,37.3,0
878,bus,11.0,road_loopA_r0,road_loopA_r1,2960.2,3090.0,129.8,1298.0,36.0,1
909,car,4.5,road_loopA_r0,road_loopA_r1,3000.5,3090.2,89.7,1297.7,52.1,0
961,car,4.5,xloopA_0Aa,xloopA_0Ab,3048.3,3090.6,42.3,84.1,7.1,1
939,car,4.5,xloopA_0Ba,xloopA_0Bb,3030.2,3091.4,61.2,84.4,5.0,1
883,suv,4.8,road_loopA_f0,road_loopA_f1,2962.6,3091.5,128.9,1302.9,36.4,1
876,suv,4.8,road_loopA_f0,road_loopA_f1,2958.1,3091.8,133.7,1303.0,35.1,1
969,car,4.5,xloopA_0Aa,xloopA_0Ab,3051.9,3094.6,42.7,84.6,7.1,0
856,car,4.5,road_loopA_f0,road_loopA_f1,2943.5,3094.7,151.2,1303.6,31.0,1
902,suv,4.8,road_loopA_f0,road_loopA_f1,2989.4,3094.7,105.3,1303.2,44.6,0
898,suv,4.8,road_loopA_f0,road_loopA_f1,2980.0,3096.7,116.7,1303.6,40.2,0
994,car,4.5,xloopA_0Aa,xloopA_0Ab,3073.5,3096.8,23.3,84.1,13.0,0
868,car,4.5,road_loopA_f0,road_loopA_f1,2950.2,3097.5,147.3,1303.1,31.8,1
882,suv,4.8,road_loopA_f0,road_loopA_f1,2962.4,3098.7,136.3,1303.0,34.4,1
1007,car,4.5,xloopA_0Aa,xloopA_0Ab,3088.4,3099.4,11.0,84.5,27.8,0
900,suv,4.8,road_loopA_f0,road_loopA_f1,2984.8,3099.8,115.0,1303.9,40.8,0
906,car,4.5,road_loopA_f0,road_loopA_f1,2997.6,3100.5,102.9,1302.8,45.6,0
880,suv,4.8,road_loopA_f0,road_loopA_f1,2961.9,3100.6,138.7,1303.2,33.8,1
908,car,4.5,road_loopA_f0,road_loopA_f1,2999.1,3102.4,103.3,1304.1,45.5,0
915,suv,4.8,road_loopA_f0,road_loopA_f1,3006.4,3102.8,96.4,1303.1,48.7,0
913,car,4.5,road_loopA_f0,road_loopA_f1,3004.6,3103.4,98.8,1303.8,47.5,0
910,car,4.5,road_loopA_f0,road_loopA_f1,3001.6,3105.2,103.6,1303.2,45.3,0
965,car,4.5,road_loopA_f0,xloopA_0Bb,3050.3,3105.6,55.3,478.5,31.2,1
907,car,4.5,road_loopA_f0,road_loopA_f1,2999.1,3106.0,106.9,1303.7,43.9,0
889,car,4.5,road_loopA_f0,road_loopA_f1,2970.7,3107.7,137.0,1303.3,34.3,1
914,suv,4.8,road_loopA_f0,road_loopA_f1,3005.2,3107.7,102.5,1302.8,45.8,0
903,suv,4.8,road_loopA_f0,road_loopA_f1,2990.5,3110.4,119.9,1304.0,39.1,0
886,car,4.5,road_loopA_f0,road_loopA_f1,2965.6,3110.6,145.0,1303.0,32.3,1
888,car,4.5,xloopA_0Ba,road_loopA_f1,2968.8,3111.3,142.5,902.4,22.8,0
894,truck,8.5,road_loopA_f0,road_loopA_f1,2978.8,3112.5,133.7,1303.4,35.1,0
864,car,4.5,road_loopA_f0,road_loopA_f1,2947.5,3113.0,165.5,1303.4,28.4,1
911,car,4.5,road_loopA_r0,xloopA_0Ab,3002.1,3113.5,111.4,869.2,28.1,1
975,car,4.5,road_loopA_f0,xloopA_0Bb,3056.2,3113.9,57.7,478.7,29.9,0
923,suv,4.8,road_loopA_f0,road_loopA_f1,3014.1,3115.2,101.1,1303.6,46.4,0
930,truck,8.5,road_loopA_f0,road_loopA_f1,3021.4,3115.6,94.2,1303.1,49.8,0
904,car,4.5,road_loopA_r0,xloopA_0Ab,2994.9,3117.1,122.2,869.0,25.6,2
877,suv,4.8,road_loopA_f0,road_loopA_f1,2960.0,3117.2,157.2,1303.3,29.8,1
924,car,4.5,road_loopA_f0,road_loopA_f1,3014.5,3120.3,105.8,1303.3,44.4,0
955,car,4.5,road_loopA_r0,xloopA_0Ab,3042.8,3120.6,77.8,869.0,40.2,0
874,car,4.5,road_loopA_f0,road_loopA_f1,2954.1,3122.6,168.5,1303.3,27.8,1
925,truck,8.5,road_loopA_f0,road_loopA_f1,3016.3,3124.4,108.1,1302.8,43.4,0
858,car,4.5,road_loopA_f0,road_loopA_f1,2944.4,3126.0,181.6,1303.2,25.8,1
933,truck,8.5,road_loopA_r0,xloopA_0Ab,3023.2,3126.1,102.9,869.1,30.4,1
931,car,4.5,road_loopA_f0,road_loopA_f1,3022.4,3127.7,105.3,1303.8,44.6,0
937,truck,8.5,road_loopA_f0,road_loopA_f1,3026.8,3127.9,101.1,1303.1,46.4,0
917,car,4.5,road_loopA_r0,road_loopA_r1,3007.0,3129.5,122.5,1298.6,38.2,1
850,car,4.5,road_loopA_f0,road_loopA_f1,2940.6,3130.6,190.0,1302.9,24.7,1
921,car,4.5,road_loopA_r0,road_loopA_r1,3010.8,3131.0,120.2,1298.3,38.9,1
863,truck,8.5,road_loopA_f0,road_loopA_f1,2947.4,3131.5,184.1,1303.4,25.5,1
869,car,4.5,xloopA_0Ba,road_loopA_f1,2951.1,3131.7,180.6,902.6,18.0,1
929,car,4.5,road_loopA_r0,road_loopA_r1,3020.7,3134.0,113.3,1297.7,41.2,1
926,car,4.5,road_loopA_r0,road_loopA_r1,3016.9,3134.1,117.2,1297.9,39.9,1
918,car,4.5,road_loopA_r0,road_loopA_r1,3008.0,3137.1,129.1,1298.6,36.2,1
932,car,4.5,road_loopA_r0,road_loopA_r1,3022.5,3137.2,114.7,1297.3,40.7,1
934,suv,4.8,road_loopA_r0,road_loopA_r1,3023.5,3138.4,114.9,1298.3,40.7,1
941,car,4.5,road_loopA_r0,road_loopA_r1,3031.9,3139.4,107.5,1297.8,43.5,1
944,car,4.5,road_loopA_r0,road_loopA_r1,3033.5,3142.1,108.6,1297.9,43.0,1
919,car,4.5,road_loopA_r0,road_loopA_r1,3009.5,3144.7,135.2,1297.7,34.5,1
943,car,4.5,road_loopA_r0,road_loopA_r1,3032.8,3146.0,113.2,1298.2,41.3,0
963,car,4.5,road_loopA_r0,road_loopA_r1,3049.6,3146.1,96.5,1297.9,48.4,0
948,car,4.5,road_loopA_r0,road_loopA_r1,3036.0,3147.8,111.8,1298.2,41.8,0
946,car,4.5,xloopA_0Ba,road_loopA_r1,3034.3,3147.8,113.5,476.7,15.1,0
972,car,4.5,road_loopA_r0,road_loopA_r1,3053.6,3149.4,95.8,1297.7,48.8,0
973,car,4.5,road_loopA_r0,road_loopA_r1,3054.3,3149.6,95.3,1298.1,49.1,0
920,car,4.5,road_loopA_r0,road_loopA_r1,3010.6,3149.7,139.1,1297.5,33.6,1
867,bus,11.0,road_loopA_f0,road_loopA_f1,2949.6,3150.8,201.2,1303.1,23.3,3
922,car,4.5,road_loopA_r0,road_loopA_r1,3013.3,3151.4,138.1,1297.9,33.8,1
970,car,4.5,road_loopA_r0,road_loopA_r1,3052.8,3151.4,98.6,1297.5,47.4,0
976,car,4.5,road_loopA_r0,road_loopA_r1,3057.1,3153.7,96.6,1297.5,48.3,0
928,truck,8.5,road_loopA_r0,road_loopA_r1,3017.9,3153.9,136.0,1298.3,34.4,0
956,bus,11.0,road_loopA_r0,road_loopA_r1,3043.5,3155.7,112.2,1298.4,41.7,0
951,suv,4.8,road_loopA_r0,road_loopA_r1,3038.0,3155.9,117.9,1298.2,39.6,0
974,suv,4.8,road_loopA_r0,road_loopA_r1,3055.5,3156.0,100.5,1297.5,46.5,0
954,car,4.5,road_loopA_r0,road_loopA_r1,3042.4,3157.7,115.3,1297.6,40.5,0
984,car,4.5,road_loopA_r0,road_loopA_r1,3066.1,3157.8,91.7,1297.4,51.0,0
940,suv,4.8,road_loopA_f0,road_loopA_f1,3031.3,3159.2,127.9,1302.9,36.7,1
967,suv,4.8,road_loopA_r0,road_loopA_r1,3050.9,3159.7,108.8,1297.4,42.9,0
978,car,4.5,road_loopA_r0,road_loopA_r1,3061.4,3161.2,99.8,1297.5,46.8,0
942,suv,4.8,road_loopA_f0,road_loopA_f1,3032.4,3161.5,129.1,1303.6,36.4,1
938,car,4.5,road_loopA_f0,road_loopA_f1,3029.5,3163.1,133.6,1302.9,35.1,1
985,car,4.5,road_loopA_r0,road_loopA_r1,3067.4,3166.4,99.0,1297.8,47.2,0
958,truck,8.5,road_loopA_f0,road_loopA_f1,3044.9,3167.4,122.5,1303.1,38.3,1
998,car,4.5,road_loopA_r0,road_loopA_r1,3076.5,3167.9,91.4,1298.6,51.1,0
952,car,4.5,road_loopA_r0,xloopA_0Bb,3038.2,3168.2,130.0,895.3,24.8,1
935,truck,8.5,road_loopA_f0,road_loopA_f1,3026.5,3168.7,142.2,1302.9,33.0,1
1036,car,4.5,road_loopA_f0,xloopA_0Ab,3107.8,3168.8,61.0,505.3,29.8,0
966,car,4.5,road_loopA_f0,road_loopA_f1,3050.5,3169.5,119.0,1303.9,39.4,1
987,car,4.5,road_loopA_r0,road_loopA_r1,3068.1,3170.2,102.1,1297.4,45.7,0
993,suv,4.8,road_loopA_r0,road_loopA_r1,3072.9,3170.6,97.7,1297.8,47.8,0
953,car,4.5,road_loopA_f0,road_loopA_f1,3039.2,3170.8,131.6,1303.7,35.7,1
1006,car,4.5,road_loopA_r0,xloopA_0Bb,3087.8,3170.8,83.0,895.3,38.8,1
1049,car,4.5,road_loopA_f0,xloopA_0Ab,3118.0,3171.4,53.4,505.3,34.0,0
957,suv,4.8,road_loopA_f0,road_loopA_f1,3043.8,3171.7,127.9,1303.5,36.7,1
960,suv,4.8,road_loopA_f0,road_loopA_f1,3046.8,3172.1,125.3,1302.8,37.4,1
982,truck,8.5,road_loopA_r0,road_loopA_r1,3065.6,3172.9,107.3,1298.0,43.6,0
1021,car,4.5,road_loopA_r0,xloopA_0Bb,3098.1,3173.5,75.4,895.8,42.8,0
950,suv,4.8,road_loopA_f0,road_loopA_f1,3037.1,3174.8,137.7,1302.9,34.1,1
912,car,4.5,xloopA_0Ba,road_loopA_f1,3003.0,3176.1,173.1,903.1,18.8,1
964,car,4.5,road_loopA_f0,road_loopA_f1,3049.8,3176.1,126.3,1303.8,37.2,1
971,car,4.5,road_loopA_f0,road_loopA_f1,3053.1,3176.7,123.6,1303.2,38.0,1
947,car,4.5,road_loopA_f0,road_loopA_f1,3035.5,3177.7,142.2,1303.7,33.0,1
983,car,4.5,road_loopA_f0,road_loopA_f1,3065.9,3178.4,112.5,1303.7,41.7,15
977,suv,4.8,road_loopA_f0,road_loopA_f1,3058.3,3178.6,120.3,1303.5,39.0,1
945,car,4.5,road_loopA_f0,road_loopA_f1,3033.8,3179.4,145.6,1303.4,32.2,1
988,car,4.5,road_loopA_f0,road_loopA_f1,3068.2,3180.3,112.1,1303.2,41.8,0
959,car,4.5,road_loopA_f0,road_loopA_f1,3045.0,3181.1,136.1,1303.9,34.5,1
1011,car,4.5,xloopA_0Ba,xloopA_0Bb,3092.0,3181.8,89.8,84.4,3.4,1
990,suv,4.8,road_loopA_f0,road_loopA_f1,3069.8,3182.0,112.2,1303.9,41.8,1
1016,car,4.5,xloopA_0Aa,xloopA_0Ab,3094.6,3182.2,87.6,84.0,3.5,1
1009,suv,4.8,road_loopA_r0,road_loopA_r1,3089.2,3182.6,93.4,1297.7,50.0,0
991,suv,4.8,road_loopA_f0,road_loopA_f1,3070.7,3183.7,113.0,1302.9,41.5,0
1018,car,4.5,xloopA_0Ba,xloopA_0Bb,3095.9,3184.2,88.3,84.6,3.5,1
980,car,4.5,road_loopA_f0,road_loopA_f1,3063.1,3184.6,121.5,1303.3,38.6,0
1003,car,4.5,road_loopA_r0,road_loopA_r1,3085.8,3184.7,98.9,1297.6,47.2,0
1023,car,4.5,xloopA_0Aa,xloopA_0Ab,3099.5,3185.4,85.9,84.2,3.5,1
995,car,4.5,road_loopA_f0,road_loopA_f1,3074.0,3185.7,111.7,1303.6,42.0,0
986,suv,4.8,road_loopA_f0,road_loopA_f1,3067.6,3186.3,118.7,1304.1,39.5,0
1010,car,4.5,road_loopA_r0,road_loopA_r1,3091.2,3187.0,95.8,1297.8,48.8,0
968,suv,4.8,road_loopA_f0,road_loopA_f1,3051.4,3187.7,136.3,1303.6,34.4,1
989,car,4.5,road_loopA_f0,road_loopA_f1,3069.3,3188.0,118.7,1303.1,39.5,0
981,car,4.5,road_loopA_f0,road_loopA_f1,3063.2,3188.3,125.1,1302.9,37.5,1
1058,car,4.5,xloopA_0Aa,xloopA_0Ab,3126.7,3188.4,61.7,84.8,5.0,0
1091,car,4.5,xloopA_0Ba,xloopA_0Bb,3155.1,3189.7,34.6,84.2,8.8,0
999,car,4.5,road_loopA_f0,road_loopA_f1,3079.3,3189.9,110.6,1303.1,42.4,0
996,truck,8.5,road_loopA_f0,road_loopA_f1,3075.8,3190.3,114.5,1303.1,41.0,0
1062,car,4.5,xloopA_0Aa,xloopA_0Ab,3128.3,3190.6,62.3,84.7,4.9,0
1001,car,4.5,road_loopA_f0,road_loopA_f1,3083.3,3191.1,107.8,1303.9,43.6,0
1000,car,4.5,road_loopA_f0,road_loopA_f1,3083.0,3192.5,109.5,1302.8,42.8,0
1004,suv,4.8,road_loopA_f0,road_loopA_f1,3086.2,3192.8,106.6,1302.9,44.0,0
1087,car,4.5,xloopA_0Aa,xloopA_0Ab,3149.9,3192.8,42.9,84.4,7.1,0
1002,car,4.5,road_loopA_f0,road_loopA_f1,3084.5,3194.5,110.0,1303.1,42.7,0
1014,suv,4.8,road_loopA_f0,road_loopA_f1,3092.8,3195.7,102.9,1303.2,45.6,0
1028,suv,4.8,road_loopA_f0,road_loopA_f1,3104.3,3197.4,93.1,1302.9,50.4,0
1012,car,4.5,road_loopA_f0,road_loopA_f1,3092.3,3198.9,106.6,1303.1,44.0,0
1033,car,4.5,road_loopA_f0,road_loopA_f1,3107.0,3199.2,92.2,1303.8,50.9,0
1037,car,4.5,road_loopA_f0,road_loopA_f1,3110.7,3200.3,89.6,1303.4,52.4,0
1024,car,4.5,road_loopA_f0,road_loopA_f1,3100.5,3200.6,100.1,1303.9,46.9,0
1039,car,4.5,road_loopA_f0,road_loopA_f1,3111.6,3202.7,91.1,1303.0,51.5,0
1025,car,4.5,road_loopA_f0,road_loopA_f1,3101.3,3203.0,101.7,1304.0,46.2,0
1029,car,4.5,road_loopA_f0,road_loopA_f1,3104.6,3204.6,100.0,1303.3,46.9,0
1047,suv,4.8,road_loopA_f0,road_loopA_f1,3116.2,3206.0,89.8,1303.2,52.2,0
1034,car,4.5,road_loopA_f0,road_loopA_f1,3107.1,3206.3,99.2,1303.3,47.3,0
1050,car,4.5,road_loopA_f0,road_loopA_f1,3118.5,3208.8,90.3,1302.8,51.9,0
1053,car,4.5,road_loopA_f0,road_loopA_f1,3120.0,3211.5,91.5,1302.9,51.3,0
992,car,4.5,road_loopA_r0,xloopA_0Ab,3072.6,3213.2,140.6,869.1,22.3,3
1100,truck,8.5,road_loopA_f0,xloopA_0Bb,3160.0,3214.8,54.8,478.6,31.4,0
1103,car,4.5,road_loopA_f0,xloopA_0Bb,3163.5,3218.3,54.8,478.9,31.5,0
1008,bus,11.0,road_loopA_f0,road_loopA_f1,3089.0,3222.3,133.3,1303.3,35.2,2
1040,suv,4.8,road_loopA_f0,road_loopA_f1,3112.7,3231.0,118.3,1303.2,39.6,0
1017,suv,4.8,road_loopA_r0,road_loopA_r1,3095.4,3232.3,136.9,1297.6,34.1,1
1060,car,4.5,xloopA_0Ba,road_loopA_r1,3127.2,3233.7,106.5,477.0,16.1,0
962,bus,11.0,road_loopA_f0,road_loopA_f1,3049.0,3234.8,185.8,1303.0,25.2,2
1022,car,4.5,road_loopA_r0,road_loopA_r1,3098.5,3235.0,136.5,1297.5,34.2,1
1013,suv,4.8,road_loopA_r0,road_loopA_r1,3092.3,3235.7,143.4,1298.5,32.6,1
1027,car,4.5,road_loopA_r0,road_loopA_r1,3102.5,3235.9,133.4,1298.6,35.0,1
1152,car,4.5,road_loopA_f0,xloopA_0Bb,3197.6,3237.6,40.0,478.8,43.1,0
1032,truck,8.5,road_loopA_r0,road_loopA_r1,3105.1,3238.5,133.4,1297.6,35.0,1
1038,car,4.5,road_loopA_r0,road_loopA_r1,3111.3,3240.3,129.0,1298.1,36.2,1
1019,car,4.5,road_loopA_r0,road_loopA_r1,3097.2,3243.0,145.8,1298.3,32.1,1
997,car,4.5,road_loopA_r0,road_loopA_r1,3075.7,3243.8,168.1,1298.2,27.8,1
1020,truck,8.5,road_loopA_r0,road_loopA_r1,3097.6,3245.8,148.2,1297.3,31.5,1
1031,suv,4.8,road_loopA_r0,road_loopA_r1,3104.9,3247.3,142.4,1298.0,32.8,1
979,suv,4.8,road_loopA_r0,road_loopA_r1,3061.5,3248.1,186.6,1297.8,25.0,1
1015,car,4.5,road_loopA_r0,road_loopA_r1,3094.0,3248.1,154.1,1298.4,30.3,1
1046,car,4.5,road_loopA_r0,road_loopA_r1,3115.6,3249.0,133.4,1298.4,35.0,1
1035,car,4.5,road_loopA_r0,road_loopA_r1,3107.3,3249.8,142.5,1298.6,32.8,1
1005,car,4.5,road_loopA_r0,road_loopA_r1,3086.6,3250.1,163.5,1298.1,28.6,1
1043,suv,4.8,road_loopA_r0,road_loopA_r1,3114.6,3250.8,136.2,1297.9,34.3,1
1041,car,4.5,road_loopA_r0,road_loopA_r1,3112.7,3251.5,138.8,1298.5,33.7,1
1030,suv,4.8,road_loopA_r0,road_loopA_r1,3104.8,3251.7,146.9,1297.8,31.8,1
1045,car,4.5,road_loopA_r0,road_loopA_r1,3115.6,3252.5,136.9,1298.1,34.1,1
1054,car,4.5,road_loopA_r0,road_loopA_r1,3121.0,3253.2,132.2,1297.6,35.3,1
1026,suv,4.8,road_loopA_r0,road_loopA_r1,3101.2,3253.6,152.4,1297.7,30.7,1
1061,car,4.5,road_loopA_r0,road_loopA_r1,3127.7,3254.2,126.5,1297.6,36.9,1
1076,car,4.5,road_loopA_r0,road_loopA_r1,3140.6,3255.6,115.0,1297.9,40.6,1
1044,truck,8.5,road_loopA_r0,road_loopA_r1,3115.3,3255.7,140.4,1297.9,33.3,1
1067,car,4.5,road_loopA_r0,road_loopA_r1,3131.9,3256.0,124.1,1298.4,37.7,1
1185,car,4.5,road_loopA_f0,xloopA_0Bb,3217.7,3256.8,39.1,478.9,44.1,0
1063,car,4.5,road_loopA_r0,road_loopA_r1,3130.4,3257.7,127.3,1298.1,36.7,1
1057,suv,4.8,road_loopA_r0,road_loopA_r1,3126.1,3258.0,131.9,1297.5,35.4,1
1072,car,4.5,road_loopA_r0,road_loopA_r1,3137.6,3258.3,120.7,1298.2,38.7,1
1055,suv,4.8,road_loopA_f0,road_loopA_f1,3122.0,3259.1,137.1,1303.4,34.2,1
1080,car,4.5,road_loopA_r0,road_loopA_r1,3143.9,3259.7,115.8,1298.5,40.4,2
1056,car,4.5,road_loopA_f0,road_loopA_f1,3126.1,3259.8,133.7,1303.2,35.1,1
1077,car,4.5,road_loopA_r0,road_loopA_r1,3141.1,3260.1,119.0,1297.9,39.2,0
1085,car,4.5,road_loopA_r0,road_loopA_r1,3148.2,3261.9,113.7,1298.5,41.1,0
1065,suv,4.8,road_loopA_f0,road_loopA_f1,3130.9,3262.5,131.6,1303.6,35.7,1
1069,car,4.5,road_loopA_r0,road_loopA_r1,3134.7,3263.6,128.9,1297.3,36.2,0
1086,car,4.5,road_loopA_r0,road_loopA_r1,3149.8,3265.0,115.2,1298.2,40.6,0
1092,truck,8.5,road_loopA_r0,road_loopA_r1,3155.3,3265.0,109.7,1297.6,42.6,0
1083,car,4.5,road_loopA_r0,road_loopA_r1,3146.8,3265.3,118.5,1297.4,39.4,0
1068,suv,4.8,road_loopA_f0,road_loopA_f1,3133.2,3266.2,133.0,1302.9,35.3,1
1064,car,4.5,road_loopA_f0,road_loopA_f1,3130.7,3266.6,135.9,1304.0,34.6,1
1105,car,4.5,road_loopA_r0,road_loopA_r1,3166.7,3267.3,100.6,1297.5,46.4,0
1094,car,4.5,road_loopA_r0,road_loopA_r1,3157.0,3269.1,112.1,1298.5,41.7,0
1084,car,4.5,road_loopA_r0,road_loopA_r1,3147.9,3269.2,121.3,1297.5,38.5,0
1108,car,4.5,road_loopA_r0,xloopA_0Bb,3170.2,3270.0,99.8,895.8,32.3,1
1117,suv,4.8,road_loopA_f0,xloopA_0Ab,3177.7,3270.6,92.9,505.6,19.6,1
1101,car,4.5,road_loopA_r0,road_loopA_r1,3161.1,3271.0,109.9,1297.5,42.5,0
1082,car,4.5,road_loopA_r0,road_loopA_r1,3146.2,3271.1,124.9,1298.3,37.4,0
1074,car,4.5,road_loopA_f0,road_loopA_f1,3139.8,3271.5,131.7,1303.0,35.6,1
1066,truck,8.5,road_loopA_f0,road_loopA_f1,3131.7,3272.0,140.3,1303.7,33.5,1
1123,car,4.5,road_loopA_r0,xloopA_0Bb,3181.4,3272.5,91.1,895.3,35.4,1
1097,suv,4.8,road_loopA_r0,road_loopA_r1,3158.1,3272.8,114.7,1298.1,40.8,0
1137,suv,4.8,road_loopA_f0,xloopA_0Ab,3189.0,3273.2,84.2,505.3,21.6,1
1112,car,4.5,road_loopA_r0,road_loopA_r1,3174.5,3273.6,99.1,1298.6,47.2,0
1110,suv,4.8,road_loopA_r0,road_loopA_r1,3171.8,3273.8,102.0,1298.3,45.8,0
1090,car,4.5,road_loopA_f0,road_loopA_f1,3153.9,3274.0,120.1,1303.1,39.1,1
1096,car,4.5,road_loopA_f0,road_loopA_f1,3157.4,3275.7,118.3,1303.2,39.6,1
1073,car,4.5,road_loopA_f0,road_loopA_f1,3139.4,3275.9,136.5,1303.3,34.4,1
1109,car,4.5,road_loopA_r0,road_loopA_r1,3171.3,3276.0,104.7,1297.7,44.6,0
1116,car,4.5,road_loopA_r0,road_loopA_r1,3176.5,3276.9,100.4,1297.9,46.5,0
1104,truck,8.5,road_loopA_r0,road_loopA_r1,3164.2,3278.0,113.8,1298.2,41.1,0
1113,car,4.5,road_loopA_f0,road_loopA_f1,3174.6,3278.0,103.4,1303.2,45.4,0
1111,suv,4.8,road_loopA_r0,road_loopA_r1,3173.4,3278.3,104.9,1298.5,44.6,0
1203,truck,8.5,road_loopA_f0,xloopA_0Ab,3231.3,3278.9,47.6,505.4,38.3,0
1115,car,4.5,road_loopA_r0,road_loopA_r1,3175.7,3279.2,103.5,1298.1,45.2,0
1078,car,4.5,road_loopA_f0,road_loopA_f1,3141.9,3280.1,138.2,1303.7,34.0,1
1106,truck,8.5,road_loopA_r0,road_loopA_r1,3168.8,3280.6,111.8,1298.0,41.8,0
1118,car,4.5,road_loopA_r0,road_loopA_r1,3178.2,3280.9,102.7,1297.7,45.5,0
1127,car,4.5,road_loopA_r0,road_loopA_r1,3183.8,3281.5,97.7,1298.5,47.8,0
1081,suv,4.8,road_loopA_f0,road_loopA_f1,3144.4,3282.6,138.2,1303.2,33.9,1
1121,car,4.5,road_loopA_r0,road_loopA_r1,3180.2,3282.6,102.4,1298.3,45.6,0
1125,car,4.5,road_loopA_r0,road_loopA_r1,3182.1,3282.7,100.6,1298.3,46.5,0
1129,car,4.5,road_loopA_r0,road_loopA_r1,3185.3,3284.2,98.9,1298.3,47.3,0
1122,car,4.5,road_loopA_f0,road_loopA_f1,3180.6,3284.4,103.8,1303.5,45.2,0
1128,car,4.5,road_loopA_r0,road_loopA_r1,3184.1,3284.5,100.4,1298.7,46.6,0
1134,car,4.5,xloopA_0Ba,xloopA_0Bb,3187.7,3285.0,97.3,84.6,3.1,1
1133,car,4.5,road_loopA_r0,road_loopA_r1,3186.9,3285.4,98.5,1297.7,47.4,0
1048,bus,11.0,road_loopA_r0,road_loopA_r1,3116.8,3285.8,169.0,1297.6,27.6,2
1135,car,4.5,road_loopA_r0,road_loopA_r1,3188.5,3286.0,97.5,1298.1,47.9,0
1139,suv,4.8,road_loopA_f0,road_loopA_f1,3191.4,3286.2,94.8,1303.9,49.5,0
1089,car,4.5,xloopA_0Aa,xloopA_0Ab,3153.7,3286.8,133.1,84.4,2.3,1
1071,truck,8.5,road_loopA_f0,road_loopA_f1,3136.3,3287.3,151.0,1303.6,31.1,1
1140,car,4.5,road_loopA_r0,road_loopA_r1,3191.5,3287.5,96.0,1297.8,48.7,0
1132,car,4.5,road_loopA_r0,road_loopA_r1,3186.9,3288.2,101.3,1297.3,46.1,0
1052,car,4.5,xloopA_0Ba,road_loopA_f1,3118.8,3288.9,170.1,902.4,19.1,1
1130,suv,4.8,road_loopA_f0,road_loopA_f1,3185.8,3288.9,103.1,1303.5,45.5,0
1099,car,4.5,xloopA_0Aa,xloopA_0Ab,3159.7,3289.0,129.3,84.6,2.4,1
1143,car,4.5,road_loopA_r0,road_loopA_r1,3192.6,3289.8,97.2,1298.4,48.1,0
1148,suv,4.8,road_loopA_f0,road_loopA_f1,3195.3,3290.0,94.7,1303.1,49.5,0
1227,car,4.5,xloopA_0Ba,xloopA_0Bb,3249.8,3290.0,40.2,84.0,7.5,1
1126,car,4.5,road_loopA_f0,road_loopA_f1,3182.4,3290.5,108.1,1303.2,43.4,0
1138,truck,8.5,road_loopA_r0,road_loopA_r1,3189.2,3290.6,101.4,1297.5,46.1,0
1141,car,4.5,xloopA_0Aa,xloopA_0Ab,3191.8,3291.2,99.4,84.6,3.1,1
1155,car,4.5,road_loopA_f0,road_loopA_f1,3198.2,3292.2,94.0,1304.1,50.0,0
1250,car,4.5,xloopA_0Ba,xloopA_0Bb,3266.7,3292.3,25.6,84.8,11.9,0
1102,car,4.5,road_loopA_f0,road_loopA_f1,3161.6,3292.5,130.9,1303.0,35.8,0
1158,car,4.5,road_loopA_f0,road_loopA_f1,3202.1,3294.0,91.9,1303.5,51.1,0
1120,car,4.5,road_loopA_f0,road_loopA_f1,3178.9,3294.2,115.3,1302.8,40.7,0
1042,car,4.5,xloopA_0Aa,road_loopA_f1,3114.0,3295.3,181.3,872.7,17.3,1
1131,suv,4.8,road_loopA_f0,road_loopA_f1,3186.7,3296.0,109.3,1302.8,42.9,0
1051,truck,8.5,road_loopA_f0,road_loopA_f1,3118.6,3297.5,178.9,1303.7,26.2,1
1114,car,4.5,road_loopA_f0,road_loopA_f1,3174.8,3297.7,122.9,1303.5,38.2,0
1144,suv,4.8,road_loopA_f0,road_loopA_f1,3193.2,3298.3,105.1,1303.9,44.6,0
1075,car,4.5,road_loopA_f0,road_loopA_f1,3140.6,3299.6,159.0,1303.6,29.5,1
1163,car,4.5,road_loopA_f0,road_loopA_f1,3206.6,3299.7,93.1,1303.4,50.4,0
1059,truck,8.5,road_loopA_f0,road_loopA_f1,3126.8,3300.0,173.2,1303.6,27.1,1
1170,car,4.5,road_loopA_f0,road_loopA_f1,3210.0,3301.4,91.4,1303.0,51.3,0
1124,car,4.5,road_loopA_f0,road_loopA_f1,3181.8,3301.6,119.8,1303.4,39.2,0
1079,car,4.5,road_loopA_f0,road_loopA_f1,3143.7,3302.1,158.4,1303.1,29.6,1
1160,car,4.5,road_loopA_f0,road_loopA_f1,3204.3,3303.3,99.0,1303.7,47.4,0
1162,car,4.5,road_loopA_f0,road_loopA_f1,3205.2,3304.0,98.8,1303.1,47.5,0
1088,suv,4.8,road_loopA_f0,road_loopA_f1,3150.3,3304.2,153.9,1303.8,30.5,1
1146,suv,4.8,road_loopA_f0,road_loopA_f1,3194.8,3305.0,110.2,1303.4,42.6,0
1093,suv,4.8,road_loopA_f0,road_loopA_f1,3156.9,3306.0,149.1,1302.9,31.5,1
1151,car,4.5,road_loopA_f0,road_loopA_f1,3196.5,3306.7,110.2,1302.9,42.6,0
1182,car,4.5,road_loopA_f0,road_loopA_f1,3214.3,3307.2,92.9,1303.0,50.5,0
1098,car,4.5,road_loopA_f0,road_loopA_f1,3159.1,3307.9,148.8,1303.5,31.5,1
1136,car,4.5,road_loopA_f0,road_loopA_f1,3189.0,3309.4,120.4,1303.6,39.0,0
1107,car,4.5,road_loopA_f0,road_loopA_f1,3169.4,3309.7,140.3,1303.9,33.5,0
1180,suv,4.8,road_loopA_r0,xloopA_0Ab,3213.3,3310.6,97.3,869.5,32.2,3
1164,car,4.5,road_loopA_f0,road_loopA_f1,3206.7,3310.7,104.0,1303.3,45.1,0
1142,suv,4.8,road_loopA_f0,road_loopA_f1,3192.5,3311.8,119.3,1303.6,39.3,0
1168,truck,8.5,road_loopA_f0,road_loopA_f1,3209.6,3314.8,105.2,1303.1,44.6,0
1173,car,4.5,road_loopA_f0,road_loopA_f1,3211.3,3315.5,104.2,1303.8,45.1,0
1165,car,4.5,road_loopA_r0,xloopA_0Ab,3206.8,3317.2,110.4,869.2,28.4,2
1188,suv,4.8,road_loopA_f0,road_loopA_f1,3218.6,3317.2,98.6,1303.7,47.6,0
1193,car,4.5,road_loopA_f0,road_loopA_f1,3220.0,3320.4,100.4,1303.8,46.8,0
1270,car,4.5,road_loopA_f0,xloopA_0Bb,3284.0,3325.0,41.0,478.6,42.0,0
1145,suv,4.8,road_loopA_r0,road_loopA_r1,3193.8,3329.9,136.1,1297.5,34.3,1
1149,suv,4.8,road_loopA_r0,road_loopA_r1,3195.4,3331.0,135.6,1297.5,34.4,1
1095,bus,11.0,road_loopA_f0,road_loopA_f1,3157.1,3333.2,176.1,1303.6,26.6,2
1156,truck,8.5,road_loopA_r0,road_loopA_r1,3198.3,3335.2,136.9,1298.0,34.1,1
1167,car,4.5,road_loopA_r0,road_loopA_r1,3208.3,3336.1,127.8,1298.6,36.6,1
1159,suv,4.8,road_loopA_r0,road_loopA_r1,3204.2,3337.5,133.3,1297.3,35.0,1
1181,bus,11.0,road_loopA_f0,road_loopA_f1,3213.5,3337.5,124.0,1302.9,37.8,1
1169,car,4.5,road_loopA_r0,road_loopA_r1,3209.9,3339.5,129.6,1297.2,36.0,1
1153,car,4.5,road_loopA_r0,road_loopA_r1,3197.9,3340.3,142.4,1297.6,32.8,1
1187,car,4.5,road_loopA_r0,road_loopA_r1,3218.0,3342.8,124.8,1297.8,37.4,1
1176,car,4.5,road_loopA_r0,road_loopA_r1,3212.0,3345.5,133.5,1298.3,35.0,1
1154,suv,4.8,road_loopA_r0,road_loopA_r1,3197.8,3345.8,148.0,1298.3,31.6,1
1174,suv,4.8,road_loopA_r0,road_loopA_r1,3211.6,3347.1,135.5,1298.0,34.5,1
1197,suv,4.8,road_loopA_r0,road_loopA_r1,3223.5,3348.4,124.9,1297.9,37.4,1
1166,suv,4.8,road_loopA_r0,road_loopA_r1,3208.0,3349.6,141.6,1297.4,33.0,1
1171,car,4.5,road_loopA_r0,road_loopA_r1,3210.8,3350.9,140.1,1298.0,33.4,1
1177,car,4.5,xloopA_0Ba,road_loopA_r1,3212.4,3352.0,139.6,476.8,12.3,1
1175,suv,4.8,road_loopA_r0,road_loopA_r1,3211.9,3352.7,140.8,1297.4,33.2,1
1150,truck,8.5,road_loopA_r0,road_loopA_r1,3195.6,3354.2,158.6,1297.9,29.5,1
1189,suv,4.8,road_loopA_r0,road_loopA_r1,3218.9,3354.6,135.7,1297.5,34.4,1
1184,car,4.5,road_loopA_r0,road_loopA_r1,3216.9,3354.8,137.9,1298.3,33.9,1
1216,car,4.5,road_loopA_f0,xloopA_0Ab,3243.6,3355.8,112.2,505.2,16.2,1
1157,suv,4.8,road_loopA_r0,road_loopA_r1,3199.3,3356.2,156.9,1297.9,29.8,1
1179,car,4.5,road_loopA_r0,road_loopA_r1,3213.3,3357.1,143.8,1298.1,32.5,1
1217,suv,4.8,road_loopA_r0,road_loopA_r1,3243.6,3357.7,114.1,1297.3,40.9,0
1147,suv,4.8,road_loopA_r0,road_loopA_r1,3195.1,3358.1,163.0,1298.2,28.7,1
1246,suv,4.8,road_loopA_f0,xloopA_0Ab,3263.8,3358.4,94.6,505.2,19.2,1
1194,car,4.5,road_loopA_r0,road_loopA_r1,3221.4,3358.8,137.4,1297.3,34.0,1
1204,car,4.5,road_loopA_f0,road_loopA_f1,3231.7,3359.2,127.5,1303.2,36.8,1
1183,car,4.5,road_loopA_r0,road_loopA_r1,3216.1,3359.8,143.7,1298.0,32.5,1
1220,car,4.5,road_loopA_r0,road_loopA_r1,3244.7,3360.6,115.9,1298.5,40.3,1
1201,car,4.5,road_loopA_r0,road_loopA_r1,3229.6,3361.0,131.4,1297.9,35.6,1
1290,car,4.5,road_loopA_f0,xloopA_0Ab,3301.5,3361.1,59.6,505.2,30.5,1
1186,car,4.5,road_loopA_r0,road_loopA_r1,3218.0,3361.5,143.5,1297.7,32.6,1
1234,car,4.5,road_loopA_r0,road_loopA_r1,3253.1,3361.9,108.8,1297.9,42.9,0
1210,car,4.5,road_loopA_r0,road_loopA_r1,3240.5,3363.0,122.5,1297.6,38.1,0
1192,car,4.5,road_loopA_r0,road_loopA_r1,3219.8,3363.2,143.4,1297.9,32.6,1
1215,car,4.5,road_loopA_f0,road_loopA_f1,3242.8,3363.4,120.6,1303.4,38.9,1
1205,car,4.5,road_loopA_f0,road_loopA_f1,3233.6,3363.9,130.3,1303.7,36.0,1
1241,car,4.5,road_loopA_r0,road_loopA_r1,3257.9,3364.1,106.2,1298.4,44.0,0
1196,car,4.5,road_loopA_r0,road_loopA_r1,3222.6,3364.9,142.3,1297.7,32.8,1
1199,car,4.5,road_loopA_f0,road_loopA_f1,3225.0,3364.9,139.9,1303.1,33.5,1
1245,car,4.5,road_loopA_r0,road_loopA_r1,3260.5,3365.3,104.8,1298.2,44.6,0
1200,car,4.5,road_loopA_r0,road_loopA_r1,3227.8,3366.1,138.3,1297.6,33.8,1
1206,car,4.5,road_loopA_f0,road_loopA_f1,3233.8,3366.6,132.8,1302.9,35.3,1
1213,car,4.5,road_loopA_f0,road_loopA_f1,3242.0,3366.8,124.8,1303.7,37.6,1
1211,car,4.5,road_loopA_r0,road_loopA_r1,3240.7,3367.6,126.9,1298.1,36.8,0
1208,truck,8.5,road_loopA_r0,road_loopA_r1,3236.5,3368.6,132.1,1297.7,35.4,0
1242,car,4.5,road_loopA_r0,road_loopA_r1,3258.4,3369.6,111.2,1297.4,42.0,0
1240,truck,8.5,road_loopA_r0,road_loopA_r1,3257.6,3370.2,112.6,1297.3,41.5,0
1230,suv,4.8,road_loopA_r0,road_loopA_r1,3251.1,3370.8,119.7,1298.0,39.0,0
1261,car,4.5,xloopA_0Ba,xloopA_0Bb,3275.4,3371.2,95.8,84.4,3.2,1
1244,car,4.5,road_loopA_r0,road_loopA_r1,3259.7,3371.4,111.7,1297.3,41.8,0
1178,car,4.5,xloopA_0Aa,xloopA_0Ab,3213.0,3372.2,159.2,84.3,1.9,1
1247,car,4.5,road_loopA_r0,road_loopA_r1,3263.8,3372.7,108.9,1297.3,42.9,0
1276,car,4.5,xloopA_0Ba,xloopA_0Bb,3289.7,3373.3,83.6,84.7,3.6,1
1207,suv,4.8,road_loopA_f0,road_loopA_f1,3235.5,3373.4,137.9,1304.0,34.0,1
1190,car,4.5,xloopA_0Aa,xloopA_0Ab,3219.3,3374.3,155.0,84.7,2.0,1
1253,truck,8.5,road_loopA_r0,road_loopA_r1,3269.9,3374.9,105.0,1297.5,44.5,0
1195,truck,8.5,road_loopA_f0,road_loopA_f1,3222.1,3375.5,153.4,1302.8,30.6,1
1218,suv,4.8,road_loopA_f0,road_loopA_f1,3244.0,3375.5,131.5,1304.0,35.7,1
1287,car,4.5,xloopA_0Ba,xloopA_0Bb,3295.8,3375.6,79.8,84.7,3.8,1
1219,car,4.5,xloopA_0Aa,xloopA_0Ab,3244.8,3376.6,131.8,84.4,2.3,1
1172,bus,11.0,road_loopA_r0,road_loopA_r1,3211.0,3377.2,166.2,1298.1,28.1,3
1231,suv,4.8,road_loopA_f0,road_loopA_f1,3251.7,3377.2,125.5,1303.5,37.4,1
1226,car,4.5,road_loopA_r0,road_loopA_r1,3249.4,3377.4,128.0,1297.2,36.5,0
1239,car,4.5,road_loopA_r0,road_loopA_r1,3257.4,3378.5,121.1,1297.8,38.6,0
1248,car,4.5,road_loopA_f0,road_loopA_f1,3265.4,3378.8,113.4,1303.5,41.4,1
1225,car,4.5,xloopA_0Aa,xloopA_0Ab,3249.1,3378.8,129.7,84.1,2.3,0
1223,car,4.5,road_loopA_f0,road_loopA_f1,3247.9,3379.8,131.9,1303.0,35.6,1
1251,car,4.5,road_loopA_f0,road_loopA_f1,3266.7,3380.5,113.8,1304.1,41.3,0
1209,suv,4.8,road_loopA_f0,road_loopA_f1,3237.4,3380.9,143.5,1303.6,32.7,1
1229,car,4.5,xloopA_0Aa,xloopA_0Ab,3250.6,3381.4,130.8,84.5,2.3,0
1237,suv,4.8,road_loopA_f0,road_loopA_f1,3256.4,3381.9,125.5,1303.6,37.4,1
1235,car,4.5,road_loopA_f0,road_loopA_f1,3254.6,3382.5,127.9,1303.3,36.7,1
1221,car,4.5,road_loopA_f0,road_loopA_f1,3247.3,3383.1,135.8,1303.1,34.5,1
1262,car,4.5,road_loopA_f0,road_loopA_f1,3276.0,3385.8,109.8,1303.6,42.7,0
1266,suv,4.8,road_loopA_f0,road_loopA_f1,3279.8,3387.5,107.7,1303.2,43.6,0
1202,car,4.5,road_loopA_f0,road_loopA_f1,3230.5,3387.7,157.2,1302.8,29.8,1
1267,car,4.5,road_loopA_f0,road_loopA_f1,3280.2,3389.3,109.1,1304.1,43.0,0
1224,truck,8.5,road_loopA_f0,road_loopA_f1,3248.8,3389.5,140.7,1303.6,33.4,1
1236,car,4.5,road_loopA_f0,road_loopA_f1,3255.5,3390.5,135.0,1303.2,34.8,1
1238,car,4.5,road_loopA_f0,road_loopA_f1,3257.0,3392.5,135.5,1302.9,34.6,1
1260,car,4.5,road_loopA_f0,road_loopA_f1,3274.9,3392.9,118.0,1302.8,39.8,0
1271,car,4.5,road_loopA_f0,road_loopA_f1,3285.3,3394.2,108.9,1303.5,43.1,0
1249,car,4.5,road_loopA_f0,road_loopA_f1,3266.5,3395.0,128.5,1303.3,36.5,0
1161,car,4.5,xloopA_0Aa,road_loopA_f1,3204.8,3395.7,190.9,872.7,16.5,0
1282,suv,4.8,road_loopA_f0,road_loopA_f1,3292.9,3395.9,103.0,1303.7,45.5,0
1212,car,4.5,road_loopA_f0,road_loopA_f1,3241.7,3397.3,155.6,1303.3,30.2,1
1264,truck,8.5,road_loopA_f0,road_loopA_f1,3277.8,3397.3,119.5,1304.0,39.3,0
1291,car,4.5,road_loopA_f0,road_loopA_f1,3301.5,3397.6,96.1,1303.4,48.8,0
1214,car,4.5,road_loopA_f0,road_loopA_f1,3242.4,3398.9,156.5,1302.9,30.0,1
1232,suv,4.8,road_loopA_f0,road_loopA_f1,3252.2,3400.6,148.4,1303.1,31.6,1
1338,car,4.5,road_loopA_f0,xloopA_0Bb,3348.4,3400.8,52.4,478.8,32.9,1
1258,car,4.5,road_loopA_f0,road_loopA_f1,3274.2,3401.0,126.8,1303.4,37.0,0
1293,suv,4.8,road_loopA_f0,road_loopA_f1,3302.1,3401.1,99.0,1303.8,47.4,0
1309,suv,4.8,road_loopA_r0,xloopA_0Ab,3322.5,3401.4,78.9,869.2,39.7,0
1265,suv,4.8,road_loopA_f0,road_loopA_f1,3279.0,3402.5,123.5,1302.9,38.0,0
1286,car,4.5,road_loopA_f0,road_loopA_f1,3295.6,3403.6,108.0,1303.8,43.5,0
1269,car,4.5,road_loopA_f0,road_loopA_f1,3283.2,3404.3,121.1,1302.8,38.7,0
1277,truck,8.5,road_loopA_f0,road_loopA_f1,3289.9,3404.3,114.4,1303.9,41.0,0
1274,suv,4.8,road_loopA_f0,road_loopA_f1,3287.5,3406.0,118.5,1302.9,39.6,0
1283,car,4.5,road_loopA_f0,road_loopA_f1,3293.1,3406.5,113.4,1303.4,41.4,0
1357,car,4.5,road_loopA_f0,xloopA_0Bb,3360.2,3407.5,47.3,478.8,36.4,0
1279,suv,4.8,road_loopA_f0,road_loopA_f1,3292.6,3407.8,115.2,1303.9,40.7,0
1294,car,4.5,road_loopA_f0,road_loopA_f1,3303.0,3409.7,106.7,1304.0,44.0,0
1302,car,4.5,road_loopA_r0,xloopA_0Ab,3315.9,3409.8,93.9,869.2,33.3,1
1288,car,4.5,road_loopA_f0,road_loopA_f1,3299.4,3410.4,111.0,1302.9,42.3,0
1362,car,4.5,road_loopA_f0,xloopA_0Bb,3363.9,3410.8,46.9,478.6,36.7,0
1296,car,4.5,road_loopA_f0,road_loopA_f1,3307.4,3412.2,104.8,1303.4,44.8,0
1255,bus,11.0,road_loopA_f0,road_loopA_f1,3271.0,3412.7,141.7,1303.1,33.1,1
1252,car,4.5,road_loopA_r0,road_loopA_r1,3268.1,3416.1,148.0,1297.7,31.6,1
1254,car,4.5,road_loopA_r0,road_loopA_r1,3270.1,3417.6,147.5,1297.5,31.7,1
1243,bus,11.0,road_loopA_f0,road_loopA_f1,3258.7,3419.0,160.3,1303.9,29.3,2
1268,car,4.5,road_loopA_r0,road_loopA_r1,3283.2,3419.3,136.1,1298.2,34.3,1
1278,car,4.5,road_loopA_r0,road_loopA_r1,3292.3,3420.7,128.4,1298.2,36.4,1
1280,car,4.5,road_loopA_r0,road_loopA_r1,3292.7,3422.4,129.7,1297.6,36.0,1
1259,suv,4.8,road_loopA_r0,road_loopA_r1,3274.4,3425.2,150.8,1298.0,31.0,1
1228,bus,11.0,road_loopA_f0,road_loopA_f1,3250.4,3426.0,175.6,1303.7,26.7,2
1272,car,4.5,road_loopA_r0,road_loopA_r1,3286.6,3428.3,141.7,1297.3,33.0,1
1289,car,4.5,road_loopA_r0,road_loopA_r1,3300.8,3429.9,129.1,1297.9,36.2,1
1275,truck,8.5,road_loopA_r0,road_loopA_r1,3288.8,3430.4,141.6,1298.1,33.0,1
1222,bus,11.0,road_loopA_f0,road_loopA_f1,3247.3,3431.2,183.9,1303.5,25.5,3
1305,suv,4.8,road_loopA_r0,road_loopA_r1,3317.0,3431.6,114.6,1298.7,40.8,1
1273,car,4.5,road_loopA_r0,road_loopA_r1,3286.8,3433.6,146.8,1298.3,31.8,1
1314,truck,8.5,road_loopA_r0,road_loopA_r1,3326.0,3433.9,107.9,1298.0,43.3,0
1295,car,4.5,road_loopA_r0,road_loopA_r1,3306.2,3435.3,129.1,1298.2,36.2,1
1308,car,4.5,xloopA_0Ba,road_loopA_r1,3321.2,3436.0,114.8,476.5,14.9,0
1319,car,4.5,road_loopA_r0,road_loopA_r1,3329.7,3436.6,106.9,1298.4,43.7,0
1298,suv,4.8,road_loopA_r0,road_loopA_r1,3311.3,3437.2,125.9,1297.3,37.1,1
1263,car,4.5,road_loopA_r0,road_loopA_r1,3277.1,3437.7,160.6,1297.8,29.1,1
1307,suv,4.8,road_loopA_r0,road_loopA_r1,3320.5,3439.3,118.8,1297.8,39.3,1
1284,car,4.5,road_loopA_r0,road_loopA_r1,3293.3,3439.4,146.1,1298.5,32.0,1
1316,car,4.5,road_loopA_r0,road_loopA_r1,3326.4,3440.6,114.2,1297.7,40.9,0
1292,suv,4.8,road_loopA_r0,road_loopA_r1,3302.0,3441.0,139.0,1297.9,33.6,1
1329,truck,8.5,road_loopA_r0,road_loopA_r1,3339.4,3441.3,101.9,1297.4,45.8,0
1297,suv,4.8,road_loopA_r0,road_loopA_r1,3311.1,3442.7,131.6,1298.4,35.5,1
1322,car,4.5,road_loopA_r0,road_loopA_r1,3333.0,3442.8,109.8,1297.4,42.5,0
1300,suv,4.8,road_loopA_f0,road_loopA_f1,3311.5,3443.3,131.8,1303.0,35.6,1
1301,car,4.5,road_loopA_f0,road_loopA_f1,3311.5,3443.4,131.9,1303.2,35.6,1
1304,suv,4.8,road_loopA_r0,road_loopA_r1,3316.3,3444.4,128.1,1298.6,36.5,1
1328,car,4.5,road_loopA_r0,road_loopA_r1,3338.3,3444.5,106.2,1297.3,44.0,0
1313,car,4.5,road_loopA_r0,road_loopA_r1,3325.4,3445.7,120.3,1298.1,38.9,0
1315,car,4.5,road_loopA_r0,road_loopA_r1,3326.3,3446.9,120.6,1297.8,38.7,0
1303,car,4.5,road_loopA_f0,road_loopA_f1,3316.2,3447.3,131.1,1303.9,35.8,1
1343,car,4.5,road_loopA_r0,road_loopA_r1,3352.9,3447.6,94.7,1298.3,49.4,0
1311,truck,8.5,road_loopA_f0,road_loopA_f1,3323.4,3447.8,124.4,1303.4,37.7,1
1317,suv,4.8,road_loopA_r0,road_loopA_r1,3328.6,3448.7,120.1,1298.2,38.9,0
1257,car,4.5,road_loopA_r0,xloopA_0Bb,3273.9,3448.8,174.9,895.8,18.4,2
1320,truck,8.5,road_loopA_r0,road_loopA_r1,3330.2,3449.2,119.0,1298.1,39.3,0
1310,car,4.5,road_loopA_f0,xloopA_0Ab,3322.5,3449.3,126.8,505.4,14.4,1
1352,car,4.5,road_loopA_r0,road_loopA_r1,3356.3,3450.0,93.7,1298.2,49.9,0
1331,car,4.5,road_loopA_r0,road_loopA_r1,3339.4,3450.4,111.0,1297.5,42.1,0
1281,car,4.5,road_loopA_r0,xloopA_0Bb,3292.7,3451.4,158.7,895.8,20.3,2
1325,truck,8.5,road_loopA_r0,road_loopA_r1,3333.9,3451.8,117.9,1298.3,39.6,0
1299,car,4.5,road_loopA_f0,road_loopA_f1,3311.4,3451.9,140.5,1303.5,33.4,1
1348,car,4.5,road_loopA_f0,xloopA_0Ab,3354.8,3451.9,97.1,505.4,18.7,1
1198,car,4.5,road_loopA_r0,road_loopA_r1,3224.4,3452.2,227.8,1297.9,20.5,1
1335,truck,8.5,road_loopA_r0,road_loopA_r1,3345.7,3452.5,106.8,1297.6,43.7,0
1312,truck,8.5,road_loopA_f0,road_loopA_f1,3323.5,3453.2,129.7,1303.8,36.2,1
1285,bus,11.0,road_loopA_r0,road_loopA_r1,3295.3,3453.4,158.1,1297.6,29.5,2
1321,car,4.5,road_loopA_f0,road_loopA_f1,3331.1,3453.6,122.5,1304.1,38.3,1
1330,car,4.5,road_loopA_r0,xloopA_0Bb,3339.4,3454.0,114.6,895.5,28.1,2
1191,car,4.5,road_loopA_r0,road_loopA_r1,3219.5,3454.2,234.7,1298.0,19.9,1
1397,car,4.5,road_loopA_f0,xloopA_0Ab,3404.5,3455.0,50.5,505.1,36.0,0
1324,truck,8.5,road_loopA_f0,road_loopA_f1,3333.6,3455.1,121.5,1303.2,38.6,1
1256,bus,11.0,road_loopA_r0,road_loopA_r1,3271.6,3455.4,183.8,1297.3,25.4,3
1337,car,4.5,road_loopA_r0,xloopA_0Bb,3347.2,3456.7,109.5,895.6,29.4,2
1334,suv,4.8,road_loopA_f0,road_loopA_f1,3342.7,3457.4,114.7,1303.5,40.9,1
1399,car,4.5,road_loopA_f0,xloopA_0Ab,3406.3,3457.5,51.2,505.2,35.5,0
1351,car,4.5,road_loopA_r0,road_loopA_r1,3356.1,3458.0,101.9,1297.4,45.8,0
1336,car,4.5,road_loopA_f0,road_loopA_f1,3345.9,3459.3,113.4,1304.1,41.4,1
1360,suv,4.8,road_loopA_r0,road_loopA_r1,3362.2,3459.5,97.3,1297.9,48.0,0
1353,car,4.5,road_loopA_r0,road_loopA_r1,3357.0,3459.7,102.7,1297.6,45.5,0
1327,car,4.5,road_loopA_f0,road_loopA_f1,3335.5,3460.2,124.7,1303.9,37.6,1
1354,car,4.5,road_loopA_r0,road_loopA_r1,3357.2,3460.5,103.3,1297.9,45.2,0
1359,car,4.5,road_loopA_r0,road_loopA_r1,3362.2,3461.4,99.2,1297.4,47.1,0
1318,car,4.5,road_loopA_f0,road_loopA_f1,3328.6,3461.7,133.1,1303.0,35.3,1
1326,car,4.5,road_loopA_f0,road_loopA_f1,3334.2,3461.8,127.6,1303.2,36.8,1
1372,car,4.5,road_loopA_r0,road_loopA_r1,3372.5,3462.1,89.6,1297.8,52.2,0
1366,car,4.5,road_loopA_r0,road_loopA_r1,3370.1,3462.2,92.1,1297.9,50.7,0
1323,truck,8.5,road_loopA_f0,road_loopA_f1,3333.1,3463.8,130.7,1303.0,35.9,1
1344,suv,4.8,road_loopA_f0,road_loopA_f1,3353.5,3465.1,111.6,1303.9,42.0,0
1363,car,4.5,road_loopA_r0,road_loopA_r1,3363.9,3465.8,101.9,1298.5,45.9,0
1375,car,4.5,road_loopA_r0,road_loopA_r1,3376.9,3465.8,88.9,1297.3,52.5,0
1356,car,4.5,road_loopA_f0,road_loopA_f1,3359.7,3466.5,106.8,1303.4,44.0,0
1349,car,4.5,xloopA_0Ba,xloopA_0Bb,3355.3,3466.6,111.3,84.6,2.7,1
1341,car,4.5,road_loopA_f0,road_loopA_f1,3352.2,3466.9,114.7,1304.1,40.9,0
1233,car,4.5,xloopA_0Aa,xloopA_0Ab,3252.7,3467.4,214.7,84.3,1.4,1
1367,truck,8.5,road_loopA_r0,road_loopA_r1,3370.4,3468.0,97.6,1298.4,47.9,0
1358,suv,4.8,road_loopA_f0,road_loopA_f1,3361.9,3469.2,107.3,1303.1,43.7,0
1382,car,4.5,xloopA_0Ba,xloopA_0Bb,3386.5,3469.3,82.8,84.0,3.7,1
1306,car,4.5,xloopA_0Aa,xloopA_0Ab,3319.1,3469.4,150.3,84.6,2.0,1
1333,car,4.5,road_loopA_f0,road_loopA_f1,3342.7,3469.7,127.0,1302.9,36.9,0
1346,car,4.5,road_loopA_f0,road_loopA_f1,3354.3,3470.4,116.1,1303.2,40.4,1
1364,car,4.5,road_loopA_f0,road_loopA_f1,3366.0,3471.1,105.1,1304.2,44.7,0
1405,car,4.5,xloopA_0Ba,xloopA_0Bb,3413.4,3471.4,58.0,84.7,5.3,0
1361,car,4.5,xloopA_0Aa,xloopA_0Ab,3363.9,3471.6,107.7,84.6,2.8,1
1350,car,4.5,road_loopA_f0,road_loopA_f1,3356.1,3473.0,116.9,1302.9,40.1,0
1409,car,4.5,xloopA_0Ba,xloopA_0Bb,3419.2,3473.4,54.2,84.5,5.6,0
1347,car,4.5,road_loopA_f0,road_loopA_f1,3354.8,3473.8,119.0,1304.2,39.4,0
1381,car,4.5,xloopA_0Aa,xloopA_0Ab,3384.0,3474.0,90.0,84.2,3.4,0
1369,car,4.5,road_loopA_f0,road_loopA_f1,3372.0,3476.1,104.1,1304.0,45.1,0
1340,car,4.5,road_loopA_f0,road_loopA_f1,3350.4,3476.7,126.3,1303.0,37.1,0
1371,car,4.5,road_loopA_f0,road_loopA_f1,3372.6,3477.1,104.5,1302.9,44.9,0
1345,suv,4.8,road_loopA_f0,road_loopA_f1,3354.0,3478.3,124.3,1304.2,37.8,0
1342,truck,8.5,road_loopA_f0,road_loopA_f1,3352.7,3478.8,126.1,1303.3,37.2,0
1384,suv,4.8,road_loopA_f0,road_loopA_f1,3387.1,3479.8,92.7,1303.6,50.6,0
1355,car,4.5,road_loopA_f0,road_loopA_f1,3359.4,3481.6,122.2,1303.4,38.4,0
1365,car,4.5,road_loopA_f0,road_loopA_f1,3369.0,3482.7,113.7,1303.8,41.3,0
1379,truck,8.5,road_loopA_f0,road_loopA_f1,3382.3,3484.3,102.0,1303.3,46.0,0
1391,car,4.5,road_loopA_f0,road_loopA_f1,3395.9,3486.0,90.1,1303.3,52.1,0
1387,car,4.5,road_loopA_f0,road_loopA_f1,3392.3,3486.4,94.1,1304.1,49.9,0
1386,car,4.5,road_loopA_f0,road_loopA_f1,3391.0,3490.4,99.4,1302.9,47.2,0
1390,car,4.5,road_loopA_r0,xloopA_0Ab,3394.8,3490.8,96.0,868.9,32.6,1
1388,car,4.5,road_loopA_f0,road_loopA_f1,3394.6,3492.1,97.5,1303.0,48.1,0
1394,car,4.5,road_loopA_f0,road_loopA_f1,3401.1,3498.6,97.5,1304.0,48.2,0
1373,suv,4.8,road_loopA_r0,road_loopA_r1,3374.4,3511.6,137.2,1298.3,34.1,1
1368,car,4.5,road_loopA_r0,road_loopA_r1,3371.6,3513.6,142.0,1297.5,32.9,1
1378,car,4.5,road_loopA_r0,road_loopA_r1,3381.5,3514.0,132.5,1298.1,35.3,1
1380,car,4.5,road_loopA_r0,road_loopA_r1,3382.8,3515.3,132.5,1297.6,35.3,1
1491,car,4.5,road_loopA_f0,xloopA_0Bb,3475.6,3516.6,41.0,478.8,42.1,0
1376,car,4.5,road_loopA_r0,road_loopA_r1,3379.5,3516.7,137.2,1297.6,34.0,1
1383,car,4.5,road_loopA_r0,road_loopA_r1,3386.5,3518.0,131.5,1298.6,35.6,1
1339,bus,11.0,road_loopA_f0,road_loopA_f1,3350.1,3518.9,168.8,1303.2,27.8,3
1385,suv,4.8,road_loopA_r0,road_loopA_r1,3390.8,3519.2,128.4,1298.7,36.4,1
1494,suv,4.8,road_loopA_f0,xloopA_0Bb,3479.5,3519.7,40.2,479.0,42.9,0
1370,suv,4.8,road_loopA_r0,road_loopA_r1,3372.3,3520.2,147.9,1298.4,31.6,1
1392,car,4.5,road_loopA_r0,road_loopA_r1,3396.8,3520.4,123.6,1297.4,37.8,1
1389,car,4.5,road_loopA_r0,road_loopA_r1,3394.8,3521.9,127.1,1297.5,36.7,1
1402,suv,4.8,road_loopA_r0,road_loopA_r1,3410.6,3522.2,111.6,1298.6,41.9,1
1332,car,4.5,xloopA_0Ba,road_loopA_r1,3340.8,3522.4,181.6,476.7,9.5,1
1395,car,4.5,road_loopA_r0,road_loopA_r1,3402.3,3523.6,121.3,1298.1,38.5,1
1374,car,4.5,road_loopA_r0,road_loopA_r1,3374.7,3524.5,149.8,1298.1,31.2,1
1407,car,4.5,road_loopA_r0,road_loopA_r1,3414.2,3524.9,110.7,1298.1,42.2,2
1420,truck,8.5,road_loopA_r0,road_loopA_r1,3427.3,3526.0,98.7,1298.5,47.3,0
1377,suv,4.8,road_loopA_r0,road_loopA_r1,3380.4,3526.1,145.7,1297.3,32.1,1
1502,car,4.5,road_loopA_f0,xloopA_0Bb,3485.9,3526.6,40.7,478.8,42.3,0
1400,car,4.5,road_loopA_r0,road_loopA_r1,3407.6,3527.9,120.3,1297.7,38.8,0
1431,car,4.5,road_loopA_r0,road_loopA_r1,3431.9,3528.0,96.1,1298.0,48.6,0
1393,truck,8.5,road_loopA_r0,road_loopA_r1,3399.9,3528.5,128.6,1298.2,36.3,1
1418,car,4.5,road_loopA_r0,road_loopA_r1,3424.1,3529.6,105.5,1298.1,44.3,0
1424,car,4.5,road_loopA_r0,road_loopA_r1,3429.4,3529.8,100.4,1297.9,46.5,0
1403,truck,8.5,road_loopA_r0,road_loopA_r1,3411.8,3531.1,119.3,1297.5,39.1,0
1426,suv,4.8,road_loopA_r0,road_loopA_r1,3429.7,3531.3,101.6,1298.1,46.0,0
1423,car,4.5,road_loopA_r0,road_loopA_r1,3429.0,3533.4,104.4,1298.4,44.8,0
1441,suv,4.8,road_loopA_r0,road_loopA_r1,3440.9,3533.6,92.7,1298.2,50.4,0
1422,car,4.5,road_loopA_r0,road_loopA_r1,3429.0,3535.2,106.2,1297.7,44.0,0
1438,car,4.5,road_loopA_r0,road_loopA_r1,3440.0,3536.2,96.2,1297.5,48.5,0
1398,car,4.5,road_loopA_f0,road_loopA_f1,3405.4,3537.2,131.8,1304.0,35.6,1
1450,car,4.5,road_loopA_r0,road_loopA_r1,3448.4,3537.8,89.4,1297.3,52.2,0
1401,suv,4.8,road_loopA_f0,road_loopA_f1,3409.6,3538.2,128.6,1303.9,36.5,1
1404,car,4.5,road_loopA_f0,road_loopA_f1,3412.0,3540.0,128.0,1303.7,36.7,1
1406,suv,4.8,road_loopA_f0,road_loopA_f1,3413.4,3540.5,127.1,1303.6,36.9,1
1449,car,4.5,road_loopA_r0,road_loopA_r1,3447.6,3541.0,93.4,1298.6,50.0,0
1414,car,4.5,road_loopA_r0,xloopA_0Bb,3421.7,3542.2,120.5,895.3,26.8,1
1437,car,4.5,road_loopA_f0,xloopA_0Ab,3435.5,3542.8,107.3,505.1,16.9,1
1458,car,4.5,road_loopA_r0,road_loopA_r1,3452.6,3544.1,91.5,1297.8,51.1,0
1413,suv,4.8,road_loopA_f0,road_loopA_f1,3420.7,3544.8,124.1,1303.4,37.8,1
1448,suv,4.8,road_loopA_r0,xloopA_0Bb,3447.4,3544.9,97.5,895.8,33.1,1
1453,car,4.5,road_loopA_f0,xloopA_0Ab,3449.2,3545.4,96.2,505.1,18.9,1
1455,car,4.5,road_loopA_r0,xloopA_0Bb,3451.3,3547.6,96.3,895.8,33.5,1
1465,car,4.5,road_loopA_f0,xloopA_0Ab,3456.2,3548.1,91.9,505.4,19.8,1
1411,truck,8.5,road_loopA_f0,road_loopA_f1,3420.0,3548.5,128.5,1303.9,36.5,1
1462,truck,8.5,road_loopA_r0,road_loopA_r1,3455.9,3548.7,92.8,1298.1,50.3,0
1443,bus,11.0,road_loopA_r0,road_loopA_r1,3443.9,3549.2,105.3,1297.3,44.3,0
1408,suv,4.8,road_loopA_f0,road_loopA_f1,3417.4,3549.8,132.4,1303.3,35.4,1
1429,car,4.5,road_loopA_r0,road_loopA_r1,3430.9,3549.9,119.0,1297.4,39.3,0
1457,car,4.5,road_loopA_r0,xloopA_0Bb,3451.9,3550.2,98.3,895.5,32.8,1
1421,suv,4.8,road_loopA_f0,road_loopA_f1,3428.3,3550.6,122.3,1303.9,38.4,1
1471,suv,4.8,road_loopA_r0,road_loopA_r1,3460.5,3550.7,90.2,1297.7,51.8,0
1412,car,4.5,road_loopA_f0,road_loopA_f1,3420.5,3551.5,131.0,1303.3,35.8,1
1456,car,4.5,road_loopA_r0,road_loopA_r1,3451.6,3551.5,99.9,1297.3,46.8,0
1435,car,4.5,road_loopA_r0,road_loopA_r1,3434.0,3551.8,117.8,1298.0,39.7,0
1396,truck,8.5,road_loopA_f0,road_loopA_f1,3402.8,3552.5,149.7,1303.5,31.3,1
1469,car,4.5,road_loopA_r0,xloopA_0Bb,3459.7,3552.9,93.2,895.7,34.6,1
1461,car,4.5,road_loopA_r0,road_loopA_r1,3455.7,3553.4,97.7,1298.5,47.8,0
1410,bus,11.0,road_loopA_r0,road_loopA_r1,3419.9,3553.6,133.7,1298.4,35.0,1
1416,truck,8.5,road_loopA_f0,road_loopA_f1,3422.2,3553.8,131.6,1302.9,35.6,1
1428,car,4.5,road_loopA_f0,road_loopA_f1,3430.9,3554.8,123.9,1303.8,37.9,1
1477,suv,4.8,road_loopA_r0,road_loopA_r1,3464.0,3554.9,90.9,1297.3,51.4,0
1479,car,4.5,road_loopA_r0,road_loopA_r1,3466.5,3555.6,89.1,1298.4,52.5,0
1419,suv,4.8,road_loopA_f0,road_loopA_f1,3426.4,3556.0,129.6,1303.8,36.2,1
1480,suv,4.8,road_loopA_r0,road_loopA_r1,3466.6,3556.7,90.1,1298.2,51.9,0
1427,car,4.5,road_loopA_f0,road_loopA_f1,3430.3,3557.3,127.0,1304.1,37.0,1
1415,car,4.5,xloopA_0Aa,xloopA_0Ab,3422.2,3557.5,135.3,84.3,2.2,1
1436,car,4.5,road_loopA_f0,road_loopA_f1,3435.4,3557.9,122.5,1303.7,38.3,1
1432,car,4.5,road_loopA_f0,road_loopA_f1,3432.4,3559.2,126.8,1303.2,37.0,1
1452,car,4.5,xloopA_0Ba,xloopA_0Bb,3449.2,3559.7,110.5,84.2,2.7,1
1434,suv,4.8,road_loopA_f0,road_loopA_f1,3433.6,3560.5,126.9,1303.7,37.0,1
1451,car,4.5,xloopA_0Aa,xloopA_0Ab,3449.1,3560.8,111.7,84.4,2.7,1
1440,car,4.5,road_loopA_f0,road_loopA_f1,3440.7,3561.9,121.2,1303.9,38.7,1
1466,car,4.5,xloopA_0Ba,xloopA_0Bb,3458.7,3562.4,103.7,84.1,2.9,1
1439,car,4.5,road_loopA_f0,road_loopA_f1,3440.4,3562.7,122.3,1304.0,38.4,1
1459,suv,4.8,road_loopA_f0,road_loopA_f1,3453.3,3563.6,110.3,1303.9,42.5,0
1442,car,4.5,road_loopA_f0,road_loopA_f1,3442.2,3564.3,122.1,1303.7,38.4,1
1468,car,4.5,xloopA_0Ba,xloopA_0Bb,3459.6,3564.5,104.9,84.4,2.9,0
1463,car,4.5,road_loopA_f0,road_loopA_f1,3456.1,3565.7,109.6,1303.9,42.8,0
1447,car,4.5,road_loopA_f0,road_loopA_f1,3445.5,3565.9,120.4,1303.4,39.0,0
1417,car,4.5,road_loopA_f0,road_loopA_f1,3423.3,3566.7,143.4,1303.5,32.7,1
1476,car,4.5,road_loopA_f0,road_loopA_f1,3463.4,3567.4,104.0,1303.0,45.1,0
1454,car,4.5,road_loopA_f0,road_loopA_f1,3451.3,3568.2,116.9,1303.8,40.1,0
1433,suv,4.8,road_loopA_f0,road_loopA_f1,3432.7,3568.4,135.7,1303.4,34.6,1
1472,car,4.5,xloopA_0Ba,xloopA_0Bb,3460.7,3568.5,107.8,84.2,2.8,0
1460,suv,4.8,road_loopA_f0,road_loopA_f1,3455.1,3570.0,114.9,1303.8,40.9,0
1444,truck,8.5,road_loopA_f0,road_loopA_f1,3444.6,3570.6,126.0,1303.2,37.2,0
1482,suv,4.8,road_loopA_f0,road_loopA_f1,3469.2,3570.6,101.4,1303.6,46.3,0
1464,suv,4.8,road_loopA_f0,road_loopA_f1,3456.1,3571.7,115.6,1303.2,40.6,0
1467,truck,8.5,road_loopA_f0,road_loopA_f1,3459.5,3573.4,113.9,1303.0,41.2,0
1470,car,4.5,road_loopA_f0,road_loopA_f1,3460.3,3574.0,113.7,1303.6,41.3,0
1489,suv,4.8,road_loopA_f0,road_loopA_f1,3473.7,3574.1,100.4,1303.9,46.8,0
1474,car,4.5,road_loopA_f0,road_loopA_f1,3462.0,3575.8,113.8,1304.0,41.2,0
1481,suv,4.8,road_loopA_f0,road_loopA_f1,3466.7,3575.9,109.2,1304.1,43.0,0
1486,car,4.5,road_loopA_f0,road_loopA_f1,3471.2,3577.7,106.5,1303.0,44.1,0
1504,suv,4.8,road_loopA_f0,road_loopA_f1,3487.0,3580.4,93.4,1304.1,50.3,0
1473,truck,8.5,road_loopA_f0,road_loopA_f1,3461.4,3580.6,119.2,1303.0,39.3,0
1496,suv,4.8,road_loopA_f0,road_loopA_f1,3481.7,3582.6,100.9,1302.9,46.5,0
1500,suv,4.8,road_loopA_f0,road_loopA_f1,3483.9,3583.4,99.5,1303.7,47.2,0
1512,car,4.5,road_loopA_f0,road_loopA_f1,3489.7,3584.0,94.3,1303.0,49.8,0
1536,car,4.5,road_loopA_f0,xloopA_0Bb,3508.6,3585.4,76.8,478.6,22.4,2
1508,car,4.5,road_loopA_f0,road_loopA_f1,3488.2,3586.1,97.9,1303.7,47.9,0
1484,truck,8.5,road_loopA_f0,road_loopA_f1,3469.8,3587.2,117.4,1303.1,39.9,0
1517,car,4.5,road_loopA_f0,road_loopA_f1,3492.9,3588.4,95.5,1303.4,49.1,0
1541,car,4.5,road_loopA_f0,xloopA_0Bb,3511.6,3589.1,77.5,478.9,22.2,2
1487,car,4.5,road_loopA_f0,road_loopA_f1,3471.6,3589.3,117.7,1303.8,39.9,0
1520,car,4.5,road_loopA_f0,road_loopA_f1,3495.0,3590.2,95.2,1303.6,49.3,0
1492,car,4.5,road_loopA_f0,road_loopA_f1,3479.2,3592.1,112.9,1303.0,41.5,0
1498,suv,4.8,road_loopA_f0,road_loopA_f1,3483.4,3593.9,110.5,1303.4,42.5,0
1501,truck,8.5,road_loopA_f0,road_loopA_f1,3484.0,3596.1,112.1,1302.9,41.8,0
1505,truck,8.5,road_loopA_f0,road_loopA_f1,3487.2,3598.8,111.6,1303.2,42.0,0
1485,suv,4.8,road_loopA_r0,road_loopA_r1,3470.9,3603.1,132.2,1297.3,35.3,1
1503,car,4.5,road_loopA_r0,road_loopA_r1,3486.8,3606.3,119.5,1298.1,39.1,1
1446,car,4.5,xloopA_0Ba,road_loopA_r1,3445.4,3610.1,164.7,476.7,10.4,1
1475,car,4.5,road_loopA_r0,road_loopA_r1,3462.8,3613.2,150.4,1298.0,31.1,1
1510,car,4.5,road_loopA_r0,road_loopA_r1,3489.3,3613.7,124.4,1297.6,37.6,1
1514,car,4.5,road_loopA_r0,road_loopA_r1,3491.8,3615.5,123.7,1298.5,37.8,1
1425,car,4.5,xloopA_0Aa,road_loopA_r1,3429.4,3616.2,186.8,506.8,9.8,1
1478,car,4.5,xloopA_0Aa,road_loopA_r1,3465.6,3616.6,151.0,506.5,12.1,0
1529,car,4.5,road_loopA_r0,road_loopA_r1,3505.1,3617.7,112.6,1297.4,41.5,1
1493,car,4.5,road_loopA_r0,road_loopA_r1,3479.4,3618.3,138.9,1297.7,33.6,1
1516,truck,8.5,road_loopA_r0,road_loopA_r1,3492.5,3620.4,127.9,1297.8,36.5,1
1499,car,4.5,xloopA_0Aa,road_loopA_r1,3483.6,3620.8,137.2,507.0,13.3,0
1515,suv,4.8,road_loopA_r0,road_loopA_r1,3492.5,3621.3,128.8,1298.3,36.3,1
1534,car,4.5,road_loopA_r0,road_loopA_r1,3507.0,3621.9,114.9,1298.3,40.7,1
1488,suv,4.8,road_loopA_r0,road_loopA_r1,3471.6,3622.5,150.9,1298.0,31.0,1
1521,car,4.5,road_loopA_r0,road_loopA_r1,3494.9,3622.9,128.0,1297.4,36.5,0
1483,car,4.5,road_loopA_r0,road_loopA_r1,3469.7,3624.2,154.5,1297.4,30.2,1
1530,suv,4.8,road_loopA_r0,road_loopA_r1,3505.1,3624.3,119.2,1297.7,39.2,15
1495,truck,8.5,road_loopA_r0,road_loopA_r1,3480.8,3626.4,145.6,1297.6,32.1,1
1551,suv,4.8,road_loopA_r0,road_loopA_r1,3518.7,3627.1,108.4,1297.5,43.1,1
1519,car,4.5,road_loopA_r0,road_loopA_r1,3494.0,3627.6,133.6,1297.4,35.0,1
1507,truck,8.5,road_loopA_r0,road_loopA_r1,3487.9,3629.2,141.3,1297.8,33.1,0
1527,car,4.5,road_loopA_r0,road_loopA_r1,3501.1,3629.3,128.2,1298.4,36.4,0
1549,car,4.5,road_loopA_r0,road_loopA_r1,3517.2,3630.2,113.0,1297.6,41.3,0
1513,car,4.5,road_loopA_r0,road_loopA_r1,3491.4,3631.2,139.8,1298.0,33.4,0
1528,car,4.5,road_loopA_f0,road_loopA_f1,3503.2,3632.0,128.8,1303.0,36.4,1
1524,truck,8.5,road_loopA_r0,road_loopA_r1,3497.7,3632.2,134.5,1298.4,34.7,0
1518,suv,4.8,road_loopA_r0,road_loopA_r1,3493.1,3632.9,139.8,1297.4,33.4,0
1558,car,4.5,road_loopA_r0,road_loopA_r1,3528.2,3633.8,105.6,1297.8,44.3,0
1523,car,4.5,road_loopA_r0,road_loopA_r1,3497.6,3634.8,137.2,1297.4,34.0,2
1569,car,4.5,road_loopA_r0,xloopA_0Bb,3539.0,3635.7,96.7,895.3,33.3,1
1538,truck,8.5,road_loopA_r0,road_loopA_r1,3509.3,3635.8,126.5,1298.3,36.9,0
1526,car,4.5,road_loopA_f0,road_loopA_f1,3499.9,3636.1,136.2,1304.0,34.5,1
1556,suv,4.8,road_loopA_f0,xloopA_0Ab,3526.0,3636.4,110.4,505.7,16.5,1
1552,suv,4.8,road_loopA_r0,road_loopA_r1,3520.9,3636.5,115.6,1298.3,40.4,0
1543,car,4.5,road_loopA_r0,road_loopA_r1,3512.9,3636.8,123.9,1297.5,37.7,0
1522,car,4.5,road_loopA_f0,road_loopA_f1,3497.1,3637.6,140.5,1303.3,33.4,1
1560,suv,4.8,road_loopA_r0,road_loopA_r1,3529.1,3637.9,108.8,1297.6,42.9,0
1531,car,4.5,road_loopA_f0,road_loopA_f1,3505.4,3638.0,132.6,1303.9,35.4,1
1559,car,4.5,road_loopA_r0,road_loopA_r1,3528.9,3638.2,109.3,1298.5,42.8,0
1578,car,4.5,road_loopA_f0,xloopA_0Ab,3545.0,3639.0,94.0,505.4,19.4,1
1539,suv,4.8,road_loopA_r0,road_loopA_r1,3511.4,3639.6,128.2,1298.0,36.5,0
1565,suv,4.8,road_loopA_r0,road_loopA_r1,3535.0,3639.8,104.8,1298.4,44.6,0
1533,suv,4.8,road_loopA_f0,road_loopA_f1,3506.6,3640.0,133.4,1303.9,35.2,1
1566,suv,4.8,road_loopA_r0,road_loopA_r1,3537.3,3640.3,103.0,1298.7,45.4,0
1537,car,4.5,road_loopA_f0,road_loopA_f1,3509.2,3640.5,131.3,1303.3,35.7,1
1535,car,4.5,road_loopA_f0,road_loopA_f1,3508.5,3641.5,133.0,1303.9,35.3,1
1567,suv,4.8,road_loopA_r0,road_loopA_r1,3537.6,3641.6,104.0,1298.5,44.9,0
1584,car,4.5,road_loopA_f0,xloopA_0Ab,3552.3,3641.6,89.3,505.1,20.4,1
1547,car,4.5,road_loopA_f0,road_loopA_f1,3516.7,3642.2,125.5,1303.7,37.4,1
1540,suv,4.8,road_loopA_f0,road_loopA_f1,3511.5,3643.3,131.8,1303.4,35.6,1
1573,car,4.5,road_loopA_r0,road_loopA_r1,3542.2,3643.4,101.2,1298.1,46.2,0
1545,suv,4.8,road_loopA_r0,road_loopA_r1,3514.7,3643.6,128.9,1297.6,36.2,0
1550,car,4.5,road_loopA_f0,road_loopA_f1,3518.6,3644.2,125.6,1303.4,37.4,1
1568,truck,8.5,road_loopA_r0,road_loopA_r1,3538.3,3644.9,106.6,1297.3,43.8,0
1599,suv,4.8,road_loopA_r0,xloopA_0Bb,3568.4,3644.9,76.5,895.9,42.2,0
1571,car,4.5,road_loopA_r0,road_loopA_r1,3541.4,3645.5,104.1,1298.2,44.9,0
1546,truck,8.5,road_loopA_f0,road_loopA_f1,3515.1,3645.6,130.5,1304.0,36.0,1
1561,suv,4.8,road_loopA_r0,road_loopA_r1,3530.5,3645.7,115.2,1297.5,40.5,0
1430,bus,11.0,road_loopA_r0,road_loopA_r1,3431.2,3645.8,214.6,1297.8,21.8,3
1557,suv,4.8,road_loopA_f0,road_loopA_f1,3527.2,3646.3,119.1,1303.6,39.4,1
1548,car,4.5,road_loopA_f0,road_loopA_f1,3516.7,3647.0,130.3,1303.2,36.0,1
1580,suv,4.8,road_loopA_r0,road_loopA_r1,3547.7,3647.2,99.5,1297.9,47.0,0
1577,suv,4.8,road_loopA_r0,road_loopA_r1,3544.1,3647.4,103.3,1297.7,45.2,0
1553,car,4.5,road_loopA_f0,road_loopA_f1,3521.3,3648.6,127.3,1303.0,36.9,1
1581,car,4.5,road_loopA_r0,road_loopA_r1,3549.7,3649.1,99.4,1298.1,47.0,0
1582,suv,4.8,road_loopA_r0,road_loopA_r1,3549.9,3649.4,99.5,1298.4,47.0,0
1589,suv,4.8,road_loopA_r0,road_loopA_r1,3557.0,3650.9,93.9,1298.6,49.8,0
1532,truck,8.5,road_loopA_f0,road_loopA_f1,3506.4,3651.0,144.6,1303.5,32.4,1
1554,car,4.5,road_loopA_f0,road_loopA_f1,3524.4,3651.2,126.8,1303.5,37.0,1
1593,car,4.5,road_loopA_r0,road_loopA_r1,3562.3,3651.4,89.1,1297.5,52.4,0
1509,car,4.5,xloopA_0Aa,xloopA_0Ab,3488.4,3651.7,163.3,84.2,1.9,1
1575,car,4.5,road_loopA_f0,road_loopA_f1,3542.7,3652.7,110.0,1303.9,42.7,0
1555,car,4.5,road_loopA_f0,road_loopA_f1,3525.1,3653.1,128.0,1304.0,36.7,1
1542,truck,8.5,road_loopA_f0,road_loopA_f1,3511.9,3653.5,141.6,1303.1,33.1,1
1511,car,4.5,xloopA_0Aa,xloopA_0Ab,3489.5,3653.8,164.3,84.1,1.8,1
1562,car,4.5,road_loopA_f0,road_loopA_f1,3531.9,3654.8,122.9,1303.2,38.2,1
1497,car,4.5,xloopA_0Ba,xloopA_0Bb,3482.7,3655.3,172.6,84.2,1.8,1
1570,suv,4.8,road_loopA_f0,road_loopA_f1,3540.2,3655.6,115.4,1303.6,40.7,0
1572,suv,4.8,road_loopA_f0,road_loopA_f1,3541.5,3656.6,115.1,1304.0,40.8,1
1506,car,4.5,xloopA_0Ba,xloopA_0Bb,3488.0,3657.3,169.3,84.2,1.8,1
1579,car,4.5,road_loopA_f0,road_loopA_f1,3545.4,3658.4,113.0,1303.2,41.5,0
1544,car,4.5,xloopA_0Ba,xloopA_0Bb,3513.4,3659.5,146.1,84.2,2.1,0
1576,car,4.5,road_loopA_f0,road_loopA_f1,3543.6,3660.2,116.6,1303.9,40.3,0
1586,car,4.5,road_loopA_f0,road_loopA_f1,3553.7,3660.2,106.5,1304.2,44.1,0
1587,car,4.5,road_loopA_f0,road_loopA_f1,3556.0,3661.9,105.9,1303.0,44.3,0
1588,car,4.5,road_loopA_f0,road_loopA_f1,3556.7,3663.7,107.0,1303.3,43.9,0
1585,car,4.5,road_loopA_f0,road_loopA_f1,3553.6,3664.0,110.4,1303.3,42.5,0
1591,car,4.5,road_loopA_f0,road_loopA_f1,3559.4,3665.5,106.1,1303.7,44.2,0
1592,car,4.5,road_loopA_f0,road_loopA_f1,3559.8,3665.7,105.9,1303.1,44.3,0
1594,suv,4.8,road_loopA_f0,road_loopA_f1,3563.6,3665.9,102.3,1304.0,45.9,0
1595,truck,8.5,road_loopA_f0,road_loopA_f1,3564.4,3667.8,103.4,1304.1,45.4,0
1445,bus,11.0,road_loopA_r0,road_loopA_r1,3444.9,3670.0,225.1,1298.3,20.8,5
1590,car,4.5,road_loopA_r0,xloopA_0Ab,3558.6,3670.5,111.9,869.1,27.9,1
1602,car,4.5,road_loopA_f0,road_loopA_f1,3570.2,3673.0,102.8,1303.3,45.6,0
1607,car,4.5,road_loopA_f0,road_loopA_f1,3573.7,3673.9,100.2,1303.6,46.8,0
1611,car,4.5,road_loopA_f0,road_loopA_f1,3578.6,3675.5,96.9,1303.4,48.4,0
1615,car,4.5,road_loopA_f0,road_loopA_f1,3583.0,3677.3,94.3,1303.5,49.8,0
1598,car,4.5,road_loopA_f0,road_loopA_f1,3568.1,3677.7,109.6,1303.1,42.8,0
1583,car,4.5,road_loopA_r0,xloopA_0Ab,3551.0,3680.4,129.4,869.1,24.2,3
1622,car,4.5,road_loopA_f0,road_loopA_f1,3591.3,3680.6,89.3,1303.1,52.5,0
1625,truck,8.5,road_loopA_f0,xloopA_0Bb,3594.2,3681.5,87.3,478.9,19.7,2
1652,suv,4.8,road_loopA_f0,xloopA_0Bb,3617.4,3685.3,67.9,479.2,25.4,2
1606,car,4.5,road_loopA_f0,road_loopA_f1,3573.2,3687.7,114.5,1302.8,41.0,0
1619,car,4.5,road_loopA_r0,xloopA_0Ab,3587.9,3691.2,103.3,868.9,30.3,2
1651,car,4.5,road_loopA_r0,xloopA_0Ab,3615.9,3694.4,78.5,869.2,39.8,0
1701,car,4.5,road_loopA_f0,xloopA_0Bb,3649.6,3695.5,45.9,478.7,37.6,0
1597,car,4.5,road_loopA_r0,road_loopA_r1,3567.4,3696.4,129.0,1297.3,36.2,1
1605,car,4.5,road_loopA_r0,road_loopA_r1,3572.5,3696.4,123.9,1298.0,37.7,1
1610,suv,4.8,road_loopA_r0,road_loopA_r1,3577.3,3701.5,124.2,1297.3,37.6,1
1600,car,4.5,road_loopA_r0,road_loopA_r1,3568.9,3702.5,133.6,1297.6,35.0,1
1601,car,4.5,road_loopA_r0,road_loopA_r1,3569.0,3703.1,134.1,1297.5,34.8,1
1614,car,4.5,road_loopA_r0,road_loopA_r1,3582.6,3704.2,121.6,1298.6,38.4,1
1608,truck,8.5,road_loopA_r0,road_loopA_r1,3574.0,3705.3,131.3,1297.8,35.6,1
1613,car,4.5,road_loopA_r0,road_loopA_r1,3582.3,3706.1,123.8,1297.5,37.7,1
1627,car,4.5,road_loopA_r0,road_loopA_r1,3596.9,3706.1,109.2,1297.6,42.8,1
1612,car,4.5,road_loopA_r0,road_loopA_r1,3580.3,3707.3,127.0,1298.4,36.8,1
1616,car,4.5,road_loopA_r0,road_loopA_r1,3585.8,3709.0,123.2,1298.1,37.9,1
1617,car,4.5,road_loopA_r0,road_loopA_r1,3587.1,3709.2,122.1,1297.5,38.3,1
1634,car,4.5,road_loopA_r0,road_loopA_r1,3603.4,3709.3,105.9,1297.5,44.1,0
1620,car,4.5,road_loopA_r0,road_loopA_r1,3588.8,3710.8,122.0,1298.6,38.3,1
1636,car,4.5,road_loopA_r0,road_loopA_r1,3604.9,3710.9,106.0,1297.4,44.0,0
1628,suv,4.8,road_loopA_r0,road_loopA_r1,3596.9,3712.2,115.3,1297.9,40.5,1
1623,car,4.5,road_loopA_r0,road_loopA_r1,3592.8,3712.5,119.7,1298.1,39.0,1
1630,car,4.5,road_loopA_r0,road_loopA_r1,3597.3,3714.2,116.9,1297.8,40.0,1
1629,truck,8.5,road_loopA_r0,road_loopA_r1,3596.9,3719.0,122.1,1297.5,38.2,0
1637,car,4.5,road_loopA_r0,road_loopA_r1,3605.8,3719.7,113.9,1298.0,41.0,0
1631,truck,8.5,road_loopA_r0,road_loopA_r1,3599.8,3722.3,122.5,1298.2,38.1,0
1639,truck,8.5,road_loopA_r0,road_loopA_r1,3607.4,3723.0,115.6,1297.9,40.4,0
1624,car,4.5,road_loopA_f0,road_loopA_f1,3593.3,3723.8,130.5,1304.0,36.0,1
1654,car,4.5,road_loopA_r0,road_loopA_r1,3618.7,3724.3,105.6,1297.9,44.3,0
1621,suv,4.8,road_loopA_r0,road_loopA_r1,3590.0,3725.2,135.2,1297.4,34.5,0
1669,car,4.5,road_loopA_r0,road_loopA_r1,3628.5,3726.0,97.5,1297.5,47.9,0
1643,car,4.5,road_loopA_r0,road_loopA_r1,3610.2,3726.9,116.7,1298.1,40.0,0
1645,car,4.5,road_loopA_r0,road_loopA_r1,3611.8,3726.9,115.1,1298.2,40.6,0
1665,car,4.5,road_loopA_r0,road_loopA_r1,3624.9,3728.3,103.4,1298.0,45.2,0
1656,car,4.5,road_loopA_r0,road_loopA_r1,3620.7,3728.6,107.9,1297.7,43.3,0
1657,car,4.5,road_loopA_r0,road_loopA_r1,3622.2,3728.6,106.4,1298.1,43.9,0
1618,car,4.5,road_loopA_r0,xloopA_0Bb,3587.8,3729.2,141.4,895.3,22.8,1
1728,suv,4.8,road_loopA_f0,xloopA_0Ab,3675.7,3729.8,54.1,504.9,33.6,1
1673,car,4.5,road_loopA_r0,road_loopA_r1,3633.1,3730.2,97.1,1297.6,48.1,0
1659,car,4.5,road_loopA_r0,road_loopA_r1,3622.2,3730.3,108.1,1298.0,43.2,0
1638,car,4.5,road_loopA_f0,road_loopA_f1,3606.3,3730.5,124.2,1303.5,37.8,1
1646,car,4.5,road_loopA_f0,road_loopA_f1,3612.0,3732.2,120.2,1303.9,39.1,1
1667,suv,4.8,road_loopA_r0,road_loopA_r1,3626.5,3732.2,105.7,1297.4,44.2,0
1664,truck,8.5,road_loopA_r0,xloopA_0Bb,3624.1,3732.6,108.5,895.4,29.7,1
1676,car,4.5,road_loopA_r0,road_loopA_r1,3635.0,3733.1,98.1,1298.6,47.7,0
1675,suv,4.8,road_loopA_r0,road_loopA_r1,3633.5,3733.4,99.9,1297.7,46.8,0
1682,car,4.5,road_loopA_r0,road_loopA_r1,3637.0,3734.9,97.9,1297.7,47.7,0
1686,car,4.5,road_loopA_r0,xloopA_0Bb,3641.1,3735.7,94.6,895.7,34.1,1
1683,car,4.5,road_loopA_r0,road_loopA_r1,3637.5,3735.8,98.3,1297.7,47.5,0
1663,truck,8.5,road_loopA_r0,road_loopA_r1,3623.7,3735.9,112.2,1298.0,41.6,0
1641,car,4.5,road_loopA_f0,road_loopA_f1,3608.6,3736.0,127.4,1303.6,36.8,1
1681,car,4.5,road_loopA_r0,road_loopA_r1,3636.5,3737.0,100.5,1297.4,46.5,0
1649,car,4.5,road_loopA_f0,road_loopA_f1,3615.1,3737.7,122.6,1302.9,38.3,1
1666,car,4.5,road_loopA_r0,road_loopA_r1,3626.1,3737.9,111.8,1297.4,41.8,0
1658,suv,4.8,road_loopA_f0,road_loopA_f1,3622.3,3738.2,115.9,1304.2,40.5,1
1688,car,4.5,road_loopA_r0,xloopA_0Bb,3642.9,3738.3,95.4,895.3,33.8,1
1692,truck,8.5,road_loopA_r0,road_loopA_r1,3644.9,3739.2,94.3,1297.8,49.5,0
1696,car,4.5,road_loopA_r0,road_loopA_r1,3647.9,3739.3,91.4,1298.5,51.1,0
1661,car,4.5,road_loopA_f0,road_loopA_f1,3623.2,3739.9,116.7,1304.2,40.2,1
1632,car,4.5,road_loopA_f0,road_loopA_f1,3600.5,3741.2,140.7,1302.8,33.3,1
1694,suv,4.8,road_loopA_r0,road_loopA_r1,3646.3,3741.2,94.9,1298.2,49.2,0
1671,suv,4.8,road_loopA_f0,road_loopA_f1,3632.2,3741.7,109.5,1303.3,42.9,0
1490,car,4.5,xloopA_0Ba,road_loopA_f1,3475.3,3742.1,266.8,902.6,12.2,1
1693,car,4.5,road_loopA_r0,road_loopA_r1,3645.5,3743.4,97.9,1297.4,47.7,0
1655,suv,4.8,road_loopA_f0,road_loopA_f1,3619.6,3743.5,123.9,1302.9,37.9,1
1648,suv,4.8,road_loopA_f0,road_loopA_f1,3614.4,3744.4,130.0,1304.0,36.1,1
1564,car,4.5,xloopA_0Aa,xloopA_0Ab,3534.3,3744.9,210.6,84.7,1.4,1
1699,car,4.5,road_loopA_f0,road_loopA_f1,3648.7,3745.3,96.6,1302.9,48.6,0
1603,car,4.5,xloopA_0Ba,xloopA_0Bb,3570.5,3745.4,174.9,84.0,1.7,1
1678,car,4.5,road_loopA_f0,road_loopA_f1,3635.2,3747.4,112.2,1303.4,41.8,0
1633,car,4.5,xloopA_0Ba,xloopA_0Bb,3602.5,3747.7,145.2,84.4,2.1,1
1609,bus,11.0,road_loopA_r0,road_loopA_r1,3576.5,3749.1,172.6,1298.3,27.1,2
1687,suv,4.8,road_loopA_f0,road_loopA_f1,3642.6,3749.2,106.6,1303.0,44.0,0
1653,car,4.5,road_loopA_f0,road_loopA_f1,3618.4,3750.0,131.6,1303.8,35.7,1
1685,car,4.5,xloopA_0Aa,xloopA_0Ab,3640.1,3750.6,110.5,84.2,2.7,0
1690,car,4.5,road_loopA_f0,road_loopA_f1,3644.5,3751.2,106.7,1303.1,44.0,0
1525,car,4.5,xloopA_0Aa,road_loopA_f1,3499.9,3752.6,252.7,872.5,12.4,1
1700,car,4.5,road_loopA_f0,road_loopA_f1,3649.5,3753.0,103.5,1303.1,45.3,0
1715,car,4.5,road_loopA_f0,road_loopA_f1,3661.8,3754.9,93.1,1303.4,50.4,0
1717,suv,4.8,road_loopA_f0,road_loopA_f1,3663.7,3756.7,93.0,1303.1,50.5,0
1647,car,4.5,road_loopA_f0,road_loopA_f1,3613.4,3757.0,143.6,1303.8,32.7,1
1722,car,4.5,road_loopA_f0,road_loopA_f1,3668.3,3758.7,90.4,1303.7,51.9,0
1674,truck,8.5,road_loopA_f0,road_loopA_f1,3633.4,3759.2,125.8,1303.9,37.3,0
1725,car,4.5,road_loopA_f0,road_loopA_f1,3671.1,3760.8,89.7,1303.6,52.3,0
1680,car,4.5,road_loopA_f0,road_loopA_f1,3636.3,3761.3,125.0,1303.0,37.5,0
1708,suv,4.8,road_loopA_f0,road_loopA_f1,3656.2,3763.5,107.3,1303.3,43.7,0
1691,suv,4.8,road_loopA_f0,road_loopA_f1,3644.8,3764.4,119.6,1303.0,39.2,0
1702,suv,4.8,road_loopA_f0,road_loopA_f1,3649.8,3767.9,118.1,1302.8,39.7,0
1640,car,4.5,road_loopA_f0,road_loopA_f1,3607.8,3768.0,160.2,1303.7,29.3,1
1727,truck,8.5,road_loopA_f0,road_loopA_f1,3672.9,3769.3,96.4,1303.5,48.7,0
1596,car,4.5,xloopA_0Ba,road_loopA_f1,3565.6,3769.5,203.9,902.3,15.9,0
1660,suv,4.8,road_loopA_f0,road_loopA_f1,3622.6,3769.7,147.1,1304.2,31.9,1
1731,car,4.5,road_loopA_f0,road_loopA_f1,3677.6,3771.3,93.7,1303.4,50.1,0
1679,truck,8.5,road_loopA_f0,road_loopA_f1,3635.8,3771.7,135.9,1303.2,34.5,0
1704,car,4.5,road_loopA_r0,xloopA_0Ab,3650.3,3771.8,121.5,868.9,25.8,2
1748,car,4.5,road_loopA_f0,xloopA_0Bb,3696.9,3772.1,75.2,478.6,22.9,2
1733,car,4.5,road_loopA_f0,road_loopA_f1,3680.1,3773.0,92.9,1302.8,50.5,0
1684,car,4.5,road_loopA_f0,road_loopA_f1,3639.9,3773.3,133.4,1303.1,35.2,0
1672,suv,4.8,road_loopA_f0,road_loopA_f1,3632.3,3774.2,141.9,1303.0,33.1,0
1709,car,4.5,road_loopA_f0,road_loopA_f1,3656.6,3774.8,118.2,1303.0,39.7,0
1755,car,4.5,road_loopA_f0,xloopA_0Bb,3700.2,3775.8,75.6,478.6,22.8,2
1718,suv,4.8,road_loopA_f0,road_loopA_f1,3665.2,3777.0,111.8,1303.5,42.0,0
1644,car,4.5,road_loopA_f0,road_loopA_f1,3611.8,3777.1,165.3,1303.2,28.4,1
1724,truck,8.5,road_loopA_f0,road_loopA_f1,3669.3,3778.9,109.6,1303.5,42.8,0
1670,truck,8.5,road_loopA_f0,road_loopA_f1,3629.8,3779.3,149.5,1303.3,31.4,0
1734,car,4.5,road_loopA_f0,road_loopA_f1,3680.5,3781.1,100.6,1304.0,46.7,0
1716,suv,4.8,road_loopA_f0,road_loopA_f1,3662.6,3781.3,118.7,1303.3,39.5,0
1779,suv,4.8,road_loopA_f0,xloopA_0Bb,3724.3,3782.6,58.3,479.1,29.6,1
1626,suv,4.8,road_loopA_f0,road_loopA_f1,3595.0,3784.2,189.2,1303.2,24.8,1
1563,car,4.5,xloopA_0Aa,road_loopA_f1,3534.2,3785.7,251.5,872.5,12.5,0
1730,car,4.5,road_loopA_f0,road_loopA_f1,3676.9,3786.0,109.1,1303.4,43.0,0
1635,truck,8.5,road_loopA_f0,road_loopA_f1,3603.8,3788.6,184.8,1303.5,25.4,1
1713,suv,4.8,road_loopA_r0,road_loopA_r1,3659.9,3789.7,129.8,1298.2,36.0,1
1697,car,4.5,road_loopA_r0,road_loopA_r1,3647.9,3792.6,144.7,1298.2,32.3,1
1689,suv,4.8,road_loopA_f0,road_loopA_f1,3644.3,3794.0,149.7,1303.6,31.3,0
1574,car,4.5,xloopA_0Aa,road_loopA_r1,3542.6,3799.2,256.6,506.9,7.1,1
1695,car,4.5,road_loopA_r0,road_loopA_r1,3647.4,3799.4,152.0,1297.7,30.7,1
1821,suv,4.8,road_loopA_f0,xloopA_0Bb,3760.9,3800.9,40.0,478.9,43.1,0
1698,suv,4.8,road_loopA_r0,road_loopA_r1,3648.0,3801.8,153.8,1297.4,30.4,1
1705,car,4.5,road_loopA_r0,road_loopA_r1,3652.9,3803.8,150.9,1297.4,31.0,0
1604,car,4.5,xloopA_0Aa,road_loopA_r1,3571.4,3805.4,234.0,507.0,7.8,1
1710,car,4.5,road_loopA_r0,road_loopA_r1,3657.1,3805.5,148.4,1297.3,31.5,1
1707,car,4.5,road_loopA_r0,road_loopA_r1,3655.9,3807.0,151.1,1297.3,30.9,1
1737,suv,4.8,road_loopA_r0,road_loopA_r1,3683.5,3807.2,123.7,1297.6,37.8,1
1642,car,4.5,xloopA_0Ba,road_loopA_r1,3610.0,3808.6,198.6,476.6,8.6,1
1714,car,4.5,road_loopA_r0,road_loopA_r1,3661.5,3808.7,147.2,1298.3,31.7,1
1743,car,4.5,road_loopA_r0,road_loopA_r1,3693.1,3809.1,116.0,1298.2,40.3,1
1719,car,4.5,road_loopA_r0,road_loopA_r1,3665.9,3810.3,144.4,1297.8,32.4,1
1668,car,4.5,xloopA_0Ba,road_loopA_r1,3627.8,3810.7,182.9,476.8,9.4,0
1762,suv,4.8,road_loopA_r0,road_loopA_r1,3705.1,3810.9,105.8,1298.5,44.2,0
1721,suv,4.8,road_loopA_r0,road_loopA_r1,3667.7,3812.0,144.3,1298.4,32.4,1
1768,car,4.5,road_loopA_r0,road_loopA_r1,3709.9,3813.3,103.4,1298.0,45.2,0
1729,suv,4.8,road_loopA_r0,road_loopA_r1,3675.9,3813.7,137.8,1298.0,33.9,1
1735,car,4.5,road_loopA_r0,road_loopA_r1,3681.5,3815.4,133.9,1297.4,34.9,1
1770,suv,4.8,road_loopA_r0,road_loopA_r1,3712.3,3815.9,103.6,1298.1,45.1,0
1736,car,4.5,road_loopA_f0,road_loopA_f1,3683.1,3817.0,133.9,1303.5,35.1,1
1706,car,4.5,xloopA_0Aa,road_loopA_r1,3654.4,3817.0,162.6,506.9,11.2,0
1754,suv,4.8,road_loopA_r0,road_loopA_r1,3700.2,3817.4,117.2,1298.4,39.9,0
1771,suv,4.8,road_loopA_r0,road_loopA_r1,3712.4,3817.8,105.4,1297.6,44.3,0
1703,car,4.5,road_loopA_r0,road_loopA_r1,3650.3,3818.6,168.3,1297.4,27.8,1
1741,suv,4.8,road_loopA_f0,road_loopA_f1,3692.5,3818.8,126.3,1302.9,37.1,1
1766,suv,4.8,road_loopA_r0,road_loopA_r1,3708.5,3819.2,110.7,1298.2,42.2,0
1780,car,4.5,road_loopA_r0,road_loopA_r1,3724.5,3819.5,95.0,1297.7,49.2,0
1744,car,4.5,road_loopA_f0,road_loopA_f1,3693.3,3820.2,126.9,1303.6,37.0,1
1711,suv,4.8,road_loopA_r0,road_loopA_r1,3658.6,3820.3,161.7,1298.1,28.9,1
1739,car,4.5,road_loopA_f0,road_loopA_f1,3688.8,3820.8,132.0,1303.4,35.5,1
1760,suv,4.8,road_loopA_r0,road_loopA_r1,3703.6,3821.1,117.5,1297.8,39.8,0
1776,car,4.5,road_loopA_r0,road_loopA_r1,3717.9,3821.9,104.0,1298.2,45.0,0
1723,car,4.5,road_loopA_r0,road_loopA_r1,3669.1,3822.0,152.9,1298.5,30.6,1
1753,suv,4.8,road_loopA_r0,xloopA_0Bb,3700.1,3822.8,122.7,895.8,26.3,1
1765,suv,4.8,road_loopA_r0,road_loopA_r1,3708.2,3822.8,114.6,1298.3,40.8,0
1788,car,4.5,road_loopA_r0,road_loopA_r1,3731.4,3822.9,91.5,1297.9,51.1,0
1750,car,4.5,road_loopA_f0,road_loopA_f1,3697.2,3823.3,126.1,1302.9,37.2,1
1806,car,4.5,road_loopA_f0,xloopA_0Ab,3747.8,3823.3,75.5,505.1,24.1,1
1738,suv,4.8,road_loopA_r0,road_loopA_r1,3687.0,3823.6,136.6,1297.4,34.2,1
1785,car,4.5,road_loopA_r0,road_loopA_r1,3728.5,3825.2,96.7,1297.9,48.3,0
1752,car,4.5,road_loopA_r0,road_loopA_r1,3699.8,3825.4,125.6,1298.4,37.2,0
1799,suv,4.8,road_loopA_r0,xloopA_0Bb,3741.3,3825.8,84.5,895.8,38.2,0
1746,car,4.5,road_loopA_f0,road_loopA_f1,3693.3,3825.9,132.6,1303.2,35.4,1
1816,suv,4.8,road_loopA_f0,xloopA_0Ab,3758.1,3825.9,67.8,504.9,26.8,1
1767,suv,4.8,road_loopA_r0,road_loopA_r1,3709.9,3827.1,117.2,1297.6,39.9,0
1751,car,4.5,road_loopA_f0,road_loopA_f1,3697.9,3827.6,129.7,1303.6,36.2,1
1791,suv,4.8,road_loopA_r0,road_loopA_r1,3732.7,3827.8,95.1,1298.5,49.2,0
1742,suv,4.8,road_loopA_f0,road_loopA_f1,3693.2,3828.1,134.9,1303.8,34.8,1
1833,suv,4.8,road_loopA_f0,xloopA_0Ab,3775.4,3828.8,53.4,505.5,34.1,0
1773,suv,4.8,road_loopA_r0,road_loopA_r1,3715.8,3828.9,113.1,1298.2,41.3,0
1745,car,4.5,road_loopA_f0,road_loopA_f1,3693.3,3829.7,136.4,1302.9,34.4,1
1795,suv,4.8,road_loopA_r0,road_loopA_r1,3736.3,3830.1,93.8,1297.4,49.8,0
1662,bus,11.0,road_loopA_r0,road_loopA_r1,3623.5,3830.6,207.1,1297.6,22.6,3
1757,car,4.5,road_loopA_f0,road_loopA_f1,3701.2,3830.6,129.4,1303.5,36.3,1
1777,car,4.5,road_loopA_r0,road_loopA_r1,3720.9,3830.6,109.7,1297.3,42.6,0
1758,car,4.5,road_loopA_f0,road_loopA_f1,3701.7,3831.5,129.8,1303.6,36.2,1
1749,truck,8.5,road_loopA_f0,road_loopA_f1,3697.0,3831.8,134.8,1302.8,34.8,1
1797,car,4.5,road_loopA_r0,road_loopA_r1,3740.0,3831.9,91.9,1297.3,50.8,0
1769,suv,4.8,road_loopA_f0,road_loopA_f1,3710.9,3833.2,122.3,1303.3,38.3,1
1756,suv,4.8,road_loopA_f0,road_loopA_f1,3700.4,3833.9,133.5,1303.9,35.2,1
1781,car,4.5,road_loopA_f0,road_loopA_f1,3725.1,3834.4,109.3,1303.0,42.9,0
1774,car,4.5,road_loopA_f0,road_loopA_f1,3716.1,3835.8,119.7,1304.0,39.2,1
1677,car,4.5,xloopA_0Ba,xloopA_0Bb,3635.1,3836.3,201.2,84.4,1.5,1
1801,car,4.5,road_loopA_r0,road_loopA_r1,3744.5,3837.0,92.5,1297.5,50.5,0
1720,car,4.5,xloopA_0Aa,xloopA_0Ab,3667.6,3837.2,169.6,84.4,1.8,1
1798,suv,4.8,road_loopA_r0,road_loopA_r1,3740.2,3838.1,97.9,1298.5,47.8,0
1784,suv,4.8,road_loopA_r0,road_loopA_r1,3727.9,3839.0,111.1,1298.4,42.1,0
1726,car,4.5,xloopA_0Aa,xloopA_0Ab,3672.1,3839.3,167.2,84.0,1.8,1
1794,car,4.5,road_loopA_r0,road_loopA_r1,3734.8,3839.7,104.9,1297.4,44.5,0
1759,car,4.5,road_loopA_f0,road_loopA_f1,3702.4,3840.0,137.6,1303.3,34.1,1
1789,car,4.5,road_loopA_f0,road_loopA_f1,3731.8,3840.0,108.2,1303.1,43.4,0
1778,suv,4.8,road_loopA_f0,road_loopA_f1,3723.7,3840.5,116.8,1303.8,40.2,0
1747,car,4.5,xloopA_0Ba,xloopA_0Bb,3694.7,3840.5,145.8,84.3,2.1,1
1787,car,4.5,road_loopA_r0,road_loopA_r1,3730.3,3841.5,111.2,1297.9,42.0,0
1796,car,4.5,road_loopA_f0,road_loopA_f1,3736.8,3841.7,104.9,1302.9,44.7,0
1732,car,4.5,xloopA_0Aa,xloopA_0Ab,3678.1,3841.7,163.6,84.1,1.9,1
1782,suv,4.8,road_loopA_f0,road_loopA_f1,3725.1,3842.2,117.1,1303.3,40.1,0
1786,car,4.5,road_loopA_f0,road_loopA_f1,3730.2,3843.8,113.6,1303.4,41.3,0
1761,car,4.5,xloopA_0Ba,xloopA_0Bb,3705.2,3843.9,138.7,84.1,2.2,0
1790,car,4.5,road_loopA_r0,road_loopA_r1,3732.2,3844.7,112.5,1297.3,41.5,0
1792,car,4.5,road_loopA_f0,road_loopA_f1,3733.4,3845.6,112.2,1304.1,41.8,0
1775,suv,4.8,road_loopA_f0,road_loopA_f1,3717.3,3846.0,128.7,1303.6,36.5,0
1793,car,4.5,xloopA_0Aa,xloopA_0Ab,3733.8,3846.3,112.5,84.5,2.7,0
1802,car,4.5,road_loopA_f0,road_loopA_f1,3745.0,3846.4,101.4,1303.6,46.3,0
1763,car,4.5,xloopA_0Ba,xloopA_0Bb,3707.8,3846.6,138.8,84.2,2.2,0
1800,car,4.5,road_loopA_f0,road_loopA_f1,3743.8,3847.3,103.5,1303.2,45.3,0
1814,car,4.5,road_loopA_f0,road_loopA_f1,3757.8,3849.1,91.3,1302.9,51.4,0
1812,car,4.5,road_loopA_f0,road_loopA_f1,3756.9,3853.1,96.2,1303.8,48.8,0
1783,car,4.5,road_loopA_f0,road_loopA_f1,3727.2,3854.3,127.1,1302.9,36.9,0
1815,suv,4.8,road_loopA_f0,road_loopA_f1,3758.1,3854.8,96.7,1304.0,48.5,0
1818,car,4.5,road_loopA_f0,road_loopA_f1,3758.6,3855.9,97.3,1302.9,48.2,0
1772,car,4.5,road_loopA_f0,road_loopA_f1,3715.5,3856.4,140.9,1303.8,33.3,0
1827,suv,4.8,road_loopA_f0,road_loopA_f1,3767.3,3859.5,92.2,1304.1,50.9,0
1825,car,4.5,road_loopA_f0,road_loopA_f1,3765.1,3859.9,94.8,1304.0,49.5,0
1829,suv,4.8,road_loopA_f0,road_loopA_f1,3769.9,3861.5,91.6,1302.9,51.2,0
1849,car,4.5,road_loopA_f0,xloopA_0Bb,3788.4,3863.8,75.4,478.7,22.9,2
1836,car,4.5,road_loopA_f0,road_loopA_f1,3777.4,3866.8,89.4,1303.1,52.5,0
1857,car,4.5,road_loopA_f0,xloopA_0Bb,3797.4,3867.5,70.1,478.8,24.6,2
1902,car,4.5,road_loopA_f0,xloopA_0Bb,3829.0,3876.5,47.5,478.7,36.3,0
1846,suv,4.8,road_loopA_r0,xloopA_0Ab,3786.8,3881.0,94.2,869.4,33.2,1
1808,suv,4.8,road_loopA_r0,road_loopA_r1,3749.7,3884.9,135.2,1298.2,34.6,1
1805,suv,4.8,road_loopA_r0,road_loopA_r1,3746.4,3888.5,142.1,1298.4,32.9,1
1803,truck,8.5,road_loopA_r0,road_loopA_r1,3745.9,3889.7,143.8,1297.6,32.5,1
1817,car,4.5,road_loopA_r0,road_loopA_r1,3758.2,3890.3,132.1,1298.5,35.4,1
1811,car,4.5,road_loopA_r0,road_loopA_r1,3756.8,3891.7,134.9,1298.4,34.6,1
1820,car,4.5,road_loopA_r0,road_loopA_r1,3760.1,3892.0,131.9,1297.3,35.4,1
1929,car,4.5,road_loopA_f0,xloopA_0Bb,3849.3,3892.3,43.0,478.7,40.0,0
1872,car,4.5,xloopA_0Ba,road_loopA_r1,3809.4,3893.0,83.6,476.9,20.5,0
1819,suv,4.8,road_loopA_r0,road_loopA_r1,3759.3,3893.4,134.1,1297.3,34.8,1
1826,car,4.5,road_loopA_r0,road_loopA_r1,3765.8,3894.6,128.8,1298.1,36.3,1
1804,car,4.5,road_loopA_r0,road_loopA_r1,3746.1,3894.7,148.6,1297.5,31.4,1
1932,car,4.5,road_loopA_f0,xloopA_0Bb,3852.5,3895.1,42.6,479.2,40.5,0
1823,suv,4.8,road_loopA_r0,road_loopA_r1,3762.1,3895.2,133.1,1297.6,35.1,1
1810,car,4.5,road_loopA_r0,road_loopA_r1,3755.2,3896.4,141.2,1297.8,33.1,1
1828,car,4.5,road_loopA_r0,road_loopA_r1,3768.0,3896.4,128.4,1297.3,36.4,1
1824,car,4.5,road_loopA_r0,road_loopA_r1,3764.5,3897.1,132.6,1297.8,35.2,1
1813,car,4.5,road_loopA_r0,road_loopA_r1,3757.6,3898.1,140.5,1298.4,33.3,1
1830,suv,4.8,road_loopA_r0,road_loopA_r1,3773.2,3898.9,125.7,1298.6,37.2,1
1832,car,4.5,road_loopA_r0,road_loopA_r1,3775.0,3899.6,124.6,1298.3,37.5,1
1822,car,4.5,road_loopA_r0,road_loopA_r1,3761.2,3899.7,138.5,1297.4,33.7,1
1944,car,4.5,road_loopA_f0,xloopA_0Bb,3860.1,3900.5,40.4,478.5,42.6,0
1839,car,4.5,road_loopA_r0,road_loopA_r1,3782.1,3900.9,118.8,1298.1,39.4,1
1831,car,4.5,road_loopA_r0,road_loopA_r1,3774.2,3901.5,127.3,1298.5,36.7,1
1834,car,4.5,road_loopA_r0,road_loopA_r1,3775.8,3903.3,127.5,1298.4,36.7,1
1835,car,4.5,road_loopA_r0,road_loopA_r1,3776.5,3904.2,127.7,1298.2,36.6,1
1764,bus,11.0,road_loopA_f0,road_loopA_f1,3707.9,3904.4,196.5,1303.1,23.9,4
1875,suv,4.8,road_loopA_r0,road_loopA_r1,3810.3,3904.7,94.4,1298.6,49.5,0
1842,car,4.5,road_loopA_r0,road_loopA_r1,3783.9,3905.0,121.1,1297.9,38.6,1
1840,car,4.5,road_loopA_r0,road_loopA_r1,3783.7,3906.4,122.7,1297.3,38.1,1
1851,car,4.5,road_loopA_r0,road_loopA_r1,3790.8,3908.1,117.3,1297.5,39.8,0
1838,car,4.5,road_loopA_f0,road_loopA_f1,3779.7,3909.6,129.9,1303.8,36.1,1
1841,truck,8.5,road_loopA_r0,road_loopA_r1,3783.7,3909.8,126.1,1298.4,37.1,0
1855,suv,4.8,road_loopA_r0,road_loopA_r1,3795.0,3910.2,115.2,1298.1,40.6,0
1856,suv,4.8,road_loopA_r0,road_loopA_r1,3796.5,3912.2,115.7,1298.1,40.4,0
1862,car,4.5,road_loopA_r0,road_loopA_r1,3801.9,3912.5,110.6,1297.5,42.2,0
1848,car,4.5,road_loopA_f0,road_loopA_f1,3788.0,3912.9,124.9,1303.9,37.6,1
1853,suv,4.8,road_loopA_r0,road_loopA_r1,3792.6,3912.9,120.3,1298.2,38.9,1
1837,car,4.5,road_loopA_f0,road_loopA_f1,3779.4,3913.0,133.6,1303.4,35.1,1
1868,car,4.5,road_loopA_r0,road_loopA_r1,3805.7,3914.3,108.6,1298.0,43.0,0
1865,car,4.5,road_loopA_r0,road_loopA_r1,3803.7,3914.6,110.9,1298.3,42.2,0
1870,car,4.5,road_loopA_r0,road_loopA_r1,3806.0,3916.4,110.4,1298.5,42.4,0
1844,car,4.5,road_loopA_f0,road_loopA_f1,3785.2,3916.6,131.4,1303.7,35.7,1
1845,car,4.5,road_loopA_f0,road_loopA_f1,3786.8,3916.7,129.9,1304.2,36.2,1
1897,car,4.5,road_loopA_f0,xloopA_0Ab,3826.1,3916.8,90.7,505.2,20.1,1
1877,car,4.5,road_loopA_r0,road_loopA_r1,3811.7,3917.1,105.4,1298.3,44.3,0
1874,car,4.5,road_loopA_r0,road_loopA_r1,3810.3,3917.3,107.0,1297.8,43.7,0
1883,car,4.5,road_loopA_r0,road_loopA_r1,3816.8,3918.8,102.0,1297.6,45.8,0
1881,suv,4.8,road_loopA_r0,road_loopA_r1,3815.8,3919.0,103.2,1298.5,45.3,0
1925,suv,4.8,road_loopA_f0,xloopA_0Ab,3842.7,3919.4,76.7,504.9,23.7,1
1864,car,4.5,road_loopA_f0,road_loopA_f1,3803.6,3920.5,116.9,1303.4,40.1,1
1894,car,4.5,road_loopA_r0,road_loopA_r1,3825.1,3920.6,95.5,1298.5,48.9,0
1887,car,4.5,road_loopA_r0,road_loopA_r1,3819.4,3920.8,101.4,1298.5,46.1,0
1867,suv,4.8,road_loopA_f0,road_loopA_f1,3804.8,3921.9,117.1,1302.9,40.0,1
1898,car,4.5,road_loopA_r0,road_loopA_r1,3826.3,3922.1,95.8,1298.4,48.8,0
1888,car,4.5,road_loopA_r0,road_loopA_r1,3820.4,3923.2,102.8,1298.5,45.5,0
1962,suv,4.8,road_loopA_f0,xloopA_0Ab,3875.6,3923.4,47.8,504.9,38.0,0
1880,car,4.5,road_loopA_f0,road_loopA_f1,3815.7,3923.7,108.0,1303.8,43.4,0
1895,car,4.5,road_loopA_r0,road_loopA_r1,3825.2,3923.7,98.5,1297.3,47.4,0
1903,suv,4.8,road_loopA_r0,road_loopA_r1,3829.9,3924.9,95.0,1298.3,49.2,0
1885,suv,4.8,road_loopA_f0,road_loopA_f1,3818.8,3925.5,106.7,1304.0,44.0,1
1899,car,4.5,road_loopA_r0,road_loopA_r1,3826.8,3925.7,98.9,1297.4,47.2,0
1852,suv,4.8,road_loopA_f0,road_loopA_f1,3791.9,3926.1,134.2,1302.8,34.9,1
1847,car,4.5,road_loopA_f0,road_loopA_f1,3787.1,3926.4,139.3,1302.8,33.7,1
1889,car,4.5,road_loopA_f0,road_loopA_f1,3820.8,3927.7,106.9,1302.9,43.9,1
1866,car,4.5,road_loopA_f0,road_loopA_f1,3804.3,3928.1,123.8,1303.9,37.9,1
1869,truck,8.5,road_loopA_f0,road_loopA_f1,3805.9,3929.1,123.2,1304.0,38.1,1
1891,car,4.5,road_loopA_f0,road_loopA_f1,3822.3,3929.5,107.2,1302.8,43.7,0
1909,car,4.5,road_loopA_r0,road_loopA_r1,3833.1,3930.5,97.4,1298.6,48.0,0
1893,car,4.5,road_loopA_f0,road_loopA_f1,3824.1,3931.5,107.4,1303.2,43.7,0
1906,car,4.5,xloopA_0Ba,xloopA_0Bb,3832.8,3931.5,98.7,84.5,3.1,1
1876,car,4.5,road_loopA_f0,road_loopA_f1,3810.3,3931.7,121.4,1303.6,38.7,1
1858,bus,11.0,road_loopA_r0,road_loopA_r1,3797.8,3931.8,134.0,1297.6,34.9,1
1809,car,4.5,xloopA_0Aa,xloopA_0Ab,3753.3,3932.2,178.9,84.6,1.7,1
1900,car,4.5,road_loopA_r0,road_loopA_r1,3827.5,3932.8,105.3,1297.9,44.4,0
1924,suv,4.8,road_loopA_r0,road_loopA_r1,3842.3,3933.5,91.2,1297.6,51.2,0
1907,car,4.5,road_loopA_f0,road_loopA_f1,3832.7,3933.9,101.2,1303.8,46.4,0
1859,bus,11.0,road_loopA_r0,road_loopA_r1,3798.1,3934.1,136.0,1297.4,34.3,1
1882,suv,4.8,road_loopA_f0,road_loopA_f1,3816.2,3934.2,118.0,1302.9,39.8,1
1911,car,4.5,road_loopA_r0,road_loopA_r1,3833.5,3934.7,101.2,1298.2,46.2,0
1908,car,4.5,road_loopA_r0,road_loopA_r1,3833.0,3936.3,103.3,1298.5,45.2,0
1920,car,4.5,road_loopA_r0,road_loopA_r1,3840.9,3936.4,95.5,1298.1,48.9,0
1886,car,4.5,road_loopA_f0,road_loopA_f1,3818.8,3937.2,118.4,1304.1,39.7,1
1892,car,4.5,road_loopA_f0,road_loopA_f1,3822.9,3937.6,114.7,1304.0,40.9,0
1918,car,4.5,road_loopA_f0,road_loopA_f1,3839.8,3939.2,99.4,1303.1,47.2,0
1850,car,4.5,xloopA_0Aa,xloopA_0Ab,3789.5,3939.2,149.7,84.0,2.0,1
1884,truck,8.5,road_loopA_r0,road_loopA_r1,3818.0,3939.7,121.7,1297.5,38.4,0
1890,car,4.5,road_loopA_f0,road_loopA_f1,3821.0,3940.2,119.2,1303.1,39.4,0
1923,suv,4.8,road_loopA_f0,road_loopA_f1,3842.1,3941.2,99.1,1304.1,47.4,0
1860,car,4.5,xloopA_0Aa,xloopA_0Ab,3800.6,3941.6,141.0,84.6,2.2,0
1896,suv,4.8,road_loopA_f0,road_loopA_f1,3825.4,3941.9,116.5,1304.1,40.3,0
1740,car,4.5,xloopA_0Ba,road_loopA_f1,3690.8,3942.7,251.9,902.8,12.9,1
1863,car,4.5,xloopA_0Aa,xloopA_0Ab,3801.9,3943.6,141.7,84.6,2.2,0
1861,car,4.5,road_loopA_f0,road_loopA_f1,3801.5,3944.4,142.9,1303.5,32.8,1
1879,suv,4.8,road_loopA_f0,road_loopA_f1,3814.6,3944.8,130.2,1304.1,36.0,1
1905,truck,8.5,road_loopA_f0,road_loopA_f1,3832.6,3946.6,114.0,1304.0,41.2,0
1913,car,4.5,road_loopA_f0,road_loopA_f1,3834.9,3948.2,113.3,1303.9,41.4,0
1854,car,4.5,road_loopA_f0,road_loopA_f1,3794.8,3948.4,153.6,1303.5,30.5,1
1878,car,4.5,road_loopA_f0,road_loopA_f1,3814.1,3948.4,134.3,1302.9,34.9,0
1915,car,4.5,road_loopA_f0,road_loopA_f1,3836.0,3950.0,114.0,1303.9,41.2,0
1910,car,4.5,road_loopA_f0,road_loopA_f1,3833.3,3950.2,116.9,1303.6,40.1,0
1930,car,4.5,road_loopA_f0,road_loopA_f1,3850.0,3951.1,101.1,1302.8,46.4,0
1919,suv,4.8,road_loopA_f0,road_loopA_f1,3839.8,3951.8,112.0,1303.8,41.9,0
1935,car,4.5,road_loopA_f0,road_loopA_f1,3852.7,3952.8,100.1,1303.6,46.9,0
1922,suv,4.8,road_loopA_f0,road_loopA_f1,3841.7,3953.6,111.9,1303.3,41.9,0
1940,car,4.5,road_loopA_f0,road_loopA_f1,3856.2,3954.6,98.4,1303.6,47.7,0
1934,suv,4.8,road_loopA_f0,road_loopA_f1,3852.7,3955.6,102.9,1303.9,45.6,0
1807,car,4.5,xloopA_0Aa,road_loopA_f1,3749.1,3956.5,207.4,872.5,15.1,0
1938,suv,4.8,road_loopA_f0,road_loopA_f1,3855.2,3957.0,101.8,1303.5,46.1,0
1936,truck,8.5,road_loopA_f0,road_loopA_f1,3853.9,3957.7,103.8,1302.8,45.2,0
1871,suv,4.8,road_loopA_f0,road_loopA_f1,3808.4,3958.2,149.8,1303.0,31.3,1
1948,suv,4.8,road_loopA_f0,road_loopA_f1,3864.6,3959.0,94.4,1304.1,49.7,0
1939,car,4.5,road_loopA_f0,road_loopA_f1,3855.7,3959.8,104.1,1303.1,45.1,0
1914,car,4.5,road_loopA_f0,road_loopA_f1,3834.9,3959.9,125.0,1303.1,37.5,0
1901,suv,4.8,road_loopA_r0,xloopA_0Ab,3827.5,3960.5,133.0,869.4,23.5,3
1952,suv,4.8,road_loopA_f0,road_loopA_f1,3867.4,3961.2,93.8,1304.1,50.1,0
1987,car,4.5,road_loopA_f0,xloopA_0Bb,3895.0,3961.2,66.2,478.7,26.0,2
1926,suv,4.8,road_loopA_f0,road_loopA_f1,3844.5,3961.6,117.1,1303.3,40.1,0
1937,suv,4.8,road_loopA_f0,road_loopA_f1,3854.0,3962.9,108.9,1303.6,43.1,0
2006,car,4.5,road_loopA_f0,xloopA_0Bb,3906.5,3964.8,58.3,478.7,29.5,2
1942,truck,8.5,road_loopA_f0,road_loopA_f1,3857.9,3965.0,107.1,1303.2,43.8,0
1941,suv,4.8,road_loopA_f0,road_loopA_f1,3857.8,3965.9,108.1,1303.5,43.4,0
1947,suv,4.8,road_loopA_f0,road_loopA_f1,3863.3,3967.1,103.8,1303.6,45.2,0
1945,suv,4.8,road_loopA_f0,road_loopA_f1,3861.6,3967.8,106.2,1303.3,44.2,0
1956,suv,4.8,road_loopA_f0,road_loopA_f1,3869.6,3968.8,99.2,1303.5,47.3,0
1921,car,4.5,road_loopA_r0,road_loopA_r1,3841.2,3979.0,137.8,1298.5,33.9,1
1916,car,4.5,road_loopA_r0,road_loopA_r1,3837.8,3983.1,145.3,1298.1,32.2,1
1943,suv,4.8,road_loopA_r0,road_loopA_r1,3858.8,3987.0,128.2,1298.2,36.4,1
1904,car,4.5,road_loopA_r0,road_loopA_r1,3832.1,3987.1,155.0,1297.9,30.1,1
1917,car,4.5,xloopA_0Ba,road_loopA_r1,3838.1,3987.8,149.7,476.9,11.5,1
1954,car,4.5,road_loopA_r0,road_loopA_r1,3869.1,3988.3,119.2,1298.0,39.2,1
1953,suv,4.8,road_loopA_r0,road_loopA_r1,3867.9,3990.0,122.1,1298.0,38.3,1
1927,truck,8.5,road_loopA_r0,road_loopA_r1,3846.2,3990.3,144.1,1297.6,32.4,1
1843,car,4.5,xloopA_0Aa,road_loopA_r1,3784.0,3991.7,207.7,506.6,8.8,1
1958,suv,4.8,road_loopA_r0,road_loopA_r1,3871.4,3992.1,120.7,1297.7,38.7,1
1933,car,4.5,road_loopA_r0,road_loopA_r1,3852.6,3993.6,141.0,1297.9,33.1,1
1949,car,4.5,road_loopA_r0,road_loopA_r1,3864.8,3995.4,130.6,1298.0,35.8,1
1970,car,4.5,road_loopA_r0,road_loopA_r1,3880.6,3995.4,114.8,1298.5,40.7,1
1966,car,4.5,road_loopA_r0,road_loopA_r1,3878.8,3996.4,117.6,1298.5,39.7,1
1986,car,4.5,road_loopA_r0,road_loopA_r1,3894.3,3997.5,103.2,1297.6,45.3,0
1971,car,4.5,road_loopA_r0,road_loopA_r1,3883.0,3998.1,115.1,1297.3,40.6,1
1976,car,4.5,road_loopA_r0,road_loopA_r1,3887.7,4000.0,112.3,1298.5,41.6,0
1991,car,4.5,road_loopA_r0,road_loopA_r1,3895.9,4000.1,104.2,1297.3,44.8,0
1928,car,4.5,xloopA_0Ba,road_loopA_r1,3848.6,4000.6,152.0,476.3,11.3,1
1979,car,4.5,road_loopA_r0,road_loopA_r1,3890.3,4001.8,111.5,1298.2,41.9,0
1983,suv,4.8,road_loopA_r0,road_loopA_r1,3893.1,4001.8,108.7,1297.8,43.0,0
1931,car,4.5,road_loopA_r0,road_loopA_r1,3851.0,4002.3,151.3,1298.1,30.9,1
1873,bus,11.0,road_loopA_f0,road_loopA_f1,3810.2,4002.7,192.5,1303.2,24.4,3
1994,suv,4.8,road_loopA_r0,road_loopA_r1,3899.8,4003.6,103.8,1297.3,45.0,0
1951,car,4.5,road_loopA_r0,road_loopA_r1,3865.9,4004.0,138.1,1298.2,33.8,1
1975,car,4.5,road_loopA_r0,road_loopA_r1,3887.5,4004.1,116.6,1297.4,40.1,0
1959,suv,4.8,road_loopA_f0,road_loopA_f1,3871.9,4005.2,133.3,1303.2,35.2,1
1990,car,4.5,road_loopA_r0,road_loopA_r1,3895.8,4005.5,109.7,1297.7,42.6,0
1978,suv,4.8,road_loopA_r0,road_loopA_r1,3888.4,4006.0,117.6,1298.3,39.7,0
1957,truck,8.5,road_loopA_r0,road_loopA_r1,3870.2,4006.1,135.9,1297.6,34.4,1
1960,suv,4.8,road_loopA_f0,road_loopA_f1,3873.3,4006.8,133.5,1303.9,35.2,1
1998,suv,4.8,road_loopA_r0,road_loopA_r1,3901.6,4007.5,105.9,1298.3,44.1,0
1977,suv,4.8,road_loopA_r0,road_loopA_r1,3888.0,4008.1,120.1,1298.1,38.9,0
1988,truck,8.5,road_loopA_r0,road_loopA_r1,3895.2,4008.7,113.5,1298.7,41.2,0
1961,suv,4.8,road_loopA_r0,xloopA_0Bb,3873.9,4009.8,135.9,895.9,23.7,1
1967,car,4.5,road_loopA_f0,road_loopA_f1,3879.1,4009.9,130.8,1303.4,35.9,1
1980,car,4.5,road_loopA_r0,road_loopA_r1,3890.7,4009.9,119.2,1298.6,39.2,0
1985,suv,4.8,road_loopA_r0,road_loopA_r1,3894.2,4010.4,116.2,1297.3,40.2,0
1997,suv,4.8,road_loopA_f0,xloopA_0Ab,3901.5,4010.4,108.9,505.5,16.7,1
1995,car,4.5,road_loopA_r0,road_loopA_r1,3901.0,4010.5,109.5,1297.3,42.6,0
1964,car,4.5,road_loopA_f0,road_loopA_f1,3877.6,4011.0,133.4,1303.5,35.2,1
2003,car,4.5,road_loopA_r0,xloopA_0Bb,3905.2,4012.4,107.2,895.6,30.1,1
1984,car,4.5,road_loopA_f0,road_loopA_f1,3893.9,4012.7,118.8,1303.7,39.5,1
2005,suv,4.8,road_loopA_f0,xloopA_0Ab,3905.9,4013.0,107.1,505.3,17.0,1
2002,car,4.5,road_loopA_r0,road_loopA_r1,3904.5,4014.3,109.8,1297.4,42.5,0
1982,car,4.5,road_loopA_f0,road_loopA_f1,3892.0,4014.5,122.5,1303.7,38.3,1
2012,car,4.5,road_loopA_r0,road_loopA_r1,3911.0,4014.8,103.8,1297.5,45.0,0
2041,car,4.5,road_loopA_f0,xloopA_0Ab,3942.1,4015.7,73.6,505.2,24.7,1
1973,car,4.5,road_loopA_r0,road_loopA_r1,3886.3,4015.8,129.5,1298.2,36.1,0
2007,car,4.5,road_loopA_r0,road_loopA_r1,3906.7,4016.0,109.3,1297.5,42.7,0
1955,car,4.5,road_loopA_f0,road_loopA_f1,3869.4,4016.2,146.8,1303.2,32.0,1
1989,car,4.5,road_loopA_f0,road_loopA_f1,3895.7,4017.8,122.1,1303.1,38.4,1
2009,car,4.5,road_loopA_r0,road_loopA_r1,3908.2,4017.8,109.6,1297.6,42.6,0
2022,suv,4.8,road_loopA_r0,road_loopA_r1,3918.5,4017.8,99.3,1298.3,47.1,0
1965,car,4.5,road_loopA_f0,road_loopA_f1,3877.9,4017.9,140.0,1303.2,33.5,1
2070,car,4.5,road_loopA_f0,xloopA_0Ab,3961.6,4018.6,57.0,505.3,31.9,0
2017,car,4.5,road_loopA_r0,road_loopA_r1,3915.0,4019.4,104.4,1297.5,44.7,0
2020,car,4.5,road_loopA_r0,road_loopA_r1,3917.8,4019.7,101.9,1298.2,45.9,0
1972,truck,8.5,road_loopA_f0,road_loopA_f1,3883.1,4020.1,137.0,1303.7,34.3,1
1993,suv,4.8,road_loopA_f0,road_loopA_f1,3898.0,4020.3,122.3,1303.5,38.4,1
1992,car,4.5,road_loopA_f0,road_loopA_f1,3896.5,4020.5,124.0,1302.8,37.8,1
2026,car,4.5,road_loopA_r0,road_loopA_r1,3923.5,4021.5,98.0,1298.6,47.7,0
2000,car,4.5,road_loopA_f0,road_loopA_f1,3903.0,4022.2,119.2,1303.4,39.4,1
1999,car,4.5,road_loopA_f0,road_loopA_f1,3902.3,4022.8,120.5,1303.4,38.9,1
2032,car,4.5,road_loopA_r0,road_loopA_r1,3926.7,4023.0,96.3,1297.8,48.5,0
1950,bus,11.0,road_loopA_r0,road_loopA_r1,3865.6,4023.5,157.9,1298.1,29.6,2
2031,suv,4.8,road_loopA_r0,road_loopA_r1,3925.3,4023.8,98.5,1298.4,47.5,0
2008,car,4.5,road_loopA_f0,road_loopA_f1,3906.9,4023.9,117.0,1303.2,40.1,1
1981,suv,4.8,road_loopA_f0,road_loopA_f1,3891.3,4024.2,132.9,1303.2,35.3,1
1996,car,4.5,road_loopA_f0,road_loopA_f1,3901.3,4025.4,124.1,1304.0,37.8,1
2025,car,4.5,road_loopA_r0,road_loopA_r1,3921.9,4025.9,104.0,1297.9,44.9,0
2004,car,4.5,road_loopA_r0,road_loopA_r1,3905.4,4026.3,120.9,1298.1,38.7,0
2011,car,4.5,road_loopA_f0,road_loopA_f1,3910.4,4027.2,116.8,1303.7,40.2,1
2021,car,4.5,road_loopA_f0,road_loopA_f1,3918.0,4027.3,109.3,1303.7,42.9,0
1946,car,4.5,xloopA_0Aa,xloopA_0Ab,3862.0,4027.5,165.5,84.1,1.8,1
2018,suv,4.8,road_loopA_f0,road_loopA_f1,3915.7,4029.0,113.3,1303.6,41.4,0
2049,car,4.5,xloopA_0Ba,xloopA_0Bb,3946.8,4029.5,82.7,84.3,3.7,1
1963,car,4.5,xloopA_0Aa,xloopA_0Ab,3877.7,4029.8,152.1,84.4,2.0,1
2023,suv,4.8,road_loopA_f0,road_loopA_f1,3920.5,4029.9,109.4,1303.4,42.9,0
2001,truck,8.5,road_loopA_f0,road_loopA_f1,3902.9,4031.0,128.1,1303.9,36.6,1
2024,car,4.5,road_loopA_f0,road_loopA_f1,3921.1,4031.2,110.1,1303.5,42.6,0
2010,suv,4.8,road_loopA_f0,road_loopA_f1,3908.4,4032.0,123.6,1303.0,37.9,1
2033,car,4.5,road_loopA_f0,road_loopA_f1,3928.1,4033.2,105.1,1304.0,44.7,0
2028,car,4.5,road_loopA_f0,road_loopA_f1,3924.4,4033.3,108.9,1304.0,43.1,0
2013,suv,4.8,road_loopA_f0,road_loopA_f1,3914.1,4033.7,119.6,1303.2,39.2,0
1974,car,4.5,xloopA_0Aa,xloopA_0Ab,3887.4,4036.3,148.9,84.0,2.0,0
2039,car,4.5,road_loopA_f0,road_loopA_f1,3938.1,4036.6,98.5,1303.8,47.7,0
2037,car,4.5,road_loopA_f0,road_loopA_f1,3935.8,4038.7,102.9,1303.3,45.6,0
2038,car,4.5,road_loopA_f0,road_loopA_f1,3936.7,4040.9,104.2,1303.3,45.0,0
2043,car,4.5,road_loopA_f0,road_loopA_f1,3943.8,4041.2,97.4,1303.5,48.2,0
2019,car,4.5,road_loopA_f0,road_loopA_f1,3917.8,4041.3,123.5,1303.3,38.0,0
2044,car,4.5,road_loopA_f0,road_loopA_f1,3945.1,4042.9,97.8,1303.3,48.0,0
2048,suv,4.8,road_loopA_f0,road_loopA_f1,3946.7,4042.9,96.2,1303.7,48.8,0
2030,car,4.5,road_loopA_f0,road_loopA_f1,3924.8,4043.0,118.2,1302.9,39.7,0
2071,suv,4.8,road_loopA_f0,xloopA_0Bb,3963.2,4044.5,81.3,478.9,21.2,1
2034,car,4.5,road_loopA_f0,road_loopA_f1,3931.4,4044.7,113.3,1303.1,41.4,0
2053,car,4.5,road_loopA_f0,road_loopA_f1,3949.1,4045.0,95.9,1302.8,48.9,0
2061,car,4.5,road_loopA_f0,road_loopA_f1,3954.1,4046.8,92.7,1304.0,50.7,0
2054,car,4.5,road_loopA_f0,road_loopA_f1,3950.8,4047.1,96.3,1303.3,48.7,0
2042,car,4.5,road_loopA_f0,road_loopA_f1,3942.6,4047.5,104.9,1303.6,44.7,0
2050,car,4.5,road_loopA_f0,road_loopA_f1,3947.8,4049.2,101.4,1302.9,46.3,0
2057,suv,4.8,road_loopA_f0,road_loopA_f1,3952.8,4050.7,97.9,1303.3,47.9,0
2060,car,4.5,road_loopA_f0,road_loopA_f1,3953.8,4051.2,97.4,1303.6,48.2,0
2077,car,4.5,road_loopA_f0,xloopA_0Bb,3968.3,4051.3,83.0,478.5,20.8,1
2047,car,4.5,road_loopA_f0,road_loopA_f1,3946.4,4052.4,106.0,1303.9,44.3,0
2062,car,4.5,road_loopA_f0,road_loopA_f1,3954.2,4053.0,98.8,1303.4,47.5,0
2066,car,4.5,road_loopA_f0,road_loopA_f1,3957.1,4054.7,97.6,1303.2,48.1,0
2064,car,4.5,road_loopA_f0,road_loopA_f1,3956.3,4057.4,101.1,1303.1,46.4,0
2027,car,4.5,road_loopA_f0,road_loopA_f1,3924.4,4060.6,136.2,1303.6,34.4,0
2067,car,4.5,road_loopA_f0,road_loopA_f1,3957.7,4063.8,106.1,1303.4,44.2,0
2129,suv,4.8,road_loopA_f0,xloopA_0Bb,4024.7,4065.3,40.6,478.9,42.5,0
2035,car,4.5,road_loopA_r0,road_loopA_r1,3934.0,4075.5,141.5,1297.3,33.0,1
1912,car,4.5,xloopA_0Aa,road_loopA_r1,3834.1,4077.0,242.9,507.1,7.5,1
1968,car,4.5,xloopA_0Aa,road_loopA_r1,3879.7,4080.3,200.6,507.0,9.1,0
2040,car,4.5,road_loopA_r0,road_loopA_r1,3940.0,4080.4,140.4,1297.7,33.3,1
2014,suv,4.8,road_loopA_r0,road_loopA_r1,3914.4,4081.3,166.9,1297.9,28.0,1
2052,car,4.5,road_loopA_r0,road_loopA_r1,3948.6,4082.8,134.2,1298.2,34.8,1
2063,car,4.5,road_loopA_r0,road_loopA_r1,3954.7,4083.6,128.9,1298.6,36.3,1
2058,car,4.5,road_loopA_r0,road_loopA_r1,3953.0,4085.2,132.2,1298.5,35.3,1
1969,car,4.5,xloopA_0Ba,road_loopA_r1,3880.7,4085.3,204.6,476.8,8.4,1
2068,truck,8.5,road_loopA_r0,road_loopA_r1,3959.0,4086.6,127.6,1298.5,36.6,1
2056,car,4.5,road_loopA_r0,road_loopA_r1,3952.7,4087.5,134.8,1298.5,34.7,1
2082,car,4.5,road_loopA_r0,road_loopA_r1,3973.5,4088.6,115.1,1298.7,40.6,1
2085,car,4.5,road_loopA_r0,road_loopA_r1,3977.2,4089.3,112.1,1297.4,41.7,0
2094,car,4.5,xloopA_0Ba,road_loopA_r1,3988.4,4089.8,101.4,476.7,16.9,0
2036,car,4.5,road_loopA_r0,road_loopA_r1,3934.7,4091.5,156.8,1298.1,29.8,1
2089,truck,8.5,road_loopA_r0,road_loopA_r1,3980.9,4091.9,111.0,1298.0,42.1,0
2046,suv,4.8,road_loopA_r0,road_loopA_r1,3946.4,4093.2,146.8,1298.6,31.8,1
2100,suv,4.8,road_loopA_r0,road_loopA_r1,3993.1,4093.6,100.5,1297.6,46.5,0
2154,car,4.5,road_loopA_f0,xloopA_0Bb,4050.3,4093.7,43.4,478.8,39.8,0
2065,car,4.5,road_loopA_r0,road_loopA_r1,3956.7,4094.7,138.0,1298.5,33.9,1
2059,suv,4.8,road_loopA_r0,road_loopA_r1,3952.9,4094.9,142.0,1297.3,32.9,1
2075,car,4.5,road_loopA_f0,road_loopA_f1,3965.3,4096.4,131.1,1303.3,35.8,1
2111,car,4.5,road_loopA_r0,road_loopA_r1,4006.2,4096.5,90.3,1297.4,51.7,0
2073,car,4.5,road_loopA_r0,road_loopA_r1,3964.2,4096.9,132.7,1297.6,35.2,1
2095,car,4.5,road_loopA_r0,road_loopA_r1,3991.1,4097.1,106.0,1298.2,44.1,0
2084,car,4.5,road_loopA_r0,road_loopA_r1,3974.2,4098.7,124.5,1297.6,37.5,0
2098,car,4.5,road_loopA_r0,road_loopA_r1,3992.0,4098.9,106.9,1298.4,43.7,0
2104,car,4.5,road_loopA_r0,road_loopA_r1,3999.4,4099.1,99.7,1297.4,46.9,0
2088,suv,4.8,road_loopA_r0,road_loopA_r1,3980.4,4100.5,120.1,1297.4,38.9,0
2087,car,4.5,road_loopA_r0,road_loopA_r1,3979.4,4102.1,122.7,1297.3,38.1,0
2109,truck,8.5,road_loopA_r0,road_loopA_r1,4005.4,4102.5,97.1,1297.3,48.1,0
2096,car,4.5,road_loopA_f0,road_loopA_f1,3991.5,4102.9,111.4,1303.5,42.1,1
2115,car,4.5,road_loopA_r0,road_loopA_r1,4010.1,4103.1,93.0,1298.2,50.3,0
2055,car,4.5,road_loopA_r0,xloopA_0Bb,3952.4,4103.2,150.8,895.5,21.4,1
2083,car,4.5,road_loopA_f0,road_loopA_f1,3973.6,4103.4,129.8,1303.3,36.1,1
2118,car,4.5,road_loopA_r0,road_loopA_r1,4012.1,4104.6,92.5,1298.4,50.5,0
2099,car,4.5,road_loopA_f0,road_loopA_f1,3992.1,4105.5,113.4,1304.0,41.4,1
2074,truck,8.5,road_loopA_r0,xloopA_0Bb,3965.1,4106.6,141.5,895.6,22.8,1
2113,suv,4.8,road_loopA_r0,road_loopA_r1,4007.0,4106.8,99.8,1298.3,46.8,0
2097,car,4.5,road_loopA_f0,road_loopA_f1,3991.5,4107.2,115.7,1303.1,40.6,1
2117,car,4.5,road_loopA_r0,road_loopA_r1,4012.0,4107.8,95.8,1298.3,48.8,0
2121,car,4.5,road_loopA_r0,road_loopA_r1,4015.1,4108.5,93.4,1297.9,50.0,0
2103,car,4.5,road_loopA_f0,road_loopA_f1,3998.5,4109.3,110.8,1303.5,42.3,1
2171,car,4.5,road_loopA_f0,xloopA_0Ab,4060.2,4109.4,49.2,505.1,36.9,0
2092,car,4.5,road_loopA_r0,xloopA_0Bb,3985.7,4109.6,123.9,895.4,26.0,1
2106,car,4.5,road_loopA_f0,road_loopA_f1,4000.9,4110.7,109.8,1303.6,42.7,1
2110,suv,4.8,road_loopA_r0,xloopA_0Bb,4005.7,4112.4,106.7,896.0,30.2,1
2080,car,4.5,road_loopA_f0,road_loopA_f1,3972.7,4112.6,139.9,1303.6,33.5,1
2120,suv,4.8,road_loopA_f0,road_loopA_f1,4013.9,4112.9,99.0,1303.8,47.4,0
2051,bus,11.0,road_loopA_r0,road_loopA_r1,3948.3,4115.5,167.2,1297.7,27.9,2
2090,car,4.5,road_loopA_f0,road_loopA_f1,3982.7,4115.5,132.8,1303.9,35.3,1
2102,car,4.5,road_loopA_f0,road_loopA_f1,3997.9,4115.9,118.0,1302.9,39.8,0
2114,car,4.5,road_loopA_f0,road_loopA_f1,4010.0,4117.6,107.6,1303.4,43.6,0
2124,car,4.5,road_loopA_f0,road_loopA_f1,4019.4,4118.6,99.2,1303.9,47.3,0
2015,car,4.5,xloopA_0Aa,xloopA_0Ab,3914.7,4118.6,203.9,84.7,1.5,1
2131,car,4.5,xloopA_0Ba,xloopA_0Bb,4027.2,4118.9,91.7,84.5,3.3,1
2086,suv,4.8,road_loopA_f0,road_loopA_f1,3977.5,4119.1,141.6,1302.8,33.1,1
2128,bus,11.0,road_loopA_r0,road_loopA_r1,4024.6,4119.1,94.5,1297.5,49.4,0
2126,car,4.5,road_loopA_f0,road_loopA_f1,4020.7,4119.8,99.1,1303.1,47.3,0
2029,car,4.5,xloopA_0Aa,xloopA_0Ab,3924.6,4120.7,196.1,84.6,1.6,1
2127,car,4.5,road_loopA_f0,road_loopA_f1,4021.4,4121.4,100.0,1304.0,46.9,0
2133,suv,4.8,road_loopA_f0,road_loopA_f1,4029.6,4123.2,93.6,1302.8,50.1,0
2112,truck,8.5,road_loopA_r0,road_loopA_r1,4006.1,4123.4,117.3,1297.3,39.8,0
2081,car,4.5,road_loopA_f0,road_loopA_f1,3973.0,4124.6,151.6,1302.9,30.9,1
2135,car,4.5,road_loopA_f0,road_loopA_f1,4030.5,4125.0,94.5,1302.9,49.7,0
2045,car,4.5,xloopA_0Aa,xloopA_0Ab,3946.4,4125.8,179.4,84.4,1.7,1
2107,car,4.5,road_loopA_f0,road_loopA_f1,4004.3,4126.2,121.9,1303.5,38.5,0
2130,suv,4.8,road_loopA_f0,road_loopA_f1,4025.3,4127.1,101.8,1303.6,46.1,0
2069,car,4.5,xloopA_0Aa,xloopA_0Ab,3960.2,4127.8,167.6,84.0,1.8,0
2142,car,4.5,road_loopA_f0,road_loopA_f1,4038.4,4128.9,90.5,1303.7,51.8,0
2119,car,4.5,road_loopA_f0,road_loopA_f1,4012.7,4129.0,116.3,1303.0,40.3,0
2078,car,4.5,xloopA_0Aa,xloopA_0Ab,3970.4,4129.9,159.5,84.6,1.9,0
2122,truck,8.5,road_loopA_f0,road_loopA_f1,4017.1,4130.7,113.6,1303.7,41.3,0
2143,car,4.5,road_loopA_f0,road_loopA_f1,4039.6,4131.9,92.3,1303.5,50.9,0
2079,car,4.5,xloopA_0Ba,road_loopA_f1,3970.7,4132.2,161.5,902.8,20.1,0
2125,car,4.5,road_loopA_f0,road_loopA_f1,4020.0,4133.3,113.3,1302.8,41.4,0
2141,suv,4.8,road_loopA_f0,road_loopA_f1,4038.0,4134.1,96.1,1303.2,48.8,0
2138,suv,4.8,road_loopA_f0,road_loopA_f1,4036.8,4137.6,100.8,1303.8,46.6,0
2145,suv,4.8,road_loopA_f0,road_loopA_f1,4041.1,4139.1,98.0,1303.9,47.9,0
2076,car,4.5,road_loopA_f0,road_loopA_f1,3965.7,4141.6,175.9,1303.4,26.7,1
2072,suv,4.8,road_loopA_f0,road_loopA_f1,3964.0,4142.6,178.6,1303.1,26.3,1
2156,car,4.5,road_loopA_f0,road_loopA_f1,4051.3,4143.2,91.9,1303.7,51.1,0
2161,car,4.5,road_loopA_f0,road_loopA_f1,4053.6,4144.7,91.1,1303.5,51.5,0
2093,truck,8.5,road_loopA_f0,road_loopA_f1,3987.8,4146.0,158.2,1303.4,29.7,1
2158,suv,4.8,road_loopA_f0,road_loopA_f1,4052.3,4147.1,94.8,1303.7,49.5,0
2105,truck,8.5,road_loopA_f0,road_loopA_f1,3999.6,4147.7,148.1,1303.6,31.7,1
2016,car,4.5,xloopA_0Ba,road_loopA_f1,3915.0,4148.1,233.1,902.6,13.9,1
2108,car,4.5,road_loopA_r0,xloopA_0Ab,4005.1,4148.9,143.8,869.2,21.8,3
2201,suv,4.8,road_loopA_f0,xloopA_0Bb,4088.6,4149.6,61.0,479.0,28.3,1
2165,car,4.5,road_loopA_f0,road_loopA_f1,4055.6,4150.3,94.7,1303.0,49.5,0
2184,car,4.5,road_loopA_r0,xloopA_0Ab,4072.1,4152.5,80.4,869.0,38.9,0
2202,car,4.5,road_loopA_r0,xloopA_0Ab,4091.2,4161.1,69.9,868.9,44.7,0
2137,car,4.5,road_loopA_r0,road_loopA_r1,4034.9,4167.3,132.4,1298.5,35.3,1
2134,suv,4.8,road_loopA_r0,road_loopA_r1,4029.7,4167.5,137.8,1298.6,33.9,1
2132,car,4.5,road_loopA_r0,road_loopA_r1,4028.2,4168.8,140.6,1298.0,33.2,1
2144,car,4.5,road_loopA_r0,road_loopA_r1,4040.7,4169.3,128.6,1297.8,36.3,1
2241,suv,4.8,road_loopA_f0,xloopA_0Bb,4127.3,4169.8,42.5,479.2,40.6,0
2146,suv,4.8,road_loopA_f0,road_loopA_f1,4041.7,4170.1,128.4,1302.9,36.5,0
2148,car,4.5,road_loopA_r0,road_loopA_r1,4044.1,4170.3,126.2,1298.1,37.0,1
2136,car,4.5,road_loopA_r0,road_loopA_r1,4034.3,4170.5,136.2,1298.3,34.3,1
2149,suv,4.8,road_loopA_r0,road_loopA_r1,4044.9,4171.8,126.9,1298.0,36.8,1
2139,car,4.5,road_loopA_r0,road_loopA_r1,4036.9,4172.2,135.3,1297.6,34.5,1
2151,suv,4.8,road_loopA_r0,road_loopA_r1,4048.6,4173.7,125.1,1298.4,37.4,1
2155,car,4.5,road_loopA_r0,road_loopA_r1,4051.1,4175.2,124.1,1298.0,37.7,1
2159,car,4.5,road_loopA_r0,road_loopA_r1,4052.3,4176.7,124.4,1297.4,37.6,1
2147,car,4.5,road_loopA_r0,road_loopA_r1,4042.5,4177.6,135.1,1297.3,34.6,1
2162,suv,4.8,road_loopA_r0,road_loopA_r1,4054.6,4178.6,124.0,1297.8,37.7,1
2153,car,4.5,road_loopA_r0,road_loopA_r1,4049.6,4179.3,129.7,1297.9,36.0,1
2157,suv,4.8,road_loopA_r0,road_loopA_r1,4051.8,4181.2,129.4,1297.9,36.1,1
2163,car,4.5,road_loopA_r0,road_loopA_r1,4054.7,4182.0,127.3,1297.5,36.7,1
2164,car,4.5,road_loopA_r0,road_loopA_r1,4055.5,4182.2,126.7,1297.4,36.9,1
2101,bus,11.0,road_loopA_f0,road_loopA_f1,3996.9,4183.6,186.7,1303.4,25.1,2
2160,truck,8.5,road_loopA_r0,road_loopA_r1,4053.0,4184.0,131.0,1297.4,35.6,1
2174,car,4.5,road_loopA_r0,road_loopA_r1,4061.1,4185.5,124.4,1297.7,37.6,1
2177,car,4.5,road_loopA_r0,road_loopA_r1,4065.0,4185.5,120.5,1297.4,38.8,1
2168,car,4.5,road_loopA_r0,road_loopA_r1,4058.5,4186.0,127.5,1297.4,36.6,1
2182,car,4.5,road_loopA_r0,road_loopA_r1,4068.9,4187.7,118.8,1297.8,39.3,1
2181,car,4.5,road_loopA_r0,road_loopA_r1,4068.4,4188.5,120.1,1297.6,38.9,1
2192,suv,4.8,road_loopA_r0,road_loopA_r1,4081.0,4189.1,108.1,1298.4,43.2,0
2186,car,4.5,road_loopA_r0,road_loopA_r1,4075.5,4189.4,113.9,1297.4,41.0,0
2188,car,4.5,road_loopA_r0,road_loopA_r1,4076.2,4191.2,115.0,1297.6,40.6,0
2210,suv,4.8,road_loopA_r0,road_loopA_r1,4099.1,4191.4,92.3,1298.6,50.6,0
2194,car,4.5,road_loopA_r0,road_loopA_r1,4082.0,4193.1,111.1,1297.7,42.1,0
2208,suv,4.8,road_loopA_r0,road_loopA_r1,4096.1,4194.0,97.9,1297.3,47.7,0
2213,car,4.5,road_loopA_r0,road_loopA_r1,4103.3,4196.4,93.1,1298.1,50.2,0
2169,car,4.5,road_loopA_r0,xloopA_0Bb,4059.1,4196.5,137.4,895.3,23.5,1
2215,car,4.5,road_loopA_f0,xloopA_0Ab,4108.9,4197.1,88.2,505.2,20.6,1
2166,car,4.5,road_loopA_f0,road_loopA_f1,4057.9,4198.2,140.3,1303.0,33.4,1
2178,suv,4.8,road_loopA_f0,road_loopA_f1,4065.0,4198.5,133.5,1303.4,35.2,1
2167,truck,8.5,road_loopA_f0,road_loopA_f1,4058.1,4199.0,140.9,1303.9,33.3,1
2185,car,4.5,road_loopA_r0,xloopA_0Bb,4073.2,4199.1,125.9,895.3,25.6,1
2218,truck,8.5,road_loopA_r0,road_loopA_r1,4109.5,4200.2,90.7,1297.4,51.5,0
2219,car,4.5,road_loopA_r0,road_loopA_r1,4110.5,4200.3,89.8,1297.3,52.0,0
2183,car,4.5,road_loopA_f0,road_loopA_f1,4069.2,4200.9,131.7,1303.2,35.6,1
2212,car,4.5,road_loopA_r0,xloopA_0Bb,4101.7,4201.8,100.1,895.5,32.2,1
2220,suv,4.8,road_loopA_r0,road_loopA_r1,4111.0,4202.3,91.3,1297.7,51.2,0
2176,car,4.5,road_loopA_f0,road_loopA_f1,4062.0,4203.1,141.1,1303.1,33.2,1
2172,suv,4.8,road_loopA_f0,road_loopA_f1,4060.2,4204.5,144.3,1303.0,32.5,1
2221,car,4.5,road_loopA_r0,xloopA_0Bb,4113.2,4204.5,91.3,895.8,35.3,1
2189,car,4.5,road_loopA_f0,road_loopA_f1,4076.4,4205.6,129.2,1303.6,36.3,1
2179,car,4.5,road_loopA_f0,road_loopA_f1,4065.3,4206.2,140.9,1303.0,33.3,1
2233,car,4.5,road_loopA_r0,xloopA_0Bb,4123.1,4207.1,84.0,895.5,38.4,1
2265,suv,4.8,road_loopA_f0,xloopA_0Ab,4161.9,4208.1,46.2,505.6,39.4,0
2187,truck,8.5,road_loopA_f0,road_loopA_f1,4075.7,4208.3,132.6,1303.1,35.4,1
2195,truck,8.5,road_loopA_r0,road_loopA_r1,4082.4,4209.2,126.8,1298.2,36.9,0
2190,car,4.5,road_loopA_f0,road_loopA_f1,4077.7,4210.5,132.8,1303.6,35.4,1
2173,car,4.5,road_loopA_f0,road_loopA_f1,4060.8,4211.1,150.3,1302.9,31.2,1
2191,car,4.5,road_loopA_f0,road_loopA_f1,4080.1,4211.4,131.3,1303.0,35.7,1
2193,suv,4.8,road_loopA_f0,road_loopA_f1,4081.4,4212.2,130.8,1302.9,35.9,1
2198,car,4.5,road_loopA_f0,road_loopA_f1,4087.2,4213.1,125.9,1302.8,37.2,1
2300,car,4.5,xloopA_0Ba,xloopA_0Bb,4187.0,4213.4,26.4,84.3,11.5,0
2224,suv,4.8,road_loopA_r0,road_loopA_r1,4113.7,4213.6,99.9,1297.7,46.8,0
2196,car,4.5,road_loopA_f0,road_loopA_f1,4082.5,4214.0,131.5,1304.2,35.7,1
2200,car,4.5,road_loopA_f0,road_loopA_f1,4088.5,4214.7,126.2,1303.8,37.2,1
2315,car,4.5,xloopA_0Ba,xloopA_0Bb,4194.9,4215.6,20.7,84.3,14.7,0
2197,car,4.5,road_loopA_f0,road_loopA_f1,4086.1,4215.8,129.7,1303.5,36.2,1
2204,car,4.5,road_loopA_f0,road_loopA_f1,4094.3,4216.2,121.9,1303.0,38.5,1
2199,suv,4.8,road_loopA_f0,road_loopA_f1,4088.3,4217.5,129.2,1303.2,36.3,1
2206,car,4.5,road_loopA_f0,road_loopA_f1,4095.3,4218.0,122.7,1303.3,38.2,1
2123,car,4.5,xloopA_0Aa,xloopA_0Ab,4018.1,4218.3,200.2,84.7,1.5,1
2203,car,4.5,road_loopA_f0,road_loopA_f1,4093.5,4219.3,125.8,1303.2,37.3,1
2211,car,4.5,road_loopA_f0,road_loopA_f1,4101.5,4219.4,117.9,1304.1,39.8,1
2140,car,4.5,xloopA_0Aa,xloopA_0Ab,4037.4,4220.3,182.9,84.1,1.7,0
2216,truck,8.5,road_loopA_f0,road_loopA_f1,4109.0,4221.7,112.7,1302.8,41.6,0
2205,truck,8.5,road_loopA_f0,road_loopA_f1,4094.5,4221.9,127.4,1304.1,36.9,1
2223,car,4.5,road_loopA_f0,road_loopA_f1,4113.6,4223.3,109.7,1304.1,42.8,0
2180,bus,11.0,road_loopA_r0,road_loopA_r1,4065.6,4225.0,159.4,1298.2,29.3,2
2226,truck,8.5,road_loopA_f0,road_loopA_f1,4117.0,4226.3,109.3,1303.5,42.9,0
2230,suv,4.8,road_loopA_f0,road_loopA_f1,4122.3,4227.0,104.7,1303.2,44.8,0
2235,truck,8.5,road_loopA_f0,road_loopA_f1,4124.6,4229.3,104.7,1303.3,44.8,0
2209,suv,4.8,road_loopA_f0,road_loopA_f1,4098.1,4229.4,131.3,1302.9,35.7,1
2239,suv,4.8,road_loopA_f0,road_loopA_f1,4127.0,4231.6,104.6,1303.1,44.9,0
2247,car,4.5,road_loopA_f0,road_loopA_f1,4136.7,4232.9,96.2,1304.0,48.8,0
2249,suv,4.8,road_loopA_f0,road_loopA_f1,4138.8,4236.5,97.7,1302.8,48.0,0
2214,truck,8.5,road_loopA_f0,road_loopA_f1,4103.7,4237.0,133.3,1303.2,35.2,0
2255,car,4.5,road_loopA_f0,road_loopA_f1,4142.6,4238.1,95.5,1304.0,49.2,0
2253,car,4.5,road_loopA_f0,road_loopA_f1,4141.7,4238.3,96.6,1303.8,48.6,0
2222,car,4.5,road_loopA_f0,road_loopA_f1,4113.5,4238.9,125.4,1302.9,37.4,0
2225,suv,4.8,road_loopA_f0,road_loopA_f1,4114.6,4240.7,126.1,1303.6,37.2,0
2237,car,4.5,road_loopA_f0,road_loopA_f1,4126.5,4241.2,114.7,1303.7,40.9,0
2227,suv,4.8,road_loopA_f0,road_loopA_f1,4118.0,4242.5,124.5,1303.7,37.7,0
2277,car,4.5,road_loopA_f0,xloopA_0Bb,4170.3,4243.6,73.3,478.8,23.5,2
2232,suv,4.8,road_loopA_f0,road_loopA_f1,4123.0,4244.3,121.3,1303.5,38.7,0
2248,truck,8.5,road_loopA_f0,road_loopA_f1,4137.2,4244.3,107.1,1303.4,43.8,0
2245,truck,8.5,road_loopA_f0,road_loopA_f1,4135.0,4247.1,112.1,1303.0,41.8,0
2252,car,4.5,road_loopA_f0,road_loopA_f1,4140.1,4247.1,107.0,1303.8,43.9,0
2311,truck,8.5,road_loopA_f0,xloopA_0Bb,4192.9,4251.7,58.8,478.9,29.3,0
2217,bus,11.0,road_loopA_f0,road_loopA_f1,4109.4,4254.7,145.3,1303.9,32.3,2
2283,car,4.5,road_loopA_r0,xloopA_0Ab,4170.7,4254.8,84.1,869.1,37.2,0
2302,car,4.5,road_loopA_r0,xloopA_0Ab,4188.4,4258.1,69.7,869.0,44.9,0
2170,bus,11.0,road_loopA_f0,road_loopA_f1,4059.9,4259.1,199.2,1303.1,23.5,3
2325,truck,8.5,road_loopA_f0,xloopA_0Bb,4203.9,4260.3,56.4,478.8,30.6,0
2242,car,4.5,road_loopA_r0,road_loopA_r1,4130.8,4261.5,130.7,1298.0,35.8,1
2236,car,4.5,road_loopA_r0,road_loopA_r1,4125.1,4263.6,138.5,1298.2,33.8,1
2234,car,4.5,road_loopA_r0,road_loopA_r1,4123.6,4265.5,141.9,1298.0,32.9,1
2246,car,4.5,road_loopA_r0,road_loopA_r1,4135.3,4267.8,132.5,1298.7,35.3,0
2244,car,4.5,road_loopA_r0,road_loopA_r1,4133.6,4268.7,135.1,1298.7,34.6,1
2231,car,4.5,road_loopA_r0,road_loopA_r1,4122.2,4269.3,147.1,1297.7,31.8,1
2276,car,4.5,road_loopA_r0,xloopA_0Ab,4169.8,4270.2,100.4,869.2,31.2,1
2243,suv,4.8,road_loopA_r0,road_loopA_r1,4132.2,4270.9,138.7,1298.0,33.7,1
2251,car,4.5,road_loopA_r0,road_loopA_r1,4139.9,4272.7,132.8,1297.4,35.2,1
2262,car,4.5,road_loopA_r0,road_loopA_r1,4157.8,4272.8,115.0,1298.4,40.7,1
2228,car,4.5,road_loopA_r0,road_loopA_r1,4119.0,4274.2,155.2,1297.8,30.1,1
2264,suv,4.8,road_loopA_r0,road_loopA_r1,4160.6,4274.6,114.0,1298.1,41.0,1
2240,car,4.5,road_loopA_r0,road_loopA_r1,4127.0,4275.9,148.9,1298.0,31.4,1
2266,suv,4.8,road_loopA_r0,road_loopA_r1,4161.9,4276.4,114.5,1297.6,40.8,1
2254,car,4.5,road_loopA_r0,road_loopA_r1,4142.5,4277.6,135.1,1298.5,34.6,1
2299,car,4.5,road_loopA_r0,road_loopA_r1,4182.4,4277.7,95.3,1297.7,49.0,0
2279,car,4.5,road_loopA_r0,road_loopA_r1,4170.5,4278.9,108.4,1298.6,43.1,0
2256,car,4.5,road_loopA_r0,road_loopA_r1,4145.8,4279.3,133.5,1297.7,35.0,1
2257,car,4.5,road_loopA_r0,road_loopA_r1,4146.1,4281.2,135.1,1298.4,34.6,1
2263,car,4.5,road_loopA_r0,road_loopA_r1,4160.0,4281.6,121.6,1298.1,38.4,0
2269,suv,4.8,road_loopA_r0,road_loopA_r1,4164.8,4283.0,118.2,1298.6,39.6,1
2261,car,4.5,road_loopA_r0,road_loopA_r1,4156.4,4283.1,126.7,1297.8,36.9,0
2288,car,4.5,road_loopA_r0,road_loopA_r1,4175.6,4284.4,108.8,1298.3,43.0,0
2286,car,4.5,road_loopA_r0,road_loopA_r1,4172.3,4284.8,112.5,1297.9,41.5,0
2292,car,4.5,road_loopA_r0,road_loopA_r1,4177.6,4286.2,108.6,1297.5,43.0,0
2259,car,4.5,road_loopA_r0,road_loopA_r1,4154.0,4286.5,132.5,1297.8,35.3,1
2273,suv,4.8,road_loopA_r0,road_loopA_r1,4166.6,4288.1,121.5,1297.5,38.5,1
2297,car,4.5,road_loopA_r0,road_loopA_r1,4180.6,4288.1,107.5,1298.5,43.5,0
2270,truck,8.5,road_loopA_r0,road_loopA_r1,4165.0,4289.1,124.1,1297.7,37.6,0
2280,suv,4.8,road_loopA_r0,road_loopA_r1,4170.4,4289.9,119.5,1298.1,39.1,0
2260,car,4.5,road_loopA_r0,xloopA_0Bb,4155.7,4290.0,134.3,895.4,24.0,1
2271,car,4.5,road_loopA_f0,road_loopA_f1,4166.0,4290.3,124.3,1303.1,37.7,1
2289,car,4.5,road_loopA_f0,xloopA_0Ab,4175.7,4290.6,114.9,505.2,15.8,1
2298,suv,4.8,road_loopA_r0,road_loopA_r1,4180.7,4291.8,111.1,1297.8,42.1,0
2335,suv,4.8,road_loopA_r0,xloopA_0Bb,4214.9,4293.0,78.1,895.9,41.3,0
2285,car,4.5,road_loopA_f0,road_loopA_f1,4171.2,4293.5,122.3,1303.6,38.4,1
2295,car,4.5,road_loopA_r0,road_loopA_r1,4178.8,4293.6,114.8,1298.3,40.7,0
2305,car,4.5,road_loopA_r0,road_loopA_r1,4190.1,4294.6,104.5,1298.6,44.7,0
2290,suv,4.8,road_loopA_f0,road_loopA_f1,4176.0,4296.1,120.1,1302.9,39.1,1
2306,suv,4.8,road_loopA_r0,road_loopA_r1,4190.7,4296.3,105.6,1298.3,44.3,0
2294,car,4.5,road_loopA_f0,road_loopA_f1,4178.3,4298.0,119.7,1303.2,39.2,1
2293,suv,4.8,road_loopA_r0,road_loopA_r1,4178.1,4298.2,120.1,1297.8,38.9,0
2316,car,4.5,road_loopA_r0,road_loopA_r1,4195.5,4299.1,103.6,1298.1,45.1,0
2303,suv,4.8,road_loopA_f0,road_loopA_f1,4188.9,4299.8,110.9,1303.1,42.3,1
2321,car,4.5,road_loopA_r0,road_loopA_r1,4197.7,4300.7,103.0,1298.0,45.4,0
2267,suv,4.8,road_loopA_r0,road_loopA_r1,4162.5,4300.8,138.3,1297.6,33.8,0
2150,car,4.5,xloopA_0Aa,xloopA_0Ab,4046.8,4301.3,254.5,84.2,1.2,1
2350,car,4.5,xloopA_0Ba,xloopA_0Bb,4227.5,4301.4,73.9,84.8,4.1,1
2312,car,4.5,road_loopA_f0,road_loopA_f1,4193.6,4302.0,108.4,1304.1,43.3,1
2296,suv,4.8,road_loopA_r0,road_loopA_r1,4179.3,4302.1,122.8,1297.8,38.0,0
2274,truck,8.5,road_loopA_r0,road_loopA_r1,4167.5,4303.0,135.5,1298.1,34.5,0
2317,suv,4.8,road_loopA_r0,road_loopA_r1,4196.6,4303.9,107.3,1298.1,43.6,0
2278,car,4.5,road_loopA_r0,road_loopA_r1,4170.4,4304.2,133.8,1298.1,34.9,1
2301,suv,4.8,road_loopA_f0,road_loopA_f1,4188.0,4304.6,116.6,1303.7,40.2,1
2310,car,4.5,road_loopA_r0,road_loopA_r1,4192.3,4305.0,112.7,1298.1,41.5,0
2152,car,4.5,xloopA_0Aa,xloopA_0Ab,4048.8,4305.0,256.2,84.0,1.2,1
2318,car,4.5,road_loopA_r0,road_loopA_r1,4196.8,4305.7,108.9,1297.6,42.9,0
2322,car,4.5,road_loopA_f0,road_loopA_f1,4198.1,4306.2,108.1,1303.4,43.4,0
2320,car,4.5,road_loopA_r0,road_loopA_r1,4197.3,4306.7,109.4,1297.5,42.7,0
2334,car,4.5,road_loopA_r0,road_loopA_r1,4214.8,4306.9,92.1,1298.4,50.8,0
2229,car,4.5,xloopA_0Aa,xloopA_0Ab,4120.5,4307.7,187.2,84.3,1.6,0
2323,car,4.5,road_loopA_f0,road_loopA_f1,4198.6,4308.2,109.6,1304.0,42.8,0
2324,car,4.5,road_loopA_r0,road_loopA_r1,4199.8,4308.4,108.6,1297.5,43.0,0
2331,car,4.5,road_loopA_r0,road_loopA_r1,4212.1,4309.6,97.5,1297.4,47.9,0
2337,car,4.5,road_loopA_r0,road_loopA_r1,4215.5,4310.1,94.6,1297.2,49.4,0
2284,car,4.5,xloopA_0Aa,xloopA_0Ab,4171.0,4310.2,139.2,84.3,2.2,0
2258,car,4.5,road_loopA_f0,road_loopA_f1,4150.9,4310.4,159.5,1303.2,29.4,1
2287,car,4.5,road_loopA_f0,road_loopA_f1,4175.1,4311.1,136.0,1304.1,34.5,1
2353,car,4.5,xloopA_0Aa,xloopA_0Ab,4229.9,4312.3,82.4,84.7,3.7,0
2314,suv,4.8,road_loopA_f0,road_loopA_f1,4194.1,4314.4,120.3,1304.0,39.0,0
2275,suv,4.8,road_loopA_f0,road_loopA_f1,4169.3,4314.5,145.2,1303.0,32.3,1
2364,car,4.5,xloopA_0Aa,xloopA_0Ab,4242.4,4315.1,72.7,84.2,4.2,0
2328,car,4.5,road_loopA_f0,road_loopA_f1,4206.7,4315.6,108.9,1302.8,43.1,0
2307,car,4.5,road_loopA_f0,road_loopA_f1,4191.2,4317.4,126.2,1304.2,37.2,1
2330,car,4.5,road_loopA_f0,road_loopA_f1,4211.4,4317.4,106.0,1303.1,44.3,0
2336,truck,8.5,road_loopA_f0,road_loopA_f1,4215.6,4319.6,104.0,1303.1,45.1,0
2116,car,4.5,xloopA_0Aa,road_loopA_f1,4010.3,4321.2,310.9,872.5,10.1,1
2344,suv,4.8,road_loopA_f0,road_loopA_f1,4220.1,4321.7,101.6,1303.0,46.2,0
2281,suv,4.8,road_loopA_f0,road_loopA_f1,4170.6,4322.3,151.7,1303.5,30.9,1
2332,car,4.5,road_loopA_f0,road_loopA_f1,4213.3,4323.7,110.4,1304.0,42.5,0
2308,car,4.5,road_loopA_f0,road_loopA_f1,4191.4,4324.5,133.1,1302.8,35.2,0
2326,truck,8.5,road_loopA_f0,road_loopA_f1,4204.8,4326.7,121.9,1303.6,38.5,0
2091,car,4.5,xloopA_0Aa,road_loopA_f1,3984.1,4327.7,343.6,872.5,9.1,1
2340,car,4.5,road_loopA_f0,road_loopA_f1,4217.8,4328.2,110.4,1303.5,42.5,0
2319,suv,4.8,road_loopA_f0,road_loopA_f1,4196.8,4328.8,132.0,1303.1,35.5,0
2351,car,4.5,road_loopA_f0,road_loopA_f1,4228.1,4329.6,101.5,1304.0,46.3,0
2238,car,4.5,xloopA_0Ba,road_loopA_f1,4126.8,4329.8,203.0,902.4,16.0,1
2333,suv,4.8,road_loopA_r0,xloopA_0Ab,4214.1,4330.3,116.2,869.2,26.9,2
2313,car,4.5,road_loopA_f0,road_loopA_f1,4193.7,4331.1,137.4,1302.8,34.1,1
2357,suv,4.8,road_loopA_f0,road_loopA_f1,4232.1,4331.4,99.3,1303.7,47.3,0
2268,suv,4.8,road_loopA_f0,road_loopA_f1,4164.1,4331.6,167.5,1303.8,28.0,1
2338,car,4.5,road_loopA_f0,road_loopA_f1,4217.1,4332.8,115.7,1303.1,40.5,0
2272,suv,4.8,road_loopA_f0,road_loopA_f1,4166.2,4333.2,167.0,1302.8,28.1,1
2354,car,4.5,road_loopA_f0,road_loopA_f1,4229.9,4333.5,103.6,1303.9,45.3,0
2341,car,4.5,road_loopA_f0,road_loopA_f1,4217.8,4334.6,116.8,1304.1,40.2,0
2282,car,4.5,road_loopA_f0,road_loopA_f1,4170.6,4334.9,164.3,1303.3,28.6,1
2342,car,4.5,road_loopA_f0,road_loopA_f1,4218.0,4335.3,117.3,1302.8,40.0,0
2329,car,4.5,road_loopA_f0,road_loopA_f1,4206.9,4336.3,129.4,1303.7,36.3,0
2291,car,4.5,road_loopA_f0,road_loopA_f1,4177.3,4336.6,159.3,1303.4,29.5,1
2304,truck,8.5,road_loopA_f0,road_loopA_f1,4189.7,4338.9,149.2,1303.3,31.4,1
2327,car,4.5,road_loopA_f0,road_loopA_f1,4206.7,4339.0,132.3,1303.8,35.5,0
2343,car,4.5,road_loopA_f0,road_loopA_f1,4219.1,4343.1,124.0,1303.7,37.9,0
2352,bus,11.0,road_loopA_f0,road_loopA_f1,4229.7,4343.1,113.4,1303.5,41.4,0
2355,bus,11.0,road_loopA_f0,road_loopA_f1,4230.0,4344.1,114.1,1302.9,41.1,0
2345,suv,4.8,road_loopA_r0,road_loopA_r1,4222.6,4348.5,125.9,1297.7,37.1,1
2349,bus,11.0,road_loopA_f0,road_loopA_f1,4227.1,4348.5,121.4,1302.8,38.6,0
2348,suv,4.8,road_loopA_r0,road_loopA_r1,4224.3,4349.7,125.4,1298.1,37.3,1
2347,car,4.5,road_loopA_r0,road_loopA_r1,4224.1,4350.3,126.2,1298.1,37.0,1
2360,car,4.5,road_loopA_r0,road_loopA_r1,4236.9,4352.2,115.3,1297.7,40.5,1
2362,car,4.5,road_loopA_r0,road_loopA_r1,4237.2,4354.6,117.4,1297.4,39.8,1
2359,suv,4.8,road_loopA_r0,road_loopA_r1,4235.1,4357.1,122.0,1298.6,38.3,0
2339,car,4.5,road_loopA_r0,road_loopA_r1,4217.6,4357.2,139.6,1298.1,33.5,1
2363,car,4.5,road_loopA_r0,road_loopA_r1,4241.3,4358.1,116.8,1298.6,40.0,1
2384,car,4.5,xloopA_0Ba,road_loopA_r1,4263.6,4358.6,95.0,476.3,18.1,1
2367,car,4.5,road_loopA_r0,road_loopA_r1,4247.6,4359.8,112.2,1297.4,41.6,1
2356,car,4.5,road_loopA_r0,road_loopA_r1,4231.7,4360.8,129.1,1297.6,36.2,1
2378,car,4.5,road_loopA_r0,road_loopA_r1,4256.2,4362.1,105.9,1297.8,44.1,0
2371,car,4.5,road_loopA_r0,road_loopA_r1,4250.6,4362.5,111.9,1298.1,41.8,0
2373,car,4.5,road_loopA_r0,road_loopA_r1,4251.3,4364.2,112.9,1297.6,41.4,0
2175,car,4.5,xloopA_0Aa,road_loopA_r1,4062.0,4364.6,302.6,506.7,6.0,1
2379,car,4.5,road_loopA_r0,road_loopA_r1,4258.7,4364.7,106.0,1298.3,44.1,0
2375,suv,4.8,road_loopA_r0,road_loopA_r1,4253.4,4365.9,112.5,1297.5,41.5,0
2358,car,4.5,road_loopA_r0,road_loopA_r1,4233.0,4366.2,133.2,1297.4,35.1,1
2381,suv,4.8,road_loopA_r0,road_loopA_r1,4260.8,4367.3,106.5,1297.8,43.9,0
2380,car,4.5,road_loopA_r0,road_loopA_r1,4259.2,4367.7,108.5,1297.6,43.1,0
2361,car,4.5,road_loopA_r0,road_loopA_r1,4237.1,4367.9,130.8,1298.3,35.7,1
2392,car,4.5,road_loopA_r0,road_loopA_r1,4272.2,4369.1,96.9,1298.4,48.2,0
2385,car,4.5,road_loopA_r0,road_loopA_r1,4263.6,4369.5,105.9,1298.5,44.2,0
2374,truck,8.5,road_loopA_r0,road_loopA_r1,4252.7,4370.0,117.3,1297.3,39.8,0
2401,suv,4.8,road_loopA_r0,road_loopA_r1,4279.3,4370.9,91.6,1298.2,51.0,0
2388,car,4.5,road_loopA_r0,road_loopA_r1,4268.1,4371.2,103.1,1297.9,45.3,0
2386,suv,4.8,road_loopA_r0,road_loopA_r1,4263.9,4372.0,108.1,1298.3,43.3,1
2309,bus,11.0,road_loopA_f0,road_loopA_f1,4191.4,4372.9,181.5,1303.4,25.9,2
2389,suv,4.8,road_loopA_r0,road_loopA_r1,4268.4,4373.7,105.3,1297.3,44.3,0
2365,car,4.5,road_loopA_r0,road_loopA_r1,4243.8,4373.9,130.1,1298.6,35.9,1
2370,car,4.5,road_loopA_f0,road_loopA_f1,4250.0,4374.3,124.3,1304.2,37.8,1
2387,suv,4.8,road_loopA_r0,road_loopA_r1,4264.6,4375.7,111.1,1298.4,42.1,0
2393,car,4.5,road_loopA_r0,road_loopA_r1,4272.3,4376.9,104.6,1298.3,44.7,0
2404,car,4.5,road_loopA_r0,road_loopA_r1,4283.5,4377.9,94.4,1298.4,49.5,0
2376,suv,4.8,road_loopA_f0,road_loopA_f1,4253.7,4379.2,125.5,1303.7,37.4,1
2405,suv,4.8,road_loopA_r0,road_loopA_r1,4286.0,4379.6,93.6,1297.9,49.9,0
2399,car,4.5,road_loopA_r0,road_loopA_r1,4277.2,4380.4,103.2,1297.4,45.3,0
2383,car,4.5,road_loopA_f0,road_loopA_f1,4263.0,4382.0,119.0,1303.3,39.4,1
2407,car,4.5,road_loopA_r0,road_loopA_r1,4287.1,4382.2,95.1,1298.1,49.2,0
2368,car,4.5,road_loopA_f0,road_loopA_f1,4247.8,4382.4,134.6,1303.0,34.8,1
2411,suv,4.8,road_loopA_r0,road_loopA_r1,4289.7,4383.3,93.6,1297.8,49.9,0
2412,car,4.5,road_loopA_r0,road_loopA_r1,4289.7,4383.3,93.6,1298.7,50.0,0
2416,car,4.5,road_loopA_r0,road_loopA_r1,4290.7,4384.9,94.2,1297.8,49.6,0
2390,truck,8.5,road_loopA_f0,xloopA_0Ab,4270.2,4385.5,115.3,505.4,15.8,1
2398,car,4.5,road_loopA_r0,road_loopA_r1,4274.2,4385.7,111.5,1297.3,41.9,0
2415,suv,4.8,road_loopA_r0,road_loopA_r1,4290.3,4386.7,96.4,1297.5,48.5,0
2433,car,4.5,road_loopA_r0,xloopA_0Bb,4309.5,4387.1,77.6,895.6,41.5,0
2418,truck,8.5,road_loopA_r0,road_loopA_r1,4291.2,4387.4,96.2,1298.3,48.6,0
2391,suv,4.8,road_loopA_f0,road_loopA_f1,4271.7,4387.7,116.0,1303.9,40.5,1
2372,car,4.5,road_loopA_f0,road_loopA_f1,4250.9,4387.8,136.9,1303.1,34.3,1
2402,truck,8.5,road_loopA_r0,road_loopA_r1,4282.6,4387.9,105.3,1297.6,44.4,0
2426,suv,4.8,road_loopA_r0,road_loopA_r1,4298.3,4388.5,90.2,1297.3,51.8,0
2346,bus,11.0,road_loopA_r0,road_loopA_r1,4223.7,4388.9,165.2,1297.6,28.3,2
2377,car,4.5,road_loopA_f0,road_loopA_f1,4255.3,4389.5,134.2,1303.0,34.9,1
2442,car,4.5,road_loopA_r0,xloopA_0Bb,4318.1,4389.5,71.4,895.5,45.2,0
2410,suv,4.8,road_loopA_r0,road_loopA_r1,4289.4,4391.3,101.9,1297.6,45.9,0
2396,car,4.5,road_loopA_f0,road_loopA_f1,4273.7,4392.4,118.7,1303.2,39.5,0
2408,car,4.5,road_loopA_f0,road_loopA_f1,4288.1,4393.7,105.6,1303.3,44.4,0
2403,car,4.5,road_loopA_f0,road_loopA_f1,4282.7,4393.8,111.1,1303.4,42.2,0
2417,car,4.5,road_loopA_f0,road_loopA_f1,4291.0,4395.5,104.5,1303.7,44.9,0
2369,car,4.5,road_loopA_f0,road_loopA_f1,4249.3,4396.1,146.8,1303.4,32.0,1
2423,car,4.5,road_loopA_r0,road_loopA_r1,4296.0,4396.1,100.1,1297.5,46.7,0
2413,car,4.5,road_loopA_f0,road_loopA_f1,4290.1,4396.8,106.7,1303.6,44.0,0
2409,car,4.5,road_loopA_f0,road_loopA_f1,4288.8,4397.7,108.9,1303.3,43.1,0
2394,car,4.5,road_loopA_f0,road_loopA_f1,4272.3,4398.0,125.7,1303.6,37.3,0
2397,car,4.5,road_loopA_f0,road_loopA_f1,4274.0,4398.5,124.5,1303.0,37.7,0
2428,car,4.5,xloopA_0Ba,xloopA_0Bb,4305.4,4398.6,93.2,84.5,3.3,1
2382,car,4.5,xloopA_0Aa,xloopA_0Ab,4261.9,4398.8,136.9,84.7,2.2,1
2424,car,4.5,road_loopA_f0,road_loopA_f1,4296.6,4399.4,102.8,1303.1,45.7,0
2425,car,4.5,road_loopA_f0,road_loopA_f1,4296.7,4401.2,104.5,1303.2,44.9,0
2511,car,4.5,xloopA_0Ba,xloopA_0Bb,4383.1,4401.3,18.2,84.2,16.7,0
2421,truck,8.5,road_loopA_f0,road_loopA_f1,4293.5,4401.5,108.0,1304.0,43.5,0
2420,car,4.5,xloopA_0Aa,xloopA_0Ab,4293.6,4401.9,108.3,84.0,2.8,1
2515,car,4.5,xloopA_0Ba,xloopA_0Bb,4387.9,4403.4,15.5,84.7,19.7,0
2460,car,4.5,xloopA_0Aa,xloopA_0Ab,4328.9,4404.1,75.2,84.0,4.0,1
2406,truck,8.5,road_loopA_f0,road_loopA_f1,4286.7,4404.6,117.9,1303.5,39.8,0
2522,car,4.5,xloopA_0Ba,xloopA_0Bb,4391.8,4405.6,13.8,84.5,22.0,0
2427,suv,4.8,road_loopA_f0,road_loopA_f1,4303.2,4406.1,102.9,1303.1,45.6,0
2464,car,4.5,xloopA_0Aa,xloopA_0Ab,4333.1,4406.4,73.3,84.6,4.2,0
2431,truck,8.5,road_loopA_f0,road_loopA_f1,4307.1,4407.2,100.1,1303.4,46.9,0
2528,car,4.5,xloopA_0Ba,xloopA_0Bb,4395.4,4407.4,12.0,84.2,25.2,0
2441,suv,4.8,road_loopA_f0,road_loopA_f1,4317.7,4407.9,90.2,1303.8,52.0,0
2471,car,4.5,xloopA_0Aa,xloopA_0Ab,4339.1,4408.3,69.2,84.4,4.4,0
2439,suv,4.8,road_loopA_f0,road_loopA_f1,4314.4,4409.2,94.8,1303.5,49.5,0
2436,suv,4.8,road_loopA_f0,road_loopA_f1,4310.7,4410.2,99.5,1303.8,47.2,0
2446,car,4.5,road_loopA_f0,road_loopA_f1,4320.3,4411.4,91.1,1303.0,51.5,0
2419,car,4.5,xloopA_0Ba,road_loopA_f1,4291.7,4412.6,120.9,902.7,26.9,0
2438,car,4.5,road_loopA_f0,road_loopA_f1,4313.9,4412.6,98.7,1303.0,47.5,0
2451,car,4.5,road_loopA_f0,road_loopA_f1,4323.6,4414.1,90.5,1303.0,51.8,0
2366,car,4.5,road_loopA_f0,road_loopA_f1,4247.3,4414.2,166.9,1303.0,28.1,1
2443,car,4.5,road_loopA_f0,road_loopA_f1,4319.9,4414.4,94.5,1303.5,49.6,0
2476,car,4.5,road_loopA_f0,xloopA_0Bb,4343.1,4415.1,72.0,478.7,23.9,1
2395,car,4.5,road_loopA_f0,road_loopA_f1,4273.0,4415.9,142.9,1303.9,32.8,0
2440,suv,4.8,road_loopA_f0,road_loopA_f1,4316.0,4416.5,100.5,1304.0,46.7,0
2448,car,4.5,road_loopA_f0,road_loopA_f1,4320.9,4417.2,96.3,1302.8,48.7,0
2400,car,4.5,road_loopA_f0,road_loopA_f1,4277.4,4417.5,140.1,1302.9,33.5,0
2414,car,4.5,road_loopA_f0,road_loopA_f1,4290.3,4419.7,129.4,1303.1,36.3,0
2432,car,4.5,road_loopA_f0,road_loopA_f1,4308.6,4420.0,111.4,1302.8,42.1,0
2422,truck,8.5,road_loopA_f0,road_loopA_f1,4294.7,4421.9,127.2,1303.8,36.9,0
2481,suv,4.8,road_loopA_f0,xloopA_0Bb,4352.3,4422.6,70.3,478.9,24.5,1
2435,car,4.5,road_loopA_f0,road_loopA_f1,4309.9,4423.8,113.9,1303.0,41.2,0
2429,suv,4.8,road_loopA_f0,road_loopA_f1,4305.3,4423.9,118.6,1303.5,39.6,0
2466,suv,4.8,road_loopA_f0,road_loopA_f1,4335.1,4424.9,89.8,1303.0,52.3,0
2458,car,4.5,road_loopA_f0,road_loopA_f1,4327.3,4425.7,98.4,1302.9,47.7,0
2462,car,4.5,road_loopA_f0,road_loopA_f1,4332.1,4425.8,93.7,1303.1,50.1,0
2469,car,4.5,road_loopA_f0,road_loopA_f1,4337.9,4428.4,90.5,1303.7,51.9,0
2454,car,4.5,road_loopA_f0,road_loopA_f1,4325.8,4428.8,103.0,1303.8,45.6,0
2461,suv,4.8,road_loopA_f0,road_loopA_f1,4331.6,4429.1,97.5,1303.4,48.1,0
2492,car,4.5,road_loopA_f0,xloopA_0Bb,4359.4,4429.4,70.0,478.8,24.6,1
1,tram,34.0,loopB,loopB,255.5,4429.7,4174.2,33672.8,29.0,40
2463,car,4.5,road_loopA_f0,road_loopA_f1,4332.4,4433.3,100.9,1303.1,46.5,0
2467,car,4.5,road_loopA_f0,road_loopA_f1,4335.7,4435.0,99.3,1302.8,47.3,0
2437,suv,4.8,road_loopA_r0,road_loopA_r1,4311.4,4440.2,128.8,1298.1,36.3,1
2450,suv,4.8,road_loopA_r0,road_loopA_r1,4322.3,4444.2,121.9,1297.4,38.3,1
2434,truck,8.5,road_loopA_r0,road_loopA_r1,4309.5,4444.4,134.9,1297.3,34.6,1
2430,suv,4.8,road_loopA_r0,road_loopA_r1,4306.8,4446.6,139.8,1298.5,33.4,1
2444,car,4.5,road_loopA_r0,road_loopA_r1,4319.8,4449.2,129.4,1298.2,36.1,1
2445,suv,4.8,road_loopA_r0,road_loopA_r1,4319.9,4449.2,129.3,1297.8,36.1,1
2447,car,4.5,road_loopA_r0,road_loopA_r1,4320.7,4450.1,129.4,1297.5,36.1,1
2452,car,4.5,road_loopA_r0,road_loopA_r1,4325.0,4450.9,125.9,1297.7,37.1,1
2449,car,4.5,road_loopA_r0,road_loopA_r1,4322.0,4451.1,129.1,1298.5,36.2,1
2453,truck,8.5,road_loopA_r0,road_loopA_r1,4325.0,4453.3,128.3,1298.1,36.4,1
2456,car,4.5,road_loopA_r0,road_loopA_r1,4326.2,4453.3,127.1,1298.5,36.8,1
2459,suv,4.8,road_loopA_r0,road_loopA_r1,4327.4,4455.4,128.0,1298.0,36.5,1
2457,suv,4.8,road_loopA_r0,road_loopA_r1,4326.4,4455.5,129.1,1297.9,36.2,1
2455,car,4.5,road_loopA_r0,road_loopA_r1,4326.0,4456.7,130.7,1298.2,35.8,1
2465,car,4.5,road_loopA_r0,road_loopA_r1,4334.7,4457.3,122.6,1298.2,38.1,1
2468,suv,4.8,road_loopA_r0,road_loopA_r1,4336.7,4458.0,121.3,1298.5,38.5,1
2544,truck,8.5,road_loopA_f0,xloopA_0Bb,4409.5,4458.6,49.1,478.7,35.1,0
2473,suv,4.8,road_loopA_r0,road_loopA_r1,4339.8,4459.0,119.2,1298.4,39.2,1
2474,car,4.5,road_loopA_r0,road_loopA_r1,4340.1,4460.8,120.7,1298.5,38.7,1
2477,car,4.5,road_loopA_r0,road_loopA_r1,4343.2,4461.6,118.4,1297.6,39.5,0
2554,car,4.5,road_loopA_f0,xloopA_0Bb,4416.2,4461.6,45.4,478.7,37.9,0
2494,truck,8.5,road_loopA_r0,road_loopA_r1,4359.6,4463.8,104.2,1297.9,44.9,0
2493,car,4.5,road_loopA_r0,road_loopA_r1,4359.6,4464.9,105.3,1297.7,44.4,0
2501,suv,4.8,road_loopA_r0,road_loopA_r1,4365.7,4466.0,100.3,1298.1,46.6,0
2497,suv,4.8,road_loopA_r0,road_loopA_r1,4362.6,4466.6,104.0,1297.6,44.9,0
2470,suv,4.8,road_loopA_f0,road_loopA_f1,4338.2,4467.5,129.3,1304.2,36.3,1
2475,suv,4.8,road_loopA_f0,road_loopA_f1,4342.1,4467.5,125.4,1303.7,37.4,1
2505,suv,4.8,road_loopA_r0,road_loopA_r1,4371.3,4468.4,97.1,1298.6,48.2,0
2490,car,4.5,road_loopA_r0,road_loopA_r1,4358.3,4468.5,110.2,1297.4,42.4,0
2483,suv,4.8,road_loopA_f0,road_loopA_f1,4352.7,4470.0,117.3,1304.2,40.0,1
2509,car,4.5,road_loopA_r0,road_loopA_r1,4381.2,4470.2,89.0,1297.3,52.5,0
2488,suv,4.8,road_loopA_f0,road_loopA_f1,4357.6,4473.3,115.7,1303.3,40.6,1
2485,car,4.5,road_loopA_f0,road_loopA_f1,4354.8,4473.7,118.9,1302.9,39.5,1
2514,car,4.5,road_loopA_r0,road_loopA_r1,4386.7,4475.7,89.0,1297.3,52.5,0
2503,suv,4.8,road_loopA_f0,xloopA_0Ab,4367.4,4477.7,110.3,505.7,16.5,1
2479,truck,8.5,road_loopA_r0,xloopA_0Bb,4347.6,4478.3,130.7,895.9,24.7,2
2486,truck,8.5,road_loopA_f0,road_loopA_f1,4355.6,4479.0,123.4,1302.8,38.0,1
2480,car,4.5,road_loopA_f0,road_loopA_f1,4347.6,4479.1,131.5,1303.8,35.7,1
2562,car,4.5,road_loopA_f0,xloopA_0Ab,4420.2,4480.3,60.1,505.4,30.3,1
2489,car,4.5,road_loopA_f0,road_loopA_f1,4358.2,4481.1,122.9,1303.7,38.2,1
2482,car,4.5,road_loopA_r0,xloopA_0Bb,4352.7,4481.3,128.6,895.8,25.1,2
2491,car,4.5,road_loopA_f0,road_loopA_f1,4359.2,4481.9,122.7,1303.5,38.2,1
2523,suv,4.8,road_loopA_r0,road_loopA_r1,4392.3,4482.0,89.7,1298.1,52.1,0
2496,car,4.5,road_loopA_f0,road_loopA_f1,4361.4,4482.8,121.4,1303.6,38.6,1
2498,car,4.5,road_loopA_f0,road_loopA_f1,4362.8,4483.3,120.5,1303.4,38.9,1
2495,car,4.5,road_loopA_r0,xloopA_0Bb,4360.5,4483.9,123.4,895.5,26.1,2
2499,car,4.5,road_loopA_f0,road_loopA_f1,4363.6,4484.6,121.0,1303.5,38.8,1
2530,car,4.5,road_loopA_r0,road_loopA_r1,4395.5,4485.0,89.5,1297.6,52.2,0
2500,truck,8.5,road_loopA_f0,road_loopA_f1,4365.0,4485.6,120.6,1303.3,38.9,1
2502,car,4.5,road_loopA_f0,road_loopA_f1,4366.3,4486.4,120.1,1303.1,39.1,1
2512,suv,4.8,road_loopA_r0,xloopA_0Bb,4384.3,4486.6,102.3,895.7,31.5,1
2519,suv,4.8,road_loopA_f0,road_loopA_f1,4389.8,4487.5,97.7,1302.9,48.0,0
2506,car,4.5,road_loopA_f0,road_loopA_f1,4374.9,4487.7,112.8,1303.7,41.6,0
2517,suv,4.8,road_loopA_r0,road_loopA_r1,4388.7,4488.1,99.4,1297.8,47.0,0
2507,car,4.5,road_loopA_f0,road_loopA_f1,4376.5,4488.4,111.9,1302.8,41.9,0
2533,suv,4.8,road_loopA_r0,road_loopA_r1,4397.5,4489.8,92.3,1298.0,50.6,0
2510,car,4.5,road_loopA_f0,road_loopA_f1,4382.2,4490.2,108.0,1303.1,43.4,0
2527,car,4.5,road_loopA_r0,road_loopA_r1,4395.0,4490.2,95.2,1297.3,49.1,0
2525,car,4.5,road_loopA_f0,road_loopA_f1,4394.1,4491.7,97.6,1303.5,48.1,0
2472,car,4.5,xloopA_0Aa,xloopA_0Ab,4339.1,4491.8,152.7,84.1,2.0,1
2561,car,4.5,xloopA_0Ba,xloopA_0Bb,4419.5,4491.9,72.4,84.5,4.2,1
2516,suv,4.8,road_loopA_f0,road_loopA_f1,4388.1,4492.0,103.9,1304.1,45.2,0
2508,truck,8.5,road_loopA_f0,road_loopA_f1,4379.2,4492.9,113.7,1303.1,41.3,0
2536,suv,4.8,road_loopA_r0,road_loopA_r1,4401.9,4492.9,91.0,1298.4,51.4,0
2520,suv,4.8,road_loopA_f0,road_loopA_f1,4389.9,4493.8,103.9,1303.9,45.2,0
2529,car,4.5,road_loopA_f0,road_loopA_f1,4395.4,4494.7,99.3,1304.1,47.3,0
2566,car,4.5,xloopA_0Ba,xloopA_0Bb,4422.9,4494.7,71.8,84.2,4.2,1
2513,truck,8.5,road_loopA_f0,road_loopA_f1,4385.0,4495.4,110.4,1302.8,42.5,0
2524,car,4.5,road_loopA_f0,road_loopA_f1,4393.1,4495.6,102.5,1303.9,45.8,0
2604,car,4.5,xloopA_0Ba,xloopA_0Bb,4453.9,4496.7,42.8,84.2,7.1,1
2518,truck,8.5,road_loopA_r0,road_loopA_r1,4389.6,4497.1,107.5,1298.4,43.5,0
2484,car,4.5,xloopA_0Aa,xloopA_0Ab,4353.4,4497.6,144.2,84.2,2.1,1
2526,truck,8.5,road_loopA_f0,road_loopA_f1,4394.9,4498.6,103.7,1303.2,45.3,0
2531,car,4.5,road_loopA_r0,road_loopA_r1,4396.5,4499.1,102.6,1297.9,45.5,0
2504,car,4.5,xloopA_0Aa,xloopA_0Ab,4369.3,4499.6,130.3,84.6,2.3,0
2620,car,4.5,xloopA_0Ba,xloopA_0Bb,4469.1,4499.6,30.5,84.4,9.9,0
2532,suv,4.8,road_loopA_f0,road_loopA_f1,4397.0,4500.6,103.6,1303.6,45.3,0
2588,car,4.5,xloopA_0Aa,xloopA_0Ab,4438.4,4501.7,63.3,84.1,4.8,0
2539,car,4.5,road_loopA_f0,road_loopA_f1,4406.7,4501.8,95.1,1303.7,49.4,0
2541,car,4.5,road_loopA_f0,road_loopA_f1,4407.5,4502.3,94.8,1303.7,49.5,0
2542,car,4.5,road_loopA_f0,road_loopA_f1,4408.0,4503.3,95.3,1302.8,49.2,0
2521,suv,4.8,road_loopA_f0,road_loopA_f1,4390.5,4504.9,114.4,1303.7,41.0,0
2545,suv,4.8,road_loopA_f0,road_loopA_f1,4410.0,4505.1,95.1,1304.1,49.4,0
2546,car,4.5,road_loopA_f0,road_loopA_f1,4411.9,4505.1,93.2,1303.0,50.3,0
2535,car,4.5,road_loopA_f0,road_loopA_f1,4399.7,4506.6,106.9,1303.0,43.9,0
2553,car,4.5,road_loopA_f0,road_loopA_f1,4415.9,4507.6,91.7,1303.7,51.2,0
2552,car,4.5,road_loopA_f0,road_loopA_f1,4415.0,4508.5,93.5,1303.7,50.2,0
2555,car,4.5,road_loopA_f0,road_loopA_f1,4416.2,4510.1,93.9,1303.3,50.0,0
2548,truck,8.5,road_loopA_f0,road_loopA_f1,4413.0,4511.2,98.2,1302.8,47.7,0
2565,car,4.5,road_loopA_f0,road_loopA_f1,4422.4,4511.9,89.5,1303.7,52.4,0
2556,car,4.5,road_loopA_f0,road_loopA_f1,4416.6,4513.4,96.8,1303.6,48.5,0
2584,car,4.5,road_loopA_f0,xloopA_0Bb,4432.2,4517.2,85.0,478.9,20.3,1
2567,car,4.5,road_loopA_f0,road_loopA_f1,4423.4,4520.7,97.3,1303.6,48.2,0
2587,car,4.5,road_loopA_f0,xloopA_0Bb,4437.3,4520.7,83.4,478.7,20.7,1
2570,car,4.5,road_loopA_f0,road_loopA_f1,4425.4,4521.2,95.8,1303.2,49.0,0
2575,car,4.5,road_loopA_f0,road_loopA_f1,4427.0,4522.9,95.9,1303.8,48.9,0
2589,suv,4.8,road_loopA_f0,xloopA_0Bb,4438.5,4524.7,86.2,478.9,20.0,1
2610,suv,4.8,road_loopA_r0,xloopA_0Ab,4458.0,4527.1,69.1,869.3,45.3,0
2611,car,4.5,road_loopA_f0,xloopA_0Bb,4459.8,4528.4,68.6,478.5,25.1,1
2640,suv,4.8,road_loopA_f0,xloopA_0Bb,4489.4,4535.1,45.7,479.0,37.7,0
2543,car,4.5,road_loopA_r0,road_loopA_r1,4408.6,4535.4,126.8,1297.3,36.8,1
2540,car,4.5,road_loopA_r0,road_loopA_r1,4407.2,4535.7,128.5,1298.3,36.4,1
2549,car,4.5,road_loopA_r0,road_loopA_r1,4413.5,4537.4,123.9,1298.2,37.7,1
2550,car,4.5,road_loopA_r0,road_loopA_r1,4414.2,4538.5,124.3,1298.2,37.6,1
2557,car,4.5,road_loopA_r0,road_loopA_r1,4417.7,4541.5,123.8,1298.0,37.7,1
2534,car,4.5,road_loopA_r0,road_loopA_r1,4399.6,4544.3,144.7,1298.3,32.3,1
2558,car,4.5,road_loopA_r0,road_loopA_r1,4418.1,4545.7,127.6,1297.5,36.6,1
2547,suv,4.8,road_loopA_r0,road_loopA_r1,4412.5,4547.6,135.1,1297.9,34.6,1
2569,suv,4.8,road_loopA_r0,road_loopA_r1,4425.3,4548.0,122.7,1298.0,38.1,1
2623,car,4.5,road_loopA_r0,xloopA_0Ab,4473.0,4548.9,75.9,869.0,41.2,0
2487,bus,11.0,road_loopA_f0,road_loopA_f1,4356.5,4549.9,193.4,1303.3,24.3,3
2551,truck,8.5,road_loopA_r0,road_loopA_r1,4414.9,4549.9,135.0,1297.9,34.6,1
2564,car,4.5,road_loopA_r0,road_loopA_r1,4420.6,4550.1,129.5,1297.3,36.1,1
2577,car,4.5,road_loopA_r0,road_loopA_r1,4427.5,4551.9,124.4,1297.9,37.6,1
2625,suv,4.8,road_loopA_r0,xloopA_0Ab,4476.0,4552.3,76.3,869.3,41.0,0
2572,car,4.5,road_loopA_r0,road_loopA_r1,4425.8,4553.8,128.0,1298.5,36.5,1
2560,car,4.5,road_loopA_r0,road_loopA_r1,4419.0,4554.8,135.8,1298.1,34.4,1
2478,car,4.5,xloopA_0Aa,road_loopA_r1,4344.6,4556.6,212.0,506.7,8.6,1
2591,car,4.5,road_loopA_r0,road_loopA_r1,4438.9,4556.6,117.7,1298.0,39.7,1
2538,car,4.5,road_loopA_r0,road_loopA_r1,4404.2,4558.4,154.2,1297.9,30.3,1
2614,suv,4.8,road_loopA_r0,road_loopA_r1,4462.6,4558.4,95.8,1298.2,48.8,0
2574,car,4.5,road_loopA_r0,road_loopA_r1,4426.6,4558.7,132.1,1298.0,35.4,1
2559,car,4.5,road_loopA_r0,road_loopA_r1,4418.2,4560.1,141.9,1298.3,32.9,1
2590,car,4.5,road_loopA_r0,road_loopA_r1,4438.5,4561.3,122.8,1298.0,38.0,0
2563,car,4.5,road_loopA_r0,road_loopA_r1,4420.4,4561.7,141.3,1297.6,33.1,1
2578,car,4.5,road_loopA_r0,road_loopA_r1,4429.5,4561.8,132.3,1298.6,35.3,1
2580,truck,8.5,road_loopA_r0,road_loopA_r1,4431.1,4563.4,132.3,1297.9,35.3,0
2583,truck,8.5,road_loopA_f0,road_loopA_f1,4432.0,4565.2,133.2,1303.1,35.2,1
2582,car,4.5,road_loopA_r0,road_loopA_r1,4431.8,4565.6,133.8,1298.1,34.9,0
2571,suv,4.8,road_loopA_r0,road_loopA_r1,4425.5,4566.1,140.6,1297.6,33.2,0
2606,suv,4.8,road_loopA_r0,road_loopA_r1,4454.9,4566.4,111.5,1297.3,41.9,0
2579,car,4.5,road_loopA_f0,road_loopA_f1,4429.9,4567.8,137.9,1303.4,34.0,1
2581,car,4.5,road_loopA_r0,road_loopA_r1,4431.8,4567.8,136.0,1297.5,34.3,0
2593,car,4.5,road_loopA_r0,road_loopA_r1,4440.6,4568.0,127.4,1297.6,36.7,0
2585,car,4.5,road_loopA_f0,road_loopA_f1,4436.6,4568.9,132.3,1303.0,35.4,1
2621,car,4.5,road_loopA_r0,road_loopA_r1,4471.8,4568.9,97.1,1297.8,48.1,0
2605,car,4.5,road_loopA_r0,road_loopA_r1,4454.4,4569.5,115.1,1298.1,40.6,0
2629,car,4.5,road_loopA_r0,road_loopA_r1,4478.1,4569.8,91.7,1298.2,51.0,0
2608,suv,4.8,road_loopA_r0,road_loopA_r1,4455.9,4570.4,114.5,1297.9,40.8,0
2537,car,4.5,road_loopA_r0,xloopA_0Bb,4402.0,4570.5,168.5,895.5,19.1,2
2638,car,4.5,road_loopA_f0,xloopA_0Ab,4487.8,4571.1,83.3,504.9,21.8,2
2592,car,4.5,road_loopA_f0,road_loopA_f1,4440.4,4571.4,131.0,1303.4,35.8,1
2615,car,4.5,road_loopA_r0,road_loopA_r1,4463.9,4571.6,107.7,1298.1,43.4,0
2,tram,34.0,loopA,loopA,298.9,4571.7,4272.8,33702.5,28.4,41
2618,suv,4.8,road_loopA_r0,road_loopA_r1,4467.2,4572.6,105.4,1297.5,44.3,0
2576,truck,8.5,road_loopA_f0,road_loopA_f1,4427.6,4572.9,145.3,1303.1,32.3,1
2597,car,4.5,road_loopA_r0,xloopA_0Bb,4444.8,4573.1,128.3,895.5,25.1,1
2601,suv,4.8,road_loopA_f0,road_loopA_f1,4451.1,4573.2,122.1,1303.4,38.4,1
2616,car,4.5,road_loopA_r0,road_loopA_r1,4465.2,4574.4,109.2,1297.8,42.8,0
2599,suv,4.8,road_loopA_r0,road_loopA_r1,4450.3,4574.5,124.2,1298.1,37.6,0
2627,car,4.5,road_loopA_r0,road_loopA_r1,4476.8,4574.5,97.7,1298.1,47.9,0
2603,car,4.5,road_loopA_f0,road_loopA_f1,4453.2,4575.0,121.8,1304.2,38.5,1
2641,suv,4.8,road_loopA_r0,xloopA_0Bb,4489.4,4575.8,86.4,895.7,37.3,1
2628,car,4.5,road_loopA_r0,road_loopA_r1,4477.1,4576.3,99.2,1298.1,47.1,0
2637,car,4.5,road_loopA_r0,road_loopA_r1,4485.9,4576.4,90.5,1298.0,51.6,0
2677,suv,4.8,road_loopA_f0,xloopA_0Ab,4526.6,4577.0,50.4,505.3,36.1,0
2595,car,4.5,road_loopA_f0,road_loopA_f1,4442.5,4578.4,135.9,1303.7,34.5,1
2634,suv,4.8,road_loopA_r0,road_loopA_r1,4482.0,4579.1,97.1,1297.7,48.1,0
2607,car,4.5,road_loopA_f0,road_loopA_f1,4455.6,4580.8,125.2,1302.9,37.5,1
2644,car,4.5,road_loopA_r0,road_loopA_r1,4491.6,4580.8,89.2,1298.2,52.4,0
2609,truck,8.5,road_loopA_f0,road_loopA_f1,4458.1,4581.9,123.8,1303.5,37.9,1
2647,suv,4.8,road_loopA_r0,road_loopA_r1,4493.6,4582.6,89.0,1298.6,52.5,0
2613,car,4.5,road_loopA_f0,road_loopA_f1,4462.3,4582.7,120.4,1303.0,39.0,1
2626,car,4.5,road_loopA_f0,road_loopA_f1,4476.6,4583.5,106.9,1303.7,43.9,0
2596,suv,4.8,road_loopA_f0,road_loopA_f1,4444.6,4584.1,139.5,1303.7,33.6,1
2600,car,4.5,xloopA_0Aa,xloopA_0Ab,4451.1,4584.9,133.8,84.0,2.3,1
2631,car,4.5,road_loopA_f0,road_loopA_f1,4479.2,4585.1,105.9,1303.3,44.3,0
2646,car,4.5,road_loopA_r0,road_loopA_r1,4493.4,4585.3,91.9,1297.5,50.8,0
2568,car,4.5,road_loopA_f0,road_loopA_f1,4425.4,4586.0,160.6,1303.1,29.2,1
2612,car,4.5,road_loopA_f0,road_loopA_f1,4461.9,4586.4,124.5,1304.1,37.7,1
2643,car,4.5,xloopA_0Aa,xloopA_0Ab,4490.8,4587.0,96.2,84.4,3.2,1
2635,car,4.5,road_loopA_f0,road_loopA_f1,4482.5,4587.1,104.6,1303.0,44.9,0
2619,car,4.5,road_loopA_f0,road_loopA_f1,4467.3,4587.6,120.3,1302.9,39.0,1
2655,car,4.5,road_loopA_r0,road_loopA_r1,4498.8,4587.9,89.1,1298.6,52.5,0
2586,suv,4.8,road_loopA_f0,road_loopA_f1,4437.1,4589.3,152.2,1303.4,30.8,1
2660,car,4.5,xloopA_0Aa,xloopA_0Ab,4505.0,4589.3,84.3,84.7,3.6,1
2633,car,4.5,road_loopA_f0,road_loopA_f1,4481.7,4589.6,107.9,1303.6,43.5,0
2594,car,4.5,road_loopA_f0,road_loopA_f1,4442.5,4590.7,148.2,1303.6,31.7,1
2636,car,4.5,road_loopA_f0,road_loopA_f1,4484.8,4592.7,107.9,1303.2,43.5,0
2653,suv,4.8,road_loopA_f0,road_loopA_f1,4497.7,4594.8,97.1,1303.8,48.3,0
2662,suv,4.8,road_loopA_f0,road_loopA_f1,4506.1,4597.1,91.0,1302.9,51.5,0
2598,bus,11.0,road_loopA_r0,road_loopA_r1,4446.9,4597.6,150.7,1298.5,31.0,2
2639,car,4.5,road_loopA_f0,road_loopA_f1,4488.8,4597.9,109.1,1303.6,43.0,0
2632,car,4.5,road_loopA_f0,road_loopA_f1,4480.3,4600.0,119.7,1303.3,39.2,1
2622,suv,4.8,road_loopA_f0,road_loopA_f1,4472.0,4600.8,128.8,1302.9,36.4,0
2648,suv,4.8,road_loopA_f0,road_loopA_f1,4494.2,4602.2,108.0,1303.2,43.4,0
2661,car,4.5,road_loopA_f0,road_loopA_f1,4506.0,4602.7,96.7,1303.1,48.5,0
2659,car,4.5,road_loopA_f0,road_loopA_f1,4504.0,4603.9,99.9,1303.4,47.0,0
2650,car,4.5,road_loopA_f0,road_loopA_f1,4494.8,4604.0,109.2,1303.0,43.0,0
2645,car,4.5,road_loopA_f0,road_loopA_f1,4492.4,4606.0,113.6,1304.0,41.3,0
2652,car,4.5,road_loopA_f0,road_loopA_f1,4497.0,4609.0,112.0,1303.4,41.9,0
2672,car,4.5,road_loopA_f0,road_loopA_f1,4517.3,4609.9,92.6,1303.2,50.6,0
2654,truck,8.5,road_loopA_f0,road_loopA_f1,4498.8,4611.6,112.8,1303.2,41.6,0
2675,suv,4.8,road_loopA_f0,road_loopA_f1,4523.9,4614.0,90.1,1303.7,52.1,0
2624,car,4.5,road_loopA_f0,road_loopA_f1,4474.1,4614.6,140.5,1303.8,33.4,0
2630,truck,8.5,road_loopA_f0,road_loopA_f1,4478.7,4616.0,137.3,1303.1,34.2,0
2617,car,4.5,xloopA_0Ba,road_loopA_f1,4466.6,4616.8,150.2,902.6,21.6,0
2663,truck,8.5,road_loopA_f0,road_loopA_f1,4507.1,4616.8,109.7,1303.8,42.8,0
2602,truck,8.5,road_loopA_f0,road_loopA_f1,4451.2,4619.0,167.8,1303.3,28.0,1
2657,car,4.5,road_loopA_r0,road_loopA_r1,4499.6,4627.2,127.6,1297.8,36.6,1
2658,car,4.5,road_loopA_r0,road_loopA_r1,4502.3,4629.1,126.8,1298.2,36.9,1
2674,car,4.5,road_loopA_r0,road_loopA_r1,4523.5,4631.7,108.2,1298.3,43.2,1
2664,car,4.5,road_loopA_r0,road_loopA_r1,4508.1,4632.1,124.0,1297.6,37.7,1
2669,car,4.5,xloopA_0Ba,road_loopA_r1,4512.3,4633.1,120.8,476.3,14.2,1
2656,car,4.5,road_loopA_r0,road_loopA_r1,4499.3,4636.0,136.7,1297.8,34.2,1
2680,car,4.5,road_loopA_r0,road_loopA_r1,4528.6,4636.8,108.2,1297.3,43.2,0
2693,suv,4.8,road_loopA_r0,road_loopA_r1,4542.5,4638.8,96.3,1298.5,48.5,0
2642,car,4.5,road_loopA_r0,road_loopA_r1,4489.8,4641.1,151.3,1298.3,30.9,1
2696,car,4.5,road_loopA_r0,road_loopA_r1,4543.4,4641.5,98.1,1297.3,47.6,0
2676,car,4.5,xloopA_0Ba,road_loopA_r1,4525.9,4642.7,116.8,476.5,14.7,1
2695,car,4.5,road_loopA_r0,road_loopA_r1,4543.2,4643.7,100.5,1297.3,46.5,0
2573,bus,11.0,road_loopA_f0,road_loopA_f1,4425.9,4644.0,218.1,1303.0,21.5,3
2667,car,4.5,road_loopA_r0,road_loopA_r1,4511.3,4645.5,134.2,1297.9,34.8,1
2703,car,4.5,road_loopA_r0,road_loopA_r1,4549.7,4646.6,96.9,1297.4,48.2,0
2687,car,4.5,road_loopA_r0,road_loopA_r1,4537.1,4647.1,110.0,1297.3,42.4,0
2705,car,4.5,road_loopA_r0,road_loopA_r1,4552.8,4648.2,95.4,1297.4,49.0,0
2673,car,4.5,road_loopA_r0,road_loopA_r1,4521.0,4649.0,128.0,1297.9,36.5,0
2690,car,4.5,xloopA_0Ba,road_loopA_r1,4539.4,4649.4,110.0,476.8,15.6,0
2706,car,4.5,road_loopA_r0,road_loopA_r1,4553.0,4650.6,97.6,1298.2,47.9,0
2704,car,4.5,road_loopA_r0,road_loopA_r1,4550.7,4650.7,100.0,1298.4,46.7,0
2713,car,4.5,road_loopA_r0,xloopA_0Ab,4559.1,4651.5,92.4,869.1,33.9,1
2651,truck,8.5,road_loopA_r0,road_loopA_r1,4496.8,4651.6,154.8,1298.2,30.2,1
2698,car,4.5,road_loopA_r0,road_loopA_r1,4545.7,4653.1,107.4,1298.3,43.5,0
2665,suv,4.8,road_loopA_r0,road_loopA_r1,4510.4,4653.6,143.2,1298.4,32.6,1
2649,bus,11.0,road_loopA_r0,road_loopA_r1,4494.3,4654.5,160.2,1297.3,29.2,1
2670,car,4.5,road_loopA_r0,road_loopA_r1,4513.6,4655.3,141.7,1298.4,33.0,1
2712,car,4.5,road_loopA_r0,road_loopA_r1,4557.8,4657.0,99.2,1298.2,47.1,0
2692,truck,8.5,road_loopA_r0,road_loopA_r1,4540.0,4658.8,118.8,1298.3,39.3,0
2714,car,4.5,road_loopA_r0,road_loopA_r1,4560.1,4658.8,98.7,1298.0,47.3,0
2725,car,4.5,road_loopA_r0,road_loopA_r1,4568.8,4659.5,90.7,1298.3,51.5,0
2723,suv,4.8,road_loopA_r0,road_loopA_r1,4566.0,4660.7,94.7,1298.1,49.3,0
2678,suv,4.8,road_loopA_f0,road_loopA_f1,4528.4,4662.1,133.7,1302.9,35.1,1
2671,car,4.5,road_loopA_r0,xloopA_0Bb,4515.5,4664.0,148.5,895.4,21.7,1
2726,suv,4.8,road_loopA_f0,xloopA_0Ab,4568.8,4664.6,95.8,504.9,19.0,1
2719,car,4.5,road_loopA_r0,road_loopA_r1,4562.5,4664.8,102.3,1297.8,45.7,0
2688,suv,4.8,road_loopA_f0,road_loopA_f1,4538.1,4666.2,128.1,1304.0,36.6,1
2699,suv,4.8,road_loopA_r0,xloopA_0Bb,4547.5,4666.7,119.2,895.9,27.0,1
2691,car,4.5,road_loopA_f0,road_loopA_f1,4539.8,4667.9,128.1,1302.9,36.6,1
2717,car,4.5,road_loopA_f0,road_loopA_f1,4561.0,4668.2,107.2,1303.5,43.8,0
2721,car,4.5,road_loopA_r0,xloopA_0Bb,4563.8,4669.3,105.5,895.3,30.6,1
2731,car,4.5,road_loopA_r0,road_loopA_r1,4578.6,4669.6,91.0,1297.4,51.3,0
2707,truck,8.5,road_loopA_f0,road_loopA_f1,4555.0,4670.1,115.1,1303.4,40.8,1
2668,bus,11.0,road_loopA_r0,road_loopA_r1,4511.4,4670.2,158.8,1298.3,29.4,2
2724,car,4.5,road_loopA_f0,road_loopA_f1,4568.0,4671.0,103.0,1304.0,45.6,0
2709,car,4.5,road_loopA_r0,road_loopA_r1,4556.3,4671.5,115.2,1297.6,40.5,0
2740,car,4.5,road_loopA_r0,xloopA_0Bb,4586.2,4672.0,85.8,895.5,37.6,0
2732,suv,4.8,road_loopA_r0,road_loopA_r1,4578.5,4672.1,93.6,1297.5,49.9,0
2708,car,4.5,road_loopA_f0,road_loopA_f1,4555.3,4672.2,116.9,1302.9,40.1,1
2700,truck,8.5,road_loopA_r0,road_loopA_r1,4549.0,4672.8,123.8,1298.0,37.7,0
2720,car,4.5,road_loopA_r0,road_loopA_r1,4563.8,4673.2,109.4,1298.5,42.7,0
2715,car,4.5,road_loopA_f0,road_loopA_f1,4560.4,4673.5,113.1,1303.2,41.5,1
2716,car,4.5,road_loopA_r0,road_loopA_r1,4560.5,4675.0,114.5,1298.0,40.8,0
2733,suv,4.8,road_loopA_r0,road_loopA_r1,4580.0,4675.4,95.4,1298.4,49.0,0
2743,car,4.5,road_loopA_r0,road_loopA_r1,4586.7,4675.8,89.1,1298.3,52.5,0
2737,car,4.5,road_loopA_r0,road_loopA_r1,4583.6,4676.9,93.3,1298.5,50.1,0
2729,suv,4.8,road_loopA_f0,road_loopA_f1,4575.8,4677.7,101.9,1303.3,46.0,0
2739,car,4.5,road_loopA_f0,road_loopA_f1,4585.9,4678.4,92.5,1302.9,50.7,0
2710,car,4.5,xloopA_0Ba,xloopA_0Bb,4556.6,4679.4,122.8,84.6,2.5,1
2735,car,4.5,road_loopA_f0,road_loopA_f1,4582.8,4680.1,97.3,1303.9,48.2,0
2748,car,4.5,xloopA_0Aa,xloopA_0Ab,4593.0,4681.0,88.0,84.7,3.5,1
2744,car,4.5,road_loopA_f0,road_loopA_f1,4587.0,4682.9,95.9,1302.9,48.9,0
2758,car,4.5,xloopA_0Aa,xloopA_0Ab,4601.6,4683.5,81.9,84.1,3.7,1
2738,suv,4.8,road_loopA_f0,road_loopA_f1,4584.6,4684.7,100.1,1303.6,46.9,0
2800,car,4.5,xloopA_0Aa,xloopA_0Ab,4638.7,4685.6,46.9,84.4,6.5,0
2749,suv,4.8,road_loopA_f0,road_loopA_f1,4595.1,4686.5,91.4,1304.2,51.4,0
2684,car,4.5,road_loopA_f0,road_loopA_f1,4535.8,4687.0,151.2,1303.5,31.0,1
2775,car,4.5,xloopA_0Ba,xloopA_0Bb,4616.0,4687.0,71.0,84.7,4.3,0
2681,car,4.5,xloopA_0Ba,road_loopA_f1,4533.7,4687.1,153.4,903.1,21.2,1
2825,car,4.5,xloopA_0Aa,xloopA_0Ab,4656.3,4687.4,31.1,84.0,9.7,0
2755,car,4.5,road_loopA_f0,road_loopA_f1,4598.5,4688.2,89.7,1303.6,52.3,0
2697,suv,4.8,road_loopA_f0,road_loopA_f1,4544.8,4689.1,144.3,1303.8,32.5,1
2694,car,4.5,road_loopA_f0,road_loopA_f1,4542.9,4690.9,148.0,1303.7,31.7,1
2666,car,4.5,xloopA_0Aa,road_loopA_f1,4511.4,4690.9,179.5,872.4,17.5,0
2747,suv,4.8,road_loopA_f0,road_loopA_f1,4592.3,4691.2,98.9,1303.0,47.4,0
2753,truck,8.5,road_loopA_f0,road_loopA_f1,4596.6,4692.4,95.8,1304.0,49.0,0
2679,car,4.5,road_loopA_f0,road_loopA_f1,4528.5,4692.5,164.0,1303.1,28.6,1
2701,car,4.5,road_loopA_f0,road_loopA_f1,4549.3,4692.6,143.3,1303.5,32.7,1
2682,car,4.5,road_loopA_f0,road_loopA_f1,4534.7,4694.1,159.4,1302.9,29.4,1
2722,truck,8.5,road_loopA_f0,road_loopA_f1,4564.9,4695.1,130.2,1302.9,36.0,0
2741,suv,4.8,road_loopA_f0,road_loopA_f1,4586.4,4695.4,109.0,1304.0,43.1,0
2685,car,4.5,road_loopA_f0,road_loopA_f1,4536.0,4695.8,159.8,1302.9,29.3,1
2746,suv,4.8,road_loopA_f0,road_loopA_f1,4588.7,4697.2,108.5,1303.0,43.2,0
2761,car,4.5,road_loopA_f0,road_loopA_f1,4605.9,4697.8,91.9,1303.2,51.1,0
2686,truck,8.5,road_loopA_f0,road_loopA_f1,4537.0,4698.0,161.0,1303.2,29.1,1
2734,truck,8.5,road_loopA_f0,road_loopA_f1,4580.2,4699.6,119.4,1303.2,39.3,0
2689,suv,4.8,road_loopA_f0,road_loopA_f1,4538.9,4700.0,161.1,1303.0,29.1,1
2759,car,4.5,road_loopA_f0,road_loopA_f1,4604.7,4700.1,95.4,1302.9,49.2,0
2765,suv,4.8,road_loopA_f0,road_loopA_f1,4608.0,4701.0,93.0,1303.8,50.5,0
2787,truck,8.5,road_loopA_f0,xloopA_0Bb,4622.6,4701.5,78.9,478.4,21.8,1
2718,suv,4.8,road_loopA_f0,road_loopA_f1,4562.2,4701.8,139.6,1303.5,33.6,0
2763,suv,4.8,road_loopA_f0,road_loopA_f1,4607.2,4702.7,95.5,1303.6,49.2,0
2745,car,4.5,road_loopA_f0,road_loopA_f1,4587.9,4703.8,115.9,1303.8,40.5,0
2711,bus,11.0,road_loopA_f0,road_loopA_f1,4556.8,4703.9,147.1,1303.9,31.9,1
2757,suv,4.8,road_loopA_f0,road_loopA_f1,4600.2,4706.6,106.4,1302.9,44.1,0
2809,car,4.5,road_loopA_f0,xloopA_0Bb,4646.3,4707.7,61.4,478.7,28.1,1
2773,car,4.5,road_loopA_f0,road_loopA_f1,4614.2,4707.8,93.6,1304.1,50.1,0
2760,car,4.5,road_loopA_f0,road_loopA_f1,4604.7,4709.2,104.5,1303.2,44.9,0
2767,car,4.5,road_loopA_f0,road_loopA_f1,4608.9,4716.1,107.2,1303.5,43.8,0
2771,car,4.5,road_loopA_f0,road_loopA_f1,4611.4,4717.8,106.4,1302.9,44.1,0
2768,car,4.5,road_loopA_f0,road_loopA_f1,4609.0,4719.1,110.1,1303.8,42.6,0
2777,car,4.5,road_loopA_f0,road_loopA_f1,4617.3,4719.5,102.2,1303.4,45.9,0
2754,car,4.5,road_loopA_r0,road_loopA_r1,4598.0,4725.3,127.3,1297.5,36.7,1
2702,bus,11.0,road_loopA_f0,road_loopA_f1,4549.2,4725.4,176.2,1303.3,26.6,3
2742,car,4.5,road_loopA_r0,road_loopA_r1,4586.4,4728.0,141.6,1297.3,33.0,1
2756,car,4.5,road_loopA_r0,road_loopA_r1,4598.4,4728.6,130.2,1298.0,35.9,1
2764,car,4.5,road_loopA_r0,road_loopA_r1,4607.6,4730.5,122.9,1298.2,38.0,1
2751,truck,8.5,road_loopA_r0,road_loopA_r1,4595.4,4732.8,137.4,1298.2,34.0,1
2727,car,4.5,xloopA_0Ba,road_loopA_r1,4573.2,4733.0,159.8,476.2,10.7,1
2774,car,4.5,road_loopA_r0,road_loopA_r1,4614.2,4733.5,119.3,1298.7,39.2,1
2683,bus,11.0,road_loopA_f0,road_loopA_f1,4534.9,4734.6,199.7,1303.6,23.5,3
2769,car,4.5,road_loopA_r0,road_loopA_r1,4609.7,4734.7,125.0,1297.8,37.4,1
2780,suv,4.8,road_loopA_r0,road_loopA_r1,4618.3,4736.2,117.9,1298.7,39.7,1
2782,car,4.5,road_loopA_r0,road_loopA_r1,4618.9,4739.1,120.2,1298.1,38.9,1
2762,car,4.5,road_loopA_r0,road_loopA_r1,4606.3,4742.8,136.5,1298.0,34.2,1
2785,car,4.5,road_loopA_r0,road_loopA_r1,4621.7,4743.9,122.2,1297.6,38.2,0
2778,car,4.5,xloopA_0Ba,road_loopA_r1,4617.7,4744.7,127.0,476.4,13.5,0
2788,truck,8.5,road_loopA_r0,road_loopA_r1,4622.8,4745.4,122.6,1297.6,38.1,18
2772,suv,4.8,road_loopA_r0,road_loopA_r1,4613.5,4746.2,132.7,1297.7,35.2,1
2750,suv,4.8,road_loopA_r0,road_loopA_r1,4595.2,4746.4,151.2,1297.6,30.9,1
2822,car,4.5,road_loopA_r0,road_loopA_r1,4655.2,4747.7,92.5,1298.6,50.5,0
2776,car,4.5,road_loopA_r0,road_loopA_r1,4616.3,4748.3,132.0,1297.7,35.4,1
2752,truck,8.5,road_loopA_r0,road_loopA_r1,4595.6,4748.7,153.1,1298.3,30.5,1
2817,car,4.5,road_loopA_r0,road_loopA_r1,4652.8,4750.0,97.2,1298.2,48.1,0
2830,car,4.5,road_loopA_r0,road_loopA_r1,4659.3,4750.2,90.9,1297.3,51.4,0
2766,car,4.5,road_loopA_r0,road_loopA_r1,4608.3,4750.8,142.5,1297.9,32.8,1
2784,car,4.5,road_loopA_f0,road_loopA_f1,4621.6,4751.4,129.8,1302.8,36.1,1
2818,car,4.5,road_loopA_r0,road_loopA_r1,4653.0,4752.1,99.1,1298.5,47.1,0
2799,car,4.5,road_loopA_r0,road_loopA_r1,4637.7,4752.4,114.7,1297.7,40.7,0
2770,suv,4.8,road_loopA_r0,road_loopA_r1,4610.9,4752.6,141.7,1298.1,33.0,1
2884,car,4.5,road_loopA_f0,xloopA_0Bb,4712.8,4752.7,39.9,478.7,43.2,0
2789,car,4.5,road_loopA_f0,road_loopA_f1,4623.4,4753.3,129.9,1303.5,36.1,1
2792,suv,4.8,road_loopA_r0,road_loopA_r1,4625.8,4754.3,128.5,1297.3,36.4,0
2806,suv,4.8,road_loopA_r0,road_loopA_r1,4643.9,4755.1,111.2,1298.5,42.0,0
2832,car,4.5,road_loopA_r0,road_loopA_r1,4661.3,4755.4,94.1,1298.6,49.7,0
2808,car,4.5,road_loopA_r0,road_loopA_r1,4646.0,4756.1,110.1,1297.7,42.4,0
2837,car,4.5,road_loopA_r0,road_loopA_r1,4665.5,4757.2,91.7,1297.3,50.9,0
2815,suv,4.8,road_loopA_r0,road_loopA_r1,4650.4,4757.9,107.5,1298.3,43.5,0
2791,car,4.5,road_loopA_f0,road_loopA_f1,4625.1,4758.8,133.7,1303.5,35.1,1
2842,car,4.5,road_loopA_r0,road_loopA_r1,4668.7,4758.9,90.2,1298.4,51.8,0
2803,car,4.5,road_loopA_f0,road_loopA_f1,4639.2,4760.5,121.3,1303.8,38.7,1
2838,car,4.5,road_loopA_r0,road_loopA_r1,4666.2,4760.7,94.5,1298.3,49.5,0
2795,car,4.5,road_loopA_f0,road_loopA_f1,4629.1,4762.0,132.9,1304.1,35.3,1
2824,truck,8.5,road_loopA_r0,road_loopA_r1,4656.1,4762.6,106.5,1298.0,43.9,0
2811,car,4.5,road_loopA_f0,road_loopA_f1,4647.4,4763.8,116.4,1303.9,40.3,1
2814,car,4.5,road_loopA_f0,road_loopA_f1,4649.3,4766.0,116.7,1303.0,40.2,1
2790,car,4.5,road_loopA_f0,road_loopA_f1,4624.3,4768.1,143.8,1302.8,32.6,1
2819,car,4.5,road_loopA_f0,road_loopA_f1,4653.8,4769.6,115.8,1303.9,40.6,1
2848,suv,4.8,road_loopA_r0,road_loopA_r1,4675.8,4770.0,94.2,1298.1,49.6,0
2779,car,4.5,road_loopA_r0,xloopA_0Bb,4618.2,4771.0,152.8,895.4,21.1,1
2823,car,4.5,road_loopA_f0,road_loopA_f1,4655.9,4771.3,115.4,1303.0,40.7,0
2798,car,4.5,road_loopA_f0,xloopA_0Ab,4634.5,4771.6,137.1,505.4,13.3,1
2813,car,4.5,road_loopA_f0,road_loopA_f1,4649.3,4773.2,123.9,1303.5,37.9,1
2854,suv,4.8,road_loopA_r0,road_loopA_r1,4680.6,4773.5,92.9,1297.3,50.2,0
2804,car,4.5,road_loopA_f0,xloopA_0Ab,4642.6,4774.2,131.6,505.5,13.8,1
2794,truck,8.5,road_loopA_f0,road_loopA_f1,4628.7,4774.6,145.9,1303.1,32.2,1
2829,car,4.5,road_loopA_f0,road_loopA_f1,4658.6,4775.0,116.4,1303.4,40.3,1
2834,suv,4.8,road_loopA_f0,road_loopA_f1,4662.7,4776.8,114.1,1303.4,41.1,0
2821,suv,4.8,road_loopA_f0,xloopA_0Ab,4654.8,4776.9,122.1,505.7,14.9,1
2812,car,4.5,road_loopA_f0,road_loopA_f1,4648.1,4777.0,128.9,1303.3,36.4,1
2859,car,4.5,road_loopA_r0,road_loopA_r1,4686.5,4778.4,91.9,1298.3,50.9,0
2841,truck,8.5,road_loopA_f0,road_loopA_f1,4668.4,4778.8,110.4,1302.9,42.5,0
2836,car,4.5,road_loopA_f0,xloopA_0Ab,4664.8,4779.5,114.7,505.1,15.9,1
2805,car,4.5,road_loopA_f0,road_loopA_f1,4643.6,4780.5,136.9,1304.0,34.3,1
2730,car,4.5,xloopA_0Ba,road_loopA_f1,4576.7,4780.6,203.9,902.3,15.9,1
2840,car,4.5,road_loopA_f0,road_loopA_f1,4667.8,4780.9,113.1,1302.8,41.5,6
2857,truck,8.5,road_loopA_r0,road_loopA_r1,4683.9,4781.0,97.1,1297.8,48.1,0
2839,car,4.5,road_loopA_f0,xloopA_0Ab,4666.5,4782.2,115.7,505.3,15.7,1
2807,car,4.5,road_loopA_f0,road_loopA_f1,4644.0,4782.3,138.3,1302.9,33.9,1
2827,suv,4.8,road_loopA_f0,road_loopA_f1,4657.0,4783.6,126.6,1303.4,37.1,0
2850,car,4.5,road_loopA_f0,road_loopA_f1,4678.9,4783.7,104.8,1303.5,44.8,0
2868,car,4.5,road_loopA_r0,road_loopA_r1,4694.8,4783.8,89.0,1297.3,52.5,0
2816,car,4.5,road_loopA_f0,road_loopA_f1,4652.7,4784.5,131.8,1303.5,35.6,1
2858,car,4.5,road_loopA_f0,road_loopA_f1,4686.1,4785.4,99.3,1303.7,47.3,0
2871,car,4.5,road_loopA_r0,road_loopA_r1,4697.1,4786.1,89.0,1297.3,52.5,0
2826,car,4.5,road_loopA_f0,road_loopA_f1,4656.7,4786.2,129.5,1303.7,36.2,1
2783,car,4.5,xloopA_0Ba,xloopA_0Bb,4621.3,4786.9,165.6,84.7,1.8,1
2847,car,4.5,xloopA_0Aa,xloopA_0Ab,4673.2,4787.1,113.9,84.2,2.7,1
2862,car,4.5,road_loopA_f0,road_loopA_f1,4690.1,4787.6,97.5,1303.6,48.1,0
2828,car,4.5,road_loopA_f0,road_loopA_f1,4657.4,4788.0,130.6,1302.9,35.9,0
2908,car,4.5,xloopA_0Aa,xloopA_0Ab,4736.2,4789.3,53.1,84.5,5.7,1
2843,car,4.5,road_loopA_f0,road_loopA_f1,4668.8,4789.9,121.1,1304.0,38.8,0
2867,car,4.5,road_loopA_f0,road_loopA_f1,4694.0,4790.5,96.5,1303.7,48.6,0
2835,car,4.5,xloopA_0Ba,xloopA_0Bb,4664.3,4791.4,127.1,84.4,2.4,1
2932,car,4.5,xloopA_0Aa,xloopA_0Ab,4769.6,4791.5,21.9,84.6,13.9,0
2844,car,4.5,road_loopA_f0,road_loopA_f1,4668.9,4792.1,123.2,1303.1,38.1,0
2860,car,4.5,road_loopA_r0,road_loopA_r1,4687.9,4792.3,104.4,1298.1,44.8,0
2736,car,4.5,xloopA_0Aa,road_loopA_f1,4583.4,4792.4,209.0,872.5,15.0,1
2866,car,4.5,road_loopA_f0,road_loopA_f1,4693.2,4793.1,99.9,1303.2,47.0,0
2933,car,4.5,xloopA_0Aa,xloopA_0Ab,4770.5,4793.6,23.1,84.8,13.2,0
2855,car,4.5,road_loopA_f0,road_loopA_f1,4682.8,4793.8,111.0,1303.7,42.3,0
2786,car,4.5,road_loopA_f0,road_loopA_f1,4622.4,4794.0,171.6,1302.9,27.3,1
2865,car,4.5,road_loopA_f0,road_loopA_f1,4691.9,4795.5,103.6,1303.0,45.3,0
2793,suv,4.8,road_loopA_f0,road_loopA_f1,4627.9,4795.7,167.8,1303.7,28.0,1
2849,car,4.5,road_loopA_f0,road_loopA_f1,4677.4,4796.0,118.6,1303.1,39.6,0
2797,car,4.5,road_loopA_f0,road_loopA_f1,4630.7,4797.4,166.7,1303.8,28.2,1
2810,car,4.5,road_loopA_f0,road_loopA_f1,4647.0,4797.6,150.6,1303.1,31.2,1
2861,car,4.5,road_loopA_f0,road_loopA_f1,4688.0,4798.4,110.4,1303.9,42.5,0
2796,suv,4.8,road_loopA_f0,road_loopA_f1,4630.0,4799.1,169.1,1302.9,27.7,1
2802,car,4.5,road_loopA_f0,road_loopA_f1,4639.0,4800.9,161.9,1303.9,29.0,1
2877,truck,8.5,road_loopA_f0,road_loopA_f1,4701.2,4800.9,99.7,1303.5,47.1,0
2863,car,4.5,road_loopA_f0,road_loopA_f1,4690.7,4802.0,111.3,1303.1,42.1,0
2820,car,4.5,road_loopA_f0,road_loopA_f1,4653.9,4802.7,148.8,1303.5,31.5,1
2851,suv,4.8,road_loopA_r0,xloopA_0Ab,4679.4,4802.9,123.5,869.1,25.3,2
2845,car,4.5,road_loopA_f0,road_loopA_f1,4670.4,4803.5,133.1,1303.8,35.3,0
2831,car,4.5,road_loopA_f0,road_loopA_f1,4659.9,4804.5,144.6,1304.1,32.5,0
2856,suv,4.8,road_loopA_f0,road_loopA_f1,4683.6,4805.8,122.2,1303.4,38.4,0
2887,car,4.5,road_loopA_f0,road_loopA_f1,4713.4,4806.3,92.9,1303.6,50.5,0
2846,car,4.5,road_loopA_f0,road_loopA_f1,4671.5,4806.4,134.9,1303.7,34.8,0
2891,car,4.5,road_loopA_f0,road_loopA_f1,4715.9,4807.4,91.5,1303.0,51.3,0
2852,suv,4.8,road_loopA_f0,road_loopA_f1,4679.6,4808.3,128.7,1303.8,36.5,0
2874,car,4.5,road_loopA_f0,road_loopA_f1,4699.7,4812.8,113.1,1303.2,41.5,0
2886,suv,4.8,road_loopA_f0,road_loopA_f1,4713.3,4813.7,100.4,1303.5,46.7,0
2880,car,4.5,road_loopA_f0,road_loopA_f1,4707.6,4814.6,107.0,1303.7,43.9,0
2938,suv,4.8,road_loopA_f0,xloopA_0Bb,4774.0,4816.1,42.1,478.9,40.9,0
2890,car,4.5,road_loopA_f0,road_loopA_f1,4715.5,4817.3,101.8,1303.8,46.1,0
2801,bus,11.0,road_loopA_f0,road_loopA_f1,4638.7,4824.2,185.5,1302.9,25.3,3
2947,truck,8.5,road_loopA_f0,xloopA_0Bb,4780.0,4825.1,45.1,478.8,38.2,0
2876,car,4.5,road_loopA_r0,road_loopA_r1,4700.6,4828.5,127.9,1298.0,36.5,1
2894,car,4.5,road_loopA_f0,road_loopA_f1,4717.9,4828.7,110.8,1303.5,42.3,0
2878,car,4.5,road_loopA_r0,road_loopA_r1,4706.9,4830.0,123.1,1297.8,38.0,1
2881,suv,4.8,road_loopA_r0,road_loopA_r1,4709.2,4832.5,123.3,1298.2,37.9,1
2885,car,4.5,road_loopA_r0,road_loopA_r1,4712.8,4833.1,120.3,1298.1,38.8,1
2882,car,4.5,road_loopA_r0,road_loopA_r1,4711.7,4834.5,122.8,1298.5,38.1,1
2898,car,4.5,road_loopA_r0,road_loopA_r1,4722.5,4836.6,114.1,1298.3,41.0,0
2879,car,4.5,road_loopA_r0,road_loopA_r1,4707.0,4838.1,131.1,1298.2,35.6,1
2883,car,4.5,road_loopA_f0,road_loopA_f1,4712.7,4839.7,127.0,1303.0,36.9,0
2900,car,4.5,road_loopA_r0,road_loopA_r1,4725.2,4840.4,115.2,1297.4,40.5,0
2909,car,4.5,road_loopA_r0,road_loopA_r1,4736.8,4842.1,105.3,1297.5,44.4,0
2892,suv,4.8,road_loopA_r0,road_loopA_r1,4716.2,4842.2,126.0,1298.0,37.1,0
2902,car,4.5,road_loopA_r0,road_loopA_r1,4730.6,4844.2,113.6,1297.4,41.1,0
2833,car,4.5,xloopA_0Ba,road_loopA_r1,4661.6,4844.5,182.9,476.4,9.4,1
2915,suv,4.8,road_loopA_r0,road_loopA_r1,4744.2,4845.0,100.8,1297.8,46.4,0
2912,car,4.5,road_loopA_r0,road_loopA_r1,4738.4,4845.9,107.5,1297.9,43.5,0
2869,car,4.5,road_loopA_r0,road_loopA_r1,4696.6,4846.2,149.6,1297.7,31.2,1
2907,car,4.5,road_loopA_r0,road_loopA_r1,4733.1,4847.7,114.6,1297.6,40.8,0
2875,car,4.5,road_loopA_r0,road_loopA_r1,4700.2,4848.0,147.8,1298.4,31.6,1
2905,car,4.5,road_loopA_r0,road_loopA_r1,4731.5,4849.5,118.0,1297.4,39.6,1
2906,bus,11.0,road_loopA_r0,road_loopA_r1,4732.1,4850.0,117.9,1298.5,39.7,0
2888,truck,8.5,road_loopA_r0,road_loopA_r1,4713.5,4850.2,136.7,1297.7,34.2,1
2910,car,4.5,road_loopA_r0,road_loopA_r1,4737.8,4850.2,112.4,1298.0,41.6,0
2919,car,4.5,road_loopA_r0,xloopA_0Bb,4755.9,4851.0,95.1,895.3,33.9,1
2853,car,4.5,road_loopA_f0,xloopA_0Ab,4679.9,4851.6,171.7,505.4,10.6,2
2928,car,4.5,road_loopA_r0,road_loopA_r1,4761.8,4851.6,89.8,1298.6,52.0,0
2920,suv,4.8,road_loopA_r0,road_loopA_r1,4755.9,4851.9,96.0,1298.3,48.7,0
2893,suv,4.8,road_loopA_r0,road_loopA_r1,4716.5,4852.2,135.7,1297.9,34.4,1
2904,car,4.5,road_loopA_r0,road_loopA_r1,4731.4,4854.0,122.6,1297.7,38.1,0
2864,car,4.5,road_loopA_f0,xloopA_0Ab,4691.6,4854.2,162.6,505.4,11.2,2
2895,car,4.5,road_loopA_f0,road_loopA_f1,4720.1,4855.8,135.7,1303.3,34.6,1
2870,car,4.5,road_loopA_f0,xloopA_0Ab,4697.0,4856.8,159.8,505.1,11.4,2
2917,suv,4.8,road_loopA_r0,road_loopA_r1,4755.1,4858.8,103.7,1298.5,45.1,0
2950,car,4.5,road_loopA_r0,xloopA_0Bb,4787.0,4858.9,71.9,895.4,44.8,0
2896,bus,11.0,road_loopA_r0,road_loopA_r1,4721.7,4859.3,137.6,1297.4,33.9,1
2903,car,4.5,road_loopA_f0,road_loopA_f1,4731.1,4859.5,128.4,1303.3,36.5,1
2964,car,4.5,road_loopA_f0,xloopA_0Ab,4795.7,4859.5,63.8,505.3,28.5,1
2956,truck,8.5,road_loopA_r0,xloopA_0Bb,4791.9,4862.1,70.2,895.3,45.9,0
2897,truck,8.5,road_loopA_f0,road_loopA_f1,4722.3,4864.0,141.7,1303.5,33.1,1
2901,car,4.5,road_loopA_f0,road_loopA_f1,4730.4,4864.0,133.6,1302.8,35.1,1
2937,car,4.5,road_loopA_r0,road_loopA_r1,4773.4,4865.5,92.1,1297.7,50.7,0
2911,suv,4.8,road_loopA_f0,road_loopA_f1,4737.9,4865.8,127.9,1303.9,36.7,1
2923,suv,4.8,road_loopA_f0,road_loopA_f1,4758.2,4866.7,108.5,1303.6,43.2,0
2873,car,4.5,xloopA_0Ba,xloopA_0Bb,4699.7,4867.2,167.5,84.4,1.8,1
2935,car,4.5,xloopA_0Aa,xloopA_0Ab,4772.0,4867.3,95.3,84.1,3.2,1
2916,car,4.5,road_loopA_f0,road_loopA_f1,4747.7,4868.5,120.8,1302.9,38.8,1
2934,suv,4.8,road_loopA_r0,road_loopA_r1,4770.5,4868.6,98.1,1298.6,47.6,0
2899,car,4.5,road_loopA_f0,road_loopA_f1,4723.8,4868.9,145.1,1302.8,32.3,1
2914,car,4.5,xloopA_0Ba,xloopA_0Bb,4744.3,4869.2,124.9,84.1,2.4,1
2939,car,4.5,xloopA_0Aa,xloopA_0Ab,4774.6,4869.4,94.8,84.5,3.2,1
2931,car,4.5,road_loopA_r0,road_loopA_r1,4766.6,4869.6,103.0,1297.4,45.3,0
2924,suv,4.8,road_loopA_f0,road_loopA_f1,4758.2,4870.3,112.1,1303.5,41.9,0
2982,car,4.5,xloopA_0Aa,xloopA_0Ab,4812.3,4871.5,59.2,84.6,5.1,1
2926,truck,8.5,road_loopA_f0,road_loopA_f1,4761.0,4872.1,111.1,1303.4,42.2,0
2955,car,4.5,xloopA_0Ba,xloopA_0Bb,4791.9,4872.1,80.2,84.0,3.8,1
3003,car,4.5,xloopA_0Aa,xloopA_0Ab,4838.8,4874.1,35.3,84.6,8.6,0
2995,car,4.5,xloopA_0Ba,xloopA_0Bb,4824.7,4875.2,50.5,84.8,6.0,0
2922,suv,4.8,road_loopA_f0,road_loopA_f1,4757.1,4875.9,118.8,1303.3,39.5,0
2940,suv,4.8,road_loopA_f0,road_loopA_f1,4775.0,4878.0,103.0,1303.7,45.6,0
2925,truck,8.5,road_loopA_f0,road_loopA_f1,4759.6,4878.2,118.6,1303.8,39.6,0
2946,car,4.5,road_loopA_f0,road_loopA_f1,4780.0,4879.7,99.7,1303.9,47.1,0
2941,car,4.5,road_loopA_f0,road_loopA_f1,4775.8,4879.8,104.0,1304.0,45.1,0
2942,car,4.5,road_loopA_f0,road_loopA_f1,4777.7,4880.3,102.6,1303.0,45.7,0
2936,car,4.5,road_loopA_f0,road_loopA_f1,4772.2,4883.2,111.0,1303.5,42.3,0
2918,car,4.5,road_loopA_f0,road_loopA_f1,4755.3,4886.6,131.3,1303.9,35.8,1
2930,car,4.5,road_loopA_f0,road_loopA_f1,4763.9,4888.8,124.9,1303.4,37.6,0
2889,bus,11.0,road_loopA_r0,road_loopA_r1,4713.9,4890.2,176.3,1297.9,26.5,2
2954,car,4.5,road_loopA_f0,road_loopA_f1,4791.6,4890.6,99.0,1303.7,47.4,0
2913,car,4.5,road_loopA_f0,road_loopA_f1,4743.2,4892.4,149.2,1303.7,31.5,1
2970,car,4.5,road_loopA_f0,road_loopA_f1,4801.1,4893.6,92.5,1303.1,50.7,0
2952,car,4.5,road_loopA_f0,road_loopA_f1,4788.4,4894.7,106.3,1303.5,44.1,0
2958,truck,8.5,road_loopA_f0,road_loopA_f1,4792.4,4897.6,105.2,1302.9,44.6,0
2872,car,4.5,xloopA_0Ba,road_loopA_f1,4698.0,4897.9,199.9,902.8,16.3,0
2965,car,4.5,road_loopA_f0,road_loopA_f1,4797.6,4899.0,101.4,1304.0,46.3,0
2927,car,4.5,road_loopA_f0,road_loopA_f1,4761.6,4899.5,137.9,1303.0,34.0,0
2966,truck,8.5,road_loopA_f0,road_loopA_f1,4798.0,4900.1,102.1,1303.2,46.0,0
2960,car,4.5,road_loopA_f0,road_loopA_f1,4793.9,4901.2,107.3,1303.7,43.7,0
2968,suv,4.8,road_loopA_f0,road_loopA_f1,4798.2,4902.8,104.6,1303.0,44.9,0
2948,car,4.5,road_loopA_r0,road_loopA_r1,4782.7,4905.8,123.1,1298.5,38.0,1
2949,car,4.5,road_loopA_r0,road_loopA_r1,4784.6,4907.3,122.7,1298.3,38.1,1
2959,suv,4.8,road_loopA_f0,road_loopA_f1,4793.1,4907.6,114.5,1303.8,41.0,0
2944,car,4.5,road_loopA_r0,road_loopA_r1,4778.6,4908.8,130.2,1298.6,35.9,1
2953,car,4.5,road_loopA_r0,road_loopA_r1,4789.1,4913.9,124.8,1298.6,37.5,1
2945,suv,4.8,road_loopA_r0,road_loopA_r1,4779.7,4914.5,134.8,1298.3,34.7,1
2943,suv,4.8,road_loopA_r0,road_loopA_r1,4778.0,4914.7,136.7,1297.3,34.2,1
2961,car,4.5,road_loopA_r0,road_loopA_r1,4794.7,4916.6,121.9,1298.5,38.4,1
2963,suv,4.8,road_loopA_r0,road_loopA_r1,4795.3,4917.3,122.0,1297.3,38.3,1
3036,truck,8.5,road_loopA_f0,xloopA_0Bb,4872.1,4918.3,46.2,478.8,37.3,0
2969,car,4.5,road_loopA_r0,road_loopA_r1,4800.9,4919.7,118.8,1297.9,39.3,1
2972,truck,8.5,road_loopA_r0,road_loopA_r1,4803.1,4922.6,119.5,1297.7,39.1,1
2984,car,4.5,road_loopA_r0,road_loopA_r1,4814.5,4924.6,110.1,1297.5,42.4,1
2986,suv,4.8,road_loopA_r0,road_loopA_r1,4816.2,4925.7,109.5,1298.1,42.7,1
2990,suv,4.8,road_loopA_r0,road_loopA_r1,4819.3,4928.0,108.7,1298.1,43.0,1
2978,car,4.5,xloopA_0Ba,road_loopA_r1,4807.7,4929.8,122.1,476.9,14.1,0
2973,suv,4.8,road_loopA_r0,road_loopA_r1,4803.9,4931.7,127.8,1297.4,36.6,1
2921,car,4.5,road_loopA_r0,road_loopA_r1,4756.4,4931.8,175.4,1298.2,26.6,1
2983,car,4.5,road_loopA_f0,road_loopA_f1,4813.9,4933.1,119.2,1302.8,39.4,1
3006,car,4.5,road_loopA_r0,road_loopA_r1,4840.1,4933.1,93.0,1298.5,50.3,0
2951,truck,8.5,road_loopA_r0,road_loopA_r1,4787.1,4934.6,147.5,1297.4,31.7,1
2992,car,4.5,road_loopA_f0,road_loopA_f1,4820.7,4935.9,115.2,1303.7,40.8,1
2988,car,4.5,xloopA_0Aa,road_loopA_r1,4817.5,4936.3,118.8,506.5,15.3,0
2979,car,4.5,road_loopA_r0,road_loopA_r1,4807.9,4936.5,128.6,1298.0,36.3,0
2976,car,4.5,road_loopA_r0,road_loopA_r1,4807.3,4936.8,129.5,1298.6,36.1,1
2987,suv,4.8,road_loopA_f0,road_loopA_f1,4817.2,4938.1,120.9,1303.2,38.8,1
2996,car,4.5,road_loopA_r0,road_loopA_r1,4824.8,4938.3,113.5,1297.4,41.1,0
2957,car,4.5,road_loopA_r0,road_loopA_r1,4792.1,4938.4,146.3,1297.9,31.9,1
3001,car,4.5,road_loopA_r0,road_loopA_r1,4836.5,4939.4,102.9,1297.7,45.4,0
3002,car,4.5,road_loopA_r0,road_loopA_r1,4838.3,4940.0,101.7,1297.4,45.9,0
2962,car,4.5,road_loopA_r0,road_loopA_r1,4795.4,4940.1,144.7,1298.1,32.3,1
2993,suv,4.8,road_loopA_f0,road_loopA_f1,4821.8,4940.9,119.1,1304.2,39.4,1
2975,car,4.5,road_loopA_f0,road_loopA_f1,4805.3,4941.3,136.0,1303.5,34.5,1
3011,car,4.5,road_loopA_r0,road_loopA_r1,4849.8,4941.4,91.6,1298.3,51.0,0
2967,car,4.5,road_loopA_r0,road_loopA_r1,4798.0,4941.8,143.8,1297.8,32.5,1
2991,car,4.5,road_loopA_r0,road_loopA_r1,4820.4,4942.2,121.8,1297.9,38.4,0
2981,truck,8.5,road_loopA_f0,road_loopA_f1,4811.0,4942.3,131.3,1303.2,35.7,1
2971,suv,4.8,road_loopA_r0,road_loopA_r1,4802.0,4943.5,141.5,1297.7,33.0,1
2989,car,4.5,road_loopA_r0,road_loopA_r1,4817.8,4944.2,126.4,1297.3,36.9,0
2999,car,4.5,road_loopA_f0,road_loopA_f1,4833.1,4944.2,111.1,1304.1,42.3,1
2974,car,4.5,road_loopA_r0,xloopA_0Bb,4804.5,4944.5,140.0,895.4,23.0,1
3020,car,4.5,road_loopA_f0,xloopA_0Ab,4858.7,4945.1,86.4,505.2,21.0,1
2997,truck,8.5,road_loopA_f0,road_loopA_f1,4825.7,4945.2,119.5,1303.1,39.3,1
2977,car,4.5,road_loopA_r0,road_loopA_r1,4807.6,4945.3,137.7,1297.4,33.9,1
2985,suv,4.8,road_loopA_r0,road_loopA_r1,4814.9,4946.6,131.7,1298.3,35.5,0
3005,car,4.5,road_loopA_f0,road_loopA_f1,4840.0,4946.9,106.9,1303.9,43.9,1
3008,car,4.5,road_loopA_r0,xloopA_0Bb,4842.6,4947.1,104.5,895.4,30.8,1
2994,car,4.5,road_loopA_f0,road_loopA_f1,4823.1,4948.6,125.5,1303.4,37.4,1
3010,car,4.5,road_loopA_f0,road_loopA_f1,4846.9,4948.6,101.7,1303.1,46.1,0
3067,suv,4.8,road_loopA_f0,xloopA_0Ab,4902.2,4949.5,47.3,505.5,38.5,0
3012,suv,4.8,road_loopA_r0,road_loopA_r1,4850.9,4949.8,98.9,1297.3,47.2,0
2980,suv,4.8,road_loopA_r0,road_loopA_r1,4809.5,4949.9,140.4,1297.6,33.3,0
2998,suv,4.8,road_loopA_f0,road_loopA_f1,4832.1,4950.3,118.2,1303.4,39.7,1
2929,bus,11.0,road_loopA_r0,road_loopA_r1,4761.8,4950.4,188.6,1298.2,24.8,3
3007,car,4.5,road_loopA_f0,road_loopA_f1,4842.0,4951.2,109.2,1302.8,43.0,0
3017,car,4.5,road_loopA_r0,road_loopA_r1,4855.9,4951.7,95.8,1297.9,48.8,0
3004,car,4.5,road_loopA_f0,road_loopA_f1,4839.1,4952.1,113.0,1304.0,41.6,1
3024,car,4.5,road_loopA_r0,road_loopA_r1,4860.4,4953.4,93.0,1297.4,50.2,0
3015,car,4.5,road_loopA_r0,road_loopA_r1,4854.3,4954.2,99.9,1298.3,46.8,0
3009,car,4.5,road_loopA_f0,road_loopA_f1,4842.6,4954.6,112.0,1304.0,41.9,0
3028,car,4.5,road_loopA_r0,road_loopA_r1,4867.1,4956.1,89.0,1298.3,52.5,0
3021,truck,8.5,road_loopA_r0,road_loopA_r1,4859.1,4957.2,98.1,1297.5,47.6,0
3030,suv,4.8,road_loopA_r0,road_loopA_r1,4869.6,4958.5,88.9,1297.3,52.5,0
3019,car,4.5,xloopA_0Aa,xloopA_0Ab,4857.6,4960.7,103.1,84.6,3.0,1
3000,car,4.5,xloopA_0Ba,xloopA_0Bb,4834.4,4960.7,126.3,84.5,2.4,1
3023,car,4.5,road_loopA_f0,road_loopA_f1,4859.7,4962.1,102.4,1303.1,45.8,0
3018,car,4.5,road_loopA_f0,road_loopA_f1,4857.1,4962.3,105.2,1304.0,44.6,0
3025,suv,4.8,road_loopA_f0,road_loopA_f1,4862.0,4962.8,100.8,1303.1,46.5,0
3032,car,4.5,xloopA_0Aa,xloopA_0Ab,4869.8,4962.8,93.0,84.8,3.3,1
3050,car,4.5,xloopA_0Ba,xloopA_0Bb,4889.1,4962.9,73.8,84.4,4.1,1
3034,car,4.5,road_loopA_f0,road_loopA_f1,4871.4,4965.1,93.7,1303.1,50.1,0
3056,car,4.5,xloopA_0Ba,xloopA_0Bb,4894.6,4965.1,70.5,84.8,4.3,1
3100,car,4.5,xloopA_0Aa,xloopA_0Ab,4927.5,4965.8,38.3,84.4,7.9,1
3013,car,4.5,road_loopA_f0,road_loopA_f1,4851.8,4966.4,114.6,1302.8,40.9,0
3033,suv,4.8,road_loopA_f0,road_loopA_f1,4870.4,4966.9,96.5,1303.7,48.6,0
3112,car,4.5,xloopA_0Aa,xloopA_0Ab,4936.0,4967.8,31.8,84.2,9.5,0
3016,car,4.5,road_loopA_f0,road_loopA_f1,4854.4,4968.2,113.8,1302.8,41.2,0
3029,car,4.5,road_loopA_f0,road_loopA_f1,4868.4,4968.2,99.8,1303.1,47.0,0
3040,car,4.5,road_loopA_f0,road_loopA_f1,4876.1,4968.8,92.7,1303.1,50.6,0
3128,car,4.5,xloopA_0Aa,xloopA_0Ab,4949.0,4970.0,21.0,84.4,14.5,0
3022,suv,4.8,road_loopA_f0,road_loopA_f1,4859.4,4971.0,111.6,1303.5,42.1,0
3047,car,4.5,road_loopA_f0,road_loopA_f1,4883.2,4973.9,90.7,1302.9,51.7,0
3027,car,4.5,road_loopA_f0,road_loopA_f1,4866.8,4976.6,109.8,1303.7,42.8,0
3044,suv,4.8,road_loopA_f0,road_loopA_f1,4876.9,4977.3,100.4,1303.5,46.7,0
3014,suv,4.8,road_loopA_f0,road_loopA_f1,4854.2,4977.7,123.5,1303.3,38.0,0
3039,car,4.5,road_loopA_f0,road_loopA_f1,4875.9,4979.0,103.1,1303.6,45.5,0
3037,car,4.5,road_loopA_f0,road_loopA_f1,4874.2,4979.3,105.1,1302.9,44.6,0
3042,car,4.5,road_loopA_f0,road_loopA_f1,4876.3,4979.3,103.0,1303.7,45.6,0
3048,car,4.5,road_loopA_f0,road_loopA_f1,4886.5,4981.4,94.9,1303.3,49.5,0
3041,truck,8.5,road_loopA_r0,xloopA_0Ab,4876.1,4981.7,105.6,869.3,29.6,1
3045,car,4.5,road_loopA_f0,road_loopA_f1,4878.8,4984.7,105.9,1303.1,44.3,0
3049,car,4.5,road_loopA_f0,road_loopA_f1,4889.0,4992.3,103.3,1304.0,45.4,0
3051,suv,4.8,road_loopA_f0,road_loopA_f1,4891.2,4993.5,102.3,1303.3,45.9,0
3054,car,4.5,road_loopA_f0,road_loopA_f1,4893.7,4995.2,101.5,1303.9,46.3,0
3052,car,4.5,road_loopA_f0,road_loopA_f1,4891.3,4997.5,106.2,1302.8,44.2,0
3092,car,4.5,road_loopA_r0,xloopA_0Ab,4921.9,5009.4,87.5,869.2,35.8,1
3026,car,4.5,road_loopA_r0,road_loopA_r1,4865.2,5009.5,144.3,1298.0,32.4,1
3035,truck,8.5,road_loopA_r0,road_loopA_r1,4871.7,5010.2,138.5,1297.9,33.7,1
3046,car,4.5,road_loopA_r0,road_loopA_r1,4882.7,5011.2,128.5,1297.4,36.3,1
3053,car,4.5,road_loopA_r0,road_loopA_r1,4891.7,5012.2,120.5,1298.6,38.8,1
3086,truck,8.5,road_loopA_r0,xloopA_0Ab,4916.5,5014.8,98.3,869.0,31.8,1
3068,car,4.5,road_loopA_r0,road_loopA_r1,4902.7,5015.2,112.5,1298.4,41.6,1
3043,car,4.5,road_loopA_r0,road_loopA_r1,4876.5,5015.5,139.0,1297.8,33.6,1
3060,truck,8.5,road_loopA_r0,road_loopA_r1,4897.8,5017.7,119.9,1297.9,39.0,1
3077,car,4.5,road_loopA_r0,road_loopA_r1,4907.8,5017.9,110.1,1298.1,42.4,1
3151,car,4.5,road_loopA_f0,xloopA_0Bb,4974.0,5018.7,44.7,478.7,38.6,0
3091,car,4.5,xloopA_0Ba,road_loopA_r1,4919.8,5019.7,99.9,476.6,17.2,0
3065,suv,4.8,road_loopA_r0,road_loopA_r1,4900.9,5021.2,120.3,1297.3,38.8,0
3038,car,4.5,road_loopA_r0,road_loopA_r1,4874.3,5021.3,147.0,1297.6,31.8,1
3079,truck,8.5,road_loopA_r0,road_loopA_r1,4908.9,5022.0,113.1,1298.2,41.3,0
3084,suv,4.8,road_loopA_r0,road_loopA_r1,4912.3,5023.2,110.9,1298.5,42.2,0
3031,bus,11.0,road_loopA_f0,road_loopA_f1,4869.5,5023.3,153.8,1303.2,30.5,2
3055,truck,8.5,road_loopA_r0,road_loopA_r1,4894.4,5023.5,129.1,1297.5,36.2,0
3088,car,4.5,road_loopA_r0,road_loopA_r1,4918.3,5025.5,107.2,1298.0,43.6,0
3087,car,4.5,road_loopA_r0,road_loopA_r1,4917.8,5025.7,107.9,1297.4,43.3,0
3105,car,4.5,road_loopA_r0,road_loopA_r1,4929.4,5025.9,96.5,1298.5,48.4,0
3085,suv,4.8,road_loopA_r0,road_loopA_r1,4913.1,5027.3,114.2,1297.9,40.9,0
3099,suv,4.8,road_loopA_r0,road_loopA_r1,4927.3,5027.5,100.2,1297.3,46.6,0
3097,truck,8.5,road_loopA_r0,road_loopA_r1,4926.3,5029.4,103.1,1297.4,45.3,0
3095,car,4.5,road_loopA_r0,road_loopA_r1,4923.6,5029.5,105.9,1297.8,44.1,0
3114,car,4.5,road_loopA_r0,road_loopA_r1,4936.1,5031.5,95.4,1298.5,49.0,0
3061,car,4.5,road_loopA_f0,road_loopA_f1,4898.7,5031.8,133.1,1303.3,35.2,1
3093,truck,8.5,road_loopA_r0,road_loopA_r1,4922.7,5032.0,109.3,1298.1,42.8,0
3059,car,4.5,road_loopA_f0,road_loopA_f1,4897.5,5035.3,137.8,1303.8,34.1,1
3125,car,4.5,road_loopA_r0,road_loopA_r1,4942.6,5036.7,94.1,1298.4,49.7,0
3062,car,4.5,road_loopA_f0,road_loopA_f1,4898.9,5037.0,138.1,1303.7,34.0,1
3116,car,4.5,road_loopA_r0,road_loopA_r1,4936.9,5037.3,100.4,1298.5,46.5,0
3110,car,4.5,road_loopA_r0,xloopA_0Bb,4934.8,5038.0,103.2,895.3,31.2,1
3064,car,4.5,road_loopA_f0,road_loopA_f1,4899.2,5038.7,139.5,1303.6,33.7,1
3122,car,4.5,road_loopA_r0,road_loopA_r1,4941.1,5039.0,97.9,1297.7,47.7,0
3069,car,4.5,road_loopA_f0,road_loopA_f1,4903.8,5040.4,136.6,1303.4,34.3,1
3115,car,4.5,road_loopA_r0,road_loopA_r1,4936.2,5040.6,104.4,1297.4,44.7,0
3138,car,4.5,road_loopA_r0,xloopA_0Bb,4960.9,5040.7,79.8,895.8,40.4,0
3118,suv,4.8,road_loopA_r0,road_loopA_r1,4938.3,5042.2,103.9,1297.6,45.0,0
3,tram,34.0,loopB,loopB,735.5,5042.3,4306.8,33673.3,28.1,40
3133,car,4.5,road_loopA_r0,road_loopA_r1,4951.7,5043.1,91.4,1297.5,51.1,0
3074,car,4.5,road_loopA_f0,road_loopA_f1,4905.6,5043.6,138.0,1304.1,34.0,1
3111,suv,4.8,road_loopA_r0,road_loopA_r1,4934.9,5043.9,109.0,1298.3,42.9,0
3076,suv,4.8,road_loopA_f0,road_loopA_f1,4907.4,5045.3,137.9,1304.0,34.0,1
3130,suv,4.8,road_loopA_r0,road_loopA_r1,4951.2,5046.3,95.1,1298.3,49.1,0
3147,truck,8.5,road_loopA_r0,xloopA_0Bb,4968.4,5046.4,78.0,895.8,41.3,0
3057,suv,4.8,road_loopA_f0,road_loopA_f1,4895.7,5048.1,152.4,1303.0,30.8,1
3153,suv,4.8,road_loopA_r0,xloopA_0Bb,4975.1,5049.2,74.1,896.0,43.5,0
3124,suv,4.8,road_loopA_r0,road_loopA_r1,4941.9,5052.0,110.1,1297.3,42.4,0
3080,suv,4.8,road_loopA_f0,road_loopA_f1,4910.7,5052.7,142.0,1303.4,33.0,1
3107,car,4.5,road_loopA_r0,road_loopA_r1,4932.0,5053.4,121.4,1297.7,38.5,0
3103,car,4.5,xloopA_0Ba,xloopA_0Bb,4928.9,5053.9,125.0,84.3,2.4,1
3134,suv,4.8,road_loopA_r0,road_loopA_r1,4952.3,5054.3,102.0,1298.0,45.8,0
3082,car,4.5,road_loopA_f0,road_loopA_f1,4911.4,5055.5,144.1,1302.8,32.5,1
3187,car,4.5,xloopA_0Aa,xloopA_0Ab,4991.8,5055.9,64.1,84.3,4.7,1
3139,suv,4.8,road_loopA_r0,road_loopA_r1,4965.0,5056.0,91.0,1298.1,51.3,0
3120,car,4.5,xloopA_0Ba,xloopA_0Bb,4939.7,5056.3,116.6,84.6,2.6,1
3096,suv,4.8,road_loopA_f0,road_loopA_f1,4924.8,5057.3,132.5,1303.6,35.4,1
3113,car,4.5,road_loopA_f0,road_loopA_f1,4936.0,5057.7,121.7,1303.3,38.6,1
3200,car,4.5,xloopA_0Aa,xloopA_0Ab,5004.4,5058.0,53.6,84.8,5.7,1
3127,car,4.5,xloopA_0Ba,xloopA_0Bb,4947.9,5058.4,110.5,84.7,2.8,1
3101,truck,8.5,road_loopA_f0,road_loopA_f1,4927.8,5059.6,131.8,1303.9,35.6,1
3126,suv,4.8,road_loopA_r0,road_loopA_r1,4947.5,5059.8,112.3,1298.0,41.6,0
3136,car,4.5,road_loopA_r0,road_loopA_r1,4958.3,5060.3,102.0,1297.7,45.8,0
3215,car,4.5,xloopA_0Aa,xloopA_0Ab,5015.0,5060.3,45.3,84.4,6.7,1
3132,car,4.5,xloopA_0Ba,xloopA_0Bb,4951.7,5061.0,109.3,84.2,2.8,0
3123,car,4.5,road_loopA_f0,road_loopA_f1,4941.3,5061.6,120.3,1302.9,39.0,0
3119,suv,4.8,road_loopA_f0,road_loopA_f1,4938.3,5062.4,124.1,1303.2,37.8,1
3221,car,4.5,xloopA_0Aa,xloopA_0Ab,5023.4,5062.5,39.1,84.7,7.8,0
3137,suv,4.8,road_loopA_f0,road_loopA_f1,4959.5,5066.4,106.9,1303.5,43.9,0
3070,suv,4.8,road_loopA_f0,road_loopA_f1,4903.7,5068.1,164.4,1303.5,28.5,1
3102,car,4.5,road_loopA_f0,road_loopA_f1,4928.1,5070.5,142.4,1302.9,32.9,1
3089,car,4.5,road_loopA_f0,road_loopA_f1,4918.7,5071.5,152.8,1303.8,30.7,1
3146,suv,4.8,road_loopA_f0,road_loopA_f1,4968.2,5072.6,104.4,1304.0,45.0,0
3154,car,4.5,road_loopA_f0,road_loopA_f1,4975.3,5074.4,99.1,1303.0,47.3,0
3135,car,4.5,road_loopA_f0,road_loopA_f1,4958.3,5075.5,117.2,1303.1,40.0,0
3083,car,4.5,road_loopA_f0,road_loopA_f1,4911.6,5076.2,164.6,1303.3,28.5,1
3194,car,4.5,road_loopA_f0,xloopA_0Bb,4997.2,5076.4,79.2,478.6,21.8,2
3143,suv,4.8,road_loopA_f0,road_loopA_f1,4967.1,5077.2,110.1,1303.6,42.6,0
3150,car,4.5,road_loopA_f0,road_loopA_f1,4971.2,5078.9,107.7,1303.3,43.6,0
3207,car,4.5,road_loopA_f0,xloopA_0Bb,5010.1,5080.1,70.0,478.6,24.6,2
3156,suv,4.8,road_loopA_f0,road_loopA_f1,4975.8,5080.2,104.4,1303.7,45.0,0
3161,car,4.5,road_loopA_f0,road_loopA_f1,4978.5,5080.7,102.2,1303.2,45.9,0
3165,suv,4.8,road_loopA_f0,road_loopA_f1,4978.9,5081.9,103.0,1303.4,45.6,0
3177,suv,4.8,road_loopA_f0,road_loopA_f1,4987.9,5082.4,94.5,1302.8,49.6,0
3166,car,4.5,road_loopA_f0,road_loopA_f1,4979.2,5083.7,104.5,1302.8,44.9,0
3183,suv,4.8,road_loopA_f0,road_loopA_f1,4989.9,5084.3,94.4,1303.7,49.7,0
3174,truck,8.5,road_loopA_f0,road_loopA_f1,4987.0,5085.9,98.9,1303.3,47.4,0
3121,car,4.5,road_loopA_f0,road_loopA_f1,4940.2,5086.8,146.6,1303.0,32.0,1
3160,truck,8.5,road_loopA_f0,road_loopA_f1,4977.8,5088.0,110.2,1302.9,42.6,0
3131,car,4.5,road_loopA_f0,road_loopA_f1,4951.6,5088.5,136.9,1303.4,34.3,1
3058,car,4.5,road_loopA_f0,road_loopA_f1,4896.5,5091.3,194.8,1303.0,24.1,1
3141,car,4.5,road_loopA_f0,road_loopA_f1,4966.8,5092.4,125.6,1303.0,37.4,0
3142,car,4.5,road_loopA_r0,road_loopA_r1,4966.9,5092.8,125.9,1297.8,37.1,1
3090,car,4.5,xloopA_0Ba,road_loopA_f1,4919.0,5093.4,174.4,902.6,18.6,0
3066,suv,4.8,road_loopA_f0,road_loopA_f1,4901.7,5093.6,191.9,1302.9,24.4,1
3163,suv,4.8,road_loopA_r0,road_loopA_r1,4978.6,5094.3,115.7,1297.5,40.4,1
3144,car,4.5,road_loopA_r0,road_loopA_r1,4967.4,5094.5,127.1,1297.5,36.8,1
3081,car,4.5,road_loopA_f0,road_loopA_f1,4911.0,5094.6,183.6,1303.9,25.6,1
3063,car,4.5,road_loopA_f0,road_loopA_f1,4899.2,5095.5,196.3,1303.1,23.9,1
3164,suv,4.8,road_loopA_r0,road_loopA_r1,4978.7,5095.6,116.9,1298.0,40.0,1
3072,suv,4.8,road_loopA_f0,road_loopA_f1,4905.2,5097.3,192.1,1303.3,24.4,1
3145,suv,4.8,road_loopA_f0,road_loopA_f1,4967.9,5097.6,129.7,1303.3,36.2,0
3075,car,4.5,road_loopA_f0,road_loopA_f1,4906.3,5099.2,192.9,1303.9,24.3,1
3162,truck,8.5,road_loopA_f0,road_loopA_f1,4978.4,5099.4,121.0,1303.7,38.8,0
3171,car,4.5,road_loopA_r0,road_loopA_r1,4984.2,5100.2,116.0,1297.8,40.3,1
3159,truck,8.5,road_loopA_f0,road_loopA_f1,4977.6,5100.4,122.8,1303.7,38.2,0
3267,car,4.5,road_loopA_f0,xloopA_0Bb,5060.8,5100.8,40.0,478.7,43.1,0
3078,car,4.5,road_loopA_f0,road_loopA_f1,4908.1,5101.0,192.9,1304.1,24.3,1
3201,suv,4.8,road_loopA_r0,xloopA_0Ab,5007.4,5101.4,94.0,869.4,33.3,1
3155,car,4.5,road_loopA_r0,road_loopA_r1,4975.4,5101.8,126.4,1297.4,36.9,1
3140,suv,4.8,road_loopA_f0,road_loopA_f1,4965.4,5102.3,136.9,1303.9,34.3,0
3148,suv,4.8,road_loopA_r0,road_loopA_r1,4969.2,5102.4,133.2,1297.6,35.1,1
3098,car,4.5,road_loopA_f0,road_loopA_f1,4926.6,5102.8,176.2,1304.0,26.7,1
3117,car,4.5,road_loopA_f0,road_loopA_f1,4937.6,5103.8,166.2,1303.9,28.2,1
3172,car,4.5,road_loopA_r0,road_loopA_r1,4985.9,5104.5,118.6,1298.1,39.4,1
3108,suv,4.8,road_loopA_f0,road_loopA_f1,4934.4,5104.6,170.2,1304.2,27.6,1
3167,car,4.5,road_loopA_r0,road_loopA_r1,4980.3,5106.0,125.7,1297.6,37.2,1
3277,car,4.5,road_loopA_f0,xloopA_0Bb,5068.2,5106.2,38.0,478.6,45.3,0
3106,car,4.5,road_loopA_f0,road_loopA_f1,4932.0,5107.1,175.1,1303.0,26.8,1
3169,car,4.5,road_loopA_r0,road_loopA_r1,4981.5,5107.8,126.3,1297.7,37.0,1
3109,car,4.5,road_loopA_f0,road_loopA_f1,4934.9,5107.9,173.0,1303.1,27.1,1
3176,car,4.5,road_loopA_r0,road_loopA_r1,4987.3,5109.6,122.3,1297.9,38.2,1
3191,suv,4.8,road_loopA_r0,road_loopA_r1,4995.0,5110.5,115.5,1297.3,40.4,0
3149,truck,8.5,road_loopA_r0,road_loopA_r1,4970.7,5110.9,140.2,1297.5,33.3,0
3182,suv,4.8,road_loopA_r0,road_loopA_r1,4989.4,5113.1,123.7,1297.9,37.8,1
3196,car,4.5,road_loopA_r0,road_loopA_r1,5001.0,5113.1,112.1,1298.6,41.7,1
3157,truck,8.5,road_loopA_r0,road_loopA_r1,4976.1,5113.3,137.2,1297.6,34.0,0
3197,car,4.5,road_loopA_r0,road_loopA_r1,5001.5,5114.2,112.7,1298.5,41.5,1
3170,suv,4.8,road_loopA_r0,road_loopA_r1,4982.8,5115.3,132.5,1297.4,35.3,0
3168,suv,4.8,road_loopA_r0,road_loopA_r1,4981.2,5115.4,134.2,1297.3,34.8,0
3204,suv,4.8,road_loopA_r0,road_loopA_r1,5008.8,5116.0,107.2,1298.4,43.6,0
3179,truck,8.5,road_loopA_r0,road_loopA_r1,4989.3,5116.7,127.4,1297.3,36.6,0
3209,car,4.5,road_loopA_r0,road_loopA_r1,5011.0,5117.8,106.8,1297.6,43.7,0
3211,car,4.5,road_loopA_r0,road_loopA_r1,5013.3,5117.8,104.5,1297.7,44.7,0
3186,car,4.5,road_loopA_r0,road_loopA_r1,4991.6,5118.2,126.6,1298.1,36.9,0
3214,car,4.5,road_loopA_r0,road_loopA_r1,5014.7,5119.2,104.5,1297.5,44.7,0
3073,suv,4.8,road_loopA_f0,road_loopA_f1,4905.3,5120.1,214.8,1303.3,21.8,2
3219,suv,4.8,road_loopA_r0,road_loopA_r1,5018.9,5120.1,101.2,1298.1,46.2,0
3223,car,4.5,road_loopA_r0,road_loopA_r1,5024.6,5120.5,95.9,1298.6,48.8,0
3225,car,4.5,road_loopA_r0,road_loopA_r1,5026.6,5122.0,95.4,1298.5,49.0,0
3185,car,4.5,road_loopA_f0,road_loopA_f1,4991.4,5123.5,132.1,1303.3,35.5,1
3224,car,4.5,road_loopA_r0,road_loopA_r1,5025.7,5123.7,98.0,1298.0,47.7,0
3212,truck,8.5,road_loopA_r0,road_loopA_r1,5013.2,5123.9,110.7,1297.3,42.2,0
3232,car,4.5,road_loopA_r0,road_loopA_r1,5032.3,5125.4,93.1,1297.6,50.2,0
3198,suv,4.8,road_loopA_r0,road_loopA_r1,5002.8,5126.3,123.5,1297.4,37.8,0
3238,car,4.5,road_loopA_r0,road_loopA_r1,5034.7,5127.1,92.4,1298.3,50.6,0
3233,car,4.5,road_loopA_r0,road_loopA_r1,5032.5,5127.3,94.8,1297.5,49.3,0
3189,car,4.5,road_loopA_r0,road_loopA_r1,4992.3,5128.0,135.7,1297.5,34.4,1
3178,suv,4.8,road_loopA_r0,road_loopA_r1,4988.6,5129.8,141.2,1297.4,33.1,1
3190,truck,8.5,road_loopA_f0,road_loopA_f1,4994.7,5130.8,136.1,1303.9,34.5,1
3173,suv,4.8,road_loopA_r0,xloopA_0Bb,4986.4,5131.6,145.2,895.9,22.2,1
3180,car,4.5,road_loopA_f0,road_loopA_f1,4989.4,5131.7,142.3,1303.1,33.0,1
3236,car,4.5,road_loopA_r0,road_loopA_r1,5033.6,5131.8,98.2,1298.6,47.6,0
3206,car,4.5,road_loopA_f0,road_loopA_f1,5009.2,5132.0,122.8,1302.9,38.2,1
3094,suv,4.8,road_loopA_f0,xloopA_0Ab,4923.1,5132.6,209.5,505.7,8.7,2
3213,suv,4.8,road_loopA_f0,road_loopA_f1,5014.1,5134.4,120.3,1303.7,39.0,1
3248,car,4.5,road_loopA_r0,road_loopA_r1,5041.3,5134.4,93.1,1298.4,50.2,0
3227,suv,4.8,road_loopA_r0,road_loopA_r1,5030.1,5134.8,104.7,1298.3,44.6,0
3104,car,4.5,road_loopA_f0,xloopA_0Ab,4929.3,5135.2,205.9,505.3,8.8,2
3239,suv,4.8,road_loopA_r0,road_loopA_r1,5035.2,5135.3,100.1,1297.6,46.7,0
3262,car,4.5,road_loopA_r0,xloopA_0Bb,5058.7,5135.6,76.9,895.5,41.9,0
3203,car,4.5,road_loopA_f0,road_loopA_f1,5008.7,5136.3,127.6,1303.7,36.8,1
3205,car,4.5,road_loopA_f0,road_loopA_f1,5009.0,5136.3,127.3,1304.2,36.9,1
3247,car,4.5,road_loopA_r0,road_loopA_r1,5040.6,5137.0,96.4,1298.3,48.5,0
3181,suv,4.8,road_loopA_f0,road_loopA_f1,4989.4,5137.5,148.1,1302.9,31.7,1
3234,car,4.5,road_loopA_f0,road_loopA_f1,5033.1,5138.1,105.0,1303.3,44.7,0
3192,car,4.5,road_loopA_f0,road_loopA_f1,4995.6,5138.4,142.8,1303.0,32.9,1
3129,truck,8.5,road_loopA_f0,xloopA_0Ab,4949.8,5138.7,188.9,505.5,9.6,2
3249,car,4.5,road_loopA_r0,road_loopA_r1,5043.7,5138.7,95.0,1298.0,49.2,0
3226,truck,8.5,road_loopA_r0,road_loopA_r1,5029.2,5139.0,109.8,1297.5,42.5,0
3193,suv,4.8,road_loopA_f0,road_loopA_f1,4995.8,5139.3,143.5,1303.2,32.7,1
3252,suv,4.8,road_loopA_r0,road_loopA_r1,5048.0,5140.4,92.4,1297.4,50.5,0
3242,truck,8.5,road_loopA_r0,road_loopA_r1,5038.7,5141.4,102.7,1297.2,45.5,0
3243,suv,4.8,road_loopA_f0,road_loopA_f1,5038.9,5142.2,103.3,1304.1,45.5,0
3195,truck,8.5,road_loopA_f0,road_loopA_f1,4997.3,5142.3,145.0,1303.7,32.4,1
3188,car,4.5,road_loopA_f0,road_loopA_f1,4991.9,5144.4,152.5,1303.7,30.8,1
3250,car,4.5,road_loopA_f0,road_loopA_f1,5044.9,5144.7,99.8,1304.2,47.1,0
3175,suv,4.8,road_loopA_f0,road_loopA_f1,4987.4,5145.2,157.8,1303.0,29.7,1
3158,car,4.5,xloopA_0Ba,xloopA_0Bb,4976.7,5146.3,169.6,84.1,1.8,1
3228,car,4.5,xloopA_0Aa,xloopA_0Ab,5030.4,5147.9,117.5,84.2,2.6,1
3184,car,4.5,xloopA_0Ba,xloopA_0Bb,4990.2,5149.1,158.9,84.4,1.9,1
3253,suv,4.8,road_loopA_f0,road_loopA_f1,5048.0,5149.5,101.5,1303.4,46.2,0
3282,car,4.5,xloopA_0Aa,xloopA_0Ab,5073.7,5150.0,76.3,84.4,4.0,1
3199,car,4.5,xloopA_0Ba,xloopA_0Bb,5003.2,5151.1,147.9,84.1,2.0,1
3256,car,4.5,road_loopA_f0,road_loopA_f1,5048.5,5151.3,102.8,1303.9,45.7,0
3310,car,4.5,xloopA_0Aa,xloopA_0Ab,5095.1,5152.5,57.4,84.5,5.3,1
3260,car,4.5,road_loopA_f0,road_loopA_f1,5056.3,5152.8,96.5,1304.0,48.6,0
3202,car,4.5,xloopA_0Ba,xloopA_0Bb,5008.0,5154.0,146.0,84.2,2.1,0
3237,car,4.5,road_loopA_f0,road_loopA_f1,5033.8,5154.1,120.3,1303.7,39.0,0
3264,car,4.5,road_loopA_f0,road_loopA_f1,5059.3,5154.4,95.1,1304.0,49.4,0
3315,car,4.5,xloopA_0Aa,xloopA_0Ab,5101.6,5154.7,53.1,84.6,5.7,0
3246,car,4.5,road_loopA_f0,road_loopA_f1,5040.4,5156.5,116.1,1302.9,40.4,0
3245,car,4.5,road_loopA_f0,road_loopA_f1,5039.6,5157.2,117.6,1303.8,39.9,0
3218,car,4.5,road_loopA_f0,road_loopA_f1,5017.8,5158.9,141.1,1303.6,33.3,0
3276,car,4.5,road_loopA_f0,road_loopA_f1,5067.8,5159.4,91.6,1303.3,51.2,0
3258,car,4.5,road_loopA_f0,road_loopA_f1,5052.2,5160.8,108.6,1303.0,43.2,0
3241,suv,4.8,road_loopA_f0,road_loopA_f1,5037.9,5160.9,123.0,1303.4,38.2,0
3268,car,4.5,road_loopA_f0,road_loopA_f1,5062.8,5163.4,100.6,1304.0,46.6,0
3271,suv,4.8,road_loopA_f0,road_loopA_f1,5063.9,5164.6,100.7,1302.8,46.6,0
3283,car,4.5,road_loopA_r0,xloopA_0Ab,5073.9,5164.7,90.8,869.0,34.4,1
3230,suv,4.8,road_loopA_f0,road_loopA_f1,5031.3,5165.1,133.8,1303.0,35.1,0
3071,car,4.5,road_loopA_f0,road_loopA_f1,4903.9,5166.4,262.5,1303.1,17.9,1
3270,car,4.5,road_loopA_f0,road_loopA_f1,5063.7,5166.7,103.0,1303.2,45.6,0
3265,car,4.5,road_loopA_f0,road_loopA_f1,5060.0,5168.4,108.4,1302.8,43.3,0
3152,car,4.5,xloopA_0Ba,road_loopA_f1,4974.6,5170.3,195.7,902.8,16.6,0
3284,car,4.5,road_loopA_f0,road_loopA_f1,5074.9,5170.3,95.4,1303.1,49.2,0
3278,car,4.5,road_loopA_f0,road_loopA_f1,5070.9,5170.4,99.5,1304.1,47.2,0
3210,car,4.5,road_loopA_f0,road_loopA_f1,5011.3,5172.0,160.7,1303.7,29.2,1
3251,suv,4.8,road_loopA_f0,road_loopA_f1,5046.9,5172.4,125.5,1303.0,37.4,0
3286,truck,8.5,road_loopA_f0,road_loopA_f1,5076.4,5172.5,96.1,1303.8,48.9,0
3319,car,4.5,road_loopA_f0,xloopA_0Bb,5104.8,5172.6,67.8,478.6,25.4,2
3217,suv,4.8,road_loopA_f0,road_loopA_f1,5017.6,5173.7,156.1,1304.0,30.1,1
3293,car,4.5,road_loopA_f0,road_loopA_f1,5080.6,5174.8,94.2,1304.2,49.8,0
3220,suv,4.8,road_loopA_f0,road_loopA_f1,5021.4,5175.3,153.9,1303.1,30.5,1
3235,car,4.5,road_loopA_f0,road_loopA_f1,5033.5,5175.3,141.8,1303.6,33.1,0
3222,car,4.5,road_loopA_f0,road_loopA_f1,5024.3,5177.0,152.7,1303.0,30.7,1
3281,car,4.5,road_loopA_f0,road_loopA_f1,5071.6,5177.9,106.3,1303.9,44.2,0
3255,car,4.5,road_loopA_f0,road_loopA_f1,5048.3,5178.7,130.4,1302.8,36.0,0
3244,car,4.5,road_loopA_f0,road_loopA_f1,5039.4,5178.9,139.5,1303.9,33.6,0
3344,truck,8.5,road_loopA_f0,xloopA_0Bb,5125.1,5180.0,54.9,479.0,31.4,0
3272,car,4.5,road_loopA_f0,road_loopA_f1,5065.9,5180.5,114.6,1303.2,40.9,0
3290,car,4.5,road_loopA_f0,road_loopA_f1,5078.7,5180.7,102.0,1303.3,46.0,0
3296,car,4.5,road_loopA_f0,road_loopA_f1,5081.5,5182.5,101.0,1303.6,46.4,0
3298,car,4.5,road_loopA_f0,road_loopA_f1,5083.5,5183.4,99.9,1304.0,47.0,0
3285,suv,4.8,road_loopA_f0,road_loopA_f1,5075.7,5183.7,108.0,1303.8,43.5,0
3289,car,4.5,road_loopA_f0,road_loopA_f1,5077.0,5185.3,108.3,1303.2,43.3,0
3292,car,4.5,road_loopA_f0,road_loopA_f1,5080.1,5185.5,105.4,1303.9,44.5,0
3279,truck,8.5,road_loopA_f0,road_loopA_f1,5071.4,5187.9,116.5,1303.9,40.3,0
3263,suv,4.8,road_loopA_r0,road_loopA_r1,5059.3,5193.8,134.5,1297.9,34.7,1
3274,car,4.5,road_loopA_r0,road_loopA_r1,5067.5,5194.0,126.5,1297.3,36.9,1
3266,car,4.5,road_loopA_r0,road_loopA_r1,5060.3,5196.4,136.1,1297.5,34.3,1
3347,car,4.5,road_loopA_r0,xloopA_0Ab,5128.8,5196.7,67.9,869.1,46.1,0
3287,car,4.5,road_loopA_r0,road_loopA_r1,5076.5,5198.1,121.6,1297.6,38.4,1
3273,car,4.5,road_loopA_r0,road_loopA_r1,5065.9,5199.5,133.6,1298.4,35.0,1
3254,car,4.5,road_loopA_r0,road_loopA_r1,5048.3,5199.9,151.6,1297.9,30.8,1
3291,car,4.5,road_loopA_r0,road_loopA_r1,5079.2,5200.1,120.9,1297.3,38.6,1
3295,suv,4.8,road_loopA_r0,road_loopA_r1,5081.3,5201.1,119.8,1297.3,39.0,1
3275,car,4.5,road_loopA_r0,road_loopA_r1,5067.7,5201.6,133.9,1297.8,34.9,1
3288,bus,11.0,road_loopA_r0,road_loopA_r1,5076.8,5203.9,127.1,1297.7,36.8,0
3300,car,4.5,road_loopA_r0,road_loopA_r1,5086.1,5205.2,119.1,1298.4,39.2,1
3304,truck,8.5,road_loopA_r0,road_loopA_r1,5090.9,5206.6,115.7,1297.5,40.4,0
3301,suv,4.8,road_loopA_r0,road_loopA_r1,5086.3,5207.0,120.7,1298.7,38.7,1
3307,car,4.5,road_loopA_r0,road_loopA_r1,5093.2,5208.1,114.9,1298.6,40.7,0
3229,bus,11.0,road_loopA_f0,road_loopA_f1,5030.7,5208.5,177.8,1303.2,26.4,2
3327,car,4.5,road_loopA_r0,road_loopA_r1,5111.4,5208.7,97.3,1298.2,48.0,0
3316,suv,4.8,road_loopA_r0,road_loopA_r1,5102.1,5209.5,107.4,1297.5,43.5,0
3331,car,4.5,road_loopA_r0,xloopA_0Ab,5114.7,5209.5,94.8,869.1,33.0,1
3280,truck,8.5,road_loopA_r0,road_loopA_r1,5071.4,5210.8,139.4,1297.5,33.5,1
3321,car,4.5,road_loopA_r0,road_loopA_r1,5107.7,5211.3,103.6,1297.5,45.1,0
3305,suv,4.8,road_loopA_r0,road_loopA_r1,5092.2,5212.0,119.8,1297.4,39.0,1
3334,car,4.5,road_loopA_r0,road_loopA_r1,5118.5,5213.0,94.5,1297.7,49.4,0
3325,car,4.5,road_loopA_r0,road_loopA_r1,5110.3,5213.1,102.8,1297.7,45.4,0
3330,car,4.5,road_loopA_r0,road_loopA_r1,5113.7,5214.9,101.2,1298.1,46.2,0
4,tram,34.0,loopA,loopA,778.9,5215.1,4436.2,33702.2,27.3,40
3342,suv,4.8,road_loopA_r0,road_loopA_r1,5123.8,5216.1,92.3,1298.7,50.7,0
3335,suv,4.8,road_loopA_r0,road_loopA_r1,5118.9,5216.6,97.7,1298.2,47.8,0
3294,car,4.5,road_loopA_f0,road_loopA_f1,5081.2,5218.0,136.8,1303.6,34.3,1
3299,car,4.5,road_loopA_f0,road_loopA_f1,5085.3,5218.0,132.7,1304.0,35.4,1
3340,suv,4.8,road_loopA_r0,road_loopA_r1,5122.7,5218.3,95.6,1297.5,48.8,0
3341,car,4.5,road_loopA_r0,road_loopA_r1,5123.7,5220.1,96.4,1297.8,48.5,0
3339,car,4.5,road_loopA_r0,road_loopA_r1,5122.1,5221.6,99.5,1298.3,47.0,0
3297,suv,4.8,road_loopA_f0,road_loopA_f1,5082.1,5222.7,140.6,1304.1,33.4,1
3312,car,4.5,road_loopA_r0,road_loopA_r1,5096.5,5222.9,126.4,1297.2,37.0,0
3308,car,4.5,road_loopA_f0,road_loopA_f1,5093.5,5224.4,130.9,1304.1,35.9,1
3311,car,4.5,road_loopA_f0,road_loopA_f1,5095.1,5224.5,129.4,1303.2,36.2,1
3333,car,4.5,road_loopA_r0,xloopA_0Bb,5117.1,5225.0,107.9,895.4,29.9,1
3302,suv,4.8,road_loopA_f0,road_loopA_f1,5088.1,5225.2,137.1,1303.8,34.2,1
3323,suv,4.8,road_loopA_f0,xloopA_0Ab,5109.0,5225.7,116.7,505.7,15.6,1
3356,car,4.5,road_loopA_r0,road_loopA_r1,5137.0,5226.0,89.0,1297.3,52.5,0
3313,car,4.5,road_loopA_f0,road_loopA_f1,5097.0,5227.2,130.2,1303.1,36.0,1
3336,car,4.5,road_loopA_r0,xloopA_0Bb,5120.7,5227.6,106.9,895.5,30.2,1
3352,truck,8.5,road_loopA_r0,road_loopA_r1,5134.4,5227.7,93.3,1297.6,50.1,0
3359,car,4.5,road_loopA_f0,xloopA_0Ab,5140.2,5228.3,88.1,505.4,20.7,1
3303,truck,8.5,road_loopA_f0,road_loopA_f1,5088.4,5228.9,140.5,1303.6,33.4,1
3306,suv,4.8,road_loopA_f0,road_loopA_f1,5092.5,5229.2,136.7,1304.1,34.3,1
3346,car,4.5,road_loopA_r0,xloopA_0Bb,5128.4,5230.3,101.9,895.7,31.6,1
3269,bus,11.0,road_loopA_r0,road_loopA_r1,5063.6,5230.9,167.3,1298.3,27.9,2
3309,car,4.5,road_loopA_f0,road_loopA_f1,5093.6,5230.9,137.3,1303.1,34.2,1
3373,suv,4.8,road_loopA_f0,xloopA_0Ab,5150.6,5231.0,80.4,505.6,22.6,1
3322,car,4.5,road_loopA_f0,road_loopA_f1,5109.1,5232.4,123.3,1303.3,38.0,1
3358,suv,4.8,road_loopA_r0,xloopA_0Bb,5138.9,5233.0,94.1,895.9,34.3,1
3362,suv,4.8,road_loopA_r0,road_loopA_r1,5143.6,5233.6,90.0,1298.0,51.9,0
3378,car,4.5,road_loopA_f0,xloopA_0Ab,5155.2,5233.6,78.4,505.0,23.2,1
3326,car,4.5,road_loopA_f0,road_loopA_f1,5110.4,5234.0,123.6,1303.5,38.0,1
3350,car,4.5,road_loopA_f0,road_loopA_f1,5131.4,5234.3,102.9,1303.2,45.6,0
3357,car,4.5,road_loopA_r0,road_loopA_r1,5137.4,5234.3,96.9,1298.4,48.3,0
3329,car,4.5,road_loopA_f0,road_loopA_f1,5113.3,5235.7,122.4,1302.9,38.3,1
3371,car,4.5,road_loopA_r0,xloopA_0Bb,5149.9,5235.8,85.9,895.3,37.5,0
3317,truck,8.5,road_loopA_f0,road_loopA_f1,5102.8,5236.0,133.2,1303.4,35.2,1
3365,car,4.5,road_loopA_r0,road_loopA_r1,5145.9,5236.3,90.4,1297.4,51.7,0
3382,truck,8.5,road_loopA_f0,xloopA_0Ab,5159.7,5237.1,77.4,505.4,23.5,1
3351,car,4.5,road_loopA_f0,road_loopA_f1,5133.3,5237.2,103.9,1303.3,45.2,0
3337,car,4.5,road_loopA_f0,road_loopA_f1,5121.4,5237.5,116.1,1303.6,40.4,1
3368,car,4.5,road_loopA_r0,road_loopA_r1,5146.9,5237.8,90.9,1298.1,51.4,0
3343,car,4.5,road_loopA_f0,road_loopA_f1,5124.6,5239.2,114.6,1302.9,40.9,11
3208,car,4.5,xloopA_0Ba,xloopA_0Bb,5010.3,5240.3,230.0,84.8,1.3,1
3364,suv,4.8,road_loopA_r0,road_loopA_r1,5145.7,5240.4,94.7,1297.5,49.3,0
3353,car,4.5,road_loopA_f0,road_loopA_f1,5135.1,5240.8,105.7,1303.3,44.4,0
3345,car,4.5,road_loopA_f0,road_loopA_f1,5125.6,5241.0,115.4,1303.9,40.7,0
3361,car,4.5,road_loopA_r0,road_loopA_r1,5141.4,5241.1,99.7,1298.2,46.9,0
3324,car,4.5,road_loopA_f0,road_loopA_f1,5109.5,5241.6,132.1,1303.3,35.5,1
3216,car,4.5,xloopA_0Ba,xloopA_0Bb,5016.1,5242.3,226.2,84.5,1.3,1
3366,suv,4.8,road_loopA_r0,road_loopA_r1,5146.4,5242.4,96.0,1298.0,48.7,0
3328,car,4.5,xloopA_0Aa,xloopA_0Ab,5112.2,5242.8,130.6,84.0,2.3,1
3355,car,4.5,road_loopA_f0,road_loopA_f1,5136.6,5243.8,107.2,1304.0,43.8,0
3338,car,4.5,road_loopA_f0,road_loopA_f1,5122.0,5244.1,122.1,1303.0,38.4,0
3349,suv,4.8,road_loopA_f0,road_loopA_f1,5130.6,5244.4,113.8,1303.9,41.3,0
3231,car,4.5,xloopA_0Ba,xloopA_0Bb,5031.6,5245.1,213.5,84.1,1.4,1
3332,car,4.5,xloopA_0Aa,xloopA_0Ab,5115.2,5245.1,129.9,84.7,2.3,1
3372,car,4.5,road_loopA_f0,road_loopA_f1,5150.0,5245.5,95.5,1303.5,49.1,0
3354,car,4.5,road_loopA_f0,road_loopA_f1,5135.2,5246.1,110.9,1304.2,42.3,0
3376,car,4.5,xloopA_0Aa,xloopA_0Ab,5152.8,5247.6,94.8,84.3,3.2,0
3367,car,4.5,road_loopA_f0,road_loopA_f1,5146.8,5247.8,101.0,1303.2,46.5,0
3375,car,4.5,road_loopA_f0,road_loopA_f1,5152.6,5248.4,95.8,1303.0,49.0,0
3257,car,4.5,xloopA_0Ba,xloopA_0Bb,5051.7,5248.8,197.1,84.6,1.5,0
3374,car,4.5,road_loopA_f0,road_loopA_f1,5151.7,5249.5,97.8,1302.9,48.0,0
3377,car,4.5,road_loopA_f0,road_loopA_f1,5153.3,5251.1,97.8,1303.7,48.0,0
3388,car,4.5,road_loopA_f0,road_loopA_f1,5168.5,5257.9,89.4,1303.1,52.5,0
3360,truck,8.5,road_loopA_r0,xloopA_0Ab,5140.2,5258.5,118.3,869.1,26.4,2
3381,car,4.5,road_loopA_f0,road_loopA_f1,5159.7,5259.7,100.0,1303.4,46.9,0
3391,car,4.5,road_loopA_f0,road_loopA_f1,5172.0,5261.4,89.4,1303.1,52.5,0
3395,suv,4.8,road_loopA_f0,road_loopA_f1,5174.8,5264.2,89.4,1303.1,52.5,0
3431,car,4.5,road_loopA_f0,xloopA_0Bb,5212.4,5265.9,53.5,478.6,32.2,1
3390,suv,4.8,road_loopA_f0,road_loopA_f1,5170.4,5267.7,97.3,1304.1,48.3,0
3393,car,4.5,road_loopA_f0,road_loopA_f1,5173.7,5269.3,95.6,1302.9,49.0,0
3399,car,4.5,road_loopA_f0,road_loopA_f1,5180.2,5269.5,89.3,1303.1,52.5,0
3455,car,4.5,road_loopA_f0,xloopA_0Bb,5229.6,5274.9,45.3,478.9,38.1,0
3385,car,4.5,road_loopA_r0,road_loopA_r1,5165.5,5285.0,119.5,1297.8,39.1,1
3394,car,4.5,road_loopA_r0,road_loopA_r1,5173.8,5286.7,112.9,1297.3,41.4,1
3370,car,4.5,road_loopA_r0,road_loopA_r1,5148.3,5287.0,138.7,1298.4,33.7,1
3397,car,4.5,road_loopA_r0,road_loopA_r1,5178.9,5289.3,110.4,1298.3,42.3,1
3400,car,4.5,road_loopA_r0,road_loopA_r1,5182.0,5290.4,108.4,1297.5,43.1,1
3405,car,4.5,road_loopA_r0,road_loopA_r1,5188.8,5291.3,102.5,1298.3,45.6,0
3411,car,4.5,road_loopA_r0,xloopA_0Ab,5193.3,5292.6,99.3,869.1,31.5,1
3412,suv,4.8,road_loopA_r0,road_loopA_r1,5193.5,5292.8,99.3,1297.3,47.0,0
3415,car,4.5,road_loopA_r0,road_loopA_r1,5195.9,5294.6,98.7,1298.2,47.4,0
3417,car,4.5,road_loopA_r0,road_loopA_r1,5198.3,5296.6,98.3,1297.3,47.5,0
3419,car,4.5,road_loopA_r0,road_loopA_r1,5200.5,5297.1,96.6,1297.3,48.4,0
3240,car,4.5,xloopA_0Ba,road_loopA_r1,5036.1,5298.4,262.3,476.5,6.5,0
3398,car,4.5,road_loopA_r0,road_loopA_r1,5179.2,5298.6,119.4,1297.6,39.1,1
3396,suv,4.8,road_loopA_r0,road_loopA_r1,5178.4,5301.6,123.2,1297.6,37.9,1
3416,car,4.5,road_loopA_r0,road_loopA_r1,5198.1,5303.2,105.1,1297.4,44.4,0
3404,suv,4.8,road_loopA_r0,road_loopA_r1,5188.3,5303.5,115.2,1298.5,40.6,1
3386,suv,4.8,road_loopA_r0,road_loopA_r1,5166.8,5306.3,139.5,1298.2,33.5,1
3490,truck,8.5,road_loopA_f0,xloopA_0Bb,5260.9,5306.8,45.9,479.0,37.6,0
3424,suv,4.8,road_loopA_r0,road_loopA_r1,5207.4,5307.9,100.5,1297.8,46.5,0
3402,car,4.5,road_loopA_f0,road_loopA_f1,5184.5,5309.7,125.2,1303.5,37.5,1
3425,suv,4.8,road_loopA_r0,road_loopA_r1,5208.0,5309.8,101.8,1298.3,45.9,0
3406,car,4.5,road_loopA_f0,road_loopA_f1,5189.0,5311.2,122.2,1302.9,38.4,1
3407,suv,4.8,road_loopA_r0,road_loopA_r1,5189.1,5312.5,123.4,1298.7,37.9,0
3410,car,4.5,road_loopA_f0,road_loopA_f1,5191.7,5312.7,121.0,1303.3,38.8,1
3408,truck,8.5,road_loopA_r0,road_loopA_r1,5190.2,5313.3,123.1,1297.7,38.0,0
3384,suv,4.8,road_loopA_r0,road_loopA_r1,5162.4,5314.8,152.4,1298.3,30.7,1
3418,car,4.5,road_loopA_f0,road_loopA_f1,5200.3,5315.4,115.1,1303.8,40.8,1
3438,car,4.5,road_loopA_r0,road_loopA_r1,5218.1,5316.2,98.1,1298.5,47.6,0
3437,car,4.5,road_loopA_r0,road_loopA_r1,5215.9,5316.9,101.0,1298.6,46.3,0
3409,car,4.5,road_loopA_f0,road_loopA_f1,5190.7,5317.3,126.6,1303.4,37.1,1
3448,car,4.5,road_loopA_r0,road_loopA_r1,5223.7,5317.3,93.6,1297.9,49.9,0
3379,car,4.5,road_loopA_r0,xloopA_0Bb,5157.4,5318.5,161.1,895.5,20.0,1
3445,car,4.5,road_loopA_r0,road_loopA_r1,5222.3,5318.7,96.4,1297.5,48.5,0
3387,suv,4.8,road_loopA_f0,xloopA_0Ab,5167.7,5319.1,151.4,505.2,12.0,2
3421,car,4.5,road_loopA_f0,road_loopA_f1,5203.4,5319.2,115.8,1303.3,40.5,1
3456,car,4.5,road_loopA_r0,road_loopA_r1,5229.7,5319.4,89.7,1297.4,52.0,0
3428,car,4.5,road_loopA_f0,road_loopA_f1,5211.2,5320.6,109.4,1303.1,42.9,1
3444,car,4.5,road_loopA_r0,road_loopA_r1,5221.5,5320.7,99.2,1298.1,47.1,0
3476,car,4.5,road_loopA_f0,xloopA_0Ab,5242.4,5321.7,79.3,505.0,22.9,1
3423,suv,4.8,road_loopA_f0,road_loopA_f1,5205.9,5321.9,116.0,1303.4,40.4,1
3427,car,4.5,xloopA_0Aa,road_loopA_r1,5211.2,5322.4,111.2,506.9,16.4,0
3462,suv,4.8,road_loopA_r0,road_loopA_r1,5233.1,5322.6,89.5,1297.4,52.2,0
3432,truck,8.5,road_loopA_f0,road_loopA_f1,5212.5,5322.7,110.2,1303.7,42.6,1
3383,bus,11.0,road_loopA_r0,road_loopA_r1,5161.4,5323.3,161.9,1297.6,28.9,2
3389,car,4.5,road_loopA_r0,road_loopA_r1,5168.8,5323.6,154.8,1297.7,30.2,1
3420,car,4.5,road_loopA_f0,road_loopA_f1,5202.6,5323.9,121.3,1303.5,38.7,1
3369,suv,4.8,road_loopA_r0,road_loopA_r1,5147.5,5324.0,176.5,1297.3,26.5,1
3464,car,4.5,road_loopA_r0,road_loopA_r1,5233.7,5324.4,90.7,1298.6,51.6,0
3492,suv,4.8,road_loopA_f0,xloopA_0Ab,5261.9,5324.4,62.5,504.9,29.1,1
3392,suv,4.8,road_loopA_r0,road_loopA_r1,5172.2,5325.2,153.0,1298.4,30.6,1
3434,car,4.5,road_loopA_f0,road_loopA_f1,5213.4,5325.4,112.0,1303.4,41.9,1
3422,car,4.5,road_loopA_f0,road_loopA_f1,5203.7,5325.6,121.9,1302.8,38.5,1
3483,car,4.5,road_loopA_r0,xloopA_0Bb,5253.6,5325.7,72.1,895.7,44.7,0
3439,car,4.5,road_loopA_r0,road_loopA_r1,5218.5,5326.6,108.1,1297.4,43.2,0
3450,car,4.5,road_loopA_r0,road_loopA_r1,5228.2,5326.9,98.7,1297.8,47.3,0
3466,suv,4.8,road_loopA_r0,road_loopA_r1,5235.5,5327.0,91.5,1297.8,51.1,0
3506,car,4.5,road_loopA_f0,xloopA_0Ab,5270.2,5327.1,56.9,505.0,32.0,0
3403,car,4.5,road_loopA_f0,road_loopA_f1,5186.5,5327.4,140.9,1303.1,33.3,1
3441,car,4.5,road_loopA_f0,road_loopA_f1,5220.7,5328.0,107.3,1302.8,43.7,0
3453,car,4.5,road_loopA_r0,road_loopA_r1,5229.0,5328.5,99.5,1298.5,47.0,0
3463,car,4.5,road_loopA_r0,road_loopA_r1,5233.5,5328.9,95.4,1298.4,49.0,0
3433,suv,4.8,road_loopA_f0,road_loopA_f1,5212.8,5330.0,117.2,1303.8,40.1,1
3429,car,4.5,road_loopA_f0,road_loopA_f1,5212.1,5331.5,119.4,1303.5,39.3,1
3451,truck,8.5,road_loopA_r0,road_loopA_r1,5228.5,5331.5,103.0,1298.3,45.4,0
3469,car,4.5,road_loopA_r0,road_loopA_r1,5238.1,5331.5,93.4,1298.4,50.0,0
3446,car,4.5,road_loopA_f0,road_loopA_f1,5222.7,5331.7,109.0,1302.8,43.0,0
3413,car,4.5,road_loopA_f0,road_loopA_f1,5195.7,5332.6,136.9,1303.3,34.3,1
3472,suv,4.8,road_loopA_r0,road_loopA_r1,5240.5,5333.2,92.7,1297.3,50.4,0
3461,car,4.5,xloopA_0Aa,xloopA_0Ab,5231.1,5333.4,102.3,84.5,3.0,1
3261,car,4.5,xloopA_0Ba,xloopA_0Bb,5056.5,5333.9,277.4,84.6,1.1,1
3471,suv,4.8,road_loopA_f0,road_loopA_f1,5239.9,5334.3,94.4,1303.9,49.7,0
3474,car,4.5,road_loopA_r0,road_loopA_r1,5241.5,5334.5,93.0,1297.8,50.2,0
3467,car,4.5,xloopA_0Aa,xloopA_0Ab,5236.5,5335.4,98.9,84.1,3.1,1
3318,car,4.5,xloopA_0Ba,xloopA_0Bb,5103.0,5335.9,232.9,84.2,1.3,1
3436,truck,8.5,road_loopA_f0,road_loopA_f1,5215.4,5337.1,121.7,1303.1,38.5,0
3440,car,4.5,road_loopA_f0,road_loopA_f1,5220.4,5337.1,116.7,1303.7,40.2,0
3447,suv,4.8,road_loopA_r0,road_loopA_r1,5223.0,5338.5,115.5,1297.8,40.5,0
3348,car,4.5,xloopA_0Ba,xloopA_0Bb,5130.0,5338.7,208.7,84.4,1.5,1
3443,car,4.5,road_loopA_f0,road_loopA_f1,5221.4,5339.4,118.0,1304.1,39.8,0
3468,suv,4.8,road_loopA_f0,road_loopA_f1,5237.9,5340.6,102.7,1303.2,45.7,0
3487,car,4.5,xloopA_0Aa,xloopA_0Ab,5259.0,5341.4,82.4,84.1,3.7,0
3520,car,4.5,xloopA_0Aa,xloopA_0Ab,5281.8,5343.6,61.8,84.6,4.9,0
3435,car,4.5,road_loopA_f0,road_loopA_f1,5214.4,5344.7,130.3,1303.9,36.0,0
3470,car,4.5,road_loopA_f0,road_loopA_f1,5238.9,5346.8,107.9,1302.8,43.5,0
3452,car,4.5,road_loopA_f0,road_loopA_f1,5228.7,5348.7,120.0,1303.0,39.1,0
3479,suv,4.8,road_loopA_f0,road_loopA_f1,5245.5,5349.7,104.2,1303.7,45.0,0
3320,car,4.5,xloopA_0Aa,road_loopA_f1,5107.4,5350.1,242.7,872.1,12.9,1
3426,car,4.5,road_loopA_f0,road_loopA_f1,5210.1,5351.0,140.9,1304.1,33.3,1
3488,suv,4.8,road_loopA_f0,road_loopA_f1,5260.1,5351.5,91.4,1304.0,51.4,0
3401,truck,8.5,road_loopA_f0,road_loopA_f1,5183.9,5352.3,168.4,1302.8,27.9,1
3449,truck,8.5,road_loopA_f0,road_loopA_f1,5226.9,5353.0,126.1,1303.1,37.2,0
3493,car,4.5,road_loopA_f0,road_loopA_f1,5262.4,5353.2,90.8,1303.5,51.7,0
3459,car,4.5,road_loopA_f0,road_loopA_f1,5230.7,5354.4,123.7,1303.0,37.9,0
3514,car,4.5,road_loopA_f0,xloopA_0Bb,5276.0,5355.3,79.3,478.8,21.7,1
3465,car,4.5,road_loopA_f0,road_loopA_f1,5235.2,5355.4,120.2,1303.2,39.0,0
3480,truck,8.5,road_loopA_f0,road_loopA_f1,5251.6,5356.9,105.3,1303.7,44.6,0
3499,truck,8.5,road_loopA_f0,road_loopA_f1,5265.9,5359.5,93.6,1303.5,50.1,0
3504,suv,4.8,road_loopA_f0,road_loopA_f1,5268.0,5361.6,93.6,1303.6,50.1,0
3548,suv,4.8,road_loopA_f0,xloopA_0Bb,5301.7,5361.8,60.1,479.0,28.7,1
3473,truck,8.5,road_loopA_r0,xloopA_0Ab,5241.1,5364.4,123.3,869.4,25.4,2
3507,car,4.5,road_loopA_f0,road_loopA_f1,5271.0,5366.7,95.7,1303.2,49.0,0
3457,car,4.5,road_loopA_r0,xloopA_0Ab,5230.3,5368.1,137.8,869.0,22.7,3
3486,suv,4.8,road_loopA_f0,road_loopA_f1,5258.2,5368.6,110.4,1303.8,42.5,0
3489,suv,4.8,road_loopA_f0,road_loopA_f1,5260.7,5370.4,109.7,1303.1,42.8,0
3515,car,4.5,road_loopA_r0,xloopA_0Ab,5276.2,5371.7,95.5,869.2,32.8,1
3482,car,4.5,road_loopA_r0,road_loopA_r1,5253.4,5380.5,127.1,1297.5,36.8,1
3481,suv,4.8,road_loopA_r0,road_loopA_r1,5252.8,5385.2,132.4,1298.3,35.3,1
3594,car,4.5,road_loopA_f0,xloopA_0Bb,5345.4,5385.3,39.9,478.7,43.1,0
6,tram,34.0,loopA,loopA,1258.9,5385.4,4126.5,33703.1,29.4,40
3503,car,4.5,road_loopA_r0,road_loopA_r1,5267.6,5385.6,118.0,1297.6,39.6,1
3484,suv,4.8,road_loopA_r0,road_loopA_r1,5257.5,5388.5,131.0,1298.0,35.7,1
3491,car,4.5,road_loopA_r0,road_loopA_r1,5261.3,5389.4,128.1,1298.1,36.5,1
3512,car,4.5,road_loopA_r0,road_loopA_r1,5272.9,5390.5,117.6,1297.7,39.7,1
3363,car,4.5,xloopA_0Ba,road_loopA_r1,5143.7,5390.7,247.0,476.7,6.9,0
3517,car,4.5,road_loopA_r0,road_loopA_r1,5278.1,5393.0,114.9,1297.4,40.6,0
3477,car,4.5,xloopA_0Aa,road_loopA_r1,5243.8,5395.7,151.9,507.2,12.0,0
3523,car,4.5,road_loopA_r0,road_loopA_r1,5283.5,5396.0,112.5,1297.8,41.5,0
3460,bus,11.0,road_loopA_f0,road_loopA_f1,5230.7,5397.0,166.3,1303.5,28.2,2
3478,car,4.5,road_loopA_r0,road_loopA_r1,5244.4,5397.4,153.0,1298.3,30.5,1
3475,car,4.5,xloopA_0Aa,road_loopA_r1,5242.1,5397.7,155.6,506.6,11.7,1
3511,suv,4.8,road_loopA_r0,road_loopA_r1,5272.7,5398.9,126.2,1298.6,37.0,1
3485,truck,8.5,road_loopA_r0,road_loopA_r1,5257.8,5399.6,141.8,1298.5,33.0,1
3494,truck,8.5,road_loopA_r0,road_loopA_r1,5264.1,5399.9,135.8,1297.8,34.4,1
3497,car,4.5,road_loopA_r0,road_loopA_r1,5264.9,5401.9,137.0,1297.9,34.1,1
3495,truck,8.5,road_loopA_r0,road_loopA_r1,5264.2,5402.0,137.8,1298.0,33.9,1
3516,car,4.5,road_loopA_r0,road_loopA_r1,5276.4,5404.1,127.7,1297.9,36.6,1
3521,suv,4.8,road_loopA_r0,road_loopA_r1,5281.8,5404.2,122.4,1298.0,38.2,0
3539,car,4.5,road_loopA_r0,road_loopA_r1,5295.0,5404.2,109.2,1298.3,42.8,0
3513,car,4.5,road_loopA_r0,road_loopA_r1,5275.7,5406.0,130.3,1297.7,35.9,1
3533,suv,4.8,road_loopA_r0,road_loopA_r1,5290.0,5406.1,116.1,1297.7,40.2,0
3543,car,4.5,road_loopA_r0,road_loopA_r1,5298.9,5406.3,107.4,1298.4,43.5,0
3528,car,4.5,road_loopA_r0,road_loopA_r1,5286.4,5407.8,121.4,1298.5,38.5,1
3544,car,4.5,road_loopA_r0,road_loopA_r1,5299.4,5408.0,108.6,1297.6,43.0,0
3510,suv,4.8,road_loopA_f0,road_loopA_f1,5272.4,5408.2,135.8,1303.7,34.6,1
3534,car,4.5,road_loopA_r0,road_loopA_r1,5290.5,5408.4,117.9,1298.2,39.6,0
3531,suv,4.8,road_loopA_r0,road_loopA_r1,5288.6,5409.8,121.2,1298.0,38.6,0
3537,suv,4.8,road_loopA_r0,road_loopA_r1,5293.8,5410.1,116.3,1297.4,40.2,0
3522,car,4.5,road_loopA_f0,road_loopA_f1,5282.2,5411.3,129.1,1303.5,36.4,1
3509,car,4.5,road_loopA_f0,road_loopA_f1,5272.4,5411.9,139.5,1303.6,33.6,1
3500,car,4.5,road_loopA_r0,xloopA_0Bb,5266.4,5412.0,145.6,895.4,22.1,1
3550,car,4.5,road_loopA_r0,road_loopA_r1,5305.8,5412.1,106.3,1297.3,43.9,0
3525,suv,4.8,road_loopA_f0,xloopA_0Ab,5285.0,5412.6,127.6,505.5,14.3,1
3546,car,4.5,road_loopA_r0,road_loopA_r1,5301.5,5412.9,111.4,1297.7,41.9,0
3501,bus,11.0,road_loopA_r0,road_loopA_r1,5267.2,5413.6,146.4,1298.4,31.9,2
3518,car,4.5,road_loopA_f0,road_loopA_f1,5279.6,5413.6,134.0,1303.2,35.0,1
3556,car,4.5,road_loopA_r0,road_loopA_r1,5310.0,5413.9,103.9,1297.4,44.9,0
3536,car,4.5,road_loopA_r0,road_loopA_r1,5292.3,5414.2,121.9,1297.6,38.3,0
3563,suv,4.8,road_loopA_r0,road_loopA_r1,5315.9,5414.6,98.7,1298.2,47.4,0
3527,suv,4.8,road_loopA_f0,xloopA_0Ab,5286.2,5415.2,129.0,505.2,14.1,1
3526,car,4.5,road_loopA_f0,road_loopA_f1,5285.4,5415.4,130.0,1304.1,36.1,1
3552,suv,4.8,road_loopA_r0,road_loopA_r1,5308.8,5415.8,107.0,1297.9,43.7,0
3558,car,4.5,road_loopA_r0,road_loopA_r1,5311.6,5415.9,104.3,1298.0,44.8,0
3570,suv,4.8,road_loopA_r0,road_loopA_r1,5325.4,5417.2,91.8,1297.7,50.9,0
3559,car,4.5,road_loopA_r0,road_loopA_r1,5313.5,5417.6,104.1,1298.4,44.9,0
3569,car,4.5,road_loopA_r0,road_loopA_r1,5322.5,5417.6,95.1,1298.1,49.1,0
3549,car,4.5,road_loopA_f0,xloopA_0Ab,5303.7,5417.9,114.2,505.2,15.9,1
3572,suv,4.8,road_loopA_r0,road_loopA_r1,5326.4,5419.4,93.0,1298.6,50.3,0
3560,car,4.5,road_loopA_r0,road_loopA_r1,5314.9,5419.6,104.7,1297.8,44.6,0
3542,car,4.5,road_loopA_f0,road_loopA_f1,5298.2,5420.9,122.7,1303.9,38.3,1
3574,suv,4.8,road_loopA_r0,road_loopA_r1,5328.6,5421.2,92.6,1298.7,50.5,0
3555,truck,8.5,road_loopA_f0,xloopA_0Ab,5309.9,5421.4,111.5,505.6,16.3,1
3508,car,4.5,road_loopA_f0,road_loopA_f1,5271.1,5422.1,151.0,1303.5,31.1,1
3530,suv,4.8,road_loopA_f0,road_loopA_f1,5288.6,5423.3,134.7,1303.6,34.8,1
3565,suv,4.8,road_loopA_r0,road_loopA_r1,5319.4,5423.4,104.0,1297.8,44.9,0
3590,truck,8.5,road_loopA_r0,xloopA_0Bb,5339.3,5423.6,84.3,895.7,38.3,0
3547,car,4.5,road_loopA_f0,road_loopA_f1,5301.8,5424.6,122.8,1304.0,38.2,1
3557,suv,4.8,road_loopA_f0,road_loopA_f1,5311.5,5426.2,114.7,1302.9,40.9,1
3586,car,4.5,road_loopA_r0,road_loopA_r1,5336.8,5427.7,90.9,1298.3,51.4,0
3414,car,4.5,xloopA_0Ba,xloopA_0Bb,5196.0,5427.8,231.8,84.3,1.3,1
3561,suv,4.8,road_loopA_f0,road_loopA_f1,5315.7,5428.7,113.0,1303.6,41.5,1
3502,suv,4.8,road_loopA_f0,road_loopA_f1,5267.5,5429.5,162.0,1303.3,29.0,1
3430,car,4.5,xloopA_0Ba,xloopA_0Bb,5212.4,5429.9,217.5,84.4,1.4,1
3554,car,4.5,road_loopA_f0,road_loopA_f1,5309.5,5430.4,120.9,1303.4,38.8,1
3541,car,4.5,road_loopA_f0,road_loopA_f1,5297.8,5431.0,133.2,1302.8,35.2,1
3442,car,4.5,xloopA_0Ba,xloopA_0Bb,5221.1,5432.0,210.9,84.2,1.4,1
3535,car,4.5,road_loopA_f0,road_loopA_f1,5290.9,5432.3,141.4,1303.3,33.2,1
3571,car,4.5,road_loopA_f0,road_loopA_f1,5325.6,5433.3,107.7,1303.0,43.5,0
3519,car,4.5,road_loopA_f0,road_loopA_f1,5280.1,5434.2,154.1,1303.4,30.5,1
3540,truck,8.5,road_loopA_f0,road_loopA_f1,5297.2,5434.6,137.4,1303.9,34.2,1
3454,car,4.5,xloopA_0Ba,xloopA_0Bb,5229.3,5434.6,205.3,84.1,1.5,0
3538,suv,4.8,road_loopA_f0,road_loopA_f1,5294.2,5435.4,141.2,1303.9,33.2,1
3496,bus,11.0,road_loopA_r0,road_loopA_r1,5264.7,5435.8,171.1,1298.1,27.3,2
3573,suv,4.8,road_loopA_f0,road_loopA_f1,5328.1,5436.7,108.6,1303.9,43.2,0
3532,car,4.5,road_loopA_f0,road_loopA_f1,5289.7,5439.8,150.1,1303.1,31.3,1
3564,suv,4.8,road_loopA_f0,road_loopA_f1,5318.6,5440.7,122.1,1303.5,38.4,1
3583,car,4.5,road_loopA_f0,road_loopA_f1,5335.7,5441.0,105.3,1303.7,44.6,0
3567,car,4.5,road_loopA_f0,road_loopA_f1,5321.1,5441.9,120.8,1304.1,38.9,0
3562,car,4.5,road_loopA_f0,road_loopA_f1,5316.0,5442.7,126.7,1303.5,37.0,1
3589,car,4.5,road_loopA_f0,road_loopA_f1,5339.1,5446.5,107.4,1303.9,43.7,0
3582,suv,4.8,road_loopA_f0,road_loopA_f1,5334.0,5447.0,113.0,1303.1,41.5,0
3599,car,4.5,road_loopA_f0,road_loopA_f1,5351.2,5448.2,97.0,1304.0,48.4,0
3568,suv,4.8,road_loopA_f0,road_loopA_f1,5321.3,5448.4,127.1,1303.1,36.9,0
3592,truck,8.5,road_loopA_f0,road_loopA_f1,5342.9,5449.8,106.9,1303.1,43.9,0
3614,suv,4.8,road_loopA_f0,road_loopA_f1,5359.9,5450.7,90.8,1303.7,51.7,0
3576,suv,4.8,road_loopA_f0,road_loopA_f1,5331.0,5452.0,121.0,1303.8,38.8,0
3380,car,4.5,xloopA_0Ba,road_loopA_f1,5158.7,5452.8,294.1,902.9,11.1,0
3566,car,4.5,road_loopA_f0,road_loopA_f1,5320.3,5454.2,133.9,1304.0,35.1,1
3524,suv,4.8,road_loopA_f0,road_loopA_f1,5284.8,5454.5,169.7,1303.6,27.7,1
3545,suv,4.8,road_loopA_f0,road_loopA_f1,5299.5,5454.7,155.2,1302.8,30.2,1
3529,car,4.5,road_loopA_f0,road_loopA_f1,5288.4,5456.2,167.8,1303.2,28.0,1
3617,suv,4.8,road_loopA_r0,xloopA_0Ab,5364.1,5456.3,92.2,869.4,33.9,1
3657,car,4.5,road_loopA_f0,xloopA_0Bb,5414.9,5457.5,42.6,478.6,40.5,0
5,tram,34.0,loopB,loopB,1215.5,5457.6,4242.1,33673.1,28.6,40
3551,car,4.5,road_loopA_f0,road_loopA_f1,5306.1,5457.7,151.6,1303.7,31.0,0
3580,car,4.5,road_loopA_f0,road_loopA_f1,5333.2,5458.9,125.7,1302.9,37.3,0
3598,suv,4.8,road_loopA_f0,road_loopA_f1,5350.8,5462.2,111.4,1303.0,42.1,0
3593,suv,4.8,road_loopA_f0,road_loopA_f1,5345.3,5465.2,119.9,1303.8,39.1,0
3601,suv,4.8,road_loopA_f0,road_loopA_f1,5351.7,5465.4,113.7,1304.2,41.3,0
3596,suv,4.8,road_loopA_f0,road_loopA_f1,5349.9,5465.9,116.0,1302.9,40.4,0
3663,suv,4.8,road_loopA_f0,xloopA_0Bb,5427.3,5468.8,41.5,479.1,41.6,0
3585,car,4.5,road_loopA_f0,road_loopA_f1,5336.0,5470.3,134.3,1303.5,34.9,0
3587,car,4.5,road_loopA_r0,road_loopA_r1,5338.0,5473.3,135.3,1297.7,34.5,1
3609,car,4.5,road_loopA_f0,road_loopA_f1,5357.1,5476.0,118.9,1303.0,39.5,0
3588,suv,4.8,road_loopA_r0,road_loopA_r1,5338.1,5476.7,138.6,1298.0,33.7,1
3581,suv,4.8,road_loopA_r0,road_loopA_r1,5333.3,5477.2,143.9,1297.3,32.5,1
3584,truck,8.5,road_loopA_r0,road_loopA_r1,5335.8,5479.6,143.8,1297.3,32.5,1
3602,suv,4.8,road_loopA_r0,road_loopA_r1,5352.5,5481.8,129.3,1298.3,36.2,1
3591,suv,4.8,road_loopA_r0,road_loopA_r1,5341.3,5483.2,141.9,1297.6,32.9,1
3600,car,4.5,road_loopA_r0,road_loopA_r1,5351.5,5484.9,133.4,1297.6,35.0,1
3575,car,4.5,road_loopA_r0,road_loopA_r1,5330.7,5485.3,154.6,1297.5,30.2,1
3595,car,4.5,road_loopA_r0,road_loopA_r1,5346.6,5486.3,139.7,1297.8,33.5,1
3597,suv,4.8,road_loopA_r0,road_loopA_r1,5350.5,5487.0,136.5,1297.9,34.2,1
3603,car,4.5,road_loopA_r0,road_loopA_r1,5353.7,5487.5,133.8,1298.5,34.9,1
3612,suv,4.8,road_loopA_r0,road_loopA_r1,5357.8,5488.3,130.5,1297.3,35.8,1
3604,car,4.5,road_loopA_r0,road_loopA_r1,5353.8,5488.7,134.9,1298.3,34.6,1
3607,car,4.5,road_loopA_r0,road_loopA_r1,5356.0,5489.3,133.3,1298.1,35.1,1
3605,car,4.5,road_loopA_r0,road_loopA_r1,5354.9,5490.5,135.6,1297.6,34.5,1
3613,car,4.5,road_loopA_r0,road_loopA_r1,5358.0,5491.1,133.1,1297.8,35.1,1
3618,car,4.5,road_loopA_r0,road_loopA_r1,5364.3,5491.8,127.5,1298.5,36.7,1
3606,car,4.5,road_loopA_r0,road_loopA_r1,5355.0,5492.7,137.7,1298.0,33.9,1
3615,car,4.5,road_loopA_r0,road_loopA_r1,5361.8,5493.2,131.4,1297.7,35.6,1
3610,car,4.5,road_loopA_r0,road_loopA_r1,5357.6,5494.3,136.7,1297.3,34.2,1
3620,car,4.5,road_loopA_r0,road_loopA_r1,5370.1,5494.5,124.4,1298.3,37.6,1
3621,car,4.5,road_loopA_r0,road_loopA_r1,5372.4,5496.0,123.6,1297.3,37.8,1
3623,suv,4.8,road_loopA_r0,road_loopA_r1,5374.2,5496.4,122.2,1297.8,38.2,1
3625,suv,4.8,road_loopA_r0,road_loopA_r1,5375.0,5497.0,122.0,1297.3,38.3,1
3622,car,4.5,road_loopA_r0,road_loopA_r1,5372.9,5498.1,125.2,1297.4,37.3,1
3627,suv,4.8,road_loopA_r0,road_loopA_r1,5376.0,5498.4,122.4,1298.5,38.2,1
3629,car,4.5,road_loopA_r0,road_loopA_r1,5378.6,5500.1,121.5,1297.3,38.4,1
3638,car,4.5,road_loopA_r0,road_loopA_r1,5387.5,5500.7,113.2,1297.5,41.3,6
3619,car,4.5,road_loopA_f0,road_loopA_f1,5368.8,5500.8,132.0,1303.8,35.5,1
3632,car,4.5,road_loopA_r0,road_loopA_r1,5382.3,5501.8,119.5,1298.4,39.1,0
3631,truck,8.5,road_loopA_r0,road_loopA_r1,5381.9,5503.6,121.7,1297.6,38.4,0
3644,suv,4.8,road_loopA_r0,road_loopA_r1,5399.8,5505.1,105.3,1297.7,44.4,0
3643,car,4.5,road_loopA_r0,road_loopA_r1,5398.4,5505.6,107.2,1298.4,43.6,0
3648,car,4.5,road_loopA_r0,road_loopA_r1,5403.5,5505.8,102.3,1298.7,45.7,0
3579,car,4.5,road_loopA_f0,xloopA_0Ab,5333.0,5506.1,173.1,505.3,10.5,2
3645,truck,8.5,road_loopA_r0,road_loopA_r1,5400.9,5507.7,106.8,1298.0,43.8,0
3616,suv,4.8,road_loopA_f0,xloopA_0Ab,5364.0,5508.7,144.7,505.4,12.6,1
3640,car,4.5,road_loopA_f0,road_loopA_f1,5389.3,5509.0,119.7,1303.4,39.2,1
3654,car,4.5,road_loopA_r0,road_loopA_r1,5413.9,5509.1,95.2,1298.1,49.1,0
3630,car,4.5,road_loopA_f0,road_loopA_f1,5380.4,5511.0,130.6,1303.0,35.9,1
3674,suv,4.8,road_loopA_f0,xloopA_0Ab,5433.1,5511.4,78.3,505.3,23.2,1
3660,car,4.5,road_loopA_r0,road_loopA_r1,5421.0,5512.2,91.2,1298.2,51.2,0
3647,car,4.5,road_loopA_r0,road_loopA_r1,5402.1,5513.8,111.7,1297.5,41.8,0
3653,car,4.5,road_loopA_f0,road_loopA_f1,5410.1,5513.9,103.8,1303.2,45.2,0
3684,car,4.5,road_loopA_f0,xloopA_0Ab,5440.4,5514.1,73.7,505.2,24.7,1
3646,suv,4.8,road_loopA_r0,road_loopA_r1,5401.8,5515.2,113.4,1297.5,41.2,0
3649,car,4.5,road_loopA_r0,road_loopA_r1,5404.7,5515.5,110.8,1297.3,42.2,0
3636,car,4.5,road_loopA_f0,road_loopA_f1,5387.2,5516.5,129.3,1302.8,36.3,1
3656,car,4.5,road_loopA_r0,road_loopA_r1,5414.3,5517.2,102.9,1297.9,45.4,0
3668,car,4.5,road_loopA_r0,road_loopA_r1,5428.8,5518.0,89.2,1297.8,52.4,0
3661,car,4.5,road_loopA_r0,road_loopA_r1,5421.4,5518.7,97.3,1298.3,48.0,0
3498,car,4.5,xloopA_0Ba,xloopA_0Bb,5265.4,5521.1,255.7,84.1,1.2,1
3664,car,4.5,road_loopA_f0,road_loopA_f1,5428.0,5523.8,95.8,1303.9,49.0,0
3505,car,4.5,xloopA_0Ba,xloopA_0Bb,5269.5,5524.1,254.6,84.0,1.2,1
3642,car,4.5,road_loopA_f0,road_loopA_f1,5392.5,5527.2,134.7,1303.7,34.8,1
3667,car,4.5,road_loopA_f0,road_loopA_f1,5428.7,5527.2,98.5,1302.9,47.6,0
3670,car,4.5,road_loopA_f0,road_loopA_f1,5429.9,5527.8,97.9,1303.1,47.9,0
3675,car,4.5,road_loopA_f0,road_loopA_f1,5433.4,5529.9,96.5,1303.4,48.6,0
3666,car,4.5,xloopA_0Ba,xloopA_0Bb,5428.7,5530.8,102.1,84.5,3.0,0
3672,car,4.5,road_loopA_f0,road_loopA_f1,5431.4,5531.7,100.3,1303.2,46.8,0
3658,car,4.5,road_loopA_f0,road_loopA_f1,5415.4,5535.4,120.0,1304.0,39.1,0
3685,car,4.5,road_loopA_f0,road_loopA_f1,5440.6,5536.6,96.0,1304.0,48.9,0
3662,car,4.5,road_loopA_f0,road_loopA_f1,5424.3,5541.2,116.9,1303.3,40.1,0
3577,car,4.5,xloopA_0Aa,road_loopA_f1,5331.6,5542.3,210.7,872.5,14.9,1
3665,car,4.5,road_loopA_f0,road_loopA_f1,5428.2,5544.4,116.2,1303.7,40.4,0
3652,car,4.5,road_loopA_r0,xloopA_0Ab,5410.1,5545.1,135.0,869.0,23.2,3
3677,truck,8.5,road_loopA_f0,road_loopA_f1,5435.9,5546.4,110.5,1303.1,42.4,0
3553,car,4.5,xloopA_0Aa,road_loopA_f1,5309.2,5547.4,238.2,872.2,13.2,1
3692,car,4.5,road_loopA_f0,road_loopA_f1,5447.0,5547.5,100.5,1302.8,46.7,0
3697,suv,4.8,road_loopA_f0,road_loopA_f1,5449.9,5549.4,99.5,1304.2,47.2,0
3680,truck,8.5,road_loopA_r0,xloopA_0Ab,5438.7,5550.2,111.5,868.8,28.0,1
3693,car,4.5,road_loopA_f0,road_loopA_f1,5448.1,5551.2,103.1,1303.7,45.5,0
3626,car,4.5,road_loopA_f0,road_loopA_f1,5375.7,5551.9,176.2,1303.6,26.6,1
3458,car,4.5,xloopA_0Ba,road_loopA_f1,5230.8,5552.4,321.6,902.4,10.1,0
3691,truck,8.5,road_loopA_f0,road_loopA_f1,5445.2,5554.0,108.8,1303.3,43.1,0
3721,car,4.5,road_loopA_r0,xloopA_0Ab,5468.1,5554.0,85.9,869.2,36.4,0
3628,car,4.5,road_loopA_f0,road_loopA_f1,5377.4,5554.7,177.3,1303.1,26.5,1
3659,car,4.5,road_loopA_f0,road_loopA_f1,5415.8,5554.9,139.1,1303.8,33.8,0
3651,car,4.5,road_loopA_f0,road_loopA_f1,5409.1,5556.6,147.5,1303.3,31.8,0
3690,car,4.5,road_loopA_f0,road_loopA_f1,5444.9,5556.9,112.0,1303.2,41.9,0
3682,suv,4.8,road_loopA_f0,road_loopA_f1,5440.0,5558.1,118.1,1303.0,39.7,0
3641,car,4.5,road_loopA_f0,road_loopA_f1,5389.5,5558.4,168.9,1302.8,27.8,1
3700,car,4.5,road_loopA_f0,road_loopA_f1,5452.1,5558.7,106.6,1303.2,44.0,0
3689,truck,8.5,road_loopA_f0,road_loopA_f1,5444.8,5560.3,115.5,1303.9,40.6,0
3703,car,4.5,road_loopA_f0,road_loopA_f1,5453.0,5560.5,107.5,1304.1,43.7,0
3704,car,4.5,road_loopA_f0,road_loopA_f1,5453.2,5562.5,109.3,1303.5,42.9,0
3676,truck,8.5,road_loopA_f0,road_loopA_f1,5435.1,5563.2,128.1,1303.5,36.6,0
3687,car,4.5,road_loopA_r0,road_loopA_r1,5443.9,5564.9,121.0,1298.2,38.6,1
3695,truck,8.5,road_loopA_f0,road_loopA_f1,5448.3,5565.1,116.8,1303.7,40.2,0
3669,car,4.5,road_loopA_f0,road_loopA_f1,5429.3,5567.2,137.9,1303.6,34.0,0
3707,suv,4.8,road_loopA_f0,road_loopA_f1,5455.2,5567.2,112.0,1303.6,41.9,0
3673,car,4.5,road_loopA_r0,road_loopA_r1,5431.5,5568.1,136.6,1298.3,34.2,1
3705,car,4.5,road_loopA_f0,road_loopA_f1,5454.7,5568.9,114.2,1303.4,41.1,0
3608,car,4.5,xloopA_0Aa,road_loopA_f1,5356.1,5570.1,214.0,872.1,14.7,1
3686,car,4.5,road_loopA_r0,road_loopA_r1,5443.0,5570.3,127.3,1297.7,36.7,1
3637,suv,4.8,road_loopA_f0,road_loopA_f1,5387.4,5571.4,184.0,1303.0,25.5,1
3639,car,4.5,xloopA_0Ba,road_loopA_r1,5387.6,5572.1,184.5,476.4,9.3,0
3681,car,4.5,road_loopA_r0,road_loopA_r1,5439.2,5572.2,133.0,1297.7,35.1,1
3624,truck,8.5,road_loopA_f0,road_loopA_f1,5374.5,5572.5,198.0,1303.7,23.7,1
3701,suv,4.8,road_loopA_r0,road_loopA_r1,5452.9,5574.4,121.5,1298.4,38.5,1
3635,suv,4.8,road_loopA_f0,road_loopA_f1,5386.6,5574.5,187.9,1303.0,25.0,1
3694,car,4.5,road_loopA_r0,road_loopA_r1,5448.2,5575.8,127.6,1298.3,36.6,1
3706,suv,4.8,road_loopA_r0,road_loopA_r1,5455.1,5575.8,120.7,1298.3,38.7,1
3710,car,4.5,road_loopA_r0,road_loopA_r1,5456.2,5577.5,121.3,1298.0,38.5,1
3720,car,4.5,road_loopA_r0,road_loopA_r1,5466.6,5578.7,112.1,1298.4,41.7,1
3712,car,4.5,road_loopA_r0,road_loopA_r1,5457.3,5579.5,122.2,1297.3,38.2,1
3723,car,4.5,road_loopA_r0,road_loopA_r1,5473.5,5580.5,107.0,1298.6,43.7,1
3633,car,4.5,xloopA_0Aa,road_loopA_r1,5383.4,5580.6,197.2,506.8,9.3,1
3709,suv,4.8,road_loopA_r0,road_loopA_r1,5455.9,5581.3,125.4,1298.6,37.3,1
3678,car,4.5,road_loopA_r0,road_loopA_r1,5437.4,5582.3,144.9,1298.2,32.3,1
3728,car,4.5,road_loopA_r0,road_loopA_r1,5476.4,5582.3,105.9,1298.3,44.1,0
3716,car,4.5,road_loopA_r0,road_loopA_r1,5460.9,5583.2,122.3,1297.8,38.2,1
3671,car,4.5,road_loopA_r0,road_loopA_r1,5431.1,5584.0,152.9,1297.7,30.6,1
3726,suv,4.8,road_loopA_r0,road_loopA_r1,5474.7,5585.0,110.3,1298.3,42.4,0
3736,car,4.5,road_loopA_r0,road_loopA_r1,5482.2,5585.1,102.9,1297.5,45.4,0
3679,suv,4.8,road_loopA_r0,road_loopA_r1,5438.5,5585.8,147.3,1298.1,31.7,1
3745,car,4.5,road_loopA_r0,road_loopA_r1,5490.1,5587.0,96.9,1298.7,48.2,0
3702,suv,4.8,road_loopA_r0,road_loopA_r1,5452.9,5587.6,134.7,1298.0,34.7,1
3708,car,4.5,road_loopA_r0,road_loopA_r1,5455.7,5589.4,133.7,1298.6,35.0,1
3746,car,4.5,road_loopA_r0,road_loopA_r1,5490.8,5589.5,98.7,1298.3,47.4,0
3765,suv,4.8,road_loopA_r0,xloopA_0Ab,5505.9,5589.5,83.6,869.3,37.4,1
3683,bus,11.0,road_loopA_r0,road_loopA_r1,5440.2,5590.3,150.1,1298.2,31.1,2
3715,car,4.5,road_loopA_f0,road_loopA_f1,5460.7,5591.3,130.6,1303.0,35.9,1
3713,truck,8.5,road_loopA_r0,road_loopA_r1,5459.1,5591.5,132.4,1297.4,35.3,1
3742,suv,4.8,road_loopA_r0,road_loopA_r1,5486.8,5591.8,105.0,1298.4,44.5,0
3756,suv,4.8,road_loopA_r0,road_loopA_r1,5497.2,5592.4,95.2,1298.1,49.1,0
3757,suv,4.8,road_loopA_r0,road_loopA_r1,5499.9,5593.7,93.8,1298.4,49.8,0
3722,car,4.5,road_loopA_r0,road_loopA_r1,5468.8,5594.1,125.3,1298.2,37.3,0
3743,car,4.5,road_loopA_r0,road_loopA_r1,5487.6,5595.4,107.8,1297.6,43.3,0
3748,car,4.5,road_loopA_r0,road_loopA_r1,5491.3,5596.3,105.0,1297.9,44.5,0
3758,car,4.5,road_loopA_r0,road_loopA_r1,5502.5,5596.8,94.3,1297.6,49.5,0
3727,car,4.5,road_loopA_r0,road_loopA_r1,5476.1,5597.2,121.1,1297.9,38.6,0
3767,car,4.5,road_loopA_r0,road_loopA_r1,5507.4,5597.4,90.0,1297.4,51.9,0
3764,car,4.5,road_loopA_r0,road_loopA_r1,5504.7,5598.6,93.9,1297.9,49.8,0
3718,suv,4.8,road_loopA_f0,road_loopA_f1,5465.8,5598.7,132.9,1303.4,35.3,1
3698,car,4.5,road_loopA_r0,xloopA_0Bb,5451.7,5599.0,147.3,895.4,21.9,1
3737,car,4.5,road_loopA_f0,road_loopA_f1,5484.5,5599.2,114.7,1302.8,40.9,1
3770,car,4.5,road_loopA_r0,road_loopA_r1,5509.1,5599.3,90.2,1298.6,51.8,0
3744,car,4.5,road_loopA_f0,xloopA_0Ab,5488.1,5599.6,111.5,505.1,16.3,1
3731,car,4.5,road_loopA_f0,road_loopA_f1,5477.8,5600.6,122.8,1304.1,38.2,1
3739,suv,4.8,road_loopA_f0,road_loopA_f1,5486.2,5602.2,116.0,1303.5,40.5,1
3761,car,4.5,road_loopA_f0,xloopA_0Ab,5503.6,5602.2,98.6,505.1,18.4,1
3699,truck,8.5,road_loopA_r0,xloopA_0Bb,5451.8,5602.4,150.6,895.5,21.4,1
3749,suv,4.8,road_loopA_f0,road_loopA_f1,5491.5,5603.4,111.9,1303.8,41.9,1
3772,truck,8.5,road_loopA_r0,road_loopA_r1,5509.6,5603.5,93.9,1297.3,49.7,0
3773,car,4.5,road_loopA_r0,road_loopA_r1,5510.4,5603.7,93.3,1298.6,50.1,0
3752,car,4.5,road_loopA_f0,road_loopA_f1,5493.5,5605.3,111.8,1303.2,42.0,1
3725,car,4.5,road_loopA_r0,xloopA_0Bb,5474.1,5605.5,131.4,895.7,24.5,2
3714,suv,4.8,road_loopA_r0,road_loopA_r1,5459.6,5607.2,147.6,1297.3,31.7,1
3754,car,4.5,road_loopA_f0,road_loopA_f1,5495.1,5607.2,112.1,1303.4,41.9,1
3747,car,4.5,road_loopA_r0,xloopA_0Bb,5490.9,5608.1,117.2,895.3,27.5,2
3733,car,4.5,road_loopA_f0,road_loopA_f1,5479.7,5609.0,129.3,1303.4,36.3,1
3729,truck,8.5,road_loopA_r0,road_loopA_r1,5476.9,5610.3,133.4,1298.2,35.0,1
3777,suv,4.8,road_loopA_r0,road_loopA_r1,5515.6,5612.4,96.8,1298.2,48.3,0
3775,car,4.5,road_loopA_r0,road_loopA_r1,5514.3,5612.6,98.3,1298.1,47.5,0
3751,car,4.5,road_loopA_f0,road_loopA_f1,5493.4,5614.0,120.6,1303.5,38.9,1
3782,suv,4.8,road_loopA_r0,road_loopA_r1,5520.5,5614.2,93.7,1298.6,49.9,0
3766,car,4.5,road_loopA_r0,road_loopA_r1,5506.2,5614.7,108.5,1297.3,43.0,0
3783,suv,4.8,road_loopA_r0,road_loopA_r1,5522.5,5616.1,93.6,1298.1,50.0,0
3655,car,4.5,xloopA_0Aa,xloopA_0Ab,5414.2,5616.3,202.1,84.6,1.5,1
3741,car,4.5,road_loopA_f0,road_loopA_f1,5486.6,5616.4,129.8,1303.4,36.1,1
3768,suv,4.8,road_loopA_r0,road_loopA_r1,5508.5,5616.4,107.9,1298.5,43.3,0
3688,car,4.5,xloopA_0Aa,xloopA_0Ab,5444.3,5618.2,173.9,84.2,1.7,1
3771,suv,4.8,road_loopA_r0,road_loopA_r1,5509.5,5618.3,108.8,1297.4,42.9,0
3788,car,4.5,road_loopA_r0,road_loopA_r1,5525.6,5618.7,93.1,1297.9,50.2,0
3776,car,4.5,road_loopA_r0,road_loopA_r1,5515.0,5619.1,104.1,1298.5,44.9,0
3738,suv,4.8,road_loopA_f0,road_loopA_f1,5484.5,5620.4,135.9,1303.3,34.5,1
3696,car,4.5,xloopA_0Aa,xloopA_0Ab,5449.1,5620.6,171.5,84.4,1.8,1
3759,suv,4.8,road_loopA_f0,road_loopA_f1,5502.8,5622.3,119.5,1303.7,39.3,0
3786,suv,4.8,road_loopA_f0,road_loopA_f1,5524.1,5623.1,99.0,1302.8,47.4,0
3730,car,4.5,xloopA_0Aa,xloopA_0Ab,5477.6,5623.6,146.0,84.4,2.1,0
3780,car,4.5,road_loopA_f0,road_loopA_f1,5517.2,5625.0,107.8,1304.0,43.6,0
3790,car,4.5,road_loopA_f0,road_loopA_f1,5527.8,5627.0,99.2,1302.9,47.3,0
3634,car,4.5,xloopA_0Aa,road_loopA_f1,5385.4,5628.8,243.4,872.8,12.9,1
3711,car,4.5,road_loopA_f0,road_loopA_f1,5456.7,5630.4,173.7,1303.2,27.0,1
3787,car,4.5,road_loopA_f0,road_loopA_f1,5525.3,5630.4,105.1,1303.5,44.6,0
3611,car,4.5,xloopA_0Aa,road_loopA_f1,5357.8,5631.2,273.4,872.1,11.5,1
3796,car,4.5,road_loopA_f0,road_loopA_f1,5535.9,5632.0,96.1,1303.0,48.8,0
3734,car,4.5,road_loopA_f0,road_loopA_f1,5480.2,5632.1,151.9,1304.1,30.9,1
3578,car,4.5,xloopA_0Ba,road_loopA_f1,5332.0,5633.7,301.7,902.6,10.8,1
3719,car,4.5,road_loopA_f0,road_loopA_f1,5466.0,5633.7,167.7,1303.2,28.0,1
3800,car,4.5,road_loopA_f0,road_loopA_f1,5537.4,5633.8,96.4,1304.1,48.7,0
3779,suv,4.8,road_loopA_r0,xloopA_0Ab,5516.9,5634.9,118.0,869.1,26.5,1
3740,suv,4.8,road_loopA_f0,road_loopA_f1,5486.3,5635.5,149.2,1303.8,31.4,1
3797,car,4.5,road_loopA_f0,road_loopA_f1,5536.8,5636.1,99.3,1303.8,47.3,0
3750,car,4.5,road_loopA_f0,road_loopA_f1,5492.6,5637.9,145.3,1303.8,32.3,5
3785,car,4.5,road_loopA_f0,road_loopA_f1,5523.4,5639.4,116.0,1303.9,40.5,0
3781,suv,4.8,road_loopA_f0,road_loopA_f1,5517.8,5639.5,121.7,1302.8,38.5,0
3805,suv,4.8,road_loopA_f0,road_loopA_f1,5540.8,5641.0,100.2,1303.3,46.8,0
3760,car,4.5,road_loopA_f0,road_loopA_f1,5503.3,5641.4,138.1,1304.0,34.0,0
3650,car,4.5,xloopA_0Aa,road_loopA_f1,5405.8,5641.5,235.7,872.7,13.3,0
3717,car,4.5,road_loopA_f0,road_loopA_f1,5461.6,5643.1,181.5,1303.0,25.8,1
3809,car,4.5,road_loopA_f0,road_loopA_f1,5547.8,5643.3,95.5,1302.9,49.1,0
3802,truck,8.5,road_loopA_f0,road_loopA_f1,5539.6,5643.7,104.1,1304.0,45.1,0
3724,suv,4.8,road_loopA_f0,road_loopA_f1,5474.0,5644.8,170.8,1304.0,27.5,1
3807,suv,4.8,road_loopA_f0,road_loopA_f1,5546.4,5645.7,99.3,1303.2,47.3,0
3735,car,4.5,road_loopA_f0,road_loopA_f1,5480.6,5646.4,165.8,1303.4,28.3,1
3810,car,4.5,road_loopA_f0,road_loopA_f1,5548.8,5646.4,97.6,1304.0,48.1,0
3798,car,4.5,road_loopA_f0,road_loopA_f1,5536.9,5647.9,111.0,1303.6,42.3,0
3755,car,4.5,road_loopA_f0,road_loopA_f1,5496.8,5648.1,151.3,1303.8,31.0,1
3762,truck,8.5,road_loopA_f0,road_loopA_f1,5504.2,5650.3,146.1,1302.9,32.1,0
3804,suv,4.8,road_loopA_f0,road_loopA_f1,5540.8,5659.5,118.7,1303.1,39.5,0
3792,suv,4.8,road_loopA_r0,road_loopA_r1,5531.7,5660.9,129.2,1297.6,36.1,1
3793,suv,4.8,road_loopA_r0,road_loopA_r1,5533.5,5662.5,129.0,1298.4,36.2,1
3732,car,4.5,xloopA_0Ba,road_loopA_r1,5479.2,5663.6,184.4,476.3,9.3,1
3799,car,4.5,road_loopA_r0,road_loopA_r1,5537.3,5663.9,126.6,1297.6,36.9,1
3801,car,4.5,road_loopA_r0,road_loopA_r1,5538.5,5665.5,127.0,1298.0,36.8,1
3791,suv,4.8,road_loopA_r0,road_loopA_r1,5527.9,5666.7,138.8,1298.4,33.7,1
3789,bus,11.0,road_loopA_r0,road_loopA_r1,5527.7,5667.9,140.2,1297.4,33.3,1
3808,car,4.5,road_loopA_r0,road_loopA_r1,5547.0,5670.1,123.1,1298.2,38.0,1
3769,car,4.5,xloopA_0Aa,road_loopA_r1,5508.9,5670.1,161.2,506.9,11.3,0
3826,car,4.5,road_loopA_r0,road_loopA_r1,5564.8,5671.5,106.7,1298.1,43.8,1
3794,car,4.5,road_loopA_r0,road_loopA_r1,5535.5,5672.0,136.5,1297.3,34.2,1
3811,car,4.5,road_loopA_r0,road_loopA_r1,5549.0,5672.6,123.6,1297.5,37.8,1
3817,suv,4.8,road_loopA_r0,road_loopA_r1,5559.0,5673.8,114.8,1298.3,40.7,1
3806,truck,8.5,road_loopA_r0,road_loopA_r1,5544.2,5673.9,129.7,1297.5,36.0,1
3814,car,4.5,road_loopA_r0,road_loopA_r1,5557.0,5674.4,117.4,1298.4,39.8,1
3820,car,4.5,road_loopA_r0,road_loopA_r1,5561.5,5676.2,114.7,1298.5,40.8,1
3822,suv,4.8,road_loopA_r0,road_loopA_r1,5561.9,5678.0,116.1,1298.6,40.3,1
3815,suv,4.8,road_loopA_r0,road_loopA_r1,5558.0,5678.7,120.7,1297.4,38.7,0
3818,suv,4.8,road_loopA_r0,road_loopA_r1,5560.7,5680.9,120.2,1298.4,38.9,0
3821,car,4.5,road_loopA_r0,road_loopA_r1,5561.9,5680.9,119.0,1298.2,39.3,0
3898,suv,4.8,road_loopA_f0,xloopA_0Bb,5639.9,5683.0,43.1,479.2,40.1,0
3825,suv,4.8,road_loopA_r0,road_loopA_r1,5564.3,5683.2,118.9,1298.0,39.3,1
3832,car,4.5,road_loopA_r0,road_loopA_r1,5572.0,5683.9,111.9,1297.7,41.8,0
3830,car,4.5,road_loopA_r0,road_loopA_r1,5570.1,5685.0,114.9,1297.3,40.7,0
3828,car,4.5,road_loopA_r0,road_loopA_r1,5569.8,5685.1,115.3,1297.5,40.5,0
3835,car,4.5,road_loopA_r0,road_loopA_r1,5580.1,5686.8,106.7,1298.5,43.8,0
3838,car,4.5,road_loopA_r0,road_loopA_r1,5581.8,5686.9,105.1,1297.9,44.5,0
3840,truck,8.5,road_loopA_r0,road_loopA_r1,5583.5,5688.0,104.5,1297.5,44.7,0
3839,car,4.5,road_loopA_r0,road_loopA_r1,5582.8,5688.5,105.7,1298.1,44.2,0
3842,suv,4.8,road_loopA_r0,road_loopA_r1,5586.0,5690.3,104.3,1298.1,44.8,0
3843,car,4.5,road_loopA_r0,road_loopA_r1,5587.2,5690.4,103.2,1298.4,45.3,0
3849,car,4.5,road_loopA_r0,road_loopA_r1,5593.8,5691.9,98.1,1297.8,47.6,0
3763,car,4.5,road_loopA_r0,xloopA_0Bb,5504.4,5692.5,188.1,895.6,17.1,2
3824,car,4.5,road_loopA_f0,road_loopA_f1,5563.0,5692.9,129.9,1303.2,36.1,1
3837,car,4.5,road_loopA_f0,xloopA_0Ab,5580.8,5693.1,112.3,505.2,16.2,1
3845,car,4.5,road_loopA_f0,road_loopA_f1,5589.3,5694.4,105.1,1303.8,44.7,1
3829,car,4.5,road_loopA_f0,road_loopA_f1,5569.9,5694.7,124.8,1303.8,37.6,1
3778,car,4.5,road_loopA_r0,xloopA_0Bb,5515.7,5695.1,179.4,895.6,18.0,2
3844,car,4.5,road_loopA_f0,xloopA_0Ab,5587.3,5695.7,108.4,505.2,16.8,1
3846,suv,4.8,road_loopA_r0,road_loopA_r1,5590.2,5696.1,105.9,1297.4,44.1,0
3836,car,4.5,road_loopA_f0,road_loopA_f1,5580.3,5696.3,116.0,1303.1,40.5,1
3847,car,4.5,road_loopA_r0,road_loopA_r1,5591.0,5696.4,105.4,1298.3,44.3,0
3851,truck,8.5,road_loopA_f0,road_loopA_f1,5595.9,5697.1,101.2,1303.2,46.3,0
3784,car,4.5,road_loopA_r0,xloopA_0Bb,5522.7,5697.7,175.0,895.3,18.4,1
3848,car,4.5,road_loopA_r0,road_loopA_r1,5592.9,5697.8,104.9,1297.8,44.6,0
3854,car,4.5,road_loopA_r0,road_loopA_r1,5599.7,5698.0,98.3,1297.9,47.5,0
3865,car,4.5,road_loopA_f0,xloopA_0Ab,5613.3,5698.3,85.0,504.9,21.4,1
3853,suv,4.8,road_loopA_f0,road_loopA_f1,5599.6,5699.2,99.6,1303.2,47.1,0
3859,car,4.5,road_loopA_r0,road_loopA_r1,5604.7,5699.4,94.7,1297.5,49.3,0
3813,car,4.5,road_loopA_f0,road_loopA_f1,5556.9,5700.6,143.7,1303.5,32.7,1
3874,car,4.5,road_loopA_f0,xloopA_0Ab,5623.0,5701.0,78.0,505.2,23.3,1
3861,suv,4.8,road_loopA_r0,road_loopA_r1,5605.0,5701.5,96.5,1298.6,48.5,0
3860,car,4.5,road_loopA_f0,road_loopA_f1,5604.9,5701.6,96.7,1302.8,48.5,0
3823,truck,8.5,road_loopA_r0,road_loopA_r1,5562.4,5703.0,140.6,1297.8,33.2,1
3831,car,4.5,road_loopA_f0,road_loopA_f1,5570.7,5703.0,132.3,1303.3,35.5,1
3841,car,4.5,road_loopA_f0,road_loopA_f1,5584.8,5704.4,119.6,1303.4,39.2,1
3816,car,4.5,road_loopA_f0,road_loopA_f1,5558.3,5705.4,147.1,1303.0,31.9,1
3862,car,4.5,road_loopA_f0,road_loopA_f1,5607.4,5706.1,98.7,1303.9,47.6,0
3827,truck,8.5,road_loopA_f0,road_loopA_f1,5566.3,5707.5,141.2,1303.4,33.2,1
3868,car,4.5,road_loopA_f0,road_loopA_f1,5617.2,5707.8,90.6,1303.5,51.8,0
3856,car,4.5,road_loopA_f0,road_loopA_f1,5601.6,5708.1,106.5,1303.5,44.0,0
3886,car,4.5,xloopA_0Ba,xloopA_0Bb,5630.9,5708.2,77.3,84.1,3.9,1
3850,suv,4.8,road_loopA_f0,road_loopA_f1,5595.3,5709.6,114.3,1303.4,41.1,0
3863,car,4.5,road_loopA_f0,road_loopA_f1,5608.5,5709.8,101.3,1303.0,46.3,0
3858,suv,4.8,road_loopA_f0,road_loopA_f1,5604.6,5711.4,106.8,1303.6,43.9,0
3753,bus,11.0,road_loopA_r0,road_loopA_r1,5494.6,5711.7,217.1,1297.7,21.5,3
3929,car,4.5,xloopA_0Ba,xloopA_0Bb,5659.0,5712.3,53.3,84.3,5.7,1
3812,car,4.5,xloopA_0Aa,xloopA_0Ab,5550.4,5712.6,162.2,84.2,1.9,1
3864,truck,8.5,road_loopA_f0,road_loopA_f1,5610.1,5713.1,103.0,1304.0,45.6,0
3857,truck,8.5,road_loopA_r0,road_loopA_r1,5603.9,5713.6,109.7,1298.3,42.6,0
3870,suv,4.8,road_loopA_f0,road_loopA_f1,5619.3,5714.5,95.2,1304.1,49.3,0
3959,car,4.5,xloopA_0Ba,xloopA_0Bb,5679.4,5715.0,35.6,84.7,8.6,0
3869,suv,4.8,road_loopA_f0,road_loopA_f1,5617.6,5716.3,98.7,1303.1,47.5,0
3819,car,4.5,xloopA_0Aa,xloopA_0Ab,5561.0,5716.5,155.5,84.0,1.9,0
3964,car,4.5,xloopA_0Ba,xloopA_0Bb,5681.1,5716.9,35.8,84.4,8.5,0
3876,car,4.5,road_loopA_f0,road_loopA_f1,5624.7,5717.8,93.1,1303.2,50.4,0
3866,truck,8.5,road_loopA_f0,road_loopA_f1,5615.1,5718.0,102.9,1303.3,45.6,0
3888,car,4.5,xloopA_0Aa,xloopA_0Ab,5631.8,5718.4,86.6,84.6,3.5,0
3855,car,4.5,road_loopA_r0,road_loopA_r1,5601.4,5718.8,117.4,1297.9,39.8,0
3966,car,4.5,xloopA_0Ba,xloopA_0Bb,5684.8,5718.9,34.1,84.6,8.9,0
3873,suv,4.8,road_loopA_f0,road_loopA_f1,5621.1,5720.1,99.0,1303.4,47.4,0
3878,car,4.5,road_loopA_f0,road_loopA_f1,5626.4,5720.9,94.5,1303.4,49.7,0
3884,truck,8.5,road_loopA_f0,road_loopA_f1,5629.5,5723.0,93.5,1303.1,50.2,0
3889,car,4.5,road_loopA_f0,road_loopA_f1,5631.7,5724.0,92.3,1304.1,50.9,0
3892,car,4.5,road_loopA_f0,road_loopA_f1,5634.9,5725.8,90.9,1303.5,51.6,0
3885,suv,4.8,road_loopA_f0,road_loopA_f1,5629.8,5726.3,96.5,1304.1,48.6,0
3834,car,4.5,road_loopA_r0,xloopA_0Ab,5579.4,5733.2,153.8,869.2,20.3,3
3882,car,4.5,road_loopA_f0,road_loopA_f1,5629.1,5740.1,111.0,1302.8,42.3,0
3897,car,4.5,road_loopA_f0,road_loopA_f1,5637.6,5741.9,104.3,1303.6,45.0,0
3901,car,4.5,road_loopA_f0,road_loopA_f1,5640.9,5742.4,101.5,1303.3,46.2,0
3896,suv,4.8,road_loopA_f0,road_loopA_f1,5637.2,5743.5,106.3,1303.6,44.1,0
3894,truck,8.5,road_loopA_f0,road_loopA_f1,5636.5,5747.7,111.2,1303.2,42.2,0
3867,suv,4.8,road_loopA_r0,road_loopA_r1,5615.4,5751.0,135.6,1298.7,34.5,1
3871,car,4.5,road_loopA_r0,road_loopA_r1,5620.2,5753.4,133.2,1298.0,35.1,1
3877,car,4.5,road_loopA_r0,road_loopA_r1,5624.7,5754.4,129.7,1297.9,36.0,1
3893,truck,8.5,road_loopA_f0,road_loopA_f1,5635.0,5754.4,119.4,1303.1,39.3,0
3879,car,4.5,road_loopA_r0,road_loopA_r1,5627.8,5756.1,128.3,1297.3,36.4,1
3881,suv,4.8,road_loopA_r0,road_loopA_r1,5629.0,5757.2,128.2,1297.8,36.4,1
3887,car,4.5,road_loopA_r0,road_loopA_r1,5631.6,5758.7,127.1,1297.6,36.7,1
3890,car,4.5,road_loopA_r0,road_loopA_r1,5631.9,5760.6,128.7,1298.2,36.3,1
3895,car,4.5,road_loopA_r0,road_loopA_r1,5636.5,5762.1,125.6,1297.6,37.2,1
3917,suv,4.8,road_loopA_r0,road_loopA_r1,5650.9,5763.7,112.8,1297.8,41.4,1
3900,car,4.5,road_loopA_r0,road_loopA_r1,5640.4,5765.0,124.6,1297.8,37.5,1
3803,car,4.5,xloopA_0Aa,road_loopA_r1,5540.0,5765.6,225.6,507.1,8.1,1
3910,car,4.5,road_loopA_r0,road_loopA_r1,5646.0,5765.7,119.7,1298.1,39.0,1
3921,suv,4.8,road_loopA_r0,road_loopA_r1,5652.3,5767.0,114.7,1297.3,40.7,0
3872,car,4.5,road_loopA_r0,road_loopA_r1,5620.4,5767.2,146.8,1297.8,31.8,1
3912,car,4.5,road_loopA_r0,road_loopA_r1,5648.4,5767.5,119.1,1298.3,39.2,1
3924,car,4.5,road_loopA_r0,road_loopA_r1,5655.1,5769.0,113.9,1298.2,41.0,0
3852,car,4.5,road_loopA_r0,road_loopA_r1,5599.4,5769.3,169.9,1297.5,27.5,1
3880,car,4.5,road_loopA_r0,road_loopA_r1,5628.1,5771.0,142.9,1298.3,32.7,1
3914,car,4.5,road_loopA_r0,road_loopA_r1,5649.8,5771.7,121.9,1298.5,38.4,1
3927,car,4.5,road_loopA_r0,road_loopA_r1,5656.7,5772.8,116.1,1298.4,40.3,15
3883,car,4.5,road_loopA_r0,road_loopA_r1,5629.2,5772.9,143.7,1297.9,32.5,1
3908,suv,4.8,road_loopA_r0,road_loopA_r1,5645.5,5773.1,127.6,1298.2,36.6,1
3923,suv,4.8,road_loopA_r0,road_loopA_r1,5653.5,5774.9,121.4,1297.8,38.5,1
3919,car,4.5,road_loopA_r0,road_loopA_r1,5651.5,5775.0,123.5,1298.1,37.8,1
3931,car,4.5,road_loopA_r0,road_loopA_r1,5660.0,5775.6,115.6,1298.3,40.4,19
3930,car,4.5,road_loopA_r0,road_loopA_r1,5659.7,5776.7,117.0,1297.6,39.9,0
3961,car,4.5,road_loopA_r0,road_loopA_r1,5680.4,5777.4,97.0,1298.1,48.2,0
3899,car,4.5,road_loopA_f0,road_loopA_f1,5640.2,5779.4,139.2,1303.8,33.7,1
3944,car,4.5,road_loopA_r0,road_loopA_r1,5670.6,5779.4,108.8,1298.0,42.9,0
3903,car,4.5,road_loopA_f0,road_loopA_f1,5642.4,5779.6,137.2,1303.1,34.2,1
3940,car,4.5,road_loopA_r0,road_loopA_r1,5668.2,5779.6,111.4,1298.4,42.0,0
3913,car,4.5,road_loopA_r0,road_loopA_r1,5648.9,5780.6,131.7,1298.2,35.5,0
3905,car,4.5,road_loopA_f0,road_loopA_f1,5644.8,5781.3,136.5,1302.8,34.4,1
3918,car,4.5,road_loopA_r0,road_loopA_r1,5651.1,5782.3,131.2,1297.4,35.6,0
3951,car,4.5,road_loopA_r0,road_loopA_r1,5675.0,5782.4,107.4,1298.5,43.5,0
3902,suv,4.8,road_loopA_f0,road_loopA_f1,5641.0,5784.4,143.4,1303.2,32.7,1
3938,suv,4.8,road_loopA_r0,road_loopA_r1,5666.7,5784.5,117.8,1297.9,39.7,0
3920,car,4.5,road_loopA_r0,road_loopA_r1,5652.0,5786.2,134.2,1297.5,34.8,1
3935,car,4.5,road_loopA_f0,xloopA_0Ab,5663.7,5786.6,122.9,505.2,14.8,1
3907,suv,4.8,road_loopA_f0,road_loopA_f1,5645.0,5786.8,141.8,1302.9,33.1,1
3946,truck,8.5,road_loopA_r0,road_loopA_r1,5671.7,5786.8,115.1,1297.9,40.6,0
3945,car,4.5,road_loopA_r0,road_loopA_r1,5671.2,5787.4,116.2,1297.7,40.2,0
3925,car,4.5,road_loopA_f0,road_loopA_f1,5655.3,5788.6,133.3,1302.8,35.2,1
3953,car,4.5,road_loopA_r0,road_loopA_r1,5676.7,5788.8,112.1,1297.8,41.7,0
3939,car,4.5,road_loopA_f0,xloopA_0Ab,5667.4,5789.2,121.8,505.1,14.9,1
3949,truck,8.5,road_loopA_r0,road_loopA_r1,5673.2,5789.8,116.6,1298.1,40.1,0
3911,suv,4.8,road_loopA_f0,road_loopA_f1,5646.2,5790.6,144.4,1303.3,32.5,1
3932,suv,4.8,road_loopA_f0,road_loopA_f1,5660.6,5791.3,130.7,1303.3,35.9,1
3950,suv,4.8,road_loopA_r0,road_loopA_r1,5674.8,5791.5,116.7,1297.2,40.0,0
3955,car,4.5,road_loopA_r0,road_loopA_r1,5678.3,5791.8,113.5,1297.5,41.2,0
3928,car,4.5,road_loopA_f0,road_loopA_f1,5658.2,5792.3,134.1,1303.8,35.0,1
3969,car,4.5,road_loopA_r0,road_loopA_r1,5687.5,5793.1,105.6,1297.5,44.2,0
3960,suv,4.8,road_loopA_r0,road_loopA_r1,5679.5,5793.4,113.9,1297.4,41.0,0
3942,car,4.5,road_loopA_f0,road_loopA_f1,5669.7,5794.0,124.3,1303.7,37.8,1
4044,suv,4.8,road_loopA_f0,xloopA_0Ab,5748.2,5794.8,46.6,505.7,39.1,0
3934,car,4.5,road_loopA_f0,road_loopA_f1,5663.4,5795.1,131.7,1302.8,35.6,1
3967,car,4.5,road_loopA_r0,road_loopA_r1,5685.1,5795.3,110.2,1297.6,42.4,0
3974,truck,8.5,road_loopA_r0,road_loopA_r1,5690.9,5795.4,104.5,1297.5,44.7,0
3954,car,4.5,road_loopA_f0,road_loopA_f1,5677.3,5795.8,118.5,1303.3,39.6,1
3984,car,4.5,road_loopA_r0,road_loopA_r1,5699.0,5796.8,97.8,1297.4,47.8,0
3973,car,4.5,road_loopA_r0,road_loopA_r1,5689.9,5797.1,107.2,1298.6,43.6,0
3978,suv,4.8,road_loopA_r0,road_loopA_r1,5695.1,5797.6,102.5,1297.4,45.6,0
3937,car,4.5,road_loopA_f0,road_loopA_f1,5665.2,5797.8,132.6,1304.1,35.4,1
3977,car,4.5,road_loopA_r0,road_loopA_r1,5694.8,5798.8,104.0,1297.7,44.9,0
3941,car,4.5,road_loopA_f0,road_loopA_f1,5669.0,5799.3,130.3,1303.0,36.0,1
3981,car,4.5,road_loopA_r0,road_loopA_r1,5697.6,5799.4,101.8,1297.8,45.9,0
3963,car,4.5,road_loopA_f0,road_loopA_f1,5680.8,5799.6,118.8,1304.0,39.5,1
3875,bus,11.0,road_loopA_r0,road_loopA_r1,5622.9,5800.5,177.6,1298.2,26.3,3
3972,truck,8.5,road_loopA_f0,road_loopA_f1,5689.7,5801.7,112.0,1303.0,41.9,0
3971,car,4.5,xloopA_0Ba,xloopA_0Bb,5689.7,5801.8,112.1,84.5,2.7,1
3985,suv,4.8,road_loopA_r0,road_loopA_r1,5699.2,5802.8,103.6,1297.7,45.1,0
3979,truck,8.5,road_loopA_r0,road_loopA_r1,5696.5,5802.9,106.4,1297.7,43.9,0
3891,car,4.5,xloopA_0Aa,xloopA_0Ab,5632.2,5802.9,170.7,84.5,1.8,1
3948,suv,4.8,road_loopA_f0,road_loopA_f1,5672.7,5804.0,131.3,1303.7,35.8,1
4018,car,4.5,xloopA_0Ba,xloopA_0Bb,5728.8,5804.3,75.5,84.4,4.0,1
3995,car,4.5,road_loopA_r0,road_loopA_r1,5708.1,5804.5,96.4,1297.9,48.5,0
3915,car,4.5,road_loopA_f0,road_loopA_f1,5650.9,5804.8,153.9,1303.3,30.5,1
3952,car,4.5,xloopA_0Aa,xloopA_0Ab,5675.4,5804.9,129.5,84.1,2.3,1
3983,car,4.5,road_loopA_r0,road_loopA_r1,5698.4,5805.0,106.6,1298.5,43.9,0
4063,car,4.5,xloopA_0Ba,xloopA_0Bb,5764.7,5806.4,41.7,84.4,7.3,1
3947,car,4.5,road_loopA_f0,road_loopA_f1,5672.6,5806.7,134.1,1302.8,35.0,1
3994,car,4.5,road_loopA_r0,road_loopA_r1,5708.0,5806.7,98.7,1297.8,47.3,0
3943,car,4.5,road_loopA_f0,road_loopA_f1,5670.0,5807.1,137.1,1303.1,34.2,1
3957,car,4.5,xloopA_0Aa,xloopA_0Ab,5678.7,5807.2,128.5,84.4,2.4,1
3956,car,4.5,road_loopA_r0,road_loopA_r1,5678.7,5808.0,129.3,1298.0,36.1,0
3986,suv,4.8,road_loopA_r0,road_loopA_r1,5699.5,5808.4,108.9,1298.3,42.9,0
3975,suv,4.8,road_loopA_f0,road_loopA_f1,5692.3,5808.5,116.2,1303.2,40.4,0
4069,car,4.5,xloopA_0Ba,xloopA_0Bb,5768.3,5808.5,40.2,84.3,7.5,0
3965,car,4.5,xloopA_0Aa,xloopA_0Ab,5681.3,5809.6,128.3,84.1,2.4,0
3962,car,4.5,road_loopA_f0,road_loopA_f1,5680.5,5809.9,129.4,1304.0,36.3,1
3987,car,4.5,road_loopA_f0,road_loopA_f1,5699.7,5810.3,110.6,1303.6,42.4,0
4087,car,4.5,xloopA_0Ba,xloopA_0Bb,5791.6,5810.5,18.9,84.3,16.1,0
3774,car,4.5,xloopA_0Aa,road_loopA_f1,5513.4,5811.6,298.2,872.6,10.5,1
3968,car,4.5,road_loopA_f0,road_loopA_f1,5686.1,5814.2,128.1,1303.5,36.6,0
3980,car,4.5,road_loopA_f0,road_loopA_f1,5696.6,5814.8,118.2,1303.1,39.7,0
3906,suv,4.8,road_loopA_f0,road_loopA_f1,5644.9,5815.7,170.8,1303.0,27.5,1
3991,suv,4.8,road_loopA_f0,road_loopA_f1,5703.8,5816.2,112.4,1303.3,41.7,0
3933,car,4.5,road_loopA_f0,road_loopA_f1,5661.8,5817.3,155.5,1302.9,30.2,1
3993,car,4.5,road_loopA_f0,road_loopA_f1,5707.6,5817.3,109.7,1303.1,42.8,0
3958,car,4.5,road_loopA_r0,xloopA_0Ab,5679.3,5818.0,138.7,869.1,22.6,2
3996,car,4.5,road_loopA_f0,road_loopA_f1,5709.7,5818.8,109.1,1303.8,43.0,0
3982,car,4.5,road_loopA_f0,road_loopA_f1,5698.1,5819.5,121.4,1303.3,38.7,0
4002,car,4.5,road_loopA_f0,road_loopA_f1,5714.2,5820.4,106.2,1303.9,44.2,0
4001,truck,8.5,road_loopA_f0,road_loopA_f1,5713.5,5821.7,108.2,1302.8,43.3,0
3992,car,4.5,road_loopA_f0,road_loopA_f1,5704.1,5822.1,118.0,1303.0,39.8,0
4003,car,4.5,road_loopA_f0,road_loopA_f1,5714.9,5823.8,108.9,1303.3,43.1,0
4016,car,4.5,road_loopA_f0,road_loopA_f1,5722.3,5823.9,101.6,1303.5,46.2,0
4005,car,4.5,road_loopA_f0,road_loopA_f1,5715.2,5825.6,110.4,1303.3,42.5,0
4025,car,4.5,road_loopA_f0,road_loopA_f1,5735.7,5825.9,90.2,1303.0,52.0,0
3904,car,4.5,xloopA_0Ba,road_loopA_f1,5643.3,5826.2,182.9,902.7,17.8,1
4062,car,4.5,road_loopA_f0,xloopA_0Bb,5763.0,5826.2,63.2,478.7,27.3,1
3909,bus,11.0,road_loopA_r0,road_loopA_r1,5645.8,5827.3,181.5,1298.2,25.7,3
4012,car,4.5,road_loopA_f0,road_loopA_f1,5720.2,5827.4,107.2,1304.0,43.8,0
3922,car,4.5,road_loopA_f0,road_loopA_f1,5652.6,5827.9,175.3,1303.2,26.8,1
4023,suv,4.8,road_loopA_f0,road_loopA_f1,5731.9,5828.8,96.9,1303.8,48.4,0
4019,suv,4.8,road_loopA_f0,road_loopA_f1,5729.6,5829.2,99.6,1303.9,47.1,0
4017,truck,8.5,road_loopA_r0,xloopA_0Ab,5727.9,5829.6,101.7,869.4,30.8,0
3976,car,4.5,road_loopA_f0,road_loopA_f1,5693.3,5829.8,136.5,1303.6,34.4,0
4024,car,4.5,road_loopA_f0,road_loopA_f1,5735.2,5830.6,95.4,1303.5,49.2,0
4029,car,4.5,road_loopA_f0,road_loopA_f1,5737.7,5831.0,93.3,1303.8,50.3,0
3989,truck,8.5,road_loopA_f0,road_loopA_f1,5701.7,5832.0,130.3,1303.3,36.0,0
4032,suv,4.8,road_loopA_f0,road_loopA_f1,5738.7,5832.8,94.1,1304.1,49.9,0
4004,car,4.5,road_loopA_f0,road_loopA_f1,5715.0,5834.2,119.2,1303.7,39.4,0
4008,car,4.5,road_loopA_f0,road_loopA_f1,5717.8,5834.3,116.5,1303.1,40.3,0
4007,car,4.5,road_loopA_f0,road_loopA_f1,5717.6,5836.1,118.5,1303.4,39.6,0
4038,truck,8.5,road_loopA_r0,xloopA_0Ab,5742.9,5838.1,95.2,869.0,32.9,0
4020,suv,4.8,road_loopA_f0,road_loopA_f1,5729.8,5844.1,114.3,1303.9,41.1,0
3998,car,4.5,road_loopA_r0,road_loopA_r1,5711.4,5844.8,133.4,1298.4,35.1,1
3997,car,4.5,road_loopA_r0,road_loopA_r1,5709.7,5845.2,135.5,1297.3,34.5,1
4078,car,4.5,road_loopA_r0,xloopA_0Ab,5776.2,5846.8,70.6,869.1,44.3,0
4009,truck,8.5,road_loopA_r0,road_loopA_r1,5717.8,5848.3,130.5,1297.3,35.8,1
4011,suv,4.8,road_loopA_r0,road_loopA_r1,5719.9,5851.1,131.2,1297.3,35.6,1
3999,suv,4.8,road_loopA_r0,road_loopA_r1,5712.5,5851.3,138.8,1297.7,33.7,1
4000,car,4.5,road_loopA_r0,road_loopA_r1,5713.0,5851.5,138.5,1297.8,33.7,1
3936,bus,11.0,road_loopA_f0,road_loopA_f1,5664.0,5851.8,187.8,1302.8,25.0,3
3926,bus,11.0,road_loopA_f0,road_loopA_f1,5655.7,5852.5,196.8,1303.5,23.8,3
4006,suv,4.8,road_loopA_r0,road_loopA_r1,5717.1,5853.0,135.9,1298.3,34.4,1
4010,car,4.5,road_loopA_r0,road_loopA_r1,5719.5,5853.3,133.8,1297.7,34.9,1
4014,car,4.5,road_loopA_r0,road_loopA_r1,5720.7,5854.8,134.1,1298.5,34.9,1
4027,car,4.5,road_loopA_r0,road_loopA_r1,5737.4,5855.3,117.9,1298.2,39.6,1
4021,car,4.5,road_loopA_r0,road_loopA_r1,5729.9,5856.5,126.6,1297.7,36.9,1
4013,truck,8.5,road_loopA_r0,road_loopA_r1,5720.4,5856.8,136.4,1297.3,34.2,1
4028,car,4.5,road_loopA_r0,road_loopA_r1,5737.4,5857.0,119.6,1297.4,39.1,1
4033,car,4.5,road_loopA_r0,road_loopA_r1,5739.3,5858.3,119.0,1298.4,39.3,0
4037,car,4.5,road_loopA_r0,road_loopA_r1,5742.9,5858.7,115.8,1297.3,40.3,1
4068,car,4.5,road_loopA_r0,xloopA_0Ab,5768.1,5859.3,91.2,868.9,34.3,1
4036,car,4.5,road_loopA_r0,road_loopA_r1,5741.7,5860.1,118.4,1298.5,39.5,0
4056,suv,4.8,road_loopA_r0,road_loopA_r1,5755.0,5860.9,105.9,1297.3,44.1,0
4042,car,4.5,road_loopA_r0,road_loopA_r1,5746.9,5861.9,115.0,1298.5,40.7,0
4054,truck,8.5,road_loopA_r0,road_loopA_r1,5753.8,5865.0,111.2,1298.1,42.0,0
4045,car,4.5,road_loopA_r0,road_loopA_r1,5748.7,5865.3,116.6,1297.9,40.1,0
4030,suv,4.8,road_loopA_r0,road_loopA_r1,5737.7,5865.5,127.8,1297.6,36.6,1
4071,car,4.5,road_loopA_r0,road_loopA_r1,5770.0,5867.1,97.1,1297.8,48.1,0
4035,suv,4.8,road_loopA_r0,road_loopA_r1,5739.9,5867.4,127.5,1297.9,36.6,0
4057,truck,8.5,road_loopA_r0,road_loopA_r1,5755.9,5867.7,111.8,1297.3,41.8,0
4061,truck,8.5,road_loopA_r0,road_loopA_r1,5762.5,5870.2,107.7,1298.1,43.4,0
4043,car,4.5,road_loopA_f0,road_loopA_f1,5747.2,5872.3,125.1,1303.7,37.5,1
4031,suv,4.8,road_loopA_f0,road_loopA_f1,5738.2,5872.4,134.2,1302.8,35.0,1
4066,car,4.5,road_loopA_r0,road_loopA_r1,5767.6,5872.4,104.8,1297.6,44.6,0
4039,car,4.5,road_loopA_r0,road_loopA_r1,5744.0,5873.0,129.0,1297.6,36.2,0
4073,truck,8.5,road_loopA_r0,road_loopA_r1,5772.1,5873.9,101.8,1297.3,45.9,0
4040,car,4.5,road_loopA_f0,road_loopA_f1,5745.8,5874.2,128.4,1303.1,36.5,1
4072,car,4.5,road_loopA_r0,road_loopA_r1,5771.9,5874.3,102.4,1298.2,45.6,0
4049,car,4.5,road_loopA_f0,road_loopA_f1,5751.4,5875.0,123.6,1303.4,38.0,1
4060,truck,8.5,road_loopA_r0,road_loopA_r1,5762.4,5875.2,112.8,1298.0,41.4,0
4074,car,4.5,road_loopA_r0,road_loopA_r1,5773.1,5876.0,102.9,1298.1,45.4,0
3916,car,4.5,road_loopA_r0,road_loopA_r1,5650.9,5876.7,225.8,1297.3,20.7,1
4051,suv,4.8,road_loopA_f0,road_loopA_f1,5753.1,5877.1,124.0,1303.5,37.8,1
4080,suv,4.8,road_loopA_r0,road_loopA_r1,5777.2,5877.2,100.0,1297.5,46.7,0
4026,car,4.5,road_loopA_f0,road_loopA_f1,5736.9,5877.8,140.9,1303.7,33.3,1
4046,suv,4.8,road_loopA_f0,road_loopA_f1,5749.7,5878.4,128.7,1303.5,36.5,1
3970,suv,4.8,road_loopA_r0,xloopA_0Bb,5688.0,5879.7,191.7,895.3,16.8,2
7,tram,34.0,loopB,loopB,1695.5,5879.9,4184.4,33673.3,29.0,40
4048,car,4.5,road_loopA_f0,road_loopA_f1,5749.8,5880.1,130.3,1303.4,36.0,1
4075,suv,4.8,road_loopA_f0,xloopA_0Ab,5774.0,5880.1,106.1,504.9,17.1,1
4058,suv,4.8,road_loopA_f0,road_loopA_f1,5761.0,5880.3,119.3,1303.4,39.3,1
4022,car,4.5,road_loopA_r0,xloopA_0Bb,5731.2,5882.2,151.0,895.4,21.3,2
4083,car,4.5,road_loopA_f0,xloopA_0Ab,5779.9,5882.8,102.9,505.4,17.7,1
4065,car,4.5,road_loopA_f0,road_loopA_f1,5766.1,5884.2,118.1,1304.2,39.8,1
4041,car,4.5,road_loopA_r0,xloopA_0Bb,5746.6,5884.9,138.3,895.6,23.3,2
4047,car,4.5,road_loopA_f0,road_loopA_f1,5749.7,5884.9,135.2,1303.7,34.7,1
4079,car,4.5,road_loopA_f0,road_loopA_f1,5776.7,5885.8,109.1,1302.8,43.0,1
4052,suv,4.8,road_loopA_f0,road_loopA_f1,5753.1,5886.0,132.9,1303.5,35.3,1
4053,car,4.5,road_loopA_f0,road_loopA_f1,5753.8,5886.6,132.8,1303.8,35.3,1
4082,car,4.5,road_loopA_r0,xloopA_0Bb,5779.7,5887.6,107.9,895.8,29.9,1
4055,car,4.5,road_loopA_f0,road_loopA_f1,5754.9,5887.7,132.8,1303.9,35.3,1
4070,car,4.5,road_loopA_f0,road_loopA_f1,5769.3,5888.5,119.2,1303.7,39.4,1
4086,car,4.5,road_loopA_r0,road_loopA_r1,5782.2,5888.7,106.5,1297.8,43.9,0
4059,car,4.5,road_loopA_f0,road_loopA_f1,5762.2,5889.4,127.2,1303.1,36.9,1
4067,car,4.5,road_loopA_f0,road_loopA_f1,5767.8,5891.2,123.4,1303.9,38.0,1
4092,car,4.5,road_loopA_f0,road_loopA_f1,5798.8,5892.1,93.3,1303.7,50.3,0
4097,suv,4.8,road_loopA_f0,road_loopA_f1,5803.2,5894.9,91.7,1302.8,51.2,0
4096,car,4.5,xloopA_0Ba,xloopA_0Bb,5802.7,5895.0,92.3,84.6,3.3,1
4090,car,4.5,road_loopA_f0,road_loopA_f1,5796.1,5896.5,100.4,1304.1,46.8,0
4015,bus,11.0,road_loopA_r0,road_loopA_r1,5721.7,5897.0,175.3,1297.6,26.6,2
3990,car,4.5,xloopA_0Aa,xloopA_0Ab,5702.5,5897.0,194.5,84.3,1.6,1
4099,car,4.5,xloopA_0Ba,xloopA_0Bb,5806.0,5897.1,91.1,84.5,3.3,1
4050,car,4.5,xloopA_0Aa,xloopA_0Ab,5752.0,5899.1,147.1,84.1,2.1,1
4091,suv,4.8,road_loopA_f0,road_loopA_f1,5796.9,5900.2,103.3,1303.2,45.4,0
4123,car,4.5,xloopA_0Ba,xloopA_0Bb,5830.9,5900.6,69.7,84.2,4.3,1
4076,car,4.5,xloopA_0Aa,xloopA_0Ab,5774.8,5901.3,126.5,84.1,2.4,0
4084,car,4.5,road_loopA_r0,road_loopA_r1,5781.5,5902.2,120.7,1298.0,38.7,0
4129,car,4.5,xloopA_0Ba,xloopA_0Bb,5837.7,5902.8,65.1,84.5,4.7,0
4133,car,4.5,xloopA_0Ba,xloopA_0Bb,5838.0,5904.8,66.8,84.5,4.6,0
4098,suv,4.8,road_loopA_f0,road_loopA_f1,5804.4,5904.9,100.5,1303.9,46.7,0
4108,car,4.5,road_loopA_f0,road_loopA_f1,5815.5,5909.3,93.8,1303.2,50.0,0
4111,car,4.5,road_loopA_f0,road_loopA_f1,5819.4,5910.5,91.1,1303.8,51.5,0
4077,car,4.5,road_loopA_f0,road_loopA_f1,5775.4,5911.7,136.3,1303.5,34.4,0
4112,car,4.5,road_loopA_f0,road_loopA_f1,5820.4,5911.9,91.5,1303.3,51.3,0
4109,car,4.5,road_loopA_f0,road_loopA_f1,5816.5,5912.4,95.9,1303.6,49.0,0
4064,bus,11.0,road_loopA_f0,road_loopA_f1,5765.5,5913.8,148.3,1303.7,31.7,2
4088,car,4.5,road_loopA_r0,xloopA_0Ab,5793.4,5917.3,123.9,868.8,25.2,2
4034,bus,11.0,road_loopA_f0,road_loopA_f1,5739.3,5917.7,178.4,1303.4,26.3,2
4132,car,4.5,road_loopA_f0,xloopA_0Bb,5837.9,5920.0,82.1,478.8,21.0,2
4170,car,4.5,road_loopA_f0,xloopA_0Bb,5866.2,5923.7,57.5,478.8,30.0,1
4124,suv,4.8,road_loopA_f0,road_loopA_f1,5830.9,5924.4,93.5,1303.4,50.2,0
4121,truck,8.5,road_loopA_f0,road_loopA_f1,5830.1,5925.6,95.5,1303.6,49.1,0
4110,car,4.5,road_loopA_f0,road_loopA_f1,5817.0,5928.6,111.6,1303.4,42.0,0
4120,car,4.5,road_loopA_f0,road_loopA_f1,5830.0,5931.4,101.4,1304.0,46.3,0
4192,truck,8.5,road_loopA_f0,xloopA_0Bb,5884.9,5932.8,47.9,479.1,36.0,0
4095,suv,4.8,road_loopA_r0,road_loopA_r1,5802.4,5939.3,136.9,1297.9,34.1,1
4085,bus,11.0,road_loopA_f0,road_loopA_f1,5781.5,5939.4,157.9,1303.2,29.7,1
4105,car,4.5,road_loopA_r0,road_loopA_r1,5812.7,5942.2,129.5,1298.3,36.1,1
4089,car,4.5,road_loopA_r0,road_loopA_r1,5795.0,5942.8,147.8,1297.4,31.6,1
4094,truck,8.5,road_loopA_r0,road_loopA_r1,5800.6,5943.4,142.8,1298.1,32.7,1
4106,suv,4.8,road_loopA_r0,road_loopA_r1,5813.3,5945.3,132.0,1297.7,35.4,1
4113,car,4.5,road_loopA_r0,road_loopA_r1,5821.3,5946.6,125.3,1298.5,37.3,1
4114,car,4.5,road_loopA_r0,road_loopA_r1,5822.2,5947.3,125.1,1298.6,37.4,1
4100,suv,4.8,road_loopA_r0,road_loopA_r1,5806.1,5948.4,142.3,1298.4,32.8,1
4116,car,4.5,road_loopA_r0,road_loopA_r1,5824.1,5949.5,125.4,1297.3,37.2,1
4107,car,4.5,road_loopA_r0,road_loopA_r1,5813.5,5951.6,138.1,1298.4,33.9,1
4153,car,4.5,road_loopA_r0,xloopA_0Ab,5855.7,5952.5,96.8,869.2,32.3,1
4126,suv,4.8,road_loopA_r0,road_loopA_r1,5832.2,5952.9,120.7,1298.6,38.7,1
4103,suv,4.8,road_loopA_r0,road_loopA_r1,5810.4,5954.4,144.0,1297.9,32.4,1
4216,car,4.5,road_loopA_f0,xloopA_0Bb,5914.9,5955.0,40.1,478.5,42.9,0
4130,car,4.5,road_loopA_r0,road_loopA_r1,5837.7,5956.9,119.2,1297.8,39.2,1
4190,truck,8.5,road_loopA_r0,xloopA_0Ab,5881.4,5957.3,75.9,869.0,41.2,0
4142,car,4.5,road_loopA_r0,road_loopA_r1,5846.0,5960.1,114.1,1298.1,41.0,0
4102,car,4.5,road_loopA_r0,road_loopA_r1,5810.4,5963.5,153.1,1298.2,30.5,1
4093,suv,4.8,road_loopA_r0,road_loopA_r1,5799.3,5964.0,164.7,1298.3,28.4,1
4137,car,4.5,road_loopA_r0,road_loopA_r1,5843.2,5965.1,121.9,1297.8,38.3,1
4140,car,4.5,road_loopA_r0,road_loopA_r1,5845.1,5965.8,120.7,1298.0,38.7,0
4156,car,4.5,road_loopA_r0,road_loopA_r1,5857.4,5966.8,109.4,1298.5,42.7,0
4166,suv,4.8,road_loopA_r0,road_loopA_r1,5865.2,5967.6,102.4,1298.0,45.6,0
4171,car,4.5,road_loopA_r0,road_loopA_r1,5866.2,5969.3,103.1,1297.4,45.3,0
4131,car,4.5,road_loopA_f0,road_loopA_f1,5837.8,5969.8,132.0,1303.4,35.6,1
4185,suv,4.8,road_loopA_r0,road_loopA_r1,5878.2,5970.9,92.7,1298.6,50.4,0
4151,car,4.5,road_loopA_r0,road_loopA_r1,5854.1,5971.1,117.0,1298.3,40.0,0
4081,car,4.5,xloopA_0Aa,road_loopA_r1,5778.1,5971.8,193.7,506.7,9.4,0
4189,car,4.5,road_loopA_r0,xloopA_0Bb,5880.2,5973.0,92.8,895.4,34.8,1
4101,car,4.5,road_loopA_r0,road_loopA_r1,5807.0,5973.5,166.5,1298.3,28.1,1
4157,car,4.5,road_loopA_f0,xloopA_0Ab,5857.7,5973.6,115.9,505.1,15.7,1
4174,suv,4.8,road_loopA_r0,road_loopA_r1,5868.2,5973.7,105.5,1298.5,44.3,0
4104,car,4.5,road_loopA_r0,road_loopA_r1,5812.1,5975.1,163.0,1297.8,28.7,1
4168,car,4.5,road_loopA_r0,road_loopA_r1,5865.4,5975.4,110.0,1298.3,42.5,0
4139,suv,4.8,road_loopA_f0,road_loopA_f1,5845.0,5975.7,130.7,1303.0,35.9,1
4162,car,4.5,road_loopA_r0,road_loopA_r1,5863.1,5975.9,112.8,1297.9,41.4,0
4164,car,4.5,road_loopA_f0,xloopA_0Ab,5864.4,5976.2,111.8,505.1,16.3,1
4115,car,4.5,road_loopA_r0,road_loopA_r1,5824.0,5976.7,152.7,1297.5,30.6,1
4127,car,4.5,road_loopA_f0,road_loopA_f1,5833.8,5976.7,142.9,1303.4,32.8,1
4146,car,4.5,road_loopA_f0,road_loopA_f1,5850.0,5977.0,127.0,1303.4,36.9,1
4141,car,4.5,road_loopA_r0,road_loopA_r1,5845.1,5977.9,132.8,1298.4,35.2,0
4144,truck,8.5,road_loopA_f0,road_loopA_f1,5848.2,5977.9,129.7,1303.1,36.2,1
4118,suv,4.8,road_loopA_r0,road_loopA_r1,5825.8,5978.4,152.6,1298.5,30.6,1
4169,car,4.5,road_loopA_f0,xloopA_0Ab,5866.0,5978.9,112.9,505.3,16.1,1
4119,car,4.5,road_loopA_r0,road_loopA_r1,5826.8,5980.0,153.2,1297.6,30.5,1
4150,car,4.5,road_loopA_f0,road_loopA_f1,5853.7,5980.0,126.3,1302.9,37.1,1
4134,car,4.5,road_loopA_r0,road_loopA_r1,5840.3,5980.2,139.9,1298.7,33.4,1
4220,car,4.5,road_loopA_f0,xloopA_0Ab,5917.4,5981.5,64.1,505.0,28.4,1
4154,suv,4.8,road_loopA_f0,road_loopA_f1,5856.9,5981.6,124.7,1302.9,37.6,1
4122,car,4.5,road_loopA_r0,road_loopA_r1,5830.1,5981.7,151.6,1297.8,30.8,1
4179,car,4.5,road_loopA_r0,road_loopA_r1,5873.5,5982.7,109.2,1297.9,42.8,0
4128,suv,4.8,road_loopA_r0,road_loopA_r1,5836.4,5983.4,147.0,1297.5,31.8,1
4165,car,4.5,road_loopA_f0,road_loopA_f1,5865.0,5983.5,118.5,1304.1,39.6,1
4152,car,4.5,road_loopA_f0,road_loopA_f1,5854.7,5983.6,128.9,1303.7,36.4,1
4125,truck,8.5,road_loopA_f0,road_loopA_f1,5831.8,5984.4,152.6,1302.8,30.7,1
4193,car,4.5,road_loopA_r0,road_loopA_r1,5887.3,5985.1,97.8,1298.5,47.8,0
4138,suv,4.8,road_loopA_r0,road_loopA_r1,5844.5,5985.3,140.8,1298.3,33.2,1
4159,car,4.5,road_loopA_f0,road_loopA_f1,5858.5,5986.3,127.8,1304.0,36.7,1
4148,car,4.5,road_loopA_f0,road_loopA_f1,5852.0,5986.5,134.5,1303.7,34.9,1
4155,suv,4.8,road_loopA_f0,road_loopA_f1,5857.4,5986.7,129.3,1304.0,36.3,1
4160,car,4.5,xloopA_0Ba,xloopA_0Bb,5861.5,5988.1,126.6,84.8,2.4,1
4198,suv,4.8,road_loopA_r0,road_loopA_r1,5899.0,5988.1,89.1,1298.2,52.4,0
4176,car,4.5,road_loopA_f0,road_loopA_f1,5870.9,5988.2,117.3,1303.4,40.0,0
4136,car,4.5,xloopA_0Aa,xloopA_0Ab,5841.8,5988.5,146.7,84.7,2.1,1
4147,car,4.5,road_loopA_f0,road_loopA_f1,5850.5,5989.1,138.6,1304.2,33.9,1
4182,car,4.5,road_loopA_f0,road_loopA_f1,5875.6,5989.9,114.3,1302.9,41.0,0
4161,car,4.5,xloopA_0Ba,xloopA_0Bb,5862.1,5991.1,129.0,84.1,2.3,1
4181,car,4.5,xloopA_0Aa,xloopA_0Ab,5874.2,5991.3,117.1,84.1,2.6,1
4135,suv,4.8,road_loopA_f0,road_loopA_f1,5840.8,5991.7,150.9,1304.0,31.1,1
4177,car,4.5,road_loopA_f0,road_loopA_f1,5873.3,5992.1,118.8,1303.0,39.5,0
4194,car,4.5,xloopA_0Aa,xloopA_0Ab,5888.5,5993.6,105.1,84.5,2.9,1
4188,car,4.5,xloopA_0Ba,xloopA_0Bb,5880.2,5993.6,113.4,84.6,2.7,1
4178,car,4.5,road_loopA_f0,road_loopA_f1,5873.6,5994.6,121.0,1302.8,38.8,0
4238,car,4.5,xloopA_0Aa,xloopA_0Ab,5932.5,5995.7,63.2,84.4,4.8,0
4196,car,4.5,xloopA_0Ba,xloopA_0Bb,5894.0,5995.8,101.8,84.7,3.0,0
4187,car,4.5,road_loopA_f0,road_loopA_f1,5879.8,5996.7,116.9,1304.1,40.1,0
4158,suv,4.8,road_loopA_f0,road_loopA_f1,5858.2,5997.1,138.9,1303.6,33.8,1
4117,bus,11.0,road_loopA_f0,road_loopA_f1,5824.6,5997.7,173.1,1302.8,27.1,2
4200,car,4.5,xloopA_0Ba,xloopA_0Bb,5901.6,5998.1,96.5,84.5,3.2,0
4239,car,4.5,xloopA_0Aa,xloopA_0Ab,5933.1,5998.2,65.1,84.5,4.7,0
4173,car,4.5,road_loopA_f0,road_loopA_f1,5866.7,5998.9,132.2,1303.5,35.5,1
8,tram,34.0,loopA,loopA,1738.9,5999.2,4260.3,33702.3,28.5,40
4204,car,4.5,road_loopA_f0,road_loopA_f1,5905.1,5999.8,94.7,1302.9,49.5,0
4175,car,4.5,road_loopA_r0,road_loopA_r1,5869.0,6000.1,131.1,1297.5,35.6,0
4180,car,4.5,road_loopA_f0,road_loopA_f1,5874.1,6000.8,126.7,1303.4,37.0,0
4214,car,4.5,road_loopA_f0,road_loopA_f1,5911.6,6002.0,90.4,1302.8,51.9,0
4184,car,4.5,road_loopA_f0,road_loopA_f1,5877.1,6002.6,125.5,1303.8,37.4,0
4186,car,4.5,road_loopA_f0,road_loopA_f1,5878.6,6004.2,125.6,1302.8,37.3,1
4234,car,4.5,road_loopA_f0,xloopA_0Bb,5929.8,6004.3,74.5,478.7,23.1,1
4215,car,4.5,road_loopA_f0,road_loopA_f1,5913.0,6005.1,92.1,1303.3,51.0,0
3988,car,4.5,xloopA_0Aa,road_loopA_f1,5701.1,6005.9,304.8,872.5,10.3,1
4195,suv,4.8,road_loopA_f0,road_loopA_f1,5889.1,6006.6,117.5,1302.9,39.9,0
4143,car,4.5,road_loopA_f0,road_loopA_f1,5846.0,6007.5,161.5,1302.9,29.0,1
4213,car,4.5,road_loopA_f0,road_loopA_f1,5910.1,6008.0,97.9,1303.4,47.9,0
4201,truck,8.5,road_loopA_f0,road_loopA_f1,5901.8,6008.9,107.1,1303.5,43.8,0
4145,car,4.5,road_loopA_f0,road_loopA_f1,5849.2,6009.2,160.0,1303.5,29.3,1
4149,car,4.5,road_loopA_f0,road_loopA_f1,5853.4,6010.8,157.4,1303.1,29.8,1
4224,car,4.5,road_loopA_f0,road_loopA_f1,5919.0,6010.8,91.8,1303.4,51.1,0
4203,car,4.5,road_loopA_f0,road_loopA_f1,5902.5,6010.9,108.4,1303.6,43.3,0
4252,car,4.5,road_loopA_f0,xloopA_0Bb,5939.1,6012.4,73.3,478.5,23.5,2
4163,car,4.5,road_loopA_f0,road_loopA_f1,5863.8,6012.5,148.7,1303.6,31.6,1
4199,car,4.5,road_loopA_f0,road_loopA_f1,5900.8,6012.6,111.8,1303.3,42.0,0
4226,car,4.5,road_loopA_f0,road_loopA_f1,5920.2,6013.5,93.3,1303.6,50.3,0
4172,car,4.5,road_loopA_f0,road_loopA_f1,5866.5,6014.2,147.7,1303.9,31.8,1
4218,truck,8.5,road_loopA_f0,road_loopA_f1,5915.2,6014.6,99.4,1303.1,47.2,0
4227,suv,4.8,road_loopA_f0,road_loopA_f1,5922.8,6016.4,93.6,1303.9,50.2,0
4167,truck,8.5,road_loopA_f0,road_loopA_f1,5865.4,6016.8,151.4,1303.3,31.0,0
4183,car,4.5,road_loopA_f0,road_loopA_f1,5875.8,6017.5,141.7,1303.3,33.1,0
4221,car,4.5,road_loopA_f0,road_loopA_f1,5917.8,6018.9,101.1,1303.6,46.4,0
4202,car,4.5,road_loopA_f0,road_loopA_f1,5902.1,6019.9,117.8,1303.2,39.8,0
4191,car,4.5,road_loopA_f0,road_loopA_f1,5884.9,6020.4,135.5,1303.1,34.6,0
4229,car,4.5,road_loopA_f0,road_loopA_f1,5926.5,6020.4,93.9,1304.1,50.0,0
4293,suv,4.8,road_loopA_f0,xloopA_0Bb,5982.1,6024.1,42.0,479.1,41.1,0
4205,car,4.5,road_loopA_r0,road_loopA_r1,5906.0,6029.1,123.1,1298.0,38.0,1
4206,car,4.5,road_loopA_r0,road_loopA_r1,5907.7,6030.7,123.0,1298.7,38.0,1
4225,car,4.5,road_loopA_f0,road_loopA_f1,5919.9,6031.0,111.1,1303.2,42.2,0
4211,suv,4.8,road_loopA_r0,road_loopA_r1,5909.4,6032.1,122.7,1298.0,38.1,1
4197,suv,4.8,road_loopA_r0,road_loopA_r1,5897.3,6032.5,135.2,1298.1,34.6,1
4208,car,4.5,road_loopA_r0,road_loopA_r1,5908.5,6034.2,125.7,1298.1,37.2,1
4210,suv,4.8,road_loopA_r0,road_loopA_r1,5908.7,6034.9,126.2,1298.4,37.0,1
4219,truck,8.5,road_loopA_r0,road_loopA_r1,5917.0,6037.7,120.7,1297.7,38.7,1
4209,suv,4.8,road_loopA_r0,road_loopA_r1,5908.7,6038.8,130.1,1298.0,35.9,1
4222,suv,4.8,road_loopA_r0,road_loopA_r1,5917.8,6040.0,122.2,1297.7,38.2,1
4231,car,4.5,road_loopA_r0,road_loopA_r1,5927.1,6040.5,113.4,1298.4,41.2,1
4212,truck,8.5,road_loopA_r0,road_loopA_r1,5909.4,6040.7,131.3,1298.1,35.6,1
4314,car,4.5,road_loopA_f0,xloopA_0Bb,6002.4,6042.4,40.0,478.8,43.1,0
4235,suv,4.8,road_loopA_r0,road_loopA_r1,5931.6,6043.3,111.7,1297.3,41.8,0
4232,car,4.5,road_loopA_r0,road_loopA_r1,5928.6,6043.7,115.1,1298.2,40.6,0
4244,car,4.5,road_loopA_r0,road_loopA_r1,5935.3,6045.1,109.8,1297.6,42.5,0
4247,car,4.5,road_loopA_r0,road_loopA_r1,5937.2,6045.1,107.9,1298.0,43.3,1
4248,car,4.5,road_loopA_r0,road_loopA_r1,5937.9,6047.0,109.1,1297.8,42.8,0
4243,car,4.5,road_loopA_r0,road_loopA_r1,5935.2,6047.1,111.9,1297.6,41.7,0
4251,car,4.5,road_loopA_r0,road_loopA_r1,5939.0,6048.4,109.4,1298.1,42.7,0
4254,car,4.5,road_loopA_r0,road_loopA_r1,5941.1,6048.7,107.6,1297.5,43.4,0
4257,car,4.5,road_loopA_r0,road_loopA_r1,5943.7,6049.5,105.8,1297.5,44.1,0
4253,car,4.5,road_loopA_r0,road_loopA_r1,5940.3,6050.2,109.9,1298.0,42.5,0
4260,car,4.5,road_loopA_r0,road_loopA_r1,5946.8,6051.2,104.4,1298.0,44.8,0
4255,car,4.5,road_loopA_r0,road_loopA_r1,5941.1,6052.7,111.6,1298.0,41.9,0
4264,suv,4.8,road_loopA_r0,road_loopA_r1,5951.2,6053.0,101.8,1298.1,45.9,0
4268,suv,4.8,road_loopA_r0,road_loopA_r1,5953.0,6054.8,101.8,1297.9,45.9,0
4258,truck,8.5,road_loopA_r0,road_loopA_r1,5945.1,6054.9,109.8,1298.1,42.6,0
4265,car,4.5,road_loopA_r0,road_loopA_r1,5951.6,6055.9,104.3,1297.4,44.8,0
4274,car,4.5,road_loopA_r0,xloopA_0Ab,5961.9,6056.8,94.9,869.1,33.0,1
4272,car,4.5,road_loopA_r0,road_loopA_r1,5955.0,6056.9,101.9,1297.6,45.8,0
4270,car,4.5,road_loopA_r0,road_loopA_r1,5953.5,6057.6,104.1,1297.6,44.9,0
4230,car,4.5,road_loopA_f0,road_loopA_f1,5926.9,6057.9,131.0,1303.6,35.8,1
4236,car,4.5,road_loopA_f0,road_loopA_f1,5932.3,6058.1,125.8,1303.9,37.3,1
4271,car,4.5,road_loopA_r0,road_loopA_r1,5954.3,6059.4,105.1,1297.2,44.4,0
4266,car,4.5,road_loopA_r0,road_loopA_r1,5952.2,6059.5,107.3,1298.1,43.5,0
4242,car,4.5,road_loopA_f0,road_loopA_f1,5934.5,6059.9,125.4,1303.1,37.4,1
4273,suv,4.8,road_loopA_r0,road_loopA_r1,5956.9,6060.8,103.9,1298.6,45.0,0
4276,car,4.5,road_loopA_r0,road_loopA_r1,5963.0,6062.3,99.3,1297.4,47.0,0
4275,car,4.5,road_loopA_r0,road_loopA_r1,5962.2,6062.9,100.7,1297.4,46.4,0
4279,car,4.5,road_loopA_r0,road_loopA_r1,5966.1,6064.1,98.0,1298.5,47.7,0
4228,suv,4.8,road_loopA_f0,road_loopA_f1,5926.1,6064.8,138.7,1304.0,33.8,1
4283,car,4.5,road_loopA_r0,road_loopA_r1,5969.3,6065.9,96.6,1297.4,48.4,0
4280,car,4.5,road_loopA_r0,road_loopA_r1,5967.3,6066.0,98.7,1298.2,47.3,0
4240,car,4.5,road_loopA_f0,road_loopA_f1,5933.1,6066.4,133.3,1302.8,35.2,1
4217,car,4.5,road_loopA_r0,xloopA_0Bb,5915.1,6066.5,151.4,895.6,21.3,1
4263,car,4.5,road_loopA_f0,xloopA_0Ab,5951.2,6067.1,115.9,505.0,15.7,1
4249,car,4.5,road_loopA_f0,road_loopA_f1,5938.2,6067.5,129.3,1303.7,36.3,1
4284,car,4.5,road_loopA_r0,road_loopA_r1,5969.8,6067.7,97.9,1298.4,47.7,0
4281,car,4.5,road_loopA_r0,road_loopA_r1,5968.1,6068.1,100.0,1297.7,46.7,0
4256,truck,8.5,road_loopA_f0,road_loopA_f1,5942.2,6068.6,126.4,1303.9,37.1,1
4250,car,4.5,road_loopA_f0,road_loopA_f1,5938.9,6068.7,129.8,1303.0,36.1,1
4241,car,4.5,road_loopA_r0,xloopA_0Bb,5934.2,6069.1,134.9,895.6,23.9,1
4261,car,4.5,road_loopA_f0,road_loopA_f1,5947.8,6069.1,121.3,1303.0,38.7,1
4262,truck,8.5,road_loopA_r0,road_loopA_r1,5948.3,6069.8,121.5,1297.9,38.5,0
4288,car,4.5,road_loopA_r0,road_loopA_r1,5974.6,6069.9,95.3,1298.6,49.1,0
4282,truck,8.5,road_loopA_r0,road_loopA_r1,5968.5,6070.6,102.1,1297.3,45.8,0
4267,car,4.5,road_loopA_f0,road_loopA_f1,5952.4,6070.8,118.4,1303.0,39.6,1
4285,car,4.5,road_loopA_r0,xloopA_0Bb,5970.2,6071.7,101.5,895.3,31.7,1
4289,car,4.5,road_loopA_r0,road_loopA_r1,5976.3,6071.8,95.5,1297.7,48.9,0
4278,car,4.5,road_loopA_f0,road_loopA_f1,5966.1,6072.3,106.2,1303.5,44.2,0
4294,car,4.5,road_loopA_r0,road_loopA_r1,5982.1,6072.3,90.2,1298.1,51.8,0
4291,car,4.5,road_loopA_r0,road_loopA_r1,5981.0,6072.6,91.6,1298.3,51.0,0
4296,car,4.5,road_loopA_r0,road_loopA_r1,5982.5,6074.3,91.8,1297.3,50.9,0
4292,suv,4.8,road_loopA_f0,road_loopA_f1,5981.1,6074.8,93.7,1303.5,50.1,0
4223,bus,11.0,road_loopA_f0,road_loopA_f1,5918.6,6076.8,158.2,1302.9,29.6,2
4290,suv,4.8,road_loopA_f0,road_loopA_f1,5978.0,6077.2,99.2,1304.0,47.3,0
4312,truck,8.5,road_loopA_r0,xloopA_0Bb,5999.6,6077.4,77.8,896.0,41.5,0
4299,car,4.5,road_loopA_f0,road_loopA_f1,5987.9,6079.0,91.1,1303.2,51.5,0
4286,suv,4.8,road_loopA_f0,road_loopA_f1,5970.7,6079.7,109.0,1303.7,43.1,0
4277,car,4.5,road_loopA_f0,road_loopA_f1,5963.6,6080.0,116.4,1303.9,40.3,0
4287,suv,4.8,road_loopA_f0,road_loopA_f1,5972.8,6081.9,109.1,1303.5,43.0,0
4355,car,4.5,xloopA_0Aa,xloopA_0Ab,6044.0,6082.1,38.1,84.8,8.0,1
4302,car,4.5,road_loopA_r0,road_loopA_r1,5990.7,6083.1,92.4,1298.2,50.6,0
4305,car,4.5,road_loopA_f0,road_loopA_f1,5994.0,6083.6,89.6,1303.3,52.4,0
4301,car,4.5,road_loopA_r0,road_loopA_r1,5989.8,6086.1,96.3,1298.5,48.5,0
4237,car,4.5,xloopA_0Ba,xloopA_0Bb,5932.4,6087.3,154.9,84.6,2.0,1
4259,car,4.5,road_loopA_f0,road_loopA_f1,5945.6,6089.2,143.6,1303.2,32.7,1
4246,car,4.5,xloopA_0Ba,xloopA_0Bb,5936.7,6090.0,153.3,84.7,2.0,0
4315,suv,4.8,road_loopA_f0,road_loopA_f1,6003.2,6092.7,89.5,1303.2,52.4,0
4245,car,4.5,road_loopA_f0,road_loopA_f1,5936.0,6094.0,158.0,1303.4,29.7,1
4298,suv,4.8,road_loopA_f0,road_loopA_f1,5987.2,6096.9,109.7,1303.5,42.8,0
4316,truck,8.5,road_loopA_f0,road_loopA_f1,6006.3,6100.0,93.7,1303.3,50.1,0
4321,car,4.5,road_loopA_f0,road_loopA_f1,6010.5,6100.1,89.6,1303.5,52.4,0
4330,car,4.5,road_loopA_r0,xloopA_0Ab,6015.9,6101.8,85.9,869.0,36.4,2
4324,car,4.5,road_loopA_f0,road_loopA_f1,6011.3,6102.0,90.7,1303.1,51.7,0
4306,truck,8.5,road_loopA_f0,road_loopA_f1,5994.7,6102.5,107.8,1303.5,43.5,0
4323,car,4.5,road_loopA_f0,road_loopA_f1,6011.3,6104.5,93.2,1303.6,50.3,0
4325,car,4.5,road_loopA_f0,road_loopA_f1,6013.5,6104.6,91.1,1303.7,51.5,0
4328,car,4.5,road_loopA_f0,road_loopA_f1,6014.9,6106.6,91.7,1303.0,51.1,0
4332,suv,4.8,road_loopA_f0,road_loopA_f1,6017.3,6107.1,89.8,1303.9,52.3,0
4334,car,4.5,road_loopA_f0,xloopA_0Bb,6020.8,6107.1,86.3,478.7,20.0,2
4333,car,4.5,road_loopA_f0,road_loopA_f1,6020.3,6109.7,89.4,1303.1,52.5,0
4322,car,4.5,road_loopA_r0,xloopA_0Ab,6010.6,6112.3,101.7,869.1,30.8,1
4345,suv,4.8,road_loopA_r0,xloopA_0Ab,6033.0,6115.5,82.5,869.4,37.9,0
4300,suv,4.8,road_loopA_r0,road_loopA_r1,5989.3,6129.2,139.9,1298.2,33.4,1
4304,car,4.5,road_loopA_r0,road_loopA_r1,5992.6,6131.0,138.4,1297.3,33.7,1
4310,car,4.5,road_loopA_r0,road_loopA_r1,5997.9,6133.1,135.2,1298.0,34.6,1
4317,car,4.5,road_loopA_r0,road_loopA_r1,6006.6,6134.8,128.2,1297.5,36.4,1
4408,car,4.5,road_loopA_f0,xloopA_0Bb,6092.7,6136.1,43.4,478.7,39.7,0
4308,suv,4.8,road_loopA_r0,road_loopA_r1,5996.9,6137.4,140.5,1297.4,33.3,1
4207,car,4.5,xloopA_0Ba,road_loopA_r1,5907.9,6138.5,230.6,476.4,7.4,1
4319,truck,8.5,road_loopA_r0,road_loopA_r1,6009.1,6138.5,129.4,1297.5,36.1,1
4233,car,4.5,xloopA_0Ba,road_loopA_r1,5929.6,6139.4,209.8,476.6,8.2,1
4320,suv,4.8,road_loopA_r0,road_loopA_r1,6010.2,6139.9,129.7,1298.5,36.0,1
4303,car,4.5,road_loopA_r0,road_loopA_r1,5991.9,6140.2,148.3,1298.3,31.5,1
4421,car,4.5,road_loopA_f0,xloopA_0Bb,6101.3,6141.2,39.9,478.8,43.2,0
4307,car,4.5,road_loopA_r0,road_loopA_r1,5995.4,6141.8,146.4,1297.5,31.9,1
4331,car,4.5,road_loopA_r0,road_loopA_r1,6017.0,6142.3,125.3,1297.9,37.3,1
4326,car,4.5,road_loopA_r0,road_loopA_r1,6013.5,6142.6,129.1,1298.6,36.2,1
4309,car,4.5,road_loopA_r0,road_loopA_r1,5997.1,6143.5,146.4,1298.4,31.9,1
4335,suv,4.8,road_loopA_r0,road_loopA_r1,6020.9,6145.0,124.1,1297.6,37.6,0
4313,car,4.5,road_loopA_r0,road_loopA_r1,6001.0,6145.2,144.2,1297.8,32.4,1
4327,car,4.5,road_loopA_r0,road_loopA_r1,6014.0,6145.2,131.2,1298.4,35.6,1
4338,car,4.5,road_loopA_r0,road_loopA_r1,6024.7,6146.8,122.1,1297.5,38.3,1
4344,car,4.5,road_loopA_r0,road_loopA_r1,6032.5,6147.5,115.0,1298.0,40.6,0
4318,truck,8.5,road_loopA_r0,road_loopA_r1,6006.7,6147.7,141.0,1297.5,33.1,0
4347,bus,11.0,road_loopA_r0,road_loopA_r1,6035.4,6149.2,113.8,1298.5,41.1,0
4342,car,4.5,road_loopA_r0,road_loopA_r1,6026.6,6149.5,122.9,1297.5,38.0,0
4354,car,4.5,road_loopA_r0,road_loopA_r1,6042.4,6150.6,108.2,1298.0,43.2,0
4359,car,4.5,road_loopA_r0,road_loopA_r1,6049.4,6151.9,102.5,1297.4,45.6,0
4337,car,4.5,road_loopA_f0,road_loopA_f1,6024.5,6152.6,128.1,1303.9,36.6,1
4352,car,4.5,road_loopA_r0,road_loopA_r1,6042.1,6152.6,110.5,1298.3,42.3,0
4341,suv,4.8,road_loopA_f0,road_loopA_f1,6026.0,6154.1,128.1,1303.4,36.6,1
4336,car,4.5,road_loopA_f0,road_loopA_f1,6023.6,6155.2,131.6,1303.9,35.7,1
4343,suv,4.8,road_loopA_r0,road_loopA_r1,6031.5,6155.3,123.8,1297.5,37.7,0
4360,truck,8.5,road_loopA_r0,road_loopA_r1,6049.7,6156.6,106.9,1298.4,43.7,0
4364,car,4.5,road_loopA_r0,road_loopA_r1,6055.8,6157.3,101.5,1298.4,46.1,0
4348,car,4.5,road_loopA_f0,road_loopA_f1,6037.5,6157.5,120.0,1303.5,39.1,1
4361,car,4.5,road_loopA_r0,road_loopA_r1,6053.4,6157.9,104.5,1297.5,44.7,0
4339,car,4.5,road_loopA_f0,road_loopA_f1,6025.1,6158.0,132.9,1303.7,35.3,1
4375,car,4.5,road_loopA_r0,road_loopA_r1,6068.8,6158.7,89.9,1298.0,52.0,0
4349,suv,4.8,road_loopA_f0,road_loopA_f1,6039.6,6159.6,120.0,1303.6,39.1,1
4365,truck,8.5,road_loopA_r0,xloopA_0Bb,6057.0,6161.2,104.2,895.4,30.9,1
4373,car,4.5,road_loopA_r0,road_loopA_r1,6065.4,6161.2,95.8,1297.6,48.7,0
4357,car,4.5,road_loopA_f0,road_loopA_f1,6046.0,6161.4,115.4,1302.9,40.7,1
4362,car,4.5,road_loopA_r0,road_loopA_r1,6053.9,6161.4,107.5,1298.0,43.5,0
4346,car,4.5,road_loopA_f0,road_loopA_f1,6034.9,6161.8,126.9,1303.9,37.0,1
4358,suv,4.8,road_loopA_f0,road_loopA_f1,6048.0,6163.6,115.6,1303.8,40.6,1
4394,truck,8.5,road_loopA_r0,xloopA_0Bb,6082.9,6165.4,82.5,895.4,39.1,0
4371,car,4.5,road_loopA_f0,road_loopA_f1,6063.5,6165.7,102.2,1303.8,45.9,0
4369,car,4.5,road_loopA_r0,road_loopA_r1,6061.1,6165.9,104.8,1297.7,44.6,0
4356,truck,8.5,road_loopA_f0,road_loopA_f1,6045.4,6167.4,122.0,1304.0,38.5,1
4372,car,4.5,road_loopA_f0,road_loopA_f1,6063.7,6168.4,104.7,1304.0,44.8,0
4450,truck,8.5,road_loopA_f0,xloopA_0Ab,6123.4,6168.6,45.2,505.2,40.2,0
4391,car,4.5,road_loopA_r0,road_loopA_r1,6079.9,6170.1,90.2,1298.5,51.8,0
4383,car,4.5,road_loopA_r0,road_loopA_r1,6076.3,6170.2,93.9,1298.6,49.8,0
4385,car,4.5,road_loopA_f0,road_loopA_f1,6076.8,6170.2,93.4,1303.6,50.2,0
4366,truck,8.5,road_loopA_f0,road_loopA_f1,6057.3,6171.1,113.8,1303.1,41.2,0
4340,car,4.5,road_loopA_f0,road_loopA_f1,6025.4,6171.5,146.1,1303.2,32.1,1
4351,car,4.5,road_loopA_f0,road_loopA_f1,6040.4,6173.1,132.7,1303.2,35.4,1
4370,car,4.5,road_loopA_f0,road_loopA_f1,6062.9,6173.1,110.2,1303.9,42.6,0
4363,car,4.5,road_loopA_f0,road_loopA_f1,6054.6,6173.5,118.9,1303.4,39.5,1
4387,car,4.5,road_loopA_f0,road_loopA_f1,6078.8,6174.7,95.9,1303.3,48.9,0
4374,suv,4.8,road_loopA_f0,road_loopA_f1,6065.5,6174.9,109.4,1304.2,42.9,0
4459,car,4.5,xloopA_0Aa,xloopA_0Ab,6138.4,6175.7,37.3,84.6,8.2,1
4377,car,4.5,road_loopA_f0,road_loopA_f1,6071.9,6176.5,104.6,1302.9,44.9,0
4392,car,4.5,road_loopA_r0,road_loopA_r1,6082.7,6176.5,93.8,1298.7,49.8,0
4269,car,4.5,xloopA_0Ba,xloopA_0Bb,5953.5,6177.5,224.0,84.1,1.4,1
4380,car,4.5,road_loopA_r0,road_loopA_r1,6073.5,6177.6,104.1,1298.0,44.9,0
4382,car,4.5,road_loopA_f0,road_loopA_f1,6075.8,6178.1,102.3,1302.8,45.9,0
4462,car,4.5,xloopA_0Aa,xloopA_0Ab,6141.3,6178.2,36.9,84.6,8.3,1
4378,suv,4.8,road_loopA_r0,road_loopA_r1,6072.8,6178.3,105.5,1297.9,44.3,0
4406,car,4.5,road_loopA_f0,road_loopA_f1,6090.3,6179.8,89.5,1303.7,52.4,0
4389,car,4.5,road_loopA_f0,road_loopA_f1,6079.4,6180.1,100.7,1303.7,46.6,0
4381,car,4.5,road_loopA_f0,road_loopA_f1,6074.4,6180.9,106.5,1303.9,44.1,0
4379,truck,8.5,road_loopA_r0,road_loopA_r1,6073.0,6181.5,108.5,1297.6,43.0,0
4395,car,4.5,road_loopA_f0,road_loopA_f1,6083.3,6181.9,98.6,1303.7,47.6,0
4403,car,4.5,road_loopA_f0,road_loopA_f1,6088.5,6182.6,94.1,1303.3,49.9,0
4407,car,4.5,road_loopA_f0,road_loopA_f1,6092.5,6182.8,90.3,1304.0,52.0,0
4311,car,4.5,xloopA_0Ba,xloopA_0Bb,5998.4,6183.8,185.4,84.3,1.6,0
4416,car,4.5,road_loopA_f0,road_loopA_f1,6096.1,6187.3,91.2,1303.0,51.4,0
4353,bus,11.0,road_loopA_r0,road_loopA_r1,6042.3,6190.5,148.2,1298.5,31.5,2
4418,suv,4.8,road_loopA_f0,road_loopA_f1,6098.4,6195.6,97.2,1304.1,48.3,0
4423,car,4.5,road_loopA_f0,road_loopA_f1,6103.2,6196.1,92.9,1303.4,50.5,0
4427,suv,4.8,road_loopA_f0,road_loopA_f1,6105.7,6196.3,90.6,1302.9,51.7,0
4411,car,4.5,road_loopA_r0,xloopA_0Ab,6093.6,6202.5,108.9,869.1,28.7,2
4439,car,4.5,road_loopA_f0,xloopA_0Bb,6114.4,6202.6,88.2,478.8,19.5,2
4409,truck,8.5,road_loopA_f0,road_loopA_f1,6092.9,6205.6,112.7,1303.1,41.6,0
4451,suv,4.8,road_loopA_f0,xloopA_0Bb,6127.5,6206.3,78.8,478.9,21.9,2
4415,truck,8.5,road_loopA_r0,xloopA_0Ab,6095.9,6207.8,111.9,869.0,27.9,2
4414,car,4.5,road_loopA_f0,road_loopA_f1,6095.4,6208.4,113.0,1303.7,41.5,0
4419,suv,4.8,road_loopA_f0,road_loopA_f1,6099.3,6208.5,109.2,1303.5,43.0,0
4467,suv,4.8,road_loopA_f0,xloopA_0Bb,6147.4,6210.0,62.6,479.0,27.5,2
4430,truck,8.5,road_loopA_f0,road_loopA_f1,6107.4,6211.1,103.7,1303.7,45.2,0
4410,suv,4.8,road_loopA_r0,xloopA_0Ab,6093.4,6211.7,118.3,869.5,26.5,2
4434,truck,8.5,road_loopA_f0,road_loopA_f1,6109.8,6213.5,103.7,1303.5,45.2,0
4368,car,4.5,road_loopA_f0,road_loopA_f1,6061.0,6216.3,155.3,1303.0,30.2,0
4428,car,4.5,road_loopA_f0,road_loopA_f1,6106.2,6218.4,112.2,1303.9,41.8,0
4422,car,4.5,road_loopA_f0,road_loopA_f1,6102.2,6219.1,116.9,1303.3,40.1,0
4493,suv,4.8,road_loopA_f0,xloopA_0Bb,6174.8,6219.1,44.3,479.0,38.9,0
4397,car,4.5,road_loopA_r0,road_loopA_r1,6084.5,6224.6,140.1,1298.3,33.4,1
4386,car,4.5,road_loopA_r0,road_loopA_r1,6078.1,6226.0,147.9,1297.3,31.6,1
4388,truck,8.5,road_loopA_r0,road_loopA_r1,6079.0,6226.8,147.8,1297.9,31.6,1
4404,suv,4.8,road_loopA_r0,road_loopA_r1,6088.6,6227.6,139.0,1298.4,33.6,1
4390,car,4.5,road_loopA_r0,road_loopA_r1,6079.7,6227.7,148.0,1298.0,31.6,1
4399,car,4.5,road_loopA_r0,road_loopA_r1,6086.0,6229.3,143.3,1298.0,32.6,1
4393,suv,4.8,road_loopA_r0,road_loopA_r1,6082.8,6229.5,146.7,1298.4,31.9,1
4401,car,4.5,road_loopA_r0,road_loopA_r1,6087.1,6230.3,143.2,1297.9,32.6,1
4398,car,4.5,road_loopA_r0,road_loopA_r1,6085.6,6231.3,145.7,1298.4,32.1,1
4405,car,4.5,road_loopA_r0,road_loopA_r1,6090.0,6234.2,144.2,1298.0,32.4,1
4412,car,4.5,road_loopA_r0,road_loopA_r1,6094.2,6234.3,140.1,1297.8,33.4,1
4400,suv,4.8,road_loopA_r0,road_loopA_r1,6086.2,6234.4,148.2,1298.1,31.5,1
4420,car,4.5,road_loopA_r0,road_loopA_r1,6099.4,6235.8,136.4,1297.3,34.3,1
4402,car,4.5,road_loopA_r0,road_loopA_r1,6088.4,6236.1,147.7,1297.4,31.6,1
4413,car,4.5,road_loopA_r0,road_loopA_r1,6094.4,6237.8,143.4,1297.8,32.6,1
4425,suv,4.8,road_loopA_r0,road_loopA_r1,6104.5,6238.3,133.8,1298.4,34.9,1
4417,car,4.5,road_loopA_r0,road_loopA_r1,6096.7,6239.5,142.8,1297.3,32.7,1
4431,suv,4.8,road_loopA_r0,road_loopA_r1,6108.2,6239.8,131.6,1298.5,35.5,1
4432,car,4.5,road_loopA_r0,road_loopA_r1,6109.0,6241.4,132.4,1297.7,35.3,1
4435,car,4.5,road_loopA_r0,road_loopA_r1,6110.0,6241.4,131.4,1298.6,35.6,1
4424,car,4.5,road_loopA_r0,road_loopA_r1,6103.5,6243.1,139.6,1297.3,33.5,1
4438,car,4.5,road_loopA_r0,road_loopA_r1,6114.3,6243.4,129.1,1298.7,36.2,1
4426,suv,4.8,road_loopA_r0,road_loopA_r1,6104.6,6244.8,140.2,1297.6,33.3,1
4449,car,4.5,road_loopA_r0,road_loopA_r1,6121.5,6245.8,124.3,1298.6,37.6,0
4437,car,4.5,road_loopA_r0,road_loopA_r1,6111.6,6246.7,135.1,1297.9,34.6,1
4441,car,4.5,road_loopA_f0,road_loopA_f1,6115.7,6248.1,132.4,1303.3,35.4,1
4445,car,4.5,road_loopA_r0,road_loopA_r1,6120.4,6248.3,127.9,1297.3,36.5,1
4452,suv,4.8,road_loopA_r0,road_loopA_r1,6131.4,6248.6,117.2,1297.5,39.9,0
4443,car,4.5,road_loopA_f0,road_loopA_f1,6117.8,6249.9,132.1,1303.6,35.5,1
4454,car,4.5,road_loopA_r0,road_loopA_r1,6132.1,6251.1,119.0,1297.5,39.2,0
4442,car,4.5,road_loopA_f0,road_loopA_f1,6117.0,6252.1,135.1,1304.2,34.8,1
4456,car,4.5,road_loopA_r0,road_loopA_r1,6136.6,6252.9,116.3,1297.6,40.2,0
4453,truck,8.5,road_loopA_r0,road_loopA_r1,6131.9,6253.0,121.1,1298.1,38.6,0
4433,truck,8.5,road_loopA_r0,road_loopA_r1,6109.1,6253.6,144.5,1297.9,32.3,1
4446,suv,4.8,road_loopA_f0,road_loopA_f1,6120.8,6253.6,132.8,1303.1,35.3,1
4496,car,4.5,road_loopA_f0,xloopA_0Ab,6178.6,6254.1,75.5,505.2,24.1,1
4440,truck,8.5,road_loopA_r0,xloopA_0Bb,6115.6,6254.9,139.3,895.4,23.1,2
4466,car,4.5,road_loopA_r0,road_loopA_r1,6144.7,6255.1,110.4,1297.5,42.3,0
4468,car,4.5,road_loopA_f0,road_loopA_f1,6150.4,6255.4,105.0,1302.9,44.7,0
4457,car,4.5,road_loopA_r0,road_loopA_r1,6136.7,6255.6,118.9,1298.2,39.3,0
4463,car,4.5,road_loopA_f0,road_loopA_f1,6142.6,6255.7,113.1,1303.5,41.5,1
4458,truck,8.5,road_loopA_r0,road_loopA_r1,6136.7,6256.2,119.5,1297.5,39.1,0
4469,suv,4.8,road_loopA_r0,road_loopA_r1,6154.8,6257.4,102.6,1297.9,45.5,0
4448,car,4.5,road_loopA_r0,xloopA_0Bb,6121.1,6257.9,136.8,895.6,23.6,1
4472,car,4.5,road_loopA_r0,road_loopA_r1,6157.4,6258.2,100.8,1297.7,46.4,0
4533,suv,4.8,road_loopA_f0,xloopA_0Ab,6211.5,6258.6,47.1,505.4,38.6,0
4479,car,4.5,road_loopA_r0,road_loopA_r1,6164.0,6259.1,95.1,1297.3,49.1,0
4471,car,4.5,road_loopA_f0,road_loopA_f1,6157.4,6259.3,101.9,1302.8,46.0,0
4473,car,4.5,road_loopA_r0,road_loopA_r1,6158.0,6259.6,101.6,1298.1,46.0,0
4461,car,4.5,road_loopA_r0,xloopA_0Bb,6139.4,6260.5,121.1,895.3,26.6,1
4481,car,4.5,road_loopA_r0,road_loopA_r1,6166.3,6261.3,95.0,1298.4,49.2,0
4460,suv,4.8,road_loopA_r0,xloopA_0Bb,6139.1,6263.2,124.1,895.3,26.0,1
4474,suv,4.8,road_loopA_f0,road_loopA_f1,6158.6,6263.9,105.3,1302.8,44.6,0
4436,suv,4.8,road_loopA_r0,road_loopA_r1,6111.0,6265.1,154.1,1298.2,30.3,1
4482,car,4.5,road_loopA_r0,road_loopA_r1,6166.7,6265.3,98.6,1298.3,47.4,0
4484,car,4.5,road_loopA_f0,road_loopA_f1,6168.9,6265.6,96.7,1302.9,48.5,0
4297,car,4.5,xloopA_0Ba,road_loopA_f1,5984.2,6266.6,282.4,902.8,11.5,1
4447,car,4.5,road_loopA_f0,road_loopA_f1,6121.0,6266.6,145.6,1303.5,32.2,1
4487,car,4.5,road_loopA_r0,road_loopA_r1,6170.5,6267.0,96.5,1297.5,48.4,0
4486,car,4.5,road_loopA_f0,road_loopA_f1,6169.2,6267.4,98.2,1303.3,47.8,0
4491,car,4.5,xloopA_0Aa,xloopA_0Ab,6173.8,6268.7,94.9,84.1,3.2,1
4494,car,4.5,road_loopA_r0,road_loopA_r1,6176.0,6269.1,93.1,1297.5,50.2,0
4490,car,4.5,road_loopA_f0,road_loopA_f1,6171.7,6269.2,97.5,1303.4,48.1,0
4350,car,4.5,xloopA_0Ba,xloopA_0Bb,6039.6,6269.3,229.7,84.1,1.3,1
4465,suv,4.8,road_loopA_r0,road_loopA_r1,6143.7,6269.4,125.7,1297.4,37.1,0
4489,car,4.5,road_loopA_r0,road_loopA_r1,6171.4,6270.1,98.7,1298.4,47.4,0
4478,car,4.5,road_loopA_f0,road_loopA_f1,6163.8,6270.8,107.0,1304.0,43.9,0
4476,car,4.5,road_loopA_r0,road_loopA_r1,6162.4,6271.1,108.7,1298.1,43.0,0
4488,car,4.5,road_loopA_r0,road_loopA_r1,6171.0,6271.7,100.7,1297.3,46.4,0
4376,car,4.5,xloopA_0Ba,xloopA_0Bb,6070.5,6271.8,201.3,84.2,1.5,1
4455,car,4.5,road_loopA_f0,road_loopA_f1,6135.9,6272.6,136.7,1303.1,34.3,1
4480,car,4.5,road_loopA_f0,road_loopA_f1,6165.7,6273.0,107.3,1304.0,43.7,0
4520,car,4.5,xloopA_0Aa,xloopA_0Ab,6198.5,6273.4,74.9,84.6,4.1,1
4477,suv,4.8,road_loopA_f0,road_loopA_f1,6163.5,6273.5,110.0,1304.0,42.7,0
4483,car,4.5,road_loopA_r0,road_loopA_r1,6167.3,6273.5,106.2,1298.4,44.0,0
4384,car,4.5,xloopA_0Ba,xloopA_0Bb,6076.5,6274.0,197.5,84.6,1.5,1
4485,car,4.5,road_loopA_f0,road_loopA_f1,6169.1,6274.3,105.2,1303.5,44.6,0
4396,car,4.5,xloopA_0Ba,xloopA_0Bb,6084.6,6276.1,191.5,84.0,1.6,0
4475,suv,4.8,road_loopA_f0,road_loopA_f1,6159.1,6276.4,117.3,1303.2,40.0,0
4546,car,4.5,xloopA_0Aa,xloopA_0Ab,6223.5,6277.4,53.9,84.3,5.6,0
4429,car,4.5,xloopA_0Ba,xloopA_0Bb,6106.5,6278.5,172.0,84.5,1.8,0
4492,truck,8.5,road_loopA_f0,road_loopA_f1,6173.9,6280.9,107.0,1302.9,43.9,0
4444,suv,4.8,road_loopA_f0,road_loopA_f1,6119.5,6283.8,164.3,1303.1,28.5,1
4295,car,4.5,xloopA_0Ba,road_loopA_f1,5982.5,6284.5,302.0,902.9,10.8,1
4500,truck,8.5,road_loopA_f0,road_loopA_f1,6182.6,6289.2,106.6,1303.6,44.0,0
4513,car,4.5,road_loopA_f0,road_loopA_f1,6191.4,6292.0,100.6,1303.6,46.6,0
4503,car,4.5,road_loopA_f0,road_loopA_f1,6185.1,6294.4,109.3,1303.8,42.9,0
4522,car,4.5,road_loopA_r0,xloopA_0Ab,6201.3,6294.6,93.3,869.0,33.5,2
4523,car,4.5,road_loopA_f0,road_loopA_f1,6201.4,6296.2,94.8,1304.0,49.5,0
4502,car,4.5,road_loopA_r0,xloopA_0Ab,6184.2,6298.3,114.1,869.0,27.4,2
4528,car,4.5,road_loopA_f0,road_loopA_f1,6209.0,6298.4,89.4,1303.1,52.5,0
4587,suv,4.8,road_loopA_f0,xloopA_0Bb,6259.8,6300.2,40.4,479.2,42.7,0
4589,suv,4.8,road_loopA_f0,xloopA_0Bb,6260.6,6303.6,43.0,478.9,40.1,0
4501,car,4.5,road_loopA_r0,road_loopA_r1,6184.0,6313.8,129.8,1298.5,36.0,1
4508,car,4.5,road_loopA_r0,road_loopA_r1,6187.1,6316.8,129.7,1297.5,36.0,1
4495,car,4.5,road_loopA_r0,road_loopA_r1,6176.9,6316.9,140.0,1298.5,33.4,1
4498,suv,4.8,road_loopA_r0,road_loopA_r1,6181.4,6318.6,137.2,1298.6,34.1,1
4509,suv,4.8,road_loopA_r0,road_loopA_r1,6187.9,6320.0,132.1,1297.4,35.4,1
4505,car,4.5,road_loopA_r0,road_loopA_r1,6185.9,6320.8,134.9,1298.5,34.7,1
4510,suv,4.8,road_loopA_r0,road_loopA_r1,6189.7,6323.4,133.7,1298.4,35.0,1
4512,suv,4.8,road_loopA_r0,road_loopA_r1,6191.2,6323.5,132.3,1298.5,35.3,3
4514,car,4.5,road_loopA_r0,road_loopA_r1,6191.4,6325.1,133.7,1297.9,34.9,1
4517,truck,8.5,road_loopA_r0,road_loopA_r1,6196.9,6328.4,131.5,1298.3,35.5,1
4504,car,4.5,road_loopA_r0,road_loopA_r1,6185.6,6328.8,143.2,1298.2,32.6,1
4562,car,4.5,road_loopA_r0,xloopA_0Ab,6235.5,6329.7,94.2,869.3,33.2,1
4524,car,4.5,xloopA_0Aa,road_loopA_r1,6202.5,6331.3,128.8,506.7,14.2,0
4506,truck,8.5,road_loopA_r0,road_loopA_r1,6186.1,6331.9,145.8,1298.2,32.1,1
4497,truck,8.5,road_loopA_r0,road_loopA_r1,6178.9,6333.5,154.6,1297.5,30.2,1
4521,car,4.5,road_loopA_r0,road_loopA_r1,6198.8,6334.0,135.2,1298.5,34.6,1
4526,car,4.5,road_loopA_r0,road_loopA_r1,6203.6,6335.1,131.5,1298.2,35.5,1
4499,car,4.5,road_loopA_r0,road_loopA_r1,6182.3,6335.5,153.2,1297.5,30.5,1
4518,suv,4.8,road_loopA_r0,road_loopA_r1,6197.5,6336.1,138.6,1297.6,33.7,0
4534,truck,8.5,road_loopA_r0,road_loopA_r1,6213.0,6336.2,123.2,1298.2,37.9,0
4511,suv,4.8,road_loopA_r0,road_loopA_r1,6190.5,6337.2,146.7,1298.2,31.9,1
4531,car,4.5,road_loopA_r0,road_loopA_r1,6209.8,6337.8,128.0,1298.1,36.5,0
4543,truck,8.5,road_loopA_r0,road_loopA_r1,6221.9,6338.9,117.0,1297.4,39.9,0
4525,car,4.5,road_loopA_r0,road_loopA_r1,6203.5,6339.0,135.5,1298.0,34.5,0
4519,car,4.5,road_loopA_r0,xloopA_0Ab,6198.2,6339.2,141.0,869.1,22.2,3
4548,truck,8.5,road_loopA_r0,road_loopA_r1,6224.1,6341.7,117.6,1298.5,39.8,0
4542,suv,4.8,road_loopA_r0,road_loopA_r1,6221.7,6343.2,121.5,1298.2,38.5,0
4539,car,4.5,road_loopA_f0,road_loopA_f1,6218.9,6343.3,124.4,1303.4,37.7,1
4560,car,4.5,road_loopA_r0,road_loopA_r1,6234.1,6344.3,110.2,1298.2,42.4,0
4554,car,4.5,road_loopA_r0,road_loopA_r1,6230.1,6344.9,114.8,1297.8,40.7,0
4544,car,4.5,road_loopA_f0,road_loopA_f1,6223.1,6346.0,122.9,1303.2,38.2,1
4529,car,4.5,road_loopA_f0,road_loopA_f1,6209.2,6346.1,136.9,1303.0,34.3,1
4564,car,4.5,road_loopA_r0,road_loopA_r1,6236.4,6346.7,110.3,1297.8,42.3,0
4470,car,4.5,road_loopA_r0,xloopA_0Bb,6155.8,6347.0,191.2,895.3,16.9,2
4535,suv,4.8,road_loopA_f0,road_loopA_f1,6213.2,6347.0,133.8,1303.6,35.1,1
4552,suv,4.8,road_loopA_f0,road_loopA_f1,6227.7,6347.4,119.7,1304.0,39.2,1
4594,car,4.5,road_loopA_f0,xloopA_0Ab,6265.7,6347.6,81.9,505.2,22.2,1
4557,suv,4.8,road_loopA_f0,road_loopA_f1,6232.9,6348.9,116.0,1303.2,40.5,1
4574,car,4.5,road_loopA_r0,road_loopA_r1,6241.3,6350.0,108.7,1297.4,43.0,0
4572,suv,4.8,road_loopA_r0,road_loopA_r1,6240.6,6350.1,109.5,1297.5,42.7,0
4559,suv,4.8,road_loopA_f0,road_loopA_f1,6233.8,6350.7,116.9,1303.7,40.2,1
4616,truck,8.5,road_loopA_f0,xloopA_0Ab,6289.6,6351.0,61.4,505.4,29.6,1
4565,suv,4.8,road_loopA_f0,road_loopA_f1,6237.4,6352.5,115.1,1304.1,40.8,1
4575,car,4.5,road_loopA_r0,road_loopA_r1,6244.4,6352.5,108.1,1298.6,43.3,0
4585,car,4.5,road_loopA_r0,road_loopA_r1,6256.2,6353.7,97.5,1298.6,48.0,0
4621,car,4.5,road_loopA_f0,xloopA_0Ab,6293.1,6354.0,60.9,505.0,29.9,1
4567,car,4.5,road_loopA_f0,road_loopA_f1,6238.3,6354.3,116.0,1303.0,40.4,1
4570,suv,4.8,road_loopA_f0,road_loopA_f1,6239.7,6356.1,116.4,1303.3,40.3,1
4626,car,4.5,road_loopA_f0,xloopA_0Ab,6298.0,6356.6,58.6,505.0,31.0,0
4566,car,4.5,road_loopA_f0,road_loopA_f1,6238.0,6358.4,120.4,1304.1,39.0,0
4586,car,4.5,road_loopA_r0,road_loopA_r1,6257.0,6359.3,102.3,1298.2,45.7,0
4576,suv,4.8,road_loopA_f0,road_loopA_f1,6246.6,6360.6,114.0,1303.4,41.2,1
33,tram,34.0,loopB,loopB,2175.5,6360.7,4185.2,33673.2,29.0,40
4597,car,4.5,road_loopA_r0,road_loopA_r1,6267.5,6361.4,93.9,1297.6,49.7,0
4581,car,4.5,road_loopA_f0,road_loopA_f1,6251.4,6362.7,111.3,1303.0,42.2,0
4583,car,4.5,road_loopA_f0,road_loopA_f1,6252.4,6363.7,111.3,1303.5,42.2,0
4464,car,4.5,xloopA_0Ba,xloopA_0Bb,6143.1,6363.8,220.7,84.2,1.4,1
4569,truck,8.5,road_loopA_f0,road_loopA_f1,6238.9,6364.4,125.5,1303.2,37.4,1
4550,car,4.5,xloopA_0Aa,xloopA_0Ab,6225.6,6364.7,139.1,84.1,2.2,1
4631,car,4.5,xloopA_0Aa,xloopA_0Ab,6307.8,6367.2,59.4,84.8,5.1,1
4527,car,4.5,xloopA_0Ba,xloopA_0Bb,6207.3,6367.8,160.5,84.6,1.9,1
4578,truck,8.5,road_loopA_r0,road_loopA_r1,6250.5,6368.1,117.6,1297.2,39.7,0
4579,suv,4.8,road_loopA_f0,road_loopA_f1,6250.9,6369.0,118.1,1303.9,39.7,0
4530,car,4.5,road_loopA_f0,road_loopA_f1,6209.5,6369.1,159.6,1303.3,29.4,1
4695,car,4.5,xloopA_0Aa,xloopA_0Ab,6355.6,6369.3,13.7,84.1,22.2,0
4604,suv,4.8,road_loopA_f0,road_loopA_f1,6276.7,6370.7,94.0,1304.1,49.9,0
4590,suv,4.8,road_loopA_f0,road_loopA_f1,6260.8,6370.9,110.1,1304.1,42.6,0
4558,car,4.5,xloopA_0Ba,xloopA_0Bb,6233.4,6371.4,138.0,84.6,2.2,0
4602,car,4.5,road_loopA_f0,road_loopA_f1,6276.1,6372.4,96.3,1303.0,48.7,0
4507,bus,11.0,road_loopA_r0,road_loopA_r1,6186.2,6372.5,186.3,1298.2,25.1,2
4595,suv,4.8,road_loopA_f0,road_loopA_f1,6266.7,6373.0,106.3,1303.7,44.2,0
4607,suv,4.8,road_loopA_f0,road_loopA_f1,6278.5,6375.6,97.1,1302.8,48.3,0
4611,car,4.5,road_loopA_f0,road_loopA_f1,6283.5,6375.7,92.2,1303.0,50.9,0
4563,suv,4.8,road_loopA_f0,road_loopA_f1,6235.9,6376.9,141.0,1303.3,33.3,1
4582,suv,4.8,road_loopA_f0,road_loopA_f1,6252.0,6378.2,126.2,1303.0,37.2,0
4577,car,4.5,road_loopA_f0,road_loopA_f1,6247.8,6378.7,130.9,1304.0,35.9,0
4540,car,4.5,road_loopA_f0,road_loopA_f1,6219.5,6381.8,162.3,1303.3,28.9,1
4662,suv,4.8,road_loopA_f0,xloopA_0Bb,6331.7,6383.4,51.7,478.9,33.4,1
4605,suv,4.8,road_loopA_f0,road_loopA_f1,6276.9,6384.4,107.5,1303.3,43.7,0
4615,car,4.5,road_loopA_f0,road_loopA_f1,6288.6,6384.9,96.3,1304.0,48.7,0
4601,car,4.5,road_loopA_f0,road_loopA_f1,6272.1,6386.4,114.3,1303.9,41.1,0
4599,suv,4.8,road_loopA_f0,road_loopA_f1,6268.2,6388.5,120.3,1303.3,39.0,0
4637,car,4.5,road_loopA_r0,xloopA_0Ab,6313.2,6391.0,77.8,869.0,40.2,1
4591,car,4.5,road_loopA_f0,road_loopA_f1,6262.3,6391.4,129.1,1303.9,36.3,0
4516,car,4.5,xloopA_0Aa,road_loopA_f1,6196.4,6391.8,195.4,872.6,16.1,1
4537,truck,8.5,road_loopA_f0,road_loopA_f1,6213.9,6394.1,180.2,1303.5,26.0,1
4547,car,4.5,road_loopA_f0,road_loopA_f1,6223.7,6394.3,170.6,1302.8,27.5,1
4618,car,4.5,road_loopA_f0,road_loopA_f1,6291.1,6395.3,104.2,1303.2,45.0,0
4555,truck,8.5,road_loopA_f0,road_loopA_f1,6232.6,6397.0,164.4,1303.2,28.5,1
4580,car,4.5,road_loopA_f0,road_loopA_f1,6251.3,6397.9,146.6,1303.6,32.0,0
4629,car,4.5,road_loopA_r0,xloopA_0Ab,6304.6,6404.8,100.2,869.1,31.2,1
4532,car,4.5,road_loopA_r0,road_loopA_r1,6210.6,6407.7,197.1,1298.7,23.7,3
4536,truck,8.5,road_loopA_r0,road_loopA_r1,6213.9,6411.8,197.9,1298.2,23.6,3
4593,bus,11.0,road_loopA_r0,road_loopA_r1,6264.0,6414.5,150.5,1297.4,31.0,1
4549,car,4.5,road_loopA_r0,road_loopA_r1,6225.1,6415.6,190.5,1297.9,24.5,2
4553,suv,4.8,road_loopA_r0,road_loopA_r1,6230.0,6416.8,186.8,1298.2,25.0,2
4606,car,4.5,road_loopA_r0,road_loopA_r1,6277.1,6419.2,142.1,1297.6,32.9,1
4545,suv,4.8,road_loopA_r0,road_loopA_r1,6223.3,6421.1,197.8,1297.6,23.6,3
4538,suv,4.8,road_loopA_r0,road_loopA_r1,6217.9,6421.6,203.7,1297.9,22.9,3
4551,car,4.5,xloopA_0Ba,road_loopA_r1,6226.6,6422.3,195.7,476.5,8.8,0
4573,car,4.5,road_loopA_r0,road_loopA_r1,6241.2,6422.9,181.7,1298.4,25.7,3
4603,car,4.5,road_loopA_r0,road_loopA_r1,6276.1,6424.6,148.5,1297.6,31.5,1
4556,car,4.5,road_loopA_r0,road_loopA_r1,6232.7,6425.7,193.0,1298.1,24.2,2
4608,car,4.5,road_loopA_r0,road_loopA_r1,6281.6,6426.3,144.7,1298.3,32.3,1
4515,car,4.5,xloopA_0Ba,road_loopA_r1,6192.5,6427.0,234.5,476.1,7.3,1
4541,car,4.5,road_loopA_r0,road_loopA_r1,6220.3,6428.4,208.1,1298.3,22.5,2
4571,suv,4.8,road_loopA_r0,road_loopA_r1,6240.3,6428.7,188.4,1297.5,24.8,3
4598,suv,4.8,road_loopA_r0,road_loopA_r1,6268.0,6430.4,162.4,1298.3,28.8,1
4592,car,4.5,xloopA_0Aa,road_loopA_r1,6263.6,6430.6,167.0,506.6,10.9,1
4588,car,4.5,road_loopA_r0,road_loopA_r1,6260.0,6430.7,170.7,1298.1,27.4,3
4596,car,4.5,road_loopA_r0,road_loopA_r1,6267.0,6432.3,165.3,1298.1,28.3,1
4561,car,4.5,road_loopA_r0,road_loopA_r1,6234.1,6432.4,198.3,1297.3,23.6,3
4620,car,4.5,road_loopA_r0,road_loopA_r1,6291.7,6432.4,140.7,1297.5,33.2,1
4600,car,4.5,road_loopA_r0,road_loopA_r1,6270.5,6434.0,163.5,1297.9,28.6,1
4623,car,4.5,road_loopA_r0,road_loopA_r1,6294.4,6434.2,139.8,1297.9,33.4,1
4632,car,4.5,road_loopA_f0,road_loopA_f1,6308.2,6434.6,126.4,1303.7,37.1,1
4633,car,4.5,road_loopA_f0,road_loopA_f1,6308.4,6434.6,126.2,1303.6,37.2,1
4625,car,4.5,road_loopA_r0,road_loopA_r1,6297.2,6435.8,138.6,1297.7,33.7,1
4610,truck,8.5,road_loopA_r0,road_loopA_r1,6282.5,6436.3,153.8,1298.3,30.4,1
4635,car,4.5,road_loopA_f0,road_loopA_f1,6309.7,6436.4,126.7,1303.0,37.0,1
4619,car,4.5,road_loopA_r0,road_loopA_r1,6291.5,6436.8,145.3,1297.8,32.1,1
4627,car,4.5,road_loopA_r0,road_loopA_r1,6298.7,6437.2,138.5,1297.8,33.7,1
4614,car,4.5,road_loopA_r0,road_loopA_r1,6286.7,6438.4,151.7,1297.9,30.8,1
4617,car,4.5,road_loopA_r0,road_loopA_r1,6290.8,6439.0,148.2,1297.7,31.5,1
4630,car,4.5,road_loopA_r0,xloopA_0Bb,6307.1,6440.5,133.4,895.4,24.2,1
4628,car,4.5,road_loopA_r0,road_loopA_r1,6301.5,6440.8,139.3,1297.7,33.5,1
72,tram,34.0,loopA,loopA,2218.9,6441.0,4222.1,33703.5,28.7,40
4659,car,4.5,road_loopA_f0,xloopA_0Ab,6328.7,6441.1,112.4,505.2,16.2,1
4584,car,4.5,road_loopA_r0,road_loopA_r1,6256.1,6441.5,185.4,1298.1,25.2,2
4643,car,4.5,road_loopA_r0,road_loopA_r1,6316.7,6441.5,124.8,1298.0,37.4,1
4640,car,4.5,road_loopA_f0,road_loopA_f1,6314.3,6441.6,127.3,1302.9,36.8,1
4624,suv,4.8,road_loopA_r0,road_loopA_r1,6296.2,6443.1,146.9,1298.3,31.8,2
4644,car,4.5,road_loopA_f0,road_loopA_f1,6317.8,6443.1,125.3,1304.1,37.5,1
4646,car,4.5,road_loopA_f0,road_loopA_f1,6320.9,6443.3,122.4,1304.2,38.3,1
4612,truck,8.5,road_loopA_r0,road_loopA_r1,6283.9,6443.7,159.8,1297.8,29.2,1
4673,car,4.5,road_loopA_f0,xloopA_0Ab,6343.6,6443.7,100.1,505.2,18.2,1
4638,car,4.5,road_loopA_r0,road_loopA_r1,6313.5,6444.8,131.3,1298.1,35.6,1
4648,suv,4.8,road_loopA_f0,road_loopA_f1,6322.1,6445.0,122.9,1302.9,38.2,1
4647,car,4.5,road_loopA_f0,road_loopA_f1,6321.3,6445.9,124.6,1303.4,37.7,1
4634,truck,8.5,road_loopA_f0,road_loopA_f1,6309.2,6446.3,137.1,1303.4,34.2,1
4715,suv,4.8,road_loopA_f0,xloopA_0Ab,6381.3,6446.4,65.1,505.4,28.0,1
4639,suv,4.8,road_loopA_r0,road_loopA_r1,6314.1,6446.6,132.5,1298.2,35.3,1
4609,car,4.5,road_loopA_r0,road_loopA_r1,6282.5,6446.8,164.3,1297.7,28.4,1
4650,suv,4.8,road_loopA_f0,road_loopA_f1,6322.6,6447.8,125.2,1304.2,37.5,1
4658,car,4.5,road_loopA_r0,road_loopA_r1,6327.8,6447.9,120.1,1298.5,38.9,0
4656,suv,4.8,road_loopA_r0,road_loopA_r1,6326.0,6448.4,122.4,1298.3,38.2,1
4654,car,4.5,road_loopA_r0,road_loopA_r1,6325.1,6448.6,123.5,1298.2,37.8,0
4660,car,4.5,road_loopA_r0,road_loopA_r1,6329.3,6450.2,120.9,1298.0,38.7,0
4652,car,4.5,road_loopA_f0,road_loopA_f1,6324.3,6450.3,126.0,1303.2,37.2,1
4674,car,4.5,road_loopA_r0,road_loopA_r1,6344.8,6451.0,106.2,1298.2,44.0,0
4653,car,4.5,road_loopA_f0,road_loopA_f1,6324.9,6451.1,126.2,1303.9,37.2,1
4665,car,4.5,road_loopA_r0,road_loopA_r1,6336.3,6451.2,114.9,1298.2,40.7,0
4664,car,4.5,road_loopA_r0,road_loopA_r1,6333.6,6452.0,118.4,1298.5,39.5,0
4694,car,4.5,road_loopA_f0,road_loopA_f1,6355.5,6452.6,97.1,1303.7,48.3,0
4678,car,4.5,road_loopA_r0,road_loopA_r1,6346.8,6452.9,106.1,1297.4,44.0,0
4681,car,4.5,road_loopA_r0,road_loopA_r1,6348.4,6453.0,104.6,1298.3,44.7,0
4700,car,4.5,xloopA_0Aa,xloopA_0Ab,6367.8,6453.7,85.9,84.6,3.5,1
4663,suv,4.8,road_loopA_r0,road_loopA_r1,6333.1,6453.8,120.7,1298.0,38.7,0
4568,car,4.5,xloopA_0Ba,xloopA_0Bb,6238.7,6454.4,215.7,84.7,1.4,1
4670,car,4.5,road_loopA_f0,road_loopA_f1,6342.5,6454.6,112.1,1302.8,41.8,1
4636,suv,4.8,road_loopA_f0,road_loopA_f1,6309.6,6454.7,145.1,1303.4,32.3,1
4641,suv,4.8,road_loopA_f0,road_loopA_f1,6315.2,6454.8,139.6,1304.0,33.6,1
4682,car,4.5,road_loopA_r0,road_loopA_r1,6348.5,6454.9,106.4,1298.1,43.9,0
4666,suv,4.8,road_loopA_r0,road_loopA_r1,6336.5,6455.6,119.1,1297.8,39.2,0
4668,suv,4.8,road_loopA_f0,road_loopA_f1,6341.6,6455.9,114.3,1303.1,41.0,0
4728,car,4.5,xloopA_0Aa,xloopA_0Ab,6394.0,6456.0,62.0,84.0,4.9,1
4622,bus,11.0,road_loopA_f0,road_loopA_f1,6293.4,6456.5,163.1,1303.5,28.8,2
4613,car,4.5,xloopA_0Ba,xloopA_0Bb,6284.5,6456.5,172.0,84.7,1.8,1
4645,truck,8.5,road_loopA_f0,road_loopA_f1,6320.3,6457.3,137.0,1303.6,34.3,1
4661,car,4.5,road_loopA_f0,road_loopA_f1,6329.6,6457.7,128.1,1302.9,36.6,1
4669,car,4.5,road_loopA_r0,road_loopA_r1,6342.4,6457.9,115.5,1298.4,40.5,0
4683,suv,4.8,road_loopA_f0,road_loopA_f1,6350.2,6457.9,107.7,1303.8,43.6,0
4767,car,4.5,xloopA_0Aa,xloopA_0Ab,6427.6,6458.1,30.5,84.1,9.9,1
4642,car,4.5,xloopA_0Ba,xloopA_0Bb,6315.4,6458.6,143.2,84.1,2.1,1
4696,suv,4.8,road_loopA_r0,road_loopA_r1,6356.2,6458.7,102.5,1298.0,45.6,0
4677,car,4.5,road_loopA_f0,road_loopA_f1,6346.5,6459.5,113.0,1303.9,41.5,0
4649,car,4.5,road_loopA_f0,road_loopA_f1,6322.3,6459.6,137.3,1303.0,34.2,1
4676,suv,4.8,road_loopA_r0,road_loopA_r1,6346.4,6459.8,113.4,1298.5,41.2,0
4671,suv,4.8,road_loopA_f0,road_loopA_f1,6342.7,6461.4,118.7,1303.5,39.5,0
4679,car,4.5,road_loopA_r0,road_loopA_r1,6346.8,6461.5,114.7,1298.4,40.7,0
4697,suv,4.8,road_loopA_r0,road_loopA_r1,6359.1,6461.5,102.4,1298.5,45.7,0
4684,car,4.5,road_loopA_f0,road_loopA_f1,6350.5,6461.6,111.1,1303.7,42.2,0
4655,car,4.5,xloopA_0Ba,xloopA_0Bb,6325.1,6462.1,137.0,84.1,2.2,0
4667,car,4.5,road_loopA_f0,road_loopA_f1,6340.8,6462.8,122.0,1303.7,38.5,0
4686,car,4.5,road_loopA_f0,road_loopA_f1,6350.8,6463.2,112.4,1303.0,41.7,0
4657,car,4.5,xloopA_0Ba,xloopA_0Bb,6327.0,6464.1,137.1,84.2,2.2,0
4685,truck,8.5,road_loopA_f0,road_loopA_f1,6350.4,6464.7,114.3,1302.9,41.1,0
4688,suv,4.8,road_loopA_f0,road_loopA_f1,6351.6,6465.0,113.4,1303.7,41.4,0
4691,suv,4.8,road_loopA_f0,road_loopA_f1,6353.4,6466.8,113.4,1303.8,41.4,0
4687,car,4.5,road_loopA_f0,road_loopA_f1,6350.9,6466.9,116.0,1304.1,40.5,1
4672,car,4.5,road_loopA_f0,road_loopA_f1,6343.2,6467.0,123.8,1303.5,37.9,0
4693,car,4.5,road_loopA_f0,road_loopA_f1,6355.3,6468.6,113.3,1303.9,41.4,0
4680,car,4.5,road_loopA_f0,road_loopA_f1,6346.9,6468.8,121.9,1303.6,38.5,0
4692,suv,4.8,road_loopA_f0,road_loopA_f1,6354.1,6468.8,114.7,1303.7,40.9,0
4703,car,4.5,road_loopA_f0,road_loopA_f1,6369.6,6470.4,100.8,1303.1,46.6,0
4690,truck,8.5,road_loopA_f0,road_loopA_f1,6353.2,6471.4,118.2,1303.4,39.7,0
4701,car,4.5,road_loopA_f0,road_loopA_f1,6369.0,6473.5,104.5,1303.1,44.9,0
4706,car,4.5,road_loopA_f0,road_loopA_f1,6372.4,6475.1,102.7,1303.5,45.7,0
4675,car,4.5,road_loopA_r0,xloopA_0Ab,6345.2,6478.7,133.5,869.0,23.4,3
4689,car,4.5,road_loopA_f0,road_loopA_f1,6352.9,6479.1,126.2,1303.6,37.2,0
4711,car,4.5,road_loopA_f0,road_loopA_f1,6376.5,6480.8,104.3,1303.7,45.0,0
4702,suv,4.8,road_loopA_f0,road_loopA_f1,6369.4,6482.2,112.8,1303.6,41.6,0
4721,suv,4.8,road_loopA_r0,xloopA_0Ab,6388.2,6482.5,94.3,869.3,33.2,2
4719,car,4.5,road_loopA_f0,road_loopA_f1,6386.4,6483.3,96.9,1302.9,48.4,0
4731,truck,8.5,road_loopA_f0,xloopA_0Bb,6397.7,6483.7,86.0,478.6,20.0,2
4717,suv,4.8,road_loopA_f0,road_loopA_f1,6385.7,6483.9,98.2,1303.0,47.8,0
4726,car,4.5,road_loopA_f0,road_loopA_f1,6392.8,6485.7,92.9,1303.1,50.5,0
4723,suv,4.8,road_loopA_r0,xloopA_0Ab,6390.6,6486.2,95.6,869.4,32.8,3
4707,truck,8.5,road_loopA_f0,road_loopA_f1,6374.7,6487.1,112.4,1303.4,41.7,0
4713,suv,4.8,road_loopA_r0,xloopA_0Ab,6378.5,6489.8,111.3,869.4,28.1,2
4708,truck,8.5,road_loopA_f0,road_loopA_f1,6375.0,6490.2,115.2,1302.9,40.7,0
4722,car,4.5,road_loopA_f0,road_loopA_f1,6390.1,6492.9,102.8,1303.8,45.7,0
4704,suv,4.8,road_loopA_r0,road_loopA_r1,6371.2,6498.0,126.8,1297.3,36.8,1
4698,suv,4.8,road_loopA_f0,road_loopA_f1,6360.4,6498.8,138.4,1302.8,33.9,0
4709,suv,4.8,road_loopA_r0,road_loopA_r1,6375.5,6501.3,125.8,1298.3,37.2,1
4724,car,4.5,road_loopA_r0,road_loopA_r1,6391.2,6506.4,115.2,1297.9,40.6,0
4712,car,4.5,road_loopA_r0,road_loopA_r1,6376.8,6506.9,130.1,1297.4,35.9,1
4733,suv,4.8,road_loopA_r0,road_loopA_r1,6398.5,6508.5,110.0,1297.4,42.5,0
4737,car,4.5,road_loopA_r0,road_loopA_r1,6401.8,6509.0,107.2,1298.3,43.6,0
4785,car,4.5,xloopA_0Aa,road_loopA_r1,6438.3,6510.4,72.1,506.9,25.3,0
4727,suv,4.8,road_loopA_r0,road_loopA_r1,6392.9,6510.5,117.6,1298.4,39.8,0
4749,car,4.5,road_loopA_r0,road_loopA_r1,6410.6,6511.5,100.9,1298.2,46.3,0
4714,car,4.5,road_loopA_r0,road_loopA_r1,6379.8,6512.1,132.3,1298.1,35.3,1
4739,car,4.5,road_loopA_r0,road_loopA_r1,6402.6,6512.4,109.8,1298.6,42.6,0
4720,car,4.5,road_loopA_r0,road_loopA_r1,6387.1,6513.7,126.6,1297.5,36.9,1
4744,car,4.5,road_loopA_r0,road_loopA_r1,6407.0,6514.1,107.1,1298.0,43.6,0
4755,car,4.5,road_loopA_r0,road_loopA_r1,6414.7,6514.3,99.6,1297.9,46.9,0
4716,car,4.5,road_loopA_r0,road_loopA_r1,6384.5,6515.6,131.1,1298.5,35.7,1
4751,car,4.5,road_loopA_r0,road_loopA_r1,6412.0,6515.8,103.8,1297.9,45.0,0
4760,car,4.5,road_loopA_r0,road_loopA_r1,6422.0,6517.0,95.0,1298.0,49.2,0
4718,car,4.5,road_loopA_r0,road_loopA_r1,6385.8,6517.5,131.7,1298.0,35.5,1
4735,suv,4.8,road_loopA_r0,road_loopA_r1,6399.6,6518.8,119.2,1297.6,39.2,1
4766,car,4.5,road_loopA_r0,xloopA_0Ab,6427.3,6519.1,91.8,869.0,34.1,1
4729,suv,4.8,road_loopA_r0,road_loopA_r1,6395.7,6519.2,123.5,1297.5,37.8,1
4764,suv,4.8,road_loopA_r0,road_loopA_r1,6425.7,6519.4,93.7,1297.4,49.8,0
4758,car,4.5,road_loopA_r0,road_loopA_r1,6419.6,6520.0,100.4,1297.3,46.5,0
4738,car,4.5,road_loopA_r0,road_loopA_r1,6402.5,6521.2,118.7,1298.1,39.4,0
4769,car,4.5,road_loopA_r0,road_loopA_r1,6428.4,6522.0,93.6,1297.7,49.9,0
4765,car,4.5,road_loopA_r0,road_loopA_r1,6426.9,6523.3,96.4,1297.3,48.5,0
4740,car,4.5,road_loopA_r0,road_loopA_r1,6402.6,6523.5,120.9,1298.2,38.7,0
4734,car,4.5,road_loopA_f0,road_loopA_f1,6399.4,6524.4,125.0,1303.5,37.5,1
4747,car,4.5,road_loopA_r0,road_loopA_r1,6408.8,6524.7,115.9,1297.5,40.3,0
4750,bus,11.0,road_loopA_r0,road_loopA_r1,6411.0,6525.9,114.9,1297.6,40.7,0
4743,suv,4.8,road_loopA_f0,road_loopA_f1,6406.7,6527.7,121.0,1303.5,38.8,1
4763,truck,8.5,road_loopA_r0,road_loopA_r1,6424.9,6527.7,102.8,1298.4,45.5,0
4746,car,4.5,road_loopA_f0,road_loopA_f1,6408.0,6530.7,122.7,1304.1,38.3,1
4784,suv,4.8,road_loopA_r0,road_loopA_r1,6438.1,6530.9,92.8,1298.6,50.4,0
4736,car,4.5,road_loopA_f0,road_loopA_f1,6401.3,6533.2,131.9,1303.5,35.6,1
4770,truck,8.5,road_loopA_r0,road_loopA_r1,6428.5,6533.7,105.2,1298.1,44.4,0
4781,car,4.5,road_loopA_r0,road_loopA_r1,6436.1,6533.7,97.6,1298.4,47.9,0
4725,suv,4.8,road_loopA_r0,xloopA_0Bb,6392.3,6534.1,141.8,895.8,22.8,1
4786,car,4.5,road_loopA_f0,xloopA_0Ab,6439.1,6534.6,95.5,505.1,19.0,1
4772,car,4.5,road_loopA_r0,road_loopA_r1,6429.8,6534.7,104.9,1297.7,44.5,0
4774,car,4.5,road_loopA_r0,road_loopA_r1,6429.9,6535.6,105.7,1298.0,44.2,0
4756,car,4.5,road_loopA_f0,road_loopA_f1,6417.0,6535.9,118.9,1303.1,39.4,1
4776,car,4.5,road_loopA_r0,road_loopA_r1,6432.3,6536.4,104.1,1297.6,44.9,0
4768,car,4.5,road_loopA_r0,xloopA_0Bb,6428.0,6536.7,108.7,895.5,29.7,1
4798,car,4.5,road_loopA_f0,xloopA_0Ab,6449.8,6537.2,87.4,505.1,20.8,1
4752,car,4.5,road_loopA_f0,road_loopA_f1,6413.3,6537.4,124.1,1303.1,37.8,1
4779,car,4.5,road_loopA_r0,road_loopA_r1,6435.0,6537.4,102.4,1298.0,45.6,0
4792,suv,4.8,road_loopA_r0,road_loopA_r1,6444.6,6537.4,92.8,1297.5,50.4,0
4790,truck,8.5,road_loopA_r0,road_loopA_r1,6441.5,6538.6,97.1,1298.0,48.1,0
4782,car,4.5,road_loopA_r0,road_loopA_r1,6436.2,6539.2,103.0,1298.4,45.4,0
4730,suv,4.8,road_loopA_f0,road_loopA_f1,6397.4,6539.3,141.9,1303.3,33.1,1
4777,car,4.5,road_loopA_r0,xloopA_0Bb,6433.6,6539.4,105.8,895.8,30.5,1
4835,suv,4.8,road_loopA_f0,xloopA_0Ab,6474.5,6539.9,65.4,505.4,27.8,1
4748,suv,4.8,road_loopA_f0,road_loopA_f1,6410.4,6540.1,129.7,1303.2,36.2,1
4753,suv,4.8,road_loopA_f0,road_loopA_f1,6413.6,6540.8,127.2,1303.8,36.9,1
4787,car,4.5,road_loopA_r0,road_loopA_r1,6439.6,6540.9,101.3,1297.3,46.1,0
4834,car,4.5,road_loopA_f0,xloopA_0Ab,6473.7,6542.6,68.9,505.3,26.4,1
4732,car,4.5,road_loopA_f0,road_loopA_f1,6398.1,6544.6,146.5,1302.8,32.0,1
4795,car,4.5,road_loopA_r0,road_loopA_r1,6447.4,6545.0,97.6,1298.5,47.9,0
4797,car,4.5,road_loopA_r0,road_loopA_r1,6449.1,6546.7,97.6,1298.0,47.9,0
4800,car,4.5,road_loopA_r0,road_loopA_r1,6450.7,6547.0,96.3,1297.9,48.5,0
4789,truck,8.5,road_loopA_r0,road_loopA_r1,6441.0,6547.4,106.4,1297.8,43.9,0
4762,suv,4.8,road_loopA_f0,road_loopA_f1,6423.6,6547.7,124.1,1303.7,37.8,0
4802,car,4.5,road_loopA_r0,road_loopA_r1,6451.7,6548.5,96.8,1297.8,48.3,0
4812,car,4.5,road_loopA_r0,road_loopA_r1,6456.6,6548.8,92.2,1298.5,50.7,0
4796,suv,4.8,road_loopA_r0,road_loopA_r1,6448.4,6549.5,101.1,1297.6,46.2,0
4819,car,4.5,xloopA_0Aa,xloopA_0Ab,6461.9,6549.6,87.7,84.7,3.5,1
4788,car,4.5,road_loopA_f0,road_loopA_f1,6440.7,6549.8,109.1,1303.0,43.0,0
4699,car,4.5,xloopA_0Ba,xloopA_0Bb,6362.4,6550.2,187.8,84.3,1.6,1
4810,suv,4.8,road_loopA_r0,road_loopA_r1,6456.3,6550.2,93.9,1298.2,49.8,0
4808,suv,4.8,road_loopA_r0,road_loopA_r1,6455.4,6551.2,95.8,1297.3,48.7,0
4817,suv,4.8,road_loopA_r0,road_loopA_r1,6460.4,6551.2,90.8,1297.3,51.5,0
4801,car,4.5,road_loopA_f0,road_loopA_f1,6451.3,6551.5,100.2,1302.9,46.8,0
4759,car,4.5,road_loopA_f0,road_loopA_f1,6422.0,6551.6,129.6,1303.0,36.2,0
4818,car,4.5,road_loopA_r0,road_loopA_r1,6461.6,6552.0,90.4,1297.5,51.7,0
4806,car,4.5,road_loopA_r0,road_loopA_r1,6454.7,6553.0,98.3,1297.8,47.5,0
4710,car,4.5,xloopA_0Ba,xloopA_0Bb,6376.2,6553.3,177.1,84.1,1.7,1
4775,car,4.5,road_loopA_f0,road_loopA_f1,6430.8,6553.4,122.6,1303.2,38.3,0
4807,car,4.5,road_loopA_f0,road_loopA_f1,6454.9,6553.5,98.6,1304.1,47.6,0
4780,car,4.5,road_loopA_f0,road_loopA_f1,6435.1,6555.2,120.1,1303.0,39.1,0
4814,car,4.5,road_loopA_f0,road_loopA_f1,6459.0,6555.9,96.9,1303.6,48.4,0
4793,suv,4.8,road_loopA_f0,road_loopA_f1,6444.9,6557.0,112.1,1304.0,41.9,0
4820,suv,4.8,road_loopA_f0,road_loopA_f1,6462.1,6557.6,95.5,1302.9,49.1,0
4791,car,4.5,road_loopA_f0,road_loopA_f1,6442.1,6558.1,116.0,1303.3,40.5,0
4824,car,4.5,road_loopA_f0,road_loopA_f1,6463.7,6559.4,95.7,1303.5,49.0,0
4754,car,4.5,xloopA_0Ba,xloopA_0Bb,6413.9,6559.8,145.9,84.1,2.1,0
4741,bus,11.0,road_loopA_r0,road_loopA_r1,6402.9,6560.2,157.3,1297.5,29.7,2
4804,truck,8.5,road_loopA_f0,road_loopA_f1,6453.8,6560.4,106.6,1303.3,44.0,0
4827,car,4.5,road_loopA_f0,road_loopA_f1,6470.3,6561.5,91.2,1304.1,51.5,0
4651,car,4.5,xloopA_0Ba,road_loopA_f1,6324.3,6562.2,237.9,902.5,13.7,0
4799,truck,8.5,road_loopA_f0,road_loopA_f1,6450.2,6562.9,112.7,1303.4,41.6,0
4742,car,4.5,road_loopA_f0,road_loopA_f1,6406.7,6563.9,157.2,1303.2,29.8,1
4805,car,4.5,road_loopA_f0,road_loopA_f1,6453.9,6565.5,111.6,1303.5,42.0,0
4828,car,4.5,road_loopA_f0,road_loopA_f1,6471.2,6565.6,94.4,1303.7,49.7,0
4757,car,4.5,road_loopA_f0,road_loopA_f1,6419.5,6565.7,146.2,1303.9,32.1,1
4837,car,4.5,road_loopA_f0,road_loopA_f1,6475.8,6567.3,91.5,1302.8,51.3,0
4761,car,4.5,road_loopA_f0,road_loopA_f1,6423.4,6567.6,144.2,1303.7,32.5,1
4813,truck,8.5,road_loopA_f0,road_loopA_f1,6458.8,6567.8,109.0,1303.0,43.0,0
4773,suv,4.8,road_loopA_f0,road_loopA_f1,6429.9,6569.3,139.4,1302.8,33.6,0
4823,car,4.5,road_loopA_f0,road_loopA_f1,6463.4,6569.9,106.5,1304.1,44.1,0
4833,car,4.5,road_loopA_f0,road_loopA_f1,6472.3,6570.2,97.9,1303.5,47.9,0
4778,car,4.5,road_loopA_f0,road_loopA_f1,6434.2,6571.1,136.9,1303.8,34.3,0
4809,suv,4.8,road_loopA_f0,road_loopA_f1,6455.4,6571.8,116.4,1303.5,40.3,0
4822,suv,4.8,road_loopA_f0,road_loopA_f1,6463.1,6571.9,108.8,1303.1,43.1,0
4783,car,4.5,road_loopA_f0,road_loopA_f1,6436.7,6572.8,136.1,1303.2,34.5,0
4844,car,4.5,road_loopA_f0,road_loopA_f1,6479.6,6573.8,94.2,1304.1,49.8,0
4816,truck,8.5,road_loopA_f0,road_loopA_f1,6460.3,6574.3,114.0,1303.3,41.2,0
4803,car,4.5,road_loopA_f0,road_loopA_f1,6453.6,6574.6,121.0,1302.9,38.8,0
4851,car,4.5,road_loopA_f0,road_loopA_f1,6486.0,6576.2,90.2,1303.9,52.0,0
4847,car,4.5,road_loopA_r0,xloopA_0Ab,6481.4,6576.3,94.9,869.0,33.0,2
4841,car,4.5,road_loopA_f0,road_loopA_f1,6478.4,6577.4,99.0,1304.0,47.4,0
4854,car,4.5,road_loopA_f0,xloopA_0Bb,6488.4,6578.1,89.7,478.9,19.2,2
4843,car,4.5,road_loopA_f0,road_loopA_f1,6479.0,6578.9,99.9,1303.5,47.0,0
4853,car,4.5,road_loopA_f0,road_loopA_f1,6488.1,6579.5,91.4,1303.7,51.3,0
4839,suv,4.8,road_loopA_r0,xloopA_0Ab,6476.7,6580.1,103.4,869.4,30.3,2
4848,car,4.5,road_loopA_f0,road_loopA_f1,6482.3,6580.5,98.2,1303.0,47.8,0
4903,suv,4.8,road_loopA_f0,xloopA_0Bb,6537.4,6584.9,47.5,479.2,36.3,0
4829,truck,8.5,road_loopA_f0,road_loopA_f1,6471.6,6588.8,117.2,1303.0,40.0,0
4912,car,4.5,road_loopA_f0,xloopA_0Bb,6552.0,6591.9,39.9,478.8,43.2,0
4821,car,4.5,road_loopA_r0,road_loopA_r1,6462.4,6595.8,133.4,1298.4,35.0,1
4830,suv,4.8,road_loopA_r0,road_loopA_r1,6471.7,6597.8,126.1,1297.4,37.0,1
4842,car,4.5,road_loopA_r0,road_loopA_r1,6478.9,6599.8,120.9,1297.3,38.6,1
4845,car,4.5,road_loopA_r0,road_loopA_r1,6481.1,6602.5,121.4,1298.1,38.5,1
4831,car,4.5,road_loopA_r0,road_loopA_r1,6471.8,6605.8,134.0,1298.4,34.9,1
4880,car,4.5,road_loopA_r0,xloopA_0Ab,6512.6,6607.0,94.4,869.0,33.1,1
4850,car,4.5,road_loopA_r0,road_loopA_r1,6485.1,6607.6,122.5,1298.2,38.2,1
4865,car,4.5,road_loopA_r0,road_loopA_r1,6497.0,6609.9,112.9,1298.0,41.4,1
4907,car,4.5,road_loopA_r0,xloopA_0Ab,6542.7,6610.3,67.6,869.2,46.3,0
4745,car,4.5,xloopA_0Ba,road_loopA_r1,6407.6,6611.3,203.7,476.7,8.4,0
4862,car,4.5,road_loopA_r0,road_loopA_r1,6495.6,6611.7,116.1,1298.4,40.3,1
4846,truck,8.5,road_loopA_r0,road_loopA_r1,6481.0,6613.4,132.4,1297.4,35.3,1
4705,car,4.5,xloopA_0Ba,road_loopA_r1,6371.5,6613.6,242.1,476.6,7.1,1
4875,car,4.5,road_loopA_r0,road_loopA_r1,6507.4,6614.3,106.9,1297.5,43.7,0
4825,car,4.5,road_loopA_r0,road_loopA_r1,6468.5,6615.2,146.7,1297.3,31.8,1
4869,car,4.5,road_loopA_r0,road_loopA_r1,6502.9,6615.7,112.8,1298.4,41.4,0
4864,car,4.5,road_loopA_r0,road_loopA_r1,6496.6,6616.1,119.5,1298.0,39.1,1
4815,car,4.5,road_loopA_r0,road_loopA_r1,6459.3,6616.9,157.6,1297.3,29.6,1
4878,car,4.5,road_loopA_r0,road_loopA_r1,6511.2,6617.5,106.3,1297.4,44.0,0
4826,truck,8.5,road_loopA_r0,road_loopA_r1,6469.4,6619.1,149.7,1297.3,31.2,1
4879,car,4.5,road_loopA_r0,road_loopA_r1,6512.0,6619.9,107.9,1297.7,43.3,0
4838,car,4.5,road_loopA_r0,road_loopA_r1,6476.6,6620.5,143.9,1297.8,32.5,1
4840,car,4.5,road_loopA_r0,road_loopA_r1,6478.1,6621.3,143.2,1297.9,32.6,1
4872,car,4.5,road_loopA_r0,road_loopA_r1,6504.0,6622.2,118.2,1298.3,39.6,1
4857,car,4.5,road_loopA_f0,road_loopA_f1,6492.9,6622.6,129.7,1303.7,36.2,1
4852,car,4.5,road_loopA_r0,road_loopA_r1,6486.3,6623.1,136.8,1297.4,34.1,1
4882,suv,4.8,road_loopA_r0,road_loopA_r1,6514.8,6623.3,108.5,1297.8,43.1,0
4877,car,4.5,road_loopA_r0,road_loopA_r1,6508.5,6623.9,115.4,1298.5,40.5,0
4849,car,4.5,road_loopA_r0,road_loopA_r1,6484.4,6624.6,140.2,1297.9,33.3,1
4873,car,4.5,road_loopA_r0,road_loopA_r1,6506.1,6624.9,118.8,1297.4,39.3,0
4893,suv,4.8,road_loopA_r0,road_loopA_r1,6525.4,6625.7,100.3,1298.6,46.6,0
4863,car,4.5,road_loopA_f0,road_loopA_f1,6496.4,6626.4,130.0,1302.8,36.1,1
4860,car,4.5,road_loopA_f0,road_loopA_f1,6494.4,6626.7,132.3,1303.7,35.5,1
4885,suv,4.8,road_loopA_r0,road_loopA_r1,6516.6,6626.7,110.1,1298.4,42.5,0
4891,suv,4.8,road_loopA_r0,road_loopA_r1,6524.1,6626.7,102.6,1298.2,45.6,0
4855,car,4.5,road_loopA_f0,road_loopA_f1,6490.3,6627.0,136.7,1303.4,34.3,1
4836,car,4.5,road_loopA_r0,xloopA_0Bb,6475.5,6627.5,152.0,895.4,21.2,1
4899,car,4.5,road_loopA_r0,road_loopA_r1,6530.3,6628.0,97.7,1297.8,47.8,0
4889,car,4.5,road_loopA_r0,road_loopA_r1,6518.8,6628.5,109.7,1297.7,42.6,0
4866,truck,8.5,road_loopA_f0,road_loopA_f1,6498.4,6629.2,130.8,1304.1,35.9,1
4859,car,4.5,road_loopA_r0,xloopA_0Bb,6494.3,6630.1,135.8,895.4,23.7,2
4856,car,4.5,road_loopA_f0,road_loopA_f1,6492.5,6631.5,139.0,1303.0,33.7,1
4881,car,4.5,road_loopA_f0,road_loopA_f1,6514.7,6632.0,117.3,1303.2,40.0,1
4876,car,4.5,road_loopA_r0,road_loopA_r1,6508.5,6632.6,124.1,1298.0,37.7,0
4883,car,4.5,road_loopA_r0,xloopA_0Bb,6515.1,6632.8,117.7,895.6,27.4,2
4858,truck,8.5,road_loopA_f0,road_loopA_f1,6494.1,6633.6,139.5,1302.8,33.6,1
4887,suv,4.8,road_loopA_f0,road_loopA_f1,6517.9,6633.9,116.0,1303.5,40.4,1
4868,car,4.5,road_loopA_f0,road_loopA_f1,6501.2,6634.9,133.7,1303.9,35.1,1
4871,suv,4.8,road_loopA_f0,road_loopA_f1,6504.1,6636.5,132.4,1304.1,35.5,1
4890,suv,4.8,road_loopA_f0,road_loopA_f1,6520.7,6638.3,117.6,1303.2,39.9,1
4870,suv,4.8,road_loopA_f0,road_loopA_f1,6503.8,6639.9,136.1,1303.4,34.5,1
4895,suv,4.8,road_loopA_f0,road_loopA_f1,6529.9,6640.0,110.1,1303.0,42.6,1
4874,car,4.5,road_loopA_f0,road_loopA_f1,6506.5,6640.1,133.6,1303.2,35.1,1
4973,car,4.5,xloopA_0Aa,xloopA_0Ab,6609.4,6640.1,30.7,84.1,9.9,1
4832,bus,11.0,road_loopA_f0,road_loopA_f1,6471.9,6640.4,168.5,1303.4,27.9,2
4884,suv,4.8,road_loopA_f0,road_loopA_f1,6515.4,6641.8,126.4,1303.7,37.1,1
4900,car,4.5,road_loopA_f0,road_loopA_f1,6531.2,6641.8,110.6,1303.6,42.4,0
4902,suv,4.8,road_loopA_r0,road_loopA_r1,6535.0,6642.0,107.0,1298.0,43.7,0
4974,car,4.5,xloopA_0Aa,xloopA_0Ab,6609.7,6642.3,32.6,84.4,9.3,1
4886,car,4.5,road_loopA_r0,road_loopA_r1,6517.2,6643.0,125.8,1298.0,37.1,0
4914,suv,4.8,road_loopA_r0,road_loopA_r1,6553.0,6643.7,90.7,1298.7,51.6,0
4894,car,4.5,road_loopA_f0,road_loopA_f1,6528.9,6644.2,115.3,1302.9,40.7,1
4980,car,4.5,xloopA_0Aa,xloopA_0Ab,6614.6,6644.5,29.9,84.7,10.2,1
4811,car,4.5,xloopA_0Ba,xloopA_0Bb,6456.7,6645.1,188.4,84.5,1.6,1
4888,suv,4.8,road_loopA_f0,road_loopA_f1,6518.7,6645.8,127.1,1303.1,36.9,1
4984,car,4.5,xloopA_0Aa,xloopA_0Ab,6615.8,6646.6,30.8,84.3,9.9,0
4892,car,4.5,xloopA_0Ba,xloopA_0Bb,6524.8,6647.1,122.3,84.2,2.5,0
4901,car,4.5,road_loopA_f0,road_loopA_f1,6533.9,6647.2,113.3,1303.5,41.4,0
4896,suv,4.8,road_loopA_f0,road_loopA_f1,6530.2,6647.5,117.3,1303.1,40.0,0
4910,car,4.5,road_loopA_f0,road_loopA_f1,6550.6,6649.6,99.0,1304.0,47.4,0
4905,car,4.5,road_loopA_f0,road_loopA_f1,6540.1,6651.7,111.6,1304.1,42.1,0
4897,car,4.5,road_loopA_f0,road_loopA_f1,6530.3,6651.9,121.6,1303.4,38.6,0
4916,suv,4.8,road_loopA_f0,road_loopA_f1,6553.3,6652.1,98.8,1302.8,47.5,0
4867,bus,11.0,road_loopA_r0,road_loopA_r1,6498.6,6652.3,153.7,1297.8,30.4,1
4909,car,4.5,road_loopA_f0,road_loopA_f1,6547.7,6657.5,109.8,1303.3,42.7,0
4915,suv,4.8,road_loopA_f0,road_loopA_f1,6553.2,6657.8,104.6,1302.8,44.9,0
4911,suv,4.8,road_loopA_f0,road_loopA_f1,6551.0,6659.1,108.1,1303.1,43.4,0
4930,car,4.5,road_loopA_f0,road_loopA_f1,6565.6,6659.5,93.9,1303.6,50.0,0
4898,truck,8.5,road_loopA_f0,road_loopA_f1,6530.3,6660.0,129.7,1303.1,36.2,1
4917,suv,4.8,road_loopA_f0,road_loopA_f1,6554.6,6660.8,106.2,1302.9,44.2,0
4934,suv,4.8,road_loopA_f0,road_loopA_f1,6570.4,6662.3,91.9,1303.9,51.0,0
4926,car,4.5,road_loopA_f0,road_loopA_f1,6558.6,6662.6,104.0,1303.3,45.1,0
4936,suv,4.8,road_loopA_f0,road_loopA_f1,6571.7,6663.2,91.5,1303.5,51.3,0
4927,suv,4.8,road_loopA_f0,road_loopA_f1,6560.0,6664.5,104.5,1303.2,44.9,0
4940,car,4.5,road_loopA_f0,road_loopA_f1,6578.8,6668.2,89.4,1303.1,52.5,0
4922,suv,4.8,road_loopA_f0,road_loopA_f1,6556.5,6672.6,116.1,1303.8,40.4,0
4935,suv,4.8,road_loopA_f0,road_loopA_f1,6571.1,6675.7,104.6,1303.2,44.8,0
4948,car,4.5,road_loopA_r0,xloopA_0Ab,6585.5,6676.8,91.3,868.9,34.3,1
4925,car,4.5,road_loopA_r0,road_loopA_r1,6558.1,6679.1,121.0,1297.5,38.6,1
4939,car,4.5,road_loopA_f0,road_loopA_f1,6577.4,6681.4,104.0,1303.3,45.1,0
5009,car,4.5,road_loopA_f0,xloopA_0Bb,6640.5,6681.6,41.1,478.9,41.9,0
4929,car,4.5,road_loopA_r0,road_loopA_r1,6563.7,6683.9,120.2,1298.3,38.9,1
4908,car,4.5,road_loopA_r0,road_loopA_r1,6545.5,6684.8,139.3,1297.8,33.5,1
4918,suv,4.8,road_loopA_r0,road_loopA_r1,6555.1,6685.2,130.1,1297.9,35.9,1
4938,suv,4.8,road_loopA_r0,road_loopA_r1,6575.0,6685.6,110.6,1298.2,42.3,1
4921,car,4.5,road_loopA_r0,road_loopA_r1,6555.3,6686.9,131.6,1297.7,35.5,1
4941,suv,4.8,road_loopA_r0,road_loopA_r1,6580.8,6688.1,107.3,1298.3,43.5,1
4913,car,4.5,road_loopA_r0,road_loopA_r1,6552.1,6689.8,137.7,1298.1,33.9,1
4952,car,4.5,road_loopA_r0,road_loopA_r1,6596.1,6691.4,95.3,1297.5,49.0,0
4771,car,4.5,xloopA_0Ba,road_loopA_r1,6428.9,6692.1,263.2,476.6,6.5,1
4920,car,4.5,road_loopA_r0,road_loopA_r1,6555.3,6693.2,137.9,1297.8,33.9,1
4924,car,4.5,road_loopA_r0,road_loopA_r1,6556.8,6694.0,137.2,1298.1,34.1,1
4954,car,4.5,road_loopA_r0,road_loopA_r1,6597.9,6694.1,96.2,1298.6,48.6,0
4933,truck,8.5,road_loopA_r0,road_loopA_r1,6570.0,6695.4,125.4,1298.2,37.3,1
4923,car,4.5,road_loopA_r0,road_loopA_r1,6556.5,6695.9,139.4,1298.1,33.5,1
4958,car,4.5,road_loopA_r0,road_loopA_r1,6600.9,6697.2,96.3,1297.3,48.5,0
4946,suv,4.8,road_loopA_r0,road_loopA_r1,6584.4,6697.4,113.0,1298.5,41.4,0
4928,car,4.5,road_loopA_r0,road_loopA_r1,6563.0,6697.6,134.6,1298.2,34.7,1
4931,car,4.5,road_loopA_r0,road_loopA_r1,6567.1,6699.4,132.3,1298.1,35.3,1
4962,suv,4.8,road_loopA_r0,road_loopA_r1,6604.6,6699.5,94.9,1297.4,49.2,0
4937,car,4.5,road_loopA_r0,road_loopA_r1,6574.1,6701.2,127.1,1298.2,36.8,1
4975,car,4.5,road_loopA_r0,road_loopA_r1,6609.8,6701.3,91.5,1297.7,51.0,0
4942,car,4.5,road_loopA_r0,road_loopA_r1,6581.9,6702.9,121.0,1297.7,38.6,1
4970,car,4.5,road_loopA_r0,road_loopA_r1,6608.2,6703.4,95.2,1298.5,49.1,0
4951,car,4.5,road_loopA_r0,road_loopA_r1,6593.3,6704.9,111.6,1297.9,41.9,0
4968,car,4.5,road_loopA_r0,road_loopA_r1,6607.4,6706.1,98.7,1297.3,47.3,0
4976,car,4.5,road_loopA_r0,road_loopA_r1,6610.6,6706.3,95.7,1297.3,48.8,0
4967,suv,4.8,road_loopA_r0,road_loopA_r1,6606.8,6706.7,99.9,1298.0,46.8,0
4955,car,4.5,road_loopA_f0,road_loopA_f1,6599.3,6707.4,108.1,1302.9,43.4,1
4943,suv,4.8,road_loopA_f0,road_loopA_f1,6582.4,6707.5,125.1,1303.1,37.5,1
4950,car,4.5,road_loopA_f0,road_loopA_f1,6590.5,6709.8,119.3,1303.2,39.3,1
4983,car,4.5,road_loopA_r0,xloopA_0Ab,6615.6,6710.4,94.8,869.2,33.0,1
4977,car,4.5,road_loopA_r0,road_loopA_r1,6610.6,6711.3,100.7,1298.2,46.4,0
4956,car,4.5,road_loopA_r0,road_loopA_r1,6600.5,6712.0,111.5,1298.1,41.9,0
4959,car,4.5,road_loopA_f0,road_loopA_f1,6603.9,6712.9,109.0,1302.8,43.0,1
4979,suv,4.8,road_loopA_r0,road_loopA_r1,6611.5,6713.1,101.6,1298.5,46.0,0
4995,car,4.5,road_loopA_r0,road_loopA_r1,6620.7,6714.4,93.7,1298.1,49.9,0
4961,car,4.5,road_loopA_f0,road_loopA_f1,6604.1,6714.7,110.6,1303.8,42.4,1
4989,car,4.5,road_loopA_r0,road_loopA_r1,6618.4,6714.9,96.5,1298.5,48.5,0
4964,car,4.5,road_loopA_f0,road_loopA_f1,6606.2,6716.2,110.0,1303.7,42.7,0
4991,suv,4.8,road_loopA_f0,road_loopA_f1,6619.0,6716.3,97.3,1302.8,48.2,0
4966,suv,4.8,road_loopA_r0,road_loopA_r1,6606.6,6716.4,109.8,1297.7,42.6,0
4971,car,4.5,road_loopA_f0,road_loopA_f1,6608.4,6716.4,108.0,1303.5,43.5,0
4993,car,4.5,road_loopA_r0,road_loopA_r1,6620.1,6716.6,96.5,1297.3,48.4,0
4999,car,4.5,road_loopA_r0,road_loopA_r1,6624.9,6718.4,93.5,1298.0,50.0,0
4906,bus,11.0,road_loopA_r0,road_loopA_r1,6540.6,6718.6,178.0,1298.3,26.3,2
4945,suv,4.8,road_loopA_f0,road_loopA_f1,6584.1,6718.7,134.6,1303.2,34.9,1
4982,truck,8.5,road_loopA_f0,road_loopA_f1,6615.2,6718.9,103.7,1303.2,45.2,0
4998,car,4.5,road_loopA_r0,road_loopA_r1,6623.3,6720.1,96.8,1298.5,48.3,0
4932,car,4.5,road_loopA_r0,xloopA_0Bb,6569.3,6721.0,151.7,895.3,21.2,1
4978,car,4.5,road_loopA_f0,road_loopA_f1,6610.7,6721.5,110.8,1302.9,42.3,0
4992,car,4.5,road_loopA_f0,road_loopA_f1,6619.8,6721.8,102.0,1303.3,46.0,0
4987,car,4.5,road_loopA_f0,road_loopA_f1,6618.1,6722.2,104.1,1303.9,45.1,0
4994,suv,4.8,road_loopA_r0,road_loopA_r1,6620.3,6722.8,102.5,1298.0,45.6,0
4944,car,4.5,road_loopA_r0,xloopA_0Bb,6582.6,6723.6,141.0,895.3,22.9,1
4972,suv,4.8,road_loopA_f0,road_loopA_f1,6609.2,6723.9,114.7,1303.7,40.9,0
4919,bus,11.0,road_loopA_f0,road_loopA_f1,6555.3,6724.0,168.7,1302.9,27.8,2
4996,suv,4.8,road_loopA_f0,road_loopA_f1,6621.4,6724.2,102.8,1303.6,45.7,0
5001,car,4.5,road_loopA_r0,road_loopA_r1,6631.3,6724.7,93.4,1297.7,50.0,0
5048,car,4.5,road_loopA_f0,xloopA_0Ab,6678.7,6725.3,46.6,505.3,39.1,0
4960,car,4.5,road_loopA_f0,road_loopA_f1,6604.1,6726.4,122.3,1304.0,38.4,1
5022,suv,4.8,road_loopA_r0,xloopA_0Bb,6652.7,6727.7,75.0,895.9,43.0,0
4988,car,4.5,road_loopA_r0,road_loopA_r1,6618.1,6728.9,110.8,1297.3,42.2,0
4969,car,4.5,road_loopA_r0,road_loopA_r1,6607.9,6729.2,121.3,1298.0,38.5,0
5002,suv,4.8,road_loopA_f0,road_loopA_f1,6633.3,6729.7,96.4,1303.4,48.7,0
4965,suv,4.8,road_loopA_f0,road_loopA_f1,6606.6,6730.9,124.3,1303.9,37.8,0
5005,truck,8.5,road_loopA_f0,road_loopA_f1,6638.0,6731.8,93.8,1303.1,50.0,0
4794,car,4.5,xloopA_0Ba,road_loopA_f1,6446.3,6731.9,285.6,902.7,11.4,1
4981,suv,4.8,road_loopA_f0,road_loopA_f1,6614.5,6732.7,118.2,1303.3,39.7,0
4953,car,4.5,road_loopA_f0,road_loopA_f1,6596.5,6733.5,137.0,1303.2,34.2,1
5010,car,4.5,road_loopA_f0,road_loopA_f1,6641.5,6733.8,92.3,1302.9,50.8,0
5014,suv,4.8,road_loopA_r0,road_loopA_r1,6645.6,6734.5,88.9,1297.3,52.5,0
4957,car,4.5,road_loopA_f0,road_loopA_f1,6600.8,6735.2,134.4,1303.6,34.9,1
4997,truck,8.5,road_loopA_f0,road_loopA_f1,6622.6,6735.8,113.2,1303.0,41.5,0
4947,car,4.5,xloopA_0Ba,xloopA_0Bb,6584.8,6736.4,151.6,84.7,2.0,1
5008,car,4.5,road_loopA_f0,road_loopA_f1,6639.2,6736.9,97.7,1304.0,48.1,0
4963,car,4.5,road_loopA_f0,road_loopA_f1,6604.8,6737.0,132.2,1303.7,35.5,1
4986,car,4.5,xloopA_0Aa,xloopA_0Ab,6618.0,6737.4,119.4,84.1,2.5,1
5004,car,4.5,road_loopA_f0,road_loopA_f1,6634.5,6738.2,103.7,1303.6,45.3,0
5000,car,4.5,road_loopA_f0,road_loopA_f1,6628.6,6738.7,110.1,1303.3,42.6,0
5019,suv,4.8,road_loopA_r0,road_loopA_r1,6648.2,6739.0,90.8,1297.6,51.4,0
5006,truck,8.5,road_loopA_f0,road_loopA_f1,6638.8,6740.1,101.3,1302.8,46.3,0
5021,car,4.5,xloopA_0Ba,xloopA_0Bb,6649.5,6741.4,91.9,84.4,3.3,1
4990,car,4.5,xloopA_0Aa,xloopA_0Ab,6618.7,6742.3,123.6,84.1,2.4,1
5011,car,4.5,road_loopA_f0,road_loopA_f1,6644.0,6742.9,98.9,1303.9,47.5,0
5003,car,4.5,xloopA_0Aa,xloopA_0Ab,6633.6,6744.4,110.8,84.4,2.7,0
5095,car,4.5,xloopA_0Ba,xloopA_0Bb,6724.9,6744.7,19.8,84.1,15.3,0
5026,car,4.5,road_loopA_f0,road_loopA_f1,6658.2,6751.7,93.5,1302.9,50.2,0
5012,car,4.5,road_loopA_f0,road_loopA_f1,6645.1,6751.8,106.7,1303.3,44.0,0
5029,suv,4.8,road_loopA_f0,road_loopA_f1,6658.8,6753.5,94.7,1304.0,49.6,0
5035,car,4.5,road_loopA_f0,road_loopA_f1,6664.1,6755.3,91.2,1303.9,51.5,0
5024,car,4.5,road_loopA_r0,xloopA_0Ab,6656.4,6756.4,100.0,868.9,31.3,1
5017,car,4.5,road_loopA_f0,road_loopA_f1,6647.2,6757.0,109.8,1303.7,42.8,0
5007,truck,8.5,road_loopA_f0,road_loopA_f1,6639.0,6757.6,118.6,1303.0,39.6,0
5034,car,4.5,road_loopA_f0,road_loopA_f1,6661.3,6757.6,96.3,1303.7,48.7,0
5032,car,4.5,road_loopA_f0,road_loopA_f1,6659.2,6758.6,99.4,1303.1,47.2,0
5038,car,4.5,road_loopA_f0,road_loopA_f1,6665.9,6759.3,93.4,1303.5,50.2,0
5016,car,4.5,road_loopA_f0,road_loopA_f1,6646.6,6759.6,113.0,1303.6,41.5,0
5023,truck,8.5,road_loopA_f0,road_loopA_f1,6653.8,6761.9,108.1,1302.9,43.4,0
5027,suv,4.8,road_loopA_f0,road_loopA_f1,6658.3,6763.2,104.9,1303.8,44.7,0
5078,car,4.5,road_loopA_f0,xloopA_0Bb,6709.7,6764.7,55.0,478.8,31.3,1
5041,car,4.5,road_loopA_f0,road_loopA_f1,6672.2,6767.1,94.9,1303.9,49.4,0
5043,truck,8.5,road_loopA_f0,road_loopA_f1,6674.3,6768.1,93.8,1303.4,50.0,0
5079,suv,4.8,road_loopA_f0,xloopA_0Bb,6709.9,6768.5,58.6,479.0,29.4,1
5042,car,4.5,road_loopA_f0,road_loopA_f1,6674.4,6768.8,94.4,1304.1,49.7,0
5053,car,4.5,road_loopA_r0,xloopA_0Ab,6684.7,6779.6,94.9,869.1,33.0,1
5113,suv,4.8,road_loopA_f0,xloopA_0Bb,6738.1,6780.4,42.3,479.0,40.7,0
5018,car,4.5,road_loopA_r0,road_loopA_r1,6647.8,6782.9,135.1,1298.1,34.6,1
5020,car,4.5,road_loopA_r0,road_loopA_r1,6648.9,6783.3,134.4,1298.3,34.8,1
5117,suv,4.8,road_loopA_f0,xloopA_0Bb,6738.7,6783.8,45.1,479.0,38.3,0
5030,car,4.5,road_loopA_r0,road_loopA_r1,6658.8,6784.8,126.0,1298.2,37.1,1
5036,suv,4.8,road_loopA_r0,road_loopA_r1,6664.9,6786.3,121.4,1298.2,38.5,1
5037,car,4.5,road_loopA_r0,road_loopA_r1,6665.1,6787.8,122.7,1298.1,38.1,1
5039,suv,4.8,road_loopA_r0,road_loopA_r1,6669.4,6789.9,120.5,1297.8,38.8,1
5049,car,4.5,road_loopA_r0,road_loopA_r1,6680.9,6792.4,111.5,1297.6,41.9,1
5055,car,4.5,road_loopA_r0,road_loopA_r1,6685.8,6792.7,106.9,1298.5,43.7,1
5061,suv,4.8,road_loopA_r0,road_loopA_r1,6692.6,6794.5,101.9,1297.4,45.9,0
5068,car,4.5,road_loopA_r0,road_loopA_r1,6700.4,6797.3,96.9,1297.8,48.2,0
4949,car,4.5,xloopA_0Ba,road_loopA_r1,6585.7,6798.3,212.6,476.4,8.1,1
5071,car,4.5,road_loopA_r0,road_loopA_r1,6703.1,6799.6,96.5,1297.8,48.4,0
5025,car,4.5,road_loopA_r0,road_loopA_r1,6657.1,6800.0,142.9,1298.3,32.7,1
5063,car,4.5,road_loopA_r0,road_loopA_r1,6693.5,6800.4,106.9,1298.6,43.7,0
5033,car,4.5,road_loopA_r0,road_loopA_r1,6659.8,6801.6,141.8,1297.8,33.0,1
5058,truck,8.5,road_loopA_r0,road_loopA_r1,6687.7,6803.1,115.4,1297.6,40.5,0
5047,car,4.5,road_loopA_r0,road_loopA_r1,6678.4,6803.3,124.9,1298.4,37.4,0
5075,car,4.5,road_loopA_r0,road_loopA_r1,6705.6,6803.5,97.9,1297.8,47.7,0
5050,suv,4.8,road_loopA_r0,road_loopA_r1,6681.9,6804.9,123.0,1297.8,38.0,0
5083,suv,4.8,road_loopA_r0,road_loopA_r1,6713.8,6805.2,91.4,1297.7,51.1,0
5069,truck,8.5,road_loopA_r0,road_loopA_r1,6701.4,6806.0,104.6,1298.6,44.7,0
5057,car,4.5,road_loopA_r0,road_loopA_r1,6687.4,6806.6,119.2,1298.0,39.2,0
5081,suv,4.8,road_loopA_r0,road_loopA_r1,6711.4,6807.7,96.3,1298.2,48.5,0
5076,car,4.5,road_loopA_r0,road_loopA_r1,6708.2,6808.0,99.8,1298.1,46.8,0
5060,car,4.5,road_loopA_r0,road_loopA_r1,6691.5,6808.3,116.8,1298.1,40.0,0
5074,bus,11.0,road_loopA_r0,road_loopA_r1,6705.1,6809.6,104.5,1297.7,44.7,0
5065,car,4.5,road_loopA_r0,road_loopA_r1,6697.4,6810.0,112.6,1297.5,41.5,0
5080,car,4.5,road_loopA_r0,road_loopA_r1,6710.6,6811.8,101.2,1297.8,46.2,0
5091,suv,4.8,road_loopA_r0,xloopA_0Bb,6722.7,6814.6,91.9,895.9,35.1,1
5094,car,4.5,road_loopA_r0,road_loopA_r1,6724.8,6815.1,90.3,1298.7,51.8,0
5082,car,4.5,road_loopA_r0,road_loopA_r1,6713.8,6815.3,101.5,1298.3,46.0,0
5052,car,4.5,road_loopA_f0,road_loopA_f1,6683.3,6815.5,132.2,1304.2,35.5,1
5093,car,4.5,road_loopA_r0,road_loopA_r1,6723.2,6815.9,92.7,1298.1,50.4,0
5100,car,4.5,road_loopA_r0,road_loopA_r1,6728.1,6817.9,89.8,1298.1,52.0,0
5064,suv,4.8,road_loopA_f0,road_loopA_f1,6696.3,6818.6,122.3,1303.7,38.4,1
5097,car,4.5,road_loopA_r0,road_loopA_r1,6726.4,6818.6,92.2,1297.7,50.7,0
5089,car,4.5,road_loopA_r0,road_loopA_r1,6721.9,6818.7,96.8,1297.3,48.2,0
5103,car,4.5,road_loopA_r0,road_loopA_r1,6729.0,6820.3,91.3,1297.9,51.2,0
5077,car,4.5,road_loopA_f0,road_loopA_f1,6709.0,6821.7,112.7,1303.9,41.6,1
5031,bus,11.0,road_loopA_f0,road_loopA_f1,6658.9,6821.8,162.9,1303.5,28.8,2
5040,car,4.5,road_loopA_f0,road_loopA_f1,6672.0,6823.3,151.3,1303.4,31.0,1
5099,car,4.5,road_loopA_f0,road_loopA_f1,6728.0,6823.6,95.6,1302.8,49.0,0
5106,car,4.5,road_loopA_r0,road_loopA_r1,6735.7,6824.6,88.9,1297.3,52.5,0
5015,bus,11.0,road_loopA_r0,road_loopA_r1,6646.1,6825.6,179.5,1297.7,26.0,3
5028,car,4.5,xloopA_0Aa,xloopA_0Ab,6658.6,6826.3,167.7,84.6,1.8,1
5090,car,4.5,road_loopA_f0,road_loopA_f1,6722.4,6826.7,104.3,1303.6,45.0,0
5136,car,4.5,xloopA_0Ba,xloopA_0Bb,6752.5,6826.8,74.3,84.2,4.1,1
5115,car,4.5,road_loopA_r0,road_loopA_r1,6738.3,6827.2,88.9,1297.3,52.5,0
5062,car,4.5,xloopA_0Aa,xloopA_0Ab,6692.9,6828.3,135.4,84.1,2.2,1
5096,car,4.5,road_loopA_f0,road_loopA_f1,6725.4,6828.5,103.1,1302.8,45.5,0
5151,car,4.5,xloopA_0Ba,xloopA_0Bb,6767.1,6828.9,61.8,84.7,4.9,1
5084,car,4.5,road_loopA_f0,road_loopA_f1,6713.8,6830.7,116.9,1303.5,40.1,1
5070,car,4.5,xloopA_0Aa,xloopA_0Ab,6701.6,6831.1,129.5,84.6,2.4,1
5201,car,4.5,xloopA_0Ba,xloopA_0Bb,6808.0,6831.2,23.2,84.5,13.1,0
5101,car,4.5,road_loopA_f0,road_loopA_f1,6728.4,6832.6,104.2,1304.1,45.1,0
5111,car,4.5,road_loopA_r0,road_loopA_r1,6737.4,6832.7,95.3,1298.2,49.0,0
5155,car,4.5,xloopA_0Aa,xloopA_0Ab,6768.5,6833.2,64.7,84.0,4.7,0
5212,car,4.5,xloopA_0Ba,xloopA_0Bb,6820.2,6833.4,13.2,84.2,23.0,0
5112,car,4.5,road_loopA_f0,road_loopA_f1,6737.9,6833.9,96.0,1302.9,48.9,0
5193,car,4.5,xloopA_0Aa,xloopA_0Ab,6802.3,6836.4,34.1,84.0,8.9,0
5098,car,4.5,road_loopA_f0,road_loopA_f1,6726.7,6836.5,109.8,1303.8,42.8,0
5104,truck,8.5,road_loopA_r0,road_loopA_r1,6728.9,6838.6,109.7,1297.9,42.6,0
5223,car,4.5,xloopA_0Ba,xloopA_0Bb,6829.3,6838.9,9.6,84.5,31.6,0
5114,car,4.5,road_loopA_f0,road_loopA_f1,6738.2,6839.0,100.8,1304.1,46.6,0
5119,car,4.5,road_loopA_f0,road_loopA_f1,6741.1,6841.5,100.4,1303.0,46.7,0
5107,car,4.5,road_loopA_f0,road_loopA_f1,6736.0,6843.4,107.4,1304.1,43.7,0
5087,car,4.5,road_loopA_f0,road_loopA_f1,6715.1,6846.3,131.2,1304.1,35.8,1
5125,truck,8.5,road_loopA_f0,road_loopA_f1,6744.4,6849.8,105.4,1303.7,44.5,0
5128,car,4.5,road_loopA_f0,road_loopA_f1,6746.4,6851.8,105.4,1303.5,44.5,0
5160,suv,4.8,road_loopA_f0,xloopA_0Bb,6772.7,6853.0,80.3,479.0,21.5,2
5132,car,4.5,road_loopA_f0,road_loopA_f1,6747.7,6853.4,105.7,1302.9,44.4,0
5134,car,4.5,road_loopA_f0,road_loopA_f1,6749.0,6855.0,106.0,1303.1,44.3,0
4985,car,4.5,xloopA_0Aa,road_loopA_f1,6616.1,6856.3,240.2,872.3,13.1,1
5139,car,4.5,road_loopA_f0,road_loopA_f1,6757.0,6856.9,99.9,1304.2,47.0,0
5013,car,4.5,xloopA_0Aa,road_loopA_f1,6645.4,6857.4,212.0,872.2,14.8,0
5149,suv,4.8,road_loopA_f0,road_loopA_f1,6766.6,6858.6,92.0,1303.1,51.0,0
5044,suv,4.8,road_loopA_f0,road_loopA_f1,6674.7,6859.2,184.5,1303.2,25.4,1
5144,car,4.5,road_loopA_f0,road_loopA_f1,6761.6,6860.4,98.8,1303.2,47.5,0
5056,truck,8.5,road_loopA_f0,road_loopA_f1,6687.0,6860.6,173.6,1303.4,27.0,1
5180,truck,8.5,road_loopA_f0,xloopA_0Bb,6788.6,6861.2,72.6,478.8,23.8,2
5067,suv,4.8,road_loopA_f0,road_loopA_f1,6700.4,6861.9,161.5,1304.2,29.1,1
5085,car,4.5,road_loopA_f0,road_loopA_f1,6714.2,6863.6,149.4,1303.5,31.4,1
5072,suv,4.8,road_loopA_f0,road_loopA_f1,6704.0,6863.8,159.8,1303.1,29.4,1
5133,car,4.5,road_loopA_f0,road_loopA_f1,6748.3,6863.8,115.5,1302.8,40.6,0
5127,car,4.5,road_loopA_f0,road_loopA_f1,6746.0,6865.3,119.3,1303.6,39.3,0
5066,car,4.5,road_loopA_f0,road_loopA_f1,6700.1,6865.6,165.5,1303.0,28.3,1
5210,suv,4.8,road_loopA_f0,xloopA_0Bb,6819.7,6866.7,47.0,479.1,36.7,0
5105,car,4.5,road_loopA_f0,road_loopA_f1,6730.4,6867.1,136.7,1303.4,34.3,0
5108,truck,8.5,road_loopA_f0,road_loopA_f1,6736.4,6869.5,133.1,1303.8,35.3,0
5217,car,4.5,road_loopA_f0,xloopA_0Bb,6822.2,6870.0,47.8,478.7,36.0,0
5130,car,4.5,road_loopA_f0,road_loopA_f1,6746.8,6870.4,123.6,1303.2,38.0,0
5120,car,4.5,road_loopA_r0,road_loopA_r1,6741.9,6870.9,129.0,1298.3,36.2,1
5102,car,4.5,road_loopA_f0,road_loopA_f1,6728.4,6871.6,143.2,1303.2,32.8,0
5150,car,4.5,road_loopA_f0,road_loopA_f1,6767.1,6871.9,104.8,1303.6,44.8,0
5129,car,4.5,road_loopA_f0,road_loopA_f1,6746.7,6873.4,126.7,1303.4,37.0,0
5147,suv,4.8,road_loopA_f0,road_loopA_f1,6764.2,6873.8,109.6,1303.9,42.8,0
5140,car,4.5,road_loopA_r0,road_loopA_r1,6757.9,6873.9,116.0,1297.5,40.3,1
5159,car,4.5,road_loopA_r0,xloopA_0Ab,6771.6,6873.9,102.3,869.3,30.6,1
5110,car,4.5,road_loopA_f0,road_loopA_f1,6736.8,6875.3,138.5,1303.7,33.9,0
5109,truck,8.5,road_loopA_r0,road_loopA_r1,6736.7,6875.6,138.9,1297.5,33.6,1
5145,suv,4.8,road_loopA_r0,road_loopA_r1,6762.7,6875.7,113.0,1298.0,41.4,1
5137,truck,8.5,road_loopA_f0,road_loopA_f1,6753.0,6876.1,123.1,1303.1,38.1,0
5073,car,4.5,xloopA_0Ba,road_loopA_f1,6704.8,6876.5,171.7,902.5,18.9,0
5135,car,4.5,road_loopA_f0,road_loopA_f1,6751.9,6877.2,125.3,1304.0,37.5,0
5148,car,4.5,road_loopA_r0,road_loopA_r1,6764.3,6877.5,113.2,1297.7,41.3,1
5045,truck,8.5,road_loopA_f0,road_loopA_f1,6676.1,6878.7,202.6,1302.8,23.1,1
5092,car,4.5,road_loopA_f0,road_loopA_f1,6723.1,6878.9,155.8,1303.1,30.1,0
5131,truck,8.5,road_loopA_f0,road_loopA_f1,6747.6,6879.2,131.6,1303.9,35.7,0
5146,car,4.5,road_loopA_r0,road_loopA_r1,6763.4,6880.1,116.7,1297.4,40.0,1
5123,suv,4.8,road_loopA_r0,road_loopA_r1,6742.8,6880.2,137.4,1298.3,34.0,1
5121,car,4.5,road_loopA_f0,road_loopA_f1,6742.4,6880.7,138.3,1303.7,33.9,0
5046,suv,4.8,road_loopA_f0,road_loopA_f1,6677.8,6880.9,203.1,1303.5,23.1,1
5156,car,4.5,road_loopA_r0,road_loopA_r1,6769.2,6882.0,112.8,1298.5,41.5,1
5122,car,4.5,road_loopA_r0,road_loopA_r1,6742.6,6882.3,139.7,1298.0,33.5,1
5051,car,4.5,road_loopA_f0,road_loopA_f1,6682.9,6882.7,199.8,1303.6,23.5,1
5116,car,4.5,road_loopA_f0,road_loopA_f1,6738.6,6883.7,145.1,1302.9,32.3,0
5054,car,4.5,road_loopA_f0,road_loopA_f1,6685.2,6884.4,199.2,1303.5,23.6,1
5158,car,4.5,road_loopA_r0,road_loopA_r1,6771.1,6885.2,114.1,1298.2,40.9,1
5153,car,4.5,road_loopA_r0,road_loopA_r1,6767.8,6885.5,117.7,1298.5,39.7,1
5059,car,4.5,road_loopA_f0,road_loopA_f1,6689.8,6886.2,196.4,1303.8,23.9,1
5088,car,4.5,road_loopA_f0,road_loopA_f1,6716.5,6886.6,170.1,1302.8,27.6,0
5164,car,4.5,road_loopA_r0,road_loopA_r1,6776.5,6887.2,110.7,1298.0,42.2,1
5086,suv,4.8,road_loopA_f0,road_loopA_f1,6714.8,6887.9,173.1,1303.5,27.1,0
5168,car,4.5,xloopA_0Aa,road_loopA_r1,6779.6,6888.7,109.1,507.1,16.7,0
5161,car,4.5,road_loopA_r0,road_loopA_r1,6774.3,6889.0,114.7,1298.5,40.8,0
5126,car,4.5,road_loopA_r0,road_loopA_r1,6745.5,6890.3,144.8,1298.0,32.3,1
5165,car,4.5,road_loopA_r0,road_loopA_r1,6777.2,6891.1,113.9,1298.4,41.0,0
5124,car,4.5,road_loopA_r0,road_loopA_r1,6743.2,6891.9,148.7,1297.7,31.4,1
5118,bus,11.0,road_loopA_f0,road_loopA_f1,6739.8,6892.3,152.5,1303.7,30.8,1
5171,car,4.5,road_loopA_r0,road_loopA_r1,6782.3,6893.2,110.9,1298.1,42.2,0
5138,suv,4.8,road_loopA_r0,road_loopA_r1,6755.0,6893.6,138.6,1298.5,33.7,1
5152,car,4.5,road_loopA_r0,road_loopA_r1,6767.6,6894.6,127.0,1298.4,36.8,0
5143,suv,4.8,road_loopA_r0,road_loopA_r1,6761.5,6895.3,133.8,1297.6,34.9,1
5154,suv,4.8,road_loopA_r0,road_loopA_r1,6768.3,6895.7,127.4,1297.6,36.7,0
5162,car,4.5,road_loopA_r0,road_loopA_r1,6776.1,6896.4,120.3,1297.5,38.8,0
5166,car,4.5,road_loopA_r0,road_loopA_r1,6779.0,6897.3,118.3,1297.4,39.5,0
5185,car,4.5,road_loopA_r0,road_loopA_r1,6794.1,6898.1,104.0,1297.9,44.9,0
5181,car,4.5,road_loopA_r0,road_loopA_r1,6791.3,6898.4,107.1,1297.8,43.6,0
5172,suv,4.8,road_loopA_r0,road_loopA_r1,6783.1,6899.1,116.0,1297.7,40.3,0
5184,car,4.5,road_loopA_r0,road_loopA_r1,6793.2,6900.1,106.9,1297.3,43.7,0
5163,car,4.5,road_loopA_f0,road_loopA_f1,6776.4,6900.8,124.4,1303.2,37.7,1
5175,suv,4.8,road_loopA_r0,road_loopA_r1,6784.3,6900.9,116.6,1297.7,40.1,0
5178,car,4.5,road_loopA_r0,road_loopA_r1,6786.4,6902.7,116.3,1297.7,40.2,0
5167,truck,8.5,road_loopA_f0,road_loopA_f1,6779.2,6902.9,123.7,1303.1,37.9,1
5190,car,4.5,road_loopA_r0,road_loopA_r1,6799.2,6902.9,103.7,1298.1,45.1,0
5203,car,4.5,road_loopA_r0,road_loopA_r1,6809.4,6903.0,93.6,1298.5,49.9,0
5173,car,4.5,road_loopA_f0,road_loopA_f1,6783.7,6903.3,119.6,1303.2,39.2,1
5196,car,4.5,road_loopA_r0,road_loopA_r1,6805.2,6904.6,99.4,1297.8,47.0,0
5176,car,4.5,road_loopA_f0,road_loopA_f1,6785.0,6904.9,119.9,1303.4,39.1,1
5177,suv,4.8,road_loopA_r0,road_loopA_r1,6785.7,6905.2,119.5,1297.8,39.1,0
5157,car,4.5,road_loopA_r0,road_loopA_r1,6769.8,6905.8,136.0,1297.7,34.4,1
5186,car,4.5,road_loopA_f0,road_loopA_f1,6794.3,6906.1,111.8,1303.5,42.0,1
5199,suv,4.8,road_loopA_r0,road_loopA_r1,6806.7,6906.3,99.6,1297.7,46.9,0
5187,car,4.5,road_loopA_r0,road_loopA_r1,6795.7,6906.9,111.2,1297.7,42.0,0
5170,car,4.5,road_loopA_f0,road_loopA_f1,6781.2,6908.2,127.0,1303.4,36.9,1
5236,car,4.5,road_loopA_f0,xloopA_0Ab,6836.8,6908.6,71.8,505.1,25.3,1
5195,suv,4.8,road_loopA_r0,road_loopA_r1,6804.7,6908.7,104.0,1298.4,44.9,0
5208,suv,4.8,road_loopA_r0,road_loopA_r1,6818.4,6908.9,90.5,1298.3,51.6,0
5189,suv,4.8,road_loopA_f0,road_loopA_f1,6798.6,6909.7,111.1,1303.1,42.2,1
5141,bus,11.0,road_loopA_f0,road_loopA_f1,6759.1,6910.2,151.1,1303.1,31.0,1
5206,suv,4.8,road_loopA_r0,road_loopA_r1,6817.1,6910.5,93.4,1298.1,50.1,0
5214,car,4.5,road_loopA_r0,road_loopA_r1,6821.2,6911.1,89.9,1298.5,52.0,0
5248,car,4.5,road_loopA_f0,xloopA_0Ab,6848.3,6911.2,62.9,505.2,28.9,1
5197,car,4.5,road_loopA_f0,road_loopA_f1,6805.9,6912.1,106.2,1303.4,44.2,0
5215,suv,4.8,road_loopA_r0,road_loopA_r1,6821.5,6912.9,91.4,1297.7,51.1,0
5213,truck,8.5,road_loopA_r0,road_loopA_r1,6820.9,6913.7,92.8,1298.3,50.4,0
5263,car,4.5,road_loopA_f0,xloopA_0Ab,6857.8,6913.9,56.1,505.5,32.5,1
5200,truck,8.5,road_loopA_r0,road_loopA_r1,6806.9,6914.2,107.3,1297.5,43.5,0
5183,car,4.5,road_loopA_f0,road_loopA_f1,6791.9,6914.8,122.9,1303.4,38.2,1
5218,car,4.5,road_loopA_r0,road_loopA_r1,6825.2,6914.8,89.6,1297.9,52.1,0
5245,truck,8.5,road_loopA_r0,xloopA_0Bb,6844.4,6915.0,70.6,895.3,45.7,0
5204,car,4.5,road_loopA_f0,road_loopA_f1,6809.8,6916.2,106.4,1303.4,44.1,0
5219,car,4.5,road_loopA_r0,road_loopA_r1,6826.0,6916.5,90.5,1298.2,51.6,0
5220,car,4.5,road_loopA_r0,road_loopA_r1,6827.0,6916.8,89.8,1298.2,52.1,0
5222,car,4.5,road_loopA_r0,road_loopA_r1,6828.3,6917.8,89.5,1297.7,52.2,0
5211,car,4.5,road_loopA_f0,road_loopA_f1,6819.8,6918.2,98.4,1304.0,47.7,0
5198,suv,4.8,road_loopA_f0,road_loopA_f1,6806.6,6918.3,111.7,1303.2,42.0,0
5182,car,4.5,road_loopA_f0,road_loopA_f1,6791.5,6919.4,127.9,1303.3,36.7,1
5179,car,4.5,road_loopA_f0,road_loopA_f1,6787.6,6920.3,132.7,1303.5,35.4,1
5202,suv,4.8,road_loopA_f0,road_loopA_f1,6808.3,6921.2,112.9,1303.2,41.5,0
5227,car,4.5,road_loopA_r0,road_loopA_r1,6832.5,6921.4,88.9,1297.3,52.5,0
5225,suv,4.8,road_loopA_r0,road_loopA_r1,6830.2,6922.2,92.0,1297.5,50.8,0
5260,car,4.5,xloopA_0Ba,xloopA_0Bb,6856.5,6922.8,66.3,84.3,4.6,1
5230,car,4.5,road_loopA_r0,road_loopA_r1,6834.1,6923.3,89.2,1298.4,52.4,0
5192,car,4.5,road_loopA_f0,road_loopA_f1,6800.5,6923.6,123.1,1302.8,38.1,0
5226,car,4.5,road_loopA_f0,road_loopA_f1,6831.4,6924.0,92.6,1302.9,50.6,0
5251,car,4.5,xloopA_0Aa,xloopA_0Ab,6851.2,6924.7,73.5,84.7,4.1,1
5229,car,4.5,road_loopA_r0,road_loopA_r1,6833.9,6925.4,91.5,1297.5,51.1,0
5174,car,4.5,road_loopA_f0,road_loopA_f1,6783.8,6925.5,141.7,1303.8,33.1,1
5231,truck,8.5,road_loopA_r0,road_loopA_r1,6834.3,6925.7,91.4,1298.0,51.1,0
5209,car,4.5,road_loopA_f0,road_loopA_f1,6818.4,6929.9,111.5,1303.6,42.1,0
5228,car,4.5,road_loopA_f0,road_loopA_f1,6833.9,6930.0,96.1,1303.9,48.8,0
5237,suv,4.8,road_loopA_f0,road_loopA_f1,6838.4,6931.7,93.3,1303.5,50.3,0
5292,car,4.5,xloopA_0Aa,xloopA_0Ab,6887.9,6931.9,44.0,84.0,6.9,0
5142,bus,11.0,road_loopA_r0,road_loopA_r1,6759.1,6932.3,173.2,1298.3,27.0,2
5234,suv,4.8,road_loopA_f0,road_loopA_f1,6836.2,6932.9,96.7,1303.2,48.5,0
5191,car,4.5,road_loopA_f0,road_loopA_f1,6800.0,6933.1,133.1,1303.2,35.3,0
5238,suv,4.8,road_loopA_f0,road_loopA_f1,6839.6,6933.6,94.0,1304.1,50.0,0
5207,truck,8.5,road_loopA_f0,road_loopA_f1,6817.7,6935.4,117.7,1303.6,39.9,0
5232,car,4.5,road_loopA_f0,road_loopA_f1,6834.4,6937.6,103.2,1303.8,45.5,0
5240,truck,8.5,road_loopA_f0,road_loopA_f1,6841.9,6939.1,97.2,1303.5,48.3,0
5241,car,4.5,road_loopA_f0,road_loopA_f1,6842.8,6941.2,98.4,1302.8,47.7,0
5252,car,4.5,road_loopA_f0,road_loopA_f1,6851.6,6943.2,91.6,1303.5,51.3,0
5254,car,4.5,road_loopA_f0,road_loopA_f1,6852.2,6944.9,92.7,1303.6,50.6,0
5169,bus,11.0,road_loopA_f0,road_loopA_f1,6780.4,6946.1,165.7,1304.0,28.3,3
5188,suv,4.8,road_loopA_f0,road_loopA_f1,6796.2,6947.6,151.4,1304.1,31.0,1
5264,suv,4.8,road_loopA_f0,road_loopA_f1,6858.8,6948.2,89.4,1303.1,52.5,0
5250,car,4.5,road_loopA_r0,xloopA_0Ab,6849.5,6949.8,100.3,869.0,31.2,2
5261,car,4.5,road_loopA_f0,road_loopA_f1,6856.8,6951.3,94.5,1303.7,49.7,0
5205,car,4.5,road_loopA_f0,road_loopA_f1,6816.1,6951.7,135.6,1303.3,34.6,0
5221,bus,11.0,road_loopA_f0,road_loopA_f1,6827.6,6953.9,126.3,1302.8,37.1,1
5253,car,4.5,road_loopA_f0,road_loopA_f1,6852.1,6954.6,102.5,1303.4,45.8,0
580,tram,34.0,loopA,loopA,2698.9,6955.0,4256.1,33702.9,28.5,40
5265,car,4.5,road_loopA_f0,road_loopA_f1,6859.2,6956.6,97.4,1303.2,48.2,0
5194,car,4.5,road_loopA_f0,road_loopA_f1,6804.7,6959.2,154.5,1303.5,30.4,0
5216,car,4.5,xloopA_0Aa,road_loopA_f1,6821.9,6964.2,142.3,872.5,22.1,0
5235,suv,4.8,road_loopA_r0,road_loopA_r1,6836.4,6967.4,131.0,1298.5,35.7,1
5243,car,4.5,road_loopA_r0,road_loopA_r1,6843.5,6968.9,125.4,1297.8,37.3,1
5246,car,4.5,road_loopA_r0,road_loopA_r1,6845.4,6970.4,125.0,1298.3,37.4,1
5242,car,4.5,road_loopA_r0,road_loopA_r1,6843.0,6972.9,129.9,1298.2,36.0,1
5247,car,4.5,road_loopA_r0,road_loopA_r1,6846.6,6974.0,127.4,1297.6,36.7,1
5255,car,4.5,road_loopA_r0,road_loopA_r1,6854.8,6975.7,120.9,1297.5,38.6,1
5224,bus,11.0,road_loopA_f0,road_loopA_f1,6829.4,6977.5,148.1,1303.5,31.7,1
5233,car,4.5,road_loopA_r0,road_loopA_r1,6834.8,6978.1,143.3,1298.2,32.6,1
5249,truck,8.5,road_loopA_r0,road_loopA_r1,6849.0,6978.4,129.4,1298.5,36.1,1
5258,car,4.5,road_loopA_r0,road_loopA_r1,6855.9,6979.3,123.4,1297.4,37.9,1
5262,car,4.5,road_loopA_r0,road_loopA_r1,6857.2,6980.9,123.7,1297.7,37.8,1
5244,car,4.5,road_loopA_r0,road_loopA_r1,6843.9,6981.3,137.4,1298.2,34.0,1
5268,car,4.5,road_loopA_r0,road_loopA_r1,6865.9,6982.2,116.3,1298.4,40.2,1
5270,car,4.5,road_loopA_r0,road_loopA_r1,6867.6,6983.0,115.4,1298.7,40.5,1
5274,car,4.5,road_loopA_r0,road_loopA_r1,6873.1,6984.5,111.4,1297.3,41.9,1
5321,car,4.5,road_loopA_r0,xloopA_0Ab,6916.5,6984.7,68.2,869.2,45.9,0
5278,car,4.5,road_loopA_r0,road_loopA_r1,6874.9,6986.3,111.4,1297.5,41.9,0
546,tram,34.0,loopB,loopB,2655.5,6987.6,4332.1,33673.0,28.0,40
5281,car,4.5,road_loopA_r0,road_loopA_r1,6878.5,6988.6,110.1,1297.8,42.4,0
5257,suv,4.8,road_loopA_r0,road_loopA_r1,6855.9,6989.5,133.6,1297.6,35.0,1
5289,car,4.5,road_loopA_r0,road_loopA_r1,6886.7,6990.3,103.6,1298.0,45.1,0
5259,truck,8.5,road_loopA_r0,road_loopA_r1,6856.4,6991.9,135.5,1298.0,34.5,1
5239,car,4.5,xloopA_0Aa,road_loopA_r1,6841.6,6992.5,150.9,506.6,12.1,1
5282,car,4.5,road_loopA_r0,road_loopA_r1,6879.5,6993.9,114.4,1297.7,40.8,0
5276,car,4.5,road_loopA_r0,road_loopA_r1,6873.7,6994.7,121.0,1297.4,38.6,0
5273,car,4.5,road_loopA_r0,road_loopA_r1,6871.9,6995.0,123.1,1297.3,37.9,1
5298,suv,4.8,road_loopA_r0,road_loopA_r1,6895.1,6995.4,100.3,1297.3,46.6,0
5279,truck,8.5,road_loopA_r0,road_loopA_r1,6876.1,6996.5,120.4,1297.5,38.8,0
5277,car,4.5,road_loopA_r0,road_loopA_r1,6874.1,6996.8,122.7,1297.8,38.1,0
5266,car,4.5,road_loopA_r0,road_loopA_r1,6859.2,6997.1,137.9,1298.1,33.9,1
5272,car,4.5,road_loopA_f0,road_loopA_f1,6869.9,6997.4,127.5,1303.3,36.8,1
5286,car,4.5,road_loopA_r0,road_loopA_r1,6884.4,6998.5,114.1,1298.1,41.0,0
5302,suv,4.8,road_loopA_r0,road_loopA_r1,6902.1,6998.5,96.4,1298.3,48.5,0
5307,car,4.5,road_loopA_r0,road_loopA_r1,6906.2,6999.0,92.8,1297.5,50.3,0
5280,car,4.5,road_loopA_f0,road_loopA_f1,6876.1,7000.2,124.1,1303.9,37.8,1
5291,car,4.5,road_loopA_r0,road_loopA_r1,6887.7,7000.3,112.6,1297.8,41.5,0
5303,car,4.5,road_loopA_r0,road_loopA_r1,6904.7,7001.5,96.8,1297.5,48.2,0
5322,car,4.5,road_loopA_r0,xloopA_0Bb,6918.6,7001.5,82.9,895.3,38.9,1
5294,car,4.5,road_loopA_f0,xloopA_0Ab,6890.1,7002.1,112.0,505.2,16.2,1
5267,suv,4.8,road_loopA_f0,road_loopA_f1,6864.7,7002.2,137.5,1303.8,34.1,1
5283,suv,4.8,road_loopA_r0,road_loopA_r1,6879.4,7003.7,124.3,1297.7,37.6,0
5309,car,4.5,road_loopA_r0,road_loopA_r1,6906.8,7004.0,97.2,1297.4,48.0,0
5325,suv,4.8,road_loopA_f0,xloopA_0Ab,6919.7,7004.7,85.0,505.2,21.4,1
5311,suv,4.8,road_loopA_r0,road_loopA_r1,6907.7,7005.4,97.7,1298.2,47.8,0
5341,car,4.5,road_loopA_r0,xloopA_0Bb,6935.1,7006.2,71.1,895.4,45.3,0
5317,car,4.5,road_loopA_r0,road_loopA_r1,6914.4,7006.4,92.0,1297.9,50.8,0
5312,car,4.5,road_loopA_r0,road_loopA_r1,6909.6,7006.9,97.3,1298.3,48.0,0
5290,car,4.5,road_loopA_f0,road_loopA_f1,6887.4,7007.1,119.7,1303.8,39.2,1
5329,car,4.5,road_loopA_f0,xloopA_0Ab,6927.0,7007.4,80.4,505.2,22.6,1
5299,car,4.5,road_loopA_f0,road_loopA_f1,6899.2,7008.4,109.2,1303.3,43.0,1
5296,car,4.5,road_loopA_f0,road_loopA_f1,6891.3,7008.8,117.5,1303.1,39.9,1
5310,suv,4.8,road_loopA_r0,road_loopA_r1,6907.1,7009.5,102.4,1298.2,45.6,0
5355,car,4.5,road_loopA_f0,xloopA_0Ab,6947.1,7010.1,63.0,505.4,28.9,1
5306,car,4.5,road_loopA_f0,road_loopA_f1,6905.9,7010.7,104.8,1303.3,44.8,0
5320,car,4.5,road_loopA_f0,road_loopA_f1,6916.0,7012.4,96.4,1303.0,48.7,0
5364,car,4.5,road_loopA_f0,xloopA_0Ab,6957.1,7012.7,55.6,505.2,32.7,1
5271,truck,8.5,road_loopA_f0,road_loopA_f1,6868.2,7014.3,146.1,1303.0,32.1,1
5284,car,4.5,road_loopA_f0,road_loopA_f1,6881.0,7014.3,133.3,1303.0,35.2,1
5330,car,4.5,xloopA_0Ba,xloopA_0Bb,6927.0,7016.8,89.8,84.4,3.4,1
5285,car,4.5,road_loopA_f0,road_loopA_f1,6883.0,7017.0,134.0,1303.1,35.0,1
5304,truck,8.5,road_loopA_r0,road_loopA_r1,6905.0,7017.2,112.2,1297.4,41.6,0
5324,suv,4.8,road_loopA_r0,road_loopA_r1,6919.2,7017.4,98.2,1298.1,47.6,0
5334,car,4.5,xloopA_0Aa,xloopA_0Ab,6929.9,7018.5,88.6,84.5,3.4,1
5326,car,4.5,road_loopA_f0,road_loopA_f1,6920.3,7018.8,98.5,1304.1,47.7,0
5287,car,4.5,road_loopA_f0,road_loopA_f1,6884.9,7019.3,134.4,1304.0,34.9,1
5316,car,4.5,road_loopA_f0,road_loopA_f1,6912.2,7020.7,108.5,1304.1,43.3,0
5338,car,4.5,xloopA_0Aa,xloopA_0Ab,6934.2,7020.7,86.5,84.7,3.5,1
5293,car,4.5,road_loopA_f0,road_loopA_f1,6889.0,7021.4,132.4,1304.0,35.5,1
5323,suv,4.8,road_loopA_f0,road_loopA_f1,6918.9,7022.6,103.7,1303.8,45.3,0
5403,car,4.5,xloopA_0Ba,xloopA_0Bb,6991.0,7022.9,31.9,84.8,9.6,0
5387,car,4.5,xloopA_0Aa,xloopA_0Ab,6981.6,7023.9,42.3,84.6,7.2,0
5297,car,4.5,road_loopA_f0,road_loopA_f1,6895.0,7024.1,129.1,1303.8,36.4,1
5319,truck,8.5,road_loopA_f0,road_loopA_f1,6915.7,7025.0,109.3,1303.8,43.0,0
5332,car,4.5,road_loopA_f0,road_loopA_f1,6928.2,7028.1,99.9,1303.2,46.9,0
5300,suv,4.8,road_loopA_f0,road_loopA_f1,6899.5,7028.2,128.7,1303.7,36.5,0
5256,car,4.5,xloopA_0Aa,road_loopA_f1,6855.5,7028.9,173.4,872.3,18.1,1
5328,truck,8.5,road_loopA_f0,road_loopA_f1,6926.4,7031.1,104.7,1303.6,44.8,0
5305,car,4.5,road_loopA_f0,road_loopA_f1,6905.2,7031.4,126.2,1304.1,37.2,0
5308,car,4.5,road_loopA_f0,road_loopA_f1,6906.7,7032.3,125.6,1303.5,37.4,0
5315,suv,4.8,road_loopA_f0,road_loopA_f1,6911.1,7034.0,122.9,1303.5,38.2,0
5301,truck,8.5,road_loopA_f0,road_loopA_f1,6901.5,7035.3,133.8,1304.0,35.1,0
5342,car,4.5,road_loopA_f0,road_loopA_f1,6935.6,7036.6,101.0,1303.2,46.4,0
5288,car,4.5,xloopA_0Aa,road_loopA_f1,6885.8,7036.8,151.0,872.4,20.8,0
5314,bus,11.0,road_loopA_f0,road_loopA_f1,6910.1,7036.9,126.8,1303.3,37.0,0
5363,car,4.5,road_loopA_f0,xloopA_0Bb,6956.3,7036.9,80.6,478.6,21.4,1
5349,car,4.5,road_loopA_f0,road_loopA_f1,6943.5,7038.3,94.8,1303.9,49.5,0
5313,truck,8.5,road_loopA_f0,road_loopA_f1,6909.8,7039.7,129.9,1303.2,36.1,0
5346,car,4.5,road_loopA_f0,road_loopA_f1,6940.3,7040.0,99.7,1303.3,47.1,0
5337,car,4.5,road_loopA_f0,road_loopA_f1,6932.1,7041.3,109.2,1303.4,43.0,0
5327,truck,8.5,road_loopA_f0,road_loopA_f1,6922.6,7042.3,119.7,1303.7,39.2,0
5362,suv,4.8,road_loopA_f0,road_loopA_f1,6951.9,7043.0,91.1,1303.1,51.5,0
5343,truck,8.5,road_loopA_f0,road_loopA_f1,6937.7,7043.4,105.7,1302.9,44.4,0
5375,car,4.5,road_loopA_f0,xloopA_0Bb,6973.5,7045.2,71.7,478.7,24.0,2
5347,car,4.5,road_loopA_f0,road_loopA_f1,6941.5,7045.4,103.9,1303.5,45.2,0
5331,car,4.5,road_loopA_f0,road_loopA_f1,6927.4,7045.8,118.4,1303.6,39.6,0
5336,car,4.5,road_loopA_r0,xloopA_0Ab,6931.9,7045.9,114.0,869.1,27.4,1
5350,car,4.5,road_loopA_f0,road_loopA_f1,6944.9,7047.1,102.2,1303.1,45.9,0
5360,car,4.5,road_loopA_f0,road_loopA_f1,6951.2,7048.8,97.6,1302.9,48.0,0
5382,suv,4.8,road_loopA_f0,xloopA_0Bb,6979.0,7049.0,70.0,479.1,24.6,1
5381,car,4.5,road_loopA_r0,xloopA_0Ab,6975.8,7049.2,73.4,869.2,42.6,0
5400,suv,4.8,road_loopA_f0,xloopA_0Bb,6989.5,7052.6,63.1,479.0,27.3,0
5356,suv,4.8,road_loopA_f0,road_loopA_f1,6948.6,7061.0,112.4,1303.3,41.8,0
5344,car,4.5,road_loopA_r0,road_loopA_r1,6938.2,7061.9,123.7,1298.0,37.8,1
5373,car,4.5,road_loopA_r0,xloopA_0Ab,6969.4,7063.4,94.0,869.0,33.3,1
5275,bus,11.0,road_loopA_f0,road_loopA_f1,6873.3,7064.7,191.4,1303.2,24.5,3
5339,car,4.5,road_loopA_r0,road_loopA_r1,6934.3,7065.1,130.8,1298.4,35.7,1
5335,suv,4.8,road_loopA_r0,road_loopA_r1,6930.6,7066.1,135.5,1298.2,34.5,1
5340,suv,4.8,road_loopA_r0,road_loopA_r1,6934.6,7067.8,133.2,1297.3,35.1,1
5357,suv,4.8,road_loopA_r0,road_loopA_r1,6949.0,7068.2,119.2,1298.3,39.2,1
5333,suv,4.8,road_loopA_r0,road_loopA_r1,6929.4,7068.4,139.0,1298.3,33.6,1
5345,car,4.5,road_loopA_r0,road_loopA_r1,6939.2,7069.6,130.4,1298.3,35.8,1
5348,car,4.5,road_loopA_r0,road_loopA_r1,6942.6,7070.1,127.5,1298.4,36.7,1
5358,car,4.5,road_loopA_r0,road_loopA_r1,6949.2,7070.9,121.7,1298.3,38.4,1
5351,car,4.5,road_loopA_r0,road_loopA_r1,6945.3,7071.4,126.1,1298.6,37.1,1
5353,car,4.5,road_loopA_r0,road_loopA_r1,6946.6,7073.0,126.4,1297.3,37.0,1
5367,car,4.5,road_loopA_r0,road_loopA_r1,6959.1,7073.3,114.2,1298.6,40.9,1
5354,bus,11.0,road_loopA_f0,road_loopA_f1,6946.7,7074.3,127.6,1303.5,36.8,1
5359,car,4.5,road_loopA_r0,road_loopA_r1,6950.8,7074.7,123.9,1297.9,37.7,1
5383,car,4.5,road_loopA_r0,road_loopA_r1,6979.6,7076.2,96.6,1298.4,48.4,0
5352,car,4.5,road_loopA_r0,road_loopA_r1,6945.6,7076.5,130.9,1297.6,35.7,1
5371,car,4.5,road_loopA_r0,road_loopA_r1,6966.6,7077.4,110.8,1297.9,42.2,0
5450,car,4.5,road_loopA_f0,xloopA_0Bb,7039.0,7079.0,40.0,478.6,43.1,0
5388,car,4.5,road_loopA_r0,road_loopA_r1,6983.6,7079.2,95.6,1297.6,48.9,0
5386,truck,8.5,road_loopA_r0,road_loopA_r1,6981.3,7083.1,101.8,1298.5,45.9,0
5269,bus,11.0,road_loopA_f0,road_loopA_f1,6867.0,7084.6,217.6,1303.4,21.6,4
5399,suv,4.8,road_loopA_r0,road_loopA_r1,6989.2,7084.8,95.6,1298.2,48.9,0
5390,car,4.5,road_loopA_r0,road_loopA_r1,6984.9,7087.3,102.4,1298.3,45.6,0
5404,car,4.5,road_loopA_r0,road_loopA_r1,6991.7,7087.5,95.8,1298.1,48.8,0
5398,car,4.5,road_loopA_r0,road_loopA_r1,6988.9,7089.0,100.1,1298.1,46.7,0
5395,car,4.5,road_loopA_r0,road_loopA_r1,6987.7,7090.2,102.5,1298.3,45.6,0
5397,car,4.5,road_loopA_r0,road_loopA_r1,6988.8,7090.6,101.8,1297.6,45.9,0
5408,car,4.5,road_loopA_r0,road_loopA_r1,6993.9,7092.4,98.5,1297.7,47.4,0
5374,suv,4.8,road_loopA_f0,road_loopA_f1,6970.8,7094.0,123.2,1303.8,38.1,1
5405,car,4.5,road_loopA_r0,road_loopA_r1,6992.8,7094.1,101.3,1298.1,46.1,0
5420,car,4.5,road_loopA_r0,xloopA_0Bb,7005.9,7095.0,89.1,895.3,36.2,1
5368,car,4.5,road_loopA_f0,xloopA_0Ab,6960.4,7095.6,135.2,505.5,13.5,1
5415,car,4.5,road_loopA_r0,road_loopA_r1,7000.9,7095.6,94.7,1298.3,49.4,0
5377,suv,4.8,road_loopA_f0,road_loopA_f1,6973.8,7095.7,121.9,1303.8,38.5,1
5372,suv,4.8,road_loopA_r0,road_loopA_r1,6968.6,7096.1,127.5,1297.4,36.6,0
5393,car,4.5,road_loopA_f0,road_loopA_f1,6985.9,7097.4,111.5,1303.1,42.1,1
5406,car,4.5,road_loopA_f0,xloopA_0Ab,6993.0,7098.1,105.1,504.9,17.3,1
5401,suv,4.8,road_loopA_f0,road_loopA_f1,6989.5,7099.0,109.5,1303.0,42.9,1
5412,car,4.5,road_loopA_f0,xloopA_0Ab,6996.6,7100.8,104.2,505.1,17.5,1
5407,suv,4.8,road_loopA_f0,road_loopA_f1,6993.3,7101.7,108.4,1303.5,43.3,1
5426,suv,4.8,road_loopA_r0,road_loopA_r1,7011.4,7101.7,90.3,1298.0,51.8,0
5424,car,4.5,road_loopA_f0,xloopA_0Ab,7008.7,7103.5,94.8,505.4,19.2,1
5428,suv,4.8,road_loopA_r0,road_loopA_r1,7013.1,7104.4,91.3,1298.2,51.2,0
5295,bus,11.0,road_loopA_r0,road_loopA_r1,6891.0,7104.5,213.5,1298.2,21.9,3
5411,car,4.5,road_loopA_f0,road_loopA_f1,6996.4,7105.8,109.4,1303.9,42.9,1
5448,car,4.5,road_loopA_f0,xloopA_0Ab,7038.6,7106.1,67.5,505.1,26.9,1
5391,car,4.5,road_loopA_r0,road_loopA_r1,6985.0,7106.2,121.2,1298.3,38.6,0
5361,car,4.5,road_loopA_f0,road_loopA_f1,6951.4,7106.5,155.1,1302.8,30.2,1
5369,car,4.5,xloopA_0Ba,road_loopA_f1,6961.8,7106.6,144.8,902.7,22.4,1
5421,car,4.5,road_loopA_r0,road_loopA_r1,7006.6,7107.4,100.8,1297.4,46.3,0
5392,suv,4.8,road_loopA_f0,road_loopA_f1,6985.2,7107.5,122.3,1303.1,38.3,1
5370,car,4.5,road_loopA_f0,road_loopA_f1,6962.8,7108.2,145.4,1304.0,32.3,1
5425,suv,4.8,road_loopA_f0,road_loopA_f1,7010.9,7109.3,98.4,1303.5,47.7,0
5503,car,4.5,xloopA_0Ba,xloopA_0Bb,7093.9,7111.0,17.1,84.7,17.8,1
5430,suv,4.8,road_loopA_f0,road_loopA_f1,7018.1,7111.3,93.2,1303.7,50.3,0
5419,car,4.5,xloopA_0Aa,xloopA_0Ab,7004.9,7111.4,106.5,84.2,2.8,1
5380,car,4.5,road_loopA_f0,road_loopA_f1,6975.9,7112.7,136.8,1303.5,34.3,1
5396,car,4.5,road_loopA_f0,road_loopA_f1,6988.9,7113.0,124.1,1303.4,37.8,1
5417,car,4.5,road_loopA_f0,road_loopA_f1,7003.8,7114.0,110.2,1303.1,42.6,0
5385,car,4.5,road_loopA_f0,road_loopA_f1,6980.7,7115.7,135.0,1303.2,34.8,1
5389,car,4.5,xloopA_0Ba,road_loopA_f1,6983.7,7115.8,132.1,903.0,24.6,1
5443,car,4.5,xloopA_0Aa,xloopA_0Ab,7030.5,7117.1,86.6,84.5,3.5,0
5384,suv,4.8,road_loopA_f0,road_loopA_f1,6979.9,7117.4,137.5,1303.3,34.1,1
5413,car,4.5,road_loopA_f0,road_loopA_f1,6998.4,7118.0,119.6,1303.6,39.2,0
5414,suv,4.8,road_loopA_f0,road_loopA_f1,7000.4,7119.5,119.1,1302.9,39.4,0
5436,car,4.5,road_loopA_f0,road_loopA_f1,7023.4,7119.5,96.1,1303.4,48.8,0
5444,car,4.5,xloopA_0Aa,xloopA_0Ab,7037.1,7119.6,82.5,84.3,3.7,0
5418,car,4.5,road_loopA_f0,road_loopA_f1,7004.6,7120.9,116.3,1302.8,40.3,0
5432,suv,4.8,road_loopA_f0,road_loopA_f1,7019.2,7121.3,102.1,1303.4,46.0,0
5394,car,4.5,road_loopA_f0,road_loopA_f1,6987.6,7122.8,135.2,1303.7,34.7,1
5442,car,4.5,road_loopA_f0,road_loopA_f1,7029.7,7123.8,94.1,1303.8,49.9,0
5433,truck,8.5,road_loopA_f0,road_loopA_f1,7019.7,7124.9,105.2,1303.6,44.6,0
5423,car,4.5,road_loopA_f0,road_loopA_f1,7006.8,7126.2,119.4,1303.6,39.3,0
5434,car,4.5,road_loopA_r0,xloopA_0Ab,7021.5,7126.8,105.3,869.1,29.7,2
5429,car,4.5,road_loopA_f0,road_loopA_f1,7014.0,7126.9,112.9,1303.8,41.6,0
5446,car,4.5,road_loopA_f0,road_loopA_f1,7037.6,7128.0,90.4,1303.0,51.9,0
5378,car,4.5,road_loopA_f0,road_loopA_f1,6974.0,7128.9,154.9,1303.4,30.3,1
5318,car,4.5,xloopA_0Aa,road_loopA_f1,6915.3,7129.3,214.0,872.4,14.7,1
5402,car,4.5,xloopA_0Aa,road_loopA_f1,6990.0,7131.3,141.3,872.0,22.2,0
5451,car,4.5,road_loopA_f0,road_loopA_f1,7039.1,7131.4,92.3,1303.9,50.9,0
5416,car,4.5,road_loopA_f0,road_loopA_f1,7003.8,7131.7,127.9,1302.9,36.7,0
5366,suv,4.8,road_loopA_f0,road_loopA_f1,6958.9,7133.1,174.2,1303.8,26.9,1
5449,car,4.5,road_loopA_f0,road_loopA_f1,7038.7,7133.7,95.0,1303.2,49.4,0
5365,suv,4.8,road_loopA_f0,road_loopA_f1,6958.1,7134.8,176.7,1303.1,26.6,1
5452,suv,4.8,road_loopA_f0,road_loopA_f1,7039.1,7135.7,96.6,1303.8,48.6,0
5476,car,4.5,road_loopA_f0,xloopA_0Bb,7065.6,7135.7,70.1,478.7,24.6,2
5376,car,4.5,road_loopA_f0,road_loopA_f1,6973.6,7136.5,162.9,1303.2,28.8,1
5459,car,4.5,road_loopA_f0,road_loopA_f1,7046.0,7136.5,90.5,1303.9,51.9,0
5410,car,4.5,road_loopA_f0,road_loopA_f1,6995.2,7138.3,143.1,1302.9,32.8,0
5445,car,4.5,road_loopA_f0,road_loopA_f1,7037.6,7138.3,100.7,1303.4,46.6,0
5497,car,4.5,road_loopA_f0,xloopA_0Bb,7088.8,7140.4,51.6,478.6,33.4,0
5457,car,4.5,road_loopA_f0,road_loopA_f1,7042.3,7140.6,98.3,1303.8,47.8,0
5455,car,4.5,road_loopA_f0,road_loopA_f1,7041.2,7142.0,100.8,1303.2,46.5,0
5460,truck,8.5,road_loopA_f0,road_loopA_f1,7046.4,7143.5,97.1,1303.3,48.3,0
5464,suv,4.8,road_loopA_r0,xloopA_0Ab,7051.7,7151.1,99.4,869.5,31.5,1
5485,car,4.5,road_loopA_r0,xloopA_0Ab,7069.7,7154.4,84.7,869.1,36.9,0
5435,car,4.5,road_loopA_r0,road_loopA_r1,7022.5,7157.1,134.6,1297.8,34.7,1
5427,suv,4.8,road_loopA_r0,road_loopA_r1,7011.9,7159.5,147.6,1297.7,31.6,1
5437,car,4.5,road_loopA_r0,road_loopA_r1,7023.9,7159.7,135.8,1297.8,34.4,1
5491,truck,8.5,road_loopA_r0,xloopA_0Ab,7075.8,7159.7,83.9,869.1,37.3,0
5447,car,4.5,road_loopA_r0,road_loopA_r1,7038.2,7161.1,122.9,1297.4,38.0,1
5458,car,4.5,road_loopA_r0,road_loopA_r1,7043.2,7162.7,119.5,1298.5,39.1,1
5454,car,4.5,road_loopA_r0,road_loopA_r1,7039.5,7162.9,123.4,1298.5,37.9,1
5468,car,4.5,road_loopA_r0,road_loopA_r1,7058.8,7165.4,106.6,1298.1,43.8,0
5441,suv,4.8,road_loopA_r0,road_loopA_r1,7028.9,7167.2,138.3,1298.2,33.8,1
5438,car,4.5,road_loopA_r0,road_loopA_r1,7025.0,7168.1,143.1,1297.7,32.6,1
5409,car,4.5,xloopA_0Aa,road_loopA_r1,6994.0,7169.1,175.1,506.4,10.4,1
5456,car,4.5,road_loopA_r0,road_loopA_r1,7042.0,7169.4,127.4,1297.4,36.7,1
5488,car,4.5,road_loopA_r0,road_loopA_r1,7071.1,7171.2,100.1,1297.3,46.7,0
5453,car,4.5,road_loopA_r0,road_loopA_r1,7039.3,7171.7,132.4,1297.3,35.3,1
5462,car,4.5,road_loopA_r0,road_loopA_r1,7051.6,7172.0,120.4,1298.1,38.8,1
5539,car,4.5,road_loopA_f0,xloopA_0Bb,7124.4,7172.2,47.8,478.8,36.1,0
5484,car,4.5,road_loopA_r0,xloopA_0Ab,7069.2,7172.6,103.4,869.2,30.3,1
5489,suv,4.8,road_loopA_r0,road_loopA_r1,7074.8,7173.1,98.3,1297.4,47.5,0
5467,car,4.5,road_loopA_r0,road_loopA_r1,7057.4,7174.0,116.6,1298.1,40.1,1
5490,car,4.5,road_loopA_r0,road_loopA_r1,7074.9,7175.5,100.6,1298.6,46.5,0
5470,car,4.5,road_loopA_r0,road_loopA_r1,7061.3,7175.8,114.5,1298.5,40.8,0
5487,suv,4.8,road_loopA_r0,road_loopA_r1,7070.7,7177.3,106.6,1298.2,43.9,0
5477,suv,4.8,road_loopA_r0,road_loopA_r1,7067.7,7177.6,109.9,1297.9,42.5,0
5514,car,4.5,xloopA_0Ba,road_loopA_r1,7103.2,7178.8,75.6,476.8,22.7,0
5482,suv,4.8,road_loopA_r0,road_loopA_r1,7068.6,7179.4,110.8,1297.3,42.2,0
5422,car,4.5,road_loopA_r0,road_loopA_r1,7006.6,7180.6,174.0,1297.9,26.9,1
5440,car,4.5,road_loopA_r0,road_loopA_r1,7027.2,7180.8,153.6,1298.2,30.4,1
5480,suv,4.8,road_loopA_r0,road_loopA_r1,7068.2,7181.4,113.2,1298.5,41.3,0
5461,truck,8.5,road_loopA_r0,road_loopA_r1,7051.5,7182.3,130.8,1297.7,35.7,0
5493,car,4.5,road_loopA_r0,road_loopA_r1,7082.6,7183.2,100.6,1298.7,46.5,0
5471,suv,4.8,road_loopA_f0,road_loopA_f1,7061.9,7183.9,122.0,1304.0,38.5,1
5500,car,4.5,road_loopA_r0,road_loopA_r1,7091.2,7184.1,92.9,1297.3,50.3,0
5496,car,4.5,road_loopA_r0,road_loopA_r1,7086.4,7185.2,98.8,1297.3,47.3,0
5479,car,4.5,road_loopA_f0,road_loopA_f1,7068.2,7186.9,118.7,1303.7,39.5,1
5510,car,4.5,road_loopA_r0,road_loopA_r1,7098.8,7187.8,89.0,1297.3,52.5,0
5473,suv,4.8,road_loopA_f0,road_loopA_f1,7064.3,7187.9,123.6,1303.0,37.9,1
5466,suv,4.8,road_loopA_f0,road_loopA_f1,7056.7,7188.8,132.1,1303.3,35.5,1
5486,car,4.5,road_loopA_f0,road_loopA_f1,7070.2,7190.7,120.5,1302.9,38.9,1
5483,suv,4.8,road_loopA_f0,road_loopA_f1,7069.1,7190.8,121.7,1303.9,38.6,1
5501,truck,8.5,road_loopA_r0,road_loopA_r1,7092.8,7191.1,98.3,1297.5,47.5,0
5463,truck,8.5,road_loopA_f0,road_loopA_f1,7051.7,7191.4,139.7,1303.6,33.6,1
5513,suv,4.8,road_loopA_r0,road_loopA_r1,7101.3,7193.1,91.8,1298.4,50.9,0
5472,car,4.5,road_loopA_f0,road_loopA_f1,7062.3,7194.2,131.9,1303.9,35.6,1
5519,suv,4.8,road_loopA_r0,road_loopA_r1,7107.2,7196.7,89.5,1297.6,52.2,0
5520,car,4.5,road_loopA_r0,road_loopA_r1,7108.1,7197.2,89.1,1297.9,52.4,0
5478,suv,4.8,road_loopA_f0,road_loopA_f1,7068.0,7199.2,131.2,1303.8,35.8,1
5492,car,4.5,road_loopA_f0,road_loopA_f1,7077.1,7199.8,122.7,1303.8,38.2,1
5494,truck,8.5,road_loopA_f0,road_loopA_f1,7083.5,7201.4,117.9,1303.6,39.8,0
5506,car,4.5,road_loopA_f0,road_loopA_f1,7097.0,7201.4,104.4,1303.2,44.9,0
5502,car,4.5,road_loopA_f0,road_loopA_f1,7093.1,7202.5,109.4,1303.2,42.9,0
5508,car,4.5,road_loopA_f0,road_loopA_f1,7098.3,7203.2,104.9,1304.0,44.8,0
5498,suv,4.8,road_loopA_f0,road_loopA_f1,7089.5,7203.5,114.0,1303.7,41.2,0
5527,car,4.5,road_loopA_r0,road_loopA_r1,7114.4,7203.5,89.1,1298.5,52.5,0
5523,car,4.5,road_loopA_f0,road_loopA_f1,7111.9,7205.1,93.2,1304.0,50.4,0
5511,car,4.5,road_loopA_f0,road_loopA_f1,7099.8,7206.2,106.4,1303.2,44.1,0
5529,suv,4.8,road_loopA_r0,road_loopA_r1,7118.2,7207.2,89.0,1297.3,52.5,0
5526,car,4.5,road_loopA_f0,road_loopA_f1,7114.4,7207.3,92.9,1303.0,50.5,0
5515,car,4.5,road_loopA_f0,road_loopA_f1,7103.8,7208.0,104.2,1303.4,45.0,0
5507,car,4.5,road_loopA_f0,road_loopA_f1,7097.0,7208.8,111.8,1303.3,42.0,0
5475,bus,11.0,road_loopA_r0,road_loopA_r1,7065.4,7209.0,143.6,1297.8,32.5,1
5534,suv,4.8,road_loopA_f0,road_loopA_f1,7122.0,7211.4,89.4,1303.1,52.5,0
5531,car,4.5,road_loopA_r0,xloopA_0Ab,7118.5,7212.0,93.5,868.9,33.5,1
5537,car,4.5,road_loopA_r0,road_loopA_r1,7123.0,7212.0,89.0,1297.3,52.5,0
5516,car,4.5,road_loopA_r0,road_loopA_r1,7105.9,7213.6,107.7,1298.2,43.4,0
5495,car,4.5,road_loopA_f0,road_loopA_f1,7085.1,7214.6,129.5,1303.6,36.2,0
5465,car,4.5,road_loopA_f0,road_loopA_f1,7053.5,7214.9,161.4,1303.4,29.1,1
5532,car,4.5,road_loopA_f0,road_loopA_f1,7119.5,7215.4,95.9,1303.8,48.9,0
5512,car,4.5,road_loopA_f0,road_loopA_f1,7100.8,7217.0,116.2,1303.8,40.4,0
5530,suv,4.8,road_loopA_f0,road_loopA_f1,7118.4,7217.2,98.8,1303.7,47.5,0
5504,suv,4.8,road_loopA_f0,road_loopA_f1,7094.1,7219.6,125.5,1302.9,37.4,0
5517,car,4.5,road_loopA_f0,road_loopA_f1,7106.6,7221.4,114.8,1303.8,40.9,0
5518,car,4.5,road_loopA_f0,road_loopA_f1,7106.7,7221.4,114.7,1303.0,40.9,0
5439,car,4.5,xloopA_0Aa,road_loopA_f1,7025.9,7221.5,195.6,872.4,16.1,1
5469,car,4.5,road_loopA_f0,road_loopA_f1,7059.3,7223.1,163.8,1302.9,28.6,1
5550,suv,4.8,road_loopA_f0,road_loopA_f1,7130.9,7223.1,92.2,1303.9,50.9,0
5535,car,4.5,road_loopA_f0,road_loopA_f1,7122.4,7223.2,100.8,1303.1,46.5,0
5499,car,4.5,road_loopA_f0,road_loopA_f1,7090.9,7224.8,133.9,1304.0,35.0,0
5551,car,4.5,road_loopA_f0,road_loopA_f1,7131.0,7224.8,93.8,1303.8,50.1,0
5533,car,4.5,road_loopA_f0,road_loopA_f1,7121.3,7224.9,103.6,1303.0,45.3,0
5536,truck,8.5,road_loopA_r0,road_loopA_r1,7122.7,7225.1,102.4,1298.1,45.6,0
5542,suv,4.8,road_loopA_r0,road_loopA_r1,7125.5,7225.3,99.8,1297.9,46.8,0
5549,car,4.5,road_loopA_f0,road_loopA_f1,7130.7,7226.7,96.0,1303.7,48.9,0
5555,car,4.5,road_loopA_f0,road_loopA_f1,7134.4,7226.9,92.5,1304.1,50.8,0
5540,suv,4.8,road_loopA_r0,road_loopA_r1,7124.6,7227.1,102.5,1297.6,45.6,0
5538,suv,4.8,road_loopA_r0,road_loopA_r1,7124.4,7227.4,103.0,1297.9,45.4,0
5548,car,4.5,road_loopA_r0,road_loopA_r1,7130.4,7227.9,97.5,1298.2,48.0,0
5559,car,4.5,road_loopA_f0,road_loopA_f1,7136.6,7228.7,92.1,1302.8,50.9,0
5541,car,4.5,road_loopA_r0,road_loopA_r1,7124.8,7229.1,104.3,1298.6,44.8,0
5558,car,4.5,road_loopA_r0,road_loopA_r1,7136.1,7229.5,93.4,1297.9,50.0,0
5554,car,4.5,road_loopA_r0,road_loopA_r1,7133.7,7230.7,97.0,1298.7,48.2,0
5545,suv,4.8,road_loopA_r0,road_loopA_r1,7126.6,7230.9,104.3,1298.4,44.8,0
5563,suv,4.8,road_loopA_r0,road_loopA_r1,7140.3,7232.4,92.1,1297.5,50.7,0
5561,car,4.5,road_loopA_f0,road_loopA_f1,7138.3,7233.9,95.6,1303.4,49.1,0
5565,car,4.5,road_loopA_r0,road_loopA_r1,7141.5,7234.2,92.7,1297.4,50.4,0
5524,car,4.5,road_loopA_f0,road_loopA_f1,7112.4,7235.0,122.6,1303.3,38.3,0
5564,car,4.5,road_loopA_r0,road_loopA_r1,7140.7,7236.0,95.3,1298.0,49.0,0
5547,car,4.5,road_loopA_r0,road_loopA_r1,7128.9,7238.5,109.6,1298.3,42.6,0
5566,car,4.5,road_loopA_r0,road_loopA_r1,7142.0,7240.8,98.8,1297.4,47.3,0
5546,car,4.5,road_loopA_f0,road_loopA_f1,7128.9,7240.9,112.0,1303.0,41.9,0
5568,car,4.5,road_loopA_r0,road_loopA_r1,7143.0,7241.2,98.2,1298.1,47.6,0
5562,car,4.5,road_loopA_f0,road_loopA_f1,7139.4,7241.3,101.9,1303.5,46.0,0
5553,car,4.5,road_loopA_r0,road_loopA_r1,7133.6,7241.8,108.2,1298.3,43.2,0
5560,car,4.5,road_loopA_r0,road_loopA_r1,7137.4,7243.5,106.1,1297.8,44.0,0
5552,suv,4.8,road_loopA_f0,road_loopA_f1,7132.4,7243.6,111.2,1302.9,42.2,0
5572,car,4.5,road_loopA_f0,road_loopA_f1,7149.7,7244.7,95.0,1303.6,49.4,0
5556,car,4.5,road_loopA_f0,road_loopA_f1,7134.5,7245.3,110.8,1304.0,42.4,0
5575,car,4.5,road_loopA_f0,road_loopA_f1,7152.0,7246.8,94.8,1303.7,49.5,0
5567,car,4.5,road_loopA_f0,road_loopA_f1,7142.6,7247.1,104.5,1302.9,44.9,0
5578,car,4.5,road_loopA_r0,road_loopA_r1,7159.0,7248.0,89.0,1297.3,52.5,0
5579,car,4.5,road_loopA_f0,road_loopA_f1,7159.1,7249.9,90.8,1302.8,51.7,0
5577,suv,4.8,road_loopA_r0,road_loopA_r1,7155.0,7250.9,95.9,1297.9,48.7,0
5582,car,4.5,road_loopA_r0,road_loopA_r1,7162.4,7251.3,88.9,1297.3,52.5,0
5574,car,4.5,road_loopA_f0,road_loopA_f1,7151.5,7251.9,100.4,1303.8,46.8,0
5580,suv,4.8,road_loopA_f0,road_loopA_f1,7159.2,7252.7,93.5,1303.1,50.2,0
5584,suv,4.8,road_loopA_r0,road_loopA_r1,7162.7,7253.2,90.5,1297.9,51.7,0
5573,car,4.5,road_loopA_f0,road_loopA_f1,7151.4,7253.6,102.2,1303.1,45.9,0
5569,suv,4.8,road_loopA_f0,road_loopA_f1,7143.5,7255.0,111.5,1302.8,42.0,0
5570,car,4.5,road_loopA_f0,road_loopA_f1,7145.3,7262.6,117.3,1303.1,40.0,0
5590,suv,4.8,road_loopA_r0,road_loopA_r1,7170.5,7263.4,92.9,1298.4,50.3,0
5594,car,4.5,road_loopA_r0,road_loopA_r1,7172.2,7263.4,91.2,1298.0,51.2,0
5591,car,4.5,road_loopA_f0,road_loopA_f1,7170.7,7264.6,93.9,1303.9,50.0,0
5598,car,4.5,road_loopA_r0,road_loopA_r1,7176.7,7265.6,88.9,1297.3,52.5,0
5596,car,4.5,road_loopA_f0,road_loopA_f1,7175.8,7267.3,91.5,1303.0,51.3,0
5597,car,4.5,road_loopA_r0,road_loopA_r1,7176.2,7269.5,93.3,1297.5,50.1,0
5600,suv,4.8,road_loopA_f0,road_loopA_f1,7177.3,7269.6,92.3,1302.9,50.8,0
5605,car,4.5,road_loopA_r0,road_loopA_r1,7182.7,7272.1,89.4,1298.5,52.3,0
5603,suv,4.8,road_loopA_f0,road_loopA_f1,7180.7,7272.7,92.0,1302.8,51.0,0
5585,truck,8.5,road_loopA_f0,road_loopA_f1,7163.4,7273.6,110.2,1303.3,42.6,0
5588,car,4.5,road_loopA_f0,road_loopA_f1,7169.1,7275.6,106.5,1303.0,44.0,0
5602,suv,4.8,road_loopA_f0,road_loopA_f1,7178.4,7275.6,97.2,1303.0,48.2,0
1070,tram,34.0,loopB,loopB,3135.5,7276.1,4140.6,33672.3,29.3,40
5586,truck,8.5,road_loopA_f0,road_loopA_f1,7165.6,7276.6,111.0,1303.4,42.3,0
5581,car,4.5,road_loopA_r0,road_loopA_r1,7160.6,7276.8,116.2,1297.3,40.2,0
5593,suv,4.8,road_loopA_r0,road_loopA_r1,7171.1,7277.2,106.1,1297.5,44.0,0
5589,car,4.5,road_loopA_f0,road_loopA_f1,7169.7,7278.5,108.8,1303.3,43.1,0
5604,truck,8.5,road_loopA_f0,road_loopA_f1,7181.8,7278.5,96.7,1303.2,48.5,0
5583,car,4.5,road_loopA_r0,road_loopA_r1,7162.4,7279.7,117.3,1297.6,39.8,0
5595,car,4.5,road_loopA_f0,road_loopA_f1,7175.8,7280.3,104.5,1303.7,44.9,0
5614,car,4.5,road_loopA_r0,road_loopA_r1,7189.2,7280.5,91.3,1297.6,51.2,0
5599,car,4.5,road_loopA_f0,road_loopA_f1,7176.7,7281.3,104.6,1303.2,44.9,0
5509,car,4.5,road_loopA_f0,xloopA_0Ab,7098.5,7282.6,184.1,505.2,9.9,1
5608,suv,4.8,road_loopA_r0,road_loopA_r1,7184.4,7282.6,98.2,1297.7,47.6,0
5618,suv,4.8,road_loopA_r0,road_loopA_r1,7192.4,7283.2,90.8,1297.6,51.4,0
5481,truck,8.5,road_loopA_r0,xloopA_0Bb,7068.1,7283.3,215.2,896.0,15.0,1
5620,suv,4.8,road_loopA_r0,road_loopA_r1,7193.2,7285.0,91.8,1298.6,50.9,0
5525,car,4.5,road_loopA_f0,xloopA_0Ab,7113.7,7285.2,171.5,505.2,10.6,1
5521,suv,4.8,road_loopA_r0,xloopA_0Bb,7108.8,7286.3,177.5,895.9,18.2,1
5623,car,4.5,road_loopA_r0,road_loopA_r1,7195.4,7286.7,91.3,1298.3,51.2,0
5606,car,4.5,road_loopA_r0,road_loopA_r1,7183.7,7287.7,104.0,1297.9,44.9,0
5544,car,4.5,road_loopA_f0,xloopA_0Ab,7126.5,7287.9,161.4,505.4,11.3,1
5619,car,4.5,road_loopA_r0,road_loopA_r1,7192.6,7288.4,95.8,1298.0,48.8,0
5609,suv,4.8,road_loopA_r0,road_loopA_r1,7186.6,7288.8,102.2,1297.5,45.7,0
5522,truck,8.5,road_loopA_r0,xloopA_0Bb,7108.9,7289.8,180.9,896.0,17.8,1
5629,suv,4.8,road_loopA_r0,road_loopA_r1,7198.8,7290.4,91.6,1297.6,51.0,0
5557,car,4.5,road_loopA_f0,xloopA_0Ab,7134.8,7290.5,155.7,505.1,11.7,1
5633,car,4.5,road_loopA_r0,road_loopA_r1,7201.0,7292.4,91.4,1297.8,51.1,0
5607,suv,4.8,road_loopA_r0,xloopA_0Bb,7183.9,7292.8,108.9,895.2,29.6,1
5663,car,4.5,road_loopA_f0,xloopA_0Ab,7230.2,7293.2,63.0,505.3,28.9,0
5639,car,4.5,road_loopA_r0,road_loopA_r1,7204.6,7293.6,89.0,1297.6,52.5,0
5617,car,4.5,road_loopA_r0,road_loopA_r1,7190.3,7294.4,104.1,1298.5,44.9,0
5626,car,4.5,road_loopA_f0,road_loopA_f1,7196.5,7297.7,101.2,1303.7,46.4,0
1119,tram,34.0,loopA,loopA,3178.9,7297.8,4118.9,33703.3,29.5,40
5613,truck,8.5,road_loopA_f0,road_loopA_f1,7188.8,7297.8,109.0,1303.7,43.0,0
5474,car,4.5,xloopA_0Aa,xloopA_0Ab,7064.3,7298.6,234.3,84.6,1.3,1
5642,car,4.5,road_loopA_r0,road_loopA_r1,7210.2,7299.1,88.9,1297.3,52.5,0
5636,car,4.5,road_loopA_f0,road_loopA_f1,7202.0,7299.9,97.9,1303.7,47.9,0
5528,car,4.5,xloopA_0Aa,xloopA_0Ab,7116.6,7301.1,184.5,84.6,1.7,1
5622,truck,8.5,road_loopA_r0,road_loopA_r1,7195.0,7301.4,106.4,1298.0,43.9,0
5592,car,4.5,xloopA_0Ba,xloopA_0Bb,7171.1,7301.6,130.5,84.1,2.3,1
5630,suv,4.8,road_loopA_f0,road_loopA_f1,7199.6,7301.8,102.2,1303.9,45.9,0
5611,car,4.5,road_loopA_f0,road_loopA_f1,7187.9,7302.8,114.9,1303.2,40.8,0
5543,car,4.5,xloopA_0Aa,xloopA_0Ab,7126.0,7303.4,177.4,84.2,1.7,0
5634,car,4.5,xloopA_0Ba,xloopA_0Bb,7201.6,7303.8,102.2,84.2,3.0,1
5610,car,4.5,road_loopA_f0,road_loopA_f1,7187.1,7304.2,117.1,1303.6,40.1,0
5621,car,4.5,road_loopA_f0,road_loopA_f1,7194.2,7304.3,110.1,1303.1,42.6,0
5615,car,4.5,road_loopA_f0,road_loopA_f1,7189.5,7304.5,115.0,1303.7,40.8,0
5576,car,4.5,xloopA_0Aa,xloopA_0Ab,7153.7,7305.3,151.6,84.1,2.0,0
5612,car,4.5,road_loopA_f0,road_loopA_f1,7188.0,7306.0,118.0,1303.8,39.8,0
5616,car,4.5,road_loopA_f0,road_loopA_f1,7190.3,7306.2,115.9,1304.1,40.5,0
5722,car,4.5,xloopA_0Ba,xloopA_0Bb,7288.5,7306.4,17.9,84.1,16.9,0
5640,car,4.5,road_loopA_f0,road_loopA_f1,7205.5,7306.8,101.3,1303.0,46.3,0
5587,car,4.5,xloopA_0Aa,xloopA_0Ab,7167.4,7307.8,140.4,84.4,2.2,0
5624,car,4.5,road_loopA_f0,road_loopA_f1,7196.2,7307.9,111.7,1303.8,42.0,0
5628,car,4.5,road_loopA_f0,road_loopA_f1,7197.9,7307.9,110.0,1304.0,42.7,0
5724,car,4.5,xloopA_0Ba,xloopA_0Bb,7291.1,7308.5,17.4,84.5,17.5,0
5651,car,4.5,road_loopA_f0,road_loopA_f1,7219.0,7308.8,89.8,1303.2,52.3,0
5627,car,4.5,road_loopA_f0,road_loopA_f1,7197.6,7309.6,112.0,1303.2,41.9,0
5647,car,4.5,road_loopA_f0,road_loopA_f1,7213.1,7309.6,96.5,1303.7,48.6,0
5637,car,4.5,road_loopA_f0,road_loopA_f1,7203.2,7311.4,108.2,1303.7,43.4,0
5641,car,4.5,road_loopA_f0,road_loopA_f1,7209.0,7311.5,102.5,1303.7,45.8,0
5656,car,4.5,road_loopA_f0,road_loopA_f1,7222.4,7313.2,90.8,1303.3,51.7,0
5650,car,4.5,road_loopA_f0,road_loopA_f1,7215.4,7318.0,102.6,1303.9,45.8,0
5657,car,4.5,road_loopA_f0,road_loopA_f1,7224.8,7318.5,93.7,1303.4,50.1,0
5659,car,4.5,road_loopA_f0,road_loopA_f1,7227.4,7319.7,92.3,1303.9,50.9,0
5631,car,4.5,road_loopA_r0,xloopA_0Ab,7200.1,7330.8,130.7,869.0,23.9,2
5689,suv,4.8,road_loopA_f0,xloopA_0Bb,7250.1,7330.9,80.8,479.1,21.4,2
5664,suv,4.8,road_loopA_r0,xloopA_0Ab,7231.0,7334.5,103.5,869.3,30.2,1
5685,suv,4.8,road_loopA_r0,xloopA_0Ab,7246.9,7338.5,91.6,869.4,34.2,1
5660,car,4.5,road_loopA_r0,xloopA_0Ab,7227.5,7342.2,114.7,869.2,27.3,1
5733,car,4.5,road_loopA_f0,xloopA_0Bb,7302.5,7345.8,43.3,478.7,39.8,0
5644,suv,4.8,road_loopA_r0,road_loopA_r1,7211.9,7348.2,136.3,1297.9,34.3,1
5739,car,4.5,road_loopA_f0,xloopA_0Bb,7307.0,7349.1,42.1,478.9,41.0,0
5648,car,4.5,road_loopA_r0,road_loopA_r1,7214.5,7349.5,135.0,1298.0,34.6,1
5654,suv,4.8,road_loopA_r0,road_loopA_r1,7221.0,7351.8,130.8,1297.8,35.7,1
5505,car,4.5,xloopA_0Aa,road_loopA_r1,7095.5,7352.9,257.4,507.0,7.1,1
5646,suv,4.8,road_loopA_r0,road_loopA_r1,7212.9,7354.5,141.6,1298.1,33.0,1
5655,car,4.5,road_loopA_r0,road_loopA_r1,7221.8,7354.8,133.0,1298.6,35.1,1
5571,car,4.5,xloopA_0Ba,road_loopA_r1,7149.6,7355.9,206.3,476.1,8.3,1
5652,car,4.5,road_loopA_r0,road_loopA_r1,7219.2,7356.1,136.9,1298.2,34.1,1
5632,car,4.5,road_loopA_r0,road_loopA_r1,7200.4,7357.7,157.3,1297.9,29.7,1
5653,suv,4.8,road_loopA_r0,road_loopA_r1,7220.7,7357.7,137.0,1297.9,34.1,1
5665,car,4.5,road_loopA_r0,road_loopA_r1,7231.9,7358.1,126.2,1298.3,37.0,1
5643,car,4.5,road_loopA_r0,road_loopA_r1,7211.8,7359.3,147.5,1297.5,31.7,1
5667,suv,4.8,road_loopA_r0,road_loopA_r1,7233.4,7359.9,126.5,1298.0,36.9,1
5682,car,4.5,road_loopA_r0,road_loopA_r1,7245.9,7360.8,114.9,1298.0,40.7,1
5662,car,4.5,road_loopA_r0,road_loopA_r1,7229.9,7361.0,131.1,1298.0,35.6,1
5688,car,4.5,road_loopA_r0,road_loopA_r1,7248.9,7362.4,113.5,1297.7,41.2,1
5758,car,4.5,road_loopA_f0,xloopA_0Bb,7322.0,7362.5,40.5,478.7,42.6,0
5635,bus,11.0,road_loopA_f0,road_loopA_f1,7201.8,7362.9,161.1,1303.0,29.1,2
5666,truck,8.5,road_loopA_r0,road_loopA_r1,7232.5,7363.1,130.6,1297.5,35.8,1
5672,car,4.5,road_loopA_r0,road_loopA_r1,7239.5,7365.1,125.6,1297.5,37.2,1
5673,car,4.5,road_loopA_r0,road_loopA_r1,7239.6,7365.1,125.5,1298.0,37.2,1
5691,truck,8.5,road_loopA_r0,road_loopA_r1,7251.6,7367.2,115.6,1298.3,40.4,0
5705,car,4.5,road_loopA_r0,road_loopA_r1,7266.0,7367.5,101.5,1297.7,46.0,0
5676,truck,8.5,road_loopA_r0,road_loopA_r1,7240.2,7367.7,127.5,1298.0,36.7,1
5692,suv,4.8,road_loopA_r0,road_loopA_r1,7252.7,7369.7,117.0,1297.4,39.9,1
5701,truck,8.5,road_loopA_r0,road_loopA_r1,7262.5,7369.8,107.3,1298.2,43.6,0
5711,car,4.5,road_loopA_r0,road_loopA_r1,7270.6,7370.5,99.9,1298.3,46.8,0
5713,suv,4.8,road_loopA_r0,road_loopA_r1,7273.6,7371.6,98.0,1297.7,47.7,0
5694,suv,4.8,road_loopA_r0,road_loopA_r1,7254.3,7371.7,117.4,1298.3,39.8,0
5693,suv,4.8,road_loopA_r0,road_loopA_r1,7253.2,7372.2,119.0,1297.9,39.3,0
5703,car,4.5,road_loopA_r0,road_loopA_r1,7264.4,7374.2,109.8,1298.2,42.6,0
5700,car,4.5,road_loopA_r0,road_loopA_r1,7262.0,7374.8,112.8,1298.0,41.4,0
5625,car,4.5,road_loopA_r0,xloopA_0Bb,7196.1,7375.5,179.4,895.3,18.0,2
5714,suv,4.8,road_loopA_f0,xloopA_0Ab,7275.7,7376.2,100.5,505.7,18.1,1
5702,car,4.5,road_loopA_r0,road_loopA_r1,7262.7,7376.7,114.0,1297.4,41.0,0
5712,truck,8.5,road_loopA_r0,road_loopA_r1,7271.2,7376.8,105.6,1298.5,44.3,0
5732,car,4.5,road_loopA_f0,xloopA_0Ab,7300.1,7378.8,78.7,505.4,23.1,1
5645,truck,8.5,road_loopA_r0,xloopA_0Bb,7212.5,7378.9,166.4,895.5,19.4,1
5715,car,4.5,road_loopA_r0,road_loopA_r1,7275.8,7379.7,103.9,1298.0,45.0,0
5708,truck,8.5,road_loopA_r0,road_loopA_r1,7268.3,7381.2,112.9,1297.6,41.4,0
5756,car,4.5,road_loopA_f0,xloopA_0Ab,7319.5,7381.4,61.9,505.1,29.4,1
5668,car,4.5,road_loopA_f0,road_loopA_f1,7234.1,7382.2,148.1,1303.9,31.7,1
5669,suv,4.8,road_loopA_f0,road_loopA_f1,7235.6,7382.3,146.7,1303.7,32.0,1
5720,car,4.5,road_loopA_r0,road_loopA_r1,7284.0,7382.4,98.4,1298.3,47.5,0
5649,truck,8.5,road_loopA_r0,xloopA_0Bb,7214.6,7382.7,168.1,895.9,19.2,1
5670,car,4.5,road_loopA_f0,road_loopA_f1,7238.6,7383.0,144.4,1303.8,32.5,1
5709,car,4.5,road_loopA_r0,road_loopA_r1,7269.7,7383.2,113.5,1297.6,41.1,0
5679,car,4.5,road_loopA_f0,road_loopA_f1,7244.0,7383.8,139.8,1302.9,33.5,1
5671,suv,4.8,road_loopA_f0,road_loopA_f1,7238.8,7383.9,145.1,1302.8,32.3,1
5698,car,4.5,road_loopA_r0,road_loopA_r1,7259.5,7384.9,125.4,1298.1,37.3,0
5684,car,4.5,road_loopA_f0,road_loopA_f1,7246.2,7385.6,139.4,1304.0,33.7,1
5658,car,4.5,road_loopA_r0,xloopA_0Bb,7226.8,7385.7,158.9,895.7,20.3,1
5675,car,4.5,road_loopA_f0,road_loopA_f1,7239.7,7385.7,146.0,1304.0,32.2,1
5690,car,4.5,road_loopA_f0,road_loopA_f1,7250.9,7385.8,134.9,1303.4,34.8,1
5677,car,4.5,road_loopA_f0,road_loopA_f1,7241.4,7387.5,146.1,1303.8,32.1,1
5696,car,4.5,road_loopA_f0,road_loopA_f1,7257.9,7387.5,129.6,1303.8,36.2,1
5731,car,4.5,road_loopA_r0,road_loopA_r1,7299.4,7388.3,88.9,1297.3,52.5,0
5681,car,4.5,road_loopA_f0,road_loopA_f1,7244.9,7389.3,144.4,1303.0,32.5,1
5638,bus,11.0,road_loopA_r0,road_loopA_r1,7204.3,7389.5,185.2,1297.5,25.2,2
5789,car,4.5,xloopA_0Ba,xloopA_0Bb,7351.9,7390.8,38.9,84.0,7.8,1
5686,truck,8.5,road_loopA_f0,road_loopA_f1,7248.2,7391.5,143.3,1303.1,32.7,1
5734,car,4.5,road_loopA_r0,road_loopA_r1,7304.0,7393.1,89.1,1297.8,52.4,0
5601,car,4.5,xloopA_0Aa,xloopA_0Ab,7177.6,7394.1,216.5,84.0,1.4,1
5707,car,4.5,road_loopA_r0,road_loopA_r1,7267.9,7394.2,126.3,1298.1,37.0,0
5718,car,4.5,road_loopA_f0,road_loopA_f1,7279.9,7394.9,115.0,1303.9,40.8,1
5697,truck,8.5,road_loopA_f0,road_loopA_f1,7259.4,7397.0,137.6,1304.0,34.1,1
5680,car,4.5,xloopA_0Aa,xloopA_0Ab,7244.7,7398.1,153.4,84.1,2.0,0
5723,suv,4.8,road_loopA_f0,road_loopA_f1,7288.7,7401.6,112.9,1303.7,41.6,0
5728,car,4.5,road_loopA_f0,road_loopA_f1,7295.9,7403.3,107.4,1303.1,43.7,0
5729,car,4.5,road_loopA_f0,road_loopA_f1,7298.8,7405.1,106.3,1303.6,44.2,0
5683,car,4.5,road_loopA_f0,road_loopA_f1,7246.2,7405.4,159.2,1303.1,29.5,1
5674,car,4.5,road_loopA_f0,road_loopA_f1,7239.6,7406.8,167.2,1303.2,28.1,1
5737,car,4.5,road_loopA_f0,road_loopA_f1,7305.8,7406.8,101.0,1303.1,46.5,0
5687,car,4.5,road_loopA_f0,road_loopA_f1,7248.7,7407.0,158.3,1303.2,29.6,1
5710,suv,4.8,road_loopA_f0,road_loopA_f1,7270.5,7408.4,137.9,1303.1,34.0,1
5751,car,4.5,road_loopA_f0,road_loopA_f1,7314.7,7408.6,93.9,1303.7,50.0,0
5699,car,4.5,road_loopA_f0,road_loopA_f1,7261.9,7408.7,146.8,1303.8,32.0,1
5726,suv,4.8,road_loopA_f0,road_loopA_f1,7292.4,7410.3,117.9,1303.9,39.8,0
5704,car,4.5,road_loopA_f0,road_loopA_f1,7264.5,7410.4,145.9,1303.7,32.2,1
5757,car,4.5,road_loopA_f0,road_loopA_f1,7319.6,7411.1,91.5,1303.3,51.3,0
5716,car,4.5,road_loopA_f0,road_loopA_f1,7276.5,7412.0,135.5,1303.4,34.6,1
5706,car,4.5,road_loopA_f0,road_loopA_f1,7267.5,7412.1,144.6,1303.3,32.4,1
5745,car,4.5,road_loopA_f0,road_loopA_f1,7310.8,7413.8,103.0,1303.0,45.6,0
5721,car,4.5,road_loopA_f0,road_loopA_f1,7284.1,7413.9,129.8,1304.0,36.2,0
5725,car,4.5,road_loopA_f0,road_loopA_f1,7291.2,7415.8,124.6,1303.1,37.6,0
5727,car,4.5,road_loopA_f0,road_loopA_f1,7292.9,7418.0,125.1,1303.8,37.5,0
5747,car,4.5,road_loopA_r0,xloopA_0Ab,7311.5,7419.6,108.1,869.1,28.9,1
5765,suv,4.8,road_loopA_f0,xloopA_0Bb,7333.1,7419.6,86.5,479.2,19.9,2
5764,suv,4.8,road_loopA_f0,road_loopA_f1,7330.3,7420.0,89.7,1303.4,52.3,0
5770,car,4.5,road_loopA_f0,xloopA_0Bb,7337.2,7423.2,86.0,478.7,20.0,2
5805,suv,4.8,road_loopA_f0,xloopA_0Bb,7363.5,7427.0,63.5,479.2,27.2,1
5761,suv,4.8,road_loopA_f0,road_loopA_f1,7325.4,7428.4,103.0,1303.3,45.6,0
5815,car,4.5,road_loopA_f0,xloopA_0Bb,7373.4,7430.6,57.2,478.8,30.1,1
5746,bus,11.0,road_loopA_f0,road_loopA_f1,7311.2,7432.1,120.9,1303.3,38.8,0
5695,bus,11.0,road_loopA_f0,road_loopA_f1,7256.7,7433.0,176.3,1303.1,26.6,3
5772,car,4.5,road_loopA_r0,xloopA_0Ab,7339.5,7433.6,94.1,869.2,33.2,1
5736,car,4.5,road_loopA_r0,road_loopA_r1,7304.5,7435.8,131.3,1298.7,35.6,1
5741,suv,4.8,road_loopA_r0,road_loopA_r1,7308.1,7437.3,129.2,1298.6,36.2,1
5748,car,4.5,road_loopA_r0,road_loopA_r1,7313.2,7438.7,125.5,1297.4,37.2,1
5750,suv,4.8,road_loopA_r0,road_loopA_r1,7314.1,7441.0,126.9,1297.6,36.8,1
5735,car,4.5,road_loopA_r0,road_loopA_r1,7304.4,7443.1,138.7,1297.5,33.7,1
5749,suv,4.8,road_loopA_r0,road_loopA_r1,7313.6,7444.4,130.8,1297.9,35.7,1
5760,car,4.5,road_loopA_r0,road_loopA_r1,7324.7,7446.1,121.4,1297.6,38.5,1
5754,truck,8.5,road_loopA_r0,road_loopA_r1,7317.8,7446.4,128.6,1298.4,36.4,1
5730,bus,11.0,road_loopA_f0,road_loopA_f1,7299.1,7448.6,149.5,1303.3,31.4,2
5753,suv,4.8,road_loopA_r0,road_loopA_r1,7317.0,7448.7,131.7,1297.9,35.5,1
5781,car,4.5,road_loopA_r0,road_loopA_r1,7343.5,7448.8,105.3,1298.5,44.4,1
5768,car,4.5,road_loopA_r0,road_loopA_r1,7336.5,7451.8,115.3,1297.8,40.5,1
5763,car,4.5,road_loopA_r0,road_loopA_r1,7328.0,7451.9,123.9,1297.9,37.7,1
5782,suv,4.8,road_loopA_r0,road_loopA_r1,7344.0,7454.5,110.5,1297.3,42.3,0
5755,car,4.5,road_loopA_r0,road_loopA_r1,7318.2,7455.5,137.3,1297.8,34.0,1
5776,truck,8.5,road_loopA_r0,road_loopA_r1,7341.6,7456.8,115.2,1298.1,40.6,0
5793,car,4.5,road_loopA_r0,road_loopA_r1,7356.4,7457.3,100.9,1298.1,46.3,0
5788,car,4.5,road_loopA_r0,road_loopA_r1,7350.4,7459.1,108.7,1298.4,43.0,0
5762,car,4.5,road_loopA_r0,road_loopA_r1,7328.0,7459.6,131.6,1298.0,35.5,1
5678,car,4.5,xloopA_0Aa,road_loopA_r1,7243.8,7460.4,216.6,506.9,8.4,1
5778,suv,4.8,road_loopA_r0,road_loopA_r1,7341.8,7460.9,119.1,1298.4,39.2,0
5800,truck,8.5,road_loopA_r0,road_loopA_r1,7361.6,7461.7,100.1,1297.5,46.7,0
5779,car,4.5,road_loopA_r0,road_loopA_r1,7342.4,7461.9,119.5,1298.0,39.1,0
5740,car,4.5,road_loopA_r0,road_loopA_r1,7307.1,7462.1,155.0,1297.8,30.1,1
5767,car,4.5,road_loopA_f0,road_loopA_f1,7334.8,7463.2,128.4,1303.0,36.5,1
5738,car,4.5,road_loopA_r0,road_loopA_r1,7306.8,7463.8,157.0,1297.9,29.8,1
5810,car,4.5,road_loopA_r0,road_loopA_r1,7369.7,7464.0,94.3,1298.4,49.6,0
5791,car,4.5,road_loopA_r0,road_loopA_r1,7352.1,7464.2,112.1,1297.6,41.7,0
5806,car,4.5,road_loopA_r0,road_loopA_r1,7363.7,7465.9,102.2,1297.5,45.7,0
5809,car,4.5,road_loopA_r0,road_loopA_r1,7368.3,7466.4,98.1,1297.4,47.6,0
5787,truck,8.5,road_loopA_r0,road_loopA_r1,7350.1,7466.6,116.5,1297.3,40.1,0
5802,suv,4.8,road_loopA_r0,road_loopA_r1,7361.9,7467.7,105.8,1298.7,44.2,0
5792,car,4.5,road_loopA_r0,road_loopA_r1,7354.6,7468.7,114.1,1297.6,41.0,0
5752,car,4.5,road_loopA_r0,xloopA_0Bb,7316.2,7469.0,152.8,895.4,21.1,1
5771,car,4.5,road_loopA_f0,road_loopA_f1,7338.3,7469.2,130.9,1302.8,35.8,1
5774,car,4.5,road_loopA_f0,road_loopA_f1,7341.5,7469.3,127.8,1304.1,36.7,1
5801,car,4.5,road_loopA_r0,road_loopA_r1,7361.8,7469.3,107.5,1298.4,43.5,0
5786,car,4.5,road_loopA_f0,xloopA_0Ab,7349.8,7469.6,119.8,505.1,15.2,1
5799,suv,4.8,road_loopA_r0,road_loopA_r1,7360.1,7470.7,110.6,1298.4,42.3,0
5783,car,4.5,road_loopA_f0,road_loopA_f1,7345.7,7470.9,125.2,1303.2,37.5,1
5814,car,4.5,road_loopA_r0,road_loopA_r1,7373.1,7471.3,98.2,1298.5,47.6,0
5823,suv,4.8,road_loopA_r0,road_loopA_r1,7379.6,7471.4,91.8,1297.3,50.9,0
5796,car,4.5,road_loopA_f0,xloopA_0Ab,7357.5,7472.2,114.7,505.2,15.9,1
5820,car,4.5,road_loopA_r0,road_loopA_r1,7377.7,7472.4,94.7,1297.7,49.3,0
5777,car,4.5,road_loopA_f0,road_loopA_f1,7341.9,7472.5,130.6,1303.9,35.9,1
5785,car,4.5,road_loopA_f0,road_loopA_f1,7348.8,7472.8,124.0,1302.8,37.8,1
5826,suv,4.8,road_loopA_r0,road_loopA_r1,7382.3,7473.0,90.7,1298.2,51.5,0
5817,car,4.5,road_loopA_r0,road_loopA_r1,7376.3,7473.9,97.6,1298.5,47.9,0
5853,suv,4.8,road_loopA_f0,xloopA_0Ab,7409.9,7474.9,65.0,505.4,28.0,1
5790,truck,8.5,road_loopA_f0,road_loopA_f1,7352.0,7475.1,123.1,1303.9,38.1,1
5827,truck,8.5,road_loopA_r0,road_loopA_r1,7384.5,7477.1,92.6,1298.1,50.4,0
5830,car,4.5,road_loopA_r0,road_loopA_r1,7386.7,7477.5,90.8,1298.2,51.4,0
5863,car,4.5,road_loopA_f0,xloopA_0Ab,7418.7,7477.6,58.9,505.2,30.9,0
5797,car,4.5,road_loopA_f0,road_loopA_f1,7358.4,7477.7,119.3,1303.4,39.3,1
5759,bus,11.0,road_loopA_r0,road_loopA_r1,7322.2,7478.3,156.1,1298.5,29.9,2
5822,car,4.5,xloopA_0Ba,road_loopA_f1,7378.0,7478.5,100.5,902.4,32.3,0
5874,car,4.5,road_loopA_f0,xloopA_0Ab,7426.0,7480.3,54.3,505.2,33.5,0
5803,suv,4.8,road_loopA_f0,road_loopA_f1,7362.6,7480.4,117.8,1303.2,39.8,1
5773,car,4.5,road_loopA_f0,road_loopA_f1,7339.7,7481.7,142.0,1302.8,33.0,1
5832,car,4.5,road_loopA_r0,road_loopA_r1,7389.0,7482.8,93.8,1298.2,49.8,0
5828,car,4.5,road_loopA_r0,road_loopA_r1,7385.9,7483.0,97.1,1297.7,48.1,0
5808,car,4.5,road_loopA_f0,road_loopA_f1,7367.9,7483.2,115.3,1303.8,40.7,0
5837,car,4.5,xloopA_0Ba,xloopA_0Bb,7395.9,7483.8,87.9,84.2,3.4,1
5794,suv,4.8,road_loopA_f0,road_loopA_f1,7356.6,7483.9,127.3,1303.8,36.9,1
5719,car,4.5,xloopA_0Aa,xloopA_0Ab,7282.2,7484.1,201.9,84.3,1.5,1
5818,car,4.5,road_loopA_f0,road_loopA_f1,7376.4,7485.1,108.7,1303.9,43.2,0
5661,car,4.5,xloopA_0Aa,road_loopA_f1,7229.4,7485.9,256.5,872.0,12.2,1
5766,car,4.5,road_loopA_f0,road_loopA_f1,7333.9,7485.9,152.0,1302.8,30.8,1
5831,suv,4.8,road_loopA_r0,road_loopA_r1,7387.0,7486.0,99.0,1298.0,47.2,0
5921,car,4.5,xloopA_0Ba,xloopA_0Bb,7462.0,7487.3,25.3,84.4,12.0,1
5743,car,4.5,xloopA_0Aa,xloopA_0Ab,7310.2,7489.5,179.3,84.3,1.7,1
5813,car,4.5,road_loopA_f0,road_loopA_f1,7371.8,7489.6,117.8,1303.9,39.9,0
5833,car,4.5,road_loopA_f0,road_loopA_f1,7389.4,7491.3,101.9,1303.3,46.0,0
5744,car,4.5,xloopA_0Aa,xloopA_0Ab,7310.4,7491.7,181.3,84.3,1.7,0
5927,car,4.5,xloopA_0Ba,xloopA_0Bb,7464.8,7492.2,27.4,84.2,11.0,0
5835,truck,8.5,road_loopA_f0,road_loopA_f1,7393.7,7493.6,99.9,1304.2,47.0,0
5804,car,4.5,road_loopA_f0,road_loopA_f1,7363.0,7493.7,130.7,1303.6,35.9,1
5821,car,4.5,road_loopA_f0,road_loopA_f1,7377.9,7494.4,116.5,1303.2,40.3,0
5834,car,4.5,road_loopA_f0,road_loopA_f1,7392.5,7496.0,103.5,1303.1,45.3,0
5849,car,4.5,road_loopA_f0,road_loopA_f1,7405.4,7496.0,90.6,1303.1,51.8,0
5811,suv,4.8,road_loopA_r0,road_loopA_r1,7369.7,7496.9,127.2,1297.5,36.7,0
5842,car,4.5,road_loopA_f0,road_loopA_f1,7402.5,7497.5,95.0,1303.2,49.4,0
5780,car,4.5,road_loopA_f0,road_loopA_f1,7343.0,7498.2,155.2,1303.7,30.2,1
5775,car,4.5,road_loopA_f0,road_loopA_f1,7341.6,7498.5,156.9,1303.8,29.9,1
5852,car,4.5,road_loopA_f0,road_loopA_f1,7409.7,7499.8,90.1,1303.1,52.1,0
5795,car,4.5,road_loopA_f0,road_loopA_f1,7357.4,7501.6,144.2,1303.0,32.5,1
5824,car,4.5,road_loopA_r0,xloopA_0Ab,7379.8,7501.9,122.1,869.2,25.6,2
5819,car,4.5,road_loopA_f0,road_loopA_f1,7376.6,7503.5,126.9,1303.4,37.0,0
5843,car,4.5,road_loopA_f0,road_loopA_f1,7402.9,7504.1,101.2,1303.4,46.4,0
5812,car,4.5,road_loopA_f0,road_loopA_f1,7371.3,7505.3,134.0,1303.9,35.0,0
5854,car,4.5,road_loopA_f0,road_loopA_f1,7411.1,7505.4,94.3,1303.2,49.7,0
5825,suv,4.8,road_loopA_f0,road_loopA_f1,7381.8,7507.1,125.3,1303.5,37.4,0
5851,car,4.5,road_loopA_f0,road_loopA_f1,7409.4,7511.3,101.9,1303.9,46.1,0
5784,car,4.5,road_loopA_f0,road_loopA_f1,7346.1,7511.5,165.4,1302.8,28.3,1
5836,car,4.5,road_loopA_f0,road_loopA_f1,7394.4,7512.9,118.5,1303.0,39.6,0
5869,suv,4.8,road_loopA_f0,road_loopA_f1,7423.4,7514.0,90.6,1302.9,51.8,0
5866,car,4.5,road_loopA_f0,road_loopA_f1,7421.0,7514.6,93.6,1303.7,50.1,0
5717,car,4.5,xloopA_0Aa,road_loopA_f1,7279.5,7514.9,235.4,872.2,13.3,0
5816,car,4.5,road_loopA_f0,road_loopA_f1,7375.9,7516.5,140.6,1303.3,33.4,1
5769,truck,8.5,road_loopA_f0,road_loopA_f1,7337.1,7517.1,180.0,1303.2,26.1,1
5807,truck,8.5,road_loopA_f0,road_loopA_f1,7366.2,7519.7,153.5,1303.9,30.6,1
5953,car,4.5,road_loopA_f0,xloopA_0Bb,7483.2,7523.1,39.9,478.6,43.1,0
5839,suv,4.8,road_loopA_r0,road_loopA_r1,7399.2,7527.8,128.6,1298.0,36.3,1
5841,car,4.5,road_loopA_r0,road_loopA_r1,7400.0,7528.0,128.0,1298.2,36.5,1
5844,car,4.5,road_loopA_r0,road_loopA_r1,7403.0,7529.3,126.3,1297.3,37.0,1
5846,car,4.5,road_loopA_r0,road_loopA_r1,7404.8,7530.8,126.0,1297.8,37.1,1
5845,car,4.5,road_loopA_r0,road_loopA_r1,7403.9,7532.4,128.5,1298.3,36.4,1
5855,suv,4.8,road_loopA_r0,road_loopA_r1,7411.7,7535.7,124.0,1298.6,37.7,1
5848,suv,4.8,road_loopA_r0,road_loopA_r1,7404.7,7537.1,132.4,1297.3,35.3,1
5829,car,4.5,road_loopA_r0,road_loopA_r1,7386.2,7538.0,151.8,1297.9,30.8,1
5864,car,4.5,road_loopA_r0,road_loopA_r1,7419.1,7539.1,120.0,1298.1,38.9,1
5858,car,4.5,road_loopA_r0,road_loopA_r1,7412.8,7539.3,126.5,1297.8,36.9,1
5838,car,4.5,road_loopA_r0,road_loopA_r1,7396.1,7539.8,143.7,1297.5,32.5,1
5965,car,4.5,road_loopA_f0,xloopA_0Bb,7496.6,7539.8,43.2,478.7,39.9,0
5850,car,4.5,road_loopA_r0,road_loopA_r1,7408.6,7541.2,132.6,1297.6,35.2,1
5840,suv,4.8,road_loopA_r0,road_loopA_r1,7399.8,7541.7,141.9,1298.5,32.9,1
5862,car,4.5,road_loopA_r0,road_loopA_r1,7418.6,7542.5,123.9,1298.2,37.7,1
5847,car,4.5,road_loopA_r0,road_loopA_r1,7404.8,7543.5,138.7,1298.1,33.7,1
5859,car,4.5,road_loopA_r0,road_loopA_r1,7413.0,7544.1,131.1,1297.4,35.6,1
5857,car,4.5,road_loopA_r0,road_loopA_r1,7412.6,7545.8,133.2,1298.0,35.1,1
5865,car,4.5,road_loopA_r0,road_loopA_r1,7420.1,7547.0,126.9,1298.5,36.8,1
5867,car,4.5,road_loopA_r0,road_loopA_r1,7421.6,7547.5,125.9,1297.6,37.1,1
5868,car,4.5,road_loopA_r0,road_loopA_r1,7422.8,7548.8,126.0,1297.6,37.1,1
5873,car,4.5,road_loopA_r0,road_loopA_r1,7424.3,7548.8,124.5,1297.3,37.5,1
5870,car,4.5,road_loopA_r0,road_loopA_r1,7423.5,7549.3,125.8,1297.6,37.1,1
5872,car,4.5,road_loopA_r0,road_loopA_r1,7423.8,7551.3,127.5,1297.4,36.6,1
5900,car,4.5,road_loopA_r0,road_loopA_r1,7449.4,7551.6,102.2,1298.3,45.7,0
5884,car,4.5,road_loopA_r0,road_loopA_r1,7436.8,7553.2,116.4,1298.3,40.2,0
5861,car,4.5,road_loopA_r0,road_loopA_r1,7417.3,7553.9,136.6,1297.8,34.2,1
5891,car,4.5,road_loopA_r0,road_loopA_r1,7444.3,7554.3,110.0,1298.3,42.5,0
5889,car,4.5,road_loopA_r0,road_loopA_r1,7442.3,7554.9,112.6,1298.6,41.5,0
5878,car,4.5,road_loopA_f0,road_loopA_f1,7429.4,7555.2,125.8,1304.2,37.3,1
5887,suv,4.8,road_loopA_r0,road_loopA_r1,7439.5,7555.6,116.1,1298.2,40.3,0
5907,car,4.5,road_loopA_r0,road_loopA_r1,7452.4,7555.9,103.5,1298.1,45.1,0
5904,car,4.5,road_loopA_r0,road_loopA_r1,7451.5,7556.7,105.2,1298.6,44.5,0
5906,suv,4.8,road_loopA_r0,road_loopA_r1,7451.9,7558.4,106.5,1297.7,43.9,0
5890,car,4.5,road_loopA_r0,road_loopA_r1,7443.6,7558.7,115.1,1298.5,40.6,0
5896,suv,4.8,road_loopA_r0,road_loopA_r1,7447.7,7561.9,114.2,1297.7,40.9,0
5856,car,4.5,road_loopA_r0,xloopA_0Bb,7412.4,7562.5,150.1,895.5,21.5,1
5914,truck,8.5,road_loopA_r0,road_loopA_r1,7457.5,7562.6,105.1,1297.5,44.5,0
5879,car,4.5,road_loopA_f0,xloopA_0Ab,7433.1,7563.1,130.0,505.3,14.0,1
5894,car,4.5,road_loopA_f0,road_loopA_f1,7447.2,7563.9,116.7,1302.8,40.2,1
5871,suv,4.8,road_loopA_r0,xloopA_0Bb,7423.7,7565.2,141.5,896.0,22.8,1
5888,car,4.5,road_loopA_f0,road_loopA_f1,7440.1,7565.7,125.6,1304.0,37.4,1
5897,truck,8.5,road_loopA_r0,road_loopA_r1,7447.8,7565.9,118.1,1298.1,39.6,0
5883,truck,8.5,road_loopA_f0,xloopA_0Ab,7436.4,7566.5,130.1,505.6,14.0,1
5915,car,4.5,road_loopA_r0,xloopA_0Bb,7458.2,7567.9,109.7,895.5,29.4,1
5919,car,4.5,road_loopA_r0,road_loopA_r1,7459.6,7568.5,108.9,1298.2,42.9,0
5886,car,4.5,road_loopA_f0,xloopA_0Ab,7439.4,7569.5,130.1,505.2,14.0,1
5909,car,4.5,road_loopA_r0,road_loopA_r1,7454.1,7569.9,115.8,1297.8,40.3,0
5917,suv,4.8,road_loopA_r0,road_loopA_r1,7459.4,7570.1,110.7,1297.8,42.2,0
5945,car,4.5,road_loopA_r0,xloopA_0Bb,7478.1,7570.6,92.5,895.6,34.9,1
5916,car,4.5,road_loopA_r0,road_loopA_r1,7459.0,7571.5,112.5,1297.8,41.5,0
5905,car,4.5,road_loopA_r0,road_loopA_r1,7451.7,7571.9,120.2,1297.8,38.9,0
5895,car,4.5,road_loopA_f0,xloopA_0Ab,7447.5,7572.2,124.7,505.3,14.6,1
5934,truck,8.5,road_loopA_r0,road_loopA_r1,7470.6,7573.5,102.9,1297.7,45.4,0
5911,suv,4.8,road_loopA_r0,road_loopA_r1,7455.0,7573.6,118.6,1298.4,39.4,0
5928,car,4.5,road_loopA_r0,road_loopA_r1,7464.9,7573.6,108.7,1297.6,43.0,0
5892,truck,8.5,road_loopA_f0,road_loopA_f1,7445.2,7574.9,129.7,1303.9,36.2,1
5918,car,4.5,road_loopA_r0,road_loopA_r1,7459.5,7575.3,115.8,1297.4,40.3,0
5943,suv,4.8,road_loopA_r0,road_loopA_r1,7477.3,7575.5,98.2,1297.7,47.6,0
5940,car,4.5,road_loopA_r0,road_loopA_r1,7475.8,7575.6,99.8,1297.3,46.8,0
5913,car,4.5,road_loopA_f0,road_loopA_f1,7456.6,7576.9,120.3,1303.9,39.0,1
5903,car,4.5,road_loopA_f0,road_loopA_f1,7450.3,7577.0,126.7,1303.6,37.0,1
5949,car,4.5,road_loopA_r0,road_loopA_r1,7480.9,7577.3,96.4,1297.5,48.4,0
5952,car,4.5,road_loopA_r0,road_loopA_r1,7482.5,7577.3,94.8,1297.7,49.3,0
5925,car,4.5,road_loopA_r0,road_loopA_r1,7463.6,7577.4,113.8,1297.7,41.1,0
5975,car,4.5,xloopA_0Ba,xloopA_0Bb,7505.9,7577.7,71.8,84.7,4.2,1
5860,car,4.5,xloopA_0Aa,xloopA_0Ab,7416.8,7577.8,161.0,84.7,1.9,1
5939,car,4.5,road_loopA_r0,road_loopA_r1,7475.7,7579.1,103.4,1298.0,45.2,0
5955,car,4.5,road_loopA_r0,road_loopA_r1,7484.8,7579.1,94.3,1298.3,49.6,0
5924,car,4.5,road_loopA_f0,road_loopA_f1,7462.5,7579.2,116.7,1304.2,40.2,6
5948,car,4.5,road_loopA_r0,road_loopA_r1,7480.8,7579.8,99.0,1297.6,47.2,0
5990,car,4.5,xloopA_0Ba,xloopA_0Bb,7523.7,7580.3,56.6,84.5,5.4,1
5932,car,4.5,road_loopA_f0,road_loopA_f1,7468.3,7581.0,112.7,1303.6,41.6,0
5885,car,4.5,xloopA_0Aa,xloopA_0Ab,7437.2,7581.0,143.8,84.1,2.1,1
5944,truck,8.5,road_loopA_r0,road_loopA_r1,7477.6,7582.6,105.0,1297.7,44.5,0
5941,car,4.5,road_loopA_f0,road_loopA_f1,7476.1,7582.8,106.7,1303.7,44.0,0
5882,car,4.5,xloopA_0Ba,road_loopA_f1,7436.0,7584.4,148.4,902.8,21.9,1
5926,suv,4.8,road_loopA_f0,road_loopA_f1,7464.4,7584.5,120.1,1303.2,39.1,1
5902,car,4.5,xloopA_0Aa,xloopA_0Ab,7449.9,7584.7,134.8,84.1,2.2,0
5938,suv,4.8,road_loopA_f0,road_loopA_f1,7473.7,7586.3,112.6,1303.2,41.7,0
5908,car,4.5,xloopA_0Aa,xloopA_0Ab,7453.2,7586.5,133.3,84.3,2.3,0
5936,car,4.5,road_loopA_f0,road_loopA_f1,7472.6,7588.1,115.5,1304.2,40.7,0
5935,car,4.5,xloopA_0Aa,xloopA_0Ab,7472.5,7589.1,116.6,84.4,2.6,0
5920,car,4.5,road_loopA_f0,road_loopA_f1,7461.5,7589.7,128.2,1303.6,36.6,6
5951,car,4.5,road_loopA_f0,road_loopA_f1,7481.9,7592.4,110.5,1303.4,42.5,0
5933,car,4.5,xloopA_0Ba,road_loopA_f1,7470.1,7593.0,122.9,902.8,26.4,0
5742,car,4.5,xloopA_0Aa,road_loopA_f1,7309.0,7594.3,285.3,872.2,11.0,1
5881,car,4.5,road_loopA_f0,road_loopA_f1,7434.9,7594.6,159.7,1302.8,29.4,1
5899,car,4.5,road_loopA_f0,road_loopA_f1,7448.9,7594.8,145.9,1303.3,32.2,1
5880,car,4.5,road_loopA_f0,road_loopA_f1,7434.1,7596.3,162.2,1303.1,28.9,1
5954,car,4.5,road_loopA_f0,road_loopA_f1,7484.6,7597.0,112.4,1303.5,41.8,0
5898,suv,4.8,road_loopA_f0,road_loopA_f1,7448.6,7598.1,149.5,1303.7,31.4,1
5963,car,4.5,road_loopA_f0,road_loopA_f1,7494.0,7598.8,104.8,1303.7,44.8,0
5929,truck,8.5,road_loopA_f0,road_loopA_f1,7466.0,7600.5,134.5,1303.2,34.9,0
5969,suv,4.8,road_loopA_f0,road_loopA_f1,7500.9,7600.5,99.6,1302.9,47.1,0
5937,suv,4.8,road_loopA_f0,road_loopA_f1,7472.7,7601.8,129.1,1303.3,36.3,0
5977,car,4.5,road_loopA_r0,xloopA_0Ab,7510.8,7602.3,91.5,869.0,34.2,1
5910,car,4.5,road_loopA_f0,road_loopA_f1,7454.9,7602.4,147.5,1304.0,31.8,1
5991,car,4.5,road_loopA_f0,xloopA_0Bb,7525.0,7602.7,77.7,478.5,22.2,2
5901,suv,4.8,road_loopA_f0,road_loopA_f1,7449.8,7603.8,154.0,1303.4,30.5,1
5966,car,4.5,road_loopA_r0,xloopA_0Ab,7496.7,7605.9,109.2,869.0,28.6,2
5930,truck,8.5,road_loopA_f0,road_loopA_f1,7467.9,7606.2,138.3,1303.3,33.9,0
5947,car,4.5,road_loopA_f0,road_loopA_f1,7480.1,7607.8,127.7,1302.9,36.7,0
5942,suv,4.8,road_loopA_f0,road_loopA_f1,7476.7,7607.9,131.2,1303.1,35.7,0
5979,car,4.5,road_loopA_f0,road_loopA_f1,7511.4,7609.5,98.1,1303.9,47.8,0
5984,car,4.5,road_loopA_f0,road_loopA_f1,7517.7,7611.1,93.4,1303.0,50.2,0
5950,truck,8.5,road_loopA_f0,road_loopA_f1,7481.4,7611.7,130.3,1303.0,36.0,0
5893,car,4.5,road_loopA_f0,road_loopA_f1,7447.2,7614.0,166.8,1303.5,28.1,1
5875,car,4.5,road_loopA_f0,road_loopA_f1,7426.2,7614.9,188.7,1303.5,24.9,1
5877,car,4.5,road_loopA_r0,road_loopA_r1,7427.6,7619.4,191.8,1297.3,24.3,2
5968,bus,11.0,road_loopA_f0,road_loopA_f1,7500.4,7624.3,123.9,1303.5,37.9,1
5960,truck,8.5,road_loopA_r0,road_loopA_r1,7492.7,7625.6,132.9,1298.6,35.2,1
5982,car,4.5,road_loopA_r0,road_loopA_r1,7514.2,7627.7,113.5,1298.6,41.2,1
5798,car,4.5,xloopA_0Aa,road_loopA_f1,7359.9,7628.6,268.7,872.5,11.7,0
5946,suv,4.8,road_loopA_r0,road_loopA_r1,7478.7,7629.6,150.9,1297.4,30.9,1
5976,car,4.5,road_loopA_r0,road_loopA_r1,7510.2,7631.6,121.4,1297.7,38.5,1
5983,car,4.5,road_loopA_r0,road_loopA_r1,7517.0,7632.0,115.0,1298.2,40.6,1
5978,car,4.5,road_loopA_r0,road_loopA_r1,7510.9,7634.6,123.7,1298.5,37.8,1
5993,car,4.5,road_loopA_r0,road_loopA_r1,7526.8,7634.7,107.9,1298.3,43.3,1
5998,car,4.5,road_loopA_r0,road_loopA_r1,7530.4,7636.8,106.4,1297.9,43.9,0
5980,truck,8.5,road_loopA_r0,road_loopA_r1,7511.3,7638.9,127.6,1297.3,36.6,1
5999,car,4.5,road_loopA_r0,road_loopA_r1,7530.5,7640.3,109.8,1298.5,42.6,0
6004,car,4.5,road_loopA_r0,road_loopA_r1,7533.0,7640.4,107.4,1298.5,43.5,0
6002,car,4.5,road_loopA_r0,road_loopA_r1,7532.5,7642.3,109.8,1298.2,42.6,0
5973,suv,4.8,road_loopA_r0,road_loopA_r1,7505.4,7642.4,137.0,1297.6,34.1,1
5989,car,4.5,road_loopA_r0,road_loopA_r1,7521.7,7644.4,122.7,1298.5,38.1,6
6006,car,4.5,road_loopA_r0,road_loopA_r1,7534.8,7644.8,110.0,1297.9,42.5,0
6010,car,4.5,road_loopA_r0,xloopA_0Ab,7537.3,7645.4,108.1,869.3,28.9,1
5876,car,4.5,xloopA_0Aa,road_loopA_r1,7427.1,7646.0,218.9,506.5,8.3,1
5995,car,4.5,road_loopA_r0,road_loopA_r1,7528.5,7646.2,117.7,1298.3,39.7,0
5956,car,4.5,road_loopA_r0,road_loopA_r1,7485.6,7647.6,162.0,1298.4,28.9,1
5959,car,4.5,road_loopA_r0,road_loopA_r1,7492.5,7647.7,155.2,1298.0,30.1,1
6007,car,4.5,road_loopA_r0,road_loopA_r1,7534.9,7647.9,113.0,1298.4,41.4,0
6001,car,4.5,road_loopA_f0,road_loopA_f1,7532.3,7648.3,116.0,1302.8,40.4,1
5992,car,4.5,road_loopA_r0,road_loopA_r1,7525.4,7648.8,123.4,1298.1,37.9,0
5961,suv,4.8,road_loopA_r0,road_loopA_r1,7493.6,7649.7,156.1,1298.3,29.9,1
6012,car,4.5,road_loopA_r0,road_loopA_r1,7543.3,7650.4,107.1,1297.7,43.6,0
6024,suv,4.8,road_loopA_r0,road_loopA_r1,7556.9,7651.1,94.2,1298.4,49.6,0
6005,car,4.5,road_loopA_f0,road_loopA_f1,7533.8,7651.2,117.4,1302.8,39.9,1
5964,suv,4.8,road_loopA_r0,road_loopA_r1,7494.1,7651.4,157.3,1298.1,29.7,1
5994,car,4.5,road_loopA_r0,road_loopA_r1,7527.7,7652.5,124.8,1297.5,37.4,0
5988,car,4.5,road_loopA_r0,road_loopA_r1,7519.7,7653.2,133.5,1298.5,35.0,1
6009,car,4.5,road_loopA_f0,road_loopA_f1,7535.9,7655.0,119.1,1304.1,39.4,1
6022,suv,4.8,road_loopA_r0,road_loopA_r1,7555.6,7655.0,99.4,1298.1,47.0,0
6032,suv,4.8,road_loopA_r0,road_loopA_r1,7567.0,7656.1,89.1,1297.3,52.4,0
6014,car,4.5,road_loopA_f0,road_loopA_f1,7546.0,7656.3,110.3,1302.8,42.5,1
6023,car,4.5,road_loopA_r0,road_loopA_r1,7556.8,7656.8,100.0,1297.8,46.7,0
5981,car,4.5,road_loopA_r0,road_loopA_r1,7512.4,7657.0,144.6,1297.9,32.3,0
5985,suv,4.8,road_loopA_f0,road_loopA_f1,7517.7,7657.8,140.1,1304.0,33.5,1
5986,car,4.5,road_loopA_f0,road_loopA_f1,7518.2,7658.5,140.3,1303.4,33.4,1
6021,car,4.5,road_loopA_r0,road_loopA_r1,7555.0,7658.8,103.8,1298.2,45.0,0
6018,car,4.5,road_loopA_f0,road_loopA_f1,7552.5,7659.4,106.9,1302.9,43.9,1
6035,suv,4.8,road_loopA_r0,road_loopA_r1,7571.2,7660.6,89.4,1297.5,52.2,0
6030,suv,4.8,road_loopA_f0,road_loopA_f1,7564.6,7661.4,96.8,1303.6,48.5,0
6016,suv,4.8,road_loopA_f0,road_loopA_f1,7548.0,7661.6,113.6,1303.6,41.3,1
6033,suv,4.8,road_loopA_f0,road_loopA_f1,7569.4,7661.8,92.4,1303.7,50.8,0
6025,car,4.5,road_loopA_f0,road_loopA_f1,7557.1,7663.4,106.3,1303.7,44.2,0
6019,car,4.5,road_loopA_f0,road_loopA_f1,7552.6,7664.2,111.6,1303.9,42.1,0
6037,car,4.5,road_loopA_f0,road_loopA_f1,7572.4,7664.9,92.5,1303.7,50.7,0
6039,car,4.5,road_loopA_f0,road_loopA_f1,7574.6,7666.7,92.1,1303.7,51.0,0
6038,suv,4.8,road_loopA_r0,road_loopA_r1,7572.7,7668.0,95.3,1297.8,49.0,0
6042,suv,4.8,road_loopA_r0,road_loopA_r1,7579.7,7669.0,89.3,1298.2,52.3,0
6040,car,4.5,road_loopA_f0,road_loopA_f1,7577.8,7669.6,91.8,1302.9,51.1,0
6034,car,4.5,road_loopA_f0,road_loopA_f1,7570.7,7671.4,100.7,1303.4,46.6,0
6045,suv,4.8,road_loopA_r0,road_loopA_r1,7584.3,7673.4,89.1,1297.5,52.4,0
6036,bus,11.0,road_loopA_f0,road_loopA_f1,7572.0,7673.8,101.8,1303.6,46.1,0
6031,car,4.5,road_loopA_f0,road_loopA_f1,7566.0,7674.2,108.2,1303.9,43.4,0
6047,car,4.5,road_loopA_f0,road_loopA_f1,7587.6,7677.0,89.4,1303.1,52.5,0
6015,car,4.5,road_loopA_f0,road_loopA_f1,7547.3,7678.1,130.8,1303.2,35.9,1
6046,suv,4.8,road_loopA_r0,road_loopA_r1,7586.9,7678.4,91.5,1297.7,51.1,0
6027,car,4.5,road_loopA_f0,road_loopA_f1,7561.7,7681.2,119.5,1304.0,39.3,0
6048,suv,4.8,road_loopA_r0,road_loopA_r1,7588.2,7681.6,93.4,1298.4,50.1,0
6017,suv,4.8,road_loopA_f0,road_loopA_f1,7551.5,7681.7,130.2,1304.0,36.1,1
6029,suv,4.8,road_loopA_r0,road_loopA_r1,7562.2,7682.0,119.8,1297.9,39.0,0
6003,car,4.5,road_loopA_f0,road_loopA_f1,7532.8,7683.7,150.9,1303.8,31.1,1
6050,suv,4.8,road_loopA_f0,road_loopA_f1,7589.5,7684.0,94.5,1304.0,49.7,0
6051,car,4.5,road_loopA_f0,road_loopA_f1,7591.8,7685.2,93.4,1303.5,50.3,0
6053,car,4.5,road_loopA_f0,road_loopA_f1,7593.0,7685.7,92.7,1303.4,50.6,0
6011,car,4.5,road_loopA_f0,road_loopA_f1,7542.1,7687.7,145.6,1303.1,32.2,1
6055,car,4.5,road_loopA_r0,road_loopA_r1,7599.4,7688.7,89.3,1298.6,52.4,0
6049,car,4.5,road_loopA_f0,road_loopA_f1,7589.5,7689.1,99.6,1304.1,47.1,0
6008,car,4.5,road_loopA_f0,road_loopA_f1,7535.0,7691.9,156.9,1303.6,29.9,1
6013,car,4.5,xloopA_0Ba,road_loopA_f1,7543.6,7692.9,149.3,903.0,21.8,1
6044,car,4.5,road_loopA_f0,road_loopA_f1,7582.6,7694.1,111.5,1303.0,42.1,0
6058,suv,4.8,road_loopA_r0,road_loopA_r1,7605.2,7694.3,89.1,1298.5,52.5,0
5996,car,4.5,road_loopA_f0,road_loopA_f1,7529.2,7694.5,165.3,1303.4,28.4,1
6059,suv,4.8,road_loopA_f0,road_loopA_f1,7608.1,7697.4,89.3,1302.8,52.5,0
6052,car,4.5,road_loopA_f0,road_loopA_f1,7592.2,7697.6,105.4,1303.0,44.5,0
6060,car,4.5,road_loopA_r0,road_loopA_r1,7608.4,7698.3,89.9,1297.7,52.0,0
6091,suv,4.8,road_loopA_r0,xloopA_0Ab,7628.2,7699.0,70.8,869.4,44.2,0
6054,car,4.5,road_loopA_f0,road_loopA_f1,7596.9,7701.2,104.3,1303.6,45.0,0
6061,car,4.5,road_loopA_r0,xloopA_0Ab,7609.8,7702.0,92.2,869.1,33.9,1
6069,car,4.5,road_loopA_f0,road_loopA_f1,7613.3,7702.6,89.3,1302.9,52.5,0
6056,car,4.5,road_loopA_f0,road_loopA_f1,7602.4,7704.4,102.0,1303.2,46.0,0
6062,car,4.5,road_loopA_r0,road_loopA_r1,7610.4,7704.4,94.0,1297.5,49.7,0
6043,car,4.5,road_loopA_r0,road_loopA_r1,7581.4,7704.5,123.1,1297.7,37.9,0
6064,car,4.5,road_loopA_f0,road_loopA_f1,7611.4,7705.7,94.3,1303.7,49.8,0
6067,car,4.5,road_loopA_r0,road_loopA_r1,7612.3,7708.2,95.9,1297.5,48.7,0
6072,car,4.5,road_loopA_r0,road_loopA_r1,7618.3,7708.8,90.5,1297.9,51.6,0
6077,car,4.5,road_loopA_r0,road_loopA_r1,7620.3,7710.5,90.2,1297.4,51.8,0
6063,car,4.5,road_loopA_r0,road_loopA_r1,7610.5,7711.5,101.0,1297.7,46.2,0
6068,car,4.5,road_loopA_f0,road_loopA_f1,7612.9,7711.6,98.7,1303.1,47.5,0
6080,car,4.5,road_loopA_r0,road_loopA_r1,7622.2,7712.7,90.5,1297.7,51.6,0
6057,car,4.5,road_loopA_r0,road_loopA_r1,7603.1,7713.6,110.5,1297.7,42.3,0
6079,suv,4.8,road_loopA_r0,road_loopA_r1,7621.5,7714.0,92.5,1297.6,50.5,0
6076,car,4.5,road_loopA_f0,road_loopA_f1,7619.9,7714.3,94.4,1303.9,49.7,0
6071,car,4.5,road_loopA_r0,road_loopA_r1,7616.1,7715.3,99.2,1298.4,47.1,0
6089,suv,4.8,road_loopA_r0,road_loopA_r1,7627.7,7716.8,89.1,1297.5,52.4,0
6136,car,4.5,road_loopA_f0,xloopA_0Bb,7673.3,7716.9,43.6,478.8,39.6,0
6083,suv,4.8,road_loopA_f0,road_loopA_f1,7623.3,7718.4,95.1,1302.8,49.3,0
6070,bus,11.0,road_loopA_f0,road_loopA_f1,7614.2,7719.0,104.8,1302.9,44.8,0
6074,car,4.5,road_loopA_f0,road_loopA_f1,7618.9,7720.0,101.1,1303.6,46.4,0
6073,car,4.5,road_loopA_f0,road_loopA_f1,7618.4,7721.2,102.8,1303.0,45.6,0
6088,car,4.5,road_loopA_f0,road_loopA_f1,7627.6,7721.2,93.6,1303.5,50.1,0
6081,truck,8.5,road_loopA_f0,road_loopA_f1,7622.4,7722.1,99.7,1303.6,47.1,0
6075,suv,4.8,road_loopA_f0,road_loopA_f1,7619.5,7722.9,103.4,1303.1,45.4,0
6086,car,4.5,road_loopA_f0,road_loopA_f1,7626.0,7724.7,98.7,1303.7,47.5,0
6094,car,4.5,road_loopA_f0,road_loopA_f1,7632.5,7725.2,92.7,1303.3,50.6,0
6093,suv,4.8,road_loopA_f0,road_loopA_f1,7632.2,7725.4,93.2,1303.8,50.4,0
6102,car,4.5,road_loopA_f0,road_loopA_f1,7640.8,7730.5,89.7,1302.8,52.3,0
6100,car,4.5,road_loopA_r0,road_loopA_r1,7638.5,7730.9,92.4,1298.0,50.6,0
6104,suv,4.8,road_loopA_r0,road_loopA_r1,7641.8,7732.8,91.0,1298.4,51.4,0
6105,car,4.5,road_loopA_f0,road_loopA_f1,7642.8,7733.3,90.5,1303.3,51.8,0
1650,tram,34.0,loopB,loopB,3615.5,7734.0,4118.5,33672.6,29.4,40
6026,bus,11.0,road_loopA_f0,road_loopA_f1,7560.6,7734.8,174.2,1303.3,26.9,2
6108,suv,4.8,road_loopA_f0,road_loopA_f1,7645.6,7735.4,89.8,1302.8,52.2,0
6095,car,4.5,road_loopA_f0,road_loopA_f1,7634.6,7736.0,101.4,1303.3,46.3,0
6097,truck,8.5,road_loopA_r0,road_loopA_r1,7637.5,7736.3,98.8,1297.6,47.3,0
6082,truck,8.5,road_loopA_f0,road_loopA_f1,7622.7,7738.1,115.4,1303.2,40.6,0
6106,car,4.5,road_loopA_f0,road_loopA_f1,7644.1,7738.2,94.1,1303.6,49.9,0
6101,car,4.5,road_loopA_f0,road_loopA_f1,7638.6,7738.9,100.3,1303.4,46.8,0
6112,car,4.5,road_loopA_r0,road_loopA_r1,7650.5,7739.5,89.0,1297.3,52.5,0
6113,suv,4.8,road_loopA_r0,road_loopA_r1,7650.7,7745.0,94.3,1298.3,49.5,0
6098,car,4.5,road_loopA_r0,road_loopA_r1,7638.1,7748.9,110.8,1298.0,42.2,0
6103,car,4.5,road_loopA_f0,road_loopA_f1,7641.6,7749.1,107.5,1303.8,43.7,0
5958,suv,4.8,road_loopA_r0,xloopA_0Bb,7490.0,7749.5,259.5,895.6,12.4,1
5922,car,4.5,road_loopA_f0,xloopA_0Ab,7462.1,7750.0,287.9,505.0,6.3,2
6120,suv,4.8,road_loopA_r0,road_loopA_r1,7660.1,7751.2,91.1,1298.3,51.3,0
6117,suv,4.8,road_loopA_f0,road_loopA_f1,7657.4,7751.5,94.1,1303.3,49.8,0
5970,suv,4.8,road_loopA_r0,xloopA_0Bb,7500.9,7752.2,251.3,895.9,12.8,1
5923,car,4.5,road_loopA_f0,xloopA_0Ab,7462.3,7752.6,290.3,505.0,6.3,2
5971,suv,4.8,road_loopA_r0,xloopA_0Bb,7502.9,7754.9,252.0,895.9,12.8,1
5931,car,4.5,road_loopA_f0,xloopA_0Ab,7468.0,7755.3,287.3,505.2,6.3,2
6123,car,4.5,road_loopA_f0,road_loopA_f1,7665.6,7755.7,90.1,1303.5,52.1,0
6110,car,4.5,road_loopA_r0,road_loopA_r1,7647.2,7757.2,110.0,1297.9,42.5,0
6078,car,4.5,road_loopA_f0,road_loopA_f1,7621.3,7757.3,136.0,1303.5,34.5,0
5972,car,4.5,road_loopA_r0,xloopA_0Bb,7503.1,7757.6,254.5,895.7,12.7,1
5957,car,4.5,road_loopA_f0,xloopA_0Ab,7486.8,7758.0,271.2,505.4,6.7,2
6128,car,4.5,road_loopA_r0,road_loopA_r1,7668.9,7758.2,89.3,1298.0,52.3,0
5987,car,4.5,road_loopA_r0,xloopA_0Bb,7519.0,7760.2,241.2,895.4,13.4,1
5997,car,4.5,road_loopA_f0,xloopA_0Ab,7529.6,7760.6,231.0,505.1,7.9,1
6116,car,4.5,road_loopA_f0,road_loopA_f1,7655.4,7760.6,105.2,1304.0,44.6,0
6119,suv,4.8,road_loopA_f0,road_loopA_f1,7657.9,7760.6,102.7,1304.0,45.7,0
6130,suv,4.8,road_loopA_r0,road_loopA_r1,7670.8,7760.8,90.0,1297.6,51.9,0
6121,car,4.5,road_loopA_r0,road_loopA_r1,7663.7,7761.8,98.1,1297.7,47.6,0
6118,car,4.5,road_loopA_f0,road_loopA_f1,7657.7,7762.2,104.5,1303.0,44.9,0
6122,suv,4.8,road_loopA_f0,road_loopA_f1,7664.0,7762.9,98.9,1303.4,47.4,0
6133,car,4.5,road_loopA_r0,road_loopA_r1,7671.5,7764.1,92.6,1297.7,50.4,0
6125,suv,4.8,road_loopA_f0,road_loopA_f1,7665.8,7764.7,98.9,1304.1,47.5,0
6144,car,4.5,xloopA_0Ba,xloopA_0Bb,7684.2,7764.7,80.5,84.4,3.8,1
6126,car,4.5,road_loopA_f0,road_loopA_f1,7666.8,7765.5,98.7,1303.7,47.6,0
6139,suv,4.8,road_loopA_r0,road_loopA_r1,7677.4,7766.3,88.9,1297.3,52.5,0
5974,car,4.5,xloopA_0Aa,xloopA_0Ab,7505.5,7766.4,260.9,84.8,1.2,1
6127,truck,8.5,road_loopA_f0,road_loopA_f1,7667.9,7767.2,99.3,1304.0,47.3,0
6140,suv,4.8,road_loopA_f0,road_loopA_f1,7677.7,7767.4,89.7,1303.0,52.3,0
6131,suv,4.8,road_loopA_f0,road_loopA_f1,7670.9,7767.6,96.7,1303.3,48.5,0
6124,car,4.5,road_loopA_r0,road_loopA_r1,7665.6,7768.0,102.4,1298.1,45.6,0
6184,car,4.5,xloopA_0Ba,xloopA_0Bb,7720.9,7768.1,47.2,84.6,6.5,1
6134,suv,4.8,road_loopA_f0,road_loopA_f1,7671.9,7769.2,97.3,1303.1,48.2,0
6137,suv,4.8,road_loopA_f0,road_loopA_f1,7674.5,7769.5,95.0,1303.6,49.4,0
6129,car,4.5,road_loopA_r0,road_loopA_r1,7669.6,7769.7,100.1,1298.5,46.7,0
6041,car,4.5,xloopA_0Aa,xloopA_0Ab,7578.2,7770.8,192.6,84.8,1.6,0
6085,car,4.5,xloopA_0Aa,xloopA_0Ab,7624.7,7772.6,147.9,84.4,2.1,0
6138,car,4.5,road_loopA_f0,road_loopA_f1,7676.2,7775.2,99.0,1304.0,47.4,0
6163,car,4.5,xloopA_0Aa,xloopA_0Ab,7704.0,7775.6,71.6,84.7,4.3,0
6142,car,4.5,road_loopA_f0,road_loopA_f1,7681.7,7776.8,95.1,1303.0,49.3,0
6135,suv,4.8,road_loopA_f0,road_loopA_f1,7672.4,7777.2,104.8,1303.8,44.8,0
6148,car,4.5,road_loopA_f0,road_loopA_f1,7685.9,7781.8,95.9,1303.7,49.0,0
6111,bus,11.0,road_loopA_f0,road_loopA_f1,7649.4,7782.5,133.1,1303.1,35.2,1
6107,suv,4.8,road_loopA_r0,xloopA_0Ab,7644.5,7786.6,142.1,869.2,22.0,2
6132,truck,8.5,road_loopA_f0,road_loopA_f1,7671.2,7786.7,115.5,1303.8,40.6,0
6208,car,4.5,road_loopA_f0,xloopA_0Bb,7748.2,7789.8,41.6,478.7,41.4,0
6161,suv,4.8,road_loopA_f0,road_loopA_f1,7702.0,7791.4,89.4,1303.1,52.5,0
6109,bus,11.0,road_loopA_f0,road_loopA_f1,7645.8,7791.6,145.8,1302.8,32.2,1
6215,car,4.5,road_loopA_f0,xloopA_0Bb,7752.5,7792.9,40.4,478.7,42.6,0
6149,car,4.5,road_loopA_f0,road_loopA_f1,7687.5,7796.6,109.1,1302.8,43.0,0
6147,truck,8.5,road_loopA_f0,road_loopA_f1,7685.9,7798.1,112.2,1302.9,41.8,0
6152,car,4.5,road_loopA_f0,road_loopA_f1,7694.0,7798.3,104.3,1302.9,45.0,0
6157,car,4.5,road_loopA_f0,road_loopA_f1,7699.2,7800.1,100.9,1303.5,46.5,0
6150,truck,8.5,road_loopA_f0,road_loopA_f1,7687.9,7800.6,112.7,1303.7,41.6,0
6145,car,4.5,road_loopA_r0,road_loopA_r1,7684.4,7804.2,119.8,1297.4,39.0,1
6066,bus,11.0,road_loopA_f0,road_loopA_f1,7612.0,7805.4,193.4,1303.0,24.3,3
6141,car,4.5,road_loopA_r0,road_loopA_r1,7680.0,7807.6,127.6,1298.3,36.6,1
6143,truck,8.5,road_loopA_r0,road_loopA_r1,7682.4,7811.2,128.8,1297.9,36.3,1
6177,car,4.5,road_loopA_r0,xloopA_0Ab,7717.3,7812.7,95.4,868.9,32.8,2
6146,car,4.5,road_loopA_r0,road_loopA_r1,7685.0,7812.9,127.9,1298.3,36.6,1
6156,car,4.5,road_loopA_r0,road_loopA_r1,7697.1,7813.2,116.1,1298.0,40.2,1
6155,car,4.5,road_loopA_r0,road_loopA_r1,7696.7,7813.7,117.0,1297.8,39.9,1
6159,car,4.5,road_loopA_r0,road_loopA_r1,7701.4,7815.4,114.0,1297.6,41.0,1
6166,car,4.5,road_loopA_r0,road_loopA_r1,7704.9,7816.1,111.2,1297.7,42.0,1
6173,car,4.5,road_loopA_r0,road_loopA_r1,7714.4,7818.0,103.6,1297.4,45.1,0
6162,car,4.5,road_loopA_r0,road_loopA_r1,7702.4,7821.0,118.6,1297.3,39.4,1
6164,car,4.5,road_loopA_r0,road_loopA_r1,7704.0,7821.7,117.7,1298.1,39.7,0
6176,car,4.5,road_loopA_r0,road_loopA_r1,7717.0,7823.2,106.2,1298.2,44.0,0
6153,suv,4.8,road_loopA_r0,road_loopA_r1,7695.1,7825.6,130.5,1297.9,35.8,1
6179,car,4.5,road_loopA_r0,road_loopA_r1,7719.4,7826.3,106.9,1297.5,43.7,0
6171,car,4.5,road_loopA_r0,road_loopA_r1,7712.5,7827.4,114.9,1298.6,40.7,1
6186,suv,4.8,road_loopA_r0,road_loopA_r1,7722.7,7828.5,105.8,1298.1,44.2,0
6172,car,4.5,road_loopA_r0,road_loopA_r1,7712.7,7829.4,116.7,1297.9,40.0,0
6020,car,4.5,xloopA_0Aa,road_loopA_r1,7554.0,7830.2,276.2,506.7,6.6,1
6181,car,4.5,road_loopA_r0,road_loopA_r1,7720.3,7831.1,110.8,1297.5,42.1,0
6191,suv,4.8,road_loopA_r0,road_loopA_r1,7725.6,7831.2,105.6,1298.4,44.3,0
6151,car,4.5,road_loopA_r0,road_loopA_r1,7692.1,7831.9,139.8,1297.9,33.4,1
6194,car,4.5,road_loopA_r0,road_loopA_r1,7729.4,7832.5,103.1,1297.7,45.3,0
6154,car,4.5,road_loopA_r0,road_loopA_r1,7695.3,7833.6,138.3,1298.5,33.8,1
6174,car,4.5,road_loopA_r0,road_loopA_r1,7715.7,7833.8,118.1,1298.4,39.6,0
6185,car,4.5,road_loopA_r0,road_loopA_r1,7721.7,7834.5,112.8,1298.3,41.5,0
6182,suv,4.8,road_loopA_f0,road_loopA_f1,7720.4,7835.2,114.8,1303.7,40.9,1
6160,car,4.5,road_loopA_r0,road_loopA_r1,7701.8,7835.3,133.5,1298.0,35.0,1
6180,car,4.5,road_loopA_r0,road_loopA_r1,7719.6,7835.6,116.0,1297.6,40.3,0
6204,car,4.5,road_loopA_r0,road_loopA_r1,7744.5,7835.9,91.4,1298.1,51.1,0
6165,car,4.5,road_loopA_f0,road_loopA_f1,7704.5,7836.6,132.1,1303.0,35.5,1
6170,car,4.5,road_loopA_r0,road_loopA_r1,7711.8,7837.0,125.2,1298.2,37.3,0
6196,car,4.5,road_loopA_r0,road_loopA_r1,7731.8,7837.4,105.6,1297.8,44.2,0
6168,suv,4.8,road_loopA_f0,road_loopA_f1,7708.5,7838.3,129.8,1303.1,36.1,1
6200,suv,4.8,road_loopA_f0,road_loopA_f1,7739.7,7838.6,98.9,1303.2,47.4,0
6178,car,4.5,road_loopA_r0,road_loopA_r1,7718.2,7839.0,120.8,1297.8,38.7,0
6188,suv,4.8,road_loopA_r0,road_loopA_r1,7724.7,7840.2,115.5,1298.0,40.4,0
6169,car,4.5,road_loopA_f0,road_loopA_f1,7709.2,7841.5,132.3,1302.9,35.4,1
6206,suv,4.8,road_loopA_r0,road_loopA_r1,7747.6,7842.0,94.4,1297.9,49.5,0
6217,car,4.5,road_loopA_r0,road_loopA_r1,7753.0,7842.1,89.1,1297.8,52.4,0
6065,suv,4.8,road_loopA_r0,xloopA_0Bb,7611.6,7843.1,231.5,895.8,13.9,2
6000,suv,4.8,road_loopA_f0,xloopA_0Ab,7530.6,7843.6,313.0,505.3,5.8,2
6203,car,4.5,road_loopA_f0,road_loopA_f1,7743.5,7843.6,100.1,1303.6,46.9,0
6199,car,4.5,road_loopA_r0,road_loopA_r1,7739.5,7843.9,104.4,1298.1,44.7,0
6205,car,4.5,road_loopA_r0,road_loopA_r1,7747.1,7844.4,97.3,1297.5,48.0,0
6209,car,4.5,road_loopA_f0,road_loopA_f1,7748.6,7844.9,96.3,1303.0,48.7,0
6219,suv,4.8,road_loopA_r0,road_loopA_r1,7754.5,7845.0,90.5,1298.2,51.7,0
6087,car,4.5,road_loopA_r0,xloopA_0Bb,7626.5,7845.7,219.2,895.7,14.7,2
6028,car,4.5,road_loopA_f0,xloopA_0Ab,7561.8,7846.2,284.4,505.1,6.4,2
6220,car,4.5,road_loopA_r0,road_loopA_r1,7756.8,7846.6,89.8,1298.6,52.1,0
6216,car,4.5,road_loopA_f0,road_loopA_f1,7752.7,7847.6,94.9,1303.6,49.5,0
6221,suv,4.8,road_loopA_r0,road_loopA_r1,7757.7,7848.0,90.3,1297.7,51.7,0
6084,car,4.5,road_loopA_r0,xloopA_0Bb,7624.1,7848.3,224.2,895.3,14.4,2
6092,car,4.5,road_loopA_f0,xloopA_0Ab,7630.2,7848.9,218.7,505.3,8.3,2
6218,car,4.5,road_loopA_f0,road_loopA_f1,7754.2,7849.3,95.1,1303.3,49.4,0
6090,car,4.5,road_loopA_r0,xloopA_0Bb,7628.1,7851.0,222.9,895.6,14.5,2
6096,car,4.5,road_loopA_f0,xloopA_0Ab,7635.7,7851.5,215.8,504.9,8.4,2
6222,car,4.5,road_loopA_f0,road_loopA_f1,7758.0,7852.1,94.1,1303.6,49.9,0
6224,car,4.5,road_loopA_r0,road_loopA_r1,7761.0,7853.2,92.2,1297.4,50.7,0
6099,car,4.5,road_loopA_r0,xloopA_0Bb,7638.3,7853.7,215.4,895.8,15.0,2
6210,car,4.5,road_loopA_f0,road_loopA_f1,7750.1,7853.9,103.8,1304.0,45.2,0
6114,car,4.5,road_loopA_f0,xloopA_0Ab,7651.6,7854.2,202.6,505.2,9.0,2
6227,truck,8.5,road_loopA_f0,road_loopA_f1,7763.5,7854.3,90.8,1303.8,51.7,0
6189,car,4.5,road_loopA_f0,road_loopA_f1,7725.1,7854.5,129.4,1303.2,36.3,0
6225,car,4.5,road_loopA_r0,road_loopA_r1,7761.2,7855.1,93.9,1298.1,49.7,0
6228,suv,4.8,road_loopA_f0,road_loopA_f1,7764.9,7856.5,91.6,1303.1,51.2,0
6192,suv,4.8,road_loopA_f0,road_loopA_f1,7726.1,7856.8,130.7,1303.8,35.9,1
6245,car,4.5,xloopA_0Aa,xloopA_0Ab,7784.0,7858.0,74.0,84.2,4.1,1
6214,car,4.5,road_loopA_r0,road_loopA_r1,7752.1,7858.4,106.3,1297.4,43.9,0
6232,car,4.5,xloopA_0Ba,xloopA_0Bb,7772.3,7858.4,86.1,84.8,3.5,1
6195,truck,8.5,road_loopA_f0,road_loopA_f1,7729.9,7858.9,129.0,1303.6,36.4,1
6230,car,4.5,road_loopA_r0,road_loopA_r1,7770.9,7860.0,89.1,1297.7,52.5,0
6271,car,4.5,xloopA_0Aa,xloopA_0Ab,7804.4,7860.5,56.1,84.4,5.4,1
6201,truck,8.5,road_loopA_f0,road_loopA_f1,7740.8,7860.6,119.8,1303.6,39.2,0
6235,car,4.5,xloopA_0Ba,xloopA_0Bb,7776.0,7860.8,84.8,84.2,3.6,1
5962,car,4.5,xloopA_0Aa,road_loopA_f1,7493.6,7861.1,367.5,872.0,8.5,1
6187,suv,4.8,road_loopA_f0,road_loopA_f1,7724.2,7861.7,137.5,1302.9,34.1,1
6223,truck,8.5,road_loopA_f0,road_loopA_f1,7758.2,7863.3,105.1,1302.9,44.6,0
6167,truck,8.5,road_loopA_f0,road_loopA_f1,7707.9,7863.4,155.5,1303.4,30.2,1
6158,bus,11.0,road_loopA_r0,road_loopA_r1,7699.5,7865.1,165.6,1297.6,28.2,2
6197,truck,8.5,road_loopA_f0,road_loopA_f1,7732.6,7866.1,133.5,1303.7,35.2,1
6229,car,4.5,road_loopA_f0,road_loopA_f1,7769.4,7866.3,96.9,1303.0,48.4,0
6243,car,4.5,xloopA_0Ba,xloopA_0Bb,7783.0,7868.4,85.4,84.1,3.5,0
6213,truck,8.5,road_loopA_f0,road_loopA_f1,7751.8,7868.5,116.7,1303.3,40.2,0
6233,car,4.5,road_loopA_f0,road_loopA_f1,7774.0,7868.7,94.7,1304.1,49.6,0
6238,suv,4.8,road_loopA_f0,road_loopA_f1,7780.2,7870.1,89.9,1303.7,52.2,0
6236,car,4.5,road_loopA_f0,road_loopA_f1,7779.7,7874.2,94.5,1303.0,49.6,0
6244,car,4.5,road_loopA_f0,road_loopA_f1,7783.6,7875.9,92.3,1303.1,50.8,0
6246,suv,4.8,road_loopA_f0,road_loopA_f1,7784.8,7876.2,91.4,1304.1,51.4,0
6249,car,4.5,road_loopA_f0,road_loopA_f1,7785.8,7877.9,92.1,1303.9,51.0,0
6253,suv,4.8,road_loopA_f0,road_loopA_f1,7791.9,7881.2,89.3,1303.1,52.5,0
6247,car,4.5,road_loopA_f0,road_loopA_f1,7785.2,7881.6,96.4,1303.9,48.7,0
6252,suv,4.8,road_loopA_f0,road_loopA_f1,7789.6,7884.1,94.5,1303.1,49.6,0
6255,suv,4.8,road_loopA_f0,road_loopA_f1,7793.2,7885.8,92.6,1303.1,50.7,0
6305,car,4.5,road_loopA_f0,xloopA_0Bb,7844.6,7889.3,44.7,478.7,38.6,0
6277,suv,4.8,road_loopA_r0,xloopA_0Ab,7814.8,7894.0,79.2,869.4,39.5,0
6264,suv,4.8,road_loopA_r0,xloopA_0Ab,7799.4,7897.4,98.0,869.3,31.9,1
6231,suv,4.8,road_loopA_r0,road_loopA_r1,7771.0,7905.0,134.0,1297.7,34.9,1
6242,car,4.5,road_loopA_r0,road_loopA_r1,7782.4,7909.0,126.6,1297.9,36.9,1
6226,truck,8.5,road_loopA_r0,road_loopA_r1,7762.6,7911.9,149.3,1298.3,31.3,1
6234,truck,8.5,road_loopA_r0,road_loopA_r1,7774.2,7914.6,140.4,1298.1,33.3,1
6240,suv,4.8,road_loopA_r0,road_loopA_r1,7781.1,7917.6,136.5,1297.7,34.2,1
6251,car,4.5,road_loopA_r0,road_loopA_r1,7787.6,7919.1,131.5,1297.7,35.5,1
6268,car,4.5,road_loopA_r0,road_loopA_r1,7802.8,7919.4,116.6,1298.4,40.1,1
6256,suv,4.8,road_loopA_r0,road_loopA_r1,7793.7,7921.3,127.6,1297.6,36.6,1
6239,car,4.5,xloopA_0Ba,road_loopA_r1,7780.9,7921.8,140.9,476.3,12.2,0
6261,truck,8.5,road_loopA_r0,road_loopA_r1,7797.7,7923.3,125.6,1297.4,37.2,1
6241,car,4.5,road_loopA_r0,road_loopA_r1,7782.1,7923.5,141.4,1298.1,33.1,1
6276,car,4.5,road_loopA_r0,road_loopA_r1,7813.8,7924.8,111.0,1298.0,42.1,0
6248,car,4.5,road_loopA_r0,road_loopA_r1,7785.1,7925.2,140.1,1298.4,33.4,1
6266,car,4.5,road_loopA_r0,road_loopA_r1,7801.0,7925.4,124.4,1297.5,37.6,0
6250,suv,4.8,road_loopA_r0,road_loopA_r1,7786.8,7927.2,140.4,1298.2,33.3,1
6279,car,4.5,road_loopA_r0,road_loopA_r1,7816.9,7927.4,110.5,1298.1,42.3,0
6280,car,4.5,road_loopA_r0,road_loopA_r1,7817.4,7927.9,110.5,1297.7,42.3,0
6262,truck,8.5,road_loopA_r0,road_loopA_r1,7798.8,7929.3,130.5,1297.7,35.8,1
6282,car,4.5,road_loopA_r0,road_loopA_r1,7820.9,7930.1,109.2,1298.6,42.8,0
6278,car,4.5,road_loopA_r0,road_loopA_r1,7815.5,7930.4,114.9,1298.3,40.7,0
6267,car,4.5,road_loopA_r0,road_loopA_r1,7801.7,7931.3,129.6,1297.9,36.1,1
6287,car,4.5,road_loopA_r0,road_loopA_r1,7824.1,7932.1,108.0,1297.5,43.3,0
6293,car,4.5,road_loopA_r0,road_loopA_r1,7831.2,7932.8,101.6,1297.8,46.0,0
6270,suv,4.8,road_loopA_r0,road_loopA_r1,7802.9,7933.0,130.1,1297.8,35.9,0
6284,car,4.5,road_loopA_r0,road_loopA_r1,7822.0,7934.9,112.9,1298.4,41.4,0
6288,suv,4.8,road_loopA_r0,road_loopA_r1,7826.1,7934.9,108.8,1297.5,42.9,0
6115,suv,4.8,road_loopA_r0,xloopA_0Bb,7652.2,7936.6,284.4,896.0,11.3,3
6175,suv,4.8,road_loopA_f0,xloopA_0Ab,7717.1,7937.1,220.0,505.3,8.3,2
6294,car,4.5,road_loopA_r0,road_loopA_r1,7833.2,7937.2,104.0,1297.9,44.9,0
6295,truck,8.5,road_loopA_r0,road_loopA_r1,7834.7,7937.5,102.8,1298.1,45.4,0
6258,truck,8.5,road_loopA_f0,road_loopA_f1,7795.0,7938.8,143.8,1302.8,32.6,1
6190,suv,4.8,road_loopA_r0,xloopA_0Bb,7725.3,7939.2,213.9,895.7,15.1,2
6273,car,4.5,road_loopA_f0,road_loopA_f1,7808.2,7939.3,131.1,1303.1,35.8,1
6183,car,4.5,road_loopA_f0,xloopA_0Ab,7720.7,7939.7,219.0,505.0,8.3,2
6272,car,4.5,road_loopA_f0,road_loopA_f1,7805.3,7940.8,135.5,1303.5,34.6,1
6281,car,4.5,road_loopA_f0,road_loopA_f1,7820.5,7941.4,120.9,1303.5,38.8,1
6198,car,4.5,road_loopA_r0,xloopA_0Bb,7734.9,7941.9,207.0,895.7,15.6,2
6193,car,4.5,road_loopA_f0,xloopA_0Ab,7727.4,7942.4,215.0,505.3,8.5,2
6254,car,4.5,road_loopA_f0,road_loopA_f1,7792.4,7943.3,150.9,1302.9,31.1,1
6265,car,4.5,road_loopA_f0,road_loopA_f1,7800.8,7943.8,143.0,1303.7,32.8,1
6309,car,4.5,road_loopA_r0,road_loopA_r1,7848.4,7944.1,95.7,1298.4,48.9,0
6211,suv,4.8,road_loopA_r0,xloopA_0Bb,7750.4,7944.6,194.2,895.8,16.6,2
6202,truck,8.5,road_loopA_f0,xloopA_0Ab,7743.3,7945.9,202.6,505.4,9.0,2
6314,car,4.5,road_loopA_r0,road_loopA_r1,7856.3,7946.5,90.2,1298.3,51.8,0
6212,suv,4.8,road_loopA_r0,xloopA_0Bb,7751.3,7947.3,196.0,895.8,16.5,2
6316,car,4.5,road_loopA_r0,road_loopA_r1,7857.5,7949.3,91.8,1297.3,50.8,0
6302,truck,8.5,road_loopA_r0,road_loopA_r1,7842.8,7950.5,107.7,1297.7,43.4,0
6344,car,4.5,xloopA_0Aa,xloopA_0Ab,7883.4,7951.9,68.5,84.6,4.4,1
6320,suv,4.8,road_loopA_r0,road_loopA_r1,7861.5,7952.3,90.8,1297.3,51.4,0
6312,truck,8.5,road_loopA_r0,road_loopA_r1,7852.9,7953.6,100.7,1298.2,46.4,0
6285,suv,4.8,road_loopA_f0,road_loopA_f1,7822.5,7953.8,131.3,1303.3,35.7,1
6321,suv,4.8,road_loopA_r0,road_loopA_r1,7861.6,7954.4,92.8,1297.3,50.3,0
6371,car,4.5,xloopA_0Aa,xloopA_0Ab,7903.5,7955.1,51.6,84.5,5.9,1
6308,car,4.5,road_loopA_r0,road_loopA_r1,7847.3,7955.4,108.1,1297.3,43.2,0
6263,car,4.5,xloopA_0Ba,xloopA_0Bb,7799.3,7955.4,156.1,84.2,1.9,1
6290,car,4.5,road_loopA_f0,road_loopA_f1,7828.5,7955.9,127.4,1304.0,36.8,1
6283,suv,4.8,road_loopA_f0,road_loopA_f1,7821.9,7957.3,135.4,1303.8,34.7,1
6304,car,4.5,xloopA_0Ba,xloopA_0Bb,7844.5,7957.4,112.9,84.0,2.7,1
6411,car,4.5,xloopA_0Aa,xloopA_0Ab,7934.9,7958.1,23.2,84.3,13.1,0
6297,suv,4.8,road_loopA_f0,road_loopA_f1,7835.4,7958.3,122.9,1302.9,38.2,1
6274,car,4.5,road_loopA_f0,road_loopA_f1,7808.3,7959.0,150.7,1303.0,31.1,1
6292,suv,4.8,road_loopA_f0,road_loopA_f1,7829.9,7959.0,129.1,1304.0,36.4,1
6327,car,4.5,xloopA_0Ba,xloopA_0Bb,7865.6,7959.6,94.0,84.8,3.2,0
6289,car,4.5,road_loopA_f0,road_loopA_f1,7826.3,7960.2,133.9,1303.7,35.1,1
6299,car,4.5,road_loopA_f0,road_loopA_f1,7838.4,7960.7,122.3,1303.2,38.4,1
6286,truck,8.5,road_loopA_f0,road_loopA_f1,7822.7,7961.3,138.6,1303.0,33.9,1
6330,car,4.5,xloopA_0Ba,xloopA_0Bb,7871.2,7961.6,90.4,84.0,3.3,0
6303,car,4.5,road_loopA_f0,road_loopA_f1,7843.8,7962.5,118.7,1303.4,39.5,0
6301,car,4.5,road_loopA_f0,road_loopA_f1,7841.7,7962.9,121.2,1303.2,38.7,0
6307,suv,4.8,road_loopA_f0,road_loopA_f1,7846.2,7964.4,118.2,1304.1,39.7,0
6324,car,4.5,road_loopA_f0,road_loopA_f1,7864.0,7964.7,100.7,1303.8,46.6,0
6310,suv,4.8,road_loopA_f0,road_loopA_f1,7849.6,7966.2,116.6,1303.1,40.2,0
6311,car,4.5,road_loopA_f0,road_loopA_f1,7849.9,7968.2,118.3,1303.2,39.7,0
6306,truck,8.5,road_loopA_f0,road_loopA_f1,7845.5,7968.4,122.9,1303.7,38.2,0
6296,car,4.5,road_loopA_f0,road_loopA_f1,7834.8,7969.9,135.1,1303.8,34.7,1
6325,suv,4.8,road_loopA_f0,road_loopA_f1,7864.0,7970.1,106.1,1302.9,44.2,0
6323,car,4.5,road_loopA_f0,road_loopA_f1,7862.1,7970.4,108.3,1303.2,43.3,0
6329,suv,4.8,road_loopA_f0,road_loopA_f1,7869.4,7974.1,104.7,1303.5,44.8,0
6331,car,4.5,road_loopA_f0,road_loopA_f1,7873.7,7975.0,101.3,1303.7,46.4,0
6339,suv,4.8,road_loopA_f0,road_loopA_f1,7877.8,7975.8,98.0,1303.4,47.9,0
6319,car,4.5,road_loopA_f0,road_loopA_f1,7861.4,7976.4,115.0,1303.7,40.8,0
6341,car,4.5,road_loopA_f0,road_loopA_f1,7880.2,7977.6,97.4,1302.9,48.1,0
6332,car,4.5,road_loopA_f0,road_loopA_f1,7873.8,7978.8,105.0,1303.1,44.7,0
6315,car,4.5,road_loopA_r0,xloopA_0Ab,7856.7,7979.0,122.3,869.2,25.6,3
6358,car,4.5,road_loopA_f0,xloopA_0Bb,7895.4,7979.3,83.9,478.7,20.6,2
6333,suv,4.8,road_loopA_f0,road_loopA_f1,7874.2,7979.4,105.2,1303.6,44.6,0
6348,suv,4.8,road_loopA_f0,road_loopA_f1,7887.7,7979.4,91.7,1302.9,51.1,0
6347,car,4.5,road_loopA_f0,road_loopA_f1,7887.1,7981.0,93.9,1303.5,50.0,0
6328,car,4.5,road_loopA_f0,road_loopA_f1,7868.1,7981.9,113.8,1304.1,41.3,0
6353,car,4.5,road_loopA_r0,xloopA_0Ab,7893.0,7982.6,89.6,869.0,34.9,2
6317,car,4.5,road_loopA_f0,road_loopA_f1,7857.9,7982.8,124.9,1302.8,37.6,0
6363,car,4.5,road_loopA_f0,xloopA_0Bb,7899.3,7985.9,86.6,478.6,19.9,2
6259,suv,4.8,road_loopA_f0,road_loopA_f1,7796.0,7986.0,190.0,1303.6,24.7,1
6337,suv,4.8,road_loopA_f0,road_loopA_f1,7876.6,7987.4,110.8,1302.8,42.3,0
6298,car,4.5,road_loopA_f0,road_loopA_f1,7836.2,7987.6,151.4,1304.0,31.0,1
6318,suv,4.8,road_loopA_f0,road_loopA_f1,7859.8,7988.7,128.9,1303.8,36.4,0
6362,car,4.5,road_loopA_r0,xloopA_0Ab,7899.2,7989.3,90.1,869.1,34.7,0
6291,suv,4.8,road_loopA_f0,road_loopA_f1,7829.5,7990.4,160.9,1303.3,29.2,1
6237,car,4.5,xloopA_0Ba,road_loopA_f1,7780.1,7993.1,213.0,902.5,15.3,1
6269,suv,4.8,road_loopA_f0,road_loopA_f1,7802.9,7994.8,191.9,1303.7,24.5,1
6334,car,4.5,road_loopA_r0,road_loopA_r1,7874.3,7995.9,121.6,1298.3,38.4,1
6340,car,4.5,road_loopA_r0,road_loopA_r1,7879.9,7998.9,119.0,1297.4,39.3,1
6260,bus,11.0,road_loopA_f0,road_loopA_f1,7797.2,8002.1,204.9,1303.4,22.9,3
6326,truck,8.5,road_loopA_r0,road_loopA_r1,7865.4,8002.2,136.8,1297.8,34.1,1
6345,suv,4.8,road_loopA_r0,road_loopA_r1,7885.9,8002.6,116.7,1297.5,40.0,1
6349,car,4.5,road_loopA_r0,road_loopA_r1,7887.8,8004.5,116.7,1297.4,40.0,1
6434,suv,4.8,road_loopA_f0,xloopA_0Bb,7949.0,8004.7,55.7,479.1,31.0,0
6335,car,4.5,road_loopA_r0,road_loopA_r1,7875.9,8007.2,131.3,1297.8,35.6,1
6364,suv,4.8,road_loopA_r0,road_loopA_r1,7899.6,8007.2,107.6,1297.8,43.4,1
6440,car,4.5,road_loopA_f0,xloopA_0Bb,7953.4,8008.2,54.8,478.7,31.4,0
6356,suv,4.8,road_loopA_r0,road_loopA_r1,7894.3,8010.1,115.8,1297.4,40.3,1
6346,suv,4.8,road_loopA_r0,road_loopA_r1,7886.0,8010.4,124.4,1297.9,37.6,1
6257,car,4.5,xloopA_0Ba,road_loopA_r1,7793.7,8011.4,217.7,476.2,7.9,1
6367,car,4.5,road_loopA_r0,road_loopA_r1,7901.0,8013.1,112.1,1297.7,41.7,0
6350,car,4.5,road_loopA_r0,road_loopA_r1,7888.0,8013.8,125.8,1298.0,37.1,1
6373,car,4.5,road_loopA_r0,road_loopA_r1,7904.7,8015.6,110.9,1297.9,42.1,0
6343,suv,4.8,road_loopA_r0,road_loopA_r1,7882.8,8016.0,133.2,1297.8,35.1,1
6376,car,4.5,road_loopA_r0,road_loopA_r1,7907.6,8017.3,109.7,1297.9,42.6,0
6357,suv,4.8,road_loopA_r0,road_loopA_r1,7894.6,8017.5,122.9,1298.2,38.0,0
6393,car,4.5,xloopA_0Aa,road_loopA_r1,7919.7,8018.5,98.8,506.9,18.5,1
6361,truck,8.5,road_loopA_r0,road_loopA_r1,7898.9,8019.6,120.7,1298.1,38.7,0
6336,car,4.5,road_loopA_r0,road_loopA_r1,7876.3,8020.2,143.9,1297.8,32.5,1
6379,suv,4.8,road_loopA_r0,road_loopA_r1,7908.8,8020.8,112.0,1297.5,41.7,0
6369,car,4.5,road_loopA_r0,road_loopA_r1,7902.2,8021.6,119.4,1298.4,39.1,0
6394,truck,8.5,road_loopA_r0,road_loopA_r1,7919.7,8022.2,102.5,1298.2,45.6,0
6360,truck,8.5,road_loopA_r0,road_loopA_r1,7897.9,8022.4,124.5,1297.5,37.5,0
6368,car,4.5,road_loopA_f0,road_loopA_f1,7901.0,8023.3,122.3,1303.8,38.4,1
6374,truck,8.5,road_loopA_r0,road_loopA_r1,7905.3,8024.1,118.8,1297.7,39.3,0
6384,car,4.5,road_loopA_r0,road_loopA_r1,7911.0,8024.7,113.7,1297.6,41.1,0
6399,suv,4.8,road_loopA_r0,road_loopA_r1,7924.5,8024.8,100.3,1298.2,46.6,0
6366,suv,4.8,road_loopA_f0,road_loopA_f1,7900.7,8025.1,124.4,1303.2,37.7,1
6355,car,4.5,road_loopA_f0,road_loopA_f1,7894.1,8025.4,131.3,1302.8,35.7,1
6351,car,4.5,road_loopA_r0,road_loopA_r1,7888.9,8026.4,137.5,1298.5,34.0,1
6377,truck,8.5,road_loopA_r0,road_loopA_r1,7907.8,8026.5,118.7,1297.7,39.4,0
6372,car,4.5,road_loopA_f0,road_loopA_f1,7904.4,8027.2,122.8,1303.0,38.2,1
6338,bus,11.0,road_loopA_r0,road_loopA_r1,7877.1,8027.7,150.6,1298.2,31.0,2
6381,car,4.5,road_loopA_r0,road_loopA_r1,7909.4,8028.0,118.6,1298.2,39.4,1
6386,car,4.5,road_loopA_f0,road_loopA_f1,7913.3,8028.5,115.2,1302.8,40.7,1
6380,car,4.5,road_loopA_r0,road_loopA_r1,7909.3,8028.9,119.6,1297.4,39.1,0
6375,car,4.5,road_loopA_r0,road_loopA_r1,7905.9,8029.4,123.5,1297.6,37.8,1
6388,car,4.5,road_loopA_f0,road_loopA_f1,7915.6,8029.7,114.1,1304.0,41.1,1
6300,car,4.5,road_loopA_r0,xloopA_0Bb,7839.1,8030.0,190.9,895.4,16.9,2
6402,suv,4.8,road_loopA_r0,road_loopA_r1,7929.2,8030.4,101.2,1297.3,46.2,0
6207,suv,4.8,road_loopA_f0,xloopA_0Ab,7747.8,8030.6,282.8,505.4,6.4,3
6390,truck,8.5,road_loopA_r0,road_loopA_r1,7917.7,8031.2,113.5,1298.2,41.2,0
6421,car,4.5,road_loopA_r0,road_loopA_r1,7940.3,8032.2,91.9,1298.6,50.9,0
6313,car,4.5,road_loopA_r0,xloopA_0Bb,7855.9,8032.6,176.7,895.4,18.2,2
6392,car,4.5,road_loopA_f0,road_loopA_f1,7919.2,8032.9,113.7,1303.4,41.3,1
6275,car,4.5,road_loopA_f0,xloopA_0Ab,7811.5,8033.2,221.7,505.1,8.2,2
6370,truck,8.5,road_loopA_f0,road_loopA_f1,7902.6,8033.5,130.9,1303.4,35.8,1
1712,tram,34.0,loopA,loopA,3658.9,8033.9,4375.0,33703.2,27.7,40
6404,suv,4.8,road_loopA_r0,xloopA_0Bb,7931.7,8035.3,103.6,895.6,31.1,1
6400,suv,4.8,road_loopA_f0,road_loopA_f1,7925.2,8035.5,110.3,1303.6,42.6,1
6431,car,4.5,road_loopA_r0,road_loopA_r1,7945.9,8035.8,89.9,1297.4,52.0,0
6322,car,4.5,road_loopA_f0,xloopA_0Ab,7862.0,8035.9,173.9,505.4,10.5,2
6395,car,4.5,road_loopA_r0,road_loopA_r1,7921.6,8036.4,114.8,1298.0,40.7,0
6416,suv,4.8,road_loopA_r0,road_loopA_r1,7937.5,8037.0,99.5,1297.3,46.9,0
6396,car,4.5,road_loopA_f0,road_loopA_f1,7921.7,8038.0,116.3,1303.1,40.3,1
6408,suv,4.8,road_loopA_f0,road_loopA_f1,7932.5,8038.3,105.8,1304.0,44.4,1
6430,car,4.5,road_loopA_r0,road_loopA_r1,7945.9,8038.4,92.5,1298.0,50.5,0
6342,suv,4.8,road_loopA_f0,xloopA_0Ab,7881.6,8038.6,157.0,505.6,11.6,2
6401,truck,8.5,road_loopA_r0,road_loopA_r1,7927.7,8038.6,110.9,1297.4,42.1,0
6426,car,4.5,road_loopA_r0,road_loopA_r1,7942.9,8038.9,96.0,1298.5,48.7,0
6409,car,4.5,road_loopA_f0,road_loopA_f1,7933.8,8040.1,106.3,1302.8,44.1,0
6389,car,4.5,road_loopA_f0,road_loopA_f1,7916.6,8040.4,123.8,1303.7,37.9,1
6398,car,4.5,road_loopA_f0,road_loopA_f1,7923.4,8040.6,117.2,1303.8,40.0,1
6405,car,4.5,road_loopA_r0,road_loopA_r1,7932.1,8040.7,108.6,1298.3,43.0,0
6359,suv,4.8,road_loopA_f0,xloopA_0Ab,7896.8,8041.3,144.5,505.5,12.6,1
6419,car,4.5,road_loopA_r0,road_loopA_r1,7939.6,8041.5,101.9,1298.1,45.8,0
6413,car,4.5,road_loopA_f0,road_loopA_f1,7935.7,8042.6,106.9,1303.5,43.9,0
6397,car,4.5,road_loopA_f0,road_loopA_f1,7922.7,8042.7,120.0,1304.0,39.1,1
6439,car,4.5,xloopA_0Aa,xloopA_0Ab,7952.9,8045.3,92.4,84.7,3.3,1
6378,truck,8.5,road_loopA_f0,road_loopA_f1,7908.1,8045.5,137.4,1303.3,34.2,1
6429,truck,8.5,road_loopA_r0,road_loopA_r1,7945.0,8047.3,102.3,1297.8,45.7,0
6435,suv,4.8,road_loopA_f0,road_loopA_f1,7950.7,8048.3,97.6,1304.1,48.1,0
6382,car,4.5,xloopA_0Ba,xloopA_0Bb,7909.9,8048.6,138.7,84.0,2.2,1
6415,suv,4.8,road_loopA_f0,road_loopA_f1,7937.3,8048.9,111.6,1303.3,42.0,0
6352,bus,11.0,road_loopA_r0,road_loopA_r1,7889.5,8049.5,160.0,1297.8,29.2,2
6432,truck,8.5,road_loopA_r0,road_loopA_r1,7947.1,8049.8,102.7,1297.9,45.5,0
6422,suv,4.8,road_loopA_f0,road_loopA_f1,7940.7,8050.8,110.1,1303.8,42.6,0
6385,car,4.5,xloopA_0Ba,xloopA_0Bb,7912.8,8050.8,138.0,84.5,2.2,1
6437,car,4.5,road_loopA_f0,road_loopA_f1,7952.1,8052.1,100.0,1302.9,46.9,0
6494,car,4.5,xloopA_0Aa,xloopA_0Ab,8006.8,8052.6,45.8,84.1,6.6,0
6425,suv,4.8,road_loopA_f0,road_loopA_f1,7941.8,8052.7,110.9,1303.5,42.3,0
6406,car,4.5,xloopA_0Ba,xloopA_0Bb,7932.2,8052.8,120.6,84.4,2.5,0
6428,car,4.5,road_loopA_f0,road_loopA_f1,7945.0,8053.1,108.1,1302.9,43.4,0
6442,suv,4.8,road_loopA_f0,road_loopA_f1,7956.1,8054.0,97.9,1304.0,47.9,0
6502,car,4.5,xloopA_0Aa,xloopA_0Ab,8023.9,8054.5,30.6,84.4,9.9,0
6446,car,4.5,xloopA_0Ba,xloopA_0Bb,7960.8,8054.9,94.1,84.4,3.2,0
6441,suv,4.8,road_loopA_f0,road_loopA_f1,7955.9,8056.0,100.1,1304.1,46.9,0
6436,truck,8.5,road_loopA_f0,road_loopA_f1,7950.9,8056.5,105.6,1303.0,44.4,0
6438,truck,8.5,road_loopA_f0,road_loopA_f1,7952.7,8058.2,105.5,1303.6,44.5,0
6427,car,4.5,road_loopA_f0,road_loopA_f1,7943.8,8058.4,114.6,1303.8,40.9,0
6417,car,4.5,road_loopA_f0,road_loopA_f1,7937.6,8060.6,123.0,1303.3,38.1,0
6403,car,4.5,road_loopA_f0,road_loopA_f1,7930.6,8060.8,130.2,1303.2,36.0,0
6455,car,4.5,road_loopA_f0,road_loopA_f1,7967.6,8061.0,93.4,1302.8,50.2,0
6414,car,4.5,road_loopA_f0,road_loopA_f1,7937.0,8062.5,125.5,1303.8,37.4,0
6424,suv,4.8,road_loopA_f0,road_loopA_f1,7941.1,8062.8,121.7,1303.2,38.5,0
6418,car,4.5,road_loopA_f0,road_loopA_f1,7939.5,8063.8,124.3,1304.1,37.8,1
6420,car,4.5,road_loopA_f0,road_loopA_f1,7940.2,8064.3,124.1,1303.7,37.8,0
6410,bus,11.0,road_loopA_f0,road_loopA_f1,7934.8,8064.4,129.6,1302.9,36.2,0
6449,car,4.5,road_loopA_f0,road_loopA_f1,7963.4,8066.2,102.8,1303.2,45.7,0
6451,car,4.5,road_loopA_f0,road_loopA_f1,7964.0,8066.6,102.6,1302.8,45.7,0
6457,car,4.5,road_loopA_f0,road_loopA_f1,7976.8,8067.1,90.3,1302.8,51.9,0
6453,car,4.5,road_loopA_f0,road_loopA_f1,7966.0,8067.9,101.9,1303.6,46.1,0
6456,car,4.5,road_loopA_f0,road_loopA_f1,7969.0,8069.5,100.5,1303.2,46.7,0
6459,suv,4.8,road_loopA_f0,road_loopA_f1,7980.4,8069.8,89.4,1302.9,52.5,0
6471,car,4.5,road_loopA_f0,xloopA_0Bb,7991.7,8075.0,83.3,478.7,20.7,1
6461,suv,4.8,road_loopA_r0,xloopA_0Ab,7982.1,8075.1,93.0,869.4,33.7,1
6383,bus,11.0,road_loopA_f0,road_loopA_f1,7910.8,8077.4,166.6,1303.1,28.2,5
6423,bus,11.0,road_loopA_f0,road_loopA_f1,7940.9,8080.1,139.2,1303.8,33.7,0
6444,suv,4.8,road_loopA_r0,road_loopA_r1,7956.9,8092.3,135.4,1297.9,34.5,1
6447,car,4.5,road_loopA_r0,road_loopA_r1,7962.3,8092.5,130.2,1298.1,35.9,1
6450,car,4.5,road_loopA_r0,road_loopA_r1,7963.8,8094.1,130.3,1298.1,35.9,1
6448,truck,8.5,road_loopA_r0,road_loopA_r1,7962.4,8099.7,137.3,1297.3,34.0,1
6433,suv,4.8,road_loopA_r0,road_loopA_r1,7947.8,8100.4,152.6,1297.9,30.6,1
6478,car,4.5,road_loopA_r0,road_loopA_r1,7995.5,8101.2,105.7,1298.0,44.2,0
6464,car,4.5,road_loopA_r0,road_loopA_r1,7986.1,8101.4,115.3,1297.8,40.5,0
6391,bus,11.0,road_loopA_f0,road_loopA_f1,7918.2,8103.1,184.9,1303.1,25.4,5
6463,bus,11.0,road_loopA_r0,road_loopA_r1,7985.7,8103.9,118.2,1297.9,39.5,1
6462,car,4.5,road_loopA_r0,road_loopA_r1,7984.7,8104.8,120.1,1297.7,38.9,0
6466,suv,4.8,road_loopA_r0,road_loopA_r1,7987.4,8106.0,118.6,1298.0,39.4,0
6490,suv,4.8,road_loopA_r0,road_loopA_r1,8002.9,8107.1,104.2,1298.6,44.9,0
6468,car,4.5,road_loopA_r0,road_loopA_r1,7990.6,8107.2,116.6,1298.2,40.1,0
6354,bus,11.0,road_loopA_f0,road_loopA_f1,7894.1,8107.4,213.3,1303.2,22.0,4
6445,car,4.5,xloopA_0Aa,road_loopA_r1,7957.2,8107.7,150.5,506.8,12.1,1
6492,car,4.5,road_loopA_r0,road_loopA_r1,8005.2,8108.7,103.5,1297.8,45.2,0
6487,car,4.5,road_loopA_r0,road_loopA_r1,8001.2,8109.3,108.1,1298.3,43.2,0
6475,car,4.5,road_loopA_r0,road_loopA_r1,7993.9,8109.8,115.9,1297.4,40.3,0
6484,suv,4.8,road_loopA_r0,road_loopA_r1,7999.5,8110.8,111.3,1297.9,42.0,0
6501,car,4.5,road_loopA_r0,road_loopA_r1,8019.2,8111.0,91.8,1298.0,50.9,0
6495,truck,8.5,road_loopA_r0,road_loopA_r1,8006.8,8112.3,105.5,1297.8,44.3,0
6498,truck,8.5,road_loopA_r0,road_loopA_r1,8013.1,8114.1,101.0,1298.1,46.3,0
6500,suv,4.8,road_loopA_r0,road_loopA_r1,8013.6,8114.3,100.7,1297.4,46.4,0
6472,car,4.5,road_loopA_f0,road_loopA_f1,7991.8,8121.5,129.7,1302.8,36.2,1
6465,car,4.5,road_loopA_f0,road_loopA_f1,7987.2,8122.8,135.6,1303.5,34.6,1
6510,suv,4.8,road_loopA_r0,road_loopA_r1,8034.1,8123.1,89.0,1297.3,52.5,0
6485,car,4.5,road_loopA_r0,xloopA_0Bb,8000.7,8123.5,122.8,895.3,26.3,1
6387,car,4.5,road_loopA_f0,xloopA_0Ab,7913.8,8124.1,210.3,505.4,8.7,2
6469,car,4.5,road_loopA_f0,road_loopA_f1,7990.7,8124.7,134.0,1303.8,35.0,1
6505,car,4.5,road_loopA_r0,xloopA_0Bb,8025.6,8126.1,100.5,895.3,32.1,1
6407,suv,4.8,road_loopA_f0,xloopA_0Ab,7932.5,8126.7,194.2,505.4,9.4,2
6513,suv,4.8,road_loopA_r0,road_loopA_r1,8037.9,8126.9,89.0,1297.3,52.5,0
6481,car,4.5,road_loopA_f0,road_loopA_f1,7998.3,8127.0,128.7,1303.8,36.5,1
6489,car,4.5,road_loopA_f0,road_loopA_f1,8001.6,8128.0,126.4,1303.8,37.1,1
6474,car,4.5,road_loopA_f0,road_loopA_f1,7994.0,8128.7,134.7,1303.4,34.8,1
6488,suv,4.8,road_loopA_f0,road_loopA_f1,8001.3,8128.7,127.4,1304.0,36.9,1
6452,suv,4.8,road_loopA_f0,xloopA_0Ab,7965.8,8129.4,163.6,505.3,11.1,2
6493,car,4.5,road_loopA_f0,road_loopA_f1,8006.5,8130.9,124.4,1304.0,37.7,1
6467,car,4.5,road_loopA_f0,road_loopA_f1,7987.8,8131.0,143.2,1303.5,32.8,1
6509,car,4.5,road_loopA_f0,xloopA_0Ab,8033.2,8132.1,98.9,505.2,18.4,1
6538,car,4.5,road_loopA_f0,xloopA_0Ab,8063.6,8134.7,71.1,504.9,25.6,1
6518,car,4.5,road_loopA_r0,road_loopA_r1,8046.3,8135.2,88.9,1297.3,52.5,0
6497,suv,4.8,road_loopA_f0,road_loopA_f1,8011.8,8136.2,124.4,1303.2,37.7,1
6522,car,4.5,road_loopA_r0,road_loopA_r1,8048.7,8137.7,89.0,1297.3,52.5,0
6521,car,4.5,road_loopA_r0,road_loopA_r1,8048.0,8138.2,90.2,1298.3,51.8,0
6480,truck,8.5,road_loopA_f0,road_loopA_f1,7997.6,8138.3,140.7,1303.2,33.4,1
6454,car,4.5,xloopA_0Ba,xloopA_0Bb,7966.9,8138.5,171.6,84.7,1.8,1
6496,car,4.5,road_loopA_f0,road_loopA_f1,8007.4,8139.5,132.1,1303.1,35.5,1
6523,car,4.5,road_loopA_r0,road_loopA_r1,8049.8,8139.8,90.0,1297.4,51.9,0
6483,car,4.5,road_loopA_f0,road_loopA_f1,7999.0,8140.3,141.3,1303.2,33.2,1
6365,car,4.5,xloopA_0Ba,road_loopA_f1,7900.7,8141.5,240.8,902.3,13.5,1
6525,car,4.5,road_loopA_r0,road_loopA_r1,8051.5,8141.5,90.0,1297.6,51.9,0
6524,car,4.5,road_loopA_r0,road_loopA_r1,8050.9,8141.7,90.8,1298.5,51.5,0
6470,suv,4.8,road_loopA_f0,road_loopA_f1,7991.1,8142.2,151.1,1303.6,31.1,1
6506,suv,4.8,road_loopA_f0,road_loopA_f1,8025.6,8142.4,116.8,1304.1,40.2,0
6508,car,4.5,xloopA_0Ba,xloopA_0Bb,8032.3,8142.8,110.5,84.6,2.8,1
6479,car,4.5,road_loopA_f0,road_loopA_f1,7997.6,8143.7,146.1,1303.7,32.1,1
6563,car,4.5,xloopA_0Aa,xloopA_0Ab,8088.3,8146.4,58.1,84.2,5.2,0
6507,suv,4.8,road_loopA_f0,road_loopA_f1,8030.1,8146.9,116.8,1303.7,40.2,0
6486,car,4.5,road_loopA_f0,road_loopA_f1,8001.1,8147.2,146.1,1302.9,32.1,1
6504,car,4.5,road_loopA_f0,road_loopA_f1,8025.6,8148.2,122.6,1304.0,38.3,0
6517,car,4.5,road_loopA_f0,road_loopA_f1,8043.6,8149.8,106.2,1302.8,44.2,0
6511,car,4.5,road_loopA_f0,road_loopA_f1,8036.7,8150.3,113.6,1303.9,41.3,0
6514,car,4.5,road_loopA_f0,road_loopA_f1,8040.5,8152.3,111.8,1303.6,42.0,0
6515,suv,4.8,road_loopA_f0,road_loopA_f1,8040.9,8152.7,111.8,1303.8,42.0,0
6520,car,4.5,road_loopA_f0,road_loopA_f1,8047.4,8154.3,106.9,1304.0,43.9,0
6530,car,4.5,road_loopA_f0,road_loopA_f1,8056.8,8154.8,98.0,1303.6,47.9,0
6532,car,4.5,road_loopA_f0,road_loopA_f1,8057.7,8156.1,98.4,1303.7,47.7,0
6516,car,4.5,road_loopA_f0,road_loopA_f1,8042.3,8156.5,114.2,1303.0,41.1,0
6539,car,4.5,road_loopA_f0,road_loopA_f1,8066.2,8158.2,92.0,1302.9,51.0,0
6476,car,4.5,road_loopA_f0,road_loopA_f1,7994.1,8158.6,164.5,1302.9,28.5,1
6482,truck,8.5,road_loopA_f0,road_loopA_f1,7998.4,8163.2,164.8,1303.4,28.5,1
6512,truck,8.5,road_loopA_f0,road_loopA_f1,8037.6,8163.3,125.7,1302.8,37.3,0
6546,suv,4.8,road_loopA_f0,xloopA_0Bb,8076.2,8163.3,87.1,479.0,19.8,2
6473,suv,4.8,road_loopA_f0,road_loopA_f1,7993.7,8165.8,172.1,1303.6,27.3,1
6503,car,4.5,road_loopA_f0,road_loopA_f1,8024.9,8166.0,141.1,1303.8,33.3,0
6570,car,4.5,road_loopA_f0,xloopA_0Bb,8097.4,8167.0,69.6,478.8,24.8,2
6542,car,4.5,road_loopA_f0,road_loopA_f1,8069.5,8167.4,97.9,1303.2,47.9,0
6545,car,4.5,road_loopA_f0,road_loopA_f1,8072.1,8167.6,95.5,1303.0,49.1,0
6548,suv,4.8,road_loopA_f0,road_loopA_f1,8076.9,8169.6,92.7,1303.7,50.6,0
6443,car,4.5,xloopA_0Aa,road_loopA_f1,7956.8,8172.5,215.7,872.2,14.6,1
6460,bus,11.0,road_loopA_f0,road_loopA_f1,7981.3,8175.4,194.1,1303.1,24.2,2
6526,car,4.5,road_loopA_r0,road_loopA_r1,8051.7,8181.6,129.9,1298.3,36.0,1
6564,car,4.5,road_loopA_r0,xloopA_0Ab,8089.1,8181.7,92.6,869.1,33.8,1
6531,suv,4.8,road_loopA_r0,road_loopA_r1,8057.2,8183.6,126.4,1297.8,37.0,1
6535,car,4.5,road_loopA_r0,road_loopA_r1,8058.5,8183.7,125.2,1297.9,37.3,1
6477,car,4.5,road_loopA_f0,road_loopA_f1,7994.6,8184.8,190.2,1302.9,24.7,1
6537,car,4.5,road_loopA_r0,road_loopA_r1,8060.7,8189.3,128.6,1298.5,36.4,1
6527,car,4.5,road_loopA_r0,road_loopA_r1,8053.5,8189.6,136.1,1297.8,34.3,1
6499,bus,11.0,road_loopA_f0,road_loopA_f1,8013.4,8192.1,178.7,1303.4,26.3,2
6543,car,4.5,road_loopA_r0,road_loopA_r1,8071.5,8192.1,120.6,1297.9,38.7,1
6533,car,4.5,road_loopA_r0,road_loopA_r1,8058.0,8192.7,134.7,1298.2,34.7,1
6534,car,4.5,road_loopA_r0,road_loopA_r1,8058.4,8193.8,135.4,1298.0,34.5,1
6540,car,4.5,road_loopA_r0,road_loopA_r1,8068.5,8193.9,125.4,1297.8,37.2,1
6549,car,4.5,xloopA_0Aa,road_loopA_r1,8078.2,8196.5,118.3,506.6,15.4,1
6554,car,4.5,road_loopA_r0,road_loopA_r1,8082.2,8198.0,115.8,1298.3,40.4,0
6556,car,4.5,road_loopA_r0,road_loopA_r1,8082.7,8199.4,116.7,1298.2,40.0,0
